method,delta_roc_auc_vs_traditional,delta_roc_auc_ci_low,delta_roc_auc_ci_high,delta_precision_at_top10,delta_precision_at_top10_ci_low,delta_precision_at_top10_ci_high
mlp,0.33538073115454803,0.321957465858391,0.34901147194545523,0.33874709976798134,0.3156053287936973,0.39613558211888006
gradient_boosted_trees,0.3288674156577539,0.3087363477543201,0.3461029898059647,0.3503480278422273,0.3290870488322718,0.405112528132033
ridge,0.2375786090729486,0.22388617996972032,0.252959800072392,0.28770301624129924,0.2622773688950159,0.35101741716227697
atom_gated_cnn,0.21046269130764805,0.18820457881234737,0.22691338541591755,0.271461716937355,0.2468172112283431,0.3323795180722891
cnn1d,0.2060027669963017,0.18103980622872645,0.22364546007469804,0.2761020881670533,0.24703248792836716,0.33597667697818295
