taxon,rows,positive_fraction,enrichment_vs_base
broad_or_saturated,623,0.5393258426966292,1.0786516852359551
delayed_peak_or_tail,692,0.6430635838150289,1.2861271670578036
dropout_step,61,0.5901639344262295,1.1803278684918033
early_pretrigger,1147,0.4803836094158675,0.9607672189102007
nominal_shape,829,0.3691194209891435,0.7382388425018095
template_mismatch,958,0.5020876826722338,1.004175365336117
