support_atom,method,n_pair_rows,n_runs,accepted_support_fraction,support_pass,median_bias_ns,residual_envelope_low_ns,residual_envelope_high_ns,sigma68_ns,full_rms_ns,tail_fraction_abs_gt_5ns,mean_abs_pair_cov_ns2,covariance_component_error_ns2,run_family,topology,b2_saturation_depth_bin,q_template_shift_bin,amplitude_bin,baseline_bin,pileup_bin
sample_ii_analysis|B2_containing|sat=none|q=low|amp=low|base=nominal_baseline|pile=not_pileup_like,cnn_1d,4660,7,0.07116242135483476,True,-1.622476703227278,-11.338211530781425,4.575290367420882,2.9890484239443995,5.821548864369666,0.11030042918454935,8.955061376560595,6.290787154646614,sample_ii_analysis,B2_containing,none,low,low,nominal_baseline,not_pileup_like
sample_ii_analysis|B2_containing|sat=none|q=low|amp=low|base=nominal_baseline|pile=not_pileup_like,extra_trees_s05e_dynamic,4660,7,0.07116242135483476,True,-0.28251242068224813,-7.471102523731296,3.455517705930807,1.624433531559099,4.611569031766289,0.06952789699570816,3.4823488146857535,2.529904358229321,sample_ii_analysis,B2_containing,none,low,low,nominal_baseline,not_pileup_like
sample_ii_analysis|B2_containing|sat=none|q=low|amp=low|base=nominal_baseline|pile=not_pileup_like,gradient_boosted_trees,4660,7,0.07116242135483476,True,-4.982071136467914,-11.12660257746631,1.7271620560426686,2.2945026503928907,5.296630435791392,0.09012875536480687,5.188555645580211,1.4101685999115152,sample_ii_analysis,B2_containing,none,low,low,nominal_baseline,not_pileup_like
sample_ii_analysis|B2_containing|sat=none|q=low|amp=low|base=nominal_baseline|pile=not_pileup_like,ml_shuffled_target_control,4660,7,0.07116242135483476,True,-5.677791782157382,-14.290900557739075,0.6144154390720765,3.513737513066592,5.851048082390692,0.16716738197424894,8.511670932586592,3.3239516970696172,sample_ii_analysis,B2_containing,none,low,low,nominal_baseline,not_pileup_like
sample_ii_analysis|B2_containing|sat=none|q=low|amp=low|base=nominal_baseline|pile=not_pileup_like,mlp,4660,7,0.07116242135483476,True,0.3903378880605114,-5.225646476274548,5.306167008718077,2.1874982041246804,4.921828440715405,0.05407725321888412,5.189923848275414,3.6366495388859867,sample_ii_analysis,B2_containing,none,low,low,nominal_baseline,not_pileup_like
sample_ii_analysis|B2_containing|sat=none|q=low|amp=low|base=nominal_baseline|pile=not_pileup_like,pair_median,4660,7,0.07116242135483476,True,-0.4323389985482819,-5.8753089916522585,2.5529399094002536,1.9838949591476531,5.121960923372603,0.04034334763948498,5.209796336895683,3.3170753397274466,sample_ii_analysis,B2_containing,none,low,low,nominal_baseline,not_pileup_like
sample_ii_analysis|B2_containing|sat=none|q=low|amp=low|base=nominal_baseline|pile=not_pileup_like,pool_label_control,4660,7,0.07116242135483476,True,-4.689530734510493,-13.303826667047012,-0.47836293979015204,1.837386146473764,5.2360807421573075,0.0611587982832618,5.209796336895683,3.317075339727446,sample_ii_analysis,B2_containing,none,low,low,nominal_baseline,not_pileup_like
sample_ii_analysis|B2_containing|sat=none|q=low|amp=low|base=nominal_baseline|pile=not_pileup_like,ridge,4660,7,0.07116242135483476,True,-0.650199629990206,-20.317913263909453,14.351139168563043,6.736128150262766,8.316070899851905,0.4259656652360515,22.490048289606136,6.768122439846129,sample_ii_analysis,B2_containing,none,low,low,nominal_baseline,not_pileup_like
sample_ii_analysis|B2_containing|sat=none|q=low|amp=low|base=nominal_baseline|pile=not_pileup_like,support_gated_cnn_new,4660,7,0.07116242135483476,True,-4.3038707201940465,-16.58864679606496,5.489403870579631,4.638803839550395,6.732078526616596,0.28991416309012874,8.334594773317786,5.463900418031365,sample_ii_analysis,B2_containing,none,low,low,nominal_baseline,not_pileup_like
sample_ii_analysis|B2_containing|sat=none|q=low|amp=low|base=nominal_baseline|pile=not_pileup_like,traditional_s05d_static_priors,4660,7,0.07116242135483476,True,0.4824635525165985,-17.894671434566742,13.353620821325208,6.070734938121905,7.382970180764877,0.39012875536480685,15.907032251860363,-0.8168539293191532,sample_ii_analysis,B2_containing,none,low,low,nominal_baseline,not_pileup_like
sample_ii_analysis|B2_containing|sat=none|q=low|amp=low|base=nominal_baseline|pile=not_pileup_like,waveform_only_mlp,4660,7,0.07116242135483476,True,0.46494447341510686,-4.812914887552655,5.093403251624613,1.646263533110191,5.218991320027043,0.04742489270386266,4.453233439845294,2.660530547842928,sample_ii_analysis,B2_containing,none,low,low,nominal_baseline,not_pileup_like
sample_ii_analysis|B2_containing|sat=none|q=mid|amp=high|base=nominal_baseline|pile=not_pileup_like,cnn_1d,3904,7,0.059617616517011786,True,-4.611280945698607,-9.308191428172817,23.012803306929815,3.6500801654896877,6.660568963688813,0.14216188524590165,20.260998131751283,1.5949986078765122,sample_ii_analysis,B2_containing,none,mid,high,nominal_baseline,not_pileup_like
sample_ii_analysis|B2_containing|sat=none|q=mid|amp=high|base=nominal_baseline|pile=not_pileup_like,extra_trees_s05e_dynamic,3904,7,0.059617616517011786,True,-0.247702160289557,-3.187498199419161,21.416369043077562,1.2135557658852054,4.9545164874208405,0.04969262295081967,12.676511778765498,0.12681441402313354,sample_ii_analysis,B2_containing,none,mid,high,nominal_baseline,not_pileup_like
sample_ii_analysis|B2_containing|sat=none|q=mid|amp=high|base=nominal_baseline|pile=not_pileup_like,gradient_boosted_trees,3904,7,0.059617616517011786,True,-4.518995753405076,-7.6211342089208225,20.246640311819927,2.96435339282871,5.985533193061168,0.10066598360655737,17.033752529657903,9.44132716286358,sample_ii_analysis,B2_containing,none,mid,high,nominal_baseline,not_pileup_like
sample_ii_analysis|B2_containing|sat=none|q=mid|amp=high|base=nominal_baseline|pile=not_pileup_like,ml_shuffled_target_control,3904,7,0.059617616517011786,True,-6.481459680485787,-14.467434743596186,20.643015928859473,4.123180047135169,6.987549357937379,0.22079918032786885,25.52471146842604,-5.529632129509174,sample_ii_analysis,B2_containing,none,mid,high,nominal_baseline,not_pileup_like
sample_ii_analysis|B2_containing|sat=none|q=mid|amp=high|base=nominal_baseline|pile=not_pileup_like,mlp,3904,7,0.059617616517011786,True,-1.2459257725734114,-4.7299082747526535,26.31063069039397,3.1937571739574784,6.52210558043122,0.12346311475409837,18.46872996136298,-0.4875847910471336,sample_ii_analysis,B2_containing,none,mid,high,nominal_baseline,not_pileup_like
sample_ii_analysis|B2_containing|sat=none|q=mid|amp=high|base=nominal_baseline|pile=not_pileup_like,pair_median,3904,7,0.059617616517011786,True,-0.5424006947518087,-2.9799078661771854,25.739487542371705,1.2569398500816913,5.9069949841664355,0.04764344262295082,20.695756087958006,1.1553277367075339,sample_ii_analysis,B2_containing,none,mid,high,nominal_baseline,not_pileup_like
sample_ii_analysis|B2_containing|sat=none|q=mid|amp=high|base=nominal_baseline|pile=not_pileup_like,pool_label_control,3904,7,0.059617616517011786,True,-4.8875090456584065,-10.126753063326246,22.72027720404455,1.8433437820895469,6.194397527772694,0.07453893442622951,20.695756087958006,1.1553277367075339,sample_ii_analysis,B2_containing,none,mid,high,nominal_baseline,not_pileup_like
sample_ii_analysis|B2_containing|sat=none|q=mid|amp=high|base=nominal_baseline|pile=not_pileup_like,ridge,3904,7,0.059617616517011786,True,0.7622020243940208,-8.975482517693736,13.148193132333237,4.411789189751591,5.401164991966522,0.26536885245901637,10.497625008807546,-20.40441374008439,sample_ii_analysis,B2_containing,none,mid,high,nominal_baseline,not_pileup_like
sample_ii_analysis|B2_containing|sat=none|q=mid|amp=high|base=nominal_baseline|pile=not_pileup_like,support_gated_cnn_new,3904,7,0.059617616517011786,True,-4.658891054501916,-10.530833089903805,24.02202265594646,3.72999029391433,7.2375677898837285,0.18980532786885246,20.86243237483675,0.94946515343198,sample_ii_analysis,B2_containing,none,mid,high,nominal_baseline,not_pileup_like
sample_ii_analysis|B2_containing|sat=none|q=mid|amp=high|base=nominal_baseline|pile=not_pileup_like,traditional_s05d_static_priors,3904,7,0.059617616517011786,True,2.1176516099061917,-7.8198047348888675,13.530369915572464,4.220900858242244,5.342588235857917,0.24359631147540983,7.437232222256886,-6.420707519295285,sample_ii_analysis,B2_containing,none,mid,high,nominal_baseline,not_pileup_like
sample_ii_analysis|B2_containing|sat=none|q=mid|amp=high|base=nominal_baseline|pile=not_pileup_like,waveform_only_mlp,3904,7,0.059617616517011786,True,-1.4291796329877695,-5.046694383380018,26.430337901436964,2.9401026085920057,6.368861853756801,0.09067622950819672,19.790670145822993,-0.48732933432396663,sample_ii_analysis,B2_containing,none,mid,high,nominal_baseline,not_pileup_like
sample_ii_analysis|downstream_only|sat=none|q=low|amp=low|base=nominal_baseline|pile=not_pileup_like,cnn_1d,3370,7,0.05146295278235905,True,-0.4119000674815995,-6.069474648338721,5.860555592485505,2.956631020659952,3.2799445517645043,0.10712166172106825,2.6642742219139812,0.0,sample_ii_analysis,downstream_only,none,low,low,nominal_baseline,not_pileup_like
sample_ii_analysis|downstream_only|sat=none|q=low|amp=low|base=nominal_baseline|pile=not_pileup_like,extra_trees_s05e_dynamic,3370,7,0.05146295278235905,True,0.16099495057576502,-3.450991051579045,2.7331330240979312,1.1313918131028435,1.6452017963996874,0.01483679525222552,0.9524444564564327,0.0,sample_ii_analysis,downstream_only,none,low,low,nominal_baseline,not_pileup_like
sample_ii_analysis|downstream_only|sat=none|q=low|amp=low|base=nominal_baseline|pile=not_pileup_like,gradient_boosted_trees,3370,7,0.05146295278235905,True,-4.0323980636620735,-8.630455086233939,2.9560289749524418,3.631704771044684,3.5417132433368343,0.15074183976261127,3.7783870456686954,0.0,sample_ii_analysis,downstream_only,none,low,low,nominal_baseline,not_pileup_like
sample_ii_analysis|downstream_only|sat=none|q=low|amp=low|base=nominal_baseline|pile=not_pileup_like,ml_shuffled_target_control,3370,7,0.05146295278235905,True,-4.295578156171473,-11.687399681224083,1.8973268241088022,3.2273508109915423,3.527817579623374,0.12997032640949555,5.187719235516974,0.0,sample_ii_analysis,downstream_only,none,low,low,nominal_baseline,not_pileup_like
sample_ii_analysis|downstream_only|sat=none|q=low|amp=low|base=nominal_baseline|pile=not_pileup_like,mlp,3370,7,0.05146295278235905,True,2.0871416684499344,-1.9323198203079286,6.521918452139161,2.113607098421787,2.367033429781735,0.019881305637982197,1.553274309389427,0.0,sample_ii_analysis,downstream_only,none,low,low,nominal_baseline,not_pileup_like
sample_ii_analysis|downstream_only|sat=none|q=low|amp=low|base=nominal_baseline|pile=not_pileup_like,pair_median,3370,7,0.05146295278235905,True,-1.2886737237252786,-4.785016747126532,2.836033177550696,2.2111667899059917,2.3035591200941155,0.011572700296735905,1.8927209971682362,0.0,sample_ii_analysis,downstream_only,none,low,low,nominal_baseline,not_pileup_like
sample_ii_analysis|downstream_only|sat=none|q=low|amp=low|base=nominal_baseline|pile=not_pileup_like,pool_label_control,3370,7,0.05146295278235905,True,0.8553230329317169,-3.2505448183692494,5.344035758013074,2.204136919004291,2.3959466902426327,0.02225519287833828,1.8927209971682364,0.0,sample_ii_analysis,downstream_only,none,low,low,nominal_baseline,not_pileup_like
sample_ii_analysis|downstream_only|sat=none|q=low|amp=low|base=nominal_baseline|pile=not_pileup_like,ridge,3370,7,0.05146295278235905,True,1.5126819033628625,-12.755134466414248,15.233874142848707,5.428823324465336,6.631318276346848,0.35934718100890206,15.721925849760007,0.0,sample_ii_analysis,downstream_only,none,low,low,nominal_baseline,not_pileup_like
sample_ii_analysis|downstream_only|sat=none|q=low|amp=low|base=nominal_baseline|pile=not_pileup_like,support_gated_cnn_new,3370,7,0.05146295278235905,True,-1.938990907301638,-11.231936712398612,6.217591622960632,4.730507295465522,4.668136097336989,0.2884272997032641,2.870694355286421,0.0,sample_ii_analysis,downstream_only,none,low,low,nominal_baseline,not_pileup_like
sample_ii_analysis|downstream_only|sat=none|q=low|amp=low|base=nominal_baseline|pile=not_pileup_like,traditional_s05d_static_priors,3370,7,0.05146295278235905,True,2.898196990552111,-12.119976001437614,16.2990274436081,5.886787746537413,6.689374065513768,0.3845697329376855,16.723886181179516,0.0,sample_ii_analysis,downstream_only,none,low,low,nominal_baseline,not_pileup_like
sample_ii_analysis|downstream_only|sat=none|q=low|amp=low|base=nominal_baseline|pile=not_pileup_like,waveform_only_mlp,3370,7,0.05146295278235905,True,1.6490605052773966,-1.976135872387413,6.473809965321953,2.2255800044238634,2.4595357989428495,0.026409495548961423,1.7927028920023662,0.0,sample_ii_analysis,downstream_only,none,low,low,nominal_baseline,not_pileup_like
sample_ii_analysis|B2_containing|sat=none|q=low|amp=mid|base=nominal_baseline|pile=not_pileup_like,cnn_1d,3287,7,0.050195467595137745,True,-3.2056865743544747,-7.7510643741259,3.2357648661911815,2.579043371154505,3.32624807205443,0.07575296623060541,0.6910428958058691,-1.3774542155675435,sample_ii_analysis,B2_containing,none,low,mid,nominal_baseline,not_pileup_like
sample_ii_analysis|B2_containing|sat=none|q=low|amp=mid|base=nominal_baseline|pile=not_pileup_like,extra_trees_s05e_dynamic,3287,7,0.050195467595137745,True,-0.34497088493406536,-5.019621891016569,2.3349595722595313,1.282308469356881,2.4853179249646344,0.029205962884088835,0.577664326530384,-0.3114607632348775,sample_ii_analysis,B2_containing,none,low,mid,nominal_baseline,not_pileup_like
sample_ii_analysis|B2_containing|sat=none|q=low|amp=mid|base=nominal_baseline|pile=not_pileup_like,gradient_boosted_trees,3287,7,0.050195467595137745,True,-4.43404924015735,-8.387992692555697,1.7070439504604416,2.594793368601615,3.2926725328889885,0.08275022817158503,1.1288138421438192,-0.9067304821399831,sample_ii_analysis,B2_containing,none,low,mid,nominal_baseline,not_pileup_like
sample_ii_analysis|B2_containing|sat=none|q=low|amp=mid|base=nominal_baseline|pile=not_pileup_like,ml_shuffled_target_control,3287,7,0.050195467595137745,True,-6.486235292213192,-13.37721899716134,0.36272197058504957,3.3317418952965605,3.900956785254871,0.15059324612108305,2.3637866426661134,-2.2476887872343125,sample_ii_analysis,B2_containing,none,low,mid,nominal_baseline,not_pileup_like
sample_ii_analysis|B2_containing|sat=none|q=low|amp=mid|base=nominal_baseline|pile=not_pileup_like,mlp,3287,7,0.050195467595137745,True,-0.5363100169982915,-4.2586489388745905,5.1152094918358255,2.46170984606947,3.1448663449199397,0.05171889260724064,0.8883987416192358,-0.5503393088601058,sample_ii_analysis,B2_containing,none,low,mid,nominal_baseline,not_pileup_like
sample_ii_analysis|B2_containing|sat=none|q=low|amp=mid|base=nominal_baseline|pile=not_pileup_like,pair_median,3287,7,0.050195467595137745,True,-0.2975925703963149,-3.516191763230576,2.4354116002851334,1.4663408722359068,2.5792045700324615,0.01673258290234256,0.7782772725073934,-0.573064378602828,sample_ii_analysis,B2_containing,none,low,mid,nominal_baseline,not_pileup_like
sample_ii_analysis|B2_containing|sat=none|q=low|amp=mid|base=nominal_baseline|pile=not_pileup_like,pool_label_control,3287,7,0.050195467595137745,True,-4.608680765005307,-10.09482184165508,-0.5619772900102721,1.6818998996990513,2.9391273121349215,0.0383328262853666,0.7782772725073934,-0.5730643786028282,sample_ii_analysis,B2_containing,none,low,mid,nominal_baseline,not_pileup_like
sample_ii_analysis|B2_containing|sat=none|q=low|amp=mid|base=nominal_baseline|pile=not_pileup_like,ridge,3287,7,0.050195467595137745,True,-0.21839173293419467,-14.912659891900429,9.850563228937249,5.187038103467907,6.13928819415115,0.3285670824459994,9.920717654308733,-0.8760772701907005,sample_ii_analysis,B2_containing,none,low,mid,nominal_baseline,not_pileup_like
sample_ii_analysis|B2_containing|sat=none|q=low|amp=mid|base=nominal_baseline|pile=not_pileup_like,support_gated_cnn_new,3287,7,0.050195467595137745,True,-4.170489147367058,-9.232957957787336,4.552039650165497,3.663919205914903,4.158250359465461,0.1414663827198053,0.826909470820607,-0.4556816739345818,sample_ii_analysis,B2_containing,none,low,mid,nominal_baseline,not_pileup_like
sample_ii_analysis|B2_containing|sat=none|q=low|amp=mid|base=nominal_baseline|pile=not_pileup_like,traditional_s05d_static_priors,3287,7,0.050195467595137745,True,0.21332410135335667,-13.635189673115834,9.567970649445646,4.8780013937866205,5.804486826129929,0.3066626102829328,7.197769583959192,-5.775773962212589,sample_ii_analysis,B2_containing,none,low,mid,nominal_baseline,not_pileup_like
sample_ii_analysis|B2_containing|sat=none|q=low|amp=mid|base=nominal_baseline|pile=not_pileup_like,waveform_only_mlp,3287,7,0.050195467595137745,True,0.32627956247047785,-3.436218320871252,5.14973165864046,2.206450150006058,2.876583942424372,0.02707636142379069,0.6258619485345541,-0.5665775637247833,sample_ii_analysis,B2_containing,none,low,mid,nominal_baseline,not_pileup_like
sample_ii_analysis|downstream_only|sat=none|q=mid|amp=mid|base=nominal_baseline|pile=not_pileup_like,cnn_1d,2781,7,0.042468389224848815,True,-0.49623545626365617,-7.935347911678673,3.9700727528169066,3.212907158702591,3.517564114796039,0.11902193455591514,1.7221908365093666,0.0,sample_ii_analysis,downstream_only,none,mid,mid,nominal_baseline,not_pileup_like
sample_ii_analysis|downstream_only|sat=none|q=mid|amp=mid|base=nominal_baseline|pile=not_pileup_like,extra_trees_s05e_dynamic,2781,7,0.042468389224848815,True,-0.28068470918572963,-2.791281022975316,2.351132658551968,1.244467107138231,1.9421034953686258,0.005034160373966199,0.927216925663775,0.0,sample_ii_analysis,downstream_only,none,mid,mid,nominal_baseline,not_pileup_like
sample_ii_analysis|downstream_only|sat=none|q=mid|amp=mid|base=nominal_baseline|pile=not_pileup_like,gradient_boosted_trees,2781,7,0.042468389224848815,True,-0.5318941848686056,-6.578224962520198,2.7955557214155293,2.7879593048002005,3.0990018520879286,0.0845019777058612,0.9652646063291591,0.0,sample_ii_analysis,downstream_only,none,mid,mid,nominal_baseline,not_pileup_like
sample_ii_analysis|downstream_only|sat=none|q=mid|amp=mid|base=nominal_baseline|pile=not_pileup_like,ml_shuffled_target_control,2781,7,0.042468389224848815,True,-2.756581716376037,-11.619859048103882,2.5460225204059412,3.865897856045631,4.117220193049301,0.18374685364976628,4.364257059607679,0.0,sample_ii_analysis,downstream_only,none,mid,mid,nominal_baseline,not_pileup_like
sample_ii_analysis|downstream_only|sat=none|q=mid|amp=mid|base=nominal_baseline|pile=not_pileup_like,mlp,2781,7,0.042468389224848815,True,2.845137372882635,-2.7637958012480768,6.162132298302695,2.687593383844405,2.927186321959374,0.05321826681049982,1.4463209436400595,0.0,sample_ii_analysis,downstream_only,none,mid,mid,nominal_baseline,not_pileup_like
sample_ii_analysis|downstream_only|sat=none|q=mid|amp=mid|base=nominal_baseline|pile=not_pileup_like,pair_median,2781,7,0.042468389224848815,True,-0.16165033764909253,-2.611354800958747,2.724404591723662,1.3620140590463543,2.088082181103203,0.004314994606256742,1.252022311378848,0.0,sample_ii_analysis,downstream_only,none,mid,mid,nominal_baseline,not_pileup_like
sample_ii_analysis|downstream_only|sat=none|q=mid|amp=mid|base=nominal_baseline|pile=not_pileup_like,pool_label_control,2781,7,0.042468389224848815,True,1.9935207464814746,-1.1467534575472724,5.319742183277746,1.58704302574963,2.2703346986419173,0.005753326141675656,1.2520223113788482,0.0,sample_ii_analysis,downstream_only,none,mid,mid,nominal_baseline,not_pileup_like
sample_ii_analysis|downstream_only|sat=none|q=mid|amp=mid|base=nominal_baseline|pile=not_pileup_like,ridge,2781,7,0.042468389224848815,True,0.5492478259621825,-7.578618947171115,10.294299927357322,3.923686305568592,4.628527608903616,0.20783890686803308,8.255134031228485,0.0,sample_ii_analysis,downstream_only,none,mid,mid,nominal_baseline,not_pileup_like
sample_ii_analysis|downstream_only|sat=none|q=mid|amp=mid|base=nominal_baseline|pile=not_pileup_like,support_gated_cnn_new,2781,7,0.042468389224848815,True,-1.0510803868977758,-9.820063052104912,5.750439114693317,3.970101270461015,4.226157083841307,0.20532182668104998,1.282702145152132,0.0,sample_ii_analysis,downstream_only,none,mid,mid,nominal_baseline,not_pileup_like
sample_ii_analysis|downstream_only|sat=none|q=mid|amp=mid|base=nominal_baseline|pile=not_pileup_like,traditional_s05d_static_priors,2781,7,0.042468389224848815,True,2.2253393468835725,-6.915749230604591,10.667312152684806,4.379913986984006,4.691773565868424,0.2588996763754045,8.949761297622759,0.0,sample_ii_analysis,downstream_only,none,mid,mid,nominal_baseline,not_pileup_like
sample_ii_analysis|downstream_only|sat=none|q=mid|amp=mid|base=nominal_baseline|pile=not_pileup_like,waveform_only_mlp,2781,7,0.042468389224848815,True,2.1552746330187214,-3.3712657794610283,5.516490791939404,2.532073871563389,2.825353412246939,0.04746494066882417,1.3214311725693113,0.0,sample_ii_analysis,downstream_only,none,mid,mid,nominal_baseline,not_pileup_like
sample_ii_analysis|B2_containing|sat=none|q=mid|amp=mid|base=nominal_baseline|pile=not_pileup_like,cnn_1d,2739,7,0.0418270111783031,True,-2.7054890965027987,-7.7552516406671685,29.076351846080474,3.2444965073928502,7.8993641218684525,0.12048192771084337,33.37758735328791,31.65539651677854,sample_ii_analysis,B2_containing,none,mid,mid,nominal_baseline,not_pileup_like
sample_ii_analysis|B2_containing|sat=none|q=mid|amp=mid|base=nominal_baseline|pile=not_pileup_like,extra_trees_s05e_dynamic,2739,7,0.0418270111783031,True,-0.3626579769292746,-3.4089822576844155,25.57117783210763,1.2156860312228734,6.273320126322813,0.0719240598758671,21.870087267153963,20.94287034149019,sample_ii_analysis,B2_containing,none,mid,mid,nominal_baseline,not_pileup_like
sample_ii_analysis|B2_containing|sat=none|q=mid|amp=mid|base=nominal_baseline|pile=not_pileup_like,gradient_boosted_trees,2739,7,0.0418270111783031,True,-2.9958518274347687,-7.070420988773182,25.160096791676278,2.79564196524318,6.958896573768857,0.08579773640014604,30.391780242655695,29.426515636326535,sample_ii_analysis,B2_containing,none,mid,mid,nominal_baseline,not_pileup_like
sample_ii_analysis|B2_containing|sat=none|q=mid|amp=mid|base=nominal_baseline|pile=not_pileup_like,ml_shuffled_target_control,2739,7,0.0418270111783031,True,-5.03668267551313,-12.847267801586488,26.68180857783502,3.8018266857320038,8.187666726906803,0.20956553486673968,38.35213515797347,33.98787809836579,sample_ii_analysis,B2_containing,none,mid,mid,nominal_baseline,not_pileup_like
sample_ii_analysis|B2_containing|sat=none|q=mid|amp=mid|base=nominal_baseline|pile=not_pileup_like,mlp,2739,7,0.0418270111783031,True,0.38333483193635054,-4.279460165784107,31.237192137664675,3.0281724501069114,7.686064186447111,0.0945600584154801,33.290624754682426,31.844303811042366,sample_ii_analysis,B2_containing,none,mid,mid,nominal_baseline,not_pileup_like
sample_ii_analysis|B2_containing|sat=none|q=mid|amp=mid|base=nominal_baseline|pile=not_pileup_like,pair_median,2739,7,0.0418270111783031,True,-0.14195280290819312,-2.9656672145983016,31.137066410717583,1.3701209878409937,7.526256541265732,0.0700985761226725,33.29863156279867,32.046609251419824,sample_ii_analysis,B2_containing,none,mid,mid,nominal_baseline,not_pileup_like
sample_ii_analysis|B2_containing|sat=none|q=mid|amp=mid|base=nominal_baseline|pile=not_pileup_like,pool_label_control,2739,7,0.0418270111783031,True,-4.19906072588944,-11.399217724359476,27.70665114433004,1.9793945560422543,7.793895650683033,0.11062431544359255,33.29863156279867,32.046609251419824,sample_ii_analysis,B2_containing,none,mid,mid,nominal_baseline,not_pileup_like
sample_ii_analysis|B2_containing|sat=none|q=mid|amp=mid|base=nominal_baseline|pile=not_pileup_like,ridge,2739,7,0.0418270111783031,True,0.06910227695075744,-8.989626879360925,14.405834846206513,4.243335977908348,5.600935326234141,0.24680540343190946,16.141848816720437,7.886714785491952,sample_ii_analysis,B2_containing,none,mid,mid,nominal_baseline,not_pileup_like
sample_ii_analysis|B2_containing|sat=none|q=mid|amp=mid|base=nominal_baseline|pile=not_pileup_like,support_gated_cnn_new,2739,7,0.0418270111783031,True,-2.850092339525407,-9.454584507759796,30.071748732117676,4.345170222137652,8.442641072331709,0.24899598393574296,32.283564008977024,31.00086186382489,sample_ii_analysis,B2_containing,none,mid,mid,nominal_baseline,not_pileup_like
sample_ii_analysis|B2_containing|sat=none|q=mid|amp=mid|base=nominal_baseline|pile=not_pileup_like,traditional_s05d_static_priors,2739,7,0.0418270111783031,True,1.3885302046053005,-7.586989809064468,16.290373533708813,4.504113160923415,5.833462583051353,0.2701715954728003,15.083772330453847,6.134011032831088,sample_ii_analysis,B2_containing,none,mid,mid,nominal_baseline,not_pileup_like
sample_ii_analysis|B2_containing|sat=none|q=mid|amp=mid|base=nominal_baseline|pile=not_pileup_like,waveform_only_mlp,2739,7,0.0418270111783031,True,0.02773119294960935,-4.097762876226377,30.655692460246147,2.7600878765445076,7.5522878745135635,0.08105147864184009,32.614904230850534,31.293473058281222,sample_ii_analysis,B2_containing,none,mid,mid,nominal_baseline,not_pileup_like
sample_ii_analysis|B2_containing|sat=none|q=low|amp=high|base=nominal_baseline|pile=not_pileup_like,cnn_1d,2046,7,0.031244273410298697,True,-4.715618404755399,-8.74756945193846,1.445513820028303,2.776215379665241,2.843957828000684,0.07966764418377321,0.8083220440706006,-0.7750435040974432,sample_ii_analysis,B2_containing,none,low,high,nominal_baseline,not_pileup_like
sample_ii_analysis|B2_containing|sat=none|q=low|amp=high|base=nominal_baseline|pile=not_pileup_like,extra_trees_s05e_dynamic,2046,7,0.031244273410298697,True,-0.2120102613086563,-4.075405306084885,2.290307224217567,1.179899910383348,1.757696393586563,0.015151515151515152,0.7867457272019357,-0.5075786122355342,sample_ii_analysis,B2_containing,none,low,high,nominal_baseline,not_pileup_like
sample_ii_analysis|B2_containing|sat=none|q=low|amp=high|base=nominal_baseline|pile=not_pileup_like,gradient_boosted_trees,2046,7,0.031244273410298697,True,-4.925527592272221,-7.98439579212717,0.9833803588763044,2.560085954475553,2.743099062049962,0.07869012707722385,0.8048216952977066,-0.720785214297981,sample_ii_analysis,B2_containing,none,low,high,nominal_baseline,not_pileup_like
sample_ii_analysis|B2_containing|sat=none|q=low|amp=high|base=nominal_baseline|pile=not_pileup_like,ml_shuffled_target_control,2046,7,0.031244273410298697,True,-7.420525445483014,-14.27596732872392,-0.05789582853928321,3.416314896886687,3.6430557351750346,0.16324535679374388,4.38632744859745,0.6965452459235473,sample_ii_analysis,B2_containing,none,low,high,nominal_baseline,not_pileup_like
sample_ii_analysis|B2_containing|sat=none|q=low|amp=high|base=nominal_baseline|pile=not_pileup_like,mlp,2046,7,0.031244273410298697,True,-1.3357517052355856,-4.541690165404121,4.592501238950007,2.7412761830603882,2.8053411689680114,0.09286412512218964,1.0988614357084292,-1.6075010025331649,sample_ii_analysis,B2_containing,none,low,high,nominal_baseline,not_pileup_like
sample_ii_analysis|B2_containing|sat=none|q=low|amp=high|base=nominal_baseline|pile=not_pileup_like,pair_median,2046,7,0.031244273410298697,True,-0.5143630746139215,-3.08944120785436,1.8227890305296026,1.1270319268059041,1.5171167397432048,0.005376344086021506,0.762895208405754,-0.6327345727452555,sample_ii_analysis,B2_containing,none,low,high,nominal_baseline,not_pileup_like
sample_ii_analysis|B2_containing|sat=none|q=low|amp=high|base=nominal_baseline|pile=not_pileup_like,pool_label_control,2046,7,0.031244273410298697,True,-4.910870559774906,-9.17934367626777,-1.5750139206134688,1.4571113467016503,1.9965696287234262,0.022482893450635387,0.7628952084057539,-0.6327345727452556,sample_ii_analysis,B2_containing,none,low,high,nominal_baseline,not_pileup_like
sample_ii_analysis|B2_containing|sat=none|q=low|amp=high|base=nominal_baseline|pile=not_pileup_like,ridge,2046,7,0.031244273410298697,True,1.1314089030256338,-14.195921204363081,12.461351480460447,5.481939503740147,6.602841879671353,0.3479960899315738,17.613708982372792,-3.0585178789547065,sample_ii_analysis,B2_containing,none,low,high,nominal_baseline,not_pileup_like
sample_ii_analysis|B2_containing|sat=none|q=low|amp=high|base=nominal_baseline|pile=not_pileup_like,support_gated_cnn_new,2046,7,0.031244273410298697,True,-5.30673792690126,-9.665088962237881,3.0683436826221544,3.2166594772719788,3.4360322283742346,0.11241446725317693,0.8064403493592494,-0.7816392580284433,sample_ii_analysis,B2_containing,none,low,high,nominal_baseline,not_pileup_like
sample_ii_analysis|B2_containing|sat=none|q=low|amp=high|base=nominal_baseline|pile=not_pileup_like,traditional_s05d_static_priors,2046,7,0.031244273410298697,True,1.3429769551887936,-14.005473779695121,12.25304121215881,5.4450547717676,6.502908593770079,0.3387096774193548,12.631889213917633,-13.557114001755538,sample_ii_analysis,B2_containing,none,low,high,nominal_baseline,not_pileup_like
sample_ii_analysis|B2_containing|sat=none|q=low|amp=high|base=nominal_baseline|pile=not_pileup_like,waveform_only_mlp,2046,7,0.031244273410298697,True,-0.5268589166229214,-3.691327350064837,4.903059000111076,2.543405400834245,2.573923797093631,0.045454545454545456,0.6860332138483114,-0.5790496992169039,sample_ii_analysis,B2_containing,none,low,high,nominal_baseline,not_pileup_like
sample_ii_analysis|downstream_only|sat=none|q=low|amp=mid|base=nominal_baseline|pile=not_pileup_like,cnn_1d,1963,7,0.029976788223077394,True,-0.7638770821962195,-6.92679811349785,4.671571098347764,3.173224315406147,3.061794868845813,0.09882832399388691,2.0684971113734125,0.0,sample_ii_analysis,downstream_only,none,low,mid,nominal_baseline,not_pileup_like
sample_ii_analysis|downstream_only|sat=none|q=low|amp=mid|base=nominal_baseline|pile=not_pileup_like,extra_trees_s05e_dynamic,1963,7,0.029976788223077394,True,0.07259302564994163,-2.9565892177303708,2.4964869602008917,1.1779181548531632,1.438917501028196,0.009169638308711156,0.8891250897652615,0.0,sample_ii_analysis,downstream_only,none,low,mid,nominal_baseline,not_pileup_like
sample_ii_analysis|downstream_only|sat=none|q=low|amp=mid|base=nominal_baseline|pile=not_pileup_like,gradient_boosted_trees,1963,7,0.029976788223077394,True,-1.246477538460724,-8.224730894578167,2.922253415034054,3.1324063157583146,3.0733607046459914,0.09016811003565971,2.0355443242838023,0.0,sample_ii_analysis,downstream_only,none,low,mid,nominal_baseline,not_pileup_like
sample_ii_analysis|downstream_only|sat=none|q=low|amp=mid|base=nominal_baseline|pile=not_pileup_like,ml_shuffled_target_control,1963,7,0.029976788223077394,True,-3.463949126941211,-12.968008069432315,1.9786646386051638,3.6442873121072106,3.8165135738050986,0.16709118695873662,4.611475429900426,0.0,sample_ii_analysis,downstream_only,none,low,mid,nominal_baseline,not_pileup_like
sample_ii_analysis|downstream_only|sat=none|q=low|amp=mid|base=nominal_baseline|pile=not_pileup_like,mlp,1963,7,0.029976788223077394,True,2.524961837298764,-2.4866002026688356,6.439986755070885,2.4779229388881303,2.3951486778667355,0.029037187977585328,1.4387380504793417,0.0,sample_ii_analysis,downstream_only,none,low,mid,nominal_baseline,not_pileup_like
sample_ii_analysis|downstream_only|sat=none|q=low|amp=mid|base=nominal_baseline|pile=not_pileup_like,pair_median,1963,7,0.029976788223077394,True,-0.332512661749206,-3.4323788987804718,2.87824279082574,1.7265752849497993,1.7148838543521938,0.006113092205807438,1.3513416511102214,0.0,sample_ii_analysis,downstream_only,none,low,mid,nominal_baseline,not_pileup_like
sample_ii_analysis|downstream_only|sat=none|q=low|amp=mid|base=nominal_baseline|pile=not_pileup_like,pool_label_control,1963,7,0.029976788223077394,True,1.8658226022781528,-1.7314637560018844,5.463414972356204,1.8173041776617533,1.8955939009929024,0.008660213958227204,1.3513416511102216,0.0,sample_ii_analysis,downstream_only,none,low,mid,nominal_baseline,not_pileup_like
sample_ii_analysis|downstream_only|sat=none|q=low|amp=mid|base=nominal_baseline|pile=not_pileup_like,ridge,1963,7,0.029976788223077394,True,1.4392584019682984,-9.584054076539227,12.326984990896783,4.8824125299465715,5.3258810895111806,0.30361691288843606,10.796794924499434,0.0,sample_ii_analysis,downstream_only,none,low,mid,nominal_baseline,not_pileup_like
sample_ii_analysis|downstream_only|sat=none|q=low|amp=mid|base=nominal_baseline|pile=not_pileup_like,support_gated_cnn_new,1963,7,0.029976788223077394,True,-1.3295913197900342,-8.577683176998166,6.17139299118889,3.958882771137313,3.8732608889960334,0.20988283239938868,1.2825911447551888,0.0,sample_ii_analysis,downstream_only,none,low,mid,nominal_baseline,not_pileup_like
sample_ii_analysis|downstream_only|sat=none|q=low|amp=mid|base=nominal_baseline|pile=not_pileup_like,traditional_s05d_static_priors,1963,7,0.029976788223077394,True,2.0792033247789368,-10.782146987022449,13.059220583973033,5.276296456380765,5.669098775927266,0.3392766174223128,12.973543546171781,0.0,sample_ii_analysis,downstream_only,none,low,mid,nominal_baseline,not_pileup_like
sample_ii_analysis|downstream_only|sat=none|q=low|amp=mid|base=nominal_baseline|pile=not_pileup_like,waveform_only_mlp,1963,7,0.029976788223077394,True,2.9313375346214183,-2.193492078900901,6.365561878793761,2.363099382260326,2.3345223537421256,0.033622007131940905,1.1924395122593374,0.0,sample_ii_analysis,downstream_only,none,low,mid,nominal_baseline,not_pileup_like
sample_ii_analysis|downstream_only|sat=none|q=high|amp=mid|base=nominal_baseline|pile=not_pileup_like,cnn_1d,1820,7,0.027793048683647913,True,-0.1268457896467945,-8.138001911593086,5.019659660222395,3.8285770862860327,3.9168487430088743,0.16373626373626374,1.2842154971895896,0.0,sample_ii_analysis,downstream_only,none,high,mid,nominal_baseline,not_pileup_like
sample_ii_analysis|downstream_only|sat=none|q=high|amp=mid|base=nominal_baseline|pile=not_pileup_like,extra_trees_s05e_dynamic,1820,7,0.027793048683647913,True,-0.2927628555702667,-3.5231029419949906,2.135683185028576,1.3877028465711323,1.8562846100334955,0.006593406593406593,0.8183349207961758,0.0,sample_ii_analysis,downstream_only,none,high,mid,nominal_baseline,not_pileup_like
sample_ii_analysis|downstream_only|sat=none|q=high|amp=mid|base=nominal_baseline|pile=not_pileup_like,gradient_boosted_trees,1820,7,0.027793048683647913,True,0.19057440407312587,-6.975440701289685,3.435410589512719,3.3572679447144034,3.3136720175930034,0.14615384615384616,0.8184820953900975,0.0,sample_ii_analysis,downstream_only,none,high,mid,nominal_baseline,not_pileup_like
sample_ii_analysis|downstream_only|sat=none|q=high|amp=mid|base=nominal_baseline|pile=not_pileup_like,ml_shuffled_target_control,1820,7,0.027793048683647913,True,-2.2319822044677435,-11.874680486590483,3.2798974712479954,4.189917239484302,4.3533339688051305,0.2153846153846154,4.023389711977132,0.0,sample_ii_analysis,downstream_only,none,high,mid,nominal_baseline,not_pileup_like
sample_ii_analysis|downstream_only|sat=none|q=high|amp=mid|base=nominal_baseline|pile=not_pileup_like,mlp,1820,7,0.027793048683647913,True,3.436847126742351,-3.402861045282805,6.869778663723038,3.133654275136952,3.2896324593128035,0.1087912087912088,0.7699633894659027,0.0,sample_ii_analysis,downstream_only,none,high,mid,nominal_baseline,not_pileup_like
sample_ii_analysis|downstream_only|sat=none|q=high|amp=mid|base=nominal_baseline|pile=not_pileup_like,pair_median,1820,7,0.027793048683647913,True,0.5801563082851542,-2.5825171889223912,3.312620896057727,1.4728287592353548,2.0549527489619828,0.005494505494505495,0.8197507142671258,0.0,sample_ii_analysis,downstream_only,none,high,mid,nominal_baseline,not_pileup_like
sample_ii_analysis|downstream_only|sat=none|q=high|amp=mid|base=nominal_baseline|pile=not_pileup_like,pool_label_control,1820,7,0.027793048683647913,True,2.7834132125740627,-0.8468281147124052,6.100734336015355,1.8362519026559863,2.2961463036869367,0.006593406593406593,0.8197507142671258,0.0,sample_ii_analysis,downstream_only,none,high,mid,nominal_baseline,not_pileup_like
sample_ii_analysis|downstream_only|sat=none|q=high|amp=mid|base=nominal_baseline|pile=not_pileup_like,ridge,1820,7,0.027793048683647913,True,0.19389912370223295,-13.793008859580263,11.95540117331049,5.707466687836294,6.500298407363143,0.3659340659340659,19.03161169425828,0.0,sample_ii_analysis,downstream_only,none,high,mid,nominal_baseline,not_pileup_like
sample_ii_analysis|downstream_only|sat=none|q=high|amp=mid|base=nominal_baseline|pile=not_pileup_like,support_gated_cnn_new,1820,7,0.027793048683647913,True,-1.1600125519807145,-10.196894644244567,5.861428954282939,4.528040826132351,4.494313391943886,0.2692307692307692,0.9337791201677862,0.0,sample_ii_analysis,downstream_only,none,high,mid,nominal_baseline,not_pileup_like
sample_ii_analysis|downstream_only|sat=none|q=high|amp=mid|base=nominal_baseline|pile=not_pileup_like,traditional_s05d_static_priors,1820,7,0.027793048683647913,True,2.354316435175678,-12.84389048201162,11.859196621259189,6.115214820204612,6.502709186398434,0.39615384615384613,18.042307044983456,0.0,sample_ii_analysis,downstream_only,none,high,mid,nominal_baseline,not_pileup_like
sample_ii_analysis|downstream_only|sat=none|q=high|amp=mid|base=nominal_baseline|pile=not_pileup_like,waveform_only_mlp,1820,7,0.027793048683647913,True,2.580726033846185,-4.239559372870288,5.6172862374104415,3.0752928284501695,3.2464909288181154,0.12582417582417582,0.8759668502733788,0.0,sample_ii_analysis,downstream_only,none,high,mid,nominal_baseline,not_pileup_like
sample_ii_analysis|downstream_only|sat=none|q=high|amp=low|base=nominal_baseline|pile=not_pileup_like,cnn_1d,1772,7,0.027060045201881374,True,1.446540112038842,-6.671510471203521,6.911673306983599,3.931978630738376,4.004267268261864,0.18340857787810383,1.7102524971157393,0.0,sample_ii_analysis,downstream_only,none,high,low,nominal_baseline,not_pileup_like
sample_ii_analysis|downstream_only|sat=none|q=high|amp=low|base=nominal_baseline|pile=not_pileup_like,extra_trees_s05e_dynamic,1772,7,0.027060045201881374,True,-0.19997585019883024,-4.180454559126509,2.4587780256963456,1.5390765713552532,2.1017129076071477,0.01580135440180587,1.2253398422887776,0.0,sample_ii_analysis,downstream_only,none,high,low,nominal_baseline,not_pileup_like
sample_ii_analysis|downstream_only|sat=none|q=high|amp=low|base=nominal_baseline|pile=not_pileup_like,gradient_boosted_trees,1772,7,0.027060045201881374,True,0.36840575092990546,-6.663720016352777,3.9233321993689825,3.4899523911613626,3.510148749751833,0.14954853273137697,1.1632693674938706,0.0,sample_ii_analysis,downstream_only,none,high,low,nominal_baseline,not_pileup_like
sample_ii_analysis|downstream_only|sat=none|q=high|amp=low|base=nominal_baseline|pile=not_pileup_like,ml_shuffled_target_control,1772,7,0.027060045201881374,True,-2.0579276758296654,-10.789405294105979,3.4318622758170423,3.864595430115499,4.054126818833564,0.17325056433408578,3.0211812215372946,0.0,sample_ii_analysis,downstream_only,none,high,low,nominal_baseline,not_pileup_like
sample_ii_analysis|downstream_only|sat=none|q=high|amp=low|base=nominal_baseline|pile=not_pileup_like,mlp,1772,7,0.027060045201881374,True,3.3613813331926545,-3.1214107637574897,7.1292926485248405,3.228518267195424,3.324302098237952,0.1010158013544018,1.3163731584790166,0.0,sample_ii_analysis,downstream_only,none,high,low,nominal_baseline,not_pileup_like
sample_ii_analysis|downstream_only|sat=none|q=high|amp=low|base=nominal_baseline|pile=not_pileup_like,pair_median,1772,7,0.027060045201881374,True,0.8072251829721679,-2.595883231030528,3.7028850497317327,1.6056545679481418,2.1331348547969933,0.006772009029345372,1.1589209713887287,0.0,sample_ii_analysis,downstream_only,none,high,low,nominal_baseline,not_pileup_like
sample_ii_analysis|downstream_only|sat=none|q=high|amp=low|base=nominal_baseline|pile=not_pileup_like,pool_label_control,1772,7,0.027060045201881374,True,2.894715438578628,-1.1566653912536458,6.454590676343538,2.0137387519269385,2.3900867051379504,0.011851015801354402,1.1589209713887287,0.0,sample_ii_analysis,downstream_only,none,high,low,nominal_baseline,not_pileup_like
sample_ii_analysis|downstream_only|sat=none|q=high|amp=low|base=nominal_baseline|pile=not_pileup_like,ridge,1772,7,0.027060045201881374,True,-0.5076210665120726,-15.367345425431086,11.417084299959482,5.0244072845934635,6.332025193166382,0.3227990970654628,16.904612675257177,0.0,sample_ii_analysis,downstream_only,none,high,low,nominal_baseline,not_pileup_like
sample_ii_analysis|downstream_only|sat=none|q=high|amp=low|base=nominal_baseline|pile=not_pileup_like,support_gated_cnn_new,1772,7,0.027060045201881374,True,0.13222061748322267,-8.833906288872914,7.005591818846022,4.367251843737737,4.446204918004447,0.24040632054176073,1.3840267633549694,0.0,sample_ii_analysis,downstream_only,none,high,low,nominal_baseline,not_pileup_like
sample_ii_analysis|downstream_only|sat=none|q=high|amp=low|base=nominal_baseline|pile=not_pileup_like,traditional_s05d_static_priors,1772,7,0.027060045201881374,True,1.4629108140172669,-14.598073717996897,11.044460325449522,5.47312286876786,6.434510566201956,0.3448081264108352,14.916888008810336,0.0,sample_ii_analysis,downstream_only,none,high,low,nominal_baseline,not_pileup_like
sample_ii_analysis|downstream_only|sat=none|q=high|amp=low|base=nominal_baseline|pile=not_pileup_like,waveform_only_mlp,1772,7,0.027060045201881374,True,2.6789802038423534,-4.154766112254329,6.102599202946286,3.2800040284855214,3.373690728811331,0.12246049661399548,1.1820853461959773,0.0,sample_ii_analysis,downstream_only,none,high,low,nominal_baseline,not_pileup_like
sample_ii_analysis|downstream_only|sat=none|q=mid|amp=low|base=nominal_baseline|pile=not_pileup_like,cnn_1d,1745,7,0.026647730743387697,True,0.3037876620308402,-7.5167642022064385,6.310737093548887,3.5020781802013894,4.3166022959316415,0.15816618911174785,2.139292231558826,0.0,sample_ii_analysis,downstream_only,none,mid,low,nominal_baseline,not_pileup_like
sample_ii_analysis|downstream_only|sat=none|q=mid|amp=low|base=nominal_baseline|pile=not_pileup_like,extra_trees_s05e_dynamic,1745,7,0.026647730743387697,True,-0.44000931846557867,-3.997870402654054,2.64390579829997,1.5322282834226582,2.9663215877827795,0.017765042979942695,1.0778206516271878,0.0,sample_ii_analysis,downstream_only,none,mid,low,nominal_baseline,not_pileup_like
sample_ii_analysis|downstream_only|sat=none|q=mid|amp=low|base=nominal_baseline|pile=not_pileup_like,gradient_boosted_trees,1745,7,0.026647730743387697,True,-0.6193704529776101,-7.241433177415178,3.341118606626711,2.9110188536525303,4.0456787518487864,0.09283667621776505,1.4674616282262907,0.0,sample_ii_analysis,downstream_only,none,mid,low,nominal_baseline,not_pileup_like
sample_ii_analysis|downstream_only|sat=none|q=mid|amp=low|base=nominal_baseline|pile=not_pileup_like,ml_shuffled_target_control,1745,7,0.026647730743387697,True,-2.680000917288709,-11.573632505277391,2.9927989836089717,3.6495781858668295,4.507565765779667,0.1673352435530086,2.782486277292149,0.0,sample_ii_analysis,downstream_only,none,mid,low,nominal_baseline,not_pileup_like
sample_ii_analysis|downstream_only|sat=none|q=mid|amp=low|base=nominal_baseline|pile=not_pileup_like,mlp,1745,7,0.026647730743387697,True,2.618314217084229,-3.410615405696847,6.67292698128379,2.698679772597103,3.676823693770594,0.0664756446991404,1.4747835918715009,0.0,sample_ii_analysis,downstream_only,none,mid,low,nominal_baseline,not_pileup_like
sample_ii_analysis|downstream_only|sat=none|q=mid|amp=low|base=nominal_baseline|pile=not_pileup_like,pair_median,1745,7,0.026647730743387697,True,-0.13039310032240792,-3.2539297926745205,3.279103750587843,1.580907742176212,3.1207648001074952,0.013753581661891117,1.4226037909228353,0.0,sample_ii_analysis,downstream_only,none,mid,low,nominal_baseline,not_pileup_like
sample_ii_analysis|downstream_only|sat=none|q=mid|amp=low|base=nominal_baseline|pile=not_pileup_like,pool_label_control,1745,7,0.026647730743387697,True,1.9918098165193805,-2.4265412010266316,5.736783246380501,1.979826935628814,3.3500396240748826,0.022349570200573064,1.422603790922835,0.0,sample_ii_analysis,downstream_only,none,mid,low,nominal_baseline,not_pileup_like
sample_ii_analysis|downstream_only|sat=none|q=mid|amp=low|base=nominal_baseline|pile=not_pileup_like,ridge,1745,7,0.026647730743387697,True,-0.48355579546292926,-10.167727203173667,10.412672913757461,4.154589687303686,5.211695657642733,0.24011461318051575,11.45024485185014,0.0,sample_ii_analysis,downstream_only,none,mid,low,nominal_baseline,not_pileup_like
sample_ii_analysis|downstream_only|sat=none|q=mid|amp=low|base=nominal_baseline|pile=not_pileup_like,support_gated_cnn_new,1745,7,0.026647730743387697,True,-0.3067727890477072,-9.919771828603405,6.12215277619041,4.308737070385764,4.871255383471865,0.22521489971346706,1.7931370008332737,0.0,sample_ii_analysis,downstream_only,none,mid,low,nominal_baseline,not_pileup_like
sample_ii_analysis|downstream_only|sat=none|q=mid|amp=low|base=nominal_baseline|pile=not_pileup_like,traditional_s05d_static_priors,1745,7,0.026647730743387697,True,0.885034816558457,-9.36265665722153,9.468671594971108,4.552272252695747,5.097559511244575,0.2819484240687679,8.564241279648433,0.0,sample_ii_analysis,downstream_only,none,mid,low,nominal_baseline,not_pileup_like
sample_ii_analysis|downstream_only|sat=none|q=mid|amp=low|base=nominal_baseline|pile=not_pileup_like,waveform_only_mlp,1745,7,0.026647730743387697,True,2.0525759211940833,-3.8282048168667053,6.019089401206018,2.6729170836017477,3.692402651609213,0.06532951289398281,1.3672015963554545,0.0,sample_ii_analysis,downstream_only,none,mid,low,nominal_baseline,not_pileup_like
sample_ii_analysis|B2_containing|sat=none|q=mid|amp=low|base=nominal_baseline|pile=not_pileup_like,cnn_1d,1656,7,0.025288620120945574,True,-1.010674207612292,-7.5889270885042945,37.01811793297378,5.329746058457018,13.742890221363638,0.24033816425120774,147.74503522565715,145.60574299409834,sample_ii_analysis,B2_containing,none,mid,low,nominal_baseline,not_pileup_like
sample_ii_analysis|B2_containing|sat=none|q=mid|amp=low|base=nominal_baseline|pile=not_pileup_like,extra_trees_s05e_dynamic,1656,7,0.025288620120945574,True,-0.31170882748778217,-10.22101008749393,31.595451794692508,3.6051082067906686,10.829355792020433,0.20893719806763286,63.05047914034886,61.97265848872168,sample_ii_analysis,B2_containing,none,mid,low,nominal_baseline,not_pileup_like
sample_ii_analysis|B2_containing|sat=none|q=mid|amp=low|base=nominal_baseline|pile=not_pileup_like,gradient_boosted_trees,1656,7,0.025288620120945574,True,-2.253484506347004,-10.217778170219358,31.20506680488562,3.966010255730443,10.853736672205317,0.2028985507246377,59.98417924347853,58.51671761525224,sample_ii_analysis,B2_containing,none,mid,low,nominal_baseline,not_pileup_like
sample_ii_analysis|B2_containing|sat=none|q=mid|amp=low|base=nominal_baseline|pile=not_pileup_like,ml_shuffled_target_control,1656,7,0.025288620120945574,True,-4.112844182668895,-12.819392129340129,35.40167920313273,5.7896772238378285,13.984476191467078,0.3218599033816425,148.85288354559208,146.07039726829993,sample_ii_analysis,B2_containing,none,mid,low,nominal_baseline,not_pileup_like
sample_ii_analysis|B2_containing|sat=none|q=mid|amp=low|base=nominal_baseline|pile=not_pileup_like,mlp,1656,7,0.025288620120945574,True,1.0341166748709625,-4.95198103495768,37.7590113077125,4.7032275516799595,13.313620403199435,0.21195652173913043,136.0309818906436,134.5561982987721,sample_ii_analysis,B2_containing,none,mid,low,nominal_baseline,not_pileup_like
sample_ii_analysis|B2_containing|sat=none|q=mid|amp=low|base=nominal_baseline|pile=not_pileup_like,pair_median,1656,7,0.025288620120945574,True,0.11789277918720131,-5.269923385421876,39.72852280920403,3.660730410549504,14.059674708689787,0.19082125603864733,151.37041980692143,149.9478160159986,sample_ii_analysis,B2_containing,none,mid,low,nominal_baseline,not_pileup_like
sample_ii_analysis|B2_containing|sat=none|q=mid|amp=low|base=nominal_baseline|pile=not_pileup_like,pool_label_control,1656,7,0.025288620120945574,True,-3.750153860630081,-11.149531394543438,35.36804870083794,3.923322503257636,14.073758477386043,0.2113526570048309,151.37041980692143,149.9478160159986,sample_ii_analysis,B2_containing,none,mid,low,nominal_baseline,not_pileup_like
sample_ii_analysis|B2_containing|sat=none|q=mid|amp=low|base=nominal_baseline|pile=not_pileup_like,ridge,1656,7,0.025288620120945574,True,0.41193402651210725,-12.447607674427898,21.49724194766023,4.94264207604671,7.6312266290959005,0.3085748792270531,30.767863553628533,19.317618701778393,sample_ii_analysis,B2_containing,none,mid,low,nominal_baseline,not_pileup_like
sample_ii_analysis|B2_containing|sat=none|q=mid|amp=low|base=nominal_baseline|pile=not_pileup_like,support_gated_cnn_new,1656,7,0.025288620120945574,True,-1.473222358934665,-10.029443892823075,40.66239996347813,6.343536294224782,14.523430469934151,0.36835748792270534,142.30251972340272,140.50938272256946,sample_ii_analysis,B2_containing,none,mid,low,nominal_baseline,not_pileup_like
sample_ii_analysis|B2_containing|sat=none|q=mid|amp=low|base=nominal_baseline|pile=not_pileup_like,traditional_s05d_static_priors,1656,7,0.025288620120945574,True,1.6366183611222356,-13.532551190318271,22.937340991275807,5.1862654234424665,8.06662445936038,0.33454106280193235,26.539692200202957,17.975450920554522,sample_ii_analysis,B2_containing,none,mid,low,nominal_baseline,not_pileup_like
sample_ii_analysis|B2_containing|sat=none|q=mid|amp=low|base=nominal_baseline|pile=not_pileup_like,waveform_only_mlp,1656,7,0.025288620120945574,True,0.654476393087426,-5.3193965029545565,37.087385457400956,4.722669305133654,13.409170090418563,0.2041062801932367,135.9153617225632,134.54816012620776,sample_ii_analysis,B2_containing,none,mid,low,nominal_baseline,not_pileup_like
sample_ii_analysis|B2_containing|sat=none|q=high|amp=mid|base=nominal_baseline|pile=not_pileup_like,cnn_1d,1468,7,0.022417689817359965,True,-1.7636692213094118,-8.285769730848914,31.445193006776787,4.322540605287461,8.334569268910174,0.22888283378746593,26.54444304538152,25.26022754819193,sample_ii_analysis,B2_containing,none,high,mid,nominal_baseline,not_pileup_like
sample_ii_analysis|B2_containing|sat=none|q=high|amp=mid|base=nominal_baseline|pile=not_pileup_like,extra_trees_s05e_dynamic,1468,7,0.022417689817359965,True,-0.7119165924800428,-5.072750078269947,26.40019503872682,1.5936788457503674,6.385058309537554,0.08310626702997276,21.563597568040073,20.745262647243898,sample_ii_analysis,B2_containing,none,high,mid,nominal_baseline,not_pileup_like
sample_ii_analysis|B2_containing|sat=none|q=high|amp=mid|base=nominal_baseline|pile=not_pileup_like,gradient_boosted_trees,1468,7,0.022417689817359965,True,-1.3795098488936524,-7.538833496863282,26.987199886687133,3.464322013257939,7.201434921023611,0.1396457765667575,24.454855399301263,23.636373303911164,sample_ii_analysis,B2_containing,none,high,mid,nominal_baseline,not_pileup_like
sample_ii_analysis|B2_containing|sat=none|q=high|amp=mid|base=nominal_baseline|pile=not_pileup_like,ml_shuffled_target_control,1468,7,0.022417689817359965,True,-4.287016686392632,-13.291940764714639,26.865447407129746,4.543254647586771,8.459854528374436,0.27520435967302453,27.726762000136244,23.703372288159112,sample_ii_analysis,B2_containing,none,high,mid,nominal_baseline,not_pileup_like
sample_ii_analysis|B2_containing|sat=none|q=high|amp=mid|base=nominal_baseline|pile=not_pileup_like,mlp,1468,7,0.022417689817359965,True,1.8620516309212425,-4.637265920155337,33.38406396306629,3.679473454466729,7.905210878607155,0.17915531335149865,26.7932624958152,26.023299106349295,sample_ii_analysis,B2_containing,none,high,mid,nominal_baseline,not_pileup_like
sample_ii_analysis|B2_containing|sat=none|q=high|amp=mid|base=nominal_baseline|pile=not_pileup_like,pair_median,1468,7,0.022417689817359965,True,0.5557306375801685,-2.8911865897179636,33.96310879129173,1.664792178958227,7.593130472116505,0.07288828337874659,27.014996559038575,26.19524584477145,sample_ii_analysis,B2_containing,none,high,mid,nominal_baseline,not_pileup_like
sample_ii_analysis|B2_containing|sat=none|q=high|amp=mid|base=nominal_baseline|pile=not_pileup_like,pool_label_control,1468,7,0.022417689817359965,True,-3.427636218725138,-9.814765375360247,30.01304704429332,2.591129356268044,7.944951954986151,0.11239782016348773,27.01499655903858,26.195245844771453,sample_ii_analysis,B2_containing,none,high,mid,nominal_baseline,not_pileup_like
sample_ii_analysis|B2_containing|sat=none|q=high|amp=mid|base=nominal_baseline|pile=not_pileup_like,ridge,1468,7,0.022417689817359965,True,-1.5354524285414182,-13.863887501231208,13.114874846493722,5.804295560264326,6.6145434261105205,0.385558583106267,19.382246890208815,0.3506351959505345,sample_ii_analysis,B2_containing,none,high,mid,nominal_baseline,not_pileup_like
sample_ii_analysis|B2_containing|sat=none|q=high|amp=mid|base=nominal_baseline|pile=not_pileup_like,support_gated_cnn_new,1468,7,0.022417689817359965,True,-2.536229098195347,-10.013429034199453,31.761091749153604,4.924849253468716,8.902078791167272,0.3079019073569482,26.65666435232183,25.722885232154045,sample_ii_analysis,B2_containing,none,high,mid,nominal_baseline,not_pileup_like
sample_ii_analysis|B2_containing|sat=none|q=high|amp=mid|base=nominal_baseline|pile=not_pileup_like,traditional_s05d_static_priors,1468,7,0.022417689817359965,True,0.04011365022200836,-13.092168640902704,14.926744329103583,6.394718463242807,7.136989291442364,0.40735694822888285,21.444458647691437,3.4021516027079812,sample_ii_analysis,B2_containing,none,high,mid,nominal_baseline,not_pileup_like
sample_ii_analysis|B2_containing|sat=none|q=high|amp=mid|base=nominal_baseline|pile=not_pileup_like,waveform_only_mlp,1468,7,0.022417689817359965,True,1.2072864262664291,-4.7729262534357835,33.169187756129254,3.307187706912405,7.835898142486344,0.1307901907356948,27.132969957709616,26.257003107436237,sample_ii_analysis,B2_containing,none,high,mid,nominal_baseline,not_pileup_like
sample_ii_analysis|downstream_only|sat=none|q=mid|amp=high|base=nominal_baseline|pile=not_pileup_like,cnn_1d,1421,7,0.021699957241463563,True,-0.4056553127770228,-7.96108109620165,3.779445352386648,3.112357168014749,3.759967984228548,0.11118930330752991,18.66599952387477,0.0,sample_ii_analysis,downstream_only,none,mid,high,nominal_baseline,not_pileup_like
sample_ii_analysis|downstream_only|sat=none|q=mid|amp=high|base=nominal_baseline|pile=not_pileup_like,extra_trees_s05e_dynamic,1421,7,0.021699957241463563,True,-0.044893122388792506,-3.9008549897559988,2.50794452319475,1.5092503275842502,2.325086186637313,0.014778325123152709,12.549697364742364,0.0,sample_ii_analysis,downstream_only,none,mid,high,nominal_baseline,not_pileup_like
sample_ii_analysis|downstream_only|sat=none|q=mid|amp=high|base=nominal_baseline|pile=not_pileup_like,gradient_boosted_trees,1421,7,0.021699957241463563,True,0.01325016919225952,-6.098114656257687,2.8309686395633804,2.7011920496538506,3.051505042945562,0.08655876143560873,7.592425366794324,0.0,sample_ii_analysis,downstream_only,none,mid,high,nominal_baseline,not_pileup_like
sample_ii_analysis|downstream_only|sat=none|q=mid|amp=high|base=nominal_baseline|pile=not_pileup_like,ml_shuffled_target_control,1421,7,0.021699957241463563,True,-3.527089962221186,-12.884658568635967,1.7324484731521235,4.282653806392718,4.605795031324569,0.2139338494018297,31.054343597935215,0.0,sample_ii_analysis,downstream_only,none,mid,high,nominal_baseline,not_pileup_like
sample_ii_analysis|downstream_only|sat=none|q=mid|amp=high|base=nominal_baseline|pile=not_pileup_like,mlp,1421,7,0.021699957241463563,True,3.349575330723868,-2.6817534478361886,6.4705142420104895,2.5666275358624104,3.2169518080293873,0.06966924700914849,18.956314752410112,0.0,sample_ii_analysis,downstream_only,none,mid,high,nominal_baseline,not_pileup_like
sample_ii_analysis|downstream_only|sat=none|q=mid|amp=high|base=nominal_baseline|pile=not_pileup_like,pair_median,1421,7,0.021699957241463563,True,0.2979429819016275,-2.2155556777978593,2.7864242340067493,1.3710959571738424,2.4789287800883195,0.009148486980999296,19.540428351250473,0.0,sample_ii_analysis,downstream_only,none,mid,high,nominal_baseline,not_pileup_like
sample_ii_analysis|downstream_only|sat=none|q=mid|amp=high|base=nominal_baseline|pile=not_pileup_like,pool_label_control,1421,7,0.021699957241463563,True,2.728175657105464,-0.12643806507868083,5.470374761628508,1.4735368368916513,2.5371751737376305,0.01055594651653765,19.540428351250473,0.0,sample_ii_analysis,downstream_only,none,mid,high,nominal_baseline,not_pileup_like
sample_ii_analysis|downstream_only|sat=none|q=mid|amp=high|base=nominal_baseline|pile=not_pileup_like,ridge,1421,7,0.021699957241463563,True,-1.4031114690357946,-11.10509552374824,12.38783759203756,5.179403546376564,5.930492616916658,0.3251231527093596,30.902038748891936,0.0,sample_ii_analysis,downstream_only,none,mid,high,nominal_baseline,not_pileup_like
sample_ii_analysis|downstream_only|sat=none|q=mid|amp=high|base=nominal_baseline|pile=not_pileup_like,support_gated_cnn_new,1421,7,0.021699957241463563,True,-0.892851699372998,-9.32754884968386,5.617640155085474,3.7466936432160365,4.370302957228659,0.1956368754398311,19.91296722140477,0.0,sample_ii_analysis,downstream_only,none,mid,high,nominal_baseline,not_pileup_like
sample_ii_analysis|downstream_only|sat=none|q=mid|amp=high|base=nominal_baseline|pile=not_pileup_like,traditional_s05d_static_priors,1421,7,0.021699957241463563,True,0.4942674860761871,-10.386557232258443,13.673923426678083,5.3376928799567125,6.015585544382616,0.34553131597466574,13.85793974155217,0.0,sample_ii_analysis,downstream_only,none,mid,high,nominal_baseline,not_pileup_like
sample_ii_analysis|downstream_only|sat=none|q=mid|amp=high|base=nominal_baseline|pile=not_pileup_like,waveform_only_mlp,1421,7,0.021699957241463563,True,2.506597037025303,-2.7518213297329357,5.516608656856766,2.406351241509177,3.0517535973030467,0.045038705137227304,20.27799948014696,0.0,sample_ii_analysis,downstream_only,none,mid,high,nominal_baseline,not_pileup_like
sample_ii_analysis|B2_containing|sat=mild|q=mid|amp=high|base=nominal_baseline|pile=not_pileup_like,cnn_1d,1361,7,0.02078370288925539,True,-5.139360723710377,-10.161727477075106,28.845988263549714,5.952922982897709,10.903494932119882,0.2233651726671565,67.18451734359903,,sample_ii_analysis,B2_containing,mild,mid,high,nominal_baseline,not_pileup_like
sample_ii_analysis|B2_containing|sat=mild|q=mid|amp=high|base=nominal_baseline|pile=not_pileup_like,extra_trees_s05e_dynamic,1361,7,0.02078370288925539,True,-0.2166243026838791,-4.832579081725011,25.781471364254685,3.543819035782505,8.234234231356197,0.18515797207935342,36.12329047380847,,sample_ii_analysis,B2_containing,mild,mid,high,nominal_baseline,not_pileup_like
sample_ii_analysis|B2_containing|sat=mild|q=mid|amp=high|base=nominal_baseline|pile=not_pileup_like,gradient_boosted_trees,1361,7,0.02078370288925539,True,-4.930625017852716,-7.961179617037491,24.18231024715881,5.066599830759069,9.749980170698116,0.21675238795003673,51.05778486417747,,sample_ii_analysis,B2_containing,mild,mid,high,nominal_baseline,not_pileup_like
sample_ii_analysis|B2_containing|sat=mild|q=mid|amp=high|base=nominal_baseline|pile=not_pileup_like,ml_shuffled_target_control,1361,7,0.02078370288925539,True,-6.859878054764605,-13.655992770983218,26.47413171964544,5.675338890681399,10.836664753690142,0.2652461425422483,68.65076400741881,,sample_ii_analysis,B2_containing,mild,mid,high,nominal_baseline,not_pileup_like
sample_ii_analysis|B2_containing|sat=mild|q=mid|amp=high|base=nominal_baseline|pile=not_pileup_like,mlp,1361,7,0.02078370288925539,True,-2.4168946759331273,-6.2876608990357825,31.406288900032898,5.235561663943274,10.85777159477,0.21969140337986776,63.776219366352166,,sample_ii_analysis,B2_containing,mild,mid,high,nominal_baseline,not_pileup_like
sample_ii_analysis|B2_containing|sat=mild|q=mid|amp=high|base=nominal_baseline|pile=not_pileup_like,pair_median,1361,7,0.02078370288925539,True,-0.12880105578634016,-3.3627962270923137,32.424017083909646,4.815976055060735,10.403875480515426,0.1866274797942689,66.59136268165335,,sample_ii_analysis,B2_containing,mild,mid,high,nominal_baseline,not_pileup_like
sample_ii_analysis|B2_containing|sat=mild|q=mid|amp=high|base=nominal_baseline|pile=not_pileup_like,pool_label_control,1361,7,0.02078370288925539,True,-4.722934022010054,-8.140212691176298,28.307514999444958,5.066777024268392,10.610317691883749,0.19691403379867745,66.59136268165335,,sample_ii_analysis,B2_containing,mild,mid,high,nominal_baseline,not_pileup_like
sample_ii_analysis|B2_containing|sat=mild|q=mid|amp=high|base=nominal_baseline|pile=not_pileup_like,ridge,1361,7,0.02078370288925539,True,-0.39498283122358213,-16.963546419056136,13.60892344989723,6.634991369896175,7.483051329055807,0.429096252755327,22.48579058330812,,sample_ii_analysis,B2_containing,mild,mid,high,nominal_baseline,not_pileup_like
sample_ii_analysis|B2_containing|sat=mild|q=mid|amp=high|base=nominal_baseline|pile=not_pileup_like,support_gated_cnn_new,1361,7,0.02078370288925539,True,-5.91960289539167,-11.139991873550764,30.501178440869964,7.25946900031891,12.133324715763006,0.26818515797207937,65.2188416586815,,sample_ii_analysis,B2_containing,mild,mid,high,nominal_baseline,not_pileup_like
sample_ii_analysis|B2_containing|sat=mild|q=mid|amp=high|base=nominal_baseline|pile=not_pileup_like,traditional_s05d_static_priors,1361,7,0.02078370288925539,True,-0.4557959240682312,-16.345094438250367,14.86581338057173,5.735232644981942,7.261183731640064,0.3666421748714181,16.855216926896087,,sample_ii_analysis,B2_containing,mild,mid,high,nominal_baseline,not_pileup_like
sample_ii_analysis|B2_containing|sat=mild|q=mid|amp=high|base=nominal_baseline|pile=not_pileup_like,waveform_only_mlp,1361,7,0.02078370288925539,True,-2.131225860204535,-5.678154508355055,31.3683147432016,4.906769196683186,10.84947702718732,0.20940484937545922,65.46670744208208,,sample_ii_analysis,B2_containing,mild,mid,high,nominal_baseline,not_pileup_like
sample_ii_analysis|B2_containing|sat=none|q=mid|amp=high|base=low_baseline|pile=not_pileup_like,cnn_1d,1146,7,0.017500458127176103,True,-4.651717963648093,-9.543280907792024,1.532860085425698,3.3630897660756762,3.1518775116868754,0.10034904013961606,0.5845412232616931,,sample_ii_analysis,B2_containing,none,mid,high,low_baseline,not_pileup_like
sample_ii_analysis|B2_containing|sat=none|q=mid|amp=high|base=low_baseline|pile=not_pileup_like,extra_trees_s05e_dynamic,1146,7,0.017500458127176103,True,-0.260345890193247,-2.763296837746522,1.6965015362453242,1.1363082436838354,1.4175114075702069,0.007853403141361256,0.5093721439949085,,sample_ii_analysis,B2_containing,none,mid,high,low_baseline,not_pileup_like
sample_ii_analysis|B2_containing|sat=none|q=mid|amp=high|base=low_baseline|pile=not_pileup_like,gradient_boosted_trees,1146,7,0.017500458127176103,True,-4.592390774078727,-7.493444723934072,1.2318864093643505,2.842535154104212,2.8176792156388037,0.06893542757417102,0.567644272617106,,sample_ii_analysis,B2_containing,none,mid,high,low_baseline,not_pileup_like
sample_ii_analysis|B2_containing|sat=none|q=mid|amp=high|base=low_baseline|pile=not_pileup_like,ml_shuffled_target_control,1146,7,0.017500458127176103,True,-6.447292749476568,-13.194561335314033,0.6809242642102862,3.712919292217139,3.658580519361717,0.1719022687609075,3.5457631242129137,,sample_ii_analysis,B2_containing,none,mid,high,low_baseline,not_pileup_like
sample_ii_analysis|B2_containing|sat=none|q=mid|amp=high|base=low_baseline|pile=not_pileup_like,mlp,1146,7,0.017500458127176103,True,-1.3678242455041443,-4.543044045721538,4.681113830895423,2.932477432312579,2.9949393391385435,0.10034904013961606,0.9240620480659738,,sample_ii_analysis,B2_containing,none,mid,high,low_baseline,not_pileup_like
sample_ii_analysis|B2_containing|sat=none|q=mid|amp=high|base=low_baseline|pile=not_pileup_like,pair_median,1146,7,0.017500458127176103,True,-0.6103386977457781,-2.756477467016724,1.797149391039825,1.1526077438342688,1.4050254145000864,0.005235602094240838,0.5617350122938327,,sample_ii_analysis,B2_containing,none,mid,high,low_baseline,not_pileup_like
sample_ii_analysis|B2_containing|sat=none|q=mid|amp=high|base=low_baseline|pile=not_pileup_like,pool_label_control,1146,7,0.017500458127176103,True,-4.863213362345048,-9.201603513388676,-1.2723491630074628,1.534563140939659,2.0062238630603937,0.031413612565445025,0.5617350122938327,,sample_ii_analysis,B2_containing,none,mid,high,low_baseline,not_pileup_like
sample_ii_analysis|B2_containing|sat=none|q=mid|amp=high|base=low_baseline|pile=not_pileup_like,ridge,1146,7,0.017500458127176103,True,1.0642201133246534,-8.93802167677698,11.34095284848288,4.367002744085597,4.951668499282958,0.2582897033158813,10.231896575681244,,sample_ii_analysis,B2_containing,none,mid,high,low_baseline,not_pileup_like
sample_ii_analysis|B2_containing|sat=none|q=mid|amp=high|base=low_baseline|pile=not_pileup_like,support_gated_cnn_new,1146,7,0.017500458127176103,True,-5.441852188311205,-10.651241583272636,1.7788118662483248,3.2533883083919366,3.314037636719841,0.13176265270506107,0.5187169488742953,,sample_ii_analysis,B2_containing,none,mid,high,low_baseline,not_pileup_like
sample_ii_analysis|B2_containing|sat=none|q=mid|amp=high|base=low_baseline|pile=not_pileup_like,traditional_s05d_static_priors,1146,7,0.017500458127176103,True,1.6581610467348862,-8.469464940471656,10.184285311926628,4.071650424938889,4.557895853606825,0.23298429319371727,5.085212995549362,,sample_ii_analysis,B2_containing,none,mid,high,low_baseline,not_pileup_like
sample_ii_analysis|B2_containing|sat=none|q=mid|amp=high|base=low_baseline|pile=not_pileup_like,waveform_only_mlp,1146,7,0.017500458127176103,True,-1.4725977338485887,-4.526515455248164,3.960596562402672,2.728663957658759,2.6798956721882066,0.04363001745200698,0.5553923303922881,,sample_ii_analysis,B2_containing,none,mid,high,low_baseline,not_pileup_like
sample_ii_analysis|B2_containing|sat=none|q=high|amp=low|base=nominal_baseline|pile=not_pileup_like,cnn_1d,1073,7,0.01638568199865616,True,0.9338265976930309,-6.5003547362848115,41.496419754019975,4.667445980094374,13.2670248071294,0.2870456663560112,92.12067444278888,90.41042194567314,sample_ii_analysis,B2_containing,none,high,low,nominal_baseline,not_pileup_like
sample_ii_analysis|B2_containing|sat=none|q=high|amp=low|base=nominal_baseline|pile=not_pileup_like,extra_trees_s05e_dynamic,1073,7,0.01638568199865616,True,-0.3681643932732954,-6.677878408007626,34.62104923508619,2.17546503089205,10.705266471565237,0.1733457595526561,66.212695069192,64.98735522690322,sample_ii_analysis,B2_containing,none,high,low,nominal_baseline,not_pileup_like
sample_ii_analysis|B2_containing|sat=none|q=high|amp=low|base=nominal_baseline|pile=not_pileup_like,gradient_boosted_trees,1073,7,0.01638568199865616,True,-0.1911692393161144,-7.576077948240544,36.25848058678768,3.657926186285545,10.804884728069965,0.2572227399813607,67.44480903509005,66.28153966759618,sample_ii_analysis,B2_containing,none,high,low,nominal_baseline,not_pileup_like
sample_ii_analysis|B2_containing|sat=none|q=high|amp=low|base=nominal_baseline|pile=not_pileup_like,ml_shuffled_target_control,1073,7,0.01638568199865616,True,-2.2298078153745773,-12.217551209264197,38.851837725721566,4.888165763956512,13.262848512892475,0.3271202236719478,101.75341644603986,98.73223522450257,sample_ii_analysis,B2_containing,none,high,low,nominal_baseline,not_pileup_like
sample_ii_analysis|B2_containing|sat=none|q=high|amp=low|base=nominal_baseline|pile=not_pileup_like,mlp,1073,7,0.01638568199865616,True,2.877521325906358,-4.642799832052238,42.819726937997174,3.940720479358165,12.877376067474124,0.27586206896551724,93.82954033954015,92.51316718106114,sample_ii_analysis,B2_containing,none,high,low,nominal_baseline,not_pileup_like
sample_ii_analysis|B2_containing|sat=none|q=high|amp=low|base=nominal_baseline|pile=not_pileup_like,pair_median,1073,7,0.01638568199865616,True,0.8502086796376456,-2.9393440620714584,41.850423854451115,2.3374061620284055,13.386411863849009,0.14725069897483692,98.17364526884515,97.01472429745643,sample_ii_analysis,B2_containing,none,high,low,nominal_baseline,not_pileup_like
sample_ii_analysis|B2_containing|sat=none|q=high|amp=low|base=nominal_baseline|pile=not_pileup_like,pool_label_control,1073,7,0.01638568199865616,True,-2.5407707150253938,-8.931469401599655,38.75005959870932,3.0384049930122092,13.44551509699134,0.1863932898415657,98.17364526884515,97.01472429745643,sample_ii_analysis,B2_containing,none,high,low,nominal_baseline,not_pileup_like
sample_ii_analysis|B2_containing|sat=none|q=high|amp=low|base=nominal_baseline|pile=not_pileup_like,ridge,1073,7,0.01638568199865616,True,0.8843494246740651,-13.642615126264218,23.347442768125855,4.87794516538623,8.549288693227675,0.3140726933830382,34.34868354199855,17.44407086674137,sample_ii_analysis,B2_containing,none,high,low,nominal_baseline,not_pileup_like
sample_ii_analysis|B2_containing|sat=none|q=high|amp=low|base=nominal_baseline|pile=not_pileup_like,support_gated_cnn_new,1073,7,0.01638568199865616,True,-0.013144529500418223,-9.892447725824022,43.88574239112567,5.33744319243561,14.276449186863479,0.353215284249767,98.48777768734296,97.10375092398799,sample_ii_analysis,B2_containing,none,high,low,nominal_baseline,not_pileup_like
sample_ii_analysis|B2_containing|sat=none|q=high|amp=low|base=nominal_baseline|pile=not_pileup_like,traditional_s05d_static_priors,1073,7,0.01638568199865616,True,2.535391691784271,-14.822692810218008,26.169012146707935,5.088037307515886,8.850163501292812,0.32525629077353213,35.445409235005584,20.52852122619525,sample_ii_analysis,B2_containing,none,high,low,nominal_baseline,not_pileup_like
sample_ii_analysis|B2_containing|sat=none|q=high|amp=low|base=nominal_baseline|pile=not_pileup_like,waveform_only_mlp,1073,7,0.01638568199865616,True,2.3013661492325195,-4.890899734916036,41.61105233513688,3.6446388201723225,12.825260222382235,0.2534948741845294,92.30478463534402,91.12269928914804,sample_ii_analysis,B2_containing,none,high,low,nominal_baseline,not_pileup_like
sample_ii_analysis|B2_containing|sat=none|q=high|amp=high|base=nominal_baseline|pile=not_pileup_like,cnn_1d,1000,7,0.015270905870136216,True,-4.223744659913337,-9.25030648130602,19.887154970042943,4.021962461615772,6.631783463164508,0.174,0.8339116382200893,-1.4999403322982454,sample_ii_analysis,B2_containing,none,high,high,nominal_baseline,not_pileup_like
sample_ii_analysis|B2_containing|sat=none|q=high|amp=high|base=nominal_baseline|pile=not_pileup_like,extra_trees_s05e_dynamic,1000,7,0.015270905870136216,True,-1.1415547411121216,-6.200063771722272,19.33273618613798,1.939542060621982,5.13286690821923,0.074,1.8865392867096822,-2.3303911343500414,sample_ii_analysis,B2_containing,none,high,high,nominal_baseline,not_pileup_like
sample_ii_analysis|B2_containing|sat=none|q=high|amp=high|base=nominal_baseline|pile=not_pileup_like,gradient_boosted_trees,1000,7,0.015270905870136216,True,-4.406317633710325,-8.051305856029739,18.115556068256634,3.212009992674327,5.908745292378762,0.163,0.9534159042239202,-1.0406970969234108,sample_ii_analysis,B2_containing,none,high,high,nominal_baseline,not_pileup_like
sample_ii_analysis|B2_containing|sat=none|q=high|amp=high|base=nominal_baseline|pile=not_pileup_like,ml_shuffled_target_control,1000,7,0.015270905870136216,True,-7.2465242888627275,-14.50778869191196,18.559174266907846,4.464897752191245,7.164346272469792,0.259,4.049163035706298,-5.533117399900272,sample_ii_analysis,B2_containing,none,high,high,nominal_baseline,not_pileup_like
sample_ii_analysis|B2_containing|sat=none|q=high|amp=high|base=nominal_baseline|pile=not_pileup_like,mlp,1000,7,0.015270905870136216,True,-1.4573135183067112,-4.623962831484354,23.412091220028422,3.431043532854751,6.549413536987386,0.182,1.0299195837933905,-1.2119302287542841,sample_ii_analysis,B2_containing,none,high,high,nominal_baseline,not_pileup_like
sample_ii_analysis|B2_containing|sat=none|q=high|amp=high|base=nominal_baseline|pile=not_pileup_like,pair_median,1000,7,0.015270905870136216,True,0.07898397785257671,-2.52071460694042,23.90131125149525,1.3091870361789781,5.779973152937146,0.052,0.7565583624542607,-1.5166109946501074,sample_ii_analysis,B2_containing,none,high,high,nominal_baseline,not_pileup_like
sample_ii_analysis|B2_containing|sat=none|q=high|amp=high|base=nominal_baseline|pile=not_pileup_like,pool_label_control,1000,7,0.015270905870136216,True,-4.464978925199283,-8.82156982569138,20.329816350348136,1.9750230169976841,6.124516154104589,0.076,0.7565583624542604,-1.5166109946501076,sample_ii_analysis,B2_containing,none,high,high,nominal_baseline,not_pileup_like
sample_ii_analysis|B2_containing|sat=none|q=high|amp=high|base=nominal_baseline|pile=not_pileup_like,ridge,1000,7,0.015270905870136216,True,-6.937625665259699,-17.607011653893913,15.550302542593727,9.606873570822255,9.608328428821402,0.604,51.119532591504644,11.60680720925756,sample_ii_analysis,B2_containing,none,high,high,nominal_baseline,not_pileup_like
sample_ii_analysis|B2_containing|sat=none|q=high|amp=high|base=nominal_baseline|pile=not_pileup_like,support_gated_cnn_new,1000,7,0.015270905870136216,True,-4.988417607975196,-10.325793100316531,23.433093358487255,3.9776494233549675,7.278156087996793,0.188,1.0683491993764096,-1.3524975132534118,sample_ii_analysis,B2_containing,none,high,high,nominal_baseline,not_pileup_like
sample_ii_analysis|B2_containing|sat=none|q=high|amp=high|base=nominal_baseline|pile=not_pileup_like,traditional_s05d_static_priors,1000,7,0.015270905870136216,True,-6.04999931079797,-16.197972909914636,16.97806798758,9.945387556219206,10.126075531965968,0.633,44.98601643931757,4.09085476994089,sample_ii_analysis,B2_containing,none,high,high,nominal_baseline,not_pileup_like
sample_ii_analysis|B2_containing|sat=none|q=high|amp=high|base=nominal_baseline|pile=not_pileup_like,waveform_only_mlp,1000,7,0.015270905870136216,True,-1.2608855071252163,-4.774334987121738,23.655012256715768,2.9262676503364915,6.276463456962065,0.093,0.7693391577827839,-1.6435908170063487,sample_ii_analysis,B2_containing,none,high,high,nominal_baseline,not_pileup_like
sample_ii_analysis|downstream_only|sat=none|q=high|amp=high|base=nominal_baseline|pile=not_pileup_like,cnn_1d,875,7,0.01336204263636919,True,-0.6506317851385512,-7.496860355321773,3.7936895936729416,2.6880085443703363,2.9409657788444674,0.07428571428571429,2.3338519705183347,0.0,sample_ii_analysis,downstream_only,none,high,high,nominal_baseline,not_pileup_like
sample_ii_analysis|downstream_only|sat=none|q=high|amp=high|base=nominal_baseline|pile=not_pileup_like,extra_trees_s05e_dynamic,875,7,0.01336204263636919,True,-0.12673079410614552,-5.991256297598576,2.6558887885109557,1.5811430848243333,2.2020600033298177,0.03428571428571429,4.216930421059724,0.0,sample_ii_analysis,downstream_only,none,high,high,nominal_baseline,not_pileup_like
sample_ii_analysis|downstream_only|sat=none|q=high|amp=high|base=nominal_baseline|pile=not_pileup_like,gradient_boosted_trees,875,7,0.01336204263636919,True,0.052768444054247965,-6.33528332292762,3.078535718098585,1.9232619110933427,2.63338946338302,0.056,1.9941130011473311,0.0,sample_ii_analysis,downstream_only,none,high,high,nominal_baseline,not_pileup_like
sample_ii_analysis|downstream_only|sat=none|q=high|amp=high|base=nominal_baseline|pile=not_pileup_like,ml_shuffled_target_control,875,7,0.01336204263636919,True,-3.779785216892703,-13.55241699729805,1.5076231450792246,4.356919838911962,4.347388787367926,0.216,9.58228043560657,0.0,sample_ii_analysis,downstream_only,none,high,high,nominal_baseline,not_pileup_like
sample_ii_analysis|downstream_only|sat=none|q=high|amp=high|base=nominal_baseline|pile=not_pileup_like,mlp,875,7,0.01336204263636919,True,3.4929312768176577,-2.4223546568351013,6.7420285810007154,1.8958311494632334,2.457238806340875,0.04342857142857143,2.2418498125476747,0.0,sample_ii_analysis,downstream_only,none,high,high,nominal_baseline,not_pileup_like
sample_ii_analysis|downstream_only|sat=none|q=high|amp=high|base=nominal_baseline|pile=not_pileup_like,pair_median,875,7,0.01336204263636919,True,0.25380072858062164,-2.849092420819815,2.9099474132744763,1.4260058291078188,1.8959146561731246,0.017142857142857144,2.273169357104368,0.0,sample_ii_analysis,downstream_only,none,high,high,nominal_baseline,not_pileup_like
sample_ii_analysis|downstream_only|sat=none|q=high|amp=high|base=nominal_baseline|pile=not_pileup_like,pool_label_control,875,7,0.01336204263636919,True,2.6390833999811503,-0.4165136278989308,5.649052848151798,1.5137482456087972,1.9529196206771569,0.017142857142857144,2.273169357104368,0.0,sample_ii_analysis,downstream_only,none,high,high,nominal_baseline,not_pileup_like
sample_ii_analysis|downstream_only|sat=none|q=high|amp=high|base=nominal_baseline|pile=not_pileup_like,ridge,875,7,0.01336204263636919,True,6.8228227313710645,-16.507290667198763,15.909231265594755,6.8103030486336396,8.465381922761924,0.3931428571428571,39.51272538224708,0.0,sample_ii_analysis,downstream_only,none,high,high,nominal_baseline,not_pileup_like
sample_ii_analysis|downstream_only|sat=none|q=high|amp=high|base=nominal_baseline|pile=not_pileup_like,support_gated_cnn_new,875,7,0.01336204263636919,True,-1.4193985197798624,-8.949876647884238,5.1439252704163705,4.156009037998007,4.058988848002213,0.216,2.4208467126298214,0.0,sample_ii_analysis,downstream_only,none,high,high,nominal_baseline,not_pileup_like
sample_ii_analysis|downstream_only|sat=none|q=high|amp=high|base=nominal_baseline|pile=not_pileup_like,traditional_s05d_static_priors,875,7,0.01336204263636919,True,9.315450610827646,-15.546319527005618,18.16912595267471,7.143480388712922,8.82649812443419,0.43542857142857144,40.89516166937668,0.0,sample_ii_analysis,downstream_only,none,high,high,nominal_baseline,not_pileup_like
sample_ii_analysis|downstream_only|sat=none|q=high|amp=high|base=nominal_baseline|pile=not_pileup_like,waveform_only_mlp,875,7,0.01336204263636919,True,2.4412567560195853,-2.3720717835561773,5.123615366619485,1.6773769806005785,2.130457935245887,0.030857142857142857,2.4129299747891326,0.0,sample_ii_analysis,downstream_only,none,high,high,nominal_baseline,not_pileup_like
sample_ii_analysis|B2_containing|sat=none|q=mid|amp=mid|base=low_baseline|pile=not_pileup_like,cnn_1d,775,7,0.011834952049355568,True,-2.5946365644269584,-7.693190860231801,2.7581768822398107,2.7871648901180492,3.124513927925979,0.06580645161290323,0.6244273206138165,,sample_ii_analysis,B2_containing,none,mid,mid,low_baseline,not_pileup_like
sample_ii_analysis|B2_containing|sat=none|q=mid|amp=mid|base=low_baseline|pile=not_pileup_like,extra_trees_s05e_dynamic,775,7,0.011834952049355568,True,-0.34931630382714474,-2.6562243694480827,1.824782557018416,1.1009452503711175,1.947149557045889,0.003870967741935484,0.5324721438750536,,sample_ii_analysis,B2_containing,none,mid,mid,low_baseline,not_pileup_like
sample_ii_analysis|B2_containing|sat=none|q=mid|amp=mid|base=low_baseline|pile=not_pileup_like,gradient_boosted_trees,775,7,0.011834952049355568,True,-3.226615055853057,-6.859707457121999,1.647793550451387,2.5555350043344034,3.140824703797002,0.023225806451612905,0.6116007785155447,,sample_ii_analysis,B2_containing,none,mid,mid,low_baseline,not_pileup_like
sample_ii_analysis|B2_containing|sat=none|q=mid|amp=mid|base=low_baseline|pile=not_pileup_like,ml_shuffled_target_control,775,7,0.011834952049355568,True,-5.374924619729781,-14.269675635484237,0.8337030771678672,3.771095655812621,4.13815790690943,0.19483870967741934,2.731311003922359,,sample_ii_analysis,B2_containing,none,mid,mid,low_baseline,not_pileup_like
sample_ii_analysis|B2_containing|sat=none|q=mid|amp=mid|base=low_baseline|pile=not_pileup_like,mlp,775,7,0.011834952049355568,True,0.269377776307516,-3.760967383506335,5.0478115828834325,2.6531853214572383,2.907310975120529,0.027096774193548386,0.7033861517365699,,sample_ii_analysis,B2_containing,none,mid,mid,low_baseline,not_pileup_like
sample_ii_analysis|B2_containing|sat=none|q=mid|amp=mid|base=low_baseline|pile=not_pileup_like,pair_median,775,7,0.011834952049355568,True,-0.08321734014007731,-2.6363707418667555,2.3867688037935277,1.2230091346742575,2.051131402306207,0.0025806451612903226,0.6049373861687498,,sample_ii_analysis,B2_containing,none,mid,mid,low_baseline,not_pileup_like
sample_ii_analysis|B2_containing|sat=none|q=mid|amp=mid|base=low_baseline|pile=not_pileup_like,pool_label_control,775,7,0.011834952049355568,True,-4.0736582483235555,-11.83108172801827,-0.7388239007181838,1.5990467724172348,2.932691950487983,0.05806451612903226,0.6049373861687499,,sample_ii_analysis,B2_containing,none,mid,mid,low_baseline,not_pileup_like
sample_ii_analysis|B2_containing|sat=none|q=mid|amp=mid|base=low_baseline|pile=not_pileup_like,ridge,775,7,0.011834952049355568,True,0.0938816516596207,-9.401807407585961,7.346206868020318,4.112470610174363,4.342103916558208,0.2270967741935484,7.1319734713587275,,sample_ii_analysis,B2_containing,none,mid,mid,low_baseline,not_pileup_like
sample_ii_analysis|B2_containing|sat=none|q=mid|amp=mid|base=low_baseline|pile=not_pileup_like,support_gated_cnn_new,775,7,0.011834952049355568,True,-3.7843814386250694,-9.10961670880912,2.811260294600326,3.3676567138138274,3.5663518732701287,0.10709677419354839,0.5943754796371864,,sample_ii_analysis,B2_containing,none,mid,mid,low_baseline,not_pileup_like
sample_ii_analysis|B2_containing|sat=none|q=mid|amp=mid|base=low_baseline|pile=not_pileup_like,traditional_s05d_static_priors,775,7,0.011834952049355568,True,0.8865535000328282,-8.998707529318022,8.949802975426342,4.140719177366004,4.552590126127411,0.2361290322580645,6.056088606003164,,sample_ii_analysis,B2_containing,none,mid,mid,low_baseline,not_pileup_like
sample_ii_analysis|B2_containing|sat=none|q=mid|amp=mid|base=low_baseline|pile=not_pileup_like,waveform_only_mlp,775,7,0.011834952049355568,True,-0.08672872586800773,-3.585789208210849,4.527393988912444,2.3822724031313904,2.6918538732716,0.02193548387096774,0.6422666174252383,,sample_ii_analysis,B2_containing,none,mid,mid,low_baseline,not_pileup_like
sample_ii_analysis|downstream_only|sat=none|q=high|amp=mid|base=nominal_baseline|pile=pileup_like,cnn_1d,701,7,0.010704905014965488,True,-0.5987869073411161,-8.356755853224259,49.2956214875017,3.601361381851259,15.438648185835829,0.17403708987161198,50.04033437995523,0.0,sample_ii_analysis,downstream_only,none,high,mid,nominal_baseline,pileup_like
sample_ii_analysis|downstream_only|sat=none|q=high|amp=mid|base=nominal_baseline|pile=pileup_like,extra_trees_s05e_dynamic,701,7,0.010704905014965488,True,-2.081919099050758,-13.484896964799216,5.862366067330775,2.980065869444848,8.685012851679126,0.1326676176890157,13.689021454652918,0.0,sample_ii_analysis,downstream_only,none,high,mid,nominal_baseline,pileup_like
sample_ii_analysis|downstream_only|sat=none|q=high|amp=mid|base=nominal_baseline|pile=pileup_like,gradient_boosted_trees,701,7,0.010704905014965488,True,-0.21977733905404406,-6.545043152514594,30.228975336754942,2.9565902061035585,10.041773363743285,0.11269614835948645,16.717989981418274,0.0,sample_ii_analysis,downstream_only,none,high,mid,nominal_baseline,pileup_like
sample_ii_analysis|downstream_only|sat=none|q=high|amp=mid|base=nominal_baseline|pile=pileup_like,ml_shuffled_target_control,701,7,0.010704905014965488,True,-3.244266743082973,-14.172968579743742,46.97059859181874,4.237715424771199,15.466482714858122,0.24679029957203993,61.64495715028932,0.0,sample_ii_analysis,downstream_only,none,high,mid,nominal_baseline,pileup_like
sample_ii_analysis|downstream_only|sat=none|q=high|amp=mid|base=nominal_baseline|pile=pileup_like,mlp,701,7,0.010704905014965488,True,0.8985847766979251,-5.536826678683324,49.13432390315282,2.902826207189435,15.106527539941913,0.10271041369472182,51.87330981966069,0.0,sample_ii_analysis,downstream_only,none,high,mid,nominal_baseline,pileup_like
sample_ii_analysis|downstream_only|sat=none|q=high|amp=mid|base=nominal_baseline|pile=pileup_like,pair_median,701,7,0.010704905014965488,True,0.1274479049342574,-3.016131681688101,48.510732445416025,1.5546028461530526,15.102485884624622,0.0442225392296719,51.5752616104762,0.0,sample_ii_analysis,downstream_only,none,high,mid,nominal_baseline,pileup_like
sample_ii_analysis|downstream_only|sat=none|q=high|amp=mid|base=nominal_baseline|pile=pileup_like,pool_label_control,701,7,0.010704905014965488,True,2.2655595806027127,-1.9759124501322505,50.24553208935619,1.7999782574088228,15.153117412725017,0.04850213980028531,51.5752616104762,0.0,sample_ii_analysis,downstream_only,none,high,mid,nominal_baseline,pileup_like
sample_ii_analysis|downstream_only|sat=none|q=high|amp=mid|base=nominal_baseline|pile=pileup_like,ridge,701,7,0.010704905014965488,True,-7.377706051426147,-21.68533175011922,26.62465480459179,5.79946071213144,11.499074778039999,0.3723252496433666,59.598246621976884,0.0,sample_ii_analysis,downstream_only,none,high,mid,nominal_baseline,pileup_like
sample_ii_analysis|downstream_only|sat=none|q=high|amp=mid|base=nominal_baseline|pile=pileup_like,support_gated_cnn_new,701,7,0.010704905014965488,True,-0.5204820808992587,-12.705205271170565,47.28003026661186,5.156440888400041,15.486341104845714,0.31098430813124106,52.531410339004594,0.0,sample_ii_analysis,downstream_only,none,high,mid,nominal_baseline,pileup_like
sample_ii_analysis|downstream_only|sat=none|q=high|amp=mid|base=nominal_baseline|pile=pileup_like,traditional_s05d_static_priors,701,7,0.010704905014965488,True,-9.317246872888797,-19.979529353099824,23.99301677586273,5.305324293495076,10.82469319828187,0.34950071326676174,19.200820055246883,0.0,sample_ii_analysis,downstream_only,none,high,mid,nominal_baseline,pileup_like
sample_ii_analysis|downstream_only|sat=none|q=high|amp=mid|base=nominal_baseline|pile=pileup_like,waveform_only_mlp,701,7,0.010704905014965488,True,-1.580868391987872,-8.516116980328892,48.35265955564602,3.2081302384850927,15.241085548058015,0.1355206847360913,52.83116252001208,0.0,sample_ii_analysis,downstream_only,none,high,mid,nominal_baseline,pileup_like
sample_i_analysis|downstream_only|sat=none|q=high|amp=mid|base=nominal_baseline|pile=pileup_like,cnn_1d,683,13,0.010430028709303036,True,1.9920921090380177,-6.227071168774706,8.643471236770075,3.738870274570795,9.933237175390351,0.17569546120058566,93.54587894389243,0.0,sample_i_analysis,downstream_only,none,high,mid,nominal_baseline,pileup_like
sample_i_analysis|downstream_only|sat=none|q=high|amp=mid|base=nominal_baseline|pile=pileup_like,extra_trees_s05e_dynamic,683,13,0.010430028709303036,True,-3.310943605161724,-11.828026852610854,1.7621163367577648,3.2361691191735646,9.20075097026511,0.13177159590043924,76.34114288117361,0.0,sample_i_analysis,downstream_only,none,high,mid,nominal_baseline,pileup_like
sample_i_analysis|downstream_only|sat=none|q=high|amp=mid|base=nominal_baseline|pile=pileup_like,gradient_boosted_trees,683,13,0.010430028709303036,True,0.07306581429453107,-6.938016151709561,3.321415873502476,2.7020846365736926,9.108044731652633,0.11127379209370425,77.37311409628177,0.0,sample_i_analysis,downstream_only,none,high,mid,nominal_baseline,pileup_like
sample_i_analysis|downstream_only|sat=none|q=high|amp=mid|base=nominal_baseline|pile=pileup_like,ml_shuffled_target_control,683,13,0.010430028709303036,True,-3.4539765114788414,-16.942166879108317,3.520522894966401,4.896159550966149,10.676382623742425,0.2752562225475842,102.56221320529971,0.0,sample_i_analysis,downstream_only,none,high,mid,nominal_baseline,pileup_like
sample_i_analysis|downstream_only|sat=none|q=high|amp=mid|base=nominal_baseline|pile=pileup_like,mlp,683,13,0.010430028709303036,True,0.15399385045737546,-6.462705290884316,5.367670722196551,3.196113984164777,9.984714443784306,0.11273792093704246,95.5748376623192,0.0,sample_i_analysis,downstream_only,none,high,mid,nominal_baseline,pileup_like
sample_i_analysis|downstream_only|sat=none|q=high|amp=mid|base=nominal_baseline|pile=pileup_like,pair_median,683,13,0.010430028709303036,True,0.17816958104908664,-2.664677715109672,3.2209243603558515,1.4478072882331805,9.430284453459226,0.014641288433382138,92.72431277416219,0.0,sample_i_analysis,downstream_only,none,high,mid,nominal_baseline,pileup_like
sample_i_analysis|downstream_only|sat=none|q=high|amp=mid|base=nominal_baseline|pile=pileup_like,pool_label_control,683,13,0.010430028709303036,True,-12.079650817964904,-18.525279288613167,-7.9138861004348255,2.5424625603665714,9.766469802785318,0.07906295754026355,92.72431277416221,0.0,sample_i_analysis,downstream_only,none,high,mid,nominal_baseline,pileup_like
sample_i_analysis|downstream_only|sat=none|q=high|amp=mid|base=nominal_baseline|pile=pileup_like,ridge,683,13,0.010430028709303036,True,-7.934718998638942,-27.051204944711905,3.483321345714343,6.310399487533462,11.11940682820168,0.4128843338213763,126.34395284215923,0.0,sample_i_analysis,downstream_only,none,high,mid,nominal_baseline,pileup_like
sample_i_analysis|downstream_only|sat=none|q=high|amp=mid|base=nominal_baseline|pile=pileup_like,support_gated_cnn_new,683,13,0.010430028709303036,True,1.2643536706239957,-6.201110036970424,7.346903300617854,3.649574698111278,10.243700420811903,0.15373352855051245,93.45219761807563,0.0,sample_i_analysis,downstream_only,none,high,mid,nominal_baseline,pileup_like
sample_i_analysis|downstream_only|sat=none|q=high|amp=mid|base=nominal_baseline|pile=pileup_like,traditional_s05d_static_priors,683,13,0.010430028709303036,True,-8.44958663293362,-20.34195579405829,1.2595829145815731,4.707663307288984,9.632998053039406,0.28111273792093705,91.47598112965856,0.0,sample_i_analysis,downstream_only,none,high,mid,nominal_baseline,pileup_like
sample_i_analysis|downstream_only|sat=none|q=high|amp=mid|base=nominal_baseline|pile=pileup_like,waveform_only_mlp,683,13,0.010430028709303036,True,0.2905621581219062,-8.1156815879342,5.508693324527343,3.3044664175855276,9.734167179644563,0.12152269399707175,96.56632820558674,0.0,sample_i_analysis,downstream_only,none,high,mid,nominal_baseline,pileup_like
sample_i_analysis|downstream_only|sat=none|q=high|amp=low|base=nominal_baseline|pile=pileup_like,cnn_1d,676,13,0.010323132368212083,True,2.025302599097769,-6.37260910667274,12.666562997723778,4.005943693710247,8.958465355928979,0.21449704142011836,3.0008080442653062,0.0,sample_i_analysis,downstream_only,none,high,low,nominal_baseline,pileup_like
sample_i_analysis|downstream_only|sat=none|q=high|amp=low|base=nominal_baseline|pile=pileup_like,extra_trees_s05e_dynamic,676,13,0.010323132368212083,True,-4.196160512496875,-12.841302603052483,1.591572483138272,3.184188140322095,6.501056357440417,0.1257396449704142,5.700170497246796,0.0,sample_i_analysis,downstream_only,none,high,low,nominal_baseline,pileup_like
sample_i_analysis|downstream_only|sat=none|q=high|amp=low|base=nominal_baseline|pile=pileup_like,gradient_boosted_trees,676,13,0.010323132368212083,True,-0.4256244342399138,-6.5828338327548925,3.8186989838702474,2.978351311701373,7.121314701521406,0.09319526627218935,2.6461310164138356,0.0,sample_i_analysis,downstream_only,none,high,low,nominal_baseline,pileup_like
sample_i_analysis|downstream_only|sat=none|q=high|amp=low|base=nominal_baseline|pile=pileup_like,ml_shuffled_target_control,676,13,0.010323132368212083,True,-3.8401585813076267,-14.90801038430985,3.5689396072266555,4.859070700432198,8.887173962782153,0.28846153846153844,5.998704714419341,0.0,sample_i_analysis,downstream_only,none,high,low,nominal_baseline,pileup_like
sample_i_analysis|downstream_only|sat=none|q=high|amp=low|base=nominal_baseline|pile=pileup_like,mlp,676,13,0.010323132368212083,True,-0.20442876948904531,-6.6358664343452745,6.071376196674246,3.2229336949498077,8.125015850958183,0.1301775147928994,3.8156648896102134,0.0,sample_i_analysis,downstream_only,none,high,low,nominal_baseline,pileup_like
sample_i_analysis|downstream_only|sat=none|q=high|amp=low|base=nominal_baseline|pile=pileup_like,pair_median,676,13,0.010323132368212083,True,0.33289361259147277,-2.841937669918859,3.7252109750028053,1.6777329155057945,7.75421040997512,0.011834319526627219,2.6270999181779247,0.0,sample_i_analysis,downstream_only,none,high,low,nominal_baseline,pileup_like
sample_i_analysis|downstream_only|sat=none|q=high|amp=low|base=nominal_baseline|pile=pileup_like,pool_label_control,676,13,0.010323132368212083,True,-12.175585444690867,-18.057313316441107,-8.010908139337152,2.6073215828564438,7.843727868311806,0.06360946745562131,2.6270999181779247,0.0,sample_i_analysis,downstream_only,none,high,low,nominal_baseline,pileup_like
sample_i_analysis|downstream_only|sat=none|q=high|amp=low|base=nominal_baseline|pile=pileup_like,ridge,676,13,0.010323132368212083,True,-8.38311289841159,-25.825482781305922,4.237658110791542,6.759387102974854,9.400759467942098,0.46005917159763315,55.32964197855474,0.0,sample_i_analysis,downstream_only,none,high,low,nominal_baseline,pileup_like
sample_i_analysis|downstream_only|sat=none|q=high|amp=low|base=nominal_baseline|pile=pileup_like,support_gated_cnn_new,676,13,0.010323132368212083,True,1.4638936189217748,-6.16212247237191,8.732348434416615,4.100966078567364,8.377437195937253,0.22041420118343194,2.884698606209666,0.0,sample_i_analysis,downstream_only,none,high,low,nominal_baseline,pileup_like
sample_i_analysis|downstream_only|sat=none|q=high|amp=low|base=nominal_baseline|pile=pileup_like,traditional_s05d_static_priors,676,13,0.010323132368212083,True,-8.629852208376054,-21.98521076981924,1.5009987543282766,5.4534362897485815,7.430428546466867,0.34911242603550297,17.036394340330286,0.0,sample_i_analysis,downstream_only,none,high,low,nominal_baseline,pileup_like
sample_i_analysis|downstream_only|sat=none|q=high|amp=low|base=nominal_baseline|pile=pileup_like,waveform_only_mlp,676,13,0.010323132368212083,True,-0.20418567510679475,-6.851007562286652,5.913215882395768,3.343505509149865,8.117487971110116,0.14792899408284024,3.3303593014021713,0.0,sample_i_analysis,downstream_only,none,high,low,nominal_baseline,pileup_like
sample_ii_analysis|B2_containing|sat=none|q=high|amp=high|base=nominal_baseline|pile=pileup_like,cnn_1d,658,7,0.01004825606254963,True,-3.797910547206646,-9.815007833267016,96.46103506666398,5.420919116461641,29.29717724797736,0.26595744680851063,497.9997021927319,145.37813615989512,sample_ii_analysis,B2_containing,none,high,high,nominal_baseline,pileup_like
sample_ii_analysis|B2_containing|sat=none|q=high|amp=high|base=nominal_baseline|pile=pileup_like,extra_trees_s05e_dynamic,658,7,0.01004825606254963,True,-4.736048966653859,-26.51169176804696,55.79394492418522,5.457721930351874,19.273945625535543,0.34498480243161095,175.1755468108042,31.014047600164076,sample_ii_analysis,B2_containing,none,high,high,nominal_baseline,pileup_like
sample_ii_analysis|B2_containing|sat=none|q=high|amp=high|base=nominal_baseline|pile=pileup_like,gradient_boosted_trees,658,7,0.01004825606254963,True,-4.065911186077692,-8.696556479561453,69.81890308312562,4.54346993062741,23.48733668813128,0.2188449848024316,314.3382323219874,154.30225866227494,sample_ii_analysis,B2_containing,none,high,high,nominal_baseline,pileup_like
sample_ii_analysis|B2_containing|sat=none|q=high|amp=high|base=nominal_baseline|pile=pileup_like,ml_shuffled_target_control,658,7,0.01004825606254963,True,-6.636360118145582,-16.576687109874424,95.60894733166633,6.009454159944131,29.411890268332453,0.36322188449848025,523.679665411276,151.12963139405326,sample_ii_analysis,B2_containing,none,high,high,nominal_baseline,pileup_like
sample_ii_analysis|B2_containing|sat=none|q=high|amp=high|base=nominal_baseline|pile=pileup_like,mlp,658,7,0.01004825606254963,True,-2.3627084225459685,-7.266780317360707,94.78051797036484,5.053951946421174,28.974315037361187,0.22644376899696048,485.0632915500429,134.75283869550304,sample_ii_analysis,B2_containing,none,high,high,nominal_baseline,pileup_like
sample_ii_analysis|B2_containing|sat=none|q=high|amp=high|base=nominal_baseline|pile=pileup_like,pair_median,658,7,0.01004825606254963,True,-0.3423923312894458,-3.554281182590486,98.66027684825659,3.4319799918267075,29.006515382296662,0.1717325227963526,503.02748810922117,146.20272695871603,sample_ii_analysis,B2_containing,none,high,high,nominal_baseline,pileup_like
sample_ii_analysis|B2_containing|sat=none|q=high|amp=high|base=nominal_baseline|pile=pileup_like,pool_label_control,658,7,0.01004825606254963,True,-4.525347083588914,-9.380445461608879,95.16912334967994,3.5980647482598136,29.146210008513886,0.19300911854103345,503.02748810922117,146.20272695871608,sample_ii_analysis,B2_containing,none,high,high,nominal_baseline,pileup_like
sample_ii_analysis|B2_containing|sat=none|q=high|amp=high|base=nominal_baseline|pile=pileup_like,ridge,658,7,0.01004825606254963,True,-8.538165625601868,-26.804874515952875,58.65993114359549,9.361691048198537,20.99300510995793,0.49240121580547114,252.12658044655657,11.143935355915318,sample_ii_analysis,B2_containing,none,high,high,nominal_baseline,pileup_like
sample_ii_analysis|B2_containing|sat=none|q=high|amp=high|base=nominal_baseline|pile=pileup_like,support_gated_cnn_new,658,7,0.01004825606254963,True,-4.146623290409865,-13.514655171303042,96.54777511840442,6.29158091123817,29.632607179443013,0.3617021276595745,508.80243296893826,147.41692934668322,sample_ii_analysis,B2_containing,none,high,high,nominal_baseline,pileup_like
sample_ii_analysis|B2_containing|sat=none|q=high|amp=high|base=nominal_baseline|pile=pileup_like,traditional_s05d_static_priors,658,7,0.01004825606254963,True,-8.793479215831699,-25.019085364110744,60.835777906621864,8.93187501668522,21.628257856695956,0.4452887537993921,260.8117806140694,34.08866324527102,sample_ii_analysis,B2_containing,none,high,high,nominal_baseline,pileup_like
sample_ii_analysis|B2_containing|sat=none|q=high|amp=high|base=nominal_baseline|pile=pileup_like,waveform_only_mlp,658,7,0.01004825606254963,True,-4.469816925390926,-10.885285917909174,95.48770323509999,5.676649893602267,29.115081340554255,0.27811550151975684,494.4887083961604,138.85376330236983,sample_ii_analysis,B2_containing,none,high,high,nominal_baseline,pileup_like
sample_ii_analysis|B2_containing|sat=none|q=high|amp=mid|base=nominal_baseline|pile=pileup_like,cnn_1d,656,7,0.010017714250809358,True,-2.316668845851856,-8.113100866233514,100.53158046810677,14.06351473185225,31.714238143367027,0.2698170731707317,533.8834911813034,483.84315680134813,sample_ii_analysis,B2_containing,none,high,mid,nominal_baseline,pileup_like
sample_ii_analysis|B2_containing|sat=none|q=high|amp=mid|base=nominal_baseline|pile=pileup_like,extra_trees_s05e_dynamic,656,7,0.010017714250809358,True,-3.2881478349351636,-14.248663734352279,58.09209644433956,5.666649773038957,19.093144065560402,0.3079268292682927,142.4873699972592,128.79834854260628,sample_ii_analysis,B2_containing,none,high,mid,nominal_baseline,pileup_like
sample_ii_analysis|B2_containing|sat=none|q=high|amp=mid|base=nominal_baseline|pile=pileup_like,gradient_boosted_trees,656,7,0.010017714250809358,True,-2.3498596794584996,-7.463927376980708,76.56941403351667,12.28114645947363,25.040431365749058,0.22103658536585366,274.310819262758,257.59282928133973,sample_ii_analysis,B2_containing,none,high,mid,nominal_baseline,pileup_like
sample_ii_analysis|B2_containing|sat=none|q=high|amp=mid|base=nominal_baseline|pile=pileup_like,ml_shuffled_target_control,656,7,0.010017714250809358,True,-5.3971632472054765,-15.674756544679104,97.88423534105338,13.67685932892529,31.974637341131196,0.3567073170731707,543.4599153162997,481.81495816601034,sample_ii_analysis,B2_containing,none,high,mid,nominal_baseline,pileup_like
sample_ii_analysis|B2_containing|sat=none|q=high|amp=mid|base=nominal_baseline|pile=pileup_like,mlp,656,7,0.010017714250809358,True,-0.9065688697353295,-6.282614760724396,99.6105731891805,13.905710304062147,31.121401133519146,0.2301829268292683,511.10896275585725,459.2356529361966,sample_ii_analysis,B2_containing,none,high,mid,nominal_baseline,pileup_like
sample_ii_analysis|B2_containing|sat=none|q=high|amp=mid|base=nominal_baseline|pile=pileup_like,pair_median,656,7,0.010017714250809358,True,0.25748516400652477,-2.8484987538939888,103.7674396230866,13.346121715223076,31.768745099725802,0.18445121951219512,526.7247398777765,475.1494782673003,sample_ii_analysis,B2_containing,none,high,mid,nominal_baseline,pileup_like
sample_ii_analysis|B2_containing|sat=none|q=high|amp=mid|base=nominal_baseline|pile=pileup_like,pool_label_control,656,7,0.010017714250809358,True,-3.758294128749677,-9.28925350121154,100.21947992299546,14.102031819668158,31.843545838872426,0.21036585365853658,526.7247398777764,475.1494782673002,sample_ii_analysis,B2_containing,none,high,mid,nominal_baseline,pileup_like
sample_ii_analysis|B2_containing|sat=none|q=high|amp=mid|base=nominal_baseline|pile=pileup_like,ridge,656,7,0.010017714250809358,True,-6.773062887563479,-22.03572081707138,66.76803805697332,8.686994582762111,21.336658507756752,0.4024390243902439,164.12168655211082,104.52343993013393,sample_ii_analysis,B2_containing,none,high,mid,nominal_baseline,pileup_like
sample_ii_analysis|B2_containing|sat=none|q=high|amp=mid|base=nominal_baseline|pile=pileup_like,support_gated_cnn_new,656,7,0.010017714250809358,True,-2.765719088292721,-12.196179919673503,100.86834079072791,15.558154199222603,31.945065381774587,0.39939024390243905,520.7478010930964,468.21639075409183,sample_ii_analysis,B2_containing,none,high,mid,nominal_baseline,pileup_like
sample_ii_analysis|B2_containing|sat=none|q=high|amp=mid|base=nominal_baseline|pile=pileup_like,traditional_s05d_static_priors,656,7,0.010017714250809358,True,-8.424477807512986,-20.657088098058196,67.85745106969735,12.383039935096406,22.424025337782844,0.3978658536585366,195.5214222885158,176.32060223326891,sample_ii_analysis,B2_containing,none,high,mid,nominal_baseline,pileup_like
sample_ii_analysis|B2_containing|sat=none|q=high|amp=mid|base=nominal_baseline|pile=pileup_like,waveform_only_mlp,656,7,0.010017714250809358,True,-3.487556851890623,-10.035098071629049,98.94575759626866,14.267658084173354,31.592659347123845,0.2865853658536585,529.7719431459648,476.9407806259527,sample_ii_analysis,B2_containing,none,high,mid,nominal_baseline,pileup_like
sample_ii_analysis|downstream_only|sat=none|q=high|amp=low|base=nominal_baseline|pile=pileup_like,cnn_1d,637,7,0.00972756703927677,True,0.8852228841208276,-7.629964490881945,80.72521290843991,4.1792119467774995,21.047338639900826,0.24489795918367346,151.64302417934414,0.0,sample_ii_analysis,downstream_only,none,high,low,nominal_baseline,pileup_like
sample_ii_analysis|downstream_only|sat=none|q=high|amp=low|base=nominal_baseline|pile=pileup_like,extra_trees_s05e_dynamic,637,7,0.00972756703927677,True,-2.694996704606149,-13.451194420061361,25.626902714080018,3.731521589099508,12.782451231565812,0.19152276295133439,35.78252449642235,0.0,sample_ii_analysis,downstream_only,none,high,low,nominal_baseline,pileup_like
sample_ii_analysis|downstream_only|sat=none|q=high|amp=low|base=nominal_baseline|pile=pileup_like,gradient_boosted_trees,637,7,0.00972756703927677,True,-0.13236842167689034,-6.986537168216785,46.39555185803587,3.2533607025307134,14.154549664514795,0.15855572998430142,50.97992311038694,0.0,sample_ii_analysis,downstream_only,none,high,low,nominal_baseline,pileup_like
sample_ii_analysis|downstream_only|sat=none|q=high|amp=low|base=nominal_baseline|pile=pileup_like,ml_shuffled_target_control,637,7,0.00972756703927677,True,-3.2671307136694745,-14.291097474032815,77.90234987671126,4.72028059736771,21.090165451800825,0.28885400313971743,151.64625830442193,0.0,sample_ii_analysis,downstream_only,none,high,low,nominal_baseline,pileup_like
sample_ii_analysis|downstream_only|sat=none|q=high|amp=low|base=nominal_baseline|pile=pileup_like,mlp,637,7,0.00972756703927677,True,0.5026354016925842,-5.834559455394108,82.17186724771466,3.2689118000943713,20.996434025007424,0.13186813186813187,153.68406035689725,0.0,sample_ii_analysis,downstream_only,none,high,low,nominal_baseline,pileup_like
sample_ii_analysis|downstream_only|sat=none|q=high|amp=low|base=nominal_baseline|pile=pileup_like,pair_median,637,7,0.00972756703927677,True,0.3735317205040545,-4.099758383389475,81.41466315547372,1.8688313762903952,20.741962584190787,0.08006279434850863,148.1135539231909,0.0,sample_ii_analysis,downstream_only,none,high,low,nominal_baseline,pileup_like
sample_ii_analysis|downstream_only|sat=none|q=high|amp=low|base=nominal_baseline|pile=pileup_like,pool_label_control,637,7,0.00972756703927677,True,2.381674581507616,-2.7332755546587757,84.05600885206164,2.1897759212955554,20.825094265142894,0.08163265306122448,148.11355392319092,0.0,sample_ii_analysis,downstream_only,none,high,low,nominal_baseline,pileup_like
sample_ii_analysis|downstream_only|sat=none|q=high|amp=low|base=nominal_baseline|pile=pileup_like,ridge,637,7,0.00972756703927677,True,-7.479439136192835,-26.706164148928046,36.10503519320537,6.810631596420743,14.385066834212163,0.4521193092621664,66.30351975290958,0.0,sample_ii_analysis,downstream_only,none,high,low,nominal_baseline,pileup_like
sample_ii_analysis|downstream_only|sat=none|q=high|amp=low|base=nominal_baseline|pile=pileup_like,support_gated_cnn_new,637,7,0.00972756703927677,True,-0.10382128066677287,-13.000860680504033,75.95289698660173,5.067974000480848,20.805611184052342,0.3092621664050236,149.38861891861177,0.0,sample_ii_analysis,downstream_only,none,high,low,nominal_baseline,pileup_like
sample_ii_analysis|downstream_only|sat=none|q=high|amp=low|base=nominal_baseline|pile=pileup_like,traditional_s05d_static_priors,637,7,0.00972756703927677,True,-8.364625594222483,-23.650032382561204,34.051245586929724,6.605728878253444,14.273143523528107,0.4521193092621664,58.526965179588494,0.0,sample_ii_analysis,downstream_only,none,high,low,nominal_baseline,pileup_like
sample_ii_analysis|downstream_only|sat=none|q=high|amp=low|base=nominal_baseline|pile=pileup_like,waveform_only_mlp,637,7,0.00972756703927677,True,-1.4583823234592912,-8.99642737469023,79.07818175284135,3.6686297575208164,20.80848845844119,0.19152276295133439,150.58117619564572,0.0,sample_ii_analysis,downstream_only,none,high,low,nominal_baseline,pileup_like
sample_i_analysis|B2_containing|sat=none|q=low|amp=low|base=nominal_baseline|pile=not_pileup_like,cnn_1d,624,14,0.009529045262964999,True,-1.5023347191654473,-25.575239199368976,17.738730376084003,5.507050066069376,10.721868649145492,0.34935897435897434,18.926330230295513,15.053316116764213,sample_i_analysis,B2_containing,none,low,low,nominal_baseline,not_pileup_like
sample_i_analysis|B2_containing|sat=none|q=low|amp=low|base=nominal_baseline|pile=not_pileup_like,extra_trees_s05e_dynamic,624,14,0.009529045262964999,True,-0.7257140188225295,-24.945629739956203,6.488896140788192,2.797154429669288,8.63502083527938,0.15705128205128205,6.620459033482285,5.815299686357175,sample_i_analysis,B2_containing,none,low,low,nominal_baseline,not_pileup_like
sample_i_analysis|B2_containing|sat=none|q=low|amp=low|base=nominal_baseline|pile=not_pileup_like,gradient_boosted_trees,624,14,0.009529045262964999,True,-4.7634264948948175,-33.19641726028225,6.333118757712197,3.1264069350904893,9.694453684837587,0.1762820512820513,8.737018406422058,3.014228075579223,sample_i_analysis,B2_containing,none,low,low,nominal_baseline,not_pileup_like
sample_i_analysis|B2_containing|sat=none|q=low|amp=low|base=nominal_baseline|pile=not_pileup_like,ml_shuffled_target_control,624,14,0.009529045262964999,True,-5.1522732118566665,-36.77889659276315,12.138855689432376,4.453135395896189,10.455095000627928,0.25961538461538464,18.74091709709629,14.069709224157885,sample_i_analysis,B2_containing,none,low,low,nominal_baseline,not_pileup_like
sample_i_analysis|B2_containing|sat=none|q=low|amp=low|base=nominal_baseline|pile=not_pileup_like,mlp,624,14,0.009529045262964999,True,0.3546929928234999,-24.86537218532803,17.26871999148364,3.005213755972803,9.136632050651532,0.17467948717948717,17.37298099552701,15.371565910369274,sample_i_analysis,B2_containing,none,low,low,nominal_baseline,not_pileup_like
sample_i_analysis|B2_containing|sat=none|q=low|amp=low|base=nominal_baseline|pile=not_pileup_like,pair_median,624,14,0.009529045262964999,True,-0.2381311890582135,-28.174928720480853,16.019049241261488,2.127893567861283,9.37609173731155,0.11538461538461539,17.144926421700735,15.182860564791438,sample_i_analysis,B2_containing,none,low,low,nominal_baseline,not_pileup_like
sample_i_analysis|B2_containing|sat=none|q=low|amp=low|base=nominal_baseline|pile=not_pileup_like,pool_label_control,624,14,0.009529045262964999,True,-19.490023640751815,-49.21443855095231,-1.3432924938195718,3.7856966723028833,9.795392803422363,0.1987179487179487,17.144926421700735,15.182860564791438,sample_i_analysis,B2_containing,none,low,low,nominal_baseline,not_pileup_like
sample_i_analysis|B2_containing|sat=none|q=low|amp=low|base=nominal_baseline|pile=not_pileup_like,ridge,624,14,0.009529045262964999,True,-1.5740350685125777,-28.06796882418282,20.168907007182487,8.164032385066587,12.063136576339813,0.5160256410256411,71.50091976946997,45.13061012865295,sample_i_analysis,B2_containing,none,low,low,nominal_baseline,not_pileup_like
sample_i_analysis|B2_containing|sat=none|q=low|amp=low|base=nominal_baseline|pile=not_pileup_like,support_gated_cnn_new,624,14,0.009529045262964999,True,-1.7886444116806643,-29.155707747883106,16.50507279933496,4.554244921525666,9.442069697790584,0.27724358974358976,17.833309345448857,15.167755543058911,sample_i_analysis,B2_containing,none,low,low,nominal_baseline,not_pileup_like
sample_i_analysis|B2_containing|sat=none|q=low|amp=low|base=nominal_baseline|pile=not_pileup_like,traditional_s05d_static_priors,624,14,0.009529045262964999,True,-0.8375416807885385,-24.189380007960207,15.51423361766376,7.708650083704958,10.659774213654496,0.4951923076923077,46.51513401684828,30.039545317882165,sample_i_analysis,B2_containing,none,low,low,nominal_baseline,not_pileup_like
sample_i_analysis|B2_containing|sat=none|q=low|amp=low|base=nominal_baseline|pile=not_pileup_like,waveform_only_mlp,624,14,0.009529045262964999,True,0.5328092106211197,-24.49550368243474,14.004847231291471,2.532852281013776,9.969334054676379,0.1362179487179487,16.480286576896848,14.152129410251774,sample_i_analysis,B2_containing,none,low,low,nominal_baseline,not_pileup_like
sample_ii_analysis|B2_containing|sat=none|q=high|amp=low|base=nominal_baseline|pile=pileup_like,cnn_1d,613,7,0.009361065298393501,True,0.05851550639010006,-8.641199210164334,117.27724385239702,33.79340647427014,43.75354378544877,0.42414355628058725,1090.934055381583,939.2910312022389,sample_ii_analysis,B2_containing,none,high,low,nominal_baseline,pileup_like
sample_ii_analysis|B2_containing|sat=none|q=high|amp=low|base=nominal_baseline|pile=pileup_like,extra_trees_s05e_dynamic,613,7,0.009361065298393501,True,-3.5843272668405026,-22.716929353177356,76.99307197041578,13.016238133766649,24.69207546840148,0.3817292006525285,473.5917233571412,437.8091988607188,sample_ii_analysis,B2_containing,none,high,low,nominal_baseline,pileup_like
sample_ii_analysis|B2_containing|sat=none|q=high|amp=low|base=nominal_baseline|pile=pileup_like,gradient_boosted_trees,613,7,0.009361065298393501,True,-1.4835090157310709,-11.25933387173024,94.36588767136969,18.981137672121864,29.699637025927974,0.33442088091353994,590.3152923394309,539.335369229044,sample_ii_analysis,B2_containing,none,high,low,nominal_baseline,pileup_like
sample_ii_analysis|B2_containing|sat=none|q=high|amp=low|base=nominal_baseline|pile=pileup_like,ml_shuffled_target_control,613,7,0.009361065298393501,True,-4.642120942734858,-17.059153261481185,114.00124875228285,34.20043177150073,44.001689699896254,0.45187601957585644,1076.9959306416595,925.3496723372375,sample_ii_analysis,B2_containing,none,high,low,nominal_baseline,pileup_like
sample_ii_analysis|B2_containing|sat=none|q=high|amp=low|base=nominal_baseline|pile=pileup_like,mlp,613,7,0.009361065298393501,True,-0.5164326041670724,-7.400505027534898,116.07514091280251,33.40065247542887,43.10519736476169,0.3360522022838499,1054.522186938542,900.8381265816448,sample_ii_analysis,B2_containing,none,high,low,nominal_baseline,pileup_like
sample_ii_analysis|B2_containing|sat=none|q=high|amp=low|base=nominal_baseline|pile=pileup_like,pair_median,613,7,0.009361065298393501,True,0.5097767550374779,-5.3373743756881264,119.94133794490423,33.51568153193489,44.31011763011511,0.2838499184339315,1077.4089600498642,929.2954061266732,sample_ii_analysis,B2_containing,none,high,low,nominal_baseline,pileup_like
sample_ii_analysis|B2_containing|sat=none|q=high|amp=low|base=nominal_baseline|pile=pileup_like,pool_label_control,613,7,0.009361065298393501,True,-3.39958669133464,-10.77430009367162,116.44327530363583,32.738681331888046,44.24683928547952,0.3083197389885807,1077.4089600498642,929.2954061266732,sample_ii_analysis,B2_containing,none,high,low,nominal_baseline,pileup_like
sample_ii_analysis|B2_containing|sat=none|q=high|amp=low|base=nominal_baseline|pile=pileup_like,ridge,613,7,0.009361065298393501,True,-5.4078193634559275,-27.15181403314788,75.45851579943485,16.513648427236877,25.22011101108409,0.5301794453507341,521.8755299293049,455.57201017639534,sample_ii_analysis,B2_containing,none,high,low,nominal_baseline,pileup_like
sample_ii_analysis|B2_containing|sat=none|q=high|amp=low|base=nominal_baseline|pile=pileup_like,support_gated_cnn_new,613,7,0.009361065298393501,True,-1.1915511532544312,-12.655874125115446,117.39605016336093,35.10025124431192,43.91389168444666,0.47145187601957583,1071.749371787527,922.3607528689153,sample_ii_analysis,B2_containing,none,high,low,nominal_baseline,pileup_like
sample_ii_analysis|B2_containing|sat=none|q=high|amp=low|base=nominal_baseline|pile=pileup_like,traditional_s05d_static_priors,613,7,0.009361065298393501,True,-4.962750667022616,-26.96700124199187,82.97128542515374,19.496449991895467,27.619062418390012,0.5187601957585645,599.7222686527175,541.195303473129,sample_ii_analysis,B2_containing,none,high,low,nominal_baseline,pileup_like
sample_ii_analysis|B2_containing|sat=none|q=high|amp=low|base=nominal_baseline|pile=pileup_like,waveform_only_mlp,613,7,0.009361065298393501,True,-2.3056330683930617,-9.874960882027025,115.73981643191314,32.602013141341025,43.62755659584132,0.37520391517128876,1072.339773693056,921.7585974974103,sample_ii_analysis,B2_containing,none,high,low,nominal_baseline,pileup_like
sample_ii_analysis|downstream_only|sat=none|q=low|amp=high|base=nominal_baseline|pile=not_pileup_like,cnn_1d,599,7,0.009147272616211594,True,-0.6307296506418267,-7.4494174971373,3.424613771744694,3.0682361649983667,3.041899299581635,0.09348914858096828,1.5833655481680438,0.0,sample_ii_analysis,downstream_only,none,low,high,nominal_baseline,not_pileup_like
sample_ii_analysis|downstream_only|sat=none|q=low|amp=high|base=nominal_baseline|pile=not_pileup_like,extra_trees_s05e_dynamic,599,7,0.009147272616211594,True,0.39969410000043704,-3.0660536078939225,3.3520289914377153,1.315356732031332,1.8103068489803071,0.02003338898163606,1.29432433943747,0.0,sample_ii_analysis,downstream_only,none,low,high,nominal_baseline,not_pileup_like
sample_ii_analysis|downstream_only|sat=none|q=low|amp=high|base=nominal_baseline|pile=not_pileup_like,gradient_boosted_trees,599,7,0.009147272616211594,True,-0.3751021011299631,-7.026021541196346,2.639957989458541,2.688439497615369,2.7689758170845313,0.08681135225375626,1.5256069095956877,0.0,sample_ii_analysis,downstream_only,none,low,high,nominal_baseline,not_pileup_like
sample_ii_analysis|downstream_only|sat=none|q=low|amp=high|base=nominal_baseline|pile=not_pileup_like,ml_shuffled_target_control,599,7,0.009147272616211594,True,-3.765244088443839,-14.605167244065015,1.8788478816343537,4.425767597315556,4.437482588863499,0.2303839732888147,3.689782202673903,0.0,sample_ii_analysis,downstream_only,none,low,high,nominal_baseline,not_pileup_like
sample_ii_analysis|downstream_only|sat=none|q=low|amp=high|base=nominal_baseline|pile=not_pileup_like,mlp,599,7,0.009147272616211594,True,3.307196423410368,-2.449716290147701,6.365648887920896,2.5675781710177024,2.568313962309195,0.06176961602671119,2.706362438241594,0.0,sample_ii_analysis,downstream_only,none,low,high,nominal_baseline,not_pileup_like
sample_ii_analysis|downstream_only|sat=none|q=low|amp=high|base=nominal_baseline|pile=not_pileup_like,pair_median,599,7,0.009147272616211594,True,0.040867201562090116,-3.044984024430896,2.558085608572815,1.4393383668382191,1.6341571359638383,0.01335559265442404,1.3956297811510094,0.0,sample_ii_analysis,downstream_only,none,low,high,nominal_baseline,not_pileup_like
sample_ii_analysis|downstream_only|sat=none|q=low|amp=high|base=nominal_baseline|pile=not_pileup_like,pool_label_control,599,7,0.009147272616211594,True,2.4059382185947986,-0.5577705577411021,5.270832156367242,1.559192871713432,1.6972765259972247,0.01335559265442404,1.3956297811510094,0.0,sample_ii_analysis,downstream_only,none,low,high,nominal_baseline,not_pileup_like
sample_ii_analysis|downstream_only|sat=none|q=low|amp=high|base=nominal_baseline|pile=not_pileup_like,ridge,599,7,0.009147272616211594,True,1.7537694492131344,-11.49873688933818,15.697179212942373,7.2454256827337105,7.149824733720316,0.4974958263772955,20.6722268613275,0.0,sample_ii_analysis,downstream_only,none,low,high,nominal_baseline,not_pileup_like
sample_ii_analysis|downstream_only|sat=none|q=low|amp=high|base=nominal_baseline|pile=not_pileup_like,support_gated_cnn_new,599,7,0.009147272616211594,True,-1.0464264334576945,-9.436970119531601,6.1735266565097735,3.5735012851229038,3.83573817712264,0.2020033388981636,1.5880796073876926,0.0,sample_ii_analysis,downstream_only,none,low,high,nominal_baseline,not_pileup_like
sample_ii_analysis|downstream_only|sat=none|q=low|amp=high|base=nominal_baseline|pile=not_pileup_like,traditional_s05d_static_priors,599,7,0.009147272616211594,True,1.9746764760270492,-11.843676530851418,15.567539829682206,7.8555855089332844,7.429450350949629,0.5091819699499165,26.18900321567317,0.0,sample_ii_analysis,downstream_only,none,low,high,nominal_baseline,not_pileup_like
sample_ii_analysis|downstream_only|sat=none|q=low|amp=high|base=nominal_baseline|pile=not_pileup_like,waveform_only_mlp,599,7,0.009147272616211594,True,3.6375143840438313,-2.084838060558013,6.381203267467394,2.3859127059568683,2.3835608257984697,0.048414023372287146,1.2650829130652153,0.0,sample_ii_analysis,downstream_only,none,low,high,nominal_baseline,not_pileup_like
sample_i_analysis|downstream_only|sat=none|q=low|amp=low|base=nominal_baseline|pile=not_pileup_like,cnn_1d,549,14,0.008383727322704784,True,0.07189584423054396,-7.11134272037823,9.562524889722779,4.464591787187105,4.68841537024845,0.2568306010928962,3.8730141135313,0.0,sample_i_analysis,downstream_only,none,low,low,nominal_baseline,not_pileup_like
sample_i_analysis|downstream_only|sat=none|q=low|amp=low|base=nominal_baseline|pile=not_pileup_like,extra_trees_s05e_dynamic,549,14,0.008383727322704784,True,0.11445759487570417,-3.1291372059658795,2.483240922105863,1.221149227283795,1.6659527874795264,0.018214936247723135,0.8051593471251094,0.0,sample_i_analysis,downstream_only,none,low,low,nominal_baseline,not_pileup_like
sample_i_analysis|downstream_only|sat=none|q=low|amp=low|base=nominal_baseline|pile=not_pileup_like,gradient_boosted_trees,549,14,0.008383727322704784,True,-3.90265678709924,-8.547827568965204,3.819281799175061,3.8233034987042114,3.7418791875466404,0.1621129326047359,5.722790330842835,0.0,sample_i_analysis,downstream_only,none,low,low,nominal_baseline,not_pileup_like
sample_i_analysis|downstream_only|sat=none|q=low|amp=low|base=nominal_baseline|pile=not_pileup_like,ml_shuffled_target_control,549,14,0.008383727322704784,True,-5.0567372557591925,-16.47130973732879,2.5893524267760144,4.591654448079155,4.835966475287936,0.2677595628415301,4.671207872938405,0.0,sample_i_analysis,downstream_only,none,low,low,nominal_baseline,not_pileup_like
sample_i_analysis|downstream_only|sat=none|q=low|amp=low|base=nominal_baseline|pile=not_pileup_like,mlp,549,14,0.008383727322704784,True,1.7561053804418276,-3.191451699938301,6.815981773202853,2.249594886157487,2.6697756822564127,0.052823315118397086,2.0014150851577344,0.0,sample_i_analysis,downstream_only,none,low,low,nominal_baseline,not_pileup_like
sample_i_analysis|downstream_only|sat=none|q=low|amp=low|base=nominal_baseline|pile=not_pileup_like,pair_median,549,14,0.008383727322704784,True,-1.0637242315334916,-4.604192773696302,3.4561394766698896,2.384674947457663,2.414679388114097,0.014571948998178506,1.962065856909297,0.0,sample_i_analysis,downstream_only,none,low,low,nominal_baseline,not_pileup_like
sample_i_analysis|downstream_only|sat=none|q=low|amp=low|base=nominal_baseline|pile=not_pileup_like,pool_label_control,549,14,0.008383727322704784,True,-13.798868332631331,-20.43587448904632,-8.329857520744959,3.303021872902634,3.2054736374877533,0.09836065573770492,1.9620658569092966,0.0,sample_i_analysis,downstream_only,none,low,low,nominal_baseline,not_pileup_like
sample_i_analysis|downstream_only|sat=none|q=low|amp=low|base=nominal_baseline|pile=not_pileup_like,ridge,549,14,0.008383727322704784,True,2.8727740602969307,-11.455433016726285,18.754049225843314,6.227439309055216,7.329654786924679,0.41530054644808745,26.37030964081703,0.0,sample_i_analysis,downstream_only,none,low,low,nominal_baseline,not_pileup_like
sample_i_analysis|downstream_only|sat=none|q=low|amp=low|base=nominal_baseline|pile=not_pileup_like,support_gated_cnn_new,549,14,0.008383727322704784,True,0.06114334424848744,-6.643235553642325,7.19160443102537,3.5513243089704134,3.5887155587139765,0.1657559198542805,2.665553802389946,0.0,sample_i_analysis,downstream_only,none,low,low,nominal_baseline,not_pileup_like
sample_i_analysis|downstream_only|sat=none|q=low|amp=low|base=nominal_baseline|pile=not_pileup_like,traditional_s05d_static_priors,549,14,0.008383727322704784,True,2.338568426362954,-12.748882683873761,15.707277742062788,6.14540131803615,7.039383441323253,0.40255009107468126,16.475588698966114,0.0,sample_i_analysis,downstream_only,none,low,low,nominal_baseline,not_pileup_like
sample_i_analysis|downstream_only|sat=none|q=low|amp=low|base=nominal_baseline|pile=not_pileup_like,waveform_only_mlp,549,14,0.008383727322704784,True,1.7696002703999862,-2.3145972612169197,7.144016336131112,2.461538513402184,2.7091834571540954,0.04918032786885246,2.3281571666450733,0.0,sample_i_analysis,downstream_only,none,low,low,nominal_baseline,not_pileup_like
sample_i_analysis|B2_containing|sat=deep|q=high|amp=high|base=nominal_baseline|pile=pileup_like,cnn_1d,523,14,0.007986683770081241,True,64.81921675808715,-6.079241059914224,114.12117085468333,34.0986531297866,33.33023636240587,0.9082217973231358,700.7263822795572,,sample_i_analysis,B2_containing,deep,high,high,nominal_baseline,pileup_like
sample_i_analysis|B2_containing|sat=deep|q=high|amp=high|base=nominal_baseline|pile=pileup_like,extra_trees_s05e_dynamic,523,14,0.007986683770081241,True,6.9324739455176285,-22.65814784114384,30.51153340171446,10.431055615958812,13.664419834024809,0.615678776290631,21.829938033731754,,sample_i_analysis,B2_containing,deep,high,high,nominal_baseline,pileup_like
sample_i_analysis|B2_containing|sat=deep|q=high|amp=high|base=nominal_baseline|pile=pileup_like,gradient_boosted_trees,523,14,0.007986683770081241,True,28.33903365928132,-8.457744598611933,50.544171643430886,12.649474822257853,15.378372607590123,0.6405353728489483,69.60408328846682,,sample_i_analysis,B2_containing,deep,high,high,nominal_baseline,pileup_like
sample_i_analysis|B2_containing|sat=deep|q=high|amp=high|base=nominal_baseline|pile=pileup_like,ml_shuffled_target_control,523,14,0.007986683770081241,True,61.10717632160588,-10.980180256568612,113.10075017774851,34.53976305460439,33.714607884226936,0.9063097514340345,679.8139806076766,,sample_i_analysis,B2_containing,deep,high,high,nominal_baseline,pileup_like
sample_i_analysis|B2_containing|sat=deep|q=high|amp=high|base=nominal_baseline|pile=pileup_like,mlp,523,14,0.007986683770081241,True,59.44512863645861,-8.286594642947128,107.45804116597124,31.56198145869518,31.652276261422088,0.8986615678776291,614.025223952617,,sample_i_analysis,B2_containing,deep,high,high,nominal_baseline,pileup_like
sample_i_analysis|B2_containing|sat=deep|q=high|amp=high|base=nominal_baseline|pile=pileup_like,pair_median,523,14,0.007986683770081241,True,69.26540740736101,-1.6794387821082417,117.13082227195362,33.47121834213744,33.267737741613864,0.9139579349904398,694.896104069616,,sample_i_analysis,B2_containing,deep,high,high,nominal_baseline,pileup_like
sample_i_analysis|B2_containing|sat=deep|q=high|amp=high|base=nominal_baseline|pile=pileup_like,pool_label_control,523,14,0.007986683770081241,True,50.4598516209746,-22.750581373156066,100.04174533257137,33.660887678473905,33.441228789833715,0.9024856596558317,694.8961040696161,,sample_i_analysis,B2_containing,deep,high,high,nominal_baseline,pileup_like
sample_i_analysis|B2_containing|sat=deep|q=high|amp=high|base=nominal_baseline|pile=pileup_like,ridge,523,14,0.007986683770081241,True,3.8961230788306778,-15.949235985387787,29.437975786561676,10.855816915925415,12.932294801638935,0.6309751434034416,69.47114935418253,,sample_i_analysis,B2_containing,deep,high,high,nominal_baseline,pileup_like
sample_i_analysis|B2_containing|sat=deep|q=high|amp=high|base=nominal_baseline|pile=pileup_like,support_gated_cnn_new,523,14,0.007986683770081241,True,66.62384584613517,-7.861136326625941,114.14738550264434,33.92737952409826,33.551965536956565,0.9101338432122371,682.6770569473435,,sample_i_analysis,B2_containing,deep,high,high,nominal_baseline,pileup_like
sample_i_analysis|B2_containing|sat=deep|q=high|amp=high|base=nominal_baseline|pile=pileup_like,traditional_s05d_static_priors,523,14,0.007986683770081241,True,7.165618374394072,-18.114167223633086,30.910935799919574,12.463985500136538,13.443302012048957,0.6577437858508605,81.26250847305758,,sample_i_analysis,B2_containing,deep,high,high,nominal_baseline,pileup_like
sample_i_analysis|B2_containing|sat=deep|q=high|amp=high|base=nominal_baseline|pile=pileup_like,waveform_only_mlp,523,14,0.007986683770081241,True,63.17150571420014,-2.2120977500071444,114.6921190817885,32.231495638177876,31.874053750407697,0.9158699808795411,649.4003995789569,,sample_i_analysis,B2_containing,deep,high,high,nominal_baseline,pileup_like
sample_i_analysis|B2_containing|sat=none|q=high|amp=high|base=nominal_baseline|pile=pileup_like,cnn_1d,500,13,0.007635452935068108,True,-0.7223008235476824,-8.173608374599,107.01999506802727,31.186675439626757,38.105322727334624,0.362,1385.4521729313824,1381.9584012996734,sample_i_analysis,B2_containing,none,high,high,nominal_baseline,pileup_like
sample_i_analysis|B2_containing|sat=none|q=high|amp=high|base=nominal_baseline|pile=pileup_like,extra_trees_s05e_dynamic,500,13,0.007635452935068108,True,-5.24578457620143,-15.273310811763173,75.13863978211953,16.252625435459148,25.359188011661814,0.41,722.4788511100767,716.5557125287006,sample_i_analysis,B2_containing,none,high,high,nominal_baseline,pileup_like
sample_i_analysis|B2_containing|sat=none|q=high|amp=high|base=nominal_baseline|pile=pileup_like,gradient_boosted_trees,500,13,0.007635452935068108,True,-4.320662250452261,-8.242959553745806,88.28585714518535,20.637721148374993,31.03274054496603,0.254,1059.3894204873288,1057.6006523993651,sample_i_analysis,B2_containing,none,high,high,nominal_baseline,pileup_like
sample_i_analysis|B2_containing|sat=none|q=high|amp=high|base=nominal_baseline|pile=pileup_like,ml_shuffled_target_control,500,13,0.007635452935068108,True,-5.600781767072564,-16.591068532521003,101.78750018087318,31.198649067250773,37.910099107792725,0.444,1339.502489865939,1327.7531861984166,sample_i_analysis,B2_containing,none,high,high,nominal_baseline,pileup_like
sample_i_analysis|B2_containing|sat=none|q=high|amp=high|base=nominal_baseline|pile=pileup_like,mlp,500,13,0.007635452935068108,True,-2.297536016616495,-9.183687802317651,103.0410296082153,30.163949295704594,37.450264885766785,0.354,1355.2704329671308,1353.5351027048544,sample_i_analysis,B2_containing,none,high,high,nominal_baseline,pileup_like
sample_i_analysis|B2_containing|sat=none|q=high|amp=high|base=nominal_baseline|pile=pileup_like,pair_median,500,13,0.007635452935068108,True,-0.2396956777523775,-2.78825940606219,107.95911808391403,28.795399132248985,38.24034499208019,0.212,1381.152180313216,1378.7855747941537,sample_i_analysis,B2_containing,none,high,high,nominal_baseline,pileup_like
sample_i_analysis|B2_containing|sat=none|q=high|amp=high|base=nominal_baseline|pile=pileup_like,pool_label_control,500,13,0.007635452935068108,True,-17.859523886706974,-24.766798063350834,89.42234223379883,30.23751016868396,37.91245089984355,0.372,1381.152180313216,1378.7855747941537,sample_i_analysis,B2_containing,none,high,high,nominal_baseline,pileup_like
sample_i_analysis|B2_containing|sat=none|q=high|amp=high|base=nominal_baseline|pile=pileup_like,ridge,500,13,0.007635452935068108,True,-6.572299061217731,-21.107648424878523,78.98100477437943,14.672374712512761,25.894947882814225,0.538,766.2483748591105,656.0893854956643,sample_i_analysis,B2_containing,none,high,high,nominal_baseline,pileup_like
sample_i_analysis|B2_containing|sat=none|q=high|amp=high|base=nominal_baseline|pile=pileup_like,support_gated_cnn_new,500,13,0.007635452935068108,True,-1.2272927892802115,-8.330825373542249,104.22780894065271,31.508276589055708,37.79259067417755,0.408,1352.3066633220285,1350.5941015176534,sample_i_analysis,B2_containing,none,high,high,nominal_baseline,pileup_like
sample_i_analysis|B2_containing|sat=none|q=high|amp=high|base=nominal_baseline|pile=pileup_like,traditional_s05d_static_priors,500,13,0.007635452935068108,True,-7.693161738525967,-21.064807696226218,82.37959758834889,16.32810356568271,27.575149881689853,0.406,819.3715451088847,673.5148469439096,sample_i_analysis,B2_containing,none,high,high,nominal_baseline,pileup_like
sample_i_analysis|B2_containing|sat=none|q=high|amp=high|base=nominal_baseline|pile=pileup_like,waveform_only_mlp,500,13,0.007635452935068108,True,-3.164097104056493,-9.728093193352029,104.47402999775376,29.02676868572011,37.97617096133393,0.32,1351.3335834518273,1349.362742844782,sample_i_analysis,B2_containing,none,high,high,nominal_baseline,pileup_like
sample_ii_analysis|B2_containing|sat=mild|q=low|amp=high|base=nominal_baseline|pile=not_pileup_like,cnn_1d,475,7,0.007253680288314703,True,-6.478472018541933,-10.905968657706817,-1.5663183189472636,2.307111427696656,2.5752545197145174,0.037894736842105266,2.1759918846603425,,sample_ii_analysis,B2_containing,mild,low,high,nominal_baseline,not_pileup_like
sample_ii_analysis|B2_containing|sat=mild|q=low|amp=high|base=nominal_baseline|pile=not_pileup_like,extra_trees_s05e_dynamic,475,7,0.007253680288314703,True,-0.5726812830451959,-9.644268479821218,2.038541206598063,1.9938623726542137,3.034303233166933,0.08,1.8243892308306917,,sample_ii_analysis,B2_containing,mild,low,high,nominal_baseline,not_pileup_like
sample_ii_analysis|B2_containing|sat=mild|q=low|amp=high|base=nominal_baseline|pile=not_pileup_like,gradient_boosted_trees,475,7,0.007253680288314703,True,-5.488932397820388,-12.328999865377785,-0.5712994006977505,1.7411118971141784,3.3280416882246797,0.07789473684210527,3.467202041427453,,sample_ii_analysis,B2_containing,mild,low,high,nominal_baseline,not_pileup_like
sample_ii_analysis|B2_containing|sat=mild|q=low|amp=high|base=nominal_baseline|pile=not_pileup_like,ml_shuffled_target_control,475,7,0.007253680288314703,True,-8.311414693147787,-15.952897491779803,-2.807640507746781,2.9605117478902825,3.3785286519182143,0.10736842105263159,7.188922972244175,,sample_ii_analysis,B2_containing,mild,low,high,nominal_baseline,not_pileup_like
sample_ii_analysis|B2_containing|sat=mild|q=low|amp=high|base=nominal_baseline|pile=not_pileup_like,mlp,475,7,0.007253680288314703,True,-2.891086943541758,-7.389524742543381,2.305199388529175,1.9626724245302225,2.433599645587966,0.04631578947368421,2.5985232209615035,,sample_ii_analysis,B2_containing,mild,low,high,nominal_baseline,not_pileup_like
sample_ii_analysis|B2_containing|sat=mild|q=low|amp=high|base=nominal_baseline|pile=not_pileup_like,pair_median,475,7,0.007253680288314703,True,-0.8303630471913087,-7.475928250249403,1.9284940244923,1.8505208387350938,2.5074641824883916,0.06526315789473684,2.1423801837341756,,sample_ii_analysis,B2_containing,mild,low,high,nominal_baseline,not_pileup_like
sample_ii_analysis|B2_containing|sat=mild|q=low|amp=high|base=nominal_baseline|pile=not_pileup_like,pool_label_control,475,7,0.007253680288314703,True,-5.51297607695456,-11.05284905655895,-2.2697417358518694,1.7461053044710229,2.398665705361544,0.04842105263157895,2.142380183734176,,sample_ii_analysis,B2_containing,mild,low,high,nominal_baseline,not_pileup_like
sample_ii_analysis|B2_containing|sat=mild|q=low|amp=high|base=nominal_baseline|pile=not_pileup_like,ridge,475,7,0.007253680288314703,True,-2.966336259865891,-21.19958053988473,9.551596804150156,8.530141558662715,8.393842230287541,0.5536842105263158,40.4947968260737,,sample_ii_analysis,B2_containing,mild,low,high,nominal_baseline,not_pileup_like
sample_ii_analysis|B2_containing|sat=mild|q=low|amp=high|base=nominal_baseline|pile=not_pileup_like,support_gated_cnn_new,475,7,0.007253680288314703,True,-6.253424396574567,-10.554658758430019,1.1754975124141678,3.3025040198623867,3.3911465350233096,0.13263157894736843,2.3529894099054705,,sample_ii_analysis,B2_containing,mild,low,high,nominal_baseline,not_pileup_like
sample_ii_analysis|B2_containing|sat=mild|q=low|amp=high|base=nominal_baseline|pile=not_pileup_like,traditional_s05d_static_priors,475,7,0.007253680288314703,True,-3.2410179314422662,-21.112650260919583,5.525345097931146,7.273822024055281,7.223900418498092,0.4568421052631579,18.405557071730776,,sample_ii_analysis,B2_containing,mild,low,high,nominal_baseline,not_pileup_like
sample_ii_analysis|B2_containing|sat=mild|q=low|amp=high|base=nominal_baseline|pile=not_pileup_like,waveform_only_mlp,475,7,0.007253680288314703,True,-1.4173318947391718,-5.114222211843712,3.1896324821676627,1.8351706633592975,2.216490264457443,0.02736842105263158,2.201954643101948,,sample_ii_analysis,B2_containing,mild,low,high,nominal_baseline,not_pileup_like
sample_i_analysis|B2_containing|sat=none|q=high|amp=low|base=nominal_baseline|pile=pileup_like,cnn_1d,467,14,0.007131513041353613,True,4.016386776443154,-13.418957387199605,136.54337457978562,51.087167412122525,56.81285559411455,0.7002141327623126,1775.837714155795,1772.8369061115297,sample_i_analysis,B2_containing,none,high,low,nominal_baseline,pileup_like
sample_i_analysis|B2_containing|sat=none|q=high|amp=low|base=nominal_baseline|pile=pileup_like,extra_trees_s05e_dynamic,467,14,0.007131513041353613,True,-2.9970186330550312,-21.68490690631922,86.28261172561025,24.168939144967432,33.11880759332051,0.6231263383297645,519.9698846888164,514.2697141915696,sample_i_analysis,B2_containing,none,high,low,nominal_baseline,pileup_like
sample_i_analysis|B2_containing|sat=none|q=high|amp=low|base=nominal_baseline|pile=pileup_like,gradient_boosted_trees,467,14,0.007131513041353613,True,-0.9725711697738699,-16.31520238690426,92.37581296466172,28.529026186258097,36.170252087308334,0.5396145610278372,781.020813087039,778.3746820706251,sample_i_analysis,B2_containing,none,high,low,nominal_baseline,pileup_like
sample_i_analysis|B2_containing|sat=none|q=high|amp=low|base=nominal_baseline|pile=pileup_like,ml_shuffled_target_control,467,14,0.007131513041353613,True,-2.696315008892154,-18.787406996394015,132.6528584179191,51.151773123446475,56.76628092938698,0.6445396145610278,1787.4286773914475,1781.4299726770282,sample_i_analysis,B2_containing,none,high,low,nominal_baseline,pileup_like
sample_i_analysis|B2_containing|sat=none|q=high|amp=low|base=nominal_baseline|pile=pileup_like,mlp,467,14,0.007131513041353613,True,0.19232254555726946,-13.703249260130768,131.29814921717133,50.4728164874531,56.18925283767963,0.5931477516059958,1685.9748349411286,1682.1591700515185,sample_i_analysis,B2_containing,none,high,low,nominal_baseline,pileup_like
sample_i_analysis|B2_containing|sat=none|q=high|amp=low|base=nominal_baseline|pile=pileup_like,pair_median,467,14,0.007131513041353613,True,0.9002570497575562,-10.395931459144125,140.80627881793774,49.97315237187321,57.98723320685456,0.44967880085653106,1751.8913664053748,1749.264266487197,sample_i_analysis,B2_containing,none,high,low,nominal_baseline,pileup_like
sample_i_analysis|B2_containing|sat=none|q=high|amp=low|base=nominal_baseline|pile=pileup_like,pool_label_control,467,14,0.007131513041353613,True,-16.52947327916418,-31.210131514308845,120.32214427724485,50.54672632219785,57.192517695521076,0.576017130620985,1751.8913664053748,1749.264266487197,sample_i_analysis,B2_containing,none,high,low,nominal_baseline,pileup_like
sample_i_analysis|B2_containing|sat=none|q=high|amp=low|base=nominal_baseline|pile=pileup_like,ridge,467,14,0.007131513041353613,True,-2.6460045729678847,-30.93547458797973,79.92244944258483,22.753969692891218,28.461427374450572,0.6509635974304069,508.26974160618363,452.9400996276289,sample_i_analysis,B2_containing,none,high,low,nominal_baseline,pileup_like
sample_i_analysis|B2_containing|sat=none|q=high|amp=low|base=nominal_baseline|pile=pileup_like,support_gated_cnn_new,467,14,0.007131513041353613,True,1.5509798459302775,-13.320649095801615,132.89413410968362,50.36923079293068,55.92696872275869,0.6338329764453962,1627.1616949215722,1624.2769963153626,sample_i_analysis,B2_containing,none,high,low,nominal_baseline,pileup_like
sample_i_analysis|B2_containing|sat=none|q=high|amp=low|base=nominal_baseline|pile=pileup_like,traditional_s05d_static_priors,467,14,0.007131513041353613,True,-3.8362595208625456,-26.82404297855769,77.7871316267201,23.931921479344503,29.32621230659458,0.6445396145610278,525.8322363446933,508.79584200436307,sample_i_analysis,B2_containing,none,high,low,nominal_baseline,pileup_like
sample_i_analysis|B2_containing|sat=none|q=high|amp=low|base=nominal_baseline|pile=pileup_like,waveform_only_mlp,467,14,0.007131513041353613,True,-0.08726827277260762,-13.440117145635817,135.57495508549385,51.077536159549076,57.12222617985224,0.5738758029978587,1782.3632597093297,1779.0329004079274,sample_i_analysis,B2_containing,none,high,low,nominal_baseline,pileup_like
sample_i_analysis|B2_containing|sat=moderate|q=high|amp=high|base=nominal_baseline|pile=pileup_like,cnn_1d,440,13,0.006719198582859936,True,67.94434160784111,-1.5456831244301414,118.27137738620665,36.02477442990345,32.17634196585702,0.9022727272727272,734.4315828311653,,sample_i_analysis,B2_containing,moderate,high,high,nominal_baseline,pileup_like
sample_i_analysis|B2_containing|sat=moderate|q=high|amp=high|base=nominal_baseline|pile=pileup_like,extra_trees_s05e_dynamic,440,13,0.006719198582859936,True,2.8623507074923786,-19.570627222675682,27.613788384578246,10.11281526517548,11.698465288100843,0.6113636363636363,47.10068386028867,,sample_i_analysis,B2_containing,moderate,high,high,nominal_baseline,pileup_like
sample_i_analysis|B2_containing|sat=moderate|q=high|amp=high|base=nominal_baseline|pile=pileup_like,gradient_boosted_trees,440,13,0.006719198582859936,True,27.90211343373982,-2.0635741999637167,52.68617051185938,12.257199474840139,13.939268051306605,0.6386363636363637,134.55653156285442,,sample_i_analysis,B2_containing,moderate,high,high,nominal_baseline,pileup_like
sample_i_analysis|B2_containing|sat=moderate|q=high|amp=high|base=nominal_baseline|pile=pileup_like,ml_shuffled_target_control,440,13,0.006719198582859936,True,65.25649398869935,-2.820577347761357,114.14485398995035,34.717294249537574,31.66837113610697,0.9090909090909091,656.4028235908029,,sample_i_analysis,B2_containing,moderate,high,high,nominal_baseline,pileup_like
sample_i_analysis|B2_containing|sat=moderate|q=high|amp=high|base=nominal_baseline|pile=pileup_like,mlp,440,13,0.006719198582859936,True,64.02544959552966,-3.3447387659093097,113.74596141614262,33.87834414065114,31.03353382321916,0.8977272727272727,674.9888446053085,,sample_i_analysis,B2_containing,moderate,high,high,nominal_baseline,pileup_like
sample_i_analysis|B2_containing|sat=moderate|q=high|amp=high|base=nominal_baseline|pile=pileup_like,pair_median,440,13,0.006719198582859936,True,70.1529974402027,0.6365024477408796,119.06838842675104,35.74324514302037,31.94200862053543,0.9136363636363637,758.8143858630167,,sample_i_analysis,B2_containing,moderate,high,high,nominal_baseline,pileup_like
sample_i_analysis|B2_containing|sat=moderate|q=high|amp=high|base=nominal_baseline|pile=pileup_like,pool_label_control,440,13,0.006719198582859936,True,50.76456813555304,-15.796840813914544,102.31217618371028,35.06546963295939,31.945414875783634,0.9068181818181819,758.8143858630167,,sample_i_analysis,B2_containing,moderate,high,high,nominal_baseline,pileup_like
sample_i_analysis|B2_containing|sat=moderate|q=high|amp=high|base=nominal_baseline|pile=pileup_like,ridge,440,13,0.006719198582859936,True,2.4598412712767725,-19.057904418577376,35.92104498559983,13.243632555648675,14.598315590200706,0.7090909090909091,67.01873042995388,,sample_i_analysis,B2_containing,moderate,high,high,nominal_baseline,pileup_like
sample_i_analysis|B2_containing|sat=moderate|q=high|amp=high|base=nominal_baseline|pile=pileup_like,support_gated_cnn_new,440,13,0.006719198582859936,True,67.98797157732118,-0.9854435744955469,117.7134865156796,34.752659534882554,31.64116436885088,0.9113636363636364,766.4613316234127,,sample_i_analysis,B2_containing,moderate,high,high,nominal_baseline,pileup_like
sample_i_analysis|B2_containing|sat=moderate|q=high|amp=high|base=nominal_baseline|pile=pileup_like,traditional_s05d_static_priors,440,13,0.006719198582859936,True,6.364227328540373,-14.571097943664343,36.29033590644051,13.68941496490236,14.133353725538509,0.7,88.97746062327533,,sample_i_analysis,B2_containing,moderate,high,high,nominal_baseline,pileup_like
sample_i_analysis|B2_containing|sat=moderate|q=high|amp=high|base=nominal_baseline|pile=pileup_like,waveform_only_mlp,440,13,0.006719198582859936,True,64.89315150182121,2.250480255494047,115.58655020559512,34.52388317738559,30.869070729224674,0.9113636363636364,692.8172128159421,,sample_i_analysis,B2_containing,moderate,high,high,nominal_baseline,pileup_like
sample_i_analysis|B2_containing|sat=none|q=high|amp=mid|base=nominal_baseline|pile=pileup_like,cnn_1d,428,13,0.006535947712418301,True,0.6926141517636643,-8.235313465593043,112.20205569285793,30.698862953880933,39.359795597406894,0.4369158878504673,1219.5042325993809,1125.9583536554885,sample_i_analysis,B2_containing,none,high,mid,nominal_baseline,pileup_like
sample_i_analysis|B2_containing|sat=none|q=high|amp=mid|base=nominal_baseline|pile=pileup_like,extra_trees_s05e_dynamic,428,13,0.006535947712418301,True,-4.172747334244462,-17.840093890765942,73.18148535133409,12.832268178593011,23.930495846271278,0.37616822429906543,511.5598375603002,435.2186946791266,sample_i_analysis,B2_containing,none,high,mid,nominal_baseline,pileup_like
sample_i_analysis|B2_containing|sat=none|q=high|amp=mid|base=nominal_baseline|pile=pileup_like,gradient_boosted_trees,428,13,0.006535947712418301,True,-2.41854380430828,-9.755641365886913,86.96006274053764,19.316161979998007,27.756129089755575,0.2757009345794392,714.7568825743763,637.3837684780945,sample_i_analysis,B2_containing,none,high,mid,nominal_baseline,pileup_like
sample_i_analysis|B2_containing|sat=none|q=high|amp=mid|base=nominal_baseline|pile=pileup_like,ml_shuffled_target_control,428,13,0.006535947712418301,True,-4.140657554978875,-20.170787109954972,106.11141464515804,31.430553358958875,39.1244719548497,0.4719626168224299,1166.6061323047613,1064.0439190994616,sample_i_analysis,B2_containing,none,high,mid,nominal_baseline,pileup_like
sample_i_analysis|B2_containing|sat=none|q=high|amp=mid|base=nominal_baseline|pile=pileup_like,mlp,428,13,0.006535947712418301,True,-1.6410513175097567,-10.083278215679938,103.63340908884187,31.910426593437293,38.78187873032823,0.3411214953271028,1176.893156126684,1081.318318464365,sample_i_analysis,B2_containing,none,high,mid,nominal_baseline,pileup_like
sample_i_analysis|B2_containing|sat=none|q=high|amp=mid|base=nominal_baseline|pile=pileup_like,pair_median,428,13,0.006535947712418301,True,0.1597954622662563,-4.933737364686998,112.20935308009031,30.189704217445392,39.5941001945838,0.24299065420560748,1208.6118887180014,1115.8875759438392,sample_i_analysis,B2_containing,none,high,mid,nominal_baseline,pileup_like
sample_i_analysis|B2_containing|sat=none|q=high|amp=mid|base=nominal_baseline|pile=pileup_like,pool_label_control,428,13,0.006535947712418301,True,-17.9059985724955,-24.999304153585182,90.9551339378421,30.425267061345377,39.25336376914791,0.32242990654205606,1208.6118887180014,1115.8875759438392,sample_i_analysis,B2_containing,none,high,mid,nominal_baseline,pileup_like
sample_i_analysis|B2_containing|sat=none|q=high|amp=mid|base=nominal_baseline|pile=pileup_like,ridge,428,13,0.006535947712418301,True,-4.322453306773266,-23.761301826595044,81.68511158145752,12.311942008749124,23.927815359811902,0.4883177570093458,606.8463484241088,480.50239558194954,sample_i_analysis,B2_containing,none,high,mid,nominal_baseline,pileup_like
sample_i_analysis|B2_containing|sat=none|q=high|amp=mid|base=nominal_baseline|pile=pileup_like,support_gated_cnn_new,428,13,0.006535947712418301,True,-0.22397982638627068,-9.504150044913242,109.22465329736633,31.606852002614367,38.63050061655852,0.4322429906542056,1204.9096795635082,1111.4574819454326,sample_i_analysis,B2_containing,none,high,mid,nominal_baseline,pileup_like
sample_i_analysis|B2_containing|sat=none|q=high|amp=mid|base=nominal_baseline|pile=pileup_like,traditional_s05d_static_priors,428,13,0.006535947712418301,True,-6.862492758993085,-21.754052038908583,82.63094164178688,16.22668025184967,25.15398888869278,0.4205607476635514,697.6194738492429,606.1434927195844,sample_i_analysis,B2_containing,none,high,mid,nominal_baseline,pileup_like
sample_i_analysis|B2_containing|sat=none|q=high|amp=mid|base=nominal_baseline|pile=pileup_like,waveform_only_mlp,428,13,0.006535947712418301,True,-1.649025537977393,-10.898546476594506,108.59446402773645,30.39468882725125,39.028696657664184,0.3598130841121495,1190.7556229435324,1094.1892947379456,sample_i_analysis,B2_containing,none,high,mid,nominal_baseline,pileup_like
sample_ii_analysis|B2_containing|sat=mild|q=high|amp=high|base=nominal_baseline|pile=pileup_like,cnn_1d,424,7,0.006474864088937756,True,-1.738123824802971,-10.02777397824771,99.10063075494806,36.06151513455601,42.86928574780023,0.6674528301886793,1261.18826825524,,sample_ii_analysis,B2_containing,mild,high,high,nominal_baseline,pileup_like
sample_ii_analysis|B2_containing|sat=mild|q=high|amp=high|base=nominal_baseline|pile=pileup_like,extra_trees_s05e_dynamic,424,7,0.006474864088937756,True,-5.3202244929202145,-30.212822313747438,55.027687587469494,13.063883932936886,19.5074191957969,0.6061320754716981,142.53959215028857,,sample_ii_analysis,B2_containing,mild,high,high,nominal_baseline,pileup_like
sample_ii_analysis|B2_containing|sat=mild|q=high|amp=high|base=nominal_baseline|pile=pileup_like,gradient_boosted_trees,424,7,0.006474864088937756,True,0.9054614113152366,-9.142386491156643,69.40565994084507,21.92438103666121,26.796592727573515,0.8231132075471698,360.9592621238806,,sample_ii_analysis,B2_containing,mild,high,high,nominal_baseline,pileup_like
sample_ii_analysis|B2_containing|sat=mild|q=high|amp=high|base=nominal_baseline|pile=pileup_like,ml_shuffled_target_control,424,7,0.006474864088937756,True,-3.2056884052391554,-14.640770057786408,98.12046208975156,36.70038226774463,42.77164482143232,0.6863207547169812,1269.081129715723,,sample_ii_analysis,B2_containing,mild,high,high,nominal_baseline,pileup_like
sample_ii_analysis|B2_containing|sat=mild|q=high|amp=high|base=nominal_baseline|pile=pileup_like,mlp,424,7,0.006474864088937756,True,0.2586787052665721,-7.46351788617291,98.97948163161135,35.42866442129291,41.40166742846029,0.6650943396226415,1160.1843830799235,,sample_ii_analysis,B2_containing,mild,high,high,nominal_baseline,pileup_like
sample_ii_analysis|B2_containing|sat=mild|q=high|amp=high|base=nominal_baseline|pile=pileup_like,pair_median,424,7,0.006474864088937756,True,2.439636563902063,-4.788027526306959,104.03670949931254,35.56820347116249,43.22848013385029,0.5306603773584906,1279.5564631953202,,sample_ii_analysis,B2_containing,mild,high,high,nominal_baseline,pileup_like
sample_ii_analysis|B2_containing|sat=mild|q=high|amp=high|base=nominal_baseline|pile=pileup_like,pool_label_control,424,7,0.006474864088937756,True,-2.0790129490274083,-8.663287358172957,99.30751650712334,35.76922401260948,43.445303221550674,0.5306603773584906,1279.5564631953202,,sample_ii_analysis,B2_containing,mild,high,high,nominal_baseline,pileup_like
sample_ii_analysis|B2_containing|sat=mild|q=high|amp=high|base=nominal_baseline|pile=pileup_like,ridge,424,7,0.006474864088937756,True,-4.008598380496501,-27.678441013871694,56.494037256933304,18.92186832565891,22.87458906324515,0.7948113207547169,165.7042834252105,,sample_ii_analysis,B2_containing,mild,high,high,nominal_baseline,pileup_like
sample_ii_analysis|B2_containing|sat=mild|q=high|amp=high|base=nominal_baseline|pile=pileup_like,support_gated_cnn_new,424,7,0.006474864088937756,True,-0.8990305526598211,-13.361445926730383,102.08222422049819,37.41955982221247,43.04491964853834,0.7334905660377359,1261.3471518334343,,sample_ii_analysis,B2_containing,mild,high,high,nominal_baseline,pileup_like
sample_ii_analysis|B2_containing|sat=mild|q=high|amp=high|base=nominal_baseline|pile=pileup_like,traditional_s05d_static_priors,424,7,0.006474864088937756,True,-2.8760083654433846,-26.596144787227686,59.39759518532171,20.67743456331361,23.663388770306224,0.8490566037735849,264.5114119272964,,sample_ii_analysis,B2_containing,mild,high,high,nominal_baseline,pileup_like
sample_ii_analysis|B2_containing|sat=mild|q=high|amp=high|base=nominal_baseline|pile=pileup_like,waveform_only_mlp,424,7,0.006474864088937756,True,0.24708948072931058,-9.422358654707725,98.94792332031032,35.3256787024372,41.50990224213003,0.7523584905660378,1172.6621303148345,,sample_ii_analysis,B2_containing,mild,high,high,nominal_baseline,pileup_like
sample_ii_analysis|downstream_only|sat=none|q=high|amp=high|base=nominal_baseline|pile=pileup_like,cnn_1d,413,7,0.006306884124366257,True,-0.6191761980490975,-8.595524171991132,78.82269290709952,4.34493324027686,22.404506785914577,0.26634382566585957,352.62156603283677,0.0,sample_ii_analysis,downstream_only,none,high,high,nominal_baseline,pileup_like
sample_ii_analysis|downstream_only|sat=none|q=high|amp=high|base=nominal_baseline|pile=pileup_like,extra_trees_s05e_dynamic,413,7,0.006306884124366257,True,-2.872787810871513,-21.095143907517198,26.70913049319269,4.704028570264634,11.36208166587889,0.3099273607748184,144.16149921064013,0.0,sample_ii_analysis,downstream_only,none,high,high,nominal_baseline,pileup_like
sample_ii_analysis|downstream_only|sat=none|q=high|amp=high|base=nominal_baseline|pile=pileup_like,gradient_boosted_trees,413,7,0.006306884124366257,True,0.2589187087024456,-7.0576162369585145,52.11406285141012,3.30963628271984,14.80640329220703,0.21549636803874092,160.03597365971245,0.0,sample_ii_analysis,downstream_only,none,high,high,nominal_baseline,pileup_like
sample_ii_analysis|downstream_only|sat=none|q=high|amp=high|base=nominal_baseline|pile=pileup_like,ml_shuffled_target_control,413,7,0.006306884124366257,True,-4.001671799219907,-13.254821254520133,71.90284470779955,4.961721334417568,22.266025880006282,0.3196125907990315,372.55003401722274,0.0,sample_ii_analysis,downstream_only,none,high,high,nominal_baseline,pileup_like
sample_ii_analysis|downstream_only|sat=none|q=high|amp=high|base=nominal_baseline|pile=pileup_like,mlp,413,7,0.006306884124366257,True,1.3286647982422575,-4.9358152306011185,79.29520273317787,3.540056207416801,22.063114461089647,0.2179176755447942,350.31045285453985,0.0,sample_ii_analysis,downstream_only,none,high,high,nominal_baseline,pileup_like
sample_ii_analysis|downstream_only|sat=none|q=high|amp=high|base=nominal_baseline|pile=pileup_like,pair_median,413,7,0.006306884124366257,True,0.3068402639373815,-6.279733299248738,78.90722339583732,2.064571472322215,22.4464851935518,0.162227602905569,356.82476115050514,0.0,sample_ii_analysis,downstream_only,none,high,high,nominal_baseline,pileup_like
sample_ii_analysis|downstream_only|sat=none|q=high|amp=high|base=nominal_baseline|pile=pileup_like,pool_label_control,413,7,0.006306884124366257,True,2.627328624059564,-4.820563204799505,80.9406458884058,2.169926448497023,22.36759481666981,0.1694915254237288,356.8247611505051,0.0,sample_ii_analysis,downstream_only,none,high,high,nominal_baseline,pileup_like
sample_ii_analysis|downstream_only|sat=none|q=high|amp=high|base=nominal_baseline|pile=pileup_like,ridge,413,7,0.006306884124366257,True,-7.139892658824407,-25.734239445781466,43.124068868564926,12.438360868817506,19.14392509483979,0.6101694915254238,240.98264509064126,0.0,sample_ii_analysis,downstream_only,none,high,high,nominal_baseline,pileup_like
sample_ii_analysis|downstream_only|sat=none|q=high|amp=high|base=nominal_baseline|pile=pileup_like,support_gated_cnn_new,413,7,0.006306884124366257,True,-1.0041974057618517,-13.20745074798267,76.45350566302297,5.382441272275865,22.455717414618352,0.34382566585956414,361.38550362225504,0.0,sample_ii_analysis,downstream_only,none,high,high,nominal_baseline,pileup_like
sample_ii_analysis|downstream_only|sat=none|q=high|amp=high|base=nominal_baseline|pile=pileup_like,traditional_s05d_static_priors,413,7,0.006306884124366257,True,-8.369925194378276,-22.80767213805314,37.68916794810114,11.665575082294032,17.499241426676168,0.576271186440678,226.72311736879837,0.0,sample_ii_analysis,downstream_only,none,high,high,nominal_baseline,pileup_like
sample_ii_analysis|downstream_only|sat=none|q=high|amp=high|base=nominal_baseline|pile=pileup_like,waveform_only_mlp,413,7,0.006306884124366257,True,-0.9103544396224748,-7.989113478950952,74.80507466025784,3.4107957441410517,21.823359262901242,0.19854721549636803,355.6349450937906,0.0,sample_ii_analysis,downstream_only,none,high,high,nominal_baseline,pileup_like
sample_ii_analysis|B2_containing|sat=mild|q=mid|amp=high|base=low_baseline|pile=not_pileup_like,cnn_1d,396,7,0.006047278724573941,True,-5.596317270721071,-10.21882969097349,8.694183413662572,2.7228511680492398,4.392505542433877,0.11616161616161616,11.679428894775043,,sample_ii_analysis,B2_containing,mild,mid,high,low_baseline,not_pileup_like
sample_ii_analysis|B2_containing|sat=mild|q=mid|amp=high|base=low_baseline|pile=not_pileup_like,extra_trees_s05e_dynamic,396,7,0.006047278724573941,True,-0.5031382202229372,-4.743610080848885,7.046237578020646,1.3093348857372509,2.839666674744634,0.06565656565656566,3.845100137982067,,sample_ii_analysis,B2_containing,mild,mid,high,low_baseline,not_pileup_like
sample_ii_analysis|B2_containing|sat=mild|q=mid|amp=high|base=low_baseline|pile=not_pileup_like,gradient_boosted_trees,396,7,0.006047278724573941,True,-5.094113086887155,-7.391064380367292,9.430572735799867,1.940093937452769,4.082421663670228,0.10353535353535354,9.57689452284077,,sample_ii_analysis,B2_containing,mild,mid,high,low_baseline,not_pileup_like
sample_ii_analysis|B2_containing|sat=mild|q=mid|amp=high|base=low_baseline|pile=not_pileup_like,ml_shuffled_target_control,396,7,0.006047278724573941,True,-6.980286993257769,-12.426577716718803,6.174833926158097,2.7610367473051145,4.140453532879173,0.12373737373737374,9.275441209940746,,sample_ii_analysis,B2_containing,mild,mid,high,low_baseline,not_pileup_like
sample_ii_analysis|B2_containing|sat=mild|q=mid|amp=high|base=low_baseline|pile=not_pileup_like,mlp,396,7,0.006047278724573941,True,-2.5955137801830963,-6.001802185267841,11.249600710120205,2.1272664800278047,4.060166453808048,0.12121212121212122,9.737742689633292,,sample_ii_analysis,B2_containing,mild,mid,high,low_baseline,not_pileup_like
sample_ii_analysis|B2_containing|sat=mild|q=mid|amp=high|base=low_baseline|pile=not_pileup_like,pair_median,396,7,0.006047278724573941,True,-0.2852753015810396,-2.9477799821069914,10.340239157790865,1.064139951522108,3.2605423844464347,0.06818181818181818,9.60413827302357,,sample_ii_analysis,B2_containing,mild,mid,high,low_baseline,not_pileup_like
sample_ii_analysis|B2_containing|sat=mild|q=mid|amp=high|base=low_baseline|pile=not_pileup_like,pool_label_control,396,7,0.006047278724573941,True,-4.735000756221156,-7.450144939271207,7.494927752471991,1.3306508341316832,3.5212849321064983,0.07828282828282829,9.60413827302357,,sample_ii_analysis,B2_containing,mild,mid,high,low_baseline,not_pileup_like
sample_ii_analysis|B2_containing|sat=mild|q=mid|amp=high|base=low_baseline|pile=not_pileup_like,ridge,396,7,0.006047278724573941,True,-0.7544203795322991,-16.063503924907753,9.112218308721154,4.854935775343312,5.748755712766373,0.3181818181818182,21.616467203264463,,sample_ii_analysis,B2_containing,mild,mid,high,low_baseline,not_pileup_like
sample_ii_analysis|B2_containing|sat=mild|q=mid|amp=high|base=low_baseline|pile=not_pileup_like,support_gated_cnn_new,396,7,0.006047278724573941,True,-6.445840205262937,-10.981757084581488,8.93582101762739,2.6893323084927996,4.731087954857436,0.11363636363636363,7.900553461412181,,sample_ii_analysis,B2_containing,mild,mid,high,low_baseline,not_pileup_like
sample_ii_analysis|B2_containing|sat=mild|q=mid|amp=high|base=low_baseline|pile=not_pileup_like,traditional_s05d_static_priors,396,7,0.006047278724573941,True,-1.0239737480363287,-17.673032495598473,7.753463537768647,4.254763715706322,5.7401862123257175,0.2601010101010101,21.989108439504808,,sample_ii_analysis,B2_containing,mild,mid,high,low_baseline,not_pileup_like
sample_ii_analysis|B2_containing|sat=mild|q=mid|amp=high|base=low_baseline|pile=not_pileup_like,waveform_only_mlp,396,7,0.006047278724573941,True,-2.2805989803103914,-4.70090826921233,11.211425669612648,2.144407560074507,3.8459682762139407,0.08838383838383838,8.956666843618947,,sample_ii_analysis,B2_containing,mild,mid,high,low_baseline,not_pileup_like
sample_ii_analysis|B2_containing|sat=none|q=high|amp=mid|base=low_baseline|pile=not_pileup_like,cnn_1d,395,7,0.006032007818703805,True,-2.0317654305957986,-8.156820518860744,4.426406381538236,4.078713529003128,3.9836603930421,0.1949367088607595,0.7867236255216917,,sample_ii_analysis,B2_containing,none,high,mid,low_baseline,not_pileup_like
sample_ii_analysis|B2_containing|sat=none|q=high|amp=mid|base=low_baseline|pile=not_pileup_like,extra_trees_s05e_dynamic,395,7,0.006032007818703805,True,-0.6803943080137644,-4.0912758542044765,1.990909380994251,1.4479149769013449,1.8734827282005238,0.017721518987341773,0.8251560029507976,,sample_ii_analysis,B2_containing,none,high,mid,low_baseline,not_pileup_like
sample_ii_analysis|B2_containing|sat=none|q=high|amp=mid|base=low_baseline|pile=not_pileup_like,gradient_boosted_trees,395,7,0.006032007818703805,True,-2.0370826329009444,-7.607767950332671,3.009793645757641,3.227145318752134,3.4274541296599756,0.0759493670886076,0.907528171409874,,sample_ii_analysis,B2_containing,none,high,mid,low_baseline,not_pileup_like
sample_ii_analysis|B2_containing|sat=none|q=high|amp=mid|base=low_baseline|pile=not_pileup_like,ml_shuffled_target_control,395,7,0.006032007818703805,True,-4.877857057736184,-13.231454193173407,2.5693108020668696,4.150427400092269,4.527137043408687,0.2430379746835443,1.9975559500144406,,sample_ii_analysis,B2_containing,none,high,mid,low_baseline,not_pileup_like
sample_ii_analysis|B2_containing|sat=none|q=high|amp=mid|base=low_baseline|pile=not_pileup_like,mlp,395,7,0.006032007818703805,True,1.3782372720140268,-4.641870833937178,6.599712287660731,3.4235926496783122,3.541064710644224,0.09367088607594937,0.9721852056554635,,sample_ii_analysis,B2_containing,none,high,mid,low_baseline,not_pileup_like
sample_ii_analysis|B2_containing|sat=none|q=high|amp=mid|base=low_baseline|pile=not_pileup_like,pair_median,395,7,0.006032007818703805,True,0.5372385232713976,-2.643460995230874,3.499868147223224,1.4730455495188812,2.0825990440034308,0.015189873417721518,0.9211489302292752,,sample_ii_analysis,B2_containing,none,high,mid,low_baseline,not_pileup_like
sample_ii_analysis|B2_containing|sat=none|q=high|amp=mid|base=low_baseline|pile=not_pileup_like,pool_label_control,395,7,0.006032007818703805,True,-3.39617031467198,-9.976618524982472,0.795175680592067,2.145097873297155,2.9076686083632683,0.053164556962025315,0.9211489302292755,,sample_ii_analysis,B2_containing,none,high,mid,low_baseline,not_pileup_like
sample_ii_analysis|B2_containing|sat=none|q=high|amp=mid|base=low_baseline|pile=not_pileup_like,ridge,395,7,0.006032007818703805,True,-1.651725122297747,-13.973297388426166,7.80669739655957,5.797486278563601,5.755417659826038,0.3822784810126582,12.656680578474319,,sample_ii_analysis,B2_containing,none,high,mid,low_baseline,not_pileup_like
sample_ii_analysis|B2_containing|sat=none|q=high|amp=mid|base=low_baseline|pile=not_pileup_like,support_gated_cnn_new,395,7,0.006032007818703805,True,-3.339032163840283,-9.862200874934212,5.133473803546343,4.482017646131442,4.383292996570826,0.26329113924050634,1.1046785718951235,,sample_ii_analysis,B2_containing,none,high,mid,low_baseline,not_pileup_like
sample_ii_analysis|B2_containing|sat=none|q=high|amp=mid|base=low_baseline|pile=not_pileup_like,traditional_s05d_static_priors,395,7,0.006032007818703805,True,-1.1349938054640298,-12.524262178004813,8.722561182723693,6.061104078928715,5.711123994588247,0.41012658227848103,12.643032304257645,,sample_ii_analysis,B2_containing,none,high,mid,low_baseline,not_pileup_like
sample_ii_analysis|B2_containing|sat=none|q=high|amp=mid|base=low_baseline|pile=not_pileup_like,waveform_only_mlp,395,7,0.006032007818703805,True,0.6529512107176261,-4.688079978891637,5.159078251081712,2.9296976769111587,3.2229004954615164,0.05822784810126582,0.9448419199266491,,sample_ii_analysis,B2_containing,none,high,mid,low_baseline,not_pileup_like
sample_i_analysis|B2_containing|sat=deep|q=mid|amp=high|base=nominal_baseline|pile=not_pileup_like,cnn_1d,380,14,0.005802944230651762,True,0.5080314813119973,-11.568276063826703,19.52254517598664,8.370234560397181,8.133289469426858,0.5105263157894737,24.90119786098497,,sample_i_analysis,B2_containing,deep,mid,high,nominal_baseline,not_pileup_like
sample_i_analysis|B2_containing|sat=deep|q=mid|amp=high|base=nominal_baseline|pile=not_pileup_like,extra_trees_s05e_dynamic,380,14,0.005802944230651762,True,0.8474210727949376,-9.71238360821647,13.284589883134641,4.532765892407526,5.3075495287888526,0.2631578947368421,6.49492362836785,,sample_i_analysis,B2_containing,deep,mid,high,nominal_baseline,not_pileup_like
sample_i_analysis|B2_containing|sat=deep|q=mid|amp=high|base=nominal_baseline|pile=not_pileup_like,gradient_boosted_trees,380,14,0.005802944230651762,True,0.32061042737976386,-11.751622663285952,15.990266494162093,7.81709596426082,7.727836896729871,0.5578947368421052,25.19705446766223,,sample_i_analysis,B2_containing,deep,mid,high,nominal_baseline,not_pileup_like
sample_i_analysis|B2_containing|sat=deep|q=mid|amp=high|base=nominal_baseline|pile=not_pileup_like,ml_shuffled_target_control,380,14,0.005802944230651762,True,-2.1792365318574625,-15.000686455060508,16.371200884552263,8.000693299567558,8.258086789089932,0.5289473684210526,29.591091091449112,,sample_i_analysis,B2_containing,deep,mid,high,nominal_baseline,not_pileup_like
sample_i_analysis|B2_containing|sat=deep|q=mid|amp=high|base=nominal_baseline|pile=not_pileup_like,mlp,380,14,0.005802944230651762,True,-1.0006930945066523,-12.131144857141773,19.049299120097704,8.343658825247555,8.40630151246824,0.5342105263157895,21.999683530155774,,sample_i_analysis,B2_containing,deep,mid,high,nominal_baseline,not_pileup_like
sample_i_analysis|B2_containing|sat=deep|q=mid|amp=high|base=nominal_baseline|pile=not_pileup_like,pair_median,380,14,0.005802944230651762,True,3.977823399620997,-7.213099052370847,23.187544779718426,7.501662044429366,7.7241918345275415,0.49473684210526314,25.62904491351445,,sample_i_analysis,B2_containing,deep,mid,high,nominal_baseline,not_pileup_like
sample_i_analysis|B2_containing|sat=deep|q=mid|amp=high|base=nominal_baseline|pile=not_pileup_like,pool_label_control,380,14,0.005802944230651762,True,-15.081263541534433,-26.60900852958161,5.914664921616503,7.712817270756741,8.174128895713839,0.49473684210526314,25.62904491351446,,sample_i_analysis,B2_containing,deep,mid,high,nominal_baseline,not_pileup_like
sample_i_analysis|B2_containing|sat=deep|q=mid|amp=high|base=nominal_baseline|pile=not_pileup_like,ridge,380,14,0.005802944230651762,True,0.9125612655704097,-15.179264897583014,16.16186027628675,7.34030114582193,7.684852884602238,0.49473684210526314,23.454627549947613,,sample_i_analysis,B2_containing,deep,mid,high,nominal_baseline,not_pileup_like
sample_i_analysis|B2_containing|sat=deep|q=mid|amp=high|base=nominal_baseline|pile=not_pileup_like,support_gated_cnn_new,380,14,0.005802944230651762,True,-0.6097168257736858,-12.29105086378061,20.103378115832392,8.456439932090511,8.625903357483901,0.5210526315789473,24.53097979518894,,sample_i_analysis,B2_containing,deep,mid,high,nominal_baseline,not_pileup_like
sample_i_analysis|B2_containing|sat=deep|q=mid|amp=high|base=nominal_baseline|pile=not_pileup_like,traditional_s05d_static_priors,380,14,0.005802944230651762,True,1.056902093054069,-16.050331429206544,13.839776333186913,7.171807143419224,7.679630077316206,0.4868421052631579,30.12575488266562,,sample_i_analysis,B2_containing,deep,mid,high,nominal_baseline,not_pileup_like
sample_i_analysis|B2_containing|sat=deep|q=mid|amp=high|base=nominal_baseline|pile=not_pileup_like,waveform_only_mlp,380,14,0.005802944230651762,True,3.4343791798525247,-6.7971086081726355,20.757144673111647,7.25015884900438,7.455031762584335,0.5236842105263158,23.757410807301625,,sample_i_analysis,B2_containing,deep,mid,high,nominal_baseline,not_pileup_like
sample_ii_analysis|B2_containing|sat=none|q=mid|amp=low|base=low_baseline|pile=not_pileup_like,cnn_1d,367,7,0.005604422454339991,True,-1.1205378714936258,-6.494622273681919,6.140738685896101,3.1765837323867157,4.716244184550177,0.11171662125340599,6.039549959486738,,sample_ii_analysis,B2_containing,none,mid,low,low_baseline,not_pileup_like
sample_ii_analysis|B2_containing|sat=none|q=mid|amp=low|base=low_baseline|pile=not_pileup_like,extra_trees_s05e_dynamic,367,7,0.005604422454339991,True,-0.4856325210006047,-3.9396892026197423,3.2398607850988945,1.3045117976051834,3.300241042981406,0.02997275204359673,2.9822162616546284,,sample_ii_analysis,B2_containing,none,mid,low,low_baseline,not_pileup_like
sample_ii_analysis|B2_containing|sat=none|q=mid|amp=low|base=low_baseline|pile=not_pileup_like,gradient_boosted_trees,367,7,0.005604422454339991,True,-2.6835432683617846,-6.987925373147324,2.3712619463884623,2.7135152482448976,4.204804164401328,0.03814713896457766,5.562835822489955,,sample_ii_analysis,B2_containing,none,mid,low,low_baseline,not_pileup_like
sample_ii_analysis|B2_containing|sat=none|q=mid|amp=low|base=low_baseline|pile=not_pileup_like,ml_shuffled_target_control,367,7,0.005604422454339991,True,-4.503272385865712,-13.26419433368421,1.6492550058469453,4.208158391504762,5.200606244863054,0.22343324250681199,6.328564403200289,,sample_ii_analysis,B2_containing,none,mid,low,low_baseline,not_pileup_like
sample_ii_analysis|B2_containing|sat=none|q=mid|amp=low|base=low_baseline|pile=not_pileup_like,mlp,367,7,0.005604422454339991,True,0.40098752069942245,-4.364590557280751,5.401332172147407,2.746882577089699,4.3118982683972495,0.051771117166212535,6.690266151731681,,sample_ii_analysis,B2_containing,none,mid,low,low_baseline,not_pileup_like
sample_ii_analysis|B2_containing|sat=none|q=mid|amp=low|base=low_baseline|pile=not_pileup_like,pair_median,367,7,0.005604422454339991,True,0.043310760123084435,-3.0984677016440663,3.751531151741008,1.3436612868759135,3.778553313558917,0.027247956403269755,5.515586283667499,,sample_ii_analysis,B2_containing,none,mid,low,low_baseline,not_pileup_like
sample_ii_analysis|B2_containing|sat=none|q=mid|amp=low|base=low_baseline|pile=not_pileup_like,pool_label_control,367,7,0.005604422454339991,True,-3.682775581222088,-11.244905354720236,0.3547108910971031,1.705239123365084,4.123463989352438,0.05449591280653951,5.515586283667499,,sample_ii_analysis,B2_containing,none,mid,low,low_baseline,not_pileup_like
sample_ii_analysis|B2_containing|sat=none|q=mid|amp=low|base=low_baseline|pile=not_pileup_like,ridge,367,7,0.005604422454339991,True,-0.058753538636572955,-9.321727007468873,6.775649935600227,4.296693730117001,4.952841305964412,0.24250681198910082,13.779395874456954,,sample_ii_analysis,B2_containing,none,mid,low,low_baseline,not_pileup_like
sample_ii_analysis|B2_containing|sat=none|q=mid|amp=low|base=low_baseline|pile=not_pileup_like,support_gated_cnn_new,367,7,0.005604422454339991,True,-3.1778472450447905,-9.318763860345141,4.457602908474437,3.6909174871517614,4.567023944949898,0.18528610354223432,3.577077518439625,,sample_ii_analysis,B2_containing,none,mid,low,low_baseline,not_pileup_like
sample_ii_analysis|B2_containing|sat=none|q=mid|amp=low|base=low_baseline|pile=not_pileup_like,traditional_s05d_static_priors,367,7,0.005604422454339991,True,0.7496283034339447,-6.392721744956537,8.144583918999606,3.9051486017148607,4.193284836862266,0.1907356948228883,4.842602777454561,,sample_ii_analysis,B2_containing,none,mid,low,low_baseline,not_pileup_like
sample_ii_analysis|B2_containing|sat=none|q=mid|amp=low|base=low_baseline|pile=not_pileup_like,waveform_only_mlp,367,7,0.005604422454339991,True,0.24624011366572063,-3.61275443242316,5.27509138054913,2.5253042092384943,4.042165195390616,0.03814713896457766,5.3556336059195395,,sample_ii_analysis,B2_containing,none,mid,low,low_baseline,not_pileup_like
sample_i_analysis|downstream_only|sat=none|q=high|amp=high|base=nominal_baseline|pile=pileup_like,cnn_1d,356,13,0.005436442489768493,True,1.8241496514526399,-5.946971147860212,9.732757065657351,3.6928319317804212,10.95693198897897,0.19382022471910113,3.4937716317090786,0.0,sample_i_analysis,downstream_only,none,high,high,nominal_baseline,pileup_like
sample_i_analysis|downstream_only|sat=none|q=high|amp=high|base=nominal_baseline|pile=pileup_like,extra_trees_s05e_dynamic,356,13,0.005436442489768493,True,-3.691233514970259,-13.780128183546665,2.3295545554322783,3.521896488931985,7.193616461783481,0.16853932584269662,5.92313858137603,0.0,sample_i_analysis,downstream_only,none,high,high,nominal_baseline,pileup_like
sample_i_analysis|downstream_only|sat=none|q=high|amp=high|base=nominal_baseline|pile=pileup_like,gradient_boosted_trees,356,13,0.005436442489768493,True,0.224904661389292,-6.052825225981497,3.8970115022422154,2.513097268094037,7.919291059767684,0.10393258426966293,1.788768087963679,0.0,sample_i_analysis,downstream_only,none,high,high,nominal_baseline,pileup_like
sample_i_analysis|downstream_only|sat=none|q=high|amp=high|base=nominal_baseline|pile=pileup_like,ml_shuffled_target_control,356,13,0.005436442489768493,True,-3.3933471753334326,-13.354041796927708,3.4736846007527706,4.148013286424789,10.937839210325492,0.21629213483146068,11.749303667522332,0.0,sample_i_analysis,downstream_only,none,high,high,nominal_baseline,pileup_like
sample_i_analysis|downstream_only|sat=none|q=high|amp=high|base=nominal_baseline|pile=pileup_like,mlp,356,13,0.005436442489768493,True,0.35491291567462535,-7.075379862110584,6.804050589955942,3.327275699053124,10.65544896017321,0.13202247191011235,1.735330262276434,0.0,sample_i_analysis,downstream_only,none,high,high,nominal_baseline,pileup_like
sample_i_analysis|downstream_only|sat=none|q=high|amp=high|base=nominal_baseline|pile=pileup_like,pair_median,356,13,0.005436442489768493,True,0.3237088107727377,-2.7805496166493846,3.739196612975306,1.3667287679405906,10.560987629898895,0.03089887640449438,2.366605519062219,0.0,sample_i_analysis,downstream_only,none,high,high,nominal_baseline,pileup_like
sample_i_analysis|downstream_only|sat=none|q=high|amp=high|base=nominal_baseline|pile=pileup_like,pool_label_control,356,13,0.005436442489768493,True,-12.117177765867243,-18.190307846418154,-7.176591804874329,2.583961863855947,10.898911286361267,0.0898876404494382,2.3666055190622175,0.0,sample_i_analysis,downstream_only,none,high,high,nominal_baseline,pileup_like
sample_i_analysis|downstream_only|sat=none|q=high|amp=high|base=nominal_baseline|pile=pileup_like,ridge,356,13,0.005436442489768493,True,-8.199043689876433,-33.993639959581174,9.321144970151856,6.809538695754197,11.203588091610955,0.46629213483146065,110.15898936344627,0.0,sample_i_analysis,downstream_only,none,high,high,nominal_baseline,pileup_like
sample_i_analysis|downstream_only|sat=none|q=high|amp=high|base=nominal_baseline|pile=pileup_like,support_gated_cnn_new,356,13,0.005436442489768493,True,1.3636111032935494,-6.214226502949146,7.952989612896405,3.4353313639079897,10.918685315955903,0.17134831460674158,1.7125618043751742,0.0,sample_i_analysis,downstream_only,none,high,high,nominal_baseline,pileup_like
sample_i_analysis|downstream_only|sat=none|q=high|amp=high|base=nominal_baseline|pile=pileup_like,traditional_s05d_static_priors,356,13,0.005436442489768493,True,-8.569762189983162,-21.82434092260148,5.2410914494371665,6.386409952130183,8.896370161948106,0.41292134831460675,145.85669816497509,0.0,sample_i_analysis,downstream_only,none,high,high,nominal_baseline,pileup_like
sample_i_analysis|downstream_only|sat=none|q=high|amp=high|base=nominal_baseline|pile=pileup_like,waveform_only_mlp,356,13,0.005436442489768493,True,0.2276176805034016,-7.268724306415676,5.218181445917924,3.12153402716347,10.61585110974777,0.11235955056179775,1.9708406070453919,0.0,sample_i_analysis,downstream_only,none,high,high,nominal_baseline,pileup_like
sample_i_analysis|B2_containing|sat=none|q=low|amp=mid|base=nominal_baseline|pile=not_pileup_like,cnn_1d,340,13,0.005192107995846314,True,-1.615632674985818,-7.438395642341002,10.023816363630345,3.8603191130604007,5.696344343851448,0.17058823529411765,1.0909708947770367,-2.3014064651691415,sample_i_analysis,B2_containing,none,low,mid,nominal_baseline,not_pileup_like
sample_i_analysis|B2_containing|sat=none|q=low|amp=mid|base=nominal_baseline|pile=not_pileup_like,extra_trees_s05e_dynamic,340,13,0.005192107995846314,True,-0.31966308648554276,-7.610622011117801,6.333810219307608,1.5597967880106496,4.197002386013164,0.08235294117647059,1.2003120767127542,-0.7824764148925698,sample_i_analysis,B2_containing,none,low,mid,nominal_baseline,not_pileup_like
sample_i_analysis|B2_containing|sat=none|q=low|amp=mid|base=nominal_baseline|pile=not_pileup_like,gradient_boosted_trees,340,13,0.005192107995846314,True,-4.063755561694879,-9.270902911246658,8.038410709071174,3.00963195866619,5.276704347177211,0.12941176470588237,2.1882873511362466,-1.3312063318424436,sample_i_analysis,B2_containing,none,low,mid,nominal_baseline,not_pileup_like
sample_i_analysis|B2_containing|sat=none|q=low|amp=mid|base=nominal_baseline|pile=not_pileup_like,ml_shuffled_target_control,340,13,0.005192107995846314,True,-5.573753765853944,-18.242788097237135,8.7812630487333,3.9835972655927785,6.430468743156105,0.25,3.5562901055789675,-0.33427162441558966,sample_i_analysis,B2_containing,none,low,mid,nominal_baseline,not_pileup_like
sample_i_analysis|B2_containing|sat=none|q=low|amp=mid|base=nominal_baseline|pile=not_pileup_like,mlp,340,13,0.005192107995846314,True,-0.7522880351597101,-4.877917908608047,10.808173730051534,2.925282496614993,5.214124990431333,0.12058823529411765,2.5204744267682333,-0.6707127711101624,sample_i_analysis,B2_containing,none,low,mid,nominal_baseline,not_pileup_like
sample_i_analysis|B2_containing|sat=none|q=low|amp=mid|base=nominal_baseline|pile=not_pileup_like,pair_median,340,13,0.005192107995846314,True,-0.08569986355465709,-3.914162407313088,13.396001727453605,1.3711439681543551,4.878974360649763,0.06470588235294118,2.0682644167664908,-1.2145515406418528,sample_i_analysis,B2_containing,none,low,mid,nominal_baseline,not_pileup_like
sample_i_analysis|B2_containing|sat=none|q=low|amp=mid|base=nominal_baseline|pile=not_pileup_like,pool_label_control,340,13,0.005192107995846314,True,-18.88848412131507,-24.715100293656185,-3.999220936161645,3.21827721689074,5.416518784826526,0.12058823529411765,2.068264416766492,-1.2145515406418523,sample_i_analysis,B2_containing,none,low,mid,nominal_baseline,not_pileup_like
sample_i_analysis|B2_containing|sat=none|q=low|amp=mid|base=nominal_baseline|pile=not_pileup_like,ridge,340,13,0.005192107995846314,True,-0.03443411449721634,-19.606508424602726,12.439886838222773,6.00359059616606,7.6320356062287225,0.36470588235294116,19.555193612459295,11.334911993669591,sample_i_analysis,B2_containing,none,low,mid,nominal_baseline,not_pileup_like
sample_i_analysis|B2_containing|sat=none|q=low|amp=mid|base=nominal_baseline|pile=not_pileup_like,support_gated_cnn_new,340,13,0.005192107995846314,True,-1.6234523157980827,-7.735579001272774,10.776715436881648,3.2235789217681443,5.661863516690402,0.16176470588235295,1.6625824134450173,-2.0623572100681336,sample_i_analysis,B2_containing,none,low,mid,nominal_baseline,not_pileup_like
sample_i_analysis|B2_containing|sat=none|q=low|amp=mid|base=nominal_baseline|pile=not_pileup_like,traditional_s05d_static_priors,340,13,0.005192107995846314,True,-0.013785924351758183,-17.45726964938505,9.024579775260205,5.123124739886643,6.642616918221467,0.3264705882352941,12.836075822809928,4.490188664521703,sample_i_analysis,B2_containing,none,low,mid,nominal_baseline,not_pileup_like
sample_i_analysis|B2_containing|sat=none|q=low|amp=mid|base=nominal_baseline|pile=not_pileup_like,waveform_only_mlp,340,13,0.005192107995846314,True,0.20990290340675988,-3.4083379755141503,13.194801538349946,2.573607621570555,5.286057778058141,0.09117647058823529,2.4368856340752374,-0.7060154535905743,sample_i_analysis,B2_containing,none,low,mid,nominal_baseline,not_pileup_like
sample_ii_analysis|B2_containing|sat=none|q=low|amp=mid|base=low_baseline|pile=not_pileup_like,cnn_1d,334,7,0.0051004825606254965,True,-2.720108375114756,-7.583745447275231,3.988590134645315,3.4237886533112274,3.576272907686415,0.12874251497005987,0.9204398529291894,,sample_ii_analysis,B2_containing,none,low,mid,low_baseline,not_pileup_like
sample_ii_analysis|B2_containing|sat=none|q=low|amp=mid|base=low_baseline|pile=not_pileup_like,extra_trees_s05e_dynamic,334,7,0.0051004825606254965,True,-0.12159759961667177,-2.909390085237763,2.1202859999181767,1.117419710234548,1.8712582820840316,0.0029940119760479044,0.6929913088248819,,sample_ii_analysis,B2_containing,none,low,mid,low_baseline,not_pileup_like
sample_ii_analysis|B2_containing|sat=none|q=low|amp=mid|base=low_baseline|pile=not_pileup_like,gradient_boosted_trees,334,7,0.0051004825606254965,True,-3.9152631856291267,-7.1468626731944935,2.18578088985382,2.9376561400099215,3.2048086916332794,0.09880239520958084,0.5697629841235566,,sample_ii_analysis,B2_containing,none,low,mid,low_baseline,not_pileup_like
sample_ii_analysis|B2_containing|sat=none|q=low|amp=mid|base=low_baseline|pile=not_pileup_like,ml_shuffled_target_control,334,7,0.0051004825606254965,True,-5.899318185262654,-15.21013376108705,1.0333139371239093,4.351445161719976,4.40996140836447,0.27245508982035926,2.114272819762946,,sample_ii_analysis,B2_containing,none,low,mid,low_baseline,not_pileup_like
sample_ii_analysis|B2_containing|sat=none|q=low|amp=mid|base=low_baseline|pile=not_pileup_like,mlp,334,7,0.0051004825606254965,True,-0.6547866929354975,-4.466723572081804,5.7722086600665765,3.0009610919230614,3.4095064235083483,0.12275449101796407,0.9574181720181064,,sample_ii_analysis,B2_containing,none,low,mid,low_baseline,not_pileup_like
sample_ii_analysis|B2_containing|sat=none|q=low|amp=mid|base=low_baseline|pile=not_pileup_like,pair_median,334,7,0.0051004825606254965,True,0.06526543554863373,-2.395641016792995,2.7656820808482605,1.2015036837133688,2.0711770365830233,0.0029940119760479044,0.5695647036759114,,sample_ii_analysis,B2_containing,none,low,mid,low_baseline,not_pileup_like
sample_ii_analysis|B2_containing|sat=none|q=low|amp=mid|base=low_baseline|pile=not_pileup_like,pool_label_control,334,7,0.0051004825606254965,True,-3.996194704953647,-7.454423794797895,-0.1943855995727523,1.5769446746423756,2.40979605220678,0.011976047904191617,0.5695647036759113,,sample_ii_analysis,B2_containing,none,low,mid,low_baseline,not_pileup_like
sample_ii_analysis|B2_containing|sat=none|q=low|amp=mid|base=low_baseline|pile=not_pileup_like,ridge,334,7,0.0051004825606254965,True,0.5623957205982822,-8.200708616691932,7.611313243572959,3.7847803127240245,4.117467213958187,0.18562874251497005,9.032287676114565,,sample_ii_analysis,B2_containing,none,low,mid,low_baseline,not_pileup_like
sample_ii_analysis|B2_containing|sat=none|q=low|amp=mid|base=low_baseline|pile=not_pileup_like,support_gated_cnn_new,334,7,0.0051004825606254965,True,-4.340850224229421,-8.914140838659867,2.443751233727916,3.5627388524888506,3.5481992576590633,0.11976047904191617,0.9081345997019233,,sample_ii_analysis,B2_containing,none,low,mid,low_baseline,not_pileup_like
sample_ii_analysis|B2_containing|sat=none|q=low|amp=mid|base=low_baseline|pile=not_pileup_like,traditional_s05d_static_priors,334,7,0.0051004825606254965,True,0.5283423807385585,-9.948623088188414,7.744502973613405,3.2721086561855746,3.9425105179439375,0.16467065868263472,7.557648406003857,,sample_ii_analysis,B2_containing,none,low,mid,low_baseline,not_pileup_like
sample_ii_analysis|B2_containing|sat=none|q=low|amp=mid|base=low_baseline|pile=not_pileup_like,waveform_only_mlp,334,7,0.0051004825606254965,True,-0.3589865877230816,-3.3525362490323407,5.551792880538314,2.8150999718455627,3.0918886053198755,0.07784431137724551,0.4950479374965009,,sample_ii_analysis,B2_containing,none,low,mid,low_baseline,not_pileup_like
sample_ii_analysis|B2_containing|sat=moderate|q=mid|amp=high|base=nominal_baseline|pile=not_pileup_like,cnn_1d,329,7,0.005024128031274815,True,-1.4152274412175117,-11.766145280139847,28.107899210189768,13.484572318468802,12.768530800461159,0.6382978723404256,167.70863211268252,,sample_ii_analysis,B2_containing,moderate,mid,high,nominal_baseline,not_pileup_like
sample_ii_analysis|B2_containing|sat=moderate|q=mid|amp=high|base=nominal_baseline|pile=not_pileup_like,extra_trees_s05e_dynamic,329,7,0.005024128031274815,True,-0.2698512613675148,-10.32566702480625,25.749174397079052,9.642151175833138,10.000909958575605,0.47720364741641336,78.69958637222518,,sample_ii_analysis,B2_containing,moderate,mid,high,nominal_baseline,not_pileup_like
sample_ii_analysis|B2_containing|sat=moderate|q=mid|amp=high|base=nominal_baseline|pile=not_pileup_like,gradient_boosted_trees,329,7,0.005024128031274815,True,-0.36819154648452157,-11.74878624803683,25.70787988459161,10.139015503171759,10.66533806205518,0.5896656534954408,100.15742984205288,,sample_ii_analysis,B2_containing,moderate,mid,high,nominal_baseline,not_pileup_like
sample_ii_analysis|B2_containing|sat=moderate|q=mid|amp=high|base=nominal_baseline|pile=not_pileup_like,ml_shuffled_target_control,329,7,0.005024128031274815,True,-2.4191318666569024,-15.664056803611548,27.62435062244919,13.098653618243713,12.838417130072571,0.6291793313069909,163.5255120983824,,sample_ii_analysis,B2_containing,moderate,mid,high,nominal_baseline,not_pileup_like
sample_ii_analysis|B2_containing|sat=moderate|q=mid|amp=high|base=nominal_baseline|pile=not_pileup_like,mlp,329,7,0.005024128031274815,True,0.7204712343806747,-10.454034055693349,30.290318364818482,12.900972598418205,12.694840916708968,0.6565349544072948,166.28698645615307,,sample_ii_analysis,B2_containing,moderate,mid,high,nominal_baseline,not_pileup_like
sample_ii_analysis|B2_containing|sat=moderate|q=mid|amp=high|base=nominal_baseline|pile=not_pileup_like,pair_median,329,7,0.005024128031274815,True,3.0337971541632918,-6.746806102281066,33.0580784981016,12.942981754710843,12.731768147627514,0.5653495440729484,166.73167304453625,,sample_ii_analysis,B2_containing,moderate,mid,high,nominal_baseline,not_pileup_like
sample_ii_analysis|B2_containing|sat=moderate|q=mid|amp=high|base=nominal_baseline|pile=not_pileup_like,pool_label_control,329,7,0.005024128031274815,True,-1.207729272858413,-11.407907729257413,29.196357285631805,13.001711110036307,12.849095466318067,0.5714285714285714,166.73167304453628,,sample_ii_analysis,B2_containing,moderate,mid,high,nominal_baseline,not_pileup_like
sample_ii_analysis|B2_containing|sat=moderate|q=mid|amp=high|base=nominal_baseline|pile=not_pileup_like,ridge,329,7,0.005024128031274815,True,-4.472912321505802,-21.96892159911997,21.6916209559409,9.550664619760715,10.83930959431886,0.5987841945288754,37.14436466400816,,sample_ii_analysis,B2_containing,moderate,mid,high,nominal_baseline,not_pileup_like
sample_ii_analysis|B2_containing|sat=moderate|q=mid|amp=high|base=nominal_baseline|pile=not_pileup_like,support_gated_cnn_new,329,7,0.005024128031274815,True,0.590573016413727,-10.444283986723786,30.601786841176104,13.067335755460537,12.710591022222305,0.6717325227963525,164.95355568223763,,sample_ii_analysis,B2_containing,moderate,mid,high,nominal_baseline,not_pileup_like
sample_ii_analysis|B2_containing|sat=moderate|q=mid|amp=high|base=nominal_baseline|pile=not_pileup_like,traditional_s05d_static_priors,329,7,0.005024128031274815,True,-5.568129646141951,-26.68643726371716,14.99736221786857,9.247388663849547,10.2408077651996,0.5653495440729484,31.02485613611596,,sample_ii_analysis,B2_containing,moderate,mid,high,nominal_baseline,not_pileup_like
sample_ii_analysis|B2_containing|sat=moderate|q=mid|amp=high|base=nominal_baseline|pile=not_pileup_like,waveform_only_mlp,329,7,0.005024128031274815,True,1.937056438721479,-6.966539280983429,30.674284469764956,12.703553652819917,12.466583613933773,0.5562310030395137,151.45294365842472,,sample_ii_analysis,B2_containing,moderate,mid,high,nominal_baseline,not_pileup_like
sample_ii_analysis|B2_containing|sat=none|q=high|amp=high|base=low_baseline|pile=not_pileup_like,cnn_1d,326,7,0.004978315313664407,True,-4.529071984786585,-9.142643963091027,2.5402582673076477,3.1438238396518114,3.1967666038500067,0.11042944785276074,0.8498128779705403,,sample_ii_analysis,B2_containing,none,high,high,low_baseline,not_pileup_like
sample_ii_analysis|B2_containing|sat=none|q=high|amp=high|base=low_baseline|pile=not_pileup_like,extra_trees_s05e_dynamic,326,7,0.004978315313664407,True,-1.1652025125446195,-5.711906644115156,1.9668796942932947,1.7145418942154427,2.097275788244951,0.02147239263803681,1.1751472330185653,,sample_ii_analysis,B2_containing,none,high,high,low_baseline,not_pileup_like
sample_ii_analysis|B2_containing|sat=none|q=high|amp=high|base=low_baseline|pile=not_pileup_like,gradient_boosted_trees,326,7,0.004978315313664407,True,-4.621018931658295,-9.920271425246874,1.7118489808182722,2.5549229618913882,2.9214235289108452,0.11042944785276074,0.8612570488952277,,sample_ii_analysis,B2_containing,none,high,high,low_baseline,not_pileup_like
sample_ii_analysis|B2_containing|sat=none|q=high|amp=high|base=low_baseline|pile=not_pileup_like,ml_shuffled_target_control,326,7,0.004978315313664407,True,-7.933378147748233,-14.484723181175859,-0.37456891334314735,4.082249969119382,4.033401068810927,0.2085889570552147,3.678540075375422,,sample_ii_analysis,B2_containing,none,high,high,low_baseline,not_pileup_like
sample_ii_analysis|B2_containing|sat=none|q=high|amp=high|base=low_baseline|pile=not_pileup_like,mlp,326,7,0.004978315313664407,True,-1.5029402797448008,-4.459882449684365,5.150801390057406,2.83657683767838,2.904355953159674,0.11042944785276074,0.7568945690601563,,sample_ii_analysis,B2_containing,none,high,high,low_baseline,not_pileup_like
sample_ii_analysis|B2_containing|sat=none|q=high|amp=high|base=low_baseline|pile=not_pileup_like,pair_median,326,7,0.004978315313664407,True,-0.08063420755268425,-2.48915909117965,2.3210237707886887,1.0988172356208563,1.4372103014588515,0.009202453987730062,0.8612570488952275,,sample_ii_analysis,B2_containing,none,high,high,low_baseline,not_pileup_like
sample_ii_analysis|B2_containing|sat=none|q=high|amp=high|base=low_baseline|pile=not_pileup_like,pool_label_control,326,7,0.004978315313664407,True,-4.415529062079042,-8.773688076118095,-0.689029109552774,1.4125198997410402,2.0592942130415812,0.027607361963190184,0.8612570488952278,,sample_ii_analysis,B2_containing,none,high,high,low_baseline,not_pileup_like
sample_ii_analysis|B2_containing|sat=none|q=high|amp=high|base=low_baseline|pile=not_pileup_like,ridge,326,7,0.004978315313664407,True,-7.439006891078577,-18.080562857855217,14.161622522229763,9.686652938480517,9.513743717940756,0.5705521472392638,29.36845972652839,,sample_ii_analysis,B2_containing,none,high,high,low_baseline,not_pileup_like
sample_ii_analysis|B2_containing|sat=none|q=high|amp=high|base=low_baseline|pile=not_pileup_like,support_gated_cnn_new,326,7,0.004978315313664407,True,-5.6100809859647445,-10.601545706138827,0.8083286959851081,3.0828734512519667,3.1956296081700515,0.11349693251533742,0.8446581855586,,sample_ii_analysis,B2_containing,none,high,high,low_baseline,not_pileup_like
sample_ii_analysis|B2_containing|sat=none|q=high|amp=high|base=low_baseline|pile=not_pileup_like,traditional_s05d_static_priors,326,7,0.004978315313664407,True,-7.808554021256262,-16.06554555535623,15.389053469907148,10.095050749167596,10.326992809697188,0.5644171779141104,25.153685077384743,,sample_ii_analysis,B2_containing,none,high,high,low_baseline,not_pileup_like
sample_ii_analysis|B2_containing|sat=none|q=high|amp=high|base=low_baseline|pile=not_pileup_like,waveform_only_mlp,326,7,0.004978315313664407,True,-1.5336510113816952,-4.307342593424996,4.030965303583544,2.395879750822876,2.5430685337916694,0.06134969325153374,0.8934008284942156,,sample_ii_analysis,B2_containing,none,high,high,low_baseline,not_pileup_like
sample_i_analysis|downstream_only|sat=none|q=low|amp=mid|base=nominal_baseline|pile=not_pileup_like,cnn_1d,319,14,0.004871418972573453,True,1.213782317616988,-5.681969479787762,7.282296552999329,3.1051828888753485,3.287515482761947,0.11285266457680251,3.3923773599461784,0.0,sample_i_analysis,downstream_only,none,low,mid,nominal_baseline,not_pileup_like
sample_i_analysis|downstream_only|sat=none|q=low|amp=mid|base=nominal_baseline|pile=not_pileup_like,extra_trees_s05e_dynamic,319,14,0.004871418972573453,True,0.01686918730084974,-2.600897135064008,2.521302222256638,1.179607726802891,1.3565027098336506,0.009404388714733543,1.982788491605324,0.0,sample_i_analysis,downstream_only,none,low,mid,nominal_baseline,not_pileup_like
sample_i_analysis|downstream_only|sat=none|q=low|amp=mid|base=nominal_baseline|pile=not_pileup_like,gradient_boosted_trees,319,14,0.004871418972573453,True,-0.25583010641513004,-7.061174793292797,3.0970010644429546,2.7913304930413907,2.9301905472367795,0.0877742946708464,3.5194936829786903,0.0,sample_i_analysis,downstream_only,none,low,mid,nominal_baseline,not_pileup_like
sample_i_analysis|downstream_only|sat=none|q=low|amp=mid|base=nominal_baseline|pile=not_pileup_like,ml_shuffled_target_control,319,14,0.004871418972573453,True,-4.5373375608875275,-13.258377143776682,1.4369628629236273,4.228393172722119,4.133399346210651,0.2225705329153605,3.890561729994557,0.0,sample_i_analysis,downstream_only,none,low,mid,nominal_baseline,not_pileup_like
sample_i_analysis|downstream_only|sat=none|q=low|amp=mid|base=nominal_baseline|pile=not_pileup_like,mlp,319,14,0.004871418972573453,True,2.447114666700364,-2.844657871671883,5.919140165505936,2.1779653192993083,2.3819080575869536,0.04075235109717868,3.1911871978783957,0.0,sample_i_analysis,downstream_only,none,low,mid,nominal_baseline,not_pileup_like
sample_i_analysis|downstream_only|sat=none|q=low|amp=mid|base=nominal_baseline|pile=not_pileup_like,pair_median,319,14,0.004871418972573453,True,-0.03319846925453618,-3.2862690529397636,2.740170090555316,1.6308665304549304,1.847047222712521,0.009404388714733543,3.2828159574083435,0.0,sample_i_analysis,downstream_only,none,low,mid,nominal_baseline,not_pileup_like
sample_i_analysis|downstream_only|sat=none|q=low|amp=mid|base=nominal_baseline|pile=not_pileup_like,pool_label_control,319,14,0.004871418972573453,True,-13.10434005859313,-19.30154184876873,-8.266843736355634,3.085331828214409,2.9394698590301647,0.08463949843260188,3.2828159574083444,0.0,sample_i_analysis,downstream_only,none,low,mid,nominal_baseline,not_pileup_like
sample_i_analysis|downstream_only|sat=none|q=low|amp=mid|base=nominal_baseline|pile=not_pileup_like,ridge,319,14,0.004871418972573453,True,2.90533387623086,-7.461270037685708,15.435847798529675,5.404279789161072,5.959981561049272,0.34796238244514105,8.220281618789704,0.0,sample_i_analysis,downstream_only,none,low,mid,nominal_baseline,not_pileup_like
sample_i_analysis|downstream_only|sat=none|q=low|amp=mid|base=nominal_baseline|pile=not_pileup_like,support_gated_cnn_new,319,14,0.004871418972573453,True,1.3287271405046135,-4.433478360432749,6.40774451293744,2.9511332848272502,2.978726386027378,0.07836990595611286,3.724939623513151,0.0,sample_i_analysis,downstream_only,none,low,mid,nominal_baseline,not_pileup_like
sample_i_analysis|downstream_only|sat=none|q=low|amp=mid|base=nominal_baseline|pile=not_pileup_like,traditional_s05d_static_priors,319,14,0.004871418972573453,True,2.070424689245075,-9.097429890287744,12.96850772173666,5.204957227107666,5.57599830627286,0.3385579937304075,8.345887158288225,0.0,sample_i_analysis,downstream_only,none,low,mid,nominal_baseline,not_pileup_like
sample_i_analysis|downstream_only|sat=none|q=low|amp=mid|base=nominal_baseline|pile=not_pileup_like,waveform_only_mlp,319,14,0.004871418972573453,True,3.307214364624153,-1.8772299714538212,6.7250340756372635,2.1981445850781265,2.402263104791427,0.03761755485893417,3.1429010876658117,0.0,sample_i_analysis,downstream_only,none,low,mid,nominal_baseline,not_pileup_like
sample_i_analysis|B2_containing|sat=mild|q=high|amp=high|base=nominal_baseline|pile=pileup_like,cnn_1d,315,13,0.004810335349092908,True,41.89851395745483,-7.543145553988632,118.77939971775929,47.579117373790666,43.66350604539235,0.9396825396825397,1593.6440766060778,,sample_i_analysis,B2_containing,mild,high,high,nominal_baseline,pileup_like
sample_i_analysis|B2_containing|sat=mild|q=high|amp=high|base=nominal_baseline|pile=pileup_like,extra_trees_s05e_dynamic,315,13,0.004810335349092908,True,3.0875831212095477,-19.769265288583835,56.029466983592435,19.029592010457094,22.19074602233536,0.7968253968253968,230.26964861665172,,sample_i_analysis,B2_containing,mild,high,high,nominal_baseline,pileup_like
sample_i_analysis|B2_containing|sat=mild|q=high|amp=high|base=nominal_baseline|pile=pileup_like,gradient_boosted_trees,315,13,0.004810335349092908,True,25.796234748249915,-8.388839316193948,72.83267956799988,27.091747078265634,27.791362683854615,0.8444444444444444,361.7509633782471,,sample_i_analysis,B2_containing,mild,high,high,nominal_baseline,pileup_like
sample_i_analysis|B2_containing|sat=mild|q=high|amp=high|base=nominal_baseline|pile=pileup_like,ml_shuffled_target_control,315,13,0.004810335349092908,True,38.29868371996188,-15.024192850413193,113.05934087336031,47.57849992894402,43.472000213005956,0.9523809523809523,1586.615123926913,,sample_i_analysis,B2_containing,mild,high,high,nominal_baseline,pileup_like
sample_i_analysis|B2_containing|sat=mild|q=high|amp=high|base=nominal_baseline|pile=pileup_like,mlp,315,13,0.004810335349092908,True,39.46540721113096,-8.869296926639082,111.37533551497943,46.2952890027172,42.227531930507375,0.9396825396825397,1482.2271338784578,,sample_i_analysis,B2_containing,mild,high,high,nominal_baseline,pileup_like
sample_i_analysis|B2_containing|sat=mild|q=high|amp=high|base=nominal_baseline|pile=pileup_like,pair_median,315,13,0.004810335349092908,True,44.44030950674798,-2.7529309875313523,116.89174710608454,47.40022694685216,43.42297920886837,0.946031746031746,1610.578534458422,,sample_i_analysis,B2_containing,mild,high,high,nominal_baseline,pileup_like
sample_i_analysis|B2_containing|sat=mild|q=high|amp=high|base=nominal_baseline|pile=pileup_like,pool_label_control,315,13,0.004810335349092908,True,24.31063642828842,-23.740830893943436,98.80230005157614,46.675905240396034,43.304183017670525,0.9428571428571428,1610.5785344584222,,sample_i_analysis,B2_containing,mild,high,high,nominal_baseline,pileup_like
sample_i_analysis|B2_containing|sat=mild|q=high|amp=high|base=nominal_baseline|pile=pileup_like,ridge,315,13,0.004810335349092908,True,1.8816161793825785,-23.538309209750196,61.49528729122632,19.941794880197232,23.0476888457051,0.7714285714285715,165.64626291970467,,sample_i_analysis,B2_containing,mild,high,high,nominal_baseline,pileup_like
sample_i_analysis|B2_containing|sat=mild|q=high|amp=high|base=nominal_baseline|pile=pileup_like,support_gated_cnn_new,315,13,0.004810335349092908,True,42.474557191663145,-7.596371711411577,116.69218775190005,48.00402229292753,43.386282023675456,0.926984126984127,1568.8602543293473,,sample_i_analysis,B2_containing,mild,high,high,nominal_baseline,pileup_like
sample_i_analysis|B2_containing|sat=mild|q=high|amp=high|base=nominal_baseline|pile=pileup_like,traditional_s05d_static_priors,315,13,0.004810335349092908,True,6.46572320047698,-22.233050827702606,67.68489825880116,22.883604843759514,24.15832612405788,0.8380952380952381,219.189968894556,,sample_i_analysis,B2_containing,mild,high,high,nominal_baseline,pileup_like
sample_i_analysis|B2_containing|sat=mild|q=high|amp=high|base=nominal_baseline|pile=pileup_like,waveform_only_mlp,315,13,0.004810335349092908,True,40.636896942037694,-8.553452172498307,112.95405497167312,46.64023831134196,43.108866269948,0.9492063492063492,1546.3502632448976,,sample_i_analysis,B2_containing,mild,high,high,nominal_baseline,pileup_like
sample_i_analysis|B2_containing|sat=none|q=low|amp=high|base=nominal_baseline|pile=not_pileup_like,cnn_1d,266,13,0.004062060961456233,True,-3.4581444542191853,-8.610476358585784,4.187922322017618,2.856575947035923,4.109763593602461,0.10150375939849623,0.3615230701054257,,sample_i_analysis,B2_containing,none,low,high,nominal_baseline,not_pileup_like
sample_i_analysis|B2_containing|sat=none|q=low|amp=high|base=nominal_baseline|pile=not_pileup_like,extra_trees_s05e_dynamic,266,13,0.004062060961456233,True,-0.24604008916254427,-4.392710802291967,1.8638237466289747,1.0741489198829068,2.9204206952621155,0.03759398496240601,0.1913401365930599,,sample_i_analysis,B2_containing,none,low,high,nominal_baseline,not_pileup_like
sample_i_analysis|B2_containing|sat=none|q=low|amp=high|base=nominal_baseline|pile=not_pileup_like,gradient_boosted_trees,266,13,0.004062060961456233,True,-5.092211952331983,-9.01207925395644,1.49883065966284,2.0332530296046527,3.8524554964654123,0.10150375939849623,0.2776864824724658,,sample_i_analysis,B2_containing,none,low,high,nominal_baseline,not_pileup_like
sample_i_analysis|B2_containing|sat=none|q=low|amp=high|base=nominal_baseline|pile=not_pileup_like,ml_shuffled_target_control,266,13,0.004062060961456233,True,-7.2653318776237,-19.38091576497259,0.23295255878438575,4.007910746559148,5.321805364486312,0.24812030075187969,1.5413878451404148,,sample_i_analysis,B2_containing,none,low,high,nominal_baseline,not_pileup_like
sample_i_analysis|B2_containing|sat=none|q=low|amp=high|base=nominal_baseline|pile=not_pileup_like,mlp,266,13,0.004062060961456233,True,-1.9984680173080753,-5.245085146744171,4.473920003318484,2.060516786728095,3.886750774537085,0.08646616541353383,0.19719682291763185,,sample_i_analysis,B2_containing,none,low,high,nominal_baseline,not_pileup_like
sample_i_analysis|B2_containing|sat=none|q=low|amp=high|base=nominal_baseline|pile=not_pileup_like,pair_median,266,13,0.004062060961456233,True,-0.7959814364558547,-4.1669117402539415,2.044081872233073,1.2335615059088507,3.694949967205068,0.03007518796992481,0.19569721063825596,,sample_i_analysis,B2_containing,none,low,high,nominal_baseline,not_pileup_like
sample_i_analysis|B2_containing|sat=none|q=low|amp=high|base=nominal_baseline|pile=not_pileup_like,pool_label_control,266,13,0.004062060961456233,True,-19.32012300950302,-26.0260443840318,-14.698207177035535,3.2542709630212308,4.612244761865713,0.10526315789473684,0.1956972106382551,,sample_i_analysis,B2_containing,none,low,high,nominal_baseline,not_pileup_like
sample_i_analysis|B2_containing|sat=none|q=low|amp=high|base=nominal_baseline|pile=not_pileup_like,ridge,266,13,0.004062060961456233,True,2.227768273599496,-13.796863444802742,15.924222664300924,5.4727479710133515,6.858732176260922,0.3609022556390977,1.9078832693133787,,sample_i_analysis,B2_containing,none,low,high,nominal_baseline,not_pileup_like
sample_i_analysis|B2_containing|sat=none|q=low|amp=high|base=nominal_baseline|pile=not_pileup_like,support_gated_cnn_new,266,13,0.004062060961456233,True,-3.5855248645526574,-9.09262443315979,3.8126398842052005,3.2321470898364337,4.5909131759602015,0.13909774436090225,0.23706796052675294,,sample_i_analysis,B2_containing,none,low,high,nominal_baseline,not_pileup_like
sample_i_analysis|B2_containing|sat=none|q=low|amp=high|base=nominal_baseline|pile=not_pileup_like,traditional_s05d_static_priors,266,13,0.004062060961456233,True,2.5108853464891734,-16.032008914469085,13.321624549327407,4.6652520808640485,6.343030625466509,0.3007518796992481,1.9802792258805988,,sample_i_analysis,B2_containing,none,low,high,nominal_baseline,not_pileup_like
sample_i_analysis|B2_containing|sat=none|q=low|amp=high|base=nominal_baseline|pile=not_pileup_like,waveform_only_mlp,266,13,0.004062060961456233,True,-1.0504100343274438,-4.719956470504759,4.973151218016412,2.0490316626647678,3.64518415382513,0.07142857142857142,0.2371822426266466,,sample_i_analysis,B2_containing,none,low,high,nominal_baseline,not_pileup_like
sample_i_analysis|B2_containing|sat=deep|q=low|amp=high|base=nominal_baseline|pile=not_pileup_like,cnn_1d,260,13,0.003970435526235416,True,-6.927019016977652,-15.107474082298422,3.650396092511778,4.5954883007213985,4.834947286660365,0.3,10.360770580412952,,sample_i_analysis,B2_containing,deep,low,high,nominal_baseline,not_pileup_like
sample_i_analysis|B2_containing|sat=deep|q=low|amp=high|base=nominal_baseline|pile=not_pileup_like,extra_trees_s05e_dynamic,260,13,0.003970435526235416,True,-3.420805385640559,-12.894501691832136,3.636742179243561,4.008052780063405,4.631285910002549,0.2076923076923077,11.939929419750449,,sample_i_analysis,B2_containing,deep,low,high,nominal_baseline,not_pileup_like
sample_i_analysis|B2_containing|sat=deep|q=low|amp=high|base=nominal_baseline|pile=not_pileup_like,gradient_boosted_trees,260,13,0.003970435526235416,True,-7.5674275749448,-13.684083732709672,3.889252628108728,4.07872344240496,4.383997856537945,0.21153846153846154,11.031642275257486,,sample_i_analysis,B2_containing,deep,low,high,nominal_baseline,not_pileup_like
sample_i_analysis|B2_containing|sat=deep|q=low|amp=high|base=nominal_baseline|pile=not_pileup_like,ml_shuffled_target_control,260,13,0.003970435526235416,True,-9.199707247939244,-22.976209774112725,0.8861607050175522,5.121327825286518,5.602559214618572,0.3269230769230769,10.693200987913361,,sample_i_analysis,B2_containing,deep,low,high,nominal_baseline,not_pileup_like
sample_i_analysis|B2_containing|sat=deep|q=low|amp=high|base=nominal_baseline|pile=not_pileup_like,mlp,260,13,0.003970435526235416,True,-8.062848242077218,-16.119205083654734,3.6984959275712654,4.349518116734876,4.853283430521808,0.25384615384615383,8.90817604788188,,sample_i_analysis,B2_containing,deep,low,high,nominal_baseline,not_pileup_like
sample_i_analysis|B2_containing|sat=deep|q=low|amp=high|base=nominal_baseline|pile=not_pileup_like,pair_median,260,13,0.003970435526235416,True,-3.805926239369801,-12.61123046216133,6.044306446241023,3.8642916844221817,4.640579290530234,0.22692307692307692,11.031642275257486,,sample_i_analysis,B2_containing,deep,low,high,nominal_baseline,not_pileup_like
sample_i_analysis|B2_containing|sat=deep|q=low|amp=high|base=nominal_baseline|pile=not_pileup_like,pool_label_control,260,13,0.003970435526235416,True,-23.137673891098906,-32.72136606422656,-11.779978018001383,4.684047233480845,5.066999156045327,0.26153846153846155,11.03164227525749,,sample_i_analysis,B2_containing,deep,low,high,nominal_baseline,not_pileup_like
sample_i_analysis|B2_containing|sat=deep|q=low|amp=high|base=nominal_baseline|pile=not_pileup_like,ridge,260,13,0.003970435526235416,True,-5.571125784694256,-23.074030870658454,8.47430622242291,8.670800938374601,8.445600615236593,0.5653846153846154,52.43254713094413,,sample_i_analysis,B2_containing,deep,low,high,nominal_baseline,not_pileup_like
sample_i_analysis|B2_containing|sat=deep|q=low|amp=high|base=nominal_baseline|pile=not_pileup_like,support_gated_cnn_new,260,13,0.003970435526235416,True,-7.759817773369587,-14.616099867378553,3.599701331091231,4.493104830155218,4.625476586085114,0.27307692307692305,11.495898932003634,,sample_i_analysis,B2_containing,deep,low,high,nominal_baseline,not_pileup_like
sample_i_analysis|B2_containing|sat=deep|q=low|amp=high|base=nominal_baseline|pile=not_pileup_like,traditional_s05d_static_priors,260,13,0.003970435526235416,True,-6.81189830157162,-26.503678427004004,6.867652336556313,7.868192469805065,7.999387351577316,0.5153846153846153,54.60965544182673,,sample_i_analysis,B2_containing,deep,low,high,nominal_baseline,not_pileup_like
sample_i_analysis|B2_containing|sat=deep|q=low|amp=high|base=nominal_baseline|pile=not_pileup_like,waveform_only_mlp,260,13,0.003970435526235416,True,-3.8011462030241026,-9.754916282046745,6.64127448635466,3.8740682586808664,4.199530061936264,0.19615384615384615,9.66484168666685,,sample_i_analysis,B2_containing,deep,low,high,nominal_baseline,not_pileup_like
