method,n,positives,purity_precision,efficiency_recall,balanced_accuracy,brier,f1,roc_auc,average_precision,purity_precision_ci_low,purity_precision_ci_high,efficiency_recall_ci_low,efficiency_recall_ci_high,balanced_accuracy_ci_low,balanced_accuracy_ci_high,f1_ci_low,f1_ci_high,roc_auc_ci_low,roc_auc_ci_high,average_precision_ci_low,average_precision_ci_high,brier_ci_low,brier_ci_high
traditional_deltae_range_cut,8957,4119,0.75992394,0.77615926,0.78369765,0.22317261,0.7679558,0.82633236,0.76660868,0.69554831,0.82403339,0.71476301,0.86041953,0.77022886,0.79461925,0.76358768,0.77250979,0.81898807,0.83542537,0.7564333,0.77814388,0.21916638,0.22711859
ridge_logistic_l2,8957,4119,0.83500334,0.91041515,0.87862634,0.097112655,0.87108014,0.9494308,0.93807549,0.82893134,0.84030949,0.90347862,0.91701878,0.87493725,0.88185789,0.86758392,0.87401209,0.94677825,0.95237813,0.93481072,0.94173106,0.094171915,0.099536676
hist_gradient_boosted_trees,8957,4119,0.93341289,0.94950231,0.94591692,0.033922482,0.94138886,0.99277283,0.99178506,0.92259042,0.94414071,0.94107154,0.9581054,0.94326525,0.9482121,0.93833967,0.94416132,0.9920888,0.9933881,0.99095527,0.99247194,0.032593048,0.035411269
sklearn_mlp,8957,4119,0.926547,0.95241563,0.94406644,0.037074012,0.93930324,0.99145366,0.99044574,0.91777293,0.93561895,0.94554821,0.9593185,0.94176565,0.94660311,0.93673589,0.94221278,0.99059381,0.9922321,0.98961223,0.99127086,0.035548246,0.038712479
torch_1d_cnn,8957,4119,0.91397349,0.95435785,0.93893999,0.037133144,0.93372922,0.99137192,0.9903457,0.89461803,0.93523521,0.9339437,0.97300271,0.93575579,0.94252336,0.9303268,0.93775298,0.99047394,0.99226676,0.9894529,0.99125402,0.035491092,0.038887365
physics_gated_cnn,8957,4119,0.60781225,0.93687788,0.7111012,0.15060793,0.73729461,0.85295836,0.76501631,0.51604076,0.74712449,0.8764802,0.99925267,0.60344237,0.82005616,0.67384412,0.81701777,0.81747859,0.88356441,0.70651911,0.83513138,0.1130582,0.19349241
