g4_entry,primary_pdg,primary_ekin_mev,primary_time_ns,truth_stave,truth_layer,pid_label,pid_name,dominant_pdg,g4_total_edep_mev,g4_dominant_edep_mev,g4_first_time_ns,g4_energy_weighted_time_ns,g4_n_sci_hits,g4_n_bstack_layers,g4_track_length_sum_mm
21242,2212,69.30317087570842,0.0,B2,0,0,proton,2212,74.66095890198356,42.75446874607473,10.790026070372651,10.893770284433135,2,1,221.00173083201585
19309,2212,139.629864643118,0.0,B6,4,0,proton,2212,54.455519675028185,25.23701867248925,7.432372441087905,7.812861534204921,3,3,341.90565043444235
26552,2212,104.22167145977787,0.0,B4,2,0,proton,2212,98.94580439137609,44.118882156621815,8.721119365645132,10.315862493569389,3,2,336.8789817447407
4878,2212,143.16039299108616,0.0,B6,4,0,proton,2212,51.973557830686715,22.348635945179286,7.349339538184699,7.724981684518218,4,4,462.3450234902658
4176,2212,155.2081707753115,0.0,B8,6,0,proton,2212,91.23060506581962,46.58073040637904,7.139716117776285,7.784354582889652,4,4,463.9995037641865
19318,2212,139.9230949702552,0.0,B8,6,0,proton,2212,86.65068396393525,42.99434188982648,7.431851429533516,8.080688274303991,4,4,464.2900211099578
13569,2212,131.36999776231116,0.0,B6,4,0,proton,2212,53.67444058962283,23.901281125923045,7.687122883561008,8.055313874542922,4,3,346.08731455509724
2297,2212,146.86686266338978,0.0,B2,0,1,deuteron,1000010020,80.58649922736451,38.304874712442256,7.292482324780682,15.627946406238664,11,4,339.84483798793394
11871,2212,146.64726386716234,0.0,B2,0,1,deuteron,1000010020,108.79202546097883,35.2879580577073,7.2835581937917615,11.635269301450139,5,4,574.09683843687
25211,2212,86.32088609126532,0.0,B2,0,0,proton,2212,91.87198088825247,46.48846114958185,9.563750459766037,10.627930186990207,2,1,218.46087546064393
10767,2212,76.42739640786337,0.0,B2,0,1,deuteron,1000010020,83.11603179907132,34.896241235330436,9.983744686526592,10.514810669867463,10,1,219.86985458352282
4471,2212,92.31770164241834,0.0,B2,0,1,deuteron,1000010020,82.45705875534068,58.311084988178834,9.009863674764384,11.08009942434649,2,1,218.86367429457306
10215,2212,95.90820588404617,0.0,B2,0,1,deuteron,1000010020,83.8955256720474,61.10537542295049,8.863610662612468,11.3239923316114,2,1,219.23588497379023
29292,2212,127.87257877291796,0.0,B6,4,0,proton,2212,57.90125136297057,27.715445971709997,7.861144588517312,8.257387302702654,3,3,348.0431465710161
15415,2212,85.51270080237391,0.0,B2,0,1,deuteron,1000010020,86.84885553567946,44.90511210890484,9.48575633857683,10.589640039104422,3,1,218.5398873820754
11324,2212,64.4431967721035,0.0,B4,2,1,deuteron,1000010020,73.65284456730302,50.10097355670797,10.57357059175311,10.865582938349624,2,2,224.33264759722465
555,2212,70.70917924419285,0.0,B2,0,0,proton,2212,77.36940392284134,46.26908164293691,10.642988449875899,10.750257010420318,3,1,220.83051381116
6361,2212,74.33783816509002,0.0,B2,0,1,deuteron,1000010020,64.40226631736451,33.609957377125916,10.293742334051325,10.717784625373797,2,1,219.99201637480706
2904,2212,131.7054789450067,0.0,B6,4,0,proton,2212,53.21089982994001,24.091736774967167,7.671954969773269,8.044031492218714,3,3,344.8004788550209
12612,2212,161.88798542940677,0.0,B8,6,0,proton,2212,55.398132539324564,18.914550466604805,7.039016291601724,7.522202131984767,4,4,468.1513088247482
26002,2212,163.0183840234992,0.0,B8,6,0,proton,2212,57.517682945203774,19.746796336414928,6.979174553529665,7.471881939584174,5,4,466.3226323915297
11188,2212,86.87152021778869,0.0,B2,0,1,deuteron,1000010020,74.41573333251628,43.3307312349442,9.359738556460988,10.649814046373308,3,1,218.79826950426482
10210,2212,156.09830453938503,0.0,B8,6,0,proton,2212,86.81869445270013,43.06277816581302,7.128785135727009,7.7623173342455125,5,4,465.4654466755709
1015,2212,67.86389704520806,0.0,B4,2,1,deuteron,1000010020,88.5333311852449,63.976631889668056,10.657222465870165,10.973892425937096,2,2,223.2606007637242
23684,2212,161.93224508001646,0.0,B8,6,0,proton,2212,59.96783487933614,19.493557219502545,7.006981592694255,7.516213941294443,6,4,469.35004742509244
19509,2212,166.81900397560017,0.0,B8,6,0,proton,2212,54.81984351268186,17.73070614190757,6.980382980801665,7.4519534145557484,4,4,471.5787579812769
18115,2212,170.22374056096683,0.0,B4,2,0,proton,2212,21.860971088795274,11.825202491944834,6.991029315425588,7.132411047041816,2,2,230.263632632265
15501,2212,158.13102735977637,0.0,B8,6,0,proton,2212,74.89310605693612,31.555327022478544,7.067017712064697,7.640804273760494,4,4,464.22593094691166
16660,2212,118.51937861224604,0.0,B2,0,1,deuteron,1000010020,58.103008403587275,58.103008403587275,14.197744305524635,14.197744305524635,1,1,110.91984157816316
24604,2212,162.00663619692236,0.0,B8,6,0,proton,2212,57.648569465696866,19.991525304303085,7.05068497255063,7.548502023040424,4,4,468.92262446960234
24841,2212,55.47202134217981,0.0,B4,2,1,deuteron,1000010020,59.90382427618019,37.37712110817434,10.353504953807471,10.61031848770385,2,2,226.9011419992701
11331,2212,58.82666937619142,0.0,B2,0,0,proton,2212,33.018251150396964,13.326059629514816,10.403239498034898,10.498410505104802,5,2,111.06430399364064
26323,2212,74.30650156943125,0.0,B2,0,1,deuteron,1000010020,63.95785820173376,34.375858860188565,10.361166017358078,10.717521410710148,2,1,219.94905745030468
1509,2212,93.51917855018233,0.0,B2,0,1,deuteron,1000010020,62.60103684933735,62.60103684933735,12.21481740872949,12.21481740872949,1,1,109.6127355332449
19279,2212,112.2314174824648,0.0,B2,0,1,deuteron,1000010020,42.83059277025716,42.83059277025716,13.383635751232893,13.383635751232893,1,1,110.97206000750234
21391,2212,116.6885408381509,0.0,B2,0,1,deuteron,1000010020,50.51352806295968,50.51352806295968,13.932198085868212,13.932198085868212,1,1,111.39387892583477
1086,2212,91.10509265931762,0.0,B2,0,1,deuteron,1000010020,92.69014232803413,64.56816583238296,9.163648520871241,11.168352079488324,2,1,218.52025368180142
12785,2212,121.20902580026532,0.0,B2,0,1,deuteron,1000010020,65.32178961489532,65.32178961489532,14.409334135835877,14.409334135835877,1,1,111.33334473472021
369,2212,157.58324299685103,0.0,B8,6,0,proton,2212,72.76372263798602,30.677213923629008,7.057721559929899,7.63367724601815,4,4,463.2059191105227
23423,2212,159.5784913846158,0.0,B8,6,0,proton,2212,71.55390951566217,29.64749222125194,7.082497441401422,7.650320091164281,4,4,466.1480985193287
3200,2212,101.84244094507697,0.0,B4,2,0,proton,2212,98.04085052560366,40.425634900372444,8.693134492954794,10.33049338336391,3,2,335.50254583310186
27376,2212,103.5248619828203,0.0,B2,0,1,deuteron,1000010020,46.60504451702708,46.60504451702708,13.076878614053543,13.076878614053543,1,1,109.893967582492
20979,2212,134.1917813579104,0.0,B6,4,0,proton,2212,59.15989320982752,22.0972412147087,7.656855298375919,8.108395610839375,4,4,469.69238908577387
19200,2212,164.04409750450415,0.0,B4,2,0,proton,2212,94.66448008712375,64.49718826500795,7.029255801553858,7.57153393810507,5,3,117.03995822126586
22026,2212,144.20952221403897,0.0,B2,0,1,deuteron,1000010020,103.68255594755031,39.824796692257536,7.3540963655760745,11.888645446905747,5,4,575.27165908892
26830,2212,52.94602853061931,0.0,B2,0,1,deuteron,1000010020,22.181623802929906,22.181623802929906,10.371994104984346,10.371994104984346,1,1,112.72172865932714
783,2212,160.71090958524184,0.0,B4,2,0,proton,2212,22.39496447779596,11.520029096935119,7.048969902043895,7.184333330467533,2,2,227.09730682120784
10977,2212,82.05734189524834,0.0,B2,0,1,deuteron,1000010020,39.641856453550965,39.641856453550965,11.408752941216626,11.408752941216626,1,1,109.20561622477526
29483,2212,99.98409897418676,0.0,B2,0,1,deuteron,1000010020,110.50817974905439,54.161425275145895,8.647027931870818,10.753604396361398,3,2,333.12014385767105
28863,2212,141.21952947746388,0.0,B4,2,0,proton,2212,52.01661304561239,20.56247243257197,7.3848313824941965,7.659152102799256,6,2,223.80319534114616
17369,2212,154.09083059836718,0.0,B8,6,0,proton,2212,91.0352067411919,48.219794346204544,7.1584200795410435,7.810534537783945,4,4,465.0186949686198
500,2212,166.10753673602227,0.0,B8,6,0,proton,2212,54.67406659550889,18.053242817936805,7.024855555069205,7.49800660632469,4,4,472.8627338294779
19746,2212,112.8822163089875,0.0,B2,0,1,deuteron,1000010020,45.220061348193404,45.220061348193404,13.476603038053904,13.476603038053904,1,1,110.64212195212039
11381,2212,57.043109524575925,0.0,B4,2,1,deuteron,1000010020,61.420871184445915,38.66164251477878,10.368885352286267,10.629929072066538,2,2,226.11420739386918
9209,2212,163.23356506725798,0.0,B6,4,0,proton,2212,107.54521561584545,52.18335342407228,7.027089454332284,7.544705340985588,8,3,346.3190715299567
2990,2212,154.57794652580822,0.0,B8,6,0,proton,2212,90.97220809328797,45.6118069813211,7.107321682734202,7.749605149167423,4,4,462.45602576148474
28606,2212,137.97249287547703,0.0,B8,6,0,proton,2212,81.81719530183432,35.3815392187051,7.472867219657573,8.09357131706365,4,4,465.3332988320928
27375,2212,82.88869430571334,0.0,B2,0,0,proton,2212,99.34850397697241,40.79550535146605,9.598070736052602,10.742210711763828,6,1,218.5754809206464
25514,2212,149.48905701813248,0.0,B8,6,0,proton,2212,79.80223842715527,35.03553911949166,7.200195978452399,7.823688650445692,4,4,461.69880322653177
631,2212,157.13034130627872,0.0,B8,6,0,proton,2212,79.20182124933328,36.324741008319414,7.136977484830837,7.740114349453364,4,4,466.4040240881768
829,2212,119.90977678265341,0.0,B2,0,1,deuteron,1000010020,65.73248295122401,65.73248295122401,14.394601238951582,14.394601238951582,1,1,111.55564005878497
10221,2212,55.06873274300178,0.0,B4,2,1,deuteron,1000010020,58.711859780443675,36.85475313667062,10.3802978063369,10.638074583665786,2,2,227.87770382306718
10075,2212,79.56766491535976,0.0,B2,0,0,proton,2212,77.5880553698664,40.245913530447794,9.971946327408952,10.626241051491629,2,1,219.337456704277
3336,2212,73.96781316957296,0.0,B2,0,1,deuteron,1000010020,60.76487473280386,33.34190837435249,10.164127660707237,10.636753764310042,2,1,219.78558468097498
12321,2212,56.836562877973925,0.0,B4,2,1,deuteron,1000010020,72.16384401360114,49.24946789663056,10.421407008761356,10.72106904705739,2,2,227.81582129591914
17975,2212,165.2815196583419,0.0,B8,6,0,proton,2212,54.10090387075907,17.884817765351865,6.987690217577829,7.470530845212268,4,4,469.478755376698
8356,2212,168.78768645320855,0.0,B2,0,0,proton,2212,44.69734172096492,28.002155998924998,6.978967078829841,7.026327191673797,3,2,227.49794288058786
22838,2212,143.84628410952473,0.0,B2,0,1,deuteron,1000010020,77.62708023672639,39.20640151816206,7.3552341287849465,13.118395959879965,6,2,336.4446800073697
12573,2212,102.60543445882456,0.0,B2,0,1,deuteron,1000010020,107.82895629055788,48.475946038288804,8.676932740134625,10.721421618041731,3,2,334.874317503362
23432,2212,56.398857520070806,0.0,B4,2,1,deuteron,1000010020,62.83700182651337,39.36909232767484,10.461824424592562,10.72247641884004,2,2,228.13292241649248
24757,2212,164.88092570136723,0.0,B8,6,0,proton,2212,56.8800531338822,19.04263367130284,7.011583012411769,7.491188485890854,4,4,470.40578625064137
2961,2212,82.39276720439034,0.0,B2,0,0,proton,2212,87.19869478064038,48.004353012176495,9.701135806970875,10.46307048024958,2,1,218.7135903818517
7143,2212,151.0837603399121,0.0,B8,6,0,proton,2212,84.33296218424225,37.804612863880465,7.248753851337381,7.87345554570785,5,4,465.2900716304519
8270,2212,84.03975417459785,0.0,B2,0,1,deuteron,1000010020,41.457599492621945,41.457599492621945,11.539709040798927,11.539709040798927,1,1,109.53552795279434
25074,2212,161.36876060482376,0.0,B8,6,0,proton,2212,58.37900377340275,19.681286077505746,7.023848996899337,7.51416600087875,5,4,467.0720009840294
24590,2212,55.68330042061574,0.0,B4,2,1,deuteron,1000010020,65.74507715749056,40.30778226032637,10.34624660380622,10.606901436950318,3,2,226.4235157195339
3377,2212,143.04462608118388,0.0,B6,4,0,proton,2212,53.22071719699454,23.961582155937496,7.40940386421524,7.781325973995867,4,3,342.6228127482049
22648,2212,168.7313467015665,0.0,B6,4,0,proton,2212,38.44816398558599,13.82889162463949,7.011943961737241,7.330617128694147,4,4,474.79431158111055
16078,2212,91.27199951346084,0.0,B2,0,1,deuteron,1000010020,92.63171077960843,63.04837568791385,9.208856342335913,11.222835096989076,3,1,218.57585947821238
18215,2212,145.53491527662047,0.0,B8,6,0,proton,2212,71.97294966806388,23.68351424899773,7.334091653027782,7.906600423794538,4,4,464.1899115504653
25662,2212,160.02886882848338,0.0,B8,6,0,proton,2212,56.60695464993391,19.37792934917778,7.068149887962745,7.552932648594409,4,4,468.69521328810356
10413,2212,104.55668019133734,0.0,B4,2,0,proton,2212,63.8329932582612,44.53651083566923,8.721140358730558,8.982956678177688,2,2,226.321244241201
12149,2212,129.65529115934936,0.0,B6,4,0,proton,2212,52.65368498734459,23.74361079612564,7.707056095994671,8.082822557325661,3,3,344.7495507096031
18016,2212,135.95748812348972,0.0,B2,0,0,proton,2212,22.888702914236738,12.149826422803084,7.5165356675921,7.661780528359763,4,2,225.08823684504583
19051,2212,136.91745895317848,0.0,B8,6,0,proton,2212,77.13401815764658,28.594133337861045,7.509171983477993,8.104906548870098,4,4,466.6048029305148
9852,2212,155.4270609330371,0.0,B6,4,0,proton,2212,42.395417623085514,16.9214468347415,7.1319322176877815,7.458881763687858,7,3,362.9106838091693
23299,2212,105.98170913179287,0.0,B2,0,1,deuteron,1000010020,56.96196853438981,38.60723145408328,8.650681862233611,11.457536307771118,2,1,222.03695766630972
24513,2212,53.74125644467658,0.0,B2,0,1,deuteron,1000010020,22.271822284666914,22.271822284666914,10.29583684237154,10.29583684237154,1,1,111.97614973455936
12727,2212,140.9214138180679,0.0,B6,4,0,proton,2212,53.21661758860951,23.925104308122314,7.425125372015024,7.794618459101195,3,3,343.1310154020805
15694,2212,115.62239565162727,0.0,B2,0,1,deuteron,1000010020,49.77738832561151,49.77738832561151,13.939209398483534,13.939209398483536,1,1,111.43935403733626
25814,2212,102.11159261843028,0.0,B2,0,1,deuteron,1000010020,52.57252415109,52.57252415109,12.724438435633154,12.724438435633154,1,1,109.68340440346124
9801,2212,140.9959997415936,0.0,B6,4,0,proton,2212,52.671418863688416,23.86790555866897,7.4049853250710855,7.775264295088451,3,3,342.4317786950992
28608,2212,104.8441439414062,0.0,B4,2,0,proton,2212,100.45306059339386,45.15649505250223,8.744799735195855,10.367413006771672,3,2,337.3242829346078
10928,2212,122.35206855258195,0.0,B2,0,1,deuteron,1000010020,65.36324661097196,65.36324661097196,14.48582395880811,14.48582395880811,1,1,111.95433911833875
25175,2212,169.25238483064007,0.0,B4,2,0,proton,2212,32.176711453082085,11.828209747242457,6.968657866632535,7.240679269022608,3,3,349.8024229823678
65,2212,123.42384761822456,0.0,B2,0,1,deuteron,1000010020,61.02518205276302,61.02518205276302,14.89735751549175,14.89735751549175,1,1,111.42084538205559
10426,2212,118.10880169249971,0.0,B2,0,1,deuteron,1000010020,50.04328771096048,22.966835418739585,13.881242817129495,13.967849994795957,3,1,110.78942561635641
29725,2212,136.75801909885533,0.0,B8,6,0,proton,2212,76.5677016782675,30.445937175293693,7.516029913326182,8.124961832188719,4,4,465.85357801299085
10033,2212,64.27489124642891,0.0,B4,2,1,deuteron,1000010020,70.40435967603864,46.511484108567295,10.52201117306127,10.803254990592706,2,2,223.99640744805293
2138,2212,88.29668603406728,0.0,B2,0,1,deuteron,1000010020,75.16750945471566,45.991617691251435,9.236547575406982,10.729499895847782,2,1,218.6571930851549
20282,2212,153.68267147812543,0.0,B8,6,0,proton,2212,87.2623474730892,40.979907078191644,7.153733838318657,7.783373413212189,4,4,463.3758336023949
5986,2212,74.75312330862728,0.0,B2,0,1,deuteron,1000010020,61.26348144828637,33.842313631422435,10.056307175375961,10.596639726292874,3,1,219.6356544800243
29101,2212,134.23583030614188,0.0,B6,4,0,proton,2212,48.10264793297037,20.829566899438348,7.539280426658508,7.8928067606239765,3,3,343.1790830147744
6887,2212,159.53969500396624,0.0,B8,6,0,proton,2212,70.79317050690008,28.144875012724626,7.043530086991706,7.599149969246452,4,4,463.9331823080046
12642,2212,115.8008272381286,0.0,B2,0,1,deuteron,1000010020,53.564478610298366,53.564478610298366,14.048038874067263,14.048038874067261,1,1,111.54100631015407
23622,2212,149.25654996115694,0.0,B8,6,0,proton,2212,118.62056415154109,38.83432230581697,7.193494331843534,11.298356052341601,5,4,573.1362649902665
10276,2212,158.29076222217347,0.0,B8,6,0,proton,2212,70.76634624257748,29.306601478077532,7.040136233311252,7.602241222370657,5,4,463.27235841643284
9214,2212,145.4796766302453,0.0,B4,2,0,proton,2212,47.440538965683814,14.5382479615515,7.312843814866367,7.6736129545259075,5,3,341.08244685544196
2884,2212,169.96439887971258,0.0,B2,0,0,proton,2212,20.899750500982705,10.565496050953746,6.994743249398025,7.123771507926931,2,2,230.4038172535116
11000,2212,113.50843691584699,0.0,B2,0,1,deuteron,1000010020,47.803886323846996,47.803886323846996,13.755019710429641,13.755019710429641,1,1,111.10194386790212
29114,2212,153.7390168116448,0.0,B2,0,0,proton,2212,79.33775922187026,36.461772918701165,7.179372357570196,7.305044274047586,5,2,115.62903587119428
9798,2212,140.15820657448825,0.0,B4,2,0,proton,2212,28.581506137280094,15.609824544672312,7.420987774365609,7.580536230021598,2,2,224.32240369357754
7561,2212,159.5531436661657,0.0,B8,6,0,proton,2212,57.681311799758866,19.850024412373138,7.065868452279711,7.556145157783067,4,4,468.2232481601581
2424,2212,90.92621109497732,0.0,B2,0,1,deuteron,1000010020,88.967693015895,59.87717697562252,9.211145024795687,11.133048079295376,2,1,218.56576422961507
27643,2212,135.98206458109087,0.0,B8,6,0,proton,2212,73.70936503236132,24.881899590691955,7.565326314701864,8.14830982210029,4,4,466.9728164774783
17849,2212,62.387509240220275,0.0,B2,0,1,deuteron,1000010020,49.64570963872615,20.152133417599856,10.588520171073798,10.70533129066757,7,1,111.45776836088896
13803,2212,72.34267682229316,0.0,B2,0,1,deuteron,1000010020,33.5347853753624,33.5347853753624,10.969285080432,10.969285080432,1,1,109.58587397851707
7637,2212,138.94310232288618,0.0,B4,2,0,proton,2212,48.32385142307532,28.290912198334258,7.643293562065075,7.882517291197553,2,2,24.054548744066032
3633,2212,80.85243077158194,0.0,B2,0,1,deuteron,1000010020,75.60052991277647,38.5367833832963,10.121053561057586,10.784007898213432,2,1,218.78438270689145
27447,2212,108.65899884767678,0.0,B2,0,1,deuteron,1000010020,77.5309921420556,39.51239340515358,8.439225409057485,10.917669271055065,3,2,338.63294755623326
22613,2212,128.42750631927504,0.0,B6,4,0,proton,2212,54.36998448516413,25.00591388890932,7.803181937931032,8.183358627006346,3,3,347.9437730660925
28365,2212,53.50933695050113,0.0,B4,2,1,deuteron,1000010020,57.702278556666485,34.98415454732526,10.364542450444215,10.611058885997094,3,2,228.63807451675618
17174,2212,144.39089984790652,0.0,B6,4,0,proton,2212,53.15942578476484,22.64432505485982,7.337149799117781,7.69689487267722,4,3,341.55575960945754
26305,2212,109.98423795973457,0.0,B2,0,1,deuteron,1000010020,38.91678006627471,38.91678006627471,13.106324709356867,13.106324709356867,1,1,110.74239924116196
6705,2212,126.09858642394792,0.0,B4,2,0,proton,2212,31.202300588349335,16.824732590840288,7.864055636023067,8.026609589682991,2,2,228.48635580173377
23512,2212,134.4210446870224,0.0,B6,4,0,proton,2212,69.42771241295063,21.04486959180607,7.5725204496708525,8.11840484828349,4,4,466.8557888096916
4541,2212,156.90684668843522,0.0,B8,6,0,proton,2212,79.02004835120825,35.89296497662053,7.137529241206712,7.738669019120633,4,4,466.73010146478816
29954,2212,153.21304317498647,0.0,B8,6,0,proton,2212,90.53880382018453,46.14178113418178,7.128747424028695,7.776589680363297,4,4,462.2298481348478
19214,2212,153.52141206825428,0.0,B4,2,0,proton,2212,25.923026446393564,14.28940648188075,7.131388985711465,7.289426310470347,3,2,223.7389742102883
22170,2212,90.51716186063415,0.0,B2,0,1,deuteron,1000010020,84.59502934340335,55.32559954182161,9.199801761784139,10.97112284542449,2,1,218.7711573375555
366,2212,143.88140393064967,0.0,B4,2,0,proton,2212,28.45053270928446,15.762200289055926,7.3446220928951895,7.503807939508901,2,2,224.50605596485218
27027,2212,85.20494595548314,0.0,B2,0,0,proton,2212,91.48262193950153,47.0641516450821,9.637235908184493,10.650026344148186,2,1,218.354084979096
12728,2212,75.0477365734165,0.0,B2,0,1,deuteron,1000010020,33.25284133602319,33.25284133602319,11.103707370766964,11.103707370766964,1,1,109.71659280456997
9843,2212,125.07294173802433,0.0,B2,0,0,proton,2212,3.7123431439912213,3.7123431439912213,7.942655088347443,7.942655088347443,1,1,112.14172730821501
25447,2212,123.95442085082114,0.0,B2,0,1,deuteron,1000010020,5.630959877041852,5.630959877041852,14.867215614687236,14.867215614687236,1,1,111.77220074132597
28073,2212,83.8929927122952,0.0,B2,0,1,deuteron,1000010020,83.61531977588535,42.465708185700834,9.567986982204769,10.593091554441127,2,1,218.36975491794135
2757,2212,100.46721917895873,0.0,B2,0,1,deuteron,1000010020,115.28989444885315,50.1920677482267,8.808260118000499,10.687317490369482,3,2,335.83044266454317
17615,2212,66.65828537109712,0.0,B4,2,1,deuteron,1000010020,76.99366416249296,52.590236043471414,10.66940426177056,10.965282307399747,2,2,224.8452882891586
29399,2212,63.95462473997468,0.0,B4,2,0,proton,2212,66.9868538962429,42.86733793781818,10.576989985207344,10.851683587231538,3,2,111.3749987279406
5529,2212,90.26159828354878,0.0,B2,0,0,proton,2212,27.117127082009223,27.117127082009223,9.167246762543805,9.167246762543805,1,1,109.58005981825166
23654,2212,148.43597694160042,0.0,B8,6,0,proton,2212,77.45288660402917,30.06412092475102,7.272350837523732,7.876332187275695,4,4,463.993934622663
9479,2212,65.31872392782407,0.0,B4,2,1,deuteron,1000010020,71.35494163579826,48.06993810870053,10.591663863147602,10.880828230431828,2,2,224.04519010646362
27638,2212,53.58194422762804,0.0,B4,2,1,deuteron,1000010020,56.704964091796256,34.92915824602315,10.299316502871125,10.550586744319169,2,2,227.83076775452218
4822,2212,106.00517338560498,0.0,B4,2,0,proton,2212,100.8321041993195,44.4195772516492,8.664891713811574,10.469207867331281,3,2,335.87078326208905
10242,2212,136.73108378578894,0.0,B4,2,0,proton,2212,60.2849590872547,15.729990948665755,7.556741652743855,7.994306520820319,7,3,345.73482460223624
25968,2212,106.50386134505125,0.0,B4,2,0,proton,2212,96.2396970784632,39.530240608647766,8.656792217582264,10.494184295610768,3,2,337.33122864985035
25396,2212,140.82778801937062,0.0,B6,4,0,proton,2212,55.3373649969506,25.308533478254976,7.432033957477215,7.80965532193853,4,3,342.6262169470428
1983,2212,157.6069619253435,0.0,B8,6,0,proton,2212,77.06631344574518,32.84853039504952,7.064181262326605,7.645401073904577,4,4,464.0992219373819
27966,2212,160.21072660565378,0.0,B8,6,0,proton,2212,56.905972113568225,19.445340090489232,7.002100778750547,7.491485764311808,4,4,465.09334379091104
11682,2212,104.90347566776683,0.0,B2,0,1,deuteron,1000010020,36.959884393176274,36.959884393176274,12.810156102121894,12.810156102121894,1,1,110.37455224284585
20342,2212,154.51185174062988,0.0,B8,6,0,proton,2212,85.18716144346334,41.59791346116137,7.092059378065572,7.7161709411732975,4,4,462.0745634151025
21321,2212,55.69208626685809,0.0,B4,2,1,deuteron,1000010020,59.96449743068174,37.132587810300485,10.376903009246885,10.633266409891798,2,2,227.3272138472253
1173,2212,159.38233306365245,0.0,B8,6,0,proton,2212,57.750891821422606,20.03083586581799,7.087433393371529,7.584016007083754,4,4,468.6150318030303
18509,2212,157.4826430275929,0.0,B8,6,0,proton,2212,71.85146915183049,29.705418479636055,7.055008955272873,7.625126510584757,4,4,462.7520033767654
16131,2212,153.2765589281752,0.0,B6,4,0,proton,2212,94.46806690887286,40.130782785321514,7.178226650506809,7.599445730546738,7,3,228.75420530348416
24129,2212,62.86625622703456,0.0,B4,2,1,deuteron,1000010020,68.05978560292138,45.092299767097224,10.594052485374313,10.876498083770043,2,2,225.62510006344098
14685,2212,120.95763766706328,0.0,B2,0,1,deuteron,1000010020,65.32098465791418,65.32098465791418,14.409385019496133,14.409385019496133,1,1,111.33374213895158
29624,2212,76.047304270502,0.0,B2,0,0,proton,2212,33.543642735933766,33.543642735933766,10.39913577697808,10.39913577697808,1,1,109.44347435211648
22183,2212,170.39135455360798,0.0,B2,0,0,proton,2212,11.284472477475479,11.284472477475479,6.998331001704681,6.998331001704681,1,1,113.48340716692653
26329,2212,166.0850075384505,0.0,B8,6,0,proton,2212,56.70669626854665,19.08895557907311,6.982449629998414,7.46819177412985,4,4,468.808828705235
18388,2212,53.081082019291,0.0,B2,0,1,deuteron,1000010020,22.840637834043285,22.840637834043285,10.36778270874903,10.36778270874903,1,1,112.5980553365223
5874,2212,148.2860067338212,0.0,B8,6,0,proton,2212,83.30606134790945,19.907714707947218,7.202774713418009,10.722451856974233,5,4,573.188605634217
29750,2212,142.33836374958247,0.0,B6,4,0,proton,2212,52.812518850876565,23.79543282470997,7.371596961468709,7.737388778412385,3,3,341.50070640264835
20404,2212,54.89879847060039,0.0,B2,0,1,deuteron,1000010020,30.879386783845497,21.462007851559406,10.37320917283905,10.43049690073721,3,1,112.23331101744265
10900,2212,145.64636145272343,0.0,B2,0,1,deuteron,1000010020,114.15595417748293,42.5812027557866,7.288799034927142,11.557758759217663,5,4,574.434821268072
18863,2212,158.94974926466833,0.0,B8,6,0,proton,2212,70.22965982104598,28.744806459176825,7.070324076147438,7.63793788572457,5,4,465.3178524959914
23621,2212,126.83913459159393,0.0,B4,2,1,deuteron,1000010020,52.671790900960396,18.529611635880514,7.890370873635944,8.168290971092578,5,2,228.69516939794195
15467,2212,55.7392475254414,0.0,B4,2,1,deuteron,1000010020,60.503010622634456,37.4464227823981,10.382091739889788,10.638418823955666,2,2,227.70742010979149
15199,2212,98.19921043694036,0.0,B2,0,1,deuteron,1000010020,58.40442106663052,58.40442106663052,12.33426867003833,12.33426867003833,1,1,108.97193343339544
6939,2212,75.53724820104694,0.0,B2,0,1,deuteron,1000010020,71.93568542097513,47.395310439679356,11.155310453080634,11.225326848549612,5,1,109.7550158255516
28801,2212,130.5721631652271,0.0,B4,2,0,proton,2212,29.346301506703647,15.925424261385617,7.707889565843839,7.867260240023846,2,2,226.72981197780976
2018,2212,141.7121637473489,0.0,B6,4,0,proton,2212,50.539014024005056,22.575658268081344,7.4105752317528,7.775125623511878,3,3,342.65101810241515
18903,2212,86.26494017351025,0.0,B2,0,1,deuteron,1000010020,101.11723483395852,41.61555881373845,9.51975513491091,10.990368944412744,5,1,218.7098857497145
1279,2212,162.87361436668073,0.0,B8,6,0,proton,2212,55.58021566316847,18.322853869974573,7.005512732402947,7.481155468969733,4,4,468.57434108510114
5452,2212,128.91004789558747,0.0,B6,4,0,proton,2212,53.08821778359808,24.178373335645997,7.763247664795941,8.142670016479878,3,3,345.9507022111588
2261,2212,167.2433024082128,0.0,B8,6,0,proton,2212,55.14380763334119,17.887169219600594,6.974577375034592,7.4589550168489165,5,4,471.1411532198312
11629,2212,74.17702840620694,0.0,B2,0,1,deuteron,1000010020,34.10561882065893,34.10561882065893,11.116637203619531,11.116637203619531,1,1,110.08212269290402
13591,2212,135.69899919065153,0.0,B8,6,0,proton,2212,73.10067411456421,25.311386809517607,7.555347210077223,8.141734428310368,4,4,466.21661539430966
987,2212,148.4121882593913,0.0,B8,6,0,proton,2212,77.8980234236281,30.395646004886732,7.287083001842435,7.88659812478344,4,4,465.1788022656193
15354,2212,168.64815891700903,0.0,B6,4,0,proton,2212,37.64952503692719,14.684993052345991,6.990190809631709,7.286097985628363,3,3,349.99727597775984
2427,2212,158.06891085995443,0.0,B8,6,0,proton,2212,92.87621699318122,38.462158203125,7.038832553808721,7.699394551126074,8,4,463.16388695460046
28724,2212,111.27287690796057,0.0,B2,0,1,deuteron,1000010020,41.48233070712889,41.48233070712889,13.224683531363924,13.224683531363926,1,1,110.1750908489573
11233,2212,57.74033621065798,0.0,B2,0,1,deuteron,1000010020,37.08962407722274,17.15754818765509,10.41535463838755,10.69874578129908,5,3,120.64458219135247
664,2212,167.89793993746605,0.0,B8,6,0,proton,2212,53.09964620893789,16.96544671393101,7.0047629774598414,7.472029998957456,5,4,471.87775593816843
27905,2212,57.56051114271207,0.0,B4,2,1,deuteron,1000010020,60.26505846113037,38.091586144279944,10.463149166012455,10.726630660922208,2,2,227.47335233853892
15424,2212,145.38182066399514,0.0,B2,0,1,deuteron,1000010020,114.10972813068373,43.06874195486286,7.326315311308302,11.545875863892537,5,4,575.7577101271593
20344,2212,77.16527119216465,0.0,B2,0,1,deuteron,1000010020,67.02049232819176,35.151694495223765,9.861852882711913,10.595883939018305,4,1,219.24905506789736
2444,2212,62.41990378330856,0.0,B4,2,1,deuteron,1000010020,67.28933679661063,43.87915049139793,10.484792460583034,10.760113037358582,2,2,224.8099564684655
29314,2212,132.65281777069947,0.0,B6,4,0,proton,2212,56.7942717904497,23.29054100121645,7.665827230098422,8.099089039654114,4,4,469.6211409638048
9904,2212,126.02858671921867,0.0,B2,0,0,proton,2212,53.08805294110762,45.74573898315431,7.915797350376498,7.945777783813814,4,1,112.28675486702494
6561,2212,111.08898133158266,0.0,B2,0,1,deuteron,1000010020,41.476247525486414,41.476247525486414,13.23667960369428,13.23667960369428,1,1,110.49166046575401
10744,2212,145.28409963432844,0.0,B2,0,1,deuteron,1000010020,87.27474459071598,41.85254384332585,7.319155321961625,12.558549178463798,9,4,259.35692277996964
7530,2212,72.40630860364767,0.0,B2,0,0,proton,2212,76.39529623510813,42.5100302724274,10.971804520808162,11.022135576750419,2,1,220.74609144360818
25918,2212,105.9432649178919,0.0,B2,0,1,deuteron,1000010020,55.887637490907025,38.10894328253252,8.6771288652848,11.545934041772114,2,1,221.59533808128882
29130,2212,81.18906337111942,0.0,B2,0,0,proton,2212,82.79426374397462,45.128015132638005,9.773902043750622,10.486519344488036,2,1,218.6919186236159
20766,2212,147.96860456521063,0.0,B8,6,0,proton,2212,74.86455469448754,26.634590966089903,7.244543400482452,7.828339132828349,4,4,461.60898180400227
2665,2212,114.29073312217531,0.0,B2,0,1,deuteron,1000010020,43.88552317448873,43.88552317448873,13.50282670585145,13.502826705851453,1,1,110.85039736401158
5369,2212,149.79601120393676,0.0,B8,6,0,proton,2212,82.46430015085,37.37696975601471,7.168060099692558,7.799752392222894,5,4,461.138029243057
24623,2212,146.20039188872607,0.0,B2,0,1,deuteron,1000010020,92.81551816229268,34.464635523549596,7.295941885648402,12.204278996384843,5,4,574.7697093292651
4215,2212,149.47646176981823,0.0,B8,6,0,proton,2212,78.8727030118198,30.97417125388355,7.186826500705152,7.786498214843976,4,4,461.3116702738812
27197,2212,153.43093508900068,0.0,B2,0,0,proton,2212,29.659110691738594,10.519784332412458,7.170825568221728,7.279074893380099,5,2,114.60203850508704
3526,2212,139.0938801818856,0.0,B8,6,0,proton,2212,85.83245462333102,40.1753115578264,7.424574484415622,8.056161893819358,4,4,463.59445094283706
19375,2212,149.16992702665453,0.0,B8,6,0,proton,2212,84.00805353638125,39.3688523825748,7.243467885158063,7.880525487202867,4,4,464.0695289561658
1344,2212,130.21720386320166,0.0,B2,0,0,proton,2212,31.8769888028612,11.036849576126471,7.765970863351104,7.844008208773682,6,1,112.44487449970738
3178,2212,113.82233006782388,0.0,B2,0,1,deuteron,1000010020,43.98752329612735,43.98752329612735,13.473604690719093,13.473604690719093,1,1,111.04995195160238
5189,2212,156.40904528889223,0.0,B8,6,0,proton,2212,81.12298469880628,37.21734398485999,7.131273870901398,7.737468024399854,4,4,465.54878717700353
22222,2212,69.61581860938622,0.0,B4,2,1,deuteron,1000010020,88.01300529296674,62.75605234519044,10.758850775524008,11.072720194962782,2,2,224.65317939247046
24920,2212,71.93510873154742,0.0,B2,0,1,deuteron,1000010020,100.50945239933934,42.22797695189137,10.904054156698265,10.996873542310638,6,1,220.54985872680427
10073,2212,118.13982349967587,0.0,B2,0,1,deuteron,1000010020,56.64354774109418,56.64354774109418,14.147687425835992,14.147687425835992,1,1,111.12663317755491
3738,2212,146.58023324997657,0.0,B2,0,0,proton,2212,13.24997399240824,13.24997399240824,7.258568109347081,7.25856810934708,1,1,110.03475089615765
10133,2212,82.13126699720257,0.0,B2,0,0,proton,2212,81.4110633761153,40.923878204844215,9.981244358966814,10.698578888689894,2,1,218.86691272552855
19188,2212,121.57460786772421,0.0,B2,0,1,deuteron,1000010020,66.30914176637042,66.30914176637042,14.420328370532923,14.420328370532923,1,1,112.21532075479925
26902,2212,63.51916568668984,0.0,B2,0,1,deuteron,1000010020,23.52349069028148,23.52349069028148,10.607243134697177,10.607243134697177,1,1,111.01153373539057
11446,2212,169.73492723341695,0.0,B4,2,0,proton,2212,28.028927034032975,12.874171736536132,6.995101695552607,7.203618189965375,4,3,349.6517278229487
12014,2212,147.4810397831944,0.0,B8,6,0,proton,2212,76.35396440466593,28.06151479334205,7.293307847065268,7.882835217842866,4,4,464.98066660648567
9736,2212,154.0764614301492,0.0,B8,6,0,proton,2212,90.15451329983676,45.732478591587935,7.145628181547617,7.7924420466529725,4,4,464.375578377072
12981,2212,75.92251812458656,0.0,B2,0,1,deuteron,1000010020,58.12012142085746,33.878366178200736,9.831126613456629,10.571892711615856,2,1,219.3887345488061
19752,2212,77.00681714897776,0.0,B2,0,0,proton,2212,74.66753644534117,39.03938230148728,10.072773893102834,10.57592857015849,2,1,219.15273143568345
23347,2212,52.671032273969445,0.0,B2,0,0,proton,2212,49.72332794339496,23.794187930026656,10.324677240147238,10.351851391848099,5,1,112.33900359622179
3110,2212,102.33688238658651,0.0,B2,0,1,deuteron,1000010020,103.7266712606679,50.64348553429387,8.586607890995765,10.798769926444756,3,2,334.23862764733144
12960,2212,103.80860072267959,0.0,B2,0,1,deuteron,1000010020,35.310921391549655,35.310921391549655,12.643663230374099,12.643663230374099,1,1,109.96771686580114
6113,2212,150.1222753022795,0.0,B4,2,0,proton,2212,69.22725559257663,43.845075870206784,7.207279619669603,8.329239937741951,6,3,86.71353548746593
7325,2212,166.09796249539474,0.0,B8,6,0,proton,2212,56.1787089685288,18.425636840890483,6.996606996410877,7.470170144314055,4,4,471.08795577379647
8158,2212,125.26373098451086,0.0,B2,0,0,proton,2212,12.949818742342776,12.949818742342776,8.002871940727372,8.002871940727372,1,1,113.46951833105962
11163,2212,102.49216176832168,0.0,B4,2,1,deuteron,1000010020,82.1430592303658,48.17096095102824,8.695327425606598,11.672679580910781,8,2,225.54955324420473
24985,2212,113.28389637803144,0.0,B2,0,1,deuteron,1000010020,46.400003542800576,46.400003542800576,13.594729505086493,13.594729505086494,1,1,110.5457331883593
25221,2212,169.14095755275798,0.0,B8,6,0,proton,2212,50.268408463172236,15.394390116226106,6.982376128977617,7.442765803336629,4,4,473.56670302771386
4590,2212,165.5100063711771,0.0,B8,6,0,proton,2212,56.90611257026622,19.22526106565765,6.985656130905144,7.468369327581281,4,4,469.0757531028164
20086,2212,110.30022183790732,0.0,B2,0,1,deuteron,1000010020,41.231157986115505,41.231157986115505,13.096390790044184,13.096390790044182,1,1,110.29231761139731
7832,2212,160.01993897082787,0.0,B8,6,0,proton,2212,71.6256387594626,28.21736311937506,7.047159844497942,7.597992516860422,4,4,464.8304698672313
11813,2212,165.5824269341968,0.0,B8,6,0,proton,2212,54.83416941300938,17.907332313328805,6.993750929312493,7.4645732037192944,4,4,470.211718921924
28402,2212,52.567754015946925,0.0,B4,2,1,deuteron,1000010020,58.1751190198472,35.90489884223999,10.319126369268146,10.571711027583472,2,2,228.1988266280697
18778,2212,81.83044473431303,0.0,B2,0,1,deuteron,1000010020,77.18405322107407,38.696376468262415,9.595655294546217,10.460244960753577,2,1,218.6579929570732
475,2212,90.33234242956551,0.0,B2,0,1,deuteron,1000010020,93.18080902036628,62.3086831209032,9.26727238418905,11.100528842204692,2,1,218.54680909432352
24220,2212,80.54211362042345,0.0,B2,0,1,deuteron,1000010020,40.62731905843439,40.62731905843439,11.417700044436515,11.417700044436515,1,1,109.4475454051807
20717,2212,164.0533484865937,0.0,B8,6,0,proton,2212,55.80737533588709,18.80356180882243,7.015242484188284,7.494687787028902,4,4,468.8944942389228
23940,2212,86.26574530027766,0.0,B2,0,1,deuteron,1000010020,76.41960543915388,43.247211098448915,9.371969565994194,10.656428780748351,2,1,218.45379795037678
20852,2212,122.4882383086986,0.0,B2,0,1,deuteron,1000010020,65.15197822442848,65.15197822442848,14.423745215190472,14.423745215190472,1,1,111.30334090964102
24783,2212,157.37433902202397,0.0,B8,6,0,proton,2212,71.33455237394952,29.529237403833715,7.101545510187616,7.672995506520774,4,4,465.1668157535345
23162,2212,159.14804890045875,0.0,B8,6,0,proton,2212,73.33689802863637,31.060649434332028,7.074650892509398,7.647877277501335,4,4,465.76186491933424
16349,2212,75.03718363486817,0.0,B2,0,1,deuteron,1000010020,59.5376115833625,33.576632632090636,10.066610562036553,10.604540825691918,2,1,219.80610602582425
23199,2212,147.79574645763483,0.0,B8,6,0,proton,2212,106.65771663751667,30.253845181899752,7.244654750462747,11.60561372535729,5,4,573.7455619346846
21633,2212,125.24133832161928,0.0,B2,0,0,proton,2212,19.67945509671521,13.80126834131133,7.984746679918782,8.075499954760835,2,2,230.44044759041614
754,2212,122.89702646507055,0.0,B2,0,1,deuteron,1000010020,12.547234279993347,12.547234279993347,14.421508304546379,14.42150830454638,1,1,111.29625448101608
26513,2212,95.73016623915879,0.0,B2,0,1,deuteron,1000010020,84.62761287391476,60.67121299442646,8.924559221685884,11.360069824771921,2,1,219.09761394899795
14609,2212,89.463607988753,0.0,B2,0,1,deuteron,1000010020,48.25113991387546,48.25113991387546,11.780617718362032,11.780617718362032,1,1,109.05804601649747
10618,2212,167.68370891434307,0.0,B8,6,0,proton,2212,54.73038856085404,17.650205043296797,6.994718410717465,7.468420292494364,4,4,472.45343749436233
9430,2212,73.91002809110158,0.0,B2,0,0,proton,2212,65.01388143931032,28.712307793962292,10.104079648813325,10.684550855135942,7,1,219.76043429429973
26800,2212,153.77809466850434,0.0,B8,6,0,proton,2212,91.7257275037257,46.63778359738696,7.1848217216479435,7.840825069111526,5,4,465.81665360848956
12918,2212,102.3712114866792,0.0,B2,0,1,deuteron,1000010020,99.12678705537553,49.452638695466746,8.691053634527808,10.902824798884982,3,2,335.42424096494545
803,2212,67.44700579958533,0.0,B4,2,1,deuteron,1000010020,83.24478161747804,59.80318487237139,10.724495309007832,11.036118807634175,2,2,224.92717866516358
4279,2212,61.145875891480486,0.0,B2,0,1,deuteron,1000010020,22.285047281579327,22.285047281579327,10.545275450597517,10.545275450597517,1,1,111.45883100043011
20085,2212,160.5240490307565,0.0,B8,6,0,proton,2212,58.81143651229168,20.06146757517915,7.009849093539119,7.5029496415115196,4,4,465.5259035204963
29956,2212,101.55314394244769,0.0,B2,0,1,deuteron,1000010020,101.12643484932056,50.419135454547785,8.596126173323931,10.829983726635438,3,2,333.70133858706606
11285,2212,60.63050050275449,0.0,B4,2,1,deuteron,1000010020,65.75402640914835,42.92664643847758,10.462036973206775,10.736572479839946,2,2,224.8230231846643
4433,2212,65.22152520207024,0.0,B4,2,1,deuteron,1000010020,78.16844683781248,54.030634969613395,10.596318760966527,10.895986990248872,2,2,223.98249414112468
11385,2212,125.16894505102279,0.0,B2,0,1,deuteron,1000010020,60.348739034645966,52.25652704609899,15.008667788772811,15.046876199741078,2,1,111.66806949917125
18393,2212,113.62190729848787,0.0,B2,0,1,deuteron,1000010020,43.844119215383785,43.844119215383785,13.423139785571463,13.423139785571461,1,1,111.02072202180841
7918,2212,57.69042487659556,0.0,B2,0,1,deuteron,1000010020,51.374461255527756,21.819848307343975,10.4130265704917,10.673177871038902,6,2,226.85270096081058
20690,2212,166.26249149135586,0.0,B8,6,0,proton,2212,56.23429256231019,19.24425425802973,7.004162131412312,7.495327006804445,6,4,470.71481598231316
8786,2212,105.846799629513,0.0,B4,2,0,proton,2212,95.04743033122782,39.92216997115335,8.579601364697114,10.410086309090978,4,2,335.95856186168396
1972,2212,54.36645413567697,0.0,B4,2,1,deuteron,1000010020,58.73698958164052,36.60427303278942,10.28169717943256,10.536466154418868,2,2,226.68004685027648
21770,2212,151.95688377171,0.0,B8,6,0,proton,2212,85.87013442038962,41.02006822309946,7.1622864092364456,7.803500686856171,4,4,461.8621858826169
16148,2212,133.79140987994305,0.0,B6,4,0,proton,2212,67.33908723878615,21.276908017423683,7.628713128791395,8.162591986983863,4,4,468.43457783057056
3241,2212,60.279834120105264,0.0,B2,0,1,deuteron,1000010020,35.680156037247436,22.823506124883657,10.457130866184132,10.61181284690027,4,2,117.01818231888002
1780,2212,57.8415078967111,0.0,B2,0,0,proton,2212,62.33925915133814,26.31067786655978,10.435746699893034,10.595487651298683,5,2,114.66142659469851
17694,2212,66.11691408509873,0.0,B4,2,1,deuteron,1000010020,74.19238590145457,50.02870600428392,10.591196367490811,10.882486071854713,2,2,223.66337473997288
11711,2212,96.01925589801259,0.0,B2,0,1,deuteron,1000010020,60.20409896545038,60.20409896545038,12.274488020233122,12.274488020233122,1,1,109.51392179996355
4841,2212,67.04875588988179,0.0,B4,2,1,deuteron,1000010020,100.55070437446749,52.329385102602714,10.340233832595233,10.809140999041317,3,2,336.18820727300215
15528,2212,78.18478897551546,0.0,B2,0,0,proton,2212,76.62532836171572,40.62225195336097,9.929322416361401,10.54869361181252,2,1,218.72183987127892
15510,2212,60.07787079356752,0.0,B2,0,0,proton,2212,64.4706012766694,29.4003091932118,10.482625098198314,10.540547291945819,5,1,111.25576842754525
15634,2212,58.49720339986401,0.0,B2,0,1,deuteron,1000010020,22.96513244665354,22.50674944258705,10.343329283400626,10.365074635125456,2,2,110.74214049085982
21111,2212,93.26307682274579,0.0,B2,0,1,deuteron,1000010020,88.54904466783589,64.55511819992843,8.961666853082228,11.218499056743621,2,1,218.78770490910046
28421,2212,124.00606640065894,0.0,B2,0,1,deuteron,1000010020,62.68486979324287,62.68486979324287,14.8076883646832,14.8076883646832,1,1,112.17543760964506
3571,2212,101.17174168466269,0.0,B2,0,1,deuteron,1000010020,103.97057049813546,53.249501152705996,8.67693623009546,10.785874125079115,3,2,335.8361453366281
15027,2212,118.36473501268163,0.0,B2,0,1,deuteron,1000010020,51.55441947772604,51.55441947772604,14.030044747125274,14.030044747125274,1,1,111.65754196129876
11088,2212,111.08081258336543,0.0,B2,0,1,deuteron,1000010020,42.26509245843596,42.26509245843596,13.181618823326781,13.181618823326781,1,1,110.2210675297185
20138,2212,169.30643048906643,0.0,B4,2,0,proton,2212,25.6035145792754,11.609454415408846,7.037498333519682,7.221208046424277,3,3,351.3047414080625
8196,2212,124.1556456411935,0.0,B2,0,1,deuteron,1000010020,60.13320500910992,60.13320500910992,15.1592797525405,15.1592797525405,1,1,112.58107205721599
13244,2212,96.2166292277868,0.0,B2,0,1,deuteron,1000010020,115.6005946765714,57.152593961276494,8.940509349778772,10.799465114885097,3,2,333.64110757849426
13184,2212,135.0120649550696,0.0,B8,6,0,proton,2212,71.76373691066945,22.201236600573576,7.5544833202301644,8.117427909316627,4,4,465.69429664228085
27868,2212,75.3307477048786,0.0,B2,0,1,deuteron,1000010020,59.91055830892552,33.59882292021478,10.004543648112215,10.584391237433152,2,1,219.6402320117494
18882,2212,159.99527991872057,0.0,B8,6,0,proton,2212,58.88101928675684,20.11734462240013,7.038048161381215,7.530665869446157,4,4,466.80203546955454
7860,2212,119.65983251551344,0.0,B2,0,1,deuteron,1000010020,63.142187523844484,63.142187523844484,14.303258928607804,14.303258928607804,1,1,111.26611425396406
23478,2212,133.56789242840205,0.0,B6,4,0,proton,2212,64.34874735732352,21.57564166286103,7.6498883733135825,8.167236603748517,4,4,469.3365784270908
24051,2212,102.50641194330667,0.0,B2,0,1,deuteron,1000010020,116.79701150603894,56.72565792753353,8.732807408626337,10.843475995117439,4,2,335.59885293785084
24263,2212,160.9965540569236,0.0,B8,6,0,proton,2212,59.21886887364984,21.001584919182804,7.0543793580901335,7.551446577467532,4,4,468.17996131517464
4795,2212,164.3988249380041,0.0,B8,6,0,proton,2212,55.406229362758566,18.212832716611956,7.002249750019595,7.476481824829581,4,4,468.7458694292212
7621,2212,99.16632680830816,0.0,B2,0,1,deuteron,1000010020,54.716257471829294,54.716257471829294,12.570820408257662,12.570820408257662,1,1,109.29477700088887
13416,2212,87.86385328846768,0.0,B2,0,1,deuteron,1000010020,57.75916869784118,57.75916869784118,11.942969308238053,11.942969308238053,1,1,10.454448710500532
24082,2212,74.47723857914174,0.0,B2,0,1,deuteron,1000010020,67.85137090081369,34.87279364854729,10.186408321818458,10.673573935438855,6,1,219.766648352962
28676,2212,58.73174636931689,0.0,B4,2,1,deuteron,1000010020,61.09094636645684,38.813621393018266,10.386570329141925,10.649982101650982,2,2,225.7298993278045
18305,2212,78.3320633988276,0.0,B2,0,0,proton,2212,72.68512296792284,36.3890657527799,10.267283028998314,10.73570065225075,2,1,219.29081326396394
2793,2212,77.9402494941348,0.0,B2,0,0,proton,2212,79.69018468282125,44.333285968177535,9.910528072548535,10.441027053341207,2,1,219.3306878626958
17933,2212,100.07158353113188,0.0,B2,0,1,deuteron,1000010020,116.31857321656312,51.131154877830376,8.780609819988609,10.683803459845235,3,2,334.54895897703585
26588,2212,70.1520037027967,0.0,B2,0,0,proton,2212,67.75059037674657,35.95679635411456,10.838467098083159,11.119380064584451,2,1,220.8880635964444
21158,2212,170.28005035800646,0.0,B4,2,0,proton,2212,23.47039575141174,12.690753568265016,6.960951287498083,7.102424981183583,2,2,229.6329274267939
2954,2212,98.7433642177224,0.0,B2,0,1,deuteron,1000010020,56.04546674638295,56.04546674638295,12.495962162761439,12.495962162761439,1,1,109.53237407467967
9022,2212,80.07330536760556,0.0,B2,0,0,proton,2212,78.75784993619052,40.465995714252394,9.978217710262397,10.631124314475874,2,1,218.85621314773954
26563,2212,165.31937288519862,0.0,B8,6,0,proton,2212,55.279353323237046,18.159188230689306,6.999799732123416,7.47492749579389,4,4,469.8238158774825
4009,2212,64.86342515068444,0.0,B4,2,1,deuteron,1000010020,73.81496046303901,50.38091166932484,10.59083738805672,10.883922255567457,2,2,224.23684810793407
21517,2212,120.5449744576418,0.0,B2,0,1,deuteron,1000010020,63.95313363228805,63.95313363228805,14.606267102476995,14.606267102476995,1,1,111.72304701915132
6646,2212,148.20534971329883,0.0,B6,4,0,proton,2212,87.943484336191,37.60347043910082,7.265410973867209,7.74812559875755,7,3,343.07260682560593
22354,2212,65.36636440620438,0.0,B4,2,1,deuteron,1000010020,76.86736365791153,52.38202489364835,10.574996352529107,10.868564412397093,2,2,223.9184800377766
5283,2212,88.73976966616937,0.0,B2,0,0,proton,2212,73.99787769252275,28.36085120656098,9.186815540016354,10.809237937486243,6,1,218.49302211047035
299,2212,61.91109284789795,0.0,B4,2,1,deuteron,1000010020,68.68100611591085,44.680078607996364,10.51300986747536,10.788532871340049,2,2,225.53522180718522
23234,2212,64.1544988609141,0.0,B2,0,1,deuteron,1000010020,68.03987825234479,23.00133325142967,10.56966027103589,10.921764677386594,7,2,230.4298403631263
28615,2212,64.33865742879343,0.0,B4,2,1,deuteron,1000010020,75.62559988208662,51.74411392712246,10.588230654882949,10.88259589444675,2,2,224.26230816235991
18186,2212,110.0245791935842,0.0,B2,0,1,deuteron,1000010020,39.98900543089648,39.98900543089648,13.072914360050643,13.072914360050643,1,1,110.2976173226941
16929,2212,160.60495972257533,0.0,B8,6,0,proton,2212,60.299269019086594,20.85008029472828,7.066547953341356,7.5572367770020135,5,4,469.1809227474954
16164,2212,159.44644097729164,0.0,B8,6,0,proton,2212,59.358840570782306,20.765458344934572,7.097265586258264,7.595771597999903,4,4,469.10869996882286
8444,2212,160.3775563773847,0.0,B8,6,0,proton,2212,58.08391492877254,20.025638923026136,7.0205586215176226,7.5165859015637935,4,4,465.9073089641548
14767,2212,65.94632433096362,0.0,B4,2,1,deuteron,1000010020,77.07804818501945,52.982400295878456,10.616596006848876,10.913900010312513,2,2,223.51256871422333
8935,2212,128.34120341536857,0.0,B4,2,0,proton,2212,29.793232014135743,16.323421566893735,7.77281603095857,7.935480465180145,2,2,227.39289049366647
16784,2212,68.09557478693246,0.0,B4,2,1,deuteron,1000010020,126.0175900428897,61.861496435421586,10.435927083730677,10.83047404417092,8,2,336.0177821929137
10087,2212,129.29533437091342,0.0,B6,4,0,proton,2212,56.78151315247034,26.322357401315166,7.804748385343533,8.187759645268608,3,3,348.0990929371968
22672,2212,148.05334030931974,0.0,B8,6,0,proton,2212,75.506386288815,27.925433098428268,7.246860623400751,7.83770708071418,4,4,462.0052840349171
24937,2212,99.44517172189367,0.0,B2,0,1,deuteron,1000010020,110.48986073770413,54.97709091470602,8.74072090579013,10.738453004326445,3,2,335.22322177045015
18592,2212,119.84316842809353,0.0,B2,0,1,deuteron,1000010020,66.17696972671087,30.786046255916453,14.414365661329956,14.520870990759274,3,1,112.14295760876512
2183,2212,66.13785281124137,0.0,B4,2,1,deuteron,1000010020,74.78826226680519,51.229078140460054,10.617958136062908,10.913752301761564,2,2,223.85812530899014
7846,2212,78.67838337275629,0.0,B2,0,1,deuteron,1000010020,41.27706149509429,41.27706149509429,11.29511549604609,11.29511549604609,1,1,109.97931818842241
20520,2212,124.46515507086954,0.0,B2,0,0,proton,2212,13.948388292838624,13.948388292838624,7.96946245848221,7.96946245848221,1,1,113.17300481230593
13291,2212,69.68161992285164,0.0,B2,0,0,proton,2212,75.75544275405235,44.66458791246428,10.826440921434026,10.879149294284991,2,1,221.05657066977352
12266,2212,53.992045892747186,0.0,B4,2,1,deuteron,1000010020,64.69749644851315,24.767356522233534,10.362201321265847,10.679624330341271,5,2,228.35158586567906
5877,2212,159.78245253630604,0.0,B8,6,0,proton,2212,57.97321528604111,19.411532706434244,7.025526249539759,7.510188284392992,4,4,465.95172833956997
1920,2212,94.56016080468436,0.0,B2,0,1,deuteron,1000010020,85.69529918341128,59.04951537297949,9.113920971702992,11.318781577058987,3,1,219.23500525672478
23498,2212,109.43300133777139,0.0,B2,0,0,proton,2212,0.8777816986230146,0.8777816986230146,8.44740583347669,8.44740583347669,1,1,112.32392550162388
23998,2212,160.7690412361966,0.0,B8,6,0,proton,2212,57.770542901319295,19.979436437381736,7.025341882508027,7.5180674623359645,4,4,466.4258432965133
291,2212,138.77127188816502,0.0,B6,4,0,proton,2212,66.22419845917133,20.75069987124559,7.477648288991462,8.012706488185005,5,4,464.4246907128396
28803,2212,90.593583446632,0.0,B2,0,1,deuteron,1000010020,88.84923275045558,58.98529800659453,9.216184414682486,11.07213326916205,2,1,218.5385681277535
25067,2212,165.58004083120656,0.0,B8,6,0,proton,2212,54.71690791491192,18.15649978192375,7.038343820906991,7.516329092533971,4,4,473.06257227320043
5404,2212,160.90406706075524,0.0,B8,6,0,proton,2212,59.52535897434356,20.5091387866976,7.006638695441428,7.494597123170201,4,4,466.3692724352761
22263,2212,54.28806684000966,0.0,B4,2,1,deuteron,1000010020,57.368995315456885,35.39644656454153,10.33854797303513,10.591482018744058,2,2,227.31750142808403
2790,2212,137.21758447872432,0.0,B8,6,0,proton,2212,75.57675399505094,28.491594968832914,7.506140294606093,8.104258124477719,4,4,464.95680511240903
17481,2212,118.70001552072763,0.0,B2,0,1,deuteron,1000010020,65.60986453062293,61.940620267875204,14.366901338390651,14.38596413203431,2,1,111.25615064166526
26194,2212,100.63737835919811,0.0,B2,0,1,deuteron,1000010020,105.0797011565382,53.3823679868192,8.671148797151845,10.774350459024122,3,2,335.1751448975698
25745,2212,138.42545282314032,0.0,B8,6,0,proton,2212,78.55643262170179,32.36927970758329,7.504270785328583,8.11785399893199,4,4,466.2063823254815
6435,2212,131.17767415029837,0.0,B6,4,0,proton,2212,51.631177035870934,23.961312254515473,7.669864531729161,8.04468998127609,3,3,345.190500116335
9949,2212,144.9563252588197,0.0,B6,4,0,proton,2212,81.12146972948318,20.942595483659336,7.297470452018208,9.508691041767937,5,4,574.2833795971765
2601,2212,77.80712642558021,0.0,B2,0,1,deuteron,1000010020,73.7791844419185,37.303847229746054,10.106434410258384,10.684675447515769,2,1,218.79458742284172
17218,2212,74.44985729177147,0.0,B2,0,1,deuteron,1000010020,61.77215221574289,34.25129798840061,10.247436182183579,10.696496658321688,2,1,220.13301276323347
21498,2212,61.942447049324514,0.0,B4,2,1,deuteron,1000010020,66.53327363560668,43.49830882279536,10.558396565145337,10.836115264895982,2,2,225.74797603161258
10482,2212,94.55027358422872,0.0,B2,0,1,deuteron,1000010020,86.9054711536924,61.314737784251655,9.016561455226814,11.319405280630578,2,1,218.93212854827914
24776,2212,94.45141469145968,0.0,B2,0,1,deuteron,1000010020,85.39768091529042,62.249262855672136,8.984360135493318,11.306500035781655,2,1,219.10703343176226
27164,2212,139.04728348364853,0.0,B6,4,0,proton,2212,56.33046942765955,26.82233980165574,7.507015509213196,7.898978749327806,3,3,343.3454045914424
5920,2212,104.98907975767733,0.0,B4,2,0,proton,2212,95.99554629611256,41.22313112800828,8.654436361825494,10.36371373905228,3,2,337.1071341222704
12977,2212,88.31060341188163,0.0,B2,0,1,deuteron,1000010020,50.07725907181023,50.07725907181023,11.815916613200873,11.815916613200873,1,1,109.25283750659553
13869,2212,81.71156461642718,0.0,B2,0,0,proton,2212,79.88736689090507,42.02992616038949,9.532272807650907,10.410107374184484,2,1,218.4122532391185
1861,2212,60.52923639889217,0.0,B2,0,0,proton,2212,47.31458977864518,17.075040121242296,10.464326300613358,10.602168702941716,4,2,114.66387036868183
29280,2212,71.66088459794598,0.0,B2,0,0,proton,2212,66.68107870468026,30.123483590734473,11.008083071467805,11.298873009556594,4,1,220.59355166951116
13413,2212,131.2874995338046,0.0,B4,2,0,proton,2212,72.105809035345,46.39336869212434,7.710459044656527,8.00339767215239,4,2,116.67555216064133
25593,2212,160.04810476999864,0.0,B8,6,0,proton,2212,57.54478682288716,19.390610602205253,7.069515959625644,7.556300874123702,4,4,468.087536378612
29617,2212,68.39652001850911,0.0,B4,2,1,deuteron,1000010020,83.69069915168872,60.17022489273245,10.726997128988254,11.040342825802576,2,2,224.4325748878576
1890,2212,52.999965121640194,0.0,B4,2,1,deuteron,1000010020,56.23379800193835,34.59391280323178,10.273550229767956,10.524187181371621,2,2,227.39752980267156
21162,2212,82.28384871327856,0.0,B2,0,1,deuteron,1000010020,44.92907328412333,41.77544089160639,10.210425544213416,11.459680697920353,2,1,220.41790631488817
27626,2212,62.30582213218107,0.0,B4,2,1,deuteron,1000010020,67.24593524334118,43.269547479428596,10.54734216557577,10.820434554589907,2,2,226.25829247426142
16291,2212,131.075212224542,0.0,B6,4,0,proton,2212,51.931613282319745,22.98338688372576,7.766597601462694,8.130782182813157,3,3,348.13954672700123
21376,2212,92.31351168764738,0.0,B2,0,1,deuteron,1000010020,83.66387186983837,58.1530678816522,8.989492110150545,11.095132552761635,2,1,218.6169430717182
16053,2212,127.20719360153261,0.0,B6,4,0,proton,2212,48.68230630793788,18.032515975158603,7.85946110969399,8.204075343627231,3,3,347.19983309136967
4671,2212,93.56980018630414,0.0,B2,0,1,deuteron,1000010020,56.620246050643175,26.068747383392292,8.997773746871614,10.684813680544947,6,1,219.2368868749939
11074,2212,167.48589827654988,0.0,B8,6,0,proton,2212,54.78918902440496,18.06930149884574,7.007189677218669,7.482259639191155,4,4,473.4484624790409
28530,2212,96.81813000800142,0.0,B2,0,1,deuteron,1000010020,106.84336632715618,56.82121233515173,8.880516054486172,10.920729268750309,6,2,333.6888809776824
11985,2212,69.96606535763462,0.0,B2,0,0,proton,2212,74.59827156036708,43.576917478047356,10.782875228140696,10.813189049534413,3,1,220.60522293589432
21869,2212,160.20158386385535,0.0,B8,6,0,proton,2212,86.94948141710026,42.096736850205986,7.041617761435951,7.672773822168145,5,4,465.60903695294775
29766,2212,156.20329642394643,0.0,B2,0,0,proton,2212,52.29244561618713,12.056047508775055,7.147866491468156,7.430433304083554,9,2,227.45677856891808
6630,2212,96.85109202312636,0.0,B2,0,1,deuteron,1000010020,119.63089359297439,57.38767499337925,8.837064553404383,10.698559714207196,3,2,333.4800147198141
16555,2212,58.38610414502474,0.0,B2,0,1,deuteron,1000010020,37.45021148430994,22.542217679400217,10.492168351943217,10.667011428514959,6,2,227.38161768312224
9510,2212,74.92685726474019,0.0,B2,0,1,deuteron,1000010020,34.326807444012495,34.326807444012495,11.031082955834187,11.031082955834187,1,1,109.43709826586019
16749,2212,60.02892354835872,0.0,B4,2,1,deuteron,1000010020,65.30649307305279,41.83065349354856,10.474402094023729,10.743590559855916,2,2,225.9441501915994
23692,2212,96.63318125629695,0.0,B2,0,1,deuteron,1000010020,57.396207394792555,57.396207394792555,12.394578506655519,12.394578506655519,1,1,109.42126490110095
26427,2212,162.6154941583436,0.0,B8,6,0,proton,2212,56.67599314100602,19.130354183042265,7.07123510952855,7.555528839667807,4,4,470.9062123630613
18083,2212,96.6802110143896,0.0,B2,0,1,deuteron,1000010020,124.89003024557181,60.129514202151995,8.817321414176128,10.608773189454878,3,2,334.10323267437025
14814,2212,162.57620309855594,0.0,B8,6,0,proton,2212,57.437642746555525,19.640894383152283,7.0496096887869,7.531874964551036,4,4,470.6445667636405
19875,2212,105.55510701614745,0.0,B4,2,0,proton,2212,102.56768547996946,46.20691471942076,8.705600672100147,10.41505860208107,3,2,337.13685661689885
23757,2212,154.001699212688,0.0,B8,6,0,proton,2212,77.3072323524049,35.1865339249185,7.1397542083859316,7.743288848008799,4,4,463.5622396594878
9997,2212,166.7312612473188,0.0,B8,6,0,proton,2212,55.05000300608852,18.74349578814555,7.025841053067356,7.509884251096391,4,4,473.27155147667816
11218,2212,107.40566336734945,0.0,B2,0,1,deuteron,1000010020,93.31981182919853,39.87296731996296,8.634376872612625,10.655511477583174,3,2,337.4077979435487
12544,2212,164.3429534790259,0.0,B4,2,0,proton,2212,22.615839125451384,11.731178046602164,6.986894902753845,7.122659873580535,2,2,226.82211479578154
29158,2212,84.29826278199062,0.0,B2,0,1,deuteron,1000010020,42.61790964936554,42.61790964936554,11.593349976507566,11.593349976507566,1,1,109.55810746768375
24943,2212,166.06727262345075,0.0,B8,6,0,proton,2212,53.59704841818207,17.228936346677916,7.02949391137492,7.501027336993185,4,4,472.74529066779525
20010,2212,141.4259132468785,0.0,B6,4,0,proton,2212,53.050531293060295,23.913371098820466,7.432209990204673,7.800466735368488,3,3,343.77064667204394
17281,2212,146.31008063136727,0.0,B2,0,1,deuteron,1000010020,113.88117066168803,39.95890615214868,7.274123937199716,11.537566234790257,5,4,574.1786572624892
14502,2212,96.93796451773242,0.0,B2,0,1,deuteron,1000010020,117.77995173744266,59.37994669490678,8.722275257078616,10.65320133130356,3,2,333.1632987156383
20350,2212,118.08648629962438,0.0,B2,0,1,deuteron,1000010020,51.11412658701259,51.11412658701259,13.963505681393379,13.963505681393379,1,1,111.17006227483432
27219,2212,139.19415938939105,0.0,B6,4,0,proton,2212,54.70842592606556,25.087366801381958,7.471113044369177,7.847072532624119,3,3,343.1391832203723
14025,2212,73.3921814851484,0.0,B2,0,1,deuteron,1000010020,62.75463450935424,33.56156871741829,10.325073008636094,10.696404740685129,2,1,220.43914163503433
21614,2212,83.07014292684951,0.0,B2,0,1,deuteron,1000010020,109.35978765571507,65.55817687901764,9.814362821736482,10.935758916220626,2,1,218.68429572147934
4779,2212,133.95202007895023,0.0,B6,4,0,proton,2212,62.80104561332729,21.963666346331017,7.65589106877798,8.161901850378142,5,4,468.9853837700288
9146,2212,71.22213771680575,0.0,B2,0,1,deuteron,1000010020,33.10606897590437,33.10606897590437,10.984743037856441,10.984743037856441,1,1,110.32738471179275
19616,2212,62.08560452861895,0.0,B4,2,1,deuteron,1000010020,66.7541691363974,43.57017383316688,10.518518850409176,10.794170359921752,2,2,225.83951947803428
5567,2212,78.75475924804503,0.0,B2,0,1,deuteron,1000010020,71.22181080175798,37.40416777126026,10.301304904315487,10.844367098269712,2,1,219.04527385351093
188,2212,95.71792164874095,0.0,B2,0,1,deuteron,1000010020,84.39941770647056,59.28515892568139,8.960129362931994,11.34343875202542,2,1,219.0936470601758
11104,2212,152.75195528606565,0.0,B8,6,0,proton,2212,90.05588458655257,46.277156956044976,7.148943029439453,7.7954681846287235,4,4,461.6757630232592
27635,2212,55.89009783306057,0.0,B4,2,1,deuteron,1000010020,62.49772284610121,40.53441371767977,10.391014902497107,10.658419090790984,2,2,227.9385234138187
6386,2212,108.66228685280369,0.0,B2,0,1,deuteron,1000010020,85.95737884839048,38.88490598656895,8.382778055055535,10.61272093874003,4,2,223.8519917059941
20776,2212,66.25865923057367,0.0,B4,2,1,deuteron,1000010020,89.92783195571873,65.66821825468197,10.646095514916384,10.964200912865211,2,2,223.88095318619565
21744,2212,55.74854616504352,0.0,B4,2,0,proton,2212,82.45335172587626,29.671512923983595,10.33855025057056,10.692118914633303,6,2,226.6771911592742
6482,2212,81.50838856895055,0.0,B2,0,0,proton,2212,84.07080019736054,43.42383959565097,9.898916994851069,10.61788771947784,2,1,218.8637795535701
9326,2212,125.5137809411568,0.0,B2,0,0,proton,2212,13.477814494386788,13.477814494386788,7.893265792735605,7.893265792735605,1,1,112.50510257289268
29505,2212,70.9474283096437,0.0,B2,0,1,deuteron,1000010020,50.29893796950367,32.125128398881714,10.948465405949062,11.461644640850857,2,1,220.42510204589428
3480,2212,151.5406173856081,0.0,B8,6,0,proton,2212,84.82853867571131,38.90290266317302,7.186929066043677,7.816829352558571,4,4,464.002527564037
4213,2212,90.44148290917352,0.0,B2,0,1,deuteron,1000010020,77.77142083160098,51.30995801119429,9.069513711282427,10.95814301353382,2,1,218.34443210278698
6717,2212,57.87996523217909,0.0,B4,2,1,deuteron,1000010020,60.89616191126941,38.66858795047123,10.37220306874016,10.635011074864838,2,2,225.77260372034635
21598,2212,106.9375872127159,0.0,B2,0,1,deuteron,1000010020,92.66340616345386,39.11574081165455,8.614139973922109,10.599032955373994,3,2,337.2213899697901
16563,2212,170.31073277540776,0.0,B4,2,0,proton,2212,22.72340869698755,12.534563230033356,6.99698884953132,7.140762065962457,2,2,230.25484025326432
3351,2212,131.9830635737412,0.0,B6,4,0,proton,2212,53.376467974212446,23.902599464896063,7.744527804542754,8.114439000107362,3,3,347.90185557416
24094,2212,99.63709540980565,0.0,B2,0,1,deuteron,1000010020,118.36048534858239,53.37852030479835,8.806348875863735,10.671262904136404,3,2,334.87193424586854
88,2212,80.33412795007322,0.0,B2,0,0,proton,2212,76.53919283817598,38.71781132641259,10.066226068412634,10.689947243322294,2,1,218.8440780835697
1169,2212,168.29936293118044,0.0,B8,6,0,proton,2212,55.05818587506926,17.922616568518954,7.026629216600075,7.496036481384138,4,4,474.926485535168
21771,2212,153.33642641748756,0.0,B4,2,0,proton,2212,35.81904721000028,13.564448996866748,7.12822472849778,7.40552217698227,3,3,341.08302328771947
12615,2212,125.75916274075391,0.0,B2,0,0,proton,2212,2.5473655144365126,2.5473655144365126,7.952212467977761,7.952212467977762,1,1,112.18135377024521
13112,2212,53.96953229972651,0.0,B4,2,1,deuteron,1000010020,58.93276955910069,36.594228383478274,10.349787872333284,10.605508835059318,2,2,227.8802584413151
819,2212,90.34282611188215,0.0,B2,0,1,deuteron,1000010020,79.92535748551178,53.107917285123115,9.0467184711413,10.95377770591943,2,1,218.36540749413996
23292,2212,113.82318020304179,0.0,B2,0,1,deuteron,1000010020,34.235541474543695,12.117458926443538,13.438704598983756,13.502854587350942,7,1,110.96068531434054
20513,2212,66.31025742108432,0.0,B4,2,1,deuteron,1000010020,80.02779630102508,56.609127003505385,10.653512878973974,10.960172770163968,2,2,224.01730541187456
588,2212,169.1996483838048,0.0,B6,4,0,proton,2212,49.33871853219401,13.793638493700934,6.982887436850281,7.415448543402228,4,4,473.8954767609914
27006,2212,147.57430995193965,0.0,B6,4,0,proton,2212,71.51363441643481,21.625642222389125,7.298339448603864,7.854358366669759,4,4,463.94555379567123
11994,2212,123.30822819689324,0.0,B2,0,1,deuteron,1000010020,63.09505409406221,63.09505409406221,14.677870093019573,14.677870093019573,1,1,111.5418207151107
13564,2212,53.309392513632815,0.0,B2,0,0,proton,2212,58.63173123001455,34.580421997759565,10.301634746400074,10.408278596031609,8,2,121.51425917155196
3696,2212,63.870142106192574,0.0,B4,2,1,deuteron,1000010020,75.1128795375591,51.0527259092192,10.587397300936784,10.879045392600037,2,2,224.79054539058887
3209,2212,150.68512686899481,0.0,B8,6,0,proton,2212,80.6900286317271,32.857673295205736,7.177046610272278,7.7819251361922674,4,4,461.4824648425267
10398,2212,85.65405057240717,0.0,B2,0,1,deuteron,1000010020,79.36181769619861,43.0662376130596,9.454551585632455,10.66609044938472,2,1,218.3059001811696
11060,2212,165.73548802152473,0.0,B8,6,0,proton,2212,53.22930983997715,17.880086469428647,7.024811299465967,7.512458831997272,4,4,472.24037294624327
9936,2212,144.3152071333776,0.0,B6,4,0,proton,2212,94.40901561165305,25.603609085083,7.337027797490396,7.8722622595731915,7,3,342.4422291590693
25544,2212,109.61970261703934,0.0,B2,0,1,deuteron,1000010020,40.97109310113806,40.97109310113806,13.198049604798502,13.198049604798504,1,1,109.94589786649996
29468,2212,53.74735056815743,0.0,B2,0,1,deuteron,1000010020,39.905752622815406,12.807326584094792,10.362720496459875,10.453997120618144,7,1,112.3229988729004
24262,2212,117.53453760527537,0.0,B2,0,1,deuteron,1000010020,58.82993763552709,58.82993763552709,14.192011508556487,14.192011508556487,1,1,111.11351553356867
2851,2212,126.28232399629789,0.0,B2,0,0,proton,2212,13.841262697422817,13.841262697422817,7.910405071280807,7.910405071280807,1,1,112.6180394684734
9405,2212,53.907547461038554,0.0,B2,0,0,proton,2212,58.22169746762853,29.04314252026677,10.294090433123069,10.296602769119831,6,1,111.0526387142642
9913,2212,152.0522899932574,0.0,B8,6,0,proton,2212,88.16919407024784,44.5532241431083,7.118467666641469,7.766324545990227,4,4,460.84189554642904
21429,2212,161.4382796885219,0.0,B6,4,0,proton,2212,39.227443821674385,15.089141284221986,7.013171108351298,7.311064812982828,3,3,344.50058933159795
8402,2212,127.9734815558063,0.0,B6,4,0,proton,2212,55.19243718830233,24.96710019613664,7.804660456653906,8.184428680207638,3,3,347.4884945027407
7951,2212,151.80097590969638,0.0,B8,6,0,proton,2212,84.86283317161798,39.645274798775056,7.2019839340717935,7.8316895955492205,4,4,463.9626532962855
344,2212,158.8250531884623,0.0,B8,6,0,proton,2212,71.22813024780521,29.406849104929083,7.0969134276047185,7.664582364552121,4,4,466.6132034170079
6998,2212,86.72528896895099,0.0,B2,0,1,deuteron,1000010020,94.55264328586065,50.657160454689716,9.636525568059422,10.775250916207575,2,1,218.71891697869495
22348,2212,116.12323366029136,0.0,B2,0,1,deuteron,1000010020,48.408470077480274,48.408470077480274,13.81019993852481,13.81019993852481,1,1,110.81812709171012
13102,2212,63.2121271780999,0.0,B4,2,1,deuteron,1000010020,68.4676824142733,45.35050679096799,10.519528287881691,10.800507551143323,2,2,224.3293695973424
20743,2212,82.95351583186739,0.0,B2,0,1,deuteron,1000010020,75.27359074572861,40.2857343497999,9.454589811717188,10.514606410905722,2,1,218.3780584448366
28968,2212,113.36819080714875,0.0,B2,0,1,deuteron,1000010020,44.29074862041459,44.29074862041459,13.6002307264338,13.600230726433798,1,1,110.85779287162002
17326,2212,147.65508639095867,0.0,B2,0,1,deuteron,1000010020,111.13072345139024,34.43416274552395,7.232003390466141,11.150793429239089,5,4,573.4574615988668
13960,2212,62.20139114837908,0.0,B4,2,1,deuteron,1000010020,67.70858876784015,43.6179165904183,10.487730472713332,10.75951175861269,3,2,224.9156531269358
3933,2212,102.17904804262268,0.0,B2,0,0,proton,2212,36.30617017366428,16.48257110249584,8.660210724360635,10.927572800690225,8,1,221.7315117992403
17349,2212,155.1522098557572,0.0,B8,6,0,proton,2212,86.16399443590711,42.62951565336844,7.13575092010104,7.766427545503992,4,4,464.92287788183614
4928,2212,85.0722844566532,0.0,B2,0,1,deuteron,1000010020,42.70716717971949,42.70716717971949,11.728171945781066,11.728171945781066,1,1,109.95604302929084
14240,2212,64.60681153906617,0.0,B4,2,1,deuteron,1000010020,69.58943359621928,46.60418020684984,10.606830679535337,10.892470732470663,2,2,225.33529177472658
17320,2212,165.13098135595396,0.0,B8,6,0,proton,2212,55.05584244506156,17.983348245831454,7.045262203801152,7.522133052081146,4,4,472.15424512827036
21085,2212,154.05958467386836,0.0,B8,6,0,proton,2212,79.09860169934424,36.531049140642345,7.135986374077785,7.741056317248026,4,4,464.2966934587765
27425,2212,166.36336351373896,0.0,B8,6,0,proton,2212,53.64245279058822,17.551759944959304,7.023935345717898,7.500456186378032,4,4,473.69324913817456
21945,2212,53.490982282291206,0.0,B4,2,1,deuteron,1000010020,58.19197780569919,36.237829870347966,10.368870956294588,10.624139001447627,2,2,228.63085909363525
23904,2212,127.10661548479541,0.0,B6,4,0,proton,2212,46.602121965129825,17.308509243872518,7.835703395415685,8.18183926225575,3,3,348.3683460301372
11335,2212,119.57530618246707,0.0,B2,0,1,deuteron,1000010020,52.450866631054836,52.450866631054836,14.16409260011703,14.16409260011703,1,1,112.00150820668031
22426,2212,159.99541960419435,0.0,B8,6,0,proton,2212,69.66621087686762,27.878836572699296,7.070380796218279,7.625095233662656,4,4,466.06449611680864
18162,2212,161.86752852866084,0.0,B8,6,0,proton,2212,57.03999307148574,19.505747522541586,7.039702791617176,7.527948537396357,4,4,468.3242012184278
27583,2212,62.67555354084933,0.0,B4,2,1,deuteron,1000010020,75.39142325869477,51.15310758540549,10.55086287674194,10.84470956338497,2,2,225.3774266158682
17453,2212,58.88994638837656,0.0,B2,0,1,deuteron,1000010020,30.729174136186018,17.917412744063988,10.406364423069576,10.470787647416278,3,1,111.2336798974228
605,2212,84.74511840701264,0.0,B2,0,1,deuteron,1000010020,82.23678874110539,42.090516668592954,9.49338041730168,10.572757160604791,2,1,218.25959104369616
2403,2212,97.55856480196,0.0,B2,0,1,deuteron,1000010020,125.85398707801266,59.70267016803954,8.773408941808855,10.590718062324916,3,2,334.45792355024
5308,2212,138.6620010753071,0.0,B8,6,0,proton,2212,80.66671703110552,34.68626278361682,7.451347752727614,8.07575290601439,4,4,463.7528609537447
14184,2212,117.8318218073857,0.0,B2,0,1,deuteron,1000010020,52.808266775370136,52.808266775370136,14.060549892364385,14.060549892364385,1,1,111.20707959040513
10046,2212,130.39371141957065,0.0,B6,4,0,proton,2212,52.2764612225849,23.7735566422535,7.729928775417686,8.104722724466123,3,3,347.14029537718
12255,2212,142.8492183544132,0.0,B6,4,0,proton,2212,53.36717230166492,23.5762422129675,7.40685433441255,7.771497232797074,5,4,360.61231397474074
7492,2212,88.94764128654678,0.0,B2,0,1,deuteron,1000010020,48.69592343785557,48.69592343785557,11.819967178321088,11.819967178321088,1,1,109.56380444475155
10539,2212,78.90591681714126,0.0,B2,0,1,deuteron,1000010020,73.9238674630256,37.884965625040735,10.159252251604522,10.755751876359094,2,1,218.74116604929588
3273,2212,62.35034589796318,0.0,B4,2,1,deuteron,1000010020,68.46053996011636,45.406800059530674,10.552209089388494,10.8341357616596,2,2,225.73480592733978
27645,2212,64.85878641785179,0.0,B4,2,1,deuteron,1000010020,89.35308918880888,54.56233998805979,10.568739482166551,10.856936585100327,3,2,224.21542312699233
20990,2212,150.30249979846315,0.0,B8,6,0,proton,2212,84.11451185570044,39.26153039909299,7.1925339410455775,7.826529955607222,4,4,462.3262857630979
13503,2212,108.99718632739705,0.0,B2,0,1,deuteron,1000010020,75.65172123613618,40.05077658604044,8.370699479099725,10.926186004475685,3,2,338.2711140046599
21285,2212,160.67540022445695,0.0,B6,4,0,proton,2212,37.77680572891907,13.531379765650117,7.041048931379977,7.337971877813678,4,4,466.99100152484806
6258,2212,103.15648344838863,0.0,B2,0,1,deuteron,1000010020,34.331656865840394,34.331656865840394,12.465329525063094,12.465329525063094,1,1,109.55231034975888
7493,2212,162.31021220796273,0.0,B8,6,0,proton,2212,57.846920880971545,19.78114271823963,7.044264012104328,7.532722672512087,4,4,469.02898589930567
9893,2212,142.22591191147006,0.0,B6,4,0,proton,2212,52.51117266743563,22.72027913622594,7.391073080998423,7.750595167593882,3,3,341.99542490839116
21976,2212,99.62075956906745,0.0,B4,2,0,proton,2212,108.36190448689368,46.98699428185751,8.75999619060736,10.503639934553865,6,2,334.11634297477104
6542,2212,72.87995788074448,0.0,B2,0,1,deuteron,1000010020,59.306610820348666,32.69775860224029,9.974308761739369,10.52296118501916,2,1,219.80699900956944
27048,2212,116.91199097999589,0.0,B2,0,1,deuteron,1000010020,48.90863806922451,48.90863806922451,13.867909283317672,13.867909283317672,1,1,111.60398503524218
15341,2212,90.1128994129509,0.0,B2,0,1,deuteron,1000010020,55.148384924261656,40.15670425442236,12.01266473866398,12.080954213828965,5,1,109.60579441298768
16493,2212,91.47025302868381,0.0,B2,0,0,proton,2212,25.24571324263574,25.24571324263574,9.020736024145648,9.020736024145648,1,1,109.36371123907205
15239,2212,148.99803519277899,0.0,B6,4,0,proton,2212,47.150085795325936,19.70468744237712,7.261535107068783,7.599927178043756,3,3,343.2702439155389
4755,2212,163.1928486033403,0.0,B8,6,0,proton,2212,57.4035919181546,19.14913087990839,7.059232037519231,7.5389729725492405,4,4,471.02369710440286
18141,2212,52.844164606461966,0.0,B4,2,1,deuteron,1000010020,55.6000284051302,33.92456546973755,10.243524745273223,10.49154678774686,2,2,227.2027961270075
331,2212,97.02649344942711,0.0,B2,0,1,deuteron,1000010020,123.80554443794323,59.98367624573643,8.799198945968222,10.59131698635454,3,2,334.64471166499925
12722,2212,98.71636981709415,0.0,B2,0,1,deuteron,1000010020,113.18817573669503,57.800415085458,8.655640498463761,10.728405925119409,3,2,333.2977928135607
20485,2212,135.80871929767437,0.0,B8,6,0,proton,2212,75.79524193132661,28.27277647389988,7.572986916691007,8.171790849614958,4,4,466.88515064669787
19405,2212,161.97610423408634,0.0,B8,6,0,proton,2212,57.24253129626151,19.443546392744004,7.0568476633786315,7.543622455505996,4,4,469.5373184414354
7295,2212,113.61521965612273,0.0,B2,0,0,proton,2212,52.766065540113885,37.336512711024966,13.489630669219988,13.495098747978046,5,1,110.5432045596739
23488,2212,62.74613686252179,0.0,B4,2,1,deuteron,1000010020,76.21179658537585,50.62816254516194,10.560456321878977,10.858351685831863,3,2,225.51806065752498
9918,2212,170.52758915383959,0.0,B2,0,0,proton,2212,19.6867530110775,10.582409855205126,6.993857122121368,7.11421375791322,2,2,230.62634388597053
20802,2212,151.50102841626705,0.0,B6,4,0,proton,2212,71.23281947226317,22.147167155187056,7.187780288346058,7.75539767970206,4,4,464.07306907785767
19640,2212,165.5824459540612,0.0,B6,4,0,proton,2212,68.99235584934273,34.22093963623047,7.018391438653395,7.452182458820696,7,3,347.7799449923156
833,2212,53.625895916362495,0.0,B4,2,1,deuteron,1000010020,58.3330647788434,35.67555988131497,10.289782690480642,10.539531728918794,2,2,227.7145332467238
25044,2212,148.35689237421457,0.0,B8,6,0,proton,2212,77.91684646932798,30.842412142992703,7.28930536214348,7.891223150549162,4,4,465.05890757412016
26418,2212,90.38511775979886,0.0,B2,0,1,deuteron,1000010020,77.01191089979518,51.23343787907347,9.126103785445757,10.945616016075316,2,1,218.67835909014457
7661,2212,101.9920449636581,0.0,B2,0,1,deuteron,1000010020,90.88213281361816,51.97831835846118,8.742615020039848,11.098917441942875,3,2,335.89400042182183
22650,2212,120.53320711368201,0.0,B2,0,1,deuteron,1000010020,64.36407817167704,64.36407817167704,14.374989449228547,14.374989449228547,1,1,111.75419564274792
908,2212,168.10876453647143,0.0,B8,6,0,proton,2212,53.78998794398504,17.7776631008573,6.96817545990164,7.44231253895648,4,4,472.41048312647825
18499,2212,151.56967409278582,0.0,B8,6,0,proton,2212,85.58686144668616,40.76616016621983,7.160337067753243,7.794291097815024,4,4,461.7306393025659
17625,2212,51.74961882953413,0.0,B2,0,1,deuteron,1000010020,22.013621444307702,22.013621444307702,10.31055808840533,10.31055808840533,1,1,112.49873116329715
9446,2212,99.43802904021784,0.0,B2,0,1,deuteron,1000010020,116.60892205017817,56.556031771803156,8.692793511285803,10.663138388967292,3,2,334.47586475312266
13830,2212,58.28366606330722,0.0,B2,0,1,deuteron,1000010020,40.044599223155245,22.891051181321725,10.444645838110318,10.634942764094973,2,2,112.58627199062587
7547,2212,90.4706783160065,0.0,B2,0,1,deuteron,1000010020,88.84430094403636,39.94022084536558,9.049359810367754,11.073907075498695,6,1,218.44528349233414
3940,2212,99.2144848688493,0.0,B2,0,1,deuteron,1000010020,116.85825416415693,53.30802387259414,8.727817217857778,10.687208980027133,3,2,332.96023882235534
22459,2212,137.00040841810363,0.0,B8,6,0,proton,2212,73.33057633290531,24.275191521216783,7.551866822529436,8.127614276882966,4,4,467.3712346996258
21928,2212,53.21055269658878,0.0,B4,2,1,deuteron,1000010020,54.96329525312883,34.151828466474484,10.30553139347757,10.55731746554221,2,2,228.04804021378072
17276,2212,165.0359796011877,0.0,B8,6,0,proton,2212,55.10149722630413,18.23365356185883,7.01341478751916,7.488616805772291,4,4,470.55713314693224
12289,2212,132.89759171139627,0.0,B6,4,0,proton,2212,60.00176151807486,22.536104595122328,7.636057008282861,8.11209547471649,4,4,467.6990694176901
26016,2212,166.40314851723969,0.0,B8,6,0,proton,2212,55.10575568791491,18.444160709567544,6.989985132901213,7.471124766208539,4,4,471.6184578626717
26097,2212,156.55002412120854,0.0,B8,6,0,proton,2212,80.20483134559775,36.5341632133906,7.100054888284358,7.699936962800489,4,4,464.15814473725504
24678,2212,153.54847619757962,0.0,B8,6,0,proton,2212,89.66223701185994,45.98189110640632,7.13464375384246,7.778704976085679,4,4,463.13755714014474
19244,2212,160.2204107540028,0.0,B8,6,0,proton,2212,58.9331146526108,19.651319164427917,7.038065792287162,7.5205106269543025,4,4,466.7208285563853
21366,2212,77.21180514370963,0.0,B2,0,1,deuteron,1000010020,60.97179059056112,34.92575749673018,9.90092514112035,10.65545800731562,2,1,219.29158938278064
4707,2212,163.5599352975537,0.0,B8,6,0,proton,2212,56.12156896972908,19.605845128011236,6.9967998148052,7.487089215483505,4,4,467.5764100091826
26401,2212,99.27101709870111,0.0,B2,0,1,deuteron,1000010020,106.8316520299,56.95622746481759,8.683409122996531,10.793161160556206,3,2,334.25629720191705
27310,2212,125.51714187774813,0.0,B2,0,0,proton,2212,19.7709833421206,13.530368956467242,7.904886518796651,8.0002702298377,2,2,228.74700374732708
26225,2212,135.02993732746475,0.0,B4,2,0,proton,2212,84.56995018737382,43.65780397531327,7.557243160168818,7.850176894359926,3,2,226.75778832077867
8414,2212,71.42433696698468,0.0,B2,0,1,deuteron,1000010020,31.865588494052176,31.865588494052176,10.882905533317158,10.882905533317158,1,1,109.42872841791257
6283,2212,85.44058048897782,0.0,B2,0,1,deuteron,1000010020,81.45620436022612,44.057372027117815,9.506629319295378,10.654198113997444,2,1,218.42268292069164
18067,2212,82.7269351236697,0.0,B2,0,0,proton,2212,88.18554164807901,47.79261182199362,9.71104580083315,10.483264073882538,2,1,218.82976828017917
17821,2212,75.98745877993669,0.0,B2,0,1,deuteron,1000010020,60.22315755204825,34.92248972482251,9.886599192881722,10.581647409963713,2,1,219.52986044990175
29594,2212,134.86522170643002,0.0,B4,2,0,proton,2212,26.067975100389294,14.118140610419065,7.556937728100334,7.712042037596515,2,2,226.05569158325744
16566,2212,154.87451448033238,0.0,B8,6,0,proton,2212,91.28845263935071,48.08847144991478,7.13653005555652,7.791527291196007,5,4,463.7762289124181
25876,2212,145.39985355206528,0.0,B2,0,1,deuteron,1000010020,105.89442018891786,37.554065338816216,7.340763400330882,11.755478897066634,5,4,575.5993088170887
12696,2212,125.97783320804122,0.0,B4,2,0,proton,2212,30.346895588860978,16.959046185664196,7.973323389929152,8.143003207146531,2,2,230.30534156237903
13201,2212,168.0988679192369,0.0,B8,6,0,proton,2212,54.29397494602009,17.258824657063855,6.965839029418685,7.432998889976736,4,4,471.5077311315449
947,2212,111.03424100469972,0.0,B2,0,1,deuteron,1000010020,40.26360857466587,40.26360857466587,13.108600544006212,13.108600544006212,1,1,110.05574187532386
13387,2212,135.26450686239514,0.0,B6,4,0,proton,2212,48.0512972095035,20.316523547663,7.598667189476972,7.946597591680898,3,3,345.32122493521365
3938,2212,154.94644300640437,0.0,B8,6,0,proton,2212,91.81264172250897,46.854325564840565,7.121489953904448,7.76636581599543,5,4,464.23413312693754
4461,2212,58.68867659478787,0.0,B4,2,1,deuteron,1000010020,64.70017064178154,41.323985543152126,10.416992717028219,10.687234237670467,3,2,225.76085674804625
25309,2212,87.50728062931722,0.0,B2,0,1,deuteron,1000010020,45.468400804613125,45.468400804613125,11.742725212490509,11.742725212490509,1,1,109.41751202347969
24111,2212,142.41882339265777,0.0,B4,2,0,proton,2212,44.2440005672438,31.850639127265115,7.355303019883264,7.579402259141045,2,2,110.40444726668333
29742,2212,119.32170738338341,0.0,B2,0,1,deuteron,1000010020,59.32210239825239,59.32210239825239,14.169557751110574,14.169557751110574,1,1,110.93566384116157
23158,2212,66.10759813086631,0.0,B4,2,1,deuteron,1000010020,76.45257606397672,52.92883467075787,10.609915597168692,10.909220445324399,2,2,223.56434977534013
7125,2212,142.5545476968434,0.0,B4,2,0,proton,2212,49.04374732236426,16.751049617349047,7.400214274535876,7.551496048738992,5,2,114.54759003912024
1062,2212,159.20637783560954,0.0,B8,6,0,proton,2212,76.87560461229995,33.65891909314531,7.079699320967521,7.6772002474226815,5,4,466.64206533621916
14267,2212,145.328111600917,0.0,B6,4,0,proton,2212,60.13514959174418,21.798925717979046,7.325177067529016,7.7938658344875265,5,4,463.62369187205724
21778,2212,135.1998251541427,0.0,B8,6,0,proton,2212,71.55206477047176,22.44817585082432,7.602876889409711,8.169944229910536,4,4,468.1786002523059
2116,2212,109.77863970161934,0.0,B2,0,1,deuteron,1000010020,43.216795011907564,43.216795011907564,13.269372185202574,13.269372185202574,1,1,110.19368112614794
1966,2212,102.34250168248344,0.0,B2,0,1,deuteron,1000010020,50.94497804142655,50.94497804142655,12.8185047510528,12.818504751052798,1,1,109.91800868389153
17397,2212,77.95575999039451,0.0,B2,0,1,deuteron,1000010020,63.500516827445544,28.617200612615434,11.307175992415107,11.416856515434862,4,1,110.03702323876752
20519,2212,154.40662607232045,0.0,B8,6,0,proton,2212,82.97500721873041,40.169573095244445,7.138908319465405,7.763012050427507,4,4,463.84495939345015
8535,2212,130.28119714240063,0.0,B6,4,0,proton,2212,52.827409471699355,24.200839204986192,7.785403870731482,8.159177824441684,3,3,348.03584326638884
25829,2212,169.15859798565265,0.0,B6,4,0,proton,2212,37.04477720053191,14.164017815694283,6.972447768757151,7.264452886098259,4,3,349.69624541228075
11503,2212,65.74508521301767,0.0,B4,2,1,deuteron,1000010020,76.6054604739993,53.22859242838712,10.64107970921387,10.941469592563353,2,2,224.35199185997524
6572,2212,112.16631192687355,0.0,B2,0,1,deuteron,1000010020,40.52966826264021,40.52966826264021,13.234545748370175,13.234545748370175,1,1,110.42308162742802
13518,2212,74.16418472552192,0.0,B2,0,1,deuteron,1000010020,61.70044328766583,33.1671440724534,10.260983280101561,10.664707952226571,2,1,219.99938621058283
11570,2212,146.9257566573113,0.0,B8,6,0,proton,2212,70.22765558038726,21.279721901547365,7.28993892411571,7.840306855161172,4,4,463.2664635676086
8241,2212,64.94731497122984,0.0,B4,2,1,deuteron,1000010020,69.03467677054508,45.997268607739805,10.576882222627507,10.861420015529863,2,2,224.7455374128446
27468,2212,126.74634887397359,0.0,B4,2,0,proton,2212,30.255358553585353,16.836768940265944,7.850990675009562,8.018654458721848,2,2,227.736819289591
24421,2212,75.90477890055865,0.0,B2,0,0,proton,2212,72.61627196164591,37.839089514595614,10.109607889966203,10.584934376765855,2,1,219.02809222991525
3317,2212,103.93727703184376,0.0,B4,2,0,proton,2212,99.73027608855458,43.93739773070266,8.73640016833309,10.39458567750756,3,2,336.4545742232018
26217,2212,88.81033708679573,0.0,B2,0,1,deuteron,1000010020,78.77761189999822,49.880353479651205,9.236961445275034,10.875892877743093,2,1,218.50416061608084
12486,2212,86.13638421708022,0.0,B2,0,1,deuteron,1000010020,84.30441046229787,46.7362911261072,9.61589028276196,10.767553670466276,2,1,218.7501098069766
5470,2212,81.34364655756764,0.0,B2,0,1,deuteron,1000010020,38.05860632093272,38.05860632093272,11.359949019473467,11.359949019473467,1,1,108.91185617669296
25198,2212,108.79650861267592,0.0,B2,0,1,deuteron,1000010020,55.47507408586593,39.98390566395569,8.490408058961584,11.811173189331432,2,1,222.9259405622831
18844,2212,58.92153292413176,0.0,B2,0,1,deuteron,1000010020,36.52164235736056,15.442344224569432,10.444607359598075,10.522384624374153,3,1,111.30273291566505
13015,2212,59.7867257810156,0.0,B4,2,1,deuteron,1000010020,82.72369040870745,35.71283744149109,10.48331644500389,10.857875113780812,4,2,226.22306227581856
25159,2212,102.82369446363056,0.0,B2,0,1,deuteron,1000010020,63.155310011156004,36.82017427897957,8.747503702488173,11.098783207113783,3,2,335.7669438992399
9565,2212,67.33506325156256,0.0,B4,2,1,deuteron,1000010020,88.87710806200684,64.68122119798947,10.731277407433437,11.049293490914,2,2,224.59733023670475
17600,2212,128.40603840076804,0.0,B6,4,0,proton,2212,56.357955557921386,26.23073384245766,7.863498295654602,8.25173670566069,3,3,349.00409846622034
19925,2212,52.24168230736543,0.0,B4,2,1,deuteron,1000010020,57.11127352482658,34.982495773831,10.224317795908322,10.472377258679332,2,2,227.38639209438247
26515,2212,142.33728109400042,0.0,B6,4,0,proton,2212,52.943873833195006,24.155473346557713,7.422315758588942,7.793051119268149,3,3,343.48071271852893
6072,2212,105.85824314609178,0.0,B4,2,0,proton,2212,103.45087976491538,46.016264330175424,8.781710643643937,10.485765189464429,3,2,338.2593274634143
12091,2212,116.09295885175595,0.0,B2,0,1,deuteron,1000010020,51.53063496103082,51.53063496103082,13.930127062805793,13.930127062805791,1,1,111.19608048138764
17716,2212,93.404800789807,0.0,B2,0,1,deuteron,1000010020,87.52025482358665,62.64188336709195,9.117568949794164,11.25804625004982,2,1,219.40033383207845
17190,2212,105.89205200910601,0.0,B4,2,0,proton,2212,104.20056532339399,46.52194274709494,8.746483622761414,10.466542688127845,3,2,337.62411215387
26802,2212,83.69549492128715,0.0,B2,0,1,deuteron,1000010020,42.19409880107562,42.19409880107562,11.47892998048633,11.47892998048633,1,1,108.8975532650226
24587,2212,73.34501844087103,0.0,B2,0,1,deuteron,1000010020,60.72224253969989,33.39595631167782,10.086736083129502,10.557009833328353,2,1,220.35053192036656
22956,2212,165.88703115706807,0.0,B8,6,0,proton,2212,53.68412550982707,18.10437950926612,7.0193034994994905,7.498409783740567,4,4,471.99769964117775
4565,2212,156.8458316572145,0.0,B8,6,0,proton,2212,71.30870367823509,29.57976709399487,7.065391794642446,7.633979859210718,4,4,462.6925076862794
3837,2212,162.98034462697274,0.0,B8,6,0,proton,2212,55.49342989771958,18.468873087888426,7.0333633470546015,7.509602814634944,4,4,470.49432708646884
7398,2212,150.81628928625696,0.0,B8,6,0,proton,2212,84.920411107252,38.6406502076487,7.232187570576011,7.8576254708627316,4,4,465.08738931534367
21103,2212,119.35036111485513,0.0,B2,0,1,deuteron,1000010020,50.9722679049843,50.9722679049843,14.02007234824545,14.020072348245451,1,1,111.48951868320094
10165,2212,163.07765794248178,0.0,B8,6,0,proton,2212,55.110759737020665,18.848150240911792,7.038107616843862,7.521612748101268,4,4,470.4297074269586
3924,2212,90.51530306741198,0.0,B2,0,1,deuteron,1000010020,84.35796438823489,56.95104133823229,9.287141438084163,11.076191061215656,2,1,218.93870009459812
3330,2212,77.35260759146543,0.0,B2,0,1,deuteron,1000010020,36.66623153793775,36.66623153793775,11.25380507332,11.25380507332,1,1,109.44816552894557
19084,2212,78.54073279403539,0.0,B2,0,1,deuteron,1000010020,70.20771184140995,37.02090729851186,9.973018398416553,10.626531071033469,4,1,219.09939287189644
25661,2212,121.88662574635325,0.0,B2,0,1,deuteron,1000010020,58.17620793295559,58.17620793295559,14.25016407670667,14.25016407670667,1,1,111.34700028922425
8977,2212,153.1041753084011,0.0,B6,4,0,proton,2212,57.54753381527539,18.56520028478572,7.1328391703229075,7.5937268519775145,5,4,463.062181881011
10832,2212,84.0077649090776,0.0,B2,0,1,deuteron,1000010020,73.81480644245457,40.48202564671888,9.423418438857144,10.54023656743393,2,1,218.4808676347797
29715,2212,130.12610523151585,0.0,B6,4,0,proton,2212,51.30519236691255,22.91598896009845,7.726107425906367,8.095519960518292,3,3,346.4014146136806
15662,2212,134.69338131528352,0.0,B8,6,0,proton,2212,74.70839854852365,27.322304878499313,7.534228069747147,8.130779227329839,4,4,464.7784850171662
14261,2212,71.00418090058133,0.0,B2,0,1,deuteron,1000010020,31.881782929656268,31.881782929656268,10.981800265256616,10.981800265256616,1,1,110.32535419162166
3242,2212,144.45874245422405,0.0,B6,4,0,proton,2212,66.98612573957445,21.80634358904971,7.29260467219841,7.828571182733176,5,4,461.3743815360253
17057,2212,151.64524764647769,0.0,B8,6,0,proton,2212,85.5046993843279,39.2053105574567,7.1628125366652196,7.791698327894468,4,4,463.0206901683025
7467,2212,118.19582054566897,0.0,B2,0,1,deuteron,1000010020,58.758641307613914,58.758641307613914,14.215641152421268,14.215641152421268,1,1,111.05507792553219
18505,2212,50.68230494038699,0.0,B2,0,1,deuteron,1000010020,12.207757350620827,12.207757350620827,10.254245557858374,10.254245557858374,1,1,112.4205096731217
13351,2212,153.90920604518217,0.0,B8,6,0,proton,2212,90.55142316507536,44.7557469726588,7.1666814544072945,7.804027067991038,4,4,464.64097466869714
24435,2212,125.43776910629997,0.0,B2,0,0,proton,2212,16.510265415865476,12.76433780265765,7.930830740773163,7.999333553342334,2,2,228.48310239859404
24156,2212,113.267282183212,0.0,B2,0,1,deuteron,1000010020,48.37659828500528,48.37659828500528,13.77974403623541,13.779744036235412,1,1,111.4002803932926
1297,2212,81.08222896722064,0.0,B2,0,0,proton,2212,114.75783051840655,41.840700831553725,9.935847712683458,10.925156477086707,5,1,218.82478630420167
751,2212,109.68879206650452,0.0,B2,0,1,deuteron,1000010020,45.71142287417035,40.83967519576336,8.388431540335409,12.681646816507365,2,1,222.74732984025584
7715,2212,160.87823009891335,0.0,B8,6,0,proton,2212,58.777638241947486,20.0950569720753,7.055166269588264,7.543399950706371,4,4,469.0116414409043
19719,2212,59.29381912386652,0.0,B4,2,0,proton,2212,85.69171235159526,28.708431002201333,10.456920952543589,10.830673100276496,6,2,226.31551305759547
16347,2212,156.5762452796784,0.0,B8,6,0,proton,2212,75.91636912281595,33.73645547895797,7.084999532018077,7.673703598838599,4,4,463.32582126069315
11180,2212,145.99477613076192,0.0,B2,0,1,deuteron,1000010020,96.70430232375759,34.159598999529,7.277676517873779,12.051192684539224,5,4,573.4719222377928
21840,2212,89.05332068880142,0.0,B2,0,1,deuteron,1000010020,76.02841532193332,47.71397079130909,9.159458340793527,10.784450651426145,2,1,218.53335991167359
264,2212,56.45378633886568,0.0,B4,2,1,deuteron,1000010020,61.219176745029,38.35276607990288,10.306087644976603,10.564745237759224,2,2,225.76877487535984
9399,2212,152.04329984026953,0.0,B6,4,0,proton,2212,73.6607780959583,20.780953736461043,7.204399878411525,7.703973074533067,10,3,228.25891464628182
14622,2212,56.84127713245903,0.0,B4,2,1,deuteron,1000010020,62.91471205262024,39.046815359992465,10.401679267104651,10.660674963281894,2,2,226.71986452780857
24384,2212,97.56648564450714,0.0,B2,0,1,deuteron,1000010020,121.76713381263124,57.29684972260451,8.749294277324799,10.629760984872643,3,2,333.24250505919457
24280,2212,112.52564182857304,0.0,B2,0,1,deuteron,1000010020,42.99236955405454,42.99236955405454,13.393506312014718,13.39350631201472,1,1,110.28272230208445
16998,2212,65.67208508037739,0.0,B4,2,1,deuteron,1000010020,74.35319182709503,50.427752825827774,10.631638678910834,10.92334380958584,2,2,225.0965477642377
13615,2212,95.80136178085314,0.0,B2,0,0,proton,2212,25.6043007023286,25.6043007023286,8.961992043387092,8.961992043387092,1,1,109.13719316694649
21163,2212,72.72624130159181,0.0,B2,0,1,deuteron,1000010020,33.74742893360946,33.74742893360946,11.012402114977606,11.012402114977606,1,1,109.58460448960304
21903,2212,106.83355039118454,0.0,B2,0,1,deuteron,1000010020,89.86696122360621,37.7512943684554,8.618364309219311,10.508040505428024,3,2,337.61889071132487
11191,2212,136.16686576780694,0.0,B8,6,0,proton,2212,73.97197121360409,26.492233566867238,7.551146327446382,8.139733101529979,4,4,466.3636772199329
5907,2212,115.76235667935148,0.0,B2,0,1,deuteron,1000010020,48.4164008844206,48.4164008844206,13.751992722518736,13.751992722518736,1,1,110.50466391616699
17180,2212,80.90408320463249,0.0,B2,0,0,proton,2212,80.65673576162078,41.9453497981943,9.92091618866872,10.602816447454344,2,1,218.8597561100401
24391,2212,127.40584056650668,0.0,B4,2,0,proton,2212,68.25404234128717,33.483548309458655,7.86225510164013,8.125961075450569,3,2,229.03116623935352
17911,2212,155.77286834533427,0.0,B8,6,0,proton,2212,90.22902895093478,46.23806928786111,7.129492245201935,7.772639991711069,4,4,464.4615410270943
11586,2212,51.94224259097638,0.0,B2,0,1,deuteron,1000010020,17.077921630887836,17.077921630887836,10.333325612954654,10.333325612954654,1,1,112.77419630254307
8426,2212,115.40337822460252,0.0,B2,0,1,deuteron,1000010020,45.3860156319924,45.3860156319924,13.678288499721099,13.6782884997211,1,1,111.49109461256128
5720,2212,91.65154405509706,0.0,B2,0,0,proton,2212,27.427448718111968,27.427448718111968,9.181017389174936,9.181017389174936,1,1,109.9407745484386
7277,2212,133.32889648096474,0.0,B6,4,0,proton,2212,51.6336868847406,23.052707658917722,7.629430177979483,7.9968444330527335,4,3,344.82729427764707
22451,2212,148.38036547891744,0.0,B8,6,0,proton,2212,81.46060333170568,34.996373240905044,7.2549067774361635,7.87663758709586,4,4,464.1558933869385
6168,2212,138.84538461200515,0.0,B8,6,0,proton,2212,71.82139797638351,22.79241260195193,7.467692236076297,8.036584441699155,4,4,464.8501194516675
10827,2212,89.07569768964767,0.0,B2,0,1,deuteron,1000010020,84.36082415163861,51.96698008838459,9.421641177195156,10.93566933209668,2,1,218.81466202316193
4200,2212,68.69611869093382,0.0,B2,0,1,deuteron,1000010020,70.94632309340201,24.376462889596908,10.72336777083517,10.806633092678302,3,1,221.1603663542499
27987,2212,144.71948719757364,0.0,B6,4,0,proton,2212,60.849953941465486,21.47290497567247,7.333016372406745,8.03839031722987,5,4,574.8922064944014
16735,2212,100.59233457758674,0.0,B2,0,1,deuteron,1000010020,102.4908756073581,53.853408099198894,8.573608959292295,10.85264607686455,3,2,333.0007940176964
27944,2212,129.01921057965535,0.0,B6,4,0,proton,2212,47.12173934143937,16.4553058595408,7.788029706386197,8.132312405346791,4,3,348.10076449996063
3562,2212,60.081008159816804,0.0,B4,2,1,deuteron,1000010020,63.423792100902325,40.976587421563195,10.488550447251011,10.758851765465865,2,2,226.4083206665776
8131,2212,167.58563341786444,0.0,B8,6,0,proton,2212,55.049269295903045,18.719167470836222,6.981721700183584,7.460546421688084,4,4,472.3924772915919
18489,2212,55.300319055880585,0.0,B4,2,1,deuteron,1000010020,57.34628871532475,35.66111829143035,10.37316239525112,10.62882045642833,2,2,227.7431704899349
27927,2212,108.34686021703077,0.0,B2,0,1,deuteron,1000010020,59.851389500802625,39.136323630451706,8.437161521920245,11.388207538328556,3,2,339.2938211583994
9091,2212,100.80715550169613,0.0,B2,0,1,deuteron,1000010020,51.623929362070875,51.623929362070875,12.77874190688404,12.778741906884042,1,1,109.78203112675783
12769,2212,102.0778964554392,0.0,B2,0,1,deuteron,1000010020,113.87286099918342,54.63167595587259,8.67940509231836,10.692620841369706,3,2,335.3138906950933
26602,2212,131.39350520911236,0.0,B6,4,0,proton,2212,51.978877245489706,22.938360570779324,7.720047226342912,8.086247461972013,3,3,346.45067066428385
15264,2212,110.792606758839,0.0,B2,0,1,deuteron,1000010020,43.5058838731376,43.5058838731376,13.451873343569096,13.451873343569094,1,1,111.11557935658365
23119,2212,102.49562188769478,0.0,B2,0,1,deuteron,1000010020,105.16718474723127,46.25960603565004,8.782763454303977,10.797869469649854,3,2,335.8514248111237
29354,2212,118.23211966795954,0.0,B2,0,1,deuteron,1000010020,59.31080373113754,59.31080373113754,14.160689046558254,14.160689046558254,1,1,110.78605431089552
22085,2212,70.91952013630706,0.0,B2,0,1,deuteron,1000010020,63.52015527299159,31.81870196944726,10.888352977827713,11.396846790464888,2,1,220.93122024591634
15910,2212,166.24831204702173,0.0,B8,6,0,proton,2212,54.55112015999839,17.422738945994265,6.9937265964036675,7.456575058235008,4,4,471.46245136520474
26060,2212,87.22503407612692,0.0,B2,0,0,proton,2212,39.56257196142566,39.56257196142566,9.58404346455584,9.58404346455584,1,1,109.70443747562126
19845,2212,159.37859387141785,0.0,B8,6,0,proton,2212,57.43762993929995,20.578986947395467,7.05074412498044,7.548417621739005,4,4,467.3931757960523
4196,2212,58.53583305598008,0.0,B4,2,1,deuteron,1000010020,63.993772532320946,40.67401154008,10.396005843128757,10.660892042491925,2,2,226.0005965257143
21674,2212,155.58545395745332,0.0,B8,6,0,proton,2212,82.16874608272465,38.92416395496004,7.093141001889784,7.709307729602954,4,4,461.92942485183937
1423,2212,153.20480242443742,0.0,B8,6,0,proton,2212,86.55831566052191,41.53893504871431,7.1560360058081836,7.793196735852566,4,4,462.67885699490375
26167,2212,118.3247016086022,0.0,B2,0,1,deuteron,1000010020,60.35658940435738,60.35658940435738,14.142929071562387,14.142929071562387,1,1,110.63790597022872
11388,2212,133.13916941419106,0.0,B6,4,0,proton,2212,62.34506741812501,22.80922312098995,7.6770663071110015,8.174314061990316,4,4,469.7254483638111
12684,2212,168.08490897746134,0.0,B8,6,0,proton,2212,54.80897579067669,17.89852694648861,6.980011969947985,7.457962851153604,4,4,472.96399319045884
19636,2212,54.58921942874733,0.0,B4,2,1,deuteron,1000010020,58.47524539331813,35.91785444195072,10.365039361665703,10.617872666769848,2,2,227.63325914570567
340,2212,81.98126655280831,0.0,B2,0,0,proton,2212,42.949503954722765,42.949503954722765,9.559175915166696,9.559175915166696,1,1,109.02512193290602
14520,2212,103.98051506090624,0.0,B4,2,0,proton,2212,99.51108245904774,43.62448612335432,8.750398431546063,10.360105611427954,3,2,336.97943791383256
8000,2212,83.87204146586095,0.0,B2,0,1,deuteron,1000010020,80.18394151326285,41.305992762341376,9.571029079942443,10.585248353469522,3,1,218.53727919357854
13075,2212,76.94817335243076,0.0,B2,0,1,deuteron,1000010020,64.92919915785255,35.897464919761845,10.533153046781177,10.940931340757,2,1,218.88268246605253
1935,2212,62.8554771919312,0.0,B4,2,1,deuteron,1000010020,65.9390911494149,43.00900717147779,10.500126790196184,10.775400277091123,2,2,225.01266551464718
8415,2212,100.90015939842738,0.0,B2,0,1,deuteron,1000010020,108.76046149676702,51.512208798120625,8.652749351945147,10.714216966519462,3,2,334.3886067367157
4823,2212,165.52881839739905,0.0,B8,6,0,proton,2212,54.4025510343872,17.994620317347007,7.042336068376458,7.524271530595502,4,4,473.0028809783282
25368,2212,132.97055853179228,0.0,B2,0,0,proton,2212,14.677190700788284,12.17736206725532,7.6140652737988095,7.663412984880309,2,2,225.3139338392257
15880,2212,54.144898362170274,0.0,B4,2,1,deuteron,1000010020,59.87548233887354,36.98989085186257,10.299618432691856,10.553843961398206,2,2,226.83269892223825
11120,2212,53.52972131764034,0.0,B4,2,1,deuteron,1000010020,55.912438980644716,34.50593491343441,10.291468967702958,10.54326811326016,2,2,227.3788644471552
23340,2212,132.8325299115612,0.0,B6,4,0,proton,2212,63.90494326986776,22.404164171004712,7.662569088972821,8.19510568132265,4,4,468.8061024393269
21405,2212,164.42054678209317,0.0,B8,6,0,proton,2212,54.881305856261065,17.773905561231345,6.990522597168768,7.46745428395364,4,4,467.6800133708602
28683,2212,118.67572634563062,0.0,B2,0,1,deuteron,1000010020,60.9435967480777,60.9435967480777,14.25398827760459,14.25398827760459,1,1,111.04421904019469
25503,2212,59.33505935297257,0.0,B4,2,1,deuteron,1000010020,59.15469266001336,37.57295999933083,10.43114046426167,10.69427439919693,2,2,226.14175461000576
5583,2212,150.57726950322814,0.0,B8,6,0,proton,2212,83.07847577879464,37.642499644588305,7.185647765604729,7.811637989201163,4,4,462.4532550525238
17221,2212,121.44612119485981,0.0,B2,0,1,deuteron,1000010020,63.71849857083963,63.71849857083963,14.590087668670307,14.590087668670307,1,1,111.40141970061822
23474,2212,70.93144790924701,0.0,B2,0,1,deuteron,1000010020,31.86395624091574,31.86395624091574,10.891715930291404,10.891715930291404,1,1,109.80092772701107
5569,2212,68.1210159580755,0.0,B4,2,1,deuteron,1000010020,89.09345430860014,65.33827172858967,10.763678575545818,11.083826609949945,2,2,225.02602462518
9036,2212,68.64475544901045,0.0,B4,2,1,deuteron,1000010020,128.29800027050817,63.59659355083717,10.725218243432476,11.16029996268707,3,2,335.67885401137346
13254,2212,113.17728138020017,0.0,B2,0,1,deuteron,1000010020,46.306358680827685,46.13337716254878,13.679025095505418,13.679713517455632,2,1,111.03499882755449
10138,2212,78.73606492362102,0.0,B2,0,0,proton,2212,78.27155773203957,41.90414382243324,9.953819722126235,10.552595272287176,2,1,218.87025640800914
19437,2212,105.1866639552911,0.0,B4,2,0,proton,2212,90.4046903011053,41.0602621016245,8.627745190398691,10.18309741697041,5,2,336.69561651155647
13531,2212,123.38340188990774,0.0,B2,0,1,deuteron,1000010020,61.07913710152899,61.07913710152899,15.010781448603579,15.010781448603579,1,1,112.31576036801599
20488,2212,130.02311918803343,0.0,B6,4,0,proton,2212,54.05052827532118,24.85250156209844,7.738348316274349,8.119608020430933,3,3,345.96848828277746
8078,2212,154.94784575192065,0.0,B8,6,0,proton,2212,82.61059815457338,39.93625312309862,7.170566490055669,7.791487533567834,4,4,466.18601819397384
379,2212,57.41188711731374,0.0,B4,2,1,deuteron,1000010020,61.681901004813405,39.081519721289936,10.452972727899127,10.71612097343483,2,2,227.45017495030083
15084,2212,119.88192591794166,0.0,B2,0,1,deuteron,1000010020,60.12136692619349,60.12136692619349,14.217780822955708,14.217780822955708,1,1,111.35402236699053
12606,2212,100.77909882862703,0.0,B2,0,1,deuteron,1000010020,102.08561812866228,51.22289426622756,8.661178667242428,10.83793579179944,4,2,334.6891925180012
10862,2212,83.31325939490873,0.0,B2,0,0,proton,2212,88.27045073287157,46.91724103418573,9.748860170325896,10.555381219223781,2,1,218.90155327737375
16207,2212,97.74641562415546,0.0,B2,0,1,deuteron,1000010020,118.05195872265932,55.16799881891995,8.785345353256467,10.690982222185843,3,2,333.2469304871719
26869,2212,122.56379727338346,0.0,B2,0,1,deuteron,1000010020,63.82323003999673,63.82323003999673,14.665075027336515,14.665075027336515,1,1,112.05754118581274
12596,2212,151.58662964249325,0.0,B8,6,0,proton,2212,83.44152527318691,38.692038057549105,7.195538425722325,7.828774844899008,4,4,463.4071504946608
6530,2212,136.332407261741,0.0,B8,6,0,proton,2212,76.58352056421181,27.750901142158785,7.554378117469073,8.14304404624373,4,4,467.5267487040842
14904,2212,165.16912755426134,0.0,B8,6,0,proton,2212,55.88353919330072,18.539451011189655,7.019250382028606,7.491083411468621,4,4,471.266806467282
24696,2212,55.501768237816435,0.0,B4,2,1,deuteron,1000010020,60.53670072120368,37.748134007634135,10.401774920522799,10.659129882065438,2,2,228.08454976779007
19059,2212,104.04193201430952,0.0,B2,0,1,deuteron,1000010020,36.22855184332657,36.22855184332657,12.676437359975678,12.676437359975678,1,1,109.68161420082363
20421,2212,109.45408638727653,0.0,B2,0,1,deuteron,1000010020,40.31808904716096,40.31808904716096,13.018573862959686,13.018573862959686,1,1,109.9808470573868
3461,2212,65.95671724436258,0.0,B4,2,1,deuteron,1000010020,93.03499751522122,67.8306324515893,10.626411393332399,10.94725913592392,3,2,224.7436722058646
2784,2212,51.92063890894762,0.0,B2,0,1,deuteron,1000010020,29.367328751228133,21.799953916889628,10.269861964059539,10.374234606340384,2,2,228.2365660618114
20120,2212,137.56233676848314,0.0,B8,6,0,proton,2212,79.9459667949462,34.33620927729995,7.503395315787818,8.126047030845434,4,4,466.738470842891
26548,2212,143.43300168584807,0.0,B6,4,0,proton,2212,52.2802628116711,23.448073911391354,7.397573346605319,7.764035741889718,3,3,342.8052659473328
28862,2212,89.55916547644611,0.0,B2,0,0,proton,2212,69.1394320220974,40.64457086611814,9.248107518498871,10.642705563126132,2,1,121.80761380490472
19921,2212,114.12055267320055,0.0,B2,0,1,deuteron,1000010020,47.354636158640545,47.354636158640545,13.85730724456635,13.85730724456635,1,1,111.46461872552754
12786,2212,163.03516221992572,0.0,B8,6,0,proton,2212,55.47652240378145,19.15842020689177,6.997703380998611,7.4881754177639746,5,4,467.18661213146305
9236,2212,84.24820231562427,0.0,B2,0,0,proton,2212,89.96179884740947,47.607965066074925,9.58208288923285,10.526381344652101,2,1,218.3739674229903
29246,2212,79.58107204086348,0.0,B2,0,1,deuteron,1000010020,76.8196150116981,38.93099878968665,10.149853467722728,10.751971162478933,2,1,219.05866708252069
3445,2212,102.39409514574882,0.0,B2,0,1,deuteron,1000010020,52.04665825249626,35.39489630003967,8.659815148987125,11.307210204652264,2,1,220.68059408499587
29191,2212,116.15813136728514,0.0,B2,0,1,deuteron,1000010020,51.17059393127563,48.89068943481068,13.736320423792751,13.748305822992224,2,1,111.05443130438326
2692,2212,134.49373620340654,0.0,B8,6,0,proton,2212,73.25917713611068,25.559118693249133,7.600015980644796,8.18613580053905,4,4,468.2225397704293
3672,2212,168.3409843723616,0.0,B8,6,0,proton,2212,53.30699093805249,16.738164183550648,6.968664859472854,7.434266788012408,4,4,471.818215098471
18619,2212,98.75304394875198,0.0,B4,2,0,proton,2212,58.33855900718032,40.738473356176215,8.748891991938505,9.003786930954867,2,2,224.8907095378347
260,2212,129.77439584184523,0.0,B6,4,0,proton,2212,55.66959362542691,25.55990012086814,7.764747740927237,8.146510627633326,3,3,347.003365935593
21783,2212,103.30296607493476,0.0,B4,2,0,proton,2212,98.81653554490104,45.389201141905886,8.693712577266773,10.198516586818675,3,2,336.5180963723056
21143,2212,118.16069915579372,0.0,B2,0,1,deuteron,1000010020,69.21995325618555,66.68176160719413,13.980136210020955,13.982036472845554,2,1,111.04792536831064
17390,2212,133.1226107667205,0.0,B6,4,0,proton,2212,52.632378064467716,23.64727399743505,7.6620215599391965,8.029002762433523,3,3,346.6852584777234
6149,2212,84.72425094037207,0.0,B2,0,1,deuteron,1000010020,78.8546577790282,42.51258110210808,9.53238809672297,10.58217333835693,2,1,218.7129249683519
14825,2212,53.10236669549754,0.0,B4,2,1,deuteron,1000010020,55.76770136705537,33.7760040213201,10.355100211226148,10.60299011950738,2,2,228.62228264200186
16427,2212,119.37135824735822,0.0,B2,0,1,deuteron,1000010020,61.99626470616519,61.99626470616519,14.250646410761808,14.250646410761808,1,1,111.26500263025216
25883,2212,155.15622958991867,0.0,B8,6,0,proton,2212,90.80078188586882,47.53936346835677,7.150775443939032,7.802677736623402,4,4,465.1769626900797
16675,2212,146.45255310787564,0.0,B6,4,0,proton,2212,63.00656716020576,21.62404043613956,7.2816676368738555,7.790778988843086,4,4,461.70068476383096
16611,2212,135.3988578241393,0.0,B8,6,0,proton,2212,71.98375253321899,21.974028051039696,7.5556095854821805,8.113413174149,4,4,466.5245130106616
24327,2212,132.5034551319764,0.0,B6,4,0,proton,2212,50.67308064249394,22.509513219495233,7.63720990976078,8.004772753250286,4,3,344.7278125554494
22343,2212,105.11370487826193,0.0,B4,2,0,proton,2212,115.29370270523242,47.04526254477276,8.76516339956118,10.727628765923104,5,2,337.9596046331288
15523,2212,55.10751031045148,0.0,B4,2,1,deuteron,1000010020,58.722307173385616,36.53468996628998,10.419415943484603,10.67572647818961,2,2,228.53354109700814
13701,2212,93.57374221876414,0.0,B2,0,1,deuteron,1000010020,63.486614355385136,63.486614355385136,12.116831608059742,12.116831608059742,1,1,109.4537243736792
1635,2212,146.5219699101574,0.0,B2,0,1,deuteron,1000010020,112.49608581514715,40.104159141339274,7.24497850984489,11.571045107035967,5,4,572.9296572271791
7676,2212,161.41507127880465,0.0,B8,6,0,proton,2212,57.20901727151053,18.98084757353836,7.0167313857097575,7.494243574647681,4,4,467.18339142193406
2314,2212,61.525101939537635,0.0,B4,2,1,deuteron,1000010020,66.26132009412999,42.72235288220736,10.506139837910487,10.77825733539774,2,2,225.50244132467066
25859,2212,93.61905597061488,0.0,B2,0,1,deuteron,1000010020,88.44244744475067,64.23745414719374,8.977541718601556,11.195716070234115,2,1,219.05568239182338
13262,2212,134.19363618134716,0.0,B6,4,0,proton,2212,64.62771167260887,21.657914618560245,7.647279634560322,8.169173719494284,4,4,468.40811687173596
21789,2212,169.41845682837817,0.0,B4,2,0,proton,2212,21.976406420064198,11.86533394600253,7.0302376572532905,7.17109667627819,2,2,231.13708606750004
24885,2212,95.06028732554833,0.0,B2,0,1,deuteron,1000010020,83.83176860727275,60.24276123328641,9.041889791700052,11.364049953785578,2,1,219.31187037532592
5984,2212,50.17334833600621,0.0,B2,0,1,deuteron,1000010020,1.2135737049216206,1.2135737049216206,10.236982812570135,10.236982812570135,1,1,111.73581567985266
6681,2212,76.85358609139229,0.0,B2,0,1,deuteron,1000010020,35.16404480694699,35.16404480694699,11.173021572643345,11.173021572643345,1,1,109.65119025970537
5727,2212,120.33162614099342,0.0,B2,0,1,deuteron,1000010020,50.513591517248535,21.738699545009702,14.545649594811419,14.79977039779406,8,2,115.27058446528386
15258,2212,68.14858782309273,0.0,B4,2,1,deuteron,1000010020,103.02668754325002,54.89667860359356,10.386442088932217,10.878707465975927,3,2,336.0066120382547
28335,2212,124.05155488592546,0.0,B2,0,1,deuteron,1000010020,27.869938161056638,27.869938161056638,14.732382155406961,14.732382155406961,1,1,111.79201367175185
26266,2212,65.44147102204914,0.0,B4,2,1,deuteron,1000010020,70.63486669948202,47.55355117012345,10.560376240852229,10.848041542467419,2,2,223.97368105054397
7491,2212,143.8781553779675,0.0,B6,4,0,proton,2212,55.960126775783905,23.171442105905097,7.305485376366684,7.731911357780697,4,4,461.0110348610975
18447,2212,145.8623766455489,0.0,B2,0,1,deuteron,1000010020,114.7605783421123,42.551365589531656,7.306595781085844,11.511907735447043,6,4,575.391145225213
28814,2212,146.13415720785548,0.0,B6,4,0,proton,2212,69.03453641889236,21.44374815262396,7.302897172015871,7.866356893078047,4,4,462.5158297405273
10793,2212,150.302328267337,0.0,B8,6,0,proton,2212,81.86234398789396,35.6265094669092,7.249261842172028,7.871083410692102,4,4,465.0148571762887
14662,2212,165.72448426203016,0.0,B4,2,0,proton,2212,47.83354918105023,12.804215225698217,7.002586390960251,7.366485509443801,7,3,347.27624846140105
9374,2212,59.783610913961844,0.0,B4,2,1,deuteron,1000010020,61.41794114508368,38.762376341975454,10.462173840164965,10.725563602738575,2,2,226.58548487083692
9284,2212,149.11723621051846,0.0,B6,4,0,proton,2212,65.35690027797,28.351846665068855,7.243952117661275,7.678529285151968,7,3,227.59754851524806
4241,2212,91.26541867861854,0.0,B2,0,1,deuteron,1000010020,84.12762884961249,57.32907599323514,9.085555917626873,11.032452601817408,2,1,218.65118020668376
27378,2212,63.75605019218846,0.0,B2,0,0,proton,2212,124.5310931258611,46.31116157945328,10.611483049112678,11.508853935050164,10,2,356.47977428529197
2269,2212,69.77148841587714,0.0,B2,0,1,deuteron,1000010020,35.76947280973852,28.343113543438765,10.781557464211229,10.82604857088833,3,1,109.2953124619428
15851,2212,94.79669707454266,0.0,B2,0,1,deuteron,1000010020,87.29575347472267,62.63148621923046,9.020872791711424,11.270683653853755,2,1,219.33617830125837
14545,2212,65.90421076179999,0.0,B4,2,1,deuteron,1000010020,76.45363050277216,51.89519470310288,10.601979590830299,10.89477858317882,3,2,336.203403140094
28663,2212,167.08942794482263,0.0,B8,6,0,proton,2212,54.68180282257246,17.342155899607768,7.019914612403637,7.485780257415335,4,4,473.41321052597357
28772,2212,143.40046095434272,0.0,B6,4,0,proton,2212,60.74461191591243,22.127391474133937,7.388837559843968,7.870628814643504,4,4,464.2249147690121
14659,2212,162.67661772876622,0.0,B8,6,0,proton,2212,56.369714616215425,18.702699331205316,7.039162466658379,7.518712009307717,4,4,469.0788780468064
21912,2212,146.1650878919559,0.0,B8,6,0,proton,2212,70.47608999285207,23.168371537278805,7.307497921648331,7.88485780175378,4,4,463.08777621971115
15979,2212,157.58392947237445,0.0,B8,6,0,proton,2212,84.00771276453548,39.55185938457951,7.102971640593891,7.716142833233663,4,4,464.715585957685
11561,2212,56.9334889835995,0.0,B4,2,1,deuteron,1000010020,64.20433852765768,40.360460208736555,10.433241011408727,10.695113908415491,2,2,227.28397435882272
13826,2212,60.63242057517946,0.0,B4,2,1,deuteron,1000010020,64.17269452744021,41.218961804783746,10.513306149279327,10.782511266244308,2,2,226.6876594020173
25489,2212,165.70233014754098,0.0,B8,6,0,proton,2212,52.10471052941526,17.403591550672132,6.991029970270829,7.4642809887390476,4,4,470.2983802109495
20082,2212,60.20107960793023,0.0,B4,2,1,deuteron,1000010020,65.94215615968534,42.693247161778764,10.517082834723201,10.790181134561065,2,2,226.297619889479
29345,2212,154.68445468082206,0.0,B8,6,0,proton,2212,91.45902649482099,47.154617438185255,7.094747341864484,7.739772169362664,4,4,462.07746473674825
27481,2212,86.22851440355308,0.0,B2,0,1,deuteron,1000010020,79.36073651760182,44.59062179825371,9.485882705519037,10.733372227137776,2,1,218.41697786276495
12892,2212,136.82593273675946,0.0,B8,6,0,proton,2212,79.07847549887597,32.76136976851,7.528149383798201,8.145258028042038,4,4,466.7397859478042
24532,2212,66.28999752330425,0.0,B4,2,1,deuteron,1000010020,79.80367425513734,55.17599142629628,10.62261455377606,10.922493173140642,2,2,223.5201093066701
25031,2212,148.59343584595612,0.0,B2,0,1,deuteron,1000010020,106.6216834391731,32.03831679384534,7.261153887843386,11.602089586217565,6,4,575.0746671730425
24346,2212,104.02837366612344,0.0,B4,2,0,proton,2212,97.36865076342445,42.41282829403993,8.80018275838813,10.420536501335002,3,2,337.28285362448736
15097,2212,51.54380447578344,0.0,B2,0,1,deuteron,1000010020,21.096003759325622,21.096003759325622,10.255696528126714,10.255696528126714,1,1,112.30142984398961
7526,2212,145.59939251677446,0.0,B6,4,0,proton,2212,119.21922715709496,50.36258099509512,7.311912192329984,11.31106124378871,4,3,336.70261649826335
25681,2212,142.06955796212821,0.0,B6,4,0,proton,2212,52.20136126395761,23.616062115509905,7.368288332513072,7.733079289261752,3,3,340.7667037511462
11677,2212,106.83455815333576,0.0,B2,0,1,deuteron,1000010020,91.9014007640473,37.9133256686239,8.61928378462709,10.524820473352845,3,2,337.33661695133037
23781,2212,149.44099761158185,0.0,B6,4,0,proton,2212,58.14041303940023,23.25365639510386,7.233623676657473,7.624019526543049,5,3,342.70053601532305
6777,2212,135.05668708805413,0.0,B4,2,0,proton,2212,26.93897813366835,14.689027281251898,7.571130119747912,7.7274407374501894,2,2,225.8528645081256
11372,2212,97.80641686142886,0.0,B2,0,1,deuteron,1000010020,119.54268403326512,56.43905344019942,8.81259358556388,10.683907830401798,3,2,333.6656954079096
17683,2212,88.06504864090935,0.0,B2,0,0,proton,2212,93.17339955955813,33.617313830668884,9.262809432488572,11.032524580196318,5,1,218.54413782456695
18436,2212,111.983347432986,0.0,B2,0,1,deuteron,1000010020,42.90284187808418,42.90284187808418,13.348901128849363,13.348901128849363,1,1,110.50005093935538
5398,2212,90.5952530772787,0.0,B2,0,1,deuteron,1000010020,87.09964387354609,57.93557365096247,9.232548669386281,11.052763587721048,2,1,218.7371391353637
23620,2212,96.27227510784329,0.0,B2,0,1,deuteron,1000010020,82.47555293260037,59.185682089315435,8.915008346496023,11.420812012073705,2,1,219.19419744398817
4339,2212,89.60454767954928,0.0,B2,0,1,deuteron,1000010020,78.23764208278394,50.45384891510315,9.18026686090287,10.947488951925054,2,1,218.3757473258279
12916,2212,129.21932881060874,0.0,B6,4,0,proton,2212,55.74966742218717,25.854033821017424,7.7699986861189245,8.15267106420666,3,3,347.19575942023795
27365,2212,163.44644620403224,0.0,B8,6,0,proton,2212,55.57078134815386,18.07163384963187,7.042919370471551,7.519750058514658,4,4,471.1688821006352
23349,2212,71.84157173541394,0.0,B2,0,0,proton,2212,74.44248158013482,41.66424490836236,10.976833537863117,11.113787257881748,2,1,221.02401349748317
11739,2212,62.11823719841773,0.0,B4,2,1,deuteron,1000010020,66.85850454104393,43.745339922799104,10.571520339090174,10.849191737050763,2,2,226.11831812201635
26224,2212,154.9814348231338,0.0,B6,4,0,proton,2212,44.38825561820887,18.52177963092303,7.157638597702123,7.486467419648855,3,3,343.9467598546844
16248,2212,118.14604677029753,0.0,B2,0,1,deuteron,1000010020,44.248985435499485,43.6679176677614,14.009813872387877,14.013481132199788,2,1,111.3019230217562
18688,2212,150.0757718756454,0.0,B8,6,0,proton,2212,81.82143744303309,28.216356871166305,7.1735359530449045,7.82039786100828,5,4,461.01240508468686
229,2212,92.67559797468411,0.0,B2,0,1,deuteron,1000010020,64.16383093490845,64.16383093490845,12.093207357898708,12.093207357898708,1,1,109.34064173165498
2493,2212,149.56489209511682,0.0,B6,4,0,proton,2212,92.84201477602576,34.479844557919414,7.254544898565842,12.017609968491133,4,3,453.88742717545273
13343,2212,162.7001475198143,0.0,B8,6,0,proton,2212,58.53615283198991,19.933738588986717,7.059405248648964,7.544861076086067,4,4,470.6649023940778
6001,2212,73.1005983016279,0.0,B2,0,1,deuteron,1000010020,65.66153481067914,34.34668455255066,10.602901424562484,10.825148551234816,2,1,220.2216284645404
5843,2212,65.62493482685565,0.0,B2,0,1,deuteron,1000010020,23.420574249133658,23.420574249133658,10.661730752469467,10.661730752469467,1,1,110.91029053516688
16081,2212,51.51113274887986,0.0,B2,0,1,deuteron,1000010020,22.255073654218265,22.255073654218265,10.230886981681465,10.230886981681465,1,1,112.15158130400387
3919,2212,79.99195275976146,0.0,B2,0,0,proton,2212,38.22977733885351,38.22977733885351,10.15001820983024,10.15001820983024,1,1,109.79313049514397
15081,2212,116.82405299708591,0.0,B2,0,1,deuteron,1000010020,46.84825693476064,46.84825693476064,13.740478400268126,13.740478400268126,1,1,111.10422239161517
18902,2212,53.26165628522791,0.0,B4,2,1,deuteron,1000010020,57.069130703601026,35.256706544554945,10.287708784112592,10.539257472321502,2,2,228.0186992106418
24978,2212,151.12686778854436,0.0,B8,6,0,proton,2212,85.9490428587286,42.03871252030473,7.206637427241031,7.847273253815467,4,4,464.8247859710738
733,2212,127.44125038146183,0.0,B2,0,0,proton,2212,24.737090223466286,14.078932059514175,7.823995543274949,7.8913376894275356,7,1,120.1577351859104
27584,2212,148.58746967647457,0.0,B8,6,0,proton,2212,79.22043262071006,33.17224701154815,7.233090284562272,7.846307816226702,4,4,461.8024965456461
4604,2212,111.9875777746123,0.0,B2,0,1,deuteron,1000010020,40.89432460473514,25.576888824064145,13.4473484999918,13.525924948179476,4,2,110.67748408863226
20883,2212,83.34822295774927,0.0,B2,0,0,proton,2212,43.304223976541365,43.304223976541365,9.7947820541015,9.7947820541015,1,1,108.84159636392835
5767,2212,136.23258396988714,0.0,B8,6,0,proton,2212,73.67485989563795,25.803166240625103,7.506266939427324,8.09425790820222,4,4,464.1687025761595
24675,2212,62.900247591092224,0.0,B4,2,1,deuteron,1000010020,71.19095447728171,47.50664219098841,10.639207033044823,10.924158704698657,3,2,226.44486840865986
3904,2212,126.30398327207656,0.0,B6,4,0,proton,2212,56.70848067056437,27.117770036848395,7.88286096104904,8.274476803940832,3,3,349.2798652406833
8178,2212,64.66896366557386,0.0,B4,2,1,deuteron,1000010020,74.18550751067869,50.10778739745281,10.68945740516035,10.982293810341726,3,2,226.27486788410135
7829,2212,100.87007360875768,0.0,B2,0,1,deuteron,1000010020,123.35537730824892,53.11988187105045,8.721369044456456,10.57783216533264,5,2,335.57832391254186
28221,2212,99.4744936745158,0.0,B2,0,1,deuteron,1000010020,113.18565913971796,55.025651272329036,8.742491881457141,10.704756024413143,3,2,334.86376688269695
13369,2212,104.19582871749009,0.0,B2,0,1,deuteron,1000010020,85.31444813111548,35.95027981032011,8.773867516222884,10.548547648240167,3,2,335.85584503662585
5620,2212,59.187592350589114,0.0,B4,2,1,deuteron,1000010020,74.12001204219686,33.10365296954629,10.412864779579474,10.762704886494417,7,2,225.52619534243985
2497,2212,135.63893974061122,0.0,B2,0,0,proton,2212,33.91645894824902,28.93533706665039,7.580902096629059,7.632252884752358,4,2,110.71905273428773
18594,2212,77.10454942224027,0.0,B2,0,1,deuteron,1000010020,35.78161580359314,35.78161580359314,11.244567541099958,11.244567541099958,1,1,110.0632822056863
7252,2212,115.51537214206715,0.0,B2,0,1,deuteron,1000010020,46.4313465759912,46.4313465759912,13.68482111041602,13.68482111041602,1,1,111.37057635803428
6905,2212,78.21212133780793,0.0,B2,0,1,deuteron,1000010020,71.31511021427713,36.386788199525306,10.203830122805627,10.76555012099655,2,1,218.83831954587595
7725,2212,110.72901994908099,0.0,B2,0,1,deuteron,1000010020,40.4704411428561,40.4704411428561,13.100830067296576,13.100830067296576,1,1,110.17511759643014
23977,2212,63.86374457520485,0.0,B2,0,1,deuteron,1000010020,25.563476048168603,24.848174780329508,10.636588441203811,10.724447977410934,3,2,111.11189156590292
2951,2212,54.542180954752055,0.0,B4,2,1,deuteron,1000010020,58.76775966900459,36.1028103241848,10.381861266443599,10.635363624847098,2,2,228.02948517776915
22825,2212,136.53715379785922,0.0,B8,6,0,proton,2212,78.36352932074732,32.382160114525114,7.5395040729684615,8.156642117111346,4,4,467.1609044408922
9485,2212,75.58649468434253,0.0,B2,0,1,deuteron,1000010020,36.0650587258961,36.0650587258961,11.20559701018794,11.20559701018794,1,1,110.01788964901286
17456,2212,118.47023060880889,0.0,B2,0,0,proton,2212,29.94021737270228,18.255335545475756,14.240194641745747,14.25399712227032,5,1,111.31937131779428
6309,2212,71.3693238364803,0.0,B2,0,1,deuteron,1000010020,31.254399396786106,31.254399396786106,10.851729846559909,10.851729846559909,1,1,109.29213804452306
16452,2212,150.70828376165434,0.0,B6,4,0,proton,2212,67.9577939548947,32.76973126271153,7.22503762879339,7.662911377421003,4,3,343.30577138438747
19358,2212,126.70937752046665,0.0,B4,2,0,proton,2212,29.878400578929543,16.388929687645277,7.841337230903182,8.006263995360294,2,2,227.79862944907364
2654,2212,162.15535091897257,0.0,B6,4,0,proton,2212,38.97683063281275,14.940899129825283,7.000436858865655,7.29815236804262,3,3,344.1258577381034
29231,2212,61.337971227085276,0.0,B4,2,1,deuteron,1000010020,64.6958061651368,41.98541862116448,10.510402539180037,10.783003185775474,2,2,226.23869340741373
16612,2212,92.21684288803256,0.0,B2,0,0,proton,2212,26.557064603951442,26.557064603951442,9.165445863613266,9.165445863613266,1,1,110.07356454783198
17551,2212,53.023486965509,0.0,B2,0,1,deuteron,1000010020,31.951856353045752,21.862776213400736,10.337884083212217,10.466664878479198,2,2,228.97713428738967
1283,2212,151.41444448800252,0.0,B8,6,0,proton,2212,82.55264979373004,36.90590991719421,7.202992535040067,7.827602966556367,4,4,464.88760537174846
16844,2212,110.58992222120955,0.0,B2,0,1,deuteron,1000010020,41.13288134535311,41.13288134535311,13.179349246224994,13.179349246224994,1,1,110.84716450537607
3169,2212,85.36207836199695,0.0,B2,0,0,proton,2212,35.941813713686564,35.941813713686564,9.482539749254974,9.482539749254974,1,1,109.2564628441288
22268,2212,149.5473909430189,0.0,B8,6,0,proton,2212,81.30306573802974,35.82769185367945,7.233479562094844,7.857377874554358,4,4,462.858944977966
26317,2212,94.3061147385283,0.0,B2,0,1,deuteron,1000010020,86.52600580316022,62.57221937442842,8.965656050008926,11.260374079310859,2,1,219.04026908984798
29059,2212,159.1041071687738,0.0,B8,6,0,proton,2212,72.17384029961158,29.83931173286359,7.046470611191488,7.6131406315012855,4,4,463.3532435232103
17669,2212,133.8865443352794,0.0,B6,4,0,proton,2212,64.53214981445407,22.182914319695456,7.595589524263848,8.10998329952388,4,4,467.4198285049294
20021,2212,106.22866264401658,0.0,B2,0,1,deuteron,1000010020,90.12424861227379,37.91510563469816,8.676470973145186,10.529586603000785,3,2,337.86154725175425
8698,2212,126.68716543546691,0.0,B4,2,0,proton,2212,41.83230655757748,16.392763766606844,7.8803230448835055,8.189682622171768,3,3,348.1185550640397
7703,2212,110.65077184701094,0.0,B2,0,1,deuteron,1000010020,68.34366645652412,34.749126558058606,13.296377337370576,13.3753519184669,5,1,110.24009174402079
29236,2212,162.24133346867328,0.0,B8,6,0,proton,2212,56.05314432442205,19.647701469767735,7.0336890522688105,7.52713401368737,4,4,468.2935702695206
23627,2212,104.96300747562779,0.0,B2,0,1,deuteron,1000010020,37.63995708303271,37.63995708303271,12.797909343985545,12.797909343985545,1,1,109.92142502068359
2849,2212,135.32410843797126,0.0,B6,4,0,proton,2212,68.54558642239786,21.736541601265753,7.53839482809544,8.068641836823945,5,4,464.61085665537104
8611,2212,74.21300480521617,0.0,B2,0,1,deuteron,1000010020,59.77213232045111,32.44512441949869,10.041291674956994,10.590706808592783,2,1,219.8564780026158
8214,2212,153.10895479514974,0.0,B8,6,0,proton,2212,86.66921869315797,39.936676361030294,7.181998490969702,7.807310039922313,4,4,464.70777436196107
24684,2212,103.66519413225063,0.0,B4,2,0,proton,2212,97.16309816902728,41.71649785151067,8.758071762241567,10.39272032122681,3,2,336.6217207659946
25722,2212,90.13708739483491,0.0,B2,0,1,deuteron,1000010020,49.624406095229425,49.624406095229425,11.847753212792039,11.847753212792039,1,1,109.3485628016432
21234,2212,159.52461591723062,0.0,B6,4,0,proton,2212,65.93293233906772,31.96132113295218,7.0970193062406715,7.57246948002524,4,3,228.69951512499708
25477,2212,87.58486880503655,0.0,B2,0,1,deuteron,1000010020,78.39870664517287,46.738293004995256,9.324318508204914,10.805728210750146,2,1,218.29820011110021
10134,2212,97.28295961413126,0.0,B2,0,1,deuteron,1000010020,121.82089448765674,58.43349857910318,8.758626030501869,10.636617366416731,3,2,333.00879637068016
2594,2212,158.9314838685182,0.0,B8,6,0,proton,2212,71.17651054533545,29.225138857756328,7.047223856058548,7.609694504990595,4,4,464.1426437948228
14064,2212,123.07949726592328,0.0,B2,0,1,deuteron,1000010020,33.00243780281222,33.00243780281222,14.627410513003062,14.627410513003062,1,1,111.89190611010972
28004,2212,144.45954585954422,0.0,B6,4,0,proton,2212,50.90416307824739,22.443840659838713,7.377797461321728,7.73808022176623,3,3,343.60887909087893
11449,2212,91.35057230538077,0.0,B2,0,1,deuteron,1000010020,83.65814005945577,58.64085980584195,9.032251296986814,11.045601751437424,2,1,218.67892293156166
4811,2212,154.91386160744355,0.0,B8,6,0,proton,2212,91.17094128832838,46.07198703841854,7.131578903574172,7.77003328996456,4,4,464.81453977013683
9372,2212,145.52356635906878,0.0,B8,6,0,proton,2212,73.86363221001676,21.05196224336065,7.342964805519223,8.55483964956634,6,4,575.8588845037214
12939,2212,75.77691911870961,0.0,B2,0,1,deuteron,1000010020,35.45917446419006,35.45917446419006,11.12482054602428,11.12482054602428,1,1,109.05439017256997
162,2212,70.29199007563852,0.0,B2,0,1,deuteron,1000010020,33.216716138471085,33.216716138471085,10.961265947586973,10.961265947586973,1,1,110.12597601612092
23475,2212,133.86381350479914,0.0,B6,4,0,proton,2212,63.910548078146675,22.611379065364066,7.5958548529067285,8.10548095360355,4,4,466.20948800177246
15162,2212,139.0366205369489,0.0,B6,4,0,proton,2212,56.17424077197044,25.946347750390796,7.502471379026393,7.881642724626302,3,3,343.4185413939775
7241,2212,118.29624497928383,0.0,B2,0,1,deuteron,1000010020,56.257367923334215,56.257367923334215,14.190873637032649,14.190873637032649,1,1,110.84492473644313
9820,2212,159.03023732070042,0.0,B8,6,0,proton,2212,55.102644990359536,18.980600098088484,7.081278059687399,7.5770485299034185,4,4,468.5467673820948
200,2212,100.59785443574916,0.0,B2,0,1,deuteron,1000010020,111.50306432712594,51.61531993337587,8.668592738470911,10.737917226000448,3,2,333.7145857022901
18634,2212,109.28241851592787,0.0,B2,0,1,deuteron,1000010020,58.156884036592245,39.82142893198123,8.37947049443699,11.656603962735593,3,2,338.30136121566716
22445,2212,167.4878691722636,0.0,B8,6,0,proton,2212,53.32632451196048,16.718901910670265,6.983522202343508,7.444394622260708,4,4,472.269721317579
13919,2212,84.91599618533316,0.0,B2,0,1,deuteron,1000010020,81.37688296789466,43.2864016685886,9.524806339021278,10.638193501832115,2,1,218.3961190899772
5290,2212,76.51542138349438,0.0,B2,0,1,deuteron,1000010020,61.6285362155908,35.92387821775327,9.96517022667473,10.618933886628762,2,1,219.68340539529618
25727,2212,171.01399644262224,0.0,B2,0,0,proton,2212,3.2853852165363446,3.2853852165363446,6.983513884688858,6.983513884688858,1,1,112.20893624166528
29831,2212,144.0320195743424,0.0,B6,4,0,proton,2212,57.89578926456048,22.09106538716913,7.373231496242402,7.835075148683822,4,4,464.1559250571653
14808,2212,106.78758625710826,0.0,B2,0,1,deuteron,1000010020,86.1363505134448,37.16588057096772,8.500500861573592,10.505177861498922,3,2,335.8816647495703
24488,2212,104.06335816184902,0.0,B4,2,0,proton,2212,97.96369664017143,42.83615401518651,8.673565834355914,10.370564083726341,3,2,335.76528135193536
5260,2212,113.21936871176167,0.0,B2,0,1,deuteron,1000010020,42.298462704951184,42.298462704951184,13.330447116126322,13.33044711612632,1,1,110.4701110011622
3565,2212,164.58494745273163,0.0,B4,2,0,proton,2212,23.713982228754503,12.585348222695359,7.005639906392081,7.144865905436804,2,2,227.86605143509405
611,2212,166.83707349047324,0.0,B8,6,0,proton,2212,55.547941474527036,18.400987524440335,7.026872572216726,7.505800583453929,4,4,473.3026518755494
19201,2212,51.96336769769929,0.0,B4,2,1,deuteron,1000010020,69.11531355817958,29.65439603085608,10.276393876324473,10.611069973180355,4,2,228.30056025155628
22509,2212,66.1776951390294,0.0,B4,2,0,proton,2212,91.87235828267536,29.52911826156924,10.602003320114449,10.974369257234985,4,2,223.71876021248295
6231,2212,87.54760336252549,0.0,B2,0,1,deuteron,1000010020,64.16951923626264,20.34689723308338,11.731333636646507,11.799086106750952,5,1,108.97591937030877
20134,2212,167.6258500752939,0.0,B8,6,0,proton,2212,53.3035308869831,17.02846024944384,7.020915640376132,7.48973893860567,4,4,474.47053182729843
7004,2212,144.65922334153655,0.0,B2,0,1,deuteron,1000010020,64.35765235441572,36.231948844161664,7.380980964665317,14.061349636563888,3,2,336.6418951142143
7746,2212,143.97662514144002,0.0,B4,2,0,proton,2212,65.94601054093853,44.64567208487766,7.591707771569926,7.888036309293859,2,2,30.375655023749097
6517,2212,161.3526186336062,0.0,B8,6,0,proton,2212,53.92168725810642,18.602377832750463,7.040559145647087,7.532145940258314,4,4,469.15078003250096
26218,2212,115.06349186095068,0.0,B2,0,1,deuteron,1000010020,48.416688967433714,48.416688967433714,13.804856459467725,13.804856459467725,1,1,111.3474837784355
28889,2212,132.40067660921093,0.0,B6,4,0,proton,2212,51.36380353146302,22.49941904073579,7.689435542676909,8.04883077651694,3,3,346.8908792582639
29756,2212,69.19838080197096,0.0,B2,0,1,deuteron,1000010020,50.26475803462809,28.5858349968238,10.78219582150921,11.01125111335165,2,2,223.15591640085552
24015,2212,136.3075371896552,0.0,B2,0,0,proton,2212,14.29203746871373,12.932153061781966,7.566115952877396,7.581991888240854,2,1,111.5319881736152
22453,2212,63.81677604901848,0.0,B2,0,1,deuteron,1000010020,23.813470675000623,23.813470675000623,10.577060063686158,10.577060063686158,1,1,111.09780814011887
1291,2212,94.6721214649533,0.0,B2,0,0,proton,2212,25.512284170632338,25.512284170632338,9.078694776142042,9.078694776142042,1,1,109.96131784563902
27979,2212,63.52557539125409,0.0,B4,2,1,deuteron,1000010020,64.93841759303749,24.5465912711918,10.55557659097763,10.864465885009576,4,2,225.5490109157412
21426,2212,110.10693141560101,0.0,B2,0,1,deuteron,1000010020,41.0415411424223,41.0415411424223,13.188697778996298,13.188697778996298,1,1,110.22847278995553
29124,2212,135.90609136377202,0.0,B8,6,0,proton,2212,74.70418508254645,27.21932379641031,7.596811468778263,8.190240183525546,4,4,468.8590637825272
23761,2212,151.36034924846643,0.0,B4,2,0,proton,2212,87.65890564360645,41.26659597640902,7.206968485145553,7.512998010595189,7,2,225.04445677867224
18252,2212,87.97365576229356,0.0,B2,0,0,proton,2212,28.801963616115287,28.801963616115287,9.240193289361555,9.240193289361555,1,1,109.83121511442675
9595,2212,67.82692317148225,0.0,B2,0,1,deuteron,1000010020,30.84558976882031,30.84558976882031,10.752396541652592,10.752396541652592,1,1,109.58829099421939
20977,2212,57.800677669377166,0.0,B4,2,1,deuteron,1000010020,62.696536817819755,39.489740653413904,10.35876001429626,10.620100152582602,2,2,225.91419908137783
5243,2212,159.9586163106202,0.0,B8,6,0,proton,2212,59.117527729395476,20.357515847589248,7.039867961107837,7.531759120547297,4,4,466.900137912727
29711,2212,68.04920018983975,0.0,B2,0,0,proton,2212,39.41549073707384,39.41549073707384,11.63530067218721,11.63530067218721,1,1,111.22195406038183
26502,2212,116.62353125329682,0.0,B2,0,1,deuteron,1000010020,49.33061932040691,49.33061932040691,13.823455332519808,13.823455332519808,1,1,110.80415513746493
20604,2212,110.04187610253989,0.0,B2,0,1,deuteron,1000010020,40.753144537460656,40.753144537460656,13.258325303937283,13.258325303937283,1,1,110.95147519309685
9752,2212,167.5861449920583,0.0,B8,6,0,proton,2212,53.798035724019925,17.626007787096757,6.983672532469685,7.458044098489211,4,4,472.18813118312187
23492,2212,142.19564728873902,0.0,B6,4,0,proton,2212,53.25264375120098,24.365726912973543,7.369827208985865,7.741852315150462,3,3,341.72144172212273
19230,2212,67.19765781902476,0.0,B2,0,0,proton,2212,39.63460306147357,20.369362019786735,10.714093968446491,10.788565775618908,5,1,110.68446209217645
8584,2212,81.3225341617165,0.0,B2,0,0,proton,2212,99.82673586397021,46.395417946977275,9.662718805722973,10.629746052531887,5,1,218.7222448158488
8222,2212,78.93734755308931,0.0,B2,0,1,deuteron,1000010020,73.93971738098904,37.62838756397903,10.101071619456743,10.735016556454958,2,1,218.69679944681047
4082,2212,80.94982655864675,0.0,B2,0,0,proton,2212,83.43848861466081,44.40644988530086,9.8308143271947,10.553126112210164,2,1,218.76637938815347
13181,2212,96.42079139392797,0.0,B2,0,1,deuteron,1000010020,83.18072670654209,35.272733739334655,8.77716513517845,11.404021151720038,3,1,219.06431313241535
27361,2212,146.4956310293776,0.0,B8,6,0,proton,2212,73.7601523044767,27.451395152114515,7.31100269975277,7.907690259356705,4,4,464.5237054010234
8469,2212,54.234085863982685,0.0,B4,2,1,deuteron,1000010020,55.11206137912202,26.24768844987837,10.346171437394188,10.621938408611747,4,2,228.33097611744532
25182,2212,147.77123163837948,0.0,B2,0,1,deuteron,1000010020,104.84081567913731,33.160921192658385,7.253657872080984,11.723103802002871,6,4,574.3424907832265
17715,2212,142.88831862680635,0.0,B6,4,0,proton,2212,51.886439797848816,23.0089162553854,7.386731488705244,7.7513058502265375,3,3,342.55085166577703
22623,2212,54.04703054443821,0.0,B4,2,1,deuteron,1000010020,57.95383778525711,35.595613523032966,10.348925509463859,10.600369752168103,2,2,228.24241029382216
12015,2212,74.53447337960087,0.0,B2,0,1,deuteron,1000010020,61.26334430354313,34.32098502843067,10.11268869892395,10.599351423369392,2,1,220.3638218089144
29757,2212,96.05256957431068,0.0,B2,0,1,deuteron,1000010020,83.3996190034575,60.46939000100833,8.85244186141475,11.339710201366252,2,1,219.1848054858982
11857,2212,67.16848382294627,0.0,B4,2,1,deuteron,1000010020,109.3342250641692,60.30671018242215,10.687673711499617,11.523408949135172,3,2,335.8389558933027
14400,2212,107.88409001164598,0.0,B2,0,1,deuteron,1000010020,45.745760984491916,39.93901768453485,8.597697420168227,12.596224257017333,2,1,221.958930267895
10124,2212,65.64165803174664,0.0,B2,0,1,deuteron,1000010020,23.14083007049159,23.14083007049159,10.543725725160117,10.543725725160117,1,1,109.81201410888261
26408,2212,123.54984845581336,0.0,B2,0,1,deuteron,1000010020,20.818530199615857,20.818530199615857,14.927968057778125,14.927968057778125,1,1,112.51684738764168
15238,2212,145.43136189003542,0.0,B2,0,1,deuteron,1000010020,116.32218001591625,42.673652369441434,7.325697618706213,11.464477730608273,5,4,575.722867023049
3684,2212,107.14100568345235,0.0,B2,0,1,deuteron,1000010020,37.23583991467569,37.23583991467569,12.876667447987328,12.876667447987328,1,1,109.77854758324716
6897,2212,94.19127361445291,0.0,B2,0,1,deuteron,1000010020,85.5842688779832,61.772188682082124,9.0159342805737,11.34897467232659,2,1,218.97121273742152
16096,2212,166.73271476293735,0.0,B8,6,0,proton,2212,54.34610588789697,18.15643294736267,6.992592142022988,7.47086963026319,4,4,472.2103972373487
29044,2212,152.01587771326953,0.0,B8,6,0,proton,2212,84.99853685537997,38.40954409544905,7.161294222785699,7.781592754278583,4,4,462.7049586665515
25975,2212,132.51232449214024,0.0,B6,4,0,proton,2212,51.36321693902825,22.653235184827107,7.69790114631548,8.059649214791975,3,3,347.37605425012003
15646,2212,153.85222187353943,0.0,B8,6,0,proton,2212,77.1526237434367,35.14222683596846,7.156725012915232,7.760161600522142,4,4,464.92784997518345
27285,2212,91.66962934546834,0.0,B2,0,1,deuteron,1000010020,80.99241396102106,54.66186437452666,9.092799627378602,11.005661970903413,2,1,218.81446319766405
9242,2212,127.50108026871254,0.0,B6,4,0,proton,2212,56.98776393422742,26.77512810198924,7.798084832006834,8.189468370484585,3,3,346.5810338267082
27897,2212,75.25824048267899,0.0,B2,0,1,deuteron,1000010020,48.015396676322744,32.64285439872898,9.909017955833118,10.719197054340766,11,2,227.29061509531527
4291,2212,93.9001304359337,0.0,B2,0,1,deuteron,1000010020,87.41955203408267,62.976410947432875,8.940971083949908,11.243762668557432,2,1,218.81148760365767
10375,2212,137.4747590457657,0.0,B8,6,0,proton,2212,78.59380921708312,31.290466471581674,7.490079038488466,8.095381993937403,4,4,465.3677837397287
14967,2212,132.33244919313535,0.0,B6,4,0,proton,2212,54.492481629233886,24.160709901416748,7.663965647618242,8.03007340605719,3,3,345.6474246319074
3490,2212,74.56441382670609,0.0,B2,0,1,deuteron,1000010020,33.80536381572371,33.80536381572371,11.052557002243532,11.052557002243532,1,1,109.65340663541728
1747,2212,133.03303887987053,0.0,B6,4,0,proton,2212,58.196699315110365,22.0206434078163,7.656975594384923,8.133399034078066,4,4,468.3673833440404
23883,2212,59.82195256636778,0.0,B4,2,1,deuteron,1000010020,64.08010964803935,41.449819983377324,10.494701251977801,10.765568821440622,2,2,226.11698963351554
9969,2212,116.95203926556414,0.0,B2,0,1,deuteron,1000010020,53.61361853835575,53.61361853835575,14.025545119508958,14.025545119508958,1,1,111.29183540058344
7800,2212,69.34839602785334,0.0,B2,0,1,deuteron,1000010020,43.81398928821734,30.84859445385514,10.79687217604613,10.96004333128753,2,2,223.25908324902426
11031,2212,91.1194928883222,0.0,B2,0,1,deuteron,1000010020,89.12706570132603,59.91631227409864,9.322764483859213,11.096588135866416,2,1,219.06834558233552
25635,2212,101.80181142261604,0.0,B2,0,1,deuteron,1000010020,104.84449317691681,50.88994328804039,8.677079479200108,10.786327845071453,3,2,335.55850144103397
22757,2212,142.262258723097,0.0,B6,4,0,proton,2212,52.05332436567016,22.813372010591685,7.375979869919292,7.741837209628316,5,3,342.18121671570526
1708,2212,136.90023365451373,0.0,B8,6,0,proton,2212,78.29482312917284,30.663095213778334,7.532838202266391,8.1335119966389,4,4,465.2414317493839
1481,2212,158.37142832191685,0.0,B8,6,0,proton,2212,75.58072442368372,32.342876010164666,7.094792159476435,7.6720311837720905,4,4,465.59027046416884
4983,2212,169.56538395218513,0.0,B6,4,0,proton,2212,35.603877097638644,13.835088580451014,6.963114281862039,7.254216526180176,3,3,349.3990918904305
7000,2212,102.25627499684263,0.0,B2,0,1,deuteron,1000010020,49.52331336404725,49.52331336404725,12.809768774867056,12.809768774867056,1,1,109.24261409272685
21227,2212,68.31931438462699,0.0,B4,2,1,deuteron,1000010020,122.67123286816988,62.88004735787681,10.676157404504593,11.059506977644133,3,2,335.65868908228833
154,2212,88.12455326140073,0.0,B2,0,1,deuteron,1000010020,44.67954595408481,44.67954595408481,11.70210231782888,11.702102317828878,1,1,109.3324380214693
22676,2212,161.17736417743004,0.0,B8,6,0,proton,2212,57.83914579889667,19.661111976788625,7.050965149401563,7.540336192828682,4,4,468.3796583939592
12029,2212,99.93733551583071,0.0,B2,0,1,deuteron,1000010020,89.30720045894418,55.469402316500904,9.277727242955148,11.341560451368144,2,1,123.66169521150995
4768,2212,149.96307880349167,0.0,B8,6,0,proton,2212,85.8613430643989,40.94991191999408,7.226311451474242,7.862913453605796,4,4,464.16640919636984
6852,2212,163.74311655698227,0.0,B8,6,0,proton,2212,56.88847128042138,18.68778573095269,7.011961532008062,7.491162100035379,4,4,469.2333855110217
23752,2212,115.05483597808642,0.0,B2,0,1,deuteron,1000010020,50.695005750764324,50.695005750764324,13.828781798650633,13.828781798650633,1,1,110.53831729576696
21452,2212,153.1819745306216,0.0,B8,6,0,proton,2212,88.94085346582494,42.66233349603385,7.189033249668245,7.822469792307168,4,4,465.12856304104406
28013,2212,93.48555832045652,0.0,B2,0,1,deuteron,1000010020,74.03404816376691,60.65956192688789,9.179349120235976,11.678732026668465,3,1,219.14284367482597
15566,2212,52.26571736974351,0.0,B2,0,1,deuteron,1000010020,22.200351214590597,22.200351214590597,10.345234955305077,10.345234955305077,1,1,112.84501032772611
13463,2212,69.55814955421107,0.0,B4,2,1,deuteron,1000010020,83.71762637702044,58.8397046205828,10.803150210010442,11.11852860990929,2,2,224.205826170617
4877,2212,70.524267392767,0.0,B2,0,0,proton,2212,76.20650862512241,39.88124799759555,10.917308296347015,11.005814980267363,5,1,220.53707367907643
28754,2212,170.24765096643466,0.0,B2,0,0,proton,2212,9.998322395455517,9.998322395455517,7.017567583586951,7.017567583586951,1,1,113.66045429294422
18730,2212,161.2878763644471,0.0,B8,6,0,proton,2212,57.82611287390949,19.237614147032126,7.015384220766463,7.4966337683992945,4,4,467.1934952918774
8041,2212,115.85161874631714,0.0,B2,0,1,deuteron,1000010020,50.16474022222181,50.16474022222181,13.862927730026412,13.862927730026412,1,1,111.21277124918353
10948,2212,122.64839491885678,0.0,B2,0,1,deuteron,1000010020,47.753413524318965,47.753413524318965,14.722435273275424,14.722435273275426,1,1,112.35516941333537
27038,2212,114.1083909357933,0.0,B2,0,1,deuteron,1000010020,5.944608659440503,5.944608659440503,13.6209595010951,13.620959501095102,1,1,111.2388329536627
6162,2212,67.21361119407246,0.0,B4,2,1,deuteron,1000010020,105.78255577919589,56.16561756753246,10.622789291780299,10.869593901143459,3,2,336.11265790239963
15481,2212,109.13152834963358,0.0,B2,0,1,deuteron,1000010020,76.99595674254819,40.35828384976611,8.442165989442488,10.988492796085778,4,2,339.0676116520199
20684,2212,115.25020620752777,0.0,B2,0,1,deuteron,1000010020,48.207100476971384,48.207100476971384,13.69734157602224,13.69734157602224,1,1,110.6792275601711
17581,2212,59.16049356611636,0.0,B4,2,1,deuteron,1000010020,61.765261558432755,39.23587119137775,10.408396554391686,10.672301068564488,2,2,225.81716034680505
2819,2212,137.0330459938608,0.0,B8,6,0,proton,2212,74.50495043428977,26.612523642241502,7.518963375577334,8.102586699628779,4,4,465.58148538748264
12194,2212,68.2204524927802,0.0,B2,0,0,proton,2212,128.66228208790525,42.23536175127232,10.647468725006926,11.10025027961401,5,2,335.1392346786524
13819,2212,111.28249200248365,0.0,B2,0,1,deuteron,1000010020,39.963599890384714,39.963599890384714,13.11314638826934,13.11314638826934,1,1,110.05373332498007
18818,2212,56.3466298637701,0.0,B4,2,1,deuteron,1000010020,98.75375732282606,37.513340165857926,10.344756482238047,10.74778815369653,6,2,226.89325459200015
8785,2212,147.11222727043025,0.0,B6,4,0,proton,2212,70.75553773913852,21.156394880053103,7.258089647867902,7.808353759465576,4,4,461.28207601337425
14094,2212,81.61149834817736,0.0,B2,0,0,proton,2212,82.0508146696188,41.759354039574404,9.960676863159266,10.665602156522057,2,1,218.90446760622257
7185,2212,54.288178174430705,0.0,B4,2,1,deuteron,1000010020,58.866298347194395,36.410176081244195,10.332965637907696,10.587701913110488,2,2,227.45849353459099
4923,2212,143.01896125144037,0.0,B6,4,0,proton,2212,50.34531646913595,22.604507956707536,7.363260314893404,7.728105725123713,3,3,340.83833205962867
17680,2212,143.7346584435986,0.0,B2,0,1,deuteron,1000010020,87.26512424168286,35.85760843440719,7.399938714420528,12.479701400327174,4,3,454.7206008314035
13759,2212,77.22333912753281,0.0,B2,0,1,deuteron,1000010020,68.48969060211084,36.19983667911767,10.437595660805194,10.828025128549214,2,1,219.2722592973625
2903,2212,164.32368585066473,0.0,B8,6,0,proton,2212,55.49463205037826,18.685090212837785,6.992656503718726,7.4754648929204714,4,4,469.1200842454863
9800,2212,93.55131220766516,0.0,B2,0,0,proton,2212,24.988078591718942,24.988078591718942,8.983052347702,8.983052347702,1,1,109.81075713307405
4594,2212,109.35306353599022,0.0,B2,0,1,deuteron,1000010020,71.69166944836317,42.406230494529666,8.467363433431116,11.334413835696216,3,2,339.38996283714425
1607,2212,102.2805774169748,0.0,B4,2,0,proton,2212,92.46093714828763,38.29757290888077,8.77971770784479,10.365327051102343,3,2,336.26098133640903
24106,2212,57.35719892215856,0.0,B4,2,1,deuteron,1000010020,61.64426141226518,38.66566456429634,10.361228983986159,10.621385755581985,2,2,226.37262459125967
11359,2212,158.32511661511683,0.0,B8,6,0,proton,2212,73.52122416104385,30.67870129538861,7.085414903047341,7.657956626569448,4,4,465.7605261094037
17127,2212,85.4749282282543,0.0,B2,0,1,deuteron,1000010020,90.5262313509127,44.559966361803546,9.678558502018527,10.662841065459537,4,1,218.95588520019857
6741,2212,75.13072479565024,0.0,B2,0,1,deuteron,1000010020,33.85801225867702,33.85801225867702,11.064189838196068,11.064189838196068,1,1,109.28538973170517
9365,2212,65.15328882424978,0.0,B4,2,1,deuteron,1000010020,93.65763175063286,51.7005129726556,10.591210823960717,10.910269923946272,4,2,224.02483791544572
909,2212,85.39823822821315,0.0,B2,0,1,deuteron,1000010020,78.71672597479778,43.42346656802088,9.514623138479443,10.645059954128284,2,1,218.77019784112832
7386,2212,68.00359919444674,0.0,B4,2,1,deuteron,1000010020,105.90259419939304,62.82824708074873,10.775805116422216,11.168264820169872,4,2,336.58200489957073
25894,2212,137.504259378596,0.0,B8,6,0,proton,2212,82.43241887265337,35.92475199465235,7.491179538996658,8.11284261297595,4,4,466.3146719767344
21897,2212,92.77956741741697,0.0,B2,0,1,deuteron,1000010020,89.42516869283371,63.87478205497612,9.044565121039064,11.242306345160815,2,1,218.6980957436047
4198,2212,163.87173742357666,0.0,B2,0,0,proton,2212,11.353028493968951,11.353028493968951,7.03221135881182,7.03221135881182,1,1,111.87519354096143
5077,2212,124.56552583181022,0.0,B2,0,0,proton,2212,4.466310848533315,4.466310848533315,7.951687910005388,7.951687910005388,1,1,112.33977305315344
580,2212,67.41466639559238,0.0,B4,2,1,deuteron,1000010020,102.42629702685436,53.15926548780897,10.61429537183956,10.85826529559278,3,2,335.8758746875369
21647,2212,52.65059791751392,0.0,B4,2,1,deuteron,1000010020,55.90028538662519,33.75088468397165,10.264915931998466,10.509884872298294,2,2,228.0061550340904
14281,2212,157.32826853590262,0.0,B8,6,0,proton,2212,72.63079492208765,31.049090329428452,7.116807054182217,7.698456086429829,4,4,466.3850069167321
18598,2212,106.0377827334077,0.0,B2,0,1,deuteron,1000010020,90.37420673112298,37.75562398856687,8.62618758931444,10.464763726863483,3,2,337.64594693873926
13274,2212,57.36747455548627,0.0,B4,2,1,deuteron,1000010020,59.6679710521159,37.61046977611374,10.374711782001949,10.635328397635307,2,2,226.550099845219
29339,2212,119.2118579386062,0.0,B2,0,1,deuteron,1000010020,66.45633878033829,63.3825789709254,14.332030081549002,14.334913668189902,2,1,111.65389101120563
436,2212,52.19212063760937,0.0,B4,2,1,deuteron,1000010020,47.934435403567065,25.566815853907148,10.273613126768442,10.491262873982189,2,2,228.11455712183738
6087,2212,150.32615346221542,0.0,B8,6,0,proton,2212,83.19946160322743,35.66842231795517,7.211283350941299,7.820894898359117,4,4,464.0945064487612
9610,2212,105.53914076406583,0.0,B4,2,0,proton,2212,96.5918335496898,41.18650391865981,8.637186255925288,10.416501668731392,3,2,336.2073264184392
5709,2212,91.17272157370789,0.0,B2,0,1,deuteron,1000010020,84.55880047115895,56.075036012622206,9.165145227800815,11.028706124587437,2,1,218.6808665512807
17325,2212,99.4110653245924,0.0,B2,0,1,deuteron,1000010020,119.20802659663758,53.988911802432106,8.734672583913172,10.66453479343018,3,2,333.50302098489436
29884,2212,51.950873389802766,0.0,B2,0,1,deuteron,1000010020,22.17460343273915,22.17460343273915,10.27212463230047,10.27212463230047,1,1,112.32224761617647
8983,2212,155.57055166838813,0.0,B8,6,0,proton,2212,91.19392221204487,47.238985294868804,7.1656479970208915,7.814718974447119,4,4,466.1181177993235
1804,2212,142.00444137342754,0.0,B6,4,1,deuteron,1000010020,65.41324498851469,20.0101089477539,7.422514458930204,7.861052468485026,8,3,342.9829772888688
6210,2212,156.88022653982654,0.0,B8,6,0,proton,2212,74.93941201216069,32.100455090200576,7.130490998233769,7.710829994060092,5,4,466.4793472718895
12248,2212,54.8747794363661,0.0,B2,0,1,deuteron,1000010020,22.953061668464123,22.702665851268748,10.320097923624065,10.32600409248867,2,2,111.60557139251411
27541,2212,128.64835318131253,0.0,B6,4,0,proton,2212,55.68284456507385,26.02258291948798,7.798847812702513,8.185190606751833,3,3,346.53165010117044
1234,2212,158.1929022107026,0.0,B2,0,0,proton,2212,6.117055020858056,6.117055020858056,7.067912437328508,7.067912437328508,1,1,110.37057869917703
25528,2212,167.30475350537932,0.0,B8,6,0,proton,2212,55.257669350631275,18.605259094802477,6.995633378522441,7.477236224703085,5,4,471.72553340771253
19844,2212,72.58173700646489,0.0,B2,0,1,deuteron,1000010020,61.5528046595483,32.652425990392025,10.206567755970845,10.623796428616528,2,1,220.0044433146472
19612,2212,60.11787998749904,0.0,B4,2,1,deuteron,1000010020,62.605763535070714,39.4572911728984,10.466682904855341,10.729825295739946,2,2,226.34500637132066
13448,2212,59.97855512521062,0.0,B4,2,1,deuteron,1000010020,62.79964749650975,39.812964386359226,10.430861483443671,10.696402867900229,2,2,225.08775155781308
11287,2212,80.6979087970083,0.0,B2,0,0,proton,2212,80.19113299015568,42.1318023784794,9.988011187679499,10.61452551535047,2,1,218.99739890010665
11959,2212,81.65316091218273,0.0,B2,0,1,deuteron,1000010020,56.221950274003646,38.8644118128212,9.778738697013894,10.88716049387923,2,1,218.74511483287722
25075,2212,142.94726160443975,0.0,B6,4,0,proton,2212,63.63984509240663,21.97539076953688,7.371834434046563,7.883121550747004,4,4,464.2680664775516
6910,2212,158.43895725871567,0.0,B8,6,0,proton,2212,73.32175158710137,31.475533815477853,7.072706467992072,7.650894564572549,4,4,464.5340656428408
13581,2212,112.47526801707765,0.0,B2,0,1,deuteron,1000010020,43.97051744941546,43.97051744941546,13.500674892489405,13.500674892489405,1,1,110.74606690215771
29069,2212,138.1457987540864,0.0,B6,4,0,proton,2212,53.31427343522009,24.699951092265994,7.486542547808102,7.8680536652532815,4,3,343.494653315554
11172,2212,135.27507384829093,0.0,B8,6,0,proton,2212,69.14717490170099,21.06871440718049,7.592189933370694,8.152634424557453,4,4,467.16161972343787
4785,2212,72.78739293969124,0.0,B2,0,0,proton,2212,68.10730513330644,35.05736914175585,10.999690162214272,11.198971228546247,2,1,220.63986178616912
9564,2212,160.91924951947834,0.0,B8,6,0,proton,2212,58.30371395861748,19.742395572230766,7.022304868393823,7.523901814269435,5,4,466.9671067374858
11865,2212,155.7687007246436,0.0,B8,6,0,proton,2212,77.30987067095671,34.19691210877869,7.129411536027087,7.7235468895928445,4,4,465.82084471962355
5086,2212,64.34699636997786,0.0,B4,2,1,deuteron,1000010020,67.60966790035218,44.88946072151825,10.5595613755143,10.841825429365754,2,2,224.80124687292027
18433,2212,136.67967471475515,0.0,B8,6,0,proton,2212,76.00351655815479,29.28660836027567,7.54247625256379,8.144832604786506,4,4,466.25221080556923
22680,2212,164.41472442602713,0.0,B8,6,0,proton,2212,58.305598070528205,18.7157066793978,7.0225056467217435,7.493677398363659,4,4,471.1207446743387
16948,2212,62.75576479072225,0.0,B2,0,0,proton,2212,41.44015742411326,29.983416973882523,10.563014929908105,10.62162259319843,8,3,122.4419232398916
16482,2212,158.93151931934776,0.0,B8,6,0,proton,2212,69.56661799470456,27.86312554410448,7.118147941047939,7.674135139118955,4,4,468.1403698132194
10104,2212,70.53228163893104,0.0,B2,0,0,proton,2212,70.66525726758385,39.444549240682655,10.897648461895225,11.058244383818115,2,1,220.68521872385494
22514,2212,104.85902073812481,0.0,B4,2,0,proton,2212,64.04772059658846,46.228708704108264,8.684257134399317,8.953251848146802,2,2,226.6109021487856
24823,2212,79.52459509716297,0.0,B2,0,1,deuteron,1000010020,79.90536236181266,37.31720321709606,9.889476895227482,10.567510032184522,3,1,218.62484927181396
28925,2212,143.5329777008517,0.0,B6,4,0,proton,2212,51.110491935555714,21.993672946886345,7.3229716313458,7.6766545927602285,3,3,341.1842702895326
6553,2212,81.88847935880543,0.0,B2,0,1,deuteron,1000010020,41.45969390841922,41.45969390841922,11.412531339322573,11.412531339322573,1,1,108.92129125142495
4828,2212,103.64230720041863,0.0,B4,2,0,proton,2212,100.33209619151172,45.153001495870186,8.61946682202673,10.22939989356895,3,2,335.43718216838124
16919,2212,161.6179627261509,0.0,B8,6,0,proton,2212,58.87208495665489,20.36961820605875,7.06302704792842,7.55894480437911,4,4,469.6178781032847
4426,2212,81.33502873482111,0.0,B2,0,0,proton,2212,82.1359263736042,43.651071739491336,9.85242007835852,10.555085451564928,2,1,218.87701941351833
13277,2212,63.348125368433934,0.0,B4,2,1,deuteron,1000010020,70.35389854024105,46.53836408715443,10.567768124570707,10.84965118837241,2,2,225.75280403885915
16047,2212,135.18447426465525,0.0,B8,6,0,proton,2212,74.18215790358708,27.248601211290563,7.552843202445039,8.149393207260818,4,4,465.3668508996266
17477,2212,154.52255181680016,0.0,B8,6,0,proton,2212,77.90185697640999,34.55277348888636,7.1270745460648115,7.721244036109437,4,4,464.37631237264077
26366,2212,148.74372391374698,0.0,B8,6,0,proton,2212,77.07036786255371,30.81000463877157,7.275992431353955,7.881792415505065,4,4,464.7798511137728
4958,2212,144.00662223478915,0.0,B2,0,1,deuteron,1000010020,89.25843170808311,38.0349164729471,7.3250300637921395,12.470605772566104,4,3,453.2104369023755
19227,2212,110.31420451484497,0.0,B2,0,1,deuteron,1000010020,46.163034743938006,41.84165739953131,8.42706264081518,12.850314759236882,2,1,222.98583163182863
1276,2212,108.48023190884368,0.0,B2,0,1,deuteron,1000010020,40.276109419463985,20.51223781793844,8.447329883324562,10.848912638592976,3,2,338.85662804262364
579,2212,105.99847750076354,0.0,B2,0,1,deuteron,1000010020,98.59844775740939,38.4844147605846,8.654832422820306,10.468927764711339,5,2,337.11213325227396
7349,2212,146.64591450981737,0.0,B2,0,1,deuteron,1000010020,69.11919465945712,39.88150096692549,7.239663867598782,13.787780098166873,4,3,452.3253683364574
14517,2212,156.30945740997916,0.0,B8,6,0,proton,2212,71.4923292679579,30.575229430791474,7.119217652280041,7.694183787992971,4,4,466.05241046572905
4391,2212,77.48758854277209,0.0,B2,0,1,deuteron,1000010020,61.66232254983668,36.04612997947661,10.01441801045781,10.705454316330531,2,1,219.47621232053837
5471,2212,85.70891079167903,0.0,B2,0,0,proton,2212,91.85467837646729,48.4897642498031,9.714137152045103,10.604908954402816,2,1,219.49803087409026
28012,2212,73.65433421953944,0.0,B2,0,1,deuteron,1000010020,33.41276442237922,33.41276442237922,11.01079552613231,11.01079552613231,1,1,109.40448808735133
17384,2212,123.15832736297874,0.0,B2,0,1,deuteron,1000010020,61.48233908497736,61.48233908497736,14.85194873061514,14.85194873061514,1,1,111.47906379095306
18915,2212,81.7997773384641,0.0,B2,0,1,deuteron,1000010020,39.99705406725772,39.99705406725772,11.356132821377264,11.356132821377264,1,1,109.1371849729936
6735,2212,53.188702517152024,0.0,B4,2,1,deuteron,1000010020,54.45689585045989,31.93913692112289,10.38316581406035,10.623730084822926,2,2,229.16848495023083
22267,2212,67.62172828909272,0.0,B4,2,0,proton,2212,55.02157036364453,30.715021164038713,10.739947055480487,10.996101202395568,2,2,111.57961292658005
26767,2212,163.56155059532804,0.0,B4,2,0,proton,2212,47.99921626403825,37.19987958774141,7.060776721230474,7.3061280654740415,2,2,114.26660671996027
25600,2212,146.31273711196653,0.0,B2,0,1,deuteron,1000010020,85.24781954176852,41.96292214718214,7.267742872076873,12.6583677458489,6,3,453.1147354386436
23509,2212,100.37969146930045,0.0,B2,0,1,deuteron,1000010020,114.88040214811679,51.37584936675166,8.706919581703731,10.691150136172865,3,2,334.35619567828627
29225,2212,81.54524296298699,0.0,B2,0,1,deuteron,1000010020,30.598053439595784,16.626209013728722,11.363580541511919,11.419385295138847,5,1,109.09279386305124
1469,2212,55.614020702453104,0.0,B4,2,1,deuteron,1000010020,58.135852896372555,35.579375670611775,10.31709941770619,10.568308335561143,2,2,226.80614165687916
5065,2212,122.15976567671305,0.0,B2,0,1,deuteron,1000010020,65.69129759529979,65.69129759529979,14.407358280949941,14.407358280949941,1,1,111.61517491453439
959,2212,118.02196474089315,0.0,B2,0,1,deuteron,1000010020,57.00143157636974,57.00143157636974,14.15869012404878,14.158690124048782,1,1,110.84728365916297
16670,2212,149.5906304571198,0.0,B8,6,0,proton,2212,79.88736143053966,32.60560396059667,7.197480423409707,7.804936587814663,5,4,461.37179664890266
16804,2212,62.364371344448074,0.0,B4,2,1,deuteron,1000010020,66.32081924796981,43.43405202105877,10.51110859008475,10.788536340802201,2,2,224.59755307218072
24669,2212,158.59114872633057,0.0,B4,2,0,proton,2212,39.7936164615715,14.906187170507831,7.107926886968666,7.402898026900882,5,3,344.34382120945327
8302,2212,165.23142090337453,0.0,B8,6,0,proton,2212,54.68235845762702,18.638308860000226,7.028574384396005,7.511640476733899,4,4,472.2290412212337
21834,2212,102.21227500644827,0.0,B4,2,0,proton,2212,91.15644094498674,36.009566166738246,8.78656001433974,10.42018891598306,3,2,335.8701465040797
28322,2212,50.43701700524092,0.0,B2,0,1,deuteron,1000010020,19.50072662106212,19.50072662106212,10.206391472757312,10.206391472757312,1,1,112.17369507854387
16417,2212,55.87422971521069,0.0,B2,0,1,deuteron,1000010020,27.103601428409263,22.19246212027456,10.36762479778407,10.447195293245555,2,2,111.77110311026524
14782,2212,143.015344916727,0.0,B6,4,0,proton,2212,53.37105149123556,23.39931619879129,7.386932369560459,7.75038481840854,3,3,342.2878558111251
29988,2212,150.82257524873492,0.0,B8,6,0,proton,2212,84.30349631904619,38.95380133678286,7.197178692840608,7.8305059412239055,4,4,462.5197447223488
2109,2212,125.60689863707188,0.0,B4,2,0,proton,2212,31.02073924744925,16.247507067384387,7.936043129125557,8.111888274894072,3,3,350.1123500743364
13317,2212,94.79338758758566,0.0,B2,0,1,deuteron,1000010020,61.78777643111573,61.78777643111573,12.213840171527314,12.213840171527314,1,1,109.59917799492007
15062,2212,84.9301407752727,0.0,B2,0,1,deuteron,1000010020,74.92905367339797,41.861579675903855,9.439292851321301,10.617275908914705,2,1,218.47187159721352
28713,2212,52.73822219269534,0.0,B4,2,1,deuteron,1000010020,56.89446507033138,35.19126557591039,10.264685652463099,10.51624196440596,2,2,227.80739426012235
17931,2212,97.77555635772623,0.0,B2,0,1,deuteron,1000010020,119.31948280620601,56.92430624618034,8.797627451936048,10.678181156023564,3,2,333.8690627421849
20037,2212,146.90197106911404,0.0,B6,4,0,proton,2212,65.11225402652767,20.210081486374538,7.296349804858621,7.832486197750285,4,4,462.74797755809607
7188,2212,72.81486845929257,0.0,B2,0,1,deuteron,1000010020,63.711894226997295,33.24145779574333,10.202761025294508,10.61848803482315,2,1,219.98640850860124
18091,2212,81.98721800413728,0.0,B2,0,0,proton,2212,80.5181577400933,40.55060626858753,10.008876862444698,10.728372330447547,2,1,218.9111177721564
12548,2212,136.1455406488811,0.0,B8,6,0,proton,2212,78.54030338091525,32.37496068069567,7.528965559601777,8.145558797657538,4,4,466.57163814798196
19276,2212,118.17074006023896,0.0,B2,0,1,deuteron,1000010020,62.31775158605706,62.31775158605706,14.280152951528935,14.280152951528935,1,1,111.75547712287332
21587,2212,152.5584934122561,0.0,B8,6,0,proton,2212,88.38662282569857,43.44561201372132,7.1513875623279155,7.790744479556837,4,4,462.3040699714335
3892,2212,109.76706073896209,0.0,B2,0,0,proton,2212,14.816319636102596,14.816319636102596,8.424931715457785,8.424931715457785,1,1,112.53629069430374
24071,2212,50.775025469301504,0.0,B2,0,1,deuteron,1000010020,19.559723953738363,19.559723953738363,10.246006568938032,10.246006568938032,1,1,112.35231398536337
11065,2212,142.02618009685716,0.0,B6,4,0,proton,2212,71.93824668663221,22.58402125837817,7.421556669084248,10.73496986036779,4,3,454.6934932012995
12304,2212,153.51672135327573,0.0,B8,6,0,proton,2212,86.94455788887697,43.77051507027573,7.1507401692336465,7.790384045384077,4,4,464.0322144390942
26769,2212,166.63779219303416,0.0,B8,6,0,proton,2212,53.95561300926954,17.565614091131305,7.039883442846212,7.508947661364339,4,4,473.953836117621
22431,2212,157.66941743594683,0.0,B8,6,0,proton,2212,86.59692814817282,42.87397825346484,7.107054322906343,7.740475797267902,5,4,465.7271601738626
23033,2212,97.90261830429803,0.0,B2,0,1,deuteron,1000010020,56.88267647927309,56.88267647927309,12.404475371035149,12.404475371035149,1,1,109.10649912646033
1127,2212,61.80409777356172,0.0,B4,2,1,deuteron,1000010020,66.07702360189931,43.33004122063488,10.499776370997942,10.776033755089243,2,2,225.71994343779744
25554,2212,139.0405872295691,0.0,B8,6,0,proton,2212,77.72620108941025,28.112101133993914,7.4320803503575315,8.023293432035292,5,4,463.8281974318601
10481,2212,132.82219732451705,0.0,B4,2,0,proton,2212,63.441540371121064,15.474529864548943,7.64442099085629,8.105558633229975,7,3,345.4715790957962
14387,2212,72.94331069062827,0.0,B2,0,1,deuteron,1000010020,62.75116555175302,31.925914396529922,10.479716989363997,10.735212515400328,2,1,220.10916484267665
28704,2212,62.69590966186964,0.0,B4,2,1,deuteron,1000010020,67.44809448419736,44.429836013479154,10.54966772400208,10.828458136902107,2,2,225.77208520462324
7414,2212,52.024197771967245,0.0,B2,0,1,deuteron,1000010020,21.578459252417385,21.578459252417385,10.307019644689065,10.307019644689065,1,1,112.43412195208184
11087,2212,63.22023803981951,0.0,B2,0,1,deuteron,1000010020,43.10811445790703,23.869042160787924,10.507446656543344,10.951112452472623,5,2,110.53844029337141
9867,2212,125.8127912087976,0.0,B4,2,0,proton,2212,26.854856429567043,13.516423909117192,7.865767839170135,8.017455764205351,2,2,228.30879347041022
3428,2212,162.73798228751377,0.0,B8,6,0,proton,2212,57.91447300798633,20.224313542527184,7.044934262847217,7.540492030624633,4,4,471.0296878525913
22130,2212,159.11252072584773,0.0,B8,6,0,proton,2212,70.80315402489798,28.719441541651253,7.043645458949488,7.598951351468745,4,4,464.2072445970875
22269,2212,67.14577968653212,0.0,B4,2,1,deuteron,1000010020,82.06955358692402,46.10947449552837,10.695939950013354,11.041943203464085,4,2,223.94913470468848
2983,2212,157.99669015416157,0.0,B8,6,0,proton,2212,69.97007134388365,29.010319889270743,7.089397545110761,7.6590348928755905,4,4,465.65218707765183
4996,2212,163.68783651843853,0.0,B8,6,0,proton,2212,52.71818086227976,17.53142248043671,7.000323673834485,7.47363562173541,4,4,468.3537715026801
659,2212,142.36848736069499,0.0,B6,4,0,proton,2212,50.83346970039622,23.44286153907481,7.418706751127577,7.7898890017068485,3,3,343.1964734995199
26520,2212,120.67328653231831,0.0,B2,0,1,deuteron,1000010020,60.36098220073888,60.36098220073888,14.329851969848605,14.329851969848605,1,1,112.09040287517355
18120,2212,66.79286958987385,0.0,B4,2,1,deuteron,1000010020,113.73915450828655,54.313768414218345,10.666360475406423,11.173025583883051,3,2,336.10456591018783
12421,2212,71.0375479531666,0.0,B2,0,0,proton,2212,74.71008854614854,43.03731689831878,10.473180314209356,10.639822222916253,2,1,220.3041445396404
20455,2212,92.69759263272428,0.0,B2,0,1,deuteron,1000010020,89.58789103214642,62.63045567266609,9.142712633042933,11.205762223435018,2,1,219.0187978127057
171,2212,105.95765429098951,0.0,B4,2,0,proton,2212,106.12478308398781,47.87520225115228,8.789027788888976,10.494794417598108,3,2,338.9073762390951
10719,2212,170.56845583491435,0.0,B2,0,0,proton,2212,5.367922632598071,5.367922632598071,7.007150604791351,7.007150604791351,1,1,112.8178354491685
13696,2212,105.69418753608053,0.0,B2,0,0,proton,2212,30.04080189797204,30.04080189797204,9.174259088618246,9.174259088618246,1,1,30.59951920256946
8990,2212,54.841254026435124,0.0,B4,2,1,deuteron,1000010020,57.62174470824271,35.673075734888016,10.332347986420375,10.585486823410015,2,2,227.47123719121868
16628,2212,166.73043988807058,0.0,B8,6,0,proton,2212,53.58156767908457,17.163971066393557,6.9951275501409125,7.464730664020797,4,4,472.5727060848976
27254,2212,66.59262896194218,0.0,B2,0,0,proton,2212,49.8095643301326,24.65991455858416,10.457423977132084,10.558418399745047,6,3,256.5453362160937
8384,2212,116.47487372012483,0.0,B2,0,1,deuteron,1000010020,50.80703654656965,50.80703654656965,14.036168450492836,14.036168450492836,1,1,111.69717969086312
5081,2212,135.82023905945638,0.0,B8,6,0,proton,2212,75.08517972069477,28.079014139105706,7.552057307257195,8.148901087888117,4,4,467.26225833054286
17078,2212,57.95780183077671,0.0,B4,2,1,deuteron,1000010020,60.838733008547514,38.090497421826576,10.340398512873792,10.600196262279992,2,2,225.35785020538248
15417,2212,162.05619072162725,0.0,B8,6,0,proton,2212,85.63998133981625,22.229347229003903,7.0525420262788625,7.711101028013381,9,4,470.04760277849454
11426,2212,76.68685950177314,0.0,B2,0,1,deuteron,1000010020,68.22831492599423,35.28206045634068,9.868472321472147,10.496838979008041,2,1,219.3395672479558
18892,2212,142.81672539600254,0.0,B6,4,0,proton,2212,70.61588470544947,21.22321211686242,7.395352478874196,7.87832046365047,7,3,343.2098654903782
22031,2212,115.17856195133437,0.0,B2,0,1,deuteron,1000010020,46.88659142282633,46.88659142282633,13.735703032518138,13.735703032518138,1,1,110.77691456237787
25586,2212,149.66731802698567,0.0,B2,0,0,proton,2212,38.95559913056927,12.919160842895508,7.2469024633950685,7.706434175379592,9,2,130.93552255391336
7878,2212,163.43778550686324,0.0,B8,6,0,proton,2212,54.530308494304364,17.435232453648595,6.994525430429468,7.462605788593514,4,4,468.4280426427219
19553,2212,70.82054407472637,0.0,B2,0,0,proton,2212,73.86205877536425,42.93181248141834,10.600750564116096,10.71237647356796,2,1,220.85184643550147
24759,2212,137.4786085531272,0.0,B8,6,0,proton,2212,77.31871470601871,30.501056905870204,7.5219844351607055,8.122496723034526,4,4,466.05740512212003
6048,2212,65.71464636955385,0.0,B4,2,1,deuteron,1000010020,70.46236982239553,47.5207537432575,10.646846069916743,10.9360073611608,2,2,225.3726338083619
22875,2212,126.93487185403421,0.0,B6,4,0,proton,2212,56.57110808511956,26.769234608546956,7.860701493416984,8.252889565070841,4,3,348.4240630911555
28465,2212,65.89129489976668,0.0,B4,2,1,deuteron,1000010020,72.711280755856,49.020612879134106,10.583702185473468,10.872708955130289,2,2,223.8625039379439
13031,2212,120.4062695430182,0.0,B2,0,1,deuteron,1000010020,66.13426082399451,66.13426082399451,14.384456539222182,14.384456539222182,1,1,111.79883395804055
24770,2212,120.93541999053438,0.0,B2,0,1,deuteron,1000010020,64.36429050752083,64.36429050752083,14.577569060383114,14.577569060383114,1,1,111.84321580907515
8604,2212,166.44182057684662,0.0,B8,6,0,proton,2212,55.69654459169456,17.792136123154688,7.016746897502082,7.48596089274529,4,4,473.38260763017206
23223,2212,65.30219517803913,0.0,B4,2,1,deuteron,1000010020,83.97843309961128,49.02837427013664,10.588144387836692,11.050471973265376,3,2,336.5899334209648
13617,2212,170.48751666953945,0.0,B2,0,0,proton,2212,10.481262886563952,10.481262886563952,6.9629058202165846,6.962905820216584,1,1,113.10009297801005
163,2212,101.60116812519904,0.0,B2,0,1,deuteron,1000010020,34.5991485547876,34.5991485547876,12.414809132808074,12.414809132808074,1,1,109.61531264967684
25188,2212,62.629292431744425,0.0,B4,2,1,deuteron,1000010020,67.09348718909332,43.48769005675653,10.594105984070445,10.869143907743634,2,2,226.2351991064549
19923,2212,66.4562862019412,0.0,B4,2,1,deuteron,1000010020,83.62832201663488,59.2160602401827,10.694095785010372,11.003695518377032,2,2,224.67107838045723
7950,2212,131.8455424837381,0.0,B6,4,0,proton,2212,52.254033665125405,23.620109197102874,7.729394168045621,8.101747669593667,3,3,346.98861806641264
3596,2212,100.8358068360048,0.0,B2,0,1,deuteron,1000010020,105.98459359590838,41.01978302001953,8.682605800894796,10.444139494754548,13,2,226.52201614245044
16067,2212,166.92307033601293,0.0,B8,6,0,proton,2212,53.32288495237937,17.15980110633377,6.999350532518194,7.467243768323141,4,4,472.3708983858144
3656,2212,53.903653208200474,0.0,B4,2,1,deuteron,1000010020,58.333387289077166,35.974252876651576,10.365073381908132,10.617352880111598,2,2,228.52320658008279
9390,2212,163.3421242649537,0.0,B8,6,0,proton,2212,52.94484432253832,17.36034886295831,7.010692991082395,7.48910057374353,4,4,468.7709450323902
15991,2212,67.57051812557252,0.0,B4,2,1,deuteron,1000010020,103.82793787758575,54.24203879794213,10.523907584847725,10.845979749894719,3,2,335.8838412396702
16691,2212,157.4068702985036,0.0,B8,6,0,proton,2212,72.3223163447519,29.67401187167325,7.089880563289397,7.651531363480202,4,4,465.5729163935062
20729,2212,161.35167211192825,0.0,B8,6,0,proton,2212,55.64321267736193,18.890774046645152,7.04653312577823,7.531012836475688,4,4,467.9600128861606
26721,2212,113.08434504700624,0.0,B2,0,1,deuteron,1000010020,43.85877628131388,43.85877628131388,13.539997271757077,13.539997271757077,1,1,110.55837027603415
14551,2212,59.713135005595795,0.0,B4,2,1,deuteron,1000010020,62.50288009904205,40.07564650526727,10.442126126945022,10.709379355301913,2,2,226.07902676798315
13087,2212,97.76601070103403,0.0,B2,0,1,deuteron,1000010020,116.8310834519697,55.4401298026457,8.839001941116637,10.710657746333812,4,2,223.2768470689941
20522,2212,100.46084311711431,0.0,B2,0,1,deuteron,1000010020,105.64464172798836,52.81068808739712,8.664718659364015,10.807923622707051,3,2,333.7008287865882
12753,2212,142.86684973845396,0.0,B6,4,0,proton,2212,52.40228356659951,22.750614315129035,7.4021326032543255,7.762720953325524,3,3,342.9844127087692
5557,2212,104.40902588645406,0.0,B4,2,0,proton,2212,95.71819864923273,42.157569630967814,8.58549827530518,10.256284388801093,3,2,335.72259318967554
7706,2212,129.68519272208474,0.0,B6,4,0,proton,2212,53.535500796379395,24.618035924669574,7.789880894616646,8.16945039543588,3,3,346.8554017811005
12630,2212,119.93730219823941,0.0,B2,0,1,deuteron,1000010020,54.10805645561169,26.287979676145994,14.31191478065676,14.442425830914761,7,2,121.33354152659678
14432,2212,126.7536175243755,0.0,B4,2,0,proton,2212,43.861404628040134,17.340752301604716,7.85448627102367,8.162959239156656,3,3,347.1238072759697
17939,2212,98.6744921592165,0.0,B2,0,1,deuteron,1000010020,116.78738576154916,56.532134966456795,8.75378584318099,10.656344581684595,3,2,334.7038572694517
22716,2212,112.82923309617279,0.0,B2,0,1,deuteron,1000010020,41.81339179994064,41.81339179994064,13.29807893396072,13.298078933960719,1,1,110.41936279956671
25907,2212,116.2034329531376,0.0,B2,0,1,deuteron,1000010020,48.453108923384164,48.453108923384164,13.753863338172904,13.753863338172902,1,1,110.91431905345306
10433,2212,170.40982886704745,0.0,B4,2,0,proton,2212,22.161202445915087,12.091539833526348,6.979501060944048,7.121948889364605,2,2,230.06183512489378
15789,2212,154.25871396687393,0.0,B8,6,0,proton,2212,89.93821560229415,46.417988070593374,7.150200396075531,7.792945651657148,4,4,465.2347431440637
23659,2212,129.8509824316555,0.0,B6,4,0,proton,2212,51.86548643156324,23.5532840443365,7.725675201409231,8.101186085988154,3,3,345.9384207167302
16511,2212,52.17871439206292,0.0,B4,2,1,deuteron,1000010020,57.54931934892778,34.94389453976934,10.258441864537971,10.506644125270688,2,2,227.47324581859698
5374,2212,168.20621848525928,0.0,B8,6,0,proton,2212,56.35226660102767,18.493242487111523,6.979328041541923,7.4550510770046925,4,4,473.12544972456976
12111,2212,154.73153270315913,0.0,B8,6,0,proton,2212,91.63251401034358,46.387677889828986,7.154059454088603,7.794718014347969,4,4,465.956133779025
23461,2212,151.16860867997394,0.0,B8,6,0,proton,2212,88.75399387289147,43.99336152878438,7.166392861995017,7.807923245988814,4,4,462.3854458551908
17118,2212,147.1499623559714,0.0,B8,6,0,proton,2212,109.98673505972475,25.03905566437946,7.287919051963912,11.585956627916469,7,4,575.2914181623024
8177,2212,103.5785570637201,0.0,B2,0,1,deuteron,1000010020,96.77594526498157,38.36104478944139,8.71226576315092,10.480473768288896,3,2,335.46234000336494
5499,2212,165.32317212315084,0.0,B8,6,0,proton,2212,52.805918429437725,17.568569381066283,7.0319307330822465,7.511124955784792,4,4,471.92368828956546
9768,2212,100.70178719975972,0.0,B2,0,1,deuteron,1000010020,114.83256544823217,50.10132573226672,8.791993857225185,10.554844830491621,6,1,220.64687125342158
13876,2212,104.11234013305943,0.0,B4,2,0,proton,2212,101.85554185164463,48.20084695308951,8.739370997018547,10.210627828645487,3,2,337.93070653052575
22396,2212,149.98608148040736,0.0,B8,6,0,proton,2212,83.62348871534124,38.06153094801593,7.174584007182256,7.8014589539701396,4,4,461.3467682255492
25581,2212,129.25002156222226,0.0,B6,4,0,proton,2212,54.56491263347534,25.378100543142903,7.850106655749262,8.23437744370518,3,3,349.34250588358435
4805,2212,156.5119453454332,0.0,B8,6,0,proton,2212,85.71243097613683,40.66648596534769,7.092937833024292,7.7073801307137435,4,4,463.15557459393136
5317,2212,113.99314706463417,0.0,B2,0,1,deuteron,1000010020,45.19568036119849,45.19568036119849,13.454145613413,13.454145613413,1,1,110.33362155586163
12388,2212,97.44470241679223,0.0,B2,0,1,deuteron,1000010020,122.08151697041583,57.403017876191704,8.772125152863694,10.63362894272415,3,2,333.2117860578287
19592,2212,122.10509948267512,0.0,B2,0,1,deuteron,1000010020,15.934145691925025,5.738886558777424,14.689383188888508,14.714860395465411,5,1,112.04242395804982
27472,2212,109.32750357986973,0.0,B2,0,1,deuteron,1000010020,63.02228010463516,41.38329350070231,8.427930955951192,11.550945057364098,3,2,339.110401499693
7438,2212,144.12255759641045,0.0,B6,4,0,proton,2212,67.72585895844912,21.06558197942331,7.35347434224619,7.893808072811181,4,4,463.96507360734824
14905,2212,87.42843291475549,0.0,B2,0,0,proton,2212,40.771703175153746,40.45707462962601,9.445591091157713,9.446731423779198,2,1,108.60255223245036
25115,2212,128.51435048160894,0.0,B6,4,0,proton,2212,52.896729014447324,24.205774140921484,7.775145816088182,8.154246692715699,3,3,347.2682993751531
15331,2212,146.0330478634325,0.0,B6,4,0,proton,2212,69.64650240988351,20.99826880212541,7.276808538524284,7.828655665026718,4,4,461.4746982512329
16129,2212,107.10329248518676,0.0,B2,0,1,deuteron,1000010020,39.08841341646683,39.08841341646683,12.904886021972509,12.904886021972509,1,1,109.90966940271419
10748,2212,134.44005585371553,0.0,B8,6,0,proton,2212,72.20090774128552,24.984565669212014,7.560302193824307,8.144855249619562,4,4,466.2056295370829
10686,2212,154.17269504125326,0.0,B8,6,0,proton,2212,91.48122581525188,47.04740357480708,7.148984215845001,7.7935540226181255,4,4,464.8781374903509
7599,2212,86.70796497936297,0.0,B2,0,1,deuteron,1000010020,47.74781043928823,47.74781043928823,11.73367066560756,11.73367066560756,1,1,109.07390790920894
21748,2212,120.3511543409121,0.0,B2,0,1,deuteron,1000010020,58.4770064839857,58.4770064839857,14.20317728844461,14.20317728844461,1,1,110.84191731705724
29365,2212,55.868240608981814,0.0,B4,2,1,deuteron,1000010020,58.95180714278326,37.467186591169984,10.347799170921533,10.608673546479922,2,2,226.70504569227364
14973,2212,112.7173906525718,0.0,B2,0,1,deuteron,1000010020,47.06577239069401,47.06577239069401,13.614256173230435,13.614256173230434,1,1,110.51560808798811
20807,2212,137.83808940383656,0.0,B8,6,0,proton,2212,76.68631292922264,28.07875186756046,7.46314040923911,8.049000771997594,4,4,463.8792839453342
2372,2212,100.77886965475246,0.0,B2,0,1,deuteron,1000010020,68.21461265465587,50.897035270480686,8.766242764566783,11.795954046336819,2,1,220.43876181367887
15603,2212,167.37103932069533,0.0,B8,6,0,proton,2212,53.88526534827922,17.748787967631475,7.0087038537704425,7.4785606727139635,4,4,473.28022350873425
21524,2212,152.0265944080375,0.0,B8,6,0,proton,2212,85.22820909015736,39.84908088611883,7.160024719858098,7.786448230333758,4,4,462.74075702180244
16533,2212,74.42245211096157,0.0,B2,0,1,deuteron,1000010020,57.36488270683989,32.968350945145076,9.929757686422002,10.546346754972653,2,1,219.70889745327713
16648,2212,152.53360843748345,0.0,B8,6,0,proton,2212,87.62200736837801,42.464006139090166,7.161553693277272,7.796634209215987,4,4,463.34585836325925
7293,2212,90.14292014521004,0.0,B2,0,1,deuteron,1000010020,78.87794226316468,52.59571843414125,9.087707496188868,10.912166573812877,2,1,218.61094351165121
18355,2212,127.78222316763836,0.0,B6,4,0,proton,2212,57.440207701959494,27.295979721146846,7.836925575577871,8.227824836864194,3,3,347.7367696336561
22675,2212,61.33157279619364,0.0,B4,2,1,deuteron,1000010020,64.1713470200665,40.9433667081104,10.48201739375806,10.750321473361108,2,2,225.50295465080876
28350,2212,96.81541959184192,0.0,B2,0,1,deuteron,1000010020,81.74941871156044,55.84094260065799,9.04575106575754,11.39479923494523,2,1,219.48178363904844
27710,2212,103.37563836639792,0.0,B4,2,0,proton,2212,97.26440022388621,40.828394412742846,8.695591140935466,10.391709328059376,3,2,335.49528447493566
8450,2212,154.719215749525,0.0,B8,6,0,proton,2212,91.93581509786895,47.274433699167254,7.132168078310264,7.775418634786911,4,4,464.28766853902107
21749,2212,165.648637681019,0.0,B8,6,0,proton,2212,54.621399796342594,18.070736171408278,7.008919160403375,7.4808724739585815,4,4,469.9705556653821
26934,2212,152.16653686385604,0.0,B8,6,0,proton,2212,85.26550170315836,41.74401953524426,7.1575928857972695,7.80121313721423,4,4,462.7756768875795
10802,2212,112.39266581699701,0.0,B2,0,1,deuteron,1000010020,45.97518419560537,45.97518419560537,13.58939198228741,13.58939198228741,1,1,110.87103460230917
23184,2212,143.16624294627806,0.0,B6,4,0,proton,2212,52.95045847677112,23.625182104248694,7.3729083719555035,7.736888588979069,3,3,342.1775358633637
5832,2212,168.0194163722394,0.0,B8,6,0,proton,2212,54.05023916442538,17.41976011446148,6.975512866119593,7.450504898682323,4,4,471.92589180300365
15677,2212,161.6794284567733,0.0,B8,6,0,proton,2212,55.553515413843066,18.630508180221135,6.9952990057458315,7.4735816291408,4,4,466.5734496264061
21715,2212,148.82436153951147,0.0,B8,6,0,proton,2212,79.92971729542279,33.75615274769246,7.206246029784467,7.8266897541998866,4,4,461.2320887579305
14364,2212,79.26050672629692,0.0,B2,0,1,deuteron,1000010020,73.36070285486689,36.736113219741384,10.21923209830023,10.736798073370514,3,1,219.19978603686067
21729,2212,53.077260041195835,0.0,B4,2,1,deuteron,1000010020,59.12185654419891,36.53140034367556,10.280915741902259,10.532528632043977,2,2,227.92322462189557
23356,2212,94.66066119592227,0.0,B2,0,0,proton,2212,71.63211237323262,41.25666577554226,9.017656513175401,11.105219333438262,4,1,219.28070487016214
12281,2212,147.1474782833751,0.0,B2,0,1,deuteron,1000010020,115.52910752375271,37.44083173227929,7.261204267550576,11.443070003038622,5,4,574.0996762685384
1370,2212,150.88912120704046,0.0,B8,6,0,proton,2212,83.82416049058202,38.5663248238487,7.215779026852103,7.844720623759073,4,4,463.96696476064403
13962,2212,74.30255709884223,0.0,B2,0,1,deuteron,1000010020,67.77225055180374,34.52296191803882,10.55680720729531,10.82254084070681,2,1,220.05978894170366
23930,2212,124.24656258426505,0.0,B2,0,1,deuteron,1000010020,59.91098022386269,59.91098022386269,15.096830029144826,15.096830029144826,1,1,111.91962530438634
10515,2212,134.3148307984722,0.0,B8,6,0,proton,2212,71.39386074794815,23.27294593136372,7.5780377288327845,8.151516176995438,4,4,465.96131916137693
29102,2212,148.26775532403676,0.0,B8,6,0,proton,2212,75.24434508696541,28.431232296663886,7.270608821034549,7.8654955636686665,4,4,463.661905748959
6495,2212,89.21948427732465,0.0,B2,0,1,deuteron,1000010020,73.61461995060989,47.198362051454374,9.22039672901853,10.823993306392369,2,1,218.8233614701609
21846,2212,87.86575139011431,0.0,B2,0,0,proton,2212,31.76385170903794,31.76385170903794,9.31363362411446,9.31363362411446,1,1,108.84874965453817
19941,2212,155.30682686916774,0.0,B8,6,0,proton,2212,92.29281735861804,47.898821119148565,7.122153913222614,7.77007783058922,4,4,463.76527599566214
8937,2212,135.29481313910358,0.0,B8,6,0,proton,2212,73.1637580924639,24.429474025532357,7.542564080571983,8.117948736893265,4,4,466.46458209242587
27412,2212,94.95739690290111,0.0,B2,0,1,deuteron,1000010020,84.94167047617923,59.202610935176345,9.037746740097015,11.36457598600516,2,1,218.99294163594908
19994,2212,114.44495271599249,0.0,B2,0,1,deuteron,1000010020,44.202943965701245,44.202943965701245,13.502336166912627,13.502336166912627,1,1,110.49758231456921
7848,2212,117.6461657053365,0.0,B2,0,1,deuteron,1000010020,53.87155303328097,53.87155303328097,14.174324937885903,14.174324937885903,1,1,111.55528572035553
15353,2212,73.5287060967735,0.0,B2,0,1,deuteron,1000010020,64.80507872670353,33.43990393088753,10.468650947988307,10.764856526940745,2,1,219.8560786219128
23420,2212,100.21730297043064,0.0,B2,0,1,deuteron,1000010020,108.01517027037895,54.236024464129315,8.733275249526276,10.760595486279579,3,2,335.6545962221022
20317,2212,101.0157769164953,0.0,B2,0,1,deuteron,1000010020,110.36611110566184,50.20191882576106,8.675433378201257,10.731076024452353,3,2,333.6280263401962
17153,2212,140.92327412072214,0.0,B6,4,0,proton,2212,55.31809155202701,25.11521519175737,7.435291716392513,7.808736956122894,3,3,342.62443728878446
14079,2212,157.65969180119768,0.0,B8,6,0,proton,2212,74.75462367586552,33.0513253651304,7.105987283431023,7.695487193565026,5,4,466.2099967058006
17816,2212,86.49572564192857,0.0,B2,0,1,deuteron,1000010020,85.91557304011911,47.86580412008268,9.498843265118863,10.783637195249156,2,1,218.3733813027541
17108,2212,78.68934460850463,0.0,B2,0,0,proton,2212,79.67464855782364,44.724978144792786,9.740004914185997,10.39568218204617,3,1,218.64630102805677
617,2212,109.56234025993793,0.0,B4,2,0,proton,2212,38.05744895000784,22.624292433017036,8.427902817712825,8.624022161279,2,2,227.89419668183953
14813,2212,168.32280579119447,0.0,B8,6,0,proton,2212,53.12421123610325,16.8027585747895,7.014512864475765,7.484262028089751,4,4,474.48311158832837
29835,2212,142.0713790707836,0.0,B2,0,0,proton,2212,69.407727014512,34.84451460783533,7.3406681732746275,7.341299079467515,6,1,109.06922800379054
18005,2212,152.04636201989751,0.0,B8,6,0,proton,2212,80.06854288033094,18.987562138972745,7.20412996704619,7.835018408691242,8,4,465.02287193536176
26172,2212,153.61142065982523,0.0,B8,6,0,proton,2212,89.85868112193813,46.40797999990188,7.108792007559457,7.759205208915451,4,4,461.6857176997489
121,2212,168.43537656458363,0.0,B8,6,0,proton,2212,53.1995480433326,16.89616328865332,7.024308940175572,7.488002163477957,4,4,475.3114564259532
10967,2212,97.74331343600979,0.0,B2,0,1,deuteron,1000010020,98.60736858512007,55.789296016578604,8.799904691977048,11.038737024535916,10,2,219.3454056820041
3936,2212,74.886963268478,0.0,B2,0,0,proton,2212,32.778897587280575,32.778897587280575,10.49068007025945,10.49068007025945,1,1,110.33350275858338
16202,2212,111.43674639241522,0.0,B2,0,1,deuteron,1000010020,43.82241767241807,43.82241767241807,13.440141674810647,13.440141674810649,1,1,110.5851642554783
25283,2212,56.860955871780234,0.0,B4,2,1,deuteron,1000010020,58.43117530606359,36.0758585947424,10.415040919140207,10.668812202011,2,2,227.79294179889558
21433,2212,73.49076761730043,0.0,B2,0,1,deuteron,1000010020,63.80791509242347,32.90090633417996,10.441093185245359,10.732313589337316,2,1,220.02002486715477
29541,2212,148.23948942604974,0.0,B8,6,0,proton,2212,78.6556788286275,31.570761982304944,7.25326038791774,7.858165603958858,4,4,463.87674342482694
10772,2212,116.87807897387962,0.0,B2,0,1,deuteron,1000010020,52.22218964979594,52.22218964979594,13.972748933925958,13.972748933925958,1,1,111.69123571725045
11736,2212,78.6260462802113,0.0,B2,0,1,deuteron,1000010020,36.55937241324551,36.55937241324551,11.309206541016087,11.309206541016087,1,1,109.58232870236877
12723,2212,144.22936515899164,0.0,B2,0,1,deuteron,1000010020,108.83213287202531,44.09582299007702,7.331911165169144,11.730605165058126,5,4,575.2000532537427
15482,2212,154.90786822318006,0.0,B8,6,0,proton,2212,86.42794057689886,42.29736798707131,7.122526002077284,7.750413193161208,4,4,464.14163220501234
2388,2212,57.00193770808904,0.0,B4,2,1,deuteron,1000010020,61.174205665353355,38.212239592982925,10.375464099363374,10.634390992740318,2,2,226.40042598608773
21857,2212,60.980539009465396,0.0,B4,2,1,deuteron,1000010020,67.05727986454212,43.46784605976489,10.467161760176888,10.740776701464505,2,2,225.24150304356624
10743,2212,75.22551982370337,0.0,B2,0,1,deuteron,1000010020,59.72931994816602,34.637888596011194,9.92638118121572,10.575036637059078,2,1,219.65675235766093
1450,2212,80.99055942317,0.0,B2,0,1,deuteron,1000010020,78.72319523073224,39.74828659123243,9.987938265781546,10.744336077183926,2,1,218.51335818073284
27878,2212,70.00569672040578,0.0,B2,0,1,deuteron,1000010020,33.94425611244066,31.53413681908895,10.911771253389588,10.93968003210972,2,1,221.96266448625113
4065,2212,112.18103669428206,0.0,B2,0,1,deuteron,1000010020,42.427256885044955,42.427256885044955,13.318756779659951,13.318756779659951,1,1,110.5809091185879
17890,2212,91.46169058373904,0.0,B2,0,1,deuteron,1000010020,83.7061837531332,57.88932405626874,9.072556466572403,11.070431483716444,2,1,218.62739868012812
27292,2212,103.87103232418126,0.0,B2,0,0,proton,2212,33.93170908880475,18.642899497704803,8.633939643833845,10.791949032515994,2,1,121.3396133229259
4109,2212,65.68983756404138,0.0,B4,2,1,deuteron,1000010020,78.92297755644714,54.74845153808126,10.648156937565258,10.948142674017918,2,2,225.09007078769872
14605,2212,149.7827042773148,0.0,B8,6,0,proton,2212,79.02895563442927,33.702322080067745,7.228650772234141,7.8495897927778655,4,4,463.1331338385526
532,2212,110.08553174177977,0.0,B2,0,1,deuteron,1000010020,40.571741242220284,40.571741242220284,13.148239109314325,13.148239109314325,1,1,110.1244106360826
12766,2212,89.32002206665405,0.0,B2,0,1,deuteron,1000010020,83.01234663490682,53.735696071854335,9.263760232054919,10.969292403901385,2,1,218.55712633609807
20244,2212,107.81385514564579,0.0,B2,0,1,deuteron,1000010020,73.01736315062121,37.40347370791883,8.362231467168368,10.781238960691244,3,2,337.5607884247663
19767,2212,113.63041858495258,0.0,B2,0,1,deuteron,1000010020,42.7326133628774,42.7326133628774,13.4559414627465,13.4559414627465,1,1,111.10385467747642
20984,2212,120.06215348195862,0.0,B2,0,1,deuteron,1000010020,63.781389817889384,63.3089020083436,14.192659591816597,14.193874902490549,2,1,111.30907586207907
14617,2212,146.91927865967924,0.0,B8,6,0,proton,2212,78.65660028146927,31.635063593646876,7.265654041670374,7.871420539824683,4,4,462.650469372716
18161,2212,78.79257613925198,0.0,B2,0,0,proton,2212,81.3607188286959,45.28851587688363,9.74689177226731,10.40189272289444,2,1,218.7598118087459
2047,2212,82.4795615101795,0.0,B2,0,0,proton,2212,87.68216365230352,48.26563682754188,9.598825943413265,10.431669745665163,3,1,218.42811295411758
28445,2212,157.49031506085782,0.0,B8,6,0,proton,2212,70.92357332747298,28.810426508317782,7.086913975556485,7.652495800530675,4,4,464.8028051876377
6351,2212,119.25251399064354,0.0,B2,0,1,deuteron,1000010020,50.72716501384649,50.72716501384649,13.97725640490577,13.97725640490577,1,1,110.95798750163851
24717,2212,87.30304784465396,0.0,B2,0,1,deuteron,1000010020,78.87668237838682,47.30050059550958,9.394379303266073,10.774924599285685,2,1,218.6215045073855
28247,2212,169.72693358187558,0.0,B2,0,0,proton,2212,10.580985369743587,9.950309986023791,7.03095611719514,7.046504179552459,2,2,229.9536421527717
8462,2212,57.19035103373277,0.0,B4,2,1,deuteron,1000010020,60.828796641337206,38.44474187460645,10.383765911952683,10.644895674725227,2,2,226.75323691316572
28698,2212,116.16421885225077,0.0,B2,0,1,deuteron,1000010020,48.42915792364582,48.42915792364582,13.733040660587017,13.733040660587019,1,1,110.62545306364771
3087,2212,67.53636004285545,0.0,B2,0,0,proton,2212,114.76599573006405,34.681150233062425,10.6625565534366,11.237379241176386,7,2,335.5747516193523
647,2212,78.4085631096273,0.0,B2,0,0,proton,2212,99.0351169898807,43.60776019323883,9.884029460887655,10.639642137257482,6,1,219.05902310703118
2028,2212,70.37739395011515,0.0,B2,0,1,deuteron,1000010020,49.41086832289554,24.309047036334913,10.969358572607591,11.068051083806347,8,2,126.09598780258312
16510,2212,159.2784036985376,0.0,B8,6,0,proton,2212,74.19605677646415,31.68873235706103,7.055727006531763,7.632509736527004,4,4,464.33267949037014
19132,2212,134.902623495381,0.0,B8,6,0,proton,2212,72.74432186064567,23.33436002085387,7.527835809153947,8.094921721428824,4,4,464.74115235824826
15408,2212,89.76302409013525,0.0,B2,0,1,deuteron,1000010020,51.55550321882257,51.55550321882257,11.890566250351764,11.890566250351762,1,1,109.37341610816134
17726,2212,152.1319870469789,0.0,B6,4,0,proton,2212,89.39966139747676,28.40189691736178,7.135438663818775,7.5287203450637765,7,3,227.2781942093174
223,2212,125.41254597675814,0.0,B2,0,0,proton,2212,13.701060899558996,13.701060899558996,7.893504056909067,7.893504056909067,1,1,112.50029041606747
29194,2212,164.86110285634254,0.0,B8,6,0,proton,2212,55.671806804457105,18.22156534630778,7.005177894854429,7.4808700506152475,4,4,469.63847221067215
8857,2212,76.13509699956502,0.0,B2,0,1,deuteron,1000010020,58.3477249647086,34.34605083502946,9.753788361203286,10.541262518004276,2,1,219.42187422609635
16253,2212,76.96830257962955,0.0,B2,0,1,deuteron,1000010020,61.13561338369797,35.968029738318975,9.952121347757155,10.635991350150244,2,1,219.5885089302359
8107,2212,55.82396403289314,0.0,B4,2,1,deuteron,1000010020,60.122670549048266,38.06714356620166,10.358446819750654,10.620699255570933,2,2,226.5903124637369
3474,2212,62.569842072364644,0.0,B4,2,1,deuteron,1000010020,96.6248255092662,38.50516187998027,10.563989928248745,10.930136054707074,4,2,225.7219163010608
10795,2212,120.81088504796274,0.0,B2,0,1,deuteron,1000010020,63.45163607200461,63.26880943286792,14.651399763094368,14.65181168946307,2,1,111.64817230635202
9076,2212,121.22721768923375,0.0,B2,0,1,deuteron,1000010020,64.89465364149092,64.89465364149092,14.556068129453935,14.556068129453935,1,1,112.11467653094894
4669,2212,130.24003988638023,0.0,B6,4,0,proton,2212,55.36288899492734,24.873647236853813,7.763092699743084,8.140545937242559,3,3,347.2923059990161
10317,2212,152.67894246085663,0.0,B2,0,0,proton,2212,8.506623718453831,8.506623718453831,9.420385643061463,9.420385643061463,1,1,13.075064318641108
16911,2212,53.03665124754247,0.0,B4,2,1,deuteron,1000010020,57.9195677055329,35.563281457792996,10.319351655520405,10.57062289024733,2,2,228.4456968671945
6749,2212,95.2860387144148,0.0,B2,0,1,deuteron,1000010020,85.17086390472383,60.60556901430121,8.970250927532314,11.320560781617132,2,1,219.24660205418962
25674,2212,88.8426221237994,0.0,B2,0,1,deuteron,1000010020,76.73195765009265,49.38637504116321,9.218979469426687,10.819794474358032,2,1,218.7310746823266
14293,2212,121.32605770994573,0.0,B2,0,1,deuteron,1000010020,4.060298520938441,4.060298520938441,14.704679931484353,14.704679931484353,1,1,112.32632480764445
17095,2212,74.65275768313609,0.0,B2,0,1,deuteron,1000010020,57.935176549984,33.047823972413184,9.839642829010685,10.525257117883708,2,1,219.5170346949351
16075,2212,131.1234356460287,0.0,B6,4,0,proton,2212,51.146149364402355,22.19643405001281,7.672137935243898,8.033666535006654,3,3,345.5689279555203
11878,2212,90.26703221889036,0.0,B2,0,1,deuteron,1000010020,52.20594300872287,52.20594300872287,11.857275624723377,11.857275624723377,1,1,108.99285495426454
21006,2212,154.35201153872717,0.0,B8,6,0,proton,2212,78.33590917242651,36.39868034455195,7.133954426061583,7.745369278516375,4,4,464.2431706292791
6068,2212,146.403082727182,0.0,B8,6,0,proton,2212,70.50728803812083,22.9143288570415,7.309603618186204,7.885079438249189,4,4,463.1935656584849
19097,2212,139.32079760821162,0.0,B6,4,0,proton,2212,52.15164949967833,24.206612173227583,7.466884910254061,7.84391868581163,3,3,342.80772742191164
6385,2212,165.73172875861138,0.0,B8,6,0,proton,2212,56.94698977299862,19.249414472611193,7.000530925221253,7.479896454351536,4,4,471.2300078417381
17288,2212,72.81088794475792,0.0,B2,0,1,deuteron,1000010020,31.98409454009518,31.98409454009518,10.923474086166195,10.923474086166195,1,1,109.26775046159335
25997,2212,124.82276039835477,0.0,B2,0,0,proton,2212,0.5025712210402792,0.5025712210402792,7.955565022786132,7.955565022786132,1,1,111.63629569863443
4863,2212,74.3491180926833,0.0,B2,0,1,deuteron,1000010020,59.73958827425908,33.289979183209816,9.905178345699987,10.54406161312731,2,1,219.59711818442585
7284,2212,72.69091203745594,0.0,B2,0,1,deuteron,1000010020,59.32078081005858,32.407632379457006,10.093627967662776,10.536685858582976,2,1,220.37483222255304
20395,2212,90.03209671211494,0.0,B2,0,1,deuteron,1000010020,54.271825042499245,54.271825042499245,11.86209498712095,11.86209498712095,1,1,109.19233288106196
12112,2212,140.64612889715823,0.0,B6,4,0,proton,2212,54.99183043543805,24.76670131787391,7.447227131307067,7.816102592678181,3,3,343.6087025976061
11873,2212,88.96551078014124,0.0,B2,0,1,deuteron,1000010020,101.56291814802256,55.66495742524931,9.459230949102144,10.840045677943777,7,1,218.91342896220613
24952,2212,116.88418829663219,0.0,B2,0,1,deuteron,1000010020,52.94121194701805,52.94121194701805,14.065824937204967,14.065824937204967,1,1,110.94625305568297
8392,2212,65.9714409656678,0.0,B2,0,0,proton,2212,50.46078971704129,20.60856631104309,10.586475022713996,10.69207476415728,6,1,113.72893952005398
7144,2212,60.33067972996367,0.0,B4,2,1,deuteron,1000010020,66.150397862131,42.553794272008275,10.501115681763693,10.772832414931067,2,2,226.20424555695752
8814,2212,69.20859049376645,0.0,B2,0,1,deuteron,1000010020,31.16769070885357,31.16769070885357,10.807304981755982,10.807304981755982,1,1,109.78932121294727
17891,2212,72.97660362833213,0.0,B2,0,0,proton,2212,34.522002007666856,25.092240267988906,11.036649681364075,11.47102084666922,3,1,220.1101920833016
6558,2212,65.65187679443298,0.0,B4,2,1,deuteron,1000010020,73.10621824818784,49.34385061869642,10.55351740679111,10.842438665181133,2,2,223.78311248425533
10344,2212,156.4564736700357,0.0,B2,0,0,proton,2212,86.37890194611867,34.231746673583984,7.089705050195955,7.164723967810294,7,1,110.30102974897035
14065,2212,59.70814360013236,0.0,B4,2,1,deuteron,1000010020,63.56797428083623,40.896369134520384,10.46550846490583,10.736092830734254,2,2,225.9529153282228
9853,2212,117.6517802419469,0.0,B2,0,1,deuteron,1000010020,57.54957403232261,57.54957403232261,14.09495089516881,14.09495089516881,1,1,110.86664577559065
19670,2212,153.4592906876365,0.0,B8,6,0,proton,2212,90.76863779982472,44.9125879575177,7.126700920005581,7.7723903027864,4,4,463.1292561795402
1203,2212,143.26112705362564,0.0,B6,4,0,proton,2212,58.1952892012389,22.6308489658047,7.374889563057414,7.8266458527587766,5,4,464.24183815883674
20705,2212,62.01317456092003,0.0,B4,2,1,deuteron,1000010020,64.87366920181658,42.14713353200805,10.490388467745744,10.764045739391277,2,2,225.22827922589306
8614,2212,159.4073835281722,0.0,B8,6,0,proton,2212,59.33210444781551,20.231668352510628,7.049437252972405,7.538319824875851,4,4,466.88175691057097
1058,2212,97.42119773551562,0.0,B4,2,0,proton,2212,71.68065634663783,43.43814307661516,8.926780691096505,9.671571178197773,3,2,335.4142912028366
13938,2212,169.21590325059822,0.0,B6,4,0,proton,2212,36.21013000664174,14.354167971048492,6.999012331720023,7.294065141510722,3,3,350.74719892291193
8085,2212,63.28747576949972,0.0,B4,2,1,deuteron,1000010020,69.29353598239061,45.97802437682071,10.617320820926091,10.90037814348336,2,2,225.76637788184547
16637,2212,78.12737095674791,0.0,B2,0,1,deuteron,1000010020,63.669434975317614,36.7874733220117,10.115233197854243,10.783647793950655,2,1,219.37792817506602
18669,2212,97.89772198212535,0.0,B2,0,1,deuteron,1000010020,119.70946086214542,57.476086274833584,8.736235277759263,10.650580448437275,3,2,333.5715742233697
5094,2212,126.10125784255128,0.0,B4,2,0,proton,2212,31.340540674511857,17.587663221143195,7.970116659325617,8.14078869545126,2,2,230.14187325869105
8713,2212,159.22897389602306,0.0,B8,6,0,proton,2212,70.93705084568978,28.55006252941129,7.056713801780083,7.616589161212616,4,4,464.89275489543456
24033,2212,101.6475787301423,0.0,B2,0,1,deuteron,1000010020,50.312282018543044,50.312282018543044,12.883194541111768,12.883194541111768,1,1,110.05406829468859
5117,2212,71.13950985091446,0.0,B2,0,0,proton,2212,75.37876487385934,43.38001163265856,10.999233711543207,11.121871092461756,2,1,221.54947256935156
29030,2212,166.67110084220744,0.0,B8,6,0,proton,2212,55.57195402706168,17.666034316735175,7.037494439630999,7.50975143862877,4,4,473.7135802935687
29096,2212,134.8886444880178,0.0,B6,4,0,proton,2212,62.83429831039941,22.03246067996805,7.562584155096889,8.052049098971393,4,4,467.0581284978888
4405,2212,165.22770024958237,0.0,B8,6,0,proton,2212,54.89172877243519,17.70036462056994,6.987183221419433,7.460089307371636,4,4,469.84328836758914
8920,2212,107.19042540574134,0.0,B2,0,1,deuteron,1000010020,91.69687114930954,38.372365325702624,8.532678052284641,10.492872897179073,3,2,335.97172619417694
11083,2212,109.373926830186,0.0,B2,0,1,deuteron,1000010020,47.506119500534965,42.01969906775282,8.393935091518411,12.589168069944607,2,1,222.80337752131572
27822,2212,52.4741234259198,0.0,B2,0,1,deuteron,1000010020,35.449464100721286,21.408039812494803,10.314711544015141,10.476612873819407,2,2,228.32978430234706
7770,2212,81.9436912944251,0.0,B2,0,0,proton,2212,83.17294774598173,41.998712768427595,9.933089465154536,10.70156271758181,2,1,218.8403333923772
5323,2212,126.35034142010178,0.0,B6,4,0,proton,2212,56.73398700648081,26.09400860796776,7.890513902851261,8.279497530545514,3,3,348.2385516045141
19313,2212,142.40579688834413,0.0,B6,4,0,proton,2212,53.28910521644956,24.365774077889995,7.373029821647485,7.746604024879086,3,3,341.27095392345757
7023,2212,52.02070181804921,0.0,B4,2,1,deuteron,1000010020,43.095168531118034,21.58803234325179,10.241938963410979,10.445030939948474,2,2,227.85061017927399
20406,2212,53.62808219589319,0.0,B4,2,1,deuteron,1000010020,59.016596795755696,36.75720834755153,10.28435874458994,10.540080975399391,2,2,226.99913274007895
4692,2212,109.92031521555936,0.0,B2,0,1,deuteron,1000010020,72.6816104435772,40.656040594857274,8.46310874099557,11.183149350619063,3,2,337.70177571729806
6035,2212,95.22379288963403,0.0,B2,0,0,proton,2212,23.3863528681902,23.3863528681902,8.896431606412728,8.896431606412728,1,1,109.88234023759017
25320,2212,137.3957241184797,0.0,B8,6,0,proton,2212,77.50400262138737,30.59865788258106,7.458151510980747,8.063385143717719,4,4,463.69369283676315
16278,2212,77.02746412484304,0.0,B2,0,1,deuteron,1000010020,59.81719639225301,34.490063240078854,9.732773235086444,10.560897942320274,2,1,219.16142124723348
15365,2212,131.2958568806116,0.0,B6,4,0,proton,2212,51.81948422857134,23.899607719908907,7.771763406706896,8.148504814406108,3,3,348.256784202717
15136,2212,139.83725980749455,0.0,B2,0,0,proton,2212,22.868801795852356,12.77144249536191,7.488576538271343,7.618717072133312,2,2,225.2283653049892
11419,2212,104.08758033850337,0.0,B4,2,0,proton,2212,99.22549811908961,45.23224197797681,8.643356190724887,10.26950981314953,3,2,335.6333654577285
29302,2212,165.8091752679668,0.0,B8,6,0,proton,2212,54.99626014589095,18.048914869532254,7.038717388345875,7.5067345272737365,5,4,472.3157117940937
29294,2212,64.23398713238738,0.0,B4,2,1,deuteron,1000010020,71.94126967144241,48.10384893132321,10.595085067329476,10.883965194710717,3,2,225.58344900615725
6492,2212,167.8355351863212,0.0,B8,6,0,proton,2212,55.68717749133306,17.784588258520966,6.965252074585401,7.430668131534081,8,4,469.8137742158169
15842,2212,133.24723152870138,0.0,B6,4,0,proton,2212,65.19800744277946,22.1433770997307,7.621892920503807,8.150272632265015,4,4,467.9443696401991
3691,2212,69.07080066127182,0.0,B4,2,1,deuteron,1000010020,87.98819788508192,64.10098440045377,10.797149215905145,11.117281266060425,2,2,224.85179735173804
1652,2212,125.41131550016303,0.0,B4,2,0,proton,2212,30.147612060602352,16.57379534807752,7.945821345134458,8.11196533588063,2,2,230.22658533991518
23863,2212,155.18524743885766,0.0,B8,6,0,proton,2212,89.86564352067526,44.40973056197524,7.1159871492149795,7.744169151873077,4,4,463.1961325520421
28496,2212,107.08349265112997,0.0,B2,0,1,deuteron,1000010020,37.13169458771832,37.13169458771832,12.86300496237013,12.86300496237013,1,1,110.01524318559825
12047,2212,162.69287066708335,0.0,B8,6,0,proton,2212,55.929237321816146,19.026736022243384,7.021415830514775,7.511209082329821,4,4,469.3808622627066
17959,2212,60.67549607704186,0.0,B2,0,0,proton,2212,67.96642105779556,28.753005219427276,10.46990710839739,10.529409838536132,8,2,114.11472284740418
9622,2212,60.29957157010645,0.0,B4,2,1,deuteron,1000010020,65.38179803208058,42.13200706485048,10.499029832967052,10.770063769417181,2,2,225.9054321928415
85,2212,99.03096317199383,0.0,B2,0,1,deuteron,1000010020,117.88889672426504,53.39517853553095,8.731428476696593,10.692862636821046,3,2,332.9991019494861
23859,2212,77.72206927194469,0.0,B2,0,0,proton,2212,79.03640742974542,43.5249818104293,9.975291107309124,10.483661972116337,2,1,219.33612158187398
17794,2212,107.84434243837643,0.0,B2,0,1,deuteron,1000010020,89.27001097409752,39.14847552478642,8.590550696842826,10.673496167735879,3,2,337.2782640116972
26180,2212,135.31771134805197,0.0,B8,6,0,proton,2212,69.69493438934515,21.59897637930456,7.584436607130658,8.147023644337656,4,4,467.86854916696666
19947,2212,132.21426107113405,0.0,B6,4,0,proton,2212,65.45880782186073,21.864974797154023,7.613306871442212,8.14097775450184,4,4,465.8553540451297
15836,2212,145.44299947489316,0.0,B2,0,1,deuteron,1000010020,91.18312752137193,39.449595145211546,7.339306982336185,12.303113084314647,4,3,454.2219908186118
26229,2212,77.20860422899638,0.0,B2,0,1,deuteron,1000010020,33.85757945630126,33.85757945630126,11.167169611777013,11.167169611777013,1,1,109.38902158633766
29986,2212,103.59746994937828,0.0,B4,2,0,proton,2212,99.15075688192917,44.946955049356035,8.768549247876306,10.348151799062155,4,2,337.18201824706335
7806,2212,157.461753922812,0.0,B8,6,0,proton,2212,75.16898832090334,33.23620471201786,7.103862253994047,7.6931196770613335,4,4,466.2323307984602
19633,2212,130.0859978517463,0.0,B6,4,0,proton,2212,52.03799577810075,23.821701684953776,7.7182488538463865,8.094174973187942,3,3,346.27502433746463
15364,2212,141.40997098332946,0.0,B2,0,0,proton,2212,14.248904997126587,13.26359818031436,7.434577873465859,7.435170925269169,2,1,109.87097418126143
11268,2212,55.81353527869801,0.0,B4,2,1,deuteron,1000010020,97.73766014960674,38.18661423561252,10.404647260850435,10.783427420196693,6,2,227.67245699466739
27021,2212,114.0087755493355,0.0,B2,0,1,deuteron,1000010020,47.61799311679637,47.61799311679637,13.773512612864781,13.77351261286478,1,1,111.17500302573504
21422,2212,137.31737494307268,0.0,B8,6,0,proton,2212,78.46979332755208,32.95740705433177,7.514372372448669,8.1296193264132,4,4,466.30339228470285
27640,2212,163.1402995389124,0.0,B8,6,0,proton,2212,57.20630008207259,19.490653096747625,7.044498991672159,7.528362455259886,4,4,470.6124282916255
29072,2212,125.81534188956394,0.0,B4,2,0,proton,2212,30.04038842001068,16.56920279100071,7.930519387331447,8.096818777033294,2,2,228.9474911104092
1758,2212,94.57849955234542,0.0,B2,0,1,deuteron,1000010020,87.89585267578758,49.31280472678965,8.952036868453177,11.327846017925035,4,1,219.02593916299335
233,2212,167.71086223829028,0.0,B8,6,0,proton,2212,55.60453194281915,18.031986877229166,6.990179424405422,7.462633606258595,5,4,471.3159805705021
25436,2212,75.96385592930899,0.0,B2,0,0,proton,2212,87.2538017918139,26.801601833441026,10.04105377501488,10.87862115654125,4,1,219.66549391420196
16147,2212,67.7378527717074,0.0,B4,2,1,deuteron,1000010020,74.25845356161649,50.84234000394379,10.699119493563686,10.994795033707385,2,2,225.07825716655256
12921,2212,108.338906688279,0.0,B2,0,1,deuteron,1000010020,42.03675958095577,42.03675958095577,13.143262779749866,13.143262779749866,1,1,110.08674276184931
14089,2212,124.85786968642425,0.0,B2,0,1,deuteron,1000010020,59.741839620802715,59.741839620802715,15.18486827000928,15.18486827000928,1,1,112.41697521358428
23073,2212,64.60603239824616,0.0,B4,2,1,deuteron,1000010020,86.76066572315557,60.92568145012267,10.635916539249838,10.94302528092473,3,2,224.99535640562686
27839,2212,112.26923847337086,0.0,B2,0,1,deuteron,1000010020,41.323331641276965,40.951998269503676,13.190989658490274,13.193396643042098,2,1,110.12748188987942
13001,2212,105.6772000730392,0.0,B2,0,1,deuteron,1000010020,103.87302663403158,37.40144823894049,8.705242436615471,10.331165574051282,4,2,337.59764728508674
10089,2212,77.13147996363821,0.0,B2,0,1,deuteron,1000010020,60.29687185355991,34.64291080409676,9.936160935898771,10.605036948663946,2,1,219.6447887786407
4335,2212,103.39703374376951,0.0,B4,2,0,proton,2212,92.90248268529903,37.71258835583112,8.703488689078087,10.456768388353236,3,2,335.25154062454317
22023,2212,106.79603247852812,0.0,B2,0,1,deuteron,1000010020,109.82885096384607,26.277901725484547,8.510384004079302,11.367271434325298,8,2,338.7520452296551
16176,2212,68.32193633275574,0.0,B4,2,1,deuteron,1000010020,89.14166678061375,65.13671583749854,10.67640754181068,10.99583811339217,2,2,223.097636904273
19776,2212,95.78497040538605,0.0,B2,0,1,deuteron,1000010020,83.95336983911915,59.90763495492819,8.947973360467497,11.33640939571186,2,1,219.24423569738252
3104,2212,149.77256767099635,0.0,B8,6,0,proton,2212,83.95204147813817,38.78776581473426,7.179970887730867,7.807486293538176,4,4,461.38305904902745
23447,2212,97.65859527378595,0.0,B2,0,1,deuteron,1000010020,55.235327303277714,55.235327303277714,12.517753252027527,12.517753252027529,1,1,109.45020346970878
3604,2212,139.0405896983943,0.0,B6,4,0,proton,2212,61.17624852231528,30.586563980416766,7.50377471047756,7.923340010153843,3,3,344.05807271239655
24995,2212,69.20958504562093,0.0,B4,2,1,deuteron,1000010020,115.69014635249577,63.1700451476817,10.797330669441438,11.414293395112987,3,2,335.2315450506482
19505,2212,133.91346337622517,0.0,B8,6,0,proton,2212,71.81000736165508,23.84487511137489,7.582151832613928,8.165649512121146,4,4,465.58520502528586
621,2212,61.718133666072966,0.0,B4,2,1,deuteron,1000010020,65.77911908892708,42.810285857389296,10.491761725524686,10.766250863163151,2,2,225.44350239374177
7632,2212,126.4538111478745,0.0,B6,4,0,proton,2212,58.44604880850227,28.34185606540665,7.915410686534311,8.313995296248196,3,3,349.28679980176196
26325,2212,168.0345427272121,0.0,B8,6,0,proton,2212,54.59806820241762,18.29137524297468,7.001351596952451,7.47710997178512,4,4,474.2720568285673
22632,2212,110.4021139576009,0.0,B2,0,1,deuteron,1000010020,41.52162002718336,41.52162002718336,13.100383496361452,13.10038349636145,1,1,109.80594569270443
15494,2212,74.05068795456015,0.0,B2,0,1,deuteron,1000010020,66.07929688586708,32.872835116017654,10.249473242099947,10.631072481328834,3,1,219.87159743115149
4108,2212,102.31000350665191,0.0,B4,2,0,proton,2212,93.93136408764835,38.75735108667766,8.735469438532165,10.348252186816081,3,2,335.67699391210004
23095,2212,140.09865783330392,0.0,B6,4,0,proton,2212,56.099983029140375,26.46144890496479,7.483886518574785,7.872402105475121,3,3,343.6347179706988
2599,2212,92.95020307078046,0.0,B2,0,1,deuteron,1000010020,90.37114654911385,62.76155954536655,9.124107512058096,11.243769524953715,2,1,218.81522125318878
2432,2212,74.98617309587974,0.0,B2,0,1,deuteron,1000010020,43.7455467933125,23.009331742384937,11.083171926183752,11.164837194659373,3,1,109.72927607326123
26291,2212,158.75273195694012,0.0,B8,6,0,proton,2212,72.82878307304975,31.027559620370365,7.059692333191393,7.633992949509414,4,4,464.4273226624071
24231,2212,109.29278916664948,0.0,B2,0,1,deuteron,1000010020,99.51541063670895,26.908389662019996,8.43052514753037,11.858684135326364,7,2,338.9557832019986
13673,2212,157.43476666284803,0.0,B8,6,0,proton,2212,71.61798730459695,29.211753380742117,7.1004616657632855,7.6622544538081945,4,4,465.83740915331884
25360,2212,120.09187634617253,0.0,B2,0,1,deuteron,1000010020,53.86531558403724,43.4411587988835,14.171674428767139,14.224167969677374,3,1,111.44995937579817
5105,2212,137.7944059111586,0.0,B6,4,0,proton,2212,64.58379608987323,17.8658390045166,7.487503644871998,7.9500199668599025,6,3,343.1173041698629
27454,2212,55.577438916253236,0.0,B4,2,1,deuteron,1000010020,58.40957362976323,36.07342418795678,10.359666010360543,10.612502832163845,2,2,227.6164203657953
27276,2212,75.86770550968134,0.0,B2,0,1,deuteron,1000010020,63.208581933839184,35.3807681477626,10.218632210815816,10.69810365389821,2,1,220.05871705367917
8092,2212,127.14749809053907,0.0,B6,4,0,proton,2212,58.17446507164908,28.121632587177217,7.900184739388998,8.301274238709988,3,3,349.97863026366156
1558,2212,65.8208133836138,0.0,B4,2,1,deuteron,1000010020,109.6996375164882,33.94796625807677,10.590746045115607,11.038802591705991,5,2,335.8972873646851
24301,2212,149.31402386046747,0.0,B8,6,0,proton,2212,84.30556528753266,37.99198255406187,7.238809967483753,7.8627351861566375,4,4,464.2133259937657
19403,2212,148.95640788511832,0.0,B6,4,0,proton,2212,74.43161196275092,19.424931484092827,7.217858490263575,7.834558162523071,8,4,462.5835385834061
24714,2212,127.67687900738642,0.0,B6,4,0,proton,2212,55.95693032539934,27.323039327137703,7.869376226209423,8.26569257660676,4,3,349.10811023512355
22034,2212,109.01205639980263,0.0,B2,0,1,deuteron,1000010020,55.897789712649626,40.19272499622943,8.48612836166429,11.862792735759953,2,1,222.9649058914771
17678,2212,160.0055559643041,0.0,B8,6,0,proton,2212,63.001561907844135,23.216102008086782,7.028488832495267,7.549257611362261,4,4,465.4145294839664
7740,2212,128.78249634145666,0.0,B6,4,0,proton,2212,53.07641196479574,24.509184885478124,7.7751072836954,8.157725588305105,3,3,347.4442696083772
12561,2212,90.7128090750984,0.0,B2,0,1,deuteron,1000010020,84.81088756054092,55.25828960843056,9.27882118859091,10.996706202764976,2,1,218.96913669516124
25726,2212,64.27649331432872,0.0,B4,2,1,deuteron,1000010020,69.98763882457114,46.20832835447181,10.550118308079222,10.831269752403804,2,2,224.66315508837567
10532,2212,120.07944430065356,0.0,B2,0,1,deuteron,1000010020,53.65980507968818,53.65980507968818,14.202414848036005,14.202414848036005,1,1,111.71947517599483
21462,2212,81.26578651786932,0.0,B2,0,0,proton,2212,45.65673325390986,45.65673325390986,9.809690595766384,9.809690595766384,1,1,109.7953089270037
14239,2212,160.7764257752322,0.0,B8,6,0,proton,2212,70.03542438338545,28.783218244698297,7.0510698316752025,7.615935727011788,4,4,465.2681641655576
14936,2212,150.4256723784114,0.0,B2,0,1,deuteron,1000010020,82.63665315935773,27.799981199748803,7.218269951936189,12.197917919326914,8,1,222.15342147389651
16757,2212,140.44956320682127,0.0,B6,4,0,proton,2212,54.52295470895988,24.921032348759866,7.402724287994142,7.7801985746096385,4,3,341.62245561307816
12437,2212,87.81549620555528,0.0,B2,0,1,deuteron,1000010020,74.26196354613398,46.12403432628284,9.220413889181495,10.765876051040058,2,1,218.49605954878788
5574,2212,80.1107356899248,0.0,B2,0,0,proton,2212,80.31922396108271,43.808934069187615,9.815303115203612,10.47360949565778,2,1,218.84431457878304
13214,2212,88.83484778811544,0.0,B2,0,1,deuteron,1000010020,74.44191407669118,47.0475483437399,9.10341027652922,10.790599561255588,2,1,218.31387938601011
27358,2212,118.75088282186344,0.0,B2,0,1,deuteron,1000010020,53.48125547524417,53.48125547524417,14.112798585365107,14.112798585365107,1,1,111.23728358968228
15718,2212,167.11125564646426,0.0,B8,6,0,proton,2212,54.09399984692419,17.801823664671648,6.990367804341904,7.467862742967782,5,4,469.64720144529764
16598,2212,111.52569169208753,0.0,B2,0,1,deuteron,1000010020,4.04480645359378,4.04480645359378,13.419647792318983,13.419647792318983,1,1,111.0415689080119
18580,2212,84.52541251975747,0.0,B2,0,0,proton,2212,111.02352775226139,42.34989478600699,9.576300308004033,10.90126547262245,6,1,218.41414838405717
11395,2212,118.31553207589795,0.0,B2,0,1,deuteron,1000010020,66.67564533377333,37.55130800451059,14.345864311327732,14.413917700278617,2,1,112.0282791245611
11674,2212,74.5026500001525,0.0,B2,0,1,deuteron,1000010020,67.85785883081613,34.241247156521986,10.411020986436064,10.780078240887702,2,1,219.64704545055127
27936,2212,124.03504052188393,0.0,B2,0,1,deuteron,1000010020,11.9499146066486,11.9499146066486,14.982008508997113,14.982008508997115,1,1,112.2852089867542
450,2212,119.12382981487231,0.0,B2,0,1,deuteron,1000010020,53.76842485810177,53.76842485810177,14.09273167235734,14.09273167235734,1,1,111.40285533103777
20223,2212,152.2107848491061,0.0,B8,6,0,proton,2212,91.4501061105715,47.64332806657097,7.138977276694799,7.78708106443138,4,4,462.3102871866523
27093,2212,148.87828502560038,0.0,B8,6,0,proton,2212,78.62672386235415,32.405979573023785,7.209430608755714,7.8163732948234825,4,4,462.06899976241436
22594,2212,66.71951680366315,0.0,B4,2,1,deuteron,1000010020,85.94452059582764,59.42419765091131,10.610855712839205,10.93065329160532,3,2,336.1900314420816
18180,2212,152.8275819176282,0.0,B8,6,0,proton,2212,89.55064915754474,46.097805132566315,7.143657111210029,7.792118782487215,4,4,462.83226638474514
23655,2212,136.04694395554534,0.0,B6,4,0,proton,2212,57.27448359961391,26.5553742023977,7.5339719658082505,7.938692705620006,7,3,229.6364223735374
15292,2212,111.6575232369135,0.0,B2,0,1,deuteron,1000010020,42.45143324881435,42.45143324881435,13.352150297444767,13.352150297444767,1,1,110.99253963921333
13973,2212,86.8126355403196,0.0,B2,0,0,proton,2212,49.556670908584934,48.78935960295145,9.604876308013091,9.60558869550122,2,1,109.78946891004999
1342,2212,165.22006096913947,0.0,B8,6,0,proton,2212,54.09724137510288,17.474554107582794,7.00772987834376,7.479373861423819,4,4,470.753689583701
14183,2212,133.65615901504796,0.0,B6,4,0,proton,2212,75.1208761730495,17.261877059936523,7.5987751800481185,8.081179035220382,8,3,345.146389936514
4465,2212,108.29263155227146,0.0,B2,0,1,deuteron,1000010020,40.5839504402529,40.5839504402529,13.104847575790336,13.104847575790336,1,1,110.42227879539647
976,2212,99.34395215966782,0.0,B2,0,1,deuteron,1000010020,110.49763603295615,54.19548523995821,8.701495714591859,10.724636088397064,3,2,334.12558446665025
18975,2212,142.0269372168191,0.0,B6,4,0,proton,2212,56.25575403835311,23.037308992393886,7.390506424478593,7.831563806571011,4,4,464.1671423528511
10247,2212,139.6159737403509,0.0,B6,4,0,proton,2212,55.72729857202469,26.4638371791401,7.48432614472672,7.870644988864556,3,3,343.24537585029043
2822,2212,137.93627408469575,0.0,B2,0,0,proton,2212,12.403799295487087,12.403799295487087,7.464786921666149,7.464786921666149,1,1,110.71491390012334
17141,2212,129.95701408514012,0.0,B6,4,0,proton,2212,51.39675033870732,23.588776871028735,7.822364642565007,8.20070028822397,3,3,348.82877756333585
3439,2212,116.38029937550738,0.0,B2,0,1,deuteron,1000010020,47.931772009487254,47.931772009487254,13.72338332057024,13.72338332057024,1,1,110.89600479523946
11063,2212,138.68195278000576,0.0,B8,6,0,proton,2212,83.68481602038874,38.284555339900535,7.45847738168245,8.088130680433304,4,4,464.9331321779245
15313,2212,91.85713718228986,0.0,B2,0,1,deuteron,1000010020,93.45119163819368,63.749740832571064,9.139224522800992,11.171965328073352,4,1,218.61692350054508
8304,2212,168.8245366955657,0.0,B8,6,0,proton,2212,52.99137306449054,16.957648809184796,6.997415149332536,7.471641258855149,4,4,473.7960503936938
10490,2212,101.75182899238189,0.0,B2,0,1,deuteron,1000010020,111.10878579292404,48.97907863261502,8.794022418038338,10.740109474572945,3,2,335.78563348872444
17918,2212,167.64740891561434,0.0,B8,6,0,proton,2212,55.23113598944569,17.31466322861426,7.0015138722871,7.46577113638625,4,4,473.75925358235247
27826,2212,81.41787375372185,0.0,B2,0,0,proton,2212,80.18541036669072,41.31745873456377,9.574399605111209,10.42875399640244,2,1,218.55180366423969
9271,2212,146.76928693959755,0.0,B2,0,1,deuteron,1000010020,117.30607151114526,42.34412288705124,7.2622441318439686,11.432456537358936,5,4,574.1874300309788
21068,2212,109.34202878847226,0.0,B2,0,1,deuteron,1000010020,79.99293912633428,42.303374553660994,8.452886969078158,11.09170817887352,3,2,339.05207393499995
27566,2212,102.07554440438425,0.0,B2,0,1,deuteron,1000010020,99.09254339325017,50.93395258758771,8.556319063675968,10.871951080280802,3,2,334.08947989112374
7409,2212,169.7815554005249,0.0,B4,2,0,proton,2212,24.271267722198345,12.13470715211688,7.000949476870959,7.138143366921426,3,2,229.17931694563106
9112,2212,79.85970407100567,0.0,B2,0,0,proton,2212,83.8036606681918,47.638306127612275,9.667663903227385,10.360241555788365,2,1,218.68177196608042
7541,2212,154.5988019121738,0.0,B8,6,0,proton,2212,73.10754657700404,32.125434009898655,7.13704232513595,7.7277433131544635,4,4,465.10532323336133
18792,2212,61.527648593393934,0.0,B4,2,1,deuteron,1000010020,71.96407909672047,42.93615790355211,10.570622671417977,10.878391329663646,5,2,226.63118048550007
26061,2212,142.47801082965853,0.0,B6,4,0,proton,2212,51.90163474081135,22.124201477872848,7.3438534041446415,7.711938599512176,4,4,462.23516693057644
9748,2212,135.726079088837,0.0,B8,6,0,proton,2212,72.46761175250401,24.48633849249979,7.538151038423582,8.117070448185805,4,4,466.44321092171117
10791,2212,155.97889522764336,0.0,B8,6,0,proton,2212,88.83879219390411,44.16040155014708,7.116002317798406,7.750016700438787,4,4,464.06240386694907
20827,2212,68.95420893781383,0.0,B2,0,0,proton,2212,27.77240097223291,27.77240097223291,12.68203777871842,12.68203777871842,1,1,111.84877032027104
4217,2212,62.49470949558954,0.0,B4,2,1,deuteron,1000010020,68.6416093525271,45.34551553630847,10.557589648317693,10.837680434054414,2,2,226.13797935525605
16811,2212,166.8785539064068,0.0,B8,6,0,proton,2212,56.123617970247196,18.695862933296883,7.007221144305789,7.489466247392581,4,4,472.34242462324164
21365,2212,51.979523098568045,0.0,B2,0,1,deuteron,1000010020,21.280026008359158,21.280026008359158,10.270773656429594,10.270773656429594,1,1,112.35518448460861
23638,2212,154.50595488305115,0.0,B8,6,0,proton,2212,81.46461269989919,38.750901402546646,7.15312271127746,7.772420090382164,4,4,464.7456050942732
1800,2212,67.03090337491824,0.0,B4,2,1,deuteron,1000010020,77.69131943356183,54.32027299634343,10.655949258764624,10.957966910686428,2,2,224.38252839376338
12815,2212,101.49628433664286,0.0,B2,0,1,deuteron,1000010020,101.47424375476355,49.91734173558292,8.707102417368512,10.85762178719813,3,2,335.31149855555554
23586,2212,88.65834740189332,0.0,B2,0,1,deuteron,1000010020,78.03078300231587,47.779367734021235,9.19426913376761,10.82565787899592,2,1,218.2655111963046
7294,2212,114.9432491730468,0.0,B2,0,1,deuteron,1000010020,48.63366827359538,48.63366827359538,13.69780926698592,13.69780926698592,1,1,110.53327774845602
18701,2212,151.9519091117951,0.0,B8,6,0,proton,2212,85.63148911654781,41.09129589245648,7.1929790922479615,7.8268185825651155,4,4,464.2498306231639
27877,2212,152.01041488219084,0.0,B2,0,0,proton,2212,49.90250575599294,49.61690578896665,7.616978386969496,7.639190701450613,2,2,10.528809252238116
23171,2212,103.6710454916364,0.0,B2,0,1,deuteron,1000010020,79.61864779122084,35.21937872690547,8.655823593894148,10.479868419775546,3,2,336.53251806949294
29689,2212,90.90440646730588,0.0,B2,0,1,deuteron,1000010020,78.00988494117678,52.725391790816644,9.07455855360528,10.946931659104276,2,1,218.7472850446861
7820,2212,67.50209614988275,0.0,B4,2,1,deuteron,1000010020,109.70329263077163,58.22459994518996,10.67699467654503,10.919297744074537,4,2,336.0178589045064
27946,2212,106.38275187576735,0.0,B2,0,1,deuteron,1000010020,90.53912089912362,38.740292577529544,8.656344286114129,10.60328479948894,3,2,337.31108461593976
26774,2212,93.62236304427879,0.0,B2,0,1,deuteron,1000010020,63.98583496963661,63.307790546266865,9.083874913155396,12.025151535362502,2,1,219.04714076610983
18999,2212,139.54165935370673,0.0,B6,4,0,proton,2212,53.94652138777509,24.79646463456702,7.488668779544645,7.863553859912054,3,3,343.2638744096406
19218,2212,130.41667900464984,0.0,B6,4,0,proton,2212,51.46031701960917,23.38569334526148,7.684368195694125,8.057173074409837,3,3,345.11179971874253
12019,2212,125.5278678434214,0.0,B2,0,0,proton,2212,8.232297715783236,8.232297715783236,7.954603852944117,7.954603852944118,1,1,112.86536751953108
18601,2212,102.02967067430608,0.0,B2,0,1,deuteron,1000010020,86.38534169839556,48.20489402924236,8.723336479466827,11.099940320007962,6,1,220.33783117595604
14612,2212,76.3456443311004,0.0,B2,0,1,deuteron,1000010020,63.42851971141362,35.244909977791075,10.21648295253211,10.73964780038008,2,1,219.67882074710906
23941,2212,62.091443329905644,0.0,B4,2,1,deuteron,1000010020,68.01772378135239,44.33815174819213,10.484936347111738,10.76088685989459,2,2,224.82671162544906
16485,2212,78.7882997112686,0.0,B2,0,0,proton,2212,78.08138165834316,41.7838878022123,9.928246264998455,10.542465864781812,2,1,218.86314881194428
12415,2212,75.36716641731607,0.0,B2,0,1,deuteron,1000010020,64.42530843373206,34.13644650045725,10.378836335824632,10.790320263559192,2,1,219.7420812248023
13561,2212,135.3553059971092,0.0,B8,6,0,proton,2212,73.08212472698251,25.26282139160436,7.569173738249714,8.152699275855685,4,4,466.9866455087402
22037,2212,169.8041079290125,0.0,B2,0,0,proton,2212,16.078741401567925,10.284768096809643,7.010611314883694,7.104674871694304,2,2,230.39444636228666
26069,2212,155.32269401622946,0.0,B8,6,0,proton,2212,72.91079992972605,31.959343527402513,7.076858564773392,7.667384613690929,4,4,461.8735683127044
14298,2212,131.5365555776332,0.0,B6,4,0,proton,2212,51.19565402457209,22.433916793854426,7.685820209501176,8.047222350972943,3,3,346.46883751052485
15069,2212,157.61958996473868,0.0,B6,4,0,proton,2212,56.42311215783509,30.946832915382746,7.087342552565133,7.480281981021015,3,3,226.9613671571323
23494,2212,59.207614368792754,0.0,B4,2,1,deuteron,1000010020,64.15983019869014,41.53374929420269,10.456665891461235,10.72834911057917,2,2,225.94779320580716
24592,2212,133.10598365525948,0.0,B6,4,0,proton,2212,51.44632812142602,23.067293485037055,7.661773021286166,8.027241346525011,3,3,345.5644041777884
9765,2212,161.17549130533044,0.0,B8,6,0,proton,2212,58.299470847550396,18.92400046664085,7.046659748998714,7.525665044791654,4,4,467.758377614647
24620,2212,145.33038639722534,0.0,B2,0,1,deuteron,1000010020,116.75002840020667,43.3255843247125,7.3154093362217605,11.460442648250416,5,4,575.1803374526289
19396,2212,99.00209596695058,0.0,B2,0,1,deuteron,1000010020,108.14010479711729,54.85644147928008,8.769206063178142,10.783555356820061,3,2,334.8975320801152
19220,2212,144.42727765128507,0.0,B6,4,0,proton,2212,58.56133125930477,21.932207181148097,7.340088495278619,7.792725724934688,4,4,462.78899223817854
19128,2212,119.95384054572881,0.0,B2,0,1,deuteron,1000010020,65.44608102720659,65.44608102720659,14.302485596008388,14.302485596008388,1,1,110.61335303244236
4367,2212,152.4206345711802,0.0,B8,6,0,proton,2212,116.38424049539415,45.517725756445984,7.174145862172601,11.136767709652359,5,4,575.1489671093113
3530,2212,112.11280451424723,0.0,B2,0,1,deuteron,1000010020,43.56555904371824,43.56555904371824,13.388129171431736,13.388129171431736,1,1,111.05018007567799
3278,2212,62.74111806685752,0.0,B4,2,1,deuteron,1000010020,68.97250722109287,45.88620812444878,10.594471734985408,10.87809136959905,2,2,225.71441747530642
9897,2212,66.20310126564854,0.0,B2,0,0,proton,2212,64.02736046443918,23.148405329972437,10.64769218629617,10.730243914132853,6,1,110.75081606081798
16862,2212,150.25300822610635,0.0,B8,6,0,proton,2212,80.43934268522707,34.499968058915265,7.246711426831978,7.8663466393251875,4,4,465.0359474647904
25296,2212,113.48182200541486,0.0,B2,0,1,deuteron,1000010020,44.3724247808692,44.3724247808692,13.425251130659172,13.425251130659172,1,1,110.2878099995309
1571,2212,144.28632548501758,0.0,B2,0,1,deuteron,1000010020,84.51356671903719,39.504788508320395,7.360618180191558,12.69264463776407,4,3,337.91148055570784
17373,2212,120.18793240306385,0.0,B2,0,1,deuteron,1000010020,60.52538279438377,60.52538279438377,14.314406971300087,14.314406971300087,1,1,111.74347472097891
19859,2212,150.4674080465452,0.0,B8,6,0,proton,2212,80.97912121225039,33.87146618629027,7.215030272575774,7.835871030066641,4,4,464.5512896394584
27506,2212,141.07442791568036,0.0,B6,4,0,proton,2212,52.09811664688009,23.118497091807892,7.40091475043364,7.763905620568618,3,3,342.00397711694416
27900,2212,147.44589450911573,0.0,B8,6,0,proton,2212,72.97377166818109,24.664298443763226,7.266027632789411,7.839328806685166,4,4,462.1659803974545
4395,2212,170.07606390486393,0.0,B2,0,0,proton,2212,10.58703295079392,10.58703295079392,7.017201107144967,7.017201107144967,1,1,113.73478851074995
16851,2212,92.48797694513333,0.0,B2,0,1,deuteron,1000010020,89.45651626571295,64.11770796004865,9.070872119635155,11.190474319717099,2,1,218.8181053531291
5047,2212,75.25619699169135,0.0,B2,0,1,deuteron,1000010020,62.00102570416283,34.445268234809234,10.027863677437058,10.642867018946458,2,1,219.3376551332694
15281,2212,88.43550005438227,0.0,B2,0,1,deuteron,1000010020,79.36731570632412,49.32976913027485,9.38780301591447,10.862664362237814,2,1,218.78423382602227
5717,2212,157.13252206304617,0.0,B8,6,0,proton,2212,77.32260545240361,34.04919155258645,7.133709315043666,7.724170647531857,4,4,466.5213203636885
1748,2212,68.69811848155032,0.0,B4,2,1,deuteron,1000010020,116.46073215937218,64.33035552945995,10.702610999537516,10.99036256523893,3,2,335.7879390218057
25365,2212,139.660721600839,0.0,B6,4,0,proton,2212,55.18145664395373,26.599279628599053,7.409064949014947,7.795605029801222,3,3,341.2548485002604
26891,2212,142.10156924751604,0.0,B6,4,0,proton,2212,52.95645707646199,23.77261070734779,7.3694050893648315,7.734780395355497,3,3,341.667936770958
6126,2212,87.52623639561956,0.0,B2,0,1,deuteron,1000010020,83.03456273111813,47.69198470427882,9.4824630490963,10.825311801137788,2,1,218.6163007720154
2935,2212,93.90977319105158,0.0,B2,0,1,deuteron,1000010020,87.48267308408973,62.32986820843653,9.070279830719556,11.25408623808077,2,1,219.14505613304829
27280,2212,123.50830061294427,0.0,B2,0,1,deuteron,1000010020,60.946811570826696,60.946811570826696,14.999512844105551,14.999512844105551,1,1,112.114401966929
16755,2212,88.30547018237972,0.0,B2,0,1,deuteron,1000010020,45.591261874387676,45.591261874387676,11.771190760256784,11.771190760256784,1,1,109.6597540839695
26815,2212,54.01799022453602,0.0,B4,2,1,deuteron,1000010020,59.507929916971534,37.06708879403654,10.257042069511169,10.511822864891009,2,2,226.63566426059901
18995,2212,126.80050586290845,0.0,B4,2,0,proton,2212,30.344650699472744,17.55269964508605,7.863341669678483,8.03706246723203,2,2,228.2425075843833
21274,2212,128.8235212615761,0.0,B6,4,0,proton,2212,54.49735031416233,25.100841941491343,7.806605741698377,8.185009677758117,3,3,347.7482067062546
5131,2212,77.80840527979943,0.0,B2,0,1,deuteron,1000010020,36.90543217909443,36.90543217909443,11.295822275801209,11.295822275801209,1,1,109.76009801016467
14181,2212,165.92398610920392,0.0,B8,6,0,proton,2212,55.42883737056669,17.944203900541048,6.987231970293725,7.461132368433038,4,4,468.8817159567322
9202,2212,161.9022532980298,0.0,B8,6,0,proton,2212,58.53762189100888,20.831697117747833,7.049230244255928,7.544684268541192,4,4,469.12772870306
25082,2212,137.99443383905657,0.0,B8,6,0,proton,2212,81.26413460344514,36.65997481031781,7.464534900400718,8.093462830488978,4,4,464.40058185765605
757,2212,111.92677874277209,0.0,B2,0,1,deuteron,1000010020,42.38631266086152,42.38631266086152,13.315152633424482,13.31515263342448,1,1,111.05509103334263
23254,2212,68.18053238563417,0.0,B4,2,1,deuteron,1000010020,89.3911034863472,65.49864352952115,10.754298317552346,11.073825943480132,2,2,224.96394356219997
3219,2212,107.75779401934216,0.0,B2,0,1,deuteron,1000010020,39.32311885460928,39.32311885460928,13.08815368206866,13.088153682068658,1,1,110.5048255425725
26582,2212,63.632495992806355,0.0,B2,0,0,proton,2212,39.99423868302232,19.402982163984202,10.58168725917695,10.614368682621453,6,1,111.17236087086344
24155,2212,75.83947492863781,0.0,B2,0,1,deuteron,1000010020,59.10104490577099,34.33018124714271,9.972660326927112,10.629851420189551,2,1,219.4752082819083
29499,2212,153.13358632828232,0.0,B8,6,0,proton,2212,90.00093211330852,45.95360170412257,7.11792091826983,7.7628895407455465,4,4,461.93992319191864
17593,2212,83.45369465590777,0.0,B2,0,1,deuteron,1000010020,76.2518811218863,40.084229108653716,9.505593459138398,10.532601037686492,2,1,218.48818858884292
8943,2212,71.24169241080844,0.0,B2,0,0,proton,2212,75.47112549071969,44.281743299006806,10.877128742618014,11.063634060414524,2,1,221.51043161500328
6720,2212,71.24578986090302,0.0,B2,0,1,deuteron,1000010020,54.046862426898365,32.29330767354109,10.910882301610943,11.444631544990118,2,1,220.76534112423548
10800,2212,149.40330982631139,0.0,B2,0,1,deuteron,1000010020,112.09092434246108,32.82923032707716,7.223968912845922,11.428415858192675,5,4,574.2758408867256
22114,2212,158.10179306514095,0.0,B8,6,0,proton,2212,79.23289668770775,36.846644468789904,7.091103213968989,7.693343086328489,4,4,466.49766578650423
26391,2212,169.44813390410553,0.0,B6,4,0,proton,2212,35.364646196806916,13.598764749200576,6.981383008356845,7.272986002395234,3,3,350.0121384026056
1610,2212,77.05758202501332,0.0,B2,0,1,deuteron,1000010020,36.784219245186605,36.784219245186605,11.232096164159858,11.232096164159858,1,1,109.58466587748642
26244,2212,136.81323075444016,0.0,B8,6,0,proton,2212,76.02926423926016,28.867263691771175,7.558752525957719,8.155940186577798,4,4,467.83820089632536
27880,2212,90.52870601202575,0.0,B2,0,0,proton,2212,27.36102092872407,27.36102092872407,9.145557226020996,9.145557226020996,1,1,109.11343043396523
9083,2212,78.08783367840265,0.0,B2,0,1,deuteron,1000010020,35.855950263795854,35.855950263795854,11.126870131633389,11.126870131633389,1,1,108.97359757286122
18947,2212,119.78569189621122,0.0,B2,0,1,deuteron,1000010020,56.84370566672317,56.84370566672317,14.171158154263606,14.171158154263606,1,1,111.45088091636453
10465,2212,66.05683528802491,0.0,B4,2,1,deuteron,1000010020,87.28832520753275,32.5033386910852,10.685027571486048,11.005146040764329,3,2,111.17455624812028
15547,2212,121.69203957088959,0.0,B2,0,1,deuteron,1000010020,57.057526635687005,57.057526635687005,14.285285554002103,14.285285554002103,1,1,112.03390573475096
13939,2212,170.66536615627797,0.0,B2,0,0,proton,2212,10.498092265485212,10.498092265485212,6.96104854443277,6.96104854443277,1,1,113.14314269001481
12480,2212,139.76877920174496,0.0,B6,4,0,proton,2212,52.80460882907644,24.068025496093938,7.461602112850301,7.836419356391385,3,3,343.03809251070163
6088,2212,69.25506523802142,0.0,B2,0,0,proton,2212,76.06848998700684,45.57846039685718,10.757535888488473,10.776477013004017,3,2,221.8468343383416
9946,2212,92.43362268303403,0.0,B2,0,1,deuteron,1000010020,52.72742590522788,43.31143938087665,12.1009811251409,12.149944333820834,5,1,109.61269518489557
5875,2212,114.34765329753722,0.0,B2,0,1,deuteron,1000010020,64.31233317251123,29.532143512202314,13.872281940872986,13.949494573398942,3,1,111.28081204519046
22448,2212,85.3886036826673,0.0,B2,0,0,proton,2212,91.05863988326175,46.842520579434414,9.694662056950381,10.644989312243213,2,1,218.7278060963987
17800,2212,52.253758173036886,0.0,B2,0,1,deuteron,1000010020,14.520219554069868,14.520219554069868,10.373912023318118,10.373912023318116,1,1,112.94120417824278
12801,2212,157.5835339955061,0.0,B8,6,0,proton,2212,82.53930898994004,38.15572776581766,7.142063613355621,7.749647631913133,4,4,467.3086002454587
19847,2212,137.13790431741802,0.0,B8,6,0,proton,2212,78.2835876802885,31.56536798964771,7.482455724450433,8.09448484283893,4,4,464.6764530859945
23275,2212,52.26892792440485,0.0,B2,0,1,deuteron,1000010020,28.345223586407606,22.645303317518735,10.294752364085918,10.377108024132522,2,2,113.17657626452514
19317,2212,74.47575597867362,0.0,B2,0,1,deuteron,1000010020,33.70719144173236,33.70719144173236,11.151438023951524,11.151438023951524,1,1,110.14654595908662
3743,2212,78.25484692726288,0.0,B2,0,1,deuteron,1000010020,36.81246363898262,36.81246363898262,11.217325593313209,11.217325593313209,1,1,109.24555140917354
5746,2212,116.81326784935825,0.0,B2,0,1,deuteron,1000010020,51.52604112262847,51.52604112262847,13.85764141515119,13.85764141515119,1,1,111.40554246384116
19411,2212,89.68698860093963,0.0,B2,0,1,deuteron,1000010020,81.91739395485068,52.36390819900746,9.192900430869052,10.939865841033942,3,1,218.3769542294304
28059,2212,169.02077376576327,0.0,B4,2,0,proton,2212,22.52091381012336,12.012737833453127,6.993391768160051,7.132954216492907,2,2,229.7294050424799
9602,2212,99.12013522314739,0.0,B2,0,1,deuteron,1000010020,115.90944125023863,56.486453497458385,8.657074032649367,10.667580371058374,3,2,333.629402996909
12825,2212,85.23263548383474,0.0,B2,0,0,proton,2212,38.55278106148604,37.69975781970999,9.579464101937035,9.646071905398605,4,2,120.53414313494852
4228,2212,151.05591656233798,0.0,B8,6,0,proton,2212,84.50217905799747,40.47400326880247,7.202030667708468,7.839501547036598,4,4,463.5595762972237
22857,2212,89.83329153338283,0.0,B2,0,1,deuteron,1000010020,93.07282861855262,61.02160799227794,9.337158740272669,11.066283400433614,2,1,218.59486367410415
2175,2212,114.66327478249086,0.0,B2,0,1,deuteron,1000010020,45.80599154308113,45.80599154308113,13.679045648771936,13.679045648771936,1,1,110.98510420981673
29612,2212,109.71103918339772,0.0,B2,0,1,deuteron,1000010020,47.24440891944536,42.75143746144944,8.512010925221016,12.832564372454836,2,1,223.1219826330338
13542,2212,141.7769812053275,0.0,B6,4,0,proton,2212,52.87333062776475,24.038483287720066,7.4378062070602295,7.808253605271747,3,3,343.9448801014553
7863,2212,103.25862520037593,0.0,B2,0,1,deuteron,1000010020,108.31719016902173,45.65737103910107,8.66457942240934,10.732881635577654,4,2,334.6968970388267
19948,2212,161.95046375750513,0.0,B8,6,0,proton,2212,56.97804062813472,18.793845241803123,7.058881460981847,7.535524819769651,4,4,469.75882672105035
14206,2212,165.62137897859265,0.0,B4,2,0,proton,2212,28.287642524286895,17.87448972070508,7.030333158633914,7.200917463358408,2,2,113.74297965488026
11547,2212,65.87819513188501,0.0,B4,2,1,deuteron,1000010020,83.59207138941795,35.11640317296122,10.700609676001548,11.06782155063312,6,2,225.47809812598186
27056,2212,122.8513379674922,0.0,B2,0,1,deuteron,1000010020,65.2569785557441,64.89651245254987,14.529313196014401,14.530672335124256,2,1,112.18726064086181
13695,2212,148.18520327558375,0.0,B8,6,0,proton,2212,74.96835289167363,26.912367978644763,7.274718521963914,7.858487127314851,4,4,464.6040905760022
11428,2212,137.07982105917367,0.0,B8,6,0,proton,2212,79.57373978880823,33.137530913739454,7.515654391675725,8.135829151907041,4,4,466.71735542089357
6041,2212,58.117407523739935,0.0,B4,2,1,deuteron,1000010020,60.0745984479008,38.02726770237931,10.444441969627203,10.706906367050296,2,2,227.03557663851882
13734,2212,149.22183481018808,0.0,B2,0,0,proton,2212,50.31524936341164,13.38679988154186,7.24520152687186,7.397942212730498,10,2,110.8682631970315
7003,2212,70.2906453075023,0.0,B2,0,1,deuteron,1000010020,71.20272170819948,24.873264617279155,10.826904087394507,11.212375009479727,7,2,220.92897906140743
14227,2212,128.6849597025118,0.0,B6,4,0,proton,2212,54.912356049403684,25.267919639813773,7.800687104498036,8.182170170906085,3,3,348.3074080263485
1990,2212,122.73662138778104,0.0,B2,0,1,deuteron,1000010020,66.00235067232863,66.00235067232863,14.401611688996335,14.401611688996335,1,1,111.82153334337056
12048,2212,165.3332557279232,0.0,B8,6,0,proton,2212,54.29901019412481,18.069842264635987,7.04965819158731,7.526243743978697,4,4,473.0655473247598
2222,2212,141.39548624752618,0.0,B6,4,0,proton,2212,53.342516105273866,24.73970007318278,7.434062195456238,7.811405406042369,3,3,342.3984494955548
7269,2212,127.09762246570486,0.0,B6,4,0,proton,2212,53.337367189342714,22.660418191326443,7.856273820329942,8.22957618930599,3,3,347.87061014194103
14156,2212,82.59477018229107,0.0,B2,0,0,proton,2212,80.0910282382795,40.53317028581805,9.54712817464566,10.489502781787973,2,1,218.3331988168042
