group,n_columns,baseline_auc,dropout_auc,delta_auc,mean_fold_delta_auc,min_fold_delta_auc,max_fold_delta_auc
peak_samples_08_11,12,0.8449026222926193,0.7254721230398429,0.11943049925277638,0.11220209614714609,0.0,0.17482302246845183
rise_samples_04_07,12,0.8449026222926193,0.7774019287616969,0.06750069353092236,0.08165656696884879,0.028931979070483393,0.13580246913580252
shape_width_atoms,9,0.8449026222926193,0.7939959611145415,0.05090666117807774,0.07236883426998283,-0.03703703703703698,0.25
pretrigger_samples_00_03,12,0.8449026222926193,0.8151628231630379,0.029739799129581357,0.04855894357706688,0.023889462809917328,0.125
terminal_samples_16_17,6,0.8449026222926193,0.8213031818900431,0.02359944040257611,0.01655832292471802,-0.04938271604938271,0.0625
tail_samples_12_15,12,0.8449026222926193,0.8269662720251999,0.017936350267419354,0.011997028577451139,0.0,0.029385253290066693
tail_fraction_atoms,9,0.8449026222926193,0.8403685706700552,0.004534051622564039,0.010720032101848988,-0.012345679012345623,0.0625
