method,roc_auc,roc_auc_ci_low,roc_auc_ci_high,average_precision,ap_ci_low,ap_ci_high,brier,brier_ci_low,brier_ci_high,notes
gradient-boosted trees,0.8449026222926193,0.8256643981355967,0.8687815650698267,0.8520417804655571,0.8293701439590494,0.8829851746714459,0.16523955462410164,0.14593376746677508,0.1809857789129751,HistGradientBoostingClassifier on strict normalized shape features.
MLP,0.8259103152657341,0.8069214364255982,0.8420208131745996,0.8382291066906866,0.8218593688603012,0.8548269879870538,0.17033874122418435,0.16224045730764544,0.1812280618994269,Two-hidden-layer feed-forward network on strict normalized shape features.
ridge logistic,0.7977037414874671,0.7850127166460541,0.8093660851845964,0.7813068357828568,0.7580653071640993,0.8080957901395659,0.1846926447629712,0.18009058305462616,0.19061167461976047,L2 logistic regression on strict normalized shape features.
WaveAtomNet,0.7588003853943879,0.7409980134629516,0.7809869042463298,0.7633991404004903,0.7364489054514545,0.8071690930666859,0.2016925396105714,0.19377369624265076,0.20870141544653797,New feature-fused convolutional waveform plus strict-shape atom network.
traditional atom/template selector,0.6050080389928439,0.5979281123319314,0.6173947196174621,0.5703763603856922,0.5619574247696995,0.5824167761748129,0.31823869444150715,0.3109817506064275,0.3251853674305543,"Fold-local transparent selector over timing, shape atoms, and delayed-template residuals."
1D-CNN,0.5699422206710993,0.5564259201360973,0.5985261101630247,0.5702030445357531,0.5616975457748126,0.630583695546782,0.24882001916190333,0.24847421082772103,0.2490837211903669,Compact convolutional network on normalized four-stave waveform tensors.
