method,n_heldout_runs,mean_run_accuracy,run_bootstrap_ci_low,run_bootstrap_ci_high,min_run_accuracy,max_run_accuracy
ML leakage sentinel with median_amp,2,0.9997946980718083,0.9997332396418905,0.9998561565017261,0.9997332396418905,0.9998561565017261
ML logistic honest raw summaries,2,0.9977313614704753,0.9977162710805746,0.9977464518603759,0.9977162710805746,0.9977464518603759
dynamic-range selector,2,0.9846016241387459,0.9763537271448663,0.9928495211326255,0.9763537271448663,0.9928495211326255
traditional median-first-four gate,2,1.0,1.0,1.0,1.0,1.0
