learning_rate,max_leaf_nodes,cv_mae_adc,cv_width68_adc
0.08,15,27.02209177776557,12.124281832707311
