method,n,mean_fold_auc,roc_auc,roc_auc_ci_low,roc_auc_ci_high,average_precision,average_precision_ci_low,average_precision_ci_high,ece,ece_ci_low,ece_ci_high,brier,brier_ci_low,brier_ci_high,mean_quiet_probability_shift,timing_tail_odds_ratio_top_score,charge_bias_delta_top_score,run_auc_sd
traditional_frozen_pretrigger_tables,243133,0.9553157022216278,0.9553157022216278,0.9514014330367782,0.9594785962816309,0.9708945444590409,0.9605362126607074,0.9804255575511275,0.024481523749304745,0.01513777216466987,0.036699448424303345,0.045239547374377784,0.0329588568248251,0.060117818725814356,-0.5977165304479236,34.05721711492079,0.4401759496802118,0.00775092991030736
gradient_boosted_trees,243133,0.7133850001339039,0.7133850001339039,0.687108768499206,0.7413545858401204,0.8370612335312966,0.7740682829072926,0.8956180220145955,0.12244266558925054,0.09002777599134322,0.1557873338564627,0.15816476822917705,0.1140231559186509,0.20487365761079634,-0.6737793955323746,4.5396153666911445,0.556183670651147,0.05117153283596836
ridge_logistic,243133,0.6900551668494617,0.6900551668494614,0.6722777331504648,0.7090652798318233,0.8408654128135168,0.7856736657803035,0.899360913165929,0.1384903475596286,0.10871153534133796,0.16903379103208865,0.1666144508172688,0.1195011017544423,0.2062671411986917,-0.577955751255614,3.7867910679397205,0.4990614559314359,0.03689286455781881
mlp_tabular,243133,0.6261329314277566,0.6261329314277566,0.589521195679415,0.6647221808984111,0.7937472216548882,0.7255075699770175,0.8599708604324969,0.13992239401329304,0.1095529514154278,0.17169175729912237,0.16954868818606147,0.1224316705603799,0.21394980307056316,-0.5459809097188545,2.3305479074316335,0.8919094078379919,0.07616752435267402
hybrid_residual_cnn,243133,0.5295767878808698,0.5295767878808698,0.4954504860455613,0.5575181449971159,0.7413504719514675,0.676564187428948,0.80718515932453,0.15337312361968575,0.1205389386596004,0.18213542930913657,0.18504500264578985,0.14278829639517923,0.22855367797155457,-0.25467190767450365,0.9466752958968784,-0.32419500153067754,0.06075990141589928
cnn1d_pretrigger,243133,0.5052820500876233,0.5052820500876233,0.45500617737414034,0.5623060463174228,0.7323209674679024,0.6589364826728672,0.8012232597043625,0.15960307550306255,0.12783567897466735,0.19021206209272623,0.19155545891490153,0.14928910150619737,0.2324201094342576,-0.0871603292879486,1.1541213759684885,-1.3667271578600386,0.11127958490710119
