method,n_pair_residuals,median_ns,sigma68_ns,full_rms_ns,tail_frac_abs_gt5ns,mae_ns,sigma68_ci_low,sigma68_ci_high,tail_ci_low,tail_ci_high
raw_cfd20,198,-3.53533965096263,2.9933861916712807,2.7814050103986694,0.06565656565656566,2.2779447927412306,2.6586384459057943,3.3695633953680146,0.030303030303030304,0.1111111111111111
traditional_ridge_lowering,198,-2.888044663828066,3.251442982285886,3.0258669410672416,0.06060606060606061,2.5532380394009198,3.0091428339580446,3.6168817168326077,0.03522727272727273,0.12626262626262627
ml_rf_lowering,198,-3.2649598002989397,2.9205607740057142,2.5982192890795273,0.020202020202020204,2.16215945076583,2.6549299235258967,3.266335918598603,0.0,0.06565656565656566
ml_shuffled_target_control,198,-3.2983852394001945,2.984964939775997,2.768294520255956,0.05555555555555555,2.274512079157797,2.70811147016096,3.3986533293739405,0.020202020202020204,0.10113636363636352
