feature,sign,train_auc,fold,test_runs
late_fraction,-1.0,0.680240541545581,fold1,"44,45,46,48,49,50,51"
peak_sample,-1.0,0.676892449881102,fold2,"47,52,53,54,55,56,57"
