method,metric,value,ci_low,ci_high,roc_auc,average_precision,train_rows,heldout_rows,category
traditional hand-shape,balanced_accuracy,0.6018008059955569,0.5758542427244744,0.6295666577884478,0.6289442649011814,0.6369426629856447,117889,16187,main
traditional PCA-4,balanced_accuracy,0.6490773211586648,0.6406147845968646,0.6577278813772671,0.6925444529942217,0.6938456583865164,117889,16187,main
ML masked-denoising AE-4,balanced_accuracy,0.6335506416336358,0.6180569975025023,0.648396350814209,0.7075472564288025,0.7186966965446732,117889,16187,main
proxy: amplitude+multiplicity,balanced_accuracy,0.5910899686257074,0.533515919218509,0.6335814423611994,0.6560749099607049,0.6752175324533709,117889,16187,proxy
leakage check: topology/stave composition,balanced_accuracy,0.5931191161222266,0.5405194213795042,0.6323918305474068,0.6583941774625253,0.6794932810494175,117889,16187,leakage_check
leakage check: AE label shuffle,balanced_accuracy,0.4001167574780385,0.39263750088553934,0.408700883850335,0.3553277514426706,0.46757736182192916,117889,16187,leakage_check
