method,roc_auc,roc_auc_ci_low,roc_auc_ci_high,average_precision,average_precision_ci_low,average_precision_ci_high,note,brier,brier_ci_low,brier_ci_high
traditional_span_q_template,0.9124552019021761,0.8845645656268462,0.9284224755504522,0.9606239382654218,0.9148843088847046,0.9764620301583833,Uses downstream span; overlaps weak-label definition,,,
traditional_q_template_only,0.7169178521167816,0.6900920393639717,0.7397032772930457,0.8818900733465731,0.8148550562582197,0.908382241236416,No timing-span feature,,,
rf_clean_timing,0.9936175070219734,0.9915528299860639,0.9953078260501987,0.9978475374770022,0.9960071934260497,0.998577263679502,"RF excludes timing spans, pair residuals, run, and sample",0.026000284351047103,0.0234819730219862,0.029357968509903708
leaky_rf_control,0.9999999999999999,0.9999999999999999,1.0,1.0,1.0,1.0,RF with forbidden label-defining timing spans,0.002335096906519338,0.0020822429257881868,0.0026333139188985666
