#VRML V2.0 utf8
# Generated by VRML 2.0 driver of GEANT4


#---------- CAMERA
Viewpoint {
	position 0 0 611.427
}

#---------- SOLID: World:0
	Shape {
		appearance Appearance {
			material Material {
				diffuseColor 1 1 1
			}
		}
		geometry IndexedFaceSet {
			coord Coordinate {
				point [
					-290 -75.9 -60,
					290 -75.9 -60,
					290 75.9 -60,
					-290 75.9 -60,
					-290 -75.9 60,
					290 -75.9 60,
					290 75.9 60,
					-290 75.9 60,
				]
			}
			coordIndex [
				0, 3, 2, 1, -1,
				4, 7, 3, 0, -1,
				7, 6, 2, 3, -1,
				6, 5, 1, 2, -1,
				5, 4, 0, 1, -1,
				4, 5, 6, 7, -1,
			]
			solid FALSE
		}
	}
#---------- SOLID: Coating:0
	Shape {
		appearance Appearance {
			material Material {
				diffuseColor 1 1 1
			}
		}
		geometry IndexedFaceSet {
			coord Coordinate {
				point [
					-250.25 -26.15 -10.25,
					250.25 -26.15 -10.25,
					250.25 26.15 -10.25,
					-250.25 26.15 -10.25,
					-250.25 -26.15 10.25,
					250.25 -26.15 10.25,
					250.25 26.15 10.25,
					-250.25 26.15 10.25,
					-250.25 10.0115 1.00851,
					-250.25 10.09 1.00543,
					-250.25 10.1679 0.996197,
					-250.25 10.245 0.980878,
					-250.25 10.3205 0.959565,
					-250.25 10.3942 0.932388,
					-250.25 10.4655 0.899515,
					-250.25 10.534 0.861149,
					-250.25 10.5993 0.817525,
					-250.25 10.661 0.768914,
					-250.25 10.7186 0.715615,
					-250.25 10.7719 0.657957,
					-250.25 10.8205 0.596294,
					-250.25 10.8642 0.531007,
					-250.25 10.9025 0.462499,
					-250.25 10.9354 0.391192,
					-250.25 10.9626 0.317525,
					-250.25 10.9839 0.241954,
					-250.25 10.9992 0.164943,
					-250.25 11.0084 0.0869676,
					-250.25 11.0115 0.0085085,
					-250.25 11.0084 -0.0699506,
					-250.25 10.9992 -0.147926,
					-250.25 10.9839 -0.224937,
					-250.25 10.9626 -0.300508,
					-250.25 10.9354 -0.374175,
					-250.25 10.9025 -0.445482,
					-250.25 10.8642 -0.51399,
					-250.25 10.8205 -0.579277,
					-250.25 10.7719 -0.64094,
					-250.25 10.7186 -0.698598,
					-250.25 10.661 -0.751897,
					-250.25 10.5993 -0.800508,
					-250.25 10.534 -0.844132,
					-250.25 10.4655 -0.882498,
					-250.25 10.3942 -0.915371,
					-250.25 10.3205 -0.942548,
					-250.25 10.245 -0.963861,
					-250.25 10.1679 -0.97918,
					-250.25 10.09 -0.988409,
					-250.25 10.0115 -0.991491,
					-250.25 9.93305 -0.988409,
					-250.25 9.85508 -0.97918,
					-250.25 9.77807 -0.963861,
					-250.25 9.70249 -0.942548,
					-250.25 9.62883 -0.915371,
					-250.25 9.55752 -0.882498,
					-250.25 9.48901 -0.844132,
					-250.25 9.42373 -0.800508,
					-250.25 9.36206 -0.751897,
					-250.25 9.3044 -0.698598,
					-250.25 9.25111 -0.64094,
					-250.25 9.20249 -0.579277,
					-250.25 9.15887 -0.51399,
					-250.25 9.1205 -0.445482,
					-250.25 9.08763 -0.374175,
					-250.25 9.06045 -0.300508,
					-250.25 9.03914 -0.224937,
					-250.25 9.02382 -0.147926,
					-250.25 9.01459 -0.0699506,
					-250.25 9.01151 0.0085085,
					-250.25 9.01459 0.0869676,
					-250.25 9.02382 0.164943,
					-250.25 9.03914 0.241954,
					-250.25 9.06045 0.317525,
					-250.25 9.08763 0.391192,
					-250.25 9.1205 0.462499,
					-250.25 9.15887 0.531007,
					-250.25 9.20249 0.596294,
					-250.25 9.25111 0.657957,
					-250.25 9.3044 0.715615,
					-250.25 9.36206 0.768914,
					-250.25 9.42373 0.817525,
					-250.25 9.48901 0.861149,
					-250.25 9.55752 0.899515,
					-250.25 9.62883 0.932388,
					-250.25 9.70249 0.959565,
					-250.25 9.77807 0.980878,
					-250.25 9.85508 0.996197,
					-250.25 9.93305 1.00543,
					250.25 10.0115 1.00851,
					250.25 10.09 1.00543,
					250.25 10.1679 0.996197,
					250.25 10.245 0.980878,
					250.25 10.3205 0.959565,
					250.25 10.3942 0.932388,
					250.25 10.4655 0.899515,
					250.25 10.534 0.861149,
					250.25 10.5993 0.817525,
					250.25 10.661 0.768914,
					250.25 10.7186 0.715615,
					250.25 10.7719 0.657957,
					250.25 10.8205 0.596294,
					250.25 10.8642 0.531007,
					250.25 10.9025 0.462499,
					250.25 10.9354 0.391192,
					250.25 10.9626 0.317525,
					250.25 10.9839 0.241954,
					250.25 10.9992 0.164943,
					250.25 11.0084 0.0869676,
					250.25 11.0115 0.0085085,
					250.25 11.0084 -0.0699506,
					250.25 10.9992 -0.147926,
					250.25 10.9839 -0.224937,
					250.25 10.9626 -0.300508,
					250.25 10.9354 -0.374175,
					250.25 10.9025 -0.445482,
					250.25 10.8642 -0.51399,
					250.25 10.8205 -0.579277,
					250.25 10.7719 -0.64094,
					250.25 10.7186 -0.698598,
					250.25 10.661 -0.751897,
					250.25 10.5993 -0.800508,
					250.25 10.534 -0.844132,
					250.25 10.4655 -0.882498,
					250.25 10.3942 -0.915371,
					250.25 10.3205 -0.942548,
					250.25 10.245 -0.963861,
					250.25 10.1679 -0.97918,
					250.25 10.09 -0.988409,
					250.25 10.0115 -0.991492,
					250.25 9.93305 -0.988409,
					250.25 9.85508 -0.97918,
					250.25 9.77807 -0.963861,
					250.25 9.70249 -0.942548,
					250.25 9.62883 -0.915371,
					250.25 9.55752 -0.882498,
					250.25 9.48901 -0.844132,
					250.25 9.42373 -0.800508,
					250.25 9.36206 -0.751897,
					250.25 9.3044 -0.698598,
					250.25 9.25111 -0.64094,
					250.25 9.20249 -0.579277,
					250.25 9.15887 -0.51399,
					250.25 9.1205 -0.445482,
					250.25 9.08763 -0.374175,
					250.25 9.06045 -0.300508,
					250.25 9.03914 -0.224937,
					250.25 9.02382 -0.147926,
					250.25 9.01459 -0.0699506,
					250.25 9.01151 0.0085085,
					250.25 9.01459 0.0869676,
					250.25 9.02382 0.164943,
					250.25 9.03914 0.241954,
					250.25 9.06045 0.317525,
					250.25 9.08763 0.391192,
					250.25 9.1205 0.462499,
					250.25 9.15887 0.531007,
					250.25 9.20249 0.596294,
					250.25 9.25111 0.657957,
					250.25 9.3044 0.715615,
					250.25 9.36206 0.768914,
					250.25 9.42373 0.817525,
					250.25 9.48901 0.861149,
					250.25 9.55752 0.899515,
					250.25 9.62883 0.932388,
					250.25 9.70249 0.959565,
					250.25 9.77807 0.980878,
					250.25 9.85508 0.996197,
					250.25 9.93305 1.00543,
					-250.25 -9.93305 0.988409,
					-250.25 -10.0115 0.991492,
					-250.25 -9.85508 0.97918,
					-250.25 -9.77807 0.963861,
					-250.25 -9.70249 0.942548,
					-250.25 -9.62883 0.915371,
					-250.25 -9.55752 0.882498,
					-250.25 -9.48901 0.844132,
					-250.25 -9.42373 0.800508,
					-250.25 -9.36206 0.751897,
					-250.25 -9.3044 0.698598,
					-250.25 -9.25111 0.64094,
					-250.25 -9.20249 0.579277,
					-250.25 -9.15887 0.51399,
					-250.25 -9.1205 0.445482,
					-250.25 -9.08763 0.374175,
					-250.25 -9.06045 0.300508,
					-250.25 -9.03914 0.224937,
					-250.25 -9.02382 0.147926,
					-250.25 -9.01459 0.0699506,
					-250.25 -9.01151 -0.0085085,
					-250.25 -9.01459 -0.0869676,
					-250.25 -9.02382 -0.164943,
					-250.25 -9.03914 -0.241954,
					-250.25 -9.06045 -0.317525,
					-250.25 -9.08763 -0.391192,
					-250.25 -9.1205 -0.462499,
					-250.25 -9.15887 -0.531007,
					-250.25 -9.20249 -0.596294,
					-250.25 -9.25111 -0.657957,
					-250.25 -9.3044 -0.715615,
					-250.25 -9.36206 -0.768914,
					-250.25 -9.42373 -0.817525,
					-250.25 -9.48901 -0.861149,
					-250.25 -9.55752 -0.899515,
					-250.25 -9.62883 -0.932388,
					-250.25 -9.70249 -0.959565,
					-250.25 -9.77807 -0.980878,
					-250.25 -9.85508 -0.996197,
					-250.25 -9.93305 -1.00543,
					-250.25 -10.0115 -1.00851,
					-250.25 -10.09 -1.00543,
					-250.25 -10.1679 -0.996197,
					-250.25 -10.245 -0.980878,
					-250.25 -10.3205 -0.959565,
					-250.25 -10.3942 -0.932388,
					-250.25 -10.4655 -0.899515,
					-250.25 -10.534 -0.861149,
					-250.25 -10.5993 -0.817525,
					-250.25 -10.661 -0.768914,
					-250.25 -10.7186 -0.715615,
					-250.25 -10.7719 -0.657957,
					-250.25 -10.8205 -0.596294,
					-250.25 -10.8642 -0.531007,
					-250.25 -10.9025 -0.462499,
					-250.25 -10.9354 -0.391192,
					-250.25 -10.9626 -0.317525,
					-250.25 -10.9839 -0.241954,
					-250.25 -10.9992 -0.164943,
					-250.25 -11.0084 -0.0869676,
					-250.25 -11.0115 -0.0085085,
					-250.25 -11.0084 0.0699506,
					-250.25 -10.9992 0.147926,
					-250.25 -10.9839 0.224937,
					-250.25 -10.9626 0.300508,
					-250.25 -10.9354 0.374175,
					-250.25 -10.9025 0.445482,
					-250.25 -10.8642 0.51399,
					-250.25 -10.8205 0.579277,
					-250.25 -10.7719 0.64094,
					-250.25 -10.7186 0.698598,
					-250.25 -10.661 0.751897,
					-250.25 -10.5993 0.800508,
					-250.25 -10.534 0.844132,
					-250.25 -10.4655 0.882498,
					-250.25 -10.3942 0.915371,
					-250.25 -10.3205 0.942548,
					-250.25 -10.245 0.963861,
					-250.25 -10.1679 0.97918,
					-250.25 -10.09 0.988409,
					250.25 -10.0115 0.991491,
					250.25 -9.93305 0.988409,
					250.25 -9.85508 0.97918,
					250.25 -9.77807 0.963861,
					250.25 -9.70249 0.942548,
					250.25 -9.62883 0.915371,
					250.25 -9.55752 0.882498,
					250.25 -9.48901 0.844132,
					250.25 -9.42373 0.800508,
					250.25 -9.36206 0.751897,
					250.25 -9.3044 0.698598,
					250.25 -9.25111 0.64094,
					250.25 -9.20249 0.579277,
					250.25 -9.15887 0.51399,
					250.25 -9.1205 0.445482,
					250.25 -9.08763 0.374175,
					250.25 -9.06045 0.300508,
					250.25 -9.03914 0.224937,
					250.25 -9.02382 0.147926,
					250.25 -9.01459 0.0699506,
					250.25 -9.01151 -0.0085085,
					250.25 -9.01459 -0.0869676,
					250.25 -9.02382 -0.164943,
					250.25 -9.03914 -0.241954,
					250.25 -9.06045 -0.317525,
					250.25 -9.08763 -0.391192,
					250.25 -9.1205 -0.462499,
					250.25 -9.15887 -0.531007,
					250.25 -9.20249 -0.596294,
					250.25 -9.25111 -0.657957,
					250.25 -9.3044 -0.715615,
					250.25 -9.36206 -0.768914,
					250.25 -9.42373 -0.817525,
					250.25 -9.48901 -0.861149,
					250.25 -9.55752 -0.899515,
					250.25 -9.62883 -0.932388,
					250.25 -9.70249 -0.959565,
					250.25 -9.77807 -0.980878,
					250.25 -9.85508 -0.996197,
					250.25 -9.93305 -1.00543,
					250.25 -10.0115 -1.00851,
					250.25 -10.09 -1.00543,
					250.25 -10.1679 -0.996197,
					250.25 -10.245 -0.980878,
					250.25 -10.3205 -0.959565,
					250.25 -10.3942 -0.932388,
					250.25 -10.4655 -0.899515,
					250.25 -10.534 -0.861149,
					250.25 -10.5993 -0.817525,
					250.25 -10.661 -0.768914,
					250.25 -10.7186 -0.715615,
					250.25 -10.7719 -0.657957,
					250.25 -10.8205 -0.596294,
					250.25 -10.8642 -0.531007,
					250.25 -10.9025 -0.462499,
					250.25 -10.9354 -0.391192,
					250.25 -10.9626 -0.317525,
					250.25 -10.9839 -0.241954,
					250.25 -10.9992 -0.164943,
					250.25 -11.0084 -0.0869676,
					250.25 -11.0115 -0.0085085,
					250.25 -11.0084 0.0699506,
					250.25 -10.9992 0.147926,
					250.25 -10.9839 0.224937,
					250.25 -10.9626 0.300508,
					250.25 -10.9354 0.374175,
					250.25 -10.9025 0.445482,
					250.25 -10.8642 0.51399,
					250.25 -10.8205 0.579277,
					250.25 -10.7719 0.64094,
					250.25 -10.7186 0.698598,
					250.25 -10.661 0.751897,
					250.25 -10.5993 0.800508,
					250.25 -10.534 0.844132,
					250.25 -10.4655 0.882498,
					250.25 -10.3942 0.915371,
					250.25 -10.3205 0.942548,
					250.25 -10.245 0.963861,
					250.25 -10.1679 0.97918,
					250.25 -10.09 0.988409,
				]
			}
			coordIndex [
				0, 3, 2, 1, -1,
				7, 6, 2, 3, -1,
				5, 4, 0, 1, -1,
				4, 5, 6, 7, -1,
				4, 7, 87, -1,
				8, 87, 7, -1,
				4, 87, 86, -1,
				9, 8, 7, -1,
				4, 86, 85, -1,
				10, 9, 7, -1,
				4, 85, 84, -1,
				11, 10, 7, -1,
				4, 84, 83, -1,
				12, 11, 7, -1,
				4, 83, 82, -1,
				13, 12, 7, -1,
				4, 82, 81, -1,
				14, 13, 7, -1,
				4, 81, 80, -1,
				15, 14, 7, -1,
				4, 80, 79, -1,
				16, 15, 7, -1,
				4, 79, 78, -1,
				17, 16, 7, -1,
				4, 78, 77, -1,
				18, 17, 7, -1,
				4, 77, 76, -1,
				19, 18, 7, -1,
				4, 76, 75, -1,
				20, 19, 7, -1,
				4, 75, 74, -1,
				21, 20, 7, -1,
				4, 74, 73, -1,
				22, 21, 7, -1,
				4, 73, 72, -1,
				23, 22, 7, -1,
				4, 72, 71, -1,
				24, 23, 7, -1,
				4, 71, 70, -1,
				25, 24, 7, -1,
				4, 70, 69, -1,
				26, 25, 7, -1,
				4, 69, 68, -1,
				27, 26, 7, -1,
				4, 68, 67, -1,
				28, 27, 7, -1,
				4, 67, 66, -1,
				29, 28, 7, -1,
				4, 66, 65, -1,
				30, 29, 7, -1,
				4, 65, 64, -1,
				31, 30, 7, -1,
				4, 64, 63, -1,
				32, 31, 7, -1,
				4, 63, 62, -1,
				33, 32, 7, -1,
				4, 62, 61, -1,
				34, 33, 7, -1,
				4, 61, 60, -1,
				35, 34, 7, -1,
				4, 60, 59, -1,
				36, 35, 7, -1,
				4, 59, 58, -1,
				37, 36, 7, -1,
				4, 58, 57, -1,
				38, 37, 7, -1,
				4, 57, 56, -1,
				39, 38, 7, -1,
				4, 56, 55, -1,
				40, 39, 7, -1,
				3, 4, 55, -1,
				40, 7, 3, -1,
				3, 55, 54, -1,
				41, 40, 3, -1,
				3, 54, 53, -1,
				42, 41, 3, -1,
				3, 53, 52, -1,
				43, 42, 3, -1,
				3, 52, 51, -1,
				44, 43, 3, -1,
				3, 51, 50, -1,
				45, 44, 3, -1,
				3, 50, 49, -1,
				46, 45, 3, -1,
				3, 49, 48, -1,
				47, 46, 3, -1,
				3, 48, 47, -1,
				6, 5, 88, -1,
				167, 88, 5, -1,
				6, 88, 89, -1,
				166, 167, 5, -1,
				6, 89, 90, -1,
				165, 166, 5, -1,
				6, 90, 91, -1,
				164, 165, 5, -1,
				6, 91, 92, -1,
				163, 164, 5, -1,
				6, 92, 93, -1,
				162, 163, 5, -1,
				6, 93, 94, -1,
				161, 162, 5, -1,
				6, 94, 95, -1,
				160, 161, 5, -1,
				6, 95, 96, -1,
				159, 160, 5, -1,
				2, 6, 96, -1,
				158, 159, 5, -1,
				2, 96, 97, -1,
				157, 158, 5, -1,
				2, 97, 98, -1,
				156, 157, 5, -1,
				2, 98, 99, -1,
				155, 156, 5, -1,
				2, 99, 100, -1,
				154, 155, 5, -1,
				2, 100, 101, -1,
				153, 154, 5, -1,
				2, 101, 102, -1,
				152, 153, 5, -1,
				2, 102, 103, -1,
				151, 152, 5, -1,
				2, 103, 104, -1,
				150, 151, 5, -1,
				2, 104, 105, -1,
				149, 150, 5, -1,
				2, 105, 106, -1,
				148, 149, 5, -1,
				2, 106, 107, -1,
				147, 148, 5, -1,
				2, 107, 108, -1,
				146, 147, 5, -1,
				2, 108, 109, -1,
				145, 146, 5, -1,
				2, 109, 110, -1,
				144, 145, 5, -1,
				2, 110, 111, -1,
				143, 144, 5, -1,
				2, 111, 112, -1,
				142, 143, 5, -1,
				2, 112, 113, -1,
				141, 142, 5, -1,
				2, 113, 114, -1,
				140, 141, 5, -1,
				2, 114, 115, -1,
				139, 140, 5, -1,
				2, 115, 116, -1,
				138, 139, 5, -1,
				2, 116, 117, -1,
				137, 138, 5, -1,
				2, 117, 118, -1,
				136, 137, 5, -1,
				2, 118, 119, -1,
				135, 136, 5, -1,
				2, 119, 120, -1,
				134, 135, 5, -1,
				2, 120, 121, -1,
				133, 134, 5, -1,
				2, 121, 122, -1,
				132, 133, 5, -1,
				2, 122, 123, -1,
				132, 5, 2, -1,
				2, 123, 124, -1,
				131, 132, 2, -1,
				2, 124, 125, -1,
				130, 131, 2, -1,
				2, 125, 126, -1,
				129, 130, 2, -1,
				2, 126, 127, -1,
				128, 129, 2, -1,
				2, 127, 128, -1,
				88, 8, 9, -1,
				9, 89, 88, -1,
				89, 9, 10, -1,
				10, 90, 89, -1,
				90, 10, 11, -1,
				11, 91, 90, -1,
				91, 11, 12, -1,
				12, 92, 91, -1,
				92, 12, 13, -1,
				13, 93, 92, -1,
				93, 13, 14, -1,
				14, 94, 93, -1,
				94, 14, 15, -1,
				15, 95, 94, -1,
				95, 15, 16, -1,
				16, 96, 95, -1,
				96, 16, 17, -1,
				17, 97, 96, -1,
				97, 17, 18, -1,
				18, 98, 97, -1,
				98, 18, 19, -1,
				19, 99, 98, -1,
				99, 19, 20, -1,
				20, 100, 99, -1,
				100, 20, 21, -1,
				21, 101, 100, -1,
				101, 21, 22, -1,
				22, 102, 101, -1,
				102, 22, 23, -1,
				23, 103, 102, -1,
				103, 23, 24, -1,
				24, 104, 103, -1,
				104, 24, 25, -1,
				25, 105, 104, -1,
				105, 25, 26, -1,
				26, 106, 105, -1,
				106, 26, 27, -1,
				27, 107, 106, -1,
				107, 27, 28, -1,
				28, 108, 107, -1,
				108, 28, 29, -1,
				29, 109, 108, -1,
				109, 29, 30, -1,
				30, 110, 109, -1,
				110, 30, 31, -1,
				31, 111, 110, -1,
				111, 31, 32, -1,
				32, 112, 111, -1,
				112, 32, 33, -1,
				33, 113, 112, -1,
				113, 33, 34, -1,
				34, 114, 113, -1,
				114, 34, 35, -1,
				35, 115, 114, -1,
				115, 35, 36, -1,
				36, 116, 115, -1,
				116, 36, 37, -1,
				37, 117, 116, -1,
				117, 37, 38, -1,
				38, 118, 117, -1,
				118, 38, 39, -1,
				39, 119, 118, -1,
				119, 39, 40, -1,
				40, 120, 119, -1,
				120, 40, 41, -1,
				41, 121, 120, -1,
				121, 41, 42, -1,
				42, 122, 121, -1,
				122, 42, 43, -1,
				43, 123, 122, -1,
				123, 43, 44, -1,
				44, 124, 123, -1,
				124, 44, 45, -1,
				45, 125, 124, -1,
				125, 45, 46, -1,
				46, 126, 125, -1,
				126, 46, 47, -1,
				47, 127, 126, -1,
				127, 47, 48, -1,
				48, 128, 127, -1,
				128, 48, 49, -1,
				49, 129, 128, -1,
				129, 49, 50, -1,
				50, 130, 129, -1,
				130, 50, 51, -1,
				51, 131, 130, -1,
				131, 51, 52, -1,
				52, 132, 131, -1,
				132, 52, 53, -1,
				53, 133, 132, -1,
				133, 53, 54, -1,
				54, 134, 133, -1,
				134, 54, 55, -1,
				55, 135, 134, -1,
				135, 55, 56, -1,
				56, 136, 135, -1,
				136, 56, 57, -1,
				57, 137, 136, -1,
				137, 57, 58, -1,
				58, 138, 137, -1,
				138, 58, 59, -1,
				59, 139, 138, -1,
				139, 59, 60, -1,
				60, 140, 139, -1,
				140, 60, 61, -1,
				61, 141, 140, -1,
				141, 61, 62, -1,
				62, 142, 141, -1,
				142, 62, 63, -1,
				63, 143, 142, -1,
				143, 63, 64, -1,
				64, 144, 143, -1,
				144, 64, 65, -1,
				65, 145, 144, -1,
				145, 65, 66, -1,
				66, 146, 145, -1,
				146, 66, 67, -1,
				67, 147, 146, -1,
				147, 67, 68, -1,
				68, 148, 147, -1,
				148, 68, 69, -1,
				69, 149, 148, -1,
				149, 69, 70, -1,
				70, 150, 149, -1,
				150, 70, 71, -1,
				71, 151, 150, -1,
				151, 71, 72, -1,
				72, 152, 151, -1,
				152, 72, 73, -1,
				73, 153, 152, -1,
				153, 73, 74, -1,
				74, 154, 153, -1,
				154, 74, 75, -1,
				75, 155, 154, -1,
				155, 75, 76, -1,
				76, 156, 155, -1,
				156, 76, 77, -1,
				77, 157, 156, -1,
				157, 77, 78, -1,
				78, 158, 157, -1,
				158, 78, 79, -1,
				79, 159, 158, -1,
				159, 79, 80, -1,
				80, 160, 159, -1,
				160, 80, 81, -1,
				81, 161, 160, -1,
				161, 81, 82, -1,
				82, 162, 161, -1,
				162, 82, 83, -1,
				83, 163, 162, -1,
				163, 83, 84, -1,
				84, 164, 163, -1,
				164, 84, 85, -1,
				85, 165, 164, -1,
				165, 85, 86, -1,
				86, 166, 165, -1,
				166, 86, 87, -1,
				87, 167, 166, -1,
				167, 87, 8, -1,
				8, 88, 167, -1,
				0, 240, 239, -1,
				240, 0, 4, -1,
				0, 239, 238, -1,
				241, 240, 4, -1,
				0, 238, 237, -1,
				242, 241, 4, -1,
				0, 237, 236, -1,
				243, 242, 4, -1,
				0, 236, 235, -1,
				244, 243, 4, -1,
				0, 235, 234, -1,
				245, 244, 4, -1,
				0, 234, 233, -1,
				246, 245, 4, -1,
				0, 233, 232, -1,
				247, 246, 4, -1,
				0, 232, 231, -1,
				169, 247, 4, -1,
				0, 231, 230, -1,
				168, 169, 4, -1,
				0, 230, 229, -1,
				170, 168, 4, -1,
				0, 229, 228, -1,
				171, 170, 4, -1,
				0, 228, 227, -1,
				172, 171, 4, -1,
				0, 227, 226, -1,
				173, 172, 4, -1,
				0, 226, 225, -1,
				174, 173, 4, -1,
				0, 225, 224, -1,
				175, 174, 4, -1,
				0, 224, 223, -1,
				175, 4, 3, -1,
				0, 223, 222, -1,
				176, 175, 3, -1,
				0, 222, 221, -1,
				177, 176, 3, -1,
				0, 221, 220, -1,
				178, 177, 3, -1,
				0, 220, 219, -1,
				179, 178, 3, -1,
				0, 219, 218, -1,
				180, 179, 3, -1,
				0, 218, 217, -1,
				181, 180, 3, -1,
				0, 217, 216, -1,
				182, 181, 3, -1,
				0, 216, 215, -1,
				183, 182, 3, -1,
				0, 215, 214, -1,
				184, 183, 3, -1,
				0, 214, 213, -1,
				185, 184, 3, -1,
				0, 213, 212, -1,
				186, 185, 3, -1,
				0, 212, 211, -1,
				187, 186, 3, -1,
				3, 0, 211, -1,
				188, 187, 3, -1,
				3, 211, 210, -1,
				189, 188, 3, -1,
				3, 210, 209, -1,
				190, 189, 3, -1,
				3, 209, 208, -1,
				191, 190, 3, -1,
				3, 208, 207, -1,
				192, 191, 3, -1,
				3, 207, 206, -1,
				193, 192, 3, -1,
				3, 206, 205, -1,
				194, 193, 3, -1,
				3, 205, 204, -1,
				195, 194, 3, -1,
				3, 204, 203, -1,
				196, 195, 3, -1,
				3, 203, 202, -1,
				197, 196, 3, -1,
				3, 202, 201, -1,
				198, 197, 3, -1,
				3, 201, 200, -1,
				199, 198, 3, -1,
				3, 200, 199, -1,
				1, 282, 283, -1,
				281, 282, 1, -1,
				1, 283, 284, -1,
				281, 1, 2, -1,
				1, 284, 285, -1,
				280, 281, 2, -1,
				1, 285, 286, -1,
				279, 280, 2, -1,
				1, 286, 287, -1,
				278, 279, 2, -1,
				1, 287, 288, -1,
				277, 278, 2, -1,
				1, 288, 289, -1,
				276, 277, 2, -1,
				1, 289, 290, -1,
				275, 276, 2, -1,
				1, 290, 291, -1,
				274, 275, 2, -1,
				1, 291, 292, -1,
				273, 274, 2, -1,
				1, 292, 293, -1,
				272, 273, 2, -1,
				1, 293, 294, -1,
				271, 272, 2, -1,
				1, 294, 295, -1,
				270, 271, 2, -1,
				1, 295, 296, -1,
				269, 270, 2, -1,
				5, 1, 296, -1,
				268, 269, 2, -1,
				5, 296, 297, -1,
				267, 268, 2, -1,
				5, 297, 298, -1,
				266, 267, 2, -1,
				5, 298, 299, -1,
				265, 266, 2, -1,
				5, 299, 300, -1,
				264, 265, 2, -1,
				5, 300, 301, -1,
				263, 264, 2, -1,
				5, 301, 302, -1,
				262, 263, 2, -1,
				5, 302, 303, -1,
				261, 262, 2, -1,
				5, 303, 304, -1,
				260, 261, 2, -1,
				5, 304, 305, -1,
				259, 260, 2, -1,
				5, 305, 306, -1,
				258, 259, 2, -1,
				5, 306, 307, -1,
				257, 258, 2, -1,
				5, 307, 308, -1,
				256, 257, 2, -1,
				5, 308, 309, -1,
				255, 256, 2, -1,
				5, 309, 310, -1,
				254, 255, 2, -1,
				5, 310, 311, -1,
				253, 254, 2, -1,
				5, 311, 312, -1,
				252, 253, 2, -1,
				5, 312, 313, -1,
				252, 2, 5, -1,
				5, 313, 314, -1,
				251, 252, 5, -1,
				5, 314, 315, -1,
				250, 251, 5, -1,
				5, 315, 316, -1,
				249, 250, 5, -1,
				5, 316, 317, -1,
				248, 249, 5, -1,
				5, 317, 318, -1,
				327, 248, 5, -1,
				5, 318, 319, -1,
				326, 327, 5, -1,
				5, 319, 320, -1,
				325, 326, 5, -1,
				5, 320, 321, -1,
				324, 325, 5, -1,
				5, 321, 322, -1,
				323, 324, 5, -1,
				5, 322, 323, -1,
				248, 169, 168, -1,
				168, 249, 248, -1,
				249, 168, 170, -1,
				170, 250, 249, -1,
				250, 170, 171, -1,
				171, 251, 250, -1,
				251, 171, 172, -1,
				172, 252, 251, -1,
				252, 172, 173, -1,
				173, 253, 252, -1,
				253, 173, 174, -1,
				174, 254, 253, -1,
				254, 174, 175, -1,
				175, 255, 254, -1,
				255, 175, 176, -1,
				176, 256, 255, -1,
				256, 176, 177, -1,
				177, 257, 256, -1,
				257, 177, 178, -1,
				178, 258, 257, -1,
				258, 178, 179, -1,
				179, 259, 258, -1,
				259, 179, 180, -1,
				180, 260, 259, -1,
				260, 180, 181, -1,
				181, 261, 260, -1,
				261, 181, 182, -1,
				182, 262, 261, -1,
				262, 182, 183, -1,
				183, 263, 262, -1,
				263, 183, 184, -1,
				184, 264, 263, -1,
				264, 184, 185, -1,
				185, 265, 264, -1,
				265, 185, 186, -1,
				186, 266, 265, -1,
				266, 186, 187, -1,
				187, 267, 266, -1,
				267, 187, 188, -1,
				188, 268, 267, -1,
				268, 188, 189, -1,
				189, 269, 268, -1,
				269, 189, 190, -1,
				190, 270, 269, -1,
				270, 190, 191, -1,
				191, 271, 270, -1,
				271, 191, 192, -1,
				192, 272, 271, -1,
				272, 192, 193, -1,
				193, 273, 272, -1,
				273, 193, 194, -1,
				194, 274, 273, -1,
				274, 194, 195, -1,
				195, 275, 274, -1,
				275, 195, 196, -1,
				196, 276, 275, -1,
				276, 196, 197, -1,
				197, 277, 276, -1,
				277, 197, 198, -1,
				198, 278, 277, -1,
				278, 198, 199, -1,
				199, 279, 278, -1,
				279, 199, 200, -1,
				200, 280, 279, -1,
				280, 200, 201, -1,
				201, 281, 280, -1,
				281, 201, 202, -1,
				202, 282, 281, -1,
				282, 202, 203, -1,
				203, 283, 282, -1,
				283, 203, 204, -1,
				204, 284, 283, -1,
				284, 204, 205, -1,
				205, 285, 284, -1,
				285, 205, 206, -1,
				206, 286, 285, -1,
				286, 206, 207, -1,
				207, 287, 286, -1,
				287, 207, 208, -1,
				208, 288, 287, -1,
				288, 208, 209, -1,
				209, 289, 288, -1,
				289, 209, 210, -1,
				210, 290, 289, -1,
				290, 210, 211, -1,
				211, 291, 290, -1,
				291, 211, 212, -1,
				212, 292, 291, -1,
				292, 212, 213, -1,
				213, 293, 292, -1,
				293, 213, 214, -1,
				214, 294, 293, -1,
				294, 214, 215, -1,
				215, 295, 294, -1,
				295, 215, 216, -1,
				216, 296, 295, -1,
				296, 216, 217, -1,
				217, 297, 296, -1,
				297, 217, 218, -1,
				218, 298, 297, -1,
				298, 218, 219, -1,
				219, 299, 298, -1,
				299, 219, 220, -1,
				220, 300, 299, -1,
				300, 220, 221, -1,
				221, 301, 300, -1,
				301, 221, 222, -1,
				222, 302, 301, -1,
				302, 222, 223, -1,
				223, 303, 302, -1,
				303, 223, 224, -1,
				224, 304, 303, -1,
				304, 224, 225, -1,
				225, 305, 304, -1,
				305, 225, 226, -1,
				226, 306, 305, -1,
				306, 226, 227, -1,
				227, 307, 306, -1,
				307, 227, 228, -1,
				228, 308, 307, -1,
				308, 228, 229, -1,
				229, 309, 308, -1,
				309, 229, 230, -1,
				230, 310, 309, -1,
				310, 230, 231, -1,
				231, 311, 310, -1,
				311, 231, 232, -1,
				232, 312, 311, -1,
				312, 232, 233, -1,
				233, 313, 312, -1,
				313, 233, 234, -1,
				234, 314, 313, -1,
				314, 234, 235, -1,
				235, 315, 314, -1,
				315, 235, 236, -1,
				236, 316, 315, -1,
				316, 236, 237, -1,
				237, 317, 316, -1,
				317, 237, 238, -1,
				238, 318, 317, -1,
				318, 238, 239, -1,
				239, 319, 318, -1,
				319, 239, 240, -1,
				240, 320, 319, -1,
				320, 240, 241, -1,
				241, 321, 320, -1,
				321, 241, 242, -1,
				242, 322, 321, -1,
				322, 242, 243, -1,
				243, 323, 322, -1,
				323, 243, 244, -1,
				244, 324, 323, -1,
				324, 244, 245, -1,
				245, 325, 324, -1,
				325, 245, 246, -1,
				246, 326, 325, -1,
				326, 246, 247, -1,
				247, 327, 326, -1,
				327, 247, 169, -1,
				169, 248, 327, -1,
			]
			solid FALSE
		}
	}
#---------- SOLID: Scintillator:0
	Shape {
		appearance Appearance {
			material Material {
				diffuseColor 1 1 1
			}
		}
		geometry IndexedFaceSet {
			coord Coordinate {
				point [
					-250 -25.9 -10,
					250 -25.9 -10,
					250 25.9 -10,
					-250 25.9 -10,
					-250 -25.9 10,
					250 -25.9 10,
					250 25.9 10,
					-250 25.9 10,
					-250 10.0115 1.0085,
					-250 10.09 1.00542,
					-250 10.1679 0.996188,
					-250 10.2449 0.98087,
					-250 10.3205 0.959557,
					-250 10.3942 0.93238,
					-250 10.4655 0.899507,
					-250 10.534 0.86114,
					-250 10.5993 0.817517,
					-250 10.6609 0.768906,
					-250 10.7186 0.715607,
					-250 10.7719 0.657948,
					-250 10.8205 0.596285,
					-250 10.8641 0.530999,
					-250 10.9025 0.46249,
					-250 10.9354 0.391183,
					-250 10.9626 0.317517,
					-250 10.9839 0.241945,
					-250 10.9992 0.164934,
					-250 11.0084 0.0869591,
					-250 11.0115 0.0085,
					-250 11.0084 -0.0699591,
					-250 10.9992 -0.147934,
					-250 10.9839 -0.224945,
					-250 10.9626 -0.300517,
					-250 10.9354 -0.374183,
					-250 10.9025 -0.44549,
					-250 10.8641 -0.513999,
					-250 10.8205 -0.579285,
					-250 10.7719 -0.640948,
					-250 10.7186 -0.698607,
					-250 10.6609 -0.751906,
					-250 10.5993 -0.800517,
					-250 10.534 -0.84414,
					-250 10.4655 -0.882507,
					-250 10.3942 -0.91538,
					-250 10.3205 -0.942557,
					-250 10.2449 -0.96387,
					-250 10.1679 -0.979188,
					-250 10.09 -0.988417,
					-250 10.0115 -0.9915,
					-250 9.93304 -0.988417,
					-250 9.85507 -0.979188,
					-250 9.77805 -0.96387,
					-250 9.70248 -0.942557,
					-250 9.62882 -0.91538,
					-250 9.55751 -0.882507,
					-250 9.489 -0.84414,
					-250 9.42371 -0.800517,
					-250 9.36205 -0.751906,
					-250 9.30439 -0.698607,
					-250 9.25109 -0.640948,
					-250 9.20248 -0.579285,
					-250 9.15886 -0.513999,
					-250 9.12049 -0.44549,
					-250 9.08762 -0.374183,
					-250 9.06044 -0.300517,
					-250 9.03913 -0.224945,
					-250 9.02381 -0.147934,
					-250 9.01458 -0.0699591,
					-250 9.0115 0.0085,
					-250 9.01458 0.0869591,
					-250 9.02381 0.164934,
					-250 9.03913 0.241945,
					-250 9.06044 0.317517,
					-250 9.08762 0.391183,
					-250 9.12049 0.46249,
					-250 9.15886 0.530999,
					-250 9.20248 0.596285,
					-250 9.25109 0.657948,
					-250 9.30439 0.715607,
					-250 9.36205 0.768906,
					-250 9.42371 0.817517,
					-250 9.489 0.86114,
					-250 9.55751 0.899507,
					-250 9.62882 0.93238,
					-250 9.70248 0.959557,
					-250 9.77805 0.98087,
					-250 9.85507 0.996188,
					-250 9.93304 1.00542,
					250 10.0115 1.0085,
					250 10.09 1.00542,
					250 10.1679 0.996188,
					250 10.2449 0.98087,
					250 10.3205 0.959557,
					250 10.3942 0.93238,
					250 10.4655 0.899507,
					250 10.534 0.86114,
					250 10.5993 0.817517,
					250 10.6609 0.768906,
					250 10.7186 0.715607,
					250 10.7719 0.657948,
					250 10.8205 0.596285,
					250 10.8641 0.530999,
					250 10.9025 0.46249,
					250 10.9354 0.391183,
					250 10.9626 0.317517,
					250 10.9839 0.241945,
					250 10.9992 0.164934,
					250 11.0084 0.0869591,
					250 11.0115 0.0085,
					250 11.0084 -0.0699591,
					250 10.9992 -0.147934,
					250 10.9839 -0.224945,
					250 10.9626 -0.300517,
					250 10.9354 -0.374183,
					250 10.9025 -0.44549,
					250 10.8641 -0.513999,
					250 10.8205 -0.579285,
					250 10.7719 -0.640948,
					250 10.7186 -0.698607,
					250 10.6609 -0.751906,
					250 10.5993 -0.800517,
					250 10.534 -0.84414,
					250 10.4655 -0.882507,
					250 10.3942 -0.91538,
					250 10.3205 -0.942557,
					250 10.2449 -0.96387,
					250 10.1679 -0.979188,
					250 10.09 -0.988417,
					250 10.0115 -0.9915,
					250 9.93304 -0.988417,
					250 9.85507 -0.979188,
					250 9.77805 -0.96387,
					250 9.70248 -0.942557,
					250 9.62882 -0.91538,
					250 9.55751 -0.882507,
					250 9.489 -0.84414,
					250 9.42371 -0.800517,
					250 9.36205 -0.751906,
					250 9.30439 -0.698607,
					250 9.25109 -0.640948,
					250 9.20248 -0.579285,
					250 9.15886 -0.513999,
					250 9.12049 -0.44549,
					250 9.08762 -0.374183,
					250 9.06044 -0.300517,
					250 9.03913 -0.224945,
					250 9.02381 -0.147934,
					250 9.01458 -0.0699591,
					250 9.0115 0.0085,
					250 9.01458 0.0869591,
					250 9.02381 0.164934,
					250 9.03913 0.241945,
					250 9.06044 0.317517,
					250 9.08762 0.391183,
					250 9.12049 0.46249,
					250 9.15886 0.530999,
					250 9.20248 0.596285,
					250 9.25109 0.657948,
					250 9.30439 0.715607,
					250 9.36205 0.768906,
					250 9.42371 0.817517,
					250 9.489 0.86114,
					250 9.55751 0.899507,
					250 9.62882 0.93238,
					250 9.70248 0.959557,
					250 9.77805 0.98087,
					250 9.85507 0.996188,
					250 9.93304 1.00542,
					-250 -9.93304 0.988417,
					-250 -10.0115 0.9915,
					-250 -9.85507 0.979188,
					-250 -9.77805 0.96387,
					-250 -9.70248 0.942557,
					-250 -9.62882 0.91538,
					-250 -9.55751 0.882507,
					-250 -9.489 0.84414,
					-250 -9.42371 0.800517,
					-250 -9.36205 0.751906,
					-250 -9.30439 0.698607,
					-250 -9.25109 0.640948,
					-250 -9.20248 0.579285,
					-250 -9.15886 0.513999,
					-250 -9.12049 0.44549,
					-250 -9.08762 0.374183,
					-250 -9.06044 0.300517,
					-250 -9.03913 0.224945,
					-250 -9.02381 0.147934,
					-250 -9.01458 0.0699591,
					-250 -9.0115 -0.0085,
					-250 -9.01458 -0.0869591,
					-250 -9.02381 -0.164934,
					-250 -9.03913 -0.241945,
					-250 -9.06044 -0.317517,
					-250 -9.08762 -0.391183,
					-250 -9.12049 -0.46249,
					-250 -9.15886 -0.530999,
					-250 -9.20248 -0.596285,
					-250 -9.25109 -0.657948,
					-250 -9.30439 -0.715607,
					-250 -9.36205 -0.768906,
					-250 -9.42371 -0.817517,
					-250 -9.489 -0.86114,
					-250 -9.55751 -0.899507,
					-250 -9.62882 -0.93238,
					-250 -9.70248 -0.959557,
					-250 -9.77805 -0.98087,
					-250 -9.85507 -0.996188,
					-250 -9.93304 -1.00542,
					-250 -10.0115 -1.0085,
					-250 -10.09 -1.00542,
					-250 -10.1679 -0.996188,
					-250 -10.2449 -0.98087,
					-250 -10.3205 -0.959557,
					-250 -10.3942 -0.93238,
					-250 -10.4655 -0.899507,
					-250 -10.534 -0.86114,
					-250 -10.5993 -0.817517,
					-250 -10.6609 -0.768906,
					-250 -10.7186 -0.715607,
					-250 -10.7719 -0.657948,
					-250 -10.8205 -0.596285,
					-250 -10.8641 -0.530999,
					-250 -10.9025 -0.46249,
					-250 -10.9354 -0.391183,
					-250 -10.9626 -0.317517,
					-250 -10.9839 -0.241945,
					-250 -10.9992 -0.164934,
					-250 -11.0084 -0.0869591,
					-250 -11.0115 -0.0085,
					-250 -11.0084 0.0699591,
					-250 -10.9992 0.147934,
					-250 -10.9839 0.224945,
					-250 -10.9626 0.300517,
					-250 -10.9354 0.374183,
					-250 -10.9025 0.44549,
					-250 -10.8641 0.513999,
					-250 -10.8205 0.579285,
					-250 -10.7719 0.640948,
					-250 -10.7186 0.698607,
					-250 -10.6609 0.751906,
					-250 -10.5993 0.800517,
					-250 -10.534 0.84414,
					-250 -10.4655 0.882507,
					-250 -10.3942 0.91538,
					-250 -10.3205 0.942557,
					-250 -10.2449 0.96387,
					-250 -10.1679 0.979188,
					-250 -10.09 0.988417,
					250 -10.0115 0.9915,
					250 -9.93304 0.988417,
					250 -9.85507 0.979188,
					250 -9.77805 0.96387,
					250 -9.70248 0.942557,
					250 -9.62882 0.91538,
					250 -9.55751 0.882507,
					250 -9.489 0.84414,
					250 -9.42371 0.800517,
					250 -9.36205 0.751906,
					250 -9.30439 0.698607,
					250 -9.25109 0.640948,
					250 -9.20248 0.579285,
					250 -9.15886 0.513999,
					250 -9.12049 0.44549,
					250 -9.08762 0.374183,
					250 -9.06044 0.300517,
					250 -9.03913 0.224945,
					250 -9.02381 0.147934,
					250 -9.01458 0.0699591,
					250 -9.0115 -0.0085,
					250 -9.01458 -0.0869591,
					250 -9.02381 -0.164934,
					250 -9.03913 -0.241945,
					250 -9.06044 -0.317517,
					250 -9.08762 -0.391183,
					250 -9.12049 -0.46249,
					250 -9.15886 -0.530999,
					250 -9.20248 -0.596285,
					250 -9.25109 -0.657948,
					250 -9.30439 -0.715607,
					250 -9.36205 -0.768906,
					250 -9.42371 -0.817517,
					250 -9.489 -0.86114,
					250 -9.55751 -0.899507,
					250 -9.62882 -0.93238,
					250 -9.70248 -0.959557,
					250 -9.77805 -0.98087,
					250 -9.85507 -0.996188,
					250 -9.93304 -1.00542,
					250 -10.0115 -1.0085,
					250 -10.09 -1.00542,
					250 -10.1679 -0.996188,
					250 -10.2449 -0.98087,
					250 -10.3205 -0.959557,
					250 -10.3942 -0.93238,
					250 -10.4655 -0.899507,
					250 -10.534 -0.86114,
					250 -10.5993 -0.817517,
					250 -10.6609 -0.768906,
					250 -10.7186 -0.715607,
					250 -10.7719 -0.657948,
					250 -10.8205 -0.596285,
					250 -10.8641 -0.530999,
					250 -10.9025 -0.46249,
					250 -10.9354 -0.391183,
					250 -10.9626 -0.317517,
					250 -10.9839 -0.241945,
					250 -10.9992 -0.164934,
					250 -11.0084 -0.0869591,
					250 -11.0115 -0.0085,
					250 -11.0084 0.0699591,
					250 -10.9992 0.147934,
					250 -10.9839 0.224945,
					250 -10.9626 0.300517,
					250 -10.9354 0.374183,
					250 -10.9025 0.44549,
					250 -10.8641 0.513999,
					250 -10.8205 0.579285,
					250 -10.7719 0.640948,
					250 -10.7186 0.698607,
					250 -10.6609 0.751906,
					250 -10.5993 0.800517,
					250 -10.534 0.84414,
					250 -10.4655 0.882507,
					250 -10.3942 0.91538,
					250 -10.3205 0.942557,
					250 -10.2449 0.96387,
					250 -10.1679 0.979188,
					250 -10.09 0.988417,
				]
			}
			coordIndex [
				0, 3, 2, 1, -1,
				7, 6, 2, 3, -1,
				5, 4, 0, 1, -1,
				4, 5, 6, 7, -1,
				4, 7, 87, -1,
				8, 87, 7, -1,
				4, 87, 86, -1,
				9, 8, 7, -1,
				4, 86, 85, -1,
				10, 9, 7, -1,
				4, 85, 84, -1,
				11, 10, 7, -1,
				4, 84, 83, -1,
				12, 11, 7, -1,
				4, 83, 82, -1,
				13, 12, 7, -1,
				4, 82, 81, -1,
				14, 13, 7, -1,
				4, 81, 80, -1,
				15, 14, 7, -1,
				4, 80, 79, -1,
				16, 15, 7, -1,
				4, 79, 78, -1,
				17, 16, 7, -1,
				4, 78, 77, -1,
				18, 17, 7, -1,
				4, 77, 76, -1,
				19, 18, 7, -1,
				4, 76, 75, -1,
				20, 19, 7, -1,
				4, 75, 74, -1,
				21, 20, 7, -1,
				4, 74, 73, -1,
				22, 21, 7, -1,
				4, 73, 72, -1,
				23, 22, 7, -1,
				4, 72, 71, -1,
				24, 23, 7, -1,
				4, 71, 70, -1,
				25, 24, 7, -1,
				4, 70, 69, -1,
				26, 25, 7, -1,
				4, 69, 68, -1,
				27, 26, 7, -1,
				4, 68, 67, -1,
				28, 27, 7, -1,
				4, 67, 66, -1,
				29, 28, 7, -1,
				4, 66, 65, -1,
				30, 29, 7, -1,
				4, 65, 64, -1,
				31, 30, 7, -1,
				4, 64, 63, -1,
				32, 31, 7, -1,
				4, 63, 62, -1,
				33, 32, 7, -1,
				4, 62, 61, -1,
				34, 33, 7, -1,
				4, 61, 60, -1,
				35, 34, 7, -1,
				4, 60, 59, -1,
				36, 35, 7, -1,
				4, 59, 58, -1,
				37, 36, 7, -1,
				4, 58, 57, -1,
				38, 37, 7, -1,
				4, 57, 56, -1,
				39, 38, 7, -1,
				4, 56, 55, -1,
				40, 39, 7, -1,
				4, 55, 54, -1,
				40, 7, 3, -1,
				3, 4, 54, -1,
				41, 40, 3, -1,
				3, 54, 53, -1,
				42, 41, 3, -1,
				3, 53, 52, -1,
				43, 42, 3, -1,
				3, 52, 51, -1,
				44, 43, 3, -1,
				3, 51, 50, -1,
				45, 44, 3, -1,
				3, 50, 49, -1,
				46, 45, 3, -1,
				3, 49, 48, -1,
				47, 46, 3, -1,
				3, 48, 47, -1,
				6, 5, 88, -1,
				167, 88, 5, -1,
				6, 88, 89, -1,
				166, 167, 5, -1,
				6, 89, 90, -1,
				165, 166, 5, -1,
				6, 90, 91, -1,
				164, 165, 5, -1,
				6, 91, 92, -1,
				163, 164, 5, -1,
				6, 92, 93, -1,
				162, 163, 5, -1,
				6, 93, 94, -1,
				161, 162, 5, -1,
				6, 94, 95, -1,
				160, 161, 5, -1,
				6, 95, 96, -1,
				159, 160, 5, -1,
				2, 6, 96, -1,
				158, 159, 5, -1,
				2, 96, 97, -1,
				157, 158, 5, -1,
				2, 97, 98, -1,
				156, 157, 5, -1,
				2, 98, 99, -1,
				155, 156, 5, -1,
				2, 99, 100, -1,
				154, 155, 5, -1,
				2, 100, 101, -1,
				153, 154, 5, -1,
				2, 101, 102, -1,
				152, 153, 5, -1,
				2, 102, 103, -1,
				151, 152, 5, -1,
				2, 103, 104, -1,
				150, 151, 5, -1,
				2, 104, 105, -1,
				149, 150, 5, -1,
				2, 105, 106, -1,
				148, 149, 5, -1,
				2, 106, 107, -1,
				147, 148, 5, -1,
				2, 107, 108, -1,
				146, 147, 5, -1,
				2, 108, 109, -1,
				145, 146, 5, -1,
				2, 109, 110, -1,
				144, 145, 5, -1,
				2, 110, 111, -1,
				143, 144, 5, -1,
				2, 111, 112, -1,
				142, 143, 5, -1,
				2, 112, 113, -1,
				141, 142, 5, -1,
				2, 113, 114, -1,
				140, 141, 5, -1,
				2, 114, 115, -1,
				139, 140, 5, -1,
				2, 115, 116, -1,
				138, 139, 5, -1,
				2, 116, 117, -1,
				137, 138, 5, -1,
				2, 117, 118, -1,
				136, 137, 5, -1,
				2, 118, 119, -1,
				135, 136, 5, -1,
				2, 119, 120, -1,
				134, 135, 5, -1,
				2, 120, 121, -1,
				133, 134, 5, -1,
				2, 121, 122, -1,
				132, 133, 5, -1,
				2, 122, 123, -1,
				132, 5, 2, -1,
				2, 123, 124, -1,
				131, 132, 2, -1,
				2, 124, 125, -1,
				130, 131, 2, -1,
				2, 125, 126, -1,
				129, 130, 2, -1,
				2, 126, 127, -1,
				128, 129, 2, -1,
				2, 127, 128, -1,
				88, 8, 9, -1,
				9, 89, 88, -1,
				89, 9, 10, -1,
				10, 90, 89, -1,
				90, 10, 11, -1,
				11, 91, 90, -1,
				91, 11, 12, -1,
				12, 92, 91, -1,
				92, 12, 13, -1,
				13, 93, 92, -1,
				93, 13, 14, -1,
				14, 94, 93, -1,
				94, 14, 15, -1,
				15, 95, 94, -1,
				95, 15, 16, -1,
				16, 96, 95, -1,
				96, 16, 17, -1,
				17, 97, 96, -1,
				97, 17, 18, -1,
				18, 98, 97, -1,
				98, 18, 19, -1,
				19, 99, 98, -1,
				99, 19, 20, -1,
				20, 100, 99, -1,
				100, 20, 21, -1,
				21, 101, 100, -1,
				101, 21, 22, -1,
				22, 102, 101, -1,
				102, 22, 23, -1,
				23, 103, 102, -1,
				103, 23, 24, -1,
				24, 104, 103, -1,
				104, 24, 25, -1,
				25, 105, 104, -1,
				105, 25, 26, -1,
				26, 106, 105, -1,
				106, 26, 27, -1,
				27, 107, 106, -1,
				107, 27, 28, -1,
				28, 108, 107, -1,
				108, 28, 29, -1,
				29, 109, 108, -1,
				109, 29, 30, -1,
				30, 110, 109, -1,
				110, 30, 31, -1,
				31, 111, 110, -1,
				111, 31, 32, -1,
				32, 112, 111, -1,
				112, 32, 33, -1,
				33, 113, 112, -1,
				113, 33, 34, -1,
				34, 114, 113, -1,
				114, 34, 35, -1,
				35, 115, 114, -1,
				115, 35, 36, -1,
				36, 116, 115, -1,
				116, 36, 37, -1,
				37, 117, 116, -1,
				117, 37, 38, -1,
				38, 118, 117, -1,
				118, 38, 39, -1,
				39, 119, 118, -1,
				119, 39, 40, -1,
				40, 120, 119, -1,
				120, 40, 41, -1,
				41, 121, 120, -1,
				121, 41, 42, -1,
				42, 122, 121, -1,
				122, 42, 43, -1,
				43, 123, 122, -1,
				123, 43, 44, -1,
				44, 124, 123, -1,
				124, 44, 45, -1,
				45, 125, 124, -1,
				125, 45, 46, -1,
				46, 126, 125, -1,
				126, 46, 47, -1,
				47, 127, 126, -1,
				127, 47, 48, -1,
				48, 128, 127, -1,
				128, 48, 49, -1,
				49, 129, 128, -1,
				129, 49, 50, -1,
				50, 130, 129, -1,
				130, 50, 51, -1,
				51, 131, 130, -1,
				131, 51, 52, -1,
				52, 132, 131, -1,
				132, 52, 53, -1,
				53, 133, 132, -1,
				133, 53, 54, -1,
				54, 134, 133, -1,
				134, 54, 55, -1,
				55, 135, 134, -1,
				135, 55, 56, -1,
				56, 136, 135, -1,
				136, 56, 57, -1,
				57, 137, 136, -1,
				137, 57, 58, -1,
				58, 138, 137, -1,
				138, 58, 59, -1,
				59, 139, 138, -1,
				139, 59, 60, -1,
				60, 140, 139, -1,
				140, 60, 61, -1,
				61, 141, 140, -1,
				141, 61, 62, -1,
				62, 142, 141, -1,
				142, 62, 63, -1,
				63, 143, 142, -1,
				143, 63, 64, -1,
				64, 144, 143, -1,
				144, 64, 65, -1,
				65, 145, 144, -1,
				145, 65, 66, -1,
				66, 146, 145, -1,
				146, 66, 67, -1,
				67, 147, 146, -1,
				147, 67, 68, -1,
				68, 148, 147, -1,
				148, 68, 69, -1,
				69, 149, 148, -1,
				149, 69, 70, -1,
				70, 150, 149, -1,
				150, 70, 71, -1,
				71, 151, 150, -1,
				151, 71, 72, -1,
				72, 152, 151, -1,
				152, 72, 73, -1,
				73, 153, 152, -1,
				153, 73, 74, -1,
				74, 154, 153, -1,
				154, 74, 75, -1,
				75, 155, 154, -1,
				155, 75, 76, -1,
				76, 156, 155, -1,
				156, 76, 77, -1,
				77, 157, 156, -1,
				157, 77, 78, -1,
				78, 158, 157, -1,
				158, 78, 79, -1,
				79, 159, 158, -1,
				159, 79, 80, -1,
				80, 160, 159, -1,
				160, 80, 81, -1,
				81, 161, 160, -1,
				161, 81, 82, -1,
				82, 162, 161, -1,
				162, 82, 83, -1,
				83, 163, 162, -1,
				163, 83, 84, -1,
				84, 164, 163, -1,
				164, 84, 85, -1,
				85, 165, 164, -1,
				165, 85, 86, -1,
				86, 166, 165, -1,
				166, 86, 87, -1,
				87, 167, 166, -1,
				167, 87, 8, -1,
				8, 88, 167, -1,
				0, 240, 239, -1,
				240, 0, 4, -1,
				0, 239, 238, -1,
				241, 240, 4, -1,
				0, 238, 237, -1,
				242, 241, 4, -1,
				0, 237, 236, -1,
				243, 242, 4, -1,
				0, 236, 235, -1,
				244, 243, 4, -1,
				0, 235, 234, -1,
				245, 244, 4, -1,
				0, 234, 233, -1,
				246, 245, 4, -1,
				0, 233, 232, -1,
				247, 246, 4, -1,
				0, 232, 231, -1,
				169, 247, 4, -1,
				0, 231, 230, -1,
				168, 169, 4, -1,
				0, 230, 229, -1,
				170, 168, 4, -1,
				0, 229, 228, -1,
				171, 170, 4, -1,
				0, 228, 227, -1,
				172, 171, 4, -1,
				0, 227, 226, -1,
				173, 172, 4, -1,
				0, 226, 225, -1,
				174, 173, 4, -1,
				0, 225, 224, -1,
				174, 4, 3, -1,
				0, 224, 223, -1,
				175, 174, 3, -1,
				0, 223, 222, -1,
				176, 175, 3, -1,
				0, 222, 221, -1,
				177, 176, 3, -1,
				0, 221, 220, -1,
				178, 177, 3, -1,
				0, 220, 219, -1,
				179, 178, 3, -1,
				0, 219, 218, -1,
				180, 179, 3, -1,
				0, 218, 217, -1,
				181, 180, 3, -1,
				0, 217, 216, -1,
				182, 181, 3, -1,
				0, 216, 215, -1,
				183, 182, 3, -1,
				0, 215, 214, -1,
				184, 183, 3, -1,
				0, 214, 213, -1,
				185, 184, 3, -1,
				0, 213, 212, -1,
				186, 185, 3, -1,
				0, 212, 211, -1,
				187, 186, 3, -1,
				3, 0, 211, -1,
				188, 187, 3, -1,
				3, 211, 210, -1,
				189, 188, 3, -1,
				3, 210, 209, -1,
				190, 189, 3, -1,
				3, 209, 208, -1,
				191, 190, 3, -1,
				3, 208, 207, -1,
				192, 191, 3, -1,
				3, 207, 206, -1,
				193, 192, 3, -1,
				3, 206, 205, -1,
				194, 193, 3, -1,
				3, 205, 204, -1,
				195, 194, 3, -1,
				3, 204, 203, -1,
				196, 195, 3, -1,
				3, 203, 202, -1,
				197, 196, 3, -1,
				3, 202, 201, -1,
				198, 197, 3, -1,
				3, 201, 200, -1,
				199, 198, 3, -1,
				3, 200, 199, -1,
				1, 282, 283, -1,
				282, 1, 2, -1,
				1, 283, 284, -1,
				281, 282, 2, -1,
				1, 284, 285, -1,
				280, 281, 2, -1,
				1, 285, 286, -1,
				279, 280, 2, -1,
				1, 286, 287, -1,
				278, 279, 2, -1,
				1, 287, 288, -1,
				277, 278, 2, -1,
				1, 288, 289, -1,
				276, 277, 2, -1,
				1, 289, 290, -1,
				275, 276, 2, -1,
				1, 290, 291, -1,
				274, 275, 2, -1,
				1, 291, 292, -1,
				273, 274, 2, -1,
				1, 292, 293, -1,
				272, 273, 2, -1,
				1, 293, 294, -1,
				271, 272, 2, -1,
				1, 294, 295, -1,
				270, 271, 2, -1,
				1, 295, 296, -1,
				269, 270, 2, -1,
				5, 1, 296, -1,
				268, 269, 2, -1,
				5, 296, 297, -1,
				267, 268, 2, -1,
				5, 297, 298, -1,
				266, 267, 2, -1,
				5, 298, 299, -1,
				265, 266, 2, -1,
				5, 299, 300, -1,
				264, 265, 2, -1,
				5, 300, 301, -1,
				263, 264, 2, -1,
				5, 301, 302, -1,
				262, 263, 2, -1,
				5, 302, 303, -1,
				261, 262, 2, -1,
				5, 303, 304, -1,
				260, 261, 2, -1,
				5, 304, 305, -1,
				259, 260, 2, -1,
				5, 305, 306, -1,
				258, 259, 2, -1,
				5, 306, 307, -1,
				257, 258, 2, -1,
				5, 307, 308, -1,
				256, 257, 2, -1,
				5, 308, 309, -1,
				255, 256, 2, -1,
				5, 309, 310, -1,
				254, 255, 2, -1,
				5, 310, 311, -1,
				253, 254, 2, -1,
				5, 311, 312, -1,
				252, 253, 2, -1,
				5, 312, 313, -1,
				252, 2, 5, -1,
				5, 313, 314, -1,
				251, 252, 5, -1,
				5, 314, 315, -1,
				250, 251, 5, -1,
				5, 315, 316, -1,
				249, 250, 5, -1,
				5, 316, 317, -1,
				248, 249, 5, -1,
				5, 317, 318, -1,
				327, 248, 5, -1,
				5, 318, 319, -1,
				326, 327, 5, -1,
				5, 319, 320, -1,
				325, 326, 5, -1,
				5, 320, 321, -1,
				324, 325, 5, -1,
				5, 321, 322, -1,
				323, 324, 5, -1,
				5, 322, 323, -1,
				248, 169, 168, -1,
				168, 249, 248, -1,
				249, 168, 170, -1,
				170, 250, 249, -1,
				250, 170, 171, -1,
				171, 251, 250, -1,
				251, 171, 172, -1,
				172, 252, 251, -1,
				252, 172, 173, -1,
				173, 253, 252, -1,
				253, 173, 174, -1,
				174, 254, 253, -1,
				254, 174, 175, -1,
				175, 255, 254, -1,
				255, 175, 176, -1,
				176, 256, 255, -1,
				256, 176, 177, -1,
				177, 257, 256, -1,
				257, 177, 178, -1,
				178, 258, 257, -1,
				258, 178, 179, -1,
				179, 259, 258, -1,
				259, 179, 180, -1,
				180, 260, 259, -1,
				260, 180, 181, -1,
				181, 261, 260, -1,
				261, 181, 182, -1,
				182, 262, 261, -1,
				262, 182, 183, -1,
				183, 263, 262, -1,
				263, 183, 184, -1,
				184, 264, 263, -1,
				264, 184, 185, -1,
				185, 265, 264, -1,
				265, 185, 186, -1,
				186, 266, 265, -1,
				266, 186, 187, -1,
				187, 267, 266, -1,
				267, 187, 188, -1,
				188, 268, 267, -1,
				268, 188, 189, -1,
				189, 269, 268, -1,
				269, 189, 190, -1,
				190, 270, 269, -1,
				270, 190, 191, -1,
				191, 271, 270, -1,
				271, 191, 192, -1,
				192, 272, 271, -1,
				272, 192, 193, -1,
				193, 273, 272, -1,
				273, 193, 194, -1,
				194, 274, 273, -1,
				274, 194, 195, -1,
				195, 275, 274, -1,
				275, 195, 196, -1,
				196, 276, 275, -1,
				276, 196, 197, -1,
				197, 277, 276, -1,
				277, 197, 198, -1,
				198, 278, 277, -1,
				278, 198, 199, -1,
				199, 279, 278, -1,
				279, 199, 200, -1,
				200, 280, 279, -1,
				280, 200, 201, -1,
				201, 281, 280, -1,
				281, 201, 202, -1,
				202, 282, 281, -1,
				282, 202, 203, -1,
				203, 283, 282, -1,
				283, 203, 204, -1,
				204, 284, 283, -1,
				284, 204, 205, -1,
				205, 285, 284, -1,
				285, 205, 206, -1,
				206, 286, 285, -1,
				286, 206, 207, -1,
				207, 287, 286, -1,
				287, 207, 208, -1,
				208, 288, 287, -1,
				288, 208, 209, -1,
				209, 289, 288, -1,
				289, 209, 210, -1,
				210, 290, 289, -1,
				290, 210, 211, -1,
				211, 291, 290, -1,
				291, 211, 212, -1,
				212, 292, 291, -1,
				292, 212, 213, -1,
				213, 293, 292, -1,
				293, 213, 214, -1,
				214, 294, 293, -1,
				294, 214, 215, -1,
				215, 295, 294, -1,
				295, 215, 216, -1,
				216, 296, 295, -1,
				296, 216, 217, -1,
				217, 297, 296, -1,
				297, 217, 218, -1,
				218, 298, 297, -1,
				298, 218, 219, -1,
				219, 299, 298, -1,
				299, 219, 220, -1,
				220, 300, 299, -1,
				300, 220, 221, -1,
				221, 301, 300, -1,
				301, 221, 222, -1,
				222, 302, 301, -1,
				302, 222, 223, -1,
				223, 303, 302, -1,
				303, 223, 224, -1,
				224, 304, 303, -1,
				304, 224, 225, -1,
				225, 305, 304, -1,
				305, 225, 226, -1,
				226, 306, 305, -1,
				306, 226, 227, -1,
				227, 307, 306, -1,
				307, 227, 228, -1,
				228, 308, 307, -1,
				308, 228, 229, -1,
				229, 309, 308, -1,
				309, 229, 230, -1,
				230, 310, 309, -1,
				310, 230, 231, -1,
				231, 311, 310, -1,
				311, 231, 232, -1,
				232, 312, 311, -1,
				312, 232, 233, -1,
				233, 313, 312, -1,
				313, 233, 234, -1,
				234, 314, 313, -1,
				314, 234, 235, -1,
				235, 315, 314, -1,
				315, 235, 236, -1,
				236, 316, 315, -1,
				316, 236, 237, -1,
				237, 317, 316, -1,
				317, 237, 238, -1,
				238, 318, 317, -1,
				318, 238, 239, -1,
				239, 319, 318, -1,
				319, 239, 240, -1,
				240, 320, 319, -1,
				320, 240, 241, -1,
				241, 321, 320, -1,
				321, 241, 242, -1,
				242, 322, 321, -1,
				322, 242, 243, -1,
				243, 323, 322, -1,
				323, 243, 244, -1,
				244, 324, 323, -1,
				324, 244, 245, -1,
				245, 325, 324, -1,
				325, 245, 246, -1,
				246, 326, 325, -1,
				326, 246, 247, -1,
				247, 327, 326, -1,
				327, 247, 169, -1,
				169, 248, 327, -1,
			]
			solid FALSE
		}
	}
#---------- SOLID: OuterClad_F1:0
	Shape {
		appearance Appearance {
			material Material {
				diffuseColor 1 1 1
			}
		}
		geometry IndexedFaceSet {
			coord Coordinate {
				point [
					-260 10 0.9,
					-260 10.0706 0.897226,
					-260 10.1408 0.88892,
					-260 10.2101 0.875133,
					-260 10.2781 0.855951,
					-260 10.3444 0.831492,
					-260 10.4086 0.801906,
					-260 10.4702 0.767376,
					-260 10.529 0.728115,
					-260 10.5845 0.684365,
					-260 10.6364 0.636396,
					-260 10.6844 0.584503,
					-260 10.7281 0.529007,
					-260 10.7674 0.470249,
					-260 10.8019 0.408591,
					-260 10.8315 0.344415,
					-260 10.856 0.278115,
					-260 10.8751 0.210101,
					-260 10.8889 0.140791,
					-260 10.8972 0.0706132,
					-260 10.9 1.59755e-14,
					-260 10.8972 -0.0706132,
					-260 10.8889 -0.140791,
					-260 10.8751 -0.210101,
					-260 10.856 -0.278115,
					-260 10.8315 -0.344415,
					-260 10.8019 -0.408591,
					-260 10.7674 -0.470249,
					-260 10.7281 -0.529007,
					-260 10.6844 -0.584503,
					-260 10.6364 -0.636396,
					-260 10.5845 -0.684365,
					-260 10.529 -0.728115,
					-260 10.4702 -0.767376,
					-260 10.4086 -0.801906,
					-260 10.3444 -0.831492,
					-260 10.2781 -0.855951,
					-260 10.2101 -0.875133,
					-260 10.1408 -0.88892,
					-260 10.0706 -0.897226,
					-260 10 -0.9,
					-260 9.92939 -0.897226,
					-260 9.85921 -0.88892,
					-260 9.7899 -0.875133,
					-260 9.72188 -0.855951,
					-260 9.65558 -0.831492,
					-260 9.59141 -0.801906,
					-260 9.52975 -0.767376,
					-260 9.47099 -0.728115,
					-260 9.4155 -0.684365,
					-260 9.3636 -0.636396,
					-260 9.31563 -0.584503,
					-260 9.27188 -0.529007,
					-260 9.23262 -0.470249,
					-260 9.19809 -0.408591,
					-260 9.16851 -0.344415,
					-260 9.14405 -0.278115,
					-260 9.12487 -0.210101,
					-260 9.11108 -0.140791,
					-260 9.10277 -0.0706132,
					-260 9.1 1.57551e-14,
					-260 9.10277 0.0706132,
					-260 9.11108 0.140791,
					-260 9.12487 0.210101,
					-260 9.14405 0.278115,
					-260 9.16851 0.344415,
					-260 9.19809 0.408591,
					-260 9.23262 0.470249,
					-260 9.27188 0.529007,
					-260 9.31563 0.584503,
					-260 9.3636 0.636396,
					-260 9.4155 0.684365,
					-260 9.47099 0.728115,
					-260 9.52975 0.767376,
					-260 9.59141 0.801906,
					-260 9.65558 0.831492,
					-260 9.72188 0.855951,
					-260 9.7899 0.875133,
					-260 9.85921 0.88892,
					-260 9.92939 0.897226,
					260 10 0.9,
					260 10.0706 0.897226,
					260 10.1408 0.88892,
					260 10.2101 0.875133,
					260 10.2781 0.855951,
					260 10.3444 0.831492,
					260 10.4086 0.801906,
					260 10.4702 0.767376,
					260 10.529 0.728115,
					260 10.5845 0.684365,
					260 10.6364 0.636396,
					260 10.6844 0.584503,
					260 10.7281 0.529007,
					260 10.7674 0.470249,
					260 10.8019 0.408591,
					260 10.8315 0.344415,
					260 10.856 0.278115,
					260 10.8751 0.210101,
					260 10.8889 0.140791,
					260 10.8972 0.0706132,
					260 10.9 -1.58653e-14,
					260 10.8972 -0.0706132,
					260 10.8889 -0.140791,
					260 10.8751 -0.210101,
					260 10.856 -0.278115,
					260 10.8315 -0.344415,
					260 10.8019 -0.408591,
					260 10.7674 -0.470249,
					260 10.7281 -0.529007,
					260 10.6844 -0.584503,
					260 10.6364 -0.636396,
					260 10.5845 -0.684365,
					260 10.529 -0.728115,
					260 10.4702 -0.767376,
					260 10.4086 -0.801906,
					260 10.3444 -0.831492,
					260 10.2781 -0.855951,
					260 10.2101 -0.875133,
					260 10.1408 -0.88892,
					260 10.0706 -0.897226,
					260 10 -0.9,
					260 9.92939 -0.897226,
					260 9.85921 -0.88892,
					260 9.7899 -0.875133,
					260 9.72188 -0.855951,
					260 9.65558 -0.831492,
					260 9.59141 -0.801906,
					260 9.52975 -0.767376,
					260 9.47099 -0.728115,
					260 9.4155 -0.684365,
					260 9.3636 -0.636396,
					260 9.31563 -0.584503,
					260 9.27188 -0.529007,
					260 9.23262 -0.470249,
					260 9.19809 -0.408591,
					260 9.16851 -0.344415,
					260 9.14405 -0.278115,
					260 9.12487 -0.210101,
					260 9.11108 -0.140791,
					260 9.10277 -0.0706132,
					260 9.1 -1.60857e-14,
					260 9.10277 0.0706132,
					260 9.11108 0.140791,
					260 9.12487 0.210101,
					260 9.14405 0.278115,
					260 9.16851 0.344415,
					260 9.19809 0.408591,
					260 9.23262 0.470249,
					260 9.27188 0.529007,
					260 9.31563 0.584503,
					260 9.3636 0.636396,
					260 9.4155 0.684365,
					260 9.47099 0.728115,
					260 9.52975 0.767376,
					260 9.59141 0.801906,
					260 9.65558 0.831492,
					260 9.72188 0.855951,
					260 9.7899 0.875133,
					260 9.85921 0.88892,
					260 9.92939 0.897226,
					-260 10 1.59204e-14,
					260 10 -1.59204e-14,
				]
			}
			coordIndex [
				0, 80, 81, 1, -1,
				1, 81, 82, 2, -1,
				2, 82, 83, 3, -1,
				3, 83, 84, 4, -1,
				4, 84, 85, 5, -1,
				5, 85, 86, 6, -1,
				6, 86, 87, 7, -1,
				7, 87, 88, 8, -1,
				8, 88, 89, 9, -1,
				9, 89, 90, 10, -1,
				10, 90, 91, 11, -1,
				11, 91, 92, 12, -1,
				12, 92, 93, 13, -1,
				13, 93, 94, 14, -1,
				14, 94, 95, 15, -1,
				15, 95, 96, 16, -1,
				16, 96, 97, 17, -1,
				17, 97, 98, 18, -1,
				18, 98, 99, 19, -1,
				19, 99, 100, 20, -1,
				20, 100, 101, 21, -1,
				21, 101, 102, 22, -1,
				22, 102, 103, 23, -1,
				23, 103, 104, 24, -1,
				24, 104, 105, 25, -1,
				25, 105, 106, 26, -1,
				26, 106, 107, 27, -1,
				27, 107, 108, 28, -1,
				28, 108, 109, 29, -1,
				29, 109, 110, 30, -1,
				30, 110, 111, 31, -1,
				31, 111, 112, 32, -1,
				32, 112, 113, 33, -1,
				33, 113, 114, 34, -1,
				34, 114, 115, 35, -1,
				35, 115, 116, 36, -1,
				36, 116, 117, 37, -1,
				37, 117, 118, 38, -1,
				38, 118, 119, 39, -1,
				39, 119, 120, 40, -1,
				40, 120, 121, 41, -1,
				41, 121, 122, 42, -1,
				42, 122, 123, 43, -1,
				43, 123, 124, 44, -1,
				44, 124, 125, 45, -1,
				45, 125, 126, 46, -1,
				46, 126, 127, 47, -1,
				47, 127, 128, 48, -1,
				48, 128, 129, 49, -1,
				49, 129, 130, 50, -1,
				50, 130, 131, 51, -1,
				51, 131, 132, 52, -1,
				52, 132, 133, 53, -1,
				53, 133, 134, 54, -1,
				54, 134, 135, 55, -1,
				55, 135, 136, 56, -1,
				56, 136, 137, 57, -1,
				57, 137, 138, 58, -1,
				58, 138, 139, 59, -1,
				59, 139, 140, 60, -1,
				60, 140, 141, 61, -1,
				61, 141, 142, 62, -1,
				62, 142, 143, 63, -1,
				63, 143, 144, 64, -1,
				64, 144, 145, 65, -1,
				65, 145, 146, 66, -1,
				66, 146, 147, 67, -1,
				67, 147, 148, 68, -1,
				68, 148, 149, 69, -1,
				69, 149, 150, 70, -1,
				70, 150, 151, 71, -1,
				71, 151, 152, 72, -1,
				72, 152, 153, 73, -1,
				73, 153, 154, 74, -1,
				74, 154, 155, 75, -1,
				75, 155, 156, 76, -1,
				76, 156, 157, 77, -1,
				77, 157, 158, 78, -1,
				78, 158, 159, 79, -1,
				79, 159, 80, 0, -1,
				160, 0, 1, -1,
				160, 1, 2, -1,
				160, 2, 3, -1,
				160, 3, 4, -1,
				160, 4, 5, -1,
				160, 5, 6, -1,
				160, 6, 7, -1,
				160, 7, 8, -1,
				160, 8, 9, -1,
				160, 9, 10, -1,
				160, 10, 11, -1,
				160, 11, 12, -1,
				160, 12, 13, -1,
				160, 13, 14, -1,
				160, 14, 15, -1,
				160, 15, 16, -1,
				160, 16, 17, -1,
				160, 17, 18, -1,
				160, 18, 19, -1,
				160, 19, 20, -1,
				160, 20, 21, -1,
				160, 21, 22, -1,
				160, 22, 23, -1,
				160, 23, 24, -1,
				160, 24, 25, -1,
				160, 25, 26, -1,
				160, 26, 27, -1,
				160, 27, 28, -1,
				160, 28, 29, -1,
				160, 29, 30, -1,
				160, 30, 31, -1,
				160, 31, 32, -1,
				160, 32, 33, -1,
				160, 33, 34, -1,
				160, 34, 35, -1,
				160, 35, 36, -1,
				160, 36, 37, -1,
				160, 37, 38, -1,
				160, 38, 39, -1,
				160, 39, 40, -1,
				160, 40, 41, -1,
				160, 41, 42, -1,
				160, 42, 43, -1,
				160, 43, 44, -1,
				160, 44, 45, -1,
				160, 45, 46, -1,
				160, 46, 47, -1,
				160, 47, 48, -1,
				160, 48, 49, -1,
				160, 49, 50, -1,
				160, 50, 51, -1,
				160, 51, 52, -1,
				160, 52, 53, -1,
				160, 53, 54, -1,
				160, 54, 55, -1,
				160, 55, 56, -1,
				160, 56, 57, -1,
				160, 57, 58, -1,
				160, 58, 59, -1,
				160, 59, 60, -1,
				160, 60, 61, -1,
				160, 61, 62, -1,
				160, 62, 63, -1,
				160, 63, 64, -1,
				160, 64, 65, -1,
				160, 65, 66, -1,
				160, 66, 67, -1,
				160, 67, 68, -1,
				160, 68, 69, -1,
				160, 69, 70, -1,
				160, 70, 71, -1,
				160, 71, 72, -1,
				160, 72, 73, -1,
				160, 73, 74, -1,
				160, 74, 75, -1,
				160, 75, 76, -1,
				160, 76, 77, -1,
				160, 77, 78, -1,
				160, 78, 79, -1,
				160, 79, 0, -1,
				80, 161, 81, -1,
				81, 161, 82, -1,
				82, 161, 83, -1,
				83, 161, 84, -1,
				84, 161, 85, -1,
				85, 161, 86, -1,
				86, 161, 87, -1,
				87, 161, 88, -1,
				88, 161, 89, -1,
				89, 161, 90, -1,
				90, 161, 91, -1,
				91, 161, 92, -1,
				92, 161, 93, -1,
				93, 161, 94, -1,
				94, 161, 95, -1,
				95, 161, 96, -1,
				96, 161, 97, -1,
				97, 161, 98, -1,
				98, 161, 99, -1,
				99, 161, 100, -1,
				100, 161, 101, -1,
				101, 161, 102, -1,
				102, 161, 103, -1,
				103, 161, 104, -1,
				104, 161, 105, -1,
				105, 161, 106, -1,
				106, 161, 107, -1,
				107, 161, 108, -1,
				108, 161, 109, -1,
				109, 161, 110, -1,
				110, 161, 111, -1,
				111, 161, 112, -1,
				112, 161, 113, -1,
				113, 161, 114, -1,
				114, 161, 115, -1,
				115, 161, 116, -1,
				116, 161, 117, -1,
				117, 161, 118, -1,
				118, 161, 119, -1,
				119, 161, 120, -1,
				120, 161, 121, -1,
				121, 161, 122, -1,
				122, 161, 123, -1,
				123, 161, 124, -1,
				124, 161, 125, -1,
				125, 161, 126, -1,
				126, 161, 127, -1,
				127, 161, 128, -1,
				128, 161, 129, -1,
				129, 161, 130, -1,
				130, 161, 131, -1,
				131, 161, 132, -1,
				132, 161, 133, -1,
				133, 161, 134, -1,
				134, 161, 135, -1,
				135, 161, 136, -1,
				136, 161, 137, -1,
				137, 161, 138, -1,
				138, 161, 139, -1,
				139, 161, 140, -1,
				140, 161, 141, -1,
				141, 161, 142, -1,
				142, 161, 143, -1,
				143, 161, 144, -1,
				144, 161, 145, -1,
				145, 161, 146, -1,
				146, 161, 147, -1,
				147, 161, 148, -1,
				148, 161, 149, -1,
				149, 161, 150, -1,
				150, 161, 151, -1,
				151, 161, 152, -1,
				152, 161, 153, -1,
				153, 161, 154, -1,
				154, 161, 155, -1,
				155, 161, 156, -1,
				156, 161, 157, -1,
				157, 161, 158, -1,
				158, 161, 159, -1,
				159, 161, 80, -1,
			]
			solid FALSE
		}
	}
#---------- SOLID: InnerClad_F1:0
	Shape {
		appearance Appearance {
			material Material {
				diffuseColor 1 1 1
			}
		}
		geometry IndexedFaceSet {
			coord Coordinate {
				point [
					-260 10 0.873,
					-260 10.0685 0.870309,
					-260 10.1366 0.862252,
					-260 10.2038 0.848879,
					-260 10.2698 0.830272,
					-260 10.3341 0.806547,
					-260 10.3963 0.777849,
					-260 10.4561 0.744355,
					-260 10.5131 0.706272,
					-260 10.567 0.663834,
					-260 10.6173 0.617304,
					-260 10.6638 0.566968,
					-260 10.7063 0.513137,
					-260 10.7444 0.456141,
					-260 10.7778 0.396334,
					-260 10.8065 0.334083,
					-260 10.8303 0.269772,
					-260 10.8489 0.203798,
					-260 10.8623 0.136567,
					-260 10.8703 0.0684948,
					-260 10.873 1.59739e-14,
					-260 10.8703 -0.0684948,
					-260 10.8623 -0.136567,
					-260 10.8489 -0.203798,
					-260 10.8303 -0.269772,
					-260 10.8065 -0.334083,
					-260 10.7778 -0.396334,
					-260 10.7444 -0.456141,
					-260 10.7063 -0.513137,
					-260 10.6638 -0.566968,
					-260 10.6173 -0.617304,
					-260 10.567 -0.663834,
					-260 10.5131 -0.706272,
					-260 10.4561 -0.744355,
					-260 10.3963 -0.777849,
					-260 10.3341 -0.806547,
					-260 10.2698 -0.830272,
					-260 10.2038 -0.848879,
					-260 10.1366 -0.862252,
					-260 10.0685 -0.870309,
					-260 10 -0.873,
					-260 9.93151 -0.870309,
					-260 9.86343 -0.862252,
					-260 9.7962 -0.848879,
					-260 9.73023 -0.830272,
					-260 9.66592 -0.806547,
					-260 9.60367 -0.777849,
					-260 9.54386 -0.744355,
					-260 9.48686 -0.706272,
					-260 9.43303 -0.663834,
					-260 9.3827 -0.617304,
					-260 9.33617 -0.566968,
					-260 9.29373 -0.513137,
					-260 9.25565 -0.456141,
					-260 9.22215 -0.396334,
					-260 9.19345 -0.334083,
					-260 9.16973 -0.269772,
					-260 9.15112 -0.203798,
					-260 9.13775 -0.136567,
					-260 9.12969 -0.0684948,
					-260 9.127 1.576e-14,
					-260 9.12969 0.0684948,
					-260 9.13775 0.136567,
					-260 9.15112 0.203798,
					-260 9.16973 0.269772,
					-260 9.19345 0.334083,
					-260 9.22215 0.396334,
					-260 9.25565 0.456141,
					-260 9.29373 0.513137,
					-260 9.33617 0.566968,
					-260 9.3827 0.617304,
					-260 9.43303 0.663834,
					-260 9.48686 0.706272,
					-260 9.54386 0.744355,
					-260 9.60367 0.777849,
					-260 9.66592 0.806547,
					-260 9.73023 0.830272,
					-260 9.7962 0.848879,
					-260 9.86343 0.862252,
					-260 9.93151 0.870309,
					260 10 0.873,
					260 10.0685 0.870309,
					260 10.1366 0.862252,
					260 10.2038 0.848879,
					260 10.2698 0.830272,
					260 10.3341 0.806547,
					260 10.3963 0.777849,
					260 10.4561 0.744355,
					260 10.5131 0.706272,
					260 10.567 0.663834,
					260 10.6173 0.617304,
					260 10.6638 0.566968,
					260 10.7063 0.513137,
					260 10.7444 0.456141,
					260 10.7778 0.396334,
					260 10.8065 0.334083,
					260 10.8303 0.269772,
					260 10.8489 0.203798,
					260 10.8623 0.136567,
					260 10.8703 0.0684948,
					260 10.873 -1.5867e-14,
					260 10.8703 -0.0684948,
					260 10.8623 -0.136567,
					260 10.8489 -0.203798,
					260 10.8303 -0.269772,
					260 10.8065 -0.334083,
					260 10.7778 -0.396334,
					260 10.7444 -0.456141,
					260 10.7063 -0.513137,
					260 10.6638 -0.566968,
					260 10.6173 -0.617304,
					260 10.567 -0.663834,
					260 10.5131 -0.706272,
					260 10.4561 -0.744355,
					260 10.3963 -0.777849,
					260 10.3341 -0.806547,
					260 10.2698 -0.830272,
					260 10.2038 -0.848879,
					260 10.1366 -0.862252,
					260 10.0685 -0.870309,
					260 10 -0.873,
					260 9.93151 -0.870309,
					260 9.86343 -0.862252,
					260 9.7962 -0.848879,
					260 9.73023 -0.830272,
					260 9.66592 -0.806547,
					260 9.60367 -0.777849,
					260 9.54386 -0.744355,
					260 9.48686 -0.706272,
					260 9.43303 -0.663834,
					260 9.3827 -0.617304,
					260 9.33617 -0.566968,
					260 9.29373 -0.513137,
					260 9.25565 -0.456141,
					260 9.22215 -0.396334,
					260 9.19345 -0.334083,
					260 9.16973 -0.269772,
					260 9.15112 -0.203798,
					260 9.13775 -0.136567,
					260 9.12969 -0.0684948,
					260 9.127 -1.60808e-14,
					260 9.12969 0.0684948,
					260 9.13775 0.136567,
					260 9.15112 0.203798,
					260 9.16973 0.269772,
					260 9.19345 0.334083,
					260 9.22215 0.396334,
					260 9.25565 0.456141,
					260 9.29373 0.513137,
					260 9.33617 0.566968,
					260 9.3827 0.617304,
					260 9.43303 0.663834,
					260 9.48686 0.706272,
					260 9.54386 0.744355,
					260 9.60367 0.777849,
					260 9.66592 0.806547,
					260 9.73023 0.830272,
					260 9.7962 0.848879,
					260 9.86343 0.862252,
					260 9.93151 0.870309,
					-260 10 1.59204e-14,
					260 10 -1.59204e-14,
				]
			}
			coordIndex [
				0, 80, 81, 1, -1,
				1, 81, 82, 2, -1,
				2, 82, 83, 3, -1,
				3, 83, 84, 4, -1,
				4, 84, 85, 5, -1,
				5, 85, 86, 6, -1,
				6, 86, 87, 7, -1,
				7, 87, 88, 8, -1,
				8, 88, 89, 9, -1,
				9, 89, 90, 10, -1,
				10, 90, 91, 11, -1,
				11, 91, 92, 12, -1,
				12, 92, 93, 13, -1,
				13, 93, 94, 14, -1,
				14, 94, 95, 15, -1,
				15, 95, 96, 16, -1,
				16, 96, 97, 17, -1,
				17, 97, 98, 18, -1,
				18, 98, 99, 19, -1,
				19, 99, 100, 20, -1,
				20, 100, 101, 21, -1,
				21, 101, 102, 22, -1,
				22, 102, 103, 23, -1,
				23, 103, 104, 24, -1,
				24, 104, 105, 25, -1,
				25, 105, 106, 26, -1,
				26, 106, 107, 27, -1,
				27, 107, 108, 28, -1,
				28, 108, 109, 29, -1,
				29, 109, 110, 30, -1,
				30, 110, 111, 31, -1,
				31, 111, 112, 32, -1,
				32, 112, 113, 33, -1,
				33, 113, 114, 34, -1,
				34, 114, 115, 35, -1,
				35, 115, 116, 36, -1,
				36, 116, 117, 37, -1,
				37, 117, 118, 38, -1,
				38, 118, 119, 39, -1,
				39, 119, 120, 40, -1,
				40, 120, 121, 41, -1,
				41, 121, 122, 42, -1,
				42, 122, 123, 43, -1,
				43, 123, 124, 44, -1,
				44, 124, 125, 45, -1,
				45, 125, 126, 46, -1,
				46, 126, 127, 47, -1,
				47, 127, 128, 48, -1,
				48, 128, 129, 49, -1,
				49, 129, 130, 50, -1,
				50, 130, 131, 51, -1,
				51, 131, 132, 52, -1,
				52, 132, 133, 53, -1,
				53, 133, 134, 54, -1,
				54, 134, 135, 55, -1,
				55, 135, 136, 56, -1,
				56, 136, 137, 57, -1,
				57, 137, 138, 58, -1,
				58, 138, 139, 59, -1,
				59, 139, 140, 60, -1,
				60, 140, 141, 61, -1,
				61, 141, 142, 62, -1,
				62, 142, 143, 63, -1,
				63, 143, 144, 64, -1,
				64, 144, 145, 65, -1,
				65, 145, 146, 66, -1,
				66, 146, 147, 67, -1,
				67, 147, 148, 68, -1,
				68, 148, 149, 69, -1,
				69, 149, 150, 70, -1,
				70, 150, 151, 71, -1,
				71, 151, 152, 72, -1,
				72, 152, 153, 73, -1,
				73, 153, 154, 74, -1,
				74, 154, 155, 75, -1,
				75, 155, 156, 76, -1,
				76, 156, 157, 77, -1,
				77, 157, 158, 78, -1,
				78, 158, 159, 79, -1,
				79, 159, 80, 0, -1,
				160, 0, 1, -1,
				160, 1, 2, -1,
				160, 2, 3, -1,
				160, 3, 4, -1,
				160, 4, 5, -1,
				160, 5, 6, -1,
				160, 6, 7, -1,
				160, 7, 8, -1,
				160, 8, 9, -1,
				160, 9, 10, -1,
				160, 10, 11, -1,
				160, 11, 12, -1,
				160, 12, 13, -1,
				160, 13, 14, -1,
				160, 14, 15, -1,
				160, 15, 16, -1,
				160, 16, 17, -1,
				160, 17, 18, -1,
				160, 18, 19, -1,
				160, 19, 20, -1,
				160, 20, 21, -1,
				160, 21, 22, -1,
				160, 22, 23, -1,
				160, 23, 24, -1,
				160, 24, 25, -1,
				160, 25, 26, -1,
				160, 26, 27, -1,
				160, 27, 28, -1,
				160, 28, 29, -1,
				160, 29, 30, -1,
				160, 30, 31, -1,
				160, 31, 32, -1,
				160, 32, 33, -1,
				160, 33, 34, -1,
				160, 34, 35, -1,
				160, 35, 36, -1,
				160, 36, 37, -1,
				160, 37, 38, -1,
				160, 38, 39, -1,
				160, 39, 40, -1,
				160, 40, 41, -1,
				160, 41, 42, -1,
				160, 42, 43, -1,
				160, 43, 44, -1,
				160, 44, 45, -1,
				160, 45, 46, -1,
				160, 46, 47, -1,
				160, 47, 48, -1,
				160, 48, 49, -1,
				160, 49, 50, -1,
				160, 50, 51, -1,
				160, 51, 52, -1,
				160, 52, 53, -1,
				160, 53, 54, -1,
				160, 54, 55, -1,
				160, 55, 56, -1,
				160, 56, 57, -1,
				160, 57, 58, -1,
				160, 58, 59, -1,
				160, 59, 60, -1,
				160, 60, 61, -1,
				160, 61, 62, -1,
				160, 62, 63, -1,
				160, 63, 64, -1,
				160, 64, 65, -1,
				160, 65, 66, -1,
				160, 66, 67, -1,
				160, 67, 68, -1,
				160, 68, 69, -1,
				160, 69, 70, -1,
				160, 70, 71, -1,
				160, 71, 72, -1,
				160, 72, 73, -1,
				160, 73, 74, -1,
				160, 74, 75, -1,
				160, 75, 76, -1,
				160, 76, 77, -1,
				160, 77, 78, -1,
				160, 78, 79, -1,
				160, 79, 0, -1,
				80, 161, 81, -1,
				81, 161, 82, -1,
				82, 161, 83, -1,
				83, 161, 84, -1,
				84, 161, 85, -1,
				85, 161, 86, -1,
				86, 161, 87, -1,
				87, 161, 88, -1,
				88, 161, 89, -1,
				89, 161, 90, -1,
				90, 161, 91, -1,
				91, 161, 92, -1,
				92, 161, 93, -1,
				93, 161, 94, -1,
				94, 161, 95, -1,
				95, 161, 96, -1,
				96, 161, 97, -1,
				97, 161, 98, -1,
				98, 161, 99, -1,
				99, 161, 100, -1,
				100, 161, 101, -1,
				101, 161, 102, -1,
				102, 161, 103, -1,
				103, 161, 104, -1,
				104, 161, 105, -1,
				105, 161, 106, -1,
				106, 161, 107, -1,
				107, 161, 108, -1,
				108, 161, 109, -1,
				109, 161, 110, -1,
				110, 161, 111, -1,
				111, 161, 112, -1,
				112, 161, 113, -1,
				113, 161, 114, -1,
				114, 161, 115, -1,
				115, 161, 116, -1,
				116, 161, 117, -1,
				117, 161, 118, -1,
				118, 161, 119, -1,
				119, 161, 120, -1,
				120, 161, 121, -1,
				121, 161, 122, -1,
				122, 161, 123, -1,
				123, 161, 124, -1,
				124, 161, 125, -1,
				125, 161, 126, -1,
				126, 161, 127, -1,
				127, 161, 128, -1,
				128, 161, 129, -1,
				129, 161, 130, -1,
				130, 161, 131, -1,
				131, 161, 132, -1,
				132, 161, 133, -1,
				133, 161, 134, -1,
				134, 161, 135, -1,
				135, 161, 136, -1,
				136, 161, 137, -1,
				137, 161, 138, -1,
				138, 161, 139, -1,
				139, 161, 140, -1,
				140, 161, 141, -1,
				141, 161, 142, -1,
				142, 161, 143, -1,
				143, 161, 144, -1,
				144, 161, 145, -1,
				145, 161, 146, -1,
				146, 161, 147, -1,
				147, 161, 148, -1,
				148, 161, 149, -1,
				149, 161, 150, -1,
				150, 161, 151, -1,
				151, 161, 152, -1,
				152, 161, 153, -1,
				153, 161, 154, -1,
				154, 161, 155, -1,
				155, 161, 156, -1,
				156, 161, 157, -1,
				157, 161, 158, -1,
				158, 161, 159, -1,
				159, 161, 80, -1,
			]
			solid FALSE
		}
	}
#---------- SOLID: Core_F1:0
	Shape {
		appearance Appearance {
			material Material {
				diffuseColor 1 1 1
			}
		}
		geometry IndexedFaceSet {
			coord Coordinate {
				point [
					-260 10 0.846,
					-260 10.0664 0.843392,
					-260 10.1323 0.835584,
					-260 10.1975 0.822625,
					-260 10.2614 0.804594,
					-260 10.3238 0.781602,
					-260 10.3841 0.753792,
					-260 10.442 0.721334,
					-260 10.4973 0.684428,
					-260 10.5494 0.643303,
					-260 10.5982 0.598212,
					-260 10.6433 0.549433,
					-260 10.6844 0.497266,
					-260 10.7213 0.442034,
					-260 10.7538 0.384076,
					-260 10.7816 0.32375,
					-260 10.8046 0.261428,
					-260 10.8226 0.197495,
					-260 10.8356 0.132344,
					-260 10.8434 0.0663764,
					-260 10.846 1.59722e-14,
					-260 10.8434 -0.0663764,
					-260 10.8356 -0.132344,
					-260 10.8226 -0.197495,
					-260 10.8046 -0.261428,
					-260 10.7816 -0.32375,
					-260 10.7538 -0.384076,
					-260 10.7213 -0.442034,
					-260 10.6844 -0.497266,
					-260 10.6433 -0.549433,
					-260 10.5982 -0.598212,
					-260 10.5494 -0.643303,
					-260 10.4973 -0.684428,
					-260 10.442 -0.721334,
					-260 10.3841 -0.753792,
					-260 10.3238 -0.781602,
					-260 10.2614 -0.804594,
					-260 10.1975 -0.822625,
					-260 10.1323 -0.835584,
					-260 10.0664 -0.843392,
					-260 10 -0.846,
					-260 9.93362 -0.843392,
					-260 9.86766 -0.835584,
					-260 9.80251 -0.822625,
					-260 9.73857 -0.804594,
					-260 9.67625 -0.781602,
					-260 9.61592 -0.753792,
					-260 9.55797 -0.721334,
					-260 9.50273 -0.684428,
					-260 9.45057 -0.643303,
					-260 9.40179 -0.598212,
					-260 9.3567 -0.549433,
					-260 9.31557 -0.497266,
					-260 9.27867 -0.442034,
					-260 9.24621 -0.384076,
					-260 9.2184 -0.32375,
					-260 9.19541 -0.261428,
					-260 9.17738 -0.197495,
					-260 9.16442 -0.132344,
					-260 9.15661 -0.0663764,
					-260 9.154 1.5765e-14,
					-260 9.15661 0.0663764,
					-260 9.16442 0.132344,
					-260 9.17738 0.197495,
					-260 9.19541 0.261428,
					-260 9.2184 0.32375,
					-260 9.24621 0.384076,
					-260 9.27867 0.442034,
					-260 9.31557 0.497266,
					-260 9.3567 0.549433,
					-260 9.40179 0.598212,
					-260 9.45057 0.643303,
					-260 9.50273 0.684428,
					-260 9.55797 0.721334,
					-260 9.61592 0.753792,
					-260 9.67625 0.781602,
					-260 9.73857 0.804594,
					-260 9.80251 0.822625,
					-260 9.86766 0.835584,
					-260 9.93362 0.843392,
					260 10 0.846,
					260 10.0664 0.843392,
					260 10.1323 0.835584,
					260 10.1975 0.822625,
					260 10.2614 0.804594,
					260 10.3238 0.781602,
					260 10.3841 0.753792,
					260 10.442 0.721334,
					260 10.4973 0.684428,
					260 10.5494 0.643303,
					260 10.5982 0.598212,
					260 10.6433 0.549433,
					260 10.6844 0.497266,
					260 10.7213 0.442034,
					260 10.7538 0.384076,
					260 10.7816 0.32375,
					260 10.8046 0.261428,
					260 10.8226 0.197495,
					260 10.8356 0.132344,
					260 10.8434 0.0663764,
					260 10.846 -1.58686e-14,
					260 10.8434 -0.0663764,
					260 10.8356 -0.132344,
					260 10.8226 -0.197495,
					260 10.8046 -0.261428,
					260 10.7816 -0.32375,
					260 10.7538 -0.384076,
					260 10.7213 -0.442034,
					260 10.6844 -0.497266,
					260 10.6433 -0.549433,
					260 10.5982 -0.598212,
					260 10.5494 -0.643303,
					260 10.4973 -0.684428,
					260 10.442 -0.721334,
					260 10.3841 -0.753792,
					260 10.3238 -0.781602,
					260 10.2614 -0.804594,
					260 10.1975 -0.822625,
					260 10.1323 -0.835584,
					260 10.0664 -0.843392,
					260 10 -0.846,
					260 9.93362 -0.843392,
					260 9.86766 -0.835584,
					260 9.80251 -0.822625,
					260 9.73857 -0.804594,
					260 9.67625 -0.781602,
					260 9.61592 -0.753792,
					260 9.55797 -0.721334,
					260 9.50273 -0.684428,
					260 9.45057 -0.643303,
					260 9.40179 -0.598212,
					260 9.3567 -0.549433,
					260 9.31557 -0.497266,
					260 9.27867 -0.442034,
					260 9.24621 -0.384076,
					260 9.2184 -0.32375,
					260 9.19541 -0.261428,
					260 9.17738 -0.197495,
					260 9.16442 -0.132344,
					260 9.15661 -0.0663764,
					260 9.154 -1.60758e-14,
					260 9.15661 0.0663764,
					260 9.16442 0.132344,
					260 9.17738 0.197495,
					260 9.19541 0.261428,
					260 9.2184 0.32375,
					260 9.24621 0.384076,
					260 9.27867 0.442034,
					260 9.31557 0.497266,
					260 9.3567 0.549433,
					260 9.40179 0.598212,
					260 9.45057 0.643303,
					260 9.50273 0.684428,
					260 9.55797 0.721334,
					260 9.61592 0.753792,
					260 9.67625 0.781602,
					260 9.73857 0.804594,
					260 9.80251 0.822625,
					260 9.86766 0.835584,
					260 9.93362 0.843392,
					-260 10 1.59204e-14,
					260 10 -1.59204e-14,
				]
			}
			coordIndex [
				0, 80, 81, 1, -1,
				1, 81, 82, 2, -1,
				2, 82, 83, 3, -1,
				3, 83, 84, 4, -1,
				4, 84, 85, 5, -1,
				5, 85, 86, 6, -1,
				6, 86, 87, 7, -1,
				7, 87, 88, 8, -1,
				8, 88, 89, 9, -1,
				9, 89, 90, 10, -1,
				10, 90, 91, 11, -1,
				11, 91, 92, 12, -1,
				12, 92, 93, 13, -1,
				13, 93, 94, 14, -1,
				14, 94, 95, 15, -1,
				15, 95, 96, 16, -1,
				16, 96, 97, 17, -1,
				17, 97, 98, 18, -1,
				18, 98, 99, 19, -1,
				19, 99, 100, 20, -1,
				20, 100, 101, 21, -1,
				21, 101, 102, 22, -1,
				22, 102, 103, 23, -1,
				23, 103, 104, 24, -1,
				24, 104, 105, 25, -1,
				25, 105, 106, 26, -1,
				26, 106, 107, 27, -1,
				27, 107, 108, 28, -1,
				28, 108, 109, 29, -1,
				29, 109, 110, 30, -1,
				30, 110, 111, 31, -1,
				31, 111, 112, 32, -1,
				32, 112, 113, 33, -1,
				33, 113, 114, 34, -1,
				34, 114, 115, 35, -1,
				35, 115, 116, 36, -1,
				36, 116, 117, 37, -1,
				37, 117, 118, 38, -1,
				38, 118, 119, 39, -1,
				39, 119, 120, 40, -1,
				40, 120, 121, 41, -1,
				41, 121, 122, 42, -1,
				42, 122, 123, 43, -1,
				43, 123, 124, 44, -1,
				44, 124, 125, 45, -1,
				45, 125, 126, 46, -1,
				46, 126, 127, 47, -1,
				47, 127, 128, 48, -1,
				48, 128, 129, 49, -1,
				49, 129, 130, 50, -1,
				50, 130, 131, 51, -1,
				51, 131, 132, 52, -1,
				52, 132, 133, 53, -1,
				53, 133, 134, 54, -1,
				54, 134, 135, 55, -1,
				55, 135, 136, 56, -1,
				56, 136, 137, 57, -1,
				57, 137, 138, 58, -1,
				58, 138, 139, 59, -1,
				59, 139, 140, 60, -1,
				60, 140, 141, 61, -1,
				61, 141, 142, 62, -1,
				62, 142, 143, 63, -1,
				63, 143, 144, 64, -1,
				64, 144, 145, 65, -1,
				65, 145, 146, 66, -1,
				66, 146, 147, 67, -1,
				67, 147, 148, 68, -1,
				68, 148, 149, 69, -1,
				69, 149, 150, 70, -1,
				70, 150, 151, 71, -1,
				71, 151, 152, 72, -1,
				72, 152, 153, 73, -1,
				73, 153, 154, 74, -1,
				74, 154, 155, 75, -1,
				75, 155, 156, 76, -1,
				76, 156, 157, 77, -1,
				77, 157, 158, 78, -1,
				78, 158, 159, 79, -1,
				79, 159, 80, 0, -1,
				160, 0, 1, -1,
				160, 1, 2, -1,
				160, 2, 3, -1,
				160, 3, 4, -1,
				160, 4, 5, -1,
				160, 5, 6, -1,
				160, 6, 7, -1,
				160, 7, 8, -1,
				160, 8, 9, -1,
				160, 9, 10, -1,
				160, 10, 11, -1,
				160, 11, 12, -1,
				160, 12, 13, -1,
				160, 13, 14, -1,
				160, 14, 15, -1,
				160, 15, 16, -1,
				160, 16, 17, -1,
				160, 17, 18, -1,
				160, 18, 19, -1,
				160, 19, 20, -1,
				160, 20, 21, -1,
				160, 21, 22, -1,
				160, 22, 23, -1,
				160, 23, 24, -1,
				160, 24, 25, -1,
				160, 25, 26, -1,
				160, 26, 27, -1,
				160, 27, 28, -1,
				160, 28, 29, -1,
				160, 29, 30, -1,
				160, 30, 31, -1,
				160, 31, 32, -1,
				160, 32, 33, -1,
				160, 33, 34, -1,
				160, 34, 35, -1,
				160, 35, 36, -1,
				160, 36, 37, -1,
				160, 37, 38, -1,
				160, 38, 39, -1,
				160, 39, 40, -1,
				160, 40, 41, -1,
				160, 41, 42, -1,
				160, 42, 43, -1,
				160, 43, 44, -1,
				160, 44, 45, -1,
				160, 45, 46, -1,
				160, 46, 47, -1,
				160, 47, 48, -1,
				160, 48, 49, -1,
				160, 49, 50, -1,
				160, 50, 51, -1,
				160, 51, 52, -1,
				160, 52, 53, -1,
				160, 53, 54, -1,
				160, 54, 55, -1,
				160, 55, 56, -1,
				160, 56, 57, -1,
				160, 57, 58, -1,
				160, 58, 59, -1,
				160, 59, 60, -1,
				160, 60, 61, -1,
				160, 61, 62, -1,
				160, 62, 63, -1,
				160, 63, 64, -1,
				160, 64, 65, -1,
				160, 65, 66, -1,
				160, 66, 67, -1,
				160, 67, 68, -1,
				160, 68, 69, -1,
				160, 69, 70, -1,
				160, 70, 71, -1,
				160, 71, 72, -1,
				160, 72, 73, -1,
				160, 73, 74, -1,
				160, 74, 75, -1,
				160, 75, 76, -1,
				160, 76, 77, -1,
				160, 77, 78, -1,
				160, 78, 79, -1,
				160, 79, 0, -1,
				80, 161, 81, -1,
				81, 161, 82, -1,
				82, 161, 83, -1,
				83, 161, 84, -1,
				84, 161, 85, -1,
				85, 161, 86, -1,
				86, 161, 87, -1,
				87, 161, 88, -1,
				88, 161, 89, -1,
				89, 161, 90, -1,
				90, 161, 91, -1,
				91, 161, 92, -1,
				92, 161, 93, -1,
				93, 161, 94, -1,
				94, 161, 95, -1,
				95, 161, 96, -1,
				96, 161, 97, -1,
				97, 161, 98, -1,
				98, 161, 99, -1,
				99, 161, 100, -1,
				100, 161, 101, -1,
				101, 161, 102, -1,
				102, 161, 103, -1,
				103, 161, 104, -1,
				104, 161, 105, -1,
				105, 161, 106, -1,
				106, 161, 107, -1,
				107, 161, 108, -1,
				108, 161, 109, -1,
				109, 161, 110, -1,
				110, 161, 111, -1,
				111, 161, 112, -1,
				112, 161, 113, -1,
				113, 161, 114, -1,
				114, 161, 115, -1,
				115, 161, 116, -1,
				116, 161, 117, -1,
				117, 161, 118, -1,
				118, 161, 119, -1,
				119, 161, 120, -1,
				120, 161, 121, -1,
				121, 161, 122, -1,
				122, 161, 123, -1,
				123, 161, 124, -1,
				124, 161, 125, -1,
				125, 161, 126, -1,
				126, 161, 127, -1,
				127, 161, 128, -1,
				128, 161, 129, -1,
				129, 161, 130, -1,
				130, 161, 131, -1,
				131, 161, 132, -1,
				132, 161, 133, -1,
				133, 161, 134, -1,
				134, 161, 135, -1,
				135, 161, 136, -1,
				136, 161, 137, -1,
				137, 161, 138, -1,
				138, 161, 139, -1,
				139, 161, 140, -1,
				140, 161, 141, -1,
				141, 161, 142, -1,
				142, 161, 143, -1,
				143, 161, 144, -1,
				144, 161, 145, -1,
				145, 161, 146, -1,
				146, 161, 147, -1,
				147, 161, 148, -1,
				148, 161, 149, -1,
				149, 161, 150, -1,
				150, 161, 151, -1,
				151, 161, 152, -1,
				152, 161, 153, -1,
				153, 161, 154, -1,
				154, 161, 155, -1,
				155, 161, 156, -1,
				156, 161, 157, -1,
				157, 161, 158, -1,
				158, 161, 159, -1,
				159, 161, 80, -1,
			]
			solid FALSE
		}
	}
#---------- SOLID: Sensor_F1_PlusX:0
	Shape {
		appearance Appearance {
			material Material {
				diffuseColor 1 1 1
			}
		}
		geometry IndexedFaceSet {
			coord Coordinate {
				point [
					260.01 10 0.9,
					260.01 10.0706 0.897226,
					260.01 10.1408 0.88892,
					260.01 10.2101 0.875133,
					260.01 10.2781 0.855951,
					260.01 10.3444 0.831492,
					260.01 10.4086 0.801906,
					260.01 10.4702 0.767376,
					260.01 10.529 0.728115,
					260.01 10.5845 0.684365,
					260.01 10.6364 0.636396,
					260.01 10.6844 0.584503,
					260.01 10.7281 0.529007,
					260.01 10.7674 0.470249,
					260.01 10.8019 0.408591,
					260.01 10.8315 0.344415,
					260.01 10.856 0.278115,
					260.01 10.8751 0.210101,
					260.01 10.8889 0.140791,
					260.01 10.8972 0.0706132,
					260.01 10.9 5.81707e-17,
					260.01 10.8972 -0.0706132,
					260.01 10.8889 -0.140791,
					260.01 10.8751 -0.210101,
					260.01 10.856 -0.278115,
					260.01 10.8315 -0.344415,
					260.01 10.8019 -0.408591,
					260.01 10.7674 -0.470249,
					260.01 10.7281 -0.529007,
					260.01 10.6844 -0.584503,
					260.01 10.6364 -0.636396,
					260.01 10.5845 -0.684365,
					260.01 10.529 -0.728115,
					260.01 10.4702 -0.767376,
					260.01 10.4086 -0.801906,
					260.01 10.3444 -0.831492,
					260.01 10.2781 -0.855951,
					260.01 10.2101 -0.875133,
					260.01 10.1408 -0.88892,
					260.01 10.0706 -0.897226,
					260.01 10 -0.9,
					260.01 9.92939 -0.897226,
					260.01 9.85921 -0.88892,
					260.01 9.7899 -0.875133,
					260.01 9.72188 -0.855951,
					260.01 9.65558 -0.831492,
					260.01 9.59141 -0.801906,
					260.01 9.52975 -0.767376,
					260.01 9.47099 -0.728115,
					260.01 9.4155 -0.684365,
					260.01 9.3636 -0.636396,
					260.01 9.31563 -0.584503,
					260.01 9.27188 -0.529007,
					260.01 9.23262 -0.470249,
					260.01 9.19809 -0.408591,
					260.01 9.16851 -0.344415,
					260.01 9.14405 -0.278115,
					260.01 9.12487 -0.210101,
					260.01 9.11108 -0.140791,
					260.01 9.10277 -0.0706132,
					260.01 9.1 -1.62266e-16,
					260.01 9.10277 0.0706132,
					260.01 9.11108 0.140791,
					260.01 9.12487 0.210101,
					260.01 9.14405 0.278115,
					260.01 9.16851 0.344415,
					260.01 9.19809 0.408591,
					260.01 9.23262 0.470249,
					260.01 9.27188 0.529007,
					260.01 9.31563 0.584503,
					260.01 9.3636 0.636396,
					260.01 9.4155 0.684365,
					260.01 9.47099 0.728115,
					260.01 9.52975 0.767376,
					260.01 9.59141 0.801906,
					260.01 9.65558 0.831492,
					260.01 9.72188 0.855951,
					260.01 9.7899 0.875133,
					260.01 9.85921 0.88892,
					260.01 9.92939 0.897226,
					260.11 10 0.9,
					260.11 10.0706 0.897226,
					260.11 10.1408 0.88892,
					260.11 10.2101 0.875133,
					260.11 10.2781 0.855951,
					260.11 10.3444 0.831492,
					260.11 10.4086 0.801906,
					260.11 10.4702 0.767376,
					260.11 10.529 0.728115,
					260.11 10.5845 0.684365,
					260.11 10.6364 0.636396,
					260.11 10.6844 0.584503,
					260.11 10.7281 0.529007,
					260.11 10.7674 0.470249,
					260.11 10.8019 0.408591,
					260.11 10.8315 0.344415,
					260.11 10.856 0.278115,
					260.11 10.8751 0.210101,
					260.11 10.8889 0.140791,
					260.11 10.8972 0.0706132,
					260.11 10.9 5.20475e-17,
					260.11 10.8972 -0.0706132,
					260.11 10.8889 -0.140791,
					260.11 10.8751 -0.210101,
					260.11 10.856 -0.278115,
					260.11 10.8315 -0.344415,
					260.11 10.8019 -0.408591,
					260.11 10.7674 -0.470249,
					260.11 10.7281 -0.529007,
					260.11 10.6844 -0.584503,
					260.11 10.6364 -0.636396,
					260.11 10.5845 -0.684365,
					260.11 10.529 -0.728115,
					260.11 10.4702 -0.767376,
					260.11 10.4086 -0.801906,
					260.11 10.3444 -0.831492,
					260.11 10.2781 -0.855951,
					260.11 10.2101 -0.875133,
					260.11 10.1408 -0.88892,
					260.11 10.0706 -0.897226,
					260.11 10 -0.9,
					260.11 9.92939 -0.897226,
					260.11 9.85921 -0.88892,
					260.11 9.7899 -0.875133,
					260.11 9.72188 -0.855951,
					260.11 9.65558 -0.831492,
					260.11 9.59141 -0.801906,
					260.11 9.52975 -0.767376,
					260.11 9.47099 -0.728115,
					260.11 9.4155 -0.684365,
					260.11 9.3636 -0.636396,
					260.11 9.31563 -0.584503,
					260.11 9.27188 -0.529007,
					260.11 9.23262 -0.470249,
					260.11 9.19809 -0.408591,
					260.11 9.16851 -0.344415,
					260.11 9.14405 -0.278115,
					260.11 9.12487 -0.210101,
					260.11 9.11108 -0.140791,
					260.11 9.10277 -0.0706132,
					260.11 9.1 -1.68389e-16,
					260.11 9.10277 0.0706132,
					260.11 9.11108 0.140791,
					260.11 9.12487 0.210101,
					260.11 9.14405 0.278115,
					260.11 9.16851 0.344415,
					260.11 9.19809 0.408591,
					260.11 9.23262 0.470249,
					260.11 9.27188 0.529007,
					260.11 9.31563 0.584503,
					260.11 9.3636 0.636396,
					260.11 9.4155 0.684365,
					260.11 9.47099 0.728115,
					260.11 9.52975 0.767376,
					260.11 9.59141 0.801906,
					260.11 9.65558 0.831492,
					260.11 9.72188 0.855951,
					260.11 9.7899 0.875133,
					260.11 9.85921 0.88892,
					260.11 9.92939 0.897226,
					260.01 10 3.06162e-18,
					260.11 10 -3.06162e-18,
				]
			}
			coordIndex [
				0, 80, 81, 1, -1,
				1, 81, 82, 2, -1,
				2, 82, 83, 3, -1,
				3, 83, 84, 4, -1,
				4, 84, 85, 5, -1,
				5, 85, 86, 6, -1,
				6, 86, 87, 7, -1,
				7, 87, 88, 8, -1,
				8, 88, 89, 9, -1,
				9, 89, 90, 10, -1,
				10, 90, 91, 11, -1,
				11, 91, 92, 12, -1,
				12, 92, 93, 13, -1,
				13, 93, 94, 14, -1,
				14, 94, 95, 15, -1,
				15, 95, 96, 16, -1,
				16, 96, 97, 17, -1,
				17, 97, 98, 18, -1,
				18, 98, 99, 19, -1,
				19, 99, 100, 20, -1,
				20, 100, 101, 21, -1,
				21, 101, 102, 22, -1,
				22, 102, 103, 23, -1,
				23, 103, 104, 24, -1,
				24, 104, 105, 25, -1,
				25, 105, 106, 26, -1,
				26, 106, 107, 27, -1,
				27, 107, 108, 28, -1,
				28, 108, 109, 29, -1,
				29, 109, 110, 30, -1,
				30, 110, 111, 31, -1,
				31, 111, 112, 32, -1,
				32, 112, 113, 33, -1,
				33, 113, 114, 34, -1,
				34, 114, 115, 35, -1,
				35, 115, 116, 36, -1,
				36, 116, 117, 37, -1,
				37, 117, 118, 38, -1,
				38, 118, 119, 39, -1,
				39, 119, 120, 40, -1,
				40, 120, 121, 41, -1,
				41, 121, 122, 42, -1,
				42, 122, 123, 43, -1,
				43, 123, 124, 44, -1,
				44, 124, 125, 45, -1,
				45, 125, 126, 46, -1,
				46, 126, 127, 47, -1,
				47, 127, 128, 48, -1,
				48, 128, 129, 49, -1,
				49, 129, 130, 50, -1,
				50, 130, 131, 51, -1,
				51, 131, 132, 52, -1,
				52, 132, 133, 53, -1,
				53, 133, 134, 54, -1,
				54, 134, 135, 55, -1,
				55, 135, 136, 56, -1,
				56, 136, 137, 57, -1,
				57, 137, 138, 58, -1,
				58, 138, 139, 59, -1,
				59, 139, 140, 60, -1,
				60, 140, 141, 61, -1,
				61, 141, 142, 62, -1,
				62, 142, 143, 63, -1,
				63, 143, 144, 64, -1,
				64, 144, 145, 65, -1,
				65, 145, 146, 66, -1,
				66, 146, 147, 67, -1,
				67, 147, 148, 68, -1,
				68, 148, 149, 69, -1,
				69, 149, 150, 70, -1,
				70, 150, 151, 71, -1,
				71, 151, 152, 72, -1,
				72, 152, 153, 73, -1,
				73, 153, 154, 74, -1,
				74, 154, 155, 75, -1,
				75, 155, 156, 76, -1,
				76, 156, 157, 77, -1,
				77, 157, 158, 78, -1,
				78, 158, 159, 79, -1,
				79, 159, 80, 0, -1,
				160, 0, 1, -1,
				160, 1, 2, -1,
				160, 2, 3, -1,
				160, 3, 4, -1,
				160, 4, 5, -1,
				160, 5, 6, -1,
				160, 6, 7, -1,
				160, 7, 8, -1,
				160, 8, 9, -1,
				160, 9, 10, -1,
				160, 10, 11, -1,
				160, 11, 12, -1,
				160, 12, 13, -1,
				160, 13, 14, -1,
				160, 14, 15, -1,
				160, 15, 16, -1,
				160, 16, 17, -1,
				160, 17, 18, -1,
				160, 18, 19, -1,
				160, 19, 20, -1,
				160, 20, 21, -1,
				160, 21, 22, -1,
				160, 22, 23, -1,
				160, 23, 24, -1,
				160, 24, 25, -1,
				160, 25, 26, -1,
				160, 26, 27, -1,
				160, 27, 28, -1,
				160, 28, 29, -1,
				160, 29, 30, -1,
				160, 30, 31, -1,
				160, 31, 32, -1,
				160, 32, 33, -1,
				160, 33, 34, -1,
				160, 34, 35, -1,
				160, 35, 36, -1,
				160, 36, 37, -1,
				160, 37, 38, -1,
				160, 38, 39, -1,
				160, 39, 40, -1,
				160, 40, 41, -1,
				160, 41, 42, -1,
				160, 42, 43, -1,
				160, 43, 44, -1,
				160, 44, 45, -1,
				160, 45, 46, -1,
				160, 46, 47, -1,
				160, 47, 48, -1,
				160, 48, 49, -1,
				160, 49, 50, -1,
				160, 50, 51, -1,
				160, 51, 52, -1,
				160, 52, 53, -1,
				160, 53, 54, -1,
				160, 54, 55, -1,
				160, 55, 56, -1,
				160, 56, 57, -1,
				160, 57, 58, -1,
				160, 58, 59, -1,
				160, 59, 60, -1,
				160, 60, 61, -1,
				160, 61, 62, -1,
				160, 62, 63, -1,
				160, 63, 64, -1,
				160, 64, 65, -1,
				160, 65, 66, -1,
				160, 66, 67, -1,
				160, 67, 68, -1,
				160, 68, 69, -1,
				160, 69, 70, -1,
				160, 70, 71, -1,
				160, 71, 72, -1,
				160, 72, 73, -1,
				160, 73, 74, -1,
				160, 74, 75, -1,
				160, 75, 76, -1,
				160, 76, 77, -1,
				160, 77, 78, -1,
				160, 78, 79, -1,
				160, 79, 0, -1,
				80, 161, 81, -1,
				81, 161, 82, -1,
				82, 161, 83, -1,
				83, 161, 84, -1,
				84, 161, 85, -1,
				85, 161, 86, -1,
				86, 161, 87, -1,
				87, 161, 88, -1,
				88, 161, 89, -1,
				89, 161, 90, -1,
				90, 161, 91, -1,
				91, 161, 92, -1,
				92, 161, 93, -1,
				93, 161, 94, -1,
				94, 161, 95, -1,
				95, 161, 96, -1,
				96, 161, 97, -1,
				97, 161, 98, -1,
				98, 161, 99, -1,
				99, 161, 100, -1,
				100, 161, 101, -1,
				101, 161, 102, -1,
				102, 161, 103, -1,
				103, 161, 104, -1,
				104, 161, 105, -1,
				105, 161, 106, -1,
				106, 161, 107, -1,
				107, 161, 108, -1,
				108, 161, 109, -1,
				109, 161, 110, -1,
				110, 161, 111, -1,
				111, 161, 112, -1,
				112, 161, 113, -1,
				113, 161, 114, -1,
				114, 161, 115, -1,
				115, 161, 116, -1,
				116, 161, 117, -1,
				117, 161, 118, -1,
				118, 161, 119, -1,
				119, 161, 120, -1,
				120, 161, 121, -1,
				121, 161, 122, -1,
				122, 161, 123, -1,
				123, 161, 124, -1,
				124, 161, 125, -1,
				125, 161, 126, -1,
				126, 161, 127, -1,
				127, 161, 128, -1,
				128, 161, 129, -1,
				129, 161, 130, -1,
				130, 161, 131, -1,
				131, 161, 132, -1,
				132, 161, 133, -1,
				133, 161, 134, -1,
				134, 161, 135, -1,
				135, 161, 136, -1,
				136, 161, 137, -1,
				137, 161, 138, -1,
				138, 161, 139, -1,
				139, 161, 140, -1,
				140, 161, 141, -1,
				141, 161, 142, -1,
				142, 161, 143, -1,
				143, 161, 144, -1,
				144, 161, 145, -1,
				145, 161, 146, -1,
				146, 161, 147, -1,
				147, 161, 148, -1,
				148, 161, 149, -1,
				149, 161, 150, -1,
				150, 161, 151, -1,
				151, 161, 152, -1,
				152, 161, 153, -1,
				153, 161, 154, -1,
				154, 161, 155, -1,
				155, 161, 156, -1,
				156, 161, 157, -1,
				157, 161, 158, -1,
				158, 161, 159, -1,
				159, 161, 80, -1,
			]
			solid FALSE
		}
	}
#---------- SOLID: Sensor_F1_MinusX:1
	Shape {
		appearance Appearance {
			material Material {
				diffuseColor 1 1 1
			}
		}
		geometry IndexedFaceSet {
			coord Coordinate {
				point [
					-260.11 10 0.9,
					-260.11 10.0706 0.897226,
					-260.11 10.1408 0.88892,
					-260.11 10.2101 0.875133,
					-260.11 10.2781 0.855951,
					-260.11 10.3444 0.831492,
					-260.11 10.4086 0.801906,
					-260.11 10.4702 0.767376,
					-260.11 10.529 0.728115,
					-260.11 10.5845 0.684365,
					-260.11 10.6364 0.636396,
					-260.11 10.6844 0.584503,
					-260.11 10.7281 0.529007,
					-260.11 10.7674 0.470249,
					-260.11 10.8019 0.408591,
					-260.11 10.8315 0.344415,
					-260.11 10.856 0.278115,
					-260.11 10.8751 0.210101,
					-260.11 10.8889 0.140791,
					-260.11 10.8972 0.0706132,
					-260.11 10.9 5.81707e-17,
					-260.11 10.8972 -0.0706132,
					-260.11 10.8889 -0.140791,
					-260.11 10.8751 -0.210101,
					-260.11 10.856 -0.278115,
					-260.11 10.8315 -0.344415,
					-260.11 10.8019 -0.408591,
					-260.11 10.7674 -0.470249,
					-260.11 10.7281 -0.529007,
					-260.11 10.6844 -0.584503,
					-260.11 10.6364 -0.636396,
					-260.11 10.5845 -0.684365,
					-260.11 10.529 -0.728115,
					-260.11 10.4702 -0.767376,
					-260.11 10.4086 -0.801906,
					-260.11 10.3444 -0.831492,
					-260.11 10.2781 -0.855951,
					-260.11 10.2101 -0.875133,
					-260.11 10.1408 -0.88892,
					-260.11 10.0706 -0.897226,
					-260.11 10 -0.9,
					-260.11 9.92939 -0.897226,
					-260.11 9.85921 -0.88892,
					-260.11 9.7899 -0.875133,
					-260.11 9.72188 -0.855951,
					-260.11 9.65558 -0.831492,
					-260.11 9.59141 -0.801906,
					-260.11 9.52975 -0.767376,
					-260.11 9.47099 -0.728115,
					-260.11 9.4155 -0.684365,
					-260.11 9.3636 -0.636396,
					-260.11 9.31563 -0.584503,
					-260.11 9.27188 -0.529007,
					-260.11 9.23262 -0.470249,
					-260.11 9.19809 -0.408591,
					-260.11 9.16851 -0.344415,
					-260.11 9.14405 -0.278115,
					-260.11 9.12487 -0.210101,
					-260.11 9.11108 -0.140791,
					-260.11 9.10277 -0.0706132,
					-260.11 9.1 -1.62266e-16,
					-260.11 9.10277 0.0706132,
					-260.11 9.11108 0.140791,
					-260.11 9.12487 0.210101,
					-260.11 9.14405 0.278115,
					-260.11 9.16851 0.344415,
					-260.11 9.19809 0.408591,
					-260.11 9.23262 0.470249,
					-260.11 9.27188 0.529007,
					-260.11 9.31563 0.584503,
					-260.11 9.3636 0.636396,
					-260.11 9.4155 0.684365,
					-260.11 9.47099 0.728115,
					-260.11 9.52975 0.767376,
					-260.11 9.59141 0.801906,
					-260.11 9.65558 0.831492,
					-260.11 9.72188 0.855951,
					-260.11 9.7899 0.875133,
					-260.11 9.85921 0.88892,
					-260.11 9.92939 0.897226,
					-260.01 10 0.9,
					-260.01 10.0706 0.897226,
					-260.01 10.1408 0.88892,
					-260.01 10.2101 0.875133,
					-260.01 10.2781 0.855951,
					-260.01 10.3444 0.831492,
					-260.01 10.4086 0.801906,
					-260.01 10.4702 0.767376,
					-260.01 10.529 0.728115,
					-260.01 10.5845 0.684365,
					-260.01 10.6364 0.636396,
					-260.01 10.6844 0.584503,
					-260.01 10.7281 0.529007,
					-260.01 10.7674 0.470249,
					-260.01 10.8019 0.408591,
					-260.01 10.8315 0.344415,
					-260.01 10.856 0.278115,
					-260.01 10.8751 0.210101,
					-260.01 10.8889 0.140791,
					-260.01 10.8972 0.0706132,
					-260.01 10.9 5.20475e-17,
					-260.01 10.8972 -0.0706132,
					-260.01 10.8889 -0.140791,
					-260.01 10.8751 -0.210101,
					-260.01 10.856 -0.278115,
					-260.01 10.8315 -0.344415,
					-260.01 10.8019 -0.408591,
					-260.01 10.7674 -0.470249,
					-260.01 10.7281 -0.529007,
					-260.01 10.6844 -0.584503,
					-260.01 10.6364 -0.636396,
					-260.01 10.5845 -0.684365,
					-260.01 10.529 -0.728115,
					-260.01 10.4702 -0.767376,
					-260.01 10.4086 -0.801906,
					-260.01 10.3444 -0.831492,
					-260.01 10.2781 -0.855951,
					-260.01 10.2101 -0.875133,
					-260.01 10.1408 -0.88892,
					-260.01 10.0706 -0.897226,
					-260.01 10 -0.9,
					-260.01 9.92939 -0.897226,
					-260.01 9.85921 -0.88892,
					-260.01 9.7899 -0.875133,
					-260.01 9.72188 -0.855951,
					-260.01 9.65558 -0.831492,
					-260.01 9.59141 -0.801906,
					-260.01 9.52975 -0.767376,
					-260.01 9.47099 -0.728115,
					-260.01 9.4155 -0.684365,
					-260.01 9.3636 -0.636396,
					-260.01 9.31563 -0.584503,
					-260.01 9.27188 -0.529007,
					-260.01 9.23262 -0.470249,
					-260.01 9.19809 -0.408591,
					-260.01 9.16851 -0.344415,
					-260.01 9.14405 -0.278115,
					-260.01 9.12487 -0.210101,
					-260.01 9.11108 -0.140791,
					-260.01 9.10277 -0.0706132,
					-260.01 9.1 -1.68389e-16,
					-260.01 9.10277 0.0706132,
					-260.01 9.11108 0.140791,
					-260.01 9.12487 0.210101,
					-260.01 9.14405 0.278115,
					-260.01 9.16851 0.344415,
					-260.01 9.19809 0.408591,
					-260.01 9.23262 0.470249,
					-260.01 9.27188 0.529007,
					-260.01 9.31563 0.584503,
					-260.01 9.3636 0.636396,
					-260.01 9.4155 0.684365,
					-260.01 9.47099 0.728115,
					-260.01 9.52975 0.767376,
					-260.01 9.59141 0.801906,
					-260.01 9.65558 0.831492,
					-260.01 9.72188 0.855951,
					-260.01 9.7899 0.875133,
					-260.01 9.85921 0.88892,
					-260.01 9.92939 0.897226,
					-260.11 10 3.06162e-18,
					-260.01 10 -3.06162e-18,
				]
			}
			coordIndex [
				0, 80, 81, 1, -1,
				1, 81, 82, 2, -1,
				2, 82, 83, 3, -1,
				3, 83, 84, 4, -1,
				4, 84, 85, 5, -1,
				5, 85, 86, 6, -1,
				6, 86, 87, 7, -1,
				7, 87, 88, 8, -1,
				8, 88, 89, 9, -1,
				9, 89, 90, 10, -1,
				10, 90, 91, 11, -1,
				11, 91, 92, 12, -1,
				12, 92, 93, 13, -1,
				13, 93, 94, 14, -1,
				14, 94, 95, 15, -1,
				15, 95, 96, 16, -1,
				16, 96, 97, 17, -1,
				17, 97, 98, 18, -1,
				18, 98, 99, 19, -1,
				19, 99, 100, 20, -1,
				20, 100, 101, 21, -1,
				21, 101, 102, 22, -1,
				22, 102, 103, 23, -1,
				23, 103, 104, 24, -1,
				24, 104, 105, 25, -1,
				25, 105, 106, 26, -1,
				26, 106, 107, 27, -1,
				27, 107, 108, 28, -1,
				28, 108, 109, 29, -1,
				29, 109, 110, 30, -1,
				30, 110, 111, 31, -1,
				31, 111, 112, 32, -1,
				32, 112, 113, 33, -1,
				33, 113, 114, 34, -1,
				34, 114, 115, 35, -1,
				35, 115, 116, 36, -1,
				36, 116, 117, 37, -1,
				37, 117, 118, 38, -1,
				38, 118, 119, 39, -1,
				39, 119, 120, 40, -1,
				40, 120, 121, 41, -1,
				41, 121, 122, 42, -1,
				42, 122, 123, 43, -1,
				43, 123, 124, 44, -1,
				44, 124, 125, 45, -1,
				45, 125, 126, 46, -1,
				46, 126, 127, 47, -1,
				47, 127, 128, 48, -1,
				48, 128, 129, 49, -1,
				49, 129, 130, 50, -1,
				50, 130, 131, 51, -1,
				51, 131, 132, 52, -1,
				52, 132, 133, 53, -1,
				53, 133, 134, 54, -1,
				54, 134, 135, 55, -1,
				55, 135, 136, 56, -1,
				56, 136, 137, 57, -1,
				57, 137, 138, 58, -1,
				58, 138, 139, 59, -1,
				59, 139, 140, 60, -1,
				60, 140, 141, 61, -1,
				61, 141, 142, 62, -1,
				62, 142, 143, 63, -1,
				63, 143, 144, 64, -1,
				64, 144, 145, 65, -1,
				65, 145, 146, 66, -1,
				66, 146, 147, 67, -1,
				67, 147, 148, 68, -1,
				68, 148, 149, 69, -1,
				69, 149, 150, 70, -1,
				70, 150, 151, 71, -1,
				71, 151, 152, 72, -1,
				72, 152, 153, 73, -1,
				73, 153, 154, 74, -1,
				74, 154, 155, 75, -1,
				75, 155, 156, 76, -1,
				76, 156, 157, 77, -1,
				77, 157, 158, 78, -1,
				78, 158, 159, 79, -1,
				79, 159, 80, 0, -1,
				160, 0, 1, -1,
				160, 1, 2, -1,
				160, 2, 3, -1,
				160, 3, 4, -1,
				160, 4, 5, -1,
				160, 5, 6, -1,
				160, 6, 7, -1,
				160, 7, 8, -1,
				160, 8, 9, -1,
				160, 9, 10, -1,
				160, 10, 11, -1,
				160, 11, 12, -1,
				160, 12, 13, -1,
				160, 13, 14, -1,
				160, 14, 15, -1,
				160, 15, 16, -1,
				160, 16, 17, -1,
				160, 17, 18, -1,
				160, 18, 19, -1,
				160, 19, 20, -1,
				160, 20, 21, -1,
				160, 21, 22, -1,
				160, 22, 23, -1,
				160, 23, 24, -1,
				160, 24, 25, -1,
				160, 25, 26, -1,
				160, 26, 27, -1,
				160, 27, 28, -1,
				160, 28, 29, -1,
				160, 29, 30, -1,
				160, 30, 31, -1,
				160, 31, 32, -1,
				160, 32, 33, -1,
				160, 33, 34, -1,
				160, 34, 35, -1,
				160, 35, 36, -1,
				160, 36, 37, -1,
				160, 37, 38, -1,
				160, 38, 39, -1,
				160, 39, 40, -1,
				160, 40, 41, -1,
				160, 41, 42, -1,
				160, 42, 43, -1,
				160, 43, 44, -1,
				160, 44, 45, -1,
				160, 45, 46, -1,
				160, 46, 47, -1,
				160, 47, 48, -1,
				160, 48, 49, -1,
				160, 49, 50, -1,
				160, 50, 51, -1,
				160, 51, 52, -1,
				160, 52, 53, -1,
				160, 53, 54, -1,
				160, 54, 55, -1,
				160, 55, 56, -1,
				160, 56, 57, -1,
				160, 57, 58, -1,
				160, 58, 59, -1,
				160, 59, 60, -1,
				160, 60, 61, -1,
				160, 61, 62, -1,
				160, 62, 63, -1,
				160, 63, 64, -1,
				160, 64, 65, -1,
				160, 65, 66, -1,
				160, 66, 67, -1,
				160, 67, 68, -1,
				160, 68, 69, -1,
				160, 69, 70, -1,
				160, 70, 71, -1,
				160, 71, 72, -1,
				160, 72, 73, -1,
				160, 73, 74, -1,
				160, 74, 75, -1,
				160, 75, 76, -1,
				160, 76, 77, -1,
				160, 77, 78, -1,
				160, 78, 79, -1,
				160, 79, 0, -1,
				80, 161, 81, -1,
				81, 161, 82, -1,
				82, 161, 83, -1,
				83, 161, 84, -1,
				84, 161, 85, -1,
				85, 161, 86, -1,
				86, 161, 87, -1,
				87, 161, 88, -1,
				88, 161, 89, -1,
				89, 161, 90, -1,
				90, 161, 91, -1,
				91, 161, 92, -1,
				92, 161, 93, -1,
				93, 161, 94, -1,
				94, 161, 95, -1,
				95, 161, 96, -1,
				96, 161, 97, -1,
				97, 161, 98, -1,
				98, 161, 99, -1,
				99, 161, 100, -1,
				100, 161, 101, -1,
				101, 161, 102, -1,
				102, 161, 103, -1,
				103, 161, 104, -1,
				104, 161, 105, -1,
				105, 161, 106, -1,
				106, 161, 107, -1,
				107, 161, 108, -1,
				108, 161, 109, -1,
				109, 161, 110, -1,
				110, 161, 111, -1,
				111, 161, 112, -1,
				112, 161, 113, -1,
				113, 161, 114, -1,
				114, 161, 115, -1,
				115, 161, 116, -1,
				116, 161, 117, -1,
				117, 161, 118, -1,
				118, 161, 119, -1,
				119, 161, 120, -1,
				120, 161, 121, -1,
				121, 161, 122, -1,
				122, 161, 123, -1,
				123, 161, 124, -1,
				124, 161, 125, -1,
				125, 161, 126, -1,
				126, 161, 127, -1,
				127, 161, 128, -1,
				128, 161, 129, -1,
				129, 161, 130, -1,
				130, 161, 131, -1,
				131, 161, 132, -1,
				132, 161, 133, -1,
				133, 161, 134, -1,
				134, 161, 135, -1,
				135, 161, 136, -1,
				136, 161, 137, -1,
				137, 161, 138, -1,
				138, 161, 139, -1,
				139, 161, 140, -1,
				140, 161, 141, -1,
				141, 161, 142, -1,
				142, 161, 143, -1,
				143, 161, 144, -1,
				144, 161, 145, -1,
				145, 161, 146, -1,
				146, 161, 147, -1,
				147, 161, 148, -1,
				148, 161, 149, -1,
				149, 161, 150, -1,
				150, 161, 151, -1,
				151, 161, 152, -1,
				152, 161, 153, -1,
				153, 161, 154, -1,
				154, 161, 155, -1,
				155, 161, 156, -1,
				156, 161, 157, -1,
				157, 161, 158, -1,
				158, 161, 159, -1,
				159, 161, 80, -1,
			]
			solid FALSE
		}
	}
#---------- SOLID: OuterClad_F2:1
	Shape {
		appearance Appearance {
			material Material {
				diffuseColor 1 1 1
			}
		}
		geometry IndexedFaceSet {
			coord Coordinate {
				point [
					-260 -10 0.9,
					-260 -9.92939 0.897226,
					-260 -9.85921 0.88892,
					-260 -9.7899 0.875133,
					-260 -9.72188 0.855951,
					-260 -9.65558 0.831492,
					-260 -9.59141 0.801906,
					-260 -9.52975 0.767376,
					-260 -9.47099 0.728115,
					-260 -9.4155 0.684365,
					-260 -9.3636 0.636396,
					-260 -9.31563 0.584503,
					-260 -9.27188 0.529007,
					-260 -9.23262 0.470249,
					-260 -9.19809 0.408591,
					-260 -9.16851 0.344415,
					-260 -9.14405 0.278115,
					-260 -9.12487 0.210101,
					-260 -9.11108 0.140791,
					-260 -9.10277 0.0706132,
					-260 -9.1 1.59755e-14,
					-260 -9.10277 -0.0706132,
					-260 -9.11108 -0.140791,
					-260 -9.12487 -0.210101,
					-260 -9.14405 -0.278115,
					-260 -9.16851 -0.344415,
					-260 -9.19809 -0.408591,
					-260 -9.23262 -0.470249,
					-260 -9.27188 -0.529007,
					-260 -9.31563 -0.584503,
					-260 -9.3636 -0.636396,
					-260 -9.4155 -0.684365,
					-260 -9.47099 -0.728115,
					-260 -9.52975 -0.767376,
					-260 -9.59141 -0.801906,
					-260 -9.65558 -0.831492,
					-260 -9.72188 -0.855951,
					-260 -9.7899 -0.875133,
					-260 -9.85921 -0.88892,
					-260 -9.92939 -0.897226,
					-260 -10 -0.9,
					-260 -10.0706 -0.897226,
					-260 -10.1408 -0.88892,
					-260 -10.2101 -0.875133,
					-260 -10.2781 -0.855951,
					-260 -10.3444 -0.831492,
					-260 -10.4086 -0.801906,
					-260 -10.4702 -0.767376,
					-260 -10.529 -0.728115,
					-260 -10.5845 -0.684365,
					-260 -10.6364 -0.636396,
					-260 -10.6844 -0.584503,
					-260 -10.7281 -0.529007,
					-260 -10.7674 -0.470249,
					-260 -10.8019 -0.408591,
					-260 -10.8315 -0.344415,
					-260 -10.856 -0.278115,
					-260 -10.8751 -0.210101,
					-260 -10.8889 -0.140791,
					-260 -10.8972 -0.0706132,
					-260 -10.9 1.57551e-14,
					-260 -10.8972 0.0706132,
					-260 -10.8889 0.140791,
					-260 -10.8751 0.210101,
					-260 -10.856 0.278115,
					-260 -10.8315 0.344415,
					-260 -10.8019 0.408591,
					-260 -10.7674 0.470249,
					-260 -10.7281 0.529007,
					-260 -10.6844 0.584503,
					-260 -10.6364 0.636396,
					-260 -10.5845 0.684365,
					-260 -10.529 0.728115,
					-260 -10.4702 0.767376,
					-260 -10.4086 0.801906,
					-260 -10.3444 0.831492,
					-260 -10.2781 0.855951,
					-260 -10.2101 0.875133,
					-260 -10.1408 0.88892,
					-260 -10.0706 0.897226,
					260 -10 0.9,
					260 -9.92939 0.897226,
					260 -9.85921 0.88892,
					260 -9.7899 0.875133,
					260 -9.72188 0.855951,
					260 -9.65558 0.831492,
					260 -9.59141 0.801906,
					260 -9.52975 0.767376,
					260 -9.47099 0.728115,
					260 -9.4155 0.684365,
					260 -9.3636 0.636396,
					260 -9.31563 0.584503,
					260 -9.27188 0.529007,
					260 -9.23262 0.470249,
					260 -9.19809 0.408591,
					260 -9.16851 0.344415,
					260 -9.14405 0.278115,
					260 -9.12487 0.210101,
					260 -9.11108 0.140791,
					260 -9.10277 0.0706132,
					260 -9.1 -1.58653e-14,
					260 -9.10277 -0.0706132,
					260 -9.11108 -0.140791,
					260 -9.12487 -0.210101,
					260 -9.14405 -0.278115,
					260 -9.16851 -0.344415,
					260 -9.19809 -0.408591,
					260 -9.23262 -0.470249,
					260 -9.27188 -0.529007,
					260 -9.31563 -0.584503,
					260 -9.3636 -0.636396,
					260 -9.4155 -0.684365,
					260 -9.47099 -0.728115,
					260 -9.52975 -0.767376,
					260 -9.59141 -0.801906,
					260 -9.65558 -0.831492,
					260 -9.72188 -0.855951,
					260 -9.7899 -0.875133,
					260 -9.85921 -0.88892,
					260 -9.92939 -0.897226,
					260 -10 -0.9,
					260 -10.0706 -0.897226,
					260 -10.1408 -0.88892,
					260 -10.2101 -0.875133,
					260 -10.2781 -0.855951,
					260 -10.3444 -0.831492,
					260 -10.4086 -0.801906,
					260 -10.4702 -0.767376,
					260 -10.529 -0.728115,
					260 -10.5845 -0.684365,
					260 -10.6364 -0.636396,
					260 -10.6844 -0.584503,
					260 -10.7281 -0.529007,
					260 -10.7674 -0.470249,
					260 -10.8019 -0.408591,
					260 -10.8315 -0.344415,
					260 -10.856 -0.278115,
					260 -10.8751 -0.210101,
					260 -10.8889 -0.140791,
					260 -10.8972 -0.0706132,
					260 -10.9 -1.60857e-14,
					260 -10.8972 0.0706132,
					260 -10.8889 0.140791,
					260 -10.8751 0.210101,
					260 -10.856 0.278115,
					260 -10.8315 0.344415,
					260 -10.8019 0.408591,
					260 -10.7674 0.470249,
					260 -10.7281 0.529007,
					260 -10.6844 0.584503,
					260 -10.6364 0.636396,
					260 -10.5845 0.684365,
					260 -10.529 0.728115,
					260 -10.4702 0.767376,
					260 -10.4086 0.801906,
					260 -10.3444 0.831492,
					260 -10.2781 0.855951,
					260 -10.2101 0.875133,
					260 -10.1408 0.88892,
					260 -10.0706 0.897226,
					-260 -10 1.59204e-14,
					260 -10 -1.59204e-14,
				]
			}
			coordIndex [
				0, 80, 81, 1, -1,
				1, 81, 82, 2, -1,
				2, 82, 83, 3, -1,
				3, 83, 84, 4, -1,
				4, 84, 85, 5, -1,
				5, 85, 86, 6, -1,
				6, 86, 87, 7, -1,
				7, 87, 88, 8, -1,
				8, 88, 89, 9, -1,
				9, 89, 90, 10, -1,
				10, 90, 91, 11, -1,
				11, 91, 92, 12, -1,
				12, 92, 93, 13, -1,
				13, 93, 94, 14, -1,
				14, 94, 95, 15, -1,
				15, 95, 96, 16, -1,
				16, 96, 97, 17, -1,
				17, 97, 98, 18, -1,
				18, 98, 99, 19, -1,
				19, 99, 100, 20, -1,
				20, 100, 101, 21, -1,
				21, 101, 102, 22, -1,
				22, 102, 103, 23, -1,
				23, 103, 104, 24, -1,
				24, 104, 105, 25, -1,
				25, 105, 106, 26, -1,
				26, 106, 107, 27, -1,
				27, 107, 108, 28, -1,
				28, 108, 109, 29, -1,
				29, 109, 110, 30, -1,
				30, 110, 111, 31, -1,
				31, 111, 112, 32, -1,
				32, 112, 113, 33, -1,
				33, 113, 114, 34, -1,
				34, 114, 115, 35, -1,
				35, 115, 116, 36, -1,
				36, 116, 117, 37, -1,
				37, 117, 118, 38, -1,
				38, 118, 119, 39, -1,
				39, 119, 120, 40, -1,
				40, 120, 121, 41, -1,
				41, 121, 122, 42, -1,
				42, 122, 123, 43, -1,
				43, 123, 124, 44, -1,
				44, 124, 125, 45, -1,
				45, 125, 126, 46, -1,
				46, 126, 127, 47, -1,
				47, 127, 128, 48, -1,
				48, 128, 129, 49, -1,
				49, 129, 130, 50, -1,
				50, 130, 131, 51, -1,
				51, 131, 132, 52, -1,
				52, 132, 133, 53, -1,
				53, 133, 134, 54, -1,
				54, 134, 135, 55, -1,
				55, 135, 136, 56, -1,
				56, 136, 137, 57, -1,
				57, 137, 138, 58, -1,
				58, 138, 139, 59, -1,
				59, 139, 140, 60, -1,
				60, 140, 141, 61, -1,
				61, 141, 142, 62, -1,
				62, 142, 143, 63, -1,
				63, 143, 144, 64, -1,
				64, 144, 145, 65, -1,
				65, 145, 146, 66, -1,
				66, 146, 147, 67, -1,
				67, 147, 148, 68, -1,
				68, 148, 149, 69, -1,
				69, 149, 150, 70, -1,
				70, 150, 151, 71, -1,
				71, 151, 152, 72, -1,
				72, 152, 153, 73, -1,
				73, 153, 154, 74, -1,
				74, 154, 155, 75, -1,
				75, 155, 156, 76, -1,
				76, 156, 157, 77, -1,
				77, 157, 158, 78, -1,
				78, 158, 159, 79, -1,
				79, 159, 80, 0, -1,
				160, 0, 1, -1,
				160, 1, 2, -1,
				160, 2, 3, -1,
				160, 3, 4, -1,
				160, 4, 5, -1,
				160, 5, 6, -1,
				160, 6, 7, -1,
				160, 7, 8, -1,
				160, 8, 9, -1,
				160, 9, 10, -1,
				160, 10, 11, -1,
				160, 11, 12, -1,
				160, 12, 13, -1,
				160, 13, 14, -1,
				160, 14, 15, -1,
				160, 15, 16, -1,
				160, 16, 17, -1,
				160, 17, 18, -1,
				160, 18, 19, -1,
				160, 19, 20, -1,
				160, 20, 21, -1,
				160, 21, 22, -1,
				160, 22, 23, -1,
				160, 23, 24, -1,
				160, 24, 25, -1,
				160, 25, 26, -1,
				160, 26, 27, -1,
				160, 27, 28, -1,
				160, 28, 29, -1,
				160, 29, 30, -1,
				160, 30, 31, -1,
				160, 31, 32, -1,
				160, 32, 33, -1,
				160, 33, 34, -1,
				160, 34, 35, -1,
				160, 35, 36, -1,
				160, 36, 37, -1,
				160, 37, 38, -1,
				160, 38, 39, -1,
				160, 39, 40, -1,
				160, 40, 41, -1,
				160, 41, 42, -1,
				160, 42, 43, -1,
				160, 43, 44, -1,
				160, 44, 45, -1,
				160, 45, 46, -1,
				160, 46, 47, -1,
				160, 47, 48, -1,
				160, 48, 49, -1,
				160, 49, 50, -1,
				160, 50, 51, -1,
				160, 51, 52, -1,
				160, 52, 53, -1,
				160, 53, 54, -1,
				160, 54, 55, -1,
				160, 55, 56, -1,
				160, 56, 57, -1,
				160, 57, 58, -1,
				160, 58, 59, -1,
				160, 59, 60, -1,
				160, 60, 61, -1,
				160, 61, 62, -1,
				160, 62, 63, -1,
				160, 63, 64, -1,
				160, 64, 65, -1,
				160, 65, 66, -1,
				160, 66, 67, -1,
				160, 67, 68, -1,
				160, 68, 69, -1,
				160, 69, 70, -1,
				160, 70, 71, -1,
				160, 71, 72, -1,
				160, 72, 73, -1,
				160, 73, 74, -1,
				160, 74, 75, -1,
				160, 75, 76, -1,
				160, 76, 77, -1,
				160, 77, 78, -1,
				160, 78, 79, -1,
				160, 79, 0, -1,
				80, 161, 81, -1,
				81, 161, 82, -1,
				82, 161, 83, -1,
				83, 161, 84, -1,
				84, 161, 85, -1,
				85, 161, 86, -1,
				86, 161, 87, -1,
				87, 161, 88, -1,
				88, 161, 89, -1,
				89, 161, 90, -1,
				90, 161, 91, -1,
				91, 161, 92, -1,
				92, 161, 93, -1,
				93, 161, 94, -1,
				94, 161, 95, -1,
				95, 161, 96, -1,
				96, 161, 97, -1,
				97, 161, 98, -1,
				98, 161, 99, -1,
				99, 161, 100, -1,
				100, 161, 101, -1,
				101, 161, 102, -1,
				102, 161, 103, -1,
				103, 161, 104, -1,
				104, 161, 105, -1,
				105, 161, 106, -1,
				106, 161, 107, -1,
				107, 161, 108, -1,
				108, 161, 109, -1,
				109, 161, 110, -1,
				110, 161, 111, -1,
				111, 161, 112, -1,
				112, 161, 113, -1,
				113, 161, 114, -1,
				114, 161, 115, -1,
				115, 161, 116, -1,
				116, 161, 117, -1,
				117, 161, 118, -1,
				118, 161, 119, -1,
				119, 161, 120, -1,
				120, 161, 121, -1,
				121, 161, 122, -1,
				122, 161, 123, -1,
				123, 161, 124, -1,
				124, 161, 125, -1,
				125, 161, 126, -1,
				126, 161, 127, -1,
				127, 161, 128, -1,
				128, 161, 129, -1,
				129, 161, 130, -1,
				130, 161, 131, -1,
				131, 161, 132, -1,
				132, 161, 133, -1,
				133, 161, 134, -1,
				134, 161, 135, -1,
				135, 161, 136, -1,
				136, 161, 137, -1,
				137, 161, 138, -1,
				138, 161, 139, -1,
				139, 161, 140, -1,
				140, 161, 141, -1,
				141, 161, 142, -1,
				142, 161, 143, -1,
				143, 161, 144, -1,
				144, 161, 145, -1,
				145, 161, 146, -1,
				146, 161, 147, -1,
				147, 161, 148, -1,
				148, 161, 149, -1,
				149, 161, 150, -1,
				150, 161, 151, -1,
				151, 161, 152, -1,
				152, 161, 153, -1,
				153, 161, 154, -1,
				154, 161, 155, -1,
				155, 161, 156, -1,
				156, 161, 157, -1,
				157, 161, 158, -1,
				158, 161, 159, -1,
				159, 161, 80, -1,
			]
			solid FALSE
		}
	}
#---------- SOLID: InnerClad_F2:1
	Shape {
		appearance Appearance {
			material Material {
				diffuseColor 1 1 1
			}
		}
		geometry IndexedFaceSet {
			coord Coordinate {
				point [
					-260 -10 0.873,
					-260 -9.93151 0.870309,
					-260 -9.86343 0.862252,
					-260 -9.7962 0.848879,
					-260 -9.73023 0.830272,
					-260 -9.66592 0.806547,
					-260 -9.60367 0.777849,
					-260 -9.54386 0.744355,
					-260 -9.48686 0.706272,
					-260 -9.43303 0.663834,
					-260 -9.3827 0.617304,
					-260 -9.33617 0.566968,
					-260 -9.29373 0.513137,
					-260 -9.25565 0.456141,
					-260 -9.22215 0.396334,
					-260 -9.19345 0.334083,
					-260 -9.16973 0.269772,
					-260 -9.15112 0.203798,
					-260 -9.13775 0.136567,
					-260 -9.12969 0.0684948,
					-260 -9.127 1.59739e-14,
					-260 -9.12969 -0.0684948,
					-260 -9.13775 -0.136567,
					-260 -9.15112 -0.203798,
					-260 -9.16973 -0.269772,
					-260 -9.19345 -0.334083,
					-260 -9.22215 -0.396334,
					-260 -9.25565 -0.456141,
					-260 -9.29373 -0.513137,
					-260 -9.33617 -0.566968,
					-260 -9.3827 -0.617304,
					-260 -9.43303 -0.663834,
					-260 -9.48686 -0.706272,
					-260 -9.54386 -0.744355,
					-260 -9.60367 -0.777849,
					-260 -9.66592 -0.806547,
					-260 -9.73023 -0.830272,
					-260 -9.7962 -0.848879,
					-260 -9.86343 -0.862252,
					-260 -9.93151 -0.870309,
					-260 -10 -0.873,
					-260 -10.0685 -0.870309,
					-260 -10.1366 -0.862252,
					-260 -10.2038 -0.848879,
					-260 -10.2698 -0.830272,
					-260 -10.3341 -0.806547,
					-260 -10.3963 -0.777849,
					-260 -10.4561 -0.744355,
					-260 -10.5131 -0.706272,
					-260 -10.567 -0.663834,
					-260 -10.6173 -0.617304,
					-260 -10.6638 -0.566968,
					-260 -10.7063 -0.513137,
					-260 -10.7444 -0.456141,
					-260 -10.7778 -0.396334,
					-260 -10.8065 -0.334083,
					-260 -10.8303 -0.269772,
					-260 -10.8489 -0.203798,
					-260 -10.8623 -0.136567,
					-260 -10.8703 -0.0684948,
					-260 -10.873 1.576e-14,
					-260 -10.8703 0.0684948,
					-260 -10.8623 0.136567,
					-260 -10.8489 0.203798,
					-260 -10.8303 0.269772,
					-260 -10.8065 0.334083,
					-260 -10.7778 0.396334,
					-260 -10.7444 0.456141,
					-260 -10.7063 0.513137,
					-260 -10.6638 0.566968,
					-260 -10.6173 0.617304,
					-260 -10.567 0.663834,
					-260 -10.5131 0.706272,
					-260 -10.4561 0.744355,
					-260 -10.3963 0.777849,
					-260 -10.3341 0.806547,
					-260 -10.2698 0.830272,
					-260 -10.2038 0.848879,
					-260 -10.1366 0.862252,
					-260 -10.0685 0.870309,
					260 -10 0.873,
					260 -9.93151 0.870309,
					260 -9.86343 0.862252,
					260 -9.7962 0.848879,
					260 -9.73023 0.830272,
					260 -9.66592 0.806547,
					260 -9.60367 0.777849,
					260 -9.54386 0.744355,
					260 -9.48686 0.706272,
					260 -9.43303 0.663834,
					260 -9.3827 0.617304,
					260 -9.33617 0.566968,
					260 -9.29373 0.513137,
					260 -9.25565 0.456141,
					260 -9.22215 0.396334,
					260 -9.19345 0.334083,
					260 -9.16973 0.269772,
					260 -9.15112 0.203798,
					260 -9.13775 0.136567,
					260 -9.12969 0.0684948,
					260 -9.127 -1.5867e-14,
					260 -9.12969 -0.0684948,
					260 -9.13775 -0.136567,
					260 -9.15112 -0.203798,
					260 -9.16973 -0.269772,
					260 -9.19345 -0.334083,
					260 -9.22215 -0.396334,
					260 -9.25565 -0.456141,
					260 -9.29373 -0.513137,
					260 -9.33617 -0.566968,
					260 -9.3827 -0.617304,
					260 -9.43303 -0.663834,
					260 -9.48686 -0.706272,
					260 -9.54386 -0.744355,
					260 -9.60367 -0.777849,
					260 -9.66592 -0.806547,
					260 -9.73023 -0.830272,
					260 -9.7962 -0.848879,
					260 -9.86343 -0.862252,
					260 -9.93151 -0.870309,
					260 -10 -0.873,
					260 -10.0685 -0.870309,
					260 -10.1366 -0.862252,
					260 -10.2038 -0.848879,
					260 -10.2698 -0.830272,
					260 -10.3341 -0.806547,
					260 -10.3963 -0.777849,
					260 -10.4561 -0.744355,
					260 -10.5131 -0.706272,
					260 -10.567 -0.663834,
					260 -10.6173 -0.617304,
					260 -10.6638 -0.566968,
					260 -10.7063 -0.513137,
					260 -10.7444 -0.456141,
					260 -10.7778 -0.396334,
					260 -10.8065 -0.334083,
					260 -10.8303 -0.269772,
					260 -10.8489 -0.203798,
					260 -10.8623 -0.136567,
					260 -10.8703 -0.0684948,
					260 -10.873 -1.60808e-14,
					260 -10.8703 0.0684948,
					260 -10.8623 0.136567,
					260 -10.8489 0.203798,
					260 -10.8303 0.269772,
					260 -10.8065 0.334083,
					260 -10.7778 0.396334,
					260 -10.7444 0.456141,
					260 -10.7063 0.513137,
					260 -10.6638 0.566968,
					260 -10.6173 0.617304,
					260 -10.567 0.663834,
					260 -10.5131 0.706272,
					260 -10.4561 0.744355,
					260 -10.3963 0.777849,
					260 -10.3341 0.806547,
					260 -10.2698 0.830272,
					260 -10.2038 0.848879,
					260 -10.1366 0.862252,
					260 -10.0685 0.870309,
					-260 -10 1.59204e-14,
					260 -10 -1.59204e-14,
				]
			}
			coordIndex [
				0, 80, 81, 1, -1,
				1, 81, 82, 2, -1,
				2, 82, 83, 3, -1,
				3, 83, 84, 4, -1,
				4, 84, 85, 5, -1,
				5, 85, 86, 6, -1,
				6, 86, 87, 7, -1,
				7, 87, 88, 8, -1,
				8, 88, 89, 9, -1,
				9, 89, 90, 10, -1,
				10, 90, 91, 11, -1,
				11, 91, 92, 12, -1,
				12, 92, 93, 13, -1,
				13, 93, 94, 14, -1,
				14, 94, 95, 15, -1,
				15, 95, 96, 16, -1,
				16, 96, 97, 17, -1,
				17, 97, 98, 18, -1,
				18, 98, 99, 19, -1,
				19, 99, 100, 20, -1,
				20, 100, 101, 21, -1,
				21, 101, 102, 22, -1,
				22, 102, 103, 23, -1,
				23, 103, 104, 24, -1,
				24, 104, 105, 25, -1,
				25, 105, 106, 26, -1,
				26, 106, 107, 27, -1,
				27, 107, 108, 28, -1,
				28, 108, 109, 29, -1,
				29, 109, 110, 30, -1,
				30, 110, 111, 31, -1,
				31, 111, 112, 32, -1,
				32, 112, 113, 33, -1,
				33, 113, 114, 34, -1,
				34, 114, 115, 35, -1,
				35, 115, 116, 36, -1,
				36, 116, 117, 37, -1,
				37, 117, 118, 38, -1,
				38, 118, 119, 39, -1,
				39, 119, 120, 40, -1,
				40, 120, 121, 41, -1,
				41, 121, 122, 42, -1,
				42, 122, 123, 43, -1,
				43, 123, 124, 44, -1,
				44, 124, 125, 45, -1,
				45, 125, 126, 46, -1,
				46, 126, 127, 47, -1,
				47, 127, 128, 48, -1,
				48, 128, 129, 49, -1,
				49, 129, 130, 50, -1,
				50, 130, 131, 51, -1,
				51, 131, 132, 52, -1,
				52, 132, 133, 53, -1,
				53, 133, 134, 54, -1,
				54, 134, 135, 55, -1,
				55, 135, 136, 56, -1,
				56, 136, 137, 57, -1,
				57, 137, 138, 58, -1,
				58, 138, 139, 59, -1,
				59, 139, 140, 60, -1,
				60, 140, 141, 61, -1,
				61, 141, 142, 62, -1,
				62, 142, 143, 63, -1,
				63, 143, 144, 64, -1,
				64, 144, 145, 65, -1,
				65, 145, 146, 66, -1,
				66, 146, 147, 67, -1,
				67, 147, 148, 68, -1,
				68, 148, 149, 69, -1,
				69, 149, 150, 70, -1,
				70, 150, 151, 71, -1,
				71, 151, 152, 72, -1,
				72, 152, 153, 73, -1,
				73, 153, 154, 74, -1,
				74, 154, 155, 75, -1,
				75, 155, 156, 76, -1,
				76, 156, 157, 77, -1,
				77, 157, 158, 78, -1,
				78, 158, 159, 79, -1,
				79, 159, 80, 0, -1,
				160, 0, 1, -1,
				160, 1, 2, -1,
				160, 2, 3, -1,
				160, 3, 4, -1,
				160, 4, 5, -1,
				160, 5, 6, -1,
				160, 6, 7, -1,
				160, 7, 8, -1,
				160, 8, 9, -1,
				160, 9, 10, -1,
				160, 10, 11, -1,
				160, 11, 12, -1,
				160, 12, 13, -1,
				160, 13, 14, -1,
				160, 14, 15, -1,
				160, 15, 16, -1,
				160, 16, 17, -1,
				160, 17, 18, -1,
				160, 18, 19, -1,
				160, 19, 20, -1,
				160, 20, 21, -1,
				160, 21, 22, -1,
				160, 22, 23, -1,
				160, 23, 24, -1,
				160, 24, 25, -1,
				160, 25, 26, -1,
				160, 26, 27, -1,
				160, 27, 28, -1,
				160, 28, 29, -1,
				160, 29, 30, -1,
				160, 30, 31, -1,
				160, 31, 32, -1,
				160, 32, 33, -1,
				160, 33, 34, -1,
				160, 34, 35, -1,
				160, 35, 36, -1,
				160, 36, 37, -1,
				160, 37, 38, -1,
				160, 38, 39, -1,
				160, 39, 40, -1,
				160, 40, 41, -1,
				160, 41, 42, -1,
				160, 42, 43, -1,
				160, 43, 44, -1,
				160, 44, 45, -1,
				160, 45, 46, -1,
				160, 46, 47, -1,
				160, 47, 48, -1,
				160, 48, 49, -1,
				160, 49, 50, -1,
				160, 50, 51, -1,
				160, 51, 52, -1,
				160, 52, 53, -1,
				160, 53, 54, -1,
				160, 54, 55, -1,
				160, 55, 56, -1,
				160, 56, 57, -1,
				160, 57, 58, -1,
				160, 58, 59, -1,
				160, 59, 60, -1,
				160, 60, 61, -1,
				160, 61, 62, -1,
				160, 62, 63, -1,
				160, 63, 64, -1,
				160, 64, 65, -1,
				160, 65, 66, -1,
				160, 66, 67, -1,
				160, 67, 68, -1,
				160, 68, 69, -1,
				160, 69, 70, -1,
				160, 70, 71, -1,
				160, 71, 72, -1,
				160, 72, 73, -1,
				160, 73, 74, -1,
				160, 74, 75, -1,
				160, 75, 76, -1,
				160, 76, 77, -1,
				160, 77, 78, -1,
				160, 78, 79, -1,
				160, 79, 0, -1,
				80, 161, 81, -1,
				81, 161, 82, -1,
				82, 161, 83, -1,
				83, 161, 84, -1,
				84, 161, 85, -1,
				85, 161, 86, -1,
				86, 161, 87, -1,
				87, 161, 88, -1,
				88, 161, 89, -1,
				89, 161, 90, -1,
				90, 161, 91, -1,
				91, 161, 92, -1,
				92, 161, 93, -1,
				93, 161, 94, -1,
				94, 161, 95, -1,
				95, 161, 96, -1,
				96, 161, 97, -1,
				97, 161, 98, -1,
				98, 161, 99, -1,
				99, 161, 100, -1,
				100, 161, 101, -1,
				101, 161, 102, -1,
				102, 161, 103, -1,
				103, 161, 104, -1,
				104, 161, 105, -1,
				105, 161, 106, -1,
				106, 161, 107, -1,
				107, 161, 108, -1,
				108, 161, 109, -1,
				109, 161, 110, -1,
				110, 161, 111, -1,
				111, 161, 112, -1,
				112, 161, 113, -1,
				113, 161, 114, -1,
				114, 161, 115, -1,
				115, 161, 116, -1,
				116, 161, 117, -1,
				117, 161, 118, -1,
				118, 161, 119, -1,
				119, 161, 120, -1,
				120, 161, 121, -1,
				121, 161, 122, -1,
				122, 161, 123, -1,
				123, 161, 124, -1,
				124, 161, 125, -1,
				125, 161, 126, -1,
				126, 161, 127, -1,
				127, 161, 128, -1,
				128, 161, 129, -1,
				129, 161, 130, -1,
				130, 161, 131, -1,
				131, 161, 132, -1,
				132, 161, 133, -1,
				133, 161, 134, -1,
				134, 161, 135, -1,
				135, 161, 136, -1,
				136, 161, 137, -1,
				137, 161, 138, -1,
				138, 161, 139, -1,
				139, 161, 140, -1,
				140, 161, 141, -1,
				141, 161, 142, -1,
				142, 161, 143, -1,
				143, 161, 144, -1,
				144, 161, 145, -1,
				145, 161, 146, -1,
				146, 161, 147, -1,
				147, 161, 148, -1,
				148, 161, 149, -1,
				149, 161, 150, -1,
				150, 161, 151, -1,
				151, 161, 152, -1,
				152, 161, 153, -1,
				153, 161, 154, -1,
				154, 161, 155, -1,
				155, 161, 156, -1,
				156, 161, 157, -1,
				157, 161, 158, -1,
				158, 161, 159, -1,
				159, 161, 80, -1,
			]
			solid FALSE
		}
	}
#---------- SOLID: Core_F2:1
	Shape {
		appearance Appearance {
			material Material {
				diffuseColor 1 1 1
			}
		}
		geometry IndexedFaceSet {
			coord Coordinate {
				point [
					-260 -10 0.846,
					-260 -9.93362 0.843392,
					-260 -9.86766 0.835584,
					-260 -9.80251 0.822625,
					-260 -9.73857 0.804594,
					-260 -9.67625 0.781602,
					-260 -9.61592 0.753792,
					-260 -9.55797 0.721334,
					-260 -9.50273 0.684428,
					-260 -9.45057 0.643303,
					-260 -9.40179 0.598212,
					-260 -9.3567 0.549433,
					-260 -9.31557 0.497266,
					-260 -9.27867 0.442034,
					-260 -9.24621 0.384076,
					-260 -9.2184 0.32375,
					-260 -9.19541 0.261428,
					-260 -9.17738 0.197495,
					-260 -9.16442 0.132344,
					-260 -9.15661 0.0663764,
					-260 -9.154 1.59722e-14,
					-260 -9.15661 -0.0663764,
					-260 -9.16442 -0.132344,
					-260 -9.17738 -0.197495,
					-260 -9.19541 -0.261428,
					-260 -9.2184 -0.32375,
					-260 -9.24621 -0.384076,
					-260 -9.27867 -0.442034,
					-260 -9.31557 -0.497266,
					-260 -9.3567 -0.549433,
					-260 -9.40179 -0.598212,
					-260 -9.45057 -0.643303,
					-260 -9.50273 -0.684428,
					-260 -9.55797 -0.721334,
					-260 -9.61592 -0.753792,
					-260 -9.67625 -0.781602,
					-260 -9.73857 -0.804594,
					-260 -9.80251 -0.822625,
					-260 -9.86766 -0.835584,
					-260 -9.93362 -0.843392,
					-260 -10 -0.846,
					-260 -10.0664 -0.843392,
					-260 -10.1323 -0.835584,
					-260 -10.1975 -0.822625,
					-260 -10.2614 -0.804594,
					-260 -10.3238 -0.781602,
					-260 -10.3841 -0.753792,
					-260 -10.442 -0.721334,
					-260 -10.4973 -0.684428,
					-260 -10.5494 -0.643303,
					-260 -10.5982 -0.598212,
					-260 -10.6433 -0.549433,
					-260 -10.6844 -0.497266,
					-260 -10.7213 -0.442034,
					-260 -10.7538 -0.384076,
					-260 -10.7816 -0.32375,
					-260 -10.8046 -0.261428,
					-260 -10.8226 -0.197495,
					-260 -10.8356 -0.132344,
					-260 -10.8434 -0.0663764,
					-260 -10.846 1.5765e-14,
					-260 -10.8434 0.0663764,
					-260 -10.8356 0.132344,
					-260 -10.8226 0.197495,
					-260 -10.8046 0.261428,
					-260 -10.7816 0.32375,
					-260 -10.7538 0.384076,
					-260 -10.7213 0.442034,
					-260 -10.6844 0.497266,
					-260 -10.6433 0.549433,
					-260 -10.5982 0.598212,
					-260 -10.5494 0.643303,
					-260 -10.4973 0.684428,
					-260 -10.442 0.721334,
					-260 -10.3841 0.753792,
					-260 -10.3238 0.781602,
					-260 -10.2614 0.804594,
					-260 -10.1975 0.822625,
					-260 -10.1323 0.835584,
					-260 -10.0664 0.843392,
					260 -10 0.846,
					260 -9.93362 0.843392,
					260 -9.86766 0.835584,
					260 -9.80251 0.822625,
					260 -9.73857 0.804594,
					260 -9.67625 0.781602,
					260 -9.61592 0.753792,
					260 -9.55797 0.721334,
					260 -9.50273 0.684428,
					260 -9.45057 0.643303,
					260 -9.40179 0.598212,
					260 -9.3567 0.549433,
					260 -9.31557 0.497266,
					260 -9.27867 0.442034,
					260 -9.24621 0.384076,
					260 -9.2184 0.32375,
					260 -9.19541 0.261428,
					260 -9.17738 0.197495,
					260 -9.16442 0.132344,
					260 -9.15661 0.0663764,
					260 -9.154 -1.58686e-14,
					260 -9.15661 -0.0663764,
					260 -9.16442 -0.132344,
					260 -9.17738 -0.197495,
					260 -9.19541 -0.261428,
					260 -9.2184 -0.32375,
					260 -9.24621 -0.384076,
					260 -9.27867 -0.442034,
					260 -9.31557 -0.497266,
					260 -9.3567 -0.549433,
					260 -9.40179 -0.598212,
					260 -9.45057 -0.643303,
					260 -9.50273 -0.684428,
					260 -9.55797 -0.721334,
					260 -9.61592 -0.753792,
					260 -9.67625 -0.781602,
					260 -9.73857 -0.804594,
					260 -9.80251 -0.822625,
					260 -9.86766 -0.835584,
					260 -9.93362 -0.843392,
					260 -10 -0.846,
					260 -10.0664 -0.843392,
					260 -10.1323 -0.835584,
					260 -10.1975 -0.822625,
					260 -10.2614 -0.804594,
					260 -10.3238 -0.781602,
					260 -10.3841 -0.753792,
					260 -10.442 -0.721334,
					260 -10.4973 -0.684428,
					260 -10.5494 -0.643303,
					260 -10.5982 -0.598212,
					260 -10.6433 -0.549433,
					260 -10.6844 -0.497266,
					260 -10.7213 -0.442034,
					260 -10.7538 -0.384076,
					260 -10.7816 -0.32375,
					260 -10.8046 -0.261428,
					260 -10.8226 -0.197495,
					260 -10.8356 -0.132344,
					260 -10.8434 -0.0663764,
					260 -10.846 -1.60758e-14,
					260 -10.8434 0.0663764,
					260 -10.8356 0.132344,
					260 -10.8226 0.197495,
					260 -10.8046 0.261428,
					260 -10.7816 0.32375,
					260 -10.7538 0.384076,
					260 -10.7213 0.442034,
					260 -10.6844 0.497266,
					260 -10.6433 0.549433,
					260 -10.5982 0.598212,
					260 -10.5494 0.643303,
					260 -10.4973 0.684428,
					260 -10.442 0.721334,
					260 -10.3841 0.753792,
					260 -10.3238 0.781602,
					260 -10.2614 0.804594,
					260 -10.1975 0.822625,
					260 -10.1323 0.835584,
					260 -10.0664 0.843392,
					-260 -10 1.59204e-14,
					260 -10 -1.59204e-14,
				]
			}
			coordIndex [
				0, 80, 81, 1, -1,
				1, 81, 82, 2, -1,
				2, 82, 83, 3, -1,
				3, 83, 84, 4, -1,
				4, 84, 85, 5, -1,
				5, 85, 86, 6, -1,
				6, 86, 87, 7, -1,
				7, 87, 88, 8, -1,
				8, 88, 89, 9, -1,
				9, 89, 90, 10, -1,
				10, 90, 91, 11, -1,
				11, 91, 92, 12, -1,
				12, 92, 93, 13, -1,
				13, 93, 94, 14, -1,
				14, 94, 95, 15, -1,
				15, 95, 96, 16, -1,
				16, 96, 97, 17, -1,
				17, 97, 98, 18, -1,
				18, 98, 99, 19, -1,
				19, 99, 100, 20, -1,
				20, 100, 101, 21, -1,
				21, 101, 102, 22, -1,
				22, 102, 103, 23, -1,
				23, 103, 104, 24, -1,
				24, 104, 105, 25, -1,
				25, 105, 106, 26, -1,
				26, 106, 107, 27, -1,
				27, 107, 108, 28, -1,
				28, 108, 109, 29, -1,
				29, 109, 110, 30, -1,
				30, 110, 111, 31, -1,
				31, 111, 112, 32, -1,
				32, 112, 113, 33, -1,
				33, 113, 114, 34, -1,
				34, 114, 115, 35, -1,
				35, 115, 116, 36, -1,
				36, 116, 117, 37, -1,
				37, 117, 118, 38, -1,
				38, 118, 119, 39, -1,
				39, 119, 120, 40, -1,
				40, 120, 121, 41, -1,
				41, 121, 122, 42, -1,
				42, 122, 123, 43, -1,
				43, 123, 124, 44, -1,
				44, 124, 125, 45, -1,
				45, 125, 126, 46, -1,
				46, 126, 127, 47, -1,
				47, 127, 128, 48, -1,
				48, 128, 129, 49, -1,
				49, 129, 130, 50, -1,
				50, 130, 131, 51, -1,
				51, 131, 132, 52, -1,
				52, 132, 133, 53, -1,
				53, 133, 134, 54, -1,
				54, 134, 135, 55, -1,
				55, 135, 136, 56, -1,
				56, 136, 137, 57, -1,
				57, 137, 138, 58, -1,
				58, 138, 139, 59, -1,
				59, 139, 140, 60, -1,
				60, 140, 141, 61, -1,
				61, 141, 142, 62, -1,
				62, 142, 143, 63, -1,
				63, 143, 144, 64, -1,
				64, 144, 145, 65, -1,
				65, 145, 146, 66, -1,
				66, 146, 147, 67, -1,
				67, 147, 148, 68, -1,
				68, 148, 149, 69, -1,
				69, 149, 150, 70, -1,
				70, 150, 151, 71, -1,
				71, 151, 152, 72, -1,
				72, 152, 153, 73, -1,
				73, 153, 154, 74, -1,
				74, 154, 155, 75, -1,
				75, 155, 156, 76, -1,
				76, 156, 157, 77, -1,
				77, 157, 158, 78, -1,
				78, 158, 159, 79, -1,
				79, 159, 80, 0, -1,
				160, 0, 1, -1,
				160, 1, 2, -1,
				160, 2, 3, -1,
				160, 3, 4, -1,
				160, 4, 5, -1,
				160, 5, 6, -1,
				160, 6, 7, -1,
				160, 7, 8, -1,
				160, 8, 9, -1,
				160, 9, 10, -1,
				160, 10, 11, -1,
				160, 11, 12, -1,
				160, 12, 13, -1,
				160, 13, 14, -1,
				160, 14, 15, -1,
				160, 15, 16, -1,
				160, 16, 17, -1,
				160, 17, 18, -1,
				160, 18, 19, -1,
				160, 19, 20, -1,
				160, 20, 21, -1,
				160, 21, 22, -1,
				160, 22, 23, -1,
				160, 23, 24, -1,
				160, 24, 25, -1,
				160, 25, 26, -1,
				160, 26, 27, -1,
				160, 27, 28, -1,
				160, 28, 29, -1,
				160, 29, 30, -1,
				160, 30, 31, -1,
				160, 31, 32, -1,
				160, 32, 33, -1,
				160, 33, 34, -1,
				160, 34, 35, -1,
				160, 35, 36, -1,
				160, 36, 37, -1,
				160, 37, 38, -1,
				160, 38, 39, -1,
				160, 39, 40, -1,
				160, 40, 41, -1,
				160, 41, 42, -1,
				160, 42, 43, -1,
				160, 43, 44, -1,
				160, 44, 45, -1,
				160, 45, 46, -1,
				160, 46, 47, -1,
				160, 47, 48, -1,
				160, 48, 49, -1,
				160, 49, 50, -1,
				160, 50, 51, -1,
				160, 51, 52, -1,
				160, 52, 53, -1,
				160, 53, 54, -1,
				160, 54, 55, -1,
				160, 55, 56, -1,
				160, 56, 57, -1,
				160, 57, 58, -1,
				160, 58, 59, -1,
				160, 59, 60, -1,
				160, 60, 61, -1,
				160, 61, 62, -1,
				160, 62, 63, -1,
				160, 63, 64, -1,
				160, 64, 65, -1,
				160, 65, 66, -1,
				160, 66, 67, -1,
				160, 67, 68, -1,
				160, 68, 69, -1,
				160, 69, 70, -1,
				160, 70, 71, -1,
				160, 71, 72, -1,
				160, 72, 73, -1,
				160, 73, 74, -1,
				160, 74, 75, -1,
				160, 75, 76, -1,
				160, 76, 77, -1,
				160, 77, 78, -1,
				160, 78, 79, -1,
				160, 79, 0, -1,
				80, 161, 81, -1,
				81, 161, 82, -1,
				82, 161, 83, -1,
				83, 161, 84, -1,
				84, 161, 85, -1,
				85, 161, 86, -1,
				86, 161, 87, -1,
				87, 161, 88, -1,
				88, 161, 89, -1,
				89, 161, 90, -1,
				90, 161, 91, -1,
				91, 161, 92, -1,
				92, 161, 93, -1,
				93, 161, 94, -1,
				94, 161, 95, -1,
				95, 161, 96, -1,
				96, 161, 97, -1,
				97, 161, 98, -1,
				98, 161, 99, -1,
				99, 161, 100, -1,
				100, 161, 101, -1,
				101, 161, 102, -1,
				102, 161, 103, -1,
				103, 161, 104, -1,
				104, 161, 105, -1,
				105, 161, 106, -1,
				106, 161, 107, -1,
				107, 161, 108, -1,
				108, 161, 109, -1,
				109, 161, 110, -1,
				110, 161, 111, -1,
				111, 161, 112, -1,
				112, 161, 113, -1,
				113, 161, 114, -1,
				114, 161, 115, -1,
				115, 161, 116, -1,
				116, 161, 117, -1,
				117, 161, 118, -1,
				118, 161, 119, -1,
				119, 161, 120, -1,
				120, 161, 121, -1,
				121, 161, 122, -1,
				122, 161, 123, -1,
				123, 161, 124, -1,
				124, 161, 125, -1,
				125, 161, 126, -1,
				126, 161, 127, -1,
				127, 161, 128, -1,
				128, 161, 129, -1,
				129, 161, 130, -1,
				130, 161, 131, -1,
				131, 161, 132, -1,
				132, 161, 133, -1,
				133, 161, 134, -1,
				134, 161, 135, -1,
				135, 161, 136, -1,
				136, 161, 137, -1,
				137, 161, 138, -1,
				138, 161, 139, -1,
				139, 161, 140, -1,
				140, 161, 141, -1,
				141, 161, 142, -1,
				142, 161, 143, -1,
				143, 161, 144, -1,
				144, 161, 145, -1,
				145, 161, 146, -1,
				146, 161, 147, -1,
				147, 161, 148, -1,
				148, 161, 149, -1,
				149, 161, 150, -1,
				150, 161, 151, -1,
				151, 161, 152, -1,
				152, 161, 153, -1,
				153, 161, 154, -1,
				154, 161, 155, -1,
				155, 161, 156, -1,
				156, 161, 157, -1,
				157, 161, 158, -1,
				158, 161, 159, -1,
				159, 161, 80, -1,
			]
			solid FALSE
		}
	}
#---------- SOLID: Sensor_F2_PlusX:2
	Shape {
		appearance Appearance {
			material Material {
				diffuseColor 1 1 1
			}
		}
		geometry IndexedFaceSet {
			coord Coordinate {
				point [
					260.01 -10 0.9,
					260.01 -9.92939 0.897226,
					260.01 -9.85921 0.88892,
					260.01 -9.7899 0.875133,
					260.01 -9.72188 0.855951,
					260.01 -9.65558 0.831492,
					260.01 -9.59141 0.801906,
					260.01 -9.52975 0.767376,
					260.01 -9.47099 0.728115,
					260.01 -9.4155 0.684365,
					260.01 -9.3636 0.636396,
					260.01 -9.31563 0.584503,
					260.01 -9.27188 0.529007,
					260.01 -9.23262 0.470249,
					260.01 -9.19809 0.408591,
					260.01 -9.16851 0.344415,
					260.01 -9.14405 0.278115,
					260.01 -9.12487 0.210101,
					260.01 -9.11108 0.140791,
					260.01 -9.10277 0.0706132,
					260.01 -9.1 5.81707e-17,
					260.01 -9.10277 -0.0706132,
					260.01 -9.11108 -0.140791,
					260.01 -9.12487 -0.210101,
					260.01 -9.14405 -0.278115,
					260.01 -9.16851 -0.344415,
					260.01 -9.19809 -0.408591,
					260.01 -9.23262 -0.470249,
					260.01 -9.27188 -0.529007,
					260.01 -9.31563 -0.584503,
					260.01 -9.3636 -0.636396,
					260.01 -9.4155 -0.684365,
					260.01 -9.47099 -0.728115,
					260.01 -9.52975 -0.767376,
					260.01 -9.59141 -0.801906,
					260.01 -9.65558 -0.831492,
					260.01 -9.72188 -0.855951,
					260.01 -9.7899 -0.875133,
					260.01 -9.85921 -0.88892,
					260.01 -9.92939 -0.897226,
					260.01 -10 -0.9,
					260.01 -10.0706 -0.897226,
					260.01 -10.1408 -0.88892,
					260.01 -10.2101 -0.875133,
					260.01 -10.2781 -0.855951,
					260.01 -10.3444 -0.831492,
					260.01 -10.4086 -0.801906,
					260.01 -10.4702 -0.767376,
					260.01 -10.529 -0.728115,
					260.01 -10.5845 -0.684365,
					260.01 -10.6364 -0.636396,
					260.01 -10.6844 -0.584503,
					260.01 -10.7281 -0.529007,
					260.01 -10.7674 -0.470249,
					260.01 -10.8019 -0.408591,
					260.01 -10.8315 -0.344415,
					260.01 -10.856 -0.278115,
					260.01 -10.8751 -0.210101,
					260.01 -10.8889 -0.140791,
					260.01 -10.8972 -0.0706132,
					260.01 -10.9 -1.62266e-16,
					260.01 -10.8972 0.0706132,
					260.01 -10.8889 0.140791,
					260.01 -10.8751 0.210101,
					260.01 -10.856 0.278115,
					260.01 -10.8315 0.344415,
					260.01 -10.8019 0.408591,
					260.01 -10.7674 0.470249,
					260.01 -10.7281 0.529007,
					260.01 -10.6844 0.584503,
					260.01 -10.6364 0.636396,
					260.01 -10.5845 0.684365,
					260.01 -10.529 0.728115,
					260.01 -10.4702 0.767376,
					260.01 -10.4086 0.801906,
					260.01 -10.3444 0.831492,
					260.01 -10.2781 0.855951,
					260.01 -10.2101 0.875133,
					260.01 -10.1408 0.88892,
					260.01 -10.0706 0.897226,
					260.11 -10 0.9,
					260.11 -9.92939 0.897226,
					260.11 -9.85921 0.88892,
					260.11 -9.7899 0.875133,
					260.11 -9.72188 0.855951,
					260.11 -9.65558 0.831492,
					260.11 -9.59141 0.801906,
					260.11 -9.52975 0.767376,
					260.11 -9.47099 0.728115,
					260.11 -9.4155 0.684365,
					260.11 -9.3636 0.636396,
					260.11 -9.31563 0.584503,
					260.11 -9.27188 0.529007,
					260.11 -9.23262 0.470249,
					260.11 -9.19809 0.408591,
					260.11 -9.16851 0.344415,
					260.11 -9.14405 0.278115,
					260.11 -9.12487 0.210101,
					260.11 -9.11108 0.140791,
					260.11 -9.10277 0.0706132,
					260.11 -9.1 5.20475e-17,
					260.11 -9.10277 -0.0706132,
					260.11 -9.11108 -0.140791,
					260.11 -9.12487 -0.210101,
					260.11 -9.14405 -0.278115,
					260.11 -9.16851 -0.344415,
					260.11 -9.19809 -0.408591,
					260.11 -9.23262 -0.470249,
					260.11 -9.27188 -0.529007,
					260.11 -9.31563 -0.584503,
					260.11 -9.3636 -0.636396,
					260.11 -9.4155 -0.684365,
					260.11 -9.47099 -0.728115,
					260.11 -9.52975 -0.767376,
					260.11 -9.59141 -0.801906,
					260.11 -9.65558 -0.831492,
					260.11 -9.72188 -0.855951,
					260.11 -9.7899 -0.875133,
					260.11 -9.85921 -0.88892,
					260.11 -9.92939 -0.897226,
					260.11 -10 -0.9,
					260.11 -10.0706 -0.897226,
					260.11 -10.1408 -0.88892,
					260.11 -10.2101 -0.875133,
					260.11 -10.2781 -0.855951,
					260.11 -10.3444 -0.831492,
					260.11 -10.4086 -0.801906,
					260.11 -10.4702 -0.767376,
					260.11 -10.529 -0.728115,
					260.11 -10.5845 -0.684365,
					260.11 -10.6364 -0.636396,
					260.11 -10.6844 -0.584503,
					260.11 -10.7281 -0.529007,
					260.11 -10.7674 -0.470249,
					260.11 -10.8019 -0.408591,
					260.11 -10.8315 -0.344415,
					260.11 -10.856 -0.278115,
					260.11 -10.8751 -0.210101,
					260.11 -10.8889 -0.140791,
					260.11 -10.8972 -0.0706132,
					260.11 -10.9 -1.68389e-16,
					260.11 -10.8972 0.0706132,
					260.11 -10.8889 0.140791,
					260.11 -10.8751 0.210101,
					260.11 -10.856 0.278115,
					260.11 -10.8315 0.344415,
					260.11 -10.8019 0.408591,
					260.11 -10.7674 0.470249,
					260.11 -10.7281 0.529007,
					260.11 -10.6844 0.584503,
					260.11 -10.6364 0.636396,
					260.11 -10.5845 0.684365,
					260.11 -10.529 0.728115,
					260.11 -10.4702 0.767376,
					260.11 -10.4086 0.801906,
					260.11 -10.3444 0.831492,
					260.11 -10.2781 0.855951,
					260.11 -10.2101 0.875133,
					260.11 -10.1408 0.88892,
					260.11 -10.0706 0.897226,
					260.01 -10 3.06162e-18,
					260.11 -10 -3.06162e-18,
				]
			}
			coordIndex [
				0, 80, 81, 1, -1,
				1, 81, 82, 2, -1,
				2, 82, 83, 3, -1,
				3, 83, 84, 4, -1,
				4, 84, 85, 5, -1,
				5, 85, 86, 6, -1,
				6, 86, 87, 7, -1,
				7, 87, 88, 8, -1,
				8, 88, 89, 9, -1,
				9, 89, 90, 10, -1,
				10, 90, 91, 11, -1,
				11, 91, 92, 12, -1,
				12, 92, 93, 13, -1,
				13, 93, 94, 14, -1,
				14, 94, 95, 15, -1,
				15, 95, 96, 16, -1,
				16, 96, 97, 17, -1,
				17, 97, 98, 18, -1,
				18, 98, 99, 19, -1,
				19, 99, 100, 20, -1,
				20, 100, 101, 21, -1,
				21, 101, 102, 22, -1,
				22, 102, 103, 23, -1,
				23, 103, 104, 24, -1,
				24, 104, 105, 25, -1,
				25, 105, 106, 26, -1,
				26, 106, 107, 27, -1,
				27, 107, 108, 28, -1,
				28, 108, 109, 29, -1,
				29, 109, 110, 30, -1,
				30, 110, 111, 31, -1,
				31, 111, 112, 32, -1,
				32, 112, 113, 33, -1,
				33, 113, 114, 34, -1,
				34, 114, 115, 35, -1,
				35, 115, 116, 36, -1,
				36, 116, 117, 37, -1,
				37, 117, 118, 38, -1,
				38, 118, 119, 39, -1,
				39, 119, 120, 40, -1,
				40, 120, 121, 41, -1,
				41, 121, 122, 42, -1,
				42, 122, 123, 43, -1,
				43, 123, 124, 44, -1,
				44, 124, 125, 45, -1,
				45, 125, 126, 46, -1,
				46, 126, 127, 47, -1,
				47, 127, 128, 48, -1,
				48, 128, 129, 49, -1,
				49, 129, 130, 50, -1,
				50, 130, 131, 51, -1,
				51, 131, 132, 52, -1,
				52, 132, 133, 53, -1,
				53, 133, 134, 54, -1,
				54, 134, 135, 55, -1,
				55, 135, 136, 56, -1,
				56, 136, 137, 57, -1,
				57, 137, 138, 58, -1,
				58, 138, 139, 59, -1,
				59, 139, 140, 60, -1,
				60, 140, 141, 61, -1,
				61, 141, 142, 62, -1,
				62, 142, 143, 63, -1,
				63, 143, 144, 64, -1,
				64, 144, 145, 65, -1,
				65, 145, 146, 66, -1,
				66, 146, 147, 67, -1,
				67, 147, 148, 68, -1,
				68, 148, 149, 69, -1,
				69, 149, 150, 70, -1,
				70, 150, 151, 71, -1,
				71, 151, 152, 72, -1,
				72, 152, 153, 73, -1,
				73, 153, 154, 74, -1,
				74, 154, 155, 75, -1,
				75, 155, 156, 76, -1,
				76, 156, 157, 77, -1,
				77, 157, 158, 78, -1,
				78, 158, 159, 79, -1,
				79, 159, 80, 0, -1,
				160, 0, 1, -1,
				160, 1, 2, -1,
				160, 2, 3, -1,
				160, 3, 4, -1,
				160, 4, 5, -1,
				160, 5, 6, -1,
				160, 6, 7, -1,
				160, 7, 8, -1,
				160, 8, 9, -1,
				160, 9, 10, -1,
				160, 10, 11, -1,
				160, 11, 12, -1,
				160, 12, 13, -1,
				160, 13, 14, -1,
				160, 14, 15, -1,
				160, 15, 16, -1,
				160, 16, 17, -1,
				160, 17, 18, -1,
				160, 18, 19, -1,
				160, 19, 20, -1,
				160, 20, 21, -1,
				160, 21, 22, -1,
				160, 22, 23, -1,
				160, 23, 24, -1,
				160, 24, 25, -1,
				160, 25, 26, -1,
				160, 26, 27, -1,
				160, 27, 28, -1,
				160, 28, 29, -1,
				160, 29, 30, -1,
				160, 30, 31, -1,
				160, 31, 32, -1,
				160, 32, 33, -1,
				160, 33, 34, -1,
				160, 34, 35, -1,
				160, 35, 36, -1,
				160, 36, 37, -1,
				160, 37, 38, -1,
				160, 38, 39, -1,
				160, 39, 40, -1,
				160, 40, 41, -1,
				160, 41, 42, -1,
				160, 42, 43, -1,
				160, 43, 44, -1,
				160, 44, 45, -1,
				160, 45, 46, -1,
				160, 46, 47, -1,
				160, 47, 48, -1,
				160, 48, 49, -1,
				160, 49, 50, -1,
				160, 50, 51, -1,
				160, 51, 52, -1,
				160, 52, 53, -1,
				160, 53, 54, -1,
				160, 54, 55, -1,
				160, 55, 56, -1,
				160, 56, 57, -1,
				160, 57, 58, -1,
				160, 58, 59, -1,
				160, 59, 60, -1,
				160, 60, 61, -1,
				160, 61, 62, -1,
				160, 62, 63, -1,
				160, 63, 64, -1,
				160, 64, 65, -1,
				160, 65, 66, -1,
				160, 66, 67, -1,
				160, 67, 68, -1,
				160, 68, 69, -1,
				160, 69, 70, -1,
				160, 70, 71, -1,
				160, 71, 72, -1,
				160, 72, 73, -1,
				160, 73, 74, -1,
				160, 74, 75, -1,
				160, 75, 76, -1,
				160, 76, 77, -1,
				160, 77, 78, -1,
				160, 78, 79, -1,
				160, 79, 0, -1,
				80, 161, 81, -1,
				81, 161, 82, -1,
				82, 161, 83, -1,
				83, 161, 84, -1,
				84, 161, 85, -1,
				85, 161, 86, -1,
				86, 161, 87, -1,
				87, 161, 88, -1,
				88, 161, 89, -1,
				89, 161, 90, -1,
				90, 161, 91, -1,
				91, 161, 92, -1,
				92, 161, 93, -1,
				93, 161, 94, -1,
				94, 161, 95, -1,
				95, 161, 96, -1,
				96, 161, 97, -1,
				97, 161, 98, -1,
				98, 161, 99, -1,
				99, 161, 100, -1,
				100, 161, 101, -1,
				101, 161, 102, -1,
				102, 161, 103, -1,
				103, 161, 104, -1,
				104, 161, 105, -1,
				105, 161, 106, -1,
				106, 161, 107, -1,
				107, 161, 108, -1,
				108, 161, 109, -1,
				109, 161, 110, -1,
				110, 161, 111, -1,
				111, 161, 112, -1,
				112, 161, 113, -1,
				113, 161, 114, -1,
				114, 161, 115, -1,
				115, 161, 116, -1,
				116, 161, 117, -1,
				117, 161, 118, -1,
				118, 161, 119, -1,
				119, 161, 120, -1,
				120, 161, 121, -1,
				121, 161, 122, -1,
				122, 161, 123, -1,
				123, 161, 124, -1,
				124, 161, 125, -1,
				125, 161, 126, -1,
				126, 161, 127, -1,
				127, 161, 128, -1,
				128, 161, 129, -1,
				129, 161, 130, -1,
				130, 161, 131, -1,
				131, 161, 132, -1,
				132, 161, 133, -1,
				133, 161, 134, -1,
				134, 161, 135, -1,
				135, 161, 136, -1,
				136, 161, 137, -1,
				137, 161, 138, -1,
				138, 161, 139, -1,
				139, 161, 140, -1,
				140, 161, 141, -1,
				141, 161, 142, -1,
				142, 161, 143, -1,
				143, 161, 144, -1,
				144, 161, 145, -1,
				145, 161, 146, -1,
				146, 161, 147, -1,
				147, 161, 148, -1,
				148, 161, 149, -1,
				149, 161, 150, -1,
				150, 161, 151, -1,
				151, 161, 152, -1,
				152, 161, 153, -1,
				153, 161, 154, -1,
				154, 161, 155, -1,
				155, 161, 156, -1,
				156, 161, 157, -1,
				157, 161, 158, -1,
				158, 161, 159, -1,
				159, 161, 80, -1,
			]
			solid FALSE
		}
	}
#---------- SOLID: Sensor_F2_MinusX:3
	Shape {
		appearance Appearance {
			material Material {
				diffuseColor 1 1 1
			}
		}
		geometry IndexedFaceSet {
			coord Coordinate {
				point [
					-260.11 -10 0.9,
					-260.11 -9.92939 0.897226,
					-260.11 -9.85921 0.88892,
					-260.11 -9.7899 0.875133,
					-260.11 -9.72188 0.855951,
					-260.11 -9.65558 0.831492,
					-260.11 -9.59141 0.801906,
					-260.11 -9.52975 0.767376,
					-260.11 -9.47099 0.728115,
					-260.11 -9.4155 0.684365,
					-260.11 -9.3636 0.636396,
					-260.11 -9.31563 0.584503,
					-260.11 -9.27188 0.529007,
					-260.11 -9.23262 0.470249,
					-260.11 -9.19809 0.408591,
					-260.11 -9.16851 0.344415,
					-260.11 -9.14405 0.278115,
					-260.11 -9.12487 0.210101,
					-260.11 -9.11108 0.140791,
					-260.11 -9.10277 0.0706132,
					-260.11 -9.1 5.81707e-17,
					-260.11 -9.10277 -0.0706132,
					-260.11 -9.11108 -0.140791,
					-260.11 -9.12487 -0.210101,
					-260.11 -9.14405 -0.278115,
					-260.11 -9.16851 -0.344415,
					-260.11 -9.19809 -0.408591,
					-260.11 -9.23262 -0.470249,
					-260.11 -9.27188 -0.529007,
					-260.11 -9.31563 -0.584503,
					-260.11 -9.3636 -0.636396,
					-260.11 -9.4155 -0.684365,
					-260.11 -9.47099 -0.728115,
					-260.11 -9.52975 -0.767376,
					-260.11 -9.59141 -0.801906,
					-260.11 -9.65558 -0.831492,
					-260.11 -9.72188 -0.855951,
					-260.11 -9.7899 -0.875133,
					-260.11 -9.85921 -0.88892,
					-260.11 -9.92939 -0.897226,
					-260.11 -10 -0.9,
					-260.11 -10.0706 -0.897226,
					-260.11 -10.1408 -0.88892,
					-260.11 -10.2101 -0.875133,
					-260.11 -10.2781 -0.855951,
					-260.11 -10.3444 -0.831492,
					-260.11 -10.4086 -0.801906,
					-260.11 -10.4702 -0.767376,
					-260.11 -10.529 -0.728115,
					-260.11 -10.5845 -0.684365,
					-260.11 -10.6364 -0.636396,
					-260.11 -10.6844 -0.584503,
					-260.11 -10.7281 -0.529007,
					-260.11 -10.7674 -0.470249,
					-260.11 -10.8019 -0.408591,
					-260.11 -10.8315 -0.344415,
					-260.11 -10.856 -0.278115,
					-260.11 -10.8751 -0.210101,
					-260.11 -10.8889 -0.140791,
					-260.11 -10.8972 -0.0706132,
					-260.11 -10.9 -1.62266e-16,
					-260.11 -10.8972 0.0706132,
					-260.11 -10.8889 0.140791,
					-260.11 -10.8751 0.210101,
					-260.11 -10.856 0.278115,
					-260.11 -10.8315 0.344415,
					-260.11 -10.8019 0.408591,
					-260.11 -10.7674 0.470249,
					-260.11 -10.7281 0.529007,
					-260.11 -10.6844 0.584503,
					-260.11 -10.6364 0.636396,
					-260.11 -10.5845 0.684365,
					-260.11 -10.529 0.728115,
					-260.11 -10.4702 0.767376,
					-260.11 -10.4086 0.801906,
					-260.11 -10.3444 0.831492,
					-260.11 -10.2781 0.855951,
					-260.11 -10.2101 0.875133,
					-260.11 -10.1408 0.88892,
					-260.11 -10.0706 0.897226,
					-260.01 -10 0.9,
					-260.01 -9.92939 0.897226,
					-260.01 -9.85921 0.88892,
					-260.01 -9.7899 0.875133,
					-260.01 -9.72188 0.855951,
					-260.01 -9.65558 0.831492,
					-260.01 -9.59141 0.801906,
					-260.01 -9.52975 0.767376,
					-260.01 -9.47099 0.728115,
					-260.01 -9.4155 0.684365,
					-260.01 -9.3636 0.636396,
					-260.01 -9.31563 0.584503,
					-260.01 -9.27188 0.529007,
					-260.01 -9.23262 0.470249,
					-260.01 -9.19809 0.408591,
					-260.01 -9.16851 0.344415,
					-260.01 -9.14405 0.278115,
					-260.01 -9.12487 0.210101,
					-260.01 -9.11108 0.140791,
					-260.01 -9.10277 0.0706132,
					-260.01 -9.1 5.20475e-17,
					-260.01 -9.10277 -0.0706132,
					-260.01 -9.11108 -0.140791,
					-260.01 -9.12487 -0.210101,
					-260.01 -9.14405 -0.278115,
					-260.01 -9.16851 -0.344415,
					-260.01 -9.19809 -0.408591,
					-260.01 -9.23262 -0.470249,
					-260.01 -9.27188 -0.529007,
					-260.01 -9.31563 -0.584503,
					-260.01 -9.3636 -0.636396,
					-260.01 -9.4155 -0.684365,
					-260.01 -9.47099 -0.728115,
					-260.01 -9.52975 -0.767376,
					-260.01 -9.59141 -0.801906,
					-260.01 -9.65558 -0.831492,
					-260.01 -9.72188 -0.855951,
					-260.01 -9.7899 -0.875133,
					-260.01 -9.85921 -0.88892,
					-260.01 -9.92939 -0.897226,
					-260.01 -10 -0.9,
					-260.01 -10.0706 -0.897226,
					-260.01 -10.1408 -0.88892,
					-260.01 -10.2101 -0.875133,
					-260.01 -10.2781 -0.855951,
					-260.01 -10.3444 -0.831492,
					-260.01 -10.4086 -0.801906,
					-260.01 -10.4702 -0.767376,
					-260.01 -10.529 -0.728115,
					-260.01 -10.5845 -0.684365,
					-260.01 -10.6364 -0.636396,
					-260.01 -10.6844 -0.584503,
					-260.01 -10.7281 -0.529007,
					-260.01 -10.7674 -0.470249,
					-260.01 -10.8019 -0.408591,
					-260.01 -10.8315 -0.344415,
					-260.01 -10.856 -0.278115,
					-260.01 -10.8751 -0.210101,
					-260.01 -10.8889 -0.140791,
					-260.01 -10.8972 -0.0706132,
					-260.01 -10.9 -1.68389e-16,
					-260.01 -10.8972 0.0706132,
					-260.01 -10.8889 0.140791,
					-260.01 -10.8751 0.210101,
					-260.01 -10.856 0.278115,
					-260.01 -10.8315 0.344415,
					-260.01 -10.8019 0.408591,
					-260.01 -10.7674 0.470249,
					-260.01 -10.7281 0.529007,
					-260.01 -10.6844 0.584503,
					-260.01 -10.6364 0.636396,
					-260.01 -10.5845 0.684365,
					-260.01 -10.529 0.728115,
					-260.01 -10.4702 0.767376,
					-260.01 -10.4086 0.801906,
					-260.01 -10.3444 0.831492,
					-260.01 -10.2781 0.855951,
					-260.01 -10.2101 0.875133,
					-260.01 -10.1408 0.88892,
					-260.01 -10.0706 0.897226,
					-260.11 -10 3.06162e-18,
					-260.01 -10 -3.06162e-18,
				]
			}
			coordIndex [
				0, 80, 81, 1, -1,
				1, 81, 82, 2, -1,
				2, 82, 83, 3, -1,
				3, 83, 84, 4, -1,
				4, 84, 85, 5, -1,
				5, 85, 86, 6, -1,
				6, 86, 87, 7, -1,
				7, 87, 88, 8, -1,
				8, 88, 89, 9, -1,
				9, 89, 90, 10, -1,
				10, 90, 91, 11, -1,
				11, 91, 92, 12, -1,
				12, 92, 93, 13, -1,
				13, 93, 94, 14, -1,
				14, 94, 95, 15, -1,
				15, 95, 96, 16, -1,
				16, 96, 97, 17, -1,
				17, 97, 98, 18, -1,
				18, 98, 99, 19, -1,
				19, 99, 100, 20, -1,
				20, 100, 101, 21, -1,
				21, 101, 102, 22, -1,
				22, 102, 103, 23, -1,
				23, 103, 104, 24, -1,
				24, 104, 105, 25, -1,
				25, 105, 106, 26, -1,
				26, 106, 107, 27, -1,
				27, 107, 108, 28, -1,
				28, 108, 109, 29, -1,
				29, 109, 110, 30, -1,
				30, 110, 111, 31, -1,
				31, 111, 112, 32, -1,
				32, 112, 113, 33, -1,
				33, 113, 114, 34, -1,
				34, 114, 115, 35, -1,
				35, 115, 116, 36, -1,
				36, 116, 117, 37, -1,
				37, 117, 118, 38, -1,
				38, 118, 119, 39, -1,
				39, 119, 120, 40, -1,
				40, 120, 121, 41, -1,
				41, 121, 122, 42, -1,
				42, 122, 123, 43, -1,
				43, 123, 124, 44, -1,
				44, 124, 125, 45, -1,
				45, 125, 126, 46, -1,
				46, 126, 127, 47, -1,
				47, 127, 128, 48, -1,
				48, 128, 129, 49, -1,
				49, 129, 130, 50, -1,
				50, 130, 131, 51, -1,
				51, 131, 132, 52, -1,
				52, 132, 133, 53, -1,
				53, 133, 134, 54, -1,
				54, 134, 135, 55, -1,
				55, 135, 136, 56, -1,
				56, 136, 137, 57, -1,
				57, 137, 138, 58, -1,
				58, 138, 139, 59, -1,
				59, 139, 140, 60, -1,
				60, 140, 141, 61, -1,
				61, 141, 142, 62, -1,
				62, 142, 143, 63, -1,
				63, 143, 144, 64, -1,
				64, 144, 145, 65, -1,
				65, 145, 146, 66, -1,
				66, 146, 147, 67, -1,
				67, 147, 148, 68, -1,
				68, 148, 149, 69, -1,
				69, 149, 150, 70, -1,
				70, 150, 151, 71, -1,
				71, 151, 152, 72, -1,
				72, 152, 153, 73, -1,
				73, 153, 154, 74, -1,
				74, 154, 155, 75, -1,
				75, 155, 156, 76, -1,
				76, 156, 157, 77, -1,
				77, 157, 158, 78, -1,
				78, 158, 159, 79, -1,
				79, 159, 80, 0, -1,
				160, 0, 1, -1,
				160, 1, 2, -1,
				160, 2, 3, -1,
				160, 3, 4, -1,
				160, 4, 5, -1,
				160, 5, 6, -1,
				160, 6, 7, -1,
				160, 7, 8, -1,
				160, 8, 9, -1,
				160, 9, 10, -1,
				160, 10, 11, -1,
				160, 11, 12, -1,
				160, 12, 13, -1,
				160, 13, 14, -1,
				160, 14, 15, -1,
				160, 15, 16, -1,
				160, 16, 17, -1,
				160, 17, 18, -1,
				160, 18, 19, -1,
				160, 19, 20, -1,
				160, 20, 21, -1,
				160, 21, 22, -1,
				160, 22, 23, -1,
				160, 23, 24, -1,
				160, 24, 25, -1,
				160, 25, 26, -1,
				160, 26, 27, -1,
				160, 27, 28, -1,
				160, 28, 29, -1,
				160, 29, 30, -1,
				160, 30, 31, -1,
				160, 31, 32, -1,
				160, 32, 33, -1,
				160, 33, 34, -1,
				160, 34, 35, -1,
				160, 35, 36, -1,
				160, 36, 37, -1,
				160, 37, 38, -1,
				160, 38, 39, -1,
				160, 39, 40, -1,
				160, 40, 41, -1,
				160, 41, 42, -1,
				160, 42, 43, -1,
				160, 43, 44, -1,
				160, 44, 45, -1,
				160, 45, 46, -1,
				160, 46, 47, -1,
				160, 47, 48, -1,
				160, 48, 49, -1,
				160, 49, 50, -1,
				160, 50, 51, -1,
				160, 51, 52, -1,
				160, 52, 53, -1,
				160, 53, 54, -1,
				160, 54, 55, -1,
				160, 55, 56, -1,
				160, 56, 57, -1,
				160, 57, 58, -1,
				160, 58, 59, -1,
				160, 59, 60, -1,
				160, 60, 61, -1,
				160, 61, 62, -1,
				160, 62, 63, -1,
				160, 63, 64, -1,
				160, 64, 65, -1,
				160, 65, 66, -1,
				160, 66, 67, -1,
				160, 67, 68, -1,
				160, 68, 69, -1,
				160, 69, 70, -1,
				160, 70, 71, -1,
				160, 71, 72, -1,
				160, 72, 73, -1,
				160, 73, 74, -1,
				160, 74, 75, -1,
				160, 75, 76, -1,
				160, 76, 77, -1,
				160, 77, 78, -1,
				160, 78, 79, -1,
				160, 79, 0, -1,
				80, 161, 81, -1,
				81, 161, 82, -1,
				82, 161, 83, -1,
				83, 161, 84, -1,
				84, 161, 85, -1,
				85, 161, 86, -1,
				86, 161, 87, -1,
				87, 161, 88, -1,
				88, 161, 89, -1,
				89, 161, 90, -1,
				90, 161, 91, -1,
				91, 161, 92, -1,
				92, 161, 93, -1,
				93, 161, 94, -1,
				94, 161, 95, -1,
				95, 161, 96, -1,
				96, 161, 97, -1,
				97, 161, 98, -1,
				98, 161, 99, -1,
				99, 161, 100, -1,
				100, 161, 101, -1,
				101, 161, 102, -1,
				102, 161, 103, -1,
				103, 161, 104, -1,
				104, 161, 105, -1,
				105, 161, 106, -1,
				106, 161, 107, -1,
				107, 161, 108, -1,
				108, 161, 109, -1,
				109, 161, 110, -1,
				110, 161, 111, -1,
				111, 161, 112, -1,
				112, 161, 113, -1,
				113, 161, 114, -1,
				114, 161, 115, -1,
				115, 161, 116, -1,
				116, 161, 117, -1,
				117, 161, 118, -1,
				118, 161, 119, -1,
				119, 161, 120, -1,
				120, 161, 121, -1,
				121, 161, 122, -1,
				122, 161, 123, -1,
				123, 161, 124, -1,
				124, 161, 125, -1,
				125, 161, 126, -1,
				126, 161, 127, -1,
				127, 161, 128, -1,
				128, 161, 129, -1,
				129, 161, 130, -1,
				130, 161, 131, -1,
				131, 161, 132, -1,
				132, 161, 133, -1,
				133, 161, 134, -1,
				134, 161, 135, -1,
				135, 161, 136, -1,
				136, 161, 137, -1,
				137, 161, 138, -1,
				138, 161, 139, -1,
				139, 161, 140, -1,
				140, 161, 141, -1,
				141, 161, 142, -1,
				142, 161, 143, -1,
				143, 161, 144, -1,
				144, 161, 145, -1,
				145, 161, 146, -1,
				146, 161, 147, -1,
				147, 161, 148, -1,
				148, 161, 149, -1,
				149, 161, 150, -1,
				150, 161, 151, -1,
				151, 161, 152, -1,
				152, 161, 153, -1,
				153, 161, 154, -1,
				154, 161, 155, -1,
				155, 161, 156, -1,
				156, 161, 157, -1,
				157, 161, 158, -1,
				158, 161, 159, -1,
				159, 161, 80, -1,
			]
			solid FALSE
		}
	}
#End of file.
