method,roc_auc,roc_auc_ci_low,roc_auc_ci_high,average_precision,ap_ci_low,ap_ci_high,brier,brier_ci_low,brier_ci_high,notes
amplitude-binned constrained template,0.5816471702887042,0.5715400795978519,0.5909919973026909,0.5539643293760542,0.5457116698327438,0.5667869592440625,0.2444306334546244,0.24231077955981653,0.24629698601906058,Fold-local amplitude-binned constrained two-pulse template score; thresholds chosen from a fixed grid on training runs.
direct D_t/curvature cross-check,0.5095635892731883,0.5002107598856744,0.5206677714420849,0.5561269702324521,0.5495460947828037,0.5648120446830439,0.2432349298551189,0.24215462527693185,0.24474154114400723,"Not label-defining here; label is injected truth, not D_t."
shape-only RF,0.8544126054446305,0.8296460199631193,0.8801549178963158,0.8683681251905708,0.8443172363193023,0.8947367934639971,0.15937472914192624,0.1424347679468427,0.17654236528588166,"Best params={'n_estimators': 500, 'max_depth': 7, 'min_samples_leaf': 10}; excludes timing, run, pair id, injection params, amplitudes, topology flags."
