heldout_run,threshold,train_balanced_accuracy,train_auc,n_train,n_test,n_template_bins,n_fallback_bins,median_train_secondary_fraction
58,0.16,0.5849858356940509,0.587132996457363,4236,74,12,0,0.1353321185285591
59,0.16,0.5793103448275863,0.5830568767340468,3480,830,12,0,0.13093433187571588
60,0.16,0.5807759119861031,0.5816350821735513,3454,856,12,0,0.13276909934779213
61,0.2,0.5868863049095607,0.5923434589267472,3096,1214,12,0,0.146467663482568
62,0.12,0.5847262247838616,0.5871655773239542,3470,840,12,0,0.1363834977034756
63,0.12,0.5823559408465069,0.5867675667354306,3922,388,12,0,0.13483517896647224
65,0.16,0.5837696335078535,0.5862348588113682,4202,108,12,0,0.13464035369129398
