var_B2,cov_B2_B4,cov_B2_B6,cov_B2_B8,var_B4,cov_B4_B6,cov_B4_B8,var_B6,cov_B6_B8,var_B8,offdiag_rmse_ns2,n_offdiag_covariances,method,scope,B2_variance_minus_downstream_mean_ns2
166.49683479425633,-100.69633583500887,-113.32088299742682,-118.9764514310692,34.24361594229799,21.32323918991803,10.885864386582094,35.0676057732538,21.86243224950282,43.11407731041274,10.425928471050666,15,raw_pair_median,event_level_pooled,129.02173511893483
5.406073118904252,-3.3338201205391313,-3.812148070303272,-3.6661780629561016,0.7865100083947294,0.9346203899653752,0.8261797105023141,0.7862407618257521,1.3050461564498785,0.7674761002118549,1.4412970960248406,15,raw_pair_median,run_median_level,4.625997495426806
