method,n_pairs,n_selected,selected_fraction,high_risk_precision,high_risk_enrichment,tail_precision,tail_enrichment,tail_rate_after_exclusion,kept_pair_fraction,median_log_amp_delta_selected,max_pair_share_selected
shape_atom_1,2178,53,0.024334251606978878,0.8867924528301887,3.7503572082799046,0.11320754716981132,2.182000333945567,0.050352941176470586,0.9756657483930211,-0.08233807401146453,0.6415094339622641
shape_atom_4,2178,67,0.03076216712580349,0.8507462686567164,3.5979133458918997,0.1044776119402985,2.0137366266015055,0.0502131691141639,0.9692378328741965,-0.18576899053106288,0.4925373134328358
shape_atom_0,2178,380,0.17447199265381083,0.8263157894736842,3.4945937659683186,0.11842105263157894,2.2824871914299023,0.03781979977753059,0.8255280073461891,-0.15256433846254325,0.4710526315789474
shape_atom_3,2178,53,0.024334251606978878,0.8113207547169812,3.431177871405019,0.11320754716981132,2.182000333945567,0.050352941176470586,0.9756657483930211,-0.05867928690844515,0.5471698113207547
shape_atom_2,2178,145,0.06657483930211203,0.8,3.3833009708737865,0.15172413793103448,2.924382056759231,0.04476143630103296,0.933425160697888,-0.14449921448377712,0.5448275862068965
