{
  "study": "S05c",
  "ticket": "1781009478.9969.16fe02b4",
  "worker": "testbeam-laptop-3",
  "title": "Hierarchical B-stack run/stave covariance model",
  "reproduced": true,
  "traditional": {
    "method": "pair-median centered CFD20 residuals plus hierarchical run/stave covariance matching",
    "metric": "heldout sigma68 residual width ns",
    "value": 2.0818359213706255,
    "ci": [
      1.7858721890580027,
      7.532615106729814
    ]
  },
  "ml": {
    "method": "leave-run-out ExtraTrees residual model using waveform-only B-stack features",
    "metric": "heldout sigma68 residual width ns",
    "value": 1.4489202792678824,
    "ci": [
      1.3141560816503401,
      1.9574440923761656
    ]
  },
  "traditional_pair_covariance": {
    "B2_containing_mean_abs_cov_ns2": 1041.840074907271,
    "B2_containing_ci": [
      748.0831570619991,
      1311.9119638747977
    ],
    "downstream_mean_abs_cov_ns2": 15.98821500999724,
    "downstream_ci": [
      4.757995407732066,
      37.12793607865683
    ]
  },
  "stave_covariance_decomposition": [
    {
      "var_B2": 166.4968348880903,
      "cov_B2_B4": -100.6963357602919,
      "cov_B2_B6": -113.32088296519441,
      "cov_B2_B8": -118.97645138462588,
      "var_B4": 34.243615997897976,
      "cov_B4_B6": 21.32323920303348,
      "cov_B4_B8": 10.885864413908402,
      "var_B6": 35.06760574388471,
      "cov_B6_B8": 21.86243223434458,
      "var_B8": 43.11407730946536,
      "offdiag_rmse_ns2": 10.425928471050659,
      "n_offdiag_covariances": 15,
      "method": "raw_pair_median",
      "scope": "event_level_pooled",
      "B2_variance_minus_downstream_mean_ns2": 129.02173520434093
    },
    {
      "var_B2": 5.406073122349574,
      "cov_B2_B4": -3.3338201190327323,
      "cov_B2_B6": -3.8121480685065956,
      "cov_B2_B8": -3.6661780624916895,
      "var_B4": 0.7865100079622028,
      "cov_B4_B6": 0.934620389823127,
      "cov_B4_B8": 0.8261797090277989,
      "var_B6": 0.7862407619737818,
      "cov_B6_B8": 1.3050461552656407,
      "var_B8": 0.7674760976953492,
      "offdiag_rmse_ns2": 1.441297096024839,
      "n_offdiag_covariances": 15,
      "method": "raw_pair_median",
      "scope": "run_median_level",
      "B2_variance_minus_downstream_mean_ns2": 4.625997499805797
    },
    {
      "var_B2": 51.4605818891252,
      "cov_B2_B4": -36.897215014653035,
      "cov_B2_B6": -29.38735630645162,
      "cov_B2_B8": -36.63659252577708,
      "var_B4": 30.347933271804965,
      "cov_B4_B6": -4.225561351087069,
      "cov_B4_B8": -19.57309010378831,
      "var_B6": 19.148182552846855,
      "cov_B6_B8": -4.683447477548917,
      "var_B8": 30.446565062616312,
      "offdiag_rmse_ns2": 5.863434630196444,
      "n_offdiag_covariances": 15,
      "method": "traditional_hier_ridge",
      "scope": "event_level_pooled",
      "B2_variance_minus_downstream_mean_ns2": 24.813021593369154
    },
    {
      "var_B2": 0.9297575722229527,
      "cov_B2_B4": -1.2135054077105043,
      "cov_B2_B6": -0.30000191740703025,
      "cov_B2_B8": -0.34600782241065964,
      "var_B4": 1.2012045039431998,
      "cov_B4_B6": 0.26301516473940983,
      "cov_B4_B8": -1.4519187684576798,
      "var_B6": -0.06535798363240834,
      "cov_B6_B8": 0.16770271892900893,
      "var_B8": 0.815111934949177,
      "offdiag_rmse_ns2": 0.7859210499933418,
      "n_offdiag_covariances": 15,
      "method": "traditional_hier_ridge",
      "scope": "run_median_level",
      "B2_variance_minus_downstream_mean_ns2": 0.2794380871362966
    },
    {
      "var_B2": 8.485482435625524,
      "cov_B2_B4": -5.337195054305467,
      "cov_B2_B6": -5.812855704053525,
      "cov_B2_B8": -5.820914121292986,
      "var_B4": 5.063237112889679,
      "cov_B4_B6": -1.857852783900455,
      "cov_B4_B8": -2.9314263901062905,
      "var_B6": 3.909263805035522,
      "cov_B6_B8": -0.1478191245152727,
      "var_B8": 4.450079810468267,
      "offdiag_rmse_ns2": 1.0306441825655475,
      "n_offdiag_covariances": 15,
      "method": "ml_extra_trees",
      "scope": "event_level_pooled",
      "B2_variance_minus_downstream_mean_ns2": 4.0112888594943685
    },
    {
      "var_B2": 0.04127275757330787,
      "cov_B2_B4": -0.00661610958446728,
      "cov_B2_B6": -0.03632361346457195,
      "cov_B2_B8": -0.03960579208185758,
      "var_B4": 0.055515293702961384,
      "cov_B4_B6": -0.05499008197172156,
      "cov_B4_B8": -0.049424395921194034,
      "var_B6": 0.03761722734588408,
      "cov_B6_B8": 0.016079240791463598,
      "var_B8": 0.03647547351657434,
      "offdiag_rmse_ns2": 0.04056596933000369,
      "n_offdiag_covariances": 15,
      "method": "ml_extra_trees",
      "scope": "run_median_level",
      "B2_variance_minus_downstream_mean_ns2": -0.0019299072818320662
    }
  ],
  "ml_minus_traditional_delta": [
    {
      "comparison": "ml_minus_raw_pair_median_sigma68",
      "delta_ns": -0.6329156421027431,
      "ci_low_ns": -8.271423162422188,
      "ci_high_ns": -0.4509051264045104,
      "p_two_sided": 0.0
    },
    {
      "comparison": "ml_minus_ridge_nuisance_sigma68",
      "delta_ns": -6.29615025618239,
      "ci_low_ns": -7.656492455275239,
      "ci_high_ns": -5.7835349461172845,
      "p_two_sided": 0.0
    }
  ],
  "finding": "Raw CFD20 covariance is strongly B2/topology dominated; ExtraTrees gives a leakage-checked residual-width reduction, but the covariance decomposition still shows B2 as the dominant local component.",
  "leakage": [
    {
      "check": "run_split_event_overlap",
      "value": 0.0,
      "pass": true,
      "interpretation": "train and held-out event ids are disjoint because whole runs are held out"
    },
    {
      "check": "ml_features_exclude_forbidden_columns",
      "value": 1.0,
      "pass": true,
      "interpretation": "ML inputs exclude run, event, time_ns, raw residual, target residual, and pair-derived timing labels"
    },
    {
      "check": "actual_ml_sigma68_ns",
      "value": 1.4489202792678824,
      "pass": true,
      "interpretation": "nominal leave-run-out ML residual width"
    },
    {
      "check": "shuffled_train_target_ml_sigma68_ns",
      "value": 4.491792519692246,
      "pass": true,
      "interpretation": "target permutation inside train folds should not reproduce the nominal ML width"
    },
    {
      "check": "intentional_target_echo_sigma68_ns",
      "value": 0.0,
      "pass": true,
      "interpretation": "positive leakage sentinel; a leaked target would be unrealistically narrow"
    }
  ],
  "input_sha256": "reports/1781009478.9969.16fe02b4/input_sha256.csv",
  "git_commit": "15fbbe5ae7be3d70dd9267299d80c1e72a4bc64d"
}
