path,sha256,bytes
reports/1781033528.1397.05213c6c__s16g_forced_random_truth_benchmark/head_to_head_benchmark.csv,48eb0d9bc5792bdd39d34c23eabd1068ff2f6a414ccbf11a8e4c3277f41560bd,9158
reports/1781033528.1397.05213c6c__s16g_forced_random_truth_benchmark/fold_metrics.csv,b0b380f97f7544c470cfc7c68aec3772b2b5770ef168820be3b797ad4c128056,30979
reports/1781033528.1397.05213c6c__s16g_forced_random_truth_benchmark/leakage_checks.csv,f3c653125e660fc503e4d24615fa42c003492e82b091de45e606356eeff4bcb4,737
reports/1781033528.1397.05213c6c__s16g_forced_random_truth_benchmark/result.json,0ff85cc978c1e6e6fd817fe386f0448f83a786042de3f13ae0f6985dd6bad43c,33961
configs/s16i_1781034306_1188_0470572e_prepost_tagged_random_ingest.json,dabc382cb14fbf1cef87ef3440634220926ce63658bdba76fbf9439bde968d0e,3424
scripts/s16i_1781034306_1188_0470572e_prepost_tagged_random_ingest.py,8f1cf6c6551b8ff9210168e379bf33c7892e218f7240116bcc40b5606929eda3,22785
