{
  "caveat": "No post-ingest tagged-random truth rows are visible; the named method winner is proxy-continuity only.",
  "direct_adaptive_pedestal_truth": {
    "bias_delta_adc": null,
    "reason": "current mirror has zero strict forced/random candidates and zero non-beam B-stack rows",
    "status": "blocked_missing_tagged_random_truth",
    "winner": "none_no_direct_tagged_random_truth"
  },
  "git_commit": "dcbb6a346363e6d1f5ea625254f62bffc9757d69",
  "leakage_checks_pass": true,
  "methods": [
    {
      "auc": 0.7011703035598982,
      "auc_ci_high": 0.7629099736999925,
      "auc_ci_low": 0.6562952651400938,
      "average_precision": 0.0506435053264315,
      "average_precision_ci_high": 0.0847839048775056,
      "average_precision_ci_low": 0.0335078113670661,
      "method": "traditional_quantile",
      "sigma68_after_ns": 1.564926134079283,
      "sigma68_after_ns_ci_high": 1.608194957344634,
      "sigma68_after_ns_ci_low": 1.5168287072502626,
      "tail_capture": 0.3160919540229885,
      "tail_capture_ci_high": 0.4227448739922553,
      "tail_capture_ci_low": 0.2415025091753426,
      "tail_fraction_after": 0.0115410726408689,
      "tail_fraction_after_ci_high": 0.0147436289113516,
      "tail_fraction_after_ci_low": 0.0070905691255209,
      "timing_efficiency": 0.8997382198952879,
      "timing_efficiency_ci_high": 0.9175388150883562,
      "timing_efficiency_ci_low": 0.8806790712034943
    },
    {
      "auc": 0.7315568469530962,
      "auc_ci_high": 0.8350822800049197,
      "auc_ci_low": 0.6462730642128109,
      "average_precision": 0.148636130236924,
      "average_precision_ci_high": 0.2726013291090577,
      "average_precision_ci_low": 0.0735581512371921,
      "method": "ridge",
      "sigma68_after_ns": 1.5608343926734525,
      "sigma68_after_ns_ci_high": 1.6181460340578937,
      "sigma68_after_ns_ci_low": 1.5202734410175185,
      "tail_capture": 0.4885057471264368,
      "tail_capture_ci_high": 0.6658033573141483,
      "tail_capture_ci_low": 0.3547147995889003,
      "tail_fraction_after": 0.0086340706247574,
      "tail_fraction_after_ci_high": 0.011961510268789,
      "tail_fraction_after_ci_low": 0.0044465341054488,
      "timing_efficiency": 0.8994764397905759,
      "timing_efficiency_ci_high": 0.9111088636728298,
      "timing_efficiency_ci_low": 0.8893481189523682
    },
    {
      "auc": 0.7469324216148172,
      "auc_ci_high": 0.7928650976610216,
      "auc_ci_low": 0.6859408361132637,
      "average_precision": 0.2476960991796785,
      "average_precision_ci_high": 0.346119646061196,
      "average_precision_ci_low": 0.1467205847798262,
      "method": "gradient_boosted_trees",
      "sigma68_after_ns": 1.62649556852736,
      "sigma68_after_ns_ci_high": 1.6689102131128537,
      "sigma68_after_ns_ci_low": 1.570355972065391,
      "tail_capture": 0.5172413793103449,
      "tail_capture_ci_high": 0.6160773787486116,
      "tail_capture_ci_low": 0.4018752245044574,
      "tail_fraction_after": 0.0081759781973914,
      "tail_fraction_after_ci_high": 0.0108444972677194,
      "tail_fraction_after_ci_low": 0.0049474651357236,
      "timing_efficiency": 0.8965095986038394,
      "timing_efficiency_ci_high": 0.9054158750652392,
      "timing_efficiency_ci_low": 0.8861545944323664
    },
    {
      "auc": 0.7123905927596188,
      "auc_ci_high": 0.7931053208237955,
      "auc_ci_low": 0.6516008112824845,
      "average_precision": 0.2483671179838908,
      "average_precision_ci_high": 0.3607042999803418,
      "average_precision_ci_low": 0.1485466032933514,
      "method": "mlp",
      "sigma68_after_ns": 1.645667518774144,
      "sigma68_after_ns_ci_high": 1.6990777623072972,
      "sigma68_after_ns_ci_low": 1.584433916358962,
      "tail_capture": 0.4827586206896552,
      "tail_capture_ci_high": 0.6205538839179665,
      "tail_capture_ci_low": 0.407046568627451,
      "tail_fraction_after": 0.0087404098281052,
      "tail_fraction_after_ci_high": 0.0114293337894466,
      "tail_fraction_after_ci_low": 0.0052823887256264,
      "timing_efficiency": 0.8985165794066318,
      "timing_efficiency_ci_high": 0.9117853749000356,
      "timing_efficiency_ci_low": 0.8842258407480655
    },
    {
      "auc": 0.722008856461367,
      "auc_ci_high": 0.7913523517175245,
      "auc_ci_low": 0.6577604899359374,
      "average_precision": 0.3218106079802303,
      "average_precision_ci_high": 0.4811415333120353,
      "average_precision_ci_low": 0.2020695679536383,
      "method": "1d_cnn",
      "sigma68_after_ns": 1.6061839490116112,
      "sigma68_after_ns_ci_high": 1.682445012203357,
      "sigma68_after_ns_ci_low": 1.544848575319812,
      "tail_capture": 0.5114942528735632,
      "tail_capture_ci_high": 0.6294319600499376,
      "tail_capture_ci_low": 0.3976070244196563,
      "tail_fraction_after": 0.0081801559041478,
      "tail_fraction_after_ci_high": 0.0113013401883195,
      "tail_fraction_after_ci_low": 0.0040556724981587,
      "timing_efficiency": 0.9067190226876092,
      "timing_efficiency_ci_high": 0.934834673815907,
      "timing_efficiency_ci_low": 0.881550230873712
    },
    {
      "auc": 0.7418671490056851,
      "auc_ci_high": 0.8080905751968342,
      "auc_ci_low": 0.660749564874503,
      "average_precision": 0.3087145793201901,
      "average_precision_ci_high": 0.432968937761313,
      "average_precision_ci_low": 0.2088444258418608,
      "method": "siamese_cnn_meta",
      "sigma68_after_ns": 1.606667043042256,
      "sigma68_after_ns_ci_high": 1.6699298037734682,
      "sigma68_after_ns_ci_low": 1.5577100234492125,
      "tail_capture": 0.5114942528735632,
      "tail_capture_ci_high": 0.6499999999999997,
      "tail_capture_ci_low": 0.3864650974025974,
      "tail_fraction_after": 0.0082572372255682,
      "tail_fraction_after_ci_high": 0.0115760973170134,
      "tail_fraction_after_ci_low": 0.0045631532446914,
      "timing_efficiency": 0.8982547993019198,
      "timing_efficiency_ci_high": 0.912582068487344,
      "timing_efficiency_ci_low": 0.8822345504832992
    }
  ],
  "ml_beats_traditional_proxy": true,
  "ml_methods": [
    {
      "auc": 0.7315568469530962,
      "auc_ci_high": 0.8350822800049197,
      "auc_ci_low": 0.6462730642128109,
      "average_precision": 0.148636130236924,
      "average_precision_ci_high": 0.2726013291090577,
      "average_precision_ci_low": 0.0735581512371921,
      "method": "ridge",
      "sigma68_after_ns": 1.5608343926734525,
      "sigma68_after_ns_ci_high": 1.6181460340578937,
      "sigma68_after_ns_ci_low": 1.5202734410175185,
      "tail_capture": 0.4885057471264368,
      "tail_capture_ci_high": 0.6658033573141483,
      "tail_capture_ci_low": 0.3547147995889003,
      "tail_fraction_after": 0.0086340706247574,
      "tail_fraction_after_ci_high": 0.011961510268789,
      "tail_fraction_after_ci_low": 0.0044465341054488,
      "timing_efficiency": 0.8994764397905759,
      "timing_efficiency_ci_high": 0.9111088636728298,
      "timing_efficiency_ci_low": 0.8893481189523682
    },
    {
      "auc": 0.7469324216148172,
      "auc_ci_high": 0.7928650976610216,
      "auc_ci_low": 0.6859408361132637,
      "average_precision": 0.2476960991796785,
      "average_precision_ci_high": 0.346119646061196,
      "average_precision_ci_low": 0.1467205847798262,
      "method": "gradient_boosted_trees",
      "sigma68_after_ns": 1.62649556852736,
      "sigma68_after_ns_ci_high": 1.6689102131128537,
      "sigma68_after_ns_ci_low": 1.570355972065391,
      "tail_capture": 0.5172413793103449,
      "tail_capture_ci_high": 0.6160773787486116,
      "tail_capture_ci_low": 0.4018752245044574,
      "tail_fraction_after": 0.0081759781973914,
      "tail_fraction_after_ci_high": 0.0108444972677194,
      "tail_fraction_after_ci_low": 0.0049474651357236,
      "timing_efficiency": 0.8965095986038394,
      "timing_efficiency_ci_high": 0.9054158750652392,
      "timing_efficiency_ci_low": 0.8861545944323664
    },
    {
      "auc": 0.7123905927596188,