sentinel,average_precision,roc_auc,average_precision_ci_low,average_precision_ci_high,roc_auc_ci_low,roc_auc_ci_high
q_template_only_sentinel,0.9670305753442145,0.6702621754276598,0.9461859625376458,0.9862662406774133,0.6457887056960006,0.7058589586678214
shuffled_risk_sentinel,0.9257738115127544,0.5001004025091635,0.8548530652883414,0.9675360542442595,0.4497845577412017,0.5133710814324616
topology_only_sentinel,0.9179222853189211,0.45061195579092694,0.8508717579048791,0.9623705801189119,0.40532265825351493,0.4594268974069278
charge_only_sentinel,0.9164638729340948,0.4400187418017106,0.8662422458693723,0.9560489082469168,0.30196932138709076,0.4799354240921839
run_only_sentinel,0.883835392827646,0.29177218920428266,0.8315091131655639,0.9677044996368178,0.2722189633957235,0.5251318176777856
