epoch,training_loss
1,0.40045074820518495
2,0.37909026741981505
3,0.35729392170906066
