method,metric,value,ci_low,ci_high,n_pair_residuals,median_ns,sigma68_ns,full_rms_ns,tail_frac_abs_gt5ns,core_sigma_ns,chi2_ndf
s02_template_phase_base,heldout pairwise sigma68 ns,2.889152765080617,2.6391527650806132,3.1391527650806132,198,-3.8304301157923035,2.889152765080617,2.576694889725475,0.050505050505050504,0.4426909975832632,3.2136307740985623
analytic_timewalk,heldout pairwise sigma68 ns,1.494640076269676,1.3465222319920906,1.643752816710253,198,1.1792291919174431,1.494640076269676,1.6991283591200679,0.005050505050505051,1.2611520207092368,2.037184517544924
ml_ridge_on_template_phase,heldout pairwise sigma68 ns,1.3915306248207993,1.297450084249719,1.5957417825093732,198,1.1761088386044989,1.3915306248207993,1.6723194659399532,0.005050505050505051,1.4291972467063663,2.0103806852588044
