component,run,feature,coefficient_ns_per_raw_unit,standardized_coefficient_ns
population,-1,stave_B4,-3.056536020947367,-1.4408648982352106
population,-1,stave_B6,1.390137173741316,0.6553169482213198
population,-1,stave_B8,1.6663988472150097,0.7855479500181141
population,-1,log_amp,-1.792099447776546,-0.5856533323377024
population,-1,inv_amp_1000,-2.7960689752475933,-0.3903656984388056
population,-1,inv_sqrt_amp_1000,-1.2113308998170804,-0.12662753416513145
