atom_type,atom_value,method,family,n_events,n_pair_residuals,sigma68_ns,full_rms_ns,bias_median_ns,tail_frac_global_traditional_p95,ci_low,ci_high,delta_vs_traditional_ns,delta_ci_low,delta_ci_high,tail_risk_ratio_vs_traditional,tail_risk_ratio_ci_low,tail_risk_ratio_ci_high
amplitude_atom,amp_high,hgb_no_samples_0_3,ml,1082,3246,1.229794404285681,2.345835023072982,-0.5803252383055266,0.0292667898952557,1.1742466931297844,1.2749259894017109,-0.6628584523446921,-0.7498166090138431,-0.5891534087415758,0.45893719806763283,0.36491679831490265,0.5619678401217509
amplitude_atom,amp_high,hgb_full,ml,1082,3246,1.2411892214951115,2.340347213711587,-0.584043918693812,0.028034504004929142,1.197845924868641,1.2986222835498478,-0.6514636351352616,-0.7445935721541054,-0.5579553708609255,0.43961352657004826,0.3206374034607488,0.543856206797235
amplitude_atom,amp_high,hgb_only_samples_0_3,ml,1082,3246,1.3040357984012494,2.4269558214235762,-0.5988231108398558,0.0348120764017252,1.2493016561724746,1.3611800869411974,-0.5886170582291237,-0.6704946346714616,-0.4999011085845574,0.5458937198067633,0.4409097094645166,0.6599656357388315
amplitude_atom,amp_high,hgb_run_family_control,run_family_control,1082,3246,1.3324703545292875,2.4700222260164346,-0.6551461650676025,0.0348120764017252,1.2781390876770728,1.3984847709866015,-0.5601825021010856,-0.6418807599246897,-0.48063472228398735,0.5458937198067633,0.44655666521927917,0.6418853820598006
amplitude_atom,amp_high,mlp_only_samples_0_3,ml,1082,3246,1.4670434979764706,2.6930777916860897,-0.2649046004979816,0.04066543438077634,1.422134175976482,1.5309597991541848,-0.4256093586539025,-0.5025997843791066,-0.3486946431703703,0.6376811594202898,0.5205342465753425,0.7461016451233842
amplitude_atom,amp_high,cnn1d_full,ml,1082,3246,1.4835160292615646,2.690633664146294,-0.5878690504639543,0.03820086260012323,1.4182301272747133,1.5527361983931467,-0.4091368273688085,-0.5091398153263457,-0.32525905466038385,0.5990338164251208,0.4948925314806774,0.6789522938361948
amplitude_atom,amp_high,mlp_no_samples_0_3,ml,1082,3246,1.4911466244032674,2.741432815475594,-0.47449612772927097,0.03758471965495995,1.419638383069899,1.561304518678994,-0.4015062322271057,-0.49496162030102414,-0.32329034647038574,0.5893719806763285,0.5016130567186906,0.6809740259740259
amplitude_atom,amp_high,cnn1d_only_samples_0_3,ml,1082,3246,1.4948420438905607,2.714698554750624,-0.44591905996960435,0.04251386321626617,1.430020029039164,1.5537824306506665,-0.39781081273981234,-0.48866465980081875,-0.33370461632708864,0.6666666666666666,0.5674987487487487,0.7571032509055136
amplitude_atom,amp_high,ridge_only_samples_0_3,ml,1082,3246,1.5057782302116292,2.688478972059875,-0.7635643010113249,0.035736290819470114,1.4585884343526871,1.5894128827632732,-0.3868746264187439,-0.4606008068670098,-0.29591117176993903,0.5603864734299516,0.4744396021435869,0.658496623286996
amplitude_atom,amp_high,ridge_no_samples_0_3,ml,1082,3246,1.5143535443519378,2.639114853304802,-0.6336440847582665,0.0403573629081947,1.4485328490271645,1.572454984750685,-0.3782993122784353,-0.4689517264927798,-0.3077641856272533,0.6328502415458936,0.5231961235847246,0.7433928914967296
amplitude_atom,amp_high,ridge_run_family_control,run_family_control,1082,3246,1.517460148872014,2.691522217766191,-0.7673512820043165,0.03758471965495995,1.4607487730917377,1.5754055526786102,-0.375192707758359,-0.45451860736574007,-0.30353256311419513,0.5893719806763285,0.4905051974060652,0.6636296082949308
amplitude_atom,amp_high,early_late_gated_full,ml,1082,3246,1.5237749891911179,2.736336940304569,-0.47889706004739807,0.041897720271102896,1.4548809734634578,1.593756881579178,-0.3688778674392552,-0.4465390956806902,-0.29511128742209597,0.6570048309178744,0.5591318785578748,0.7718913078930202
amplitude_atom,amp_high,ridge_full,ml,1082,3246,1.524185751434263,2.633854217525993,-0.5930503140434311,0.039433148490449786,1.4556983182837677,1.5642005925551934,-0.36846710519611015,-0.4688554265248747,-0.28519546146846275,0.6183574879227053,0.5274054018044083,0.7295516882625556
amplitude_atom,amp_high,early_late_gated_only_samples_0_3,ml,1082,3246,1.535181593865156,2.7310312967912482,-0.6359753604322407,0.03758471965495995,1.466888382265615,1.5798144890857524,-0.357471262765217,-0.4445920155622243,-0.28627300745582634,0.5893719806763285,0.48330375840405604,0.6980450350860329
amplitude_atom,amp_high,mlp_full,ml,1082,3246,1.5444964005146935,2.767674577728148,-0.634236146230112,0.041589648798521256,1.4707559063163047,1.61266993265036,-0.3481564561156796,-0.42895764046598733,-0.2574804503971323,0.6521739130434783,0.5465699152542374,0.7394420160101115
amplitude_atom,amp_high,cnn1d_no_samples_0_3,ml,1082,3246,1.5516437343681688,2.722750957260059,-0.6265254503536504,0.04343807763401109,1.4786120261428728,1.6110864907855018,-0.34100912226220426,-0.4276227811520082,-0.2596056611390215,0.6811594202898551,0.5804777742582621,0.7877097635392829
amplitude_atom,amp_high,early_late_gated_no_samples_0_3,ml,1082,3246,1.629989353918762,2.7230256001398487,-0.7075109762893135,0.04528650646950092,1.5544871241904656,1.693624554898796,-0.2626635027116111,-0.34075017480746517,-0.18128353658101148,0.7101449275362318,0.6153690046929643,0.8219836956521738
amplitude_atom,amp_high,s02b_global_template_timewalk,traditional,1082,3246,1.892652856630373,2.967404372657396,1.2789935035821607,0.06377079482439926,1.8141320219911388,1.9878355028077357,0.0,0.0,0.0,1.0,1.0,1.0
amplitude_atom,amp_low,hgb_no_samples_0_3,ml,987,2961,1.140091177284608,1.278567899124005,-0.6676082639448779,0.007767646065518406,1.090932221406081,1.1869017179515493,-0.5079545160396839,-0.5847513952533663,-0.4411348444530174,0.18699186991869918,0.07859457020997375,0.27820781461851346
amplitude_atom,amp_low,hgb_full,ml,987,2961,1.1522996641958023,1.2813756627291095,-0.6657813314365626,0.008780817291455589,1.0987282292807894,1.1995012391838722,-0.49574602912848964,-0.570975559510319,-0.4318268058719843,0.21138211382113817,0.10825657894736841,0.31667524808088365
amplitude_atom,amp_low,hgb_only_samples_0_3,ml,987,2961,1.199803910430004,1.3091732407665442,-0.6205458042747054,0.009456264775413711,1.142970907109754,1.2597264507408712,-0.44824178289428795,-0.5310650798137089,-0.38105733486418025,0.22764227642276422,0.124609375,0.3125679347826087
amplitude_atom,amp_low,hgb_run_family_control,run_family_control,987,2961,1.199911523592722,1.3073557122168553,-0.6857024962021612,0.008105369807497468,1.1465340249954235,1.2458365897539332,-0.44813416973156994,-0.5077312019025912,-0.3923623549652137,0.1951219512195122,0.11883877840909089,0.2982826747720363
amplitude_atom,amp_low,mlp_no_samples_0_3,ml,987,2961,1.334941205186069,1.4469069242606014,-0.30674725678506576,0.015535292131036813,1.2543873638623169,1.406099649647717,-0.313104488138223,-0.39357021216675253,-0.21795965407685516,0.37398373983739835,0.24783819628647213,0.5467898322851151
amplitude_atom,amp_low,ridge_full,ml,987,2961,1.3371250925236808,1.4039014196648907,-0.6826740241698204,0.010131712259371834,1.2949112306875228,1.4011023954654165,-0.3109206008006111,-0.3890520727939244,-0.23882235853605238,0.24390243902439024,0.1641433547103052,0.3445692295609832
amplitude_atom,amp_low,cnn1d_no_samples_0_3,ml,987,2961,1.3502058493048352,1.4630327837730381,-0.06970963653683526,0.021614319486659914,1.2983412532598109,1.4147831750235673,-0.29783984401945673,-0.3626914705675818,-0.2119874146351634,0.5203252032520325,0.34851471656976746,0.6837512723234935
amplitude_atom,amp_low,ridge_no_samples_0_3,ml,987,2961,1.3737277107750616,1.431019351073777,-0.5913374585631814,0.010469436001350895,1.3211139114700783,1.4327331312537703,-0.27431798254923034,-0.34457132940070734,-0.19377597257397697,0.25203252032520324,0.15649219079780496,0.3500106837606837
amplitude_atom,amp_low,cnn1d_full,ml,987,2961,1.3833958452564517,1.4656801750079222,-0.1667686965918378,0.017561634582911177,1.3283423602545368,1.4497392246699998,-0.2646498480678403,-0.34435050643607373,-0.18571849575306723,0.42276422764227634,0.2905516431924883,0.5633991211163363
amplitude_atom,amp_low,cnn1d_only_samples_0_3,ml,987,2961,1.3906812119400578,1.4754222196505629,-0.03413481624224346,0.017561634582911177,1.3231560359427177,1.4597736863572113,-0.2573644813842342,-0.3449787485377239,-0.17398720580726446,0.42276422764227634,0.2731475254183645,0.546878571908828
amplitude_atom,amp_low,ridge_only_samples_0_3,ml,987,2961,1.4251717863012239,1.4861339054832579,-0.5526794223280831,0.014522120905099628,1.3675827965704632,1.4851335827155068,-0.22287390702306809,-0.3002102890772669,-0.1459615112442725,0.3495934959349593,0.22769377487837242,0.4791001400560224
amplitude_atom,amp_low,mlp_only_samples_0_3,ml,987,2961,1.4275324682932289,1.5173411425326404,0.014184920738493645,0.022627490712597096,1.3676689653720755,1.5005437188153696,-0.22051322503106308,-0.3008720319213911,-0.14326914660155118,0.5447154471544715,0.389302374893978,0.7190860215053759
amplitude_atom,amp_low,early_late_gated_only_samples_0_3,ml,987,2961,1.433183332851781,1.5029619864267034,-0.2514964562181774,0.019250253292806486,1.3752896260498226,1.5019798535072229,-0.21486236047251106,-0.2794078658869504,-0.11718472628978906,0.4634146341463415,0.31534506796793305,0.599761728509299
amplitude_atom,amp_low,ridge_run_family_control,run_family_control,987,2961,1.4381098295280523,1.5011778784504644,-0.4447448682651469,0.016548463356973995,1.3765068274166647,1.4863712934052415,-0.20993586379623963,-0.2803624747698946,-0.14584592482470285,0.39837398373983735,0.2461988968202466,0.5335922330097086
amplitude_atom,amp_low,early_late_gated_full,ml,987,2961,1.445149304599648,1.52060070006374,-0.09940209962746849,0.021614319486659914,1.368317977576356,1.5009928235213992,-0.202896388724644,-0.2773386588300966,-0.1159389664188602,0.5203252032520325,0.3635658914728682,0.6943801975051973
amplitude_atom,amp_low,mlp_full,ml,987,2961,1.4543545070375452,1.537683550247071,-0.525506582586182,0.017223910840932118,1.3896596705113702,1.5360785869692921,-0.19369118628674675,-0.2883827423039304,-0.10289718753434172,0.4146341463414634,0.3073308270676692,0.584362643569949
amplitude_atom,amp_low,early_late_gated_no_samples_0_3,ml,987,2961,1.5190439919180323,1.5725607608132577,-0.2856966187850176,0.022965214454576156,1.4588470454556226,1.5788693657984831,-0.12900170140625966,-0.20028100527905376,-0.06164121452749471,0.5528455284552845,0.3885338862667827,0.7445833333333333
amplitude_atom,amp_low,s02b_global_template_timewalk,traditional,987,2961,1.648045693324292,1.7730645564155254,1.3550351310177504,0.04154002026342452,1.5887343754179704,1.7257381252334696,0.0,0.0,0.0,1.0,1.0,1.0
amplitude_atom,amp_mid,hgb_full,ml,1118,3354,1.2393011504809817,1.5543037304209344,-0.5617494279607911,0.01073345259391771,1.1872297433354222,1.2923267827938945,-0.4830334552115654,-0.5579954651283341,-0.4001181754414321,0.24489795918367344,0.14091614906832298,0.33792331086634875
amplitude_atom,amp_mid,hgb_no_samples_0_3,ml,1118,3354,1.2448025646481535,1.5549539099527956,-0.5515264670178723,0.011031604054859869,1.1948960630219558,1.2985132776249981,-0.4775320410443935,-0.5643982863700939,-0.4073893250465574,0.25170068027210885,0.18330241187384044,0.35627153999637207
amplitude_atom,amp_mid,hgb_run_family_control,run_family_control,1118,3354,1.283010303795038,1.6134164285281665,-0.5877310321127318,0.014013118664281454,1.232725681294325,1.3526754161358792,-0.43932430189750904,-0.513868421808861,-0.36278049850505,0.31972789115646255,0.2469634340222576,0.44523225806451605
amplitude_atom,amp_mid,hgb_only_samples_0_3,ml,1118,3354,1.283853907064357,1.6082115547698397,-0.5379428438322762,0.014609421586165773,1.2365358222793892,1.331107827500027,-0.43848069862818995,-0.5047780694710319,-0.3553251340635104,0.3333333333333333,0.21728740409207162,0.434505043396669
amplitude_atom,amp_mid,mlp_no_samples_0_3,ml,1118,3354,1.3765170042517159,1.7036953190958453,-0.38316941788371395,0.021168753726893263,1.321685121616395,1.4348150276327882,-0.3458176014408312,-0.42147869078843603,-0.2678546233176498,0.48299319727891155,0.35476403823178015,0.5798515376458112
amplitude_atom,amp_mid,cnn1d_full,ml,1118,3354,1.379617869950652,1.7041990753414726,-0.34975389514603705,0.018783542039355994,1.311827480170796,1.4273462593696478,-0.342716735741895,-0.43456596820548493,-0.27639083327792574,0.4285714285714286,0.3284605911330049,0.5566330858960763
amplitude_atom,amp_mid,ridge_full,ml,1118,3354,1.395918330789828,1.6615325108097632,-0.6289544156703748,0.016398330351818723,1.3528063543706734,1.452832579963441,-0.3264162749027191,-0.3991083409086583,-0.2473465937684517,0.37414965986394555,0.2796182983682984,0.4905921207832035
amplitude_atom,amp_mid,cnn1d_no_samples_0_3,ml,1118,3354,1.4089991752107571,1.734821911117082,-0.38009305685536177,0.021168753726893263,1.3512136005391564,1.481685239216018,-0.3133354304817899,-0.40389355886796663,-0.24369154839368465,0.48299319727891155,0.3915453203542647,0.6121855381936487
amplitude_atom,amp_mid,cnn1d_only_samples_0_3,ml,1118,3354,1.4181313926914325,1.71946146563721,-0.23382030813274568,0.022361359570661897,1.3573775161554105,1.4961281230411807,-0.3042032130011145,-0.38707712146090295,-0.2257613755848301,0.5102040816326531,0.3995238095238095,0.6317343555739743
amplitude_atom,amp_mid,mlp_only_samples_0_3,ml,1118,3354,1.4192261590024065,1.7184088873780798,-0.09312317536506853,0.020274299344066785,1.3632026141498277,1.4858668405635864,-0.3031084466901406,-0.3894383610419823,-0.22492953768695254,0.4625850340136054,0.3332880434782609,0.5888690561188062
amplitude_atom,amp_mid,early_late_gated_only_samples_0_3,ml,1118,3354,1.4245218676434577,1.7266436571943244,-0.4487010381459271,0.01997614788312463,1.3642278043614946,1.4866063498130009,-0.29781273804908936,-0.3888898995003155,-0.22868797822137735,0.4557823129251701,0.33918964737793855,0.6048757928118392
amplitude_atom,amp_mid,ridge_no_samples_0_3,ml,1118,3354,1.4263230268593299,1.6822681698897388,-0.6340103301501365,0.018783542039355994,1.3812487541215255,1.5050075795955382,-0.29601157883321716,-0.3943561941204648,-0.200282911463402,0.4285714285714286,0.3033509841677364,0.5603389830508472
amplitude_atom,amp_mid,ridge_only_samples_0_3,ml,1118,3354,1.4306475859315937,1.724128428186191,-0.5723806906575177,0.017889087656529516,1.3873338635445671,1.4990142693691053,-0.29168701976095335,-0.3711159218389949,-0.18993229707811612,0.4081632653061224,0.30720444277108433,0.5343781931838673
amplitude_atom,amp_mid,ridge_run_family_control,run_family_control,1118,3354,1.4401938602971094,1.729856253352981,-0.5606290069333042,0.01997614788312463,1.3863121705178558,1.507594602693983,-0.28214074539543765,-0.35958774081620437,-0.19640316263170157,0.4557823129251701,0.3394589552238806,0.6077439024390244
amplitude_atom,amp_mid,early_late_gated_full,ml,1118,3354,1.4565255062675075,1.7493882680436692,-0.18565929233045253,0.022063208109719738,1.39548009957644,1.5220877039619127,-0.2658090994250395,-0.33393741823725687,-0.21004421162729434,0.5034013605442177,0.3999719101123595,0.6243926470588234
amplitude_atom,amp_mid,mlp_full,ml,1118,3354,1.5141930776220311,1.7744413530524337,-0.5191043844672087,0.024448419797257006,1.4515585543815124,1.5604343190688235,-0.2081415280705159,-0.3099405873046832,-0.13643621847922158,0.5578231292517006,0.4351525054466231,0.7419870967741934
amplitude_atom,amp_mid,early_late_gated_no_samples_0_3,ml,1118,3354,1.5293308466421758,1.78226128916538,-0.47992839037798873,0.025044722719141325,1.4605112761917227,1.581344226986006,-0.19300375905037126,-0.28933391925504126,-0.11648054514144367,0.5714285714285714,0.45549782731910066,0.7212028985507242
amplitude_atom,amp_mid,s02b_global_template_timewalk,traditional,1118,3354,1.722334605692547,2.0220000172584744,1.294396845448528,0.04382826475849732,1.658506970000636,1.7891119755612532,0.0,0.0,0.0,1.0,1.0,1.0
anomaly_atom,any_high_risk_atom,hgb_no_samples_0_3,ml,1856,5568,1.3800594247201845,2.101957545623979,-0.4957721725023987,0.024066091954022987,1.333826754880504,1.4183398778991783,-0.528363778231616,-0.5888618074984857,-0.4750729174217241,0.3671232876712328,0.2978477833939668,0.4334152517128388
anomaly_atom,any_high_risk_atom,hgb_full,ml,1856,5568,1.390916008544538,2.098540258155557,-0.5076218578831444,0.022988505747126436,1.3521572486299362,1.4305759496457682,-0.5175071944072624,-0.5662184812921705,-0.46153061255645206,0.35068493150684926,0.28264638704318934,0.4203493494171861
anomaly_atom,any_high_risk_atom,hgb_only_samples_0_3,ml,1856,5568,1.4407739466026157,2.1700131617174265,-0.5157920775814482,0.02819683908045977,1.406327125493362,1.4985027829129294,-0.46764925634918475,-0.5179297462953095,-0.4036554879797565,0.4301369863013698,0.3573462837837838,0.5030104813664596
anomaly_atom,any_high_risk_atom,hgb_run_family_control,run_family_control,1856,5568,1.46718765152909,2.2035313255140854,-0.5619992621239795,0.029094827586206896,1.4229782385224687,1.5288489040457027,-0.4412355514227104,-0.5037368218772739,-0.37820365488018876,0.4438356164383561,0.3751306094285221,0.5195151510488003
anomaly_atom,any_high_risk_atom,mlp_no_samples_0_3,ml,1856,5568,1.57621840503589,2.4277240906058557,-0.3087367595232031,0.035739942528735635,1.529160905663565,1.6179494440362268,-0.3322047979159104,-0.38281282907894915,-0.2753319646985269,0.5452054794520548,0.46605049208386823,0.6363235926085088
anomaly_atom,any_high_risk_atom,ridge_full,ml,1856,5568,1.5808607319994223,2.3172428488176697,-0.605534073080662,0.029992816091954023,1.5404239420721024,1.622029776307611,-0.3275624709523781,-0.383259115224745,-0.2753952512431052,0.4575342465753424,0.37938197602315005,0.5475396505105129
anomaly_atom,any_high_risk_atom,ridge_no_samples_0_3,ml,1856,5568,1.601385845757348,2.332962469892924,-0.6389136457145987,0.03178879310344827,1.5356958934206788,1.6387675393592795,-0.30703735719445246,-0.37546189078391456,-0.24873617207459175,0.484931506849315,0.4084507818875581,0.561688428186983
anomaly_atom,any_high_risk_atom,mlp_only_samples_0_3,ml,1856,5568,1.6423591335896286,2.4279175856394324,-0.16387013672217066,0.03771551724137931,1.5921182849931332,1.6802216573441802,-0.26606406936217186,-0.32541812172951534,-0.21632019713682668,0.5753424657534246,0.501206945950924,0.6695850897266049
anomaly_atom,any_high_risk_atom,cnn1d_no_samples_0_3,ml,1856,5568,1.6436043872817478,2.4323935104090717,-0.4317269033472577,0.03933189655172414,1.5990877697332586,1.686282182099332,-0.2648188156700526,-0.324596103221448,-0.21689190575948522,0.6,0.5217335533319141,0.6824544080165904
anomaly_atom,any_high_risk_atom,cnn1d_full,ml,1856,5568,1.6510514444310473,2.4151839140706755,-0.4059507076584694,0.03556034482758621,1.6061573021289342,1.6969816865766438,-0.2573717585207531,-0.32492372401738345,-0.20010753899823447,0.5424657534246575,0.4633451867982517,0.6211706803406282
anomaly_atom,any_high_risk_atom,cnn1d_only_samples_0_3,ml,1856,5568,1.651812182799072,2.4374610073986624,-0.3202585046628954,0.03915229885057471,1.6152136942035162,1.709448409198739,-0.2566110201527285,-0.3070774600874048,-0.19474854673922568,0.5972602739726026,0.5152267038891029,0.671360272376248
anomaly_atom,any_high_risk_atom,ridge_only_samples_0_3,ml,1856,5568,1.661876690011595,2.413982971547125,-0.6837495714432329,0.033764367816091954,1.6179749562145895,1.707675565288896,-0.24654651294020535,-0.3083040824198597,-0.1941138575310047,0.5150684931506849,0.4605838961685705,0.5730334282473319
anomaly_atom,any_high_risk_atom,ridge_run_family_control,run_family_control,1856,5568,1.6723117455945427,2.420105100053293,-0.7135394363006995,0.03358477011494253,1.6321864975100315,1.7298900796304089,-0.2361114573572578,-0.2904529734894881,-0.17322335892589788,0.5123287671232876,0.4347329394086775,0.6261355912340326
anomaly_atom,any_high_risk_atom,early_late_gated_only_samples_0_3,ml,1856,5568,1.6744903768921624,2.450803861397468,-0.5516959263390753,0.036458333333333336,1.6224673514613863,1.7215976133616915,-0.23393282605963805,-0.3114542514231675,-0.17346077509074193,0.5561643835616439,0.4690781690781692,0.649249203700895
anomaly_atom,any_high_risk_atom,early_late_gated_full,ml,1856,5568,1.706245582484557,2.464823228248988,-0.2917448658583446,0.03987068965517242,1.6556640077048392,1.748471716235247,-0.2021776204672434,-0.26521876258838795,-0.16009183749174694,0.6082191780821918,0.5240786029332665,0.7055398137216318
anomaly_atom,any_high_risk_atom,mlp_full,ml,1856,5568,1.7143915682693214,2.4873248317109296,-0.46661601729959656,0.040229885057471264,1.6613581542665767,1.7710860930697245,-0.19403163468247908,-0.2600777186285236,-0.13656670566229606,0.6136986301369862,0.5397251890625882,0.6884404544199848
anomaly_atom,any_high_risk_atom,early_late_gated_no_samples_0_3,ml,1856,5568,1.7906044168646962,2.4686916117771798,-0.5292334937903469,0.045079022988505746,1.7308662796304546,1.833161767716304,-0.11781878608710428,-0.18804499250426474,-0.055156404684631635,0.6876712328767123,0.5793639705882352,0.7931516384664811
anomaly_atom,any_high_risk_atom,s02b_global_template_timewalk,traditional,1856,5568,1.9084232029518005,2.6664632150657956,1.2150113326985945,0.06555316091954023,1.8640698732045575,1.9536279198541833,0.0,0.0,0.0,1.0,1.0,1.0
anomaly_atom,no_high_risk_atom,hgb_no_samples_0_3,ml,1331,3993,0.9827577323424956,1.2470177088394216,-0.6978770217343779,0.007262709742048585,0.9511934969377235,1.019648342134446,-0.610954624866771,-0.664878428705566,-0.5583353340185773,0.2283464566929134,0.16921534503631963,0.31417365726113927
anomaly_atom,no_high_risk_atom,hgb_full,ml,1331,3993,0.9931524683488451,1.2479037449629566,-0.702544359522939,0.0067618332081141996,0.9577726687553031,1.0422988650500649,-0.6005598888604216,-0.6557495079613848,-0.5437180280664429,0.21259842519685038,0.1330241935483871,0.3315424044734388
anomaly_atom,no_high_risk_atom,hgb_run_family_control,run_family_control,1331,3993,1.0326069067730466,1.2815767174683104,-0.7148355235054638,0.008264462809917356,1.0009379755716807,1.0749757030419644,-0.5611054504362201,-0.612664510545211,-0.4972536489720389,0.2598425196850394,0.16922297297297298,0.34659527559055114
anomaly_atom,no_high_risk_atom,hgb_only_samples_0_3,ml,1331,3993,1.0394164617417778,1.289918821030432,-0.6568608120206534,0.008514901076884547,0.989598246148465,1.0837576946364937,-0.5542958954674888,-0.6117207416186858,-0.4986097481099243,0.26771653543307083,0.1794392523364486,0.3654548006737786
anomaly_atom,no_high_risk_atom,cnn1d_full,ml,1331,3993,1.1456659652560925,1.3394614635888487,-0.3403261306272327,0.009767092411720512,1.111458658746088,1.1929579170551017,-0.4480463919531741,-0.5001515163259772,-0.3880461521243357,0.30708661417322836,0.2135119047619048,0.40569585907497074
anomaly_atom,no_high_risk_atom,cnn1d_only_samples_0_3,ml,1331,3993,1.1628271519001956,1.3477637144487484,-0.19278695411211544,0.010518407212622089,1.1288328952299083,1.2129367920324579,-0.43088520530907104,-0.47654001859431644,-0.36818499141039296,0.33070866141732286,0.22545916317511336,0.41359694857581913
anomaly_atom,no_high_risk_atom,mlp_no_samples_0_3,ml,1331,3993,1.1635226442836857,1.3658324937144193,-0.46098791084444457,0.010518407212622089,1.113470712269486,1.2053839972668179,-0.43018971292558095,-0.475746499521959,-0.3627067142167595,0.33070866141732286,0.2300159872102318,0.4760961642721604
anomaly_atom,no_high_risk_atom,mlp_only_samples_0_3,ml,1331,3993,1.1790570772157676,1.3662617645997865,-0.06362455280731183,0.010017530678687703,1.130834887989318,1.226673867784622,-0.41465527999349905,-0.46035271428951663,-0.35320159610707574,0.31496062992125984,0.2142857142857143,0.45919056811913955
anomaly_atom,no_high_risk_atom,early_late_gated_full,ml,1331,3993,1.191695395704624,1.3804376796020872,-0.23521462729691223,0.010518407212622089,1.1484370609829357,1.236162138652838,-0.4020169615046427,-0.45981513303643057,-0.35962047763577115,0.33070866141732286,0.22991155947422512,0.4924999999999999
anomaly_atom,no_high_risk_atom,early_late_gated_only_samples_0_3,ml,1331,3993,1.1997886291681312,1.3678197886985424,-0.35896850470316366,0.009767092411720512,1.1639277325345874,1.2596000129503906,-0.3939237280411354,-0.4412672990010959,-0.337740476765735,0.30708661417322836,0.20679660169915046,0.44865078320389623
anomaly_atom,no_high_risk_atom,cnn1d_no_samples_0_3,ml,1331,3993,1.2222359627903467,1.3884556972263697,-0.2949740134254881,0.013022789882294014,1.1655161386478892,1.2673793528171504,-0.3714763944189199,-0.4258710695014067,-0.30880796553311196,0.4094488188976378,0.28996728462377314,0.5345199568500537
anomaly_atom,no_high_risk_atom,ridge_only_samples_0_3,ml,1331,3993,1.2259595721295238,1.372852808814971,-0.5904708052468521,0.009015777610818933,1.1835493476457402,1.2644619793321399,-0.36775278507974285,-0.42084400993372467,-0.3145642058490985,0.28346456692913385,0.18379143323996266,0.4206453634085213
anomaly_atom,no_high_risk_atom,ridge_run_family_control,run_family_control,1331,3993,1.2281566905704897,1.3797281308013012,-0.5071884064624612,0.010017530678687703,1.1776788967520362,1.2655849033264004,-0.3655556666387769,-0.4272619296208016,-0.3059864839973184,0.31496062992125984,0.23249639843589215,0.445725178960473
anomaly_atom,no_high_risk_atom,ridge_full,ml,1331,3993,1.2315258817645955,1.3972195827354532,-0.6686920519122239,0.012021036814425245,1.1952131180734535,1.2735742322390766,-0.3621864754446711,-0.41542977661758457,-0.3080002819050286,0.37795275590551186,0.26821415373244645,0.48860439638111386
anomaly_atom,no_high_risk_atom,mlp_full,ml,1331,3993,1.2517748315522188,1.405295891932679,-0.6391878543225928,0.011770598547458051,1.2057580124721998,1.278557064521103,-0.3419375256570478,-0.40522369711028106,-0.2882401631247883,0.3700787401574803,0.25202541361077946,0.5210113622913954
anomaly_atom,no_high_risk_atom,ridge_no_samples_0_3,ml,1331,3993,1.2553595174640413,1.408681176787709,-0.5988679378658048,0.011269722013523666,1.1904858015492263,1.2931386039518025,-0.33835283974522534,-0.41367330191927165,-0.26380178255462855,0.3543307086614173,0.25316901408450704,0.5808115719406041
anomaly_atom,no_high_risk_atom,early_late_gated_no_samples_0_3,ml,1331,3993,1.306041566095121,1.430793627347417,-0.46025415312687556,0.012772351615326822,1.2668322158685716,1.341371114610004,-0.2876707911141456,-0.3404265996815024,-0.23973175631260782,0.4015748031496063,0.2833665780141844,0.5741928769657724
anomaly_atom,no_high_risk_atom,s02b_global_template_timewalk,traditional,1331,3993,1.5937123572092666,1.7369170781614092,1.4358997196292336,0.03180565990483346,1.5497234320076854,1.6357002102396228,0.0,0.0,0.0,1.0,1.0,1.0
baseline_atom,baseline_train_bulk,hgb_no_samples_0_3,ml,3187,9561,1.2082939188719442,1.7955884560476914,-0.5930087176516068,0.016630059617194853,1.1698309352199034,1.2429761179347292,-0.5517252196863993,-0.6075583108014022,-0.4960574101011656,0.33263598326359833,0.27692995122112674,0.38541859720294647
baseline_atom,baseline_train_bulk,hgb_full,ml,3187,9561,1.214319452511004,1.7934916093861077,-0.5987961988454984,0.015897918627758603,1.186092745937859,1.2416828691521957,-0.5456996860473395,-0.5860279786060784,-0.4973341242000053,0.3179916317991632,0.2652105263157895,0.37540543912175633
baseline_atom,baseline_train_bulk,hgb_only_samples_0_3,ml,3187,9561,1.2604656128048397,1.8542927987217992,-0.5865395090445418,0.019663215144859324,1.2352080546434312,1.2865997499320438,-0.49955352575350376,-0.5407972055574013,-0.45038078687372274,0.3933054393305439,0.33886736084696334,0.45621956078986986
baseline_atom,baseline_train_bulk,hgb_run_family_control,run_family_control,3187,9561,1.2706204201349482,1.8746704783567547,-0.6418565331749093,0.019663215144859324,1.2412646857146987,1.3050814044802428,-0.4893987184233952,-0.5391397490803209,-0.4462475087696971,0.3933054393305439,0.321529970166624,0.45178865546218483
baseline_atom,baseline_train_bulk,mlp_no_samples_0_3,ml,3187,9561,1.3988674887424948,2.054405088784942,-0.38417262398053253,0.02489279364083255,1.3729552170596326,1.4371208496316175,-0.3611516498158487,-0.4066937683067474,-0.3133505844845636,0.497907949790795,0.4250039987031233,0.5883884139339033
baseline_atom,baseline_train_bulk,ridge_full,ml,3187,9561,1.4119091490023803,1.9858152913610374,-0.6270020042781397,0.0223825959627654,1.3876048441731748,1.4483466291358298,-0.3481099895559632,-0.39705061954892334,-0.28336334369262134,0.4476987447698745,0.3847197481254402,0.5250170206971677
baseline_atom,baseline_train_bulk,cnn1d_full,ml,3187,9561,1.4267165645634574,2.0362650171633314,-0.3764902055627246,0.02489279364083255,1.3952421085685394,1.458715355866826,-0.33330257399488605,-0.37505741010608395,-0.28506947708093316,0.497907949790795,0.4293137651821862,0.5682786016057633
baseline_atom,baseline_train_bulk,ridge_no_samples_0_3,ml,3187,9561,1.4321621572287284,1.9996032292587773,-0.618572143669553,0.023428511661960045,1.402298793081727,1.456729622621301,-0.32785698132961505,-0.3669089176989628,-0.28054858400359967,0.4686192468619247,0.41791287080258993,0.539860259950165
baseline_atom,baseline_train_bulk,mlp_only_samples_0_3,ml,3187,9561,1.435755647073544,2.0524871290724396,-0.11414647566816427,0.02625248404978559,1.4126565568149667,1.480780650055173,-0.3242634914847995,-0.36052862265821317,-0.2756014262715181,0.5251046025104603,0.45160791775726683,0.6251232762822165
baseline_atom,baseline_train_bulk,cnn1d_only_samples_0_3,ml,3187,9561,1.4397027808911187,2.0539183065442868,-0.2510776134831758,0.027193808179060766,1.4109262830745208,1.4756954657886558,-0.32031635766722477,-0.3584141672013741,-0.2757894071300475,0.5439330543933054,0.4600131397411471,0.6160017392467723
baseline_atom,baseline_train_bulk,cnn1d_no_samples_0_3,ml,3187,9561,1.4561335551561057,2.0617841393776897,-0.3522257323014628,0.028553498588013804,1.4227389536377222,1.483667427442898,-0.3038855834022378,-0.3485329134547727,-0.26723913728044957,0.5711297071129706,0.5007794505758157,0.624781439654154
baseline_atom,baseline_train_bulk,ridge_only_samples_0_3,ml,3187,9561,1.4647991637964974,2.0447793700122205,-0.6367682268999388,0.022800962242443257,1.4318611891560675,1.5020760766681445,-0.295219974761846,-0.33870955846088363,-0.2443875106491438,0.45606694560669453,0.39499407911778855,0.5059513962287272
baseline_atom,baseline_train_bulk,ridge_run_family_control,run_family_control,3187,9561,1.469030683621736,2.0513258669866103,-0.6004866525447525,0.02468361050099362,1.4298551160916173,1.5005936619862534,-0.2909884549366075,-0.3414605470163632,-0.2507045677399256,0.49372384937238495,0.41457441513190646,0.5640768733850129
baseline_atom,baseline_train_bulk,early_late_gated_only_samples_0_3,ml,3187,9561,1.469202322380581,2.068971915290382,-0.4517126100645683,0.026357075619705052,1.427766370832037,1.5049979605748023,-0.29081681617776245,-0.3495353597157725,-0.23879629639021577,0.5271966527196653,0.4502743902439024,0.6002551020408162
baseline_atom,baseline_train_bulk,early_late_gated_full,ml,3187,9561,1.4772364616678502,2.081958896007303,-0.26540230587869473,0.02792594916849702,1.4443428628339763,1.5100132634938106,-0.2827826768904933,-0.3123262024972418,-0.23924298655352705,0.5585774058577406,0.49263223673601036,0.6146372522026432
baseline_atom,baseline_train_bulk,mlp_full,ml,3187,9561,1.5115885199003252,2.1066852001679472,-0.5626541642162977,0.02792594916849702,1.4718173897297917,1.5488262229270033,-0.2484306186580183,-0.29007644807400146,-0.2036391473589183,0.5585774058577406,0.4858674310007769,0.6313922629376337
baseline_atom,baseline_train_bulk,early_late_gated_no_samples_0_3,ml,3187,9561,1.5692261366918443,2.098611260748432,-0.4939678095343183,0.031272879405919884,1.5368590443723187,1.5947477612786178,-0.19079300186649917,-0.23313348393944025,-0.14900627051163595,0.6255230125523012,0.5456123378774969,0.7136446784922396
baseline_atom,baseline_train_bulk,s02b_global_template_timewalk,traditional,3187,9561,1.7600191385583435,2.3239740688483845,1.2975001749692368,0.04999477042150403,1.7273168275129822,1.7990814228499836,0.0,0.0,0.0,1.0,1.0,1.0
delayed_peak_atom,delayed_or_late_charge,hgb_no_samples_0_3,ml,1751,5253,1.3921325196588108,2.11690732089474,-0.49338892358447595,0.024938130592042643,1.3400623783279646,1.4356738279702173,-0.5095873925059673,-0.5836758739773578,-0.45595948745090115,0.3786127167630058,0.30545081460094864,0.4556222065396377
delayed_peak_atom,delayed_or_late_charge,hgb_full,ml,1751,5253,1.407960144999239,2.113019403000859,-0.5077085785879234,0.02379592613744527,1.35842067424505,1.445327820926229,-0.49375976716553915,-0.5605225861531478,-0.43158013307521925,0.361271676300578,0.2871366410284188,0.4654654654654654
delayed_peak_atom,delayed_or_late_charge,hgb_only_samples_0_3,ml,1751,5253,1.452074255001861,2.183693459638698,-0.5077182768883546,0.028935846183133447,1.4068854851129062,1.511048040224512,-0.44964565716291705,-0.5024516819549469,-0.390689540464789,0.43930635838150284,0.3790547155444359,0.5384019151138715
delayed_peak_atom,delayed_or_late_charge,hgb_run_family_control,run_family_control,1751,5253,1.4821114450458739,2.2196537517361308,-0.5568182744651509,0.030458785455929945,1.4329547651487213,1.5288497279572522,-0.4196084671189042,-0.4959929226298261,-0.3580961570788664,0.4624277456647399,0.3773920841253296,0.5550314933076721
delayed_peak_atom,delayed_or_late_charge,ridge_full,ml,1751,5253,1.578410221531656,2.322749176613199,-0.6140147603614565,0.03083952027412907,1.5309593485821666,1.6281737545375128,-0.3233096906331221,-0.3923422731715111,-0.2613557268893873,0.4682080924855491,0.4051516572858036,0.5651512040594843
delayed_peak_atom,delayed_or_late_charge,mlp_no_samples_0_3,ml,1751,5253,1.578973413244403,2.443104289525243,-0.3083627927568813,0.03693127736531506,1.5233546820539619,1.6248639227134487,-0.322746498920375,-0.3805614426905689,-0.2716712391828711,0.5606936416184971,0.4815659729788624,0.6516195208970439
delayed_peak_atom,delayed_or_late_charge,ridge_no_samples_0_3,ml,1751,5253,1.5949559646724445,2.339203595457253,-0.6535284811023985,0.03255282695602513,1.5495820578280193,1.6535448120805298,-0.3067639474923336,-0.36243868686917896,-0.23758650423861077,0.4942196531791907,0.4156613756613757,0.5704283552554998
delayed_peak_atom,delayed_or_late_charge,cnn1d_no_samples_0_3,ml,1751,5253,1.6369036152391763,2.444243033934811,-0.42854217689558993,0.040167523320007614,1.5868553857112846,1.6906230594579967,-0.2648162969256018,-0.32815825858162384,-0.2010023244167765,0.6098265895953757,0.5214109931045416,0.7163768115942027
delayed_peak_atom,delayed_or_late_charge,mlp_only_samples_0_3,ml,1751,5253,1.644373198262611,2.4436441022913393,-0.1996540748635809,0.03788311441081287,1.5843018693544435,1.696310100558958,-0.257346713902167,-0.3153701311680071,-0.1970035507471804,0.5751445086705202,0.49996630727762803,0.691272619901295
delayed_peak_atom,delayed_or_late_charge,cnn1d_only_samples_0_3,ml,1751,5253,1.6452856265240206,2.4509838370838932,-0.32616487996688903,0.04054825813820674,1.5954991334144975,1.6910488404512876,-0.25643428564075754,-0.31404959828036383,-0.1875165023965493,0.615606936416185,0.5627976403930287,0.733124567807218
delayed_peak_atom,delayed_or_late_charge,cnn1d_full,ml,1751,5253,1.6487250643770184,2.4291894602722044,-0.4084016556928205,0.03636017513801637,1.5980405547763148,1.6947431208569879,-0.2529948477877597,-0.3121587282822186,-0.20389375245956648,0.5520231213872832,0.48213591783863813,0.6310795310786877
delayed_peak_atom,delayed_or_late_charge,ridge_only_samples_0_3,ml,1751,5253,1.6623011627430682,2.428425893102611,-0.6872234462820686,0.03464686845612031,1.6199282583706949,1.7057577024145558,-0.23941874942170993,-0.3041679938432651,-0.18518670422328037,0.5260115606936416,0.43299115428661694,0.6172566059064576
delayed_peak_atom,delayed_or_late_charge,early_late_gated_only_samples_0_3,ml,1751,5253,1.669265857302534,2.466246533099262,-0.5601416891649791,0.03788311441081287,1.628298569826046,1.7185996799688896,-0.23245405486224402,-0.28611324212103767,-0.17847096634433576,0.5751445086705202,0.5155278784925544,0.6859987434738564
delayed_peak_atom,delayed_or_late_charge,ridge_run_family_control,run_family_control,1751,5253,1.671666809454843,2.434157860087775,-0.7219542049934233,0.034266133637921185,1.6234956903530957,1.7074768713461521,-0.23005310270993506,-0.2958775451646426,-0.16670825761142935,0.5202312138728323,0.44165851955307267,0.611182081644264
delayed_peak_atom,delayed_or_late_charge,early_late_gated_full,ml,1751,5253,1.7062908598139748,2.4795654944147363,-0.29975363031285696,0.04130972777460499,1.650396782670635,1.7486118135536435,-0.19542905235080332,-0.2503896021780832,-0.1371203064702547,0.6271676300578034,0.5482190860215054,0.7086263736263737
delayed_peak_atom,delayed_or_late_charge,mlp_full,ml,1751,5253,1.7153486731815488,2.505267804641769,-0.4571320511466084,0.04150009518370455,1.6724504973982175,1.7647183071927477,-0.18637123898322927,-0.25208034715273747,-0.11411334726919006,0.630057803468208,0.5483071005081874,0.7240245442227149
delayed_peak_atom,delayed_or_late_charge,early_late_gated_no_samples_0_3,ml,1751,5253,1.788506029238202,2.4807683524025244,-0.5317816095696415,0.04625928041119361,1.7448242315458986,1.84544587239612,-0.11321388292657608,-0.1865789269047727,-0.04537714947017297,0.7023121387283238,0.6106433692289387,0.808821968885687
delayed_peak_atom,delayed_or_late_charge,s02b_global_template_timewalk,traditional,1751,5253,1.901719912164778,2.680275490719638,1.196471381560805,0.06586712354844851,1.8578106380332644,1.9435436148760072,0.0,0.0,0.0,1.0,1.0,1.0
delayed_peak_atom,prompt_peak,hgb_no_samples_0_3,ml,1436,4308,0.9886470153572495,1.2990986444254924,-0.6859097148910145,0.007428040854224698,0.9534957686204985,1.0232305763675829,-0.6117521547830405,-0.6623172094228769,-0.5620010219583597,0.2206896551724138,0.14242857142857143,0.3031781226903178
delayed_peak_atom,prompt_peak,hgb_full,ml,1436,4308,1.004288861429818,1.3005233378761418,-0.6849467201404273,0.006963788300835654,0.9554432795724134,1.0356570787176638,-0.596110308710472,-0.6588405833876536,-0.5439877410031941,0.20689655172413793,0.12789855072463768,0.33798110634982464
delayed_peak_atom,prompt_peak,hgb_run_family_control,run_family_control,1436,4308,1.049495091119454,1.3378662025300347,-0.7138998527445359,0.008588672237697307,1.0143800329021981,1.082203119816,-0.5509040790208359,-0.6066678606450508,-0.5053229654171963,0.2551724137931034,0.16072974644403215,0.34703396283886684
delayed_peak_atom,prompt_peak,hgb_only_samples_0_3,ml,1436,4308,1.0530414710092222,1.3465490941710572,-0.6550249032984645,0.008820798514391829,1.0172706575194927,1.090958507720776,-0.5473576991310678,-0.5981150342299568,-0.5000183284490928,0.26206896551724135,0.16777170198222827,0.38099745331069595
delayed_peak_atom,prompt_peak,mlp_no_samples_0_3,ml,1436,4308,1.18445201831568,1.438821974950199,-0.4577268764086355,0.011142061281337047,1.1454640679738115,1.2328771162915686,-0.41594715182461006,-0.466405654187814,-0.34714783805167154,0.3310344827586207,0.23789825282631039,0.4413410886742757
delayed_peak_atom,prompt_peak,cnn1d_full,ml,1436,4308,1.1859034363151544,1.4165344456378062,-0.33916884077793696,0.010909935004642525,1.1424456051076994,1.2271517594431685,-0.4144957338251356,-0.4804469640522269,-0.37104860581959953,0.32413793103448274,0.24219696969696972,0.449581939799331
delayed_peak_atom,prompt_peak,mlp_only_samples_0_3,ml,1436,4308,1.2019581665629593,1.4374114729296392,-0.039816218334944864,0.010677808727948004,1.168079385932513,1.2454333449606465,-0.3984410035773307,-0.45500137960069886,-0.3528474370295097,0.31724137931034485,0.21275502768872048,0.4066747967479674
delayed_peak_atom,prompt_peak,cnn1d_only_samples_0_3,ml,1436,4308,1.2085653631279656,1.4273903432538486,-0.19241802293793597,0.011142061281337047,1.1647641989898243,1.262876222330933,-0.3918338070123244,-0.4449728983798779,-0.33307136159328854,0.3310344827586207,0.23068181818181815,0.4126385809312638
delayed_peak_atom,prompt_peak,early_late_gated_full,ml,1436,4308,1.223441325309434,1.4566675243876168,-0.2322445686099286,0.010909935004642525,1.1856878227166852,1.2671916514241577,-0.3769578448308559,-0.44259819010327417,-0.32507413355146436,0.32413793103448274,0.2536097691894793,0.43446637426900575
delayed_peak_atom,prompt_peak,early_late_gated_only_samples_0_3,ml,1436,4308,1.2342431528337334,1.4424384396210743,-0.36080255991662824,0.010677808727948004,1.1972633449253745,1.2887129163385769,-0.36615601730655656,-0.41823620127001127,-0.31161591645861064,0.31724137931034485,0.22201348747591523,0.4156212484993996
delayed_peak_atom,prompt_peak,cnn1d_no_samples_0_3,ml,1436,4308,1.2446813332397928,1.466090868149093,-0.3012960919755372,0.013695450324976788,1.1980222821784703,1.2951293847146728,-0.3557178369004972,-0.41626146919288876,-0.29810270186565724,0.40689655172413797,0.2651952085181899,0.5290702220832029
delayed_peak_atom,prompt_peak,ridge_only_samples_0_3,ml,1436,4308,1.248707742692491,1.4449223247812102,-0.5902484722923766,0.009285051067780872,1.2149396720454082,1.2943093815509708,-0.3516914274477989,-0.4155001957064373,-0.30802120241478687,0.27586206896551724,0.176440794649882,0.4113330796549973
delayed_peak_atom,prompt_peak,ridge_full,ml,1436,4308,1.2513320600469853,1.4739317390436188,-0.6435841061377232,0.012302692664809656,1.2144093299159422,1.290186956427136,-0.3490671100933047,-0.40329199814939376,-0.2932643384898785,0.3655172413793103,0.2698317650413459,0.5242420299284319
delayed_peak_atom,prompt_peak,ridge_run_family_control,run_family_control,1436,4308,1.2570051087769747,1.4524047409923562,-0.5133759934187871,0.010677808727948004,1.2059422592878088,1.2918601030164185,-0.3433940613633153,-0.407490301017403,-0.2931892562151134,0.31724137931034485,0.21896722579397687,0.4179098886986301
delayed_peak_atom,prompt_peak,mlp_full,ml,1436,4308,1.2721999576267495,1.4740115367220255,-0.6393982029296943,0.012070566388115135,1.2323375975673603,1.3058419260749727,-0.32819921251354045,-0.3826109922206883,-0.26944010997107193,0.3586206896551724,0.2673421099847493,0.43426435406698566
delayed_peak_atom,prompt_peak,ridge_no_samples_0_3,ml,1436,4308,1.2745301383622891,1.4837725685637377,-0.583455126378599,0.012070566388115135,1.2278529266910927,1.3197606295449604,-0.32586903177800086,-0.38290358847179556,-0.27153679432117483,0.3586206896551724,0.2435344827586207,0.49068471337579606
delayed_peak_atom,prompt_peak,early_late_gated_no_samples_0_3,ml,1436,4308,1.3297668057442238,1.5067308776623287,-0.4603463439802127,0.013927576601671309,1.2920560386002997,1.3728383083657452,-0.2706323643960662,-0.33114993594422254,-0.22432571882307015,0.41379310344827586,0.3057544245575442,0.5636249453910004
delayed_peak_atom,prompt_peak,s02b_global_template_timewalk,traditional,1436,4308,1.60039917014029,1.7963048177899443,1.4563533439760192,0.033658310120705665,1.5717226983526584,1.6586813484947736,0.0,0.0,0.0,1.0,1.0,1.0
pair,B4-B6,hgb_full,ml,3187,3187,1.1716887716617763,1.758178821799692,-1.0072749225487385,0.02070913084405397,1.1325964405368427,1.223512549008002,-0.23472131666523088,-0.2801396277330945,-0.17051112967508467,0.6947368421052631,0.5216420807453416,0.8734572784810126
pair,B4-B6,hgb_no_samples_0_3,ml,3187,3187,1.1722596040520563,1.7641842453288854,-0.9958878418058248,0.02008158142453718,1.1228812075133163,1.232423367284412,-0.2341504842749509,-0.2804369529020772,-0.19091101734086074,0.6736842105263158,0.5319323394495413,0.8267534228881426
pair,B4-B6,hgb_run_family_control,run_family_control,3187,3187,1.2194127450716095,1.8531271532869962,-1.064965933042771,0.02259177910260433,1.1720991620939187,1.270774202102954,-0.18699734325539774,-0.23669045008360348,-0.12970420613841055,0.7578947368421053,0.6094372294372293,0.8758522727272724
pair,B4-B6,hgb_only_samples_0_3,ml,3187,3187,1.2304460260348713,1.8253088976340892,-1.0311469426876414,0.023219328522121118,1.1859901374950146,1.274727414398987,-0.1759640622921359,-0.2294097720737743,-0.12600385121274624,0.7789473684210527,0.6272159090909092,0.9306180485338724
pair,B4-B6,ridge_full,ml,3187,3187,1.289248740845983,1.9539190437051952,-1.1294570116313025,0.022905553812362724,1.2423819071728577,1.3490655426615878,-0.11716134748102425,-0.14701197404053346,-0.0680964400841477,0.768421052631579,0.6563677313677314,0.8652784562774791
pair,B4-B6,early_late_gated_only_samples_0_3,ml,3187,3187,1.3212261556243687,2.0573617386487615,-0.9799026143874983,0.025729526200188264,1.2749201357005981,1.365744221323935,-0.08518393270263847,-0.12629556666858718,-0.038289797340883586,0.8631578947368421,0.7498724489795918,0.989736842105263
pair,B4-B6,ridge_no_samples_0_3,ml,3187,3187,1.3285432496126564,1.9797826603380273,-1.1334575429762666,0.023219328522121118,1.2728945177769284,1.3764113943307716,-0.07786683871435085,-0.10833667420488537,-0.03761275715043807,0.7789473684210527,0.6756062136903259,0.90218954248366
pair,B4-B6,ridge_only_samples_0_3,ml,3187,3187,1.33301864885258,2.0078628231843827,-1.0975382102432292,0.023533103231879512,1.2694832609354134,1.3842997179138357,-0.07339143947442728,-0.10344523059832006,-0.033224735083873184,0.7894736842105263,0.6801546391752578,0.872501611863314
pair,B4-B6,ridge_run_family_control,run_family_control,3187,3187,1.3448620311391906,2.0332166225451664,-1.082192205014799,0.023219328522121118,1.28386603251075,1.3962040319811437,-0.06154805718781664,-0.08689475947657416,-0.02362581856810109,0.7789473684210527,0.702928507136428,0.8576923076923075
pair,B4-B6,cnn1d_full,ml,3187,3187,1.3542776176140763,2.051327001599013,-0.8398558055399405,0.025101976780671477,1.2884891669180578,1.4058439579564685,-0.05213247071293092,-0.09509539242488796,-0.0039991201796416714,0.8421052631578947,0.7220870206489675,0.9348978919631094
pair,B4-B6,s02b_global_template_timewalk,traditional,3187,3187,1.4064100883270072,2.122267197714552,2.2664528676310454,0.02980859742704738,1.3351870157531358,1.47611874277105,0.0,0.0,0.0,1.0,1.0,1.0
pair,B4-B6,mlp_no_samples_0_3,ml,3187,3187,1.4171304943206882,2.114094763686886,-0.8651034648384623,0.026357075619705052,1.366047928255816,1.4753308782478134,0.01072040599368096,-0.04100679469829081,0.07410071738495222,0.8842105263157894,0.7682030129124819,1.0618897306397306
pair,B4-B6,cnn1d_no_samples_0_3,ml,3187,3187,1.4315889884768476,2.117471909823941,-0.8097817534946188,0.029494822717288986,1.3845890673229857,1.4896312771618034,0.025178900149840366,-0.02202138662635813,0.08322409318565749,0.9894736842105263,0.8658219004065041,1.1884636222910216
pair,B4-B6,cnn1d_only_samples_0_3,ml,3187,3187,1.4511848660405255,2.1204075573233343,-0.6115836734317526,0.028553498588013804,1.4035621324020353,1.483529968305101,0.04477477771351834,0.006472748796165934,0.07962740922026458,0.9578947368421052,0.8568483063328424,1.0631918505942275
pair,B4-B6,mlp_only_samples_0_3,ml,3187,3187,1.4654958119920463,2.107280294505197,-0.49486401998827745,0.03294634452463131,1.4205108728378097,1.512800680907251,0.05908572366503906,0.00802885807333949,0.11810764857710866,1.1052631578947367,0.9350898692810456,1.2957070707070706
pair,B4-B6,early_late_gated_no_samples_0_3,ml,3187,3187,1.4828066680036753,2.109394217438598,-1.153470015968594,0.031377470975839344,1.4420511278807067,1.5291073001232203,0.07639657967666813,0.044990412006251874,0.11981356914184821,1.0526315789473684,0.9472278998467042,1.166820987654321
pair,B4-B6,early_late_gated_full,ml,3187,3187,1.4899537706076338,2.152981540863832,-0.6999181463532551,0.0335738939441481,1.4227219640674709,1.5591872557185824,0.08354368228062659,0.029684470684495968,0.13114351200982707,1.1263157894736842,1.0,1.2824858984689764
pair,B4-B6,mlp_full,ml,3187,3187,1.5012743518293798,2.1572720656982876,-1.117454867284529,0.02698462503922184,1.4502176943581917,1.5689968837638948,0.09486426350237265,0.04339096154169725,0.15037832323399972,0.9052631578947369,0.7612184343434343,1.0513333333333335
pair,B4-B8,hgb_no_samples_0_3,ml,3187,3187,1.1097809128308391,1.8657914888892206,-0.8472734594334099,0.016630059617194853,1.06359560893357,1.1504406797337805,-0.30158783334585726,-0.3468270316721777,-0.2565761938851562,0.5145631067961165,0.3800951192889443,0.6275147058823529
pair,B4-B8,hgb_full,ml,3187,3187,1.1150578441715466,1.86215188823975,-0.8611212474229291,0.01725760903671164,1.0726398493727678,1.1586546764625931,-0.29631090200514976,-0.3418279051451345,-0.25432625990807856,0.5339805825242718,0.41836270871985154,0.6431835637480797
pair,B4-B8,hgb_run_family_control,run_family_control,3187,3187,1.169091197925713,1.9621891739532438,-0.9108251325243515,0.019140257295262003,1.1233663882416227,1.2101109701170714,-0.24227754825098335,-0.28879017527463646,-0.2080664891848597,0.5922330097087379,0.46785932721712536,0.7041980384386765
pair,B4-B8,hgb_only_samples_0_3,ml,3187,3187,1.1758064009366882,1.944608332765255,-0.8562477169483742,0.019767806714778787,1.1258881074486375,1.2269916983198614,-0.2355623452400082,-0.280283623517106,-0.19686171471604677,0.6116504854368932,0.48415737428992217,0.7560215053763439
pair,B4-B8,ridge_full,ml,3187,3187,1.3235752780576933,2.1015053076840013,-0.9187432294882214,0.027612174458738627,1.2693359010241272,1.3698034713123617,-0.08779346811900313,-0.1249782743500329,-0.05301823452863472,0.854368932038835,0.759320652173913,0.9462919853674759
pair,B4-B8,ridge_no_samples_0_3,ml,3187,3187,1.3508652338632656,2.1182243210911533,-0.9256385156821594,0.026670850329463446,1.3108427693892277,1.3963985401109538,-0.06050351231343076,-0.09149817853681261,-0.021249280666732907,0.825242718446602,0.6745934959349592,0.9382756273098618
pair,B4-B8,early_late_gated_only_samples_0_3,ml,3187,3187,1.393949449202589,2.196526521865781,-0.7366890661311416,0.024160652651396296,1.3553792970367093,1.436814664694028,-0.01741929697410738,-0.053624983668260254,0.025338632235925324,0.7475728155339806,0.6018980527991012,0.8201632653061225
pair,B4-B8,ridge_only_samples_0_3,ml,3187,3187,1.3943635497613065,2.183911006566932,-0.9325931287347515,0.02541575149042987,1.3505894149448885,1.4475754621253678,-0.01700519641538989,-0.0464678940071455,0.021396584864125278,0.7864077669902912,0.6758547008547009,0.8848214285714284
pair,B4-B8,s02b_global_template_timewalk,traditional,3187,3187,1.4113687461766964,2.2424625325235126,1.964367002349782,0.032318795105114526,1.3583804563130901,1.4722954882384547,0.0,0.0,0.0,1.0,1.0,1.0
pair,B4-B8,ridge_run_family_control,run_family_control,3187,3187,1.4131305157518566,2.188899201110248,-0.9453768521719041,0.026357075619705052,1.3571544246659457,1.4601933927313355,0.0017617695751601659,-0.037699483537522435,0.038903552741648265,0.8155339805825244,0.7032818532818532,0.9048232695139912
pair,B4-B8,mlp_no_samples_0_3,ml,3187,3187,1.4158824771757712,2.2367639971906144,-0.6951320772517917,0.026670850329463446,1.354955809388516,1.4655217253558264,0.0045137309990748165,-0.05078315729250386,0.040349494833541055,0.825242718446602,0.7165625,0.9176074308461775
pair,B4-B8,cnn1d_full,ml,3187,3187,1.4221211318471916,2.1868715122632856,-0.6064482229555352,0.024788202070913083,1.369797163711332,1.4792543247816556,0.01075238567049519,-0.028555197238134072,0.048518432269583286,0.7669902912621359,0.6525276947423949,0.8728021978021974
pair,B4-B8,mlp_full,ml,3187,3187,1.443229667293851,2.2590604133433234,-0.8867336600443707,0.031063696266080954,1.3989146459059612,1.4906570329339413,0.03186092111715455,-0.005999973062706559,0.06569806987687922,0.9611650485436894,0.8399051724137931,1.1058689024390245
pair,B4-B8,cnn1d_no_samples_0_3,ml,3187,3187,1.4682387987004324,2.212989810552001,-0.6263672816954866,0.028239723878255414,1.4341612432606465,1.5162312565695617,0.056870052523736,0.013689909044628074,0.11125177462987881,0.8737864077669903,0.7474041660066529,1.0226382676993562
pair,B4-B8,early_late_gated_no_samples_0_3,ml,3187,3187,1.4886827951369794,2.207166753764064,-0.7762508757490849,0.03074992155632256,1.4429599608847936,1.55391026342095,0.07731404896028304,0.043641586037629757,0.1198294874014347,0.9514563106796117,0.8375025789147926,1.0194422429165841
pair,B4-B8,early_late_gated_full,ml,3187,3187,1.4976180758799067,2.2571871720316308,-0.43123674749781316,0.03200502039535613,1.4406714082624228,1.5434778115731291,0.08624932970321031,0.03999085526270008,0.11529919928909638,0.9902912621359223,0.8621997338749211,1.0738555513948698
pair,B4-B8,cnn1d_only_samples_0_3,ml,3187,3187,1.4986987706556447,2.2393002676520193,-0.4632310681415319,0.032318795105114526,1.4550723156489518,1.5375699018742612,0.08733002447894833,0.05580607389842869,0.12098038821049809,1.0,0.8843045112781954,1.1277180851063828
pair,B4-B8,mlp_only_samples_0_3,ml,3187,3187,1.5514431208309278,2.26414848647362,-0.25785641393002834,0.03200502039535613,1.5075110263798435,1.5935581265983445,0.14007437465423145,0.09786304120093692,0.1815623476960315,0.9902912621359223,0.8710002775978534,1.1180191353649893
pair,B6-B8,hgb_no_samples_0_3,ml,3187,3187,0.999862461497173,1.546514971852508,0.14139942918248494,0.009413241292751805,0.965602173158865,1.054938792781839,-0.1477050073873447,-0.18282246909459418,-0.10108990877471496,0.7692307692307693,0.5752525252525253,0.9271879483500717
pair,B6-B8,hgb_full,ml,3187,3187,1.0192829193367523,1.5474640274920164,0.14448547210038498,0.009413241292751805,0.9795833303179452,1.0560103564406427,-0.12828454954776536,-0.16867712623955047,-0.0969870266777734,0.7692307692307693,0.5505427702996092,0.9235714285714285
pair,B6-B8,hgb_only_samples_0_3,ml,3187,3187,1.0430815373306324,1.5829131008208837,0.16028871814044976,0.01004079071226859,1.0089936599915708,1.0859256995880693,-0.1044859315538853,-0.14151202119563208,-0.0691806264023739,0.8205128205128205,0.632597604259095,1.0285984848484846
pair,B6-B8,hgb_run_family_control,run_family_control,3187,3187,1.043758040997665,1.5745361895845627,0.14869618164136966,0.010354565422026984,0.9991989059019287,1.0781566361966721,-0.10380942788685266,-0.14928572236629561,-0.06690964187435136,0.8461538461538461,0.6283976833976834,1.028494208494208
pair,B6-B8,mlp_full,ml,3187,3187,1.0740436847475263,1.599298061066839,0.2824571840622525,0.009099466582993411,1.0248408021497373,1.12116151480768,-0.07352378413699134,-0.11186414505285096,-0.04241152707869857,0.7435897435897436,0.5647774327122153,0.8966379310344826
pair,B6-B8,mlp_no_samples_0_3,ml,3187,3187,1.0780471279280226,1.6234652769405695,0.21047366315635685,0.010354565422026984,1.0441753587759957,1.1161427589791169,-0.06952034095649506,-0.10147197409219075,-0.037949823432093945,0.8461538461538461,0.6374720044792833,1.0234556686046512
pair,B6-B8,ridge_full,ml,3187,3187,1.1377302346480962,1.6329905672298366,0.24110021935953085,0.011609664261060559,1.0979476823285936,1.1798526427597267,-0.009837234236421466,-0.04436954841703915,0.030090995702156804,0.9487179487179488,0.7390732265446225,1.1876512096774194
pair,B6-B8,ridge_no_samples_0_3,ml,3187,3187,1.1398511125000932,1.6311018978254843,0.24529467076109768,0.011609664261060559,1.0990156365468302,1.1746671462193807,-0.007716356384424472,-0.03950415648634786,0.019298164247881087,0.9487179487179488,0.7906110836219693,1.085417747794499
pair,B6-B8,s02b_global_template_timewalk,traditional,3187,3187,1.1475674688845177,1.6747204246926994,-0.177932155733302,0.012237213680577345,1.0932586127073818,1.2017354323888692,0.0,0.0,0.0,1.0,1.0,1.0
pair,B6-B8,early_late_gated_only_samples_0_3,ml,3187,3187,1.1590051476880887,1.687101328851349,0.3906816181117634,0.011609664261060559,1.1165214300144344,1.2175101249873557,0.01143767880357105,-0.022036138644701858,0.045559035623311296,0.9487179487179488,0.7893314366998577,1.064627363737486
pair,B6-B8,ridge_run_family_control,run_family_control,3187,3187,1.167955640648201,1.6625409354129763,0.260650488600227,0.011295889551302165,1.1245811950638454,1.2092810485100238,0.02038817176368335,-0.009676508430305148,0.04900606610070313,0.9230769230769231,0.7846428571428571,1.0835227272727272
pair,B6-B8,cnn1d_no_samples_0_3,ml,3187,3187,1.1794807092168589,1.670837447834971,0.2869728473937201,0.010982114841543772,1.144184286851059,1.2244916418068545,0.03191324033234122,0.0015377884162590283,0.05759225775965931,0.8974358974358975,0.7444461827284106,1.0327336641852767
pair,B6-B8,cnn1d_only_samples_0_3,ml,3187,3187,1.1801513380284876,1.6722431423995971,0.23888766980510923,0.011923438970818953,1.1413503496621515,1.228320984193826,0.032583869143969935,0.010211958621890838,0.05483489504752941,0.9743589743589745,0.8151315789473684,1.1710088691796008
pair,B6-B8,ridge_only_samples_0_3,ml,3187,3187,1.1839475178101044,1.675776820997529,0.24429186470140252,0.010668340131785378,1.1531252340043043,1.2344720298322158,0.03638004892558677,0.0100856305812626,0.06483184061846496,0.8717948717948718,0.6955685618729097,1.0323775388291514
pair,B6-B8,mlp_only_samples_0_3,ml,3187,3187,1.185253445574927,1.6713073198921695,0.27331225488268984,0.010354565422026984,1.134580096149881,1.2222247127144776,0.037685976690409406,-0.001258422536578274,0.06569735269827492,0.8461538461538461,0.6903571428571429,1.0321354166666663
pair,B6-B8,cnn1d_full,ml,3187,3187,1.1854090521212666,1.668600692061571,0.3016804437396914,0.011609664261060559,1.142202080744527,1.2342205715012218,0.03784158323674891,0.00829552906789594,0.0683028302576571,0.9487179487179488,0.7734557309540151,1.1475490196078428
pair,B6-B8,early_late_gated_no_samples_0_3,ml,3187,3187,1.1951564712035627,1.6638770979925943,0.400561321118289,0.012550988390335738,1.1491506937691884,1.245816448793972,0.04758900231904506,0.016813044146396665,0.0756656637029566,1.0256410256410258,0.8626336898395722,1.2441934121621618
pair,B6-B8,early_late_gated_full,ml,3187,3187,1.2253352817781478,1.694879384684651,0.28817180024981326,0.012550988390335738,1.1759219306985351,1.2694662614825032,0.0777678128936301,0.04213350943009623,0.10849715844134747,1.0256410256410258,0.8602949517867271,1.2409444444444444
phase_atom,central_phase_6,hgb_no_samples_0_3,ml,355,1065,0.7972120893113814,1.3257259566689628,-0.7997956670707822,0.010328638497652582,0.7650610206744421,0.8476553062760104,-0.5979903947331322,-0.6709481720792531,-0.5462522062615485,0.47826086956521735,0.16644736842105265,0.942647058823529
phase_atom,central_phase_6,hgb_full,ml,355,1065,0.8172709245157542,1.3612894929110404,-0.8029901991652864,0.007511737089201878,0.7777771990617238,0.8692150634464085,-0.5779315595287594,-0.6392640379519806,-0.520380583463598,0.34782608695652173,0.12425595238095238,0.7783333333333331
phase_atom,central_phase_6,hgb_only_samples_0_3,ml,355,1065,0.875460333254064,1.4277381841876848,-0.7059852329209733,0.009389671361502348,0.8328184285743012,0.9197699829237562,-0.5197421507904496,-0.5889845851057328,-0.47210174876086003,0.43478260869565216,0.18779761904761905,0.875347222222222
phase_atom,central_phase_6,hgb_run_family_control,run_family_control,355,1065,0.8756169862990418,1.4536445998165066,-0.7485637398374365,0.009389671361502348,0.8258536097612451,0.9381433489466652,-0.5195854977454718,-0.5939141247396117,-0.45575256943112885,0.43478260869565216,0.1105072463768116,0.7742831541218638
phase_atom,central_phase_6,cnn1d_only_samples_0_3,ml,355,1065,0.9135955129840067,1.5615108804115927,-0.21940721567529664,0.006572769953051643,0.8551015641762398,1.0153191493002782,-0.481606971060507,-0.5537680853459419,-0.38518868680523805,0.3043478260869565,0.07130952380952381,0.6250892857142857
phase_atom,central_phase_6,mlp_no_samples_0_3,ml,355,1065,0.9643849568143554,1.5556361618448686,-0.5326572724530152,0.007511737089201878,0.9212866927634376,1.0283856132758955,-0.4308175272301582,-0.5012882295389758,-0.37016532647366784,0.34782608695652173,0.13628787878787882,0.6198214285714282
phase_atom,central_phase_6,mlp_only_samples_0_3,ml,355,1065,0.9704071194216584,1.5264738883853453,-0.015684093347829275,0.007511737089201878,0.8795411082075435,1.0403892630026024,-0.4247953646228553,-0.5075044130415236,-0.35540865942230504,0.34782608695652173,0.10388157894736844,0.6666666666666666
phase_atom,central_phase_6,early_late_gated_full,ml,355,1065,1.0015904684848482,1.5766277036289456,-0.24795771152059842,0.007511737089201878,0.9257318588056203,1.089116647268209,-0.3936120155596654,-0.47260097492086833,-0.3030781312105611,0.34782608695652173,0.13636363636363638,0.65684375
phase_atom,central_phase_6,cnn1d_full,ml,355,1065,1.0035292559480795,1.5857425064270902,-0.3908985374418066,0.008450704225352112,0.9365563423885176,1.0799032768968648,-0.3916732280964341,-0.4686925768253812,-0.32281249954750774,0.3913043478260869,0.14254658385093166,0.6434523809523807
phase_atom,central_phase_6,early_late_gated_only_samples_0_3,ml,355,1065,1.049155103351507,1.5834124084494106,-0.4450727072898246,0.007511737089201878,0.9783108728800425,1.1093700272314158,-0.34604738069300667,-0.4296298440005398,-0.29105755493575947,0.34782608695652173,0.11527777777777778,0.6198214285714282
phase_atom,central_phase_6,mlp_full,ml,355,1065,1.056210559680125,1.603515789630648,-0.6914113435636082,0.007511737089201878,0.9821038664066618,1.1358870445908062,-0.33899192436438863,-0.43223183476045685,-0.2590960011855947,0.34782608695652173,0.11025641025641027,0.6202380952380947
phase_atom,central_phase_6,ridge_run_family_control,run_family_control,355,1065,1.079287111966158,1.5774247949242588,-0.6221051523612857,0.007511737089201878,1.0072032414915348,1.1671672773398432,-0.3159153720783556,-0.4039510708011472,-0.22617188996456852,0.34782608695652173,0.11041666666666668,0.6485294117647054
phase_atom,central_phase_6,cnn1d_no_samples_0_3,ml,355,1065,1.0808879637627973,1.6140794651290333,-0.32681991520470177,0.010328638497652582,1.012048877112248,1.1647791112387424,-0.31431452028171636,-0.39436032279159633,-0.23416467537673294,0.47826086956521735,0.24910714285714286,0.9169642857142856
phase_atom,central_phase_6,ridge_no_samples_0_3,ml,355,1065,1.0969908215342963,1.5616932154548808,-0.7477593302269199,0.010328638497652582,1.0228927966219867,1.1858390199774307,-0.29821166251021736,-0.4115644711984302,-0.2112708134299633,0.47826086956521735,0.11096491228070177,0.85
phase_atom,central_phase_6,ridge_full,ml,355,1065,1.1062931590156988,1.5578118354942718,-0.6706992505079299,0.009389671361502348,1.0617493446488204,1.1919912535908892,-0.28890932502881483,-0.3804456298367172,-0.21711283527159445,0.43478260869565216,0.1904017857142857,0.875347222222222
phase_atom,central_phase_6,ridge_only_samples_0_3,ml,355,1065,1.110515786433163,1.5875343414067216,-0.6502980715151097,0.006572769953051643,1.0166603977694408,1.1813128820929912,-0.2846866976113507,-0.3901576886137003,-0.21031109166788295,0.3043478260869565,0.04642857142857143,0.6671874999999999
phase_atom,central_phase_6,early_late_gated_no_samples_0_3,ml,355,1065,1.1373241568198709,1.622761162840397,-0.549508550228829,0.009389671361502348,1.0568650204366645,1.2247186179345695,-0.25787832722464277,-0.3421508577229813,-0.15962770088813444,0.43478260869565216,0.22976190476190478,0.7901913875598083
phase_atom,central_phase_6,s02b_global_template_timewalk,traditional,355,1065,1.3952024840445136,1.9030529134781977,1.6378958786067201,0.0215962441314554,1.3647145347805794,1.4761577338288405,0.0,0.0,0.0,1.0,1.0,1.0
phase_atom,early_phase_le5,cnn1d_only_samples_0_3,ml,239,717,0.6758457851172537,2.686314882833904,0.14230469528067857,0.011157601115760111,0.627246967339566,0.714027648545166,-0.7050663225577103,-0.7637439848216578,-0.6577132852431652,0.7272727272727273,0.3628787878787879,1.0
phase_atom,early_phase_le5,hgb_full,ml,239,717,0.6844567664747233,2.3760832963452274,-0.8128494455031614,0.015341701534170154,0.6597319786373708,0.7490663358260002,-0.6964553412002407,-0.741071741884959,-0.6239032634144626,1.0,0.39999999999999997,2.537499999999987
phase_atom,early_phase_le5,hgb_no_samples_0_3,ml,239,717,0.7158398386012711,2.3896175560141018,-0.7901597704026813,0.015341701534170154,0.6786719369627549,0.7611459528143896,-0.6650722690736929,-0.7054992755605146,-0.6071722154479808,1.0,0.5714285714285714,2.25
phase_atom,early_phase_le5,hgb_run_family_control,run_family_control,239,717,0.7279813776113021,2.521461838596581,-0.8465804304324962,0.011157601115760111,0.7060058635912707,0.7597328673928609,-0.6529307300636619,-0.6903099539844839,-0.6104929469322659,0.7272727272727273,0.2785714285714286,1.0
phase_atom,early_phase_le5,mlp_full,ml,239,717,0.730185597198113,2.8050061320333772,-0.4145408344842423,0.011157601115760111,0.6826726542104261,0.8203056220482758,-0.6507265104768509,-0.7086209152881552,-0.550086504311341,0.7272727272727273,0.44166666666666665,1.0
phase_atom,early_phase_le5,cnn1d_full,ml,239,717,0.736916261019326,2.6706880066102383,0.028983310604886015,0.011157601115760111,0.6979927591647697,0.7967656628356115,-0.643995846655638,-0.6936243547091715,-0.5764188557389923,0.7272727272727273,0.0,1.0
phase_atom,early_phase_le5,ridge_run_family_control,run_family_control,239,717,0.748459176130442,2.6560239335091467,-0.02372349948993957,0.01394700139470014,0.680660408824204,0.83322583689489,-0.632452931544522,-0.7008519641303892,-0.5421693558168363,0.9090909090909091,0.5696428571428571,1.4303571428571422
phase_atom,early_phase_le5,early_late_gated_full,ml,239,717,0.7580977646438625,2.688555185820603,0.14644023165531905,0.012552301255230125,0.6991914809304788,0.8346193405090695,-0.6228143430311015,-0.6853839397545649,-0.5415931182954569,0.8181818181818181,0.5,1.2
phase_atom,early_phase_le5,hgb_only_samples_0_3,ml,239,717,0.7634890476273425,2.502865766315452,-0.851152655942272,0.015341701534170154,0.7342017919705,0.8065433961462061,-0.6174230600476215,-0.6696743698469984,-0.5619897894720487,1.0,0.4433333333333333,1.6275568181818174
phase_atom,early_phase_le5,early_late_gated_only_samples_0_3,ml,239,717,0.7824495760060906,2.699260913193836,0.15126427232994644,0.012552301255230125,0.6893763796535364,0.8729586708250938,-0.5984625316688734,-0.7092875038690487,-0.4991183002783759,0.8181818181818181,0.39909090909090905,1.0
phase_atom,early_phase_le5,cnn1d_no_samples_0_3,ml,239,717,0.7832208844276708,2.6970982453706953,0.17645461240520888,0.011157601115760111,0.6920940320875304,0.8824549303841812,-0.5976912232472932,-0.6892148072149664,-0.47433286209625275,0.7272727272727273,0.0,1.0
phase_atom,early_phase_le5,mlp_only_samples_0_3,ml,239,717,0.7974119695917856,2.6259310249299195,0.2625805269258876,0.011157601115760111,0.6962059173157278,0.8568235865839087,-0.5835001380831784,-0.6915110583014769,-0.5244571718391754,0.7272727272727273,0.36363636363636365,1.0
phase_atom,early_phase_le5,mlp_no_samples_0_3,ml,239,717,0.8074022247744641,2.778600860322485,-0.14979118474926878,0.011157601115760111,0.7607353381507351,0.8741695577971189,-0.5735098829004999,-0.6313226576985338,-0.48985842897616994,0.7272727272727273,0.3983333333333333,1.0
phase_atom,early_phase_le5,ridge_no_samples_0_3,ml,239,717,0.8174998340160714,2.6259678827284483,-0.08114696559773193,0.012552301255230125,0.7725555294407863,0.8726769111601337,-0.5634122736588926,-0.6227232627845573,-0.5073400898692004,0.8181818181818181,0.33125000000000004,1.2520833333333325
phase_atom,early_phase_le5,early_late_gated_no_samples_0_3,ml,239,717,0.9029721601704292,2.6052808690240057,-0.023772069758003056,0.011157601115760111,0.8532273459092037,0.9695528772547611,-0.4779399475045347,-0.5326386296648348,-0.4016109390383561,0.7272727272727273,0.0,0.942647058823529
phase_atom,early_phase_le5,ridge_only_samples_0_3,ml,239,717,0.9188330513847598,2.691348507499359,-0.40293302022055855,0.015341701534170154,0.8588800606068193,0.9908669544844912,-0.4620790562902042,-0.5315222602730206,-0.3815707958095244,1.0,0.571031746031746,2.1708333333333316
phase_atom,early_phase_le5,ridge_full,ml,239,717,0.9593425068498465,2.63198824145331,-0.5009243962954741,0.01394700139470014,0.879005034302907,1.023515695148991,-0.4215696008251175,-0.5104397920184505,-0.3467104708487138,0.9090909090909091,0.44047619047619047,2.0
phase_atom,early_phase_le5,s02b_global_template_timewalk,traditional,239,717,1.380912107674964,2.975170299272927,2.176222140737565,0.015341701534170154,1.3569331814223582,1.403860370011459,0.0,0.0,0.0,1.0,1.0,1.0
phase_atom,late_phase_ge7,hgb_full,ml,2593,7779,1.3371716944305132,1.7828331902020098,-0.5427705565025676,0.016711659596349144,1.3019621875299165,1.3752529455453122,-0.5623759774974055,-0.6140145871236125,-0.5203342102328596,0.2857142857142857,0.23856629760515066,0.3467622332447914
phase_atom,late_phase_ge7,hgb_no_samples_0_3,ml,2593,7779,1.3375851541223192,1.7874161668198558,-0.5303881259595613,0.017611518189998714,1.3000492652022728,1.3644630963675548,-0.5619625178055996,-0.6155322791903541,-0.5186840610165161,0.3010989010989011,0.25482261640798226,0.3566370186400814
phase_atom,late_phase_ge7,hgb_only_samples_0_3,ml,2593,7779,1.3881164668199697,1.8351442421866324,-0.5302213550766197,0.02172515747525389,1.3529166531640218,1.4238564361923205,-0.511431205107949,-0.5522669402937768,-0.45962710081837,0.3714285714285715,0.30109261501210655,0.43377043735949306
phase_atom,late_phase_ge7,hgb_run_family_control,run_family_control,2593,7779,1.4164561860043539,1.8556805303862,-0.5787812960311598,0.022239362385910785,1.3826281678981542,1.4501248720122195,-0.4830914859235649,-0.5513263158152218,-0.4340737959055017,0.3802197802197802,0.30382338161718114,0.44317791762013725
phase_atom,late_phase_ge7,ridge_full,ml,2593,7779,1.5271765627754177,1.9675528691373831,-0.6392830826783822,0.025196040622187943,1.488485643674792,1.569571840597758,-0.37237110915250105,-0.4208986179585786,-0.31943559265361415,0.4307692307692308,0.36878276062900406,0.4929724163253129
phase_atom,late_phase_ge7,mlp_no_samples_0_3,ml,2593,7779,1.5379245364613934,2.034126033688031,-0.39340124595366177,0.028409821313793545,1.5041375828642332,1.5775796220573703,-0.36162313546652536,-0.41060408018068784,-0.3102975929024999,0.4857142857142857,0.40884846326818297,0.5524339878131348
phase_atom,late_phase_ge7,ridge_no_samples_0_3,ml,2593,7779,1.5447551723213375,1.9793697739734766,-0.6739079388766811,0.026610104126494408,1.4974034592049867,1.5813120271218915,-0.3547924996065812,-0.4050780672124397,-0.32042485450906283,0.45494505494505494,0.38883861236802414,0.5337790644707406
phase_atom,late_phase_ge7,cnn1d_full,ml,2593,7779,1.5523306641910912,2.0198235162037728,-0.43419406562243523,0.028281270086129323,1.5125333011469984,1.5957977231772358,-0.3472170077368275,-0.4004604819152738,-0.2882608298184771,0.4835164835164836,0.4185868226600985,0.5427163051258052
phase_atom,late_phase_ge7,mlp_only_samples_0_3,ml,2593,7779,1.556914771237739,2.047829922124627,-0.20783254916661065,0.030466640956421133,1.5154841753642283,1.6045977245883665,-0.3426329006901798,-0.39764318169576046,-0.2932373304570931,0.5208791208791209,0.46576370170709797,0.5957745266781411
phase_atom,late_phase_ge7,ridge_only_samples_0_3,ml,2593,7779,1.5677868516624116,2.027859487181131,-0.6755411295875078,0.02635300167116596,1.5308550060361124,1.6071918840860966,-0.33176082026550713,-0.3731500563116936,-0.276426953178269,0.45054945054945056,0.3726192266160007,0.5129254122938529
phase_atom,late_phase_ge7,cnn1d_only_samples_0_3,ml,2593,7779,1.5716700127119183,2.040288751971727,-0.35378298681239784,0.03265201182671294,1.5347066943287944,1.6131053506376638,-0.3278776592160004,-0.36462926892561376,-0.2752650598471594,0.5582417582417583,0.48433106467280157,0.6251516990291262
phase_atom,late_phase_ge7,cnn1d_no_samples_0_3,ml,2593,7779,1.5723237784550592,2.0434224418154194,-0.4548745861830099,0.03200925568839182,1.5422719142901502,1.6058274147355,-0.3272238934728595,-0.3883773240227629,-0.2795227948386558,0.5472527472527473,0.49418085705619824,0.6241887925002763
phase_atom,late_phase_ge7,ridge_run_family_control,run_family_control,2593,7779,1.5808647727980558,2.035713720217034,-0.7048046314593108,0.02635300167116596,1.5333877026609157,1.6203799342175729,-0.3186828991298629,-0.3715667526152598,-0.2722079742802632,0.45054945054945056,0.3876085224529214,0.5360747706704426
phase_atom,late_phase_ge7,early_late_gated_only_samples_0_3,ml,2593,7779,1.5921179271485504,2.0520424786069227,-0.5602544926984976,0.029309679907443115,1.5484514232374713,1.619997479470809,-0.30742974477936835,-0.3621151346405121,-0.2567240844143682,0.5010989010989011,0.4284427284427284,0.5688221787374588
phase_atom,late_phase_ge7,early_late_gated_full,ml,2593,7779,1.6107175702150576,2.0746324421433826,-0.3326090168915101,0.032523460599048724,1.5695226121300607,1.6531984479198343,-0.28883010171286116,-0.33823083420455574,-0.22414608205557623,0.5560439560439562,0.49233074423517165,0.6351619554944583
phase_atom,late_phase_ge7,mlp_full,ml,2593,7779,1.6548438522605682,2.0909402231960796,-0.5566183661415778,0.0323949093713845,1.6178274174368432,1.6956150447713252,-0.24470381966735055,-0.2891969089296624,-0.16692774880869482,0.5538461538461539,0.4731680695405915,0.6150352786414732
phase_atom,late_phase_ge7,early_late_gated_no_samples_0_3,ml,2593,7779,1.694330643077679,2.099258867578534,-0.5501194380632839,0.035608690062990105,1.6521405128486428,1.7372435776548634,-0.20521702885023974,-0.25505331909541795,-0.14339264916092465,0.6087912087912088,0.5307496501131848,0.6884330808858239
phase_atom,late_phase_ge7,s02b_global_template_timewalk,traditional,2593,7779,1.8995476719279187,2.3055844980778857,1.2080990667956826,0.058490808587222005,1.850139207072317,1.9402109521439501,0.0,0.0,0.0,1.0,1.0,1.0
q_template_atom,q_template_sse_train_bulk,hgb_no_samples_0_3,ml,3187,9561,1.2082939188719442,1.7955884560476914,-0.5930087176516068,0.016630059617194853,1.1795456618363245,1.238524503996089,-0.5517252196863993,-0.5938964194950104,-0.5038455397407747,0.33263598326359833,0.28582204048163656,0.39421250806682484
q_template_atom,q_template_sse_train_bulk,hgb_full,ml,3187,9561,1.214319452511004,1.7934916093861077,-0.5987961988454984,0.015897918627758603,1.1833035814999904,1.2471902625362215,-0.5456996860473395,-0.5818115317743062,-0.5063678820131251,0.3179916317991632,0.2639364023126432,0.3737551728741156
q_template_atom,q_template_sse_train_bulk,hgb_only_samples_0_3,ml,3187,9561,1.2604656128048397,1.8542927987217992,-0.5865395090445418,0.019663215144859324,1.2351845889006072,1.294298739652797,-0.49955352575350376,-0.5315917390433395,-0.45290883944905813,0.3933054393305439,0.3338190242417323,0.470262526652452
q_template_atom,q_template_sse_train_bulk,hgb_run_family_control,run_family_control,3187,9561,1.2706204201349482,1.8746704783567547,-0.6418565331749093,0.019663215144859324,1.2419394426065407,1.304226910451357,-0.4893987184233952,-0.5260705718448933,-0.4498246043250626,0.3933054393305439,0.32204079725942075,0.4641720407738714
q_template_atom,q_template_sse_train_bulk,mlp_no_samples_0_3,ml,3187,9561,1.3988674887424948,2.054405088784942,-0.38417262398053253,0.02489279364083255,1.3669010163997493,1.4392878751207527,-0.3611516498158487,-0.3907066504787257,-0.3114026757504439,0.497907949790795,0.41627244460015767,0.5636625618533513
q_template_atom,q_template_sse_train_bulk,ridge_full,ml,3187,9561,1.4119091490023803,1.9858152913610374,-0.6270020042781397,0.0223825959627654,1.3843356749907194,1.4492628472525655,-0.3481099895559632,-0.3808190082886977,-0.30003390832464544,0.4476987447698745,0.373418432079598,0.5098139255702281
q_template_atom,q_template_sse_train_bulk,cnn1d_full,ml,3187,9561,1.4267165645634574,2.0362650171633314,-0.3764902055627246,0.02489279364083255,1.3927640781099944,1.4664705584581166,-0.33330257399488605,-0.3754105476241277,-0.2705745351979001,0.497907949790795,0.41654411764705884,0.5658767979412711
q_template_atom,q_template_sse_train_bulk,ridge_no_samples_0_3,ml,3187,9561,1.4321621572287284,1.9996032292587773,-0.618572143669553,0.023428511661960045,1.4064304184336012,1.4634067904011059,-0.32785698132961505,-0.36826466540795205,-0.28370912268914605,0.4686192468619247,0.40611864713329715,0.524156654704322
q_template_atom,q_template_sse_train_bulk,mlp_only_samples_0_3,ml,3187,9561,1.435755647073544,2.0524871290724396,-0.11414647566816427,0.02625248404978559,1.4055342987865371,1.4802445193756895,-0.3242634914847995,-0.3643347252077607,-0.2746936612838257,0.5251046025104603,0.4744072075796436,0.5754983603827776
q_template_atom,q_template_sse_train_bulk,cnn1d_only_samples_0_3,ml,3187,9561,1.4397027808911187,2.0539183065442868,-0.2510776134831758,0.027193808179060766,1.411941831529595,1.469292662425137,-0.32031635766722477,-0.3679043502477875,-0.2673404267212917,0.5439330543933054,0.4692075233269086,0.6234501426240607
q_template_atom,q_template_sse_train_bulk,cnn1d_no_samples_0_3,ml,3187,9561,1.4561335551561057,2.0617841393776897,-0.3522257323014628,0.028553498588013804,1.4239755587192982,1.4836696480581169,-0.3038855834022378,-0.3454359995408165,-0.2589704052415151,0.5711297071129706,0.4864469658337583,0.6495543184451023
q_template_atom,q_template_sse_train_bulk,ridge_only_samples_0_3,ml,3187,9561,1.4647991637964974,2.0447793700122205,-0.6367682268999388,0.022800962242443257,1.4309409775462443,1.500845100121981,-0.295219974761846,-0.3428139912746786,-0.2576227897841485,0.45606694560669453,0.4003320694424572,0.5242738331678252
q_template_atom,q_template_sse_train_bulk,ridge_run_family_control,run_family_control,3187,9561,1.469030683621736,2.0513258669866103,-0.6004866525447525,0.02468361050099362,1.4404584777364127,1.5017964605855556,-0.2909884549366075,-0.3249026262051722,-0.24621978725273908,0.49372384937238495,0.41320926063990104,0.5564162514634213
q_template_atom,q_template_sse_train_bulk,early_late_gated_only_samples_0_3,ml,3187,9561,1.469202322380581,2.068971915290382,-0.4517126100645683,0.026357075619705052,1.4308806356311756,1.5040536797781365,-0.29081681617776245,-0.33578787517518044,-0.23688278174466493,0.5271966527196653,0.463109762477765,0.6010280909078209
q_template_atom,q_template_sse_train_bulk,early_late_gated_full,ml,3187,9561,1.4772364616678502,2.081958896007303,-0.26540230587869473,0.02792594916849702,1.44728476557339,1.5066169488794476,-0.2827826768904933,-0.32378738405249985,-0.23844074702659326,0.5585774058577406,0.5011085147727595,0.626112011069488
q_template_atom,q_template_sse_train_bulk,mlp_full,ml,3187,9561,1.5115885199003252,2.1066852001679472,-0.5626541642162977,0.02792594916849702,1.4715634467434882,1.5419008075422862,-0.2484306186580183,-0.30741421878826086,-0.20635894659058723,0.5585774058577406,0.49871166415284063,0.6355356650110375
q_template_atom,q_template_sse_train_bulk,early_late_gated_no_samples_0_3,ml,3187,9561,1.5692261366918443,2.098611260748432,-0.4939678095343183,0.031272879405919884,1.534799096099142,1.6051015660901937,-0.19079300186649917,-0.23427804560916368,-0.15335622123634923,0.6255230125523012,0.5648963089991824,0.7087608643167552
q_template_atom,q_template_sse_train_bulk,s02b_global_template_timewalk,traditional,3187,9561,1.7600191385583435,2.3239740688483845,1.2975001749692368,0.04999477042150403,1.720086584248176,1.796231183705472,0.0,0.0,0.0,1.0,1.0,1.0
run_family_atom,early,hgb_full,ml,705,2115,1.2040601850286134,2.0766430959794437,-0.7374515876774765,0.019858156028368795,1.147598422777856,1.2753386916696872,-0.43367801336639866,-0.49427742315099077,-0.3540399946316812,0.5915492957746479,0.36357323232323235,0.8093119901492997
run_family_atom,early,hgb_run_family_control,run_family_control,705,2115,1.2077476543253984,2.0477570215923238,-0.6921397583967135,0.01938534278959811,1.159328375166802,1.2625213218449869,-0.4299905440696137,-0.5041927337752434,-0.35810345065598004,0.5774647887323944,0.39709439212328773,0.7573701298701299
run_family_atom,early,hgb_no_samples_0_3,ml,705,2115,1.2118757213444609,2.0814018963936105,-0.7133157190031341,0.01702127659574468,1.1507322388413623,1.2640204411605342,-0.42586247705055125,-0.512415184186129,-0.3630902611706893,0.5070422535211268,0.31318030743664316,0.7425345224395857
run_family_atom,early,cnn1d_no_samples_0_3,ml,705,2115,1.2131894006143704,2.105731420719599,-0.002922223189848694,0.021749408983451537,1.1557702136177284,1.2962783514987946,-0.4245487977806417,-0.48593374459645,-0.34508400089640817,0.647887323943662,0.45115697310819264,0.8286904761904762
run_family_atom,early,hgb_only_samples_0_3,ml,705,2115,1.249611952767858,2.083682909191232,-0.6777732056061438,0.020803782505910164,1.20688499192879,1.308309393134972,-0.38812624562715414,-0.44561594720644715,-0.3089933045716204,0.6197183098591549,0.44995689655172416,0.8317267888823181
run_family_atom,early,mlp_no_samples_0_3,ml,705,2115,1.3013760204097369,2.1276895629513457,-0.20265932631046013,0.020803782505910164,1.2459751599410935,1.361951625125968,-0.33636217798527523,-0.40152517019995626,-0.2657251525011148,0.6197183098591549,0.4530287590579711,0.7894366197183097
run_family_atom,early,early_late_gated_full,ml,705,2115,1.332578068246403,2.1524890896222773,-0.31242943682858737,0.020803782505910164,1.273801182348567,1.3823009786083162,-0.3051601301486091,-0.36865814252718,-0.23283841096689742,0.6197183098591549,0.4358695652173913,0.8232927247769386
run_family_atom,early,mlp_only_samples_0_3,ml,705,2115,1.3428181323197919,2.1568361667092515,-0.17484802918681908,0.01938534278959811,1.3000890271497425,1.4103999075008342,-0.29492006607522026,-0.3516618646365531,-0.21905062116094762,0.5774647887323944,0.39985915492957746,0.7821139971139971
run_family_atom,early,cnn1d_only_samples_0_3,ml,705,2115,1.350110195790696,2.149949237567409,-0.4642794661277492,0.020803782505910164,1.3004277387368255,1.4333497153928212,-0.2876280026043161,-0.3455459652811064,-0.20881203806992255,0.6197183098591549,0.43803150473672614,0.7693548387096775
run_family_atom,early,cnn1d_full,ml,705,2115,1.3743354394933094,2.1512006395404497,-0.42305451743526845,0.022222222222222223,1.3181110296501062,1.4434966629928458,-0.2634027589017027,-0.33475264028046564,-0.19279624517523658,0.6619718309859155,0.4931794871794872,0.8677415966386555
run_family_atom,early,ridge_full,ml,705,2115,1.3795121724240245,2.153464988501136,-0.7589099935728285,0.022222222222222223,1.3053754104452076,1.4510797551636179,-0.25822602597098765,-0.3615768883129094,-0.1771785761330496,0.6619718309859155,0.49251896256422806,0.903568989071038
run_family_atom,early,ridge_no_samples_0_3,ml,705,2115,1.4004008632162386,2.1583378638571964,-0.7712469489816982,0.022222222222222223,1.3311949191552939,1.4580639449109454,-0.23733733517877353,-0.32266267526363507,-0.15746362014650978,0.6619718309859155,0.5130155145326001,0.8639037433155076
run_family_atom,early,early_late_gated_only_samples_0_3,ml,705,2115,1.4158619478542003,2.1962262728256836,-0.452831733065743,0.023167848699763592,1.344836504558103,1.5022893858015645,-0.22187625054081184,-0.3044648933165822,-0.1278084552638877,0.6901408450704225,0.4861100386100386,0.9485309772195017
run_family_atom,early,early_late_gated_no_samples_0_3,ml,705,2115,1.422675143461006,2.153977703967512,-0.3189643911132265,0.02458628841607565,1.3412354482571092,1.494100760068498,-0.21506305493400601,-0.30383670291462334,-0.1445477946874128,0.7323943661971831,0.5220343137254903,0.8883026097763046
run_family_atom,early,ridge_only_samples_0_3,ml,705,2115,1.449274547289784,2.223394476323243,-0.7132863590654992,0.026004728132387706,1.3754975825488003,1.5160576594784847,-0.188463651105228,-0.28933139702136745,-0.11161181141077064,0.7746478873239436,0.5756041426927503,1.0366642228739003
run_family_atom,early,ridge_run_family_control,run_family_control,705,2115,1.4570009524123082,2.2130499947310236,-0.7157751495422033,0.02458628841607565,1.3996793777855765,1.5280620722788083,-0.1807372459827039,-0.26994716411243674,-0.09042616105918383,0.7323943661971831,0.49835526315789475,0.9849999999999998
run_family_atom,early,mlp_full,ml,705,2115,1.5561319870656347,2.2124854406029724,-0.7773174118706478,0.026477541371158392,1.4852462938874713,1.6144517029747496,-0.0816062113293774,-0.160360343658629,0.011073780410820435,0.7887323943661972,0.5536286286286286,1.0317460317460316
run_family_atom,early,s02b_global_template_timewalk,traditional,705,2115,1.6377381983950121,2.34966775326936,1.1002583433885178,0.033569739952718676,1.5777043452443473,1.6894245993391752,0.0,0.0,0.0,1.0,1.0,1.0
run_family_atom,late,hgb_full,ml,367,1101,1.2716614784602847,1.7439306047789527,-0.7940559482737655,0.018165304268846504,1.2006063501551585,1.3773171935684763,-0.32889821520472395,-0.42476429393891824,-0.2153119562851787,0.46511627906976744,0.26961107448912336,0.7003571428571428
run_family_atom,late,hgb_no_samples_0_3,ml,367,1101,1.2762422901562154,1.721658979898951,-0.8214229567235023,0.018165304268846504,1.2136305184874994,1.3548328862678665,-0.32431740350879323,-0.4293803394812663,-0.21392651710807647,0.46511627906976744,0.2200191877198593,0.7291807432432432
run_family_atom,late,hgb_run_family_control,run_family_control,367,1101,1.2854904849201674,1.8442112911666528,-0.6388247029278062,0.01725703905540418,1.1768025133115527,1.3721846830906486,-0.31506920874484123,-0.4663219975595648,-0.2222426008824512,0.4418604651162791,0.26875000000000004,0.6973086124401913
run_family_atom,late,hgb_only_samples_0_3,ml,367,1101,1.2869508052288658,1.8287850574849531,-0.7583182811651312,0.01907356948228883,1.1773157570882804,1.4127171804594112,-0.31360888843614276,-0.4293616503003593,-0.20069650100194922,0.4883720930232558,0.2998170731707317,0.7047889610389609
run_family_atom,late,mlp_no_samples_0_3,ml,367,1101,1.324389365447388,2.0395840875688815,-0.6927378339227133,0.022706630336058128,1.2524552213602707,1.4142795719725212,-0.27617032821762066,-0.37230946475601295,-0.19369218887364006,0.5813953488372092,0.374599358974359,0.7813616071428571
run_family_atom,late,cnn1d_full,ml,367,1101,1.3307504757119446,2.061729358763934,-0.3054277331605135,0.025431425976385105,1.218889133322255,1.425792781979281,-0.269809217953064,-0.3864606997957317,-0.1699829931059967,0.6511627906976745,0.44351851851851853,0.9167763157894737
run_family_atom,late,ridge_no_samples_0_3,ml,367,1101,1.4574648753197401,2.0840157257487473,-0.8056532176448528,0.02633969118982743,1.3681349070819233,1.542340561276559,-0.1430948183452685,-0.2643540906018241,-0.060456329627949223,0.6744186046511628,0.45673123486682815,0.9357551487414185
run_family_atom,late,ridge_full,ml,367,1101,1.458598536710305,2.0629043252096246,-0.8338922130759769,0.025431425976385105,1.3757684894706612,1.5426364112268625,-0.14196115695470368,-0.25787625065169023,-0.041401732225612345,0.6511627906976745,0.45857039537126326,0.945833333333333
run_family_atom,late,cnn1d_only_samples_0_3,ml,367,1101,1.459565265744292,2.1561700686860235,-0.5605718073978707,0.030881017257039057,1.3565687204793482,1.5443654959147817,-0.1409944279207167,-0.25883764348719585,-0.05497934636408107,0.7906976744186047,0.5577277131782946,1.0916125541125539
run_family_atom,late,ridge_only_samples_0_3,ml,367,1101,1.4626122393437981,2.107875888139753,-0.8005772049400406,0.02633969118982743,1.3738548260865173,1.5592342388813063,-0.13794745432121047,-0.2603529696822048,-0.030306802259193338,0.6744186046511628,0.4511904761904762,0.9168981481481482
run_family_atom,late,ridge_run_family_control,run_family_control,367,1101,1.4638176777423375,2.1248782432302638,-0.7962247537318135,0.02815622161671208,1.3956235216829795,1.5762327530610358,-0.1367420159226711,-0.22843421091877048,-0.031780636166302986,0.7209302325581395,0.49054678475163643,1.085745341614907
run_family_atom,late,cnn1d_no_samples_0_3,ml,367,1101,1.4769413133830334,2.169449396475583,-0.8055274279833355,0.030881017257039057,1.3939724952683752,1.5770382885875596,-0.12361838028197525,-0.24885141048405907,-0.01548524045620905,0.7906976744186047,0.5404416611733687,1.1000641025641025
run_family_atom,late,early_late_gated_only_samples_0_3,ml,367,1101,1.49056803337335,2.158163715090118,-0.705798261583503,0.03178928247048138,1.3980863883646606,1.5666096008231387,-0.10999166029165863,-0.22827057674701176,-0.01611743808541724,0.8139534883720929,0.6233580508474575,1.0907169117647049
run_family_atom,late,mlp_only_samples_0_3,ml,367,1101,1.5326462351612484,2.1944990002427023,-0.6366703035494865,0.04268846503178928,1.4279712011637427,1.6090253496966462,-0.06791345850376018,-0.20527410511605826,0.015252963892711056,1.0930232558139534,0.7437362435803374,1.7727272727272712
run_family_atom,late,early_late_gated_full,ml,367,1101,1.5422115584795186,2.2034680554414745,-0.9849009492169358,0.0326975476839237,1.459739458483785,1.6134348964513605,-0.05834813518548998,-0.16716231809999105,0.034872663171135625,0.8372093023255813,0.5848663522012578,1.290417457305503
run_family_atom,late,early_late_gated_no_samples_0_3,ml,367,1101,1.5717779327840233,2.1935806412434307,-0.7847280502909157,0.035422343324250684,1.453204000301324,1.6278993046018322,-0.028781760880985274,-0.14950787810504407,0.056156942748091306,0.9069767441860466,0.6382495164410058,1.2177552552552549
run_family_atom,late,s02b_global_template_timewalk,traditional,367,1101,1.6005596936650086,2.2679560732447324,1.150232064949634,0.03905540417801998,1.5263113199544436,1.6750731379001869,0.0,0.0,0.0,1.0,1.0,1.0
run_family_atom,late,mlp_full,ml,367,1101,1.7026631224569826,2.273709382244535,-0.8705731690999841,0.03996366939146231,1.6167124059102342,1.8026032308700781,0.10210342879197398,-0.03538063260411102,0.22864646415673534,1.0232558139534884,0.7365061590145576,1.4874999999999998
run_family_atom,middle,hgb_no_samples_0_3,ml,2115,6345,1.1901876518522188,1.6942122287685937,-0.5182262426575548,0.01623325453112687,1.1550127623542503,1.2218067181788694,-0.6503288194066907,-0.7042407507783242,-0.5925817141824726,0.2861111111111111,0.22444676762178123,0.3513249234009957
run_family_atom,middle,hgb_full,ml,2115,6345,1.1995357635020127,1.6886091404721375,-0.51580820071446,0.015130023640661938,1.1647920288625366,1.230177311664684,-0.6409807077568968,-0.7050075050302677,-0.5979713670115455,0.26666666666666666,0.20647680049736591,0.3419828850237637
run_family_atom,middle,hgb_only_samples_0_3,ml,2115,6345,1.263408484749113,1.7693287919384515,-0.526046261553013,0.019858156028368795,1.2224989688297825,1.3063245009641136,-0.5771079865097966,-0.6366098028855267,-0.5238654952566564,0.35000000000000003,0.2838926103897197,0.4241084481275113
run_family_atom,middle,hgb_run_family_control,run_family_control,2115,6345,1.2963345262689248,1.8171800110119516,-0.6217843605203868,0.020646178092986602,1.2547358498717744,1.3379499816669063,-0.5441819449899847,-0.6008073826282778,-0.4836524223655303,0.3638888888888889,0.29609527135720937,0.44392814130871133
run_family_atom,middle,ridge_full,ml,2115,6345,1.413499949408209,1.902857281844431,-0.5411653978134225,0.02127659574468085,1.3761101709276882,1.4547669989668557,-0.4270165218507005,-0.4793782507929723,-0.3590760393252435,0.375,0.3126716549295775,0.43901360178007465
run_family_atom,middle,mlp_only_samples_0_3,ml,2115,6345,1.428788149086173,1.9681609711084873,-0.006919074691559501,0.023955870764381403,1.3885967069221297,1.4865220492932536,-0.4117283221727366,-0.46977432620647097,-0.36160785187016864,0.4222222222222222,0.3495431172260441,0.489940232040314
run_family_atom,middle,mlp_no_samples_0_3,ml,2115,6345,1.4365304347727186,2.0262907658288527,-0.382661397043357,0.025689519306540582,1.3964969151156377,1.480606125654246,-0.4039860364861909,-0.46684811573004953,-0.34765775274110744,0.4527777777777778,0.36065340909090915,0.5422030464199138
run_family_atom,middle,cnn1d_only_samples_0_3,ml,2115,6345,1.4391311873979054,1.983878470490932,-0.12192959395544278,0.02631993695823483,1.4039216870424682,1.48476663996207,-0.40138528386100414,-0.4569005237472462,-0.3479657412900281,0.4638888888888889,0.4133305785123967,0.5387968669121309
run_family_atom,middle,ridge_no_samples_0_3,ml,2115,6345,1.442676729321027,1.9180745981876124,-0.5382842948515645,0.02301024428684003,1.4055523437093163,1.4850024940431326,-0.3978397419378825,-0.4500585971364268,-0.34164046468152104,0.40555555555555556,0.33857526881720434,0.47924952260291576
run_family_atom,middle,mlp_full,ml,2115,6345,1.4445302448458768,2.0210990264779434,-0.4621562968537063,0.02442868400315209,1.4051982066769064,1.491644696377778,-0.3959862264130327,-0.46566078568210256,-0.34054405244667857,0.4305555555555556,0.352245670995671,0.4988186691038434
run_family_atom,middle,ridge_only_samples_0_3,ml,2115,6345,1.4623459572225548,1.9628795423611676,-0.5635968625311847,0.021434200157604413,1.4182946463328088,1.5111507124929382,-0.3781705140363547,-0.42771215487861747,-0.32853623369530094,0.37777777777777777,0.307329595338814,0.45837008317951167
run_family_atom,middle,cnn1d_full,ml,2115,6345,1.462844524829845,1.9889787542801134,-0.37757975320162984,0.025689519306540582,1.431387615874974,1.5029433549999567,-0.37767194642906454,-0.4333960321164974,-0.3009259931998871,0.4527777777777778,0.36638496104217344,0.5316044861198198
run_family_atom,middle,ridge_run_family_control,run_family_control,2115,6345,1.4666430358500246,1.9727104069375403,-0.5223900949410094,0.024743892828999213,1.4342301677819143,1.5098688349723306,-0.37387343540888485,-0.4313425585052639,-0.3176024150148541,0.4361111111111111,0.3644819078947369,0.5222434422643832
run_family_atom,middle,early_late_gated_full,ml,2115,6345,1.4695677856874165,2.0037576604256087,-0.14470255873548155,0.025374310480693458,1.4313890993765972,1.5113359194796787,-0.37094868557149296,-0.4318876581204708,-0.32050827044067925,0.4472222222222222,0.3926227349346818,0.5337726729120985
run_family_atom,middle,early_late_gated_only_samples_0_3,ml,2115,6345,1.470002255298375,2.002589619424767,-0.4135634830173984,0.025059101654846337,1.4194774203515053,1.5183339917402066,-0.3705142159605346,-0.42661109081420207,-0.30765348082112115,0.4416666666666667,0.36728545148593916,0.5141583039749474
run_family_atom,middle,cnn1d_no_samples_0_3,ml,2115,6345,1.5047494911906738,2.0146256526552797,-0.42168892597832297,0.028211189913317572,1.4618734978073944,1.5519678722439325,-0.3357669800682357,-0.3859518505284536,-0.27938347958660265,0.49722222222222223,0.40625668449197855,0.5789792155403006
run_family_atom,middle,early_late_gated_no_samples_0_3,ml,2115,6345,1.613760965131985,2.05854964038818,-0.50406471296224,0.03215130023640662,1.5657262967780565,1.6556197699561057,-0.2267555061269244,-0.285839045604141,-0.17024357527747802,0.5666666666666667,0.48124418525494106,0.6646290491118076
run_family_atom,middle,s02b_global_template_timewalk,traditional,2115,6345,1.8405164712589095,2.314264332246308,1.4010523239409878,0.05673758865248227,1.7932975922614784,1.8934758554460733,0.0,0.0,0.0,1.0,1.0,1.0
saturation_atom,amp_bulk,hgb_no_samples_0_3,ml,3014,9042,1.2034687973061742,1.782913897795779,-0.5937338002061843,0.015483300154833,1.1717216208237706,1.2402500764748714,-0.542377909222969,-0.5838160045185694,-0.5103546580166622,0.3233256351039261,0.255528942784403,0.3910387392789176
saturation_atom,amp_bulk,hgb_full,ml,3014,9042,1.2087884267266835,1.7813690409378953,-0.5989000175045973,0.015151515151515152,1.1780932280869534,1.2367077763718877,-0.5370582798024597,-0.579208475695621,-0.4883075649077848,0.31639722863741343,0.25823595296992646,0.37646941865622563
saturation_atom,amp_bulk,hgb_only_samples_0_3,ml,3014,9042,1.2543126389893284,1.8428425391837358,-0.5824424939435353,0.0185799601857996,1.228959003362342,1.2866722246921727,-0.49153406753981477,-0.5254942676747657,-0.4474576916921642,0.3879907621247113,0.3248479729729729,0.4454753484501768
saturation_atom,amp_bulk,hgb_run_family_control,run_family_control,3014,9042,1.260716022452793,1.8618586664098233,-0.6356664132121885,0.01869055518690555,1.2345912038603102,1.291024524130865,-0.4851306840763503,-0.5319147308448631,-0.4421964927133891,0.3903002309468822,0.33021880420471883,0.46287010391686645
saturation_atom,amp_bulk,mlp_no_samples_0_3,ml,3014,9042,1.3817356458033792,2.035553639224653,-0.3862449474096401,0.023667330236673303,1.3534041957667111,1.4215282484916065,-0.36411106072576405,-0.40796778867692196,-0.32122871338639597,0.4942263279445728,0.42652802294792586,0.5728030303030303
saturation_atom,amp_bulk,ridge_full,ml,3014,9042,1.3936999669811785,1.9614668071785086,-0.6369304118663521,0.02090245520902455,1.364228977198256,1.4316874318270674,-0.3521467395479647,-0.40218950028589184,-0.30814062182255275,0.43648960739030024,0.3724307799450029,0.49892666350019343
saturation_atom,amp_bulk,cnn1d_full,ml,3014,9042,1.4103225132499047,2.0172154825953004,-0.37660636906303324,0.023335545233355452,1.3689730322097147,1.4376940849839441,-0.33552419327923855,-0.3832570557960233,-0.2905162873073064,0.48729792147806006,0.40200824291954346,0.5401915181691125
saturation_atom,amp_bulk,ridge_no_samples_0_3,ml,3014,9042,1.4153585073015007,1.9762601995885345,-0.6291445523513772,0.021897810218978103,1.3874577091420208,1.445951368950613,-0.3304881992276425,-0.3908860564771357,-0.28645630833199587,0.4572748267898384,0.3905823013415892,0.528879015721121
saturation_atom,amp_bulk,cnn1d_only_samples_0_3,ml,3014,9042,1.4171226626043976,2.033977418740877,-0.25327954578078504,0.025547445255474453,1.3804443025804891,1.4519872509650824,-0.32872404392474563,-0.3707338893950026,-0.2877535766001644,0.5334872979214781,0.4644619423216707,0.613961340101109
saturation_atom,amp_bulk,mlp_only_samples_0_3,ml,3014,9042,1.4239284215187635,2.0340651048062726,-0.12583027961677118,0.0249944702499447,1.3923143855970948,1.461252159269219,-0.32191828501037967,-0.3608371285221313,-0.27644463895267407,0.5219399538106235,0.44463554463554467,0.6054503532182104
saturation_atom,amp_bulk,cnn1d_no_samples_0_3,ml,3014,9042,1.4282487749202804,2.0402263328691705,-0.35040302324774686,0.027095775270957752,1.3927737412060948,1.4617638399906578,-0.31759793160886285,-0.37333230040331494,-0.27039158315911327,0.5658198614318707,0.4688977317471871,0.6410299738127255
saturation_atom,amp_bulk,early_late_gated_only_samples_0_3,ml,3014,9042,1.4443662577988896,2.0499018722869837,-0.45232351556010286,0.02466268524662685,1.4120649547664723,1.484454150834419,-0.3014804487302536,-0.3581444976491757,-0.2585652255828604,0.5150115473441108,0.4431429305102155,0.5814616857564472
saturation_atom,amp_bulk,ridge_only_samples_0_3,ml,3014,9042,1.4444281936750578,2.0258683257451224,-0.6366292584704603,0.021566025215660253,1.410501910058172,1.4745237582290691,-0.3014185128540854,-0.3538515954052341,-0.2596399143823723,0.45034642032332567,0.37988047245390133,0.5216383628726105
saturation_atom,amp_bulk,ridge_run_family_control,run_family_control,3014,9042,1.4472119998432718,2.0320113198751857,-0.5996962696531902,0.023446140234461402,1.4142853938147817,1.4840928326082627,-0.29863470668587144,-0.34133180051539536,-0.25570611780776287,0.489607390300231,0.41824373543123544,0.5536646399849307
saturation_atom,amp_bulk,early_late_gated_full,ml,3014,9042,1.4537016685217852,2.058375358391648,-0.2714250542984402,0.026100420261004204,1.4177793743086142,1.488216910795301,-0.292145038007358,-0.33935881420381936,-0.25663211919208173,0.5450346420323327,0.48341535280032344,0.6178282828282828
saturation_atom,amp_bulk,mlp_full,ml,3014,9042,1.4976879148378501,2.0911537447517268,-0.5633751026599612,0.02665339526653395,1.4627595444773778,1.5390097024563656,-0.24815879169129307,-0.2943598403728444,-0.183854768508652,0.5565819861431871,0.49038868765672894,0.6148905680854249
saturation_atom,amp_bulk,early_late_gated_no_samples_0_3,ml,3014,9042,1.5442160613519196,2.0753913472404384,-0.4939901093739216,0.029418270294182702,1.5103705322551026,1.5805656578926746,-0.20163064517722362,-0.24954632984919298,-0.15756507454286564,0.6143187066974596,0.5445300682375878,0.6802217790669567
saturation_atom,amp_bulk,s02b_global_template_timewalk,traditional,3014,9042,1.7458467065291432,2.3097692750509884,1.2806257315479357,0.04788763547887635,1.7061532169734515,1.7844637529868344,0.0,0.0,0.0,1.0,1.0,1.0
saturation_atom,amp_top5_proxy,hgb_full,ml,173,519,1.2888800008698185,1.9905732707785788,-0.5945079625038829,0.028901734104046242,1.1673738703603727,1.456211223938972,-0.726900535878382,-0.9433821512755624,-0.4602962165126876,0.36585365853658536,0.17324168797953965,0.6055727554179565
saturation_atom,amp_top5_proxy,hgb_no_samples_0_3,ml,173,519,1.295146336544685,2.0016756179969866,-0.5726940131857319,0.036608863198458574,1.166892990909849,1.4640055260377045,-0.7206342002035155,-0.9687520809098549,-0.4564130609439967,0.4634146341463415,0.23481717011128775,0.7113888888888888
saturation_atom,amp_top5_proxy,hgb_only_samples_0_3,ml,173,519,1.3828176505119234,2.0385675738941815,-0.677910726656286,0.038535645472061654,1.2599018778829207,1.4968897489542399,-0.6329628862362771,-0.8400900785666051,-0.3971982404988243,0.4878048780487805,0.31521181001283693,0.7278409090909089
saturation_atom,amp_top5_proxy,hgb_run_family_control,run_family_control,173,519,1.4489863125528961,2.0790873577934463,-0.7404117719347241,0.036608863198458574,1.2658356291543373,1.54431879982316,-0.5667942241953043,-0.8223681531095445,-0.36325338765276505,0.4634146341463415,0.24256678281068525,0.6857589285714285
saturation_atom,amp_top5_proxy,mlp_only_samples_0_3,ml,173,519,1.7120703178639063,2.3399679023445037,0.16781346624613036,0.03468208092485549,1.560284420520981,1.862345866274186,-0.30371021888429417,-0.5461021245147994,-0.12481696401560997,0.4390243902439024,0.28564690026954176,0.6739769820971867
saturation_atom,amp_top5_proxy,mlp_no_samples_0_3,ml,173,519,1.7277251442088204,2.3564001554956926,-0.27490392086470194,0.046242774566473986,1.5807153355112569,1.85545218821254,-0.28805539253938006,-0.5472237559079888,-0.0804989935543488,0.5853658536585366,0.399375,0.8006249999999997
saturation_atom,amp_top5_proxy,ridge_full,ml,173,519,1.7634579337837093,2.367725795581919,-0.4716655271085628,0.05202312138728324,1.603259372686384,1.921543444741159,-0.25232260296449116,-0.5178045005777043,-0.04303049150338883,0.6585365853658537,0.42552367941712205,0.9273427471116815
saturation_atom,amp_top5_proxy,mlp_full,ml,173,519,1.7734929763559129,2.3609060466681013,-0.5443460066110077,0.05009633911368015,1.5840529997162391,1.9520656600706314,-0.2422875603922876,-0.4826107123873864,-0.010542438191453197,0.6341463414634146,0.44796640141467725,0.9314072693383036
saturation_atom,amp_top5_proxy,ridge_no_samples_0_3,ml,173,519,1.7979922959009833,2.3668666847965576,-0.46043983290495305,0.05009633911368015,1.60135796643428,1.941215140642465,-0.21778824084721715,-0.4460663897822932,0.0029245973898238227,0.6341463414634146,0.43584905660377354,0.9323322510822509
saturation_atom,amp_top5_proxy,early_late_gated_only_samples_0_3,ml,173,519,1.8117376444744995,2.376731996644699,-0.426369144024477,0.055876685934489405,1.7303308910749562,1.9894700346753071,-0.20404289227370098,-0.39962126270150217,0.05311878872568164,0.7073170731707318,0.44997448979591836,0.9390624999999995
saturation_atom,amp_top5_proxy,ridge_only_samples_0_3,ml,173,519,1.8246548941979397,2.3491339648943588,-0.6394080347631501,0.04431599229287091,1.676064988241042,1.956670385298657,-0.19112564255026077,-0.4240669149360682,0.034720353298327504,0.5609756097560976,0.3901468957871397,0.8202142857142856
saturation_atom,amp_top5_proxy,cnn1d_full,ml,173,519,1.8384466730076703,2.3427521757936987,-0.3736179028637494,0.05202312138728324,1.726379723478557,1.9772121124777404,-0.17733386374053017,-0.393386793628364,0.038865808012545335,0.6585365853658537,0.4052702702702703,0.8970102714600144
saturation_atom,amp_top5_proxy,ridge_run_family_control,run_family_control,173,519,1.8520347857639197,2.3624241776488386,-0.6487598933668792,0.04816955684007707,1.7210101769185464,1.9613942024532882,-0.1637457509842808,-0.4831711305816594,0.04996760627882943,0.6097560975609756,0.39391233766233763,0.7813133445945946
saturation_atom,amp_top5_proxy,cnn1d_no_samples_0_3,ml,173,519,1.864957925928719,2.4030866350373703,-0.44717584500551055,0.06165703275529865,1.7423340999525898,1.978579993190814,-0.15082261081948145,-0.4662431423096059,0.11303011217930317,0.7804878048780488,0.4753968253968254,1.0006249999999999
saturation_atom,amp_top5_proxy,cnn1d_only_samples_0_3,ml,173,519,1.9031443245354396,2.374454827334284,-0.21028655093426352,0.055876685934489405,1.7404809516701925,2.069931267866892,-0.11263621221276088,-0.3610825269605423,0.06829617666052133,0.7073170731707318,0.44395833333333334,1.0
saturation_atom,amp_top5_proxy,early_late_gated_full,ml,173,519,1.9074611971061124,2.4561331458329536,-0.17517220126924116,0.055876685934489405,1.7172955086012989,2.0210230155160924,-0.10831933964208806,-0.33904065813371087,0.11219469998389908,0.7073170731707318,0.4736068111455108,0.9450757575757575
saturation_atom,amp_top5_proxy,early_late_gated_no_samples_0_3,ml,173,519,1.9970983476505015,2.46815864807448,-0.4562856091046399,0.06551059730250482,1.8618300442632478,2.157255925534622,-0.01868218909769892,-0.2891391456174674,0.22825392365917155,0.8292682926829269,0.53484496124031,1.1435960591133
saturation_atom,amp_top5_proxy,s02b_global_template_timewalk,traditional,173,519,2.0157805367482005,2.5454571640445645,1.607042791415907,0.0789980732177264,1.764353515304936,2.233013503853612,0.0,0.0,0.0,1.0,1.0,1.0
