method,value,reference_value,delta,pass
template_phase_base,2.889152765080617,2.889152765080617,0.0,True
s03a_amp_only_global,1.494640076269676,1.494640076269676,0.0,True
