method,n_pair_residuals,n_events,n_runs,median_ns,sigma68_ns,full_rms_ns,tail_frac_abs_gt5ns,mae_ns,core_sigma_ns,core_mu_ns,core_chi2_ndf,pull_width_ml_tail_prob,sigma68_ci_low,sigma68_ci_high,full_rms_ci_low,full_rms_ci_high,tail_ci_low,tail_ci_high
raw_cfd20_pair_centered,13410,4470,21,0.000223164488524219,1.681644797133409,5.789492463919804,0.015287099179716629,1.7572795453073304,1.632651162151236,0.06467151684009087,4.577686191912439,35.84572834625298,1.6311331200304982,1.7411527971266607,4.352211070436714,7.207468165417407,0.010903130438414023,0.0193481674819703
traditional_ridge_pathology,13410,4470,21,0.17992018894370487,2.003341292565779,5.277828773818127,0.0348993288590604,2.01013931562033,1.851813914582201,-0.0066541919358824786,1.4073221782184113,42.550331081272766,1.9383367720709936,2.097661769509843,4.050252142922249,6.381314194860178,0.027690715235137258,0.04201251717785145
ml_rf_pathology,13410,4470,21,0.050711367505710314,1.2489430447354053,4.012534589988875,0.014392244593586876,1.3014205441086932,1.2424393129836389,-0.015668252621468298,1.4534796743607674,30.056408532990247,1.2018385737186719,1.3110548717824893,2.7776923695762332,5.252767754891975,0.010377465987423515,0.01784532330498257
ml_shuffled_target_control,13410,4470,21,0.2506629924499059,1.7532830565464166,5.740286717612091,0.019686800894854587,1.8231316326585272,1.693038693018122,0.04930577446225983,5.342974746417756,37.62562133905353,1.7075710852918726,1.8148950738202871,4.128280141117621,7.114927279733175,0.01631640046435291,0.0239544708437283
ml_intentional_oracle,13410,4470,21,0.0008568025641898817,0.017593838208321555,1.3079013435977551,0.005443698732289336,0.11197810625949361,0.10596413264313576,-1.609023435393429e-05,1.4466284644069125,8.42712856004338,0.012942327144752524,0.02401132681688288,0.8683719482918606,1.8582063556123019,0.002809422877010951,0.008136443809964667
