method,n_events,n_pair_residuals,sigma68_ns,ci_low,ci_high,full_rms_ns,delta_vs_s02_ridge_ns,delta_ci_low,delta_ci_high
analytic_timewalk,66,198,1.494640076269676,1.301862842105124,1.6658085262504574,1.6991283591200679,-0.35147358528321004,-0.6075939023076119,0.03999955442135688
s02_ridge_cfd20,66,198,1.8461136615528861,1.4526139948629437,2.0273490929282896,1.7098037987509727,0.0,0.0,0.0
mlp_waveform,66,198,1.9272329327513156,1.622671472365498,2.260341063355349,1.9786382482069755,0.08111927119842943,-0.12877285902692193,0.4444202303349212
template_phase,66,198,2.889152765080617,2.6391527650806132,3.2771839114883825,2.5766948897254753,1.0430391035277307,0.70244120168863,1.631373819069065
cfd20_reference,66,198,2.9933861916712807,2.659534745024927,3.360054546977972,2.7426839288126446,1.1472725301183946,0.7289704160084198,1.7537826337227338
