method,n_events,n_pair_residuals,sigma68_ns,ci_low,ci_high,full_rms_ns,delta_vs_s02_ridge_ns,delta_ci_low,delta_ci_high
analytic_timewalk,66,198,1.494640076269676,1.301862842105124,1.6658085262504574,1.6991283591200679,-0.35147358528321004,-0.6075939023076119,0.03999955442135688
template_phase,66,198,2.889152765080617,2.6391527650806132,3.2771839114883825,2.5766948897254753,1.0430391035277307,0.70244120168863,1.631373819069065
