method,metric,bootstrap_unit,value,ci_low,ci_high,n_pair_residuals,median_ns,sigma68_ns,full_rms_ns,tail_frac_abs_gt5ns,core_sigma_ns,chi2_ndf
analytic_timewalk,pooled_leave_one_run_out_pairwise_sigma68_ns,heldout_run,1.5510917109777833,1.3703984521184651,1.9275611868355018,11460,1.49475129012459,1.5510917109777833,2.6669889969286347,0.019109947643979056,1.6213842800051415,47.01860845754314
ml_ridge_on_template_phase,pooled_leave_one_run_out_pairwise_sigma68_ns,heldout_run,1.5369230041797883,1.345608054400737,1.8177913670669286,11460,1.4786247607230116,1.5369230041797883,2.590413768392444,0.01736474694589878,1.6093397037913317,31.647966427058424
s03b_binned_timewalk,pooled_leave_one_run_out_pairwise_sigma68_ns,heldout_run,1.6451494274970766,1.3217498254041793,1.9444633146125216,11460,1.4256597686321761,1.6451494274970766,2.7160339836912515,0.019458987783595113,1.740123737064185,116.70364713759763
template_phase_base,pooled_leave_one_run_out_pairwise_sigma68_ns,heldout_run,2.7414145300852155,2.6842165631742354,2.992319268962799,11460,-3.7226235857461702,2.7414145300852155,3.308372978304417,0.08132635253054102,1.4378711374428605,145.19549907160268
