method,value,ci_low,ci_high,n_pair_residuals,s03a_report_value,delta_ns,pass
template_phase_base,2.889152765080617,2.6391527650806132,3.1393535437408135,198,2.889152765080617,0.0,True
analytic_timewalk,1.494640076269676,1.342613361106658,1.6413476137341512,198,1.494640076269676,0.0,True
s03b_binned_timewalk,1.5695763825403084,1.3527038576781776,1.819576382540312,198,1.5695763825403084,0.0,True
ml_ridge_on_template_phase,1.3915306248207993,1.2913463444531292,1.5903544417799735,198,1.3915306248207993,0.0,True
