method,run,n_test_records,accuracy,precision,recall,f1,false_positive,false_negative,roc_auc,average_precision,heldout_runs,accuracy_ci_low,accuracy_ci_high,notes
traditional median-first-four gate,"57,65",278832,1.0,1.0,1.0,1.0,0,0,1.0,1.0,"57,65",1.0,1.0,deterministic raw selector definition
dynamic-range selector,"57,65",278832,0.9854464336948413,0.8687962753402955,1.0,0.9297923875432526,4058,0,0.9940899077199685,0.929971548440765,"57,65",0.9763537271448663,0.9928495211326255,intentional semantic-drift comparator
ML logistic honest raw summaries,"57,65",278832,0.9977262294141275,0.9796701890379904,0.9970972423802612,0.9883068978236813,556,78,0.9999743228067163,0.9997641399777915,"57,65",0.9977162710805746,0.9977384605549162,run-group CV selected C=10.0
ML leakage sentinel with median_amp,"57,65",278832,0.9997884030527343,0.9978091347939101,1.0,0.9989033661084367,59,0,0.9999999839006127,0.999999849184889,"57,65",0.9997332396418905,0.9998561565017261,contains the direct selector-rule feature
