method,run,n_test_records,accuracy,precision,recall,f1,false_positive,false_negative,roc_auc,average_precision
traditional median-first-four gate,57,125136,1.0,1.0,1.0,1.0,0,0,1.0,1.0
traditional median-first-four gate,65,153696,1.0,1.0,1.0,1.0,0,0,1.0,1.0
dynamic-range selector,57,125136,0.9763537271448663,0.8237851357789423,1.0,0.9033795918367347,2959,0,0.9920496995897584,0.9269985825464248
dynamic-range selector,65,153696,0.9928495211326255,0.9222607342434745,1.0,0.9595584176632934,1099,0,0.9969516611940971,0.952827102508697
ML logistic honest raw summaries,57,125136,0.9977384605549162,0.9831693053772643,0.9966023277669341,0.9898402441213426,236,47,0.9999696016196684,0.9997592928023247
ML logistic honest raw summaries,65,153696,0.9977162710805746,0.9759885945824267,0.9976223347139132,0.986686895505405,320,31,0.9999794247120928,0.9997837217273627
ML leakage sentinel with median_amp,57,125136,0.9998561565017261,0.9987004548408057,1.0,0.9993498049414824,18,0,0.9999999876595682,0.9999999007261312
ML leakage sentinel with median_amp,65,153696,0.9997332396418905,0.9968652037617555,1.0,0.9984301412872841,41,0,0.9999999803696933,0.9999997887109042
