g4_entry,primary_pdg,primary_ekin_mev,primary_time_ns,truth_stave,truth_layer,pid_label,pid_name,dominant_pdg,g4_total_edep_mev,g4_dominant_edep_mev,g4_first_time_ns,g4_energy_weighted_time_ns,g4_n_sci_hits,g4_n_bstack_layers,g4_track_length_sum_mm
11163,2212,102.49216176832168,0.0,B4,2,1,deuteron,1000010020,82.1430592303658,48.17096095102824,8.695327425606598,11.672679580910781,8,2,225.54955324420473
26415,2212,72.93968898546503,0.0,B2,0,1,deuteron,1000010020,59.088758530215344,32.41747247205703,10.030358383280449,10.527267751320307,2,1,220.16631218188448
23534,2212,164.89210136009453,0.0,B8,6,0,proton,2212,54.31162888940517,18.18573213196287,6.995901806480069,7.474420580846185,4,4,469.72943062540696
18964,2212,148.88983139865599,0.0,B4,2,1,deuteron,1000010020,50.225211409775596,13.88232755585033,7.239731860293739,7.52422784654169,6,2,224.9132412621997
12339,2212,151.84434487289138,0.0,B8,6,0,proton,2212,81.29505823866512,35.17364788263679,7.207898798365062,7.822585210617528,4,4,464.75266361305916
8774,2212,64.99300515377189,0.0,B4,2,1,deuteron,1000010020,83.22108416372551,58.57846171608451,10.698933977339044,11.004040947639437,2,2,225.7361617076047
18268,2212,167.50882334611782,0.0,B8,6,0,proton,2212,56.02682762122559,17.99383876196372,7.028509251428349,7.499854448773712,4,4,474.2243194884421
27203,2212,148.25135374150193,0.0,B8,6,0,proton,2212,77.32073521242096,31.37439235198404,7.281574956551431,7.892212191840588,4,4,464.6864446742727
3474,2212,62.569842072364644,0.0,B4,2,1,deuteron,1000010020,96.6248255092662,38.50516187998027,10.563989928248745,10.930136054707074,4,2,225.7219163010608
9399,2212,152.04329984026953,0.0,B6,4,0,proton,2212,73.6607780959583,20.780953736461043,7.204399878411525,7.703973074533067,10,3,228.25891464628182
13572,2212,73.45494779067621,0.0,B2,0,0,proton,2212,72.59782818531582,37.923222809392655,10.7291875123007,10.89780464468437,2,1,220.0114785557205
26291,2212,158.75273195694012,0.0,B8,6,0,proton,2212,72.82878307304975,31.027559620370365,7.059692333191393,7.633992949509414,4,4,464.4273226624071
20923,2212,61.673956907842374,0.0,B4,2,1,deuteron,1000010020,65.12646839974015,41.862465684044984,10.512841327138801,10.783687130892117,2,2,226.1318658948443
1690,2212,82.70453491701512,0.0,B2,0,1,deuteron,1000010020,82.52424341020225,38.72028071293397,9.494712961475729,10.42747596436817,6,1,218.52475429037747
2075,2212,153.83218963404323,0.0,B8,6,0,proton,2212,87.86540194669057,42.65896858565573,7.186852659623684,7.8204079984277355,4,4,465.6491908804558
22716,2212,112.82923309617279,0.0,B2,0,1,deuteron,1000010020,41.81339179994064,41.81339179994064,13.29807893396072,13.298078933960719,1,1,110.41936279956671
23328,2212,159.89454806792054,0.0,B8,6,0,proton,2212,69.19470728740723,27.626062820548434,7.0791602629356705,7.630695724585167,4,4,466.6194554082224
29339,2212,119.2118579386062,0.0,B2,0,1,deuteron,1000010020,66.45633878033829,63.3825789709254,14.332030081549002,14.334913668189902,2,1,111.65389101120563
12640,2212,78.25607713283502,0.0,B2,0,1,deuteron,1000010020,36.06242839443766,36.06242839443766,11.20598361599041,11.20598361599041,1,1,109.54166333351463
13453,2212,164.92393139282075,0.0,B8,6,0,proton,2212,53.73402296568953,17.708470249365963,7.003409464623572,7.476744773593595,4,4,470.4578362926702
11616,2212,123.37615315815349,0.0,B2,0,1,deuteron,1000010020,32.18479122031067,32.18479122031067,14.957906369303188,14.957906369303188,1,1,112.01183925038151
11074,2212,167.48589827654988,0.0,B8,6,0,proton,2212,54.78918902440496,18.06930149884574,7.007189677218669,7.482259639191155,4,4,473.4484624790409
437,2212,52.77575452471412,0.0,B4,2,1,deuteron,1000010020,58.908323829850005,36.4451567195694,10.337111104980918,10.58989556333916,2,2,228.16873409810745
13250,2212,109.04887699640834,0.0,B2,0,1,deuteron,1000010020,54.9764605335003,40.00242034924598,8.426660599390532,11.863359423767193,3,2,338.4895149177421
17225,2212,87.46687494087884,0.0,B2,0,1,deuteron,1000010020,75.08822506563786,45.815490335618826,9.33864482975355,10.749719572900656,2,1,218.72266705293845
16249,2212,121.79940343280342,0.0,B2,0,1,deuteron,1000010020,63.49421456019278,63.49421456019278,14.631014869944854,14.631014869944854,1,1,111.52524139786738
4701,2212,116.63887117220324,0.0,B2,0,1,deuteron,1000010020,53.60427201226076,53.60427201226076,13.96562029910375,13.96562029910375,1,1,111.0185046907578
22522,2212,151.84417171810276,0.0,B8,6,0,proton,2212,87.16756570389167,42.685222551391284,7.154912422018405,7.793996304698537,4,4,462.2367935283323
20160,2212,68.333972240263,0.0,B4,2,1,deuteron,1000010020,64.95984528154096,37.72629422791871,10.752883448887074,11.038691396120916,2,2,223.20742952166216
21789,2212,169.41845682837817,0.0,B4,2,0,proton,2212,21.976406420064198,11.86533394600253,7.0302376572532905,7.17109667627819,2,2,231.13708606750004
22571,2212,91.22354691740941,0.0,B2,0,1,deuteron,1000010020,83.65640470458403,55.53404418178865,9.143394992754203,11.038598503396123,2,1,218.57644514528334
18853,2212,56.88551452543286,0.0,B4,2,1,deuteron,1000010020,61.16671721200076,38.35772519500548,10.34997938642976,10.609506457038938,2,2,226.1329094923764
8953,2212,167.72782643915048,0.0,B2,0,1,deuteron,1000010020,53.19942960857811,14.558527847200555,7.022547428007325,7.067362352951686,7,1,112.03017288124227
9885,2212,101.3171635363288,0.0,B2,0,1,deuteron,1000010020,101.423880493684,52.98745118871149,8.630750620840432,10.863859288260018,3,2,334.8847648749712
22779,2212,93.7531012744978,0.0,B2,0,1,deuteron,1000010020,89.0906644901031,64.20936273845582,9.017031939128255,11.232043428096445,2,1,219.07108508052528
11660,2212,59.392812817559,0.0,B4,2,1,deuteron,1000010020,63.885441468278735,40.69894954470526,10.468604625318031,10.736421833864974,2,2,226.35622442278736
25402,2212,88.1714630515569,0.0,B2,0,1,deuteron,1000010020,90.44541914696256,55.1361412104994,9.499483033088156,10.925737283621874,3,1,218.78658944222894
7863,2212,103.25862520037593,0.0,B2,0,1,deuteron,1000010020,108.31719016902173,45.65737103910107,8.66457942240934,10.732881635577654,4,2,334.6968970388267
651,2212,98.02889934672903,0.0,B2,0,1,deuteron,1000010020,76.95353094474953,58.228610041860684,8.699580982905788,11.481061950422324,3,2,219.70700065154006
19990,2212,138.2272418938693,0.0,B8,6,0,proton,2212,81.91219456500505,35.8926808444051,7.4604718644513905,8.083459803635096,4,4,464.68643084747856
18882,2212,159.99527991872057,0.0,B8,6,0,proton,2212,58.88101928675684,20.11734462240013,7.038048161381215,7.530665869446157,4,4,466.80203546955454
11500,2212,56.95256791622158,0.0,B4,2,1,deuteron,1000010020,59.396794854071274,36.90706974000503,10.372751988067098,10.6288724183795,2,2,226.62645956840157
2341,2212,107.67758068837281,0.0,B2,0,1,deuteron,1000010020,45.97942478258873,44.47990270232223,12.968971428785114,12.977307030477458,2,1,110.09541489097718
1590,2212,77.44531498270221,0.0,B2,0,1,deuteron,1000010020,36.0256280898285,36.0256280898285,11.143360841842398,11.143360841842398,1,1,108.97088501279836
1798,2212,58.55334192013817,0.0,B4,2,1,deuteron,1000010020,58.414535724848875,36.975947511627346,10.435022388556455,10.695878751511295,2,2,226.7116675354018
564,2212,157.83625366695668,0.0,B8,6,0,proton,2212,75.36010968190574,33.33270978844517,7.115489245891787,7.7070734008092225,4,4,466.85772944330176
3005,2212,103.0629290817422,0.0,B4,2,0,proton,2212,97.78893497937237,44.07241046917854,8.729652855977136,10.246778562554498,3,2,336.4847968124358
8633,2212,97.75389444177189,0.0,B2,0,1,deuteron,1000010020,117.07601909301653,55.18999978238523,8.837003624968027,10.727188388549406,3,2,333.5906630362334
16206,2212,130.8855296621533,0.0,B6,4,0,proton,2212,57.32389216952693,26.6793991819023,7.695883454017858,8.081705145515336,4,3,344.93572114925917
4246,2212,85.06744470234375,0.0,B2,0,0,proton,2212,74.09627892180748,36.79867329462757,9.579863757857519,10.619451158948086,6,1,218.63647408120764
10688,2212,69.45406369496972,0.0,B2,0,1,deuteron,1000010020,74.32508652023282,31.07565185687131,10.87424971351751,11.456551262331192,6,1,222.14570955210317
11385,2212,125.16894505102279,0.0,B2,0,1,deuteron,1000010020,60.348739034645966,52.25652704609899,15.008667788772811,15.046876199741078,2,1,111.66806949917125
20937,2212,169.57430660916162,0.0,B4,2,0,proton,2212,24.030342433557017,12.7252197545761,7.03794312375558,7.176303229036788,2,2,231.22669114243433
19218,2212,130.41667900464984,0.0,B6,4,0,proton,2212,51.46031701960917,23.38569334526148,7.684368195694125,8.057173074409837,3,3,345.11179971874253
13474,2212,162.6278810456651,0.0,B8,6,0,proton,2212,57.21775711761184,19.54531047715658,7.056843192873047,7.547716523412854,4,4,470.786846497133
29102,2212,148.26775532403676,0.0,B8,6,0,proton,2212,75.24434508696541,28.431232296663886,7.270608821034549,7.8654955636686665,4,4,463.661905748959
18462,2212,65.81089049182478,0.0,B4,2,1,deuteron,1000010020,80.88362740563555,38.22402460781293,10.601466048562793,10.968481645639335,6,3,230.07473286674488
3368,2212,148.44268824065233,0.0,B8,6,0,proton,2212,73.70349131531154,26.154574552794664,7.25667285395102,7.840278919637461,4,4,463.37920709465885
22786,2212,77.80896329583764,0.0,B2,0,1,deuteron,1000010020,61.83756483906929,35.73081401841935,9.875603375964705,10.655423862082218,2,1,219.26880361855535
2711,2212,91.91449565775594,0.0,B2,0,1,deuteron,1000010020,91.68878348621992,63.9652381784019,9.204743028937486,11.234455413170275,2,1,218.81577449088155
21920,2212,106.45092577776752,0.0,B2,0,1,deuteron,1000010020,57.515834032402786,38.64872263536522,8.689930668252279,11.54487560752832,3,1,222.4989526123558
8535,2212,130.28119714240063,0.0,B6,4,0,proton,2212,52.827409471699355,24.200839204986192,7.785403870731482,8.159177824441684,3,3,348.03584326638884
23881,2212,99.65877160058838,0.0,B2,0,1,deuteron,1000010020,110.59682835238031,55.214348793858505,8.647936546234723,10.741189881928848,3,2,333.46689843723027
29496,2212,166.50983210785293,0.0,B6,4,0,proton,2212,51.93596790950754,29.865895029835425,6.972172274479557,7.348662012640714,3,3,228.57418218416268
1273,2212,164.364598309851,0.0,B8,6,0,proton,2212,57.56134755323113,18.978781507628266,7.03580688065766,7.515000494230807,4,4,471.20560364759336
17752,2212,94.74277908214833,0.0,B2,0,1,deuteron,1000010020,85.49779806339964,58.98066255051233,9.074534332077027,11.332498713743583,2,1,219.1044789901678
14441,2212,139.10065684416753,0.0,B4,2,0,proton,2212,39.70807845568234,17.39795950735477,7.4594670199512905,7.727181883747964,4,3,342.2021078875555
14471,2212,167.07525419526345,0.0,B8,6,0,proton,2212,53.906411543439155,17.760968342076353,7.012287167426308,7.485653917545008,4,4,473.02028320824877
8537,2212,89.01955198883496,0.0,B2,0,1,deuteron,1000010020,53.322831160519065,50.600405957622435,9.403363885985097,11.751129211225786,2,1,219.21074203091428
1481,2212,158.37142832191685,0.0,B8,6,0,proton,2212,75.58072442368372,32.342876010164666,7.094792159476435,7.6720311837720905,4,4,465.59027046416884
3184,2212,116.30186574233605,0.0,B2,0,1,deuteron,1000010020,47.027411003417896,47.027411003417896,13.642389384648698,13.642389384648698,1,1,110.98012820486406
25357,2212,170.31865123266414,0.0,B2,0,0,proton,2212,4.488706675086168,4.488706675086168,7.017782412040161,7.017782412040161,1,1,112.83382612444132
23079,2212,153.2951511907522,0.0,B8,6,0,proton,2212,90.50341975697975,45.452201895750925,7.124730524049462,7.766257377002197,4,4,462.1069385041934
3488,2212,141.33343706166644,0.0,B6,4,0,proton,2212,56.09057260336586,25.41150142112737,7.432722404702507,7.808087161223026,3,3,342.71778217187824
12968,2212,141.53665002833407,0.0,B6,4,0,proton,2212,66.13910924843428,15.982812653296557,7.39856122076044,7.83680519019685,8,3,348.6020951379988
22880,2212,59.566380312413166,0.0,B4,2,1,deuteron,1000010020,65.11001085518325,40.97258332111917,10.44327002261862,10.71367788919829,3,2,225.6493750520548
7527,2212,163.41112926969433,0.0,B8,6,0,proton,2212,56.54423168943791,19.404600987448802,6.99660792807527,7.480923910736301,4,4,468.4213307216079
29982,2212,92.41316284064116,0.0,B2,0,0,proton,2212,28.238516953019513,28.238516953019513,9.210951008025447,9.210951008025447,1,1,109.32569246894079
26950,2212,110.39129325644585,0.0,B2,0,1,deuteron,1000010020,41.38043140327108,41.092299918224235,13.233285848266531,13.247192000090605,3,1,112.11669703413936
14973,2212,112.7173906525718,0.0,B2,0,1,deuteron,1000010020,47.06577239069401,47.06577239069401,13.614256173230435,13.614256173230434,1,1,110.51560808798811
15863,2212,155.45278748030933,0.0,B8,6,0,proton,2212,80.92361629608598,36.880590470374365,7.119339584008868,7.719526976278808,5,4,464.27205746867725
17022,2212,165.18035936734668,0.0,B8,6,0,proton,2212,55.69746575800627,17.973336341469015,7.011704744795176,7.478853112438245,4,4,471.4623158024283
28873,2212,160.19747169625225,0.0,B8,6,0,proton,2212,59.09851756324045,20.254149003680826,7.052909572983976,7.546322044579055,4,4,468.10466910809976
28098,2212,78.57069770285187,0.0,B2,0,0,proton,2212,80.43960466207972,45.96787764249418,9.722127640574318,10.36325323054688,2,1,218.6757689219532
19178,2212,127.21934532543695,0.0,B6,4,0,proton,2212,56.725980697126516,27.04142251499506,7.889238832947347,8.282944176362873,3,3,348.92591042529267
14840,2212,159.93345791705144,0.0,B8,6,0,proton,2212,68.8521636359784,27.445508949471503,7.0277711526054985,7.581507525686214,4,4,464.16613374224676
2661,2212,137.43581312651625,0.0,B8,6,0,proton,2212,78.51045332146865,32.13176863968733,7.548098130186684,8.157557512189141,4,4,467.35571957935116
20029,2212,116.66095996543372,0.0,B2,0,1,deuteron,1000010020,48.25163840454325,48.25163840454325,13.847089255441572,13.847089255441572,1,1,111.29702871484588
1857,2212,170.73930968416389,0.0,B2,0,0,proton,2212,12.041852207936513,11.292869676317485,6.999695830937886,7.015991559839758,2,2,229.22499360537483
12962,2212,58.58187900252234,0.0,B2,0,0,proton,2212,52.671925072338794,18.433160403086557,10.391019729235662,10.478688780982804,5,1,111.31046837498572
3085,2212,78.28647620343492,0.0,B2,0,0,proton,2212,79.89033254445201,43.27232540372,9.909005452042269,10.504046250745287,2,1,219.0762293201542
19509,2212,166.81900397560017,0.0,B8,6,0,proton,2212,54.81984351268186,17.73070614190757,6.980382980801665,7.4519534145557484,4,4,471.5787579812769
19460,2212,61.79528724975272,0.0,B4,2,1,deuteron,1000010020,67.26486701179422,43.80584650465244,10.527203704490024,10.802140448317902,2,2,225.95829677489075
26779,2212,120.58931085636263,0.0,B2,0,1,deuteron,1000010020,65.06902809130602,65.06902809130602,14.45174426659183,14.45174426659183,1,1,111.45703077639548
7884,2212,155.07392554295197,0.0,B8,6,0,proton,2212,91.57149074179185,46.64592217172849,7.114575308773103,7.759792716992297,4,4,463.1077428444745
23512,2212,134.4210446870224,0.0,B6,4,0,proton,2212,69.42771241295063,21.04486959180607,7.5725204496708525,8.11840484828349,4,4,466.8557888096916
12112,2212,140.64612889715823,0.0,B6,4,0,proton,2212,54.99183043543805,24.76670131787391,7.447227131307067,7.816102592678181,3,3,343.6087025976061
4472,2212,104.85525707255037,0.0,B2,0,1,deuteron,1000010020,97.82645805138154,35.66564107502914,8.626940305592004,10.28140973867177,7,2,336.8083598455024
10383,2212,55.60280703856914,0.0,B4,2,1,deuteron,1000010020,58.620710106166854,36.386722508343546,10.397308316012731,10.653815727880696,2,2,227.75043927987616
15282,2212,58.22409305727853,0.0,B4,2,1,deuteron,1000010020,62.45341669489606,39.300387496523825,10.343053909680675,10.604876933839229,2,2,225.25853855945905
20743,2212,82.95351583186739,0.0,B2,0,1,deuteron,1000010020,75.27359074572861,40.2857343497999,9.454589811717188,10.514606410905722,2,1,218.3780584448366
22885,2212,91.9189569830032,0.0,B2,0,1,deuteron,1000010020,84.42255732394393,59.036413291462985,8.949335415801956,11.07084645102878,2,1,218.50468545614365
11677,2212,106.83455815333576,0.0,B2,0,1,deuteron,1000010020,91.9014007640473,37.9133256686239,8.61928378462709,10.524820473352845,3,2,337.33661695133037
11467,2212,168.57284740466943,0.0,B6,4,0,proton,2212,38.737838019438584,14.890029962449841,7.031636919645765,7.325808856268269,3,3,351.5671489266392
26496,2212,114.14648300330813,0.0,B2,0,1,deuteron,1000010020,43.08629618612622,43.08629618612622,13.455430452083702,13.455430452083702,1,1,110.89247897570995
18544,2212,116.2581600679242,0.0,B2,0,1,deuteron,1000010020,68.81528856678457,35.35748714205988,14.034223925327387,14.055480527327967,3,1,111.29133891574945
12153,2212,121.62907802380076,0.0,B2,0,1,deuteron,1000010020,64.01344959972027,61.366975810152674,14.574812190957491,14.585090142724278,2,1,111.52996567720291
4964,2212,55.03715062860506,0.0,B4,2,1,deuteron,1000010020,58.41919298027709,35.758937655107104,10.396348237623421,10.649241241631012,2,2,227.76409032929558
16765,2212,67.95296617823394,0.0,B4,2,1,deuteron,1000010020,109.4038685076259,32.85956581206823,10.490214332709431,10.914853229470836,7,2,335.8899427091053
203,2212,74.6979853721174,0.0,B2,0,0,proton,2212,38.88887108212659,38.88887108212659,10.7377545412511,10.7377545412511,1,1,110.322417904888
25727,2212,171.01399644262224,0.0,B2,0,0,proton,2212,3.2853852165363446,3.2853852165363446,6.983513884688858,6.983513884688858,1,1,112.20893624166528
26101,2212,93.61984813513374,0.0,B2,0,1,deuteron,1000010020,89.26690880789963,64.58214455545796,8.958691421032992,11.203390543005842,2,1,218.8626153661539
23238,2212,153.52943037225273,0.0,B8,6,0,proton,2212,90.11121631727802,46.87527543464283,7.184285891225892,7.834076597574104,4,4,465.30967861777214
28742,2212,159.58404387009728,0.0,B8,6,0,proton,2212,56.75024764744644,19.229186122361238,7.065112276836466,7.549589440781586,4,4,468.4825194478432
15987,2212,64.64843610047664,0.0,B4,2,1,deuteron,1000010020,75.0640706210719,44.446118663421665,10.556264164450232,10.875247639301719,4,2,224.58473729366258
1390,2212,87.1777436489358,0.0,B2,0,1,deuteron,1000010020,43.180086269908195,43.180086269908195,11.623418029839623,11.623418029839623,1,1,108.84104991140202
6110,2212,162.3681343645746,0.0,B8,6,0,proton,2212,57.22853194845342,20.092623228342426,7.0505908625870015,7.542280010910614,4,4,469.90990622462846
15079,2212,77.27377514945267,0.0,B2,0,1,deuteron,1000010020,36.36543212248615,36.36543212248615,11.2231977003978,11.2231977003978,1,1,109.55240126145804
26224,2212,154.9814348231338,0.0,B6,4,0,proton,2212,44.38825561820887,18.52177963092303,7.157638597702123,7.486467419648855,3,3,343.9467598546844
11270,2212,80.82352342977751,0.0,B2,0,0,proton,2212,85.173157702509,47.81629962487423,9.675427835472684,10.382543722374681,2,1,218.67393568290117
13891,2212,120.95299891235626,0.0,B2,0,1,deuteron,1000010020,56.646689735061976,56.646689735061976,14.265069802315523,14.265069802315523,1,1,111.77150655230625
14859,2212,100.98932010625359,0.0,B2,0,1,deuteron,1000010020,103.16124876458073,52.38954466982705,8.66077811710331,10.83978687346512,3,2,334.74081279659583
16134,2212,71.73665620018483,0.0,B2,0,0,proton,2212,67.97324103804993,35.05819012988217,10.981783158296885,11.400840441333077,2,1,221.23424402762464
17923,2212,52.37486219484284,0.0,B2,0,1,deuteron,1000010020,22.035417962644466,22.035417962644466,10.333948499611964,10.333948499611964,1,1,112.80688000023977
18377,2212,167.66367791075658,0.0,B8,6,0,proton,2212,54.222930261724734,16.955435922004092,6.995091344262938,7.457559780556869,5,4,470.994379264786
21528,2212,153.67714643518414,0.0,B8,6,0,proton,2212,77.51804369007664,35.68558911305731,7.142551336499359,7.748005765662293,4,4,462.91593836289417
5886,2212,80.97497917853335,0.0,B2,0,0,proton,2212,83.59780799028505,45.47347812410262,9.766612192122476,10.470741333975722,2,1,218.77858094561265
15779,2212,138.005843815696,0.0,B8,6,0,proton,2212,78.60011500173049,30.71299653007216,7.436870727398561,8.044748811326404,4,4,463.23777326880565
24853,2212,95.54199027629818,0.0,B2,0,1,deuteron,1000010020,60.61855888677162,60.61855888677162,12.26707478430588,12.267074784305882,1,1,109.55188906967571
14741,2212,165.6169445405694,0.0,B8,6,0,proton,2212,55.613345549896884,18.197471696994135,7.019606951916722,7.493215777036366,4,4,471.90003728440024
4217,2212,62.49470949558954,0.0,B4,2,1,deuteron,1000010020,68.6416093525271,45.34551553630847,10.557589648317693,10.837680434054414,2,2,226.13797935525605
12612,2212,161.88798542940677,0.0,B8,6,0,proton,2212,55.398132539324564,18.914550466604805,7.039016291601724,7.522202131984767,4,4,468.1513088247482
24557,2212,111.77567601248312,0.0,B2,0,1,deuteron,1000010020,42.27633545866311,42.27633545866311,13.29735241771279,13.29735241771279,1,1,110.43113251096494
1722,2212,104.20555187984486,0.0,B4,2,0,proton,2212,101.96842286902034,46.91110938927741,8.680812417947866,10.283927983367736,3,2,336.76904813609934
21916,2212,84.75160485262163,0.0,B2,0,0,proton,2212,89.19395078058699,45.346399698223316,9.737803806880793,10.678136243937148,2,1,218.59667548292518
27416,2212,132.43769945032437,0.0,B6,4,0,proton,2212,51.23592140258967,22.592570734436336,7.691618518676405,8.058383809259226,3,3,346.12320831725526
7468,2212,138.71121279540654,0.0,B6,4,0,proton,2212,55.32297380982028,25.728742530229997,7.517101721789694,7.901691506754262,3,3,344.0458822358782
18302,2212,153.20367066751936,0.0,B6,4,1,deuteron,1000010020,71.61848143023968,19.54250509525016,7.146778820029789,7.636521715252499,8,3,342.09674309780485
25672,2212,126.44146560366616,0.0,B4,2,0,proton,2212,45.11660400461592,16.801792122941652,7.857732184402309,8.181017266884913,3,3,348.51090783903237
2363,2212,62.042135076942316,0.0,B4,2,1,deuteron,1000010020,66.54219602839673,43.322042857552844,10.516027403371716,10.790944650442684,2,2,225.60450348242
23622,2212,149.25654996115694,0.0,B8,6,0,proton,2212,118.62056415154109,38.83432230581697,7.193494331843534,11.298356052341601,5,4,573.1362649902665
1541,2212,91.50841641414337,0.0,B2,0,1,deuteron,1000010020,83.60097587552411,49.964486337378354,9.089367851256641,11.143443019351817,5,1,218.60984012121008
21286,2212,57.43237720192981,0.0,B4,2,1,deuteron,1000010020,63.01344543425972,39.98671594093878,10.454388303133982,10.719501579220038,2,2,227.39623222652608
17103,2212,104.58755135087496,0.0,B2,0,1,deuteron,1000010020,37.62165268276142,37.62165268276142,12.896423629357304,12.896423629357304,1,1,110.86353962530632
25937,2212,78.21776612908188,0.0,B2,0,0,proton,2212,74.2778983129325,37.180578400139716,10.158164626725181,10.692011608527578,3,1,219.09633601254683
23856,2212,74.55089904854671,0.0,B2,0,1,deuteron,1000010020,33.17763281839479,33.17763281839479,11.068096813564026,11.068096813564026,1,1,109.37217451466863
29525,2212,149.8203005931985,0.0,B8,6,0,proton,2212,78.32722313660898,29.698043318613408,7.217207021833289,7.808557485716465,4,4,462.1514316357791
12794,2212,170.17606106591012,0.0,B2,0,0,proton,2212,10.941629726978785,10.941629726978785,6.989016897549095,6.989016897549095,1,1,113.41571004020884
21006,2212,154.35201153872717,0.0,B8,6,0,proton,2212,78.33590917242651,36.39868034455195,7.133954426061583,7.745369278516375,4,4,464.2431706292791
3769,2212,103.0974602579432,0.0,B2,0,1,deuteron,1000010020,35.409490900119714,35.409490900119714,12.66496878066306,12.66496878066306,1,1,110.26754794789568
27906,2212,92.85941812589228,0.0,B2,0,1,deuteron,1000010020,59.66949879389453,59.66949879389453,11.958598984113756,11.958598984113758,1,1,108.9610106511445
23376,2212,100.87536618176581,0.0,B2,0,1,deuteron,1000010020,102.87589309505267,53.02686094528442,8.597120480317134,10.817718083724081,3,2,333.85756637325017
24684,2212,103.66519413225063,0.0,B4,2,0,proton,2212,97.16309816902728,41.71649785151067,8.758071762241567,10.39272032122681,3,2,336.6217207659946
8180,2212,138.59292025765623,0.0,B8,6,0,proton,2212,82.61747934682353,37.68323914616118,7.459248077658084,8.091540634962088,4,4,464.26824865898027
9127,2212,100.43858982778069,0.0,B2,0,1,deuteron,1000010020,104.49897328056369,53.57011505602135,8.628523768543156,10.777278198335432,3,2,334.11481712476325
17821,2212,75.98745877993669,0.0,B2,0,1,deuteron,1000010020,60.22315755204825,34.92248972482251,9.886599192881722,10.581647409963713,2,1,219.52986044990175
22269,2212,67.14577968653212,0.0,B4,2,1,deuteron,1000010020,82.06955358692402,46.10947449552837,10.695939950013354,11.041943203464085,4,2,223.94913470468848
4269,2212,69.60282947910252,0.0,B2,0,0,proton,2212,73.65238453238779,42.48342979853931,10.835433504525744,10.847693506187916,2,1,219.9702880815796
7281,2212,99.14341962685253,0.0,B2,0,1,deuteron,1000010020,113.98956733370474,52.49473138289884,8.774624083008119,10.73656162729404,3,2,333.6929674344811
19480,2212,69.2122516085881,0.0,B4,2,1,deuteron,1000010020,85.979568559174,62.57757593112366,10.80905419548317,11.128712437318574,2,2,224.88463524933445
17395,2212,140.70716970823614,0.0,B6,4,0,proton,2212,51.234121877173806,23.71566697216352,7.428524865848605,7.8029485767006515,3,3,342.09018672487684
8990,2212,54.841254026435124,0.0,B4,2,1,deuteron,1000010020,57.62174470824271,35.673075734888016,10.332347986420375,10.585486823410015,2,2,227.47123719121868
2722,2212,57.36863631800237,0.0,B4,2,1,deuteron,1000010020,62.629864875728316,39.73258100371803,10.466480714025986,10.731011394606037,2,2,227.67620040460622
2739,2212,81.37204715152855,0.0,B2,0,1,deuteron,1000010020,75.57160169722987,38.26091234092051,9.594309167295403,10.469398551383012,3,1,218.73916528757408
1611,2212,162.11305849289917,0.0,B8,6,0,proton,2212,56.37608502401241,19.174949319848896,7.040723816622227,7.520257874350651,4,4,468.91808362321865
12353,2212,73.25794714099739,0.0,B2,0,0,proton,2212,87.48888914945115,21.08280131195137,10.411227790594634,10.832804607693703,15,2,225.277560827384
13569,2212,131.36999776231116,0.0,B6,4,0,proton,2212,53.67444058962283,23.901281125923045,7.687122883561008,8.055313874542922,4,3,346.08731455509724
16618,2212,91.3667640570309,0.0,B2,0,0,proton,2212,28.03532574141688,28.03532574141688,9.20859240140549,9.20859240140549,1,1,109.84812159943117
17033,2212,156.04673930684385,0.0,B8,6,0,proton,2212,74.71185027460723,32.622566380353796,7.129234738012993,7.724281669249813,4,4,464.7094519145628
6648,2212,154.55033198279511,0.0,B8,6,0,proton,2212,90.20052534603533,45.68710879540072,7.12688759471714,7.77395666380996,4,4,463.09373987391547
7023,2212,52.02070181804921,0.0,B4,2,1,deuteron,1000010020,43.095168531118034,21.58803234325179,10.241938963410979,10.445030939948474,2,2,227.85061017927399
27880,2212,90.52870601202575,0.0,B2,0,0,proton,2212,27.36102092872407,27.36102092872407,9.145557226020996,9.145557226020996,1,1,109.11343043396523
5536,2212,141.97034359517852,0.0,B6,4,0,proton,2212,57.69377727735116,22.938337181969217,7.3667884126200756,7.827315263009552,4,4,462.5274969671592
26515,2212,142.33728109400042,0.0,B6,4,0,proton,2212,52.943873833195006,24.155473346557713,7.422315758588942,7.793051119268149,3,3,343.48071271852893
16268,2212,62.96474554540479,0.0,B4,2,1,deuteron,1000010020,68.57927618664515,45.40934680587186,10.51162461126175,10.792755741017992,2,2,224.1500103893288
6539,2212,166.47888329547163,0.0,B8,6,0,proton,2212,55.93358301511876,18.13565522462239,7.003036190033264,7.471221397893545,4,4,472.53480991065646
17831,2212,105.63877512868814,0.0,B4,2,0,proton,2212,102.44970360515723,45.2283607714052,8.67737660654758,10.420895084456767,3,2,336.62607020192456
7670,2212,62.05384806616536,0.0,B4,2,1,deuteron,1000010020,64.98908382706419,42.48649113224803,10.585294963945866,10.861042475715383,2,2,226.5943914477067
21997,2212,161.72811760929068,0.0,B8,6,0,proton,2212,77.15131581128311,27.63386939497801,7.035096064965764,7.5679495656932145,5,4,239.52484951497803
1252,2212,103.82368177844623,0.0,B4,2,0,proton,2212,99.13583909560485,43.47960635358496,8.616475057203143,10.249516288262301,5,2,346.0254358578429
27,2212,113.44014343006003,0.0,B2,0,1,deuteron,1000010020,45.14825523120519,45.14825523120519,13.567819610300727,13.567819610300727,1,1,110.2855701992909
19249,2212,61.560740664565415,0.0,B4,2,1,deuteron,1000010020,66.64804970206136,43.30656207016878,10.537916756622025,10.812875548523179,2,2,226.1529382598477
12315,2212,162.85233497427012,0.0,B8,6,0,proton,2212,55.845315790497914,17.992599501440154,7.061678159451469,7.539414575559386,4,4,471.1877566521863
10070,2212,151.16894481382784,0.0,B8,6,0,proton,2212,85.50384031737573,40.67282305864017,7.1744385067773555,7.811606219857785,4,4,461.7395358672164
10098,2212,158.65904684081667,0.0,B8,6,0,proton,2212,71.84757281008459,29.88267528068569,7.0770110924780365,7.644734569495143,4,4,465.27845415548495
15194,2212,89.5965528434138,0.0,B2,0,1,deuteron,1000010020,83.86734905532252,53.49108165971264,9.422474675530474,10.989806391711145,2,1,218.99269236384845
3499,2212,73.4862785717371,0.0,B2,0,1,deuteron,1000010020,57.102186789623914,32.02085701405631,10.04411963596338,10.535269152214555,2,1,220.123580650095
2837,2212,130.02139569183973,0.0,B6,4,0,proton,2212,54.37568708904427,24.983481767296027,7.7299914416612445,8.107705669873539,3,3,346.23264956346964
27606,2212,76.439074034797,0.0,B2,0,1,deuteron,1000010020,65.71800534745456,35.522336623367124,10.357375349961156,10.795203729074561,6,1,229.4436892284899
11104,2212,152.75195528606565,0.0,B8,6,0,proton,2212,90.05588458655257,46.277156956044976,7.148943029439453,7.7954681846287235,4,4,461.6757630232592
12351,2212,52.74126761652879,0.0,B4,2,1,deuteron,1000010020,57.88552838645136,35.19061767938452,10.266426097023706,10.514287231284055,2,2,227.63191682368472
5637,2212,160.35416586955523,0.0,B8,6,0,proton,2212,57.639429809691165,19.642340158294648,7.045928130485106,7.533246992636948,4,4,467.84636061772494
1297,2212,81.08222896722064,0.0,B2,0,0,proton,2212,114.75783051840655,41.840700831553725,9.935847712683458,10.925156477086707,5,1,218.82478630420167
5081,2212,135.82023905945638,0.0,B8,6,0,proton,2212,75.08517972069477,28.079014139105706,7.552057307257195,8.148901087888117,4,4,467.26225833054286
597,2212,160.09839182221114,0.0,B8,6,0,proton,2212,58.95427451252056,20.209745464341538,7.053432974389891,7.54348648082721,4,4,467.9292007095745
28192,2212,170.7539311018063,0.0,B2,0,0,proton,2212,10.1544900816197,10.1544900816197,7.020671507813492,7.020671507813493,1,1,113.83997543916959
1115,2212,140.92490547083818,0.0,B6,4,0,proton,2212,52.105654489452206,23.35972054895093,7.472540204613437,7.842565795342663,3,3,343.7831793449298
22808,2212,79.71944451438834,0.0,B2,0,0,proton,2212,79.90010861041057,43.1714132601886,9.962371982766497,10.554630394658988,2,1,219.09151549600648
7675,2212,158.53129553797416,0.0,B8,6,0,proton,2212,65.66577839252733,24.017923356535153,7.096553187176384,7.647291232172871,4,4,344.8064510159369
15746,2212,134.64364354140307,0.0,B6,4,0,proton,2212,68.61676192754078,22.066570970485362,7.606248242664652,8.161366953323789,4,4,467.20290217468863
13387,2212,135.26450686239514,0.0,B6,4,0,proton,2212,48.0512972095035,20.316523547663,7.598667189476972,7.946597591680898,3,3,345.32122493521365
2599,2212,92.95020307078046,0.0,B2,0,1,deuteron,1000010020,90.37114654911385,62.76155954536655,9.124107512058096,11.243769524953715,2,1,218.81522125318878
27969,2212,149.4331863667689,0.0,B8,6,0,proton,2212,82.13778525491485,35.3467362960122,7.193906619264633,7.815933382616765,4,4,462.0953007448835
28370,2212,83.21058309541547,0.0,B2,0,0,proton,2212,86.13176515377216,44.198639407906406,9.792894838674258,10.662521153929044,2,1,218.54061395361038
10800,2212,149.40330982631139,0.0,B2,0,1,deuteron,1000010020,112.09092434246108,32.82923032707716,7.223968912845922,11.428415858192675,5,4,574.2758408867256
5364,2212,96.26902828490473,0.0,B2,0,1,deuteron,1000010020,60.238444637223395,60.238444637223395,12.259749746710977,12.259749746710977,1,1,109.28457028038197
4617,2212,91.56352101757875,0.0,B2,0,1,deuteron,1000010020,91.29913892465707,64.65859754703108,9.143558743279845,11.228363028824239,3,1,218.81055644327785
1102,2212,116.83431834235344,0.0,B2,0,1,deuteron,1000010020,49.32552130365882,49.32552130365882,13.951558093946863,13.951558093946863,1,1,111.60386049767806
1169,2212,168.29936293118044,0.0,B8,6,0,proton,2212,55.05818587506926,17.922616568518954,7.026629216600075,7.496036481384138,4,4,474.926485535168
7748,2212,61.34164340422985,0.0,B4,2,1,deuteron,1000010020,70.27316090103096,45.9660848949774,10.462421170892663,10.740807137308028,2,2,224.574694024703
4178,2212,73.43634736345327,0.0,B2,0,1,deuteron,1000010020,64.75798304119529,33.22615206446427,10.441353563414888,10.739129606433938,2,1,220.05546967994536
22762,2212,98.17251218367,0.0,B2,0,1,deuteron,1000010020,121.0610741887476,56.39417051474109,8.781013046473667,10.666551922021789,3,2,333.7413068729415
20832,2212,83.68491255087108,0.0,B2,0,0,proton,2212,84.09639449259971,45.04179844629025,9.783794504132427,10.563373273911692,2,1,220.97873397794964
4594,2212,109.35306353599022,0.0,B2,0,1,deuteron,1000010020,71.69166944836317,42.406230494529666,8.467363433431116,11.334413835696216,3,2,339.38996283714425
13919,2212,84.91599618533316,0.0,B2,0,1,deuteron,1000010020,81.37688296789466,43.2864016685886,9.524806339021278,10.638193501832115,2,1,218.3961190899772
24209,2212,137.38225918426704,0.0,B8,6,0,proton,2212,74.21862014847196,24.886792174323087,7.5368284330372415,8.112889405147257,4,4,467.98380224312666
11567,2212,76.21514977464021,0.0,B2,0,0,proton,2212,57.39321223879397,32.716990059688484,10.37727174096819,10.916171341064233,2,1,120.63452109443662
2497,2212,135.63893974061122,0.0,B2,0,0,proton,2212,33.91645894824902,28.93533706665039,7.580902096629059,7.632252884752358,4,2,110.71905273428773
19387,2212,104.1205675273181,0.0,B4,2,0,proton,2212,98.81436282219136,42.799587103517936,8.763556226371989,10.393949190142052,3,2,336.8415031159201
20729,2212,161.35167211192825,0.0,B8,6,0,proton,2212,55.64321267736193,18.890774046645152,7.04653312577823,7.531012836475688,4,4,467.9600128861606
16502,2212,84.5289837262168,0.0,B2,0,1,deuteron,1000010020,82.2535320086887,43.04084498052087,9.598753952277532,10.615189796139427,2,1,218.66042889182756
10194,2212,63.7451024166267,0.0,B4,2,1,deuteron,1000010020,72.01045525666888,47.61701717855324,10.586028876811065,10.869342713428086,2,2,225.39593286394026
16689,2212,60.56913697994931,0.0,B4,2,1,deuteron,1000010020,64.65125586625575,41.52164326776258,10.518922206106634,10.789435589589432,2,2,226.21396380632603
17918,2212,167.64740891561434,0.0,B8,6,0,proton,2212,55.23113598944569,17.31466322861426,7.0015138722871,7.46577113638625,4,4,473.75925358235247
26462,2212,85.93544203569473,0.0,B2,0,0,proton,2212,94.23024047426478,49.30090870938163,9.699330652613934,10.61755160642411,2,1,219.91748710677078
14858,2212,136.30106969950515,0.0,B8,6,0,proton,2212,74.38287379903468,25.868107035117358,7.557758321945035,8.141001716537824,4,4,467.4934067762687
2672,2212,92.52307869188682,0.0,B2,0,1,deuteron,1000010020,83.47082398719068,59.438333965573484,9.056184032925453,11.131419226105034,2,1,219.00714029502743
11857,2212,67.16848382294627,0.0,B4,2,1,deuteron,1000010020,109.3342250641692,60.30671018242215,10.687673711499617,11.523408949135172,3,2,335.8389558933027
24968,2212,143.75284459655802,0.0,B6,4,0,proton,2212,51.68508028650966,23.135576577961523,7.3373141330932,7.6970737214270795,3,3,341.1312385284677
17300,2212,70.51212099370147,0.0,B2,0,0,proton,2212,78.97468317815463,47.47623632255663,10.446983454898282,10.624382516549774,2,1,220.22203739764473
14766,2212,53.31542032870761,0.0,B4,2,1,deuteron,1000010020,57.91297047763234,35.935259852885395,10.312753128049241,10.566343763068076,2,2,227.8761036616595
27962,2212,149.43644001366846,0.0,B8,6,0,proton,2212,83.9947908560292,40.47024969238309,7.240599696935696,7.880738469639296,4,4,464.2792402095836
18463,2212,107.53112204371511,0.0,B2,0,1,deuteron,1000010020,38.78743285897367,38.78743285897367,12.964388982953196,12.964388982953196,1,1,109.82447588312303
12573,2212,102.60543445882456,0.0,B2,0,1,deuteron,1000010020,107.82895629055788,48.475946038288804,8.676932740134625,10.721421618041731,3,2,334.874317503362
26538,2212,81.77859894773206,0.0,B2,0,1,deuteron,1000010020,80.02211892818359,40.63688963282436,10.10147445855812,10.771508810494204,2,1,219.0544035911853
29874,2212,118.48704380506169,0.0,B2,0,1,deuteron,1000010020,52.626337217028954,52.626337217028954,14.03174424628018,14.03174424628018,1,1,111.31548821090344
3933,2212,102.17904804262268,0.0,B2,0,0,proton,2212,36.30617017366428,16.48257110249584,8.660210724360635,10.927572800690225,8,1,221.7315117992403
25082,2212,137.99443383905657,0.0,B8,6,0,proton,2212,81.26413460344514,36.65997481031781,7.464534900400718,8.093462830488978,4,4,464.40058185765605
17178,2212,82.78474131919693,0.0,B2,0,1,deuteron,1000010020,42.03922391579319,42.03922391579319,11.55849619153179,11.55849619153179,1,1,109.60587583593171
6521,2212,155.8711416494132,0.0,B8,6,0,proton,2212,84.0141666278582,40.80645443027069,7.133995960665711,7.760119054939521,4,4,464.8901811433193
17680,2212,143.7346584435986,0.0,B2,0,1,deuteron,1000010020,87.26512424168286,35.85760843440719,7.399938714420528,12.479701400327174,4,3,454.7206008314035
2594,2212,158.9314838685182,0.0,B8,6,0,proton,2212,71.17651054533545,29.225138857756328,7.047223856058548,7.609694504990595,4,4,464.1426437948228
10532,2212,120.07944430065356,0.0,B2,0,1,deuteron,1000010020,53.65980507968818,53.65980507968818,14.202414848036005,14.202414848036005,1,1,111.71947517599483
5265,2212,125.79176276230245,0.0,B2,0,0,proton,2212,13.64574368656783,13.64574368656783,7.880903009052852,7.880903009052852,1,1,112.38538367210072
16576,2212,73.45998394401344,0.0,B2,0,1,deuteron,1000010020,33.504038544937956,33.504038544937956,11.010898307932374,11.010898307932374,1,1,109.43389881048908
3124,2212,159.26710065497068,0.0,B8,6,0,proton,2212,68.6864521393701,27.919253985893693,7.083738008579433,7.643475107089663,4,4,466.1724154045374
8935,2212,128.34120341536857,0.0,B4,2,0,proton,2212,29.793232014135743,16.323421566893735,7.77281603095857,7.935480465180145,2,2,227.39289049366647
27093,2212,148.87828502560038,0.0,B8,6,0,proton,2212,78.62672386235415,32.405979573023785,7.209430608755714,7.8163732948234825,4,4,462.06899976241436
9622,2212,60.29957157010645,0.0,B4,2,1,deuteron,1000010020,65.38179803208058,42.13200706485048,10.499029832967052,10.770063769417181,2,2,225.9054321928415
20329,2212,161.69809928358757,0.0,B8,6,0,proton,2212,57.322929361550266,18.892089900977577,7.044307820566302,7.523075222779374,4,4,469.4437735739633
15102,2212,149.58181553839069,0.0,B8,6,0,proton,2212,81.01604940419165,34.07683994100483,7.243101851276011,7.85470335297193,4,4,464.01142130258205
17540,2212,82.07898356223205,0.0,B2,0,0,proton,2212,85.91725610148865,46.32940903057303,9.72658875162504,10.486079797405603,2,1,218.74905902322215
23103,2212,130.8590522810011,0.0,B6,4,0,proton,2212,52.20516332528696,23.471643939033058,7.715324036767034,8.083791346585462,3,3,345.9910808958853
20198,2212,76.10483361723034,0.0,B2,0,1,deuteron,1000010020,46.942237560023656,36.97325739784399,11.150541210919908,11.6321632110479,2,1,147.6408391253498
4831,2212,102.79719122027302,0.0,B4,2,0,proton,2212,92.72672009699697,38.12627813176146,8.713112367636294,10.248743073504084,4,2,336.10695465083995
14963,2212,144.70879112598385,0.0,B6,4,0,proton,2212,68.14833088883299,21.58384107477908,7.303673562547749,7.850686093001989,4,4,461.57879698228754
11509,2212,85.55485459468841,0.0,B2,0,1,deuteron,1000010020,82.52061130433273,44.45624837042942,9.506333815067052,10.616121701082815,2,1,218.7429968802041
21771,2212,153.33642641748756,0.0,B4,2,0,proton,2212,35.81904721000028,13.564448996866748,7.12822472849778,7.40552217698227,3,3,341.08302328771947
5369,2212,149.79601120393676,0.0,B8,6,0,proton,2212,82.46430015085,37.37696975601471,7.168060099692558,7.799752392222894,5,4,461.138029243057
1325,2212,152.22830592933943,0.0,B8,6,0,proton,2212,86.87627905941463,31.843142144070672,7.156268182607911,7.823981034497894,5,4,461.77633279164166
763,2212,100.35216334539878,0.0,B2,0,1,deuteron,1000010020,51.131577668148275,51.131577668148275,12.805223534562199,12.805223534562199,1,1,109.91099495143365
10267,2212,159.25107553916024,0.0,B8,6,0,proton,2212,71.34431422843791,29.262342590462193,7.078463598525932,7.643321630500476,4,4,465.598000684353
22829,2212,159.56808452837896,0.0,B8,6,0,proton,2212,72.31508496755112,29.921367807151825,7.035009492505852,7.596106433802727,4,4,463.9232632132223
4853,2212,166.91144445858163,0.0,B8,6,0,proton,2212,57.353991722799776,18.86139112993052,7.028434064017708,7.507140327903865,4,4,474.2498897938452
12801,2212,157.5835339955061,0.0,B8,6,0,proton,2212,82.53930898994004,38.15572776581766,7.142063613355621,7.749647631913133,4,4,467.3086002454587
481,2212,145.4073307063242,0.0,B8,6,0,proton,2212,72.07881196273368,23.97275255385206,7.287424767633026,7.865144124149282,4,4,462.1680315356398
20174,2212,123.4384601621253,0.0,B2,0,1,deuteron,1000010020,8.913908250927047,8.913908250927047,14.52457600142887,14.52457600142887,1,1,111.69059574395271
29146,2212,70.75845584394119,0.0,B2,0,0,proton,2212,74.9450748399687,43.48146641722139,10.44765484765566,10.634020034838832,2,1,220.1063476010966
17214,2212,142.12420430260704,0.0,B6,4,0,proton,2212,52.563156953179686,24.467090849300995,7.398560195970612,7.784525230629596,3,3,342.59471927375796
10146,2212,58.949208127707976,0.0,B4,2,1,deuteron,1000010020,64.07532019182906,41.03694434041796,10.44512386355668,10.713479939480917,2,2,226.10868774856573
7277,2212,133.32889648096474,0.0,B6,4,0,proton,2212,51.6336868847406,23.052707658917722,7.629430177979483,7.9968444330527335,4,3,344.82729427764707
23564,2212,152.26318494488945,0.0,B8,6,0,proton,2212,86.25536808473265,40.248786889518,7.152354161780945,7.781626545248035,4,4,461.75745772201407
10157,2212,130.40688263900495,0.0,B6,4,0,proton,2212,53.02740168705003,23.66786609186638,7.74691096514256,8.122443936053084,3,3,345.94153297151763
12725,2212,84.7680036756098,0.0,B2,0,1,deuteron,1000010020,75.1385964516493,41.80771922263627,9.362932769172044,10.572469672956181,2,1,218.33486459413604
9464,2212,133.17682530739597,0.0,B2,0,0,proton,2212,12.477498094614742,12.477498094614742,7.604853207049757,7.604853207049757,1,1,111.06178461784955
26325,2212,168.0345427272121,0.0,B8,6,0,proton,2212,54.59806820241762,18.29137524297468,7.001351596952451,7.47710997178512,4,4,474.2720568285673
3244,2212,63.90943045165688,0.0,B4,2,1,deuteron,1000010020,73.95068239759598,50.26206564858059,10.625246984957007,10.916801653463775,2,2,225.50970118844444
17604,2212,124.46186283023567,0.0,B2,0,0,proton,2212,3.098835156779988,3.098835156779988,7.974077601127889,7.974077601127889,1,1,112.45139337936216
29798,2212,112.25095217429723,0.0,B2,0,0,proton,2212,49.80993851861309,24.026554011207065,13.438868049089828,13.494082327089544,3,1,110.96950105328514
5166,2212,163.50796820831874,0.0,B8,6,0,proton,2212,54.343858920593064,17.7625285244541,7.00012237752298,7.472481387779579,4,4,467.9175580833781
19167,2212,78.26980966744428,0.0,B2,0,1,deuteron,1000010020,81.29314483063956,39.96187984739027,10.329788348422763,10.85728454273026,3,1,219.30136602823595
21766,2212,84.78640668220852,0.0,B2,0,1,deuteron,1000010020,43.87868242641816,43.87868242641816,11.548485584421213,11.548485584421213,1,1,109.0420291990517
7431,2212,77.15109654547653,0.0,B2,0,1,deuteron,1000010020,66.33864560737761,35.76284614112566,10.06650503839672,10.663589905433797,2,1,219.44404247956714
28940,2212,147.5299237167466,0.0,B8,6,0,proton,2212,78.09537395023283,32.28259681635254,7.264706400363499,7.878373905696322,4,4,463.9092649883912
29467,2212,70.16315731061951,0.0,B2,0,1,deuteron,1000010020,31.522798226646845,31.522798226646845,10.895915387155407,10.895915387155407,1,1,110.0728683139532
3360,2212,104.012279461206,0.0,B2,0,1,deuteron,1000010020,111.7456224989205,47.894666166844665,8.6334785354399,10.680075169825777,3,2,335.18975474175363
13205,2212,144.81141260723751,0.0,B2,0,1,deuteron,1000010020,107.65574802312372,41.96466925522969,7.3523329987986905,11.74795303814171,5,4,575.9745806821636
10317,2212,152.67894246085663,0.0,B2,0,0,proton,2212,8.506623718453831,8.506623718453831,9.420385643061463,9.420385643061463,1,1,13.075064318641108
25966,2212,161.2130798167977,0.0,B8,6,0,proton,2212,58.52170305084614,19.605993960007556,7.050652330570723,7.534333747900013,4,4,466.36523335257743
27900,2212,147.44589450911573,0.0,B8,6,0,proton,2212,72.97377166818109,24.664298443763226,7.266027632789411,7.839328806685166,4,4,462.1659803974545
15789,2212,154.25871396687393,0.0,B8,6,0,proton,2212,89.93821560229415,46.417988070593374,7.150200396075531,7.792945651657148,4,4,465.2347431440637
6022,2212,170.69466703640907,0.0,B2,0,0,proton,2212,2.711722749584912,2.711722749584912,6.983546985363778,6.983546985363778,1,1,112.10009304877937
8148,2212,127.85458209969332,0.0,B6,4,0,proton,2212,53.85795671551992,25.065999593817825,7.8217521625901965,8.209182161019314,3,3,348.3093742260832
9473,2212,60.68548724157323,0.0,B2,0,1,deuteron,1000010020,23.74400818369042,23.74400818369042,10.477529405320533,10.477529405320533,1,1,110.89107669548437
19241,2212,83.98038017140075,0.0,B2,0,1,deuteron,1000010020,49.569959190666815,42.831649121514154,9.617626165412194,11.30178997046502,2,1,218.56301057987162
588,2212,169.1996483838048,0.0,B6,4,0,proton,2212,49.33871853219401,13.793638493700934,6.982887436850281,7.415448543402228,4,4,473.8954767609914
21587,2212,152.5584934122561,0.0,B8,6,0,proton,2212,88.38662282569857,43.44561201372132,7.1513875623279155,7.790744479556837,4,4,462.3040699714335
11547,2212,65.87819513188501,0.0,B4,2,1,deuteron,1000010020,83.59207138941795,35.11640317296122,10.700609676001548,11.06782155063312,6,2,225.47809812598186
2339,2212,142.17555823885726,0.0,B4,2,0,proton,2212,30.12839353132043,15.766436726879833,7.368231926430828,7.535515652842803,3,2,223.6681924865258
16124,2212,168.6588714502525,0.0,B6,4,0,proton,2212,36.11852417080338,14.230377968098887,7.014857480070272,7.309339685082799,3,3,351.144885057255
21421,2212,131.26029148608603,0.0,B6,4,0,proton,2212,52.312563129255835,23.204832737852495,7.719255365397437,8.089396508044333,3,3,345.9100560516915
20520,2212,124.46515507086954,0.0,B2,0,0,proton,2212,13.948388292838624,13.948388292838624,7.96946245848221,7.96946245848221,1,1,113.17300481230593
17246,2212,112.61278886098106,0.0,B2,0,1,deuteron,1000010020,42.97334979634964,42.97334979634964,13.446669356530824,13.446669356530823,1,1,110.93614444471675
18625,2212,130.38799447193085,0.0,B6,4,0,proton,2212,55.637183310505975,25.924810501015564,7.777964416691455,8.159920457503677,3,3,347.47928650973745
25103,2212,111.09511027281603,0.0,B2,0,1,deuteron,1000010020,44.66558119182344,44.398306024449475,13.37321345693728,13.3742698735523,2,1,110.03112157590456
11823,2212,104.14507161020943,0.0,B2,0,1,deuteron,1000010020,36.65682146970136,36.65682146970136,12.634568289171444,12.634568289171444,1,1,109.92363402912085
9365,2212,65.15328882424978,0.0,B4,2,1,deuteron,1000010020,93.65763175063286,51.7005129726556,10.591210823960717,10.910269923946272,4,2,224.02483791544572
19668,2212,110.39620559148003,0.0,B2,0,1,deuteron,1000010020,40.71732465584233,40.71732465584233,13.181018549765426,13.181018549765426,1,1,110.743978493154
869,2212,116.93762738692139,0.0,B2,0,1,deuteron,1000010020,46.70013956122526,46.70013956122526,13.749371259481176,13.749371259481174,1,1,111.13266572000433
17726,2212,152.1319870469789,0.0,B6,4,0,proton,2212,89.39966139747676,28.40189691736178,7.135438663818775,7.5287203450637765,7,3,227.2781942093174
17142,2212,135.19347553527362,0.0,B8,6,0,proton,2212,71.30416697420006,22.867980508657997,7.539386208782651,8.118557320117445,4,4,464.7555917714789
25814,2212,102.11159261843028,0.0,B2,0,1,deuteron,1000010020,52.57252415109,52.57252415109,12.724438435633154,12.724438435633154,1,1,109.68340440346124
11923,2212,108.84168229095795,0.0,B2,0,1,deuteron,1000010020,55.433257196654466,39.85301797029102,8.48131682835769,11.731740626897254,2,1,223.01186709636607
12600,2212,93.70523786900638,0.0,B2,0,1,deuteron,1000010020,86.83841649188801,61.567172016708625,9.741721217192303,11.487820592066015,2,1,120.25789134518595
15365,2212,131.2958568806116,0.0,B6,4,0,proton,2212,51.81948422857134,23.899607719908907,7.771763406706896,8.148504814406108,3,3,348.256784202717
4665,2212,164.03253815533947,0.0,B8,6,0,proton,2212,56.70737891810934,19.069545426075518,7.042154641159975,7.5230502888622315,5,4,469.55619872673435
25528,2212,167.30475350537932,0.0,B8,6,0,proton,2212,55.257669350631275,18.605259094802477,6.995633378522441,7.477236224703085,5,4,471.72553340771253
10014,2212,152.39412873131747,0.0,B8,6,0,proton,2212,90.47776245160317,46.76020331611932,7.120849111338747,7.769796104751358,4,4,461.055215358227
15991,2212,67.57051812557252,0.0,B4,2,1,deuteron,1000010020,103.82793787758575,54.24203879794213,10.523907584847725,10.845979749894719,3,2,335.8838412396702
7949,2212,163.4752697415094,0.0,B8,6,0,proton,2212,55.01290951280882,18.665194561489574,7.007330897669253,7.490673947163159,4,4,468.9717964153246
12366,2212,60.57978993222667,0.0,B4,2,1,deuteron,1000010020,67.95573953132866,43.84069425364185,10.4974156702516,10.770410968884146,2,2,226.11639562021904
9822,2212,155.4925851684398,0.0,B2,0,0,proton,2212,38.06397702454016,12.43311753175036,7.105188084710479,7.331181403850377,8,2,229.12663772333812
14595,2212,161.96574935840243,0.0,B8,6,0,proton,2212,56.63806451016936,18.758992427704005,7.060538531002461,7.540373616805182,4,4,470.24909955833573
24865,2212,100.50123095348111,0.0,B2,0,1,deuteron,1000010020,108.66149612485114,51.235318402122765,8.716962898375655,10.748262356221426,3,2,334.7264100807944
4140,2212,130.15298860599168,0.0,B6,4,0,proton,2212,53.24537251727326,24.368662508157996,7.76850116689822,8.1457017317812,3,3,347.7086284149776
24757,2212,164.88092570136723,0.0,B8,6,0,proton,2212,56.8800531338822,19.04263367130284,7.011583012411769,7.491188485890854,4,4,470.40578625064137
3459,2212,77.61446769483916,0.0,B2,0,1,deuteron,1000010020,70.36844812339187,40.47707345908193,11.274556678435587,11.347751227477188,3,1,110.14162170770264
2517,2212,127.36816957809815,0.0,B4,2,0,proton,2212,38.009372145722615,16.465380825192252,7.87478240086559,8.149972313321175,3,3,348.68070483438754
22143,2212,110.72725274661391,0.0,B2,0,1,deuteron,1000010020,41.0566527157737,41.0566527157737,13.144739774560625,13.144739774560625,1,1,110.38023580996466
5333,2212,105.0025768495227,0.0,B2,0,1,deuteron,1000010020,74.47797713532626,38.68946796564025,8.67715544074041,10.916757064301777,3,2,336.25742626688407
25993,2212,66.16116913324271,0.0,B4,2,1,deuteron,1000010020,112.29402031827,52.673489690466475,10.688617042656862,11.146080438656982,3,2,336.5089095421366
15959,2212,61.48098847309264,0.0,B4,2,1,deuteron,1000010020,65.44571722482355,42.08638658430423,10.495457636339586,10.765958838654312,2,2,225.99997625034337
555,2212,70.70917924419285,0.0,B2,0,0,proton,2212,77.36940392284134,46.26908164293691,10.642988449875899,10.750257010420318,3,1,220.83051381116
13595,2212,157.34945576295968,0.0,B4,2,0,proton,2212,25.112893500789106,12.861267582454271,7.064309750772596,7.204684191827927,2,2,224.55279993850206
4433,2212,65.22152520207024,0.0,B4,2,1,deuteron,1000010020,78.16844683781248,54.030634969613395,10.596318760966527,10.895986990248872,2,2,223.98249414112468
23603,2212,153.9178141990217,0.0,B8,6,0,proton,2212,80.67517093321206,37.4512675537841,7.108720689284043,7.718593412044961,5,4,462.00821243082294
13462,2212,165.82470696243234,0.0,B8,6,0,proton,2212,54.6138765330612,17.08249052871966,6.994640060000468,7.461378463593688,4,4,470.68768755445353
15143,2212,75.25747425728548,0.0,B2,0,1,deuteron,1000010020,62.84719267394006,34.285576841266426,10.146431979774993,10.69554856317287,2,1,219.47596811137828
25405,2212,121.33163618834018,0.0,B2,0,1,deuteron,1000010020,58.50359511149084,21.346502409676532,14.42703900667888,14.506717801340214,7,1,112.00090124678799
1835,2212,145.790264632457,0.0,B6,4,0,proton,2212,68.61925512470955,21.108361953233015,7.3094224813438275,7.854874908863066,4,4,462.7160106094856
29446,2212,58.23254031496329,0.0,B4,2,1,deuteron,1000010020,61.76764855194911,39.614296710614084,10.410542519377316,10.676433029229567,2,2,226.43473744269755
11106,2212,154.54913677840824,0.0,B8,6,0,proton,2212,78.15730708321814,35.9340220476542,7.124816641800321,7.737397192325531,4,4,463.44682483411015
28211,2212,151.2630084643074,0.0,B8,6,0,proton,2212,84.35292261446187,39.13369981665734,7.1581567606941,7.78833486613424,4,4,461.82617656457495
12529,2212,154.02397166119187,0.0,B8,6,0,proton,2212,88.08135422034766,42.99946620511375,7.181469521660434,7.829868360680341,4,4,466.13851078824246
29463,2212,161.47813887707576,0.0,B8,6,0,proton,2212,58.87438291364738,21.03206946360958,7.069003082367429,7.566582750452804,5,4,469.2713991680769
16375,2212,70.54529220518754,0.0,B2,0,0,proton,2212,71.54473679634154,39.9027064364032,10.549647459350084,10.674975217659782,2,1,221.02924414383136
27584,2212,148.58746967647457,0.0,B8,6,0,proton,2212,79.22043262071006,33.17224701154815,7.233090284562272,7.846307816226702,4,4,461.8024965456461
13297,2212,134.11929411896273,0.0,B6,4,0,proton,2212,68.63463222930805,20.820223670589268,7.616726326922021,8.164375746414716,4,4,467.63534063138445
8977,2212,153.1041753084011,0.0,B6,4,0,proton,2212,57.54753381527539,18.56520028478572,7.1328391703229075,7.5937268519775145,5,4,463.062181881011
26769,2212,166.63779219303416,0.0,B8,6,0,proton,2212,53.95561300926954,17.565614091131305,7.039883442846212,7.508947661364339,4,4,473.953836117621
12044,2212,95.2683640184941,0.0,B2,0,1,deuteron,1000010020,84.31040878954128,60.260027129759955,9.006496613475141,11.321457814206937,2,1,219.25753049881632
19183,2212,168.35392004812428,0.0,B4,2,0,proton,2212,23.679803314122573,13.723674849428281,7.001704904644643,7.156561742051121,2,2,114.9933770212593
8574,2212,143.54692428286552,0.0,B6,4,0,proton,2212,51.1520215104976,23.27434358065834,7.332454899982341,7.703398800182359,3,3,341.3433367642373
22415,2212,120.15596903362348,0.0,B2,0,1,deuteron,1000010020,53.67783134047251,53.67783134047251,14.080267100633021,14.080267100633021,1,1,111.57764518871122
24173,2212,87.39060169541021,0.0,B2,0,1,deuteron,1000010020,75.95698866227202,45.356298520964174,9.226915697799313,10.698291222861968,3,1,218.3054034698293
24755,2212,128.96808830081022,0.0,B6,4,0,proton,2212,56.02820475921477,25.708575117985067,7.796899551411218,8.176301728674904,3,3,347.4381378187245
6988,2212,82.06804129981563,0.0,B2,0,0,proton,2212,72.16823307815869,42.85214369860305,9.820129187704506,10.56894452221902,2,1,118.34600218713665
25635,2212,101.80181142261604,0.0,B2,0,1,deuteron,1000010020,104.84449317691681,50.88994328804039,8.677079479200108,10.786327845071453,3,2,335.55850144103397
19128,2212,119.95384054572881,0.0,B2,0,1,deuteron,1000010020,65.44608102720659,65.44608102720659,14.302485596008388,14.302485596008388,1,1,110.61335303244236
17091,2212,156.18279527677632,0.0,B8,6,0,proton,2212,86.51513978665403,41.69680156346987,7.107171010060419,7.7297549377000765,4,4,464.79501711694525
5920,2212,104.98907975767733,0.0,B4,2,0,proton,2212,95.99554629611256,41.22313112800828,8.654436361825494,10.36371373905228,3,2,337.1071341222704
19079,2212,70.85865968622863,0.0,B2,0,0,proton,2212,77.16313667736873,44.02275851269505,10.505834816367916,10.700827706207146,3,1,220.22043398541942
24717,2212,87.30304784465396,0.0,B2,0,1,deuteron,1000010020,78.87668237838682,47.30050059550958,9.394379303266073,10.774924599285685,2,1,218.6215045073855
16057,2212,57.05352840039584,0.0,B4,2,0,proton,2212,76.3665329730618,53.30324177353707,10.380728983052423,10.671274977129444,2,2,112.14921682143745
27232,2212,187.8896783528304,0.0,B2,0,1,deuteron,1000010020,0.8545547812565304,0.8545547812565304,124.53089831709528,124.53089831709528,1,1,112.65962845021048
14545,2212,65.90421076179999,0.0,B4,2,1,deuteron,1000010020,76.45363050277216,51.89519470310288,10.601979590830299,10.89477858317882,3,2,336.203403140094
17469,2212,145.13738899842417,0.0,B6,4,0,proton,2212,67.8829182257121,20.951068687503888,7.286826044469298,7.826804801578725,4,4,461.64501179066735
25159,2212,102.82369446363056,0.0,B2,0,1,deuteron,1000010020,63.155310011156004,36.82017427897957,8.747503702488173,11.098783207113783,3,2,335.7669438992399
17289,2212,166.05421965869567,0.0,B4,2,0,proton,2212,61.10333236640333,49.67198352226989,7.047584911786496,7.3844950749936045,4,2,116.41126394037772
13629,2212,120.14468910587591,0.0,B2,0,1,deuteron,1000010020,53.8930371492393,53.8930371492393,14.068630488068473,14.068630488068473,1,1,111.38710164417259
8713,2212,159.22897389602306,0.0,B8,6,0,proton,2212,70.93705084568978,28.55006252941129,7.056713801780083,7.616589161212616,4,4,464.89275489543456
28365,2212,53.50933695050113,0.0,B4,2,1,deuteron,1000010020,57.702278556666485,34.98415454732526,10.364542450444215,10.611058885997094,3,2,228.63807451675618
24733,2212,138.75541701569847,0.0,B6,4,0,proton,2212,58.418580155164065,28.096584815719687,7.50952331528698,7.901977851663517,3,3,343.7398378291955
6749,2212,95.2860387144148,0.0,B2,0,1,deuteron,1000010020,85.17086390472383,60.60556901430121,8.970250927532314,11.320560781617132,2,1,219.24660205418962
15107,2212,166.89822300581622,0.0,B8,6,0,proton,2212,54.49520190934024,17.382432898002644,6.998134374885986,7.4560966353921305,4,4,472.0764497689314
22822,2212,157.19089983231075,0.0,B8,6,0,proton,2212,73.05143585739742,30.895475630777778,7.107694564210223,7.68340331099711,4,4,465.59218435988737
15798,2212,155.08890617674552,0.0,B2,0,0,proton,2212,22.870650093325615,11.737778743605357,7.102199530700783,7.280733687126916,2,2,111.52515626546978
7717,2212,57.531935889634354,0.0,B4,2,1,deuteron,1000010020,60.91847943457661,38.19192646705135,10.35968917148782,10.619519176683896,2,2,225.563465250254
14520,2212,103.98051506090624,0.0,B4,2,0,proton,2212,99.51108245904774,43.62448612335432,8.750398431546063,10.360105611427954,3,2,336.97943791383256
27850,2212,131.89112577860726,0.0,B6,4,0,proton,2212,52.37510433307336,23.675066299123483,7.694774049344489,8.063953009095941,3,3,345.5037495626463
9686,2212,146.87148754833254,0.0,B2,0,1,deuteron,1000010020,51.13939599988477,37.674671825982365,7.252802937160878,15.848884946320977,2,1,222.08910189594266
16605,2212,137.49871960982415,0.0,B8,6,0,proton,2212,77.31688309296447,29.579441890185727,7.478918148955207,8.075849254985258,4,4,465.47829497344173
807,2212,103.70549617953007,0.0,B2,0,1,deuteron,1000010020,91.55632080843534,36.28546347413264,8.736785543123267,10.497102358416198,4,2,344.76828708234086
8023,2212,119.02449907701525,0.0,B2,0,1,deuteron,1000010020,54.35303155417995,54.35303155417995,14.075812420264494,14.075812420264494,1,1,111.75941105401209
16726,2212,163.86037916525873,0.0,B8,6,0,proton,2212,57.12137406013642,18.80379294757388,6.985214281229043,7.4572813824755375,4,4,468.3890133062139
11075,2212,143.75823095782943,0.0,B4,2,0,proton,2212,28.596738411550433,15.419839569527317,7.330097187578594,7.485417833172954,2,2,223.89636753252046
26753,2212,154.57097564872365,0.0,B8,6,0,proton,2212,81.57594991614098,37.91489498286489,7.149104676338051,7.757763850877091,4,4,464.8212691274962
22314,2212,147.52638056261725,0.0,B2,0,1,deuteron,1000010020,113.92207301965408,41.10895794891801,7.241458301523543,11.506991019330192,5,4,574.0348719879162
17716,2212,93.404800789807,0.0,B2,0,1,deuteron,1000010020,87.52025482358665,62.64188336709195,9.117568949794164,11.25804625004982,2,1,219.40033383207845
26799,2212,84.57600785847836,0.0,B2,0,1,deuteron,1000010020,78.45913013255182,42.124382617632094,9.43367547548679,10.587297296705769,2,1,218.22677277837593
3168,2212,144.85696672758922,0.0,B2,0,1,deuteron,1000010020,103.44244070595383,41.21590073523467,7.303529493159146,11.90448702332325,5,4,574.4345128979697
6572,2212,112.16631192687355,0.0,B2,0,1,deuteron,1000010020,40.52966826264021,40.52966826264021,13.234545748370175,13.234545748370175,1,1,110.42308162742802
3140,2212,152.09028055938765,0.0,B2,0,1,deuteron,1000010020,49.75258554798131,24.677769146166394,7.200800157550309,15.156427447187156,3,2,336.25828902122896
15142,2212,147.3628196811033,0.0,B4,2,0,proton,2212,33.19338303231682,14.793348111183828,7.290713942409163,7.5328532531934425,3,3,342.08279446208775
9424,2212,150.83810294183644,0.0,B8,6,0,proton,2212,86.14368905913892,42.067320408908195,7.176816087775309,7.818435229618875,4,4,462.6517106604633
14540,2212,131.95031514347178,0.0,B6,4,0,proton,2212,51.85459858635345,22.88664599064747,7.71776916154459,8.080601475784666,3,3,347.1152377868016
27310,2212,125.51714187774813,0.0,B2,0,0,proton,2212,19.7709833421206,13.530368956467242,7.904886518796651,8.0002702298377,2,2,228.74700374732708
25554,2212,139.0405872295691,0.0,B8,6,0,proton,2212,77.72620108941025,28.112101133993914,7.4320803503575315,8.023293432035292,5,4,463.8281974318601
8009,2212,126.52710469115472,0.0,B4,2,0,proton,2212,33.24420943983745,16.30894407300144,7.844709344868836,8.04841296957045,3,3,347.93069557837737
5547,2212,85.5302809485436,0.0,B2,0,1,deuteron,1000010020,76.56787176581649,42.876409951226584,9.394338720322416,10.59708725390367,2,1,218.58233001409002
7810,2212,97.24703064051667,0.0,B2,0,1,deuteron,1000010020,117.56696403366647,57.47246955829148,8.864149471638767,10.712917320233537,4,2,334.7322200986254
28667,2212,88.11388388276958,0.0,B2,0,1,deuteron,1000010020,47.60374950647821,47.60374950647821,11.776046942307905,11.776046942307904,1,1,109.18136368015966
24070,2212,135.74180843755403,0.0,B8,6,0,proton,2212,70.05729878226327,21.79421133544434,7.583681511546229,8.147517746642407,4,4,467.96653221935134
1858,2212,78.37663599989013,0.0,B2,0,1,deuteron,1000010020,73.65939905674,36.997727267343066,10.114740788248623,10.715827555401912,2,1,218.7411315007107
3235,2212,141.4509304193437,0.0,B2,0,0,proton,2212,12.137837189526774,12.137837189526774,7.414052149553772,7.414052149553772,1,1,110.48477102650695
25057,2212,104.01365301118099,0.0,B2,0,1,deuteron,1000010020,143.34239740654976,59.6883292965124,8.654133761041528,10.905239144118442,7,2,336.3787174051241
11271,2212,93.04362448383094,0.0,B2,0,0,proton,2212,25.37434157942405,25.37434157942405,9.037136336057156,9.037136336057156,1,1,110.0788558494747
21537,2212,102.1304138414285,0.0,B2,0,1,deuteron,1000010020,101.35470555698839,47.93867908739946,8.678206120212064,10.81790262268496,3,2,335.12818616709603
21552,2212,78.44748734179201,0.0,B2,0,0,proton,2212,79.57268942226347,43.36703309846486,9.834716372388774,10.46594272055307,2,1,218.86029960770205
26746,2212,159.74929327117792,0.0,B8,6,0,proton,2212,79.08074387399381,30.177843093872067,7.084591045619342,7.680898909592793,9,4,468.10629416645935
17095,2212,74.65275768313609,0.0,B2,0,1,deuteron,1000010020,57.935176549984,33.047823972413184,9.839642829010685,10.525257117883708,2,1,219.5170346949351
29624,2212,76.047304270502,0.0,B2,0,0,proton,2212,33.543642735933766,33.543642735933766,10.39913577697808,10.39913577697808,1,1,109.44347435211648
7936,2212,154.09221439582362,0.0,B4,2,0,proton,2212,26.0767895497447,14.012784721189647,7.1388239258284,7.287746994486956,2,2,224.52906306425666
6317,2212,164.11792344265666,0.0,B8,6,0,proton,2212,59.15951448196664,19.913515193686525,7.001837736201166,7.488400331979062,4,4,468.54103616118346
18563,2212,106.8334740638622,0.0,B2,0,1,deuteron,1000010020,58.366975755740405,36.018270947462746,8.614862641669133,11.270321807200427,3,2,221.89815486713218
2478,2212,98.96939217652114,0.0,B2,0,1,deuteron,1000010020,116.19116084919301,55.581394125866716,8.759866202509015,10.689549491673807,3,2,334.2743599654806
28056,2212,104.3771161169856,0.0,B4,2,0,proton,2212,95.45494172797868,40.187801990508525,8.674624827508918,10.41655686120267,3,2,336.2122919647725
13706,2212,155.40482695756452,0.0,B4,2,0,proton,2212,25.389174275640382,13.229009268880858,7.130069008188704,7.274348130106663,2,2,224.0640651389101
3489,2212,168.34199500384858,0.0,B8,6,0,proton,2212,54.4065058828659,17.443611098748153,6.992526444075732,7.464093741449195,4,4,473.38839499034765
29570,2212,58.118442045257865,0.0,B4,2,1,deuteron,1000010020,61.55165641508806,38.872004199616455,10.399870342642108,10.662741426496774,2,2,225.72389162706247
27770,2212,158.95107889291336,0.0,B4,2,0,proton,2212,25.282791612490634,13.660912387111821,7.086041163160758,7.233260583982,2,2,224.52184571046357
24712,2212,151.4952942306635,0.0,B8,6,0,proton,2212,85.41325863535883,39.28329243626951,7.213549638864457,7.838268553184425,4,4,463.82867521530045
17423,2212,122.95076495883835,0.0,B2,0,1,deuteron,1000010020,62.02266537535114,62.02266537535114,14.813608004236107,14.813608004236107,1,1,111.65670712028773
29268,2212,80.73233504976764,0.0,B2,0,0,proton,2212,80.66075665394698,41.83044814809898,9.918566895413681,10.621073294300725,2,1,218.70472992666276
2117,2212,64.05248908719878,0.0,B4,2,1,deuteron,1000010020,76.98543391724881,52.88719112039844,10.590696030179549,10.886420112168633,2,2,224.61480414873523
6403,2212,116.86072079783932,0.0,B2,0,1,deuteron,1000010020,47.63488202258988,47.63488202258988,13.730927934319265,13.730927934319263,1,1,111.05750442486082
4806,2212,112.15211028610311,0.0,B2,0,1,deuteron,1000010020,43.34567012522738,43.34567012522738,13.310621138747658,13.310621138747658,1,1,110.82978375610102
5190,2212,165.02966675249206,0.0,B8,6,0,proton,2212,54.82751513193847,18.280747554536852,6.971072034724863,7.443947468918803,4,4,468.4939657763046
27521,2212,121.74713604626876,0.0,B2,0,1,deuteron,1000010020,63.49629166105741,63.49629166105741,14.673114965156566,14.673114965156566,1,1,111.84757459971479
12087,2212,153.7355955825773,0.0,B8,6,0,proton,2212,92.4716888828631,46.36934521845486,7.168563088124372,7.831533391453565,5,4,465.479866128662
6158,2212,149.7041720212785,0.0,B8,6,0,proton,2212,73.73482745948137,27.735158368924512,7.235810006258481,7.835554693257946,4,4,463.49051842804124
5114,2212,84.89252431089714,0.0,B2,0,1,deuteron,1000010020,41.2268774466451,41.2268774466451,11.582782126161788,11.582782126161788,1,1,109.50940420633076
12040,2212,162.43399291203258,0.0,B8,6,0,proton,2212,54.33470879134537,18.191834760061752,7.047829046240592,7.5310238213793745,4,4,469.1101748569036
25740,2212,118.57963647845042,0.0,B2,0,1,deuteron,1000010020,50.15691903098571,50.15691903098571,13.935486895770227,13.935486895770227,1,1,111.16062334982784
12020,2212,171.63827899059478,0.0,B2,0,0,proton,2212,0.06194201174245465,0.06194201174245465,6.995846285549696,6.995846285549696,1,1,111.76183551282702
6645,2212,147.58555109858264,0.0,B2,0,1,deuteron,1000010020,111.65569000912993,37.08614989977777,7.248677391421108,11.539996924040382,5,4,573.8428667438255
488,2212,156.49860597245004,0.0,B8,6,0,proton,2212,79.4622399024187,36.54591820922389,7.107560348573145,7.713818540567898,4,4,464.7007872588896
27748,2212,168.77997527890284,0.0,B6,4,0,proton,2212,39.47110691994811,13.623525597504639,7.006833811400124,7.325069528162898,4,4,474.5452022995473
13838,2212,79.61449057069542,0.0,B2,0,1,deuteron,1000010020,38.86078415981425,38.86078415981425,11.2882381015165,11.2882381015165,1,1,108.91523347792209
24798,2212,166.71448151716123,0.0,B8,6,0,proton,2212,54.73588133984299,17.354254495673842,6.979293364054521,7.44542693809781,4,4,471.29389364415516
21842,2212,153.19105700917504,0.0,B8,6,0,proton,2212,87.34294663435348,42.45977383561095,7.18462428844492,7.822495661500878,4,4,464.27094562161585
2243,2212,128.53532410951598,0.0,B6,4,0,proton,2212,55.65757633348103,26.17228938408025,7.866785657987081,8.253277012846016,3,3,349.2602884347305
19030,2212,58.86235267995632,0.0,B4,2,1,deuteron,1000010020,67.60838423538456,43.2391147773158,10.438424671237263,10.70695027513908,2,2,226.83529311575907
11789,2212,101.69737910971185,0.0,B4,2,0,proton,2212,60.08106087621121,35.46354540737736,8.692481121484496,8.954881495814675,3,2,225.16442798995178
2261,2212,167.2433024082128,0.0,B8,6,0,proton,2212,55.14380763334119,17.887169219600594,6.974577375034592,7.4589550168489165,5,4,471.1411532198312
14548,2212,70.83597462522329,0.0,B2,0,0,proton,2212,79.05714895178964,36.68953397465964,10.95881317150467,11.122018056663476,8,1,221.49162211790465
8945,2212,52.88219922473667,0.0,B4,2,0,proton,2212,61.99946146302888,29.626252176372624,10.257066941028578,10.521080204142484,3,2,112.84617782790231
14302,2212,57.35524268724239,0.0,B4,2,1,deuteron,1000010020,60.172191646518684,38.40777859052292,10.388206919412802,10.652511891365581,2,2,226.76303414691978
13773,2212,55.25579352403465,0.0,B4,2,1,deuteron,1000010020,60.10248094233229,37.14463162097613,10.39707481625691,10.653007141532155,2,2,227.7185136400211
15890,2212,91.86434130522817,0.0,B2,0,1,deuteron,1000010020,81.84193800533572,56.279883258912655,9.10669678047248,11.041645919954647,2,1,218.91674576227936
6531,2212,155.0953665128566,0.0,B8,6,0,proton,2212,89.08433103458933,45.37944462339126,7.14890021471875,7.794116533734175,4,4,464.6635402970412
11049,2212,115.68683242657318,0.0,B2,0,1,deuteron,1000010020,71.39945989030058,69.07398885534859,13.809002756803013,13.809927867914313,2,1,111.31288169308701
24446,2212,92.36850665310436,0.0,B2,0,1,deuteron,1000010020,89.19155007885539,60.92601229576482,9.16422189917782,11.277346567413883,3,1,218.81913210167474
24576,2212,161.0425221304725,0.0,B8,6,0,proton,2212,57.297236699496594,19.487119892648508,7.032203990928678,7.5178639343642715,4,4,467.866306215466
6530,2212,136.332407261741,0.0,B8,6,0,proton,2212,76.58352056421181,27.750901142158785,7.554378117469073,8.14304404624373,4,4,467.5267487040842
6041,2212,58.117407523739935,0.0,B4,2,1,deuteron,1000010020,60.0745984479008,38.02726770237931,10.444441969627203,10.706906367050296,2,2,227.03557663851882
23705,2212,54.13209258047623,0.0,B4,2,1,deuteron,1000010020,60.36348930106682,37.30625429385476,10.364327246632241,10.62477739572508,3,2,228.2971101598253
7085,2212,138.33165436805749,0.0,B8,6,0,proton,2212,80.88985259172759,35.060150222935484,7.502496597129254,8.124670765982621,4,4,467.11628131684165
18539,2212,59.79763184337288,0.0,B4,2,1,deuteron,1000010020,63.0532468712802,40.051151131340895,10.422660421259067,10.68764510451731,2,2,225.68694855792864
7886,2212,63.96148123380942,0.0,B4,2,1,deuteron,1000010020,71.3952683107533,48.311845901121295,10.589477103126166,10.878528237859783,2,2,225.6059209322416
21040,2212,166.84463654229148,0.0,B8,6,0,proton,2212,54.87596749585751,17.342975398622755,7.031199508211264,7.498689786077539,4,4,474.06209737619383
6333,2212,121.96097496104812,0.0,B2,0,1,deuteron,1000010020,62.119094002372876,62.119094002372876,14.794182790112146,14.794182790112146,1,1,111.59617994001947
26215,2212,161.32893547974226,0.0,B8,6,0,proton,2212,56.06137149126844,19.178577487113493,7.061980984176595,7.546828268774655,4,4,468.97798784938976
23569,2212,133.18823474390192,0.0,B6,4,0,proton,2212,51.237575875027886,22.981700718935492,7.587156058144315,7.948415706710063,3,3,343.3868573020606
27719,2212,168.46024983907728,0.0,B4,2,0,proton,2212,60.32651646951951,50.59988866897334,6.987073273234621,7.252009394151976,2,2,113.92049895982491
7177,2212,108.62108009465302,0.0,B2,0,1,deuteron,1000010020,78.0238042265245,40.800887855555175,8.51994941599822,11.007853751572446,3,2,339.5654393467015
2664,2212,56.239611786799344,0.0,B4,2,1,deuteron,1000010020,60.97949850940513,38.47292416524341,10.368258415067935,10.629129632561613,2,2,226.46326317015502
7923,2212,93.55896657838687,0.0,B2,0,1,deuteron,1000010020,87.58511769724856,63.17512753664143,9.050162912712189,11.252171383757192,2,1,219.10193108695904
19163,2212,161.61953304875937,0.0,B8,6,0,proton,2212,57.04417484954275,19.595828131582586,7.02345302884019,7.507211923127997,4,4,467.10440056794454
11313,2212,114.63886926864292,0.0,B2,0,1,deuteron,1000010020,45.33857698834133,45.33857698834133,13.51505489343532,13.51505489343532,1,1,110.47598405645071
27254,2212,66.59262896194218,0.0,B2,0,0,proton,2212,49.8095643301326,24.65991455858416,10.457423977132084,10.558418399745047,6,3,256.5453362160937
5819,2212,78.37599518790825,0.0,B2,0,1,deuteron,1000010020,54.753156360953575,28.866695055426128,11.290286414016805,11.386916119186798,5,1,109.51314797222693
24102,2212,116.70720106074711,0.0,B2,0,1,deuteron,1000010020,50.48848753139144,50.48848753139144,14.006012989556599,14.006012989556599,1,1,111.7386999556558
14144,2212,98.35214032158554,0.0,B4,2,0,proton,2212,98.0535596386588,45.58929528568399,8.743773738649034,10.244560166318674,5,2,333.0133004481403
2876,2212,155.1217333144987,0.0,B8,6,0,proton,2212,90.93991412067086,45.97934505125602,7.165175054813244,7.805332836250104,4,4,465.606201885012
12997,2212,138.87308374428153,0.0,B6,4,0,proton,2212,56.90363765556374,27.085470365620704,7.461136431047583,7.852716980139546,3,3,342.5148792990833
9162,2212,161.82844737852162,0.0,B8,6,0,proton,2212,56.86550301035409,18.64787456883316,7.004852479838904,7.477029629896511,4,4,467.28191191132316
19864,2212,83.65477707347917,0.0,B2,0,0,proton,2212,88.37875457479592,45.34534863693184,9.837340809386331,10.65474427646882,2,1,218.92264172384176
8900,2212,81.05427933097253,0.0,B2,0,0,proton,2212,80.03701532482006,40.61449533828024,10.015761150699545,10.689374795533107,2,1,219.07285670402496
20394,2212,79.18616926366201,0.0,B2,0,0,proton,2212,78.98278333798399,42.20926264395746,9.836187858859663,10.525481164347903,2,1,218.49365290023462
8812,2212,112.80797947010453,0.0,B2,0,1,deuteron,1000010020,44.94408246119221,44.94408246119221,13.409734154518302,13.4097341545183,1,1,110.10312972726683
24726,2212,54.636862685998075,0.0,B4,2,1,deuteron,1000010020,58.12292460967659,35.52894645340113,10.282523114885015,10.53302919130554,2,2,226.7204293864201
10225,2212,94.48940501060439,0.0,B2,0,1,deuteron,1000010020,86.58364515127406,63.80711907599972,8.865871872568716,11.276691451412127,2,1,218.83737552670874
7463,2212,93.24552653626967,0.0,B2,0,1,deuteron,1000010020,90.74967888818612,64.4693828707513,8.993723158018263,11.154288263756733,2,1,218.9540596585064
12149,2212,129.65529115934936,0.0,B6,4,0,proton,2212,52.65368498734459,23.74361079612564,7.707056095994671,8.082822557325661,3,3,344.7495507096031
19200,2212,164.04409750450415,0.0,B4,2,0,proton,2212,94.66448008712375,64.49718826500795,7.029255801553858,7.57153393810507,5,3,117.03995822126586
19640,2212,165.5824459540612,0.0,B6,4,0,proton,2212,68.99235584934273,34.22093963623047,7.018391438653395,7.452182458820696,7,3,347.7799449923156
26789,2212,120.64423766061387,0.0,B2,0,1,deuteron,1000010020,54.47914749451009,54.47914749451009,14.169771595955345,14.169771595955345,1,1,111.72449495439216
25908,2212,153.60975501062552,0.0,B8,6,0,proton,2212,88.04921886126968,43.83634120223856,7.188645430196689,7.828784921598968,4,4,465.76983473188454
16406,2212,109.98066974816354,0.0,B2,0,1,deuteron,1000010020,70.87451624064099,24.02887992680347,8.406405125384989,10.910502008426384,8,2,338.5706643827171
25211,2212,86.32088609126532,0.0,B2,0,0,proton,2212,91.87198088825247,46.48846114958185,9.563750459766037,10.627930186990207,2,1,218.46087546064393
4238,2212,151.83827197728226,0.0,B8,6,0,proton,2212,85.44929875292183,38.636202680866184,7.199001847985958,7.82267232025894,4,4,463.82699960895263
11755,2212,64.81176635939778,0.0,B4,2,1,deuteron,1000010020,74.65192862154257,51.01123313213253,10.63128975550371,10.9256205335649,2,2,224.798725758941
29048,2212,162.87623120844282,0.0,B8,6,0,proton,2212,56.56704897008312,19.20659177344967,7.031177924956826,7.516127150422562,4,4,469.0087066286803
20215,2212,117.92272601338058,0.0,B2,0,1,deuteron,1000010020,55.45849659306027,41.591643135777474,13.993453307185833,14.060824914069004,3,1,111.80007013849249
24635,2212,99.36044935829129,0.0,B2,0,1,deuteron,1000010020,106.87538463756883,55.41348299746555,8.66027554302439,10.787464505418003,3,2,333.89007463216683
25060,2212,137.4601276912978,0.0,B4,2,0,proton,2212,27.55325950299268,14.703513464931332,7.509577289887883,7.660648124564136,2,2,226.21115683802992
5756,2212,158.3823662422392,0.0,B8,6,0,proton,2212,71.4542650381074,29.189800341701584,7.042400185747555,7.605572680228303,4,4,463.63572635967864
6186,2212,88.62400205493398,0.0,B2,0,1,deuteron,1000010020,63.27977963571258,43.84358541110036,11.783911445388359,12.066141261715668,5,1,116.61227789396322
18725,2212,68.9587787806692,0.0,B4,2,1,deuteron,1000010020,106.43682298496427,48.59177353189093,10.741289363455216,11.245606744513978,3,2,334.61030335403655
12752,2212,143.3165027545473,0.0,B6,4,0,proton,2212,52.90632237617911,24.373679991736804,7.405928998127092,7.776452462395282,3,3,343.12047754166053
27631,2212,150.54379532687452,0.0,B8,6,0,proton,2212,83.70623935851992,38.27145187574029,7.221364396981708,7.84936274030955,4,4,463.98902184339556
23833,2212,60.21453740974938,0.0,B2,0,1,deuteron,1000010020,59.2442356048665,22.41028899418928,10.44013460165677,10.82587195469352,10,3,225.32353899301322
29069,2212,138.1457987540864,0.0,B6,4,0,proton,2212,53.31427343522009,24.699951092265994,7.486542547808102,7.8680536652532815,4,3,343.494653315554
23159,2212,61.7758655258627,0.0,B4,2,1,deuteron,1000010020,68.31673221329895,44.79949742418849,10.488427166340628,10.766746077138093,2,2,224.7332708148134
1939,2212,128.17803118003718,0.0,B6,4,0,proton,2212,57.40490929990408,27.167336355485624,7.830311120166483,8.217851100993114,3,3,348.26972154088037
19341,2212,59.283112666059786,0.0,B2,0,1,deuteron,1000010020,71.98637639724079,22.380899470082333,10.473575692579583,10.787698623576384,8,2,229.66325562507015
27626,2212,62.30582213218107,0.0,B4,2,1,deuteron,1000010020,67.24593524334118,43.269547479428596,10.54734216557577,10.820434554589907,2,2,226.25829247426142
18825,2212,133.41490266815836,0.0,B6,4,0,proton,2212,66.65452763972672,21.31744180949734,7.62861831270243,8.178411982231541,4,4,467.2279277363724
14064,2212,123.07949726592328,0.0,B2,0,1,deuteron,1000010020,33.00243780281222,33.00243780281222,14.627410513003062,14.627410513003062,1,1,111.89190611010972
7663,2212,157.10182213384337,0.0,B8,6,0,proton,2212,74.57731527777754,31.90455576036317,7.0918077811862785,7.6725024622732585,4,4,464.1884274388411
5773,2212,57.79969667953664,0.0,B2,0,0,proton,2212,84.27599830973423,31.975254166601413,10.39687891607707,10.442766986246248,6,1,111.37625243996769
16942,2212,97.1063674663109,0.0,B2,0,1,deuteron,1000010020,57.841564082406435,57.841564082406435,12.388661900930853,12.388661900930853,1,1,109.72011129222851
14162,2212,158.61829625271184,0.0,B2,0,0,proton,2212,21.951711019103904,12.15888683952393,7.076668846768209,7.192210142559748,3,2,224.96239707245564
14314,2212,61.88202353139893,0.0,B4,2,1,deuteron,1000010020,66.69778627600117,43.43115685650727,10.46436991135856,10.739702050812943,2,2,224.87095533286129
8502,2212,145.54724609412955,0.0,B2,0,1,deuteron,1000010020,107.88619351893314,41.10815499405934,7.302619981884834,11.72660312594535,5,4,574.8775996645405
27877,2212,152.01041488219084,0.0,B2,0,0,proton,2212,49.90250575599294,49.61690578896665,7.616978386969496,7.639190701450613,2,2,10.528809252238116
16081,2212,51.51113274887986,0.0,B2,0,1,deuteron,1000010020,22.255073654218265,22.255073654218265,10.230886981681465,10.230886981681465,1,1,112.15158130400387
9682,2212,75.85272630433802,0.0,B2,0,1,deuteron,1000010020,35.643307593339614,35.643307593339614,11.2201584159893,11.2201584159893,1,1,109.94895410247871
25523,2212,92.37243063872779,0.0,B2,0,1,deuteron,1000010020,89.47725602732245,61.71969339417052,9.209806643221242,11.236881073360076,2,1,218.88803095236102
3934,2212,57.931102181276465,0.0,B4,2,1,deuteron,1000010020,63.83731259877341,40.12588007659818,10.442039715449743,10.709210993142944,3,2,226.23828184782468
29417,2212,143.42462164152852,0.0,B4,2,0,proton,2212,43.45669599330143,14.81674772535938,7.325673394064716,7.668390473911359,6,3,340.5092239109075
2422,2212,124.32564794620991,0.0,B2,0,1,deuteron,1000010020,31.315625280806884,31.315625280806884,14.988354644187638,14.988354644187638,1,1,111.90290173744741
8078,2212,154.94784575192065,0.0,B8,6,0,proton,2212,82.61059815457338,39.93625312309862,7.170566490055669,7.791487533567834,4,4,466.18601819397384
21009,2212,62.92775109984135,0.0,B4,2,1,deuteron,1000010020,89.82028921219319,56.3280964237909,10.482090632134144,10.823648313510265,3,2,224.17035483880497
17800,2212,52.253758173036886,0.0,B2,0,1,deuteron,1000010020,14.520219554069868,14.520219554069868,10.373912023318118,10.373912023318116,1,1,112.94120417824278
16493,2212,91.47025302868381,0.0,B2,0,0,proton,2212,25.24571324263574,25.24571324263574,9.020736024145648,9.020736024145648,1,1,109.36371123907205
2475,2212,131.69214062804417,0.0,B6,4,0,proton,2212,59.89461063348935,21.640209965001937,7.726293230177474,8.22988282166206,4,4,470.35503794788895
1873,2212,107.32313893974772,0.0,B2,0,1,deuteron,1000010020,57.82745446098493,39.77689793059438,8.691196815334049,11.646180025054708,2,1,222.31071601212028
15727,2212,153.3437231681865,0.0,B8,6,0,proton,2212,90.07875300372214,46.01075357954557,7.127242816092327,7.7785450458765615,5,4,461.8168956800852
8521,2212,84.92988475837832,0.0,B2,0,0,proton,2212,67.81190637234914,30.23000132836521,9.425734345289069,10.674869655231156,6,1,218.2980288401555
17126,2212,58.914462606767415,0.0,B4,2,1,deuteron,1000010020,65.00012737446741,42.05950884965539,10.431785755979075,10.703792389342498,2,2,225.47073293814594
23003,2212,90.13362028354419,0.0,B2,0,1,deuteron,1000010020,90.05771912692734,61.007646712041534,9.382888255368167,11.120740049137474,2,1,218.99570776066219
21068,2212,109.34202878847226,0.0,B2,0,1,deuteron,1000010020,79.99293912633428,42.303374553660994,8.452886969078158,11.09170817887352,3,2,339.05207393499995
18928,2212,132.65143817930166,0.0,B6,4,0,proton,2212,57.758324164707794,22.80309295043292,7.655033696490987,8.107073431332731,4,4,468.00390185563106
26815,2212,54.01799022453602,0.0,B4,2,1,deuteron,1000010020,59.507929916971534,37.06708879403654,10.257042069511169,10.511822864891009,2,2,226.63566426059901
11216,2212,112.4207176449967,0.0,B2,0,1,deuteron,1000010020,42.66738360309395,42.66738360309395,13.317066786437039,13.31706678643704,1,1,110.45374982801889
20889,2212,129.6000550086008,0.0,B6,4,0,proton,2212,56.224451592484336,27.137266048828685,7.75859567305727,8.154234250225077,3,3,345.7372419112965
2822,2212,137.93627408469575,0.0,B2,0,0,proton,2212,12.403799295487087,12.403799295487087,7.464786921666149,7.464786921666149,1,1,110.71491390012334
19833,2212,63.216475875228426,0.0,B4,2,1,deuteron,1000010020,69.52724746919228,46.17314728007945,10.617554931376718,10.900404167304437,2,2,225.912505217315
27763,2212,151.81500164826127,0.0,B8,6,0,proton,2212,86.15795886447226,41.26222994647377,7.149934160513475,7.783050591091299,4,4,461.99878365743257
1320,2212,51.18465478791592,0.0,B2,0,1,deuteron,1000010020,0.6503247324143597,0.6503247324143597,10.275179063762788,10.275179063762788,1,1,111.90350487428505
20395,2212,90.03209671211494,0.0,B2,0,1,deuteron,1000010020,54.271825042499245,54.271825042499245,11.86209498712095,11.86209498712095,1,1,109.19233288106196
3634,2212,160.9414681656675,0.0,B8,6,0,proton,2212,57.6150902045228,19.564673654972957,7.005593825388447,7.492434358860154,4,4,466.23514501652
16417,2212,55.87422971521069,0.0,B2,0,1,deuteron,1000010020,27.103601428409263,22.19246212027456,10.36762479778407,10.447195293245555,2,2,111.77110311026524
19859,2212,150.4674080465452,0.0,B8,6,0,proton,2212,80.97912121225039,33.87146618629027,7.215030272575774,7.835871030066641,4,4,464.5512896394584
18363,2212,134.90547498465875,0.0,B6,4,0,proton,2212,71.14515114282275,21.3130916901318,7.530283724203235,8.095081403208555,5,4,464.5941509096067
20034,2212,100.27840838181582,0.0,B4,2,0,proton,2212,60.891236608982894,42.924576273330224,8.740731390743571,8.997482757631204,2,2,225.54231893512113
14835,2212,55.130763899389024,0.0,B4,2,0,proton,2212,92.75743402789993,37.823446831889655,10.365707385026127,10.689270396416184,3,2,113.31261129940162
16449,2212,103.19162747580717,0.0,B2,0,1,deuteron,1000010020,125.56789545705612,62.58681325105334,8.633942154613512,10.894499199818561,3,2,334.63876325142934
11641,2212,94.26312626381626,0.0,B2,0,1,deuteron,1000010020,89.20874947431078,62.637123554729534,8.957447701099321,11.238084454600237,2,1,218.82824654414225
13784,2212,112.0120552664188,0.0,B2,0,1,deuteron,1000010020,42.86814753579657,42.86814753579657,13.327100502566497,13.327100502566497,1,1,110.71934265105752
5966,2212,165.228332189576,0.0,B8,6,0,proton,2212,56.16300425200672,18.431870211111395,7.027504816820179,7.506472872890928,4,4,471.22891383974724
5168,2212,129.85977604965404,0.0,B6,4,0,proton,2212,55.0490392422445,25.677894840429843,7.753066505313258,8.136734426621866,3,3,346.1093978739767
14624,2212,86.52353543416434,0.0,B2,0,0,proton,2212,45.67988212522594,45.27304012597161,9.58844058669216,9.590235206743046,2,1,109.47218685567239
6252,2212,147.86839234989378,0.0,B8,6,0,proton,2212,75.1624845146167,28.337085095032005,7.2344775036909486,7.829387017889172,4,4,460.82313587930753
18198,2212,119.84083210561909,0.0,B2,0,1,deuteron,1000010020,60.59710958613989,60.59710958613989,14.22594380019887,14.22594380019887,1,1,111.30195089297258
17071,2212,163.74286710659595,0.0,B8,6,0,proton,2212,55.52661833567164,18.639432904167847,7.013987753399629,7.494374142319385,4,4,469.0404584624673
8730,2212,86.04798995067631,0.0,B2,0,0,proton,2212,34.866915254926944,34.866915254926944,9.442577015756445,9.442577015756445,1,1,109.34675500877673
13869,2212,81.71156461642718,0.0,B2,0,0,proton,2212,79.88736689090507,42.02992616038949,9.532272807650907,10.410107374184484,2,1,218.4122532391185
2819,2212,137.0330459938608,0.0,B8,6,0,proton,2212,74.50495043428977,26.612523642241502,7.518963375577334,8.102586699628779,4,4,465.58148538748264
19857,2212,162.91324897346954,0.0,B8,6,0,proton,2212,58.70155112886059,20.069470117565757,6.988393653082166,7.469274098932036,4,4,467.04213778889056
14024,2212,159.51662256927284,0.0,B8,6,0,proton,2212,64.40474954226198,25.15890891410252,7.085451426723466,7.626210804534467,4,4,467.21676138975647
11300,2212,136.45649498980703,0.0,B8,6,0,proton,2212,74.13877520546717,26.50142742184853,7.555472500981645,8.144343985339926,4,4,466.75143311244676
17597,2212,168.10644714600664,0.0,B8,6,0,proton,2212,54.55999850244038,17.781641183942988,7.032572452220351,7.502549019486482,4,4,475.1466675132142
19615,2212,125.67753777970469,0.0,B2,0,0,proton,2212,21.781368689020468,13.886788533390387,7.920514129707977,8.030212821021198,2,2,229.35060575925928
15957,2212,89.07013724003106,0.0,B2,0,1,deuteron,1000010020,76.9563668412706,49.450584323107705,9.141190895108744,10.83235143291306,2,1,218.52990248531114
11603,2212,92.43707054374978,0.0,B2,0,0,proton,2212,25.144176499494865,25.144176499494865,9.063600273461583,9.063600273461583,1,1,110.04053388553118
4692,2212,109.92031521555936,0.0,B2,0,1,deuteron,1000010020,72.6816104435772,40.656040594857274,8.46310874099557,11.183149350619063,3,2,337.70177571729806
2097,2212,96.5454631391858,0.0,B2,0,1,deuteron,1000010020,104.80541565524521,59.903927025193596,8.899692232154985,10.913151552704715,6,1,219.45020449692413
27691,2212,66.57996512322767,0.0,B4,2,1,deuteron,1000010020,78.96168270333034,54.632663224516776,10.656722958493141,10.95694889772532,2,2,224.7128494094217
27220,2212,98.10265820111795,0.0,B2,0,1,deuteron,1000010020,120.766156631137,56.26234247859639,8.789680765628315,10.669085428442747,3,2,333.69268579691004
6465,2212,167.11329959059395,0.0,B8,6,0,proton,2212,54.206682305300866,18.290584614280164,7.001951236570543,7.485318382878671,4,4,472.1318670662357
18765,2212,105.23942314418824,0.0,B2,0,1,deuteron,1000010020,44.87685962333998,37.516182527277984,8.582326412805157,12.060318682504318,2,1,221.5128180721169
4751,2212,121.23210960269924,0.0,B2,0,1,deuteron,1000010020,57.03232372334011,57.03232372334011,14.196970981261725,14.196970981261725,1,1,111.35207861732233
10242,2212,136.73108378578894,0.0,B4,2,0,proton,2212,60.2849590872547,15.729990948665755,7.556741652743855,7.994306520820319,7,3,345.73482460223624
13139,2212,130.65544161476126,0.0,B6,4,0,proton,2212,52.52415629789026,23.025806317574983,7.70960242351634,8.07791948295675,3,3,345.4093467259008
21374,2212,94.5197972644549,0.0,B2,0,1,deuteron,1000010020,87.3112367208718,60.80601023038676,9.128928158932423,11.300452534612242,2,1,219.25155386288952
10980,2212,122.96339562430802,0.0,B2,0,1,deuteron,1000010020,61.37655417655275,52.53078959728952,14.888240327348685,14.92875597540672,2,1,111.67746574929876
1970,2212,165.06724847010935,0.0,B8,6,0,proton,2212,54.80265998020579,18.531164373261998,7.018905545493208,7.49882525721057,4,4,470.66896963567433
29643,2212,93.03967503673623,0.0,B2,0,1,deuteron,1000010020,62.33808943141692,62.33808943141692,12.158140469583419,12.158140469583419,1,1,109.30621749859488
6920,2212,113.11974357516914,0.0,B2,0,1,deuteron,1000010020,44.461208630870594,44.461208630870594,13.475785807440722,13.475785807440722,1,1,110.87751004913794
14165,2212,99.55349808653476,0.0,B2,0,0,proton,2212,22.893769114368954,17.595108657134165,8.705039920612103,8.74294892983878,3,1,110.25336086163693
9942,2212,75.28173592151057,0.0,B2,0,1,deuteron,1000010020,59.345855930724255,33.50258836221827,9.93514724332088,10.554929143379008,2,1,219.78410712706017
29517,2212,98.83555517753037,0.0,B4,2,0,proton,2212,54.29543240510993,37.43475043430455,8.677856124045352,8.92667551456083,2,2,223.6872669557604
23604,2212,162.33820808779188,0.0,B6,4,0,proton,2212,38.951643967381514,14.350561065851227,7.021713475263652,7.31582036627926,4,4,348.21228046612873
9997,2212,166.7312612473188,0.0,B8,6,0,proton,2212,55.05000300608852,18.74349578814555,7.025841053067356,7.509884251096391,4,4,473.27155147667816
26898,2212,168.87058591868055,0.0,B6,4,0,proton,2212,46.0269832901766,13.035220175785971,6.979671019806335,7.382359754756234,4,4,473.4254920911904
20247,2212,147.31459382487532,0.0,B2,0,1,deuteron,1000010020,109.38579194671557,38.02152934420461,7.251908682775621,11.628270989270979,5,4,572.9994262108287
5541,2212,157.82803685332897,0.0,B6,4,0,proton,2212,86.72722294834084,26.888467041962112,7.078891322177315,7.493149686367002,7,3,228.56016673318985
20917,2212,92.5328701225744,0.0,B2,0,0,proton,2212,25.813922906256114,25.813922906256114,9.059088821930494,9.059088821930494,1,1,109.72544887736012
3300,2212,67.78966651803513,0.0,B4,2,1,deuteron,1000010020,116.90226794046633,65.40574449176825,10.665244273154979,10.923873360744787,3,2,335.785583825497
19097,2212,139.32079760821162,0.0,B6,4,0,proton,2212,52.15164949967833,24.206612173227583,7.466884910254061,7.84391868581163,3,3,342.80772742191164
29064,2212,56.89973386776578,0.0,B4,2,1,deuteron,1000010020,61.14847994977494,38.23838983549258,10.376313616808305,10.636706842045445,2,2,226.1882138380686
9226,2212,94.94114038443593,0.0,B2,0,0,proton,2212,80.05884970553547,24.482126500802046,8.999175336490742,11.275897565898111,5,1,219.3777850734002
26951,2212,150.47521424528128,0.0,B8,6,0,proton,2212,84.52522867630779,40.65030568280936,7.220442845224534,7.865228421655763,4,4,464.1264481390645
8835,2212,65.92691983439181,0.0,B4,2,1,deuteron,1000010020,76.92648551965502,52.753934109476326,10.639206664689235,10.93376661555403,2,2,225.3380820762689
13801,2212,167.65437355341265,0.0,B8,6,0,proton,2212,54.40807934213649,17.396540009078315,7.009965191982296,7.475137356842017,4,4,474.40823249229584
2414,2212,99.97592893577357,0.0,B2,0,1,deuteron,1000010020,107.40197676925027,54.5400114925446,8.675035737216977,10.779175173411916,4,2,334.7712571233345
29049,2212,134.6804777026395,0.0,B6,4,0,proton,2212,68.22648007474939,21.535513520354023,7.58442107238784,8.131164592641854,4,4,465.70787281242235
22450,2212,160.26968188752795,0.0,B4,2,0,proton,2212,55.1163273610302,44.42345253623348,7.029629683828791,7.311839512627193,2,2,113.33493506691595
1843,2212,139.30704055812794,0.0,B2,0,0,proton,2212,12.885633129458597,12.606982082107947,7.434178716768422,7.477626858981658,3,3,121.93095290133274
23001,2212,166.39470950201186,0.0,B8,6,0,proton,2212,54.67816030142495,18.425240248165682,7.027531505979407,7.508904820211232,4,4,472.7869871316087
9708,2212,112.69641045139531,0.0,B2,0,1,deuteron,1000010020,44.724218164524395,44.724218164524395,13.443965469178595,13.443965469178595,1,1,110.31415508320563
19584,2212,110.18713320792591,0.0,B2,0,1,deuteron,1000010020,42.02075104648698,42.02075104648698,13.237891539277063,13.237891539277065,1,1,110.93002046827674
11397,2212,151.99919476665926,0.0,B8,6,0,proton,2212,87.79499208395387,44.574122048379934,7.186118821018868,7.832612338064149,4,4,463.6563773480072
14813,2212,168.32280579119447,0.0,B8,6,0,proton,2212,53.12421123610325,16.8027585747895,7.014512864475765,7.484262028089751,4,4,474.48311158832837
18092,2212,87.7830100101627,0.0,B2,0,1,deuteron,1000010020,74.45963518267904,46.22218466743696,9.187231845957024,10.738589435457422,2,1,218.43225814388217
15994,2212,165.32847601728747,0.0,B8,6,0,proton,2212,55.73287109411977,18.38705522812442,7.0245325618003465,7.4959115709031305,4,4,471.9294333895764
5986,2212,74.75312330862728,0.0,B2,0,1,deuteron,1000010020,61.26348144828637,33.842313631422435,10.056307175375961,10.596639726292874,3,1,219.6356544800243
818,2212,120.05063807245855,0.0,B2,0,1,deuteron,1000010020,55.048392055846804,55.048392055846804,14.155010934138355,14.155010934138355,1,1,111.9750749358918
17010,2212,57.25409211761906,0.0,B4,2,1,deuteron,1000010020,62.32511871359429,39.70148050364433,10.400682743572087,10.665303916884223,2,2,226.530566672193
11672,2212,130.72887741597958,0.0,B2,0,0,proton,2212,44.492217344417824,12.433323735797318,7.76538294585068,8.089936853106746,7,3,227.81768163189116
27407,2212,112.11371809333416,0.0,B2,0,1,deuteron,1000010020,42.34289615773687,42.34289615773687,13.25148478853006,13.25148478853006,1,1,110.33327433680752
14176,2212,113.49226678066856,0.0,B2,0,1,deuteron,1000010020,48.164295740157144,48.164295740157144,13.659276890931649,13.659276890931647,1,1,110.39627291596669
14851,2212,116.08296264228736,0.0,B2,0,1,deuteron,1000010020,69.14047956960137,67.80288053337397,13.908653849663994,13.909307465857157,2,1,110.42744871156191
4148,2212,155.5510289314667,0.0,B8,6,0,proton,2212,85.14074323985093,41.752338807864994,7.166260031470004,7.802747847442412,4,4,467.07631215621194
8959,2212,80.95521980320699,0.0,B2,0,1,deuteron,1000010020,76.22867515659755,38.967511374540734,10.068558843259456,10.786707847496936,2,1,218.62709853577226
19718,2212,101.94664965934726,0.0,B4,2,0,proton,2212,99.56608192112066,40.30391656116146,8.679910769291277,10.343361062303828,3,2,335.52216468832785
19607,2212,153.22585773149385,0.0,B8,6,0,proton,2212,91.15056743149776,46.696361498255115,7.160579793670733,7.8096873189312035,4,4,463.55995144067447
4101,2212,143.06960456262877,0.0,B6,4,0,proton,2212,51.854105458002486,22.98933133457561,7.345914742467117,7.70836398328894,3,3,340.90674638610085
19151,2212,75.8379167652451,0.0,B2,0,1,deuteron,1000010020,62.92892048291713,34.90155187924235,10.120991587671064,10.677628811241686,3,1,219.88011137129757
5643,2212,68.59629497116138,0.0,B2,0,0,proton,2212,71.95166149063418,40.50211938502945,10.819158279332806,11.45243320550469,2,1,221.99021217922223
17297,2212,64.32956086836936,0.0,B4,2,1,deuteron,1000010020,74.840123450763,51.460779153739516,10.658672577987447,10.954470010524263,2,2,225.58215490442527
6659,2212,163.14133100376353,0.0,B8,6,0,proton,2212,56.007476333169656,19.086540262949377,7.0171376128537535,7.4994105923295376,4,4,468.4395603125436
4198,2212,163.87173742357666,0.0,B2,0,0,proton,2212,11.353028493968951,11.353028493968951,7.03221135881182,7.03221135881182,1,1,111.87519354096143
15054,2212,163.85248718472857,0.0,B8,6,0,proton,2212,53.711619149472554,17.48678899480259,6.9900517054352775,7.460136402910514,4,4,468.3719051868153
24329,2212,156.59583062340147,0.0,B8,6,0,proton,2212,79.85992512242773,36.19398793017688,7.11397543098474,7.715313870390026,4,4,464.5846622298135
780,2212,152.99038230129764,0.0,B8,6,0,proton,2212,85.67073180562942,40.86365031223067,7.200450024715682,7.836750947781809,4,4,465.4227244695554
22670,2212,145.4218983150115,0.0,B8,6,0,proton,2212,71.88087874344453,23.32587803407639,7.301338276805143,7.868037277165267,4,4,461.6307853451121
22031,2212,115.17856195133437,0.0,B2,0,1,deuteron,1000010020,46.88659142282633,46.88659142282633,13.735703032518138,13.735703032518138,1,1,110.77691456237787
1127,2212,61.80409777356172,0.0,B4,2,1,deuteron,1000010020,66.07702360189931,43.33004122063488,10.499776370997942,10.776033755089243,2,2,225.71994343779744
29794,2212,53.65871036134991,0.0,B4,2,1,deuteron,1000010020,55.99573965176257,34.82808718275701,10.344539428974104,10.59782766369419,2,2,228.62312406197782
19077,2212,166.76003316244294,0.0,B8,6,0,proton,2212,54.968790515295034,17.57099661213131,6.9690144757173185,7.439995370819204,4,4,470.3899893817156
29825,2212,171.69441345564627,0.0,B2,0,0,proton,2212,4.291651514797086,4.291651514797086,6.981405405571159,6.981405405571159,1,1,112.38157943306359
1211,2212,148.99424189260202,0.0,B8,6,0,proton,2212,81.22461287769481,34.46500824557974,7.211796828541263,7.824829932157329,4,4,461.97750976403177
11765,2212,144.49256349117965,0.0,B6,4,0,proton,2212,86.94570648123813,21.21559325816528,7.318818193958548,10.150215075568022,5,4,574.6058444727618
1049,2212,81.25801609283133,0.0,B2,0,0,proton,2212,84.36872136263707,46.16582297877797,9.693632890869178,10.454117318290724,2,1,218.58238264960954
2437,2212,93.72597240264213,0.0,B2,0,1,deuteron,1000010020,54.74434388831037,45.00599328292071,12.099855178763713,12.147553177234876,3,1,108.95102398785521
17780,2212,152.50112690490573,0.0,B8,6,0,proton,2212,88.56770463123829,43.68476428820444,7.206517124011075,7.847660451629965,4,4,465.0684581757166
6646,2212,148.20534971329883,0.0,B6,4,0,proton,2212,87.943484336191,37.60347043910082,7.265410973867209,7.74812559875755,7,3,343.07260682560593
10743,2212,75.22551982370337,0.0,B2,0,1,deuteron,1000010020,59.72931994816602,34.637888596011194,9.92638118121572,10.575036637059078,2,1,219.65675235766093
17590,2212,102.07479142255286,0.0,B2,0,1,deuteron,1000010020,118.14890438519531,57.07161848224763,8.757438646301477,10.840410099877811,7,2,336.379064063389
1236,2212,165.5879624432847,0.0,B8,6,0,proton,2212,56.17663080300875,18.19093597381614,6.993677721510005,7.467563079976959,4,4,470.6644237871931
4279,2212,61.145875891480486,0.0,B2,0,1,deuteron,1000010020,22.285047281579327,22.285047281579327,10.545275450597517,10.545275450597517,1,1,111.45883100043011
11324,2212,64.4431967721035,0.0,B4,2,1,deuteron,1000010020,73.65284456730302,50.10097355670797,10.57357059175311,10.865582938349624,2,2,224.33264759722465
21723,2212,166.7643530796301,0.0,B8,6,0,proton,2212,55.04794081276699,17.796567218408867,7.015680934123247,7.4898947937428275,4,4,472.39360913445734
25271,2212,74.79013495440888,0.0,B2,0,0,proton,2212,62.7304500559718,34.589275593004956,10.186020791469131,10.729253114022088,2,1,120.72703414685854
16532,2212,105.05988601997915,0.0,B4,2,0,proton,2212,99.08415627023649,43.13683103703573,8.704380293333568,10.414962909973747,3,2,337.3358056488017
12111,2212,154.73153270315913,0.0,B8,6,0,proton,2212,91.63251401034358,46.387677889828986,7.154059454088603,7.794718014347969,4,4,465.956133779025
2532,2212,120.19034610456474,0.0,B2,0,1,deuteron,1000010020,64.88344585930726,64.88344585930726,14.543393844658555,14.543393844658555,1,1,112.01115028903996
5308,2212,138.6620010753071,0.0,B8,6,0,proton,2212,80.66671703110552,34.68626278361682,7.451347752727614,8.07575290601439,4,4,463.7528609537447
15352,2212,165.4779224880365,0.0,B8,6,0,proton,2212,82.89163666911588,41.96639394932877,6.991669931670422,7.62811199735589,6,4,350.02217563828134
12617,2212,68.21627978071135,0.0,B4,2,1,deuteron,1000010020,83.38871396890144,59.63302921266321,10.725562348594678,11.036442977669068,2,2,224.98955406385966
22792,2212,67.44158478642657,0.0,B4,2,1,deuteron,1000010020,82.53891095501127,58.83235656740717,10.723856679184049,11.03361023772616,2,2,225.02441162425038
594,2212,157.3183877817001,0.0,B8,6,0,proton,2212,70.72825217982415,29.58434051825769,7.080166386892031,7.651133796329954,4,4,463.9242972783205
2036,2212,129.25977085159153,0.0,B6,4,0,proton,2212,53.18267706965746,24.489621214886704,7.721355456925314,8.100814279373267,3,3,345.7647654216429
28531,2212,144.7071634129856,0.0,B6,4,0,proton,2212,51.25148681188479,22.945867201420963,7.3094451789810835,7.679693908215921,4,3,340.21748977098207
12383,2212,87.15069823836407,0.0,B2,0,1,deuteron,1000010020,80.29381614379612,48.57828906172289,9.31099536393537,10.7940519285865,2,1,218.25791369557527
4456,2212,55.52974039551121,0.0,B2,0,1,deuteron,1000010020,21.919932320492784,21.919932320492784,10.344875292643493,10.344875292643493,1,1,111.75781594471069
2325,2212,152.45877546992034,0.0,B8,6,0,proton,2212,83.95339301921533,38.396146516636705,7.1497889453519,7.776226579747071,4,4,461.566519047604
3535,2212,70.72342034592526,0.0,B2,0,1,deuteron,1000010020,31.964641595450782,31.964641595450782,10.915625582296583,10.915625582296583,1,1,109.7189277247456
10795,2212,120.81088504796274,0.0,B2,0,1,deuteron,1000010020,63.45163607200461,63.26880943286792,14.651399763094368,14.65181168946307,2,1,111.64817230635202
15346,2212,75.49082004851289,0.0,B2,0,0,proton,2212,30.74460565457909,30.74460565457909,10.55855697997442,10.55855697997442,1,1,109.68423270692836
19496,2212,83.57286322939619,0.0,B2,0,0,proton,2212,89.13059896245224,48.59403205400236,9.661901675105153,10.478072712970937,3,1,218.72437763690374
24421,2212,75.90477890055865,0.0,B2,0,0,proton,2212,72.61627196164591,37.839089514595614,10.109607889966203,10.584934376765855,2,1,219.02809222991525
12882,2212,152.77087725981292,0.0,B8,6,0,proton,2212,90.89259183271469,46.361661660339536,7.125980887677869,7.771493176690193,4,4,462.12559373274007
29666,2212,148.4490762099814,0.0,B8,6,0,proton,2212,81.18661572689099,34.68508417309118,7.236667144918872,7.849168528560673,4,4,463.4970850524918
18971,2212,113.8357121499836,0.0,B2,0,1,deuteron,1000010020,44.50699115238225,44.50699115238225,13.482001627686472,13.482001627686472,1,1,110.89223104306834
11299,2212,106.19791200515806,0.0,B4,2,0,proton,2212,99.70959360086621,43.98411195978284,8.706016194759728,10.464537722080006,3,2,337.8187393693448
27048,2212,116.91199097999589,0.0,B2,0,1,deuteron,1000010020,48.90863806922451,48.90863806922451,13.867909283317672,13.867909283317672,1,1,111.60398503524218
9214,2212,145.4796766302453,0.0,B4,2,0,proton,2212,47.440538965683814,14.5382479615515,7.312843814866367,7.6736129545259075,5,3,341.08244685544196
4587,2212,81.57546444262096,0.0,B2,0,0,proton,2212,101.14269735636896,45.7673043879139,9.722691411252852,10.693822369845295,9,1,219.94642797818528
25006,2212,125.39609178715557,0.0,B2,0,0,proton,2212,13.558987832548752,13.558987832548752,7.906052962399559,7.906052962399559,1,1,112.61394925637599
14598,2212,96.7208697574544,0.0,B2,0,1,deuteron,1000010020,124.1299467491636,59.74888242146105,8.727844396117971,10.58928603524314,3,2,332.8990572160358
22421,2212,71.10212540211285,0.0,B2,0,1,deuteron,1000010020,32.09311599144715,32.09311599144715,10.952655248042587,10.952655248042587,1,1,109.63403674348535
22187,2212,116.16917087413972,0.0,B2,0,1,deuteron,1000010020,48.1872412574644,48.1872412574644,13.835512766117358,13.835512766117358,1,1,111.43308375788217
17495,2212,102.68399769344435,0.0,B4,2,0,proton,2212,91.26940322390902,36.53096403512156,8.763494180394284,10.357353539737272,3,2,336.1734011210332
6113,2212,150.1222753022795,0.0,B4,2,0,proton,2212,69.22725559257663,43.845075870206784,7.207279619669603,8.329239937741951,6,3,86.71353548746593
3445,2212,102.39409514574882,0.0,B2,0,1,deuteron,1000010020,52.04665825249626,35.39489630003967,8.659815148987125,11.307210204652264,2,1,220.68059408499587
23095,2212,140.09865783330392,0.0,B6,4,0,proton,2212,56.099983029140375,26.46144890496479,7.483886518574785,7.872402105475121,3,3,343.6347179706988
25802,2212,106.15898465354611,0.0,B4,2,0,proton,2212,131.58173479861472,44.61185784655626,8.608466761389138,11.084036651808358,5,2,336.22855300749103
19134,2212,125.94144531249152,0.0,B2,0,0,proton,2212,13.793107529431502,13.793107529431502,7.873521985371264,7.873521985371264,1,1,112.2569741038947
4768,2212,149.96307880349167,0.0,B8,6,0,proton,2212,85.8613430643989,40.94991191999408,7.226311451474242,7.862913453605796,4,4,464.16640919636984
19011,2212,65.34086337985057,0.0,B4,2,1,deuteron,1000010020,76.07871305440389,51.998540910659315,10.633060364683738,10.928581020132532,2,2,224.49006486102678
2955,2212,65.55889593080576,0.0,B4,2,1,deuteron,1000010020,75.56060194361015,51.79099683017158,10.706628825133825,11.003696775236119,2,2,225.59234442813346
1811,2212,161.84923235256,0.0,B4,2,0,proton,2212,25.22254350226771,12.572602571636475,6.999592542394733,7.15379703163598,3,2,225.39576979561267
10468,2212,150.2212721963234,0.0,B6,4,0,proton,2212,46.614506064330754,19.563896018496568,7.2508019706733435,7.610722763135492,5,4,343.12450852480174
1739,2212,98.64723331568439,0.0,B2,0,1,deuteron,1000010020,115.9601390317597,53.14236141162181,8.842873089593665,10.737850925938089,3,2,334.12851302878335
22665,2212,103.24875907717806,0.0,B2,0,1,deuteron,1000010020,42.9232229855115,30.07510229079705,12.622773200104483,12.688900755146312,5,1,109.79857778616399
29483,2212,99.98409897418676,0.0,B2,0,1,deuteron,1000010020,110.50817974905439,54.161425275145895,8.647027931870818,10.753604396361398,3,2,333.12014385767105
10762,2212,93.29193451749036,0.0,B2,0,0,proton,2212,50.51435249099376,25.42591494817774,9.000802556315831,10.569294474826647,4,1,218.8440460607062
29611,2212,54.76393124138517,0.0,B4,2,1,deuteron,1000010020,57.27668289135973,35.02743911867347,10.324559404917759,10.574570480268816,2,2,227.63315878595168
5254,2212,158.6160832717352,0.0,B8,6,0,proton,2212,70.36410838016488,28.918915469613196,7.038090484132688,7.603988063986743,4,4,463.6342956745135
10521,2212,165.6003435899171,0.0,B8,6,0,proton,2212,54.48023926555058,18.120909126622394,7.038656320209238,7.5174155085659615,4,4,472.62524548007104
9351,2212,122.4815799175535,0.0,B2,0,1,deuteron,1000010020,66.08246714625336,66.08246714625336,14.387970979522366,14.387970979522366,1,1,111.78061684178579
28128,2212,149.29849341753544,0.0,B8,6,0,proton,2212,77.53392397557083,30.19422801468399,7.229096938244903,7.829417798730894,4,4,462.79720784109134
26060,2212,87.22503407612692,0.0,B2,0,0,proton,2212,39.56257196142566,39.56257196142566,9.58404346455584,9.58404346455584,1,1,109.70443747562126
16472,2212,126.82361587566143,0.0,B4,2,0,proton,2212,29.863067111661877,16.83488342510633,7.89809841207637,8.06808414241392,2,2,228.88894152955504
9801,2212,140.9959997415936,0.0,B6,4,0,proton,2212,52.671418863688416,23.86790555866897,7.4049853250710855,7.775264295088451,3,3,342.4317786950992
5782,2212,103.48467496706458,0.0,B2,0,1,deuteron,1000010020,35.33619802326554,35.33619802326554,12.698780184670998,12.698780184670998,1,1,110.02235102523157
23998,2212,160.7690412361966,0.0,B8,6,0,proton,2212,57.770542901319295,19.979436437381736,7.025341882508027,7.5180674623359645,4,4,466.4258432965133
27084,2212,164.3479960485818,0.0,B2,0,0,proton,2212,10.398209079599924,10.398209079599924,7.037764675760944,7.037764675760943,1,1,112.2851754894851
6050,2212,106.82084932381314,0.0,B2,0,1,deuteron,1000010020,94.0985934927795,38.30176130334624,8.625632073250578,10.534960982900287,3,2,337.08990061220663
28972,2212,97.96694612420286,0.0,B2,0,1,deuteron,1000010020,118.2799639747804,56.01942312923126,8.787100619605507,10.706333009907839,3,2,333.2889378090763
16592,2212,64.0617525099849,0.0,B4,2,1,deuteron,1000010020,72.0548674532058,48.606325293496134,10.53253432049451,10.82100259217126,2,2,224.01202649828133
10184,2212,128.05581266099242,0.0,B6,4,0,proton,2212,55.515408111248554,26.1102198983829,7.906327969024327,8.295056786862878,3,3,350.20744408826795
9161,2212,81.14336433446755,0.0,B2,0,1,deuteron,1000010020,77.2128882266635,40.01940384868794,10.186860472558187,10.814124509005508,2,1,219.05400402785952
23498,2212,109.43300133777139,0.0,B2,0,0,proton,2212,0.8777816986230146,0.8777816986230146,8.44740583347669,8.44740583347669,1,1,112.32392550162388
28447,2212,123.18349793743039,0.0,B2,0,1,deuteron,1000010020,23.459598814762504,23.459598814762504,14.664569149590855,14.664569149590855,1,1,111.42154697542666
534,2212,50.19640636848206,0.0,B2,0,1,deuteron,1000010020,3.50059317119434,3.50059317119434,10.209715538645318,10.209715538645318,1,1,111.86099419201022
9380,2212,93.11981147537317,0.0,B2,0,1,deuteron,1000010020,81.62044542239828,55.55507738688816,9.066730486879962,11.253122919593109,2,1,220.4341959986847
15707,2212,123.43689202127563,0.0,B2,0,1,deuteron,1000010020,61.898388119827814,61.898388119827814,14.896815305779935,14.896815305779935,1,1,112.17391634514902
6844,2212,166.20160970889214,0.0,B8,6,0,proton,2212,58.16002486187358,19.342507662259152,7.0065802377496045,7.487700480239428,4,4,471.2133090150625
27285,2212,91.66962934546834,0.0,B2,0,1,deuteron,1000010020,80.99241396102106,54.66186437452666,9.092799627378602,11.005661970903413,2,1,218.81446319766405
29663,2212,117.17815672899539,0.0,B2,0,1,deuteron,1000010020,47.300207665708356,46.927796658681316,13.78509173839739,13.786837318388502,2,1,111.31048167491997
15027,2212,118.36473501268163,0.0,B2,0,1,deuteron,1000010020,51.55441947772604,51.55441947772604,14.030044747125274,14.030044747125274,1,1,111.65754196129876
10983,2212,160.29516489323225,0.0,B8,6,0,proton,2212,54.82414254746064,18.413033485040938,7.02511467003525,7.5038455271426825,4,4,466.7517138482768
2961,2212,82.39276720439034,0.0,B2,0,0,proton,2212,87.19869478064038,48.004353012176495,9.701135806970875,10.46307048024958,2,1,218.7135903818517
12737,2212,57.868350141040736,0.0,B4,2,1,deuteron,1000010020,59.45894793218553,37.86298524664142,10.41044663458823,10.674315389319064,2,2,225.79221855314162
7120,2212,161.7018950344623,0.0,B8,6,0,proton,2212,56.14274768565457,19.018946323790896,7.007634485753012,7.492823445364439,4,4,466.3656064565959
1011,2212,131.95373689630426,0.0,B6,4,0,proton,2212,51.5528755420647,23.297444629866394,7.622452360513827,7.990828833626074,3,3,344.3673117821568
20513,2212,66.31025742108432,0.0,B4,2,1,deuteron,1000010020,80.02779630102508,56.609127003505385,10.653512878973974,10.960172770163968,2,2,224.01730541187456
23086,2212,84.29287526837986,0.0,B2,0,1,deuteron,1000010020,89.28644393341705,41.874468520034,9.702121674920175,10.58591094120088,4,1,220.34671420637898
8479,2212,147.23853859212335,0.0,B2,0,1,deuteron,1000010020,120.90789613192216,41.490113099964205,7.238239589873624,11.33420537643203,5,4,573.6736052641644
5396,2212,165.53196767916555,0.0,B8,6,0,proton,2212,53.61127661572636,17.227024842425436,7.024463501055186,7.496493616115651,4,4,472.0373806369711
14911,2212,129.21731187871146,0.0,B6,4,0,proton,2212,57.78398761041077,26.344731128009897,7.810527015350715,8.19724434165551,4,3,348.2757590603225
18669,2212,97.89772198212535,0.0,B2,0,1,deuteron,1000010020,119.70946086214542,57.476086274833584,8.736235277759263,10.650580448437275,3,2,333.5715742233697
3651,2212,53.33104725378379,0.0,B4,2,1,deuteron,1000010020,59.70847812274714,36.932012315864654,10.370778474487201,10.62550736023633,2,2,228.65780237144583
5410,2212,146.47854008584,0.0,B2,0,1,deuteron,1000010020,115.38273827832919,41.538520792102375,7.278745938486553,11.48514794322073,6,4,574.4080747463831
252,2212,128.7187351577138,0.0,B2,0,0,proton,2212,9.168895654680991,9.168895654680991,7.814671317465105,7.8146713174651055,1,1,112.55432443125949
21162,2212,82.28384871327856,0.0,B2,0,1,deuteron,1000010020,44.92907328412333,41.77544089160639,10.210425544213416,11.459680697920353,2,1,220.41790631488817
10789,2212,56.60965217262367,0.0,B4,2,1,deuteron,1000010020,59.65988255967926,37.213389214657354,10.291702052692662,10.548564165652463,2,2,225.5093029039811
21506,2212,126.30943718560259,0.0,B4,2,0,proton,2212,29.32318396598452,17.112249344071646,7.898328449112853,8.07399666738712,2,2,228.8703948527426
11003,2212,84.84838074791682,0.0,B2,0,1,deuteron,1000010020,72.4401815370823,41.553941731604,9.391117404004452,10.60951836205861,2,1,218.4739209836026
17216,2212,155.1335722278982,0.0,B8,6,0,proton,2212,91.71157026855388,47.26705243227211,7.0861388563094465,7.732517707355772,4,4,461.84370125535787
23634,2212,136.92759865775068,0.0,B6,4,0,proton,2212,56.452558967957714,20.503554415194156,7.489138460676444,7.939403766354271,4,4,343.87300688150475
7341,2212,151.85061436194198,0.0,B8,6,0,proton,2212,85.90900789909048,40.708913700968715,7.149381632123909,7.779168068456881,4,4,461.97304512642074
29247,2212,131.49362103168454,0.0,B6,4,0,proton,2212,53.050685481711014,24.318009258353367,7.630133046102211,8.00357732815177,3,3,344.254832726475
12766,2212,89.32002206665405,0.0,B2,0,1,deuteron,1000010020,83.01234663490682,53.735696071854335,9.263760232054919,10.969292403901385,2,1,218.55712633609807
19225,2212,170.33119046277974,0.0,B2,0,0,proton,2212,8.848568020353405,8.848568020353405,6.997320994288444,6.997320994288444,1,1,113.30674190032644
21176,2212,112.36366900184883,0.0,B2,0,1,deuteron,1000010020,42.24522383316938,42.24522383316938,13.312973121886925,13.312973121886925,1,1,110.68628752010954
13701,2212,93.57374221876414,0.0,B2,0,1,deuteron,1000010020,63.486614355385136,63.486614355385136,12.116831608059742,12.116831608059742,1,1,109.4537243736792
23409,2212,132.32276982273652,0.0,B6,4,0,proton,2212,52.318466102120496,23.136592652197223,7.685958114976926,8.051312222875941,3,3,346.2027468380013
28045,2212,80.47471477631936,0.0,B2,0,1,deuteron,1000010020,75.76739732463112,37.89098382492151,10.052511718916357,10.732346459278826,2,1,218.69144718537876
1135,2212,62.94269614006476,0.0,B4,2,1,deuteron,1000010020,66.90924527513717,43.990787759733436,10.569716019307847,10.848552331556006,2,2,225.5551396432016
1747,2212,133.03303887987053,0.0,B6,4,0,proton,2212,58.196699315110365,22.0206434078163,7.656975594384923,8.133399034078066,4,4,468.3673833440404
15258,2212,68.14858782309273,0.0,B4,2,1,deuteron,1000010020,103.02668754325002,54.89667860359356,10.386442088932217,10.878707465975927,3,2,336.0066120382547
7789,2212,158.28541195394558,0.0,B8,6,0,proton,2212,72.12879195863373,31.492127048243354,7.108663988015739,7.692467535190432,4,4,467.26858082342574
15583,2212,82.2636239206648,0.0,B2,0,0,proton,2212,84.1738311549841,43.167396846721104,9.827710325002542,10.639678442094262,2,1,218.5633954013454
18305,2212,78.3320633988276,0.0,B2,0,0,proton,2212,72.68512296792284,36.3890657527799,10.267283028998314,10.73570065225075,2,1,219.29081326396394
9893,2212,142.22591191147006,0.0,B6,4,0,proton,2212,52.51117266743563,22.72027913622594,7.391073080998423,7.750595167593882,3,3,341.99542490839116
22842,2212,139.77723906417089,0.0,B6,4,0,proton,2212,56.30710203593685,26.14407716693906,7.465242968865683,7.847683618332847,3,3,343.84031017288703
73,2212,170.28133806836377,0.0,B2,0,0,proton,2212,10.022031287495414,10.022031287495414,6.976353923866436,6.976353923866435,1,1,113.26898541564762
12415,2212,75.36716641731607,0.0,B2,0,1,deuteron,1000010020,64.42530843373206,34.13644650045725,10.378836335824632,10.790320263559192,2,1,219.7420812248023
1933,2212,98.54202188680644,0.0,B2,0,1,deuteron,1000010020,115.56666852457806,57.609979603057354,8.692603677217853,10.679369606120698,3,2,333.8708669121677
11556,2212,80.99522171143748,0.0,B2,0,0,proton,2212,82.4815860688259,44.233481256393866,9.80014598225697,10.520953360523476,2,1,218.63839348270875
24935,2212,164.91054189964615,0.0,B8,6,0,proton,2212,54.326727807979225,17.999061723515382,6.986529509668441,7.496970671901972,6,4,479.0346561388445
2311,2212,79.50860496281501,0.0,B2,0,1,deuteron,1000010020,35.889563159421556,35.889563159421556,11.288803243781102,11.288803243781102,1,1,109.44165469144448
14142,2212,154.66899836178214,0.0,B8,6,0,proton,2212,79.35415420764008,36.99118437665876,7.133450276776343,7.743314807876039,4,4,463.8345882144613
6665,2212,71.7706146309649,0.0,B2,0,1,deuteron,1000010020,50.24090580966598,37.82891279662412,10.916064038310632,10.943691600991382,2,1,109.7640981365741
14559,2212,62.55650204497482,0.0,B4,2,1,deuteron,1000010020,69.3115931621984,45.8364825836156,10.56508096155474,10.847980646372639,2,2,225.78371173894377
444,2212,86.5466071739783,0.0,B2,0,1,deuteron,1000010020,81.5041576005907,45.65745764538895,9.510563103619546,10.719085481350904,2,1,218.72583951052832
15126,2212,62.59360464353126,0.0,B4,2,1,deuteron,1000010020,65.67786600021307,43.22790594289963,10.43691250706134,10.714473736099384,2,2,223.86899377801203
6969,2212,160.47803385425232,0.0,B8,6,0,proton,2212,78.31357191223901,18.091973251342132,7.063207996992413,7.705028913101957,8,4,468.49193653670477
26979,2212,73.24721699352746,0.0,B2,0,1,deuteron,1000010020,60.889903079009756,33.65250770380118,10.080498275685766,10.569888018047811,2,1,219.95001221836603
25335,2212,106.95578687713224,0.0,B2,0,1,deuteron,1000010020,90.3112397350886,38.241235015986774,8.685067544259994,10.655227044649303,3,2,338.0554547687272
5283,2212,88.73976966616937,0.0,B2,0,0,proton,2212,73.99787769252275,28.36085120656098,9.186815540016354,10.809237937486243,6,1,218.49302211047035
22839,2212,112.66892706314995,0.0,B2,0,1,deuteron,1000010020,44.93546150578294,44.93546150578294,13.452170789623775,13.452170789623775,1,1,110.41193565352634
14711,2212,59.67244283612983,0.0,B2,0,0,proton,2212,54.94900057856064,20.323643548632955,10.491597332382588,10.675908295277607,9,1,118.77554317531683
12697,2212,136.50901427830271,0.0,B8,6,0,proton,2212,74.65750099453865,27.097577361099848,7.528522546640152,8.117210462283039,4,4,466.22511480525725
22252,2212,125.1328109097243,0.0,B2,0,0,proton,2212,13.997586926012708,13.997586926012708,7.929998243495599,7.929998243495599,1,1,112.79513989309166
17593,2212,83.45369465590777,0.0,B2,0,1,deuteron,1000010020,76.2518811218863,40.084229108653716,9.505593459138398,10.532601037686492,2,1,218.48818858884292
9565,2212,67.33506325156256,0.0,B4,2,1,deuteron,1000010020,88.87710806200684,64.68122119798947,10.731277407433437,11.049293490914,2,2,224.59733023670475
14583,2212,70.14174645798676,0.0,B2,0,1,deuteron,1000010020,31.413553216817938,31.413553216817938,10.801383598246534,10.801383598246534,1,1,109.22314423127675
251,2212,55.44668866542448,0.0,B4,2,1,deuteron,1000010020,60.14152624921472,37.70049486080971,10.359529616830018,10.618179334960402,2,2,227.02598889829346
22857,2212,89.83329153338283,0.0,B2,0,1,deuteron,1000010020,93.07282861855262,61.02160799227794,9.337158740272669,11.066283400433614,2,1,218.59486367410415
21985,2212,170.44270937996907,0.0,B2,0,0,proton,2212,10.827732975020002,10.827732975020002,6.989638903340462,6.989638903340463,1,1,113.43117562578348
13654,2212,69.3742592572616,0.0,B2,0,0,proton,2212,81.67948699912019,28.82992404064247,10.795839845437472,11.409062180710873,6,1,221.74611224138604
1780,2212,57.8415078967111,0.0,B2,0,0,proton,2212,62.33925915133814,26.31067786655978,10.435746699893034,10.595487651298683,5,2,114.66142659469851
19968,2212,128.7085878708977,0.0,B6,4,0,proton,2212,56.810242079775946,26.93697134523207,7.8306305539280805,8.222597829410743,3,3,348.2456538945081
4669,2212,130.24003988638023,0.0,B6,4,0,proton,2212,55.36288899492734,24.873647236853813,7.763092699743084,8.140545937242559,3,3,347.2923059990161
18252,2212,87.97365576229356,0.0,B2,0,0,proton,2212,28.801963616115287,28.801963616115287,9.240193289361555,9.240193289361555,1,1,109.83121511442675
14305,2212,57.275464380989014,0.0,B4,2,1,deuteron,1000010020,59.34786069205559,37.03745301397945,10.340202114815872,10.59851271019017,2,2,225.6930493542519
6204,2212,169.53975929696185,0.0,B2,0,0,proton,2212,11.356411149158571,11.356411149158571,7.019196916005405,7.019196916005405,1,1,113.54594132947
12090,2212,86.83952409003163,0.0,B2,0,1,deuteron,1000010020,71.88701103697517,43.372996607336596,9.190401329279846,10.679696106563366,2,1,218.22275577418148
16148,2212,133.79140987994305,0.0,B6,4,0,proton,2212,67.33908723878615,21.276908017423683,7.628713128791395,8.162591986983863,4,4,468.43457783057056
13015,2212,59.7867257810156,0.0,B4,2,1,deuteron,1000010020,82.72369040870745,35.71283744149109,10.48331644500389,10.857875113780812,4,2,226.22306227581856
15150,2212,167.8511384965942,0.0,B8,6,0,proton,2212,55.82655146611184,17.71473679664107,6.995637393669123,7.462781684959352,4,4,473.18246868907977
1058,2212,97.42119773551562,0.0,B4,2,0,proton,2212,71.68065634663783,43.43814307661516,8.926780691096505,9.671571178197773,3,2,335.4142912028366
21025,2212,67.36227221841219,0.0,B2,0,0,proton,2212,73.58856745359887,48.144641079819856,10.707432892586814,11.603320297389077,5,1,222.06031465803028
24309,2212,98.1200503365873,0.0,B2,0,1,deuteron,1000010020,55.03120121742628,55.03120121742628,12.54812870519414,12.548128705194138,1,1,109.1145636270237
2186,2212,94.3223101626116,0.0,B2,0,1,deuteron,1000010020,87.28038232466129,61.98123006701727,8.995841409836164,11.287693576224282,2,1,219.04799241207962
23264,2212,54.791127684077665,0.0,B4,2,1,deuteron,1000010020,57.43309612443402,35.32709812956383,10.372910105939892,10.624916539926627,2,2,228.34879049955853
8014,2212,96.9453253247588,0.0,B2,0,1,deuteron,1000010020,119.67336410988491,57.99504686693047,8.889349923341396,10.71356823603833,4,2,334.62701081191983
22630,2212,128.43539608553107,0.0,B6,4,0,proton,2212,55.94949682700545,26.20055106774798,7.810194415609384,8.200015852977232,3,3,346.608244948745
24990,2212,150.69691508223713,0.0,B8,6,0,proton,2212,87.84894126519177,42.368696278849605,7.210016358111081,7.848183319966878,5,4,464.3102334840191
2605,2212,167.24849176065197,0.0,B8,6,0,proton,2212,54.136859489939226,17.654938037479003,6.9841684089104525,7.4566182176763975,4,4,471.86742708239416
27495,2212,104.13465420149102,0.0,B4,2,0,proton,2212,100.31852695865217,42.41000077785583,8.777845523988535,10.488936397056342,3,2,336.8684166943456
21124,2212,90.13052797694303,0.0,B2,0,1,deuteron,1000010020,76.50830883448258,50.50431073732852,9.149785921449089,10.876903685065635,2,1,218.833142035343
29781,2212,73.39133599997425,0.0,B2,0,1,deuteron,1000010020,34.3984221028548,34.3984221028548,11.05635120954108,11.05635120954108,1,1,109.54643388328665
1006,2212,123.05372177965205,0.0,B2,0,1,deuteron,1000010020,62.926604776023105,48.89418371152356,14.717943595474441,14.781282126923529,3,1,111.72509783257392
19488,2212,78.81572519759195,0.0,B2,0,0,proton,2212,75.48587492503103,38.14365165131016,10.158990141179926,10.706667351580107,3,1,219.07766972872562
5968,2212,100.38630018698187,0.0,B2,0,1,deuteron,1000010020,107.25217289850278,53.745608839904264,8.664561953562023,10.760626402233855,3,2,334.70892648106854
5392,2212,123.82227210697903,0.0,B2,0,0,proton,2212,51.149007156504325,27.525345803781313,14.987661290151168,15.058272238800742,7,1,112.1233750394179
25360,2212,120.09187634617253,0.0,B2,0,1,deuteron,1000010020,53.86531558403724,43.4411587988835,14.171674428767139,14.224167969677374,3,1,111.44995937579817
22267,2212,67.62172828909272,0.0,B4,2,0,proton,2212,55.02157036364453,30.715021164038713,10.739947055480487,10.996101202395568,2,2,111.57961292658005
28350,2212,96.81541959184192,0.0,B2,0,1,deuteron,1000010020,81.74941871156044,55.84094260065799,9.04575106575754,11.39479923494523,2,1,219.48178363904844
21039,2212,104.85201628987467,0.0,B2,0,1,deuteron,1000010020,87.81001893373681,35.72550848226112,8.583566915155156,10.39215075053671,3,2,336.0569552283467
4610,2212,69.40759654563183,0.0,B2,0,0,proton,2212,32.08673204580863,14.052364460691251,10.790832911753482,10.863671663290784,7,1,110.55928232565428
20881,2212,102.53544722616425,0.0,B2,0,1,deuteron,1000010020,49.34727808972227,49.34727808972227,12.876368067966013,12.876368067966013,1,1,109.56889819414725
9936,2212,144.3152071333776,0.0,B6,4,0,proton,2212,94.40901561165305,25.603609085083,7.337027797490396,7.8722622595731915,7,3,342.4422291590693
1295,2212,73.41989217258828,0.0,B2,0,1,deuteron,1000010020,58.97687648232446,33.14357354947155,9.99235473987432,10.531064630043915,2,1,219.82068431959692
25745,2212,138.42545282314032,0.0,B8,6,0,proton,2212,78.55643262170179,32.36927970758329,7.504270785328583,8.11785399893199,4,4,466.2063823254815
5667,2212,104.52088627156513,0.0,B2,0,1,deuteron,1000010020,36.3815792088974,36.3815792088974,12.702111091194544,12.702111091194544,1,1,110.53202558030371
14049,2212,96.53699600761264,0.0,B2,0,1,deuteron,1000010020,116.95407302540966,57.13775115755673,8.898482828551446,10.767908995601525,3,2,333.5978090824617
10708,2212,133.28803203103033,0.0,B6,4,0,proton,2212,65.59783925840425,22.600091459556474,7.603526511539099,8.136912766195785,4,4,465.7065548359391
13756,2212,138.60020378084263,0.0,B8,6,0,proton,2212,83.36041771737494,36.39252943567135,7.428324720692175,8.048129874563484,4,4,463.92795825746543
18813,2212,87.8386300172766,0.0,B2,0,1,deuteron,1000010020,79.00962957407413,49.35768631522588,9.323583478558584,10.834208210156467,2,1,218.59766742089352
4705,2212,135.5646560126816,0.0,B8,6,0,proton,2212,74.26833391301884,25.915039524282307,7.562629493208411,8.147749600740593,4,4,466.67903737989667
18954,2212,85.61339760224311,0.0,B2,0,0,proton,2212,94.0619536321606,47.478575148773004,9.631567141181158,10.664056314256324,2,1,218.5247867779501
16177,2212,92.48166458229187,0.0,B2,0,1,deuteron,1000010020,91.50599622513339,64.6519144621049,9.095252228906844,11.215602826331885,2,1,218.77299876335496
21405,2212,164.42054678209317,0.0,B8,6,0,proton,2212,54.881305856261065,17.773905561231345,6.990522597168768,7.46745428395364,4,4,467.6800133708602
8908,2212,155.21885683988555,0.0,B8,6,0,proton,2212,92.58993103064853,48.11731251471382,7.096707567995592,7.740708511087242,4,4,462.37039548955187
22467,2212,136.87848019855457,0.0,B8,6,0,proton,2212,74.61093410481415,26.75795724650854,7.542447437722212,8.13241048288678,4,4,466.9680220414999
4596,2212,56.472967175229705,0.0,B2,0,1,deuteron,1000010020,23.064092585295754,23.064092585295754,10.391175656472473,10.391175656472473,1,1,111.6708890918292
24322,2212,119.01192154586948,0.0,B2,0,1,deuteron,1000010020,65.6849740399357,65.6849740399357,14.322171356992868,14.322171356992868,1,1,110.96012359203598
12938,2212,155.61751187008042,0.0,B8,6,0,proton,2212,87.01824798492444,42.90971826852613,7.107525018884174,7.735744228327463,4,4,464.2086681675827
6393,2212,146.33431639734965,0.0,B2,0,1,deuteron,1000010020,97.57336157902935,33.261764029957284,7.270840333740394,11.980228304188001,5,4,573.1796488362941
14969,2212,68.78181353780857,0.0,B2,0,1,deuteron,1000010020,35.55344654903473,30.914884416460698,10.818074904181445,11.870190043117589,2,1,221.2941907328347
18048,2212,142.52750079801325,0.0,B6,4,0,proton,2212,51.83012765518613,23.258438055006053,7.4194797506008126,7.786532952511464,3,3,343.58139074717224
15872,2212,129.27947385215174,0.0,B6,4,0,proton,2212,54.86537540225824,24.906655788640382,7.740247507419181,8.118057626319258,3,3,346.2138988944872
11226,2212,93.68399591575903,0.0,B2,0,1,deuteron,1000010020,87.49513056826636,62.46029955251939,9.06413187908513,11.264212888690363,2,1,218.9713282230818
13188,2212,109.56205223857143,0.0,B2,0,1,deuteron,1000010020,18.403822446125695,14.380457699853858,8.358241439395375,12.021771466524095,2,1,222.58219432306487
27566,2212,102.07554440438425,0.0,B2,0,1,deuteron,1000010020,99.09254339325017,50.93395258758771,8.556319063675968,10.871951080280802,3,2,334.08947989112374
24221,2212,68.76972569702004,0.0,B4,2,1,deuteron,1000010020,106.710576171996,63.02341429487689,10.769300602247878,11.239354888561424,4,2,335.1568225273039
2189,2212,56.80623700887433,0.0,B4,2,1,deuteron,1000010020,59.48376682834195,37.220865978427305,10.413416581133198,10.672099668699754,2,2,227.42026947841453
803,2212,67.44700579958533,0.0,B4,2,1,deuteron,1000010020,83.24478161747804,59.80318487237139,10.724495309007832,11.036118807634175,2,2,224.92717866516358
7363,2212,132.42502100969338,0.0,B6,4,0,proton,2212,53.153398906950166,23.291302049833213,7.635652178198682,8.015171325620695,4,4,467.7950143112903
25109,2212,147.533464679901,0.0,B2,0,1,deuteron,1000010020,105.339171170946,32.335131576841114,7.284435686627783,11.656977748819122,5,4,574.877581237812
29176,2212,107.70579059834907,0.0,B2,0,1,deuteron,1000010020,93.25549343289882,40.0769215002935,8.662291303426354,10.674708599692831,3,2,338.38960869706005
27150,2212,153.6279526834122,0.0,B8,6,0,proton,2212,86.7145833712176,41.617445609428685,7.147322284922688,7.784736882020484,4,4,462.82153622795386
24416,2212,99.0406494226437,0.0,B2,0,1,deuteron,1000010020,116.24666033281784,52.88517654312787,8.767797728952415,10.718135128199075,3,2,333.28040239813356
14239,2212,160.7764257752322,0.0,B8,6,0,proton,2212,70.03542438338545,28.783218244698297,7.0510698316752025,7.615935727011788,4,4,465.2681641655576
25160,2212,77.44672316763408,0.0,B2,0,1,deuteron,1000010020,36.122023297673564,36.122023297673564,11.18297712666663,11.18297712666663,1,1,109.25047251710696
21004,2212,164.04994645812874,0.0,B6,4,0,proton,2212,37.17099178043719,14.258115135463232,7.01888177972637,7.322486320533565,4,3,345.2756423042
16274,2212,93.54470104677212,0.0,B2,0,1,deuteron,1000010020,88.69152881141879,63.80872332884454,8.978980316388238,11.252121362366086,2,1,218.73355900594387
2315,2212,77.55205547382248,0.0,B2,0,1,deuteron,1000010020,69.8690877896509,36.23207053176267,10.358783482165938,10.804694397749154,2,1,219.11970041711487
27373,2212,160.4154741787982,0.0,B8,6,0,proton,2212,56.37447947549095,19.910024269439795,7.013576583961966,7.50784383421783,4,4,465.9680736175851
7800,2212,69.34839602785334,0.0,B2,0,1,deuteron,1000010020,43.81398928821734,30.84859445385514,10.79687217604613,10.96004333128753,2,2,223.25908324902426
1821,2212,86.40386040208674,0.0,B2,0,1,deuteron,1000010020,77.25624846039258,44.05865508309228,9.402482991545966,10.72544167037509,2,1,218.32849245846785
6120,2212,144.07935747800553,0.0,B6,4,0,proton,2212,65.4802621065662,21.700590695912073,7.29955596465928,7.840112627653011,4,4,461.21813506939634
8817,2212,75.6544513947741,0.0,B2,0,1,deuteron,1000010020,59.987939597994455,34.332273609381794,9.8050935105706,10.559079744071703,2,1,219.29186787001066
25292,2212,77.45000420868055,0.0,B2,0,0,proton,2212,38.02915227223459,38.02915227223459,10.130858323454211,10.130858323454211,1,1,109.60682396613802
27108,2212,152.44104660065702,0.0,B8,6,0,proton,2212,87.69603782910798,43.52711383788598,7.12174331750441,7.76389428313436,4,4,461.18154553930924
10026,2212,140.7666254574687,0.0,B6,4,0,proton,2212,54.86927499733024,25.211662402645747,7.467814036459328,7.8463786763357035,3,3,343.1159532472631
11871,2212,146.64726386716234,0.0,B2,0,1,deuteron,1000010020,108.79202546097883,35.2879580577073,7.2835581937917615,11.635269301450139,5,4,574.09683843687
7841,2212,120.4106836369404,0.0,B2,0,1,deuteron,1000010020,45.539891606865446,35.90930322122663,14.468666837352412,14.516878927869673,5,1,111.49375249035074
21158,2212,170.28005035800646,0.0,B4,2,0,proton,2212,23.47039575141174,12.690753568265016,6.960951287498083,7.102424981183583,2,2,229.6329274267939
18965,2212,83.77683296338864,0.0,B2,0,1,deuteron,1000010020,73.21872684556786,40.03104258483223,9.40235643256498,10.559858432366903,2,1,218.21994160280354
17525,2212,144.3738503274156,0.0,B6,4,0,proton,2212,65.0189844133365,22.30001174038552,7.337866357611872,7.850287604593462,4,4,463.93533081160035
10904,2212,134.5892674740345,0.0,B6,4,0,proton,2212,69.749881612443,21.106313555862627,7.568250155842986,8.115923422601298,4,4,465.27190207658293
7677,2212,155.5008066188691,0.0,B8,6,0,proton,2212,92.11370501389581,46.63890317202845,7.117203510400974,7.7571137243819726,4,4,463.6714348064405
29231,2212,61.337971227085276,0.0,B4,2,1,deuteron,1000010020,64.6958061651368,41.98541862116448,10.510402539180037,10.783003185775474,2,2,226.23869340741373
4215,2212,149.47646176981823,0.0,B8,6,0,proton,2212,78.8727030118198,30.97417125388355,7.186826500705152,7.786498214843976,4,4,461.3116702738812
6398,2212,83.16798612087499,0.0,B2,0,0,proton,2212,86.13925695112266,46.154204430258076,9.761210946733268,10.548701952359245,2,1,218.73560115483207
10361,2212,136.31457216848844,0.0,B8,6,0,proton,2212,77.37735465028312,30.879759160266925,7.546089385360409,8.155464318528029,4,4,467.7204822966313
24985,2212,113.28389637803144,0.0,B2,0,1,deuteron,1000010020,46.400003542800576,46.400003542800576,13.594729505086493,13.594729505086494,1,1,110.5457331883593
10413,2212,104.55668019133734,0.0,B4,2,0,proton,2212,63.8329932582612,44.53651083566923,8.721140358730558,8.982956678177688,2,2,226.321244241201
20679,2212,170.1586726368595,0.0,B4,2,0,proton,2212,22.690565234185073,11.618553622688777,7.002350617145191,7.1357132083622385,2,2,230.59316458809877
8317,2212,147.09913433885734,0.0,B6,4,0,proton,2212,65.58521000279363,20.9049330470888,7.25045413790287,7.6970734564421415,7,3,340.49340272683986
28125,2212,135.15153315162087,0.0,B8,6,0,proton,2212,73.46549008412535,24.665449748162054,7.542974046184106,8.114185093369613,4,4,466.1870543298262
27558,2212,86.88412973947943,0.0,B2,0,0,proton,2212,67.99087540560292,33.096377404871845,9.34104469569643,10.587596998224274,4,1,218.571442955751
18520,2212,144.908253619258,0.0,B2,0,1,deuteron,1000010020,72.00899629623316,44.18608748497801,7.312960723165618,13.583625468334214,3,2,222.25132426600206
29357,2212,110.67435479535328,0.0,B2,0,1,deuteron,1000010020,40.22825851837588,40.22825851837588,13.205751484183672,13.205751484183672,1,1,110.45059363548278
107,2212,159.65973823102905,0.0,B8,6,0,proton,2212,68.28364251274404,27.002328216291957,7.064548345863863,7.622108006134704,4,4,465.39824955111595
19410,2212,141.11542289302253,0.0,B6,4,0,proton,2212,53.98783653254074,24.770405374865845,7.444264271277765,7.8176353846757225,3,3,342.514875614527
15485,2212,158.2396958560271,0.0,B4,2,0,proton,2212,63.255570742158405,35.7066650390625,7.066454368814596,7.312289741906464,5,2,224.34896846456297
29566,2212,107.82474885003012,0.0,B2,0,1,deuteron,1000010020,66.79328628807872,38.22293590868084,8.449696812352474,11.211962414552366,8,1,222.75720194145885
19465,2212,111.17613428417839,0.0,B2,0,1,deuteron,1000010020,41.24208662810642,41.24208662810642,13.194971602936185,13.194971602936185,1,1,110.7732424086626
22757,2212,142.262258723097,0.0,B6,4,0,proton,2212,52.05332436567016,22.813372010591685,7.375979869919292,7.741837209628316,5,3,342.18121671570526
16027,2212,103.68323336234795,0.0,B4,2,0,proton,2212,99.52955010164341,45.66657203871658,8.699745056953677,10.265486861002765,3,2,336.3813692125666
23581,2212,143.7819419281813,0.0,B6,4,0,proton,2212,64.65509657969095,21.427963474038858,7.352335504301344,7.863657326597096,4,4,464.00806045040684
5644,2212,130.50849985845676,0.0,B2,0,1,deuteron,1000010020,74.77476333779576,31.185266074044762,7.758414842239869,7.84004280833786,7,1,112.34995113312819
5424,2212,167.26166335768343,0.0,B8,6,0,proton,2212,53.64317530635965,17.529814685078097,7.022720310059124,7.494867094205667,4,4,474.7277327781908
19971,2212,148.04470373007706,0.0,B8,6,0,proton,2212,80.38836489094169,34.51564131353327,7.240557248102109,7.85822079178199,4,4,462.9134665558167
28465,2212,65.89129489976668,0.0,B4,2,1,deuteron,1000010020,72.711280755856,49.020612879134106,10.583702185473468,10.872708955130289,2,2,223.8625039379439
28923,2212,122.5090629707459,0.0,B2,0,1,deuteron,1000010020,63.161609634488585,63.161609634488585,14.638068874831706,14.638068874831706,1,1,111.29814668363579
19329,2212,160.3197015576832,0.0,B8,6,0,proton,2212,57.5214198766377,19.50029159851489,7.084550303785741,7.577520808948494,4,4,468.83555606442866
11088,2212,111.08081258336543,0.0,B2,0,1,deuteron,1000010020,42.26509245843596,42.26509245843596,13.181618823326781,13.181618823326781,1,1,110.2210675297185
11403,2212,61.62976563103083,0.0,B4,2,1,deuteron,1000010020,68.31904341071153,44.62196316412804,10.471278011286755,10.748313080643046,2,2,224.70926771258644
1981,2212,97.00189184312124,0.0,B4,2,0,proton,2212,61.677556949137106,42.92640839439037,8.875930750994465,9.138751807369399,2,2,223.64821741902517
11985,2212,69.96606535763462,0.0,B2,0,0,proton,2212,74.59827156036708,43.576917478047356,10.782875228140696,10.813189049534413,3,1,220.60522293589432
3691,2212,69.07080066127182,0.0,B4,2,1,deuteron,1000010020,87.98819788508192,64.10098440045377,10.797149215905145,11.117281266060425,2,2,224.85179735173804
13879,2212,57.03199974599172,0.0,B2,0,1,deuteron,1000010020,56.61030395532563,22.37236205004936,10.45092717815556,10.78451348160033,9,2,236.9027575428572
2889,2212,97.98897848691651,0.0,B2,0,1,deuteron,1000010020,111.82572136645452,56.70176872184372,8.72077557452726,10.717933010048283,3,2,333.74976082409114
29466,2212,75.71992016923951,0.0,B2,0,1,deuteron,1000010020,63.15030736365719,35.3768134164722,10.205603677813752,10.693477113069507,2,1,219.89192465160107
17783,2212,77.8864436197308,0.0,B2,0,0,proton,2212,77.26698265026828,42.10062576942467,9.973895076463972,10.515074675667334,2,1,218.99590456361022
9601,2212,107.91018326816896,0.0,B2,0,1,deuteron,1000010020,77.42883234087851,39.80606262946428,8.50113920440004,10.937483908114384,3,2,338.8115422477597
15325,2212,157.6859924194926,0.0,B8,6,0,proton,2212,72.84662775590279,30.418032233998883,7.113581338362412,7.688292477178665,4,4,467.13982500702264
7334,2212,117.27719278992068,0.0,B2,0,1,deuteron,1000010020,55.132507948420454,55.132507948420454,14.146435027505234,14.146435027505236,1,1,111.56682551015322
8998,2212,83.22630892536111,0.0,B2,0,1,deuteron,1000010020,79.39148344651588,41.028656464325884,9.526371681209026,10.539180953438194,2,1,218.75851021142745
12918,2212,102.3712114866792,0.0,B2,0,1,deuteron,1000010020,99.12678705537553,49.452638695466746,8.691053634527808,10.902824798884982,3,2,335.42424096494545
10948,2212,122.64839491885678,0.0,B2,0,1,deuteron,1000010020,47.753413524318965,47.753413524318965,14.722435273275424,14.722435273275426,1,1,112.35516941333537
22936,2212,121.35527897554957,0.0,B2,0,1,deuteron,1000010020,63.69609493000652,62.990203978552096,14.574358934606282,14.576381416221722,2,1,111.26339655171277
23599,2212,131.07801499899332,0.0,B6,4,0,proton,2212,52.9456756642692,23.36520802803969,7.6668127365442285,8.032408321317654,3,3,345.26067836242214
28437,2212,63.82548618613254,0.0,B4,2,1,deuteron,1000010020,66.76353973818942,44.21081047429073,10.564239947813048,10.84526124849806,2,2,225.32615434358814
11335,2212,119.57530618246707,0.0,B2,0,1,deuteron,1000010020,52.450866631054836,52.450866631054836,14.16409260011703,14.16409260011703,1,1,112.00150820668031
18162,2212,161.86752852866084,0.0,B8,6,0,proton,2212,57.03999307148574,19.505747522541586,7.039702791617176,7.527948537396357,4,4,468.3242012184278
13830,2212,58.28366606330722,0.0,B2,0,1,deuteron,1000010020,40.044599223155245,22.891051181321725,10.444645838110318,10.634942764094973,2,2,112.58627199062587
18862,2212,96.88014124983144,0.0,B2,0,1,deuteron,1000010020,56.23858023052372,56.23858023052372,12.501799867255247,12.501799867255247,1,1,109.5800457838046
17284,2212,57.48676103023611,0.0,B4,2,1,deuteron,1000010020,61.9749586904351,39.02131196446981,10.376055299985419,10.637546871410231,2,2,225.89986662767535
22515,2212,156.29794150021547,0.0,B8,6,0,proton,2212,76.03134642476618,33.27753235538643,7.084024925884496,7.6709010857466735,4,4,463.0988653695679
9213,2212,90.12300030888252,0.0,B2,0,1,deuteron,1000010020,95.92849590955859,65.10726896051509,9.353851704848639,11.122327209351706,3,1,218.89125863611198
29565,2212,123.47360251999709,0.0,B2,0,1,deuteron,1000010020,12.521856236193429,12.521856236193429,14.69366365387192,14.69366365387192,1,1,112.09951591092536
5021,2212,92.6168776347002,0.0,B2,0,1,deuteron,1000010020,88.7115006669853,64.30369182940635,8.948792029247915,11.18703741882961,2,1,218.59118380910323
5189,2212,156.40904528889223,0.0,B8,6,0,proton,2212,81.12298469880628,37.21734398485999,7.131273870901398,7.737468024399854,4,4,465.54878717700353
26408,2212,123.54984845581336,0.0,B2,0,1,deuteron,1000010020,20.818530199615857,20.818530199615857,14.927968057778125,14.927968057778125,1,1,112.51684738764168
17430,2212,57.85554099415901,0.0,B2,0,1,deuteron,1000010020,90.49378143749266,22.51047226990117,10.428143554352895,10.825431720992865,5,2,226.5553108249018
11987,2212,75.32845951948784,0.0,B2,0,1,deuteron,1000010020,33.79522915945725,33.79522915945725,11.044078356048022,11.044078356048022,1,1,109.23876577739927
3904,2212,126.30398327207656,0.0,B6,4,0,proton,2212,56.70848067056437,27.117770036848395,7.88286096104904,8.274476803940832,3,3,349.2798652406833
1697,2212,75.81168485265545,0.0,B2,0,1,deuteron,1000010020,59.72013413327866,34.48731198913051,9.862562389829904,10.540332171402232,2,1,219.67115111341914
16531,2212,56.18658304894734,0.0,B4,2,1,deuteron,1000010020,62.514947668855584,39.11701715065348,10.441125083077308,10.70108258286892,2,2,228.08644249566305
7590,2212,159.97935813516,0.0,B8,6,0,proton,2212,59.142957156741176,20.958376199907935,7.073614538927832,7.570191979049254,4,4,468.68747994442293
14731,2212,141.81178021290543,0.0,B6,4,0,proton,2212,59.380637806134246,29.07577079852841,7.410650564045643,7.818729835534053,4,3,342.4275297164733
8689,2212,85.9176572507366,0.0,B2,0,0,proton,2212,91.92298978187256,46.55256969060551,9.644044002839777,10.665169913421623,2,1,218.50854175631417
17591,2212,129.39701927421538,0.0,B6,4,0,proton,2212,51.89931291481771,23.45771623496929,7.746406382114726,8.117617237677376,3,3,346.36835007064184
18699,2212,60.29964377708015,0.0,B4,2,1,deuteron,1000010020,64.79762664260362,41.70924773934709,10.441898656693182,10.712028251362565,2,2,225.4217175858641
3145,2212,131.36366299119723,0.0,B6,4,0,proton,2212,54.499088373310144,25.132170209140337,7.729702158484673,8.107334189973562,4,3,347.09855519806075
21220,2212,80.89352073051711,0.0,B2,0,0,proton,2212,108.62056911027253,45.54706563018212,9.756035466300704,10.761601732339253,7,2,218.8135697209519
20157,2212,51.68872179082576,0.0,B2,0,1,deuteron,1000010020,40.18863046235319,22.08705125489857,10.238863649333815,10.422193674559333,2,2,227.54176766339498
11361,2212,63.22882599863881,0.0,B4,2,1,deuteron,1000010020,68.51003880971432,44.63225744017485,10.526835204314803,10.803827639179122,2,2,225.12374811013575
26781,2212,94.62184382456003,0.0,B2,0,1,deuteron,1000010020,59.83817995238032,59.83817995238032,12.29174853322623,12.29174853322623,1,1,109.45648432720398
6377,2212,121.81367164309802,0.0,B2,0,1,deuteron,1000010020,62.48122180544363,62.48122180544363,14.72314408279343,14.72314408279343,1,1,111.37031057238778
3741,2212,108.4252707097173,0.0,B2,0,1,deuteron,1000010020,54.26784657489162,38.35851441824709,8.446376260540282,11.575815220128886,2,1,222.9069660105283
25396,2212,140.82778801937062,0.0,B6,4,0,proton,2212,55.3373649969506,25.308533478254976,7.432033957477215,7.80965532193853,4,3,342.6262169470428
1937,2212,82.73795402060098,0.0,B2,0,1,deuteron,1000010020,41.20801721765475,41.20801721765475,11.403688228478535,11.403688228478535,1,1,109.02700606590126
26016,2212,166.40314851723969,0.0,B8,6,0,proton,2212,55.10575568791491,18.444160709567544,6.989985132901213,7.471124766208539,4,4,471.6184578626717
6846,2212,115.62194957260226,0.0,B2,0,1,deuteron,1000010020,58.76113997446573,52.11082038687932,13.907628447321393,13.936894538633622,2,1,111.23302026352688
20932,2212,141.0132847388097,0.0,B4,2,0,proton,2212,27.839144858018663,15.45744033194398,7.420721411225965,7.585669659646215,3,2,224.75878095774272
16723,2212,91.66107615514407,0.0,B2,0,1,deuteron,1000010020,65.23988226643291,36.30487522228336,9.260028633422005,10.810424987612922,2,1,219.42322538675495
19611,2212,163.18750030928044,0.0,B4,2,0,proton,2212,23.00641481973646,12.091645616102877,7.017208587543818,7.15510971321306,2,2,227.12549639047623
12587,2212,100.77345486212076,0.0,B2,0,1,deuteron,1000010020,115.53677532918095,51.02260874107195,8.681031196794478,10.694323018433519,3,2,333.08364134416047
29986,2212,103.59746994937828,0.0,B4,2,0,proton,2212,99.15075688192917,44.946955049356035,8.768549247876306,10.348151799062155,4,2,337.18201824706335
9748,2212,135.726079088837,0.0,B8,6,0,proton,2212,72.46761175250401,24.48633849249979,7.538151038423582,8.117070448185805,4,4,466.44321092171117
18707,2212,56.45535440887142,0.0,B4,2,1,deuteron,1000010020,59.95591433196671,37.420317782078236,10.42456851090187,10.682987312817804,2,2,227.4078769940498
19844,2212,72.58173700646489,0.0,B2,0,1,deuteron,1000010020,61.5528046595483,32.652425990392025,10.206567755970845,10.623796428616528,2,1,220.0044433146472
18588,2212,167.09735955325849,0.0,B8,6,0,proton,2212,56.52341406756149,18.51874610276693,7.031704243798547,7.507331934679584,4,4,474.30176723499585
8629,2212,156.094111577113,0.0,B4,2,0,proton,2212,38.59904270389936,26.468519485979723,7.135194998766574,7.3515700733306035,2,2,113.27751430245517
229,2212,92.67559797468411,0.0,B2,0,1,deuteron,1000010020,64.16383093490845,64.16383093490845,12.093207357898708,12.093207357898708,1,1,109.34064173165498
19411,2212,89.68698860093963,0.0,B2,0,1,deuteron,1000010020,81.91739395485068,52.36390819900746,9.192900430869052,10.939865841033942,3,1,218.3769542294304
26615,2212,124.50019273291274,0.0,B2,0,1,deuteron,1000010020,13.151305808594795,13.151305808594795,14.762287892456166,14.762287892456165,1,1,112.16416890755599
17584,2212,99.9763437101998,0.0,B2,0,1,deuteron,1000010020,53.14747318206555,53.14747318206555,12.705128484527211,12.705128484527211,1,1,109.82656668323087
27724,2212,115.98010200043481,0.0,B2,0,1,deuteron,1000010020,45.68215943552742,45.68215943552742,13.659344759147862,13.659344759147862,1,1,111.2980160160329
7924,2212,169.9018970247829,0.0,B4,2,0,proton,2212,21.70585516391876,10.853736090147565,7.019316039112412,7.149905164583294,2,2,230.8051395705035
13170,2212,95.2296956592152,0.0,B2,0,1,deuteron,1000010020,86.0233518551959,60.14460334318698,8.98429005646817,11.304363112935928,2,1,219.21000714013607
16248,2212,118.14604677029753,0.0,B2,0,1,deuteron,1000010020,44.248985435499485,43.6679176677614,14.009813872387877,14.013481132199788,2,1,111.3019230217562
8736,2212,154.59704356650522,0.0,B2,0,0,proton,2212,11.744327285115114,11.744327285115114,7.114070079620336,7.114070079620336,1,1,110.47434060478636
22821,2212,100.62128476965873,0.0,B2,0,1,deuteron,1000010020,104.19660012293974,49.68282041482625,8.697601482530953,10.80128154422961,4,2,334.4094451146363
22355,2212,63.45780554333808,0.0,B4,2,1,deuteron,1000010020,67.39666955432918,44.103128027956885,10.517436571844339,10.794551819267722,2,2,224.67573242035866
22211,2212,149.8939046115326,0.0,B8,6,0,proton,2212,81.15007729476775,35.303072534743784,7.217739582068666,7.839163304223722,5,4,462.4459026099652
4145,2212,157.3818099545569,0.0,B8,6,0,proton,2212,78.18858737622327,35.35711898918042,7.100722523534069,7.694832752743366,4,4,464.99158856428414
8495,2212,152.0018334993746,0.0,B8,6,0,proton,2212,88.78304981560561,44.10775966529562,7.175094639392151,7.819364470296959,4,4,463.52897450582606
29947,2212,68.01027642133499,0.0,B4,2,1,deuteron,1000010020,128.63688728222405,61.36188647473018,10.651008718252543,11.025201908464574,3,2,335.17384138389184
20763,2212,82.73641451043028,0.0,B2,0,1,deuteron,1000010020,39.20665575428824,39.20665575428824,11.458775596737471,11.458775596737471,1,1,109.40093750377999
29830,2212,106.80482097934986,0.0,B2,0,1,deuteron,1000010020,50.774594808591445,15.956370286455662,13.0674415330025,13.14690318723876,5,1,110.69473824195286
6256,2212,96.48495578146495,0.0,B2,0,1,deuteron,1000010020,58.28978400539469,58.28978400539469,12.411040823844658,12.411040823844658,1,1,109.70039698537491
4792,2212,69.28622383353706,0.0,B4,2,1,deuteron,1000010020,106.82832930720286,61.445900681144195,10.821372133952442,11.517353603650232,3,2,335.0428705713843
2265,2212,163.1467282665854,0.0,B2,0,0,proton,2212,10.585964753812062,10.585964753812062,6.981757737543548,6.981757737543548,1,1,111.36402963686585
27057,2212,76.10195864312712,0.0,B2,0,1,deuteron,1000010020,57.65693329557244,29.454410457318986,11.088121415255985,11.197375497659394,7,3,142.06531582947198
16020,2212,115.93835535710906,0.0,B2,0,1,deuteron,1000010020,48.724536301006076,48.724536301006076,13.850850466192643,13.850850466192643,1,1,111.09165224758465
25895,2212,150.40089399099588,0.0,B8,6,0,proton,2212,85.61703583895537,40.806710699286164,7.186347523799775,7.824331160391897,4,4,462.12910482271224
7517,2212,68.49141936936307,0.0,B4,2,1,deuteron,1000010020,87.16927883091424,62.5687467463863,10.713330094779451,11.029150503278563,2,2,223.68075502438853
504,2212,131.4855015164121,0.0,B6,4,0,proton,2212,53.120436343428125,23.451667992809075,7.720881189384847,8.087061360364942,3,3,347.3017522068517
13958,2212,143.50467281179934,0.0,B2,0,1,deuteron,1000010020,90.74328660346589,39.5505522904212,7.380175358782081,12.381092452848929,4,3,454.4239242568958
5638,2212,51.7187238779897,0.0,B4,2,1,deuteron,1000010020,51.89561468981914,30.518449841341784,10.2100529470297,10.449096261753851,2,2,227.37530929660687
24740,2212,98.52174672991565,0.0,B2,0,1,deuteron,1000010020,115.50873359618625,56.10348288341894,8.693097489273665,10.675905312989826,3,2,333.64248718494207
19159,2212,164.88597721531733,0.0,B2,0,0,proton,2212,12.164340990364945,10.459490653081144,7.017229471212826,7.365702631477461,5,3,144.9816446776494
13348,2212,50.882405883628905,0.0,B2,0,1,deuteron,1000010020,6.571377904111551,6.571377904111551,10.243419771042461,10.243419771042461,1,1,112.23829736041819
23329,2212,163.98140394634106,0.0,B8,6,0,proton,2212,54.74291358100494,18.047711533446776,7.044561838689849,7.523189559424649,4,4,471.3754798772238
9608,2212,159.48768398822435,0.0,B8,6,0,proton,2212,58.02188488585095,20.011449370243373,7.042086308792372,7.535962727170617,4,4,466.8874818961608
12299,2212,51.86413014159952,0.0,B2,0,1,deuteron,1000010020,27.52535891523989,21.79819055761577,10.255917860665159,10.340375656497368,2,2,228.12172609834982
9117,2212,127.22855684033311,0.0,B4,2,0,proton,2212,46.174683875177394,15.461714285246828,7.795314151726321,8.134002123306509,7,3,233.00683378839747
19948,2212,161.95046375750513,0.0,B8,6,0,proton,2212,56.97804062813472,18.793845241803123,7.058881460981847,7.535524819769651,4,4,469.75882672105035
14694,2212,105.26306226177053,0.0,B4,2,0,proton,2212,101.80536266101484,44.62518951682232,8.699323684918483,10.455591371457317,3,2,336.4779179293488
25075,2212,142.94726160443975,0.0,B6,4,0,proton,2212,63.63984509240663,21.97539076953688,7.371834434046563,7.883121550747004,4,4,464.2680664775516
1111,2212,105.93840375331224,0.0,B2,0,1,deuteron,1000010020,82.65754241022924,38.31302921551805,8.676744318335325,10.734975054619857,3,2,338.66315117678454
2552,2212,63.07495619132841,0.0,B4,2,1,deuteron,1000010020,72.26913977187895,48.839940272768224,10.636360760662278,10.925183253337092,2,2,226.15520890573578
11370,2212,88.44984631326238,0.0,B2,0,1,deuteron,1000010020,73.19027600584565,44.22094916953298,9.220528870709177,10.702813068018056,2,1,218.71144702792654
12743,2212,138.67072611300995,0.0,B6,4,0,proton,2212,56.78490354832596,26.870862421063524,7.5069339536009645,7.89477730011911,3,3,343.5252071343781
11087,2212,63.22023803981951,0.0,B2,0,1,deuteron,1000010020,43.10811445790703,23.869042160787924,10.507446656543344,10.951112452472623,5,2,110.53844029337141
5098,2212,51.942379903246255,0.0,B2,0,1,deuteron,1000010020,10.856827206620817,10.856827206620817,10.35325347818367,10.35325347818367,1,1,112.8912011195204
248,2212,134.54728279967588,0.0,B8,6,0,proton,2212,74.49952032518898,26.019629102271487,7.540965339592134,8.126412627903516,4,4,465.3059989419082
15938,2212,119.593013544694,0.0,B2,0,1,deuteron,1000010020,66.70504023976979,66.70504023976979,14.353832805164544,14.353832805164544,1,1,112.02023438494787
21554,2212,59.62374612629762,0.0,B4,2,1,deuteron,1000010020,64.11139998682648,40.480043032461886,10.414436672980818,10.679237413367334,2,2,225.2921213271868
15625,2212,145.82035227836087,0.0,B2,0,1,deuteron,1000010020,112.35090756228826,39.15847751133338,7.281162808182489,11.585648933463872,5,4,574.0811007938457
13106,2212,162.30969079088123,0.0,B8,6,0,proton,2212,57.06960234284648,18.936273716345006,7.001588745593756,7.48063166886897,4,4,467.28317629543415
3139,2212,65.70468661238218,0.0,B4,2,1,deuteron,1000010020,77.80265549587935,54.15812013129743,10.59388635864184,10.895592884109176,2,2,223.54163659298138
20912,2212,144.44730715302717,0.0,B6,4,0,proton,2212,66.49101756385596,21.548747887517788,7.3282414274779475,7.870503344796392,4,4,463.5479671566575
17694,2212,66.11691408509873,0.0,B4,2,1,deuteron,1000010020,74.19238590145457,50.02870600428392,10.591196367490811,10.882486071854713,2,2,223.66337473997288
8338,2212,132.1173934750634,0.0,B4,2,0,proton,2212,40.99429660938989,15.132657318318799,7.700014085448498,8.869373209349538,7,3,230.22673829036586
11434,2212,122.52979752911476,0.0,B2,0,1,deuteron,1000010020,63.517564965117266,63.517564965117266,14.733991999904244,14.733991999904244,1,1,112.32643158312142
10138,2212,78.73606492362102,0.0,B2,0,0,proton,2212,78.27155773203957,41.90414382243324,9.953819722126235,10.552595272287176,2,1,218.87025640800914
13587,2212,134.62961222564795,0.0,B6,4,0,proton,2212,65.39467737238438,21.8326557253632,7.6278472101094215,8.172783813802996,4,4,469.6830552781168
13303,2212,143.77626190937002,0.0,B6,4,0,proton,2212,91.04003922221601,42.22053585986642,7.40142600494333,10.21222797109733,5,3,338.48137558649995
10315,2212,66.14932127588108,0.0,B2,0,0,proton,2212,54.75937090249951,26.016942660548015,10.6192381081538,10.732142454332855,8,3,122.03375532111582
22398,2212,85.8119095421183,0.0,B2,0,1,deuteron,1000010020,81.31874706214509,45.2574729125261,9.50690797073905,10.71314686057381,2,1,218.46529121112388
8497,2212,71.44304669460698,0.0,B2,0,1,deuteron,1000010020,32.24809309995059,32.24809309995059,10.926703394007395,10.926703394007395,1,1,109.6914435100146
1291,2212,94.6721214649533,0.0,B2,0,0,proton,2212,25.512284170632338,25.512284170632338,9.078694776142042,9.078694776142042,1,1,109.96131784563902
1638,2212,138.03969648730435,0.0,B6,4,0,proton,2212,53.66617812207681,25.044834408792028,7.556962642802346,7.933979665160385,3,3,345.0807960824418
23862,2212,106.22499664090859,0.0,B4,2,0,proton,2212,98.11171277112285,41.13657252208785,8.640159525529462,10.487255818881344,3,2,336.72341920217264
3526,2212,139.0938801818856,0.0,B8,6,0,proton,2212,85.83245462333102,40.1753115578264,7.424574484415622,8.056161893819358,4,4,463.59445094283706
22410,2212,164.297080914453,0.0,B8,6,0,proton,2212,55.89061320957811,17.998241972814206,7.035350250623003,7.503301096612563,4,4,472.0805301562465
13179,2212,156.72315573347691,0.0,B8,6,0,proton,2212,75.35732825561925,33.31767634688661,7.119377800006327,7.708235657699343,4,4,465.0278009866031
1752,2212,108.77373300836672,0.0,B2,0,1,deuteron,1000010020,91.30104582035452,40.22162686988097,8.60014138863935,10.76366841582545,3,2,337.5315884036245
25175,2212,169.25238483064007,0.0,B4,2,0,proton,2212,32.176711453082085,11.828209747242457,6.968657866632535,7.240679269022608,3,3,349.8024229823678
29448,2212,120.65606494854666,0.0,B2,0,1,deuteron,1000010020,57.71092490424908,57.71092490424908,14.244369056549955,14.244369056549955,1,1,111.38013195482127
22979,2212,67.57730703183509,0.0,B2,0,1,deuteron,1000010020,23.977167509248936,23.977167509248936,10.707735178677327,10.707735178677327,1,1,110.31976606287492
9800,2212,93.55131220766516,0.0,B2,0,0,proton,2212,24.988078591718942,24.988078591718942,8.983052347702,8.983052347702,1,1,109.81075713307405
25634,2212,154.27564696037282,0.0,B8,6,0,proton,2212,80.27443277359482,36.80181630552734,7.099377041152534,7.708634509844434,4,4,462.248643624121
20417,2212,150.26253827515532,0.0,B8,6,0,proton,2212,83.68055836650133,26.21770769673895,7.186392364440298,7.810061308906486,5,4,462.64811432189066
3693,2212,69.46054499314658,0.0,B2,0,1,deuteron,1000010020,60.2214253822448,31.831229835893094,10.831930889239702,10.875288867403967,2,1,221.76048398044824
18116,2212,137.6941108848295,0.0,B6,4,0,proton,2212,46.630983147626466,19.525828948400832,7.461686286249746,7.798984699059098,3,3,342.6005589064993
1344,2212,130.21720386320166,0.0,B2,0,0,proton,2212,31.8769888028612,11.036849576126471,7.765970863351104,7.844008208773682,6,1,112.44487449970738
9013,2212,157.53168768662897,0.0,B8,6,0,proton,2212,80.54755939680844,36.81931548395214,7.136429047157358,7.745081995022951,5,4,467.021678734197
3328,2212,98.91893444301145,0.0,B2,0,1,deuteron,1000010020,122.9500726866966,56.85800508717918,8.689119598676754,10.59238796523716,3,2,333.6326307813418
6927,2212,57.64248735209086,0.0,B4,2,1,deuteron,1000010020,60.28500510498165,37.899807719049484,10.38507126549935,10.645069787467992,2,2,226.64374835146023
22838,2212,143.84628410952473,0.0,B2,0,1,deuteron,1000010020,77.62708023672639,39.20640151816206,7.3552341287849465,13.118395959879965,6,2,336.4446800073697
17259,2212,102.88813613467548,0.0,B4,2,0,proton,2212,61.396926861015345,42.994735599938416,8.796832064182569,9.062641684182184,2,2,227.45702152707878
16538,2212,65.2987669625285,0.0,B4,2,1,deuteron,1000010020,74.42514553174534,50.93310344459521,10.670923326564274,10.964886941406899,2,2,225.67015537928594
1288,2212,110.76763714161383,0.0,B2,0,1,deuteron,1000010020,41.42070962536959,41.42070962536959,13.182987284988087,13.182987284988085,1,1,110.27557111606579
23162,2212,159.14804890045875,0.0,B8,6,0,proton,2212,73.33689802863637,31.060649434332028,7.074650892509398,7.647877277501335,4,4,465.76186491933424
12412,2212,66.4783381961811,0.0,B4,2,1,deuteron,1000010020,80.28712364254582,56.658962790001354,10.6772404211912,10.983562101209559,2,2,224.81973484634523
13258,2212,100.58528366850584,0.0,B4,2,0,proton,2212,63.02277120580913,45.185108284622935,8.758181738921678,9.020766283004118,2,2,225.1613721366428
14303,2212,83.21559885411153,0.0,B2,0,0,proton,2212,84.00207969848842,43.19009920476697,9.76988986123499,10.638664275245697,2,1,218.40898988512077
354,2212,120.63922080901774,0.0,B2,0,1,deuteron,1000010020,65.21175165656459,65.21175165656459,14.377674549060014,14.377674549060014,1,1,111.0021289102747
11531,2212,157.55632146474784,0.0,B8,6,0,proton,2212,71.5171142943895,29.75372581327573,7.070285654041205,7.643823078324503,4,4,463.7048576175587
24469,2212,138.75864358197512,0.0,B8,6,0,proton,2212,80.89625561921315,33.80757230185838,7.451681337117264,8.064039315042937,4,4,463.8457042777601
23824,2212,69.23830782268291,0.0,B2,0,1,deuteron,1000010020,31.696923828432453,31.696923828432453,10.827358238778471,10.827358238778471,1,1,109.55906174851643
9647,2212,161.52590592879494,0.0,B8,6,0,proton,2212,57.87909887710437,19.93257354188945,7.064281112779528,7.557758544387777,4,4,469.48615617416317
23649,2212,134.4726042599626,0.0,B6,4,0,proton,2212,56.03561961077593,25.976368995714353,7.576004244068456,7.966073201183735,4,3,344.88109423321504
22632,2212,110.4021139576009,0.0,B2,0,1,deuteron,1000010020,41.52162002718336,41.52162002718336,13.100383496361452,13.10038349636145,1,1,109.80594569270443
5721,2212,120.8519409282406,0.0,B2,0,1,deuteron,1000010020,63.78626047556158,63.78626047556158,14.555589605985457,14.555589605985457,1,1,111.19702522875487
5796,2212,89.33341972642646,0.0,B2,0,0,proton,2212,68.04048072166479,27.60233267806903,9.223560272207715,11.122215586427712,12,4,218.4678437803632
4324,2212,62.505312115206884,0.0,B4,2,1,deuteron,1000010020,70.80229757968391,46.83845742545368,10.521909278336175,10.804518736199178,2,2,224.57288164370885
9249,2212,125.84146494939826,0.0,B2,0,0,proton,2212,18.697469218729427,13.09575896489869,7.876518084875432,7.966754012866485,2,2,228.30890451430446
29539,2212,73.7519165967584,0.0,B2,0,0,proton,2212,36.96911571951415,36.96911571951415,10.702217891915366,10.702217891915366,1,1,110.05542168758973
15601,2212,165.49291167737522,0.0,B8,6,0,proton,2212,52.68421355448266,17.17857412323005,7.03003807154468,7.501722917727723,4,4,473.0761575005452
13803,2212,72.34267682229316,0.0,B2,0,1,deuteron,1000010020,33.5347853753624,33.5347853753624,10.969285080432,10.969285080432,1,1,109.58587397851707
23880,2212,153.46051181182563,0.0,B8,6,0,proton,2212,89.65332199505954,44.99537121734949,7.186721196637168,7.828766171863008,4,4,465.4281299805729
14184,2212,117.8318218073857,0.0,B2,0,1,deuteron,1000010020,52.808266775370136,52.808266775370136,14.060549892364385,14.060549892364385,1,1,111.20707959040513
6807,2212,115.33344387648957,0.0,B2,0,1,deuteron,1000010020,48.988853456900685,48.988853456900685,13.967508914355731,13.967508914355731,1,1,111.55159372087421
18200,2212,154.38935177158564,0.0,B8,6,0,proton,2212,91.82295510400652,47.70220280305272,7.132052427712427,7.779750463691219,4,4,464.4151012834523
23455,2212,170.61235873562637,0.0,B2,0,0,proton,2212,4.4229606886531405,4.4229606886531405,7.014332730395902,7.014332730395902,1,1,112.82120238052417
26140,2212,163.28343544928657,0.0,B8,6,0,proton,2212,93.3338857649168,34.82353973388672,6.992143041629434,7.663583992050866,8,4,467.65270827349326
4241,2212,91.26541867861854,0.0,B2,0,1,deuteron,1000010020,84.12762884961249,57.32907599323514,9.085555917626873,11.032452601817408,2,1,218.65118020668376
