{
  "study": "P04m",
  "ticket_id": "1781032084.548.4ccc082b",
  "worker": "testbeam-laptop-4",
  "title": "pretrigger-mode charge-transfer abstention map",
  "runtime_sec": 180.64949417114258,
  "reproduced": true,
  "raw_reproduction": {
    "expected_selected_pulses": 640737,
    "reproduced_selected_pulses": 640737,
    "delta": 0,
    "invalid_target_rows_removed_after_reproduction": 255
  },
  "split": {
    "train_runs": [
      31,
      32,
      33,
      34,
      35,
      36,
      37,
      39,
      40,
      41,
      42,
      44,
      45,
      46,
      47,
      48,
      49,
      50,
      51,
      52,
      53,
      54,
      55,
      56,
      57,
      64
    ],
    "heldout_runs": [
      58,
      59,
      60,
      61,
      62,
      63,
      65
    ],
    "bootstrap_unit": "held-out run",
    "bootstrap_reps": 400
  },
  "primary_metric": "duplicate-readout charge res68_abs_frac; lower is better",
  "best_traditional": {
    "target": "duplicate_odd_charge",
    "method": "traditional_dropout_cell_corrected",
    "split": "run_heldout",
    "n": 125078,
    "bias_median_frac": -0.0029536599,
    "res68_abs_frac": 0.0310563103,
    "full_rms_frac": 1.038994779,
    "catastrophic_rate": 0.1257055597,
    "within_10pct": 0.80572123,
    "bias_ci95": [
      -0.0053957333,
      -0.0012362259
    ],
    "res68_ci95": [
      0.0253649533,
      0.0367393087
    ],
    "full_rms_ci95": [
      0.8061769785,
      1.2076822704
    ],
    "catastrophic_rate_ci95": [
      0.0870583091,
      0.150670957
    ]
  },
  "winner": {
    "target": "duplicate_odd_charge",
    "method": "ML_extratrees_without_pretrigger",
    "split": "run_heldout",
    "n": 125078,
    "bias_median_frac": 0.0002955155,
    "res68_abs_frac": 0.0073776275,
    "full_rms_frac": 0.0813900528,
    "catastrophic_rate": 0.0073154352,
    "within_10pct": 0.9636306944,
    "bias_ci95": [
      6.33247e-05,
      0.0005421006
    ],
    "res68_ci95": [
      0.0052856927,
      0.0091763431
    ],
    "full_rms_ci95": [
      0.0618726689,
      0.0954289671
    ],
    "catastrophic_rate_ci95": [
      0.0051334148,
      0.0089727167
    ]
  },
  "external_winner": {
    "target": "downstream_B4B6B8_charge_proxy",
    "method": "external_extratrees_with_pretrigger",
    "split": "leave_one_run_out",
    "n": 3774,
    "bias_median_frac": -0.0132384052,
    "res68_abs_frac": 0.2097608407,
    "full_rms_frac": 0.2727629099,
    "catastrophic_rate": 0.2374138845,
    "within_10pct": 0.3510863805,
    "bias_ci95": [
      -0.0581473635,
      0.0355915569
    ],
    "res68_ci95": [
      0.1993742191,
      0.2255936566
    ],
    "full_rms_ci95": [
      0.237294014,
      0.3264783094
    ],
    "catastrophic_rate_ci95": [
      0.2116124426,
      0.2743366917
    ]
  },
  "primary_methods": [
    "traditional_peak_logcal",
    "traditional_integral_logcal",
    "traditional_adaptive_template",
    "traditional_strong_huber_pretrigger",
    "traditional_dropout_cell_corrected",
    "ML_ridge_with_pretrigger",
    "ML_hgb_with_pretrigger",
    "ML_extratrees_with_pretrigger",
    "ML_hgb_without_pretrigger",
    "ML_extratrees_without_pretrigger",
    "ML_mlp",
    "NN_1d_cnn",
    "NN_wave_atom_net",
    "NN_pretrigger_gated_wave_net_new"
  ],
  "duplicate_benchmark": [
    {
      "target": "duplicate_odd_charge",
      "method": "traditional_peak_logcal",
      "split": "run_heldout",
      "n": 125078,
      "bias_median_frac": -0.232842455,
      "res68_abs_frac": 0.3180228007,
      "full_rms_frac": 1.9745550985,
      "catastrophic_rate": 0.553270759,
      "within_10pct": 0.0945090264,
      "bias_ci95": [
        -0.2356531269,
        -0.2306772436
      ],
      "res68_ci95": [
        0.2890638105,
        0.3348977332
      ],
      "full_rms_ci95": [
        1.6703100137,
        2.1890189491
      ],
      "catastrophic_rate_ci95": [
        0.5074193719,
        0.583769342
      ]
    },
    {
      "target": "duplicate_odd_charge",
      "method": "traditional_integral_logcal",
      "split": "run_heldout",
      "n": 125078,
      "bias_median_frac": -0.1073710348,
      "res68_abs_frac": 0.186395451,
      "full_rms_frac": 1.7501703027,
      "catastrophic_rate": 0.2120196997,
      "within_10pct": 0.305041654,
      "bias_ci95": [
        -0.1128585755,
        -0.0974016224
      ],
      "res68_ci95": [
        0.1653706022,
        0.2006332192
      ],
      "full_rms_ci95": [
        1.2963406766,
        1.9941243874
      ],
      "catastrophic_rate_ci95": [
        0.1568810989,
        0.2400615574
      ]
    },
    {
      "target": "duplicate_odd_charge",
      "method": "traditional_adaptive_template",
      "split": "run_heldout",
      "n": 125078,
      "bias_median_frac": 0.1383399169,
      "res68_abs_frac": 0.5386905927,
      "full_rms_frac": 2.7892575747,
      "catastrophic_rate": 0.5602743888,
      "within_10pct": 0.2024017013,
      "bias_ci95": [
        0.0805266424,
        0.20392107
      ],
      "res68_ci95": [
        0.4615396875,
        0.6335739515
      ],
      "full_rms_ci95": [
        2.2966391413,
        3.0734878947
      ],
      "catastrophic_rate_ci95": [
        0.488548613,
        0.5994162429
      ]
    },
    {
      "target": "duplicate_odd_charge",
      "method": "traditional_strong_huber_pretrigger",
      "split": "run_heldout",
      "n": 125078,
      "bias_median_frac": 0.0251891382,
      "res68_abs_frac": 0.1564649977,
      "full_rms_frac": 0.6531567365,
      "catastrophic_rate": 0.2322230928,
      "within_10pct": 0.5851868434,
      "bias_ci95": [
        0.0134261433,
        0.0359141108
      ],
      "res68_ci95": [
        0.1224431278,
        0.1822680515
      ],
      "full_rms_ci95": [
        0.5104670449,
        0.7678309007
      ],
      "catastrophic_rate_ci95": [
        0.2012383118,
        0.2583324765
      ]
    },
    {
      "target": "duplicate_odd_charge",
      "method": "traditional_dropout_cell_corrected",
      "split": "run_heldout",
      "n": 125078,
      "bias_median_frac": -0.0029536599,
      "res68_abs_frac": 0.0310563103,
      "full_rms_frac": 1.038994779,
      "catastrophic_rate": 0.1257055597,
      "within_10pct": 0.80572123,
      "bias_ci95": [
        -0.0053957333,
        -0.0012362259
      ],
      "res68_ci95": [
        0.0253649533,
        0.0367393087
      ],
      "full_rms_ci95": [
        0.8061769785,
        1.2076822704
      ],
      "catastrophic_rate_ci95": [
        0.0870583091,
        0.150670957
      ]
    },
    {
      "target": "duplicate_odd_charge",
      "method": "ML_ridge_with_pretrigger",
      "split": "run_heldout",
      "n": 125078,
      "bias_median_frac": 0.0009170457,
      "res68_abs_frac": 0.0249422313,
      "full_rms_frac": 0.1687847823,
      "catastrophic_rate": 0.0436847407,
      "within_10pct": 0.8780201154,
      "bias_ci95": [
        -0.0009288014,
        0.002956389
      ],
      "res68_ci95": [
        0.0218629594,
        0.0281339822
      ],
      "full_rms_ci95": [
        0.1337135732,
        0.1924663819
      ],
      "catastrophic_rate_ci95": [
        0.0314713567,
        0.0517259741
      ]
    },
    {
      "target": "duplicate_odd_charge",
      "method": "ML_hgb_with_pretrigger",
      "split": "run_heldout",
      "n": 125078,
      "bias_median_frac": 0.0009034921,
      "res68_abs_frac": 0.0161867161,
      "full_rms_frac": 0.0472091833,
      "catastrophic_rate": 0.0048689618,
      "within_10pct": 0.9687714866,
      "bias_ci95": [
        0.0007527476,
        0.0010885764
      ],
      "res68_ci95": [
        0.0134494323,
        0.0183961677
      ],
      "full_rms_ci95": [
        0.0397685965,
        0.0520790099
      ],
      "catastrophic_rate_ci95": [
        0.0033146949,
        0.0061591938
      ]
    },
    {
      "target": "duplicate_odd_charge",
      "method": "ML_extratrees_with_pretrigger",