method,task,metric,value,ci_low,ci_high,macro_f1,train_rows,heldout_rows
traditional hand-shape,stave linear probe,balanced_accuracy,0.356128087838575,0.327756816438249,0.3663897624656541,0.2339438645806462,100126,59613
traditional PCA-4,stave linear probe,balanced_accuracy,0.36028903079584024,0.3348153859858521,0.3699597742896059,0.24865416092379264,100126,59613
ML masked-denoising AE-4,stave linear probe,balanced_accuracy,0.36355541155721083,0.34417964330495143,0.36809893377313957,0.2752917722567409,100126,59613
leakage check: amplitude-only,stave linear probe,balanced_accuracy,0.35411915427380836,0.3281156905782203,0.3684418155416101,0.21389738443606363,100126,59613
leakage check: AE label-shuffle,stave linear probe,balanced_accuracy,0.23911463225795518,0.2343089419210354,0.24753657203903037,0.06717343686075805,100126,59613
