method,proxy_label,positive_events,total_events,roc_auc,roc_auc_ci_low,roc_auc_ci_high,average_precision,average_precision_ci_low,average_precision_ci_high,interpretation
shuffled_hgb_control,q_downstream_max_le_0p06_non_tail,5177,9897,0.5313263031072901,0.4940991986103552,0.5656373096065733,0.5525485038893488,0.5126408737600584,0.6174790250264736,support diagnostic; q_template is external to App.A span labels but not independent truth
gradient_boosted_trees,q_downstream_max_le_0p06_non_tail,5177,9897,0.4536040889789585,0.3809221370824543,0.5081636758510898,0.5608888194017836,0.5463704979464589,0.5837365372854374,support diagnostic; q_template is external to App.A span labels but not independent truth
mlp,q_downstream_max_le_0p06_non_tail,5177,9897,0.4483463772291393,0.3737696070016138,0.4963147826702259,0.5135776767271496,0.4787199645483625,0.5595260323837385,support diagnostic; q_template is external to App.A span labels but not independent truth
ridge,q_downstream_max_le_0p06_non_tail,5177,9897,0.3486361612477615,0.29530818310469203,0.3831010555217827,0.42628195774380506,0.4051673111678356,0.4622918121899283,support diagnostic; q_template is external to App.A span labels but not independent truth
gated_dilated_cnn,q_downstream_max_le_0p06_non_tail,5177,9897,0.3354015929322328,0.3025659444036316,0.3619112303306693,0.4112817136884661,0.3821330009700793,0.4684304151318297,support diagnostic; q_template is external to App.A span labels but not independent truth
cnn1d,q_downstream_max_le_0p06_non_tail,5177,9897,0.28294284858386015,0.25966427949219417,0.3045959409077522,0.3884560572503785,0.36284688296827045,0.43981405689494174,support diagnostic; q_template is external to App.A span labels but not independent truth
traditional_span_q,q_downstream_max_le_0p06_non_tail,5177,9897,0.2790355933840356,0.2528252323931282,0.30707104641659067,0.3877071294026266,0.3586611465734091,0.4430028412246706,support diagnostic; q_template is external to App.A span labels but not independent truth
