method,analysis_sigma68_ns,run64_sigma68_ns,delta_run64_minus_analysis_ns,ci_low,ci_high,bootstrap_unit
analytic_timewalk,1.4946665492512594,1.3329797211399408,-0.16168682811131863,-0.3892239587843603,-0.012439257978183538,analysis_run_blocks_plus_run64_pair_resample
ml_ridge_on_template_phase,1.4740412476984908,1.3536972077783689,-0.12034403992012188,-0.2525330037256297,-0.012194369329312463,analysis_run_blocks_plus_run64_pair_resample
s03b_binned_timewalk,1.3979715141141966,0.9347017690330941,-0.4632697450811025,-0.5838167018665104,-0.10202848588579982,analysis_run_blocks_plus_run64_pair_resample
template_phase_base,2.0459430282283897,1.7959430282283932,-0.24999999999999645,-0.2551014242942968,0.0480746984150387,analysis_run_blocks_plus_run64_pair_resample
