fold,heldout_runs,ap,auc
0,59 62,0.9265270414785323,0.9261057692307693
1,58 61,0.8996937171258718,0.8965643491124261
2,60,0.9079510682552119,0.9034171597633136
