fold,heldout_runs,ap,auc
0,59 62,0.8449829094932947,0.8426479289940828
1,58 61,0.8678285077699475,0.8358247041420118
2,60,0.8615102965402164,0.8501183431952662
