fold,heldout_runs,ap,auc
0,59 62,0.8622333745485042,0.8573409763313609
1,58 61,0.8601927486143457,0.8440606508875739
2,60,0.8652596224051292,0.8554585798816567
