fold,heldout_runs,ap,auc
0,59 62,0.8589975498146731,0.8474556213017752
1,58 61,0.8626683089655868,0.850521449704142
2,60,0.9010377614628369,0.8875295857988165
