stratum,low_n,high_n,match_weight_raw,low_downstream_fraction,high_downstream_fraction,downstream_high_minus_low,match_weight
q_ge_32k|s16_no_lowering|B2_unsat,2254,87971,2254,0.005767524401064774,0.014834434074865581,0.009066909673800808,0.3966913058782119
q_ge_32k|s16_no_lowering|B2_sat_proxy,1371,97108,1371,0.01312910284463895,0.016280841949169997,0.0031517391045310476,0.2412882787750792
q_16k_32k|s16_no_lowering|B2_unsat,1139,20083,1139,0.00877963125548727,0.01976796295374197,0.010988331698254701,0.20045758535726857
q_8k_16k|s16_no_lowering|B2_unsat,561,8785,561,0.012477718360071301,0.011496869664200342,-0.0009808486958709593,0.09873284054910243
q_lt_8k|s16_large_lowering|B2_unsat,189,8133,189,0.010582010582010581,0.017951555391614412,0.007369544809603831,0.03326293558606125
q_lt_8k|s16_no_lowering|B2_unsat,75,1208,75,0.0,0.016556291390728478,0.016556291390728478,0.013199577613516367
q_8k_16k|s16_large_lowering|B2_unsat,35,1998,35,0.08571428571428572,0.04104104104104104,-0.044673244673244676,0.006159802886307638
q_16k_32k|s16_no_lowering|non_B2,29,1229,29,1.0,1.0,0.0,0.0051038366772263285
q_8k_16k|s16_mild_lowering|B2_unsat,29,919,29,0.0,0.02176278563656148,0.02176278563656148,0.0051038366772263285
