method,family,n,positives,roc_auc,auc_ci_low,auc_ci_high,average_precision,ap_ci_low,ap_ci_high
atom_gated_cnn_new,new_architecture,36500,4539,0.9979727509800564,0.9974951528425046,0.9983910098132383,0.9890227752995577,0.9867063586801518,0.991058586986993
mlp,nn,36500,4539,0.9974932236446822,0.9969324941561903,0.9980258927950466,0.9883818829853842,0.986061820774703,0.9905073610714134
gradient_boosted_trees,ml,36500,4539,0.9971839060933062,0.9967348085202545,0.9977262810468297,0.9893825366110182,0.9882776690606625,0.9908915021065903
traditional_smoothed_atom_table,traditional,36500,4539,0.9743176097267531,0.9707633217487116,0.9782483251004808,0.8978925566048768,0.8757473018151458,0.9117500258633072
ridge,ml,36500,4539,0.9660791494348432,0.9645750707996275,0.9680589608621483,0.8520304358908654,0.8338536826650935,0.8687456232811267
1d_cnn,nn,36500,4539,0.9222413050648813,0.9050210023444516,0.9327757180397594,0.8866225388432163,0.8603495194771859,0.8998662856058522
