method,sigma68_ns,ci_low,ci_high,delta_vs_p01e_cfd20_ns,delta_ci_low,delta_ci_high,n_events,n_pair_residuals,full_rms_ns,heldout_run
P01e CFD20,3.1884502039551736,3.0494812623085017,3.329019827687503,0.0,0.0,0.0,408,1224,5.677758856597346,pooled
P01e hand-shape ridge,1.96163950630188,1.8945401784113192,2.0576989892621933,-1.2268106976532935,-1.3822343885675061,-1.0296882065982922,408,1224,4.4592300527119315,pooled
P01e AE latent ridge,1.9802609616518054,1.8606654930623747,2.073203363895418,-1.2081892423033682,-1.4211472880151124,-1.0462765985979168,408,1224,4.493565003627756,pooled
S02 global template,2.5456156463080895,2.539438243191036,2.789438243191036,-0.6428345576470842,-0.7777759781686437,-0.43788085355958156,408,1224,4.163959551443536,pooled
S02 ML ridge,1.8967329177173262,1.8125962735024743,2.013324523639652,-1.2917172862378474,-1.4656503910063958,-1.1129548343884172,408,1224,4.489003726885887,pooled
S03 analytic timewalk,1.493773463546379,1.4392969384546082,1.553267056482525,-1.6946767404087946,-1.8297057415753057,-1.5554426178047356,408,1224,2.6145382369553647,pooled
P01e shuffled-target control,2.0513074877858184,1.9446708188525457,2.1501624552488328,-1.1371427161693552,-1.3373164055947222,-0.9495078278886153,408,1224,4.515611498582756,pooled
