method,n_records,mean_bias_adc,mean_bias_ci_low_adc,mean_bias_ci_high_adc,mae_adc,mae_ci_low_adc,mae_ci_high_adc,rmse_adc,rmse_ci_low_adc,rmse_ci_high_adc,median_bias_adc,q05_adc,q95_adc
ml_pretrigger_hgbr_calibrated,1883784,-1.8856279278476251,-3.3663644235416803,-0.9125743891502495,15.63574792407998,14.776401358289379,16.743725437665542,36.07884685488501,21.235674484167564,55.47817920216876,1.8900648431317677,-38.685863872766504,23.576414589736487
adaptive_pc_excluding_target,1883784,-6.631467832830091,-9.7229844375,-4.9569139374999995,17.176515460371252,15.413105750000001,20.166010375000003,66.45403253754138,32.68124878872081,97.22924546026738,-1.0,-43.0,22.0
mean4_pre,1883784,7.894859760991706,2.50740278125,16.591440218749998,24.486205424825776,19.72438684375,32.312799749999996,128.3041461494766,49.89952776990217,197.513370018976,2.0,-39.5,42.5
median4_plus_train_offset,1883784,6.433867683343738,0.8645034375,15.293276156249998,24.851474213604106,19.54787246875,33.33358253125,130.7113028797954,48.40310392459845,198.3187344948019,0.0,-41.5,42.0
median4_pre,1883784,8.058867683343738,2.4103254375,16.984980937499998,24.918769880198578,19.695923812500002,33.817127687500005,130.83196746038337,48.239428019144135,196.95465262532667,2.0,-40.0,43.5
