max_leaf_nodes,learning_rate,l2_regularization,cv_mae_adc,cv_mae_std_adc
15,0.1,0.1,15.903433510793912,1.244156582803603
15,0.1,0.0,15.903495138041784,1.1589342714701036
7,0.1,0.1,16.045783939774108,0.9897612074815116
15,0.06,0.0,16.051292740786682,1.1794373340811826
15,0.06,0.1,16.082124472015398,1.2031424563564277
7,0.1,0.0,16.165720192243437,1.1822039754378062
7,0.06,0.1,16.434097957868634,0.9175078956379049
7,0.06,0.0,16.619336425954355,1.2735684472271593
