metric,contrast,value,ci95_low,ci95_high,n_runs
multi_stave_per_selected_event,low_2nA,0.015587529976019185,0.011816838995568686,0.016082154621197442,2
multi_stave_per_selected_event,high_20nA,0.026806295960723994,0.022052604036437558,0.03484202020169371,12
multi_stave_per_selected_event,high_minus_low,0.01121876598470481,0.006276588324814443,0.018418605429720444,14
three_stave_per_selected_event,low_2nA,0.0041109969167523125,0.0014771048744460858,0.004456500678163147,2
three_stave_per_selected_event,high_20nA,0.00853789586801239,0.0070366034074282316,0.011311021164679245,12
three_stave_per_selected_event,high_minus_low,0.004426898951260077,0.0027678474788267156,0.008720295096997501,14
downstream_per_selected_event,low_2nA,0.023124357656731757,0.014771048744460856,0.02422011238132145,2
downstream_per_selected_event,high_20nA,0.03341410480625382,0.027544661880956146,0.04277528848401903,12
downstream_per_selected_event,high_minus_low,0.010289747149522063,0.003901776128906376,0.02281301490647384,14
