truth_quantity,value,ci95_low,ci95_high,n_events,n_pseudo_runs
truth_multi_track,0.112015,0.11157311157311157,0.11240677518644963,1000000,3
truth_multi_species,0.109886,0.10941010941010941,0.11015888970133063,1000000,3
truth_pd_present,0.078119,0.0777990777990778,0.07829384341231317,1000000,3
truth_pd_overlap_20p0_ns,0.078054,0.07775107775107776,0.07822184355631288,1000000,3
truth_pd_overlap_60p0_ns,0.078071,0.0777963777963778,0.07823092174523472,1000000,3
truth_pd_overlap_90p0_ns,0.078071,0.07776307776307777,0.07824016111627037,1000000,3
truth_pd_overlap_124p79018394263471_ns,0.078071,0.07776307776307777,0.07824284351431297,1000000,3
