{
  "artifacts": [
    "REPORT.md",
    "result.json",
    "manifest.json",
    "input_sha256.csv",
    "raw_reproduction_by_run.csv",
    "class_counts.csv",
    "method_metrics.csv",
    "per_species_metrics.csv",
    "fold_metrics.csv",
    "confusion_matrix_winner.csv",
    "leakage_checks.csv"
  ],
  "classes": {
    "alpha": 1000020040,
    "carbon12": 1000060120,
    "deuteron": 1000010020,
    "proton": 2212
  },
  "geant4_input": "/home/billy/ccb-geant4/output_krakow_1M.root",
  "leakage_checks_passed": true,
  "methods": [
    {
      "balanced_accuracy": 0.9091964285714286,
      "balanced_accuracy_ci_high": 0.93275408492104,
      "balanced_accuracy_ci_low": 0.8864781987020629,
      "macro_f1": 0.8797824995269355,
      "macro_f1_ci_high": 0.9175128718535469,
      "macro_f1_ci_low": 0.8470272074941132,
      "macro_precision": 0.8563030236407841,
      "macro_precision_ci_high": 0.9049307716227463,
      "macro_precision_ci_low": 0.8177388145060559,
      "macro_recall": 0.9091964285714286,
      "macro_recall_ci_high": 0.93275408492104,
      "macro_recall_ci_low": 0.8864781987020629,
      "method": "gradient_boosted_trees",
      "n": 3108
    },
    {
      "balanced_accuracy": 0.9085178571428572,
      "balanced_accuracy_ci_high": 0.9262671227772518,
      "balanced_accuracy_ci_low": 0.8922418456294665,
      "macro_f1": 0.7819921405418255,
      "macro_f1_ci_high": 0.8124248513968525,
      "macro_f1_ci_low": 0.7648239632603231,
      "macro_precision": 0.71978120813711,
      "macro_precision_ci_high": 0.7602471313444565,
      "macro_precision_ci_low": 0.7019423078838305,
      "macro_recall": 0.9085178571428572,
      "macro_recall_ci_high": 0.9262671227772518,
      "macro_recall_ci_low": 0.8922418456294665,
      "method": "ridge",
      "n": 3108
    },
    {
      "balanced_accuracy": 0.8511547619047619,
      "balanced_accuracy_ci_high": 0.8601869299461582,
      "balanced_accuracy_ci_low": 0.8438865922480073,
      "macro_f1": 0.7065222058890144,
      "macro_f1_ci_high": 0.7200347784275194,
      "macro_f1_ci_low": 0.6924924128515448,
      "macro_precision": 0.679738167318774,
      "macro_precision_ci_high": 0.7076764359266269,
      "macro_precision_ci_low": 0.6564850753038859,
      "macro_recall": 0.8511547619047619,
      "macro_recall_ci_high": 0.8601869299461582,
      "macro_recall_ci_low": 0.8438865922480073,
      "method": "hybrid_cnn_tabular",
      "n": 3108
    },
    {
      "balanced_accuracy": 0.8060952380952381,
      "balanced_accuracy_ci_high": 0.829444511911849,
      "balanced_accuracy_ci_low": 0.7729591420411495,
      "macro_f1": 0.6809717231261032,
      "macro_f1_ci_high": 0.693939154639187,
      "macro_f1_ci_low": 0.6658205840924922,
      "macro_precision": 0.6983136179433258,
      "macro_precision_ci_high": 0.7206247033179178,
      "macro_precision_ci_low": 0.6807653061224489,
      "macro_recall": 0.8060952380952381,
      "macro_recall_ci_high": 0.829444511911849,
      "macro_recall_ci_low": 0.7729591420411495,
      "method": "traditional_bands",
      "n": 3108
    },
    {
      "balanced_accuracy": 0.7259166666666667,
      "balanced_accuracy_ci_high": 0.7670872771250093,
      "balanced_accuracy_ci_low": 0.6914335384220983,
      "macro_f1": 0.7449215319505622,
      "macro_f1_ci_high": 0.7771287145112109,
      "macro_f1_ci_low": 0.7125528900597278,
      "macro_precision": 0.8190145916142876,
      "macro_precision_ci_high": 0.8710377627360172,
      "macro_precision_ci_low": 0.8008600586899627,
      "macro_recall": 0.7259166666666667,
      "macro_recall_ci_high": 0.7670872771250093,
      "macro_recall_ci_low": 0.6914335384220983,
      "method": "mlp",
      "n": 3108
    },
    {
      "balanced_accuracy": 0.30147619047619045,
      "balanced_accuracy_ci_high": 0.40057417149460434,
      "balanced_accuracy_ci_low": 0.25343323992583405,
      "macro_f1": 0.2678363344032082,
      "macro_f1_ci_high": 0.36690093881865504,
      "macro_f1_ci_low": 0.18715006494658296,
      "macro_precision": 0.43240014931359816,
      "macro_precision_ci_high": 0.44442443919716645,
      "macro_precision_ci_low": 0.23717647809890044,
      "macro_recall": 0.30147619047619045,
      "macro_recall_ci_high": 0.40057417149460434,
      "macro_recall_ci_low": 0.25343323992583405,
      "method": "cnn1d",
      "n": 3108
    }
  ],
  "n_available_labeled_events": 69339,
  "n_used_events": 3108,
  "next_tickets": [],
  "raw_reproduction": {
    "delta": 0,
    "events": 1096728,
    "expected_selected_pulses": 640737,
    "passed": true,
    "raw_root_dir": "data/root/root",
    "runs": 33,
    "selected_pulses": 640737,
    "stave_counts": {
      "B2": 579424,
      "B4": 36116,
      "B6": 17945,
      "B8": 7252
    }
  },
  "runtime_sec": 44.161165952682495,
  "ticket": "0000000009.1.pidfull",
  "title": "full particle-species ID from waveform vs GEANT4 truth",
  "truth_definition": "dominant Sci_bar LayerID1==2 deposited energy by target PDG, dominance >= 0.6",
  "winner": "gradient_boosted_trees",
  "winner_balanced_accuracy": 0.9091964285714286,
  "winner_balanced_accuracy_ci95": [
    0.8864781987020629,
    0.93275408492104
  ],
  "winner_macro_f1": 0.8797824995269355,
  "winner_metric": "run_block_heldout_balanced_accuracy",
  "worker": "testbeam-laptop-4"
}
