mixture,n_pairs,median_ns,sigma68_ns,rms_ns,core_sigma_ns,core_chi2_ndf,central_abs_lt_1ns,central_abs_lt_2ns,sigma68_ci_low_ns,sigma68_ci_high_ns,core_sigma_ci_low_ns,core_sigma_ci_high_ns
observed_without_run63,99,-0.6804262448392961,1.679947713573198,1.7763682233153673,3.2254281857279934,1.0105109249854456,0.43434343434343436,0.696969696969697,,,,
observed_with_run63,127,-0.5260384564236205,1.7936260637771233,1.7370391554518416,1.9921764037756304,1.5356428333968881,0.4094488188976378,0.7086614173228346,,,,
feature_matched_replacement,127,,1.7297509499811068,1.757036000038413,3.175442591938777,,,,1.5158822496904465,2.0003074174161384,1.9028992393119044,97.67180427153876
feature_residual_matched_replacement,127,,1.573606476765438,1.7053836917571747,2.687232736054418,,,,1.4916711771979694,1.7445285706345697,1.8521398052699072,91.67951861448259
random_non63_replacement,127,,1.7297509499811068,1.7740352594339879,3.0214352287509163,,,,1.5197662748926901,2.0003074174161384,1.8727830592788084,135.39493569908475
