fold,heldout_runs,ap,auc
0,59 62,0.8510093397202907,0.8458505917159762
1,58 61,0.8657071193158494,0.8479844674556213
2,60,0.884521399429987,0.8710650887573964
