fold,heldout_runs,n_train,n_test,traditional_train_acceptance,support_target_positive_rate,new_arch_test_acceptance
0,"44,48,55,56",303723,73550,0.46412685242803475,0.422167567158233,0.4357715839564922
1,"47,50,51,63",303231,74042,0.4821967410983706,0.43892280142861384,0.4545528213716539
2,"49,53,61,65",298275,78998,0.4276355712010728,0.39052887436090855,0.4604040608623003
3,"46,52,54,58,62",303128,74145,0.43554208123301047,0.39323981948219894,0.46641041203048084
4,"45,57,59,60",300735,76538,0.4392372021879728,0.412110329692254,0.41578039666570854
