taxon,high_20nA,low_2nA,total,rate
unassigned_common,227952.0,5661.0,233613.0,0.9608444760686538
novel_early_pretrigger,4944.0,119.0,5063.0,0.020823993452143478
novel_delayed_peak,1584.0,17.0,1601.0,0.006584873299798876
baseline_excursion,1518.0,30.0,1548.0,0.006366885614046633
novel_broad_template_mismatch,883.0,3.0,886.0,0.0036440960297450366
dropout,289.0,6.0,295.0,0.0012133276848473882
pileup_or_long_tail,107.0,2.0,109.0,0.0004483142971131027
saturation,18.0,0.0,18.0,7.403355365170504e-05
