method,internal_method,split,metric,value,ci_low,ci_high,n_heldout_events,n_pair_residuals,median_ns,sigma68_ns,full_rms_ns,tail_frac_abs_gt5ns,core_sigma_ns,chi2_ndf
S02 global template,template_phase,heldout_run_65,B4/B6/B8 pairwise sigma68 ns,2.889152765080617,2.6391527650806132,3.2771839114883825,66,198,-3.8304301157923035,2.889152765080617,2.576694889725475,0.050505050505050504,0.4426910078708249,3.2136307740994443
S02b binned template,s02b_template,heldout_run_65,B4/B6/B8 pairwise sigma68 ns,3.9147726921167236,3.13595720493477,5.376754504467879,66,198,-2.877124854442769,3.9147726921167236,4.398200885284756,0.1919191919191919,0.7932024573473275,1.747234861856904
S02b binned-template timewalk,s02b_template_timewalk,heldout_run_65,B4/B6/B8 pairwise sigma68 ns,3.4037013456536833,2.8839793342198248,4.022313813479365,66,198,1.8503202150903348,3.4037013456536833,3.7261820572258046,0.1414141414141414,1.2159532033290599,1.3451936139622704
S02b strong traditional template/timewalk,template_phase_timewalk,heldout_run_65,B4/B6/B8 pairwise sigma68 ns,1.635417339803972,1.4661449413447352,1.9074254671441928,66,198,1.3042519892825624,1.635417339803972,1.7719452843563843,0.005050505050505051,1.3710099494717962,0.8352617756222313
S02 ML ridge,ml_ridge,heldout_run_65,B4/B6/B8 pairwise sigma68 ns,1.8461136615529075,1.4820146476836744,2.035135703959928,66,198,1.0986962153520956,1.8461136615529075,1.7098037987509813,0.0,1.8497353038975413,0.9638960570322984
