run,empirical_sigma68_ns,empirical_sigma68_ns_n,empirical_timewalk_sigma68_ns,empirical_timewalk_sigma68_ns_n,conditional_sigma68_ns,conditional_sigma68_ns_n
58,3.676052431425679,219,2.519987836986293,219,3.502241144637587,219
59,3.7420876126166576,2289,2.7806689749855678,2289,3.776222043034559,2289
60,4.010137893024233,2424,2.592256926703638,2424,3.5878253191314564,2424
61,3.6562661868133945,2799,2.9971240962180294,2799,3.3881798861200614,2799
62,3.764141914569927,2421,2.6739487174157928,2421,3.5534336733679677,2421
63,4.022979139096611,1110,2.8341005965061536,1110,3.4787550288373796,1110
65,3.942588945273785,198,2.890706415833929,198,3.76534819640001,198
