method,target,n_eval,n_positive,average_precision,roc_auc,balanced_accuracy,recall_at_1pct,precision_at_1pct
traditional_robust_broad_veto,broad_veto_like,2024,10,0.9909090909090909,0.9999503475670308,0.7512413108242304,1.0,0.47619047619047616
ridge_scalar,broad_veto_like,2024,10,0.9909090909090909,0.9999503475670308,0.7512413108242304,1.0,0.47619047619047616
gradient_boosted_trees,broad_veto_like,2024,10,0.9315204678362573,0.9994538232373386,0.7154915590863953,1.0,0.47619047619047616
mlp_scalar_nn,broad_veto_like,2024,10,0.41250162800162793,0.9945382323733863,0.7512413108242304,0.6,0.2857142857142857
cnn1d_waveform_nn,broad_veto_like,2024,10,0.21756573585519226,0.816832174776564,0.7512413108242304,0.2,0.09523809523809523
hybrid_gated_cnn_tabular,broad_veto_like,2024,10,0.7040781440781441,0.9984607745779543,0.7512413108242304,1.0,0.47619047619047616
