run,current_run_family,raw_events,parent_control_events,all_three_events,exactly_two_events,exactly_two_rate
58,low_all_three_rate_edge,34141,201,72,129,0.003778448200111303
59,mid_all_three_rate,42303,2161,749,1412,0.03337824740562135
60,high_all_three_rate,36074,2025,802,1223,0.03390253368076731
61,high_all_three_rate,36535,2319,925,1394,0.03815519364992473
62,high_all_three_rate,37584,2154,798,1356,0.036079182630906766
63,mid_all_three_rate,37030,1045,365,680,0.018363489062921956
65,low_all_three_rate_edge,38424,251,63,188,0.004892775348740371
