metric,dynamic_only_median,s00_control_median,dynamic_minus_control_median,ci_low,ci_high
median_amp_adc,361.5,3621.5,-3260.0,-4041.0,-2574.0
dynamic_amp_adc,3264.0,3901.0,-637.0,-1360.0,-269.0
area_adc_samples,-28015.5,29490.0,-57505.5,-67404.0,-42742.5
q_template_rmse,4.964318037033081,0.18767531216144562,4.776642724871635,3.1037909165024757,5.629902243614197
baseline_excursion_adc,843.5,23.0,820.5,752.0,1011.0
