taxonomy_class,odds_ratio_dynamic_vs_control,ci_low,ci_high
baseline_excursion,56.16007932637411,48.08622735636843,76.88705851931813
clean_template_like,0.0013849527640925061,0.0002823528591820653,0.0024557792841449033
large_downstream_timing_span,0.1441629007716764,0.11721703501446817,0.21100070806685992
late_tail_or_delayed_peak,0.0026662625163494267,0.0008705406506139595,0.005832355035296083
low_median_amp_dynamic_only,487.79501927067895,194.69129379118974,1164.2209087951414
poor_template_match,2.2403308158593234,1.0017745919711776,3.553568423064268
saturation_proxy,0.00038231288050057306,0.00012490097691966514,0.0023026340788145187
