stave,template_peak_sample,template_area
B2,6,7.974680423736572
B4,8,7.399601936340332
B6,8,7.025476932525635
B8,8,7.499320030212402
