fold,heldout_runs,ap,auc
0,59 62,0.8601289167051018,0.871198224852071
1,58 61,0.8603233778004691,0.8478143491124259
2,60,0.8619741625248671,0.8572928994082839
