method,n_pair_residuals,median_ns,sigma68_ns,full_rms_ns,tail_frac_abs_gt5ns,pull_width
ml_charge_ridge,11460,1.147973802540612,1.3757802963194001,2.506427069442653,0.016230366492146597,2.0881853447029837
template_phase_base,11460,-3.7226235857461702,2.7414145300852155,3.308372978304417,0.08132635253054102,1.206812374413722
traditional_hierarchical,11460,0.9416285135117093,1.2509990385254304,2.503884489689781,0.015357766143106457,2.0015079249310563
