split_name,endpoint,method,stratum_axis,stratum,n,metric,value
particle_heldout,energy_scale,1d_cnn,tail_amplitude_bin,tail_high,447,sigma68,0.17041114338453575
particle_heldout,energy_scale,1d_cnn,pedestal_history_bin,pedestal_memory,121,sigma68,0.1520131126281859
particle_heldout,energy_scale,1d_cnn,pedestal_history_bin,pedestal_mid,174,sigma68,0.14559304963791936
particle_heldout,energy_scale,1d_cnn,pedestal_history_bin,pedestal_quiet,167,sigma68,0.23441733387864105
particle_heldout,energy_scale,1d_cnn,pulse_shape_bin,low_harmonic,212,sigma68,0.1847870914854709
particle_heldout,energy_scale,1d_cnn,pulse_shape_bin,mid_harmonic,247,sigma68,0.14735715266191382
particle_heldout,energy_scale,1d_cnn,timing_residual_bin,timing_core,136,sigma68,0.18573372309114705
particle_heldout,energy_scale,1d_cnn,timing_residual_bin,timing_mid,144,sigma68,0.2149868943837034
particle_heldout,energy_scale,1d_cnn,timing_residual_bin,timing_tail,182,sigma68,0.15370336643572438
particle_heldout,energy_scale,1d_cnn,pileup_flag,pileup_proxy,204,sigma68,0.15530112424613057
particle_heldout,energy_scale,1d_cnn,pileup_flag,single_proxy,258,sigma68,0.19173736705490052
particle_heldout,energy_scale,1d_cnn,saturation_flag,linear_proxy,446,sigma68,0.16570855735663048
particle_heldout,energy_scale,1d_cnn,energy_bin,energy_high,436,sigma68,0.16706794761212854
particle_heldout,energy_scale,gradient_boosted_trees,tail_amplitude_bin,tail_high,447,sigma68,0.11896343568004565
particle_heldout,energy_scale,gradient_boosted_trees,pedestal_history_bin,pedestal_memory,121,sigma68,0.10063754521699825
particle_heldout,energy_scale,gradient_boosted_trees,pedestal_history_bin,pedestal_mid,174,sigma68,0.10346430344664431
particle_heldout,energy_scale,gradient_boosted_trees,pedestal_history_bin,pedestal_quiet,167,sigma68,0.1873526506090321
particle_heldout,energy_scale,gradient_boosted_trees,pulse_shape_bin,low_harmonic,212,sigma68,0.14557430495098336
particle_heldout,energy_scale,gradient_boosted_trees,pulse_shape_bin,mid_harmonic,247,sigma68,0.11626431229026904
particle_heldout,energy_scale,gradient_boosted_trees,timing_residual_bin,timing_core,136,sigma68,0.12513840798732823
particle_heldout,energy_scale,gradient_boosted_trees,timing_residual_bin,timing_mid,144,sigma68,0.14025154336308338
particle_heldout,energy_scale,gradient_boosted_trees,timing_residual_bin,timing_tail,182,sigma68,0.11582548352797184
particle_heldout,energy_scale,gradient_boosted_trees,pileup_flag,pileup_proxy,204,sigma68,0.11658373921395715
particle_heldout,energy_scale,gradient_boosted_trees,pileup_flag,single_proxy,258,sigma68,0.1327870153665016
particle_heldout,energy_scale,gradient_boosted_trees,saturation_flag,linear_proxy,446,sigma68,0.11625106323519245
particle_heldout,energy_scale,gradient_boosted_trees,energy_bin,energy_high,436,sigma68,0.11563198483019792
particle_heldout,energy_scale,mlp,tail_amplitude_bin,tail_high,447,sigma68,0.3303586360812187
particle_heldout,energy_scale,mlp,pedestal_history_bin,pedestal_memory,121,sigma68,0.2558104813098907
particle_heldout,energy_scale,mlp,pedestal_history_bin,pedestal_mid,174,sigma68,0.3172499012947082
particle_heldout,energy_scale,mlp,pedestal_history_bin,pedestal_quiet,167,sigma68,0.3886642444133759
particle_heldout,energy_scale,mlp,pulse_shape_bin,low_harmonic,212,sigma68,0.29898400366306305
particle_heldout,energy_scale,mlp,pulse_shape_bin,mid_harmonic,247,sigma68,0.3644766598939896
particle_heldout,energy_scale,mlp,timing_residual_bin,timing_core,136,sigma68,0.33865329474210737
particle_heldout,energy_scale,mlp,timing_residual_bin,timing_mid,144,sigma68,0.3547316706180572
particle_heldout,energy_scale,mlp,timing_residual_bin,timing_tail,182,sigma68,0.304730544090271
particle_heldout,energy_scale,mlp,pileup_flag,pileup_proxy,204,sigma68,0.320814806818962
particle_heldout,energy_scale,mlp,pileup_flag,single_proxy,258,sigma68,0.3224744302034378
particle_heldout,energy_scale,mlp,saturation_flag,linear_proxy,446,sigma68,0.3268873184919358
particle_heldout,energy_scale,mlp,energy_bin,energy_high,436,sigma68,0.32579094469547265
particle_heldout,energy_scale,ridge,tail_amplitude_bin,tail_high,447,sigma68,0.11757297217845916
particle_heldout,energy_scale,ridge,pedestal_history_bin,pedestal_memory,121,sigma68,0.09806265830993652
particle_heldout,energy_scale,ridge,pedestal_history_bin,pedestal_mid,174,sigma68,0.10981452226638792
particle_heldout,energy_scale,ridge,pedestal_history_bin,pedestal_quiet,167,sigma68,0.16488336622714994
particle_heldout,energy_scale,ridge,pulse_shape_bin,low_harmonic,212,sigma68,0.11908497810363759
particle_heldout,energy_scale,ridge,pulse_shape_bin,mid_harmonic,247,sigma68,0.11306854128837585
particle_heldout,energy_scale,ridge,timing_residual_bin,timing_core,136,sigma68,0.14217259287834166
particle_heldout,energy_scale,ridge,timing_residual_bin,timing_mid,144,sigma68,0.1205566358566284
particle_heldout,energy_scale,ridge,timing_residual_bin,timing_tail,182,sigma68,0.09419939219951629
particle_heldout,energy_scale,ridge,pileup_flag,pileup_proxy,204,sigma68,0.09445990800857543
particle_heldout,energy_scale,ridge,pileup_flag,single_proxy,258,sigma68,0.1367684179544449
particle_heldout,energy_scale,ridge,saturation_flag,linear_proxy,446,sigma68,0.11835542321205142
particle_heldout,energy_scale,ridge,energy_bin,energy_high,436,sigma68,0.11600877046585081
particle_heldout,energy_scale,spectral_transformer_new,tail_amplitude_bin,tail_high,447,sigma68,0.1748425586537367
particle_heldout,energy_scale,spectral_transformer_new,pedestal_history_bin,pedestal_memory,121,sigma68,0.14683462408432538
particle_heldout,energy_scale,spectral_transformer_new,pedestal_history_bin,pedestal_mid,174,sigma68,0.15137590733448875
particle_heldout,energy_scale,spectral_transformer_new,pedestal_history_bin,pedestal_quiet,167,sigma68,0.23665414978059152
particle_heldout,energy_scale,spectral_transformer_new,pulse_shape_bin,low_harmonic,212,sigma68,0.16921358356756874
particle_heldout,energy_scale,spectral_transformer_new,pulse_shape_bin,mid_harmonic,247,sigma68,0.14950010112830614
particle_heldout,energy_scale,spectral_transformer_new,timing_residual_bin,timing_core,136,sigma68,0.18621033476877183
particle_heldout,energy_scale,spectral_transformer_new,timing_residual_bin,timing_mid,144,sigma68,0.19847570777510287
particle_heldout,energy_scale,spectral_transformer_new,timing_residual_bin,timing_tail,182,sigma68,0.14791103321680726
particle_heldout,energy_scale,spectral_transformer_new,pileup_flag,pileup_proxy,204,sigma68,0.15668774288889464
particle_heldout,energy_scale,spectral_transformer_new,pileup_flag,single_proxy,258,sigma68,0.1865515605858053
particle_heldout,energy_scale,spectral_transformer_new,saturation_flag,linear_proxy,446,sigma68,0.17014432235351734
particle_heldout,energy_scale,spectral_transformer_new,energy_bin,energy_high,436,sigma68,0.1693144340377284
particle_heldout,energy_scale,traditional_dE_E_tail_pedestal_likelihood,tail_amplitude_bin,tail_high,447,sigma68,0.12147095187204873
particle_heldout,energy_scale,traditional_dE_E_tail_pedestal_likelihood,pedestal_history_bin,pedestal_memory,121,sigma68,0.10933798873189458
particle_heldout,energy_scale,traditional_dE_E_tail_pedestal_likelihood,pedestal_history_bin,pedestal_mid,174,sigma68,0.09434101221084587
particle_heldout,energy_scale,traditional_dE_E_tail_pedestal_likelihood,pedestal_history_bin,pedestal_quiet,167,sigma68,0.20759698059866244
particle_heldout,energy_scale,traditional_dE_E_tail_pedestal_likelihood,pulse_shape_bin,low_harmonic,212,sigma68,0.14087787323979573
particle_heldout,energy_scale,traditional_dE_E_tail_pedestal_likelihood,pulse_shape_bin,mid_harmonic,247,sigma68,0.12280765454766396
particle_heldout,energy_scale,traditional_dE_E_tail_pedestal_likelihood,timing_residual_bin,timing_core,136,sigma68,0.12840389327763438
particle_heldout,energy_scale,traditional_dE_E_tail_pedestal_likelihood,timing_residual_bin,timing_mid,144,sigma68,0.18839694508532034
particle_heldout,energy_scale,traditional_dE_E_tail_pedestal_likelihood,timing_residual_bin,timing_tail,182,sigma68,0.10048196489303772
particle_heldout,energy_scale,traditional_dE_E_tail_pedestal_likelihood,pileup_flag,pileup_proxy,204,sigma68,0.10015313441930894
particle_heldout,energy_scale,traditional_dE_E_tail_pedestal_likelihood,pileup_flag,single_proxy,258,sigma68,0.14517102526168335
particle_heldout,energy_scale,traditional_dE_E_tail_pedestal_likelihood,saturation_flag,linear_proxy,446,sigma68,0.11972168967042061
particle_heldout,energy_scale,traditional_dE_E_tail_pedestal_likelihood,energy_bin,energy_high,436,sigma68,0.1156422189053227
particle_heldout,pedestal_noise_color,1d_cnn,tail_amplitude_bin,tail_high,447,auc,0.46158392434988177
particle_heldout,pedestal_noise_color,1d_cnn,pedestal_history_bin,pedestal_memory,121,auc,0.5287698412698412
particle_heldout,pedestal_noise_color,1d_cnn,pedestal_history_bin,pedestal_mid,174,auc,0.3374233128834356
particle_heldout,pedestal_noise_color,1d_cnn,pedestal_history_bin,pedestal_quiet,167,auc,0.7246913580246914
particle_heldout,pedestal_noise_color,1d_cnn,pulse_shape_bin,low_harmonic,212,auc,0.5379166666666667
particle_heldout,pedestal_noise_color,1d_cnn,pulse_shape_bin,mid_harmonic,247,auc,0.4352399737015122
particle_heldout,pedestal_noise_color,1d_cnn,timing_residual_bin,timing_core,136,auc,0.3782051282051282
particle_heldout,pedestal_noise_color,1d_cnn,timing_residual_bin,timing_mid,144,auc,0.46047794117647056
particle_heldout,pedestal_noise_color,1d_cnn,timing_residual_bin,timing_tail,182,auc,0.46943115364168
particle_heldout,pedestal_noise_color,1d_cnn,pileup_flag,pileup_proxy,204,auc,0.4618055555555555
particle_heldout,pedestal_noise_color,1d_cnn,pileup_flag,single_proxy,258,auc,0.46750392464678175
particle_heldout,pedestal_noise_color,1d_cnn,saturation_flag,linear_proxy,446,auc,0.46939178515007896
particle_heldout,pedestal_noise_color,1d_cnn,energy_bin,energy_high,436,auc,0.4892402283706632
particle_heldout,pedestal_noise_color,gradient_boosted_trees,tail_amplitude_bin,tail_high,447,auc,0.6083530338849488
particle_heldout,pedestal_noise_color,gradient_boosted_trees,pedestal_history_bin,pedestal_memory,121,auc,0.5684523809523809
particle_heldout,pedestal_noise_color,gradient_boosted_trees,pedestal_history_bin,pedestal_mid,174,auc,0.7069157836029002
particle_heldout,pedestal_noise_color,gradient_boosted_trees,pedestal_history_bin,pedestal_quiet,167,auc,0.5141975308641976
particle_heldout,pedestal_noise_color,gradient_boosted_trees,pulse_shape_bin,low_harmonic,212,auc,0.698125
particle_heldout,pedestal_noise_color,gradient_boosted_trees,pulse_shape_bin,mid_harmonic,247,auc,0.5486522024983562
particle_heldout,pedestal_noise_color,gradient_boosted_trees,timing_residual_bin,timing_core,136,auc,0.6794871794871795
particle_heldout,pedestal_noise_color,gradient_boosted_trees,timing_residual_bin,timing_mid,144,auc,0.6153492647058824
particle_heldout,pedestal_noise_color,gradient_boosted_trees,timing_residual_bin,timing_tail,182,auc,0.638755980861244
particle_heldout,pedestal_noise_color,gradient_boosted_trees,pileup_flag,pileup_proxy,204,auc,0.7074652777777778
particle_heldout,pedestal_noise_color,gradient_boosted_trees,pileup_flag,single_proxy,258,auc,0.5590266875981162
particle_heldout,pedestal_noise_color,gradient_boosted_trees,saturation_flag,linear_proxy,446,auc,0.6062401263823065
particle_heldout,pedestal_noise_color,gradient_boosted_trees,energy_bin,energy_high,436,auc,0.6186319718928415
particle_heldout,pedestal_noise_color,mlp,tail_amplitude_bin,tail_high,447,auc,0.49763593380614657
particle_heldout,pedestal_noise_color,mlp,pedestal_history_bin,pedestal_memory,121,auc,0.5
particle_heldout,pedestal_noise_color,mlp,pedestal_history_bin,pedestal_mid,174,auc,0.5
particle_heldout,pedestal_noise_color,mlp,pedestal_history_bin,pedestal_quiet,167,auc,0.49382716049382713
particle_heldout,pedestal_noise_color,mlp,pulse_shape_bin,low_harmonic,212,auc,0.495
particle_heldout,pedestal_noise_color,mlp,pulse_shape_bin,mid_harmonic,247,auc,0.5
particle_heldout,pedestal_noise_color,mlp,timing_residual_bin,timing_core,136,auc,0.5
particle_heldout,pedestal_noise_color,mlp,timing_residual_bin,timing_mid,144,auc,0.4963235294117647
particle_heldout,pedestal_noise_color,mlp,timing_residual_bin,timing_tail,182,auc,0.4970760233918129
particle_heldout,pedestal_noise_color,mlp,pileup_flag,pileup_proxy,204,auc,0.4947916666666667
particle_heldout,pedestal_noise_color,mlp,pileup_flag,single_proxy,258,auc,0.5
particle_heldout,pedestal_noise_color,mlp,saturation_flag,linear_proxy,446,auc,0.5
particle_heldout,pedestal_noise_color,mlp,energy_bin,energy_high,436,auc,0.4975845410628019
particle_heldout,pedestal_noise_color,ridge,tail_amplitude_bin,tail_high,447,auc,0.5891449960598897
particle_heldout,pedestal_noise_color,ridge,pedestal_history_bin,pedestal_memory,121,auc,0.6517857142857143
particle_heldout,pedestal_noise_color,ridge,pedestal_history_bin,pedestal_mid,174,auc,0.5013943112102621
particle_heldout,pedestal_noise_color,ridge,pedestal_history_bin,pedestal_quiet,167,auc,0.6395061728395062
particle_heldout,pedestal_noise_color,ridge,pulse_shape_bin,low_harmonic,212,auc,0.6266666666666667
particle_heldout,pedestal_noise_color,ridge,pulse_shape_bin,mid_harmonic,247,auc,0.5453648915187377
particle_heldout,pedestal_noise_color,ridge,timing_residual_bin,timing_core,136,auc,0.6256410256410256
particle_heldout,pedestal_noise_color,ridge,timing_residual_bin,timing_mid,144,auc,0.4632352941176471
particle_heldout,pedestal_noise_color,ridge,timing_residual_bin,timing_tail,182,auc,0.643806485911749
particle_heldout,pedestal_noise_color,ridge,pileup_flag,pileup_proxy,204,auc,0.6323784722222222
particle_heldout,pedestal_noise_color,ridge,pileup_flag,single_proxy,258,auc,0.5500784929356358
particle_heldout,pedestal_noise_color,ridge,saturation_flag,linear_proxy,446,auc,0.5939968404423381
particle_heldout,pedestal_noise_color,ridge,energy_bin,energy_high,436,auc,0.6324110671936759
particle_heldout,pedestal_noise_color,spectral_transformer_new,tail_amplitude_bin,tail_high,447,auc,0.6326832151300237
particle_heldout,pedestal_noise_color,spectral_transformer_new,pedestal_history_bin,pedestal_memory,121,auc,0.5307539682539683
particle_heldout,pedestal_noise_color,spectral_transformer_new,pedestal_history_bin,pedestal_mid,174,auc,0.7546012269938651
particle_heldout,pedestal_noise_color,spectral_transformer_new,pedestal_history_bin,pedestal_quiet,167,auc,0.5037037037037038
particle_heldout,pedestal_noise_color,spectral_transformer_new,pulse_shape_bin,low_harmonic,212,auc,0.6391666666666667
particle_heldout,pedestal_noise_color,spectral_transformer_new,pulse_shape_bin,mid_harmonic,247,auc,0.6479289940828403
particle_heldout,pedestal_noise_color,spectral_transformer_new,timing_residual_bin,timing_core,136,auc,0.5205128205128206
particle_heldout,pedestal_noise_color,spectral_transformer_new,timing_residual_bin,timing_mid,144,auc,0.6112132352941176
particle_heldout,pedestal_noise_color,spectral_transformer_new,timing_residual_bin,timing_tail,182,auc,0.7129186602870814
particle_heldout,pedestal_noise_color,spectral_transformer_new,pileup_flag,pileup_proxy,204,auc,0.6723090277777777
particle_heldout,pedestal_noise_color,spectral_transformer_new,pileup_flag,single_proxy,258,auc,0.6279434850863423
particle_heldout,pedestal_noise_color,spectral_transformer_new,saturation_flag,linear_proxy,446,auc,0.6369470774091627
particle_heldout,pedestal_noise_color,spectral_transformer_new,energy_bin,energy_high,436,auc,0.6725955204216074
particle_heldout,pedestal_noise_color,traditional_dE_E_tail_pedestal_likelihood,tail_amplitude_bin,tail_high,447,auc,0.577127659574468
particle_heldout,pedestal_noise_color,traditional_dE_E_tail_pedestal_likelihood,pedestal_history_bin,pedestal_memory,121,auc,0.6765873015873016
particle_heldout,pedestal_noise_color,traditional_dE_E_tail_pedestal_likelihood,pedestal_history_bin,pedestal_mid,174,auc,0.4991634132738427
particle_heldout,pedestal_noise_color,traditional_dE_E_tail_pedestal_likelihood,pedestal_history_bin,pedestal_quiet,167,auc,0.6012345679012346
particle_heldout,pedestal_noise_color,traditional_dE_E_tail_pedestal_likelihood,pulse_shape_bin,low_harmonic,212,auc,0.6174999999999999
particle_heldout,pedestal_noise_color,traditional_dE_E_tail_pedestal_likelihood,pulse_shape_bin,mid_harmonic,247,auc,0.5361604207758054
particle_heldout,pedestal_noise_color,traditional_dE_E_tail_pedestal_likelihood,timing_residual_bin,timing_core,136,auc,0.6666666666666666
particle_heldout,pedestal_noise_color,traditional_dE_E_tail_pedestal_likelihood,timing_residual_bin,timing_mid,144,auc,0.4522058823529411
particle_heldout,pedestal_noise_color,traditional_dE_E_tail_pedestal_likelihood,timing_residual_bin,timing_tail,182,auc,0.63264221158958
particle_heldout,pedestal_noise_color,traditional_dE_E_tail_pedestal_likelihood,pileup_flag,pileup_proxy,204,auc,0.6254340277777778
particle_heldout,pedestal_noise_color,traditional_dE_E_tail_pedestal_likelihood,pileup_flag,single_proxy,258,auc,0.5416012558869703
particle_heldout,pedestal_noise_color,traditional_dE_E_tail_pedestal_likelihood,saturation_flag,linear_proxy,446,auc,0.5820497630331753
particle_heldout,pedestal_noise_color,traditional_dE_E_tail_pedestal_likelihood,energy_bin,energy_high,436,auc,0.6175889328063241
particle_heldout,pid_separation,1d_cnn,tail_amplitude_bin,tail_high,447,auc,0.4045009185548071
particle_heldout,pid_separation,1d_cnn,pedestal_history_bin,pedestal_memory,121,auc,0.1369047619047619
particle_heldout,pid_separation,1d_cnn,pedestal_history_bin,pedestal_mid,174,auc,0.5805714285714286
particle_heldout,pid_separation,1d_cnn,pedestal_history_bin,pedestal_quiet,167,auc,0.4451570101724901
particle_heldout,pid_separation,1d_cnn,pulse_shape_bin,low_harmonic,212,auc,0.53125
particle_heldout,pid_separation,1d_cnn,pulse_shape_bin,mid_harmonic,247,auc,0.4129502572898799
particle_heldout,pid_separation,1d_cnn,timing_residual_bin,timing_core,136,auc,0.4220032840722495
particle_heldout,pid_separation,1d_cnn,timing_residual_bin,timing_mid,144,auc,0.459849157054126
particle_heldout,pid_separation,1d_cnn,timing_residual_bin,timing_tail,182,auc,0.5912921348314607
particle_heldout,pid_separation,1d_cnn,pileup_flag,pileup_proxy,204,auc,0.4443298969072165
particle_heldout,pid_separation,1d_cnn,pileup_flag,single_proxy,258,auc,0.43181969283957183
particle_heldout,pid_separation,1d_cnn,saturation_flag,linear_proxy,446,auc,0.41256648936170215
particle_heldout,pid_separation,1d_cnn,energy_bin,energy_high,436,auc,0.424717607973422
particle_heldout,pid_separation,gradient_boosted_trees,tail_amplitude_bin,tail_high,447,auc,0.9304500918554808
particle_heldout,pid_separation,gradient_boosted_trees,pedestal_history_bin,pedestal_memory,121,auc,0.9383928571428571
particle_heldout,pid_separation,gradient_boosted_trees,pedestal_history_bin,pedestal_mid,174,auc,0.9359183673469388
particle_heldout,pid_separation,gradient_boosted_trees,pedestal_history_bin,pedestal_quiet,167,auc,0.9272445820433437
particle_heldout,pid_separation,gradient_boosted_trees,pulse_shape_bin,low_harmonic,212,auc,0.8955269607843137
particle_heldout,pid_separation,gradient_boosted_trees,pulse_shape_bin,mid_harmonic,247,auc,0.902229845626072
particle_heldout,pid_separation,gradient_boosted_trees,timing_residual_bin,timing_core,136,auc,0.9265775275627492
particle_heldout,pid_separation,gradient_boosted_trees,timing_residual_bin,timing_mid,144,auc,0.8408385093167702
particle_heldout,pid_separation,gradient_boosted_trees,timing_residual_bin,timing_tail,182,auc,0.9698033707865169
particle_heldout,pid_separation,gradient_boosted_trees,pileup_flag,pileup_proxy,204,auc,0.9682989690721651
particle_heldout,pid_separation,gradient_boosted_trees,pileup_flag,single_proxy,258,auc,0.8908649690845024
particle_heldout,pid_separation,gradient_boosted_trees,saturation_flag,linear_proxy,446,auc,0.9421844777562862
particle_heldout,pid_separation,gradient_boosted_trees,energy_bin,energy_high,436,auc,0.9329401993355482
particle_heldout,pid_separation,mlp,tail_amplitude_bin,tail_high,447,auc,0.7951622780159217
particle_heldout,pid_separation,mlp,pedestal_history_bin,pedestal_memory,121,auc,0.8285714285714285
particle_heldout,pid_separation,mlp,pedestal_history_bin,pedestal_mid,174,auc,0.808
particle_heldout,pid_separation,mlp,pedestal_history_bin,pedestal_quiet,167,auc,0.7535382574082264
particle_heldout,pid_separation,mlp,pulse_shape_bin,low_harmonic,212,auc,0.5723039215686275
particle_heldout,pid_separation,mlp,pulse_shape_bin,mid_harmonic,247,auc,0.7389937106918238
particle_heldout,pid_separation,mlp,timing_residual_bin,timing_core,136,auc,0.6334740792868871
particle_heldout,pid_separation,mlp,timing_residual_bin,timing_mid,144,auc,0.6912156166814551
particle_heldout,pid_separation,mlp,timing_residual_bin,timing_tail,182,auc,0.9550561797752809
particle_heldout,pid_separation,mlp,pileup_flag,pileup_proxy,204,auc,0.7164948453608248
particle_heldout,pid_separation,mlp,pileup_flag,single_proxy,258,auc,0.6538461538461539
particle_heldout,pid_separation,mlp,saturation_flag,linear_proxy,446,auc,0.8196022727272727
particle_heldout,pid_separation,mlp,energy_bin,energy_high,436,auc,0.8039867109634551
particle_heldout,pid_separation,ridge,tail_amplitude_bin,tail_high,447,auc,0.9398040416411513
particle_heldout,pid_separation,ridge,pedestal_history_bin,pedestal_memory,121,auc,0.9821428571428572
particle_heldout,pid_separation,ridge,pedestal_history_bin,pedestal_mid,174,auc,0.9555918367346938
particle_heldout,pid_separation,ridge,pedestal_history_bin,pedestal_quiet,167,auc,0.867315347191508
particle_heldout,pid_separation,ridge,pulse_shape_bin,low_harmonic,212,auc,0.5919117647058824
particle_heldout,pid_separation,ridge,pulse_shape_bin,mid_harmonic,247,auc,0.9296026300743281
particle_heldout,pid_separation,ridge,timing_residual_bin,timing_core,136,auc,0.9495660333098757
particle_heldout,pid_separation,ridge,timing_residual_bin,timing_mid,144,auc,0.8571428571428571
particle_heldout,pid_separation,ridge,timing_residual_bin,timing_tail,182,auc,0.9859550561797753
particle_heldout,pid_separation,ridge,pileup_flag,pileup_proxy,204,auc,0.7283505154639175
particle_heldout,pid_separation,ridge,pileup_flag,single_proxy,258,auc,0.9377700950734658
particle_heldout,pid_separation,ridge,saturation_flag,linear_proxy,446,auc,0.9665135396518375
particle_heldout,pid_separation,ridge,energy_bin,energy_high,436,auc,0.939235880398671
particle_heldout,pid_separation,spectral_transformer_new,tail_amplitude_bin,tail_high,447,auc,0.586344151867728
particle_heldout,pid_separation,spectral_transformer_new,pedestal_history_bin,pedestal_memory,121,auc,0.831547619047619
particle_heldout,pid_separation,spectral_transformer_new,pedestal_history_bin,pedestal_mid,174,auc,0.6238367346938776
particle_heldout,pid_separation,spectral_transformer_new,pedestal_history_bin,pedestal_quiet,167,auc,0.5103936311366652
particle_heldout,pid_separation,spectral_transformer_new,pulse_shape_bin,low_harmonic,212,auc,0.2113970588235294
particle_heldout,pid_separation,spectral_transformer_new,pulse_shape_bin,mid_harmonic,247,auc,0.5568896512292738
particle_heldout,pid_separation,spectral_transformer_new,timing_residual_bin,timing_core,136,auc,0.5836265540699038
particle_heldout,pid_separation,spectral_transformer_new,timing_residual_bin,timing_mid,144,auc,0.4953416149068323
particle_heldout,pid_separation,spectral_transformer_new,timing_residual_bin,timing_tail,182,auc,0.49016853932584276
particle_heldout,pid_separation,spectral_transformer_new,pileup_flag,pileup_proxy,204,auc,0.3010309278350516
particle_heldout,pid_separation,spectral_transformer_new,pileup_flag,single_proxy,258,auc,0.5635263612791703
particle_heldout,pid_separation,spectral_transformer_new,saturation_flag,linear_proxy,446,auc,0.5947775628626693
particle_heldout,pid_separation,spectral_transformer_new,energy_bin,energy_high,436,auc,0.6044186046511629
particle_heldout,pid_separation,traditional_dE_E_tail_pedestal_likelihood,tail_amplitude_bin,tail_high,447,auc,0.926056338028169
particle_heldout,pid_separation,traditional_dE_E_tail_pedestal_likelihood,pedestal_history_bin,pedestal_memory,121,auc,0.9672619047619048
particle_heldout,pid_separation,traditional_dE_E_tail_pedestal_likelihood,pedestal_history_bin,pedestal_mid,174,auc,0.9479183673469387
particle_heldout,pid_separation,traditional_dE_E_tail_pedestal_likelihood,pedestal_history_bin,pedestal_quiet,167,auc,0.8502874834144183
particle_heldout,pid_separation,traditional_dE_E_tail_pedestal_likelihood,pulse_shape_bin,low_harmonic,212,auc,0.4950980392156863
particle_heldout,pid_separation,traditional_dE_E_tail_pedestal_likelihood,pulse_shape_bin,mid_harmonic,247,auc,0.9138078902229845
particle_heldout,pid_separation,traditional_dE_E_tail_pedestal_likelihood,timing_residual_bin,timing_core,136,auc,0.9343185550082103
particle_heldout,pid_separation,traditional_dE_E_tail_pedestal_likelihood,timing_residual_bin,timing_mid,144,auc,0.8518189884649511
particle_heldout,pid_separation,traditional_dE_E_tail_pedestal_likelihood,timing_residual_bin,timing_tail,182,auc,0.9817415730337079
particle_heldout,pid_separation,traditional_dE_E_tail_pedestal_likelihood,pileup_flag,pileup_proxy,204,auc,0.6350515463917525
particle_heldout,pid_separation,traditional_dE_E_tail_pedestal_likelihood,pileup_flag,single_proxy,258,auc,0.925004986370587
particle_heldout,pid_separation,traditional_dE_E_tail_pedestal_likelihood,saturation_flag,linear_proxy,446,auc,0.9597437137330754
particle_heldout,pid_separation,traditional_dE_E_tail_pedestal_likelihood,energy_bin,energy_high,436,auc,0.9302657807308969
particle_heldout,pileup_sideband,1d_cnn,tail_amplitude_bin,tail_high,447,auc,0.8646595271772075
particle_heldout,pileup_sideband,1d_cnn,pedestal_history_bin,pedestal_memory,121,auc,0.9953551912568306
particle_heldout,pileup_sideband,1d_cnn,pedestal_history_bin,pedestal_mid,174,auc,0.9525265957446808
particle_heldout,pileup_sideband,1d_cnn,pedestal_history_bin,pedestal_quiet,167,auc,0.9960558252427185
particle_heldout,pileup_sideband,1d_cnn,pulse_shape_bin,low_harmonic,212,auc,0.9142185663924794
particle_heldout,pileup_sideband,1d_cnn,pulse_shape_bin,mid_harmonic,247,auc,0.791715976331361
particle_heldout,pileup_sideband,1d_cnn,timing_residual_bin,timing_core,136,auc,0.7829457364341086
particle_heldout,pileup_sideband,1d_cnn,timing_residual_bin,timing_mid,144,auc,0.7578226857887875
particle_heldout,pileup_sideband,1d_cnn,timing_residual_bin,timing_tail,182,auc,0.7134502923976609
particle_heldout,pileup_sideband,1d_cnn,pileup_flag,pileup_proxy,204,auc,
particle_heldout,pileup_sideband,1d_cnn,pileup_flag,single_proxy,258,auc,
particle_heldout,pileup_sideband,1d_cnn,saturation_flag,linear_proxy,446,auc,0.8674335629921259
particle_heldout,pileup_sideband,1d_cnn,energy_bin,energy_high,436,auc,0.8506600660066006
particle_heldout,pileup_sideband,gradient_boosted_trees,tail_amplitude_bin,tail_high,447,auc,0.9959789856536674
particle_heldout,pileup_sideband,gradient_boosted_trees,pedestal_history_bin,pedestal_memory,121,auc,0.9984972677595628
particle_heldout,pileup_sideband,gradient_boosted_trees,pedestal_history_bin,pedestal_mid,174,auc,0.9948803191489362
particle_heldout,pileup_sideband,gradient_boosted_trees,pedestal_history_bin,pedestal_quiet,167,auc,0.9972694174757282
particle_heldout,pileup_sideband,gradient_boosted_trees,pulse_shape_bin,low_harmonic,212,auc,0.999804151978065
particle_heldout,pileup_sideband,gradient_boosted_trees,pulse_shape_bin,mid_harmonic,247,auc,0.9923922231614539
particle_heldout,pileup_sideband,gradient_boosted_trees,timing_residual_bin,timing_core,136,auc,0.9944629014396457
particle_heldout,pileup_sideband,gradient_boosted_trees,timing_residual_bin,timing_mid,144,auc,0.984354628422425
particle_heldout,pileup_sideband,gradient_boosted_trees,timing_residual_bin,timing_tail,182,auc,0.9848484848484848
particle_heldout,pileup_sideband,gradient_boosted_trees,pileup_flag,pileup_proxy,204,auc,
particle_heldout,pileup_sideband,gradient_boosted_trees,pileup_flag,single_proxy,258,auc,
particle_heldout,pileup_sideband,gradient_boosted_trees,saturation_flag,linear_proxy,446,auc,0.9973343175853019
particle_heldout,pileup_sideband,gradient_boosted_trees,energy_bin,energy_high,436,auc,0.9954726241854955
particle_heldout,pileup_sideband,mlp,tail_amplitude_bin,tail_high,447,auc,0.9377753081430592
particle_heldout,pileup_sideband,mlp,pedestal_history_bin,pedestal_memory,121,auc,0.9098360655737705
particle_heldout,pileup_sideband,mlp,pedestal_history_bin,pedestal_mid,174,auc,0.9493351063829787
particle_heldout,pileup_sideband,mlp,pedestal_history_bin,pedestal_quiet,167,auc,0.9288531553398058
particle_heldout,pileup_sideband,mlp,pulse_shape_bin,low_harmonic,212,auc,0.9579905992949471
particle_heldout,pileup_sideband,mlp,pulse_shape_bin,mid_harmonic,247,auc,0.9324175824175825
particle_heldout,pileup_sideband,mlp,timing_residual_bin,timing_core,136,auc,0.845514950166113
particle_heldout,pileup_sideband,mlp,timing_residual_bin,timing_mid,144,auc,0.8679921773142112
particle_heldout,pileup_sideband,mlp,timing_residual_bin,timing_tail,182,auc,0.7185007974481659
particle_heldout,pileup_sideband,mlp,pileup_flag,pileup_proxy,204,auc,
particle_heldout,pileup_sideband,mlp,pileup_flag,single_proxy,258,auc,
particle_heldout,pileup_sideband,mlp,saturation_flag,linear_proxy,446,auc,0.9462762467191601
particle_heldout,pileup_sideband,mlp,energy_bin,energy_high,436,auc,0.9307142252686808
particle_heldout,pileup_sideband,ridge,tail_amplitude_bin,tail_high,447,auc,0.9979187714689837
particle_heldout,pileup_sideband,ridge,pedestal_history_bin,pedestal_memory,121,auc,0.9983606557377049
particle_heldout,pileup_sideband,ridge,pedestal_history_bin,pedestal_mid,174,auc,0.9962765957446809
particle_heldout,pileup_sideband,ridge,pedestal_history_bin,pedestal_quiet,167,auc,0.9992415048543689
particle_heldout,pileup_sideband,ridge,pulse_shape_bin,low_harmonic,212,auc,1.0
particle_heldout,pileup_sideband,ridge,pulse_shape_bin,mid_harmonic,247,auc,0.993491124260355
particle_heldout,pileup_sideband,ridge,timing_residual_bin,timing_core,136,auc,0.9955703211517164
particle_heldout,pileup_sideband,ridge,timing_residual_bin,timing_mid,144,auc,0.9885919165580183
particle_heldout,pileup_sideband,ridge,timing_residual_bin,timing_tail,182,auc,0.9962785752259437
particle_heldout,pileup_sideband,ridge,pileup_flag,pileup_proxy,204,auc,
particle_heldout,pileup_sideband,ridge,pileup_flag,single_proxy,258,auc,
particle_heldout,pileup_sideband,ridge,saturation_flag,linear_proxy,446,auc,0.9980314960629921
particle_heldout,pileup_sideband,ridge,energy_bin,energy_high,436,auc,0.9976516882457477
particle_heldout,pileup_sideband,spectral_transformer_new,tail_amplitude_bin,tail_high,447,auc,0.8953121842796524
particle_heldout,pileup_sideband,spectral_transformer_new,pedestal_history_bin,pedestal_memory,121,auc,0.9822404371584699
particle_heldout,pileup_sideband,spectral_transformer_new,pedestal_history_bin,pedestal_mid,174,auc,0.9029255319148936
particle_heldout,pileup_sideband,spectral_transformer_new,pedestal_history_bin,pedestal_quiet,167,auc,0.9868021844660193
particle_heldout,pileup_sideband,spectral_transformer_new,pulse_shape_bin,low_harmonic,212,auc,0.958578143360752
particle_heldout,pileup_sideband,spectral_transformer_new,pulse_shape_bin,mid_harmonic,247,auc,0.7668639053254438
particle_heldout,pileup_sideband,spectral_transformer_new,timing_residual_bin,timing_core,136,auc,0.8737541528239202
particle_heldout,pileup_sideband,spectral_transformer_new,timing_residual_bin,timing_mid,144,auc,0.8373533246414602
particle_heldout,pileup_sideband,spectral_transformer_new,timing_residual_bin,timing_tail,182,auc,0.8894205209994683
particle_heldout,pileup_sideband,spectral_transformer_new,pileup_flag,pileup_proxy,204,auc,
particle_heldout,pileup_sideband,spectral_transformer_new,pileup_flag,single_proxy,258,auc,
particle_heldout,pileup_sideband,spectral_transformer_new,saturation_flag,linear_proxy,446,auc,0.8946440288713912
particle_heldout,pileup_sideband,spectral_transformer_new,energy_bin,energy_high,436,auc,0.8950875856816451
particle_heldout,pileup_sideband,traditional_dE_E_tail_pedestal_likelihood,tail_amplitude_bin,tail_high,447,auc,0.9978985653667408
particle_heldout,pileup_sideband,traditional_dE_E_tail_pedestal_likelihood,pedestal_history_bin,pedestal_memory,121,auc,0.9983606557377049
particle_heldout,pileup_sideband,traditional_dE_E_tail_pedestal_likelihood,pedestal_history_bin,pedestal_mid,174,auc,0.9962765957446809
particle_heldout,pileup_sideband,traditional_dE_E_tail_pedestal_likelihood,pedestal_history_bin,pedestal_quiet,167,auc,0.9992415048543689
particle_heldout,pileup_sideband,traditional_dE_E_tail_pedestal_likelihood,pulse_shape_bin,low_harmonic,212,auc,1.0
particle_heldout,pileup_sideband,traditional_dE_E_tail_pedestal_likelihood,pulse_shape_bin,mid_harmonic,247,auc,0.9933220625528318
particle_heldout,pileup_sideband,traditional_dE_E_tail_pedestal_likelihood,timing_residual_bin,timing_core,136,auc,0.9955703211517164
particle_heldout,pileup_sideband,traditional_dE_E_tail_pedestal_likelihood,timing_residual_bin,timing_mid,144,auc,0.9885919165580183
particle_heldout,pileup_sideband,traditional_dE_E_tail_pedestal_likelihood,timing_residual_bin,timing_tail,182,auc,0.9968102073365231
particle_heldout,pileup_sideband,traditional_dE_E_tail_pedestal_likelihood,pileup_flag,pileup_proxy,204,auc,
particle_heldout,pileup_sideband,traditional_dE_E_tail_pedestal_likelihood,pileup_flag,single_proxy,258,auc,
particle_heldout,pileup_sideband,traditional_dE_E_tail_pedestal_likelihood,saturation_flag,linear_proxy,446,auc,0.9979904855643045
particle_heldout,pileup_sideband,traditional_dE_E_tail_pedestal_likelihood,energy_bin,energy_high,436,auc,0.9976305322839976
particle_heldout,pulse_shape_harmonics,1d_cnn,tail_amplitude_bin,tail_high,447,auc,0.7130309445520473
particle_heldout,pulse_shape_harmonics,1d_cnn,pedestal_history_bin,pedestal_memory,121,auc,0.7135531135531136
particle_heldout,pulse_shape_harmonics,1d_cnn,pedestal_history_bin,pedestal_mid,174,auc,0.872996632996633
particle_heldout,pulse_shape_harmonics,1d_cnn,pedestal_history_bin,pedestal_quiet,167,auc,0.5683946488294315
particle_heldout,pulse_shape_harmonics,1d_cnn,pulse_shape_bin,low_harmonic,212,auc,0.44218750000000007
particle_heldout,pulse_shape_harmonics,1d_cnn,pulse_shape_bin,mid_harmonic,247,auc,0.7178047814027209
particle_heldout,pulse_shape_harmonics,1d_cnn,timing_residual_bin,timing_core,136,auc,0.7289496527777779
particle_heldout,pulse_shape_harmonics,1d_cnn,timing_residual_bin,timing_mid,144,auc,0.6952772878698804
particle_heldout,pulse_shape_harmonics,1d_cnn,timing_residual_bin,timing_tail,182,auc,0.5335227272727272
particle_heldout,pulse_shape_harmonics,1d_cnn,pileup_flag,pileup_proxy,204,auc,0.580324074074074
particle_heldout,pulse_shape_harmonics,1d_cnn,pileup_flag,single_proxy,258,auc,0.6920902255639098
particle_heldout,pulse_shape_harmonics,1d_cnn,saturation_flag,linear_proxy,446,auc,0.7034040671971707
particle_heldout,pulse_shape_harmonics,1d_cnn,energy_bin,energy_high,436,auc,0.7407098021432492
particle_heldout,pulse_shape_harmonics,gradient_boosted_trees,tail_amplitude_bin,tail_high,447,auc,1.0
particle_heldout,pulse_shape_harmonics,gradient_boosted_trees,pedestal_history_bin,pedestal_memory,121,auc,1.0
particle_heldout,pulse_shape_harmonics,gradient_boosted_trees,pedestal_history_bin,pedestal_mid,174,auc,1.0
particle_heldout,pulse_shape_harmonics,gradient_boosted_trees,pedestal_history_bin,pedestal_quiet,167,auc,1.0
particle_heldout,pulse_shape_harmonics,gradient_boosted_trees,pulse_shape_bin,low_harmonic,212,auc,1.0
particle_heldout,pulse_shape_harmonics,gradient_boosted_trees,pulse_shape_bin,mid_harmonic,247,auc,1.0
particle_heldout,pulse_shape_harmonics,gradient_boosted_trees,timing_residual_bin,timing_core,136,auc,1.0
particle_heldout,pulse_shape_harmonics,gradient_boosted_trees,timing_residual_bin,timing_mid,144,auc,1.0
particle_heldout,pulse_shape_harmonics,gradient_boosted_trees,timing_residual_bin,timing_tail,182,auc,1.0
particle_heldout,pulse_shape_harmonics,gradient_boosted_trees,pileup_flag,pileup_proxy,204,auc,1.0
particle_heldout,pulse_shape_harmonics,gradient_boosted_trees,pileup_flag,single_proxy,258,auc,1.0
particle_heldout,pulse_shape_harmonics,gradient_boosted_trees,saturation_flag,linear_proxy,446,auc,1.0
particle_heldout,pulse_shape_harmonics,gradient_boosted_trees,energy_bin,energy_high,436,auc,1.0
particle_heldout,pulse_shape_harmonics,mlp,tail_amplitude_bin,tail_high,447,auc,0.6778523489932885
particle_heldout,pulse_shape_harmonics,mlp,pedestal_history_bin,pedestal_memory,121,auc,0.5864468864468865
particle_heldout,pulse_shape_harmonics,mlp,pedestal_history_bin,pedestal_mid,174,auc,0.7090909090909091
particle_heldout,pulse_shape_harmonics,mlp,pedestal_history_bin,pedestal_quiet,167,auc,0.7102842809364548
particle_heldout,pulse_shape_harmonics,mlp,pulse_shape_bin,low_harmonic,212,auc,0.4385416666666667
particle_heldout,pulse_shape_harmonics,mlp,pulse_shape_bin,mid_harmonic,247,auc,0.5575221238938053
particle_heldout,pulse_shape_harmonics,mlp,timing_residual_bin,timing_core,136,auc,0.5546875
particle_heldout,pulse_shape_harmonics,mlp,timing_residual_bin,timing_mid,144,auc,0.5864197530864197
particle_heldout,pulse_shape_harmonics,mlp,timing_residual_bin,timing_tail,182,auc,0.5176136363636363
particle_heldout,pulse_shape_harmonics,mlp,pileup_flag,pileup_proxy,204,auc,0.525
particle_heldout,pulse_shape_harmonics,mlp,pileup_flag,single_proxy,258,auc,0.556
particle_heldout,pulse_shape_harmonics,mlp,saturation_flag,linear_proxy,446,auc,0.6812334217506631
particle_heldout,pulse_shape_harmonics,mlp,energy_bin,energy_high,436,auc,0.6829637938852956
particle_heldout,pulse_shape_harmonics,ridge,tail_amplitude_bin,tail_high,447,auc,0.8771001306247467
particle_heldout,pulse_shape_harmonics,ridge,pedestal_history_bin,pedestal_memory,121,auc,0.7787545787545788
particle_heldout,pulse_shape_harmonics,ridge,pedestal_history_bin,pedestal_mid,174,auc,0.908956228956229
particle_heldout,pulse_shape_harmonics,ridge,pedestal_history_bin,pedestal_quiet,167,auc,0.9085284280936455
particle_heldout,pulse_shape_harmonics,ridge,pulse_shape_bin,low_harmonic,212,auc,0.56796875
particle_heldout,pulse_shape_harmonics,ridge,pulse_shape_bin,mid_harmonic,247,auc,0.8757099458459913
particle_heldout,pulse_shape_harmonics,ridge,timing_residual_bin,timing_core,136,auc,0.939670138888889
particle_heldout,pulse_shape_harmonics,ridge,timing_residual_bin,timing_mid,144,auc,0.913188320595728
particle_heldout,pulse_shape_harmonics,ridge,timing_residual_bin,timing_tail,182,auc,0.6937500000000001
particle_heldout,pulse_shape_harmonics,ridge,pileup_flag,pileup_proxy,204,auc,0.6928240740740741
particle_heldout,pulse_shape_harmonics,ridge,pileup_flag,single_proxy,258,auc,0.9451428571428572
particle_heldout,pulse_shape_harmonics,ridge,saturation_flag,linear_proxy,446,auc,0.8839522546419099
particle_heldout,pulse_shape_harmonics,ridge,energy_bin,energy_high,436,auc,0.8726222582877873
particle_heldout,pulse_shape_harmonics,spectral_transformer_new,tail_amplitude_bin,tail_high,447,auc,0.6215936219089231
particle_heldout,pulse_shape_harmonics,spectral_transformer_new,pedestal_history_bin,pedestal_memory,121,auc,0.7073260073260074
particle_heldout,pulse_shape_harmonics,spectral_transformer_new,pedestal_history_bin,pedestal_mid,174,auc,0.7311784511784511
particle_heldout,pulse_shape_harmonics,spectral_transformer_new,pedestal_history_bin,pedestal_quiet,167,auc,0.5605351170568562
particle_heldout,pulse_shape_harmonics,spectral_transformer_new,pulse_shape_bin,low_harmonic,212,auc,0.5026041666666666
particle_heldout,pulse_shape_harmonics,spectral_transformer_new,pulse_shape_bin,mid_harmonic,247,auc,0.5422665433892484
particle_heldout,pulse_shape_harmonics,spectral_transformer_new,timing_residual_bin,timing_core,136,auc,0.5750868055555556
particle_heldout,pulse_shape_harmonics,spectral_transformer_new,timing_residual_bin,timing_mid,144,auc,0.5631981187536743
particle_heldout,pulse_shape_harmonics,spectral_transformer_new,timing_residual_bin,timing_tail,182,auc,0.5661931818181818
particle_heldout,pulse_shape_harmonics,spectral_transformer_new,pileup_flag,pileup_proxy,204,auc,0.5689814814814814
particle_heldout,pulse_shape_harmonics,spectral_transformer_new,pileup_flag,single_proxy,258,auc,0.5514586466165413
particle_heldout,pulse_shape_harmonics,spectral_transformer_new,saturation_flag,linear_proxy,446,auc,0.607183908045977
particle_heldout,pulse_shape_harmonics,spectral_transformer_new,energy_bin,energy_high,436,auc,0.6378433852836582
particle_heldout,pulse_shape_harmonics,traditional_dE_E_tail_pedestal_likelihood,tail_amplitude_bin,tail_high,447,auc,0.8792171523805233
particle_heldout,pulse_shape_harmonics,traditional_dE_E_tail_pedestal_likelihood,pedestal_history_bin,pedestal_memory,121,auc,0.7765567765567766
particle_heldout,pulse_shape_harmonics,traditional_dE_E_tail_pedestal_likelihood,pedestal_history_bin,pedestal_mid,174,auc,0.9136700336700336
particle_heldout,pulse_shape_harmonics,traditional_dE_E_tail_pedestal_likelihood,pedestal_history_bin,pedestal_quiet,167,auc,0.9088628762541806
particle_heldout,pulse_shape_harmonics,traditional_dE_E_tail_pedestal_likelihood,pulse_shape_bin,low_harmonic,212,auc,0.6007812499999999
particle_heldout,pulse_shape_harmonics,traditional_dE_E_tail_pedestal_likelihood,pulse_shape_bin,mid_harmonic,247,auc,0.870030379078061
particle_heldout,pulse_shape_harmonics,traditional_dE_E_tail_pedestal_likelihood,timing_residual_bin,timing_core,136,auc,0.9483506944444444
particle_heldout,pulse_shape_harmonics,traditional_dE_E_tail_pedestal_likelihood,timing_residual_bin,timing_mid,144,auc,0.9059376837154615
particle_heldout,pulse_shape_harmonics,traditional_dE_E_tail_pedestal_likelihood,timing_residual_bin,timing_tail,182,auc,0.7176136363636364
particle_heldout,pulse_shape_harmonics,traditional_dE_E_tail_pedestal_likelihood,pileup_flag,pileup_proxy,204,auc,0.7134259259259259
particle_heldout,pulse_shape_harmonics,traditional_dE_E_tail_pedestal_likelihood,pileup_flag,single_proxy,258,auc,0.9467067669172933
particle_heldout,pulse_shape_harmonics,traditional_dE_E_tail_pedestal_likelihood,saturation_flag,linear_proxy,446,auc,0.8851900972590627
particle_heldout,pulse_shape_harmonics,traditional_dE_E_tail_pedestal_likelihood,energy_bin,energy_high,436,auc,0.8744838778968472
particle_heldout,saturation_clipping,1d_cnn,tail_amplitude_bin,tail_high,447,auc,0.8030651340996169
particle_heldout,saturation_clipping,1d_cnn,pedestal_history_bin,pedestal_memory,121,auc,0.5
particle_heldout,saturation_clipping,1d_cnn,pedestal_history_bin,pedestal_mid,174,auc,0.23121387283236994
particle_heldout,saturation_clipping,1d_cnn,pedestal_history_bin,pedestal_quiet,167,auc,0.8586413586413586
particle_heldout,saturation_clipping,1d_cnn,pulse_shape_bin,low_harmonic,212,auc,0.8239795918367347
particle_heldout,saturation_clipping,1d_cnn,pulse_shape_bin,mid_harmonic,247,auc,
particle_heldout,saturation_clipping,1d_cnn,timing_residual_bin,timing_core,136,auc,0.9701492537313433
particle_heldout,saturation_clipping,1d_cnn,timing_residual_bin,timing_mid,144,auc,0.851028806584362
particle_heldout,saturation_clipping,1d_cnn,timing_residual_bin,timing_tail,182,auc,0.7966101694915254
particle_heldout,saturation_clipping,1d_cnn,pileup_flag,pileup_proxy,204,auc,0.91796875
particle_heldout,saturation_clipping,1d_cnn,pileup_flag,single_proxy,258,auc,0.7509842519685038
particle_heldout,saturation_clipping,1d_cnn,saturation_flag,linear_proxy,446,auc,
particle_heldout,saturation_clipping,1d_cnn,energy_bin,energy_high,436,auc,0.8259683578832515
particle_heldout,saturation_clipping,gradient_boosted_trees,tail_amplitude_bin,tail_high,447,auc,1.0
particle_heldout,saturation_clipping,gradient_boosted_trees,pedestal_history_bin,pedestal_memory,121,auc,1.0
particle_heldout,saturation_clipping,gradient_boosted_trees,pedestal_history_bin,pedestal_mid,174,auc,1.0
particle_heldout,saturation_clipping,gradient_boosted_trees,pedestal_history_bin,pedestal_quiet,167,auc,1.0
particle_heldout,saturation_clipping,gradient_boosted_trees,pulse_shape_bin,low_harmonic,212,auc,1.0
particle_heldout,saturation_clipping,gradient_boosted_trees,pulse_shape_bin,mid_harmonic,247,auc,
particle_heldout,saturation_clipping,gradient_boosted_trees,timing_residual_bin,timing_core,136,auc,1.0
particle_heldout,saturation_clipping,gradient_boosted_trees,timing_residual_bin,timing_mid,144,auc,1.0
particle_heldout,saturation_clipping,gradient_boosted_trees,timing_residual_bin,timing_tail,182,auc,1.0
particle_heldout,saturation_clipping,gradient_boosted_trees,pileup_flag,pileup_proxy,204,auc,1.0
particle_heldout,saturation_clipping,gradient_boosted_trees,pileup_flag,single_proxy,258,auc,0.9999999999999999
particle_heldout,saturation_clipping,gradient_boosted_trees,saturation_flag,linear_proxy,446,auc,
particle_heldout,saturation_clipping,gradient_boosted_trees,energy_bin,energy_high,436,auc,1.0
particle_heldout,saturation_clipping,mlp,tail_amplitude_bin,tail_high,447,auc,0.5833333333333334
particle_heldout,saturation_clipping,mlp,pedestal_history_bin,pedestal_memory,121,auc,0.5
particle_heldout,saturation_clipping,mlp,pedestal_history_bin,pedestal_mid,174,auc,0.5
particle_heldout,saturation_clipping,mlp,pedestal_history_bin,pedestal_quiet,167,auc,0.6923076923076923
particle_heldout,saturation_clipping,mlp,pulse_shape_bin,low_harmonic,212,auc,0.65625
particle_heldout,saturation_clipping,mlp,pulse_shape_bin,mid_harmonic,247,auc,
particle_heldout,saturation_clipping,mlp,timing_residual_bin,timing_core,136,auc,1.0
particle_heldout,saturation_clipping,mlp,timing_residual_bin,timing_mid,144,auc,0.6666666666666666
particle_heldout,saturation_clipping,mlp,timing_residual_bin,timing_tail,182,auc,0.5
particle_heldout,saturation_clipping,mlp,pileup_flag,pileup_proxy,204,auc,0.6666666666666666
particle_heldout,saturation_clipping,mlp,pileup_flag,single_proxy,258,auc,0.625
particle_heldout,saturation_clipping,mlp,saturation_flag,linear_proxy,446,auc,
particle_heldout,saturation_clipping,mlp,energy_bin,energy_high,436,auc,0.6538461538461539
particle_heldout,saturation_clipping,ridge,tail_amplitude_bin,tail_high,447,auc,0.7262452107279693
particle_heldout,saturation_clipping,ridge,pedestal_history_bin,pedestal_memory,121,auc,0.31092436974789917
particle_heldout,saturation_clipping,ridge,pedestal_history_bin,pedestal_mid,174,auc,0.9942196531791907
particle_heldout,saturation_clipping,ridge,pedestal_history_bin,pedestal_quiet,167,auc,0.8406593406593407
particle_heldout,saturation_clipping,ridge,pulse_shape_bin,low_harmonic,212,auc,0.7694515306122449
particle_heldout,saturation_clipping,ridge,pulse_shape_bin,mid_harmonic,247,auc,
particle_heldout,saturation_clipping,ridge,timing_residual_bin,timing_core,136,auc,0.9962686567164178
particle_heldout,saturation_clipping,ridge,timing_residual_bin,timing_mid,144,auc,0.9860082304526749
particle_heldout,saturation_clipping,ridge,timing_residual_bin,timing_tail,182,auc,0.32090395480225986
particle_heldout,saturation_clipping,ridge,pileup_flag,pileup_proxy,204,auc,0.7178819444444444
particle_heldout,saturation_clipping,ridge,pileup_flag,single_proxy,258,auc,0.9812992125984251
particle_heldout,saturation_clipping,ridge,saturation_flag,linear_proxy,446,auc,
particle_heldout,saturation_clipping,ridge,energy_bin,energy_high,436,auc,0.7483178759774505
particle_heldout,saturation_clipping,spectral_transformer_new,tail_amplitude_bin,tail_high,447,auc,0.8319923371647511
particle_heldout,saturation_clipping,spectral_transformer_new,pedestal_history_bin,pedestal_memory,121,auc,0.8403361344537815
particle_heldout,saturation_clipping,spectral_transformer_new,pedestal_history_bin,pedestal_mid,174,auc,0.3005780346820809
particle_heldout,saturation_clipping,spectral_transformer_new,pedestal_history_bin,pedestal_quiet,167,auc,0.8991008991008991
particle_heldout,saturation_clipping,spectral_transformer_new,pulse_shape_bin,low_harmonic,212,auc,0.836734693877551
particle_heldout,saturation_clipping,spectral_transformer_new,pulse_shape_bin,mid_harmonic,247,auc,
particle_heldout,saturation_clipping,spectral_transformer_new,timing_residual_bin,timing_core,136,auc,0.9291044776119404
particle_heldout,saturation_clipping,spectral_transformer_new,timing_residual_bin,timing_mid,144,auc,0.9102880658436213
particle_heldout,saturation_clipping,spectral_transformer_new,timing_residual_bin,timing_tail,182,auc,0.7423728813559323
particle_heldout,saturation_clipping,spectral_transformer_new,pileup_flag,pileup_proxy,204,auc,0.8858506944444444
particle_heldout,saturation_clipping,spectral_transformer_new,pileup_flag,single_proxy,258,auc,0.7854330708661417
particle_heldout,saturation_clipping,spectral_transformer_new,saturation_flag,linear_proxy,446,auc,
particle_heldout,saturation_clipping,spectral_transformer_new,energy_bin,energy_high,436,auc,0.8497908710674669
particle_heldout,saturation_clipping,traditional_dE_E_tail_pedestal_likelihood,tail_amplitude_bin,tail_high,447,auc,0.7227969348659004
particle_heldout,saturation_clipping,traditional_dE_E_tail_pedestal_likelihood,pedestal_history_bin,pedestal_memory,121,auc,0.31932773109243695
particle_heldout,saturation_clipping,traditional_dE_E_tail_pedestal_likelihood,pedestal_history_bin,pedestal_mid,174,auc,0.9942196531791907
particle_heldout,saturation_clipping,traditional_dE_E_tail_pedestal_likelihood,pedestal_history_bin,pedestal_quiet,167,auc,0.8426573426573426
particle_heldout,saturation_clipping,traditional_dE_E_tail_pedestal_likelihood,pulse_shape_bin,low_harmonic,212,auc,0.7633928571428571
particle_heldout,saturation_clipping,traditional_dE_E_tail_pedestal_likelihood,pulse_shape_bin,mid_harmonic,247,auc,
particle_heldout,saturation_clipping,traditional_dE_E_tail_pedestal_likelihood,timing_residual_bin,timing_core,136,auc,0.9962686567164178
particle_heldout,saturation_clipping,traditional_dE_E_tail_pedestal_likelihood,timing_residual_bin,timing_mid,144,auc,0.9843621399176955
particle_heldout,saturation_clipping,traditional_dE_E_tail_pedestal_likelihood,timing_residual_bin,timing_tail,182,auc,0.296045197740113
particle_heldout,saturation_clipping,traditional_dE_E_tail_pedestal_likelihood,pileup_flag,pileup_proxy,204,auc,0.70703125
particle_heldout,saturation_clipping,traditional_dE_E_tail_pedestal_likelihood,pileup_flag,single_proxy,258,auc,0.9812992125984252
particle_heldout,saturation_clipping,traditional_dE_E_tail_pedestal_likelihood,saturation_flag,linear_proxy,446,auc,
particle_heldout,saturation_clipping,traditional_dE_E_tail_pedestal_likelihood,energy_bin,energy_high,436,auc,0.7443171485724678
run_heldout,energy_scale,1d_cnn,tail_amplitude_bin,tail_high,320,sigma68,0.3406737835903653
run_heldout,energy_scale,1d_cnn,tail_amplitude_bin,tail_low,317,sigma68,0.44685764804441774
run_heldout,energy_scale,1d_cnn,tail_amplitude_bin,tail_mid,323,sigma68,0.33212840936776383
run_heldout,energy_scale,1d_cnn,pedestal_history_bin,pedestal_memory,330,sigma68,0.47010704439556117
run_heldout,energy_scale,1d_cnn,pedestal_history_bin,pedestal_mid,331,sigma68,0.3646508561226195
run_heldout,energy_scale,1d_cnn,pedestal_history_bin,pedestal_quiet,299,sigma68,0.44655874812634466
run_heldout,energy_scale,1d_cnn,pulse_shape_bin,high_harmonic,363,sigma68,0.38875053206375565
run_heldout,energy_scale,1d_cnn,pulse_shape_bin,low_harmonic,264,sigma68,0.44469125274170446
run_heldout,energy_scale,1d_cnn,pulse_shape_bin,mid_harmonic,333,sigma68,0.3389048422671146
run_heldout,energy_scale,1d_cnn,timing_residual_bin,timing_core,352,sigma68,0.3851046856336438
run_heldout,energy_scale,1d_cnn,timing_residual_bin,timing_mid,312,sigma68,0.38033479098650347
run_heldout,energy_scale,1d_cnn,timing_residual_bin,timing_tail,296,sigma68,0.4522323818174341
run_heldout,energy_scale,1d_cnn,pileup_flag,pileup_proxy,152,sigma68,0.327956495969807
run_heldout,energy_scale,1d_cnn,pileup_flag,single_proxy,808,sigma68,0.44679598432223333
run_heldout,energy_scale,1d_cnn,saturation_flag,linear_proxy,899,sigma68,0.4366935840897528
run_heldout,energy_scale,1d_cnn,saturation_flag,saturation_proxy,61,sigma68,0.30567882323142004
run_heldout,energy_scale,1d_cnn,energy_bin,energy_high,318,sigma68,0.18832656906305706
run_heldout,energy_scale,1d_cnn,energy_bin,energy_low,316,sigma68,0.31592144974334413
run_heldout,energy_scale,1d_cnn,energy_bin,energy_mid,326,sigma68,0.09323751851797235
run_heldout,energy_scale,gradient_boosted_trees,tail_amplitude_bin,tail_high,320,sigma68,0.10260250180185267
run_heldout,energy_scale,gradient_boosted_trees,tail_amplitude_bin,tail_low,317,sigma68,0.1618824930600133
run_heldout,energy_scale,gradient_boosted_trees,tail_amplitude_bin,tail_mid,323,sigma68,0.16440443308940897
run_heldout,energy_scale,gradient_boosted_trees,pedestal_history_bin,pedestal_memory,330,sigma68,0.1013886503161123
run_heldout,energy_scale,gradient_boosted_trees,pedestal_history_bin,pedestal_mid,331,sigma68,0.10021946355458666
run_heldout,energy_scale,gradient_boosted_trees,pedestal_history_bin,pedestal_quiet,299,sigma68,0.2742669005973696
run_heldout,energy_scale,gradient_boosted_trees,pulse_shape_bin,high_harmonic,363,sigma68,0.1253411579036427
run_heldout,energy_scale,gradient_boosted_trees,pulse_shape_bin,low_harmonic,264,sigma68,0.16912186333896279
run_heldout,energy_scale,gradient_boosted_trees,pulse_shape_bin,mid_harmonic,333,sigma68,0.13448083704807476
run_heldout,energy_scale,gradient_boosted_trees,timing_residual_bin,timing_core,352,sigma68,0.18221695753684314
run_heldout,energy_scale,gradient_boosted_trees,timing_residual_bin,timing_mid,312,sigma68,0.13168733435489188
run_heldout,energy_scale,gradient_boosted_trees,timing_residual_bin,timing_tail,296,sigma68,0.09755391235896646
run_heldout,energy_scale,gradient_boosted_trees,pileup_flag,pileup_proxy,152,sigma68,0.08143232930914324
run_heldout,energy_scale,gradient_boosted_trees,pileup_flag,single_proxy,808,sigma68,0.15115302584108795
run_heldout,energy_scale,gradient_boosted_trees,saturation_flag,linear_proxy,899,sigma68,0.13581479301575422
run_heldout,energy_scale,gradient_boosted_trees,saturation_flag,saturation_proxy,61,sigma68,0.24489699363395295
run_heldout,energy_scale,gradient_boosted_trees,energy_bin,energy_high,318,sigma68,0.15116433204932206
run_heldout,energy_scale,gradient_boosted_trees,energy_bin,energy_low,316,sigma68,0.14128651454296198
run_heldout,energy_scale,gradient_boosted_trees,energy_bin,energy_mid,326,sigma68,0.10161897977549753
run_heldout,energy_scale,mlp,tail_amplitude_bin,tail_high,320,sigma68,0.2909314933419227
run_heldout,energy_scale,mlp,tail_amplitude_bin,tail_low,317,sigma68,0.3079723308235407
run_heldout,energy_scale,mlp,tail_amplitude_bin,tail_mid,323,sigma68,0.27275892889127135
run_heldout,energy_scale,mlp,pedestal_history_bin,pedestal_memory,330,sigma68,0.2650368002057075
run_heldout,energy_scale,mlp,pedestal_history_bin,pedestal_mid,331,sigma68,0.22860984969884146
run_heldout,energy_scale,mlp,pedestal_history_bin,pedestal_quiet,299,sigma68,0.4195168763399124
run_heldout,energy_scale,mlp,pulse_shape_bin,high_harmonic,363,sigma68,0.2674913014099002
run_heldout,energy_scale,mlp,pulse_shape_bin,low_harmonic,264,sigma68,0.3519725343585014
run_heldout,energy_scale,mlp,pulse_shape_bin,mid_harmonic,333,sigma68,0.278100461512804
run_heldout,energy_scale,mlp,timing_residual_bin,timing_core,352,sigma68,0.31156853929162026
run_heldout,energy_scale,mlp,timing_residual_bin,timing_mid,312,sigma68,0.26285468701273207
run_heldout,energy_scale,mlp,timing_residual_bin,timing_tail,296,sigma68,0.30239642895758145
run_heldout,energy_scale,mlp,pileup_flag,pileup_proxy,152,sigma68,0.3008704970031977
run_heldout,energy_scale,mlp,pileup_flag,single_proxy,808,sigma68,0.284773126244545
run_heldout,energy_scale,mlp,saturation_flag,linear_proxy,899,sigma68,0.28657272338867185
run_heldout,energy_scale,mlp,saturation_flag,saturation_proxy,61,sigma68,0.34261410739272835
run_heldout,energy_scale,mlp,energy_bin,energy_high,318,sigma68,0.32451723605394356
run_heldout,energy_scale,mlp,energy_bin,energy_low,316,sigma68,0.2961897015571593
run_heldout,energy_scale,mlp,energy_bin,energy_mid,326,sigma68,0.24361207894980907
run_heldout,energy_scale,ridge,tail_amplitude_bin,tail_high,320,sigma68,0.09674204914830625
run_heldout,energy_scale,ridge,tail_amplitude_bin,tail_low,317,sigma68,0.20472166102379558
run_heldout,energy_scale,ridge,tail_amplitude_bin,tail_mid,323,sigma68,0.19025215486064556
run_heldout,energy_scale,ridge,pedestal_history_bin,pedestal_memory,330,sigma68,0.09400725781917574
run_heldout,energy_scale,ridge,pedestal_history_bin,pedestal_mid,331,sigma68,0.09536116756498812
run_heldout,energy_scale,ridge,pedestal_history_bin,pedestal_quiet,299,sigma68,0.3413684034347534
run_heldout,energy_scale,ridge,pulse_shape_bin,high_harmonic,363,sigma68,0.13158850654959678
run_heldout,energy_scale,ridge,pulse_shape_bin,low_harmonic,264,sigma68,0.180432932972908
run_heldout,energy_scale,ridge,pulse_shape_bin,mid_harmonic,333,sigma68,0.12783389523625374
run_heldout,energy_scale,ridge,timing_residual_bin,timing_core,352,sigma68,0.24151018336415286
run_heldout,energy_scale,ridge,timing_residual_bin,timing_mid,312,sigma68,0.14471160098910335
run_heldout,energy_scale,ridge,timing_residual_bin,timing_tail,296,sigma68,0.08597546815872192
run_heldout,energy_scale,ridge,pileup_flag,pileup_proxy,152,sigma68,0.07145425848662854
run_heldout,energy_scale,ridge,pileup_flag,single_proxy,808,sigma68,0.1809430745989084
run_heldout,energy_scale,ridge,saturation_flag,linear_proxy,899,sigma68,0.13850040353834628
run_heldout,energy_scale,ridge,saturation_flag,saturation_proxy,61,sigma68,0.24530066039878873
run_heldout,energy_scale,ridge,energy_bin,energy_high,318,sigma68,0.1937804092466831
run_heldout,energy_scale,ridge,energy_bin,energy_low,316,sigma68,0.1428536236286163
run_heldout,energy_scale,ridge,energy_bin,energy_mid,326,sigma68,0.11545547097921371
run_heldout,energy_scale,spectral_transformer_new,tail_amplitude_bin,tail_high,320,sigma68,0.3418425206752177
run_heldout,energy_scale,spectral_transformer_new,tail_amplitude_bin,tail_low,317,sigma68,0.4381915798956605
run_heldout,energy_scale,spectral_transformer_new,tail_amplitude_bin,tail_mid,323,sigma68,0.3265097126825082
run_heldout,energy_scale,spectral_transformer_new,pedestal_history_bin,pedestal_memory,330,sigma68,0.46266954530589055
run_heldout,energy_scale,spectral_transformer_new,pedestal_history_bin,pedestal_mid,331,sigma68,0.35011724664667115
run_heldout,energy_scale,spectral_transformer_new,pedestal_history_bin,pedestal_quiet,299,sigma68,0.44074632501501104
run_heldout,energy_scale,spectral_transformer_new,pulse_shape_bin,high_harmonic,363,sigma68,0.3887643593590842
run_heldout,energy_scale,spectral_transformer_new,pulse_shape_bin,low_harmonic,264,sigma68,0.4273321051603405
run_heldout,energy_scale,spectral_transformer_new,pulse_shape_bin,mid_harmonic,333,sigma68,0.3251035164436501
run_heldout,energy_scale,spectral_transformer_new,timing_residual_bin,timing_core,352,sigma68,0.3792674251105325
run_heldout,energy_scale,spectral_transformer_new,timing_residual_bin,timing_mid,312,sigma68,0.3778810697157458
run_heldout,energy_scale,spectral_transformer_new,timing_residual_bin,timing_tail,296,sigma68,0.4523084407890046
run_heldout,energy_scale,spectral_transformer_new,pileup_flag,pileup_proxy,152,sigma68,0.3375489686067135
run_heldout,energy_scale,spectral_transformer_new,pileup_flag,single_proxy,808,sigma68,0.4346085154348648
run_heldout,energy_scale,spectral_transformer_new,saturation_flag,linear_proxy,899,sigma68,0.43047186698172213
run_heldout,energy_scale,spectral_transformer_new,saturation_flag,saturation_proxy,61,sigma68,0.29931723607283905
run_heldout,energy_scale,spectral_transformer_new,energy_bin,energy_high,318,sigma68,0.1822867874441198
run_heldout,energy_scale,spectral_transformer_new,energy_bin,energy_low,316,sigma68,0.304463475984201
run_heldout,energy_scale,spectral_transformer_new,energy_bin,energy_mid,326,sigma68,0.09195454250524565
run_heldout,energy_scale,traditional_dE_E_tail_pedestal_likelihood,tail_amplitude_bin,tail_high,320,sigma68,0.10928665896823818
run_heldout,energy_scale,traditional_dE_E_tail_pedestal_likelihood,tail_amplitude_bin,tail_low,317,sigma68,0.14877986377490612
run_heldout,energy_scale,traditional_dE_E_tail_pedestal_likelihood,tail_amplitude_bin,tail_mid,323,sigma68,0.19488708230110457
run_heldout,energy_scale,traditional_dE_E_tail_pedestal_likelihood,pedestal_history_bin,pedestal_memory,330,sigma68,0.13480092626842693
run_heldout,energy_scale,traditional_dE_E_tail_pedestal_likelihood,pedestal_history_bin,pedestal_mid,331,sigma68,0.1190597303055571
run_heldout,energy_scale,traditional_dE_E_tail_pedestal_likelihood,pedestal_history_bin,pedestal_quiet,299,sigma68,0.199935259182581
run_heldout,energy_scale,traditional_dE_E_tail_pedestal_likelihood,pulse_shape_bin,high_harmonic,363,sigma68,0.13660341260018877
run_heldout,energy_scale,traditional_dE_E_tail_pedestal_likelihood,pulse_shape_bin,low_harmonic,264,sigma68,0.2075078150332833
run_heldout,energy_scale,traditional_dE_E_tail_pedestal_likelihood,pulse_shape_bin,mid_harmonic,333,sigma68,0.14415096538751884
run_heldout,energy_scale,traditional_dE_E_tail_pedestal_likelihood,timing_residual_bin,timing_core,352,sigma68,0.17257990096514397
run_heldout,energy_scale,traditional_dE_E_tail_pedestal_likelihood,timing_residual_bin,timing_mid,312,sigma68,0.16062879904502209
run_heldout,energy_scale,traditional_dE_E_tail_pedestal_likelihood,timing_residual_bin,timing_tail,296,sigma68,0.11444574157331072
run_heldout,energy_scale,traditional_dE_E_tail_pedestal_likelihood,pileup_flag,pileup_proxy,152,sigma68,0.09941004231291412
run_heldout,energy_scale,traditional_dE_E_tail_pedestal_likelihood,pileup_flag,single_proxy,808,sigma68,0.16486524065730795
run_heldout,energy_scale,traditional_dE_E_tail_pedestal_likelihood,saturation_flag,linear_proxy,899,sigma68,0.14414474420788193
run_heldout,energy_scale,traditional_dE_E_tail_pedestal_likelihood,saturation_flag,saturation_proxy,61,sigma68,0.24899916149761248
run_heldout,energy_scale,traditional_dE_E_tail_pedestal_likelihood,energy_bin,energy_high,318,sigma68,0.15483951088445036
run_heldout,energy_scale,traditional_dE_E_tail_pedestal_likelihood,energy_bin,energy_low,316,sigma68,0.15195461905777355
run_heldout,energy_scale,traditional_dE_E_tail_pedestal_likelihood,energy_bin,energy_mid,326,sigma68,0.13671331651603508
run_heldout,pedestal_noise_color,1d_cnn,tail_amplitude_bin,tail_high,320,auc,0.5875822368421052
run_heldout,pedestal_noise_color,1d_cnn,tail_amplitude_bin,tail_low,317,auc,0.7405588822355289
run_heldout,pedestal_noise_color,1d_cnn,tail_amplitude_bin,tail_mid,323,auc,0.5934782608695652
run_heldout,pedestal_noise_color,1d_cnn,pedestal_history_bin,pedestal_memory,330,auc,0.7973703703703705
run_heldout,pedestal_noise_color,1d_cnn,pedestal_history_bin,pedestal_mid,331,auc,0.7500768049155145
run_heldout,pedestal_noise_color,1d_cnn,pedestal_history_bin,pedestal_quiet,299,auc,0.7528667457493081
run_heldout,pedestal_noise_color,1d_cnn,pulse_shape_bin,high_harmonic,363,auc,0.7430869783810959
run_heldout,pedestal_noise_color,1d_cnn,pulse_shape_bin,low_harmonic,264,auc,0.640151821044981
run_heldout,pedestal_noise_color,1d_cnn,pulse_shape_bin,mid_harmonic,333,auc,0.69140625
run_heldout,pedestal_noise_color,1d_cnn,timing_residual_bin,timing_core,352,auc,0.6322507122507123
run_heldout,pedestal_noise_color,1d_cnn,timing_residual_bin,timing_mid,312,auc,0.7247174447174447
run_heldout,pedestal_noise_color,1d_cnn,timing_residual_bin,timing_tail,296,auc,0.6511345029239766
run_heldout,pedestal_noise_color,1d_cnn,pileup_flag,pileup_proxy,152,auc,0.7172113289760349
run_heldout,pedestal_noise_color,1d_cnn,pileup_flag,single_proxy,808,auc,0.7027479157525229
run_heldout,pedestal_noise_color,1d_cnn,saturation_flag,linear_proxy,899,auc,0.7035725780495655
run_heldout,pedestal_noise_color,1d_cnn,saturation_flag,saturation_proxy,61,auc,0.6428571428571428
run_heldout,pedestal_noise_color,1d_cnn,energy_bin,energy_high,318,auc,0.5222329840626927
run_heldout,pedestal_noise_color,1d_cnn,energy_bin,energy_low,316,auc,0.804366652992388
run_heldout,pedestal_noise_color,1d_cnn,energy_bin,energy_mid,326,auc,0.5916963226571768
run_heldout,pedestal_noise_color,gradient_boosted_trees,tail_amplitude_bin,tail_high,320,auc,0.7391036184210527
run_heldout,pedestal_noise_color,gradient_boosted_trees,tail_amplitude_bin,tail_low,317,auc,0.9726746506986028
run_heldout,pedestal_noise_color,gradient_boosted_trees,tail_amplitude_bin,tail_mid,323,auc,0.8344927536231884
run_heldout,pedestal_noise_color,gradient_boosted_trees,pedestal_history_bin,pedestal_memory,330,auc,0.9738333333333333
run_heldout,pedestal_noise_color,gradient_boosted_trees,pedestal_history_bin,pedestal_mid,331,auc,0.8433179723502303
run_heldout,pedestal_noise_color,gradient_boosted_trees,pedestal_history_bin,pedestal_quiet,299,auc,0.7650257018584421
run_heldout,pedestal_noise_color,gradient_boosted_trees,pulse_shape_bin,high_harmonic,363,auc,0.9115761689291101
run_heldout,pedestal_noise_color,gradient_boosted_trees,pulse_shape_bin,low_harmonic,264,auc,0.941896147944763
run_heldout,pedestal_noise_color,gradient_boosted_trees,pulse_shape_bin,mid_harmonic,333,auc,0.9593394886363638
run_heldout,pedestal_noise_color,gradient_boosted_trees,timing_residual_bin,timing_core,352,auc,0.7912820512820512
run_heldout,pedestal_noise_color,gradient_boosted_trees,timing_residual_bin,timing_mid,312,auc,0.9262899262899263
run_heldout,pedestal_noise_color,gradient_boosted_trees,timing_residual_bin,timing_tail,296,auc,0.9750643274853802
run_heldout,pedestal_noise_color,gradient_boosted_trees,pileup_flag,pileup_proxy,152,auc,0.844880174291939
run_heldout,pedestal_noise_color,gradient_boosted_trees,pileup_flag,single_proxy,808,auc,0.9490913412315343
run_heldout,pedestal_noise_color,gradient_boosted_trees,saturation_flag,linear_proxy,899,auc,0.9387902892086992
run_heldout,pedestal_noise_color,gradient_boosted_trees,saturation_flag,saturation_proxy,61,auc,0.9682539682539683
run_heldout,pedestal_noise_color,gradient_boosted_trees,energy_bin,energy_high,318,auc,0.8990490446420709
run_heldout,pedestal_noise_color,gradient_boosted_trees,energy_bin,energy_low,316,auc,0.9633073522038379
run_heldout,pedestal_noise_color,gradient_boosted_trees,energy_bin,energy_mid,326,auc,0.9133649663898774
run_heldout,pedestal_noise_color,mlp,tail_amplitude_bin,tail_high,320,auc,0.49835526315789475
run_heldout,pedestal_noise_color,mlp,tail_amplitude_bin,tail_low,317,auc,0.9150299401197604
run_heldout,pedestal_noise_color,mlp,tail_amplitude_bin,tail_mid,323,auc,0.5869565217391304
run_heldout,pedestal_noise_color,mlp,pedestal_history_bin,pedestal_memory,330,auc,0.9133333333333333
run_heldout,pedestal_noise_color,mlp,pedestal_history_bin,pedestal_mid,331,auc,0.5887864823348694
run_heldout,pedestal_noise_color,mlp,pedestal_history_bin,pedestal_quiet,299,auc,0.6353301700276789
run_heldout,pedestal_noise_color,mlp,pulse_shape_bin,high_harmonic,363,auc,0.828525641025641
run_heldout,pedestal_noise_color,mlp,pulse_shape_bin,low_harmonic,264,auc,0.800815634337398
run_heldout,pedestal_noise_color,mlp,pulse_shape_bin,mid_harmonic,333,auc,0.8986911525974026
run_heldout,pedestal_noise_color,mlp,timing_residual_bin,timing_core,352,auc,0.5185185185185185
run_heldout,pedestal_noise_color,mlp,timing_residual_bin,timing_mid,312,auc,0.8170515970515971
run_heldout,pedestal_noise_color,mlp,timing_residual_bin,timing_tail,296,auc,0.9261520467836257
run_heldout,pedestal_noise_color,mlp,pileup_flag,pileup_proxy,152,auc,0.6727668845315904
run_heldout,pedestal_noise_color,mlp,pileup_flag,single_proxy,808,auc,0.865255228901565
run_heldout,pedestal_noise_color,mlp,saturation_flag,linear_proxy,899,auc,0.8564033595414349
run_heldout,pedestal_noise_color,mlp,saturation_flag,saturation_proxy,61,auc,0.6335978835978836
run_heldout,pedestal_noise_color,mlp,energy_bin,energy_high,318,auc,0.7402923307211412
run_heldout,pedestal_noise_color,mlp,energy_bin,energy_low,316,auc,0.9032316878617986
run_heldout,pedestal_noise_color,mlp,energy_bin,energy_mid,326,auc,0.8111111111111111
run_heldout,pedestal_noise_color,ridge,tail_amplitude_bin,tail_high,320,auc,0.766858552631579
run_heldout,pedestal_noise_color,ridge,tail_amplitude_bin,tail_low,317,auc,0.9578842315369261
run_heldout,pedestal_noise_color,ridge,tail_amplitude_bin,tail_mid,323,auc,0.6933333333333335
run_heldout,pedestal_noise_color,ridge,pedestal_history_bin,pedestal_memory,330,auc,0.9528148148148147
run_heldout,pedestal_noise_color,ridge,pedestal_history_bin,pedestal_mid,331,auc,0.7623655913978494
run_heldout,pedestal_noise_color,ridge,pedestal_history_bin,pedestal_quiet,299,auc,0.6880189798339265
run_heldout,pedestal_noise_color,ridge,pulse_shape_bin,high_harmonic,363,auc,0.8880090497737556
run_heldout,pedestal_noise_color,ridge,pulse_shape_bin,low_harmonic,264,auc,0.900831785512396
run_heldout,pedestal_noise_color,ridge,pulse_shape_bin,mid_harmonic,333,auc,0.9473924512987013
run_heldout,pedestal_noise_color,ridge,timing_residual_bin,timing_core,352,auc,0.6647293447293448
run_heldout,pedestal_noise_color,ridge,timing_residual_bin,timing_mid,312,auc,0.9318918918918919
run_heldout,pedestal_noise_color,ridge,timing_residual_bin,timing_tail,296,auc,0.9664561403508771
run_heldout,pedestal_noise_color,ridge,pileup_flag,pileup_proxy,152,auc,0.7943355119825709
run_heldout,pedestal_noise_color,ridge,pileup_flag,single_proxy,808,auc,0.9294555360538248
run_heldout,pedestal_noise_color,ridge,saturation_flag,linear_proxy,899,auc,0.9260732294205098
run_heldout,pedestal_noise_color,ridge,saturation_flag,saturation_proxy,61,auc,0.5925925925925926
run_heldout,pedestal_noise_color,ridge,energy_bin,energy_high,318,auc,0.8559478735581579
run_heldout,pedestal_noise_color,ridge,energy_bin,energy_low,316,auc,0.9473996080040112
run_heldout,pedestal_noise_color,ridge,energy_bin,energy_mid,326,auc,0.8960063266113087
run_heldout,pedestal_noise_color,spectral_transformer_new,tail_amplitude_bin,tail_high,320,auc,0.652138157894737
run_heldout,pedestal_noise_color,spectral_transformer_new,tail_amplitude_bin,tail_low,317,auc,0.7830738522954093
run_heldout,pedestal_noise_color,spectral_transformer_new,tail_amplitude_bin,tail_mid,323,auc,0.5263768115942029
run_heldout,pedestal_noise_color,spectral_transformer_new,pedestal_history_bin,pedestal_memory,330,auc,0.6870370370370371
run_heldout,pedestal_noise_color,spectral_transformer_new,pedestal_history_bin,pedestal_mid,331,auc,0.5832565284178187
run_heldout,pedestal_noise_color,spectral_transformer_new,pedestal_history_bin,pedestal_quiet,299,auc,0.6619217081850534
run_heldout,pedestal_noise_color,spectral_transformer_new,pulse_shape_bin,high_harmonic,363,auc,0.7686023127199598
run_heldout,pedestal_noise_color,spectral_transformer_new,pulse_shape_bin,low_harmonic,264,auc,0.6192360494225955
run_heldout,pedestal_noise_color,spectral_transformer_new,pulse_shape_bin,mid_harmonic,333,auc,0.7636465097402597
run_heldout,pedestal_noise_color,spectral_transformer_new,timing_residual_bin,timing_core,352,auc,0.6876353276353276
run_heldout,pedestal_noise_color,spectral_transformer_new,timing_residual_bin,timing_mid,312,auc,0.6731203931203932
run_heldout,pedestal_noise_color,spectral_transformer_new,timing_residual_bin,timing_tail,296,auc,0.5772163742690058
run_heldout,pedestal_noise_color,spectral_transformer_new,pileup_flag,pileup_proxy,152,auc,0.7599128540305011
run_heldout,pedestal_noise_color,spectral_transformer_new,pileup_flag,single_proxy,808,auc,0.7523310662571305
run_heldout,pedestal_noise_color,spectral_transformer_new,saturation_flag,linear_proxy,899,auc,0.7111744601284351
run_heldout,pedestal_noise_color,spectral_transformer_new,saturation_flag,saturation_proxy,61,auc,0.8465608465608465
run_heldout,pedestal_noise_color,spectral_transformer_new,energy_bin,energy_high,318,auc,0.49229550057233423
run_heldout,pedestal_noise_color,spectral_transformer_new,energy_bin,energy_low,316,auc,0.8462555266876338
run_heldout,pedestal_noise_color,spectral_transformer_new,energy_bin,energy_mid,326,auc,0.5962040332147094
run_heldout,pedestal_noise_color,traditional_dE_E_tail_pedestal_likelihood,tail_amplitude_bin,tail_high,320,auc,0.7321134868421052
run_heldout,pedestal_noise_color,traditional_dE_E_tail_pedestal_likelihood,tail_amplitude_bin,tail_low,317,auc,0.9617564870259481
run_heldout,pedestal_noise_color,traditional_dE_E_tail_pedestal_likelihood,tail_amplitude_bin,tail_mid,323,auc,0.6657971014492754
run_heldout,pedestal_noise_color,traditional_dE_E_tail_pedestal_likelihood,pedestal_history_bin,pedestal_memory,330,auc,0.9576666666666666
run_heldout,pedestal_noise_color,traditional_dE_E_tail_pedestal_likelihood,pedestal_history_bin,pedestal_mid,331,auc,0.7900153609831029
run_heldout,pedestal_noise_color,traditional_dE_E_tail_pedestal_likelihood,pedestal_history_bin,pedestal_quiet,299,auc,0.6609331751680506
run_heldout,pedestal_noise_color,traditional_dE_E_tail_pedestal_likelihood,pulse_shape_bin,high_harmonic,363,auc,0.8887003519356461
run_heldout,pedestal_noise_color,traditional_dE_E_tail_pedestal_likelihood,pulse_shape_bin,low_harmonic,264,auc,0.8905757893886781
run_heldout,pedestal_noise_color,traditional_dE_E_tail_pedestal_likelihood,pulse_shape_bin,mid_harmonic,333,auc,0.950588474025974
run_heldout,pedestal_noise_color,traditional_dE_E_tail_pedestal_likelihood,timing_residual_bin,timing_core,352,auc,0.6622222222222223
run_heldout,pedestal_noise_color,traditional_dE_E_tail_pedestal_likelihood,timing_residual_bin,timing_mid,312,auc,0.9356265356265356
run_heldout,pedestal_noise_color,traditional_dE_E_tail_pedestal_likelihood,timing_residual_bin,timing_tail,296,auc,0.9636023391812865
run_heldout,pedestal_noise_color,traditional_dE_E_tail_pedestal_likelihood,pileup_flag,pileup_proxy,152,auc,0.7677559912854031
run_heldout,pedestal_noise_color,traditional_dE_E_tail_pedestal_likelihood,pileup_flag,single_proxy,808,auc,0.9283585636975282
run_heldout,pedestal_noise_color,traditional_dE_E_tail_pedestal_likelihood,saturation_flag,linear_proxy,899,auc,0.9217128756877712
run_heldout,pedestal_noise_color,traditional_dE_E_tail_pedestal_likelihood,saturation_flag,saturation_proxy,61,auc,0.5899470899470899
run_heldout,pedestal_noise_color,traditional_dE_E_tail_pedestal_likelihood,energy_bin,energy_high,318,auc,0.8452056000704411
run_heldout,pedestal_noise_color,traditional_dE_E_tail_pedestal_likelihood,energy_bin,energy_low,316,auc,0.9461689229226492
run_heldout,pedestal_noise_color,traditional_dE_E_tail_pedestal_likelihood,energy_bin,energy_mid,326,auc,0.8909450375642546
run_heldout,pid_separation,1d_cnn,tail_amplitude_bin,tail_high,320,auc,0.633008492818285
run_heldout,pid_separation,1d_cnn,tail_amplitude_bin,tail_low,317,auc,0.5640923566878981
run_heldout,pid_separation,1d_cnn,tail_amplitude_bin,tail_mid,323,auc,0.5688786008230453
run_heldout,pid_separation,1d_cnn,pedestal_history_bin,pedestal_memory,330,auc,0.4946314346634176
run_heldout,pid_separation,1d_cnn,pedestal_history_bin,pedestal_mid,331,auc,0.6090479110098975
run_heldout,pid_separation,1d_cnn,pedestal_history_bin,pedestal_quiet,299,auc,0.5182299182299183
run_heldout,pid_separation,1d_cnn,pulse_shape_bin,high_harmonic,363,auc,0.6139297124600639
run_heldout,pid_separation,1d_cnn,pulse_shape_bin,low_harmonic,264,auc,0.4363550071191267
run_heldout,pid_separation,1d_cnn,pulse_shape_bin,mid_harmonic,333,auc,0.5789141882370392
run_heldout,pid_separation,1d_cnn,timing_residual_bin,timing_core,352,auc,0.5582539353769677
run_heldout,pid_separation,1d_cnn,timing_residual_bin,timing_mid,312,auc,0.6070413961038962
run_heldout,pid_separation,1d_cnn,timing_residual_bin,timing_tail,296,auc,0.44951276881720426
run_heldout,pid_separation,1d_cnn,pileup_flag,pileup_proxy,152,auc,0.31321619556913677
run_heldout,pid_separation,1d_cnn,pileup_flag,single_proxy,808,auc,0.5957129918486465
run_heldout,pid_separation,1d_cnn,saturation_flag,linear_proxy,899,auc,0.5767304495089789
run_heldout,pid_separation,1d_cnn,saturation_flag,saturation_proxy,61,auc,0.6579710144927536
run_heldout,pid_separation,1d_cnn,energy_bin,energy_high,318,auc,0.6053735359290914
run_heldout,pid_separation,1d_cnn,energy_bin,energy_low,316,auc,0.633420387182357
run_heldout,pid_separation,1d_cnn,energy_bin,energy_mid,326,auc,0.578735842162952
run_heldout,pid_separation,gradient_boosted_trees,tail_amplitude_bin,tail_high,320,auc,0.9951078235685492
run_heldout,pid_separation,gradient_boosted_trees,tail_amplitude_bin,tail_low,317,auc,0.999641719745223
run_heldout,pid_separation,gradient_boosted_trees,tail_amplitude_bin,tail_mid,323,auc,0.9993827160493827
run_heldout,pid_separation,gradient_boosted_trees,pedestal_history_bin,pedestal_memory,330,auc,0.9993146512336277
run_heldout,pid_separation,gradient_boosted_trees,pedestal_history_bin,pedestal_mid,331,auc,0.9982920206709294
run_heldout,pid_separation,gradient_boosted_trees,pedestal_history_bin,pedestal_quiet,299,auc,0.9974506974506975
run_heldout,pid_separation,gradient_boosted_trees,pulse_shape_bin,high_harmonic,363,auc,1.0
run_heldout,pid_separation,gradient_boosted_trees,pulse_shape_bin,low_harmonic,264,auc,0.9940199335548173
run_heldout,pid_separation,gradient_boosted_trees,pulse_shape_bin,mid_harmonic,333,auc,0.9965512126381368
run_heldout,pid_separation,gradient_boosted_trees,timing_residual_bin,timing_core,352,auc,0.996841342170671
run_heldout,pid_separation,gradient_boosted_trees,timing_residual_bin,timing_mid,312,auc,0.999898538961039
run_heldout,pid_separation,gradient_boosted_trees,timing_residual_bin,timing_tail,296,auc,0.995127688172043
run_heldout,pid_separation,gradient_boosted_trees,pileup_flag,pileup_proxy,152,auc,0.9956709956709957
run_heldout,pid_separation,gradient_boosted_trees,pileup_flag,single_proxy,808,auc,0.998658213411157
run_heldout,pid_separation,gradient_boosted_trees,saturation_flag,linear_proxy,899,auc,0.9984097316163942
run_heldout,pid_separation,gradient_boosted_trees,saturation_flag,saturation_proxy,61,auc,0.9985507246376811
run_heldout,pid_separation,gradient_boosted_trees,energy_bin,energy_high,318,auc,0.9962013295346629
run_heldout,pid_separation,gradient_boosted_trees,energy_bin,energy_low,316,auc,0.9990050988682999
run_heldout,pid_separation,gradient_boosted_trees,energy_bin,energy_mid,326,auc,0.9997564243088539
run_heldout,pid_separation,mlp,tail_amplitude_bin,tail_high,320,auc,0.854350123282846
run_heldout,pid_separation,mlp,tail_amplitude_bin,tail_low,317,auc,0.9522890127388535
run_heldout,pid_separation,mlp,tail_amplitude_bin,tail_mid,323,auc,0.9689043209876543
run_heldout,pid_separation,mlp,pedestal_history_bin,pedestal_memory,330,auc,0.9318839476088943
run_heldout,pid_separation,mlp,pedestal_history_bin,pedestal_mid,331,auc,0.8850836471927827
run_heldout,pid_separation,mlp,pedestal_history_bin,pedestal_quiet,299,auc,0.9208994708994709
run_heldout,pid_separation,mlp,pulse_shape_bin,high_harmonic,363,auc,0.9199999999999999
run_heldout,pid_separation,mlp,pulse_shape_bin,low_harmonic,264,auc,0.749406739439962
run_heldout,pid_separation,mlp,pulse_shape_bin,mid_harmonic,333,auc,0.9223652006230068
run_heldout,pid_separation,mlp,timing_residual_bin,timing_core,352,auc,0.9012013256006628
run_heldout,pid_separation,mlp,timing_residual_bin,timing_mid,312,auc,0.8695211038961039
run_heldout,pid_separation,mlp,timing_residual_bin,timing_tail,296,auc,0.827956989247312
run_heldout,pid_separation,mlp,pileup_flag,pileup_proxy,152,auc,0.8148714031066973
run_heldout,pid_separation,mlp,pileup_flag,single_proxy,808,auc,0.9189929891650733
run_heldout,pid_separation,mlp,saturation_flag,linear_proxy,899,auc,0.9168387736345894
run_heldout,pid_separation,mlp,saturation_flag,saturation_proxy,61,auc,0.9673913043478262
run_heldout,pid_separation,mlp,energy_bin,energy_high,318,auc,0.8792735042735043
run_heldout,pid_separation,mlp,energy_bin,energy_low,316,auc,0.9383783111553289
run_heldout,pid_separation,mlp,energy_bin,energy_mid,326,auc,0.9518938009986603
run_heldout,pid_separation,ridge,tail_amplitude_bin,tail_high,320,auc,0.9832100504872607
run_heldout,pid_separation,ridge,tail_amplitude_bin,tail_low,317,auc,0.9920382165605095
run_heldout,pid_separation,ridge,tail_amplitude_bin,tail_mid,323,auc,0.9868827160493827
run_heldout,pid_separation,ridge,pedestal_history_bin,pedestal_memory,330,auc,0.9890724946695095
run_heldout,pid_separation,ridge,pedestal_history_bin,pedestal_mid,331,auc,0.9845843916965928
run_heldout,pid_separation,ridge,pedestal_history_bin,pedestal_quiet,299,auc,0.9939393939393939
run_heldout,pid_separation,ridge,pulse_shape_bin,high_harmonic,363,auc,0.9998722044728434
run_heldout,pid_separation,ridge,pulse_shape_bin,low_harmonic,264,auc,0.9573801613668723
run_heldout,pid_separation,ridge,pulse_shape_bin,mid_harmonic,333,auc,0.9909515686419936
run_heldout,pid_separation,ridge,timing_residual_bin,timing_core,352,auc,0.9929059652029827
run_heldout,pid_separation,ridge,timing_residual_bin,timing_mid,312,auc,0.994724025974026
run_heldout,pid_separation,ridge,timing_residual_bin,timing_tail,296,auc,0.9673219086021505
run_heldout,pid_separation,ridge,pileup_flag,pileup_proxy,152,auc,0.9554367201426026
run_heldout,pid_separation,ridge,pileup_flag,single_proxy,808,auc,0.9945523464492972
run_heldout,pid_separation,ridge,saturation_flag,linear_proxy,899,auc,0.9926475903303421
run_heldout,pid_separation,ridge,saturation_flag,saturation_proxy,61,auc,0.9782608695652174
run_heldout,pid_separation,ridge,energy_bin,energy_high,318,auc,0.9790677429566319
run_heldout,pid_separation,ridge,energy_bin,energy_low,316,auc,0.9910044356008788
run_heldout,pid_separation,ridge,energy_bin,energy_mid,326,auc,0.999512848617708
run_heldout,pid_separation,spectral_transformer_new,tail_amplitude_bin,tail_high,320,auc,0.6378615318382842
run_heldout,pid_separation,spectral_transformer_new,tail_amplitude_bin,tail_low,317,auc,0.5651671974522293
run_heldout,pid_separation,spectral_transformer_new,tail_amplitude_bin,tail_mid,323,auc,0.6035493827160493
run_heldout,pid_separation,spectral_transformer_new,pedestal_history_bin,pedestal_memory,330,auc,0.4432683521169662
run_heldout,pid_separation,spectral_transformer_new,pedestal_history_bin,pedestal_mid,331,auc,0.6161425943768065
run_heldout,pid_separation,spectral_transformer_new,pedestal_history_bin,pedestal_quiet,299,auc,0.604040404040404
run_heldout,pid_separation,spectral_transformer_new,pulse_shape_bin,high_harmonic,363,auc,0.6327795527156549
run_heldout,pid_separation,spectral_transformer_new,pulse_shape_bin,low_harmonic,264,auc,0.40389178927384906
run_heldout,pid_separation,spectral_transformer_new,pulse_shape_bin,mid_harmonic,333,auc,0.5883705406808574
run_heldout,pid_separation,spectral_transformer_new,timing_residual_bin,timing_core,352,auc,0.60226801988401
run_heldout,pid_separation,spectral_transformer_new,timing_residual_bin,timing_mid,312,auc,0.625202922077922
run_heldout,pid_separation,spectral_transformer_new,timing_residual_bin,timing_tail,296,auc,0.41910282258064513
run_heldout,pid_separation,spectral_transformer_new,pileup_flag,pileup_proxy,152,auc,0.3188184364654953
run_heldout,pid_separation,spectral_transformer_new,pileup_flag,single_proxy,808,auc,0.6083324947167154
run_heldout,pid_separation,spectral_transformer_new,saturation_flag,linear_proxy,899,auc,0.58930802672477
run_heldout,pid_separation,spectral_transformer_new,saturation_flag,saturation_proxy,61,auc,0.6231884057971013
run_heldout,pid_separation,spectral_transformer_new,energy_bin,energy_high,318,auc,0.6141579613801836
run_heldout,pid_separation,spectral_transformer_new,energy_bin,energy_low,316,auc,0.6318036728433445
run_heldout,pid_separation,spectral_transformer_new,energy_bin,energy_mid,326,auc,0.5996427556529859
run_heldout,pid_separation,traditional_dE_E_tail_pedestal_likelihood,tail_amplitude_bin,tail_high,320,auc,0.9847364095338733
run_heldout,pid_separation,traditional_dE_E_tail_pedestal_likelihood,tail_amplitude_bin,tail_low,317,auc,0.992515923566879
run_heldout,pid_separation,traditional_dE_E_tail_pedestal_likelihood,tail_amplitude_bin,tail_mid,323,auc,0.9871399176954732
run_heldout,pid_separation,traditional_dE_E_tail_pedestal_likelihood,pedestal_history_bin,pedestal_memory,330,auc,0.9896816935729515
run_heldout,pid_separation,traditional_dE_E_tail_pedestal_likelihood,pedestal_history_bin,pedestal_mid,331,auc,0.9852413068231585
run_heldout,pid_separation,traditional_dE_E_tail_pedestal_likelihood,pedestal_history_bin,pedestal_quiet,299,auc,0.9957190957190957
run_heldout,pid_separation,traditional_dE_E_tail_pedestal_likelihood,pulse_shape_bin,high_harmonic,363,auc,0.9998083067092651
run_heldout,pid_separation,traditional_dE_E_tail_pedestal_likelihood,pulse_shape_bin,low_harmonic,264,auc,0.9638348362600854
run_heldout,pid_separation,traditional_dE_E_tail_pedestal_likelihood,pulse_shape_bin,mid_harmonic,333,auc,0.9910257361121413
run_heldout,pid_separation,traditional_dE_E_tail_pedestal_likelihood,timing_residual_bin,timing_core,352,auc,0.9944594034797017
run_heldout,pid_separation,traditional_dE_E_tail_pedestal_likelihood,timing_residual_bin,timing_mid,312,auc,0.9958400974025974
run_heldout,pid_separation,traditional_dE_E_tail_pedestal_likelihood,timing_residual_bin,timing_tail,296,auc,0.9666498655913979
run_heldout,pid_separation,traditional_dE_E_tail_pedestal_likelihood,pileup_flag,pileup_proxy,152,auc,0.9554367201426025
run_heldout,pid_separation,traditional_dE_E_tail_pedestal_likelihood,pileup_flag,single_proxy,808,auc,0.995297038006105
run_heldout,pid_separation,traditional_dE_E_tail_pedestal_likelihood,saturation_flag,linear_proxy,899,auc,0.9931639112341102
run_heldout,pid_separation,traditional_dE_E_tail_pedestal_likelihood,saturation_flag,saturation_proxy,61,auc,0.9782608695652174
run_heldout,pid_separation,traditional_dE_E_tail_pedestal_likelihood,energy_bin,energy_high,318,auc,0.9819167458056346
run_heldout,pid_separation,traditional_dE_E_tail_pedestal_likelihood,energy_bin,energy_low,316,auc,0.9914189777390872
run_heldout,pid_separation,traditional_dE_E_tail_pedestal_likelihood,energy_bin,energy_mid,326,auc,0.9993504648236107
run_heldout,pileup_sideband,1d_cnn,tail_amplitude_bin,tail_high,320,auc,0.6347918974521285
run_heldout,pileup_sideband,1d_cnn,tail_amplitude_bin,tail_low,317,auc,0.4405144694533762
run_heldout,pileup_sideband,1d_cnn,tail_amplitude_bin,tail_mid,323,auc,0.3518808777429467
run_heldout,pileup_sideband,1d_cnn,pedestal_history_bin,pedestal_memory,330,auc,0.6649142224681793
run_heldout,pileup_sideband,1d_cnn,pedestal_history_bin,pedestal_mid,331,auc,0.7287903667214012
run_heldout,pileup_sideband,1d_cnn,pedestal_history_bin,pedestal_quiet,299,auc,0.9242874845105329
run_heldout,pileup_sideband,1d_cnn,pulse_shape_bin,high_harmonic,363,auc,
run_heldout,pileup_sideband,1d_cnn,pulse_shape_bin,low_harmonic,264,auc,0.7889383343928799
run_heldout,pileup_sideband,1d_cnn,pulse_shape_bin,mid_harmonic,333,auc,0.7568895535142064
run_heldout,pileup_sideband,1d_cnn,timing_residual_bin,timing_core,352,auc,0.39159503342884433
run_heldout,pileup_sideband,1d_cnn,timing_residual_bin,timing_mid,312,auc,0.577198697068404
run_heldout,pileup_sideband,1d_cnn,timing_residual_bin,timing_tail,296,auc,0.5797697368421052
run_heldout,pileup_sideband,1d_cnn,pileup_flag,pileup_proxy,152,auc,
run_heldout,pileup_sideband,1d_cnn,pileup_flag,single_proxy,808,auc,
run_heldout,pileup_sideband,1d_cnn,saturation_flag,linear_proxy,899,auc,0.7021860422573859
run_heldout,pileup_sideband,1d_cnn,saturation_flag,saturation_proxy,61,auc,0.7619047619047619
run_heldout,pileup_sideband,1d_cnn,energy_bin,energy_high,318,auc,0.6570143884892086
run_heldout,pileup_sideband,1d_cnn,energy_bin,energy_low,316,auc,0.6970254010695187
run_heldout,pileup_sideband,1d_cnn,energy_bin,energy_mid,326,auc,0.7317031463748289
run_heldout,pileup_sideband,gradient_boosted_trees,tail_amplitude_bin,tail_high,320,auc,0.9981405285646463
run_heldout,pileup_sideband,gradient_boosted_trees,tail_amplitude_bin,tail_low,317,auc,1.0
run_heldout,pileup_sideband,gradient_boosted_trees,tail_amplitude_bin,tail_mid,323,auc,1.0
run_heldout,pileup_sideband,gradient_boosted_trees,pedestal_history_bin,pedestal_memory,330,auc,0.9997924737133369
run_heldout,pileup_sideband,gradient_boosted_trees,pedestal_history_bin,pedestal_mid,331,auc,0.9995621237000547
run_heldout,pileup_sideband,gradient_boosted_trees,pedestal_history_bin,pedestal_quiet,299,auc,0.9990086741016109
run_heldout,pileup_sideband,gradient_boosted_trees,pulse_shape_bin,high_harmonic,363,auc,
run_heldout,pileup_sideband,gradient_boosted_trees,pulse_shape_bin,low_harmonic,264,auc,0.9996532393226608
run_heldout,pileup_sideband,gradient_boosted_trees,pulse_shape_bin,mid_harmonic,333,auc,0.9992522965178381
run_heldout,pileup_sideband,gradient_boosted_trees,timing_residual_bin,timing_core,352,auc,1.0
run_heldout,pileup_sideband,gradient_boosted_trees,timing_residual_bin,timing_mid,312,auc,0.9980456026058632
run_heldout,pileup_sideband,gradient_boosted_trees,timing_residual_bin,timing_tail,296,auc,0.9983552631578947
run_heldout,pileup_sideband,gradient_boosted_trees,pileup_flag,pileup_proxy,152,auc,
run_heldout,pileup_sideband,gradient_boosted_trees,pileup_flag,single_proxy,808,auc,
run_heldout,pileup_sideband,gradient_boosted_trees,saturation_flag,linear_proxy,899,auc,0.9997256013902862
run_heldout,pileup_sideband,gradient_boosted_trees,saturation_flag,saturation_proxy,61,auc,0.9920634920634921
run_heldout,pileup_sideband,gradient_boosted_trees,energy_bin,energy_high,318,auc,0.9995503597122303
run_heldout,pileup_sideband,gradient_boosted_trees,energy_bin,energy_low,316,auc,0.9994986631016043
run_heldout,pileup_sideband,gradient_boosted_trees,energy_bin,energy_mid,326,auc,0.9999430004559965
run_heldout,pileup_sideband,mlp,tail_amplitude_bin,tail_high,320,auc,0.9732948251305586
run_heldout,pileup_sideband,mlp,tail_amplitude_bin,tail_low,317,auc,0.9166666666666667
run_heldout,pileup_sideband,mlp,tail_amplitude_bin,tail_mid,323,auc,1.0
run_heldout,pileup_sideband,mlp,pedestal_history_bin,pedestal_memory,330,auc,0.9789706696181517
run_heldout,pileup_sideband,mlp,pedestal_history_bin,pedestal_mid,331,auc,0.9871100164203612
run_heldout,pileup_sideband,mlp,pedestal_history_bin,pedestal_quiet,299,auc,0.9944237918215613
run_heldout,pileup_sideband,mlp,pulse_shape_bin,high_harmonic,363,auc,
run_heldout,pileup_sideband,mlp,pulse_shape_bin,low_harmonic,264,auc,0.9853782581055309
run_heldout,pileup_sideband,mlp,pulse_shape_bin,mid_harmonic,333,auc,0.9611194189275797
run_heldout,pileup_sideband,mlp,timing_residual_bin,timing_core,352,auc,1.0
run_heldout,pileup_sideband,mlp,timing_residual_bin,timing_mid,312,auc,0.9
run_heldout,pileup_sideband,mlp,timing_residual_bin,timing_tail,296,auc,0.9700292397660819
run_heldout,pileup_sideband,mlp,pileup_flag,pileup_proxy,152,auc,
run_heldout,pileup_sideband,mlp,pileup_flag,single_proxy,808,auc,
run_heldout,pileup_sideband,mlp,saturation_flag,linear_proxy,899,auc,0.9856763925729443
run_heldout,pileup_sideband,mlp,saturation_flag,saturation_proxy,61,auc,0.9907407407407408
run_heldout,pileup_sideband,mlp,energy_bin,energy_high,318,auc,0.9928057553956834
run_heldout,pileup_sideband,mlp,energy_bin,energy_low,316,auc,0.9831216577540107
run_heldout,pileup_sideband,mlp,energy_bin,energy_mid,326,auc,0.9852941176470589
run_heldout,pileup_sideband,ridge,tail_amplitude_bin,tail_high,320,auc,0.9973097009020414
run_heldout,pileup_sideband,ridge,tail_amplitude_bin,tail_low,317,auc,0.9989281886387996
run_heldout,pileup_sideband,ridge,tail_amplitude_bin,tail_mid,323,auc,1.0
run_heldout,pileup_sideband,ridge,pedestal_history_bin,pedestal_memory,330,auc,0.999377421140011
run_heldout,pileup_sideband,ridge,pedestal_history_bin,pedestal_mid,331,auc,0.9994526546250685
run_heldout,pileup_sideband,ridge,pedestal_history_bin,pedestal_quiet,299,auc,0.9987608426270137
run_heldout,pileup_sideband,ridge,pulse_shape_bin,high_harmonic,363,auc,
run_heldout,pileup_sideband,ridge,pulse_shape_bin,low_harmonic,264,auc,0.9996532393226608
run_heldout,pileup_sideband,ridge,pulse_shape_bin,mid_harmonic,333,auc,0.9958342234565264
run_heldout,pileup_sideband,ridge,timing_residual_bin,timing_core,352,auc,1.0
run_heldout,pileup_sideband,ridge,timing_residual_bin,timing_mid,312,auc,0.9993485342019544
run_heldout,pileup_sideband,ridge,timing_residual_bin,timing_tail,296,auc,0.9979440789473684
run_heldout,pileup_sideband,ridge,pileup_flag,pileup_proxy,152,auc,
run_heldout,pileup_sideband,ridge,pileup_flag,single_proxy,808,auc,
run_heldout,pileup_sideband,ridge,saturation_flag,linear_proxy,899,auc,0.999432909539925
run_heldout,pileup_sideband,ridge,saturation_flag,saturation_proxy,61,auc,0.9947089947089948
run_heldout,pileup_sideband,ridge,energy_bin,energy_high,318,auc,0.9996402877697841
run_heldout,pileup_sideband,ridge,energy_bin,energy_low,316,auc,0.9994151069518716
run_heldout,pileup_sideband,ridge,energy_bin,energy_mid,326,auc,0.9999430004559964
run_heldout,pileup_sideband,spectral_transformer_new,tail_amplitude_bin,tail_high,320,auc,0.856702009811679
run_heldout,pileup_sideband,spectral_transformer_new,tail_amplitude_bin,tail_low,317,auc,0.9228295819935692
run_heldout,pileup_sideband,spectral_transformer_new,tail_amplitude_bin,tail_mid,323,auc,0.46630094043887144
run_heldout,pileup_sideband,spectral_transformer_new,pedestal_history_bin,pedestal_memory,330,auc,0.8972744881018262
run_heldout,pileup_sideband,spectral_transformer_new,pedestal_history_bin,pedestal_mid,331,auc,0.9001094690749863
run_heldout,pileup_sideband,spectral_transformer_new,pedestal_history_bin,pedestal_quiet,299,auc,0.9272614622057
run_heldout,pileup_sideband,spectral_transformer_new,pulse_shape_bin,high_harmonic,363,auc,
run_heldout,pileup_sideband,spectral_transformer_new,pulse_shape_bin,low_harmonic,264,auc,0.8486389643414438
run_heldout,pileup_sideband,spectral_transformer_new,pulse_shape_bin,mid_harmonic,333,auc,0.7682119205298014
run_heldout,pileup_sideband,spectral_transformer_new,timing_residual_bin,timing_core,352,auc,0.47564469914040114
run_heldout,pileup_sideband,spectral_transformer_new,timing_residual_bin,timing_mid,312,auc,0.8045602605863192
run_heldout,pileup_sideband,spectral_transformer_new,timing_residual_bin,timing_tail,296,auc,0.6270102339181286
run_heldout,pileup_sideband,spectral_transformer_new,pileup_flag,pileup_proxy,152,auc,
run_heldout,pileup_sideband,spectral_transformer_new,pileup_flag,single_proxy,808,auc,
run_heldout,pileup_sideband,spectral_transformer_new,saturation_flag,linear_proxy,899,auc,0.8492271105826398
run_heldout,pileup_sideband,spectral_transformer_new,saturation_flag,saturation_proxy,61,auc,0.7989417989417988
run_heldout,pileup_sideband,spectral_transformer_new,energy_bin,energy_high,318,auc,0.8528776978417266
run_heldout,pileup_sideband,spectral_transformer_new,energy_bin,energy_low,316,auc,0.7840073529411764
run_heldout,pileup_sideband,spectral_transformer_new,energy_bin,energy_mid,326,auc,0.8773939808481532
run_heldout,pileup_sideband,traditional_dE_E_tail_pedestal_likelihood,tail_amplitude_bin,tail_high,320,auc,0.9973097009020414
run_heldout,pileup_sideband,traditional_dE_E_tail_pedestal_likelihood,tail_amplitude_bin,tail_low,317,auc,0.9989281886387996
run_heldout,pileup_sideband,traditional_dE_E_tail_pedestal_likelihood,tail_amplitude_bin,tail_mid,323,auc,1.0
run_heldout,pileup_sideband,traditional_dE_E_tail_pedestal_likelihood,pedestal_history_bin,pedestal_memory,330,auc,0.999377421140011
run_heldout,pileup_sideband,traditional_dE_E_tail_pedestal_likelihood,pedestal_history_bin,pedestal_mid,331,auc,0.9994526546250685
run_heldout,pileup_sideband,traditional_dE_E_tail_pedestal_likelihood,pedestal_history_bin,pedestal_quiet,299,auc,0.9987608426270137
run_heldout,pileup_sideband,traditional_dE_E_tail_pedestal_likelihood,pulse_shape_bin,high_harmonic,363,auc,
run_heldout,pileup_sideband,traditional_dE_E_tail_pedestal_likelihood,pulse_shape_bin,low_harmonic,264,auc,0.9996532393226608
run_heldout,pileup_sideband,traditional_dE_E_tail_pedestal_likelihood,pulse_shape_bin,mid_harmonic,333,auc,0.9958342234565264
run_heldout,pileup_sideband,traditional_dE_E_tail_pedestal_likelihood,timing_residual_bin,timing_core,352,auc,1.0
run_heldout,pileup_sideband,traditional_dE_E_tail_pedestal_likelihood,timing_residual_bin,timing_mid,312,auc,0.9993485342019544
run_heldout,pileup_sideband,traditional_dE_E_tail_pedestal_likelihood,timing_residual_bin,timing_tail,296,auc,0.9979440789473684
run_heldout,pileup_sideband,traditional_dE_E_tail_pedestal_likelihood,pileup_flag,pileup_proxy,152,auc,
run_heldout,pileup_sideband,traditional_dE_E_tail_pedestal_likelihood,pileup_flag,single_proxy,808,auc,
run_heldout,pileup_sideband,traditional_dE_E_tail_pedestal_likelihood,saturation_flag,linear_proxy,899,auc,0.999432909539925
run_heldout,pileup_sideband,traditional_dE_E_tail_pedestal_likelihood,saturation_flag,saturation_proxy,61,auc,0.9947089947089948
run_heldout,pileup_sideband,traditional_dE_E_tail_pedestal_likelihood,energy_bin,energy_high,318,auc,0.9996402877697841
run_heldout,pileup_sideband,traditional_dE_E_tail_pedestal_likelihood,energy_bin,energy_low,316,auc,0.9994151069518716
run_heldout,pileup_sideband,traditional_dE_E_tail_pedestal_likelihood,energy_bin,energy_mid,326,auc,0.9999430004559964
run_heldout,pulse_shape_harmonics,1d_cnn,tail_amplitude_bin,tail_high,320,auc,0.8228535203454971
run_heldout,pulse_shape_harmonics,1d_cnn,tail_amplitude_bin,tail_low,317,auc,0.9222889438361004
run_heldout,pulse_shape_harmonics,1d_cnn,tail_amplitude_bin,tail_mid,323,auc,0.8266752577319588
run_heldout,pulse_shape_harmonics,1d_cnn,pedestal_history_bin,pedestal_memory,330,auc,0.8479535558780843
run_heldout,pulse_shape_harmonics,1d_cnn,pedestal_history_bin,pedestal_mid,331,auc,0.9012612014603385
run_heldout,pulse_shape_harmonics,1d_cnn,pedestal_history_bin,pedestal_quiet,299,auc,0.7743597081127487
run_heldout,pulse_shape_harmonics,1d_cnn,pulse_shape_bin,high_harmonic,363,auc,
run_heldout,pulse_shape_harmonics,1d_cnn,pulse_shape_bin,low_harmonic,264,auc,0.7261751033057852
run_heldout,pulse_shape_harmonics,1d_cnn,pulse_shape_bin,mid_harmonic,333,auc,0.5589511041009464
run_heldout,pulse_shape_harmonics,1d_cnn,timing_residual_bin,timing_core,352,auc,0.6641745807233785
run_heldout,pulse_shape_harmonics,1d_cnn,timing_residual_bin,timing_mid,312,auc,0.6766660679001257
run_heldout,pulse_shape_harmonics,1d_cnn,timing_residual_bin,timing_tail,296,auc,0.7970742685671418
run_heldout,pulse_shape_harmonics,1d_cnn,pileup_flag,pileup_proxy,152,auc,0.7513392857142855
run_heldout,pulse_shape_harmonics,1d_cnn,pileup_flag,single_proxy,808,auc,0.6713598901098901
run_heldout,pulse_shape_harmonics,1d_cnn,saturation_flag,linear_proxy,899,auc,0.801079734219269
run_heldout,pulse_shape_harmonics,1d_cnn,saturation_flag,saturation_proxy,61,auc,0.8288288288288288
run_heldout,pulse_shape_harmonics,1d_cnn,energy_bin,energy_high,318,auc,0.793615984405458
run_heldout,pulse_shape_harmonics,1d_cnn,energy_bin,energy_low,316,auc,0.9146739130434782
run_heldout,pulse_shape_harmonics,1d_cnn,energy_bin,energy_mid,326,auc,0.9092130987292277
run_heldout,pulse_shape_harmonics,gradient_boosted_trees,tail_amplitude_bin,tail_high,320,auc,1.0
run_heldout,pulse_shape_harmonics,gradient_boosted_trees,tail_amplitude_bin,tail_low,317,auc,1.0
run_heldout,pulse_shape_harmonics,gradient_boosted_trees,tail_amplitude_bin,tail_mid,323,auc,1.0
run_heldout,pulse_shape_harmonics,gradient_boosted_trees,pedestal_history_bin,pedestal_memory,330,auc,1.0
run_heldout,pulse_shape_harmonics,gradient_boosted_trees,pedestal_history_bin,pedestal_mid,331,auc,0.9999999999999999
run_heldout,pulse_shape_harmonics,gradient_boosted_trees,pedestal_history_bin,pedestal_quiet,299,auc,1.0
run_heldout,pulse_shape_harmonics,gradient_boosted_trees,pulse_shape_bin,high_harmonic,363,auc,
run_heldout,pulse_shape_harmonics,gradient_boosted_trees,pulse_shape_bin,low_harmonic,264,auc,1.0
run_heldout,pulse_shape_harmonics,gradient_boosted_trees,pulse_shape_bin,mid_harmonic,333,auc,1.0
run_heldout,pulse_shape_harmonics,gradient_boosted_trees,timing_residual_bin,timing_core,352,auc,1.0
run_heldout,pulse_shape_harmonics,gradient_boosted_trees,timing_residual_bin,timing_mid,312,auc,0.9999999999999999
run_heldout,pulse_shape_harmonics,gradient_boosted_trees,timing_residual_bin,timing_tail,296,auc,1.0
run_heldout,pulse_shape_harmonics,gradient_boosted_trees,pileup_flag,pileup_proxy,152,auc,1.0
run_heldout,pulse_shape_harmonics,gradient_boosted_trees,pileup_flag,single_proxy,808,auc,1.0
run_heldout,pulse_shape_harmonics,gradient_boosted_trees,saturation_flag,linear_proxy,899,auc,1.0
run_heldout,pulse_shape_harmonics,gradient_boosted_trees,saturation_flag,saturation_proxy,61,auc,1.0
run_heldout,pulse_shape_harmonics,gradient_boosted_trees,energy_bin,energy_high,318,auc,1.0
run_heldout,pulse_shape_harmonics,gradient_boosted_trees,energy_bin,energy_low,316,auc,1.0
run_heldout,pulse_shape_harmonics,gradient_boosted_trees,energy_bin,energy_mid,326,auc,1.0
run_heldout,pulse_shape_harmonics,mlp,tail_amplitude_bin,tail_high,320,auc,0.835274773168509
run_heldout,pulse_shape_harmonics,mlp,tail_amplitude_bin,tail_low,317,auc,0.8107559166372307
run_heldout,pulse_shape_harmonics,mlp,tail_amplitude_bin,tail_mid,323,auc,0.8664089347079037
run_heldout,pulse_shape_harmonics,mlp,pedestal_history_bin,pedestal_memory,330,auc,0.8406386066763426
run_heldout,pulse_shape_harmonics,mlp,pedestal_history_bin,pedestal_mid,331,auc,0.8764243832282331
run_heldout,pulse_shape_harmonics,mlp,pedestal_history_bin,pedestal_quiet,299,auc,0.8347760766919444
run_heldout,pulse_shape_harmonics,mlp,pulse_shape_bin,high_harmonic,363,auc,
run_heldout,pulse_shape_harmonics,mlp,pulse_shape_bin,low_harmonic,264,auc,0.78125
run_heldout,pulse_shape_harmonics,mlp,pulse_shape_bin,mid_harmonic,333,auc,0.53125
run_heldout,pulse_shape_harmonics,mlp,timing_residual_bin,timing_core,352,auc,0.7043847241867044
run_heldout,pulse_shape_harmonics,mlp,timing_residual_bin,timing_mid,312,auc,0.631578947368421
run_heldout,pulse_shape_harmonics,mlp,timing_residual_bin,timing_tail,296,auc,0.918979744936234
run_heldout,pulse_shape_harmonics,mlp,pileup_flag,pileup_proxy,152,auc,0.8196428571428571
run_heldout,pulse_shape_harmonics,mlp,pileup_flag,single_proxy,808,auc,0.6951923076923077
run_heldout,pulse_shape_harmonics,mlp,saturation_flag,linear_proxy,899,auc,0.8416145527978633
run_heldout,pulse_shape_harmonics,mlp,saturation_flag,saturation_proxy,61,auc,0.8772522522522522
run_heldout,pulse_shape_harmonics,mlp,energy_bin,energy_high,318,auc,0.7491228070175437
run_heldout,pulse_shape_harmonics,mlp,energy_bin,energy_low,316,auc,0.9266304347826088
run_heldout,pulse_shape_harmonics,mlp,energy_bin,energy_mid,326,auc,0.9483137829912024
run_heldout,pulse_shape_harmonics,ridge,tail_amplitude_bin,tail_high,320,auc,0.9895399976227267
run_heldout,pulse_shape_harmonics,ridge,tail_amplitude_bin,tail_low,317,auc,0.9855174849876369
run_heldout,pulse_shape_harmonics,ridge,tail_amplitude_bin,tail_mid,323,auc,0.9895833333333334
run_heldout,pulse_shape_harmonics,ridge,pedestal_history_bin,pedestal_memory,330,auc,0.9854281567489115
run_heldout,pulse_shape_harmonics,ridge,pedestal_history_bin,pedestal_mid,331,auc,0.9978979975661024
run_heldout,pulse_shape_harmonics,ridge,pedestal_history_bin,pedestal_quiet,299,auc,0.9889111460867077
run_heldout,pulse_shape_harmonics,ridge,pulse_shape_bin,high_harmonic,363,auc,
run_heldout,pulse_shape_harmonics,ridge,pulse_shape_bin,low_harmonic,264,auc,0.9539643595041322
run_heldout,pulse_shape_harmonics,ridge,pulse_shape_bin,mid_harmonic,333,auc,0.9798895899053628
run_heldout,pulse_shape_harmonics,ridge,timing_residual_bin,timing_core,352,auc,0.987539570283559
run_heldout,pulse_shape_harmonics,ridge,timing_residual_bin,timing_mid,312,auc,0.9911981318483923
run_heldout,pulse_shape_harmonics,ridge,timing_residual_bin,timing_tail,296,auc,0.9875281320330083
run_heldout,pulse_shape_harmonics,ridge,pileup_flag,pileup_proxy,152,auc,0.986830357142857
run_heldout,pulse_shape_harmonics,ridge,pileup_flag,single_proxy,808,auc,0.9847699175824176
run_heldout,pulse_shape_harmonics,ridge,saturation_flag,linear_proxy,899,auc,0.9920363494234904
run_heldout,pulse_shape_harmonics,ridge,saturation_flag,saturation_proxy,61,auc,0.9650900900900901
run_heldout,pulse_shape_harmonics,ridge,energy_bin,energy_high,318,auc,0.9855263157894736
run_heldout,pulse_shape_harmonics,ridge,energy_bin,energy_low,316,auc,0.9906702898550726
run_heldout,pulse_shape_harmonics,ridge,energy_bin,energy_mid,326,auc,0.9956011730205279
run_heldout,pulse_shape_harmonics,spectral_transformer_new,tail_amplitude_bin,tail_high,320,auc,0.7482863821862991
run_heldout,pulse_shape_harmonics,spectral_transformer_new,tail_amplitude_bin,tail_low,317,auc,0.8996820911338749
run_heldout,pulse_shape_harmonics,spectral_transformer_new,tail_amplitude_bin,tail_mid,323,auc,0.6125429553264604
run_heldout,pulse_shape_harmonics,spectral_transformer_new,pedestal_history_bin,pedestal_memory,330,auc,0.6967779390420901
run_heldout,pulse_shape_harmonics,spectral_transformer_new,pedestal_history_bin,pedestal_mid,331,auc,0.897112512446067
run_heldout,pulse_shape_harmonics,spectral_transformer_new,pedestal_history_bin,pedestal_quiet,299,auc,0.6937330090141651
run_heldout,pulse_shape_harmonics,spectral_transformer_new,pulse_shape_bin,high_harmonic,363,auc,
run_heldout,pulse_shape_harmonics,spectral_transformer_new,pulse_shape_bin,low_harmonic,264,auc,0.754196797520661
run_heldout,pulse_shape_harmonics,spectral_transformer_new,pulse_shape_bin,mid_harmonic,333,auc,0.6539826498422713
run_heldout,pulse_shape_harmonics,spectral_transformer_new,timing_residual_bin,timing_core,352,auc,0.5743921330908601
run_heldout,pulse_shape_harmonics,spectral_transformer_new,timing_residual_bin,timing_mid,312,auc,0.625471528650979
run_heldout,pulse_shape_harmonics,spectral_transformer_new,timing_residual_bin,timing_tail,296,auc,0.682248687171793
run_heldout,pulse_shape_harmonics,spectral_transformer_new,pileup_flag,pileup_proxy,152,auc,0.6861607142857142
run_heldout,pulse_shape_harmonics,spectral_transformer_new,pileup_flag,single_proxy,808,auc,0.5769230769230769
run_heldout,pulse_shape_harmonics,spectral_transformer_new,saturation_flag,linear_proxy,899,auc,0.764811738648948
run_heldout,pulse_shape_harmonics,spectral_transformer_new,saturation_flag,saturation_proxy,61,auc,0.6981981981981982
run_heldout,pulse_shape_harmonics,spectral_transformer_new,energy_bin,energy_high,318,auc,0.7791910331384017
run_heldout,pulse_shape_harmonics,spectral_transformer_new,energy_bin,energy_low,316,auc,0.8528079710144927
run_heldout,pulse_shape_harmonics,spectral_transformer_new,energy_bin,energy_mid,326,auc,0.7992424242424242
run_heldout,pulse_shape_harmonics,traditional_dE_E_tail_pedestal_likelihood,tail_amplitude_bin,tail_high,320,auc,0.9892626490748445
run_heldout,pulse_shape_harmonics,traditional_dE_E_tail_pedestal_likelihood,tail_amplitude_bin,tail_low,317,auc,0.9848110208406923
run_heldout,pulse_shape_harmonics,traditional_dE_E_tail_pedestal_likelihood,tail_amplitude_bin,tail_mid,323,auc,0.9901202749140894
run_heldout,pulse_shape_harmonics,traditional_dE_E_tail_pedestal_likelihood,pedestal_history_bin,pedestal_memory,330,auc,0.984789550072569
run_heldout,pulse_shape_harmonics,traditional_dE_E_tail_pedestal_likelihood,pedestal_history_bin,pedestal_mid,331,auc,0.9979533134196261
run_heldout,pulse_shape_harmonics,traditional_dE_E_tail_pedestal_likelihood,pedestal_history_bin,pedestal_quiet,299,auc,0.9881241951638289
run_heldout,pulse_shape_harmonics,traditional_dE_E_tail_pedestal_likelihood,pulse_shape_bin,high_harmonic,363,auc,
run_heldout,pulse_shape_harmonics,traditional_dE_E_tail_pedestal_likelihood,pulse_shape_bin,low_harmonic,264,auc,0.9529958677685951
run_heldout,pulse_shape_harmonics,traditional_dE_E_tail_pedestal_likelihood,pulse_shape_bin,mid_harmonic,333,auc,0.9814668769716088
run_heldout,pulse_shape_harmonics,traditional_dE_E_tail_pedestal_likelihood,timing_residual_bin,timing_core,352,auc,0.9864619114972721
run_heldout,pulse_shape_harmonics,traditional_dE_E_tail_pedestal_likelihood,timing_residual_bin,timing_mid,312,auc,0.9919166516975032
run_heldout,pulse_shape_harmonics,traditional_dE_E_tail_pedestal_likelihood,timing_residual_bin,timing_tail,296,auc,0.9879969992498123
run_heldout,pulse_shape_harmonics,traditional_dE_E_tail_pedestal_likelihood,pileup_flag,pileup_proxy,152,auc,0.9870535714285714
run_heldout,pulse_shape_harmonics,traditional_dE_E_tail_pedestal_likelihood,pileup_flag,single_proxy,808,auc,0.9843578296703297
run_heldout,pulse_shape_harmonics,traditional_dE_E_tail_pedestal_likelihood,saturation_flag,linear_proxy,899,auc,0.9918164940394762
run_heldout,pulse_shape_harmonics,traditional_dE_E_tail_pedestal_likelihood,saturation_flag,saturation_proxy,61,auc,0.9650900900900901
run_heldout,pulse_shape_harmonics,traditional_dE_E_tail_pedestal_likelihood,energy_bin,energy_high,318,auc,0.9858187134502924
run_heldout,pulse_shape_harmonics,traditional_dE_E_tail_pedestal_likelihood,energy_bin,energy_low,316,auc,0.9895833333333333
run_heldout,pulse_shape_harmonics,traditional_dE_E_tail_pedestal_likelihood,energy_bin,energy_mid,326,auc,0.9954789833822092
run_heldout,saturation_clipping,1d_cnn,tail_amplitude_bin,tail_high,320,auc,0.49318910256410253
run_heldout,saturation_clipping,1d_cnn,tail_amplitude_bin,tail_low,317,auc,0.5861751152073732
run_heldout,saturation_clipping,1d_cnn,tail_amplitude_bin,tail_mid,323,auc,0.8207502746821536
run_heldout,saturation_clipping,1d_cnn,pedestal_history_bin,pedestal_memory,330,auc,0.624611801242236
run_heldout,saturation_clipping,1d_cnn,pedestal_history_bin,pedestal_mid,331,auc,0.4164941338854382
run_heldout,saturation_clipping,1d_cnn,pedestal_history_bin,pedestal_quiet,299,auc,0.7779857397504457
run_heldout,saturation_clipping,1d_cnn,pulse_shape_bin,high_harmonic,363,auc,0.5056338028169014
run_heldout,saturation_clipping,1d_cnn,pulse_shape_bin,low_harmonic,264,auc,0.8815829528158294
run_heldout,saturation_clipping,1d_cnn,pulse_shape_bin,mid_harmonic,333,auc,0.4165384615384615
run_heldout,saturation_clipping,1d_cnn,timing_residual_bin,timing_core,352,auc,0.8292467948717949
run_heldout,saturation_clipping,1d_cnn,timing_residual_bin,timing_mid,312,auc,0.6211993243243242
run_heldout,saturation_clipping,1d_cnn,timing_residual_bin,timing_tail,296,auc,0.6852233676975945
run_heldout,saturation_clipping,1d_cnn,pileup_flag,pileup_proxy,152,auc,0.922167487684729
run_heldout,saturation_clipping,1d_cnn,pileup_flag,single_proxy,808,auc,0.7802583750859614
run_heldout,saturation_clipping,1d_cnn,saturation_flag,linear_proxy,899,auc,
run_heldout,saturation_clipping,1d_cnn,saturation_flag,saturation_proxy,61,auc,
run_heldout,saturation_clipping,1d_cnn,energy_bin,energy_high,318,auc,0.8368929721990216
run_heldout,saturation_clipping,1d_cnn,energy_bin,energy_low,316,auc,0.39808917197452226
run_heldout,saturation_clipping,1d_cnn,energy_bin,energy_mid,326,auc,0.7525900900900901
run_heldout,saturation_clipping,gradient_boosted_trees,tail_amplitude_bin,tail_high,320,auc,0.9899839743589743
run_heldout,saturation_clipping,gradient_boosted_trees,tail_amplitude_bin,tail_low,317,auc,0.9442396313364055
run_heldout,saturation_clipping,gradient_boosted_trees,tail_amplitude_bin,tail_mid,323,auc,0.999764558154136
run_heldout,saturation_clipping,gradient_boosted_trees,pedestal_history_bin,pedestal_memory,330,auc,0.9460403726708075
run_heldout,saturation_clipping,gradient_boosted_trees,pedestal_history_bin,pedestal_mid,331,auc,0.9806763285024155
run_heldout,saturation_clipping,gradient_boosted_trees,pedestal_history_bin,pedestal_quiet,299,auc,0.9996434937611408
run_heldout,saturation_clipping,gradient_boosted_trees,pulse_shape_bin,high_harmonic,363,auc,0.981338028169014
run_heldout,saturation_clipping,gradient_boosted_trees,pulse_shape_bin,low_harmonic,264,auc,1.0
run_heldout,saturation_clipping,gradient_boosted_trees,pulse_shape_bin,mid_harmonic,333,auc,0.9426923076923077
run_heldout,saturation_clipping,gradient_boosted_trees,timing_residual_bin,timing_core,352,auc,0.9998397435897437
run_heldout,saturation_clipping,gradient_boosted_trees,timing_residual_bin,timing_mid,312,auc,0.9879645270270271
run_heldout,saturation_clipping,gradient_boosted_trees,timing_residual_bin,timing_tail,296,auc,0.9092783505154639
run_heldout,saturation_clipping,gradient_boosted_trees,pileup_flag,pileup_proxy,152,auc,0.9980295566502463
run_heldout,saturation_clipping,gradient_boosted_trees,pileup_flag,single_proxy,808,auc,0.9887267904509284
run_heldout,saturation_clipping,gradient_boosted_trees,saturation_flag,linear_proxy,899,auc,
run_heldout,saturation_clipping,gradient_boosted_trees,saturation_flag,saturation_proxy,61,auc,
run_heldout,saturation_clipping,gradient_boosted_trees,energy_bin,energy_high,318,auc,0.9998806824961222
run_heldout,saturation_clipping,gradient_boosted_trees,energy_bin,energy_low,316,auc,0.8853503184713376
run_heldout,saturation_clipping,gradient_boosted_trees,energy_bin,energy_mid,326,auc,0.9899774774774774
run_heldout,saturation_clipping,mlp,tail_amplitude_bin,tail_high,320,auc,0.623397435897436
run_heldout,saturation_clipping,mlp,tail_amplitude_bin,tail_low,317,auc,0.5633640552995391
run_heldout,saturation_clipping,mlp,tail_amplitude_bin,tail_mid,323,auc,0.8714095118505729
run_heldout,saturation_clipping,mlp,pedestal_history_bin,pedestal_memory,330,auc,0.6156832298136645
run_heldout,saturation_clipping,mlp,pedestal_history_bin,pedestal_mid,331,auc,0.4984472049689441
run_heldout,saturation_clipping,mlp,pedestal_history_bin,pedestal_quiet,299,auc,0.9012477718360073
run_heldout,saturation_clipping,mlp,pulse_shape_bin,high_harmonic,363,auc,0.5
run_heldout,saturation_clipping,mlp,pulse_shape_bin,low_harmonic,264,auc,0.8993911719939117
run_heldout,saturation_clipping,mlp,pulse_shape_bin,mid_harmonic,333,auc,0.49846153846153846
run_heldout,saturation_clipping,mlp,timing_residual_bin,timing_core,352,auc,0.8842948717948719
run_heldout,saturation_clipping,mlp,timing_residual_bin,timing_mid,312,auc,0.6739864864864865
run_heldout,saturation_clipping,mlp,timing_residual_bin,timing_tail,296,auc,0.5982817869415807
run_heldout,saturation_clipping,mlp,pileup_flag,pileup_proxy,152,auc,0.7822660098522167
run_heldout,saturation_clipping,mlp,pileup_flag,single_proxy,808,auc,0.8081835150800669
run_heldout,saturation_clipping,mlp,saturation_flag,linear_proxy,899,auc,
run_heldout,saturation_clipping,mlp,saturation_flag,saturation_proxy,61,auc,
run_heldout,saturation_clipping,mlp,energy_bin,energy_high,318,auc,0.851688342679871
run_heldout,saturation_clipping,mlp,energy_bin,energy_low,316,auc,0.4984076433121019
run_heldout,saturation_clipping,mlp,energy_bin,energy_mid,326,auc,0.7765765765765766
run_heldout,saturation_clipping,ridge,tail_amplitude_bin,tail_high,320,auc,0.7764423076923077
run_heldout,saturation_clipping,ridge,tail_amplitude_bin,tail_low,317,auc,0.7622119815668204
run_heldout,saturation_clipping,ridge,tail_amplitude_bin,tail_mid,323,auc,0.94718254591116
run_heldout,saturation_clipping,ridge,pedestal_history_bin,pedestal_memory,330,auc,0.7379658385093169
run_heldout,saturation_clipping,ridge,pedestal_history_bin,pedestal_mid,331,auc,0.6859903381642511
run_heldout,saturation_clipping,ridge,pedestal_history_bin,pedestal_quiet,299,auc,0.9843137254901961
run_heldout,saturation_clipping,ridge,pulse_shape_bin,high_harmonic,363,auc,0.701056338028169
run_heldout,saturation_clipping,ridge,pulse_shape_bin,low_harmonic,264,auc,0.9785895484525622
run_heldout,saturation_clipping,ridge,pulse_shape_bin,mid_harmonic,333,auc,0.6169230769230769
run_heldout,saturation_clipping,ridge,timing_residual_bin,timing_core,352,auc,0.9445512820512821
run_heldout,saturation_clipping,ridge,timing_residual_bin,timing_mid,312,auc,0.8084881756756757
run_heldout,saturation_clipping,ridge,timing_residual_bin,timing_tail,296,auc,0.8151202749140893
run_heldout,saturation_clipping,ridge,pileup_flag,pileup_proxy,152,auc,0.9862068965517241
run_heldout,saturation_clipping,ridge,pileup_flag,single_proxy,808,auc,0.8897730621868554
run_heldout,saturation_clipping,ridge,saturation_flag,linear_proxy,899,auc,
run_heldout,saturation_clipping,ridge,saturation_flag,saturation_proxy,61,auc,
run_heldout,saturation_clipping,ridge,energy_bin,energy_high,318,auc,0.9832955494571054
run_heldout,saturation_clipping,ridge,energy_bin,energy_low,316,auc,0.5812101910828025
run_heldout,saturation_clipping,ridge,energy_bin,energy_mid,326,auc,0.8115990990990992
run_heldout,saturation_clipping,spectral_transformer_new,tail_amplitude_bin,tail_high,320,auc,0.6482371794871795
run_heldout,saturation_clipping,spectral_transformer_new,tail_amplitude_bin,tail_low,317,auc,0.5023041474654377
run_heldout,saturation_clipping,spectral_transformer_new,tail_amplitude_bin,tail_mid,323,auc,0.5882122115837388
run_heldout,saturation_clipping,spectral_transformer_new,pedestal_history_bin,pedestal_memory,330,auc,0.6521739130434783
run_heldout,saturation_clipping,spectral_transformer_new,pedestal_history_bin,pedestal_mid,331,auc,0.6497584541062802
run_heldout,saturation_clipping,spectral_transformer_new,pedestal_history_bin,pedestal_quiet,299,auc,0.3373440285204991
run_heldout,saturation_clipping,spectral_transformer_new,pulse_shape_bin,high_harmonic,363,auc,0.6137323943661972
run_heldout,saturation_clipping,spectral_transformer_new,pulse_shape_bin,low_harmonic,264,auc,0.7080669710806697
run_heldout,saturation_clipping,spectral_transformer_new,pulse_shape_bin,mid_harmonic,333,auc,0.4526923076923077
run_heldout,saturation_clipping,spectral_transformer_new,timing_residual_bin,timing_core,352,auc,0.5765224358974359
run_heldout,saturation_clipping,spectral_transformer_new,timing_residual_bin,timing_mid,312,auc,0.5743243243243243
run_heldout,saturation_clipping,spectral_transformer_new,timing_residual_bin,timing_tail,296,auc,0.6213058419243986
run_heldout,saturation_clipping,spectral_transformer_new,pileup_flag,pileup_proxy,152,auc,0.702463054187192
run_heldout,saturation_clipping,spectral_transformer_new,pileup_flag,single_proxy,808,auc,0.6249385990765302
run_heldout,saturation_clipping,spectral_transformer_new,saturation_flag,linear_proxy,899,auc,
run_heldout,saturation_clipping,spectral_transformer_new,saturation_flag,saturation_proxy,61,auc,
run_heldout,saturation_clipping,spectral_transformer_new,energy_bin,energy_high,318,auc,0.5758262737143539
run_heldout,saturation_clipping,spectral_transformer_new,energy_bin,energy_low,316,auc,0.4713375796178344
run_heldout,saturation_clipping,spectral_transformer_new,energy_bin,energy_mid,326,auc,0.6458333333333333
run_heldout,saturation_clipping,traditional_dE_E_tail_pedestal_likelihood,tail_amplitude_bin,tail_high,320,auc,0.7732371794871795
run_heldout,saturation_clipping,traditional_dE_E_tail_pedestal_likelihood,tail_amplitude_bin,tail_low,317,auc,0.7534562211981566
run_heldout,saturation_clipping,traditional_dE_E_tail_pedestal_likelihood,tail_amplitude_bin,tail_mid,323,auc,0.9438078794537749
run_heldout,saturation_clipping,traditional_dE_E_tail_pedestal_likelihood,pedestal_history_bin,pedestal_memory,330,auc,0.7294254658385093
run_heldout,saturation_clipping,traditional_dE_E_tail_pedestal_likelihood,pedestal_history_bin,pedestal_mid,331,auc,0.660455486542443
run_heldout,saturation_clipping,traditional_dE_E_tail_pedestal_likelihood,pedestal_history_bin,pedestal_quiet,299,auc,0.9835115864527629
run_heldout,saturation_clipping,traditional_dE_E_tail_pedestal_likelihood,pulse_shape_bin,high_harmonic,363,auc,0.681338028169014
run_heldout,saturation_clipping,traditional_dE_E_tail_pedestal_likelihood,pulse_shape_bin,low_harmonic,264,auc,0.9792998477929985
run_heldout,saturation_clipping,traditional_dE_E_tail_pedestal_likelihood,pulse_shape_bin,mid_harmonic,333,auc,0.6053846153846154
run_heldout,saturation_clipping,traditional_dE_E_tail_pedestal_likelihood,timing_residual_bin,timing_core,352,auc,0.9438301282051282
run_heldout,saturation_clipping,traditional_dE_E_tail_pedestal_likelihood,timing_residual_bin,timing_mid,312,auc,0.7953969594594594
run_heldout,saturation_clipping,traditional_dE_E_tail_pedestal_likelihood,timing_residual_bin,timing_tail,296,auc,0.802061855670103
run_heldout,saturation_clipping,traditional_dE_E_tail_pedestal_likelihood,pileup_flag,pileup_proxy,152,auc,0.9881773399014778
run_heldout,saturation_clipping,traditional_dE_E_tail_pedestal_likelihood,pileup_flag,single_proxy,808,auc,0.8856469201296787
run_heldout,saturation_clipping,traditional_dE_E_tail_pedestal_likelihood,saturation_flag,linear_proxy,899,auc,
run_heldout,saturation_clipping,traditional_dE_E_tail_pedestal_likelihood,saturation_flag,saturation_proxy,61,auc,
run_heldout,saturation_clipping,traditional_dE_E_tail_pedestal_likelihood,energy_bin,energy_high,318,auc,0.9773296742632144
run_heldout,saturation_clipping,traditional_dE_E_tail_pedestal_likelihood,energy_bin,energy_low,316,auc,0.5461783439490446
run_heldout,saturation_clipping,traditional_dE_E_tail_pedestal_likelihood,energy_bin,energy_mid,326,auc,0.8143018018018018
