group,runs,n_train,n_test,best_C,ml_auc,ml_ap
low_2nA,46 47,3000,3000,10.0,0.9862461931427449,0.981988761253344
high_20nA,44 45 48 49 50 51 52 53 54 55 56 57,3000,3000,10.0,0.9653240576102418,0.9718621529880316
