method,n_pair_residuals,median_ns,sigma68_ns,full_rms_ns,tail_frac_abs_gt5ns,sigma68_ci_low,sigma68_ci_high,full_rms_ci_low,full_rms_ci_high,tail_ci_low,tail_ci_high
raw_cfd20_pair_centered,13410,0.000223164488524219,1.681644797133409,5.789492463919804,0.015287099179716629,1.6332059210477066,1.729853226591076,4.2340341364177245,7.00848479002118,0.011975199074002305,0.019199595370643027
traditional_additive_ridge,13410,0.18632882709508977,2.157811685605158,5.297795887235522,0.050857568978374346,2.0855927952586244,2.259322028746377,3.9838225444328597,6.391433463302819,0.04569735592415454,0.05707001397089416
ml_rf_interaction_residual,13410,0.15180351995812819,1.3665443044736856,5.227970562629371,0.022818791946308724,1.3204718979819514,1.4236164453895348,3.788088708817121,6.5630205295902995,0.017336202850315754,0.02863066215819082
