method,auc,average_precision,brier,ece,mean_probability
traditional_additive_logit,0.8924073475494316,0.3582728242031009,0.07549144393352843,0.18538071327833489,0.20066781245805154
ml_sparse_interaction_logit,0.8970644896149833,0.37970413122370705,0.06817302609272753,0.16149593632239914,0.17678303550211574
ml_calibrated_tree,0.8952549385395406,0.3295375470954809,0.012138114663573864,0.003042930792107431,0.014931186435611006
shuffled_target_tree_control,0.32787469639179545,0.010540410365817852,0.17101010267145386,0.3785579666872741,0.39384506586699075
axis_shuffled_control,0.7534725390419372,0.24823712703411555,0.08339937708207387,0.17607615624762626,0.1913632554273429
