target,method,split,n,bias_median_frac,res68_abs_frac,full_rms_frac,within_5pct,within_10pct,bias_ci95,res68_ci95,full_rms_ci95,run_block_bias_ci95,run_block_res68_ci95,run_block_full_rms_ci95
odd_duplicate_amplitude,peak_calibrated,heldout_runs_57_65,26857,-0.06669977294108548,0.1237824793094799,0.5264294187260627,0.28275682317459133,0.5810775589231858,"[-0.06775767473221343, -0.06570641191211873]","[0.12216506175529748, 0.12532780745228497]","[0.48813057940082744, 0.5687942001119626]","[-0.08621708976171996, -0.049818451904184984]","[0.10180915216194056, 0.1394391077099221]","[0.4216722384048796, 0.6089623596503074]"
odd_duplicate_amplitude,residual_basis_huber,heldout_runs_57_65,26857,-2.0109130064611665e-05,0.006102337088855755,0.24833459403262395,0.8978664780131809,0.9351007186208438,"[-9.049911051024444e-05, 4.904611249757325e-05]","[0.005993236821084948, 0.006228534393114597]","[0.2173901713950533, 0.27993486094077186]","[-0.0001958252141441184, 0.00014535370276784446]","[0.00578839450814469, 0.0063972729373755685]","[0.12345262600158483, 0.3247700131685239]"
odd_duplicate_amplitude,residual_basis_ridge,heldout_runs_57_65,26857,0.003106140245138056,0.02511528121812117,0.17874522495248307,0.8439512976132851,0.9181219049037495,"[0.002821614158790506, 0.003411357861141109]","[0.024623343952219344, 0.025451186881547728]","[0.15366152481404002, 0.2041597935766872]","[0.002358869098001844, 0.003966257909527879]","[0.02449778263182372, 0.025702022313618855]","[0.08594291704945071, 0.23478772520050673]"
odd_duplicate_amplitude,residual_basis_extra_trees,heldout_runs_57_65,26857,-9.320308306396239e-05,0.002178108495750403,0.049344244316361,0.9610902185649923,0.9846222586290353,"[-0.0001105089156053974, -7.549321215548741e-05]","[0.002118515199624692, 0.0022384986921433233]","[0.03423416042480494, 0.0673492155087469]","[-0.00010954679544299206, -7.104798588056932e-05]","[0.00211118023980359, 0.0022672453461811707]","[0.03115517370626624, 0.061776307790526355]"
odd_duplicate_amplitude,shuffled_target_extra_trees,heldout_runs_57_65,26857,0.34405757920250085,0.8028830995191673,2.327757439797423,0.05782477566370034,0.11900063298209033,"[0.3342346795686434, 0.3567470461439987]","[0.7837246904521793, 0.8271962977712389]","[2.223591803778711, 2.436579120342763]","[0.16264488355231307, 0.5412100647424231]","[0.5381894746198456, 1.1185693725184849]","[2.0485822968563503, 2.563429384031064]"
