taxon,heldout_count,gallery_count,heldout_rate,gallery_rate
unassigned_common,54558,28.0,0.9152030597352926,0.109375
novel_early_pretrigger,2397,123.0,0.04020935030949625,0.48046875
baseline_excursion,732,58.0,0.012279200845453173,0.2265625
novel_delayed_peak,1581,41.0,0.0265210608424337,0.16015625
novel_broad_template_mismatch,162,1.0,0.002717528055960948,0.00390625
pileup_or_long_tail,93,1.0,0.0015600624024961,0.00390625
dropout,88,4.0,0.0014761880797812558,0.015625
saturation,2,0.0,3.354972908593763e-05,0.0
