method,n_events,n_runs,accuracy,accuracy_ci_low,accuracy_ci_high,balanced_accuracy,balanced_accuracy_ci_low,balanced_accuracy_ci_high,auc,auc_ci_low,auc_ci_high,log_loss,log_loss_ci_low,log_loss_ci_high,brier,brier_ci_low,brier_ci_high,ece10,ece10_ci_low,ece10_ci_high
traditional_filename_root_parser,8026,51,1.0,1.0,1.0,1.0,1.0,1.0,1.0,1.0,1.0,1.0000005000290887e-06,1.0000005000290887e-06,1.0000005000290893e-06,0.0,0.0,0.0,0.0,0.0,0.0
gradient_boosted_trees,8026,51,0.9968851233491154,0.9955651292448049,0.9980064789434339,0.9968851233491154,0.9955651292448049,0.9980064789434339,0.9998418421962659,0.9997028369650875,0.9999532999510331,0.01316770975369475,0.009325538029530912,0.017147706882360156,0.0026389665958424327,0.0017324552789224612,0.0035672493600833843,0.0024911501593981424,0.0019207571979990724,0.0036990681679486856
ridge,8026,51,0.99352105656616,0.9920819788171968,0.9952205882352941,0.99352105656616,0.992081978817197,0.9952205882352941,0.9993667478278451,0.9988137299956749,0.9997699151691715,0.024049151875321664,0.019722366655365264,0.028129362023051427,0.00516094593881117,0.004131462146624965,0.006265765348736335,0.008040070443305212,0.007069121181290204,0.009826910710435576
mlp,8026,51,0.9890356341888861,0.9868067812806555,0.9909827084646468,0.9890356341888862,0.9868067812806555,0.9909827084646468,0.9985568643746846,0.9977804840686274,0.999212103817445,0.03809138444780021,0.028728972613464077,0.04687073710715167,0.008760151985053517,0.0072402512753741806,0.010523306033506243,0.004200732506326135,0.003252623276688555,0.006714326083126862
cnn1d,8026,51,0.9090456017941689,0.8991012710529016,0.9180192238491091,0.909045601794169,0.8991012710529015,0.9180192238491092,0.9644685795336599,0.9588597598919213,0.9692773197238874,0.24138726968811317,0.22491201119555548,0.25716662462986056,0.07055395850121524,0.06524169655372043,0.07653872343879164,0.04880750301461584,0.04433640820353834,0.05397620674973612
channel_attention_cnn,8026,51,0.8848741589833042,0.8713004556575933,0.8984321459240312,0.8848741589833042,0.8713004556575932,0.8984321459240312,0.9462975084277866,0.9400181846273995,0.953024198043397,0.28066209672652975,0.2590025395818712,0.3023720444029262,0.08565083971492714,0.07741087123094352,0.09330045916478763,0.04708967570791556,0.04199164570590689,0.05479800785576063
