run,n_all_hit_events,baseline_external_sigma68_ns,baseline_external_n_pairs,baseline_downstream_sigma68_ns,baseline_downstream_n_pairs,traditional_external_sigma68_ns,traditional_external_n_pairs,traditional_downstream_sigma68_ns,traditional_downstream_n_pairs,ml_external_sigma68_ns,ml_external_n_pairs,ml_downstream_sigma68_ns,ml_downstream_n_pairs,traditional_shuffled_external_sigma68_ns,traditional_shuffled_external_n_pairs,traditional_shuffled_downstream_sigma68_ns,traditional_shuffled_downstream_n_pairs,ml_shuffled_external_sigma68_ns,ml_shuffled_external_n_pairs,ml_shuffled_downstream_sigma68_ns,ml_shuffled_downstream_n_pairs
58,72,3.807206447322446,432,3.10179138145744,216,3.2865202106921503,432,1.5195917783503468,216,4.216126405978944,432,2.1704353528537927,216,3.966224379249214,432,3.2117056211607817,216,4.422728122393707,432,3.2074986229173894,216
59,749,3.4014578989782693,4494,3.1876188913066352,2247,2.789254508955668,4494,1.5829127401895178,2247,3.2644855993157496,4494,1.9501305942993348,2247,3.5508828126004937,4494,3.3206754126241846,2247,3.7028662787241906,4494,3.3020688948968697,2247
60,802,2.9768077355049836,4812,3.1245545764940763,2406,2.5133765707555558,4812,1.6567805379368565,2406,2.8180108885216892,4812,1.9970322250304529,2406,3.1259288008542594,4812,3.2794083875345206,2406,3.203135395760266,4812,3.237456422986651,2406
61,925,2.760299544510541,5550,2.9148024416780047,2775,2.74479959801224,5550,1.7541769311308748,2775,3.150943040675213,5550,2.2031463210082363,2775,2.8890800749345558,5550,3.0394003449870155,2775,2.920895003830706,5550,2.984335875972574,2775
62,798,3.1527740464668588,4788,3.219698554729274,2394,2.628272222511635,4788,1.66607164328626,2394,2.9589338849913025,4788,1.9735155843395968,2394,3.3151027973591023,4788,3.346913979238113,2394,3.3893984926170875,4788,3.300693617807005,2394
63,365,3.7262390298015524,2190,3.3865910448445677,1095,2.9366077761021896,2190,1.6801117619173658,1095,3.4402306707186723,2190,1.8465895543688364,1095,3.8740288566557295,2190,3.5426130391993658,1095,3.939739201661179,2190,3.428313913456999,1095
65,63,3.6682319220221866,378,2.9761312171956633,189,3.0079300803581486,378,1.644413807906587,189,4.030332525484803,378,2.194905351010512,189,3.772160663984824,378,3.0930637783556385,189,3.9285846918547707,378,3.0700398561760824,189
