method,heldout_runs,metric,accuracy,accuracy_ci_low,accuracy_ci_high,false_positive_rate,false_positive_rate_ci_low,false_positive_rate_ci_high,false_negative_rate,precision,recall,tp,fp,tn,fn,notes,roc_auc,average_precision,brier
sorted hrdMax > 1000 proxy,"57,65",raw-gate selection accuracy,0.9854464336948413,0.98504816520342,0.9858322394847077,0.01610566714689972,0.01567391059044574,0.016547790042416084,0.0,0.8687962753402955,1.0,26871,4058,247903,0,The unsafe proxy under test.,,,
calibrated logistic regression on sorted branches,"57,65",raw-gate selection accuracy,0.9942689504791415,0.9939461754748379,0.9945488681356516,0.005246843757565655,0.004944933539639403,0.005557709364895709,0.010271296192921737,0.9526453415481606,0.9897287038070782,26595,1322,250639,276,Run-split ML correction sanity check; C=1.0. Not used for the gate.,0.9987501599656898,0.9842264369638514,0.00519674327223587
