method,heldout_runs,n_test,accuracy,accuracy_ci_low,accuracy_ci_high,precision,recall,f1,false_positive,false_negative,roc_auc,average_precision,brier
naive sorted hrdMax>1000,"57,65",278832,0.9854464336948413,0.9850245846961612,0.9859294306248925,0.8687962753402955,1.0,0.9297923875432526,4058,0,0.9940899077199685,0.929971548440765,
traditional corrected hrdMax-median(pre4)>1000,"57,65",278832,1.0,1.0,1.0,1.0,1.0,1.0,0,0,1.0,1.0,
ML calibrated logistic,"57,65",278832,0.9998386124978481,0.9997884030527343,0.9998816491650887,0.9994042743316702,0.9989207696029176,0.9991624634741015,16,29,0.9999915440553473,0.9998432995770046,0.0001450558544143102
