C,cv_roc_auc_mean,cv_roc_auc_std
0.01,0.9990156097176492,0.00012906455237923013
0.1,0.9992216445662684,3.953267536378286e-05
1.0,0.999262963102364,1.7150180358772344e-05
10.0,0.9992617716965991,1.9055670354867176e-05
