{
  "study": "S04f",
  "ticket": "1781039488.1240.043427d8",
  "worker": "testbeam-laptop-4",
  "title": "waveform timing pull-width calibration map",
  "reproduced": true,
  "split_by_run": true,
  "heldout_runs": [
    58,
    59,
    60,
    61,
    62,
    63,
    65
  ],
  "primary_metric": "abs pull-sigma68 error plus absolute 68/90/95 coverage error plus 0.01 median sigma",
  "winner": {
    "method": "ridge_conformal",
    "family": "ridge",
    "primary_score": 0.049916224535560466,
    "primary_score_ci_low": 0.0441000374500935,
    "primary_score_ci_high": 0.21532937032440966,
    "pull_sigma68": 0.9922498250123715,
    "coverage68": 0.6827225130890052,
    "pred_sigma_median_ns": 1.168978427742587
  },
  "traditional_baseline": {
    "method": "traditional_stratified_robust_width",
    "primary_score": 0.12201902882112728,
    "pull_sigma68": 1.0127484887730458,
    "coverage68": 0.6776614310645724
  },
  "delta_winner_minus_traditional_primary_score": -0.07210280428556681,
  "traditional_ci_relation": "winner_and_traditional_ci_overlap",
  "ci_separated_from_traditional": false,
  "best_control": {
    "method": "control_shuffled_target_ridge",
    "family": "control_shuffled_target",
    "primary_score": 0.07921622918344835
  },
  "model_families": [
    "cnn_1d",
    "control_amplitude_only",
    "control_phase_scrambled",
    "control_run_only",
    "control_sample_permuted",
    "control_shuffled_target",
    "gradient_boosted_trees",
    "mlp",
    "new_gated_waveform_tabular_cnn",
    "ridge",
    "traditional"
  ],
  "pooled_summary": [
    {
      "method": "ridge_conformal",
      "family": "ridge",
      "is_control": false,
      "n_heldout_runs": 7,
      "n_pulses": 11460,
      "mae_ns": 1.0252172999342855,
      "bias_median_ns": 0.04864415171030956,
      "pred_sigma_median_ns": 1.168978427742587,
      "pull_sigma68": 0.9922498250123715,
      "pull_rms": 2.061770258049836,
      "coverage68": 0.6827225130890052,
      "coverage90": 0.8877835951134381,
      "coverage95": 0.9317626527050611,
      "ece_abs": 0.030476265270506064,
      "primary_score": 0.049916224535560466,
      "primary_score_ci_low": 0.0441000374500935,
      "primary_score_ci_high": 0.21532937032440966,
      "pull_sigma68_ci_low": 0.926249209252661,
      "pull_sigma68_ci_high": 1.0757811911927226,
      "coverage68_ci_low": 0.6414255559419991,
      "coverage68_ci_high": 0.7154188948306596,
      "coverage90_ci_low": 0.8561710398445093,
      "coverage90_ci_high": 0.9075011482456935,
      "coverage95_ci_low": 0.9066796053695617,
      "coverage95_ci_high": 0.948766998309631,
      "pred_sigma_median_ns_ci_low": 1.120984865492471,
      "pred_sigma_median_ns_ci_high": 1.214057480479019,
      "mae_ns_ci_low": 0.9665366017072119,
      "mae_ns_ci_high": 1.1144089216461752
    },
    {
      "method": "gated_waveform_tabular_cnn",
      "family": "new_gated_waveform_tabular_cnn",
      "is_control": false,
      "n_heldout_runs": 7,
      "n_pulses": 11460,
      "mae_ns": 1.4538852570094662,
      "bias_median_ns": -0.1471958829648372,
      "pred_sigma_median_ns": 1.5099467362912367,
      "pull_sigma68": 1.0100010402795778,
      "pull_rms": 1.3653134499400015,
      "coverage68": 0.6675392670157068,
      "coverage90": 0.887521815008726,
      "coverage95": 0.9334205933682374,
      "ece_abs": 0.044218324607329884,
      "primary_score": 0.06931883224982008,
      "primary_score_ci_low": 0.043480950351423464,
      "primary_score_ci_high": 0.376296286149277,
      "pull_sigma68_ci_low": 0.9148922036290604,
      "pull_sigma68_ci_high": 1.1604130301490798,
      "coverage68_ci_low": 0.5983185590768245,
      "coverage68_ci_high": 0.7199288012596701,
      "coverage90_ci_low": 0.8382279103577831,
      "coverage90_ci_high": 0.9274276671819236,
      "coverage95_ci_low": 0.8998394863563403,
      "coverage95_ci_high": 0.9596432552954292,
      "pred_sigma_median_ns_ci_low": 1.2865095860851288,
      "pred_sigma_median_ns_ci_high": 1.6376843993432633,
      "mae_ns_ci_low": 1.1856066355350734,
      "mae_ns_ci_high": 1.7570360818335922
    },
    {
      "method": "control_shuffled_target_ridge",
      "family": "control_shuffled_target",
      "is_control": true,
      "n_heldout_runs": 7,
      "n_pulses": 11460,
      "mae_ns": 1.680311983011487,
      "bias_median_ns": -0.4854986612203227,
      "pred_sigma_median_ns": 1.7780191446497187,
      "pull_sigma68": 1.001947207021419,
      "pull_rms": 1.4574828101194657,
      "coverage68": 0.6475567190226876,
      "coverage90": 0.8900523560209425,
      "coverage95": 0.9356020942408377,
      "ece_abs": 0.059488830715532126,
      "primary_score": 0.07921622918344835,
      "primary_score_ci_low": 0.06904250672355546,
      "primary_score_ci_high": 0.42142067422577556,
      "pull_sigma68_ci_low": 0.9091364604522746,
      "pull_sigma68_ci_high": 1.1639294784226395,
      "coverage68_ci_low": 0.562962962962963,
      "coverage68_ci_high": 0.7135474446822409,
      "coverage90_ci_low": 0.8293621550806518,
      "coverage90_ci_high": 0.9277080427708043,
      "coverage95_ci_low": 0.8976144679826341,
      "coverage95_ci_high": 0.9590291550157052,
      "pred_sigma_median_ns_ci_low": 1.7406249819770718,
      "pred_sigma_median_ns_ci_high": 1.8274763663394558,
      "mae_ns_ci_low": 1.4860928863807918,
      "mae_ns_ci_high": 1.9780987670298438
    },
    {
      "method": "gradient_boosted_trees_conformal",
      "family": "gradient_boosted_trees",
      "is_control": false,
      "n_heldout_runs": 7,
      "n_pulses": 11460,
      "mae_ns": 0.9189980508167421,
      "bias_median_ns": 0.07002145674907534,
      "pred_sigma_median_ns": 0.9994508227951605,
      "pull_sigma68": 1.0122788903955062,
      "pull_rms": 2.8443802753817535,
      "coverage68": 0.6722513089005235,
      "coverage90": 0.8693717277486911,
      "coverage95": 0.9178883071553229,
      "ece_abs": 0.07318865619546244,
      "primary_score": 0.09546205481892027,
      "primary_score_ci_low": 0.05095281889333228,
      "primary_score_ci_high": 0.3399947555298666,
      "pull_sigma68_ci_low": 0.917299170819893,
      "pull_sigma68_ci_high": 1.1322748950583115,
      "coverage68_ci_low": 0.6231608047246027,
      "coverage68_ci_high": 0.7124777183600713,
      "coverage90_ci_low": 0.8279883381924198,
      "coverage90_ci_high": 0.8968857681555166,
      "coverage95_ci_low": 0.8857315598548973,
      "coverage95_ci_high": 0.9396709134998815,
      "pred_sigma_median_ns_ci_low": 0.9673255699203187,
      "pred_sigma_median_ns_ci_high": 1.0662311546528824,
      "mae_ns_ci_low": 0.8523178814434691,
      "mae_ns_ci_high": 1.019863371778872
    },
    {
      "method": "traditional_stratified_robust_width",
      "family": "traditional",
      "is_control": false,
      "n_heldout_runs": 7,
      "n_pulses": 11460,
      "mae_ns": 0.9517740304966983,
      "bias_median_ns": -0.008001890615915386,
      "pred_sigma_median_ns": 1.1649074079495252,
      "pull_sigma68": 1.0127484887730458,
      "pull_rms": 7.54003300745486,
      "coverage68": 0.6776614310645724,
      "coverage90": 0.8534904013961606,
      "coverage95": 0.9039267015706807,
      "ece_abs": 0.09762146596858623,
      "primary_score": 0.12201902882112728,
      "primary_score_ci_low": 0.09885801677419417,
      "primary_score_ci_high": 0.364558043628434,
      "pull_sigma68_ci_low": 0.9344826031217284,
      "pull_sigma68_ci_high": 1.1354707161087818,
      "coverage68_ci_low": 0.6299410070372209,
      "coverage68_ci_high": 0.7112630208333334,
      "coverage90_ci_low": 0.812165585121798,
      "coverage90_ci_high": 0.8838776568170036,
      "coverage95_ci_low": 0.8706882458721595,
      "coverage95_ci_high": 0.9260156039817057,
      "pred_sigma_median_ns_ci_low": 1.1201957475536721,
      "pred_sigma_median_ns_ci_high": 1.2285343622966174,
      "mae_ns_ci_low": 0.8839560635338894,