epoch,training_loss
1,0.15488992306362293
2,0.048190935117423915
3,0.03936893492937088
4,0.034732263594581064
