point idx=2 part=proton E=140 MeV x=0 y=0 theta=0 phi=0 seed=1 nev=2000 threads=4
CCB_BEAM_PREFLIGHT intersects=1 enters_neg_z=1 path_cm=2 reason=ok

**************************************************************
 Geant4 version Name: geant4-11-03-patch-02 [MT]   (25-April-2025)
  << in Multi-threaded mode >> 
                       Copyright : Geant4 Collaboration
                      References : NIM A 506 (2003), 250-303
                                 : IEEE-TNS 53 (2006), 270-278
                                 : NIM A 835 (2016), 186-225
                             WWW : http://geant4.org/
**************************************************************

CCB_STAVE_START particle=proton KE_MeV=140 nevents=2000 threads_requested=4 threads_effective=4 g4_force_threads=unset seed=1 hit_x_cm=0 hit_y_cm=0 theta_deg=0 phi_deg=0 allow_miss=0 birks_kB=0.126 quenching_model_id=birks_geant4 quenching_model_status=HYPOTHESIS quenching_claims_authorized=false production_cut_mm=0.1 physics_list=QGSP_BIC neutron_timecut_policy_id=pin_qgsp_bic_default_10us neutron_time_cut_us=10 neutron_tracking_time_cut_configured=1 reflectivity_scale=1 attenuation_scale(deprecated)=1 scintillator_absorption_scale=1 y11_bulk_attenuation_scale=1 pde_scale=1 collection_efficiency=1 optical_interface_model=UNKNOWN_EXTERNAL far_end=instrumented wls_time_profile=exponential mode=optical optical_dir=/projects/hep/fs10/shared/nnbar/billy/ccb-wt-1303/geant4/single_stave/build/optical strict_optical=1 output=/projects/hep/fs10/shared/nnbar/billy/ccb-wt-1303/geant4/results/1303_grid_regen_v2/stave_proton_140MeV_x0_y0_th0_ph0_s1.root gpu_optical=0 optical_out= dump_gdml=
G4PhysListFactory::GetReferencePhysList <QGSP_BIC>  EMoption= 0
<<< Geant4 Physics List simulation engine: QGSP_BIC


Checking overlaps for volume Coating:0 (G4SubtractionSolid) ... OK! 
Checking overlaps for volume Scintillator:0 (G4SubtractionSolid) ... OK! 
Checking overlaps for volume OuterClad_F1:0 (G4Tubs) ... OK! 
Checking overlaps for volume InnerClad_F1:0 (G4Tubs) ... OK! 
Checking overlaps for volume Core_F1:0 (G4Tubs) ... OK! 
Checking overlaps for volume Sensor_F1_PlusX:0 (G4Tubs) ... OK! 
Checking overlaps for volume Sensor_F1_MinusX:1 (G4Tubs) ... OK! 
Checking overlaps for volume OuterClad_F2:1 (G4Tubs) ... OK! 
Checking overlaps for volume InnerClad_F2:1 (G4Tubs) ... OK! 
Checking overlaps for volume Core_F2:1 (G4Tubs) ... OK! 
Checking overlaps for volume Sensor_F2_PlusX:2 (G4Tubs) ... OK! 
Checking overlaps for volume Sensor_F2_MinusX:3 (G4Tubs) ... OK! 
GEOMETRY_REPORT_BEGIN
stave_length_cm 50
stave_width_cm 5.18
stave_thickness_cm 2
normal_path_cm 2
fibre_diameter_mm 1.8
hole_diameter_mm 2
fibre_separation_cm 2
fibre_within_hole 1
fibre_protrudes_for_readout 1
holes_contained_y 1
holes_contained_z 1
geometry_hash e323b92195f9a6288944f0738dbadccf9386422f076362ca172fd0b6d119d1e1
physics_hash 695755f15879c60b7dbc23f5ad7f972d0ec3d9710fa2ec357d17a3b37c48faee
optical_hash 84c699d6bbc7b3f55adbef3231414e8b2552e602fd4cf36203c484ac880dd836
clad_inner_rindex 1.49
clad_outer_rindex 1.42
GEOMETRY_REPORT_END
GEOMETRY_SELFCHECK_PASS
### Adding tracking cuts for neutron  TimeCut(ns)= 10000  KinEnergyCut(MeV)= 0
### Birks coefficients used in run time
   G4_POLYSTYRENE     0.07943 mm/MeV     0.00841958 g/cm^2/MeV  massFactor=  504.5 effCharge= 18.5
   CCB_Scintillator     0.126 mm/MeV     0.013356 g/cm^2/MeV  massFactor=  504.5 effCharge= 18.5
=======================================================================
======                 Electromagnetic Physics Parameters      ========
=======================================================================
LPM effect enabled                                 1
Enable creation and use of sampling tables         0
Apply cuts on all EM processes                     0
Use combined TransportationWithMsc                 Disabled
Use general process                                1
Enable linear polarisation for gamma               0
Enable photoeffect sampling below K-shell          1
Enable sampling of quantum entanglement            0
X-section factor for integral approach             0.8
Min kinetic energy for tables                      100 eV 
Max kinetic energy for tables                      100 TeV
Number of bins per decade of a table               7
Verbose level                                      1
Verbose level for worker thread                    0
Bremsstrahlung energy threshold above which 
  primary e+- is added to the list of secondary    100 TeV
Bremsstrahlung energy threshold above which primary
  muon/hadron is added to the list of secondary    100 TeV
Positron annihilation at rest model                SimplePositronium
Enable 3 gamma annihilation on fly                 0
Lowest triplet kinetic energy                      1 MeV
Enable sampling of gamma linear polarisation       0
5D gamma conversion model type                     0
5D gamma conversion model on isolated ion          0
Use Ricardo-Gerardo pair production model          0
Livermore data directory                           epics_2017
=======================================================================
======                 Ionisation Parameters                   ========
=======================================================================
Step function for e+-                              (0.2, 1 mm)
Step function for muons/hadrons                    (0.2, 0.1 mm)
Step function for light ions                       (0.2, 0.1 mm)
Step function for general ions                     (0.2, 0.1 mm)
Lowest e+e- kinetic energy                         1 keV
Lowest muon/hadron kinetic energy                  1 keV
Use ICRU90 data                                    0
Fluctuations of dE/dx are enabled                  1
Type of fluctuation model for leptons and hadrons  Urban
Use built-in Birks satuaration                     1
Build CSDA range enabled                           0
Use cut as a final range enabled                   0
Enable angular generator interface                 0
Max kinetic energy for CSDA tables                 1 GeV
Max kinetic energy for NIEL computation            0 eV 
Linear loss limit                                  0.01
Read data from file for e+e- pair production by mu 0
=======================================================================
======                 Multiple Scattering Parameters          ========
=======================================================================
Type of msc step limit algorithm for e+-           1
Type of msc step limit algorithm for muons/hadrons 0
Msc lateral displacement for e+- enabled           1
Msc lateral displacement for muons and hadrons     0
Urban msc model lateral displacement alg96         1
Range factor for msc step limit for e+-            0.04
Range factor for msc step limit for muons/hadrons  0.2
Geometry factor for msc step limitation of e+-     2.5
Safety factor for msc step limit for e+-           0.6
Skin parameter for msc step limitation of e+-      1
Lambda limit for msc step limit for e+-            1 mm
Use Mott correction for e- scattering              0
Factor used for dynamic computation of angular 
  limit between single and multiple scattering     1
Fixed angular limit between single 
  and multiple scattering                          3.1416 rad
Upper energy limit for e+- multiple scattering     100 MeV
Type of electron single scattering model           0
Type of nuclear form-factor                        1
Screening factor                                   1
=======================================================================

phot:  for gamma SubType=12 BuildTable=0
      LambdaPrime table from 200 keV to 100 TeV in 61 bins 
      ===== EM models for the G4Region  DefaultRegionForTheWorld ======
 LivermorePhElectric : Emin=    0 eV  Emax=  100 TeV  SauterGavrila Fluo

compt:  for gamma SubType=13 BuildTable=1
      Lambda table from 100 eV  to 1 MeV, 7 bins/decade, spline: 1
      LambdaPrime table from 1 MeV to 100 TeV in 56 bins 
      ===== EM models for the G4Region  DefaultRegionForTheWorld ======
       Klein-Nishina : Emin=    0 eV  Emax=  100 TeV

conv:  for gamma SubType=14 BuildTable=1
      Lambda table from 1.022 MeV to 100 TeV, 18 bins/decade, spline: 1
      ===== EM models for the G4Region  DefaultRegionForTheWorld ======
     BetheHeitlerLPM : Emin=    0 eV  Emax=  100 TeV  ModifiedTsai

Rayl:  for gamma SubType=11 BuildTable=1
      Lambda table from 100 eV  to 150 keV, 7 bins/decade, spline: 0
      LambdaPrime table from 150 keV to 100 TeV in 62 bins 
      ===== EM models for the G4Region  DefaultRegionForTheWorld ======
   LivermoreRayleigh : Emin=    0 eV  Emax=  100 TeV  CullenGenerator

msc:  for e-  SubType= 10
      ===== EM models for the G4Region  DefaultRegionForTheWorld ======
            UrbanMsc : Emin=    0 eV  Emax=  100 MeV Nbins=42 100 eV  - 100 MeV
          StepLim=UseSafety Rfact=0.04 Gfact=2.5 Sfact=0.6 DispFlag:1 Skin=1 Llim=1 mm
        WentzelVIUni : Emin=  100 MeV Emax=  100 TeV Nbins=42 100 MeV - 100 TeV
          StepLim=UseSafety Rfact=0.04 Gfact=2.5 Sfact=0.6 DispFlag:1 Skin=1 Llim=1 mm

eIoni:  for e-  XStype:3  SubType=2
      dE/dx and range tables from 100 eV  to 100 TeV in 84 bins
      Lambda tables from threshold to 100 TeV, 7 bins/decade, spline: 1
      StepFunction=(0.2, 1 mm), integ: 3, fluct: 1, linLossLim= 0.01
      ===== EM models for the G4Region  DefaultRegionForTheWorld ======
        MollerBhabha : Emin=    0 eV  Emax=  100 TeV

eBrem:  for e-  XStype:4  SubType=3
      dE/dx and range tables from 100 eV  to 100 TeV in 84 bins
      Lambda tables from threshold to 100 TeV, 7 bins/decade, spline: 1
      LPM flag: 1 for E > 1 GeV,  VertexHighEnergyTh(GeV)= 100000
      ===== EM models for the G4Region  DefaultRegionForTheWorld ======
             eBremSB : Emin=    0 eV  Emax=    1 GeV  ModifiedTsai
            eBremLPM : Emin=    1 GeV Emax=  100 TeV  ModifiedTsai

CoulombScat:  for e- XStype:1 SubType=1 BuildTable=1
      Lambda table from 100 MeV to 100 TeV, 7 bins/decade, spline: 0
      ThetaMin(p) < Theta(degree) < 180, pLimit(GeV^1)= 0.139531
      ===== EM models for the G4Region  DefaultRegionForTheWorld ======
  eCoulombScattering : Emin=  100 MeV Emax=  100 TeV

msc:  for e+  SubType= 10
      ===== EM models for the G4Region  DefaultRegionForTheWorld ======
            UrbanMsc : Emin=    0 eV  Emax=  100 MeV Nbins=42 100 eV  - 100 MeV
          StepLim=UseSafety Rfact=0.04 Gfact=2.5 Sfact=0.6 DispFlag:1 Skin=1 Llim=1 mm
        WentzelVIUni : Emin=  100 MeV Emax=  100 TeV Nbins=42 100 MeV - 100 TeV
          StepLim=UseSafety Rfact=0.04 Gfact=2.5 Sfact=0.6 DispFlag:1 Skin=1 Llim=1 mm

eIoni:  for e+  XStype:3  SubType=2
      dE/dx and range tables from 100 eV  to 100 TeV in 84 bins
      Lambda tables from threshold to 100 TeV, 7 bins/decade, spline: 1
      StepFunction=(0.2, 1 mm), integ: 3, fluct: 1, linLossLim= 0.01
      ===== EM models for the G4Region  DefaultRegionForTheWorld ======
        MollerBhabha : Emin=    0 eV  Emax=  100 TeV

eBrem:  for e+  XStype:4  SubType=3
      dE/dx and range tables from 100 eV  to 100 TeV in 84 bins
      Lambda tables from threshold to 100 TeV, 7 bins/decade, spline: 1
      LPM flag: 1 for E > 1 GeV,  VertexHighEnergyTh(GeV)= 100000
      ===== EM models for the G4Region  DefaultRegionForTheWorld ======
             eBremSB : Emin=    0 eV  Emax=    1 GeV  ModifiedTsai
            eBremLPM : Emin=    1 GeV Emax=  100 TeV  ModifiedTsai

annihil:  for e+ XStype:2 SubType=5 AtRestModel:Simple BuildTable=0
      ===== EM models for the G4Region  DefaultRegionForTheWorld ======
            eplus2gg : Emin=    0 eV  Emax=  100 TeV

CoulombScat:  for e+ XStype:1 SubType=1 BuildTable=1
      Lambda table from 100 MeV to 100 TeV, 7 bins/decade, spline: 0
      ThetaMin(p) < Theta(degree) < 180, pLimit(GeV^1)= 0.139531
      ===== EM models for the G4Region  DefaultRegionForTheWorld ======
  eCoulombScattering : Emin=  100 MeV Emax=  100 TeV

msc:  for proton  SubType= 10
      ===== EM models for the G4Region  DefaultRegionForTheWorld ======
        WentzelVIUni : Emin=    0 eV  Emax=  100 TeV Nbins=84 100 eV  - 100 TeV
          StepLim=Minimal Rfact=0.2 Gfact=2.5 Sfact=0.6 DispFlag:0 Skin=1 Llim=1 mm

hIoni:  for proton  XStype:3  SubType=2
      dE/dx and range tables from 100 eV  to 100 TeV in 84 bins
      Lambda tables from threshold to 100 TeV, 7 bins/decade, spline: 1
      StepFunction=(0.2, 0.1 mm), integ: 3, fluct: 1, linLossLim= 0.01
      ===== EM models for the G4Region  DefaultRegionForTheWorld ======
               Bragg : Emin=    0 eV  Emax=    2 MeV
          BetheBloch : Emin=    2 MeV Emax=  100 TeV

hBrems:  for proton  XStype:1  SubType=3
      dE/dx and range tables from 100 eV  to 100 TeV in 84 bins
      Lambda tables from threshold to 100 TeV, 7 bins/decade, spline: 1
      ===== EM models for the G4Region  DefaultRegionForTheWorld ======
               hBrem : Emin=    0 eV  Emax=  100 TeV  ModifiedMephi

hPairProd:  for proton  XStype:1  SubType=4
      dE/dx and range tables from 100 eV  to 100 TeV in 84 bins
      Lambda tables from threshold to 100 TeV, 7 bins/decade, spline: 1
      Sampling table 17x1001; from 7.50618 GeV to 100 TeV 
      ===== EM models for the G4Region  DefaultRegionForTheWorld ======
           hPairProd : Emin=    0 eV  Emax=  100 TeV  ModifiedMephi

CoulombScat:  for proton XStype:1 SubType=1 BuildTable=1
      Lambda table from threshold  to 100 TeV, 7 bins/decade, spline: 0
      ThetaMin(p) < Theta(degree) < 180, pLimit(GeV^1)= 0.139531
      ===== EM models for the G4Region  DefaultRegionForTheWorld ======
  eCoulombScattering : Emin=    0 eV  Emax=  100 TeV

msc:  for GenericIon  SubType= 10
      ===== EM models for the G4Region  DefaultRegionForTheWorld ======
            UrbanMsc : Emin=    0 eV  Emax=  100 TeV
          StepLim=Minimal Rfact=0.2 Gfact=2.5 Sfact=0.6 DispFlag:0 Skin=1 Llim=1 mm

ionIoni:  for GenericIon  XStype:3  SubType=2
      dE/dx and range tables from 100 eV  to 100 TeV in 84 bins
      Lambda tables from threshold to 100 TeV, 7 bins/decade, spline: 1
      StepFunction=(0.2, 0.1 mm), integ: 3, fluct: 1, linLossLim= 0.02
      ===== EM models for the G4Region  DefaultRegionForTheWorld ======
               Bragg : Emin=    0 eV  Emax=    2 MeV
          BetheBloch : Emin=    2 MeV Emax=  100 TeV

msc:  for alpha  SubType= 10
      ===== EM models for the G4Region  DefaultRegionForTheWorld ======
            UrbanMsc : Emin=    0 eV  Emax=  100 TeV
          StepLim=Minimal Rfact=0.2 Gfact=2.5 Sfact=0.6 DispFlag:0 Skin=1 Llim=1 mm

ionIoni:  for alpha  XStype:3  SubType=2
      dE/dx and range tables from 100 eV  to 100 TeV in 84 bins
      Lambda tables from threshold to 100 TeV, 7 bins/decade, spline: 1
      StepFunction=(0.2, 0.1 mm), integ: 3, fluct: 1, linLossLim= 0.02
      ===== EM models for the G4Region  DefaultRegionForTheWorld ======
            BraggIon : Emin=    0 eV  Emax=7.9452 MeV
          BetheBloch : Emin=7.9452 MeV Emax=  100 TeV

msc:  for anti_proton  SubType= 10
      ===== EM models for the G4Region  DefaultRegionForTheWorld ======
        WentzelVIUni : Emin=    0 eV  Emax=  100 TeV Nbins=84 100 eV  - 100 TeV
          StepLim=Minimal Rfact=0.2 Gfact=2.5 Sfact=0.6 DispFlag:0 Skin=1 Llim=1 mm

hIoni:  for anti_proton  XStype:3  SubType=2
      dE/dx and range tables from 100 eV  to 100 TeV in 84 bins
      Lambda tables from threshold to 100 TeV, 7 bins/decade, spline: 1
      StepFunction=(0.2, 0.1 mm), integ: 3, fluct: 1, linLossLim= 0.01
      ===== EM models for the G4Region  DefaultRegionForTheWorld ======
            ICRU73QO : Emin=    0 eV  Emax=    2 MeV
          BetheBloch : Emin=    2 MeV Emax=  100 TeV

hBrems:  for anti_proton  XStype:1  SubType=3
      dE/dx and range tables from 100 eV  to 100 TeV in 84 bins
      Lambda tables from threshold to 100 TeV, 7 bins/decade, spline: 1
      ===== EM models for the G4Region  DefaultRegionForTheWorld ======
               hBrem : Emin=    0 eV  Emax=  100 TeV  ModifiedMephi

hPairProd:  for anti_proton  XStype:1  SubType=4
      dE/dx and range tables from 100 eV  to 100 TeV in 84 bins
      Lambda tables from threshold to 100 TeV, 7 bins/decade, spline: 1
      Sampling table 17x1001; from 7.50618 GeV to 100 TeV 
      ===== EM models for the G4Region  DefaultRegionForTheWorld ======
           hPairProd : Emin=    0 eV  Emax=  100 TeV  ModifiedMephi

CoulombScat:  for anti_proton XStype:1 SubType=1 BuildTable=1
      Lambda table from threshold  to 100 TeV, 7 bins/decade, spline: 0
      ThetaMin(p) < Theta(degree) < 180, pLimit(GeV^1)= 0.139531
      ===== EM models for the G4Region  DefaultRegionForTheWorld ======
  eCoulombScattering : Emin=    0 eV  Emax=  100 TeV

msc:  for kaon+  SubType= 10
      ===== EM models for the G4Region  DefaultRegionForTheWorld ======
        WentzelVIUni : Emin=    0 eV  Emax=  100 TeV Nbins=84 100 eV  - 100 TeV
          StepLim=Minimal Rfact=0.2 Gfact=2.5 Sfact=0.6 DispFlag:0 Skin=1 Llim=1 mm

hIoni:  for kaon+  XStype:3  SubType=2
      dE/dx and range tables from 100 eV  to 100 TeV in 84 bins
      Lambda tables from threshold to 100 TeV, 7 bins/decade, spline: 1
      StepFunction=(0.2, 0.1 mm), integ: 3, fluct: 1, linLossLim= 0.01
      ===== EM models for the G4Region  DefaultRegionForTheWorld ======
               Bragg : Emin=    0 eV  Emax=1.05231 MeV
          BetheBloch : Emin=1.05231 MeV Emax=  100 TeV

hBrems:  for kaon+  XStype:1  SubType=3
      dE/dx and range tables from 100 eV  to 100 TeV in 84 bins
      Lambda tables from threshold to 100 TeV, 7 bins/decade, spline: 1
      ===== EM models for the G4Region  DefaultRegionForTheWorld ======
               hBrem : Emin=    0 eV  Emax=  100 TeV  ModifiedMephi

hPairProd:  for kaon+  XStype:1  SubType=4
      dE/dx and range tables from 100 eV  to 100 TeV in 84 bins
      Lambda tables from threshold to 100 TeV, 7 bins/decade, spline: 1
      Sampling table 18x1001; from 3.94942 GeV to 100 TeV 
      ===== EM models for the G4Region  DefaultRegionForTheWorld ======
           hPairProd : Emin=    0 eV  Emax=  100 TeV  ModifiedMephi

CoulombScat:  for kaon+ XStype:1 SubType=1 BuildTable=1
      Lambda table from threshold  to 100 TeV, 7 bins/decade, spline: 0
      ThetaMin(p) < Theta(degree) < 180, pLimit(GeV^1)= 0.139531
      ===== EM models for the G4Region  DefaultRegionForTheWorld ======
  eCoulombScattering : Emin=    0 eV  Emax=  100 TeV

msc:  for kaon-  SubType= 10
      ===== EM models for the G4Region  DefaultRegionForTheWorld ======
        WentzelVIUni : Emin=    0 eV  Emax=  100 TeV Nbins=84 100 eV  - 100 TeV
          StepLim=Minimal Rfact=0.2 Gfact=2.5 Sfact=0.6 DispFlag:0 Skin=1 Llim=1 mm

hIoni:  for kaon-  XStype:3  SubType=2
      dE/dx and range tables from 100 eV  to 100 TeV in 84 bins
      Lambda tables from threshold to 100 TeV, 7 bins/decade, spline: 1
      StepFunction=(0.2, 0.1 mm), integ: 3, fluct: 1, linLossLim= 0.01
      ===== EM models for the G4Region  DefaultRegionForTheWorld ======
            ICRU73QO : Emin=    0 eV  Emax=1.05231 MeV
          BetheBloch : Emin=1.05231 MeV Emax=  100 TeV

hBrems:  for kaon-  XStype:1  SubType=3
      dE/dx and range tables from 100 eV  to 100 TeV in 84 bins
      Lambda tables from threshold to 100 TeV, 7 bins/decade, spline: 1
      ===== EM models for the G4Region  DefaultRegionForTheWorld ======
               hBrem : Emin=    0 eV  Emax=  100 TeV  ModifiedMephi

hPairProd:  for kaon-  XStype:1  SubType=4
      dE/dx and range tables from 100 eV  to 100 TeV in 84 bins
      Lambda tables from threshold to 100 TeV, 7 bins/decade, spline: 1
      Sampling table 18x1001; from 3.94942 GeV to 100 TeV 
      ===== EM models for the G4Region  DefaultRegionForTheWorld ======
           hPairProd : Emin=    0 eV  Emax=  100 TeV  ModifiedMephi

CoulombScat:  for kaon- XStype:1 SubType=1 BuildTable=1
      Used Lambda table of kaon+
      ThetaMin(p) < Theta(degree) < 180, pLimit(GeV^1)= 0.139531
      ===== EM models for the G4Region  DefaultRegionForTheWorld ======
  eCoulombScattering : Emin=    0 eV  Emax=  100 TeV

msc:  for mu+  SubType= 10
      ===== EM models for the G4Region  DefaultRegionForTheWorld ======
        WentzelVIUni : Emin=    0 eV  Emax=  100 TeV Nbins=84 100 eV  - 100 TeV
          StepLim=Minimal Rfact=0.2 Gfact=2.5 Sfact=0.6 DispFlag:0 Skin=1 Llim=1 mm

muIoni:  for mu+  XStype:3  SubType=2
      dE/dx and range tables from 100 eV  to 100 TeV in 84 bins
      Lambda tables from threshold to 100 TeV, 7 bins/decade, spline: 1
      StepFunction=(0.2, 0.1 mm), integ: 3, fluct: 1, linLossLim= 0.01
      ===== EM models for the G4Region  DefaultRegionForTheWorld ======
               Bragg : Emin=    0 eV  Emax=  200 keV
        MuBetheBloch : Emin=  200 keV Emax=  100 TeV

muBrems:  for mu+  XStype:1  SubType=3
      dE/dx and range tables from 100 eV  to 100 TeV in 84 bins
      Lambda tables from threshold to 100 TeV, 7 bins/decade, spline: 1
      ===== EM models for the G4Region  DefaultRegionForTheWorld ======
              MuBrem : Emin=    0 eV  Emax=  100 TeV  ModifiedMephi

muPairProd:  for mu+  XStype:1  SubType=4
      dE/dx and range tables from 100 eV  to 100 TeV in 84 bins
      Lambda tables from threshold to 100 TeV, 7 bins/decade, spline: 1
      Sampling table 21x1001; from 0.85 GeV to 100 TeV 
      ===== EM models for the G4Region  DefaultRegionForTheWorld ======
          muPairProd : Emin=    0 eV  Emax=  100 TeV  ModifiedMephi

CoulombScat:  for mu+ XStype:1 SubType=1 BuildTable=1
      Lambda table from threshold  to 100 TeV, 7 bins/decade, spline: 0
      ThetaMin(p) < Theta(degree) < 180, pLimit(GeV^1)= 0.139531
      ===== EM models for the G4Region  DefaultRegionForTheWorld ======
  eCoulombScattering : Emin=    0 eV  Emax=  100 TeV

msc:  for mu-  SubType= 10
      ===== EM models for the G4Region  DefaultRegionForTheWorld ======
        WentzelVIUni : Emin=    0 eV  Emax=  100 TeV Nbins=84 100 eV  - 100 TeV
          StepLim=Minimal Rfact=0.2 Gfact=2.5 Sfact=0.6 DispFlag:0 Skin=1 Llim=1 mm

muIoni:  for mu-  XStype:3  SubType=2
      dE/dx and range tables from 100 eV  to 100 TeV in 84 bins
      Lambda tables from threshold to 100 TeV, 7 bins/decade, spline: 1
      StepFunction=(0.2, 0.1 mm), integ: 3, fluct: 1, linLossLim= 0.01
      ===== EM models for the G4Region  DefaultRegionForTheWorld ======
            ICRU73QO : Emin=    0 eV  Emax=  200 keV
        MuBetheBloch : Emin=  200 keV Emax=  100 TeV

muBrems:  for mu-  XStype:1  SubType=3
      dE/dx and range tables from 100 eV  to 100 TeV in 84 bins
      Lambda tables from threshold to 100 TeV, 7 bins/decade, spline: 1
      ===== EM models for the G4Region  DefaultRegionForTheWorld ======
              MuBrem : Emin=    0 eV  Emax=  100 TeV  ModifiedMephi

muPairProd:  for mu-  XStype:1  SubType=4
      dE/dx and range tables from 100 eV  to 100 TeV in 84 bins
      Lambda tables from threshold to 100 TeV, 7 bins/decade, spline: 1
      Sampling table 21x1001; from 0.85 GeV to 100 TeV 
      ===== EM models for the G4Region  DefaultRegionForTheWorld ======
          muPairProd : Emin=    0 eV  Emax=  100 TeV  ModifiedMephi

CoulombScat:  for mu- XStype:1 SubType=1 BuildTable=1
      Used Lambda table of mu+
      ThetaMin(p) < Theta(degree) < 180, pLimit(GeV^1)= 0.139531
      ===== EM models for the G4Region  DefaultRegionForTheWorld ======
  eCoulombScattering : Emin=    0 eV  Emax=  100 TeV

msc:  for pi+  SubType= 10
      ===== EM models for the G4Region  DefaultRegionForTheWorld ======
        WentzelVIUni : Emin=    0 eV  Emax=  100 TeV Nbins=84 100 eV  - 100 TeV
          StepLim=Minimal Rfact=0.2 Gfact=2.5 Sfact=0.6 DispFlag:0 Skin=1 Llim=1 mm

hIoni:  for pi+  XStype:3  SubType=2
      dE/dx and range tables from 100 eV  to 100 TeV in 84 bins
      Lambda tables from threshold to 100 TeV, 7 bins/decade, spline: 1
      StepFunction=(0.2, 0.1 mm), integ: 3, fluct: 1, linLossLim= 0.01
      ===== EM models for the G4Region  DefaultRegionForTheWorld ======
               Bragg : Emin=    0 eV  Emax=297.505 keV
          BetheBloch : Emin=297.505 keV Emax=  100 TeV

hBrems:  for pi+  XStype:1  SubType=3
      dE/dx and range tables from 100 eV  to 100 TeV in 84 bins
      Lambda tables from threshold to 100 TeV, 7 bins/decade, spline: 1
      ===== EM models for the G4Region  DefaultRegionForTheWorld ======
               hBrem : Emin=    0 eV  Emax=  100 TeV  ModifiedMephi

hPairProd:  for pi+  XStype:1  SubType=4
      dE/dx and range tables from 100 eV  to 100 TeV in 84 bins
      Lambda tables from threshold to 100 TeV, 7 bins/decade, spline: 1
      Sampling table 20x1001; from 1.11656 GeV to 100 TeV 
      ===== EM models for the G4Region  DefaultRegionForTheWorld ======
           hPairProd : Emin=    0 eV  Emax=  100 TeV  ModifiedMephi

CoulombScat:  for pi+ XStype:1 SubType=1 BuildTable=1
      Lambda table from threshold  to 100 TeV, 7 bins/decade, spline: 0
      ThetaMin(p) < Theta(degree) < 180, pLimit(GeV^1)= 0.139531
      ===== EM models for the G4Region  DefaultRegionForTheWorld ======
  eCoulombScattering : Emin=    0 eV  Emax=  100 TeV

msc:  for pi-  SubType= 10
      ===== EM models for the G4Region  DefaultRegionForTheWorld ======
        WentzelVIUni : Emin=    0 eV  Emax=  100 TeV Nbins=84 100 eV  - 100 TeV
          StepLim=Minimal Rfact=0.2 Gfact=2.5 Sfact=0.6 DispFlag:0 Skin=1 Llim=1 mm

hIoni:  for pi-  XStype:3  SubType=2
      dE/dx and range tables from 100 eV  to 100 TeV in 84 bins
      Lambda tables from threshold to 100 TeV, 7 bins/decade, spline: 1
      StepFunction=(0.2, 0.1 mm), integ: 3, fluct: 1, linLossLim= 0.01
      ===== EM models for the G4Region  DefaultRegionForTheWorld ======
            ICRU73QO : Emin=    0 eV  Emax=297.505 keV
          BetheBloch : Emin=297.505 keV Emax=  100 TeV

hBrems:  for pi-  XStype:1  SubType=3
      dE/dx and range tables from 100 eV  to 100 TeV in 84 bins
      Lambda tables from threshold to 100 TeV, 7 bins/decade, spline: 1
      ===== EM models for the G4Region  DefaultRegionForTheWorld ======
               hBrem : Emin=    0 eV  Emax=  100 TeV  ModifiedMephi

hPairProd:  for pi-  XStype:1  SubType=4
      dE/dx and range tables from 100 eV  to 100 TeV in 84 bins
      Lambda tables from threshold to 100 TeV, 7 bins/decade, spline: 1
      Sampling table 20x1001; from 1.11656 GeV to 100 TeV 
      ===== EM models for the G4Region  DefaultRegionForTheWorld ======
           hPairProd : Emin=    0 eV  Emax=  100 TeV  ModifiedMephi

CoulombScat:  for pi- XStype:1 SubType=1 BuildTable=1
      Used Lambda table of pi+
      ThetaMin(p) < Theta(degree) < 180, pLimit(GeV^1)= 0.139531
      ===== EM models for the G4Region  DefaultRegionForTheWorld ======
  eCoulombScattering : Emin=    0 eV  Emax=  100 TeV

====================================================================
                  HADRONIC PROCESSES SUMMARY (verbose level 1)
-----------------------------------------------------------------------
                           Hadronic Processes for neutron
  Process: hadElastic
        Model:             hElasticCHIPS: 0 eV  ---> 100 TeV
     Cr_sctns:        G4NeutronElasticXS: 0 eV  ---> 100 TeV
  Process: neutronInelastic
        Model:                      QGSP: 12 GeV ---> 100 TeV
        Model:                      FTFP: 3 GeV ---> 25 GeV
        Model:            Binary Cascade: 0 eV  ---> 6 GeV
     Cr_sctns:      G4NeutronInelasticXS: 0 eV  ---> 100 TeV
  Process: nCapture
        Model:               nRadCapture: 0 eV  ---> 100 TeV
     Cr_sctns:        G4NeutronCaptureXS: 0 eV  ---> 100 TeV
  Process: nKiller
-----------------------------------------------------------------------
                           Hadronic Processes for GenericIon
  Process: ionElastic
        Model:          NNDiffuseElastic: 0 eV /n ---> 100 TeV/n
     Cr_sctns:  Glauber-Gribov Nucl-nucl: 0 eV  ---> 25.6 PeV
  Process: ionInelastic
        Model:  Binary Light Ion Cascade: 0 eV /n ---> 6 GeV/n
        Model:                      FTFP: 3 GeV/n ---> 100 TeV/n
     Cr_sctns:  Glauber-Gribov Nucl-nucl: 0 eV  ---> 25.6 PeV
-----------------------------------------------------------------------
                           Hadronic Processes for He3
  Process: hadElastic
        Model:              hElasticLHEP: 0 eV /n ---> 100 TeV/n
     Cr_sctns:  Glauber-Gribov Nucl-nucl: 0 eV  ---> 25.6 PeV
  Process: He3Inelastic
        Model:  Binary Light Ion Cascade: 0 eV /n ---> 6 GeV/n
        Model:                      FTFP: 3 GeV/n ---> 100 TeV/n
     Cr_sctns:  Glauber-Gribov Nucl-nucl: 0 eV  ---> 25.6 PeV
-----------------------------------------------------------------------
                           Hadronic Processes for alpha
  Process: hadElastic
        Model:              hElasticLHEP: 0 eV /n ---> 100 TeV/n
     Cr_sctns:  Glauber-Gribov Nucl-nucl: 0 eV  ---> 25.6 PeV
  Process: alphaInelastic
        Model:  Binary Light Ion Cascade: 0 eV /n ---> 6 GeV/n
        Model:                      FTFP: 3 GeV/n ---> 100 TeV/n
     Cr_sctns:  Glauber-Gribov Nucl-nucl: 0 eV  ---> 25.6 PeV
-----------------------------------------------------------------------
                           Hadronic Processes for anti_He3
  Process: hadElastic
        Model:              hElasticLHEP: 0 eV /n ---> 100.1 MeV/n
        Model:              AntiAElastic: 100 MeV/n ---> 100 TeV/n
     Cr_sctns:              AntiAGlauber: 0 eV  ---> 25.6 PeV
  Process: anti_He3Inelastic
        Model:                      FTFP: 0 eV /n ---> 100 TeV/n
     Cr_sctns:              AntiAGlauber: 0 eV  ---> 25.6 PeV
  Process: hFritiofCaptureAtRest
-----------------------------------------------------------------------
                           Hadronic Processes for anti_alpha
  Process: hadElastic
        Model:              hElasticLHEP: 0 eV /n ---> 100.1 MeV/n
        Model:              AntiAElastic: 100 MeV/n ---> 100 TeV/n
     Cr_sctns:              AntiAGlauber: 0 eV  ---> 25.6 PeV
  Process: anti_alphaInelastic
        Model:                      FTFP: 0 eV /n ---> 100 TeV/n
     Cr_sctns:              AntiAGlauber: 0 eV  ---> 25.6 PeV
  Process: hFritiofCaptureAtRest
-----------------------------------------------------------------------
                           Hadronic Processes for anti_deuteron
  Process: hadElastic
        Model:              hElasticLHEP: 0 eV /n ---> 100.1 MeV/n
        Model:              AntiAElastic: 100 MeV/n ---> 100 TeV/n
     Cr_sctns:              AntiAGlauber: 0 eV  ---> 25.6 PeV
  Process: anti_deuteronInelastic
        Model:                      FTFP: 0 eV /n ---> 100 TeV/n
     Cr_sctns:              AntiAGlauber: 0 eV  ---> 25.6 PeV
  Process: hFritiofCaptureAtRest
-------------------------------------------------------------------------
                           Hadronic Processes for anti_hypertriton
  Process: hFritiofCaptureAtRest
-----------------------------------------------------------------------
                           Hadronic Processes for anti_lambda
  Process: hadElastic
        Model:              hElasticLHEP: 0 eV  ---> 100 TeV
     Cr_sctns:            Glauber-Gribov: 0 eV  ---> 100 TeV
  Process: anti_lambdaInelastic
        Model:                      QGSP: 12 GeV ---> 100 TeV
        Model:                      FTFP: 0 eV  ---> 25 GeV
     Cr_sctns:            Glauber-Gribov: 0 eV  ---> 100 TeV
  Process: hFritiofCaptureAtRest
-----------------------------------------------------------------------
                           Hadronic Processes for anti_neutron
  Process: hadElastic
        Model:              hElasticLHEP: 0 eV  ---> 100.1 MeV
        Model:              AntiAElastic: 100 MeV ---> 100 TeV
     Cr_sctns:              AntiAGlauber: 0 eV  ---> 25.6 PeV
  Process: anti_neutronInelastic
        Model:                      FTFP: 0 eV  ---> 100 TeV
     Cr_sctns:              AntiAGlauber: 0 eV  ---> 25.6 PeV
  Process: hFritiofCaptureAtRest
-----------------------------------------------------------------------
                           Hadronic Processes for anti_proton
  Process: hadElastic
        Model:              hElasticLHEP: 0 eV  ---> 100.1 MeV
        Model:              AntiAElastic: 100 MeV ---> 100 TeV
     Cr_sctns:              AntiAGlauber: 0 eV  ---> 25.6 PeV
  Process: anti_protonInelastic
        Model:                      FTFP: 0 eV  ---> 100 TeV
     Cr_sctns:              AntiAGlauber: 0 eV  ---> 25.6 PeV
  Process: hFritiofCaptureAtRest
-----------------------------------------------------------------------
                           Hadronic Processes for anti_triton
  Process: hadElastic
        Model:              hElasticLHEP: 0 eV /n ---> 100.1 MeV/n
        Model:              AntiAElastic: 100 MeV/n ---> 100 TeV/n
     Cr_sctns:              AntiAGlauber: 0 eV  ---> 25.6 PeV
  Process: anti_tritonInelastic
        Model:                      FTFP: 0 eV /n ---> 100 TeV/n
     Cr_sctns:              AntiAGlauber: 0 eV  ---> 25.6 PeV
  Process: hFritiofCaptureAtRest
-----------------------------------------------------------------------
                           Hadronic Processes for deuteron
  Process: hadElastic
        Model:              hElasticLHEP: 0 eV /n ---> 100 TeV/n
     Cr_sctns:  Glauber-Gribov Nucl-nucl: 0 eV  ---> 25.6 PeV
  Process: dInelastic
        Model:  Binary Light Ion Cascade: 0 eV /n ---> 6 GeV/n
        Model:                      FTFP: 3 GeV/n ---> 100 TeV/n
     Cr_sctns:  Glauber-Gribov Nucl-nucl: 0 eV  ---> 25.6 PeV
-----------------------------------------------------------------------
                           Hadronic Processes for e+
  Process: positronNuclear
        Model:   G4ElectroVDNuclearModel: 0 eV  ---> 1 PeV
     Cr_sctns:          ElectroNuclearXS: 0 eV  ---> 100 TeV
-----------------------------------------------------------------------
                           Hadronic Processes for e-
  Process: electronNuclear
        Model:   G4ElectroVDNuclearModel: 0 eV  ---> 1 PeV
     Cr_sctns:          ElectroNuclearXS: 0 eV  ---> 100 TeV
-----------------------------------------------------------------------
                           Hadronic Processes for gamma
  Process: photonNuclear
        Model:               GammaNPreco: 0 eV  ---> 200 MeV
        Model:            BertiniCascade: 199 MeV ---> 6 GeV
        Model:           TheoFSGenerator: 3 GeV ---> 100 TeV
     Cr_sctns:            GammaNuclearXS: 0 eV  ---> 100 TeV
-----------------------------------------------------------------------
                           Hadronic Processes for kaon+
  Process: hadElastic
        Model:              hElasticLHEP: 0 eV  ---> 100 TeV
     Cr_sctns:            Glauber-Gribov: 0 eV  ---> 100 TeV
  Process: kaon+Inelastic
        Model:                      QGSP: 12 GeV ---> 100 TeV
        Model:                      FTFP: 3 GeV ---> 25 GeV
        Model:            BertiniCascade: 0 eV  ---> 6 GeV
     Cr_sctns:            Glauber-Gribov: 0 eV  ---> 100 TeV
-----------------------------------------------------------------------
                           Hadronic Processes for kaon-
  Process: hadElastic
        Model:              hElasticLHEP: 0 eV  ---> 100 TeV
     Cr_sctns:            Glauber-Gribov: 0 eV  ---> 100 TeV
  Process: kaon-Inelastic
        Model:                      QGSP: 12 GeV ---> 100 TeV
        Model:                      FTFP: 3 GeV ---> 25 GeV
        Model:            BertiniCascade: 0 eV  ---> 6 GeV
     Cr_sctns:            Glauber-Gribov: 0 eV  ---> 100 TeV
  Process: hBertiniCaptureAtRest
-----------------------------------------------------------------------
                           Hadronic Processes for lambda
  Process: hadElastic
        Model:              hElasticLHEP: 0 eV  ---> 100 TeV
     Cr_sctns:            Glauber-Gribov: 0 eV  ---> 100 TeV
  Process: lambdaInelastic
        Model:                      QGSP: 12 GeV ---> 100 TeV
        Model:                      FTFP: 3 GeV ---> 25 GeV
        Model:            BertiniCascade: 0 eV  ---> 6 GeV
     Cr_sctns:            Glauber-Gribov: 0 eV  ---> 100 TeV
-----------------------------------------------------------------------
                           Hadronic Processes for mu+
  Process: muonNuclear
        Model:      G4MuonVDNuclearModel: 0 eV  ---> 1 PeV
     Cr_sctns:     KokoulinMuonNuclearXS: 0 eV  ---> 100 TeV
-----------------------------------------------------------------------
                           Hadronic Processes for mu-
  Process: muonNuclear
        Model:      G4MuonVDNuclearModel: 0 eV  ---> 1 PeV
     Cr_sctns:     KokoulinMuonNuclearXS: 0 eV  ---> 100 TeV
  Process: muMinusCaptureAtRest
-----------------------------------------------------------------------
                           Hadronic Processes for pi+
  Process: hadElastic
        Model:           hElasticGlauber: 0 eV  ---> 100 TeV
     Cr_sctns:  BarashenkovGlauberGribov: 0 eV  ---> 100 TeV
  Process: pi+Inelastic
        Model:                      QGSP: 12 GeV ---> 100 TeV
        Model:                      FTFP: 3 GeV ---> 25 GeV
        Model:            BertiniCascade: 0 eV  ---> 6 GeV
     Cr_sctns:  BarashenkovGlauberGribov: 0 eV  ---> 100 TeV
-----------------------------------------------------------------------
                           Hadronic Processes for pi-
  Process: hadElastic
        Model:           hElasticGlauber: 0 eV  ---> 100 TeV
     Cr_sctns:  BarashenkovGlauberGribov: 0 eV  ---> 100 TeV
  Process: pi-Inelastic
        Model:                      QGSP: 12 GeV ---> 100 TeV
        Model:                      FTFP: 3 GeV ---> 25 GeV
        Model:            BertiniCascade: 0 eV  ---> 6 GeV
     Cr_sctns:  BarashenkovGlauberGribov: 0 eV  ---> 100 TeV
  Process: hBertiniCaptureAtRest
-----------------------------------------------------------------------
                           Hadronic Processes for proton
  Process: hadElastic
        Model:             hElasticCHIPS: 0 eV  ---> 100 TeV
     Cr_sctns:  BarashenkovGlauberGribov: 0 eV  ---> 100 TeV
  Process: protonInelastic
        Model:                      QGSP: 12 GeV ---> 100 TeV
        Model:                      FTFP: 3 GeV ---> 25 GeV
        Model:            Binary Cascade: 0 eV  ---> 6 GeV
     Cr_sctns:  BarashenkovGlauberGribov: 0 eV  ---> 100 TeV
-----------------------------------------------------------------------
                           Hadronic Processes for sigma-
  Process: hadElastic
        Model:              hElasticLHEP: 0 eV  ---> 100 TeV
     Cr_sctns:            Glauber-Gribov: 0 eV  ---> 100 TeV
  Process: sigma-Inelastic
        Model:                      QGSP: 12 GeV ---> 100 TeV
        Model:                      FTFP: 3 GeV ---> 25 GeV
        Model:            BertiniCascade: 0 eV  ---> 6 GeV
     Cr_sctns:            Glauber-Gribov: 0 eV  ---> 100 TeV
  Process: hBertiniCaptureAtRest
-----------------------------------------------------------------------
                           Hadronic Processes for triton
  Process: hadElastic
        Model:              hElasticLHEP: 0 eV /n ---> 100 TeV/n
     Cr_sctns:  Glauber-Gribov Nucl-nucl: 0 eV  ---> 25.6 PeV
  Process: tInelastic
        Model:  Binary Light Ion Cascade: 0 eV /n ---> 6 GeV/n
        Model:                      FTFP: 3 GeV/n ---> 100 TeV/n
     Cr_sctns:  Glauber-Gribov Nucl-nucl: 0 eV  ---> 25.6 PeV
=======================================================================
======       Geant4 Native Pre-compound Model Parameters       ========
=======================================================================
Type of pre-compound inverse x-section              1
Pre-compound model active                           1
Pre-compound excitation low energy                  100 keV
Pre-compound excitation high energy                 30 MeV
Angular generator for pre-compound model            1
Use NeverGoBack option for pre-compound model       0
Use SoftCutOff option for pre-compound model        0
Use CEM transitions for pre-compound model          1
Use GNASH transitions for pre-compound model        0
Use HETC submodel for pre-compound model            0
=======================================================================
======       Nuclear De-excitation Module Parameters           ========
=======================================================================
Type of de-excitation inverse x-section             3
Type of de-excitation factory                       Evaporation+GEM
Number of de-excitation channels                    68
Min excitation energy                               10 eV 
Min energy per nucleon for multifragmentation       200 GeV
Limit excitation energy for Fermi BreakUp           20 MeV
Level density (1/MeV)                               0.075
Use simple level density model                      1
Use discrete excitation energy of the residual      0
Time limit for long lived isomeres                  1 ns 
Isomer production flag                              1
Internal e- conversion flag                         1
Store e- internal conversion data                   1
Correlated gamma emission flag                      0
Max 2J for sampling of angular correlations         10
=======================================================================

=========================================================================
--> G4TaskRunManager::CreateAndStartWorkers() --> Initializing workers...
=========================================================================

SIPM_CONFIG cells=3600 cells_x=60 cells_y=60 active_mm=3x3 recovery_ns=30 dcr_hz=500000 dark_enabled=1 crosstalk=0.03 afterpulse_fast=0.01 window_start_ns=-20 window_end_ns=250 sample_dt_ns=0.5 adc_bits=12 adc_lsb_pe=0.01 baseline_adc=200 overvoltage_V=3 temperature_C=25 trigger_recovery_model=EXPONENTIAL gain_recovery_model=EXPONENTIAL_H1_SHARED
SIPM_CONFIG cells=3600 cells_x=60 cells_y=60 active_mm=3x3 recovery_ns=30 dcr_hz=500000 dark_enabled=1 crosstalk=0.03 afterpulse_fast=0.01 window_start_ns=-20 window_end_ns=250 sample_dt_ns=0.5 adc_bits=12 adc_lsb_pe=0.01 baseline_adc=200 overvoltage_V=3 temperature_C=25 trigger_recovery_model=EXPONENTIAL gain_recovery_model=EXPONENTIAL_H1_SHARED
SIPM_CONFIG cells=3600 cells_x=60 cells_y=60 active_mm=3x3 recovery_ns=30 dcr_hz=500000 dark_enabled=1 crosstalk=0.03 afterpulse_fast=0.01 window_start_ns=-20 window_end_ns=250 sample_dt_ns=0.5 adc_bits=12 adc_lsb_pe=0.01 baseline_adc=200 overvoltage_V=3 temperature_C=25 trigger_recovery_model=EXPONENTIAL gain_recovery_model=EXPONENTIAL_H1_SHARED
SIPM_CONFIG cells=3600 cells_x=60 cells_y=60 active_mm=3x3 recovery_ns=30 dcr_hz=500000 dark_enabled=1 crosstalk=0.03 afterpulse_fast=0.01 window_start_ns=-20 window_end_ns=250 sample_dt_ns=0.5 adc_bits=12 adc_lsb_pe=0.01 baseline_adc=200 overvoltage_V=3 temperature_C=25 trigger_recovery_model=EXPONENTIAL gain_recovery_model=EXPONENTIAL_H1_SHARED
CCB_NEUTRON_TIMECUT policy_id=pin_qgsp_bic_default_10us time_cut_us=10 status=PINNED_REFERENCE_DEFAULT
RUN_CONFIG particle=proton KE_MeV=140 nevents=2000 threads_requested=4 threads_effective=4 g4_force_threads=unset seed=1 hit_x_cm=0 hit_y_cm=0 theta_deg=0 phi_deg=0 allow_miss=0 birks_kB=0.126 quenching_model_id=birks_geant4 quenching_model_status=HYPOTHESIS quenching_claims_authorized=false production_cut_mm=0.1 physics_list=QGSP_BIC neutron_timecut_policy_id=pin_qgsp_bic_default_10us neutron_time_cut_us=10 neutron_tracking_time_cut_configured=1 reflectivity_scale=1 attenuation_scale(deprecated)=1 scintillator_absorption_scale=1 y11_bulk_attenuation_scale=1 pde_scale=1 collection_efficiency=1 optical_interface_model=UNKNOWN_EXTERNAL far_end=instrumented wls_time_profile=exponential mode=optical optical_dir=/projects/hep/fs10/shared/nnbar/billy/ccb-wt-1303/geant4/single_stave/build/optical strict_optical=1 output=/projects/hep/fs10/shared/nnbar/billy/ccb-wt-1303/geant4/results/1303_grid_regen_v2/stave_proton_140MeV_x0_y0_th0_ph0_s1.root gpu_optical=0 optical_out= dump_gdml= geometry_hash=e323b92195f9a6288944f0738dbadccf9386422f076362ca172fd0b6d119d1e1

==========================================================================================
--> G4TaskRunManager::CreateAndStartWorkers() --> Creating 45 tasks with 44 events/task...
==========================================================================================

SIPM_ARRIVALS event=88 total=1745
SIPM_ADC event=88 readout=3895 f1far=3895 f2near=3895 f2far=3895
SIPM_ARRIVALS event=132 total=1821
SIPM_ADC event=132 readout=3895 f1far=3895 f2near=3895 f2far=3895
SIPM_ARRIVALS event=0 total=1861
SIPM_ADC event=0 readout=3895 f1far=3895 f2near=3895 f2far=3895
SIPM_ARRIVALS event=44 total=1867
SIPM_ADC event=44 readout=3895 f1far=3895 f2near=3895 f2far=3895
SIPM_ARRIVALS event=89 total=1739
SIPM_ADC event=89 readout=3895 f1far=3895 f2near=3895 f2far=3895
SIPM_ARRIVALS event=45 total=1665
SIPM_ADC event=45 readout=3895 f1far=3895 f2near=3895 f2far=3895
SIPM_ARRIVALS event=1 total=1786
SIPM_ADC event=1 readout=3895 f1far=3895 f2near=3895 f2far=3895
SIPM_ARRIVALS event=133 total=1948
SIPM_ADC event=133 readout=3895 f1far=3895 f2near=3895 f2far=3895
SIPM_ARRIVALS event=90 total=1686
SIPM_ADC event=90 readout=3895 f1far=3895 f2near=3895 f2far=3895
SIPM_ARRIVALS event=2 total=1671
SIPM_ADC event=2 readout=3895 f1far=3895 f2near=3895 f2far=3895
SIPM_ARRIVALS event=46 total=1799
SIPM_ADC event=46 readout=3895 f1far=3895 f2near=3895 f2far=3895
SIPM_ARRIVALS event=134 total=1798
SIPM_ADC event=134 readout=3895 f1far=3895 f2near=3895 f2far=3895
SIPM_ARRIVALS event=91 total=1679
SIPM_ADC event=91 readout=3895 f1far=3895 f2near=3895 f2far=3895
SIPM_ARRIVALS event=3 total=1759
SIPM_ADC event=3 readout=3895 f1far=3895 f2near=3895 f2far=3895
SIPM_ARRIVALS event=47 total=1701
SIPM_ADC event=47 readout=3895 f1far=3895 f2near=3895 f2far=3895
SIPM_ARRIVALS event=135 total=2946
SIPM_ADC event=135 readout=3895 f1far=3895 f2near=3895 f2far=3895
SIPM_ARRIVALS event=92 total=1740
SIPM_ADC event=92 readout=3895 f1far=3895 f2near=3895 f2far=3895
SIPM_ARRIVALS event=4 total=1822
SIPM_ADC event=4 readout=3895 f1far=3895 f2near=3895 f2far=3895
SIPM_ARRIVALS event=48 total=1842
SIPM_ADC event=48 readout=3895 f1far=3895 f2near=3895 f2far=3895
SIPM_ARRIVALS event=136 total=1745
SIPM_ADC event=136 readout=3895 f1far=3895 f2near=3895 f2far=3895
SIPM_ARRIVALS event=93 total=1685
SIPM_ADC event=93 readout=3895 f1far=3895 f2near=3895 f2far=3895
SIPM_ARRIVALS event=49 total=1698
SIPM_ADC event=49 readout=3895 f1far=3895 f2near=3895 f2far=3895
SIPM_ARRIVALS event=5 total=1856
SIPM_ADC event=5 readout=3895 f1far=3895 f2near=3895 f2far=3895
SIPM_ARRIVALS event=137 total=1745
SIPM_ADC event=137 readout=3895 f1far=3895 f2near=3895 f2far=3895
SIPM_ARRIVALS event=94 total=1704
SIPM_ADC event=94 readout=3895 f1far=3895 f2near=3895 f2far=3895
SIPM_ARRIVALS event=6 total=1800
SIPM_ADC event=6 readout=3895 f1far=3895 f2near=3895 f2far=3895
SIPM_ARRIVALS event=50 total=1926
SIPM_ADC event=50 readout=3895 f1far=3895 f2near=3895 f2far=3895
SIPM_ARRIVALS event=138 total=1755
SIPM_ADC event=138 readout=3895 f1far=3895 f2near=3895 f2far=3895
SIPM_ARRIVALS event=95 total=1715
SIPM_ADC event=95 readout=3895 f1far=3895 f2near=3895 f2far=3895
SIPM_ARRIVALS event=7 total=1839
SIPM_ADC event=7 readout=3895 f1far=3895 f2near=3895 f2far=3895
SIPM_ARRIVALS event=51 total=1809
SIPM_ADC event=51 readout=3895 f1far=3895 f2near=3895 f2far=3895
SIPM_ARRIVALS event=139 total=1667
SIPM_ADC event=139 readout=3895 f1far=3895 f2near=3895 f2far=3895
SIPM_ARRIVALS event=96 total=1833
SIPM_ADC event=96 readout=3895 f1far=3895 f2near=3895 f2far=3895
SIPM_ARRIVALS event=8 total=1804
SIPM_ADC event=8 readout=3895 f1far=3895 f2near=3895 f2far=3895
SIPM_ARRIVALS event=52 total=1733
SIPM_ADC event=52 readout=3895 f1far=3895 f2near=3895 f2far=3895
SIPM_ARRIVALS event=140 total=1777
SIPM_ADC event=140 readout=3895 f1far=3895 f2near=3895 f2far=3895
SIPM_ARRIVALS event=97 total=1728
SIPM_ADC event=97 readout=3895 f1far=3895 f2near=3895 f2far=3895
SIPM_ARRIVALS event=9 total=1796
SIPM_ADC event=9 readout=3895 f1far=3895 f2near=3895 f2far=3895
SIPM_ARRIVALS event=53 total=1682
SIPM_ADC event=53 readout=3895 f1far=3895 f2near=3895 f2far=3895
SIPM_ARRIVALS event=141 total=1756
SIPM_ADC event=141 readout=3895 f1far=3895 f2near=3895 f2far=3895
SIPM_ARRIVALS event=98 total=1776
SIPM_ADC event=98 readout=3895 f1far=3895 f2near=3895 f2far=3895
SIPM_ARRIVALS event=10 total=1663
SIPM_ADC event=10 readout=3895 f1far=3895 f2near=3895 f2far=3895
SIPM_ARRIVALS event=54 total=1775
SIPM_ADC event=54 readout=3895 f1far=3895 f2near=3895 f2far=3895
SIPM_ARRIVALS event=142 total=1928
SIPM_ADC event=142 readout=3895 f1far=3895 f2near=3895 f2far=3895
SIPM_ARRIVALS event=11 total=1809
SIPM_ADC event=11 readout=3895 f1far=3895 f2near=3895 f2far=3895
SIPM_ARRIVALS event=99 total=1722
SIPM_ADC event=99 readout=3895 f1far=3895 f2near=3895 f2far=3895
SIPM_ARRIVALS event=55 total=1895
SIPM_ADC event=55 readout=3895 f1far=3895 f2near=3895 f2far=3895
SIPM_ARRIVALS event=143 total=1703
SIPM_ADC event=143 readout=3895 f1far=3895 f2near=3895 f2far=3895
SIPM_ARRIVALS event=12 total=1713
SIPM_ADC event=12 readout=3895 f1far=3895 f2near=3895 f2far=3895
SIPM_ARRIVALS event=100 total=1804
SIPM_ADC event=100 readout=3895 f1far=3895 f2near=3895 f2far=3895
SIPM_ARRIVALS event=56 total=1805
SIPM_ADC event=56 readout=3895 f1far=3895 f2near=3895 f2far=3895
SIPM_ARRIVALS event=144 total=1875
SIPM_ADC event=144 readout=3895 f1far=3895 f2near=3895 f2far=3895
SIPM_ARRIVALS event=13 total=1826
SIPM_ADC event=13 readout=3895 f1far=3895 f2near=3895 f2far=3895
SIPM_ARRIVALS event=101 total=1860
SIPM_ADC event=101 readout=3895 f1far=3895 f2near=3895 f2far=3895
SIPM_ARRIVALS event=57 total=1783
SIPM_ADC event=57 readout=3895 f1far=3895 f2near=3895 f2far=3895
SIPM_ARRIVALS event=145 total=1761
SIPM_ADC event=145 readout=3895 f1far=3895 f2near=3895 f2far=3895
SIPM_ARRIVALS event=14 total=1801
SIPM_ADC event=14 readout=3895 f1far=3895 f2near=3895 f2far=3895
SIPM_ARRIVALS event=102 total=1785
SIPM_ADC event=102 readout=3895 f1far=3895 f2near=3895 f2far=3895
SIPM_ARRIVALS event=58 total=1741
SIPM_ADC event=58 readout=3895 f1far=3895 f2near=3895 f2far=3895
SIPM_ARRIVALS event=146 total=1940
SIPM_ADC event=146 readout=3895 f1far=3895 f2near=3895 f2far=3895
SIPM_ARRIVALS event=15 total=1710
SIPM_ADC event=15 readout=3895 f1far=3895 f2near=3895 f2far=3895
SIPM_ARRIVALS event=103 total=1824
SIPM_ADC event=103 readout=3895 f1far=3895 f2near=3895 f2far=3895
SIPM_ARRIVALS event=59 total=1785
SIPM_ADC event=59 readout=3895 f1far=3895 f2near=3895 f2far=3895
SIPM_ARRIVALS event=147 total=1704
SIPM_ADC event=147 readout=3895 f1far=3895 f2near=3895 f2far=3895
SIPM_ARRIVALS event=16 total=1685
SIPM_ADC event=16 readout=3895 f1far=3895 f2near=3895 f2far=3895
SIPM_ARRIVALS event=104 total=1754
SIPM_ADC event=104 readout=3895 f1far=3895 f2near=3895 f2far=3895
SIPM_ARRIVALS event=60 total=1706
SIPM_ADC event=60 readout=3895 f1far=3895 f2near=3895 f2far=3895
SIPM_ARRIVALS event=148 total=1737
SIPM_ADC event=148 readout=3895 f1far=3895 f2near=3895 f2far=3895
SIPM_ARRIVALS event=105 total=1892
SIPM_ADC event=105 readout=3895 f1far=3895 f2near=3895 f2far=3895
SIPM_ARRIVALS event=61 total=1681
SIPM_ADC event=61 readout=3895 f1far=3895 f2near=3895 f2far=3895
SIPM_ARRIVALS event=149 total=1740
SIPM_ADC event=149 readout=3895 f1far=3895 f2near=3895 f2far=3895
SIPM_ARRIVALS event=17 total=3456
SIPM_ADC event=17 readout=3895 f1far=3895 f2near=3895 f2far=3895
SIPM_ARRIVALS event=106 total=1729
SIPM_ADC event=106 readout=3895 f1far=3895 f2near=3895 f2far=3895
SIPM_ARRIVALS event=62 total=1905
SIPM_ADC event=62 readout=3895 f1far=3895 f2near=3895 f2far=3895
SIPM_ARRIVALS event=150 total=1807
SIPM_ADC event=150 readout=3895 f1far=3895 f2near=3895 f2far=3895
SIPM_ARRIVALS event=18 total=1819
SIPM_ADC event=18 readout=3895 f1far=3895 f2near=3895 f2far=3895
SIPM_ARRIVALS event=107 total=1773
SIPM_ADC event=107 readout=3895 f1far=3895 f2near=3895 f2far=3895
SIPM_ARRIVALS event=63 total=1814
SIPM_ADC event=63 readout=3895 f1far=3895 f2near=3895 f2far=3895
SIPM_ARRIVALS event=151 total=1805
SIPM_ADC event=151 readout=3895 f1far=3895 f2near=3895 f2far=3895
SIPM_ARRIVALS event=19 total=1806
SIPM_ADC event=19 readout=3895 f1far=3895 f2near=3895 f2far=3895
SIPM_ARRIVALS event=108 total=1734
SIPM_ADC event=108 readout=3895 f1far=3895 f2near=3895 f2far=3895
SIPM_ARRIVALS event=64 total=1741
SIPM_ADC event=64 readout=3895 f1far=3895 f2near=3895 f2far=3895
SIPM_ARRIVALS event=152 total=1831
SIPM_ADC event=152 readout=3895 f1far=3895 f2near=3895 f2far=3895
SIPM_ARRIVALS event=20 total=1797
SIPM_ADC event=20 readout=3895 f1far=3895 f2near=3895 f2far=3895
SIPM_ARRIVALS event=109 total=1807
SIPM_ADC event=109 readout=3895 f1far=3895 f2near=3895 f2far=3895
SIPM_ARRIVALS event=65 total=1792
SIPM_ADC event=65 readout=3895 f1far=3895 f2near=3895 f2far=3895
SIPM_ARRIVALS event=153 total=1815
SIPM_ADC event=153 readout=3895 f1far=3895 f2near=3895 f2far=3895
SIPM_ARRIVALS event=21 total=1903
SIPM_ADC event=21 readout=3895 f1far=3895 f2near=3895 f2far=3895
SIPM_ARRIVALS event=110 total=1757
SIPM_ADC event=110 readout=3895 f1far=3895 f2near=3895 f2far=3895
SIPM_ARRIVALS event=66 total=1799
SIPM_ADC event=66 readout=3895 f1far=3895 f2near=3895 f2far=3895
SIPM_ARRIVALS event=22 total=1715
SIPM_ADC event=22 readout=3895 f1far=3895 f2near=3895 f2far=3895
SIPM_ARRIVALS event=111 total=1730
SIPM_ADC event=111 readout=3895 f1far=3895 f2near=3895 f2far=3895
SIPM_ARRIVALS event=67 total=1812
SIPM_ADC event=67 readout=3895 f1far=3895 f2near=3895 f2far=3895
SIPM_ARRIVALS event=23 total=1711
SIPM_ADC event=23 readout=3895 f1far=3895 f2near=3895 f2far=3895
SIPM_ARRIVALS event=112 total=1805
SIPM_ADC event=112 readout=3895 f1far=3895 f2near=3895 f2far=3895
SIPM_ARRIVALS event=68 total=1861
SIPM_ADC event=68 readout=3895 f1far=3895 f2near=3895 f2far=3895
SIPM_ARRIVALS event=24 total=1732
SIPM_ADC event=24 readout=3895 f1far=3895 f2near=3895 f2far=3895
SIPM_ARRIVALS event=113 total=1825
SIPM_ADC event=113 readout=3895 f1far=3895 f2near=3895 f2far=3895
SIPM_ARRIVALS event=69 total=1851
SIPM_ADC event=69 readout=3895 f1far=3895 f2near=3895 f2far=3895
SIPM_ARRIVALS event=25 total=1875
SIPM_ADC event=25 readout=3895 f1far=3895 f2near=3895 f2far=3895
SIPM_ARRIVALS event=154 total=7617
SIPM_ADC event=154 readout=3895 f1far=3895 f2near=3895 f2far=3895
SIPM_ARRIVALS event=114 total=1884
SIPM_ADC event=114 readout=3895 f1far=3895 f2near=3895 f2far=3895
SIPM_ARRIVALS event=70 total=1673
SIPM_ADC event=70 readout=3895 f1far=3895 f2near=3895 f2far=3895
SIPM_ARRIVALS event=26 total=1754
SIPM_ADC event=26 readout=3895 f1far=3895 f2near=3895 f2far=3895
SIPM_ARRIVALS event=155 total=1880
SIPM_ADC event=155 readout=3895 f1far=3895 f2near=3895 f2far=3895
SIPM_ARRIVALS event=115 total=1875
SIPM_ADC event=115 readout=3895 f1far=3895 f2near=3895 f2far=3895
SIPM_ARRIVALS event=71 total=1780
SIPM_ADC event=71 readout=3895 f1far=3895 f2near=3895 f2far=3895
SIPM_ARRIVALS event=27 total=1669
SIPM_ADC event=27 readout=3895 f1far=3895 f2near=3895 f2far=3895
SIPM_ARRIVALS event=156 total=1687
SIPM_ADC event=156 readout=3895 f1far=3895 f2near=3895 f2far=3895
SIPM_ARRIVALS event=116 total=1817
SIPM_ADC event=116 readout=3895 f1far=3895 f2near=3895 f2far=3895
SIPM_ARRIVALS event=72 total=1657
SIPM_ADC event=72 readout=3895 f1far=3895 f2near=3895 f2far=3895
SIPM_ARRIVALS event=28 total=1828
SIPM_ADC event=28 readout=3895 f1far=3895 f2near=3895 f2far=3895
SIPM_ARRIVALS event=157 total=1701
SIPM_ADC event=157 readout=3895 f1far=3895 f2near=3895 f2far=3895
SIPM_ARRIVALS event=117 total=1856
SIPM_ADC event=117 readout=3895 f1far=3895 f2near=3895 f2far=3895
SIPM_ARRIVALS event=73 total=1846
SIPM_ADC event=73 readout=3895 f1far=3895 f2near=3895 f2far=3895
SIPM_ARRIVALS event=29 total=2011
SIPM_ADC event=29 readout=3895 f1far=3895 f2near=3895 f2far=3895
SIPM_ARRIVALS event=158 total=1554
SIPM_ADC event=158 readout=3895 f1far=3895 f2near=3895 f2far=3895
SIPM_ARRIVALS event=118 total=1752
SIPM_ADC event=118 readout=3895 f1far=3895 f2near=3895 f2far=3895
SIPM_ARRIVALS event=74 total=1614
SIPM_ADC event=74 readout=3895 f1far=3895 f2near=3895 f2far=3895
SIPM_ARRIVALS event=159 total=1660
SIPM_ADC event=159 readout=3895 f1far=3895 f2near=3895 f2far=3895
SIPM_ARRIVALS event=30 total=1772
SIPM_ADC event=30 readout=3895 f1far=3895 f2near=3895 f2far=3895
SIPM_ARRIVALS event=119 total=1832
SIPM_ADC event=119 readout=3895 f1far=3895 f2near=3895 f2far=3895
SIPM_ARRIVALS event=75 total=1829
SIPM_ADC event=75 readout=3895 f1far=3895 f2near=3895 f2far=3895
SIPM_ARRIVALS event=160 total=1736
SIPM_ADC event=160 readout=3895 f1far=3895 f2near=3895 f2far=3895
SIPM_ARRIVALS event=31 total=1869
SIPM_ADC event=31 readout=3895 f1far=3895 f2near=3895 f2far=3895
SIPM_ARRIVALS event=76 total=1720
SIPM_ADC event=76 readout=3895 f1far=3895 f2near=3895 f2far=3895
SIPM_ARRIVALS event=120 total=1879
SIPM_ADC event=120 readout=3895 f1far=3895 f2near=3895 f2far=3895
SIPM_ARRIVALS event=161 total=1817
SIPM_ADC event=161 readout=3895 f1far=3895 f2near=3895 f2far=3895
SIPM_ARRIVALS event=32 total=1837
SIPM_ADC event=32 readout=3895 f1far=3895 f2near=3895 f2far=3895
SIPM_ARRIVALS event=77 total=1653
SIPM_ADC event=77 readout=3895 f1far=3895 f2near=3895 f2far=3895
SIPM_ARRIVALS event=121 total=1769
SIPM_ADC event=121 readout=3895 f1far=3895 f2near=3895 f2far=3895
SIPM_ARRIVALS event=162 total=1766
SIPM_ADC event=162 readout=3895 f1far=3895 f2near=3895 f2far=3895
SIPM_ARRIVALS event=33 total=1792
SIPM_ADC event=33 readout=3895 f1far=3895 f2near=3895 f2far=3895
SIPM_ARRIVALS event=122 total=1667
SIPM_ADC event=122 readout=3895 f1far=3895 f2near=3895 f2far=3895
SIPM_ARRIVALS event=78 total=1750
SIPM_ADC event=78 readout=3895 f1far=3895 f2near=3895 f2far=3895
SIPM_ARRIVALS event=163 total=1721
SIPM_ADC event=163 readout=3895 f1far=3895 f2near=3895 f2far=3895
SIPM_ARRIVALS event=34 total=1812
SIPM_ADC event=34 readout=3895 f1far=3895 f2near=3895 f2far=3895
SIPM_ARRIVALS event=123 total=1741
SIPM_ADC event=123 readout=3895 f1far=3895 f2near=3895 f2far=3895
SIPM_ARRIVALS event=79 total=1676
SIPM_ADC event=79 readout=3895 f1far=3895 f2near=3895 f2far=3895
SIPM_ARRIVALS event=164 total=1671
SIPM_ADC event=164 readout=3895 f1far=3895 f2near=3895 f2far=3895
SIPM_ARRIVALS event=35 total=1646
SIPM_ADC event=35 readout=3895 f1far=3895 f2near=3895 f2far=3895
SIPM_ARRIVALS event=124 total=1703
SIPM_ADC event=124 readout=3895 f1far=3895 f2near=3895 f2far=3895
SIPM_ARRIVALS event=80 total=1825
SIPM_ADC event=80 readout=3895 f1far=3895 f2near=3895 f2far=3895
SIPM_ARRIVALS event=165 total=1687
SIPM_ADC event=165 readout=3895 f1far=3895 f2near=3895 f2far=3895
SIPM_ARRIVALS event=36 total=1673
SIPM_ADC event=36 readout=3895 f1far=3895 f2near=3895 f2far=3895
SIPM_ARRIVALS event=81 total=1866
SIPM_ADC event=81 readout=3895 f1far=3895 f2near=3895 f2far=3895
SIPM_ARRIVALS event=125 total=1938
SIPM_ADC event=125 readout=3895 f1far=3895 f2near=3895 f2far=3895
SIPM_ARRIVALS event=166 total=1798
SIPM_ADC event=166 readout=3895 f1far=3895 f2near=3895 f2far=3895
SIPM_ARRIVALS event=37 total=1830
SIPM_ADC event=37 readout=3895 f1far=3895 f2near=3895 f2far=3895
SIPM_ARRIVALS event=82 total=1692
SIPM_ADC event=82 readout=3895 f1far=3895 f2near=3895 f2far=3895
SIPM_ARRIVALS event=126 total=1849
SIPM_ADC event=126 readout=3895 f1far=3895 f2near=3895 f2far=3895
SIPM_ARRIVALS event=38 total=1800
SIPM_ADC event=38 readout=3895 f1far=3895 f2near=3895 f2far=3895
SIPM_ARRIVALS event=83 total=1857
SIPM_ADC event=83 readout=3895 f1far=3895 f2near=3895 f2far=3895
SIPM_ARRIVALS event=167 total=3439
SIPM_ADC event=167 readout=3895 f1far=3895 f2near=3895 f2far=3895
SIPM_ARRIVALS event=39 total=1800
SIPM_ADC event=39 readout=3895 f1far=3895 f2near=3895 f2far=3895
SIPM_ARRIVALS event=84 total=1762
SIPM_ADC event=84 readout=3895 f1far=3895 f2near=3895 f2far=3895
SIPM_ARRIVALS event=127 total=3491
SIPM_ADC event=127 readout=3895 f1far=3895 f2near=3895 f2far=3895
SIPM_ARRIVALS event=168 total=1854
SIPM_ADC event=168 readout=3895 f1far=3895 f2near=3895 f2far=3895
SIPM_ARRIVALS event=40 total=1683
SIPM_ADC event=40 readout=3895 f1far=3895 f2near=3895 f2far=3895
SIPM_ARRIVALS event=85 total=1746
SIPM_ADC event=85 readout=3895 f1far=3895 f2near=3895 f2far=3895
SIPM_ARRIVALS event=128 total=1634
SIPM_ADC event=128 readout=3895 f1far=3895 f2near=3895 f2far=3895
SIPM_ARRIVALS event=41 total=1880
SIPM_ADC event=41 readout=3895 f1far=3895 f2near=3895 f2far=3895
SIPM_ARRIVALS event=169 total=1870
SIPM_ADC event=169 readout=3895 f1far=3895 f2near=3895 f2far=3895
SIPM_ARRIVALS event=86 total=1743
SIPM_ADC event=86 readout=3895 f1far=3895 f2near=3895 f2far=3895
SIPM_ARRIVALS event=129 total=1823
SIPM_ADC event=129 readout=3895 f1far=3895 f2near=3895 f2far=3895
SIPM_ARRIVALS event=170 total=1657
SIPM_ADC event=170 readout=3895 f1far=3895 f2near=3895 f2far=3895
SIPM_ARRIVALS event=42 total=1917
SIPM_ADC event=42 readout=3895 f1far=3895 f2near=3895 f2far=3895
SIPM_ARRIVALS event=87 total=1897
SIPM_ADC event=87 readout=3895 f1far=3895 f2near=3895 f2far=3895
SIPM_ARRIVALS event=130 total=1868
SIPM_ADC event=130 readout=3895 f1far=3895 f2near=3895 f2far=3895
SIPM_ARRIVALS event=43 total=1644
SIPM_ADC event=43 readout=3895 f1far=3895 f2near=3895 f2far=3895
SIPM_ARRIVALS event=171 total=1726
SIPM_ADC event=171 readout=3895 f1far=3895 f2near=3895 f2far=3895
SIPM_ARRIVALS event=176 total=1766
SIPM_ADC event=176 readout=3895 f1far=3895 f2near=3895 f2far=3895
SIPM_ARRIVALS event=131 total=1847
SIPM_ADC event=131 readout=3895 f1far=3895 f2near=3895 f2far=3895
SIPM_ARRIVALS event=220 total=1830
SIPM_ADC event=220 readout=3895 f1far=3895 f2near=3895 f2far=3895
SIPM_ARRIVALS event=172 total=1755
SIPM_ADC event=172 readout=3895 f1far=3895 f2near=3895 f2far=3895
SIPM_ARRIVALS event=177 total=1783
SIPM_ADC event=177 readout=3895 f1far=3895 f2near=3895 f2far=3895
SIPM_ARRIVALS event=264 total=1713
SIPM_ADC event=264 readout=3895 f1far=3895 f2near=3895 f2far=3895
SIPM_ARRIVALS event=221 total=1687
SIPM_ADC event=221 readout=3895 f1far=3895 f2near=3895 f2far=3895
SIPM_ARRIVALS event=173 total=1685
SIPM_ADC event=173 readout=3895 f1far=3895 f2near=3895 f2far=3895
SIPM_ARRIVALS event=265 total=1818
SIPM_ADC event=265 readout=3895 f1far=3895 f2near=3895 f2far=3895
SIPM_ARRIVALS event=178 total=1846
SIPM_ADC event=178 readout=3895 f1far=3895 f2near=3895 f2far=3895
SIPM_ARRIVALS event=222 total=1828
SIPM_ADC event=222 readout=3895 f1far=3895 f2near=3895 f2far=3895
SIPM_ARRIVALS event=174 total=1771
SIPM_ADC event=174 readout=3895 f1far=3895 f2near=3895 f2far=3895
SIPM_ARRIVALS event=266 total=1697
SIPM_ADC event=266 readout=3895 f1far=3895 f2near=3895 f2far=3895
SIPM_ARRIVALS event=179 total=1773
SIPM_ADC event=179 readout=3895 f1far=3895 f2near=3895 f2far=3895
SIPM_ARRIVALS event=223 total=1689
SIPM_ADC event=223 readout=3895 f1far=3895 f2near=3895 f2far=3895
SIPM_ARRIVALS event=175 total=1787
SIPM_ADC event=175 readout=3895 f1far=3895 f2near=3895 f2far=3895
SIPM_ARRIVALS event=267 total=1749
SIPM_ADC event=267 readout=3895 f1far=3895 f2near=3895 f2far=3895
SIPM_ARRIVALS event=180 total=1762
SIPM_ADC event=180 readout=3895 f1far=3895 f2near=3895 f2far=3895
SIPM_ARRIVALS event=224 total=1828
SIPM_ADC event=224 readout=3895 f1far=3895 f2near=3895 f2far=3895
SIPM_ARRIVALS event=308 total=1722
SIPM_ADC event=308 readout=3895 f1far=3895 f2near=3895 f2far=3895
SIPM_ARRIVALS event=268 total=1770
SIPM_ADC event=268 readout=3895 f1far=3895 f2near=3895 f2far=3895
SIPM_ARRIVALS event=181 total=1758
SIPM_ADC event=181 readout=3895 f1far=3895 f2near=3895 f2far=3895
SIPM_ARRIVALS event=225 total=1944
SIPM_ADC event=225 readout=3895 f1far=3895 f2near=3895 f2far=3895
SIPM_ARRIVALS event=309 total=1893
SIPM_ADC event=309 readout=3895 f1far=3895 f2near=3895 f2far=3895
SIPM_ARRIVALS event=269 total=1710
SIPM_ADC event=269 readout=3895 f1far=3895 f2near=3895 f2far=3895
SIPM_ARRIVALS event=182 total=1703
SIPM_ADC event=182 readout=3895 f1far=3895 f2near=3895 f2far=3895
SIPM_ARRIVALS event=226 total=1714
SIPM_ADC event=226 readout=3895 f1far=3895 f2near=3895 f2far=3895
SIPM_ARRIVALS event=310 total=1714
SIPM_ADC event=310 readout=3895 f1far=3895 f2near=3895 f2far=3895
SIPM_ARRIVALS event=270 total=1892
SIPM_ADC event=270 readout=3895 f1far=3895 f2near=3895 f2far=3895
SIPM_ARRIVALS event=183 total=1937
SIPM_ADC event=183 readout=3895 f1far=3895 f2near=3895 f2far=3895
SIPM_ARRIVALS event=311 total=1712
SIPM_ADC event=311 readout=3895 f1far=3895 f2near=3895 f2far=3895
SIPM_ARRIVALS event=227 total=1776
SIPM_ADC event=227 readout=3895 f1far=3895 f2near=3895 f2far=3895
SIPM_ARRIVALS event=271 total=1706
SIPM_ADC event=271 readout=3895 f1far=3895 f2near=3895 f2far=3895
SIPM_ARRIVALS event=184 total=1793
SIPM_ADC event=184 readout=3895 f1far=3895 f2near=3895 f2far=3895
SIPM_ARRIVALS event=228 total=1705
SIPM_ADC event=228 readout=3895 f1far=3895 f2near=3895 f2far=3895
SIPM_ARRIVALS event=312 total=1898
SIPM_ADC event=312 readout=3895 f1far=3895 f2near=3895 f2far=3895
SIPM_ARRIVALS event=272 total=1907
SIPM_ADC event=272 readout=3895 f1far=3895 f2near=3895 f2far=3895
SIPM_ARRIVALS event=185 total=1630
SIPM_ADC event=185 readout=3895 f1far=3895 f2near=3895 f2far=3895
SIPM_ARRIVALS event=313 total=2011
SIPM_ADC event=313 readout=3895 f1far=3895 f2near=3895 f2far=3895
SIPM_ARRIVALS event=229 total=3010
SIPM_ADC event=229 readout=3895 f1far=3895 f2near=3895 f2far=3895
SIPM_ARRIVALS event=273 total=1775
SIPM_ADC event=273 readout=3895 f1far=3895 f2near=3895 f2far=3895
SIPM_ARRIVALS event=186 total=1785
SIPM_ADC event=186 readout=3895 f1far=3895 f2near=3895 f2far=3895
SIPM_ARRIVALS event=314 total=1631
SIPM_ADC event=314 readout=3895 f1far=3895 f2near=3895 f2far=3895
SIPM_ARRIVALS event=274 total=1732
SIPM_ADC event=274 readout=3895 f1far=3895 f2near=3895 f2far=3895
SIPM_ARRIVALS event=230 total=1870
SIPM_ADC event=230 readout=3895 f1far=3895 f2near=3895 f2far=3895
SIPM_ARRIVALS event=187 total=2004
SIPM_ADC event=187 readout=3895 f1far=3895 f2near=3895 f2far=3895
SIPM_ARRIVALS event=315 total=1860
SIPM_ADC event=315 readout=3895 f1far=3895 f2near=3895 f2far=3895
SIPM_ARRIVALS event=275 total=1686
SIPM_ADC event=275 readout=3895 f1far=3895 f2near=3895 f2far=3895
SIPM_ARRIVALS event=231 total=1719
SIPM_ADC event=231 readout=3895 f1far=3895 f2near=3895 f2far=3895
SIPM_ARRIVALS event=188 total=1747
SIPM_ADC event=188 readout=3895 f1far=3895 f2near=3895 f2far=3895
SIPM_ARRIVALS event=316 total=1801
SIPM_ADC event=316 readout=3895 f1far=3895 f2near=3895 f2far=3895
SIPM_ARRIVALS event=276 total=1653
SIPM_ADC event=276 readout=3895 f1far=3895 f2near=3895 f2far=3895
SIPM_ARRIVALS event=232 total=1615
SIPM_ADC event=232 readout=3895 f1far=3895 f2near=3895 f2far=3895
SIPM_ARRIVALS event=189 total=1789
SIPM_ADC event=189 readout=3895 f1far=3895 f2near=3895 f2far=3895
SIPM_ARRIVALS event=233 total=1682
SIPM_ADC event=233 readout=3895 f1far=3895 f2near=3895 f2far=3895
SIPM_ARRIVALS event=277 total=1706
SIPM_ADC event=277 readout=3895 f1far=3895 f2near=3895 f2far=3895
SIPM_ARRIVALS event=190 total=1743
SIPM_ADC event=190 readout=3895 f1far=3895 f2near=3895 f2far=3895
SIPM_ARRIVALS event=317 total=3548
SIPM_ADC event=317 readout=3895 f1far=3895 f2near=3895 f2far=3895
SIPM_ARRIVALS event=234 total=1743
SIPM_ADC event=234 readout=3895 f1far=3895 f2near=3895 f2far=3895
SIPM_ARRIVALS event=278 total=1962
SIPM_ADC event=278 readout=3895 f1far=3895 f2near=3895 f2far=3895
SIPM_ARRIVALS event=191 total=1674
SIPM_ADC event=191 readout=3895 f1far=3895 f2near=3895 f2far=3895
SIPM_ARRIVALS event=318 total=1867
SIPM_ADC event=318 readout=3895 f1far=3895 f2near=3895 f2far=3895
SIPM_ARRIVALS event=279 total=1833
SIPM_ADC event=279 readout=3895 f1far=3895 f2near=3895 f2far=3895
SIPM_ARRIVALS event=192 total=1757
SIPM_ADC event=192 readout=3895 f1far=3895 f2near=3895 f2far=3895
SIPM_ARRIVALS event=319 total=1755
SIPM_ADC event=319 readout=3895 f1far=3895 f2near=3895 f2far=3895
SIPM_ARRIVALS event=280 total=1799
SIPM_ADC event=280 readout=3895 f1far=3895 f2near=3895 f2far=3895
SIPM_ARRIVALS event=193 total=1863
SIPM_ADC event=193 readout=3895 f1far=3895 f2near=3895 f2far=3895
SIPM_ARRIVALS event=235 total=4464
SIPM_ADC event=235 readout=3895 f1far=3895 f2near=3895 f2far=3895
SIPM_ARRIVALS event=320 total=1850
SIPM_ADC event=320 readout=3895 f1far=3895 f2near=3895 f2far=3895
SIPM_ARRIVALS event=281 total=1808
SIPM_ADC event=281 readout=3895 f1far=3895 f2near=3895 f2far=3895
SIPM_ARRIVALS event=194 total=1748
SIPM_ADC event=194 readout=3895 f1far=3895 f2near=3895 f2far=3895
SIPM_ARRIVALS event=236 total=1933
SIPM_ADC event=236 readout=3895 f1far=3895 f2near=3895 f2far=3895
SIPM_ARRIVALS event=321 total=1904
SIPM_ADC event=321 readout=3895 f1far=3895 f2near=3895 f2far=3895
SIPM_ARRIVALS event=282 total=1816
SIPM_ADC event=282 readout=3895 f1far=3895 f2near=3895 f2far=3895
SIPM_ARRIVALS event=195 total=1883
SIPM_ADC event=195 readout=3895 f1far=3895 f2near=3895 f2far=3895
SIPM_ARRIVALS event=237 total=1922
SIPM_ADC event=237 readout=3895 f1far=3895 f2near=3895 f2far=3895
SIPM_ARRIVALS event=322 total=1721
SIPM_ADC event=322 readout=3895 f1far=3895 f2near=3895 f2far=3895
SIPM_ARRIVALS event=283 total=1715
SIPM_ADC event=283 readout=3895 f1far=3895 f2near=3895 f2far=3895
SIPM_ARRIVALS event=196 total=1780
SIPM_ADC event=196 readout=3895 f1far=3895 f2near=3895 f2far=3895
SIPM_ARRIVALS event=238 total=1725
SIPM_ADC event=238 readout=3895 f1far=3895 f2near=3895 f2far=3895
SIPM_ARRIVALS event=323 total=1762
SIPM_ADC event=323 readout=3895 f1far=3895 f2near=3895 f2far=3895
SIPM_ARRIVALS event=284 total=1849
SIPM_ADC event=284 readout=3895 f1far=3895 f2near=3895 f2far=3895
SIPM_ARRIVALS event=197 total=1623
SIPM_ADC event=197 readout=3895 f1far=3895 f2near=3895 f2far=3895
SIPM_ARRIVALS event=324 total=1703
SIPM_ADC event=324 readout=3895 f1far=3895 f2near=3895 f2far=3895
SIPM_ARRIVALS event=239 total=1894
SIPM_ADC event=239 readout=3895 f1far=3895 f2near=3895 f2far=3895
SIPM_ARRIVALS event=285 total=1773
SIPM_ADC event=285 readout=3895 f1far=3895 f2near=3895 f2far=3895
SIPM_ARRIVALS event=198 total=1650
SIPM_ADC event=198 readout=3895 f1far=3895 f2near=3895 f2far=3895
SIPM_ARRIVALS event=325 total=1724
SIPM_ADC event=325 readout=3895 f1far=3895 f2near=3895 f2far=3895
SIPM_ARRIVALS event=240 total=1880
SIPM_ADC event=240 readout=3895 f1far=3895 f2near=3895 f2far=3895
SIPM_ARRIVALS event=286 total=1887
SIPM_ADC event=286 readout=3895 f1far=3895 f2near=3895 f2far=3895
SIPM_ARRIVALS event=199 total=1725
SIPM_ADC event=199 readout=3895 f1far=3895 f2near=3895 f2far=3895
SIPM_ARRIVALS event=326 total=1620
SIPM_ADC event=326 readout=3895 f1far=3895 f2near=3895 f2far=3895
SIPM_ARRIVALS event=241 total=1725
SIPM_ADC event=241 readout=3895 f1far=3895 f2near=3895 f2far=3895
SIPM_ARRIVALS event=200 total=1656
SIPM_ADC event=200 readout=3895 f1far=3895 f2near=3895 f2far=3895
SIPM_ARRIVALS event=287 total=1893
SIPM_ADC event=287 readout=3895 f1far=3895 f2near=3895 f2far=3895
SIPM_ARRIVALS event=327 total=1876
SIPM_ADC event=327 readout=3895 f1far=3895 f2near=3895 f2far=3895
SIPM_ARRIVALS event=242 total=1796
SIPM_ADC event=242 readout=3895 f1far=3895 f2near=3895 f2far=3895
SIPM_ARRIVALS event=328 total=1709
SIPM_ADC event=328 readout=3895 f1far=3895 f2near=3895 f2far=3895
SIPM_ARRIVALS event=201 total=1897
SIPM_ADC event=201 readout=3895 f1far=3895 f2near=3895 f2far=3895
SIPM_ARRIVALS event=288 total=1950
SIPM_ADC event=288 readout=3895 f1far=3895 f2near=3895 f2far=3895
SIPM_ARRIVALS event=243 total=1641
SIPM_ADC event=243 readout=3895 f1far=3895 f2near=3895 f2far=3895
SIPM_ARRIVALS event=329 total=1715
SIPM_ADC event=329 readout=3895 f1far=3895 f2near=3895 f2far=3895
SIPM_ARRIVALS event=289 total=1655
SIPM_ADC event=289 readout=3895 f1far=3895 f2near=3895 f2far=3895
SIPM_ARRIVALS event=202 total=1683
SIPM_ADC event=202 readout=3895 f1far=3895 f2near=3895 f2far=3895
SIPM_ARRIVALS event=244 total=1830
SIPM_ADC event=244 readout=3895 f1far=3895 f2near=3895 f2far=3895
SIPM_ARRIVALS event=330 total=1690
SIPM_ADC event=330 readout=3895 f1far=3895 f2near=3895 f2far=3895
SIPM_ARRIVALS event=290 total=1715
SIPM_ADC event=290 readout=3895 f1far=3895 f2near=3895 f2far=3895
SIPM_ARRIVALS event=203 total=1789
SIPM_ADC event=203 readout=3895 f1far=3895 f2near=3895 f2far=3895
SIPM_ARRIVALS event=245 total=1827
SIPM_ADC event=245 readout=3895 f1far=3895 f2near=3895 f2far=3895
SIPM_ARRIVALS event=291 total=1718
SIPM_ADC event=291 readout=3895 f1far=3895 f2near=3895 f2far=3895
SIPM_ARRIVALS event=331 total=1966
SIPM_ADC event=331 readout=3895 f1far=3895 f2near=3895 f2far=3895
SIPM_ARRIVALS event=204 total=1660
SIPM_ADC event=204 readout=3895 f1far=3895 f2near=3895 f2far=3895
SIPM_ARRIVALS event=246 total=1722
SIPM_ADC event=246 readout=3895 f1far=3895 f2near=3895 f2far=3895
SIPM_ARRIVALS event=292 total=1720
SIPM_ADC event=292 readout=3895 f1far=3895 f2near=3895 f2far=3895
SIPM_ARRIVALS event=332 total=1930
SIPM_ADC event=332 readout=3895 f1far=3895 f2near=3895 f2far=3895
SIPM_ARRIVALS event=205 total=1663
SIPM_ADC event=205 readout=3895 f1far=3895 f2near=3895 f2far=3895
SIPM_ARRIVALS event=247 total=1701
SIPM_ADC event=247 readout=3895 f1far=3895 f2near=3895 f2far=3895
SIPM_ARRIVALS event=293 total=1873
SIPM_ADC event=293 readout=3895 f1far=3895 f2near=3895 f2far=3895
SIPM_ARRIVALS event=333 total=1723
SIPM_ADC event=333 readout=3895 f1far=3895 f2near=3895 f2far=3895
SIPM_ARRIVALS event=206 total=1838
SIPM_ADC event=206 readout=3895 f1far=3895 f2near=3895 f2far=3895
SIPM_ARRIVALS event=248 total=1764
SIPM_ADC event=248 readout=3895 f1far=3895 f2near=3895 f2far=3895
SIPM_ARRIVALS event=334 total=1791
SIPM_ADC event=334 readout=3895 f1far=3895 f2near=3895 f2far=3895
SIPM_ARRIVALS event=294 total=1902
SIPM_ADC event=294 readout=3895 f1far=3895 f2near=3895 f2far=3895
SIPM_ARRIVALS event=207 total=1689
SIPM_ADC event=207 readout=3895 f1far=3895 f2near=3895 f2far=3895
SIPM_ARRIVALS event=249 total=1722
SIPM_ADC event=249 readout=3895 f1far=3895 f2near=3895 f2far=3895
SIPM_ARRIVALS event=335 total=1865
SIPM_ADC event=335 readout=3895 f1far=3895 f2near=3895 f2far=3895
SIPM_ARRIVALS event=295 total=1799
SIPM_ADC event=295 readout=3895 f1far=3895 f2near=3895 f2far=3895
SIPM_ARRIVALS event=208 total=1865
SIPM_ADC event=208 readout=3895 f1far=3895 f2near=3895 f2far=3895
SIPM_ARRIVALS event=250 total=1764
SIPM_ADC event=250 readout=3895 f1far=3895 f2near=3895 f2far=3895
SIPM_ARRIVALS event=336 total=1875
SIPM_ADC event=336 readout=3895 f1far=3895 f2near=3895 f2far=3895
SIPM_ARRIVALS event=209 total=1767
SIPM_ADC event=209 readout=3895 f1far=3895 f2near=3895 f2far=3895
SIPM_ARRIVALS event=296 total=1950
SIPM_ADC event=296 readout=3895 f1far=3895 f2near=3895 f2far=3895
SIPM_ARRIVALS event=251 total=1825
SIPM_ADC event=251 readout=3895 f1far=3895 f2near=3895 f2far=3895
SIPM_ARRIVALS event=337 total=1663
SIPM_ADC event=337 readout=3895 f1far=3895 f2near=3895 f2far=3895
SIPM_ARRIVALS event=210 total=1762
SIPM_ADC event=210 readout=3895 f1far=3895 f2near=3895 f2far=3895
SIPM_ARRIVALS event=297 total=1719
SIPM_ADC event=297 readout=3895 f1far=3895 f2near=3895 f2far=3895
SIPM_ARRIVALS event=252 total=1837
SIPM_ADC event=252 readout=3895 f1far=3895 f2near=3895 f2far=3895
SIPM_ARRIVALS event=338 total=1638
SIPM_ADC event=338 readout=3895 f1far=3895 f2near=3895 f2far=3895
SIPM_ARRIVALS event=211 total=1682
SIPM_ADC event=211 readout=3895 f1far=3895 f2near=3895 f2far=3895
SIPM_ARRIVALS event=298 total=1862
SIPM_ADC event=298 readout=3895 f1far=3895 f2near=3895 f2far=3895
SIPM_ARRIVALS event=253 total=1850
SIPM_ADC event=253 readout=3895 f1far=3895 f2near=3895 f2far=3895
SIPM_ARRIVALS event=339 total=1784
SIPM_ADC event=339 readout=3895 f1far=3895 f2near=3895 f2far=3895
SIPM_ARRIVALS event=212 total=1999
SIPM_ADC event=212 readout=3895 f1far=3895 f2near=3895 f2far=3895
SIPM_ARRIVALS event=299 total=1799
SIPM_ADC event=299 readout=3895 f1far=3895 f2near=3895 f2far=3895
SIPM_ARRIVALS event=254 total=1781
SIPM_ADC event=254 readout=3895 f1far=3895 f2near=3895 f2far=3895
SIPM_ARRIVALS event=340 total=1801
SIPM_ADC event=340 readout=3895 f1far=3895 f2near=3895 f2far=3895
SIPM_ARRIVALS event=300 total=1738
SIPM_ADC event=300 readout=3895 f1far=3895 f2near=3895 f2far=3895
SIPM_ARRIVALS event=213 total=1669
SIPM_ADC event=213 readout=3895 f1far=3895 f2near=3895 f2far=3895
SIPM_ARRIVALS event=255 total=1889
SIPM_ADC event=255 readout=3895 f1far=3895 f2near=3895 f2far=3895
SIPM_ARRIVALS event=341 total=1751
SIPM_ADC event=341 readout=3895 f1far=3895 f2near=3895 f2far=3895
SIPM_ARRIVALS event=301 total=1591
SIPM_ADC event=301 readout=3895 f1far=3895 f2near=3895 f2far=3895
SIPM_ARRIVALS event=214 total=1852
SIPM_ADC event=214 readout=3895 f1far=3895 f2near=3895 f2far=3895
SIPM_ARRIVALS event=256 total=1827
SIPM_ADC event=256 readout=3895 f1far=3895 f2near=3895 f2far=3895
SIPM_ARRIVALS event=342 total=1768
SIPM_ADC event=342 readout=3895 f1far=3895 f2near=3895 f2far=3895
SIPM_ARRIVALS event=302 total=1915
SIPM_ADC event=302 readout=3895 f1far=3895 f2near=3895 f2far=3895
SIPM_ARRIVALS event=215 total=1806
SIPM_ADC event=215 readout=3895 f1far=3895 f2near=3895 f2far=3895
SIPM_ARRIVALS event=257 total=1701
SIPM_ADC event=257 readout=3895 f1far=3895 f2near=3895 f2far=3895
SIPM_ARRIVALS event=343 total=1826
SIPM_ADC event=343 readout=3895 f1far=3895 f2near=3895 f2far=3895
SIPM_ARRIVALS event=303 total=1761
SIPM_ADC event=303 readout=3895 f1far=3895 f2near=3895 f2far=3895
SIPM_ARRIVALS event=216 total=1710
SIPM_ADC event=216 readout=3895 f1far=3895 f2near=3895 f2far=3895
SIPM_ARRIVALS event=258 total=1731
SIPM_ADC event=258 readout=3895 f1far=3895 f2near=3895 f2far=3895
SIPM_ARRIVALS event=344 total=1821
SIPM_ADC event=344 readout=3895 f1far=3895 f2near=3895 f2far=3895
SIPM_ARRIVALS event=304 total=1953
SIPM_ADC event=304 readout=3895 f1far=3895 f2near=3895 f2far=3895
SIPM_ARRIVALS event=217 total=1795
SIPM_ADC event=217 readout=3895 f1far=3895 f2near=3895 f2far=3895
SIPM_ARRIVALS event=259 total=2325
SIPM_ADC event=259 readout=3895 f1far=3895 f2near=3895 f2far=3895
SIPM_ARRIVALS event=345 total=1777
SIPM_ADC event=345 readout=3895 f1far=3895 f2near=3895 f2far=3895
SIPM_ARRIVALS event=305 total=1652
SIPM_ADC event=305 readout=3895 f1far=3895 f2near=3895 f2far=3895
SIPM_ARRIVALS event=218 total=1811
SIPM_ADC event=218 readout=3895 f1far=3895 f2near=3895 f2far=3895
SIPM_ARRIVALS event=260 total=1818
SIPM_ADC event=260 readout=3895 f1far=3895 f2near=3895 f2far=3895
SIPM_ARRIVALS event=306 total=1678
SIPM_ADC event=306 readout=3895 f1far=3895 f2near=3895 f2far=3895
SIPM_ARRIVALS event=346 total=1840
SIPM_ADC event=346 readout=3895 f1far=3895 f2near=3895 f2far=3895
SIPM_ARRIVALS event=219 total=1651
SIPM_ADC event=219 readout=3895 f1far=3895 f2near=3895 f2far=3895
SIPM_ARRIVALS event=261 total=1768
SIPM_ADC event=261 readout=3895 f1far=3895 f2near=3895 f2far=3895
SIPM_ARRIVALS event=307 total=1745
SIPM_ADC event=307 readout=3895 f1far=3895 f2near=3895 f2far=3895
SIPM_ARRIVALS event=347 total=1746
SIPM_ADC event=347 readout=3895 f1far=3895 f2near=3895 f2far=3895
SIPM_ARRIVALS event=352 total=1743
SIPM_ADC event=352 readout=3895 f1far=3895 f2near=3895 f2far=3895
SIPM_ARRIVALS event=262 total=1772
SIPM_ADC event=262 readout=3895 f1far=3895 f2near=3895 f2far=3895
SIPM_ARRIVALS event=396 total=1789
SIPM_ADC event=396 readout=3895 f1far=3895 f2near=3895 f2far=3895
SIPM_ARRIVALS event=348 total=1848
SIPM_ADC event=348 readout=3895 f1far=3895 f2near=3895 f2far=3895
SIPM_ARRIVALS event=353 total=1655
SIPM_ADC event=353 readout=3895 f1far=3895 f2near=3895 f2far=3895
SIPM_ARRIVALS event=263 total=1686
SIPM_ADC event=263 readout=3895 f1far=3895 f2near=3895 f2far=3895
SIPM_ARRIVALS event=397 total=1861
SIPM_ADC event=397 readout=3895 f1far=3895 f2near=3895 f2far=3895
SIPM_ARRIVALS event=349 total=1818
SIPM_ADC event=349 readout=3895 f1far=3895 f2near=3895 f2far=3895
SIPM_ARRIVALS event=354 total=1801
SIPM_ADC event=354 readout=3895 f1far=3895 f2near=3895 f2far=3895
SIPM_ARRIVALS event=440 total=1767
SIPM_ADC event=440 readout=3895 f1far=3895 f2near=3895 f2far=3895
SIPM_ARRIVALS event=350 total=1687
SIPM_ADC event=350 readout=3895 f1far=3895 f2near=3895 f2far=3895
SIPM_ARRIVALS event=355 total=1832
SIPM_ADC event=355 readout=3895 f1far=3895 f2near=3895 f2far=3895
SIPM_ARRIVALS event=441 total=1942
SIPM_ADC event=441 readout=3895 f1far=3895 f2near=3895 f2far=3895
SIPM_ARRIVALS event=356 total=1746
SIPM_ADC event=356 readout=3895 f1far=3895 f2near=3895 f2far=3895
SIPM_ARRIVALS event=442 total=1760
SIPM_ADC event=442 readout=3895 f1far=3895 f2near=3895 f2far=3895
SIPM_ARRIVALS event=398 total=5055
SIPM_ADC event=398 readout=3895 f1far=3895 f2near=3895 f2far=3895
SIPM_ARRIVALS event=357 total=1809
SIPM_ADC event=357 readout=3895 f1far=3895 f2near=3895 f2far=3895
SIPM_ARRIVALS event=443 total=1923
SIPM_ADC event=443 readout=3895 f1far=3895 f2near=3895 f2far=3895
SIPM_ARRIVALS event=351 total=4814
SIPM_ADC event=351 readout=3895 f1far=3895 f2near=3895 f2far=3895
SIPM_ARRIVALS event=399 total=1684
SIPM_ADC event=399 readout=3895 f1far=3895 f2near=3895 f2far=3895
SIPM_ARRIVALS event=358 total=1682
SIPM_ADC event=358 readout=3895 f1far=3895 f2near=3895 f2far=3895
SIPM_ARRIVALS event=444 total=1682
SIPM_ADC event=444 readout=3895 f1far=3895 f2near=3895 f2far=3895
SIPM_ARRIVALS event=484 total=1655
SIPM_ADC event=484 readout=3895 f1far=3895 f2near=3895 f2far=3895
SIPM_ARRIVALS event=400 total=1794
SIPM_ADC event=400 readout=3895 f1far=3895 f2near=3895 f2far=3895
SIPM_ARRIVALS event=359 total=1866
SIPM_ADC event=359 readout=3895 f1far=3895 f2near=3895 f2far=3895
SIPM_ARRIVALS event=445 total=1630
SIPM_ADC event=445 readout=3895 f1far=3895 f2near=3895 f2far=3895
SIPM_ARRIVALS event=485 total=1811
SIPM_ADC event=485 readout=3895 f1far=3895 f2near=3895 f2far=3895
SIPM_ARRIVALS event=401 total=1809
SIPM_ADC event=401 readout=3895 f1far=3895 f2near=3895 f2far=3895
SIPM_ARRIVALS event=360 total=1782
SIPM_ADC event=360 readout=3895 f1far=3895 f2near=3895 f2far=3895
SIPM_ARRIVALS event=446 total=1848
SIPM_ADC event=446 readout=3895 f1far=3895 f2near=3895 f2far=3895
SIPM_ARRIVALS event=486 total=1670
SIPM_ADC event=486 readout=3895 f1far=3895 f2near=3895 f2far=3895
SIPM_ARRIVALS event=402 total=1775
SIPM_ADC event=402 readout=3895 f1far=3895 f2near=3895 f2far=3895
SIPM_ARRIVALS event=361 total=1785
SIPM_ADC event=361 readout=3895 f1far=3895 f2near=3895 f2far=3895
SIPM_ARRIVALS event=447 total=1769
SIPM_ADC event=447 readout=3895 f1far=3895 f2near=3895 f2far=3895
SIPM_ARRIVALS event=487 total=1772
SIPM_ADC event=487 readout=3895 f1far=3895 f2near=3895 f2far=3895
SIPM_ARRIVALS event=403 total=1656
SIPM_ADC event=403 readout=3895 f1far=3895 f2near=3895 f2far=3895
SIPM_ARRIVALS event=362 total=1692
SIPM_ADC event=362 readout=3895 f1far=3895 f2near=3895 f2far=3895
SIPM_ARRIVALS event=488 total=1730
SIPM_ADC event=488 readout=3895 f1far=3895 f2near=3895 f2far=3895
SIPM_ARRIVALS event=448 total=1729
SIPM_ADC event=448 readout=3895 f1far=3895 f2near=3895 f2far=3895
SIPM_ARRIVALS event=404 total=1712
SIPM_ADC event=404 readout=3895 f1far=3895 f2near=3895 f2far=3895
SIPM_ARRIVALS event=363 total=1712
SIPM_ADC event=363 readout=3895 f1far=3895 f2near=3895 f2far=3895
SIPM_ARRIVALS event=405 total=875
SIPM_ADC event=405 readout=3579 f1far=3674 f2near=3171 f2far=3424
SIPM_ARRIVALS event=489 total=1787
SIPM_ADC event=489 readout=3895 f1far=3895 f2near=3895 f2far=3895
SIPM_ARRIVALS event=449 total=2636
SIPM_ADC event=449 readout=3895 f1far=3895 f2near=3895 f2far=3895
SIPM_ARRIVALS event=406 total=1771
SIPM_ADC event=406 readout=3895 f1far=3895 f2near=3895 f2far=3895
SIPM_ARRIVALS event=364 total=1830
SIPM_ADC event=364 readout=3895 f1far=3895 f2near=3895 f2far=3895
SIPM_ARRIVALS event=490 total=1788
SIPM_ADC event=490 readout=3895 f1far=3895 f2near=3895 f2far=3895
SIPM_ARRIVALS event=450 total=1844
SIPM_ADC event=450 readout=3895 f1far=3895 f2near=3895 f2far=3895
SIPM_ARRIVALS event=407 total=1640
SIPM_ADC event=407 readout=3895 f1far=3895 f2near=3895 f2far=3895
SIPM_ARRIVALS event=365 total=1762
SIPM_ADC event=365 readout=3895 f1far=3895 f2near=3895 f2far=3895
SIPM_ARRIVALS event=491 total=1829
SIPM_ADC event=491 readout=3895 f1far=3895 f2near=3895 f2far=3895
SIPM_ARRIVALS event=451 total=1856
SIPM_ADC event=451 readout=3895 f1far=3895 f2near=3895 f2far=3895
SIPM_ARRIVALS event=408 total=1763
SIPM_ADC event=408 readout=3895 f1far=3895 f2near=3895 f2far=3895
SIPM_ARRIVALS event=366 total=1841
SIPM_ADC event=366 readout=3895 f1far=3895 f2near=3895 f2far=3895
SIPM_ARRIVALS event=492 total=1838
SIPM_ADC event=492 readout=3895 f1far=3895 f2near=3895 f2far=3895
SIPM_ARRIVALS event=452 total=1771
SIPM_ADC event=452 readout=3895 f1far=3895 f2near=3895 f2far=3895
SIPM_ARRIVALS event=409 total=1773
SIPM_ADC event=409 readout=3895 f1far=3895 f2near=3895 f2far=3895
SIPM_ARRIVALS event=367 total=1688
SIPM_ADC event=367 readout=3895 f1far=3895 f2near=3895 f2far=3895
SIPM_ARRIVALS event=453 total=1782
SIPM_ADC event=453 readout=3895 f1far=3895 f2near=3895 f2far=3895
SIPM_ARRIVALS event=368 total=1759
SIPM_ADC event=368 readout=3895 f1far=3895 f2near=3895 f2far=3895
SIPM_ARRIVALS event=410 total=1988
SIPM_ADC event=410 readout=3895 f1far=3895 f2near=3895 f2far=3895
SIPM_ARRIVALS event=493 total=3432
SIPM_ADC event=493 readout=3895 f1far=3895 f2near=3895 f2far=3895
SIPM_ARRIVALS event=454 total=1686
SIPM_ADC event=454 readout=3895 f1far=3895 f2near=3895 f2far=3895
SIPM_ARRIVALS event=369 total=1670
SIPM_ADC event=369 readout=3895 f1far=3895 f2near=3895 f2far=3895
SIPM_ARRIVALS event=411 total=1849
SIPM_ADC event=411 readout=3895 f1far=3895 f2near=3895 f2far=3895
SIPM_ARRIVALS event=494 total=1678
SIPM_ADC event=494 readout=3895 f1far=3895 f2near=3895 f2far=3895
SIPM_ARRIVALS event=455 total=1650
SIPM_ADC event=455 readout=3895 f1far=3895 f2near=3895 f2far=3895
SIPM_ARRIVALS event=370 total=1626
SIPM_ADC event=370 readout=3895 f1far=3895 f2near=3895 f2far=3895
SIPM_ARRIVALS event=412 total=1767
SIPM_ADC event=412 readout=3895 f1far=3895 f2near=3895 f2far=3895
SIPM_ARRIVALS event=495 total=1702
SIPM_ADC event=495 readout=3895 f1far=3895 f2near=3895 f2far=3895
SIPM_ARRIVALS event=456 total=1691
SIPM_ADC event=456 readout=3895 f1far=3895 f2near=3895 f2far=3895
SIPM_ARRIVALS event=371 total=1640
SIPM_ADC event=371 readout=3895 f1far=3895 f2near=3895 f2far=3895
SIPM_ARRIVALS event=413 total=1716
SIPM_ADC event=413 readout=3895 f1far=3895 f2near=3895 f2far=3895
SIPM_ARRIVALS event=496 total=1850
SIPM_ADC event=496 readout=3895 f1far=3895 f2near=3895 f2far=3895
SIPM_ARRIVALS event=372 total=1595
SIPM_ADC event=372 readout=3895 f1far=3895 f2near=3895 f2far=3895
SIPM_ARRIVALS event=457 total=1891
SIPM_ADC event=457 readout=3895 f1far=3895 f2near=3895 f2far=3895
SIPM_ARRIVALS event=414 total=1579
SIPM_ADC event=414 readout=3895 f1far=3895 f2near=3895 f2far=3895
SIPM_ARRIVALS event=497 total=1854
SIPM_ADC event=497 readout=3895 f1far=3895 f2near=3895 f2far=3895
SIPM_ARRIVALS event=373 total=1757
SIPM_ADC event=373 readout=3895 f1far=3895 f2near=3895 f2far=3895
SIPM_ARRIVALS event=458 total=1828
SIPM_ADC event=458 readout=3895 f1far=3895 f2near=3895 f2far=3895
SIPM_ARRIVALS event=415 total=1863
SIPM_ADC event=415 readout=3895 f1far=3895 f2near=3895 f2far=3895
SIPM_ARRIVALS event=498 total=1805
SIPM_ADC event=498 readout=3895 f1far=3895 f2near=3895 f2far=3895
SIPM_ARRIVALS event=374 total=1681
SIPM_ADC event=374 readout=3895 f1far=3895 f2near=3895 f2far=3895
SIPM_ARRIVALS event=459 total=1917
SIPM_ADC event=459 readout=3895 f1far=3895 f2near=3895 f2far=3895
SIPM_ARRIVALS event=416 total=1670
SIPM_ADC event=416 readout=3895 f1far=3895 f2near=3895 f2far=3895
SIPM_ARRIVALS event=499 total=1815
SIPM_ADC event=499 readout=3895 f1far=3895 f2near=3895 f2far=3895
SIPM_ARRIVALS event=375 total=1683
SIPM_ADC event=375 readout=3895 f1far=3895 f2near=3895 f2far=3895
SIPM_ARRIVALS event=460 total=1768
SIPM_ADC event=460 readout=3895 f1far=3895 f2near=3895 f2far=3895
SIPM_ARRIVALS event=417 total=1864
SIPM_ADC event=417 readout=3895 f1far=3895 f2near=3895 f2far=3895
SIPM_ARRIVALS event=500 total=1839
SIPM_ADC event=500 readout=3895 f1far=3895 f2near=3895 f2far=3895
SIPM_ARRIVALS event=376 total=1758
SIPM_ADC event=376 readout=3895 f1far=3895 f2near=3895 f2far=3895
SIPM_ARRIVALS event=461 total=1908
SIPM_ADC event=461 readout=3895 f1far=3895 f2near=3895 f2far=3895
SIPM_ARRIVALS event=418 total=1750
SIPM_ADC event=418 readout=3895 f1far=3895 f2near=3895 f2far=3895
SIPM_ARRIVALS event=501 total=1749
SIPM_ADC event=501 readout=3895 f1far=3895 f2near=3895 f2far=3895
SIPM_ARRIVALS event=377 total=1716
SIPM_ADC event=377 readout=3895 f1far=3895 f2near=3895 f2far=3895
SIPM_ARRIVALS event=462 total=1858
SIPM_ADC event=462 readout=3895 f1far=3895 f2near=3895 f2far=3895
SIPM_ARRIVALS event=419 total=1723
SIPM_ADC event=419 readout=3895 f1far=3895 f2near=3895 f2far=3895
SIPM_ARRIVALS event=502 total=1807
SIPM_ADC event=502 readout=3895 f1far=3895 f2near=3895 f2far=3895
SIPM_ARRIVALS event=378 total=1763
SIPM_ADC event=378 readout=3895 f1far=3895 f2near=3895 f2far=3895
SIPM_ARRIVALS event=463 total=1874
SIPM_ADC event=463 readout=3895 f1far=3895 f2near=3895 f2far=3895
SIPM_ARRIVALS event=420 total=1759
SIPM_ADC event=420 readout=3895 f1far=3895 f2near=3895 f2far=3895
SIPM_ARRIVALS event=503 total=1795
SIPM_ADC event=503 readout=3895 f1far=3895 f2near=3895 f2far=3895
SIPM_ARRIVALS event=421 total=1767
SIPM_ADC event=421 readout=3895 f1far=3895 f2near=3895 f2far=3895
SIPM_ARRIVALS event=464 total=1851
SIPM_ADC event=464 readout=3895 f1far=3895 f2near=3895 f2far=3895
SIPM_ARRIVALS event=504 total=1810
SIPM_ADC event=504 readout=3895 f1far=3895 f2near=3895 f2far=3895
SIPM_ARRIVALS event=379 total=4082
SIPM_ADC event=379 readout=3895 f1far=3895 f2near=3895 f2far=3895
SIPM_ARRIVALS event=422 total=1850
SIPM_ADC event=422 readout=3895 f1far=3895 f2near=3895 f2far=3895
SIPM_ARRIVALS event=465 total=1895
SIPM_ADC event=465 readout=3895 f1far=3895 f2near=3895 f2far=3895
SIPM_ARRIVALS event=505 total=1648
SIPM_ADC event=505 readout=3895 f1far=3895 f2near=3895 f2far=3895
SIPM_ARRIVALS event=380 total=1782
SIPM_ADC event=380 readout=3895 f1far=3895 f2near=3895 f2far=3895
SIPM_ARRIVALS event=423 total=1814
SIPM_ADC event=423 readout=3895 f1far=3895 f2near=3895 f2far=3895
SIPM_ARRIVALS event=466 total=1934
SIPM_ADC event=466 readout=3895 f1far=3895 f2near=3895 f2far=3895
SIPM_ARRIVALS event=506 total=1820
SIPM_ADC event=506 readout=3895 f1far=3895 f2near=3895 f2far=3895
SIPM_ARRIVALS event=381 total=1820
SIPM_ADC event=381 readout=3895 f1far=3895 f2near=3895 f2far=3895
SIPM_ARRIVALS event=424 total=1829
SIPM_ADC event=424 readout=3895 f1far=3895 f2near=3895 f2far=3895
SIPM_ARRIVALS event=467 total=1928
SIPM_ADC event=467 readout=3895 f1far=3895 f2near=3895 f2far=3895
SIPM_ARRIVALS event=507 total=1838
SIPM_ADC event=507 readout=3895 f1far=3895 f2near=3895 f2far=3895
SIPM_ARRIVALS event=382 total=1797
SIPM_ADC event=382 readout=3895 f1far=3895 f2near=3895 f2far=3895
SIPM_ARRIVALS event=468 total=1585
SIPM_ADC event=468 readout=3895 f1far=3895 f2near=3895 f2far=3895
SIPM_ARRIVALS event=425 total=1905
SIPM_ADC event=425 readout=3895 f1far=3895 f2near=3895 f2far=3895
SIPM_ARRIVALS event=508 total=1735
SIPM_ADC event=508 readout=3895 f1far=3895 f2near=3895 f2far=3895
SIPM_ARRIVALS event=383 total=1812
SIPM_ADC event=383 readout=3895 f1far=3895 f2near=3895 f2far=3895
SIPM_ARRIVALS event=469 total=1810
SIPM_ADC event=469 readout=3895 f1far=3895 f2near=3895 f2far=3895
SIPM_ARRIVALS event=426 total=1726
SIPM_ADC event=426 readout=3895 f1far=3895 f2near=3895 f2far=3895
SIPM_ARRIVALS event=509 total=1899
SIPM_ADC event=509 readout=3895 f1far=3895 f2near=3895 f2far=3895
SIPM_ARRIVALS event=470 total=1767
SIPM_ADC event=470 readout=3895 f1far=3895 f2near=3895 f2far=3895
SIPM_ARRIVALS event=384 total=1932
SIPM_ADC event=384 readout=3895 f1far=3895 f2near=3895 f2far=3895
SIPM_ARRIVALS event=427 total=1810
SIPM_ADC event=427 readout=3895 f1far=3895 f2near=3895 f2far=3895
SIPM_ARRIVALS event=510 total=1953
SIPM_ADC event=510 readout=3895 f1far=3895 f2near=3895 f2far=3895
SIPM_ARRIVALS event=471 total=1832
SIPM_ADC event=471 readout=3895 f1far=3895 f2near=3895 f2far=3895
SIPM_ARRIVALS event=385 total=1751
SIPM_ADC event=385 readout=3895 f1far=3895 f2near=3895 f2far=3895
SIPM_ARRIVALS event=428 total=1825
SIPM_ADC event=428 readout=3895 f1far=3895 f2near=3895 f2far=3895
SIPM_ARRIVALS event=511 total=1662
SIPM_ADC event=511 readout=3895 f1far=3895 f2near=3895 f2far=3895
SIPM_ARRIVALS event=472 total=1707
SIPM_ADC event=472 readout=3895 f1far=3895 f2near=3895 f2far=3895
SIPM_ARRIVALS event=386 total=1739
SIPM_ADC event=386 readout=3895 f1far=3895 f2near=3895 f2far=3895
SIPM_ARRIVALS event=429 total=1714
SIPM_ADC event=429 readout=3895 f1far=3895 f2near=3895 f2far=3895
SIPM_ARRIVALS event=512 total=1813
SIPM_ADC event=512 readout=3895 f1far=3895 f2near=3895 f2far=3895
SIPM_ARRIVALS event=473 total=1826
SIPM_ADC event=473 readout=3895 f1far=3895 f2near=3895 f2far=3895
SIPM_ARRIVALS event=387 total=1741
SIPM_ADC event=387 readout=3895 f1far=3895 f2near=3895 f2far=3895
SIPM_ARRIVALS event=430 total=1760
SIPM_ADC event=430 readout=3895 f1far=3895 f2near=3895 f2far=3895
SIPM_ARRIVALS event=513 total=1887
SIPM_ADC event=513 readout=3895 f1far=3895 f2near=3895 f2far=3895
SIPM_ARRIVALS event=474 total=1864
SIPM_ADC event=474 readout=3895 f1far=3895 f2near=3895 f2far=3895
SIPM_ARRIVALS event=431 total=1714
SIPM_ADC event=431 readout=3895 f1far=3895 f2near=3895 f2far=3895
SIPM_ARRIVALS event=388 total=1930
SIPM_ADC event=388 readout=3895 f1far=3895 f2near=3895 f2far=3895
SIPM_ARRIVALS event=514 total=1722
SIPM_ADC event=514 readout=3895 f1far=3895 f2near=3895 f2far=3895
SIPM_ARRIVALS event=475 total=1656
SIPM_ADC event=475 readout=3895 f1far=3895 f2near=3895 f2far=3895
SIPM_ARRIVALS event=432 total=1864
SIPM_ADC event=432 readout=3895 f1far=3895 f2near=3895 f2far=3895
SIPM_ARRIVALS event=389 total=1755
SIPM_ADC event=389 readout=3895 f1far=3895 f2near=3895 f2far=3895
SIPM_ARRIVALS event=515 total=1732
SIPM_ADC event=515 readout=3895 f1far=3895 f2near=3895 f2far=3895
SIPM_ARRIVALS event=476 total=1741
SIPM_ADC event=476 readout=3895 f1far=3895 f2near=3895 f2far=3895
SIPM_ARRIVALS event=433 total=1887
SIPM_ADC event=433 readout=3895 f1far=3895 f2near=3895 f2far=3895
SIPM_ARRIVALS event=390 total=1894
SIPM_ADC event=390 readout=3895 f1far=3895 f2near=3895 f2far=3895
SIPM_ARRIVALS event=516 total=1744
SIPM_ADC event=516 readout=3895 f1far=3895 f2near=3895 f2far=3895
SIPM_ARRIVALS event=477 total=1743
SIPM_ADC event=477 readout=3895 f1far=3895 f2near=3895 f2far=3895
SIPM_ARRIVALS event=434 total=1709
SIPM_ADC event=434 readout=3895 f1far=3895 f2near=3895 f2far=3895
SIPM_ARRIVALS event=391 total=1577
SIPM_ADC event=391 readout=3895 f1far=3895 f2near=3895 f2far=3895
SIPM_ARRIVALS event=517 total=1773
SIPM_ADC event=517 readout=3895 f1far=3895 f2near=3895 f2far=3895
SIPM_ARRIVALS event=478 total=1841
SIPM_ADC event=478 readout=3895 f1far=3895 f2near=3895 f2far=3895
SIPM_ARRIVALS event=435 total=1805
SIPM_ADC event=435 readout=3895 f1far=3895 f2near=3895 f2far=3895
SIPM_ARRIVALS event=392 total=1738
SIPM_ADC event=392 readout=3895 f1far=3895 f2near=3895 f2far=3895
SIPM_ARRIVALS event=518 total=1798
SIPM_ADC event=518 readout=3895 f1far=3895 f2near=3895 f2far=3895
SIPM_ARRIVALS event=479 total=1794
SIPM_ADC event=479 readout=3895 f1far=3895 f2near=3895 f2far=3895
SIPM_ARRIVALS event=436 total=1717
SIPM_ADC event=436 readout=3895 f1far=3895 f2near=3895 f2far=3895
SIPM_ARRIVALS event=393 total=1775
SIPM_ADC event=393 readout=3895 f1far=3895 f2near=3895 f2far=3895
SIPM_ARRIVALS event=519 total=1799
SIPM_ADC event=519 readout=3895 f1far=3895 f2near=3895 f2far=3895
SIPM_ARRIVALS event=480 total=1823
SIPM_ADC event=480 readout=3895 f1far=3895 f2near=3895 f2far=3895
SIPM_ARRIVALS event=437 total=1790
SIPM_ADC event=437 readout=3895 f1far=3895 f2near=3895 f2far=3895
SIPM_ARRIVALS event=394 total=1758
SIPM_ADC event=394 readout=3895 f1far=3895 f2near=3895 f2far=3895
SIPM_ARRIVALS event=520 total=1647
SIPM_ADC event=520 readout=3895 f1far=3895 f2near=3895 f2far=3895
SIPM_ARRIVALS event=481 total=2198
SIPM_ADC event=481 readout=3895 f1far=3895 f2near=3895 f2far=3895
SIPM_ARRIVALS event=438 total=1755
SIPM_ADC event=438 readout=3895 f1far=3895 f2near=3895 f2far=3895
SIPM_ARRIVALS event=395 total=1944
SIPM_ADC event=395 readout=3895 f1far=3895 f2near=3895 f2far=3895
SIPM_ARRIVALS event=521 total=1630
SIPM_ADC event=521 readout=3895 f1far=3895 f2near=3895 f2far=3895
SIPM_ARRIVALS event=439 total=1822
SIPM_ADC event=439 readout=3895 f1far=3895 f2near=3895 f2far=3895
SIPM_ARRIVALS event=482 total=1824
SIPM_ADC event=482 readout=3895 f1far=3895 f2near=3895 f2far=3895
SIPM_ARRIVALS event=528 total=1731
SIPM_ADC event=528 readout=3895 f1far=3895 f2near=3895 f2far=3895
SIPM_ARRIVALS event=522 total=1770
SIPM_ADC event=522 readout=3895 f1far=3895 f2near=3895 f2far=3895
SIPM_ARRIVALS event=483 total=1700
SIPM_ADC event=483 readout=3895 f1far=3895 f2near=3895 f2far=3895
SIPM_ARRIVALS event=572 total=1892
SIPM_ADC event=572 readout=3895 f1far=3895 f2near=3895 f2far=3895
SIPM_ARRIVALS event=529 total=1917
SIPM_ADC event=529 readout=3895 f1far=3895 f2near=3895 f2far=3895
SIPM_ARRIVALS event=523 total=1889
SIPM_ADC event=523 readout=3895 f1far=3895 f2near=3895 f2far=3895
SIPM_ARRIVALS event=616 total=1655
SIPM_ADC event=616 readout=3895 f1far=3895 f2near=3895 f2far=3895
SIPM_ARRIVALS event=573 total=1709
SIPM_ADC event=573 readout=3895 f1far=3895 f2near=3895 f2far=3895
SIPM_ARRIVALS event=530 total=1650
SIPM_ADC event=530 readout=3895 f1far=3895 f2near=3895 f2far=3895
SIPM_ARRIVALS event=524 total=1830
SIPM_ADC event=524 readout=3895 f1far=3895 f2near=3895 f2far=3895
SIPM_ARRIVALS event=617 total=1788
SIPM_ADC event=617 readout=3895 f1far=3895 f2near=3895 f2far=3895
SIPM_ARRIVALS event=574 total=1816
SIPM_ADC event=574 readout=3895 f1far=3895 f2near=3895 f2far=3895
SIPM_ARRIVALS event=531 total=1754
SIPM_ADC event=531 readout=3895 f1far=3895 f2near=3895 f2far=3895
SIPM_ARRIVALS event=525 total=1783
SIPM_ADC event=525 readout=3895 f1far=3895 f2near=3895 f2far=3895
SIPM_ARRIVALS event=618 total=1832
SIPM_ADC event=618 readout=3895 f1far=3895 f2near=3895 f2far=3895
SIPM_ARRIVALS event=532 total=1712
SIPM_ADC event=532 readout=3895 f1far=3895 f2near=3895 f2far=3895
SIPM_ARRIVALS event=575 total=1806
SIPM_ADC event=575 readout=3895 f1far=3895 f2near=3895 f2far=3895
SIPM_ARRIVALS event=526 total=1616
SIPM_ADC event=526 readout=3895 f1far=3895 f2near=3895 f2far=3895
SIPM_ARRIVALS event=619 total=1763
SIPM_ADC event=619 readout=3895 f1far=3895 f2near=3895 f2far=3895
SIPM_ARRIVALS event=533 total=1679
SIPM_ADC event=533 readout=3895 f1far=3895 f2near=3895 f2far=3895
SIPM_ARRIVALS event=576 total=1879
SIPM_ADC event=576 readout=3895 f1far=3895 f2near=3895 f2far=3895
SIPM_ARRIVALS event=527 total=1779
SIPM_ADC event=527 readout=3895 f1far=3895 f2near=3895 f2far=3895
SIPM_ARRIVALS event=620 total=1702
SIPM_ADC event=620 readout=3895 f1far=3895 f2near=3895 f2far=3895
SIPM_ARRIVALS event=534 total=1881
SIPM_ADC event=534 readout=3895 f1far=3895 f2near=3895 f2far=3895
SIPM_ARRIVALS event=577 total=1786
SIPM_ADC event=577 readout=3895 f1far=3895 f2near=3895 f2far=3895
SIPM_ARRIVALS event=660 total=1653
SIPM_ADC event=660 readout=3895 f1far=3895 f2near=3895 f2far=3895
SIPM_ARRIVALS event=621 total=1673
SIPM_ADC event=621 readout=3895 f1far=3895 f2near=3895 f2far=3895
SIPM_ARRIVALS event=535 total=1760
SIPM_ADC event=535 readout=3895 f1far=3895 f2near=3895 f2far=3895
SIPM_ARRIVALS event=578 total=1645
SIPM_ADC event=578 readout=3895 f1far=3895 f2near=3895 f2far=3895
SIPM_ARRIVALS event=661 total=1649
SIPM_ADC event=661 readout=3895 f1far=3895 f2near=3895 f2far=3895
SIPM_ARRIVALS event=622 total=1732
SIPM_ADC event=622 readout=3895 f1far=3895 f2near=3895 f2far=3895
SIPM_ARRIVALS event=536 total=1730
SIPM_ADC event=536 readout=3895 f1far=3895 f2near=3895 f2far=3895
SIPM_ARRIVALS event=662 total=1680
SIPM_ADC event=662 readout=3895 f1far=3895 f2near=3895 f2far=3895
SIPM_ARRIVALS event=579 total=1868
SIPM_ADC event=579 readout=3895 f1far=3895 f2near=3895 f2far=3895
SIPM_ARRIVALS event=623 total=1843
SIPM_ADC event=623 readout=3895 f1far=3895 f2near=3895 f2far=3895
SIPM_ARRIVALS event=537 total=1813
SIPM_ADC event=537 readout=3895 f1far=3895 f2near=3895 f2far=3895
SIPM_ARRIVALS event=663 total=1768
SIPM_ADC event=663 readout=3895 f1far=3895 f2near=3895 f2far=3895
SIPM_ARRIVALS event=580 total=1815
SIPM_ADC event=580 readout=3895 f1far=3895 f2near=3895 f2far=3895
SIPM_ARRIVALS event=624 total=1707
SIPM_ADC event=624 readout=3895 f1far=3895 f2near=3895 f2far=3895
SIPM_ARRIVALS event=664 total=1677
SIPM_ADC event=664 readout=3895 f1far=3895 f2near=3895 f2far=3895
SIPM_ARRIVALS event=538 total=1810
SIPM_ADC event=538 readout=3895 f1far=3895 f2near=3895 f2far=3895
SIPM_ARRIVALS event=581 total=1650
SIPM_ADC event=581 readout=3895 f1far=3895 f2near=3895 f2far=3895
SIPM_ARRIVALS event=625 total=1861
SIPM_ADC event=625 readout=3895 f1far=3895 f2near=3895 f2far=3895
SIPM_ARRIVALS event=665 total=1671
SIPM_ADC event=665 readout=3895 f1far=3895 f2near=3895 f2far=3895
SIPM_ARRIVALS event=539 total=1685
SIPM_ADC event=539 readout=3895 f1far=3895 f2near=3895 f2far=3895
SIPM_ARRIVALS event=582 total=1826
SIPM_ADC event=582 readout=3895 f1far=3895 f2near=3895 f2far=3895
SIPM_ARRIVALS event=626 total=1834
SIPM_ADC event=626 readout=3895 f1far=3895 f2near=3895 f2far=3895
SIPM_ARRIVALS event=666 total=1752
SIPM_ADC event=666 readout=3895 f1far=3895 f2near=3895 f2far=3895
SIPM_ARRIVALS event=583 total=1895
SIPM_ADC event=583 readout=3895 f1far=3895 f2near=3895 f2far=3895
SIPM_ARRIVALS event=540 total=2299
SIPM_ADC event=540 readout=3895 f1far=3895 f2near=3895 f2far=3895
SIPM_ARRIVALS event=627 total=1693
SIPM_ADC event=627 readout=3895 f1far=3895 f2near=3895 f2far=3895
SIPM_ARRIVALS event=667 total=1693
SIPM_ADC event=667 readout=3895 f1far=3895 f2near=3895 f2far=3895
SIPM_ARRIVALS event=584 total=1797
SIPM_ADC event=584 readout=3895 f1far=3895 f2near=3895 f2far=3895
SIPM_ARRIVALS event=628 total=1693
SIPM_ADC event=628 readout=3895 f1far=3895 f2near=3895 f2far=3895
SIPM_ARRIVALS event=668 total=1777
SIPM_ADC event=668 readout=3895 f1far=3895 f2near=3895 f2far=3895
SIPM_ARRIVALS event=541 total=3086
SIPM_ADC event=541 readout=3895 f1far=3895 f2near=3895 f2far=3895
SIPM_ARRIVALS event=585 total=1826
SIPM_ADC event=585 readout=3895 f1far=3895 f2near=3895 f2far=3895
SIPM_ARRIVALS event=629 total=703
SIPM_ADC event=629 readout=2892 f1far=3110 f2near=2443 f2far=2497
SIPM_ARRIVALS event=669 total=1713
SIPM_ADC event=669 readout=3895 f1far=3895 f2near=3895 f2far=3895
SIPM_ARRIVALS event=542 total=1824
SIPM_ADC event=542 readout=3895 f1far=3895 f2near=3895 f2far=3895
SIPM_ARRIVALS event=586 total=1798
SIPM_ADC event=586 readout=3895 f1far=3895 f2near=3895 f2far=3895
SIPM_ARRIVALS event=630 total=1963
SIPM_ADC event=630 readout=3895 f1far=3895 f2near=3895 f2far=3895
SIPM_ARRIVALS event=670 total=1777
SIPM_ADC event=670 readout=3895 f1far=3895 f2near=3895 f2far=3895
SIPM_ARRIVALS event=543 total=1847
SIPM_ADC event=543 readout=3895 f1far=3895 f2near=3895 f2far=3895
SIPM_ARRIVALS event=587 total=1963
SIPM_ADC event=587 readout=3895 f1far=3895 f2near=3895 f2far=3895
SIPM_ARRIVALS event=631 total=1818
SIPM_ADC event=631 readout=3895 f1far=3895 f2near=3895 f2far=3895
SIPM_ARRIVALS event=671 total=1726
SIPM_ADC event=671 readout=3895 f1far=3895 f2near=3895 f2far=3895
SIPM_ARRIVALS event=588 total=1771
SIPM_ADC event=588 readout=3895 f1far=3895 f2near=3895 f2far=3895
SIPM_ARRIVALS event=544 total=1949
SIPM_ADC event=544 readout=3895 f1far=3895 f2near=3895 f2far=3895
SIPM_ARRIVALS event=632 total=1745
SIPM_ADC event=632 readout=3895 f1far=3895 f2near=3895 f2far=3895
SIPM_ARRIVALS event=672 total=1805
SIPM_ADC event=672 readout=3895 f1far=3895 f2near=3895 f2far=3895
SIPM_ARRIVALS event=589 total=1745
SIPM_ADC event=589 readout=3895 f1far=3895 f2near=3895 f2far=3895
SIPM_ARRIVALS event=633 total=1716
SIPM_ADC event=633 readout=3895 f1far=3895 f2near=3895 f2far=3895
SIPM_ARRIVALS event=545 total=1704
SIPM_ADC event=545 readout=3895 f1far=3895 f2near=3895 f2far=3895
SIPM_ARRIVALS event=673 total=1817
SIPM_ADC event=673 readout=3895 f1far=3895 f2near=3895 f2far=3895
SIPM_ARRIVALS event=590 total=1717
SIPM_ADC event=590 readout=3895 f1far=3895 f2near=3895 f2far=3895
SIPM_ARRIVALS event=634 total=1757
SIPM_ADC event=634 readout=3895 f1far=3895 f2near=3895 f2far=3895
SIPM_ARRIVALS event=546 total=1906
SIPM_ADC event=546 readout=3895 f1far=3895 f2near=3895 f2far=3895
SIPM_ARRIVALS event=674 total=1777
SIPM_ADC event=674 readout=3895 f1far=3895 f2near=3895 f2far=3895
SIPM_ARRIVALS event=635 total=1738
SIPM_ADC event=635 readout=3895 f1far=3895 f2near=3895 f2far=3895
SIPM_ARRIVALS event=591 total=1878
SIPM_ADC event=591 readout=3895 f1far=3895 f2near=3895 f2far=3895
SIPM_ARRIVALS event=547 total=1983
SIPM_ADC event=547 readout=3895 f1far=3895 f2near=3895 f2far=3895
SIPM_ARRIVALS event=675 total=1622
SIPM_ADC event=675 readout=3895 f1far=3895 f2near=3895 f2far=3895
SIPM_ARRIVALS event=636 total=1831
SIPM_ADC event=636 readout=3895 f1far=3895 f2near=3895 f2far=3895
SIPM_ARRIVALS event=592 total=1795
SIPM_ADC event=592 readout=3895 f1far=3895 f2near=3895 f2far=3895
SIPM_ARRIVALS event=548 total=1682
SIPM_ADC event=548 readout=3895 f1far=3895 f2near=3895 f2far=3895
SIPM_ARRIVALS event=676 total=1733
SIPM_ADC event=676 readout=3895 f1far=3895 f2near=3895 f2far=3895
SIPM_ARRIVALS event=593 total=1718
SIPM_ADC event=593 readout=3895 f1far=3895 f2near=3895 f2far=3895
SIPM_ARRIVALS event=637 total=1818
SIPM_ADC event=637 readout=3895 f1far=3895 f2near=3895 f2far=3895
SIPM_ARRIVALS event=549 total=1709
SIPM_ADC event=549 readout=3895 f1far=3895 f2near=3895 f2far=3895
SIPM_ARRIVALS event=677 total=1710
SIPM_ADC event=677 readout=3895 f1far=3895 f2near=3895 f2far=3895
SIPM_ARRIVALS event=638 total=1872
SIPM_ADC event=638 readout=3895 f1far=3895 f2near=3895 f2far=3895
SIPM_ARRIVALS event=550 total=1925
SIPM_ADC event=550 readout=3895 f1far=3895 f2near=3895 f2far=3895
SIPM_ARRIVALS event=678 total=1988
SIPM_ADC event=678 readout=3895 f1far=3895 f2near=3895 f2far=3895
SIPM_ARRIVALS event=639 total=1807
SIPM_ADC event=639 readout=3895 f1far=3895 f2near=3895 f2far=3895
SIPM_ARRIVALS event=551 total=1791
SIPM_ADC event=551 readout=3895 f1far=3895 f2near=3895 f2far=3895
SIPM_ARRIVALS event=594 total=4186
SIPM_ADC event=594 readout=3895 f1far=3895 f2near=3895 f2far=3895
SIPM_ARRIVALS event=679 total=1763
SIPM_ADC event=679 readout=3895 f1far=3895 f2near=3895 f2far=3895
SIPM_ARRIVALS event=640 total=1753
SIPM_ADC event=640 readout=3895 f1far=3895 f2near=3895 f2far=3895
SIPM_ARRIVALS event=552 total=1765
SIPM_ADC event=552 readout=3895 f1far=3895 f2near=3895 f2far=3895
SIPM_ARRIVALS event=595 total=1919
SIPM_ADC event=595 readout=3895 f1far=3895 f2near=3895 f2far=3895
SIPM_ARRIVALS event=680 total=1646
SIPM_ADC event=680 readout=3895 f1far=3895 f2near=3895 f2far=3895
SIPM_ARRIVALS event=641 total=1760
SIPM_ADC event=641 readout=3895 f1far=3895 f2near=3895 f2far=3895
SIPM_ARRIVALS event=553 total=1887
SIPM_ADC event=553 readout=3895 f1far=3895 f2near=3895 f2far=3895
SIPM_ARRIVALS event=596 total=1755
SIPM_ADC event=596 readout=3895 f1far=3895 f2near=3895 f2far=3895
SIPM_ARRIVALS event=681 total=1766
SIPM_ADC event=681 readout=3895 f1far=3895 f2near=3895 f2far=3895
SIPM_ARRIVALS event=642 total=1867
SIPM_ADC event=642 readout=3895 f1far=3895 f2near=3895 f2far=3895
SIPM_ARRIVALS event=554 total=2049
SIPM_ADC event=554 readout=3895 f1far=3895 f2near=3895 f2far=3895
SIPM_ARRIVALS event=597 total=1726
SIPM_ADC event=597 readout=3895 f1far=3895 f2near=3895 f2far=3895
SIPM_ARRIVALS event=643 total=1704
SIPM_ADC event=643 readout=3895 f1far=3895 f2near=3895 f2far=3895
SIPM_ARRIVALS event=555 total=1788
SIPM_ADC event=555 readout=3895 f1far=3895 f2near=3895 f2far=3895
SIPM_ARRIVALS event=598 total=1765
SIPM_ADC event=598 readout=3895 f1far=3895 f2near=3895 f2far=3895
SIPM_ARRIVALS event=644 total=1844
SIPM_ADC event=644 readout=3895 f1far=3895 f2near=3895 f2far=3895
SIPM_ARRIVALS event=682 total=4816
SIPM_ADC event=682 readout=3895 f1far=3895 f2near=3895 f2far=3895
SIPM_ARRIVALS event=556 total=1867
SIPM_ADC event=556 readout=3895 f1far=3895 f2near=3895 f2far=3895
SIPM_ARRIVALS event=599 total=1802
SIPM_ADC event=599 readout=3895 f1far=3895 f2near=3895 f2far=3895
SIPM_ARRIVALS event=645 total=1774
SIPM_ADC event=645 readout=3895 f1far=3895 f2near=3895 f2far=3895
SIPM_ARRIVALS event=683 total=1924
SIPM_ADC event=683 readout=3895 f1far=3895 f2near=3895 f2far=3895
SIPM_ARRIVALS event=557 total=1813
SIPM_ADC event=557 readout=3895 f1far=3895 f2near=3895 f2far=3895
SIPM_ARRIVALS event=600 total=1693
SIPM_ADC event=600 readout=3895 f1far=3895 f2near=3895 f2far=3895
SIPM_ARRIVALS event=646 total=1808
SIPM_ADC event=646 readout=3895 f1far=3895 f2near=3895 f2far=3895
SIPM_ARRIVALS event=684 total=1773
SIPM_ADC event=684 readout=3895 f1far=3895 f2near=3895 f2far=3895
SIPM_ARRIVALS event=558 total=1773
SIPM_ADC event=558 readout=3895 f1far=3895 f2near=3895 f2far=3895
SIPM_ARRIVALS event=601 total=1830
SIPM_ADC event=601 readout=3895 f1far=3895 f2near=3895 f2far=3895
SIPM_ARRIVALS event=647 total=1700
SIPM_ADC event=647 readout=3895 f1far=3895 f2near=3895 f2far=3895
SIPM_ARRIVALS event=685 total=1825
SIPM_ADC event=685 readout=3895 f1far=3895 f2near=3895 f2far=3895
SIPM_ARRIVALS event=559 total=1749
SIPM_ADC event=559 readout=3895 f1far=3895 f2near=3895 f2far=3895
SIPM_ARRIVALS event=602 total=1841
SIPM_ADC event=602 readout=3895 f1far=3895 f2near=3895 f2far=3895
SIPM_ARRIVALS event=648 total=1863
SIPM_ADC event=648 readout=3895 f1far=3895 f2near=3895 f2far=3895
SIPM_ARRIVALS event=686 total=1896
SIPM_ADC event=686 readout=3895 f1far=3895 f2near=3895 f2far=3895
SIPM_ARRIVALS event=560 total=1847
SIPM_ADC event=560 readout=3895 f1far=3895 f2near=3895 f2far=3895
SIPM_ARRIVALS event=603 total=1872
SIPM_ADC event=603 readout=3895 f1far=3895 f2near=3895 f2far=3895
SIPM_ARRIVALS event=649 total=1781
SIPM_ADC event=649 readout=3895 f1far=3895 f2near=3895 f2far=3895
SIPM_ARRIVALS event=687 total=1783
SIPM_ADC event=687 readout=3895 f1far=3895 f2near=3895 f2far=3895
SIPM_ARRIVALS event=561 total=1741
SIPM_ADC event=561 readout=3895 f1far=3895 f2near=3895 f2far=3895
SIPM_ARRIVALS event=604 total=1875
SIPM_ADC event=604 readout=3895 f1far=3895 f2near=3895 f2far=3895
SIPM_ARRIVALS event=650 total=1690
SIPM_ADC event=650 readout=3895 f1far=3895 f2near=3895 f2far=3895
SIPM_ARRIVALS event=688 total=1901
SIPM_ADC event=688 readout=3895 f1far=3895 f2near=3895 f2far=3895
SIPM_ARRIVALS event=562 total=1774
SIPM_ADC event=562 readout=3895 f1far=3895 f2near=3895 f2far=3895
SIPM_ARRIVALS event=605 total=1774
SIPM_ADC event=605 readout=3895 f1far=3895 f2near=3895 f2far=3895
SIPM_ARRIVALS event=651 total=1694
SIPM_ADC event=651 readout=3895 f1far=3895 f2near=3895 f2far=3895
SIPM_ARRIVALS event=689 total=1848
SIPM_ADC event=689 readout=3895 f1far=3895 f2near=3895 f2far=3895
SIPM_ARRIVALS event=563 total=1849
SIPM_ADC event=563 readout=3895 f1far=3895 f2near=3895 f2far=3895
SIPM_ARRIVALS event=606 total=1685
SIPM_ADC event=606 readout=3895 f1far=3895 f2near=3895 f2far=3895
SIPM_ARRIVALS event=652 total=1747
SIPM_ADC event=652 readout=3895 f1far=3895 f2near=3895 f2far=3895
SIPM_ARRIVALS event=564 total=1634
SIPM_ADC event=564 readout=3895 f1far=3895 f2near=3895 f2far=3895
SIPM_ARRIVALS event=690 total=1737
SIPM_ADC event=690 readout=3895 f1far=3895 f2near=3895 f2far=3895
SIPM_ARRIVALS event=607 total=1968
SIPM_ADC event=607 readout=3895 f1far=3895 f2near=3895 f2far=3895
SIPM_ARRIVALS event=653 total=1696
SIPM_ADC event=653 readout=3895 f1far=3895 f2near=3895 f2far=3895
SIPM_ARRIVALS event=691 total=1854
SIPM_ADC event=691 readout=3895 f1far=3895 f2near=3895 f2far=3895
SIPM_ARRIVALS event=565 total=1858
SIPM_ADC event=565 readout=3895 f1far=3895 f2near=3895 f2far=3895
SIPM_ARRIVALS event=608 total=1748
SIPM_ADC event=608 readout=3895 f1far=3895 f2near=3895 f2far=3895
SIPM_ARRIVALS event=654 total=1807
SIPM_ADC event=654 readout=3895 f1far=3895 f2near=3895 f2far=3895
SIPM_ARRIVALS event=692 total=1713
SIPM_ADC event=692 readout=3895 f1far=3895 f2near=3895 f2far=3895
SIPM_ARRIVALS event=566 total=1761
SIPM_ADC event=566 readout=3895 f1far=3895 f2near=3895 f2far=3895
SIPM_ARRIVALS event=609 total=1892
SIPM_ADC event=609 readout=3895 f1far=3895 f2near=3895 f2far=3895
SIPM_ARRIVALS event=655 total=1806
SIPM_ADC event=655 readout=3895 f1far=3895 f2near=3895 f2far=3895
SIPM_ARRIVALS event=693 total=1837
SIPM_ADC event=693 readout=3895 f1far=3895 f2near=3895 f2far=3895
SIPM_ARRIVALS event=567 total=1807
SIPM_ADC event=567 readout=3895 f1far=3895 f2near=3895 f2far=3895
SIPM_ARRIVALS event=610 total=1781
SIPM_ADC event=610 readout=3895 f1far=3895 f2near=3895 f2far=3895
SIPM_ARRIVALS event=656 total=1848
SIPM_ADC event=656 readout=3895 f1far=3895 f2near=3895 f2far=3895
SIPM_ARRIVALS event=694 total=1652
SIPM_ADC event=694 readout=3895 f1far=3895 f2near=3895 f2far=3895
SIPM_ARRIVALS event=568 total=1819
SIPM_ADC event=568 readout=3895 f1far=3895 f2near=3895 f2far=3895
SIPM_ARRIVALS event=611 total=1863
SIPM_ADC event=611 readout=3895 f1far=3895 f2near=3895 f2far=3895
SIPM_ARRIVALS event=657 total=1729
SIPM_ADC event=657 readout=3895 f1far=3895 f2near=3895 f2far=3895
SIPM_ARRIVALS event=695 total=1877
SIPM_ADC event=695 readout=3895 f1far=3895 f2near=3895 f2far=3895
SIPM_ARRIVALS event=569 total=1724
SIPM_ADC event=569 readout=3895 f1far=3895 f2near=3895 f2far=3895
SIPM_ARRIVALS event=612 total=1775
SIPM_ADC event=612 readout=3895 f1far=3895 f2near=3895 f2far=3895
SIPM_ARRIVALS event=658 total=1912
SIPM_ADC event=658 readout=3895 f1far=3895 f2near=3895 f2far=3895
SIPM_ARRIVALS event=570 total=1650
SIPM_ADC event=570 readout=3895 f1far=3895 f2near=3895 f2far=3895
SIPM_ARRIVALS event=696 total=1868
SIPM_ADC event=696 readout=3895 f1far=3895 f2near=3895 f2far=3895
SIPM_ARRIVALS event=613 total=1701
SIPM_ADC event=613 readout=3895 f1far=3895 f2near=3895 f2far=3895
SIPM_ARRIVALS event=659 total=1948
SIPM_ADC event=659 readout=3895 f1far=3895 f2near=3895 f2far=3895
SIPM_ARRIVALS event=571 total=1760
SIPM_ADC event=571 readout=3895 f1far=3895 f2near=3895 f2far=3895
SIPM_ARRIVALS event=697 total=1700
SIPM_ADC event=697 readout=3895 f1far=3895 f2near=3895 f2far=3895
SIPM_ARRIVALS event=614 total=1721
SIPM_ADC event=614 readout=3895 f1far=3895 f2near=3895 f2far=3895
SIPM_ARRIVALS event=704 total=1907
SIPM_ADC event=704 readout=3895 f1far=3895 f2near=3895 f2far=3895
SIPM_ARRIVALS event=748 total=1722
SIPM_ADC event=748 readout=3895 f1far=3895 f2near=3895 f2far=3895
SIPM_ARRIVALS event=698 total=1735
SIPM_ADC event=698 readout=3895 f1far=3895 f2near=3895 f2far=3895
SIPM_ARRIVALS event=615 total=1773
SIPM_ADC event=615 readout=3895 f1far=3895 f2near=3895 f2far=3895
SIPM_ARRIVALS event=705 total=1857
SIPM_ADC event=705 readout=3895 f1far=3895 f2near=3895 f2far=3895
SIPM_ARRIVALS event=749 total=1709
SIPM_ADC event=749 readout=3895 f1far=3895 f2near=3895 f2far=3895
SIPM_ARRIVALS event=699 total=1641
SIPM_ADC event=699 readout=3895 f1far=3895 f2near=3895 f2far=3895
SIPM_ARRIVALS event=792 total=1769
SIPM_ADC event=792 readout=3895 f1far=3895 f2near=3895 f2far=3895
SIPM_ARRIVALS event=706 total=1848
SIPM_ADC event=706 readout=3895 f1far=3895 f2near=3895 f2far=3895
SIPM_ARRIVALS event=750 total=1738
SIPM_ADC event=750 readout=3895 f1far=3895 f2near=3895 f2far=3895
SIPM_ARRIVALS event=700 total=1650
SIPM_ADC event=700 readout=3895 f1far=3895 f2near=3895 f2far=3895
SIPM_ARRIVALS event=793 total=1705
SIPM_ADC event=793 readout=3895 f1far=3895 f2near=3895 f2far=3895
SIPM_ARRIVALS event=707 total=1763
SIPM_ADC event=707 readout=3895 f1far=3895 f2near=3895 f2far=3895
SIPM_ARRIVALS event=751 total=1756
SIPM_ADC event=751 readout=3895 f1far=3895 f2near=3895 f2far=3895
SIPM_ARRIVALS event=701 total=1853
SIPM_ADC event=701 readout=3895 f1far=3895 f2near=3895 f2far=3895
SIPM_ARRIVALS event=794 total=1954
SIPM_ADC event=794 readout=3895 f1far=3895 f2near=3895 f2far=3895
SIPM_ARRIVALS event=708 total=1673
SIPM_ADC event=708 readout=3895 f1far=3895 f2near=3895 f2far=3895
SIPM_ARRIVALS event=702 total=1664
SIPM_ADC event=702 readout=3895 f1far=3895 f2near=3895 f2far=3895
SIPM_ARRIVALS event=752 total=1779
SIPM_ADC event=752 readout=3895 f1far=3895 f2near=3895 f2far=3895
SIPM_ARRIVALS event=795 total=1728
SIPM_ADC event=795 readout=3895 f1far=3895 f2near=3895 f2far=3895
SIPM_ARRIVALS event=709 total=1685
SIPM_ADC event=709 readout=3895 f1far=3895 f2near=3895 f2far=3895
SIPM_ARRIVALS event=703 total=1770
SIPM_ADC event=703 readout=3895 f1far=3895 f2near=3895 f2far=3895
SIPM_ARRIVALS event=753 total=1776
SIPM_ADC event=753 readout=3895 f1far=3895 f2near=3895 f2far=3895
SIPM_ARRIVALS event=710 total=1709
SIPM_ADC event=710 readout=3895 f1far=3895 f2near=3895 f2far=3895
SIPM_ARRIVALS event=796 total=1846
SIPM_ADC event=796 readout=3895 f1far=3895 f2near=3895 f2far=3895
SIPM_ARRIVALS event=836 total=1870
SIPM_ADC event=836 readout=3895 f1far=3895 f2near=3895 f2far=3895
SIPM_ARRIVALS event=754 total=1798
SIPM_ADC event=754 readout=3895 f1far=3895 f2near=3895 f2far=3895
SIPM_ARRIVALS event=797 total=1649
SIPM_ADC event=797 readout=3895 f1far=3895 f2near=3895 f2far=3895
SIPM_ARRIVALS event=711 total=1706
SIPM_ADC event=711 readout=3895 f1far=3895 f2near=3895 f2far=3895
SIPM_ARRIVALS event=837 total=1857
SIPM_ADC event=837 readout=3895 f1far=3895 f2near=3895 f2far=3895
SIPM_ARRIVALS event=755 total=1824
SIPM_ADC event=755 readout=3895 f1far=3895 f2near=3895 f2far=3895
SIPM_ARRIVALS event=798 total=1742
SIPM_ADC event=798 readout=3895 f1far=3895 f2near=3895 f2far=3895
SIPM_ARRIVALS event=712 total=1774
SIPM_ADC event=712 readout=3895 f1far=3895 f2near=3895 f2far=3895
SIPM_ARRIVALS event=838 total=1764
SIPM_ADC event=838 readout=3895 f1far=3895 f2near=3895 f2far=3895
SIPM_ARRIVALS event=756 total=1664
SIPM_ADC event=756 readout=3895 f1far=3895 f2near=3895 f2far=3895
SIPM_ARRIVALS event=799 total=1815
SIPM_ADC event=799 readout=3895 f1far=3895 f2near=3895 f2far=3895
SIPM_ARRIVALS event=713 total=1706
SIPM_ADC event=713 readout=3895 f1far=3895 f2near=3895 f2far=3895
SIPM_ARRIVALS event=839 total=1782
SIPM_ADC event=839 readout=3895 f1far=3895 f2near=3895 f2far=3895
SIPM_ARRIVALS event=757 total=1683
SIPM_ADC event=757 readout=3895 f1far=3895 f2near=3895 f2far=3895
SIPM_ARRIVALS event=714 total=1696
SIPM_ADC event=714 readout=3895 f1far=3895 f2near=3895 f2far=3895
SIPM_ARRIVALS event=800 total=1879
SIPM_ADC event=800 readout=3895 f1far=3895 f2near=3895 f2far=3895
SIPM_ARRIVALS event=840 total=1595
SIPM_ADC event=840 readout=3895 f1far=3895 f2near=3895 f2far=3895
SIPM_ARRIVALS event=758 total=1870
SIPM_ADC event=758 readout=3895 f1far=3895 f2near=3895 f2far=3895
SIPM_ARRIVALS event=715 total=1742
SIPM_ADC event=715 readout=3895 f1far=3895 f2near=3895 f2far=3895
SIPM_ARRIVALS event=801 total=1713
SIPM_ADC event=801 readout=3895 f1far=3895 f2near=3895 f2far=3895
SIPM_ARRIVALS event=841 total=1705
SIPM_ADC event=841 readout=3895 f1far=3895 f2near=3895 f2far=3895
SIPM_ARRIVALS event=716 total=1751
SIPM_ADC event=716 readout=3895 f1far=3895 f2near=3895 f2far=3895
SIPM_ARRIVALS event=759 total=2248
SIPM_ADC event=759 readout=3895 f1far=3895 f2near=3895 f2far=3895
SIPM_ARRIVALS event=802 total=1760
SIPM_ADC event=802 readout=3895 f1far=3895 f2near=3895 f2far=3895
SIPM_ARRIVALS event=842 total=1775
SIPM_ADC event=842 readout=3895 f1far=3895 f2near=3895 f2far=3895
SIPM_ARRIVALS event=760 total=1788
SIPM_ADC event=760 readout=3895 f1far=3895 f2near=3895 f2far=3895
SIPM_ARRIVALS event=717 total=1787
SIPM_ADC event=717 readout=3895 f1far=3895 f2near=3895 f2far=3895
SIPM_ARRIVALS event=803 total=1810
SIPM_ADC event=803 readout=3895 f1far=3895 f2near=3895 f2far=3895
SIPM_ARRIVALS event=843 total=1706
SIPM_ADC event=843 readout=3895 f1far=3895 f2near=3895 f2far=3895
SIPM_ARRIVALS event=718 total=1898
SIPM_ADC event=718 readout=3895 f1far=3895 f2near=3895 f2far=3895
SIPM_ARRIVALS event=804 total=1848
SIPM_ADC event=804 readout=3895 f1far=3895 f2near=3895 f2far=3895
SIPM_ARRIVALS event=761 total=2030
SIPM_ADC event=761 readout=3895 f1far=3895 f2near=3895 f2far=3895
SIPM_ARRIVALS event=844 total=1845
SIPM_ADC event=844 readout=3895 f1far=3895 f2near=3895 f2far=3895
SIPM_ARRIVALS event=805 total=1690
SIPM_ADC event=805 readout=3895 f1far=3895 f2near=3895 f2far=3895
SIPM_ARRIVALS event=719 total=1867
SIPM_ADC event=719 readout=3895 f1far=3895 f2near=3895 f2far=3895
SIPM_ARRIVALS event=762 total=1740
SIPM_ADC event=762 readout=3895 f1far=3895 f2near=3895 f2far=3895
SIPM_ARRIVALS event=845 total=1711
SIPM_ADC event=845 readout=3895 f1far=3895 f2near=3895 f2far=3895
SIPM_ARRIVALS event=806 total=1788
SIPM_ADC event=806 readout=3895 f1far=3895 f2near=3895 f2far=3895
SIPM_ARRIVALS event=763 total=1741
SIPM_ADC event=763 readout=3895 f1far=3895 f2near=3895 f2far=3895
SIPM_ARRIVALS event=720 total=1802
SIPM_ADC event=720 readout=3895 f1far=3895 f2near=3895 f2far=3895
SIPM_ARRIVALS event=846 total=1664
SIPM_ADC event=846 readout=3895 f1far=3895 f2near=3895 f2far=3895
SIPM_ARRIVALS event=807 total=1634
SIPM_ADC event=807 readout=3895 f1far=3895 f2near=3895 f2far=3895
SIPM_ARRIVALS event=764 total=1797
SIPM_ADC event=764 readout=3895 f1far=3895 f2near=3895 f2far=3895
SIPM_ARRIVALS event=847 total=1661
SIPM_ADC event=847 readout=3895 f1far=3895 f2near=3895 f2far=3895
SIPM_ARRIVALS event=721 total=1865
SIPM_ADC event=721 readout=3895 f1far=3895 f2near=3895 f2far=3895
SIPM_ARRIVALS event=808 total=1667
SIPM_ADC event=808 readout=3895 f1far=3895 f2near=3895 f2far=3895
SIPM_ARRIVALS event=765 total=1823
SIPM_ADC event=765 readout=3895 f1far=3895 f2near=3895 f2far=3895
SIPM_ARRIVALS event=848 total=1810
SIPM_ADC event=848 readout=3895 f1far=3895 f2near=3895 f2far=3895
SIPM_ARRIVALS event=722 total=1911
SIPM_ADC event=722 readout=3895 f1far=3895 f2near=3895 f2far=3895
SIPM_ARRIVALS event=809 total=1761
SIPM_ADC event=809 readout=3895 f1far=3895 f2near=3895 f2far=3895
SIPM_ARRIVALS event=766 total=1650
SIPM_ADC event=766 readout=3895 f1far=3895 f2near=3895 f2far=3895
SIPM_ARRIVALS event=849 total=1748
SIPM_ADC event=849 readout=3895 f1far=3895 f2near=3895 f2far=3895
SIPM_ARRIVALS event=723 total=1829
SIPM_ADC event=723 readout=3895 f1far=3895 f2near=3895 f2far=3895
SIPM_ARRIVALS event=810 total=1815
SIPM_ADC event=810 readout=3895 f1far=3895 f2near=3895 f2far=3895
SIPM_ARRIVALS event=767 total=1991
SIPM_ADC event=767 readout=3895 f1far=3895 f2near=3895 f2far=3895
SIPM_ARRIVALS event=724 total=1744
SIPM_ADC event=724 readout=3895 f1far=3895 f2near=3895 f2far=3895
SIPM_ARRIVALS event=811 total=1774
SIPM_ADC event=811 readout=3895 f1far=3895 f2near=3895 f2far=3895
SIPM_ARRIVALS event=725 total=1649
SIPM_ADC event=725 readout=3895 f1far=3895 f2near=3895 f2far=3895
SIPM_ARRIVALS event=768 total=1896
SIPM_ADC event=768 readout=3895 f1far=3895 f2near=3895 f2far=3895
SIPM_ARRIVALS event=812 total=1739
SIPM_ADC event=812 readout=3895 f1far=3895 f2near=3895 f2far=3895
SIPM_ARRIVALS event=726 total=1695
SIPM_ADC event=726 readout=3895 f1far=3895 f2near=3895 f2far=3895
SIPM_ARRIVALS event=769 total=1852
SIPM_ADC event=769 readout=3895 f1far=3895 f2near=3895 f2far=3895
SIPM_ARRIVALS event=813 total=1902
SIPM_ADC event=813 readout=3895 f1far=3895 f2near=3895 f2far=3895
SIPM_ARRIVALS event=727 total=2028
SIPM_ADC event=727 readout=3895 f1far=3895 f2near=3895 f2far=3895
SIPM_ARRIVALS event=770 total=1700
SIPM_ADC event=770 readout=3895 f1far=3895 f2near=3895 f2far=3895
SIPM_ARRIVALS event=850 total=7360
SIPM_ADC event=850 readout=3895 f1far=3895 f2near=3895 f2far=3895
SIPM_ARRIVALS event=814 total=1686
SIPM_ADC event=814 readout=3895 f1far=3895 f2near=3895 f2far=3895
SIPM_ARRIVALS event=728 total=1677
SIPM_ADC event=728 readout=3895 f1far=3895 f2near=3895 f2far=3895
SIPM_ARRIVALS event=771 total=1593
SIPM_ADC event=771 readout=3895 f1far=3895 f2near=3895 f2far=3895
SIPM_ARRIVALS event=851 total=1702
SIPM_ADC event=851 readout=3895 f1far=3895 f2near=3895 f2far=3895
SIPM_ARRIVALS event=815 total=2003
SIPM_ADC event=815 readout=3895 f1far=3895 f2near=3895 f2far=3895
SIPM_ARRIVALS event=772 total=1666
SIPM_ADC event=772 readout=3895 f1far=3895 f2near=3895 f2far=3895
SIPM_ARRIVALS event=852 total=1633
SIPM_ADC event=852 readout=3895 f1far=3895 f2near=3895 f2far=3895
SIPM_ARRIVALS event=729 total=1843
SIPM_ADC event=729 readout=3895 f1far=3895 f2near=3895 f2far=3895
SIPM_ARRIVALS event=816 total=1899
SIPM_ADC event=816 readout=3895 f1far=3895 f2near=3895 f2far=3895
SIPM_ARRIVALS event=773 total=1753
SIPM_ADC event=773 readout=3895 f1far=3895 f2near=3895 f2far=3895
SIPM_ARRIVALS event=730 total=1704
SIPM_ADC event=730 readout=3895 f1far=3895 f2near=3895 f2far=3895
SIPM_ARRIVALS event=853 total=1918
SIPM_ADC event=853 readout=3895 f1far=3895 f2near=3895 f2far=3895
SIPM_ARRIVALS event=817 total=1704
SIPM_ADC event=817 readout=3895 f1far=3895 f2near=3895 f2far=3895
SIPM_ARRIVALS event=774 total=1730
SIPM_ADC event=774 readout=3895 f1far=3895 f2near=3895 f2far=3895
SIPM_ARRIVALS event=731 total=1733
SIPM_ADC event=731 readout=3895 f1far=3895 f2near=3895 f2far=3895
SIPM_ARRIVALS event=854 total=1901
SIPM_ADC event=854 readout=3895 f1far=3895 f2near=3895 f2far=3895
SIPM_ARRIVALS event=818 total=1927
SIPM_ADC event=818 readout=3895 f1far=3895 f2near=3895 f2far=3895
SIPM_ARRIVALS event=775 total=1810
SIPM_ADC event=775 readout=3895 f1far=3895 f2near=3895 f2far=3895
SIPM_ARRIVALS event=732 total=1853
SIPM_ADC event=732 readout=3895 f1far=3895 f2near=3895 f2far=3895
SIPM_ARRIVALS event=855 total=1675
SIPM_ADC event=855 readout=3895 f1far=3895 f2near=3895 f2far=3895
SIPM_ARRIVALS event=819 total=1680
SIPM_ADC event=819 readout=3895 f1far=3895 f2near=3895 f2far=3895
SIPM_ARRIVALS event=776 total=1798
SIPM_ADC event=776 readout=3895 f1far=3895 f2near=3895 f2far=3895
SIPM_ARRIVALS event=733 total=1732
SIPM_ADC event=733 readout=3895 f1far=3895 f2near=3895 f2far=3895
SIPM_ARRIVALS event=856 total=1881
SIPM_ADC event=856 readout=3895 f1far=3895 f2near=3895 f2far=3895
SIPM_ARRIVALS event=820 total=1753
SIPM_ADC event=820 readout=3895 f1far=3895 f2near=3895 f2far=3895
SIPM_ARRIVALS event=777 total=1748
SIPM_ADC event=777 readout=3895 f1far=3895 f2near=3895 f2far=3895
SIPM_ARRIVALS event=734 total=1763
SIPM_ADC event=734 readout=3895 f1far=3895 f2near=3895 f2far=3895
SIPM_ARRIVALS event=821 total=1821
SIPM_ADC event=821 readout=3895 f1far=3895 f2near=3895 f2far=3895
SIPM_ARRIVALS event=778 total=1787
SIPM_ADC event=778 readout=3895 f1far=3895 f2near=3895 f2far=3895
SIPM_ARRIVALS event=735 total=1802
SIPM_ADC event=735 readout=3895 f1far=3895 f2near=3895 f2far=3895
SIPM_ARRIVALS event=779 total=1808
SIPM_ADC event=779 readout=3895 f1far=3895 f2near=3895 f2far=3895
SIPM_ARRIVALS event=822 total=1949
SIPM_ADC event=822 readout=3895 f1far=3895 f2near=3895 f2far=3895
SIPM_ARRIVALS event=736 total=1846
SIPM_ADC event=736 readout=3895 f1far=3895 f2near=3895 f2far=3895
SIPM_ARRIVALS event=823 total=1487
SIPM_ADC event=823 readout=3895 f1far=3895 f2near=3895 f2far=3895
SIPM_ARRIVALS event=857 total=6437
SIPM_ADC event=857 readout=3895 f1far=3895 f2near=3895 f2far=3895
SIPM_ARRIVALS event=780 total=1871
SIPM_ADC event=780 readout=3895 f1far=3895 f2near=3895 f2far=3895
SIPM_ARRIVALS event=737 total=1804
SIPM_ADC event=737 readout=3895 f1far=3895 f2near=3895 f2far=3895
SIPM_ARRIVALS event=858 total=1852
SIPM_ADC event=858 readout=3895 f1far=3895 f2near=3895 f2far=3895
SIPM_ARRIVALS event=824 total=1843
SIPM_ADC event=824 readout=3895 f1far=3895 f2near=3895 f2far=3895
SIPM_ARRIVALS event=781 total=1755
SIPM_ADC event=781 readout=3895 f1far=3895 f2near=3895 f2far=3895
SIPM_ARRIVALS event=738 total=1644
SIPM_ADC event=738 readout=3895 f1far=3895 f2near=3895 f2far=3895
SIPM_ARRIVALS event=859 total=1782
SIPM_ADC event=859 readout=3895 f1far=3895 f2near=3895 f2far=3895
SIPM_ARRIVALS event=825 total=1843
SIPM_ADC event=825 readout=3895 f1far=3895 f2near=3895 f2far=3895
SIPM_ARRIVALS event=782 total=1889
SIPM_ADC event=782 readout=3895 f1far=3895 f2near=3895 f2far=3895
SIPM_ARRIVALS event=739 total=1692
SIPM_ADC event=739 readout=3895 f1far=3895 f2near=3895 f2far=3895
SIPM_ARRIVALS event=826 total=1725
SIPM_ADC event=826 readout=3895 f1far=3895 f2near=3895 f2far=3895
SIPM_ARRIVALS event=783 total=1710
SIPM_ADC event=783 readout=3895 f1far=3895 f2near=3895 f2far=3895
SIPM_ARRIVALS event=740 total=1673
SIPM_ADC event=740 readout=3895 f1far=3895 f2near=3895 f2far=3895
SIPM_ARRIVALS event=827 total=1653
SIPM_ADC event=827 readout=3895 f1far=3895 f2near=3895 f2far=3895
SIPM_ARRIVALS event=784 total=1732
SIPM_ADC event=784 readout=3895 f1far=3895 f2near=3895 f2far=3895
SIPM_ARRIVALS event=741 total=1722
SIPM_ADC event=741 readout=3895 f1far=3895 f2near=3895 f2far=3895
SIPM_ARRIVALS event=860 total=4335
SIPM_ADC event=860 readout=3895 f1far=3895 f2near=3895 f2far=3895
SIPM_ARRIVALS event=828 total=1724
SIPM_ADC event=828 readout=3895 f1far=3895 f2near=3895 f2far=3895
SIPM_ARRIVALS event=742 total=1747
SIPM_ADC event=742 readout=3895 f1far=3895 f2near=3895 f2far=3895
SIPM_ARRIVALS event=785 total=1758
SIPM_ADC event=785 readout=3895 f1far=3895 f2near=3895 f2far=3895
SIPM_ARRIVALS event=861 total=1825
SIPM_ADC event=861 readout=3895 f1far=3895 f2near=3895 f2far=3895
SIPM_ARRIVALS event=829 total=1865
SIPM_ADC event=829 readout=3895 f1far=3895 f2near=3895 f2far=3895
SIPM_ARRIVALS event=786 total=1770
SIPM_ADC event=786 readout=3895 f1far=3895 f2near=3895 f2far=3895
SIPM_ARRIVALS event=743 total=1817
SIPM_ADC event=743 readout=3895 f1far=3895 f2near=3895 f2far=3895
SIPM_ARRIVALS event=862 total=1987
SIPM_ADC event=862 readout=3895 f1far=3895 f2near=3895 f2far=3895
SIPM_ARRIVALS event=830 total=1832
SIPM_ADC event=830 readout=3895 f1far=3895 f2near=3895 f2far=3895
SIPM_ARRIVALS event=787 total=1729
SIPM_ADC event=787 readout=3895 f1far=3895 f2near=3895 f2far=3895
SIPM_ARRIVALS event=744 total=1659
SIPM_ADC event=744 readout=3895 f1far=3895 f2near=3895 f2far=3895
SIPM_ARRIVALS event=863 total=1749
SIPM_ADC event=863 readout=3895 f1far=3895 f2near=3895 f2far=3895
SIPM_ARRIVALS event=831 total=1757
SIPM_ADC event=831 readout=3895 f1far=3895 f2near=3895 f2far=3895
SIPM_ARRIVALS event=788 total=1747
SIPM_ADC event=788 readout=3895 f1far=3895 f2near=3895 f2far=3895
SIPM_ARRIVALS event=745 total=1894
SIPM_ADC event=745 readout=3895 f1far=3895 f2near=3895 f2far=3895
SIPM_ARRIVALS event=864 total=1721
SIPM_ADC event=864 readout=3895 f1far=3895 f2near=3895 f2far=3895
SIPM_ARRIVALS event=832 total=1578
SIPM_ADC event=832 readout=3895 f1far=3895 f2near=3895 f2far=3895
SIPM_ARRIVALS event=789 total=1864
SIPM_ADC event=789 readout=3895 f1far=3895 f2near=3895 f2far=3895
SIPM_ARRIVALS event=746 total=1695
SIPM_ADC event=746 readout=3895 f1far=3895 f2near=3895 f2far=3895
SIPM_ARRIVALS event=865 total=1730
SIPM_ADC event=865 readout=3895 f1far=3895 f2near=3895 f2far=3895
SIPM_ARRIVALS event=833 total=1823
SIPM_ADC event=833 readout=3895 f1far=3895 f2near=3895 f2far=3895
SIPM_ARRIVALS event=747 total=1708
SIPM_ADC event=747 readout=3895 f1far=3895 f2near=3895 f2far=3895
SIPM_ARRIVALS event=790 total=2024
SIPM_ADC event=790 readout=3895 f1far=3895 f2near=3895 f2far=3895
SIPM_ARRIVALS event=866 total=1735
SIPM_ADC event=866 readout=3895 f1far=3895 f2near=3895 f2far=3895
SIPM_ARRIVALS event=834 total=1847
SIPM_ADC event=834 readout=3895 f1far=3895 f2near=3895 f2far=3895
SIPM_ARRIVALS event=880 total=1788
SIPM_ADC event=880 readout=3895 f1far=3895 f2near=3895 f2far=3895
SIPM_ARRIVALS event=791 total=1813
SIPM_ADC event=791 readout=3895 f1far=3895 f2near=3895 f2far=3895
SIPM_ARRIVALS event=867 total=1747
SIPM_ADC event=867 readout=3895 f1far=3895 f2near=3895 f2far=3895
SIPM_ARRIVALS event=835 total=1645
SIPM_ADC event=835 readout=3895 f1far=3895 f2near=3895 f2far=3895
SIPM_ARRIVALS event=881 total=1683
SIPM_ADC event=881 readout=3895 f1far=3895 f2near=3895 f2far=3895
SIPM_ARRIVALS event=924 total=1837
SIPM_ADC event=924 readout=3895 f1far=3895 f2near=3895 f2far=3895
SIPM_ARRIVALS event=868 total=1642
SIPM_ADC event=868 readout=3895 f1far=3895 f2near=3895 f2far=3895
SIPM_ARRIVALS event=968 total=1843
SIPM_ADC event=968 readout=3895 f1far=3895 f2near=3895 f2far=3895
SIPM_ARRIVALS event=882 total=1766
SIPM_ADC event=882 readout=3895 f1far=3895 f2near=3895 f2far=3895
SIPM_ARRIVALS event=925 total=1858
SIPM_ADC event=925 readout=3895 f1far=3895 f2near=3895 f2far=3895
SIPM_ARRIVALS event=869 total=1945
SIPM_ADC event=869 readout=3895 f1far=3895 f2near=3895 f2far=3895
SIPM_ARRIVALS event=969 total=1649
SIPM_ADC event=969 readout=3895 f1far=3895 f2near=3895 f2far=3895
SIPM_ARRIVALS event=883 total=1766
SIPM_ADC event=883 readout=3895 f1far=3895 f2near=3895 f2far=3895
SIPM_ARRIVALS event=926 total=1727
SIPM_ADC event=926 readout=3895 f1far=3895 f2near=3895 f2far=3895
SIPM_ARRIVALS event=870 total=1776
SIPM_ADC event=870 readout=3895 f1far=3895 f2near=3895 f2far=3895
SIPM_ARRIVALS event=970 total=1730
SIPM_ADC event=970 readout=3895 f1far=3895 f2near=3895 f2far=3895
SIPM_ARRIVALS event=884 total=1800
SIPM_ADC event=884 readout=3895 f1far=3895 f2near=3895 f2far=3895
SIPM_ARRIVALS event=927 total=1704
SIPM_ADC event=927 readout=3895 f1far=3895 f2near=3895 f2far=3895
SIPM_ARRIVALS event=871 total=1889
SIPM_ADC event=871 readout=3895 f1far=3895 f2near=3895 f2far=3895
SIPM_ARRIVALS event=971 total=1765
SIPM_ADC event=971 readout=3895 f1far=3895 f2near=3895 f2far=3895
SIPM_ARRIVALS event=885 total=1772
SIPM_ADC event=885 readout=3895 f1far=3895 f2near=3895 f2far=3895
SIPM_ARRIVALS event=928 total=1666
SIPM_ADC event=928 readout=3895 f1far=3895 f2near=3895 f2far=3895
SIPM_ARRIVALS event=872 total=1786
SIPM_ADC event=872 readout=3895 f1far=3895 f2near=3895 f2far=3895
SIPM_ARRIVALS event=972 total=1778
SIPM_ADC event=972 readout=3895 f1far=3895 f2near=3895 f2far=3895
SIPM_ARRIVALS event=886 total=1793
SIPM_ADC event=886 readout=3895 f1far=3895 f2near=3895 f2far=3895
SIPM_ARRIVALS event=929 total=1745
SIPM_ADC event=929 readout=3895 f1far=3895 f2near=3895 f2far=3895
SIPM_ARRIVALS event=873 total=1719
SIPM_ADC event=873 readout=3895 f1far=3895 f2near=3895 f2far=3895
SIPM_ARRIVALS event=973 total=1838
SIPM_ADC event=973 readout=3895 f1far=3895 f2near=3895 f2far=3895
SIPM_ARRIVALS event=887 total=1810
SIPM_ADC event=887 readout=3895 f1far=3895 f2near=3895 f2far=3895
SIPM_ARRIVALS event=930 total=1852
SIPM_ADC event=930 readout=3895 f1far=3895 f2near=3895 f2far=3895
SIPM_ARRIVALS event=874 total=1856
SIPM_ADC event=874 readout=3895 f1far=3895 f2near=3895 f2far=3895
SIPM_ARRIVALS event=974 total=1718
SIPM_ADC event=974 readout=3895 f1far=3895 f2near=3895 f2far=3895
SIPM_ARRIVALS event=888 total=1852
SIPM_ADC event=888 readout=3895 f1far=3895 f2near=3895 f2far=3895
SIPM_ARRIVALS event=931 total=1743
SIPM_ADC event=931 readout=3895 f1far=3895 f2near=3895 f2far=3895
SIPM_ARRIVALS event=875 total=1740
SIPM_ADC event=875 readout=3895 f1far=3895 f2near=3895 f2far=3895
SIPM_ARRIVALS event=975 total=1735
SIPM_ADC event=975 readout=3895 f1far=3895 f2near=3895 f2far=3895
SIPM_ARRIVALS event=889 total=1778
SIPM_ADC event=889 readout=3895 f1far=3895 f2near=3895 f2far=3895
SIPM_ARRIVALS event=932 total=1891
SIPM_ADC event=932 readout=3895 f1far=3895 f2near=3895 f2far=3895
SIPM_ARRIVALS event=876 total=1898
SIPM_ADC event=876 readout=3895 f1far=3895 f2near=3895 f2far=3895
SIPM_ARRIVALS event=976 total=1931
SIPM_ADC event=976 readout=3895 f1far=3895 f2near=3895 f2far=3895
SIPM_ARRIVALS event=890 total=1762
SIPM_ADC event=890 readout=3895 f1far=3895 f2near=3895 f2far=3895
SIPM_ARRIVALS event=933 total=1762
SIPM_ADC event=933 readout=3895 f1far=3895 f2near=3895 f2far=3895
SIPM_ARRIVALS event=877 total=1657
SIPM_ADC event=877 readout=3895 f1far=3895 f2near=3895 f2far=3895
SIPM_ARRIVALS event=891 total=1800
SIPM_ADC event=891 readout=3895 f1far=3895 f2near=3895 f2far=3895
SIPM_ARRIVALS event=977 total=1767
SIPM_ADC event=977 readout=3895 f1far=3895 f2near=3895 f2far=3895
SIPM_ARRIVALS event=934 total=1926
SIPM_ADC event=934 readout=3895 f1far=3895 f2near=3895 f2far=3895
SIPM_ARRIVALS event=878 total=1800
SIPM_ADC event=878 readout=3895 f1far=3895 f2near=3895 f2far=3895
SIPM_ARRIVALS event=892 total=1843
SIPM_ADC event=892 readout=3895 f1far=3895 f2near=3895 f2far=3895
SIPM_ARRIVALS event=978 total=1896
SIPM_ADC event=978 readout=3895 f1far=3895 f2near=3895 f2far=3895
SIPM_ARRIVALS event=935 total=1826
SIPM_ADC event=935 readout=3895 f1far=3895 f2near=3895 f2far=3895
SIPM_ARRIVALS event=879 total=1849
SIPM_ADC event=879 readout=3895 f1far=3895 f2near=3895 f2far=3895
SIPM_ARRIVALS event=979 total=1727
SIPM_ADC event=979 readout=3895 f1far=3895 f2near=3895 f2far=3895
SIPM_ARRIVALS event=936 total=1845
SIPM_ADC event=936 readout=3895 f1far=3895 f2near=3895 f2far=3895
SIPM_ARRIVALS event=1012 total=1777
SIPM_ADC event=1012 readout=3895 f1far=3895 f2near=3895 f2far=3895
SIPM_ARRIVALS event=893 total=3276
SIPM_ADC event=893 readout=3895 f1far=3895 f2near=3895 f2far=3895
SIPM_ARRIVALS event=980 total=1808
SIPM_ADC event=980 readout=3895 f1far=3895 f2near=3895 f2far=3895
SIPM_ARRIVALS event=937 total=1752
SIPM_ADC event=937 readout=3895 f1far=3895 f2near=3895 f2far=3895
SIPM_ARRIVALS event=1013 total=1824
SIPM_ADC event=1013 readout=3895 f1far=3895 f2near=3895 f2far=3895
SIPM_ARRIVALS event=894 total=1714
SIPM_ADC event=894 readout=3895 f1far=3895 f2near=3895 f2far=3895
SIPM_ARRIVALS event=981 total=1800
SIPM_ADC event=981 readout=3895 f1far=3895 f2near=3895 f2far=3895
SIPM_ARRIVALS event=938 total=1861
SIPM_ADC event=938 readout=3895 f1far=3895 f2near=3895 f2far=3895
SIPM_ARRIVALS event=1014 total=1849
SIPM_ADC event=1014 readout=3895 f1far=3895 f2near=3895 f2far=3895
SIPM_ARRIVALS event=895 total=1738
SIPM_ADC event=895 readout=3895 f1far=3895 f2near=3895 f2far=3895
SIPM_ARRIVALS event=982 total=1725
SIPM_ADC event=982 readout=3895 f1far=3895 f2near=3895 f2far=3895
SIPM_ARRIVALS event=939 total=1681
SIPM_ADC event=939 readout=3895 f1far=3895 f2near=3895 f2far=3895
SIPM_ARRIVALS event=1015 total=1928
SIPM_ADC event=1015 readout=3895 f1far=3895 f2near=3895 f2far=3895
SIPM_ARRIVALS event=896 total=1717
SIPM_ADC event=896 readout=3895 f1far=3895 f2near=3895 f2far=3895
SIPM_ARRIVALS event=983 total=1821
SIPM_ADC event=983 readout=3895 f1far=3895 f2near=3895 f2far=3895
SIPM_ARRIVALS event=940 total=1736
SIPM_ADC event=940 readout=3895 f1far=3895 f2near=3895 f2far=3895
SIPM_ARRIVALS event=1016 total=1662
SIPM_ADC event=1016 readout=3895 f1far=3895 f2near=3895 f2far=3895
SIPM_ARRIVALS event=897 total=1857
SIPM_ADC event=897 readout=3895 f1far=3895 f2near=3895 f2far=3895
SIPM_ARRIVALS event=984 total=1740
SIPM_ADC event=984 readout=3895 f1far=3895 f2near=3895 f2far=3895
SIPM_ARRIVALS event=941 total=1820
SIPM_ADC event=941 readout=3895 f1far=3895 f2near=3895 f2far=3895
SIPM_ARRIVALS event=1017 total=1871
SIPM_ADC event=1017 readout=3895 f1far=3895 f2near=3895 f2far=3895
SIPM_ARRIVALS event=898 total=1646
SIPM_ADC event=898 readout=3895 f1far=3895 f2near=3895 f2far=3895
SIPM_ARRIVALS event=985 total=1871
SIPM_ADC event=985 readout=3895 f1far=3895 f2near=3895 f2far=3895
SIPM_ARRIVALS event=942 total=1674
SIPM_ADC event=942 readout=3895 f1far=3895 f2near=3895 f2far=3895
SIPM_ARRIVALS event=1018 total=1830
SIPM_ADC event=1018 readout=3895 f1far=3895 f2near=3895 f2far=3895
SIPM_ARRIVALS event=899 total=1786
SIPM_ADC event=899 readout=3895 f1far=3895 f2near=3895 f2far=3895
SIPM_ARRIVALS event=986 total=1800
SIPM_ADC event=986 readout=3895 f1far=3895 f2near=3895 f2far=3895
SIPM_ARRIVALS event=943 total=1798
SIPM_ADC event=943 readout=3895 f1far=3895 f2near=3895 f2far=3895
SIPM_ARRIVALS event=1019 total=1636
SIPM_ADC event=1019 readout=3895 f1far=3895 f2near=3895 f2far=3895
SIPM_ARRIVALS event=900 total=1731
SIPM_ADC event=900 readout=3895 f1far=3895 f2near=3895 f2far=3895
SIPM_ARRIVALS event=987 total=1759
SIPM_ADC event=987 readout=3895 f1far=3895 f2near=3895 f2far=3895
SIPM_ARRIVALS event=944 total=1784
SIPM_ADC event=944 readout=3895 f1far=3895 f2near=3895 f2far=3895
SIPM_ARRIVALS event=1020 total=1789
SIPM_ADC event=1020 readout=3895 f1far=3895 f2near=3895 f2far=3895
SIPM_ARRIVALS event=901 total=1914
SIPM_ADC event=901 readout=3895 f1far=3895 f2near=3895 f2far=3895
SIPM_ARRIVALS event=988 total=1665
SIPM_ADC event=988 readout=3895 f1far=3895 f2near=3895 f2far=3895
SIPM_ARRIVALS event=945 total=1774
SIPM_ADC event=945 readout=3895 f1far=3895 f2near=3895 f2far=3895
SIPM_ARRIVALS event=1021 total=1828
SIPM_ADC event=1021 readout=3895 f1far=3895 f2near=3895 f2far=3895
SIPM_ARRIVALS event=902 total=1695
SIPM_ADC event=902 readout=3895 f1far=3895 f2near=3895 f2far=3895
SIPM_ARRIVALS event=989 total=1933
SIPM_ADC event=989 readout=3895 f1far=3895 f2near=3895 f2far=3895
SIPM_ARRIVALS event=946 total=1656
SIPM_ADC event=946 readout=3895 f1far=3895 f2near=3895 f2far=3895
SIPM_ARRIVALS event=1022 total=1834
SIPM_ADC event=1022 readout=3895 f1far=3895 f2near=3895 f2far=3895
SIPM_ARRIVALS event=903 total=1891
SIPM_ADC event=903 readout=3895 f1far=3895 f2near=3895 f2far=3895
SIPM_ARRIVALS event=990 total=1806
SIPM_ADC event=990 readout=3895 f1far=3895 f2near=3895 f2far=3895
SIPM_ARRIVALS event=947 total=1847
SIPM_ADC event=947 readout=3895 f1far=3895 f2near=3895 f2far=3895
SIPM_ARRIVALS event=1023 total=1737
SIPM_ADC event=1023 readout=3895 f1far=3895 f2near=3895 f2far=3895
SIPM_ARRIVALS event=904 total=1831
SIPM_ADC event=904 readout=3895 f1far=3895 f2near=3895 f2far=3895
SIPM_ARRIVALS event=991 total=1868
SIPM_ADC event=991 readout=3895 f1far=3895 f2near=3895 f2far=3895
SIPM_ARRIVALS event=948 total=1721
SIPM_ADC event=948 readout=3895 f1far=3895 f2near=3895 f2far=3895
SIPM_ARRIVALS event=1024 total=1832
SIPM_ADC event=1024 readout=3895 f1far=3895 f2near=3895 f2far=3895
SIPM_ARRIVALS event=905 total=1728
SIPM_ADC event=905 readout=3895 f1far=3895 f2near=3895 f2far=3895
SIPM_ARRIVALS event=992 total=1970
SIPM_ADC event=992 readout=3895 f1far=3895 f2near=3895 f2far=3895
SIPM_ARRIVALS event=1025 total=1961
SIPM_ADC event=1025 readout=3895 f1far=3895 f2near=3895 f2far=3895
SIPM_ARRIVALS event=906 total=1644
SIPM_ADC event=906 readout=3895 f1far=3895 f2near=3895 f2far=3895
SIPM_ARRIVALS event=993 total=1854
SIPM_ADC event=993 readout=3895 f1far=3895 f2near=3895 f2far=3895
SIPM_ARRIVALS event=1026 total=1723
SIPM_ADC event=1026 readout=3895 f1far=3895 f2near=3895 f2far=3895
SIPM_ARRIVALS event=907 total=1767
SIPM_ADC event=907 readout=3895 f1far=3895 f2near=3895 f2far=3895
SIPM_ARRIVALS event=994 total=1812
SIPM_ADC event=994 readout=3895 f1far=3895 f2near=3895 f2far=3895
SIPM_ARRIVALS event=949 total=5760
SIPM_ADC event=949 readout=3895 f1far=3895 f2near=3895 f2far=3895
SIPM_ARRIVALS event=1027 total=1820
SIPM_ADC event=1027 readout=3895 f1far=3895 f2near=3895 f2far=3895
SIPM_ARRIVALS event=908 total=1882
SIPM_ADC event=908 readout=3895 f1far=3895 f2near=3895 f2far=3895
SIPM_ARRIVALS event=995 total=1802
SIPM_ADC event=995 readout=3895 f1far=3895 f2near=3895 f2far=3895
SIPM_ARRIVALS event=950 total=1723
SIPM_ADC event=950 readout=3895 f1far=3895 f2near=3895 f2far=3895
SIPM_ARRIVALS event=909 total=1705
SIPM_ADC event=909 readout=3895 f1far=3895 f2near=3895 f2far=3895
SIPM_ARRIVALS event=1028 total=1702
SIPM_ADC event=1028 readout=3895 f1far=3895 f2near=3895 f2far=3895
SIPM_ARRIVALS event=996 total=1823
SIPM_ADC event=996 readout=3895 f1far=3895 f2near=3895 f2far=3895
SIPM_ARRIVALS event=951 total=1667
SIPM_ADC event=951 readout=3895 f1far=3895 f2near=3895 f2far=3895
SIPM_ARRIVALS event=910 total=1707
SIPM_ADC event=910 readout=3895 f1far=3895 f2near=3895 f2far=3895
SIPM_ARRIVALS event=1029 total=1804
SIPM_ADC event=1029 readout=3895 f1far=3895 f2near=3895 f2far=3895
SIPM_ARRIVALS event=997 total=1783
SIPM_ADC event=997 readout=3895 f1far=3895 f2near=3895 f2far=3895
SIPM_ARRIVALS event=1030 total=1781
SIPM_ADC event=1030 readout=3895 f1far=3895 f2near=3895 f2far=3895
SIPM_ARRIVALS event=952 total=1899
SIPM_ADC event=952 readout=3895 f1far=3895 f2near=3895 f2far=3895
SIPM_ARRIVALS event=911 total=1809
SIPM_ADC event=911 readout=3895 f1far=3895 f2near=3895 f2far=3895
SIPM_ARRIVALS event=998 total=1782
SIPM_ADC event=998 readout=3895 f1far=3895 f2near=3895 f2far=3895
SIPM_ARRIVALS event=953 total=1655
SIPM_ADC event=953 readout=3895 f1far=3895 f2near=3895 f2far=3895
SIPM_ARRIVALS event=912 total=1698
SIPM_ADC event=912 readout=3895 f1far=3895 f2near=3895 f2far=3895
SIPM_ARRIVALS event=1031 total=1805
SIPM_ADC event=1031 readout=3895 f1far=3895 f2near=3895 f2far=3895
SIPM_ARRIVALS event=999 total=1830
SIPM_ADC event=999 readout=3895 f1far=3895 f2near=3895 f2far=3895
SIPM_ARRIVALS event=913 total=1680
SIPM_ADC event=913 readout=3895 f1far=3895 f2near=3895 f2far=3895
SIPM_ARRIVALS event=954 total=1788
SIPM_ADC event=954 readout=3895 f1far=3895 f2near=3895 f2far=3895
SIPM_ARRIVALS event=1032 total=1814
SIPM_ADC event=1032 readout=3895 f1far=3895 f2near=3895 f2far=3895
SIPM_ARRIVALS event=1000 total=1876
SIPM_ADC event=1000 readout=3895 f1far=3895 f2near=3895 f2far=3895
SIPM_ARRIVALS event=914 total=1681
SIPM_ADC event=914 readout=3895 f1far=3895 f2near=3895 f2far=3895
SIPM_ARRIVALS event=955 total=1725
SIPM_ADC event=955 readout=3895 f1far=3895 f2near=3895 f2far=3895
SIPM_ARRIVALS event=1033 total=1853
SIPM_ADC event=1033 readout=3895 f1far=3895 f2near=3895 f2far=3895
SIPM_ARRIVALS event=1001 total=1788
SIPM_ADC event=1001 readout=3895 f1far=3895 f2near=3895 f2far=3895
SIPM_ARRIVALS event=915 total=1771
SIPM_ADC event=915 readout=3895 f1far=3895 f2near=3895 f2far=3895
SIPM_ARRIVALS event=956 total=1758
SIPM_ADC event=956 readout=3895 f1far=3895 f2near=3895 f2far=3895
SIPM_ARRIVALS event=1034 total=1770
SIPM_ADC event=1034 readout=3895 f1far=3895 f2near=3895 f2far=3895
SIPM_ARRIVALS event=916 total=1741
SIPM_ADC event=916 readout=3895 f1far=3895 f2near=3895 f2far=3895
SIPM_ARRIVALS event=1002 total=1772
SIPM_ADC event=1002 readout=3895 f1far=3895 f2near=3895 f2far=3895
SIPM_ARRIVALS event=1035 total=1596
SIPM_ADC event=1035 readout=3895 f1far=3895 f2near=3895 f2far=3895
SIPM_ARRIVALS event=957 total=1728
SIPM_ADC event=957 readout=3895 f1far=3895 f2near=3895 f2far=3895
SIPM_ARRIVALS event=917 total=1762
SIPM_ADC event=917 readout=3895 f1far=3895 f2near=3895 f2far=3895
SIPM_ARRIVALS event=958 total=1621
SIPM_ADC event=958 readout=3895 f1far=3895 f2near=3895 f2far=3895
SIPM_ARRIVALS event=1003 total=1774
SIPM_ADC event=1003 readout=3895 f1far=3895 f2near=3895 f2far=3895
SIPM_ARRIVALS event=918 total=1809
SIPM_ADC event=918 readout=3895 f1far=3895 f2near=3895 f2far=3895
SIPM_ARRIVALS event=1036 total=3228
SIPM_ADC event=1036 readout=3895 f1far=3895 f2near=3895 f2far=3895
SIPM_ARRIVALS event=959 total=1758
SIPM_ADC event=959 readout=3895 f1far=3895 f2near=3895 f2far=3895
SIPM_ARRIVALS event=1004 total=1820
SIPM_ADC event=1004 readout=3895 f1far=3895 f2near=3895 f2far=3895
SIPM_ARRIVALS event=919 total=1617
SIPM_ADC event=919 readout=3895 f1far=3895 f2near=3895 f2far=3895
SIPM_ARRIVALS event=1037 total=1740
SIPM_ADC event=1037 readout=3895 f1far=3895 f2near=3895 f2far=3895
SIPM_ARRIVALS event=960 total=1711
SIPM_ADC event=960 readout=3895 f1far=3895 f2near=3895 f2far=3895
SIPM_ARRIVALS event=1005 total=1834
SIPM_ADC event=1005 readout=3895 f1far=3895 f2near=3895 f2far=3895
SIPM_ARRIVALS event=961 total=1667
SIPM_ADC event=961 readout=3895 f1far=3895 f2near=3895 f2far=3895
SIPM_ARRIVALS event=920 total=1698
SIPM_ADC event=920 readout=3895 f1far=3895 f2near=3895 f2far=3895
SIPM_ARRIVALS event=1038 total=1856
SIPM_ADC event=1038 readout=3895 f1far=3895 f2near=3895 f2far=3895
SIPM_ARRIVALS event=1006 total=1719
SIPM_ADC event=1006 readout=3895 f1far=3895 f2near=3895 f2far=3895
SIPM_ARRIVALS event=921 total=1711
SIPM_ADC event=921 readout=3895 f1far=3895 f2near=3895 f2far=3895
SIPM_ARRIVALS event=962 total=1773
SIPM_ADC event=962 readout=3895 f1far=3895 f2near=3895 f2far=3895
SIPM_ARRIVALS event=1039 total=1958
SIPM_ADC event=1039 readout=3895 f1far=3895 f2near=3895 f2far=3895
SIPM_ARRIVALS event=1007 total=1785
SIPM_ADC event=1007 readout=3895 f1far=3895 f2near=3895 f2far=3895
SIPM_ARRIVALS event=922 total=1739
SIPM_ADC event=922 readout=3895 f1far=3895 f2near=3895 f2far=3895
SIPM_ARRIVALS event=963 total=1755
SIPM_ADC event=963 readout=3895 f1far=3895 f2near=3895 f2far=3895
SIPM_ARRIVALS event=1008 total=1727
SIPM_ADC event=1008 readout=3895 f1far=3895 f2near=3895 f2far=3895
SIPM_ARRIVALS event=1040 total=1915
SIPM_ADC event=1040 readout=3895 f1far=3895 f2near=3895 f2far=3895
SIPM_ARRIVALS event=923 total=1694
SIPM_ADC event=923 readout=3895 f1far=3895 f2near=3895 f2far=3895
SIPM_ARRIVALS event=964 total=1768
SIPM_ADC event=964 readout=3895 f1far=3895 f2near=3895 f2far=3895
SIPM_ARRIVALS event=1009 total=1682
SIPM_ADC event=1009 readout=3895 f1far=3895 f2near=3895 f2far=3895
SIPM_ARRIVALS event=1041 total=1981
SIPM_ADC event=1041 readout=3895 f1far=3895 f2near=3895 f2far=3895
SIPM_ARRIVALS event=1010 total=1678
SIPM_ADC event=1010 readout=3895 f1far=3895 f2near=3895 f2far=3895
SIPM_ARRIVALS event=1056 total=1781
SIPM_ADC event=1056 readout=3895 f1far=3895 f2near=3895 f2far=3895
SIPM_ARRIVALS event=965 total=1732
SIPM_ADC event=965 readout=3895 f1far=3895 f2near=3895 f2far=3895
SIPM_ARRIVALS event=1042 total=1780
SIPM_ADC event=1042 readout=3895 f1far=3895 f2near=3895 f2far=3895
SIPM_ARRIVALS event=1011 total=1692
SIPM_ADC event=1011 readout=3895 f1far=3895 f2near=3895 f2far=3895
SIPM_ARRIVALS event=1057 total=1766
SIPM_ADC event=1057 readout=3895 f1far=3895 f2near=3895 f2far=3895
SIPM_ARRIVALS event=966 total=1673
SIPM_ADC event=966 readout=3895 f1far=3895 f2near=3895 f2far=3895
SIPM_ARRIVALS event=1043 total=1738
SIPM_ADC event=1043 readout=3895 f1far=3895 f2near=3895 f2far=3895
SIPM_ARRIVALS event=1100 total=1771
SIPM_ADC event=1100 readout=3895 f1far=3895 f2near=3895 f2far=3895
SIPM_ARRIVALS event=1058 total=1731
SIPM_ADC event=1058 readout=3895 f1far=3895 f2near=3895 f2far=3895
SIPM_ARRIVALS event=967 total=1955
SIPM_ADC event=967 readout=3895 f1far=3895 f2near=3895 f2far=3895
SIPM_ARRIVALS event=1044 total=2842
SIPM_ADC event=1044 readout=3895 f1far=3895 f2near=3895 f2far=3895
SIPM_ARRIVALS event=1101 total=1884
SIPM_ADC event=1101 readout=3895 f1far=3895 f2near=3895 f2far=3895
SIPM_ARRIVALS event=1059 total=1838
SIPM_ADC event=1059 readout=3895 f1far=3895 f2near=3895 f2far=3895
SIPM_ARRIVALS event=1144 total=1901
SIPM_ADC event=1144 readout=3895 f1far=3895 f2near=3895 f2far=3895
SIPM_ARRIVALS event=1045 total=1837
SIPM_ADC event=1045 readout=3895 f1far=3895 f2near=3895 f2far=3895
SIPM_ARRIVALS event=1060 total=1706
SIPM_ADC event=1060 readout=3895 f1far=3895 f2near=3895 f2far=3895
SIPM_ARRIVALS event=1145 total=1798
SIPM_ADC event=1145 readout=3895 f1far=3895 f2near=3895 f2far=3895
SIPM_ARRIVALS event=1102 total=2931
SIPM_ADC event=1102 readout=3895 f1far=3895 f2near=3895 f2far=3895
SIPM_ARRIVALS event=1046 total=1710
SIPM_ADC event=1046 readout=3895 f1far=3895 f2near=3895 f2far=3895
SIPM_ARRIVALS event=1061 total=1783
SIPM_ADC event=1061 readout=3895 f1far=3895 f2near=3895 f2far=3895
SIPM_ARRIVALS event=1146 total=1858
SIPM_ADC event=1146 readout=3895 f1far=3895 f2near=3895 f2far=3895
SIPM_ARRIVALS event=1103 total=1944
SIPM_ADC event=1103 readout=3895 f1far=3895 f2near=3895 f2far=3895
SIPM_ARRIVALS event=1047 total=1757
SIPM_ADC event=1047 readout=3895 f1far=3895 f2near=3895 f2far=3895
SIPM_ARRIVALS event=1062 total=1623
SIPM_ADC event=1062 readout=3895 f1far=3895 f2near=3895 f2far=3895
SIPM_ARRIVALS event=1147 total=1719
SIPM_ADC event=1147 readout=3895 f1far=3895 f2near=3895 f2far=3895
SIPM_ARRIVALS event=1104 total=1821
SIPM_ADC event=1104 readout=3895 f1far=3895 f2near=3895 f2far=3895
SIPM_ARRIVALS event=1048 total=1721
SIPM_ADC event=1048 readout=3895 f1far=3895 f2near=3895 f2far=3895
SIPM_ARRIVALS event=1063 total=1713
SIPM_ADC event=1063 readout=3895 f1far=3895 f2near=3895 f2far=3895
SIPM_ARRIVALS event=1148 total=1702
SIPM_ADC event=1148 readout=3895 f1far=3895 f2near=3895 f2far=3895
SIPM_ARRIVALS event=1105 total=1748
SIPM_ADC event=1105 readout=3895 f1far=3895 f2near=3895 f2far=3895
SIPM_ARRIVALS event=1049 total=1803
SIPM_ADC event=1049 readout=3895 f1far=3895 f2near=3895 f2far=3895
SIPM_ARRIVALS event=1064 total=1734
SIPM_ADC event=1064 readout=3895 f1far=3895 f2near=3895 f2far=3895
SIPM_ARRIVALS event=1149 total=1989
SIPM_ADC event=1149 readout=3895 f1far=3895 f2near=3895 f2far=3895
SIPM_ARRIVALS event=1106 total=1666
SIPM_ADC event=1106 readout=3895 f1far=3895 f2near=3895 f2far=3895
SIPM_ARRIVALS event=1050 total=1854
SIPM_ADC event=1050 readout=3895 f1far=3895 f2near=3895 f2far=3895
SIPM_ARRIVALS event=1065 total=1795
SIPM_ADC event=1065 readout=3895 f1far=3895 f2near=3895 f2far=3895
SIPM_ARRIVALS event=1150 total=1697
SIPM_ADC event=1150 readout=3895 f1far=3895 f2near=3895 f2far=3895
SIPM_ARRIVALS event=1107 total=1917
SIPM_ADC event=1107 readout=3895 f1far=3895 f2near=3895 f2far=3895
SIPM_ARRIVALS event=1066 total=1730
SIPM_ADC event=1066 readout=3895 f1far=3895 f2near=3895 f2far=3895
SIPM_ARRIVALS event=1051 total=1836
SIPM_ADC event=1051 readout=3895 f1far=3895 f2near=3895 f2far=3895
SIPM_ARRIVALS event=1151 total=2004
SIPM_ADC event=1151 readout=3895 f1far=3895 f2near=3895 f2far=3895
SIPM_ARRIVALS event=1108 total=1784
SIPM_ADC event=1108 readout=3895 f1far=3895 f2near=3895 f2far=3895
SIPM_ARRIVALS event=1067 total=1803
SIPM_ADC event=1067 readout=3895 f1far=3895 f2near=3895 f2far=3895
SIPM_ARRIVALS event=1052 total=1899
SIPM_ADC event=1052 readout=3895 f1far=3895 f2near=3895 f2far=3895
SIPM_ARRIVALS event=1152 total=1838
SIPM_ADC event=1152 readout=3895 f1far=3895 f2near=3895 f2far=3895
SIPM_ARRIVALS event=1109 total=1991
SIPM_ADC event=1109 readout=3895 f1far=3895 f2near=3895 f2far=3895
SIPM_ARRIVALS event=1068 total=1816
SIPM_ADC event=1068 readout=3895 f1far=3895 f2near=3895 f2far=3895
SIPM_ARRIVALS event=1053 total=1883
SIPM_ADC event=1053 readout=3895 f1far=3895 f2near=3895 f2far=3895
SIPM_ARRIVALS event=1153 total=1754
SIPM_ADC event=1153 readout=3895 f1far=3895 f2near=3895 f2far=3895
SIPM_ARRIVALS event=1110 total=1831
SIPM_ADC event=1110 readout=3895 f1far=3895 f2near=3895 f2far=3895
SIPM_ARRIVALS event=1069 total=1743
SIPM_ADC event=1069 readout=3895 f1far=3895 f2near=3895 f2far=3895
SIPM_ARRIVALS event=1054 total=1730
SIPM_ADC event=1054 readout=3895 f1far=3895 f2near=3895 f2far=3895
SIPM_ARRIVALS event=1154 total=1825
SIPM_ADC event=1154 readout=3895 f1far=3895 f2near=3895 f2far=3895
SIPM_ARRIVALS event=1111 total=1832
SIPM_ADC event=1111 readout=3895 f1far=3895 f2near=3895 f2far=3895
SIPM_ARRIVALS event=1070 total=1702
SIPM_ADC event=1070 readout=3895 f1far=3895 f2near=3895 f2far=3895
SIPM_ARRIVALS event=1055 total=1753
SIPM_ADC event=1055 readout=3895 f1far=3895 f2near=3895 f2far=3895
SIPM_ARRIVALS event=1155 total=1833
SIPM_ADC event=1155 readout=3895 f1far=3895 f2near=3895 f2far=3895
SIPM_ARRIVALS event=1112 total=1676
SIPM_ADC event=1112 readout=3895 f1far=3895 f2near=3895 f2far=3895
SIPM_ARRIVALS event=1071 total=1786
SIPM_ADC event=1071 readout=3895 f1far=3895 f2near=3895 f2far=3895
SIPM_ARRIVALS event=1188 total=1773
SIPM_ADC event=1188 readout=3895 f1far=3895 f2near=3895 f2far=3895
SIPM_ARRIVALS event=1156 total=1592
SIPM_ADC event=1156 readout=3895 f1far=3895 f2near=3895 f2far=3895
SIPM_ARRIVALS event=1113 total=1748
SIPM_ADC event=1113 readout=3895 f1far=3895 f2near=3895 f2far=3895
SIPM_ARRIVALS event=1072 total=1654
SIPM_ADC event=1072 readout=3895 f1far=3895 f2near=3895 f2far=3895
SIPM_ARRIVALS event=1189 total=1792
SIPM_ADC event=1189 readout=3895 f1far=3895 f2near=3895 f2far=3895
SIPM_ARRIVALS event=1114 total=1538
SIPM_ADC event=1114 readout=3895 f1far=3895 f2near=3895 f2far=3895
SIPM_ARRIVALS event=1073 total=1929
SIPM_ADC event=1073 readout=3895 f1far=3895 f2near=3895 f2far=3895
SIPM_ARRIVALS event=1190 total=1754
SIPM_ADC event=1190 readout=3895 f1far=3895 f2near=3895 f2far=3895
SIPM_ARRIVALS event=1115 total=1901
SIPM_ADC event=1115 readout=3895 f1far=3895 f2near=3895 f2far=3895
SIPM_ARRIVALS event=1074 total=1828
SIPM_ADC event=1074 readout=3895 f1far=3895 f2near=3895 f2far=3895
SIPM_ARRIVALS event=1191 total=1668
SIPM_ADC event=1191 readout=3895 f1far=3895 f2near=3895 f2far=3895
SIPM_ARRIVALS event=1157 total=5180
SIPM_ADC event=1157 readout=3895 f1far=3895 f2near=3895 f2far=3895
SIPM_ARRIVALS event=1116 total=1839
SIPM_ADC event=1116 readout=3895 f1far=3895 f2near=3895 f2far=3895
SIPM_ARRIVALS event=1075 total=1802
SIPM_ADC event=1075 readout=3895 f1far=3895 f2near=3895 f2far=3895
SIPM_ARRIVALS event=1192 total=1771
SIPM_ADC event=1192 readout=3895 f1far=3895 f2near=3895 f2far=3895
SIPM_ARRIVALS event=1158 total=1768
SIPM_ADC event=1158 readout=3895 f1far=3895 f2near=3895 f2far=3895
SIPM_ARRIVALS event=1117 total=1790
SIPM_ADC event=1117 readout=3895 f1far=3895 f2near=3895 f2far=3895
SIPM_ARRIVALS event=1076 total=1759
SIPM_ADC event=1076 readout=3895 f1far=3895 f2near=3895 f2far=3895
SIPM_ARRIVALS event=1193 total=1908
SIPM_ADC event=1193 readout=3895 f1far=3895 f2near=3895 f2far=3895
SIPM_ARRIVALS event=1159 total=1743
SIPM_ADC event=1159 readout=3895 f1far=3895 f2near=3895 f2far=3895
SIPM_ARRIVALS event=1077 total=1757
SIPM_ADC event=1077 readout=3895 f1far=3895 f2near=3895 f2far=3895
SIPM_ARRIVALS event=1194 total=1701
SIPM_ADC event=1194 readout=3895 f1far=3895 f2near=3895 f2far=3895
SIPM_ARRIVALS event=1160 total=1831
SIPM_ADC event=1160 readout=3895 f1far=3895 f2near=3895 f2far=3895
SIPM_ARRIVALS event=1078 total=1791
SIPM_ADC event=1078 readout=3895 f1far=3895 f2near=3895 f2far=3895
SIPM_ARRIVALS event=1195 total=1866
SIPM_ADC event=1195 readout=3895 f1far=3895 f2near=3895 f2far=3895
SIPM_ARRIVALS event=1161 total=1693
SIPM_ADC event=1161 readout=3895 f1far=3895 f2near=3895 f2far=3895
SIPM_ARRIVALS event=1079 total=1725
SIPM_ADC event=1079 readout=3895 f1far=3895 f2near=3895 f2far=3895
SIPM_ARRIVALS event=1196 total=1881
SIPM_ADC event=1196 readout=3895 f1far=3895 f2near=3895 f2far=3895
SIPM_ARRIVALS event=1162 total=1592
SIPM_ADC event=1162 readout=3895 f1far=3895 f2near=3895 f2far=3895
SIPM_ARRIVALS event=1118 total=7064
SIPM_ADC event=1118 readout=3895 f1far=3895 f2near=3895 f2far=3895
SIPM_ARRIVALS event=1080 total=1728
SIPM_ADC event=1080 readout=3895 f1far=3895 f2near=3895 f2far=3895
SIPM_ARRIVALS event=1197 total=1776
SIPM_ADC event=1197 readout=3895 f1far=3895 f2near=3895 f2far=3895
SIPM_ARRIVALS event=1163 total=1678
SIPM_ADC event=1163 readout=3895 f1far=3895 f2near=3895 f2far=3895
SIPM_ARRIVALS event=1119 total=1799
SIPM_ADC event=1119 readout=3895 f1far=3895 f2near=3895 f2far=3895
SIPM_ARRIVALS event=1081 total=1782
SIPM_ADC event=1081 readout=3895 f1far=3895 f2near=3895 f2far=3895
SIPM_ARRIVALS event=1198 total=1720
SIPM_ADC event=1198 readout=3895 f1far=3895 f2near=3895 f2far=3895
SIPM_ARRIVALS event=1164 total=1961
SIPM_ADC event=1164 readout=3895 f1far=3895 f2near=3895 f2far=3895
SIPM_ARRIVALS event=1120 total=1711
SIPM_ADC event=1120 readout=3895 f1far=3895 f2near=3895 f2far=3895
SIPM_ARRIVALS event=1082 total=1682
SIPM_ADC event=1082 readout=3895 f1far=3895 f2near=3895 f2far=3895
SIPM_ARRIVALS event=1199 total=2039
SIPM_ADC event=1199 readout=3895 f1far=3895 f2near=3895 f2far=3895
SIPM_ARRIVALS event=1165 total=1810
SIPM_ADC event=1165 readout=3895 f1far=3895 f2near=3895 f2far=3895
SIPM_ARRIVALS event=1121 total=1846
SIPM_ADC event=1121 readout=3895 f1far=3895 f2near=3895 f2far=3895
SIPM_ARRIVALS event=1083 total=1813
SIPM_ADC event=1083 readout=3895 f1far=3895 f2near=3895 f2far=3895
SIPM_ARRIVALS event=1200 total=1825
SIPM_ADC event=1200 readout=3895 f1far=3895 f2near=3895 f2far=3895
SIPM_ARRIVALS event=1166 total=1866
SIPM_ADC event=1166 readout=3895 f1far=3895 f2near=3895 f2far=3895
SIPM_ARRIVALS event=1122 total=1813
SIPM_ADC event=1122 readout=3895 f1far=3895 f2near=3895 f2far=3895
SIPM_ARRIVALS event=1084 total=1753
SIPM_ADC event=1084 readout=3895 f1far=3895 f2near=3895 f2far=3895
SIPM_ARRIVALS event=1201 total=1699
SIPM_ADC event=1201 readout=3895 f1far=3895 f2near=3895 f2far=3895
SIPM_ARRIVALS event=1167 total=1806
SIPM_ADC event=1167 readout=3895 f1far=3895 f2near=3895 f2far=3895
SIPM_ARRIVALS event=1123 total=1800
SIPM_ADC event=1123 readout=3895 f1far=3895 f2near=3895 f2far=3895
SIPM_ARRIVALS event=1085 total=1774
SIPM_ADC event=1085 readout=3895 f1far=3895 f2near=3895 f2far=3895
SIPM_ARRIVALS event=1202 total=1681
SIPM_ADC event=1202 readout=3895 f1far=3895 f2near=3895 f2far=3895
SIPM_ARRIVALS event=1168 total=1774
SIPM_ADC event=1168 readout=3895 f1far=3895 f2near=3895 f2far=3895
SIPM_ARRIVALS event=1124 total=1772
SIPM_ADC event=1124 readout=3895 f1far=3895 f2near=3895 f2far=3895
SIPM_ARRIVALS event=1086 total=1791
SIPM_ADC event=1086 readout=3895 f1far=3895 f2near=3895 f2far=3895
SIPM_ARRIVALS event=1203 total=1611
SIPM_ADC event=1203 readout=3895 f1far=3895 f2near=3895 f2far=3895
SIPM_ARRIVALS event=1169 total=1776
SIPM_ADC event=1169 readout=3895 f1far=3895 f2near=3895 f2far=3895
SIPM_ARRIVALS event=1125 total=1819
SIPM_ADC event=1125 readout=3895 f1far=3895 f2near=3895 f2far=3895
SIPM_ARRIVALS event=1087 total=1870
SIPM_ADC event=1087 readout=3895 f1far=3895 f2near=3895 f2far=3895
SIPM_ARRIVALS event=1204 total=1705
SIPM_ADC event=1204 readout=3895 f1far=3895 f2near=3895 f2far=3895
SIPM_ARRIVALS event=1170 total=1863
SIPM_ADC event=1170 readout=3895 f1far=3895 f2near=3895 f2far=3895
SIPM_ARRIVALS event=1126 total=1816
SIPM_ADC event=1126 readout=3895 f1far=3895 f2near=3895 f2far=3895
SIPM_ARRIVALS event=1088 total=1837
SIPM_ADC event=1088 readout=3895 f1far=3895 f2near=3895 f2far=3895
SIPM_ARRIVALS event=1205 total=1730
SIPM_ADC event=1205 readout=3895 f1far=3895 f2near=3895 f2far=3895
SIPM_ARRIVALS event=1171 total=1900
SIPM_ADC event=1171 readout=3895 f1far=3895 f2near=3895 f2far=3895
SIPM_ARRIVALS event=1089 total=1684
SIPM_ADC event=1089 readout=3895 f1far=3895 f2near=3895 f2far=3895
SIPM_ARRIVALS event=1127 total=1954
SIPM_ADC event=1127 readout=3895 f1far=3895 f2near=3895 f2far=3895
SIPM_ARRIVALS event=1206 total=1664
SIPM_ADC event=1206 readout=3895 f1far=3895 f2near=3895 f2far=3895
SIPM_ARRIVALS event=1172 total=1885
SIPM_ADC event=1172 readout=3895 f1far=3895 f2near=3895 f2far=3895
SIPM_ARRIVALS event=1090 total=1654
SIPM_ADC event=1090 readout=3895 f1far=3895 f2near=3895 f2far=3895
SIPM_ARRIVALS event=1128 total=1738
SIPM_ADC event=1128 readout=3895 f1far=3895 f2near=3895 f2far=3895
SIPM_ARRIVALS event=1207 total=1835
SIPM_ADC event=1207 readout=3895 f1far=3895 f2near=3895 f2far=3895
SIPM_ARRIVALS event=1173 total=1653
SIPM_ADC event=1173 readout=3895 f1far=3895 f2near=3895 f2far=3895
SIPM_ARRIVALS event=1091 total=1733
SIPM_ADC event=1091 readout=3895 f1far=3895 f2near=3895 f2far=3895
SIPM_ARRIVALS event=1129 total=1800
SIPM_ADC event=1129 readout=3895 f1far=3895 f2near=3895 f2far=3895
SIPM_ARRIVALS event=1208 total=1709
SIPM_ADC event=1208 readout=3895 f1far=3895 f2near=3895 f2far=3895
SIPM_ARRIVALS event=1174 total=1661
SIPM_ADC event=1174 readout=3895 f1far=3895 f2near=3895 f2far=3895
SIPM_ARRIVALS event=1092 total=1755
SIPM_ADC event=1092 readout=3895 f1far=3895 f2near=3895 f2far=3895
SIPM_ARRIVALS event=1130 total=1808
SIPM_ADC event=1130 readout=3895 f1far=3895 f2near=3895 f2far=3895
SIPM_ARRIVALS event=1209 total=1861
SIPM_ADC event=1209 readout=3895 f1far=3895 f2near=3895 f2far=3895
SIPM_ARRIVALS event=1093 total=1715
SIPM_ADC event=1093 readout=3895 f1far=3895 f2near=3895 f2far=3895
SIPM_ARRIVALS event=1131 total=1751
SIPM_ADC event=1131 readout=3895 f1far=3895 f2near=3895 f2far=3895
SIPM_ARRIVALS event=1210 total=1798
SIPM_ADC event=1210 readout=3895 f1far=3895 f2near=3895 f2far=3895
SIPM_ARRIVALS event=1094 total=1799
SIPM_ADC event=1094 readout=3895 f1far=3895 f2near=3895 f2far=3895
SIPM_ARRIVALS event=1132 total=1748
SIPM_ADC event=1132 readout=3895 f1far=3895 f2near=3895 f2far=3895
SIPM_ARRIVALS event=1211 total=1827
SIPM_ADC event=1211 readout=3895 f1far=3895 f2near=3895 f2far=3895
SIPM_ARRIVALS event=1175 total=4120
SIPM_ADC event=1175 readout=3895 f1far=3895 f2near=3895 f2far=3895
SIPM_ARRIVALS event=1095 total=1855
SIPM_ADC event=1095 readout=3895 f1far=3895 f2near=3895 f2far=3895
SIPM_ARRIVALS event=1133 total=1977
SIPM_ADC event=1133 readout=3895 f1far=3895 f2near=3895 f2far=3895
SIPM_ARRIVALS event=1212 total=1897
SIPM_ADC event=1212 readout=3895 f1far=3895 f2near=3895 f2far=3895
SIPM_ARRIVALS event=1176 total=1719
SIPM_ADC event=1176 readout=3895 f1far=3895 f2near=3895 f2far=3895
SIPM_ARRIVALS event=1096 total=1967
SIPM_ADC event=1096 readout=3895 f1far=3895 f2near=3895 f2far=3895
SIPM_ARRIVALS event=1177 total=1758
SIPM_ADC event=1177 readout=3895 f1far=3895 f2near=3895 f2far=3895
SIPM_ARRIVALS event=1134 total=1906
SIPM_ADC event=1134 readout=3895 f1far=3895 f2near=3895 f2far=3895
SIPM_ARRIVALS event=1213 total=1844
SIPM_ADC event=1213 readout=3895 f1far=3895 f2near=3895 f2far=3895
SIPM_ARRIVALS event=1097 total=1628
SIPM_ADC event=1097 readout=3895 f1far=3895 f2near=3895 f2far=3895
SIPM_ARRIVALS event=1214 total=1746
SIPM_ADC event=1214 readout=3895 f1far=3895 f2near=3895 f2far=3895
SIPM_ARRIVALS event=1135 total=1798
SIPM_ADC event=1135 readout=3895 f1far=3895 f2near=3895 f2far=3895
SIPM_ARRIVALS event=1178 total=1779
SIPM_ADC event=1178 readout=3895 f1far=3895 f2near=3895 f2far=3895
SIPM_ARRIVALS event=1098 total=1747
SIPM_ADC event=1098 readout=3895 f1far=3895 f2near=3895 f2far=3895
SIPM_ARRIVALS event=1215 total=1829
SIPM_ADC event=1215 readout=3895 f1far=3895 f2near=3895 f2far=3895
SIPM_ARRIVALS event=1136 total=1773
SIPM_ADC event=1136 readout=3895 f1far=3895 f2near=3895 f2far=3895
SIPM_ARRIVALS event=1179 total=1842
SIPM_ADC event=1179 readout=3895 f1far=3895 f2near=3895 f2far=3895
SIPM_ARRIVALS event=1099 total=1726
SIPM_ADC event=1099 readout=3895 f1far=3895 f2near=3895 f2far=3895
SIPM_ARRIVALS event=1216 total=1781
SIPM_ADC event=1216 readout=3895 f1far=3895 f2near=3895 f2far=3895
SIPM_ARRIVALS event=1137 total=1693
SIPM_ADC event=1137 readout=3895 f1far=3895 f2near=3895 f2far=3895
SIPM_ARRIVALS event=1180 total=1833
SIPM_ADC event=1180 readout=3895 f1far=3895 f2near=3895 f2far=3895
SIPM_ARRIVALS event=1232 total=1767
SIPM_ADC event=1232 readout=3895 f1far=3895 f2near=3895 f2far=3895
SIPM_ARRIVALS event=1138 total=1608
SIPM_ADC event=1138 readout=3895 f1far=3895 f2near=3895 f2far=3895
SIPM_ARRIVALS event=1217 total=1824
SIPM_ADC event=1217 readout=3895 f1far=3895 f2near=3895 f2far=3895
SIPM_ARRIVALS event=1181 total=1697
SIPM_ADC event=1181 readout=3895 f1far=3895 f2near=3895 f2far=3895
SIPM_ARRIVALS event=1233 total=1797
SIPM_ADC event=1233 readout=3895 f1far=3895 f2near=3895 f2far=3895
SIPM_ARRIVALS event=1139 total=1921
SIPM_ADC event=1139 readout=3895 f1far=3895 f2near=3895 f2far=3895
SIPM_ARRIVALS event=1218 total=1787
SIPM_ADC event=1218 readout=3895 f1far=3895 f2near=3895 f2far=3895
SIPM_ARRIVALS event=1182 total=1789
SIPM_ADC event=1182 readout=3895 f1far=3895 f2near=3895 f2far=3895
SIPM_ARRIVALS event=1234 total=1754
SIPM_ADC event=1234 readout=3895 f1far=3895 f2near=3895 f2far=3895
SIPM_ARRIVALS event=1140 total=1685
SIPM_ADC event=1140 readout=3895 f1far=3895 f2near=3895 f2far=3895
SIPM_ARRIVALS event=1219 total=1849
SIPM_ADC event=1219 readout=3895 f1far=3895 f2near=3895 f2far=3895
SIPM_ARRIVALS event=1183 total=1728
SIPM_ADC event=1183 readout=3895 f1far=3895 f2near=3895 f2far=3895
SIPM_ARRIVALS event=1235 total=1791
SIPM_ADC event=1235 readout=3895 f1far=3895 f2near=3895 f2far=3895
SIPM_ARRIVALS event=1220 total=1699
SIPM_ADC event=1220 readout=3895 f1far=3895 f2near=3895 f2far=3895
SIPM_ARRIVALS event=1141 total=1932
SIPM_ADC event=1141 readout=3895 f1far=3895 f2near=3895 f2far=3895
SIPM_ARRIVALS event=1184 total=1786
SIPM_ADC event=1184 readout=3895 f1far=3895 f2near=3895 f2far=3895
SIPM_ARRIVALS event=1236 total=1714
SIPM_ADC event=1236 readout=3895 f1far=3895 f2near=3895 f2far=3895
SIPM_ARRIVALS event=1221 total=1772
SIPM_ADC event=1221 readout=3895 f1far=3895 f2near=3895 f2far=3895
SIPM_ARRIVALS event=1142 total=1864
SIPM_ADC event=1142 readout=3895 f1far=3895 f2near=3895 f2far=3895
SIPM_ARRIVALS event=1185 total=1776
SIPM_ADC event=1185 readout=3895 f1far=3895 f2near=3895 f2far=3895
SIPM_ARRIVALS event=1237 total=1798
SIPM_ADC event=1237 readout=3895 f1far=3895 f2near=3895 f2far=3895
SIPM_ARRIVALS event=1222 total=1768
SIPM_ADC event=1222 readout=3895 f1far=3895 f2near=3895 f2far=3895
SIPM_ARRIVALS event=1143 total=1901
SIPM_ADC event=1143 readout=3895 f1far=3895 f2near=3895 f2far=3895
SIPM_ARRIVALS event=1186 total=1789
SIPM_ADC event=1186 readout=3895 f1far=3895 f2near=3895 f2far=3895
SIPM_ARRIVALS event=1238 total=1626
SIPM_ADC event=1238 readout=3895 f1far=3895 f2near=3895 f2far=3895
SIPM_ARRIVALS event=1276 total=1838
SIPM_ADC event=1276 readout=3895 f1far=3895 f2near=3895 f2far=3895
SIPM_ARRIVALS event=1223 total=1875
SIPM_ADC event=1223 readout=3895 f1far=3895 f2near=3895 f2far=3895
SIPM_ARRIVALS event=1187 total=1742
SIPM_ADC event=1187 readout=3895 f1far=3895 f2near=3895 f2far=3895
SIPM_ARRIVALS event=1239 total=1824
SIPM_ADC event=1239 readout=3895 f1far=3895 f2near=3895 f2far=3895
SIPM_ARRIVALS event=1277 total=1542
SIPM_ADC event=1277 readout=3895 f1far=3895 f2near=3895 f2far=3895
SIPM_ARRIVALS event=1224 total=1782
SIPM_ADC event=1224 readout=3895 f1far=3895 f2near=3895 f2far=3895
SIPM_ARRIVALS event=1320 total=1631
SIPM_ADC event=1320 readout=3895 f1far=3895 f2near=3895 f2far=3895
SIPM_ARRIVALS event=1240 total=1761
SIPM_ADC event=1240 readout=3895 f1far=3895 f2near=3895 f2far=3895
SIPM_ARRIVALS event=1225 total=1848
SIPM_ADC event=1225 readout=3895 f1far=3895 f2near=3895 f2far=3895
SIPM_ARRIVALS event=1278 total=1973
SIPM_ADC event=1278 readout=3895 f1far=3895 f2near=3895 f2far=3895
SIPM_ARRIVALS event=1321 total=1818
SIPM_ADC event=1321 readout=3895 f1far=3895 f2near=3895 f2far=3895
SIPM_ARRIVALS event=1241 total=1833
SIPM_ADC event=1241 readout=3895 f1far=3895 f2near=3895 f2far=3895
SIPM_ARRIVALS event=1279 total=1658
SIPM_ADC event=1279 readout=3895 f1far=3895 f2near=3895 f2far=3895
SIPM_ARRIVALS event=1226 total=1919
SIPM_ADC event=1226 readout=3895 f1far=3895 f2near=3895 f2far=3895
SIPM_ARRIVALS event=1322 total=1641
SIPM_ADC event=1322 readout=3895 f1far=3895 f2near=3895 f2far=3895
SIPM_ARRIVALS event=1242 total=1905
SIPM_ADC event=1242 readout=3895 f1far=3895 f2near=3895 f2far=3895
SIPM_ARRIVALS event=1280 total=1686
SIPM_ADC event=1280 readout=3895 f1far=3895 f2near=3895 f2far=3895
SIPM_ARRIVALS event=1227 total=1713
SIPM_ADC event=1227 readout=3895 f1far=3895 f2near=3895 f2far=3895
SIPM_ARRIVALS event=1323 total=1887
SIPM_ADC event=1323 readout=3895 f1far=3895 f2near=3895 f2far=3895
SIPM_ARRIVALS event=1243 total=1796
SIPM_ADC event=1243 readout=3895 f1far=3895 f2near=3895 f2far=3895
SIPM_ARRIVALS event=1281 total=1779
SIPM_ADC event=1281 readout=3895 f1far=3895 f2near=3895 f2far=3895
SIPM_ARRIVALS event=1324 total=1781
SIPM_ADC event=1324 readout=3895 f1far=3895 f2near=3895 f2far=3895
SIPM_ARRIVALS event=1244 total=1944
SIPM_ADC event=1244 readout=3895 f1far=3895 f2near=3895 f2far=3895
SIPM_ARRIVALS event=1282 total=1636
SIPM_ADC event=1282 readout=3895 f1far=3895 f2near=3895 f2far=3895
SIPM_ARRIVALS event=1325 total=1836
SIPM_ADC event=1325 readout=3895 f1far=3895 f2near=3895 f2far=3895
SIPM_ARRIVALS event=1245 total=1714
SIPM_ADC event=1245 readout=3895 f1far=3895 f2near=3895 f2far=3895
SIPM_ARRIVALS event=1228 total=4954
SIPM_ADC event=1228 readout=3895 f1far=3895 f2near=3895 f2far=3895
SIPM_ARRIVALS event=1283 total=1670
SIPM_ADC event=1283 readout=3895 f1far=3895 f2near=3895 f2far=3895
SIPM_ARRIVALS event=1326 total=1760
SIPM_ADC event=1326 readout=3895 f1far=3895 f2near=3895 f2far=3895
SIPM_ARRIVALS event=1246 total=1647
SIPM_ADC event=1246 readout=3895 f1far=3895 f2near=3895 f2far=3895
SIPM_ARRIVALS event=1229 total=1696
SIPM_ADC event=1229 readout=3895 f1far=3895 f2near=3895 f2far=3895
SIPM_ARRIVALS event=1284 total=1968
SIPM_ADC event=1284 readout=3895 f1far=3895 f2near=3895 f2far=3895
SIPM_ARRIVALS event=1327 total=1864
SIPM_ADC event=1327 readout=3895 f1far=3895 f2near=3895 f2far=3895
SIPM_ARRIVALS event=1247 total=1847
SIPM_ADC event=1247 readout=3895 f1far=3895 f2near=3895 f2far=3895
SIPM_ARRIVALS event=1230 total=1698
SIPM_ADC event=1230 readout=3895 f1far=3895 f2near=3895 f2far=3895
SIPM_ARRIVALS event=1285 total=1808
SIPM_ADC event=1285 readout=3895 f1far=3895 f2near=3895 f2far=3895
SIPM_ARRIVALS event=1328 total=1841
SIPM_ADC event=1328 readout=3895 f1far=3895 f2near=3895 f2far=3895
SIPM_ARRIVALS event=1248 total=1561
SIPM_ADC event=1248 readout=3895 f1far=3895 f2near=3895 f2far=3895
SIPM_ARRIVALS event=1231 total=1700
SIPM_ADC event=1231 readout=3895 f1far=3895 f2near=3895 f2far=3895
SIPM_ARRIVALS event=1286 total=1912
SIPM_ADC event=1286 readout=3895 f1far=3895 f2near=3895 f2far=3895
SIPM_ARRIVALS event=1329 total=1865
SIPM_ADC event=1329 readout=3895 f1far=3895 f2near=3895 f2far=3895
SIPM_ARRIVALS event=1249 total=1631
SIPM_ADC event=1249 readout=3895 f1far=3895 f2near=3895 f2far=3895
SIPM_ARRIVALS event=1364 total=1805
SIPM_ADC event=1364 readout=3895 f1far=3895 f2near=3895 f2far=3895
SIPM_ARRIVALS event=1287 total=1910
SIPM_ADC event=1287 readout=3895 f1far=3895 f2near=3895 f2far=3895
SIPM_ARRIVALS event=1250 total=1875
SIPM_ADC event=1250 readout=3895 f1far=3895 f2near=3895 f2far=3895
SIPM_ARRIVALS event=1365 total=1676
SIPM_ADC event=1365 readout=3895 f1far=3895 f2near=3895 f2far=3895
SIPM_ARRIVALS event=1288 total=1860
SIPM_ADC event=1288 readout=3895 f1far=3895 f2near=3895 f2far=3895
SIPM_ARRIVALS event=1251 total=1800
SIPM_ADC event=1251 readout=3895 f1far=3895 f2near=3895 f2far=3895
SIPM_ARRIVALS event=1366 total=1797
SIPM_ADC event=1366 readout=3895 f1far=3895 f2near=3895 f2far=3895
SIPM_ARRIVALS event=1289 total=1695
SIPM_ADC event=1289 readout=3895 f1far=3895 f2near=3895 f2far=3895
SIPM_ARRIVALS event=1252 total=1767
SIPM_ADC event=1252 readout=3895 f1far=3895 f2near=3895 f2far=3895
SIPM_ARRIVALS event=1330 total=5811
SIPM_ADC event=1330 readout=3895 f1far=3895 f2near=3895 f2far=3895
SIPM_ARRIVALS event=1367 total=1783
SIPM_ADC event=1367 readout=3895 f1far=3895 f2near=3895 f2far=3895
SIPM_ARRIVALS event=1290 total=1805
SIPM_ADC event=1290 readout=3895 f1far=3895 f2near=3895 f2far=3895
SIPM_ARRIVALS event=1253 total=1703
SIPM_ADC event=1253 readout=3895 f1far=3895 f2near=3895 f2far=3895
SIPM_ARRIVALS event=1331 total=1877
SIPM_ADC event=1331 readout=3895 f1far=3895 f2near=3895 f2far=3895
SIPM_ARRIVALS event=1368 total=1838
SIPM_ADC event=1368 readout=3895 f1far=3895 f2near=3895 f2far=3895
SIPM_ARRIVALS event=1291 total=1948
SIPM_ADC event=1291 readout=3895 f1far=3895 f2near=3895 f2far=3895
SIPM_ARRIVALS event=1254 total=1837
SIPM_ADC event=1254 readout=3895 f1far=3895 f2near=3895 f2far=3895
SIPM_ARRIVALS event=1332 total=1723
SIPM_ADC event=1332 readout=3895 f1far=3895 f2near=3895 f2far=3895
SIPM_ARRIVALS event=1369 total=1803
SIPM_ADC event=1369 readout=3895 f1far=3895 f2near=3895 f2far=3895
SIPM_ARRIVALS event=1292 total=1806
SIPM_ADC event=1292 readout=3895 f1far=3895 f2near=3895 f2far=3895
SIPM_ARRIVALS event=1255 total=1770
SIPM_ADC event=1255 readout=3895 f1far=3895 f2near=3895 f2far=3895
SIPM_ARRIVALS event=1333 total=1663
SIPM_ADC event=1333 readout=3895 f1far=3895 f2near=3895 f2far=3895
SIPM_ARRIVALS event=1370 total=1646
SIPM_ADC event=1370 readout=3895 f1far=3895 f2near=3895 f2far=3895
SIPM_ARRIVALS event=1293 total=1694
SIPM_ADC event=1293 readout=3895 f1far=3895 f2near=3895 f2far=3895
SIPM_ARRIVALS event=1256 total=1857
SIPM_ADC event=1256 readout=3895 f1far=3895 f2near=3895 f2far=3895
SIPM_ARRIVALS event=1334 total=1815
SIPM_ADC event=1334 readout=3895 f1far=3895 f2near=3895 f2far=3895
SIPM_ARRIVALS event=1371 total=1855
SIPM_ADC event=1371 readout=3895 f1far=3895 f2near=3895 f2far=3895
SIPM_ARRIVALS event=1294 total=1791
SIPM_ADC event=1294 readout=3895 f1far=3895 f2near=3895 f2far=3895
SIPM_ARRIVALS event=1257 total=1787
SIPM_ADC event=1257 readout=3895 f1far=3895 f2near=3895 f2far=3895
SIPM_ARRIVALS event=1335 total=1826
SIPM_ADC event=1335 readout=3895 f1far=3895 f2near=3895 f2far=3895
SIPM_ARRIVALS event=1372 total=1674
SIPM_ADC event=1372 readout=3895 f1far=3895 f2near=3895 f2far=3895
SIPM_ARRIVALS event=1295 total=1923
SIPM_ADC event=1295 readout=3895 f1far=3895 f2near=3895 f2far=3895
SIPM_ARRIVALS event=1258 total=1658
SIPM_ADC event=1258 readout=3895 f1far=3895 f2near=3895 f2far=3895
SIPM_ARRIVALS event=1336 total=1730
SIPM_ADC event=1336 readout=3895 f1far=3895 f2near=3895 f2far=3895
SIPM_ARRIVALS event=1373 total=1830
SIPM_ADC event=1373 readout=3895 f1far=3895 f2near=3895 f2far=3895
SIPM_ARRIVALS event=1296 total=1735
SIPM_ADC event=1296 readout=3895 f1far=3895 f2near=3895 f2far=3895
SIPM_ARRIVALS event=1259 total=1783
SIPM_ADC event=1259 readout=3895 f1far=3895 f2near=3895 f2far=3895
SIPM_ARRIVALS event=1337 total=1733
SIPM_ADC event=1337 readout=3895 f1far=3895 f2near=3895 f2far=3895
SIPM_ARRIVALS event=1374 total=1735
SIPM_ADC event=1374 readout=3895 f1far=3895 f2near=3895 f2far=3895
SIPM_ARRIVALS event=1297 total=1828
SIPM_ADC event=1297 readout=3895 f1far=3895 f2near=3895 f2far=3895
SIPM_ARRIVALS event=1260 total=1837
SIPM_ADC event=1260 readout=3895 f1far=3895 f2near=3895 f2far=3895
SIPM_ARRIVALS event=1338 total=1879
SIPM_ADC event=1338 readout=3895 f1far=3895 f2near=3895 f2far=3895
SIPM_ARRIVALS event=1375 total=1868
SIPM_ADC event=1375 readout=3895 f1far=3895 f2near=3895 f2far=3895
SIPM_ARRIVALS event=1298 total=1677
SIPM_ADC event=1298 readout=3895 f1far=3895 f2near=3895 f2far=3895
SIPM_ARRIVALS event=1261 total=1828
SIPM_ADC event=1261 readout=3895 f1far=3895 f2near=3895 f2far=3895
SIPM_ARRIVALS event=1339 total=1705
SIPM_ADC event=1339 readout=3895 f1far=3895 f2near=3895 f2far=3895
SIPM_ARRIVALS event=1376 total=1734
SIPM_ADC event=1376 readout=3895 f1far=3895 f2near=3895 f2far=3895
SIPM_ARRIVALS event=1299 total=1749
SIPM_ADC event=1299 readout=3895 f1far=3895 f2near=3895 f2far=3895
SIPM_ARRIVALS event=1262 total=1775
SIPM_ADC event=1262 readout=3895 f1far=3895 f2near=3895 f2far=3895
SIPM_ARRIVALS event=1340 total=1772
SIPM_ADC event=1340 readout=3895 f1far=3895 f2near=3895 f2far=3895
SIPM_ARRIVALS event=1377 total=1758
SIPM_ADC event=1377 readout=3895 f1far=3895 f2near=3895 f2far=3895
SIPM_ARRIVALS event=1300 total=1888
SIPM_ADC event=1300 readout=3895 f1far=3895 f2near=3895 f2far=3895
SIPM_ARRIVALS event=1263 total=1818
SIPM_ADC event=1263 readout=3895 f1far=3895 f2near=3895 f2far=3895
SIPM_ARRIVALS event=1341 total=1667
SIPM_ADC event=1341 readout=3895 f1far=3895 f2near=3895 f2far=3895
SIPM_ARRIVALS event=1378 total=1669
SIPM_ADC event=1378 readout=3895 f1far=3895 f2near=3895 f2far=3895
SIPM_ARRIVALS event=1301 total=1846
SIPM_ADC event=1301 readout=3895 f1far=3895 f2near=3895 f2far=3895
SIPM_ARRIVALS event=1264 total=1796
SIPM_ADC event=1264 readout=3895 f1far=3895 f2near=3895 f2far=3895
SIPM_ARRIVALS event=1342 total=1837
SIPM_ADC event=1342 readout=3895 f1far=3895 f2near=3895 f2far=3895
SIPM_ARRIVALS event=1379 total=1800
SIPM_ADC event=1379 readout=3895 f1far=3895 f2near=3895 f2far=3895
SIPM_ARRIVALS event=1302 total=1801
SIPM_ADC event=1302 readout=3895 f1far=3895 f2near=3895 f2far=3895
SIPM_ARRIVALS event=1265 total=1927
SIPM_ADC event=1265 readout=3895 f1far=3895 f2near=3895 f2far=3895
SIPM_ARRIVALS event=1343 total=1744
SIPM_ADC event=1343 readout=3895 f1far=3895 f2near=3895 f2far=3895
SIPM_ARRIVALS event=1380 total=1809
SIPM_ADC event=1380 readout=3895 f1far=3895 f2near=3895 f2far=3895
SIPM_ARRIVALS event=1303 total=1784
SIPM_ADC event=1303 readout=3895 f1far=3895 f2near=3895 f2far=3895
SIPM_ARRIVALS event=1266 total=1769
SIPM_ADC event=1266 readout=3895 f1far=3895 f2near=3895 f2far=3895
SIPM_ARRIVALS event=1344 total=1882
SIPM_ADC event=1344 readout=3895 f1far=3895 f2near=3895 f2far=3895
SIPM_ARRIVALS event=1381 total=1816
SIPM_ADC event=1381 readout=3895 f1far=3895 f2near=3895 f2far=3895
SIPM_ARRIVALS event=1304 total=1776
SIPM_ADC event=1304 readout=3895 f1far=3895 f2near=3895 f2far=3895
SIPM_ARRIVALS event=1267 total=1843
SIPM_ADC event=1267 readout=3895 f1far=3895 f2near=3895 f2far=3895
SIPM_ARRIVALS event=1345 total=1798
SIPM_ADC event=1345 readout=3895 f1far=3895 f2near=3895 f2far=3895
SIPM_ARRIVALS event=1382 total=1742
SIPM_ADC event=1382 readout=3895 f1far=3895 f2near=3895 f2far=3895
SIPM_ARRIVALS event=1305 total=1789
SIPM_ADC event=1305 readout=3895 f1far=3895 f2near=3895 f2far=3895
SIPM_ARRIVALS event=1268 total=1785
SIPM_ADC event=1268 readout=3895 f1far=3895 f2near=3895 f2far=3895
SIPM_ARRIVALS event=1346 total=1715
SIPM_ADC event=1346 readout=3895 f1far=3895 f2near=3895 f2far=3895
SIPM_ARRIVALS event=1383 total=1809
SIPM_ADC event=1383 readout=3895 f1far=3895 f2near=3895 f2far=3895
SIPM_ARRIVALS event=1306 total=1768
SIPM_ADC event=1306 readout=3895 f1far=3895 f2near=3895 f2far=3895
SIPM_ARRIVALS event=1347 total=1701
SIPM_ADC event=1347 readout=3895 f1far=3895 f2near=3895 f2far=3895
SIPM_ARRIVALS event=1269 total=1787
SIPM_ADC event=1269 readout=3895 f1far=3895 f2near=3895 f2far=3895
SIPM_ARRIVALS event=1384 total=1744
SIPM_ADC event=1384 readout=3895 f1far=3895 f2near=3895 f2far=3895
SIPM_ARRIVALS event=1307 total=1710
SIPM_ADC event=1307 readout=3895 f1far=3895 f2near=3895 f2far=3895
SIPM_ARRIVALS event=1348 total=1795
SIPM_ADC event=1348 readout=3895 f1far=3895 f2near=3895 f2far=3895
SIPM_ARRIVALS event=1270 total=1907
SIPM_ADC event=1270 readout=3895 f1far=3895 f2near=3895 f2far=3895
SIPM_ARRIVALS event=1385 total=1687
SIPM_ADC event=1385 readout=3895 f1far=3895 f2near=3895 f2far=3895
SIPM_ARRIVALS event=1308 total=1835
SIPM_ADC event=1308 readout=3895 f1far=3895 f2near=3895 f2far=3895
SIPM_ARRIVALS event=1349 total=1895
SIPM_ADC event=1349 readout=3895 f1far=3895 f2near=3895 f2far=3895
SIPM_ARRIVALS event=1271 total=1728
SIPM_ADC event=1271 readout=3895 f1far=3895 f2near=3895 f2far=3895
SIPM_ARRIVALS event=1386 total=1684
SIPM_ADC event=1386 readout=3895 f1far=3895 f2near=3895 f2far=3895
SIPM_ARRIVALS event=1309 total=1854
SIPM_ADC event=1309 readout=3895 f1far=3895 f2near=3895 f2far=3895
SIPM_ARRIVALS event=1350 total=1711
SIPM_ADC event=1350 readout=3895 f1far=3895 f2near=3895 f2far=3895
SIPM_ARRIVALS event=1272 total=1819
SIPM_ADC event=1272 readout=3895 f1far=3895 f2near=3895 f2far=3895
SIPM_ARRIVALS event=1387 total=1837
SIPM_ADC event=1387 readout=3895 f1far=3895 f2near=3895 f2far=3895
SIPM_ARRIVALS event=1310 total=1753
SIPM_ADC event=1310 readout=3895 f1far=3895 f2near=3895 f2far=3895
SIPM_ARRIVALS event=1351 total=1773
SIPM_ADC event=1351 readout=3895 f1far=3895 f2near=3895 f2far=3895
SIPM_ARRIVALS event=1273 total=1856
SIPM_ADC event=1273 readout=3895 f1far=3895 f2near=3895 f2far=3895
SIPM_ARRIVALS event=1388 total=1740
SIPM_ADC event=1388 readout=3895 f1far=3895 f2near=3895 f2far=3895
SIPM_ARRIVALS event=1311 total=1741
SIPM_ADC event=1311 readout=3895 f1far=3895 f2near=3895 f2far=3895
SIPM_ARRIVALS event=1352 total=1792
SIPM_ADC event=1352 readout=3895 f1far=3895 f2near=3895 f2far=3895
SIPM_ARRIVALS event=1389 total=1748
SIPM_ADC event=1389 readout=3895 f1far=3895 f2near=3895 f2far=3895
SIPM_ARRIVALS event=1274 total=1867
SIPM_ADC event=1274 readout=3895 f1far=3895 f2near=3895 f2far=3895
SIPM_ARRIVALS event=1312 total=1721
SIPM_ADC event=1312 readout=3895 f1far=3895 f2near=3895 f2far=3895
SIPM_ARRIVALS event=1353 total=1821
SIPM_ADC event=1353 readout=3895 f1far=3895 f2near=3895 f2far=3895
SIPM_ARRIVALS event=1275 total=1736
SIPM_ADC event=1275 readout=3895 f1far=3895 f2near=3895 f2far=3895
SIPM_ARRIVALS event=1390 total=1824
SIPM_ADC event=1390 readout=3895 f1far=3895 f2near=3895 f2far=3895
SIPM_ARRIVALS event=1313 total=1726
SIPM_ADC event=1313 readout=3895 f1far=3895 f2near=3895 f2far=3895
SIPM_ARRIVALS event=1391 total=1737
SIPM_ADC event=1391 readout=3895 f1far=3895 f2near=3895 f2far=3895
SIPM_ARRIVALS event=1408 total=1712
SIPM_ADC event=1408 readout=3895 f1far=3895 f2near=3895 f2far=3895
SIPM_ARRIVALS event=1314 total=1714
SIPM_ADC event=1314 readout=3895 f1far=3895 f2near=3895 f2far=3895
SIPM_ARRIVALS event=1354 total=3506
SIPM_ADC event=1354 readout=3895 f1far=3895 f2near=3895 f2far=3895
SIPM_ARRIVALS event=1409 total=1761
SIPM_ADC event=1409 readout=3895 f1far=3895 f2near=3895 f2far=3895
SIPM_ARRIVALS event=1392 total=1782
SIPM_ADC event=1392 readout=3895 f1far=3895 f2near=3895 f2far=3895
SIPM_ARRIVALS event=1315 total=1726
SIPM_ADC event=1315 readout=3895 f1far=3895 f2near=3895 f2far=3895
SIPM_ARRIVALS event=1355 total=1714
SIPM_ADC event=1355 readout=3895 f1far=3895 f2near=3895 f2far=3895
SIPM_ARRIVALS event=1393 total=1739
SIPM_ADC event=1393 readout=3895 f1far=3895 f2near=3895 f2far=3895
SIPM_ARRIVALS event=1410 total=1919
SIPM_ADC event=1410 readout=3895 f1far=3895 f2near=3895 f2far=3895
SIPM_ARRIVALS event=1316 total=1803
SIPM_ADC event=1316 readout=3895 f1far=3895 f2near=3895 f2far=3895
SIPM_ARRIVALS event=1356 total=1794
SIPM_ADC event=1356 readout=3895 f1far=3895 f2near=3895 f2far=3895
SIPM_ARRIVALS event=1394 total=1925
SIPM_ADC event=1394 readout=3895 f1far=3895 f2near=3895 f2far=3895
SIPM_ARRIVALS event=1411 total=1896
SIPM_ADC event=1411 readout=3895 f1far=3895 f2near=3895 f2far=3895
SIPM_ARRIVALS event=1317 total=1714
SIPM_ADC event=1317 readout=3895 f1far=3895 f2near=3895 f2far=3895
SIPM_ARRIVALS event=1357 total=1718
SIPM_ADC event=1357 readout=3895 f1far=3895 f2near=3895 f2far=3895
SIPM_ARRIVALS event=1395 total=1706
SIPM_ADC event=1395 readout=3895 f1far=3895 f2near=3895 f2far=3895
SIPM_ARRIVALS event=1412 total=1958
SIPM_ADC event=1412 readout=3895 f1far=3895 f2near=3895 f2far=3895
SIPM_ARRIVALS event=1318 total=1696
SIPM_ADC event=1318 readout=3895 f1far=3895 f2near=3895 f2far=3895
SIPM_ARRIVALS event=1396 total=1705
SIPM_ADC event=1396 readout=3895 f1far=3895 f2near=3895 f2far=3895
SIPM_ARRIVALS event=1358 total=1729
SIPM_ADC event=1358 readout=3895 f1far=3895 f2near=3895 f2far=3895
SIPM_ARRIVALS event=1413 total=1967
SIPM_ADC event=1413 readout=3895 f1far=3895 f2near=3895 f2far=3895
SIPM_ARRIVALS event=1319 total=1780
SIPM_ADC event=1319 readout=3895 f1far=3895 f2near=3895 f2far=3895
SIPM_ARRIVALS event=1397 total=1760
SIPM_ADC event=1397 readout=3895 f1far=3895 f2near=3895 f2far=3895
SIPM_ARRIVALS event=1359 total=1815
SIPM_ADC event=1359 readout=3895 f1far=3895 f2near=3895 f2far=3895
SIPM_ARRIVALS event=1414 total=1666
SIPM_ADC event=1414 readout=3895 f1far=3895 f2near=3895 f2far=3895
SIPM_ARRIVALS event=1452 total=1815
SIPM_ADC event=1452 readout=3895 f1far=3895 f2near=3895 f2far=3895
SIPM_ARRIVALS event=1360 total=1688
SIPM_ADC event=1360 readout=3895 f1far=3895 f2near=3895 f2far=3895
SIPM_ARRIVALS event=1398 total=1861
SIPM_ADC event=1398 readout=3895 f1far=3895 f2near=3895 f2far=3895
SIPM_ARRIVALS event=1415 total=1902
SIPM_ADC event=1415 readout=3895 f1far=3895 f2near=3895 f2far=3895
SIPM_ARRIVALS event=1453 total=1809
SIPM_ADC event=1453 readout=3895 f1far=3895 f2near=3895 f2far=3895
SIPM_ARRIVALS event=1361 total=1703
SIPM_ADC event=1361 readout=3895 f1far=3895 f2near=3895 f2far=3895
SIPM_ARRIVALS event=1399 total=1748
SIPM_ADC event=1399 readout=3895 f1far=3895 f2near=3895 f2far=3895
SIPM_ARRIVALS event=1416 total=1751
SIPM_ADC event=1416 readout=3895 f1far=3895 f2near=3895 f2far=3895
SIPM_ARRIVALS event=1454 total=1699
SIPM_ADC event=1454 readout=3895 f1far=3895 f2near=3895 f2far=3895
SIPM_ARRIVALS event=1400 total=1752
SIPM_ADC event=1400 readout=3895 f1far=3895 f2near=3895 f2far=3895
SIPM_ARRIVALS event=1362 total=1789
SIPM_ADC event=1362 readout=3895 f1far=3895 f2near=3895 f2far=3895
SIPM_ARRIVALS event=1417 total=1728
SIPM_ADC event=1417 readout=3895 f1far=3895 f2near=3895 f2far=3895
SIPM_ARRIVALS event=1455 total=1871
SIPM_ADC event=1455 readout=3895 f1far=3895 f2near=3895 f2far=3895
SIPM_ARRIVALS event=1401 total=1756
SIPM_ADC event=1401 readout=3895 f1far=3895 f2near=3895 f2far=3895
SIPM_ARRIVALS event=1363 total=1843
SIPM_ADC event=1363 readout=3895 f1far=3895 f2near=3895 f2far=3895
SIPM_ARRIVALS event=1418 total=1785
SIPM_ADC event=1418 readout=3895 f1far=3895 f2near=3895 f2far=3895
SIPM_ARRIVALS event=1456 total=1848
SIPM_ADC event=1456 readout=3895 f1far=3895 f2near=3895 f2far=3895
SIPM_ARRIVALS event=1402 total=1836
SIPM_ADC event=1402 readout=3895 f1far=3895 f2near=3895 f2far=3895
SIPM_ARRIVALS event=1496 total=1648
SIPM_ADC event=1496 readout=3895 f1far=3895 f2near=3895 f2far=3895
SIPM_ARRIVALS event=1419 total=2015
SIPM_ADC event=1419 readout=3895 f1far=3895 f2near=3895 f2far=3895
SIPM_ARRIVALS event=1457 total=1767
SIPM_ADC event=1457 readout=3895 f1far=3895 f2near=3895 f2far=3895
SIPM_ARRIVALS event=1403 total=1820
SIPM_ADC event=1403 readout=3895 f1far=3895 f2near=3895 f2far=3895
SIPM_ARRIVALS event=1497 total=1854
SIPM_ADC event=1497 readout=3895 f1far=3895 f2near=3895 f2far=3895
SIPM_ARRIVALS event=1420 total=1749
SIPM_ADC event=1420 readout=3895 f1far=3895 f2near=3895 f2far=3895
SIPM_ARRIVALS event=1458 total=1813
SIPM_ADC event=1458 readout=3895 f1far=3895 f2near=3895 f2far=3895
SIPM_ARRIVALS event=1404 total=1576
SIPM_ADC event=1404 readout=3895 f1far=3895 f2near=3895 f2far=3895
SIPM_ARRIVALS event=1498 total=1910
SIPM_ADC event=1498 readout=3895 f1far=3895 f2near=3895 f2far=3895
SIPM_ARRIVALS event=1421 total=1655
SIPM_ADC event=1421 readout=3895 f1far=3895 f2near=3895 f2far=3895
SIPM_ARRIVALS event=1459 total=1786
SIPM_ADC event=1459 readout=3895 f1far=3895 f2near=3895 f2far=3895
SIPM_ARRIVALS event=1405 total=1750
SIPM_ADC event=1405 readout=3895 f1far=3895 f2near=3895 f2far=3895
SIPM_ARRIVALS event=1499 total=1893
SIPM_ADC event=1499 readout=3895 f1far=3895 f2near=3895 f2far=3895
SIPM_ARRIVALS event=1422 total=1864
SIPM_ADC event=1422 readout=3895 f1far=3895 f2near=3895 f2far=3895
SIPM_ARRIVALS event=1460 total=1835
SIPM_ADC event=1460 readout=3895 f1far=3895 f2near=3895 f2far=3895
SIPM_ARRIVALS event=1406 total=1753
SIPM_ADC event=1406 readout=3895 f1far=3895 f2near=3895 f2far=3895
SIPM_ARRIVALS event=1500 total=1722
SIPM_ADC event=1500 readout=3895 f1far=3895 f2near=3895 f2far=3895
SIPM_ARRIVALS event=1423 total=1674
SIPM_ADC event=1423 readout=3895 f1far=3895 f2near=3895 f2far=3895
SIPM_ARRIVALS event=1461 total=1871
SIPM_ADC event=1461 readout=3895 f1far=3895 f2near=3895 f2far=3895
SIPM_ARRIVALS event=1407 total=1839
SIPM_ADC event=1407 readout=3895 f1far=3895 f2near=3895 f2far=3895
SIPM_ARRIVALS event=1501 total=1756
SIPM_ADC event=1501 readout=3895 f1far=3895 f2near=3895 f2far=3895
SIPM_ARRIVALS event=1424 total=1702
SIPM_ADC event=1424 readout=3895 f1far=3895 f2near=3895 f2far=3895
SIPM_ARRIVALS event=1462 total=1725
SIPM_ADC event=1462 readout=3895 f1far=3895 f2near=3895 f2far=3895
SIPM_ARRIVALS event=1540 total=2028
SIPM_ADC event=1540 readout=3895 f1far=3895 f2near=3895 f2far=3895
SIPM_ARRIVALS event=1502 total=1834
SIPM_ADC event=1502 readout=3895 f1far=3895 f2near=3895 f2far=3895
SIPM_ARRIVALS event=1425 total=1736
SIPM_ADC event=1425 readout=3895 f1far=3895 f2near=3895 f2far=3895
SIPM_ARRIVALS event=1463 total=1628
SIPM_ADC event=1463 readout=3895 f1far=3895 f2near=3895 f2far=3895
SIPM_ARRIVALS event=1503 total=1570
SIPM_ADC event=1503 readout=3895 f1far=3895 f2near=3895 f2far=3895
SIPM_ARRIVALS event=1541 total=1867
SIPM_ADC event=1541 readout=3895 f1far=3895 f2near=3895 f2far=3895
SIPM_ARRIVALS event=1426 total=1736
SIPM_ADC event=1426 readout=3895 f1far=3895 f2near=3895 f2far=3895
SIPM_ARRIVALS event=1464 total=1670
SIPM_ADC event=1464 readout=3895 f1far=3895 f2near=3895 f2far=3895
SIPM_ARRIVALS event=1504 total=1690
SIPM_ADC event=1504 readout=3895 f1far=3895 f2near=3895 f2far=3895
SIPM_ARRIVALS event=1542 total=1650
SIPM_ADC event=1542 readout=3895 f1far=3895 f2near=3895 f2far=3895
SIPM_ARRIVALS event=1427 total=1862
SIPM_ADC event=1427 readout=3895 f1far=3895 f2near=3895 f2far=3895
SIPM_ARRIVALS event=1465 total=1756
SIPM_ADC event=1465 readout=3895 f1far=3895 f2near=3895 f2far=3895
SIPM_ARRIVALS event=1505 total=1687
SIPM_ADC event=1505 readout=3895 f1far=3895 f2near=3895 f2far=3895
SIPM_ARRIVALS event=1543 total=1782
SIPM_ADC event=1543 readout=3895 f1far=3895 f2near=3895 f2far=3895
SIPM_ARRIVALS event=1428 total=1704
SIPM_ADC event=1428 readout=3895 f1far=3895 f2near=3895 f2far=3895
SIPM_ARRIVALS event=1466 total=1796
SIPM_ADC event=1466 readout=3895 f1far=3895 f2near=3895 f2far=3895
SIPM_ARRIVALS event=1506 total=1775
SIPM_ADC event=1506 readout=3895 f1far=3895 f2near=3895 f2far=3895
SIPM_ARRIVALS event=1544 total=1883
SIPM_ADC event=1544 readout=3895 f1far=3895 f2near=3895 f2far=3895
SIPM_ARRIVALS event=1429 total=1748
SIPM_ADC event=1429 readout=3895 f1far=3895 f2near=3895 f2far=3895
SIPM_ARRIVALS event=1467 total=1757
SIPM_ADC event=1467 readout=3895 f1far=3895 f2near=3895 f2far=3895
SIPM_ARRIVALS event=1507 total=1691
SIPM_ADC event=1507 readout=3895 f1far=3895 f2near=3895 f2far=3895
SIPM_ARRIVALS event=1545 total=1687
SIPM_ADC event=1545 readout=3895 f1far=3895 f2near=3895 f2far=3895
SIPM_ARRIVALS event=1430 total=1952
SIPM_ADC event=1430 readout=3895 f1far=3895 f2near=3895 f2far=3895
SIPM_ARRIVALS event=1468 total=1858
SIPM_ADC event=1468 readout=3895 f1far=3895 f2near=3895 f2far=3895
SIPM_ARRIVALS event=1508 total=1886
SIPM_ADC event=1508 readout=3895 f1far=3895 f2near=3895 f2far=3895
SIPM_ARRIVALS event=1546 total=1611
SIPM_ADC event=1546 readout=3895 f1far=3895 f2near=3895 f2far=3895
SIPM_ARRIVALS event=1431 total=1966
SIPM_ADC event=1431 readout=3895 f1far=3895 f2near=3895 f2far=3895
SIPM_ARRIVALS event=1469 total=1827
SIPM_ADC event=1469 readout=3895 f1far=3895 f2near=3895 f2far=3895
SIPM_ARRIVALS event=1509 total=1927
SIPM_ADC event=1509 readout=3895 f1far=3895 f2near=3895 f2far=3895
SIPM_ARRIVALS event=1547 total=1786
SIPM_ADC event=1547 readout=3895 f1far=3895 f2near=3895 f2far=3895
SIPM_ARRIVALS event=1432 total=1850
SIPM_ADC event=1432 readout=3895 f1far=3895 f2near=3895 f2far=3895
SIPM_ARRIVALS event=1470 total=1841
SIPM_ADC event=1470 readout=3895 f1far=3895 f2near=3895 f2far=3895
SIPM_ARRIVALS event=1510 total=1717
SIPM_ADC event=1510 readout=3895 f1far=3895 f2near=3895 f2far=3895
SIPM_ARRIVALS event=1548 total=1836
SIPM_ADC event=1548 readout=3895 f1far=3895 f2near=3895 f2far=3895
SIPM_ARRIVALS event=1433 total=1660
SIPM_ADC event=1433 readout=3895 f1far=3895 f2near=3895 f2far=3895
SIPM_ARRIVALS event=1471 total=1752
SIPM_ADC event=1471 readout=3895 f1far=3895 f2near=3895 f2far=3895
SIPM_ARRIVALS event=1511 total=1823
SIPM_ADC event=1511 readout=3895 f1far=3895 f2near=3895 f2far=3895
SIPM_ARRIVALS event=1549 total=1688
SIPM_ADC event=1549 readout=3895 f1far=3895 f2near=3895 f2far=3895
SIPM_ARRIVALS event=1434 total=1743
SIPM_ADC event=1434 readout=3895 f1far=3895 f2near=3895 f2far=3895
SIPM_ARRIVALS event=1472 total=1816
SIPM_ADC event=1472 readout=3895 f1far=3895 f2near=3895 f2far=3895
SIPM_ARRIVALS event=1512 total=1635
SIPM_ADC event=1512 readout=3895 f1far=3895 f2near=3895 f2far=3895
SIPM_ARRIVALS event=1550 total=1816
SIPM_ADC event=1550 readout=3895 f1far=3895 f2near=3895 f2far=3895
SIPM_ARRIVALS event=1435 total=1729
SIPM_ADC event=1435 readout=3895 f1far=3895 f2near=3895 f2far=3895
SIPM_ARRIVALS event=1473 total=1820
SIPM_ADC event=1473 readout=3895 f1far=3895 f2near=3895 f2far=3895
SIPM_ARRIVALS event=1513 total=1802
SIPM_ADC event=1513 readout=3895 f1far=3895 f2near=3895 f2far=3895
SIPM_ARRIVALS event=1551 total=1749
SIPM_ADC event=1551 readout=3895 f1far=3895 f2near=3895 f2far=3895
SIPM_ARRIVALS event=1436 total=1818
SIPM_ADC event=1436 readout=3895 f1far=3895 f2near=3895 f2far=3895
SIPM_ARRIVALS event=1474 total=1848
SIPM_ADC event=1474 readout=3895 f1far=3895 f2near=3895 f2far=3895
SIPM_ARRIVALS event=1514 total=1835
SIPM_ADC event=1514 readout=3895 f1far=3895 f2near=3895 f2far=3895
SIPM_ARRIVALS event=1552 total=1882
SIPM_ADC event=1552 readout=3895 f1far=3895 f2near=3895 f2far=3895
SIPM_ARRIVALS event=1437 total=1675
SIPM_ADC event=1437 readout=3895 f1far=3895 f2near=3895 f2far=3895
SIPM_ARRIVALS event=1475 total=1712
SIPM_ADC event=1475 readout=3895 f1far=3895 f2near=3895 f2far=3895
SIPM_ARRIVALS event=1515 total=1725
SIPM_ADC event=1515 readout=3895 f1far=3895 f2near=3895 f2far=3895
SIPM_ARRIVALS event=1553 total=1765
SIPM_ADC event=1553 readout=3895 f1far=3895 f2near=3895 f2far=3895
SIPM_ARRIVALS event=1438 total=1775
SIPM_ADC event=1438 readout=3895 f1far=3895 f2near=3895 f2far=3895
SIPM_ARRIVALS event=1476 total=1902
SIPM_ADC event=1476 readout=3895 f1far=3895 f2near=3895 f2far=3895
SIPM_ARRIVALS event=1516 total=1834
SIPM_ADC event=1516 readout=3895 f1far=3895 f2near=3895 f2far=3895
SIPM_ARRIVALS event=1554 total=1637
SIPM_ADC event=1554 readout=3895 f1far=3895 f2near=3895 f2far=3895
SIPM_ARRIVALS event=1439 total=1818
SIPM_ADC event=1439 readout=3895 f1far=3895 f2near=3895 f2far=3895
SIPM_ARRIVALS event=1477 total=1833
SIPM_ADC event=1477 readout=3895 f1far=3895 f2near=3895 f2far=3895
SIPM_ARRIVALS event=1517 total=1823
SIPM_ADC event=1517 readout=3895 f1far=3895 f2near=3895 f2far=3895
SIPM_ARRIVALS event=1555 total=1772
SIPM_ADC event=1555 readout=3895 f1far=3895 f2near=3895 f2far=3895
SIPM_ARRIVALS event=1440 total=1671
SIPM_ADC event=1440 readout=3895 f1far=3895 f2near=3895 f2far=3895
SIPM_ARRIVALS event=1478 total=1871
SIPM_ADC event=1478 readout=3895 f1far=3895 f2near=3895 f2far=3895
SIPM_ARRIVALS event=1556 total=1778
SIPM_ADC event=1556 readout=3895 f1far=3895 f2near=3895 f2far=3895
SIPM_ARRIVALS event=1441 total=1782
SIPM_ADC event=1441 readout=3895 f1far=3895 f2near=3895 f2far=3895
SIPM_ARRIVALS event=1479 total=1859
SIPM_ADC event=1479 readout=3895 f1far=3895 f2near=3895 f2far=3895
SIPM_ARRIVALS event=1442 total=1761
SIPM_ADC event=1442 readout=3895 f1far=3895 f2near=3895 f2far=3895
SIPM_ARRIVALS event=1557 total=1878
SIPM_ADC event=1557 readout=3895 f1far=3895 f2near=3895 f2far=3895
SIPM_ARRIVALS event=1480 total=1664
SIPM_ADC event=1480 readout=3895 f1far=3895 f2near=3895 f2far=3895
SIPM_ARRIVALS event=1518 total=5866
SIPM_ADC event=1518 readout=3895 f1far=3895 f2near=3895 f2far=3895
SIPM_ARRIVALS event=1443 total=1736
SIPM_ADC event=1443 readout=3895 f1far=3895 f2near=3895 f2far=3895
SIPM_ARRIVALS event=1558 total=1655
SIPM_ADC event=1558 readout=3895 f1far=3895 f2near=3895 f2far=3895
SIPM_ARRIVALS event=1481 total=1862
SIPM_ADC event=1481 readout=3895 f1far=3895 f2near=3895 f2far=3895
SIPM_ARRIVALS event=1559 total=1679
SIPM_ADC event=1559 readout=3895 f1far=3895 f2near=3895 f2far=3895
SIPM_ARRIVALS event=1444 total=1746
SIPM_ADC event=1444 readout=3895 f1far=3895 f2near=3895 f2far=3895
SIPM_ARRIVALS event=1519 total=1810
SIPM_ADC event=1519 readout=3895 f1far=3895 f2near=3895 f2far=3895
SIPM_ARRIVALS event=1482 total=1768
SIPM_ADC event=1482 readout=3895 f1far=3895 f2near=3895 f2far=3895
SIPM_ARRIVALS event=1560 total=1787
SIPM_ADC event=1560 readout=3895 f1far=3895 f2near=3895 f2far=3895
SIPM_ARRIVALS event=1445 total=1735
SIPM_ADC event=1445 readout=3895 f1far=3895 f2near=3895 f2far=3895
SIPM_ARRIVALS event=1520 total=1807
SIPM_ADC event=1520 readout=3895 f1far=3895 f2near=3895 f2far=3895
SIPM_ARRIVALS event=1483 total=1737
SIPM_ADC event=1483 readout=3895 f1far=3895 f2near=3895 f2far=3895
SIPM_ARRIVALS event=1446 total=1775
SIPM_ADC event=1446 readout=3895 f1far=3895 f2near=3895 f2far=3895
SIPM_ARRIVALS event=1561 total=1834
SIPM_ADC event=1561 readout=3895 f1far=3895 f2near=3895 f2far=3895
SIPM_ARRIVALS event=1521 total=1878
SIPM_ADC event=1521 readout=3895 f1far=3895 f2near=3895 f2far=3895
SIPM_ARRIVALS event=1484 total=1989
SIPM_ADC event=1484 readout=3895 f1far=3895 f2near=3895 f2far=3895
SIPM_ARRIVALS event=1447 total=1899
SIPM_ADC event=1447 readout=3895 f1far=3895 f2near=3895 f2far=3895
SIPM_ARRIVALS event=1562 total=1843
SIPM_ADC event=1562 readout=3895 f1far=3895 f2near=3895 f2far=3895
SIPM_ARRIVALS event=1522 total=1870
SIPM_ADC event=1522 readout=3895 f1far=3895 f2near=3895 f2far=3895
SIPM_ARRIVALS event=1485 total=1589
SIPM_ADC event=1485 readout=3895 f1far=3895 f2near=3895 f2far=3895
SIPM_ARRIVALS event=1448 total=1837
SIPM_ADC event=1448 readout=3895 f1far=3895 f2near=3895 f2far=3895
SIPM_ARRIVALS event=1563 total=1825
SIPM_ADC event=1563 readout=3895 f1far=3895 f2near=3895 f2far=3895
SIPM_ARRIVALS event=1523 total=1742
SIPM_ADC event=1523 readout=3895 f1far=3895 f2near=3895 f2far=3895
SIPM_ARRIVALS event=1486 total=1831
SIPM_ADC event=1486 readout=3895 f1far=3895 f2near=3895 f2far=3895
SIPM_ARRIVALS event=1564 total=1756
SIPM_ADC event=1564 readout=3895 f1far=3895 f2near=3895 f2far=3895
SIPM_ARRIVALS event=1524 total=1613
SIPM_ADC event=1524 readout=3895 f1far=3895 f2near=3895 f2far=3895
SIPM_ARRIVALS event=1449 total=1845
SIPM_ADC event=1449 readout=3895 f1far=3895 f2near=3895 f2far=3895
SIPM_ARRIVALS event=1487 total=1837
SIPM_ADC event=1487 readout=3895 f1far=3895 f2near=3895 f2far=3895
SIPM_ARRIVALS event=1450 total=1615
SIPM_ADC event=1450 readout=3895 f1far=3895 f2near=3895 f2far=3895
SIPM_ARRIVALS event=1565 total=1757
SIPM_ADC event=1565 readout=3895 f1far=3895 f2near=3895 f2far=3895
SIPM_ARRIVALS event=1525 total=1648
SIPM_ADC event=1525 readout=3895 f1far=3895 f2near=3895 f2far=3895
SIPM_ARRIVALS event=1488 total=2101
SIPM_ADC event=1488 readout=3895 f1far=3895 f2near=3895 f2far=3895
SIPM_ARRIVALS event=1566 total=1704
SIPM_ADC event=1566 readout=3895 f1far=3895 f2near=3895 f2far=3895
SIPM_ARRIVALS event=1451 total=1881
SIPM_ADC event=1451 readout=3895 f1far=3895 f2near=3895 f2far=3895
SIPM_ARRIVALS event=1526 total=1813
SIPM_ADC event=1526 readout=3895 f1far=3895 f2near=3895 f2far=3895
SIPM_ARRIVALS event=1567 total=1812
SIPM_ADC event=1567 readout=3895 f1far=3895 f2near=3895 f2far=3895
SIPM_ARRIVALS event=1527 total=1698
SIPM_ADC event=1527 readout=3895 f1far=3895 f2near=3895 f2far=3895
SIPM_ARRIVALS event=1584 total=1882
SIPM_ADC event=1584 readout=3895 f1far=3895 f2near=3895 f2far=3895
SIPM_ARRIVALS event=1568 total=1733
SIPM_ADC event=1568 readout=3895 f1far=3895 f2near=3895 f2far=3895
SIPM_ARRIVALS event=1528 total=1824
SIPM_ADC event=1528 readout=3895 f1far=3895 f2near=3895 f2far=3895
SIPM_ARRIVALS event=1585 total=1882
SIPM_ADC event=1585 readout=3895 f1far=3895 f2near=3895 f2far=3895
SIPM_ARRIVALS event=1569 total=1670
SIPM_ADC event=1569 readout=3895 f1far=3895 f2near=3895 f2far=3895
SIPM_ARRIVALS event=1529 total=1690
SIPM_ADC event=1529 readout=3895 f1far=3895 f2near=3895 f2far=3895
SIPM_ARRIVALS event=1586 total=1693
SIPM_ADC event=1586 readout=3895 f1far=3895 f2near=3895 f2far=3895
SIPM_ARRIVALS event=1570 total=1841
SIPM_ADC event=1570 readout=3895 f1far=3895 f2near=3895 f2far=3895
SIPM_ARRIVALS event=1530 total=1866
SIPM_ADC event=1530 readout=3895 f1far=3895 f2near=3895 f2far=3895
SIPM_ARRIVALS event=1587 total=1742
SIPM_ADC event=1587 readout=3895 f1far=3895 f2near=3895 f2far=3895
SIPM_ARRIVALS event=1489 total=8267
SIPM_ADC event=1489 readout=3895 f1far=3895 f2near=3895 f2far=3895
SIPM_ARRIVALS event=1571 total=1714
SIPM_ADC event=1571 readout=3895 f1far=3895 f2near=3895 f2far=3895
SIPM_ARRIVALS event=1588 total=1760
SIPM_ADC event=1588 readout=3895 f1far=3895 f2near=3895 f2far=3895
SIPM_ARRIVALS event=1531 total=1824
SIPM_ADC event=1531 readout=3895 f1far=3895 f2near=3895 f2far=3895
SIPM_ARRIVALS event=1490 total=1797
SIPM_ADC event=1490 readout=3895 f1far=3895 f2near=3895 f2far=3895
SIPM_ARRIVALS event=1589 total=1824
SIPM_ADC event=1589 readout=3895 f1far=3895 f2near=3895 f2far=3895
SIPM_ARRIVALS event=1572 total=2049
SIPM_ADC event=1572 readout=3895 f1far=3895 f2near=3895 f2far=3895
SIPM_ARRIVALS event=1532 total=1732
SIPM_ADC event=1532 readout=3895 f1far=3895 f2near=3895 f2far=3895
SIPM_ARRIVALS event=1491 total=1679
SIPM_ADC event=1491 readout=3895 f1far=3895 f2near=3895 f2far=3895
SIPM_ARRIVALS event=1590 total=1748
SIPM_ADC event=1590 readout=3895 f1far=3895 f2near=3895 f2far=3895
SIPM_ARRIVALS event=1573 total=1794
SIPM_ADC event=1573 readout=3895 f1far=3895 f2near=3895 f2far=3895
SIPM_ARRIVALS event=1533 total=1701
SIPM_ADC event=1533 readout=3895 f1far=3895 f2near=3895 f2far=3895
SIPM_ARRIVALS event=1492 total=1793
SIPM_ADC event=1492 readout=3895 f1far=3895 f2near=3895 f2far=3895
SIPM_ARRIVALS event=1591 total=1655
SIPM_ADC event=1591 readout=3895 f1far=3895 f2near=3895 f2far=3895
SIPM_ARRIVALS event=1574 total=1943
SIPM_ADC event=1574 readout=3895 f1far=3895 f2near=3895 f2far=3895
SIPM_ARRIVALS event=1493 total=1807
SIPM_ADC event=1493 readout=3895 f1far=3895 f2near=3895 f2far=3895
SIPM_ARRIVALS event=1534 total=2474
SIPM_ADC event=1534 readout=3895 f1far=3895 f2near=3895 f2far=3895
SIPM_ARRIVALS event=1592 total=1708
SIPM_ADC event=1592 readout=3895 f1far=3895 f2near=3895 f2far=3895
SIPM_ARRIVALS event=1575 total=1713
SIPM_ADC event=1575 readout=3895 f1far=3895 f2near=3895 f2far=3895
SIPM_ARRIVALS event=1494 total=1754
SIPM_ADC event=1494 readout=3895 f1far=3895 f2near=3895 f2far=3895
SIPM_ARRIVALS event=1535 total=1974
SIPM_ADC event=1535 readout=3895 f1far=3895 f2near=3895 f2far=3895
SIPM_ARRIVALS event=1593 total=1804
SIPM_ADC event=1593 readout=3895 f1far=3895 f2near=3895 f2far=3895
SIPM_ARRIVALS event=1576 total=1751
SIPM_ADC event=1576 readout=3895 f1far=3895 f2near=3895 f2far=3895
SIPM_ARRIVALS event=1495 total=1652
SIPM_ADC event=1495 readout=3895 f1far=3895 f2near=3895 f2far=3895
SIPM_ARRIVALS event=1536 total=1809
SIPM_ADC event=1536 readout=3895 f1far=3895 f2near=3895 f2far=3895
SIPM_ARRIVALS event=1577 total=1765
SIPM_ADC event=1577 readout=3895 f1far=3895 f2near=3895 f2far=3895
SIPM_ARRIVALS event=1594 total=1943
SIPM_ADC event=1594 readout=3895 f1far=3895 f2near=3895 f2far=3895
SIPM_ARRIVALS event=1628 total=1711
SIPM_ADC event=1628 readout=3895 f1far=3895 f2near=3895 f2far=3895
SIPM_ARRIVALS event=1537 total=1903
SIPM_ADC event=1537 readout=3895 f1far=3895 f2near=3895 f2far=3895
SIPM_ARRIVALS event=1578 total=1893
SIPM_ADC event=1578 readout=3895 f1far=3895 f2near=3895 f2far=3895
SIPM_ARRIVALS event=1595 total=1874
SIPM_ADC event=1595 readout=3895 f1far=3895 f2near=3895 f2far=3895
SIPM_ARRIVALS event=1629 total=1795
SIPM_ADC event=1629 readout=3895 f1far=3895 f2near=3895 f2far=3895
SIPM_ARRIVALS event=1538 total=1880
SIPM_ADC event=1538 readout=3895 f1far=3895 f2near=3895 f2far=3895
SIPM_ARRIVALS event=1579 total=1754
SIPM_ADC event=1579 readout=3895 f1far=3895 f2near=3895 f2far=3895
SIPM_ARRIVALS event=1596 total=1664
SIPM_ADC event=1596 readout=3895 f1far=3895 f2near=3895 f2far=3895
SIPM_ARRIVALS event=1630 total=1732
SIPM_ADC event=1630 readout=3895 f1far=3895 f2near=3895 f2far=3895
SIPM_ARRIVALS event=1539 total=1782
SIPM_ADC event=1539 readout=3895 f1far=3895 f2near=3895 f2far=3895
SIPM_ARRIVALS event=1580 total=1673
SIPM_ADC event=1580 readout=3895 f1far=3895 f2near=3895 f2far=3895
SIPM_ARRIVALS event=1597 total=1844
SIPM_ADC event=1597 readout=3895 f1far=3895 f2near=3895 f2far=3895
SIPM_ARRIVALS event=1631 total=1826
SIPM_ADC event=1631 readout=3895 f1far=3895 f2near=3895 f2far=3895
SIPM_ARRIVALS event=1672 total=1713
SIPM_ADC event=1672 readout=3895 f1far=3895 f2near=3895 f2far=3895
SIPM_ARRIVALS event=1581 total=1743
SIPM_ADC event=1581 readout=3895 f1far=3895 f2near=3895 f2far=3895
SIPM_ARRIVALS event=1598 total=1755
SIPM_ADC event=1598 readout=3895 f1far=3895 f2near=3895 f2far=3895
SIPM_ARRIVALS event=1632 total=1827
SIPM_ADC event=1632 readout=3895 f1far=3895 f2near=3895 f2far=3895
SIPM_ARRIVALS event=1673 total=1875
SIPM_ADC event=1673 readout=3895 f1far=3895 f2near=3895 f2far=3895
SIPM_ARRIVALS event=1582 total=2012
SIPM_ADC event=1582 readout=3895 f1far=3895 f2near=3895 f2far=3895
SIPM_ARRIVALS event=1674 total=1675
SIPM_ADC event=1674 readout=3895 f1far=3895 f2near=3895 f2far=3895
SIPM_ARRIVALS event=1633 total=2430
SIPM_ADC event=1633 readout=3895 f1far=3895 f2near=3895 f2far=3895
SIPM_ARRIVALS event=1583 total=1813
SIPM_ADC event=1583 readout=3895 f1far=3895 f2near=3895 f2far=3895
SIPM_ARRIVALS event=1599 total=4438
SIPM_ADC event=1599 readout=3895 f1far=3895 f2near=3895 f2far=3895
SIPM_ARRIVALS event=1675 total=1783
SIPM_ADC event=1675 readout=3895 f1far=3895 f2near=3895 f2far=3895
SIPM_ARRIVALS event=1634 total=1804
SIPM_ADC event=1634 readout=3895 f1far=3895 f2near=3895 f2far=3895
SIPM_ARRIVALS event=1716 total=1658
SIPM_ADC event=1716 readout=3895 f1far=3895 f2near=3895 f2far=3895
SIPM_ARRIVALS event=1600 total=1812
SIPM_ADC event=1600 readout=3895 f1far=3895 f2near=3895 f2far=3895
SIPM_ARRIVALS event=1676 total=1915
SIPM_ADC event=1676 readout=3895 f1far=3895 f2near=3895 f2far=3895
SIPM_ARRIVALS event=1635 total=1726
SIPM_ADC event=1635 readout=3895 f1far=3895 f2near=3895 f2far=3895
SIPM_ARRIVALS event=1717 total=2043
SIPM_ADC event=1717 readout=3895 f1far=3895 f2near=3895 f2far=3895
SIPM_ARRIVALS event=1601 total=1850
SIPM_ADC event=1601 readout=3895 f1far=3895 f2near=3895 f2far=3895
SIPM_ARRIVALS event=1677 total=1769
SIPM_ADC event=1677 readout=3895 f1far=3895 f2near=3895 f2far=3895
SIPM_ARRIVALS event=1636 total=1851
SIPM_ADC event=1636 readout=3895 f1far=3895 f2near=3895 f2far=3895
SIPM_ARRIVALS event=1718 total=1734
SIPM_ADC event=1718 readout=3895 f1far=3895 f2near=3895 f2far=3895
SIPM_ARRIVALS event=1602 total=1637
SIPM_ADC event=1602 readout=3895 f1far=3895 f2near=3895 f2far=3895
SIPM_ARRIVALS event=1678 total=1800
SIPM_ADC event=1678 readout=3895 f1far=3895 f2near=3895 f2far=3895
SIPM_ARRIVALS event=1637 total=1761
SIPM_ADC event=1637 readout=3895 f1far=3895 f2near=3895 f2far=3895
SIPM_ARRIVALS event=1719 total=1902
SIPM_ADC event=1719 readout=3895 f1far=3895 f2near=3895 f2far=3895
SIPM_ARRIVALS event=1679 total=1731
SIPM_ADC event=1679 readout=3895 f1far=3895 f2near=3895 f2far=3895
SIPM_ARRIVALS event=1603 total=2253
SIPM_ADC event=1603 readout=3895 f1far=3895 f2near=3895 f2far=3895
SIPM_ARRIVALS event=1638 total=1762
SIPM_ADC event=1638 readout=3895 f1far=3895 f2near=3895 f2far=3895
SIPM_ARRIVALS event=1720 total=1795
SIPM_ADC event=1720 readout=3895 f1far=3895 f2near=3895 f2far=3895
SIPM_ARRIVALS event=1680 total=1850
SIPM_ADC event=1680 readout=3895 f1far=3895 f2near=3895 f2far=3895
SIPM_ARRIVALS event=1604 total=1833
SIPM_ADC event=1604 readout=3895 f1far=3895 f2near=3895 f2far=3895
SIPM_ARRIVALS event=1639 total=1977
SIPM_ADC event=1639 readout=3895 f1far=3895 f2near=3895 f2far=3895
SIPM_ARRIVALS event=1721 total=1850
SIPM_ADC event=1721 readout=3895 f1far=3895 f2near=3895 f2far=3895
SIPM_ARRIVALS event=1681 total=1684
SIPM_ADC event=1681 readout=3895 f1far=3895 f2near=3895 f2far=3895
SIPM_ARRIVALS event=1605 total=1962
SIPM_ADC event=1605 readout=3895 f1far=3895 f2near=3895 f2far=3895
SIPM_ARRIVALS event=1640 total=1753
SIPM_ADC event=1640 readout=3895 f1far=3895 f2near=3895 f2far=3895
SIPM_ARRIVALS event=1722 total=1819
SIPM_ADC event=1722 readout=3895 f1far=3895 f2near=3895 f2far=3895
SIPM_ARRIVALS event=1682 total=1885
SIPM_ADC event=1682 readout=3895 f1far=3895 f2near=3895 f2far=3895
SIPM_ARRIVALS event=1606 total=1763
SIPM_ADC event=1606 readout=3895 f1far=3895 f2near=3895 f2far=3895
SIPM_ARRIVALS event=1723 total=1861
SIPM_ADC event=1723 readout=3895 f1far=3895 f2near=3895 f2far=3895
SIPM_ARRIVALS event=1641 total=2599
SIPM_ADC event=1641 readout=3895 f1far=3895 f2near=3895 f2far=3895
SIPM_ARRIVALS event=1683 total=1832
SIPM_ADC event=1683 readout=3895 f1far=3895 f2near=3895 f2far=3895
SIPM_ARRIVALS event=1607 total=1926
SIPM_ADC event=1607 readout=3895 f1far=3895 f2near=3895 f2far=3895
SIPM_ARRIVALS event=1724 total=1687
SIPM_ADC event=1724 readout=3895 f1far=3895 f2near=3895 f2far=3895
SIPM_ARRIVALS event=1642 total=1843
SIPM_ADC event=1642 readout=3895 f1far=3895 f2near=3895 f2far=3895
SIPM_ARRIVALS event=1684 total=1778
SIPM_ADC event=1684 readout=3895 f1far=3895 f2near=3895 f2far=3895
SIPM_ARRIVALS event=1608 total=1723
SIPM_ADC event=1608 readout=3895 f1far=3895 f2near=3895 f2far=3895
SIPM_ARRIVALS event=1725 total=1728
SIPM_ADC event=1725 readout=3895 f1far=3895 f2near=3895 f2far=3895
SIPM_ARRIVALS event=1643 total=1645
SIPM_ADC event=1643 readout=3895 f1far=3895 f2near=3895 f2far=3895
SIPM_ARRIVALS event=1685 total=1949
SIPM_ADC event=1685 readout=3895 f1far=3895 f2near=3895 f2far=3895
SIPM_ARRIVALS event=1609 total=1766
SIPM_ADC event=1609 readout=3895 f1far=3895 f2near=3895 f2far=3895
SIPM_ARRIVALS event=1726 total=1699
SIPM_ADC event=1726 readout=3895 f1far=3895 f2near=3895 f2far=3895
SIPM_ARRIVALS event=1644 total=1698
SIPM_ADC event=1644 readout=3895 f1far=3895 f2near=3895 f2far=3895
SIPM_ARRIVALS event=1686 total=1707
SIPM_ADC event=1686 readout=3895 f1far=3895 f2near=3895 f2far=3895
SIPM_ARRIVALS event=1610 total=1757
SIPM_ADC event=1610 readout=3895 f1far=3895 f2near=3895 f2far=3895
SIPM_ARRIVALS event=1727 total=1740
SIPM_ADC event=1727 readout=3895 f1far=3895 f2near=3895 f2far=3895
SIPM_ARRIVALS event=1645 total=1732
SIPM_ADC event=1645 readout=3895 f1far=3895 f2near=3895 f2far=3895
SIPM_ARRIVALS event=1687 total=1850
SIPM_ADC event=1687 readout=3895 f1far=3895 f2near=3895 f2far=3895
SIPM_ARRIVALS event=1611 total=1816
SIPM_ADC event=1611 readout=3895 f1far=3895 f2near=3895 f2far=3895
SIPM_ARRIVALS event=1728 total=1812
SIPM_ADC event=1728 readout=3895 f1far=3895 f2near=3895 f2far=3895
SIPM_ARRIVALS event=1646 total=1703
SIPM_ADC event=1646 readout=3895 f1far=3895 f2near=3895 f2far=3895
SIPM_ARRIVALS event=1688 total=1834
SIPM_ADC event=1688 readout=3895 f1far=3895 f2near=3895 f2far=3895
SIPM_ARRIVALS event=1612 total=1872
SIPM_ADC event=1612 readout=3895 f1far=3895 f2near=3895 f2far=3895
SIPM_ARRIVALS event=1729 total=1647
SIPM_ADC event=1729 readout=3895 f1far=3895 f2near=3895 f2far=3895
SIPM_ARRIVALS event=1647 total=1639
SIPM_ADC event=1647 readout=3895 f1far=3895 f2near=3895 f2far=3895
SIPM_ARRIVALS event=1613 total=1774
SIPM_ADC event=1613 readout=3895 f1far=3895 f2near=3895 f2far=3895
SIPM_ARRIVALS event=1730 total=1723
SIPM_ADC event=1730 readout=3895 f1far=3895 f2near=3895 f2far=3895
SIPM_ARRIVALS event=1689 total=2644
SIPM_ADC event=1689 readout=3895 f1far=3895 f2near=3895 f2far=3895
SIPM_ARRIVALS event=1648 total=1860
SIPM_ADC event=1648 readout=3895 f1far=3895 f2near=3895 f2far=3895
SIPM_ARRIVALS event=1614 total=1747
SIPM_ADC event=1614 readout=3895 f1far=3895 f2near=3895 f2far=3895
SIPM_ARRIVALS event=1731 total=1916
SIPM_ADC event=1731 readout=3895 f1far=3895 f2near=3895 f2far=3895
SIPM_ARRIVALS event=1690 total=1817
SIPM_ADC event=1690 readout=3895 f1far=3895 f2near=3895 f2far=3895
SIPM_ARRIVALS event=1649 total=1765
SIPM_ADC event=1649 readout=3895 f1far=3895 f2near=3895 f2far=3895
SIPM_ARRIVALS event=1615 total=1750
SIPM_ADC event=1615 readout=3895 f1far=3895 f2near=3895 f2far=3895
SIPM_ARRIVALS event=1732 total=1711
SIPM_ADC event=1732 readout=3895 f1far=3895 f2near=3895 f2far=3895
SIPM_ARRIVALS event=1691 total=1816
SIPM_ADC event=1691 readout=3895 f1far=3895 f2near=3895 f2far=3895
SIPM_ARRIVALS event=1650 total=1715
SIPM_ADC event=1650 readout=3895 f1far=3895 f2near=3895 f2far=3895
SIPM_ARRIVALS event=1616 total=1752
SIPM_ADC event=1616 readout=3895 f1far=3895 f2near=3895 f2far=3895
SIPM_ARRIVALS event=1733 total=1878
SIPM_ADC event=1733 readout=3895 f1far=3895 f2near=3895 f2far=3895
SIPM_ARRIVALS event=1692 total=1579
SIPM_ADC event=1692 readout=3895 f1far=3895 f2near=3895 f2far=3895
SIPM_ARRIVALS event=1651 total=1825
SIPM_ADC event=1651 readout=3895 f1far=3895 f2near=3895 f2far=3895
SIPM_ARRIVALS event=1617 total=1747
SIPM_ADC event=1617 readout=3895 f1far=3895 f2near=3895 f2far=3895
SIPM_ARRIVALS event=1734 total=1749
SIPM_ADC event=1734 readout=3895 f1far=3895 f2near=3895 f2far=3895
SIPM_ARRIVALS event=1693 total=1860
SIPM_ADC event=1693 readout=3895 f1far=3895 f2near=3895 f2far=3895
SIPM_ARRIVALS event=1618 total=1835
SIPM_ADC event=1618 readout=3895 f1far=3895 f2near=3895 f2far=3895
SIPM_ARRIVALS event=1735 total=1820
SIPM_ADC event=1735 readout=3895 f1far=3895 f2near=3895 f2far=3895
SIPM_ARRIVALS event=1694 total=1886
SIPM_ADC event=1694 readout=3895 f1far=3895 f2near=3895 f2far=3895
SIPM_ARRIVALS event=1619 total=1859
SIPM_ADC event=1619 readout=3895 f1far=3895 f2near=3895 f2far=3895
SIPM_ARRIVALS event=1652 total=4500
SIPM_ADC event=1652 readout=3895 f1far=3895 f2near=3895 f2far=3895
SIPM_ARRIVALS event=1736 total=1668
SIPM_ADC event=1736 readout=3895 f1far=3895 f2near=3895 f2far=3895
SIPM_ARRIVALS event=1695 total=1773
SIPM_ADC event=1695 readout=3895 f1far=3895 f2near=3895 f2far=3895
SIPM_ARRIVALS event=1620 total=1754
SIPM_ADC event=1620 readout=3895 f1far=3895 f2near=3895 f2far=3895
SIPM_ARRIVALS event=1653 total=1788
SIPM_ADC event=1653 readout=3895 f1far=3895 f2near=3895 f2far=3895
SIPM_ARRIVALS event=1737 total=1737
SIPM_ADC event=1737 readout=3895 f1far=3895 f2near=3895 f2far=3895
SIPM_ARRIVALS event=1696 total=1846
SIPM_ADC event=1696 readout=3895 f1far=3895 f2near=3895 f2far=3895
SIPM_ARRIVALS event=1621 total=1762
SIPM_ADC event=1621 readout=3895 f1far=3895 f2near=3895 f2far=3895
SIPM_ARRIVALS event=1654 total=1673
SIPM_ADC event=1654 readout=3895 f1far=3895 f2near=3895 f2far=3895
SIPM_ARRIVALS event=1738 total=1702
SIPM_ADC event=1738 readout=3895 f1far=3895 f2near=3895 f2far=3895
SIPM_ARRIVALS event=1697 total=1777
SIPM_ADC event=1697 readout=3895 f1far=3895 f2near=3895 f2far=3895
SIPM_ARRIVALS event=1622 total=1826
SIPM_ADC event=1622 readout=3895 f1far=3895 f2near=3895 f2far=3895
SIPM_ARRIVALS event=1655 total=1803
SIPM_ADC event=1655 readout=3895 f1far=3895 f2near=3895 f2far=3895
SIPM_ARRIVALS event=1739 total=1751
SIPM_ADC event=1739 readout=3895 f1far=3895 f2near=3895 f2far=3895
SIPM_ARRIVALS event=1698 total=1711
SIPM_ADC event=1698 readout=3895 f1far=3895 f2near=3895 f2far=3895
SIPM_ARRIVALS event=1623 total=1800
SIPM_ADC event=1623 readout=3895 f1far=3895 f2near=3895 f2far=3895
SIPM_ARRIVALS event=1656 total=1820
SIPM_ADC event=1656 readout=3895 f1far=3895 f2near=3895 f2far=3895
SIPM_ARRIVALS event=1740 total=1829
SIPM_ADC event=1740 readout=3895 f1far=3895 f2near=3895 f2far=3895
SIPM_ARRIVALS event=1699 total=1782
SIPM_ADC event=1699 readout=3895 f1far=3895 f2near=3895 f2far=3895
SIPM_ARRIVALS event=1624 total=1764
SIPM_ADC event=1624 readout=3895 f1far=3895 f2near=3895 f2far=3895
SIPM_ARRIVALS event=1657 total=1649
SIPM_ADC event=1657 readout=3895 f1far=3895 f2near=3895 f2far=3895
SIPM_ARRIVALS event=1741 total=1757
SIPM_ADC event=1741 readout=3895 f1far=3895 f2near=3895 f2far=3895
SIPM_ARRIVALS event=1700 total=1804
SIPM_ADC event=1700 readout=3895 f1far=3895 f2near=3895 f2far=3895
SIPM_ARRIVALS event=1625 total=1628
SIPM_ADC event=1625 readout=3895 f1far=3895 f2near=3895 f2far=3895
SIPM_ARRIVALS event=1658 total=1767
SIPM_ADC event=1658 readout=3895 f1far=3895 f2near=3895 f2far=3895
SIPM_ARRIVALS event=1742 total=1719
SIPM_ADC event=1742 readout=3895 f1far=3895 f2near=3895 f2far=3895
SIPM_ARRIVALS event=1701 total=1918
SIPM_ADC event=1701 readout=3895 f1far=3895 f2near=3895 f2far=3895
SIPM_ARRIVALS event=1626 total=1649
SIPM_ADC event=1626 readout=3895 f1far=3895 f2near=3895 f2far=3895
SIPM_ARRIVALS event=1659 total=2031
SIPM_ADC event=1659 readout=3895 f1far=3895 f2near=3895 f2far=3895
SIPM_ARRIVALS event=1743 total=1902
SIPM_ADC event=1743 readout=3895 f1far=3895 f2near=3895 f2far=3895
SIPM_ARRIVALS event=1702 total=1816
SIPM_ADC event=1702 readout=3895 f1far=3895 f2near=3895 f2far=3895
SIPM_ARRIVALS event=1627 total=1735
SIPM_ADC event=1627 readout=3895 f1far=3895 f2near=3895 f2far=3895
SIPM_ARRIVALS event=1660 total=1743
SIPM_ADC event=1660 readout=3895 f1far=3895 f2near=3895 f2far=3895
SIPM_ARRIVALS event=1744 total=1891
SIPM_ADC event=1744 readout=3895 f1far=3895 f2near=3895 f2far=3895
SIPM_ARRIVALS event=1703 total=1747
SIPM_ADC event=1703 readout=3895 f1far=3895 f2near=3895 f2far=3895
SIPM_ARRIVALS event=1760 total=1703
SIPM_ADC event=1760 readout=3895 f1far=3895 f2near=3895 f2far=3895
SIPM_ARRIVALS event=1661 total=1774
SIPM_ADC event=1661 readout=3895 f1far=3895 f2near=3895 f2far=3895
SIPM_ARRIVALS event=1745 total=1903
SIPM_ADC event=1745 readout=3895 f1far=3895 f2near=3895 f2far=3895
SIPM_ARRIVALS event=1761 total=1780
SIPM_ADC event=1761 readout=3895 f1far=3895 f2near=3895 f2far=3895
SIPM_ARRIVALS event=1662 total=1731
SIPM_ADC event=1662 readout=3895 f1far=3895 f2near=3895 f2far=3895
SIPM_ARRIVALS event=1746 total=1721
SIPM_ADC event=1746 readout=3895 f1far=3895 f2near=3895 f2far=3895
SIPM_ARRIVALS event=1762 total=1665
SIPM_ADC event=1762 readout=3895 f1far=3895 f2near=3895 f2far=3895
SIPM_ARRIVALS event=1663 total=1778
SIPM_ADC event=1663 readout=3895 f1far=3895 f2near=3895 f2far=3895
SIPM_ARRIVALS event=1747 total=1696
SIPM_ADC event=1747 readout=3895 f1far=3895 f2near=3895 f2far=3895
SIPM_ARRIVALS event=1704 total=4959
SIPM_ADC event=1704 readout=3895 f1far=3895 f2near=3895 f2far=3895
SIPM_ARRIVALS event=1763 total=1836
SIPM_ADC event=1763 readout=3895 f1far=3895 f2near=3895 f2far=3895
SIPM_ARRIVALS event=1664 total=1822
SIPM_ADC event=1664 readout=3895 f1far=3895 f2near=3895 f2far=3895
SIPM_ARRIVALS event=1748 total=1826
SIPM_ADC event=1748 readout=3895 f1far=3895 f2near=3895 f2far=3895
SIPM_ARRIVALS event=1705 total=1762
SIPM_ADC event=1705 readout=3895 f1far=3895 f2near=3895 f2far=3895
SIPM_ARRIVALS event=1764 total=1719
SIPM_ADC event=1764 readout=3895 f1far=3895 f2near=3895 f2far=3895
SIPM_ARRIVALS event=1665 total=1835
SIPM_ADC event=1665 readout=3895 f1far=3895 f2near=3895 f2far=3895
SIPM_ARRIVALS event=1749 total=1822
SIPM_ADC event=1749 readout=3895 f1far=3895 f2near=3895 f2far=3895
SIPM_ARRIVALS event=1706 total=1743
SIPM_ADC event=1706 readout=3895 f1far=3895 f2near=3895 f2far=3895
SIPM_ARRIVALS event=1765 total=1891
SIPM_ADC event=1765 readout=3895 f1far=3895 f2near=3895 f2far=3895
SIPM_ARRIVALS event=1666 total=1814
SIPM_ADC event=1666 readout=3895 f1far=3895 f2near=3895 f2far=3895
SIPM_ARRIVALS event=1750 total=1722
SIPM_ADC event=1750 readout=3895 f1far=3895 f2near=3895 f2far=3895
SIPM_ARRIVALS event=1707 total=1671
SIPM_ADC event=1707 readout=3895 f1far=3895 f2near=3895 f2far=3895
SIPM_ARRIVALS event=1766 total=1841
SIPM_ADC event=1766 readout=3895 f1far=3895 f2near=3895 f2far=3895
SIPM_ARRIVALS event=1667 total=1677
SIPM_ADC event=1667 readout=3895 f1far=3895 f2near=3895 f2far=3895
SIPM_ARRIVALS event=1708 total=1714
SIPM_ADC event=1708 readout=3895 f1far=3895 f2near=3895 f2far=3895
SIPM_ARRIVALS event=1751 total=1784
SIPM_ADC event=1751 readout=3895 f1far=3895 f2near=3895 f2far=3895
SIPM_ARRIVALS event=1767 total=1787
SIPM_ADC event=1767 readout=3895 f1far=3895 f2near=3895 f2far=3895
SIPM_ARRIVALS event=1668 total=1796
SIPM_ADC event=1668 readout=3895 f1far=3895 f2near=3895 f2far=3895
SIPM_ARRIVALS event=1709 total=1668
SIPM_ADC event=1709 readout=3895 f1far=3895 f2near=3895 f2far=3895
SIPM_ARRIVALS event=1752 total=1893
SIPM_ADC event=1752 readout=3895 f1far=3895 f2near=3895 f2far=3895
SIPM_ARRIVALS event=1669 total=1904
SIPM_ADC event=1669 readout=3895 f1far=3895 f2near=3895 f2far=3895
SIPM_ARRIVALS event=1710 total=1911
SIPM_ADC event=1710 readout=3895 f1far=3895 f2near=3895 f2far=3895
SIPM_ARRIVALS event=1768 total=3129
SIPM_ADC event=1768 readout=3895 f1far=3895 f2near=3895 f2far=3895
SIPM_ARRIVALS event=1753 total=1732
SIPM_ADC event=1753 readout=3895 f1far=3895 f2near=3895 f2far=3895
SIPM_ARRIVALS event=1670 total=1738
SIPM_ADC event=1670 readout=3895 f1far=3895 f2near=3895 f2far=3895
SIPM_ARRIVALS event=1711 total=1703
SIPM_ADC event=1711 readout=3895 f1far=3895 f2near=3895 f2far=3895
SIPM_ARRIVALS event=1754 total=1698
SIPM_ADC event=1754 readout=3895 f1far=3895 f2near=3895 f2far=3895
SIPM_ARRIVALS event=1769 total=1806
SIPM_ADC event=1769 readout=3895 f1far=3895 f2near=3895 f2far=3895
SIPM_ARRIVALS event=1671 total=1801
SIPM_ADC event=1671 readout=3895 f1far=3895 f2near=3895 f2far=3895
SIPM_ARRIVALS event=1712 total=1741
SIPM_ADC event=1712 readout=3895 f1far=3895 f2near=3895 f2far=3895
SIPM_ARRIVALS event=1770 total=1733
SIPM_ADC event=1770 readout=3895 f1far=3895 f2near=3895 f2far=3895
SIPM_ARRIVALS event=1755 total=1827
SIPM_ADC event=1755 readout=3895 f1far=3895 f2near=3895 f2far=3895
SIPM_ARRIVALS event=1713 total=1725
SIPM_ADC event=1713 readout=3895 f1far=3895 f2near=3895 f2far=3895
SIPM_ARRIVALS event=1804 total=1937
SIPM_ADC event=1804 readout=3895 f1far=3895 f2near=3895 f2far=3895
SIPM_ARRIVALS event=1771 total=1844
SIPM_ADC event=1771 readout=3895 f1far=3895 f2near=3895 f2far=3895
SIPM_ARRIVALS event=1756 total=1860
SIPM_ADC event=1756 readout=3895 f1far=3895 f2near=3895 f2far=3895
SIPM_ARRIVALS event=1714 total=1877
SIPM_ADC event=1714 readout=3895 f1far=3895 f2near=3895 f2far=3895
SIPM_ARRIVALS event=1805 total=1840
SIPM_ADC event=1805 readout=3895 f1far=3895 f2near=3895 f2far=3895
SIPM_ARRIVALS event=1772 total=1856
SIPM_ADC event=1772 readout=3895 f1far=3895 f2near=3895 f2far=3895
SIPM_ARRIVALS event=1757 total=1840
SIPM_ADC event=1757 readout=3895 f1far=3895 f2near=3895 f2far=3895
SIPM_ARRIVALS event=1806 total=1806
SIPM_ADC event=1806 readout=3895 f1far=3895 f2near=3895 f2far=3895
SIPM_ARRIVALS event=1715 total=1819
SIPM_ADC event=1715 readout=3895 f1far=3895 f2near=3895 f2far=3895
SIPM_ARRIVALS event=1773 total=1739
SIPM_ADC event=1773 readout=3895 f1far=3895 f2near=3895 f2far=3895
SIPM_ARRIVALS event=1758 total=1843
SIPM_ADC event=1758 readout=3895 f1far=3895 f2near=3895 f2far=3895
SIPM_ARRIVALS event=1807 total=1706
SIPM_ADC event=1807 readout=3895 f1far=3895 f2near=3895 f2far=3895
SIPM_ARRIVALS event=1848 total=1792
SIPM_ADC event=1848 readout=3895 f1far=3895 f2near=3895 f2far=3895
SIPM_ARRIVALS event=1774 total=1838
SIPM_ADC event=1774 readout=3895 f1far=3895 f2near=3895 f2far=3895
SIPM_ARRIVALS event=1759 total=1868
SIPM_ADC event=1759 readout=3895 f1far=3895 f2near=3895 f2far=3895
SIPM_ARRIVALS event=1849 total=1721
SIPM_ADC event=1849 readout=3895 f1far=3895 f2near=3895 f2far=3895
SIPM_ARRIVALS event=1808 total=1901
SIPM_ADC event=1808 readout=3895 f1far=3895 f2near=3895 f2far=3895
SIPM_ARRIVALS event=1775 total=1733
SIPM_ADC event=1775 readout=3895 f1far=3895 f2near=3895 f2far=3895
SIPM_ARRIVALS event=1892 total=1622
SIPM_ADC event=1892 readout=3895 f1far=3895 f2near=3895 f2far=3895
SIPM_ARRIVALS event=1850 total=1724
SIPM_ADC event=1850 readout=3895 f1far=3895 f2near=3895 f2far=3895
SIPM_ARRIVALS event=1809 total=1831
SIPM_ADC event=1809 readout=3895 f1far=3895 f2near=3895 f2far=3895
SIPM_ARRIVALS event=1776 total=1678
SIPM_ADC event=1776 readout=3895 f1far=3895 f2near=3895 f2far=3895
SIPM_ARRIVALS event=1893 total=1725
SIPM_ADC event=1893 readout=3895 f1far=3895 f2near=3895 f2far=3895
SIPM_ARRIVALS event=1851 total=1693
SIPM_ADC event=1851 readout=3895 f1far=3895 f2near=3895 f2far=3895
SIPM_ARRIVALS event=1777 total=1702
SIPM_ADC event=1777 readout=3895 f1far=3895 f2near=3895 f2far=3895
SIPM_ARRIVALS event=1810 total=1754
SIPM_ADC event=1810 readout=3895 f1far=3895 f2near=3895 f2far=3895
SIPM_ARRIVALS event=1894 total=1723
SIPM_ADC event=1894 readout=3895 f1far=3895 f2near=3895 f2far=3895
SIPM_ARRIVALS event=1852 total=1755
SIPM_ADC event=1852 readout=3895 f1far=3895 f2near=3895 f2far=3895
SIPM_ARRIVALS event=1778 total=1687
SIPM_ADC event=1778 readout=3895 f1far=3895 f2near=3895 f2far=3895
SIPM_ARRIVALS event=1811 total=1805
SIPM_ADC event=1811 readout=3895 f1far=3895 f2near=3895 f2far=3895
SIPM_ARRIVALS event=1895 total=1609
SIPM_ADC event=1895 readout=3895 f1far=3895 f2near=3895 f2far=3895
SIPM_ARRIVALS event=1853 total=1789
SIPM_ADC event=1853 readout=3895 f1far=3895 f2near=3895 f2far=3895
SIPM_ARRIVALS event=1779 total=1723
SIPM_ADC event=1779 readout=3895 f1far=3895 f2near=3895 f2far=3895
SIPM_ARRIVALS event=1896 total=1696
SIPM_ADC event=1896 readout=3895 f1far=3895 f2near=3895 f2far=3895
SIPM_ARRIVALS event=1812 total=1707
SIPM_ADC event=1812 readout=3895 f1far=3895 f2near=3895 f2far=3895
SIPM_ARRIVALS event=1854 total=1789
SIPM_ADC event=1854 readout=3895 f1far=3895 f2near=3895 f2far=3895
SIPM_ARRIVALS event=1780 total=1730
SIPM_ADC event=1780 readout=3895 f1far=3895 f2near=3895 f2far=3895
SIPM_ARRIVALS event=1813 total=1756
SIPM_ADC event=1813 readout=3895 f1far=3895 f2near=3895 f2far=3895
SIPM_ARRIVALS event=1897 total=2011
SIPM_ADC event=1897 readout=3895 f1far=3895 f2near=3895 f2far=3895
SIPM_ARRIVALS event=1855 total=1932
SIPM_ADC event=1855 readout=3895 f1far=3895 f2near=3895 f2far=3895
SIPM_ARRIVALS event=1781 total=1975
SIPM_ADC event=1781 readout=3895 f1far=3895 f2near=3895 f2far=3895
SIPM_ARRIVALS event=1814 total=1776
SIPM_ADC event=1814 readout=3895 f1far=3895 f2near=3895 f2far=3895
SIPM_ARRIVALS event=1898 total=1849
SIPM_ADC event=1898 readout=3895 f1far=3895 f2near=3895 f2far=3895
SIPM_ARRIVALS event=1856 total=1736
SIPM_ADC event=1856 readout=3895 f1far=3895 f2near=3895 f2far=3895
SIPM_ARRIVALS event=1782 total=1727
SIPM_ADC event=1782 readout=3895 f1far=3895 f2near=3895 f2far=3895
SIPM_ARRIVALS event=1815 total=1759
SIPM_ADC event=1815 readout=3895 f1far=3895 f2near=3895 f2far=3895
SIPM_ARRIVALS event=1899 total=1722
SIPM_ADC event=1899 readout=3895 f1far=3895 f2near=3895 f2far=3895
SIPM_ARRIVALS event=1857 total=1760
SIPM_ADC event=1857 readout=3895 f1far=3895 f2near=3895 f2far=3895
SIPM_ARRIVALS event=1783 total=1760
SIPM_ADC event=1783 readout=3895 f1far=3895 f2near=3895 f2far=3895
SIPM_ARRIVALS event=1816 total=1680
SIPM_ADC event=1816 readout=3895 f1far=3895 f2near=3895 f2far=3895
SIPM_ARRIVALS event=1900 total=1854
SIPM_ADC event=1900 readout=3895 f1far=3895 f2near=3895 f2far=3895
SIPM_ARRIVALS event=1858 total=1750
SIPM_ADC event=1858 readout=3895 f1far=3895 f2near=3895 f2far=3895
SIPM_ARRIVALS event=1784 total=1657
SIPM_ADC event=1784 readout=3895 f1far=3895 f2near=3895 f2far=3895
SIPM_ARRIVALS event=1817 total=1851
SIPM_ADC event=1817 readout=3895 f1far=3895 f2near=3895 f2far=3895
SIPM_ARRIVALS event=1901 total=1930
SIPM_ADC event=1901 readout=3895 f1far=3895 f2near=3895 f2far=3895
SIPM_ARRIVALS event=1859 total=1711
SIPM_ADC event=1859 readout=3895 f1far=3895 f2near=3895 f2far=3895
SIPM_ARRIVALS event=1785 total=1679
SIPM_ADC event=1785 readout=3895 f1far=3895 f2near=3895 f2far=3895
SIPM_ARRIVALS event=1818 total=1708
SIPM_ADC event=1818 readout=3895 f1far=3895 f2near=3895 f2far=3895
SIPM_ARRIVALS event=1902 total=1691
SIPM_ADC event=1902 readout=3895 f1far=3895 f2near=3895 f2far=3895
SIPM_ARRIVALS event=1860 total=1653
SIPM_ADC event=1860 readout=3895 f1far=3895 f2near=3895 f2far=3895
SIPM_ARRIVALS event=1786 total=1733
SIPM_ADC event=1786 readout=3895 f1far=3895 f2near=3895 f2far=3895
SIPM_ARRIVALS event=1819 total=1845
SIPM_ADC event=1819 readout=3895 f1far=3895 f2near=3895 f2far=3895
SIPM_ARRIVALS event=1903 total=1794
SIPM_ADC event=1903 readout=3895 f1far=3895 f2near=3895 f2far=3895
SIPM_ARRIVALS event=1861 total=1703
SIPM_ADC event=1861 readout=3895 f1far=3895 f2near=3895 f2far=3895
SIPM_ARRIVALS event=1787 total=1751
SIPM_ADC event=1787 readout=3895 f1far=3895 f2near=3895 f2far=3895
SIPM_ARRIVALS event=1820 total=1707
SIPM_ADC event=1820 readout=3895 f1far=3895 f2near=3895 f2far=3895
SIPM_ARRIVALS event=1904 total=1708
SIPM_ADC event=1904 readout=3895 f1far=3895 f2near=3895 f2far=3895
SIPM_ARRIVALS event=1862 total=1753
SIPM_ADC event=1862 readout=3895 f1far=3895 f2near=3895 f2far=3895
SIPM_ARRIVALS event=1788 total=1765
SIPM_ADC event=1788 readout=3895 f1far=3895 f2near=3895 f2far=3895
SIPM_ARRIVALS event=1905 total=1691
SIPM_ADC event=1905 readout=3895 f1far=3895 f2near=3895 f2far=3895
SIPM_ARRIVALS event=1863 total=1818
SIPM_ADC event=1863 readout=3895 f1far=3895 f2near=3895 f2far=3895
SIPM_ARRIVALS event=1789 total=1858
SIPM_ADC event=1789 readout=3895 f1far=3895 f2near=3895 f2far=3895
SIPM_ARRIVALS event=1821 total=3766
SIPM_ADC event=1821 readout=3895 f1far=3895 f2near=3895 f2far=3895
SIPM_ARRIVALS event=1906 total=1754
SIPM_ADC event=1906 readout=3895 f1far=3895 f2near=3895 f2far=3895
SIPM_ARRIVALS event=1864 total=1842
SIPM_ADC event=1864 readout=3895 f1far=3895 f2near=3895 f2far=3895
SIPM_ARRIVALS event=1790 total=1741
SIPM_ADC event=1790 readout=3895 f1far=3895 f2near=3895 f2far=3895
SIPM_ARRIVALS event=1822 total=1843
SIPM_ADC event=1822 readout=3895 f1far=3895 f2near=3895 f2far=3895
SIPM_ARRIVALS event=1907 total=1871
SIPM_ADC event=1907 readout=3895 f1far=3895 f2near=3895 f2far=3895
SIPM_ARRIVALS event=1865 total=1883
SIPM_ADC event=1865 readout=3895 f1far=3895 f2near=3895 f2far=3895
SIPM_ARRIVALS event=1791 total=1845
SIPM_ADC event=1791 readout=3895 f1far=3895 f2near=3895 f2far=3895
SIPM_ARRIVALS event=1823 total=1798
SIPM_ADC event=1823 readout=3895 f1far=3895 f2near=3895 f2far=3895
SIPM_ARRIVALS event=1908 total=1715
SIPM_ADC event=1908 readout=3895 f1far=3895 f2near=3895 f2far=3895
SIPM_ARRIVALS event=1866 total=1869
SIPM_ADC event=1866 readout=3895 f1far=3895 f2near=3895 f2far=3895
SIPM_ARRIVALS event=1792 total=1789
SIPM_ADC event=1792 readout=3895 f1far=3895 f2near=3895 f2far=3895
SIPM_ARRIVALS event=1824 total=1738
SIPM_ADC event=1824 readout=3895 f1far=3895 f2near=3895 f2far=3895
SIPM_ARRIVALS event=1909 total=1922
SIPM_ADC event=1909 readout=3895 f1far=3895 f2near=3895 f2far=3895
SIPM_ARRIVALS event=1793 total=1841
SIPM_ADC event=1793 readout=3895 f1far=3895 f2near=3895 f2far=3895
SIPM_ARRIVALS event=1867 total=1797
SIPM_ADC event=1867 readout=3895 f1far=3895 f2near=3895 f2far=3895
SIPM_ARRIVALS event=1825 total=1725
SIPM_ADC event=1825 readout=3895 f1far=3895 f2near=3895 f2far=3895
SIPM_ARRIVALS event=1910 total=1813
SIPM_ADC event=1910 readout=3895 f1far=3895 f2near=3895 f2far=3895
SIPM_ARRIVALS event=1794 total=1833
SIPM_ADC event=1794 readout=3895 f1far=3895 f2near=3895 f2far=3895
SIPM_ARRIVALS event=1868 total=1708
SIPM_ADC event=1868 readout=3895 f1far=3895 f2near=3895 f2far=3895
SIPM_ARRIVALS event=1826 total=1952
SIPM_ADC event=1826 readout=3895 f1far=3895 f2near=3895 f2far=3895
SIPM_ARRIVALS event=1911 total=1807
SIPM_ADC event=1911 readout=3895 f1far=3895 f2near=3895 f2far=3895
SIPM_ARRIVALS event=1795 total=1689
SIPM_ADC event=1795 readout=3895 f1far=3895 f2near=3895 f2far=3895
SIPM_ARRIVALS event=1869 total=1893
SIPM_ADC event=1869 readout=3895 f1far=3895 f2near=3895 f2far=3895
SIPM_ARRIVALS event=1827 total=1814
SIPM_ADC event=1827 readout=3895 f1far=3895 f2near=3895 f2far=3895
SIPM_ARRIVALS event=1912 total=1791
SIPM_ADC event=1912 readout=3895 f1far=3895 f2near=3895 f2far=3895
SIPM_ARRIVALS event=1796 total=1814
SIPM_ADC event=1796 readout=3895 f1far=3895 f2near=3895 f2far=3895
SIPM_ARRIVALS event=1870 total=1773
SIPM_ADC event=1870 readout=3895 f1far=3895 f2near=3895 f2far=3895
SIPM_ARRIVALS event=1828 total=1731
SIPM_ADC event=1828 readout=3895 f1far=3895 f2near=3895 f2far=3895
SIPM_ARRIVALS event=1913 total=1766
SIPM_ADC event=1913 readout=3895 f1far=3895 f2near=3895 f2far=3895
SIPM_ARRIVALS event=1797 total=1597
SIPM_ADC event=1797 readout=3895 f1far=3895 f2near=3895 f2far=3895
SIPM_ARRIVALS event=1871 total=1540
SIPM_ADC event=1871 readout=3895 f1far=3895 f2near=3895 f2far=3895
SIPM_ARRIVALS event=1829 total=1650
SIPM_ADC event=1829 readout=3895 f1far=3895 f2near=3895 f2far=3895
SIPM_ARRIVALS event=1914 total=1869
SIPM_ADC event=1914 readout=3895 f1far=3895 f2near=3895 f2far=3895
SIPM_ARRIVALS event=1798 total=1756
SIPM_ADC event=1798 readout=3895 f1far=3895 f2near=3895 f2far=3895
SIPM_ARRIVALS event=1872 total=1721
SIPM_ADC event=1872 readout=3895 f1far=3895 f2near=3895 f2far=3895
SIPM_ARRIVALS event=1830 total=1928
SIPM_ADC event=1830 readout=3895 f1far=3895 f2near=3895 f2far=3895
SIPM_ARRIVALS event=1915 total=1768
SIPM_ADC event=1915 readout=3895 f1far=3895 f2near=3895 f2far=3895
SIPM_ARRIVALS event=1799 total=1866
SIPM_ADC event=1799 readout=3895 f1far=3895 f2near=3895 f2far=3895
SIPM_ARRIVALS event=1873 total=1772
SIPM_ADC event=1873 readout=3895 f1far=3895 f2near=3895 f2far=3895
SIPM_ARRIVALS event=1916 total=1726
SIPM_ADC event=1916 readout=3895 f1far=3895 f2near=3895 f2far=3895
SIPM_ARRIVALS event=1831 total=1800
SIPM_ADC event=1831 readout=3895 f1far=3895 f2near=3895 f2far=3895
SIPM_ARRIVALS event=1800 total=1739
SIPM_ADC event=1800 readout=3895 f1far=3895 f2near=3895 f2far=3895
SIPM_ARRIVALS event=1874 total=1667
SIPM_ADC event=1874 readout=3895 f1far=3895 f2near=3895 f2far=3895
SIPM_ARRIVALS event=1917 total=1731
SIPM_ADC event=1917 readout=3895 f1far=3895 f2near=3895 f2far=3895
SIPM_ARRIVALS event=1832 total=1749
SIPM_ADC event=1832 readout=3895 f1far=3895 f2near=3895 f2far=3895
SIPM_ARRIVALS event=1801 total=1940
SIPM_ADC event=1801 readout=3895 f1far=3895 f2near=3895 f2far=3895
SIPM_ARRIVALS event=1875 total=1871
SIPM_ADC event=1875 readout=3895 f1far=3895 f2near=3895 f2far=3895
SIPM_ARRIVALS event=1918 total=1670
SIPM_ADC event=1918 readout=3895 f1far=3895 f2near=3895 f2far=3895
SIPM_ARRIVALS event=1833 total=1701
SIPM_ADC event=1833 readout=3895 f1far=3895 f2near=3895 f2far=3895
SIPM_ARRIVALS event=1802 total=1623
SIPM_ADC event=1802 readout=3895 f1far=3895 f2near=3895 f2far=3895
SIPM_ARRIVALS event=1876 total=1694
SIPM_ADC event=1876 readout=3895 f1far=3895 f2near=3895 f2far=3895
SIPM_ARRIVALS event=1919 total=1740
SIPM_ADC event=1919 readout=3895 f1far=3895 f2near=3895 f2far=3895
SIPM_ARRIVALS event=1834 total=1901
SIPM_ADC event=1834 readout=3895 f1far=3895 f2near=3895 f2far=3895
SIPM_ARRIVALS event=1803 total=1845
SIPM_ADC event=1803 readout=3895 f1far=3895 f2near=3895 f2far=3895
SIPM_ARRIVALS event=1877 total=1771
SIPM_ADC event=1877 readout=3895 f1far=3895 f2near=3895 f2far=3895
SIPM_ARRIVALS event=1920 total=1713
SIPM_ADC event=1920 readout=3895 f1far=3895 f2near=3895 f2far=3895
SIPM_ARRIVALS event=1835 total=1785
SIPM_ADC event=1835 readout=3895 f1far=3895 f2near=3895 f2far=3895
SIPM_ARRIVALS event=1936 total=1815
SIPM_ADC event=1936 readout=3895 f1far=3895 f2near=3895 f2far=3895
SIPM_ARRIVALS event=1878 total=1865
SIPM_ADC event=1878 readout=3895 f1far=3895 f2near=3895 f2far=3895
SIPM_ARRIVALS event=1921 total=1793
SIPM_ADC event=1921 readout=3895 f1far=3895 f2near=3895 f2far=3895
SIPM_ARRIVALS event=1836 total=1842
SIPM_ADC event=1836 readout=3895 f1far=3895 f2near=3895 f2far=3895
SIPM_ARRIVALS event=1922 total=1667
SIPM_ADC event=1922 readout=3895 f1far=3895 f2near=3895 f2far=3895
SIPM_ARRIVALS event=1879 total=1718
SIPM_ADC event=1879 readout=3895 f1far=3895 f2near=3895 f2far=3895
SIPM_ARRIVALS event=1937 total=1869
SIPM_ADC event=1937 readout=3895 f1far=3895 f2near=3895 f2far=3895
SIPM_ARRIVALS event=1837 total=1754
SIPM_ADC event=1837 readout=3895 f1far=3895 f2near=3895 f2far=3895
SIPM_ARRIVALS event=1938 total=1727
SIPM_ADC event=1938 readout=3895 f1far=3895 f2near=3895 f2far=3895
SIPM_ARRIVALS event=1880 total=1744
SIPM_ADC event=1880 readout=3895 f1far=3895 f2near=3895 f2far=3895
SIPM_ARRIVALS event=1923 total=1678
SIPM_ADC event=1923 readout=3895 f1far=3895 f2near=3895 f2far=3895
SIPM_ARRIVALS event=1838 total=1674
SIPM_ADC event=1838 readout=3895 f1far=3895 f2near=3895 f2far=3895
SIPM_ARRIVALS event=1939 total=1656
SIPM_ADC event=1939 readout=3895 f1far=3895 f2near=3895 f2far=3895
SIPM_ARRIVALS event=1924 total=1805
SIPM_ADC event=1924 readout=3895 f1far=3895 f2near=3895 f2far=3895
SIPM_ARRIVALS event=1881 total=1771
SIPM_ADC event=1881 readout=3895 f1far=3895 f2near=3895 f2far=3895
SIPM_ARRIVALS event=1839 total=1727
SIPM_ADC event=1839 readout=3895 f1far=3895 f2near=3895 f2far=3895
SIPM_ARRIVALS event=1940 total=1805
SIPM_ADC event=1940 readout=3895 f1far=3895 f2near=3895 f2far=3895
SIPM_ARRIVALS event=1925 total=1662
SIPM_ADC event=1925 readout=3895 f1far=3895 f2near=3895 f2far=3895
SIPM_ARRIVALS event=1882 total=1861
SIPM_ADC event=1882 readout=3895 f1far=3895 f2near=3895 f2far=3895
SIPM_ARRIVALS event=1941 total=1772
SIPM_ADC event=1941 readout=3895 f1far=3895 f2near=3895 f2far=3895
SIPM_ARRIVALS event=1926 total=1738
SIPM_ADC event=1926 readout=3895 f1far=3895 f2near=3895 f2far=3895
SIPM_ARRIVALS event=1883 total=1704
SIPM_ADC event=1883 readout=3895 f1far=3895 f2near=3895 f2far=3895
SIPM_ARRIVALS event=1927 total=1825
SIPM_ADC event=1927 readout=3895 f1far=3895 f2near=3895 f2far=3895
SIPM_ARRIVALS event=1942 total=1910
SIPM_ADC event=1942 readout=3895 f1far=3895 f2near=3895 f2far=3895
SIPM_ARRIVALS event=1884 total=1760
SIPM_ADC event=1884 readout=3895 f1far=3895 f2near=3895 f2far=3895
SIPM_ARRIVALS event=1840 total=4700
SIPM_ADC event=1840 readout=3895 f1far=3895 f2near=3895 f2far=3895
SIPM_ARRIVALS event=1928 total=1696
SIPM_ADC event=1928 readout=3895 f1far=3895 f2near=3895 f2far=3895
SIPM_ARRIVALS event=1841 total=1703
SIPM_ADC event=1841 readout=3895 f1far=3895 f2near=3895 f2far=3895
SIPM_ARRIVALS event=1943 total=1879
SIPM_ADC event=1943 readout=3895 f1far=3895 f2near=3895 f2far=3895
SIPM_ARRIVALS event=1885 total=1892
SIPM_ADC event=1885 readout=3895 f1far=3895 f2near=3895 f2far=3895
SIPM_ARRIVALS event=1929 total=1862
SIPM_ADC event=1929 readout=3895 f1far=3895 f2near=3895 f2far=3895
SIPM_ARRIVALS event=1842 total=1811
SIPM_ADC event=1842 readout=3895 f1far=3895 f2near=3895 f2far=3895
SIPM_ARRIVALS event=1944 total=1650
SIPM_ADC event=1944 readout=3895 f1far=3895 f2near=3895 f2far=3895
SIPM_ARRIVALS event=1886 total=1818
SIPM_ADC event=1886 readout=3895 f1far=3895 f2near=3895 f2far=3895
SIPM_ARRIVALS event=1930 total=1702
SIPM_ADC event=1930 readout=3895 f1far=3895 f2near=3895 f2far=3895
SIPM_ARRIVALS event=1843 total=1736
SIPM_ADC event=1843 readout=3895 f1far=3895 f2near=3895 f2far=3895
SIPM_ARRIVALS event=1945 total=1774
SIPM_ADC event=1945 readout=3895 f1far=3895 f2near=3895 f2far=3895
SIPM_ARRIVALS event=1887 total=1761
SIPM_ADC event=1887 readout=3895 f1far=3895 f2near=3895 f2far=3895
SIPM_ARRIVALS event=1931 total=1646
SIPM_ADC event=1931 readout=3895 f1far=3895 f2near=3895 f2far=3895
SIPM_ARRIVALS event=1946 total=1720
SIPM_ADC event=1946 readout=3895 f1far=3895 f2near=3895 f2far=3895
SIPM_ARRIVALS event=1844 total=1785
SIPM_ADC event=1844 readout=3895 f1far=3895 f2near=3895 f2far=3895
SIPM_ARRIVALS event=1888 total=1793
SIPM_ADC event=1888 readout=3895 f1far=3895 f2near=3895 f2far=3895
SIPM_ARRIVALS event=1932 total=1657
SIPM_ADC event=1932 readout=3895 f1far=3895 f2near=3895 f2far=3895
SIPM_ARRIVALS event=1845 total=1614
SIPM_ADC event=1845 readout=3895 f1far=3895 f2near=3895 f2far=3895
SIPM_ARRIVALS event=1889 total=1837
SIPM_ADC event=1889 readout=3895 f1far=3895 f2near=3895 f2far=3895
SIPM_ARRIVALS event=1947 total=1890
SIPM_ADC event=1947 readout=3895 f1far=3895 f2near=3895 f2far=3895
SIPM_ARRIVALS event=1933 total=1812
SIPM_ADC event=1933 readout=3895 f1far=3895 f2near=3895 f2far=3895
SIPM_ARRIVALS event=1846 total=1864
SIPM_ADC event=1846 readout=3895 f1far=3895 f2near=3895 f2far=3895
SIPM_ARRIVALS event=1948 total=1833
SIPM_ADC event=1948 readout=3895 f1far=3895 f2near=3895 f2far=3895
SIPM_ARRIVALS event=1890 total=1929
SIPM_ADC event=1890 readout=3895 f1far=3895 f2near=3895 f2far=3895
SIPM_ARRIVALS event=1934 total=1797
SIPM_ADC event=1934 readout=3895 f1far=3895 f2near=3895 f2far=3895
SIPM_ARRIVALS event=1847 total=1843
SIPM_ADC event=1847 readout=3895 f1far=3895 f2near=3895 f2far=3895
SIPM_ARRIVALS event=1949 total=1820
SIPM_ADC event=1949 readout=3895 f1far=3895 f2near=3895 f2far=3895
SIPM_ARRIVALS event=1891 total=1912
SIPM_ADC event=1891 readout=3895 f1far=3895 f2near=3895 f2far=3895
SIPM_ARRIVALS event=1935 total=1580
SIPM_ADC event=1935 readout=3895 f1far=3895 f2near=3895 f2far=3895
SIPM_ARRIVALS event=1980 total=1671
SIPM_ADC event=1980 readout=3895 f1far=3895 f2near=3895 f2far=3895
SIPM_ARRIVALS event=1950 total=1886
SIPM_ADC event=1950 readout=3895 f1far=3895 f2near=3895 f2far=3895
SIPM_ARRIVALS event=1981 total=1757
SIPM_ADC event=1981 readout=3895 f1far=3895 f2near=3895 f2far=3895
SIPM_ARRIVALS event=1951 total=1690
SIPM_ADC event=1951 readout=3895 f1far=3895 f2near=3895 f2far=3895
SIPM_ARRIVALS event=1982 total=1823
SIPM_ADC event=1982 readout=3895 f1far=3895 f2near=3895 f2far=3895
SIPM_ARRIVALS event=1952 total=1861
SIPM_ADC event=1952 readout=3895 f1far=3895 f2near=3895 f2far=3895
SIPM_ARRIVALS event=1983 total=1680
SIPM_ADC event=1983 readout=3895 f1far=3895 f2near=3895 f2far=3895
SIPM_ARRIVALS event=1953 total=1821
SIPM_ADC event=1953 readout=3895 f1far=3895 f2near=3895 f2far=3895
SIPM_ARRIVALS event=1984 total=1786
SIPM_ADC event=1984 readout=3895 f1far=3895 f2near=3895 f2far=3895
SIPM_ARRIVALS event=1954 total=1834
SIPM_ADC event=1954 readout=3895 f1far=3895 f2near=3895 f2far=3895
SIPM_ARRIVALS event=1985 total=1859
SIPM_ADC event=1985 readout=3895 f1far=3895 f2near=3895 f2far=3895
SIPM_ARRIVALS event=1955 total=1932
SIPM_ADC event=1955 readout=3895 f1far=3895 f2near=3895 f2far=3895
SIPM_ARRIVALS event=1986 total=1728
SIPM_ADC event=1986 readout=3895 f1far=3895 f2near=3895 f2far=3895
SIPM_ARRIVALS event=1956 total=1789
SIPM_ADC event=1956 readout=3895 f1far=3895 f2near=3895 f2far=3895
SIPM_ARRIVALS event=1987 total=1660
SIPM_ADC event=1987 readout=3895 f1far=3895 f2near=3895 f2far=3895
SIPM_ARRIVALS event=1957 total=1889
SIPM_ADC event=1957 readout=3895 f1far=3895 f2near=3895 f2far=3895
SIPM_ARRIVALS event=1988 total=1825
SIPM_ADC event=1988 readout=3895 f1far=3895 f2near=3895 f2far=3895
SIPM_ARRIVALS event=1958 total=4270
SIPM_ADC event=1958 readout=3895 f1far=3895 f2near=3895 f2far=3895
SIPM_ARRIVALS event=1989 total=5229
SIPM_ADC event=1989 readout=3895 f1far=3895 f2near=3895 f2far=3895
SIPM_ARRIVALS event=1959 total=1784
SIPM_ADC event=1959 readout=3895 f1far=3895 f2near=3895 f2far=3895
SIPM_ARRIVALS event=1960 total=1760
SIPM_ADC event=1960 readout=3895 f1far=3895 f2near=3895 f2far=3895
SIPM_ARRIVALS event=1961 total=1706
SIPM_ADC event=1961 readout=3895 f1far=3895 f2near=3895 f2far=3895
SIPM_ARRIVALS event=1962 total=1872
SIPM_ADC event=1962 readout=3895 f1far=3895 f2near=3895 f2far=3895
SIPM_ARRIVALS event=1990 total=5715
SIPM_ADC event=1990 readout=3895 f1far=3895 f2near=3895 f2far=3895
SIPM_ARRIVALS event=1963 total=1762
SIPM_ADC event=1963 readout=3895 f1far=3895 f2near=3895 f2far=3895
SIPM_ARRIVALS event=1991 total=1735
SIPM_ADC event=1991 readout=3895 f1far=3895 f2near=3895 f2far=3895
SIPM_ARRIVALS event=1964 total=1917
SIPM_ADC event=1964 readout=3895 f1far=3895 f2near=3895 f2far=3895
SIPM_ARRIVALS event=1992 total=1693
SIPM_ADC event=1992 readout=3895 f1far=3895 f2near=3895 f2far=3895
SIPM_ARRIVALS event=1993 total=1738
SIPM_ADC event=1993 readout=3895 f1far=3895 f2near=3895 f2far=3895
SIPM_ARRIVALS event=1965 total=2039
SIPM_ADC event=1965 readout=3895 f1far=3895 f2near=3895 f2far=3895
SIPM_ARRIVALS event=1994 total=1689
SIPM_ADC event=1994 readout=3895 f1far=3895 f2near=3895 f2far=3895
SIPM_ARRIVALS event=1966 total=1785
SIPM_ADC event=1966 readout=3895 f1far=3895 f2near=3895 f2far=3895
SIPM_ARRIVALS event=1995 total=1773
SIPM_ADC event=1995 readout=3895 f1far=3895 f2near=3895 f2far=3895
SIPM_ARRIVALS event=1967 total=1773
SIPM_ADC event=1967 readout=3895 f1far=3895 f2near=3895 f2far=3895
SIPM_ARRIVALS event=1996 total=1942
SIPM_ADC event=1996 readout=3895 f1far=3895 f2near=3895 f2far=3895
SIPM_ARRIVALS event=1968 total=1845
SIPM_ADC event=1968 readout=3895 f1far=3895 f2near=3895 f2far=3895
SIPM_ARRIVALS event=1997 total=1760
SIPM_ADC event=1997 readout=3895 f1far=3895 f2near=3895 f2far=3895
SIPM_ARRIVALS event=1969 total=1642
SIPM_ADC event=1969 readout=3895 f1far=3895 f2near=3895 f2far=3895
SIPM_ARRIVALS event=1998 total=1779
SIPM_ADC event=1998 readout=3895 f1far=3895 f2near=3895 f2far=3895
SIPM_ARRIVALS event=1970 total=1831
SIPM_ADC event=1970 readout=3895 f1far=3895 f2near=3895 f2far=3895
SIPM_ARRIVALS event=1999 total=1713
SIPM_ADC event=1999 readout=3895 f1far=3895 f2near=3895 f2far=3895
SIPM_ARRIVALS event=1971 total=1908
SIPM_ADC event=1971 readout=3895 f1far=3895 f2near=3895 f2far=3895
SIPM_ARRIVALS event=1972 total=1761
SIPM_ADC event=1972 readout=3895 f1far=3895 f2near=3895 f2far=3895
SIPM_ARRIVALS event=1973 total=1754
SIPM_ADC event=1973 readout=3895 f1far=3895 f2near=3895 f2far=3895
SIPM_ARRIVALS event=1974 total=1851
SIPM_ADC event=1974 readout=3895 f1far=3895 f2near=3895 f2far=3895
SIPM_ARRIVALS event=1975 total=1822
SIPM_ADC event=1975 readout=3895 f1far=3895 f2near=3895 f2far=3895
SIPM_ARRIVALS event=1976 total=1727
SIPM_ADC event=1976 readout=3895 f1far=3895 f2near=3895 f2far=3895
SIPM_ARRIVALS event=1977 total=1727
SIPM_ADC event=1977 readout=3895 f1far=3895 f2near=3895 f2far=3895
SIPM_ARRIVALS event=1978 total=1700
SIPM_ADC event=1978 readout=3895 f1far=3895 f2near=3895 f2far=3895
SIPM_ARRIVALS event=1979 total=1580
SIPM_ADC event=1979 readout=3895 f1far=3895 f2near=3895 f2far=3895
RUN_DONE events=2000 output=/projects/hep/fs10/shared/nnbar/billy/ccb-wt-1303/geant4/results/1303_grid_regen_v2/stave_proton_140MeV_x0_y0_th0_ph0_s1.root
     Cr_sctns:  Glauber-Gribov Nucl-nucl: 0 eV  ---> 25.6 PeV
     Cr_sctns:  Glauber-Gribov Nucl-nucl: 0 eV  ---> 25.6 PeV
     Cr_sctns:  Glauber-Gribov Nucl-nucl: 0 eV  ---> 25.6 PeV
     Cr_sctns:  Glauber-Gribov Nucl-nucl: 0 eV  ---> 25.6 PeV
CCB_STAVE_END
wrote /projects/hep/fs10/shared/nnbar/billy/ccb-wt-1303/geant4/results/1303_grid_regen_v2/stave_proton_140MeV_x0_y0_th0_ph0_s1.root (+ /projects/hep/fs10/shared/nnbar/billy/ccb-wt-1303/geant4/results/1303_grid_regen_v2/stave_proton_140MeV_x0_y0_th0_ph0_s1.root.meta.json)
