point idx=3 part=deuteron E=70 MeV x=0 y=0 theta=0 phi=0 seed=1 nev=2000 threads=4
CCB_BEAM_PREFLIGHT intersects=1 enters_neg_z=1 path_cm=2 reason=ok

**************************************************************
 Geant4 version Name: geant4-11-03-patch-02 [MT]   (25-April-2025)
  << in Multi-threaded mode >> 
                       Copyright : Geant4 Collaboration
                      References : NIM A 506 (2003), 250-303
                                 : IEEE-TNS 53 (2006), 270-278
                                 : NIM A 835 (2016), 186-225
                             WWW : http://geant4.org/
**************************************************************

CCB_STAVE_START particle=deuteron KE_MeV=70 nevents=2000 threads_requested=4 threads_effective=4 g4_force_threads=unset seed=1 hit_x_cm=0 hit_y_cm=0 theta_deg=0 phi_deg=0 allow_miss=0 birks_kB=0.126 quenching_model_id=birks_geant4 quenching_model_status=HYPOTHESIS quenching_claims_authorized=false production_cut_mm=0.1 physics_list=QGSP_BIC neutron_timecut_policy_id=pin_qgsp_bic_default_10us neutron_time_cut_us=10 neutron_tracking_time_cut_configured=1 reflectivity_scale=1 attenuation_scale(deprecated)=1 scintillator_absorption_scale=1 y11_bulk_attenuation_scale=1 pde_scale=1 collection_efficiency=1 optical_interface_model=UNKNOWN_EXTERNAL far_end=instrumented wls_time_profile=exponential mode=optical optical_dir=/projects/hep/fs10/shared/nnbar/billy/ccb-wt-1303/geant4/single_stave/build/optical strict_optical=1 output=/projects/hep/fs10/shared/nnbar/billy/ccb-wt-1303/geant4/results/1303_grid_regen_v2/stave_deuteron_70MeV_x0_y0_th0_ph0_s1.root gpu_optical=0 optical_out= dump_gdml=
G4PhysListFactory::GetReferencePhysList <QGSP_BIC>  EMoption= 0
<<< Geant4 Physics List simulation engine: QGSP_BIC


Checking overlaps for volume Coating:0 (G4SubtractionSolid) ... OK! 
Checking overlaps for volume Scintillator:0 (G4SubtractionSolid) ... OK! 
Checking overlaps for volume OuterClad_F1:0 (G4Tubs) ... OK! 
Checking overlaps for volume InnerClad_F1:0 (G4Tubs) ... OK! 
Checking overlaps for volume Core_F1:0 (G4Tubs) ... OK! 
Checking overlaps for volume Sensor_F1_PlusX:0 (G4Tubs) ... OK! 
Checking overlaps for volume Sensor_F1_MinusX:1 (G4Tubs) ... OK! 
Checking overlaps for volume OuterClad_F2:1 (G4Tubs) ... OK! 
Checking overlaps for volume InnerClad_F2:1 (G4Tubs) ... OK! 
Checking overlaps for volume Core_F2:1 (G4Tubs) ... OK! 
Checking overlaps for volume Sensor_F2_PlusX:2 (G4Tubs) ... OK! 
Checking overlaps for volume Sensor_F2_MinusX:3 (G4Tubs) ... OK! 
GEOMETRY_REPORT_BEGIN
stave_length_cm 50
stave_width_cm 5.18
stave_thickness_cm 2
normal_path_cm 2
fibre_diameter_mm 1.8
hole_diameter_mm 2
fibre_separation_cm 2
fibre_within_hole 1
fibre_protrudes_for_readout 1
holes_contained_y 1
holes_contained_z 1
geometry_hash e323b92195f9a6288944f0738dbadccf9386422f076362ca172fd0b6d119d1e1
physics_hash 695755f15879c60b7dbc23f5ad7f972d0ec3d9710fa2ec357d17a3b37c48faee
optical_hash 84c699d6bbc7b3f55adbef3231414e8b2552e602fd4cf36203c484ac880dd836
clad_inner_rindex 1.49
clad_outer_rindex 1.42
GEOMETRY_REPORT_END
GEOMETRY_SELFCHECK_PASS
### Adding tracking cuts for neutron  TimeCut(ns)= 10000  KinEnergyCut(MeV)= 0
### Birks coefficients used in run time
   G4_POLYSTYRENE     0.07943 mm/MeV     0.00841958 g/cm^2/MeV  massFactor=  504.5 effCharge= 18.5
   CCB_Scintillator     0.126 mm/MeV     0.013356 g/cm^2/MeV  massFactor=  504.5 effCharge= 18.5
=======================================================================
======                 Electromagnetic Physics Parameters      ========
=======================================================================
LPM effect enabled                                 1
Enable creation and use of sampling tables         0
Apply cuts on all EM processes                     0
Use combined TransportationWithMsc                 Disabled
Use general process                                1
Enable linear polarisation for gamma               0
Enable photoeffect sampling below K-shell          1
Enable sampling of quantum entanglement            0
X-section factor for integral approach             0.8
Min kinetic energy for tables                      100 eV 
Max kinetic energy for tables                      100 TeV
Number of bins per decade of a table               7
Verbose level                                      1
Verbose level for worker thread                    0
Bremsstrahlung energy threshold above which 
  primary e+- is added to the list of secondary    100 TeV
Bremsstrahlung energy threshold above which primary
  muon/hadron is added to the list of secondary    100 TeV
Positron annihilation at rest model                SimplePositronium
Enable 3 gamma annihilation on fly                 0
Lowest triplet kinetic energy                      1 MeV
Enable sampling of gamma linear polarisation       0
5D gamma conversion model type                     0
5D gamma conversion model on isolated ion          0
Use Ricardo-Gerardo pair production model          0
Livermore data directory                           epics_2017
=======================================================================
======                 Ionisation Parameters                   ========
=======================================================================
Step function for e+-                              (0.2, 1 mm)
Step function for muons/hadrons                    (0.2, 0.1 mm)
Step function for light ions                       (0.2, 0.1 mm)
Step function for general ions                     (0.2, 0.1 mm)
Lowest e+e- kinetic energy                         1 keV
Lowest muon/hadron kinetic energy                  1 keV
Use ICRU90 data                                    0
Fluctuations of dE/dx are enabled                  1
Type of fluctuation model for leptons and hadrons  Urban
Use built-in Birks satuaration                     1
Build CSDA range enabled                           0
Use cut as a final range enabled                   0
Enable angular generator interface                 0
Max kinetic energy for CSDA tables                 1 GeV
Max kinetic energy for NIEL computation            0 eV 
Linear loss limit                                  0.01
Read data from file for e+e- pair production by mu 0
=======================================================================
======                 Multiple Scattering Parameters          ========
=======================================================================
Type of msc step limit algorithm for e+-           1
Type of msc step limit algorithm for muons/hadrons 0
Msc lateral displacement for e+- enabled           1
Msc lateral displacement for muons and hadrons     0
Urban msc model lateral displacement alg96         1
Range factor for msc step limit for e+-            0.04
Range factor for msc step limit for muons/hadrons  0.2
Geometry factor for msc step limitation of e+-     2.5
Safety factor for msc step limit for e+-           0.6
Skin parameter for msc step limitation of e+-      1
Lambda limit for msc step limit for e+-            1 mm
Use Mott correction for e- scattering              0
Factor used for dynamic computation of angular 
  limit between single and multiple scattering     1
Fixed angular limit between single 
  and multiple scattering                          3.1416 rad
Upper energy limit for e+- multiple scattering     100 MeV
Type of electron single scattering model           0
Type of nuclear form-factor                        1
Screening factor                                   1
=======================================================================

phot:  for gamma SubType=12 BuildTable=0
      LambdaPrime table from 200 keV to 100 TeV in 61 bins 
      ===== EM models for the G4Region  DefaultRegionForTheWorld ======
 LivermorePhElectric : Emin=    0 eV  Emax=  100 TeV  SauterGavrila Fluo

compt:  for gamma SubType=13 BuildTable=1
      Lambda table from 100 eV  to 1 MeV, 7 bins/decade, spline: 1
      LambdaPrime table from 1 MeV to 100 TeV in 56 bins 
      ===== EM models for the G4Region  DefaultRegionForTheWorld ======
       Klein-Nishina : Emin=    0 eV  Emax=  100 TeV

conv:  for gamma SubType=14 BuildTable=1
      Lambda table from 1.022 MeV to 100 TeV, 18 bins/decade, spline: 1
      ===== EM models for the G4Region  DefaultRegionForTheWorld ======
     BetheHeitlerLPM : Emin=    0 eV  Emax=  100 TeV  ModifiedTsai

Rayl:  for gamma SubType=11 BuildTable=1
      Lambda table from 100 eV  to 150 keV, 7 bins/decade, spline: 0
      LambdaPrime table from 150 keV to 100 TeV in 62 bins 
      ===== EM models for the G4Region  DefaultRegionForTheWorld ======
   LivermoreRayleigh : Emin=    0 eV  Emax=  100 TeV  CullenGenerator

msc:  for e-  SubType= 10
      ===== EM models for the G4Region  DefaultRegionForTheWorld ======
            UrbanMsc : Emin=    0 eV  Emax=  100 MeV Nbins=42 100 eV  - 100 MeV
          StepLim=UseSafety Rfact=0.04 Gfact=2.5 Sfact=0.6 DispFlag:1 Skin=1 Llim=1 mm
        WentzelVIUni : Emin=  100 MeV Emax=  100 TeV Nbins=42 100 MeV - 100 TeV
          StepLim=UseSafety Rfact=0.04 Gfact=2.5 Sfact=0.6 DispFlag:1 Skin=1 Llim=1 mm

eIoni:  for e-  XStype:3  SubType=2
      dE/dx and range tables from 100 eV  to 100 TeV in 84 bins
      Lambda tables from threshold to 100 TeV, 7 bins/decade, spline: 1
      StepFunction=(0.2, 1 mm), integ: 3, fluct: 1, linLossLim= 0.01
      ===== EM models for the G4Region  DefaultRegionForTheWorld ======
        MollerBhabha : Emin=    0 eV  Emax=  100 TeV

eBrem:  for e-  XStype:4  SubType=3
      dE/dx and range tables from 100 eV  to 100 TeV in 84 bins
      Lambda tables from threshold to 100 TeV, 7 bins/decade, spline: 1
      LPM flag: 1 for E > 1 GeV,  VertexHighEnergyTh(GeV)= 100000
      ===== EM models for the G4Region  DefaultRegionForTheWorld ======
             eBremSB : Emin=    0 eV  Emax=    1 GeV  ModifiedTsai
            eBremLPM : Emin=    1 GeV Emax=  100 TeV  ModifiedTsai

CoulombScat:  for e- XStype:1 SubType=1 BuildTable=1
      Lambda table from 100 MeV to 100 TeV, 7 bins/decade, spline: 0
      ThetaMin(p) < Theta(degree) < 180, pLimit(GeV^1)= 0.139531
      ===== EM models for the G4Region  DefaultRegionForTheWorld ======
  eCoulombScattering : Emin=  100 MeV Emax=  100 TeV

msc:  for e+  SubType= 10
      ===== EM models for the G4Region  DefaultRegionForTheWorld ======
            UrbanMsc : Emin=    0 eV  Emax=  100 MeV Nbins=42 100 eV  - 100 MeV
          StepLim=UseSafety Rfact=0.04 Gfact=2.5 Sfact=0.6 DispFlag:1 Skin=1 Llim=1 mm
        WentzelVIUni : Emin=  100 MeV Emax=  100 TeV Nbins=42 100 MeV - 100 TeV
          StepLim=UseSafety Rfact=0.04 Gfact=2.5 Sfact=0.6 DispFlag:1 Skin=1 Llim=1 mm

eIoni:  for e+  XStype:3  SubType=2
      dE/dx and range tables from 100 eV  to 100 TeV in 84 bins
      Lambda tables from threshold to 100 TeV, 7 bins/decade, spline: 1
      StepFunction=(0.2, 1 mm), integ: 3, fluct: 1, linLossLim= 0.01
      ===== EM models for the G4Region  DefaultRegionForTheWorld ======
        MollerBhabha : Emin=    0 eV  Emax=  100 TeV

eBrem:  for e+  XStype:4  SubType=3
      dE/dx and range tables from 100 eV  to 100 TeV in 84 bins
      Lambda tables from threshold to 100 TeV, 7 bins/decade, spline: 1
      LPM flag: 1 for E > 1 GeV,  VertexHighEnergyTh(GeV)= 100000
      ===== EM models for the G4Region  DefaultRegionForTheWorld ======
             eBremSB : Emin=    0 eV  Emax=    1 GeV  ModifiedTsai
            eBremLPM : Emin=    1 GeV Emax=  100 TeV  ModifiedTsai

annihil:  for e+ XStype:2 SubType=5 AtRestModel:Simple BuildTable=0
      ===== EM models for the G4Region  DefaultRegionForTheWorld ======
            eplus2gg : Emin=    0 eV  Emax=  100 TeV

CoulombScat:  for e+ XStype:1 SubType=1 BuildTable=1
      Lambda table from 100 MeV to 100 TeV, 7 bins/decade, spline: 0
      ThetaMin(p) < Theta(degree) < 180, pLimit(GeV^1)= 0.139531
      ===== EM models for the G4Region  DefaultRegionForTheWorld ======
  eCoulombScattering : Emin=  100 MeV Emax=  100 TeV

msc:  for proton  SubType= 10
      ===== EM models for the G4Region  DefaultRegionForTheWorld ======
        WentzelVIUni : Emin=    0 eV  Emax=  100 TeV Nbins=84 100 eV  - 100 TeV
          StepLim=Minimal Rfact=0.2 Gfact=2.5 Sfact=0.6 DispFlag:0 Skin=1 Llim=1 mm

hIoni:  for proton  XStype:3  SubType=2
      dE/dx and range tables from 100 eV  to 100 TeV in 84 bins
      Lambda tables from threshold to 100 TeV, 7 bins/decade, spline: 1
      StepFunction=(0.2, 0.1 mm), integ: 3, fluct: 1, linLossLim= 0.01
      ===== EM models for the G4Region  DefaultRegionForTheWorld ======
               Bragg : Emin=    0 eV  Emax=    2 MeV
          BetheBloch : Emin=    2 MeV Emax=  100 TeV

hBrems:  for proton  XStype:1  SubType=3
      dE/dx and range tables from 100 eV  to 100 TeV in 84 bins
      Lambda tables from threshold to 100 TeV, 7 bins/decade, spline: 1
      ===== EM models for the G4Region  DefaultRegionForTheWorld ======
               hBrem : Emin=    0 eV  Emax=  100 TeV  ModifiedMephi

hPairProd:  for proton  XStype:1  SubType=4
      dE/dx and range tables from 100 eV  to 100 TeV in 84 bins
      Lambda tables from threshold to 100 TeV, 7 bins/decade, spline: 1
      Sampling table 17x1001; from 7.50618 GeV to 100 TeV 
      ===== EM models for the G4Region  DefaultRegionForTheWorld ======
           hPairProd : Emin=    0 eV  Emax=  100 TeV  ModifiedMephi

CoulombScat:  for proton XStype:1 SubType=1 BuildTable=1
      Lambda table from threshold  to 100 TeV, 7 bins/decade, spline: 0
      ThetaMin(p) < Theta(degree) < 180, pLimit(GeV^1)= 0.139531
      ===== EM models for the G4Region  DefaultRegionForTheWorld ======
  eCoulombScattering : Emin=    0 eV  Emax=  100 TeV

msc:  for GenericIon  SubType= 10
      ===== EM models for the G4Region  DefaultRegionForTheWorld ======
            UrbanMsc : Emin=    0 eV  Emax=  100 TeV
          StepLim=Minimal Rfact=0.2 Gfact=2.5 Sfact=0.6 DispFlag:0 Skin=1 Llim=1 mm

ionIoni:  for GenericIon  XStype:3  SubType=2
      dE/dx and range tables from 100 eV  to 100 TeV in 84 bins
      Lambda tables from threshold to 100 TeV, 7 bins/decade, spline: 1
      StepFunction=(0.2, 0.1 mm), integ: 3, fluct: 1, linLossLim= 0.02
      ===== EM models for the G4Region  DefaultRegionForTheWorld ======
               Bragg : Emin=    0 eV  Emax=    2 MeV
          BetheBloch : Emin=    2 MeV Emax=  100 TeV

msc:  for alpha  SubType= 10
      ===== EM models for the G4Region  DefaultRegionForTheWorld ======
            UrbanMsc : Emin=    0 eV  Emax=  100 TeV
          StepLim=Minimal Rfact=0.2 Gfact=2.5 Sfact=0.6 DispFlag:0 Skin=1 Llim=1 mm

ionIoni:  for alpha  XStype:3  SubType=2
      dE/dx and range tables from 100 eV  to 100 TeV in 84 bins
      Lambda tables from threshold to 100 TeV, 7 bins/decade, spline: 1
      StepFunction=(0.2, 0.1 mm), integ: 3, fluct: 1, linLossLim= 0.02
      ===== EM models for the G4Region  DefaultRegionForTheWorld ======
            BraggIon : Emin=    0 eV  Emax=7.9452 MeV
          BetheBloch : Emin=7.9452 MeV Emax=  100 TeV

msc:  for anti_proton  SubType= 10
      ===== EM models for the G4Region  DefaultRegionForTheWorld ======
        WentzelVIUni : Emin=    0 eV  Emax=  100 TeV Nbins=84 100 eV  - 100 TeV
          StepLim=Minimal Rfact=0.2 Gfact=2.5 Sfact=0.6 DispFlag:0 Skin=1 Llim=1 mm

hIoni:  for anti_proton  XStype:3  SubType=2
      dE/dx and range tables from 100 eV  to 100 TeV in 84 bins
      Lambda tables from threshold to 100 TeV, 7 bins/decade, spline: 1
      StepFunction=(0.2, 0.1 mm), integ: 3, fluct: 1, linLossLim= 0.01
      ===== EM models for the G4Region  DefaultRegionForTheWorld ======
            ICRU73QO : Emin=    0 eV  Emax=    2 MeV
          BetheBloch : Emin=    2 MeV Emax=  100 TeV

hBrems:  for anti_proton  XStype:1  SubType=3
      dE/dx and range tables from 100 eV  to 100 TeV in 84 bins
      Lambda tables from threshold to 100 TeV, 7 bins/decade, spline: 1
      ===== EM models for the G4Region  DefaultRegionForTheWorld ======
               hBrem : Emin=    0 eV  Emax=  100 TeV  ModifiedMephi

hPairProd:  for anti_proton  XStype:1  SubType=4
      dE/dx and range tables from 100 eV  to 100 TeV in 84 bins
      Lambda tables from threshold to 100 TeV, 7 bins/decade, spline: 1
      Sampling table 17x1001; from 7.50618 GeV to 100 TeV 
      ===== EM models for the G4Region  DefaultRegionForTheWorld ======
           hPairProd : Emin=    0 eV  Emax=  100 TeV  ModifiedMephi

CoulombScat:  for anti_proton XStype:1 SubType=1 BuildTable=1
      Lambda table from threshold  to 100 TeV, 7 bins/decade, spline: 0
      ThetaMin(p) < Theta(degree) < 180, pLimit(GeV^1)= 0.139531
      ===== EM models for the G4Region  DefaultRegionForTheWorld ======
  eCoulombScattering : Emin=    0 eV  Emax=  100 TeV

msc:  for kaon+  SubType= 10
      ===== EM models for the G4Region  DefaultRegionForTheWorld ======
        WentzelVIUni : Emin=    0 eV  Emax=  100 TeV Nbins=84 100 eV  - 100 TeV
          StepLim=Minimal Rfact=0.2 Gfact=2.5 Sfact=0.6 DispFlag:0 Skin=1 Llim=1 mm

hIoni:  for kaon+  XStype:3  SubType=2
      dE/dx and range tables from 100 eV  to 100 TeV in 84 bins
      Lambda tables from threshold to 100 TeV, 7 bins/decade, spline: 1
      StepFunction=(0.2, 0.1 mm), integ: 3, fluct: 1, linLossLim= 0.01
      ===== EM models for the G4Region  DefaultRegionForTheWorld ======
               Bragg : Emin=    0 eV  Emax=1.05231 MeV
          BetheBloch : Emin=1.05231 MeV Emax=  100 TeV

hBrems:  for kaon+  XStype:1  SubType=3
      dE/dx and range tables from 100 eV  to 100 TeV in 84 bins
      Lambda tables from threshold to 100 TeV, 7 bins/decade, spline: 1
      ===== EM models for the G4Region  DefaultRegionForTheWorld ======
               hBrem : Emin=    0 eV  Emax=  100 TeV  ModifiedMephi

hPairProd:  for kaon+  XStype:1  SubType=4
      dE/dx and range tables from 100 eV  to 100 TeV in 84 bins
      Lambda tables from threshold to 100 TeV, 7 bins/decade, spline: 1
      Sampling table 18x1001; from 3.94942 GeV to 100 TeV 
      ===== EM models for the G4Region  DefaultRegionForTheWorld ======
           hPairProd : Emin=    0 eV  Emax=  100 TeV  ModifiedMephi

CoulombScat:  for kaon+ XStype:1 SubType=1 BuildTable=1
      Lambda table from threshold  to 100 TeV, 7 bins/decade, spline: 0
      ThetaMin(p) < Theta(degree) < 180, pLimit(GeV^1)= 0.139531
      ===== EM models for the G4Region  DefaultRegionForTheWorld ======
  eCoulombScattering : Emin=    0 eV  Emax=  100 TeV

msc:  for kaon-  SubType= 10
      ===== EM models for the G4Region  DefaultRegionForTheWorld ======
        WentzelVIUni : Emin=    0 eV  Emax=  100 TeV Nbins=84 100 eV  - 100 TeV
          StepLim=Minimal Rfact=0.2 Gfact=2.5 Sfact=0.6 DispFlag:0 Skin=1 Llim=1 mm

hIoni:  for kaon-  XStype:3  SubType=2
      dE/dx and range tables from 100 eV  to 100 TeV in 84 bins
      Lambda tables from threshold to 100 TeV, 7 bins/decade, spline: 1
      StepFunction=(0.2, 0.1 mm), integ: 3, fluct: 1, linLossLim= 0.01
      ===== EM models for the G4Region  DefaultRegionForTheWorld ======
            ICRU73QO : Emin=    0 eV  Emax=1.05231 MeV
          BetheBloch : Emin=1.05231 MeV Emax=  100 TeV

hBrems:  for kaon-  XStype:1  SubType=3
      dE/dx and range tables from 100 eV  to 100 TeV in 84 bins
      Lambda tables from threshold to 100 TeV, 7 bins/decade, spline: 1
      ===== EM models for the G4Region  DefaultRegionForTheWorld ======
               hBrem : Emin=    0 eV  Emax=  100 TeV  ModifiedMephi

hPairProd:  for kaon-  XStype:1  SubType=4
      dE/dx and range tables from 100 eV  to 100 TeV in 84 bins
      Lambda tables from threshold to 100 TeV, 7 bins/decade, spline: 1
      Sampling table 18x1001; from 3.94942 GeV to 100 TeV 
      ===== EM models for the G4Region  DefaultRegionForTheWorld ======
           hPairProd : Emin=    0 eV  Emax=  100 TeV  ModifiedMephi

CoulombScat:  for kaon- XStype:1 SubType=1 BuildTable=1
      Used Lambda table of kaon+
      ThetaMin(p) < Theta(degree) < 180, pLimit(GeV^1)= 0.139531
      ===== EM models for the G4Region  DefaultRegionForTheWorld ======
  eCoulombScattering : Emin=    0 eV  Emax=  100 TeV

msc:  for mu+  SubType= 10
      ===== EM models for the G4Region  DefaultRegionForTheWorld ======
        WentzelVIUni : Emin=    0 eV  Emax=  100 TeV Nbins=84 100 eV  - 100 TeV
          StepLim=Minimal Rfact=0.2 Gfact=2.5 Sfact=0.6 DispFlag:0 Skin=1 Llim=1 mm

muIoni:  for mu+  XStype:3  SubType=2
      dE/dx and range tables from 100 eV  to 100 TeV in 84 bins
      Lambda tables from threshold to 100 TeV, 7 bins/decade, spline: 1
      StepFunction=(0.2, 0.1 mm), integ: 3, fluct: 1, linLossLim= 0.01
      ===== EM models for the G4Region  DefaultRegionForTheWorld ======
               Bragg : Emin=    0 eV  Emax=  200 keV
        MuBetheBloch : Emin=  200 keV Emax=  100 TeV

muBrems:  for mu+  XStype:1  SubType=3
      dE/dx and range tables from 100 eV  to 100 TeV in 84 bins
      Lambda tables from threshold to 100 TeV, 7 bins/decade, spline: 1
      ===== EM models for the G4Region  DefaultRegionForTheWorld ======
              MuBrem : Emin=    0 eV  Emax=  100 TeV  ModifiedMephi

muPairProd:  for mu+  XStype:1  SubType=4
      dE/dx and range tables from 100 eV  to 100 TeV in 84 bins
      Lambda tables from threshold to 100 TeV, 7 bins/decade, spline: 1
      Sampling table 21x1001; from 0.85 GeV to 100 TeV 
      ===== EM models for the G4Region  DefaultRegionForTheWorld ======
          muPairProd : Emin=    0 eV  Emax=  100 TeV  ModifiedMephi

CoulombScat:  for mu+ XStype:1 SubType=1 BuildTable=1
      Lambda table from threshold  to 100 TeV, 7 bins/decade, spline: 0
      ThetaMin(p) < Theta(degree) < 180, pLimit(GeV^1)= 0.139531
      ===== EM models for the G4Region  DefaultRegionForTheWorld ======
  eCoulombScattering : Emin=    0 eV  Emax=  100 TeV

msc:  for mu-  SubType= 10
      ===== EM models for the G4Region  DefaultRegionForTheWorld ======
        WentzelVIUni : Emin=    0 eV  Emax=  100 TeV Nbins=84 100 eV  - 100 TeV
          StepLim=Minimal Rfact=0.2 Gfact=2.5 Sfact=0.6 DispFlag:0 Skin=1 Llim=1 mm

muIoni:  for mu-  XStype:3  SubType=2
      dE/dx and range tables from 100 eV  to 100 TeV in 84 bins
      Lambda tables from threshold to 100 TeV, 7 bins/decade, spline: 1
      StepFunction=(0.2, 0.1 mm), integ: 3, fluct: 1, linLossLim= 0.01
      ===== EM models for the G4Region  DefaultRegionForTheWorld ======
            ICRU73QO : Emin=    0 eV  Emax=  200 keV
        MuBetheBloch : Emin=  200 keV Emax=  100 TeV

muBrems:  for mu-  XStype:1  SubType=3
      dE/dx and range tables from 100 eV  to 100 TeV in 84 bins
      Lambda tables from threshold to 100 TeV, 7 bins/decade, spline: 1
      ===== EM models for the G4Region  DefaultRegionForTheWorld ======
              MuBrem : Emin=    0 eV  Emax=  100 TeV  ModifiedMephi

muPairProd:  for mu-  XStype:1  SubType=4
      dE/dx and range tables from 100 eV  to 100 TeV in 84 bins
      Lambda tables from threshold to 100 TeV, 7 bins/decade, spline: 1
      Sampling table 21x1001; from 0.85 GeV to 100 TeV 
      ===== EM models for the G4Region  DefaultRegionForTheWorld ======
          muPairProd : Emin=    0 eV  Emax=  100 TeV  ModifiedMephi

CoulombScat:  for mu- XStype:1 SubType=1 BuildTable=1
      Used Lambda table of mu+
      ThetaMin(p) < Theta(degree) < 180, pLimit(GeV^1)= 0.139531
      ===== EM models for the G4Region  DefaultRegionForTheWorld ======
  eCoulombScattering : Emin=    0 eV  Emax=  100 TeV

msc:  for pi+  SubType= 10
      ===== EM models for the G4Region  DefaultRegionForTheWorld ======
        WentzelVIUni : Emin=    0 eV  Emax=  100 TeV Nbins=84 100 eV  - 100 TeV
          StepLim=Minimal Rfact=0.2 Gfact=2.5 Sfact=0.6 DispFlag:0 Skin=1 Llim=1 mm

hIoni:  for pi+  XStype:3  SubType=2
      dE/dx and range tables from 100 eV  to 100 TeV in 84 bins
      Lambda tables from threshold to 100 TeV, 7 bins/decade, spline: 1
      StepFunction=(0.2, 0.1 mm), integ: 3, fluct: 1, linLossLim= 0.01
      ===== EM models for the G4Region  DefaultRegionForTheWorld ======
               Bragg : Emin=    0 eV  Emax=297.505 keV
          BetheBloch : Emin=297.505 keV Emax=  100 TeV

hBrems:  for pi+  XStype:1  SubType=3
      dE/dx and range tables from 100 eV  to 100 TeV in 84 bins
      Lambda tables from threshold to 100 TeV, 7 bins/decade, spline: 1
      ===== EM models for the G4Region  DefaultRegionForTheWorld ======
               hBrem : Emin=    0 eV  Emax=  100 TeV  ModifiedMephi

hPairProd:  for pi+  XStype:1  SubType=4
      dE/dx and range tables from 100 eV  to 100 TeV in 84 bins
      Lambda tables from threshold to 100 TeV, 7 bins/decade, spline: 1
      Sampling table 20x1001; from 1.11656 GeV to 100 TeV 
      ===== EM models for the G4Region  DefaultRegionForTheWorld ======
           hPairProd : Emin=    0 eV  Emax=  100 TeV  ModifiedMephi

CoulombScat:  for pi+ XStype:1 SubType=1 BuildTable=1
      Lambda table from threshold  to 100 TeV, 7 bins/decade, spline: 0
      ThetaMin(p) < Theta(degree) < 180, pLimit(GeV^1)= 0.139531
      ===== EM models for the G4Region  DefaultRegionForTheWorld ======
  eCoulombScattering : Emin=    0 eV  Emax=  100 TeV

msc:  for pi-  SubType= 10
      ===== EM models for the G4Region  DefaultRegionForTheWorld ======
        WentzelVIUni : Emin=    0 eV  Emax=  100 TeV Nbins=84 100 eV  - 100 TeV
          StepLim=Minimal Rfact=0.2 Gfact=2.5 Sfact=0.6 DispFlag:0 Skin=1 Llim=1 mm

hIoni:  for pi-  XStype:3  SubType=2
      dE/dx and range tables from 100 eV  to 100 TeV in 84 bins
      Lambda tables from threshold to 100 TeV, 7 bins/decade, spline: 1
      StepFunction=(0.2, 0.1 mm), integ: 3, fluct: 1, linLossLim= 0.01
      ===== EM models for the G4Region  DefaultRegionForTheWorld ======
            ICRU73QO : Emin=    0 eV  Emax=297.505 keV
          BetheBloch : Emin=297.505 keV Emax=  100 TeV

hBrems:  for pi-  XStype:1  SubType=3
      dE/dx and range tables from 100 eV  to 100 TeV in 84 bins
      Lambda tables from threshold to 100 TeV, 7 bins/decade, spline: 1
      ===== EM models for the G4Region  DefaultRegionForTheWorld ======
               hBrem : Emin=    0 eV  Emax=  100 TeV  ModifiedMephi

hPairProd:  for pi-  XStype:1  SubType=4
      dE/dx and range tables from 100 eV  to 100 TeV in 84 bins
      Lambda tables from threshold to 100 TeV, 7 bins/decade, spline: 1
      Sampling table 20x1001; from 1.11656 GeV to 100 TeV 
      ===== EM models for the G4Region  DefaultRegionForTheWorld ======
           hPairProd : Emin=    0 eV  Emax=  100 TeV  ModifiedMephi

CoulombScat:  for pi- XStype:1 SubType=1 BuildTable=1
      Used Lambda table of pi+
      ThetaMin(p) < Theta(degree) < 180, pLimit(GeV^1)= 0.139531
      ===== EM models for the G4Region  DefaultRegionForTheWorld ======
  eCoulombScattering : Emin=    0 eV  Emax=  100 TeV

====================================================================
                  HADRONIC PROCESSES SUMMARY (verbose level 1)
-----------------------------------------------------------------------
                           Hadronic Processes for neutron
  Process: hadElastic
        Model:             hElasticCHIPS: 0 eV  ---> 100 TeV
     Cr_sctns:        G4NeutronElasticXS: 0 eV  ---> 100 TeV
  Process: neutronInelastic
        Model:                      QGSP: 12 GeV ---> 100 TeV
        Model:                      FTFP: 3 GeV ---> 25 GeV
        Model:            Binary Cascade: 0 eV  ---> 6 GeV
     Cr_sctns:      G4NeutronInelasticXS: 0 eV  ---> 100 TeV
  Process: nCapture
        Model:               nRadCapture: 0 eV  ---> 100 TeV
     Cr_sctns:        G4NeutronCaptureXS: 0 eV  ---> 100 TeV
  Process: nKiller
-----------------------------------------------------------------------
                           Hadronic Processes for GenericIon
  Process: ionElastic
        Model:          NNDiffuseElastic: 0 eV /n ---> 100 TeV/n
     Cr_sctns:  Glauber-Gribov Nucl-nucl: 0 eV  ---> 25.6 PeV
  Process: ionInelastic
        Model:  Binary Light Ion Cascade: 0 eV /n ---> 6 GeV/n
        Model:                      FTFP: 3 GeV/n ---> 100 TeV/n
     Cr_sctns:  Glauber-Gribov Nucl-nucl: 0 eV  ---> 25.6 PeV
-----------------------------------------------------------------------
                           Hadronic Processes for He3
  Process: hadElastic
        Model:              hElasticLHEP: 0 eV /n ---> 100 TeV/n
     Cr_sctns:  Glauber-Gribov Nucl-nucl: 0 eV  ---> 25.6 PeV
  Process: He3Inelastic
        Model:  Binary Light Ion Cascade: 0 eV /n ---> 6 GeV/n
        Model:                      FTFP: 3 GeV/n ---> 100 TeV/n
     Cr_sctns:  Glauber-Gribov Nucl-nucl: 0 eV  ---> 25.6 PeV
-----------------------------------------------------------------------
                           Hadronic Processes for alpha
  Process: hadElastic
        Model:              hElasticLHEP: 0 eV /n ---> 100 TeV/n
     Cr_sctns:  Glauber-Gribov Nucl-nucl: 0 eV  ---> 25.6 PeV
  Process: alphaInelastic
        Model:  Binary Light Ion Cascade: 0 eV /n ---> 6 GeV/n
        Model:                      FTFP: 3 GeV/n ---> 100 TeV/n
     Cr_sctns:  Glauber-Gribov Nucl-nucl: 0 eV  ---> 25.6 PeV
-----------------------------------------------------------------------
                           Hadronic Processes for anti_He3
  Process: hadElastic
        Model:              hElasticLHEP: 0 eV /n ---> 100.1 MeV/n
        Model:              AntiAElastic: 100 MeV/n ---> 100 TeV/n
     Cr_sctns:              AntiAGlauber: 0 eV  ---> 25.6 PeV
  Process: anti_He3Inelastic
        Model:                      FTFP: 0 eV /n ---> 100 TeV/n
     Cr_sctns:              AntiAGlauber: 0 eV  ---> 25.6 PeV
  Process: hFritiofCaptureAtRest
-----------------------------------------------------------------------
                           Hadronic Processes for anti_alpha
  Process: hadElastic
        Model:              hElasticLHEP: 0 eV /n ---> 100.1 MeV/n
        Model:              AntiAElastic: 100 MeV/n ---> 100 TeV/n
     Cr_sctns:              AntiAGlauber: 0 eV  ---> 25.6 PeV
  Process: anti_alphaInelastic
        Model:                      FTFP: 0 eV /n ---> 100 TeV/n
     Cr_sctns:              AntiAGlauber: 0 eV  ---> 25.6 PeV
  Process: hFritiofCaptureAtRest
-----------------------------------------------------------------------
                           Hadronic Processes for anti_deuteron
  Process: hadElastic
        Model:              hElasticLHEP: 0 eV /n ---> 100.1 MeV/n
        Model:              AntiAElastic: 100 MeV/n ---> 100 TeV/n
     Cr_sctns:              AntiAGlauber: 0 eV  ---> 25.6 PeV
  Process: anti_deuteronInelastic
        Model:                      FTFP: 0 eV /n ---> 100 TeV/n
     Cr_sctns:              AntiAGlauber: 0 eV  ---> 25.6 PeV
  Process: hFritiofCaptureAtRest
-------------------------------------------------------------------------
                           Hadronic Processes for anti_hypertriton
  Process: hFritiofCaptureAtRest
-----------------------------------------------------------------------
                           Hadronic Processes for anti_lambda
  Process: hadElastic
        Model:              hElasticLHEP: 0 eV  ---> 100 TeV
     Cr_sctns:            Glauber-Gribov: 0 eV  ---> 100 TeV
  Process: anti_lambdaInelastic
        Model:                      QGSP: 12 GeV ---> 100 TeV
        Model:                      FTFP: 0 eV  ---> 25 GeV
     Cr_sctns:            Glauber-Gribov: 0 eV  ---> 100 TeV
  Process: hFritiofCaptureAtRest
-----------------------------------------------------------------------
                           Hadronic Processes for anti_neutron
  Process: hadElastic
        Model:              hElasticLHEP: 0 eV  ---> 100.1 MeV
        Model:              AntiAElastic: 100 MeV ---> 100 TeV
     Cr_sctns:              AntiAGlauber: 0 eV  ---> 25.6 PeV
  Process: anti_neutronInelastic
        Model:                      FTFP: 0 eV  ---> 100 TeV
     Cr_sctns:              AntiAGlauber: 0 eV  ---> 25.6 PeV
  Process: hFritiofCaptureAtRest
-----------------------------------------------------------------------
                           Hadronic Processes for anti_proton
  Process: hadElastic
        Model:              hElasticLHEP: 0 eV  ---> 100.1 MeV
        Model:              AntiAElastic: 100 MeV ---> 100 TeV
     Cr_sctns:              AntiAGlauber: 0 eV  ---> 25.6 PeV
  Process: anti_protonInelastic
        Model:                      FTFP: 0 eV  ---> 100 TeV
     Cr_sctns:              AntiAGlauber: 0 eV  ---> 25.6 PeV
  Process: hFritiofCaptureAtRest
-----------------------------------------------------------------------
                           Hadronic Processes for anti_triton
  Process: hadElastic
        Model:              hElasticLHEP: 0 eV /n ---> 100.1 MeV/n
        Model:              AntiAElastic: 100 MeV/n ---> 100 TeV/n
     Cr_sctns:              AntiAGlauber: 0 eV  ---> 25.6 PeV
  Process: anti_tritonInelastic
        Model:                      FTFP: 0 eV /n ---> 100 TeV/n
     Cr_sctns:              AntiAGlauber: 0 eV  ---> 25.6 PeV
  Process: hFritiofCaptureAtRest
-----------------------------------------------------------------------
                           Hadronic Processes for deuteron
  Process: hadElastic
        Model:              hElasticLHEP: 0 eV /n ---> 100 TeV/n
     Cr_sctns:  Glauber-Gribov Nucl-nucl: 0 eV  ---> 25.6 PeV
  Process: dInelastic
        Model:  Binary Light Ion Cascade: 0 eV /n ---> 6 GeV/n
        Model:                      FTFP: 3 GeV/n ---> 100 TeV/n
     Cr_sctns:  Glauber-Gribov Nucl-nucl: 0 eV  ---> 25.6 PeV
-----------------------------------------------------------------------
                           Hadronic Processes for e+
  Process: positronNuclear
        Model:   G4ElectroVDNuclearModel: 0 eV  ---> 1 PeV
     Cr_sctns:          ElectroNuclearXS: 0 eV  ---> 100 TeV
-----------------------------------------------------------------------
                           Hadronic Processes for e-
  Process: electronNuclear
        Model:   G4ElectroVDNuclearModel: 0 eV  ---> 1 PeV
     Cr_sctns:          ElectroNuclearXS: 0 eV  ---> 100 TeV
-----------------------------------------------------------------------
                           Hadronic Processes for gamma
  Process: photonNuclear
        Model:               GammaNPreco: 0 eV  ---> 200 MeV
        Model:            BertiniCascade: 199 MeV ---> 6 GeV
        Model:           TheoFSGenerator: 3 GeV ---> 100 TeV
     Cr_sctns:            GammaNuclearXS: 0 eV  ---> 100 TeV
-----------------------------------------------------------------------
                           Hadronic Processes for kaon+
  Process: hadElastic
        Model:              hElasticLHEP: 0 eV  ---> 100 TeV
     Cr_sctns:            Glauber-Gribov: 0 eV  ---> 100 TeV
  Process: kaon+Inelastic
        Model:                      QGSP: 12 GeV ---> 100 TeV
        Model:                      FTFP: 3 GeV ---> 25 GeV
        Model:            BertiniCascade: 0 eV  ---> 6 GeV
     Cr_sctns:            Glauber-Gribov: 0 eV  ---> 100 TeV
-----------------------------------------------------------------------
                           Hadronic Processes for kaon-
  Process: hadElastic
        Model:              hElasticLHEP: 0 eV  ---> 100 TeV
     Cr_sctns:            Glauber-Gribov: 0 eV  ---> 100 TeV
  Process: kaon-Inelastic
        Model:                      QGSP: 12 GeV ---> 100 TeV
        Model:                      FTFP: 3 GeV ---> 25 GeV
        Model:            BertiniCascade: 0 eV  ---> 6 GeV
     Cr_sctns:            Glauber-Gribov: 0 eV  ---> 100 TeV
  Process: hBertiniCaptureAtRest
-----------------------------------------------------------------------
                           Hadronic Processes for lambda
  Process: hadElastic
        Model:              hElasticLHEP: 0 eV  ---> 100 TeV
     Cr_sctns:            Glauber-Gribov: 0 eV  ---> 100 TeV
  Process: lambdaInelastic
        Model:                      QGSP: 12 GeV ---> 100 TeV
        Model:                      FTFP: 3 GeV ---> 25 GeV
        Model:            BertiniCascade: 0 eV  ---> 6 GeV
     Cr_sctns:            Glauber-Gribov: 0 eV  ---> 100 TeV
-----------------------------------------------------------------------
                           Hadronic Processes for mu+
  Process: muonNuclear
        Model:      G4MuonVDNuclearModel: 0 eV  ---> 1 PeV
     Cr_sctns:     KokoulinMuonNuclearXS: 0 eV  ---> 100 TeV
-----------------------------------------------------------------------
                           Hadronic Processes for mu-
  Process: muonNuclear
        Model:      G4MuonVDNuclearModel: 0 eV  ---> 1 PeV
     Cr_sctns:     KokoulinMuonNuclearXS: 0 eV  ---> 100 TeV
  Process: muMinusCaptureAtRest
-----------------------------------------------------------------------
                           Hadronic Processes for pi+
  Process: hadElastic
        Model:           hElasticGlauber: 0 eV  ---> 100 TeV
     Cr_sctns:  BarashenkovGlauberGribov: 0 eV  ---> 100 TeV
  Process: pi+Inelastic
        Model:                      QGSP: 12 GeV ---> 100 TeV
        Model:                      FTFP: 3 GeV ---> 25 GeV
        Model:            BertiniCascade: 0 eV  ---> 6 GeV
     Cr_sctns:  BarashenkovGlauberGribov: 0 eV  ---> 100 TeV
-----------------------------------------------------------------------
                           Hadronic Processes for pi-
  Process: hadElastic
        Model:           hElasticGlauber: 0 eV  ---> 100 TeV
     Cr_sctns:  BarashenkovGlauberGribov: 0 eV  ---> 100 TeV
  Process: pi-Inelastic
        Model:                      QGSP: 12 GeV ---> 100 TeV
        Model:                      FTFP: 3 GeV ---> 25 GeV
        Model:            BertiniCascade: 0 eV  ---> 6 GeV
     Cr_sctns:  BarashenkovGlauberGribov: 0 eV  ---> 100 TeV
  Process: hBertiniCaptureAtRest
-----------------------------------------------------------------------
                           Hadronic Processes for proton
  Process: hadElastic
        Model:             hElasticCHIPS: 0 eV  ---> 100 TeV
     Cr_sctns:  BarashenkovGlauberGribov: 0 eV  ---> 100 TeV
  Process: protonInelastic
        Model:                      QGSP: 12 GeV ---> 100 TeV
        Model:                      FTFP: 3 GeV ---> 25 GeV
        Model:            Binary Cascade: 0 eV  ---> 6 GeV
     Cr_sctns:  BarashenkovGlauberGribov: 0 eV  ---> 100 TeV
-----------------------------------------------------------------------
                           Hadronic Processes for sigma-
  Process: hadElastic
        Model:              hElasticLHEP: 0 eV  ---> 100 TeV
     Cr_sctns:            Glauber-Gribov: 0 eV  ---> 100 TeV
  Process: sigma-Inelastic
        Model:                      QGSP: 12 GeV ---> 100 TeV
        Model:                      FTFP: 3 GeV ---> 25 GeV
        Model:            BertiniCascade: 0 eV  ---> 6 GeV
     Cr_sctns:            Glauber-Gribov: 0 eV  ---> 100 TeV
  Process: hBertiniCaptureAtRest
-----------------------------------------------------------------------
                           Hadronic Processes for triton
  Process: hadElastic
        Model:              hElasticLHEP: 0 eV /n ---> 100 TeV/n
     Cr_sctns:  Glauber-Gribov Nucl-nucl: 0 eV  ---> 25.6 PeV
  Process: tInelastic
        Model:  Binary Light Ion Cascade: 0 eV /n ---> 6 GeV/n
        Model:                      FTFP: 3 GeV/n ---> 100 TeV/n
     Cr_sctns:  Glauber-Gribov Nucl-nucl: 0 eV  ---> 25.6 PeV
=======================================================================
======       Geant4 Native Pre-compound Model Parameters       ========
=======================================================================
Type of pre-compound inverse x-section              1
Pre-compound model active                           1
Pre-compound excitation low energy                  100 keV
Pre-compound excitation high energy                 30 MeV
Angular generator for pre-compound model            1
Use NeverGoBack option for pre-compound model       0
Use SoftCutOff option for pre-compound model        0
Use CEM transitions for pre-compound model          1
Use GNASH transitions for pre-compound model        0
Use HETC submodel for pre-compound model            0
=======================================================================
======       Nuclear De-excitation Module Parameters           ========
=======================================================================
Type of de-excitation inverse x-section             3
Type of de-excitation factory                       Evaporation+GEM
Number of de-excitation channels                    68
Min excitation energy                               10 eV 
Min energy per nucleon for multifragmentation       200 GeV
Limit excitation energy for Fermi BreakUp           20 MeV
Level density (1/MeV)                               0.075
Use simple level density model                      1
Use discrete excitation energy of the residual      0
Time limit for long lived isomeres                  1 ns 
Isomer production flag                              1
Internal e- conversion flag                         1
Store e- internal conversion data                   1
Correlated gamma emission flag                      0
Max 2J for sampling of angular correlations         10
=======================================================================

=========================================================================
--> G4TaskRunManager::CreateAndStartWorkers() --> Initializing workers...
=========================================================================

SIPM_CONFIG cells=3600 cells_x=60 cells_y=60 active_mm=3x3 recovery_ns=30 dcr_hz=500000 dark_enabled=1 crosstalk=0.03 afterpulse_fast=0.01 window_start_ns=-20 window_end_ns=250 sample_dt_ns=0.5 adc_bits=12 adc_lsb_pe=0.01 baseline_adc=200 overvoltage_V=3 temperature_C=25 trigger_recovery_model=EXPONENTIAL gain_recovery_model=EXPONENTIAL_H1_SHARED
SIPM_CONFIG cells=3600 cells_x=60 cells_y=60 active_mm=3x3 recovery_ns=30 dcr_hz=500000 dark_enabled=1 crosstalk=0.03 afterpulse_fast=0.01 window_start_ns=-20 window_end_ns=250 sample_dt_ns=0.5 adc_bits=12 adc_lsb_pe=0.01 baseline_adc=200 overvoltage_V=3 temperature_C=25 trigger_recovery_model=EXPONENTIAL gain_recovery_model=EXPONENTIAL_H1_SHARED
SIPM_CONFIG cells=3600 cells_x=60 cells_y=60 active_mm=3x3 recovery_ns=30 dcr_hz=500000 dark_enabled=1 crosstalk=0.03 afterpulse_fast=0.01 window_start_ns=-20 window_end_ns=250 sample_dt_ns=0.5 adc_bits=12 adc_lsb_pe=0.01 baseline_adc=200 overvoltage_V=3 temperature_C=25 trigger_recovery_model=EXPONENTIAL gain_recovery_model=EXPONENTIAL_H1_SHARED
SIPM_CONFIG cells=3600 cells_x=60 cells_y=60 active_mm=3x3 recovery_ns=30 dcr_hz=500000 dark_enabled=1 crosstalk=0.03 afterpulse_fast=0.01 window_start_ns=-20 window_end_ns=250 sample_dt_ns=0.5 adc_bits=12 adc_lsb_pe=0.01 baseline_adc=200 overvoltage_V=3 temperature_C=25 trigger_recovery_model=EXPONENTIAL gain_recovery_model=EXPONENTIAL_H1_SHARED
CCB_NEUTRON_TIMECUT policy_id=pin_qgsp_bic_default_10us time_cut_us=10 status=PINNED_REFERENCE_DEFAULT
RUN_CONFIG particle=deuteron KE_MeV=70 nevents=2000 threads_requested=4 threads_effective=4 g4_force_threads=unset seed=1 hit_x_cm=0 hit_y_cm=0 theta_deg=0 phi_deg=0 allow_miss=0 birks_kB=0.126 quenching_model_id=birks_geant4 quenching_model_status=HYPOTHESIS quenching_claims_authorized=false production_cut_mm=0.1 physics_list=QGSP_BIC neutron_timecut_policy_id=pin_qgsp_bic_default_10us neutron_time_cut_us=10 neutron_tracking_time_cut_configured=1 reflectivity_scale=1 attenuation_scale(deprecated)=1 scintillator_absorption_scale=1 y11_bulk_attenuation_scale=1 pde_scale=1 collection_efficiency=1 optical_interface_model=UNKNOWN_EXTERNAL far_end=instrumented wls_time_profile=exponential mode=optical optical_dir=/projects/hep/fs10/shared/nnbar/billy/ccb-wt-1303/geant4/single_stave/build/optical strict_optical=1 output=/projects/hep/fs10/shared/nnbar/billy/ccb-wt-1303/geant4/results/1303_grid_regen_v2/stave_deuteron_70MeV_x0_y0_th0_ph0_s1.root gpu_optical=0 optical_out= dump_gdml= geometry_hash=e323b92195f9a6288944f0738dbadccf9386422f076362ca172fd0b6d119d1e1

==========================================================================================
--> G4TaskRunManager::CreateAndStartWorkers() --> Creating 45 tasks with 44 events/task...
==========================================================================================

SIPM_ARRIVALS event=132 total=5807
SIPM_ADC event=132 readout=3895 f1far=3895 f2near=3895 f2far=3895
SIPM_ARRIVALS event=88 total=5865
SIPM_ADC event=88 readout=3895 f1far=3895 f2near=3895 f2far=3895
SIPM_ARRIVALS event=0 total=6036
SIPM_ADC event=0 readout=3895 f1far=3895 f2near=3895 f2far=3895
SIPM_ARRIVALS event=44 total=5877
SIPM_ADC event=44 readout=3895 f1far=3895 f2near=3895 f2far=3895
SIPM_ARRIVALS event=133 total=5939
SIPM_ADC event=133 readout=3895 f1far=3895 f2near=3895 f2far=3895
SIPM_ARRIVALS event=1 total=5788
SIPM_ADC event=1 readout=3895 f1far=3895 f2near=3895 f2far=3895
SIPM_ARRIVALS event=45 total=5927
SIPM_ADC event=45 readout=3895 f1far=3895 f2near=3895 f2far=3895
SIPM_ARRIVALS event=2 total=5950
SIPM_ADC event=2 readout=3895 f1far=3895 f2near=3895 f2far=3895
SIPM_ARRIVALS event=89 total=5959
SIPM_ADC event=89 readout=3895 f1far=3895 f2near=3895 f2far=3895
SIPM_ARRIVALS event=134 total=5871
SIPM_ADC event=134 readout=3895 f1far=3895 f2near=3895 f2far=3895
SIPM_ARRIVALS event=46 total=5747
SIPM_ADC event=46 readout=3895 f1far=3895 f2near=3895 f2far=3895
SIPM_ARRIVALS event=3 total=5819
SIPM_ADC event=3 readout=3895 f1far=3895 f2near=3895 f2far=3895
SIPM_ARRIVALS event=135 total=4220
SIPM_ADC event=135 readout=3895 f1far=3895 f2near=3895 f2far=3895
SIPM_ARRIVALS event=47 total=5837
SIPM_ADC event=47 readout=3895 f1far=3895 f2near=3895 f2far=3895
SIPM_ARRIVALS event=4 total=5803
SIPM_ADC event=4 readout=3895 f1far=3895 f2near=3895 f2far=3895
SIPM_ARRIVALS event=90 total=5959
SIPM_ADC event=90 readout=3895 f1far=3895 f2near=3895 f2far=3895
SIPM_ARRIVALS event=48 total=5681
SIPM_ADC event=48 readout=3895 f1far=3895 f2near=3895 f2far=3895
SIPM_ARRIVALS event=5 total=5588
SIPM_ADC event=5 readout=3895 f1far=3895 f2near=3895 f2far=3895
SIPM_ARRIVALS event=136 total=5779
SIPM_ADC event=136 readout=3895 f1far=3895 f2near=3895 f2far=3895
SIPM_ARRIVALS event=91 total=5912
SIPM_ADC event=91 readout=3895 f1far=3895 f2near=3895 f2far=3895
SIPM_ARRIVALS event=49 total=5773
SIPM_ADC event=49 readout=3895 f1far=3895 f2near=3895 f2far=3895
SIPM_ARRIVALS event=6 total=5815
SIPM_ADC event=6 readout=3895 f1far=3895 f2near=3895 f2far=3895
SIPM_ARRIVALS event=137 total=5731
SIPM_ADC event=137 readout=3895 f1far=3895 f2near=3895 f2far=3895
SIPM_ARRIVALS event=92 total=5748
SIPM_ADC event=92 readout=3895 f1far=3895 f2near=3895 f2far=3895
SIPM_ARRIVALS event=50 total=5859
SIPM_ADC event=50 readout=3895 f1far=3895 f2near=3895 f2far=3895
SIPM_ARRIVALS event=7 total=6041
SIPM_ADC event=7 readout=3895 f1far=3895 f2near=3895 f2far=3895
SIPM_ARRIVALS event=138 total=5867
SIPM_ADC event=138 readout=3895 f1far=3895 f2near=3895 f2far=3895
SIPM_ARRIVALS event=93 total=5745
SIPM_ADC event=93 readout=3895 f1far=3895 f2near=3895 f2far=3895
SIPM_ARRIVALS event=51 total=5828
SIPM_ADC event=51 readout=3895 f1far=3895 f2near=3895 f2far=3895
SIPM_ARRIVALS event=8 total=6020
SIPM_ADC event=8 readout=3895 f1far=3895 f2near=3895 f2far=3895
SIPM_ARRIVALS event=52 total=5898
SIPM_ADC event=52 readout=3895 f1far=3895 f2near=3895 f2far=3895
SIPM_ARRIVALS event=139 total=5934
SIPM_ADC event=139 readout=3895 f1far=3895 f2near=3895 f2far=3895
SIPM_ARRIVALS event=9 total=5881
SIPM_ADC event=9 readout=3895 f1far=3895 f2near=3895 f2far=3895
SIPM_ARRIVALS event=94 total=5901
SIPM_ADC event=94 readout=3895 f1far=3895 f2near=3895 f2far=3895
SIPM_ARRIVALS event=53 total=5894
SIPM_ADC event=53 readout=3895 f1far=3895 f2near=3895 f2far=3895
SIPM_ARRIVALS event=10 total=5861
SIPM_ADC event=10 readout=3895 f1far=3895 f2near=3895 f2far=3895
SIPM_ARRIVALS event=54 total=5787
SIPM_ADC event=54 readout=3895 f1far=3895 f2near=3895 f2far=3895
SIPM_ARRIVALS event=140 total=5704
SIPM_ADC event=140 readout=3895 f1far=3895 f2near=3895 f2far=3895
SIPM_ARRIVALS event=11 total=5825
SIPM_ADC event=11 readout=3895 f1far=3895 f2near=3895 f2far=3895
SIPM_ARRIVALS event=95 total=5934
SIPM_ADC event=95 readout=3895 f1far=3895 f2near=3895 f2far=3895
SIPM_ARRIVALS event=12 total=5893
SIPM_ADC event=12 readout=3895 f1far=3895 f2near=3895 f2far=3895
SIPM_ARRIVALS event=141 total=5436
SIPM_ADC event=141 readout=3895 f1far=3895 f2near=3895 f2far=3895
SIPM_ARRIVALS event=55 total=5922
SIPM_ADC event=55 readout=3895 f1far=3895 f2near=3895 f2far=3895
SIPM_ARRIVALS event=13 total=5917
SIPM_ADC event=13 readout=3895 f1far=3895 f2near=3895 f2far=3895
SIPM_ARRIVALS event=14 total=5841
SIPM_ADC event=14 readout=3895 f1far=3895 f2near=3895 f2far=3895
SIPM_ARRIVALS event=96 total=5867
SIPM_ADC event=96 readout=3895 f1far=3895 f2near=3895 f2far=3895
SIPM_ARRIVALS event=15 total=5822
SIPM_ADC event=15 readout=3895 f1far=3895 f2near=3895 f2far=3895
SIPM_ARRIVALS event=142 total=5758
SIPM_ADC event=142 readout=3895 f1far=3895 f2near=3895 f2far=3895
SIPM_ARRIVALS event=56 total=6002
SIPM_ADC event=56 readout=3895 f1far=3895 f2near=3895 f2far=3895
SIPM_ARRIVALS event=97 total=5932
SIPM_ADC event=97 readout=3895 f1far=3895 f2near=3895 f2far=3895
SIPM_ARRIVALS event=16 total=5955
SIPM_ADC event=16 readout=3895 f1far=3895 f2near=3895 f2far=3895
SIPM_ARRIVALS event=143 total=5907
SIPM_ADC event=143 readout=3895 f1far=3895 f2near=3895 f2far=3895
SIPM_ARRIVALS event=57 total=5917
SIPM_ADC event=57 readout=3895 f1far=3895 f2near=3895 f2far=3895
SIPM_ARRIVALS event=98 total=5886
SIPM_ADC event=98 readout=3895 f1far=3895 f2near=3895 f2far=3895
SIPM_ARRIVALS event=17 total=5811
SIPM_ADC event=17 readout=3895 f1far=3895 f2near=3895 f2far=3895
SIPM_ARRIVALS event=144 total=5688
SIPM_ADC event=144 readout=3895 f1far=3895 f2near=3895 f2far=3895
SIPM_ARRIVALS event=58 total=5840
SIPM_ADC event=58 readout=3895 f1far=3895 f2near=3895 f2far=3895
SIPM_ARRIVALS event=99 total=5704
SIPM_ADC event=99 readout=3895 f1far=3895 f2near=3895 f2far=3895
SIPM_ARRIVALS event=18 total=5806
SIPM_ADC event=18 readout=3895 f1far=3895 f2near=3895 f2far=3895
SIPM_ARRIVALS event=145 total=6075
SIPM_ADC event=145 readout=3895 f1far=3895 f2near=3895 f2far=3895
SIPM_ARRIVALS event=59 total=6022
SIPM_ADC event=59 readout=3895 f1far=3895 f2near=3895 f2far=3895
SIPM_ARRIVALS event=100 total=5397
SIPM_ADC event=100 readout=3895 f1far=3895 f2near=3895 f2far=3895
SIPM_ARRIVALS event=19 total=5898
SIPM_ADC event=19 readout=3895 f1far=3895 f2near=3895 f2far=3895
SIPM_ARRIVALS event=146 total=5963
SIPM_ADC event=146 readout=3895 f1far=3895 f2near=3895 f2far=3895
SIPM_ARRIVALS event=60 total=5730
SIPM_ADC event=60 readout=3895 f1far=3895 f2near=3895 f2far=3895
SIPM_ARRIVALS event=101 total=5872
SIPM_ADC event=101 readout=3895 f1far=3895 f2near=3895 f2far=3895
SIPM_ARRIVALS event=20 total=5701
SIPM_ADC event=20 readout=3895 f1far=3895 f2near=3895 f2far=3895
SIPM_ARRIVALS event=147 total=5238
SIPM_ADC event=147 readout=3895 f1far=3895 f2near=3895 f2far=3895
SIPM_ARRIVALS event=61 total=5927
SIPM_ADC event=61 readout=3895 f1far=3895 f2near=3895 f2far=3895
SIPM_ARRIVALS event=102 total=5813
SIPM_ADC event=102 readout=3895 f1far=3895 f2near=3895 f2far=3895
SIPM_ARRIVALS event=21 total=5836
SIPM_ADC event=21 readout=3895 f1far=3895 f2near=3895 f2far=3895
SIPM_ARRIVALS event=103 total=5752
SIPM_ADC event=103 readout=3895 f1far=3895 f2near=3895 f2far=3895
SIPM_ARRIVALS event=148 total=5694
SIPM_ADC event=148 readout=3895 f1far=3895 f2near=3895 f2far=3895
SIPM_ARRIVALS event=22 total=5935
SIPM_ADC event=22 readout=3895 f1far=3895 f2near=3895 f2far=3895
SIPM_ARRIVALS event=62 total=5866
SIPM_ADC event=62 readout=3895 f1far=3895 f2near=3895 f2far=3895
SIPM_ARRIVALS event=104 total=5848
SIPM_ADC event=104 readout=3895 f1far=3895 f2near=3895 f2far=3895
SIPM_ARRIVALS event=23 total=5683
SIPM_ADC event=23 readout=3895 f1far=3895 f2near=3895 f2far=3895
SIPM_ARRIVALS event=105 total=5921
SIPM_ADC event=105 readout=3895 f1far=3895 f2near=3895 f2far=3895
SIPM_ARRIVALS event=149 total=5639
SIPM_ADC event=149 readout=3895 f1far=3895 f2near=3895 f2far=3895
SIPM_ARRIVALS event=24 total=5872
SIPM_ADC event=24 readout=3895 f1far=3895 f2near=3895 f2far=3895
SIPM_ARRIVALS event=106 total=5688
SIPM_ADC event=106 readout=3895 f1far=3895 f2near=3895 f2far=3895
SIPM_ARRIVALS event=63 total=6606
SIPM_ADC event=63 readout=3895 f1far=3895 f2near=3895 f2far=3895
SIPM_ARRIVALS event=25 total=5813
SIPM_ADC event=25 readout=3895 f1far=3895 f2near=3895 f2far=3895
SIPM_ARRIVALS event=107 total=5760
SIPM_ADC event=107 readout=3895 f1far=3895 f2near=3895 f2far=3895
SIPM_ARRIVALS event=150 total=5690
SIPM_ADC event=150 readout=3895 f1far=3895 f2near=3895 f2far=3895
SIPM_ARRIVALS event=26 total=5946
SIPM_ADC event=26 readout=3895 f1far=3895 f2near=3895 f2far=3895
SIPM_ARRIVALS event=108 total=5980
SIPM_ADC event=108 readout=3895 f1far=3895 f2near=3895 f2far=3895
SIPM_ARRIVALS event=64 total=5756
SIPM_ADC event=64 readout=3895 f1far=3895 f2near=3895 f2far=3895
SIPM_ARRIVALS event=27 total=5902
SIPM_ADC event=27 readout=3895 f1far=3895 f2near=3895 f2far=3895
SIPM_ARRIVALS event=151 total=5790
SIPM_ADC event=151 readout=3895 f1far=3895 f2near=3895 f2far=3895
SIPM_ARRIVALS event=109 total=5744
SIPM_ADC event=109 readout=3895 f1far=3895 f2near=3895 f2far=3895
SIPM_ARRIVALS event=65 total=5898
SIPM_ADC event=65 readout=3895 f1far=3895 f2near=3895 f2far=3895
SIPM_ARRIVALS event=28 total=5838
SIPM_ADC event=28 readout=3895 f1far=3895 f2near=3895 f2far=3895
SIPM_ARRIVALS event=152 total=5619
SIPM_ADC event=152 readout=3895 f1far=3895 f2near=3895 f2far=3895
SIPM_ARRIVALS event=66 total=5784
SIPM_ADC event=66 readout=3895 f1far=3895 f2near=3895 f2far=3895
SIPM_ARRIVALS event=110 total=7132
SIPM_ADC event=110 readout=3895 f1far=3895 f2near=3895 f2far=3895
SIPM_ARRIVALS event=29 total=5506
SIPM_ADC event=29 readout=3895 f1far=3895 f2near=3895 f2far=3895
SIPM_ARRIVALS event=67 total=6020
SIPM_ADC event=67 readout=3895 f1far=3895 f2near=3895 f2far=3895
SIPM_ARRIVALS event=153 total=5476
SIPM_ADC event=153 readout=3895 f1far=3895 f2near=3895 f2far=3895
SIPM_ARRIVALS event=111 total=6030
SIPM_ADC event=111 readout=3895 f1far=3895 f2near=3895 f2far=3895
SIPM_ARRIVALS event=68 total=5672
SIPM_ADC event=68 readout=3895 f1far=3895 f2near=3895 f2far=3895
SIPM_ARRIVALS event=112 total=5683
SIPM_ADC event=112 readout=3895 f1far=3895 f2near=3895 f2far=3895
SIPM_ARRIVALS event=154 total=4130
SIPM_ADC event=154 readout=3895 f1far=3895 f2near=3895 f2far=3895
SIPM_ARRIVALS event=30 total=6055
SIPM_ADC event=30 readout=3895 f1far=3895 f2near=3895 f2far=3895
SIPM_ARRIVALS event=69 total=5922
SIPM_ADC event=69 readout=3895 f1far=3895 f2near=3895 f2far=3895
SIPM_ARRIVALS event=113 total=5307
SIPM_ADC event=113 readout=3895 f1far=3895 f2near=3895 f2far=3895
SIPM_ARRIVALS event=155 total=5774
SIPM_ADC event=155 readout=3895 f1far=3895 f2near=3895 f2far=3895
SIPM_ARRIVALS event=70 total=5811
SIPM_ADC event=70 readout=3895 f1far=3895 f2near=3895 f2far=3895
SIPM_ARRIVALS event=114 total=5802
SIPM_ADC event=114 readout=3895 f1far=3895 f2near=3895 f2far=3895
SIPM_ARRIVALS event=31 total=6006
SIPM_ADC event=31 readout=3895 f1far=3895 f2near=3895 f2far=3895
SIPM_ARRIVALS event=71 total=5824
SIPM_ADC event=71 readout=3895 f1far=3895 f2near=3895 f2far=3895
SIPM_ARRIVALS event=156 total=5909
SIPM_ADC event=156 readout=3895 f1far=3895 f2near=3895 f2far=3895
SIPM_ARRIVALS event=32 total=6548
SIPM_ADC event=32 readout=3895 f1far=3895 f2near=3895 f2far=3895
SIPM_ARRIVALS event=72 total=5680
SIPM_ADC event=72 readout=3895 f1far=3895 f2near=3895 f2far=3895
SIPM_ARRIVALS event=115 total=5706
SIPM_ADC event=115 readout=3895 f1far=3895 f2near=3895 f2far=3895
SIPM_ARRIVALS event=33 total=5723
SIPM_ADC event=33 readout=3895 f1far=3895 f2near=3895 f2far=3895
SIPM_ARRIVALS event=73 total=5749
SIPM_ADC event=73 readout=3895 f1far=3895 f2near=3895 f2far=3895
SIPM_ARRIVALS event=157 total=5846
SIPM_ADC event=157 readout=3895 f1far=3895 f2near=3895 f2far=3895
SIPM_ARRIVALS event=34 total=5771
SIPM_ADC event=34 readout=3895 f1far=3895 f2near=3895 f2far=3895
SIPM_ARRIVALS event=74 total=5617
SIPM_ADC event=74 readout=3895 f1far=3895 f2near=3895 f2far=3895
SIPM_ARRIVALS event=116 total=5979
SIPM_ADC event=116 readout=3895 f1far=3895 f2near=3895 f2far=3895
SIPM_ARRIVALS event=35 total=5918
SIPM_ADC event=35 readout=3895 f1far=3895 f2near=3895 f2far=3895
SIPM_ARRIVALS event=75 total=5945
SIPM_ADC event=75 readout=3895 f1far=3895 f2near=3895 f2far=3895
SIPM_ARRIVALS event=158 total=5902
SIPM_ADC event=158 readout=3895 f1far=3895 f2near=3895 f2far=3895
SIPM_ARRIVALS event=36 total=5788
SIPM_ADC event=36 readout=3895 f1far=3895 f2near=3895 f2far=3895
SIPM_ARRIVALS event=117 total=5860
SIPM_ADC event=117 readout=3895 f1far=3895 f2near=3895 f2far=3895
SIPM_ARRIVALS event=76 total=5767
SIPM_ADC event=76 readout=3895 f1far=3895 f2near=3895 f2far=3895
SIPM_ARRIVALS event=159 total=5799
SIPM_ADC event=159 readout=3895 f1far=3895 f2near=3895 f2far=3895
SIPM_ARRIVALS event=37 total=5997
SIPM_ADC event=37 readout=3895 f1far=3895 f2near=3895 f2far=3895
SIPM_ARRIVALS event=118 total=5969
SIPM_ADC event=118 readout=3895 f1far=3895 f2near=3895 f2far=3895
SIPM_ARRIVALS event=160 total=6119
SIPM_ADC event=160 readout=3895 f1far=3895 f2near=3895 f2far=3895
SIPM_ARRIVALS event=38 total=5911
SIPM_ADC event=38 readout=3895 f1far=3895 f2near=3895 f2far=3895
SIPM_ARRIVALS event=77 total=5816
SIPM_ADC event=77 readout=3895 f1far=3895 f2near=3895 f2far=3895
SIPM_ARRIVALS event=161 total=5770
SIPM_ADC event=161 readout=3895 f1far=3895 f2near=3895 f2far=3895
SIPM_ARRIVALS event=39 total=5929
SIPM_ADC event=39 readout=3895 f1far=3895 f2near=3895 f2far=3895
SIPM_ARRIVALS event=119 total=5935
SIPM_ADC event=119 readout=3895 f1far=3895 f2near=3895 f2far=3895
SIPM_ARRIVALS event=78 total=5661
SIPM_ADC event=78 readout=3895 f1far=3895 f2near=3895 f2far=3895
SIPM_ARRIVALS event=162 total=3739
SIPM_ADC event=162 readout=3895 f1far=3895 f2near=3895 f2far=3895
SIPM_ARRIVALS event=40 total=6095
SIPM_ADC event=40 readout=3895 f1far=3895 f2near=3895 f2far=3895
SIPM_ARRIVALS event=120 total=5828
SIPM_ADC event=120 readout=3895 f1far=3895 f2near=3895 f2far=3895
SIPM_ARRIVALS event=163 total=5682
SIPM_ADC event=163 readout=3895 f1far=3895 f2near=3895 f2far=3895
SIPM_ARRIVALS event=79 total=6262
SIPM_ADC event=79 readout=3895 f1far=3895 f2near=3895 f2far=3895
SIPM_ARRIVALS event=80 total=5926
SIPM_ADC event=80 readout=3895 f1far=3895 f2near=3895 f2far=3895
SIPM_ARRIVALS event=164 total=5932
SIPM_ADC event=164 readout=3895 f1far=3895 f2near=3895 f2far=3895
SIPM_ARRIVALS event=41 total=5637
SIPM_ADC event=41 readout=3895 f1far=3895 f2near=3895 f2far=3895
SIPM_ARRIVALS event=121 total=5700
SIPM_ADC event=121 readout=3895 f1far=3895 f2near=3895 f2far=3895
SIPM_ARRIVALS event=81 total=5956
SIPM_ADC event=81 readout=3895 f1far=3895 f2near=3895 f2far=3895
SIPM_ARRIVALS event=165 total=5891
SIPM_ADC event=165 readout=3895 f1far=3895 f2near=3895 f2far=3895
SIPM_ARRIVALS event=42 total=5800
SIPM_ADC event=42 readout=3895 f1far=3895 f2near=3895 f2far=3895
SIPM_ARRIVALS event=166 total=5241
SIPM_ADC event=166 readout=3895 f1far=3895 f2near=3895 f2far=3895
SIPM_ARRIVALS event=82 total=5846
SIPM_ADC event=82 readout=3895 f1far=3895 f2near=3895 f2far=3895
SIPM_ARRIVALS event=122 total=5869
SIPM_ADC event=122 readout=3895 f1far=3895 f2near=3895 f2far=3895
SIPM_ARRIVALS event=167 total=5884
SIPM_ADC event=167 readout=3895 f1far=3895 f2near=3895 f2far=3895
SIPM_ARRIVALS event=83 total=6813
SIPM_ADC event=83 readout=3895 f1far=3895 f2near=3895 f2far=3895
SIPM_ARRIVALS event=43 total=5715
SIPM_ADC event=43 readout=3895 f1far=3895 f2near=3895 f2far=3895
SIPM_ARRIVALS event=168 total=6137
SIPM_ADC event=168 readout=3895 f1far=3895 f2near=3895 f2far=3895
SIPM_ARRIVALS event=84 total=5966
SIPM_ADC event=84 readout=3895 f1far=3895 f2near=3895 f2far=3895
SIPM_ARRIVALS event=123 total=5868
SIPM_ADC event=123 readout=3895 f1far=3895 f2near=3895 f2far=3895
SIPM_ARRIVALS event=169 total=5857
SIPM_ADC event=169 readout=3895 f1far=3895 f2near=3895 f2far=3895
SIPM_ARRIVALS event=85 total=5692
SIPM_ADC event=85 readout=3895 f1far=3895 f2near=3895 f2far=3895
SIPM_ARRIVALS event=176 total=5681
SIPM_ADC event=176 readout=3895 f1far=3895 f2near=3895 f2far=3895
SIPM_ARRIVALS event=124 total=5824
SIPM_ADC event=124 readout=3895 f1far=3895 f2near=3895 f2far=3895
SIPM_ARRIVALS event=86 total=6126
SIPM_ADC event=86 readout=3895 f1far=3895 f2near=3895 f2far=3895
SIPM_ARRIVALS event=177 total=6312
SIPM_ADC event=177 readout=3895 f1far=3895 f2near=3895 f2far=3895
SIPM_ARRIVALS event=170 total=5754
SIPM_ADC event=170 readout=3895 f1far=3895 f2near=3895 f2far=3895
SIPM_ARRIVALS event=87 total=5753
SIPM_ADC event=87 readout=3895 f1far=3895 f2near=3895 f2far=3895
SIPM_ARRIVALS event=178 total=6039
SIPM_ADC event=178 readout=3895 f1far=3895 f2near=3895 f2far=3895
SIPM_ARRIVALS event=125 total=5918
SIPM_ADC event=125 readout=3895 f1far=3895 f2near=3895 f2far=3895
SIPM_ARRIVALS event=220 total=5728
SIPM_ADC event=220 readout=3895 f1far=3895 f2near=3895 f2far=3895
SIPM_ARRIVALS event=171 total=5734
SIPM_ADC event=171 readout=3895 f1far=3895 f2near=3895 f2far=3895
SIPM_ARRIVALS event=179 total=5840
SIPM_ADC event=179 readout=3895 f1far=3895 f2near=3895 f2far=3895
SIPM_ARRIVALS event=180 total=1660
SIPM_ADC event=180 readout=3895 f1far=3895 f2near=3895 f2far=3895
SIPM_ARRIVALS event=221 total=5657
SIPM_ADC event=221 readout=3895 f1far=3895 f2near=3895 f2far=3895
SIPM_ARRIVALS event=126 total=5907
SIPM_ADC event=126 readout=3895 f1far=3895 f2near=3895 f2far=3895
SIPM_ARRIVALS event=172 total=5847
SIPM_ADC event=172 readout=3895 f1far=3895 f2near=3895 f2far=3895
SIPM_ARRIVALS event=181 total=5733
SIPM_ADC event=181 readout=3895 f1far=3895 f2near=3895 f2far=3895
SIPM_ARRIVALS event=222 total=3337
SIPM_ADC event=222 readout=3895 f1far=3895 f2near=3895 f2far=3895
SIPM_ARRIVALS event=127 total=5804
SIPM_ADC event=127 readout=3895 f1far=3895 f2near=3895 f2far=3895
SIPM_ARRIVALS event=173 total=5800
SIPM_ADC event=173 readout=3895 f1far=3895 f2near=3895 f2far=3895
SIPM_ARRIVALS event=182 total=5809
SIPM_ADC event=182 readout=3895 f1far=3895 f2near=3895 f2far=3895
SIPM_ARRIVALS event=223 total=5782
SIPM_ADC event=223 readout=3895 f1far=3895 f2near=3895 f2far=3895
SIPM_ARRIVALS event=128 total=5814
SIPM_ADC event=128 readout=3895 f1far=3895 f2near=3895 f2far=3895
SIPM_ARRIVALS event=174 total=5840
SIPM_ADC event=174 readout=3895 f1far=3895 f2near=3895 f2far=3895
SIPM_ARRIVALS event=183 total=5852
SIPM_ADC event=183 readout=3895 f1far=3895 f2near=3895 f2far=3895
SIPM_ARRIVALS event=224 total=5776
SIPM_ADC event=224 readout=3895 f1far=3895 f2near=3895 f2far=3895
SIPM_ARRIVALS event=129 total=5845
SIPM_ADC event=129 readout=3895 f1far=3895 f2near=3895 f2far=3895
SIPM_ARRIVALS event=175 total=5677
SIPM_ADC event=175 readout=3895 f1far=3895 f2near=3895 f2far=3895
SIPM_ARRIVALS event=225 total=5672
SIPM_ADC event=225 readout=3895 f1far=3895 f2near=3895 f2far=3895
SIPM_ARRIVALS event=184 total=5899
SIPM_ADC event=184 readout=3895 f1far=3895 f2near=3895 f2far=3895
SIPM_ARRIVALS event=130 total=5890
SIPM_ADC event=130 readout=3895 f1far=3895 f2near=3895 f2far=3895
SIPM_ARRIVALS event=264 total=5935
SIPM_ADC event=264 readout=3895 f1far=3895 f2near=3895 f2far=3895
SIPM_ARRIVALS event=185 total=5850
SIPM_ADC event=185 readout=3895 f1far=3895 f2near=3895 f2far=3895
SIPM_ARRIVALS event=226 total=5708
SIPM_ADC event=226 readout=3895 f1far=3895 f2near=3895 f2far=3895
SIPM_ARRIVALS event=227 total=5857
SIPM_ADC event=227 readout=3895 f1far=3895 f2near=3895 f2far=3895
SIPM_ARRIVALS event=186 total=5784
SIPM_ADC event=186 readout=3895 f1far=3895 f2near=3895 f2far=3895
SIPM_ARRIVALS event=131 total=6744
SIPM_ADC event=131 readout=3895 f1far=3895 f2near=3895 f2far=3895
SIPM_ARRIVALS event=265 total=5672
SIPM_ADC event=265 readout=3895 f1far=3895 f2near=3895 f2far=3895
SIPM_ARRIVALS event=228 total=5742
SIPM_ADC event=228 readout=3895 f1far=3895 f2near=3895 f2far=3895
SIPM_ARRIVALS event=187 total=5881
SIPM_ADC event=187 readout=3895 f1far=3895 f2near=3895 f2far=3895
SIPM_ARRIVALS event=266 total=5680
SIPM_ADC event=266 readout=3895 f1far=3895 f2near=3895 f2far=3895
SIPM_ARRIVALS event=229 total=3236
SIPM_ADC event=229 readout=3895 f1far=3895 f2near=3895 f2far=3895
SIPM_ARRIVALS event=308 total=5874
SIPM_ADC event=308 readout=3895 f1far=3895 f2near=3895 f2far=3895
SIPM_ARRIVALS event=188 total=5882
SIPM_ADC event=188 readout=3895 f1far=3895 f2near=3895 f2far=3895
SIPM_ARRIVALS event=267 total=5929
SIPM_ADC event=267 readout=3895 f1far=3895 f2near=3895 f2far=3895
SIPM_ARRIVALS event=230 total=5846
SIPM_ADC event=230 readout=3895 f1far=3895 f2near=3895 f2far=3895
SIPM_ARRIVALS event=309 total=5651
SIPM_ADC event=309 readout=3895 f1far=3895 f2near=3895 f2far=3895
SIPM_ARRIVALS event=189 total=5876
SIPM_ADC event=189 readout=3895 f1far=3895 f2near=3895 f2far=3895
SIPM_ARRIVALS event=268 total=5753
SIPM_ADC event=268 readout=3895 f1far=3895 f2near=3895 f2far=3895
SIPM_ARRIVALS event=231 total=5828
SIPM_ADC event=231 readout=3895 f1far=3895 f2near=3895 f2far=3895
SIPM_ARRIVALS event=269 total=5910
SIPM_ADC event=269 readout=3895 f1far=3895 f2near=3895 f2far=3895
SIPM_ARRIVALS event=232 total=5630
SIPM_ADC event=232 readout=3895 f1far=3895 f2near=3895 f2far=3895
SIPM_ARRIVALS event=310 total=5719
SIPM_ADC event=310 readout=3895 f1far=3895 f2near=3895 f2far=3895
SIPM_ARRIVALS event=190 total=5909
SIPM_ADC event=190 readout=3895 f1far=3895 f2near=3895 f2far=3895
SIPM_ARRIVALS event=270 total=5670
SIPM_ADC event=270 readout=3895 f1far=3895 f2near=3895 f2far=3895
SIPM_ARRIVALS event=233 total=5992
SIPM_ADC event=233 readout=3895 f1far=3895 f2near=3895 f2far=3895
SIPM_ARRIVALS event=271 total=5642
SIPM_ADC event=271 readout=3895 f1far=3895 f2near=3895 f2far=3895
SIPM_ARRIVALS event=234 total=5844
SIPM_ADC event=234 readout=3895 f1far=3895 f2near=3895 f2far=3895
SIPM_ARRIVALS event=311 total=5708
SIPM_ADC event=311 readout=3895 f1far=3895 f2near=3895 f2far=3895
SIPM_ARRIVALS event=191 total=5948
SIPM_ADC event=191 readout=3895 f1far=3895 f2near=3895 f2far=3895
SIPM_ARRIVALS event=272 total=5850
SIPM_ADC event=272 readout=3895 f1far=3895 f2near=3895 f2far=3895
SIPM_ARRIVALS event=235 total=6186
SIPM_ADC event=235 readout=3895 f1far=3895 f2near=3895 f2far=3895
SIPM_ARRIVALS event=312 total=6041
SIPM_ADC event=312 readout=3895 f1far=3895 f2near=3895 f2far=3895
SIPM_ARRIVALS event=192 total=5912
SIPM_ADC event=192 readout=3895 f1far=3895 f2near=3895 f2far=3895
SIPM_ARRIVALS event=273 total=5829
SIPM_ADC event=273 readout=3895 f1far=3895 f2near=3895 f2far=3895
SIPM_ARRIVALS event=313 total=5768
SIPM_ADC event=313 readout=3895 f1far=3895 f2near=3895 f2far=3895
SIPM_ARRIVALS event=236 total=5696
SIPM_ADC event=236 readout=3895 f1far=3895 f2near=3895 f2far=3895
SIPM_ARRIVALS event=274 total=5816
SIPM_ADC event=274 readout=3895 f1far=3895 f2near=3895 f2far=3895
SIPM_ARRIVALS event=193 total=5665
SIPM_ADC event=193 readout=3895 f1far=3895 f2near=3895 f2far=3895
SIPM_ARRIVALS event=314 total=6005
SIPM_ADC event=314 readout=3895 f1far=3895 f2near=3895 f2far=3895
SIPM_ARRIVALS event=275 total=5939
SIPM_ADC event=275 readout=3895 f1far=3895 f2near=3895 f2far=3895
SIPM_ARRIVALS event=237 total=5720
SIPM_ADC event=237 readout=3895 f1far=3895 f2near=3895 f2far=3895
SIPM_ARRIVALS event=315 total=5848
SIPM_ADC event=315 readout=3895 f1far=3895 f2near=3895 f2far=3895
SIPM_ARRIVALS event=276 total=5866
SIPM_ADC event=276 readout=3895 f1far=3895 f2near=3895 f2far=3895
SIPM_ARRIVALS event=194 total=6027
SIPM_ADC event=194 readout=3895 f1far=3895 f2near=3895 f2far=3895
SIPM_ARRIVALS event=316 total=5869
SIPM_ADC event=316 readout=3895 f1far=3895 f2near=3895 f2far=3895
SIPM_ARRIVALS event=238 total=5797
SIPM_ADC event=238 readout=3895 f1far=3895 f2near=3895 f2far=3895
SIPM_ARRIVALS event=277 total=5689
SIPM_ADC event=277 readout=3895 f1far=3895 f2near=3895 f2far=3895
SIPM_ARRIVALS event=317 total=2506
SIPM_ADC event=317 readout=3895 f1far=3895 f2near=3895 f2far=3895
SIPM_ARRIVALS event=195 total=5908
SIPM_ADC event=195 readout=3895 f1far=3895 f2near=3895 f2far=3895
SIPM_ARRIVALS event=239 total=5852
SIPM_ADC event=239 readout=3895 f1far=3895 f2near=3895 f2far=3895
SIPM_ARRIVALS event=278 total=5805
SIPM_ADC event=278 readout=3895 f1far=3895 f2near=3895 f2far=3895
SIPM_ARRIVALS event=318 total=6166
SIPM_ADC event=318 readout=3895 f1far=3895 f2near=3895 f2far=3895
SIPM_ARRIVALS event=196 total=5544
SIPM_ADC event=196 readout=3895 f1far=3895 f2near=3895 f2far=3895
SIPM_ARRIVALS event=240 total=5663
SIPM_ADC event=240 readout=3895 f1far=3895 f2near=3895 f2far=3895
SIPM_ARRIVALS event=279 total=5799
SIPM_ADC event=279 readout=3895 f1far=3895 f2near=3895 f2far=3895
SIPM_ARRIVALS event=319 total=6071
SIPM_ADC event=319 readout=3895 f1far=3895 f2near=3895 f2far=3895
SIPM_ARRIVALS event=197 total=4971
SIPM_ADC event=197 readout=3895 f1far=3895 f2near=3895 f2far=3895
SIPM_ARRIVALS event=320 total=3561
SIPM_ADC event=320 readout=3895 f1far=3895 f2near=3895 f2far=3895
SIPM_ARRIVALS event=280 total=5811
SIPM_ADC event=280 readout=3895 f1far=3895 f2near=3895 f2far=3895
SIPM_ARRIVALS event=241 total=5802
SIPM_ADC event=241 readout=3895 f1far=3895 f2near=3895 f2far=3895
SIPM_ARRIVALS event=281 total=5593
SIPM_ADC event=281 readout=3895 f1far=3895 f2near=3895 f2far=3895
SIPM_ARRIVALS event=321 total=5724
SIPM_ADC event=321 readout=3895 f1far=3895 f2near=3895 f2far=3895
SIPM_ARRIVALS event=198 total=5829
SIPM_ADC event=198 readout=3895 f1far=3895 f2near=3895 f2far=3895
SIPM_ARRIVALS event=242 total=5937
SIPM_ADC event=242 readout=3895 f1far=3895 f2near=3895 f2far=3895
SIPM_ARRIVALS event=322 total=5992
SIPM_ADC event=322 readout=3895 f1far=3895 f2near=3895 f2far=3895
SIPM_ARRIVALS event=282 total=5694
SIPM_ADC event=282 readout=3895 f1far=3895 f2near=3895 f2far=3895
SIPM_ARRIVALS event=199 total=5815
SIPM_ADC event=199 readout=3895 f1far=3895 f2near=3895 f2far=3895
SIPM_ARRIVALS event=243 total=5836
SIPM_ADC event=243 readout=3895 f1far=3895 f2near=3895 f2far=3895
SIPM_ARRIVALS event=323 total=5770
SIPM_ADC event=323 readout=3895 f1far=3895 f2near=3895 f2far=3895
SIPM_ARRIVALS event=283 total=5992
SIPM_ADC event=283 readout=3895 f1far=3895 f2near=3895 f2far=3895
SIPM_ARRIVALS event=244 total=5742
SIPM_ADC event=244 readout=3895 f1far=3895 f2near=3895 f2far=3895
SIPM_ARRIVALS event=200 total=4529
SIPM_ADC event=200 readout=3895 f1far=3895 f2near=3895 f2far=3895
SIPM_ARRIVALS event=284 total=5921
SIPM_ADC event=284 readout=3895 f1far=3895 f2near=3895 f2far=3895
SIPM_ARRIVALS event=245 total=5790
SIPM_ADC event=245 readout=3895 f1far=3895 f2near=3895 f2far=3895
SIPM_ARRIVALS event=324 total=5832
SIPM_ADC event=324 readout=3895 f1far=3895 f2near=3895 f2far=3895
SIPM_ARRIVALS event=285 total=5704
SIPM_ADC event=285 readout=3895 f1far=3895 f2near=3895 f2far=3895
SIPM_ARRIVALS event=201 total=5696
SIPM_ADC event=201 readout=3895 f1far=3895 f2near=3895 f2far=3895
SIPM_ARRIVALS event=246 total=5840
SIPM_ADC event=246 readout=3895 f1far=3895 f2near=3895 f2far=3895
SIPM_ARRIVALS event=325 total=6062
SIPM_ADC event=325 readout=3895 f1far=3895 f2near=3895 f2far=3895
SIPM_ARRIVALS event=247 total=5765
SIPM_ADC event=247 readout=3895 f1far=3895 f2near=3895 f2far=3895
SIPM_ARRIVALS event=202 total=5981
SIPM_ADC event=202 readout=3895 f1far=3895 f2near=3895 f2far=3895
SIPM_ARRIVALS event=286 total=6928
SIPM_ADC event=286 readout=3895 f1far=3895 f2near=3895 f2far=3895
SIPM_ARRIVALS event=248 total=5768
SIPM_ADC event=248 readout=3895 f1far=3895 f2near=3895 f2far=3895
SIPM_ARRIVALS event=287 total=5732
SIPM_ADC event=287 readout=3895 f1far=3895 f2near=3895 f2far=3895
SIPM_ARRIVALS event=326 total=5760
SIPM_ADC event=326 readout=3895 f1far=3895 f2near=3895 f2far=3895
SIPM_ARRIVALS event=203 total=5948
SIPM_ADC event=203 readout=3895 f1far=3895 f2near=3895 f2far=3895
SIPM_ARRIVALS event=249 total=5856
SIPM_ADC event=249 readout=3895 f1far=3895 f2near=3895 f2far=3895
SIPM_ARRIVALS event=288 total=5923
SIPM_ADC event=288 readout=3895 f1far=3895 f2near=3895 f2far=3895
SIPM_ARRIVALS event=327 total=6045
SIPM_ADC event=327 readout=3895 f1far=3895 f2near=3895 f2far=3895
SIPM_ARRIVALS event=289 total=1496
SIPM_ADC event=289 readout=3895 f1far=3895 f2near=3895 f2far=3895
SIPM_ARRIVALS event=204 total=5856
SIPM_ADC event=204 readout=3895 f1far=3895 f2near=3895 f2far=3895
SIPM_ARRIVALS event=250 total=5659
SIPM_ADC event=250 readout=3895 f1far=3895 f2near=3895 f2far=3895
SIPM_ARRIVALS event=290 total=5830
SIPM_ADC event=290 readout=3895 f1far=3895 f2near=3895 f2far=3895
SIPM_ARRIVALS event=251 total=5845
SIPM_ADC event=251 readout=3895 f1far=3895 f2near=3895 f2far=3895
SIPM_ARRIVALS event=328 total=5835
SIPM_ADC event=328 readout=3895 f1far=3895 f2near=3895 f2far=3895
SIPM_ARRIVALS event=205 total=6021
SIPM_ADC event=205 readout=3895 f1far=3895 f2near=3895 f2far=3895
SIPM_ARRIVALS event=291 total=5816
SIPM_ADC event=291 readout=3895 f1far=3895 f2near=3895 f2far=3895
SIPM_ARRIVALS event=252 total=5899
SIPM_ADC event=252 readout=3895 f1far=3895 f2near=3895 f2far=3895
SIPM_ARRIVALS event=329 total=5702
SIPM_ADC event=329 readout=3895 f1far=3895 f2near=3895 f2far=3895
SIPM_ARRIVALS event=292 total=5764
SIPM_ADC event=292 readout=3895 f1far=3895 f2near=3895 f2far=3895
SIPM_ARRIVALS event=206 total=5931
SIPM_ADC event=206 readout=3895 f1far=3895 f2near=3895 f2far=3895
SIPM_ARRIVALS event=253 total=5825
SIPM_ADC event=253 readout=3895 f1far=3895 f2near=3895 f2far=3895
SIPM_ARRIVALS event=207 total=5871
SIPM_ADC event=207 readout=3895 f1far=3895 f2near=3895 f2far=3895
SIPM_ARRIVALS event=293 total=5767
SIPM_ADC event=293 readout=3895 f1far=3895 f2near=3895 f2far=3895
SIPM_ARRIVALS event=330 total=5902
SIPM_ADC event=330 readout=3895 f1far=3895 f2near=3895 f2far=3895
SIPM_ARRIVALS event=254 total=6769
SIPM_ADC event=254 readout=3895 f1far=3895 f2near=3895 f2far=3895
SIPM_ARRIVALS event=208 total=5883
SIPM_ADC event=208 readout=3895 f1far=3895 f2near=3895 f2far=3895
SIPM_ARRIVALS event=255 total=5731
SIPM_ADC event=255 readout=3895 f1far=3895 f2near=3895 f2far=3895
SIPM_ARRIVALS event=294 total=5690
SIPM_ADC event=294 readout=3895 f1far=3895 f2near=3895 f2far=3895
SIPM_ARRIVALS event=331 total=6326
SIPM_ADC event=331 readout=3895 f1far=3895 f2near=3895 f2far=3895
SIPM_ARRIVALS event=209 total=5818
SIPM_ADC event=209 readout=3895 f1far=3895 f2near=3895 f2far=3895
SIPM_ARRIVALS event=256 total=5737
SIPM_ADC event=256 readout=3895 f1far=3895 f2near=3895 f2far=3895
SIPM_ARRIVALS event=295 total=5765
SIPM_ADC event=295 readout=3895 f1far=3895 f2near=3895 f2far=3895
SIPM_ARRIVALS event=210 total=5777
SIPM_ADC event=210 readout=3895 f1far=3895 f2near=3895 f2far=3895
SIPM_ARRIVALS event=332 total=5837
SIPM_ADC event=332 readout=3895 f1far=3895 f2near=3895 f2far=3895
SIPM_ARRIVALS event=257 total=5392
SIPM_ADC event=257 readout=3895 f1far=3895 f2near=3895 f2far=3895
SIPM_ARRIVALS event=211 total=5872
SIPM_ADC event=211 readout=3895 f1far=3895 f2near=3895 f2far=3895
SIPM_ARRIVALS event=258 total=5740
SIPM_ADC event=258 readout=3895 f1far=3895 f2near=3895 f2far=3895
SIPM_ARRIVALS event=259 total=635
SIPM_ADC event=259 readout=2867 f1far=2799 f2near=2157 f2far=2205
SIPM_ARRIVALS event=296 total=5809
SIPM_ADC event=296 readout=3895 f1far=3895 f2near=3895 f2far=3895
SIPM_ARRIVALS event=212 total=6002
SIPM_ADC event=212 readout=3895 f1far=3895 f2near=3895 f2far=3895
SIPM_ARRIVALS event=333 total=5832
SIPM_ADC event=333 readout=3895 f1far=3895 f2near=3895 f2far=3895
SIPM_ARRIVALS event=260 total=5947
SIPM_ADC event=260 readout=3895 f1far=3895 f2near=3895 f2far=3895
SIPM_ARRIVALS event=297 total=5671
SIPM_ADC event=297 readout=3895 f1far=3895 f2near=3895 f2far=3895
SIPM_ARRIVALS event=213 total=5808
SIPM_ADC event=213 readout=3895 f1far=3895 f2near=3895 f2far=3895
SIPM_ARRIVALS event=334 total=5796
SIPM_ADC event=334 readout=3895 f1far=3895 f2near=3895 f2far=3895
SIPM_ARRIVALS event=261 total=5813
SIPM_ADC event=261 readout=3895 f1far=3895 f2near=3895 f2far=3895
SIPM_ARRIVALS event=335 total=4030
SIPM_ADC event=335 readout=3895 f1far=3895 f2near=3895 f2far=3895
SIPM_ARRIVALS event=298 total=5884
SIPM_ADC event=298 readout=3895 f1far=3895 f2near=3895 f2far=3895
SIPM_ARRIVALS event=214 total=5828
SIPM_ADC event=214 readout=3895 f1far=3895 f2near=3895 f2far=3895
SIPM_ARRIVALS event=262 total=5831
SIPM_ADC event=262 readout=3895 f1far=3895 f2near=3895 f2far=3895
SIPM_ARRIVALS event=336 total=5767
SIPM_ADC event=336 readout=3895 f1far=3895 f2near=3895 f2far=3895
SIPM_ARRIVALS event=299 total=5991
SIPM_ADC event=299 readout=3895 f1far=3895 f2near=3895 f2far=3895
SIPM_ARRIVALS event=215 total=5776
SIPM_ADC event=215 readout=3895 f1far=3895 f2near=3895 f2far=3895
SIPM_ARRIVALS event=263 total=5848
SIPM_ADC event=263 readout=3895 f1far=3895 f2near=3895 f2far=3895
SIPM_ARRIVALS event=337 total=5714
SIPM_ADC event=337 readout=3895 f1far=3895 f2near=3895 f2far=3895
SIPM_ARRIVALS event=300 total=6064
SIPM_ADC event=300 readout=3895 f1far=3895 f2near=3895 f2far=3895
SIPM_ARRIVALS event=216 total=5844
SIPM_ADC event=216 readout=3895 f1far=3895 f2near=3895 f2far=3895
SIPM_ARRIVALS event=352 total=5596
SIPM_ADC event=352 readout=3895 f1far=3895 f2near=3895 f2far=3895
SIPM_ARRIVALS event=338 total=5847
SIPM_ADC event=338 readout=3895 f1far=3895 f2near=3895 f2far=3895
SIPM_ARRIVALS event=217 total=5719
SIPM_ADC event=217 readout=3895 f1far=3895 f2near=3895 f2far=3895
SIPM_ARRIVALS event=301 total=5827
SIPM_ADC event=301 readout=3895 f1far=3895 f2near=3895 f2far=3895
SIPM_ARRIVALS event=353 total=5842
SIPM_ADC event=353 readout=3895 f1far=3895 f2near=3895 f2far=3895
SIPM_ARRIVALS event=302 total=5946
SIPM_ADC event=302 readout=3895 f1far=3895 f2near=3895 f2far=3895
SIPM_ARRIVALS event=339 total=5784
SIPM_ADC event=339 readout=3895 f1far=3895 f2near=3895 f2far=3895
SIPM_ARRIVALS event=354 total=5621
SIPM_ADC event=354 readout=3895 f1far=3895 f2near=3895 f2far=3895
SIPM_ARRIVALS event=218 total=5951
SIPM_ADC event=218 readout=3895 f1far=3895 f2near=3895 f2far=3895
SIPM_ARRIVALS event=303 total=6004
SIPM_ADC event=303 readout=3895 f1far=3895 f2near=3895 f2far=3895
SIPM_ARRIVALS event=355 total=5848
SIPM_ADC event=355 readout=3895 f1far=3895 f2near=3895 f2far=3895
SIPM_ARRIVALS event=304 total=5778
SIPM_ADC event=304 readout=3895 f1far=3895 f2near=3895 f2far=3895
SIPM_ARRIVALS event=340 total=5913
SIPM_ADC event=340 readout=3895 f1far=3895 f2near=3895 f2far=3895
SIPM_ARRIVALS event=356 total=5833
SIPM_ADC event=356 readout=3895 f1far=3895 f2near=3895 f2far=3895
SIPM_ARRIVALS event=219 total=5656
SIPM_ADC event=219 readout=3895 f1far=3895 f2near=3895 f2far=3895
SIPM_ARRIVALS event=305 total=5679
SIPM_ADC event=305 readout=3895 f1far=3895 f2near=3895 f2far=3895
SIPM_ARRIVALS event=357 total=5859
SIPM_ADC event=357 readout=3895 f1far=3895 f2near=3895 f2far=3895
SIPM_ARRIVALS event=341 total=5568
SIPM_ADC event=341 readout=3895 f1far=3895 f2near=3895 f2far=3895
SIPM_ARRIVALS event=396 total=5344
SIPM_ADC event=396 readout=3895 f1far=3895 f2near=3895 f2far=3895
SIPM_ARRIVALS event=306 total=5816
SIPM_ADC event=306 readout=3895 f1far=3895 f2near=3895 f2far=3895
SIPM_ARRIVALS event=307 total=3119
SIPM_ADC event=307 readout=3895 f1far=3895 f2near=3895 f2far=3895
SIPM_ARRIVALS event=342 total=5882
SIPM_ADC event=342 readout=3895 f1far=3895 f2near=3895 f2far=3895
SIPM_ARRIVALS event=358 total=6034
SIPM_ADC event=358 readout=3895 f1far=3895 f2near=3895 f2far=3895
SIPM_ARRIVALS event=397 total=5739
SIPM_ADC event=397 readout=3895 f1far=3895 f2near=3895 f2far=3895
SIPM_ARRIVALS event=440 total=5894
SIPM_ADC event=440 readout=3895 f1far=3895 f2near=3895 f2far=3895
SIPM_ARRIVALS event=343 total=5877
SIPM_ADC event=343 readout=3895 f1far=3895 f2near=3895 f2far=3895
SIPM_ARRIVALS event=359 total=4205
SIPM_ADC event=359 readout=3895 f1far=3895 f2near=3895 f2far=3895
SIPM_ARRIVALS event=441 total=5735
SIPM_ADC event=441 readout=3895 f1far=3895 f2near=3895 f2far=3895
SIPM_ARRIVALS event=344 total=5673
SIPM_ADC event=344 readout=3895 f1far=3895 f2near=3895 f2far=3895
SIPM_ARRIVALS event=398 total=5779
SIPM_ADC event=398 readout=3895 f1far=3895 f2near=3895 f2far=3895
SIPM_ARRIVALS event=442 total=5784
SIPM_ADC event=442 readout=3895 f1far=3895 f2near=3895 f2far=3895
SIPM_ARRIVALS event=345 total=5908
SIPM_ADC event=345 readout=3895 f1far=3895 f2near=3895 f2far=3895
SIPM_ARRIVALS event=360 total=5729
SIPM_ADC event=360 readout=3895 f1far=3895 f2near=3895 f2far=3895
SIPM_ARRIVALS event=443 total=5635
SIPM_ADC event=443 readout=3895 f1far=3895 f2near=3895 f2far=3895
SIPM_ARRIVALS event=346 total=5824
SIPM_ADC event=346 readout=3895 f1far=3895 f2near=3895 f2far=3895
SIPM_ARRIVALS event=399 total=5752
SIPM_ADC event=399 readout=3895 f1far=3895 f2near=3895 f2far=3895
SIPM_ARRIVALS event=361 total=5753
SIPM_ADC event=361 readout=3895 f1far=3895 f2near=3895 f2far=3895
SIPM_ARRIVALS event=444 total=5647
SIPM_ADC event=444 readout=3895 f1far=3895 f2near=3895 f2far=3895
SIPM_ARRIVALS event=347 total=5759
SIPM_ADC event=347 readout=3895 f1far=3895 f2near=3895 f2far=3895
SIPM_ARRIVALS event=400 total=6138
SIPM_ADC event=400 readout=3895 f1far=3895 f2near=3895 f2far=3895
SIPM_ARRIVALS event=445 total=6143
SIPM_ADC event=445 readout=3895 f1far=3895 f2near=3895 f2far=3895
SIPM_ARRIVALS event=348 total=6005
SIPM_ADC event=348 readout=3895 f1far=3895 f2near=3895 f2far=3895
SIPM_ARRIVALS event=362 total=5790
SIPM_ADC event=362 readout=3895 f1far=3895 f2near=3895 f2far=3895
SIPM_ARRIVALS event=446 total=5711
SIPM_ADC event=446 readout=3895 f1far=3895 f2near=3895 f2far=3895
SIPM_ARRIVALS event=349 total=5872
SIPM_ADC event=349 readout=3895 f1far=3895 f2near=3895 f2far=3895
SIPM_ARRIVALS event=401 total=5783
SIPM_ADC event=401 readout=3895 f1far=3895 f2near=3895 f2far=3895
SIPM_ARRIVALS event=447 total=5865
SIPM_ADC event=447 readout=3895 f1far=3895 f2near=3895 f2far=3895
SIPM_ARRIVALS event=350 total=5753
SIPM_ADC event=350 readout=3895 f1far=3895 f2near=3895 f2far=3895
SIPM_ARRIVALS event=363 total=5316
SIPM_ADC event=363 readout=3895 f1far=3895 f2near=3895 f2far=3895
SIPM_ARRIVALS event=351 total=2855
SIPM_ADC event=351 readout=3895 f1far=3895 f2near=3895 f2far=3895
SIPM_ARRIVALS event=448 total=5839
SIPM_ADC event=448 readout=3895 f1far=3895 f2near=3895 f2far=3895
SIPM_ARRIVALS event=402 total=5747
SIPM_ADC event=402 readout=3895 f1far=3895 f2near=3895 f2far=3895
SIPM_ARRIVALS event=484 total=5978
SIPM_ADC event=484 readout=3895 f1far=3895 f2near=3895 f2far=3895
SIPM_ARRIVALS event=449 total=5674
SIPM_ADC event=449 readout=3895 f1far=3895 f2near=3895 f2far=3895
SIPM_ARRIVALS event=364 total=6034
SIPM_ADC event=364 readout=3895 f1far=3895 f2near=3895 f2far=3895
SIPM_ARRIVALS event=485 total=5963
SIPM_ADC event=485 readout=3895 f1far=3895 f2near=3895 f2far=3895
SIPM_ARRIVALS event=403 total=5518
SIPM_ADC event=403 readout=3895 f1far=3895 f2near=3895 f2far=3895
SIPM_ARRIVALS event=450 total=5768
SIPM_ADC event=450 readout=3895 f1far=3895 f2near=3895 f2far=3895
SIPM_ARRIVALS event=486 total=5891
SIPM_ADC event=486 readout=3895 f1far=3895 f2near=3895 f2far=3895
SIPM_ARRIVALS event=404 total=5806
SIPM_ADC event=404 readout=3895 f1far=3895 f2near=3895 f2far=3895
SIPM_ARRIVALS event=365 total=5767
SIPM_ADC event=365 readout=3895 f1far=3895 f2near=3895 f2far=3895
SIPM_ARRIVALS event=405 total=3069
SIPM_ADC event=405 readout=3895 f1far=3895 f2near=3895 f2far=3895
SIPM_ARRIVALS event=487 total=5891
SIPM_ADC event=487 readout=3895 f1far=3895 f2near=3895 f2far=3895
SIPM_ARRIVALS event=451 total=5909
SIPM_ADC event=451 readout=3895 f1far=3895 f2near=3895 f2far=3895
SIPM_ARRIVALS event=366 total=3837
SIPM_ADC event=366 readout=3895 f1far=3895 f2near=3895 f2far=3895
SIPM_ARRIVALS event=406 total=5755
SIPM_ADC event=406 readout=3895 f1far=3895 f2near=3895 f2far=3895
SIPM_ARRIVALS event=488 total=5743
SIPM_ADC event=488 readout=3895 f1far=3895 f2near=3895 f2far=3895
SIPM_ARRIVALS event=452 total=5763
SIPM_ADC event=452 readout=3895 f1far=3895 f2near=3895 f2far=3895
SIPM_ARRIVALS event=367 total=5865
SIPM_ADC event=367 readout=3895 f1far=3895 f2near=3895 f2far=3895
SIPM_ARRIVALS event=407 total=5845
SIPM_ADC event=407 readout=3895 f1far=3895 f2near=3895 f2far=3895
SIPM_ARRIVALS event=489 total=6082
SIPM_ADC event=489 readout=3895 f1far=3895 f2near=3895 f2far=3895
SIPM_ARRIVALS event=453 total=5898
SIPM_ADC event=453 readout=3895 f1far=3895 f2near=3895 f2far=3895
SIPM_ARRIVALS event=368 total=5825
SIPM_ADC event=368 readout=3895 f1far=3895 f2near=3895 f2far=3895
SIPM_ARRIVALS event=408 total=3416
SIPM_ADC event=408 readout=3895 f1far=3895 f2near=3895 f2far=3895
SIPM_ARRIVALS event=490 total=5713
SIPM_ADC event=490 readout=3895 f1far=3895 f2near=3895 f2far=3895
SIPM_ARRIVALS event=454 total=6057
SIPM_ADC event=454 readout=3895 f1far=3895 f2near=3895 f2far=3895
SIPM_ARRIVALS event=369 total=5793
SIPM_ADC event=369 readout=3895 f1far=3895 f2near=3895 f2far=3895
SIPM_ARRIVALS event=409 total=5926
SIPM_ADC event=409 readout=3895 f1far=3895 f2near=3895 f2far=3895
SIPM_ARRIVALS event=491 total=5930
SIPM_ADC event=491 readout=3895 f1far=3895 f2near=3895 f2far=3895
SIPM_ARRIVALS event=455 total=5784
SIPM_ADC event=455 readout=3895 f1far=3895 f2near=3895 f2far=3895
SIPM_ARRIVALS event=370 total=5792
SIPM_ADC event=370 readout=3895 f1far=3895 f2near=3895 f2far=3895
SIPM_ARRIVALS event=410 total=5779
SIPM_ADC event=410 readout=3895 f1far=3895 f2near=3895 f2far=3895
SIPM_ARRIVALS event=492 total=5915
SIPM_ADC event=492 readout=3895 f1far=3895 f2near=3895 f2far=3895
SIPM_ARRIVALS event=456 total=5812
SIPM_ADC event=456 readout=3895 f1far=3895 f2near=3895 f2far=3895
SIPM_ARRIVALS event=493 total=3070
SIPM_ADC event=493 readout=3895 f1far=3895 f2near=3895 f2far=3895
SIPM_ARRIVALS event=371 total=5747
SIPM_ADC event=371 readout=3895 f1far=3895 f2near=3895 f2far=3895
SIPM_ARRIVALS event=457 total=5854
SIPM_ADC event=457 readout=3895 f1far=3895 f2near=3895 f2far=3895
SIPM_ARRIVALS event=411 total=5872
SIPM_ADC event=411 readout=3895 f1far=3895 f2near=3895 f2far=3895
SIPM_ARRIVALS event=372 total=5913
SIPM_ADC event=372 readout=3895 f1far=3895 f2near=3895 f2far=3895
SIPM_ARRIVALS event=494 total=5731
SIPM_ADC event=494 readout=3895 f1far=3895 f2near=3895 f2far=3895
SIPM_ARRIVALS event=458 total=5772
SIPM_ADC event=458 readout=3895 f1far=3895 f2near=3895 f2far=3895
SIPM_ARRIVALS event=412 total=6075
SIPM_ADC event=412 readout=3895 f1far=3895 f2near=3895 f2far=3895
SIPM_ARRIVALS event=373 total=5935
SIPM_ADC event=373 readout=3895 f1far=3895 f2near=3895 f2far=3895
SIPM_ARRIVALS event=459 total=5766
SIPM_ADC event=459 readout=3895 f1far=3895 f2near=3895 f2far=3895
SIPM_ARRIVALS event=495 total=5835
SIPM_ADC event=495 readout=3895 f1far=3895 f2near=3895 f2far=3895
SIPM_ARRIVALS event=374 total=5846
SIPM_ADC event=374 readout=3895 f1far=3895 f2near=3895 f2far=3895
SIPM_ARRIVALS event=413 total=5879
SIPM_ADC event=413 readout=3895 f1far=3895 f2near=3895 f2far=3895
SIPM_ARRIVALS event=460 total=5828
SIPM_ADC event=460 readout=3895 f1far=3895 f2near=3895 f2far=3895
SIPM_ARRIVALS event=375 total=5711
SIPM_ADC event=375 readout=3895 f1far=3895 f2near=3895 f2far=3895
SIPM_ARRIVALS event=496 total=5926
SIPM_ADC event=496 readout=3895 f1far=3895 f2near=3895 f2far=3895
SIPM_ARRIVALS event=461 total=5914
SIPM_ADC event=461 readout=3895 f1far=3895 f2near=3895 f2far=3895
SIPM_ARRIVALS event=376 total=5770
SIPM_ADC event=376 readout=3895 f1far=3895 f2near=3895 f2far=3895
SIPM_ARRIVALS event=414 total=5964
SIPM_ADC event=414 readout=3895 f1far=3895 f2near=3895 f2far=3895
SIPM_ARRIVALS event=462 total=5903
SIPM_ADC event=462 readout=3895 f1far=3895 f2near=3895 f2far=3895
SIPM_ARRIVALS event=377 total=5845
SIPM_ADC event=377 readout=3895 f1far=3895 f2near=3895 f2far=3895
SIPM_ARRIVALS event=463 total=5611
SIPM_ADC event=463 readout=3895 f1far=3895 f2near=3895 f2far=3895
SIPM_ARRIVALS event=497 total=5917
SIPM_ADC event=497 readout=3895 f1far=3895 f2near=3895 f2far=3895
SIPM_ARRIVALS event=378 total=5775
SIPM_ADC event=378 readout=3895 f1far=3895 f2near=3895 f2far=3895
SIPM_ARRIVALS event=415 total=5955
SIPM_ADC event=415 readout=3895 f1far=3895 f2near=3895 f2far=3895
SIPM_ARRIVALS event=464 total=5922
SIPM_ADC event=464 readout=3895 f1far=3895 f2near=3895 f2far=3895
SIPM_ARRIVALS event=379 total=5716
SIPM_ADC event=379 readout=3895 f1far=3895 f2near=3895 f2far=3895
SIPM_ARRIVALS event=498 total=5706
SIPM_ADC event=498 readout=3895 f1far=3895 f2near=3895 f2far=3895
SIPM_ARRIVALS event=465 total=5737
SIPM_ADC event=465 readout=3895 f1far=3895 f2near=3895 f2far=3895
SIPM_ARRIVALS event=380 total=5673
SIPM_ADC event=380 readout=3895 f1far=3895 f2near=3895 f2far=3895
SIPM_ARRIVALS event=416 total=5923
SIPM_ADC event=416 readout=3895 f1far=3895 f2near=3895 f2far=3895
SIPM_ARRIVALS event=466 total=5561
SIPM_ADC event=466 readout=3895 f1far=3895 f2near=3895 f2far=3895
SIPM_ARRIVALS event=381 total=5833
SIPM_ADC event=381 readout=3895 f1far=3895 f2near=3895 f2far=3895
SIPM_ARRIVALS event=467 total=5675
SIPM_ADC event=467 readout=3895 f1far=3895 f2near=3895 f2far=3895
SIPM_ARRIVALS event=499 total=5707
SIPM_ADC event=499 readout=3895 f1far=3895 f2near=3895 f2far=3895
SIPM_ARRIVALS event=382 total=5735
SIPM_ADC event=382 readout=3895 f1far=3895 f2near=3895 f2far=3895
SIPM_ARRIVALS event=500 total=2260
SIPM_ADC event=500 readout=3895 f1far=3895 f2near=3895 f2far=3895
SIPM_ARRIVALS event=417 total=5883
SIPM_ADC event=417 readout=3895 f1far=3895 f2near=3895 f2far=3895
SIPM_ARRIVALS event=468 total=5549
SIPM_ADC event=468 readout=3895 f1far=3895 f2near=3895 f2far=3895
SIPM_ARRIVALS event=383 total=5640
SIPM_ADC event=383 readout=3895 f1far=3895 f2near=3895 f2far=3895
SIPM_ARRIVALS event=469 total=5838
SIPM_ADC event=469 readout=3895 f1far=3895 f2near=3895 f2far=3895
SIPM_ARRIVALS event=384 total=5671
SIPM_ADC event=384 readout=3895 f1far=3895 f2near=3895 f2far=3895
SIPM_ARRIVALS event=501 total=5971
SIPM_ADC event=501 readout=3895 f1far=3895 f2near=3895 f2far=3895
SIPM_ARRIVALS event=470 total=5849
SIPM_ADC event=470 readout=3895 f1far=3895 f2near=3895 f2far=3895
SIPM_ARRIVALS event=418 total=6047
SIPM_ADC event=418 readout=3895 f1far=3895 f2near=3895 f2far=3895
SIPM_ARRIVALS event=385 total=5797
SIPM_ADC event=385 readout=3895 f1far=3895 f2near=3895 f2far=3895
SIPM_ARRIVALS event=471 total=5831
SIPM_ADC event=471 readout=3895 f1far=3895 f2near=3895 f2far=3895
SIPM_ARRIVALS event=386 total=5730
SIPM_ADC event=386 readout=3895 f1far=3895 f2near=3895 f2far=3895
SIPM_ARRIVALS event=502 total=6104
SIPM_ADC event=502 readout=3895 f1far=3895 f2near=3895 f2far=3895
SIPM_ARRIVALS event=472 total=5887
SIPM_ADC event=472 readout=3895 f1far=3895 f2near=3895 f2far=3895
SIPM_ARRIVALS event=419 total=6766
SIPM_ADC event=419 readout=3895 f1far=3895 f2near=3895 f2far=3895
SIPM_ARRIVALS event=387 total=5876
SIPM_ADC event=387 readout=3895 f1far=3895 f2near=3895 f2far=3895
SIPM_ARRIVALS event=473 total=5818
SIPM_ADC event=473 readout=3895 f1far=3895 f2near=3895 f2far=3895
SIPM_ARRIVALS event=388 total=5781
SIPM_ADC event=388 readout=3895 f1far=3895 f2near=3895 f2far=3895
SIPM_ARRIVALS event=389 total=552
SIPM_ADC event=389 readout=1913 f1far=1935 f2near=1940 f2far=1550
SIPM_ARRIVALS event=503 total=6041
SIPM_ADC event=503 readout=3895 f1far=3895 f2near=3895 f2far=3895
SIPM_ARRIVALS event=390 total=1926
SIPM_ADC event=390 readout=3895 f1far=3895 f2near=3895 f2far=3895
SIPM_ARRIVALS event=420 total=5892
SIPM_ADC event=420 readout=3895 f1far=3895 f2near=3895 f2far=3895
SIPM_ARRIVALS event=474 total=5640
SIPM_ADC event=474 readout=3895 f1far=3895 f2near=3895 f2far=3895
SIPM_ARRIVALS event=391 total=5536
SIPM_ADC event=391 readout=3895 f1far=3895 f2near=3895 f2far=3895
SIPM_ARRIVALS event=421 total=5707
SIPM_ADC event=421 readout=3895 f1far=3895 f2near=3895 f2far=3895
SIPM_ARRIVALS event=504 total=5815
SIPM_ADC event=504 readout=3895 f1far=3895 f2near=3895 f2far=3895
SIPM_ARRIVALS event=505 total=2018
SIPM_ADC event=505 readout=3895 f1far=3895 f2near=3895 f2far=3895
SIPM_ARRIVALS event=422 total=5967
SIPM_ADC event=422 readout=3895 f1far=3895 f2near=3895 f2far=3895
SIPM_ARRIVALS event=475 total=5911
SIPM_ADC event=475 readout=3895 f1far=3895 f2near=3895 f2far=3895
SIPM_ARRIVALS event=392 total=5734
SIPM_ADC event=392 readout=3895 f1far=3895 f2near=3895 f2far=3895
SIPM_ARRIVALS event=423 total=3948
SIPM_ADC event=423 readout=3895 f1far=3895 f2near=3895 f2far=3895
SIPM_ARRIVALS event=506 total=5731
SIPM_ADC event=506 readout=3895 f1far=3895 f2near=3895 f2far=3895
SIPM_ARRIVALS event=424 total=4072
SIPM_ADC event=424 readout=3895 f1far=3895 f2near=3895 f2far=3895
SIPM_ARRIVALS event=507 total=5905
SIPM_ADC event=507 readout=3895 f1far=3895 f2near=3895 f2far=3895
SIPM_ARRIVALS event=476 total=5865
SIPM_ADC event=476 readout=3895 f1far=3895 f2near=3895 f2far=3895
SIPM_ARRIVALS event=425 total=5721
SIPM_ADC event=425 readout=3895 f1far=3895 f2near=3895 f2far=3895
SIPM_ARRIVALS event=393 total=6138
SIPM_ADC event=393 readout=3895 f1far=3895 f2near=3895 f2far=3895
SIPM_ARRIVALS event=508 total=5635
SIPM_ADC event=508 readout=3895 f1far=3895 f2near=3895 f2far=3895
SIPM_ARRIVALS event=477 total=6092
SIPM_ADC event=477 readout=3895 f1far=3895 f2near=3895 f2far=3895
SIPM_ARRIVALS event=394 total=5934
SIPM_ADC event=394 readout=3895 f1far=3895 f2near=3895 f2far=3895
SIPM_ARRIVALS event=426 total=6148
SIPM_ADC event=426 readout=3895 f1far=3895 f2near=3895 f2far=3895
SIPM_ARRIVALS event=509 total=6008
SIPM_ADC event=509 readout=3895 f1far=3895 f2near=3895 f2far=3895
SIPM_ARRIVALS event=478 total=5768
SIPM_ADC event=478 readout=3895 f1far=3895 f2near=3895 f2far=3895
SIPM_ARRIVALS event=395 total=5780
SIPM_ADC event=395 readout=3895 f1far=3895 f2near=3895 f2far=3895
SIPM_ARRIVALS event=427 total=5811
SIPM_ADC event=427 readout=3895 f1far=3895 f2near=3895 f2far=3895
SIPM_ARRIVALS event=510 total=4206
SIPM_ADC event=510 readout=3895 f1far=3895 f2near=3895 f2far=3895
SIPM_ARRIVALS event=479 total=5661
SIPM_ADC event=479 readout=3895 f1far=3895 f2near=3895 f2far=3895
SIPM_ARRIVALS event=428 total=5882
SIPM_ADC event=428 readout=3895 f1far=3895 f2near=3895 f2far=3895
SIPM_ARRIVALS event=511 total=5971
SIPM_ADC event=511 readout=3895 f1far=3895 f2near=3895 f2far=3895
SIPM_ARRIVALS event=528 total=5719
SIPM_ADC event=528 readout=3895 f1far=3895 f2near=3895 f2far=3895
SIPM_ARRIVALS event=429 total=5626
SIPM_ADC event=429 readout=3895 f1far=3895 f2near=3895 f2far=3895
SIPM_ARRIVALS event=512 total=5891
SIPM_ADC event=512 readout=3895 f1far=3895 f2near=3895 f2far=3895
SIPM_ARRIVALS event=480 total=5765
SIPM_ADC event=480 readout=3895 f1far=3895 f2near=3895 f2far=3895
SIPM_ARRIVALS event=529 total=5795
SIPM_ADC event=529 readout=3895 f1far=3895 f2near=3895 f2far=3895
SIPM_ARRIVALS event=513 total=4728
SIPM_ADC event=513 readout=3895 f1far=3895 f2near=3895 f2far=3895
SIPM_ARRIVALS event=481 total=5802
SIPM_ADC event=481 readout=3895 f1far=3895 f2near=3895 f2far=3895
SIPM_ARRIVALS event=430 total=5771
SIPM_ADC event=430 readout=3895 f1far=3895 f2near=3895 f2far=3895
SIPM_ARRIVALS event=530 total=5817
SIPM_ADC event=530 readout=3895 f1far=3895 f2near=3895 f2far=3895
SIPM_ARRIVALS event=482 total=5950
SIPM_ADC event=482 readout=3895 f1far=3895 f2near=3895 f2far=3895
SIPM_ARRIVALS event=514 total=5843
SIPM_ADC event=514 readout=3895 f1far=3895 f2near=3895 f2far=3895
SIPM_ARRIVALS event=531 total=5979
SIPM_ADC event=531 readout=3895 f1far=3895 f2near=3895 f2far=3895
SIPM_ARRIVALS event=483 total=5794
SIPM_ADC event=483 readout=3895 f1far=3895 f2near=3895 f2far=3895
SIPM_ARRIVALS event=431 total=5884
SIPM_ADC event=431 readout=3895 f1far=3895 f2near=3895 f2far=3895
SIPM_ARRIVALS event=532 total=5836
SIPM_ADC event=532 readout=3895 f1far=3895 f2near=3895 f2far=3895
SIPM_ARRIVALS event=515 total=6014
SIPM_ADC event=515 readout=3895 f1far=3895 f2near=3895 f2far=3895
SIPM_ARRIVALS event=572 total=5849
SIPM_ADC event=572 readout=3895 f1far=3895 f2near=3895 f2far=3895
SIPM_ARRIVALS event=432 total=6012
SIPM_ADC event=432 readout=3895 f1far=3895 f2near=3895 f2far=3895
SIPM_ARRIVALS event=516 total=4935
SIPM_ADC event=516 readout=3895 f1far=3895 f2near=3895 f2far=3895
SIPM_ARRIVALS event=533 total=5711
SIPM_ADC event=533 readout=3895 f1far=3895 f2near=3895 f2far=3895
SIPM_ARRIVALS event=573 total=5911
SIPM_ADC event=573 readout=3895 f1far=3895 f2near=3895 f2far=3895
SIPM_ARRIVALS event=433 total=5949
SIPM_ADC event=433 readout=3895 f1far=3895 f2near=3895 f2far=3895
SIPM_ARRIVALS event=517 total=5654
SIPM_ADC event=517 readout=3895 f1far=3895 f2near=3895 f2far=3895
SIPM_ARRIVALS event=534 total=5650
SIPM_ADC event=534 readout=3895 f1far=3895 f2near=3895 f2far=3895
SIPM_ARRIVALS event=574 total=5804
SIPM_ADC event=574 readout=3895 f1far=3895 f2near=3895 f2far=3895
SIPM_ARRIVALS event=434 total=5703
SIPM_ADC event=434 readout=3895 f1far=3895 f2near=3895 f2far=3895
SIPM_ARRIVALS event=518 total=5572
SIPM_ADC event=518 readout=3895 f1far=3895 f2near=3895 f2far=3895
SIPM_ARRIVALS event=535 total=5962
SIPM_ADC event=535 readout=3895 f1far=3895 f2near=3895 f2far=3895
SIPM_ARRIVALS event=575 total=5794
SIPM_ADC event=575 readout=3895 f1far=3895 f2near=3895 f2far=3895
SIPM_ARRIVALS event=435 total=5862
SIPM_ADC event=435 readout=3895 f1far=3895 f2near=3895 f2far=3895
SIPM_ARRIVALS event=519 total=5837
SIPM_ADC event=519 readout=3895 f1far=3895 f2near=3895 f2far=3895
SIPM_ARRIVALS event=536 total=5704
SIPM_ADC event=536 readout=3895 f1far=3895 f2near=3895 f2far=3895
SIPM_ARRIVALS event=576 total=7073
SIPM_ADC event=576 readout=3895 f1far=3895 f2near=3895 f2far=3895
SIPM_ARRIVALS event=436 total=5830
SIPM_ADC event=436 readout=3895 f1far=3895 f2near=3895 f2far=3895
SIPM_ARRIVALS event=520 total=5953
SIPM_ADC event=520 readout=3895 f1far=3895 f2near=3895 f2far=3895
SIPM_ARRIVALS event=537 total=5869
SIPM_ADC event=537 readout=3895 f1far=3895 f2near=3895 f2far=3895
SIPM_ARRIVALS event=577 total=5834
SIPM_ADC event=577 readout=3895 f1far=3895 f2near=3895 f2far=3895
SIPM_ARRIVALS event=521 total=5599
SIPM_ADC event=521 readout=3895 f1far=3895 f2near=3895 f2far=3895
SIPM_ARRIVALS event=437 total=5774
SIPM_ADC event=437 readout=3895 f1far=3895 f2near=3895 f2far=3895
SIPM_ARRIVALS event=538 total=5347
SIPM_ADC event=538 readout=3895 f1far=3895 f2near=3895 f2far=3895
SIPM_ARRIVALS event=578 total=5639
SIPM_ADC event=578 readout=3895 f1far=3895 f2near=3895 f2far=3895
SIPM_ARRIVALS event=522 total=5789
SIPM_ADC event=522 readout=3895 f1far=3895 f2near=3895 f2far=3895
SIPM_ARRIVALS event=579 total=5870
SIPM_ADC event=579 readout=3895 f1far=3895 f2near=3895 f2far=3895
SIPM_ARRIVALS event=438 total=5844
SIPM_ADC event=438 readout=3895 f1far=3895 f2near=3895 f2far=3895
SIPM_ARRIVALS event=523 total=5928
SIPM_ADC event=523 readout=3895 f1far=3895 f2near=3895 f2far=3895
SIPM_ARRIVALS event=539 total=6745
SIPM_ADC event=539 readout=3895 f1far=3895 f2near=3895 f2far=3895
SIPM_ARRIVALS event=580 total=5912
SIPM_ADC event=580 readout=3895 f1far=3895 f2near=3895 f2far=3895
SIPM_ARRIVALS event=439 total=5817
SIPM_ADC event=439 readout=3895 f1far=3895 f2near=3895 f2far=3895
SIPM_ARRIVALS event=524 total=5838
SIPM_ADC event=524 readout=3895 f1far=3895 f2near=3895 f2far=3895
SIPM_ARRIVALS event=540 total=5599
SIPM_ADC event=540 readout=3895 f1far=3895 f2near=3895 f2far=3895
SIPM_ARRIVALS event=581 total=3493
SIPM_ADC event=581 readout=3895 f1far=3895 f2near=3895 f2far=3895
SIPM_ARRIVALS event=525 total=5844
SIPM_ADC event=525 readout=3895 f1far=3895 f2near=3895 f2far=3895
SIPM_ARRIVALS event=616 total=6034
SIPM_ADC event=616 readout=3895 f1far=3895 f2near=3895 f2far=3895
SIPM_ARRIVALS event=582 total=5681
SIPM_ADC event=582 readout=3895 f1far=3895 f2near=3895 f2far=3895
SIPM_ARRIVALS event=541 total=6516
SIPM_ADC event=541 readout=3895 f1far=3895 f2near=3895 f2far=3895
SIPM_ARRIVALS event=526 total=6012
SIPM_ADC event=526 readout=3895 f1far=3895 f2near=3895 f2far=3895
SIPM_ARRIVALS event=583 total=5863
SIPM_ADC event=583 readout=3895 f1far=3895 f2near=3895 f2far=3895
SIPM_ARRIVALS event=617 total=5968
SIPM_ADC event=617 readout=3895 f1far=3895 f2near=3895 f2far=3895
SIPM_ARRIVALS event=542 total=4284
SIPM_ADC event=542 readout=3895 f1far=3895 f2near=3895 f2far=3895
SIPM_ARRIVALS event=527 total=5583
SIPM_ADC event=527 readout=3895 f1far=3895 f2near=3895 f2far=3895
SIPM_ARRIVALS event=584 total=5946
SIPM_ADC event=584 readout=3895 f1far=3895 f2near=3895 f2far=3895
SIPM_ARRIVALS event=543 total=5768
SIPM_ADC event=543 readout=3895 f1far=3895 f2near=3895 f2far=3895
SIPM_ARRIVALS event=618 total=5892
SIPM_ADC event=618 readout=3895 f1far=3895 f2near=3895 f2far=3895
SIPM_ARRIVALS event=660 total=5989
SIPM_ADC event=660 readout=3895 f1far=3895 f2near=3895 f2far=3895
SIPM_ARRIVALS event=585 total=5529
SIPM_ADC event=585 readout=3895 f1far=3895 f2near=3895 f2far=3895
SIPM_ARRIVALS event=544 total=5044
SIPM_ADC event=544 readout=3895 f1far=3895 f2near=3895 f2far=3895
SIPM_ARRIVALS event=619 total=5766
SIPM_ADC event=619 readout=3895 f1far=3895 f2near=3895 f2far=3895
SIPM_ARRIVALS event=661 total=5813
SIPM_ADC event=661 readout=3895 f1far=3895 f2near=3895 f2far=3895
SIPM_ARRIVALS event=586 total=5835
SIPM_ADC event=586 readout=3895 f1far=3895 f2near=3895 f2far=3895
SIPM_ARRIVALS event=545 total=5977
SIPM_ADC event=545 readout=3895 f1far=3895 f2near=3895 f2far=3895
SIPM_ARRIVALS event=620 total=5527
SIPM_ADC event=620 readout=3895 f1far=3895 f2near=3895 f2far=3895
SIPM_ARRIVALS event=662 total=5739
SIPM_ADC event=662 readout=3895 f1far=3895 f2near=3895 f2far=3895
SIPM_ARRIVALS event=587 total=5868
SIPM_ADC event=587 readout=3895 f1far=3895 f2near=3895 f2far=3895
SIPM_ARRIVALS event=663 total=5745
SIPM_ADC event=663 readout=3895 f1far=3895 f2near=3895 f2far=3895
SIPM_ARRIVALS event=546 total=5717
SIPM_ADC event=546 readout=3895 f1far=3895 f2near=3895 f2far=3895
SIPM_ARRIVALS event=621 total=5463
SIPM_ADC event=621 readout=3895 f1far=3895 f2near=3895 f2far=3895
SIPM_ARRIVALS event=588 total=5843
SIPM_ADC event=588 readout=3895 f1far=3895 f2near=3895 f2far=3895
SIPM_ARRIVALS event=622 total=5793
SIPM_ADC event=622 readout=3895 f1far=3895 f2near=3895 f2far=3895
SIPM_ARRIVALS event=547 total=5777
SIPM_ADC event=547 readout=3895 f1far=3895 f2near=3895 f2far=3895
SIPM_ARRIVALS event=664 total=6018
SIPM_ADC event=664 readout=3895 f1far=3895 f2near=3895 f2far=3895
SIPM_ARRIVALS event=589 total=5691
SIPM_ADC event=589 readout=3895 f1far=3895 f2near=3895 f2far=3895
SIPM_ARRIVALS event=623 total=5844
SIPM_ADC event=623 readout=3895 f1far=3895 f2near=3895 f2far=3895
SIPM_ARRIVALS event=665 total=5880
SIPM_ADC event=665 readout=3895 f1far=3895 f2near=3895 f2far=3895
SIPM_ARRIVALS event=548 total=5564
SIPM_ADC event=548 readout=3895 f1far=3895 f2near=3895 f2far=3895
SIPM_ARRIVALS event=624 total=5776
SIPM_ADC event=624 readout=3895 f1far=3895 f2near=3895 f2far=3895
SIPM_ARRIVALS event=666 total=5681
SIPM_ADC event=666 readout=3895 f1far=3895 f2near=3895 f2far=3895
SIPM_ARRIVALS event=590 total=5915
SIPM_ADC event=590 readout=3895 f1far=3895 f2near=3895 f2far=3895
SIPM_ARRIVALS event=549 total=3382
SIPM_ADC event=549 readout=3895 f1far=3895 f2near=3895 f2far=3895
SIPM_ARRIVALS event=625 total=5759
SIPM_ADC event=625 readout=3895 f1far=3895 f2near=3895 f2far=3895
SIPM_ARRIVALS event=667 total=5854
SIPM_ADC event=667 readout=3895 f1far=3895 f2near=3895 f2far=3895
SIPM_ARRIVALS event=626 total=2821
SIPM_ADC event=626 readout=3895 f1far=3895 f2near=3895 f2far=3895
SIPM_ARRIVALS event=550 total=5465
SIPM_ADC event=550 readout=3895 f1far=3895 f2near=3895 f2far=3895
SIPM_ARRIVALS event=591 total=5739
SIPM_ADC event=591 readout=3895 f1far=3895 f2near=3895 f2far=3895
SIPM_ARRIVALS event=627 total=5850
SIPM_ADC event=627 readout=3895 f1far=3895 f2near=3895 f2far=3895
SIPM_ARRIVALS event=551 total=5659
SIPM_ADC event=551 readout=3895 f1far=3895 f2near=3895 f2far=3895
SIPM_ARRIVALS event=668 total=5854
SIPM_ADC event=668 readout=3895 f1far=3895 f2near=3895 f2far=3895
SIPM_ARRIVALS event=628 total=5930
SIPM_ADC event=628 readout=3895 f1far=3895 f2near=3895 f2far=3895
SIPM_ARRIVALS event=552 total=5703
SIPM_ADC event=552 readout=3895 f1far=3895 f2near=3895 f2far=3895
SIPM_ARRIVALS event=592 total=5720
SIPM_ADC event=592 readout=3895 f1far=3895 f2near=3895 f2far=3895
SIPM_ARRIVALS event=629 total=5431
SIPM_ADC event=629 readout=3895 f1far=3895 f2near=3895 f2far=3895
SIPM_ARRIVALS event=669 total=4601
SIPM_ADC event=669 readout=3895 f1far=3895 f2near=3895 f2far=3895
SIPM_ARRIVALS event=553 total=5847
SIPM_ADC event=553 readout=3895 f1far=3895 f2near=3895 f2far=3895
SIPM_ARRIVALS event=670 total=5773
SIPM_ADC event=670 readout=3895 f1far=3895 f2near=3895 f2far=3895
SIPM_ARRIVALS event=593 total=5853
SIPM_ADC event=593 readout=3895 f1far=3895 f2near=3895 f2far=3895
SIPM_ARRIVALS event=554 total=5975
SIPM_ADC event=554 readout=3895 f1far=3895 f2near=3895 f2far=3895
SIPM_ARRIVALS event=630 total=5963
SIPM_ADC event=630 readout=3895 f1far=3895 f2near=3895 f2far=3895
SIPM_ARRIVALS event=594 total=5795
SIPM_ADC event=594 readout=3895 f1far=3895 f2near=3895 f2far=3895
SIPM_ARRIVALS event=671 total=6797
SIPM_ADC event=671 readout=3895 f1far=3895 f2near=3895 f2far=3895
SIPM_ARRIVALS event=555 total=5816
SIPM_ADC event=555 readout=3895 f1far=3895 f2near=3895 f2far=3895
SIPM_ARRIVALS event=631 total=5855
SIPM_ADC event=631 readout=3895 f1far=3895 f2near=3895 f2far=3895
SIPM_ARRIVALS event=672 total=5903
SIPM_ADC event=672 readout=3895 f1far=3895 f2near=3895 f2far=3895
SIPM_ARRIVALS event=556 total=5847
SIPM_ADC event=556 readout=3895 f1far=3895 f2near=3895 f2far=3895
SIPM_ARRIVALS event=595 total=5657
SIPM_ADC event=595 readout=3895 f1far=3895 f2near=3895 f2far=3895
SIPM_ARRIVALS event=673 total=5805
SIPM_ADC event=673 readout=3895 f1far=3895 f2near=3895 f2far=3895
SIPM_ARRIVALS event=557 total=5833
SIPM_ADC event=557 readout=3895 f1far=3895 f2near=3895 f2far=3895
SIPM_ARRIVALS event=674 total=1160
SIPM_ADC event=674 readout=3895 f1far=3895 f2near=3895 f2far=3895
SIPM_ARRIVALS event=632 total=5836
SIPM_ADC event=632 readout=3895 f1far=3895 f2near=3895 f2far=3895
SIPM_ARRIVALS event=596 total=5690
SIPM_ADC event=596 readout=3895 f1far=3895 f2near=3895 f2far=3895
SIPM_ARRIVALS event=558 total=5684
SIPM_ADC event=558 readout=3895 f1far=3895 f2near=3895 f2far=3895
SIPM_ARRIVALS event=633 total=5468
SIPM_ADC event=633 readout=3895 f1far=3895 f2near=3895 f2far=3895
SIPM_ARRIVALS event=675 total=5845
SIPM_ADC event=675 readout=3895 f1far=3895 f2near=3895 f2far=3895
SIPM_ARRIVALS event=597 total=6026
SIPM_ADC event=597 readout=3895 f1far=3895 f2near=3895 f2far=3895
SIPM_ARRIVALS event=559 total=5759
SIPM_ADC event=559 readout=3895 f1far=3895 f2near=3895 f2far=3895
SIPM_ARRIVALS event=634 total=5728
SIPM_ADC event=634 readout=3895 f1far=3895 f2near=3895 f2far=3895
SIPM_ARRIVALS event=676 total=5798
SIPM_ADC event=676 readout=3895 f1far=3895 f2near=3895 f2far=3895
SIPM_ARRIVALS event=598 total=5827
SIPM_ADC event=598 readout=3895 f1far=3895 f2near=3895 f2far=3895
SIPM_ARRIVALS event=560 total=5819
SIPM_ADC event=560 readout=3895 f1far=3895 f2near=3895 f2far=3895
SIPM_ARRIVALS event=635 total=5772
SIPM_ADC event=635 readout=3895 f1far=3895 f2near=3895 f2far=3895
SIPM_ARRIVALS event=677 total=5919
SIPM_ADC event=677 readout=3895 f1far=3895 f2near=3895 f2far=3895
SIPM_ARRIVALS event=599 total=5767
SIPM_ADC event=599 readout=3895 f1far=3895 f2near=3895 f2far=3895
SIPM_ARRIVALS event=561 total=5908
SIPM_ADC event=561 readout=3895 f1far=3895 f2near=3895 f2far=3895
SIPM_ARRIVALS event=636 total=5450
SIPM_ADC event=636 readout=3895 f1far=3895 f2near=3895 f2far=3895
SIPM_ARRIVALS event=678 total=5531
SIPM_ADC event=678 readout=3895 f1far=3895 f2near=3895 f2far=3895
SIPM_ARRIVALS event=562 total=5687
SIPM_ADC event=562 readout=3895 f1far=3895 f2near=3895 f2far=3895
SIPM_ARRIVALS event=637 total=5767
SIPM_ADC event=637 readout=3895 f1far=3895 f2near=3895 f2far=3895
SIPM_ARRIVALS event=600 total=5949
SIPM_ADC event=600 readout=3895 f1far=3895 f2near=3895 f2far=3895
SIPM_ARRIVALS event=563 total=6042
SIPM_ADC event=563 readout=3895 f1far=3895 f2near=3895 f2far=3895
SIPM_ARRIVALS event=638 total=6526
SIPM_ADC event=638 readout=3895 f1far=3895 f2near=3895 f2far=3895
SIPM_ARRIVALS event=679 total=6082
SIPM_ADC event=679 readout=3895 f1far=3895 f2near=3895 f2far=3895
SIPM_ARRIVALS event=601 total=4971
SIPM_ADC event=601 readout=3895 f1far=3895 f2near=3895 f2far=3895
SIPM_ARRIVALS event=564 total=5910
SIPM_ADC event=564 readout=3895 f1far=3895 f2near=3895 f2far=3895
SIPM_ARRIVALS event=680 total=5834
SIPM_ADC event=680 readout=3895 f1far=3895 f2near=3895 f2far=3895
SIPM_ARRIVALS event=639 total=5920
SIPM_ADC event=639 readout=3895 f1far=3895 f2near=3895 f2far=3895
SIPM_ARRIVALS event=565 total=5795
SIPM_ADC event=565 readout=3895 f1far=3895 f2near=3895 f2far=3895
SIPM_ARRIVALS event=681 total=6639
SIPM_ADC event=681 readout=3895 f1far=3895 f2near=3895 f2far=3895
SIPM_ARRIVALS event=602 total=5926
SIPM_ADC event=602 readout=3895 f1far=3895 f2near=3895 f2far=3895
SIPM_ARRIVALS event=566 total=5780
SIPM_ADC event=566 readout=3895 f1far=3895 f2near=3895 f2far=3895
SIPM_ARRIVALS event=640 total=5790
SIPM_ADC event=640 readout=3895 f1far=3895 f2near=3895 f2far=3895
SIPM_ARRIVALS event=682 total=5752
SIPM_ADC event=682 readout=3895 f1far=3895 f2near=3895 f2far=3895
SIPM_ARRIVALS event=603 total=5781
SIPM_ADC event=603 readout=3895 f1far=3895 f2near=3895 f2far=3895
SIPM_ARRIVALS event=567 total=5623
SIPM_ADC event=567 readout=3895 f1far=3895 f2near=3895 f2far=3895
SIPM_ARRIVALS event=683 total=5839
SIPM_ADC event=683 readout=3895 f1far=3895 f2near=3895 f2far=3895
SIPM_ARRIVALS event=641 total=5960
SIPM_ADC event=641 readout=3895 f1far=3895 f2near=3895 f2far=3895
SIPM_ARRIVALS event=604 total=5975
SIPM_ADC event=604 readout=3895 f1far=3895 f2near=3895 f2far=3895
SIPM_ARRIVALS event=568 total=5760
SIPM_ADC event=568 readout=3895 f1far=3895 f2near=3895 f2far=3895
SIPM_ARRIVALS event=684 total=3972
SIPM_ADC event=684 readout=3895 f1far=3895 f2near=3895 f2far=3895
SIPM_ARRIVALS event=642 total=5695
SIPM_ADC event=642 readout=3895 f1far=3895 f2near=3895 f2far=3895
SIPM_ARRIVALS event=605 total=5919
SIPM_ADC event=605 readout=3895 f1far=3895 f2near=3895 f2far=3895
SIPM_ARRIVALS event=569 total=5731
SIPM_ADC event=569 readout=3895 f1far=3895 f2near=3895 f2far=3895
SIPM_ARRIVALS event=685 total=5542
SIPM_ADC event=685 readout=3895 f1far=3895 f2near=3895 f2far=3895
SIPM_ARRIVALS event=643 total=6022
SIPM_ADC event=643 readout=3895 f1far=3895 f2near=3895 f2far=3895
SIPM_ARRIVALS event=606 total=5790
SIPM_ADC event=606 readout=3895 f1far=3895 f2near=3895 f2far=3895
SIPM_ARRIVALS event=570 total=5689
SIPM_ADC event=570 readout=3895 f1far=3895 f2near=3895 f2far=3895
SIPM_ARRIVALS event=686 total=5767
SIPM_ADC event=686 readout=3895 f1far=3895 f2near=3895 f2far=3895
SIPM_ARRIVALS event=644 total=5919
SIPM_ADC event=644 readout=3895 f1far=3895 f2near=3895 f2far=3895
SIPM_ARRIVALS event=607 total=6011
SIPM_ADC event=607 readout=3895 f1far=3895 f2near=3895 f2far=3895
SIPM_ARRIVALS event=645 total=2791
SIPM_ADC event=645 readout=3895 f1far=3895 f2near=3895 f2far=3895
SIPM_ARRIVALS event=687 total=6066
SIPM_ADC event=687 readout=3895 f1far=3895 f2near=3895 f2far=3895
SIPM_ARRIVALS event=571 total=5994
SIPM_ADC event=571 readout=3895 f1far=3895 f2near=3895 f2far=3895
SIPM_ARRIVALS event=646 total=6125
SIPM_ADC event=646 readout=3895 f1far=3895 f2near=3895 f2far=3895
SIPM_ARRIVALS event=704 total=5612
SIPM_ADC event=704 readout=3895 f1far=3895 f2near=3895 f2far=3895
SIPM_ARRIVALS event=608 total=5862
SIPM_ADC event=608 readout=3895 f1far=3895 f2near=3895 f2far=3895
SIPM_ARRIVALS event=688 total=5758
SIPM_ADC event=688 readout=3895 f1far=3895 f2near=3895 f2far=3895
SIPM_ARRIVALS event=647 total=5921
SIPM_ADC event=647 readout=3895 f1far=3895 f2near=3895 f2far=3895
SIPM_ARRIVALS event=705 total=5789
SIPM_ADC event=705 readout=3895 f1far=3895 f2near=3895 f2far=3895
SIPM_ARRIVALS event=648 total=5727
SIPM_ADC event=648 readout=3895 f1far=3895 f2near=3895 f2far=3895
SIPM_ARRIVALS event=706 total=5961
SIPM_ADC event=706 readout=3895 f1far=3895 f2near=3895 f2far=3895
SIPM_ARRIVALS event=609 total=5808
SIPM_ADC event=609 readout=3895 f1far=3895 f2near=3895 f2far=3895
SIPM_ARRIVALS event=689 total=5964
SIPM_ADC event=689 readout=3895 f1far=3895 f2near=3895 f2far=3895
SIPM_ARRIVALS event=649 total=5920
SIPM_ADC event=649 readout=3895 f1far=3895 f2near=3895 f2far=3895
SIPM_ARRIVALS event=707 total=5887
SIPM_ADC event=707 readout=3895 f1far=3895 f2near=3895 f2far=3895
SIPM_ARRIVALS event=650 total=5726
SIPM_ADC event=650 readout=3895 f1far=3895 f2near=3895 f2far=3895
SIPM_ARRIVALS event=708 total=5622
SIPM_ADC event=708 readout=3895 f1far=3895 f2near=3895 f2far=3895
SIPM_ARRIVALS event=610 total=5614
SIPM_ADC event=610 readout=3895 f1far=3895 f2near=3895 f2far=3895
SIPM_ARRIVALS event=690 total=5929
SIPM_ADC event=690 readout=3895 f1far=3895 f2near=3895 f2far=3895
SIPM_ARRIVALS event=651 total=5801
SIPM_ADC event=651 readout=3895 f1far=3895 f2near=3895 f2far=3895
SIPM_ARRIVALS event=709 total=5905
SIPM_ADC event=709 readout=3895 f1far=3895 f2near=3895 f2far=3895
SIPM_ARRIVALS event=652 total=5750
SIPM_ADC event=652 readout=3895 f1far=3895 f2near=3895 f2far=3895
SIPM_ARRIVALS event=710 total=5886
SIPM_ADC event=710 readout=3895 f1far=3895 f2near=3895 f2far=3895
SIPM_ARRIVALS event=611 total=5882
SIPM_ADC event=611 readout=3895 f1far=3895 f2near=3895 f2far=3895
SIPM_ARRIVALS event=691 total=5565
SIPM_ADC event=691 readout=3895 f1far=3895 f2near=3895 f2far=3895
SIPM_ARRIVALS event=711 total=5142
SIPM_ADC event=711 readout=3895 f1far=3895 f2near=3895 f2far=3895
SIPM_ARRIVALS event=653 total=5871
SIPM_ADC event=653 readout=3895 f1far=3895 f2near=3895 f2far=3895
SIPM_ARRIVALS event=692 total=3880
SIPM_ADC event=692 readout=3895 f1far=3895 f2near=3895 f2far=3895
SIPM_ARRIVALS event=712 total=5799
SIPM_ADC event=712 readout=3895 f1far=3895 f2near=3895 f2far=3895
SIPM_ARRIVALS event=654 total=5737
SIPM_ADC event=654 readout=3895 f1far=3895 f2near=3895 f2far=3895
SIPM_ARRIVALS event=612 total=5762
SIPM_ADC event=612 readout=3895 f1far=3895 f2near=3895 f2far=3895
SIPM_ARRIVALS event=713 total=5791
SIPM_ADC event=713 readout=3895 f1far=3895 f2near=3895 f2far=3895
SIPM_ARRIVALS event=655 total=5897
SIPM_ADC event=655 readout=3895 f1far=3895 f2near=3895 f2far=3895
SIPM_ARRIVALS event=714 total=5777
SIPM_ADC event=714 readout=3895 f1far=3895 f2near=3895 f2far=3895
SIPM_ARRIVALS event=693 total=5756
SIPM_ADC event=693 readout=3895 f1far=3895 f2near=3895 f2far=3895
SIPM_ARRIVALS event=613 total=5942
SIPM_ADC event=613 readout=3895 f1far=3895 f2near=3895 f2far=3895
SIPM_ARRIVALS event=715 total=5867
SIPM_ADC event=715 readout=3895 f1far=3895 f2near=3895 f2far=3895
SIPM_ARRIVALS event=656 total=5747
SIPM_ADC event=656 readout=3895 f1far=3895 f2near=3895 f2far=3895
SIPM_ARRIVALS event=716 total=5576
SIPM_ADC event=716 readout=3895 f1far=3895 f2near=3895 f2far=3895
SIPM_ARRIVALS event=694 total=5819
SIPM_ADC event=694 readout=3895 f1far=3895 f2near=3895 f2far=3895
SIPM_ARRIVALS event=717 total=5911
SIPM_ADC event=717 readout=3895 f1far=3895 f2near=3895 f2far=3895
SIPM_ARRIVALS event=614 total=5788
SIPM_ADC event=614 readout=3895 f1far=3895 f2near=3895 f2far=3895
SIPM_ARRIVALS event=718 total=2685
SIPM_ADC event=718 readout=3895 f1far=3895 f2near=3895 f2far=3895
SIPM_ARRIVALS event=695 total=5915
SIPM_ADC event=695 readout=3895 f1far=3895 f2near=3895 f2far=3895
SIPM_ARRIVALS event=657 total=5744
SIPM_ADC event=657 readout=3895 f1far=3895 f2near=3895 f2far=3895
SIPM_ARRIVALS event=719 total=5767
SIPM_ADC event=719 readout=3895 f1far=3895 f2near=3895 f2far=3895
SIPM_ARRIVALS event=696 total=5686
SIPM_ADC event=696 readout=3895 f1far=3895 f2near=3895 f2far=3895
SIPM_ARRIVALS event=615 total=5709
SIPM_ADC event=615 readout=3895 f1far=3895 f2near=3895 f2far=3895
SIPM_ARRIVALS event=720 total=5991
SIPM_ADC event=720 readout=3895 f1far=3895 f2near=3895 f2far=3895
SIPM_ARRIVALS event=658 total=5993
SIPM_ADC event=658 readout=3895 f1far=3895 f2near=3895 f2far=3895
SIPM_ARRIVALS event=697 total=5914
SIPM_ADC event=697 readout=3895 f1far=3895 f2near=3895 f2far=3895
SIPM_ARRIVALS event=721 total=5889
SIPM_ADC event=721 readout=3895 f1far=3895 f2near=3895 f2far=3895
SIPM_ARRIVALS event=748 total=5904
SIPM_ADC event=748 readout=3895 f1far=3895 f2near=3895 f2far=3895
SIPM_ARRIVALS event=698 total=5800
SIPM_ADC event=698 readout=3895 f1far=3895 f2near=3895 f2far=3895
SIPM_ARRIVALS event=722 total=5908
SIPM_ADC event=722 readout=3895 f1far=3895 f2near=3895 f2far=3895
SIPM_ARRIVALS event=659 total=5830
SIPM_ADC event=659 readout=3895 f1far=3895 f2near=3895 f2far=3895
SIPM_ARRIVALS event=699 total=5768
SIPM_ADC event=699 readout=3895 f1far=3895 f2near=3895 f2far=3895
SIPM_ARRIVALS event=723 total=5735
SIPM_ADC event=723 readout=3895 f1far=3895 f2near=3895 f2far=3895
SIPM_ARRIVALS event=749 total=5801
SIPM_ADC event=749 readout=3895 f1far=3895 f2near=3895 f2far=3895
SIPM_ARRIVALS event=700 total=5841
SIPM_ADC event=700 readout=3895 f1far=3895 f2near=3895 f2far=3895
SIPM_ARRIVALS event=724 total=5770
SIPM_ADC event=724 readout=3895 f1far=3895 f2near=3895 f2far=3895
SIPM_ARRIVALS event=792 total=5807
SIPM_ADC event=792 readout=3895 f1far=3895 f2near=3895 f2far=3895
SIPM_ARRIVALS event=701 total=6070
SIPM_ADC event=701 readout=3895 f1far=3895 f2near=3895 f2far=3895
SIPM_ARRIVALS event=725 total=4659
SIPM_ADC event=725 readout=3895 f1far=3895 f2near=3895 f2far=3895
SIPM_ARRIVALS event=750 total=5759
SIPM_ADC event=750 readout=3895 f1far=3895 f2near=3895 f2far=3895
SIPM_ARRIVALS event=726 total=5901
SIPM_ADC event=726 readout=3895 f1far=3895 f2near=3895 f2far=3895
SIPM_ARRIVALS event=727 total=5806
SIPM_ADC event=727 readout=3895 f1far=3895 f2near=3895 f2far=3895
SIPM_ARRIVALS event=793 total=6047
SIPM_ADC event=793 readout=3895 f1far=3895 f2near=3895 f2far=3895
SIPM_ARRIVALS event=702 total=6205
SIPM_ADC event=702 readout=3895 f1far=3895 f2near=3895 f2far=3895
SIPM_ARRIVALS event=728 total=5922
SIPM_ADC event=728 readout=3895 f1far=3895 f2near=3895 f2far=3895
SIPM_ARRIVALS event=751 total=5543
SIPM_ADC event=751 readout=3895 f1far=3895 f2near=3895 f2far=3895
SIPM_ARRIVALS event=729 total=5760
SIPM_ADC event=729 readout=3895 f1far=3895 f2near=3895 f2far=3895
SIPM_ARRIVALS event=730 total=6034
SIPM_ADC event=730 readout=3895 f1far=3895 f2near=3895 f2far=3895
SIPM_ARRIVALS event=794 total=5689
SIPM_ADC event=794 readout=3895 f1far=3895 f2near=3895 f2far=3895
SIPM_ARRIVALS event=703 total=5848
SIPM_ADC event=703 readout=3895 f1far=3895 f2near=3895 f2far=3895
SIPM_ARRIVALS event=752 total=5954
SIPM_ADC event=752 readout=3895 f1far=3895 f2near=3895 f2far=3895
SIPM_ARRIVALS event=731 total=5758
SIPM_ADC event=731 readout=3895 f1far=3895 f2near=3895 f2far=3895
SIPM_ARRIVALS event=732 total=6010
SIPM_ADC event=732 readout=3895 f1far=3895 f2near=3895 f2far=3895
SIPM_ARRIVALS event=795 total=5888
SIPM_ADC event=795 readout=3895 f1far=3895 f2near=3895 f2far=3895
SIPM_ARRIVALS event=733 total=5729
SIPM_ADC event=733 readout=3895 f1far=3895 f2near=3895 f2far=3895
SIPM_ARRIVALS event=836 total=5797
SIPM_ADC event=836 readout=3895 f1far=3895 f2near=3895 f2far=3895
SIPM_ARRIVALS event=753 total=5790
SIPM_ADC event=753 readout=3895 f1far=3895 f2near=3895 f2far=3895
SIPM_ARRIVALS event=734 total=6056
SIPM_ADC event=734 readout=3895 f1far=3895 f2near=3895 f2far=3895
SIPM_ARRIVALS event=735 total=5845
SIPM_ADC event=735 readout=3895 f1far=3895 f2near=3895 f2far=3895
SIPM_ARRIVALS event=796 total=5824
SIPM_ADC event=796 readout=3895 f1far=3895 f2near=3895 f2far=3895
SIPM_ARRIVALS event=736 total=5894
SIPM_ADC event=736 readout=3895 f1far=3895 f2near=3895 f2far=3895
SIPM_ARRIVALS event=754 total=5646
SIPM_ADC event=754 readout=3895 f1far=3895 f2near=3895 f2far=3895
SIPM_ARRIVALS event=837 total=5885
SIPM_ADC event=837 readout=3895 f1far=3895 f2near=3895 f2far=3895
SIPM_ARRIVALS event=737 total=5749
SIPM_ADC event=737 readout=3895 f1far=3895 f2near=3895 f2far=3895
SIPM_ARRIVALS event=738 total=6691
SIPM_ADC event=738 readout=3895 f1far=3895 f2near=3895 f2far=3895
SIPM_ARRIVALS event=797 total=5770
SIPM_ADC event=797 readout=3895 f1far=3895 f2near=3895 f2far=3895
SIPM_ARRIVALS event=739 total=5934
SIPM_ADC event=739 readout=3895 f1far=3895 f2near=3895 f2far=3895
SIPM_ARRIVALS event=755 total=5993
SIPM_ADC event=755 readout=3895 f1far=3895 f2near=3895 f2far=3895
SIPM_ARRIVALS event=838 total=5868
SIPM_ADC event=838 readout=3895 f1far=3895 f2near=3895 f2far=3895
SIPM_ARRIVALS event=740 total=5556
SIPM_ADC event=740 readout=3895 f1far=3895 f2near=3895 f2far=3895
SIPM_ARRIVALS event=741 total=5783
SIPM_ADC event=741 readout=3895 f1far=3895 f2near=3895 f2far=3895
SIPM_ARRIVALS event=798 total=5784
SIPM_ADC event=798 readout=3895 f1far=3895 f2near=3895 f2far=3895
SIPM_ARRIVALS event=742 total=5708
SIPM_ADC event=742 readout=3895 f1far=3895 f2near=3895 f2far=3895
SIPM_ARRIVALS event=839 total=5887
SIPM_ADC event=839 readout=3895 f1far=3895 f2near=3895 f2far=3895
SIPM_ARRIVALS event=756 total=5938
SIPM_ADC event=756 readout=3895 f1far=3895 f2near=3895 f2far=3895
SIPM_ARRIVALS event=743 total=5795
SIPM_ADC event=743 readout=3895 f1far=3895 f2near=3895 f2far=3895
SIPM_ARRIVALS event=840 total=4596
SIPM_ADC event=840 readout=3895 f1far=3895 f2near=3895 f2far=3895
SIPM_ARRIVALS event=757 total=5882
SIPM_ADC event=757 readout=3895 f1far=3895 f2near=3895 f2far=3895
SIPM_ARRIVALS event=799 total=5964
SIPM_ADC event=799 readout=3895 f1far=3895 f2near=3895 f2far=3895
SIPM_ARRIVALS event=744 total=5768
SIPM_ADC event=744 readout=3895 f1far=3895 f2near=3895 f2far=3895
SIPM_ARRIVALS event=841 total=5932
SIPM_ADC event=841 readout=3895 f1far=3895 f2near=3895 f2far=3895
SIPM_ARRIVALS event=758 total=5774
SIPM_ADC event=758 readout=3895 f1far=3895 f2near=3895 f2far=3895
SIPM_ARRIVALS event=842 total=5919
SIPM_ADC event=842 readout=3895 f1far=3895 f2near=3895 f2far=3895
SIPM_ARRIVALS event=759 total=3284
SIPM_ADC event=759 readout=3895 f1far=3895 f2near=3895 f2far=3895
SIPM_ARRIVALS event=745 total=5690
SIPM_ADC event=745 readout=3895 f1far=3895 f2near=3895 f2far=3895
SIPM_ARRIVALS event=800 total=6111
SIPM_ADC event=800 readout=3895 f1far=3895 f2near=3895 f2far=3895
SIPM_ARRIVALS event=843 total=5671
SIPM_ADC event=843 readout=3895 f1far=3895 f2near=3895 f2far=3895
SIPM_ARRIVALS event=760 total=5779
SIPM_ADC event=760 readout=3895 f1far=3895 f2near=3895 f2far=3895
SIPM_ARRIVALS event=844 total=5674
SIPM_ADC event=844 readout=3895 f1far=3895 f2near=3895 f2far=3895
SIPM_ARRIVALS event=761 total=5755
SIPM_ADC event=761 readout=3895 f1far=3895 f2near=3895 f2far=3895
SIPM_ARRIVALS event=801 total=5812
SIPM_ADC event=801 readout=3895 f1far=3895 f2near=3895 f2far=3895
SIPM_ARRIVALS event=746 total=5859
SIPM_ADC event=746 readout=3895 f1far=3895 f2near=3895 f2far=3895
SIPM_ARRIVALS event=845 total=6447
SIPM_ADC event=845 readout=3895 f1far=3895 f2near=3895 f2far=3895
SIPM_ARRIVALS event=762 total=5785
SIPM_ADC event=762 readout=3895 f1far=3895 f2near=3895 f2far=3895
SIPM_ARRIVALS event=763 total=5714
SIPM_ADC event=763 readout=3895 f1far=3895 f2near=3895 f2far=3895
SIPM_ARRIVALS event=802 total=5789
SIPM_ADC event=802 readout=3895 f1far=3895 f2near=3895 f2far=3895
SIPM_ARRIVALS event=846 total=5874
SIPM_ADC event=846 readout=3895 f1far=3895 f2near=3895 f2far=3895
SIPM_ARRIVALS event=747 total=5914
SIPM_ADC event=747 readout=3895 f1far=3895 f2near=3895 f2far=3895
SIPM_ARRIVALS event=764 total=5262
SIPM_ADC event=764 readout=3895 f1far=3895 f2near=3895 f2far=3895
SIPM_ARRIVALS event=803 total=6074
SIPM_ADC event=803 readout=3895 f1far=3895 f2near=3895 f2far=3895
SIPM_ARRIVALS event=765 total=5907
SIPM_ADC event=765 readout=3895 f1far=3895 f2near=3895 f2far=3895
SIPM_ARRIVALS event=847 total=5877
SIPM_ADC event=847 readout=3895 f1far=3895 f2near=3895 f2far=3895
SIPM_ARRIVALS event=804 total=6989
SIPM_ADC event=804 readout=3895 f1far=3895 f2near=3895 f2far=3895
SIPM_ARRIVALS event=880 total=6526
SIPM_ADC event=880 readout=3895 f1far=3895 f2near=3895 f2far=3895
SIPM_ARRIVALS event=766 total=5839
SIPM_ADC event=766 readout=3895 f1far=3895 f2near=3895 f2far=3895
SIPM_ARRIVALS event=805 total=5882
SIPM_ADC event=805 readout=3895 f1far=3895 f2near=3895 f2far=3895
SIPM_ARRIVALS event=767 total=5816
SIPM_ADC event=767 readout=3895 f1far=3895 f2near=3895 f2far=3895
SIPM_ARRIVALS event=848 total=5840
SIPM_ADC event=848 readout=3895 f1far=3895 f2near=3895 f2far=3895
SIPM_ARRIVALS event=806 total=5869
SIPM_ADC event=806 readout=3895 f1far=3895 f2near=3895 f2far=3895
SIPM_ARRIVALS event=881 total=5970
SIPM_ADC event=881 readout=3895 f1far=3895 f2near=3895 f2far=3895
SIPM_ARRIVALS event=768 total=5743
SIPM_ADC event=768 readout=3895 f1far=3895 f2near=3895 f2far=3895
SIPM_ARRIVALS event=807 total=5808
SIPM_ADC event=807 readout=3895 f1far=3895 f2near=3895 f2far=3895
SIPM_ARRIVALS event=849 total=5964
SIPM_ADC event=849 readout=3895 f1far=3895 f2near=3895 f2far=3895
SIPM_ARRIVALS event=769 total=5779
SIPM_ADC event=769 readout=3895 f1far=3895 f2near=3895 f2far=3895
SIPM_ARRIVALS event=882 total=5745
SIPM_ADC event=882 readout=3895 f1far=3895 f2near=3895 f2far=3895
SIPM_ARRIVALS event=808 total=5992
SIPM_ADC event=808 readout=3895 f1far=3895 f2near=3895 f2far=3895
SIPM_ARRIVALS event=770 total=5762
SIPM_ADC event=770 readout=3895 f1far=3895 f2near=3895 f2far=3895
SIPM_ARRIVALS event=883 total=5813
SIPM_ADC event=883 readout=3895 f1far=3895 f2near=3895 f2far=3895
SIPM_ARRIVALS event=850 total=5943
SIPM_ADC event=850 readout=3895 f1far=3895 f2near=3895 f2far=3895
SIPM_ARRIVALS event=884 total=3843
SIPM_ADC event=884 readout=3895 f1far=3895 f2near=3895 f2far=3895
SIPM_ARRIVALS event=771 total=5778
SIPM_ADC event=771 readout=3895 f1far=3895 f2near=3895 f2far=3895
SIPM_ARRIVALS event=809 total=5793
SIPM_ADC event=809 readout=3895 f1far=3895 f2near=3895 f2far=3895
SIPM_ARRIVALS event=772 total=5790
SIPM_ADC event=772 readout=3895 f1far=3895 f2near=3895 f2far=3895
SIPM_ARRIVALS event=851 total=5759
SIPM_ADC event=851 readout=3895 f1far=3895 f2near=3895 f2far=3895
SIPM_ARRIVALS event=885 total=5848
SIPM_ADC event=885 readout=3895 f1far=3895 f2near=3895 f2far=3895
SIPM_ARRIVALS event=810 total=5711
SIPM_ADC event=810 readout=3895 f1far=3895 f2near=3895 f2far=3895
SIPM_ARRIVALS event=852 total=5930
SIPM_ADC event=852 readout=3895 f1far=3895 f2near=3895 f2far=3895
SIPM_ARRIVALS event=773 total=6141
SIPM_ADC event=773 readout=3895 f1far=3895 f2near=3895 f2far=3895
SIPM_ARRIVALS event=886 total=5868
SIPM_ADC event=886 readout=3895 f1far=3895 f2near=3895 f2far=3895
SIPM_ARRIVALS event=853 total=3824
SIPM_ADC event=853 readout=3895 f1far=3895 f2near=3895 f2far=3895
SIPM_ARRIVALS event=774 total=5793
SIPM_ADC event=774 readout=3895 f1far=3895 f2near=3895 f2far=3895
SIPM_ARRIVALS event=811 total=5689
SIPM_ADC event=811 readout=3895 f1far=3895 f2near=3895 f2far=3895
SIPM_ARRIVALS event=854 total=5681
SIPM_ADC event=854 readout=3895 f1far=3895 f2near=3895 f2far=3895
SIPM_ARRIVALS event=775 total=5649
SIPM_ADC event=775 readout=3895 f1far=3895 f2near=3895 f2far=3895
SIPM_ARRIVALS event=887 total=5831
SIPM_ADC event=887 readout=3895 f1far=3895 f2near=3895 f2far=3895
SIPM_ARRIVALS event=855 total=5672
SIPM_ADC event=855 readout=3895 f1far=3895 f2near=3895 f2far=3895
SIPM_ARRIVALS event=776 total=6057
SIPM_ADC event=776 readout=3895 f1far=3895 f2near=3895 f2far=3895
SIPM_ARRIVALS event=812 total=5970
SIPM_ADC event=812 readout=3895 f1far=3895 f2near=3895 f2far=3895
SIPM_ARRIVALS event=856 total=5940
SIPM_ADC event=856 readout=3895 f1far=3895 f2near=3895 f2far=3895
SIPM_ARRIVALS event=777 total=5788
SIPM_ADC event=777 readout=3895 f1far=3895 f2near=3895 f2far=3895
SIPM_ARRIVALS event=888 total=5675
SIPM_ADC event=888 readout=3895 f1far=3895 f2near=3895 f2far=3895
SIPM_ARRIVALS event=857 total=6792
SIPM_ADC event=857 readout=3895 f1far=3895 f2near=3895 f2far=3895
SIPM_ARRIVALS event=778 total=5815
SIPM_ADC event=778 readout=3895 f1far=3895 f2near=3895 f2far=3895
SIPM_ARRIVALS event=813 total=5760
SIPM_ADC event=813 readout=3895 f1far=3895 f2near=3895 f2far=3895
SIPM_ARRIVALS event=858 total=5732
SIPM_ADC event=858 readout=3895 f1far=3895 f2near=3895 f2far=3895
SIPM_ARRIVALS event=779 total=5747
SIPM_ADC event=779 readout=3895 f1far=3895 f2near=3895 f2far=3895
SIPM_ARRIVALS event=889 total=5950
SIPM_ADC event=889 readout=3895 f1far=3895 f2near=3895 f2far=3895
SIPM_ARRIVALS event=859 total=6027
SIPM_ADC event=859 readout=3895 f1far=3895 f2near=3895 f2far=3895
SIPM_ARRIVALS event=780 total=5904
SIPM_ADC event=780 readout=3895 f1far=3895 f2near=3895 f2far=3895
SIPM_ARRIVALS event=814 total=5856
SIPM_ADC event=814 readout=3895 f1far=3895 f2near=3895 f2far=3895
SIPM_ARRIVALS event=860 total=5657
SIPM_ADC event=860 readout=3895 f1far=3895 f2near=3895 f2far=3895
SIPM_ARRIVALS event=781 total=5937
SIPM_ADC event=781 readout=3895 f1far=3895 f2near=3895 f2far=3895
SIPM_ARRIVALS event=890 total=5967
SIPM_ADC event=890 readout=3895 f1far=3895 f2near=3895 f2far=3895
SIPM_ARRIVALS event=861 total=5706
SIPM_ADC event=861 readout=3895 f1far=3895 f2near=3895 f2far=3895
SIPM_ARRIVALS event=815 total=5845
SIPM_ADC event=815 readout=3895 f1far=3895 f2near=3895 f2far=3895
SIPM_ARRIVALS event=782 total=5811
SIPM_ADC event=782 readout=3895 f1far=3895 f2near=3895 f2far=3895
SIPM_ARRIVALS event=891 total=5938
SIPM_ADC event=891 readout=3895 f1far=3895 f2near=3895 f2far=3895
SIPM_ARRIVALS event=862 total=5927
SIPM_ADC event=862 readout=3895 f1far=3895 f2near=3895 f2far=3895
SIPM_ARRIVALS event=816 total=5873
SIPM_ADC event=816 readout=3895 f1far=3895 f2near=3895 f2far=3895
SIPM_ARRIVALS event=783 total=5989
SIPM_ADC event=783 readout=3895 f1far=3895 f2near=3895 f2far=3895
SIPM_ARRIVALS event=863 total=5768
SIPM_ADC event=863 readout=3895 f1far=3895 f2near=3895 f2far=3895
SIPM_ARRIVALS event=817 total=5868
SIPM_ADC event=817 readout=3895 f1far=3895 f2near=3895 f2far=3895
SIPM_ARRIVALS event=892 total=6019
SIPM_ADC event=892 readout=3895 f1far=3895 f2near=3895 f2far=3895
SIPM_ARRIVALS event=864 total=5799
SIPM_ADC event=864 readout=3895 f1far=3895 f2near=3895 f2far=3895
SIPM_ARRIVALS event=818 total=5923
SIPM_ADC event=818 readout=3895 f1far=3895 f2near=3895 f2far=3895
SIPM_ARRIVALS event=784 total=5876
SIPM_ADC event=784 readout=3895 f1far=3895 f2near=3895 f2far=3895
SIPM_ARRIVALS event=893 total=5862
SIPM_ADC event=893 readout=3895 f1far=3895 f2near=3895 f2far=3895
SIPM_ARRIVALS event=865 total=6056
SIPM_ADC event=865 readout=3895 f1far=3895 f2near=3895 f2far=3895
SIPM_ARRIVALS event=894 total=1780
SIPM_ADC event=894 readout=3895 f1far=3895 f2near=3895 f2far=3895
SIPM_ARRIVALS event=819 total=5919
SIPM_ADC event=819 readout=3895 f1far=3895 f2near=3895 f2far=3895
SIPM_ARRIVALS event=866 total=5995
SIPM_ADC event=866 readout=3895 f1far=3895 f2near=3895 f2far=3895
SIPM_ARRIVALS event=785 total=5691
SIPM_ADC event=785 readout=3895 f1far=3895 f2near=3895 f2far=3895
SIPM_ARRIVALS event=820 total=5993
SIPM_ADC event=820 readout=3895 f1far=3895 f2near=3895 f2far=3895
SIPM_ARRIVALS event=867 total=5778
SIPM_ADC event=867 readout=3895 f1far=3895 f2near=3895 f2far=3895
SIPM_ARRIVALS event=895 total=5943
SIPM_ADC event=895 readout=3895 f1far=3895 f2near=3895 f2far=3895
SIPM_ARRIVALS event=821 total=5874
SIPM_ADC event=821 readout=3895 f1far=3895 f2near=3895 f2far=3895
SIPM_ARRIVALS event=786 total=5697
SIPM_ADC event=786 readout=3895 f1far=3895 f2near=3895 f2far=3895
SIPM_ARRIVALS event=868 total=5949
SIPM_ADC event=868 readout=3895 f1far=3895 f2near=3895 f2far=3895
SIPM_ARRIVALS event=822 total=5982
SIPM_ADC event=822 readout=3895 f1far=3895 f2near=3895 f2far=3895
SIPM_ARRIVALS event=896 total=5566
SIPM_ADC event=896 readout=3895 f1far=3895 f2near=3895 f2far=3895
SIPM_ARRIVALS event=787 total=5650
SIPM_ADC event=787 readout=3895 f1far=3895 f2near=3895 f2far=3895
SIPM_ARRIVALS event=869 total=5838
SIPM_ADC event=869 readout=3895 f1far=3895 f2near=3895 f2far=3895
SIPM_ARRIVALS event=788 total=5765
SIPM_ADC event=788 readout=3895 f1far=3895 f2near=3895 f2far=3895
SIPM_ARRIVALS event=870 total=5723
SIPM_ADC event=870 readout=3895 f1far=3895 f2near=3895 f2far=3895
SIPM_ARRIVALS event=823 total=5755
SIPM_ADC event=823 readout=3895 f1far=3895 f2near=3895 f2far=3895
SIPM_ARRIVALS event=897 total=5905
SIPM_ADC event=897 readout=3895 f1far=3895 f2near=3895 f2far=3895
SIPM_ARRIVALS event=789 total=5685
SIPM_ADC event=789 readout=3895 f1far=3895 f2near=3895 f2far=3895
SIPM_ARRIVALS event=871 total=5631
SIPM_ADC event=871 readout=3895 f1far=3895 f2near=3895 f2far=3895
SIPM_ARRIVALS event=824 total=5867
SIPM_ADC event=824 readout=3895 f1far=3895 f2near=3895 f2far=3895
SIPM_ARRIVALS event=790 total=5922
SIPM_ADC event=790 readout=3895 f1far=3895 f2near=3895 f2far=3895
SIPM_ARRIVALS event=825 total=5689
SIPM_ADC event=825 readout=3895 f1far=3895 f2near=3895 f2far=3895
SIPM_ARRIVALS event=826 total=1758
SIPM_ADC event=826 readout=3895 f1far=3895 f2near=3895 f2far=3895
SIPM_ARRIVALS event=791 total=5949
SIPM_ADC event=791 readout=3895 f1far=3895 f2near=3895 f2far=3895
SIPM_ARRIVALS event=898 total=5921
SIPM_ADC event=898 readout=3895 f1far=3895 f2near=3895 f2far=3895
SIPM_ARRIVALS event=872 total=5847
SIPM_ADC event=872 readout=3895 f1far=3895 f2near=3895 f2far=3895
SIPM_ARRIVALS event=924 total=5736
SIPM_ADC event=924 readout=3895 f1far=3895 f2near=3895 f2far=3895
SIPM_ARRIVALS event=925 total=5921
SIPM_ADC event=925 readout=3895 f1far=3895 f2near=3895 f2far=3895
SIPM_ARRIVALS event=873 total=5878
SIPM_ADC event=873 readout=3895 f1far=3895 f2near=3895 f2far=3895
SIPM_ARRIVALS event=827 total=6007
SIPM_ADC event=827 readout=3895 f1far=3895 f2near=3895 f2far=3895
SIPM_ARRIVALS event=899 total=5915
SIPM_ADC event=899 readout=3895 f1far=3895 f2near=3895 f2far=3895
SIPM_ARRIVALS event=926 total=5756
SIPM_ADC event=926 readout=3895 f1far=3895 f2near=3895 f2far=3895
SIPM_ARRIVALS event=874 total=5839
SIPM_ADC event=874 readout=3895 f1far=3895 f2near=3895 f2far=3895
SIPM_ARRIVALS event=927 total=5802
SIPM_ADC event=927 readout=3895 f1far=3895 f2near=3895 f2far=3895
SIPM_ARRIVALS event=875 total=6044
SIPM_ADC event=875 readout=3895 f1far=3895 f2near=3895 f2far=3895
SIPM_ARRIVALS event=828 total=5791
SIPM_ADC event=828 readout=3895 f1far=3895 f2near=3895 f2far=3895
SIPM_ARRIVALS event=900 total=5744
SIPM_ADC event=900 readout=3895 f1far=3895 f2near=3895 f2far=3895
SIPM_ARRIVALS event=928 total=5620
SIPM_ADC event=928 readout=3895 f1far=3895 f2near=3895 f2far=3895
SIPM_ARRIVALS event=876 total=1950
SIPM_ADC event=876 readout=3895 f1far=3895 f2near=3895 f2far=3895
SIPM_ARRIVALS event=929 total=5842
SIPM_ADC event=929 readout=3895 f1far=3895 f2near=3895 f2far=3895
SIPM_ARRIVALS event=930 total=5799
SIPM_ADC event=930 readout=3895 f1far=3895 f2near=3895 f2far=3895
SIPM_ARRIVALS event=901 total=5640
SIPM_ADC event=901 readout=3895 f1far=3895 f2near=3895 f2far=3895
SIPM_ARRIVALS event=829 total=5992
SIPM_ADC event=829 readout=3895 f1far=3895 f2near=3895 f2far=3895
SIPM_ARRIVALS event=931 total=5745
SIPM_ADC event=931 readout=3895 f1far=3895 f2near=3895 f2far=3895
SIPM_ARRIVALS event=877 total=5581
SIPM_ADC event=877 readout=3895 f1far=3895 f2near=3895 f2far=3895
SIPM_ARRIVALS event=830 total=5664
SIPM_ADC event=830 readout=3895 f1far=3895 f2near=3895 f2far=3895
SIPM_ARRIVALS event=932 total=5701
SIPM_ADC event=932 readout=3895 f1far=3895 f2near=3895 f2far=3895
SIPM_ARRIVALS event=902 total=4426
SIPM_ADC event=902 readout=3895 f1far=3895 f2near=3895 f2far=3895
SIPM_ARRIVALS event=831 total=5840
SIPM_ADC event=831 readout=3895 f1far=3895 f2near=3895 f2far=3895
SIPM_ARRIVALS event=933 total=5950
SIPM_ADC event=933 readout=3895 f1far=3895 f2near=3895 f2far=3895
SIPM_ARRIVALS event=878 total=5754
SIPM_ADC event=878 readout=3895 f1far=3895 f2near=3895 f2far=3895
SIPM_ARRIVALS event=832 total=2818
SIPM_ADC event=832 readout=3895 f1far=3895 f2near=3895 f2far=3895
SIPM_ARRIVALS event=934 total=5847
SIPM_ADC event=934 readout=3895 f1far=3895 f2near=3895 f2far=3895
SIPM_ARRIVALS event=833 total=5827
SIPM_ADC event=833 readout=3895 f1far=3895 f2near=3895 f2far=3895
SIPM_ARRIVALS event=903 total=5737
SIPM_ADC event=903 readout=3895 f1far=3895 f2near=3895 f2far=3895
SIPM_ARRIVALS event=879 total=3363
SIPM_ADC event=879 readout=3895 f1far=3895 f2near=3895 f2far=3895
SIPM_ARRIVALS event=935 total=5739
SIPM_ADC event=935 readout=3895 f1far=3895 f2near=3895 f2far=3895
SIPM_ARRIVALS event=834 total=5583
SIPM_ADC event=834 readout=3895 f1far=3895 f2near=3895 f2far=3895
SIPM_ARRIVALS event=835 total=3447
SIPM_ADC event=835 readout=3895 f1far=3895 f2near=3895 f2far=3895
SIPM_ARRIVALS event=904 total=5584
SIPM_ADC event=904 readout=3895 f1far=3895 f2near=3895 f2far=3895
SIPM_ARRIVALS event=936 total=5905
SIPM_ADC event=936 readout=3895 f1far=3895 f2near=3895 f2far=3895
SIPM_ARRIVALS event=968 total=5855
SIPM_ADC event=968 readout=3895 f1far=3895 f2near=3895 f2far=3895
SIPM_ARRIVALS event=1012 total=5922
SIPM_ADC event=1012 readout=3895 f1far=3895 f2near=3895 f2far=3895
SIPM_ARRIVALS event=937 total=5982
SIPM_ADC event=937 readout=3895 f1far=3895 f2near=3895 f2far=3895
SIPM_ARRIVALS event=905 total=5748
SIPM_ADC event=905 readout=3895 f1far=3895 f2near=3895 f2far=3895
SIPM_ARRIVALS event=1013 total=6060
SIPM_ADC event=1013 readout=3895 f1far=3895 f2near=3895 f2far=3895
SIPM_ARRIVALS event=969 total=5624
SIPM_ADC event=969 readout=3895 f1far=3895 f2near=3895 f2far=3895
SIPM_ARRIVALS event=938 total=5840
SIPM_ADC event=938 readout=3895 f1far=3895 f2near=3895 f2far=3895
SIPM_ARRIVALS event=906 total=6010
SIPM_ADC event=906 readout=3895 f1far=3895 f2near=3895 f2far=3895
SIPM_ARRIVALS event=970 total=5822
SIPM_ADC event=970 readout=3895 f1far=3895 f2near=3895 f2far=3895
SIPM_ARRIVALS event=939 total=5646
SIPM_ADC event=939 readout=3895 f1far=3895 f2near=3895 f2far=3895
SIPM_ARRIVALS event=1014 total=5779
SIPM_ADC event=1014 readout=3895 f1far=3895 f2near=3895 f2far=3895
SIPM_ARRIVALS event=971 total=5811
SIPM_ADC event=971 readout=3895 f1far=3895 f2near=3895 f2far=3895
SIPM_ARRIVALS event=940 total=5696
SIPM_ADC event=940 readout=3895 f1far=3895 f2near=3895 f2far=3895
SIPM_ARRIVALS event=907 total=5919
SIPM_ADC event=907 readout=3895 f1far=3895 f2near=3895 f2far=3895
SIPM_ARRIVALS event=972 total=6060
SIPM_ADC event=972 readout=3895 f1far=3895 f2near=3895 f2far=3895
SIPM_ARRIVALS event=1015 total=5794
SIPM_ADC event=1015 readout=3895 f1far=3895 f2near=3895 f2far=3895
SIPM_ARRIVALS event=941 total=5750
SIPM_ADC event=941 readout=3895 f1far=3895 f2near=3895 f2far=3895
SIPM_ARRIVALS event=973 total=5752
SIPM_ADC event=973 readout=3895 f1far=3895 f2near=3895 f2far=3895
SIPM_ARRIVALS event=942 total=5796
SIPM_ADC event=942 readout=3895 f1far=3895 f2near=3895 f2far=3895
SIPM_ARRIVALS event=908 total=5948
SIPM_ADC event=908 readout=3895 f1far=3895 f2near=3895 f2far=3895
SIPM_ARRIVALS event=1016 total=5830
SIPM_ADC event=1016 readout=3895 f1far=3895 f2near=3895 f2far=3895
SIPM_ARRIVALS event=974 total=5856
SIPM_ADC event=974 readout=3895 f1far=3895 f2near=3895 f2far=3895
SIPM_ARRIVALS event=909 total=5151
SIPM_ADC event=909 readout=3895 f1far=3895 f2near=3895 f2far=3895
SIPM_ARRIVALS event=943 total=6947
SIPM_ADC event=943 readout=3895 f1far=3895 f2near=3895 f2far=3895
SIPM_ARRIVALS event=975 total=5893
SIPM_ADC event=975 readout=3895 f1far=3895 f2near=3895 f2far=3895
SIPM_ARRIVALS event=944 total=5747
SIPM_ADC event=944 readout=3895 f1far=3895 f2near=3895 f2far=3895
SIPM_ARRIVALS event=1017 total=5883
SIPM_ADC event=1017 readout=3895 f1far=3895 f2near=3895 f2far=3895
SIPM_ARRIVALS event=910 total=6066
SIPM_ADC event=910 readout=3895 f1far=3895 f2near=3895 f2far=3895
SIPM_ARRIVALS event=976 total=5876
SIPM_ADC event=976 readout=3895 f1far=3895 f2near=3895 f2far=3895
SIPM_ARRIVALS event=945 total=3811
SIPM_ADC event=945 readout=3895 f1far=3895 f2near=3895 f2far=3895
SIPM_ARRIVALS event=1018 total=5762
SIPM_ADC event=1018 readout=3895 f1far=3895 f2near=3895 f2far=3895
SIPM_ARRIVALS event=977 total=5708
SIPM_ADC event=977 readout=3895 f1far=3895 f2near=3895 f2far=3895
SIPM_ARRIVALS event=911 total=6011
SIPM_ADC event=911 readout=3895 f1far=3895 f2near=3895 f2far=3895
SIPM_ARRIVALS event=912 total=5813
SIPM_ADC event=912 readout=3895 f1far=3895 f2near=3895 f2far=3895
SIPM_ARRIVALS event=1019 total=6045
SIPM_ADC event=1019 readout=3895 f1far=3895 f2near=3895 f2far=3895
SIPM_ARRIVALS event=946 total=5873
SIPM_ADC event=946 readout=3895 f1far=3895 f2near=3895 f2far=3895
SIPM_ARRIVALS event=978 total=5413
SIPM_ADC event=978 readout=3895 f1far=3895 f2near=3895 f2far=3895
SIPM_ARRIVALS event=913 total=5894
SIPM_ADC event=913 readout=3895 f1far=3895 f2near=3895 f2far=3895
SIPM_ARRIVALS event=1020 total=5677
SIPM_ADC event=1020 readout=3895 f1far=3895 f2near=3895 f2far=3895
SIPM_ARRIVALS event=1021 total=3363
SIPM_ADC event=1021 readout=3895 f1far=3895 f2near=3895 f2far=3895
SIPM_ARRIVALS event=914 total=5875
SIPM_ADC event=914 readout=3895 f1far=3895 f2near=3895 f2far=3895
SIPM_ARRIVALS event=979 total=5799
SIPM_ADC event=979 readout=3895 f1far=3895 f2near=3895 f2far=3895
SIPM_ARRIVALS event=947 total=6204
SIPM_ADC event=947 readout=3895 f1far=3895 f2near=3895 f2far=3895
SIPM_ARRIVALS event=1022 total=5463
SIPM_ADC event=1022 readout=3895 f1far=3895 f2near=3895 f2far=3895
SIPM_ARRIVALS event=1023 total=5722
SIPM_ADC event=1023 readout=3895 f1far=3895 f2near=3895 f2far=3895
SIPM_ARRIVALS event=915 total=5797
SIPM_ADC event=915 readout=3895 f1far=3895 f2near=3895 f2far=3895
SIPM_ARRIVALS event=1024 total=5765
SIPM_ADC event=1024 readout=3895 f1far=3895 f2near=3895 f2far=3895
SIPM_ARRIVALS event=948 total=5783
SIPM_ADC event=948 readout=3895 f1far=3895 f2near=3895 f2far=3895
SIPM_ARRIVALS event=980 total=6934
SIPM_ADC event=980 readout=3895 f1far=3895 f2near=3895 f2far=3895
SIPM_ARRIVALS event=1025 total=6005
SIPM_ADC event=1025 readout=3895 f1far=3895 f2near=3895 f2far=3895
SIPM_ARRIVALS event=1026 total=6039
SIPM_ADC event=1026 readout=3895 f1far=3895 f2near=3895 f2far=3895
SIPM_ARRIVALS event=916 total=5776
SIPM_ADC event=916 readout=3895 f1far=3895 f2near=3895 f2far=3895
SIPM_ARRIVALS event=1027 total=5948
SIPM_ADC event=1027 readout=3895 f1far=3895 f2near=3895 f2far=3895
SIPM_ARRIVALS event=949 total=5764
SIPM_ADC event=949 readout=3895 f1far=3895 f2near=3895 f2far=3895
SIPM_ARRIVALS event=981 total=5900
SIPM_ADC event=981 readout=3895 f1far=3895 f2near=3895 f2far=3895
SIPM_ARRIVALS event=1028 total=5851
SIPM_ADC event=1028 readout=3895 f1far=3895 f2near=3895 f2far=3895
SIPM_ARRIVALS event=1029 total=5870
SIPM_ADC event=1029 readout=3895 f1far=3895 f2near=3895 f2far=3895
SIPM_ARRIVALS event=917 total=5834
SIPM_ADC event=917 readout=3895 f1far=3895 f2near=3895 f2far=3895
SIPM_ARRIVALS event=950 total=5799
SIPM_ADC event=950 readout=3895 f1far=3895 f2near=3895 f2far=3895
SIPM_ARRIVALS event=1030 total=5966
SIPM_ADC event=1030 readout=3895 f1far=3895 f2near=3895 f2far=3895
SIPM_ARRIVALS event=982 total=5862
SIPM_ADC event=982 readout=3895 f1far=3895 f2near=3895 f2far=3895
SIPM_ARRIVALS event=918 total=4439
SIPM_ADC event=918 readout=3895 f1far=3895 f2near=3895 f2far=3895
SIPM_ARRIVALS event=951 total=5765
SIPM_ADC event=951 readout=3895 f1far=3895 f2near=3895 f2far=3895
SIPM_ARRIVALS event=1031 total=5987
SIPM_ADC event=1031 readout=3895 f1far=3895 f2near=3895 f2far=3895
SIPM_ARRIVALS event=952 total=5768
SIPM_ADC event=952 readout=3895 f1far=3895 f2near=3895 f2far=3895
SIPM_ARRIVALS event=983 total=5722
SIPM_ADC event=983 readout=3895 f1far=3895 f2near=3895 f2far=3895
SIPM_ARRIVALS event=953 total=5840
SIPM_ADC event=953 readout=3895 f1far=3895 f2near=3895 f2far=3895
SIPM_ARRIVALS event=919 total=5853
SIPM_ADC event=919 readout=3895 f1far=3895 f2near=3895 f2far=3895
SIPM_ARRIVALS event=1032 total=5831
SIPM_ADC event=1032 readout=3895 f1far=3895 f2near=3895 f2far=3895
SIPM_ARRIVALS event=954 total=5624
SIPM_ADC event=954 readout=3895 f1far=3895 f2near=3895 f2far=3895
SIPM_ARRIVALS event=1033 total=5735
SIPM_ADC event=1033 readout=3895 f1far=3895 f2near=3895 f2far=3895
SIPM_ARRIVALS event=984 total=5783
SIPM_ADC event=984 readout=3895 f1far=3895 f2near=3895 f2far=3895
SIPM_ARRIVALS event=955 total=6785
SIPM_ADC event=955 readout=3895 f1far=3895 f2near=3895 f2far=3895
SIPM_ARRIVALS event=920 total=6080
SIPM_ADC event=920 readout=3895 f1far=3895 f2near=3895 f2far=3895
SIPM_ARRIVALS event=1034 total=5902
SIPM_ADC event=1034 readout=3895 f1far=3895 f2near=3895 f2far=3895
SIPM_ARRIVALS event=985 total=5779
SIPM_ADC event=985 readout=3895 f1far=3895 f2near=3895 f2far=3895
SIPM_ARRIVALS event=1035 total=5351
SIPM_ADC event=1035 readout=3895 f1far=3895 f2near=3895 f2far=3895
SIPM_ARRIVALS event=956 total=5759
SIPM_ADC event=956 readout=3895 f1far=3895 f2near=3895 f2far=3895
SIPM_ARRIVALS event=921 total=5933
SIPM_ADC event=921 readout=3895 f1far=3895 f2near=3895 f2far=3895
SIPM_ARRIVALS event=986 total=5720
SIPM_ADC event=986 readout=3895 f1far=3895 f2near=3895 f2far=3895
SIPM_ARRIVALS event=1036 total=5824
SIPM_ADC event=1036 readout=3895 f1far=3895 f2near=3895 f2far=3895
SIPM_ARRIVALS event=957 total=5769
SIPM_ADC event=957 readout=3895 f1far=3895 f2near=3895 f2far=3895
SIPM_ARRIVALS event=987 total=5744
SIPM_ADC event=987 readout=3895 f1far=3895 f2near=3895 f2far=3895
SIPM_ARRIVALS event=922 total=6059
SIPM_ADC event=922 readout=3895 f1far=3895 f2near=3895 f2far=3895
SIPM_ARRIVALS event=1037 total=5873
SIPM_ADC event=1037 readout=3895 f1far=3895 f2near=3895 f2far=3895
SIPM_ARRIVALS event=958 total=5645
SIPM_ADC event=958 readout=3895 f1far=3895 f2near=3895 f2far=3895
SIPM_ARRIVALS event=988 total=5769
SIPM_ADC event=988 readout=3895 f1far=3895 f2near=3895 f2far=3895
SIPM_ARRIVALS event=923 total=5819
SIPM_ADC event=923 readout=3895 f1far=3895 f2near=3895 f2far=3895
SIPM_ARRIVALS event=959 total=5726
SIPM_ADC event=959 readout=3895 f1far=3895 f2near=3895 f2far=3895
SIPM_ARRIVALS event=1038 total=5887
SIPM_ADC event=1038 readout=3895 f1far=3895 f2near=3895 f2far=3895
SIPM_ARRIVALS event=989 total=5608
SIPM_ADC event=989 readout=3895 f1far=3895 f2near=3895 f2far=3895
SIPM_ARRIVALS event=1056 total=5926
SIPM_ADC event=1056 readout=3895 f1far=3895 f2near=3895 f2far=3895
SIPM_ARRIVALS event=960 total=5916
SIPM_ADC event=960 readout=3895 f1far=3895 f2near=3895 f2far=3895
SIPM_ARRIVALS event=1039 total=5672
SIPM_ADC event=1039 readout=3895 f1far=3895 f2near=3895 f2far=3895
SIPM_ARRIVALS event=990 total=5740
SIPM_ADC event=990 readout=3895 f1far=3895 f2near=3895 f2far=3895
SIPM_ARRIVALS event=1057 total=6093
SIPM_ADC event=1057 readout=3895 f1far=3895 f2near=3895 f2far=3895
SIPM_ARRIVALS event=1040 total=6054
SIPM_ADC event=1040 readout=3895 f1far=3895 f2near=3895 f2far=3895
SIPM_ARRIVALS event=961 total=5974
SIPM_ADC event=961 readout=3895 f1far=3895 f2near=3895 f2far=3895
SIPM_ARRIVALS event=962 total=1859
SIPM_ADC event=962 readout=3895 f1far=3895 f2near=3895 f2far=3895
SIPM_ARRIVALS event=991 total=5770
SIPM_ADC event=991 readout=3895 f1far=3895 f2near=3895 f2far=3895
SIPM_ARRIVALS event=1058 total=5794
SIPM_ADC event=1058 readout=3895 f1far=3895 f2near=3895 f2far=3895
SIPM_ARRIVALS event=1041 total=5822
SIPM_ADC event=1041 readout=3895 f1far=3895 f2near=3895 f2far=3895
SIPM_ARRIVALS event=963 total=6098
SIPM_ADC event=963 readout=3895 f1far=3895 f2near=3895 f2far=3895
SIPM_ARRIVALS event=992 total=5906
SIPM_ADC event=992 readout=3895 f1far=3895 f2near=3895 f2far=3895
SIPM_ARRIVALS event=1059 total=5699
SIPM_ADC event=1059 readout=3895 f1far=3895 f2near=3895 f2far=3895
SIPM_ARRIVALS event=1042 total=4838
SIPM_ADC event=1042 readout=3895 f1far=3895 f2near=3895 f2far=3895
SIPM_ARRIVALS event=1060 total=3399
SIPM_ADC event=1060 readout=3895 f1far=3895 f2near=3895 f2far=3895
SIPM_ARRIVALS event=964 total=5732
SIPM_ADC event=964 readout=3895 f1far=3895 f2near=3895 f2far=3895
SIPM_ARRIVALS event=993 total=5887
SIPM_ADC event=993 readout=3895 f1far=3895 f2near=3895 f2far=3895
SIPM_ARRIVALS event=1043 total=5845
SIPM_ADC event=1043 readout=3895 f1far=3895 f2near=3895 f2far=3895
SIPM_ARRIVALS event=965 total=5910
SIPM_ADC event=965 readout=3895 f1far=3895 f2near=3895 f2far=3895
SIPM_ARRIVALS event=1061 total=6066
SIPM_ADC event=1061 readout=3895 f1far=3895 f2near=3895 f2far=3895
SIPM_ARRIVALS event=994 total=5805
SIPM_ADC event=994 readout=3895 f1far=3895 f2near=3895 f2far=3895
SIPM_ARRIVALS event=1044 total=5857
SIPM_ADC event=1044 readout=3895 f1far=3895 f2near=3895 f2far=3895
SIPM_ARRIVALS event=966 total=5786
SIPM_ADC event=966 readout=3895 f1far=3895 f2near=3895 f2far=3895
SIPM_ARRIVALS event=1062 total=5835
SIPM_ADC event=1062 readout=3895 f1far=3895 f2near=3895 f2far=3895
SIPM_ARRIVALS event=995 total=6008
SIPM_ADC event=995 readout=3895 f1far=3895 f2near=3895 f2far=3895
SIPM_ARRIVALS event=1045 total=5606
SIPM_ADC event=1045 readout=3895 f1far=3895 f2near=3895 f2far=3895
SIPM_ARRIVALS event=967 total=5918
SIPM_ADC event=967 readout=3895 f1far=3895 f2near=3895 f2far=3895
SIPM_ARRIVALS event=1063 total=5747
SIPM_ADC event=1063 readout=3895 f1far=3895 f2near=3895 f2far=3895
SIPM_ARRIVALS event=996 total=5880
SIPM_ADC event=996 readout=3895 f1far=3895 f2near=3895 f2far=3895
SIPM_ARRIVALS event=1046 total=5799
SIPM_ADC event=1046 readout=3895 f1far=3895 f2near=3895 f2far=3895
SIPM_ARRIVALS event=1064 total=5775
SIPM_ADC event=1064 readout=3895 f1far=3895 f2near=3895 f2far=3895
SIPM_ARRIVALS event=1100 total=5975
SIPM_ADC event=1100 readout=3895 f1far=3895 f2near=3895 f2far=3895
SIPM_ARRIVALS event=997 total=5775
SIPM_ADC event=997 readout=3895 f1far=3895 f2near=3895 f2far=3895
SIPM_ARRIVALS event=1047 total=5951
SIPM_ADC event=1047 readout=3895 f1far=3895 f2near=3895 f2far=3895
SIPM_ARRIVALS event=1065 total=5923
SIPM_ADC event=1065 readout=3895 f1far=3895 f2near=3895 f2far=3895
SIPM_ARRIVALS event=1101 total=6045
SIPM_ADC event=1101 readout=3895 f1far=3895 f2near=3895 f2far=3895
SIPM_ARRIVALS event=998 total=6057
SIPM_ADC event=998 readout=3895 f1far=3895 f2near=3895 f2far=3895
SIPM_ARRIVALS event=1048 total=5822
SIPM_ADC event=1048 readout=3895 f1far=3895 f2near=3895 f2far=3895
SIPM_ARRIVALS event=1102 total=2074
SIPM_ADC event=1102 readout=3895 f1far=3895 f2near=3895 f2far=3895
SIPM_ARRIVALS event=1066 total=3967
SIPM_ADC event=1066 readout=3895 f1far=3895 f2near=3895 f2far=3895
SIPM_ARRIVALS event=1067 total=5839
SIPM_ADC event=1067 readout=3895 f1far=3895 f2near=3895 f2far=3895
SIPM_ARRIVALS event=1068 total=5858
SIPM_ADC event=1068 readout=3895 f1far=3895 f2near=3895 f2far=3895
SIPM_ARRIVALS event=999 total=5927
SIPM_ADC event=999 readout=3895 f1far=3895 f2near=3895 f2far=3895
SIPM_ARRIVALS event=1049 total=5711
SIPM_ADC event=1049 readout=3895 f1far=3895 f2near=3895 f2far=3895
SIPM_ARRIVALS event=1103 total=5587
SIPM_ADC event=1103 readout=3895 f1far=3895 f2near=3895 f2far=3895
SIPM_ARRIVALS event=1069 total=5985
SIPM_ADC event=1069 readout=3895 f1far=3895 f2near=3895 f2far=3895
SIPM_ARRIVALS event=1070 total=5772
SIPM_ADC event=1070 readout=3895 f1far=3895 f2near=3895 f2far=3895
SIPM_ARRIVALS event=1071 total=3547
SIPM_ADC event=1071 readout=3895 f1far=3895 f2near=3895 f2far=3895
SIPM_ARRIVALS event=1000 total=5870
SIPM_ADC event=1000 readout=3895 f1far=3895 f2near=3895 f2far=3895
SIPM_ARRIVALS event=1050 total=5774
SIPM_ADC event=1050 readout=3895 f1far=3895 f2near=3895 f2far=3895
SIPM_ARRIVALS event=1072 total=6479
SIPM_ADC event=1072 readout=3895 f1far=3895 f2near=3895 f2far=3895
SIPM_ARRIVALS event=1104 total=5849
SIPM_ADC event=1104 readout=3895 f1far=3895 f2near=3895 f2far=3895
SIPM_ARRIVALS event=1073 total=5691
SIPM_ADC event=1073 readout=3895 f1far=3895 f2near=3895 f2far=3895
SIPM_ARRIVALS event=1074 total=5698
SIPM_ADC event=1074 readout=3895 f1far=3895 f2near=3895 f2far=3895
SIPM_ARRIVALS event=1051 total=5912
SIPM_ADC event=1051 readout=3895 f1far=3895 f2near=3895 f2far=3895
SIPM_ARRIVALS event=1001 total=6050
SIPM_ADC event=1001 readout=3895 f1far=3895 f2near=3895 f2far=3895
SIPM_ARRIVALS event=1105 total=5944
SIPM_ADC event=1105 readout=3895 f1far=3895 f2near=3895 f2far=3895
SIPM_ARRIVALS event=1075 total=5743
SIPM_ADC event=1075 readout=3895 f1far=3895 f2near=3895 f2far=3895
SIPM_ARRIVALS event=1076 total=5789
SIPM_ADC event=1076 readout=3895 f1far=3895 f2near=3895 f2far=3895
SIPM_ARRIVALS event=1002 total=5861
SIPM_ADC event=1002 readout=3895 f1far=3895 f2near=3895 f2far=3895
SIPM_ARRIVALS event=1077 total=5887
SIPM_ADC event=1077 readout=3895 f1far=3895 f2near=3895 f2far=3895
SIPM_ARRIVALS event=1052 total=5795
SIPM_ADC event=1052 readout=3895 f1far=3895 f2near=3895 f2far=3895
SIPM_ARRIVALS event=1106 total=5896
SIPM_ADC event=1106 readout=3895 f1far=3895 f2near=3895 f2far=3895
SIPM_ARRIVALS event=1078 total=5836
SIPM_ADC event=1078 readout=3895 f1far=3895 f2near=3895 f2far=3895
SIPM_ARRIVALS event=1079 total=5838
SIPM_ADC event=1079 readout=3895 f1far=3895 f2near=3895 f2far=3895
SIPM_ARRIVALS event=1003 total=5825
SIPM_ADC event=1003 readout=3895 f1far=3895 f2near=3895 f2far=3895
SIPM_ARRIVALS event=1080 total=5652
SIPM_ADC event=1080 readout=3895 f1far=3895 f2near=3895 f2far=3895
SIPM_ARRIVALS event=1053 total=5683
SIPM_ADC event=1053 readout=3895 f1far=3895 f2near=3895 f2far=3895
SIPM_ARRIVALS event=1054 total=1381
SIPM_ADC event=1054 readout=3895 f1far=3895 f2near=3895 f2far=3895
SIPM_ARRIVALS event=1107 total=6015
SIPM_ADC event=1107 readout=3895 f1far=3895 f2near=3895 f2far=3895
SIPM_ARRIVALS event=1081 total=5614
SIPM_ADC event=1081 readout=3895 f1far=3895 f2near=3895 f2far=3895
SIPM_ARRIVALS event=1082 total=5835
SIPM_ADC event=1082 readout=3895 f1far=3895 f2near=3895 f2far=3895
SIPM_ARRIVALS event=1083 total=3762
SIPM_ADC event=1083 readout=3895 f1far=3895 f2near=3895 f2far=3895
SIPM_ARRIVALS event=1004 total=5794
SIPM_ADC event=1004 readout=3895 f1far=3895 f2near=3895 f2far=3895
SIPM_ARRIVALS event=1055 total=5810
SIPM_ADC event=1055 readout=3895 f1far=3895 f2near=3895 f2far=3895
SIPM_ARRIVALS event=1084 total=5924
SIPM_ADC event=1084 readout=3895 f1far=3895 f2near=3895 f2far=3895
SIPM_ARRIVALS event=1108 total=5792
SIPM_ADC event=1108 readout=3895 f1far=3895 f2near=3895 f2far=3895
SIPM_ARRIVALS event=1085 total=5589
SIPM_ADC event=1085 readout=3895 f1far=3895 f2near=3895 f2far=3895
SIPM_ARRIVALS event=1005 total=5828
SIPM_ADC event=1005 readout=3895 f1far=3895 f2near=3895 f2far=3895
SIPM_ARRIVALS event=1086 total=5864
SIPM_ADC event=1086 readout=3895 f1far=3895 f2near=3895 f2far=3895
SIPM_ARRIVALS event=1144 total=6007
SIPM_ADC event=1144 readout=3895 f1far=3895 f2near=3895 f2far=3895
SIPM_ARRIVALS event=1087 total=5846
SIPM_ADC event=1087 readout=3895 f1far=3895 f2near=3895 f2far=3895
SIPM_ARRIVALS event=1109 total=5693
SIPM_ADC event=1109 readout=3895 f1far=3895 f2near=3895 f2far=3895
SIPM_ARRIVALS event=1088 total=4056
SIPM_ADC event=1088 readout=3895 f1far=3895 f2near=3895 f2far=3895
SIPM_ARRIVALS event=1110 total=5752
SIPM_ADC event=1110 readout=3895 f1far=3895 f2near=3895 f2far=3895
SIPM_ARRIVALS event=1089 total=4541
SIPM_ADC event=1089 readout=3895 f1far=3895 f2near=3895 f2far=3895
SIPM_ARRIVALS event=1006 total=5862
SIPM_ADC event=1006 readout=3895 f1far=3895 f2near=3895 f2far=3895
SIPM_ARRIVALS event=1090 total=5925
SIPM_ADC event=1090 readout=3895 f1far=3895 f2near=3895 f2far=3895
SIPM_ARRIVALS event=1145 total=5948
SIPM_ADC event=1145 readout=3895 f1far=3895 f2near=3895 f2far=3895
SIPM_ARRIVALS event=1091 total=5794
SIPM_ADC event=1091 readout=3895 f1far=3895 f2near=3895 f2far=3895
SIPM_ARRIVALS event=1111 total=5882
SIPM_ADC event=1111 readout=3895 f1far=3895 f2near=3895 f2far=3895
SIPM_ARRIVALS event=1092 total=5842
SIPM_ADC event=1092 readout=3895 f1far=3895 f2near=3895 f2far=3895
SIPM_ARRIVALS event=1007 total=5759
SIPM_ADC event=1007 readout=3895 f1far=3895 f2near=3895 f2far=3895
SIPM_ARRIVALS event=1146 total=5895
SIPM_ADC event=1146 readout=3895 f1far=3895 f2near=3895 f2far=3895
SIPM_ARRIVALS event=1093 total=6635
SIPM_ADC event=1093 readout=3895 f1far=3895 f2near=3895 f2far=3895
SIPM_ARRIVALS event=1112 total=5581
SIPM_ADC event=1112 readout=3895 f1far=3895 f2near=3895 f2far=3895
SIPM_ARRIVALS event=1094 total=5940
SIPM_ADC event=1094 readout=3895 f1far=3895 f2near=3895 f2far=3895
SIPM_ARRIVALS event=1008 total=5851
SIPM_ADC event=1008 readout=3895 f1far=3895 f2near=3895 f2far=3895
SIPM_ARRIVALS event=1113 total=3298
SIPM_ADC event=1113 readout=3895 f1far=3895 f2near=3895 f2far=3895
SIPM_ARRIVALS event=1095 total=5837
SIPM_ADC event=1095 readout=3895 f1far=3895 f2near=3895 f2far=3895
SIPM_ARRIVALS event=1147 total=5776
SIPM_ADC event=1147 readout=3895 f1far=3895 f2near=3895 f2far=3895
SIPM_ARRIVALS event=1009 total=5903
SIPM_ADC event=1009 readout=3895 f1far=3895 f2near=3895 f2far=3895
SIPM_ARRIVALS event=1096 total=5924
SIPM_ADC event=1096 readout=3895 f1far=3895 f2near=3895 f2far=3895
SIPM_ARRIVALS event=1010 total=5794
SIPM_ADC event=1010 readout=3895 f1far=3895 f2near=3895 f2far=3895
SIPM_ARRIVALS event=1114 total=5888
SIPM_ADC event=1114 readout=3895 f1far=3895 f2near=3895 f2far=3895
SIPM_ARRIVALS event=1148 total=5960
SIPM_ADC event=1148 readout=3895 f1far=3895 f2near=3895 f2far=3895
SIPM_ARRIVALS event=1097 total=5714
SIPM_ADC event=1097 readout=3895 f1far=3895 f2near=3895 f2far=3895
SIPM_ARRIVALS event=1011 total=5988
SIPM_ADC event=1011 readout=3895 f1far=3895 f2near=3895 f2far=3895
SIPM_ARRIVALS event=1115 total=5873
SIPM_ADC event=1115 readout=3895 f1far=3895 f2near=3895 f2far=3895
SIPM_ARRIVALS event=1188 total=3637
SIPM_ADC event=1188 readout=3895 f1far=3895 f2near=3895 f2far=3895
SIPM_ARRIVALS event=1116 total=5157
SIPM_ADC event=1116 readout=3895 f1far=3895 f2near=3895 f2far=3895
SIPM_ARRIVALS event=1149 total=6004
SIPM_ADC event=1149 readout=3895 f1far=3895 f2near=3895 f2far=3895
SIPM_ARRIVALS event=1098 total=5819
SIPM_ADC event=1098 readout=3895 f1far=3895 f2near=3895 f2far=3895
SIPM_ARRIVALS event=1189 total=5708
SIPM_ADC event=1189 readout=3895 f1far=3895 f2near=3895 f2far=3895
SIPM_ARRIVALS event=1117 total=5774
SIPM_ADC event=1117 readout=3895 f1far=3895 f2near=3895 f2far=3895
SIPM_ARRIVALS event=1190 total=5922
SIPM_ADC event=1190 readout=3895 f1far=3895 f2near=3895 f2far=3895
SIPM_ARRIVALS event=1118 total=5871
SIPM_ADC event=1118 readout=3895 f1far=3895 f2near=3895 f2far=3895
SIPM_ARRIVALS event=1150 total=5799
SIPM_ADC event=1150 readout=3895 f1far=3895 f2near=3895 f2far=3895
SIPM_ARRIVALS event=1191 total=5830
SIPM_ADC event=1191 readout=3895 f1far=3895 f2near=3895 f2far=3895
SIPM_ARRIVALS event=1099 total=6302
SIPM_ADC event=1099 readout=3895 f1far=3895 f2near=3895 f2far=3895
SIPM_ARRIVALS event=1119 total=6167
SIPM_ADC event=1119 readout=3895 f1far=3895 f2near=3895 f2far=3895
SIPM_ARRIVALS event=1192 total=5930
SIPM_ADC event=1192 readout=3895 f1far=3895 f2near=3895 f2far=3895
SIPM_ARRIVALS event=1151 total=4419
SIPM_ADC event=1151 readout=3895 f1far=3895 f2near=3895 f2far=3895
SIPM_ARRIVALS event=1120 total=7355
SIPM_ADC event=1120 readout=3895 f1far=3895 f2near=3895 f2far=3895
SIPM_ARRIVALS event=1232 total=5887
SIPM_ADC event=1232 readout=3895 f1far=3895 f2near=3895 f2far=3895
SIPM_ARRIVALS event=1193 total=5759
SIPM_ADC event=1193 readout=3895 f1far=3895 f2near=3895 f2far=3895
SIPM_ARRIVALS event=1121 total=5730
SIPM_ADC event=1121 readout=3895 f1far=3895 f2near=3895 f2far=3895
SIPM_ARRIVALS event=1194 total=6004
SIPM_ADC event=1194 readout=3895 f1far=3895 f2near=3895 f2far=3895
SIPM_ARRIVALS event=1152 total=6951
SIPM_ADC event=1152 readout=3895 f1far=3895 f2near=3895 f2far=3895
SIPM_ARRIVALS event=1233 total=5855
SIPM_ADC event=1233 readout=3895 f1far=3895 f2near=3895 f2far=3895
SIPM_ARRIVALS event=1122 total=5714
SIPM_ADC event=1122 readout=3895 f1far=3895 f2near=3895 f2far=3895
SIPM_ARRIVALS event=1195 total=5792
SIPM_ADC event=1195 readout=3895 f1far=3895 f2near=3895 f2far=3895
SIPM_ARRIVALS event=1196 total=3859
SIPM_ADC event=1196 readout=3895 f1far=3895 f2near=3895 f2far=3895
SIPM_ARRIVALS event=1234 total=5669
SIPM_ADC event=1234 readout=3895 f1far=3895 f2near=3895 f2far=3895
SIPM_ARRIVALS event=1153 total=5690
SIPM_ADC event=1153 readout=3895 f1far=3895 f2near=3895 f2far=3895
SIPM_ARRIVALS event=1235 total=5753
SIPM_ADC event=1235 readout=3895 f1far=3895 f2near=3895 f2far=3895
SIPM_ARRIVALS event=1197 total=5731
SIPM_ADC event=1197 readout=3895 f1far=3895 f2near=3895 f2far=3895
SIPM_ARRIVALS event=1123 total=5700
SIPM_ADC event=1123 readout=3895 f1far=3895 f2near=3895 f2far=3895
