stratum,amp_bin,baseline_bin,p02_topology,low_n,high_n,match_weight_raw,low_downstream_fraction,high_downstream_fraction,downstream_high_minus_low,match_weight
amp_ge_4500|s16_no_lowering|p02_broad_late,amp_ge_4500,s16_no_lowering,p02_broad_late,2982,172450,2982,0.012743125419181758,0.0182139750652363,0.005470849646054541,0.5196027182435965
amp_2500_4500|s16_no_lowering|p02_broad_late,amp_2500_4500,s16_no_lowering,p02_broad_late,1685,32818,1685,0.02373887240356083,0.07913340240112134,0.055394529997560504,0.29360515769297785
amp_1000_2500|s16_no_lowering|p02_broad_late,amp_1000_2500,s16_no_lowering,p02_broad_late,779,12463,779,0.03979460847240052,0.044531814169943035,0.004737205697542518,0.13573793343788115
amp_1000_2500|s16_large_lowering|p02_early_pathology,amp_1000_2500,s16_large_lowering,p02_early_pathology,132,6010,132,0.045454545454545456,0.047254575707154745,0.0018000302526092887,0.02300052273915316
amp_2500_4500|s16_large_lowering|p02_early_pathology,amp_2500_4500,s16_large_lowering,p02_early_pathology,51,2499,51,0.0392156862745098,0.06162464985994398,0.022408963585434177,0.008886565603763722
amp_ge_4500|s16_large_lowering|p02_early_pathology,amp_ge_4500,s16_large_lowering,p02_early_pathology,45,1427,45,0.022222222222222223,0.05255781359495445,0.030335591372732226,0.007841087297438577
amp_1000_2500|s16_mild_lowering|p02_broad_late,amp_1000_2500,s16_mild_lowering,p02_broad_late,38,847,38,0.07894736842105263,0.05430932703659976,-0.024638041384452865,0.00662136260672591
amp_ge_4500|s16_large_lowering|p02_broad_late,amp_ge_4500,s16_large_lowering,p02_broad_late,27,2325,27,0.14814814814814814,0.1870967741935484,0.03894862604540025,0.004704652378463147
