method,n,bias,bias_ci_low,bias_ci_high,res68,res68_ci_low,res68_ci_high,frac_within10,frac_within10_ci_low,frac_within10_ci_high,rmse_fraction,rmse_fraction_ci_low,rmse_fraction_ci_high,r2_log_amp,r2_log_amp_ci_low,r2_log_amp_ci_high
ML_gradient_boosted_trees,19250,-0.00030397627035795956,-0.0012184514814053845,0.0006500193803711432,0.023429001339924604,0.022039771165795294,0.025016443840619285,0.9910649350649351,0.9852144622663694,0.9957550618322789,0.02806369381025218,0.024993545432366704,0.031656817295874135,0.9483404214472632,0.9348788004014877,0.95962828850277
ML_ridge_regression,19250,-0.0003522184079554869,-0.0017950327097022445,0.0016666317747943817,0.03638540736670351,0.03400411589079705,0.0390325488704867,0.9611948051948052,0.9444067737521653,0.9755739226962092,0.04714438516798942,0.04176342094499522,0.05306749664892039,0.8587016459616924,0.8249289293366817,0.8910713516993574
NN_residual_squeeze_cnn_new,19250,0.0156201325695602,0.008370532685154463,0.022274720960453995,0.0588577064638655,0.0527217070403039,0.06743960099533722,0.8921038961038961,0.8458265321025559,0.9264830987851667,0.0678145045878821,0.06055091227755967,0.07652286936906107,0.6853787227478814,0.5979867361524985,0.7617472512318572
NN_1d_cnn,19250,0.012074866192304046,-0.001774138562403449,0.023198898343972495,0.07526144994756608,0.06533251380730032,0.0885757243064962,0.798025974025974,0.7426481125226794,0.8434105954578331,0.09015424985714982,0.08002666574246577,0.10483019313630167,0.4759689761393691,0.25727785236558204,0.5934727561055019
ML_mlp,19250,-0.00023870682588748664,-0.003270024746931172,0.0023270892315357117,0.10529389037131007,0.08730123421971529,0.12326903085027247,0.6648831168831169,0.5979519710287443,0.7349520506019179,0.11957349904039866,0.10391127460893788,0.13367000400217427,0.11079232385929288,-0.08896178561703473,0.3144263594587107
traditional_template_family,19250,0.0164504026470666,0.002389998583413363,0.03566723682647534,0.14802267807303351,0.14603947775380452,0.1499481879202946,0.4593766233766234,0.4493796019276218,0.46754222438387544,0.12614491709582412,0.12490475812780816,0.12769685866196948,-0.018106448194337436,-0.03264566624452048,-0.007251838799495761
