{
  "study": "P04i",
  "ticket_id": "1781024791.1539.3ba15c1d",
  "raw_reproduction": {
    "expected_selected_pulses": 640737,
    "reproduced_selected_pulses": 640737,
    "delta": 0,
    "pass": true,
    "expected_p04_charge_hgb_res68": 0.0150719202,
    "ticket_local_p04_charge_hgb_res68": 0.3836559897965422,
    "p04_charge_hgb_reference_delta": 0.3685840695965422
  },
  "target_definition": "paired odd-channel positive duplicate-readout charge; features from even readout only",
  "heldout_runs": [
    57,
    65
  ],
  "train_runs": [
    31,
    32,
    33,
    34,
    35,
    36,
    37,
    39,
    40,
    41,
    42,
    44,
    45,
    46,
    47,
    48,
    49,
    50,
    51,
    52,
    53,
    54,
    55,
    56,
    58,
    59,
    60,
    61,
    62,
    63,
    64
  ],
  "n_valid_rows": 640482,
  "n_train_rows": 613625,
  "n_heldout_rows": 26857,
  "invalid_target_rows_removed_after_reproduction": 255,
  "full_heldout_metrics": [
    {
      "method": "peak_to_charge_calibrated",
      "subset": "heldout_runs_57_65",
      "n": 26857,
      "bias_median_frac": -0.2106874091,
      "res68_abs_frac": 0.280163647,
      "full_rms_frac": 2.578773667,
      "within_10pct": 0.1291283464,
      "run_block_bias_ci95": [
        -0.2287573956,
        -0.1795265444
      ],
      "run_block_res68_ci95": [
        0.2634333425,
        0.305712009
      ],
      "run_block_full_rms_ci95": [
        2.058900015,
        2.9874431738
      ],
      "run_block_within_10pct_ci95": [
        0.086439638,
        0.1694044432
      ],
      "ablation": "full",
      "mode": "grouped_retrain"
    },
    {
      "method": "integral_calibrated",
      "subset": "heldout_runs_57_65",
      "n": 26857,
      "bias_median_frac": -0.0911845476,
      "res68_abs_frac": 0.1954122909,
      "full_rms_frac": 1.6637384426,
      "within_10pct": 0.4033212943,
      "run_block_bias_ci95": [
        -0.1303867957,
        -0.0618650554
      ],
      "run_block_res68_ci95": [
        0.1641635066,
        0.2152688954
      ],
      "run_block_full_rms_ci95": [
        1.4445360844,
        1.8468513128
      ],
      "run_block_within_10pct_ci95": [
        0.2942169044,
        0.5062594978
      ],
      "ablation": "full",
      "mode": "grouped_retrain"
    },
    {
      "method": "adaptive_template_scale_calibrated",
      "subset": "heldout_runs_57_65",
      "n": 26857,
      "bias_median_frac": 0.0981145828,
      "res68_abs_frac": 0.5503925125,
      "full_rms_frac": 2.5108735388,
      "within_10pct": 0.1881073835,
      "run_block_bias_ci95": [
        -0.0220198959,
        0.2832508917
      ],
      "run_block_res68_ci95": [
        0.3883858073,
        0.7001958472
      ],
      "run_block_full_rms_ci95": [
        2.4413326731,
        2.5825366731
      ],
      "run_block_within_10pct_ci95": [
        0.1714219972,
        0.2038497721
      ],
      "ablation": "full",
      "mode": "grouped_retrain"
    },
    {
      "method": "strong_huber_charge",
      "subset": "heldout_runs_57_65",
      "n": 26857,
      "bias_median_frac": 0.0002983996,
      "res68_abs_frac": 0.0126847996,
      "full_rms_frac": 480.3756791499,
      "within_10pct": 0.8829727818,
      "run_block_bias_ci95": [
        -6.97434e-05,
        0.00075547
      ],
      "run_block_res68_ci95": [
        0.0124344743,
        0.0130514678
      ],
      "run_block_full_rms_ci95": [
        65.6558585671,
        686.130941522
      ],
      "run_block_within_10pct_ci95": [
        0.8671394457,
        0.8997545636
      ],
      "ablation": "full",
      "mode": "grouped_retrain"
    },
    {
      "method": "ml_hgb",
      "subset": "heldout_runs_57_65",
      "n": 26857,
      "bias_median_frac": 0.131332617,
      "res68_abs_frac": 0.3919107071,
      "full_rms_frac": 1.5836546569,
      "within_10pct": 0.1850169416,
      "run_block_bias_ci95": [
        0.0040164084,
        0.2561110485
      ],
      "run_block_res68_ci95": [
        0.3133341326,
        0.4970641761
      ],
      "run_block_full_rms_ci95": [
        1.1738426912,
        1.8905424694
      ],
      "run_block_within_10pct_ci95": [
        0.1672035588,
        0.2018235762
      ],
      "ablation": "full",
      "mode": "grouped_retrain"
    },
    {
      "method": "ml_extra_trees",
      "subset": "heldout_runs_57_65",
      "n": 26857,
      "bias_median_frac": 0.0001389191,
      "res68_abs_frac": 0.0071382517,
      "full_rms_frac": 0.2946685982,
      "within_10pct": 0.967345571,
      "run_block_bias_ci95": [
        -0.000116581,
        0.0003954071
      ],
      "run_block_res68_ci95": [
        0.0069022298,
        0.0074352048
      ],
      "run_block_full_rms_ci95": [
        0.155932017,
        0.3818524079
      ],
      "run_block_within_10pct_ci95": [
        0.9623706491,
        0.9726184998
      ],
      "ablation": "full",
      "mode": "grouped_retrain"
    }
  ],
  "ablation_deltas": [
    {
      "mode": "grouped_retrain",
      "ablation": "baseline_s0_3_removed",
      "method": "strong_huber_charge",
      "res68_abs_frac": 0.0289564989,
      "delta_res68_vs_full": 0.0162716993,
      "run_block_delta_res68_ci95": [
        0.0153730396,
        0.0178267334
      ],
      "affected_rows": 640482,
      "replaced_atoms": 2561928
    },
    {
      "mode": "grouped_retrain",
      "ablation": "baseline_s0_3_removed",
      "method": "ml_hgb",
      "res68_abs_frac": 0.3813969791,
      "delta_res68_vs_full": -0.010513728,
      "run_block_delta_res68_ci95": [
        -0.010513728,
        0.0025582827
      ],
      "affected_rows": 640482,
      "replaced_atoms": 2561928
    },
    {
      "mode": "grouped_retrain",
      "ablation": "baseline_s0_3_removed",
      "method": "ml_extra_trees",
      "res68_abs_frac": 0.0082398001,
      "delta_res68_vs_full": 0.0011015484,
      "run_block_delta_res68_ci95": [
        0.0009119293,
        0.0013206568
      ],
      "affected_rows": 640482,
      "replaced_atoms": 2561928
    },
    {
      "mode": "grouped_retrain",
      "ablation": "early_peak_s4_6_removed",
      "method": "strong_huber_charge",
      "res68_abs_frac": 0.1020560505,
      "delta_res68_vs_full": 0.0893712509,
      "run_block_delta_res68_ci95": [
        0.0838276278,
        0.0945101816
      ],
      "affected_rows": 640482,
      "replaced_atoms": 1921446
    },
    {
      "mode": "grouped_retrain",
      "ablation": "early_peak_s4_6_removed",
      "method": "ml_hgb",
      "res68_abs_frac": 0.4030904816,
      "delta_res68_vs_full": 0.0111797745,
      "run_block_delta_res68_ci95": [
        0.0012006399,
        0.0519012686
      ],
      "affected_rows": 640482,
      "replaced_atoms": 1921446
    },
    {
      "mode": "grouped_retrain",
      "ablation": "early_peak_s4_6_removed",
      "method": "ml_extra_trees",
      "res68_abs_frac": 0.0165866134,
      "delta_res68_vs_full": 0.0094483617,
      "run_block_delta_res68_ci95": [
        0.008037612,
        0.010786569
      ],
      "affected_rows": 640482,
      "replaced_atoms": 1921446
    },
    {
      "mode": "grouped_retrain",
      "ablation": "peak_core_s7_10_removed",
      "method": "strong_huber_charge",
      "res68_abs_frac": 0.0502670069,
      "delta_res68_vs_full": 0.0375822073,
      "run_block_delta_res68_ci95": [
        0.0310576849,
        0.0420838423
      ],
      "affected_rows": 640482,
      "replaced_atoms": 2561928
    },
    {
      "mode": "grouped_retrain",
      "ablation": "peak_core_s7_10_removed",
      "method": "ml_hgb",
      "res68_abs_frac": 0.4081050879,
      "delta_res68_vs_full": 0.0161943808,
      "run_block_delta_res68_ci95": [
        -0.0008543176,
        0.0323391785
      ],
      "affected_rows": 640482,
      "replaced_atoms": 2561928
    },
    {
      "mode": "grouped_retrain",
      "ablation": "peak_core_s7_10_removed",
      "method": "ml_extra_trees",
      "res68_abs_frac": 0.0129277359,