{
  "study": "S01",
  "ticket": "1780997954.15037.36463764",
  "worker": "testbeam-laptop-1",
  "random_seed": 1901,
  "raw_root_dir": "data/root/root",
  "s00_table": "reports/1780917628.449525.085b2dc0__s01b_s00_selected_table_manifest/s00_selected_b_pulses.csv.gz",
  "s00_table_sha256": "648c32d0109fb05cdf04b2a0d2817044067e8741c70a53f540308a1c038a8b2f",
  "output_dir": "reports/1780997954.15037.36463764__s01_full_dataset_templates",
  "amplitude_cut_adc": 1000.0,
  "baseline_samples": [0, 1, 2, 3],
  "samples_per_channel": 18,
  "staves": {"B2": 0, "B4": 2, "B6": 4, "B8": 6},
  "run_groups": {
    "sample_i_calib": [31, 32, 33, 34, 35, 36, 37, 39, 40, 41, 42],
    "sample_i_analysis": [44, 45, 46, 47, 48, 49, 50, 51, 52, 53, 54, 55, 56, 57],
    "sample_ii_calib": [64],
    "sample_ii_analysis": [58, 59, 60, 61, 62, 63, 65]
  },
  "expected_selected_pulses": 640737,
  "expected_analysis_rows": 377362,
  "template_amplitude_edges_adc": [1000, 1500, 2200, 3200, 4700, 6800, 10000, 15000, 25000],
  "template_min_bin_pulses": 30,
  "cfd_fraction": 0.2,
  "aligned_relative_grid": [-3, -2, -1, 0, 1, 2, 3, 4, 5, 6, 7, 8, 9, 10, 11, 12, 13, 14],
  "ml_cv_max_pulses": 24000,
  "ml_final_max_pulses": 120000,
  "ml_batch_size": 2048,
  "ml_cv_epochs": 16,
  "ml_final_epochs": 35,
  "ml_hyperparameters": [
    {"latent_dim": 4, "hidden_dim": 16},
    {"latent_dim": 4, "hidden_dim": 32},
    {"latent_dim": 8, "hidden_dim": 16},
    {"latent_dim": 8, "hidden_dim": 32}
  ],
  "bootstrap_iterations": 2000
}
