method,sample_i_sparse_sigma68_ns,sample_i_ci_low,sample_i_ci_high,sample_ii_s03e_sigma68_ns,sample_ii_ci_low,sample_ii_ci_high,delta_sample_i_minus_sample_ii_ns
cfd20_base,2.837808846149073,2.7530076572567785,2.924432683165366,3.1502666141199165,3.0246200862795556,3.272949602890979,-0.31245776797084357
ml_shuffled_proxy_control,8.44258672316349,8.168028189152375,8.733264292877195,4.118875454613034,3.773708441298945,4.350188363200748,4.323711268550456
ml_single_stave_proxy,2.513568247878959,2.2137777462185624,2.6499593995174195,2.8290554427248673,2.6870854392111987,2.9632253010205285,-0.31548719484590837
traditional_amp_isotonic_proxy,5.147968065926602,4.863707205763094,5.425929962524248,4.4471059487912195,4.2332796659878404,4.6037277126585625,0.7008621171353822
traditional_template_phase,2.6619907640122333,2.1871939860804672,2.7709839627116644,2.7414145300852155,2.68944645179862,2.992319268962799,-0.07942376607298218
