run,n,harm_rate,prod_charge_res68,prod_time_abs68_ns
58,15790,0.3583913869537682,0.05398402855559723,0.024691358024703902
59,13563,0.46177099461770993,0.19968205824321536,0.24446635395221092
60,9866,0.4585444962497466,0.14965845400463218,0.1009591720830409
61,11015,0.45901044030867,0.13438033779077577,0.09766904864373928
62,11634,0.46630565583634176,0.16060613419733819,0.11690278929478129
63,14564,0.45289755561658884,0.10754463272113046,0.0860174962374481
64,11907,0.46107331821617537,0.11318541997623457,0.0726084820492634
65,11768,0.48342963970088376,0.1449607504891783,0.06012250161186159
