fold,heldout_runs,ap,auc
0,59 62,0.8476734591247193,0.8323557692307691
1,58 61,0.8707761396175584,0.858173076923077
2,60,0.889250797355092,0.8719526627218934
