method,n,mean_bias_adc,mae_adc,rmse_adc,median_bias_adc,q05_adc,q95_adc,mean_bias_ci_low_adc,mean_bias_ci_high_adc,mae_ci_low_adc,mae_ci_high_adc
line3_predict,981,-28.627154021649428,169.3385757972914,535.0179604129695,-0.5714285714284415,-639.333333333333,309.57142857142844,-63.363502985291966,5.289843939614573,135.28483447405466,200.23860370855783
ml_ridge_calibrated,981,-3.0064798851437917,173.71447909684204,453.7189780128133,-4.87563490163393,-376.3115692899228,438.95283057745655,-28.63880216987033,26.75990546718306,149.59800558162942,198.53361787373242
train_calibrated_low2,981,-95.97792499574823,211.41636648511516,793.9700230046367,0.3415680976386284,-797.6902981312096,112.74095667676556,-147.72406918044402,-51.69170496269819,167.2268337760227,264.4858506375209
low2_mean3,981,-97.37614678899082,211.65035677879715,792.3380057087505,-3.0,-801.0,124.0,-147.21805555555557,-52.45267584097862,167.87491080530071,256.8667048929663
min3,981,-161.55759429153923,218.09582059123343,868.9713076605044,-7.0,-1029.0,15.0,-220.3025739041794,-112.24230377166158,166.71656472986746,267.9370540265035
mean3,981,12.205912334352716,227.9578661230037,723.8902716449938,2.0,-405.0,653.0,-32.42252803261978,56.25133367312263,187.3937393815834,265.7271236833163
median3,981,-33.19469928644241,229.76350662589195,800.2868802646656,0.0,-648.0,313.0,-81.91572375127421,15.925433231396491,186.463124362895,275.9812181447503
