method,macro_f1_minus_traditional,macro_f1_minus_traditional_ci_low,macro_f1_minus_traditional_ci_high,balanced_accuracy_minus_traditional,balanced_accuracy_minus_traditional_ci_low,balanced_accuracy_minus_traditional_ci_high,accuracy_minus_traditional,accuracy_minus_traditional_ci_low,accuracy_minus_traditional_ci_high,ledger_utility_minus_traditional,ledger_utility_minus_traditional_ci_low,ledger_utility_minus_traditional_ci_high
ridge,-0.3678000851194612,-0.39508754825622666,-0.2720327152833497,-0.28871983601822315,-0.3319933703308007,-0.23357089147402776,-0.18642993024730503,-0.20749956972482636,-0.15560952935563543,-0.3678000851194612,-0.39646964232311155,-0.27383698403839674
gradient_boosted_trees,-0.1579105293576042,-0.16688478456734854,-0.14586936090225566,-0.1872306083999633,-0.2042928748032879,-0.16686311000827128,-0.005072923272035457,-0.008482670545065806,-0.002479320813061353,-0.1579105293576042,-0.16909502092667061,-0.02140515624152589
mlp,-0.3291954873410946,-0.36776625000514784,-0.23386631710259495,-0.4099767862066249,-0.45086403887975535,-0.3573563507753218,-0.05770450221940393,-0.06829027494720934,-0.04229442734397787,-0.3291954873410946,-0.3640700765781023,-0.19453623480574386
cnn_1d,-0.5210262129828162,-0.536237801550762,-0.503780694537465,-0.4271514976958525,-0.45246331864888295,-0.35977327086789707,-0.3868103994927077,-0.43554824078113547,-0.3579074396739589,-0.5210262129828162,-0.5325259580344478,-0.4971366447425251
temporal_gate_cnn_new,-0.5384222234944822,-0.562453106518601,-0.43985355588614783,-0.4677932044061076,-0.5118287979495251,-0.4051654828780986,-0.44641724793912496,-0.4814690110751444,-0.3803846706242819,-0.5384222234944822,-0.5586362941644708,-0.4118300986342413
