estimator,n,charge_res68_frac,charge_res68_ci95,charge_bias_median_frac,charge_bias_ci95,charge_full_rms_frac
mean3,125091,0.06257868448857366,"[0.05771319209638609, 0.06934484890752418]",-0.002610570480701758,"[-0.009003790115660736, 0.0016337865302406642]",0.8791238168213487
median3,124916,0.02907525794571472,"[0.02521338389134706, 0.03362972510597004]",-0.0019158149574813842,"[-0.003815930813014638, 0.00020580530885348617]",10.534008760136075
quietest,124916,0.027932369637526936,"[0.024475205096146556, 0.0324434038108812]",-0.0019368094904216602,"[-0.00384446616163721, 4.945625787959685e-05]",10.635811133923498
quietish,123084,0.021149418950870934,"[0.019179846507371843, 0.02326591044069559]",-0.0009712308474011501,"[-0.0022048385430567794, 0.0006233365348406203]",50.33429808898081
calibrated_pretrigger,125089,0.06795017411560836,"[0.06187892772635461, 0.0791264141205331]",-0.0026592348195303784,"[-0.009375092881175592, 0.0024769841044527587]",1.5620884428129782
