event_id,source_run,current_class,stave,amplitude_adc,peak_sample,amplitude_bin,peak_phase_bin,traditional_template_delta_sse,ridge_linear_classifier,gradient_boosted_trees,mlp_dense_waveform,random_filter_1d_cnn,hybrid_template_residual_stack
real:high:63:0,63,high,B8,5029.5,8,mid,core,0.9999999988095106,0.5165875661719305,0.3193922294590978,0.4961932234835931,0.4845949853098728,0.5732421110060351
real:high:63:1,63,high,B6,2278.0,9,low,core,0.999999999683494,0.28373137964528566,0.1993793049578648,0.20145269725571144,0.10040224268958711,0.15399034326638483
real:high:63:2,63,high,B6,1660.5,5,low,early,0.0,0.07689001379792193,0.009890207940186883,0.020658016876700363,0.0007714846075464843,0.06381763371244395
real:high:63:3,63,high,B4,1791.0,5,low,early,0.0,0.0978024595837217,0.01021887188562615,0.022097902912417793,0.0013098102152837544,0.05100693751623424
real:high:63:4,63,high,B4,1887.0,5,low,early,0.0,0.09921536954694263,0.03368628061400459,0.018206518370089627,0.001003196535786515,0.06364272274923735
real:high:63:5,63,high,B8,3723.5,8,mid,core,0.9999999998934979,0.5654139934304323,0.2399709957604344,0.6295096504635425,0.41614663811191527,0.39744645422781794
real:high:63:6,63,high,B4,2768.5,8,low,core,0.9999999994445107,0.3589174120574119,0.1290696185383098,0.25686528829472,0.15698278558362863,0.13044487176030015
real:high:63:7,63,high,B8,3614.5,7,mid,core,0.9999999997487112,0.4908416699482027,0.4710040033770173,0.5105344629424456,0.28278367471612165,0.3336495983410325
real:high:63:8,63,high,B6,4270.0,8,mid,core,1.0,0.6155842755706364,0.49009658981588883,0.818493518587622,0.7065541203843333,0.6098952382856542
real:high:63:9,63,high,B2,3862.5,6,mid,core,0.9999999997496144,0.4313918100640856,0.09221482395783179,0.39271187861953544,0.12337984378699868,0.24294100186157602
real:high:63:10,63,high,B2,6212.0,7,high,core,0.9999999997821196,0.4822374332168007,0.5311739894969988,0.4874876894608888,0.4021813707842305,0.6440141016676377
real:high:63:11,63,high,B6,2550.5,8,low,core,0.9999999997866599,0.29704145396471954,0.12685134792268826,0.19213803708034816,0.0979787608628314,0.164656045467898
real:high:63:12,63,high,B2,2052.0,8,low,core,0.9999999995831708,0.2151743283209165,0.03659751954896313,0.120727058942065,0.053189319048055066,0.1953736677090054
real:high:63:13,63,high,B6,1526.5,9,low,core,0.9999999997388638,0.23508279740710705,0.03675701946936306,0.14679124435686994,0.07826182993341947,0.13849078620462543
real:high:63:14,63,high,B4,2092.5,8,low,core,0.9999999997012314,0.22188832459088892,0.10145594750285675,0.13505584043001284,0.06184618775395722,0.07041754561973619
real:high:63:15,63,high,B2,2892.5,8,low,core,0.9999999996310033,0.33634269192069577,0.11488411197708065,0.19195963757139087,0.12748097351983306,0.2608144025648772
real:high:63:16,63,high,B6,2048.0,9,low,core,0.9999999996617734,0.23847331775514344,0.07582230156124664,0.16734808852032435,0.05751138354614697,0.13942434042035481
real:high:63:17,63,high,B8,3195.0,7,mid,core,1.0,0.4581850070344451,0.2700034223790112,0.47632557451855634,0.2818460921730342,0.31632540988637275
real:high:63:18,63,high,B6,2102.5,6,low,core,0.9999999996651837,0.1727279470925542,0.010305402982167177,0.1226310543090262,0.014000919213062187,0.0815684425061893
real:high:63:19,63,high,B6,3108.5,8,mid,core,0.9999999998000806,0.3936513394833251,0.1780310124754235,0.29160413547108593,0.1266278794291861,0.19293371268626025
real:high:63:20,63,high,B4,2791.5,8,low,core,0.9999999996659045,0.3424235368489235,0.13127645211661607,0.22565140299787823,0.13508746848283623,0.19805380861583974
real:high:63:21,63,high,B2,5437.5,7,mid,core,0.9999999999472109,0.5188018886521695,0.4600834254292462,0.6115644260898389,0.6269095546505302,0.6198690713357814
real:high:63:22,63,high,B6,2877.0,8,low,core,0.9999999998032307,0.3466068521019366,0.07439778385323462,0.22434857942876452,0.12536100196430117,0.14101957134600307
real:high:63:23,63,high,B2,1866.5,8,low,core,0.9999999995712707,0.20558085729331774,0.0333847682459624,0.12074999471436305,0.04915539500813682,0.15144116434969734
real:high:63:24,63,high,B6,2156.5,8,low,core,0.9999999997320999,0.24057408623643392,0.08928172956251326,0.13692725546532172,0.0664517298026179,0.15846184469754285
real:high:63:25,63,high,B2,6220.0,6,high,core,0.999999999637978,0.5207448051449773,0.387442956329218,0.5773536659483118,0.48394151983971256,0.46805141543852896
real:high:63:26,63,high,B8,2383.0,5,low,early,0.999999999681219,0.16648299306853062,0.01942260231909836,0.04951979361560499,0.003239086497732242,0.05253909468992663
real:high:63:27,63,high,B6,2407.5,8,low,core,0.9999999998116481,0.30084289406946385,0.0864554890476227,0.18002858681673228,0.10920546410829594,0.16988817969686248
real:high:63:28,63,high,B2,3217.0,8,mid,core,0.9999999993657424,0.3712875332730805,0.18587354891499286,0.2459903573515318,0.1256291599752195,0.16993637732976685
real:high:63:29,63,high,B2,1740.0,8,low,core,0.9999999995676048,0.22005549681939712,0.042912815101582576,0.14873118598137128,0.06719577918652388,0.1587751822542993
real:high:63:30,63,high,B8,3068.0,11,mid,late,0.9999999999728036,0.48251397879118907,0.1859739784804884,0.44485219800955034,0.32013699508271226,0.18819505458427405
real:high:63:31,63,high,B8,3417.0,7,mid,core,0.9999999997680937,0.46922234700833226,0.30553624746929536,0.48172803338661135,0.24561789801472647,0.2331389190776387
real:high:63:32,63,high,B4,4238.0,7,mid,core,0.9999999998656289,0.5302327327529872,0.3347644226255903,0.6658150786552587,0.6121524551017905,0.6109084957429413
real:high:63:33,63,high,B6,3687.0,7,mid,core,0.9999999997927508,0.4767134283313474,0.21856431765263412,0.4951963523867556,0.2508400739545969,0.3487173328069823
real:high:63:34,63,high,B4,4049.0,6,mid,core,0.9999999998372613,0.6162029408754337,0.5972087925307612,0.806788522289982,0.9243822886019766,0.6135394591601095
real:high:63:35,63,high,B4,3504.5,6,mid,core,0.9999999997401536,0.47372223604506497,0.05694970324725612,0.4597993620678953,0.15661755593050092,0.19348226018429937
real:high:63:36,63,high,B2,4469.5,7,mid,core,0.9999999997638127,0.5490138735031925,0.4778541985939246,0.5768213297326934,0.3351698218995127,0.4778476963777126
real:high:63:37,63,high,B4,5259.0,7,mid,core,0.9999999996343101,0.5046427438696073,0.42053385412820804,0.6014804328102235,0.5837399237123803,0.508926053315467
real:high:63:38,63,high,B8,4436.0,12,mid,late,0.9999999995887572,0.36169679608059335,0.2686102682481511,0.28830090922074386,0.14650841077928797,0.1986647046976207
real:high:63:39,63,high,B2,5887.5,7,mid,core,0.9999999999020498,0.5562735823871536,0.36416462270033517,0.6079106519501213,0.5495814349777056,0.5245143950863802
real:high:63:40,63,high,B4,1618.5,9,low,core,0.9999999996692429,0.22411516019843836,0.053972476001870905,0.1496591981094672,0.08170760219512957,0.15404959225830497
real:high:63:41,63,high,B4,5694.5,7,mid,core,0.9999999997477059,0.4606744881635737,0.6657716472972349,0.48565268260681144,0.37311729273686406,0.6472293875922445
real:high:63:42,63,high,B8,2463.0,9,low,core,0.9999999997502649,0.31105729513473507,0.27650386614473543,0.2283172925904328,0.1400897872367151,0.16364729376097473
real:high:63:43,63,high,B6,3044.0,11,mid,late,0.9999999995753271,0.4539746134250637,0.30034874620230145,0.35263955469581915,0.2739695574018433,0.26944421322376255
real:high:63:44,63,high,B8,4896.5,8,mid,core,0.9999999995033118,0.4869008304522627,0.7317459766883182,0.46351125754204164,0.4441828583832323,0.6336461159695121
real:high:63:45,63,high,B4,2338.5,8,low,core,0.9999999996911157,0.28758855208780426,0.13285122650676087,0.1910396574975226,0.09868232081986146,0.16488069387359103
real:high:63:46,63,high,B4,3492.5,12,mid,late,0.9999999999447067,0.37357778982117357,0.18366585705690033,0.35488879438507187,0.15610734533790385,0.15083123218044103
real:high:63:47,63,high,B2,4655.5,6,mid,core,0.9999999998000499,0.5840950425287339,0.23255586303286,0.7017053861490855,0.506044818243624,0.5033285049941585
real:high:63:48,63,high,B8,4479.5,8,mid,core,0.999999999559822,0.506816831294434,0.3463544650647707,0.5576168700938431,0.6081800685215774,0.5726099354663176
real:high:63:49,63,high,B2,6919.0,6,high,core,0.9999999996549607,0.48811549819079014,0.1458732403663849,0.1766317514853401,0.09505638268393846,0.3448000000789964
real:high:63:50,63,high,B2,3374.5,7,mid,core,0.9999999995695736,0.37121984476665415,0.07495847615516775,0.3033628277777924,0.13272675410526408,0.17806848967017844
real:high:63:51,63,high,B6,2687.5,9,low,core,0.9999999997684775,0.35133101629764557,0.1343140483137548,0.23924017849149556,0.1641757830861055,0.31780622138078257
real:high:63:52,63,high,B6,5056.0,7,mid,core,0.9999999999236722,0.4979129864930524,0.26260663269992285,0.5392667684496919,0.5463473679423134,0.582088742365506
real:high:63:53,63,high,B4,3350.0,7,mid,core,0.9999999995353814,0.49593337955228445,0.24105562524326932,0.5597134787157921,0.3273249866068928,0.36305325116611165
real:high:63:54,63,high,B2,1626.5,4,low,early,0.0,0.0625536194101695,0.012930888725184836,0.006201675449466497,0.00036840236762760245,0.06665152637907112
real:high:63:55,63,high,B6,2194.0,8,low,core,0.9999999997056073,0.259583045489378,0.07699923964409958,0.15800739987081308,0.07306445583614994,0.21882015661090676
real:high:63:56,63,high,B2,3940.5,7,mid,core,0.9999999996148273,0.46312244976449796,0.1251660618898731,0.45944832527009927,0.22838264264735206,0.3856218861661339
real:high:63:57,63,high,B4,2486.5,8,low,core,0.9999999996538687,0.27172099517220594,0.051805232231432984,0.14924459081967822,0.08682670458388486,0.12850312694256333
real:high:63:58,63,high,B2,1868.5,9,low,core,0.9999999996018933,0.24490929120775864,0.06435796575657268,0.14665665049930887,0.0808530412785925,0.22048658941090168
real:high:63:59,63,high,B2,2222.5,7,low,core,0.0,0.10917422673639969,0.013433758582322325,0.031366297362560885,0.004877223478373719,0.07058681766525181
real:high:63:60,63,high,B6,2277.0,10,low,late,0.9999999996899248,0.3244502274716597,0.14477326002945914,0.24138272995713175,0.14589763444415535,0.13849078620462543
real:high:63:61,63,high,B2,1987.0,6,low,core,0.0,0.015241887761750575,0.0056702361901182635,0.6696029306879063,0.0009009716053460329,0.025358980564773134
real:high:63:62,63,high,B8,3189.5,8,mid,core,0.9999999996575454,0.4813659832464786,0.1737518238199787,0.4498888443446227,0.2837751131547822,0.357326996046673
real:high:63:63,63,high,B4,4104.0,5,mid,early,0.9999999999281955,0.49718747073420705,0.5022034055307907,0.49681787836439034,0.15088082718383117,0.43073994866521526
real:high:63:64,63,high,B4,2593.0,8,low,core,0.9999999996238625,0.30746102704719636,0.2659069341999947,0.2135301146040654,0.14778619277902416,0.3458912226555946
real:high:63:65,63,high,B6,2713.0,7,low,core,0.9999999996620197,0.258386918630929,0.050432734870316555,0.15196857549186576,0.05645265821632923,0.14411642850181355
real:high:63:66,63,high,B8,5341.0,8,mid,core,0.9999999987191798,0.5100656725998639,0.36681258202239214,0.44843211151177537,0.4705262007374644,0.6235215586877415
real:high:63:67,63,high,B2,1691.0,8,low,core,0.9999999997060456,0.20233776661385233,0.027102236872333964,0.13069995571046802,0.04673753827216218,0.1619424410310096
real:high:63:68,63,high,B6,2528.0,9,low,core,0.9999999995590861,0.27468694259557414,0.12616114648585358,0.1887872064694854,0.09031900917417132,0.09741377080977004
real:high:63:69,63,high,B4,3840.0,7,mid,core,0.9999999994210939,0.574875685512059,0.5497754324042802,0.6476068814887627,0.4755815297527475,0.41021208883010224
real:high:63:70,63,high,B4,3537.0,7,mid,core,0.9999999995586579,0.5068950690454893,0.2956360223074082,0.5713140065168287,0.3273234212551634,0.36337927519607227
real:high:63:71,63,high,B8,2048.5,9,low,core,0.9999999997326556,0.2725438667974844,0.1205725832551383,0.17556767794769934,0.10859100446630263,0.23677352586555617
real:high:63:72,63,high,B6,3201.5,6,mid,core,0.9999999996757922,0.3355632473611577,0.014132248649055842,0.23652976068540416,0.06762471317526171,0.12059141223965927
real:high:63:73,63,high,B6,2236.5,6,low,core,0.9999999997206614,0.2016793018229734,0.011783967167229443,0.13844061365404864,0.02130488368089202,0.0815684425061893
real:high:63:74,63,high,B4,2685.0,8,low,core,0.9999999995526514,0.34873172358993854,0.07483630680491586,0.24471023033036407,0.1279418192389882,0.114303391529536
real:high:63:75,63,high,B4,2967.5,7,low,core,0.9999999997514384,0.3257525163651836,0.15750902257121044,0.22283450669664295,0.11846261266480061,0.19510389989511756
real:high:63:76,63,high,B2,4997.0,7,mid,core,0.9999999999628985,0.5523331842855849,0.1296849058452654,0.666907304601049,0.5768627838618785,0.4824531544171293
real:high:63:77,63,high,B8,4208.0,8,mid,core,0.9999999997573615,0.5620666629079668,0.7588821701762094,0.6564807969688983,0.7275844989667414,0.5936622121584166
real:high:63:78,63,high,B6,2054.0,8,low,core,0.9999999998781823,0.2497535195841687,0.05084914067408409,0.15305166455181923,0.07613147868813402,0.15812813154162092
real:high:63:79,63,high,B2,3277.0,7,mid,core,0.9999999998855605,0.3710795714063226,0.3803808057840661,0.2586864895546514,0.12505371921238145,0.22623967543274695
real:high:63:80,63,high,B4,3951.5,7,mid,core,0.9999999998468018,0.5716396727884511,0.3227894479740666,0.6531603223455145,0.4057826085969136,0.3584198948285753
real:high:63:81,63,high,B4,4313.0,5,mid,early,0.9999999999333884,0.5247565076295234,0.7428209063310142,0.49421405697444704,0.13314861492909144,0.4262498248228921
real:high:63:82,63,high,B2,1573.0,7,low,core,0.9999999996705904,0.18487583174536978,0.047214350829147815,0.11822187483854237,0.03603667488168479,0.08565704660072104
real:high:63:83,63,high,B4,3117.0,5,mid,early,0.9999999996372851,0.3395137963183921,0.03744126372575833,0.2775518165559017,0.03992915110105608,0.11142932197713047
real:high:63:84,63,high,B6,1947.0,9,low,core,0.9999999997666075,0.27544617037453767,0.09374340909641629,0.18661509138206486,0.10447858459096829,0.20005574457592348
real:high:63:85,63,high,B8,4401.0,7,mid,core,0.9999999997643052,0.5231429050030816,0.3412815742309127,0.6472720306562246,0.7459314738270537,0.6189670932620162
real:high:63:86,63,high,B6,1744.5,8,low,core,0.9999999997555382,0.20223490155065144,0.052918871802803295,0.12432652142122845,0.05052486415288813,0.22285494276161127
real:high:63:87,63,high,B4,1812.5,9,low,core,0.9999999995540593,0.2769341675174488,0.13537523433539264,0.20304427081245452,0.14268961220319426,0.23320156095957367
real:high:63:88,63,high,B4,2286.5,5,low,early,0.9999999996977834,0.19805000454646451,0.012044339695325418,0.08760724029542108,0.009332502183391664,0.08267063464542306
real:high:63:89,63,high,B2,9234.0,6,sat,core,0.9999999996242313,0.5568064459240176,0.33411022028531084,0.39728058339321454,0.2052239365969748,0.4830842457564179
real:high:63:90,63,high,B2,8659.5,6,high,core,0.9999999996450111,0.34279805792242685,0.3468956686814023,0.277451064594361,0.4885526275611493,0.20309499779497342
real:high:63:91,63,high,B2,2889.5,7,low,core,0.9999999996983605,0.3258984870874209,0.25928765601149156,0.18412436317820347,0.11701578376393462,0.3183714732009394
real:high:63:92,63,high,B6,3255.5,4,mid,early,0.999999999676984,0.28050483108254154,0.16678951599557346,0.05861208738891903,0.00301384528126984,0.13327470746557452
real:high:63:93,63,high,B8,4177.5,8,mid,core,0.9999999993661177,0.5480267552695931,0.24602414445252271,0.6684702040122602,0.5515461093594352,0.5208287308549543
real:high:63:94,63,high,B2,3511.0,7,mid,core,0.9999999997629336,0.4339297307652202,0.0339474479193002,0.394802969798714,0.17895216204686087,0.09438718885724329
real:high:63:95,63,high,B4,3509.5,7,mid,core,0.999999999679703,0.5166573939828204,0.4797669626849344,0.6105374188131657,0.35677454261189956,0.4167655638376909
real:high:63:96,63,high,B6,1509.5,9,low,core,0.9999999997384181,0.19728746999336647,0.05353552155742841,0.11842517733020898,0.05511559451508211,0.2106376566518324
real:high:63:97,63,high,B2,2919.0,8,low,core,0.9999999996018782,0.32693102037252986,0.08785354586576348,0.21965529650730234,0.1279798157696863,0.25310903156367986
real:high:63:98,63,high,B6,3161.0,8,mid,core,0.9999999996313446,0.39926130298761897,0.18215593477626885,0.09687289198296307,0.016586660429424697,0.16708477952936426
real:high:63:99,63,high,B6,4710.5,7,mid,core,0.9999999999296046,0.5473596037921022,0.1289738329105245,0.675249599378306,0.5590850027508534,0.3900290055956336
real:high:63:100,63,high,B8,2807.5,9,low,core,0.9999999997892971,0.3962903572986127,0.3491567861541668,0.3124585640716021,0.17649102154712634,0.24422866560736928
real:high:63:101,63,high,B4,1938.5,6,low,core,0.9999999997657744,0.20638052296730341,0.015976891981291267,0.1380700535165203,0.02991055980260216,0.21651227233834586
real:high:63:102,63,high,B6,2389.5,11,low,late,0.9999999997549399,0.3092854051515094,0.1417607262545145,0.15872618852326656,0.14813130574721828,0.14809672435864335
real:high:63:103,63,high,B4,2977.0,9,low,core,0.9999999999250425,0.40633717358853194,0.481128809212206,0.31386661384940884,0.21925297794800638,0.2776637794815298
real:high:63:104,63,high,B2,3701.5,7,mid,core,0.9999999997288781,0.4633800079794775,0.5349125879351805,0.43574426681854017,0.20331447002556796,0.2699614639081551
real:high:63:105,63,high,B4,4796.5,7,mid,core,0.9999999997290359,0.537978477269085,0.6136811429262568,0.6707824788103586,0.7079014745498907,0.5803844983581334
real:high:63:106,63,high,B6,2872.5,8,low,core,0.9999999997833278,0.3423898517800285,0.09071086358075421,0.2172712141745926,0.1228836822840686,0.10449503576399294
real:high:63:107,63,high,B6,1938.0,5,low,early,0.0,0.10954234449075148,0.04839785687804577,0.031722573387278304,0.0013902969644774147,0.049459422534581444
real:high:63:108,63,high,B6,2182.5,7,low,core,0.9999999997089898,0.21268511398745474,0.00708074035357415,0.142732661240023,0.04229896992364616,0.13474853357908892
real:high:63:109,63,high,B4,3907.5,5,mid,early,0.9999999996961174,0.5302291910887711,0.6860595104727945,0.400615129584594,0.0773147991768383,0.3086336922062685
real:high:63:110,63,high,B6,3442.5,5,mid,early,0.9999999997168069,0.44937250462690953,0.06884429656715348,0.4641538933679797,0.06747653724377677,0.1619654026406051
real:high:63:111,63,high,B4,2144.5,8,low,core,0.9999999997945923,0.2701739850557059,0.12342842222832809,0.16000079039872658,0.11811631157437205,0.3659277164125106
real:high:63:112,63,high,B8,4613.5,8,mid,core,0.9999999997027594,0.5170441247273003,0.5698390455358686,0.5380086040675479,0.5808246155223367,0.5077495227960889
real:high:63:113,63,high,B6,2490.0,4,low,early,0.0,0.14450630946791665,0.039693206119112756,0.01611528829476783,0.0005668403089326292,0.04664132640696213
real:high:63:114,63,high,B6,2933.5,9,low,core,0.9999999997176651,0.37645627386342334,0.25946514001265925,0.2774970248697638,0.17234625754431734,0.16938684943954577
real:high:63:115,63,high,B4,2944.0,8,low,core,0.9999999996901859,0.3893285804581042,0.06422809302624456,0.30926076650510814,0.14972973520812521,0.15007295808799742
real:high:63:116,63,high,B8,2484.0,6,low,core,0.9999999996977662,0.2325090134217166,0.020978698773699546,0.08743641121988732,0.011051458247257053,0.09931316698639525
real:high:63:117,63,high,B8,2786.0,7,low,core,0.9999999997458001,0.3451110119048871,0.01853583090717201,0.17935338073446355,0.05480195249899138,0.16264214447696076
real:high:63:118,63,high,B4,1849.5,4,low,early,0.0,0.06947842306493028,0.005900533337206683,0.005187388996169005,0.0002654758666221833,0.04552837120174611
real:high:63:119,63,high,B6,2957.5,7,low,core,0.9999999997142615,0.3128332392124611,0.26722839277014754,0.17923472314663397,0.09671233995089497,0.2718982768324435
real:high:63:120,63,high,B6,2973.5,8,low,core,0.9999999998639777,0.3528623092259137,0.07567252055427894,0.2561512523508956,0.1488917601543977,0.1348363481856158
real:high:63:121,63,high,B2,8547.0,6,high,core,0.9999999995533788,0.5504025090691981,0.5567897227873188,0.37611450172926725,0.1708359617469052,0.40830570336326166
real:high:63:122,63,high,B8,2021.0,9,low,core,0.9999999997694725,0.2891124471751097,0.1205316200082844,0.2048713521387887,0.14343187833505636,0.22436188595935877
real:high:63:123,63,high,B8,3348.5,8,mid,core,0.9999999996165688,0.5117851824640866,0.3213339207305357,0.5180716865171854,0.30128695190576,0.30782787923056615
real:high:63:124,63,high,B4,3606.0,10,mid,late,0.9999999996212583,0.42554361037726995,0.1268039425227691,0.5905337161961136,0.30140740703401825,0.15245233866492255
real:high:63:125,63,high,B4,3364.0,8,mid,core,0.9999999995009323,0.5073722675001595,0.5987774725560923,0.574297817271474,0.34804563364470126,0.3722120241343667
real:high:63:126,63,high,B8,3696.5,6,mid,core,0.999999999773687,0.5429733801334562,0.21663758915468617,0.6258173863365711,0.2639820067245892,0.2485182771933393
real:high:63:127,63,high,B8,3049.5,11,mid,late,0.99999999971607,0.47479108226039957,0.13971207564154883,0.37700196573640216,0.3280408532279177,0.22055727629417252
real:high:63:128,63,high,B8,2937.5,4,low,early,0.9999999997166104,0.2911619998168054,0.11764743316320865,0.07781921711195894,0.003641325892321797,0.12699859920210102
real:high:63:129,63,high,B6,2916.5,9,low,core,0.9999999999052255,0.3882884183098396,0.2400672948102764,0.27479492506859166,0.18765641418783807,0.16208990339532028
real:high:63:130,63,high,B6,3390.0,8,mid,core,0.9999999994309084,0.4589083836048668,0.21573689752283953,0.38777426140578325,0.22053009676524685,0.2580828812159975
real:high:63:131,63,high,B2,1870.0,7,low,core,0.9999999997434433,0.20950707986028333,0.024457306640438894,0.13875059471418957,0.043327199116637,0.1848682551078353
real:high:63:132,63,high,B6,2766.5,5,low,early,0.9999999996038837,0.24181465745155994,0.011700644301756168,0.12667968903564,0.014367053019797205,0.06197453763228579
real:high:63:133,63,high,B2,5047.0,6,mid,core,0.9999999999571821,0.6025760596875265,0.39784644003196995,0.6635437331605699,0.44173144879866133,0.40674791742425154
real:high:63:134,63,high,B4,2214.0,9,low,core,0.9999999996144499,0.3155316815861924,0.2469949287976811,0.22437483386399035,0.1745299034864212,0.3176947670518134
real:high:63:135,63,high,B2,2816.5,7,low,core,0.9999999997085649,0.28955745767920227,0.21872267959667033,0.167879801515227,0.07484303835333433,0.1755148707473733
real:high:63:136,63,high,B2,2081.5,8,low,core,0.9999999996362932,0.27206514528905285,0.1779235733983936,0.19826642457257815,0.09075673158595542,0.20649030726619091
real:high:63:137,63,high,B8,3592.5,8,mid,core,0.9999999999084418,0.5486402178890553,0.38883113711688705,0.6162793356755634,0.4217689950927728,0.31712954827975287
real:high:63:138,63,high,B4,1546.5,4,low,early,0.0,0.035986991280063114,0.00616398313101957,0.0020356781189321805,0.0001700980902913105,0.05523608273880721
real:high:63:139,63,high,B6,2603.5,8,low,core,0.9999999997919291,0.2946073986568805,0.11178821455610789,0.1961046281488286,0.0932174349972296,0.164656045467898
real:high:63:140,63,high,B4,2315.5,9,low,core,0.9999999995589258,0.3221353157157927,0.1258935652103135,0.21158762263551487,0.14196319360969803,0.23677352586555617
real:high:63:141,63,high,B8,2022.5,9,low,core,0.9999999997178638,0.2778709289326757,0.09801283546730467,0.18929700729663668,0.10764765047156956,0.12585180231131976
real:high:63:142,63,high,B2,1940.5,12,low,late,0.9999999996746506,0.27727918714151856,0.06950753080822979,0.10944724695070684,0.15098341610618088,0.2123772056373701
real:high:63:143,63,high,B2,2229.0,7,low,core,0.9999999996728716,0.2296550911185123,0.10006938244977306,0.13624933027620648,0.049921043579570994,0.15587045079745834
real:high:63:144,63,high,B6,3466.0,6,mid,core,0.9999999996880862,0.42233718922077973,0.0817970477041497,0.44616755595135194,0.1577811472834094,0.12603855762818947
real:high:63:145,63,high,B8,3831.0,7,mid,core,0.9999999997541127,0.5567418946819219,0.28020972413671463,0.6746807708196395,0.4151168918739077,0.387889665096512
real:high:63:146,63,high,B6,2150.0,9,low,core,0.9999999996337262,0.2624098199101194,0.25139346449264205,0.18520977159553015,0.08129909195845304,0.14111908157612735
real:high:63:147,63,high,B2,5807.0,6,mid,core,0.999999999727006,0.5402188787989067,0.4819828124602669,0.6545179620066652,0.5634087119293619,0.5896055498282962
real:high:63:148,63,high,B2,3080.0,7,mid,core,0.9999999998642529,0.35944394649406525,0.3883416114889809,0.2357945821363232,0.12490239633765061,0.21564904080789327
real:high:63:149,63,high,B4,3554.0,7,mid,core,0.9999999991755522,0.5227339686028643,0.4814762116607666,0.6020925819040513,0.3273384287123202,0.3276000575205129
real:high:63:150,63,high,B4,1691.0,8,low,core,0.9999999996254131,0.2159369686946045,0.03376500918168565,0.12784811076316221,0.05357942932624542,0.13437239868713505
real:high:63:151,63,high,B8,4860.0,5,mid,early,0.9999999992971629,0.5798278316236688,0.917137855018986,0.541770053040557,0.19314699173440084,0.5721375028361754
real:high:63:152,63,high,B6,2892.5,8,low,core,0.9999999998047779,0.3257685330359274,0.12080508204642802,0.22241057781775542,0.110892434338916,0.13419748812347018
real:high:63:153,63,high,B6,2886.0,6,low,core,0.9999999996581073,0.3038472194668453,0.02472487821992398,0.20629542483717148,0.04606533361125283,0.13285997352776827
real:high:63:154,63,high,B8,3010.0,8,mid,core,0.9999999997422395,0.425620984517366,0.35473290325969514,0.3305595692606612,0.17889281526243225,0.20269452907020927
real:high:63:155,63,high,B2,3232.0,7,mid,core,0.9999999995677141,0.3622417373304694,0.02472233254854296,0.2875359466064005,0.13205993028586863,0.1055971890049985
real:high:63:156,63,high,B8,4807.0,8,mid,core,0.9999999988620867,0.5196253512961885,0.5692429449373894,0.5156272381736923,0.5178745135536921,0.4831403794160856
real:high:63:157,63,high,B2,1898.5,8,low,core,0.9999999996190706,0.23021433087112753,0.0804929099370304,0.14760284833159104,0.07027267924761882,0.13997776102958873
real:high:63:158,63,high,B2,7614.5,6,high,core,0.9999999994570394,0.5607760084680116,0.6355644248326274,0.4712454970710714,0.2565135193163653,0.5284289660164591
real:high:63:159,63,high,B6,2333.0,5,low,early,0.9999999997535127,0.1941760001263585,0.014680644599085205,0.08584165492128404,0.00786982009815489,0.06492461206581863
real:high:63:160,63,high,B8,5762.5,7,mid,core,0.9999999996430198,0.46092587061193413,0.5132213592701814,0.422754037970356,0.4435644568044778,0.7189030249946271
real:high:63:161,63,high,B4,4067.5,7,mid,core,0.9999999999434073,0.5671715378230249,0.2635245120631796,0.7058409333081807,0.5820887856044423,0.4138271795749849
real:high:63:162,63,high,B6,2599.5,5,low,early,0.999999999589408,0.1875093744609637,0.015441770090372791,0.05112796533748266,0.003356857528484314,0.054123407786868465
real:high:63:163,63,high,B4,5339.0,10,mid,late,0.9999999993455903,0.42461041267383753,0.2246592402586085,0.392464509250333,0.273856193699273,0.32423598627753786
real:high:63:164,63,high,B4,3748.5,7,mid,core,0.9999999998804542,0.562741226773423,0.3368679366792521,0.7077313677715089,0.44417437768306667,0.4021849079380882
real:high:63:165,63,high,B6,3523.5,8,mid,core,0.9999999995757892,0.4761367803657048,0.29555862786304904,0.3962496386954906,0.21717216201129153,0.2610146642899657
real:high:63:166,63,high,B4,2196.0,9,low,core,0.0,0.20778212616041453,0.05168998312252104,0.09909668270247267,0.03754214219702998,0.1070781325191956
real:high:63:167,63,high,B4,2705.0,9,low,core,0.9999999995759199,0.3621729472909152,0.19729438395617066,0.2609660108811657,0.20454528920832643,0.2954442447152902
real:high:63:168,63,high,B4,3496.5,7,mid,core,0.9999999997171104,0.49447386101296625,0.28356526473601323,0.5510136093864065,0.3191096765100921,0.4133536601039924
real:high:63:169,63,high,B2,3584.5,7,mid,core,0.9999999996654135,0.45306699554005564,0.11499439476650583,0.43182304367465274,0.19101805886934461,0.22686974760033107
real:high:63:170,63,high,B2,3063.5,8,mid,core,0.9999999995468268,0.3201990223005041,0.04509010705246505,0.22201749837976856,0.13144800612143906,0.13853048291445658
real:high:63:171,63,high,B8,4836.0,7,mid,core,0.9999999993584647,0.5061830772291788,0.17961656819883148,0.5230095524006174,0.5550740323903662,0.4729706701401892
real:high:63:172,63,high,B6,2096.0,4,low,early,0.0,0.10931524853102018,0.02470939158818284,0.01725347298796449,0.0007986841655385963,0.049442622428566334
real:high:63:173,63,high,B4,3044.0,8,mid,core,0.9999999997336139,0.4079771681289232,0.027489238071058957,0.26673411618923226,0.06543550636827361,0.14948511287087068
real:high:63:174,63,high,B2,8958.5,8,high,core,0.0,0.466257843887827,0.5800208265728282,0.23676068144041018,0.015216719260493023,0.30100323919541966
real:high:63:175,63,high,B8,1910.0,9,low,core,0.9999999997199691,0.23363031519088645,0.11856502889259317,0.15764578421972233,0.060905725870071446,0.13942434042035481
real:high:63:176,63,high,B6,2560.5,9,low,core,0.9999999998606054,0.31921215426024924,0.14986948993703628,0.19733915275679265,0.13681352173474243,0.2190689513690831
real:high:63:177,63,high,B4,3981.5,7,mid,core,0.999999999856021,0.5273190837077387,0.34867347599985543,0.6197267186801936,0.43049471972891223,0.48405120087887515
real:high:63:178,63,high,B8,2480.5,6,low,core,0.9999999996670916,0.2561538296772451,0.00848076431439391,0.17024155532179303,0.04455646041591438,0.1526036501809986
real:high:63:179,63,high,B4,2749.0,8,low,core,0.9999999994873202,0.30660767975948644,0.1483202020973933,0.20253241190237128,0.13287399502684444,0.19422056214367353
real:high:63:180,63,high,B6,1798.5,9,low,core,0.9999999998083902,0.23861463586051093,0.06397991735820897,0.1469397280726631,0.07577929980774742,0.17824818403303797
real:high:63:181,63,high,B8,2864.0,10,low,late,0.9999999995001692,0.3807000542075529,0.11605185016685349,0.3062193661403094,0.23392260745787982,0.12027041125853703
real:high:63:182,63,high,B8,7670.5,10,high,late,0.9999999994755759,0.46601080958357793,0.39019018793804855,0.3613069045521963,0.2069272132799827,0.3437980420488474
real:high:63:183,63,high,B2,7784.0,6,high,core,0.9999999988894481,0.6258991871227944,0.8529761370257658,0.2341640127019551,0.1830784109984405,0.632769092053926
real:high:63:184,63,high,B4,2679.5,8,low,core,0.9999999995972939,0.32211234960732577,0.11375439313699288,0.24139089931041735,0.1398862017809487,0.1786803540388767
real:high:63:185,63,high,B8,3873.0,5,mid,early,0.9999999996968205,0.47156327379869883,0.7040134822073972,0.42854169926596813,0.06949656817392832,0.3231859575209909
real:high:63:186,63,high,B4,3170.5,8,mid,core,0.9999999996898029,0.4839773402843731,0.19121921826432456,0.4509086500196406,0.2914177346493436,0.3427777694622471
real:high:63:187,63,high,B4,2976.5,7,low,core,0.9999999998656773,0.35080901209926774,0.23403906131174004,0.2750294411701038,0.13630876109414813,0.20931273126592093
real:high:63:188,63,high,B2,2560.5,7,low,core,0.9999999997895955,0.26317081838192824,0.04503419361638929,0.158203383488853,0.06527983495810799,0.22853980583795516
real:high:63:189,63,high,B4,4507.5,7,mid,core,0.9999999999412984,0.5240595985935741,0.37165954073302254,0.6355980640516805,0.7502826458276124,0.6185229015959849
real:high:63:190,63,high,B2,2936.0,7,low,core,0.9999999995916634,0.2939926808701768,0.08427053135581894,0.16944845603752634,0.0917539431616178,0.1384137401206165
real:high:63:191,63,high,B6,3394.0,6,mid,core,0.9999999995852693,0.4111367364252646,0.06459403847834846,0.36546964039390745,0.11158919444259846,0.18328136645304222
real:high:63:192,63,high,B2,3876.0,6,mid,core,0.9999999993057037,0.4910241920292253,0.08236517319245748,0.5538378962677756,0.2432110457952203,0.22618922758710233
real:high:63:193,63,high,B8,3137.5,9,mid,core,0.9999999996456185,0.4638313137826213,0.5927166316273822,0.41179026044475875,0.35530514985676576,0.27825958769001397
real:high:63:194,63,high,B2,2197.5,4,low,early,0.0,0.11533296070663973,0.03549176921156138,0.02110327978274687,0.0009342497430345952,0.06379628381949976
real:high:63:195,63,high,B2,6119.5,7,high,core,0.9999999997627551,0.4896308688463503,0.666805231428598,0.5069581180803304,0.4058213690136432,0.6330550786724158
real:high:63:196,63,high,B4,2859.0,9,low,core,0.9999999996789826,0.3488983761445369,0.04119426627822727,0.2290451816589103,0.1372979718615124,0.19094631531591344
real:high:63:197,63,high,B4,3005.0,4,mid,early,0.9999999996091081,0.25609974464556456,0.11524813441444201,0.07617428747416691,0.004361733941118956,0.13401239364666193
real:high:63:198,63,high,B8,3959.5,6,mid,core,0.9999999997811969,0.5453452798964035,0.22775101312253854,0.660175269533244,0.3692654117358258,0.4679419988971661
real:high:63:199,63,high,B6,2721.5,9,low,core,0.9999999996368861,0.3252629506961978,0.14276846905124152,0.23230636790939485,0.11745664947377042,0.1472869375364315
real:high:63:200,63,high,B2,2543.0,8,low,core,0.9999999997524324,0.2988397094395644,0.19066940123882686,0.16212416161987533,0.10429915991886002,0.25777996286353805
real:high:63:201,63,high,B8,3425.0,5,mid,early,0.9999999996905854,0.44455643303349657,0.11685143172988453,0.28889415544092445,0.04665158416786134,0.21922614421163122
real:high:63:202,63,high,B8,2386.0,6,low,core,0.9999999996670875,0.23759308601830653,0.02303434693694783,0.12371616515043649,0.02189896044724816,0.20334044837683937
real:high:63:203,63,high,B2,2942.0,8,low,core,0.9999999995853848,0.30887946421598395,0.10342798217705763,0.20145548042157774,0.13596544922054032,0.17536753038136538
real:high:63:204,63,high,B4,2911.5,7,low,core,0.9999999997397102,0.32180171302098814,0.1284140542907577,0.21248348910676826,0.12411992010521836,0.21023129380692707
real:high:63:205,63,high,B2,4554.5,7,mid,core,0.9999999998235228,0.5513338075362197,0.5446479910176696,0.5796088228195577,0.36118773676268723,0.5782703572406811
real:high:63:206,63,high,B8,3847.0,6,mid,core,0.9999999997773729,0.5186285900663323,0.2655731806172042,0.6461433118410538,0.3301759727159418,0.4365408856517833
real:high:63:207,63,high,B4,4643.0,7,mid,core,0.9999999999447011,0.5048877900544781,0.2772691978095049,0.5843550461139436,0.666058499967815,0.6393605870865595
real:high:63:208,63,high,B6,4355.0,6,mid,core,0.9999999999903729,0.5633727292552893,0.2621497329518167,0.6417163386156554,0.41622923890632657,0.32169261358550394
real:high:63:209,63,high,B4,1887.5,5,low,early,0.999999999664871,0.17572940341852497,0.01350192012619203,0.07796049243235177,0.005925528983860429,0.07088858332908074
real:high:63:210,63,high,B6,2559.0,8,low,core,0.9999999997933922,0.29596187647015404,0.06737228139263382,0.15510033997277908,0.10149675094966144,0.2130799238366874
real:high:63:211,63,high,B8,2182.0,9,low,core,0.9999999997567599,0.29178989076157474,0.1493780525260394,0.189338020558982,0.11501993718008793,0.2164853357763297
real:high:63:212,63,high,B6,1817.0,6,low,core,0.0,0.06728398933002104,0.005708855797265973,0.003187009341892533,0.00033244946846579417,0.038258320197027795
real:high:63:213,63,high,B8,2408.0,8,low,core,0.9999999997844694,0.27531305355599456,0.15925359988855584,0.1648738553088537,0.08225082510187479,0.2236685639580651
real:high:63:214,63,high,B6,2048.5,9,low,core,0.9999999996650859,0.260786061027171,0.0993341415271296,0.17094640920349466,0.06550760811634432,0.13942434042035481
real:high:63:215,63,high,B2,3639.5,5,mid,early,0.9999999997190386,0.40074846995330027,0.0876930270935468,0.2349341817995701,0.03464168924464834,0.24752226723640736
real:high:63:216,63,high,B6,1704.5,7,low,core,0.9999999995994944,0.16759906795547258,0.01363113159221261,0.1196176152603498,0.03178823958545502,0.10178626741337632
real:high:63:217,63,high,B8,2596.5,8,low,core,0.9999999999119538,0.35131983276970974,0.1407022169620365,0.25321916203691086,0.1531979028074924,0.24915869229784743
real:high:63:218,63,high,B2,1949.5,7,low,core,0.0,0.27832237096602186,0.005981010532456378,0.05771940929717764,0.032207875617722606,0.038630126855541805
real:high:63:219,63,high,B8,3790.5,5,mid,early,0.9999999997137479,0.5061855689009478,0.351231942819836,0.5147808777836326,0.1227364374027022,0.36778481768781074
real:high:63:220,63,high,B8,2623.5,9,low,core,0.9999999997377342,0.34861843792455827,0.21500212322547688,0.23919392001541528,0.16670613774358237,0.16391729404477617
real:high:63:221,63,high,B4,3786.0,7,mid,core,0.999999999588403,0.5479271349484335,0.340350703876752,0.6214244037236698,0.4258520495860283,0.4296355454632122
real:high:63:222,63,high,B4,2873.5,6,low,core,0.9999999998132132,0.31462980950451475,0.013504004992798132,0.24531273784459437,0.07177628674866839,0.11980889373183744
real:high:63:223,63,high,B2,3120.5,8,mid,core,0.9999999996886683,0.3713494908962178,0.15237336564895868,0.2777503085575507,0.1953028478506596,0.25972735971407934
real:high:63:224,63,high,B4,3708.0,10,mid,late,0.9999999999421286,0.48912269685603316,0.5437352344343394,0.7136250615516087,0.4302302016379191,0.34583410398528897
real:high:63:225,63,high,B8,3123.0,8,mid,core,0.9999999997083007,0.4554622134112028,0.24339893171491533,0.39528924456698666,0.23914224378916965,0.30556245193466747
real:high:63:226,63,high,B4,2715.5,5,low,early,0.9999999996860872,0.25728505101074384,0.020369731328234192,0.10472465642781541,0.01412109227724491,0.09931316698639525
real:high:63:227,63,high,B2,1917.0,7,low,core,0.999999999682149,0.2102111572585055,0.02505082237722602,0.14148929843699662,0.04339383203353087,0.18391679214160503
real:high:63:228,63,high,B6,2787.5,9,low,core,0.9999999996691575,0.33128317614255964,0.14688198190896226,0.23364068052116052,0.13726765490521078,0.20865992733483568
real:high:63:229,63,high,B2,4259.0,5,mid,early,0.9999999998905438,0.5599075301927876,0.31503071481913625,0.6538712660740953,0.2616632082826845,0.4401907435126676
real:high:63:230,63,high,B6,3119.5,8,mid,core,0.9999999997137304,0.42306770998482784,0.24273187175759384,0.31581663039973557,0.1822820596749661,0.20704166356293674
real:high:63:231,63,high,B2,2803.0,7,low,core,0.999999999890596,0.32652414800604074,0.2798372028751776,0.19555099405752022,0.10781480690245833,0.20435971088655772
real:high:63:232,63,high,B6,2105.5,8,low,core,0.9999999998753109,0.27245917440233547,0.06304853661634074,0.18080220507036449,0.0932426215943874,0.23284294995236474
real:high:63:233,63,high,B6,2798.0,9,low,core,0.9999999996573663,0.343802154026295,0.21565514507495986,0.2517505518509519,0.13760238946367462,0.16532821125994676
real:high:63:234,63,high,B2,3110.0,8,mid,core,0.9999999996729817,0.3695185876370111,0.15735873339379983,0.2751998419798214,0.18308378980839451,0.25972735971407934
real:high:63:235,63,high,B6,3184.0,8,mid,core,0.9999999998814583,0.4432036048100022,0.41565230774226253,0.3885893903563761,0.18828992452741733,0.20554586055638624
real:high:63:236,63,high,B2,2058.0,8,low,core,0.0,0.1346091314866861,0.02374811491307512,0.03967796396099938,0.011401390795651474,0.09093205796286435
real:high:63:237,63,high,B8,2712.5,4,low,early,0.0,0.25522681811668,0.09941595272385398,0.07771440525545084,0.001980532623379551,0.05960459381633463
real:high:63:238,63,high,B8,4800.5,6,mid,core,0.9999999994036552,0.5798968361317609,0.34096221941623794,0.7375331559879925,0.6074554608361632,0.43706054700305813
real:high:63:239,63,high,B6,3131.0,11,mid,late,0.9999999995035037,0.47527314567283113,0.49963388828809746,0.38622490195851145,0.30134333367897703,0.2252391309186119
real:high:63:240,63,high,B4,2131.5,8,low,core,0.999999999666591,0.2657328346621686,0.10472046982976833,0.1667560779864079,0.09331129675579312,0.16488069387359103
real:high:63:241,63,high,B2,3501.0,7,mid,core,0.999999999778629,0.4285216969057781,0.031781827322868404,0.39303185257197054,0.15533778047672286,0.09657597135550587
real:high:63:242,63,high,B4,3443.5,7,mid,core,0.9999999995974778,0.45051389221698807,0.16763136940774565,0.4536090070522191,0.2516073119851295,0.3790082931838396
real:high:63:243,63,high,B4,5257.5,7,mid,core,0.9999999998434009,0.4743647549080127,0.3021513310957444,0.47172921205353546,0.5365800902344264,0.6327787686337475
real:high:63:244,63,high,B6,3008.5,7,mid,core,0.9999999996253698,0.344423309664178,0.19899970474993273,0.2541252830225259,0.14826283743112736,0.20432011221051
real:high:63:245,63,high,B6,2145.0,9,low,core,0.9999999996559826,0.249755408296603,0.24959629442792375,0.17497067796940252,0.0725234925876049,0.13942434042035481
real:high:63:246,63,high,B2,3193.0,8,mid,core,0.9999999997790707,0.40384359803115755,0.06563634551212535,0.3215307833291452,0.17637876322880963,0.28115345967031563
real:high:63:247,63,high,B6,2100.5,9,low,core,0.9999999997300255,0.2677333663986285,0.09623013270254156,0.18951198897092933,0.08477915880621802,0.13844629737161174
real:high:63:248,63,high,B4,2333.5,8,low,core,0.9999999996325594,0.2800511678097078,0.10080722764071962,0.17957775463885228,0.09625495746732719,0.162954733587353
real:high:63:249,63,high,B6,3099.0,8,mid,core,0.9999999998056461,0.3900301066312593,0.12615905721612616,0.29456110983754163,0.13077214795965839,0.12825140342220376
real:high:63:250,63,high,B8,2969.0,11,low,late,0.9999999997462108,0.4478068046993089,0.17606783757227173,0.3437162416665517,0.27894203957318464,0.2451474384385517
real:high:63:251,63,high,B6,1633.0,5,low,early,0.9999999996560623,0.15913783247681768,0.006176522113912248,0.07280086160036313,0.006270402030199349,0.06724207774726623
real:high:63:252,63,high,B4,2045.0,8,low,core,0.9999999997254698,0.24132749601943307,0.06514033647435034,0.1462109391597762,0.06974407603761477,0.22258269722131438
real:high:63:253,63,high,B2,6347.0,7,high,core,0.9999999997576061,0.5328103187727494,0.41176252265610036,0.5160323587242844,0.4119326639268159,0.4356955163133662
real:high:63:254,63,high,B2,3114.5,7,mid,core,0.9999999997917035,0.3159793388940046,0.08593968003130244,0.2141038871352036,0.09476099075986184,0.16243126759687182
real:high:63:255,63,high,B8,2326.0,5,low,early,0.9999999997495653,0.19816879484213307,0.014804356831624031,0.06344615281291063,0.0063602278057856634,0.07140359698628856
real:high:63:256,63,high,B6,3864.0,8,mid,core,0.9999999997604445,0.5695826024498919,0.3120158121227023,0.6441500078544669,0.42658617070344695,0.36773236067638654
real:high:63:257,63,high,B2,4079.0,7,mid,core,0.9999999997627054,0.5006549087406178,0.2528753236344829,0.5289812594637253,0.2729245872197024,0.49128813674567995
real:high:63:258,63,high,B8,3250.5,8,mid,core,0.9999999999573848,0.4824954450529035,0.22323243021988576,0.4705469654447577,0.2933343058785835,0.30705175761816983
real:high:63:259,63,high,B6,2715.0,8,low,core,0.99999999978517,0.29620406020285417,0.14431758667711303,0.18873455266233405,0.10388943465500658,0.17187925941352947
real:high:63:260,63,high,B4,2093.0,5,low,early,0.0,0.11936441648969501,0.02728463250865072,0.03590486749778633,0.0017002759367800789,0.09202187702945867
real:high:63:261,63,high,B4,4659.5,7,mid,core,0.999999999965781,0.5118356529950819,0.27250872376821067,0.5945819046033008,0.6808292213341329,0.5744270354234945
real:high:63:262,63,high,B8,2588.5,7,low,core,0.0,0.26716618534585873,0.0206410013579301,0.056289557838626096,0.004091440398815876,0.05174991760747095
real:high:63:263,63,high,B8,3795.0,7,mid,core,1.0,0.5270107020918099,0.48109232858227835,0.5587906433779447,0.34484552429879795,0.43308262887875093
real:high:63:264,63,high,B6,2802.5,7,low,core,0.9999999997388693,0.30757022760992125,0.039145060416146175,0.16618602261635249,0.10547925310996105,0.10780488663174975
real:high:63:265,63,high,B2,2600.0,7,low,core,0.9999999996627253,0.2506422332728346,0.056203328461963735,0.13952367397292592,0.0488170524749084,0.11372133961177923
real:high:63:266,63,high,B6,3308.0,5,mid,early,0.9999999996683703,0.3544775848046596,0.037684146705604445,0.3068080544960287,0.04231209683108746,0.1047772156334853
real:high:63:267,63,high,B2,3519.0,7,mid,core,0.9999999997856643,0.46742566395000784,0.07724555920374084,0.4505957947067465,0.23296851160967771,0.25769890225261827
real:high:63:268,63,high,B4,3756.0,5,mid,early,0.9999999996626866,0.5187055832828743,0.6331975741197258,0.40993216430697393,0.06465612580745655,0.33766065046449684
real:high:63:269,63,high,B8,2106.0,9,low,core,0.9999999998272259,0.3345765334240525,0.42806965316707835,0.25103443881127796,0.18311752010377771,0.3822076575030678
real:high:63:270,63,high,B2,6387.0,7,high,core,0.9999999997506878,0.500615582067866,0.3753450177382505,0.44053128884441956,0.3463992937389031,0.6213032593685693
real:high:63:271,63,high,B6,1637.5,5,low,early,0.9999999996385596,0.12592329291097368,0.016174868677315317,0.049935611084013794,0.002542276938796952,0.08952714130091556
real:high:63:272,63,high,B6,2998.5,8,low,core,0.9999999998360152,0.35525135708841754,0.0427195448143851,0.2616052597510335,0.15049856057731414,0.1348363481856158
real:high:63:273,63,high,B2,2980.0,7,low,core,0.999999999675454,0.2932182460742042,0.1636225815398849,0.1673055945249617,0.07381825552891837,0.15546304440746786
real:high:63:274,63,high,B2,6624.0,10,high,late,0.9999999993751207,0.4173597041315522,0.1387969778856555,0.39637151204785487,0.2314483459831239,0.365314546177326
real:high:63:275,63,high,B2,1786.5,6,low,core,0.0,0.07595731267556,0.008250540801117699,0.005754703340045328,0.00013360443333583684,0.04237316679450037
real:high:63:276,63,high,B2,6271.5,6,high,core,0.999999999658452,0.5510500631187821,0.6112206251953834,0.5953930203238912,0.4950786312348453,0.6980253728163224
real:high:63:277,63,high,B6,3382.0,8,mid,core,0.9999999994038153,0.47569091377081213,0.20262396266883606,0.43282577338577627,0.2535909355759819,0.2757807714778019
real:high:63:278,63,high,B4,4788.5,12,mid,late,0.9999999993785087,0.41837640272066545,0.3003044526836269,0.3579318388723442,0.17158263002998006,0.19141523807936198
real:high:63:279,63,high,B2,6495.5,7,high,core,0.9999999998288475,0.5287829668350916,0.5019646606979002,0.6228743832695842,0.6156007617917549,0.4865075350999174
real:high:63:280,63,high,B8,3687.0,7,mid,core,0.9999999999829791,0.5168500914917363,0.659138007328731,0.5754494133188146,0.34588597325497716,0.4109595132939656
real:high:63:281,63,high,B8,2882.5,8,low,core,0.9999999999004189,0.3625341168682332,0.07726073448313296,0.25602803602427404,0.15518499647288775,0.17912329172474123
real:high:63:282,63,high,B2,5800.5,7,mid,core,0.9999999998455356,0.5018638047123992,0.6325848075961085,0.5715527696100404,0.5235531745434334,0.6347354709311563
real:high:63:283,63,high,B6,2054.0,9,low,core,0.999999999761609,0.25429074657139855,0.1251415360267531,0.15569812794331642,0.08484200784754706,0.14714101408239827
real:high:63:284,63,high,B2,2500.0,7,low,core,0.999999999715829,0.2589077525723787,0.04781618249066685,0.15473588673497787,0.061620935776694176,0.156760790580821
real:high:63:285,63,high,B8,3630.0,7,mid,core,1.0,0.5182125405172683,0.4608496282429743,0.5966197626893623,0.38304508592958714,0.4000825932088906
real:high:63:286,63,high,B2,5071.5,7,mid,core,0.9999999996275809,0.47168284607256156,0.2833337380045864,0.20871652958306294,0.1298409777723796,0.3135737901521186
real:high:63:287,63,high,B4,3321.0,8,mid,core,0.9999999996434888,0.49722293147859786,0.40465226822120565,0.5036398539535655,0.30405244953953925,0.310049960758413
real:high:63:288,63,high,B8,4225.5,7,mid,core,0.9999999997658211,0.5643569539735649,0.2276798948418123,0.6709059979645234,0.5062657086912311,0.43886928127669916
real:high:63:289,63,high,B2,5943.5,7,mid,core,0.9999999997118543,0.5352035869865246,0.4085938122897643,0.6165328895859609,0.5409926704407466,0.5217237212065251
real:high:63:290,63,high,B2,3499.0,6,mid,core,0.9999999997514178,0.5285567774708342,0.07593966375304687,0.5836464674770567,0.25867887467494155,0.22351838959456136
real:high:63:291,63,high,B2,4700.5,7,mid,core,0.999999999875189,0.5689606228531023,0.19317039062542243,0.6223169760539907,0.423614334393338,0.3112156220015515
real:high:63:292,63,high,B2,9014.0,6,sat,core,0.999999999457076,0.6001576030408105,0.42468610426879777,0.48481552479345125,0.3826902115761728,0.519307881108014
real:high:63:293,63,high,B6,2806.0,7,low,core,0.9999999997244516,0.2821509320128263,0.08742116448106191,0.16264586739305717,0.07147242130264882,0.11847039137504879
real:high:63:294,63,high,B2,3011.5,8,mid,core,0.99999999971347,0.34627561551711245,0.0778640422133177,0.2201518340886228,0.16545744745413224,0.301178475471828
real:high:63:295,63,high,B8,3669.0,7,mid,core,0.99999999977913,0.5177155546819371,0.5961335227805411,0.5838858359649532,0.3305745264954687,0.34945638337013224
real:high:63:296,63,high,B8,6179.5,8,high,core,0.9999999995557959,0.4836197071947258,0.7151793391182145,0.31611268905312956,0.2352391067117308,0.5415651131030038
real:high:63:297,63,high,B2,7928.5,7,high,core,0.9999999993529249,0.5149797643471785,0.6125162619238076,0.3692174723474897,0.23807007226794905,0.517421231476891
real:high:63:298,63,high,B6,2804.0,9,low,core,0.9999999996582359,0.3433426063936607,0.12776638469101556,0.23323185234996424,0.1394633328746022,0.15889525493121387
real:high:63:299,63,high,B2,3255.0,7,mid,core,0.9999999995946811,0.34052799063240413,0.14046725743845415,0.2523261875340296,0.12458641669814707,0.17649804399970184
real:high:63:300,63,high,B8,1759.5,9,low,core,0.9999999998955615,0.2779997067983429,0.2051286248088674,0.19869679689928726,0.12620384588005507,0.25204082943782724
real:high:63:301,63,high,B8,4223.5,9,mid,core,0.9999999994200766,0.4612263993385257,0.5590381661554522,0.5339397090097414,0.44455987714879985,0.5322932100609195
real:high:63:302,63,high,B2,1728.0,7,low,core,0.9999999996266397,0.1811075145689212,0.01968906945816699,0.1093447373023207,0.028185318424489618,0.10974484720532335
real:high:63:303,63,high,B6,2098.0,8,low,core,0.999999999704891,0.23087741454913313,0.0459164411387442,0.14134584370775016,0.05321339717196854,0.1200317694176427
real:high:63:304,63,high,B4,1904.5,6,low,core,0.9999999997077563,0.18160701278930028,0.009561002017663522,0.09293528656830648,0.011140544474138016,0.11088553822831494
real:high:63:305,63,high,B6,3231.0,7,mid,core,0.9999999996635084,0.36494801454070475,0.1795986961026582,0.2705911571075768,0.13997444853928512,0.18836239956555517
real:high:63:306,63,high,B4,1731.5,4,low,early,0.0,0.07336180915015746,0.009890207940186883,0.010402146007723372,0.0006271645473488826,0.049442622428566334
real:high:63:307,63,high,B2,2992.0,8,low,core,0.9999999995564489,0.3318764933747728,0.0677473680238038,0.24062956598206606,0.1335629561621052,0.2020841894735245
real:high:63:308,63,high,B4,2997.0,9,low,core,0.9999999997333475,0.36509645626036424,0.010612513639573388,0.26665019053233474,0.11854604997456801,0.11716185000845784
real:high:63:309,63,high,B6,3885.0,8,mid,core,0.9999999994655795,0.5495803344833619,0.5511484526841608,0.5532434278449488,0.3126041039063805,0.381733156275677
real:high:63:310,63,high,B2,4004.0,6,mid,core,0.9999999993001475,0.5292547802748125,0.29771637394835326,0.6414394894135461,0.3635793367505279,0.3756464431039981
real:high:63:311,63,high,B8,2537.5,12,low,late,0.9999999994844189,0.334243365814255,0.10185855750229435,0.2055171515615007,0.19930037435390877,0.17275477393036948
real:high:63:312,63,high,B6,2733.0,9,low,core,0.9999999998853023,0.3631464416828935,0.27492158166150465,0.2664628747791391,0.19274079267791888,0.2685014055455831
real:high:63:313,63,high,B4,2089.0,7,low,core,0.9999999996042158,0.21356702628918012,0.12177960411188635,0.15054560500126055,0.04780525158079066,0.17114725609596929
real:high:63:314,63,high,B6,2345.0,6,low,core,0.9999999997853295,0.2185110297057921,0.01268944057307257,0.11646789979312082,0.019318060900876514,0.1405490155974887
real:high:63:315,63,high,B4,2320.0,6,low,core,0.0,0.22199689988581506,0.022295361033015812,0.06477733780051437,0.009057210795617226,0.03878500867730513
real:high:63:316,63,high,B4,2240.0,6,low,core,0.9999999996354704,0.23628272107307163,0.015976891981291267,0.14083611916393796,0.027300698811333055,0.23742031197118837
real:high:63:317,63,high,B4,3033.0,4,mid,early,0.9999999994054231,0.2800166132270438,0.13495745123641908,0.06527326779805831,0.0029508128842166467,0.11964225591842746
real:high:63:318,63,high,B8,2820.5,7,low,core,0.9999999998333523,0.3339939660093434,0.24322246608955173,0.2469560219108541,0.14066959709538185,0.36707742674712623
real:high:63:319,63,high,B2,2102.0,8,low,core,0.9999999996075675,0.22263421448212986,0.12187141826616953,0.12808661340739697,0.05615147173848867,0.21475953939447637
real:high:63:320,63,high,B4,2416.5,8,low,core,0.9999999996066272,0.2962531276899236,0.21367432407932063,0.21097986751344305,0.13428883539524578,0.24915869229784743
real:high:63:321,63,high,B2,1921.0,7,low,core,0.9999999997119424,0.2077840413182827,0.09315686838759384,0.1310591637510588,0.038308551437629186,0.1390991833966411
real:high:63:322,63,high,B4,1599.0,8,low,core,0.9999999997153818,0.21675984597670087,0.04194774744354952,0.1270522949058717,0.06098997793257934,0.2287349900805846
real:high:63:323,63,high,B6,2602.0,4,low,early,0.0,0.21419860216978878,0.036085392254046535,0.032044320193943335,0.0011538189031425987,0.06382150076536779
real:high:63:324,63,high,B2,4378.0,7,mid,core,0.9999999997787865,0.5514059923969741,0.41178153726679134,0.5800833035880958,0.35585161970005164,0.5031572906228916
real:high:63:325,63,high,B4,4897.0,7,mid,core,0.0,0.6301586220937474,0.38137012180170626,0.8218336689898222,0.9601492564012952,0.7744391133208272
real:high:63:326,63,high,B8,4765.0,7,mid,core,0.9999999997250053,0.5414555799188207,0.1307628968050298,0.6835279139080678,0.6839078137575721,0.4519339743742212
real:high:63:327,63,high,B8,3355.0,7,mid,core,0.9999999999653933,0.4296261243283758,0.14285695461847928,0.40842047772335727,0.19876422851575817,0.27037782772118096
real:high:63:328,63,high,B8,3884.5,4,mid,early,0.9999999996903276,0.47071205015777756,0.4459542844193855,0.14433921281928777,0.020731939142705873,0.369208330206972
real:high:63:329,63,high,B4,2918.5,4,low,early,0.9999999994241736,0.26227662875419994,0.09499765421904352,0.059158036335948905,0.00295398661182875,0.13434861807955234
real:high:63:330,63,high,B6,4118.0,8,mid,core,0.999999999787093,0.5539755245735574,0.48405913235690345,0.6380100969268122,0.46396493580049286,0.456079993681895
real:high:63:331,63,high,B2,7346.5,6,high,core,0.9999999994772515,0.560823243635071,0.4457679377588499,0.5251401977835272,0.30477225935817936,0.4915133432214855
real:high:63:332,63,high,B6,1925.0,4,low,early,0.0,0.07669753033549818,0.011581980396384932,0.006488341333149798,0.0004302541424331524,0.044241380326277745
real:high:63:333,63,high,B8,2659.5,9,low,core,0.9999999997547737,0.3611270000360406,0.24041228712818852,0.26557118199351437,0.18330757450881788,0.29863431031837523
real:high:63:334,63,high,B4,4227.0,6,mid,core,0.9999999998989392,0.5510007803393165,0.26948102532267704,0.6227378110160738,0.31747774651861277,0.3466834762196619
real:high:63:335,63,high,B4,2665.0,8,low,core,0.9999999994443753,0.30243580664339215,0.15447683580316396,0.2012076441840904,0.15582370241806048,0.3077279515094722
real:high:63:336,63,high,B8,3565.0,7,mid,core,0.9999999999748557,0.500723120838852,0.2513913620149219,0.5236172630775603,0.2990690046311088,0.3659148982537288
real:high:63:337,63,high,B6,1843.5,9,low,core,0.999999999781237,0.24242884231814837,0.1669504619988477,0.15588892309999325,0.08111491377920133,0.16937837244805276
real:high:63:338,63,high,B6,3821.0,7,mid,core,0.9999999997671589,0.5012414902427985,0.30145142203866615,0.5107059360251331,0.29514381668769857,0.48806915834877457
real:high:63:339,63,high,B8,3174.5,8,mid,core,0.999999999983692,0.4606909689198527,0.22746544000982818,0.42382632555596467,0.24841145565709838,0.28575599862926315
real:high:63:340,63,high,B6,4197.5,7,mid,core,0.9999999999221694,0.5277531724857504,0.2166654492970042,0.6217444250433907,0.43786565431761626,0.5515346106877507
real:high:63:341,63,high,B8,3529.5,8,mid,core,0.9999999996095997,0.574520375276525,0.33409213373837615,0.6548934869058219,0.40778871510334913,0.34850172088664844
real:high:63:342,63,high,B2,7949.5,6,high,core,0.9999999994247538,0.5427564228610969,0.4533733281295616,0.44628054905449266,0.26234548594884116,0.45426861251949185
real:high:63:343,63,high,B6,4509.5,5,mid,early,0.9999999999801505,0.5675233004133262,0.3901708280633032,0.6404766657298745,0.25615459164200866,0.4029036142713469
real:high:63:344,63,high,B2,2974.5,8,low,core,0.9999999995491081,0.32830210462180737,0.0809371521809898,0.2337476378719902,0.13555150972877614,0.1926789151149948
real:high:63:345,63,high,B8,3166.0,12,mid,late,0.9999999995810951,0.35181942427181495,0.19037421216173328,0.2863270932067362,0.19124049523772438,0.10951340580514743
real:high:63:346,63,high,B2,1988.5,8,low,core,0.9999999995871807,0.2337197879919518,0.07143333325851153,0.14244497003744605,0.06791358682819083,0.19820748863374596
real:high:63:347,63,high,B2,2828.0,8,low,core,0.9999999995331346,0.29739911016661014,0.11957522143331381,0.17220544077449548,0.10007396811348358,0.16862285862611184
real:high:63:348,63,high,B4,3927.5,7,mid,core,0.9999999997884496,0.5317532210988496,0.4033540701420438,0.6379699672053736,0.4450879319552656,0.4715235729553832
real:high:63:349,63,high,B2,5252.0,7,mid,core,0.9999999998310151,0.4977525312835471,0.48844999615605805,0.5825164431668878,0.451381364730442,0.5864931238550899
real:high:63:350,63,high,B8,3082.0,8,mid,core,0.9999999997672675,0.3974342767069053,0.028154148769933093,0.255308561798226,0.0748349226407012,0.18753665725515173
real:high:63:351,63,high,B6,1574.0,8,low,core,0.999999999764665,0.19496173779059264,0.04647682155634064,0.1230267677215364,0.0548451567522191,0.15846184469754285
real:high:63:352,63,high,B4,2283.0,11,low,late,0.9999999995465857,0.30588823849435925,0.07997230198104022,0.15331248674338216,0.17434174663881327,0.14230096010372043
real:high:63:353,63,high,B2,3228.0,7,mid,core,0.999999999798822,0.3448715382732299,0.0934143110067042,0.2108431727602764,0.11310108637038926,0.1652167755867159
real:high:63:354,63,high,B6,2407.0,4,low,early,0.0,0.1338940525791207,0.020818442068669497,0.030745291135097715,0.0011766320339335686,0.0314233039984186
real:high:63:355,63,high,B6,2044.0,8,low,core,0.9999999997500368,0.22904714013706762,0.053607163363206076,0.1332993385544689,0.06250100866328824,0.21475953939447637
real:high:63:356,63,high,B2,2638.0,7,low,core,0.9999999995448333,0.26748077106263857,0.09637643064352135,0.1526462231928674,0.06796083114776143,0.15209465626914465
real:high:63:357,63,high,B8,1688.0,9,low,core,0.9999999997498112,0.23958206536037688,0.06719915382167252,0.15871765188857065,0.09854686668538862,0.15216841339642007
real:high:63:358,63,high,B2,3400.5,8,mid,core,0.9999999996776642,0.4490975921076022,0.04596551793215389,0.41609196795213554,0.1809113044429254,0.14903639302552904
real:high:63:359,63,high,B2,1658.0,8,low,core,0.9999999997224924,0.246025840693633,0.11833411327476917,0.16574413465363286,0.09536591108582015,0.2931244636876069
real:high:63:360,63,high,B4,3012.0,10,mid,late,0.9999999998034367,0.42082111974052006,0.18428678108334845,0.39606151598662787,0.36202972614180357,0.21858691722229243
real:high:63:361,63,high,B4,5675.5,9,mid,core,1.0,0.6311859965494249,0.9512748585949613,0.5298325925219796,0.7211804058777729,0.8657110212818342
real:high:63:362,63,high,B4,2587.0,9,low,core,0.9999999996038175,0.3487912921460127,0.18889240095989593,0.23529756431762866,0.1650222582957029,0.3077279515094722
real:high:63:363,63,high,B4,4918.0,6,mid,core,0.9999999998512957,0.5251714952576695,0.19256323567838696,0.6475779335055316,0.6087586722605212,0.4687436359680177
real:high:63:364,63,high,B8,4060.5,6,mid,core,0.999999999714451,0.5458776174312893,0.20106928395656626,0.6012718534537884,0.29097842905277765,0.3049215871321594
real:high:63:365,63,high,B2,6647.5,6,high,core,0.9999999993327684,0.5451987785303181,0.2924071592264142,0.4976697381356856,0.3514250159484352,0.5216900083765948
real:high:63:366,63,high,B8,4440.5,8,mid,core,0.9999999996361557,0.5267601554209436,0.3416070195617148,0.550459041818619,0.5718232669547175,0.5298927334885022
real:high:63:367,63,high,B8,2157.0,8,low,core,0.9999999998177961,0.2627826546420574,0.07565661996548562,0.15779925259824362,0.08350644716034021,0.15192433863181556
real:high:63:368,63,high,B6,2058.0,8,low,core,0.9999999997213029,0.2063368526625014,0.06270769737605629,0.12573454468079465,0.052131217871399786,0.21449445386528979
real:high:63:369,63,high,B4,2740.0,4,low,early,0.0,0.29446816249987556,0.10897266246352455,0.11477536919634787,0.0033213873872386026,0.09201256662865266
real:high:63:370,63,high,B6,3987.0,7,mid,core,0.9999999997884171,0.47091749176582315,0.5226375372967542,0.4762535952471368,0.23147008223080073,0.49178114878707907
real:high:63:371,63,high,B6,2485.5,6,low,core,0.9999999996269264,0.2079743201298116,0.014711619136554126,0.11469897480719435,0.014302817165904954,0.08144623582457214
real:high:63:372,63,high,B8,3159.0,7,mid,core,0.9999999997697319,0.43311969688516966,0.04353809343334271,0.3949405629518995,0.19644441827629466,0.20931273126592093
real:high:63:373,63,high,B4,2437.5,9,low,core,0.9999999997093018,0.33383705416652565,0.12950486340947293,0.21406181471787333,0.15018929977766948,0.24189069770682264
real:high:63:374,63,high,B8,2954.5,8,low,core,0.9999999999375304,0.4204486676792669,0.24787265947555298,0.33940507066720615,0.2116525608619817,0.19115901033365781
real:high:63:375,63,high,B8,1510.5,5,low,early,0.9999999997693685,0.12476265741677596,0.0062577741267038425,0.04236010654806234,0.002747503909587448,0.07087980890413047
real:high:63:376,63,high,B6,1897.5,9,low,core,0.9999999997706122,0.22732767209735105,0.07307108766280505,0.13680913990137764,0.06604102541106278,0.20831053301187372
real:high:63:377,63,high,B6,3098.0,11,mid,late,0.9999999997167374,0.4550584931965294,0.29964443875300767,0.351613082323484,0.26671431199638396,0.18638827195202684
real:high:63:378,63,high,B4,3117.0,11,mid,late,0.9999999997449628,0.49224773976683817,0.31452154580399033,0.43848607079344454,0.3503584312372422,0.3109667350663795
real:high:63:379,63,high,B4,3298.0,7,mid,core,0.9999999994274973,0.47306780381777525,0.27546867053097945,0.4724500355727909,0.2852845790152907,0.3082269113838703
real:high:63:380,63,high,B6,3476.5,8,mid,core,0.9999999994662541,0.49535373846905484,0.14686590705651248,0.4438593080380308,0.24047168767785695,0.26735373750361374
real:high:63:381,63,high,B8,2350.5,5,low,early,0.0,0.16885529028030988,0.01942260231909836,0.05175379518702076,0.003046810663873583,0.05694338850614875
real:high:63:382,63,high,B6,3530.0,7,mid,core,0.9999999998244546,0.4598861858647703,0.31362560797060585,0.46842730718794584,0.27497999164471154,0.3461274415621481
real:high:63:383,63,high,B8,3951.0,6,mid,core,0.9999999996643129,0.5256430442247124,0.13209013760889848,0.581392199274811,0.2578260963273624,0.24965871378799961
real:high:63:384,63,high,B2,2218.0,7,low,core,0.9999999996469452,0.19554800322825172,0.039978698154418464,0.12257509509478218,0.028056910958863767,0.10877978004674255
real:high:63:385,63,high,B4,2283.5,6,low,core,0.9999999996242096,0.2033596635772617,0.010228765194580464,0.14503653427369703,0.022315150013789167,0.09586938327121354
real:high:63:386,63,high,B4,1974.0,9,low,core,0.9999999995778824,0.28348882631889954,0.19529491157135037,0.2020028704248339,0.13278300024087655,0.23874142073702923
real:high:63:387,63,high,B8,3162.0,5,mid,early,0.9999999997615776,0.38083918051383053,0.029132805536259423,0.3032765428473516,0.048231811716030165,0.13788102154226087
real:high:63:388,63,high,B2,4834.5,7,mid,core,0.9999999997154294,0.5693856562648779,0.18401823879107287,0.6389889371805432,0.4397598925119318,0.3210379494654117
real:high:63:389,63,high,B2,7415.5,7,high,core,0.9999999997406328,0.5672105706051905,0.5144673387617692,0.2689870723612099,0.26630331893437525,0.5106420221030096
real:high:63:390,63,high,B4,2882.0,6,low,core,0.9999999996546685,0.31620656680178877,0.020657174213685372,0.2213357325239802,0.0490538842286044,0.11094518388133028
real:high:63:391,63,high,B2,5036.0,7,mid,core,0.999999999884461,0.5005824460343354,0.31277315437088177,0.5922585721963487,0.4328965287228085,0.5905814360162338
real:high:63:392,63,high,B6,2785.0,8,low,core,0.9999999998250567,0.3195143095335677,0.07593170832619128,0.18683102467291537,0.1192584460644713,0.17536753038136538
real:high:63:393,63,high,B2,6077.5,5,high,early,0.9999999993650656,0.5624927978158119,0.7652296151621626,0.6752366593279556,0.41109560190641264,0.5030907029627982
real:high:63:394,63,high,B4,2465.0,4,low,early,0.0,0.17011912993996342,0.014267548319759786,0.039757951815751605,0.0014853766927074973,0.04761189146266969
real:high:63:395,63,high,B8,2692.5,7,low,core,0.9999999997304359,0.31744138942637457,0.012006781701211187,0.22891327591504568,0.09524834908074178,0.25945020536451
real:high:63:396,63,high,B2,2427.5,8,low,core,0.999999999411572,0.2737390366366684,0.24272289347990045,0.16553032740486287,0.09264033488123331,0.14113271900319224
real:high:63:397,63,high,B6,2440.0,11,low,late,0.999999999715843,0.3325322645852823,0.08973455694532369,0.21125568860175498,0.18460001857778835,0.18517672705298224
real:high:63:398,63,high,B6,2022.0,9,low,core,0.9999999995406015,0.23763146766190485,0.10815317353449375,0.15693519133026881,0.07980297752364056,0.13942434042035481
real:high:63:399,63,high,B2,2001.5,4,low,early,0.0,0.07387701162838392,0.011581980396384932,0.005338307641255404,0.0003401748651979935,0.04552837120174611
real:high:63:400,63,high,B8,3153.5,8,mid,core,0.9999999997430975,0.4540636727154456,0.3580852392180645,0.38331881550486235,0.2581624837048726,0.23382610426133815
real:high:63:401,63,high,B4,2274.0,7,low,core,0.9999999996473028,0.22637978961328148,0.03927651917652664,0.15006618130991925,0.05561432248207595,0.18391679214160503
real:high:63:402,63,high,B2,7828.0,6,high,core,0.9999999988689459,0.5919311194176605,0.6976904288345073,0.533190452052546,0.3539500909499273,0.5260971543915347
real:high:63:403,63,high,B4,3128.0,4,mid,early,0.0,0.2829371888581094,0.10919879476064658,0.0793973090781022,0.0026699911800826203,0.09406406388859524
real:high:63:404,63,high,B6,1932.0,9,low,core,0.9999999996691565,0.234375712656694,0.23116159278464052,0.13880678012928305,0.06675860045238066,0.2051968911278595
real:high:63:405,63,high,B6,3090.0,8,mid,core,0.9999999998115984,0.38288865141414685,0.1210593885756923,0.2912487661930745,0.12790235892052004,0.13236364686735752
real:high:63:406,63,high,B6,3162.5,8,mid,core,0.99999999975957,0.4397167617899609,0.2679468155942062,0.3461609076212854,0.1903899955669232,0.21224509744206005
real:high:63:407,63,high,B2,7124.5,7,high,core,0.9999999996497263,0.5016596694450266,0.512004947984418,0.43604436786959244,0.30921378100661495,0.5306076812370177
real:high:63:408,63,high,B4,3490.5,8,mid,core,0.9999999996352953,0.5078666341804878,0.34851346263302324,0.4956718417574754,0.27250294804244257,0.3165723199028559
real:high:63:409,63,high,B8,3300.0,5,mid,early,0.9999999996735481,0.4312055151963616,0.14634770469363467,0.18231714356600182,0.022163982125517807,0.17660776183281449
real:high:63:410,63,high,B8,2612.5,9,low,core,0.9999999997953415,0.3458128188049832,0.16273108817764823,0.2420401928981729,0.18693327325227113,0.1815673579039727
real:high:63:411,63,high,B6,2604.5,8,low,core,0.9999999997977189,0.3138275810784256,0.1584253483451491,0.19256500458545972,0.11358771821178518,0.2459250456645786
real:high:63:412,63,high,B8,4094.5,4,mid,early,0.9999999997427983,0.4903904498524914,0.7418967668497566,0.1578331847496846,0.02994491777338786,0.38841307783886575
real:high:63:413,63,high,B2,3825.0,6,mid,core,0.9999999998351372,0.41955865265411635,0.08568697826476228,0.3605842607733736,0.10835089732289514,0.24294100186157602
real:high:63:414,63,high,B8,1639.0,9,low,core,0.9999999996827115,0.22393543504303826,0.04105254806464408,0.13669344121410637,0.07223191226047117,0.19129619275661391
real:high:63:415,63,high,B8,2857.0,8,low,core,0.9999999997397387,0.41466024650255745,0.12101800291432152,0.32402957535969684,0.21024671899766534,0.21722112630757856
real:high:63:416,63,high,B2,2913.5,7,low,core,0.9999999996622132,0.27435002153826366,0.01010248408622625,0.17295916396532127,0.058473255608925336,0.11772346931494526
real:high:63:417,63,high,B4,2004.5,9,low,core,0.9999999996970891,0.27225176587056765,0.08055996381183651,0.17825809850943844,0.09184965357208585,0.13829451935844153
real:high:63:418,63,high,B8,3215.5,9,mid,core,0.9999999995530873,0.44741212954899734,0.16607014798239778,0.43512174221836386,0.36800731320934427,0.2105937743127365
real:high:63:419,63,high,B4,3746.5,5,mid,early,0.9999999999368673,0.5120939005176975,0.511168078563914,0.6017450164900409,0.16718487688118813,0.35733397037709624
real:high:63:420,63,high,B6,3630.0,8,mid,core,0.9999999995704063,0.4882249288141104,0.3089306013176977,0.39856964051641336,0.2094013902482824,0.26558242757310135
real:high:63:421,63,high,B8,3258.5,7,mid,core,0.999999999952279,0.4469125687895247,0.39944834527339224,0.43228205128969915,0.25238723622820103,0.321827503405151
real:high:63:422,63,high,B2,1891.5,4,low,early,0.0,0.08400463909176813,0.03114607605999421,0.016373557989199004,0.0006485276752057104,0.06379628381949976
real:high:63:423,63,high,B8,2723.5,9,low,core,0.9999999997371437,0.3449033635223778,0.1716511966932293,0.24371380014672134,0.15005842220688778,0.16825781031371906
real:high:63:424,63,high,B8,2253.5,7,low,core,0.9999999997543764,0.2526824423544225,0.03773908541603027,0.16317330002367567,0.06720437870832692,0.29988917255028075
real:high:63:425,63,high,B2,5614.0,7,mid,core,0.9999999998688756,0.49957765152509875,0.6274919059097245,0.5757945269778044,0.4924587587523507,0.6805370140317218
real:high:63:426,63,high,B4,2308.0,8,low,core,0.999999999798517,0.2964585419525682,0.18252047968680862,0.17825024926724217,0.10779318667565702,0.30246975780835383
real:high:63:427,63,high,B4,1596.5,9,low,core,0.999999999766338,0.23637996725599686,0.04888474119963667,0.15217136276015208,0.09096773897232789,0.13464572389214496
real:high:63:428,63,high,B6,4133.5,7,mid,core,0.9999999999177489,0.5317305715612809,0.25660030313071946,0.6445701589855641,0.4819593070853586,0.5233091347605228
real:high:63:429,63,high,B2,5218.5,10,mid,late,1.0,0.5574015669050925,0.8851644727848789,0.6085415047975166,0.9374858279934773,0.9057033532199595
real:high:63:430,63,high,B4,5234.5,6,mid,core,0.9999999998332337,0.5237530978585171,0.2787611220430359,0.6588797345577072,0.6596998570213572,0.4794492491692245
real:high:63:431,63,high,B4,3395.5,8,mid,core,0.9999999993519871,0.5381084565416804,0.5834143414694484,0.574555572518733,0.36123202451928627,0.33678990430659406
real:high:63:432,63,high,B8,3388.0,8,mid,core,0.9999999997046776,0.4901267607595444,0.33306432452131324,0.43641909812569435,0.25816875286374713,0.2820262544874338
real:high:63:433,63,high,B2,7333.5,6,high,core,0.9999999993797785,0.5446221432099472,0.26437202909674484,0.4663675896652686,0.2756944689877438,0.5405990409089552
real:high:63:434,63,high,B8,1751.0,9,low,core,0.9999999998394998,0.23018413260911053,0.05833001200601478,0.13357335592101618,0.07066771330281213,0.15846184469754285
real:high:63:435,63,high,B6,1569.5,9,low,core,0.9999999997605755,0.20853201262674181,0.0784597136790546,0.13346654628864593,0.06488206351298957,0.17752692618782506
real:high:63:436,63,high,B8,2850.5,7,low,core,0.9999999999087649,0.34839858298345355,0.09991082096885012,0.26986015006212927,0.1641840018434654,0.15627596798165086
real:high:63:437,63,high,B8,4480.0,5,mid,early,0.9999999997311986,0.557938725712551,0.36962905850702094,0.6670865752914845,0.30740016438601075,0.39846966015623797
real:high:63:438,63,high,B6,2538.0,8,low,core,0.999999999697073,0.2706126516189139,0.07905112683384788,0.164404918890532,0.09098003747847058,0.14693628317284357
real:high:63:439,63,high,B4,3914.0,7,mid,core,0.9999999994515877,0.5520799849056006,0.19112734775528623,0.6050922492243198,0.3943267604831389,0.30796345806281633
real:high:63:440,63,high,B8,2368.0,9,low,core,0.9999999997967963,0.32049582042838204,0.15098662347861647,0.20590270600465416,0.1503848621035626,0.2393225006241257
real:high:63:441,63,high,B6,3052.0,8,mid,core,0.9999999997743858,0.3744921329194412,0.09353660231967725,0.264447856068176,0.12114586604399681,0.18161600116694274
real:high:63:442,63,high,B4,3392.5,7,mid,core,0.9999999998324699,0.454725185816962,0.07964628286959555,0.4489004081708428,0.22710081969886053,0.20779210927533887
real:high:63:443,63,high,B4,2671.5,4,low,early,0.0,0.22795417641576646,0.03329654355560985,0.0454660820162627,0.0018459796269919713,0.05689451351950337
real:high:63:444,63,high,B4,4351.5,6,mid,core,0.9999999998386623,0.591979536570691,0.2532978040663671,0.6725620143701878,0.40417374482768964,0.36790918198416533
real:high:63:445,63,high,B2,1732.0,8,low,core,0.9999999995692993,0.18581592636760372,0.03397943885007901,0.10350422273849315,0.0389163916714021,0.11897541608666806
real:high:63:446,63,high,B6,3733.0,8,mid,core,0.9999999994547548,0.5339745665594456,0.3309705715022913,0.5071563619822665,0.2732416766128312,0.37231045080332487
real:high:63:447,63,high,B8,2702.0,10,low,late,0.9999999996125849,0.3880579682393596,0.12505814888899092,0.30049396995365935,0.2314243781598596,0.2183876627966575
real:high:63:448,63,high,B8,3131.0,8,mid,core,0.999999999743225,0.4520757103440735,0.2517492786040311,0.3838129587721535,0.2418528610072963,0.2661565155602411
real:high:63:449,63,high,B4,1583.5,4,low,early,0.0,0.04154453881387901,0.00616398313101957,0.0024938360024200344,0.00018865143734674193,0.04155331720223821
real:high:63:450,63,high,B8,3078.5,11,mid,late,0.9999999997083354,0.4796439817222231,0.3682086161197925,0.40670670079120447,0.3088471653220347,0.27920603123881926
real:high:63:451,63,high,B6,2761.0,9,low,core,0.9999999997040798,0.35286741221353124,0.15688077936954092,0.26232606468909714,0.13384752034070033,0.16115717022214948
real:high:63:452,63,high,B6,2291.0,9,low,core,0.9999999997795359,0.2683609830781148,0.07998569366336764,0.15732145478498546,0.09076223229049611,0.1138776841590222
real:high:63:453,63,high,B4,2800.0,8,low,core,0.9999999995582485,0.3585259856060937,0.07774093554507137,0.26074819751819084,0.18489768601425818,0.16362837557292498
real:high:63:454,63,high,B2,2604.0,8,low,core,0.999999999542275,0.2829458874919048,0.08608326007767267,0.18175033019643463,0.10301733758000672,0.15978186387267007
real:high:63:455,63,high,B6,1811.0,5,low,early,0.999999999652425,0.11338389545944318,0.015393904154278026,0.03323426252755271,0.0018458065637670324,0.06210494931442872
real:high:63:456,63,high,B6,2528.0,9,low,core,0.9999999995477062,0.29266708334574726,0.1370489932272098,0.19635119837852316,0.09874047247260859,0.13498548840612215
real:high:63:457,63,high,B8,3396.5,7,mid,core,0.9999999999322673,0.5134040899054381,0.3230770058228121,0.5752747788985825,0.34658718614096035,0.36305325116611165
real:high:63:458,63,high,B6,3199.0,11,mid,late,0.9999999994630693,0.49786933087068963,0.32769780645666835,0.44301861044090074,0.34012012922336793,0.31701512689983624
real:high:63:459,63,high,B2,3017.5,8,mid,core,0.9999999997457113,0.3473180756536132,0.1508832357782934,0.2063905713986734,0.14839830367532894,0.21892983744784775
real:high:63:460,63,high,B6,3068.0,8,mid,core,0.9999999994425767,0.43065161474951597,0.3200020391459482,0.3331680822829574,0.18670003770353433,0.20613026100383314
real:high:63:461,63,high,B4,5277.0,7,mid,core,0.999999999818968,0.47613512314083883,0.2669049860032279,0.505381590422549,0.5391041726559624,0.5897537474210754
real:high:63:462,63,high,B2,3036.0,7,mid,core,0.9999999997580138,0.3116820601187264,0.21287260210718317,0.18871933041788444,0.08225688700507512,0.18969796163247069
real:high:63:463,63,high,B4,4626.0,11,mid,late,0.999999999291084,0.39375790429466545,0.34326632867451656,0.4692685225826826,0.20134479776385503,0.24524821565433505
real:high:63:464,63,high,B8,1658.0,9,low,core,0.9999999997176381,0.2226150020879228,0.06235550508975936,0.13523568758896945,0.06999020796782487,0.1894280893313294
real:high:63:465,63,high,B2,2644.5,8,low,core,0.9999999996521813,0.3068344861535463,0.19322862733661036,0.18051325719837322,0.14858929235317267,0.37760144117626776
real:high:63:466,63,high,B8,6304.5,9,high,core,0.9999999995543831,0.4540213956884437,0.21293278277772154,0.33351280162552177,0.22373722326859716,0.3992729916247471
real:high:63:467,63,high,B8,1967.0,9,low,core,0.9999999997498972,0.2659885945396483,0.12326873105895661,0.18908654020409518,0.10599226174191094,0.15216841339642007
real:high:63:468,63,high,B6,2641.5,6,low,core,0.9999999995702968,0.26678070287659167,0.01670112615765859,0.19164667205392485,0.029972309736939987,0.14850354110208805
real:high:63:469,63,high,B2,2049.5,7,low,core,0.9999999997029234,0.21412961224758215,0.029899693307829513,0.13066363604230033,0.042895717059210525,0.11388596951251564
real:high:63:470,63,high,B6,1744.0,8,low,core,0.9999999997630676,0.19917609782485787,0.03638272086151281,0.12213184271514335,0.053094971620013046,0.1982042771247432
real:high:63:471,63,high,B2,3077.0,8,mid,core,0.9999999994963478,0.32341301252704463,0.1045197392738624,0.21802291080940808,0.1299361037845175,0.168475917708149
real:high:63:472,63,high,B4,4604.0,5,mid,early,0.9999999996786101,0.5692070105070082,0.8583608625764214,0.4218792512146486,0.10003133529582127,0.4756681655352679
real:high:63:473,63,high,B2,9130.0,6,sat,core,0.9999999996756265,0.583193977341739,0.35486352276134603,0.4498730188595838,0.28937093821864013,0.49470948954689486
real:high:63:474,63,high,B8,2900.0,11,low,late,0.9999999997697636,0.4394970629272305,0.309054923580183,0.3307713525102688,0.24445278180075458,0.19886068361983636
real:high:63:475,63,high,B2,6065.5,7,high,core,0.9999999998481813,0.5426514996914815,0.3609704549047119,0.5810896960802372,0.5018046843229389,0.45455949914021176
real:high:63:476,63,high,B8,3041.5,8,mid,core,0.999999999794758,0.38275697146832416,0.02435344422597127,0.2268849929574959,0.07706338623850138,0.21518197613964696
real:high:63:477,63,high,B6,3882.0,4,mid,early,0.9999999998836226,0.4491644879238506,0.38119027951543305,0.1260300621549533,0.012377055407076015,0.25160874503117164
real:high:63:478,63,high,B2,4875.0,7,mid,core,0.9999999997936317,0.5706922570093619,0.1547204255709052,0.6970104655051949,0.5859052830077209,0.48994933722340345
real:high:63:479,63,high,B2,1595.5,8,low,core,0.9999999996249239,0.18383650253125575,0.03392469190659231,0.11028494682456876,0.03876441132895669,0.08336641790743231
real:high:63:480,63,high,B4,1786.0,4,low,early,0.0,0.07084751261942916,0.010602813590221718,0.007081355050539161,0.0005130145191267521,0.06509208195293255
real:high:63:481,63,high,B4,1729.0,8,low,core,0.9999999996001958,0.21163280276583027,0.02881375635687344,0.13862571581990799,0.05792923584144607,0.12998650851553611
real:high:63:482,63,high,B2,2741.5,8,low,core,0.9999999996666039,0.31518537644206546,0.1518862581330338,0.17188342637467657,0.11481488590194812,0.24854045811857542
real:high:63:483,63,high,B8,2864.0,7,low,core,0.9999999997509345,0.3501492403472678,0.03128106747090379,0.25629808402790505,0.11410188360875498,0.11916159224148676
real:high:63:484,63,high,B4,1870.0,7,low,core,0.9999999996509956,0.18846646247238477,0.01142684894235336,0.1434695035646005,0.026406433823135383,0.08971394818486744
real:high:63:485,63,high,B4,3157.0,11,mid,late,0.9999999997486176,0.49424464838941584,0.35188526224180133,0.4702486391791753,0.33382666157296187,0.2806114193944269
real:high:63:486,63,high,B6,3536.0,10,mid,late,0.9999999995815623,0.49891360234167254,0.25888659540766956,0.6802628468306636,0.3706563249568881,0.2136768547090553
real:high:63:487,63,high,B8,1792.5,9,low,core,0.999999999896028,0.269208020442128,0.05876076248315206,0.17529397475063677,0.10169959522917826,0.22489853667496668
real:high:63:488,63,high,B4,2404.5,4,low,early,0.0,0.16992707466992787,0.013340335555177881,0.02989681677176334,0.0012859211900258492,0.036001967792293664
real:high:63:489,63,high,B2,7835.0,6,high,core,0.9999999995097419,0.5532790394537684,0.6509819374452177,0.4460744357930593,0.22384072353627957,0.49767367515086836
real:high:63:490,63,high,B6,2698.5,10,low,late,0.9999999996064298,0.34208895966042013,0.07914519924048183,0.26593426969455314,0.14655012102183188,0.12359726855326786
real:high:63:491,63,high,B2,2503.0,7,low,core,0.9999999996446083,0.24632699637545946,0.05012671006630729,0.14113691816362378,0.051153599357366256,0.12510669597006402
real:high:63:492,63,high,B4,3458.0,4,mid,early,0.9999999997121595,0.43014504388814967,0.19195526002732294,0.15221290086152697,0.007426271395745862,0.18084831520883685
real:high:63:493,63,high,B8,2507.0,10,low,late,0.9999999997785622,0.36666811239621744,0.23041800350766375,0.27659436066736043,0.21897404899799322,0.308789266020148
real:high:63:494,63,high,B6,2911.5,12,low,late,0.9999999996634792,0.3965071633962904,0.06571150011680753,0.270737006156194,0.22896104234270512,0.10310359492429386
real:high:63:495,63,high,B6,3588.5,8,mid,core,0.99999999980835,0.5215448380814867,0.32574063996043706,0.5404760319635898,0.3101235852420375,0.33337263598080746
real:high:63:496,63,high,B4,3614.0,6,mid,core,0.9999999997160488,0.45277863174634636,0.08030562548477398,0.4722292631858032,0.1618919417542995,0.21709895777443577
real:high:63:497,63,high,B8,2702.5,10,low,late,0.9999999997632812,0.39574934977756404,0.24984760594008978,0.2994279974167569,0.2502362308972775,0.30393576242420833
real:high:63:498,63,high,B8,2909.0,8,low,core,0.99999999974586,0.38541049600883914,0.026803887677412704,0.2970992367804615,0.10664281924046096,0.1685780050159186
real:high:63:499,63,high,B4,2529.5,9,low,core,0.9999999997511818,0.35094692179365794,0.07371057405488118,0.2359652879514804,0.16654627606735453,0.24653890851359014
real:high:65:0,65,high,B6,3367.0,7,mid,core,0.9999999998185469,0.42371913178393134,0.038652211231913994,0.4003149040671748,0.1968773678753075,0.2380762950109088
real:high:65:1,65,high,B8,2716.5,7,low,core,0.9999999997597936,0.2669441263765812,0.04576229401940894,0.06870097551113452,0.0067052216142438345,0.11347791660841183
real:high:65:2,65,high,B2,4733.5,7,mid,core,0.9999999999361253,0.5631539373827961,0.20832456783366624,0.668431244560055,0.506298743478271,0.42359701635731234
real:high:65:3,65,high,B2,3955.5,7,mid,core,0.9999999996857861,0.4963245665338233,0.16119285987300502,0.5031350208112328,0.2482211688823852,0.3771835588462388
real:high:65:4,65,high,B4,1699.0,10,low,late,0.999999999648965,0.3071561934689626,0.15131148924829496,0.19540471168664578,0.15261361614868552,0.23427511499730724
real:high:65:5,65,high,B6,2049.0,11,low,late,0.9999999996864629,0.28677437612121626,0.15599103438880146,0.12627940555319808,0.1350538386691792,0.170401984111443
real:high:65:6,65,high,B2,3202.5,8,mid,core,0.9999999996497473,0.38436028940908884,0.03867264973085093,0.31434394054686793,0.18887989148955256,0.1923390354967131
real:high:65:7,65,high,B6,2778.0,9,low,core,0.9999999997070915,0.3582053378437848,0.13496661716650207,0.2506343651850583,0.16449424373914034,0.15617407471310668
real:high:65:8,65,high,B4,3176.0,6,mid,core,0.9999999996563671,0.4156087166465083,0.07055120132777346,0.39071258921798496,0.09969747829491515,0.11107938654310993
real:high:65:9,65,high,B2,5604.0,7,mid,core,0.9999999998766808,0.5311242383471233,0.7103735869012066,0.6296577784262504,0.5798125024961702,0.6510056868144114
real:high:65:10,65,high,B2,4942.0,7,mid,core,0.9999999999944675,0.5536767690814604,0.2257246138168933,0.6806990546314823,0.5997432371487164,0.5822653637844956
real:high:65:11,65,high,B4,1913.0,8,low,core,0.9999999996925346,0.2064214814551981,0.15231418471631916,0.1160134134964356,0.04931218134793662,0.12868604875671893
real:high:65:12,65,high,B2,2008.0,8,low,core,0.999999999735747,0.2777453752447132,0.10686086202672682,0.1761523381004926,0.10054847803673209,0.20649030726619091
real:high:65:13,65,high,B2,4568.0,7,mid,core,0.9999999998692506,0.5349947408818171,0.6009799992171299,0.5667180572477799,0.3393371856712728,0.5854451070026114
real:high:65:14,65,high,B6,3167.0,4,mid,early,0.9999999996397699,0.28963376283735387,0.10961457877501288,0.0667920455571759,0.0028147697923279714,0.08993703667352745
real:high:65:15,65,high,B2,6733.0,6,high,core,0.9999999994937445,0.514785810314775,0.4890730858922578,0.5140414340472264,0.3529027904169024,0.4741744010792526
real:high:65:16,65,high,B6,4247.5,12,mid,late,0.9999999997787248,0.3568595943136428,0.28728154564730934,0.29488847170400745,0.1257046541411069,0.18263380417876604
real:high:65:17,65,high,B2,2357.0,8,low,core,0.9999999996899296,0.28814733280384264,0.20158706377252228,0.1725825297698358,0.10563272070219834,0.2879335824707391
real:high:65:18,65,high,B4,3795.5,7,mid,core,0.9999999998839997,0.5297503776807344,0.5848778441196707,0.5751846269216877,0.3772263721767458,0.44841262497845835
real:high:65:19,65,high,B4,1676.0,8,low,core,0.9999999997626694,0.18822992963776325,0.027891441599180923,0.11216071246068487,0.04229764298055812,0.11154406599118684
real:high:65:20,65,high,B4,3236.5,8,mid,core,0.9999999996913077,0.48065206616113315,0.47650620588037246,0.44758523693517793,0.28556165203595574,0.33337263598080746
real:high:65:21,65,high,B4,2385.5,7,low,core,0.999999999641471,0.23118962273457883,0.02521748068985808,0.14257060810054148,0.04071968157157306,0.09976978512187921
real:high:65:22,65,high,B8,4443.0,8,mid,core,0.999999998840477,0.5412820201189484,0.4856452992252835,0.5866050893089266,0.6137951245228572,0.5858594823629435
real:high:65:23,65,high,B8,3186.0,8,mid,core,0.999999999632777,0.47420094227260357,0.4214783688710057,0.4372680898660612,0.28242781377874315,0.3755987214659044
real:high:65:24,65,high,B4,2767.5,5,low,early,0.9999999995994769,0.2821891242813727,0.03730591714641943,0.07527356529527884,0.008995011267335018,0.10016303227889099
real:high:65:25,65,high,B6,2480.5,5,low,early,0.9999999996497804,0.2004917474482118,0.014086046935104261,0.05424601322346945,0.003927461506920665,0.05253909468992663
real:high:65:26,65,high,B8,3037.5,10,mid,late,0.9999999999458494,0.4520698303523183,0.29404162766272696,0.408563681741253,0.28101204941599883,0.20484364225208032
real:high:65:27,65,high,B4,5007.5,7,mid,core,0.9999999997183021,0.5200235326407383,0.589267901677768,0.6319041791225698,0.6219354985175964,0.5840407288336296
real:high:65:28,65,high,B6,3115.5,5,mid,early,0.9999999994978808,0.34635081468469964,0.02852955852201538,0.1472174183900918,0.02006016022053849,0.11142932197713047
real:high:65:29,65,high,B2,4609.5,6,mid,core,0.999999999918218,0.5818018756336478,0.3225068413575519,0.6268444476096542,0.28657329826596795,0.2816146156389922
real:high:65:30,65,high,B4,2223.0,7,low,core,0.9999999998791196,0.2786353895948664,0.10539851642309724,0.1806877645520695,0.09632438793800449,0.2919750423720647
real:high:65:31,65,high,B8,1916.5,8,low,core,0.9999999998617453,0.24707669595000112,0.0721562584355569,0.1502423034900067,0.07428039727203196,0.13829451935844153
real:high:65:32,65,high,B8,3674.0,7,mid,core,0.9999999999272127,0.5374835685388794,0.24349085800261092,0.5959648856152359,0.4145566106808853,0.39263438597501227
real:high:65:33,65,high,B2,3709.0,7,mid,core,0.9999999997147986,0.46355373309951153,0.5577804991860739,0.4464168016716325,0.20431949591501217,0.282765502910254
real:high:65:34,65,high,B6,3056.0,8,mid,core,0.9999999997951625,0.3817984959220887,0.1080037484515765,0.2842721496458451,0.1327976486277793,0.16202302904727825
real:high:65:35,65,high,B6,2041.0,8,low,core,0.9999999996723699,0.2264253588711313,0.09600470974030509,0.119266500441212,0.04593740239643146,0.15846184469754285
real:high:65:36,65,high,B8,3050.5,10,mid,late,0.9999999999528076,0.4325196106352429,0.03525292257414059,0.3627146606675984,0.2592578009850403,0.20514909981896626
real:high:65:37,65,high,B2,3933.0,6,mid,core,0.9999999993501679,0.4920112119475037,0.09431088654363252,0.5245155657567777,0.2185318684405091,0.21365136997183945
real:high:65:38,65,high,B4,2682.0,8,low,core,0.9999999996026055,0.304826722089304,0.18610262403795672,0.18651268772377058,0.10608833225607513,0.164656045467898
real:high:65:39,65,high,B2,4434.5,9,mid,core,0.9999999999168683,0.5007072766302368,0.6931813016143128,0.5681302915744473,0.5218094907014595,0.4172409366503506
real:high:65:40,65,high,B4,2611.5,8,low,core,0.9999999996506287,0.2778363277003877,0.04332336475838654,0.15391540193128245,0.08997469886257826,0.12850312694256333
real:high:65:41,65,high,B8,1975.0,9,low,core,0.9999999998220822,0.2878176180201679,0.12034759199007697,0.2159602181396794,0.13259012181029534,0.1453897722365145
real:high:65:42,65,high,B8,4715.5,5,mid,early,0.9999999996925633,0.5815452756753816,0.7525885196310402,0.6404763440121415,0.2591732367582086,0.5431560616070891
real:high:65:43,65,high,B6,2343.5,4,low,early,0.0,0.14794218345792712,0.020818442068669497,0.035634175731932026,0.0014996141755905866,0.03334256578878418
real:high:65:44,65,high,B2,6052.5,6,high,core,0.0,0.6088590002209197,0.8375460094116783,0.607312456579412,0.8913155378000602,0.8210785017164763
real:high:65:45,65,high,B4,4690.5,7,mid,core,0.9999999999194373,0.5003545896688969,0.28647644043875314,0.5900225744482458,0.4960748691831971,0.6225924187223735
real:high:65:46,65,high,B2,3848.5,9,mid,core,0.9999999996621504,0.49079263454808986,0.29645610357358493,0.5815068043846191,0.3725976626545289,0.24959420004432606
real:high:65:47,65,high,B4,2243.5,6,low,core,0.9999999996315818,0.20194505578907343,0.009561002017663522,0.11268884606312318,0.01656341564919486,0.1405490155974887
real:high:65:48,65,high,B6,2155.0,9,low,core,0.9999999998326191,0.26230644199065595,0.11701331401588691,0.159550157112487,0.08461421957378493,0.19312459593704506
real:high:65:49,65,high,B4,2665.0,8,low,core,0.9999999997562693,0.32222607306080103,0.34708815181492736,0.1974522946614107,0.15469494705662173,0.24915869229784743
real:high:65:50,65,high,B2,6429.0,6,high,core,0.9999999996247421,0.5407259865376988,0.43039811383945425,0.5902156406062782,0.45008429138208306,0.5222866518498843
real:high:65:51,65,high,B8,3403.5,8,mid,core,0.9999999995974682,0.5042977310195474,0.24797488565942144,0.47778076319830676,0.294181101366333,0.304841669831607
real:high:65:52,65,high,B4,4083.5,5,mid,early,0.999999999727681,0.5370126266552449,0.6136323831008564,0.3855361874619689,0.08903472448093243,0.3220816442437384
real:high:65:53,65,high,B2,5637.0,7,mid,core,0.9999999998903286,0.532777220896737,0.37913454843254185,0.6066590098239557,0.5593931237731704,0.5943049659462196
real:high:65:54,65,high,B4,4551.5,7,mid,core,0.9999999998755756,0.5259747025879886,0.29817354256541484,0.6540118744525557,0.5836574210227193,0.5224655874889276
real:high:65:55,65,high,B2,2605.5,8,low,core,0.9999999995514715,0.2935728392031166,0.11288549542017341,0.17644313954451066,0.10264901761455003,0.24854045811857542
real:high:65:56,65,high,B2,2796.5,7,low,core,0.9999999996356125,0.2654186050109666,0.08877809799389268,0.1437986028615967,0.06020095332186842,0.1206747572667078
real:high:65:57,65,high,B2,1624.0,8,low,core,0.9999999997394947,0.1988025236747935,0.08356786233025441,0.12802294125872504,0.05459859431353827,0.2044121919750178
real:high:65:58,65,high,B8,4465.0,5,mid,early,0.9999999998010183,0.5510843872193407,0.6340326411534882,0.6204124247964252,0.24418418532925298,0.5223052122148513
real:high:65:59,65,high,B6,5478.0,6,mid,core,0.9999999999197414,0.5078638613410156,0.4529853901969363,0.6181261804913896,0.4659549876124127,0.5413970490062928
real:high:65:60,65,high,B6,1667.5,10,low,late,0.9999999996374721,0.2593976178275129,0.046658606549208365,0.14901148876385348,0.10854016571583926,0.11915199104341305
real:high:65:61,65,high,B2,3196.0,8,mid,core,0.9999999996154376,0.3736377324017725,0.05846490376426364,0.2900675138219356,0.16646889806706136,0.1486671132394182
real:high:65:62,65,high,B6,2784.0,7,low,core,0.9999999997871826,0.2790957140084526,0.1260381836571902,0.15754118774623907,0.07901297902773907,0.13064589567740317
real:high:65:63,65,high,B6,1549.5,7,low,core,0.9999999997248488,0.17610170889845478,0.06990087067704966,0.11734851723488939,0.034801383746384806,0.08002290056040211
real:high:65:64,65,high,B6,2602.5,9,low,core,0.9999999996620352,0.31588589202533934,0.11745890543418402,0.225725802400465,0.1287904878924562,0.25688221339365186
real:high:65:65,65,high,B6,3671.0,7,mid,core,0.9999999997594019,0.4401697665224242,0.07027381470134554,0.4089373720937568,0.20233725340154507,0.24800331025157418
real:high:65:66,65,high,B4,3287.5,5,mid,early,0.9999999996774851,0.43642514171460745,0.15725507823654858,0.4256450580060914,0.08449364371299406,0.11107938654310993
real:high:65:67,65,high,B4,3464.5,6,mid,core,0.9999999996428172,0.44507020166906,0.07854080750059261,0.460463625077114,0.15024619341608533,0.1686974182588482
real:high:65:68,65,high,B2,2232.0,8,low,core,0.9999999997272905,0.2743057951060679,0.14121494295898404,0.1623757218770803,0.09447025411529529,0.2521444415190452
real:high:65:69,65,high,B2,3421.0,7,mid,core,0.9999999996921056,0.4147138375422207,0.05015843639879195,0.3858431549792596,0.168563818319658,0.1960084430154998
real:high:65:70,65,high,B6,2685.0,7,low,core,0.9999999996726477,0.2599599411317626,0.05226213439462357,0.15745040778346586,0.06596073285960712,0.156760790580821
real:high:65:71,65,high,B6,1902.5,7,low,core,0.9999999997396052,0.21156214888930197,0.1167068926388739,0.13392519720126936,0.04490572808919734,0.12958376095540589
real:high:65:72,65,high,B2,2118.5,8,low,core,0.9999999995647728,0.24891056873084189,0.03630626918588466,0.15435650798375425,0.07695139141008335,0.13829451935844153
real:high:65:73,65,high,B4,1739.0,6,low,core,0.0,0.05956787092639018,0.005708855797265973,0.002770422359641984,0.0003441451894555487,0.030422247298343287
real:high:65:74,65,high,B2,3023.5,12,mid,late,0.9999999998677058,0.357520425923477,0.18172862452727512,0.2286406117437089,0.1919605096427655,0.13391485431088967
real:high:65:75,65,high,B4,4050.0,7,mid,core,0.9999999995196176,0.555482028510629,0.4551917864397838,0.6528997905730045,0.48498551313925103,0.44446691511170394
real:high:65:76,65,high,B4,1523.0,9,low,core,0.9999999995554603,0.21615512090621447,0.08080976802094395,0.1389993191003902,0.07506441817645762,0.20582633946566303
real:high:65:77,65,high,B6,2851.0,8,low,core,0.9999999998664985,0.3412729163440654,0.11676528179106807,0.22577918015028436,0.1399050264493093,0.25108298336095214
real:high:65:78,65,high,B6,3723.0,6,mid,core,0.9999999998853426,0.5208121841078527,0.21645485802620942,0.5925381054772002,0.20936657530628372,0.23784633451759174
real:high:65:79,65,high,B4,4137.5,7,mid,core,0.9999999996759104,0.5486872599788597,0.5427945666936619,0.6458123420937434,0.4860259390857714,0.4923149454269361
real:high:65:80,65,high,B8,2238.0,7,low,core,0.9999999996917727,0.24516698362394457,0.008729347252028778,0.16192629010131926,0.051665539585943575,0.20219689352747763
real:high:65:81,65,high,B8,1751.5,10,low,late,0.9999999996065398,0.2821309018035984,0.060629305940263764,0.16588739184031306,0.15116883995463845,0.21152070601410425
real:high:65:82,65,high,B6,2797.0,9,low,core,0.9999999997944233,0.3578891089273049,0.1084627155748443,0.24570250412019892,0.16582573709967022,0.20130276052896282
real:high:65:83,65,high,B6,1590.0,4,low,early,0.0,0.04074150668153382,0.008068395592868222,0.002652227952222037,0.0002338561415572991,0.04527354818373905
real:high:65:84,65,high,B4,2551.5,8,low,core,0.9999999996490392,0.2986609724505765,0.16536191440409162,0.18636887656934578,0.1075291794146557,0.17187925941352947
real:high:65:85,65,high,B8,4349.5,8,mid,core,0.9999999992490092,0.5409359406256441,0.48706026432704536,0.603417158890578,0.6310202959060794,0.6055141896917633
real:high:65:86,65,high,B8,3306.0,8,mid,core,1.0,0.49984406430597306,0.32319984302617155,0.5055535706008139,0.34389214186935696,0.33025685586019177
real:high:65:87,65,high,B4,2815.5,7,low,core,0.999999999772024,0.3473212814011939,0.028839499091803673,0.264058152317783,0.1276745884074615,0.13073209551801987
real:high:65:88,65,high,B4,3778.0,8,mid,core,0.999999999558562,0.5633159402934329,0.2824490555572565,0.6467799348423804,0.4636260407615306,0.44891381451154455
real:high:65:89,65,high,B2,2140.0,8,low,core,0.999999999538567,0.22697678392692333,0.0729890519160285,0.13992956544866905,0.053526299102527944,0.15374387609631918
real:high:65:90,65,high,B4,2480.0,7,low,core,0.9999999996711715,0.24797158951006248,0.013060631124269924,0.17087917636162,0.03924788370551033,0.09338601795118974
real:high:65:91,65,high,B8,3777.5,8,mid,core,0.999999999586094,0.5566727037633443,0.2842212336878236,0.5963936405559792,0.3495582985608672,0.36773236067638654
real:high:65:92,65,high,B4,3262.5,7,mid,core,0.9999999998460606,0.46065625359848517,0.11374759601606867,0.448717669488073,0.2542254504275052,0.26099680331509495
real:high:65:93,65,high,B6,2433.5,7,low,core,0.9999999996486334,0.23857393925238204,0.013945998549362933,0.14868744374771348,0.04371106179972732,0.08506072748470545
real:high:65:94,65,high,B4,3127.5,10,mid,late,0.9999999999041003,0.43570050041227576,0.1081330251629554,0.3669575291587779,0.26033521989243746,0.20514909981896626
real:high:65:95,65,high,B6,1585.5,6,low,core,0.0,0.03032113309766575,0.004412753543980466,0.008322524567700738,0.00011771662728643401,0.028815140200150847
real:high:65:96,65,high,B4,5365.0,5,mid,early,0.9999999998471751,0.543015300585861,0.9320705341459053,0.6908786825959315,0.37288811349465056,0.6896245173166451
real:high:65:97,65,high,B4,2445.5,8,low,core,0.9999999997360136,0.28084677155314564,0.18879877448004243,0.14942010818690463,0.09310621509793417,0.23135198807725424
real:high:65:98,65,high,B6,2661.0,8,low,core,0.9999999997039049,0.2861261959863437,0.06107684489430526,0.16850879130127192,0.08817410664084677,0.12850312694256333
real:high:65:99,65,high,B6,4175.5,4,mid,early,0.9999999997957766,0.43490690625153283,0.5399860681632259,0.09949353598819581,0.010358124601944414,0.2676171240094474
real:high:65:100,65,high,B6,1624.5,9,low,core,0.9999999997721535,0.21210136237815055,0.11130519160736409,0.13636932552224468,0.06550371237800423,0.20749834765779596
real:high:65:101,65,high,B8,2880.0,10,low,late,0.9999999994562808,0.3972612665438676,0.059619977907765,0.3046403594707203,0.28532141943061073,0.15756053502119052
real:high:65:102,65,high,B4,5351.0,10,mid,late,0.9999999995555412,0.4467385014207249,0.32705382999562516,0.39215020658999056,0.27184697260296026,0.37505966517814293
real:high:65:103,65,high,B6,2048.5,7,low,core,0.9999999997088983,0.2164503777420042,0.033468262946060166,0.13215026534688964,0.04792891212219543,0.11882261024418801
real:high:65:104,65,high,B6,2746.0,6,low,core,0.9999999996770745,0.24031268003229125,0.014572048990750196,0.15331075686568724,0.027243517159670765,0.08506072748470545
real:high:65:105,65,high,B4,3409.0,5,mid,early,0.9999999996206037,0.4817629062109596,0.24612793278193804,0.2547005247208631,0.037089711538283464,0.18450516993735322
real:high:65:106,65,high,B6,3638.5,6,mid,core,0.9999999996989839,0.44243135332173444,0.07503160896692633,0.4605693505056503,0.18628815395116247,0.1686974182588482
real:high:65:107,65,high,B4,2683.5,9,low,core,0.9999999996532848,0.35901936986730437,0.47575754483256505,0.2604327631596161,0.20812409968326986,0.3235049862775441
real:high:65:108,65,high,B6,1904.5,8,low,core,0.9999999996581947,0.1899184808944701,0.05766919813543079,0.11261631746458027,0.04150871216459923,0.14648676131678587
real:high:65:109,65,high,B6,1988.5,6,low,core,0.9999999996918849,0.19030139971347748,0.009846616869615984,0.13828953202505176,0.017549691277407374,0.10479900638779645
real:high:65:110,65,high,B2,1500.5,7,low,core,0.9999999996510249,0.16054817525286372,0.018344121025387898,0.09905766105117876,0.030381125149833058,0.10877978004674255
real:high:65:111,65,high,B6,2731.5,7,low,core,0.999999999587377,0.25172620166159604,0.007180420341934391,0.15477613961737538,0.051136592793351074,0.06159004632645393
real:high:65:112,65,high,B4,3547.0,8,mid,core,0.9999999993299569,0.5559325712200845,0.5835906110650649,0.6234733752515047,0.429060223323979,0.3465550159736137
real:high:65:113,65,high,B8,2851.5,8,low,core,0.999999999798521,0.4060510523005493,0.16076870896317766,0.2960102912141107,0.18108321338905034,0.15976346866425659
real:high:65:114,65,high,B6,2216.0,11,low,late,0.9999999996975506,0.3185393903525514,0.0738826399186545,0.20321141888911404,0.18361832124753463,0.1657542630074413
real:high:65:115,65,high,B4,4345.5,7,mid,core,0.9999999998844372,0.5368439827626003,0.4370986959091525,0.6931940619084276,0.6402686747715151,0.5765061670718958
real:high:65:116,65,high,B6,5652.0,5,mid,early,0.999999999560618,0.5913879771601397,0.8848021915437217,0.45275629313088467,0.12108022740681586,0.5403241930386219
real:high:65:117,65,high,B6,3326.5,8,mid,core,0.9999999994721286,0.4646905887601604,0.32252379782585056,0.4024099814082232,0.23267754031655,0.2613876469159205
real:high:65:118,65,high,B8,3419.0,8,mid,core,0.9999999999745113,0.5261551398855847,0.2886437266382481,0.5586474924376337,0.3353448271875664,0.33025685586019177
real:high:65:119,65,high,B2,2724.0,8,low,core,0.9999999995615741,0.2873640792133867,0.22970926591758054,0.17992667897564132,0.10222163144020464,0.17187925941352947
real:high:65:120,65,high,B6,3344.0,8,mid,core,0.9999999993453821,0.4676118234167729,0.3906040042349665,0.4198194350293543,0.2638504634427227,0.29366409285621137
real:high:65:121,65,high,B4,7322.5,6,high,core,0.9999999992157628,0.5356900571945139,0.40323457502987475,0.4465908650435331,0.2331205460910719,0.4639770929694286
real:high:65:122,65,high,B2,6264.0,7,high,core,0.9999999997524216,0.47630385072013764,0.5254021552248362,0.48234714920738947,0.3877442175826627,0.6591647704513287
real:high:65:123,65,high,B2,7326.0,6,high,core,0.999999999480655,0.5304173854102486,0.1982418805355475,0.4106620067819558,0.21568194973350563,0.49702139189850025
real:high:65:124,65,high,B2,2864.5,8,low,core,0.9999999995916286,0.29696083701758136,0.09263437123442018,0.1710123765087964,0.09498828652181467,0.0869184015301687
real:high:65:125,65,high,B6,2075.5,5,low,early,0.9999999996099906,0.14271585202792708,0.052375588104820105,0.04544927055671475,0.002317379404186536,0.08553183746712333
real:high:65:126,65,high,B4,4573.5,6,mid,core,0.9999999997934766,0.583074627944583,0.2560000931649619,0.6499327587668665,0.4023996040227213,0.3930208266383346
real:high:65:127,65,high,B4,3045.0,6,mid,core,0.999999999704638,0.3715654251665259,0.030510269300365923,0.30557451388946827,0.07705193106747994,0.1047772156334853
real:high:65:128,65,high,B8,4344.5,6,mid,core,0.9999999997994216,0.5729857458706483,0.18531487969861046,0.742259216002566,0.5511641772700272,0.47938830806835303
real:high:65:129,65,high,B6,3692.0,5,mid,early,0.9999999996367378,0.46444046285341267,0.2908805493019588,0.2910919445961398,0.035371479220480624,0.16635678923235842
real:high:65:130,65,high,B4,2082.0,9,low,core,0.9999999996772592,0.2657906942751122,0.07354725570880219,0.15920987136876436,0.09009132410792413,0.16488069387359103
real:high:65:131,65,high,B6,2799.5,8,low,core,0.9999999998163381,0.3315927043827886,0.15675513038464955,0.21349442555920575,0.12022450304720218,0.17536753038136538
real:high:65:132,65,high,B4,3083.0,10,mid,late,0.999999999839804,0.43238466222002797,0.3168324870113026,0.3467449701382228,0.2790874919060165,0.3144943129724642
real:high:65:133,65,high,B4,2492.0,8,low,core,0.9999999997292602,0.33127699347590656,0.11967570515727664,0.22635247566208283,0.13802677456626128,0.24189069770682264
real:high:65:134,65,high,B8,1591.5,9,low,core,0.9999999997637096,0.23028203060566863,0.05917456888910637,0.14974827116780515,0.08377837537131323,0.23677352586555617
real:high:65:135,65,high,B2,7584.0,7,high,core,0.999999999623118,0.5267771772548175,0.7383991706048285,0.39977202388479216,0.2752411542591902,0.5734453348289887
real:high:65:136,65,high,B6,3014.5,8,mid,core,0.9999999997725811,0.3580234113838987,0.20184245130948392,0.2485700105422814,0.118677366443502,0.20196463498259015
real:high:65:137,65,high,B2,4490.0,6,mid,core,0.9999999996712475,0.5499179643154241,0.2016105342693076,0.6216184449386188,0.3061976924264891,0.5573299029980592
real:high:65:138,65,high,B6,1702.0,8,low,core,0.9999999996979583,0.1988120688715155,0.10344924489367396,0.12014242164761331,0.043703396578656184,0.1340589551416651
real:high:65:139,65,high,B8,4103.5,6,mid,core,0.9999999997528547,0.5490642606209691,0.2535410949348711,0.6429347597444867,0.3296613925834821,0.35209306572549315
real:high:65:140,65,high,B4,4453.0,7,mid,core,1.0,0.5133316753088363,0.36512951583381903,0.6659890317865909,0.6978618756281569,0.5189583193071394
real:high:65:141,65,high,B4,4116.5,7,mid,core,0.9999999999337322,0.5114111608625163,0.5713272356618173,0.6116047677340972,0.42638368714883784,0.4923149454269361
real:high:65:142,65,high,B6,2791.5,5,low,early,0.9999999997226424,0.2596016555713473,0.019580989072473316,0.10417730845172275,0.012594957230886624,0.10150923989929364
real:high:65:143,65,high,B4,2924.5,9,low,core,0.9999999998705577,0.39977811321076845,0.3160991111926168,0.3035777978253965,0.2390690757969504,0.35753741554222285
real:high:65:144,65,high,B6,2487.5,9,low,core,0.9999999998071729,0.34453779331287565,0.11872749612750165,0.23366945630614955,0.15424142462221435,0.24653890851359014
real:high:65:145,65,high,B4,3488.0,7,mid,core,0.9999999997892314,0.5010703604035199,0.13202911699062903,0.590896157212032,0.2810009203937623,0.23558543269078938
real:high:65:146,65,high,B4,3125.0,5,mid,early,0.9999999996901769,0.3590625584876096,0.029836251247484295,0.2194748650315158,0.03631258352623715,0.14629138009657766
real:high:65:147,65,high,B6,3718.0,5,mid,early,0.9999999997404746,0.4411573146479348,0.21671544877030297,0.40487577545478304,0.05596586522834492,0.3335753628263885
real:high:65:148,65,high,B6,2773.5,6,low,core,0.9999999996835044,0.264222366611255,0.021419065915302758,0.17285398278013303,0.03708458069585834,0.126474773216488
real:high:65:149,65,high,B6,3228.0,4,mid,early,0.9999999996384586,0.35137598475296333,0.14528417503926722,0.07683949712817581,0.006686379260719138,0.13641268306291535
real:high:65:150,65,high,B6,2107.0,8,low,core,0.9999999997804365,0.2502121796226601,0.07081488834759937,0.14897105095448362,0.0777628813547476,0.15846184469754285
real:high:65:151,65,high,B4,2619.0,12,low,late,0.9999999996685581,0.35273683405057754,0.08857605959919274,0.18017479316502702,0.1856107114750859,0.17347758543831257
real:high:65:152,65,high,B6,3155.5,7,mid,core,0.999999999821839,0.37115758171759394,0.08759604796987845,0.3004592231347751,0.11910839238786612,0.13342027021588507
real:high:65:153,65,high,B6,2350.0,8,low,core,0.9999999997611506,0.2514899761371615,0.08864717856013085,0.14675735094345538,0.07150807311611516,0.16561000605414108
real:high:65:154,65,high,B4,4371.0,8,mid,core,0.9999999998663851,0.54292887509507,0.36809790787436025,0.6263440083750877,0.5824230467295807,0.5389602321594406
real:high:65:155,65,high,B4,3123.0,10,mid,late,0.9999999998013176,0.44713202339262403,0.264138409340647,0.38151482026274797,0.27958898955351147,0.22926081853020389
real:high:65:156,65,high,B2,3389.5,7,mid,core,0.9999999995634717,0.37072571409554445,0.08943397838627894,0.30446371004012185,0.14734082678656854,0.24520554399914865
real:high:65:157,65,high,B2,2824.0,7,low,core,0.999999999740011,0.283509032204468,0.20043783459502443,0.16193807036415037,0.0817741234376776,0.21028026921519033
real:high:65:158,65,high,B2,3782.0,11,mid,late,0.9999999995920916,0.408701192526257,0.21225192560363784,0.5191229054156086,0.21868549068323892,0.15658784803287185
real:high:65:159,65,high,B2,6253.0,7,high,core,0.9999999997263653,0.5033770977395926,0.6522744916234426,0.5079374725412287,0.4076701261351526,0.6287355964255616
real:high:65:160,65,high,B6,3133.0,8,mid,core,0.999999999478979,0.42516289782329375,0.22193866866299827,0.3211567359114971,0.1432126978968798,0.1681343117520461
real:high:65:161,65,high,B2,1987.0,8,low,core,0.9999999995637701,0.2486930754170692,0.06575057329149797,0.15937691366355117,0.07209475290621428,0.13464572389214496
real:high:65:162,65,high,B2,2409.0,8,low,core,0.999999999649285,0.2700069106296544,0.08889021136631475,0.15593372849992296,0.08123495363163359,0.24191149626844968
real:high:65:163,65,high,B6,3061.0,6,mid,core,0.9999999996509472,0.30308130809434825,0.01292546874702458,0.18499980968252555,0.053704668617810085,0.09922093006400781
real:high:65:164,65,high,B2,4768.5,6,mid,core,0.9999999997501462,0.5702655475491335,0.18438861006869328,0.6782609632409187,0.48206750225385925,0.41831628822753614
real:high:65:165,65,high,B4,4165.0,5,mid,early,0.9999999999237434,0.5565824399803699,0.3138587433808828,0.6469436975691005,0.23948838280637472,0.33950847671605044
real:high:65:166,65,high,B6,1944.0,9,low,core,0.9999999996420806,0.23609504280205906,0.3166713579247468,0.16245199568397847,0.0714339179540378,0.2051968911278595
real:high:65:167,65,high,B6,2527.5,8,low,core,0.9999999996688896,0.26980689303393623,0.08108598480427484,0.15131619785637107,0.08114529355506042,0.181122941010825
real:high:65:168,65,high,B6,2861.5,5,low,early,0.9999999996850047,0.24659374850482363,0.03520851710386639,0.07301152029214483,0.0071830883891037456,0.11088199621905612
real:high:65:169,65,high,B6,2934.5,8,low,core,0.9999999994544877,0.3795291526890348,0.09706550719742116,0.28692924888417926,0.15410668652768778,0.17429766112029632
real:high:65:170,65,high,B6,2629.0,5,low,early,0.999999999546942,0.19826755005810398,0.01942260231909836,0.053684179977356826,0.0037406252569393375,0.054123407786868465
real:high:65:171,65,high,B6,2930.0,6,low,core,0.9999999996955317,0.30738617498999665,0.02472487821992398,0.20831047157378754,0.03928221073514181,0.07679301221975099
real:high:65:172,65,high,B8,2646.0,9,low,core,0.9999999997860787,0.37226639858104094,0.3449415611780273,0.2759062489151849,0.22864917217055752,0.2734765081690215
real:high:65:173,65,high,B6,2808.0,12,low,late,0.9999999996379975,0.3584161951985743,0.09286795195384395,0.19641026042760934,0.15318129732231484,0.1106193908776131
real:high:65:174,65,high,B4,3453.0,8,mid,core,0.9999999994365304,0.5520912265231476,0.36091495055720113,0.5977392080633862,0.3919046203997734,0.33337263598080746
real:high:65:175,65,high,B2,7900.0,6,high,core,0.9999999994019875,0.544387460673793,0.43986428792773397,0.45525490561885523,0.2662313300260859,0.48188464571135964
real:high:65:176,65,high,B6,1796.0,7,low,core,0.9999999996965061,0.17751366352513823,0.08655851389215359,0.1348025451415238,0.03182938115715388,0.17691385500598758
real:high:65:177,65,high,B6,2811.0,7,low,core,0.9999999997267602,0.27902430666688877,0.10997306686130844,0.15917255285605345,0.06709114702456437,0.1257917555573336
real:high:65:178,65,high,B6,2148.5,6,low,core,0.9999999996334499,0.17381257524829674,0.009072451739856767,0.12589721577167892,0.015265152809672031,0.09586938327121354
real:high:65:179,65,high,B2,4364.5,4,mid,early,0.9999999998710706,0.5104625859568519,0.8412875825309578,0.24149059742923182,0.059530028628519686,0.4102991462642316
real:high:65:180,65,high,B6,1899.0,6,low,core,0.9999999997480373,0.17725158545890904,0.011765548579546063,0.08711814400256881,0.008760145894916957,0.06812958247676401
real:high:65:181,65,high,B2,2377.0,8,low,core,0.9999999995842469,0.26773215716746185,0.05814403661067109,0.1654746088188493,0.08381743553422728,0.16684100754888817
real:high:65:182,65,high,B6,3728.0,7,mid,core,1.0,0.6358801869505337,0.7751287602959144,0.7036776635323768,0.17616810898349958,0.4516925391096593
real:high:65:183,65,high,B4,4174.5,5,mid,early,0.9999999998318001,0.5253745006652656,0.3568435908449663,0.5727542152779448,0.17101154418678693,0.26564282957136276
real:high:65:184,65,high,B2,6768.5,7,high,core,0.9999999996948108,0.484246194555941,0.5237756434567375,0.42718631439094007,0.31181155353314555,0.5989036582107454
real:high:65:185,65,high,B4,2145.5,5,low,early,0.0,0.1318228541602934,0.028697576095564198,0.0388662599174549,0.002320966360816683,0.05792540890813649
real:high:65:186,65,high,B2,3976.0,6,mid,core,0.9999999991918264,0.5018245490066477,0.1107571847944755,0.5862699865403306,0.2513159838568107,0.24215246738918772
real:high:65:187,65,high,B2,5227.5,7,mid,core,0.9999999999535827,0.5437509210275745,0.24265068977533827,0.669058769427717,0.6218948902852445,0.4494666612088102
real:high:65:188,65,high,B2,3407.0,9,mid,core,0.999999999736426,0.4381371807550711,0.031183859381116785,0.310041467096097,0.0808051482524354,0.13788102154226087
real:high:65:189,65,high,B4,2894.0,10,low,late,0.9999999996149409,0.3885260178922149,0.1699198885869392,0.3125640062477497,0.25015173134360835,0.1352987111215857
real:high:65:190,65,high,B2,2122.5,8,low,core,0.9999999996304587,0.24930298625693462,0.05474988195424134,0.1485153724742684,0.06621767967012372,0.20366021833849543
real:high:65:191,65,high,B2,3615.0,7,mid,core,0.9999999997321154,0.46345270066433625,0.05040357908452568,0.43681224028850113,0.20250377940382494,0.11092419910515935
real:high:65:192,65,high,B2,4673.0,6,mid,core,0.9999999998114439,0.5581224819746886,0.163611460647952,0.6917296335537799,0.5130523450651399,0.3579006129136749
real:high:65:193,65,high,B2,2916.0,7,low,core,0.9999999998185525,0.30592621814544707,0.19434123242141527,0.18450183122488123,0.08968711284854546,0.2537347927125359
real:high:65:194,65,high,B2,6948.0,6,high,core,0.9999999993806464,0.5388962187774146,0.47551695432244234,0.5222874088121695,0.3578912567708833,0.4912544260836921
real:high:65:195,65,high,B2,3249.5,7,mid,core,0.9999999997511249,0.36184882954312025,0.3216153833917457,0.2736854790949257,0.15412627393136766,0.2162622402526742
real:high:65:196,65,high,B2,2638.5,5,low,early,0.9999999996066188,0.21963322814926847,0.014773189967432642,0.07785585969026669,0.0074536461350216575,0.0704458481518705
real:high:65:197,65,high,B8,3729.0,5,mid,early,0.9999999996954784,0.4997790180370978,0.17408787091898967,0.5457020322644185,0.15881448762173217,0.2989528551356125
real:high:65:198,65,high,B2,2956.0,7,low,core,0.0,0.3126462628317985,0.022175184781049507,0.13153082615826223,0.09839547337078079,0.12044797948163048
real:high:65:199,65,high,B6,3433.5,11,mid,late,0.9999999994763705,0.3931683253909185,0.1785215131896968,0.46068979896440937,0.24897173206704318,0.109492230554635
real:high:65:200,65,high,B6,2847.0,9,low,core,0.9999999995771981,0.35390559178139086,0.11402981842795606,0.2556283181694991,0.15428148025482172,0.11468874788754849
real:high:65:201,65,high,B2,2708.0,8,low,core,0.9999999995427478,0.29729883855183525,0.07353897169121966,0.1899892004331475,0.11474870438868838,0.17187925941352947
real:high:65:202,65,high,B6,2378.5,7,low,core,0.999999999786286,0.23946346340388225,0.03163372157451738,0.1603070849157342,0.05974631678700326,0.21830112605952173
real:high:65:203,65,high,B8,5638.5,12,mid,late,0.9999999994780523,0.39811214829243935,0.5835367856605544,0.28211292257056503,0.17657870016173782,0.3091033339274395
real:high:65:204,65,high,B2,1675.0,8,low,core,0.9999999994923056,0.20069789042974545,0.034475052632497734,0.12510295119696202,0.05331041793980715,0.15352878461166033
real:high:65:205,65,high,B6,2709.0,8,low,core,0.9999999998380206,0.2944743202315646,0.10007314077448344,0.18974760107737695,0.0915201967518078,0.12850312694256333
real:high:65:206,65,high,B4,1923.5,8,low,core,0.999999999707054,0.23308392362101185,0.19136800423362674,0.14122905640649827,0.05946405642144043,0.22258269722131438
real:high:65:207,65,high,B6,3006.5,8,mid,core,0.9999999997762076,0.3653639976198342,0.12204493078485558,0.2581971679087335,0.12327523634268056,0.19970908845448082
real:high:65:208,65,high,B4,1628.0,9,low,core,0.9999999995705148,0.22437232476288,0.03987788277484637,0.143820801629936,0.08511737407986164,0.2287349900805846
real:high:65:209,65,high,B8,3020.5,8,mid,core,0.9999999997785701,0.43282053020618366,0.3059726230202249,0.34402895670374223,0.19461663223493453,0.21460426089433443
real:high:65:210,65,high,B4,2253.5,8,low,core,0.9999999996853625,0.2792853826289729,0.06051768285063727,0.15997007622683057,0.10878635788970878,0.23677352586555617
real:high:65:211,65,high,B6,3229.0,8,mid,core,0.9999999999122128,0.45209981152671536,0.7664205121033664,0.40294134752073607,0.21377552069345748,0.22134541914164363
real:high:65:212,65,high,B4,2002.5,8,low,core,0.9999999998158514,0.2309936870775898,0.06891658325627759,0.14013984182839448,0.061505837797218736,0.2078121725940344
real:high:65:213,65,high,B4,2867.0,10,low,late,0.9999999996767414,0.39724399913603947,0.18844438322774468,0.30038910739191593,0.2495213873733353,0.33244259865695003
real:high:65:214,65,high,B4,3213.5,7,mid,core,0.9999999995848965,0.42322980956058986,0.09162120480792002,0.3895241477698427,0.18050949113814566,0.21722526352814378
real:high:65:215,65,high,B6,4148.0,8,mid,core,0.9999999998933177,0.555584662987049,0.728388615366444,0.6590099883927699,0.5106304965120968,0.4926748543554801
real:high:65:216,65,high,B8,3477.0,8,mid,core,0.9999999999428035,0.5467882881416004,0.28463763681558263,0.5756292997916354,0.3790933651270652,0.33025685586019177
real:high:65:217,65,high,B2,2039.0,8,low,core,0.9999999998525894,0.254081539835893,0.08388757982208035,0.16320819954596594,0.067438582918661,0.1855970378271631
real:high:65:218,65,high,B2,2522.0,8,low,core,0.9999999995423418,0.29316289262136325,0.07021968675882453,0.18705977530110882,0.08843087930040112,0.14435967262853996
real:high:65:219,65,high,B8,4225.5,12,mid,late,0.9999999993512549,0.3591096125375694,0.06629837867416444,0.22173240251962864,0.1364459856699594,0.14444545074485227
real:high:65:220,65,high,B6,2811.5,10,low,late,0.9999999996680784,0.3676366667218444,0.07752602040548882,0.28449034183157484,0.1995826523729722,0.12190732688099987
real:high:65:221,65,high,B4,6693.0,11,high,late,0.9999999995827864,0.4287598352038026,0.2970408622287001,0.4704453193658731,0.21277274911812138,0.30735199211657355
real:high:65:222,65,high,B2,4203.0,6,mid,core,0.999999999538924,0.5342237267673933,0.23664827179847436,0.6064903197419221,0.2589912271453126,0.42364978408315007
real:high:65:223,65,high,B2,2658.0,7,low,core,0.9999999995450455,0.26197676678199633,0.0836418612965542,0.1468644797279924,0.06687349328549314,0.20011293150568818
real:high:65:224,65,high,B8,3714.0,8,mid,core,0.9999999995904304,0.5524308763081164,0.32238421826666275,0.6070696081142489,0.4032717737123302,0.38948292360846976
real:high:65:225,65,high,B4,3683.5,7,mid,core,0.9999999991900905,0.5223112756781544,0.14340323459404022,0.588490321876738,0.2997296222141406,0.24419183642426529
real:high:65:226,65,high,B4,3495.0,4,mid,early,0.9999999998497924,0.4423802261401999,0.23190803084771922,0.17002262759704354,0.016297052976697646,0.20499632072073382
real:high:65:227,65,high,B2,2021.5,12,low,late,0.999999999751,0.30847720699438297,0.046937923833153386,0.12213534747940337,0.17240491240117553,0.16572769354544117
real:high:65:228,65,high,B4,2883.5,5,low,early,0.9999999996861527,0.2977485814924549,0.033499385854893676,0.1334500911841952,0.02044100754887313,0.13232308325888625
real:high:65:229,65,high,B8,6328.5,12,high,late,0.9999999994865365,0.4128690101763821,0.6260924119692296,0.273994262950092,0.184991054576047,0.3371473395007439
real:high:65:230,65,high,B8,3086.0,8,mid,core,0.9999999997493073,0.43630930212045355,0.39867083693862443,0.3589082516584904,0.22419951845249014,0.21636454375609662
real:high:65:231,65,high,B6,3139.5,11,mid,late,0.9999999996963527,0.45995195898777946,0.37962566397356723,0.3637293260794833,0.27975307432713686,0.22902871197039337
real:high:65:232,65,high,B4,2576.5,8,low,core,0.9999999996173758,0.3351757578226023,0.12204692393229365,0.21630299562649738,0.13652046523080416,0.24915869229784743
real:high:65:233,65,high,B2,3184.5,7,mid,core,0.9999999998489966,0.3522090578265932,0.141498047077624,0.2621753217707735,0.12726688918926848,0.15943232542120492
real:high:65:234,65,high,B4,2212.0,6,low,core,0.0,0.14769320594302382,0.016808010306932814,0.018298872004599943,0.0009672616356125805,0.032535284072286265
real:high:65:235,65,high,B6,1590.5,4,low,early,0.0,0.023883070730242397,0.008373576000338185,0.0054126685563794805,6.323437939277125e-05,0.04538441567056901
real:high:65:236,65,high,B2,4979.5,7,mid,core,0.9999999999467377,0.5337107007329979,0.4828584129603084,0.6311247109396843,0.5053372394021424,0.5483103973784645
real:high:65:237,65,high,B4,1994.5,8,low,core,0.9999999995597906,0.25094723483318143,0.10842431179819029,0.16825316556472972,0.08333406262222394,0.13136930890081644
real:high:65:238,65,high,B6,5553.5,6,mid,core,0.9999999997285844,0.5525179385755948,0.7079139751579441,0.6579676736971826,0.46251727791681696,0.4927022954434943
real:high:65:239,65,high,B6,4713.5,10,mid,late,0.9999999998685146,0.43679296318192035,0.38626495898724655,0.43952926783256113,0.3209417413098941,0.3003226606230942
real:high:65:240,65,high,B2,5607.0,6,mid,core,0.9999999997453785,0.5501848300319105,0.30406213008982874,0.6991538077612166,0.6086456686429528,0.6582675232561586
real:high:65:241,65,high,B6,1566.5,4,low,early,0.0,0.04789063570145999,0.010919268615959037,0.00448909918776632,0.00020429970586549904,0.04268769842033728
real:high:65:242,65,high,B4,3273.0,7,mid,core,0.9999999995604717,0.4316038714483583,0.2838708660142016,0.4215493120623344,0.1909849575616189,0.25769890225261827
real:high:65:243,65,high,B8,3022.5,10,mid,late,0.999999999747834,0.3997843135686673,0.09985058297812689,0.2922559175161365,0.22109237066603424,0.14279888000708263
real:high:65:244,65,high,B2,3598.0,7,mid,core,0.9999999997404161,0.43853421505432705,0.3115882379438852,0.4124624524484224,0.18167887985611503,0.1892533402169222
real:high:65:245,65,high,B8,3823.5,4,mid,early,0.9999999998077209,0.5181446594007638,0.5630207880568312,0.2544276034989496,0.06363675826647314,0.3452082744294631
real:high:65:246,65,high,B2,3621.5,5,mid,early,0.9999999996859908,0.4060833667536635,0.04271940988848234,0.379366858264993,0.05394826650248849,0.1028243155203973
real:high:65:247,65,high,B4,2821.0,9,low,core,0.999999999286755,0.37786772388415746,0.10612834634177784,0.2937534417104363,0.26075659491282044,0.20993589220320913
real:high:65:248,65,high,B2,2581.0,8,low,core,0.9999999996207135,0.2583809478465843,0.11405906656063299,0.15452307161318268,0.07601718108308195,0.22303650656378965
real:high:65:249,65,high,B4,3407.5,10,mid,late,0.9999999995718324,0.42958381539918405,0.18154148247012,0.5834920598881638,0.3814695038630496,0.2061781182511087
real:high:65:250,65,high,B2,3506.0,7,mid,core,1.0,0.4790640217787015,0.20973593338369556,0.4979676321144239,0.29693667037253824,0.24442649416835519
real:high:65:251,65,high,B4,2104.5,5,low,early,0.9999999996393562,0.16081582615685222,0.026011689874051346,0.059517536607177374,0.004046788452844467,0.08446715366945677
real:high:65:252,65,high,B4,2909.0,7,low,core,0.999999999724551,0.3212922219944533,0.022798583316317723,0.15200234483297512,0.03764136545678675,0.14458590443420669
real:high:65:253,65,high,B8,2863.5,8,low,core,0.9999999998850634,0.3647297247886604,0.06434264762981953,0.26523125758831595,0.14317561796681105,0.1672921155452858
real:high:65:254,65,high,B4,2497.5,8,low,core,0.9999999998346403,0.2840158388346053,0.09823191667810358,0.15876831460061108,0.10016441664642714,0.21642791909995304
real:high:65:255,65,high,B2,3944.0,7,mid,core,0.9999999996006993,0.5055345476416885,0.5230935772108067,0.5385870771954567,0.3113000139994292,0.4207020459362784
real:high:65:256,65,high,B2,5809.0,6,mid,core,0.999999999899075,0.5405900854393951,0.3972990605826271,0.5995344047693625,0.507308404500198,0.517800823028141
real:high:65:257,65,high,B2,3815.5,7,mid,core,0.9999999995330544,0.4964516634440258,0.30311990968250313,0.5088435161207456,0.26724814023298826,0.3136370105402172
real:high:65:258,65,high,B6,1800.0,12,low,late,0.9999999996472998,0.2650514245979834,0.038238625302490635,0.08884830451102926,0.11893470497179011,0.12763216740509264
real:high:65:259,65,high,B2,2345.5,8,low,core,0.9999999994720086,0.25354514313745385,0.06509781762034365,0.13314477259508953,0.05386901972475102,0.1565968030828555
real:high:65:260,65,high,B6,1793.0,9,low,core,0.9999999997646427,0.2526283149609743,0.058858205963279266,0.17555988493392294,0.08802754484076215,0.19278349628191727
real:high:65:261,65,high,B4,3886.0,8,mid,core,0.9999999998989964,0.552885940584599,0.26654152904025497,0.6392323510971771,0.4420133601292398,0.3861464957626663
real:high:65:262,65,high,B4,1786.5,5,low,early,0.0,0.11803831371679593,0.02030474316673716,0.02828513627782568,0.001648659105653511,0.06379628381949976
real:high:65:263,65,high,B6,2662.0,9,low,core,0.9999999998094897,0.34006946435227847,0.12135163419609085,0.22315020609685465,0.14989863697406486,0.2194465562417663
real:high:65:264,65,high,B8,4400.5,8,mid,core,0.9999999988691572,0.5442635160062711,0.33951377803966815,0.6279716247944077,0.6675760159340175,0.546608742790337
real:high:65:265,65,high,B4,2093.0,8,low,core,0.9999999996573576,0.265566092581519,0.10665313593342274,0.18349348194127696,0.10896910877794783,0.3034828711789642
real:high:65:266,65,high,B6,1564.5,5,low,early,0.0,0.08787061069476901,0.019522143393779424,0.02632747822683381,0.001112311465425596,0.06379628381949976
real:high:65:267,65,high,B6,1968.0,8,low,core,0.9999999998445447,0.2448363354343804,0.059616211607302946,0.153405685162913,0.06994107989225538,0.15137065807911732
real:high:65:268,65,high,B4,1734.0,7,low,core,0.9999999996270205,0.19744528524309385,0.07060115936728395,0.13117113778300268,0.037059369469144315,0.11181175403782313
real:high:65:269,65,high,B4,2127.5,8,low,core,0.99999999960091,0.2531756643899486,0.08771522262791666,0.1594355259470606,0.08090483457150761,0.16488069387359103
real:high:65:270,65,high,B4,1874.0,5,low,early,0.0,0.13550849548748012,0.01457303578046528,0.047347925318724636,0.0027622584939174712,0.06574911937685181
real:high:65:271,65,high,B4,2815.5,9,low,core,0.9999999998695672,0.3837993227476685,0.28071091958039873,0.26629448112776444,0.26145659885859096,0.3370740939873286
real:high:65:272,65,high,B2,3126.0,5,mid,early,0.9999999995505539,0.25142691384031635,0.01393139866425171,0.11682769908009084,0.011190575670006583,0.06796064715791275
real:high:65:273,65,high,B4,3831.5,10,mid,late,0.9999999997861828,0.48367527864593174,0.5312772104633685,0.6604683948362887,0.45430925641167713,0.35613130907314317
real:high:65:274,65,high,B6,2559.5,9,low,core,0.9999999997833076,0.3366470447467864,0.2893766333820233,0.22022413948721592,0.1553693902765416,0.3077279515094722
real:high:65:275,65,high,B4,2509.0,8,low,core,0.9999999996633747,0.3005134947694158,0.09333579557025477,0.1931154778795314,0.10859203990833086,0.16988817969686248
real:high:65:276,65,high,B6,3294.0,10,mid,late,0.9999999997393736,0.47322496212578974,0.03988178368487508,0.4587601703490216,0.28658044427308244,0.10752074476404763
real:high:65:277,65,high,B6,2661.0,8,low,core,0.99999999982996,0.2958579514344686,0.08568988376627523,0.18800714819904688,0.10782448904233327,0.20804145272567806
real:high:65:278,65,high,B8,3070.0,10,mid,late,0.9999999999478555,0.4505590448795538,0.1353457146135365,0.41041565370258354,0.2755905362892199,0.20514909981896626
real:high:65:279,65,high,B2,3773.5,7,mid,core,0.9999999996494017,0.44265371465250625,0.10308947245488201,0.42733253322931075,0.18667850177444043,0.32465352593766494
real:high:65:280,65,high,B6,4760.0,6,mid,core,0.9999999999045767,0.5899888416210844,0.34415991398420753,0.667711228436239,0.44656670884051425,0.3579006129136749
real:high:65:281,65,high,B2,2585.0,8,low,core,0.999999999560444,0.29965475414547704,0.11313088328690904,0.19497412382670487,0.10481146842218249,0.17187925941352947
real:high:65:282,65,high,B4,3449.5,10,mid,late,0.9999999993062294,0.48745472739435336,0.4451060127553349,0.6464430944475431,0.36760648377840327,0.18491693331166356
real:high:65:283,65,high,B6,1583.0,12,low,late,0.9999999996244454,0.22415603698836084,0.03808073996419289,0.05802466024480583,0.10060082972840355,0.1440039155963872
real:high:65:284,65,high,B6,3395.0,12,mid,late,0.999999999581507,0.3462917421239215,0.14570654301337996,0.260667351247768,0.1373014902261638,0.1317442246799081
real:high:65:285,65,high,B8,2988.5,9,low,core,0.9999999998083341,0.3625415019084376,0.0482131230789826,0.25504950672527676,0.14252059964551728,0.12210568952152073
real:high:65:286,65,high,B2,3321.5,7,mid,core,0.9999999998312918,0.3673823892262568,0.024236985059236632,0.2651285668922396,0.12109140755537436,0.095985319890962
real:high:65:287,65,high,B6,3186.5,7,mid,core,0.9999999998061857,0.38517143557191047,0.032777780707912,0.3251728263864214,0.13152708043933897,0.13605528253422658
real:high:65:288,65,high,B4,3201.0,4,mid,early,0.9999999996771879,0.35458410045905286,0.16583013305752262,0.09596498252023043,0.009244218620602476,0.1702382183289398
real:high:65:289,65,high,B6,2256.0,8,low,core,0.9999999997217042,0.24470841571846969,0.047198112917515724,0.13479888467671167,0.06576949352193454,0.20322715367783595
real:high:65:290,65,high,B8,2043.5,6,low,core,0.9999999997983208,0.20912135392087514,0.01618265893030882,0.15022110251017187,0.023462072071588506,0.13612315019049165
real:high:65:291,65,high,B6,3190.0,9,mid,core,0.9999999995900697,0.44361273578142446,0.042149447403068474,0.3835011644124297,0.17816735605378797,0.18304607823696348
real:high:65:292,65,high,B2,7371.0,7,high,core,0.9999999996698041,0.5354401891310114,0.5291813503929109,0.4334065351649749,0.29044192089845067,0.5124825740519051
real:high:65:293,65,high,B6,2957.0,8,low,core,0.9999999996175429,0.36315711338061485,0.02934433222528717,0.16976904374656793,0.050831735603620205,0.11854965331974526
real:high:65:294,65,high,B6,3246.5,8,mid,core,0.9999999999006032,0.45966011368846105,0.3465592910247393,0.4119552878229354,0.23902443550536898,0.22329759757376463
real:high:65:295,65,high,B2,2875.0,8,low,core,0.9999999996083281,0.3204049170417493,0.06441960554188565,0.1935042949723974,0.1355324456823198,0.1909533959616474
real:high:65:296,65,high,B2,4467.0,7,mid,core,0.9999999999236178,0.562348210489939,0.5786759743806016,0.6093952897375426,0.40818263429706897,0.5240793510486118
real:high:65:297,65,high,B2,5040.0,6,mid,core,0.9999999997717712,0.5563748848529506,0.13845902993875725,0.6090016536658355,0.39120542814694703,0.5127415002497805
real:high:65:298,65,high,B2,1937.0,8,low,core,0.9999999996967759,0.22390010860726783,0.13774637923698163,0.13380713483747997,0.057851596289906215,0.2072654228237248
real:high:65:299,65,high,B4,3789.0,4,mid,early,0.9999999998966657,0.4571634720179413,0.7386204008461058,0.15773800924654993,0.024218856514995276,0.3443896393930203
real:high:65:300,65,high,B4,1933.0,5,low,early,0.0,0.10383857297367735,0.04658395824711199,0.030618938593593836,0.0015368819631474053,0.06379628381949976
real:high:65:301,65,high,B2,1920.0,8,low,core,0.9999999996173546,0.2460978939636355,0.09604040863490505,0.1639224299590675,0.09981611673618226,0.31922485094942515
real:high:65:302,65,high,B6,2814.0,4,low,early,0.9999999995617267,0.25304591094923407,0.06911201405020062,0.0513224862199486,0.0021310517670679392,0.062114187696281055
real:high:65:303,65,high,B4,1597.0,8,low,core,0.9999999995829587,0.2025308280981341,0.028980043178701006,0.12631043178204096,0.054121580231269055,0.22291143740847455
real:high:65:304,65,high,B4,2331.5,12,low,late,0.999999999682712,0.31769619431036,0.10396174093813099,0.13459486704480966,0.16412047222731257,0.23071403607191746
real:high:65:305,65,high,B2,4671.5,6,mid,core,0.9999999997420224,0.5695269306109741,0.22621235479399399,0.6668675036462172,0.4477589631491147,0.37603587662022153
real:high:65:306,65,high,B4,3616.0,7,mid,core,0.9999999993581614,0.47707799514294974,0.03395234454066254,0.4871497848855958,0.22987886431849494,0.14934161819491082
real:high:65:307,65,high,B2,4013.0,7,mid,core,0.9999999996012907,0.45598890423907296,0.13624311056019245,0.44914401896646616,0.2087820917480455,0.2760984120487992
real:high:65:308,65,high,B4,2779.5,7,low,core,0.9999999997487707,0.3363640900327763,0.19897902534618478,0.19799137797418276,0.11488430442611354,0.19510389989511756
real:high:65:309,65,high,B4,2795.5,8,low,core,0.9999999994399734,0.31771942313001533,0.06671942929939445,0.222534408519794,0.1460869853109478,0.17004101221038637
real:high:65:310,65,high,B2,2562.5,8,low,core,0.9999999995830224,0.2984284384893266,0.10702466776013202,0.19383533783829748,0.0953197965638375,0.2118871929250921
real:high:65:311,65,high,B2,5720.5,6,mid,core,0.9999999997083271,0.5372390129960136,0.3845375479345372,0.6212753018183551,0.507713369620659,0.5317009464621613
real:high:65:312,65,high,B4,3803.0,7,mid,core,0.9999999997650934,0.547344161772287,0.2560266382028686,0.6409035736925488,0.3675094738225491,0.35172906491069683
real:high:65:313,65,high,B4,3401.5,7,mid,core,0.9999999997686765,0.4378536177719313,0.04706928797967025,0.40816883797489134,0.1918343308731417,0.2335094748360287
real:high:65:314,65,high,B8,2817.0,8,low,core,0.9999999998385266,0.35370339453280064,0.12061890629531631,0.23989824095011703,0.13286690848173113,0.17817704030034395
real:high:65:315,65,high,B2,1980.5,7,low,core,0.9999999996672763,0.20527673669336235,0.03918338086175223,0.12884599705618868,0.04250756273958593,0.1348653202466601
real:high:65:316,65,high,B6,1767.5,7,low,core,0.9999999997168106,0.17224460693074212,0.010202353958039305,0.13130545805505955,0.027896434395600984,0.14572322787445885
real:high:65:317,65,high,B6,2903.5,11,low,late,0.9999999994050818,0.37873802055166667,0.16171085926065656,0.2521748361658892,0.20133848541088528,0.1582586530517167
real:high:65:318,65,high,B2,2119.0,7,low,core,0.9999999996559705,0.21884041013457659,0.04466293484669318,0.13352579553143634,0.045921153202262185,0.12433444881063006
real:high:65:319,65,high,B6,2594.0,6,low,core,0.9999999995972546,0.21363359349129826,0.011160770317446342,0.12066586634618263,0.01707609070284846,0.08506072748470545
real:high:65:320,65,high,B4,3171.0,10,mid,late,0.9999999997065915,0.45116707941165174,0.3136225842061312,0.5031580512913465,0.3295756779951371,0.20306988282854357
real:high:65:321,65,high,B8,2445.5,9,low,core,0.999999999822212,0.3233213094705434,0.20865867617941167,0.22243482488873118,0.17734971787999546,0.18881149152496873
real:high:65:322,65,high,B2,2075.0,8,low,core,0.999999999598529,0.2282836890471351,0.08698330567251618,0.12779918935955495,0.05543331949691987,0.1905449452558334
real:high:65:323,65,high,B4,2409.5,8,low,core,0.9999999995329378,0.2826750570651199,0.133863227101451,0.18538167719504925,0.1181638789114969,0.24854045811857542
real:high:65:324,65,high,B4,4929.0,7,mid,core,0.9999999999531358,0.49564797753125983,0.21884952382228015,0.5458201062958965,0.6997242534145734,0.629103331766257
real:high:65:325,65,high,B4,6042.5,12,high,late,0.9999999995260431,0.4466459065378962,0.3372475918360004,0.3697626249406171,0.20967080877131863,0.24533133303595064
real:high:65:326,65,high,B2,4560.0,7,mid,core,0.9999999997827194,0.5782415127912739,0.22928504457721832,0.6867233230024485,0.5221258764526922,0.40602721817873877
real:high:65:327,65,high,B6,3038.0,8,mid,core,0.9999999998497072,0.3760754472214015,0.04369021916840478,0.28510269765435975,0.14570900462823444,0.15471767224815056
real:high:65:328,65,high,B6,2464.0,6,low,core,0.9999999997311659,0.21116826122257265,0.01434171660184124,0.09003778906165279,0.011113120734970438,0.10775258216071026
real:high:65:329,65,high,B2,5266.0,6,mid,core,0.9999999997958657,0.5352435484366247,0.448925784486861,0.5855826275641742,0.36786433939464214,0.5811434808624916
real:high:65:330,65,high,B6,4432.0,7,mid,core,0.9999999999108731,0.503851058870081,0.4214477222308728,0.5277488599133962,0.30340583948186833,0.5432182235238459
real:high:65:331,65,high,B4,2173.5,8,low,core,0.9999999996776666,0.24571077104264913,0.0888566179539545,0.13398150209800666,0.07425699065725454,0.2395970049430361
real:high:65:332,65,high,B2,3606.0,7,mid,core,0.999999999645089,0.4353321920816442,0.109133485405474,0.4212432286378542,0.18693883349483711,0.23603417762818618
real:high:65:333,65,high,B6,1691.5,9,low,core,0.9999999997676644,0.21594632738944522,0.051303161034734854,0.12862729247757224,0.06182103035386597,0.1848889740661509
real:high:65:334,65,high,B6,2484.5,9,low,core,0.9999999996732816,0.29815909616893976,0.17209384628039842,0.19785989253979405,0.09248782790167079,0.21346930055430238
real:high:65:335,65,high,B6,2326.5,5,low,early,0.999999999711276,0.2025420368378718,0.014773189967432642,0.06704910570596906,0.006256791736988215,0.06724207774726623
real:high:65:336,65,high,B6,4071.0,11,mid,late,0.999999999729531,0.4015189054560102,0.24258508171507653,0.5208596975069314,0.17214158485814016,0.16693994708189
real:high:65:337,65,high,B4,1996.5,9,low,core,0.9999999996266938,0.26744865434477794,0.130968493980348,0.18249923054509767,0.09636937331773482,0.2001351985660198
real:high:65:338,65,high,B8,3139.0,7,mid,core,0.9999999997348196,0.42808847367859193,0.052228189966948266,0.39310525244988515,0.21454527355265104,0.19002432807562233
real:high:65:339,65,high,B6,2445.0,8,low,core,0.9999999998461176,0.274948082017087,0.13078151404104316,0.16957062278845028,0.0810652079187606,0.1652418640531908
real:high:65:340,65,high,B2,7959.5,6,high,core,0.9999999995517772,0.40434253701939604,0.28870538135926643,0.139697673442541,0.059659477666642216,0.3247105656755488
real:high:65:341,65,high,B4,3296.0,7,mid,core,0.999999999738375,0.470168054444541,0.029432747394700035,0.4979042228731917,0.23871778106985242,0.09438718885724329
real:high:65:342,65,high,B2,3105.0,7,mid,core,0.9999999996647654,0.4325770685098124,0.08174775984551065,0.27958241957990637,0.013732764248210063,0.12681606189304861
real:high:65:343,65,high,B4,2941.5,5,low,early,0.9999999996113484,0.30880965164451296,0.06657370799709197,0.08181927489077646,0.009575741108389135,0.12708509979515065
real:high:65:344,65,high,B4,4817.0,7,mid,core,0.9999999997468664,0.5220394282973199,0.6035238675633946,0.6471773220356479,0.6312249120078294,0.5112138224122458
real:high:65:345,65,high,B4,3149.0,7,mid,core,0.9999999998201229,0.44571167739347756,0.08865239752085727,0.42909859541229883,0.20486621733612842,0.17450195441456956
real:high:65:346,65,high,B6,2826.5,8,low,core,0.9999999997975962,0.30135942335778226,0.21192380866758156,0.1952700628718178,0.11746463571252513,0.14295469911789394
real:high:65:347,65,high,B2,1832.0,8,low,core,0.9999999995827841,0.20545581778972924,0.013187334998413602,0.11507455171818771,0.04980197359895603,0.1651635172022046
real:high:65:348,65,high,B4,3334.5,7,mid,core,0.9999999992565749,0.48579683248013406,0.21320973331332727,0.5080013324509453,0.27700833081977444,0.20253225176637712
real:high:65:349,65,high,B2,1781.0,8,low,core,0.9999999996765955,0.20872094683365605,0.03297315125434103,0.1287793954329898,0.04753489220446118,0.11092827184615217
real:high:65:350,65,high,B4,3623.5,6,mid,core,0.9999999998423302,0.5293938604410847,0.15215506829134132,0.54323335007475,0.3003253447451608,0.19843310448503987
real:high:65:351,65,high,B6,1568.0,7,low,core,0.9999999996629343,0.16837940063715706,0.005693333708263214,0.12337856036811577,0.033782061857259474,0.0803903254949284
real:high:65:352,65,high,B4,3084.0,7,mid,core,0.9999999998082822,0.35887138965378823,0.15168555128664496,0.26548691196119345,0.139752573933241,0.18836239956555517
real:high:65:353,65,high,B8,2745.5,8,low,core,0.9999999998141752,0.3060488041309634,0.05548091381408642,0.20790304066461185,0.1331332589990688,0.16408157576163232
real:high:65:354,65,high,B2,4298.0,6,mid,core,0.999999999383429,0.5044467117331127,0.1746948872725353,0.5456976385958974,0.20847909495316602,0.28450627086450403
real:high:65:355,65,high,B8,3798.5,9,mid,core,0.9999999994358909,0.47448821330965296,0.47114825311347097,0.6283301162945166,0.5333887665330213,0.3783020392520487
real:high:65:356,65,high,B6,3730.0,8,mid,core,0.9999999994859452,0.5212227995381763,0.26045924785597663,0.4798176842901683,0.23653331116257031,0.3002249172940299
real:high:65:357,65,high,B8,2221.0,7,low,core,0.9999999997827631,0.23558048161672712,0.03805752316670311,0.14259692674550578,0.047892728538968414,0.14486872501931927
real:high:65:358,65,high,B6,2912.5,4,low,early,0.9999999997096274,0.2657463376091432,0.13479381955721226,0.053186402993578435,0.003075932751725347,0.13327470746557452
real:high:65:359,65,high,B2,4939.5,6,mid,core,0.9999999997863392,0.5668709174603727,0.20387978150804148,0.6111879813558313,0.36994401171037167,0.5612708311155792
real:high:65:360,65,high,B4,3165.0,9,mid,core,0.999999999803932,0.44792433393470754,0.0583020096106596,0.41156751172723705,0.2062645183556872,0.17050298630518354
real:high:65:361,65,high,B6,1885.0,9,low,core,0.9999999998053117,0.2487999528040327,0.07019650997717511,0.15231726424547698,0.08210579862480837,0.17373742152855526
real:high:65:362,65,high,B6,3241.0,11,mid,late,0.9999999994869208,0.4279532875617448,0.3350911091720685,0.5251054815753974,0.30996945519650393,0.21530456477672094
real:high:65:363,65,high,B6,3968.5,5,mid,early,0.9999999998063684,0.4902458538808852,0.7702162209436741,0.38195950706373516,0.05387421005512749,0.2873502000634502
real:high:65:364,65,high,B2,3241.0,10,mid,late,0.9999999996930617,0.4176119789482325,0.12424623694923441,0.3351897032204069,0.22658808598761856,0.18677921681160264
real:high:65:365,65,high,B2,2121.5,8,low,core,0.9999999995532723,0.22764386736134012,0.02641992158755712,0.1296219040010749,0.05401540053340858,0.1312951479354708
real:high:65:366,65,high,B2,2310.0,8,low,core,0.9999999995763894,0.2714023782579024,0.144593824312228,0.17166974688966485,0.10486766304548241,0.2393225006241257
real:high:65:367,65,high,B4,2747.5,7,low,core,0.9999999997122819,0.3035996344076324,0.08330262272122088,0.16360456278434415,0.0928381433548982,0.15256932561352035
real:high:65:368,65,high,B6,2588.5,7,low,core,0.9999999997805852,0.25999535546460906,0.0360850495380185,0.14782289797489864,0.07060840429464797,0.1951916451657365
real:high:65:369,65,high,B8,2630.0,9,low,core,0.9999999997848277,0.333645695851205,0.1374426834386965,0.23219149268455927,0.16250016306718607,0.23550851775362952
real:high:65:370,65,high,B4,6249.5,4,high,early,0.0,0.5903341601022899,0.9422585761619943,0.3337411885406809,0.10351789996401715,0.6059019617086542
real:high:65:371,65,high,B2,3252.0,7,mid,core,0.9999999998064834,0.34435955774226684,0.3558526351907584,0.21609291923504587,0.12310734322786482,0.17351837563787845
real:high:65:372,65,high,B4,2026.5,8,low,core,0.9999999997866604,0.24250876472766936,0.13603496273885426,0.14546082000563004,0.06374378245659311,0.12560607832759416
real:high:65:373,65,high,B6,3352.0,5,mid,early,0.999999999712195,0.3680200926748497,0.03383422091274779,0.2464961686101247,0.032174990750052514,0.14629138009657766
real:high:65:374,65,high,B4,4665.5,5,mid,early,0.9999999999302335,0.5477327859496436,0.8166381232287169,0.5744010097252499,0.16690225755018073,0.4688809519578022
real:high:65:375,65,high,B6,1980.5,8,low,core,0.9999999998065342,0.24246293371612473,0.08652433467262688,0.15606421663694836,0.06726186830836856,0.17423285374984823
real:high:65:376,65,high,B4,1644.0,9,low,core,0.9999999997308077,0.24073662089367576,0.050993733867751405,0.16340323580557567,0.07948984127210827,0.20589584112343018
real:high:65:377,65,high,B2,3754.5,4,mid,early,0.9999999995306733,0.3908057424011881,0.35720163805538935,0.13678211972414606,0.004542674601270509,0.18803859252837818
real:high:65:378,65,high,B2,4789.5,7,mid,core,0.9999999999570235,0.5196608332980542,0.40134797116780024,0.6154148170174891,0.4787689398707205,0.6371647132247604
real:high:65:379,65,high,B2,2524.0,8,low,core,0.9999999995808204,0.25092441281447475,0.11381665984565259,0.15183164112385378,0.0645638913646705,0.15264395006603995
real:high:65:380,65,high,B8,2411.0,9,low,core,0.9999999998118737,0.3309469602427639,0.17818116596936814,0.2307391202105829,0.18127448034006677,0.23550851775362952
real:high:65:381,65,high,B4,3281.5,6,mid,core,0.9999999996643965,0.44595542366783136,0.229037665110571,0.4273024825957588,0.10962474732458968,0.11107938654310993
real:high:65:382,65,high,B4,2922.0,9,low,core,0.9999999998243583,0.36901020103507315,0.45608055565030187,0.27077420176628475,0.18329799010459497,0.17719115438485278
real:high:65:383,65,high,B2,2965.5,6,low,core,0.999999999608253,0.27121764514225505,0.026776352934339578,0.13289900744328478,0.02308266614381797,0.09546491786559252
real:high:65:384,65,high,B4,3677.0,8,mid,core,0.9999999995119521,0.5570796856366557,0.28960966043250386,0.6428810346681918,0.4652726635841701,0.37918378359429533
real:high:65:385,65,high,B4,1970.5,9,low,core,0.9999999995142361,0.25199192060055453,0.09375129372050926,0.16162965466088808,0.08104073990824992,0.19129619275661391
real:high:65:386,65,high,B6,2456.0,8,low,core,0.9999999997865948,0.3193175535262649,0.11861544499202441,0.19647211485173396,0.1311030974781965,0.2459250456645786
real:high:65:387,65,high,B8,2534.0,9,low,core,0.9999999997685708,0.328561304222769,0.12265990242803268,0.24401986419744504,0.15423419436387523,0.14630968770424813
real:high:65:388,65,high,B2,2743.0,8,low,core,0.9999999995603386,0.2889888677868705,0.05038079733508721,0.17358672389961316,0.10827829285962126,0.1652418640531908
real:high:65:389,65,high,B6,3454.5,8,mid,core,0.9999999995960932,0.4702700864674189,0.2574570058443281,0.4058695363424207,0.23158488213822342,0.268910360955543
real:high:65:390,65,high,B4,3472.0,7,mid,core,0.999999999693155,0.4759423297177761,0.3606312347426426,0.5012649661000304,0.2746927375127102,0.3573937656079678
real:high:65:391,65,high,B6,3488.0,7,mid,core,0.9999999997851957,0.42730222539559964,0.03814640566734086,0.4114821341559973,0.2001524778619985,0.1644346279739801
real:high:65:392,65,high,B6,3286.5,8,mid,core,0.9999999995915877,0.46029352073708074,0.41972904520883136,0.38925726196845656,0.24901161678786812,0.27011541065107514
real:high:65:393,65,high,B6,2541.0,5,low,early,0.0,0.18536491321107834,0.019639186146072907,0.047274195779828575,0.0027895719377894154,0.044122298831032795
real:high:65:394,65,high,B6,2208.5,5,low,early,0.999999999672523,0.15831092705443756,0.015948534525468922,0.05859945008250544,0.0035681129465149238,0.06723372201665963
real:high:65:395,65,high,B4,2439.0,7,low,core,0.9999999996392771,0.255626918984991,0.005652311599527643,0.15908764083818594,0.05785646461222529,0.16151046784912124
real:high:65:396,65,high,B4,3560.0,7,mid,core,0.9999999996922868,0.48869774519132636,0.05794097613999224,0.5186716101441268,0.25056819683213977,0.15969967465467633
real:high:65:397,65,high,B4,2889.5,8,low,core,0.999999999593955,0.3659481608068223,0.06802166890777131,0.2646521886597468,0.15325227633204686,0.17030609165273625
real:high:65:398,65,high,B6,1701.5,9,low,core,0.9999999998085889,0.22225171773619215,0.03917282281424811,0.1329245136567066,0.0660100604496325,0.12451791927107146
real:high:65:399,65,high,B2,3732.5,7,mid,core,0.9999999996275333,0.43182788076603335,0.10642549576856855,0.41238287789745953,0.17747414586398155,0.3171185495517515
real:high:65:400,65,high,B4,2837.5,8,low,core,0.9999999996669906,0.36427185484940605,0.060011055944890465,0.2869419238588796,0.17971706575603522,0.18677921681160264
real:high:65:401,65,high,B2,3254.5,8,mid,core,0.9999999996750363,0.40735102048394933,0.04055246581013694,0.35611026740091883,0.16628408979045525,0.16055191421812973
real:high:65:402,65,high,B6,3040.0,6,mid,core,0.9999999997001107,0.31293931959645566,0.0231059847149812,0.2202337336889779,0.04011463917262676,0.0836806796087663
real:high:65:403,65,high,B8,3386.5,11,mid,late,0.9999999994811821,0.4169489466757156,0.14556801224332044,0.49966473352333857,0.31792387303830966,0.1152748896668503
real:high:65:404,65,high,B6,2178.5,9,low,core,0.99999999966652,0.253660493802862,0.15920443190110076,0.1592873272477261,0.07351868048535766,0.20749834765779596
real:high:65:405,65,high,B2,3853.5,7,mid,core,0.9999999996406698,0.4515740204168192,0.09693888325722841,0.4372375995761974,0.2063746500101163,0.3314157061375304
real:high:65:406,65,high,B6,1612.0,9,low,core,0.9999999998206084,0.2134454034204788,0.08149284294326985,0.13301360619118704,0.06499605700327846,0.2051968911278595
real:high:65:407,65,high,B4,2415.5,8,low,core,0.9999999996119426,0.27786536069052753,0.09148939829169124,0.16722777582354886,0.09518898033774738,0.19626958799188088
real:high:65:408,65,high,B6,2507.5,9,low,core,0.9999999996979485,0.2973938212206977,0.16815711091914123,0.21526471210284137,0.10160158083911863,0.22708777601065527
real:high:65:409,65,high,B2,3524.0,7,mid,core,0.9999999997077268,0.4452385332993535,0.07469005744979776,0.4298835197394338,0.19062091979380077,0.2506334788446286
real:high:65:410,65,high,B6,2817.0,5,low,early,0.9999999997123781,0.26399633743648593,0.02234637165789467,0.11125201667661268,0.01720673696092989,0.11613425760802668
real:high:65:411,65,high,B4,2607.0,7,low,core,0.9999999996898146,0.28255516837025046,0.12129546851355273,0.1686681878804537,0.07856696992814674,0.23222093578808212
real:high:65:412,65,high,B2,2461.0,8,low,core,0.99999999957736,0.26423661663955456,0.05939587922885255,0.1475590737836859,0.07186005154806319,0.20216437381903596
real:high:65:413,65,high,B8,2530.0,8,low,core,0.9999999997432905,0.3214957897705428,0.11599846978395173,0.20918595357954295,0.1286654285136423,0.2459250456645786
real:high:65:414,65,high,B6,3631.0,6,mid,core,0.9999999995380552,0.4522816254972194,0.059387763092145475,0.42596968451380235,0.128612186099215,0.1408704670751773
real:high:65:415,65,high,B2,1548.0,8,low,core,0.9999999995910147,0.19837532961572713,0.07156455959769517,0.12807522302762755,0.053489665232582216,0.16488069387359103
real:high:65:416,65,high,B2,7014.0,7,high,core,0.9999999996496777,0.49029687594430754,0.41163646820880784,0.3968638539857852,0.28562994475123193,0.6001409080040996
real:high:65:417,65,high,B2,3344.5,6,mid,core,0.999999999854081,0.37004177327185195,0.039314031908733664,0.30709975554563457,0.10645927004539082,0.1032494561994505
real:high:65:418,65,high,B2,3053.0,7,mid,core,0.9999999997475681,0.3082656564044028,0.17523294693660843,0.18361394937219155,0.08673586265439473,0.18561922859874985
real:high:65:419,65,high,B8,2633.0,12,low,late,0.9999999993587607,0.36601868232070756,0.0983073562594871,0.21635621821267656,0.2148684609563031,0.20129937858854516
real:high:65:420,65,high,B2,2290.5,8,low,core,0.9999999996220379,0.26848424531787857,0.15027012658394578,0.14063909088330737,0.0756881200166683,0.21449445386528979
real:high:65:421,65,high,B4,2998.0,7,low,core,0.9999999994045997,0.31931204483907594,0.0644577983593858,0.24006552693220687,0.11502577482612028,0.1683940355528487
real:high:65:422,65,high,B6,2087.0,9,low,core,0.9999999996769713,0.2387631137165157,0.21480274703232993,0.13887792965882464,0.0662498955218331,0.14250117985208585
real:high:65:423,65,high,B2,3436.5,7,mid,core,0.9999999998202614,0.39887875942932405,0.03907668018605069,0.31233112722907846,0.1426001755951151,0.08488208682859565
real:high:65:424,65,high,B2,2155.0,7,low,core,0.9999999995507544,0.23008329680765527,0.04019676355306097,0.13671096725225762,0.05794522519179428,0.18810739982686273
real:high:65:425,65,high,B6,1820.5,9,low,core,0.9999999996220882,0.23059644130929577,0.20291307620099872,0.1574627978283191,0.06780263952273696,0.11929235969537079
real:high:65:426,65,high,B2,1682.5,8,low,core,0.9999999995845986,0.18894496612427591,0.07787292633202131,0.12270168430903301,0.04668120263521227,0.15846184469754285
real:high:65:427,65,high,B6,3818.0,10,mid,late,0.9999999997522269,0.5012151260114506,0.7067868161784497,0.6471703804429072,0.4315580275327537,0.2845755684747626
real:high:65:428,65,high,B2,6157.0,7,high,core,0.9999999997396076,0.4903313680901828,0.574376550093938,0.5007988700672021,0.4126834322977376,0.601703387357608
real:high:65:429,65,high,B4,1565.5,9,low,core,0.9999999996214548,0.22379165977025847,0.07498450462224503,0.15287579711370708,0.08267247429785977,0.28786705187946543
real:high:65:430,65,high,B8,3849.0,9,mid,core,0.9999999995666093,0.4801137473942733,0.6570332868281874,0.5830406487076246,0.46850083407733784,0.3681745363112475
real:high:65:431,65,high,B4,1917.0,11,low,late,0.9999999997313123,0.29191643126603717,0.13492355349162571,0.14403957192345954,0.16113838036343006,0.24757057892823672
real:high:65:432,65,high,B6,2425.0,9,low,core,0.9999999997193956,0.28178844448444235,0.14311266341293077,0.1681884724226237,0.10289102938523019,0.18034535000733798
real:high:65:433,65,high,B4,1901.5,7,low,core,0.9999999996673496,0.18867804803115146,0.010588081244770033,0.14002341366970764,0.02938695492212364,0.08518785458785859
real:high:65:434,65,high,B2,2176.0,4,low,early,0.0,0.09824363476892456,0.019849416449074293,0.010673790139327845,0.00055755178373725,0.04386441538610344
real:high:65:435,65,high,B6,3359.0,7,mid,core,0.9999999998510147,0.4406078773378959,0.05544292764920536,0.3957625451413144,0.19270169178398958,0.15937724596656383
real:high:65:436,65,high,B2,4948.5,4,mid,early,0.9999999998345249,0.5080032323616336,0.8743670744652415,0.18826817776830765,0.038989663786357216,0.4970613886486212
real:high:65:437,65,high,B2,5171.0,4,mid,early,0.9999999996369988,0.5100164296364758,0.7076699036676424,0.13831232214748554,0.005744243763980504,0.32308095079414445
real:high:65:438,65,high,B4,2818.5,10,low,late,0.9999999996646852,0.3731473950706447,0.05087646686414834,0.2839015671180203,0.24617404749777455,0.11185827610985698
real:high:65:439,65,high,B2,4111.5,7,mid,core,0.9999999996977518,0.478174606519519,0.2716924521733458,0.47574967321446965,0.24267476023098805,0.4630496030201806
real:high:65:440,65,high,B4,4543.0,7,mid,core,0.999999999810922,0.5389247213201097,0.3571640874905163,0.7078030564356637,0.7521146853808991,0.5224655874889276
real:high:65:441,65,high,B6,2849.5,7,low,core,0.9999999996797126,0.30203811741916553,0.04875023257596495,0.16287401724406425,0.09397868804191435,0.13046738428052182
real:high:65:442,65,high,B4,2891.5,6,low,core,0.9999999997522309,0.36208950847010674,0.01229705667807395,0.29170418972642376,0.09895463030650466,0.2243651805006208
real:high:65:443,65,high,B2,7068.0,5,high,early,0.0,0.5755672815806503,0.9080331291643231,0.5233083101461325,0.22408960560783026,0.6583882753871991
real:high:65:444,65,high,B8,2438.0,9,low,core,0.9999999997339569,0.31286122805857847,0.1650074630113342,0.2213619347903763,0.1404185921873889,0.23968844845617923
real:high:65:445,65,high,B4,2043.5,9,low,core,0.9999999995923591,0.2860850619036393,0.18278718041414976,0.18501659496273326,0.11829961407458284,0.2393225006241257
real:high:65:446,65,high,B6,1937.5,7,low,core,0.9999999996283853,0.1707637947160748,0.020666197248270103,0.11640968826028775,0.027034645484917665,0.13303225046973524
real:high:65:447,65,high,B2,2893.0,5,low,early,0.9999999996992825,0.2752474759143536,0.024885995775893795,0.09924057075502198,0.015525223328616009,0.1104369624920006
real:high:65:448,65,high,B6,2814.0,8,low,core,0.9999999997602217,0.34234881867393013,0.06602858088947279,0.22906473200040986,0.13679395911064315,0.21124118337705775
real:high:65:449,65,high,B6,3001.0,12,mid,late,0.9999999993952481,0.3756567699539448,0.5633919454481109,0.3112650975960826,0.21977474450156484,0.2292257293402523
real:high:65:450,65,high,B6,2062.5,8,low,core,0.999999999792386,0.24209968752684835,0.0835974937757817,0.1487392903630703,0.06708165021527762,0.1565968030828555
real:high:65:451,65,high,B6,3521.0,7,mid,core,0.9999999995649334,0.4491403047872074,0.13594935205162814,0.4271844759039284,0.21136006702505425,0.16637460256102946
real:high:65:452,65,high,B2,2736.5,8,low,core,0.9999999996118418,0.2894107700555062,0.0572217025350713,0.16135481925638662,0.08951611901876859,0.23979991211252077
real:high:65:453,65,high,B2,3296.5,7,mid,core,0.9999999998269768,0.4005454010417726,0.12283716234971964,0.3343702099706924,0.18980339201778507,0.1993836240187478
real:high:65:454,65,high,B4,3172.5,6,mid,core,0.9999999998223741,0.4288250481350108,0.04512120649295067,0.4438538190393056,0.15706814034723623,0.10752074476404763
real:high:65:455,65,high,B4,2641.5,9,low,core,0.9999999996838967,0.3192855455444729,0.09559850363931681,0.2161282085288685,0.13290636649379545,0.2459250456645786
real:high:65:456,65,high,B2,4651.5,7,mid,core,0.9999999998883802,0.5718266842449148,0.2592650450406825,0.631450788201302,0.43321533283726915,0.37332493639073994
real:high:65:457,65,high,B2,2506.5,8,low,core,0.99999999959151,0.26965905822354785,0.07130114161906327,0.1435474950162946,0.0791351721800739,0.17820858611665547
real:high:65:458,65,high,B4,2184.0,8,low,core,0.9999999995134328,0.2383032939554867,0.05552270657772453,0.1335566685702061,0.06246689468046183,0.1297577876381373
real:high:65:459,65,high,B4,3599.0,5,mid,early,0.9999999996284925,0.49563391983884253,0.1822934156683075,0.5615921999297713,0.1644027953645554,0.15946244872410467
real:high:65:460,65,high,B4,2701.0,8,low,core,0.9999999997449943,0.3233543593515456,0.14787321822121743,0.2017439263808396,0.14950273554932272,0.1512103415211679
real:high:65:461,65,high,B2,2005.0,8,low,core,0.9999999996613843,0.25143189480137734,0.09742486430279733,0.14775217209201347,0.07620271009839294,0.19095746181652853
real:high:65:462,65,high,B8,4473.0,8,mid,core,0.9999999996185682,0.5220152902829457,0.31748053775646284,0.5450099460931087,0.5780933526831487,0.6175315730489953
real:high:65:463,65,high,B4,2956.5,7,low,core,0.9999999997572813,0.3378885070701674,0.292395090454792,0.23966230433606747,0.12524550715308427,0.21741150916897728
real:high:65:464,65,high,B2,4525.0,7,mid,core,0.9999999995959091,0.5211165947194903,0.07829120340932004,0.33032442960322894,0.09420134055529335,0.21636995017532012
real:high:65:465,65,high,B8,3755.5,8,mid,core,0.9999999995049815,0.5575991414275473,0.42331077469268014,0.6072769870460023,0.40498076761554114,0.4296355454632122
real:high:65:466,65,high,B6,5399.5,7,mid,core,0.9999999999162987,0.48840621240757953,0.3975894055837586,0.5189855046977527,0.5072427675696877,0.6990387477393728
real:high:65:467,65,high,B4,2437.0,12,low,late,0.9999999995940053,0.3046161173465564,0.07448142084114191,0.12324668952318925,0.133624757630316,0.1437375704038998
real:high:65:468,65,high,B2,4854.0,7,mid,core,0.9999999999793838,0.514824523528997,0.3026455331535622,0.6398790411175287,0.514542022123464,0.5905814360162338
real:high:65:469,65,high,B6,2417.0,5,low,early,0.9999999995791939,0.17355976783828223,0.04712073148316093,0.05285688792793876,0.0036440527321013076,0.07032742280828545
real:high:65:470,65,high,B2,2410.5,7,low,core,0.9999999996823483,0.24247951181636992,0.03821657096548764,0.1430698351699193,0.05124931421308019,0.12510669597006402
real:high:65:471,65,high,B4,2760.0,5,low,early,0.9999999996535945,0.26317697147458685,0.020978698773699546,0.09151775443038684,0.010543742783175806,0.10807097679622114
real:high:65:472,65,high,B6,3893.5,12,mid,late,0.9999999997484821,0.39354030160822523,0.35227955322670235,0.38815941840426255,0.13273033053437,0.1526107491387041
real:high:65:473,65,high,B6,2747.0,8,low,core,0.9999999997887686,0.3157065514247018,0.07093753029205534,0.16719975835364662,0.11834656708206452,0.13553970799185752
real:high:65:474,65,high,B4,2087.0,8,low,core,0.9999999996736765,0.26207222451146056,0.1645753993555135,0.1767427550495213,0.126971114255077,0.38945556762530126
real:high:65:475,65,high,B4,3497.0,5,mid,early,0.9999999996770914,0.41335018475924507,0.12078936082856787,0.3894899468614982,0.052218673091049224,0.25788509322566705
real:high:65:476,65,high,B4,3057.5,11,mid,late,0.9999999997636012,0.4388091084182583,0.5006616912611362,0.5001319132657902,0.31165188377440817,0.26081075404912685
real:high:65:477,65,high,B6,3847.5,6,mid,core,0.9999999997064417,0.4631971419377791,0.10353948108215659,0.4832401025878551,0.18717296729043226,0.22618922758710233
real:high:65:478,65,high,B6,2639.5,8,low,core,0.9999999997786263,0.31168875961347364,0.0898989564153016,0.197293248417342,0.10646088063727921,0.11592662897937478
real:high:65:479,65,high,B2,7919.5,6,high,core,0.9999999994390238,0.5468040814693998,0.4439755419213479,0.45095843003219754,0.2646649848525487,0.5129063723648439
real:high:65:480,65,high,B4,2845.5,6,low,core,0.9999999996425333,0.41843761598934465,0.0261526895212269,0.4664704686309864,0.2845727865089817,0.08523534879102448
real:high:65:481,65,high,B2,3039.0,8,mid,core,0.9999999994989244,0.3067402029887741,0.03454112747295757,0.20312690236654435,0.10312742725944551,0.09469811385814288
real:high:65:482,65,high,B2,3459.0,7,mid,core,0.9999999996528858,0.3979472276130805,0.09068116665592729,0.354223199537425,0.14767776548352993,0.19687339722639124
real:high:65:483,65,high,B2,2421.5,7,low,core,0.9999999997162531,0.2493414090808969,0.04853822298564861,0.14739348751123385,0.05428649924948,0.135326883757392
real:high:65:484,65,high,B8,3575.0,8,mid,core,0.9999999996008968,0.5293282703725918,0.33613873924358956,0.5419181408774848,0.30437080202380407,0.2752615181139514
real:high:65:485,65,high,B6,4974.5,11,mid,late,0.9999999997118436,0.4058589867598153,0.4803888527642633,0.4630203024147341,0.23382063696411295,0.24424676884850302
real:high:65:486,65,high,B4,3539.5,7,mid,core,0.9999999996693757,0.4833990025228891,0.37355891164840616,0.5135620596437959,0.25678888043292997,0.3287062089590985
real:high:65:487,65,high,B2,1774.0,8,low,core,0.9999999996179718,0.22297433246360315,0.04195770228824337,0.1225349268201075,0.06174771216138137,0.21327420720935647
real:high:65:488,65,high,B6,3159.5,7,mid,core,0.9999999998642887,0.3607667991735053,0.07094671347751874,0.2985678291260318,0.14575404760524244,0.18836239956555517
real:high:65:489,65,high,B4,4259.5,7,mid,core,0.9999999999294575,0.5112222561413138,0.34267819209652534,0.6447719299135589,0.6476269854587422,0.6217308903427211
real:high:65:490,65,high,B2,2802.5,8,low,core,0.999999999604405,0.29378176337289363,0.12106194858789583,0.18376356191657614,0.1162504387857734,0.17536753038136538
real:high:65:491,65,high,B4,2836.0,6,low,core,0.9999999996834393,0.31971690627656085,0.015991132359490918,0.22548157477974926,0.0617626390677289,0.15196815297944377
real:high:65:492,65,high,B2,8211.0,7,high,core,0.9999999995677302,0.4967903843836448,0.5234267507686466,0.3318801572730699,0.20360097789164436,0.4871682363761275
real:high:65:493,65,high,B8,2340.5,7,low,core,0.9999999997200727,0.2524825396165614,0.010921183689189736,0.16557183910621814,0.057723288147060695,0.19536305918335836
real:high:65:494,65,high,B6,4228.0,7,mid,core,0.9999999999274051,0.528040595187574,0.6051411869969132,0.556769281478579,0.32916800348686365,0.5775366981352865
real:high:65:495,65,high,B2,3745.5,7,mid,core,0.9999999997277234,0.461671507731248,0.2782703637359096,0.44599677412001487,0.2043128609735378,0.19452115668315673
real:high:65:496,65,high,B2,4008.5,6,mid,core,0.9999999992402909,0.5104492989773295,0.14657971009374451,0.58681066997517,0.25346771233073184,0.30593876239130585
real:high:65:497,65,high,B2,2646.0,8,low,core,0.9999999996417915,0.2828504722770842,0.13478905380174516,0.1569652664784229,0.0916202101755809,0.23979991211252077
real:high:65:498,65,high,B4,3171.5,10,mid,late,0.9999999998595436,0.4703020401468612,0.06289038891297886,0.47346719603940496,0.28419464413320716,0.10752074476404763
real:high:65:499,65,high,B4,3171.5,8,mid,core,0.9999999996872198,0.4913884865897799,0.23635879314846317,0.4827320176063152,0.3252043424150287,0.304841669831607
real:low:44:0,44,low,B6,3487.0,7,mid,core,0.999999999643664,0.4652590036594034,0.2143087633616423,0.46762379144568306,0.23578134773599596,0.21926050031600297
real:low:44:1,44,low,B6,3740.5,6,mid,core,0.9999999999411021,0.5171461475500292,0.1283310937109525,0.6336514424587559,0.287201226611499,0.3158349554405993
real:low:44:2,44,low,B2,2805.5,7,low,core,0.9999999997713256,0.26613239858102794,0.03344263773392606,0.16610202455391682,0.0648266243952596,0.1211481228245859
real:low:44:3,44,low,B6,3795.0,10,mid,late,0.999999999687196,0.45059046710044426,0.2897953228415077,0.5311185549845748,0.3568763125699225,0.28597876809434863
real:low:44:4,44,low,B2,7716.5,6,high,core,0.9999999991528008,0.5791714253014686,0.6689427307003943,0.5059973170947815,0.257675990227449,0.42622878062285663
real:low:44:5,44,low,B2,2022.5,8,low,core,0.9999999997127127,0.2605593440173494,0.21222254879012697,0.1543514062056114,0.09811711105590806,0.3290866029169626
real:low:44:6,44,low,B2,3467.5,6,mid,core,0.9999999998138527,0.35305035216322894,0.024521606857786718,0.2837333982401528,0.09419416896716,0.12998525797698404
real:low:44:7,44,low,B2,3350.5,6,mid,core,0.9999999998208392,0.38501629425212186,0.020630378637011247,0.33058123630995434,0.1277419562015159,0.13018570465592308
real:low:44:8,44,low,B2,4560.0,5,mid,early,0.9999999999033653,0.5338855245316885,0.7777295101480531,0.3266877511718285,0.08534790524373784,0.38433340251055403
real:low:44:9,44,low,B2,8020.5,7,high,core,0.0,0.39383627234537966,0.5700957172685817,0.35927890708331783,0.001449400206969763,0.2858092287837313
real:low:44:10,44,low,B4,1604.5,8,low,core,0.9999999995750168,0.2202654567753121,0.09483111911084567,0.15965419362172725,0.07528655735296685,0.2353626591368585
real:low:44:11,44,low,B2,7950.5,6,high,core,0.9999999995451743,0.5537404556474025,0.5900023768966782,0.4540941287746661,0.22628945720886978,0.49767367515086836
real:low:44:12,44,low,B4,5497.0,5,mid,early,0.9999999992850968,0.5469561660051022,0.8026030316334491,0.7355643938401952,0.5036453478450685,0.5231732591931996
real:low:44:13,44,low,B2,2392.0,7,low,core,0.999999999680658,0.24762534107286105,0.0505176579427322,0.14285551010164968,0.053153936304919464,0.13038375725252963
real:low:44:14,44,low,B2,8983.0,6,high,core,0.0,0.5810240625912445,0.5454019389766753,0.4357711926839961,0.2117520124865101,0.38965287898421896
real:low:44:15,44,low,B6,2701.0,9,low,core,0.9999999995701431,0.3221125634538238,0.14508892779109833,0.22408777135027533,0.12182837772624709,0.1472869375364315
real:low:44:16,44,low,B4,3590.0,6,mid,core,0.9999999995920634,0.5034712207003351,0.18491130483364285,0.5580436918223113,0.18215158447967672,0.1682949416369107
real:low:44:17,44,low,B4,4266.0,4,mid,early,0.9999999998480875,0.5017018121132314,0.8250143135113817,0.24077080715706284,0.05310781111700271,0.44666675729671024
real:low:44:18,44,low,B2,4078.5,6,mid,core,0.9999999997815389,0.46970470588121166,0.14428155766118564,0.43496648179268566,0.1421351558965278,0.20824431634356969
real:low:44:19,44,low,B2,4052.5,10,mid,late,0.99999999967276,0.4392066761714389,0.2173119907893654,0.5962346066903936,0.3112841038828815,0.23186423461938038
real:low:44:20,44,low,B6,1663.0,11,low,late,0.9999999997030723,0.23996713643769987,0.05247919301013429,0.09142101030231432,0.08086595482872862,0.10500656167545891
real:low:44:21,44,low,B2,5723.0,6,mid,core,0.9999999997125332,0.5425888217379271,0.3828793392023629,0.6920307229293506,0.6602179339803933,0.5780946244856611
real:low:44:22,44,low,B2,5331.0,6,mid,core,0.9999999997526828,0.5491168136073104,0.16415130302640543,0.7128522279508306,0.6365584887416613,0.48424448530751796
real:low:44:23,44,low,B2,3749.5,6,mid,core,0.9999999997481074,0.42840497749562595,0.10542791036195705,0.3906890151769946,0.13540896508120834,0.1977243967965243
real:low:44:24,44,low,B2,2327.5,7,low,core,0.9999999997018356,0.2479471145565781,0.14318299278535168,0.1413416877948437,0.05916399053894364,0.1315652427723731
real:low:44:25,44,low,B2,5873.5,6,mid,core,0.9999999996842269,0.5561284799242271,0.5692365018120862,0.730861880533478,0.639674292522774,0.7027088397057606
real:low:44:26,44,low,B6,2263.0,7,low,core,0.9999999997308558,0.2231246145881523,0.03680741120513868,0.13140544049537284,0.048262564785652926,0.1380598459580146
real:low:44:27,44,low,B4,4456.5,6,mid,core,0.999999999842392,0.5880060172639743,0.2366529904563024,0.659893750304941,0.42973057513551566,0.3974954214702196
real:low:44:28,44,low,B2,4582.0,6,mid,core,0.9999999999449725,0.583576455948122,0.32415485941435584,0.6726927600981901,0.3429600200669347,0.36188375067586975
real:low:44:29,44,low,B4,2001.5,11,low,late,0.9999999995455494,0.2718667493061939,0.06574946887873225,0.11518656564379172,0.13569436235048118,0.15838867719993407
real:low:44:30,44,low,B2,7153.0,7,high,core,0.9999999996862062,0.5337310438917662,0.35410613228905957,0.47716870028462194,0.32111844696838715,0.3984503785502936
real:low:44:31,44,low,B2,8901.0,6,high,core,0.9999999995859186,0.5596100671744916,0.5592416672137198,0.3954169583941117,0.18805636380706187,0.3915767978838205
real:low:44:32,44,low,B4,3474.5,5,mid,early,0.9999999995526139,0.46713873721579324,0.10551919162292493,0.383234530479724,0.06081920589942397,0.16173795405386662
real:low:44:33,44,low,B2,7151.5,7,high,core,0.9999999996728052,0.528655649368916,0.5537513445639991,0.45115074859688725,0.3110610364925635,0.498688417205133
real:low:44:34,44,low,B6,3120.0,10,mid,late,0.9999999995912134,0.4171773396082791,0.09712696270427967,0.3149777753068333,0.26643009828189845,0.20200584398748758
real:low:44:35,44,low,B2,6301.5,6,high,core,0.9999999996627347,0.5643738199286125,0.8153181127540385,0.6195182681705363,0.4915021680522428,0.6081643731433738
real:low:44:36,44,low,B2,6440.5,7,high,core,0.999999999721399,0.4910389518518009,0.3752456573859062,0.4562164250994355,0.3614197746717771,0.6479779674848211
real:low:44:37,44,low,B8,1685.0,8,low,core,0.999999999869352,0.22105875165443936,0.03998660469452677,0.14939562454567745,0.07104472511911747,0.16488069387359103
real:low:44:38,44,low,B4,3094.0,7,mid,core,0.9999999995464877,0.3873706807880816,0.04617969192725325,0.3405220375953148,0.15951079719612385,0.20931273126592093
real:low:44:39,44,low,B2,3262.0,6,mid,core,0.9999999999348202,0.3746141072046123,0.01301125647959857,0.2951579796818834,0.11115135751166874,0.2642464365212182
real:low:44:40,44,low,B2,6798.0,4,high,early,0.0,0.6017227245504719,0.9236970163290783,0.21005276635737885,0.037650707615231295,0.636235784040045
real:low:44:41,44,low,B4,4404.5,6,mid,core,0.9999999999922607,0.5572962943145914,0.2257506489106383,0.7067115783824505,0.46382394414872274,0.41015843390753864
real:low:44:42,44,low,B8,5857.0,7,mid,core,0.9999999996533423,0.46857378453075804,0.46151450495480045,0.4455181610232711,0.46895086687059606,0.7311694208550241
real:low:44:43,44,low,B2,5064.0,7,mid,core,0.9999999999481792,0.5173496069566581,0.36702076884816076,0.6403355011634407,0.5604658395789704,0.6158952071758692
real:low:44:44,44,low,B2,2393.0,7,low,core,0.999999999814791,0.23363826325064807,0.04757916031179386,0.15223991616628008,0.05301582882550176,0.15117162034900228
real:low:44:45,44,low,B2,3945.5,6,mid,core,0.999999999388661,0.4626508211396692,0.16684180602581322,0.4860422314709317,0.1720575904593167,0.21989177710517638
real:low:44:46,44,low,B2,5760.0,6,mid,core,0.9999999997151459,0.5430217338308494,0.5918165854483185,0.710284596059637,0.6226644132233085,0.7092851364366114
real:low:44:47,44,low,B2,4697.5,5,mid,early,0.0,0.0471199421683813,0.0217852343454501,0.004283461827804819,0.005697577582939266,0.14641880842050053
real:low:44:48,44,low,B2,5917.0,6,mid,core,0.9999999998584175,0.5619456512373061,0.755426267509846,0.6706738495242136,0.45347758083721257,0.4927022954434943
real:low:44:49,44,low,B4,3510.5,5,mid,early,0.9999999996333249,0.4943915582142481,0.09738059796376125,0.5139621028754031,0.12362547626412482,0.1408704670751773
real:low:44:50,44,low,B2,3136.5,7,mid,core,0.9999999998421499,0.3462042827677775,0.18070476010869338,0.22548793203566964,0.1261157125568138,0.30875234120205247
real:low:44:51,44,low,B2,2222.5,7,low,core,0.9999999997167527,0.21956209766905035,0.06633646483414599,0.13187922068440985,0.04696208029375804,0.17855411132793494
real:low:44:52,44,low,B4,3902.5,11,mid,late,0.9999999998589033,0.3757311818383211,0.19330489400317902,0.48884089572690165,0.16438116247757503,0.13957806598520114
real:low:44:53,44,low,B2,4242.0,6,mid,core,0.9999999996256033,0.49977017555554304,0.17874439658501848,0.5477899539489491,0.21027011877506857,0.2802521689434335
real:low:44:54,44,low,B2,5131.0,5,mid,early,0.9999999998284833,0.567256564083587,0.5597660987771779,0.6510020669568224,0.3130908135464542,0.46109117687011886
real:low:44:55,44,low,B4,3925.5,11,mid,late,0.9999999998160879,0.3903547645563085,0.25533441295991843,0.48877107404261605,0.15942318370171438,0.15658784803287185
real:low:44:56,44,low,B2,6748.5,5,high,early,0.9999999993584201,0.5512876796239206,0.7406966693427158,0.6045161378465489,0.32632002396475873,0.5186964329025898
real:low:44:57,44,low,B4,2333.0,7,low,core,0.9999999997206717,0.27341043799830606,0.008996230157886016,0.1834483632937903,0.08363234325399319,0.23742031197118837
real:low:44:58,44,low,B4,2075.0,6,low,core,0.9999999996427419,0.18871402629056588,0.010406933254374442,0.10630065901708907,0.014463607618421111,0.1405490155974887
real:low:44:59,44,low,B2,1710.0,8,low,core,0.9999999995995875,0.21163560390618794,0.02889940221598983,0.12925845563289032,0.056569342862746924,0.1854977465694284
real:low:44:60,44,low,B2,3358.0,6,mid,core,0.9999999998565969,0.36687929833271943,0.01182829471849939,0.3142823236292794,0.07367255890440466,0.10039828250650193
real:low:44:61,44,low,B2,5230.0,5,mid,early,0.9999999996801279,0.6324118464086892,0.9114740452814161,0.5436512547285864,0.2244124745349764,0.6662524961013759
real:low:44:62,44,low,B6,4604.5,6,mid,core,0.9999999999778728,0.5494339646273593,0.39871691280802113,0.5956832377478312,0.3052191074666576,0.399426799330989
real:low:44:63,44,low,B2,1515.5,8,low,core,0.9999999997852785,0.19271087280204335,0.026010538277922105,0.13174511058339125,0.04380413697172501,0.14159235181623941
real:low:44:64,44,low,B2,2283.5,8,low,core,0.9999999996336787,0.23681350687541045,0.05433247256747375,0.1362336081156376,0.0557519650574854,0.15322512677901193
real:low:44:65,44,low,B2,5492.5,4,mid,early,0.9999999994063974,0.621684609478421,0.9564495062471328,0.47606842592720156,0.1740595714295499,0.65295338102126
real:low:44:66,44,low,B2,4620.0,5,mid,early,0.999999999925148,0.5458503363269167,0.8712186382882328,0.49556285594178495,0.13770960244745822,0.4520187707887168
real:low:44:67,44,low,B2,4570.5,5,mid,early,0.9999999998089494,0.5638031463002278,0.4450636402667374,0.6243447983506596,0.2342502018633234,0.32338550340735406
real:low:44:68,44,low,B2,7722.5,6,high,core,0.9999999996099512,0.5628268329279091,0.6389220976191257,0.4848406989611592,0.2399218487806349,0.4874164678044332
real:low:44:69,44,low,B4,2544.0,8,low,core,0.9999999997918523,0.31483946302883614,0.18153377931313686,0.1899743393850028,0.15272072336627593,0.3458912226555946
real:low:44:70,44,low,B6,2179.5,7,low,core,0.999999999733335,0.22242962331831523,0.04964231371016821,0.14329541995863382,0.051636651131290914,0.1437934784948819
real:low:44:71,44,low,B2,4361.0,4,mid,early,0.9999999996797428,0.41324600272514067,0.5991501585965492,0.10429971441923758,0.008272888521477504,0.27415201104251413
real:low:44:72,44,low,B2,9048.5,6,sat,core,0.9999999996341012,0.5496967028861346,0.5217760256579973,0.3395309164049212,0.177303004154902,0.41866962606245595
real:low:44:73,44,low,B2,1855.0,8,low,core,0.9999999996002648,0.21512207543998782,0.031767982118492466,0.12457431665469251,0.05643365899031432,0.17613130945745847
real:low:44:74,44,low,B4,3902.0,8,mid,core,1.0,0.5613003496021352,0.364658467569761,0.6523970146122449,0.5102674401699082,0.46363192515372764
real:low:44:75,44,low,B2,6498.5,6,high,core,0.9999999997649002,0.5924433590817387,0.5568829259410648,0.6518536815233279,0.4495027574679809,0.5084445028383802
real:low:44:76,44,low,B2,6669.0,6,high,core,0.9999999995299096,0.5514622331948339,0.4423594085338372,0.5846968252835258,0.4351825376072938,0.6099191539460844
real:low:44:77,44,low,B2,3194.5,6,mid,core,0.9999999997997061,0.3519494235965016,0.011653989746947415,0.2647293071775501,0.07016448728573847,0.16428244719424343
real:low:44:78,44,low,B4,3177.0,10,mid,late,0.9999999996913275,0.4741685623930389,0.24994542945529435,0.5861364803620791,0.3236348864175496,0.15993594774793368
real:low:44:79,44,low,B2,3085.0,6,mid,core,0.9999999998823892,0.330779615744205,0.014459568172775439,0.2601795532104353,0.08743723126816567,0.1658781477027387
real:low:44:80,44,low,B4,4076.5,11,mid,late,0.9999999997832548,0.38278428874512144,0.1685520223181282,0.47538021158741484,0.17650118719368002,0.1472311039092683
real:low:44:81,44,low,B2,1778.5,7,low,core,0.9999999997981132,0.1981674955753946,0.0073193661779346695,0.14963197109027224,0.03454661635846831,0.14408602769324771
real:low:44:82,44,low,B4,2349.0,6,low,core,0.9999999996419149,0.22804215458012853,0.019457014741035467,0.14927771644190452,0.02965095932968325,0.1830430026443897
real:low:44:83,44,low,B2,6234.0,7,high,core,0.9999999997728193,0.5205888790472429,0.4086623795555128,0.5303024783764465,0.44219443694514027,0.5166826758793087
real:low:44:84,44,low,B2,5015.0,6,mid,core,0.999999999812256,0.56266732304947,0.19125861785162684,0.7228354571288902,0.590497609643573,0.541280249643854
real:low:44:85,44,low,B4,3134.0,9,mid,core,0.9999999997008595,0.4398374732143413,0.04850381863625468,0.3988780460881082,0.18260092860584248,0.19746793135995444
real:low:44:86,44,low,B2,3334.5,6,mid,core,0.9999999993402722,0.2864621047786477,0.010098420936078828,0.08163169759907067,0.05193918779593877,0.05080750957765497
real:low:44:87,44,low,B2,4504.0,7,mid,core,0.999999999589758,0.5568536876840869,0.23711597874954168,0.5936835361681803,0.3480638876062347,0.3944332901468649
real:low:44:88,44,low,B4,4963.0,11,mid,late,0.9999999993800573,0.3997916883596589,0.2850916760255604,0.41629035214301324,0.20803712371370472,0.29515475469454433
real:low:44:89,44,low,B6,2372.0,7,low,core,0.9999999996406299,0.20639818920267713,0.06344388735241152,0.135876183128526,0.03628960727481229,0.1346690634460398
real:low:44:90,44,low,B2,3990.0,5,mid,early,0.9999999996698355,0.4366417281959053,0.4818895454144742,0.29891163622159345,0.036010296209670216,0.2588371924897856
real:low:44:91,44,low,B6,2685.0,7,low,core,0.9999999997737882,0.2816190533987511,0.05739784450074813,0.1650331272560572,0.07301153049910752,0.2247056723670667
real:low:44:92,44,low,B2,9429.0,6,sat,core,0.9999999996187968,0.3679377864707278,0.37553524043882125,0.33556344048042946,0.25406712288395306,0.1942554532238206
real:low:44:93,44,low,B2,6946.0,5,high,early,0.9999999994822523,0.5579352577116888,0.918781506135123,0.5123884674933755,0.20902505938639268,0.6707536904763272
real:low:44:94,44,low,B4,3734.0,8,mid,core,0.9999999996888671,0.563795579846744,0.4191542731503121,0.6522539568621667,0.43818373240130043,0.44795937153045523
real:low:44:95,44,low,B2,5360.0,6,mid,core,0.9999999999484351,0.5797460513015344,0.46902754197303875,0.7042992498761983,0.5381396492720749,0.4618945930623178
real:low:44:96,44,low,B2,5949.5,6,mid,core,0.9999999996588733,0.5476213102090883,0.5120582080753545,0.687371188772356,0.6437750980411047,0.6879459743488695
real:low:44:97,44,low,B4,2633.5,10,low,late,0.9999999995668001,0.34339295193291314,0.07339016145681326,0.24441681607457652,0.18677552711193085,0.15652652190656807
real:low:44:98,44,low,B4,4740.0,6,mid,core,0.9999999997975176,0.5703544302792012,0.23166187526955992,0.7157847363020822,0.5737297576897976,0.42203812551320924
real:low:44:99,44,low,B2,7003.5,6,high,core,0.9999999994597505,0.5620630848375426,0.27547238731121937,0.5159127592841286,0.33912938099048606,0.5531901997907092
real:low:44:100,44,low,B6,5517.0,7,mid,core,0.9999999998788739,0.48565703611091227,0.48618716902408254,0.488479974217288,0.47868480896641913,0.696508900691085
real:low:44:101,44,low,B2,6591.0,6,high,core,0.9999999992919345,0.587034774217327,0.7331993682787372,0.6136995249862185,0.3504186287587395,0.5177738645597156
real:low:44:102,44,low,B2,4609.0,6,mid,core,0.9999999998874662,0.5516452498648391,0.3267059288205671,0.5956447180823807,0.2404399996899934,0.2816146156389922
real:low:44:103,44,low,B6,2775.0,6,low,core,0.9999999997449425,0.24845381813034637,0.008874553194881072,0.16176424839536335,0.037343261692085454,0.09848124045943848
real:low:44:104,44,low,B2,3139.5,6,mid,core,0.9999999998070752,0.351047333241101,0.023450322984797285,0.26001992283064673,0.0573095208579491,0.12876130113698867
real:low:44:105,44,low,B2,5325.5,6,mid,core,0.9999999998986051,0.5868308555646203,0.3848093010714994,0.6291336199213643,0.3849877358586872,0.43498752612844305
real:low:44:106,44,low,B6,2436.0,6,low,core,0.9999999996682679,0.21927374694531687,0.01393324442552241,0.15282922077903366,0.028593193087408233,0.08506072748470545
real:low:44:107,44,low,B6,3463.5,6,mid,core,0.9999999997173535,0.4197216133076368,0.04064457413811001,0.3904392934314928,0.11767915078518985,0.19348226018429937
real:low:44:108,44,low,B2,5534.5,6,mid,core,0.9999999997165366,0.5475057136091669,0.30121924529143046,0.6731297238641256,0.6106598030164101,0.5721764035694503
real:low:44:109,44,low,B2,3185.5,8,mid,core,0.9999999997561295,0.40615409135986585,0.08431331635660495,0.32901183936124684,0.1738904599483308,0.18465402046576226
real:low:44:110,44,low,B2,6615.5,7,high,core,0.999999999703099,0.5105006258429814,0.6446931292661493,0.47687150627392116,0.35695784561437993,0.5373318373275855
real:low:44:111,44,low,B2,6441.5,6,high,core,0.9999999990683587,0.2082238951902089,0.09095607558123803,0.08401775002588446,0.017585451499064875,0.13916402038662784
real:low:44:112,44,low,B2,2644.0,6,low,core,0.0,0.101067985506309,0.004267158323816294,0.01619752379101904,0.0018978692224477286,0.03716837495996269
real:low:44:113,44,low,B4,3238.5,8,mid,core,0.9999999996723401,0.48651570134884725,0.22640956054370337,0.47661943573222265,0.3011256203159374,0.32177331480010124
real:low:44:114,44,low,B4,5453.0,11,mid,late,0.9999999994187677,0.4131906924805619,0.2746357116185987,0.4568766053812261,0.24762540236977965,0.2562274689633604
real:low:44:115,44,low,B2,5816.0,5,mid,early,0.9999999997533621,0.5690184736418135,0.960286353532072,0.6223337388668444,0.2548916526962877,0.7139592141388169
real:low:44:116,44,low,B2,9067.0,6,sat,core,0.9999999995539218,0.5581501416251449,0.5046021375478225,0.3595867660271188,0.16978222434946538,0.3794757640556129
real:low:44:117,44,low,B2,4111.5,6,mid,core,0.9999999993255267,0.4875959533086058,0.09521079315326329,0.5412161498548265,0.21898263237964127,0.23727775197429307
real:low:44:118,44,low,B2,2929.0,7,low,core,0.9999999994691849,0.28581280121005814,0.1329683977990683,0.16248088965015584,0.08606185333672775,0.22930088380564329
real:low:44:119,44,low,B2,5165.0,6,mid,core,0.9999999998282143,0.5979340083678035,0.6277542356707286,0.658460526805701,0.3654144146004364,0.43108854589520823
real:low:44:120,44,low,B2,8506.0,5,high,early,0.0,0.5637017452118788,0.8181605995304304,0.4801250659398651,0.13633233114078663,0.4296512490974581
real:low:44:121,44,low,B2,3740.0,7,mid,core,0.9999999992575069,0.5108131430824161,0.07912523120857781,0.583543604368941,0.2816162399673576,0.16394881693616206
real:low:44:122,44,low,B6,1864.0,9,low,core,0.9999999996616493,0.2462817933717726,0.09708814975119137,0.1763843799029025,0.07664201669584395,0.13844629737161174
real:low:44:123,44,low,B2,5848.5,5,mid,early,0.9999999997631246,0.5646022717150381,0.8770514612073917,0.6002352710300544,0.170122554070199,0.6270572761501441
real:low:44:124,44,low,B2,4349.0,6,mid,core,0.9999999997887213,0.537066565914791,0.1967897450694588,0.5860211120820638,0.21815957689448082,0.28450627086450403
real:low:44:125,44,low,B2,9006.0,5,sat,early,0.0,0.5816495101929602,0.7670172174875068,0.416657091625514,0.09465700922553649,0.4533782150674873
real:low:44:126,44,low,B2,3145.5,12,mid,late,0.999999999778829,0.3896455173293836,0.12767641274743727,0.3013921557666886,0.18103420693434305,0.11777262647826182
real:low:44:127,44,low,B4,3907.5,5,mid,early,0.9999999998621374,0.5087639646935234,0.30661297405866106,0.6034745403767205,0.18789193162242193,0.2872118747725328
real:low:44:128,44,low,B2,2546.5,8,low,core,0.999999999615019,0.280818684354161,0.03190916794843302,0.15655669594490357,0.08252387549989632,0.11759272439207896
real:low:44:129,44,low,B4,5536.0,5,mid,early,0.0,0.5939451596681516,0.9332831161256017,0.5010142476510633,0.137349694294911,0.5327834160608378
real:low:44:130,44,low,B2,2705.5,7,low,core,0.9999999997305318,0.24925609360970094,0.055879843548391095,0.151723839449612,0.05207995520471281,0.15060104577361363
real:low:44:131,44,low,B4,4221.0,7,mid,core,0.9999999998137348,0.5356678872407267,0.43926427115243183,0.6509869030090134,0.5040336322269722,0.5374710036259451
real:low:44:132,44,low,B4,4249.5,4,mid,early,0.9999999998154456,0.4768474652038126,0.887785521009332,0.13427339384461823,0.018780446219250516,0.46141825935712416
real:low:44:133,44,low,B8,2706.5,7,low,core,0.99999999981698,0.3153769796332338,0.37149406732573403,0.22001450722987795,0.13196380613834927,0.2929917186480662
real:low:44:134,44,low,B6,2603.5,6,low,core,0.9999999997089795,0.2790719938581233,0.011532660372906439,0.1842358452035967,0.05281251363599332,0.18760195518277933
real:low:44:135,44,low,B2,7054.5,7,high,core,0.0,0.3719246566800569,0.3897066245869824,0.5093604398989162,0.0014130140227324446,0.3718657115474494
real:low:44:136,44,low,B4,2165.5,7,low,core,0.9999999996904306,0.2619439625863757,0.11049435927408036,0.1543905204075103,0.07215471846460288,0.21908909704107302
real:low:44:137,44,low,B2,5761.5,6,mid,core,0.9999999997408288,0.5662849017167703,0.5130894304429243,0.7101199529205042,0.5627997331722597,0.5851821643443453
real:low:44:138,44,low,B4,3690.0,6,mid,core,0.999999999795457,0.4969505221430616,0.0890368433953945,0.5895565373573871,0.2400686219524289,0.2760878206242309
real:low:44:139,44,low,B4,2699.0,7,low,core,0.9999999996248727,0.27666810195158903,0.1345873298184084,0.17449831021870776,0.08125869212057138,0.18336084774407285
real:low:44:140,44,low,B2,2062.5,5,low,early,0.9999999995589071,0.1650655827607209,0.011370931437780191,0.08409587298920249,0.006049498752965109,0.06823329938820762
real:low:44:141,44,low,B2,7835.5,6,high,core,0.999999999461554,0.5395244592489397,0.3809466900197772,0.42836869770142877,0.23965731739427523,0.5592733239188376
real:low:44:142,44,low,B2,4783.0,6,mid,core,0.9999999994946215,0.3814863976467207,0.022381474195862554,0.21854676343017038,0.1396844985152568,0.1727351539988492
real:low:44:143,44,low,B2,4417.0,6,mid,core,0.9999999994928267,0.5147088184265401,0.20677215754182482,0.5501403010010792,0.2091514767372569,0.3571363216900864
real:low:44:144,44,low,B2,6563.5,6,high,core,0.9999999996760295,0.5500735124820911,0.5292747745890223,0.692184208735985,0.6570965265465223,0.609574008728062
real:low:44:145,44,low,B2,4494.0,7,mid,core,0.999999999596415,0.5695169882506823,0.26192412310224555,0.6178469460622743,0.3808636141033846,0.3944332901468649
real:low:44:146,44,low,B4,3096.5,7,mid,core,0.9999999994077767,0.37730859982528825,0.036585982013988105,0.3308027440092969,0.14402825906561004,0.19795117218378933
real:low:44:147,44,low,B2,6273.5,6,high,core,0.9999999997953076,0.5674623447789101,0.7713439251932885,0.6526123510968408,0.4912757316955095,0.5300258968438313
real:low:44:148,44,low,B2,8861.5,6,high,core,0.999999999634602,0.5596195328951105,0.5809063985352582,0.365857367954379,0.18744121469887487,0.47468234789614727
real:low:44:149,44,low,B2,3455.5,6,mid,core,0.9999999997165667,0.3967488704919524,0.017230338361840864,0.3568237356639535,0.10404594847205145,0.1388746182041753
real:low:44:150,44,low,B2,3256.5,6,mid,core,0.999999999794622,0.3382603201111648,0.02942849956943289,0.22145798468883424,0.03971811684857505,0.10039828250650193
real:low:44:151,44,low,B2,9087.5,5,sat,early,0.0,0.4359704683193325,0.3255973799699537,0.2556463279194181,0.011840248604841735,0.2894501261186836
real:low:44:152,44,low,B2,1712.5,6,low,core,0.9999999996072361,0.1450713207735282,0.005992377828700798,0.1088211012418688,0.016604266228673097,0.05850523822442387
real:low:44:153,44,low,B2,8628.5,5,high,early,0.0,0.5838609823844145,0.9266342364208197,0.47104086200192596,0.19794556686467726,0.527126164491101
real:low:44:154,44,low,B2,9319.0,4,sat,early,0.0,0.3477187483323725,0.8139138504378449,0.17984446994184725,0.026940084803806344,0.279568921421536
real:low:44:155,44,low,B2,5247.5,6,mid,core,0.9999999997793275,0.5518238592093123,0.1752176826140457,0.7274454085554365,0.6657759722099658,0.5363340725524662
real:low:44:156,44,low,B2,6940.5,6,high,core,0.9999999997216543,0.5926468464455825,0.6665132448668863,0.5800626131364857,0.3631771015340601,0.5028258071238046
real:low:44:157,44,low,B2,3323.5,7,mid,core,0.9999999996284628,0.3877307927268791,0.035399825420327824,0.33823788789333725,0.15766691954487388,0.1492227333850893
real:low:44:158,44,low,B2,7820.5,5,high,early,0.0,0.5664363898810092,0.9179472473354006,0.46298112660077423,0.1580516671878603,0.6746497306727851
real:low:44:159,44,low,B6,2806.5,8,low,core,0.9999999998249833,0.3410722180874764,0.06462144537265499,0.22520772192395924,0.11777119914369079,0.12347736760371786
real:low:44:160,44,low,B6,2498.5,7,low,core,0.9999999997510299,0.2634984406025887,0.07546346811953568,0.1536373769124326,0.06238928089429159,0.1500578015641704
real:low:44:161,44,low,B2,2267.0,7,low,core,0.9999999996819571,0.24384934474799552,0.008165096841204617,0.17581632437770287,0.06130879172068308,0.16849003525793035
real:low:44:162,44,low,B2,4632.0,6,mid,core,0.9999999996637281,0.5701507547290049,0.183529381590199,0.6542605573984135,0.3969357175729482,0.4374722451671549
real:low:44:163,44,low,B4,2984.5,6,low,core,0.9999999996968046,0.3236959791530029,0.009743750582984968,0.24572035842161705,0.07469447584244988,0.14089621931958407
real:low:44:164,44,low,B4,1610.5,8,low,core,0.9999999997088854,0.1956125394471767,0.026335361863727865,0.13596476983087546,0.049543140430928154,0.1446080707855655
real:low:44:165,44,low,B8,6953.5,7,high,core,0.9999999996654629,0.4968822569760254,0.47165730673868034,0.36401874489591163,0.24001874866216089,0.5526375042056415
real:low:44:166,44,low,B2,7278.5,6,high,core,0.9999999994824721,0.5399160331830262,0.38139374700834205,0.4630853825452342,0.2648633935538183,0.53279015166434
real:low:44:167,44,low,B2,8549.0,6,high,core,0.0,0.3299758545766432,0.6482097662375763,0.41445507743333904,0.1999431879839651,0.18823574417051345
real:low:44:168,44,low,B8,4246.5,10,mid,late,0.999999999427556,0.40128906662183444,0.13623649705961452,0.46295590881838616,0.2602232969959581,0.26256791361676257
real:low:44:169,44,low,B4,3865.0,5,mid,early,0.9999999998641138,0.5160994120115787,0.3176906183596453,0.6193973941434593,0.18289031318808277,0.26712323370335694
real:low:44:170,44,low,B8,2352.0,4,low,early,0.0,0.19008390387449212,0.01249852867003844,0.033615246667379965,0.0012662518252703756,0.04260089142973211
real:low:44:171,44,low,B4,4877.0,5,mid,early,0.9999999997409195,0.5925344589619103,0.9155536698965993,0.5608525278287234,0.16820233732136852,0.5393682004097534
real:low:44:172,44,low,B2,6522.5,6,high,core,0.9999999997668378,0.5842539561482265,0.6312352954400492,0.6049125841682006,0.3889156447148863,0.5028258071238046
real:low:44:173,44,low,B2,3281.5,8,mid,core,0.9999999996002708,0.3840634861158249,0.050483045529387635,0.31439984370358376,0.16540166868044628,0.21967455152881582
real:low:44:174,44,low,B2,5079.5,6,mid,core,0.9999999999745827,0.6049115008222439,0.4840446640616714,0.7458309030539099,0.5954159592494047,0.5031950495634785
real:low:44:175,44,low,B2,6070.0,6,high,core,0.9999999997291456,0.5384748214228974,0.7500047446792661,0.6499867325982316,0.4653354662993875,0.6783444189634598
real:low:44:176,44,low,B4,4496.0,7,mid,core,0.9999999998033704,0.5300910858455622,0.3761048417758151,0.7031931570273786,0.7077819273110716,0.5224655874889276
real:low:44:177,44,low,B2,3010.0,6,mid,core,0.9999999998385667,0.3266523043853927,0.017177548942270783,0.23416025676472765,0.056814702442103945,0.13714014494150323
real:low:44:178,44,low,B2,5807.0,5,mid,early,0.9999999997570412,0.5565915208733637,0.8504563513465484,0.6657100468196627,0.3797226001641514,0.42573633602576083
real:low:44:179,44,low,B4,4313.0,5,mid,early,0.9999999999522092,0.5737393601842419,0.4324470354995671,0.6886450330604315,0.33145083151859694,0.3822059949846719
real:low:44:180,44,low,B2,4795.0,7,mid,core,0.999999999914571,0.5539338836507296,0.11619706040532023,0.6511348963367645,0.47887975009491374,0.35187038277422605
real:low:44:181,44,low,B2,5234.5,6,mid,core,0.9999999998062076,0.5713092631760815,0.39321991589143135,0.619221487830711,0.36765577164095076,0.4812702656200743
real:low:44:182,44,low,B2,7757.5,6,high,core,0.999999999513376,0.5607011684100636,0.6326873359936569,0.47432857509012116,0.24955091479555203,0.5205966595022729
real:low:44:183,44,low,B2,6398.5,6,high,core,0.9999999996209646,0.5465631400261947,0.701719583337912,0.5835807737148728,0.46616311155583773,0.6824966240521115
real:low:44:184,44,low,B4,1529.5,7,low,core,0.9999999996589602,0.1795754380899365,0.015470636241616154,0.12398659198710565,0.03848460402476396,0.12331871944509759
real:low:44:185,44,low,B2,1622.5,6,low,core,0.999999999609577,0.15398929246571216,0.005597678779534981,0.12491379214753354,0.01686158579558946,0.05913152198158936
real:low:44:186,44,low,B4,4219.0,7,mid,core,0.9999999995509584,0.6820818869556805,0.382400718337945,0.9100086322888548,0.7834084523031776,0.6417576369902371
real:low:44:187,44,low,B2,3675.0,7,mid,core,0.9999999996558308,0.429284883975933,0.10542187743217671,0.3968521624046962,0.17414449120116687,0.1892533402169222
real:low:44:188,44,low,B2,3704.5,6,mid,core,0.9999999998360432,0.45890285784708856,0.05256172043438361,0.4399525587825286,0.1293505419605037,0.17756744289482265
real:low:44:189,44,low,B4,4240.5,7,mid,core,0.9999999997114041,0.5414261771594859,0.47664443686618674,0.6646805177804073,0.525851840843164,0.5409626869700931
real:low:44:190,44,low,B2,4506.5,7,mid,core,0.9999999998792192,0.5446463057276761,0.593149542855246,0.5813540009739695,0.35504600117768775,0.5283370569887896
real:low:44:191,44,low,B2,5644.0,7,mid,core,0.9999999999178666,0.5322609862359426,0.7249543897154037,0.6325792253461936,0.6031596573980994,0.6347354709311563
real:low:44:192,44,low,B2,3867.5,7,mid,core,0.9999999997223641,0.4712194275068933,0.27604265883661105,0.47073930972014927,0.22798626125190485,0.282765502910254
real:low:44:193,44,low,B2,4402.0,6,mid,core,0.9999999994993334,0.49655027241784583,0.24533263922966372,0.5217175265440179,0.19781753803532104,0.3653902462629596
real:low:44:194,44,low,B2,5257.0,5,mid,early,0.9999999998448463,0.5910414078886792,0.5882774119158243,0.6962536769079186,0.3972627097402529,0.4633136023940053
real:low:44:195,44,low,B2,3275.0,6,mid,core,0.9999999998847933,0.37472129373466434,0.016886004900295782,0.3028236828860363,0.0936010414275846,0.1685780050159186
real:low:44:196,44,low,B2,3183.0,6,mid,core,0.9999999999100857,0.33686943662390645,0.01863774848342774,0.26835839713122756,0.08497174261243827,0.153240629111821
real:low:44:197,44,low,B2,4212.0,6,mid,core,0.9999999996159037,0.5274329983356401,0.46681553448499324,0.5687222488462557,0.20012931686119495,0.2737228400728372
real:low:44:198,44,low,B6,3180.0,6,mid,core,0.9999999997787469,0.3364076281030212,0.014897473096518437,0.27096440991388565,0.09319079409228179,0.12075757116324488
real:low:44:199,44,low,B4,3133.5,9,mid,core,0.9999999997932124,0.4464722887435772,0.04843297305527739,0.3950738171630049,0.1926047787769238,0.19746793135995444
real:low:44:200,44,low,B2,5100.5,6,mid,core,0.9999999998311685,0.5778999762508601,0.1636800616648047,0.7680614397317594,0.6706422416008669,0.5775325353499258
real:low:44:201,44,low,B2,4620.0,7,mid,core,0.9999999998706539,0.5646134522799139,0.6060530344661716,0.606925920150221,0.4143773072676597,0.5275671619234724
real:low:44:202,44,low,B2,4910.0,7,mid,core,0.9999999999816784,0.5397466372086858,0.3089840011697398,0.669433247575006,0.5828250132352711,0.5448275776229223
real:low:44:203,44,low,B2,4833.0,7,mid,core,0.9999999999659998,0.5189786977469407,0.5025370521177869,0.6289607528493286,0.4932683278093918,0.5377553657786727
real:low:44:204,44,low,B8,5490.5,5,mid,early,0.0,0.5507958592423108,0.9504611127415166,0.6995613709648869,0.36581501942386657,0.7064047297768555
real:low:44:205,44,low,B2,4691.0,7,mid,core,1.0,0.5565963436986812,0.6163738182920174,0.6929831319194394,0.6277192751721292,0.5636349227914444
real:low:44:206,44,low,B2,3319.0,5,mid,early,0.9999999997192811,0.338481312071318,0.03900976241541715,0.14292907598196888,0.024081836203339133,0.14147943113206857
real:low:44:207,44,low,B2,8998.5,7,high,core,0.9999999995820507,0.5051109039283095,0.49605042051510545,0.28761005763893727,0.16218637897549848,0.47752789250461514
real:low:44:208,44,low,B2,3902.0,7,mid,core,0.9999999996494573,0.49731168717921953,0.33923935855086335,0.5095355067313345,0.28311936002815635,0.4135980722375961
real:low:44:209,44,low,B2,2756.0,6,low,core,0.9999999996499688,0.2347552895266851,0.014867287797981944,0.15287085664945183,0.02459766564102746,0.08055205096046389
real:low:44:210,44,low,B4,2838.0,7,low,core,0.999999999727367,0.326970872728646,0.037290637191352824,0.22802142880488915,0.1097964886856493,0.19489237039439689
real:low:44:211,44,low,B2,5192.0,5,mid,early,0.9999999998219508,0.5410486692357707,0.852949438659602,0.5114828496204938,0.12689680089889224,0.5628691965355691
real:low:44:212,44,low,B2,6257.5,6,high,core,0.9999999996669454,0.5623356039268758,0.7698645335718194,0.6812558343157575,0.547713277386083,0.6253328623594011
real:low:44:213,44,low,B4,3776.5,5,mid,early,0.9999999996602066,0.5162006565242184,0.6513383190206575,0.39209745335659013,0.06810384565663512,0.3086336922062685
real:low:44:214,44,low,B4,4054.0,5,mid,early,0.9999999999763126,0.5291902941169714,0.3155180238287598,0.6079950472642679,0.18607197083231455,0.36894577748232815
real:low:44:215,44,low,B2,4345.0,6,mid,core,0.9999999995315199,0.53002501164852,0.2695990353069497,0.6141029424463544,0.2866234549591292,0.40482511822289274
real:low:44:216,44,low,B4,3278.5,6,mid,core,0.9999999998603366,0.4551766633110605,0.05622492324821751,0.5044071822976464,0.16431297909762574,0.14135448704182968
real:low:44:217,44,low,B4,4669.5,7,mid,core,0.9999999997042914,0.5270943193938773,0.439596462157204,0.6714573562937866,0.6211909708674824,0.5542639366940032
real:low:44:218,44,low,B6,2575.5,9,low,core,0.9999999996940929,0.31644827152103727,0.10810737571604494,0.23568116727105975,0.11923718131207081,0.13880375744072848
real:low:44:219,44,low,B6,1868.5,8,low,core,0.9999999998281455,0.2221878033960127,0.13587257670920905,0.13818864484278648,0.05532960467775854,0.1453861954989041
real:low:44:220,44,low,B6,2595.0,8,low,core,0.9999999996291467,0.26699672357648047,0.06930530357982914,0.1431254692476015,0.07775834094018293,0.15638132789117762
real:low:44:221,44,low,B2,7648.5,7,high,core,0.9999999995519673,0.5044372200050596,0.5744949065259887,0.3772153848529787,0.22782612359991258,0.5957831504595575
real:low:44:222,44,low,B2,5726.5,6,mid,core,0.9999999998805195,0.5680349905731124,0.793456810340866,0.6468666427128589,0.3806644751983989,0.5148090746274319
real:low:44:223,44,low,B2,3565.5,7,mid,core,0.9999999995006277,0.4661089458113237,0.0415382101052222,0.4374870945203043,0.21297836245812676,0.11092419910515935
real:low:44:224,44,low,B4,5098.5,7,mid,core,0.9999999998287061,0.5487654668165184,0.25877032216479856,0.6567439399365788,0.6626456993198491,0.5384987668993554
real:low:44:225,44,low,B8,2725.0,10,low,late,0.9999999994507006,0.36040376231683036,0.07074410919620919,0.2644115526217182,0.2175094994932899,0.17509685141518258
real:low:44:226,44,low,B2,6392.5,6,high,core,0.9999999997782465,0.578130204967644,0.5904902537138981,0.6262272783290529,0.4011368700551947,0.5084445028383802
real:low:44:227,44,low,B2,2943.0,8,low,core,0.9999999997338547,0.34879791749260886,0.15972009333362702,0.2227178380726134,0.17460101924487484,0.3514124352243807
real:low:44:228,44,low,B4,2946.0,9,low,core,0.9999999996122702,0.36079283507234555,0.024755384045601972,0.2534854328518804,0.13538314103869908,0.15560223111971866
real:low:44:229,44,low,B2,6578.5,7,high,core,0.9999999997391406,0.5139158447363565,0.5787273664701761,0.49059750327340185,0.3531775846906355,0.5701305495707694
real:low:44:230,44,low,B2,2914.5,6,low,core,0.9999999996577185,0.2739318009329005,0.014550593179904175,0.19554561593293598,0.03827517302881641,0.09766186160521899
real:low:44:231,44,low,B2,7550.5,5,high,early,0.999999999585201,0.5654590662012343,0.7242338846016335,0.012242371073768037,0.2531486285602754,0.4011674401905294
real:low:44:232,44,low,B2,4966.5,6,mid,core,0.999999999757997,0.5549725135198714,0.11941733481226892,0.6161092256671875,0.4007412944079212,0.41808566063257846
real:low:44:233,44,low,B6,4437.0,5,mid,early,0.9999999999680679,0.48700774061532787,0.8579112151403687,0.48839523933279944,0.10418025426080743,0.4595879436978963
real:low:44:234,44,low,B2,6774.0,5,high,early,0.999999999481776,0.5568847133209864,0.910232656626226,0.524466817947379,0.22356081580199202,0.6532414011031977
real:low:44:235,44,low,B2,7882.0,6,high,core,0.9999999994955221,0.5394283260469688,0.567015582454765,0.40785345122042505,0.2049694190297264,0.5647365415215185
real:low:44:236,44,low,B6,2272.5,5,low,early,0.9999999996450694,0.16113192464602782,0.024921710445931715,0.05132792458105633,0.003131502270692736,0.06299393641455808
real:low:44:237,44,low,B2,5847.5,6,mid,core,0.9999999997776758,0.552287079761037,0.7224927144528975,0.6693643475476706,0.4394858703905178,0.5242930655454071
real:low:44:238,44,low,B4,2710.5,7,low,core,0.9999999997739262,0.323961022396235,0.08495932731927337,0.23660198515054556,0.12164752122874258,0.3149894077248864
real:low:44:239,44,low,B2,7002.0,6,high,core,0.9999999994817366,0.5503049964535428,0.2841394220259853,0.49887626657784,0.3073448811973842,0.5648691597643185
real:low:44:240,44,low,B2,4011.5,7,mid,core,1.0,0.5823364159317516,0.6718383632561585,0.7805099602403214,0.8024166905300745,0.6137561957068812
real:low:44:241,44,low,B2,1718.0,8,low,core,0.9999999996189519,0.19884453674971855,0.034703166472618584,0.11340027757296695,0.04840422208547024,0.1766254014913963
real:low:44:242,44,low,B2,7315.0,7,high,core,0.9999999994495572,0.5485682212097561,0.39109640017887065,0.45092879395832874,0.2865083508115041,0.404091176085675
real:low:44:243,44,low,B2,4688.0,7,mid,core,0.9999999999768845,0.5240771953858726,0.41775851683280785,0.6355650786884302,0.5068280072406495,0.6431052721973538
real:low:44:244,44,low,B4,2543.0,6,low,core,0.9999999996491776,0.24079252631845516,0.010679248697472322,0.169246629697648,0.03402754475905929,0.15413146921498266
real:low:44:245,44,low,B2,1692.0,7,low,core,0.999999999644094,0.16147655942568767,0.006214705693451091,0.12264232422521973,0.022416536538630346,0.0783803412527399
real:low:44:246,44,low,B6,1752.0,4,low,early,0.0,0.06765969726579725,0.012930888725184836,0.009298934257562008,0.0004142890114843981,0.06379628381949976
real:low:44:247,44,low,B2,5822.5,6,mid,core,0.9999999997458691,0.5578261712832973,0.7379192632239676,0.6956702936806024,0.542144213351017,0.5108608998843428
real:low:44:248,44,low,B6,1781.0,8,low,core,0.9999999996840236,0.2061338847587074,0.024232166060931027,0.12908491744047573,0.05212336545202378,0.14431789511085533
real:low:44:249,44,low,B4,3262.0,6,mid,core,0.9999999994584101,0.4307780728032591,0.04536274698136068,0.417807423049242,0.12737020619237774,0.14934161819491082
real:low:44:250,44,low,B2,1521.5,7,low,core,0.9999999997919332,0.17121001476307243,0.018666673861480527,0.12091293252527284,0.031105844167769445,0.13570962430341785
real:low:44:251,44,low,B2,4471.0,6,mid,core,0.9999999998852782,0.5465655524684947,0.2563896816287761,0.5891344608635974,0.22097197779294797,0.2854172582829352
real:low:44:252,44,low,B2,3811.0,6,mid,core,0.9999999998336379,0.47939521156250914,0.14992934598853083,0.46572457524860345,0.12422045625794091,0.15040175865595895
real:low:44:253,44,low,B2,3048.5,8,mid,core,0.999999999454518,0.30994494577414494,0.05330759578460626,0.20355102432511626,0.11766591379313061,0.11358849837973307
real:low:44:254,44,low,B2,1864.5,8,low,core,0.9999999997275028,0.24847986440131797,0.15978147421181585,0.152308422511763,0.09523171608774221,0.24002501734151246
real:low:44:255,44,low,B2,6865.0,5,high,early,0.0,0.570855428614243,0.9044954555122227,0.5414993594118874,0.2439990516160399,0.6583882753871991
real:low:44:256,44,low,B6,2308.5,11,low,late,0.9999999996799007,0.29826281344468,0.04674349606257809,0.13622999049190218,0.14556993726665138,0.11351710980201343
real:low:44:257,44,low,B2,5484.5,6,mid,core,0.9999999997564447,0.55265427278352,0.33292642994853444,0.7332733728831623,0.6934113388996888,0.6486598502357015
real:low:44:258,44,low,B4,2467.0,6,low,core,0.9999999996118736,0.23579333604909594,0.014147453821309755,0.1261041039094968,0.026104002611100303,0.1466962114161671
real:low:44:259,44,low,B4,1812.5,7,low,core,0.9999999996225692,0.2018954466217561,0.030152325754013443,0.14261648222930387,0.04581737533982548,0.18838081673789506
real:low:44:260,44,low,B2,4428.5,6,mid,core,0.9999999996736186,0.5457118130155516,0.2516309497219786,0.6382283891280267,0.35164224557866075,0.532296606402692
real:low:44:261,44,low,B2,4987.5,7,mid,core,0.9999999999714845,0.551536565023594,0.4533420787434364,0.6701552832832074,0.5936081179057701,0.6161729202608502
real:low:44:262,44,low,B4,3686.5,7,mid,core,0.9999999997864849,0.5437353823084285,0.18502953908926448,0.6737503915284119,0.3559672206075205,0.2871747261180715
real:low:44:263,44,low,B2,3407.5,6,mid,core,0.9999999998121477,0.40202737895720997,0.04639721065963929,0.3517613865692883,0.12732921877898942,0.09438718885724329
real:low:44:264,44,low,B2,5804.5,7,mid,core,0.9999999998884549,0.5026369161123251,0.6389574267481617,0.5500482600098401,0.5388649886920005,0.7005897992109223
real:low:44:265,44,low,B4,1713.5,6,low,core,0.9999999996903967,0.12270073290211889,0.01285609440348684,0.08993015048959685,0.010063955998452265,0.06871059220440415
real:low:44:266,44,low,B2,2302.0,7,low,core,0.9999999997286527,0.22410592157573997,0.03398360333047246,0.1430820288110038,0.04541680392646004,0.12895538998006767
real:low:44:267,44,low,B4,2165.5,8,low,core,0.9999999996789671,0.2409265599664432,0.06220585806767769,0.13426832827066582,0.06688090491413497,0.1907876214828403
real:low:44:268,44,low,B2,4724.5,5,mid,early,0.9999999998203003,0.5761399552763693,0.4593851092710106,0.6538439337139291,0.2820230693653826,0.39307151477002966
real:low:44:269,44,low,B2,7910.5,6,high,core,0.9999999995094285,0.5461701994212343,0.5681650076276392,0.43126453672172,0.2199606464118284,0.5253880713432391
real:low:44:270,44,low,B2,2947.0,11,low,late,0.9999999996529755,0.3455823597403417,0.10081189474115326,0.20238389717030006,0.21334238862787275,0.16717571338386156
real:low:44:271,44,low,B2,6474.5,7,high,core,0.9999999997223211,0.49120274823022614,0.6362129677870801,0.4618344470023997,0.34033693897880507,0.6064238160071468
real:low:44:272,44,low,B8,2246.5,5,low,early,0.9999999997290586,0.1908003655803786,0.012120470483127003,0.060421062667778615,0.005036615590960159,0.04763119417020364
real:low:44:273,44,low,B2,7637.5,7,high,core,0.9999999994636607,0.5422664746617752,0.37744531381769586,0.4161787608344494,0.25954305859449944,0.45426861251949185
real:low:44:274,44,low,B2,4601.0,6,mid,core,0.9999999999925852,0.6033081585802188,0.19686026572695736,0.6891019756564918,0.43977419959570935,0.37603587662022153
real:low:44:275,44,low,B4,2187.0,9,low,core,0.9999999994467348,0.286377604462093,0.13239258596094047,0.2028350709415755,0.12224511660564558,0.15216841339642007
real:low:44:276,44,low,B2,4545.0,6,mid,core,0.9999999996982579,0.5424396849138168,0.185140147186252,0.5818565032411673,0.25860270519819145,0.42894471149930213
real:low:45:0,45,low,B2,4523.0,6,mid,core,0.9999999995534792,0.26267716664788865,0.01932704642268262,0.13662929342471633,0.04243298303599637,0.06259481250957433
real:low:45:1,45,low,B6,3265.5,6,mid,core,0.9999999996626091,0.39173446632353953,0.04331108968520724,0.3617018643791028,0.08539172082353558,0.1028243155203973
real:low:45:2,45,low,B4,3493.5,5,mid,early,0.9999999996913391,0.435668259102973,0.09827905412522338,0.2972399139518622,0.04583035170102242,0.24179610357023373
real:low:45:3,45,low,B8,4430.0,7,mid,core,0.9999999998347617,0.547006658079988,0.23889069911489047,0.737855354953975,0.7338573490811161,0.5946126604160914
real:low:45:4,45,low,B6,2766.5,9,low,core,0.9999999996714208,0.3436544055827429,0.1371560625977279,0.2631120523277057,0.1350244052893596,0.1404921867210199
real:low:45:5,45,low,B4,2856.5,7,low,core,0.9999999997361844,0.33210013761873386,0.19312151553407733,0.2099008521151925,0.11744994391024734,0.2677621455529737
real:low:45:6,45,low,B2,9413.5,6,sat,core,0.9999999992039111,0.5797989533209738,0.5415527320223344,0.37947234237901456,0.1624388770388765,0.2941586592317821
real:low:45:7,45,low,B2,7415.5,6,high,core,0.999999999605285,0.5604912153982685,0.47404462563436917,0.4789468794776203,0.25827458180752655,0.47042771462178257
real:low:45:8,45,low,B6,3115.0,5,mid,early,0.9999999997385131,0.3113957041735269,0.024270931321226805,0.1881732104336394,0.029800921387524954,0.09642979298221507
real:low:45:9,45,low,B4,4122.0,7,mid,core,0.9999999997135595,0.5454928142112655,0.593252100183939,0.575735028240986,0.34452422875507366,0.46908948231962044
real:low:45:10,45,low,B6,1764.5,5,low,early,0.9999999996130732,0.13054217477299973,0.012196670765705832,0.04670606943754663,0.002869158906465339,0.09154843048219348
real:low:45:11,45,low,B6,2065.0,11,low,late,0.9999999996980442,0.3048381758842008,0.10810598242849939,0.18058054377249624,0.1647647916972966,0.2014950150069667
real:low:45:12,45,low,B6,2293.5,9,low,core,0.9999999997235934,0.28754417655450865,0.13432970975653297,0.20638805298820853,0.10227895037318664,0.14921520865547389
real:low:45:13,45,low,B4,3240.5,4,mid,early,0.9999999995513266,0.33162929020512616,0.24641458961235593,0.10871016662002035,0.00489891003812447,0.1575454910033227
real:low:45:14,45,low,B6,5826.5,12,mid,late,0.9999999994812115,0.4061793462310397,0.5764664912690763,0.2769846693944827,0.17963819486172308,0.3091033339274395
real:low:45:15,45,low,B4,2848.0,5,low,early,0.9999999996270768,0.29451534390407114,0.04412383061280857,0.08307195738417876,0.009924535211359864,0.12041371690982655
real:low:45:16,45,low,B6,3779.5,7,mid,core,0.9999999997630509,0.519059934951923,0.3203242421283019,0.5557430937074218,0.31694068033674033,0.4597578373448185
real:low:45:17,45,low,B4,2906.0,4,low,early,0.9999999994968486,0.27992951783060804,0.13992511795266038,0.06304426296174126,0.004595370495079351,0.1331648444234019
real:low:45:18,45,low,B6,2703.0,6,low,core,0.9999999997474224,0.2579086717785422,0.020369731328234192,0.11530628126370186,0.025526122720259416,0.20246976407471545
real:low:45:19,45,low,B6,3861.0,8,mid,core,0.9999999996656218,0.5345972159479097,0.38612083420234516,0.5097472665390983,0.2933071640468087,0.37173033759274493
real:low:45:20,45,low,B4,3779.0,4,mid,early,0.9999999997621676,0.5229201064242034,0.5685986599276946,0.3180302325524354,0.05241976310734182,0.3086336922062685
real:low:45:21,45,low,B8,1599.0,7,low,core,0.9999999997845522,0.18869455524948905,0.023929516875109927,0.12545028053728258,0.03996141366909962,0.11612217231165421
real:low:45:22,45,low,B4,4444.0,9,mid,core,0.99999999985194,0.4969794410527835,0.3568499342119658,0.48180205879806765,0.4825677329038075,0.4608038063519048
real:low:45:23,45,low,B2,2738.0,5,low,early,0.0,0.19462523420059638,0.014086046935104261,0.05494992945107293,0.004049822319890798,0.055435651803302545
real:low:45:24,45,low,B4,2751.0,7,low,core,0.9999999996055002,0.2822602219339134,0.008996230157886016,0.1897308429584416,0.08763900414854085,0.16003344381752987
real:low:45:25,45,low,B2,5204.0,4,mid,early,0.9999999998311853,0.5382777399626348,0.9333156416247496,0.3191875530369536,0.08262797185205595,0.4785844030813799
real:low:45:26,45,low,B2,7851.5,6,high,core,0.9999999992129811,0.5806511743180586,0.6528424261014372,0.505766432420115,0.2593297978429374,0.4589733345880774
real:low:45:27,45,low,B4,1930.0,9,low,core,0.9999999994724493,0.2602228976117541,0.11931280193419856,0.18829611252018638,0.08999134745942111,0.14111908157612735
real:low:45:28,45,low,B2,7248.0,6,high,core,0.999999999682801,0.5931530971188576,0.431227863653922,0.5547338207864708,0.30420998967145885,0.4450907651363043
real:low:45:29,45,low,B8,2284.5,7,low,core,0.0,0.20895646437944604,0.013355762683678371,0.03789569031298966,0.0021506862257376254,0.03412703782883847
real:low:45:30,45,low,B6,3283.0,11,mid,late,0.9999999994117665,0.4291779811659583,0.461737815113821,0.493916126752532,0.28874627184536455,0.1747534037846397
real:low:45:31,45,low,B6,5661.5,10,mid,late,0.9999999996835585,0.46132325263692825,0.28541588718777705,0.3981952243722414,0.2734645029302609,0.37791798350340433
real:low:45:32,45,low,B2,3355.0,6,mid,core,0.9999999998675009,0.39402174096028597,0.019167365730686767,0.3443184409221189,0.12056560910889803,0.18279606315438962
real:low:45:33,45,low,B4,3302.5,4,mid,early,0.9999999997117668,0.4077017633013777,0.16724225945202623,0.12219664848207448,0.011989992165523733,0.1672932213875983
real:low:45:34,45,low,B8,4887.5,9,mid,core,0.9999999996413026,0.44719764095607295,0.7399083825787414,0.44292578464255833,0.4024495814337184,0.5429362450563915
real:low:45:35,45,low,B4,2938.5,8,low,core,0.9999999997692197,0.38106812911040083,0.03143438441730704,0.2987371766781684,0.09322146436370225,0.25349311329303487
real:low:45:36,45,low,B8,2490.5,6,low,core,0.9999999997333713,0.27240992954043797,0.019457014741035467,0.14352882174734743,0.03464010960496821,0.15433784057558783
real:low:45:37,45,low,B4,3253.0,6,mid,core,0.9999999996763506,0.42698254791423457,0.048919015061338465,0.3874552524667526,0.0988645208562882,0.1028243155203973
real:low:45:38,45,low,B4,1566.0,6,low,core,0.0,0.05557401383658888,0.0033599198826380337,0.0028330822098350805,0.000272331905493899,0.02946963305870321
real:low:45:39,45,low,B2,9426.5,6,sat,core,0.9999999996111233,0.5453706204499933,0.28756837935570595,0.31005714054823663,0.12700634287721482,0.3809281690238299
real:low:45:40,45,low,B8,3386.0,7,mid,core,0.9999999998096476,0.4785435902152209,0.0395389125490374,0.5121551475937727,0.2475730211105196,0.1507450987635386
real:low:45:41,45,low,B4,2953.5,6,low,core,0.9999999997248428,0.34795775323740513,0.020749016859401805,0.28249408834070266,0.05929992434418749,0.11142932197713047
real:low:45:42,45,low,B4,2976.0,6,low,core,0.9999999997056155,0.3640361106272331,0.030510269300365923,0.29779903056017176,0.07469084632034576,0.11142932197713047
real:low:45:43,45,low,B4,3043.0,9,mid,core,0.9999999996231274,0.37640422286697206,0.021691415025616917,0.2865456275720143,0.1480368155728883,0.16625177361517252
real:low:45:44,45,low,B6,2926.0,7,low,core,0.9999999997347886,0.3155128624941674,0.020403387572110417,0.20373707934047378,0.0973950577285788,0.11017310756461264
real:low:45:45,45,low,B8,4315.5,8,mid,core,0.9999999992842619,0.5512920419728142,0.35648557031923866,0.6176701077542102,0.651913276902917,0.5682911037323343
real:low:45:46,45,low,B6,4735.5,6,mid,core,0.9999999999416237,0.5941314022840508,0.2730503495881692,0.6633693945195283,0.3802143297082803,0.41103287148047674
real:low:45:47,45,low,B4,3602.0,6,mid,core,0.9999999998322531,0.4972409531787124,0.05496838184396139,0.5936196702624865,0.25662069553914696,0.23088101845329778
real:low:45:48,45,low,B2,5036.0,5,mid,early,0.9999999998296027,0.5536494222055457,0.6628245777334922,0.6076832093396012,0.2267116318102179,0.4190072585977151
real:low:45:49,45,low,B4,4762.0,5,mid,early,0.9999999997119999,0.6011517759823685,0.8537442912486014,0.5502179854096019,0.18515631769731264,0.5764717391465137
real:low:45:50,45,low,B8,3461.0,10,mid,late,0.9999999995761844,0.4977321936018211,0.28048001691710417,0.705125827141049,0.4089680202991348,0.22885257886350452
real:low:45:51,45,low,B2,4815.0,6,mid,core,0.0,0.27583054796089196,0.06773123474844028,0.15357329812566703,0.03683464711739056,0.16339031547235622
real:low:45:52,45,low,B2,2647.5,7,low,core,0.999999999725345,0.26616789204665836,0.045642546673660044,0.1552950245689868,0.06655850974991256,0.20342819425431516
real:low:45:53,45,low,B6,2136.5,8,low,core,0.9999999997991543,0.2543978768850797,0.0708456564574125,0.1382783826283255,0.07051579590311385,0.20806042008205053
real:low:45:54,45,low,B8,2993.0,9,low,core,0.9999999997173922,0.41199000751868464,0.3015220148063096,0.31377118943775417,0.2349822751835734,0.26064548282651023
real:low:45:55,45,low,B4,2122.0,8,low,core,0.9999999996258792,0.24838305691971932,0.08720021431530367,0.14724008736938474,0.07439875083211317,0.14891347384320414
real:low:45:56,45,low,B4,5203.5,9,mid,core,0.9999999995647478,0.44367421839019244,0.33062322319331505,0.4021923382662912,0.2874939359302021,0.45469819759582253
real:low:45:57,45,low,B6,3517.5,7,mid,core,0.999999999798437,0.4345074656804979,0.09736732708378447,0.4135056678723858,0.21024009647524547,0.2506334788446286
real:low:45:58,45,low,B8,2942.5,6,low,core,0.9999999997169141,0.32095294094109256,0.010367416586828222,0.2421534715853407,0.06118660929658732,0.11716185000845784
real:low:45:59,45,low,B8,3609.5,12,mid,late,0.9999999996022793,0.33805507155704406,0.09225866724235081,0.2454199974819208,0.10561426724356265,0.12529009020945198
real:low:45:60,45,low,B2,9416.0,6,sat,core,0.999999999098492,0.57765954169502,0.5596653671676236,0.40875256954528144,0.19831767104574002,0.3436312785657827
real:low:45:61,45,low,B4,2051.5,5,low,early,0.0,0.11572023159700913,0.03134882108192079,0.03731860904192369,0.001956096421654366,0.049442622428566334
real:low:45:62,45,low,B2,3904.5,5,mid,early,0.9999999996967366,0.44920370227730405,0.4154145031224859,0.2784427330560816,0.03360812499126461,0.20643420228590934
real:low:45:63,45,low,B4,2764.5,12,low,late,0.9999999996539988,0.3697439408926254,0.08611250165494674,0.26467071038080364,0.2192699872549155,0.14952187011556742
real:low:45:64,45,low,B2,8614.0,5,high,early,0.0,0.5608673959563822,0.9285451904670966,0.4368290834110255,0.1315765262463428,0.6243268148489326
real:low:45:65,45,low,B4,2656.0,4,low,early,0.0,0.2050353203430982,0.08380195372468582,0.0469051015469595,0.0017588602451646324,0.059820150961588436
real:low:45:66,45,low,B2,6661.5,6,high,core,0.9999999996070879,0.5661355055921028,0.6181692146626653,0.5731459611293058,0.4186609329901144,0.5493091556482773
real:low:45:67,45,low,B4,2979.5,11,low,late,0.9999999996862784,0.45007351543224405,0.19271493859341046,0.34964060227195626,0.28101340383170187,0.2756707429447907
real:low:45:68,45,low,B2,6676.5,6,high,core,0.999999999368182,0.540427481283839,0.4351224005166896,0.5986127766515058,0.4605056794821522,0.5847318127691972
real:low:45:69,45,low,B4,2075.5,8,low,core,0.9999999997177632,0.24050032447771683,0.08410961910373829,0.14675987141500305,0.06008357885551061,0.14235154313917514
real:low:45:70,45,low,B2,7456.0,6,high,core,0.999999999399253,0.5463115798270756,0.3983650474708832,0.4689520044472626,0.29130658127646686,0.5932290992288701
real:low:45:71,45,low,B6,3021.0,7,mid,core,0.9999999997474481,0.3147648703918963,0.14052835660294338,0.18062324458200696,0.10138001067126337,0.20196463498259015
real:low:45:72,45,low,B6,2652.0,10,low,late,0.9999999995565785,0.32394857620360895,0.12809279664420742,0.2701055729157091,0.11798674311886345,0.11237180575600457
real:low:45:73,45,low,B6,4252.0,9,mid,core,0.9999999998009353,0.4652867320933621,0.6602619027222083,0.47707207118145273,0.4590201390412591,0.38174624250395234
real:low:45:74,45,low,B4,3991.5,7,mid,core,0.9999999993957336,0.56590025155512,0.644293550542414,0.616824009534561,0.420217844631636,0.416513260235047
real:low:45:75,45,low,B6,2676.5,5,low,early,0.9999999996457024,0.21718334263643232,0.01434171660184124,0.11072128404736914,0.014123428694212872,0.09636404826981358
real:low:45:76,45,low,B6,4805.5,6,mid,core,1.0,0.5454179207219501,0.1766263509119284,0.6068241833225371,0.41460656817144853,0.46446833207789096
real:low:45:77,45,low,B2,1935.5,8,low,core,0.9999999995481329,0.21137790078472557,0.021096296268387292,0.12056143762996029,0.052742338469532,0.2033407994713066
real:low:45:78,45,low,B4,2630.0,8,low,core,0.9999999996732045,0.31020782931955715,0.09281095688310638,0.21998034020009655,0.11248247541689044,0.1417023030131383
real:low:45:79,45,low,B2,8272.0,5,high,early,0.9999999996152374,0.6249401587746061,0.5165789800974506,0.20388221914712107,0.585022370889826,0.4502620986058167
real:low:45:80,45,low,B4,1535.0,7,low,core,0.9999999995581526,0.17119978112435486,0.025589734277171768,0.12389898504200739,0.03254623087043058,0.16267439340585527
real:low:45:81,45,low,B4,1622.5,6,low,core,0.9999999996803174,0.1681812274638962,0.006214705693451091,0.13124488068922227,0.021651852062342644,0.101545597288169
real:low:45:82,45,low,B4,2552.0,6,low,core,0.999999999631243,0.24070912449228898,0.012023379169445911,0.15056788887042735,0.030209764694652926,0.1406835610489914
real:low:45:83,45,low,B8,1808.5,8,low,core,0.9999999996331548,0.20945860460234708,0.02437729288669908,0.11988677666311563,0.04974174235126259,0.21449445386528979
real:low:45:84,45,low,B4,2192.0,8,low,core,0.9999999997169525,0.2745375432474102,0.07150051122718562,0.15971188465270753,0.11632145310875062,0.24833257109531592
real:low:45:85,45,low,B2,4050.5,6,mid,core,0.9999999992347268,0.5091727589145265,0.1720157447217725,0.582046913489187,0.24438951323058386,0.24215246738918772
real:low:45:86,45,low,B4,4305.5,9,mid,core,0.9999999998918937,0.4488867594134503,0.27197557450135496,0.5020085202223792,0.41359873579311573,0.4278327279573525
real:low:45:87,45,low,B4,3762.0,12,mid,late,0.9999999996114771,0.4133067735248451,0.19702556199077015,0.46535105044377945,0.13786758271812424,0.13279846853490015
real:low:45:88,45,low,B4,3189.0,5,mid,early,0.9999999997651098,0.34777471491403517,0.08104369160829364,0.14029703572273355,0.018252531320096955,0.15903175340745898
real:low:45:89,45,low,B8,3072.5,8,mid,core,0.9999999997193011,0.39058011787314734,0.028702225129641573,0.21001660609100045,0.06905948601407956,0.19827926306554958
real:low:45:90,45,low,B6,1842.5,7,low,core,0.9999999997800605,0.18891699170232185,0.010739172549824386,0.13259387154284652,0.037789572206205005,0.14572322787445885
real:low:45:91,45,low,B2,9239.5,7,sat,core,0.9999999995606303,0.5026124125912,0.3696862366423139,0.2789569651240163,0.1569737454744551,0.43688486166484225
real:low:45:92,45,low,B2,4430.5,7,mid,core,0.9999999996467076,0.5834124119405253,0.27553886472958006,0.6592165593591188,0.44281015290292886,0.4156412556090465
real:low:45:93,45,low,B6,2855.5,7,low,core,0.9999999997351666,0.31072300198453023,0.13074005299964286,0.17281045673808546,0.09880764779713362,0.24319744390480175
real:low:45:94,45,low,B2,9515.5,6,sat,core,0.9999999991912614,0.5813517102003384,0.5415527320223344,0.3792281655701578,0.1659177009867924,0.2941586592317821
real:low:45:95,45,low,B8,4926.5,9,mid,core,0.9999999994444113,0.4464904984285637,0.6014025852144601,0.41483443315154794,0.3119417752415629,0.42065656541901625
real:low:45:96,45,low,B4,3893.0,5,mid,early,0.9999999997865805,0.5408422729803247,0.7394839049911627,0.48838530404048264,0.1209574416754695,0.3919385536456464
real:low:45:97,45,low,B6,2884.5,9,low,core,0.9999999996023383,0.35259589827847915,0.2549465334186265,0.2312002617794031,0.18212022484080906,0.253763595117246
real:low:45:98,45,low,B6,2672.5,12,low,late,0.99999999971587,0.34566913065878213,0.058477301768955915,0.17261970319388156,0.14825907667868388,0.10824997246141016
real:low:45:99,45,low,B6,3500.5,6,mid,core,0.9999999997171559,0.4580227405855995,0.08726187257108625,0.4972852236844836,0.20620810804014258,0.12603855762818947
real:low:45:100,45,low,B8,3165.0,9,mid,core,0.999999999657503,0.4830034325598178,0.35007749579821895,0.403465893102328,0.3474758350794263,0.251775290028565
real:low:45:101,45,low,B2,5385.5,12,mid,late,1.0,0.630016922474093,0.9820625653650012,0.7907240130258029,0.9454843785760274,0.8812773131096765
real:low:45:102,45,low,B4,2841.0,11,low,late,0.9999999995748,0.3657511465700664,0.21416947566420258,0.2541096959332112,0.25498872918831755,0.15028128100923324
real:low:45:103,45,low,B6,3381.5,7,mid,core,0.9999999997047951,0.41163718942594146,0.047783912712344404,0.3307064548172275,0.15701514980203002,0.09993754062887303
real:low:45:104,45,low,B6,4369.5,4,mid,early,0.9999999999608393,0.4970639821089052,0.8685543726187378,0.15206328588857876,0.03133884412719042,0.4428665626096407
real:low:45:105,45,low,B2,6359.0,6,high,core,0.9999999995875263,0.5463861451561945,0.5405809413782307,0.5707522205763574,0.4681169412174503,0.5960988234554261
real:low:45:106,45,low,B4,2755.5,4,low,early,0.0,0.25274339319866845,0.07050207310930942,0.04862637351493523,0.002252113481908536,0.05689451351950337
real:low:45:107,45,low,B4,3998.0,7,mid,core,0.9999999996802493,0.5554059535827678,0.44174430019248073,0.6006935593846776,0.43709000073798415,0.4402700020079924
real:low:45:108,45,low,B4,1651.0,6,low,core,0.999999999668272,0.15996170881268154,0.004866048995607741,0.10077797621859945,0.009702994200782501,0.13412210656193244
real:low:45:109,45,low,B8,4440.0,12,mid,late,0.9999999994157035,0.42630087560601343,0.3706074553699748,0.43662229860531504,0.1538894241940713,0.1826372568996228
real:low:45:110,45,low,B8,3600.0,6,mid,core,0.9999999997442716,0.5147441652587522,0.15574111102283494,0.5878123145753678,0.23404868425927475,0.17807342218047548
real:low:45:111,45,low,B4,1606.0,8,low,core,0.9999999997139047,0.2225214627090933,0.04145634201122677,0.13186005176709736,0.061261560013681424,0.21335376525622154
real:low:45:112,45,low,B2,3148.0,6,mid,core,0.9999999996729512,0.30096496388320537,0.026563228878253794,0.20789342983779147,0.03703522459937387,0.07860757633589235
real:low:45:113,45,low,B4,3225.5,8,mid,core,0.999999999730842,0.4894600604123373,0.12214252168682616,0.4466654542147885,0.3081692952991473,0.24459151664894555
real:low:45:114,45,low,B2,3034.5,7,mid,core,0.9999999998417787,0.3348486194161846,0.2974141302215017,0.1948158318395357,0.11140285482144324,0.20435971088655772
real:low:45:115,45,low,B2,6337.5,6,high,core,0.9999999996241637,0.5527514644145239,0.6746914195984048,0.5963794497100112,0.46577895725406365,0.6824966240521115
real:low:45:116,45,low,B8,1836.0,4,low,early,0.0,0.08918221161583315,0.014006980766870436,0.015258435629973074,0.0007625526451864664,0.06379628381949976
real:low:45:117,45,low,B6,2698.5,9,low,core,0.9999999996300696,0.3628222282083696,0.20289545225254774,0.2909880129609666,0.15852452518172455,0.14469248268208568
real:low:45:118,45,low,B6,1722.5,7,low,core,0.9999999996724966,0.19182316418404402,0.006134893646366242,0.12444824713411881,0.03829891818561696,0.10889362064790863
real:low:45:119,45,low,B2,8127.0,5,high,early,0.0,0.5699419786473751,0.8984745650194521,0.402479824747657,0.09951747346086358,0.6080709912265088
real:low:45:120,45,low,B6,4236.0,7,mid,core,0.9999999999990526,0.5873946214312731,0.19088354104306413,0.6524597671798699,0.4692441934001019,0.4016411402003373
real:low:45:121,45,low,B2,8374.5,6,high,core,0.999999999079388,0.5795223930177011,0.5850659016520103,0.48643123537442545,0.21129706624318328,0.4185667364906941
real:low:45:122,45,low,B2,6821.0,6,high,core,0.9999999997222514,0.5884274285731208,0.582915496798671,0.6046711046827223,0.3963229440732138,0.4696686143995045
real:low:45:123,45,low,B4,3857.0,8,mid,core,0.9999999999618988,0.5397220753899131,0.3718525490150815,0.6085820754411078,0.49808371821197356,0.46013904383574233
real:low:45:124,45,low,B4,2655.0,8,low,core,0.9999999997109177,0.34150513249801606,0.13048769622890885,0.2326084004809818,0.13971389671562318,0.20652288894024276
real:low:45:125,45,low,B2,7396.5,7,high,core,0.9999999995688623,0.4969324603052847,0.30821740829657934,0.3542247103775051,0.22288596847470415,0.49468658531248483
real:low:45:126,45,low,B2,5958.5,6,mid,core,0.9999999997031299,0.5454775823856223,0.7063789649141105,0.6695815352170642,0.5152005729182446,0.683385532884235
real:low:45:127,45,low,B6,2101.5,4,low,early,0.0,0.11089883932289671,0.03429200307605765,0.03138817118718666,0.0011229440557761208,0.049459422534581444
real:low:45:128,45,low,B4,3042.5,9,mid,core,0.9999999996944324,0.40134873994161996,0.052241984214114426,0.30383513294439907,0.17689133495528264,0.13100621685776184
real:low:45:129,45,low,B4,2935.5,4,low,early,0.9999999995672257,0.28886063333228895,0.10993063606901848,0.0796528085312457,0.003923704053913223,0.1501473315725295
real:low:45:130,45,low,B6,3340.5,11,mid,late,0.9999999994181114,0.43857396334100196,0.23140308299693013,0.49492170787194634,0.304574904568684,0.14445034105355087
real:low:45:131,45,low,B2,8986.0,6,high,core,0.9999999990134095,0.5861035854416322,0.5998347917105153,0.4488620621154692,0.21860982691775616,0.4561268463859355
real:low:45:132,45,low,B4,2936.5,8,low,core,0.9999999996328215,0.3677567775196339,0.04907461335738823,0.26242553610375446,0.13641840294842666,0.15065486583389395
real:low:45:133,45,low,B8,4120.5,6,mid,core,0.9999999998323932,0.5828271002429397,0.39153501638301624,0.6874856459321828,0.3744313987356612,0.33078278341944156
real:low:45:134,45,low,B8,4086.0,6,mid,core,0.9999999997718299,0.5367216074443063,0.2223828824705571,0.6446274253343335,0.3696871322747493,0.4714278404865739
real:low:45:135,45,low,B8,4020.5,6,mid,core,0.9999999997442812,0.5561652582077007,0.16968611264580788,0.6631438433137473,0.3221390445060249,0.35950949679000255
real:low:45:136,45,low,B4,2138.5,4,low,early,0.0,0.11680646437834755,0.011581980396384932,0.013719186175891492,0.0006992987712567978,0.044241380326277745
real:low:45:137,45,low,B2,3870.5,4,mid,early,0.0,0.3563026018248068,0.340138919470282,0.09401177676616197,0.003179219349676709,0.08463071978788964
real:low:45:138,45,low,B4,1766.5,7,low,core,0.9999999996625406,0.1804816525710262,0.009308344335274539,0.13074377318048444,0.03352929720951522,0.17522317616549135
real:low:45:139,45,low,B2,2146.5,4,low,early,0.0,0.10603213797118113,0.025221959418484735,0.01740887035610605,0.0007261719779329832,0.049442622428566334
real:low:45:140,45,low,B8,3054.0,10,mid,late,0.9999999998226788,0.42890487344412076,0.12054907838940214,0.34498957200506236,0.2527928332619754,0.15275867600850684
real:low:45:141,45,low,B6,3693.5,7,mid,core,0.9999999997975678,0.46827618717167163,0.22489138372692197,0.4750468794900108,0.2731608706464512,0.4534073989520125
real:low:45:142,45,low,B4,4950.0,6,mid,core,0.9999999999358375,0.5447261890438123,0.17068295549387755,0.7299122318685944,0.6038347968593589,0.5997421850391194
real:low:45:143,45,low,B6,4681.0,6,mid,core,0.9999999999509683,0.5957090198454651,0.3078979021144193,0.6584596984994685,0.3382244335865627,0.3945749146581018
real:low:45:144,45,low,B8,4755.5,6,mid,core,0.999999999630704,0.5281727033118552,0.1324103457060865,0.7337314975384464,0.7124437629424841,0.44456048526976216
real:low:45:145,45,low,B8,4969.5,6,mid,core,0.9999999994619836,0.563422498910762,0.40023467097997634,0.6725384666019133,0.4305142992378551,0.46005152775159325
real:low:45:146,45,low,B8,3589.5,12,mid,late,0.9999999996412283,0.35807505420298585,0.17775359997559317,0.3159616248622143,0.11982087549581616,0.11200957194748846
real:low:45:147,45,low,B2,2169.0,7,low,core,0.9999999996006311,0.19146037974877075,0.007583713496169251,0.1298877606663136,0.029285380264770105,0.08535888337894441
real:low:45:148,45,low,B6,3494.0,5,mid,early,0.9999999995736253,0.41166165502920743,0.07081114198642585,0.22756987779387275,0.027717825897243406,0.13520827004304656
real:low:45:149,45,low,B6,3699.5,6,mid,core,0.999999999721461,0.4752606038074366,0.07202642398564657,0.5176891011441894,0.18876898610721765,0.2674713287646827
real:low:45:150,45,low,B4,2780.5,7,low,core,0.9999999996245651,0.28267718876087483,0.09729487965557825,0.16385811861260507,0.07504580279792936,0.14763689994627135
real:low:45:151,45,low,B6,3061.0,8,mid,core,0.9999999995486347,0.36890379314706484,0.030539477571255524,0.14886053736761998,0.04226346771587039,0.13526018496586253
real:low:45:152,45,low,B8,2609.0,8,low,core,0.9999999997123745,0.320430388530998,0.19294604600470272,0.18814920317089256,0.14862645424937185,0.3835381488925883
real:low:45:153,45,low,B4,5512.5,5,mid,early,0.9999999995015689,0.5361255864966928,0.9027857701121513,0.6620837568156812,0.29791714694433397,0.7122839034467542
real:low:45:154,45,low,B6,4658.0,8,mid,core,0.9999999999689696,0.5296069383212643,0.5767981837628,0.5335534825583154,0.5639125652124742,0.5714674593402501
real:low:45:155,45,low,B8,3256.0,8,mid,core,0.9999999996077463,0.4879968910285285,0.34463590685810913,0.4611027309937081,0.29615138301659805,0.32177331480010124
real:low:45:156,45,low,B2,8258.0,6,high,core,0.9999999995353027,0.551716962465669,0.5607919227150205,0.41188936394031644,0.19661355428680746,0.49137849872555356
real:low:45:157,45,low,B6,3038.5,5,mid,early,0.9999999996431163,0.3217338936880499,0.20130874688056122,0.07283063158324932,0.007320836794399397,0.14474851481539902
real:low:45:158,45,low,B8,4998.0,7,mid,core,0.9999999997250251,0.4930992619583807,0.45817923342962913,0.5949247494608936,0.5705079627654862,0.6125652861669456
real:low:45:159,45,low,B2,5547.0,7,mid,core,0.9999999999440077,0.5117395436034243,0.5336255696710919,0.5607808220769013,0.6062810664755407,0.7093574434194695
real:low:45:160,45,low,B6,3514.0,7,mid,core,0.99999999980315,0.43036074336866253,0.09730619389273616,0.4082445120618446,0.19744216987406363,0.23603417762818618
real:low:45:161,45,low,B8,3425.0,11,mid,late,0.9999999995515114,0.445186487979205,0.26238683301334437,0.6005400429230137,0.3383553962401979,0.1971841171903425
real:low:45:162,45,low,B4,4413.5,7,mid,core,1.0,0.5206759419984864,0.4064483935200263,0.6573671845462827,0.7659715960043804,0.696610529110132
real:low:45:163,45,low,B2,6364.0,5,high,early,0.9999999996435242,0.5438443349695136,0.7488241558417481,0.6025568843295617,0.2829034261833131,0.4731265164550031
real:low:45:164,45,low,B4,1703.0,6,low,core,0.999999999676446,0.15959304439724814,0.006189666607301883,0.060653762007211336,0.005048317898579667,0.06467493825070485
real:low:45:165,45,low,B6,4075.5,7,mid,core,0.9999999998729,0.5065109699695884,0.45353524369166504,0.53747705740803,0.29626173074816375,0.4594863522644274
real:low:45:166,45,low,B4,4823.0,5,mid,early,0.9999999996912906,0.5895398990216365,0.883990409021744,0.5061063579927746,0.1507429879723134,0.5084928020005944
real:low:45:167,45,low,B6,3007.5,6,mid,core,0.9999999996124704,0.354580218873984,0.009727164098291228,0.2641577331806123,0.10629929089956205,0.13011299887263683
real:low:45:168,45,low,B4,2524.5,8,low,core,0.9999999996797196,0.29884500948112525,0.12191092851765689,0.1975549647550281,0.1053435314807503,0.2300639281382952
real:low:45:169,45,low,B2,8646.0,5,high,early,0.0,0.5654304072784291,0.8456241347432395,0.5160000079457491,0.15119662656617197,0.4150575539062087
real:low:45:170,45,low,B4,3543.5,9,mid,core,0.9999999996875752,0.4793890770629728,0.47942813742068086,0.6124383381796035,0.4698993235307963,0.26374816182933347
real:low:45:171,45,low,B4,4951.0,5,mid,early,0.9999999998940807,0.5510864511631764,0.9215319184673084,0.5897032260458829,0.22732206563887458,0.6492850905469565
real:low:45:172,45,low,B4,1926.0,6,low,core,0.9999999997179135,0.19667114014642836,0.01618265893030882,0.13578127076896165,0.021453150352276764,0.16693692030443721
real:low:45:173,45,low,B6,3401.0,7,mid,core,0.9999999995956873,0.4285040954622299,0.14343625988803282,0.36520987646911285,0.18012648753327926,0.24063487281211507
real:low:45:174,45,low,B6,3388.0,8,mid,core,0.9999999994585114,0.4564470966081372,0.37152232700990623,0.37911951662644156,0.22310346885430507,0.2973939569409357
real:low:45:175,45,low,B6,3338.0,5,mid,early,0.999999999669631,0.38712507949063263,0.037971680111304265,0.3389119065611255,0.0517240055585443,0.1388746182041753
real:low:45:176,45,low,B4,5687.5,6,mid,core,0.9999999997633807,0.5205932861340635,0.54623939165032,0.6525668769277139,0.5662477160930327,0.6267722852860849
real:low:45:177,45,low,B6,2061.0,8,low,core,0.9999999996961972,0.26889647474482037,0.09628371425189924,0.15355435637107068,0.08457633047030677,0.2446858901141711
real:low:45:178,45,low,B8,2646.0,7,low,core,0.9999999997154521,0.25441950182082707,0.011733892319644649,0.06547639113677967,0.006671591308970056,0.05542637603058808
real:low:45:179,45,low,B4,1945.5,6,low,core,0.9999999996111167,0.19740249541394406,0.019169743394334627,0.12697033012235548,0.018800239560176547,0.19536305918335836
real:low:45:180,45,low,B6,2677.5,6,low,core,0.9999999996417995,0.25123769909742294,0.02303434693694783,0.15276630199187433,0.025729156144131987,0.13141533148953038
real:low:45:181,45,low,B6,2350.5,8,low,core,0.9999999997294649,0.25442977044262594,0.11286846702822768,0.13902928428451256,0.07237298827358936,0.21449445386528979
real:low:45:182,45,low,B4,4919.0,5,mid,early,0.9999999999254914,0.5719340049044846,0.9194286457991939,0.631411546386561,0.23368073765622827,0.617075589678494
real:low:45:183,45,low,B8,2756.0,7,low,core,0.9999999998104739,0.2868656046240359,0.044309354483832115,0.18606135307640562,0.07893512922611429,0.1746878856538515
real:low:45:184,45,low,B2,5407.0,6,mid,core,0.9999999997953466,0.590614915415923,0.58870004368203,0.6468371528826082,0.39340619610917393,0.42829321151970756
real:low:45:185,45,low,B2,9560.0,6,sat,core,0.9999999996313985,0.5580715048405422,0.5220454800559845,0.3043750814467969,0.12699630221572977,0.4028034624395619
real:low:45:186,45,low,B4,2470.0,6,low,core,0.9999999996527026,0.26171086505100283,0.020134954253271064,0.1666829693613105,0.04558214187726862,0.24658875383871776
real:low:45:187,45,low,B4,3683.0,5,mid,early,0.9999999997016006,0.48069631220503767,0.14772106393166842,0.5105621234563418,0.10576999182236473,0.1686974182588482
real:low:45:188,45,low,B2,2669.0,7,low,core,0.9999999997022899,0.27551190481758847,0.01023248082839855,0.17621621105782725,0.060302060377629745,0.20334044837683937
real:low:45:189,45,low,B8,5326.5,8,mid,core,0.9999999996542271,0.4805366662468741,0.6532038156768695,0.3967852746271605,0.3497939128986779,0.5819290374964707
real:low:45:190,45,low,B4,4281.5,5,mid,early,0.9999999999612451,0.5305038561307636,0.7540571879299399,0.5569195982022389,0.1286477532377073,0.5085366429734088
real:low:45:191,45,low,B2,3588.0,7,mid,core,0.9999999997644097,0.44548696185527276,0.04312347364454396,0.42849269266773427,0.20138678171344707,0.2380762950109088
real:low:45:192,45,low,B6,3710.5,5,mid,early,0.9999999997892484,0.4889465165388067,0.19345442917554453,0.5321836872688837,0.1215824649109643,0.22618922758710233
real:low:45:193,45,low,B2,6647.5,6,high,core,0.9999999995748599,0.5674358996755609,0.5000972678236575,0.570899500994458,0.4297207927667961,0.5493091556482773
real:low:45:194,45,low,B8,2687.5,10,low,late,0.999999999455336,0.37644501660499785,0.05577985244985558,0.28562011054720826,0.22225990175071883,0.16097503471168678
real:low:45:195,45,low,B2,2203.5,8,low,core,0.9999999997502728,0.254707856636468,0.12385832381663911,0.1497159624452177,0.06564022293957072,0.1313856650476082
real:low:45:196,45,low,B8,2305.0,6,low,core,0.9999999997366648,0.20916575784997973,0.012407566076929243,0.0809441721327659,0.009385790840518913,0.06724207774726623
real:low:45:197,45,low,B8,2764.5,9,low,core,0.9999999997666815,0.3210412250151034,0.018894593339697577,0.2318622489654931,0.0874330900931802,0.06788540343903551
real:low:45:198,45,low,B6,1838.0,9,low,core,0.9999999995610608,0.23612186893672035,0.0547773527438262,0.16034103717049616,0.06156094104228816,0.14921520865547389
real:low:45:199,45,low,B6,3358.0,4,mid,early,0.9999999996126064,0.36416917774784074,0.152990483443003,0.0860136645822172,0.008012782704730348,0.15073768798771747
real:low:45:200,45,low,B4,3226.0,12,mid,late,0.9999999997647446,0.36281450794692466,0.2048260289225684,0.2625122749343777,0.20846120372617563,0.1560074501860195
real:low:45:201,45,low,B6,2811.0,8,low,core,0.9999999998160811,0.3376332760318081,0.140957027236604,0.2173308272967971,0.13055793124421558,0.24899574652948908
real:low:45:202,45,low,B6,4464.0,6,mid,core,0.9999999998698714,0.5602054030115279,0.22902820494140788,0.594513969046013,0.24256310360016092,0.3166596789231173
real:low:45:203,45,low,B8,2751.5,6,low,core,0.9999999997782523,0.2703106411499681,0.01512836850451994,0.18417896133237938,0.035407159296889375,0.09588065912465545
real:low:45:204,45,low,B6,3250.0,8,mid,core,0.9999999994351635,0.43797118261438145,0.13531044924990568,0.3591245981024747,0.18811633937311228,0.1849646853644102
real:low:45:205,45,low,B8,3823.0,12,mid,late,0.9999999993403953,0.4229862094988279,0.23705272477658654,0.5192942927118862,0.14794403325094646,0.16163817282021592
real:low:45:206,45,low,B2,5153.5,7,mid,core,0.9999999999526844,0.5412636677315048,0.5156782795516818,0.6465879533060764,0.5831945067772548,0.5667742825650375
real:low:45:207,45,low,B6,4372.0,9,mid,core,0.9999999998891927,0.5352065705611935,0.2798074230838022,0.5396805266510951,0.5351966145094956,0.4084680110061083
real:low:45:208,45,low,B4,1823.5,10,low,late,0.9999999994514148,0.2732824012012968,0.09248554336564403,0.1634314016898125,0.1286872406559879,0.13717305252219344
real:low:45:209,45,low,B2,9528.5,6,sat,core,0.9999999989665255,0.5856131988934515,0.5671402808977207,0.42019611184497785,0.21044056737484246,0.3645009884374607
real:low:45:210,45,low,B6,3349.0,11,mid,late,0.9999999996447752,0.4121533022098183,0.17631284000125488,0.44502157677685833,0.2699549766886759,0.1516810063925628
real:low:45:211,45,low,B2,4534.5,5,mid,early,0.9999999998203752,0.5210137238448357,0.8336876186889911,0.39284163468093447,0.10877360664896747,0.36897252791272156
real:low:45:212,45,low,B4,3474.0,8,mid,core,0.9999999996635641,0.5036278718706233,0.5089361134278523,0.4765632116251957,0.2941479248561036,0.31245843270723406
real:low:45:213,45,low,B8,3960.5,5,mid,early,0.9999999997217709,0.530536399688933,0.7350594251195048,0.5226998632556237,0.1074890234605328,0.3493176091794863
real:low:45:214,45,low,B6,4074.5,5,mid,early,0.999999999934795,0.5223789986268503,0.28791830781496125,0.59386673950477,0.1757679008163899,0.24109803704877616
real:low:45:215,45,low,B6,3779.0,7,mid,core,0.9999999997787529,0.5031342108992375,0.25133731280700494,0.5418286783529697,0.2763301559640409,0.44493928818974005
real:low:45:216,45,low,B6,4640.5,11,mid,late,0.9999999995859514,0.4186770476118412,0.49429913621747196,0.4472469817593356,0.16351078721340268,0.19770224944255807
real:low:45:217,45,low,B2,8296.5,6,high,core,0.9999999995893534,0.5550495181344047,0.6543708944129539,0.4567778105625016,0.22101559751187827,0.45118553061828465
real:low:45:218,45,low,B4,3002.5,8,mid,core,0.9999999996242733,0.3928450744372078,0.1265132278922596,0.33272606627731366,0.15803380633984343,0.15806398490493875
real:low:45:219,45,low,B4,6002.0,8,high,core,0.9999999994864749,0.48556548019951096,0.6745285606336359,0.3503516542859499,0.28699939154411475,0.57815525904783
real:low:45:220,45,low,B2,5436.5,6,mid,core,0.9999999997887835,0.5482725564360126,0.21863185260284634,0.7020697483814262,0.5764901727541953,0.5631244009167475
real:low:45:221,45,low,B2,7894.5,6,high,core,0.9999999995065093,0.5518548353720641,0.632854893172069,0.4577131070316987,0.24880354845852423,0.5253880713432391
real:low:45:222,45,low,B2,5234.5,7,mid,core,0.9999999997907094,0.5657588390951523,0.1852401885780524,0.7069412187968248,0.6833326787057905,0.534300480866338
real:low:45:223,45,low,B2,4252.0,7,mid,core,0.9999999993925186,0.5519518404331923,0.14992521758034824,0.6131840830578565,0.3292494977397576,0.3826873191130978
real:low:45:224,45,low,B6,3260.0,8,mid,core,0.9999999993903159,0.44516165570516253,0.34096884468469485,0.3746838603686284,0.19870964694476503,0.19567895545861222
real:low:45:225,45,low,B2,7145.5,6,high,core,0.9999999993986873,0.5461148574937656,0.22189282408673522,0.5121877488389649,0.326257359225456,0.5216900083765948
real:low:45:226,45,low,B6,2076.0,7,low,core,0.9999999997721128,0.21797926040397825,0.0406727256786966,0.12986953682217434,0.047262893247670155,0.14431789511085533
real:low:45:227,45,low,B8,2931.5,7,low,core,0.999999999824282,0.348442704097209,0.39174600252266967,0.25354402166152235,0.12964736795405946,0.3370740939873286
real:low:45:228,45,low,B6,3597.0,5,mid,early,0.9999999996532692,0.4187795624042646,0.08843051439725483,0.42717012863585535,0.06185266232490024,0.25788509322566705
real:low:45:229,45,low,B6,2918.0,8,low,core,0.9999999997951071,0.30734140395474074,0.12544692339294305,0.21147854090365717,0.12386938902889875,0.168475917708149
real:low:45:230,45,low,B4,2198.0,8,low,core,0.9999999997402426,0.2548986203415588,0.028274527176502237,0.1569235117288,0.06704463478299338,0.21222296560420068
real:low:45:231,45,low,B4,2650.0,10,low,late,0.9999999995528588,0.35553409830087995,0.070198021168136,0.26720576227615855,0.2021474568320196,0.13775161478918463
real:low:45:232,45,low,B4,2652.0,11,low,late,0.9999999994246351,0.3192528997959334,0.09440161763287808,0.1695068809165498,0.1826782746677158,0.12205158115629341
real:low:45:233,45,low,B8,2191.0,5,low,early,0.0,0.14749768749643766,0.012689304481890193,0.047239207231837485,0.002869031754704669,0.046213617129087683
real:low:45:234,45,low,B2,8872.0,6,high,core,0.0,0.5886696938129092,0.8127918450682937,0.48465340952369973,0.15690488638602398,0.4150575539062087
real:low:45:235,45,low,B8,2652.0,7,low,core,0.9999999997549147,0.25898266064879216,0.013323678305850644,0.16826300722095455,0.06402328732176255,0.11923246847219719
real:low:45:236,45,low,B2,3224.5,7,mid,core,0.9999999998116902,0.346564747151233,0.07180905772469154,0.22231167546057415,0.10927133742738791,0.116059604284373
real:low:45:237,45,low,B6,3404.5,7,mid,core,0.9999999998552836,0.42186728088343145,0.11359165005569938,0.3977628678184341,0.18291646572097423,0.24063487281211507
real:low:45:238,45,low,B2,5152.0,5,mid,early,0.9999999998329595,0.5492719729505378,0.8077359722878644,0.5850753388532371,0.20491607547684088,0.6034761816149912
real:low:45:239,45,low,B6,1895.5,8,low,core,0.999999999725188,0.25778574428297785,0.157080810913672,0.16403748915154034,0.08270491290976396,0.23992512634997631
real:low:45:240,45,low,B2,7539.0,5,high,early,0.0,0.5646124458425439,0.9180386445392817,0.5126084478867998,0.2232204535039657,0.6211639579712926
real:low:45:241,45,low,B4,3635.5,6,mid,core,0.999999999714627,0.4912927970289031,0.10631685605732588,0.5222164042507698,0.20261579832801346,0.1686974182588482
real:low:45:242,45,low,B8,2772.5,9,low,core,0.9999999998206124,0.3659053314182056,0.26731182399117975,0.2517071986911769,0.18546293111588585,0.279047103327251
real:low:45:243,45,low,B2,9248.5,6,sat,core,0.9999999996452074,0.5537675641152123,0.47631053740726786,0.34093167303163163,0.161304389555384,0.4028034624395619
real:low:45:244,45,low,B4,3614.5,5,mid,early,0.999999999507384,0.4763707811834855,0.26127544840136907,0.3443391922142455,0.03959025456524351,0.16535723075296538
real:low:45:245,45,low,B4,1900.5,8,low,core,0.9999999998641431,0.2713683333585501,0.07033756326035145,0.17442512239262686,0.07035186157143795,0.19745262291498386
real:low:45:246,45,low,B2,5996.5,6,mid,core,0.9999999996999859,0.5596197177761624,0.7400581616720889,0.723080411997596,0.6035154298073437,0.5948288493230869
real:low:45:247,45,low,B6,3130.0,5,mid,early,0.9999999995302794,0.31640944703714624,0.0457193148877396,0.11548405085136439,0.013840307014390209,0.12092407924250048
real:low:45:248,45,low,B8,3907.5,5,mid,early,0.9999999997304898,0.5058698494989093,0.3727351160919379,0.6044734616819325,0.18082676003863488,0.43649400936133714
real:low:45:249,45,low,B2,8373.5,7,high,core,0.9999999995973897,0.6287266659878921,0.6210395046264144,0.20190198065075204,0.6186337220525859,0.4502620986058167
real:low:45:250,45,low,B6,2346.5,7,low,core,0.9999999996905496,0.2203435247510492,0.06791195808240584,0.1286360736091923,0.04233358126605447,0.12633191968400248
real:low:45:251,45,low,B2,4524.0,5,mid,early,0.9999999998698558,0.5356209995962279,0.8225739483361237,0.4598745842866845,0.10939852465388289,0.36897252791272156
real:low:45:252,45,low,B8,2662.0,10,low,late,0.9999999997137555,0.3874630477405664,0.3119643742047996,0.3116395138773287,0.19588277722205844,0.21085745673045292
real:low:45:253,45,low,B6,2296.0,8,low,core,0.9999999997122089,0.25077800934373307,0.1286651385070606,0.14920777679151,0.07165099727609411,0.18810739982686273
real:low:45:254,45,low,B8,3035.0,10,mid,late,0.9999999999372395,0.419746173200382,0.0876475558808718,0.35630780293919884,0.23160974730293632,0.17272514054039736
real:low:45:255,45,low,B4,3614.0,5,mid,early,0.9999999996411568,0.49955783645584145,0.10170337223317054,0.5154452643290514,0.13315810494101368,0.15784611513675692
real:low:45:256,45,low,B2,8583.5,5,high,early,0.0,0.564194635832487,0.9064612519055237,0.46097631200828443,0.12300771904134199,0.5345392603793832
real:low:45:257,45,low,B2,2599.0,6,low,core,0.9999999997343303,0.3243253658672564,0.013700957079302797,0.2529317795299115,0.10967292117278274,0.2222661195692243
real:low:45:258,45,low,B4,4982.5,6,mid,core,0.9999999999432401,0.5394070688627929,0.1774274146429346,0.7523857325542864,0.7011511264569377,0.5542393663044265
real:low:45:259,45,low,B6,3222.5,4,mid,early,0.9999999996699759,0.32546259464546085,0.1328670907746642,0.07006169357854822,0.003556925543566014,0.13397923904183168
real:low:45:260,45,low,B2,7019.5,7,high,core,0.9999999996788692,0.4855116925436287,0.5402026657043055,0.42695657638906176,0.3071470606020673,0.5439816332496346
real:low:45:261,45,low,B8,3156.5,9,mid,core,0.9999999997616854,0.4261424132709759,0.03920888815817406,0.3669703893392531,0.10651336141562281,0.11698021297692754
real:low:45:262,45,low,B4,1562.5,12,low,late,0.9999999997666198,0.27188073072493524,0.04012410862357808,0.08911442275716366,0.17239200551233463,0.2399460636592655
real:low:45:263,45,low,B6,2966.5,5,low,early,0.9999999996510652,0.2856566037613621,0.05554140129451101,0.08153422056297714,0.008003658404200116,0.13401239364666193
real:low:45:264,45,low,B2,2663.0,7,low,core,0.9999999996768547,0.24519725233059525,0.006258732110333506,0.16398769355180587,0.04524885346511063,0.1406835610489914
real:low:45:265,45,low,B2,6505.5,6,high,core,0.9999999995329627,0.5632398010441274,0.6091789444555128,0.6161367052831909,0.4836782865884302,0.6377872557812183
real:low:45:266,45,low,B4,3978.5,7,mid,core,0.9999999999078993,0.5271212431364978,0.6110279304786684,0.5778369821210279,0.34960392064372464,0.49823629822857657
real:low:45:267,45,low,B4,2640.0,11,low,late,0.999999999762273,0.41052235324839714,0.2235647726645425,0.3271859361637897,0.2975204174258809,0.3734835867307624
real:low:45:268,45,low,B4,4090.5,5,mid,early,0.9999999999616056,0.5526900550429976,0.35854148429321536,0.6964472631717209,0.2819924949302275,0.3001316269701406
real:low:45:269,45,low,B6,3951.0,6,mid,core,0.9999999998627629,0.5107555128956526,0.1708883140162077,0.5439567275428401,0.22505822172702378,0.23134418024974224
real:low:45:270,45,low,B6,3385.0,6,mid,core,0.9999999997318673,0.37815503479805324,0.07238996786332183,0.32685869920899036,0.11452681455005304,0.13811762939507036
real:low:45:271,45,low,B2,9038.0,5,sat,early,0.0,0.5809765946629265,0.7818121820845715,0.4573148305499569,0.11617122425762548,0.4260524632663826
real:low:45:272,45,low,B4,4336.0,5,mid,early,1.0,0.5965111101810071,0.42026194371834724,0.7013903203643527,0.3731846182437942,0.4943323829204892
real:low:45:273,45,low,B6,3230.5,11,mid,late,0.9999999994271219,0.425647107687294,0.3124921979910631,0.4203682974151323,0.25221171737650483,0.15632262109003278
real:low:45:274,45,low,B2,3801.0,6,mid,core,0.9999999993715867,0.4670483267753986,0.11158548519025341,0.49447856055408174,0.18256188123181263,0.23260384101742576
real:low:45:275,45,low,B6,4787.0,5,mid,early,0.999999999932028,0.5834275628252614,0.4370120862234336,0.6303751960833949,0.28390403787498364,0.3945749146581018
real:low:45:276,45,low,B6,2937.5,6,low,core,0.9999999997178736,0.28325659027900585,0.02261740097154255,0.1845822510346198,0.029907032483961635,0.10547207616583909
real:low:45:277,45,low,B4,2673.5,8,low,core,0.9999999997875618,0.3180579716390354,0.22456008123498652,0.18241957092127375,0.13390736411388396,0.3402156449215578
real:low:45:278,45,low,B4,3433.0,11,mid,late,0.9999999994822694,0.44887203314752955,0.19089012206832048,0.6077887438382858,0.41389270944742274,0.17645018551677538
real:low:45:279,45,low,B2,8110.5,7,high,core,0.9999999996196525,0.6542554591307269,0.35246829146212777,0.22300732292511777,0.6641439934194817,0.4502620986058167
real:low:45:280,45,low,B4,3436.0,8,mid,core,0.9999999996240696,0.5180000551920652,0.15867461858209767,0.5375308843816969,0.31298446295154375,0.3153276200206208
real:low:45:281,45,low,B4,2998.5,8,low,core,0.9999999995739873,0.39937617361516714,0.3255857537499698,0.3183956079527392,0.1491041468103036,0.20555594148314552
real:low:45:282,45,low,B2,1739.5,7,low,core,0.9999999996431065,0.17616568402301314,0.031506011436227034,0.1092225267968988,0.03355513105549609,0.10877978004674255
real:low:45:283,45,low,B4,2673.5,6,low,core,0.9999999996744301,0.28530950188870013,0.02168421604442688,0.18211755915605932,0.04532015627880284,0.1323883188154252
real:low:45:284,45,low,B8,4708.5,9,mid,core,0.9999999993675119,0.5018970887410689,0.3797305584892578,0.46522024484431224,0.4690745214649147,0.5332897569494836
real:low:45:285,45,low,B8,3828.5,12,mid,late,0.9999999993475566,0.3475205842438865,0.20011468113955558,0.24283419892571084,0.12495526584666451,0.1573249676210142
real:low:45:286,45,low,B2,7888.0,6,high,core,0.9999999995463585,0.5612341301333664,0.6222331054922526,0.47438763730881306,0.24025697702138088,0.49767367515086836
real:low:45:287,45,low,B6,2778.0,6,low,core,0.9999999996357205,0.28281104250471567,0.021849953604582237,0.1849520882231413,0.05073086488017946,0.14339335320763005
real:low:45:288,45,low,B8,3912.5,8,mid,core,0.9999999995668547,0.5398844317136244,0.27008385839925225,0.6112009734193654,0.4475652803512871,0.38948292360846976
real:low:45:289,45,low,B8,3617.5,10,mid,late,0.9999999997192764,0.4194183956291554,0.1512778507306143,0.608435376140411,0.32884576333597404,0.17212973001095885
real:low:45:290,45,low,B8,3166.5,5,mid,early,0.9999999996956239,0.4056346856751877,0.027103570090349697,0.2586262852604377,0.04180075760734482,0.13788102154226087
real:low:45:291,45,low,B6,2888.0,9,low,core,0.9999999997927903,0.3578024257052368,0.056667695216526245,0.24719277928616176,0.1867073658929428,0.1359559982654226
real:low:45:292,45,low,B2,4144.5,7,mid,core,0.9999999997503456,0.49733745236617133,0.39854285885632984,0.5060978798492822,0.2649109372878937,0.5000489600925863
real:low:45:293,45,low,B4,3057.0,7,mid,core,0.9999999997235709,0.35779145901705933,0.03905019114339535,0.2715907281289744,0.1208957983306907,0.08488208682859565
real:low:45:294,45,low,B2,6309.5,6,high,core,0.9999999997883846,0.5830715487745618,0.6885587396067226,0.6220580678565042,0.3540756332577306,0.4584471952459757
real:low:45:295,45,low,B4,5945.5,6,mid,core,0.0,0.5538847460008347,0.4112383888185382,0.6480012245406845,0.7455056237063811,0.6143876785063255
real:low:45:296,45,low,B6,3325.0,6,mid,core,0.9999999997426152,0.44496334418984657,0.06644206324788787,0.46390256563075555,0.11408156680090814,0.15151833278093219
real:low:45:297,45,low,B8,1868.0,8,low,core,0.9999999998286571,0.21423645291421708,0.04957158933613432,0.144182749541708,0.05414556308620831,0.17544873006197859
real:low:45:298,45,low,B2,8863.5,6,high,core,0.9999999991518784,0.5860022372077386,0.6167495669678168,0.43384570276312945,0.2229074728461231,0.4561268463859355
real:low:45:299,45,low,B4,3613.5,4,mid,early,0.9999999999166421,0.4621670206303793,0.3213783008834636,0.18442282554374398,0.018193699235615143,0.20499632072073382
real:low:45:300,45,low,B2,4401.5,5,mid,early,0.9999999996689798,0.5057295507192267,0.815536074133761,0.5080232857834096,0.12426398138327063,0.41955284404999726
real:low:45:301,45,low,B6,3394.0,6,mid,core,0.9999999996837196,0.4246050969779428,0.03979201535548462,0.4025052144164878,0.10489022079429487,0.1388746182041753
real:low:45:302,45,low,B2,4993.0,7,mid,core,0.9999999999422828,0.5123235908325318,0.4019816610421325,0.6131579878604748,0.46979823175740637,0.5288599722069826
real:low:45:303,45,low,B8,2482.5,8,low,core,0.9999999997527282,0.3022601376309127,0.1622825985606732,0.17221203899002177,0.11186373833435266,0.3402156449215578
real:low:45:304,45,low,B8,3065.5,10,mid,late,0.999999999471787,0.4272111100394549,0.17481151547069385,0.403955122641216,0.3247890304747785,0.165241245665998
real:low:45:305,45,low,B4,2699.5,6,low,core,0.9999999995885711,0.26235987611833217,0.018876308868939866,0.18339637856060884,0.037772573228944825,0.13431675326535447
real:low:45:306,45,low,B6,3409.0,12,mid,late,0.9999999997869627,0.3408947813463679,0.15795110435530296,0.3007569359227822,0.14595617893775914,0.16307662570147996
real:low:45:307,45,low,B8,3913.0,5,mid,early,0.999999999799571,0.5284563028374518,0.38065652507794734,0.6401957642507987,0.2131624186169588,0.2872118747725328
real:low:45:308,45,low,B2,2270.5,7,low,core,0.9999999997272466,0.2418552377630897,0.08696995469771183,0.13985134427992585,0.05686337987046759,0.1315652427723731
real:low:45:309,45,low,B4,3185.5,6,mid,core,0.9999999996875943,0.38787437796309504,0.021228409991537037,0.3572266790260758,0.08564864863712397,0.1028243155203973
real:low:45:310,45,low,B6,2474.5,11,low,late,0.9999999997829423,0.31781721274688635,0.1796629890086002,0.17288746807786046,0.18879140648916792,0.19262372233598293
real:low:45:311,45,low,B4,3188.5,7,mid,core,0.9999999998014499,0.43801887425664343,0.08395875190889596,0.45580311597457984,0.18241065130101958,0.11092419910515935
real:low:45:312,45,low,B2,7698.0,6,high,core,0.0,0.5910653400426098,0.824486950341154,0.5344450454566292,0.22722136654709096,0.4367070019173466
real:low:45:313,45,low,B8,3218.5,5,mid,early,0.9999999997336644,0.4258009907398609,0.13463758494112732,0.3885125001358233,0.08075318122398392,0.11107938654310993
real:low:45:314,45,low,B6,2138.0,9,low,core,0.9999999998181103,0.29116141014229974,0.09246320125028784,0.21226339709703945,0.1274213941645508,0.18357491282684602
real:low:45:315,45,low,B8,5759.5,5,mid,early,0.0,0.5320294284703968,0.8933778509926092,0.6294827441386556,0.19688924683861875,0.5678968810479726
real:low:45:316,45,low,B2,4808.0,7,mid,core,1.0,0.5327626664762727,0.4948759887172969,0.6694353230913141,0.6243748034560338,0.7002527213510085
real:low:45:317,45,low,B2,5039.5,7,mid,core,0.9999999999909507,0.5580937687303624,0.19182642213199722,0.6795799920943254,0.5887666087790141,0.5156353577326479
real:low:45:318,45,low,B4,4148.0,5,mid,early,0.9999999998154182,0.5485468816508069,0.654874983910561,0.38214338038835,0.09513526469425201,0.3878905655514738
real:low:45:319,45,low,B8,2978.5,8,low,core,0.9999999999004662,0.39072444385582317,0.08601373225341206,0.3082876022443849,0.15316439805564067,0.16146611925413615
real:low:45:320,45,low,B6,3079.0,4,mid,early,0.0,0.2514565976483582,0.07304575854662393,0.047033902227563755,0.0017126475804547818,0.06410359764752001
real:low:45:321,45,low,B6,3563.5,7,mid,core,0.9999999996769336,0.4230438354955251,0.057797239037705714,0.40428766405785205,0.17814997179640124,0.0984902352322813
real:low:45:322,45,low,B2,5758.5,6,mid,core,0.9999999996844664,0.5445556378853794,0.3915079446164942,0.6969392953099685,0.6597845478001815,0.6721183746872812
real:low:45:323,45,low,B8,2891.5,7,low,core,0.9999999997718488,0.3339571456794294,0.3132327941877109,0.21132874279496108,0.11660800017138202,0.20417023646394827
real:low:45:324,45,low,B6,1906.0,7,low,core,0.9999999997733823,0.20278550110471674,0.04937888054723063,0.12770387629591792,0.04454531028490378,0.10996364103176486
real:low:45:325,45,low,B4,2012.0,8,low,core,0.9999999997412162,0.23661623579924063,0.055875118883706665,0.1466789843418255,0.06768030952882234,0.21222296560420068
real:low:45:326,45,low,B2,7832.0,5,high,early,0.0,0.5683853547589724,0.8926655808918633,0.509057819454709,0.17390881322595142,0.5317723853788157
real:low:45:327,45,low,B4,5708.0,6,mid,core,0.9999999997763004,0.509878364662723,0.45423448012463385,0.6495719081992328,0.6288094429460673,0.6436032504614074
real:low:45:328,45,low,B2,5483.5,7,mid,core,0.9999999999361235,0.5487037523760014,0.227627149912272,0.631314174208864,0.5192995507888035,0.4959208499508486
real:low:45:329,45,low,B6,1705.5,8,low,core,0.9999999997719069,0.2062741589878221,0.01855493419132583,0.1333791628378888,0.04872880937971023,0.1245902947327125
real:low:45:330,45,low,B6,2714.0,8,low,core,0.9999999997421987,0.2925002686369273,0.22112098798945715,0.17416629183245097,0.09734134345387546,0.1417023030131383
real:low:45:331,45,low,B4,4665.0,6,mid,core,1.0,0.5541766224918545,0.18315239437967656,0.7330710164370253,0.5996079762045976,0.3938136889008487
real:low:45:332,45,low,B4,3832.5,5,mid,early,0.9999999998163042,0.5422805775118711,0.6765320463627758,0.4239457930245201,0.1387575286086882,0.37320756108095576
real:low:45:333,45,low,B6,1891.5,6,low,core,0.9999999997441177,0.17424266998745208,0.012120470483127003,0.061026999929955715,0.004169449411089528,0.06745208032883929
real:low:45:334,45,low,B4,3622.0,5,mid,early,0.9999999996735388,0.4749929779724942,0.1859139088528527,0.507571497773327,0.10131754330404871,0.1686974182588482
real:low:45:335,45,low,B4,2734.0,7,low,core,0.9999999995742411,0.26500550772011905,0.04576229401940894,0.06949572588382737,0.007382837352906529,0.11567297757573841
real:low:45:336,45,low,B2,8332.0,6,high,core,0.0,0.584907576322357,0.6790474568786147,0.5096402170542359,0.20840345085267958,0.4150575539062087
real:low:45:337,45,low,B4,4268.5,10,mid,late,0.9999999997763934,0.45701315461293596,0.4256195151219668,0.5119883906454563,0.32577485871638906,0.3520639433188302
real:low:45:338,45,low,B8,3719.5,8,mid,core,0.9999999995059893,0.5618866053495466,0.19978952972234437,0.7012900746261534,0.5441572610513633,0.5065601568279445
real:low:45:339,45,low,B6,3243.0,5,mid,early,0.9999999997273538,0.32212086730201545,0.024292284039415055,0.20851480473363143,0.028998869564476153,0.1608323537339013
real:low:45:340,45,low,B4,5615.0,6,mid,core,0.9999999995019166,0.5624590197735577,0.7552528817708766,0.7249722363725787,0.5747378312089363,0.5006027599719236
real:low:45:341,45,low,B4,3813.5,5,mid,early,0.9999999996761486,0.5125035247959158,0.6477174398863897,0.3878952827520151,0.06640477740196579,0.3086336922062685
real:low:45:342,45,low,B2,2230.0,7,low,core,0.9999999996104347,0.2124872844261167,0.008773954281538768,0.14990760564201808,0.0385848035309244,0.0812922141312722
real:low:45:343,45,low,B2,2032.5,8,low,core,0.9999999997705687,0.2415323914882687,0.10363254626135808,0.1508662245679523,0.059427924861476154,0.18420279812703869
real:low:45:344,45,low,B2,4057.5,5,mid,early,0.9999999994914411,0.45897399412681883,0.3820461905643899,0.48131205586735354,0.07304645429930108,0.27804756591613317
real:low:45:345,45,low,B2,4203.0,7,mid,core,0.9999999996009512,0.4799368065229926,0.38681659419402203,0.49439231070134926,0.23272957030019614,0.5089901954434426
real:low:45:346,45,low,B8,3370.5,7,mid,core,0.9999999999707347,0.46040130956073655,0.21025895807313855,0.4629196470257081,0.2709569129752196,0.3599910966820159
real:low:45:347,45,low,B2,3410.0,7,mid,core,0.9999999996166059,0.39172923754706057,0.06955135462371384,0.34810200089492066,0.15581005081833735,0.22806353195101112
real:low:45:348,45,low,B2,7493.5,7,high,core,0.9999999996388088,0.5356023745841195,0.6201508780255187,0.4352040565144462,0.27853846968240314,0.423932857582124
real:low:45:349,45,low,B4,2972.0,5,low,early,0.9999999997770672,0.30807757354886817,0.05651730189423012,0.11139201706805056,0.014663676860808227,0.10039828250650193
real:low:45:350,45,low,B4,4122.5,5,mid,early,0.9999999998131129,0.5437952034817098,0.635039510661634,0.494693078231115,0.10992830081672322,0.41861288128185314
real:low:45:351,45,low,B2,1891.5,8,low,core,0.9999999996531,0.21460989286711024,0.048553499788567205,0.12519317132250024,0.051360994104218065,0.13461983114091497
real:low:45:352,45,low,B4,2898.0,4,low,early,0.0,0.30869243603037544,0.0950212624714167,0.15648305531078802,0.0030088546708062058,0.07410423724699287
real:low:45:353,45,low,B4,2034.5,6,low,core,0.0,0.12149528512784494,0.011581980396384932,0.017260739975695837,0.0011725398799703759,0.032535284072286265
real:low:45:354,45,low,B8,3011.0,9,mid,core,0.9999999997909301,0.4102363127995383,0.1632088253056912,0.33028749426817905,0.2382381105098203,0.3973917772089678
real:low:45:355,45,low,B6,2590.5,7,low,core,0.9999999997801597,0.2683854795986016,0.05287578260861288,0.15968010031093935,0.07595292517533589,0.24558609767087464
real:low:45:356,45,low,B8,4330.5,6,mid,core,0.9999999996980594,0.563938180900139,0.32631320359982846,0.7811320883739068,0.7451146413456932,0.5199900037581584
real:low:45:357,45,low,B2,3941.5,7,mid,core,0.9999999996762687,0.4801368419164866,0.5066747050310547,0.48878810553237817,0.23853514365470693,0.30295588530880946
real:low:45:358,45,low,B2,3059.0,7,mid,core,0.9999999996019231,0.32885489341099083,0.2307418285968981,0.18978183346773092,0.11081331440690981,0.1947999415413296
real:low:45:359,45,low,B2,8190.0,5,high,early,0.0,0.5736376385640655,0.8147047032895154,0.5136245658368946,0.16634644631735085,0.42270206131973576
real:low:45:360,45,low,B6,3419.0,10,mid,late,0.9999999994760049,0.4794141545989318,0.15685158755110326,0.5707049159132572,0.31905596190132823,0.13908768027075497
real:low:45:361,45,low,B2,4427.5,5,mid,early,0.9999999998178116,0.5068820605616279,0.8378229845413088,0.3966698791599314,0.10538889088126226,0.36897252791272156
real:low:45:362,45,low,B2,8016.0,5,high,early,0.0,0.5604459602445421,0.8940610651219958,0.5100067071402585,0.18096312837938355,0.6407298108343957
real:low:45:363,45,low,B2,7957.5,6,high,core,0.9999999991345427,0.6463671508105019,0.8060155455509116,0.7594785249799891,0.4923665271115655,0.6013052534580919
real:low:45:364,45,low,B6,3426.5,8,mid,core,0.9999999994757877,0.49055228795424805,0.20199774495209133,0.46968857702127303,0.28997840718820445,0.2603823583713017
real:low:45:365,45,low,B6,1773.5,4,low,early,0.0,0.06148307212607037,0.010684357220420035,0.006259795719170173,0.0003033847117899399,0.06379628381949976
real:low:45:366,45,low,B4,4557.0,6,mid,core,0.9999999999233057,0.5900233043191992,0.44641951347626807,0.7241038777731487,0.4905950594706662,0.4236675542961979
real:low:45:367,45,low,B2,4631.5,5,mid,early,0.9999999999066792,0.5373964679800257,0.8900357809146031,0.4998325313827499,0.11406523311306012,0.4520187707887168
real:low:45:368,45,low,B8,3477.0,7,mid,core,0.9999999997605815,0.501644804116295,0.0535446549192359,0.5640038296784483,0.28087837168150864,0.15969967465467633
real:low:45:369,45,low,B4,3722.0,12,mid,late,0.9999999995214522,0.4095633910951982,0.21547716772900818,0.46001276149151327,0.14765088979975582,0.1605087603680834
real:low:45:370,45,low,B2,3301.5,4,mid,early,0.0,0.2882976815531142,0.16678951599557346,0.06031649319759961,0.0030394728040704045,0.13434861807955234
real:low:45:371,45,low,B2,9291.0,5,sat,early,0.0,0.5522282918162019,0.9031774729400021,0.3709378996705602,0.08441755708808113,0.5847872399885486
real:low:45:372,45,low,B6,2226.5,8,low,core,0.9999999997952786,0.26865406043624507,0.09587226595271542,0.16603313478989298,0.08573819145094931,0.16488069387359103
real:low:45:373,45,low,B4,4065.5,6,mid,core,0.9999999998380269,0.508802759404891,0.1492815970683523,0.5438449430941218,0.1996244831079819,0.3458359644856065
real:low:45:374,45,low,B4,4317.0,11,mid,late,0.9999999997291901,0.3922341439023935,0.322157233044657,0.48927399058294674,0.17351143087887136,0.21527599586378773
real:low:45:375,45,low,B8,4315.0,5,mid,early,0.9999999998066241,0.5352403358504089,0.722621976001236,0.5758239563405947,0.18303824757562634,0.5078346077255778
real:low:45:376,45,low,B2,6202.5,7,high,core,0.9999999996307161,0.5464994200712262,0.3732856019831913,0.5757808179667973,0.49046107377685205,0.442338590870443
real:low:45:377,45,low,B8,3670.5,7,mid,core,0.9999999999520638,0.5047705064910332,0.29672954893680953,0.5215674145794331,0.3171452909595983,0.39518263581596424
real:low:45:378,45,low,B6,3914.0,8,mid,core,0.999999999720738,0.5372297868953197,0.38300857567337365,0.5317011299223638,0.3111972603831037,0.3237001955378096
real:low:45:379,45,low,B6,2649.0,7,low,core,0.9999999997673104,0.2869035135385042,0.1537164627803925,0.15951708782391824,0.08545661537518086,0.10039626877191468
real:low:45:380,45,low,B6,3025.5,8,mid,core,0.9999999997740722,0.32167078279064704,0.020976154057996733,0.1768623777658575,0.04292102673772434,0.08133363242192228
real:low:45:381,45,low,B8,4635.0,6,mid,core,0.9999999996445712,0.531806003133327,0.12552253224602697,0.7438130714442834,0.7424844158488186,0.44456048526976216
real:low:45:382,45,low,B8,3323.0,7,mid,core,0.9999999997857597,0.47606001320505353,0.41018594947200887,0.4983524755502319,0.2571343045889675,0.22115023825202665
real:low:45:383,45,low,B6,2337.0,11,low,late,0.9999999996866815,0.31772906929210526,0.08400977378068399,0.21040398569972324,0.1649374550531166,0.17686785968277066
real:low:45:384,45,low,B8,2721.0,12,low,late,0.999999999616561,0.3579251138987376,0.08252013452001647,0.233844678761669,0.20510158378795254,0.11279429822520011
real:low:45:385,45,low,B2,2413.0,6,low,core,0.9999999995550666,0.22329906218319334,0.005652311599527643,0.15167404945055546,0.040147226013675465,0.10464596102945294
real:low:45:386,45,low,B6,4161.5,8,mid,core,0.9999999997848176,0.5506534106885606,0.24936596762727642,0.6226884571462417,0.4413125436049174,0.43670344657961835
real:low:45:387,45,low,B2,3526.5,4,mid,early,0.0,0.2860808235325708,0.09746558747846079,0.07018393602737576,0.0024251769146875473,0.06098205678590576
real:low:45:388,45,low,B4,3617.5,6,mid,core,0.9999999997978767,0.49482543887774555,0.07171686640103733,0.5804526679406645,0.2502267074783178,0.22459024352156884
real:low:45:389,45,low,B8,1975.5,9,low,core,0.9999999997879675,0.2822991118797124,0.2856556890970746,0.18781731932022427,0.1031929505273735,0.18529204879134903
real:low:45:390,45,low,B6,2857.0,9,low,core,0.9999999998697894,0.3641123238529949,0.13961365167649162,0.2520707349306924,0.18624549144611932,0.18520827418353622
real:low:45:391,45,low,B2,8692.5,6,high,core,0.9999999990176746,0.5843538065240593,0.645475850053802,0.45159152325315577,0.20907534227525204,0.4449575118251538
real:low:45:392,45,low,B2,3866.0,4,mid,early,0.9999999996137034,0.4289025161581991,0.30628475214769724,0.15226564831615566,0.015731383393932503,0.22736620679725375
real:low:45:393,45,low,B8,3470.5,12,mid,late,0.9999999997112674,0.40992910258934356,0.17115395883179818,0.48772446615657566,0.14753630295302247,0.10129319871891665
real:low:45:394,45,low,B2,3053.0,7,mid,core,0.9999999996915309,0.3359157562429962,0.015226816243616081,0.2484439848609819,0.10128790927067424,0.13714014494150323
real:low:45:395,45,low,B2,1764.5,8,low,core,0.9999999997497938,0.2139478439059736,0.06904932365190646,0.13571812281007892,0.05481069204368553,0.15250844167066627
real:low:45:396,45,low,B2,2996.0,6,low,core,0.9999999996097353,0.28443608071324633,0.024885995775893795,0.12737393710029427,0.02538992781141864,0.12928335177583922
real:low:45:397,45,low,B4,4414.0,7,mid,core,0.9999999997597213,0.4595791615576661,0.6140218465809326,0.48880987315693425,0.5237450942347218,0.6136713926072094
real:low:45:398,45,low,B6,2841.5,9,low,core,0.9999999996663332,0.34966677353987474,0.23615485396590688,0.2646062356690751,0.13092860480818008,0.16700218925618296
real:low:45:399,45,low,B8,3744.5,7,mid,core,0.999999999718852,0.5194575790922681,0.194163703604932,0.5869597599208773,0.32360861670997415,0.40012775799331096
real:low:45:400,45,low,B6,3530.0,6,mid,core,0.9999999996804442,0.45304888601479193,0.05317479470950263,0.45163181869383506,0.19309496022194547,0.11092419910515935
real:low:45:401,45,low,B8,5101.5,8,mid,core,0.9999999996925646,0.4991730404093787,0.552835081992881,0.423012468734407,0.3918605400639731,0.5692071941498074
real:low:45:402,45,low,B8,2691.5,12,low,late,0.9999999994989023,0.35126721220547574,0.08463933484915409,0.20381816986074677,0.20269188570911237,0.17955544517677835
real:low:45:403,45,low,B2,8870.5,6,high,core,0.9999999996428491,0.35467053844771296,0.34135308792812835,0.3064935129153892,0.41354621458975616,0.1921516898848704
real:low:45:404,45,low,B8,4856.5,9,mid,core,0.999999999613787,0.4622803346352765,0.7944334361358747,0.47202635238338486,0.42061636539248964,0.5429362450563915
real:low:45:405,45,low,B2,6320.0,7,high,core,0.9999999997733454,0.491470994070297,0.5312897714033398,0.4866212835555624,0.43937340576694023,0.6709536281247586
real:low:45:406,45,low,B2,3285.0,7,mid,core,0.9999999998755259,0.3552759526936367,0.39019598770069763,0.24389282232992812,0.12306575302582669,0.15309146336457988
real:low:45:407,45,low,B2,4837.5,6,mid,core,0.9999999999837568,0.6107419935270497,0.3360441903444618,0.6872124372581159,0.461774274957558,0.38098490702413385
real:low:45:408,45,low,B2,5114.0,6,mid,core,0.9999999998278895,0.5745907643551167,0.33849245456610466,0.6261576133784168,0.3681989739461248,0.48548625593173944
real:low:45:409,45,low,B2,4072.5,6,mid,core,0.9999999997063859,0.46964979520653655,0.13707164523496684,0.44166382259118214,0.14656891113212323,0.26438378751394204
real:low:45:410,45,low,B6,2924.5,7,low,core,0.9999999997392675,0.29762088281082005,0.07201623099473009,0.17569410932211088,0.07864231959830781,0.15698766049532517
real:low:45:411,45,low,B4,3160.5,9,mid,core,0.9999999996035531,0.4591387087237289,0.19861108469325356,0.3745816681698728,0.3216987259858991,0.26965434036711056
real:low:45:412,45,low,B2,1853.5,8,low,core,0.9999999996065345,0.22416498330232726,0.08182932567187111,0.13029078963270685,0.05988637808963665,0.1997258768477872
real:low:45:413,45,low,B6,1612.0,9,low,core,0.9999999998802638,0.22157481688087757,0.03958140591823659,0.14325423608264068,0.08749273312449977,0.162954733587353
real:low:45:414,45,low,B2,8539.0,6,high,core,0.9999999991055601,0.5742951077891779,0.6229715461028611,0.4583051526196527,0.24321470041554963,0.4449575118251538
real:low:45:415,45,low,B6,2012.0,4,low,early,0.0,0.08402364869887707,0.02470939158818284,0.011547795470145445,0.0005560482789525188,0.049442622428566334
real:low:45:416,45,low,B6,3637.0,6,mid,core,0.9999999995778353,0.496996799040702,0.05312480600704534,0.4790968746384938,0.1543618770475286,0.1408704670751773
real:low:45:417,45,low,B2,6479.5,7,high,core,0.999999999757549,0.5163231374683035,0.831141110515203,0.5026905113161928,0.3692624150463489,0.5851426379164831
real:low:45:418,45,low,B4,3088.0,12,mid,late,0.999999999746217,0.4880543630646857,0.20099305714124718,0.36597276720095906,0.3861839931572963,0.21443744306753482
real:low:45:419,45,low,B6,4457.5,12,mid,late,0.9999999996589034,0.3547078988926485,0.2584144060763099,0.21371450625675395,0.11933557630816513,0.18099391247432
real:low:45:420,45,low,B4,5530.5,8,mid,core,0.9999999996655049,0.46706516686435895,0.6776301667816678,0.3597179075387592,0.2921004929748216,0.6804193031731961
real:low:45:421,45,low,B6,1907.5,8,low,core,0.9999999998061775,0.22034161396397803,0.05662749759503625,0.1333965354878939,0.05507048159181574,0.17398302429230778
real:low:45:422,45,low,B2,7297.5,5,high,early,0.0,0.5702704709305202,0.8428304035109195,0.539713582537136,0.266587780908183,0.5435509506257801
real:low:45:423,45,low,B4,1728.5,12,low,late,0.9999999996109231,0.2424886299288774,0.04888449651375359,0.08193476966663883,0.12239751118861503,0.1646639405886186
real:low:45:424,45,low,B6,1607.5,11,low,late,0.9999999993809366,0.2760991277852342,0.048325195073593716,0.12757353360913176,0.1588597544142307,0.1147467827767205
real:low:45:425,45,low,B4,4889.0,5,mid,early,0.9999999999287263,0.5723845806750336,0.9179031689870223,0.6333872533824546,0.23173199230687755,0.617075589678494
real:low:45:426,45,low,B6,1917.5,6,low,core,0.9999999996372049,0.1846762166977254,0.013107082164959656,0.08152651483091587,0.008863650446146726,0.07088858332908074
real:low:45:427,45,low,B6,2142.0,7,low,core,0.9999999997233562,0.2393505538981277,0.037955611827438285,0.14590014766866136,0.06181707076059343,0.15026611565734269
real:low:45:428,45,low,B4,3747.5,12,mid,late,0.9999999996591395,0.4064371629135011,0.1938407040306996,0.4641984354268066,0.13216607834968164,0.15658784803287185
real:low:45:429,45,low,B2,2902.5,8,low,core,0.9999999995911308,0.3269446430748816,0.1241318116599056,0.23227924836457425,0.1450133060326552,0.24637711384954694
real:low:45:430,45,low,B6,3105.0,10,mid,late,0.9999999994220021,0.43818449642927804,0.12731719600498811,0.41122163346023016,0.34213680076348374,0.17561488445357412
real:low:45:431,45,low,B6,1939.0,10,low,late,0.9999999996888204,0.26687258727543983,0.13134084154386624,0.18448139455524296,0.10323767821862904,0.17278930252775557
real:low:45:432,45,low,B6,1905.0,9,low,core,0.9999999998210565,0.2412677082213505,0.15393763883262254,0.15646944592179177,0.0740143562247651,0.20474418249045018
real:low:45:433,45,low,B4,7211.5,6,high,core,0.9999999992263395,0.5392312906358117,0.4019858206237967,0.453964844325512,0.22554554594664086,0.4365226738537826
real:low:45:434,45,low,B6,2046.5,11,low,late,0.9999999994349612,0.29995850103045335,0.06958332287106919,0.17510329029849667,0.14598154281435605,0.14513061127409285
real:low:45:435,45,low,B6,1998.5,12,low,late,0.9999999997277105,0.27425943170959177,0.05135732872063472,0.09869109709395846,0.12719843726881025,0.1613730651314424
real:low:45:436,45,low,B6,1577.0,8,low,core,0.9999999998228731,0.19008549464848778,0.03715187126261136,0.11031213972664257,0.05105942573011181,0.22518118115561434
real:low:45:437,45,low,B4,1832.5,9,low,core,0.9999999994687501,0.23887194879922638,0.044520768396175164,0.159170627683565,0.07177482746363648,0.13942434042035481
real:low:45:438,45,low,B2,4480.5,6,mid,core,0.9999999995773445,0.509146352791071,0.27487179225820485,0.5624196428228666,0.2537895517686885,0.41259468332936977
real:low:45:439,45,low,B8,4257.0,6,mid,core,0.9999999997736974,0.5642676494347517,0.28709987023737255,0.7470686849784892,0.5580831345670344,0.5694433039577927
real:low:45:440,45,low,B8,3084.0,11,mid,late,0.9999999999090939,0.48272406869408313,0.12323246565528177,0.4349691138911209,0.29930756783581575,0.16725370057308467
real:low:45:441,45,low,B8,2494.5,5,low,early,0.9999999997355798,0.21947991390746363,0.015122158240192623,0.06786032245278037,0.008150559808583346,0.06702925946421978
real:low:45:442,45,low,B8,2662.5,9,low,core,0.9999999998510627,0.38038465432567203,0.2554463613061264,0.26602555221619506,0.2630255966962431,0.3614472526824417
real:low:45:443,45,low,B4,7055.0,4,high,early,0.0,0.5991620907075127,0.9242507652312368,0.2118394134203829,0.040282041208005076,0.6583882753871991
real:low:45:444,45,low,B6,3209.5,6,mid,core,0.9999999997444822,0.3800527664183796,0.08482430863356816,0.31728815205351335,0.11797821515035245,0.19348226018429937
real:low:45:445,45,low,B8,2046.0,9,low,core,0.999999999788415,0.2911047380053547,0.11859806090712781,0.1907347415618729,0.12178018280132677,0.21622978072598786
real:low:45:446,45,low,B4,3925.5,7,mid,core,0.9999999994329876,0.5344021941929806,0.6351412423421369,0.5707348454534564,0.3339488256367642,0.43888286832366546
real:low:45:447,45,low,B2,4273.0,7,mid,core,0.9999999997830706,0.5657714055947787,0.16059161320751536,0.622835990466173,0.39927973958956375,0.4036847371581647
real:low:45:448,45,low,B2,4950.5,5,mid,early,0.9999999998514224,0.572066261663011,0.5348777812037827,0.6317902252006511,0.27239118296103476,0.4462651520394258
real:low:45:449,45,low,B4,2228.0,6,low,core,0.9999999996678837,0.2060809057826333,0.010807277133332132,0.14826932684233593,0.027874181851382646,0.0803903254949284
real:low:45:450,45,low,B4,4252.0,9,mid,core,0.9999999998361387,0.4537223008460843,0.38672850190405245,0.5390170183541168,0.3961305306968227,0.442958906960746
real:low:45:451,45,low,B6,2770.0,7,low,core,0.9999999996980367,0.28554763344570616,0.008462694125405078,0.19106587379105916,0.07691248913997241,0.12928335177583922
real:low:45:452,45,low,B2,7474.0,6,high,core,0.9999999994772758,0.5590191173786668,0.6612331192989559,0.48960617010719715,0.27988919012443114,0.5559604948397863
real:low:45:453,45,low,B6,1887.0,7,low,core,0.9999999997412699,0.1984001398030827,0.02949875068619328,0.11998348199146075,0.03438364794198778,0.1390991833966411
real:low:45:454,45,low,B2,7582.5,4,high,early,0.0,0.6040575843687426,0.9489106394597289,0.31922313117876594,0.053852441730934196,0.6273450951463851
real:low:45:455,45,low,B4,3845.0,8,mid,core,0.9999999999292355,0.5629462829756451,0.23449793547328895,0.664563367981845,0.5183503810370256,0.408105948196919
real:low:45:456,45,low,B2,4128.5,7,mid,core,0.9999999996188544,0.5201882421404109,0.6415881880494209,0.5544899419017674,0.2771138800598753,0.4342579058953408
real:low:45:457,45,low,B4,3961.0,6,mid,core,1.0,0.5733406262427512,0.27391939417627315,0.698759384637726,0.42608050210995996,0.4790199037712853
real:low:45:458,45,low,B6,3116.5,5,mid,early,0.9999999996826088,0.3191569308162502,0.041481751002485766,0.23111728603830736,0.03856971954291702,0.12300437353351715
real:low:45:459,45,low,B4,5046.5,5,mid,early,0.9999999994776532,0.6043997962666536,0.9274179069339784,0.5492656704493455,0.17538143169879192,0.6076127716266181
real:low:45:460,45,low,B2,6460.0,6,high,core,0.9999999996409158,0.5651862736818748,0.821061738646014,0.6290792606817713,0.4770819202632612,0.6081643731433738
real:low:45:461,45,low,B6,2240.0,9,low,core,0.9999999997457759,0.29290010432868874,0.2356789267407912,0.21899777013307176,0.1200873885420573,0.23320156095957367
real:low:45:462,45,low,B4,2772.5,7,low,core,0.9999999995764747,0.26336145133924027,0.04778341644124146,0.06697429079516301,0.007150921105906781,0.10572733336260542
real:low:45:463,45,low,B2,5024.5,7,mid,core,0.9999999999668435,0.5131648716888496,0.38738693006290786,0.6094018295256028,0.5084815836642294,0.6074565381794526
real:low:45:464,45,low,B2,6332.0,5,high,early,0.9999999994325125,0.5607274312259896,0.8479134527938579,0.6129135717229913,0.30896730777481884,0.7010913393756537
real:low:45:465,45,low,B4,3884.0,6,mid,core,0.9999999997937881,0.5489713836938334,0.21860056223442972,0.6273395282529975,0.28215114618106446,0.31368188463236546
real:low:45:466,45,low,B8,4985.0,9,mid,core,0.9999999996311291,0.43901649909980917,0.6196500492226312,0.4072883630127872,0.3825907609203532,0.5258373994392239
real:low:45:467,45,low,B6,5105.5,6,mid,core,0.999999999892231,0.5720716487744438,0.5229323590379201,0.6802703383238943,0.4574990618720105,0.45265498238143076
real:low:45:468,45,low,B4,2825.0,7,low,core,0.9999999997068558,0.3412710142389021,0.014435344836131552,0.24432237654276523,0.11859738604496617,0.08602207342980604
real:low:45:469,45,low,B4,2892.5,4,low,early,0.0,0.29518924585906764,0.0950212624714167,0.14630513641027468,0.0024268768972275133,0.07228125467102761
real:low:45:470,45,low,B2,9281.5,5,sat,early,0.0,0.571781681439292,0.8944095349555617,0.3872159770475969,0.08098770702484566,0.6289911110872153
real:low:45:471,45,low,B6,3130.0,8,mid,core,0.9999999998761809,0.3874451444827895,0.10735956509659392,0.31934922247528313,0.15269999410869994,0.16146611925413615
real:low:45:472,45,low,B4,3372.5,5,mid,early,0.9999999997269285,0.4180435398233377,0.13217778657166088,0.3989741117856933,0.0535456993081524,0.24503049290065326
real:low:45:473,45,low,B6,3063.0,10,mid,late,0.9999999995561312,0.42730252507854966,0.11481676852161954,0.3429383928444232,0.29301501058402746,0.19886590475488877
real:low:45:474,45,low,B2,3581.0,6,mid,core,0.9999999998233917,0.4410848222872104,0.04551600830860401,0.41990015337816095,0.12858959320561758,0.11092419910515935
real:low:45:475,45,low,B6,1777.5,8,low,core,0.9999999997437878,0.20947577999930408,0.14912314869974874,0.1348876879565835,0.047491331109072464,0.08235542270108931
real:low:45:476,45,low,B4,3318.0,7,mid,core,0.9999999997283405,0.4717812066000031,0.36213156893779397,0.48609348577883965,0.31162928417696295,0.32001390700716803
real:low:45:477,45,low,B4,5297.0,9,mid,core,0.9999999994217208,0.4469145744132602,0.5520459898012948,0.37516644489028445,0.3296299316520561,0.4797904186538601
real:low:45:478,45,low,B2,5051.5,5,mid,early,0.9999999998245664,0.5869164259666186,0.5647341937345027,0.6567730827740422,0.347050696339756,0.48972466929972713
real:low:45:479,45,low,B4,2407.0,7,low,core,0.9999999996561268,0.2696504055536607,0.06619661038802857,0.1796289125808097,0.07330331956775753,0.22186476819039516
real:low:45:480,45,low,B8,4821.0,11,mid,late,0.9999999996233406,0.39880059550587404,0.3640166085575556,0.42102632266745893,0.20092971778639754,0.25171446254948027
real:low:45:481,45,low,B4,4905.5,4,mid,early,0.999999999723591,0.5547474518169999,0.8854640415684482,0.2384283455523197,0.03674869877268199,0.566031409484615
real:low:45:482,45,low,B2,3540.5,6,mid,core,0.9999999995995281,0.36388388659238746,0.03936168514202824,0.34634960604619364,0.07433450819383537,0.08845650857212697
real:low:45:483,45,low,B2,7759.0,5,high,early,0.0,0.5776770160012853,0.8148996676648732,0.5263583197850636,0.18859577379472975,0.4845206238416353
real:low:45:484,45,low,B2,3184.0,6,mid,core,0.9999999998052259,0.33903668035132745,0.018917093243899057,0.2358614621778135,0.053572370353582366,0.13714014494150323
real:low:45:485,45,low,B6,2262.5,6,low,core,0.9999999997434519,0.22563536484129726,0.013110114552157525,0.15720725859747398,0.03307740911011152,0.23742031197118837
real:low:45:486,45,low,B4,3591.5,12,mid,late,0.9999999997179607,0.3942344109599406,0.1453325064348966,0.4222530708061075,0.14411205194290067,0.11382508211351992
real:low:45:487,45,low,B2,8661.5,6,high,core,0.999999999613541,0.5560408318908168,0.5554245070549616,0.4063500547684323,0.18239625036476964,0.44523966004909105
real:low:45:488,45,low,B4,1949.0,11,low,late,0.9999999997357281,0.3080605975446589,0.041585412065991034,0.1640728881785478,0.17747656823131575,0.1677110245117472
real:low:45:489,45,low,B4,1731.0,8,low,core,0.9999999995206933,0.22674136261143904,0.06387472722886019,0.1588765150126809,0.07673268111818164,0.2353626591368585
real:low:45:490,45,low,B2,9326.5,6,sat,core,0.999999998997625,0.5867606843745543,0.5818061388098237,0.4269708924413394,0.2236616412053491,0.3915767978838205
real:low:45:491,45,low,B6,2978.0,10,low,late,0.9999999996852739,0.3998289446505072,0.3403482397029063,0.3424636460533101,0.2744924672200658,0.17132173093503147
real:low:45:492,45,low,B4,3406.5,6,mid,core,0.9999999995577261,0.5131140141467696,0.07030160114740004,0.609617908171582,0.2466102152026426,0.1682949416369107
real:low:45:493,45,low,B6,4038.5,6,mid,core,0.9999999998808491,0.5125672193762982,0.21593450048226087,0.5708057389864106,0.26610577137101776,0.3239488640732672
real:low:45:494,45,low,B2,2851.0,7,low,core,0.9999999998028385,0.3131596791628674,0.023138476889706695,0.20455277677734954,0.06547930071568026,0.17841457539427355
real:low:45:495,45,low,B6,5293.0,8,mid,core,0.9999999997240179,0.5081996381225063,0.47955808414040907,0.41637762898985214,0.3870156785589469,0.4998919433264177
real:low:45:496,45,low,B6,3269.0,4,mid,early,0.9999999996084746,0.28850970095462564,0.10961457877501288,0.05966422233567259,0.002404361579541386,0.08993703667352745
real:low:45:497,45,low,B4,2590.0,5,low,early,0.9999999997055432,0.23477767625920334,0.020369731328234192,0.09441410429394233,0.009979717522625298,0.09931316698639525
real:low:45:498,45,low,B8,3275.0,7,mid,core,0.9999999997923793,0.44914700995853196,0.23136785823082112,0.42987004240247295,0.21511156613910043,0.2625767396516434
real:low:45:499,45,low,B8,4096.5,6,mid,core,0.9999999998280659,0.5698506380173575,0.27461577125519476,0.6730294684393289,0.39115634436290836,0.40073702055390237
real:low:46:0,46,low,B2,4663.5,6,mid,core,0.9999999996769783,0.5401650515923475,0.16787472536246031,0.6039847775176658,0.3309617077676197,0.3556189480088073
real:low:46:1,46,low,B2,2322.0,7,low,core,0.9999999996304872,0.2349829276153284,0.14661105162164328,0.13526460834660695,0.04901315874601756,0.10583357045522877
real:low:46:2,46,low,B2,7374.0,5,high,early,0.0,0.5652064213200861,0.8018061940417488,0.522435749792422,0.24969104341834297,0.5682862663716222
real:low:46:3,46,low,B2,3950.5,7,mid,core,0.9999999995694914,0.5117610609002721,0.30003242295368,0.5520346906139668,0.27363944114834005,0.37502487497358095
real:low:46:4,46,low,B2,4719.5,6,mid,core,0.9999999998932152,0.5694647140235047,0.2929536000856612,0.6102556222278617,0.25139008683760405,0.2816146156389922
real:low:46:5,46,low,B2,6270.5,5,high,early,0.999999999364214,0.5606483075323753,0.7503312213083201,0.6317440656450518,0.3754191964913484,0.5074244174095637
real:low:46:6,46,low,B6,2439.5,7,low,core,0.9999999997681664,0.24721328633966633,0.06180227689408031,0.15907194611908138,0.0613132818992056,0.12882527265502428
real:low:46:7,46,low,B2,6699.5,5,high,early,0.9999999992817974,0.561495461511261,0.8177813907238424,0.6728163429298641,0.4271619355902712,0.5563548669455538
real:low:46:8,46,low,B8,2647.5,8,low,core,0.9999999998171482,0.328420984453683,0.2055269003475373,0.2023460124867049,0.1395160582356906,0.3530306670217601
real:low:46:9,46,low,B2,4048.5,4,mid,early,0.9999999997201424,0.42865575231327724,0.5260442450194859,0.10586404068937552,0.010040714879920452,0.21199048028395898
real:low:46:10,46,low,B2,9487.0,6,sat,core,0.9999999996578113,0.5635803078232521,0.5416539302596578,0.3558831367489648,0.18567771219821227,0.4142478104501623
real:low:46:11,46,low,B2,6304.0,6,high,core,0.9999999997300537,0.5460434699290059,0.7633670313316956,0.5962506722147866,0.3871253410344279,0.5860995357523208
real:low:46:12,46,low,B6,2890.5,8,low,core,0.9999999997309089,0.36418518773236996,0.013063863062501445,0.25593942435316963,0.1304640772710057,0.12382601013607247
real:low:46:13,46,low,B2,5179.0,5,mid,early,0.9999999998498038,0.5738445348675572,0.5803198756926123,0.6551986224794629,0.32245806254361675,0.4691836412887524
real:low:46:14,46,low,B2,2453.5,6,low,core,0.9999999996499573,0.22234584480060596,0.02558795700953567,0.10822325685432801,0.018827345374361832,0.2596492862668802
real:low:46:15,46,low,B2,1719.5,4,low,early,0.0,0.04127405041142988,0.008068395592868222,0.0024684936849662057,0.0001664808412474872,0.0550497676518317
real:low:46:16,46,low,B2,4504.0,6,mid,core,0.9999999996928468,0.5386991673172056,0.24404597430280114,0.5852499027188308,0.24233627655734058,0.3132500335949406
real:low:46:17,46,low,B2,5984.0,6,mid,core,0.9999999997248787,0.5388151429361584,0.7421060783149095,0.6460906141605698,0.4944374669500085,0.6783444189634598
real:low:46:18,46,low,B2,1773.5,7,low,core,0.9999999996576734,0.19199165106848437,0.02386260681534624,0.12225598864679292,0.030904639395335498,0.14431789511085533
real:low:46:19,46,low,B2,3456.5,6,mid,core,0.9999999997079327,0.35910169317647805,0.01170017773766611,0.27093628139253484,0.06425483355188966,0.09119954168401849
real:low:46:20,46,low,B2,4186.0,7,mid,core,0.9999999997897001,0.516657645983732,0.4391590041585576,0.5324183475829344,0.29367549198547876,0.5391685596041218
real:low:46:21,46,low,B2,3352.5,6,mid,core,0.9999999998192318,0.3839465700304878,0.019877208253590305,0.279561803560115,0.06935286562127177,0.12300437353351715
real:low:46:22,46,low,B2,3683.5,6,mid,core,0.999999999558193,0.47778390649070407,0.09992229583793891,0.46247793304605783,0.11066116445167262,0.11092419910515935
real:low:46:23,46,low,B2,9211.0,6,sat,core,0.9999999989159939,0.5872115527621791,0.6766197315618502,0.4457665134945987,0.21762577321084792,0.4512966959278828
real:low:46:24,46,low,B2,2059.5,7,low,core,0.9999999997405529,0.2165680321620426,0.031367785674496655,0.13185906126726404,0.04388163603275666,0.13884722445040384
real:low:46:25,46,low,B2,2140.0,7,low,core,0.9999999997720387,0.22681355753555094,0.031998938380237874,0.15170167217566866,0.056500614308148206,0.16379691079985392
real:low:46:26,46,low,B2,7061.5,6,high,core,0.9999999994300357,0.5358469867919227,0.3452897439877022,0.4871239288741551,0.28234469167123644,0.45010892420460125
real:low:46:27,46,low,B2,4926.5,6,mid,core,0.999999999833586,0.5694558323329822,0.1847081945995876,0.6351078914747856,0.396849336485049,0.5707549423981964
real:low:46:28,46,low,B2,1623.0,7,low,core,0.9999999995785323,0.16394202514721815,0.006934608507557625,0.11740419599805134,0.02688398431439579,0.0708735611924275
real:low:46:29,46,low,B2,2959.0,7,low,core,0.9999999997818311,0.304742469808742,0.010493499326316932,0.18982714396366682,0.07978714687762889,0.21058010092515597
real:low:46:30,46,low,B2,1782.5,6,low,core,0.9999999996337681,0.17057787553294326,0.006134893646366242,0.13365354055406817,0.020492616441230536,0.07629518663276016
real:low:46:31,46,low,B2,8913.0,6,high,core,0.9999999995305595,0.5572383331868106,0.5211663027151009,0.35894809665513683,0.16791677960826148,0.4236465152656218
real:low:46:32,46,low,B2,5140.0,6,mid,core,0.9999999999543591,0.5959118794914787,0.4092698684489801,0.6610970873837008,0.4633180570122775,0.44957622157056565
real:low:46:33,46,low,B2,4513.0,5,mid,early,0.9999999997220113,0.5171459943525137,0.45764497446460367,0.5562786236295242,0.14874731329417495,0.26768097259872453
real:low:46:34,46,low,B2,6117.0,5,high,early,0.9999999995398595,0.5575699429389628,0.961948700131246,0.675675841183672,0.3161789424891568,0.7154269141775724
real:low:46:35,46,low,B2,2700.5,7,low,core,0.9999999995704724,0.255524039139433,0.005538712428098505,0.16604446725216676,0.05186288222664524,0.096343651588094
real:low:46:36,46,low,B2,4637.5,6,mid,core,0.9999999998037908,0.5753789989855758,0.46264696829420476,0.6180300367831785,0.24141660581167704,0.32338550340735406
real:low:46:37,46,low,B2,2973.5,6,low,core,0.9999999996181329,0.2896403268309175,0.01023689514859393,0.17835630347128545,0.050605553388730955,0.06340307738599518
real:low:46:38,46,low,B2,3088.0,7,mid,core,0.9999999997286159,0.30931668745931323,0.015612678033394377,0.1971380003206597,0.07857276192404049,0.07459588536190387
real:low:46:39,46,low,B2,3153.5,6,mid,core,0.9999999998128983,0.3338889333128558,0.010493499326316932,0.25871324524661643,0.08253895390163946,0.19033926705531498
real:low:46:40,46,low,B2,3997.5,6,mid,core,0.9999999997913318,0.5188129963410245,0.2040992528041129,0.5193729986146456,0.16481817496303489,0.17225947080632348
real:low:46:41,46,low,B2,4939.0,7,mid,core,0.9999999999844023,0.5402491194662442,0.3585869709681573,0.6668759051759645,0.5833744872806197,0.5483103973784645
real:low:46:42,46,low,B2,1713.5,7,low,core,0.9999999997391205,0.1863556024048044,0.00948525072878843,0.13938550763445096,0.036513557961191614,0.17522317616549135
real:low:46:43,46,low,B2,9199.5,6,sat,core,0.0,0.5903468872630133,0.8313345842254256,0.45835631921957715,0.1297858576992691,0.4533782150674873
real:low:46:44,46,low,B2,7355.5,7,high,core,0.9999999996493014,0.5275519111966629,0.28207922781192724,0.4206814317905018,0.26770253322997845,0.3652543186121245
real:low:46:45,46,low,B2,1938.5,7,low,core,0.9999999996382986,0.19355102340769292,0.03673633519533088,0.11900421854091443,0.037640718527699776,0.10877978004674255
real:low:46:46,46,low,B2,4273.0,6,mid,core,0.9999999997215361,0.5454427212742124,0.2619161605552051,0.6020887398088927,0.22395520715072514,0.28450627086450403
real:low:46:47,46,low,B2,6408.5,5,high,early,0.9999999996908104,0.5488618454980417,0.9244915408870495,0.5750130686799441,0.23030496507091938,0.6844335226831215
real:low:46:48,46,low,B2,1672.0,7,low,core,0.9999999995935855,0.17504736036512242,0.009689921784586138,0.12389915705067989,0.03223256686684594,0.11702441242443228
real:low:46:49,46,low,B2,2446.5,7,low,core,0.9999999996013713,0.2239052092255077,0.0068878611043397524,0.15129691032703685,0.039269334496942476,0.10550856509478528
real:low:46:50,46,low,B2,8884.5,6,high,core,0.999999999614569,0.3525321017950069,0.6453894917813311,0.1744667259903401,0.03266008002385847,0.2103921159329513
real:low:46:51,46,low,B2,3549.5,6,mid,core,0.9999999998560105,0.4398333652522818,0.03903703681798971,0.4282168387041511,0.15339735165681573,0.19348226018429937
real:low:46:52,46,low,B2,3074.0,6,mid,core,0.9999999996933094,0.31263633344706143,0.012154371629188346,0.20208262104865032,0.05456416049646442,0.09828890153891857
real:low:46:53,46,low,B2,5581.0,5,mid,early,0.9999999997840976,0.5766861917592063,0.9593046410120339,0.6350402709674037,0.3371974609686717,0.699701970487646
real:low:46:54,46,low,B2,6900.0,6,high,core,0.9999999997223346,0.5818025514303311,0.5918876561057865,0.5908355413325244,0.4211273826602533,0.5028258071238046
real:low:46:55,46,low,B2,5584.0,6,mid,core,0.9999999999131495,0.5905670030352246,0.7253543679183334,0.728733168046275,0.5337782826613893,0.5607394932427837
real:low:46:56,46,low,B2,1956.5,8,low,core,0.9999999995713337,0.22787820549255833,0.055349990292062286,0.1242603662988844,0.07015268232229041,0.2055122303357809
real:low:46:57,46,low,B2,1526.5,7,low,core,0.9999999996891196,0.16776897438655541,0.015227021446498366,0.10964063343381975,0.02441808599926879,0.10974484720532335
real:low:46:58,46,low,B2,3646.0,7,mid,core,0.9999999994570908,0.47654373309200687,0.16827829036705416,0.4846257637196381,0.28025329429598017,0.35272401908903694
real:low:46:59,46,low,B2,3664.0,6,mid,core,0.9999999999162166,0.4103525584463607,0.04405944926766597,0.3705523011852968,0.11726792627933777,0.17593665206952105
real:low:46:60,46,low,B2,8008.5,5,high,early,0.0,0.5659880247560501,0.9098938531294205,0.4738546589487495,0.1661378402923229,0.6401500711584719
real:low:46:61,46,low,B2,8395.0,5,high,early,0.9999999996304988,0.6178591113653885,0.3828605410320899,0.2079373926223657,0.5186626643485608,0.4502620986058167
real:low:46:62,46,low,B2,7707.0,7,high,core,0.9999999995864344,0.5000524334732646,0.5063399838422369,0.36352761511192827,0.22624570885984946,0.5469705793447496
real:low:46:63,46,low,B2,4222.0,6,mid,core,0.9999999996347223,0.5247218870320834,0.23742541912688753,0.5892616035506977,0.2321837510474619,0.2802521689434335
real:low:46:64,46,low,B2,4461.0,6,mid,core,0.9999999996421282,0.5597882148661085,0.23878335431725928,0.6117004174101132,0.3412551558206253,0.3944332901468649
real:low:46:65,46,low,B2,3889.0,6,mid,core,0.9999999997756793,0.49417089655198193,0.10288737514506234,0.4743659888179166,0.1574493230665535,0.20878357466267267
real:low:46:66,46,low,B2,1969.5,7,low,core,0.9999999996058732,0.2214008882981931,0.005296616461242404,0.14717401182278642,0.04419941057878644,0.11836142112823737
real:low:46:67,46,low,B2,8179.0,6,high,core,0.9999999995540951,0.5584874065915092,0.5869729768441937,0.45795780238819495,0.232841174517003,0.49767367515086836
real:low:46:68,46,low,B2,4031.5,5,mid,early,0.9999999997423784,0.5023663117685354,0.4422059556475211,0.30769563308499076,0.042058750658017015,0.20966747344971914
real:low:46:69,46,low,B2,1779.5,5,low,early,0.0,0.13287533412352603,0.007538017513051237,0.04435774492111215,0.002448837633063123,0.06574911937685181
real:low:46:70,46,low,B2,2302.0,7,low,core,0.9999999996883814,0.2421771773452348,0.03860595552206134,0.1562020210424106,0.05600010125584874,0.178601787461314
real:low:46:71,46,low,B2,4959.0,6,mid,core,0.9999999997366986,0.5571507574808664,0.14244008167109812,0.609224479362133,0.40249786213375044,0.40727099606749195
real:low:46:72,46,low,B2,8721.0,6,high,core,0.9999999995800998,0.5608613146592853,0.5526994324199358,0.393973504498492,0.17981319561148312,0.43681151011445013
real:low:46:73,46,low,B2,7736.5,6,high,core,0.9999999994812838,0.5611881920052341,0.6388880530678412,0.4749902816063435,0.25780593817447345,0.505524772902852
real:low:46:74,46,low,B2,2920.0,7,low,core,0.9999999997018347,0.2923004418296929,0.1764531243300737,0.1670257821871716,0.07308499875600412,0.12772376183944537
real:low:46:75,46,low,B2,5532.0,6,mid,core,0.9999999998965049,0.5697307516521689,0.6732527964377371,0.6848571489911314,0.5020826659695916,0.5243439007177209
real:low:46:76,46,low,B2,7431.0,6,high,core,0.9999999994480383,0.5614566584967269,0.41124002233258167,0.5138332470470545,0.303827153556856,0.47614638022298267
real:low:46:77,46,low,B2,3613.5,6,mid,core,0.9999999997125382,0.404970498356119,0.04284598322230764,0.35754327739079095,0.06501091859628233,0.1028243155203973
real:low:46:78,46,low,B2,4509.0,5,mid,early,0.9999999997874887,0.5372947681291204,0.4411900636972586,0.6277570212280912,0.21237157814987098,0.34757569531247257
real:low:46:79,46,low,B2,2649.0,7,low,core,0.9999999996217062,0.2704981096593421,0.014724313274904914,0.1623608380147411,0.05743343849336983,0.1825647718619948
real:low:46:80,46,low,B2,2915.0,7,low,core,0.9999999996551526,0.2938251364711797,0.0068102275896546,0.17478298411397353,0.06344459107547584,0.11772346931494526
real:low:46:81,46,low,B2,6441.5,7,high,core,0.9999999997895823,0.5291488062665853,0.40546853156062385,0.544867156860183,0.43341538004865277,0.4741744010792526
real:low:46:82,46,low,B2,9038.0,5,sat,early,0.9999999996180945,0.6013983338532571,0.6009811349193301,0.19705850055171836,0.30737911509494653,0.4674797914256757
real:low:46:83,46,low,B2,8023.0,6,high,core,0.9999999995643953,0.5593390608235935,0.6598265543249513,0.4693033992342363,0.23585748969265077,0.49767367515086836
real:low:46:84,46,low,B2,4920.0,6,mid,core,0.9999999998027992,0.5643985213320634,0.2055495648919362,0.6190741639516798,0.3827998356541035,0.5612708311155792
real:low:46:85,46,low,B2,2335.0,6,low,core,0.9999999995597317,0.2048974385323436,0.007655634982090431,0.14580613917812832,0.03098645463425808,0.09586938327121354
real:low:46:86,46,low,B6,3774.5,6,mid,core,0.9999999997121426,0.46798298942532573,0.11602256967353078,0.5036129844514199,0.2093961030612873,0.2854224240029
real:low:46:87,46,low,B2,1759.0,7,low,core,0.9999999997277494,0.17169764164549692,0.03194326323568217,0.12369704483780186,0.0283899201336455,0.11388596951251564
real:low:46:88,46,low,B2,4199.0,7,mid,core,0.9999999997410183,0.5703686709170409,0.16609425337744632,0.6303696886716024,0.4093402307274668,0.39586132623293335
real:low:46:89,46,low,B2,3440.5,7,mid,core,0.9999999998173659,0.3909209864318495,0.03624720809269638,0.29470140705893927,0.1363998010749443,0.1224540105764699
real:low:46:90,46,low,B2,4433.5,7,mid,core,0.9999999994870654,0.552795936668744,0.3441029743386669,0.5932905719340588,0.3342342548535503,0.3944332901468649
real:low:46:91,46,low,B2,4020.5,6,mid,core,0.9999999996700256,0.47375099987224367,0.12158281247369046,0.499592376615364,0.18564875757044197,0.27806844983287327
real:low:46:92,46,low,B8,2718.0,7,low,core,0.9999999998422092,0.308783582436716,0.20006977388907432,0.21506843620510424,0.11059818297584727,0.35338993803262503
real:low:46:93,46,low,B2,5356.0,6,mid,core,0.9999999997677792,0.5479919764805761,0.2129881935814008,0.6963769754869228,0.6487757572072881,0.5170837737641583
real:low:46:94,46,low,B2,6247.5,6,high,core,0.9999999997047925,0.5535637073669337,0.8176804344031,0.6608041144132891,0.4952363923436142,0.6253328623594011
real:low:46:95,46,low,B2,4123.5,7,mid,core,0.9999999997201565,0.516916021061126,0.3749473199709019,0.5388997493692231,0.2975256141974735,0.5071529389274201
real:low:46:96,46,low,B2,3825.5,6,mid,core,0.9999999997884218,0.43812687222399155,0.08928990679602473,0.40120706645852877,0.11783409447972357,0.2090434806135304
real:low:46:97,46,low,B2,4982.5,5,mid,early,0.9999999998588996,0.5656483936010105,0.828784873189585,0.6096620648034704,0.26082181270728144,0.6179608231708074
real:low:46:98,46,low,B2,3296.0,6,mid,core,0.9999999998760422,0.3582692910038194,0.03154013506127587,0.2835016896579703,0.09742518997517038,0.09993754062887303
real:low:46:99,46,low,B2,3125.5,7,mid,core,0.9999999997858372,0.30522201692256473,0.04149495968974208,0.20181803201177598,0.08912883561007619,0.1782208901819121
real:low:46:100,46,low,B4,5135.0,6,mid,core,0.9999999999078182,0.5372802335054753,0.21875569477642542,0.7357697021247482,0.7109161447596417,0.5689667170421081
real:low:46:101,46,low,B2,7842.5,6,high,core,0.999999999174603,0.5788471017591059,0.6456529304271257,0.5066530989746378,0.25464400952497285,0.47398771654194705
real:low:46:102,46,low,B2,6054.5,6,high,core,0.9999999998505221,0.5789799522498781,0.7680299102750566,0.6873864729459117,0.5269176457017114,0.531145715435636
real:low:46:103,46,low,B2,3865.0,5,mid,early,0.9999999995061976,0.4689381128517509,0.2314355691200772,0.4458980422504739,0.09112980127276067,0.1977243967965243
real:low:46:104,46,low,B2,6615.0,6,high,core,0.9999999997575038,0.5858314841573071,0.6676703937722782,0.5933087262955927,0.38560666752493494,0.5028258071238046
real:low:46:105,46,low,B2,2715.0,6,low,core,0.9999999996087736,0.235173620447105,0.007919786373578493,0.15855515310545343,0.03112987205630896,0.08144623582457214
real:low:46:106,46,low,B2,9370.5,6,sat,core,0.9999999990365981,0.5782703297390327,0.5205543217434776,0.4078787797011863,0.20684686417000003,0.3484312203566525
real:low:46:107,46,low,B2,3960.0,7,mid,core,0.9999999996987752,0.48584557836583436,0.08676461605223083,0.49429047584343777,0.23899048111077778,0.13764218373292025
real:low:46:108,46,low,B2,3358.5,6,mid,core,0.9999999998826359,0.34468590755307393,0.025461948719359896,0.267935526206882,0.08968734338003324,0.11954065652086637
real:low:46:109,46,low,B2,6658.0,7,high,core,0.9999999996990709,0.5126173910359928,0.47705037964092767,0.4676454653016806,0.3537421394904822,0.5666830152247422
real:low:46:110,46,low,B2,3859.5,6,mid,core,0.9999999997513461,0.447588519470683,0.09476845498021882,0.4348519340920163,0.12291773588715155,0.2650197608165642
real:low:46:111,46,low,B2,7303.0,6,high,core,0.9999999996446379,0.5590288299013557,0.4809586190357212,0.5199995283818455,0.29561512540894797,0.4782582182258719
real:low:46:112,46,low,B2,3425.5,7,mid,core,0.9999999997916901,0.4133546543530719,0.031164260730431558,0.36636827121839227,0.15669479694463934,0.09438718885724329
real:low:46:113,46,low,B2,5683.5,6,mid,core,0.9999999998787649,0.5742766281595131,0.6790414552900036,0.6915402741373562,0.4886378530524455,0.5377408415097802
real:low:46:114,46,low,B2,4844.0,6,mid,core,0.9999999999933036,0.6046164283668704,0.3119567237108156,0.6754868074455124,0.4371886977561499,0.40891012514253616
real:low:46:115,46,low,B2,6869.5,5,high,early,0.0,0.5901475677579858,0.8973913380448469,0.47571832489366445,0.12491518684196518,0.5478039267441918
real:low:46:116,46,low,B2,6239.0,5,high,early,0.9999999994411959,0.5595302093926039,0.8587840938509314,0.6601588720162279,0.36105383805301683,0.6605898050253373
real:low:46:117,46,low,B2,7975.0,7,high,core,0.9999999995945826,0.6386222201559059,0.5312039060983624,0.21472146074770476,0.6981691730491183,0.4502620986058167
real:low:46:118,46,low,B2,4727.0,5,mid,early,0.9999999998089674,0.5243817779070712,0.6939972978862242,0.576060024367559,0.1704710011752901,0.48146304578345583
real:low:46:119,46,low,B2,7948.0,5,high,early,0.0,0.568756528957102,0.8422257040507354,0.5301054577225894,0.18111178922538837,0.5352467655330939
real:low:46:120,46,low,B2,8642.0,7,high,core,0.9999999995788845,0.6028556067347067,0.6249775296223258,0.18844602406198113,0.5325454426028042,0.43087182399470764
real:low:46:121,46,low,B2,4056.0,5,mid,early,0.9999999997138221,0.5002407875308965,0.43216320852682505,0.3640729730100338,0.04288638602148536,0.20620989193994818
real:low:46:122,46,low,B2,6463.0,5,high,early,0.999999999281886,0.5726964537071172,0.7967505733132437,0.6615928478602225,0.4018663780520789,0.5500906341266629
real:low:46:123,46,low,B2,4106.5,6,mid,core,0.9999999997503015,0.5400420817184459,0.1317766049967075,0.6143329876468719,0.28414307276018097,0.25192860649757104
real:low:46:124,46,low,B2,5468.0,6,mid,core,0.9999999999182274,0.5839985127419006,0.5801337316278576,0.7149236052021649,0.5762351385842372,0.5137522954262372
real:low:46:125,46,low,B2,6516.0,6,high,core,0.9999999997785826,0.5882476743470485,0.6206044257135976,0.6436471403542829,0.45121318639822894,0.5084445028383802
real:low:46:126,46,low,B2,7504.5,5,high,early,0.0,0.574134035138304,0.9215850523837917,0.431300842580121,0.1543420761077835,0.7113811633229596
real:low:46:127,46,low,B2,5042.0,5,mid,early,0.9999999998185749,0.5512325360717116,0.7410015370132781,0.5886404577458568,0.21610780690796486,0.5809588248982956
real:low:46:128,46,low,B2,2205.0,6,low,core,0.9999999997965505,0.24598556722759077,0.01686661045995934,0.17021883653572698,0.041539936882165125,0.14124852656962045
real:low:46:129,46,low,B2,6916.5,6,high,core,0.9999999995637306,0.5488091812855069,0.4878396381296942,0.5356878162890157,0.36569834487152353,0.5496880282951851
real:low:46:130,46,low,B2,7298.5,5,high,early,0.0,0.5811667900214874,0.7161962411856596,0.5694849627444691,0.26491158402989523,0.42108295354306974
real:low:46:131,46,low,B2,3804.0,5,mid,early,0.9999999994550531,0.5130770238187253,0.18858837636247902,0.5217963270946431,0.11034891436014867,0.1589553458974133
real:low:46:132,46,low,B2,5240.5,5,mid,early,0.9999999998349706,0.5887691863882816,0.5925159312195102,0.6986573936537227,0.4351177080402858,0.43440352766473644
real:low:46:133,46,low,B2,6675.5,6,high,core,0.9999999997244317,0.588872117432893,0.5892866023867014,0.6131526001715752,0.44978372598173694,0.5381156658933258
real:low:46:134,46,low,B2,5870.5,6,mid,core,0.9999999996886273,0.5546469144767157,0.5343740802923577,0.7291470688318802,0.6447547656626318,0.7027088397057606
real:low:46:135,46,low,B2,5258.0,6,mid,core,0.9999999997805857,0.5659138944296594,0.14973583401661633,0.7515171760702534,0.6495860738289243,0.6220957908385722
real:low:46:136,46,low,B2,9143.5,6,sat,core,0.0,0.5790767736940402,0.5764628794231129,0.43643494288375406,0.18208348843014008,0.3755232679619688
real:low:46:137,46,low,B2,2015.0,7,low,core,0.9999999997464701,0.23831748876311823,0.014284714417695474,0.16435202600578636,0.04291454716013492,0.1358757311087363
real:low:46:138,46,low,B2,5386.0,6,mid,core,0.9999999998126339,0.5638201773086894,0.4167861879799883,0.7182516110602374,0.5436553163199186,0.5084638641435839
real:low:46:139,46,low,B2,4922.0,5,mid,early,0.999999999875767,0.5685429054520816,0.5048405550256624,0.6363726441319851,0.26431275721817604,0.44075688220504483
real:low:46:140,46,low,B2,8808.0,4,high,early,0.0,0.5889588381301984,0.9172971675418958,0.17111342729864748,0.025029260505236402,0.6348487569238198
real:low:46:141,46,low,B2,4868.5,5,mid,early,0.9999999998283062,0.5191373867406548,0.8921518543820122,0.5156391214356305,0.12546688665759914,0.500952802982852
real:low:46:142,46,low,B2,3032.0,6,mid,core,0.9999999997651992,0.3131115349363587,0.024674170370088108,0.21166951974912623,0.0508190797979801,0.137168968204282
real:low:46:143,46,low,B2,6046.5,7,high,core,0.9999999996310138,0.541581307720645,0.44747312395151373,0.5701355556131599,0.47775561318181864,0.5043076875612255
real:low:46:144,46,low,B4,1782.0,7,low,core,0.9999999996451102,0.1805186685614163,0.019846998653685485,0.13458758233634038,0.032919924989593494,0.178601787461314
real:low:46:145,46,low,B2,2478.5,7,low,core,0.999999999621888,0.22758424747787945,0.011653296480700823,0.14303658976638886,0.042608067567473505,0.17560223774736425
real:low:46:146,46,low,B2,2852.0,6,low,core,0.9999999997434879,0.23913063842968033,0.014161679385666969,0.13468937179495274,0.019781184907234635,0.08697207414685934
real:low:46:147,46,low,B2,8959.5,6,high,core,0.0,0.5989976879524259,0.8203166444673334,0.4832057959521001,0.16187276230926198,0.4260524632663826
real:low:46:148,46,low,B2,4077.5,6,mid,core,0.9999999997433427,0.506748430092064,0.10855727152610462,0.48740437955643345,0.17722982773239254,0.20824431634356969
real:low:46:149,46,low,B2,4770.0,5,mid,early,0.9999999998445132,0.5586360413501819,0.45442201845008695,0.5939274222968473,0.1980082825299338,0.30923704466809304
real:low:46:150,46,low,B2,7709.5,6,high,core,0.0,0.5829037170888067,0.6604656357970169,0.5260448253670449,0.2588998073100701,0.45430375529996553
real:low:46:151,46,low,B2,3562.0,6,mid,core,0.9999999997975273,0.43171488820781345,0.03445969988418796,0.3986791160107542,0.143139432214105,0.19746793135995444
real:low:46:152,46,low,B2,5124.0,6,mid,core,0.999999999830081,0.574343091191539,0.18226074022963995,0.735880424451324,0.612055700235159,0.5314772908955638
real:low:46:153,46,low,B2,5808.5,5,mid,early,0.9999999996541644,0.562554891261272,0.8842233623309207,0.7360302802694066,0.4919788555867386,0.5298116854092231
real:low:46:154,46,low,B2,3958.5,6,mid,core,0.999999999496178,0.5152555096432007,0.21348859923687552,0.5223998642810609,0.13503319349784138,0.20284369285176787
real:low:46:155,46,low,B2,7694.0,7,high,core,0.999999999427826,0.5526480058515145,0.45588080226339067,0.431603386500456,0.28542682548667236,0.45426861251949185
real:low:46:156,46,low,B2,7241.5,6,high,core,0.999999999229533,0.5783443408495252,0.4949441268833669,0.5634834670417913,0.332263153562688,0.4450907651363043
real:low:46:157,46,low,B2,4425.5,6,mid,core,0.9999999995697955,0.5289865790141777,0.26024241934071884,0.5717400599364649,0.238925085195418,0.4510891268610467
real:low:46:158,46,low,B2,3664.0,6,mid,core,0.999999999782594,0.4153901331617354,0.052893461110869365,0.3691743671112938,0.13768208471948754,0.13512817570953095
real:low:46:159,46,low,B2,3446.0,6,mid,core,0.9999999997359273,0.40688519041841437,0.028213121710644298,0.3256900439434252,0.0686372472007592,0.11142932197713047
real:low:46:160,46,low,B2,4073.5,6,mid,core,0.9999999997474789,0.5084251320119513,0.14847366726761443,0.5374073547960143,0.21294905863358957,0.2256178323762549
real:low:46:161,46,low,B2,3060.5,8,mid,core,0.9999999997598089,0.36332122463716415,0.1847512125542282,0.25012914932542163,0.18441322766900875,0.23085914843619426
real:low:46:162,46,low,B2,2735.0,8,low,core,0.9999999996054711,0.3159752685160479,0.18904917941952104,0.1730512128128809,0.10433764236911534,0.18197203784508878
real:low:46:163,46,low,B2,3035.5,7,mid,core,0.9999999998318333,0.3086217192793627,0.01827357538667234,0.21361668368349357,0.08562235021790794,0.10150923989929364
real:low:46:164,46,low,B2,3720.0,6,mid,core,0.9999999996285167,0.4315732577352353,0.06756064998773681,0.37090172604796295,0.11160444176286247,0.24323035740347665
real:low:46:165,46,low,B2,4127.0,10,mid,late,1.0,0.5949942851571273,0.8342751757616172,0.8131104111027545,0.7889382237288984,0.6890247632029189
real:low:46:166,46,low,B2,6590.0,5,high,early,0.9999999994662401,0.5549515425253558,0.915966651914019,0.5939356371425984,0.2736440292990903,0.6605898050253373
real:low:46:167,46,low,B2,2708.5,7,low,core,0.9999999997896409,0.28985452973600273,0.12448192287168978,0.17115402055346932,0.07487298825147314,0.22748458752219192
real:low:46:168,46,low,B2,5747.5,6,mid,core,0.9999999998124259,0.5616842801976369,0.752469307325598,0.656607477311666,0.4146109456293876,0.489989177717238
real:low:46:169,46,low,B2,3255.5,6,mid,core,0.9999999997428372,0.339457458615989,0.012479029715488286,0.2579977443321969,0.08440537816036107,0.1341685547000681
real:low:46:170,46,low,B2,7274.0,6,high,core,0.9999999996644834,0.5902874940608187,0.4931701284833767,0.5370871574573993,0.2745830177082527,0.42355816010943426
real:low:46:171,46,low,B4,2138.0,6,low,core,0.9999999996521081,0.2088327831359522,0.01235107285098121,0.14992428940581232,0.02685337879830066,0.08518785458785859
real:low:46:172,46,low,B2,2805.0,7,low,core,0.9999999997805852,0.2691048335785741,0.04212559793001035,0.16477772270243488,0.06361641791795648,0.1257917555573336
real:low:46:173,46,low,B2,3420.5,10,mid,late,0.9999999998104838,0.44234293959509224,0.025103501436487177,0.3572066181538873,0.2631995779593194,0.09438718885724329
real:low:46:174,46,low,B2,1844.5,8,low,core,0.9999999995439796,0.22197934679887413,0.041359676934586226,0.13341199354557173,0.06131697060762861,0.15846184469754285
real:low:46:175,46,low,B2,4672.0,5,mid,early,0.9999999997786526,0.5241100238662156,0.523241037006609,0.5648508686701105,0.15813805436020015,0.29255681058422706
real:low:46:176,46,low,B2,4653.5,6,mid,core,0.9999999997219994,0.5711011264582877,0.14980930589568214,0.6598304044834711,0.41961321851078853,0.37603587662022153
real:low:46:177,46,low,B2,2210.5,7,low,core,0.9999999997711095,0.2047437532126208,0.041144582010336904,0.14121553278346405,0.03330147029597903,0.1249799106819005
real:low:46:178,46,low,B2,5446.5,6,mid,core,0.9999999999243311,0.5777706091509819,0.6357688933445055,0.6907249138396322,0.49810553310444206,0.43272206513747447
real:low:46:179,46,low,B2,3376.5,6,mid,core,0.9999999999115995,0.3927885099372568,0.009543554537475657,0.35005942013802466,0.10621403018642131,0.13788102154226087
real:low:46:180,46,low,B2,2331.5,4,low,early,0.0,0.13455714746188527,0.01955312470472441,0.01430497044439159,0.0005353338645865908,0.06109611852092677
real:low:46:181,46,low,B2,6516.0,6,high,core,0.999999999748656,0.5779079349439926,0.6370997748070291,0.6133271554081484,0.39853099330072767,0.5084445028383802
real:low:46:182,46,low,B2,5074.0,6,mid,core,0.9999999998277418,0.575751930485388,0.23465113101866356,0.646349920367817,0.4269318999322143,0.48548625593173944
real:low:46:183,46,low,B2,5493.5,5,mid,early,0.999999999761012,0.578722750912892,0.8728361505129681,0.729738158758615,0.4965777908598656,0.6794232795561852
real:low:46:184,46,low,B2,4427.5,6,mid,core,0.9999999995631942,0.5249306727538661,0.23583956242804002,0.566032229173137,0.2257614630888596,0.4510891268610467
real:low:46:185,46,low,B2,3178.0,6,mid,core,0.9999999996666648,0.36292579047115425,0.012927274872655917,0.2706702769747006,0.10441689522451691,0.15332264660311923
real:low:46:186,46,low,B2,9275.5,5,sat,early,0.0,0.5816537223231197,0.760519166472403,0.4447767508034754,0.10381085460593717,0.4260524632663826
real:low:46:187,46,low,B2,4947.0,6,mid,core,0.9999999999045417,0.57144301323189,0.3152058172258391,0.6001188973575545,0.2816531163238841,0.40291189220363877
real:low:47:0,47,low,B2,2765.5,7,low,core,0.9999999998062807,0.29790778510520294,0.021251225515157617,0.1983289715995207,0.06315185169661539,0.17039304770645167
real:low:47:1,47,low,B8,3807.5,11,mid,late,0.9999999997080854,0.40910785724355764,0.18141720308747147,0.5250056660772258,0.20763667973808736,0.16294548520040275
real:low:47:2,47,low,B6,3767.0,7,mid,core,0.99999999970137,0.4973859551837308,0.09119223345716174,0.5249445998974882,0.2671766175844242,0.33940592653293633
real:low:47:3,47,low,B2,5745.5,6,mid,core,0.9999999998780803,0.5751271267540273,0.8085216397107865,0.6918697204076142,0.4523266142038794,0.4776829349655733
real:low:47:4,47,low,B2,7161.5,7,high,core,0.999999999428597,0.5504873374248306,0.4099932290725916,0.4848266976146361,0.310570867891856,0.45010892420460125
real:low:47:5,47,low,B4,3247.0,5,mid,early,0.9999999997534371,0.38061123345773484,0.04152324923550234,0.3462431339517358,0.05247352419142105,0.11962370901755043
real:low:47:6,47,low,B4,3638.0,7,mid,core,0.9999999997470561,0.5148911011819626,0.13937565505990104,0.5954403638198105,0.28990176509753385,0.2383916576547924
real:low:47:7,47,low,B2,1941.0,8,low,core,0.999999999809239,0.23087682026886475,0.05947658401380433,0.14709414360799855,0.053042630543229316,0.15026611565734269
real:low:47:8,47,low,B2,2679.5,6,low,core,0.999999999655762,0.2441282179041759,0.011397445697798998,0.15687841081202197,0.029767903725535838,0.0891649223828749
real:low:47:9,47,low,B2,7328.5,6,high,core,0.0,0.5979395843846754,0.48938108682993353,0.5665655903372999,0.2906576397038016,0.40908703991056783
real:low:47:10,47,low,B2,6097.5,5,high,early,0.9999999993588189,0.5649629825124498,0.873614312927212,0.6953732761698093,0.44879949922189327,0.5156313448257841
real:low:47:11,47,low,B2,1542.5,6,low,core,0.9999999995823352,0.14595022806829477,0.006007359432821475,0.08210996718049031,0.006483693086299622,0.06156456469096739
real:low:47:12,47,low,B2,4612.0,7,mid,core,0.9999999999817103,0.5333126748171302,0.5180538046824448,0.6672613924402829,0.5495611085892025,0.6530359007195283
real:low:47:13,47,low,B2,6647.0,5,high,early,0.0,0.5663581257167037,0.9392116783248108,0.63861503198182,0.2974814521143048,0.6742871717725305
real:low:47:14,47,low,B2,3928.0,6,mid,core,0.9999999992893859,0.4816562764795813,0.15996256402943645,0.5361139795760921,0.20445534176072244,0.22618922758710233
real:low:47:15,47,low,B2,5095.0,6,mid,core,0.9999999998352773,0.5712990450064931,0.38486657859142026,0.6365398442924324,0.4157975176300321,0.43914130956335096
real:low:47:16,47,low,B6,2076.5,7,low,core,0.9999999997479707,0.20878932992228888,0.14064193213869253,0.12700444685678194,0.04667262198095038,0.10058409815164433
real:low:47:17,47,low,B2,4084.5,6,mid,core,0.9999999996810857,0.4655260015304848,0.13819911735470614,0.4663070106940813,0.16342371326961708,0.2847564590575012
real:low:47:18,47,low,B4,3289.5,6,mid,core,0.9999999996525862,0.4453888801965416,0.06142538657545173,0.4295647546424547,0.11923050017276682,0.0984902352322813
real:low:47:19,47,low,B2,6255.0,6,high,core,0.9999999998147374,0.572962171667392,0.5796334725607339,0.627226256804784,0.46602588946203977,0.541543819293315
real:low:47:20,47,low,B2,3104.5,7,mid,core,0.9999999997219413,0.3115964084648306,0.2959084251047478,0.18538865581862635,0.08370036133346731,0.17942049062116222
real:low:47:21,47,low,B4,3510.5,6,mid,core,0.9999999998281236,0.48421661011057165,0.05651397553523132,0.5569204800218168,0.2167548040082335,0.21709895777443577
real:low:47:22,47,low,B8,2570.0,8,low,core,0.9999999997745801,0.31609946610346457,0.2124414339899012,0.1873937655562534,0.15630620146267232,0.24915869229784743
real:low:47:23,47,low,B2,6423.5,6,high,core,0.9999999997937119,0.5765488409400049,0.6340995406557939,0.6702898481784824,0.4975825590383609,0.541543819293315
real:low:47:24,47,low,B6,4304.5,7,mid,core,0.9999999999341816,0.5390971220920381,0.2098577350526597,0.6514304115343936,0.5370381544820028,0.5451505464022085
real:low:47:25,47,low,B2,2404.0,4,low,early,0.0,0.12999627594647467,0.020818442068669497,0.03448935065948272,0.0014728635570101156,0.03220391312936191
real:low:47:26,47,low,B6,1631.0,12,low,late,0.9999999993352611,0.23755861337856982,0.04522469318625287,0.06202436917216971,0.11061084820351025,0.14809946940002186
real:low:47:27,47,low,B4,4684.5,10,mid,late,0.9999999996559136,0.4154641869725178,0.27051294968063605,0.5064594349718853,0.24710140906284575,0.23578313473715168
real:low:47:28,47,low,B4,4198.0,5,mid,early,0.9999999997093065,0.5430722023306965,0.7337286343110305,0.38357017690340717,0.09533350995098,0.4342969106937075
real:low:47:29,47,low,B2,4083.0,6,mid,core,0.9999999994390796,0.5216359613157324,0.1123444688025335,0.608817504592129,0.25628705014298697,0.31515703014255914
real:low:47:30,47,low,B4,4948.0,5,mid,early,0.9999999999278425,0.5669045750725029,0.9399255599760108,0.6584662027020767,0.2916027160535207,0.5568478463363254
real:low:47:31,47,low,B2,6276.5,6,high,core,0.999999999309791,0.5797205080465506,0.7527602680756692,0.7012893918284686,0.48235132505568407,0.545191481558546
real:low:47:32,47,low,B4,2904.5,8,low,core,0.9999999997664306,0.3506210926636108,0.028029503656263634,0.24612548730475783,0.0816350674353293,0.20556116237688105
real:low:47:33,47,low,B4,4112.0,4,mid,early,0.9999999998858974,0.5509530053390704,0.6586709352586091,0.35157517587347276,0.09110464567479057,0.3878905655514738
real:low:47:34,47,low,B4,2654.5,8,low,core,0.9999999995110783,0.30604884580574393,0.12988579131577088,0.20941489019882617,0.13190707474907193,0.31010422560441325
real:low:47:35,47,low,B8,2061.0,8,low,core,0.9999999997756692,0.24582070651809396,0.09318310830313718,0.14758625899215627,0.08121478787311605,0.21361782442811011
real:low:47:36,47,low,B2,5455.5,6,mid,core,0.9999999997965798,0.5510339599227695,0.4379254955847835,0.7126584327293982,0.5550592576914383,0.6671999272852073
real:low:47:37,47,low,B2,4515.0,5,mid,early,0.9999999999219847,0.5495352538618921,0.7761032477846186,0.5193787395083589,0.136642494480716,0.45665971318558046
real:low:47:38,47,low,B2,2483.0,8,low,core,0.9999999994756597,0.2717850640075661,0.04583951803331368,0.15072574188344376,0.08045142721278273,0.2372474384424401
real:low:47:39,47,low,B2,4096.5,6,mid,core,0.9999999993973758,0.4854418671240641,0.11887350912597382,0.5250289298167979,0.21541417329587262,0.2982953673433584
real:low:47:40,47,low,B4,1628.5,8,low,core,0.9999999997690929,0.21299886763414333,0.04467013339155809,0.142955705763553,0.057315216441416614,0.12900829006774261
real:low:47:41,47,low,B2,3157.0,6,mid,core,0.9999999996735676,0.3258737783642127,0.02032254689130678,0.22564920025416915,0.04523154819115325,0.07216078923857666
real:low:47:42,47,low,B2,3444.0,6,mid,core,0.9999999997756565,0.3941787198275436,0.030075248429341676,0.3119262219883786,0.06928063069081646,0.10039828250650193
real:low:47:43,47,low,B4,3632.5,5,mid,early,0.9999999997349713,0.5244014303917053,0.29857877590069565,0.46722945587965176,0.10004194801625323,0.2512433403644482
real:low:47:44,47,low,B4,2454.0,6,low,core,0.9999999996177388,0.2438113254180214,0.022689927506795812,0.12122954890566398,0.02216162507862922,0.20246976407471545
real:low:47:45,47,low,B4,5924.5,6,mid,core,0.9999999995916443,0.5519498227448412,0.5695683419324039,0.6464645630665169,0.5091782434369689,0.46402703299416215
real:low:47:46,47,low,B4,2404.5,4,low,early,0.0,0.19224734538282964,0.013497859820398831,0.026830329568582216,0.0009051332272945557,0.04397105215108864
real:low:47:47,47,low,B2,4760.5,6,mid,core,0.9999999999334581,0.63330050343005,0.420192549969132,0.737121367109644,0.4463366182567508,0.4232666287069478
real:low:47:48,47,low,B4,3735.5,5,mid,early,0.9999999997084915,0.5342957518397693,0.6578584884943254,0.4362055903246734,0.08378499902895524,0.3086336922062685
real:low:47:49,47,low,B6,1519.0,7,low,core,0.9999999997193754,0.1826801975217333,0.007943604727498312,0.12763719657097503,0.03540578768882428,0.16299133550165743
real:low:47:50,47,low,B2,3409.0,6,mid,core,0.9999999998647477,0.39467072832273115,0.01044017466012413,0.34261251715587954,0.10676090286168052,0.15481527965715933
real:low:47:51,47,low,B4,2128.5,4,low,early,0.0,0.10778387698862751,0.011581980396384932,0.014146176347194627,0.0006453362862342268,0.032535284072286265
real:low:47:52,47,low,B2,5097.5,5,mid,early,0.9999999998811373,0.5883424578821976,0.5273097260399556,0.6871066280924683,0.32803341889334386,0.46810573279834844
real:low:47:53,47,low,B2,6395.0,5,high,early,0.9999999996051563,0.5673789807532266,0.9003471885294289,0.6052260184604473,0.19937952656114888,0.6518202510660985
real:low:47:54,47,low,B6,2566.0,7,low,core,0.9999999997295226,0.24960808203008644,0.021299703042849012,0.1547810482973898,0.055989633471296395,0.22853980583795516
real:low:47:55,47,low,B6,2037.5,7,low,core,0.999999999630749,0.2018360634494734,0.022298860656322535,0.1173209490300599,0.041876295413448734,0.18035072455393056
real:low:47:56,47,low,B6,2637.0,7,low,core,0.9999999996990615,0.3094165244019191,0.23875375463283757,0.18028183439037707,0.10155106815442069,0.20043492053300851
real:low:47:57,47,low,B2,6143.0,7,high,core,0.99999999981602,0.5421128518711827,0.4621929698841224,0.5673353286832087,0.4911697986533546,0.5043076875612255
real:low:47:58,47,low,B4,2771.5,8,low,core,0.999999999816781,0.34227403517363764,0.10139724613282106,0.2476058768918581,0.1379533861331741,0.3471324801718523
real:low:47:59,47,low,B8,2257.5,7,low,core,0.9999999997354541,0.23294499885180647,0.00900388390089511,0.15004937895413062,0.04565763211684218,0.13169382976093377
real:low:47:60,47,low,B4,2732.5,7,low,core,0.9999999996100031,0.27062955881517015,0.019290188809522265,0.07536228673536305,0.009926512681017395,0.08382702731230325
real:low:47:61,47,low,B2,3923.5,5,mid,early,0.9999999995035295,0.4929706649226674,0.2786531753676166,0.47902519699471946,0.10304720211751262,0.20878357466267267
real:low:47:62,47,low,B6,4475.5,6,mid,core,0.9999999999873994,0.5564633626458103,0.2482520624074484,0.6733169914546477,0.4883949009671554,0.4077758353453815
real:low:47:63,47,low,B4,5552.5,6,mid,core,0.9999999993945171,0.5637711486318303,0.7037355948415263,0.7471310494396114,0.5686877911869908,0.5704703264237767
real:low:47:64,47,low,B2,3449.5,6,mid,core,0.9999999997398482,0.40613047758729226,0.024674554359229574,0.31927433184418264,0.06854903688830304,0.11142932197713047
real:low:47:65,47,low,B2,2838.5,7,low,core,0.9999999996812425,0.2814945362891665,0.22328121387108565,0.15864297636595556,0.07525088110999403,0.12772376183944537
real:low:47:66,47,low,B4,3868.0,5,mid,early,0.9999999998578369,0.49241362998760574,0.5324438889859135,0.5325043819268164,0.12198968170011154,0.3816118637208717
real:low:47:67,47,low,B2,3966.0,7,mid,core,0.9999999995882312,0.5004786241301938,0.2558753285697227,0.5336921215929212,0.2556843764599156,0.31996086774069477
real:low:47:68,47,low,B2,6695.5,5,high,early,0.9999999996060601,0.5637339454218387,0.8999833190729388,0.47528143023227803,0.1498400733438535,0.5626835686912567
real:low:47:69,47,low,B2,3443.0,6,mid,core,0.9999999998489021,0.36139429263182743,0.07596782821125238,0.2979173301129234,0.10710301225950665,0.09993754062887303
real:low:47:70,47,low,B2,6320.0,6,high,core,0.9999999997288631,0.5489533694013132,0.6428112591839127,0.5611957806627926,0.3447983044197832,0.5265104010666702
real:low:47:71,47,low,B4,2941.5,8,low,core,0.9999999996916885,0.39584179540763764,0.18038741531631058,0.3176100209102368,0.17248231380864681,0.27059311955350523
real:low:47:72,47,low,B2,4626.5,7,mid,core,0.9999999998882908,0.5683207912898532,0.22542944797058212,0.6338741542969868,0.4448697713430862,0.36283054188782304
real:low:47:73,47,low,B2,4778.0,5,mid,early,0.9999999997719978,0.5071293113326268,0.8279117393918636,0.44331702118179633,0.0928396583603251,0.40883807534926836
real:low:47:74,47,low,B2,4254.5,6,mid,core,0.9999999997464809,0.5244421712539208,0.24092451193839076,0.5629928624764632,0.211206082681211,0.27135119696464405
real:low:47:75,47,low,B2,4047.5,6,mid,core,0.9999999997118139,0.49912207312529605,0.15529549547539515,0.5206300089946968,0.2005551156867884,0.21989177710517638
real:low:47:76,47,low,B2,6104.0,6,high,core,0.9999999998446205,0.5817847109919952,0.7877069205927723,0.6550429489115888,0.43551685004052776,0.5195772253327753
real:low:47:77,47,low,B2,4970.0,6,mid,core,0.9999999998383059,0.6061445192164963,0.5546639527599562,0.6795192906392676,0.35203455867791017,0.5250473878311847
real:low:47:78,47,low,B2,7271.5,6,high,core,0.0,0.5986880571561218,0.5079961788372158,0.5599201726044906,0.2808860211768528,0.37741874920446183
real:low:47:79,47,low,B2,5953.5,6,mid,core,0.999999999725843,0.5549430767525675,0.5658293806780733,0.6841442777960274,0.5276061226853962,0.6212622319239999
real:low:47:80,47,low,B4,2877.5,9,low,core,0.9999999997351436,0.358629396836511,0.42400381590653125,0.22373969730264,0.14926722804580111,0.17348345002521157
real:low:47:81,47,low,B2,8831.5,6,high,core,0.0,0.3384508674292396,0.6508310727838672,0.37718512237811547,0.1513142632343216,0.18823574417051345
real:low:47:82,47,low,B2,1641.5,7,low,core,0.9999999997419147,0.20201056598671455,0.015121972655378754,0.13839068184780892,0.040959528453263776,0.21804381311033288
real:low:47:83,47,low,B2,4347.5,6,mid,core,0.9999999995428289,0.5571968643383293,0.2980362586939828,0.6185639984920305,0.3534310140387479,0.3826873191130978
real:low:47:84,47,low,B6,5354.0,7,mid,core,0.9999999998511664,0.4941796946601946,0.2709090415697435,0.514745996891562,0.5643324215873995,0.6960739315190467
real:low:47:85,47,low,B2,3310.0,6,mid,core,1.0,0.3626879735107135,0.05643960270430029,0.3055975254819363,0.1058803295345476,0.15821375224617684
real:low:47:86,47,low,B2,5730.0,5,mid,early,0.9999999997871437,0.5703099110221921,0.9383165409232187,0.5804004154580178,0.16579224539973492,0.6381790437277285
real:low:47:87,47,low,B4,6621.0,5,high,early,0.0,0.5557273772729593,0.8572167926073101,0.5098366772617058,0.24663779589752483,0.5858771493035192
real:low:47:88,47,low,B4,2431.5,7,low,core,0.999999999714123,0.23170537844207212,0.0066383842975106955,0.15443820082494725,0.043974228526046676,0.1406835610489914
real:low:47:89,47,low,B2,5775.5,6,mid,core,0.9999999997289145,0.5418502093301861,0.5691965797749108,0.6739043058433491,0.5439731781227879,0.6310664875938256
real:low:47:90,47,low,B4,2905.5,8,low,core,0.9999999997796435,0.3773412986380442,0.018090906495267216,0.28846416279334863,0.14477790886740974,0.24890899622869397
real:low:47:91,47,low,B2,4694.0,4,mid,early,0.9999999997347808,0.4723506952528485,0.6269298279977826,0.14509309856318575,0.008894183227563648,0.29019503928690144
real:low:47:92,47,low,B4,3448.0,5,mid,early,0.9999999996983479,0.4021567712568275,0.17618455505004046,0.2632854843967505,0.030363376008834715,0.13833184910758048
real:low:47:93,47,low,B2,2944.5,6,low,core,0.9999999996220238,0.2629698067588222,0.009005198022855402,0.17276520736649406,0.03421258073094536,0.08697207414685934
real:low:47:94,47,low,B6,3777.5,5,mid,early,0.9999999997409702,0.474706998504391,0.2795512093346688,0.5122485024920325,0.10949872097839781,0.22618922758710233
real:low:47:95,47,low,B2,4072.5,6,mid,core,0.9999999993159813,0.4824413979277696,0.10391429995871772,0.5292125120215416,0.21192758788104135,0.23727775197429307
real:low:47:96,47,low,B2,9580.5,6,sat,core,0.999999999629067,0.5536640069861609,0.4965941068323296,0.3073760760879997,0.1374732419706888,0.4028034624395619
real:low:47:97,47,low,B4,3454.5,11,mid,late,0.9999999994175449,0.4335948505306012,0.40827088515958965,0.6022189187346992,0.3164706654913638,0.219566864927526
real:low:47:98,47,low,B6,3407.0,7,mid,core,0.9999999995513235,0.4378680955037021,0.1556181733513642,0.39407920661342677,0.18885368282166778,0.20779210927533887
real:low:47:99,47,low,B2,3114.5,7,mid,core,0.9999999997617098,0.32803227358640086,0.026093474537112887,0.21042090874605196,0.10654012445294785,0.10689658819286911
real:low:47:100,47,low,B2,8242.5,5,high,early,0.0,0.5549288345938286,0.9032513635300103,0.44513279953025076,0.1278957885746304,0.6316634675424103
real:low:47:101,47,low,B2,6752.0,6,high,core,0.9999999995937551,0.5609216860436126,0.5013804756252713,0.5536287344518445,0.4055400618764992,0.5765983955894994
real:low:47:102,47,low,B2,3692.5,7,mid,core,0.999999999742787,0.4584926481759039,0.08305150189338,0.4464101187896087,0.2254947113389078,0.33103883500379
real:low:47:103,47,low,B2,2310.5,7,low,core,0.9999999997999001,0.24185871695133765,0.09166204907733587,0.15674711722833196,0.05581894808570504,0.18838081673789506
real:low:47:104,47,low,B2,7047.0,5,high,early,0.9999999996162139,0.5618480022419717,0.8728445030805451,0.4720495884880108,0.13209026309082358,0.6079341684051738
real:low:47:105,47,low,B2,6514.5,6,high,core,0.9999999996244558,0.5664926916673295,0.6319914179459045,0.5984542264420881,0.4501397277860283,0.5493091556482773
real:low:47:106,47,low,B4,2501.0,9,low,core,0.9999999996053844,0.3399034735975668,0.3908153783804939,0.2397312737962194,0.19747649499880382,0.3286272630879217
real:low:47:107,47,low,B2,5850.0,6,mid,core,0.9999999997171221,0.547649855944371,0.40996455353349104,0.6894238548228189,0.6675911628919823,0.5780946244856611
real:low:47:108,47,low,B2,4848.5,5,mid,early,0.9999999998718518,0.5431795181942062,0.8821095343980331,0.6028638855422979,0.19099579791021165,0.5474115955220323
real:low:47:109,47,low,B4,2578.0,7,low,core,0.9999999996791294,0.2805521941334793,0.008251247358733713,0.17407166120879042,0.06776965123413438,0.20246976407471545
real:low:47:110,47,low,B6,5214.0,4,mid,early,0.9999999997195087,0.5163132389366237,0.7876896805964536,0.1207839839151173,0.008523796710970375,0.3351430911994711
real:low:47:111,47,low,B2,8664.5,5,high,early,0.0,0.5722658833778123,0.899802162979808,0.36766541705289,0.09455899125698254,0.5853265872342052
real:low:47:112,47,low,B2,5372.0,6,mid,core,0.9999999997693099,0.5464962429353128,0.1786979730177741,0.7056228241851219,0.599377367674609,0.5777818273222649
real:low:47:113,47,low,B2,2672.0,7,low,core,0.9999999998111793,0.2594320971467851,0.07026165252983507,0.16131628802150644,0.06790374431133776,0.156760790580821
real:low:47:114,47,low,B4,3420.5,4,mid,early,0.9999999997842411,0.41743308942225943,0.24311209185211186,0.13235138190717075,0.014103513132513122,0.18158258447964257
real:low:47:115,47,low,B2,6386.0,5,high,early,0.9999999994995216,0.5566661487640318,0.9352907920915569,0.5844397458481126,0.27008026814013597,0.6428247809143457
real:low:47:116,47,low,B2,5556.5,6,mid,core,0.9999999997831585,0.5473649465997239,0.41441414452361264,0.6958543327458612,0.5327887278530593,0.6765534133854985
real:low:47:117,47,low,B2,5896.0,5,mid,early,0.9999999997667067,0.557463647297534,0.8541696717150272,0.5773186224446756,0.18198408936178648,0.6973550711264191
real:low:47:118,47,low,B6,2876.0,7,low,core,0.9999999997934336,0.33331654997053534,0.22090890630456345,0.23899969887316996,0.11656478389066981,0.22450802596578714
real:low:47:119,47,low,B2,6391.0,6,high,core,0.9999999997454387,0.5772344289878512,0.6459827392349551,0.6491337650489997,0.4899912278767766,0.554867576976697
real:low:47:120,47,low,B2,4142.0,5,mid,early,0.9999999995323104,0.5032717728915677,0.35003658638154617,0.5314355166307098,0.1282059731843027,0.2847564590575012
real:low:47:121,47,low,B2,5019.0,7,mid,core,1.0,0.5229057491452551,0.40519566710165017,0.6399847240829283,0.6750725845961667,0.629103331766257
real:low:47:122,47,low,B2,8500.0,5,high,early,0.0,0.5621846974785805,0.8346916310536285,0.511802305859424,0.1566581959111872,0.42345195056363627
real:low:47:123,47,low,B2,5187.0,5,mid,early,0.9999999998721736,0.5829502482878025,0.8135004984990938,0.6521183959569948,0.3230263100838314,0.654817053164429
real:low:47:124,47,low,B6,3419.0,7,mid,core,0.9999999997065238,0.4574087132207941,0.0560472708387484,0.44060211658899584,0.20104661889400835,0.11092419910515935
real:low:47:125,47,low,B2,8481.0,7,high,core,0.0,0.42982416907531706,0.589995019981518,0.2712150268374252,0.0008410501682497773,0.2858092287837313
real:low:47:126,47,low,B2,4327.0,6,mid,core,0.9999999996592638,0.5478905486305782,0.22670702531542797,0.6549762827047982,0.3297962882690617,0.4841576945927513
real:low:47:127,47,low,B2,1712.0,7,low,core,0.9999999996313595,0.16207573734399944,0.005872328933438859,0.11287338026643756,0.0250420120558317,0.10566272313690947
real:low:47:128,47,low,B2,2946.5,7,low,core,0.999999999843277,0.3353574787663206,0.18320377546653085,0.19742080649512253,0.10573393195453153,0.19347756203751015
real:low:47:129,47,low,B2,2912.0,7,low,core,0.9999999996847376,0.2728430313771412,0.00808021806253128,0.15915415113491924,0.053291748931504686,0.08697207414685934
real:low:47:130,47,low,B2,3395.0,6,mid,core,0.9999999995970715,0.33686951889363054,0.010816602066624421,0.23862760752370168,0.0780040446567862,0.14553378411809384
real:low:47:131,47,low,B2,5287.0,7,mid,core,0.9999999999573792,0.5373001592112072,0.5598912228456133,0.6246832063548092,0.5615694646597006,0.5667742825650375
real:low:47:132,47,low,B4,2539.0,4,low,early,0.0,0.22094375839642505,0.03917897533379001,0.03939872374697874,0.001467723156111701,0.06683815307759074
real:low:47:133,47,low,B2,5976.0,6,mid,core,0.9999999997398848,0.5481963801710938,0.7777441123466389,0.667853738703708,0.48789967610265855,0.5725408825828351
real:low:47:134,47,low,B6,2321.5,8,low,core,0.9999999997388904,0.2620708813552238,0.05212330651519424,0.14445424308766122,0.0886257129557198,0.15846184469754285
real:low:47:135,47,low,B2,7205.0,5,high,early,0.0,0.5642559581880255,0.8982436787093803,0.5150465664882794,0.2223935377904919,0.6583882753871991
real:low:47:136,47,low,B6,3133.5,6,mid,core,0.9999999997494984,0.3496276062919676,0.043355865893867106,0.28183064879993186,0.09895652405042875,0.09993754062887303
real:low:47:137,47,low,B2,5505.5,5,mid,early,0.9999999997815372,0.574462139321169,0.9229873153355098,0.7141763171812054,0.43567191210761225,0.664236533434785
real:low:47:138,47,low,B4,3246.5,6,mid,core,0.9999999996808291,0.3943161190330887,0.04380116236899824,0.36066558300995044,0.11440820027501611,0.19348226018429937
real:low:47:139,47,low,B8,2765.0,9,low,core,0.9999999996891902,0.38697078648613514,0.21948055867144514,0.3032569890533575,0.17420696205570074,0.21085745673045292
real:low:47:140,47,low,B8,1511.0,8,low,core,0.9999999997584404,0.21418836547821551,0.09317674449116725,0.13257997961744752,0.06370814559989509,0.2393225006241257
real:low:47:141,47,low,B2,3383.5,6,mid,core,0.9999999998326805,0.4053095850495966,0.036312418158736974,0.34246040542341916,0.14456034290432654,0.19771727098608888
real:low:47:142,47,low,B4,2285.0,8,low,core,0.9999999996092658,0.25382199188752186,0.06234308078456295,0.1422637803625032,0.06956282498249432,0.20322715367783595
real:low:47:143,47,low,B8,1660.0,8,low,core,0.9999999999471825,0.2283577157710949,0.10332628981197654,0.16957310949949753,0.07964442308436313,0.23345456216035707
real:low:47:144,47,low,B6,3469.0,8,mid,core,0.9999999995555693,0.5281579170160043,0.19551394318213694,0.5217806385052077,0.2819573585548646,0.36342557498831707
real:low:47:145,47,low,B2,4119.5,6,mid,core,0.9999999997342842,0.509107600346271,0.13247623314888152,0.5396867965515096,0.2308235547764512,0.2256178323762549
real:low:47:146,47,low,B2,6223.5,6,high,core,0.9999999998405832,0.5782487301650793,0.580187022842908,0.6864275940888496,0.511405556567649,0.5095681628005606
real:low:47:147,47,low,B2,6300.0,7,high,core,0.9999999997466698,0.4934011427699329,0.5870690700644303,0.49529004928086795,0.4086625036187707,0.6623149668000221
real:low:47:148,47,low,B8,3741.5,6,mid,core,0.9999999997618446,0.5266628653624837,0.2560232477899479,0.672112593306364,0.36143865329114216,0.45158124402305566
real:low:47:149,47,low,B2,4250.0,6,mid,core,0.9999999993767141,0.5249603908162819,0.2185120250094638,0.5911063747310892,0.26454268335288145,0.3700133281364307
real:low:47:150,47,low,B2,2739.0,7,low,core,0.9999999999117855,0.3395852818353438,0.02258473099933938,0.2637765370173295,0.15129950246674304,0.2937732696221775
real:low:47:151,47,low,B6,3745.5,6,mid,core,0.9999999996656272,0.44738003262153025,0.12728787504729966,0.410980192248944,0.14865550820586862,0.2650197608165642
real:low:47:152,47,low,B2,3459.5,6,mid,core,0.9999999997419646,0.3940494070500252,0.028000834307795527,0.29537702432130664,0.0638878594572149,0.12791169764488233
real:low:47:153,47,low,B2,3328.5,5,mid,early,0.9999999997029642,0.3562070805975004,0.21365428065924374,0.1079704359234445,0.010088510897762372,0.18160338026223805
real:low:47:154,47,low,B4,2031.0,7,low,core,0.9999999997913969,0.21632006695226894,0.01106926936979949,0.15426449395833186,0.03900128883956733,0.19536305918335836
real:low:47:155,47,low,B2,1803.5,7,low,core,0.9999999996206194,0.1806968942262227,0.023007349730013952,0.12379270356370042,0.031189897036108312,0.13875951470541917
real:low:47:156,47,low,B8,3480.0,5,mid,early,0.9999999997137744,0.4541934537283712,0.1271739477738298,0.47250457969992066,0.09020864144835074,0.1686974182588482
real:low:47:157,47,low,B4,2266.5,7,low,core,0.9999999998101569,0.26884035113576027,0.012347447132625524,0.19716451554373943,0.09009201185350581,0.24315311573298773
real:low:47:158,47,low,B2,5747.5,6,mid,core,0.9999999998484939,0.5696335478939113,0.7702386820848793,0.6697699810922307,0.4639724209977801,0.5108608998843428
real:low:47:159,47,low,B2,3337.5,7,mid,core,0.9999999996675769,0.35598159146498143,0.12143521105414527,0.27051060201918603,0.13849932778121596,0.17296975116486632
real:low:47:160,47,low,B4,3922.0,5,mid,early,0.9999999998283096,0.4772141971301983,0.7724258560740771,0.46311979627991845,0.09683157631288998,0.3231859575209909
real:low:47:161,47,low,B2,1629.5,7,low,core,0.9999999997843306,0.19009920356192658,0.015215356958251628,0.14106374444596834,0.035139376442975226,0.24999340499441564
real:low:47:162,47,low,B2,3128.5,7,mid,core,0.9999999998665343,0.39130763652478806,0.4276368583516992,0.2948487306439429,0.2007897251208986,0.2776637794815298
real:low:47:163,47,low,B2,3449.5,6,mid,core,0.9999999998988337,0.4006454608252078,0.013109310990079314,0.35754056811282653,0.1112939147798694,0.18057828251836114
real:low:47:164,47,low,B2,4496.5,6,mid,core,0.9999999996043595,0.532837414391724,0.2873131868800957,0.6018284919167375,0.30215158987353646,0.4257415378815948
real:low:47:165,47,low,B2,6462.5,6,high,core,0.9999999996330603,0.5719026587655395,0.7836616445404935,0.607856390451678,0.45552794675433567,0.5706115867069168
real:low:47:166,47,low,B2,4205.0,6,mid,core,0.9999999994709013,0.4990463397114584,0.22391727776244022,0.5362341390364467,0.20731883008205854,0.3300081163117291
real:low:47:167,47,low,B2,4751.0,6,mid,core,0.9999999999028027,0.5652798023112797,0.29300726691657125,0.5980620374322663,0.28494361872208396,0.30923704466809304
real:low:47:168,47,low,B4,2420.5,6,low,core,0.9999999996579794,0.24340039264865407,0.02303434693694783,0.15046663390154236,0.038113301958054575,0.24658875383871776
real:low:47:169,47,low,B2,4810.0,5,mid,early,0.9999999998622787,0.5991395112893577,0.49012403402085913,0.6707707353980508,0.33697701449875983,0.43000536302207515
real:low:47:170,47,low,B2,3820.5,5,mid,early,0.9999999994698401,0.5084936820362851,0.24999775475412894,0.5653250636710179,0.12952233153758244,0.23784633451759174
real:low:47:171,47,low,B2,6133.0,6,high,core,0.9999999997119207,0.5551358251627042,0.735075624744063,0.6723383587156225,0.5103259741712773,0.5948288493230869
real:low:47:172,47,low,B2,3729.0,7,mid,core,0.9999999997380512,0.4550838170666262,0.1017407273538293,0.43322620619078717,0.2217092952635666,0.3610734897049752
real:low:47:173,47,low,B4,1948.5,12,low,late,0.9999999998677622,0.26460758474641216,0.07340361484023365,0.10680442500166616,0.17845994148518796,0.16617992188762123
real:low:47:174,47,low,B4,1649.0,7,low,core,0.9999999996532628,0.19412845735726902,0.04508825142213326,0.1357887987905569,0.04270009033381279,0.17000417803300913
real:low:47:175,47,low,B2,3683.5,6,mid,core,0.9999999995483305,0.46249755158336375,0.10479412457119806,0.44360331753291177,0.11362502698762422,0.11107938654310993
real:low:47:176,47,low,B2,3142.5,6,mid,core,0.9999999998310856,0.30695021856688826,0.01717988078037613,0.21864572344254943,0.07666286364348099,0.07387620042443982
real:low:47:177,47,low,B2,2494.0,7,low,core,0.0,0.27836073190688926,0.026340732563200554,0.06443893759850364,0.08157023311881961,0.05798422608997
real:low:47:178,47,low,B2,7024.0,5,high,early,0.0,0.566698437328836,0.8373004221815468,0.5213809085431194,0.2443597770059818,0.5952730651846266
real:low:47:179,47,low,B2,8992.0,5,high,early,0.0,0.5676798751017429,0.8200081726577892,0.5052832023783691,0.13976613153647025,0.4260524632663826
real:low:47:180,47,low,B8,1551.5,8,low,core,0.9999999998035406,0.22483423725778365,0.10519797504193734,0.1391195228191785,0.08027109530805407,0.32993832678010276
real:low:47:181,47,low,B2,2226.0,7,low,core,0.9999999996053733,0.20319930581475068,0.035957051732815576,0.13756701248832404,0.039348979677068935,0.18414312999323396
real:low:47:182,47,low,B2,8163.0,6,high,core,0.0,0.5712771750103103,0.8363122884946441,0.5113297394825304,0.19085593362596376,0.4373635702227665
real:low:47:183,47,low,B2,3396.0,7,mid,core,0.9999999997904258,0.39676590008752677,0.1886823002202328,0.3252473720571778,0.1806897278952874,0.16767867110113893
real:low:47:184,47,low,B2,1688.5,7,low,core,0.9999999996553485,0.18849775012938613,0.038043158690697465,0.12164791160074277,0.03838834216493548,0.10877978004674255
real:low:47:185,47,low,B2,2836.0,7,low,core,0.9999999996400192,0.29787486037050576,0.008594396853542156,0.18607407037658397,0.06387400029216991,0.12930688591088477
real:low:47:186,47,low,B4,2733.5,9,low,core,0.999999999725711,0.3568098970578798,0.18407076610627102,0.21613325971606406,0.14664301734535595,0.1601545786912785
real:low:47:187,47,low,B2,6022.5,6,high,core,0.999999999731415,0.5542828037373355,0.7403915613681048,0.6759789454712508,0.5056763197005316,0.5948288493230869
real:low:47:188,47,low,B4,3111.0,9,mid,core,0.9999999996945467,0.44980331293490794,0.34786140727234777,0.3365959960426415,0.3045406031524452,0.23228829709443022
real:low:47:189,47,low,B2,3203.0,6,mid,core,0.9999999998568279,0.3395989498909798,0.025751258141174776,0.24926116947367621,0.08847186251587917,0.08504164006342634
real:low:47:190,47,low,B6,3440.0,6,mid,core,0.9999999995848503,0.4330233681103495,0.019809231655382054,0.4157591931795969,0.11642493849889878,0.1388746182041753
real:low:47:191,47,low,B2,1660.0,7,low,core,0.9999999998422695,0.20296829802724037,0.006682295813581671,0.14695836525301623,0.04016730305730842,0.17584603506812704
real:low:47:192,47,low,B2,1786.5,7,low,core,0.9999999996878542,0.18442434651424233,0.01673124733215931,0.12084944306813561,0.032841759543542806,0.1390991833966411
real:low:47:193,47,low,B2,5915.0,6,mid,core,0.9999999998556824,0.5788586211868239,0.7502832901186246,0.7380563231673865,0.6282339964331893,0.5491873259177348
real:low:47:194,47,low,B2,3070.5,6,mid,core,0.9999999996238634,0.28551407228490955,0.011900817556240447,0.19794849308549345,0.03964599244959093,0.1218094399299554
real:low:47:195,47,low,B2,8323.0,6,high,core,0.9999999995595511,0.5423963284985938,0.5700188709849374,0.41486372051674,0.2008012743801473,0.44523966004909105
real:low:47:196,47,low,B2,3853.5,6,mid,core,0.9999999998111969,0.525473412261944,0.07242818276533282,0.546985093126707,0.19352728683931372,0.20878357466267267
real:low:47:197,47,low,B2,1964.5,8,low,core,0.9999999996057689,0.21366326540726813,0.04588840568675213,0.11992260962909997,0.057606697836978235,0.21183071112756485
real:low:47:198,47,low,B4,3166.0,11,mid,late,0.9999999997655634,0.533264708974871,0.2674301848923755,0.49506130706115326,0.38879924253124687,0.2859701855396764
real:low:47:199,47,low,B2,5761.5,6,mid,core,0.9999999997403504,0.5405147455431284,0.6842652503587361,0.668936460203465,0.5081817460486201,0.6733489513615787
real:low:47:200,47,low,B4,2858.5,8,low,core,0.9999999998376409,0.35933256891717547,0.08500332253208391,0.2577347963818128,0.16952993133941416,0.3818588964589807
real:low:47:201,47,low,B2,5129.5,6,mid,core,0.9999999999267373,0.6000351506413057,0.4245452825541317,0.6671382291583566,0.3961386961464697,0.43523377741361086
real:low:47:202,47,low,B4,8348.0,5,high,early,0.0,0.5633749443699427,0.9007787629612473,0.34032554362478906,0.10480573738234455,0.5088796574573989
real:low:47:203,47,low,B2,4288.5,5,mid,early,0.9999999995786385,0.503353141277663,0.33598389868009826,0.47711627296682446,0.12202338000330262,0.25160022384839137
real:low:47:204,47,low,B4,2267.5,7,low,core,0.9999999997540979,0.2596650656138089,0.026788920267029857,0.1798919761182023,0.08176673186248544,0.3084351848947102
real:low:47:205,47,low,B8,2466.5,7,low,core,0.9999999998286456,0.26765143498040184,0.17181088480358775,0.1628410799285544,0.06821851340941824,0.30632793788999285
real:low:47:206,47,low,B2,6670.0,6,high,core,0.9999999996460657,0.5523769132026302,0.6081719384547647,0.5394662066467375,0.40053935348842,0.60616972135237
real:low:47:207,47,low,B2,6812.5,7,high,core,0.9999999994958746,0.5312908410892101,0.3753559736445142,0.5052460821862842,0.35796171217586154,0.4532843100320679
real:low:47:208,47,low,B6,2215.0,7,low,core,0.9999999996448806,0.21239304461631536,0.024922817651799295,0.12264553135678423,0.04910403699204455,0.1380598459580146
real:low:47:209,47,low,B2,7086.5,6,high,core,0.9999999996930226,0.5899126799403571,0.5961744414124832,0.5694752269612312,0.3444927065224066,0.424606099886585
real:low:47:210,47,low,B4,1932.0,8,low,core,0.9999999995854355,0.22682031125058932,0.0698567784311363,0.1343588291546541,0.05596133265131618,0.15846184469754285
real:low:47:211,47,low,B2,5077.0,6,mid,core,0.9999999998378944,0.5759966532099973,0.40871897019462516,0.6511210067628166,0.4268553572876617,0.43914130956335096
real:low:47:212,47,low,B2,2662.0,7,low,core,0.99999999969474,0.2842760734311986,0.00821240500739198,0.1781201037962506,0.08251179988831882,0.3042990779808182
real:low:47:213,47,low,B6,2040.5,7,low,core,0.9999999997215931,0.2153047492793853,0.056044560367779536,0.13459196179260793,0.051852654049618314,0.1751093372517823
real:low:47:214,47,low,B2,6950.5,6,high,core,0.999999999572868,0.5551876773927327,0.5174310086178596,0.5465763646228983,0.35140253034959734,0.4915133432214855
real:low:47:215,47,low,B4,4019.0,5,mid,early,0.9999999997327755,0.542813624987714,0.63557313557689,0.4115893824054551,0.09767810140721658,0.3800674286713085
real:low:47:216,47,low,B2,5271.5,6,mid,core,0.9999999997802276,0.5522534410834089,0.19709334978073523,0.7189196369022942,0.6350233649513052,0.4933119176485846
real:low:47:217,47,low,B2,7498.5,5,high,early,0.0,0.5787818565111249,0.826778043680518,0.5198434982494843,0.21133792075036328,0.46959770709434584
real:low:47:218,47,low,B2,8397.0,7,high,core,0.9999999995940957,0.6203687254180223,0.5958940734964225,0.19739840288041627,0.6047466250292988,0.4502620986058167
real:low:47:219,47,low,B2,3116.5,6,mid,core,0.9999999997485921,0.3187567158733421,0.02755924884334115,0.22973221964927132,0.043101752751117516,0.07685253864569323
real:low:47:220,47,low,B2,2336.0,9,low,core,0.9999999996305583,0.29733816246783856,0.120366296214551,0.1973089437107927,0.11394999292991004,0.1569071403786591
real:low:47:221,47,low,B4,2790.0,7,low,core,0.9999999996932036,0.3346409183116866,0.08442405015724039,0.2117388116311852,0.10668416812209891,0.14727857013211518
real:low:47:222,47,low,B2,3335.5,8,mid,core,0.9999999997544625,0.4455957030214508,0.043346108161531005,0.4111795717320024,0.19283163327001424,0.18224976995044273
real:low:47:223,47,low,B6,3070.5,9,mid,core,0.999999999368291,0.44897283258891535,0.20600596562421022,0.3677688802084161,0.2792084493929929,0.24667588170725072
real:low:47:224,47,low,B4,2435.0,6,low,core,0.9999999995785667,0.23932456604484936,0.017127211898892825,0.15739512615249185,0.03083486856419882,0.17039304770645167
real:low:47:225,47,low,B2,4552.5,7,mid,core,0.9999999995318962,0.10091019169545715,0.11831969695233263,0.012789715725256591,0.027148697151953425,0.20009570216527225
real:low:47:226,47,low,B8,2701.5,12,low,late,0.9999999995558454,0.3525088721596929,0.4711571042592248,0.2262419620850768,0.19959943766475988,0.33388695760924136
real:low:47:227,47,low,B4,4013.0,11,mid,late,0.9999999997102411,0.4322314668474834,0.24286825897001627,0.609082020872561,0.2799071577798323,0.2647117232199285
real:low:47:228,47,low,B2,4288.0,6,mid,core,0.9999999996590223,0.48697311786917313,0.2418767351190045,0.5033394965798497,0.17477055922922352,0.27135119696464405
real:low:47:229,47,low,B2,2339.5,7,low,core,0.9999999997808886,0.2633617859365923,0.016541085582409708,0.1801878229458596,0.05590717045412668,0.17952565872859994
real:low:47:230,47,low,B2,2884.0,7,low,core,0.9999999997622518,0.26443477457885567,0.04839337155881973,0.1632406772094287,0.06354363575676956,0.1211481228245859
real:low:47:231,47,low,B2,4414.0,6,mid,core,0.9999999996035797,0.566922175297477,0.3168440354754447,0.6332363172154739,0.3785895153027107,0.42282122810198525
real:low:47:232,47,low,B2,1545.0,8,low,core,0.9999999996590145,0.1885860323058817,0.02215577845868203,0.12197965490961245,0.04120299587146093,0.12331871944509759
real:low:47:233,47,low,B2,3297.5,9,mid,core,0.9999999998470996,0.42067601233390184,0.022450635387389683,0.3414306270386241,0.17082518697061236,0.13484676783638277
real:low:47:234,47,low,B2,6888.5,6,high,core,0.9999999997231154,0.5845469513551603,0.6343412585135689,0.5860975755339743,0.40091084365086216,0.5028258071238046
real:low:47:235,47,low,B2,3725.5,6,mid,core,0.9999999998115993,0.4918827132906674,0.11090100863306682,0.48251256933000924,0.15744874262838177,0.20878357466267267
real:low:47:236,47,low,B2,4525.5,6,mid,core,0.9999999996116709,0.5691793412956059,0.23602417455825955,0.6226600759333423,0.36697182432148506,0.40939163045007243
real:low:47:237,47,low,B4,2285.0,6,low,core,0.9999999995877069,0.22612404121798524,0.013529317438785535,0.14825764078276765,0.027448204171187422,0.23742031197118837
real:low:47:238,47,low,B2,5087.0,6,mid,core,0.9999999998026883,0.5751688278118242,0.2940390181652368,0.6369594527783421,0.4240306322283092,0.43914130956335096
real:low:47:239,47,low,B2,5740.0,6,mid,core,0.9999999997102977,0.5357525768593348,0.4773589545150467,0.6851359712763307,0.6391518208021955,0.5926131461071459
real:low:47:240,47,low,B6,2361.0,4,low,early,0.0,0.1959781782105089,0.041332596295736566,0.06663732906871611,0.0015463916961908973,0.05307449097785629
real:low:47:241,47,low,B2,6101.5,5,high,early,0.999999999673414,0.5549286417339725,0.816008000501578,0.6563349092023891,0.3797543583009384,0.5527962986550304
real:low:47:242,47,low,B2,4853.0,6,mid,core,0.9999999997753622,0.5688828263785004,0.172777733093854,0.6639619044464432,0.46684009001939325,0.4712051649227209
real:low:47:243,47,low,B2,4614.5,6,mid,core,0.9999999999316137,0.5789225943079122,0.31775629897302965,0.6340760345453545,0.3007769622243395,0.30923704466809304
real:low:47:244,47,low,B2,2414.0,7,low,core,0.9999999997974265,0.23518155873817004,0.05243060196214823,0.15695101240941498,0.05969309309692525,0.19153804788100837
real:low:47:245,47,low,B2,4444.5,6,mid,core,0.999999999803676,0.5658252466025648,0.4708679484349034,0.6130479129189861,0.24145070178735795,0.29894754698221593
real:low:47:246,47,low,B2,7116.5,6,high,core,0.9999999995981952,0.5592779501943186,0.5118798102037123,0.5073864570287591,0.3126462916306,0.4874111108304404
real:low:47:247,47,low,B2,2083.0,7,low,core,0.9999999996732498,0.25113299527123983,0.00693598592878855,0.17191923731955316,0.07215841354140576,0.15860472877091675
real:low:47:248,47,low,B2,4788.0,6,mid,core,0.9999999999710445,0.5956225293028705,0.3367612086582665,0.6643643385443005,0.36647568687741067,0.3945749146581018
real:low:47:249,47,low,B2,6779.0,5,high,early,0.0,0.5732920314758322,0.9198182899032039,0.5521126320652789,0.272399051921557,0.6583882753871991
real:low:47:250,47,low,B4,1757.5,7,low,core,0.9999999997175633,0.2056761597012399,0.009407159324336644,0.14938840448150034,0.04308560409376693,0.2035605355682228
real:low:47:251,47,low,B4,1982.0,7,low,core,0.9999999996834935,0.21766881225860849,0.01817915487884388,0.14707953222734982,0.0408297006482387,0.18014336467283476
real:low:47:252,47,low,B8,2486.5,8,low,core,0.9999999999035392,0.31104105226763706,0.13772353366873427,0.19288951202546242,0.15008560100067456,0.27294146385601875
real:low:47:253,47,low,B4,5616.5,5,mid,early,0.9999999992766503,0.5512518832993695,0.8405705442068844,0.696882352357822,0.46005414299896424,0.5156313448257841
real:low:47:254,47,low,B2,4435.0,5,mid,early,0.9999999997088433,0.5025674073140736,0.5969115990129314,0.5597664067505989,0.1408243912684847,0.2991886429716431
real:low:47:255,47,low,B2,3174.0,7,mid,core,0.9999999997122587,0.3450513262203284,0.014804680671373152,0.24943314305039901,0.11012270609023253,0.10788728751795741
real:low:47:256,47,low,B2,8984.0,5,high,early,0.0,0.5675626622476808,0.887959925663197,0.4070252585794937,0.10222820872448249,0.6243268148489326
real:low:47:257,47,low,B2,6144.5,7,high,core,0.9999999998077423,0.5261817318847912,0.44873911243516046,0.5474950459345155,0.4644312615013987,0.5320292214329646
real:low:47:258,47,low,B2,4700.0,6,mid,core,0.9999999999414801,0.5878522230017156,0.26318613340702063,0.6669347291689033,0.33496551967281213,0.351988189474791
real:low:47:259,47,low,B6,2120.5,12,low,late,0.9999999997156749,0.2963980328449181,0.0888558794717994,0.1088826410036477,0.14550598345775875,0.18119208486083418
real:low:47:260,47,low,B2,1968.5,8,low,core,0.9999999995560116,0.22584114181948736,0.04712836515619859,0.13228779796083434,0.0682860262087171,0.15074267293826007
real:low:47:261,47,low,B2,7590.5,4,high,early,0.0,0.5946000309634691,0.9412590138249319,0.18446500322562126,0.02915533642173548,0.6789227794180905
real:low:47:262,47,low,B4,2091.0,5,low,early,0.0,0.1273336122936672,0.03134882108192079,0.037953698104412965,0.0020871254673405027,0.044939743590003606
real:low:47:263,47,low,B2,3144.5,7,mid,core,0.9999999998755541,0.3561720184783793,0.30838483040606685,0.23626581843723005,0.12467891530295463,0.21564904080789327
real:low:47:264,47,low,B6,4072.0,6,mid,core,1.0,0.560508663523122,0.25312262896927756,0.6887934019505407,0.4221128178492231,0.48727887538481357
real:low:47:265,47,low,B4,2605.0,7,low,core,0.9999999996264193,0.2582923611556279,0.05421446950336527,0.1521769479434245,0.059645803819494116,0.156760790580821
real:low:47:266,47,low,B4,2167.0,12,low,late,0.9999999997683476,0.31623721321357856,0.11381191956342823,0.13690291398828994,0.16920528225692535,0.2217140383103133
real:low:47:267,47,low,B2,5277.5,6,mid,core,0.9999999999460766,0.588434165016757,0.41177703367742563,0.7080229330904594,0.5545381580972712,0.41976721552900587
real:low:47:268,47,low,B2,8986.5,5,high,early,0.0,0.5557429358914282,0.8708999805534285,0.3533690791510646,0.08245544262836174,0.5776840468469698
real:low:47:269,47,low,B4,2499.5,5,low,early,0.9999999996404081,0.19752369720403679,0.01460425236286798,0.05720835919784217,0.004719590232625382,0.04827808265122818
real:low:47:270,47,low,B8,2051.0,7,low,core,0.9999999998030987,0.21408553356404228,0.040613542739326124,0.1454000515004527,0.048103681291649145,0.16267439340585527
real:low:47:271,47,low,B6,3793.5,4,mid,early,0.9999999997976928,0.38709876529464715,0.38726633925875215,0.09509967537880917,0.005312594801452169,0.22662844837347196
real:low:47:272,47,low,B2,5519.5,6,mid,core,0.9999999997479252,0.5544095857554235,0.33697882226638154,0.674155152386741,0.6557949983240121,0.5685132667516544
real:low:47:273,47,low,B2,3407.5,7,mid,core,0.9999999996624164,0.37808678396944206,0.3618430611117696,0.26556609974463863,0.1398823886899749,0.1782034953101619
real:low:47:274,47,low,B2,5399.0,6,mid,core,0.9999999999315994,0.5850680718608315,0.4220106160305107,0.7057266486742634,0.47475383708399316,0.46423516163293654
real:low:47:275,47,low,B2,2711.0,6,low,core,0.9999999995670805,0.23850589713539724,0.008117019415494192,0.15117660886643214,0.03708985381134981,0.06197453763228579
real:low:47:276,47,low,B4,6002.5,5,high,early,0.0,0.5569114121897697,0.8902584482085298,0.493501396990572,0.13646319396764542,0.5489174361149013
real:low:47:277,47,low,B6,2614.0,7,low,core,0.9999999997190941,0.2617438412526621,0.10945936516186798,0.15086991306965555,0.061730295680789686,0.1500578015641704
real:low:47:278,47,low,B2,1519.5,7,low,core,0.999999999653131,0.15763859539356023,0.021075711410483602,0.11911524223939461,0.02916969370863857,0.18414312999323396
real:low:47:279,47,low,B2,2499.0,6,low,core,0.999999999600918,0.2040811264270173,0.014189658853154503,0.1067491919924137,0.013541727532009273,0.11048023692615759
real:low:47:280,47,low,B2,3619.0,7,mid,core,0.9999999996923522,0.47773101962372067,0.3503448101792133,0.47535057562167876,0.23804310496531156,0.21926050031600297
real:low:47:281,47,low,B8,3075.5,10,mid,late,0.9999999997693063,0.41934237806662134,0.12493861954645788,0.3228236971045888,0.26317101061383497,0.20931273126592093
real:low:47:282,47,low,B2,8265.0,7,high,core,0.9999999995925165,0.6208427019550272,0.6552221053917069,0.20011191201211814,0.6201134258582663,0.4502620986058167
real:low:47:283,47,low,B6,2140.0,7,low,core,0.9999999997196225,0.21353931111678573,0.02641164018964526,0.13396618273849262,0.03933865744674561,0.1390991833966411
real:low:48:0,48,low,B6,2848.5,11,low,late,0.9999999996777089,0.34076936161067345,0.0383904745166843,0.19379346857717644,0.22317045778501202,0.09256054727385891
real:low:48:1,48,low,B4,3763.0,7,mid,core,0.9999999998561828,0.5302028987936537,0.42010725160126455,0.5681613111126974,0.3622987375352333,0.4977195841326143
real:low:48:2,48,low,B8,3132.0,5,mid,early,0.9999999996880681,0.4038766597295158,0.2356664154031971,0.1366496908932948,0.019055303002847093,0.1702382183289398
real:low:48:3,48,low,B2,5914.0,4,mid,early,0.9999999993783515,0.6057392559396056,0.9295189509176501,0.36391672714307527,0.14182743521088842,0.5824980418837704
real:low:48:4,48,low,B6,1792.0,8,low,core,0.9999999998180751,0.22975642200342883,0.03578098937587341,0.1352747191436451,0.06287385105095968,0.22376085842595697
real:low:48:5,48,low,B4,3633.0,5,mid,early,0.9999999997546305,0.5016155055892935,0.14947371621970132,0.6096851857762873,0.1959274985826114,0.22316897404634392
real:low:48:6,48,low,B2,3106.0,8,mid,core,0.9999999995442587,0.32843914842605526,0.13046451889165248,0.23518029460945455,0.12831111575507967,0.168475917708149
real:low:48:7,48,low,B2,4172.0,7,mid,core,0.9999999996400039,0.5268206747646461,0.5894937400252972,0.5597510940759526,0.29237013810344364,0.4742753433276916
real:low:48:8,48,low,B2,3013.0,7,mid,core,0.9999999996512318,0.31391192661571027,0.011518127752479684,0.20414088612707407,0.08995169418376979,0.14339335320763005
real:low:48:9,48,low,B6,2507.5,5,low,early,0.9999999995627066,0.1941868896682556,0.01942260231909836,0.05510831797857406,0.004026142504297512,0.055435651803302545
real:low:48:10,48,low,B2,2375.0,8,low,core,0.9999999995425464,0.27620128860561655,0.07725005917154111,0.15930548768659428,0.08399467885490253,0.20408557574426858
real:low:48:11,48,low,B8,2792.5,8,low,core,0.9999999998588645,0.3334933915309331,0.07319593212271897,0.22233662642036603,0.15659870247699822,0.16502609222467882
real:low:48:12,48,low,B4,1736.0,4,low,early,0.0,0.06446038571397232,0.009890207940186883,0.007231731562412359,0.0003597461993559583,0.049442622428566334
real:low:48:13,48,low,B4,3236.0,5,mid,early,0.9999999997122909,0.39130802363398415,0.07756612062041365,0.2010999359942129,0.029151792130485833,0.13768183811068946
real:low:48:14,48,low,B6,2192.5,8,low,core,0.9999999997879053,0.2463511060312827,0.06287852883099991,0.1398920365082608,0.07722142276794068,0.21475953939447637
real:low:48:15,48,low,B2,2596.0,8,low,core,0.9999999995842909,0.28632752671799316,0.07955236772438853,0.16567524675268502,0.09415314261401621,0.22186322170582096
real:low:48:16,48,low,B6,2841.0,8,low,core,0.9999999997394868,0.3123211920613677,0.14609496619916335,0.21174715619085047,0.14198866932666404,0.1590795028314729
real:low:48:17,48,low,B2,5790.5,6,mid,core,0.9999999997132485,0.5679726511620088,0.6223323392917544,0.7454612241137574,0.65147326930882,0.6001961173109471
real:low:48:18,48,low,B4,3561.0,6,mid,core,0.9999999995560834,0.4932613306470765,0.0645798583918617,0.53912039891726,0.21326820205657404,0.1686974182588482
real:low:48:19,48,low,B2,6597.5,7,high,core,0.9999999997251342,0.4939407040056497,0.5969905743746795,0.42488400132111204,0.32379975283283013,0.6325680133318784
real:low:48:20,48,low,B4,3406.5,4,mid,early,0.9999999997600363,0.3961351843302372,0.24766429325437625,0.10561076438763636,0.007847060969275494,0.1935284597244723
real:low:48:21,48,low,B2,3027.0,7,mid,core,0.9999999996675254,0.29674998057140217,0.16138881850711242,0.16898871478681585,0.07454683300800594,0.11134987279522145
real:low:48:22,48,low,B2,5889.5,5,mid,early,0.9999999996446512,0.565218910440191,0.8870673200322285,0.660179677979579,0.3817428747535769,0.4927022954434943
real:low:48:23,48,low,B4,2919.5,7,low,core,0.9999999996590491,0.3312278162942326,0.030111412581952646,0.22818872712314756,0.10170803905435505,0.16391277962017523
real:low:48:24,48,low,B2,6687.0,5,high,early,0.999999999356759,0.5609715478425986,0.7751526646594182,0.6283487039217289,0.3745330970828933,0.541543819293315
real:low:48:25,48,low,B2,3322.0,6,mid,core,0.9999999997713771,0.38806080899712286,0.019916158945672557,0.32637250901270165,0.068007657190401,0.11142932197713047
real:low:48:26,48,low,B2,3215.5,6,mid,core,0.9999999997307802,0.30252101264663905,0.02755924884334115,0.22220483361626198,0.03712323053129138,0.07943240559889929
real:low:48:27,48,low,B6,3415.5,10,mid,late,0.9999999995318003,0.4613880918189453,0.21598377531710913,0.6138256265493227,0.37712189084698333,0.19728390359281778
real:low:48:28,48,low,B6,3070.0,9,mid,core,0.999999999611486,0.39452540165966454,0.0157577736966835,0.2995043408629737,0.17452322818982707,0.17216016640158727
real:low:48:29,48,low,B6,3337.0,4,mid,early,0.9999999996313053,0.33202868559153953,0.16732666664155788,0.06978442163901939,0.0052070279853071826,0.14042989905013342
real:low:48:30,48,low,B4,2095.0,6,low,core,0.9999999996600191,0.22007834748578695,0.015976891981291267,0.16124499701409417,0.02775254846663857,0.13510255978577254
real:low:48:31,48,low,B8,3054.0,8,mid,core,0.9999999997185679,0.39489374795149945,0.04858965458635835,0.1365401326635611,0.030154497436825436,0.13768183811068946
real:low:48:32,48,low,B4,4083.5,6,mid,core,0.9999999998973895,0.5626999742952854,0.28100515803604836,0.6710158462938494,0.42764842208682574,0.39213725330656857
real:low:48:33,48,low,B2,3668.5,6,mid,core,0.9999999995196686,0.44520708432157685,0.05911704294826041,0.41227745828448203,0.09117694731780777,0.1028243155203973
real:low:48:34,48,low,B8,2084.0,6,low,core,0.9999999996567791,0.1919375445606912,0.010406933254374442,0.11292915773214635,0.015985460513489324,0.1405490155974887
real:low:48:35,48,low,B8,2218.0,7,low,core,0.999999999807851,0.23246539047091225,0.0459979845913274,0.14784993120008688,0.05935976633779812,0.15026611565734269
real:low:48:36,48,low,B6,2972.5,8,low,core,0.99999999957356,0.42179816928754366,0.32576607308203104,0.3123889386796374,0.1784183056588659,0.17920129175659133
real:low:48:37,48,low,B4,1621.0,4,low,early,0.0,0.06037204733818664,0.012930888725184836,0.008460193339005613,0.00035438695587287596,0.049442622428566334
real:low:48:38,48,low,B4,3725.0,5,mid,early,0.9999999996190668,0.47590296527479004,0.6586905803414178,0.35224404142505583,0.05438691140050883,0.3231859575209909
real:low:48:39,48,low,B2,5100.0,7,mid,core,0.9999999999351588,0.5390447717274487,0.42575706333329544,0.648576065591106,0.5292872954615783,0.5152623259837114
real:low:48:40,48,low,B4,1908.0,8,low,core,0.9999999998512007,0.24268070339651146,0.08448970434878651,0.15992625912212774,0.06700078390580444,0.2364619528604881
real:low:48:41,48,low,B2,4724.0,6,mid,core,0.9999999999211883,0.5766673754278728,0.2722872976718328,0.6414637447843455,0.3201545225033878,0.3469145490597679
real:low:48:42,48,low,B6,3229.5,6,mid,core,0.9999999997304024,0.3769847986164189,0.04188232311786388,0.3164644743133952,0.11548871802039397,0.10865698524434983
real:low:48:43,48,low,B2,3634.5,6,mid,core,0.9999999996720312,0.4548666943935059,0.03294692166656199,0.4405298052264376,0.1165429531872306,0.09120516056101591
real:low:48:44,48,low,B4,4327.0,6,mid,core,1.0,0.5609273286359763,0.19439397973518907,0.7589761014109864,0.6149153751089697,0.4943323829204892
real:low:48:45,48,low,B4,2868.5,8,low,core,0.9999999995897564,0.33337577728086637,0.02453436868806217,0.18543864925432413,0.047891805306472655,0.11142049832530619
real:low:48:46,48,low,B2,3302.0,4,mid,early,0.0,0.34217580319877905,0.15643034637873296,0.11218055353628159,0.0038946112892222834,0.11000767517623801
real:low:48:47,48,low,B8,3558.0,9,mid,core,0.9999999994962576,0.4914977934473044,0.6893665389794454,0.6697266881691492,0.49815016983599464,0.31982384799795677
real:low:48:48,48,low,B2,4895.5,7,mid,core,0.9999999999985157,0.5567984123849331,0.4225829359362052,0.6828379118459178,0.6251395480174639,0.5597977441389778
real:low:48:49,48,low,B2,6929.0,6,high,core,0.9999999995470309,0.5467709411136839,0.3329772514504592,0.5184547288122271,0.36400393681021753,0.5496880282951851
real:low:48:50,48,low,B6,2590.5,10,low,late,0.9999999996970959,0.3543571622706706,0.2176594365677936,0.2776844112811369,0.16729395876809708,0.20435307017862167
real:low:48:51,48,low,B4,4165.0,6,mid,core,0.9999999998070384,0.5864749958639439,0.16674580147745394,0.677849978730643,0.3821851941713187,0.3020774226598996
real:low:48:52,48,low,B4,3268.0,6,mid,core,0.9999999997040117,0.41711218078565154,0.03781600301739116,0.39635903450937005,0.10696763751506976,0.11107938654310993
real:low:48:53,48,low,B6,3077.5,8,mid,core,0.9999999996893943,0.40231104293643766,0.20188683725427362,0.2896021715996579,0.15549516492781415,0.17438420812158292
real:low:48:54,48,low,B2,7180.0,5,high,early,0.0,0.5662388238576235,0.8482416324180538,0.56199823268159,0.28465135161035715,0.5712922321002792
real:low:48:55,48,low,B2,3543.5,6,mid,core,0.9999999997834339,0.4174322906227835,0.04943471514532568,0.3860780103583541,0.12882502826021056,0.14396581151445167
real:low:48:56,48,low,B4,4137.5,11,mid,late,0.9999999997724714,0.4062383332017752,0.16320580195193693,0.4904898324023893,0.20817242548961146,0.15520406174967039
real:low:48:57,48,low,B2,3263.5,6,mid,core,0.9999999997376982,0.39160939691376,0.028213121710644298,0.3004261780757448,0.060089857044491074,0.11142932197713047
real:low:48:58,48,low,B6,5098.0,12,mid,late,0.9999999995673843,0.39939703634256113,0.45736257551255494,0.2654751123229415,0.15460625775880774,0.2601938633874475
real:low:48:59,48,low,B2,4920.0,6,mid,core,0.9999999997965513,0.5529611798727836,0.36888521920024414,0.598528866054829,0.37518172359304747,0.5025833200105462
real:low:48:60,48,low,B4,4052.5,11,mid,late,0.9999999997829565,0.3753653565826711,0.18002166716697415,0.4702303785195578,0.18235419241629494,0.14236449711873841
real:low:48:61,48,low,B4,1873.0,5,low,early,0.9999999996902482,0.14035069227697555,0.015948534525468922,0.04588769221801131,0.0026803162999273753,0.07087980890413047
real:low:48:62,48,low,B8,2182.0,7,low,core,0.9999999997823684,0.2313040905536224,0.028748745579867563,0.1444740939655539,0.05078059284586691,0.15026611565734269
real:low:48:63,48,low,B4,2843.0,8,low,core,0.9999999997399122,0.35157709946218074,0.030539477571255524,0.16557681770680333,0.06150626592962817,0.15594539044440398
real:low:48:64,48,low,B6,2498.5,7,low,core,0.9999999997807096,0.2548362255936665,0.006714537733731076,0.15974587010003555,0.054552012572794115,0.16992602280750982
real:low:48:65,48,low,B6,2593.5,7,low,core,0.9999999997439397,0.2973065367149488,0.16607013397793002,0.16680011021496788,0.09117315322589224,0.19642933524135753
real:low:48:66,48,low,B8,1614.5,4,low,early,0.0,0.05184012100789283,0.00856400191902071,0.0032363255139498995,0.0002921496357976371,0.057961523705195195
real:low:48:67,48,low,B6,3154.5,12,mid,late,0.9999999994758367,0.3247559928775681,0.1619637493275576,0.2235454349597262,0.19667585320361314,0.11424037062437634
real:low:48:68,48,low,B6,1640.0,10,low,late,0.9999999996964347,0.2442778944348244,0.057725728289430664,0.13481598485281923,0.09844459753366722,0.16800072248195394
real:low:48:69,48,low,B6,3147.5,6,mid,core,0.9999999995548863,0.3695051114789815,0.014059084852705022,0.2988915944175793,0.11630570827953245,0.1668631005414266
real:low:48:70,48,low,B2,1624.0,8,low,core,0.9999999996417301,0.20031212897648482,0.021183089948406317,0.12595448788165697,0.055024516657667236,0.21984662159499643
real:low:48:71,48,low,B6,1894.0,7,low,core,0.9999999998135741,0.20410940743734324,0.03385348293240329,0.12479791356802004,0.04323910256549654,0.13995100874178246
real:low:48:72,48,low,B8,2920.0,9,low,core,0.9999999995872325,0.412742146764024,0.3000110922712659,0.33218993825306753,0.2636412091968261,0.26636845955058513
real:low:48:73,48,low,B8,3288.0,7,mid,core,0.9999999999930277,0.47985327762740065,0.18138762823659166,0.5325588430889227,0.3526410146615088,0.37380291973705493
real:low:48:74,48,low,B2,4816.0,5,mid,early,0.9999999998404219,0.5414141596033994,0.7715360561102945,0.5948496909683842,0.19939687007553136,0.5065412419301029
real:low:48:75,48,low,B2,3048.0,6,mid,core,0.9999999996646249,0.31813044167877724,0.00925928909366464,0.2138792513053186,0.05441855597023914,0.10150923989929364
real:low:48:76,48,low,B2,2606.5,8,low,core,0.9999999996127967,0.27973046113820155,0.051700137489870686,0.15372301900276525,0.08319280324535766,0.11830917371402419
real:low:48:77,48,low,B6,3138.5,7,mid,core,0.9999999997342439,0.3518810837157406,0.051559114323792773,0.2741229017765968,0.11621476572120361,0.09993754062887303
real:low:48:78,48,low,B4,2006.5,5,low,early,0.0,0.1196956550656462,0.04839785687804577,0.027515947653872618,0.0014629629386823887,0.06379628381949976
real:low:48:79,48,low,B4,2939.0,8,low,core,0.9999999995492688,0.38686740254943347,0.140851165544141,0.29315166816324567,0.15981656939591002,0.17068019425730024
real:low:48:80,48,low,B6,2863.5,10,low,late,0.9999999995644469,0.4188833411500542,0.2162581632118768,0.3400072816617804,0.2805394962349362,0.24769960894531587
real:low:48:81,48,low,B6,2089.0,4,low,early,0.0,0.0820560474854746,0.023925942866470595,0.010908624353282406,0.000491393868660679,0.049442622428566334
real:low:48:82,48,low,B2,3539.0,7,mid,core,0.9999999997336629,0.440028467806018,0.3174516681115473,0.4265417189846079,0.1929667305002379,0.16637460256102946
real:low:48:83,48,low,B4,3052.0,9,mid,core,0.9999999996229285,0.4460420444141181,0.12413839437258355,0.3413547076506834,0.27251116407001474,0.2162311383813513
real:low:48:84,48,low,B6,3274.5,6,mid,core,0.9999999997042592,0.367613578523994,0.010674598562927,0.2897702853074749,0.08941987027878079,0.15801908416571114
real:low:48:85,48,low,B2,3291.0,5,mid,early,0.9999999996274399,0.3008443071439114,0.08214429258915323,0.10844614945575892,0.011032625802213201,0.12386117558779652
real:low:48:86,48,low,B6,3045.5,8,mid,core,0.999999999835578,0.3872849714652529,0.05390910152664382,0.30547565405856447,0.15297983925313913,0.1428622375838779
real:low:48:87,48,low,B4,2188.0,5,low,early,0.0,0.13900566685903676,0.028697576095564198,0.04443277004806659,0.0027087467804890143,0.04895277085193147
real:low:48:88,48,low,B6,4634.5,8,mid,core,0.999999999806294,0.5453640974763644,0.3364297245607438,0.59274692726851,0.5706476174801739,0.48519337694536097
real:low:48:89,48,low,B4,5330.5,5,mid,early,0.9999999992744891,0.5537653505577849,0.9295148514540628,0.7028727003784669,0.31487730463744973,0.6275834315247527
real:low:48:90,48,low,B8,4960.0,8,mid,core,0.9999999997086002,0.5014744484229866,0.5228984281050041,0.4524939439118555,0.43039596998932833,0.5194870168015208
real:low:48:91,48,low,B6,3130.0,6,mid,core,0.9999999996985127,0.3424240310968575,0.021108379795173268,0.2668366569609883,0.05270276743115709,0.10039828250650193
real:low:48:92,48,low,B6,4044.5,6,mid,core,0.9999999999871675,0.5520960015810807,0.25646690279181317,0.6636160138556741,0.34929285842728136,0.4571077236544715
real:low:48:93,48,low,B6,3726.0,4,mid,early,0.9999999998826435,0.478246355004317,0.3249436443253347,0.20350858919029174,0.02820054538880911,0.22736620679725375
real:low:48:94,48,low,B8,3382.5,8,mid,core,0.9999999999613379,0.5075007432713965,0.28396340548112464,0.5260608075815437,0.3404427144309032,0.33025685586019177
real:low:48:95,48,low,B2,4674.5,5,mid,early,0.9999999998857823,0.5741580847049558,0.43184566460033513,0.6906340394640458,0.3050295231930885,0.4074306153068511
real:low:48:96,48,low,B2,5165.5,6,mid,core,0.9999999999549611,0.6006152776994969,0.4576015425872724,0.7288513464941215,0.5511497109400595,0.4721324368130297
real:low:48:97,48,low,B6,3377.0,6,mid,core,0.9999999997098574,0.3918110429512386,0.07353969153192644,0.33697436727790847,0.11124268177525293,0.17593665206952105
real:low:48:98,48,low,B2,4643.0,7,mid,core,0.999999999866666,0.5679282692170029,0.20489998956114477,0.6242329848684413,0.4132450538475576,0.37332493639073994
real:low:48:99,48,low,B4,6695.5,7,high,core,0.9999999992225895,0.4813457310765264,0.4470519563817529,0.3784558134882014,0.26274423223843335,0.5732459971515352
real:low:48:100,48,low,B6,2459.0,6,low,core,0.9999999997387449,0.21560166029990235,0.014680644599085205,0.1053418078982379,0.015240690886920014,0.12620586622237806
real:low:48:101,48,low,B8,3103.5,6,mid,core,0.9999999998444783,0.3903222122480841,0.0535109316313298,0.35467493125201477,0.10914023568694467,0.18304607823696348
real:low:48:102,48,low,B4,1726.5,5,low,early,0.9999999996703276,0.13515353019704326,0.005968229123304251,0.05067136251073597,0.0025455892408009495,0.07087980890413047
real:low:48:103,48,low,B2,3280.5,9,mid,core,0.9999999998597479,0.39469699902426686,0.03898333255712633,0.30222292179203714,0.17218585405458267,0.13512817570953095
real:low:48:104,48,low,B6,2095.0,5,low,early,0.0,0.1202220811340618,0.04839785687804577,0.03432274538484116,0.0017947216318613375,0.06379628381949976
real:low:48:105,48,low,B6,1998.0,9,low,core,0.9999999998233667,0.26580603263272645,0.15700668164336026,0.16663770597905148,0.09713904320198742,0.2059489057291866
real:low:48:106,48,low,B2,5888.5,6,mid,core,0.9999999996946091,0.5525917799274618,0.5869430528998755,0.6861231866937353,0.571540552239573,0.6980253728163224
real:low:48:107,48,low,B6,2473.5,12,low,late,0.9999999992045701,0.3159854774209696,0.08863144227505851,0.14243855488200674,0.15709264266932263,0.20208425820813097
real:low:48:108,48,low,B8,3043.5,10,mid,late,0.9999999997572034,0.4119558921638045,0.10526440167876247,0.3049136691003078,0.25451460772349443,0.20200584398748758
real:low:48:109,48,low,B6,4344.0,7,mid,core,0.9999999999218281,0.5679422994085941,0.2826475592162399,0.6227389718440058,0.41063300721146295,0.39545956337040605
real:low:48:110,48,low,B2,4873.0,6,mid,core,0.9999999997763641,0.5554915282724698,0.1867761022070057,0.6885318938126692,0.5685057153444562,0.47501329490478833
real:low:48:111,48,low,B6,1714.5,6,low,core,0.9999999997585669,0.1602105570433491,0.006007359432821475,0.08420110845629764,0.0074283758226897124,0.08588708504137099
real:low:48:112,48,low,B4,2572.5,9,low,core,0.0,0.05374473515900457,0.04377527139697058,0.01937964044588411,0.0017816085793016412,0.053195632990285804
real:low:48:113,48,low,B8,4928.5,7,mid,core,0.9999999992754539,0.5039474754738664,0.1912990286650393,0.5065583114459338,0.548572030011825,0.5805665248996223
real:low:48:114,48,low,B8,3369.5,7,mid,core,0.9999999998098066,0.4799314576777649,0.16672340413569012,0.49685610956456205,0.2681421214427329,0.27315909201333166
real:low:48:115,48,low,B6,3807.0,6,mid,core,0.9999999998308,0.5067144126006677,0.06664295092986995,0.5897039685801833,0.2642636500184293,0.24037118694000187
real:low:48:116,48,low,B4,3143.0,6,mid,core,0.9999999997763455,0.37531629963014196,0.012921182364207653,0.3272969401522624,0.09690340609389159,0.17069081841163736
real:low:48:117,48,low,B4,2975.0,4,low,early,0.0,0.2835652579158175,0.0950212624714167,0.09483283727416006,0.002156212446187425,0.06982582781299275
real:low:48:118,48,low,B4,3711.5,6,mid,core,0.9999999998878546,0.5140279343308564,0.1031244135209037,0.6072843704782147,0.24728818009564216,0.2525206731905036
real:low:48:119,48,low,B6,7347.5,8,high,core,0.9999999992200523,0.5019114477465,0.6034739329296963,0.23787239950559907,0.1900736335080268,0.4522537056292305
real:low:48:120,48,low,B4,1849.5,8,low,core,0.9999999998350634,0.22654690134319702,0.02168321501824331,0.1619424485230426,0.06873743838050053,0.30380169632949194
real:low:48:121,48,low,B6,3636.0,12,mid,late,0.999999999613547,0.3281276545894163,0.15452632332511804,0.19415343347487296,0.10723613383987272,0.0778141397386875
real:low:48:122,48,low,B6,3917.5,5,mid,early,0.9999999998853335,0.511568670140009,0.7049922026032571,0.3746429785302677,0.081562700171784,0.33766065046449684
real:low:48:123,48,low,B2,3114.5,8,mid,core,0.999999999571153,0.3360129869734811,0.08449253608093997,0.24180774369104704,0.16269216617904717,0.20711114131009928
real:low:48:124,48,low,B2,5036.0,6,mid,core,0.9999999999622927,0.6045962462952771,0.4086276142990662,0.6836743568132709,0.4657067363871804,0.3918304725341235
real:low:48:125,48,low,B4,2621.5,8,low,core,0.9999999994962219,0.29182144474219346,0.11466708918727848,0.18938270867692428,0.11922949749767761,0.1709930490703222
real:low:48:126,48,low,B2,5887.5,5,mid,early,0.9999999997120457,0.5474796148993636,0.6970913038938531,0.6529379879112905,0.34317672434354074,0.4413020153306444
real:low:48:127,48,low,B4,2643.5,5,low,early,0.9999999996230162,0.22480987661352203,0.011733892319644649,0.06807334266126684,0.006045466313683477,0.04995063451934008
real:low:48:128,48,low,B6,3450.0,6,mid,core,0.999999999678486,0.4592073990895895,0.14302185443553675,0.4579250700872828,0.11485958652034073,0.11092419910515935
real:low:48:129,48,low,B4,4207.0,12,mid,late,0.9999999995739163,0.37383257031207223,0.2105596287155476,0.2820478517938658,0.13789076802931033,0.15086851887363595
real:low:48:130,48,low,B2,8413.0,6,high,core,0.9999999994852113,0.5499822174506048,0.5927884241626965,0.4108169311061727,0.215911755525097,0.5510407836557707
real:low:48:131,48,low,B4,1624.5,8,low,core,0.999999999725766,0.19867862073467907,0.0562515114873494,0.13251183149663412,0.041180051494955676,0.11998492688010026
real:low:48:132,48,low,B2,3602.5,6,mid,core,0.9999999997661754,0.42958566169432494,0.03792409939921798,0.3914125401881924,0.11782660153922225,0.11107938654310993
real:low:48:133,48,low,B2,8110.0,5,high,early,0.0,0.5609267469548338,0.8189697392193805,0.5154806008983521,0.16812246729300934,0.4464034512922026
real:low:48:134,48,low,B4,3054.5,6,mid,core,0.9999999997638882,0.3783379003460465,0.013349878726932232,0.31451955935053805,0.10680923292660925,0.1753510030194812
real:low:48:135,48,low,B6,1581.0,6,low,core,0.9999999997535155,0.15487120022181086,0.006134893646366242,0.11765297327308703,0.0138839959504707,0.08592029531410689
real:low:48:136,48,low,B2,3697.5,7,mid,core,0.9999999993308426,0.4773604429068056,0.0498171609129297,0.5052324837692185,0.21636529927641618,0.20945612432323543
real:low:48:137,48,low,B2,6199.0,6,high,core,0.9999999997052466,0.5576365069449074,0.782180395259243,0.669566429909345,0.5024026913919194,0.5948288493230869
real:low:48:138,48,low,B2,3339.5,6,mid,core,0.9999999997479777,0.34673384581695543,0.009287133340818238,0.24012075450115136,0.06529688323289874,0.1423034449172736
real:low:48:139,48,low,B6,3151.5,7,mid,core,0.9999999999073427,0.3583675633014275,0.13515567018620878,0.29284544436258203,0.15015118193827529,0.21967455152881582
real:low:48:140,48,low,B6,1921.5,6,low,core,0.9999999997239402,0.19393288391842664,0.01618265893030882,0.15187829834861616,0.019418551518972153,0.15860472877091675
real:low:48:141,48,low,B4,4582.5,6,mid,core,0.9999999999142564,0.6049643345200365,0.5523797732374006,0.7664728837817023,0.5721409086547535,0.45285096909214345
real:low:48:142,48,low,B4,4260.5,5,mid,early,0.9999999999567032,0.5250701615113291,0.8154053252193765,0.5867832154773976,0.1710595502817253,0.5225747652977949
real:low:48:143,48,low,B6,3958.5,6,mid,core,0.9999999999261121,0.5095021044111596,0.12483323432263767,0.5762033552423418,0.24072709136201012,0.24574670675898383
real:low:48:144,48,low,B8,4735.0,12,mid,late,0.9999999995823112,0.39162563185230653,0.30239294894879487,0.2990155170740148,0.1739198193750429,0.1872412738290359
real:low:48:145,48,low,B2,1996.5,6,low,core,0.9999999995785853,0.18869204766370784,0.006824392379440026,0.13960009238846421,0.02818433377777349,0.0855868566578407
real:low:48:146,48,low,B8,3047.0,6,mid,core,0.9999999997338548,0.4048191082071492,0.030188537822251407,0.33378548828704446,0.08728188540821713,0.126893766081852
real:low:48:147,48,low,B2,4427.0,7,mid,core,0.9999999997836743,0.556722787458973,0.7462540809791725,0.5939168040326057,0.36968234526971094,0.5176347922488976
real:low:48:148,48,low,B2,5545.0,6,mid,core,0.9999999997675835,0.5422574683271946,0.4173290163945858,0.6956294947343269,0.5885871184344741,0.5666558153359158
real:low:48:149,48,low,B6,2567.0,5,low,early,0.9999999997408551,0.2249790294499874,0.014680644599085205,0.0910926132804703,0.010510667601417785,0.0704458481518705
real:low:48:150,48,low,B2,6489.5,5,high,early,0.999999999539859,0.5553287854569314,0.9313906982471403,0.574035109389354,0.2086099710046867,0.6591968259026012
real:low:48:151,48,low,B6,3150.0,8,mid,core,0.9999999998754462,0.43149058390399053,0.2135823825861823,0.34296206616936137,0.16862149381851105,0.20145357322528396
real:low:48:152,48,low,B2,2566.0,8,low,core,0.9999999997825121,0.2809728465573161,0.13265216678039485,0.1616193459900346,0.08268890547048728,0.15908188851716887
real:low:48:153,48,low,B2,6692.0,6,high,core,0.9999999997287213,0.5865683214123758,0.5905083310197259,0.5977210999584933,0.39663576765304753,0.4696686143995045
real:low:48:154,48,low,B8,3234.0,6,mid,core,0.9999999997169698,0.44857442007960224,0.11872380413320921,0.43331057455947924,0.10985144462453512,0.11107938654310993
real:low:48:155,48,low,B4,3618.5,7,mid,core,0.9999999992406077,0.501293450038401,0.6836214471787984,0.545460733320429,0.27561453088272087,0.3336495983410325
real:low:48:156,48,low,B2,1646.5,7,low,core,0.9999999995619223,0.1967165747698504,0.06445325531362235,0.1276800241318891,0.04624706711396595,0.11266141297686913
real:low:48:157,48,low,B6,3097.0,7,mid,core,0.9999999997462374,0.3660664843263005,0.44195041866798157,0.25506510294191675,0.1404606794227991,0.18248509186004055
real:low:48:158,48,low,B6,2393.0,11,low,late,0.9999999997262521,0.31668427822385725,0.13629891346125772,0.19382304972633088,0.1503691207251179,0.24479891178039195
real:low:48:159,48,low,B4,4793.5,6,mid,core,0.9999999999150213,0.5245089123365628,0.1443123587554914,0.6825258180609489,0.5552102987217458,0.38754357280986257
real:low:48:160,48,low,B2,8193.0,5,high,early,0.0,0.5748070124167538,0.8427322109274828,0.5141605097386642,0.16819184093378461,0.43167140388208997
real:low:48:161,48,low,B6,5266.0,5,mid,early,0.999999999908545,0.542191945901559,0.9157603113039262,0.5568148373927958,0.12851933260145026,0.5582773516576198
real:low:48:162,48,low,B4,4514.5,5,mid,early,0.999999999956876,0.5733725586186667,0.5185662292305562,0.6494210581848394,0.3007126263893737,0.5861814220953203
real:low:48:163,48,low,B2,3613.0,7,mid,core,0.9999999996782977,0.4313269935637379,0.16027651696377684,0.4006508994428608,0.15762637142337538,0.19687339722639124
real:low:48:164,48,low,B8,2972.5,9,low,core,0.9999999997174176,0.4270459247220228,0.15223268040547172,0.32825413635039874,0.23258471762778324,0.21324332339098648
real:low:48:165,48,low,B6,3265.5,5,mid,early,0.9999999996809779,0.3686627562747589,0.02627900181850571,0.3015485980049886,0.04255463616223457,0.11142932197713047
real:low:48:166,48,low,B2,3890.5,6,mid,core,0.9999999997309486,0.44730823061738634,0.11549565756053881,0.42807211078496943,0.13289666998679062,0.2650197608165642
real:low:48:167,48,low,B2,1640.0,4,low,early,0.0,0.022103599737404205,0.008373576000338185,0.005899401520721995,7.796405816005598e-05,0.05537055922935264
real:low:48:168,48,low,B2,5208.5,5,mid,early,0.9999999998109804,0.5375949110241819,0.8487590089854514,0.5006998463564293,0.11153862430129191,0.5299732064738524
real:low:48:169,48,low,B2,4135.5,6,mid,core,0.9999999995855892,0.5134855388804018,0.21561186522940268,0.5303668975367338,0.18482334086283095,0.20326671455123232
real:low:48:170,48,low,B2,4655.5,6,mid,core,0.9999999998211311,0.5837387660816742,0.1835231608999587,0.6929334153449246,0.4706011860758605,0.45923938929206315
real:low:48:171,48,low,B2,6411.5,5,high,early,0.9999999993479517,0.556091618300331,0.8087819942844284,0.6880654907655382,0.40661469491451113,0.545191481558546
real:low:48:172,48,low,B8,2110.0,9,low,core,0.9999999998112776,0.3032490950872992,0.16699186207973657,0.21244419222346475,0.15442037297317315,0.23247093403992616
real:low:48:173,48,low,B4,2581.0,4,low,early,0.0,0.21680618147789052,0.03860269295512636,0.035553527359688045,0.0014192909895741493,0.06382150076536779
real:low:48:174,48,low,B6,2082.0,8,low,core,0.9999999996165064,0.20908242095790733,0.04894082049465434,0.12434225938047579,0.04736810859455754,0.13424162202434237
real:low:48:175,48,low,B4,1668.0,8,low,core,0.9999999997856575,0.21298429897994628,0.06667654237215283,0.14325705456625487,0.050122552205935485,0.18083586372217178
real:low:48:176,48,low,B4,3347.5,5,mid,early,0.9999999997451632,0.40929608903660236,0.045634092238637534,0.40244217868841076,0.060713210838310994,0.11698021297692754
real:low:48:177,48,low,B6,2960.0,12,low,late,0.9999999993328755,0.3864935959542124,0.23916045878397388,0.2897108712518139,0.1925726378962963,0.14140893056946258
real:low:48:178,48,low,B8,1660.5,7,low,core,0.9999999997652865,0.18469671466752788,0.016973892616890755,0.12798790063191787,0.03713953925557397,0.141033635967691
real:low:48:179,48,low,B2,2586.0,6,low,core,0.9999999995608841,0.2269536185916866,0.006978718524408442,0.15258095386008494,0.032227579412201036,0.10550856509478528
real:low:48:180,48,low,B4,1577.0,8,low,core,0.9999999996211085,0.20698551631893597,0.038028095096305586,0.14081360149220995,0.06156275936351884,0.11874538602051782
real:low:48:181,48,low,B6,3244.5,7,mid,core,0.9999999995489799,0.38515428746322283,0.1199549658793951,0.306130908006475,0.1638603648032777,0.16642665077784716
real:low:48:182,48,low,B6,2341.5,7,low,core,0.9999999996980939,0.23066868045553765,0.04984801963953003,0.13813303347416447,0.040101264303884325,0.1390991833966411
real:low:48:183,48,low,B2,2747.0,6,low,core,0.999999999733228,0.24816114961020075,0.02303434693694783,0.09629774714957802,0.019014945728215712,0.1528409770925272
real:low:48:184,48,low,B8,1504.5,7,low,core,0.9999999997928468,0.18267394344614887,0.016154048802922684,0.1260600335769246,0.035759966555193805,0.12331871944509759
real:low:48:185,48,low,B8,2595.5,12,low,late,0.9999999994689488,0.33854883825447585,0.09107331241926248,0.198189406633305,0.20849406498327297,0.22633247027758616
real:low:48:186,48,low,B4,7476.0,6,high,core,0.9999999991871801,0.5352419125631888,0.5714067453644343,0.41010775531702043,0.21086210265003436,0.5709166117413599
real:low:48:187,48,low,B4,4891.5,5,mid,early,0.9999999999367806,0.5660736948644307,0.9196439495678114,0.6892430285859855,0.3203241336350551,0.6587530575782596
real:low:48:188,48,low,B6,2665.5,8,low,core,0.999999999680695,0.2907400003668097,0.11001173083351563,0.16722646983180833,0.1059361691260555,0.162732197949202
real:low:48:189,48,low,B6,2950.0,8,low,core,0.9999999997648054,0.36650526723263666,0.058005901750208956,0.26447300823406794,0.12841589294769273,0.1390595331326608
real:low:48:190,48,low,B2,4344.0,6,mid,core,0.999999999787629,0.5282113457425358,0.23627477447485165,0.5542629948222945,0.21872214754403285,0.28450627086450403
real:low:48:191,48,low,B2,4044.5,7,mid,core,0.9999999996651777,0.46157083873401544,0.3198303462500015,0.4541971597630303,0.2258353742483667,0.44065338532288384
real:low:48:192,48,low,B6,2760.0,8,low,core,0.9999999997365313,0.328623300284267,0.11843772979241173,0.1908821864947737,0.13626368398277014,0.18971193403864609
real:low:48:193,48,low,B4,3285.5,5,mid,early,0.9999999996746779,0.37669221527881575,0.07582530550962593,0.18686437899178002,0.02152436530713944,0.15769982113929384
real:low:48:194,48,low,B8,4856.0,5,mid,early,0.9999999997278423,0.5737529346299517,0.9142927556874043,0.62515071601543,0.2296113961537207,0.617075589678494
real:low:48:195,48,low,B6,2739.5,4,low,early,0.0,0.2059197392573213,0.08380195372468582,0.040372891192287895,0.0015827328514336572,0.06382150076536779
real:low:48:196,48,low,B2,5922.0,7,mid,core,0.9999999998852314,0.5308399257386285,0.7937450492694466,0.5966878046325664,0.5831125606421661,0.6347354709311563
real:low:48:197,48,low,B8,1865.0,5,low,early,0.0,0.10389200797333316,0.04839785687804577,0.031795767895666883,0.0017467618884579356,0.06379628381949976
real:low:48:198,48,low,B4,3202.5,6,mid,core,0.9999999997175744,0.4062784893042131,0.037079689383599464,0.37146279132374616,0.11589689960147433,0.19372778202515228
real:low:48:199,48,low,B4,2454.5,7,low,core,0.9999999996496329,0.24952216841875394,0.06534565068826656,0.14633413470363346,0.06097354808478874,0.156760790580821
real:low:48:200,48,low,B4,3919.5,10,mid,late,0.9999999998337542,0.47652361867795473,0.45910022124315814,0.6462081063595995,0.3849156393405326,0.3172919698642735
real:low:48:201,48,low,B8,2891.0,4,low,early,0.9999999997040144,0.2712590621321949,0.10170923648862452,0.06235507451197943,0.0030924731292419805,0.13434861807955234
real:low:48:202,48,low,B4,1695.5,7,low,core,0.9999999996512944,0.18793694458197005,0.029318895154238685,0.12169211568260754,0.04037053892210726,0.1182887081284986
real:low:48:203,48,low,B2,5715.0,6,mid,core,0.999999999697601,0.5403901929704678,0.414557254075303,0.6826515167867447,0.6606510830656127,0.5655784218070214
real:low:48:204,48,low,B2,2278.5,8,low,core,0.9999999996225025,0.26110684321764965,0.08098564991696229,0.15254922185773387,0.07369836491179563,0.19422187544871788
real:low:48:205,48,low,B2,3242.0,7,mid,core,0.9999999997943189,0.36705474178139413,0.17608071930279254,0.2816233080874532,0.15444616831384683,0.14790856941732983
real:low:48:206,48,low,B6,3075.0,12,mid,late,0.9999999994228529,0.3765727914417867,0.15491438974805766,0.28413277074517707,0.1916872574827004,0.1515877867630982
real:low:48:207,48,low,B2,4737.5,7,mid,core,0.9999999999427985,0.5618906576579663,0.11884196165934106,0.677782457550335,0.5137181655903438,0.3579006129136749
real:low:48:208,48,low,B2,7171.0,7,high,core,0.9999999996453005,0.5185650744983881,0.2848565368261437,0.4245197683156743,0.27122082544669873,0.3822551437266118
real:low:48:209,48,low,B2,1820.0,8,low,core,0.9999999995721339,0.19764785191079917,0.09653740682492859,0.1203008294246508,0.045757470800605354,0.1141929283105708
real:low:48:210,48,low,B6,5415.0,6,mid,core,0.9999999998742768,0.5273329883924234,0.1821863468062137,0.6624098098878182,0.5751179728967809,0.5155973282109577
real:low:48:211,48,low,B4,4572.5,6,mid,core,0.9999999999162873,0.5172839372437226,0.19070933889502895,0.6501867261549359,0.4700342366018804,0.36155833058474807
real:low:48:212,48,low,B8,3301.0,7,mid,core,0.9999999998010778,0.4770425299331076,0.029656208061919546,0.5020461284537602,0.22956614492898944,0.09438718885724329
real:low:48:213,48,low,B4,3812.5,5,mid,early,0.9999999998828714,0.4957711738969904,0.35472293484624345,0.464460855117318,0.12015784107715893,0.36778481768781074
real:low:48:214,48,low,B2,5778.0,6,mid,core,0.9999999997690251,0.5384727629911746,0.7234476290216733,0.6636147894468377,0.4830635142559411,0.6765534133854985
real:low:48:215,48,low,B6,3244.0,7,mid,core,0.9999999997237662,0.39197236311819666,0.03251483563162369,0.32849159829786206,0.17006569762651075,0.09438718885724329
real:low:48:216,48,low,B6,3509.5,8,mid,core,0.9999999998305038,0.5087185810732271,0.20856430954499158,0.5155785206613707,0.30576638065307626,0.310049960758413
real:low:48:217,48,low,B4,3142.5,9,mid,core,0.9999999996981678,0.41749216759213037,0.03265503966736009,0.35151652942028194,0.12648321682891722,0.1028243155203973
real:low:48:218,48,low,B2,3936.0,5,mid,early,0.9999999997316872,0.45648390771859204,0.34056432361681166,0.25541529425210974,0.02977896704630594,0.18009935400750848
real:low:48:219,48,low,B6,2901.0,8,low,core,0.9999999998523957,0.3561850202967087,0.11460031833766451,0.2417430443555001,0.1550773363285984,0.25108298336095214
real:low:48:220,48,low,B4,2331.0,4,low,early,0.0,0.15392912251997362,0.01655635069277122,0.027480700681441494,0.0012798367454098741,0.032535284072286265
real:low:48:221,48,low,B6,2832.0,11,low,late,0.999999999657146,0.3775250840914151,0.09922646709199093,0.24136072475641945,0.20748584421292918,0.11690854992199433
real:low:48:222,48,low,B8,2738.5,7,low,core,0.9999999997421091,0.32469845066487063,0.20414793198209102,0.19406865974341114,0.11220801269368667,0.18971193403864609
real:low:48:223,48,low,B8,3267.5,6,mid,core,0.9999999997146161,0.4755030702263963,0.05539159857150397,0.5356606581869506,0.1911014458465548,0.1778724510902444
real:low:48:224,48,low,B2,2909.0,7,low,core,0.9999999997193156,0.305207584523817,0.012154371629188346,0.1962965743913848,0.06141662167337013,0.1402449383355508
real:low:48:225,48,low,B6,3315.5,8,mid,core,0.9999999994119411,0.44778483815937115,0.12961121848377838,0.3699268736976941,0.2088534965907458,0.18858979024820166
real:low:48:226,48,low,B8,4138.0,10,mid,late,0.9999999995418719,0.4676100420894363,0.2951944134433093,0.567196062743804,0.3486776394685651,0.26604080642484434
real:low:48:227,48,low,B6,2489.0,4,low,early,0.0,0.16096746876312276,0.01573272849491026,0.03916611465717066,0.0016309048483947712,0.04761189146266969
real:low:48:228,48,low,B6,3089.5,6,mid,core,0.9999999997675046,0.41297350944005756,0.02622353395433471,0.2352927919392827,0.06442884817120687,0.24667269549833523
real:low:48:229,48,low,B2,1765.5,7,low,core,0.9999999997201581,0.19060829305879548,0.05075064738780557,0.12317125393592002,0.039080746433307285,0.1390991833966411
real:low:48:230,48,low,B4,3407.5,5,mid,early,0.9999999997583845,0.421036094921468,0.049545051555347025,0.40984817774296256,0.06591115660970384,0.15712439296496583
real:low:48:231,48,low,B4,3903.0,5,mid,early,0.9999999996295097,0.4955042210529894,0.6568155564745605,0.34480489000962455,0.05957869471980291,0.33766065046449684
real:low:48:232,48,low,B8,4161.0,9,mid,core,0.9999999993923703,0.4531652111912812,0.21323922723039768,0.5352819412655165,0.37183381141447386,0.34280718262442184
real:low:48:233,48,low,B6,3980.5,7,mid,core,0.9999999999009812,0.5314149303660683,0.18902039581899863,0.5692966753152537,0.31740565989746583,0.3239488640732672
real:low:48:234,48,low,B4,5777.5,7,mid,core,0.9999999997396324,0.4613049325580132,0.5489926661333496,0.4303203888263313,0.4219692942550982,0.7189030249946271
real:low:48:235,48,low,B4,3558.5,6,mid,core,0.9999999996903154,0.5236844485232343,0.1894070648167454,0.6035715240387344,0.21278374581528148,0.1974118462227918
real:low:48:236,48,low,B4,5846.5,5,mid,early,0.0,0.5822944281965325,0.8863860384925466,0.5295368699645151,0.2046630415267004,0.5638287865982307
real:low:48:237,48,low,B4,1671.0,4,low,early,0.0,0.060077112645089775,0.008167574045815924,0.005955382539095087,0.00038160486678737485,0.0505860681174478
real:low:48:238,48,low,B6,3433.0,6,mid,core,0.9999999996161913,0.45645043843328537,0.04402849319397273,0.4598606031589956,0.15345345964132023,0.19348226018429937
real:low:48:239,48,low,B4,3341.0,6,mid,core,0.9999999994422106,0.45187003729169906,0.03290721876822078,0.44594740999706806,0.13405587243834763,0.14934161819491082
real:low:48:240,48,low,B2,3077.0,8,mid,core,0.9999999998962009,0.35090558069447686,0.01266285445203884,0.25911531016557654,0.11934710827404435,0.21053961587546272
real:low:48:241,48,low,B8,1662.5,9,low,core,0.9999999998217265,0.22660191984120887,0.05554052058561152,0.13616460365590038,0.07261937200384457,0.15846184469754285
real:low:48:242,48,low,B6,2895.5,12,low,late,0.9999999993808422,0.36451425909309193,0.2883281290192322,0.2567093542245363,0.20147185583539212,0.2028579125017858
real:low:48:243,48,low,B6,3110.0,8,mid,core,0.9999999998190515,0.3751243886843257,0.12692848285786748,0.27783411116786666,0.12694403988187025,0.16202302904727825
real:low:48:244,48,low,B6,2692.0,12,low,late,0.9999999996860527,0.36974654772584575,0.08860980028812158,0.2089200187040396,0.2086994352074219,0.17275477393036948
real:low:48:245,48,low,B4,1588.5,4,low,early,0.0,0.05320989405127643,0.005708855797265973,0.0029816885931018768,0.0003571317843080404,0.038258320197027795
real:low:48:246,48,low,B4,3107.5,8,mid,core,0.999999999708372,0.42897680131962,0.027266447222361066,0.23347485617783384,0.06670658593040046,0.14092145346950707
real:low:48:247,48,low,B2,5475.0,9,mid,core,0.0,0.3352956700744591,0.1811433991665496,0.1129380846088608,0.0540664994699249,0.25027047375746303
real:low:48:248,48,low,B6,4020.0,8,mid,core,0.9999999997596108,0.5285059394430671,0.42006096393197245,0.5934647286676683,0.4570229597005771,0.43413232106424754
real:low:48:249,48,low,B2,9232.5,6,sat,core,0.9999999996211395,0.3580012197886159,0.405752461786187,0.30902969333469194,0.3034469896791855,0.1942554532238206
real:low:48:250,48,low,B4,4000.0,5,mid,early,0.9999999999361585,0.5279248499995375,0.376676136024137,0.6272444841054838,0.20749280618607205,0.36894577748232815
real:low:48:251,48,low,B2,3846.5,7,mid,core,0.9999999996551604,0.4517404453857668,0.0928271104244586,0.4356822214451558,0.21433121049331894,0.3140831090788049
real:low:48:252,48,low,B6,2299.0,8,low,core,0.9999999996965552,0.24718026672316978,0.05554903923260936,0.13350882752603282,0.06645347336753224,0.1565968030828555
real:low:48:253,48,low,B8,4890.5,12,mid,late,0.9999999995919902,0.3952514535951849,0.30117433952610306,0.25341868579161553,0.1768483098194213,0.2441190774283219
real:low:48:254,48,low,B2,5571.0,7,mid,core,0.9999999999151581,0.5409671040746444,0.30476285631032196,0.6334317885827655,0.5843024758197584,0.5357531326093229
real:low:48:255,48,low,B6,1796.0,7,low,core,0.9999999996552367,0.16652105906530948,0.0049380572484752,0.1185637882631463,0.027745715662765444,0.10566272313690947
real:low:48:256,48,low,B2,7123.5,5,high,early,0.0,0.5661076907002742,0.8993043021916804,0.529208901223743,0.25487069118460576,0.5682862663716222
real:low:48:257,48,low,B2,6321.5,6,high,core,0.9999999996338408,0.5370469698515113,0.5344406337658671,0.5703203548059278,0.46335096794197667,0.5073453809059822
real:low:48:258,48,low,B2,2147.0,6,low,core,0.9999999996628608,0.19372765608514914,0.011783967167229443,0.14187618453919854,0.021264031524992313,0.10043784766407106
real:low:48:259,48,low,B2,5265.0,7,mid,core,0.9999999999799256,0.5379925726835245,0.3523833449567911,0.671685495484123,0.640316498050747,0.5667742825650375
real:low:48:260,48,low,B2,3866.5,7,mid,core,0.9999999994797903,0.48543164940695105,0.06371250328954933,0.5024749398489443,0.23927099005300476,0.1342105956399855
real:low:48:261,48,low,B2,6919.0,6,high,core,0.0,0.5898149364197306,0.7343210576636084,0.6129316878636829,0.3515386496346269,0.46973459762152964
real:low:48:262,48,low,B2,2820.0,6,low,core,0.9999999997049881,0.26128500376631963,0.011096882849893958,0.1673527080162199,0.04332248771160555,0.17220373426962227
real:low:48:263,48,low,B4,3313.5,8,mid,core,0.9999999997411616,0.5105347023044015,0.27464811404291517,0.515380502130964,0.34519427943079695,0.2996173068815004
real:low:48:264,48,low,B2,2488.0,7,low,core,0.9999999997578132,0.24007441475324373,0.07412649062655462,0.14824724502766584,0.05308989226062617,0.15117162034900228
real:low:48:265,48,low,B2,6254.5,6,high,core,0.9999999996317411,0.5458993989919689,0.650453320843212,0.634310859195876,0.5661271552487461,0.6573114664987196
real:low:48:266,48,low,B2,7750.0,6,high,core,0.9999999994821821,0.5695663004551764,0.6510205018985696,0.48406148561717616,0.263129066842315,0.5146847237123546
real:low:48:267,48,low,B2,3164.5,7,mid,core,0.9999999998401826,0.35125475515083315,0.26244260429198085,0.22273294219518824,0.11007036145328818,0.198425402966286
real:low:48:268,48,low,B2,3804.0,6,mid,core,0.9999999994614709,0.48733311778620475,0.23913357559120138,0.4694029300232363,0.11178597773450187,0.19797398037175407
real:low:48:269,48,low,B6,3505.0,10,mid,late,0.9999999995026221,0.4506250636138401,0.2550276084946887,0.5908487233753976,0.40054512145081433,0.17452196252875138
real:low:48:270,48,low,B6,2608.5,8,low,core,0.9999999997872014,0.28314350950665634,0.08057134698351762,0.17332929746738318,0.1091015636380808,0.16988817969686248
real:low:48:271,48,low,B2,8120.5,6,high,core,0.9999999994427746,0.5364197418076008,0.374249128951242,0.435141302629928,0.24835638250967634,0.45426861251949185
real:low:48:272,48,low,B4,2285.0,4,low,early,0.0,0.13922786166174722,0.013355762683678371,0.018537089703626844,0.0009100686506350676,0.032535284072286265
real:low:48:273,48,low,B6,2366.5,4,low,early,0.0,0.14045298964572736,0.0245674020250496,0.018218724539320844,0.0007695163047908427,0.032535284072286265
real:low:48:274,48,low,B6,1950.0,5,low,early,0.9999999996516414,0.11849670066085025,0.03134882108192079,0.03738033235072701,0.002375297903464255,0.062255046644000195
real:low:48:275,48,low,B6,2090.0,8,low,core,0.9999999997701022,0.2582556996440477,0.07467849255002422,0.14335221974932486,0.07817425036582805,0.22258269722131438
real:low:48:276,48,low,B2,5381.5,6,mid,core,0.9999999999181095,0.5874813386815675,0.4242534541804463,0.7038006012069508,0.4761078072074452,0.42411677716120244
real:low:48:277,48,low,B4,2569.0,7,low,core,0.9999999996647334,0.2896652027316639,0.018234797859809655,0.18779398220751714,0.1024353812949316,0.24658875383871776
real:low:48:278,48,low,B4,5679.0,6,mid,core,0.9999999997622147,0.5355577018941636,0.759479729710884,0.644699885037147,0.4914009054147553,0.531145715435636
real:low:48:279,48,low,B2,3162.0,7,mid,core,0.9999999996435607,0.34560476333430856,0.21427712492873371,0.21045520719492017,0.12171896730614201,0.20435971088655772
real:low:48:280,48,low,B4,5062.5,12,mid,late,0.9999999995508685,0.4387957665239692,0.2668338895102675,0.4029876638744468,0.18447619517902772,0.23365554316129544
real:low:48:281,48,low,B2,5157.0,7,mid,core,0.9999999999918814,0.5614186077035868,0.41296265508832036,0.7100492485927611,0.7250840826204141,0.6337158881636105
real:low:48:282,48,low,B4,2805.5,12,low,late,0.9999999996612393,0.37212768259867496,0.17240821229317907,0.27572153307906533,0.2225825762325611,0.19843842643595233
real:low:48:283,48,low,B6,2693.5,8,low,core,0.9999999998241972,0.338879456763729,0.09376069222231832,0.23018373627027885,0.13023461292252264,0.24915869229784743
real:low:48:284,48,low,B6,5825.5,6,mid,core,0.9999999998047735,0.5321660666253623,0.6178774734985163,0.6736026210058232,0.5804731867296463,0.6824966240521115
real:low:48:285,48,low,B6,2703.5,6,low,core,0.9999999996902263,0.2786377037394446,0.022689927506795812,0.12001031894318648,0.023052884456397218,0.09931316698639525
real:low:48:286,48,low,B2,9409.5,5,sat,early,0.9999999996138004,0.6343588546921958,0.5257752404958926,0.20351333207775446,0.29396199962033304,0.4111962227278863
real:low:48:287,48,low,B2,6893.5,7,high,core,0.999999999727642,0.5307405491328193,0.35225226776698654,0.5053293454874225,0.36660689930177304,0.4532843100320679
real:low:48:288,48,low,B6,2691.5,6,low,core,0.9999999996559518,0.24132983105276248,0.012160551318834019,0.159697654828637,0.03174521161315336,0.08846035184752359
real:low:48:289,48,low,B4,3534.0,5,mid,early,0.9999999997144187,0.4348402855568919,0.12391142020287407,0.44789578033230826,0.07250463099375372,0.1689180761975561
real:low:48:290,48,low,B6,3095.0,11,mid,late,0.9999999993712692,0.4214608307145699,0.35159439635348144,0.4016142047561173,0.24938814436244536,0.18006215599705686
real:low:48:291,48,low,B2,3425.5,6,mid,core,0.9999999997523034,0.40014221604383365,0.04270159144249017,0.3594226447403325,0.08362506350141402,0.1047772156334853
real:low:48:292,48,low,B2,4984.0,6,mid,core,0.9999999998007435,0.5721425209041138,0.23643975780005186,0.6235917326805299,0.3843700440279294,0.5612708311155792
real:low:48:293,48,low,B6,2595.0,8,low,core,0.9999999997483366,0.3094750327009579,0.17807460579162976,0.1834075555829811,0.14526847513440183,0.3512700945088463
real:low:48:294,48,low,B6,1831.0,9,low,core,0.9999999998281819,0.25071321110935024,0.03600205228140907,0.16921529068801067,0.08165645614295168,0.1330166833889718
real:low:48:295,48,low,B8,2783.0,8,low,core,0.9999999997450773,0.33859504318024897,0.021134009938319848,0.21897954808829684,0.07452707996246977,0.14399203477416023
real:low:48:296,48,low,B4,3456.0,5,mid,early,0.9999999996327928,0.49965827897530996,0.10084659331468308,0.5346493567045071,0.12562825582989665,0.11754325500362216
real:low:48:297,48,low,B6,4631.0,6,mid,core,1.0,0.553405851626932,0.16209153949669228,0.6030983753812853,0.36936047985266574,0.367020805272729
real:low:48:298,48,low,B4,2795.5,7,low,core,0.999999999715851,0.3286193474952858,0.09285214144639072,0.22200207368545974,0.14020089709832154,0.16332581357190945
real:low:48:299,48,low,B2,4275.5,5,mid,early,0.9999999996452856,0.510229315788827,0.5564371218633388,0.5447874222488112,0.14218200121316196,0.4097530493154961
real:low:48:300,48,low,B8,4161.0,6,mid,core,0.9999999997759877,0.5249120943035339,0.20765119752334196,0.6053815459419778,0.27274894796645566,0.3462328134022985
real:low:48:301,48,low,B2,2853.5,8,low,core,0.9999999996518203,0.32225188059259247,0.06048802229594409,0.18988802932559862,0.1400995505106884,0.1680274663961063
real:low:48:302,48,low,B2,3223.0,7,mid,core,0.9999999996776843,0.3614302766622134,0.2401831058526892,0.25307475541170305,0.16980558432669443,0.21023129380692707
real:low:48:303,48,low,B4,2435.0,7,low,core,0.9999999997551037,0.2627178216767421,0.010921183689189736,0.17239673138757378,0.05839047373460831,0.20334044837683937
real:low:48:304,48,low,B6,3758.5,8,mid,core,0.9999999997318831,0.5594099664195747,0.7119651996930825,0.6080306484200569,0.3859702818391733,0.43308262887875093
real:low:48:305,48,low,B6,2439.5,7,low,core,0.9999999996713932,0.27698782759394175,0.017474725675472137,0.17834177195130757,0.05201125877558471,0.17039304770645167
real:low:48:306,48,low,B2,7909.0,6,high,core,0.0,0.589279337671905,0.8364903987620448,0.5222211102629002,0.20709663386622834,0.46959770709434584
real:low:48:307,48,low,B8,1958.5,9,low,core,0.9999999997791449,0.2958782100711375,0.4527807866345,0.2248638819260994,0.14609725785200806,0.3422194623638083
real:low:48:308,48,low,B4,3008.5,10,mid,late,0.9999999997586682,0.4139586000591578,0.16830892442841294,0.38157958486245314,0.3031994350696277,0.18655234592544
real:low:48:309,48,low,B4,7426.0,4,high,early,0.0,0.5835749728168463,0.9097967509618817,0.17552940908972708,0.030347143799388337,0.64057071834538
real:low:48:310,48,low,B8,3361.5,12,mid,late,0.999999999629471,0.3980303269102207,0.13812679624869098,0.4167243079816115,0.15974047536476138,0.10666190625752928
real:low:48:311,48,low,B6,3524.0,10,mid,late,0.9999999995145222,0.4821456863493804,0.4257575014790528,0.6207785604448761,0.3544545897413853,0.16682629908780816
real:low:48:312,48,low,B2,2648.5,8,low,core,0.9999999995237188,0.27539996131416977,0.08765713788238062,0.15025887031003068,0.07405854829858544,0.1652418640531908
real:low:48:313,48,low,B6,1714.0,7,low,core,0.9999999996740605,0.19223116559656084,0.018547058719821485,0.13877500384250985,0.04464203934032438,0.141033635967691
real:low:48:314,48,low,B6,2408.0,7,low,core,0.9999999997685759,0.2454499294322525,0.08767483924997584,0.14925164565259033,0.056218359637110464,0.20342819425431516
real:low:48:315,48,low,B4,3807.0,5,mid,early,0.9999999998373742,0.4973647207338956,0.4925295726225241,0.5386931887027292,0.14684097442515412,0.36778481768781074
real:low:48:316,48,low,B2,3843.0,6,mid,core,0.9999999992894503,0.4892670634632912,0.11516571930415587,0.5556419790582338,0.23771452380624827,0.2854224240029
real:low:48:317,48,low,B6,2163.0,7,low,core,0.9999999996783663,0.24452478870346478,0.1345794964549052,0.14823615874938703,0.05924305340056521,0.18297771686722872
real:low:48:318,48,low,B6,4127.5,7,mid,core,0.9999999998983051,0.5390731687911383,0.422484573260266,0.552946107926461,0.3545757028141105,0.4655911755311935
real:low:48:319,48,low,B4,3293.5,7,mid,core,0.999999999255433,0.4708303534351933,0.2543877507192542,0.4893808792180024,0.2456339146779101,0.19172396593636953
real:low:48:320,48,low,B4,1680.0,8,low,core,0.9999999997180296,0.2079027916194125,0.020046078321863663,0.13727964156023048,0.05417961594278541,0.21222296560420068
real:low:48:321,48,low,B8,2975.5,10,low,late,0.9999999997662372,0.40530574911555844,0.12218804154470331,0.2908592686382409,0.2560010959575853,0.1922677459346518
real:low:48:322,48,low,B4,2411.0,8,low,core,0.9999999995061918,0.28006088248041583,0.15236780412423162,0.17186285331630727,0.11733043787459384,0.2194465562417663
real:low:48:323,48,low,B4,3504.0,4,mid,early,0.9999999997664328,0.4133288243409826,0.24766429325437625,0.10309617160453136,0.009399784312006356,0.1935284597244723
real:low:48:324,48,low,B2,4674.5,6,mid,core,0.9999999997637598,0.5423111812475838,0.36054025897794006,0.5770782987425058,0.24852267037242304,0.30923704466809304
real:low:48:325,48,low,B6,3647.0,6,mid,core,0.9999999996818756,0.4431298218369769,0.05673965025199036,0.44050872217650155,0.15625868463856363,0.1686974182588482
real:low:48:326,48,low,B8,2611.5,11,low,late,0.9999999995935568,0.3252918420024942,0.09617955071823896,0.1787418944273053,0.1869317300152697,0.13309621920450249
real:low:48:327,48,low,B2,1542.5,7,low,core,0.9999999995986427,0.16745137766854443,0.005821052202736461,0.13077514019919906,0.027966831012407933,0.05913152198158936
real:low:48:328,48,low,B6,4228.0,6,mid,core,0.9999999999057864,0.5568246432302076,0.260302657171293,0.6052339085664518,0.22980587468099758,0.27374866737674414
real:low:48:329,48,low,B2,2648.5,7,low,core,0.9999999998423127,0.2790378995589408,0.01114106504029907,0.1782153501923169,0.06801934644566238,0.20334044837683937
real:low:48:330,48,low,B4,1912.5,5,low,early,0.9999999996556053,0.1580626198501573,0.026011689874051346,0.05468335096286321,0.003485468449089931,0.05010579916201575
real:low:48:331,48,low,B4,2947.0,12,low,late,0.9999999996728871,0.35733615045775147,0.17855903496601158,0.2745022185896214,0.20603979316923687,0.15115000989364827
real:low:48:332,48,low,B2,4773.0,6,mid,core,0.9999999997468776,0.5819576167736135,0.2040137478483436,0.6759650710829336,0.4748242769330626,0.45923938929206315
real:low:48:333,48,low,B6,4459.0,6,mid,core,1.0,0.5556868360312841,0.154524879193056,0.619735775413047,0.3555930939683907,0.3599202189705849
real:low:48:334,48,low,B2,3212.5,5,mid,early,0.9999999996098973,0.2919373408192743,0.024885995775893795,0.10665352625470628,0.012332290421823551,0.08571324928812185
real:low:48:335,48,low,B4,3994.5,12,mid,late,0.9999999997021253,0.38888270632235405,0.22401278112023737,0.3714020881854365,0.13316860702479985,0.14847397312100533
real:low:48:336,48,low,B4,2736.0,8,low,core,0.9999999996337177,0.32486468027587506,0.1719591203476075,0.23096409531027826,0.12728540387947218,0.20652288894024276
real:low:48:337,48,low,B4,5235.0,5,mid,early,0.9999999995047127,0.5566232227739564,0.7455167423098773,0.7824777996952311,0.5576333048344655,0.5367979423093717
real:low:48:338,48,low,B4,2196.5,6,low,core,0.9999999996176716,0.198316823173618,0.013107082164959656,0.11395077812165554,0.014419321705366006,0.13474853357908892
real:low:48:339,48,low,B4,3084.5,10,mid,late,0.9999999998999147,0.42781209093406325,0.1558088630337969,0.34271617047715736,0.26500635638091125,0.2430645679374341
real:low:48:340,48,low,B4,2260.5,7,low,core,0.9999999996884392,0.2387349504931673,0.0318424166705837,0.15204334600106217,0.05762943805910391,0.24428808368796873
real:low:48:341,48,low,B4,2208.5,9,low,core,0.0,0.24883576814226038,0.08128254925058914,0.08662327334859876,0.10206357135002997,0.09460892515715785
real:low:48:342,48,low,B4,3152.5,6,mid,core,0.9999999997951841,0.378054889518695,0.009505598697736256,0.32311674830218723,0.09139926898227392,0.13895929257764814
real:low:48:343,48,low,B6,5531.0,4,mid,early,0.9999999995297578,0.6060121711259079,0.9253276643226556,0.2523902189203761,0.06727435863609,0.7136162009442252
real:low:48:344,48,low,B6,4462.5,5,mid,early,0.999999999980851,0.5739277398479284,0.5129055292437987,0.6897966672742941,0.3311502924086332,0.42943721503009
real:low:48:345,48,low,B2,2757.5,7,low,core,0.9999999995517583,0.28504108936865924,0.15865451343220224,0.1623578714338297,0.0727728274732784,0.11759272439207896
real:low:48:346,48,low,B4,8526.0,6,high,core,0.0,0.610937301260989,0.8677324369150711,0.320670407313688,0.24193686971524175,0.5576570413214507
real:low:48:347,48,low,B8,5810.0,6,mid,core,0.0,0.5607013587927353,0.5510869761205504,0.6667274200226377,0.5438633692859504,0.46156152071384743
real:low:48:348,48,low,B4,3028.5,11,mid,late,0.9999999997821095,0.4430221120265931,0.15225808110490752,0.4706080514944953,0.30508543287673645,0.19742575849895677
real:low:48:349,48,low,B6,3097.5,7,mid,core,0.99999999973117,0.331904256438569,0.30576196494234537,0.2151971933760928,0.10878713090060647,0.16829022452549616
real:low:48:350,48,low,B2,3402.5,7,mid,core,0.9999999998366679,0.3694657446920319,0.027695660857506337,0.30405363276517444,0.12762939907853613,0.0877437062000721
real:low:48:351,48,low,B2,4115.5,6,mid,core,0.9999999994165352,0.500980690558656,0.12194735537636682,0.5636873040900053,0.24160160898075445,0.2982953673433584
real:low:48:352,48,low,B6,2960.5,8,low,core,0.9999999995155344,0.37598177451722387,0.11189822940655395,0.27959822051780775,0.14253242790954512,0.17429766112029632
real:low:48:353,48,low,B6,3249.0,5,mid,early,0.9999999996794319,0.3677137124090234,0.027717465909081918,0.28150847990793687,0.042878673667381954,0.1499921709686816
real:low:48:354,48,low,B2,5992.0,7,mid,core,0.9999999998183818,0.5000756529311875,0.5848056934017335,0.553393061984393,0.5085185107869616,0.6594591568330173
real:low:48:355,48,low,B4,4168.5,5,mid,early,0.9999999997788369,0.5566381787964337,0.6411263005177791,0.4751105101758184,0.10689397012757981,0.3752741661490786
real:low:48:356,48,low,B2,2712.0,8,low,core,0.9999999995772471,0.28811339115433493,0.055727212021158705,0.16173621935444177,0.09848716575939685,0.1652418640531908
real:low:48:357,48,low,B8,4458.0,6,mid,core,0.999999999839184,0.562405768117369,0.23401157469189302,0.640870724608234,0.39376898293588447,0.36986195932648624
real:low:48:358,48,low,B4,3289.0,7,mid,core,0.9999999997789852,0.43874322849496444,0.3194783625676184,0.3910673655282341,0.19590228955635317,0.2625767396516434
real:low:48:359,48,low,B2,7261.0,5,high,early,0.0,0.5706917695417748,0.8750175983399016,0.4783569240164008,0.16585499981898152,0.6393131052878442
real:low:48:360,48,low,B4,4259.0,10,mid,late,0.9999999998040008,0.4035598920397782,0.16276750585599908,0.47729545397365214,0.2579177916739427,0.26256791361676257
real:low:48:361,48,low,B6,3892.0,9,mid,core,0.9999999997561592,0.5298049354851838,0.36777035199832875,0.6056676021683,0.46351071557732765,0.3753394061308366
real:low:48:362,48,low,B4,3823.5,6,mid,core,0.9999999997671621,0.5347231393937164,0.23984747879916493,0.6089037253855207,0.23748238828614923,0.2525206731905036
real:low:48:363,48,low,B6,2075.5,10,low,late,0.999999999636138,0.27990678805757496,0.11397078080949351,0.20692479728434057,0.10278379050076485,0.1858473668880203
real:low:48:364,48,low,B2,8093.0,6,high,core,0.0,0.5939825304417388,0.6604656357970169,0.5250088431158069,0.2838801736614606,0.43167140388208997
real:low:48:365,48,low,B8,3124.0,10,mid,late,0.9999999997644173,0.4444221714053684,0.08779627039584963,0.3830958172349965,0.2738821739080579,0.224813203693658
real:low:48:366,48,low,B2,3245.0,6,mid,core,0.9999999997893959,0.3161489861591156,0.012438992421148215,0.22417827662190135,0.07596917634543984,0.08374956809616646
real:low:48:367,48,low,B6,1919.5,12,low,late,0.999999999714547,0.2577810754388462,0.059114975295431416,0.08101528884259675,0.11359398116692414,0.14809946940002186
real:low:48:368,48,low,B4,2612.0,12,low,late,0.999999999618826,0.3278764378231465,0.07045625231257681,0.15901205980408203,0.18790766474657666,0.20665448446047321
real:low:48:369,48,low,B4,4582.5,8,mid,core,0.9999999998518666,0.5380335273189125,0.42251203003319726,0.569639422428693,0.6237425315202485,0.5724282350855942
real:low:48:370,48,low,B2,7941.0,6,high,core,0.9999999991485947,0.5787239949871122,0.6434879343808912,0.5022480534729644,0.25231495215993177,0.45118553061828465
real:low:48:371,48,low,B4,2777.5,4,low,early,0.0,0.28053510053004616,0.10644106129394908,0.07915884278581477,0.0024737489815273685,0.09193980767755772
real:low:48:372,48,low,B2,3569.0,6,mid,core,0.9999999997858554,0.4146004070722267,0.0548912409926827,0.3774734423989667,0.1300622088036451,0.14934161819491082
real:low:48:373,48,low,B2,2909.0,8,low,core,0.9999999996215109,0.3229281954722545,0.04453943922669965,0.1804797793569229,0.12123464437703069,0.1356446671285378
real:low:48:374,48,low,B2,3494.5,7,mid,core,0.9999999994962913,0.4377744136756322,0.028216920174741887,0.4181777292053309,0.18682122984341093,0.09753509896744252
real:low:48:375,48,low,B4,3318.0,7,mid,core,0.999999999811667,0.4437095547345921,0.1768387704229325,0.41939092471412914,0.1961905964505372,0.25769890225261827
real:low:48:376,48,low,B8,2896.0,12,low,late,0.9999999993683484,0.38142300958082076,0.5868465084967238,0.3142274627792377,0.2059391199872402,0.2087303480317625
real:low:48:377,48,low,B2,3697.0,7,mid,core,0.9999999996862796,0.4673779335094925,0.16315854800992885,0.46178319413621377,0.25445250187937657,0.41753836473059547
real:low:48:378,48,low,B6,1685.0,9,low,core,0.9999999998617957,0.2222254071398209,0.04540888619845817,0.14201681534184352,0.06410115008716177,0.1292217989995031
real:low:48:379,48,low,B6,1790.5,7,low,core,0.9999999997235384,0.17851040568532742,0.07816699078276215,0.11275940373374879,0.03146401928240073,0.10583357045522877
real:low:48:380,48,low,B2,8172.0,6,high,core,0.9999999995482106,0.5548802518285623,0.5914213658564353,0.4393662051257858,0.2168900804355599,0.49767367515086836
real:low:48:381,48,low,B6,3394.5,5,mid,early,0.999999999560494,0.3936345214261591,0.05046860616198758,0.21999593886603971,0.030919110280629776,0.14608210572996333
real:low:48:382,48,low,B2,3539.0,11,mid,late,0.9999999996911973,0.44222920378828834,0.3825516241057666,0.4998164693164374,0.291883320077522,0.1510482234569286
real:low:48:383,48,low,B2,4897.0,5,mid,early,0.9999999998282058,0.5620013465432878,0.5323447342244364,0.5881271161841592,0.2106286855694896,0.3714211639069381
real:low:48:384,48,low,B4,4191.0,6,mid,core,0.9999999999471251,0.6111559113195784,0.3684195797275587,0.716843692964949,0.43770382546005937,0.3600842486508769
real:low:48:385,48,low,B2,3929.5,7,mid,core,0.9999999995689953,0.49791641965595806,0.49909340255298795,0.5173723872109551,0.2544203080380962,0.31996086774069477
real:low:48:386,48,low,B2,3400.0,7,mid,core,0.9999999996437848,0.3812994944499763,0.27990540265079733,0.293097663534698,0.14949343038081697,0.1684193356963375
real:low:48:387,48,low,B4,4819.0,5,mid,early,0.9999999997930307,0.5953438526599777,0.8783191392870461,0.46921105514874495,0.1611381720327168,0.5815998739139483
real:low:48:388,48,low,B4,2672.0,8,low,core,0.9999999997701342,0.3356138463259084,0.08010930694438685,0.19978056173760642,0.17955117843595417,0.2353868312854781
real:low:48:389,48,low,B6,2145.0,9,low,core,0.9999999996472494,0.31224823358239007,0.2404198629408332,0.24513414406679496,0.14113174033096296,0.2039272981031273
real:low:48:390,48,low,B4,3506.5,5,mid,early,0.9999999994565326,0.4691236216439677,0.26127544840136907,0.336107064038394,0.043801029902919654,0.18450516993735322
real:low:48:391,48,low,B4,3979.0,6,mid,core,0.99999999981045,0.5741666979497778,0.30607184423247563,0.6883616110165388,0.36552680110951213,0.38110026466246977
real:low:48:392,48,low,B4,2915.5,8,low,core,0.9999999996878536,0.38736485780853364,0.2346464913646525,0.3081196914891826,0.17952223252589894,0.29419118332428285
real:low:48:393,48,low,B8,3527.0,8,mid,core,0.9999999995870104,0.5420839269233134,0.569842363775659,0.6087028453466554,0.3711976180784693,0.32909796941151154
real:low:48:394,48,low,B2,7585.5,5,high,early,0.0,0.5784245355180617,0.8416330254832515,0.5128138312809246,0.20836167561541222,0.49579596571801715
real:low:48:395,48,low,B6,4211.5,4,mid,early,0.9999999999317802,0.4991916172174486,0.7545665546355228,0.2750980673932697,0.05310349370776357,0.33551015845123144
real:low:48:396,48,low,B4,3729.0,8,mid,core,0.9999999995329097,0.5549037155053823,0.4460965440033839,0.6447527021635903,0.4646474590071124,0.46838165006428945
real:low:48:397,48,low,B8,6186.0,11,high,late,0.9999999995724799,0.42938711905203475,0.12332677954541928,0.46389245514018135,0.214017759952253,0.28267330428821624
real:low:48:398,48,low,B4,2574.5,5,low,early,0.9999999995917898,0.21822466175450375,0.011733892319644649,0.06364107546219007,0.005877986516212865,0.05271242553034957
real:low:48:399,48,low,B4,3935.0,9,mid,core,0.9999999999396715,0.465617879808621,0.42979332616295773,0.5878961171416625,0.4936834837041404,0.37781926371187174
real:low:48:400,48,low,B6,2043.5,9,low,core,0.9999999998148025,0.250365363169053,0.06432370788273259,0.1395015280367264,0.08135475612163451,0.13274615778910226
real:low:48:401,48,low,B8,3823.0,11,mid,late,0.9999999996434796,0.39104196497113586,0.25327634393905013,0.5441760869004281,0.17156790767810062,0.17614758375190825
real:low:48:402,48,low,B6,4140.5,7,mid,core,0.9999999998152641,0.491183673237492,0.5077712956369744,0.4985658251820781,0.25038643210966793,0.4709359255707882
real:low:48:403,48,low,B2,9205.5,5,sat,early,0.0,0.5828224426738023,0.7749141137419986,0.4254027495378181,0.10657411662605905,0.4533782150674873
real:low:48:404,48,low,B2,6371.0,6,high,core,0.9999999996291852,0.5576182562190011,0.6670506148314297,0.6058000043011108,0.47391527443044423,0.6824966240521115
real:low:48:405,48,low,B4,3863.0,4,mid,early,0.9999999998645578,0.4763118171013911,0.7254453683480038,0.17022861674550394,0.03309823269793425,0.34621377865555036
real:low:48:406,48,low,B4,1849.5,6,low,core,0.9999999995950661,0.18297551104585316,0.005380692111261598,0.11428261027066138,0.013853454445919568,0.13474853357908892
real:low:48:407,48,low,B4,4903.5,6,mid,core,0.0,0.631339910986054,0.6630548181842768,0.771048677654037,0.8956446793348602,0.776577159195649
real:low:48:408,48,low,B4,4170.0,7,mid,core,0.9999999999502756,0.5209612932514592,0.35633317095057687,0.6487719080537468,0.5367191860204192,0.6021685872693693
real:low:48:409,48,low,B6,2942.5,4,low,early,0.9999999995515841,0.228565995019843,0.0687428280927867,0.049710507011949866,0.002159016100300399,0.06536594225251119
real:low:48:410,48,low,B2,7788.0,5,high,early,0.0,0.563609244311381,0.9292302574651312,0.45875091305424726,0.16232835786211458,0.6746497306727851
real:low:48:411,48,low,B6,1740.5,5,low,early,0.0,0.09949472567852868,0.02030474316673716,0.03593787649216194,0.001617670658982702,0.05785036303736464
real:low:48:412,48,low,B2,5224.0,7,mid,core,0.9999999999491096,0.5332037345323305,0.46033253451788914,0.6334406352985685,0.5394810597000288,0.5667742825650375
real:low:48:413,48,low,B4,5789.0,5,mid,early,0.0,0.5928873875942712,0.9739824189912788,0.7036999455745274,0.3031701331234457,0.5952958901209873
real:low:48:414,48,low,B4,2858.0,8,low,core,0.9999999997723708,0.3444474175117128,0.011421028935432,0.25643135451676713,0.11038040233642929,0.295525494984827
real:low:48:415,48,low,B6,3026.5,10,mid,late,0.9999999996552947,0.37697916395937225,0.07943064795820434,0.2990613075652748,0.22260526383653714,0.10683201051884596
real:low:48:416,48,low,B8,4325.0,11,mid,late,0.9999999994072228,0.40320666467290134,0.36929649598118774,0.4701569444781606,0.1690338230342933,0.22555386953340104
real:low:48:417,48,low,B4,2841.0,11,low,late,0.9999999996892905,0.38761100449210495,0.19470281982549842,0.294367830132321,0.22513425740359896,0.13051889900941055
real:low:48:418,48,low,B4,4072.5,9,mid,core,0.9999999999705966,0.4702699161486352,0.5399221015027977,0.5600131148194766,0.501656899552242,0.39712277940023766
real:low:48:419,48,low,B2,3029.0,6,mid,core,0.9999999995478366,0.28864762437234187,0.009773042803113,0.17382066460900916,0.058832489347725156,0.05034005165038386
real:low:48:420,48,low,B2,4073.5,6,mid,core,0.9999999994289913,0.4922749832949401,0.12527077091519606,0.5367697548761112,0.21696770874578183,0.2982953673433584
real:low:48:421,48,low,B4,4400.0,6,mid,core,0.9999999999836758,0.565678900073802,0.21198939993946816,0.6563564039087513,0.422615210155729,0.4003104532951855
real:low:48:422,48,low,B2,3589.5,6,mid,core,0.9999999998261079,0.4076313967377176,0.05224022460256725,0.3536094964535388,0.11730589653460612,0.17593665206952105
real:low:48:423,48,low,B4,2693.5,7,low,core,0.9999999996839761,0.29425567148965526,0.13900355156891364,0.19449602913247097,0.08985440762232313,0.18598893168476238
real:low:48:424,48,low,B4,2511.0,8,low,core,0.9999999999113082,0.32556041508446604,0.24341988716205037,0.20582338033872138,0.19104913744799007,0.3458912226555946
real:low:48:425,48,low,B4,5153.5,4,mid,early,0.9999999990692697,0.5968858892841172,0.9374952130789598,0.4471554763078858,0.18157629784684098,0.5977807266947509
real:low:48:426,48,low,B4,3027.5,6,mid,core,0.9999999995980321,0.314848002121066,0.01197137837781226,0.21378037365243915,0.06932153666130035,0.14092570307813815
real:low:48:427,48,low,B4,4424.0,10,mid,late,0.9999999997828638,0.4160053169457945,0.24953988845282093,0.41820777425610883,0.2820437071414032,0.270969282460246
real:low:48:428,48,low,B4,5295.0,6,mid,core,0.9999999997847152,0.5592907045820839,0.6547253467895489,0.7490638628958161,0.5578954647762789,0.5204950957180587
real:low:48:429,48,low,B4,2585.5,8,low,core,0.9999999997574975,0.31739153973538087,0.2570157135400237,0.18338506861212633,0.11767830610735466,0.3458912226555946
real:low:48:430,48,low,B4,4403.0,6,mid,core,1.0,0.5619552405525547,0.23335681087246016,0.8063432209803206,0.7764494043861333,0.550943047165291
real:low:48:431,48,low,B2,5839.5,7,mid,core,0.9999999999079149,0.551837664839584,0.3636805605899517,0.6326038917012681,0.5967338178194679,0.5574734238992404
real:low:48:432,48,low,B2,3055.5,4,mid,early,0.0,0.25875799466156907,0.06098943502729195,0.05656484199328182,0.001714035041486289,0.06410359764752001
real:low:48:433,48,low,B2,7192.5,7,high,core,0.9999999996137681,0.5051173374323545,0.729978514195332,0.3933685192987921,0.25109505492957906,0.5439816332496346
real:low:48:434,48,low,B4,2076.5,6,low,core,0.9999999996622447,0.1968180495782158,0.011128295765891904,0.14651097297816773,0.025942763694832123,0.10479900638779645
real:low:48:435,48,low,B6,3606.5,8,mid,core,0.999999999478341,0.5058429725544331,0.2015034073788669,0.4712119035396303,0.23107643901016306,0.22987868815097368
real:low:48:436,48,low,B6,2404.5,9,low,core,0.9999999997273791,0.2969526841324876,0.15966668892389516,0.21927357897767233,0.10384439366583206,0.15872994925307987
real:low:48:437,48,low,B6,2930.5,4,low,early,0.9999999996497985,0.2490808165893029,0.11855411509767792,0.05393900136445698,0.003922102314846876,0.13039240479800457
real:low:48:438,48,low,B2,7641.5,7,high,core,0.9999999996252931,0.522428901343049,0.748000450553504,0.39303708733323456,0.2578432953709853,0.5672740803556657
real:low:48:439,48,low,B6,4589.0,7,mid,core,0.9999999998772415,0.5469204993264459,0.20644308944582418,0.6408735649593174,0.4618627007107609,0.3579006129136749
real:low:48:440,48,low,B2,2025.5,10,low,late,0.9999999997091893,0.3057352667456555,0.15463885708733954,0.20723464747199669,0.1504648107062664,0.13922141797540144
real:low:48:441,48,low,B4,3299.0,8,mid,core,0.99999999960813,0.4993185367711636,0.17030835741876302,0.44233072634847204,0.2780830834250694,0.27498423014432266
real:low:48:442,48,low,B6,3017.5,6,mid,core,0.9999999997050918,0.30874701378889713,0.019220264329732784,0.22013717958911994,0.038028729611685234,0.07943240559889929
real:low:48:443,48,low,B6,2872.0,9,low,core,0.9999999996460818,0.3488884085552606,0.18805296591284704,0.23987373859492472,0.13887707587513903,0.13902909270186536
real:low:48:444,48,low,B4,4253.0,8,mid,core,0.9999999999665954,0.5309640801847644,0.2169006751494093,0.5942979015154677,0.5695887831885681,0.5014586798452974
real:low:48:445,48,low,B4,4865.0,7,mid,core,0.9999999999333856,0.5001896628206336,0.38157987732617604,0.5981687555960444,0.6245280375579628,0.6158952071758692
real:low:48:446,48,low,B2,2985.0,7,low,core,0.9999999997248289,0.28562650397131684,0.022597628312337536,0.1832088611227663,0.0698833294381943,0.1532387045039354
real:low:48:447,48,low,B6,3721.5,10,mid,late,0.9999999996069382,0.4693284841401828,0.405750126386935,0.5696870298815919,0.3753618953638623,0.2867644388551379
real:low:48:448,48,low,B6,3426.0,7,mid,core,0.9999999998076704,0.38360500926736985,0.0629829664804983,0.3343680009454338,0.1410574674042731,0.21502993449901678
real:low:48:449,48,low,B6,3179.5,4,mid,early,0.9999999996307762,0.33213159658288355,0.14041844223752956,0.07130179221097577,0.005473330682445935,0.14591675443770002
real:low:48:450,48,low,B8,3198.0,7,mid,core,0.9999999999225998,0.41667266072892833,0.05882986142800733,0.3870505991955222,0.17304717279973542,0.20514909981896626
real:low:48:451,48,low,B2,6193.5,5,high,early,0.9999999997173838,0.546754443586742,0.8723971330698799,0.6431042250566927,0.2952548713804271,0.6844335226831215
real:low:48:452,48,low,B6,3906.0,6,mid,core,0.9999999997317862,0.4371889307215656,0.1489097302324977,0.4002519865906397,0.13280224634215318,0.19343185319363054
real:low:48:453,48,low,B6,3871.0,7,mid,core,0.999999999781543,0.5027027684536877,0.3932009738166309,0.5145817755145635,0.26680323061694855,0.43888286832366546
real:low:48:454,48,low,B2,9497.0,7,sat,core,0.9999999995829778,0.6135784856839341,0.6158741569022345,0.15876726033055377,0.3575559485430433,0.42143003190463996
real:low:48:455,48,low,B4,3603.5,7,mid,core,0.999999999782427,0.4947609571387022,0.29478464919398406,0.5273724819070557,0.30779717564029724,0.3487173328069823
real:low:48:456,48,low,B6,1875.0,10,low,late,0.9999999995874994,0.24256143756301093,0.07780143346019486,0.16335393783116448,0.08555090462251295,0.2118146794415712
real:low:48:457,48,low,B2,3822.0,6,mid,core,0.9999999996940818,0.4521129540781468,0.12359304345919424,0.4566904867636065,0.16218640965960238,0.23260384101742576
real:low:48:458,48,low,B6,2125.5,5,low,early,0.0,0.12080221893857422,0.028697576095564198,0.03090556739428835,0.001620007074998721,0.044939743590003606
real:low:48:459,48,low,B4,5709.5,7,mid,core,0.9999999997463694,0.470076743531966,0.5416736834792896,0.484099727060304,0.47389686562280237,0.6594591568330173
real:low:48:460,48,low,B8,1604.0,9,low,core,0.9999999997595481,0.28360452777233314,0.23284854704474686,0.1978269586838557,0.16425496265255052,0.3171117187972907
real:low:48:461,48,low,B4,3104.5,6,mid,core,0.9999999996732716,0.3545177469132749,0.028018771112680294,0.28890536863621424,0.09752798169659489,0.1580250973822296
real:low:48:462,48,low,B6,3822.0,4,mid,early,0.9999999997247782,0.4195148007777512,0.35860668310849897,0.14765144881338663,0.015516216484314956,0.2906214347877487
real:low:48:463,48,low,B6,3199.0,7,mid,core,0.9999999998636239,0.41543397699233797,0.02856453472627058,0.3725014030156387,0.15825671436963437,0.1612720903864808
real:low:48:464,48,low,B2,6366.5,6,high,core,0.9999999996352519,0.5448380035723146,0.674194654890991,0.5774873949154785,0.47761226568933424,0.6407665378218549
real:low:48:465,48,low,B4,1643.0,7,low,core,0.9999999996931834,0.1731461257698979,0.006214705693451091,0.13202148461633012,0.02100169639819379,0.11374389256146951
real:low:48:466,48,low,B4,3686.0,5,mid,early,0.9999999995419253,0.4880912372083698,0.5678047268665682,0.35074933999010444,0.0431133269586256,0.18072622090723717
real:low:48:467,48,low,B2,2054.0,7,low,core,0.9999999996172183,0.20080696690654543,0.00786461560465473,0.1442120990996961,0.037570593402090846,0.10526149105165314
real:low:48:468,48,low,B4,3506.0,7,mid,core,0.9999999992673757,0.4882227110187471,0.3071453253993923,0.517940095666189,0.24209299013327001,0.29756304255459576
real:low:48:469,48,low,B2,4677.0,4,mid,early,0.999999999410965,0.46088625009472756,0.3925304460450505,0.16362020169152236,0.004379875117383866,0.18548971670557748
real:low:48:470,48,low,B6,2142.0,9,low,core,0.999999999810431,0.26525448374711147,0.11047501264370421,0.1692928102040049,0.08911765212433051,0.2051968911278595
real:low:48:471,48,low,B6,2823.5,7,low,core,0.9999999997519075,0.2756377567781448,0.03520851710386639,0.06773357084679592,0.007553614679153144,0.11337418015069589
real:low:48:472,48,low,B2,2172.0,7,low,core,0.9999999997334463,0.2148342090720118,0.03918346186994276,0.13138432883895076,0.03626948868519452,0.1390991833966411
real:low:48:473,48,low,B6,3764.5,10,mid,late,0.9999999996568125,0.47760719000702545,0.5282487194151014,0.5735427954858409,0.3599799991229843,0.24481978576419855
real:low:48:474,48,low,B6,4527.5,6,mid,core,0.9999999999914667,0.5274636523065256,0.2735446090807344,0.578089646136561,0.3113645413165905,0.4420843255546092
real:low:48:475,48,low,B2,4325.0,6,mid,core,0.9999999998382824,0.5505864308571183,0.2662398486389165,0.6044436799209404,0.23952850242595447,0.27374866737674414
real:low:48:476,48,low,B4,4521.5,6,mid,core,0.9999999999955422,0.5521681553349759,0.17807419926437307,0.708480424658169,0.5037620789472708,0.4949233718921129
real:low:48:477,48,low,B4,2590.0,8,low,core,0.9999999998899356,0.31677796276444875,0.20476071737732246,0.18956785439884744,0.12431339507420841,0.3263732260931924
real:low:48:478,48,low,B4,8550.5,5,high,early,0.0,0.604829301785589,0.9550961898902663,0.18360665205238308,0.05999849745338175,0.6806779971782005
real:low:48:479,48,low,B2,1713.5,7,low,core,0.999999999799063,0.19574019285227484,0.011340575281959829,0.13797792903661063,0.04474201033149176,0.17222730874415956
real:low:48:480,48,low,B2,2082.0,7,low,core,0.9999999996333956,0.18972405719206886,0.007583713496169251,0.13612684362191083,0.03046614699822183,0.10566272313690947
real:low:48:481,48,low,B6,1980.5,8,low,core,0.9999999996218736,0.2242643491901506,0.08403214407878337,0.125827762589577,0.05525034637854857,0.08405087866982351
real:low:48:482,48,low,B6,4214.5,7,mid,core,0.9999999999409792,0.5305157211602325,0.404019512298407,0.5661923061105266,0.3453345097669695,0.5542521420076986
real:low:48:483,48,low,B4,2098.5,4,low,early,0.0,0.10578666777008304,0.03368628061400459,0.020869038965373288,0.0008394241264375001,0.049442622428566334
real:low:48:484,48,low,B4,2524.5,8,low,core,0.999999999669305,0.2769332191379993,0.23518120991789537,0.16540350086462233,0.07652841539622006,0.17692258031417044
real:low:48:485,48,low,B4,5263.0,7,mid,core,0.9999999998240393,0.4813692859467686,0.4624489701631835,0.5588037835501034,0.49182451523873827,0.6118935562683869
real:low:48:486,48,low,B8,3644.0,5,mid,early,0.999999999701165,0.5411582205399671,0.5411064067865805,0.41623927918548076,0.07797239686766518,0.25625323801165584
real:low:48:487,48,low,B8,2726.0,6,low,core,0.9999999997575344,0.3006711659611221,0.022501520460623054,0.20419354243037208,0.044177742629410925,0.1055694431725277
real:low:48:488,48,low,B8,3673.0,4,mid,early,0.9999999997032811,0.4229162658361667,0.24797940263713514,0.1010303177233341,0.007143517577675842,0.18084831520883685
real:low:48:489,48,low,B4,4436.0,5,mid,early,0.9999999999265684,0.5242923110455866,0.799359728491982,0.5480121690889025,0.1369230131943958,0.5230059939317142
real:low:48:490,48,low,B8,3221.0,8,mid,core,0.9999999999848345,0.47876058001255956,0.5178859760255647,0.4558629288989947,0.2803123281464252,0.3248478784233001
real:low:48:491,48,low,B4,2521.5,5,low,early,0.9999999996426008,0.2161444875040124,0.015122158240192623,0.08789131314175322,0.008124684746569215,0.0704458481518705
real:low:48:492,48,low,B4,4761.5,7,mid,core,0.9999999998788345,0.49718259054053304,0.35581925942329135,0.5939960407790863,0.4970082875458865,0.517793200380766
real:low:48:493,48,low,B2,7355.0,5,high,early,0.0,0.5689648494425138,0.8974757365910168,0.49490062003398255,0.2057832419107747,0.6583882753871991
real:low:48:494,48,low,B4,3703.0,8,mid,core,0.9999999997898682,0.5369125965640815,0.32179890651017073,0.550060629996064,0.32589542043012704,0.3813238349836425
real:low:48:495,48,low,B4,3341.5,6,mid,core,0.9999999998093534,0.4630511804092591,0.061112113615781394,0.5223768416451404,0.18889820151324638,0.10752074476404763
real:low:48:496,48,low,B2,7094.5,4,high,early,0.0,0.6013216992848904,0.9092944503892875,0.32251869682635537,0.07898863017559347,0.5456534698522244
real:low:48:497,48,low,B4,3873.5,6,mid,core,0.9999999997395049,0.5241223326388796,0.18077190753210673,0.5873344635336024,0.20510466889913656,0.22988479130077957
real:low:48:498,48,low,B2,8572.5,8,high,core,0.9999999996378826,0.3551666873521,0.6079940052123856,0.29738968067084465,0.5324428427865845,0.2579780793727343
real:low:48:499,48,low,B6,3370.0,5,mid,early,0.9999999996562773,0.3766589957300429,0.037684146705604445,0.3324709334319075,0.04529039328669199,0.17069081841163736
