method,n,mean_bias_adc,mean_bias_ci_low_adc,mean_bias_ci_high_adc,mae_adc,mae_ci_low_adc,mae_ci_high_adc,rmse_adc,rmse_ci_low_adc,rmse_ci_high_adc,median_bias_adc,q05_adc,q95_adc
ml_ridge_calibrated,962,-15.528299509018,-49.57081624446388,22.668114815580907,197.28352020191932,149.12977855133173,244.9001693751069,460.8532668655186,336.05157549238703,575.833641225901,11.399203836545894,-483.70516843671226,359.8649675235653
mean3,962,1.7325017325017225,-48.61811978889384,53.49576082171271,241.62647262647263,146.42698884089273,342.92298764195044,752.4825318437371,520.9950170977897,945.4786581561319,2.33333333333303,-661.0333333333333,757.9
median3,962,-32.82744282744283,-86.35853028952071,25.51911999675026,260.2681912681913,165.71800755939526,349.46209919839674,866.0366182306751,647.0212654635918,1052.0941076618287,0.0,-909.8999999999999,520.1999999999975
adaptive_pc,962,-267.0227338877339,-423.07850463426854,-136.03009327753782,293.02101871101877,154.60047894168466,464.30732489979954,1160.3186636552095,643.521528901767,1659.3202404728327,-1.0,-1809.4999999999998,32.0
