heldout_run,occupancy_weighted_instability_score,min_train_bin_pulses,max_abs_sse_shift,heldout_pulses,binned_minus_global_sigma68_ns,ml_full_minus_dropout_ns,ml_full_minus_shuffled_bin_ns,s02d_shuffled_target_margin_ns
58,0.0016508961611028073,934,3.606718214493533,219,2.1120523152653545,-0.354825230377112,-0.3474969169225477,-0.6291707690578168
59,0.001944043286575158,762,0.1822354423965792,2289,2.041173671931393,-0.11708889136732425,-0.13931518103669305,1.27476202158554
60,0.0018171718968665739,752,3.3422780797801224,2424,0.6555130362250083,-0.08286673370741982,-0.058652451782892356,1.0428451307689008
61,0.0018788628177056187,721,0.10942707039792354,2799,0.8806234331628944,-0.14178299459606114,-0.1392274031504468,-0.14342800095368835
62,0.0018062627660444391,752,0.04140298430714148,2421,1.3320570875493898,-0.14273667586889127,-0.1382137924411717,0.6103821178235282
63,0.0016806359936570835,861,0.08968893386217039,1110,1.6636090945735726,-0.22690856977869212,-0.19588349276572004,1.3056952617318172
65,0.0017592056882703671,935,1.920835221307595,198,1.7682840038579486,5.1966796271951665e-05,0.04751222482808393,0.6197654692927399
