{
  "study": "P12d",
  "ticket": "1781054026.1869.66191fe9",
  "worker": "testbeam-laptop-3",
  "title": "consumer action conflict arbitration",
  "reproduced": true,
  "raw_reproduction": {
    "source": "/home/billy/ccb-data/extracted/root/root",
    "expected_selected_pulses": 640737,
    "reproduced_selected_pulses": 640737,
    "delta": 0,
    "pass": true
  },
  "split": {
    "train": "conflict rows from all configured B-stack runs except heldout_runs",
    "evaluate": "all rows from heldout Sample-II analysis runs, with classifier metrics on conflict rows",
    "heldout_runs": [
      58,
      59,
      60,
      61,
      62,
      63,
      65
    ],
    "bootstrap_unit": "event-paired held-out run block",
    "bootstrap_reps": 250,
    "train_cap": 30000
  },
  "methods_benchmarked": [
    "traditional_precedence_ladder",
    "ridge",
    "gradient_boosted_trees",
    "mlp",
    "1d_cnn",
    "conflict_prior_residual_cnn_new_arch"
  ],
  "primary_metric": "minimum operational primary_score: harmful-conflict Brier plus support, recall, PID drift, and energy degradation penalties",
  "winner": {
    "method": "gradient_boosted_trees",
    "family": "ml",
    "primary_score": 0.007602834663682923,
    "primary_score_ci95": [
      0.005222688856943371,
      0.009647775938924236
    ],
    "brier": 0.0018254573637334487,
    "brier_ci95": [
      0.0011379194442253673,
      0.0027523520894702784
    ],
    "harmful_conflict_precision": 0.9996024684814296,
    "harmful_conflict_recall": 0.9972992369872328,
    "accepted_support_fraction": 0.17700006395088572,
    "timing_tail_delta": -0.10642226769840762,
    "charge_res68_delta": -0.9693334247633483,
    "pid_weak_label_drift": 0.11554754599898948,
    "energy_proxy_degradation_delta": -0.2803054509127506
  },
  "ml_beats_baseline": true,
  "summary": [
    {
      "n": 125096,
      "n_conflicts": 73899,
      "conflict_rate": 0.5907383129756347,
      "harmful_conflict_rate": 0.4232589371362793,
      "auc": 0.9999352991765679,
      "average_precision": 0.9999754553151295,
      "brier": 0.0018254573637334487,
      "ece": 0.003683538715471818,
      "harmful_conflict_precision": 0.9996024684814296,
      "harmful_conflict_recall": 0.9972992369872328,
      "accepted_support_fraction": 0.17700006395088572,
      "timing_tail_delta": -0.10642226769840762,
      "charge_res68_delta": -0.9693334247633483,
      "charge_bias_delta": -0.8803404077776431,
      "pid_weak_label_drift": 0.11554754599898948,
      "energy_proxy_degradation_delta": -0.2803054509127506,
      "primary_score": 0.007602834663682923,
      "conflict_rate_ci95": [
        0.5569815947017276,
        0.6379411068433216
      ],
      "harmful_conflict_rate_ci95": [
        0.4140470905070913,
        0.43857229825608374
      ],
      "auc_ci95": [
        0.9998868964691346,
        0.9999711555342574
      ],
      "average_precision_ci95": [
        0.9999634019208509,
        0.9999877188332869
      ],
      "brier_ci95": [
        0.0011379194442253673,
        0.0027523520894702784
      ],
      "ece_ci95": [
        0.002919202337590969,
        0.004830978955975144
      ],
      "harmful_conflict_precision_ci95": [
        0.9994444592211265,
        0.9997622176830449
      ],
      "harmful_conflict_recall_ci95": [
        0.9959827436080108,
        0.9983591662365509
      ],
      "accepted_support_fraction_ci95": [
        0.14813195773866653,
        0.21483303544568122
      ],
      "timing_tail_delta_ci95": [
        -0.13888163738202525,
        -0.06249713376200619
      ],
      "charge_res68_delta_ci95": [
        -1.0063222714975026,
        -0.8805151525532247
      ],
      "charge_bias_delta_ci95": [
        -1.0430416439190713,
        -0.7143126390368851
      ],
      "pid_weak_label_drift_ci95": [
        0.07015748432199168,
        0.15752331476083875
      ],
      "energy_proxy_degradation_delta_ci95": [
        -0.33146424860585477,
        -0.20586364034864915
      ],
      "primary_score_ci95": [
        0.005222688856943371,
        0.009647775938924236
      ],
      "method": "gradient_boosted_trees",
      "family": "ml",
      "split": "train_non_sample_ii_runs_eval_sample_ii_analysis_runs"
    },
    {
      "n": 125096,
      "n_conflicts": 73899,
      "conflict_rate": 0.5907383129756347,
      "harmful_conflict_rate": 0.4232589371362793,
      "auc": 0.9997926988267523,
      "average_precision": 0.9999245663772698,
      "brier": 0.0027965804616859355,
      "ece": 0.0024188379844743806,
      "harmful_conflict_precision": 0.999791425700146,
      "harmful_conflict_recall": 0.995844979980358,
      "accepted_support_fraction": 0.1776955298330882,
      "timing_tail_delta": -0.10642226769840762,
      "charge_res68_delta": -0.9635307333421554,
      "charge_bias_delta": -0.8862502686807225,
      "pid_weak_label_drift": 0.11533950833043502,
      "energy_proxy_degradation_delta": -0.2768667840074845,
      "primary_score": 0.008563555878207688,
      "conflict_rate_ci95": [
        0.5550507550764764,
        0.6366393054403613
      ],
      "harmful_conflict_rate_ci95": [
        0.41273807101132937,
        0.43885950383056627
      ],
      "auc_ci95": [
        0.9996605337807796,
        0.9998816019835516
      ],
      "average_precision_ci95": [
        0.999896203293978,
        0.9999489165031239
      ],
      "brier_ci95": [
        0.001745489270852148,
        0.004189389745432328
      ],
      "ece_ci95": [
        0.0014208502022780953,
        0.003848509737888997
      ],
      "harmful_conflict_precision_ci95": [
        0.9997271371639129,
        0.9998745601940772
      ],
      "harmful_conflict_recall_ci95": [
        0.9937139607498454,
        0.9974063451668965
      ],
      "accepted_support_fraction_ci95": [
        0.14724372583874795,
        0.21420712638660308
      ],
      "timing_tail_delta_ci95": [
        -0.14356546889837696,
        -0.061430864285567516
      ],
      "charge_res68_delta_ci95": [
        -1.0013479862390875,
        -0.8643533934293925
      ],
      "charge_bias_delta_ci95": [
        -1.0535353032040893,
        -0.6886525725939054
      ],
      "pid_weak_label_drift_ci95": [
        0.06791478166466663,
        0.15755897473224362
      ],
      "energy_proxy_degradation_delta_ci95": [
        -0.3333149740670924,
        -0.2000278721028446
      ],
      "primary_score_ci95": [
        0.00580464222136244,
        0.010811114479574528
      ],
      "method": "mlp",
      "family": "nn",
      "split": "train_non_sample_ii_runs_eval_sample_ii_analysis_runs"
    },
    {
      "n": 125096,
      "n_conflicts": 73899,
      "conflict_rate": 0.5907383129756347,
      "harmful_conflict_rate": 0.4232589371362793,
      "auc": 0.9996251267274706,
      "average_precision": 0.9998636227935653,
      "brier": 0.0029717557522063033,
      "ece": 0.0018164153866352232,
      "harmful_conflict_precision": 0.9993746683847495,
      "harmful_conflict_recall": 0.9960527309813402,
      "accepted_support_fraction": 0.17743173242949414,
      "timing_tail_delta": -0.10642226769840762,
      "charge_res68_delta": -0.9651025672610734,
      "charge_bias_delta": -0.8859013586339861,
      "pid_weak_label_drift": 0.11559999339861826,
      "energy_proxy_degradation_delta": -0.2773476544171582,
      "primary_score": 0.008751755422137217,
      "conflict_rate_ci95": [
        0.5519973052625887,
        0.6297142921035779
      ],
      "harmful_conflict_rate_ci95": [
        0.4130043512662614,
        0.4359167486354874
      ],
      "auc_ci95": [
        0.9993599560062768,
        0.9997891325625524
      ],
      "average_precision_ci95": [
        0.9997856829608031,
        0.9999172161549991
      ],
      "brier_ci95": [
        0.0017855163711637944,
        0.00447754882620421
      ],
      "ece_ci95": [
        0.0007729331161773037,
        0.003321643914035187
      ],