event_id,split,source_run,stave,is_overlap,true_t1_sample,true_t2_sample,true_amp1_adc,true_amp2_adc,true_sep_sample,true_ratio
train:58:0,train,58,B4,1,4.795839994614244,9.795839994614244,2641.0,2641.0,5.0,1.0
train:58:1,train,58,B2,1,5.183186724768166,6.683186724768166,3713.5,928.375,1.5,0.25
train:58:2,train,58,B8,1,4.962213865427971,9.962213865427971,3882.5,970.625,5.0,0.25
train:58:3,train,58,B2,1,8.810522507181867,9.310522507181867,3322.0,830.5,0.5,0.25
train:58:4,train,58,B6,1,6.8811673682631636,10.881167368263164,4284.0,1071.0,4.0,0.25
train:58:5,train,58,B4,1,8.684045075989733,9.434045075989733,3546.0,1773.0,0.75,0.5
train:58:6,train,58,B8,1,8.597322152913357,9.347322152913357,3112.5,778.125,0.75,0.25
train:58:7,train,58,B2,1,7.851286435252708,9.351286435252707,6991.5,6991.5,1.5,1.0
train:58:8,train,58,B8,1,8.123386974508806,8.623386974508806,1788.0,1341.0,0.5,0.75
train:58:9,train,58,B4,1,6.498009209019992,9.498009209019992,2840.5,2840.5,3.0,1.0
train:58:10,train,58,B2,1,4.688292012095489,10.688292012095488,1846.5,1846.5,6.0,1.0
train:58:11,train,58,B4,1,5.377008190473465,9.377008190473465,2943.5,735.875,4.0,0.25
train:58:12,train,58,B4,1,4.636886450264603,7.636886450264603,2453.5,1840.125,3.0,0.75
train:58:13,train,58,B2,1,5.8603374193356945,6.8603374193356945,3190.0,797.5,1.0,0.25
train:58:14,train,58,B2,1,6.736149901214086,10.736149901214086,3419.5,854.875,4.0,0.25
train:58:15,train,58,B4,1,8.32846010529428,11.32846010529428,5098.0,3823.5,3.0,0.75
train:58:16,train,58,B2,1,5.277508841051628,11.277508841051628,2977.5,1488.75,6.0,0.5
train:58:17,train,58,B8,1,10.309736994954168,10.809736994954168,2151.0,1075.5,0.5,0.5
train:58:18,train,58,B6,1,5.9705661856708705,8.97056618567087,2071.0,2071.0,3.0,1.0
train:58:19,train,58,B2,1,4.461684149010437,10.461684149010438,8467.5,6350.625,6.0,0.75
train:58:20,train,58,B8,1,4.923075203402874,5.423075203402874,3272.5,1636.25,0.5,0.5
train:58:21,train,58,B4,1,7.119709500346834,11.119709500346833,2743.5,1371.75,4.0,0.5
train:58:22,train,58,B6,1,7.004632235483295,11.004632235483296,2542.0,1271.0,4.0,0.5
train:58:23,train,58,B4,1,4.731480022249305,5.731480022249305,3459.5,3459.5,1.0,1.0
train:58:24,train,58,B8,1,5.3056394076062725,11.305639407606272,1535.0,383.75,6.0,0.25
train:58:25,train,58,B4,1,8.816700475244648,10.316700475244648,3084.5,771.125,1.5,0.25
train:58:26,train,58,B8,1,6.729988699322887,10.729988699322888,3562.5,890.625,4.0,0.25
train:58:27,train,58,B4,1,5.374015036173196,7.374015036173196,3101.0,1550.5,2.0,0.5
train:58:28,train,58,B4,1,5.536120142452353,10.536120142452354,2457.5,2457.5,5.0,1.0
train:58:29,train,58,B8,1,8.854133143538547,9.354133143538547,3882.5,3882.5,0.5,1.0
train:58:30,train,58,B2,1,5.829140329234725,8.829140329234725,8216.0,4108.0,3.0,0.5
train:58:31,train,58,B2,1,5.2180322753972765,7.2180322753972765,4457.0,4457.0,2.0,1.0
train:58:32,train,58,B4,1,5.0926093614763435,7.0926093614763435,3176.5,794.125,2.0,0.25
train:58:33,train,58,B2,1,4.393172281471542,10.393172281471543,5336.0,5336.0,6.0,1.0
train:58:34,train,58,B4,1,5.606266839575579,9.606266839575579,4763.0,3572.25,4.0,0.75
train:58:35,train,58,B4,1,4.3999906028714815,7.3999906028714815,5742.5,1435.625,3.0,0.25
train:58:36,train,58,B8,1,5.780053456872262,6.530053456872262,4135.5,3101.625,0.75,0.75
train:58:37,train,58,B2,1,8.129962946397464,8.629962946397464,3054.5,2290.875,0.5,0.75
train:58:38,train,58,B2,1,6.047688012534339,7.547688012534339,8253.5,8253.5,1.5,1.0
train:58:39,train,58,B8,1,10.384192064623736,11.134192064623736,4088.5,1022.125,0.75,0.25
train:58:40,train,58,B8,1,4.2462108641417355,9.246210864141736,5118.5,2559.25,5.0,0.5
train:58:41,train,58,B2,1,9.386367512371754,10.886367512371754,5938.0,2969.0,1.5,0.5
train:58:42,train,58,B6,1,8.137188836701363,8.637188836701363,2436.0,2436.0,0.5,1.0
train:58:43,train,58,B2,1,8.72746097156711,9.22746097156711,3435.5,858.875,0.5,0.25
train:58:44,train,58,B2,1,7.150961343621879,8.65096134362188,8066.5,8066.5,1.5,1.0
train:58:45,train,58,B6,1,5.384854752563361,11.38485475256336,2222.0,555.5,6.0,0.25
train:58:46,train,58,B8,1,4.528705441318596,8.528705441318596,2362.5,1771.875,4.0,0.75
train:58:47,train,58,B6,1,8.82576953524599,9.57576953524599,4799.0,4799.0,0.75,1.0
train:58:48,train,58,B8,1,4.221011372743689,8.221011372743689,5886.0,1471.5,4.0,0.25
train:58:49,train,58,B6,1,4.202161133907515,9.202161133907515,1682.5,841.25,5.0,0.5
train:58:50,train,58,B2,1,7.731577775732893,9.231577775732893,9432.5,9432.5,1.5,1.0
train:58:51,train,58,B6,1,5.782755027613285,7.282755027613285,2219.5,1664.625,1.5,0.75
train:58:52,train,58,B4,1,6.4013868253236215,9.401386825323621,1871.5,467.875,3.0,0.25
train:58:53,train,58,B8,1,6.8533748600691835,9.853374860069184,3321.0,1660.5,3.0,0.5
train:58:54,train,58,B8,1,7.269107903085567,10.269107903085567,2151.0,1075.5,3.0,0.5
train:58:55,train,58,B6,1,5.9187375638265465,9.918737563826546,1581.5,790.75,4.0,0.5
train:58:56,train,58,B2,1,5.185046815216104,11.185046815216104,1721.5,1291.125,6.0,0.75
train:58:57,train,58,B6,1,5.100790327411952,7.100790327411952,4799.0,1199.75,2.0,0.25
train:58:58,train,58,B6,1,5.603145692414323,6.603145692414323,2756.5,2067.375,1.0,0.75
train:58:59,train,58,B8,1,6.3725290307556595,8.37252903075566,1923.5,1442.625,2.0,0.75
train:58:60,train,58,B6,1,9.101217880943306,9.851217880943306,2532.5,1899.375,0.75,0.75
train:58:61,train,58,B6,1,4.702972291579964,10.702972291579965,1581.5,1581.5,6.0,1.0
train:58:62,train,58,B6,1,7.724623299183074,9.224623299183074,3387.0,2540.25,1.5,0.75
train:58:63,train,58,B8,1,4.138368305503036,10.138368305503036,5118.5,3838.875,6.0,0.75
train:58:64,train,58,B6,1,8.17852407630433,9.67852407630433,2658.0,1329.0,1.5,0.5
train:58:65,train,58,B6,1,8.641214193592628,10.141214193592628,2099.5,1574.625,1.5,0.75
train:58:66,train,58,B8,1,5.8397628891515,10.839762889151501,3699.0,2774.25,5.0,0.75
train:58:67,train,58,B4,1,5.305431375731094,10.305431375731093,5307.5,5307.5,5.0,1.0
train:58:68,train,58,B8,1,4.399021558638445,8.399021558638445,4856.5,2428.25,4.0,0.5
train:58:69,train,58,B6,1,9.497098567787384,10.247098567787384,4045.0,4045.0,0.75,1.0
train:58:70,train,58,B8,1,5.307979043266579,10.30797904326658,3381.5,2536.125,5.0,0.75
train:58:71,train,58,B2,1,5.226554822895224,5.976554822895224,8216.0,8216.0,0.75,1.0
train:58:72,train,58,B6,1,4.150337535787623,9.150337535787623,3362.0,1681.0,5.0,0.5
train:58:73,train,58,B2,1,7.396625652488908,8.146625652488908,3577.5,1788.75,0.75,0.5
train:58:74,train,58,B8,1,7.386384143996134,8.136384143996134,5118.5,3838.875,0.75,0.75
train:58:75,train,58,B2,1,6.132943742669788,7.632943742669788,5938.0,4453.5,1.5,0.75
train:58:76,train,58,B2,1,5.488994780843006,8.488994780843006,4900.5,4900.5,3.0,1.0
train:58:77,train,58,B4,1,8.841719164831733,9.841719164831733,6131.5,4598.625,1.0,0.75
train:58:78,train,58,B8,1,8.320702198790629,9.320702198790629,2681.0,1340.5,1.0,0.5
train:58:79,train,58,B6,1,5.9287176189852735,6.9287176189852735,2756.5,1378.25,1.0,0.5
train:58:80,train,58,B2,1,4.712672910192843,6.712672910192843,3257.5,1628.75,2.0,0.5
train:58:81,train,58,B2,1,4.461366188848559,10.461366188848558,5273.0,5273.0,6.0,1.0
train:58:82,train,58,B8,1,8.276086678601906,9.776086678601906,3344.5,1672.25,1.5,0.5
train:58:83,train,58,B2,1,4.483749205913847,10.483749205913847,1632.0,816.0,6.0,0.5
train:58:84,train,58,B2,1,5.486360649940284,9.486360649940284,4450.0,2225.0,4.0,0.5
train:58:85,train,58,B4,1,7.131659730931035,8.631659730931034,3661.0,915.25,1.5,0.25
train:58:86,train,58,B6,1,5.99511158962862,9.995111589628621,2099.5,1574.625,4.0,0.75
train:58:87,train,58,B2,1,4.372814848602863,5.872814848602863,6201.5,3100.75,1.5,0.5
train:58:88,train,58,B8,1,6.306813394474952,11.306813394474952,3321.0,1660.5,5.0,0.5
train:58:89,train,58,B6,1,4.074927092759778,10.07492709275978,1918.0,1438.5,6.0,0.75
train:58:90,train,58,B6,1,6.521861673269232,8.521861673269232,2610.0,1305.0,2.0,0.5
train:58:91,train,58,B8,1,8.511418538506167,9.511418538506167,4076.0,4076.0,1.0,1.0
train:58:92,train,58,B8,1,8.347028683270203,10.347028683270203,3272.5,1636.25,2.0,0.5
train:58:93,train,58,B6,1,8.842584867536495,9.342584867536495,2925.5,1462.75,0.5,0.5
train:58:94,train,58,B8,1,8.441673061405215,9.441673061405215,1788.0,1788.0,1.0,1.0
train:58:95,train,58,B6,1,4.904267110413825,5.654267110413825,1918.0,959.0,0.75,0.5
train:58:96,train,58,B6,1,4.620786915933249,9.620786915933248,2420.5,1815.375,5.0,0.75
train:58:97,train,58,B2,1,8.033837565566804,10.033837565566804,3718.5,1859.25,2.0,0.5
train:58:98,train,58,B6,1,4.196914200233528,6.196914200233528,2622.0,655.5,2.0,0.25
train:58:99,train,58,B4,1,4.757368844849841,8.757368844849841,3101.0,3101.0,4.0,1.0
train:58:100,train,58,B8,1,5.34766132811458,11.34766132811458,3310.0,827.5,6.0,0.25
train:58:101,train,58,B4,1,5.974346815060057,7.974346815060057,3860.5,2895.375,2.0,0.75
train:58:102,train,58,B6,1,4.706469095658076,10.706469095658075,3749.0,937.25,6.0,0.25
train:58:103,train,58,B4,1,8.24678275931172,11.24678275931172,2333.0,1166.5,3.0,0.5
train:58:104,train,58,B6,1,7.398069070637508,8.148069070637508,2897.5,2897.5,0.75,1.0
train:58:105,train,58,B2,1,5.388828664485884,9.388828664485885,3343.5,3343.5,4.0,1.0
train:58:106,train,58,B8,1,4.7860052438609575,8.786005243860957,4611.5,1152.875,4.0,0.25
train:58:107,train,58,B2,1,7.2626528332083975,8.762652833208397,5503.5,2751.75,1.5,0.5
train:58:108,train,58,B6,1,5.992171614665677,10.992171614665677,4799.0,4799.0,5.0,1.0
train:58:109,train,58,B2,1,7.90746365818408,8.90746365818408,5282.5,3961.875,1.0,0.75
train:58:110,train,58,B6,1,6.193544530466712,11.193544530466712,3191.0,2393.25,5.0,0.75
train:58:111,train,58,B8,1,6.5305616299021985,10.530561629902198,2917.5,2917.5,4.0,1.0
train:58:112,train,58,B6,1,7.177581799213197,10.177581799213197,3806.5,951.625,3.0,0.25
train:58:113,train,58,B4,1,8.433123586666023,11.433123586666023,2799.5,2799.5,3.0,1.0
train:58:114,train,58,B8,1,4.2348833549602265,9.234883354960226,4939.0,3704.25,5.0,0.75
train:58:115,train,58,B2,1,4.762774054183028,6.762774054183028,2698.0,674.5,2.0,0.25
train:58:116,train,58,B6,1,4.915464317454992,10.915464317454992,2071.0,517.75,6.0,0.25
train:58:117,train,58,B8,1,4.012463733574391,6.012463733574391,3272.5,818.125,2.0,0.25
train:58:118,train,58,B6,1,7.609444048663779,8.609444048663779,2711.5,2033.625,1.0,0.75
train:58:119,train,58,B8,1,8.273856372867142,10.273856372867142,3699.0,1849.5,2.0,0.5
train:58:120,train,58,B4,1,5.9454276563353,7.4454276563353,3076.0,1538.0,1.5,0.5
train:58:121,train,58,B8,1,5.374824027315,6.874824027315,3248.0,1624.0,1.5,0.5
train:58:122,train,58,B8,1,5.374512611574101,6.374512611574101,3085.5,2314.125,1.0,0.75
train:58:123,train,58,B4,1,6.008556025070754,11.008556025070753,4645.5,3484.125,5.0,0.75
train:58:124,train,58,B6,1,5.060175108623225,10.060175108623225,3084.5,2313.375,5.0,0.75
train:58:125,train,58,B6,1,5.164690171914417,11.164690171914417,2661.5,665.375,6.0,0.25
train:58:126,train,58,B8,1,5.265211310507958,10.265211310507958,3310.0,827.5,5.0,0.25
train:58:127,train,58,B2,1,6.121837850748299,6.871837850748299,3054.5,2290.875,0.75,0.75
train:58:128,train,58,B4,1,4.088479793324905,7.088479793324905,3365.0,841.25,3.0,0.25
train:58:129,train,58,B4,1,4.080702891488804,10.080702891488805,3101.0,2325.75,6.0,0.75
train:58:130,train,58,B4,1,5.337270559310794,11.337270559310795,1606.5,1204.875,6.0,0.75
train:58:131,train,58,B2,1,4.657498083041044,5.407498083041044,2832.5,2832.5,0.75,1.0
train:58:132,train,58,B8,1,6.153622237794495,7.153622237794495,5431.0,1357.75,1.0,0.25
train:58:133,train,58,B4,1,9.394498696918532,10.894498696918532,2394.0,1795.5,1.5,0.75
train:58:134,train,58,B8,1,4.499948958278893,10.499948958278893,4088.5,1022.125,6.0,0.25
train:58:135,train,58,B4,1,9.192253331229523,9.942253331229523,3113.5,2335.125,0.75,0.75
train:58:136,train,58,B4,1,5.159659097711058,11.159659097711058,3546.0,886.5,6.0,0.25
train:58:137,train,58,B6,1,6.416217357544399,11.416217357544399,1933.0,1449.75,5.0,0.75
train:58:138,train,58,B2,1,7.249985620869518,11.249985620869518,4907.5,2453.75,4.0,0.5
train:58:139,train,58,B4,1,6.141563032921835,11.141563032921834,3218.0,804.5,5.0,0.25
train:58:140,train,58,B2,1,7.734995962726631,8.734995962726632,2601.0,1950.75,1.0,0.75
train:58:141,train,58,B2,1,8.672534398121986,10.172534398121986,3491.5,3491.5,1.5,1.0
train:58:142,train,58,B8,1,6.03932468838836,11.03932468838836,2681.0,1340.5,5.0,0.5
train:58:143,train,58,B8,1,6.961565852025341,7.961565852025341,3112.5,778.125,1.0,0.25
train:58:144,train,58,B6,1,4.189207042672205,10.189207042672205,2232.5,2232.5,6.0,1.0
train:58:145,train,58,B6,1,5.925495592760586,10.925495592760587,1878.0,1878.0,5.0,1.0
train:58:146,train,58,B8,1,5.494102017848,10.494102017848,4076.0,2038.0,5.0,0.5
train:58:147,train,58,B2,1,5.887679011656411,6.387679011656411,5336.0,2668.0,0.5,0.5
train:58:148,train,58,B2,1,4.663860025344436,6.663860025344436,3105.5,2329.125,2.0,0.75
train:58:149,train,58,B4,1,5.86596668661754,8.86596668661754,2812.0,2812.0,3.0,1.0
train:58:150,train,58,B4,1,7.40636459679311,8.15636459679311,3101.0,2325.75,0.75,0.75
train:58:151,train,58,B8,1,4.355518052371982,5.855518052371982,1766.0,1766.0,1.5,1.0
train:58:152,train,58,B2,1,5.0662704716753675,5.8162704716753675,4707.0,1176.75,0.75,0.25
train:58:153,train,58,B4,1,8.810550388925575,9.560550388925575,4675.5,3506.625,0.75,0.75
train:58:154,train,58,B8,1,9.351912984048138,11.351912984048138,2753.0,2064.75,2.0,0.75
train:58:155,train,58,B6,1,8.394376201272125,11.394376201272125,2071.0,2071.0,3.0,1.0
train:58:156,train,58,B8,1,5.1278805800347325,6.1278805800347325,2932.0,2932.0,1.0,1.0
train:58:157,train,58,B2,1,4.240385255566813,9.240385255566814,1721.5,1291.125,5.0,0.75
train:58:158,train,58,B6,1,8.69774669538196,10.19774669538196,2879.0,2879.0,1.5,1.0
train:58:159,train,58,B2,1,4.929614399054288,9.929614399054287,7439.0,3719.5,5.0,0.5
train:58:160,train,58,B4,1,5.083755057713441,5.583755057713441,4767.0,3575.25,0.5,0.75
train:58:161,train,58,B6,1,8.615484200076917,10.115484200076917,1538.5,1538.5,1.5,1.0
train:58:162,train,58,B6,1,7.304281515771953,8.804281515771953,4220.0,1055.0,1.5,0.25
train:58:163,train,58,B8,1,4.830899387667724,5.580899387667724,4219.0,2109.5,0.75,0.5
train:58:164,train,58,B6,1,8.015591035991445,9.015591035991445,4045.0,1011.25,1.0,0.25
train:58:165,train,58,B6,1,7.257587680029729,8.00758768002973,2143.5,535.875,0.75,0.25
train:58:166,train,58,B6,1,6.568508621839352,7.068508621839352,4312.0,4312.0,0.5,1.0
train:58:167,train,58,B2,1,5.98755079528055,6.73755079528055,4446.0,3334.5,0.75,0.75
train:58:168,train,58,B4,1,4.418334668813166,10.418334668813166,2777.5,2777.5,6.0,1.0
train:58:169,train,58,B2,1,5.339086460421961,10.33908646042196,4450.0,1112.5,5.0,0.25
train:58:170,train,58,B2,0,4.682545332088411,,2221.0,0.0,,0.0
train:58:171,train,58,B4,0,11.45211625895639,,3170.0,0.0,,0.0
train:58:172,train,58,B8,0,10.240015477067626,,3688.0,0.0,,0.0
train:58:173,train,58,B4,0,11.401804863720772,,3265.5,0.0,,0.0
train:58:174,train,58,B6,0,8.009694979707831,,2926.5,0.0,,0.0
train:58:175,train,58,B2,0,8.75418160838018,,9011.5,0.0,,0.0
train:58:176,train,58,B6,0,9.350137694315588,,3362.0,0.0,,0.0
train:58:177,train,58,B4,0,5.149700533214626,,2777.5,0.0,,0.0
train:58:178,train,58,B6,0,6.73415496751099,,1955.0,0.0,,0.0
train:58:179,train,58,B2,0,6.71484217085845,,6158.5,0.0,,0.0
train:58:180,train,58,B4,0,6.781829947594673,,4763.0,0.0,,0.0
train:58:181,train,58,B2,0,9.117355133580645,,6673.0,0.0,,0.0
train:58:182,train,58,B2,0,4.137186552419194,,4302.5,0.0,,0.0
train:58:183,train,58,B8,0,11.45449652740125,,3750.5,0.0,,0.0
train:58:184,train,58,B8,0,9.59974784890417,,3344.5,0.0,,0.0
train:58:185,train,58,B2,0,10.610308785182628,,5933.5,0.0,,0.0
train:58:186,train,58,B8,0,5.1468529646221555,,3265.0,0.0,,0.0
train:58:187,train,58,B2,0,5.349724386700043,,1520.5,0.0,,0.0
train:58:188,train,58,B2,0,5.756188271161386,,4458.0,0.0,,0.0
train:58:189,train,58,B2,0,5.956771502985533,,3718.5,0.0,,0.0
train:58:190,train,58,B4,0,4.462078266822067,,3832.0,0.0,,0.0
train:58:191,train,58,B8,0,5.871268371818815,,1523.0,0.0,,0.0
train:58:192,train,58,B6,0,9.343447014283656,,2949.5,0.0,,0.0
train:58:193,train,58,B4,0,8.69951395714568,,3101.0,0.0,,0.0
train:58:194,train,58,B6,0,5.255876134297611,,4359.0,0.0,,0.0
train:58:195,train,58,B6,0,9.84522538157956,,3749.0,0.0,,0.0
train:58:196,train,58,B8,0,10.112459601346833,,2932.0,0.0,,0.0
train:58:197,train,58,B2,0,9.889018272926226,,3190.0,0.0,,0.0
train:58:198,train,58,B4,0,6.310472893364809,,4134.5,0.0,,0.0
train:58:199,train,58,B6,0,6.006113203110826,,2941.0,0.0,,0.0
train:58:200,train,58,B6,0,7.745659528497623,,3266.5,0.0,,0.0
train:58:201,train,58,B2,0,11.416138409263432,,6102.0,0.0,,0.0
train:58:202,train,58,B8,0,11.350495381340423,,2753.0,0.0,,0.0
train:58:203,train,58,B4,0,4.620688739577522,,3265.5,0.0,,0.0
train:58:204,train,58,B6,0,9.107512434711285,,2625.0,0.0,,0.0
train:58:205,train,58,B2,0,5.802744418352024,,5051.5,0.0,,0.0
train:58:206,train,58,B8,0,5.191353717560805,,4856.5,0.0,,0.0
train:58:207,train,58,B8,0,9.163126500981223,,4856.5,0.0,,0.0
train:58:208,train,58,B2,0,9.504651529062732,,4907.5,0.0,,0.0
train:58:209,train,58,B8,0,10.790563668367664,,2916.0,0.0,,0.0
train:58:210,train,58,B8,0,4.667521040126023,,2788.0,0.0,,0.0
train:58:211,train,58,B8,0,7.514417775327749,,5070.5,0.0,,0.0
train:58:212,train,58,B8,0,10.321640018622514,,2916.0,0.0,,0.0
train:58:213,train,58,B4,0,8.68129988269294,,3265.5,0.0,,0.0
train:58:214,train,58,B8,0,10.73036349120136,,2681.0,0.0,,0.0
train:58:215,train,58,B6,0,10.348319282265674,,2097.5,0.0,,0.0
train:58:216,train,58,B2,0,8.335558462208153,,8253.5,0.0,,0.0
train:58:217,train,58,B8,0,9.785502859529863,,3321.0,0.0,,0.0
train:58:218,train,58,B2,0,6.013594117578635,,6112.5,0.0,,0.0
train:58:219,train,58,B4,0,9.649269414155459,,5785.0,0.0,,0.0
train:58:220,train,58,B6,0,8.19427558014514,,5476.0,0.0,,0.0
train:58:221,train,58,B2,0,4.472083968064027,,5582.5,0.0,,0.0
train:58:222,train,58,B4,0,7.363252710952011,,2737.0,0.0,,0.0
train:58:223,train,58,B4,0,9.267363725933546,,3546.0,0.0,,0.0
train:58:224,train,58,B2,0,4.611473362140938,,2832.5,0.0,,0.0
train:58:225,train,58,B2,0,4.77165500107634,,4419.0,0.0,,0.0
train:58:226,train,58,B6,0,4.51074569218011,,3470.0,0.0,,0.0
train:58:227,train,58,B2,0,6.057545238052823,,3718.5,0.0,,0.0
train:58:228,train,58,B2,0,5.053475614834609,,7616.0,0.0,,0.0
train:58:229,train,58,B8,0,9.779431548106167,,5886.0,0.0,,0.0
train:58:230,train,58,B2,0,5.910876440134155,,1619.5,0.0,,0.0
train:58:231,train,58,B6,0,9.146173190272966,,2115.5,0.0,,0.0
train:58:232,train,58,B2,0,9.838960455350291,,3583.0,0.0,,0.0
train:58:233,train,58,B6,0,8.904046591037847,,5436.5,0.0,,0.0
train:58:234,train,58,B4,0,10.092788772500583,,4605.5,0.0,,0.0
train:58:235,train,58,B8,0,8.391485697848552,,3085.5,0.0,,0.0
train:58:236,train,58,B2,0,10.645419088763088,,6201.5,0.0,,0.0
train:58:237,train,58,B4,0,10.361681725494156,,1661.5,0.0,,0.0
train:58:238,train,58,B8,0,7.337723560409501,,5886.0,0.0,,0.0
train:58:239,train,58,B6,0,4.2895870940461505,,1924.0,0.0,,0.0
train:58:240,train,58,B2,0,6.93062242817483,,4098.0,0.0,,0.0
train:58:241,train,58,B8,0,4.705896287399115,,3321.0,0.0,,0.0
train:58:242,train,58,B8,0,5.6051684348372355,,4401.0,0.0,,0.0
train:58:243,train,58,B8,0,8.971221185903016,,2948.0,0.0,,0.0
train:58:244,train,58,B8,0,8.318169335493023,,2819.0,0.0,,0.0
train:58:245,train,58,B6,0,5.775669428326101,,2625.0,0.0,,0.0
train:58:246,train,58,B2,0,5.166168269745031,,3583.0,0.0,,0.0
train:58:247,train,58,B4,0,6.606740997926412,,2799.0,0.0,,0.0
train:58:248,train,58,B6,0,8.960535433779766,,2347.0,0.0,,0.0
train:58:249,train,58,B2,0,9.50027237987445,,7285.0,0.0,,0.0
train:58:250,train,58,B2,0,5.266914889166168,,3183.0,0.0,,0.0
train:58:251,train,58,B6,0,6.7146411400452966,,2657.5,0.0,,0.0
train:58:252,train,58,B8,0,7.380961710872163,,3265.0,0.0,,0.0
train:58:253,train,58,B4,0,6.943866070642995,,4267.5,0.0,,0.0
train:58:254,train,58,B6,0,5.340687349373453,,1919.0,0.0,,0.0
train:58:255,train,58,B4,0,7.589884666905223,,2453.5,0.0,,0.0
train:58:256,train,58,B8,0,5.308253164389073,,1557.5,0.0,,0.0
train:58:257,train,58,B2,0,6.997979572921885,,4302.5,0.0,,0.0
train:58:258,train,58,B8,0,10.412276083466601,,3321.0,0.0,,0.0
train:58:259,train,58,B2,0,6.655147157200076,,3513.0,0.0,,0.0
train:58:260,train,58,B8,0,6.05588988951742,,5118.5,0.0,,0.0
train:58:261,train,58,B6,0,7.079375736361815,,4077.0,0.0,,0.0
train:58:262,train,58,B6,0,10.04282053647933,,2143.5,0.0,,0.0
train:58:263,train,58,B2,0,8.724237217110527,,7176.0,0.0,,0.0
train:58:264,train,58,B2,0,6.5770468435053235,,3713.5,0.0,,0.0
train:58:265,train,58,B8,0,7.308360258735247,,3381.5,0.0,,0.0
train:58:266,train,58,B6,0,10.444526496415055,,2652.5,0.0,,0.0
train:58:267,train,58,B6,0,11.450792687479062,,2879.0,0.0,,0.0
train:58:268,train,58,B6,0,6.858797848345031,,4284.0,0.0,,0.0
train:58:269,train,58,B2,0,4.999738682900324,,7964.0,0.0,,0.0
train:58:270,train,58,B8,0,9.98039727315841,,3062.5,0.0,,0.0
train:58:271,train,58,B4,0,4.91092707940688,,2812.0,0.0,,0.0
train:58:272,train,58,B8,0,10.335548772985634,,2362.5,0.0,,0.0
train:58:273,train,58,B8,0,6.325697570212891,,3750.5,0.0,,0.0
train:58:274,train,58,B2,0,4.006783510416936,,3577.5,0.0,,0.0
train:58:275,train,58,B4,0,9.171756462054773,,2218.0,0.0,,0.0
train:58:276,train,58,B6,0,9.663943123386801,,2420.5,0.0,,0.0
train:58:277,train,58,B6,0,4.948591036184604,,2556.0,0.0,,0.0
train:58:278,train,58,B4,0,8.063824287167513,,3001.5,0.0,,0.0
train:58:279,train,58,B4,0,4.4346602093851555,,5715.0,0.0,,0.0
train:58:280,train,58,B8,0,8.074048702820178,,4856.5,0.0,,0.0
train:58:281,train,58,B8,0,10.504928981527616,,2771.5,0.0,,0.0
train:58:282,train,58,B2,0,9.606809692945168,,3576.5,0.0,,0.0
train:58:283,train,58,B4,0,5.024674242932332,,1661.5,0.0,,0.0
train:58:284,train,58,B8,0,8.175006887832458,,3562.5,0.0,,0.0
train:58:285,train,58,B6,0,11.387829855720907,,1708.0,0.0,,0.0
train:58:286,train,58,B8,0,6.732575817029868,,6190.5,0.0,,0.0
train:58:287,train,58,B4,0,5.715703175722576,,1661.5,0.0,,0.0
train:58:288,train,58,B4,0,10.583941565992408,,2218.5,0.0,,0.0
train:58:289,train,58,B2,0,5.8842033876421835,,3583.0,0.0,,0.0
train:58:290,train,58,B8,0,9.554920407828037,,2639.0,0.0,,0.0
train:58:291,train,58,B8,0,8.459226828992286,,4086.0,0.0,,0.0
train:58:292,train,58,B8,0,5.469389407480343,,4135.5,0.0,,0.0
train:58:293,train,58,B8,0,8.421207703567138,,3005.0,0.0,,0.0
train:58:294,train,58,B4,0,4.168363547603486,,6010.5,0.0,,0.0
train:58:295,train,58,B8,0,11.123900209495389,,4219.0,0.0,,0.0
train:58:296,train,58,B6,0,8.39820500481947,,2803.0,0.0,,0.0
train:58:297,train,58,B2,0,9.593644742536974,,2601.0,0.0,,0.0
train:58:298,train,58,B2,0,10.975571794507456,,3583.0,0.0,,0.0
train:58:299,train,58,B4,0,10.677427109113655,,3733.5,0.0,,0.0
train:58:300,train,58,B2,0,6.2702652348360335,,3186.0,0.0,,0.0
train:58:301,train,58,B6,0,5.47494297204968,,3424.5,0.0,,0.0
train:58:302,train,58,B2,0,10.165870901264878,,8066.5,0.0,,0.0
train:58:303,train,58,B8,0,4.733022025267134,,5431.0,0.0,,0.0
train:58:304,train,58,B2,0,6.263516465075938,,4134.0,0.0,,0.0
train:58:305,train,58,B8,0,4.49275136462392,,2816.5,0.0,,0.0
train:58:306,train,58,B8,0,8.462761912581641,,3048.0,0.0,,0.0
train:58:307,train,58,B8,0,9.469868332231183,,3882.5,0.0,,0.0
train:58:308,train,58,B2,0,6.529840116028473,,5582.5,0.0,,0.0
train:58:309,train,58,B8,0,8.335174887657402,,3562.5,0.0,,0.0
train:58:310,train,58,B8,0,10.85553180938438,,4236.0,0.0,,0.0
train:58:311,train,58,B8,0,10.617203481338741,,4135.5,0.0,,0.0
train:58:312,train,58,B6,0,8.49059422279412,,3561.0,0.0,,0.0
train:58:313,train,58,B2,0,6.513665500036385,,5767.5,0.0,,0.0
train:58:314,train,58,B2,0,10.655736594570808,,5506.0,0.0,,0.0
train:58:315,train,58,B4,0,8.191491191984404,,3733.5,0.0,,0.0
train:58:316,train,58,B4,0,6.930149369186147,,4939.5,0.0,,0.0
train:58:317,train,58,B6,0,9.100131725286033,,2723.0,0.0,,0.0
train:58:318,train,58,B2,0,4.091169249011436,,5325.0,0.0,,0.0
train:58:319,train,58,B6,0,8.116128450525007,,3457.0,0.0,,0.0
train:58:320,train,58,B8,0,10.968170321719192,,3085.5,0.0,,0.0
train:58:321,train,58,B6,0,10.219223501743272,,2532.5,0.0,,0.0
train:58:322,train,58,B8,0,4.83579129627014,,3048.0,0.0,,0.0
train:58:323,train,58,B2,0,7.88687297872842,,3406.5,0.0,,0.0
train:58:324,train,58,B8,0,7.478628199400968,,3248.0,0.0,,0.0
train:58:325,train,58,B4,0,10.212879522344847,,3860.5,0.0,,0.0
train:58:326,train,58,B2,0,4.249740961081817,,3577.5,0.0,,0.0
train:58:327,train,58,B4,0,5.954944812405608,,3218.0,0.0,,0.0
train:58:328,train,58,B2,0,6.507890943297495,,3392.5,0.0,,0.0
train:58:329,train,58,B4,0,4.019451756862992,,3821.5,0.0,,0.0
train:58:330,train,58,B6,0,10.002444961472374,,2101.5,0.0,,0.0
train:58:331,train,58,B6,0,6.285953760796552,,5137.0,0.0,,0.0
train:58:332,train,58,B8,0,11.269829371853753,,5431.0,0.0,,0.0
train:58:333,train,58,B2,0,4.536050135051163,,4778.5,0.0,,0.0
train:58:334,train,58,B2,0,6.108731338782499,,6102.0,0.0,,0.0
train:58:335,train,58,B6,0,4.3428653175909835,,1730.5,0.0,,0.0
train:58:336,train,58,B4,0,9.39520905132138,,2453.5,0.0,,0.0
train:58:337,train,58,B4,0,4.4384440634873,,5785.0,0.0,,0.0
train:58:338,train,58,B4,0,7.958147205032263,,2688.5,0.0,,0.0
train:58:339,train,58,B6,0,9.380087241410791,,2661.5,0.0,,0.0
train:59:340,train,59,B8,1,7.004322375933668,11.004322375933668,3077.5,769.375,4.0,0.25
train:59:341,train,59,B8,1,4.429475218174776,10.429475218174776,4348.0,2174.0,6.0,0.5
train:59:342,train,59,B6,1,5.575416840310172,7.075416840310172,2293.5,573.375,1.5,0.25
train:59:343,train,59,B4,1,5.85151410171117,10.851514101711171,2587.5,1293.75,5.0,0.5
train:59:344,train,59,B8,1,7.063566016206146,7.813566016206146,4554.0,3415.5,0.75,0.75
train:59:345,train,59,B6,1,6.575446903908984,7.075446903908984,2050.0,512.5,0.5,0.25
train:59:346,train,59,B8,1,4.9589001213864305,6.4589001213864305,2786.5,2786.5,1.5,1.0
train:59:347,train,59,B4,1,4.509199049589826,9.509199049589826,2726.5,681.625,5.0,0.25
train:59:348,train,59,B8,1,4.6031990759609505,8.603199075960951,2740.5,685.125,4.0,0.25
train:59:349,train,59,B2,1,5.656724483312718,7.656724483312718,1622.0,1622.0,2.0,1.0
train:59:350,train,59,B6,1,6.446253593353626,11.446253593353626,2474.0,2474.0,5.0,1.0
train:59:351,train,59,B4,1,4.596642851777451,6.596642851777451,1539.0,1539.0,2.0,1.0
train:59:352,train,59,B2,1,5.221749321381665,5.971749321381665,4237.5,4237.5,0.75,1.0
train:59:353,train,59,B2,1,9.633266964501267,10.383266964501267,9317.0,6987.75,0.75,0.75
train:59:354,train,59,B2,1,7.052972139170981,11.052972139170981,4101.0,2050.5,4.0,0.5
train:59:355,train,59,B4,1,8.064779279758696,11.064779279758696,3501.0,1750.5,3.0,0.5
train:59:356,train,59,B6,1,10.330758431847546,11.080758431847546,2909.5,1454.75,0.75,0.5
train:59:357,train,59,B6,1,5.344316142786043,6.344316142786043,2628.0,657.0,1.0,0.25
train:59:358,train,59,B4,1,4.582643687480832,10.582643687480832,1974.0,493.5,6.0,0.25
train:59:359,train,59,B8,1,7.246923365827668,10.24692336582767,4398.0,1099.5,3.0,0.25
train:59:360,train,59,B4,1,5.5756683629839365,8.575668362983937,3419.0,1709.5,3.0,0.5
train:59:361,train,59,B2,1,4.607479111274644,10.607479111274644,3263.5,3263.5,6.0,1.0
train:59:362,train,59,B8,1,9.876286408854877,10.376286408854877,4810.5,2405.25,0.5,0.5
train:59:363,train,59,B2,1,4.116074496998972,10.116074496998973,9317.0,4658.5,6.0,0.5
train:59:364,train,59,B8,1,5.356693332465531,10.35669333246553,3689.5,3689.5,5.0,1.0
train:59:365,train,59,B8,1,5.37975962998068,11.37975962998068,3368.5,1684.25,6.0,0.5
train:59:366,train,59,B2,1,9.17528648627881,10.67528648627881,3571.0,2678.25,1.5,0.75
train:59:367,train,59,B8,1,5.143802822545426,6.143802822545426,4935.5,2467.75,1.0,0.5
train:59:368,train,59,B8,1,5.883119593624398,7.883119593624398,3290.0,3290.0,2.0,1.0
train:59:369,train,59,B4,1,8.954579264429404,10.954579264429404,2639.5,1979.625,2.0,0.75
train:59:370,train,59,B2,1,4.621778854166481,9.62177885416648,3762.0,3762.0,5.0,1.0
train:59:371,train,59,B2,1,6.071003706406598,10.071003706406598,2172.0,1629.0,4.0,0.75
train:59:372,train,59,B6,1,4.045221960210525,6.045221960210525,2888.0,2166.0,2.0,0.75
train:59:373,train,59,B4,1,9.731732976260773,11.231732976260773,2298.5,2298.5,1.5,1.0
train:59:374,train,59,B6,1,5.129448425679199,8.129448425679199,1814.0,1360.5,3.0,0.75
train:59:375,train,59,B8,1,6.02653319372219,6.77653319372219,3082.5,2311.875,0.75,0.75
train:59:376,train,59,B6,1,10.752095915455257,11.252095915455257,2289.0,2289.0,0.5,1.0
train:59:377,train,59,B4,1,4.7191881348963305,5.4691881348963305,3419.0,2564.25,0.75,0.75
train:59:378,train,59,B8,1,4.558915038869195,5.308915038869195,1552.0,388.0,0.75,0.25
train:59:379,train,59,B2,1,5.104577832232364,6.604577832232364,2608.5,1304.25,1.5,0.5
train:59:380,train,59,B4,1,5.430620132975342,10.430620132975342,1974.0,1974.0,5.0,1.0
train:59:381,train,59,B2,1,5.113252077942166,10.113252077942166,2217.5,2217.5,5.0,1.0
train:59:382,train,59,B4,1,8.873829562937633,9.623829562937633,3627.0,3627.0,0.75,1.0
train:59:383,train,59,B2,1,7.470662225530827,8.970662225530827,3138.0,1569.0,1.5,0.5
train:59:384,train,59,B6,1,5.08453714867204,5.83453714867204,2579.0,644.75,0.75,0.25
train:59:385,train,59,B4,1,7.2083642642841435,7.9583642642841435,3182.0,3182.0,0.75,1.0
train:59:386,train,59,B6,1,6.43686403426988,6.93686403426988,3783.0,1891.5,0.5,0.5
train:59:387,train,59,B6,1,4.6082502283352,9.6082502283352,1957.5,489.375,5.0,0.25
train:59:388,train,59,B2,1,4.461470968449614,10.461470968449614,2448.0,1224.0,6.0,0.5
train:59:389,train,59,B6,1,4.098670619197167,4.598670619197167,4479.5,4479.5,0.5,1.0
train:59:390,train,59,B2,1,8.562935156625308,9.062935156625308,2172.0,1086.0,0.5,0.5
train:59:391,train,59,B8,1,4.542473410972476,8.542473410972477,2404.5,2404.5,4.0,1.0
train:59:392,train,59,B6,1,4.365860530907704,9.365860530907703,2895.5,1447.75,5.0,0.5
train:59:393,train,59,B6,1,6.3085348226928595,6.8085348226928595,2131.0,532.75,0.5,0.25
train:59:394,train,59,B4,1,7.92177583780772,8.92177583780772,2267.0,2267.0,1.0,1.0
train:59:395,train,59,B2,1,4.168929699357362,5.168929699357362,2175.5,543.875,1.0,0.25
train:59:396,train,59,B2,1,4.101241566859137,5.601241566859137,2915.5,2915.5,1.5,1.0
train:59:397,train,59,B4,1,6.468976597169329,7.218976597169329,2945.5,736.375,0.75,0.25
train:59:398,train,59,B6,1,9.55578502299033,11.05578502299033,3163.5,1581.75,1.5,0.5
train:59:399,train,59,B8,1,6.922446753931059,7.672446753931059,4732.0,2366.0,0.75,0.5
train:59:400,train,59,B8,1,4.5476107629848315,10.547610762984831,1564.5,1564.5,6.0,1.0
train:59:401,train,59,B2,1,10.046517884898538,10.546517884898538,5417.5,4063.125,0.5,0.75
train:59:402,train,59,B2,1,4.253797821129773,6.253797821129773,3973.0,3973.0,2.0,1.0
train:59:403,train,59,B2,1,4.95630132403144,6.95630132403144,3950.0,987.5,2.0,0.25
train:59:404,train,59,B4,1,5.1476650991173285,10.14766509911733,1851.0,1388.25,5.0,0.75
train:59:405,train,59,B8,1,6.381374991291105,9.381374991291105,3850.5,1925.25,3.0,0.5
train:59:406,train,59,B6,1,4.802365726757393,9.802365726757394,1972.0,493.0,5.0,0.25
train:59:407,train,59,B8,1,7.451624415380543,8.451624415380543,2792.5,2792.5,1.0,1.0
train:59:408,train,59,B4,1,6.425158802711655,9.425158802711655,3182.0,2386.5,3.0,0.75
train:59:409,train,59,B8,1,10.972559535688443,11.472559535688443,2680.5,2680.5,0.5,1.0
train:59:410,train,59,B8,1,4.548329970277779,5.048329970277779,2542.5,635.625,0.5,0.25
train:59:411,train,59,B6,1,7.139331964864518,8.639331964864517,1606.0,401.5,1.5,0.25
train:59:412,train,59,B6,1,4.545174147740705,5.545174147740705,1715.5,1715.5,1.0,1.0
train:59:413,train,59,B8,1,5.857095718827791,7.857095718827791,2900.0,725.0,2.0,0.25
train:59:414,train,59,B6,1,10.872858505693532,11.372858505693532,4663.0,1165.75,0.5,0.25
train:59:415,train,59,B2,1,6.590441996615439,8.59044199661544,8318.5,2079.625,2.0,0.25
train:59:416,train,59,B4,1,8.279309091132205,10.279309091132205,1851.0,925.5,2.0,0.5
train:59:417,train,59,B2,1,6.415594390980548,10.415594390980548,3823.0,955.75,4.0,0.25
train:59:418,train,59,B8,1,8.433382574267409,11.433382574267409,1627.5,406.875,3.0,0.25
train:59:419,train,59,B4,1,6.982045712969702,7.982045712969702,5118.5,3838.875,1.0,0.75
train:59:420,train,59,B6,1,10.127760507583314,11.127760507583314,1663.5,1663.5,1.0,1.0
train:59:421,train,59,B6,1,4.4863965274709,10.4863965274709,3047.5,1523.75,6.0,0.5
train:59:422,train,59,B8,1,4.655116869258395,8.655116869258395,1850.0,925.0,4.0,0.5
train:59:423,train,59,B6,1,4.481286552713112,8.481286552713112,2104.0,2104.0,4.0,1.0
train:59:424,train,59,B8,1,6.519303132994534,7.269303132994534,5314.0,3985.5,0.75,0.75
train:59:425,train,59,B2,1,4.0467483801920645,10.046748380192064,6421.5,6421.5,6.0,1.0
train:59:426,train,59,B6,1,8.236437433756809,8.986437433756809,1538.5,1538.5,0.75,1.0
train:59:427,train,59,B2,1,8.727836789707096,9.227836789707096,1838.5,1838.5,0.5,1.0
train:59:428,train,59,B6,1,6.762233239794497,7.512233239794497,2314.5,2314.5,0.75,1.0
train:59:429,train,59,B6,1,7.162048209277085,10.162048209277085,2251.5,1125.75,3.0,0.5
train:59:430,train,59,B4,1,7.2600188799735905,8.01001887997359,2810.0,2810.0,0.75,1.0
train:59:431,train,59,B8,1,7.141935921488786,10.141935921488786,2740.5,685.125,3.0,0.25
train:59:432,train,59,B6,1,5.331809984783896,5.831809984783896,2015.0,1007.5,0.5,0.5
train:59:433,train,59,B2,1,4.240726567054646,5.240726567054646,3696.0,1848.0,1.0,0.5
train:59:434,train,59,B2,1,6.343819926614261,7.093819926614261,7111.5,7111.5,0.75,1.0
train:59:435,train,59,B2,1,8.681968735041632,9.181968735041632,3597.5,899.375,0.5,0.25
train:59:436,train,59,B8,1,6.145749932270844,9.145749932270844,4095.0,4095.0,3.0,1.0
train:59:437,train,59,B8,1,5.008621998766091,7.008621998766091,1552.0,1552.0,2.0,1.0
train:59:438,train,59,B2,1,7.921447839491965,9.421447839491965,5417.5,2708.75,1.5,0.5
train:59:439,train,59,B2,1,7.173536585502633,11.173536585502633,1828.0,457.0,4.0,0.25
train:59:440,train,59,B4,1,4.3632629252412425,6.3632629252412425,2668.0,2668.0,2.0,1.0
train:59:441,train,59,B4,1,4.240265350600716,8.240265350600716,3002.0,750.5,4.0,0.25
train:59:442,train,59,B6,1,9.465300769762866,11.465300769762866,4622.0,4622.0,2.0,1.0
train:59:443,train,59,B4,1,8.509004200259922,9.259004200259922,4677.5,2338.75,0.75,0.5
train:59:444,train,59,B8,1,7.887320794920365,10.887320794920365,3574.0,1787.0,3.0,0.5
train:59:445,train,59,B6,1,8.612141393589066,9.362141393589066,3811.0,952.75,0.75,0.25
train:59:446,train,59,B6,1,4.526170668442547,10.526170668442546,2888.0,722.0,6.0,0.25
train:59:447,train,59,B6,1,6.740866759082136,7.240866759082136,1538.5,1153.875,0.5,0.75
train:59:448,train,59,B8,1,4.195082889461133,6.195082889461133,2011.5,1508.625,2.0,0.75
train:59:449,train,59,B2,1,7.346139822243089,8.846139822243089,3689.5,3689.5,1.5,1.0
train:59:450,train,59,B4,1,5.187043178599631,7.187043178599631,2639.5,2639.5,2.0,1.0
train:59:451,train,59,B4,1,5.097387124733741,11.097387124733741,3206.5,3206.5,6.0,1.0
train:59:452,train,59,B6,1,4.6369195130522085,10.63691951305221,2289.0,2289.0,6.0,1.0
train:59:453,train,59,B4,1,6.879397789747424,8.379397789747424,2945.5,1472.75,1.5,0.5
train:59:454,train,59,B4,1,4.863486829274569,10.863486829274569,2597.5,1298.75,6.0,0.5
train:59:455,train,59,B4,1,4.86411789144256,9.864117891442561,3511.0,877.75,5.0,0.25
train:59:456,train,59,B2,1,5.697222196109262,10.697222196109262,4100.5,2050.25,5.0,0.5
train:59:457,train,59,B2,1,5.516741786748233,7.016741786748233,2172.0,2172.0,1.5,1.0
train:59:458,train,59,B2,1,5.3764552848842975,7.3764552848842975,2172.0,543.0,2.0,0.25
train:59:459,train,59,B2,1,5.689395889363748,9.689395889363748,7071.5,7071.5,4.0,1.0
train:59:460,train,59,B2,1,5.601258201348126,8.601258201348127,3696.0,1848.0,3.0,0.5
train:59:461,train,59,B6,1,4.3341188670516795,10.334118867051679,1715.5,1715.5,6.0,1.0
train:59:462,train,59,B4,1,9.077013226862302,9.827013226862302,1974.0,1974.0,0.75,1.0
train:59:463,train,59,B8,1,4.878237080725744,9.878237080725743,2470.5,1852.875,5.0,0.75
train:59:464,train,59,B6,1,8.87223580910443,10.37223580910443,2331.5,1748.625,1.5,0.75
train:59:465,train,59,B2,1,5.6050846280281625,6.3550846280281625,4696.0,2348.0,0.75,0.5
train:59:466,train,59,B4,1,7.29658449511993,7.79658449511993,3316.0,2487.0,0.5,0.75
train:59:467,train,59,B6,1,4.157968807362142,6.157968807362142,3546.5,2659.875,2.0,0.75
train:59:468,train,59,B8,1,6.342946418128698,8.342946418128697,3123.0,1561.5,2.0,0.5
train:59:469,train,59,B6,1,4.584244377591896,10.584244377591897,2289.0,2289.0,6.0,1.0
train:59:470,train,59,B6,1,6.696605153857311,8.69660515385731,3574.0,2680.5,2.0,0.75
train:59:471,train,59,B2,1,5.5570202571901,7.5570202571901,3530.5,2647.875,2.0,0.75
train:59:472,train,59,B8,1,5.054626072413419,6.054626072413419,3298.0,2473.5,1.0,0.75
train:59:473,train,59,B2,1,4.402502700582781,10.402502700582781,3305.5,2479.125,6.0,0.75
train:59:474,train,59,B2,1,7.943550398279455,10.943550398279456,2608.5,1956.375,3.0,0.75
train:59:475,train,59,B6,1,5.031908507669842,11.031908507669842,3355.0,1677.5,6.0,0.5
train:59:476,train,59,B6,1,4.641262350307884,10.641262350307883,2436.0,609.0,6.0,0.25
train:59:477,train,59,B4,1,6.679182306882726,7.679182306882726,2852.5,1426.25,1.0,0.5
train:59:478,train,59,B4,1,6.206572723610998,11.206572723610998,3182.0,3182.0,5.0,1.0
train:59:479,train,59,B6,1,6.540729833052692,10.540729833052692,2973.5,1486.75,4.0,0.5
train:59:480,train,59,B8,1,5.58461337145112,7.58461337145112,3177.5,794.375,2.0,0.25
train:59:481,train,59,B8,1,5.008404512627348,8.008404512627347,3574.0,893.5,3.0,0.25
train:59:482,train,59,B4,1,6.072056591855339,7.072056591855339,4677.5,1169.375,1.0,0.25
train:59:483,train,59,B8,1,9.345442948006271,10.345442948006271,3123.0,3123.0,1.0,1.0
train:59:484,train,59,B4,1,4.612645971087533,10.612645971087533,3259.5,3259.5,6.0,1.0
train:59:485,train,59,B2,1,8.022314217655996,10.022314217655996,3597.5,2698.125,2.0,0.75
train:59:486,train,59,B6,1,6.766217869155927,7.266217869155927,2874.5,718.625,0.5,0.25
train:59:487,train,59,B6,1,9.411631932557706,9.911631932557706,2779.0,2084.25,0.5,0.75
train:59:488,train,59,B8,1,5.522546261371131,6.522546261371131,2740.5,2055.375,1.0,0.75
train:59:489,train,59,B8,1,4.5966366476552,9.596636647655199,3569.5,892.375,5.0,0.25
train:59:490,train,59,B2,1,5.363529781922432,10.363529781922432,3902.0,3902.0,5.0,1.0
train:59:491,train,59,B6,1,7.12000680904583,10.12000680904583,1692.0,1692.0,3.0,1.0
train:59:492,train,59,B8,1,5.347588880558383,8.347588880558384,1966.5,1474.875,3.0,0.75
train:59:493,train,59,B2,1,7.974248490948945,10.974248490948945,3729.5,1864.75,3.0,0.5
train:59:494,train,59,B2,1,5.276698801213986,11.276698801213985,4402.0,2201.0,6.0,0.5
train:59:495,train,59,B6,1,8.26417403171964,10.26417403171964,3207.0,801.75,2.0,0.25
train:59:496,train,59,B2,1,4.243394173129315,5.743394173129315,3194.5,3194.5,1.5,1.0
train:59:497,train,59,B4,1,6.203721418037439,9.20372141803744,2465.0,616.25,3.0,0.25
train:59:498,train,59,B2,1,8.99479722628343,10.99479722628343,4046.5,4046.5,2.0,1.0
train:59:499,train,59,B8,1,4.248233002133206,4.748233002133206,2499.0,2499.0,0.5,1.0
train:59:500,train,59,B2,1,4.864477376424488,9.864477376424489,2548.5,1274.25,5.0,0.5
train:59:501,train,59,B6,1,9.452489272684613,10.202489272684613,2779.0,2779.0,0.75,1.0
train:59:502,train,59,B6,1,5.261569537758003,11.261569537758003,2226.0,2226.0,6.0,1.0
train:59:503,train,59,B8,1,5.155396518535414,5.905396518535414,3728.0,2796.0,0.75,0.75
train:59:504,train,59,B2,1,5.625868710494778,7.125868710494778,8220.5,2055.125,1.5,0.25
train:59:505,train,59,B2,1,5.854604321745665,8.854604321745665,4040.0,3030.0,3.0,0.75
train:59:506,train,59,B4,1,5.155451500761483,5.905451500761483,3206.5,801.625,0.75,0.25
train:59:507,train,59,B6,1,6.826346527085393,8.326346527085393,4622.0,2311.0,1.5,0.5
train:59:508,train,59,B8,1,6.733161322471437,8.733161322471437,3569.5,1784.75,2.0,0.5
train:59:509,train,59,B6,1,4.128890730640268,8.128890730640268,2504.5,2504.5,4.0,1.0
train:59:510,train,59,B6,0,11.15114023482614,,2909.5,0.0,,0.0
train:59:511,train,59,B6,0,6.226918395438634,,2741.5,0.0,,0.0
train:59:512,train,59,B2,0,9.295926935365149,,7071.5,0.0,,0.0
train:59:513,train,59,B6,0,10.084172299693217,,2174.0,0.0,,0.0
train:59:514,train,59,B8,0,8.02242709080527,,3113.5,0.0,,0.0
train:59:515,train,59,B6,0,4.655069858372759,,2331.5,0.0,,0.0
train:59:516,train,59,B2,0,6.845922794073192,,3762.0,0.0,,0.0
train:59:517,train,59,B6,0,9.497214014482365,,1647.5,0.0,,0.0
train:59:518,train,59,B6,0,6.832996466878425,,2181.5,0.0,,0.0
train:59:519,train,59,B6,0,11.184418831674066,,1775.5,0.0,,0.0
train:59:520,train,59,B4,0,4.83064105963688,,3307.0,0.0,,0.0
train:59:521,train,59,B6,0,9.784214708413291,,2131.0,0.0,,0.0
train:59:522,train,59,B4,0,4.325326372368788,,2046.0,0.0,,0.0
train:59:523,train,59,B2,0,9.869250287522382,,3167.0,0.0,,0.0
train:59:524,train,59,B8,0,10.175850132337526,,2721.5,0.0,,0.0
train:59:525,train,59,B8,0,6.550028166430032,,2919.5,0.0,,0.0
train:59:526,train,59,B6,0,5.39251083981522,,3190.5,0.0,,0.0
train:59:527,train,59,B2,0,4.598577873296234,,3571.0,0.0,,0.0
train:59:528,train,59,B4,0,7.572731157987569,,3490.0,0.0,,0.0
train:59:529,train,59,B2,0,5.382664351673908,,8618.0,0.0,,0.0
train:59:530,train,59,B2,0,11.350267116821746,,2615.5,0.0,,0.0
train:59:531,train,59,B4,0,8.418534266001705,,2820.0,0.0,,0.0
train:59:532,train,59,B6,0,9.06943364824011,,1817.0,0.0,,0.0
train:59:533,train,59,B6,0,8.058071085727416,,2040.5,0.0,,0.0
train:59:534,train,59,B6,0,4.055845285677516,,2174.0,0.0,,0.0
train:59:535,train,59,B4,0,7.900763971216871,,1881.5,0.0,,0.0
train:59:536,train,59,B2,0,4.7408248904179695,,1954.5,0.0,,0.0
train:59:537,train,59,B2,0,7.374916751161426,,2430.5,0.0,,0.0
train:59:538,train,59,B4,0,11.454251687709826,,1899.0,0.0,,0.0
train:59:539,train,59,B6,0,8.572324493233964,,1538.5,0.0,,0.0
train:59:540,train,59,B4,0,6.329154410419571,,2134.0,0.0,,0.0
train:59:541,train,59,B4,0,10.605935950159015,,2010.5,0.0,,0.0
train:59:542,train,59,B4,0,5.102283581237444,,1920.0,0.0,,0.0
train:59:543,train,59,B8,0,8.34721415960458,,3404.0,0.0,,0.0
train:59:544,train,59,B4,0,6.2374140894408825,,2298.5,0.0,,0.0
train:59:545,train,59,B6,0,9.450514049307865,,2181.5,0.0,,0.0
train:59:546,train,59,B4,0,9.613793797921984,,2835.0,0.0,,0.0
train:59:547,train,59,B6,0,11.328608646686082,,1757.0,0.0,,0.0
train:59:548,train,59,B8,0,5.268734706937183,,2946.0,0.0,,0.0
train:59:549,train,59,B2,0,5.68188988510628,,2792.5,0.0,,0.0
train:59:550,train,59,B4,0,5.711726948703242,,2120.5,0.0,,0.0
train:59:551,train,59,B6,0,6.141790640255693,,1885.0,0.0,,0.0
train:59:552,train,59,B6,0,10.2601987228152,,2600.5,0.0,,0.0
train:59:553,train,59,B4,0,8.8961882105392,,2333.0,0.0,,0.0
train:59:554,train,59,B8,0,9.78780843554744,,3025.0,0.0,,0.0
train:59:555,train,59,B2,0,6.607201310159994,,1839.5,0.0,,0.0
train:59:556,train,59,B4,0,4.515882780538104,,5118.5,0.0,,0.0
train:59:557,train,59,B6,0,11.42091747999693,,4086.5,0.0,,0.0
train:59:558,train,59,B2,0,6.378600942769809,,9456.0,0.0,,0.0
train:59:559,train,59,B2,0,11.431694572917412,,3950.0,0.0,,0.0
train:59:560,train,59,B4,0,7.264463621009807,,3511.0,0.0,,0.0
train:59:561,train,59,B8,0,6.448501862743558,,3205.5,0.0,,0.0
train:59:562,train,59,B2,0,10.473693127916562,,3973.0,0.0,,0.0
train:59:563,train,59,B4,0,10.746752558461285,,3206.5,0.0,,0.0
train:59:564,train,59,B6,0,9.244223873172007,,2131.0,0.0,,0.0
train:59:565,train,59,B4,0,10.4341332869839,,4769.5,0.0,,0.0
train:59:566,train,59,B4,0,6.968244571435683,,3336.0,0.0,,0.0
train:59:567,train,59,B2,0,10.271853907965433,,4265.0,0.0,,0.0
train:59:568,train,59,B8,0,9.219851422829496,,3649.5,0.0,,0.0
train:59:569,train,59,B8,0,8.918605339000989,,3956.5,0.0,,0.0
train:59:570,train,59,B8,0,9.776946697886014,,3672.0,0.0,,0.0
train:59:571,train,59,B4,0,7.800397190336982,,2668.0,0.0,,0.0
train:59:572,train,59,B6,0,10.04781255688425,,1832.0,0.0,,0.0
train:59:573,train,59,B4,0,5.990887572576109,,3199.0,0.0,,0.0
train:59:574,train,59,B8,0,10.081044655657003,,3160.5,0.0,,0.0
train:59:575,train,59,B6,0,10.935269120126495,,1852.5,0.0,,0.0
train:59:576,train,59,B2,0,6.291428614206111,,4219.0,0.0,,0.0
train:59:577,train,59,B6,0,5.285077612491424,,4086.5,0.0,,0.0
train:59:578,train,59,B8,0,4.310219311996772,,3333.0,0.0,,0.0
train:59:579,train,59,B8,0,7.734255783145205,,3244.5,0.0,,0.0
train:59:580,train,59,B8,0,9.538220844876838,,2536.5,0.0,,0.0
train:59:581,train,59,B2,0,8.691108362483796,,3067.5,0.0,,0.0
train:59:582,train,59,B2,0,4.011252741472149,,3263.5,0.0,,0.0
train:59:583,train,59,B6,0,7.28697495342489,,1808.0,0.0,,0.0
train:59:584,train,59,B4,0,9.353022326545425,,2046.0,0.0,,0.0
train:59:585,train,59,B8,0,8.461893679867671,,3333.0,0.0,,0.0
train:59:586,train,59,B4,0,5.831340263279099,,1920.0,0.0,,0.0
train:59:587,train,59,B6,0,9.362879103368357,,2741.5,0.0,,0.0
train:59:588,train,59,B8,0,11.004878675583363,,2721.5,0.0,,0.0
train:59:589,train,59,B6,0,8.3639601329615,,2363.0,0.0,,0.0
train:59:590,train,59,B4,0,8.242827156151979,,3710.5,0.0,,0.0
train:59:591,train,59,B4,0,5.217123616909391,,2892.5,0.0,,0.0
train:59:592,train,59,B2,0,7.97924398403128,,2175.5,0.0,,0.0
train:59:593,train,59,B2,0,7.962487941327003,,2582.0,0.0,,0.0
train:59:594,train,59,B8,0,9.888926917057214,,4436.5,0.0,,0.0
train:59:595,train,59,B4,0,10.892857587031237,,3419.0,0.0,,0.0
train:59:596,train,59,B8,0,4.516238518077988,,2786.5,0.0,,0.0
train:59:597,train,59,B8,0,11.135697637137053,,2499.0,0.0,,0.0
train:59:598,train,59,B6,0,5.780119013395245,,1647.5,0.0,,0.0
train:59:599,train,59,B2,0,8.465231342887316,,2435.5,0.0,,0.0
train:59:600,train,59,B4,0,5.789735888971777,,2726.5,0.0,,0.0
train:59:601,train,59,B2,0,7.065121565032319,,3950.0,0.0,,0.0
train:59:602,train,59,B8,0,10.133526310985813,,2536.5,0.0,,0.0
train:59:603,train,59,B8,0,4.70642450460556,,3704.5,0.0,,0.0
train:59:604,train,59,B2,0,4.924108874902715,,3823.0,0.0,,0.0
train:59:605,train,59,B6,0,8.353891195893908,,1957.5,0.0,,0.0
train:59:606,train,59,B2,0,5.008756290837491,,2921.0,0.0,,0.0
train:59:607,train,59,B6,0,4.181102422382969,,1775.5,0.0,,0.0
train:59:608,train,59,B2,0,4.264837148275465,,3231.0,0.0,,0.0
train:59:609,train,59,B6,0,8.10133839299352,,1798.0,0.0,,0.0
train:59:610,train,59,B4,0,5.33978585668482,,2902.5,0.0,,0.0
train:59:611,train,59,B6,0,7.777906434736893,,3190.5,0.0,,0.0
train:59:612,train,59,B8,0,10.44738699533136,,3962.0,0.0,,0.0
train:59:613,train,59,B4,0,9.54957035716512,,4121.5,0.0,,0.0
train:59:614,train,59,B2,0,10.731641112718556,,7045.5,0.0,,0.0
train:59:615,train,59,B6,0,9.36228538949426,,2474.0,0.0,,0.0
train:59:616,train,59,B6,0,5.248471071781756,,2293.5,0.0,,0.0
train:59:617,train,59,B4,0,10.895253580261063,,1974.0,0.0,,0.0
train:59:618,train,59,B8,0,11.385624431285091,,1659.5,0.0,,0.0
train:59:619,train,59,B4,0,7.659318099897961,,2610.5,0.0,,0.0
train:59:620,train,59,B4,0,11.271587423959339,,3501.0,0.0,,0.0
train:59:621,train,59,B2,0,8.934848296152627,,4885.0,0.0,,0.0
train:59:622,train,59,B8,0,4.138545981291656,,1581.0,0.0,,0.0
train:59:623,train,59,B8,0,9.663503520158493,,2715.5,0.0,,0.0
train:59:624,train,59,B8,0,9.926489776657252,,2956.0,0.0,,0.0
train:59:625,train,59,B8,0,6.072980217608281,,2499.0,0.0,,0.0
train:59:626,train,59,B2,0,10.186938805815746,,5333.5,0.0,,0.0
train:59:627,train,59,B2,0,4.731347924245245,,4885.0,0.0,,0.0
train:59:628,train,59,B4,0,9.86993131724411,,1974.0,0.0,,0.0
train:59:629,train,59,B4,0,8.80214325332483,,3442.0,0.0,,0.0
train:59:630,train,59,B6,0,9.420725160141934,,2289.0,0.0,,0.0
train:59:631,train,59,B6,0,7.925795506471786,,3197.5,0.0,,0.0
train:59:632,train,59,B4,0,4.142781467437309,,2614.0,0.0,,0.0
train:59:633,train,59,B2,0,10.006091883275285,,4055.5,0.0,,0.0
train:59:634,train,59,B6,0,9.306957334498614,,3460.5,0.0,,0.0
train:59:635,train,59,B4,0,6.945685832638216,,1539.0,0.0,,0.0
train:59:636,train,59,B8,0,8.178980644035118,,2900.0,0.0,,0.0
train:59:637,train,59,B6,0,10.860146156458498,,2456.0,0.0,,0.0
train:59:638,train,59,B6,0,9.590255777724813,,1808.0,0.0,,0.0
train:59:639,train,59,B4,0,7.100531791329567,,2881.5,0.0,,0.0
train:59:640,train,59,B2,0,5.595752086081848,,3374.5,0.0,,0.0
train:59:641,train,59,B2,0,8.120796184310997,,2299.5,0.0,,0.0
train:59:642,train,59,B6,0,4.259284509115362,,2208.5,0.0,,0.0
train:59:643,train,59,B2,0,8.700378417109917,,4312.0,0.0,,0.0
train:59:644,train,59,B4,0,8.015869883111176,,2610.5,0.0,,0.0
train:59:645,train,59,B2,0,7.7180220302192115,,5896.0,0.0,,0.0
train:59:646,train,59,B4,0,6.287981076803722,,3767.0,0.0,,0.0
train:59:647,train,59,B8,0,6.98864957338371,,3205.5,0.0,,0.0
train:59:648,train,59,B8,0,10.094451081718628,,2499.0,0.0,,0.0
train:59:649,train,59,B4,0,11.237474167919768,,3592.5,0.0,,0.0
train:59:650,train,59,B6,0,7.835598936418307,,1538.5,0.0,,0.0
train:59:651,train,59,B6,0,8.882458798938144,,1538.5,0.0,,0.0
train:59:652,train,59,B6,0,9.674149022699318,,3546.5,0.0,,0.0
train:59:653,train,59,B6,0,8.530672700748681,,1647.5,0.0,,0.0
train:59:654,train,59,B6,0,8.19895145966904,,2046.5,0.0,,0.0
train:59:655,train,59,B8,0,6.5384588617468005,,4095.0,0.0,,0.0
train:59:656,train,59,B4,0,7.950841066542951,,2838.5,0.0,,0.0
train:59:657,train,59,B6,0,8.517691367761177,,3067.0,0.0,,0.0
train:59:658,train,59,B6,0,7.159708498714822,,3273.0,0.0,,0.0
train:59:659,train,59,B2,0,10.21114097547937,,2837.0,0.0,,0.0
train:59:660,train,59,B6,0,11.480200108200421,,2600.5,0.0,,0.0
train:59:661,train,59,B6,0,4.851413940683173,,4086.5,0.0,,0.0
train:59:662,train,59,B2,0,6.285812555068517,,9415.0,0.0,,0.0
train:59:663,train,59,B4,0,10.786838489222172,,3932.0,0.0,,0.0
train:59:664,train,59,B6,0,5.812354467244562,,1865.5,0.0,,0.0
train:59:665,train,59,B6,0,6.845045913872237,,3886.0,0.0,,0.0
train:59:666,train,59,B4,0,6.033057902056427,,3941.0,0.0,,0.0
train:59:667,train,59,B4,0,8.971470209620954,,2604.0,0.0,,0.0
train:59:668,train,59,B8,0,10.920122790546902,,2814.5,0.0,,0.0
train:59:669,train,59,B4,0,5.969833975150001,,3471.5,0.0,,0.0
train:59:670,train,59,B4,0,11.062611874178861,,3528.5,0.0,,0.0
train:59:671,train,59,B6,0,9.895439910415089,,2543.5,0.0,,0.0
train:59:672,train,59,B8,0,10.0961705468956,,3404.0,0.0,,0.0
train:59:673,train,59,B8,0,7.5873768160375,,2786.5,0.0,,0.0
train:59:674,train,59,B4,0,8.862713223129399,,1729.0,0.0,,0.0
train:59:675,train,59,B4,0,5.225755373378957,,3629.0,0.0,,0.0
train:59:676,train,59,B8,0,4.279562059751238,,3962.0,0.0,,0.0
train:59:677,train,59,B6,0,5.487102642554454,,2796.5,0.0,,0.0
train:59:678,train,59,B6,0,6.404315317644901,,2458.5,0.0,,0.0
train:59:679,train,59,B6,0,5.952713941236382,,1946.0,0.0,,0.0
train:60:680,train,60,B6,1,9.377764977333511,10.877764977333511,3644.5,2733.375,1.5,0.75
train:60:681,train,60,B4,1,8.79162503472772,9.54162503472772,2589.5,1294.75,0.75,0.5
train:60:682,train,60,B8,1,5.387940211192468,11.387940211192468,3981.5,1990.75,6.0,0.5
train:60:683,train,60,B4,1,5.580291546241819,6.330291546241819,1911.0,1433.25,0.75,0.75
train:60:684,train,60,B6,1,7.587803970915877,8.587803970915877,2861.0,1430.5,1.0,0.5
train:60:685,train,60,B8,1,4.451384458873024,4.951384458873024,3807.0,2855.25,0.5,0.75
train:60:686,train,60,B6,1,9.061240250033208,10.561240250033208,1874.0,1874.0,1.5,1.0
train:60:687,train,60,B8,1,4.182749907668914,9.182749907668914,5312.0,1328.0,5.0,0.25
train:60:688,train,60,B4,1,4.934517206023605,10.934517206023605,2972.5,2972.5,6.0,1.0
train:60:689,train,60,B2,1,7.921161184551661,10.92116118455166,6824.5,5118.375,3.0,0.75
train:60:690,train,60,B2,1,9.513496392393979,10.513496392393979,7418.0,3709.0,1.0,0.5
train:60:691,train,60,B2,1,4.5352310891758645,9.535231089175864,3123.5,2342.625,5.0,0.75
train:60:692,train,60,B4,1,7.821543498133135,8.321543498133135,2763.5,1381.75,0.5,0.5
train:60:693,train,60,B4,1,6.081549472195008,6.581549472195008,2804.0,2103.0,0.5,0.75
train:60:694,train,60,B8,1,5.285184699198031,11.28518469919803,4310.0,1077.5,6.0,0.25
train:60:695,train,60,B2,1,7.638963584157709,10.63896358415771,1976.5,988.25,3.0,0.5
train:60:696,train,60,B8,1,5.026455896608683,9.026455896608683,2284.0,1142.0,4.0,0.5
train:60:697,train,60,B2,1,5.887927212499192,6.637927212499192,2587.0,2587.0,0.75,1.0
train:60:698,train,60,B2,1,7.164482329949335,11.164482329949335,2180.0,545.0,4.0,0.25
train:60:699,train,60,B2,1,4.588209185125422,9.588209185125422,2927.0,2927.0,5.0,1.0
train:60:700,train,60,B2,1,4.306403124274831,9.30640312427483,8447.5,8447.5,5.0,1.0
train:60:701,train,60,B6,1,10.968300596882605,11.468300596882605,3423.0,2567.25,0.5,0.75
train:60:702,train,60,B4,1,8.452020914231168,9.202020914231168,3738.5,3738.5,0.75,1.0
train:60:703,train,60,B6,1,10.053633698983944,10.553633698983944,2912.5,2184.375,0.5,0.75
train:60:704,train,60,B2,1,4.517177727561716,6.017177727561716,5481.0,4110.75,1.5,0.75
train:60:705,train,60,B6,1,8.38973785347358,9.13973785347358,4716.0,4716.0,0.75,1.0
train:60:706,train,60,B8,1,4.6379108734822445,7.6379108734822445,3978.5,2983.875,3.0,0.75
train:60:707,train,60,B8,1,6.446804080280426,7.946804080280426,2965.5,741.375,1.5,0.25
train:60:708,train,60,B2,1,5.242102419338233,9.242102419338233,3437.0,3437.0,4.0,1.0
train:60:709,train,60,B8,1,7.08943942559043,11.089439425590431,2001.0,500.25,4.0,0.25
train:60:710,train,60,B2,1,7.661830815935853,8.161830815935854,3303.5,1651.75,0.5,0.5
train:60:711,train,60,B8,1,4.17774412880757,4.92774412880757,2819.5,1409.75,0.75,0.5
train:60:712,train,60,B6,1,7.9542568734753925,9.954256873475392,3041.0,1520.5,2.0,0.5
train:60:713,train,60,B4,1,6.032928752121311,11.032928752121311,4576.5,3432.375,5.0,0.75
train:60:714,train,60,B4,1,4.1455397141926005,8.145539714192601,1812.0,1359.0,4.0,0.75
train:60:715,train,60,B2,1,6.669596259714273,7.169596259714273,2986.0,2239.5,0.5,0.75
train:60:716,train,60,B6,1,6.137908197889752,11.137908197889752,3039.5,759.875,5.0,0.25
train:60:717,train,60,B4,1,4.6319355920032885,9.631935592003288,2936.5,2936.5,5.0,1.0
train:60:718,train,60,B8,1,9.769137023816736,11.269137023816736,2781.5,695.375,1.5,0.25
train:60:719,train,60,B4,1,4.890905408301231,8.890905408301231,2207.0,551.75,4.0,0.25
train:60:720,train,60,B8,1,9.889150432696683,10.389150432696683,3763.5,940.875,0.5,0.25
train:60:721,train,60,B8,1,5.311716715820051,11.311716715820051,6177.0,1544.25,6.0,0.25
train:60:722,train,60,B6,1,7.015458681828736,11.015458681828736,1664.0,832.0,4.0,0.5
train:60:723,train,60,B6,1,4.403868143172595,7.403868143172595,4731.0,4731.0,3.0,1.0
train:60:724,train,60,B4,1,6.4376430944698075,11.437643094469808,3066.0,2299.5,5.0,0.75
train:60:725,train,60,B2,1,6.64891246369324,7.64891246369324,3827.0,3827.0,1.0,1.0
train:60:726,train,60,B8,1,4.0268287614162945,9.026828761416294,5335.5,4001.625,5.0,0.75
train:60:727,train,60,B2,1,7.377630401648489,9.377630401648489,3791.0,1895.5,2.0,0.5
train:60:728,train,60,B8,1,4.137562544286542,9.137562544286542,3300.0,1650.0,5.0,0.5
train:60:729,train,60,B6,1,6.15559371255804,9.15559371255804,4505.0,1126.25,3.0,0.25
train:60:730,train,60,B2,1,6.594687782614433,8.594687782614432,3357.5,1678.75,2.0,0.5
train:60:731,train,60,B6,1,6.021066714153077,10.021066714153077,3571.0,2678.25,4.0,0.75
train:60:732,train,60,B2,1,9.793563654217952,11.293563654217952,5481.0,5481.0,1.5,1.0
train:60:733,train,60,B4,1,8.192297908085006,8.942297908085006,3432.0,858.0,0.75,0.25
train:60:734,train,60,B2,1,5.209784652625521,5.959784652625521,1511.0,1511.0,0.75,1.0
train:60:735,train,60,B6,1,5.4336810723635915,7.4336810723635915,2889.0,2889.0,2.0,1.0
train:60:736,train,60,B6,1,5.1915548366857935,6.1915548366857935,3178.5,1589.25,1.0,0.5
train:60:737,train,60,B4,1,8.392531196638032,9.142531196638032,3832.0,3832.0,0.75,1.0
train:60:738,train,60,B2,1,5.848060548973098,7.848060548973098,1846.0,923.0,2.0,0.5
train:60:739,train,60,B6,1,5.050141570449446,10.050141570449446,2380.0,1190.0,5.0,0.5
train:60:740,train,60,B8,1,5.413715704284403,6.413715704284403,4638.0,4638.0,1.0,1.0
train:60:741,train,60,B2,1,4.038779942846017,9.038779942846016,4053.0,3039.75,5.0,0.75
train:60:742,train,60,B2,1,4.446293473813898,9.446293473813899,4680.0,4680.0,5.0,1.0
train:60:743,train,60,B2,1,4.192139324569824,4.692139324569824,4678.0,2339.0,0.5,0.5
train:60:744,train,60,B6,1,10.62748406427105,11.12748406427105,3023.5,2267.625,0.5,0.75
train:60:745,train,60,B6,1,7.416784356832892,8.916784356832892,3737.5,1868.75,1.5,0.5
train:60:746,train,60,B8,1,7.861371510297991,8.36137151029799,2988.5,2241.375,0.5,0.75
train:60:747,train,60,B4,1,5.3780422297199415,11.378042229719942,2681.5,2011.125,6.0,0.75
train:60:748,train,60,B4,1,4.1889578097722175,5.1889578097722175,1812.0,1359.0,1.0,0.75
train:60:749,train,60,B6,1,9.935594913081651,11.435594913081651,3914.0,1957.0,1.5,0.5
train:60:750,train,60,B6,1,5.769091563257468,6.519091563257468,3936.0,1968.0,0.75,0.5
train:60:751,train,60,B2,1,7.6962226514064085,8.696222651406408,2417.5,1813.125,1.0,0.75
train:60:752,train,60,B8,1,4.094770020032645,4.844770020032645,4449.0,1112.25,0.75,0.25
train:60:753,train,60,B2,1,5.058637740256307,11.058637740256307,2899.0,1449.5,6.0,0.5
train:60:754,train,60,B4,1,5.661947341007783,6.411947341007783,2697.0,2022.75,0.75,0.75
train:60:755,train,60,B6,1,6.847805981331431,9.847805981331431,2972.0,743.0,3.0,0.25
train:60:756,train,60,B2,1,5.1594942584664985,5.6594942584664985,6334.0,1583.5,0.5,0.25
train:60:757,train,60,B4,1,9.602940401919987,10.102940401919987,5722.0,4291.5,0.5,0.75
train:60:758,train,60,B2,1,6.276087512181831,11.276087512181832,5481.0,5481.0,5.0,1.0
train:60:759,train,60,B2,1,4.799580947624829,9.799580947624829,3111.5,3111.5,5.0,1.0
train:60:760,train,60,B8,1,4.08045398193097,10.080453981930969,3641.0,1820.5,6.0,0.5
train:60:761,train,60,B2,1,5.599602357573759,10.599602357573758,3465.5,3465.5,5.0,1.0
train:60:762,train,60,B8,1,6.437553089084364,9.437553089084364,2555.0,1277.5,3.0,0.5
train:60:763,train,60,B6,1,7.192488271121945,10.192488271121945,1905.5,476.375,3.0,0.25
train:60:764,train,60,B6,1,5.122926586920451,11.122926586920451,2707.0,2030.25,6.0,0.75
train:60:765,train,60,B6,1,8.2686076234498,11.2686076234498,2954.5,2215.875,3.0,0.75
train:60:766,train,60,B4,1,10.051747089432315,11.051747089432315,3389.0,3389.0,1.0,1.0
train:60:767,train,60,B4,1,4.282792307576211,9.282792307576212,3122.0,1561.0,5.0,0.5
train:60:768,train,60,B2,1,5.98773005118457,10.98773005118457,2899.0,724.75,5.0,0.25
train:60:769,train,60,B4,1,6.4123072260236125,7.1623072260236125,2804.0,2804.0,0.75,1.0
train:60:770,train,60,B8,1,5.958843672227726,6.458843672227726,4288.0,1072.0,0.5,0.25
train:60:771,train,60,B4,1,7.3757881435152575,11.375788143515258,3426.5,3426.5,4.0,1.0
train:60:772,train,60,B8,1,4.479060261292024,6.479060261292024,5515.5,5515.5,2.0,1.0
train:60:773,train,60,B2,1,8.884063894404186,9.384063894404186,3123.5,780.875,0.5,0.25
train:60:774,train,60,B8,1,4.0007441552265215,6.0007441552265215,5398.0,1349.5,2.0,0.25
train:60:775,train,60,B2,1,8.733124177776183,10.233124177776183,2924.5,1462.25,1.5,0.5
train:60:776,train,60,B6,1,9.854571666724496,10.604571666724496,4173.5,3130.125,0.75,0.75
train:60:777,train,60,B4,1,8.721228593131347,10.221228593131347,3130.0,3130.0,1.5,1.0
train:60:778,train,60,B6,1,4.499781350332629,10.49978135033263,2889.0,722.25,6.0,0.25
train:60:779,train,60,B8,1,9.149953958910492,11.149953958910492,4450.0,4450.0,2.0,1.0
train:60:780,train,60,B6,1,7.289534870828861,8.039534870828861,4442.5,1110.625,0.75,0.25
train:60:781,train,60,B8,1,5.0296254695996705,6.0296254695996705,2615.5,653.875,1.0,0.25
train:60:782,train,60,B6,1,4.463857007481283,8.463857007481284,4293.5,2146.75,4.0,0.5
train:60:783,train,60,B6,1,4.974943472539047,5.974943472539047,3107.5,1553.75,1.0,0.5
train:60:784,train,60,B8,1,6.868519975991873,7.868519975991873,3111.0,1555.5,1.0,0.5
train:60:785,train,60,B6,1,7.0253997048471515,8.525399704847151,3057.5,1528.75,1.5,0.5
train:60:786,train,60,B6,1,8.59539004303275,9.09539004303275,3309.0,1654.5,0.5,0.5
train:60:787,train,60,B4,1,4.334530920120051,5.334530920120051,2455.5,1227.75,1.0,0.5
train:60:788,train,60,B4,1,10.98264395921724,11.48264395921724,4613.0,4613.0,0.5,1.0
train:60:789,train,60,B6,1,5.25330354302897,6.25330354302897,3737.5,2803.125,1.0,0.75
train:60:790,train,60,B2,1,6.434800535667069,7.184800535667069,3292.0,3292.0,0.75,1.0
train:60:791,train,60,B4,1,8.471192500123667,11.471192500123667,3927.5,981.875,3.0,0.25
train:60:792,train,60,B8,1,4.807612031856052,6.807612031856052,3860.0,2895.0,2.0,0.75
train:60:793,train,60,B2,1,10.06056508111768,11.06056508111768,2180.0,1635.0,1.0,0.75
train:60:794,train,60,B6,1,5.447954910681611,11.447954910681611,3737.5,1868.75,6.0,0.5
train:60:795,train,60,B4,1,6.767789260739666,7.267789260739666,4576.5,2288.25,0.5,0.5
train:60:796,train,60,B8,1,9.253427016901151,11.253427016901151,2618.5,2618.5,2.0,1.0
train:60:797,train,60,B2,1,4.541492987875679,9.541492987875678,3142.0,2356.5,5.0,0.75
train:60:798,train,60,B4,1,5.816108307713932,7.316108307713932,2822.0,2116.5,1.5,0.75
train:60:799,train,60,B6,1,5.048129797666508,9.048129797666508,2697.0,674.25,4.0,0.25
train:60:800,train,60,B4,1,10.540661132853472,11.290661132853472,1627.0,1627.0,0.75,1.0
train:60:801,train,60,B4,1,5.311872988689799,8.3118729886898,2433.5,1825.125,3.0,0.75
train:60:802,train,60,B6,1,5.0435526198648635,10.043552619864863,3039.5,1519.75,5.0,0.5
train:60:803,train,60,B2,1,7.059082080582771,7.809082080582771,2587.0,1940.25,0.75,0.75
train:60:804,train,60,B6,1,6.12551615168128,9.12551615168128,2981.5,2981.5,3.0,1.0
train:60:805,train,60,B2,1,9.923481554327617,10.423481554327617,1718.5,429.625,0.5,0.25
train:60:806,train,60,B8,1,6.826382039012296,8.326382039012296,3111.0,1555.5,1.5,0.5
train:60:807,train,60,B6,1,8.831355392498658,10.831355392498658,2707.0,676.75,2.0,0.25
train:60:808,train,60,B8,1,4.457045706649908,9.457045706649907,3860.0,2895.0,5.0,0.75
train:60:809,train,60,B2,1,4.566960809346816,8.566960809346817,2464.0,1232.0,4.0,0.5
train:60:810,train,60,B8,1,5.2221328869232515,11.222132886923252,3701.0,925.25,6.0,0.25
train:60:811,train,60,B4,1,6.1119328991463515,8.111932899146352,3257.5,3257.5,2.0,1.0
train:60:812,train,60,B2,1,10.548314702888337,11.298314702888337,3989.5,3989.5,0.75,1.0
train:60:813,train,60,B8,1,6.505466887689345,9.505466887689344,3807.0,2855.25,3.0,0.75
train:60:814,train,60,B4,1,4.938436707672948,9.938436707672949,2920.5,730.125,5.0,0.25
train:60:815,train,60,B8,1,6.140307443805947,6.890307443805947,1581.0,790.5,0.75,0.5
train:60:816,train,60,B8,1,10.646485349949558,11.146485349949558,3111.0,2333.25,0.5,0.75
train:60:817,train,60,B2,1,8.555300697107452,10.055300697107452,3551.5,887.875,1.5,0.25
train:60:818,train,60,B8,1,5.993753826741939,9.993753826741939,2951.5,737.875,4.0,0.25
train:60:819,train,60,B6,1,7.485956598116433,8.485956598116433,2845.0,711.25,1.0,0.25
train:60:820,train,60,B8,1,5.505697487499542,6.255697487499542,5319.5,5319.5,0.75,1.0
train:60:821,train,60,B2,1,4.746926496283301,6.746926496283301,2011.5,1508.625,2.0,0.75
train:60:822,train,60,B4,1,7.818335322591639,8.31833532259164,2589.5,1942.125,0.5,0.75
train:60:823,train,60,B8,1,6.499471827427214,7.499471827427214,3051.5,1525.75,1.0,0.5
train:60:824,train,60,B4,1,4.098593331953516,10.098593331953516,2743.0,2743.0,6.0,1.0
train:60:825,train,60,B8,1,8.478145271978246,9.478145271978246,3195.0,3195.0,1.0,1.0
train:60:826,train,60,B2,1,5.548371714932922,8.548371714932923,3317.5,2488.125,3.0,0.75
train:60:827,train,60,B2,1,4.403089912226025,9.403089912226026,2868.0,2868.0,5.0,1.0
train:60:828,train,60,B8,1,4.169048252505278,10.169048252505277,1581.0,1581.0,6.0,1.0
train:60:829,train,60,B2,1,7.891964114795599,8.391964114795599,2986.0,746.5,0.5,0.25
train:60:830,train,60,B4,1,5.041814432622079,10.041814432622079,4039.0,3029.25,5.0,0.75
train:60:831,train,60,B8,1,8.57151796496981,10.57151796496981,3544.0,3544.0,2.0,1.0
train:60:832,train,60,B8,1,6.6774068876519035,7.1774068876519035,3367.0,841.75,0.5,0.25
train:60:833,train,60,B4,1,10.001449824049217,10.751449824049217,4576.5,4576.5,0.75,1.0
train:60:834,train,60,B6,1,5.826276050130485,10.826276050130485,2911.5,2911.5,5.0,1.0
train:60:835,train,60,B2,1,5.4510890684270015,7.4510890684270015,4070.0,3052.5,2.0,0.75
train:60:836,train,60,B4,1,5.697560709738369,8.697560709738369,2763.5,2763.5,3.0,1.0
train:60:837,train,60,B2,1,7.128988792489077,10.128988792489077,4277.0,3207.75,3.0,0.75
train:60:838,train,60,B2,1,7.458266147860863,10.458266147860863,4680.0,2340.0,3.0,0.5
train:60:839,train,60,B6,1,4.340303131175397,5.340303131175397,1552.0,388.0,1.0,0.25
train:60:840,train,60,B8,1,4.721526295601952,5.221526295601952,5101.0,1275.25,0.5,0.25
train:60:841,train,60,B2,1,4.220980262382151,10.22098026238215,3173.5,1586.75,6.0,0.5
train:60:842,train,60,B6,1,9.07491055061496,10.57491055061496,1654.0,827.0,1.5,0.5
train:60:843,train,60,B8,1,8.343807728301712,9.843807728301712,2969.0,2969.0,1.5,1.0
train:60:844,train,60,B2,1,10.505713618211978,11.255713618211978,2458.0,2458.0,0.75,1.0
train:60:845,train,60,B6,1,6.483333005393284,7.983333005393284,3027.0,1513.5,1.5,0.5
train:60:846,train,60,B4,1,4.949190405037708,10.949190405037708,3961.0,3961.0,6.0,1.0
train:60:847,train,60,B2,1,7.271787711801272,10.271787711801272,3577.0,2682.75,3.0,0.75
train:60:848,train,60,B4,1,7.274671209576667,8.024671209576667,3663.0,3663.0,0.75,1.0
train:60:849,train,60,B6,1,4.764905648613294,8.764905648613293,2786.5,2786.5,4.0,1.0
train:60:850,train,60,B6,0,4.335808608307,,2607.5,0.0,,0.0
train:60:851,train,60,B2,0,7.455033695651169,,5241.5,0.0,,0.0
train:60:852,train,60,B8,0,6.996122323979546,,4106.0,0.0,,0.0
train:60:853,train,60,B8,0,7.728060277150096,,2858.5,0.0,,0.0
train:60:854,train,60,B6,0,11.134028957678686,,3704.5,0.0,,0.0
train:60:855,train,60,B2,0,6.536134532370725,,1776.0,0.0,,0.0
train:60:856,train,60,B2,0,9.9738091151596,,5481.0,0.0,,0.0
train:60:857,train,60,B2,0,6.413567690335918,,3700.0,0.0,,0.0
train:60:858,train,60,B2,0,4.368775727624367,,2932.0,0.0,,0.0
train:60:859,train,60,B8,0,6.016098138281183,,3470.5,0.0,,0.0
train:60:860,train,60,B8,0,7.964498588420042,,3367.0,0.0,,0.0
train:60:861,train,60,B2,0,7.649566429485686,,4070.0,0.0,,0.0
train:60:862,train,60,B2,0,4.7110294309622756,,6430.0,0.0,,0.0
train:60:863,train,60,B8,0,6.978384331327243,,2618.5,0.0,,0.0
train:60:864,train,60,B4,0,10.099986294269382,,2923.5,0.0,,0.0
train:60:865,train,60,B8,0,7.792673472359988,,3641.0,0.0,,0.0
train:60:866,train,60,B6,0,11.325798780645414,,4293.5,0.0,,0.0
train:60:867,train,60,B8,0,10.293382721027463,,2280.0,0.0,,0.0
train:60:868,train,60,B8,0,4.464639498478348,,2316.0,0.0,,0.0
train:60:869,train,60,B2,0,11.27577508754774,,3249.5,0.0,,0.0
train:60:870,train,60,B8,0,9.339393524957298,,3367.0,0.0,,0.0
train:60:871,train,60,B4,0,10.529185297610306,,2450.5,0.0,,0.0
train:60:872,train,60,B6,0,9.678999707973109,,4731.0,0.0,,0.0
train:60:873,train,60,B2,0,6.2126914844828,,3037.0,0.0,,0.0
train:60:874,train,60,B8,0,7.028415511152564,,2929.0,0.0,,0.0
train:60:875,train,60,B4,0,6.796579445310531,,2776.5,0.0,,0.0
train:60:876,train,60,B2,0,8.822267404079701,,4463.5,0.0,,0.0
train:60:877,train,60,B4,0,4.849591128826036,,3286.5,0.0,,0.0
train:60:878,train,60,B4,0,9.48857062110369,,1568.0,0.0,,0.0
train:60:879,train,60,B8,0,6.912893349131537,,5536.0,0.0,,0.0
train:60:880,train,60,B8,0,7.972267021069178,,2858.5,0.0,,0.0
train:60:881,train,60,B2,0,9.766702449758878,,3292.0,0.0,,0.0
train:60:882,train,60,B8,0,7.378392552119757,,3077.5,0.0,,0.0
train:60:883,train,60,B2,0,8.034512136042892,,2943.5,0.0,,0.0
train:60:884,train,60,B2,0,11.415323859498155,,1976.5,0.0,,0.0
train:60:885,train,60,B4,0,9.005797462481805,,2967.0,0.0,,0.0
train:60:886,train,60,B8,0,6.430138239758761,,2946.5,0.0,,0.0
train:60:887,train,60,B4,0,11.358027563227736,,4461.5,0.0,,0.0
train:60:888,train,60,B8,0,8.47467816996294,,3112.5,0.0,,0.0
train:60:889,train,60,B2,0,4.497726406948886,,3341.0,0.0,,0.0
train:60:890,train,60,B2,0,9.988990482477451,,9355.5,0.0,,0.0
train:60:891,train,60,B8,0,8.65733291487981,,3952.0,0.0,,0.0
train:60:892,train,60,B6,0,9.606174251051648,,1997.5,0.0,,0.0
train:60:893,train,60,B8,0,6.966602050762913,,5649.0,0.0,,0.0
train:60:894,train,60,B4,0,6.164009223492676,,4088.5,0.0,,0.0
train:60:895,train,60,B8,0,7.22608085907709,,6177.0,0.0,,0.0
train:60:896,train,60,B2,0,9.90425398422606,,2246.5,0.0,,0.0
train:60:897,train,60,B6,0,8.304292273012587,,3678.0,0.0,,0.0
train:60:898,train,60,B2,0,9.29072701080053,,2067.0,0.0,,0.0
train:60:899,train,60,B4,0,4.599020111036504,,2822.0,0.0,,0.0
train:60:900,train,60,B2,0,5.214131175856439,,3523.5,0.0,,0.0
train:60:901,train,60,B6,0,7.222992767042273,,3334.0,0.0,,0.0
train:60:902,train,60,B8,0,6.7148013517318486,,4312.5,0.0,,0.0
train:60:903,train,60,B2,0,5.759755837381365,,3017.0,0.0,,0.0
train:60:904,train,60,B4,0,8.467888482486071,,4966.0,0.0,,0.0
train:60:905,train,60,B6,0,4.6405712158687,,3638.0,0.0,,0.0
train:60:906,train,60,B6,0,8.942316044418073,,2631.0,0.0,,0.0
train:60:907,train,60,B4,0,4.896951781288276,,1539.5,0.0,,0.0
train:60:908,train,60,B6,0,10.595015202856956,,1874.0,0.0,,0.0
train:60:909,train,60,B8,0,6.269881738861757,,4638.0,0.0,,0.0
train:60:910,train,60,B4,0,4.18847861263009,,2743.0,0.0,,0.0
train:60:911,train,60,B4,0,4.383221395273612,,3695.0,0.0,,0.0
train:60:912,train,60,B6,0,10.039921054660008,,2670.5,0.0,,0.0
train:60:913,train,60,B6,0,7.123573296766798,,2232.5,0.0,,0.0
train:60:914,train,60,B8,0,5.6438205812302575,,3051.5,0.0,,0.0
train:60:915,train,60,B4,0,11.128002722398447,,2623.0,0.0,,0.0
train:60:916,train,60,B4,0,8.375871025107513,,2776.5,0.0,,0.0
train:60:917,train,60,B4,0,9.967320804518767,,2662.5,0.0,,0.0
train:60:918,train,60,B2,0,10.636304949188705,,4322.0,0.0,,0.0
train:60:919,train,60,B8,0,9.777957436444758,,3701.0,0.0,,0.0
train:60:920,train,60,B6,0,7.155028395567921,,2845.0,0.0,,0.0
train:60:921,train,60,B6,0,9.13035114942631,,3836.0,0.0,,0.0
train:60:922,train,60,B2,0,8.440004389646486,,3012.0,0.0,,0.0
train:60:923,train,60,B2,0,7.515963825538657,,3784.5,0.0,,0.0
train:60:924,train,60,B8,0,8.482661343327887,,3932.0,0.0,,0.0
train:60:925,train,60,B4,0,10.088325748253784,,2451.5,0.0,,0.0
train:60:926,train,60,B4,0,4.317320729131303,,2455.5,0.0,,0.0
train:60:927,train,60,B2,0,6.277188575036627,,2464.0,0.0,,0.0
train:60:928,train,60,B2,0,11.183952544493966,,2590.0,0.0,,0.0
train:60:929,train,60,B6,0,9.311235177637139,,3027.0,0.0,,0.0
train:60:930,train,60,B6,0,11.337845552736377,,3833.5,0.0,,0.0
train:60:931,train,60,B2,0,4.338236701566797,,1976.5,0.0,,0.0
train:60:932,train,60,B4,0,6.2687853498593284,,3286.5,0.0,,0.0
train:60:933,train,60,B8,0,10.573317802250708,,2555.0,0.0,,0.0
train:60:934,train,60,B4,0,10.103476988066896,,2557.5,0.0,,0.0
train:60:935,train,60,B2,0,8.104441536037164,,6824.5,0.0,,0.0
train:60:936,train,60,B2,0,10.833991540200426,,4277.0,0.0,,0.0
train:60:937,train,60,B2,0,5.4169271285864244,,4678.0,0.0,,0.0
train:60:938,train,60,B8,0,8.012294324315498,,2230.5,0.0,,0.0
train:60:939,train,60,B2,0,4.8230547433726,,2587.0,0.0,,0.0
train:60:940,train,60,B4,0,9.26139510319565,,3067.0,0.0,,0.0
train:60:941,train,60,B6,0,9.254633132355773,,3875.0,0.0,,0.0
train:60:942,train,60,B8,0,5.464910489806603,,4166.0,0.0,,0.0
train:60:943,train,60,B8,0,8.276538120849427,,3701.0,0.0,,0.0
train:60:944,train,60,B2,0,5.909057538879113,,2485.0,0.0,,0.0
train:60:945,train,60,B6,0,8.98592552228046,,3620.0,0.0,,0.0
train:60:946,train,60,B8,0,8.835806912935464,,4060.5,0.0,,0.0
train:60:947,train,60,B6,0,4.238610837240606,,3070.0,0.0,,0.0
train:60:948,train,60,B6,0,9.042276112736378,,4860.0,0.0,,0.0
train:60:949,train,60,B2,0,5.006509031010432,,2605.0,0.0,,0.0
train:60:950,train,60,B2,0,6.473754976127121,,5702.5,0.0,,0.0
train:60:951,train,60,B6,0,6.624384716289878,,2189.0,0.0,,0.0
train:60:952,train,60,B4,0,7.140623466923808,,2875.0,0.0,,0.0
train:60:953,train,60,B4,0,10.6005318273805,,3348.5,0.0,,0.0
train:60:954,train,60,B2,0,11.414677847481755,,3615.0,0.0,,0.0
train:60:955,train,60,B6,0,6.368933730269912,,3982.5,0.0,,0.0
train:60:956,train,60,B2,0,6.2600773032583685,,1718.5,0.0,,0.0
train:60:957,train,60,B4,0,5.66119680032906,,2743.0,0.0,,0.0
train:60:958,train,60,B6,0,4.205104003839151,,2911.5,0.0,,0.0
train:60:959,train,60,B2,0,11.476808641358154,,7418.0,0.0,,0.0
train:60:960,train,60,B2,0,4.445739227851486,,8228.0,0.0,,0.0
train:60:961,train,60,B4,0,5.840473318956031,,2822.0,0.0,,0.0
train:60:962,train,60,B4,0,5.681249614329154,,3257.5,0.0,,0.0
train:60:963,train,60,B8,0,6.449140021418745,,4849.5,0.0,,0.0
train:60:964,train,60,B8,0,8.551269099828474,,1716.5,0.0,,0.0
train:60:965,train,60,B4,0,9.124126905249984,,4461.5,0.0,,0.0
train:60:966,train,60,B2,0,10.890299289974186,,1670.0,0.0,,0.0
train:60:967,train,60,B6,0,11.037735042311315,,3319.0,0.0,,0.0
train:60:968,train,60,B8,0,10.60849209578398,,3701.0,0.0,,0.0
train:60:969,train,60,B6,0,9.295346512172063,,2787.5,0.0,,0.0
train:60:970,train,60,B2,0,7.274974428046021,,1776.0,0.0,,0.0
train:60:971,train,60,B6,0,7.950428045971288,,2670.5,0.0,,0.0
train:60:972,train,60,B6,0,6.858759652027036,,3097.5,0.0,,0.0
train:60:973,train,60,B6,0,8.209504896109117,,3319.0,0.0,,0.0
train:60:974,train,60,B8,0,10.34384287554305,,3026.5,0.0,,0.0
train:60:975,train,60,B6,0,10.229762967126135,,4716.0,0.0,,0.0
train:60:976,train,60,B4,0,4.670569204082448,,2822.0,0.0,,0.0
train:60:977,train,60,B8,0,7.579452682463842,,5561.5,0.0,,0.0
train:60:978,train,60,B8,0,8.759804528131617,,5536.0,0.0,,0.0
train:60:979,train,60,B4,0,7.7824728661203375,,4044.0,0.0,,0.0
train:60:980,train,60,B2,0,7.36162606042128,,2868.0,0.0,,0.0
train:60:981,train,60,B4,0,10.303918857510492,,3966.0,0.0,,0.0
train:60:982,train,60,B6,0,8.803500633336744,,2889.0,0.0,,0.0
train:60:983,train,60,B2,0,5.739634606986037,,4245.0,0.0,,0.0
train:60:984,train,60,B4,0,10.16545100562503,,1568.0,0.0,,0.0
train:60:985,train,60,B8,0,10.324236949673836,,5150.0,0.0,,0.0
train:60:986,train,60,B6,0,9.008517234135233,,4442.5,0.0,,0.0
train:60:987,train,60,B8,0,5.007286823038571,,2969.0,0.0,,0.0
train:60:988,train,60,B2,0,8.644294430097256,,3871.5,0.0,,0.0
train:60:989,train,60,B6,0,5.319535343439546,,1905.5,0.0,,0.0
train:60:990,train,60,B8,0,8.531172146605439,,2230.5,0.0,,0.0
train:60:991,train,60,B6,0,7.846030238066636,,1552.0,0.0,,0.0
train:60:992,train,60,B6,0,7.0486782514776065,,1552.0,0.0,,0.0
train:60:993,train,60,B8,0,5.528246321857374,,2918.5,0.0,,0.0
train:60:994,train,60,B6,0,11.468495512680398,,3074.0,0.0,,0.0
train:60:995,train,60,B2,0,7.8735442752196825,,2842.5,0.0,,0.0
train:60:996,train,60,B6,0,5.225900405972766,,2859.0,0.0,,0.0
train:60:997,train,60,B2,0,4.1141060616969325,,3617.5,0.0,,0.0
train:60:998,train,60,B4,0,4.8360828878320135,,2557.5,0.0,,0.0
train:60:999,train,60,B8,0,9.622277024940963,,3113.5,0.0,,0.0
train:60:1000,train,60,B2,0,9.844947889188415,,3173.5,0.0,,0.0
train:60:1001,train,60,B8,0,6.878896150801247,,1757.5,0.0,,0.0
train:60:1002,train,60,B2,0,5.827295187594231,,2986.0,0.0,,0.0
train:60:1003,train,60,B6,0,7.338589820680324,,3107.5,0.0,,0.0
train:60:1004,train,60,B8,0,7.714580998616958,,2965.5,0.0,,0.0
train:60:1005,train,60,B4,0,4.389215056913251,,2338.5,0.0,,0.0
train:60:1006,train,60,B8,0,9.871970835488762,,3583.5,0.0,,0.0
train:60:1007,train,60,B4,0,9.893993876265316,,2776.5,0.0,,0.0
train:60:1008,train,60,B6,0,9.824347079685964,,3914.0,0.0,,0.0
train:60:1009,train,60,B2,0,6.363099029283224,,2924.5,0.0,,0.0
train:60:1010,train,60,B8,0,8.389022975369823,,3367.0,0.0,,0.0
train:60:1011,train,60,B4,0,4.151070417142234,,2546.0,0.0,,0.0
train:60:1012,train,60,B8,0,10.483012248055967,,2929.0,0.0,,0.0
train:60:1013,train,60,B4,0,10.535510766885412,,2249.5,0.0,,0.0
train:60:1014,train,60,B2,0,7.288860399233459,,1670.0,0.0,,0.0
train:60:1015,train,60,B4,0,4.831706999921609,,3907.0,0.0,,0.0
train:60:1016,train,60,B8,0,6.926662714303358,,1757.5,0.0,,0.0
train:60:1017,train,60,B2,0,10.885282516074145,,3123.5,0.0,,0.0
train:60:1018,train,60,B6,0,6.54262802247189,,2104.5,0.0,,0.0
train:60:1019,train,60,B2,0,6.714410049499833,,2458.0,0.0,,0.0
train:61:1020,train,61,B8,1,4.6304665713398565,10.630466571339856,3625.5,3625.5,6.0,1.0
train:61:1021,train,61,B4,1,5.165189332331632,6.665189332331632,2775.0,2775.0,1.5,1.0
train:61:1022,train,61,B8,1,5.588794078877741,10.58879407887774,3352.5,1676.25,5.0,0.5
train:61:1023,train,61,B2,1,5.348526127344473,6.848526127344473,3094.0,3094.0,1.5,1.0
train:61:1024,train,61,B6,1,4.257703597777713,5.257703597777713,2514.0,1257.0,1.0,0.5
train:61:1025,train,61,B4,1,5.1072615276419,10.1072615276419,3409.0,3409.0,5.0,1.0
train:61:1026,train,61,B8,1,8.12275028391392,8.62275028391392,3846.5,3846.5,0.5,1.0
train:61:1027,train,61,B6,1,6.056211834717805,11.056211834717805,4826.5,4826.5,5.0,1.0
train:61:1028,train,61,B4,1,6.3833468973033165,6.8833468973033165,2832.0,1416.0,0.5,0.5
train:61:1029,train,61,B6,1,4.518769320951437,8.518769320951437,2232.5,2232.5,4.0,1.0
train:61:1030,train,61,B6,1,6.322899384771729,8.322899384771729,2269.0,1134.5,2.0,0.5
train:61:1031,train,61,B4,1,9.869624285426516,10.369624285426516,2058.0,1543.5,0.5,0.75
train:61:1032,train,61,B8,1,5.5343752039131715,9.534375203913172,2225.0,1112.5,4.0,0.5
train:61:1033,train,61,B8,1,5.309841388779732,11.309841388779732,4242.5,2121.25,6.0,0.5
train:61:1034,train,61,B2,1,4.540353343914231,8.54035334391423,5103.0,1275.75,4.0,0.25
train:61:1035,train,61,B4,1,4.748987546381936,9.748987546381937,3358.0,839.5,5.0,0.25
train:61:1036,train,61,B2,1,6.4651786490756535,9.465178649075654,4641.5,3481.125,3.0,0.75
train:61:1037,train,61,B2,1,9.828419528764284,10.828419528764284,3184.5,2388.375,1.0,0.75
train:61:1038,train,61,B2,1,7.603415645200934,9.103415645200933,2419.0,2419.0,1.5,1.0
train:61:1039,train,61,B6,1,4.469706811630513,10.469706811630513,1910.0,477.5,6.0,0.25
train:61:1040,train,61,B2,1,5.0036299506442194,7.0036299506442194,3378.0,1689.0,2.0,0.5
train:61:1041,train,61,B6,1,7.162713934889869,7.662713934889869,3470.5,2602.875,0.5,0.75
train:61:1042,train,61,B6,1,6.459481699531523,9.459481699531523,2727.5,1363.75,3.0,0.5
train:61:1043,train,61,B2,1,8.854725009017294,9.854725009017294,3047.5,2285.625,1.0,0.75
train:61:1044,train,61,B4,1,4.0017870690664274,10.001787069066427,4025.5,2012.75,6.0,0.5
train:61:1045,train,61,B8,1,5.155409834618158,7.155409834618158,3419.0,1709.5,2.0,0.5
train:61:1046,train,61,B4,1,9.645423753162488,10.645423753162488,4060.0,1015.0,1.0,0.25
train:61:1047,train,61,B8,1,7.582982823590739,9.08298282359074,2079.5,1039.75,1.5,0.5
train:61:1048,train,61,B4,1,9.465744489856778,11.465744489856778,2506.5,626.625,2.0,0.25
train:61:1049,train,61,B2,1,9.569833206661457,11.069833206661457,5396.0,1349.0,1.5,0.25
train:61:1050,train,61,B2,1,6.596707035032219,10.59670703503222,4658.5,1164.625,4.0,0.25
train:61:1051,train,61,B4,1,6.344118357689133,11.344118357689133,4439.5,1109.875,5.0,0.25
train:61:1052,train,61,B6,1,9.219272693015538,11.219272693015538,2232.5,558.125,2.0,0.25
train:61:1053,train,61,B2,1,4.49368107735427,10.493681077354271,3174.0,793.5,6.0,0.25
train:61:1054,train,61,B4,1,9.10666292368134,10.60666292368134,4913.5,4913.5,1.5,1.0
train:61:1055,train,61,B6,1,5.441806169899464,9.441806169899465,2125.5,531.375,4.0,0.25
train:61:1056,train,61,B2,1,6.360019933607675,10.360019933607674,3057.0,1528.5,4.0,0.5
train:61:1057,train,61,B4,1,6.742398402121925,9.742398402121925,2276.5,1138.25,3.0,0.5
train:61:1058,train,61,B6,1,5.0096295980367875,11.009629598036788,3025.0,3025.0,6.0,1.0
train:61:1059,train,61,B8,1,6.373347896516718,7.123347896516718,4104.5,1026.125,0.75,0.25
train:61:1060,train,61,B2,1,4.619350061447376,8.619350061447376,2461.0,615.25,4.0,0.25
train:61:1061,train,61,B4,1,4.385148359261479,10.385148359261478,1887.0,1415.25,6.0,0.75
train:61:1062,train,61,B4,1,5.5679575715997185,9.567957571599718,2283.0,2283.0,4.0,1.0
train:61:1063,train,61,B2,1,6.479092022349817,7.979092022349817,4289.5,1072.375,1.5,0.25
train:61:1064,train,61,B6,1,4.257800643925897,10.257800643925897,2735.5,2051.625,6.0,0.75
train:61:1065,train,61,B6,1,4.180304326759495,4.930304326759495,1741.5,1306.125,0.75,0.75
train:61:1066,train,61,B8,1,9.005925245642402,10.005925245642402,3057.0,1528.5,1.0,0.5
train:61:1067,train,61,B8,1,7.323199689341755,10.323199689341756,3412.0,2559.0,3.0,0.75
train:61:1068,train,61,B6,1,6.361131220335314,9.361131220335313,2442.5,1221.25,3.0,0.5
train:61:1069,train,61,B2,1,5.59462590965788,9.59462590965788,4475.0,4475.0,4.0,1.0
train:61:1070,train,61,B6,1,9.648491099710027,11.148491099710027,3694.0,3694.0,1.5,1.0
train:61:1071,train,61,B2,1,9.546519759639638,10.296519759639638,4528.0,2264.0,0.75,0.5
train:61:1072,train,61,B4,1,6.085240567612696,11.085240567612697,2172.5,2172.5,5.0,1.0
train:61:1073,train,61,B6,1,7.196892551971398,10.196892551971398,3957.5,989.375,3.0,0.25
train:61:1074,train,61,B2,1,4.4632438771407426,8.463243877140743,3728.5,2796.375,4.0,0.75
train:61:1075,train,61,B2,1,5.08806120090675,5.83806120090675,5396.0,1349.0,0.75,0.25
train:61:1076,train,61,B4,1,4.497145951988934,8.497145951988934,2832.0,1416.0,4.0,0.5
train:61:1077,train,61,B2,1,8.987529473015258,9.737529473015258,6658.0,1664.5,0.75,0.25
train:61:1078,train,61,B6,1,6.337557886367,9.337557886367,2961.0,2220.75,3.0,0.75
train:61:1079,train,61,B2,1,10.347314800464385,11.347314800464385,3984.5,1992.25,1.0,0.5
train:61:1080,train,61,B8,1,9.583169735178782,10.583169735178782,2613.0,1959.75,1.0,0.75
train:61:1081,train,61,B6,1,4.808072699802793,10.808072699802793,3224.0,1612.0,6.0,0.5
train:61:1082,train,61,B4,1,7.49879501434614,8.99879501434614,3016.0,2262.0,1.5,0.75
train:61:1083,train,61,B8,1,9.067019723387503,9.817019723387503,2587.5,1293.75,0.75,0.5
train:61:1084,train,61,B2,1,5.038679868394956,10.038679868394956,1534.5,1150.875,5.0,0.75
train:61:1085,train,61,B4,1,6.1362085592763,10.1362085592763,4610.0,2305.0,4.0,0.5
train:61:1086,train,61,B4,1,6.0715469933183694,9.07154699331837,2864.5,716.125,3.0,0.25
train:61:1087,train,61,B2,1,6.938700157759088,7.688700157759088,3426.5,2569.875,0.75,0.75
train:61:1088,train,61,B6,1,10.270488097220541,10.770488097220541,3230.0,3230.0,0.5,1.0
train:61:1089,train,61,B8,1,9.478578366244331,10.478578366244331,1565.0,1565.0,1.0,1.0
train:61:1090,train,61,B4,1,9.976385824685483,10.726385824685483,3926.5,981.625,0.75,0.25
train:61:1091,train,61,B4,1,4.59414455318128,10.59414455318128,2558.0,639.5,6.0,0.25
train:61:1092,train,61,B8,1,7.990401859850209,8.99040185985021,3419.0,2564.25,1.0,0.75
train:61:1093,train,61,B4,1,8.062042465774912,9.062042465774912,2528.0,632.0,1.0,0.25
train:61:1094,train,61,B2,1,4.275188855411525,4.775188855411525,4006.0,1001.5,0.5,0.25
train:61:1095,train,61,B8,1,7.513767843503506,9.013767843503505,3608.5,2706.375,1.5,0.75
train:61:1096,train,61,B6,1,7.020366388334737,7.770366388334737,4472.5,4472.5,0.75,1.0
train:61:1097,train,61,B6,1,5.826535714256393,8.826535714256394,1704.0,1704.0,3.0,1.0
train:61:1098,train,61,B2,1,4.8325050029769585,10.832505002976959,4064.0,2032.0,6.0,0.5
train:61:1099,train,61,B4,1,6.757119743402807,10.757119743402807,3107.5,1553.75,4.0,0.5
train:61:1100,train,61,B2,1,4.61143398591717,9.61143398591717,3038.0,759.5,5.0,0.25
train:61:1101,train,61,B4,1,8.168896797310651,8.918896797310651,2468.5,617.125,0.75,0.25
train:61:1102,train,61,B8,1,9.401415242183758,10.401415242183758,2219.0,2219.0,1.0,1.0
train:61:1103,train,61,B6,1,5.81716196909804,6.81716196909804,2732.0,683.0,1.0,0.25
train:61:1104,train,61,B6,1,6.084846729841988,8.084846729841988,3101.0,1550.5,2.0,0.5
train:61:1105,train,61,B2,1,4.800956860060236,7.800956860060236,4129.0,1032.25,3.0,0.25
train:61:1106,train,61,B2,1,7.840331406680066,9.840331406680065,3174.0,793.5,2.0,0.25
train:61:1107,train,61,B6,1,8.978809253321927,10.978809253321927,4989.0,2494.5,2.0,0.5
train:61:1108,train,61,B6,1,5.512654739463834,6.012654739463834,2600.5,650.125,0.5,0.25
train:61:1109,train,61,B2,1,4.846710235899911,7.846710235899911,3292.0,3292.0,3.0,1.0
train:61:1110,train,61,B6,1,4.051076770334082,7.051076770334082,2864.0,1432.0,3.0,0.5
train:61:1111,train,61,B8,1,7.245022577683996,8.245022577683997,4787.0,4787.0,1.0,1.0
train:61:1112,train,61,B4,1,10.022812275374761,10.522812275374761,3303.0,2477.25,0.5,0.75
train:61:1113,train,61,B2,1,10.107918371598302,10.607918371598302,3553.0,1776.5,0.5,0.5
train:61:1114,train,61,B8,1,9.934947716105688,10.934947716105688,6734.0,3367.0,1.0,0.5
train:61:1115,train,61,B2,1,9.0234503843708,10.5234503843708,2523.0,1261.5,1.5,0.5
train:61:1116,train,61,B8,1,6.968665622984171,9.96866562298417,2597.0,1947.75,3.0,0.75
train:61:1117,train,61,B8,1,10.528731511967543,11.278731511967543,2205.5,1654.125,0.75,0.75
train:61:1118,train,61,B6,1,5.747502756507551,10.74750275650755,4801.0,4801.0,5.0,1.0
train:61:1119,train,61,B6,1,7.513897306313881,9.013897306313881,2961.0,1480.5,1.5,0.5
train:61:1120,train,61,B4,1,5.063454575141053,6.063454575141053,4854.0,3640.5,1.0,0.75
train:61:1121,train,61,B8,1,7.367950136422992,9.36795013642299,2585.5,2585.5,2.0,1.0
train:61:1122,train,61,B4,1,7.9213639262238145,8.921363926223815,3996.5,999.125,1.0,0.25
train:61:1123,train,61,B4,1,7.086659525617547,8.086659525617547,2832.0,1416.0,1.0,0.5
train:61:1124,train,61,B8,1,8.791955266941063,9.291955266941063,4104.5,1026.125,0.5,0.25
train:61:1125,train,61,B6,1,4.663091047573701,5.663091047573701,4055.0,4055.0,1.0,1.0
train:61:1126,train,61,B2,1,5.475947960250083,10.475947960250082,4432.0,3324.0,5.0,0.75
train:61:1127,train,61,B4,1,9.34760376212999,10.84760376212999,3201.5,1600.75,1.5,0.5
train:61:1128,train,61,B6,1,6.735934240998354,8.235934240998354,4357.0,4357.0,1.5,1.0
train:61:1129,train,61,B2,1,4.810599381238088,10.810599381238088,2271.5,2271.5,6.0,1.0
train:61:1130,train,61,B2,1,4.992688023405377,10.992688023405378,3503.5,875.875,6.0,0.25
train:61:1131,train,61,B2,1,5.930783720875106,7.930783720875106,4289.5,1072.375,2.0,0.25
train:61:1132,train,61,B2,1,6.529544423104787,9.529544423104788,4064.0,1016.0,3.0,0.25
train:61:1133,train,61,B2,1,4.898676334625384,6.898676334625384,3184.5,796.125,2.0,0.25
train:61:1134,train,61,B8,1,4.532840671815813,5.032840671815813,2251.5,1125.75,0.5,0.5
train:61:1135,train,61,B2,1,4.512305658112721,10.512305658112721,2111.5,2111.5,6.0,1.0
train:61:1136,train,61,B6,1,4.06468674597606,10.06468674597606,2091.0,1045.5,6.0,0.5
train:61:1137,train,61,B6,1,4.843180129216722,9.843180129216723,2546.0,1273.0,5.0,0.5
train:61:1138,train,61,B6,1,4.290581978771142,10.290581978771142,1652.0,413.0,6.0,0.25
train:61:1139,train,61,B4,1,4.070589206297365,5.070589206297365,2041.5,2041.5,1.0,1.0
train:61:1140,train,61,B6,1,6.741976290138258,7.491976290138258,2553.0,1276.5,0.75,0.5
train:61:1141,train,61,B6,1,5.667283670569222,6.667283670569222,1674.0,418.5,1.0,0.25
train:61:1142,train,61,B2,1,9.326055257292808,11.326055257292808,3725.5,931.375,2.0,0.25
train:61:1143,train,61,B6,1,6.766935826460768,8.766935826460768,2077.5,1558.125,2.0,0.75
train:61:1144,train,61,B8,1,6.0891372254727845,7.5891372254727845,3242.5,810.625,1.5,0.25
train:61:1145,train,61,B2,1,6.638513854183596,9.638513854183596,1804.5,1353.375,3.0,0.75
train:61:1146,train,61,B6,1,9.9541910410374,10.9541910410374,2763.5,2763.5,1.0,1.0
train:61:1147,train,61,B6,1,4.290606122082916,10.290606122082917,2232.5,558.125,6.0,0.25
train:61:1148,train,61,B8,1,9.536091426776906,10.036091426776906,3028.0,1514.0,0.5,0.5
train:61:1149,train,61,B4,1,9.653081750201682,11.153081750201682,2412.0,603.0,1.5,0.25
train:61:1150,train,61,B4,1,8.147814390159333,9.647814390159333,3413.0,1706.5,1.5,0.5
train:61:1151,train,61,B6,1,4.030794386359714,10.030794386359714,3449.5,862.375,6.0,0.25
train:61:1152,train,61,B4,1,4.283000904848393,4.783000904848393,4025.5,4025.5,0.5,1.0
train:61:1153,train,61,B4,1,10.818813716635507,11.318813716635507,1703.0,1277.25,0.5,0.75
train:61:1154,train,61,B8,1,5.266182809356285,9.266182809356284,3412.0,3412.0,4.0,1.0
train:61:1155,train,61,B6,1,9.477691829276411,9.977691829276411,1741.5,435.375,0.5,0.25
train:61:1156,train,61,B2,1,8.356003087400337,9.356003087400337,2946.5,2209.875,1.0,0.75
train:61:1157,train,61,B8,1,8.900596934524838,9.650596934524838,3419.0,2564.25,0.75,0.75
train:61:1158,train,61,B8,1,7.447507610068486,8.447507610068486,4725.5,3544.125,1.0,0.75
train:61:1159,train,61,B2,1,7.560521119582747,10.560521119582747,4949.5,4949.5,3.0,1.0
train:61:1160,train,61,B6,1,4.573758976422612,10.573758976422612,2046.0,1023.0,6.0,0.5
train:61:1161,train,61,B6,1,6.304065762293643,7.304065762293643,2100.5,525.125,1.0,0.25
train:61:1162,train,61,B8,1,5.027985207902994,8.027985207902994,3028.0,3028.0,3.0,1.0
train:61:1163,train,61,B2,1,4.6178963312623225,5.3678963312623225,2388.5,1791.375,0.75,0.75
train:61:1164,train,61,B6,1,5.2071088164883435,8.207108816488343,2727.5,1363.75,3.0,0.5
train:61:1165,train,61,B4,1,6.000669978160898,11.000669978160898,3238.5,2428.875,5.0,0.75
train:61:1166,train,61,B2,1,6.25222783603305,10.25222783603305,1804.5,902.25,4.0,0.5
train:61:1167,train,61,B2,1,6.285015135965894,11.285015135965894,3530.0,3530.0,5.0,1.0
train:61:1168,train,61,B8,1,7.1547665341336515,7.6547665341336515,2230.5,1115.25,0.5,0.5
train:61:1169,train,61,B6,1,4.487222785703415,10.487222785703416,2961.0,740.25,6.0,0.25
train:61:1170,train,61,B4,1,6.709935016549473,10.709935016549473,2160.5,1620.375,4.0,0.75
train:61:1171,train,61,B4,1,6.246476577103444,8.246476577103444,5147.5,2573.75,2.0,0.5
train:61:1172,train,61,B4,1,9.564245341263348,10.564245341263348,3157.0,3157.0,1.0,1.0
train:61:1173,train,61,B8,1,4.746982393350438,10.746982393350438,1740.5,435.125,6.0,0.25
train:61:1174,train,61,B2,1,7.456070849860586,10.456070849860586,3661.5,1830.75,3.0,0.5
train:61:1175,train,61,B8,1,5.298223223527239,11.298223223527238,2251.5,2251.5,6.0,1.0
train:61:1176,train,61,B8,1,10.428396829535968,11.428396829535968,3057.0,764.25,1.0,0.25
train:61:1177,train,61,B4,1,6.300661218789022,8.300661218789022,2652.5,2652.5,2.0,1.0
train:61:1178,train,61,B4,1,6.089157338443598,7.089157338443598,2276.5,1707.375,1.0,0.75
train:61:1179,train,61,B4,1,4.135892711263844,10.135892711263844,3273.5,1636.75,6.0,0.5
train:61:1180,train,61,B2,1,4.179858932074762,10.179858932074762,2958.5,2958.5,6.0,1.0
train:61:1181,train,61,B2,1,6.407677609699271,9.40767760969927,3120.5,780.125,3.0,0.25
train:61:1182,train,61,B4,1,9.17904453496811,9.92904453496811,4410.5,4410.5,0.75,1.0
train:61:1183,train,61,B2,1,7.342859703305482,7.842859703305482,2742.0,1371.0,0.5,0.5
train:61:1184,train,61,B8,1,5.406550877452741,10.40655087745274,4407.5,3305.625,5.0,0.75
train:61:1185,train,61,B6,1,9.00534398265463,9.50534398265463,2600.5,650.125,0.5,0.25
train:61:1186,train,61,B4,1,6.679317130213786,8.179317130213786,2558.0,2558.0,1.5,1.0
train:61:1187,train,61,B2,1,5.468081935105077,6.468081935105077,5506.0,1376.5,1.0,0.25
train:61:1188,train,61,B6,1,5.634811398778188,9.634811398778188,2600.5,1300.25,4.0,0.5
train:61:1189,train,61,B2,1,8.230012294976158,11.230012294976158,3850.5,962.625,3.0,0.25
train:61:1190,train,61,B6,0,6.769281118320323,,2448.0,0.0,,0.0
train:61:1191,train,61,B6,0,9.502520698987075,,2670.0,0.0,,0.0
train:61:1192,train,61,B6,0,6.023226329168837,,2407.0,0.0,,0.0
train:61:1193,train,61,B6,0,6.048098241442115,,3205.0,0.0,,0.0
train:61:1194,train,61,B2,0,4.399638751682469,,1954.5,0.0,,0.0
train:61:1195,train,61,B8,0,11.11712586339215,,5529.5,0.0,,0.0
train:61:1196,train,61,B8,0,4.27012658987106,,5368.5,0.0,,0.0
train:61:1197,train,61,B8,0,9.576318483575491,,6292.5,0.0,,0.0
train:61:1198,train,61,B2,0,4.067149397355118,,3389.0,0.0,,0.0
train:61:1199,train,61,B6,0,10.416420813816625,,3700.5,0.0,,0.0
train:61:1200,train,61,B8,0,8.37879926828061,,4104.5,0.0,,0.0
train:61:1201,train,61,B4,0,4.83625327549044,,3273.5,0.0,,0.0
train:61:1202,train,61,B2,0,10.529884533448602,,5032.0,0.0,,0.0
train:61:1203,train,61,B4,0,4.297863142754088,,4613.5,0.0,,0.0
train:61:1204,train,61,B2,0,7.015761624785048,,2557.5,0.0,,0.0
train:61:1205,train,61,B8,0,4.575449569389781,,2907.0,0.0,,0.0
train:61:1206,train,61,B8,0,4.93232344271028,,2225.0,0.0,,0.0
train:61:1207,train,61,B8,0,11.295074942459161,,3774.0,0.0,,0.0
train:61:1208,train,61,B8,0,8.031405974840066,,3342.5,0.0,,0.0
train:61:1209,train,61,B4,0,8.17503967052723,,2468.5,0.0,,0.0
train:61:1210,train,61,B4,0,8.881868672937474,,2574.0,0.0,,0.0
train:61:1211,train,61,B6,0,6.455868952436303,,1741.5,0.0,,0.0
train:61:1212,train,61,B4,0,8.191343816299462,,4025.5,0.0,,0.0
train:61:1213,train,61,B2,0,7.7404626892738655,,4718.5,0.0,,0.0
train:61:1214,train,61,B6,0,6.221649635017924,,1741.5,0.0,,0.0
train:61:1215,train,61,B6,0,8.563667992373308,,3363.0,0.0,,0.0
train:61:1216,train,61,B2,0,10.56610287511483,,3503.5,0.0,,0.0
train:61:1217,train,61,B8,0,7.540603925518166,,2985.5,0.0,,0.0
train:61:1218,train,61,B8,0,4.077683713301556,,5252.0,0.0,,0.0
train:61:1219,train,61,B4,0,11.423351245252311,,3717.0,0.0,,0.0
train:61:1220,train,61,B4,0,11.30871187906244,,3446.5,0.0,,0.0
train:61:1221,train,61,B4,0,10.3088449730997,,3148.5,0.0,,0.0
train:61:1222,train,61,B2,0,6.490044061043399,,3227.5,0.0,,0.0
train:61:1223,train,61,B2,0,10.637408480138236,,3227.5,0.0,,0.0
train:61:1224,train,61,B2,0,9.821591384793866,,2742.0,0.0,,0.0
train:61:1225,train,61,B4,0,6.234698751605896,,4619.5,0.0,,0.0
train:61:1226,train,61,B4,0,8.843035812424912,,3148.5,0.0,,0.0
train:61:1227,train,61,B2,0,6.862130278528234,,5681.0,0.0,,0.0
train:61:1228,train,61,B2,0,5.33437410030601,,2314.0,0.0,,0.0
train:61:1229,train,61,B2,0,4.798383100686465,,3573.0,0.0,,0.0
train:61:1230,train,61,B6,0,10.481384609743403,,2832.5,0.0,,0.0
train:61:1231,train,61,B8,0,6.427463327454767,,3743.5,0.0,,0.0
train:61:1232,train,61,B8,0,6.33818368883402,,3602.5,0.0,,0.0
train:61:1233,train,61,B8,0,6.444216110707143,,5021.0,0.0,,0.0
train:61:1234,train,61,B6,0,9.699622765589485,,2374.5,0.0,,0.0
train:61:1235,train,61,B4,0,6.958686729380389,,2257.5,0.0,,0.0
train:61:1236,train,61,B8,0,6.027313728193617,,3342.5,0.0,,0.0
train:61:1237,train,61,B8,0,7.868390738338949,,2321.0,0.0,,0.0
train:61:1238,train,61,B2,0,8.468270870775399,,4475.0,0.0,,0.0
train:61:1239,train,61,B6,0,7.351511621557016,,2442.5,0.0,,0.0
train:61:1240,train,61,B4,0,4.8772667208306775,,2652.0,0.0,,0.0
train:61:1241,train,61,B6,0,10.729188900420425,,2442.5,0.0,,0.0
train:61:1242,train,61,B2,0,8.510711656234644,,4432.0,0.0,,0.0
train:61:1243,train,61,B2,0,6.320083007580694,,2284.0,0.0,,0.0
train:61:1244,train,61,B6,0,7.99437010432489,,4989.0,0.0,,0.0
train:61:1245,train,61,B4,0,4.17962315388779,,3107.5,0.0,,0.0
train:61:1246,train,61,B8,0,4.748501208995437,,3357.5,0.0,,0.0
train:61:1247,train,61,B4,0,8.290669830589913,,3672.5,0.0,,0.0
train:61:1248,train,61,B2,0,9.319056127423831,,3847.5,0.0,,0.0
train:61:1249,train,61,B4,0,8.9697023816898,,3413.0,0.0,,0.0
train:61:1250,train,61,B4,0,7.74941709597107,,4854.0,0.0,,0.0
train:61:1251,train,61,B6,0,9.07534107265925,,4034.0,0.0,,0.0
train:61:1252,train,61,B8,0,4.078472659154535,,2051.5,0.0,,0.0
train:61:1253,train,61,B8,0,6.1722400037353164,,4360.0,0.0,,0.0
train:61:1254,train,61,B4,0,11.218975531070964,,3509.5,0.0,,0.0
train:61:1255,train,61,B4,0,4.800657991454106,,2041.5,0.0,,0.0
train:61:1256,train,61,B8,0,11.016230140872292,,2895.5,0.0,,0.0
train:61:1257,train,61,B8,0,4.675862268761852,,3037.0,0.0,,0.0
train:61:1258,train,61,B4,0,5.642677047266021,,2412.0,0.0,,0.0
train:61:1259,train,61,B2,0,10.09559549795842,,5981.0,0.0,,0.0
train:61:1260,train,61,B6,0,4.8873900798724,,4055.0,0.0,,0.0
train:61:1261,train,61,B2,0,10.349689380371387,,3573.0,0.0,,0.0
train:61:1262,train,61,B4,0,10.294013255651016,,4983.5,0.0,,0.0
train:61:1263,train,61,B4,0,6.294162472855184,,4103.5,0.0,,0.0
train:61:1264,train,61,B8,0,4.442613982346483,,4817.0,0.0,,0.0
train:61:1265,train,61,B2,0,4.795775798034248,,8670.0,0.0,,0.0
train:61:1266,train,61,B2,0,7.7932167968115404,,3990.5,0.0,,0.0
train:61:1267,train,61,B6,0,9.076346483971822,,2700.5,0.0,,0.0
train:61:1268,train,61,B6,0,8.700041400947692,,2727.5,0.0,,0.0
train:61:1269,train,61,B2,0,9.984265618684375,,3039.5,0.0,,0.0
train:61:1270,train,61,B4,0,4.448148991875018,,3482.5,0.0,,0.0
train:61:1271,train,61,B4,0,7.0916832231374345,,2620.0,0.0,,0.0
train:61:1272,train,61,B4,0,11.293475449675373,,4410.5,0.0,,0.0
train:61:1273,train,61,B8,0,5.492063705028183,,2937.0,0.0,,0.0
train:61:1274,train,61,B6,0,7.932727387508255,,3012.5,0.0,,0.0
train:61:1275,train,61,B2,0,8.53611577702489,,3593.5,0.0,,0.0
train:61:1276,train,61,B4,0,9.727661144032929,,3349.5,0.0,,0.0
train:61:1277,train,61,B2,0,9.348734419592628,,5327.0,0.0,,0.0
train:61:1278,train,61,B6,0,8.666324977157807,,3230.0,0.0,,0.0
train:61:1279,train,61,B2,0,7.455419552506734,,4006.0,0.0,,0.0
train:61:1280,train,61,B6,0,4.841758373539914,,2723.5,0.0,,0.0
train:61:1281,train,61,B4,0,11.199127897435346,,4315.0,0.0,,0.0
train:61:1282,train,61,B2,0,9.611700880521628,,5396.0,0.0,,0.0
train:61:1283,train,61,B6,0,10.197491284817954,,2804.0,0.0,,0.0
train:61:1284,train,61,B8,0,9.30846825873051,,2547.0,0.0,,0.0
train:61:1285,train,61,B2,0,11.238177678538904,,2507.0,0.0,,0.0
train:61:1286,train,61,B8,0,4.436184882299533,,2597.0,0.0,,0.0
train:61:1287,train,61,B2,0,10.212258887431576,,3553.0,0.0,,0.0
train:61:1288,train,61,B4,0,7.182554722221393,,2276.5,0.0,,0.0
train:61:1289,train,61,B4,0,10.292959342782478,,2622.0,0.0,,0.0
train:61:1290,train,61,B8,0,7.6791163750389435,,3331.0,0.0,,0.0
train:61:1291,train,61,B6,0,7.9623180692366535,,2954.5,0.0,,0.0
train:61:1292,train,61,B8,0,10.486413003542108,,3089.0,0.0,,0.0
train:61:1293,train,61,B8,0,5.188163407028023,,4242.5,0.0,,0.0
train:61:1294,train,61,B4,0,7.3661772277705495,,2661.5,0.0,,0.0
train:61:1295,train,61,B6,0,6.864822543080426,,1741.5,0.0,,0.0
train:61:1296,train,61,B8,0,9.400646459706124,,4360.0,0.0,,0.0
train:61:1297,train,61,B2,0,11.117876811926605,,2662.0,0.0,,0.0
train:61:1298,train,61,B4,0,7.744686336845522,,3238.5,0.0,,0.0
train:61:1299,train,61,B8,0,10.844850982917317,,3419.0,0.0,,0.0
train:61:1300,train,61,B4,0,9.122718545174074,,2775.0,0.0,,0.0
train:61:1301,train,61,B2,0,7.650390891633155,,4434.0,0.0,,0.0
train:61:1302,train,61,B6,0,6.485399828713788,,2175.5,0.0,,0.0
train:61:1303,train,61,B2,0,5.02195007623155,,4129.0,0.0,,0.0
train:61:1304,train,61,B8,0,4.926926956620226,,2585.5,0.0,,0.0
train:61:1305,train,61,B2,0,6.738081824640233,,2958.5,0.0,,0.0
train:61:1306,train,61,B8,0,10.155333364484974,,2818.0,0.0,,0.0
train:61:1307,train,61,B6,0,5.287172036138353,,3051.0,0.0,,0.0
train:61:1308,train,61,B6,0,7.847697875977419,,3373.0,0.0,,0.0
train:61:1309,train,61,B6,0,7.492062190489602,,2727.5,0.0,,0.0
train:61:1310,train,61,B8,0,9.098142544803514,,3681.0,0.0,,0.0
train:61:1311,train,61,B6,0,6.901108823040406,,3224.0,0.0,,0.0
train:61:1312,train,61,B8,0,8.53919995063291,,3606.5,0.0,,0.0
train:61:1313,train,61,B4,0,8.534954902538676,,5147.5,0.0,,0.0
train:61:1314,train,61,B6,0,6.402850001598906,,2762.0,0.0,,0.0
train:61:1315,train,61,B6,0,7.511116304628538,,4034.0,0.0,,0.0
train:61:1316,train,61,B6,0,6.532594297608539,,2546.0,0.0,,0.0
train:61:1317,train,61,B2,0,5.997048850915187,,4475.0,0.0,,0.0
train:61:1318,train,61,B2,0,10.427722776782286,,3573.0,0.0,,0.0
train:61:1319,train,61,B8,0,10.598396160471935,,5833.0,0.0,,0.0
train:61:1320,train,61,B6,0,9.21681669700389,,3205.0,0.0,,0.0
train:61:1321,train,61,B8,0,9.917376960259446,,3046.5,0.0,,0.0
train:61:1322,train,61,B8,0,6.157985194738003,,2079.5,0.0,,0.0
train:61:1323,train,61,B4,0,5.296901272037234,,2754.5,0.0,,0.0
train:61:1324,train,61,B4,0,10.866861055838601,,2160.5,0.0,,0.0
train:61:1325,train,61,B4,0,7.9664235929786695,,2911.0,0.0,,0.0
train:61:1326,train,61,B4,0,10.995969129234798,,3517.0,0.0,,0.0
train:61:1327,train,61,B8,0,5.555367081807338,,3168.5,0.0,,0.0
train:61:1328,train,61,B2,0,5.38077769753143,,3335.5,0.0,,0.0
train:61:1329,train,61,B6,0,6.760748595725368,,2980.0,0.0,,0.0
train:61:1330,train,61,B8,0,7.492831820559564,,3419.0,0.0,,0.0
train:61:1331,train,61,B8,0,5.218445103560678,,3596.5,0.0,,0.0
train:61:1332,train,61,B4,0,6.0780637037987795,,2680.5,0.0,,0.0
train:61:1333,train,61,B2,0,5.206386497850993,,2569.5,0.0,,0.0
train:61:1334,train,61,B2,0,11.255234048330493,,2910.5,0.0,,0.0
train:61:1335,train,61,B6,0,10.688958111464814,,3628.5,0.0,,0.0
train:61:1336,train,61,B8,0,7.597071633535004,,4588.5,0.0,,0.0
train:61:1337,train,61,B4,0,5.892058873757205,,2996.0,0.0,,0.0
train:61:1338,train,61,B6,0,9.709338315475364,,3834.0,0.0,,0.0
train:61:1339,train,61,B4,0,7.769396022820331,,1997.5,0.0,,0.0
train:61:1340,train,61,B4,0,10.723826692409762,,3201.5,0.0,,0.0
train:61:1341,train,61,B4,0,5.469583541913524,,3717.0,0.0,,0.0
train:61:1342,train,61,B4,0,4.306577986340338,,2661.5,0.0,,0.0
train:61:1343,train,61,B8,0,7.352693136169108,,6398.5,0.0,,0.0
train:61:1344,train,61,B8,0,7.531647845657112,,3766.5,0.0,,0.0
train:61:1345,train,61,B6,0,8.836236932938316,,2555.0,0.0,,0.0
train:61:1346,train,61,B8,0,7.851807980152924,,2587.5,0.0,,0.0
train:61:1347,train,61,B4,0,7.5794025672590575,,5779.5,0.0,,0.0
train:61:1348,train,61,B2,0,8.39303642551128,,2594.0,0.0,,0.0
train:61:1349,train,61,B8,0,9.591249690290494,,4274.5,0.0,,0.0
train:61:1350,train,61,B4,0,4.883138290408779,,4103.5,0.0,,0.0
train:61:1351,train,61,B4,0,9.25757463523215,,1997.5,0.0,,0.0
train:61:1352,train,61,B8,0,9.807710385756689,,3145.5,0.0,,0.0
train:61:1353,train,61,B6,0,7.677281605998157,,2820.0,0.0,,0.0
train:61:1354,train,61,B6,0,9.115437484573999,,2175.5,0.0,,0.0
train:61:1355,train,61,B4,0,6.641014590992265,,5147.5,0.0,,0.0
train:61:1356,train,61,B8,0,5.911374156859171,,2895.5,0.0,,0.0
train:61:1357,train,61,B2,0,7.159680771322591,,5103.0,0.0,,0.0
train:61:1358,train,61,B4,0,9.187152671006057,,2893.5,0.0,,0.0
train:61:1359,train,61,B2,0,11.157791525266585,,3094.0,0.0,,0.0
heldout:63:0,heldout,63,B2,1,7.549544691104069,8.54954469110407,1940.5,1455.375,1.0,0.75
heldout:63:1,heldout,63,B4,1,4.303276782883804,9.303276782883804,2980.0,745.0,5.0,0.25
heldout:63:2,heldout,63,B2,1,9.095362635115903,10.595362635115903,2049.5,1537.125,1.5,0.75
heldout:63:3,heldout,63,B6,1,5.6821251889818205,9.682125188981821,3864.0,3864.0,4.0,1.0
heldout:63:4,heldout,63,B4,1,9.722904904762423,10.222904904762423,5675.5,1418.875,0.5,0.25
heldout:63:5,heldout,63,B6,1,5.362346010471573,9.362346010471573,3052.0,1526.0,4.0,0.5
heldout:63:6,heldout,63,B2,1,8.153842719698744,10.153842719698744,3014.0,753.5,2.0,0.25
heldout:63:7,heldout,63,B2,1,7.231576471039443,9.231576471039443,3151.5,3151.5,2.0,1.0
heldout:63:8,heldout,63,B2,1,5.843759897519443,9.843759897519444,1642.0,410.5,4.0,0.25
heldout:63:9,heldout,63,B8,1,4.941067152736563,6.441067152736563,2786.0,2786.0,1.5,1.0
heldout:63:10,heldout,63,B2,1,10.05389107582072,10.55389107582072,2218.0,554.5,0.5,0.25
heldout:63:11,heldout,63,B6,1,6.134908552016844,8.134908552016844,2150.0,1075.0,2.0,0.5
heldout:63:12,heldout,63,B6,1,7.833525086878604,10.833525086878604,2528.0,2528.0,3.0,1.0
heldout:63:13,heldout,63,B8,1,9.958200362291006,11.458200362291006,1688.0,844.0,1.5,0.5
heldout:63:14,heldout,63,B2,1,8.246429949479811,11.246429949479811,7415.5,3707.75,3.0,0.5
heldout:63:15,heldout,63,B8,1,4.779620935683792,9.779620935683791,3521.5,3521.5,5.0,1.0
heldout:63:16,heldout,63,B2,1,5.205347875533657,6.205347875533657,6212.0,1553.0,1.0,0.25
heldout:63:17,heldout,63,B4,1,8.532700305440612,10.032700305440612,3374.0,3374.0,1.5,1.0
heldout:63:18,heldout,63,B6,1,7.875734619358326,8.625734619358326,3168.5,3168.5,0.75,1.0
heldout:63:19,heldout,63,B2,1,9.80591278913396,10.30591278913396,6919.0,6919.0,0.5,1.0
heldout:63:20,heldout,63,B8,1,4.666805178380743,6.666805178380743,2286.5,2286.5,2.0,1.0
heldout:63:21,heldout,63,B2,1,7.299559789661384,8.049559789661384,2289.5,572.375,0.75,0.25
heldout:63:22,heldout,63,B6,1,7.729427637919153,10.729427637919153,3090.0,1545.0,3.0,0.5
heldout:63:23,heldout,63,B8,1,5.817226803574695,9.817226803574695,4161.5,2080.75,4.0,0.5
heldout:63:24,heldout,63,B2,1,5.53809906169141,6.28809906169141,2809.5,2809.5,0.75,1.0
heldout:63:25,heldout,63,B4,1,5.001405568557992,11.001405568557992,5257.5,2628.75,6.0,0.5
heldout:63:26,heldout,63,B8,1,7.197017929622914,8.697017929622914,3847.0,3847.0,1.5,1.0
heldout:63:27,heldout,63,B2,1,7.4301717092429165,9.430171709242916,3576.5,1788.25,2.0,0.5
heldout:63:28,heldout,63,B4,1,4.006220753702979,4.756220753702979,1786.0,446.5,0.75,0.25
heldout:63:29,heldout,63,B2,1,4.708207422844513,10.708207422844513,4337.0,1084.25,6.0,0.25
heldout:63:30,heldout,63,B2,1,5.789364554217528,6.789364554217528,9014.0,4507.0,1.0,0.5
heldout:63:31,heldout,63,B8,1,5.29213882424411,7.29213882424411,3391.5,2543.625,2.0,0.75
heldout:63:32,heldout,63,B2,1,8.017975537822206,11.017975537822206,4972.0,2486.0,3.0,0.5
heldout:63:33,heldout,63,B4,1,6.307192551243727,9.307192551243727,3656.5,914.125,3.0,0.25
heldout:63:34,heldout,63,B2,1,8.552647358251335,9.302647358251335,1921.0,480.25,0.75,0.25
heldout:63:35,heldout,63,B8,1,7.20993711619739,7.95993711619739,3458.5,864.625,0.75,0.25
heldout:63:36,heldout,63,B2,1,7.97150243968872,10.97150243968872,3511.0,2633.25,3.0,0.75
heldout:63:37,heldout,63,B8,1,4.797608478836502,5.297608478836502,2386.0,1789.5,0.5,0.75
heldout:63:38,heldout,63,B4,1,4.285932601676089,8.28593260167609,4234.0,3175.5,4.0,0.75
heldout:63:39,heldout,63,B6,1,10.421724503749495,10.921724503749495,2528.0,632.0,0.5,0.25
heldout:63:40,heldout,63,B2,1,4.88992888608441,8.889928886084409,2809.5,2809.5,4.0,1.0
heldout:63:41,heldout,63,B8,1,4.877637293666731,9.87763729366673,4297.0,4297.0,5.0,1.0
heldout:63:42,heldout,63,B6,1,4.175113079545998,9.175113079545998,2095.0,2095.0,5.0,1.0
heldout:63:43,heldout,63,B8,1,8.483593552546559,9.983593552546559,2286.5,1714.875,1.5,0.75
heldout:63:44,heldout,63,B8,1,4.460300016519729,5.460300016519729,3307.0,1653.5,1.0,0.5
heldout:63:45,heldout,63,B8,1,7.014142180967859,9.014142180967859,3458.5,1729.25,2.0,0.5
heldout:63:46,heldout,63,B2,1,6.135897539963198,10.135897539963198,4259.0,3194.25,4.0,0.75
heldout:63:47,heldout,63,B4,1,6.582942825194575,9.582942825194575,1729.0,432.25,3.0,0.25
heldout:63:48,heldout,63,B2,1,7.4615722158337885,8.211572215833788,7928.5,5946.375,0.75,0.75
heldout:63:49,heldout,63,B6,1,4.078842530777568,4.578842530777568,3810.5,2857.875,0.5,0.75
heldout:63:50,heldout,63,B6,1,5.8040379001326325,10.804037900132633,2098.0,1573.5,5.0,0.75
heldout:63:51,heldout,63,B6,1,4.305287705318422,5.805287705318422,2105.5,526.375,1.5,0.25
heldout:63:52,heldout,63,B8,1,6.793304564272206,8.293304564272205,3195.0,3195.0,1.5,1.0
heldout:63:53,heldout,63,B4,1,7.8321771093931645,8.332177109393164,4234.0,4234.0,0.5,1.0
heldout:63:54,heldout,63,B2,1,6.6873606337661595,8.68736063376616,3120.5,780.125,2.0,0.25
heldout:63:55,heldout,63,B2,1,7.251154019306668,10.251154019306668,2913.5,2185.125,3.0,0.75
heldout:63:56,heldout,63,B6,1,10.11162985803412,11.11162985803412,3161.0,790.25,1.0,0.25
heldout:63:57,heldout,63,B8,1,7.67234872446621,10.672348724466211,3041.5,1520.75,3.0,0.5
heldout:63:58,heldout,63,B6,1,9.633605044609386,11.133605044609386,2102.5,1576.875,1.5,0.75
heldout:63:59,heldout,63,B8,1,7.902248931766027,9.402248931766028,3828.0,957.0,1.5,0.25
heldout:63:60,heldout,63,B6,1,7.743383997722076,9.243383997722077,2787.5,2090.625,1.5,0.75
heldout:63:61,heldout,63,B6,1,5.297381518372032,11.297381518372031,2877.0,719.25,6.0,0.25
heldout:63:62,heldout,63,B6,1,7.502986610195841,8.50298661019584,4935.5,2467.75,1.0,0.5
heldout:63:63,heldout,63,B6,1,4.277976267765262,6.277976267765262,1897.5,1423.125,2.0,0.75
heldout:63:64,heldout,63,B2,1,7.327014042932471,8.327014042932472,3862.5,965.625,1.0,0.25
heldout:63:65,heldout,63,B2,1,9.939858299643626,11.439858299643626,2861.5,2861.5,1.5,1.0
heldout:63:66,heldout,63,B4,1,4.840916833261966,9.840916833261966,2093.0,523.25,5.0,0.25
heldout:63:67,heldout,63,B8,1,8.316287156873829,9.066287156873829,2900.0,725.0,0.75,0.25
heldout:63:68,heldout,63,B2,1,5.4455695186132,11.445569518613201,1642.0,1642.0,6.0,1.0
heldout:63:69,heldout,63,B4,1,8.373082625477469,9.873082625477469,4313.0,4313.0,1.5,1.0
heldout:63:70,heldout,63,B2,1,5.352093509993414,10.352093509993413,1868.5,1401.375,5.0,0.75
heldout:63:71,heldout,63,B2,1,5.540501012334886,7.040501012334886,2500.0,1250.0,1.5,0.5
heldout:63:72,heldout,63,B2,1,4.235004921353301,4.985004921353301,7928.5,5946.375,0.75,0.75
heldout:63:73,heldout,63,B6,1,5.057077180028468,10.057077180028468,2916.5,1458.25,5.0,0.5
heldout:63:74,heldout,63,B6,1,4.244807630729344,6.244807630729344,2194.0,2194.0,2.0,1.0
heldout:63:75,heldout,63,B6,1,5.843039687796308,10.843039687796308,3119.5,3119.5,5.0,1.0
heldout:63:76,heldout,63,B2,1,6.901693437758926,10.901693437758926,7835.0,3917.5,4.0,0.5
heldout:63:77,heldout,63,B2,1,4.538341976987384,5.288341976987384,2598.5,649.625,0.75,0.25
heldout:63:78,heldout,63,B2,1,6.2909432467708175,8.290943246770818,6647.5,4985.625,2.0,0.75
heldout:63:79,heldout,63,B4,1,4.864802016399331,6.864802016399331,4313.0,3234.75,2.0,0.75
heldout:63:80,heldout,63,B6,1,5.202684320404406,11.202684320404405,2236.5,559.125,6.0,0.25
heldout:63:81,heldout,63,B8,1,7.383075439096174,9.383075439096174,3795.0,1897.5,2.0,0.5
heldout:63:82,heldout,63,B2,1,9.687843971520394,10.187843971520394,2816.5,704.125,0.5,0.25
heldout:63:83,heldout,63,B8,1,5.281157001752902,10.281157001752902,3396.5,3396.5,5.0,1.0
heldout:63:84,heldout,63,B2,1,4.768944594241498,9.768944594241498,4630.5,1157.625,5.0,0.25
heldout:63:85,heldout,63,B8,1,4.62929457374175,5.62929457374175,2657.5,2657.5,1.0,1.0
heldout:63:86,heldout,63,B8,1,4.935942171680024,8.935942171680024,3884.5,2913.375,4.0,0.75
heldout:63:87,heldout,63,B6,1,6.1972594430011085,11.197259443001109,1810.0,905.0,5.0,0.5
heldout:63:88,heldout,63,B2,1,9.962984813765416,10.962984813765416,1891.5,1418.625,1.0,0.75
heldout:63:89,heldout,63,B6,1,4.866606456100701,10.866606456100701,3118.0,1559.0,6.0,0.5
heldout:63:90,heldout,63,B2,1,8.738040882080854,10.738040882080854,4259.0,2129.5,2.0,0.5
heldout:63:91,heldout,63,B4,1,7.403174488617864,8.403174488617864,1546.5,1159.875,1.0,0.75
heldout:63:92,heldout,63,B6,1,6.102169135627048,11.102169135627047,2635.0,658.75,5.0,0.25
heldout:63:93,heldout,63,B6,1,10.087998923309982,10.837998923309982,2635.0,1976.25,0.75,0.75
heldout:63:94,heldout,63,B8,1,5.594404841108917,6.594404841108917,3484.5,1742.25,1.0,0.5
heldout:63:95,heldout,63,B4,1,8.212359512332633,11.212359512332633,2092.5,1569.375,3.0,0.75
heldout:63:96,heldout,63,B6,1,4.972246179771944,7.972246179771944,2886.0,1443.0,3.0,0.5
heldout:63:97,heldout,63,B8,1,9.599927082941429,10.349927082941429,2612.5,1959.375,0.75,0.75
heldout:63:98,heldout,63,B8,1,8.735019138154893,10.735019138154893,2419.5,1814.625,2.0,0.75
heldout:63:99,heldout,63,B6,1,5.266076928955721,8.266076928955721,2415.0,603.75,3.0,0.25
heldout:63:100,heldout,63,B2,1,4.231412824504007,5.731412824504007,6220.0,1555.0,1.5,0.25
heldout:63:101,heldout,63,B2,1,5.170940466429927,10.170940466429927,3366.0,3366.0,5.0,1.0
heldout:63:102,heldout,63,B4,1,5.59488195736308,6.59488195736308,1887.0,943.5,1.0,0.5
heldout:63:103,heldout,63,B2,1,6.1357959921638265,8.135795992163827,3401.0,2550.75,2.0,0.75
heldout:63:104,heldout,63,B2,1,7.069951323603304,7.819951323603304,2598.5,649.625,0.75,0.25
heldout:63:105,heldout,63,B2,1,7.170662399483846,10.170662399483845,2660.0,1330.0,3.0,0.5
heldout:63:106,heldout,63,B8,1,5.6786315472733015,10.678631547273302,3973.0,2979.75,5.0,0.75
heldout:63:107,heldout,63,B6,1,5.386042605288599,11.386042605288598,2105.5,526.375,6.0,0.25
heldout:63:108,heldout,63,B4,1,8.735823088430834,9.735823088430834,2977.0,2232.75,1.0,0.75
heldout:63:109,heldout,63,B8,1,6.315691793713332,7.815691793713332,3529.5,1764.75,1.5,0.5
heldout:63:110,heldout,63,B4,1,7.274081419383348,8.274081419383348,2437.5,1218.75,1.0,0.5
heldout:63:111,heldout,63,B6,1,5.6103790205111,7.6103790205111,2980.5,2235.375,2.0,0.75
heldout:63:112,heldout,63,B8,1,8.120195040914515,8.870195040914515,3215.5,3215.5,0.75,1.0
heldout:63:113,heldout,63,B6,1,4.828954441857157,10.828954441857157,3523.5,2642.625,6.0,0.75
heldout:63:114,heldout,63,B8,1,10.720780561326603,11.470780561326603,1658.0,1243.5,0.75,0.75
heldout:63:115,heldout,63,B8,1,4.16163354232099,8.16163354232099,2994.0,748.5,4.0,0.25
heldout:63:116,heldout,63,B4,1,5.913234835391622,8.913234835391622,2320.0,1160.0,3.0,0.5
heldout:63:117,heldout,63,B6,1,4.887682757211444,7.887682757211444,2721.5,680.375,3.0,0.25
heldout:63:118,heldout,63,B8,1,8.45383902998379,9.45383902998379,3847.0,2885.25,1.0,0.75
heldout:63:119,heldout,63,B8,1,5.843410191376608,9.84341019137661,4297.0,3222.75,4.0,0.75
heldout:63:120,heldout,63,B6,1,6.516788507762764,7.516788507762764,3068.0,1534.0,1.0,0.5
heldout:63:121,heldout,63,B4,1,6.885876312278664,7.385876312278664,3364.0,841.0,0.5,0.25
heldout:63:122,heldout,63,B4,1,6.401066526829616,7.401066526829616,3981.5,995.375,1.0,0.25
heldout:63:123,heldout,63,B8,1,7.2154138506096555,8.215413850609655,3059.0,2294.25,1.0,0.75
heldout:63:124,heldout,63,B8,1,5.068360138758105,11.068360138758106,2484.0,2484.0,6.0,1.0
heldout:63:125,heldout,63,B4,1,4.158808135620913,9.158808135620912,5234.5,1308.625,5.0,0.25
heldout:63:126,heldout,63,B2,1,8.418749210654267,9.168749210654267,7928.0,3964.0,0.75,0.5
heldout:63:127,heldout,63,B4,1,4.202797447020693,5.702797447020693,2214.0,2214.0,1.5,1.0
heldout:63:128,heldout,63,B8,1,7.594047316000301,8.594047316000301,6304.5,1576.125,1.0,0.25
heldout:63:129,heldout,63,B4,1,4.394593867757802,5.394593867757802,5234.5,3925.875,1.0,0.75
heldout:63:130,heldout,63,B6,1,7.374410035317556,10.374410035317556,1932.0,966.0,3.0,0.5
heldout:63:131,heldout,63,B8,1,7.641836029796805,8.141836029796805,3131.0,3131.0,0.5,1.0
heldout:63:132,heldout,63,B8,1,6.347692363280141,8.347692363280142,5762.5,5762.5,2.0,1.0
heldout:63:133,heldout,63,B4,1,5.445172954150759,9.44517295415076,2286.5,571.625,4.0,0.25
heldout:63:134,heldout,63,B4,1,4.305198715226031,5.055198715226031,4897.0,1224.25,0.75,0.25
heldout:63:135,heldout,63,B4,1,5.523702778131414,7.523702778131414,2281.5,570.375,2.0,0.25
heldout:63:136,heldout,63,B4,1,5.4126862371481135,9.412686237148113,3927.5,3927.5,4.0,1.0
heldout:63:137,heldout,63,B2,1,4.274850358944408,6.274850358944408,3336.5,1668.25,2.0,0.5
heldout:63:138,heldout,63,B6,1,4.650694676706522,10.650694676706522,2278.0,569.5,6.0,0.25
heldout:63:139,heldout,63,B8,1,7.325544951247942,10.325544951247942,4177.5,3133.125,3.0,0.75
heldout:63:140,heldout,63,B4,1,5.209823426565258,5.959823426565258,2338.5,2338.5,0.75,1.0
heldout:63:141,heldout,63,B4,1,4.931765434494736,5.931765434494736,3698.5,3698.5,1.0,1.0
heldout:63:142,heldout,63,B4,1,10.66124323158592,11.41124323158592,2283.0,1141.5,0.75,0.5
heldout:63:143,heldout,63,B6,1,5.91039298739151,10.91039298739151,3131.0,2348.25,5.0,0.75
heldout:63:144,heldout,63,B6,1,5.257187405873547,8.257187405873548,1935.5,1935.5,3.0,1.0
heldout:63:145,heldout,63,B8,1,7.482220609760224,8.482220609760224,3828.0,957.0,1.0,0.25
heldout:63:146,heldout,63,B4,1,8.564445513330188,10.064445513330188,2980.0,2980.0,1.5,1.0
heldout:63:147,heldout,63,B6,1,7.112030855853172,11.112030855853172,1569.5,392.375,4.0,0.25
heldout:63:148,heldout,63,B6,1,6.084185169594264,7.084185169594264,2602.0,2602.0,1.0,1.0
heldout:63:149,heldout,63,B2,1,7.534705447328111,9.534705447328111,7614.5,3807.25,2.0,0.5
heldout:63:150,heldout,63,B4,1,4.175922260774938,7.175922260774938,1938.5,1938.5,3.0,1.0
heldout:63:151,heldout,63,B6,1,5.020344205646202,10.020344205646202,2415.0,1811.25,5.0,0.75
heldout:63:152,heldout,63,B2,1,4.416944350097558,10.416944350097559,2913.5,1456.75,6.0,0.5
heldout:63:153,heldout,63,B2,1,8.21822183563726,8.96822183563726,3336.5,2502.375,0.75,0.75
heldout:63:154,heldout,63,B2,1,6.261695026144696,11.261695026144697,8024.5,4012.25,5.0,0.5
heldout:63:155,heldout,63,B6,1,6.238876909005171,8.238876909005171,1509.5,754.75,2.0,0.5
heldout:63:156,heldout,63,B4,1,5.97275504814499,9.97275504814499,2997.0,1498.5,4.0,0.5
heldout:63:157,heldout,63,B6,1,5.128683878755196,11.128683878755197,2102.5,2102.5,6.0,1.0
heldout:63:158,heldout,63,B6,1,5.98225796283156,8.98225796283156,3394.0,1697.0,3.0,0.5
heldout:63:159,heldout,63,B4,1,4.164350536304842,9.164350536304841,3509.5,2632.125,5.0,0.75
heldout:63:160,heldout,63,B8,1,5.8037010533133095,6.8037010533133095,4479.5,2239.75,1.0,0.5
heldout:63:161,heldout,63,B2,1,5.226897225816067,11.226897225816067,2197.5,1648.125,6.0,0.75
heldout:63:162,heldout,63,B6,1,4.432913605791668,9.432913605791668,3523.5,2642.625,5.0,0.75
heldout:63:163,heldout,63,B4,1,5.308098657260891,11.308098657260892,3606.0,901.5,6.0,0.25
heldout:63:164,heldout,63,B6,1,7.737262481464457,8.237262481464457,2721.5,2041.125,0.5,0.75
heldout:63:165,heldout,63,B2,1,9.121829180293417,11.121829180293417,7928.5,3964.25,2.0,0.5
heldout:63:166,heldout,63,B6,1,5.698259353495155,9.698259353495155,3687.0,3687.0,4.0,1.0
heldout:63:167,heldout,63,B2,1,8.567535970934589,9.567535970934589,4875.0,1218.75,1.0,0.25
heldout:63:168,heldout,63,B8,1,7.144933880529564,11.144933880529564,2529.0,1896.75,4.0,0.75
heldout:63:169,heldout,63,B6,1,5.940700459870543,8.940700459870543,2095.0,523.75,3.0,0.25
heldout:63:170,heldout,63,B2,1,6.452895077571386,9.452895077571386,3097.5,774.375,3.0,0.25
heldout:63:171,heldout,63,B2,1,10.676351774230428,11.426351774230428,5614.0,4210.5,0.75,0.75
heldout:63:172,heldout,63,B4,1,5.803962136558502,6.553962136558502,4067.5,2033.75,0.75,0.5
heldout:63:173,heldout,63,B8,1,7.1883195320909365,7.9383195320909365,1658.0,1243.5,0.75,0.75
heldout:63:174,heldout,63,B4,1,10.198155615479994,11.198155615479994,3443.5,3443.5,1.0,1.0
heldout:63:175,heldout,63,B2,1,7.089481375095702,7.839481375095702,6624.0,6624.0,0.75,1.0
heldout:63:176,heldout,63,B2,1,6.571982315393272,7.571982315393272,3097.5,1548.75,1.0,0.5
heldout:63:177,heldout,63,B2,1,4.658809871570249,10.658809871570249,2992.0,748.0,6.0,0.25
heldout:63:178,heldout,63,B2,1,6.376808431105086,10.376808431105086,2828.0,707.0,4.0,0.25
heldout:63:179,heldout,63,B8,1,8.821867621519331,9.821867621519331,2820.5,2820.5,1.0,1.0
heldout:63:180,heldout,63,B4,1,4.754321613780225,6.754321613780225,4643.0,3482.25,2.0,0.75
heldout:63:181,heldout,63,B2,1,7.459321778998658,11.459321778998657,3232.0,3232.0,4.0,1.0
heldout:63:182,heldout,63,B8,1,5.049117542625742,11.049117542625742,4436.0,3327.0,6.0,0.75
heldout:63:183,heldout,63,B4,1,6.379814427780034,10.379814427780033,5339.0,1334.75,4.0,0.25
heldout:63:184,heldout,63,B6,1,7.629721206648331,9.62972120664833,2346.0,586.5,2.0,0.25
heldout:63:185,heldout,63,B6,1,5.655380721373772,10.655380721373772,2490.0,2490.0,5.0,1.0
heldout:63:186,heldout,63,B4,1,5.0781819967414386,10.078181996741439,4227.0,1056.75,5.0,0.25
heldout:63:187,heldout,63,B6,1,6.857329898323016,7.357329898323016,2357.5,1768.125,0.5,0.75
heldout:63:188,heldout,63,B6,1,9.469422101898834,10.219422101898834,1637.5,1228.125,0.75,0.75
heldout:63:189,heldout,63,B2,1,7.163366895519925,11.163366895519925,6624.0,6624.0,4.0,1.0
heldout:63:190,heldout,63,B8,1,8.62126721957505,10.12126721957505,2484.0,1863.0,1.5,0.75
heldout:63:191,heldout,63,B6,1,5.535066406254359,7.035066406254359,1935.5,483.875,1.5,0.25
heldout:63:192,heldout,63,B6,1,4.079619419854352,10.079619419854353,3199.0,799.75,6.0,0.25
heldout:63:193,heldout,63,B8,1,8.25516263635781,9.00516263635781,3123.0,780.75,0.75,0.25
heldout:63:194,heldout,63,B2,1,4.114055755383186,10.114055755383186,7346.5,1836.625,6.0,0.25
heldout:63:195,heldout,63,B2,1,7.412523466900212,8.412523466900211,2828.0,1414.0,1.0,0.5
heldout:63:196,heldout,63,B4,1,6.43317303379412,8.43317303379412,2401.0,1800.75,2.0,0.75
heldout:63:197,heldout,63,B4,1,5.584944177955008,10.584944177955009,2089.0,1044.5,5.0,0.5
heldout:63:198,heldout,63,B4,1,5.161248698215661,10.161248698215662,2848.0,2848.0,5.0,1.0
heldout:63:199,heldout,63,B2,1,5.198151355868413,10.198151355868413,2427.5,1213.75,5.0,0.5
heldout:63:200,heldout,63,B6,1,5.5097793340792105,9.50977933407921,3660.5,915.125,4.0,0.25
heldout:63:201,heldout,63,B2,1,5.886318380830792,10.886318380830792,3499.0,874.75,5.0,0.25
heldout:63:202,heldout,63,B6,1,9.921018889777748,10.921018889777748,3390.0,3390.0,1.0,1.0
heldout:63:203,heldout,63,B6,1,6.854811059133101,7.854811059133101,3588.5,1794.25,1.0,0.5
heldout:63:204,heldout,63,B6,1,7.684804173458886,8.434804173458886,3390.0,847.5,0.75,0.25
heldout:63:205,heldout,63,B2,1,9.622050614949996,10.622050614949996,2361.0,2361.0,1.0,1.0
heldout:63:206,heldout,63,B4,1,4.58309165480641,10.58309165480641,2997.0,2997.0,6.0,1.0
heldout:63:207,heldout,63,B6,1,6.426866553092012,10.426866553092012,2095.0,2095.0,4.0,1.0
heldout:63:208,heldout,63,B2,1,5.126931433049618,6.126931433049618,3499.0,3499.0,1.0,1.0
heldout:63:209,heldout,63,B2,1,4.534798721935259,10.534798721935259,4997.0,1249.25,6.0,0.25
heldout:63:210,heldout,63,B6,0,7.3759124166961705,,1932.0,0.0,,0.0
heldout:63:211,heldout,63,B6,0,8.30145709361152,,2877.0,0.0,,0.0
heldout:63:212,heldout,63,B6,0,6.759260731678555,,2761.0,0.0,,0.0
heldout:63:213,heldout,63,B2,0,7.223446813182478,,3151.5,0.0,,0.0
heldout:63:214,heldout,63,B8,0,8.685465923721416,,2692.5,0.0,,0.0
heldout:63:215,heldout,63,B8,0,4.251066883107972,,2022.5,0.0,,0.0
heldout:63:216,heldout,63,B8,0,5.341514157804954,,5209.0,0.0,,0.0
heldout:63:217,heldout,63,B6,0,8.832029242142951,,2559.0,0.0,,0.0
heldout:63:218,heldout,63,B6,0,7.149057177486558,,3162.5,0.0,,0.0
heldout:63:219,heldout,63,B6,0,4.641759861274805,,1798.5,0.0,,0.0
heldout:63:220,heldout,63,B4,0,8.959396425956253,,4313.0,0.0,,0.0
heldout:63:221,heldout,63,B2,0,9.71124295847792,,9433.5,0.0,,0.0
heldout:63:222,heldout,63,B8,0,7.374833108477505,,3831.0,0.0,,0.0
heldout:63:223,heldout,63,B2,0,4.562231498723614,,5047.0,0.0,,0.0
heldout:63:224,heldout,63,B4,0,9.843061946487289,,5339.0,0.0,,0.0
heldout:63:225,heldout,63,B8,0,6.006918059352614,,3174.5,0.0,,0.0
heldout:63:226,heldout,63,B2,0,6.972387498239348,,2485.5,0.0,,0.0
heldout:63:227,heldout,63,B4,0,5.3938378237164315,,1618.5,0.0,,0.0
heldout:63:228,heldout,63,B4,0,10.092914654967732,,3698.5,0.0,,0.0
heldout:63:229,heldout,63,B4,0,4.842351745571696,,2420.0,0.0,,0.0
heldout:63:230,heldout,63,B8,0,6.512601110233851,,3041.5,0.0,,0.0
heldout:63:231,heldout,63,B6,0,9.911996789279684,,2806.0,0.0,,0.0
heldout:63:232,heldout,63,B8,0,11.103452345690584,,3669.0,0.0,,0.0
heldout:63:233,heldout,63,B6,0,6.019822969250205,,3394.0,0.0,,0.0
heldout:63:234,heldout,63,B8,0,4.540032029979678,,1658.0,0.0,,0.0
heldout:63:235,heldout,63,B2,0,8.01537572701842,,2604.0,0.0,,0.0
heldout:63:236,heldout,63,B6,0,11.069119647491558,,2635.0,0.0,,0.0
heldout:63:237,heldout,63,B2,0,9.411093682667381,,7124.5,0.0,,0.0
heldout:63:238,heldout,63,B2,0,7.242690726696212,,3825.0,0.0,,0.0
heldout:63:239,heldout,63,B8,0,7.281614868943654,,3809.0,0.0,,0.0
heldout:63:240,heldout,63,B6,0,7.532116569750726,,2701.5,0.0,,0.0
heldout:63:241,heldout,63,B8,0,6.174432960843596,,6304.5,0.0,,0.0
heldout:63:242,heldout,63,B8,0,5.157597062070942,,3082.0,0.0,,0.0
heldout:63:243,heldout,63,B6,0,4.104893667242749,,5056.0,0.0,,0.0
heldout:63:244,heldout,63,B8,0,9.355798839889776,,3884.5,0.0,,0.0
heldout:63:245,heldout,63,B6,0,6.055705786832132,,3008.5,0.0,,0.0
heldout:63:246,heldout,63,B2,0,7.048690741345418,,2499.0,0.0,,0.0
heldout:63:247,heldout,63,B8,0,6.96207340779462,,2383.0,0.0,,0.0
heldout:63:248,heldout,63,B2,0,6.5687112634005596,,3011.5,0.0,,0.0
heldout:63:249,heldout,63,B2,0,4.832361172470298,,3808.0,0.0,,0.0
heldout:63:250,heldout,63,B6,0,5.781106497709426,,2641.5,0.0,,0.0
heldout:63:251,heldout,63,B6,0,6.5576744562719,,2182.5,0.0,,0.0
heldout:63:252,heldout,63,B2,0,7.065169552579109,,8547.0,0.0,,0.0
heldout:63:253,heldout,63,B8,0,6.805603103324346,,2900.0,0.0,,0.0
heldout:63:254,heldout,63,B6,0,6.899619124536596,,3687.0,0.0,,0.0
heldout:63:255,heldout,63,B2,0,6.652417440723616,,2600.0,0.0,,0.0
heldout:63:256,heldout,63,B8,0,6.120187671602203,,3388.0,0.0,,0.0
heldout:63:257,heldout,63,B8,0,8.543215546587414,,2864.0,0.0,,0.0
heldout:63:258,heldout,63,B8,0,7.98443326955723,,2537.5,0.0,,0.0
heldout:63:259,heldout,63,B6,0,5.376181202738954,,3985.0,0.0,,0.0
heldout:63:260,heldout,63,B4,0,5.158477042157945,,1804.5,0.0,,0.0
heldout:63:261,heldout,63,B8,0,7.019975769522432,,5209.0,0.0,,0.0
heldout:63:262,heldout,63,B6,0,6.064211728199254,,3119.5,0.0,,0.0
heldout:63:263,heldout,63,B2,0,6.7722725836048365,,4378.0,0.0,,0.0
heldout:63:264,heldout,63,B4,0,10.388063504285991,,4104.0,0.0,,0.0
heldout:63:265,heldout,63,B8,0,5.480750488170743,,2529.0,0.0,,0.0
heldout:63:266,heldout,63,B6,0,9.385095807594794,,5056.0,0.0,,0.0
heldout:63:267,heldout,63,B4,0,10.5978379549512,,3504.5,0.0,,0.0
heldout:63:268,heldout,63,B8,0,9.519460601107754,,3525.0,0.0,,0.0
heldout:63:269,heldout,63,B4,0,6.8968608624805245,,3492.5,0.0,,0.0
heldout:63:270,heldout,63,B4,0,6.82577929262618,,2694.0,0.0,,0.0
heldout:63:271,heldout,63,B6,0,4.2941507266079775,,2538.0,0.0,,0.0
heldout:63:272,heldout,63,B8,0,11.026952907709914,,2712.5,0.0,,0.0
heldout:63:273,heldout,63,B4,0,6.739959465933396,,2994.0,0.0,,0.0
heldout:63:274,heldout,63,B6,0,6.741529603209699,,2872.5,0.0,,0.0
heldout:63:275,heldout,63,B4,0,7.247215323144944,,3704.0,0.0,,0.0
heldout:63:276,heldout,63,B8,0,8.388142344833371,,3082.0,0.0,,0.0
heldout:63:277,heldout,63,B2,0,10.97239793401206,,3228.0,0.0,,0.0
heldout:63:278,heldout,63,B4,0,7.479866247397533,,1599.0,0.0,,0.0
heldout:63:279,heldout,63,B2,0,7.20999718240647,,1870.0,0.0,,0.0
heldout:63:280,heldout,63,B6,0,4.950433959122549,,1932.0,0.0,,0.0
heldout:63:281,heldout,63,B6,0,8.59853279044994,,3390.0,0.0,,0.0
heldout:63:282,heldout,63,B8,0,5.4404992029029335,,3847.0,0.0,,0.0
heldout:63:283,heldout,63,B2,0,9.760784043024742,,3151.5,0.0,,0.0
heldout:63:284,heldout,63,B6,0,4.340513145053795,,2886.0,0.0,,0.0
heldout:63:285,heldout,63,B2,0,7.831902784220466,,6624.0,0.0,,0.0
heldout:63:286,heldout,63,B4,0,6.690961546428609,,2709.5,0.0,,0.0
heldout:63:287,heldout,63,B4,0,9.440805898969952,,3496.5,0.0,,0.0
heldout:63:288,heldout,63,B2,0,8.65812461901368,,2427.5,0.0,,0.0
heldout:63:289,heldout,63,B6,0,10.659168514435581,,3390.0,0.0,,0.0
heldout:63:290,heldout,63,B8,0,4.909095464512058,,4436.0,0.0,,0.0
heldout:63:291,heldout,63,B6,0,8.229481989044903,,3864.0,0.0,,0.0
heldout:63:292,heldout,63,B4,0,5.915097378410952,,2715.5,0.0,,0.0
heldout:63:293,heldout,63,B2,0,8.484781520927868,,2980.0,0.0,,0.0
heldout:63:294,heldout,63,B2,0,6.25703389617865,,2683.0,0.0,,0.0
heldout:63:295,heldout,63,B4,0,6.221088838868614,,1731.5,0.0,,0.0
heldout:63:296,heldout,63,B8,0,5.219489666697896,,2383.0,0.0,,0.0
heldout:63:297,heldout,63,B6,0,9.155331150710222,,2096.0,0.0,,0.0
heldout:63:298,heldout,63,B2,0,7.333262355381435,,6157.0,0.0,,0.0
heldout:63:299,heldout,63,B8,0,11.365208970155699,,1639.0,0.0,,0.0
heldout:63:300,heldout,63,B6,0,11.410476606179756,,3119.5,0.0,,0.0
heldout:63:301,heldout,63,B6,0,9.203579704751569,,3864.0,0.0,,0.0
heldout:63:302,heldout,63,B6,0,4.323119894260796,,2698.5,0.0,,0.0
heldout:63:303,heldout,63,B8,0,4.2606964662949345,,2639.0,0.0,,0.0
heldout:63:304,heldout,63,B4,0,10.751970020906537,,4484.5,0.0,,0.0
heldout:63:305,heldout,63,B8,0,8.83332950447732,,2692.5,0.0,,0.0
heldout:63:306,heldout,63,B4,0,4.399435705174073,,2333.5,0.0,,0.0
heldout:63:307,heldout,63,B6,0,9.30788155236667,,2236.5,0.0,,0.0
heldout:63:308,heldout,63,B8,0,8.285161701689162,,2383.0,0.0,,0.0
heldout:63:309,heldout,63,B8,0,9.784611483154118,,4807.0,0.0,,0.0
heldout:63:310,heldout,63,B6,0,10.167560368171099,,2096.0,0.0,,0.0
heldout:63:311,heldout,63,B8,0,5.948795511852303,,4177.5,0.0,,0.0
heldout:63:312,heldout,63,B4,0,8.34262675362048,,3606.0,0.0,,0.0
heldout:63:313,heldout,63,B2,0,8.611751598284723,,2600.0,0.0,,0.0
heldout:63:314,heldout,63,B8,0,9.58480674641987,,3592.5,0.0,,0.0
heldout:63:315,heldout,63,B8,0,9.401006546265869,,4094.5,0.0,,0.0
heldout:63:316,heldout,63,B4,0,4.211711467002503,,2404.5,0.0,,0.0
heldout:63:317,heldout,63,B2,0,10.694885574737537,,2543.0,0.0,,0.0
heldout:63:318,heldout,63,B6,0,11.150587510596727,,2142.0,0.0,,0.0
heldout:63:319,heldout,63,B4,0,11.132142546644696,,5257.5,0.0,,0.0
heldout:63:320,heldout,63,B2,0,8.730230416958587,,2049.5,0.0,,0.0
heldout:63:321,heldout,63,B8,0,10.289172726080263,,4807.0,0.0,,0.0
heldout:63:322,heldout,63,B4,0,4.48244317033509,,2214.0,0.0,,0.0
heldout:63:323,heldout,63,B4,0,5.325221980996481,,4313.0,0.0,,0.0
heldout:63:324,heldout,63,B8,0,6.457370093964938,,4225.5,0.0,,0.0
heldout:63:325,heldout,63,B2,0,10.61330072124505,,9130.0,0.0,,0.0
heldout:63:326,heldout,63,B2,0,8.242518364725314,,2816.5,0.0,,0.0
heldout:63:327,heldout,63,B2,0,9.55192259751117,,6944.0,0.0,,0.0
heldout:63:328,heldout,63,B6,0,5.6598611957160525,,3218.0,0.0,,0.0
heldout:63:329,heldout,63,B2,0,9.038965321503445,,2485.5,0.0,,0.0
heldout:63:330,heldout,63,B6,0,8.331643931169358,,3523.5,0.0,,0.0
heldout:63:331,heldout,63,B4,0,4.62618394114171,,3170.5,0.0,,0.0
heldout:63:332,heldout,63,B8,0,9.458582683817681,,3195.0,0.0,,0.0
heldout:63:333,heldout,63,B4,0,6.048946357058833,,2650.0,0.0,,0.0
heldout:63:334,heldout,63,B8,0,10.127386018554457,,3232.0,0.0,,0.0
heldout:63:335,heldout,63,B2,0,8.100799432142505,,4554.5,0.0,,0.0
heldout:63:336,heldout,63,B6,0,4.0245743429013086,,1744.5,0.0,,0.0
heldout:63:337,heldout,63,B2,0,10.720155479872837,,3366.0,0.0,,0.0
heldout:63:338,heldout,63,B4,0,8.371991444989543,,4104.0,0.0,,0.0
heldout:63:339,heldout,63,B8,0,7.4396437897176515,,2909.0,0.0,,0.0
heldout:63:340,heldout,63,B4,0,6.460951955787909,,3656.5,0.0,,0.0
heldout:63:341,heldout,63,B4,0,5.016276633276739,,3395.5,0.0,,0.0
heldout:63:342,heldout,63,B4,0,8.36468289472247,,3117.0,0.0,,0.0
heldout:63:343,heldout,63,B8,0,5.019234953430651,,2692.5,0.0,,0.0
heldout:63:344,heldout,63,B8,0,11.49955553532518,,3592.5,0.0,,0.0
heldout:63:345,heldout,63,B6,0,4.313517085772507,,2701.5,0.0,,0.0
heldout:63:346,heldout,63,B8,0,10.147270578967902,,2657.5,0.0,,0.0
heldout:63:347,heldout,63,B8,0,4.282802816020646,,3484.5,0.0,,0.0
heldout:63:348,heldout,63,B4,0,6.16613775778012,,2784.5,0.0,,0.0
heldout:63:349,heldout,63,B4,0,9.116543784861154,,3012.0,0.0,,0.0
heldout:63:350,heldout,63,B4,0,10.438334174086041,,2523.5,0.0,,0.0
heldout:63:351,heldout,63,B2,0,5.022752770988729,,2992.0,0.0,,0.0
heldout:63:352,heldout,63,B2,0,10.862841191429133,,2222.5,0.0,,0.0
heldout:63:353,heldout,63,B6,0,6.04452488806052,,1574.0,0.0,,0.0
heldout:63:354,heldout,63,B8,0,4.697293116089975,,3973.0,0.0,,0.0
heldout:63:355,heldout,63,B4,0,10.736466758964555,,5339.0,0.0,,0.0
heldout:63:356,heldout,63,B2,0,8.109215183728077,,1891.5,0.0,,0.0
heldout:63:357,heldout,63,B4,0,4.242570349377893,,1774.5,0.0,,0.0
heldout:63:358,heldout,63,B6,0,7.42207547390808,,2440.0,0.0,,0.0
heldout:63:359,heldout,63,B4,0,9.986940794074595,,2274.0,0.0,,0.0
heldout:63:360,heldout,63,B4,0,4.738764825608061,,4313.0,0.0,,0.0
heldout:63:361,heldout,63,B6,0,8.964562295665518,,1514.0,0.0,,0.0
heldout:63:362,heldout,63,B8,0,7.109018865919702,,3521.5,0.0,,0.0
heldout:63:363,heldout,63,B6,0,6.925994191596929,,2291.0,0.0,,0.0
heldout:63:364,heldout,63,B2,0,9.95553337226334,,1988.5,0.0,,0.0
heldout:63:365,heldout,63,B8,0,4.5554001577662815,,3521.5,0.0,,0.0
heldout:63:366,heldout,63,B2,0,9.54536359455587,,3063.5,0.0,,0.0
heldout:63:367,heldout,63,B6,0,5.806014653214938,,2054.0,0.0,,0.0
heldout:63:368,heldout,63,B8,0,9.918239148061788,,2507.0,0.0,,0.0
heldout:63:369,heldout,63,B4,0,4.051713995340172,,1887.0,0.0,,0.0
heldout:63:370,heldout,63,B2,0,10.658908028208494,,2892.5,0.0,,0.0
heldout:63:371,heldout,63,B4,0,11.28661037182476,,1774.5,0.0,,0.0
heldout:63:372,heldout,63,B2,0,11.301189347340257,,6624.0,0.0,,0.0
heldout:63:373,heldout,63,B2,0,9.167946624191496,,2741.5,0.0,,0.0
heldout:63:374,heldout,63,B4,0,4.784807197051903,,2859.0,0.0,,0.0
heldout:63:375,heldout,63,B2,0,11.264330495822517,,4469.5,0.0,,0.0
heldout:63:376,heldout,63,B8,0,10.755082250151032,,3809.0,0.0,,0.0
heldout:63:377,heldout,63,B8,0,8.432732740813819,,2623.5,0.0,,0.0
heldout:63:378,heldout,63,B6,0,8.746093666886075,,2485.5,0.0,,0.0
heldout:63:379,heldout,63,B8,0,10.069054403723639,,3484.5,0.0,,0.0
heldout:63:380,heldout,63,B6,0,7.052346647881057,,2490.0,0.0,,0.0
heldout:63:381,heldout,63,B8,0,7.911220151376696,,3809.0,0.0,,0.0
heldout:63:382,heldout,63,B4,0,8.29175294047354,,3443.5,0.0,,0.0
heldout:63:383,heldout,63,B6,0,7.5428958758408235,,3864.0,0.0,,0.0
heldout:63:384,heldout,63,B6,0,4.205449602119002,,2635.0,0.0,,0.0
heldout:63:385,heldout,63,B2,0,5.542887606782539,,2644.5,0.0,,0.0
heldout:63:386,heldout,63,B2,0,8.377422826955307,,6647.5,0.0,,0.0
heldout:63:387,heldout,63,B4,0,7.513605013896468,,2144.5,0.0,,0.0
heldout:63:388,heldout,63,B6,0,8.360724262376026,,2490.0,0.0,,0.0
heldout:63:389,heldout,63,B2,0,10.336535032933067,,3011.5,0.0,,0.0
heldout:63:390,heldout,63,B2,0,6.579071209066708,,2600.0,0.0,,0.0
heldout:63:391,heldout,63,B4,0,5.9233937224888615,,2685.0,0.0,,0.0
heldout:63:392,heldout,63,B2,0,7.11788789870808,,2598.5,0.0,,0.0
heldout:63:393,heldout,63,B4,0,6.638650944870564,,1887.0,0.0,,0.0
heldout:63:394,heldout,63,B6,0,6.248916962794217,,2048.5,0.0,,0.0
heldout:63:395,heldout,63,B2,0,11.49591600451131,,3336.5,0.0,,0.0
heldout:63:396,heldout,63,B8,0,7.064008696425425,,5039.0,0.0,,0.0
heldout:63:397,heldout,63,B8,0,11.402813063719751,,2612.5,0.0,,0.0
heldout:63:398,heldout,63,B8,0,10.318823930249764,,3137.5,0.0,,0.0
heldout:63:399,heldout,63,B6,0,9.649961838511247,,2054.0,0.0,,0.0
heldout:63:400,heldout,63,B6,0,5.91901408618301,,2761.0,0.0,,0.0
heldout:63:401,heldout,63,B6,0,9.969935113445416,,2333.0,0.0,,0.0
heldout:63:402,heldout,63,B6,0,7.7539467030512625,,1925.5,0.0,,0.0
heldout:63:403,heldout,63,B6,0,9.877590489583904,,2194.0,0.0,,0.0
heldout:63:404,heldout,63,B2,0,6.022089903378944,,4205.5,0.0,,0.0
heldout:63:405,heldout,63,B2,0,6.017744972950701,,1940.5,0.0,,0.0
heldout:63:406,heldout,63,B8,0,5.755267617469882,,2954.5,0.0,,0.0
heldout:63:407,heldout,63,B4,0,6.114322025835832,,2694.0,0.0,,0.0
heldout:63:408,heldout,63,B4,0,7.5371935703216915,,2848.0,0.0,,0.0
heldout:63:409,heldout,63,B6,0,5.080088944094273,,4935.5,0.0,,0.0
heldout:63:410,heldout,63,B6,0,8.154232921397934,,3390.0,0.0,,0.0
heldout:63:411,heldout,63,B8,0,8.840182805372422,,2786.0,0.0,,0.0
heldout:63:412,heldout,63,B6,0,4.675735747385727,,3304.0,0.0,,0.0
heldout:63:413,heldout,63,B6,0,6.275174990594247,,3987.0,0.0,,0.0
heldout:63:414,heldout,63,B8,0,8.302216555242872,,3746.5,0.0,,0.0
heldout:63:415,heldout,63,B4,0,9.440482546203976,,3395.5,0.0,,0.0
heldout:63:416,heldout,63,B8,0,6.731841939975915,,2112.0,0.0,,0.0
heldout:63:417,heldout,63,B8,0,6.453940294484298,,3746.5,0.0,,0.0
heldout:63:418,heldout,63,B6,0,8.99311960264437,,2918.5,0.0,,0.0
heldout:63:419,heldout,63,B2,0,7.71717243077442,,4630.5,0.0,,0.0
heldout:65:420,heldout,65,B4,1,6.995846870128426,10.995846870128426,3092.0,773.0,4.0,0.25
heldout:65:421,heldout,65,B6,1,4.235347837480347,6.235347837480347,2507.5,1880.625,2.0,0.75
heldout:65:422,heldout,65,B8,1,4.264603381417845,6.264603381417845,2238.0,1119.0,2.0,0.5
heldout:65:423,heldout,65,B6,1,6.343045248256001,10.343045248256,3160.0,3160.0,4.0,1.0
heldout:65:424,heldout,65,B6,1,5.35393295333658,8.35393295333658,1585.5,1189.125,3.0,0.75
heldout:65:425,heldout,65,B2,1,4.277746696413805,10.277746696413805,2008.0,502.0,6.0,0.25
heldout:65:426,heldout,65,B8,1,4.651087366061454,5.151087366061454,4103.5,4103.5,0.5,1.0
heldout:65:427,heldout,65,B6,1,5.414474658793357,11.414474658793356,2480.5,1240.25,6.0,0.5
heldout:65:428,heldout,65,B2,1,5.039693640735777,10.039693640735777,9354.5,7015.875,5.0,0.75
heldout:65:429,heldout,65,B8,1,4.2731377751364645,4.7731377751364645,3020.5,1510.25,0.5,0.5
heldout:65:430,heldout,65,B4,1,10.730910918562074,11.230910918562074,2701.0,2025.75,0.5,0.75
heldout:65:431,heldout,65,B8,1,9.834991504318802,10.584991504318802,1591.5,795.75,0.75,0.5
heldout:65:432,heldout,65,B6,1,4.6406039285798055,6.6406039285798055,2695.0,673.75,2.0,0.25
heldout:65:433,heldout,65,B8,1,5.310220267296277,11.310220267296277,3020.5,1510.25,6.0,0.5
heldout:65:434,heldout,65,B2,1,4.792097153712465,9.792097153712465,7959.5,7959.5,5.0,1.0
heldout:65:435,heldout,65,B8,1,4.543350678175983,8.543350678175983,1827.5,913.75,4.0,0.5
heldout:65:436,heldout,65,B6,1,5.433748572006207,7.433748572006207,2847.0,1423.5,2.0,0.5
heldout:65:437,heldout,65,B6,1,8.844272512835271,10.844272512835271,3186.5,2389.875,2.0,0.75
heldout:65:438,heldout,65,B2,1,8.801350424492426,9.551350424492426,4737.0,2368.5,0.75,0.5
heldout:65:439,heldout,65,B8,1,6.1002171845672315,8.100217184567231,3186.0,796.5,2.0,0.25
heldout:65:440,heldout,65,B4,1,9.9065661670431,10.6565661670431,3803.0,3803.0,0.75,1.0
heldout:65:441,heldout,65,B6,1,6.834897842260613,9.834897842260613,1937.5,968.75,3.0,0.5
heldout:65:442,heldout,65,B2,1,5.320661625536827,10.320661625536827,1987.0,1490.25,5.0,0.75
heldout:65:443,heldout,65,B4,1,7.2126951020436705,10.212695102043671,5185.5,5185.5,3.0,1.0
heldout:65:444,heldout,65,B8,1,8.717047047070118,10.717047047070118,3020.5,1510.25,2.0,0.5
heldout:65:445,heldout,65,B2,1,7.325123872042109,10.32512387204211,4811.0,4811.0,3.0,1.0
heldout:65:446,heldout,65,B4,1,7.496016843494884,9.496016843494884,2821.0,1410.5,2.0,0.5
heldout:65:447,heldout,65,B8,1,7.157749679916718,8.65774967991672,4715.5,1178.875,1.5,0.25
heldout:65:448,heldout,65,B4,1,5.223628262255817,8.223628262255817,3409.0,852.25,3.0,0.25
heldout:65:449,heldout,65,B4,1,4.569353759472532,10.569353759472532,2505.5,626.375,6.0,0.25
heldout:65:450,heldout,65,B8,1,5.54466507452964,6.29466507452964,1975.0,987.5,0.75,0.5
heldout:65:451,heldout,65,B4,1,6.88420886062984,9.88420886062984,2104.5,2104.5,3.0,1.0
heldout:65:452,heldout,65,B4,1,6.184435382046355,7.184435382046355,2885.5,1442.75,1.0,0.5
heldout:65:453,heldout,65,B4,1,6.3895172629833965,7.8895172629833965,2815.5,1407.75,1.5,0.5
heldout:65:454,heldout,65,B8,1,8.963420737627231,9.963420737627231,3712.0,2784.0,1.0,0.75
heldout:65:455,heldout,65,B2,1,8.7902226497389,9.5402226497389,3955.5,988.875,0.75,0.25
heldout:65:456,heldout,65,B2,1,9.156674764272069,10.156674764272069,3598.0,899.5,1.0,0.25
heldout:65:457,heldout,65,B4,1,7.251069918999189,10.251069918999189,2835.0,1417.5,3.0,0.5
heldout:65:458,heldout,65,B4,1,6.050548843451961,11.05054884345196,2505.5,2505.5,5.0,1.0
heldout:65:459,heldout,65,B4,1,5.312278037780191,11.31227803778019,3123.0,1561.5,6.0,0.5
heldout:65:460,heldout,65,B4,1,7.534115798777344,10.534115798777343,2243.5,2243.5,3.0,1.0
heldout:65:461,heldout,65,B6,1,4.261113080572978,8.26111308057298,3427.5,3427.5,4.0,1.0
heldout:65:462,heldout,65,B8,1,8.062288524223451,9.062288524223451,4103.5,3077.625,1.0,0.75
heldout:65:463,heldout,65,B4,1,4.770854068210268,6.770854068210268,2445.5,1222.75,2.0,0.5
heldout:65:464,heldout,65,B2,1,7.010870922770066,11.010870922770067,5291.0,3968.25,4.0,0.75
heldout:65:465,heldout,65,B2,1,8.052984402336051,10.052984402336051,2506.5,626.625,2.0,0.25
heldout:65:466,heldout,65,B2,1,8.19112325587328,10.19112325587328,4609.5,3457.125,2.0,0.75
heldout:65:467,heldout,65,B2,1,5.241486358564565,5.991486358564565,2461.0,1845.75,0.75,0.75
heldout:65:468,heldout,65,B4,1,4.231531689297854,8.231531689297853,2836.0,709.0,4.0,0.25
heldout:65:469,heldout,65,B2,1,6.566194658345999,8.566194658346,5002.0,2501.0,2.0,0.5
heldout:65:470,heldout,65,B2,1,4.911693029157117,6.911693029157117,2796.5,1398.25,2.0,0.5
heldout:65:471,heldout,65,B6,1,5.037924142229199,7.037924142229199,3170.5,2377.875,2.0,0.75
heldout:65:472,heldout,65,B4,1,4.92654777328068,10.92654777328068,1699.5,1699.5,6.0,1.0
heldout:65:473,heldout,65,B8,1,6.458042134400527,10.458042134400527,3823.5,3823.5,4.0,1.0
heldout:65:474,heldout,65,B4,1,5.202921830522465,7.202921830522465,2607.0,2607.0,2.0,1.0
heldout:65:475,heldout,65,B6,1,8.020302216736694,9.020302216736694,2695.0,2021.25,1.0,0.75
heldout:65:476,heldout,65,B4,1,9.20271111385742,10.20271111385742,3409.0,2556.75,1.0,0.75
heldout:65:477,heldout,65,B8,1,4.246041895898742,8.246041895898742,1591.5,1193.625,4.0,0.75
heldout:65:478,heldout,65,B4,1,5.958391916248228,10.958391916248228,5007.5,2503.75,5.0,0.5
heldout:65:479,heldout,65,B6,1,7.498392826724314,8.998392826724313,2849.5,712.375,1.5,0.25
heldout:65:480,heldout,65,B6,1,4.358141066365152,8.358141066365153,3061.0,2295.75,4.0,0.75
heldout:65:481,heldout,65,B4,1,4.663139439182367,6.663139439182367,2821.0,705.25,2.0,0.25
heldout:65:482,heldout,65,B8,1,4.885139096762676,10.885139096762675,6328.5,4746.375,6.0,0.75
heldout:65:483,heldout,65,B2,1,9.227269830560985,9.727269830560985,9354.5,4677.25,0.5,0.5
heldout:65:484,heldout,65,B8,1,7.543009042523524,8.043009042523524,3139.0,1569.5,0.5,0.5
heldout:65:485,heldout,65,B4,1,5.272427541518761,6.772427541518761,1628.0,1628.0,1.5,1.0
heldout:65:486,heldout,65,B6,1,6.66940517310699,7.16940517310699,2107.0,1053.5,0.5,0.5
heldout:65:487,heldout,65,B8,1,5.128739843936037,8.128739843936037,2880.0,720.0,3.0,0.25
heldout:65:488,heldout,65,B4,1,7.25650947309508,8.756509473095079,2002.5,2002.5,1.5,1.0
heldout:65:489,heldout,65,B2,1,8.338875550122138,11.338875550122138,3989.0,1994.5,3.0,0.5
heldout:65:490,heldout,65,B4,1,5.218036061787078,11.218036061787078,3599.0,3599.0,6.0,1.0
heldout:65:491,heldout,65,B6,1,4.132509148980419,4.632509148980419,1612.0,1209.0,0.5,0.75
heldout:65:492,heldout,65,B4,1,7.6512008811586885,8.651200881158688,3334.5,3334.5,1.0,1.0
heldout:65:493,heldout,65,B6,1,9.657802238755181,10.657802238755181,2148.5,1074.25,1.0,0.5
heldout:65:494,heldout,65,B8,1,5.557628752284447,10.557628752284447,3332.5,833.125,5.0,0.25
heldout:65:495,heldout,65,B2,1,5.264313219313143,8.264313219313143,6328.0,3164.0,3.0,0.5
heldout:65:496,heldout,65,B4,1,5.178042744818011,8.178042744818011,2760.0,2070.0,3.0,0.75
heldout:65:497,heldout,65,B2,1,6.337872066469726,7.087872066469726,3944.0,986.0,0.75,0.25
heldout:65:498,heldout,65,B4,1,4.596114140180039,8.596114140180038,1734.0,433.5,4.0,0.25
heldout:65:499,heldout,65,B6,1,4.703984485937351,8.703984485937351,2685.0,1342.5,4.0,0.5
heldout:65:500,heldout,65,B8,1,4.875507269065851,10.875507269065851,2817.0,1408.5,6.0,0.5
heldout:65:501,heldout,65,B6,1,4.087613903788076,5.587613903788076,4760.0,4760.0,1.5,1.0
heldout:65:502,heldout,65,B6,1,6.452804801546183,6.952804801546183,1899.0,1899.0,0.5,1.0
heldout:65:503,heldout,65,B8,1,5.327661460703517,7.327661460703517,3755.5,1877.75,2.0,0.5
heldout:65:504,heldout,65,B8,1,7.18600619051972,11.18600619051972,2851.5,2138.625,4.0,0.75
heldout:65:505,heldout,65,B8,1,5.181216033073391,5.681216033073391,2880.0,720.0,0.5,0.25
heldout:65:506,heldout,65,B6,1,6.519762702284535,10.519762702284535,3638.5,2728.875,4.0,0.75
heldout:65:507,heldout,65,B2,1,4.825484800069513,10.825484800069514,1974.5,1974.5,6.0,1.0
heldout:65:508,heldout,65,B4,1,4.726923675853403,5.726923675853403,3719.0,3719.0,1.0,1.0
heldout:65:509,heldout,65,B2,1,4.745977300575434,10.745977300575433,3989.0,1994.5,6.0,0.5
heldout:65:510,heldout,65,B2,1,6.076325652595931,6.576325652595931,2155.0,1077.5,0.5,0.5
heldout:65:511,heldout,65,B2,1,6.318693439536107,8.318693439536107,3249.5,812.375,2.0,0.25
heldout:65:512,heldout,65,B6,1,8.89590847511764,9.64590847511764,1612.0,403.0,0.75,0.25
heldout:65:513,heldout,65,B2,1,4.08668609186126,4.58668609186126,1624.0,406.0,0.5,0.25
heldout:65:514,heldout,65,B2,1,9.074635910302952,9.574635910302952,3296.5,1648.25,0.5,0.5
heldout:65:515,heldout,65,B2,1,4.721252369467178,7.721252369467178,3105.0,2328.75,3.0,0.75
heldout:65:516,heldout,65,B4,1,6.064901677805846,11.064901677805846,3092.0,773.0,5.0,0.25
heldout:65:517,heldout,65,B6,1,5.726203175063528,6.226203175063528,3638.5,2728.875,0.5,0.75
heldout:65:518,heldout,65,B8,1,8.197312542889431,9.197312542889431,2238.0,1119.0,1.0,0.5
heldout:65:519,heldout,65,B2,1,4.816976999673634,5.816976999673634,4364.5,3273.375,1.0,0.75
heldout:65:520,heldout,65,B6,1,9.78373829154524,11.28373829154524,1702.0,851.0,1.5,0.5
heldout:65:521,heldout,65,B2,1,7.315245010093836,9.315245010093836,5040.0,5040.0,2.0,1.0
heldout:65:522,heldout,65,B4,1,5.70763801272321,10.70763801272321,3409.0,852.25,5.0,0.25
heldout:65:523,heldout,65,B2,1,8.261251915815242,9.261251915815242,3202.5,2401.875,1.0,0.75
heldout:65:524,heldout,65,B6,1,4.690797011578193,8.690797011578194,2814.0,2814.0,4.0,1.0
heldout:65:525,heldout,65,B2,1,4.725960316138325,8.725960316138325,6052.5,1513.125,4.0,0.25
heldout:65:526,heldout,65,B8,1,9.301646127772045,10.301646127772045,4344.5,3258.375,1.0,0.75
heldout:65:527,heldout,65,B4,1,4.9798104941563235,9.979810494156323,3149.0,2361.75,5.0,0.75
heldout:65:528,heldout,65,B2,1,6.945250355132009,9.945250355132009,3598.0,1799.0,3.0,0.5
heldout:65:529,heldout,65,B8,1,7.774138980678249,8.774138980678249,3022.5,3022.5,1.0,1.0
heldout:65:530,heldout,65,B8,1,6.964317849485059,10.96431784948506,4103.5,3077.625,4.0,0.75
heldout:65:531,heldout,65,B4,1,6.063691578965363,10.063691578965363,3127.5,1563.75,4.0,0.5
heldout:65:532,heldout,65,B6,1,4.985614645331505,7.985614645331505,2335.5,1751.625,3.0,0.75
heldout:65:533,heldout,65,B4,1,5.959273541792298,7.459273541792298,2956.5,2217.375,1.5,0.75
heldout:65:534,heldout,65,B4,1,7.719257601080858,10.719257601080859,1923.5,961.75,3.0,0.5
heldout:65:535,heldout,65,B8,1,5.775935756329365,9.775935756329364,2851.5,712.875,4.0,0.25
heldout:65:536,heldout,65,B6,1,4.267642944502515,8.267642944502516,2350.0,1762.5,4.0,0.75
heldout:65:537,heldout,65,B4,1,5.5513085771299195,10.55130857712992,3149.0,1574.5,5.0,0.5
heldout:65:538,heldout,65,B6,1,5.827498707008477,7.327498707008477,2851.0,712.75,1.5,0.25
heldout:65:539,heldout,65,B4,1,8.406296602277841,11.406296602277841,1651.0,1238.25,3.0,0.75
heldout:65:540,heldout,65,B2,1,8.96334291947883,9.71334291947883,2893.0,2893.0,0.75,1.0
heldout:65:541,heldout,65,B6,1,8.950439817019143,9.950439817019143,1590.5,1192.875,1.0,0.75
heldout:65:542,heldout,65,B4,1,4.952609746424008,5.702609746424008,2909.0,2181.75,0.75,0.75
heldout:65:543,heldout,65,B6,1,5.904886638745824,9.904886638745824,3730.0,2797.5,4.0,0.75
heldout:65:544,heldout,65,B4,1,4.313389120654653,5.813389120654653,2818.5,704.625,1.5,0.25
heldout:65:545,heldout,65,B6,1,4.320296886328789,4.820296886328789,3638.5,3638.5,0.5,1.0
heldout:65:546,heldout,65,B6,1,5.765305600491046,7.765305600491046,3139.5,3139.5,2.0,1.0
heldout:65:547,heldout,65,B4,1,8.96402697035326,10.46402697035326,2043.5,1021.75,1.5,0.5
heldout:65:548,heldout,65,B4,1,9.402669089052452,11.402669089052452,3464.5,2598.375,2.0,0.75
heldout:65:549,heldout,65,B8,1,4.284075017108009,7.284075017108009,2833.5,1416.75,3.0,0.5
heldout:65:550,heldout,65,B6,1,6.171988924570509,11.17198892457051,5478.0,2739.0,5.0,0.5
heldout:65:551,heldout,65,B4,1,9.801652464403356,10.801652464403356,1699.5,1274.625,1.0,0.75
heldout:65:552,heldout,65,B8,1,8.988825021673666,10.488825021673666,4103.5,3077.625,1.5,0.75
heldout:65:553,heldout,65,B6,1,8.890989412375472,9.390989412375472,2851.0,712.75,0.5,0.25
heldout:65:554,heldout,65,B4,1,5.735848017631472,7.735848017631472,2998.0,749.5,2.0,0.25
heldout:65:555,heldout,65,B2,1,5.408049045088312,11.408049045088312,3252.0,813.0,6.0,0.25
heldout:65:556,heldout,65,B8,1,9.100847802894364,10.100847802894364,3037.5,3037.5,1.0,1.0
heldout:65:557,heldout,65,B6,1,5.498121183276821,5.998121183276821,3286.5,821.625,0.5,0.25
heldout:65:558,heldout,65,B8,1,4.203641695698131,10.203641695698131,2817.0,704.25,6.0,0.25
heldout:65:559,heldout,65,B6,1,7.723086252663552,9.223086252663553,2746.0,2059.5,1.5,0.75
heldout:65:560,heldout,65,B6,1,5.92186272388091,10.92186272388091,2484.5,1863.375,5.0,0.75
heldout:65:561,heldout,65,B6,1,6.9818788698652945,10.981878869865294,2849.5,2849.5,4.0,1.0
heldout:65:562,heldout,65,B6,1,6.389440902945607,7.889440902945607,2956.0,1478.0,1.5,0.5
heldout:65:563,heldout,65,B8,1,5.375005971799082,10.375005971799082,3386.5,846.625,5.0,0.25
heldout:65:564,heldout,65,B6,1,6.263191646826932,8.263191646826932,3359.0,1679.5,2.0,0.5
heldout:65:565,heldout,65,B8,1,7.135727323236781,7.635727323236781,2833.5,2833.5,0.5,1.0
heldout:65:566,heldout,65,B8,1,7.26543201935371,11.26543201935371,3086.0,1543.0,4.0,0.5
heldout:65:567,heldout,65,B8,1,6.304776873617836,7.054776873617836,2716.5,679.125,0.75,0.25
heldout:65:568,heldout,65,B2,1,7.286965349652269,10.28696534965227,2658.0,2658.0,3.0,1.0
heldout:65:569,heldout,65,B6,1,8.568947180838588,10.068947180838588,2912.5,2912.5,1.5,1.0
heldout:65:570,heldout,65,B4,1,5.477418896079534,7.477418896079534,2747.5,2747.5,2.0,1.0
heldout:65:571,heldout,65,B6,1,4.244338136735308,8.244338136735308,3730.0,2797.5,4.0,0.75
heldout:65:572,heldout,65,B8,1,5.133242806510318,11.133242806510317,2438.0,1828.5,6.0,0.75
heldout:65:573,heldout,65,B2,1,5.579886574628983,7.579886574628983,2796.5,699.125,2.0,0.25
heldout:65:574,heldout,65,B6,1,4.381157825284377,5.881157825284377,2808.0,2808.0,1.5,1.0
heldout:65:575,heldout,65,B8,1,6.646754766235528,7.396754766235528,4201.0,1050.25,0.75,0.25
heldout:65:576,heldout,65,B6,1,4.883805100950503,10.883805100950504,3246.5,3246.5,6.0,1.0
heldout:65:577,heldout,65,B4,1,6.486876766924622,7.236876766924622,3560.0,1780.0,0.75,0.5
heldout:65:578,heldout,65,B4,1,4.358277524166339,4.858277524166339,2815.5,703.875,0.5,0.25
heldout:65:579,heldout,65,B4,1,4.186623073735239,5.686623073735239,3201.0,1600.5,1.5,0.5
heldout:65:580,heldout,65,B2,1,7.477075209483653,10.477075209483653,6768.5,3384.25,3.0,0.5
heldout:65:581,heldout,65,B4,1,10.036770175365632,11.036770175365632,2683.5,2012.625,1.0,0.75
heldout:65:582,heldout,65,B2,1,5.253735670409694,10.253735670409693,4568.0,2284.0,5.0,0.5
heldout:65:583,heldout,65,B4,1,7.061636558097714,7.561636558097714,2492.0,1869.0,0.5,0.75
heldout:65:584,heldout,65,B8,1,8.036147645536456,11.036147645536456,2844.0,2133.0,3.0,0.75
heldout:65:585,heldout,65,B4,1,4.7453223534778575,8.745322353477857,2409.5,1204.75,4.0,0.5
heldout:65:586,heldout,65,B2,1,6.949075356900326,8.949075356900327,9354.5,4677.25,2.0,0.5
heldout:65:587,heldout,65,B6,1,8.116426245232587,9.616426245232587,3968.5,3968.5,1.5,1.0
heldout:65:588,heldout,65,B8,1,7.819351318881309,8.81935131888131,3460.0,3460.0,1.0,1.0
heldout:65:589,heldout,65,B2,1,8.452086628588114,9.202086628588114,3105.0,776.25,0.75,0.25
heldout:65:590,heldout,65,B8,1,4.779749727073259,6.779749727073259,2844.0,2844.0,2.0,1.0
heldout:65:591,heldout,65,B2,1,5.095077617810701,6.595077617810701,2357.0,589.25,1.5,0.25
heldout:65:592,heldout,65,B4,1,10.266940604996066,11.016940604996066,3296.0,1648.0,0.75,0.5
heldout:65:593,heldout,65,B2,1,4.594446301330224,10.594446301330224,2916.0,1458.0,6.0,0.5
heldout:65:594,heldout,65,B8,1,5.487582152957993,10.487582152957993,2633.0,2633.0,5.0,1.0
heldout:65:595,heldout,65,B4,1,8.272526549061975,9.022526549061975,1739.0,1304.25,0.75,0.75
heldout:65:596,heldout,65,B6,1,7.120324845874355,11.120324845874354,4760.0,3570.0,4.0,0.75
heldout:65:597,heldout,65,B2,1,6.166457711841365,7.666457711841365,4525.0,2262.5,1.5,0.5
heldout:65:598,heldout,65,B6,1,5.056891126140995,11.056891126140995,1624.5,812.25,6.0,0.5
heldout:65:599,heldout,65,B6,1,5.416003894415682,6.916003894415682,3139.5,3139.5,1.5,1.0
heldout:65:600,heldout,65,B4,1,4.3866315390986,4.8866315390986,4453.0,4453.0,0.5,1.0
heldout:65:601,heldout,65,B8,1,7.910257038302882,8.660257038302882,3086.0,771.5,0.75,0.25
heldout:65:602,heldout,65,B2,1,7.329313233146952,9.329313233146951,4939.5,3704.625,2.0,0.75
heldout:65:603,heldout,65,B4,1,5.96680407762939,7.96680407762939,1523.0,1142.25,2.0,0.75
heldout:65:604,heldout,65,B8,1,4.290378259173563,10.290378259173563,3050.5,3050.5,6.0,1.0
heldout:65:605,heldout,65,B4,1,8.243403637400592,8.743403637400592,3488.0,3488.0,0.5,1.0
heldout:65:606,heldout,65,B6,1,9.945951307742904,11.445951307742904,3133.0,783.25,1.5,0.25
heldout:65:607,heldout,65,B6,1,5.705164894204408,9.705164894204408,3359.0,2519.25,4.0,0.75
heldout:65:608,heldout,65,B6,1,8.361811364570144,9.111811364570144,3186.5,1593.25,0.75,0.5
heldout:65:609,heldout,65,B6,1,6.264090706127842,11.264090706127842,2817.0,704.25,5.0,0.25
heldout:65:610,heldout,65,B4,1,7.277991149652736,8.777991149652735,2845.5,711.375,1.5,0.25
heldout:65:611,heldout,65,B8,1,9.788527163824604,11.288527163824604,2445.5,1222.75,1.5,0.5
heldout:65:612,heldout,65,B8,1,6.925530279021727,9.925530279021727,2988.5,2241.375,3.0,0.75
heldout:65:613,heldout,65,B8,1,10.108437314145313,10.608437314145313,3714.0,1857.0,0.5,0.5
heldout:65:614,heldout,65,B2,1,4.894382822950896,9.894382822950895,5002.0,1250.5,5.0,0.25
heldout:65:615,heldout,65,B8,1,5.327392279771244,7.327392279771244,4344.5,4344.5,2.0,1.0
heldout:65:616,heldout,65,B6,1,6.506235802340748,7.256235802340748,3521.0,3521.0,0.75,1.0
heldout:65:617,heldout,65,B4,1,5.702980280849854,8.702980280849854,2883.5,2883.5,3.0,1.0
heldout:65:618,heldout,65,B8,1,7.168580028065332,10.168580028065332,2988.5,1494.25,3.0,0.5
heldout:65:619,heldout,65,B2,1,10.537639062157716,11.037639062157716,2410.5,602.625,0.5,0.25
heldout:65:620,heldout,65,B6,1,5.229960526604714,11.229960526604714,3246.5,1623.25,6.0,0.5
heldout:65:621,heldout,65,B6,1,8.159951805260468,9.659951805260468,3170.5,1585.25,1.5,0.5
heldout:65:622,heldout,65,B8,1,9.584085157605308,11.084085157605308,4186.5,3139.875,1.5,0.75
heldout:65:623,heldout,65,B4,1,7.419472387578075,10.419472387578075,2437.0,1218.5,3.0,0.5
heldout:65:624,heldout,65,B8,1,7.677592989210771,8.42759298921077,2534.0,2534.0,0.75,1.0
heldout:65:625,heldout,65,B8,1,5.176696381853178,11.176696381853178,2630.0,2630.0,6.0,1.0
heldout:65:626,heldout,65,B4,1,8.847740698257784,9.347740698257784,4665.5,2332.75,0.5,0.5
heldout:65:627,heldout,65,B2,1,7.475162636121167,11.475162636121167,7959.5,3979.75,4.0,0.5
heldout:65:628,heldout,65,B2,1,4.719839128457215,10.719839128457215,1935.5,1935.5,6.0,1.0
heldout:65:629,heldout,65,B8,1,9.354164640990577,9.854164640990577,2646.0,1984.5,0.5,0.75
heldout:65:630,heldout,65,B6,0,6.201857815919152,,2817.0,0.0,,0.0
heldout:65:631,heldout,65,B4,0,4.921378564066543,,1699.0,0.0,,0.0
heldout:65:632,heldout,65,B8,0,10.176499984028247,,1975.0,0.0,,0.0
heldout:65:633,heldout,65,B2,0,8.445011280311023,,3745.5,0.0,,0.0
heldout:65:634,heldout,65,B4,0,5.862896081283925,,5007.5,0.0,,0.0
heldout:65:635,heldout,65,B2,0,4.1925209327629505,,4651.5,0.0,,0.0
heldout:65:636,heldout,65,B6,0,10.030275560184705,,2281.0,0.0,,0.0
heldout:65:637,heldout,65,B6,0,6.68606209805114,,1590.5,0.0,,0.0
heldout:65:638,heldout,65,B6,0,11.028039922280556,,3671.0,0.0,,0.0
heldout:65:639,heldout,65,B4,0,4.055210621700143,,3273.0,0.0,,0.0
heldout:65:640,heldout,65,B2,0,6.565598832825042,,1987.0,0.0,,0.0
heldout:65:641,heldout,65,B8,0,5.736313858860127,,2901.5,0.0,,0.0
heldout:65:642,heldout,65,B8,0,6.1085081393815095,,2817.0,0.0,,0.0
heldout:65:643,heldout,65,B4,0,6.104208159013811,,3172.5,0.0,,0.0
heldout:65:644,heldout,65,B8,0,11.174143493757033,,3386.5,0.0,,0.0
heldout:65:645,heldout,65,B2,0,6.228026177821979,,4737.0,0.0,,0.0
heldout:65:646,heldout,65,B6,0,5.855734137147023,,2956.0,0.0,,0.0
heldout:65:647,heldout,65,B8,0,6.43384483836763,,4225.5,0.0,,0.0
heldout:65:648,heldout,65,B6,0,9.52654853862595,,1624.5,0.0,,0.0
heldout:65:649,heldout,65,B8,0,6.845344810256134,,3777.5,0.0,,0.0
heldout:65:650,heldout,65,B4,0,5.699109555685631,,2415.0,0.0,,0.0
heldout:65:651,heldout,65,B4,0,4.119243184342005,,2104.5,0.0,,0.0
heldout:65:652,heldout,65,B2,0,6.180740281598568,,4203.0,0.0,,0.0
heldout:65:653,heldout,65,B2,0,10.995964441992541,,2724.0,0.0,,0.0
heldout:65:654,heldout,65,B2,0,11.281518892541987,,2421.5,0.0,,0.0
heldout:65:655,heldout,65,B4,0,9.51786530909029,,2948.5,0.0,,0.0
heldout:65:656,heldout,65,B4,0,7.2489800098018105,,1933.0,0.0,,0.0
heldout:65:657,heldout,65,B4,0,9.062966489052306,,3123.0,0.0,,0.0
heldout:65:658,heldout,65,B6,0,4.092219458535624,,1585.5,0.0,,0.0
heldout:65:659,heldout,65,B2,0,6.371234943287924,,6768.5,0.0,,0.0
heldout:65:660,heldout,65,B6,0,10.193238559580074,,2075.5,0.0,,0.0
heldout:65:661,heldout,65,B2,0,7.806437416608281,,2119.0,0.0,,0.0
heldout:65:662,heldout,65,B4,0,10.155755019867046,,3831.5,0.0,,0.0
heldout:65:663,heldout,65,B4,0,10.086379150659898,,4543.0,0.0,,0.0
heldout:65:664,heldout,65,B2,0,5.736818627971919,,3732.5,0.0,,0.0
heldout:65:665,heldout,65,B2,0,5.277390522596686,,2611.5,0.0,,0.0
heldout:65:666,heldout,65,B8,0,8.793543356987907,,2238.0,0.0,,0.0
heldout:65:667,heldout,65,B6,0,5.617728814524465,,4713.5,0.0,,0.0
heldout:65:668,heldout,65,B2,0,7.813588105583951,,3933.0,0.0,,0.0
heldout:65:669,heldout,65,B6,0,6.6468874263859945,,2784.0,0.0,,0.0
heldout:65:670,heldout,65,B8,0,6.985547914952159,,1591.5,0.0,,0.0
heldout:65:671,heldout,65,B2,0,6.08558173055532,,9354.5,0.0,,0.0
heldout:65:672,heldout,65,B4,0,6.840225882732908,,6693.0,0.0,,0.0
heldout:65:673,heldout,65,B2,0,7.679990521223557,,1832.0,0.0,,0.0
heldout:65:674,heldout,65,B2,0,8.333950935376444,,4111.5,0.0,,0.0
heldout:65:675,heldout,65,B4,0,10.923964292818887,,2104.5,0.0,,0.0
heldout:65:676,heldout,65,B2,0,4.7616994786630205,,1774.0,0.0,,0.0
heldout:65:677,heldout,65,B8,0,8.846108801930734,,2745.5,0.0,,0.0
heldout:65:678,heldout,65,B6,0,9.194762542649958,,1937.5,0.0,,0.0
heldout:65:679,heldout,65,B8,0,11.22617346958112,,4443.0,0.0,,0.0
heldout:65:680,heldout,65,B2,0,4.0488599166543064,,3232.0,0.0,,0.0
heldout:65:681,heldout,65,B8,0,7.6157882704646696,,3403.5,0.0,,0.0
heldout:65:682,heldout,65,B2,0,6.271732077902509,,2461.0,0.0,,0.0
heldout:65:683,heldout,65,B6,0,9.826826729731057,,2178.5,0.0,,0.0
heldout:65:684,heldout,65,B2,0,10.13070034999723,,4733.5,0.0,,0.0
heldout:65:685,heldout,65,B8,0,10.1194665053258,,2445.5,0.0,,0.0
heldout:65:686,heldout,65,B6,0,7.6409935176165416,,2148.5,0.0,,0.0
heldout:65:687,heldout,65,B2,0,11.413376728326671,,5809.0,0.0,,0.0
heldout:65:688,heldout,65,B6,0,10.907929703779613,,1948.5,0.0,,0.0
heldout:65:689,heldout,65,B4,0,7.691733519990072,,2184.0,0.0,,0.0
heldout:65:690,heldout,65,B6,0,8.628850327112534,,4974.5,0.0,,0.0
heldout:65:691,heldout,65,B2,0,4.8398479740376015,,4203.0,0.0,,0.0
heldout:65:692,heldout,65,B2,0,7.263475119353849,,2638.5,0.0,,0.0
heldout:65:693,heldout,65,B4,0,7.603249546942195,,2001.5,0.0,,0.0
heldout:65:694,heldout,65,B4,0,4.8974053394925585,,2815.5,0.0,,0.0
heldout:65:695,heldout,65,B4,0,9.215045462474365,,3401.5,0.0,,0.0
heldout:65:696,heldout,65,B8,0,11.184959777858147,,3050.5,0.0,,0.0
heldout:65:697,heldout,65,B2,0,5.118889558702909,,3296.5,0.0,,0.0
heldout:65:698,heldout,65,B6,0,5.380394677909231,,2456.0,0.0,,0.0
heldout:65:699,heldout,65,B6,0,5.221445998374295,,2797.0,0.0,,0.0
heldout:65:700,heldout,65,B4,0,7.153083781956302,,1597.0,0.0,,0.0
heldout:65:701,heldout,65,B8,0,9.652216428691302,,4103.5,0.0,,0.0
heldout:65:702,heldout,65,B8,0,8.296870616853049,,1591.5,0.0,,0.0
heldout:65:703,heldout,65,B8,0,8.43349291036321,,3712.0,0.0,,0.0
heldout:65:704,heldout,65,B6,0,4.848889197676705,,1583.0,0.0,,0.0
heldout:65:705,heldout,65,B2,0,6.733960273958827,,7900.0,0.0,,0.0
heldout:65:706,heldout,65,B2,0,11.114307072123204,,7371.0,0.0,,0.0
heldout:65:707,heldout,65,B2,0,8.907549075227251,,4298.0,0.0,,0.0
heldout:65:708,heldout,65,B2,0,9.130403182435584,,3254.5,0.0,,0.0
heldout:65:709,heldout,65,B2,0,8.14370764561328,,3252.0,0.0,,0.0
heldout:65:710,heldout,65,B2,0,6.968611885417438,,2724.0,0.0,,0.0
heldout:65:711,heldout,65,B2,0,4.1664634164557,,2956.0,0.0,,0.0
heldout:65:712,heldout,65,B8,0,8.531970017068812,,2221.0,0.0,,0.0
heldout:65:713,heldout,65,B8,0,7.205431044222715,,3403.5,0.0,,0.0
heldout:65:714,heldout,65,B6,0,5.647226049784666,,3427.5,0.0,,0.0
heldout:65:715,heldout,65,B4,0,5.915217923082132,,1734.0,0.0,,0.0
heldout:65:716,heldout,65,B6,0,5.809436082198097,,3139.5,0.0,,0.0
heldout:65:717,heldout,65,B8,0,11.396948710765436,,2817.0,0.0,,0.0
heldout:65:718,heldout,65,B8,0,6.038014057263725,,2716.5,0.0,,0.0
heldout:65:719,heldout,65,B6,0,9.647122458584457,,2849.5,0.0,,0.0
heldout:65:720,heldout,65,B2,0,4.202786145535035,,3866.0,0.0,,0.0
heldout:65:721,heldout,65,B2,0,10.630122702722456,,2008.0,0.0,,0.0
heldout:65:722,heldout,65,B6,0,4.226809737679764,,2817.0,0.0,,0.0
heldout:65:723,heldout,65,B8,0,7.484101299465915,,3186.0,0.0,,0.0
heldout:65:724,heldout,65,B6,0,7.980445051503396,,1583.0,0.0,,0.0
heldout:65:725,heldout,65,B6,0,6.684438623606775,,2685.0,0.0,,0.0
heldout:65:726,heldout,65,B2,0,8.460772542935384,,2916.0,0.0,,0.0
heldout:65:727,heldout,65,B4,0,10.402184620333548,,2760.0,0.0,,0.0
heldout:65:728,heldout,65,B4,0,4.2979788523439595,,2551.5,0.0,,0.0
heldout:65:729,heldout,65,B6,0,5.465222177789606,,2826.5,0.0,,0.0
heldout:65:730,heldout,65,B2,0,7.3546613797526295,,4111.5,0.0,,0.0
heldout:65:731,heldout,65,B8,0,11.393603242831428,,2745.5,0.0,,0.0
heldout:65:732,heldout,65,B6,0,9.424249535085139,,1590.0,0.0,,0.0
heldout:65:733,heldout,65,B4,0,11.463661561679363,,6693.0,0.0,,0.0
heldout:65:734,heldout,65,B6,0,10.801665718496695,,2507.5,0.0,,0.0
heldout:65:735,heldout,65,B2,0,11.37055260995626,,1974.5,0.0,,0.0
heldout:65:736,heldout,65,B2,0,7.173787619647642,,6264.0,0.0,,0.0
heldout:65:737,heldout,65,B8,0,8.728111353025529,,3714.0,0.0,,0.0
heldout:65:738,heldout,65,B4,0,10.088642851594823,,2026.5,0.0,,0.0
heldout:65:739,heldout,65,B6,0,4.947339918130277,,2148.5,0.0,,0.0
heldout:65:740,heldout,65,B8,0,6.543486456626647,,3086.0,0.0,,0.0
heldout:65:741,heldout,65,B8,0,10.41015558420293,,4400.5,0.0,,0.0
heldout:65:742,heldout,65,B2,0,9.495581486602058,,2708.0,0.0,,0.0
heldout:65:743,heldout,65,B8,0,11.074768464597888,,3714.0,0.0,,0.0
heldout:65:744,heldout,65,B4,0,7.517706451834627,,2909.0,0.0,,0.0
heldout:65:745,heldout,65,B2,0,7.114416222698154,,2789.0,0.0,,0.0
heldout:65:746,heldout,65,B2,0,5.977181682477208,,4768.5,0.0,,0.0
heldout:65:747,heldout,65,B4,0,4.378212941325977,,2253.5,0.0,,0.0
heldout:65:748,heldout,65,B8,0,5.147156170639027,,2534.0,0.0,,0.0
heldout:65:749,heldout,65,B4,0,9.1995094835871,,3886.0,0.0,,0.0
heldout:65:750,heldout,65,B4,0,7.675142343455471,,3262.5,0.0,,0.0
heldout:65:751,heldout,65,B6,0,6.432715828576443,,2350.0,0.0,,0.0
heldout:65:752,heldout,65,B6,0,5.5546830708535335,,2281.0,0.0,,0.0
heldout:65:753,heldout,65,B2,0,9.045861839973803,,3321.5,0.0,,0.0
heldout:65:754,heldout,65,B2,0,4.780966159305642,,1500.5,0.0,,0.0
heldout:65:755,heldout,65,B6,0,10.046432381301084,,2861.5,0.0,,0.0
heldout:65:756,heldout,65,B4,0,10.894414977501036,,2093.0,0.0,,0.0
heldout:65:757,heldout,65,B8,0,9.620757664392826,,3020.5,0.0,,0.0
heldout:65:758,heldout,65,B4,0,5.561628707692819,,3888.5,0.0,,0.0
heldout:65:759,heldout,65,B2,0,11.26539192950366,,3202.5,0.0,,0.0
heldout:65:760,heldout,65,B4,0,11.27571337155661,,3886.0,0.0,,0.0
heldout:65:761,heldout,65,B2,0,4.021775853160891,,2743.0,0.0,,0.0
heldout:65:762,heldout,65,B8,0,7.713326203020138,,2863.5,0.0,,0.0
heldout:65:763,heldout,65,B6,0,11.339542616415738,,3638.5,0.0,,0.0
heldout:65:764,heldout,65,B6,0,7.33645837759533,,3006.5,0.0,,0.0
heldout:65:765,heldout,65,B8,0,10.7165798827576,,2817.0,0.0,,0.0
heldout:65:766,heldout,65,B6,0,6.344360465505805,,1701.5,0.0,,0.0
heldout:65:767,heldout,65,B2,0,10.010534208520872,,2021.5,0.0,,0.0
heldout:65:768,heldout,65,B8,0,6.361440389927919,,2221.0,0.0,,0.0
heldout:65:769,heldout,65,B4,0,8.133024733178868,,3719.0,0.0,,0.0
heldout:65:770,heldout,65,B8,0,7.337861889034322,,3798.5,0.0,,0.0
heldout:65:771,heldout,65,B2,0,5.905342899468835,,2506.5,0.0,,0.0
heldout:65:772,heldout,65,B6,0,10.037239705563746,,3367.0,0.0,,0.0
heldout:65:773,heldout,65,B4,0,5.38925853324634,,3719.0,0.0,,0.0
heldout:65:774,heldout,65,B6,0,4.662618463140349,,2791.5,0.0,,0.0
heldout:65:775,heldout,65,B8,0,5.902352407972126,,1827.5,0.0,,0.0
heldout:65:776,heldout,65,B4,0,8.91698910407819,,5185.5,0.0,,0.0
heldout:65:777,heldout,65,B8,0,7.3829823725537205,,1591.5,0.0,,0.0
heldout:65:778,heldout,65,B8,0,7.098868099245916,,3306.0,0.0,,0.0
heldout:65:779,heldout,65,B6,0,5.784845656619571,,1702.0,0.0,,0.0
heldout:65:780,heldout,65,B2,0,5.304475441454148,,6052.5,0.0,,0.0
heldout:65:781,heldout,65,B6,0,4.701331331620462,,2602.5,0.0,,0.0
heldout:65:782,heldout,65,B6,0,5.638199937738712,,1968.0,0.0,,0.0
heldout:65:783,heldout,65,B4,0,8.91815124563774,,3092.0,0.0,,0.0
heldout:65:784,heldout,65,B6,0,4.1720067389456315,,2811.0,0.0,,0.0
heldout:65:785,heldout,65,B8,0,7.827972404189038,,2043.5,0.0,,0.0
heldout:65:786,heldout,65,B8,0,4.153157970894838,,4201.0,0.0,,0.0
heldout:65:787,heldout,65,B6,0,9.306092618584263,,2811.0,0.0,,0.0
heldout:65:788,heldout,65,B6,0,6.546041426755261,,2587.0,0.0,,0.0
heldout:65:789,heldout,65,B4,0,11.024812475684286,,4543.0,0.0,,0.0
heldout:65:790,heldout,65,B6,0,8.397041709437863,,3286.5,0.0,,0.0
heldout:65:791,heldout,65,B4,0,5.3784155912888805,,4116.5,0.0,,0.0
heldout:65:792,heldout,65,B8,0,9.427756238515212,,3186.0,0.0,,0.0
heldout:65:793,heldout,65,B8,0,7.412553363433464,,4186.5,0.0,,0.0
heldout:65:794,heldout,65,B2,0,8.713228770342303,,2736.5,0.0,,0.0
heldout:65:795,heldout,65,B4,0,9.118198321642723,,3616.0,0.0,,0.0
heldout:65:796,heldout,65,B2,0,8.420023269602606,,2506.5,0.0,,0.0
heldout:65:797,heldout,65,B2,0,7.380817544982815,,3252.0,0.0,,0.0
heldout:65:798,heldout,65,B6,0,9.12639894278282,,1899.0,0.0,,0.0
heldout:65:799,heldout,65,B8,0,5.657793968530702,,3186.0,0.0,,0.0
heldout:65:800,heldout,65,B8,0,4.894881272214047,,4344.5,0.0,,0.0
heldout:65:801,heldout,65,B4,0,10.645881088674834,,3262.5,0.0,,0.0
heldout:65:802,heldout,65,B2,0,7.896600882425712,,2357.0,0.0,,0.0
heldout:65:803,heldout,65,B2,0,8.727966376128567,,2421.5,0.0,,0.0
heldout:65:804,heldout,65,B8,0,7.6374312221481535,,3729.0,0.0,,0.0
heldout:65:805,heldout,65,B6,0,6.455167172436363,,5652.0,0.0,,0.0
heldout:65:806,heldout,65,B4,0,4.858551010662345,,2941.5,0.0,,0.0
heldout:65:807,heldout,65,B6,0,7.918099873915327,,4071.0,0.0,,0.0
heldout:65:808,heldout,65,B4,0,5.039728538122345,,2212.0,0.0,,0.0
heldout:65:809,heldout,65,B8,0,10.785202341668334,,4103.5,0.0,,0.0
heldout:65:810,heldout,65,B4,0,8.42643946217243,,2956.5,0.0,,0.0
heldout:65:811,heldout,65,B6,0,5.710057398228161,,3631.0,0.0,,0.0
heldout:65:812,heldout,65,B8,0,10.340932975909155,,3777.5,0.0,,0.0
heldout:65:813,heldout,65,B6,0,10.547160119328595,,1583.0,0.0,,0.0
heldout:65:814,heldout,65,B2,0,9.218148964422898,,5291.0,0.0,,0.0
heldout:65:815,heldout,65,B2,0,8.614356627097841,,1682.5,0.0,,0.0
heldout:65:816,heldout,65,B2,0,11.289404065138571,,2258.5,0.0,,0.0
heldout:65:817,heldout,65,B6,0,11.322745627792335,,2285.5,0.0,,0.0
heldout:65:818,heldout,65,B8,0,8.848380036820132,,4400.5,0.0,,0.0
heldout:65:819,heldout,65,B2,0,10.07598524790303,,1675.0,0.0,,0.0
heldout:65:820,heldout,65,B8,0,4.489431253711942,,2863.5,0.0,,0.0
heldout:65:821,heldout,65,B8,0,9.66723158178923,,2817.0,0.0,,0.0
heldout:65:822,heldout,65,B6,0,11.194871500540486,,2425.0,0.0,,0.0
heldout:65:823,heldout,65,B6,0,10.327813794954203,,2847.0,0.0,,0.0
heldout:65:824,heldout,65,B8,0,6.09530533425184,,3777.5,0.0,,0.0
heldout:65:825,heldout,65,B4,0,6.970501404658425,,3171.5,0.0,,0.0
heldout:65:826,heldout,65,B6,0,5.678046065085376,,1885.0,0.0,,0.0
heldout:65:827,heldout,65,B4,0,6.019356989779938,,1994.5,0.0,,0.0
heldout:65:828,heldout,65,B8,0,4.799636806775549,,5638.5,0.0,,0.0
heldout:65:829,heldout,65,B4,0,5.235463673540471,,1644.0,0.0,,0.0
heldout:65:830,heldout,65,B2,0,10.456473752967499,,4854.0,0.0,,0.0
heldout:65:831,heldout,65,B6,0,8.822778033225237,,2930.0,0.0,,0.0
heldout:65:832,heldout,65,B8,0,9.210120452779673,,3575.0,0.0,,0.0
heldout:65:833,heldout,65,B2,0,6.184978984750503,,4364.5,0.0,,0.0
heldout:65:834,heldout,65,B6,0,7.0812355915291105,,5478.0,0.0,,0.0
heldout:65:835,heldout,65,B2,0,5.021536012331994,,2021.5,0.0,,0.0
heldout:65:836,heldout,65,B2,0,8.764791752623642,,3989.0,0.0,,0.0
heldout:65:837,heldout,65,B2,0,5.676615785907457,,2005.0,0.0,,0.0
heldout:65:838,heldout,65,B2,0,9.81510425441445,,1980.5,0.0,,0.0
heldout:65:839,heldout,65,B6,0,5.334402350523043,,2148.5,0.0,,0.0
