pulse_shape_harmonics,pileup_sideband,saturation_clipping,pedestal_noise_color,pid_separation,timing_residual,energy_scale
0,0,0,0,1,-0.9463954,-0.3915152
0,0,0,0,1,1.057332,-0.3086419
0,0,0,0,1,-0.25527668,-0.6387872
0,0,0,0,0,-0.9770634,-0.23112878
0,0,0,1,0,-1.1184728,0.63421255
0,1,0,0,0,7.0136843,-0.17928381
0,1,0,0,0,6.9688005,-0.14053865
1,1,0,0,0,6.6804028,0.42814073
1,1,0,0,0,10.461549,0.101183474
1,1,0,0,0,8.57207,0.122078635
1,1,0,0,0,8.667967,0.2030741
0,1,0,0,0,3.2644823,0.27944285
0,0,0,1,0,-2.1671357,-0.846804
0,0,0,0,1,-1.297879,-0.16490944
0,0,0,0,1,-1.1266243,-0.0037125319
0,0,0,1,1,-0.9435842,0.16815902
0,0,0,1,0,-1.5769541,-0.12953256
0,0,0,0,1,1.160048,-0.97927594
0,0,0,0,1,1.00739,-1.8044921
1,1,0,0,0,10.239703,0.117157295
1,0,0,0,1,1.199225,-0.21064268
0,0,0,0,1,0.7779286,-0.38237044
0,0,0,0,1,1.0547993,-0.15568116
0,0,0,0,1,0.7038765,0.2952687
0,0,0,1,1,-1.0002787,0.23452497
0,0,0,0,1,-0.036405087,0.46897244
0,0,0,0,1,-1.3114483,0.051511865
0,0,0,0,1,0.19023252,-0.05122827
0,0,0,0,1,1.0227897,0.2864628
0,0,0,0,1,-0.5498018,-0.4591104
0,0,0,0,1,-0.8350389,-0.00052950525
0,0,0,0,1,-1.7777588,0.048563275
0,0,0,0,1,-1.8033662,0.075277284
1,0,1,0,0,0.29038572,0.18404725
0,0,0,0,1,-0.073381424,-0.53668356
0,0,0,0,1,-0.76697946,-0.09690814
0,0,0,0,1,-0.31724787,-0.09388551
0,0,0,1,0,-2.950147,-0.047236532
1,1,0,0,0,4.5812073,0.4009448
0,0,0,0,1,1.050391,-0.644513
0,0,0,0,1,1.3331406,-0.4579014
0,0,0,0,1,0.8365965,0.37216806
0,0,0,0,1,2.1114476,0.22825703
0,0,0,0,1,0.5798764,-0.8133742
0,0,0,1,1,-1.0281289,-0.8017087
0,0,0,1,0,-3.4656286,-1.0471004
0,0,0,0,1,-1.077358,-0.052715257
0,0,0,0,1,-0.96541023,-0.45440036
0,0,0,0,1,-1.519093,0.3303122
1,1,0,0,0,9.752146,-0.8272081
0,0,0,0,1,-0.061389446,-0.610052
0,0,0,0,1,-0.30398178,-0.74562824
0,0,0,0,1,-1.087929,0.3393922
0,0,1,1,1,-0.29940844,0.05519102
0,0,0,1,1,2.4022386,0.032806914
0,0,0,0,1,2.3936005,-0.4685976
0,0,0,0,1,3.2925434,-0.013449052
0,0,0,0,1,0.85181,-0.4550651
0,0,0,0,0,-1.6214242,0.73132014
0,1,0,0,0,8.249461,0.26799214
1,1,1,0,1,-0.19507694,0.26920003
0,0,0,0,1,-0.9592016,-0.10895497
0,0,0,0,1,0.21857142,-0.09542776
0,0,0,0,0,-1.8315067,0.0047789696
0,0,0,1,0,0.72372913,-1.4611703
1,1,0,0,0,5.167411,0.22651638
0,0,0,0,1,1.6597865,-0.085309006
0,0,0,0,1,-0.70150304,-0.28681394
0,0,0,0,0,0.38233995,0.0011838704
0,0,0,0,0,0.25990963,-0.067249596
1,1,0,0,0,5.5840893,0.632696
1,1,0,0,0,6.877241,0.46619362
0,1,0,0,0,7.786623,0.13174315
1,1,0,1,0,8.84271,0.43713295
0,0,0,0,1,-0.10075164,0.18952315
0,0,1,0,0,-0.2846446,0.1521516
0,0,0,1,0,-3.4690704,-0.53713727
0,0,0,0,1,0.054112434,-0.74843943
0,0,0,0,1,-0.9277775,0.018012218
0,0,0,0,1,-0.07744908,0.25060835
0,0,0,0,0,-1.5584507,0.35121432
1,1,1,0,1,-0.018196583,0.14571251
0,0,0,0,0,-0.30467653,0.0218107
0,0,0,1,0,-2.0914893,0.40139496
1,1,0,0,0,4.4989386,0.3379959
0,0,0,1,1,-1.281224,-1.0861679
0,0,1,0,1,1.2437072,-0.71597254
0,0,0,0,1,-0.011975527,0.47312933
0,0,0,1,0,0.23122072,-0.13214694
1,1,0,0,0,8.947548,-0.3081837
1,1,0,0,0,8.664801,0.1328967
1,0,0,0,0,0.20964527,-0.03386258
1,0,1,0,0,0.16217089,0.0917732
0,0,0,0,1,-1.3691177,-0.66079795
1,0,1,0,0,0.18418169,0.23895642
0,0,0,0,1,1.464705,-0.9691495
0,0,0,0,1,1.5907078,-1.0747043
0,0,1,0,0,-0.5608411,0.30844247
1,0,0,0,1,0.4050889,0.56106436
1,0,1,1,0,0.15813541,0.28306615
0,0,0,0,1,-1.2277315,0.36102405
0,0,0,0,1,3.4225752,0.19105168
1,0,1,0,0,0.1923647,0.20957124
0,0,0,0,1,-0.99886966,-0.7522069
1,1,0,0,0,5.7783136,0.21331605
1,0,1,0,0,-0.017302513,0.105117016
0,1,0,0,0,7.8315983,-0.2306512
0,1,0,0,0,7.7415085,-0.21056199
0,0,1,0,1,-0.06837535,0.039953448
1,0,1,0,0,0.122618675,0.09197569
0,0,0,0,1,0.25709867,-0.31045696
0,0,0,0,1,-0.67601514,-0.59272355
1,1,0,0,0,6.4548864,0.04468959
0,0,0,0,1,2.2263944,-0.27907267
0,0,0,1,0,-3.2372093,-0.09236761
1,0,0,0,0,1.0539436,-0.08707122
0,0,0,0,1,3.189122,-0.5082409
0,0,0,0,1,3.296072,-0.11855765
0,0,0,0,1,-0.8842521,0.011372601
0,0,0,0,1,-0.49853063,0.048899412
0,0,0,1,1,-0.7340689,0.21045007
0,0,0,1,0,-2.7477312,-0.28680015
0,0,0,1,0,-2.865698,0.09072028
0,0,0,0,0,-1.6711397,0.035094306
0,0,0,0,1,-1.1100719,-0.06619861
0,1,0,0,0,4.190007,0.24314243
0,0,0,1,0,-4.004612,-0.65387213
1,1,0,0,1,11.050868,-0.21928504
0,0,0,1,0,-2.3598366,0.2476005
0,0,0,0,0,-0.26505947,-0.14866498
0,0,1,1,0,-0.76559186,0.12705538
0,0,0,0,1,1.787327,0.23824047
1,0,1,0,0,0.22162437,0.21763892
0,0,0,0,1,0.61486435,-1.5264108
0,0,1,0,0,-0.21786118,0.12900837
0,0,0,1,0,-2.6315231,0.017412117
0,0,0,0,1,-0.7411432,-0.1851694
0,0,0,0,0,0.27330923,-0.07839089
0,0,0,0,1,-0.8449366,-0.6744145
0,0,0,1,0,-3.2668333,-0.35036772
1,1,0,0,0,9.551856,0.3435309
0,0,0,0,1,1.8246768,0.1812846
0,0,0,0,1,2.096597,-0.0001764602
0,0,1,0,0,-0.7077279,0.33356187
0,1,0,0,1,3.369428,0.16574098
1,0,1,0,0,0.18075418,0.11664032
0,0,0,0,1,-1.0985091,0.032806914
0,0,0,0,0,-1.9481852,0.84505033
0,1,0,0,0,4.087433,0.06923385
0,1,0,0,0,4.037508,0.628644
0,1,0,0,0,6.323497,-0.0995041
0,0,0,0,1,0.17654276,-0.26478603
0,0,0,0,1,0.1951313,-0.38079888
1,1,0,0,0,8.209926,-0.1448126
1,0,1,0,0,-0.4925077,0.9122656
0,0,0,0,1,1.2405338,-0.9315746
0,0,0,0,0,-0.1500392,-0.11922622
0,0,0,1,0,-2.8374734,-0.2693233
0,0,0,1,0,-2.276562,-1.1559398
0,0,0,0,1,-0.31736588,0.14235945
0,0,0,0,1,0.7308345,-0.97514737
0,0,0,0,1,-1.4373343,-0.061612498
0,0,0,0,1,-1.1891906,0.12919399
0,0,0,0,1,-0.6921756,0.07267835
0,0,0,1,0,-4.0363836,-0.7642598
0,0,0,0,1,0.9262552,-1.2456474
0,0,0,1,0,-2.596675,0.28431487
0,0,1,0,1,0.098633766,0.16691796
0,0,0,1,1,1.117938,-1.2685353
0,0,0,0,1,2.3695517,0.24635364
1,1,0,0,0,7.8993034,0.04258544
0,0,0,0,1,0.6091347,-0.60991585
0,0,0,0,1,-0.4445951,0.2730171
0,0,0,1,0,-2.884392,-0.011372601
1,1,0,1,1,11.0433,-0.7444448
1,0,0,1,0,-5.782337,-0.8320625
1,1,0,0,0,8.798649,0.11835257
1,1,0,0,0,8.747334,0.6523583
0,0,0,1,1,0.58431005,-1.0094752
1,1,1,0,1,-0.1677208,0.23364021
0,1,0,0,0,7.5046015,-0.29601026
1,1,0,0,1,11.091771,-1.0081192
1,1,0,0,0,9.63105,-0.121827714
0,0,0,0,1,-0.427027,0.11725353
1,1,0,0,0,9.285784,-0.36271802
1,1,0,0,0,8.919695,0.45463946
1,0,0,0,0,0.20994616,0.02318527
1,1,0,1,0,5.290843,0.5840352
1,1,0,0,0,6.3457947,0.06072852
1,1,0,0,0,6.2795124,0.2896653
1,1,0,0,0,10.249954,-0.4339361
0,0,0,0,1,-1.1611998,-0.35212255
0,0,1,0,1,-1.3601885,0.039005697
1,1,0,0,1,10.906333,-0.61516875
1,1,0,0,1,10.64114,-0.38683778
0,0,0,1,0,-2.5416045,-0.36092192
0,0,0,1,0,-2.598127,-0.37727952
0,0,0,0,1,1.5730896,0.3597552
0,0,0,0,1,0.18402028,0.39518762
1,1,0,0,0,9.513875,0.07018035
1,1,0,0,0,9.596436,0.24649936
0,0,0,0,1,1.3788726,-0.6905038
0,0,1,0,0,-0.25823212,0.3250983
0,0,1,0,0,-0.5040674,0.20180081
0,0,0,0,1,0.5514636,-0.22342035
1,0,0,0,0,-0.027614594,-0.16467503
0,0,0,0,1,-0.57581997,-0.01666662
0,0,1,0,0,-0.6733875,0.25152063
0,0,1,1,0,-0.27869654,0.11492686
0,0,0,1,0,-3.6344287,-0.23414436
0,0,0,0,0,-0.051534653,-0.11955972
0,0,0,0,1,0.31568074,0.045027025
0,0,0,0,0,-0.2748351,-0.044945583
1,1,0,0,0,8.634778,0.04258544
1,0,0,1,0,-5.803152,-0.9230539
1,0,1,0,0,0.010943413,0.13043815
0,0,0,1,0,-1.9128311,-0.4505268
1,1,0,0,1,10.145014,-0.6687719
0,0,0,0,1,-1.1705334,0.2611283
0,0,0,0,0,-0.2578559,-0.03700567
0,0,0,0,1,3.6154652,-0.89346325
1,0,0,0,0,0.13892317,0.0030297749
0,0,0,0,1,0.030418634,0.48051378
0,0,0,0,1,0.10424209,-0.35740626
0,0,0,0,1,0.027486801,0.10425
0,0,0,0,1,3.7025568,-0.034281168
0,0,0,0,0,-1.8929102,-0.16804075
0,0,0,0,1,-0.29028344,-1.0192621
0,0,0,0,1,-0.49071503,-0.14579338
0,0,0,0,0,-0.5624151,0.061551966
0,0,0,0,1,1.4236135,-0.44011232
0,0,0,0,0,-0.16765785,0.010525951
0,0,0,0,1,-0.0039224625,-1.3978287
0,0,0,0,0,-0.5176084,0.0030297749
0,0,0,0,1,-0.5823009,0.025436927
0,1,0,0,0,5.256917,-0.75816804
1,1,0,0,0,10.099778,0.34623328
0,0,1,0,0,-0.2935152,0.2970725
1,1,0,0,0,6.4177275,0.31057835
0,0,0,0,1,-0.97458076,-0.035999216
0,0,1,0,0,-0.36522198,0.21543425
0,0,1,0,0,-0.59169245,0.1701633
0,0,0,0,1,0.011975527,0.17382556
1,0,1,0,0,-0.08164358,0.09990797
0,0,0,0,1,1.3971846,-0.002103139
1,1,0,0,0,10.155442,0.07690223
0,0,0,0,1,0.45554805,-0.48175398
1,1,0,0,0,8.814735,0.16616812
1,1,0,0,0,8.46062,-0.21032572
1,0,0,1,0,-5.782337,-0.6380496
0,0,0,0,1,1.5688984,-0.82841945
0,0,0,0,1,1.4652252,-0.32484162
0,0,0,1,1,1.2239134,-0.708646
0,0,0,1,0,-3.1185522,0.27784318
0,0,0,0,1,0.85485315,0.40552977
0,0,1,0,0,-0.35577774,0.17861581
1,1,0,0,1,10.989825,-0.7359881
0,1,0,0,0,7.5761795,-0.5161926
0,0,0,0,1,-0.4160812,0.20838906
0,0,1,0,0,-0.16378927,0.2798833
0,0,0,0,0,-0.042990208,-0.19874805
1,0,1,0,0,0.1287179,0.22499233
1,0,1,0,0,-0.07092333,0.14909661
0,1,0,0,0,5.1497955,-0.12276464
1,1,0,0,0,10.48144,0.27733383
0,0,0,0,0,0.31909323,-0.08731341
1,0,0,0,0,3.3113472,0.29513395
0,0,1,0,0,-0.40293932,0.33303168
0,0,1,0,0,-0.73180604,0.313106
0,0,0,0,0,-2.2324898,0.56832516
0,0,0,0,0,-1.6599941,0.094324216
1,1,1,0,0,-0.7482588,0.28507116
0,0,0,0,1,-0.80025935,0.4646106
0,0,0,0,1,-1.1984394,0.016585875
0,0,0,1,0,-1.6124558,-0.017549427
0,0,1,0,0,-0.19779444,0.32760757
0,0,0,1,0,-3.1984026,0.46987128
1,1,1,0,1,0.05603838,0.18034719
0,0,0,0,1,-0.3358462,0.04269276
0,0,0,0,1,-0.09608531,0.03825652
0,0,0,0,1,-0.3086202,0.4442876
1,1,1,0,0,-0.32915688,0.31871673
0,0,0,0,1,0.67415404,-1.0350337
0,0,1,0,0,0.0083761215,0.3483988
0,0,1,0,0,-0.19832373,0.28094536
0,0,0,0,1,0.49865413,0.20523222
1,0,0,1,0,-5.803152,-0.91510814
1,0,1,0,0,0.21977139,0.29855573
1,0,0,0,1,0.090044975,-0.24313417
1,1,0,0,0,5.3107834,0.20379399
0,0,0,0,1,-1.3948934,0.25513047
1,0,0,0,0,0.83416986,-0.08207886
1,0,0,0,0,0.07688904,0.029383488
1,0,0,0,0,0.16009283,0.047468707
1,1,0,0,0,9.2233095,-0.40344486
1,1,0,0,0,6.7392197,0.2975085
1,1,0,0,0,6.9120693,0.031097805
0,1,0,0,0,3.8961923,0.1446525
1,0,0,1,1,-0.4924276,-0.59491456
0,0,0,0,1,-1.0989742,-0.4383767
0,0,0,0,1,-0.4311216,0.2972969
1,1,1,1,1,-0.7067287,0.22392826
1,0,1,0,0,0.14044571,0.073103994
0,0,0,0,0,-1.9119351,-0.21385819
0,0,0,0,0,-2.0894942,0.060925614
0,1,0,0,0,6.840955,-0.121087
0,1,0,0,0,6.62589,-0.05256395
1,1,1,0,0,-0.38270092,0.33271343
0,0,0,0,1,0.45210934,-0.9239031
1,1,0,0,0,6.9701004,0.043338694
0,0,0,0,1,2.892401,0.21098498
0,0,0,0,0,-2.477309,-0.17021932
0,0,0,0,1,-0.9223895,-0.5641759
1,1,0,1,0,4.766139,0.4592258
0,0,0,0,1,-0.019032478,0.034332793
1,0,0,1,0,-3.5499482,-0.30534554
0,0,0,0,0,-0.5492246,0.0030297749
0,0,0,0,0,-0.4805987,0.54406816
0,0,0,0,1,-1.2433474,-0.020461636
1,0,0,0,0,0.69898295,0.5218746
0,0,0,0,1,-1.3055174,0.025309492
0,0,0,0,1,-1.2858622,0.17369676
0,1,0,0,0,7.221034,-0.23766132
0,1,0,0,0,7.4254284,-0.08312077
0,0,0,0,0,-1.8656499,0.14806938
0,0,0,0,1,3.1751893,-0.822043
1,0,1,0,0,-0.1368413,0.11069657
1,1,0,0,0,8.52778,-0.027147897
0,0,0,0,0,-2.3071659,0.34335816
0,0,0,0,1,-0.5976031,0.2651972
1,1,1,1,0,5.490656,-0.011240258
1,1,0,1,0,5.726981,-0.46237442
0,0,0,0,0,-1.8232057,0.09463007
0,0,0,1,1,-1.4650514,-0.21143365
1,1,0,0,0,8.219597,-0.19929916
0,1,0,0,0,7.745222,0.23122965
0,0,0,0,1,2.2623594,-0.18688461
0,0,1,0,0,-0.12449741,0.06889985
0,0,0,0,1,-0.75707126,-0.9210665
0,0,0,0,1,-0.4662385,-0.51626575
0,0,0,0,0,-1.0913875,0.5309101
0,0,1,0,0,-0.27386093,0.13361533
1,0,0,0,0,-0.01904869,0.053588808
0,0,0,0,1,0.26485562,-0.24343364
0,0,0,0,1,0.19971871,-0.33028004
0,0,0,0,1,0.38181496,-0.04707697
0,0,0,0,1,-0.5197518,0.22388442
0,0,0,0,0,-1.4000194,0.39869103
0,0,0,1,0,-2.6402144,0.041725952
0,0,0,0,0,-2.500495,0.2030741
1,0,0,0,0,0.12963295,-0.030195374
1,0,0,1,0,-3.720746,-0.81214947
0,0,0,0,1,0.61466575,0.26857534
0,0,0,0,1,-1.3158963,-0.267477
0,0,0,1,0,-3.0173726,-0.41619554
0,0,0,1,0,-3.4541616,-0.20102367
0,1,0,0,0,6.1872177,-0.07149311
0,1,0,0,0,7.8300858,0.56742513
0,0,0,0,1,-0.0332942,-0.2466315
0,0,0,0,1,-1.1663723,0.36920816
0,0,0,0,1,1.722367,0.24385576
0,0,0,0,1,-0.59108806,0.10095699
0,0,0,0,1,-0.79058933,0.47768277
1,1,0,0,0,8.3432045,-1.0606011
1,0,1,0,0,-0.13264894,0.15405625
0,0,0,0,0,-0.24551678,0.02787351
0,0,0,0,1,-0.107685804,0.18255682
1,1,0,0,0,5.7849245,0.0431213
0,0,0,0,1,-0.23592353,-0.5040413
1,0,0,0,0,0.35137987,-0.023128208
1,0,1,0,0,0.21667194,0.19488332
0,0,0,0,1,0.47585392,-0.22212598
0,0,0,1,0,-2.1377532,-0.11862371
0,0,1,0,0,-2.1529827,0.08276735
0,1,0,0,0,5.313204,-0.7318245
1,0,0,0,0,0.09913254,-0.023431147
1,1,1,0,1,-0.048084736,0.18053252
0,0,0,0,1,-0.20320392,0.07641192
0,0,0,0,1,-0.2853346,0.20636319
1,1,1,0,1,0.029557228,0.16666198
0,0,0,0,1,0.3425138,-0.3565908
1,0,1,0,0,0.09965038,0.1850931
1,0,1,0,0,-0.062277317,0.15886517
1,1,0,0,1,11.011523,0.015593483
0,0,0,1,1,-1.4794042,0.2596322
1,0,0,0,0,0.0039224625,0.053308245
0,1,0,0,0,8.121063,0.088648915
0,0,0,0,1,-0.84924316,-0.1791298
0,0,1,0,0,-0.6034148,0.16415352
0,0,0,0,0,-0.010382652,-0.034015674
0,0,0,1,0,-2.671558,0.039444674
1,1,0,0,0,10.885755,0.3976752
0,0,0,0,1,-1.1715748,0.47493237
0,0,1,0,0,-0.15730238,0.31877053
0,0,0,0,0,3.6750143,-0.3081837
1,0,1,0,0,0.27403164,0.06599487
0,0,0,0,1,1.702874,-0.15300433
0,0,0,0,1,0.38006377,-1.013662
0,0,0,0,0,-0.13852167,-0.13290724
1,0,1,0,0,-0.033473015,0.15075256
0,0,0,0,0,-1.6957037,0.18994024
0,0,1,0,1,-1.3167169,0.042493455
1,1,0,0,0,8.233871,-0.17714702
0,0,0,0,1,-0.3920486,0.1434302
0,0,0,0,1,-0.08970022,-0.24670593
0,0,0,0,1,-1.463443,-0.5965064
0,0,0,1,1,0.9438877,-0.52723706
1,0,1,0,0,0.09848642,0.063220374
0,1,0,0,0,7.8794355,0.77143735
0,0,0,0,1,-0.28621006,-1.8448646
0,0,0,1,1,-0.05765605,0.1347913
0,0,0,1,1,0.4910841,-0.8447354
0,1,0,1,0,7.576771,-0.14004764
1,1,0,0,0,9.05212,-0.0004202034
0,0,0,0,1,-1.2976332,0.40391275
0,0,0,1,0,-3.287023,-0.7498462
0,0,0,0,0,-0.4516983,-0.21917367
1,1,0,0,1,10.023807,-0.22482131
0,0,0,0,1,-0.46883845,0.44440076
0,0,0,1,1,-8.511543e-05,0.045701563
0,0,0,0,1,-0.71789217,-0.6626047
0,0,0,0,1,0.54552054,-0.20928913
0,0,0,0,1,0.26682377,-0.9603432
0,0,0,0,1,-1.0747485,0.38924074
0,0,0,0,0,-1.8595495,0.83591187
0,0,0,1,0,-2.713738,-0.10397005
0,0,0,0,1,-0.77593064,-0.118434474
0,0,0,0,1,-0.8268559,0.30056852
0,0,0,0,1,-0.25889945,-0.40933838
1,0,1,0,0,0.20866156,0.07646834
1,1,0,0,0,8.926128,-0.023038292
1,0,0,0,0,0.7920451,0.035757724
0,0,0,0,1,-0.5186622,-0.6504846
0,0,0,1,0,-3.1867857,0.08292978
0,1,0,0,0,8.061263,0.20551962
0,0,0,0,0,2.6438854,0.50976634
0,0,0,0,1,-0.37824273,0.20881876
1,0,0,0,0,0.36738157,-0.13054377
0,1,0,0,0,7.043585,-0.119239874
1,1,0,0,0,6.7824383,0.2504258
0,0,0,1,0,-2.7147462,-0.066215366
0,0,0,0,1,-0.6228869,-0.10993933
0,0,0,0,0,-0.67235494,-0.082159184
0,0,1,0,0,-0.5203364,0.09863498
1,0,1,0,0,0.13345623,0.14941527
1,1,0,0,1,10.634804,-1.017308
0,0,0,0,0,-1.769398,0.46682614
0,0,0,0,1,0.55066514,-0.84682167
0,0,0,0,1,-0.040913343,0.38496348
0,0,0,0,1,0.02610588,-0.47402135
0,0,0,1,0,-3.5833173,-0.79505163
0,0,0,0,1,-1.4601259,0.25390303
0,0,0,0,1,-0.2702663,-0.46996832
0,0,0,0,1,0.0563159,-1.2220153
1,1,0,0,0,7.635954,-0.036719345
0,1,0,0,0,7.624221,0.1432773
0,0,0,0,1,0.05026102,-1.8189851
0,0,0,1,0,-3.0038471,0.05740126
0,0,0,0,0,-2.2094715,0.688852
0,0,0,0,1,-0.03166151,-0.268844
0,0,0,0,1,-1.4316299,-0.45464185
0,0,0,0,1,-1.0089753,-0.13668743
0,0,0,0,1,2.3344343,0.23292837
0,0,0,0,1,0.39076567,-0.9493882
0,0,0,0,1,-0.7987821,0.16687961
0,0,0,0,1,0.14634013,0.15974182
0,0,0,0,1,0.9981189,-1.6009642
0,0,0,0,1,0.63620424,-0.79698724
0,0,0,1,0,-3.4451165,-0.3286534
1,1,0,0,0,7.101822,0.031843327
1,1,0,0,1,10.599555,-0.182103
1,1,0,0,1,10.4381485,-0.74289066
0,0,0,0,1,0.7650616,-0.22880627
0,0,0,1,0,-2.836714,-0.39951587
0,0,0,1,0,-3.2304738,0.073136985
0,0,0,1,0,-2.017125,-0.78816074
1,0,0,1,0,-2.6810293,-1.1797278
0,0,0,0,1,3.9404175,-0.18472792
1,0,0,0,0,3.7400625,0.27395678
0,0,0,1,0,-3.6631806,-0.29411408
0,0,0,0,1,-0.33720875,0.2639765
1,1,0,0,1,10.652306,-0.58155936
0,0,0,1,0,-2.4494944,-1.3379793
0,0,0,0,1,1.6704845,-0.9089181
0,0,0,0,1,0.06933117,-0.33725616
1,0,0,0,0,-0.011715889,-0.0022215224
1,1,0,0,0,6.0180826,0.2302617
0,0,0,1,0,-2.526711,-0.011357693
0,0,0,1,0,-2.7130053,-0.71266145
0,0,0,0,0,-1.4414341,-0.15269494
0,0,0,0,1,-0.43143487,0.3013521
0,0,0,1,0,-1.5163584,-0.0011838704
0,0,0,1,0,-2.4912739,0.07297295
1,1,0,0,0,7.9737873,-1.0375206
0,0,0,0,1,0.5597489,0.19439474
0,0,0,0,1,-0.7764809,-0.2937795
0,0,0,1,1,0.37931323,-0.17189436
0,0,0,0,1,0.46998262,0.08696729
0,0,0,0,1,-0.553458,-0.70539767
0,0,0,1,0,-3.5799088,-0.846038
0,0,0,1,0,-3.8823562,-0.28703526
0,0,0,0,1,-0.4183805,-0.65805286
0,0,0,0,0,-0.06622553,-0.120477416
0,0,0,0,0,-1.6571579,-0.686029
1,1,0,0,0,8.49432,0.20508848
0,0,0,1,0,-2.9048367,-0.39401722
1,1,0,1,0,9.884269,-0.09118381
0,0,0,0,1,-0.9632299,-0.7727977
1,0,0,0,1,1.0359912,-0.24436158
0,0,0,0,0,-2.0407188,0.3302943
0,0,0,0,1,0.1366365,0.18123281
0,0,0,0,1,2.5935032,-0.18169977
0,0,0,0,1,2.848789,-0.043457646
0,0,0,0,0,2.5321417,0.683282
1,1,1,0,0,7.580986,0.0001764602
1,0,0,0,0,0.039704084,0.57669747
0,0,1,0,1,-0.1200397,-0.0136228325
0,0,0,0,1,1.1781714,0.3654273
0,0,0,1,0,-3.5943336,-0.48775834
0,0,0,0,0,-0.7701547,-0.06109573
0,0,0,0,1,0.6924162,-0.5472428
0,1,1,1,0,4.9999027,-0.06501478
0,0,0,0,1,0.102287054,0.37932605
0,0,0,0,1,-0.81806564,-0.41551858
1,0,0,0,1,8.511543e-05,0.68205714
1,0,0,1,1,-4.378758,-1.3814957
0,0,0,1,0,-3.4499633,-0.5782349
0,0,0,0,0,0.08945179,-0.036852118
0,1,0,0,0,8.151318,0.4731749
1,0,1,0,0,-0.08693552,0.13562018
0,0,0,1,0,-4.0340424,-1.0075945
0,0,1,1,1,-0.20066333,0.029214405
0,0,0,0,1,-0.057120323,-0.3557584
0,0,0,0,0,-1.5891414,-0.6441929
0,0,0,0,1,2.6188715,0.17117207
0,0,0,0,1,-0.45958066,-0.026825627
0,0,0,0,1,-0.6179347,0.30452356
0,0,0,1,0,-2.8473957,0.40139496
1,1,0,0,0,9.8909,0.06787468
1,1,0,0,1,10.160083,-0.23413908
0,0,0,0,1,-1.1067054,0.015409181
0,0,1,0,0,-0.52950215,0.122614406
1,1,1,0,1,-0.021703243,0.18065606
0,0,0,0,1,-0.2731464,-0.74066764
1,1,0,1,0,-5.409837,-0.5991289
0,0,0,0,1,2.5100515,-0.72269535
0,0,0,0,1,2.4086475,-0.061247647
0,0,0,0,1,0.07091856,-0.7069742
0,0,0,0,0,-1.6070459,-0.16233595
0,1,1,0,0,6.1157246,-0.055552956
0,0,1,0,0,-0.035909176,0.22043248
0,0,0,0,1,-0.40436912,0.32483405
0,0,0,1,0,-3.2471924,-0.24622485
0,0,0,0,1,0.2791984,-0.1439221
0,0,0,0,1,0.46904063,-0.236377
0,0,0,0,1,0.019032478,0.44727603
0,1,0,0,0,4.823429,-0.24214803
1,1,0,0,0,9.761781,-0.3904904
0,0,0,1,0,-3.114382,-0.3042057
1,1,0,0,0,10.446101,0.14647368
1,0,1,0,0,-0.03380394,0.11102771
0,0,0,0,1,3.157347,-0.3689113
0,0,0,1,1,3.2784078,-0.1817923
0,0,0,0,0,2.8237553,0.52554744
1,1,0,0,0,9.811711,0.19645223
1,1,0,0,0,9.919651,0.19395879
1,1,0,0,1,10.178384,-0.2901062
0,0,0,0,1,0.33346605,-1.6811291
0,0,0,0,1,0.6896219,-0.9070836
0,0,0,1,1,-0.25047302,-0.26671633
0,0,0,0,0,-0.23654413,-0.013632319
0,0,1,0,1,-0.52439094,0.13655238
0,1,0,0,0,8.183522,0.16502868
0,0,0,1,0,-2.3728235,-1.0698673
0,0,0,0,1,0.9687724,-0.53579813
0,0,0,0,1,2.0715878,-0.009574526
0,0,0,0,0,-1.0585287,0.45185533
0,0,0,1,0,-4.068661,-0.8798191
0,0,0,0,1,-0.26747108,0.29338065
1,0,0,1,0,-5.782337,-0.9525865
0,1,0,0,0,7.0313797,-0.388053
0,1,0,0,0,7.146903,-0.157332
0,0,0,1,0,-3.3750632,-0.48420593
0,0,0,1,0,-3.3204942,0.07149549
0,1,0,0,0,5.7016544,-0.17189436
1,1,0,0,0,5.507964,-0.047858983
0,0,0,0,1,-0.20223641,0.41056943
0,0,0,0,1,0.88880396,-0.647939
0,0,0,0,1,-0.0474627,0.031843327
1,1,0,0,0,8.980277,0.3379959
0,0,0,0,1,2.1151092,-0.65387213
0,0,0,0,1,2.0132914,-0.7901093
1,1,1,0,1,0.051146984,0.22505142
1,1,0,0,1,10.795188,-0.63083816
0,0,0,0,1,-0.57337856,-0.44708502
0,0,0,0,0,-1.0499699,0.5941999
0,0,0,0,1,0.14640737,0.2355247
0,0,0,0,1,1.9589622,0.040273987
1,0,1,0,0,0.17367172,0.18219893
0,0,0,0,1,-1.2433019,0.5742746
0,0,0,0,0,-2.012707,0.4307746
0,0,0,0,1,1.8357604,0.0004202034
0,0,0,0,1,2.0200727,-0.2753474
0,0,0,0,1,0.2247951,-0.08147233
0,0,0,0,1,0.33823466,-0.091593765
0,0,0,0,1,0.3139782,0.06257372
0,0,0,0,1,-0.29766107,-0.32120976
0,0,0,0,1,-1.2785604,0.42958227
1,0,1,0,0,0.2867794,0.31488976
1,1,1,0,1,0.1300292,0.2742185
0,0,0,0,0,-0.22870827,0.042942535
0,0,0,0,1,1.9223535,0.11865117
0,0,0,1,0,-2.1792593,-0.060540497
0,0,0,0,0,-2.0023715,-0.047890607
0,0,0,1,0,-2.274188,0.3165505
0,0,0,1,1,0.2904575,-0.1999455
0,0,0,0,1,0.24837351,0.11244745
0,0,0,0,1,2.612023,-0.76805633
0,0,0,0,1,-0.61831164,-0.29127654
0,0,0,0,1,-1.0242887,0.20696971
1,0,1,0,0,0.42036915,0.285683
1,0,1,0,0,0.070076466,0.16797641
0,0,0,0,0,0.40525198,-0.08925313
0,0,0,0,1,-0.88527846,-0.07092318
0,0,0,1,0,-2.619658,0.08439047
1,0,0,1,0,0.3734703,0.039036416
1,0,1,0,0,-0.012156963,0.13704054
0,0,0,0,1,0.39383054,0.24578974
1,0,1,0,0,0.008245945,0.14340733
0,0,0,1,0,-2.1939235,-0.42101195
1,0,1,0,0,0.24985409,0.105183624
0,0,0,0,1,-0.57010317,0.425464
0,1,0,0,0,4.10888,-0.15568116
0,0,0,0,0,-0.46216297,0.04209159
0,0,0,0,1,-0.39009953,-0.42004836
0,0,0,0,1,-1.1601691,0.11458081
0,0,0,0,1,-1.2818971,-0.48552814
0,0,0,0,1,0.3944726,0.07729063
0,0,0,0,1,-1.2620788,0.1688129
0,0,0,0,1,-0.08651543,0.62912583
0,0,0,1,1,-0.64378595,-0.56509525
0,0,0,1,0,-3.5948303,-0.31905988
1,1,0,0,1,10.9305725,-0.34744155
0,0,0,1,0,-1.7554696,-0.050972287
0,1,0,0,0,5.0137396,-0.25853264
1,1,0,0,0,4.946462,0.35456446
0,0,0,0,1,-0.86152124,0.17783816
0,0,0,1,0,-2.6482873,-0.4173286
0,0,0,1,0,-2.5818005,-0.106915295
0,0,0,1,0,-2.982442,0.17332554
1,1,0,0,0,10.178055,0.21643546
0,0,1,0,1,-1.2307904,-0.015656697
0,0,0,0,1,-0.538496,-0.43347794
0,0,0,0,1,-0.20170021,0.14945583
0,0,0,0,0,-1.8165898,0.707601
0,0,0,0,0,-1.397161,-0.27232012
0,0,0,0,0,-0.35109782,-0.09627545
0,0,0,0,1,-0.6173086,0.13456787
1,0,1,0,0,0.18025088,0.2541234
0,0,0,0,1,0.9952328,-1.7105621
0,0,0,0,1,1.8606949,0.09023243
0,0,0,0,1,2.2471776,0.094596796
0,0,0,1,1,-1.4819474,0.3447892
0,1,0,0,0,5.2829595,-0.15453331
0,0,0,0,1,0.79489946,-0.32240048
0,0,0,0,1,-0.89336014,0.10601098
0,0,0,0,0,-0.8837638,0.70145106
0,0,0,0,0,-1.2732089,0.40163508
0,0,1,0,1,1.3399944,0.1619174
0,0,0,0,1,1.4592209,-0.92222816
1,1,0,0,1,11.243441,-1.0622737
1,0,1,0,0,0.059988737,0.16856831
0,0,0,1,0,-3.0750554,-0.7902344
0,0,0,1,0,-3.4451022,-0.5267378
0,0,0,0,1,1.76689,0.31693682
0,0,0,0,1,-0.51495266,-0.54724026
0,0,0,1,0,-1.869566,0.2690053
1,0,0,0,0,0.057611704,-0.086962044
0,0,0,0,1,0.7923889,-0.3859735
0,0,0,0,1,0.28623462,-0.4513318
0,0,0,0,1,-0.8353658,-0.70254457
0,0,0,0,1,0.82990074,-0.057153627
0,0,0,0,1,0.95941544,0.31000656
0,0,1,0,0,-0.54888725,0.23597388
0,0,0,0,0,-0.6801734,-0.02711871
0,0,1,0,1,-0.73221016,0.06800583
0,0,0,0,1,-0.8318262,0.08314843
0,0,0,0,1,1.26491,-1.4786918
0,0,0,0,1,1.740927,-1.9047467
0,0,0,0,0,-0.7552843,-0.23004475
0,0,0,1,0,-2.7573378,-0.8202045
0,0,0,0,0,-0.7431004,-0.000684167
0,0,0,1,0,-3.143992,-0.7363247
0,0,0,0,1,-0.16106558,0.2918056
0,0,0,0,0,-1.8156996,0.3710165
0,0,0,0,1,0.41841245,-1.4923711
1,1,0,0,0,10.422955,-0.203399
1,0,0,0,0,4.774318,-0.90092665
1,0,1,0,0,0.15273643,0.21690927
0,0,0,0,0,-0.78654766,-0.123035856
0,0,0,0,1,0.066461086,0.1015829
0,0,1,0,1,3.2545977,0.035710953
0,0,0,0,1,0.07220554,-0.009333035
0,0,0,0,1,-0.12949395,-0.3007419
0,0,0,0,1,-0.17162657,0.45128855
0,0,0,1,0,-2.054818,0.4074964
0,0,1,0,0,-0.5797901,0.2874122
0,0,0,1,1,0.3204708,0.6515417
1,0,1,0,0,-0.10147977,0.10533915
0,0,1,0,0,-0.33936238,0.09968409
0,0,0,0,1,-0.13543081,0.71085024
0,0,0,0,0,-1.8476856,0.0023559083
0,0,0,0,0,-1.8024564,0.17395349
0,0,0,0,0,-1.8590574,0.44801965
1,1,0,0,0,6.9070306,0.12344495
0,0,0,0,1,4.075757,-0.08793605
0,1,0,0,0,4.6497607,-0.19549918
0,0,0,0,1,-0.36626244,-0.050706122
0,0,0,0,1,0.777107,-0.8382524
0,0,0,0,1,-0.3586471,-0.5313557
0,0,0,0,0,-1.6653423,0.2173521
0,0,0,0,1,-0.70294905,-0.7636948
0,0,0,0,0,-1.7156527,-0.78738594
0,0,0,0,1,0.35254288,-0.62060905
0,0,0,0,1,-0.09464741,-0.31044787
0,0,0,1,0,-2.8658018,0.220996
0,0,0,0,1,-0.018424034,0.16990553
0,0,0,0,1,1.0877953,-0.03718196
0,0,0,0,0,-0.63571906,-0.17613976
1,0,0,0,0,-0.8540778,0.6865799
0,0,0,0,1,-0.47515297,0.22484273
1,1,0,0,0,9.3074875,0.12032988
0,0,0,0,1,0.17059565,0.13114955
0,0,0,0,1,3.3720818,0.20907184
0,0,0,0,1,-0.12298846,-1.8088648
1,1,0,0,0,10.037659,-0.59067565
0,0,0,0,1,2.6233547,-0.120839216
0,0,0,1,1,-1.0529804,-0.952312
1,0,0,0,0,1.1905296,-0.14702217
1,0,1,0,0,0.22169805,0.1555851
1,0,1,0,0,0.18020797,0.15088938
1,0,0,0,0,1.8579626,0.55092186
0,0,0,0,1,0.3624146,-1.2188828
0,0,0,0,1,0.009480476,-0.4089686
0,0,0,0,1,-0.36741877,0.51337624
0,1,0,0,0,7.127647,-0.3056674
1,1,0,0,1,10.649233,-0.9923097
0,1,1,0,0,8.921323,0.8961959
0,1,0,0,0,6.994331,-0.32339385
0,0,0,0,1,0.0536294,0.12516314
0,0,1,0,0,-0.40124583,0.2586932
1,1,0,0,0,5.638672,0.34578216
0,0,0,0,1,0.45203614,-0.70937383
1,0,1,0,0,0.13433719,0.1229432
0,0,0,0,1,-1.3977704,0.16207464
1,0,1,0,0,0.23043656,0.15262194
1,1,0,1,0,6.560401,0.32625347
0,0,1,0,0,-0.5433011,0.093669035
0,0,0,0,1,-0.21808124,-0.6501193
1,0,0,0,0,0.23405051,-0.026379012
0,1,0,1,0,4.8792267,-0.74240917
0,1,0,0,0,5.304236,-0.93700945
0,1,0,0,0,5.365812,-0.1992954
0,0,0,0,1,-0.21273947,-0.05011678
0,0,0,0,1,0.022045612,-0.44106397
1,1,0,0,0,6.050852,0.06372485
0,0,0,0,1,-0.31842136,-0.14325726
0,0,0,1,0,-2.761663,0.13190717
0,0,0,1,0,-2.8327389,0.16887392
0,0,0,0,0,-1.5985949,0.57189125
0,0,0,0,1,0.8910332,0.042905226
0,1,0,0,0,5.599185,-0.12816615
0,1,0,0,0,6.7287717,-0.2595582
1,1,0,0,0,6.658672,0.14237198
0,1,0,0,0,6.9381375,-0.090385996
1,1,0,0,0,6.538813,0.38992298
0,0,0,0,1,1.0153506,-0.29327884
0,0,0,1,0,-3.3337889,-1.076492
0,0,0,1,0,-2.742945,-0.049432904
0,0,1,1,0,-0.5172756,0.10941432
0,0,0,0,1,0.36473203,-1.2984788
1,1,0,0,0,9.762696,0.09955271
0,0,1,0,0,-0.5348029,0.10176783
1,1,0,0,0,10.3261,0.04430677
0,0,1,0,0,-0.29664874,0.088936225
0,0,0,0,0,-0.23058724,-0.08225947
0,0,0,0,1,0.9975586,-0.75902236
0,0,0,0,1,0.0983243,0.16771907
1,1,0,0,0,4.9207764,0.43965763
0,0,0,0,1,2.1058583,-0.42185155
0,0,1,0,1,0.2031188,-0.099368826
0,0,0,0,1,-0.70673466,-0.16690998
0,0,0,0,1,-1.1451015,0.39821512
1,0,1,1,0,-0.12092614,0.11853917
0,0,0,0,1,-0.23452997,-0.5331691
0,0,0,0,1,0.05719328,0.36222276
1,1,0,0,1,11.019569,-0.35929266
1,1,0,0,1,10.998852,-0.75973445
0,0,0,1,0,-2.5730195,0.7424214
0,0,0,0,1,-0.098433495,-0.19707467
1,1,1,0,1,-0.17452502,0.21307562
0,0,0,1,0,-2.232053,-0.12854676
0,0,0,1,0,-2.220172,0.23696382
1,1,0,0,0,9.004252,0.07344547
0,0,0,1,0,-2.9970179,0.17865482
0,0,0,0,1,2.3812675,-0.3686008
0,0,0,0,1,2.066545,0.3906627
1,0,0,0,0,0.05761075,0.0076408414
0,0,0,1,0,-2.3266716,0.39343697
0,0,0,1,0,-2.9158063,0.20311512
1,1,0,0,0,10.164895,0.49122858
0,0,0,0,0,-0.6951866,0.5506405
0,1,0,0,0,7.821068,0.27086806
0,0,0,0,1,0.10697961,-0.63478494
1,0,1,0,0,0.03189969,0.13453037
1,1,0,1,1,4.2748237,-0.9450645
0,0,0,0,1,0.07511115,-0.50643
0,0,0,0,1,0.5454464,-0.603807
0,0,0,0,1,-0.049547434,-0.3351837
0,0,0,0,1,1.2778754,-0.4377655
0,0,0,0,1,1.1026921,0.14804307
0,0,1,0,0,-0.4500785,0.13804951
0,0,0,0,1,3.3749704,0.14644079
1,0,0,0,0,1.0029714,0.000684167
0,0,1,1,0,-0.6972599,0.09641952
0,0,0,0,1,0.8549197,-0.91776794
1,0,1,0,0,0.15127778,0.1316935
0,0,0,0,1,-0.14933729,-0.13633552
1,0,0,0,0,0.31020665,0.0067113074
0,0,0,1,1,0.09263611,-0.10531533
0,0,0,0,1,0.6393075,-0.7627793
0,0,0,0,1,0.67082644,0.18338352
0,0,0,0,0,-0.2527206,0.03137077
0,1,0,0,0,4.9776707,-0.044318676
1,1,0,0,0,5.1867404,0.28167295
0,0,0,0,0,-1.9524851,0.2255808
0,0,0,0,1,-1.0988431,0.46206275
1,1,0,0,0,9.443523,-0.67116827
0,0,0,1,0,-1.9912846,-0.20976591
1,0,1,0,0,0.1103189,0.23449391
0,0,0,0,1,-1.1872606,-0.43803534
0,0,0,0,1,-0.7655573,-0.64414966
0,0,0,0,1,-1.1951246,0.1924402
0,0,0,0,0,0.0987165,-0.12548223
1,1,0,0,0,5.0759473,0.39821512
0,0,1,0,0,-0.112107515,0.15422808
1,1,0,0,0,8.898976,-0.14457218
1,1,0,0,0,9.157763,0.007845343
1,1,0,0,0,9.025721,0.1073258
0,0,0,0,0,-1.7859612,0.28258574
0,0,0,0,1,0.80260444,-1.5216224
0,0,0,0,1,0.13016248,-0.26022738
1,1,0,0,0,10.381591,0.16371383
1,1,0,0,0,5.4052887,0.20761904
0,0,0,0,1,-0.2059331,-0.18093984
1,1,1,0,1,0.10687566,0.19231811
1,0,1,0,0,0.056387663,0.3194715
0,1,0,0,0,5.2436934,-0.1322425
0,0,0,0,0,-1.6953783,0.38649824
1,1,0,0,0,9.418383,-0.83372915
1,0,1,0,0,0.22859454,0.3032247
0,0,0,0,1,-0.43077278,0.30552134
0,1,0,0,0,7.888578,-0.2288737
1,1,0,0,0,7.706924,0.006897831
0,1,0,1,0,3.9154282,0.057601135
0,0,0,0,1,0.44871974,-0.3499943
0,0,0,0,1,-0.41852427,0.24934804
0,0,0,0,1,0.17163968,-0.84225714
0,0,0,0,1,-0.7312193,-0.041432183
0,1,0,0,0,7.9428144,-0.1697543
1,1,0,0,0,7.723827,0.16192678
0,0,1,0,0,-0.69714594,0.23147026
0,0,0,0,1,-0.64161825,-0.4424806
0,0,0,0,0,-0.51773787,0.013626323
0,0,0,0,1,-0.38881445,0.4909937
0,0,0,0,1,1.5163739,-1.0112586
0,1,0,0,0,6.595733,0.051985987
1,1,0,0,0,6.0577035,0.4232776
0,0,1,0,0,-0.5756788,0.28870803
1,0,0,0,0,0.015424013,0.019929238
1,0,1,1,0,0.21433187,0.09275052
1,0,1,0,0,0.04179454,0.1705742
1,1,1,0,1,-0.13568234,0.22297813
1,0,0,0,0,0.00027394295,-0.008497837
0,0,0,0,0,-0.38994145,-0.044736367
0,0,0,1,0,-3.6758018,-0.6604795
0,0,0,0,0,4.5264435,-0.23315692
1,0,1,0,0,-0.038688898,0.07753858
0,0,0,0,1,3.5879326,0.049429014
1,0,1,1,0,0.061369658,0.046746098
1,0,1,0,0,0.16113925,0.087881446
0,0,1,0,0,-0.3294747,0.054823354
0,0,0,0,1,-0.271549,-0.43718222
1,0,0,0,0,0.7101989,0.657716
0,1,0,0,0,4.1030555,0.20591095
0,0,0,0,1,0.45415974,0.01140282
1,0,0,0,0,0.8901777,0.5618326
1,0,1,0,0,0.13626504,0.09347228
0,0,0,0,1,2.017631,-0.30731228
0,0,0,0,0,-1.6752954,-0.018138291
0,0,0,0,0,-1.7822399,0.52470666
0,0,0,0,0,-1.3944232,0.111700684
0,1,0,0,0,4.7563777,0.17255414
0,0,1,0,0,-0.5350864,0.2958588
0,0,0,0,1,-0.13264108,-0.50082904
0,0,1,0,0,-0.5099809,0.20066111
0,0,0,1,1,2.4498644,-0.12927623
0,0,1,0,0,-1.3831189,8.133388e-05
1,0,0,0,0,0.0685308,0.028645115
1,1,0,0,0,11.688803,-0.7803449
1,1,0,0,0,10.642542,0.16757324
0,0,0,1,0,-2.9973228,-0.70057607
0,0,0,1,0,-3.0719707,-0.022324543
1,1,1,0,1,-0.052898645,0.14099355
0,0,0,0,1,1.1555002,-1.3524141
1,0,0,1,0,-4.413765,-1.6409321
0,0,0,1,0,-2.8367696,0.558061
0,0,0,0,1,0.59664154,0.1244213
0,0,1,0,0,-0.6315799,0.06876983
0,0,0,0,1,0.10262632,0.1948495
0,0,0,0,1,0.66171503,0.04617244
0,0,0,0,1,0.41227674,0.3047487
0,0,0,0,0,-2.0045285,0.07523478
0,0,0,0,0,-2.139048,0.48480698
1,1,0,0,0,10.100411,-0.04755465
0,0,1,0,1,-0.680017,0.097116746
1,1,0,0,1,11.17565,-0.63862205
1,1,0,0,1,11.059189,-0.28063202
0,0,0,0,1,-0.22624278,-0.3994336
1,1,0,0,0,5.2159557,0.12686014
0,0,0,0,1,0.5866749,-0.87644124
0,1,0,0,0,7.687588,-0.30065987
1,1,0,0,0,10.026109,-0.60113275
1,1,0,0,0,8.440233,-1.0731562
0,0,1,0,0,-0.4909582,0.25585344
1,1,0,1,0,8.887688,0.12979831
0,0,0,0,0,-1.4943256,0.018773466
0,0,1,0,1,-1.3735409,0.17099698
0,0,0,0,1,0.26593304,-0.17926612
1,1,0,0,0,8.316744,0.04846919
0,0,0,0,1,-0.5783782,-0.29478326
0,0,0,0,1,-0.28698015,0.024040766
0,0,0,0,1,-0.6788602,0.2726794
0,0,0,0,1,0.45292068,-0.29588944
0,0,0,0,1,-0.32190466,-0.67708033
0,0,0,0,1,0.0,-0.43936667
0,0,0,0,1,-0.4627247,-0.89099324
0,0,0,0,0,-1.646378,0.38947788
0,0,1,0,0,-0.43925357,0.042544845
0,0,0,1,0,-3.4379752,-0.21067673
0,0,0,0,1,1.585918,-0.6148766
0,0,1,0,0,-0.4137652,0.08477657
0,0,0,0,1,1.6132779,-0.1850418
0,0,0,0,1,1.8217006,-0.10117051
0,0,0,0,1,1.936749,0.029081209
1,1,0,0,0,8.691973,-0.15712622
1,1,0,0,0,8.637222,-0.06899287
0,0,0,0,1,-0.12014818,0.40007582
0,0,0,0,1,0.54821825,0.18753394
0,0,0,0,1,0.13539195,-1.4387423
0,0,0,0,1,0.58937454,0.016976159
0,0,0,1,0,-3.5226035,-0.7506846
0,0,0,0,1,-0.8140125,0.21824999
0,1,0,0,1,4.489637,-0.31888643
0,0,0,0,1,-0.29753685,-0.4075756
1,0,0,0,0,0.4355929,-0.0016214756
1,0,0,1,0,-4.413765,-1.5599464
0,0,0,1,0,-3.4740002,-0.72287285
0,0,0,1,0,-3.600103,-0.58975583
0,1,0,1,0,6.7036567,-0.30445832
0,0,0,0,1,-0.4786191,0.0
0,0,0,1,0,-3.4079773,-0.6353854
0,0,0,1,0,-3.2696993,-0.883589
0,0,0,0,1,-0.009480476,0.09837399
0,0,0,0,1,0.2123611,-1.4314827
0,0,0,0,1,0.23556113,-1.444527
0,0,0,0,1,1.9896264,0.2781791
0,0,1,0,0,-0.57579374,0.14573584
0,1,0,0,0,6.4231367,-0.43929654
0,0,0,0,1,0.15458012,-0.006009132
1,0,1,0,0,0.19777274,0.21841547
0,0,1,0,1,-0.6454916,0.1487791
0,0,0,0,1,3.345139,0.19926742
0,0,0,0,0,-1.8920052,0.31835762
0,0,0,1,0,-3.2835617,-0.7617127
0,0,0,1,0,-3.6669517,-0.7676195
0,0,0,1,0,-2.9037924,0.23486796
1,1,0,0,0,9.309,-0.012540834
1,1,0,0,0,9.13031,0.25095007
0,0,0,0,1,0.6527531,-0.407736
0,0,0,0,1,0.11802387,-0.0851377
0,0,0,1,0,-2.207864,-0.1118658
0,0,0,1,0,-2.3065958,0.04156489
0,0,0,0,1,-0.64229727,-0.9411883
0,0,0,1,0,-2.1549776,-0.39899662
0,0,0,1,0,-2.7622027,0.09993599
0,0,0,0,1,0.023201466,-0.9614672
0,1,0,0,0,6.5446334,-0.57084686
0,1,0,0,0,6.7655816,-0.32643175
1,0,1,0,0,0.15429807,0.15416634
0,0,0,1,0,-1.9442594,-1.0344297
0,0,0,1,0,-2.2049809,0.44087303
0,0,0,1,0,-2.4428232,-0.21746632
0,0,0,0,1,-1.049159,-1.058985
0,0,1,0,0,-0.18606353,0.04047216
1,1,0,0,0,9.277685,0.31835762
0,0,1,0,0,-0.42140365,0.1514466
0,0,0,1,0,-2.093138,0.17770198
0,0,0,0,1,-1.2037206,-0.70303196
1,1,0,0,1,10.978865,-0.9141486
0,0,0,0,1,-0.7137022,-0.8263304
1,0,0,1,0,-5.209957,-1.0068946
0,0,0,0,1,-0.23070812,-0.92568815
0,0,0,0,1,0.13886833,0.48918152
0,1,0,0,0,4.9065576,-0.07571974
1,1,0,1,0,4.7371116,0.2804153
0,0,0,0,1,-0.61552,0.46460068
1,0,0,0,0,1.9687648,0.36572698
0,0,0,0,1,0.43394136,0.23666699
0,0,1,0,0,-0.4867587,0.20542261
0,0,0,0,1,1.2598083,-1.3003275
0,0,0,0,1,2.9934812,0.017884672
0,0,0,0,1,0.6587324,0.23293684
0,0,1,0,0,-0.32738853,0.2924242
0,0,0,0,1,-1.3740993,-0.53107256
0,0,0,0,1,-1.2491722,-0.01912526
0,0,0,0,1,0.6903479,-1.1848675
0,0,1,0,0,-0.34480166,0.22372696
0,0,0,0,0,-0.03554082,-0.22308931
0,0,0,0,1,2.3672528,0.644056
1,1,0,0,0,10.18502,-0.18454322
1,1,0,0,0,10.203884,-0.3827737
0,1,0,0,0,5.263042,-0.8890961
1,1,0,0,0,6.7745423,0.16333172
1,1,0,0,0,6.455972,0.38609228
0,0,0,0,1,-0.9985261,-0.61277294
0,0,0,0,1,0.7230253,-0.27813458
0,0,1,0,0,-0.63059354,0.13327053
0,0,0,1,0,-2.825151,-0.0064461045
1,0,0,0,0,0.053178072,0.017667592
0,1,0,0,0,5.4619417,-0.62091166
1,1,0,0,0,5.8438716,-0.3272336
0,0,1,0,0,-0.21005988,0.24040067
1,0,0,0,0,-0.04519105,0.018304197
0,0,1,0,0,-0.5830345,0.2415326
0,0,1,0,0,-0.49422574,0.05434601
0,0,0,1,0,-3.4306903,-0.017985323
0,0,1,0,0,-0.52561855,0.13798678
0,1,1,0,0,5.533757,-0.022787146
0,1,0,0,0,6.0743394,0.04175301
0,0,0,0,1,0.8409798,-0.41916966
0,0,0,0,1,-1.1488638,0.24631752
0,0,0,0,0,-1.584044,0.34336182
0,0,0,0,1,-1.1787271,0.026407091
0,0,0,0,0,-0.14931607,0.015329901
1,0,1,0,0,0.0063397884,0.1996589
0,0,0,0,1,-0.08436918,-0.21222332
0,1,0,0,0,6.049641,-0.014039803
0,0,1,0,0,-0.6268177,0.050929774
0,0,0,0,1,0.3342228,0.061279867
0,0,0,0,1,0.57708406,0.5451741
1,1,1,0,1,-0.12364125,0.21295923
0,0,0,0,0,-1.3583112,-0.049774785
0,0,0,0,1,-0.41683245,0.5099373
1,1,0,1,0,5.6970496,0.17410886
1,0,0,0,0,0.0009810925,-0.13772209
0,0,0,0,1,-0.040022373,-0.90954673
0,0,0,0,1,-0.76754713,-0.0077567208
0,0,0,0,0,-1.8713377,0.08441889
0,0,0,0,0,-1.8256292,0.5789006
0,0,0,0,1,-0.9753156,-0.14645366
0,0,0,1,0,-3.0681703,-0.7397768
0,0,0,1,0,-3.1987705,-0.69169104
0,0,0,0,1,-0.4201913,0.51082563
0,0,0,1,0,-2.753055,0.259639
0,0,1,1,0,-2.2743993,-0.014500722
0,0,0,0,1,-0.53695583,-0.45712233
0,0,0,0,1,-0.5463333,-0.5358007
0,0,0,0,1,-0.66740704,0.20171337
1,1,0,0,0,8.894394,0.42189577
1,1,0,0,0,10.316561,0.31676328
0,0,0,0,0,4.2068515,-0.19796236
0,0,0,0,1,-0.58815956,0.30717367
0,0,0,0,0,-0.41335177,-0.13887988
0,0,0,0,1,0.2494421,-0.30943957
1,0,0,0,0,0.07896304,-0.21806102
0,0,0,0,1,2.140977,0.23351733
0,0,0,0,1,-0.630281,-0.6579772
0,0,0,1,0,-2.9004493,0.01669596
0,0,1,0,0,-0.10878444,0.23756523
1,0,0,1,0,-5.437803,-0.94915646
0,1,0,0,0,5.845286,0.09879319
0,0,0,0,1,-0.83640337,-0.510419
0,0,0,0,0,-0.29395986,-0.262753
1,1,0,0,0,8.7767725,-0.01005444
1,1,0,0,0,9.046658,-0.7055008
0,0,0,0,0,-0.5080538,-0.31169772
1,1,0,0,0,7.293379,0.016855922
1,1,0,0,0,7.369551,0.25609756
0,0,0,0,1,0.018424034,0.30756256
1,0,0,0,0,0.0031039715,-0.0457913
0,0,1,0,0,-0.5391207,0.14729092
0,0,0,0,1,1.0518725,-0.65205276
0,0,0,0,0,-1.8651562,0.08616099
0,0,0,0,1,-1.4168825,-0.3455479
0,0,1,0,0,-0.7301674,0.10999513
0,0,0,1,0,-1.8464885,-0.36440524
0,0,0,1,0,-2.661612,-1.4426967
1,0,0,1,0,-1.358942,0.120247126
0,0,0,0,0,-1.608366,-0.09403563
0,0,0,0,0,-1.7052879,-0.544476
1,0,1,0,0,0.12897754,0.14691792
0,0,0,1,0,-3.2037802,-0.38652003
0,0,0,0,1,0.062039375,-0.95751077
0,0,0,0,0,-0.3994615,-0.11266467
0,0,0,0,1,0.77962327,-0.69109654
0,0,0,1,0,-3.0445259,-0.7613851
0,0,0,1,0,-3.014655,-0.21754803
1,0,1,0,0,0.09864497,0.21511045
0,0,0,0,1,-0.3596139,0.117936656
0,0,0,0,1,-1.395875,-0.4394857
0,0,0,0,1,-0.05467367,-0.4226977
0,0,0,1,0,-2.1869528,-0.5597826
0,0,1,1,0,-2.575103,0.13619179
1,0,1,0,0,0.20384288,0.09668108
1,1,0,0,0,9.500288,-0.56214035
0,0,0,0,0,-0.39525533,-0.07462584
0,0,0,0,1,-0.38648272,-0.3788204
0,0,0,0,1,0.12222457,-0.21127708
0,1,0,0,0,4.800061,0.5609975
0,0,1,1,0,-1.8616257,0.9554176
0,0,0,0,1,1.2609591,-0.13969688
0,0,1,0,1,1.4679728,0.1433469
0,0,0,0,0,0.07791877,-0.06251664
0,0,1,0,0,-0.3946736,0.12434331
0,1,0,0,0,4.624183,-0.28652447
0,1,0,0,0,4.7273345,-0.1738331
0,0,0,0,1,3.100727,-0.93766433
0,0,0,0,1,3.5849042,-0.26123747
1,0,1,0,0,0.04113841,0.27501738
0,0,0,1,1,-0.30688477,-0.39108807
0,0,0,0,1,0.84493876,0.19018371
0,0,0,0,1,-0.2271676,-0.35745588
0,0,0,0,1,0.41898894,-0.2050692
1,0,0,0,0,0.032639265,-0.06282334
0,0,0,0,1,3.4250827,-0.6170553
1,1,0,0,0,9.154379,-0.48844013
1,0,1,0,0,0.16723228,0.16197528
0,0,0,0,1,0.81576896,-0.77705
0,0,0,1,1,0.32245493,0.46485442
1,0,1,0,0,-0.00027394295,0.17572246
0,0,0,0,0,-1.5678518,-0.31388766
0,0,0,0,1,0.62109756,-1.011357
0,0,0,1,0,-2.754939,-0.4807813
0,0,0,0,1,0.38905168,-0.40708658
0,0,0,0,0,-1.6374028,0.52032065
0,0,0,1,0,-2.3499355,-0.02289192
0,1,0,0,0,5.7614584,-0.12006298
0,0,0,0,1,2.2004738,0.4555184
0,0,0,0,0,-1.3246303,-0.37006813
0,0,0,0,1,2.2445693,0.24268301
0,0,0,1,0,-2.494592,-0.09729098
0,0,0,1,0,-2.6978848,0.064026095
1,1,0,0,0,10.277603,-0.026288025
1,1,0,0,0,10.527468,-0.035073265
1,1,0,0,0,10.633625,0.027664779
0,1,0,0,0,4.624988,-0.18604432
0,0,0,1,0,-2.6848683,0.4502283
0,0,1,0,1,0.5998993,-8.133388e-05
0,0,0,0,0,-0.08838534,-0.2542661
0,0,0,0,1,0.43494725,-1.469884
0,0,0,0,1,0.38388443,-0.42410955
0,0,0,0,1,0.059996843,-0.38218814
0,0,0,0,1,-0.43536425,-0.013675843
0,0,0,0,1,-0.33111572,0.41251516
1,1,0,0,0,5.5787086,0.13243279
0,0,0,0,1,-0.1982987,-0.7042632
0,0,1,0,1,1.0193844,0.064024866
0,0,0,0,1,0.9018376,-1.1981442
0,0,0,0,1,0.6194296,0.25321946
0,0,0,0,0,-1.5560913,0.46275908
1,1,1,0,1,0.15426517,0.25205457
0,0,0,0,1,0.685688,0.055490457
0,0,0,0,1,0.55503607,0.2798647
0,0,0,0,1,0.20034838,-0.74560547
0,0,0,0,0,-1.7063167,-0.062248852
0,1,0,0,0,8.386412,0.1736427
1,1,0,0,0,8.843,-0.367401
0,0,0,0,1,-0.047963142,0.3245619
0,0,0,0,1,1.0913658,0.24126613
1,1,0,0,0,10.117664,0.23807824
0,1,1,0,0,4.5620966,0.035710953
1,0,0,0,0,0.36210132,0.026893985
0,0,0,0,1,0.26292658,0.08591277
0,0,0,0,1,-0.93436813,0.38561368
0,0,0,0,0,-0.20846248,-0.20392053
1,1,1,0,0,-0.71573114,0.32109222
0,0,0,0,1,-0.11712909,-1.1060938
0,0,0,0,0,-0.8829303,-0.011698771
1,0,0,1,0,-3.4794896,-0.56128454
0,0,1,0,1,-0.9698148,-0.027515354
1,1,0,0,0,10.201134,0.45399302
0,0,0,1,1,0.30866385,-0.6294692
0,0,0,0,1,-0.057457924,0.37938416
0,0,0,0,0,-0.121402025,0.027174372
1,1,0,0,0,9.125176,-0.03164638
1,1,0,0,0,9.28611,0.2656411
0,0,0,0,1,-0.28249216,-0.6964313
0,0,0,0,1,-1.0337114,0.24796943
1,0,1,0,0,0.15793252,0.05611785
1,0,0,0,0,1.0068696,0.02801506
1,1,0,0,1,10.966043,-0.13932487
0,0,0,1,1,-1.0774584,0.3535263
0,1,0,0,0,6.9058723,-0.20002927
0,1,0,0,0,6.9806867,-0.10794463
1,1,0,0,0,6.876797,0.259277
0,0,1,1,0,-1.4614604,0.23032689
1,0,0,0,0,-0.34835482,0.7553446
0,0,0,1,0,-3.367185,-0.65726346
0,0,0,1,0,-3.141844,-0.870454
0,0,1,1,0,-1.6931987,0.17976189
0,0,0,0,1,3.4821482,-0.060258683
1,1,0,0,0,9.415295,0.45540112
0,0,1,1,0,-2.5874152,-0.22375374
1,0,0,1,0,-5.437803,-1.0052912
0,0,0,1,0,-2.5348272,-0.053714834
0,0,0,1,0,-2.3636043,0.26052454
0,0,0,1,0,-2.7892113,0.049525525
0,0,0,0,1,0.29428792,-0.29048243
0,0,0,0,0,-2.097617,0.5054859
0,0,1,0,1,2.4732609,0.16568448
0,0,0,1,0,-1.8346989,-1.7755789
1,1,0,0,0,9.873194,-0.9613718
0,0,0,0,0,-0.6766932,0.021763064
0,0,0,0,1,0.13120723,-1.0500122
0,0,0,1,0,-2.0831602,0.08247352
0,0,0,0,1,1.384403,-1.3222419
0,0,0,1,0,-2.3002343,0.5731842
0,0,0,0,1,-1.362484,0.16771907
1,0,0,0,0,-0.05829358,-0.061214205
0,0,0,0,0,-2.0278027,-0.951984
0,0,0,1,0,-2.1714776,-0.1881075
0,0,0,1,0,-2.8060486,0.69932115
0,0,0,0,1,-0.054801464,0.42721686
0,0,0,1,0,-3.5322351,-0.76250505
1,0,0,1,0,-2.6531038,-1.0533105
0,0,0,1,0,-3.0118935,-0.20794137
0,0,0,1,0,-3.4363205,0.09960629
1,1,0,0,0,9.663277,-0.28849638
1,1,0,0,0,9.166422,0.40861738
0,0,0,0,1,-1.1221452,-0.7164337
0,0,0,1,0,-2.9996903,0.01260377
1,1,0,0,0,9.803686,-0.49669254
1,1,0,0,1,10.047224,-0.5662762
0,0,0,0,1,-0.21059656,0.17006153
1,0,0,1,0,0.50807905,0.5580227
0,0,0,0,1,0.47017908,0.054090142
0,0,0,1,0,-2.2016752,0.18421756
0,0,0,0,1,-0.28085947,-0.80517215
0,0,0,1,0,-2.8578246,-0.67981637
0,0,0,0,1,0.22927547,-0.69975835
0,0,0,0,1,-0.5054002,0.49989367
1,1,0,0,0,5.4362555,0.18327
0,0,0,0,1,-0.5567708,-0.66578996
1,1,1,1,0,-0.95877576,0.14036788
1,0,0,0,0,-0.030272245,-0.04926536
0,0,0,1,0,-2.9491181,-0.34979975
1,1,0,1,0,7.8628182,0.006009132
1,1,0,0,0,7.8038325,0.04069084
0,0,0,0,0,-1.9169927,-0.09230419
0,0,0,0,1,-2.4977033,-0.98966026
0,0,0,0,0,-0.3154192,0.07137531
0,0,0,0,0,-0.4637308,0.022559648
0,0,0,0,0,-0.54315114,0.07224912
0,0,0,1,0,-1.8568726,0.05967003
0,0,0,0,1,0.06107092,-0.30781177
0,0,0,0,1,-1.0311596,0.18888019
0,0,0,0,1,0.567049,-0.18421513
0,1,0,0,0,6.2933903,0.21745546
1,0,0,0,0,-1.0176008,0.7761258
1,1,0,0,0,10.284319,-0.04453279
1,0,1,0,0,0.13544846,0.13972205
0,0,0,0,1,1.7347376,-0.18849212
1,0,0,0,0,2.524495,0.50927573
0,0,0,0,1,0.022510529,-0.3063227
0,0,0,0,1,-2.1968057,-0.38485178
0,0,0,0,1,-1.5170662,0.19345129
0,0,0,0,1,2.324448,-0.41961032
0,0,0,0,0,-0.31669426,0.055218685
0,1,0,0,0,7.05323,-0.17395353
1,1,0,0,0,6.5573015,0.04349772
0,0,0,0,1,0.11896181,-0.17961656
0,0,0,0,0,-3.198934,0.033202603
1,1,0,0,1,10.692644,-0.6537035
1,1,0,0,1,10.107264,-0.9783105
1,0,0,0,1,-2.3797967,0.5379118
0,0,0,0,1,-0.96311903,0.16764173
0,0,0,1,0,-4.5268435,-1.0012337
1,0,1,0,0,0.32960844,0.251728
0,0,0,0,1,0.3881564,-0.12177173
1,1,0,0,0,9.259254,-0.33927986
1,1,0,0,0,8.397953,0.1913207
0,0,0,0,1,-0.4765997,-0.09771274
0,0,0,1,0,-5.133066,-1.0224359
0,0,0,0,1,-0.49268985,-0.6307546
0,0,0,0,1,2.1280575,0.08918224
0,0,0,0,1,0.19443941,-0.16207469
0,0,0,0,0,-0.30453873,-0.20589516
0,0,0,0,1,-0.6711457,-0.113571376
0,0,0,0,1,-0.43743324,-0.5698492
0,0,0,0,1,-0.29596615,-0.35669324
0,0,0,0,1,-0.54599476,0.34121048
0,0,0,0,1,-0.10620499,-0.5810923
0,0,0,0,1,-0.84353614,-0.5419251
0,1,0,0,0,5.6941175,-0.28549972
1,0,0,0,0,0.10135889,0.045921136
0,0,0,0,0,-0.37488842,0.027975995
0,0,0,1,0,-4.971041,0.007183512
0,0,0,0,1,-2.8622377,0.14620575
0,0,0,0,1,1.9378469,-0.16226855
0,0,0,0,1,-1.008419,0.5064667
1,1,0,0,0,3.8782976,0.42754108
0,0,0,0,1,-0.41726065,0.24383774
0,0,0,0,0,-0.40591717,-0.058261044
0,0,0,0,1,-0.40064144,-0.038307942
1,1,0,0,0,9.898924,-0.23626488
1,0,1,0,0,0.18983936,0.22359884
0,0,0,0,0,-0.16476393,0.025538456
0,0,1,0,0,-0.47614908,0.21952398
0,0,0,0,1,0.09661913,-0.22972782
1,1,0,0,1,9.471347,-0.05183738
1,1,0,0,0,3.5541136,0.3106837
0,1,0,0,0,3.3012574,-0.7545922
0,0,0,0,1,-0.5830915,0.026576843
0,0,0,0,1,1.9338684,-0.07871936
0,0,0,0,1,1.1638844,0.17534985
1,0,1,1,0,-0.21860266,0.21788937
1,1,0,0,0,7.9312973,0.39601356
1,1,0,0,0,7.84995,0.04963683
0,0,0,0,1,-1.7379906,0.39675814
0,0,0,0,1,-0.08576918,-0.11529819
0,0,0,0,1,-0.045475483,-0.7619127
0,0,0,0,1,0.54841495,0.13609114
1,0,0,0,0,1.0085485,0.52772766
0,0,0,0,1,0.13520145,-0.15647808
1,0,1,0,0,-0.21389723,0.13679218
0,0,0,0,1,0.25030947,0.03164571
0,0,0,0,1,-0.5203333,0.38207245
0,0,1,0,0,-0.3036828,0.17330605
1,0,0,0,0,-0.46921372,0.67553604
0,0,0,0,1,0.3098669,-0.21884245
1,1,0,0,0,9.7817745,0.35534588
0,0,1,0,1,-2.2678945,0.07395169
0,0,0,0,1,2.5938792,0.39741802
0,0,0,1,0,-3.2707202,-0.57826966
0,0,0,1,0,-4.331893,-0.34402615
1,1,0,0,0,8.199631,0.06593861
0,0,0,0,1,0.5146024,-0.20265608
0,0,0,0,1,0.753381,0.69990546
1,1,0,0,0,4.2979717,0.37215725
1,1,0,0,0,8.530429,0.2339938
1,1,0,0,0,8.103863,0.2110984
0,0,0,0,1,-0.4486022,0.36551318
1,1,0,0,0,8.023215,-0.02197911
0,0,0,0,0,-0.3631792,0.09761787
1,1,0,0,0,8.174259,-0.9807639
1,1,0,0,0,7.3251266,0.005481384
0,0,0,1,1,0.13055158,0.16830692
0,0,0,0,1,-0.7904992,0.3977721
0,0,0,0,1,-0.6125822,0.4170563
1,0,0,1,0,-4.9672737,-0.9167897
0,0,0,0,1,0.3106804,-0.75473106
1,1,0,1,0,-6.9841375,-1.0031003
0,0,0,0,1,0.2227025,-0.194046
0,0,1,0,0,-0.32275963,0.14128566
0,0,0,0,1,-0.19967985,0.10227101
1,0,1,0,0,0.13626099,0.24648313
0,0,0,0,1,-0.5814407,-0.38519517
0,0,0,0,0,-3.4303398,-0.27619943
1,0,0,0,0,0.06063652,-0.0043422407
0,0,0,0,1,-1.1736944,-0.08665844
0,0,0,0,0,3.0807989,-0.16031775
0,0,0,0,1,-0.28118944,-0.32574704
0,0,0,0,1,-1.5368767,0.17031196
0,0,0,1,0,-4.8930187,-0.61570174
0,0,0,1,0,-2.72901,-0.79844236
0,0,1,0,0,-0.5016408,0.27683595
0,0,0,0,0,-0.19168425,-0.07633685
1,1,0,0,0,6.280243,0.009222249
0,0,0,0,1,-0.13055158,-0.36048457
0,0,0,0,1,1.2789578,0.058179595
1,1,1,0,0,3.8763545,0.09582338
0,1,0,0,0,5.781578,-0.38438204
0,0,0,0,1,-0.22705317,0.27673858
0,0,0,1,0,-4.4817743,-0.8504379
0,0,0,0,0,-0.21305132,-0.08014412
0,0,0,0,1,-0.12441015,-0.38317323
0,0,0,1,1,-0.3769455,0.37013382
1,1,0,0,0,9.149586,-0.12281702
0,0,0,1,0,-4.110091,-0.48177412
0,0,0,0,1,-1.580102,-1.011199
0,0,0,0,1,2.7231786,-0.092914134
0,0,0,0,1,3.6960664,-0.62245095
1,0,0,0,0,2.9228227,0.29581246
1,1,0,0,0,9.441174,-0.27597514
1,1,0,0,0,8.676741,0.10447551
0,1,0,0,0,6.151884,-0.22364253
0,0,0,0,1,3.0560813,-0.5219467
0,0,0,0,1,2.5968082,-0.48131913
1,0,0,0,0,0.030921936,0.100098476
1,0,0,1,0,-2.6299443,-0.6424549
1,1,0,0,1,9.298696,0.30640587
1,1,0,0,0,7.6356544,-0.031126052
1,1,0,0,0,9.665625,-0.04858138
1,1,0,0,0,8.965964,0.028730081
0,0,0,0,1,-0.19788456,-0.25869218
0,0,0,0,1,-1.226804,-0.253292
0,0,1,0,0,0.43893814,0.3226331
0,0,0,0,1,0.26138687,-0.107731484
0,0,0,1,0,-2.5530787,-0.84682274
0,0,0,0,1,-0.2805853,0.37292016
0,0,0,0,1,-0.07076049,-0.06634711
0,0,0,0,0,-0.37638283,0.070646554
1,0,0,1,0,-6.9841375,-1.0524043
0,0,0,0,0,-0.19799948,-0.034576267
0,0,0,0,1,3.191524,-0.0042178114
0,0,0,0,1,-0.096998215,-0.3352196
1,0,1,0,0,-0.0025086403,0.3422157
0,0,0,0,1,-1.2522752,-0.78768206
1,1,0,0,1,8.839807,-0.2629661
1,1,0,0,0,10.46755,0.058345307
0,0,0,0,0,-1.931803,0.23081456
0,0,0,0,1,-1.604974,0.016829474
1,0,0,0,0,0.10202646,0.10827617
0,0,1,0,0,-0.3349824,0.15444508
0,0,0,0,1,-1.6921093,-0.5093272
1,1,0,0,0,2.5166686,0.4034225
1,1,0,0,0,7.8343544,0.32848278
0,0,0,0,0,-0.2763543,-0.1462832
1,1,0,0,0,7.572503,-1.055845
0,0,0,0,1,0.09813261,-0.19176875
0,1,0,0,0,6.4213448,-0.2070711
0,0,0,0,1,-2.7109425,0.36111662
0,0,0,1,0,-4.2716217,0.3080437
1,0,0,0,0,3.2481236,0.40388978
0,0,1,0,0,-0.47232437,0.21782646
0,0,0,0,1,1.4058058,0.08832452
0,0,0,0,1,-0.112410545,-0.21013539
0,0,0,0,1,-1.210562,0.36037672
0,0,0,0,1,0.50201297,-0.027245976
0,0,0,0,0,-0.17967892,0.08877961
1,1,0,1,0,6.9876585,-0.08335914
0,0,0,1,0,-4.834631,-0.12092046
0,1,0,0,0,6.1784062,0.0036887573
0,1,0,0,0,5.7162437,-0.0429679
1,1,0,0,0,4.684725,0.17292853
0,0,0,0,0,-0.016892433,-0.03021227
0,0,0,0,1,-2.1909144,-0.09045932
0,0,0,0,1,-0.78266287,-0.50434065
0,0,0,0,1,-0.19425488,0.40154126
0,0,0,0,1,-2.2931306,0.1933243
0,0,0,0,1,-0.6991229,0.60497624
1,0,1,0,0,0.004514694,0.17960197
1,0,1,0,0,0.16844416,0.26604113
1,0,1,0,0,-0.16948652,0.2745198
0,0,0,0,1,0.49963522,0.08499611
1,0,1,0,0,0.16747761,0.33736983
1,1,0,0,0,8.4373665,-0.004436223
0,0,0,0,1,0.5391476,0.069167756
0,0,0,0,1,-1.3138263,-0.04412397
1,1,0,0,1,9.440053,0.18766096
0,0,0,0,1,-0.935781,-0.33878675
0,0,1,0,1,-1.703325,0.13941784
0,0,0,0,1,-0.9975729,0.3443275
1,1,0,0,1,10.585302,-0.36500877
0,0,0,0,0,-0.5080681,-0.045079112
1,1,0,0,0,3.5171168,0.1948761
0,0,0,0,0,-0.6085036,-0.07481799
0,0,0,0,0,-2.0801215,0.39623684
1,1,0,0,0,10.079075,-0.07720018
1,1,0,0,0,9.322519,0.45950404
0,1,0,0,0,6.1091547,0.33560595
0,0,0,0,1,0.0055389404,-0.16613111
0,0,0,0,1,-2.175924,-0.06253849
0,0,0,0,1,-0.40105724,-0.6211425
0,0,0,0,1,0.10112691,0.090419054
0,0,0,0,1,-0.5255971,-0.98970306
0,1,0,0,0,6.353091,-0.0036887573
1,0,0,0,0,0.25523663,0.08382751
0,0,0,0,0,-0.28580046,-0.069100805
0,0,0,0,1,-2.2114756,0.31781453
0,0,0,0,1,2.6023781,-0.290068
0,1,0,0,0,4.1801305,-0.23582004
0,1,0,0,0,3.3025854,0.21792881
0,1,0,0,0,3.2920573,0.07028605
0,0,0,0,1,-0.70504165,0.13200921
1,0,0,0,0,-0.09350681,0.04202775
0,0,1,1,0,-0.6249714,0.23615728
0,1,0,0,0,3.4767706,0.0815587
1,0,1,0,0,0.460145,0.14494717
1,0,0,1,0,-6.9841375,-0.945034
1,0,1,0,0,0.12578249,0.17737669
1,1,0,0,0,9.5916,0.10513996
0,0,0,0,1,0.33121777,-0.2882074
0,0,0,0,1,1.7472003,0.034692794
0,0,0,0,0,-0.28050566,-0.108254455
0,0,0,0,1,-2.3130605,-0.89099
0,0,0,0,1,0.35667515,-0.1934762
1,0,1,0,0,0.20178318,0.12622823
0,0,0,0,1,-0.45399332,0.13456963
0,0,0,0,1,-0.01999855,0.021897878
0,0,0,0,1,-2.1501758,0.5611468
1,0,0,1,0,-4.6741657,-0.7921527
1,0,1,0,0,-0.1298871,0.13576813
0,1,0,0,0,6.0051627,0.014480855
0,0,0,0,1,-2.2804477,-0.5239721
1,0,0,0,0,0.06923151,0.052252863
0,0,0,0,0,-0.29342985,-0.06525175
0,0,1,1,1,-0.20925903,0.060993
0,1,0,0,0,2.2830908,0.14309303
0,0,0,0,1,-0.89172864,-0.2100395
0,0,0,1,0,-3.6006052,-0.16836216
1,0,1,0,0,0.14551401,0.25936303
0,0,0,0,1,-1.5842035,-0.51686895
0,0,0,0,0,-0.42616653,0.031545393
1,1,0,0,0,8.186558,-0.44689322
1,1,0,0,0,9.056698,0.46970466
0,0,0,0,1,-0.90008664,0.4723925
0,0,0,0,1,1.0016172,0.034858234
0,0,0,0,1,2.5174403,0.26844642
1,1,0,0,1,10.145214,-0.9911502
1,0,0,0,0,0.2672987,0.11854414
0,0,0,0,1,-1.7071393,0.12541996
0,0,0,0,1,-0.39748788,-0.66137457
0,0,0,0,1,-0.36803985,-0.9004594
0,0,0,0,1,0.4638145,0.19853447
0,0,1,1,0,-4.4920397,-0.22235802
1,0,0,0,0,0.3127718,0.0723219
1,1,0,0,0,10.291273,0.14859639
1,1,0,0,1,9.779234,-0.82781154
1,0,0,0,0,-0.08876419,0.007686335
0,0,0,1,1,-0.99224734,0.08467288
1,0,0,0,0,0.079221725,0.0374411
0,0,1,0,0,-0.5782182,0.2771918
0,0,0,0,1,-0.24926996,0.11425098
1,1,0,0,1,9.397342,-0.181074
0,0,0,0,1,-0.24433923,0.38610905
0,0,0,0,1,1.5499647,-0.8019768
0,0,0,0,1,-0.4301548,-0.10627144
0,0,0,1,0,-3.5356052,-0.43931141
0,0,0,0,1,-2.4739363,0.50320625
1,1,0,0,0,4.6785235,0.54141563
0,0,0,0,1,-2.6523793,-0.7205692
0,0,0,0,1,-0.70242095,-0.63879454
0,0,0,1,0,-5.193544,-1.0329673
0,1,0,0,0,4.0991955,-0.33837754
0,1,0,0,0,5.703671,-0.16915736
1,1,0,0,0,5.1878624,0.054213677
0,1,0,0,0,6.4294114,-0.092689544
0,0,0,0,1,0.0025086403,-0.15757658
1,0,0,0,0,-1.5757596,0.6765815
0,0,0,0,1,-0.3617859,-0.5608833
0,0,0,0,1,0.5185847,-0.10130395
0,1,0,0,0,6.021676,0.23643085
0,0,0,0,1,-0.3709035,0.3440785
0,0,0,0,0,0.38473463,0.017959472
0,0,0,0,1,0.5357852,0.12484959
0,0,0,1,0,-5.0445213,-0.40416622
0,0,0,0,1,-0.33046937,-0.03644144
1,1,0,0,0,3.7957613,0.2424976
0,1,0,0,0,6.023341,-0.16741286
1,1,0,0,0,7.309823,-0.0012912754
1,0,1,0,0,0.021337986,0.39860517
1,1,0,0,0,3.4945862,0.6405879
0,0,0,0,1,-0.69705796,-0.53025854
0,0,0,0,0,-0.16548157,-0.04959083
0,0,0,0,1,0.32105637,0.15748936
0,0,0,0,1,-0.6311152,-0.18842676
0,1,0,0,0,5.6362357,-0.61657625
1,1,0,0,1,9.369721,0.63533854
1,1,0,0,0,9.882555,0.26798266
0,0,0,0,1,-0.63059616,-0.25739875
1,0,0,0,0,-1.7485497,0.7513717
0,0,0,0,1,-0.60762334,-0.47744602
1,0,1,0,0,0.15880108,0.2692739
0,0,0,0,1,1.5320222,0.25434414
0,0,1,0,0,-3.2987761,-0.026542123
0,0,0,0,1,-1.8000381,-0.3019871
1,1,1,0,0,6.0439625,0.027833462
0,0,0,0,0,0.10848999,-0.033119485
0,0,0,0,0,-0.13247395,0.05299514
0,0,0,0,1,1.4422657,0.08942161
1,1,0,0,0,5.185546,-0.005481384
0,1,0,0,0,7.1777625,-0.14775296
0,0,0,0,1,1.7009614,-0.16397609
0,0,0,0,0,-3.5878494,0.5730962
0,0,0,0,1,0.5664377,-0.2872685
0,0,0,0,1,-0.7871034,-0.06891298
0,0,0,0,0,-0.27683115,0.022330143
0,0,0,1,0,-4.6300583,-0.77149194
0,0,0,0,1,0.053866386,-0.09836455
0,0,0,0,1,0.33646584,-0.10895217
0,0,0,0,1,0.01999855,-0.96588683
0,0,0,0,1,-2.5930974,-0.9406365
1,0,1,0,0,0.09321308,0.14974108
0,1,0,0,0,4.1517453,0.15673877
1,1,0,1,0,2.9430354,0.3907554
1,1,0,0,0,9.761639,0.4228273
0,0,0,0,0,-3.5724745,0.17996423
0,0,0,0,1,-1.5627015,0.14753681
0,0,0,0,1,0.4766426,-0.2932299
0,0,0,0,1,-0.39698792,-0.25525263
0,1,0,0,0,6.465917,-1.0209031
0,0,0,0,1,-0.049634457,-0.30536664
0,0,0,0,1,-0.27271223,0.11440766
1,0,0,1,1,-6.3162637,-1.0612757
0,0,0,0,0,-0.085044384,-0.0980193
1,1,0,0,0,7.388448,0.21705417
1,1,0,0,0,2.9737551,0.49195847
1,0,0,0,0,0.2452116,0.087848485
0,0,0,1,0,-3.950416,-0.9859294
0,0,0,1,0,-4.2742176,0.06756801
0,0,0,1,1,-2.4690049,0.056621347
0,0,1,1,1,-1.4049613,-0.0400008
1,1,0,1,0,4.5802546,0.12526885
1,1,0,0,0,6.364301,0.20080523
1,0,0,0,0,0.30622387,0.06332963
0,0,0,0,1,-2.1919181,0.044734858
1,1,0,0,0,7.8929486,-0.32751215
0,0,0,0,1,-1.0500801,-0.64155793
0,0,0,0,0,-0.38776875,-0.22707334
1,1,0,0,0,9.392112,0.039781887
0,0,0,1,0,-3.6725128,0.35159
0,0,0,0,0,-0.33504152,0.07210354
0,0,0,1,0,-3.799644,0.39886487
1,0,0,0,0,-0.018500805,-0.04844046
0,0,0,0,1,-0.23157716,0.1594344
0,0,0,0,1,1.7183795,-0.53325975
0,0,0,0,1,-0.76433396,0.2793472
0,0,0,0,1,-0.22767186,0.15856066
0,0,0,0,1,0.66211796,-0.75373304
1,1,0,0,0,5.178112,0.54349786
0,0,0,0,1,0.55167246,-0.10940194
0,0,0,0,1,-0.3088677,0.2717852
0,1,0,0,0,6.8272786,-0.13339913
1,1,1,0,0,6.1661854,0.011919926
0,0,0,0,1,-0.57007885,0.18209413
1,1,0,0,1,9.727434,-0.3072404
0,1,0,0,0,2.3982918,0.17393667
0,1,0,0,0,5.4208965,-0.28778124
0,0,0,1,0,-4.8640437,0.30160305
1,0,0,0,0,-0.08757162,0.009315442
1,1,0,0,0,8.408477,-0.095911995
0,0,0,0,1,2.062894,-0.034311894
1,0,0,0,0,3.655088,0.2692519
0,0,0,0,1,-0.85292935,-0.8461294
0,0,0,0,0,-3.241821,0.027552873
0,0,0,0,1,-0.53132224,0.17695498
0,0,0,0,1,0.31891513,-0.4538806
0,0,0,0,1,-0.86961865,0.13941784
0,0,0,1,0,-4.004304,0.19890915
0,0,0,1,0,-0.4613123,0.112899326
1,1,0,0,0,7.229142,-0.6047524
0,0,0,0,1,-1.2377801,0.27447176
0,0,0,0,1,-2.0566447,0.36409652
0,0,0,0,1,-1.0812998,-0.05412873
0,0,0,0,1,-1.4553854,-0.13698871
0,0,0,0,1,-0.74660134,0.053164724
0,0,0,1,0,-3.39996,-0.6520163
1,0,0,1,0,-4.5454993,-0.3906329
0,0,0,0,0,-0.36634398,-0.11166042
1,0,0,0,0,0.89903736,0.87677747
0,1,0,0,0,5.4158826,-0.05357261
1,1,0,0,0,4.6355104,0.15264829
0,0,0,0,1,0.1165452,-0.116395615
0,0,0,1,0,-3.7912142,-0.0195307
1,0,0,0,1,-0.52557445,0.4403785
0,0,0,0,1,0.3266163,-0.18722972
0,0,0,0,1,-1.0243843,-0.5669746
0,0,0,0,0,-0.12867689,0.029420478
0,0,0,0,0,-0.34214973,-0.059090715
0,0,0,0,1,-0.3903966,0.30341733
0,0,0,0,0,-0.14273882,-0.14954881
1,1,0,0,0,7.4428043,0.32563725
1,1,0,0,1,9.461492,-1.0310442
1,0,1,0,0,0.14962626,0.22140674
1,0,1,0,0,0.0042772293,0.36430693
0,0,0,0,0,0.015737057,-0.025465872
0,0,1,0,0,-0.49719715,0.1317985
0,0,0,0,1,0.21465659,0.14916128
0,0,0,0,1,-0.056488514,-0.23268552
1,0,1,0,0,0.16290665,0.14250766
0,0,0,0,1,0.5867696,-0.3269398
0,0,0,0,1,1.002986,-0.6432885
1,0,1,0,0,0.061306477,0.11903047
1,1,0,0,0,7.400318,0.100791566
0,0,0,0,1,-0.06469107,-0.3279997
0,0,0,1,0,-4.7048707,-0.7297663
0,0,0,0,0,-0.03711891,0.0043422407
0,0,0,0,1,-1.5670598,0.12275214
1,1,0,0,1,9.330403,-0.25210726
1,1,0,0,1,10.70603,-0.41454566
0,0,0,0,1,-0.2524662,-0.20064437
1,1,0,0,0,10.110411,0.33933562
0,0,0,1,1,-0.3520136,-0.32563868
1,1,0,0,0,3.8313515,0.045880802
0,0,0,1,0,-5.182705,-0.8208565
0,0,0,0,1,-0.5612533,-0.35265484
0,0,0,0,1,1.3096404,-0.038307942
0,0,0,0,1,1.1213644,-0.74910104
1,0,0,1,1,0.52548504,-0.6559322
0,0,0,0,1,-1.695689,0.008882748
0,0,0,0,0,-2.6108959,-0.6183534
0,0,0,0,1,0.42549896,-0.17178215
1,1,0,0,0,6.092172,0.50317985
0,0,0,0,0,-0.33604622,-0.17336275
1,0,0,0,0,0.2214284,0.07885076
0,0,0,0,1,-1.0674381,0.3010803
1,1,0,0,0,4.313896,0.1416618
0,0,0,0,0,-0.47061682,-0.09337014
0,0,1,1,1,-0.79930615,0.0110081
0,0,0,0,1,-0.5984683,0.47485116
1,1,0,0,0,8.887581,0.121938534
0,0,0,0,1,2.9597945,0.20396163
0,0,0,0,1,-1.5907748,-0.012915078
0,0,0,0,1,-0.06074667,0.33570084
0,0,0,0,1,2.4433124,-0.50855225
0,0,0,1,0,-4.3737593,-0.16075222
0,0,0,0,0,0.033987045,-0.071114905
0,0,0,1,0,-3.5607767,-0.41939595
0,0,0,0,1,0.22894001,-0.53281975
0,0,0,0,0,-0.19518185,-0.010490285
1,0,0,0,0,2.550708,0.24195983
0,0,0,0,1,-1.9672863,-0.14557925
0,0,0,0,1,-1.1918705,-0.061823547
0,0,0,0,1,0.9044142,-0.53763
0,0,0,0,1,0.15394735,-0.473686
1,1,0,0,1,10.525162,-0.32434872
1,1,0,0,1,9.95673,0.034092985
0,0,0,1,0,-4.5599375,-0.45820493
0,0,0,1,0,-3.029077,-0.5125182
0,0,1,0,0,-0.51331854,0.18116978
0,0,0,1,1,0.27199745,-0.08814417
1,0,0,1,0,-1.8301089,0.7089668
1,0,1,0,0,0.12659883,0.14454101
0,0,1,0,0,-0.28313208,0.16994514
0,0,0,0,0,-0.3914256,0.081883036
0,0,0,0,1,0.63080525,-0.8647891
0,0,0,0,0,-0.53997254,-0.115517035
0,0,0,1,1,-0.8556969,0.10031266
0,0,0,0,1,1.5759621,-0.439584
0,0,1,1,0,-0.27260065,0.33261257
0,0,0,0,1,1.1066389,0.03470434
0,0,0,0,1,-1.4076469,-0.20749259
0,1,0,0,0,5.7502522,-0.02922358
0,1,0,0,0,5.3821716,-0.06555893
0,0,0,0,0,-0.16111946,-0.088656984
0,0,0,0,1,-1.0322616,-0.4375165
0,0,0,1,0,-4.34949,-0.21300246
0,0,0,1,0,-3.5546627,-0.9911502
0,0,1,0,0,-0.29701948,0.34327087
0,1,0,0,0,2.998913,-0.065094635
0,1,0,0,0,4.618299,-0.23782338
0,1,0,0,0,4.0948315,0.09260742
0,1,0,0,0,5.9492493,-0.13965271
1,1,0,0,0,7.5716805,0.058676653
0,1,0,0,0,7.007206,0.19875795
0,0,0,1,1,-0.7982931,0.3797922
0,0,0,0,1,0.5285282,-0.5301573
0,0,0,0,1,-0.24401236,0.010317074
0,0,0,0,1,-1.2044792,-0.17730361
0,0,0,0,1,-2.1435015,-0.042321194
0,0,0,0,0,-2.265431,0.1251596
0,0,0,0,1,-1.0322926,0.05595949
1,0,1,0,0,-0.11643314,0.256098
0,0,0,0,1,-0.7408347,0.029601417
0,0,0,0,1,-0.143404,-0.23308054
1,0,0,1,0,-6.9841375,-0.91080934
0,0,0,0,1,-1.8623874,-0.7142648
1,0,0,0,0,0.26937103,0.09021043
0,0,0,0,1,0.44433355,-0.47230488
0,0,0,0,1,-0.5288811,0.16630393
0,0,0,0,1,0.5894327,0.16838418
0,0,0,0,1,-0.3165593,0.5275201
0,1,0,0,0,5.1983204,-0.5470125
0,0,0,0,1,0.082743645,-0.09957384
0,0,0,0,1,2.0613444,-0.21872747
0,0,0,0,0,3.4882245,0.11644225
0,0,0,1,0,-5.0158772,-0.8922434
0,0,0,0,1,1.535332,0.14249903
1,0,1,0,0,0.35893726,0.12815727
0,1,0,0,0,4.3908625,-0.010834993
0,1,0,0,0,6.3611236,-0.1846713
0,1,0,0,0,5.7153997,-0.18044092
0,0,0,0,1,0.40113592,0.092390455
0,0,0,0,1,-0.18176007,-0.3012389
0,0,0,1,0,-3.3835888,-0.15983956
0,0,0,0,1,-0.7729132,-0.2485504
0,0,0,0,1,-0.3359313,-0.06982705
0,1,0,0,0,3.9653265,-0.01708827
0,0,0,1,0,-4.1166563,-0.4354432
0,0,0,0,1,-2.7846763,0.40021333
0,0,0,0,1,-0.41419983,0.27246734
1,1,0,0,0,4.3664904,0.5771965
1,0,0,1,0,-0.093520164,0.117014125
1,1,1,0,0,3.8633664,0.08408156
1,1,0,0,0,5.615537,0.18062893
1,1,0,0,0,8.510279,-0.16025184
0,0,0,0,1,-0.037156105,-0.24911116
0,1,0,0,0,6.4732256,0.21566224
0,0,0,1,0,-3.9996638,0.39272353
0,1,0,0,0,4.250717,-0.0400008
0,0,0,1,1,-1.1282153,0.36111596
0,0,0,0,1,0.24725103,-0.5679539
1,0,1,0,0,0.015177727,0.25888
1,0,0,0,1,-1.5823214,0.5280605
0,0,0,0,1,-0.2773676,-0.8415112
0,1,0,0,0,4.803614,-0.28481036
1,1,0,0,0,3.9895027,0.36191934
0,0,0,0,1,2.6779943,-0.42335865
0,0,0,0,1,2.01465,0.07290904
1,0,1,0,0,-0.054593563,0.30283272
0,0,0,1,0,-2.4264152,0.14738445
0,0,0,0,1,-1.3600299,-0.79511064
0,0,0,0,1,-0.55165863,-0.023992214
0,0,0,0,1,0.21283722,-0.21419637
1,1,0,0,0,8.212544,-0.29511738
1,1,0,0,0,9.215062,0.048957884
0,1,0,0,0,5.121211,-0.9045531
0,0,0,0,1,-0.6517782,-0.020758873
1,1,0,0,1,10.711035,-0.930525
1,1,0,1,0,4.8120737,0.262063
1,1,0,0,0,8.948638,0.3190078
0,0,0,1,0,-2.2903223,-0.25081894
0,0,0,0,1,-1.3465855,0.18136886
1,0,0,0,0,0.4392376,0.061492
0,0,0,0,1,-1.230686,0.0012912754
1,0,0,0,0,0.22234297,0.07013611
0,0,0,0,1,-0.43329763,0.37473318
0,0,0,0,1,-0.90344334,0.17415641
0,0,0,0,1,-0.03063488,-0.15236942
1,1,0,0,0,8.531158,0.7275967
1,1,0,0,0,6.0166273,0.11554971
0,1,0,0,0,7.7478213,0.25383577
0,0,0,0,1,0.41660357,-1.7339529
0,1,0,0,0,4.074475,0.018282484
0,1,0,0,0,3.5951126,-0.29353985
0,0,0,0,1,-1.5955887,-0.37876695
0,0,0,0,1,-0.020501614,-0.1867581
0,1,0,0,0,4.596251,-0.6863132
0,0,0,0,1,-0.4978385,0.15177076
0,0,0,0,1,-0.26818347,-0.89142185
0,0,0,1,0,-4.603167,-0.83181554
0,0,0,0,1,-0.8600309,-0.08224253
0,0,0,0,1,-0.11079407,-0.24081483
1,0,0,0,0,-0.09390831,0.01070971
0,0,0,1,0,-4.4971657,0.27242172
1,0,0,1,0,-6.338873,-0.9355669
1,1,0,0,1,9.36501,-0.93451226
0,0,0,0,1,-1.0664577,0.2010926
0,0,0,0,1,-0.5785489,0.085318744
0,0,0,1,0,-1.9068537,-0.2280672
0,0,0,0,1,-2.334967,-0.9792924
0,0,0,0,1,-1.6129317,-0.33927986
0,0,0,0,1,-2.118481,0.0038671738
0,0,0,0,1,0.13859534,-0.32738578
0,0,0,0,1,1.9637957,-0.17940314
0,0,0,0,1,1.3758552,-0.09149814
0,0,0,1,0,-3.7345095,-0.05075552
0,0,0,0,1,-0.81238794,0.108436555
0,0,1,0,0,-0.13816643,0.29009444
1,1,0,0,0,9.335459,0.7073683
0,0,0,1,0,0.04181528,-0.070443094
1,1,0,0,1,10.670603,-0.0458192
1,0,0,0,0,2.1930087,0.21123439
1,1,0,0,0,8.956955,-0.3519367
1,1,0,0,0,8.354965,0.15801786
1,0,0,0,0,0.25059032,0.081594646
0,0,0,0,1,-0.8634608,-0.4460901
0,0,0,1,1,1.1060004,-0.15470026
1,0,0,0,0,0.07076049,0.70943236
0,0,0,0,1,0.041205406,-0.13359462
1,0,0,0,0,-0.019916534,0.02064548
1,1,0,0,0,2.8399498,0.33682978
0,0,0,0,1,-0.4604833,0.066198185
0,0,0,0,0,-0.42345095,0.0988235
0,0,0,1,0,-3.4906397,-0.8149716
0,0,0,0,1,-1.1975095,0.24254544
1,1,0,0,0,9.909712,0.59891474
0,0,0,1,0,-2.7109761,-0.14510934
0,0,0,0,1,-0.62012243,0.3870946
1,0,0,0,0,3.051566,0.5349925
0,1,0,0,0,6.6202183,-0.64788485
0,0,1,0,0,-0.44455338,0.2674792
0,0,0,0,1,-0.11817932,0.1750415
1,0,1,0,0,0.008716106,0.19013728
1,1,0,0,1,9.847208,-0.9229529
1,0,1,0,0,-0.15557766,0.2824554
0,0,0,0,1,0.2866354,-0.8759523
1,1,0,0,0,5.3147078,0.39091054
0,0,0,0,1,-0.09017515,-0.54258454
0,0,0,0,1,-0.63091993,-0.3921969
1,1,0,1,1,8.581529,-0.9401978
0,0,0,0,0,-0.17861795,-0.059173718
0,0,0,0,0,0.2036395,0.010864509
0,1,0,0,0,6.915155,-0.010765928
1,1,0,0,0,6.3772106,-0.9308765
1,1,0,0,0,9.044908,0.24456973
0,0,0,0,1,2.2346923,0.13039134
0,0,0,0,1,-0.8777473,0.063396655
0,0,0,1,0,-3.2638993,-0.031479534
0,1,0,0,0,7.002364,0.63797337
0,1,1,0,0,4.5094423,-0.068390734
1,1,0,0,0,6.1091876,0.18062893
0,0,0,1,0,-4.0455065,-0.5453148
0,0,0,0,1,0.43344784,-0.33128902
1,1,0,0,0,6.491546,0.15448365
0,0,0,0,0,0.019007206,-0.14068398
1,1,0,0,0,7.1981864,0.18880653
0,0,0,0,1,0.1754098,-0.16835067
1,1,0,0,0,8.3677435,-0.25343058
0,1,0,0,0,7.3753467,0.68619144
0,0,0,0,1,-0.23339248,-0.3249534
0,0,0,0,1,-1.0533807,0.1635184
0,0,0,0,1,-0.39356613,-0.5020164
0,1,0,0,0,6.802301,-0.15798637
0,1,0,0,0,6.359852,-0.13487545
0,0,0,0,1,1.2351983,-0.05183738
1,1,0,0,0,7.412628,0.28949404
0,0,0,0,1,0.13849401,-0.37539908
0,0,0,0,1,-1.2114832,0.19769143
1,1,0,0,0,9.62014,0.17457555
0,0,0,0,1,0.34163475,-0.051565975
0,0,0,0,0,-2.4283783,0.6114623
0,0,0,0,1,-0.79366136,0.112646066
1,0,1,0,0,-0.18662834,0.19452666
0,0,0,1,0,-3.836103,-0.09083441
0,0,0,0,0,0.15548277,0.031014588
0,0,1,0,0,-0.49487162,0.18715703
1,1,0,0,0,6.8084984,-0.90825725
0,0,0,1,0,-5.07196,-0.6859637
0,0,0,1,0,-3.6220102,0.15913866
1,1,1,0,0,7.5883994,0.037246067
0,0,0,0,1,-1.8887818,-0.73012173
1,0,0,0,1,0.25082994,0.5137142
1,1,0,0,1,10.083921,-0.41813305
0,0,0,0,1,-0.13018107,-0.51860315
0,0,1,1,0,-0.12503505,0.213928
0,1,0,0,0,6.743558,0.35538617
0,0,0,1,0,-0.2366898,-0.020605508
1,1,0,0,0,7.731061,-0.31988516
1,1,1,0,0,7.1464524,-0.01758326
1,0,0,1,0,-6.5499496,-0.9550875
0,0,0,0,1,-0.69355845,0.23629618
0,0,0,0,1,-0.087533236,0.19294411
0,0,0,0,1,-1.0076637,0.15901808
1,0,0,0,0,0.13739133,-0.047201008
0,0,0,0,1,-0.2817161,-1.0358359
1,0,0,1,0,-6.5499496,-1.0296022
1,1,0,0,0,7.3276067,0.042904332
0,0,0,0,1,-0.7130487,-0.15262596
0,0,0,0,0,3.0976536,-0.23929125
0,1,0,0,0,3.9063878,-0.36933014
1,1,0,0,0,6.9929485,0.0066734585
1,1,0,0,0,8.325304,0.06838242
1,1,0,0,0,7.775212,0.27407762
0,0,0,0,0,-0.40201974,-0.054213174
1,1,0,0,0,8.712426,-0.11321595
1,1,0,1,0,8.309017,0.012074694
1,0,1,0,0,-0.14005113,0.16104287
0,0,0,0,1,-0.3046124,0.26249975
0,0,0,0,0,-2.850698,0.5662337
0,0,0,0,1,-0.4863162,-0.12153125
0,0,0,0,1,-0.059738874,-0.46518368
0,1,0,0,0,6.472686,0.27591753
1,1,0,1,0,5.940943,0.16689138
0,0,0,0,1,1.890899,0.06953269
0,0,0,0,1,1.6408744,-0.09698412
1,1,0,0,0,3.9857018,0.54368955
0,0,1,0,0,-0.4437554,0.16595659
0,1,0,1,0,4.32456,0.015200844
1,1,0,0,0,3.8825908,0.14205569
1,0,0,1,0,-4.711523,0.0923088
0,0,0,0,1,-0.04765916,-0.44673187
1,1,0,0,1,10.492166,-0.9530496
1,1,0,0,1,10.016399,-0.9950139
0,0,0,1,0,-0.36689496,-0.12684706
1,0,1,0,0,0.32218528,0.12705101
0,0,0,0,0,-0.2549603,0.035372473
1,0,1,1,0,0.1012938,0.21114454
0,0,0,0,1,-1.0293729,0.41446215
1,1,0,0,0,7.738643,-0.7783676
0,0,0,1,0,-3.6386533,-0.05138668
0,0,0,0,0,-2.43878,0.13300315
0,0,0,1,0,-4.418062,-0.57249576
0,0,0,1,0,-3.6473813,-0.04722443
0,0,0,0,1,-0.6181772,0.46912304
0,1,0,0,0,3.3845456,-1.066339
0,1,0,0,0,5.054609,-0.029842293
1,0,0,0,0,0.07839894,0.022278065
0,0,0,0,1,-0.5841663,-0.31915814
0,0,0,0,1,-1.6239736,0.038816717
0,1,0,0,0,6.6904354,-0.28827524
0,0,0,0,0,-0.2987616,-0.026981408
0,0,0,0,1,0.6503279,-0.93813074
0,1,0,0,0,5.2887473,-0.63136333
0,0,0,0,1,1.146838,0.55172724
0,0,0,0,1,-1.2273586,0.41271582
0,0,0,0,1,0.014863253,-0.87701917
1,0,1,0,0,0.32716632,0.12640573
1,0,1,1,0,0.37111115,0.1472305
1,1,0,0,0,8.1716795,0.69170564
1,0,1,0,0,0.17584205,0.28794304
0,0,0,0,0,-0.18443799,0.009082503
0,0,0,1,0,-4.3838196,0.1321535
0,0,0,0,0,0.25686383,-0.088989705
1,0,1,0,0,-0.14253879,0.10606074
0,0,0,0,1,-1.5357649,-0.6161011
1,0,0,1,0,0.06389165,-0.009082503
0,0,0,0,1,-0.8895185,0.072975606
0,0,0,1,0,-4.2659492,-0.3880731
0,0,0,0,1,-0.50276256,-1.0333587
0,0,0,0,1,-1.345983,0.37071326
1,1,0,0,1,10.203038,-0.039685547
1,1,0,0,0,9.455935,0.34311512
0,0,0,0,0,-2.2274077,0.6799237
0,0,0,0,1,0.36042523,0.33092374
1,1,0,0,0,4.8211365,0.25748262
0,0,0,0,1,0.791651,0.00076277665
0,0,0,0,1,-0.19937491,0.20475389
0,0,0,0,1,-0.74518013,0.051803727
0,0,0,0,1,-1.9603937,0.24932575
0,0,0,1,0,-4.4709873,-0.56979513
0,0,0,0,0,0.056144953,-0.1937277
1,0,0,1,1,-6.5499496,-0.98323315
0,0,0,1,0,-2.8131988,-0.18662658
0,1,0,0,0,6.255041,-0.92814106
0,0,0,0,1,-0.1461842,0.06584104
1,0,1,0,0,0.27798676,0.29303768
0,0,0,1,0,-3.7678943,0.6098506
0,1,0,0,0,4.084716,-0.13238154
1,1,1,0,0,4.836814,0.08792065
1,1,0,0,0,4.3325524,0.09786773
0,0,0,0,1,-0.30754113,-0.42861834
1,1,0,0,0,4.3557835,0.3311766
1,0,0,0,0,-0.010885,-0.15117179
1,1,0,0,0,6.604459,0.17971937
0,0,0,0,1,-0.77232003,0.35231695
0,0,1,0,0,-0.5007131,0.2109666
1,0,1,0,0,-0.01025033,0.08050642
1,0,1,0,0,0.2317307,0.28783318
0,0,1,0,1,-1.9291289,-0.031248217
1,1,0,0,0,7.6225176,-0.99501383
0,0,0,0,1,-0.19255567,-0.25570902
0,0,0,0,0,3.1807158,-0.39057496
0,0,0,0,0,-0.53682375,-0.15904112
0,0,0,0,1,0.7490051,0.05531127
0,0,0,0,1,1.6995571,0.25297585
0,0,0,0,1,-1.8784587,-0.5238201
0,0,0,0,1,-0.80798554,0.016240705
0,0,0,1,0,-1.8234086,0.5655339
1,1,0,0,1,9.878205,-0.39643902
1,0,1,0,0,-0.037593603,0.16961063
1,1,0,0,0,5.9552774,0.54368955
1,1,0,0,0,8.408932,0.30608568
1,0,0,0,1,-0.8456085,0.57039404
0,1,0,0,0,4.218171,-0.40750095
0,1,0,0,0,5.268896,-0.012935353
1,1,0,0,0,4.3360744,0.74937105
0,0,0,0,0,0.3013413,-0.10488804
1,0,1,0,0,0.13983703,0.26353735
0,0,0,0,1,-0.24251819,-0.20309925
0,0,0,0,1,2.7061732,0.3310502
0,0,0,0,1,-1.7407467,-0.84577316
0,0,0,0,0,-2.479746,0.17923582
0,0,0,0,1,0.5931494,-0.9416988
0,0,0,0,1,0.27110195,-0.5731756
1,1,0,0,0,5.484045,0.57012385
1,0,1,0,0,0.48004746,0.065664105
0,0,0,1,0,-3.4864213,-0.0897655
1,1,0,0,0,7.9953117,-0.85566604
1,0,1,0,0,-0.096348524,0.1325192
1,0,0,0,0,3.425997,0.4040557
0,0,0,0,0,-0.1472857,-0.18337958
0,0,0,0,1,-1.3747056,0.21309328
0,0,0,0,0,0.26017356,-0.09251875
0,0,0,0,1,0.90431666,0.054027364
0,0,0,0,1,2.4190285,-0.1375636
0,0,0,0,1,0.09984851,-0.16965978
0,0,1,0,0,-0.5006678,0.11589366
0,0,0,0,1,0.1161921,-0.5393634
0,0,0,0,0,-0.09045243,-0.08699011
0,0,0,0,0,0.12562394,-0.07578662
1,0,1,0,0,0.17159915,0.29957327
0,0,0,0,1,-0.3529322,0.42901203
0,0,0,0,0,-0.13150811,-0.070192315
0,0,1,0,1,0.13626742,0.16560401
0,0,0,1,0,-3.6671853,-0.31770572
1,0,0,0,0,-0.0067551136,-0.15947059
0,0,0,1,0,-4.738023,-0.67825705
0,1,1,0,0,3.064358,-0.010136514
1,1,0,0,0,3.7689831,0.276217
0,1,0,0,0,7.5476084,0.4356391
1,1,0,0,0,8.700664,0.07074883
0,0,0,0,1,2.585891,-0.9553353
0,0,0,0,0,-0.08309245,-0.056845773
0,0,0,0,1,-1.5189192,0.28015345
0,0,0,0,1,-2.2501352,-0.06197069
0,0,0,0,1,-0.9523556,-0.12372046
1,0,1,0,0,-0.06189418,0.12246044
1,1,0,0,0,8.84821,0.030344827
1,1,0,0,0,8.229197,0.18773527
0,0,0,1,1,1.7340062,0.22904217
0,0,0,0,1,3.0043614,-0.08925454
1,0,1,0,0,0.14525151,0.20143081
0,0,0,0,1,-0.37802625,0.36498544
1,0,1,0,0,0.14134955,0.2497104
0,0,0,0,1,1.2693884,0.15433256
0,0,0,0,1,-1.001797,0.4561538
0,0,0,0,1,0.3862579,-0.21402475
0,0,0,0,1,-0.23787904,0.36637464
0,0,0,1,0,0.0790894,-0.1562113
1,0,0,0,1,-1.0074234,0.5746927
1,0,1,0,0,-0.1093657,0.1042805
1,1,0,0,0,4.038926,0.3466754
0,0,0,0,1,0.2948315,-0.35319716
0,0,0,1,1,0.47863126,-0.31928012
0,0,0,0,1,1.6052492,-0.20029902
0,0,0,0,1,1.3035762,-0.35055488
0,0,0,0,1,2.169267,-0.11026291
0,0,0,0,1,1.6817708,0.14905725
1,0,1,0,0,0.24360871,0.22492649
1,1,0,0,0,6.727025,-0.8259158
0,0,0,1,0,-1.4680989,-1.4754442
0,0,0,0,0,-2.5704644,-0.13353133
0,0,0,1,0,-3.4410162,0.44910005
0,0,0,0,1,-2.375923,-0.16363102
0,0,0,0,1,-0.17526269,-0.110852815
1,0,1,0,0,0.0067551136,0.09446545
0,0,0,0,1,-0.6449003,-0.39748645
0,0,0,0,1,-1.0463161,-0.83719647
1,1,0,0,0,9.71483,-0.37751427
1,1,0,0,0,8.993996,0.3295317
0,0,0,0,1,-1.899234,-0.6900159
0,0,0,1,1,0.6945865,-0.69420403
0,0,0,0,1,0.19705582,-0.01579307
1,1,0,0,0,7.319557,0.102152005
1,1,0,0,0,8.30718,0.39139956
1,1,0,0,0,7.920847,0.041891906
1,1,0,0,0,7.509497,-1.0333588
0,0,1,0,0,-0.51329494,0.20155056
0,1,0,0,0,6.806285,0.24906152
0,0,0,0,0,0.14856362,-0.11823631
0,0,0,0,1,-1.1706023,0.14936055
0,0,0,0,1,0.95350385,-0.14503871
1,1,0,0,0,8.50233,-0.10106609
1,0,0,1,0,-6.5499496,-0.7036262
1,0,1,0,0,0.14493012,0.08118201
0,0,0,0,0,0.120226145,-0.057854187
1,1,0,0,1,9.882521,-1.051676
0,0,0,0,1,-1.0105388,0.5113889
0,0,0,1,0,-3.9616842,0.17175686
0,0,0,0,1,-0.95365953,0.06409828
0,0,0,0,1,-1.8207185,-0.5925268
0,0,0,1,0,-4.25235,-0.94937694
0,0,0,1,0,-3.5210454,-0.6353434
0,0,0,1,0,-4.301871,-0.32718453
0,0,0,0,0,-0.026740313,-0.041916676
1,0,1,0,0,0.025693655,0.107574746
0,0,0,0,1,-0.687978,0.2950056
0,0,0,0,1,-0.7477679,0.12836844
0,0,0,0,1,-1.9209073,0.3725833
0,0,0,1,1,-1.1514099,0.1146483
0,0,0,0,1,1.2660313,-0.99692047
0,0,0,0,1,-0.67039895,0.40968162
0,0,0,0,0,-0.10841155,-0.18770038
0,1,0,0,0,7.4878464,-0.36374205
0,0,0,1,0,-4.40114,-0.08182381
0,0,0,0,1,-0.0085361,-0.27548328
0,0,0,0,1,0.82392526,-0.91372573
0,0,0,0,1,-0.6200888,0.39981544
1,0,0,1,1,-6.5499496,-0.9111338
0,0,0,1,0,-4.1820383,-0.06660639
1,1,0,0,1,10.3609495,-0.33872825
0,0,0,0,1,-1.9305375,-1.0653548
1,1,0,0,0,6.2937994,0.08209916
1,1,0,0,0,6.265194,0.023039889
1,1,0,0,0,4.1045895,0.2883178
0,0,0,0,1,-1.3362119,0.390566
0,0,1,0,0,-0.4864943,0.28579882
1,1,0,0,0,8.2866,0.039356194
0,0,0,0,1,-1.2636163,0.50630844
1,0,0,0,0,0.04765916,0.69246924
1,0,0,1,0,-0.3420055,-0.28313428
1,0,0,0,0,0.124057055,0.023852756
0,0,0,0,1,0.90331626,0.19948567
1,0,1,0,0,0.2813685,0.10921781
1,1,0,0,0,5.367711,0.2672279
1,1,0,0,1,10.534989,-0.7639021
0,0,0,0,1,-1.0163271,0.3306708
0,0,0,0,1,-0.652241,0.27354214
1,0,1,0,0,0.11714387,0.060851116
1,0,0,0,0,8.034996,0.36307895
0,0,0,1,0,-3.6315072,-0.442224
0,0,0,1,0,-3.8982694,-0.7199106
0,0,0,1,0,-3.734586,-0.90796274
0,0,0,0,1,-2.2602384,0.13066718
0,0,0,0,1,-1.2724235,0.3988707
0,0,0,0,1,-2.612369,0.1553489
0,0,0,0,1,1.2860024,0.12290246
1,0,0,1,0,2.9092593,0.36937565
0,0,0,0,0,-3.029287,0.13036965
0,0,0,0,1,-1.8928349,0.23155881
0,0,0,0,1,-1.1454403,0.12790385
0,0,1,0,0,-0.30003285,0.16483912
0,0,0,0,0,-0.83888555,0.026424186
0,0,0,0,1,0.14872766,-0.2294765
0,0,1,0,1,1.3398464,0.08299196
0,0,1,0,0,-0.3304894,0.22328733
0,0,0,0,1,-0.8900738,0.16873199
0,0,0,0,1,-0.39223504,0.3344582
0,0,0,0,0,-3.2191567,-0.30147824
0,0,0,0,0,-2.114044,0.0003521127
0,0,1,0,1,-0.67921615,0.007716691
1,1,0,0,1,10.31907,-0.9860069
0,0,0,0,1,-0.931936,0.23448747
0,0,0,0,1,-2.1934264,0.4764245
1,0,1,0,0,0.24138379,0.05753734
0,0,0,0,0,-0.29233146,-0.07966582
0,0,0,0,1,1.642637,-0.82748365
0,0,0,0,1,0.833282,0.37882224
1,0,1,0,0,0.14577031,0.07195473
0,0,0,0,1,-0.80405545,-0.33208042
1,0,1,0,0,0.24171042,0.18980592
0,0,0,0,1,0.58730197,-0.31343514
1,1,0,0,0,9.930921,-0.25671118
1,0,0,0,1,-1.0284636,0.4903274
1,0,1,0,0,0.10935569,0.06676097
0,1,0,0,0,4.581976,-0.12755574
1,1,0,0,0,5.419339,0.36657304
0,0,0,0,1,-1.5293503,-0.05500663
0,0,0,0,1,-0.3573904,-0.40775648
1,1,0,1,1,8.965798,-0.71568906
1,1,0,0,0,6.501011,0.030959416
1,0,0,1,0,-0.030459642,-0.21602276
1,0,1,0,0,-0.060836077,0.111644596
0,0,0,0,0,-0.38907647,-0.03082655
1,0,1,0,0,0.10278106,0.18159345
0,1,0,0,0,6.992054,0.21615277
1,1,0,0,0,8.571199,0.4581533
0,0,0,1,1,-1.3133309,0.4308446
0,0,0,0,1,3.051512,-0.4093458
1,0,0,0,0,2.163157,0.37119925
0,0,0,0,0,-0.16508985,-0.068543635
0,0,0,0,1,0.97696424,0.053384796
0,0,0,1,1,2.31475,-0.017224904
0,0,0,0,1,1.9167285,-0.07340399
1,1,0,0,1,9.816906,0.3105563
0,1,0,0,0,7.7320395,0.28114673
0,0,0,0,1,-1.2361839,0.33244005
0,0,0,1,0,-4.652645,-1.0353137
0,0,0,1,0,-3.6772442,-0.544545
0,0,1,0,0,-0.4056847,0.15497637
0,0,0,0,0,0.11019206,-0.10180162
0,0,1,0,1,0.3505795,-0.0003521127
1,1,0,0,0,5.9884768,0.23012005
0,1,0,0,0,7.004718,0.7399233
0,0,0,0,1,0.5255072,-0.26798615
0,0,0,0,0,-0.23737884,-0.17898975
0,0,0,1,0,-4.1023264,-0.88903576
0,0,0,1,0,-4.0129004,-0.6859687
0,0,0,1,0,-3.2109566,-0.20828956
0,0,0,1,0,-3.8701873,0.39330223
0,0,0,1,0,-3.3263566,-0.00076277665
0,0,0,0,0,-2.3544357,0.26641893
0,0,0,0,1,-1.2860208,-0.54545593
0,0,0,0,1,0.12651134,-0.28216258
0,0,0,0,1,-1.7016537,-0.012879999
1,0,1,0,0,-0.19945312,0.057468183
1,1,0,0,1,9.582792,-0.092364825
0,0,0,0,1,0.729501,-0.740425
0,0,0,0,1,-0.5135615,0.04158477
1,1,0,0,0,8.953687,0.21819901
0,0,0,0,1,-2.0445755,-0.14817904
0,0,0,0,1,2.5029032,-0.04960383
0,0,0,1,0,-3.657939,-0.17467198
0,0,0,0,1,2.2409508,-0.06830269
0,0,0,0,1,3.1839058,0.02623734
1,0,1,0,0,0.25155616,0.24134454
0,0,0,0,1,-1.1230447,0.062980264
0,0,0,0,1,-0.17779899,0.30517784
0,0,0,0,1,0.37755942,-0.1498946
0,0,0,0,1,-0.647367,-0.6133212
0,0,0,0,0,-0.0602386,-0.1571537
0,0,0,0,1,0.9157121,-0.10452247
0,0,0,0,1,1.9705665,0.012770287
0,0,0,0,1,1.7699142,-0.24449667
0,1,0,0,0,5.2647095,-0.5965573
1,1,0,0,0,4.821009,-0.23643573
0,0,0,1,1,2.4076169,0.27578887
1,1,0,0,1,9.686434,-0.4964366
1,1,0,0,1,10.491036,-0.46326575
0,0,0,0,0,-0.55371475,0.011185248
0,0,0,0,0,-3.262483,-0.013738885
0,0,0,0,1,0.5112283,-0.27635196
1,0,1,0,0,0.34776855,0.12530778
0,0,0,0,1,1.9743941,-0.10321096
0,0,0,0,1,1.6326842,0.055141516
1,0,1,0,0,0.2651813,0.2521041
0,0,0,1,0,-3.0274038,0.8203874
0,1,0,0,0,6.570606,-0.72389674
1,1,0,0,0,5.742662,0.3624155
0,0,0,1,0,-4.741927,-0.88123125
0,0,0,0,1,-1.0964181,0.23434821
0,0,0,1,0,-4.4250536,-0.33669233
0,0,0,0,1,-2.1202412,0.20092675
1,0,1,0,0,0.26727414,0.2633122
0,0,0,1,0,-4.038117,-0.3107152
0,0,0,0,1,-1.8646305,0.08548495
1,1,0,0,1,9.878464,0.049359348
0,0,0,0,1,1.7365334,-0.9389193
0,0,0,0,0,-0.14594388,-0.14260334
0,0,0,0,1,-0.85768723,0.2120969
0,0,0,0,0,-2.643749,-0.7213583
0,1,0,0,0,4.9819174,-0.7436994
0,0,0,0,0,-0.31192422,-0.17131016
0,0,0,0,1,0.12249541,-0.295558
0,0,0,0,1,0.31911778,-0.13209948
0,0,0,0,1,-0.6480987,0.35466594
1,0,1,0,0,0.034120798,0.13910553
0,0,1,0,0,-0.4506793,0.11334639
1,0,0,0,0,0.37915874,0.016098553
0,0,0,0,1,-1.2272274,0.07011692
0,0,0,0,1,2.3780243,-0.048357725
0,1,0,0,0,3.4124272,0.144649
0,0,0,0,0,-2.057587,-0.013827494
0,1,0,0,0,5.5700665,-0.28416708
1,1,0,0,0,4.7014976,0.3762877
0,0,0,0,1,-0.16982055,-0.78877425
0,0,0,0,1,-1.1572502,-0.93157744
0,0,0,0,0,0.29120517,-0.024201019
0,0,0,0,1,-0.55986476,-0.04023525
1,0,1,0,0,0.22277188,0.14811517
0,0,0,0,1,-0.15472722,-0.30148163
1,1,0,1,1,9.769199,-0.53417695
0,0,0,1,0,-3.789442,-0.6335149
0,0,0,0,1,-0.30443835,0.037322983
1,0,1,0,0,-0.21972966,0.10395048
1,0,1,0,0,0.2845304,0.08037125
1,1,0,0,1,10.002172,-1.0021824
1,0,1,0,0,0.010554552,0.20948263
0,0,0,0,1,-1.2771637,0.29224914
0,0,0,1,1,-1.9194167,-0.053519577
0,0,0,0,0,-0.11716342,-0.16308536
0,0,0,0,1,0.7820294,0.28856203
0,1,0,0,0,2.9259884,0.030795064
0,1,0,0,0,4.289936,0.12511142
0,0,0,0,1,-1.9209132,0.3874637
0,0,0,0,1,-0.7076061,0.12511142
0,0,0,0,1,-0.79063225,-0.49712878
1,0,1,0,0,0.12276578,0.2407114
0,1,0,0,0,5.5935,-0.083305
0,0,0,0,1,-0.9252584,0.3941336
1,1,0,0,1,9.474712,-0.45071435
1,1,0,0,1,10.387244,-0.3114361
0,0,0,0,0,-0.35614705,-0.2002389
0,1,0,0,0,4.5500507,-0.11473628
0,1,0,0,0,2.7926629,0.16760838
0,0,0,0,1,-0.49810195,0.36106676
0,0,0,0,1,-0.44998622,0.2597879
1,0,1,0,0,-0.052966356,0.214401
0,1,0,0,0,6.2496033,0.44650772
0,0,0,0,1,-1.5785725,0.0123820035
0,0,0,0,1,-0.5753443,-0.15611851
1,1,0,0,1,9.912693,-0.1227248
1,0,0,0,0,-0.048179388,-0.024726445
0,0,0,0,0,-0.3803208,-0.21058303
0,0,0,0,0,-2.3439682,0.6102248
0,0,0,0,1,0.7783668,-1.7178301
0,0,0,0,0,-2.791544,-0.18155877
0,0,0,0,0,-2.558054,0.8320668
0,0,0,0,0,3.5986483,-0.3150484
0,1,0,0,0,3.079618,0.0
1,1,0,1,1,9.76236,-0.08255992
1,1,0,0,1,10.505778,-0.3880991
0,0,0,0,0,-0.40326524,-0.15245062
0,0,0,0,0,0.10712457,-0.044287343
0,0,1,0,0,-0.56218123,0.24662434
0,1,0,0,0,3.4895434,-0.70590425
1,0,1,0,0,0.2855537,0.16942516
0,0,0,0,1,-2.3717115,0.31192216
1,0,1,0,0,-0.05562997,0.14330322
1,0,1,0,0,0.21745181,0.23753963
1,0,1,0,0,0.042672873,0.08037125
1,1,0,0,0,9.271911,0.8447159
1,1,0,0,0,3.6817021,0.27568254
1,1,0,0,0,8.816238,0.010538684
0,0,0,0,0,0.3680675,-0.08882959
0,0,0,0,1,-0.0073263645,-0.21366191
0,0,0,0,1,0.16232371,-0.18672878
0,0,0,0,1,-0.4555266,0.19587374
0,0,0,0,1,-1.8365419,-0.3216155
0,1,0,0,0,4.3490458,-1.0164007
0,0,0,0,1,-1.1559966,0.12589602
0,0,0,0,1,0.08039069,-0.5463676
1,0,0,1,0,-6.5499496,-1.0196848
0,0,0,0,1,-0.052624464,-0.25779217
0,0,0,0,1,0.8330498,0.11040061
0,0,0,0,1,-1.4468982,0.16703482
1,0,0,1,0,-6.5499496,-1.0643715
0,0,0,0,1,-1.5936058,-0.4123535
0,0,1,0,0,-0.2998035,0.2788952
1,0,0,0,0,0.46952367,0.012849804
0,0,0,0,1,2.214722,-0.16791867
0,0,1,0,0,-0.072662115,0.30428505
1,0,0,0,0,0.03143716,-0.08931001
0,0,0,0,1,-1.3160136,0.2410112
0,0,1,0,0,-0.7417803,0.08219453
1,0,1,0,0,0.35055137,0.23603675
1,1,0,0,1,9.857616,-0.6630098
0,0,0,0,1,-1.1998808,0.34249038
0,0,0,0,1,-0.5169618,0.48842886
0,0,0,1,0,-3.5148275,-0.18849334
1,1,0,0,1,9.483559,-0.6950981
1,1,0,1,0,4.722292,0.39692548
0,0,0,0,1,0.0778954,0.050649256
0,0,0,1,0,-0.37247348,-0.015533899
1,1,0,0,0,8.108461,0.08564056
1,1,0,0,0,3.9579089,0.21656236
1,1,0,1,0,7.8189597,0.45257714
1,1,0,0,0,7.3085814,-0.19815922
1,1,0,0,0,8.44694,-0.03220308
0,0,0,0,0,-2.9304917,0.36461043
0,0,0,1,0,-4.151098,-0.40877566
0,0,0,1,0,-3.298679,-0.14649223
0,0,0,1,0,-3.8657858,-0.017404098
0,0,0,0,1,-1.7219732,-0.25142312
0,0,0,0,1,-0.6211817,-0.22424445
0,0,0,0,1,-1.0994115,-0.5816436
0,0,0,0,1,-0.39616585,-0.8012501
1,0,1,0,0,0.10369086,0.23279205
0,0,0,1,0,-2.023857,-0.863849
1,0,0,1,0,-0.019054174,-0.20095503
1,0,1,0,0,-0.09503627,0.14266834
1,1,0,0,0,6.1519146,0.44259554
1,0,1,0,0,0.1690042,0.19258891
0,0,0,0,0,-0.55556774,-0.063223645
1,1,0,0,0,9.011963,0.3700108
0,0,1,0,0,-0.46053457,0.17669478
0,0,0,0,1,-0.9907994,0.17584524
0,0,0,0,1,-1.9371736,-0.6842872
0,0,0,0,1,-1.0821092,-0.27810362
0,0,0,0,1,-1.5456815,-0.9747445
0,0,0,0,1,1.6026261,0.25892287
0,0,0,0,0,-0.23116612,-0.21411549
1,0,1,0,0,-0.105312586,0.20113134
0,0,0,0,1,-0.014863253,-0.4663483
0,0,0,1,0,-4.1037498,-0.46887743
1,0,0,0,0,0.071204424,0.049553126
0,0,0,0,1,-1.2033515,-0.13453794
0,0,0,0,0,-0.44928122,-0.123609334
0,0,0,0,0,-0.16361976,-0.15595444
1,1,0,0,0,9.650452,0.20624094
0,0,0,1,0,-4.1376195,-0.3614443
1,0,1,0,0,-0.102133036,0.126922
1,0,1,0,0,0.05593705,0.21037328
0,0,0,0,1,2.6767075,-0.2674652
0,0,0,0,0,0.43003917,-0.06619309
1,0,1,0,0,0.17951179,0.16800202
0,0,0,1,0,-4.349693,-0.09543343
1,1,0,1,1,8.757132,-0.3035427
1,1,0,0,0,9.220272,0.27018845
1,1,0,1,1,10.252776,-0.51199996
0,0,1,0,1,0.33608985,-0.7017124
0,0,0,0,1,-2.2393882,-0.4136344
0,0,0,1,1,-1.2925394,-0.54484856
0,0,0,0,1,-1.6094728,-0.05203486
0,0,0,0,1,-0.57607174,-0.32938474
0,0,1,0,0,-0.3466165,0.106126614
0,0,0,0,1,-0.55194163,-0.67673326
0,0,0,0,0,-0.11902356,-0.119308606
1,0,0,0,0,0.49569106,0.028562004
1,1,0,0,0,3.4066079,0.28590098
0,0,0,0,1,-0.6495216,0.050632928
0,0,0,0,1,-0.9406376,-0.08158439
0,0,0,0,1,-0.45015788,0.07787357
0,0,0,0,1,-1.512079,0.17304084
0,0,0,0,1,-0.3719933,0.2669583
1,0,1,0,0,0.39105773,0.059540723
1,0,1,0,0,0.25429225,0.2582332
0,0,0,0,1,-0.45683646,0.33092374
0,0,0,0,1,-2.2403018,0.18367697
0,0,0,0,1,-1.1477168,-0.5616865
0,0,0,0,0,-0.6509824,0.035584554
0,0,0,0,1,2.0041282,-0.90447694
0,0,0,0,1,-0.16372609,-0.3688208
0,0,0,0,1,0.7333596,-0.6962604
1,1,0,0,1,10.396052,-0.09079567
1,1,0,1,0,9.068456,0.08361579
0,0,0,0,0,-0.06277776,-0.16308536
0,0,0,0,0,-2.29646,0.67725784
0,0,0,0,1,3.4050553,-0.99073726
0,1,0,0,0,3.6930954,0.023317631
1,1,0,0,0,3.0761924,0.46326885
0,0,0,0,0,-0.26485896,-0.2359472
1,0,1,0,0,-0.04519248,0.27861804
0,0,0,0,1,-0.9096763,0.6359992
0,0,0,1,0,-4.664285,-0.7814398
1,1,0,0,0,8.829301,0.53207713
0,1,0,0,0,4.66463,-0.09814465
0,1,0,0,0,5.91831,-0.15509002
1,0,0,1,0,-3.3791113,0.48832083
0,0,0,1,0,-4.541731,-0.4549799
0,0,0,1,0,-3.4486566,-0.13958584
0,0,0,0,0,-0.055408716,-0.02743301
0,0,0,0,0,0.23353744,-0.047201008
1,1,0,0,0,5.783434,0.08189932
1,1,0,1,0,6.6778355,0.4478634
0,0,1,0,0,-0.3421533,0.17644921
1,0,1,0,0,0.078424215,0.28524828
1,0,1,0,0,0.2484057,0.08030366
1,0,0,0,0,0.30662465,0.4775817
0,0,0,0,0,-0.17691731,-0.20274763
0,0,0,0,0,-3.2828412,0.21273303
0,0,0,0,1,-1.638838,-0.21084526
0,0,0,0,1,-0.78404593,0.3851906
1,1,0,0,0,8.559996,-0.5131758
0,0,0,0,1,-0.28162837,-0.28449628
0,0,1,1,0,-4.203098,-0.27994278
0,0,0,0,0,0.14930844,-0.12984507
0,0,0,0,1,-0.07131505,-0.33952668
0,0,0,0,1,-1.6952226,0.39612737
0,0,0,0,0,-2.7472339,-0.6978192
0,0,0,0,0,-0.09425616,-0.06423851
0,1,0,0,0,3.9977114,0.825842
0,0,0,0,1,-0.48042178,0.2336516
0,0,0,0,1,-0.5627625,-0.21988559
0,0,0,0,1,0.33935428,-0.08771579
1,0,0,0,0,-0.5748601,0.62992233
1,1,0,0,0,10.19698,0.01259645
0,1,0,0,0,4.1206503,-0.17607345
0,1,1,0,0,3.371512,0.1002595
1,0,1,0,0,-0.11403012,0.14133377
1,1,0,0,0,8.968455,0.03538674
0,1,0,0,0,4.8297796,-0.2732329
1,1,0,0,0,4.0673013,0.15193495
0,0,0,0,1,-0.7000036,-0.3446748
1,0,0,0,0,-0.03753352,-0.102775246
0,0,0,1,1,0.041351557,-0.21112567
1,0,0,1,0,-6.5499496,-1.0001402
0,1,1,0,0,3.9312317,-0.04533792
0,1,0,0,0,4.8489876,-0.9539633
0,0,0,0,1,-2.4656966,-0.16024287
0,0,0,0,1,-1.066273,-0.100092664
0,1,1,0,0,7.2547474,0.93258274
1,0,1,0,0,0.03894925,0.10289367
0,0,0,0,1,0.30692506,-0.08215756
0,0,0,0,1,0.0,-0.061351117
0,0,0,1,0,-4.0107827,0.043371793
0,0,0,0,0,3.2684586,-0.37516326
0,1,0,0,0,4.543025,-0.55185544
0,0,0,0,1,-1.3347981,-0.1200737
0,0,0,0,0,-2.9842408,0.26075295
0,0,0,0,1,0.9870508,-0.75762004
1,1,0,1,1,9.628063,-0.28850138
1,1,0,0,1,10.455949,-0.037672553
0,0,0,0,1,-2.1889262,0.13546614
0,0,1,0,1,0.47979116,0.06969685
1,1,0,0,0,5.7959366,0.2585303
0,0,0,1,1,1.6769412,-0.4072462
0,0,0,0,1,2.8692095,-0.470849
0,0,0,0,1,2.2297797,0.15011841
0,0,0,0,1,-0.2656541,-0.568502
0,0,0,0,1,2.1119616,0.050326936
0,0,0,0,1,3.3182907,0.035321098
1,1,0,1,0,-4.5198183,-1.2426447
1,1,0,0,0,9.867897,-0.628301
1,1,0,0,0,9.859966,-0.8881052
0,0,1,0,0,-1.7860293,-0.099746786
0,0,0,0,1,-1.4734592,-0.015909828
0,0,0,0,1,-1.5469575,-0.0020790051
0,0,0,0,0,-0.8659971,0.52145654
1,0,0,0,0,3.2385836,0.37988645
0,0,0,0,1,-0.12155962,-0.51847905
0,0,0,0,1,-0.10498333,-1.2981656
0,0,0,0,1,0.413064,0.02235107
0,0,0,0,1,-0.36196446,0.13663249
0,0,0,1,0,-1.4990315,-0.140894
0,0,0,0,1,2.1425598,-0.06201314
0,1,0,0,0,7.4462957,0.46976244
1,0,0,0,0,0.3297994,0.6075621
1,0,0,1,0,-4.5198183,-0.99888355
0,0,0,0,1,3.314624,-0.24879526
0,0,0,1,0,-2.6232135,0.12898318
0,0,0,0,1,0.58737755,0.17248414
0,0,0,1,1,0.62126684,-0.32953084
0,0,0,0,1,-0.34960556,0.11869452
0,0,0,0,1,-0.11743641,-0.7520196
1,1,0,0,0,8.889573,0.0016339883
0,0,0,0,1,0.028524399,-0.3397306
0,0,1,1,0,-1.275976,0.64417815
1,0,0,1,0,-2.7363117,-0.31637388
1,1,0,0,0,8.300064,0.034371186
1,1,0,0,1,10.739306,-0.64788747
1,1,0,0,1,10.619512,-0.8838517
1,1,0,1,1,10.619776,-0.12892285
0,0,0,0,1,1.0431919,0.23913522
1,0,0,0,1,0.93516874,0.52759063
0,0,0,0,1,-1.3360119,0.13534889
0,0,0,0,1,-0.100436926,-0.69805986
0,0,0,1,0,-3.3761744,-0.69609135
0,0,0,0,0,-1.6664271,-0.22008318
0,0,0,0,1,-1.4569869,0.06615944
0,0,0,0,0,-1.359576,-1.3294612
0,0,0,0,0,-1.2661057,0.44895154
0,0,0,0,1,0.09079218,0.19074431
0,0,0,0,1,1.2066865,-0.4968977
0,0,0,0,1,1.1017809,-0.27941516
0,0,0,1,0,-2.8071032,-0.28289917
0,0,0,1,0,-2.9848075,0.06171755
0,0,0,0,1,-1.4151225,-0.1188578
0,0,0,0,1,-1.361402,-0.14430611
0,0,0,1,0,-3.2270718,-0.7152845
0,0,0,1,0,-3.6914387,-0.1856241
0,0,0,0,1,1.3097444,-0.27725765
1,1,0,0,1,10.735837,-0.8928051
0,0,0,0,1,-0.26651,-0.19053197
0,0,0,1,1,2.143337,0.07520581
0,0,0,1,0,-1.2985291,0.13506342
0,0,0,0,0,-1.7868629,0.46426553
0,0,0,0,1,0.09079075,-0.20696506
0,0,0,0,1,0.16729784,0.0060319514
0,0,0,0,1,-0.087987185,0.045362033
0,0,0,0,1,0.15001154,-0.036796436
0,0,0,1,1,-0.70985913,-0.49408072
0,0,0,0,1,0.5037589,-0.9070387
0,0,0,0,1,3.1538422,-0.033393245
0,0,0,0,1,3.175065,0.0
0,0,0,0,1,0.7415004,-0.482356
0,0,0,0,1,-0.85879564,-0.0036897168
0,0,0,0,1,-0.40290117,-0.33545557
0,0,0,0,1,1.4301755,0.1928878
0,0,0,0,1,0.8035922,-0.20091347
1,1,0,0,0,8.72671,-0.0083669145
1,1,0,0,0,8.857361,0.25795665
0,0,0,0,1,1.4042604,0.0058664544
0,0,0,0,1,-1.1472304,0.14839317
0,0,0,0,1,0.6021471,-0.35302448
0,0,0,0,1,0.31728172,-1.2797587
0,1,0,0,0,6.0901175,-0.035887096
0,0,0,0,1,0.2665496,0.24197598
0,0,0,1,0,-3.9077249,-0.720544
0,0,0,0,1,0.39297652,-0.004256081
0,0,0,0,1,0.56018305,0.30597222
0,0,0,0,1,1.0777712,-1.0843997
0,0,0,0,1,0.21927094,-0.03864438
0,0,0,0,0,-1.4271281,0.8498869
0,0,0,0,1,1.1467373,-0.12035855
0,0,0,0,1,0.9446912,0.10432526
0,0,0,0,1,1.4434571,-0.10449772
0,1,0,0,0,7.7018204,-0.6761063
0,0,1,0,0,-0.4103861,0.592454
0,0,0,0,1,-0.5208061,-0.27792457
0,0,0,1,1,-0.6594219,-0.12162679
0,0,0,0,1,-0.6835351,0.12658735
1,0,0,1,0,3.756241,0.2497168
0,0,0,0,0,4.0858307,-0.14324924
0,0,0,1,0,-2.747366,0.42392254
0,0,0,0,1,-1.1443694,0.1055089
0,0,0,0,1,-0.110675335,-0.07047214
0,0,0,0,1,-0.80237055,-0.17868035
1,1,0,0,0,8.459062,-0.20412485
1,1,0,0,0,8.258465,0.049274422
1,1,0,0,0,8.347448,0.27014327
0,0,0,0,1,-0.35045552,0.24908015
0,0,0,0,1,0.91670537,-0.076018974
1,1,0,1,0,5.952649,0.29571706
0,0,0,0,1,1.2704523,-0.029683292
0,0,0,0,1,1.1697683,0.12651366
0,0,0,0,1,1.5345807,0.010343515
0,0,0,1,1,0.6599102,0.12482817
0,0,0,1,0,-1.8528662,-0.30137908
0,0,0,1,0,-2.665559,0.033265427
0,0,0,1,0,-2.8877788,0.33587077
0,0,0,0,0,-1.4432471,0.83106166
0,0,0,1,1,-0.079568624,0.08935202
0,0,0,0,0,-0.6367078,0.5282529
0,0,0,0,1,0.11424327,0.09248518
0,0,0,0,1,-0.20579147,-0.047773495
0,0,0,0,1,1.1136456,0.11979258
0,0,0,0,1,3.2894182,-0.70266265
0,0,0,0,0,2.7722154,0.56013083
0,0,0,0,1,0.3886156,-0.025091104
0,0,0,1,0,-2.0743775,-0.092371985
0,0,0,0,0,-2.2373872,0.20137195
0,0,0,0,1,-0.118447304,-0.106869005
0,0,0,0,1,0.24684858,0.36944726
0,0,0,0,1,1.0693827,-0.0071133752
0,0,0,0,0,-1.2863371,0.22978944
0,0,0,0,1,1.1025643,-0.30037624
0,0,0,0,1,0.5126474,-0.33245936
1,1,0,0,0,10.454856,0.33366853
0,0,0,0,0,-0.7198682,0.2913193
0,0,0,0,1,-1.1474118,-1.0161711
0,0,1,0,1,1.6534755,0.02437507
0,0,0,0,1,0.5010152,-1.0778352
1,1,0,0,0,10.318452,0.23354177
0,0,0,1,0,-2.1199157,-0.5386267
0,0,0,0,1,0.24622631,0.09231129
0,0,0,0,1,-1.2970726,0.009757509
0,0,0,0,1,1.1862121,-0.42814887
0,0,0,0,1,0.12026715,-0.0682915
1,1,0,0,0,7.3465843,0.017494492
1,1,0,0,0,7.529072,0.22950698
0,0,0,1,0,-2.4699516,0.3957135
0,0,0,0,1,0.023188114,-0.033889458
0,0,0,1,1,1.0070093,-0.49515253
0,0,0,1,1,1.2381887,-0.22678927
0,0,0,0,1,1.1718354,0.09769777
0,0,1,0,1,0.32690334,-0.16059977
0,0,0,0,1,-0.06989622,-0.15914819
1,1,0,0,0,5.6231203,0.03430484
0,0,0,0,1,-0.36624026,-0.7277238
0,0,0,0,0,-0.40740013,0.40142035
0,1,0,0,0,5.7523575,-0.3114914
0,0,0,0,1,2.965145,-1.0436778
0,0,0,0,1,0.34044194,-0.10300176
0,0,0,0,1,0.35669994,-0.051274832
0,0,0,0,1,-1.2534857,0.425365
0,0,0,0,1,-0.20198894,-0.54095787
0,0,0,0,1,0.34900713,-0.11669131
0,0,0,1,0,-3.265122,-0.3052564
1,1,0,0,0,8.42808,-1.094697
1,0,0,1,0,-5.194708,-1.05169
0,0,0,0,1,0.6373706,-0.4763697
1,1,0,0,0,7.1508713,0.40218604
0,0,0,1,1,0.44779825,-0.98819184
0,0,0,1,0,-3.0650458,-0.4212744
0,0,0,1,0,-2.954513,0.22054459
0,0,0,0,1,-0.68019176,-0.7365583
0,0,0,0,0,-0.9821029,0.5641463
0,0,0,0,1,2.4805334,-0.3052636
0,0,0,1,1,2.5755835,0.048606418
0,0,0,0,1,2.7391915,-0.8497557
0,0,0,0,1,3.22318,0.21236807
1,1,0,0,0,9.425441,0.30010593
0,0,0,0,0,-1.8514271,0.22131315
0,0,0,0,1,0.85341454,0.26822016
0,0,0,1,0,-1.9950418,0.23767927
0,0,0,1,0,-1.2915535,0.059284553
0,0,0,0,1,0.9220691,0.0071133752
0,0,0,0,1,0.17015147,-0.14858209
0,0,1,0,1,-0.20153904,0.05836735
0,0,0,1,1,-0.24383116,0.20344193
0,0,0,0,1,0.38919258,-0.083466575
0,0,0,0,1,-0.05615163,0.05669668
0,0,0,0,1,0.13096142,0.09511884
0,0,0,0,1,-0.08179045,0.4885439
0,1,0,0,0,8.098853,-0.44343036
1,1,0,0,0,8.007241,-0.4769728
0,1,0,0,0,7.6312127,0.29268023
0,0,0,0,1,-0.0055105686,0.08994957
0,0,0,0,1,0.0067915916,0.23340291
0,0,0,0,1,0.58255243,-1.2568905
0,0,0,0,1,0.61602736,-0.35531625
0,0,0,0,1,-0.23242784,0.12818758
0,0,0,0,1,0.11033535,-0.09852474
0,0,0,1,0,-2.4405086,0.51386154
1,1,0,1,0,8.928188,-0.03305541
1,1,0,0,0,8.72385,0.3218598
0,0,0,1,0,-3.395358,-0.669889
0,0,0,0,1,-1.2945585,0.4594031
0,0,0,0,0,-0.36516047,0.48601356
1,1,0,0,0,6.386614,-0.008202156
1,1,0,0,0,6.1210403,0.6083654
0,0,0,0,1,0.6391425,0.16456874
0,0,0,0,1,-1.0155919,0.25086176
0,0,0,0,1,0.6595297,-1.1118495
1,1,0,1,1,-3.5340233,-1.1576356
0,0,0,0,1,0.975739,-0.083063215
0,0,0,1,0,-3.386019,-0.82016253
1,1,0,0,0,6.180992,0.45974004
1,1,0,0,0,10.930687,0.0807979
0,0,0,0,0,-1.5637076,0.070800856
0,0,0,0,1,-1.170496,-0.81299305
0,0,0,0,1,0.43457985,-0.35161677
0,0,0,0,1,0.2818656,0.32610682
0,1,0,0,0,7.1209044,-0.2832169
0,0,0,0,1,0.64279747,-0.60185164
0,0,0,0,1,1.5614939,-0.16121992
0,0,0,0,0,-2.1174042,0.22839107
1,1,0,0,1,11.23703,-0.63075423
0,0,0,0,1,-0.23526192,-0.9928554
0,0,0,0,1,-0.5111747,-0.8453446
0,0,0,0,1,-0.05213523,0.14033146
0,0,0,0,1,-0.025703907,-0.026838899
0,0,0,0,1,-0.17547941,0.5621797
0,0,0,0,1,-0.022871017,-0.2514747
0,0,0,0,1,-0.28575754,-0.045208383
0,0,0,0,0,-1.8161547,0.36319095
0,1,0,0,0,6.8999934,-0.65987366
0,0,0,0,0,-1.1315112,0.084838435
1,1,0,0,1,11.283257,-0.82611716
0,0,0,0,1,-0.39175987,-0.023519337
0,0,0,0,1,0.5141449,-0.0808761
1,0,0,1,0,-5.6132135,-0.979544
0,0,0,1,0,-2.3969476,0.058083586
1,1,0,1,1,-4.5198183,-0.66934544
0,0,0,0,1,0.005695343,0.21158473
0,0,0,0,0,-0.6468494,0.14984564
0,0,0,1,0,-3.4455452,-0.9369257
0,0,0,1,0,-2.118303,-0.53672045
0,0,0,0,0,-0.91965914,-0.06917967
0,0,1,0,0,-0.66928625,0.6733698
0,0,0,0,0,-1.7098987,-0.41162223
0,0,0,1,0,-2.1577647,0.5827572
0,0,0,0,0,-1.4595354,0.54171747
0,0,0,0,1,0.22673512,0.06926144
0,0,0,0,0,-1.3406823,0.45550078
1,0,1,0,0,-0.11562967,0.6992159
0,0,0,0,0,-0.7929702,0.48365194
0,0,0,0,1,-0.8592267,0.49477324
0,0,0,0,1,0.016159534,0.007533735
1,1,0,0,0,6.9335623,0.30058995
0,0,0,0,1,-0.99319625,-1.0937209
0,0,0,0,1,0.065068245,0.43745127
0,0,0,0,1,1.1483135,0.13525625
0,0,0,0,1,0.43404245,-1.1623712
0,0,0,0,1,0.68574095,0.16086037
1,0,0,0,1,0.3043096,0.48198357
0,0,0,1,0,-3.4512677,-0.63556015
1,0,0,1,0,-3.794866,-0.027202582
0,0,0,0,1,0.8122449,-0.6272389
0,0,0,0,0,-1.4967358,-0.8411607
0,0,0,0,0,-1.0221379,0.3785273
0,1,0,1,0,6.09408,-0.49005604
0,1,0,0,0,5.9765325,-0.11186851
1,0,0,1,1,0.6570611,-0.19730523
1,0,1,0,0,0.018333912,0.75557476
0,0,0,0,1,-0.98599076,0.16612487
0,0,0,0,1,-0.026153088,-0.03593236
1,1,0,1,0,6.9728374,0.023577431
0,0,0,0,1,0.09037781,-0.6299777
0,0,0,0,1,-1.1742244,0.071888246
0,0,1,0,1,-1.1043911,0.07041782
0,0,0,1,0,-3.4027512,-0.88690513
0,0,0,0,1,-0.017599583,0.28501308
0,0,0,0,1,0.2110014,0.040810183
0,0,0,0,1,-0.20237827,-0.08845479
0,0,1,0,0,-0.6278951,0.76442665
0,0,0,0,1,0.0055105686,-0.048886873
0,0,0,0,0,-0.46831083,0.4019171
0,0,0,0,1,-1.0354385,0.28350818
0,0,0,0,0,-0.15199804,0.27510276
0,0,0,0,1,-1.0388787,0.0350025
0,0,0,0,1,-0.027876616,-0.20332357
0,0,0,0,1,-0.07657051,-0.39052102
0,0,0,0,0,-1.5529943,0.31070077
1,1,0,0,0,10.291114,-0.041195184
0,0,0,0,1,0.02461958,-0.698269
0,0,0,1,0,-1.730422,0.19086474
1,0,0,0,0,0.1320405,0.57541263
1,1,0,1,0,5.4714203,0.07535736
0,0,0,1,1,-0.28846312,-0.26219052
0,1,0,0,0,4.478833,-0.2639966
0,0,0,1,1,1.8546274,-0.25215378
1,1,0,0,0,4.986725,0.46939203
0,1,0,0,0,5.007019,-0.10717637
0,1,0,1,0,4.9039574,0.07400775
0,0,0,0,1,-0.106582165,-0.5164535
0,0,0,0,0,0.011565208,0.4168685
1,0,0,0,0,0.7000575,0.5478281
0,0,0,0,1,-0.23251247,0.10779529
1,1,0,0,0,7.7170258,0.25959656
0,0,0,0,1,3.0910683,-0.0433682
0,0,0,0,1,2.506002,0.5022483
0,1,0,0,0,5.0891056,-0.00951549
0,1,0,0,0,5.13644,0.021689307
1,0,0,0,0,-0.92759585,0.695515
0,0,0,0,1,-0.09195089,-0.10261113
1,1,0,0,0,10.203261,-0.9825724
1,0,0,0,0,-0.6630938,0.79009134
0,0,0,0,1,-0.49822378,0.39275756
0,0,0,0,0,-0.38419294,0.47591865
0,0,0,0,0,-0.7663443,0.54517794
0,0,0,0,1,2.849541,0.478243
0,0,0,0,0,-1.329092,-0.0016339883
0,0,0,0,1,-0.48387337,0.35277396
0,0,0,0,1,0.24196076,0.066987835
1,1,0,0,0,5.8146343,0.20746708
0,1,1,0,0,7.3123293,0.97727036
1,1,1,0,1,-0.17757559,0.6918727
0,0,0,0,1,0.19183588,0.3407388
0,0,0,0,1,-0.71675825,0.2944114
0,0,0,0,1,0.73682547,-0.35956597
1,1,1,0,0,8.229148,-0.10427045
0,1,0,1,0,8.035245,0.42892218
0,0,0,1,0,-1.8480537,-0.26513907
0,0,0,0,0,-1.8401375,-0.36445197
0,1,0,0,0,4.8861094,-0.7010199
0,0,0,1,0,-1.9557118,-0.062708795
0,0,0,0,1,-0.2719314,-0.41062412
1,0,0,0,0,1.4077129,0.5299292
0,1,1,0,0,3.7121463,0.096325554
0,0,1,0,1,4.073922,-0.119805805
0,1,0,0,0,4.036437,-0.021090724
0,1,0,0,0,4.131146,0.03801545
0,0,0,0,1,-0.8094387,-0.5038931
0,0,0,0,1,3.8152373,-0.05180809
0,1,0,0,0,3.827282,0.16441996
1,1,0,0,0,8.109995,0.073537245
1,1,0,0,0,8.331249,0.18649267
0,0,0,0,1,0.7276726,-0.2741609
1,0,0,1,0,-1.3209097,0.39926502
0,0,0,1,1,0.025978327,-0.07162104
0,0,0,0,1,-0.23215485,0.25429142
0,0,0,1,1,1.1587029,-0.8327601
0,0,0,0,1,0.90946007,0.23092002
1,0,0,0,0,0.06980562,0.22224061
1,0,0,0,0,-0.24664497,0.36987466
0,0,0,0,1,-0.8084059,0.10180315
0,0,0,1,0,-2.3229358,0.31343493
0,0,0,1,0,-3.0167394,0.0012268865
1,0,0,1,0,-2.8240323,-1.1851767
1,1,0,0,0,9.584801,0.45329162
1,1,0,0,0,9.53751,0.16817509
0,0,0,0,1,0.8685403,-0.086969204
0,0,0,1,0,-3.0825582,-0.38077116
0,1,0,1,1,-3.6650198,-1.290942
0,0,0,1,0,-3.8385968,-0.87919366
0,0,0,0,0,-0.37788486,0.56997025
0,0,0,0,0,-1.9554775,0.018247096
0,0,0,0,1,-0.19717884,0.097374596
1,1,0,1,0,10.153969,0.5503683
0,0,0,1,0,-2.0979009,0.15275048
0,0,0,0,1,1.0145588,0.13687585
1,1,0,1,0,-5.194708,-1.1035249
0,0,0,1,0,-2.6012197,0.10685011
0,0,0,0,0,-2.3752441,-0.7955489
0,0,0,0,1,-0.64644504,-0.40890104
0,0,0,0,1,-0.61172247,-0.09755753
0,0,1,0,1,-0.79811525,0.14047876
0,0,0,1,1,-0.2361207,0.3835979
1,1,0,0,0,6.7647367,0.75204927
1,1,0,0,0,10.646309,0.40477404
0,0,1,0,0,-1.0381985,0.59974706
0,1,0,0,0,4.987679,-0.78762394
0,0,0,1,0,-2.2948997,-0.04974517
1,0,0,1,0,-3.7978456,-0.26536772
0,0,0,0,1,-0.10204315,-0.20000644
0,0,0,0,1,0.44358778,-0.4716184
0,0,0,0,1,-0.26629543,-0.11197563
0,0,0,0,0,-0.6693957,0.5305116
0,0,0,0,1,0.26538134,-0.5548698
0,0,0,0,1,-0.14847612,-0.1305503
0,0,0,0,1,-0.36481428,0.10968298
0,0,0,0,1,0.79619837,-0.29388216
0,0,0,1,0,-3.1518366,-0.4312845
0,0,0,0,0,-0.8423047,0.022592995
0,0,0,0,0,-0.27745104,0.42085597
0,0,0,1,0,-2.9979348,-0.677952
0,0,0,0,1,0.66540575,0.067181475
0,0,0,0,1,-0.036160946,-0.017634515
0,1,0,0,0,5.7097445,-0.11961509
1,0,0,1,0,-4.5198183,-0.7920633
0,0,0,0,1,-0.6288111,-0.012825679
0,0,0,0,1,-0.65437794,0.47151512
0,0,0,0,1,-0.206213,0.086792134
0,0,0,1,0,-3.0393543,-0.23671429
0,0,0,0,1,0.9703312,-0.81807476
0,0,0,0,0,-0.7993171,0.45463297
0,0,0,0,0,-1.535342,0.29488778
1,1,0,0,0,10.807112,-0.10899687
1,1,0,0,1,10.707486,-0.06840428
0,0,0,1,1,-0.024574757,-0.30104467
0,0,0,1,0,-2.4187992,0.10731381
0,0,0,0,1,0.7379365,-0.9166985
0,0,0,0,1,2.5371046,-0.16493586
1,0,0,0,0,1.9548917,0.58896416
0,0,0,0,1,-1.165767,-1.0700997
0,0,0,0,1,0.09626675,-0.9089446
0,0,0,0,1,-1.0149488,-0.88347435
0,0,0,0,1,3.106432,-0.61329335
0,1,1,0,1,3.013431,0.22695625
0,0,0,0,1,0.3095193,-0.31506157
0,0,0,0,1,-0.76117444,-0.8142432
0,0,0,0,1,0.34299946,-0.19538441
1,1,0,0,0,5.0089035,0.43878323
0,0,0,0,1,3.038523,0.19396509
0,0,0,0,0,-0.95525646,0.1918682
0,0,0,0,1,-0.813437,-0.7777024
0,0,0,1,1,1.0359862,0.12487609
1,1,0,0,1,10.8338785,-0.8983881
0,0,0,0,0,-0.36753702,0.25900087
0,0,0,1,0,-2.6112263,-0.49234894
0,0,0,0,1,2.994305,-0.24024017
0,0,0,0,1,3.1796303,-0.081066266
0,0,0,0,1,3.1559186,-0.30862474
0,0,0,0,1,-1.3146396,0.3005332
1,1,0,0,1,10.964548,-0.09578282
1,1,0,0,1,10.725337,-0.006686634
0,0,0,0,1,0.13855124,-0.077165864
0,0,0,0,1,0.9870558,-0.8378942
0,0,0,0,0,-1.5210698,-0.055255774
0,0,0,0,1,-0.21633959,0.2578544
0,0,0,0,1,0.8060703,-0.09741494
0,0,0,0,0,-0.7972326,0.30809563
0,0,0,0,0,-0.1814909,0.2785732
1,1,0,0,0,6.231614,0.22769299
1,0,1,0,0,5.4739966,1.1461048
1,1,0,0,0,10.094113,-0.06036159
1,1,0,0,0,9.90811,0.5102228
0,0,0,0,1,-0.7151804,-0.95099694
0,0,0,0,0,-0.70686173,0.3495865
0,1,0,0,0,6.787812,-0.35131916
1,1,0,0,0,6.2843294,0.45094827
0,0,0,1,0,-3.3211365,-0.37294123
0,0,0,0,1,3.8432848,-0.14159235
0,0,0,0,1,0.8731096,0.31345147
0,0,0,0,1,-0.23639107,0.08267676
1,1,0,0,1,10.610424,-0.94719017
1,0,0,0,0,1.3114841,0.63096017
0,0,0,0,1,0.8379729,0.27100092
0,0,0,0,1,1.2373185,-0.15895584
0,0,0,0,1,1.8454719,-0.10014606
0,0,0,1,0,-2.7928023,-0.56654197
0,0,0,1,0,-2.7957778,-0.14082354
1,1,0,0,0,10.472044,0.18991923
1,1,0,0,1,10.529706,0.019279798
0,0,0,0,1,0.06659675,0.2530209
0,0,0,1,0,-2.3017528,-0.016473502
0,1,0,1,0,8.080904,0.5578415
0,0,0,0,1,-0.43220782,-0.9644058
0,0,0,0,1,-0.24992275,-0.44517517
0,0,0,0,1,0.11137462,-0.03086224
0,0,0,0,1,0.022490978,0.32667848
0,0,0,0,1,0.50158405,-0.25914
0,1,0,0,0,5.3456745,0.018938536
1,1,0,0,0,9.291335,0.19045964
1,1,0,0,0,9.598519,-0.065029696
0,0,0,1,0,-3.2834415,0.026649786
0,0,1,0,0,-0.804548,0.83620733
0,0,0,0,1,0.4693365,-0.5917403
0,0,0,0,1,0.07157946,-0.3695362
0,0,1,1,0,-1.2356834,0.59804785
0,0,0,0,1,0.69907236,-0.72523975
0,0,0,0,1,0.45943928,-1.1220556
0,0,0,1,0,-2.6115127,0.14909725
0,0,0,1,0,-2.369847,0.10495707
0,0,0,0,1,-0.81731606,0.017558035
0,0,0,0,1,-0.7809129,0.0020790051
0,0,0,0,0,-2.285098,0.07254088
0,0,0,0,0,-2.052433,-0.5693948
0,0,0,0,1,1.3796701,-0.77473277
0,0,0,0,1,0.56334543,-0.10466879
0,0,0,0,1,-1.0700595,-0.19594198
0,0,0,0,1,-1.1341143,0.073519036
0,0,0,1,1,-0.2348547,0.2262938
0,0,0,0,1,-0.88704395,-0.08030581
1,0,0,0,1,0.328485,0.2939967
0,0,0,0,1,0.8966398,-0.1302684
1,0,1,0,0,0.25070286,0.6034753
0,0,0,0,1,-0.16451263,-0.6036599
1,0,0,0,0,1.5149934,0.5297642
0,0,0,1,0,-3.7073693,-0.72848904
0,1,0,0,0,8.0974455,0.120540194
1,1,0,0,0,8.586786,-0.062973045
0,0,0,0,1,-0.5366533,-0.005076897
0,0,0,0,1,-0.75796986,0.33774915
1,0,1,0,0,-0.005695343,0.7803694
0,0,0,0,1,-0.40784407,0.2518404
0,0,0,0,1,-0.5175166,-0.20529924
0,0,0,0,1,0.5580826,-0.1845627
0,0,0,1,0,-2.5454113,-0.97728443
0,0,0,0,1,0.93009686,0.16598648
0,0,0,0,1,-0.28464794,0.12482817
1,0,0,1,0,-3.3782158,-0.3429954
0,0,0,1,0,-3.2053683,-0.62952685
0,0,0,1,0,-3.194291,-0.023601485
0,0,0,0,1,-0.7562604,-0.21541308
0,0,0,0,1,-0.9214101,0.25356108
0,0,0,0,1,-1.2747602,-0.98422563
0,0,0,0,1,-1.5101185,-0.027920369
0,0,0,0,0,-1.818018,0.37923312
0,0,0,0,1,-0.975343,-0.061665498
0,0,0,0,1,0.2964344,-0.59850687
1,1,1,0,1,-0.12949228,0.7211681
0,0,0,0,1,-0.31578755,-0.8006874
0,0,0,0,1,0.22713041,-0.42909843
0,0,0,0,1,-0.578562,-0.84724206
0,0,0,0,1,-0.07872915,-0.20020664
0,0,0,0,1,-0.3302765,-0.3864611
1,0,1,0,0,-0.007200241,0.58545184
0,0,0,0,1,0.26011515,0.22115037
1,1,0,0,0,4.5850544,0.19248351
0,0,0,0,1,-0.016159534,-0.4267617
0,0,0,0,1,-1.3786983,0.30247912
0,0,0,0,0,-1.6732521,0.55282825
0,0,0,1,0,-1.92362,0.03342347
0,0,0,0,1,0.29093742,-0.75138336
0,0,0,0,1,0.23483872,0.270627
1,1,0,0,0,9.715342,0.24590497
0,0,0,0,0,-1.8481343,-0.6428716
0,0,0,0,0,-1.8944273,-0.012358936
0,0,0,0,0,-0.47798586,0.3565394
1,0,0,1,0,-5.657433,-0.93027747
0,0,0,0,1,-0.22254562,0.15870547
0,0,0,0,1,-0.77490115,0.42049456
1,1,0,0,0,9.931077,0.13220423
0,0,0,0,1,0.5217874,-0.4495591
0,0,0,0,1,-1.4338546,0.032948215
0,0,0,1,0,-3.7202592,-0.9031367
1,1,0,0,0,9.710167,0.5542398
0,0,0,0,0,-1.8187065,0.054842252
0,0,0,0,1,0.28138638,-0.48156247
0,0,0,0,1,-0.074203014,-0.2373699
0,0,1,0,0,-0.73652244,0.6558674
0,0,0,0,1,2.869695,0.42861688
0,0,0,0,1,0.31670856,-0.12156904
1,0,0,0,0,-0.052603245,0.5051565
0,0,0,0,1,0.1832211,0.18177809
0,0,0,1,1,-0.6908512,0.14128944
0,0,0,0,1,0.0010094643,0.10748033
0,0,1,0,1,0.15854931,0.13405317
0,0,0,0,1,-0.59194183,-0.07594437
0,0,0,0,1,0.030914783,0.062892355
0,0,0,0,1,0.8395076,-0.89921606
0,0,0,0,1,-0.348835,-0.5541938
0,0,0,1,0,-3.3109667,0.14412919
0,0,0,0,1,-0.9244492,-0.17606531
1,1,0,0,0,7.7323093,0.048324537
0,1,0,0,0,7.7132215,0.2160331
0,0,0,0,0,-0.77159023,0.34521624
0,0,0,0,1,0.2891903,0.1635952
0,0,0,0,1,0.8649068,-1.2281764
0,0,0,0,1,1.6977582,0.097507946
0,0,0,0,1,1.5818963,0.28928944
0,0,0,0,1,-0.69223666,-0.11962163
0,0,1,0,1,-0.8483052,0.11501214
0,0,0,0,1,-0.5433483,-0.017346477
0,0,0,0,1,1.231822,-0.88054085
0,0,0,1,0,-2.7663429,-1.3058981
0,0,0,0,1,0.0,0.32819536
0,0,0,0,1,-0.7304144,-0.8231456
0,0,0,0,1,0.15828061,0.18218672
0,0,0,0,1,0.7279124,-0.70018697
0,0,0,0,0,0.039427757,0.44777852
1,0,0,0,0,-0.21069002,0.46828002
0,0,0,0,1,-0.3059473,0.035151795
1,0,1,0,0,0.53005314,0.6025953
0,0,0,0,1,-0.45645094,-0.12984572
0,0,0,1,0,-2.529293,0.057918094
1,1,0,0,0,6.0747843,0.1784558
1,1,1,0,0,-0.42547035,0.8310474
0,0,0,0,0,-1.8789799,0.53542393
0,0,0,1,0,-2.476272,0.091292754
0,0,0,1,0,-1.9290214,-0.37345064
0,0,0,0,1,0.14200974,0.32316336
0,0,0,1,0,-2.8723066,-0.42252016
0,0,0,1,0,-3.181458,0.08437725
0,0,0,0,1,0.82707167,0.29620704
0,0,0,0,0,-0.8279276,0.037955754
0,0,1,0,0,-0.66712976,0.70540637
1,1,0,1,0,8.742049,-0.023140194
1,1,0,0,0,8.733905,0.13712017
1,1,0,0,0,9.40304,-0.12924421
1,1,0,0,0,9.657895,-0.066153295
1,1,0,0,0,9.788694,-0.3601077
1,0,1,0,0,0.09938383,0.60894066
0,0,0,0,1,0.65698576,-0.15944469
0,0,0,0,1,0.31661367,-0.30606234
0,0,1,0,0,-0.68244386,0.61870366
0,0,0,1,0,-2.3587682,0.22804032
0,0,0,0,0,-1.3224041,-0.25836986
0,0,0,0,0,-1.0753133,-0.25614652
0,0,0,0,1,0.5488758,-0.88839597
1,1,0,0,0,7.2266374,0.102686405
0,0,0,0,1,-0.21928406,-0.4851537
1,1,0,0,0,9.221451,-0.46088585
1,1,0,0,0,8.824708,-0.004365353
1,1,0,0,0,8.679817,-0.07747717
1,1,0,0,0,8.872164,0.0
1,1,0,0,0,8.54107,0.17660917
1,1,1,0,1,-0.04767561,0.6985847
1,1,0,0,0,8.960254,0.00016751821
0,0,0,0,0,3.013833,0.39812264
0,0,0,0,1,3.5445738,-0.2444301
0,1,0,0,0,4.3603067,-0.08986349
0,1,0,0,0,4.20837,0.19812599
0,0,0,0,1,0.53541803,-0.4543327
0,0,0,0,1,-1.0096407,-0.1751435
0,0,0,0,0,-0.8355806,0.43467614
1,1,0,1,1,11.619947,-0.8372927
0,0,0,0,0,-1.362278,0.19000173
1,1,0,0,0,9.416857,-0.10190931
1,1,0,0,0,8.684165,0.270233
1,0,1,0,0,0.64347124,0.6444604
0,0,0,0,1,0.17087984,-0.0034494095
0,0,0,0,1,3.2862773,-0.064880624
0,0,0,0,0,2.5913515,0.6050234
0,0,0,0,1,0.32703114,0.050690554
1,1,0,0,0,10.199408,-0.023238556
0,0,0,0,1,-0.7554946,-0.3311712
0,0,0,0,1,-1.0897379,-0.45184153
0,0,0,0,1,-1.1754532,0.23672675
0,0,0,1,0,-0.81362987,0.388409
1,0,0,0,0,-0.0062799454,0.5510754
0,0,0,1,0,-1.9547069,0.13598196
0,1,0,0,0,7.1321025,-0.76019794
0,0,0,0,1,0.32585335,-0.8531305
1,1,0,0,0,10.473114,0.16559678
0,0,0,0,1,-0.865855,0.17055985
0,0,0,1,0,-2.7502732,-0.67472285
0,0,0,1,0,-1.911114,0.23547715
0,0,0,1,0,-1.9724379,0.313028
0,0,0,0,1,-0.10226679,-0.18369986
0,0,0,1,0,-3.0748053,-0.98192203
0,0,0,0,0,-1.2912788,0.16368425
0,0,0,0,1,0.046150208,-0.2819148
0,0,0,0,1,-0.3371024,-0.10221957
0,0,0,0,1,-0.39574432,0.31910607
0,0,0,1,0,-3.1468139,0.31266475
1,0,0,1,0,-2.7675366,-0.57648706
1,0,0,1,1,0.484797,-0.38248727
0,0,0,0,0,-0.80215764,0.38106522
0,0,1,0,1,0.22677183,-0.31090647
0,0,0,0,1,0.14528608,0.25272915
0,0,0,1,1,0.60830593,-0.1678265
0,0,0,0,0,-0.9686241,0.0362187
0,0,0,0,1,-1.4445629,0.38338816
0,0,0,1,0,-2.26831,-0.0026434686
0,0,0,0,1,3.9438767,-0.1305203
1,1,0,0,0,6.751147,0.2750635
1,0,1,0,0,0.64494944,0.5509201
1,1,0,0,0,10.636326,0.5664479
0,0,1,0,1,-0.79827976,0.19905521
0,0,0,1,0,-2.1918986,-0.025640672
0,0,0,1,0,-1.9907677,-0.046049543
0,0,0,0,0,-2.3597622,0.16502877
0,0,0,0,0,0.014598846,0.41649985
1,1,0,0,0,5.7355504,0.41319853
0,0,0,0,1,0.58829975,-0.09569918
0,0,0,0,1,-0.051004887,0.28331673
1,0,1,0,0,0.23326206,0.54454815
1,1,0,0,1,10.738171,0.06768527
0,0,0,0,1,-1.4183497,0.19538711
0,0,0,0,0,-0.8936093,0.0009179116
0,0,0,1,0,-2.8440669,-0.99747837
0,0,0,1,0,-3.2923405,-0.5746384
0,0,0,1,0,-3.257015,-0.24781255
0,0,0,0,1,-0.45371294,-0.19117601
0,0,0,0,1,-0.04524374,-0.070621654
0,0,0,0,1,0.3764348,-0.5828402
1,1,0,0,1,10.853991,0.19034868
0,0,1,0,1,1.2786922,-0.23216593
0,0,0,1,0,-1.3811872,0.15595913
0,0,0,1,0,-3.6827936,-0.96812207
0,0,1,1,0,-3.4415524,-0.7072239
0,0,0,0,1,-0.15688848,0.24015869
0,0,0,0,1,-0.039740086,0.017860724
1,0,1,0,0,0.080590725,0.7643568
0,0,0,0,1,0.5377207,-0.29551795
0,0,0,0,1,0.3152113,0.33184242
0,0,0,0,1,-0.27307177,-0.19848348
0,0,0,1,0,-3.0918574,-0.8796953
0,0,0,0,1,0.8878536,-0.52706474
0,0,0,0,1,1.489326,-1.0037404
0,0,0,0,0,-0.93133855,-0.1262559
0,0,0,0,1,-1.5251284,0.19923803
0,0,0,0,1,0.72830725,-0.33227986
1,0,0,1,1,0.832829,-1.4591316
0,1,0,0,0,6.022501,-0.7571066
0,0,0,0,0,-0.48125172,0.35251117
1,1,0,0,0,4.3721476,0.2862151
1,0,0,0,0,-0.10466814,0.24853028
1,1,0,0,0,10.798899,-0.3162665
1,1,0,0,1,10.296296,-0.40203658
1,1,0,0,1,10.585964,-0.21238747
0,0,0,0,0,-1.3723288,0.27066213
1,0,0,1,0,0.8321171,0.32875204
0,0,0,1,1,-0.17600441,-0.11726658
0,0,0,0,1,0.4600315,-0.35028636
0,0,0,0,1,-0.8067355,0.21958604
0,0,0,0,1,-0.27268696,-0.15357608
0,0,0,0,1,-0.77636194,0.22096325
1,1,0,0,0,7.9867573,-0.5872172
0,0,0,0,1,2.615703,-0.4096917
0,0,0,0,1,1.9641318,0.076104395
0,1,0,0,0,8.311998,0.22280145
1,1,1,1,0,-1.9690893,0.60331446
0,0,0,0,0,-2.100151,-0.524264
0,0,0,0,1,-0.41429043,0.22442594
0,0,0,0,1,4.16818,-0.42535037
0,0,0,0,1,3.6809235,-0.15596727
0,1,0,0,0,3.7734375,0.27216756
0,0,0,0,1,2.5900002,-0.5866146
0,0,0,0,1,2.6809282,0.022968052
0,0,0,0,0,-1.4964559,0.0048345686
0,0,0,0,1,0.77506113,-0.059835732
1,0,0,0,1,0.9157181,0.22580306
0,0,0,0,1,-0.118024826,0.18753071
0,0,0,0,1,0.85736275,-1.2706562
0,0,0,0,1,-1.1329465,-0.8169375
0,0,0,1,1,-1.0845962,-0.075487845
0,0,0,0,1,0.35126162,-0.17792255
0,0,0,0,1,-0.05356121,-0.026482621
1,0,1,0,0,0.489017,0.65405506
1,1,0,1,1,-4.2001047,-0.79973954
0,0,0,0,1,0.42789125,-0.37129915
0,0,0,0,1,-1.5041714,-0.107428886
0,0,0,0,1,1.3111658,0.013197634
0,0,0,0,1,1.160965,-0.2688183
1,1,0,0,0,9.588469,0.36588562
0,0,0,0,1,0.5315342,-0.52979064
0,0,0,0,0,-1.2599325,0.0084051695
0,0,0,0,1,-1.7756166,0.1955249
0,0,0,0,1,2.1638536,-0.6192161
0,0,0,0,1,-0.5603585,-0.16877659
0,0,0,0,1,-0.4292736,0.115471676
0,0,0,0,1,0.13164234,-1.0243727
0,0,0,0,1,0.5103383,-0.036765333
0,0,0,1,1,-0.17121172,0.12311123
0,0,0,0,0,-0.9387562,0.28111795
0,0,0,0,1,-0.48160076,-0.102082364
1,0,0,1,1,-0.26425648,-0.9017052
0,0,0,1,0,-1.5897903,0.01887498
0,0,0,0,1,2.6003227,-0.1853753
0,0,0,0,1,-0.9218545,-0.6632745
0,0,1,0,0,-0.69589424,0.72539264
0,0,0,1,0,-3.14486,-1.0844725
0,0,0,0,1,0.0062799454,0.31314227
0,0,0,0,1,1.2909164,-0.745214
0,0,0,0,1,0.36247396,-0.22768778
0,0,1,0,0,-0.7565944,0.6478891
0,0,0,0,1,1.9071331,0.1462455
0,0,0,1,1,1.125628,0.011186114
0,0,0,0,1,0.5173693,-0.33195987
0,0,0,0,0,-1.0257874,0.13392375
0,0,0,1,1,3.82939,-0.34101275
0,0,0,0,1,3.328436,-0.37754557
0,0,0,0,1,0.04472351,0.04609737
0,0,0,0,1,0.31895542,0.08869352
0,0,0,0,0,-0.16700745,0.48055667
0,0,0,0,1,-0.046680927,0.42348352
1,0,1,0,0,0.059521675,0.6387197
0,0,0,0,1,-0.055158615,-0.026401429
0,0,0,0,0,-1.0291088,0.24212332
0,1,0,0,0,4.3407574,0.034415185
0,0,0,0,1,-0.12005234,0.16728655
0,0,0,0,1,0.4314704,0.22580306
1,1,0,0,0,5.5230303,0.06297716
0,0,0,0,1,-0.6474147,-0.019247811
0,0,0,0,1,0.5869937,-0.38366583
0,0,0,0,1,1.3217988,-0.34154454
1,1,0,0,1,11.401873,-0.5421475
1,1,0,1,1,11.420538,-0.23437831
1,1,0,0,1,10.726505,-0.92242444
0,0,0,0,0,-1.1400151,-0.14975685
0,0,0,0,1,4.2629886,-0.1775492
1,0,0,0,0,3.6239166,0.22150038
0,0,0,1,0,-2.2624233,-0.03627907
0,0,0,0,1,-0.5268464,0.06392056
0,0,0,0,0,4.092942,-0.12644838
1,0,0,0,0,4.002491,0.39851493
0,0,0,1,1,-0.24131393,-0.40312198
0,0,0,0,1,-0.9165306,-0.01791799
0,0,0,0,1,-0.985724,0.27876446
0,0,0,1,1,0.20484781,-0.6001407
0,0,0,0,1,-0.5247083,-0.18275723
0,0,0,0,0,-1.0770845,0.6720536
1,0,1,0,0,0.03243208,0.5426153
0,0,0,0,1,-0.738847,-0.18369986
0,0,0,0,1,0.0,0.008838798
0,0,0,0,1,0.472991,-1.2297851
0,0,0,0,1,0.43944597,-0.090724476
0,0,0,0,1,-0.20282125,0.27367932
0,0,0,0,1,1.1235638,-0.17569453
0,0,0,1,1,-0.30148458,-0.7632721
0,0,0,0,1,0.21498013,-0.077291615
0,0,0,1,1,4.2977786,-0.2630347
0,0,0,1,0,-3.36143,-0.49459574
0,0,0,0,1,1.7834044,-0.1207745
0,0,0,0,1,1.5369368,0.09258025
0,0,0,0,1,-0.53716135,0.13488011
0,0,0,0,1,-1.121695,0.5156056
0,0,0,0,1,-0.79187393,-0.43746784
0,0,0,0,1,-0.33170462,-0.4305214
0,0,0,0,0,-1.3528693,0.4446435
0,0,0,0,1,0.400167,-0.13444537
1,0,1,0,0,0.06747246,0.56680495
0,0,0,0,1,1.0238495,-0.7403889
0,0,0,0,1,0.93776894,-0.00034435262
0,0,0,1,1,3.3656144,0.6339201
0,0,0,1,0,-2.301914,-0.81974995
0,0,0,1,0,-2.867669,-0.41725317
0,0,0,0,1,-1.3330431,0.1062313
0,0,0,1,1,-1.0224919,0.25431123
0,0,0,0,0,-1.1721041,0.27589402
1,1,0,0,1,10.730286,-0.22948797
0,0,0,0,0,-0.36327982,0.33550435
0,0,0,0,1,0.31872463,-1.1525475
0,1,0,0,0,8.8134365,0.25128147
0,0,0,0,0,-1.233705,0.293527
0,0,0,0,1,-0.35024834,0.07904991
1,1,1,0,1,-0.41254663,0.7275021
0,0,0,0,1,0.13423729,-0.19327088
1,0,0,0,0,-0.009186745,0.5663393
0,0,0,0,1,-0.5573807,0.09191074
0,0,0,0,1,-0.73918676,-0.43643048
0,0,0,0,1,-0.012973309,0.19387276
1,1,0,1,0,9.412626,0.121960744
1,1,0,0,0,9.288939,-0.6635998
1,1,0,0,0,7.534839,0.53344816
0,0,0,1,0,-2.6198926,-0.9674511
0,0,0,0,0,-0.7853174,-1.0637584
1,0,1,0,0,0.38531256,0.87588716
1,1,0,0,0,10.456118,0.11710738
1,1,0,0,0,11.4209,0.22342657
0,0,0,0,0,-1.2925198,0.27399468
0,0,0,1,0,-2.8123398,-0.6264994
0,0,0,1,0,-1.4014931,0.3114269
0,0,1,0,1,0.22332,-0.28936693
1,1,0,0,0,9.810038,-0.15850805
0,0,0,0,1,0.34473562,-0.6867398
0,0,0,0,0,4.2748375,-0.09670897
0,0,1,0,1,0.9573879,-0.026603136
0,0,1,0,0,-0.85216427,0.7058078
0,0,0,0,1,-0.8011584,-0.6652072
1,1,0,0,0,9.4274235,-0.047687277
0,0,0,1,0,-1.8351102,0.14965503
1,0,1,0,0,-0.31358337,0.6354418
0,0,0,0,1,-0.2511797,0.13668305
0,0,0,1,1,0.71488476,-0.65464187
0,0,0,1,1,4.04003,-0.6243991
0,0,0,1,1,3.6802878,-0.47410467
0,0,0,1,1,2.8295631,0.250346
0,0,0,1,0,-1.8174419,0.69502246
0,0,0,0,1,0.19025326,-1.3582255
0,0,0,0,1,0.27521038,-0.012474115
0,0,0,1,0,-2.7397945,-0.7573172
1,1,0,0,0,6.297525,0.06048848
1,1,0,0,0,5.766307,0.41397294
0,0,0,0,0,-0.42332172,0.5526952
0,0,0,0,1,-0.094433784,-0.96900463
0,0,0,0,1,1.0266128,-0.4199777
1,1,0,0,0,10.554197,-0.46162945
0,0,0,0,1,0.5470538,-0.6392974
0,0,0,0,1,0.34658194,-0.93330795
0,0,0,0,1,0.109707355,-0.008749845
0,0,0,0,1,0.11027527,0.52965
0,0,0,1,0,-2.8378403,-1.0328422
1,0,0,1,0,-3.792192,-0.22192968
1,0,0,1,0,-2.896458,-1.1659094
1,0,0,1,0,-2.015954,0.2557557
1,0,0,0,0,-0.026585102,0.4056182
0,0,0,0,1,-0.7138953,-0.28835773
0,0,0,0,1,-0.034304142,-1.2653533
1,1,0,0,0,9.326859,-0.040672466
0,0,0,0,1,1.387979,-0.13498181
0,0,0,0,1,0.8891115,0.004846671
0,0,0,1,1,1.0058541,-1.4118712
0,0,0,0,1,0.33861685,-0.18577097
0,0,0,0,0,-1.4129453,0.24909115
0,0,0,0,1,0.75585604,-0.35362956
0,0,0,0,0,-1.1519675,0.46908686
1,1,0,0,0,6.7486324,0.027919548
0,0,0,0,1,0.912539,-0.50647926
0,0,0,0,1,0.037508965,0.36241114
0,0,0,0,1,2.4773636,0.13296649
0,0,0,1,0,-2.8956985,-1.0864948
0,0,0,1,0,-3.396422,-0.53267425
1,0,0,1,0,-3.612657,-0.26416036
0,0,0,0,1,0.52139425,0.031659693
0,0,0,0,1,1.0650206,-0.7510837
0,0,0,1,0,-2.174726,0.086192355
0,0,0,1,0,-2.1297865,-0.42048776
0,0,0,0,1,0.408926,0.119719796
0,0,0,0,1,0.35522175,-0.81051147
0,0,0,0,1,0.3872447,0.15650924
0,0,0,0,1,-0.45084524,-0.25946438
1,0,1,0,0,-0.049280643,0.6807893
1,0,0,1,1,0.97492266,-1.4512614
0,1,0,0,0,5.2300105,-0.37521747
0,1,0,0,0,5.0143757,-0.26662865
0,0,0,0,1,-1.1336613,-0.99812204
0,0,0,0,0,-1.4213676,0.6848319
0,0,0,0,1,-0.22128248,0.08152363
1,0,0,1,0,-4.562509,-0.8021875
0,0,0,0,1,0.7202697,0.18235303
1,1,0,1,0,6.2182565,0.030323435
1,0,0,0,0,-0.19537067,0.4441177
0,0,0,0,1,-0.17467403,0.22130537
0,0,0,0,0,0.107103825,0.37018526
1,1,0,0,1,11.44977,-0.60509276
1,1,0,0,1,10.75379,-0.6156465
0,0,0,0,0,-0.9166827,0.13588177
0,0,0,0,0,-1.026737,0.4184657
1,1,0,0,0,9.537196,-0.6593464
1,0,1,0,0,0.048410892,0.5703802
1,0,0,0,1,-4.339218e-05,0.23091863
0,1,0,0,0,4.9082675,0.490462
0,0,0,0,1,-0.23242092,0.099870324
0,0,0,0,0,-1.2595572,0.4453445
0,0,0,0,1,0.17935991,-0.10297073
1,0,1,0,0,0.011561394,0.54760647
0,0,0,0,1,0.13490963,-0.2703802
0,0,0,0,1,-0.29136372,0.0571398
0,0,0,0,1,-0.24397802,0.23269357
0,0,0,0,1,0.6902666,-0.40494865
0,0,0,1,1,-0.19683981,0.26459125
1,1,0,0,0,9.768536,0.5813252
0,0,0,0,1,0.28965044,-1.0965482
0,0,0,0,1,2.9925928,-0.12284272
0,1,0,0,0,5.5986714,-0.27943188
0,0,0,0,1,-0.036859512,-0.13563246
0,0,0,0,1,0.004398346,-0.450363
0,0,0,0,1,-0.19140291,-0.19810238
0,0,0,0,1,-0.43880033,-0.57868576
0,0,0,0,1,-0.31116724,-0.40977874
0,0,0,1,0,-1.4305754,-0.23086376
0,0,0,0,1,0.8334341,-0.3853625
0,0,0,1,0,-2.2535207,-0.37135866
0,0,0,1,0,-2.8374693,0.09151065
0,0,0,1,1,3.6764455,0.15876305
0,0,0,1,0,-1.494101,0.032443684
0,0,0,0,0,-2.1058385,0.29822275
0,1,0,0,0,4.865705,-0.017496916
1,1,0,0,0,4.4588175,0.16232625
0,0,1,0,0,-0.60416436,0.5380683
0,1,0,0,0,6.1373696,-0.42630732
0,1,0,0,0,5.698572,-0.262046
0,0,0,0,1,0.33273697,-0.79384595
0,0,0,0,1,0.2892089,-0.064706065
1,1,0,0,0,9.774231,-0.07560998
1,1,0,0,0,9.552713,0.07190369
0,0,0,0,1,-0.3453517,-0.10393305
0,0,0,0,1,-0.16640043,-0.19298421
0,0,0,0,0,-1.1019154,0.0018752952
0,0,0,0,0,4.9572234,-0.30964187
0,0,0,0,1,1.2675443,-0.03635058
1,1,0,0,0,4.9285555,0.115528114
0,0,1,0,0,-0.38030386,0.7593201
1,1,0,1,0,5.652555,0.2004167
0,0,0,0,1,-1.209609,0.34936062
0,0,0,0,0,-0.75369143,0.09372287
0,0,0,0,1,-0.0006299019,-0.119075134
0,0,1,0,1,0.18618631,-0.2579776
1,0,1,0,0,-0.13313484,0.5723897
1,0,0,0,0,0.6668167,0.50452536
0,0,0,0,0,-1.6489208,0.42460844
0,0,0,0,1,0.054482937,-0.65679306
0,0,0,0,1,2.4294744,-0.6383843
1,0,0,0,0,0.534904,0.47658628
0,0,0,0,1,-0.17579412,-0.4087505
1,0,0,1,0,-5.4706936,-0.96199256
0,0,0,0,1,0.5971556,0.120714985
0,0,0,0,0,-1.3328333,0.15167129
1,1,0,0,0,9.061609,-0.044414487
1,1,0,0,0,8.813238,0.05618998
0,0,0,0,1,-0.62467,-0.27922526
0,0,0,0,1,-1.3280711,0.10547778
0,0,0,0,1,-0.36504173,-0.32860604
0,0,0,0,0,4.097632,0.07393111
0,0,0,0,1,-0.053669453,-0.30252534
0,0,0,1,0,-3.201327,-0.8075017
0,0,0,0,1,-0.1572547,0.032967597
1,1,0,0,0,5.4916496,0.08106027
1,1,1,1,1,4.339218e-05,0.6253589
0,0,0,0,0,-0.93740034,-0.109029256
0,0,0,0,0,-0.6265905,0.37200683
0,0,0,0,1,-0.21908426,-0.9128023
0,0,0,0,1,0.20254326,-0.64913464
0,0,0,0,0,-0.38061476,0.51625097
0,0,0,1,0,-2.1277921,0.48528114
1,0,1,0,0,0.13602638,0.6121284
0,0,0,0,1,-0.026198387,0.15555792
0,0,0,0,1,0.06123829,-0.0018752952
1,1,1,0,1,-0.116092205,0.6349552
0,0,0,0,1,0.7663202,-0.2847267
0,0,0,0,1,0.7493105,0.44011775
0,0,0,0,1,1.5559845,-0.3350962
0,0,0,0,1,1.1572661,-0.23075327
0,0,0,0,1,1.3852091,0.059401624
1,0,1,0,0,-0.10803366,0.7756768
0,0,0,0,0,-0.98666215,0.3197052
0,0,0,0,0,-0.43307924,0.37042764
1,0,0,0,1,0.83247757,0.49808836
0,0,0,0,1,-0.14876223,-0.18218377
0,0,0,1,0,-1.635108,-0.72985494
0,0,0,0,1,-0.3218274,-0.036117036
1,1,0,0,0,9.692232,-0.49055865
0,0,0,1,0,-2.366517,-1.0800313
0,0,0,0,0,-1.1180763,0.28932336
0,0,0,1,0,-2.4241953,-0.39480013
0,0,0,1,0,-2.2038453,0.07213614
0,0,0,0,1,-1.0946412,0.11776442
0,0,0,0,1,-0.098204136,0.033605535
0,0,0,0,0,-0.18321657,0.5965878
0,0,0,0,1,-0.78678894,-0.59843117
0,0,1,0,1,1.0971456,0.03780858
0,0,0,0,0,-1.4043813,-0.14072174
0,0,0,0,0,-1.8258455,0.0182608
0,0,0,0,0,-1.4695117,0.1528791
0,0,0,0,0,-0.5223651,0.42636552
1,0,0,0,0,3.4223595,0.30293623
0,0,0,0,0,-1.2800617,0.49628237
0,0,0,1,0,-1.9704857,-0.51816034
0,0,0,1,0,-2.4480505,-0.25272012
0,0,0,1,0,-3.2207801,0.16885665
0,0,0,0,1,-0.66148233,0.02819868
0,0,0,0,1,3.6821408,0.07029607
0,0,0,0,1,0.6718974,0.06692468
0,0,0,0,1,-1.555829,-0.08583934
0,0,0,0,1,0.4536705,0.12990193
0,0,0,0,1,0.62082434,-1.2727033
1,0,0,0,0,-0.16986513,0.48118976
0,0,0,0,1,-0.73444605,-0.022279324
0,0,0,0,1,-1.3359256,0.40115583
0,0,0,0,1,1.5180535,-0.4476654
0,0,0,1,0,-1.4805892,0.27573082
0,0,0,0,1,0.41697264,-0.090413496
0,0,0,0,1,1.8748407,0.35089517
0,0,0,0,1,-0.48023462,0.027957287
0,0,0,1,0,-2.3245606,-0.69361436
0,0,0,1,0,-3.27395,-0.03633662
0,0,0,0,0,-1.2648797,-0.2165609
1,0,0,0,0,-0.031789303,0.4404298
0,0,0,0,1,-0.75537825,-0.18901166
1,0,0,0,0,0.42027378,0.43286413
1,0,0,0,0,-0.17505932,0.7813447
0,0,0,0,1,0.12726688,0.25567934
0,0,0,0,1,-0.07509518,-0.95313424
0,0,0,0,1,2.5775485,0.07986413
1,0,0,0,0,-0.110127926,0.28871465
0,0,0,0,1,0.19133425,0.0629861
1,0,0,0,0,-1.1649022,0.7871858
0,0,1,0,0,-0.8467419,0.63184804
0,0,0,0,1,0.4979062,-0.72894025
0,0,0,0,1,0.2999196,-0.93771136
0,0,0,0,1,0.11036062,0.1989004
0,0,0,0,1,0.8857856,-0.20770994
0,0,0,0,1,0.05788994,-0.58443
0,0,0,0,1,-0.008503914,0.30649316
1,1,0,1,0,10.29524,0.6147523
0,0,0,0,1,0.8937249,-0.03361655
0,0,0,0,1,0.21257877,-0.765194
1,0,1,0,0,0.05309105,0.70314074
0,0,1,0,0,-0.719537,0.6938931
0,0,0,0,1,-0.88499784,0.28078955
0,0,0,0,1,0.013625622,0.41474804
0,0,0,0,1,0.7268858,-0.28952026
0,0,0,0,1,2.339529,-0.99812204
1,1,1,0,1,-0.26827145,0.6453036
0,0,0,0,1,3.3399053,0.4080161
0,0,0,1,0,-1.7574775,-0.60824233
0,0,0,0,1,3.5793595,-0.0035990283
1,1,0,0,0,6.769324,0.015508349
1,1,0,0,0,6.1827774,0.35419238
0,0,0,0,0,-1.0499823,0.252739
0,0,0,0,1,0.46717262,-0.19456087
1,0,0,0,0,0.59531975,0.3902754
0,0,0,0,1,0.2752781,0.00034435262
0,0,0,1,0,-1.5168486,-0.034983523
0,0,0,0,1,2.480823,0.07073297
0,0,0,0,1,2.0272436,0.4208155
0,0,0,0,0,-1.1847062,0.25854805
0,0,0,0,0,-1.3644927,0.42184502
0,0,0,0,1,0.5609436,0.30681223
1,0,0,1,0,-4.562509,-1.1329414
1,0,0,0,0,0.0050807,0.465099
0,0,0,0,1,-1.26689,-0.026654663
0,0,0,0,1,-0.18716526,-0.115670174
0,0,0,0,1,-0.1729641,0.31014234
1,0,1,0,0,0.1708808,0.5439487
0,0,0,0,1,-0.0682888,-0.14596741
0,0,0,0,1,0.21271181,-0.2596132
0,0,0,0,1,-0.3090353,-0.25813466
0,0,0,0,1,-1.4018121,0.2315185
0,1,0,0,0,4.6592636,0.0
0,0,0,0,1,-0.08826399,-0.07617617
0,0,0,0,1,0.0,-0.64108354
0,0,0,0,0,-0.19153595,0.41483346
0,0,1,1,0,-0.703357,0.7598571
0,0,0,0,1,0.7989249,-0.20926526
0,0,0,0,1,0.057700634,-0.04245594
1,1,0,0,0,4.6577587,0.15560953
0,0,0,1,0,-3.8374624,-0.6750509
0,0,0,0,1,0.14835691,-0.4892833
0,0,0,1,0,-1.4862332,-0.23463024
0,0,0,0,0,-0.31355333,0.46213883
0,1,0,0,0,9.210735,0.55905926
0,0,0,0,1,-1.4757895,0.48079294
0,0,0,0,1,-0.16792679,-0.1288199
1,0,1,0,0,0.93318415,0.5243699
0,0,0,0,1,0.062588215,-0.39246452
0,0,0,0,1,-0.22410297,-0.43125984
1,1,0,0,0,9.275756,0.32871178
1,1,0,0,1,10.6307335,0.16446042
1,1,0,0,0,10.144392,0.24838765
0,0,0,0,0,-1.160995,-0.12891902
0,0,0,0,1,-1.541584,0.021545414
0,0,0,0,0,-1.4640722,0.79335654
0,0,0,0,0,-1.8646636,-0.34745544
1,0,1,0,0,0.06777573,0.53625715
1,0,0,0,1,-0.20328951,0.21447437
0,0,0,0,1,0.3445449,0.14257276
0,0,0,0,1,-0.99803257,0.42306527
1,0,1,0,0,-0.17363977,0.69715667
0,0,0,1,0,-1.3518956,0.19331847
0,0,0,0,1,0.3097191,0.08762502
0,1,0,0,0,8.231752,0.22042243
1,1,1,0,0,-0.8901918,0.7615737
0,0,0,0,1,2.7246265,-0.11397892
0,0,0,0,1,2.930626,0.27518457
0,0,0,0,1,0.1470151,-0.5581305
0,0,0,0,1,1.1663799,-0.5897559
0,0,0,1,0,-3.382813,-0.2587855
0,0,0,1,1,0.67971754,-0.41654548
0,0,0,0,1,-1.2603722,0.40362054
0,0,0,0,1,0.38355732,-0.39042717
0,0,0,1,0,-2.563829,-0.4985051
1,0,0,1,0,-5.674757,-1.0118523
0,0,0,0,1,0.48421288,-0.47037095
0,0,0,1,0,-1.500911,-0.17737508
0,0,0,0,0,-1.7579985,0.6707022
0,0,0,1,0,-1.956377,-0.01654317
0,0,0,0,0,-2.292159,0.23351014
0,0,0,0,1,-0.34835052,-0.21465687
1,1,0,0,0,8.52807,-0.269766
0,1,0,0,0,8.115718,0.10215552
0,0,0,0,1,0.7133746,0.104740545
0,0,0,0,0,-1.4951849,-0.010050156
0,0,0,1,0,-1.7541847,0.28545982
1,1,0,0,0,9.113014,0.43155548
0,0,0,0,1,-0.26795173,0.23543374
0,1,0,0,0,6.7960978,-0.1111212
1,1,0,0,0,10.40796,0.7534647
0,0,0,0,1,-0.28876972,0.09084028
0,0,0,0,1,-0.047091246,-0.11374137
1,0,0,0,0,0.88320136,0.59824836
0,0,0,0,1,0.53379846,-0.4037718
0,0,1,0,1,-0.8654015,0.10319533
0,0,0,0,0,-0.77048755,-0.13930838
0,0,0,1,0,-3.5207672,-0.033795327
0,0,0,0,1,-0.96789765,0.27961916
0,0,0,0,0,2.361654,0.592082
0,0,0,0,1,0.012437105,-0.21462247
1,1,0,0,1,10.737307,-0.875939
0,0,0,0,1,0.8529866,-0.3871911
0,0,1,0,0,-0.6693454,0.47277862
0,0,0,0,1,0.12209582,0.10848587
0,0,0,0,1,-1.1362329,-0.45930833
0,0,0,0,0,-0.72247076,0.22191676
0,0,0,0,1,0.91855216,-0.43039566
1,1,0,0,0,9.958496,-0.22264083
0,0,0,0,1,-0.18058515,-0.8305095
0,0,0,0,0,-1.0175104,-0.28405005
0,1,0,0,0,4.0438266,-0.093816
0,0,0,0,1,0.54391265,-0.0040399265
0,0,0,1,0,-3.7615714,-0.5823473
0,0,0,0,1,-0.23882413,-0.6702346
1,1,0,0,0,5.8222313,0.24196109
0,0,0,0,1,0.5610907,-0.83142483
0,0,0,0,1,-0.006159544,0.06735624
0,0,0,0,1,2.709914,0.036789082
0,0,0,0,0,-0.6835022,0.23673771
0,0,0,1,0,-2.9713018,0.3284994
0,0,0,0,1,-1.5795507,-1.0870862
0,0,0,0,1,0.09166336,0.10243285
0,0,0,0,1,0.567816,0.4039606
0,0,0,0,1,0.4170096,-0.11642563
1,1,0,0,0,6.3674574,0.30095825
1,1,0,0,0,8.317836,-0.053070184
1,0,0,1,0,-4.606722,-0.6667333
0,0,1,0,1,-1.511208,0.106065914
0,0,0,0,1,-1.1678813,0.48245057
0,0,0,1,0,-3.5350094,-0.7230145
0,0,0,0,0,-2.1061552,0.31147063
0,0,0,0,1,0.33553386,-1.0427339
1,1,0,0,1,11.809353,-1.337986
0,0,0,1,0,-2.7281516,0.13635446
1,1,0,0,1,10.576757,-0.18025483
0,0,0,0,1,-0.15064597,-1.3723855
0,0,0,0,0,-1.9803839,0.08083064
0,0,0,0,1,-1.4498501,-0.9980009
0,0,0,0,1,-0.26882052,0.34136537
0,0,0,1,0,-2.5864615,-0.61429566
0,0,0,1,0,-3.5239844,0.28021982
0,0,0,0,1,-0.10675073,0.14416999
0,0,0,0,1,-0.58440256,-0.070650354
0,0,0,0,0,-2.0134952,0.27718607
0,0,0,0,1,-0.12347722,-0.5568781
0,0,0,0,0,-1.4864349,0.4108727
1,1,0,0,0,10.551046,-0.3422607
1,1,0,0,1,11.572273,-1.1928861
0,0,0,0,0,-0.66715455,0.27766356
1,1,0,0,0,8.9346485,-0.6532934
0,0,1,0,0,-0.9207578,0.37316594
0,0,0,0,1,0.6969421,-0.17334032
0,1,0,1,1,-3.6695545,-1.5514878
1,1,0,0,1,10.728363,-0.88273597
1,1,0,0,1,10.059998,-0.94043744
0,0,0,0,1,-0.22279954,-0.5008908
0,0,0,0,1,1.4061868,-0.19360621
0,0,0,0,1,-0.40190578,0.27558115
0,0,0,1,0,-2.6942601,-1.3187945
1,0,0,0,0,-0.26455808,0.3052217
0,0,0,0,0,-1.6287818,0.3250732
0,0,0,0,1,-1.2030997,-0.122836106
0,0,0,0,1,-0.7075188,0.17330237
0,0,0,0,1,0.7928822,-0.41796768
0,0,0,0,1,0.0,0.036295637
0,0,1,0,1,-0.83924985,-0.10517832
0,0,0,0,1,0.8296306,-0.13747667
0,0,0,0,0,-1.967166,0.48488727
0,0,0,0,1,-0.088647604,-0.19320604
0,0,0,0,1,3.3109877,0.14816941
1,1,0,0,0,8.22332,0.36780232
1,0,1,1,0,-0.090534925,0.5703174
1,1,0,0,0,5.129566,0.5457835
1,0,0,1,0,-5.604212,-0.95520586
1,0,0,0,0,0.6394322,0.29947498
0,0,0,1,0,-2.9234028,-0.3776503
1,0,1,0,0,-0.10950494,0.5473436
1,0,1,0,0,-0.04954171,0.42623198
1,1,0,0,0,7.847016,0.025872089
0,0,0,0,1,0.8051963,0.24639268
0,0,0,0,1,-0.21352291,-0.019681666
0,1,0,0,0,4.8971586,0.10335435
0,0,0,1,0,-2.9810958,0.32531145
0,0,0,1,0,-3.3451777,-0.5608864
1,0,0,0,0,0.8799784,0.101215065
0,0,0,0,1,1.6430876,-0.94208884
0,0,0,0,1,-0.7542665,0.5099925
0,0,0,0,1,-0.061077356,-0.8809364
0,0,0,0,1,-2.164259,-0.066691376
0,0,0,0,0,-1.9425027,0.1552536
0,0,0,0,1,-1.4715688,0.22830234
0,0,0,1,1,-0.49315333,-0.3460579
1,1,0,0,0,7.646985,-0.03463569
1,1,0,0,0,6.947149,0.113142654
0,0,0,0,1,0.12934232,0.12533621
0,1,0,0,0,4.8605666,-0.19653499
1,1,0,0,0,10.168542,-0.9002521
1,1,0,0,1,9.697954,-0.43747398
0,0,0,1,0,-4.031414,0.0
0,1,0,0,0,4.1362753,0.08926285
1,1,1,0,0,-1.3121052,0.5356849
0,0,0,0,1,-1.2346098,0.025004374
0,0,0,0,0,-2.6269743,-1.0561787
1,1,0,0,1,10.14432,-0.84137905
0,0,0,0,1,0.17141795,0.20752108
0,0,1,0,1,1.1246912,-0.052374896
0,0,0,0,1,1.2926996,-0.7242105
0,0,0,1,0,-3.505836,-0.58279467
0,0,0,0,0,-1.4775081,-0.005199539
0,0,0,0,1,-2.0475674,0.23702525
0,0,0,0,1,1.4135797,-0.05350312
1,0,0,0,1,0.24648046,0.42212662
0,0,0,0,1,0.95791173,-0.089356646
1,1,0,0,1,9.943901,-0.31493172
0,0,0,0,0,-0.6656239,-0.00044858697
0,0,0,0,1,-0.8055525,-1.0177945
0,0,0,1,0,-2.9545648,0.26522115
0,0,0,0,0,-1.404901,0.6183685
1,1,0,1,0,9.510206,0.31281716
1,0,0,1,0,-6.3110747,-0.9331491
0,0,0,1,0,-3.501609,0.0449137
0,0,0,0,1,-0.56476426,-0.4000302
0,0,0,0,1,-0.4933982,-0.84254885
0,0,0,0,1,-1.3082781,-0.9128524
0,0,0,0,1,0.4631126,-0.8823808
0,0,0,0,1,-0.7312362,-0.92318505
1,0,0,0,1,0.8838737,0.10481219
0,0,0,0,1,1.8915408,0.033013385
0,0,1,0,1,2.0022352,0.06791088
0,0,0,0,1,1.2509232,0.16517836
0,0,0,0,1,-0.26631188,-0.22691369
0,0,1,0,1,1.7520196,-0.007871281
0,0,0,1,0,-3.2197185,-0.3200801
0,0,0,0,1,0.8484733,-1.5388678
0,0,0,0,1,-0.7258675,-0.13492581
0,0,1,0,1,-0.7528193,0.11725005
0,0,0,0,1,0.1463182,0.24395774
0,0,0,0,1,-1.455955,-1.0727402
0,0,1,0,0,-0.33967853,0.5528644
0,1,0,0,0,3.8422618,-0.124547295
0,0,0,0,0,-0.076207876,0.18970433
1,1,0,0,0,5.694862,-1.0702875
0,0,0,1,0,-1.7383349,-0.010471724
1,1,0,0,0,8.5814705,0.7430408
0,0,1,0,0,-1.4229636,0.015308111
0,0,0,0,1,-0.20107388,0.13744813
0,1,0,0,0,6.3192463,-0.9854477
0,0,1,0,0,-0.46880794,0.49853903
1,1,0,0,0,4.2649975,0.48228264
0,0,0,0,1,0.020398378,0.08806593
0,0,0,0,1,2.5836015,-0.10981336
0,0,0,0,1,0.9747493,-0.24142066
0,0,0,0,1,-0.006010771,-0.40387356
0,0,0,0,1,2.6360261,0.16934277
0,0,1,0,0,-0.7307701,0.6424912
1,0,1,0,0,0.4391768,0.43168476
0,1,0,0,0,5.0715647,-0.024783393
0,1,0,0,0,5.4725885,-0.44181705
0,1,0,0,0,6.2068872,-0.92407316
0,0,0,0,1,-0.70668983,0.4235576
0,0,0,1,0,-3.1563041,-0.3096923
0,0,0,0,1,0.98282456,-0.5534046
0,0,0,0,0,-1.6425405,0.3182595
0,0,0,0,1,-1.4941778,0.14139688
1,0,1,0,0,0.39506936,0.4421817
0,0,0,0,0,-1.5437174,0.091721684
0,0,0,0,1,0.3321674,-0.34450912
0,0,0,0,1,-0.76112103,-0.34057838
0,0,0,0,1,-0.6891496,-0.084675945
0,0,0,1,0,-3.8029072,-1.0254434
1,1,0,0,1,6.1528788,0.14731593
1,1,0,0,0,4.9265294,0.37209642
0,0,0,0,1,-1.7037601,0.48839858
0,1,0,0,1,3.580455,0.1239921
0,0,0,0,1,-0.83499,0.13187091
0,0,0,0,0,-1.5920372,0.06179122
0,0,0,0,1,-0.009105444,0.37503135
0,0,0,0,1,1.188194,0.21099134
1,0,0,0,0,-0.18139434,0.1637245
1,1,0,0,0,6.9550915,0.17112742
1,1,0,0,0,8.68002,-0.27358216
1,0,0,0,0,0.48882866,0.75763845
1,1,0,0,0,8.557142,-0.7364083
0,0,1,1,1,-1.1410973,-0.031427167
0,0,0,0,1,-0.8692217,-0.3872351
1,1,0,0,1,10.812223,-0.118637055
0,0,0,1,0,-2.8802865,0.220837
1,1,0,0,0,3.442799,0.40153715
0,0,0,1,1,-0.4981177,-0.08582802
0,0,0,0,0,-0.74846816,-1.5835096
1,1,0,0,1,10.507333,-0.7135453
0,0,0,0,1,-0.08001351,0.3075268
0,0,0,0,1,1.0459778,-0.32666147
0,0,0,0,0,-1.5634592,0.6159275
0,0,0,0,1,-1.1431062,0.46996546
0,0,0,0,0,-0.31001973,0.077143885
1,1,0,0,0,9.189863,-1.0145454
0,0,0,0,1,-0.9804139,0.018807245
1,1,0,0,0,9.345259,-0.5176287
1,1,0,0,0,8.229971,0.2856639
1,0,1,0,0,0.060730696,0.5561279
0,0,0,0,1,0.32214522,-0.93534344
0,0,0,1,0,-2.076214,0.3014463
1,1,0,0,1,10.054026,-0.047128238
0,0,0,0,1,3.1908805,0.25447932
0,0,0,0,1,1.7856514,-0.03531875
0,1,0,0,0,8.523968,-0.28219768
0,0,0,0,1,-0.768208,-0.45320997
1,0,1,0,0,-0.11855388,0.37206712
0,0,0,0,1,0.56614614,-0.21139988
0,0,0,0,1,0.15209937,-0.5817142
1,1,0,0,0,6.42842,0.1447511
0,0,0,1,0,-2.114936,0.31933844
0,0,0,0,0,-1.737212,-0.15860459
1,1,0,0,0,8.482962,-0.23085974
0,0,0,0,1,0.07202077,0.11330151
0,0,0,0,1,0.10875106,-0.711559
0,0,0,0,1,-1.2939243,-1.0285448
0,0,0,0,1,0.12516046,0.16262181
1,1,0,0,0,3.3575854,0.25697342
0,0,0,0,1,-0.3496325,0.5100378
0,0,0,0,1,0.5667012,-0.03546155
1,0,0,0,0,1.1945193,0.45011023
1,1,0,0,1,11.137681,-0.78143287
1,1,0,0,0,9.09162,-0.23528741
1,1,0,0,0,8.257898,0.24363117
0,0,0,1,0,-2.1652923,0.27837166
0,0,0,0,1,0.005732298,0.019683067
0,0,0,0,1,-0.04447198,0.3391069
0,0,0,0,1,-0.543463,0.26291934
1,1,1,0,1,0.56267715,0.56409883
0,0,0,0,0,-1.6799603,0.028055359
0,0,0,0,0,-0.37887263,0.18208903
0,0,0,0,0,-2.6277626,0.027017472
0,0,0,0,0,-0.86949396,0.3323983
0,0,0,0,1,2.9871585,-0.34466344
0,0,0,0,1,1.9052558,0.3689647
0,0,0,1,0,-3.4713244,-0.5493953
0,0,0,1,0,-3.4333475,-1.0035863
0,0,1,0,1,-1.711813,-0.04431431
0,0,0,1,0,-0.42844272,0.323854
1,1,0,0,0,5.57357,0.54705644
0,0,0,0,1,0.6162455,-0.58887374
0,0,0,0,0,-0.3525064,0.26909348
0,0,0,0,1,0.5267403,-1.0112865
0,0,0,0,1,0.61741567,0.33734676
1,0,0,1,0,0.07482886,0.3087418
1,1,0,0,0,10.139024,0.19954592
1,0,0,1,0,-5.312358,-0.98442775
0,0,0,0,1,2.7566082,-0.76925945
0,0,0,0,1,-0.16300178,-0.047348455
0,0,0,0,1,0.11685109,0.0034382574
0,0,0,0,1,0.47160363,-0.14254577
0,0,0,0,0,-0.7829964,-0.16790168
0,0,0,1,0,-1.7149789,0.08204663
0,0,0,0,1,-1.2419536,0.08901002
0,0,0,0,1,-0.005345106,0.07335026
1,1,0,0,1,10.896781,-0.61673695
1,1,0,0,1,10.8264065,-1.0279046
1,1,0,0,1,10.115599,0.4300266
0,0,0,0,0,-1.994838,0.26035997
0,0,0,0,1,-0.22653937,-0.21856837
0,0,0,0,1,-0.0684669,-0.06448858
0,0,0,1,0,-0.4027493,0.28862873
0,0,0,0,1,2.9925761,-0.99845684
1,1,0,1,1,-4.8445253,-0.89748347
0,0,0,0,0,3.3647573,0.37014878
1,0,1,0,0,0.91088223,0.5279538
0,0,0,0,1,-0.19175673,-0.8531393
0,0,0,1,0,-3.3437133,-0.6475594
0,0,0,1,0,-4.375598,-0.4289236
0,0,0,0,1,1.0791304,-0.2972476
0,1,0,0,0,6.9725394,0.36348972
1,1,0,0,1,10.608435,-0.40704733
1,1,0,0,1,9.987867,-0.14027451
1,1,0,0,0,9.857766,0.06609705
1,1,0,0,0,9.05184,0.39113805
0,0,0,1,0,-2.3703883,-0.45074102
0,0,0,0,1,0.06392264,-0.38557735
0,0,0,0,0,-1.8352962,0.2589609
0,0,0,1,0,-2.7781014,-0.09460971
0,0,0,0,1,-1.022367,0.26228672
0,0,0,0,1,0.15240884,0.083674744
0,0,0,0,1,-1.232553,-0.97635895
0,0,0,0,1,2.9274414,-0.081992924
0,0,0,0,1,2.0402894,0.1772122
0,0,0,0,1,-0.4676025,-0.11866804
0,0,0,0,1,-0.29001784,-0.009650009
0,0,0,0,1,0.006010771,0.1666598
1,1,0,0,0,9.184168,0.42939675
0,1,0,0,0,6.7244186,-0.55512434
0,0,0,0,0,2.770827,0.5187871
0,0,0,0,1,0.28489518,-0.30776975
1,0,0,1,0,-6.3110747,-1.0099223
0,1,0,0,0,6.8846273,-0.7818612
0,0,0,1,0,-2.1941652,-0.5669985
0,0,0,1,0,-2.8566303,-0.3548525
1,1,0,1,0,9.472946,0.019683067
1,1,0,0,0,9.648367,0.28118712
1,1,0,0,0,6.0434217,0.13512293
1,1,0,0,0,5.470608,0.03386235
0,1,0,0,0,7.8721437,-0.19661252
1,1,0,0,0,8.01114,-0.10229328
0,1,0,0,0,7.1171546,0.46788025
0,0,0,0,1,0.2420919,-0.0557022
1,1,0,0,0,5.226054,0.35175714
0,0,0,0,1,-0.717103,-0.7378128
1,1,0,0,0,10.097391,0.43394879
1,1,0,0,0,6.360856,0.44325328
0,1,0,0,0,8.022257,0.72743607
0,0,0,0,1,0.80910087,-0.22716388
1,1,0,0,0,5.4909134,0.476556
1,1,0,1,0,9.080793,-0.30841687
0,0,0,0,1,0.12669158,-0.6980938
0,1,0,0,0,8.476771,0.18392242
0,1,0,0,0,3.6292968,-0.26377654
1,1,0,1,0,5.160484,0.4802209
1,1,0,0,0,8.918411,-0.12534738
1,1,0,0,0,8.132965,0.12596335
0,0,0,1,0,-3.0426006,-0.8207583
0,0,0,1,0,-3.9120908,-0.19940208
0,0,0,0,1,0.005345106,0.3478055
0,0,0,0,1,0.38214374,0.024081038
0,0,0,1,0,-2.114091,-0.29238448
0,0,0,0,1,1.1088355,-1.2067845
0,0,0,0,1,-0.7468643,-0.9925464
1,1,0,0,0,9.959398,-0.08558763
1,0,1,0,0,0.0544312,0.6082497
0,0,0,0,1,0.38428664,0.0726771
0,0,0,0,1,0.08409643,-0.0020181641
1,1,0,0,0,7.8206015,-0.051680088
0,0,0,0,1,-0.92698216,-0.6655779
0,0,0,0,1,0.17517304,-1.3676778
0,0,0,0,1,0.1799705,-0.506664
1,0,0,1,0,-6.3110747,-1.0826119
0,0,0,0,1,-1.0501263,-0.050291922
0,0,1,0,1,-1.5758772,0.036943514
0,0,0,1,0,-3.6252794,-0.32592523
1,0,1,0,0,0.054984808,0.6140387
0,0,0,0,1,-1.8141007,0.034024753
1,0,0,1,0,-6.3110747,-0.9692478
1,1,0,0,0,6.133238,0.044750236
0,0,0,0,1,1.0228484,-0.3606774
0,1,0,0,0,7.925581,0.15721233
0,0,0,0,1,-1.090236,0.16097201
0,0,1,0,0,-0.5783775,0.443718
0,0,0,1,0,-2.6610627,0.39895537
1,0,0,1,0,-6.3110747,-0.9688051
0,0,0,0,1,0.38650203,-0.42245546
0,0,0,0,1,-1.6325085,0.2955911
1,1,1,0,0,-0.8586712,0.61614037
1,0,0,0,0,1.2157674,0.362204
1,0,0,1,1,-5.312358,-0.83622086
0,0,0,1,0,-3.6029227,0.048854165
0,0,1,0,0,-0.48520637,0.4272729
1,0,1,0,0,0.05972171,0.64301544
0,0,1,0,0,-0.90426207,0.59316087
1,1,0,0,0,10.943912,0.12661067
0,0,0,1,0,-2.506876,-0.42253083
0,0,0,0,1,0.67848325,-0.4195699
0,0,0,0,0,-0.82591534,-0.34310326
0,0,1,0,0,-0.5665586,0.43742988
0,0,0,1,0,-3.3144338,-0.9280362
0,0,1,0,0,-0.6192429,0.3896401
0,0,0,0,0,-1.9459393,0.099663585
0,0,0,0,1,-0.14672494,-0.11889256
1,1,1,0,1,-0.07329774,0.54676676
0,0,0,1,0,-3.468172,-0.40348017
0,0,0,0,1,-0.06966424,-0.8461852
1,1,0,0,0,9.234664,-0.026475156
1,1,0,0,0,9.058943,0.41573292
0,0,0,0,0,-1.79074,0.32435817
0,0,0,0,1,-0.10217118,-0.82799596
0,0,0,0,1,-0.6440408,-1.0085468
0,0,0,0,1,-2.0794082,-0.5879883
0,0,1,0,0,-0.8682332,0.5172547
1,0,0,0,0,0.00592494,0.32082084
0,0,0,1,0,-2.457866,0.09298308
1,0,1,0,0,-0.18499398,0.47637576
1,0,0,1,1,-0.30432677,-0.4366194
1,1,0,0,0,9.6350765,0.3395028
0,0,0,0,1,-1.1435835,-0.6804407
0,0,0,0,1,-1.9795423,0.12596335
0,0,0,0,1,-1.6379976,-0.6452535
0,0,0,0,1,-0.3301394,-0.43116245
1,0,1,0,0,-0.20668912,0.36475673
0,0,0,0,1,4.1157246,-0.8427107
0,0,0,1,0,-3.8985739,-1.0132273
0,0,0,0,0,-2.01964,0.20127752
0,0,0,1,0,4.695325,0.021157345
1,1,0,0,1,10.823517,-0.8895795
0,0,0,1,1,-1.1847804,-1.0397707
0,0,0,0,1,-1.0848691,0.14949846
0,1,0,0,0,8.3804,0.16927318
0,0,0,0,1,-1.155431,-0.2502115
0,0,0,0,1,-0.7748382,-0.9460817
0,0,0,0,1,1.371052,0.2363058
0,0,0,0,1,1.7326486,0.47007567
1,0,1,0,0,0.098082304,0.55584204
0,0,1,0,0,-0.06932759,0.6323731
0,0,0,0,1,0.46819234,-0.42011246
1,1,0,1,0,5.893352,0.2697552
1,0,1,0,0,0.17405295,0.53475094
0,0,0,0,0,-0.7979021,0.30573583
0,0,0,0,1,-0.08474612,0.5035584
0,0,0,0,1,0.9582236,-0.063425876
0,0,0,1,0,-2.4574287,0.03125648
0,0,1,0,0,-0.2153318,0.63485944
0,0,0,1,1,-0.32602286,0.30966115
0,0,0,0,1,-0.71526074,0.2655574
0,0,0,0,1,0.2771747,-0.6853256
1,1,0,0,0,8.562141,-0.4102649
0,0,0,0,1,-1.2393239,0.09367555
0,1,0,0,0,6.6220026,-0.7366558
1,1,0,0,0,5.726649,0.21491084
0,0,0,0,0,-2.0250664,-0.05201613
0,0,0,1,0,-3.554769,-0.32519272
1,0,1,0,0,-0.1637609,0.5506252
1,0,0,0,0,-0.037569284,0.32543913
0,0,0,0,1,-1.6603346,0.21246849
0,0,0,0,1,-0.42486787,0.061133437
0,0,0,0,1,-1.1750262,0.034066137
0,0,0,0,1,-2.092465,0.26164025
0,0,0,0,1,-0.82306504,0.0621012
0,0,0,0,1,0.14256263,-0.21189262
0,0,0,0,1,-1.0502377,0.17071776
1,0,0,1,1,0.65209746,-0.54769975
0,1,0,1,0,4.6790953,-0.18861568
0,0,0,0,1,-0.54435897,0.09232328
0,0,0,0,1,-0.5731027,0.011645137
0,0,0,1,0,-2.7974029,-0.93614376
0,0,0,0,1,-0.44562984,-0.092575036
1,0,0,0,0,-1.534204,0.6648611
0,0,0,0,1,3.9072201,-0.22739045
0,0,0,0,0,4.158909,-0.104444034
1,1,0,0,0,9.306214,-0.37088785
0,0,0,1,1,-1.0420306,-0.17065762
1,0,1,0,0,-0.00592494,0.3728227
1,0,0,1,0,-3.0804026,0.31069553
0,0,0,0,1,-0.20706534,0.23389989
0,0,0,0,1,0.64612126,0.00044858697
0,1,0,0,0,7.0090704,-0.25318074
0,1,0,0,0,7.289962,-0.27916098
1,1,0,0,0,6.1441283,0.51715636
1,0,0,0,0,0.7442639,0.18507583
0,1,0,0,0,5.487021,-0.89748347
0,0,0,0,1,-0.22503924,0.030966582
0,0,1,0,0,4.0581903,-0.08451043
0,0,0,0,1,2.2906544,0.100009605
0,0,1,1,0,-0.5560348,0.41622308
0,0,0,1,0,-3.6633844,-0.72348326
0,0,0,1,0,-4.290823,-0.7512548
0,0,0,0,1,-2.2361488,0.07895651
0,0,0,0,1,0.07937837,-0.12723534
1,1,0,0,0,9.953504,0.363919
0,0,0,1,0,-4.4251623,-0.6478192
0,0,0,0,1,-0.17511392,-0.09528664
0,0,0,0,1,0.9807551,0.003613958
0,0,0,1,1,0.029957294,0.18798983
0,0,0,0,1,-0.8027849,-0.84645814
0,0,0,0,1,1.4764252,-0.08591227
0,0,0,0,1,0.46772122,0.010264738
0,0,0,0,1,-0.22679877,-0.87002933
1,1,0,1,0,9.233483,0.0040399265
0,1,0,0,0,4.1335278,0.2774533
1,1,0,1,1,-5.312358,-1.0158064
0,0,0,0,1,-1.3235126,0.38257977
0,0,0,0,1,2.5182226,0.19011393
0,0,0,0,0,1.7342362,0.48777983
0,0,0,0,0,-0.06303859,0.18681404
0,0,0,0,1,-0.77617407,-0.038011767
0,0,0,0,0,-2.158442,0.43013588
0,1,0,0,0,4.637269,-0.29371867
1,1,0,0,0,3.516459,0.43515006
0,1,0,0,0,8.15689,0.50463104
0,0,0,0,1,-0.1018846,-0.630879
0,0,0,0,1,-0.14258027,-1.5604649
0,0,0,0,1,0.43262577,-0.49146894
1,0,0,1,1,-6.3110747,-0.99526995
1,1,0,0,0,7.7429886,-0.067431204
1,1,0,1,0,7.953532,-0.12241627
0,1,0,0,0,6.9933667,0.22220224
0,0,1,1,0,-2.0008752,-0.13021904
0,0,0,0,1,-0.028604746,0.30095583
1,1,0,0,0,9.478845,-0.3673594
1,1,0,0,0,9.694942,0.020339087
0,0,0,0,1,0.40018678,0.3625702
1,0,0,0,0,0.6854694,0.25814182
0,0,0,0,0,3.574958,0.16466841
0,0,0,0,0,3.909025,-0.14580444
0,0,0,0,1,0.5983393,0.15056075
0,0,0,1,0,-2.79258,0.17703913
0,0,0,1,0,-2.7050633,-0.018884666
0,1,0,0,0,4.7779036,-0.059524633
0,1,0,0,0,4.8665457,-0.029972622
0,1,0,0,0,4.119638,0.054279424
0,0,0,1,0,-2.4783602,-0.8823808
0,0,0,0,1,0.9415114,-0.04665713
0,0,0,0,1,0.87708354,0.4059117
0,0,0,0,0,-0.993973,0.2547478
1,1,1,0,0,6.1954,0.07693104
0,0,0,0,0,4.4911394,0.11205698
0,0,0,1,0,-1.9202092,0.19714238
1,0,0,0,0,0.96102023,-0.0033449684
0,0,0,0,1,-0.4820516,0.11256508
1,1,0,0,0,9.702987,0.17897123
0,0,0,0,1,-0.8866112,0.16200754
1,1,0,0,0,10.019158,-0.2623561
1,1,0,0,1,10.100756,-0.30155438
1,1,0,0,1,9.479113,-0.17569037
1,0,0,1,0,-5.312358,-1.1023211
1,0,0,1,0,-5.604212,-0.87045026
0,0,0,0,1,0.7598903,-0.12082329
0,0,1,0,1,-0.23161197,0.031164864
0,0,0,0,1,-0.36882186,0.26047632
0,0,0,0,0,-2.5592954,0.61189264
1,1,0,0,0,8.468866,-0.08074934
1,1,0,0,0,7.9292035,-0.059889846
0,0,0,0,1,-0.6571324,-0.85194504
0,0,0,0,1,0.12802911,-0.016635539
0,0,0,0,1,1.9247499,-0.40395415
1,1,0,0,0,5.281242,0.121063195
1,1,0,0,0,10.969853,0.19605866
0,0,0,1,0,-1.7833011,-0.87848246
1,0,0,1,0,-4.606722,-1.2643938
0,0,0,1,0,-3.8624225,0.24836054
0,0,0,0,1,0.6898148,-0.0488748
1,1,0,0,0,5.3369517,-0.763437
0,0,0,0,1,-0.22250867,-0.501722
0,0,0,0,1,0.5906694,-0.9787072
0,0,0,0,0,-0.53291726,0.1689579
0,0,0,1,0,-0.47665,0.10579914
0,0,0,0,1,-0.39591575,-0.079126224
1,0,0,0,0,0.17344356,0.2672638
0,0,0,0,1,-0.63275075,-0.99732715
0,0,0,0,1,0.62956357,-0.025259906
0,0,0,0,1,1.1364439,-0.4654979
0,0,0,0,0,-1.8582075,-0.2547527
0,0,0,0,0,-2.9569309,0.08576452
0,0,0,0,1,-0.32916045,-0.10208169
1,1,0,0,0,9.966127,0.4127033
0,0,0,1,1,-0.39800334,-0.16190624
0,0,0,0,1,1.2232568,-0.8520107
1,1,0,0,0,9.879644,0.03418713
0,0,0,0,1,1.3897321,0.07946088
0,0,0,0,1,-1.1799154,0.11134058
0,0,0,0,1,0.6676686,-0.44211513
0,0,0,0,1,0.8858354,-1.4315121
1,1,0,0,0,10.818984,-0.07664622
1,1,0,0,1,10.775873,-0.25589073
0,0,0,0,1,-0.30626464,0.029796641
0,0,0,0,1,-1.3003106,0.362087
1,0,0,0,0,0.87345576,0.31676227
0,0,0,0,1,-0.049037218,-0.013395665
0,1,0,0,0,3.403953,0.5918294
1,0,0,0,1,1.738363,0.52746445
1,1,0,0,0,9.363666,-0.06698647
1,1,0,0,0,8.393547,0.26319104
0,0,1,0,1,-0.6672509,0.14873898
0,0,0,0,1,-0.98201275,-0.17328988
0,1,0,0,0,7.3361454,-0.4767027
1,1,0,1,0,6.260223,0.07864595
0,0,1,1,0,-2.7844074,-0.30953985
0,0,0,1,0,-2.9701843,0.008695893
0,0,0,1,0,-3.4320314,-0.01540706
0,0,0,1,1,-1.2372634,-0.16792324
1,1,0,0,0,6.978999,0.46720654
1,1,0,0,0,8.832928,-0.22075225
0,0,0,0,0,-3.1370094,-1.0865881
0,0,0,1,0,-2.0444746,-0.06919674
0,0,0,0,1,-0.8797076,0.15237921
0,0,0,0,1,0.8951204,-0.44072056
0,0,0,0,1,-0.01832509,0.5117304
0,0,0,0,1,0.86087584,0.047269925
0,0,0,0,1,1.8012402,-0.12273397
0,0,1,0,1,1.1956968,-0.067230314
0,1,0,0,0,4.7955446,-0.58836275
0,1,0,0,0,3.5999951,0.68606573
0,0,0,1,0,-3.1134496,-0.38610545
0,0,0,0,0,-1.731802,0.43996644
1,0,0,1,0,-6.3110747,-1.0159366
1,0,0,1,0,-5.312358,-0.44841453
1,1,1,0,1,-0.13495469,0.57358074
0,0,0,0,1,-0.038142443,-0.017243873
0,0,0,0,0,-1.6837149,-0.10097394
0,0,0,0,1,0.6599877,-0.9194357
1,0,0,0,0,-0.066082716,0.32853007
0,1,0,0,0,7.314277,0.5314778
1,1,0,0,0,6.5474634,0.1329641
0,0,0,0,0,3.6223752,0.30382267
0,0,0,1,0,-2.8410192,0.16531561
0,0,0,0,1,-0.06854725,0.051251292
1,1,0,0,0,7.572731,0.15482996
1,1,0,0,0,8.832224,-0.34940338
1,1,0,0,0,8.07284,-0.6268461
1,1,0,0,0,4.0695333,0.3895645
1,1,0,0,0,10.091947,0.06658517
0,0,0,1,0,-2.3410034,-0.5343702
1,1,0,1,0,4.5451,0.4035201
1,1,0,0,0,8.760125,0.15990183
1,0,1,0,0,0.0691874,0.38089222
1,0,0,1,0,-2.8254972,-0.8794941
1,0,1,0,0,-0.25492978,0.3873419
0,0,0,0,0,-1.3890686,0.2595971
0,0,0,1,1,-1.0783918,0.13141923
0,0,0,1,0,-3.5504591,-0.42275074
1,1,0,0,1,11.074401,-0.8136465
0,0,0,0,0,-0.9395313,-0.056651216
0,1,0,0,0,5.292056,-0.23493221
0,0,0,0,1,3.393717,0.042224187
1,1,0,0,0,9.660254,0.30368242
0,0,0,0,1,3.2898223,-0.29017717
0,0,0,0,1,2.6939588,-0.24901293
0,0,0,1,0,-3.1306252,-0.1728918
0,0,0,1,0,-4.047296,0.05793283
0,0,0,0,1,-0.9901619,0.27334082
0,0,0,1,0,-1.9986727,0.59727854
1,0,0,1,1,0.29244113,-0.39441133
0,0,0,0,1,-1.608002,0.35171396
1,0,0,0,0,0.9050119,0.19126986
1,1,0,0,1,10.768029,-0.30393758
1,1,0,0,0,8.897548,-1.0369761
0,0,0,0,0,-1.7672131,-0.11956971
1,0,0,0,0,-1.834209,0.49323225
0,0,0,0,1,0.22744179,-0.45294565
1,1,0,0,1,11.706608,-0.09635733
0,1,0,0,0,7.5288706,-0.76854795
0,1,0,1,0,4.4833727,-0.104248315
0,1,0,0,0,3.5934958,0.08267572
0,0,0,0,1,0.8680618,-0.102854796
0,0,0,0,0,-1.6363223,0.22741337
1,1,0,0,0,6.529814,-0.033611972
0,0,0,0,1,2.6533074,-0.37469345
1,1,0,1,0,7.825087,0.1874328
0,0,0,0,1,0.05880475,0.1405224
0,0,0,0,1,0.09766412,-0.8974296
0,0,0,0,0,-0.710603,0.032801177
1,1,0,0,0,4.681368,0.19069694
0,0,0,1,0,-1.1685412,-0.35910586
0,0,0,1,0,-3.7105806,-0.6683261
0,0,0,1,0,-3.2541282,-0.38012818
0,0,0,1,0,-3.8236732,-0.84372
0,0,0,1,1,-0.22506928,0.20860356
0,0,0,0,1,-0.10321164,0.30668128
0,0,0,1,0,-3.168232,-0.47775906
0,0,0,0,1,0.18355823,-0.0488748
0,1,0,0,0,7.2878532,-0.6318479
1,1,1,1,1,-1.1822739,0.44422957
0,0,0,0,1,-0.43998408,-0.24547131
1,0,0,0,0,1.9484494,-0.030413376
1,1,0,0,0,6.0860596,0.45105594
0,0,0,1,0,-3.2355917,0.042540293
1,1,0,0,1,11.037044,-0.5542629
1,1,0,1,0,8.284309,-0.8774869
0,0,0,0,1,-0.064325094,0.043014262
0,0,0,0,1,0.05344224,0.2460228
0,1,0,0,0,8.059686,0.34114543
0,0,0,0,1,-0.92291427,-0.56575584
0,0,0,1,0,-3.1653614,0.059639536
0,0,0,0,1,-0.104733706,-0.043896604
0,0,0,0,1,-0.014940977,-0.035255447
0,0,0,0,1,-0.6954646,0.24560446
0,1,0,0,0,4.5798993,-0.907842
0,0,0,1,0,-1.125581,0.5525438
1,0,1,0,0,-0.11118865,0.4049168
1,0,0,0,0,0.8538964,0.1839983
0,0,1,0,1,-1.1144426,0.015663348
0,0,0,0,1,-1.9271097,0.21626511
0,0,0,0,1,-0.4130118,0.5880178
0,0,0,1,0,-4.21551,-0.5517503
0,0,0,0,0,-1.4878967,-0.43456817
0,0,0,0,1,-0.3292663,-0.23225962
0,0,0,0,1,-0.26402736,-0.6180356
0,0,0,0,0,0.3225515,0.19914262
0,0,0,0,1,0.19159675,0.010462055
0,0,0,0,1,0.14727378,0.032222196
1,0,1,0,0,0.06681085,0.42623198
0,0,0,0,1,-0.58584476,-0.0034382574
1,1,0,0,0,8.208234,0.01009807
0,0,0,0,0,-1.585532,0.36512294
0,0,0,0,1,0.073395014,-0.39683726
0,1,0,0,0,5.7244678,-0.14008121
0,0,0,0,0,-1.7531404,0.15157609
0,0,0,1,1,0.6456907,-0.0049465704
0,0,0,0,1,-1.1131866,-0.063909456
0,0,0,0,1,0.4830401,0.33406973
1,1,0,1,0,-4.606722,-1.239641
0,0,0,0,0,-1.5698509,-0.46229804
0,0,1,0,0,-0.41428304,0.54132557
0,0,0,0,1,-0.25808907,0.09934028
0,0,0,0,1,0.014384747,-0.7812189
1,1,0,0,1,11.202,-1.0267549
0,0,0,0,0,-1.7543468,0.39508003
0,0,0,0,1,1.692028,0.1269283
0,0,0,0,1,0.1791563,-0.5213555
0,0,0,0,1,-0.7119694,-1.0574683
1,1,0,0,1,11.087341,0.2751053
1,1,0,0,0,8.292263,-0.20068721
0,1,0,0,0,8.113888,0.3971053
1,1,0,0,0,6.148351,-0.027711838
0,0,0,1,0,-3.044018,0.44639334
0,0,0,1,0,-2.7828176,-0.5484678
0,0,0,1,0,-2.513052,0.11271105
0,0,1,0,0,-0.77913547,0.43978536
0,0,0,0,1,1.1173451,-0.5025607
1,1,0,0,0,9.107624,-0.30313218
1,1,0,0,0,9.042194,0.23253639
0,0,1,0,0,-1.8967483,-0.07024165
0,0,0,0,1,-1.6984577,0.016054973
0,0,0,0,1,0.056173086,-0.41909418
0,0,0,0,1,-0.845386,0.17339493
0,0,0,1,0,-3.2238822,-0.93097943
0,0,0,1,0,-2.7932684,-1.2902752
0,0,0,0,1,-1.0350058,0.17230971
0,0,1,0,1,-0.8023586,-0.067920014
0,0,0,0,1,-0.880321,0.18954132
0,0,0,0,1,-1.6803207,0.32707372
0,0,0,0,1,0.64315677,-0.33276117
0,0,0,1,0,-2.9629927,-0.39974108
0,0,1,1,0,-2.885887,-0.14007498
0,0,0,0,1,-1.2153125,-0.06793068
1,0,0,0,0,-0.04155183,0.42519975
0,0,0,1,1,-0.20077586,-0.06986877
0,0,0,0,1,0.9334004,0.04249198
0,1,0,0,0,5.7685657,-0.89322346
0,0,0,0,1,0.8029392,-1.181304
0,0,0,0,1,-0.81620216,-0.44951406
0,0,0,0,1,0.3355658,-0.38422737
0,0,0,0,1,1.420754,-0.6242412
0,0,0,0,1,1.3690705,-0.26596415
1,0,0,0,0,1.1404727,0.49568415
0,0,0,1,0,-3.2062118,-0.58414173
0,0,0,1,0,-3.412159,-0.004107166
0,0,0,0,1,0.9531243,-0.20038752
0,0,0,0,1,0.6521566,-0.49107292
0,0,1,0,1,0.39641905,-0.060633037
0,0,0,0,1,0.5927291,-0.12661861
1,0,0,1,0,-5.5648947,-0.9104955
1,1,0,1,1,10.749603,-0.54300255
1,1,0,0,1,10.641115,-0.45721322
1,1,0,0,0,9.318291,0.6057741
0,0,0,0,1,-0.4861169,0.13268508
0,0,0,0,1,-0.20458865,-0.5340005
0,0,0,0,1,2.438597,-0.31079605
0,1,0,0,0,4.939094,-0.04988877
0,1,0,0,0,4.81805,0.14513202
1,1,0,0,0,4.7974844,0.24407443
0,0,0,0,1,0.21263433,-1.0343043
0,0,0,1,1,2.681761,0.11356175
0,0,0,0,1,1.3119202,0.04543397
0,0,1,0,1,1.2097867,0.13040994
0,0,0,0,1,0.9719043,-0.6353817
0,0,0,1,0,-2.1058242,-0.2190007
0,0,0,0,0,-1.9424887,0.12648779
1,1,0,0,0,6.993382,0.34465498
1,0,0,1,0,-3.7706084,0.21323474
0,0,1,1,0,-0.72115517,0.5806589
0,0,0,1,1,1.0701706,-1.1243588
0,1,0,0,0,4.413405,0.0129182255
0,1,0,0,0,4.549996,-0.034653697
1,0,0,0,0,-1.2618489,0.7292771
0,0,0,0,1,0.003581524,-0.20871027
0,0,0,0,1,-0.3578322,0.3759957
0,0,0,0,1,-0.030290127,0.20470999
0,0,0,1,1,-1.2909553,-0.24434051
1,0,0,1,0,-5.5648947,-0.2537324
0,0,0,0,1,0.12497711,0.11437181
0,0,0,1,0,-2.0792136,-0.5961561
0,0,0,0,1,0.068136215,0.29726306
0,0,0,0,1,-0.86931443,0.21079017
0,0,0,0,1,1.0519125,-0.7604939
0,0,0,0,1,0.048365355,-0.4269357
1,1,0,0,0,9.579321,0.2588559
0,0,0,0,1,-0.83193636,-0.91704285
1,1,0,0,1,10.47752,-0.38001
1,0,1,0,0,0.4561484,0.6149796
0,0,0,0,1,0.7300308,-1.076746
0,0,0,0,1,0.21645164,-0.48694435
0,0,0,0,1,0.17078924,-0.46317628
0,0,0,0,1,0.47904944,0.04334156
0,0,1,0,1,-0.70794606,0.14688784
1,1,1,0,1,-0.35967755,0.58239424
0,0,0,0,0,-1.5198777,0.39665058
0,0,0,0,1,-0.22721767,0.41134503
0,0,0,0,1,-0.17343783,-0.19049676
1,0,0,1,0,-5.7390466,-0.76612586
1,1,0,0,0,9.769642,0.09606947
1,1,0,1,0,9.63118,0.5337459
0,0,0,0,1,1.8168583,-0.44316497
0,0,0,0,1,1.8656831,-0.34009102
0,0,0,0,1,1.7736046,0.39349735
0,0,0,0,0,-1.8007092,0.3207561
0,0,0,0,1,-0.9539151,0.09334054
1,1,0,0,0,10.124679,0.3916885
1,1,0,0,0,6.7792854,0.3233851
0,0,0,1,1,0.107135296,0.13117646
1,1,0,0,0,7.39438,0.653455
0,0,0,1,1,-0.91526175,0.7597544
0,0,1,0,1,2.666295,0.06391533
0,0,0,1,0,-2.1676476,0.45404562
0,0,0,0,1,1.5437703,-0.09339335
1,0,0,1,0,-5.285833,-1.0488682
0,0,0,0,1,-1.7012177,-0.37342742
0,0,0,0,1,1.0321977,-0.5744391
0,0,0,0,0,-1.9282925,0.6278993
1,0,0,0,0,0.67883515,0.27307597
0,0,0,0,1,0.14361453,-0.49107292
0,0,0,0,1,-0.8170428,0.23058449
0,0,0,0,1,-0.47086477,0.1305404
0,0,1,0,0,-0.6712308,0.4484357
0,0,0,0,1,-1.148973,-0.8611931
0,0,1,0,0,-0.99548674,0.4824398
1,0,0,0,0,0.9941232,0.38857552
0,0,0,0,0,-1.5179758,-0.10276928
0,0,0,0,1,-1.2957821,-0.12256873
0,0,0,0,1,-1.5420187,0.26429394
0,0,1,0,1,-0.10474062,0.117240116
0,0,0,0,1,0.37232518,-0.18245599
1,0,0,1,0,-5.285833,-0.9920006
1,0,0,1,0,-5.7390466,-0.91187733
0,0,0,0,1,0.347049,-0.7269435
1,1,0,1,0,9.336037,0.10138284
1,1,0,0,1,10.672749,-0.8391755
1,1,0,1,1,-3.9433978,-0.8497769
0,0,0,1,0,-1.7150507,0.12212426
0,0,0,0,1,0.53197956,-0.44706666
0,0,0,0,1,3.0077403,-0.67684364
0,0,0,0,1,0.63440347,-0.6566229
0,0,0,1,0,-2.514223,0.09848895
1,0,1,0,0,-0.06627202,0.51909053
0,0,0,0,1,-0.042112827,-0.60943353
0,1,0,0,0,7.258194,0.55430394
0,1,0,0,0,4.807868,0.004107166
0,0,0,1,0,-2.492788,0.54493916
0,0,0,0,1,-0.19325995,-0.6531203
0,0,1,0,0,-1.6716137,-0.095774956
0,0,0,0,1,-1.1239872,-0.56508714
0,0,0,0,1,0.6143265,0.41557652
0,0,0,0,1,-1.7602243,-0.87509155
0,0,1,0,1,0.006554365,0.49315193
0,0,0,0,1,1.4260273,0.17889793
0,0,0,0,1,1.9647901,-0.60042936
0,0,0,0,1,-0.07935524,-0.18592605
0,0,0,1,0,-3.348029,-0.1690444
1,0,0,0,0,0.6240976,0.4010527
0,0,0,0,0,-0.8631375,0.22987865
0,0,0,0,0,-1.0504084,0.14117245
0,0,0,1,0,-2.1318994,0.21565087
0,1,0,0,0,8.235191,0.27104643
1,0,0,1,0,-5.7390466,-0.79071724
0,0,0,0,1,-1.287657,0.11779147
0,0,0,0,0,-2.3599424,0.39613897
0,0,0,0,1,-0.52528167,-0.49898273
0,1,0,0,0,4.334337,-0.8829166
0,0,0,0,1,3.924951,-0.9861749
0,0,0,1,0,-1.8925304,-0.10455433
0,0,0,0,1,0.48515296,-0.4645452
0,0,0,0,1,-0.56465864,0.011601136
0,0,0,0,1,-0.49558425,-0.30569214
0,0,0,0,1,2.2952676,-0.46767202
1,1,0,0,0,6.165512,0.79630834
1,0,0,1,0,-5.285833,-1.0931253
0,0,0,1,0,-2.189359,0.23507412
0,0,1,0,0,-0.5904267,0.6251705
0,0,0,1,0,-3.3657873,0.16175736
1,1,0,1,1,10.500212,-0.87666744
1,1,0,0,0,8.571159,-0.0020000027
1,1,0,0,0,8.693235,0.15339853
1,1,0,0,0,9.170943,-1.0181766
0,0,0,1,1,0.6317241,-0.26354936
0,0,0,0,0,-1.2918174,0.002729469
0,0,0,1,0,-2.7495422,-0.7391972
0,0,0,0,1,-0.36849165,0.10426933
0,0,0,0,1,-0.1887362,0.27044442
0,0,0,0,1,0.91416097,0.042184174
0,0,0,1,0,-2.233832,0.8335631
0,0,0,0,1,0.5430856,0.3047088
1,1,0,0,0,4.5962863,0.3556968
0,0,0,0,1,-0.50158596,-0.14407031
0,0,0,0,1,-0.12238002,-0.05712897
0,0,0,0,1,0.3197019,-1.3222874
0,1,0,0,0,8.4119,0.066725634
0,1,0,0,0,4.9403787,-0.12480565
0,0,0,0,1,-0.21855736,0.050219715
0,1,0,0,0,3.8560548,0.1796844
0,0,0,0,1,1.6229217,0.667563
1,0,0,1,0,-2.560508,0.39732292
0,1,0,0,0,4.1286645,-0.031347264
1,0,0,0,0,4.0752106,0.32092667
0,1,0,0,0,6.843566,-0.098825805
1,0,0,0,1,11.195996,-0.6857319
1,1,0,0,1,10.292381,-0.66056293
1,1,0,0,0,10.57286,0.28384385
0,0,0,0,0,0.05271983,0.26086423
0,0,0,0,1,-0.16736484,0.011761994
0,0,0,0,1,0.26037598,-0.85188663
1,1,0,0,1,10.642628,-0.9573942
0,0,0,0,0,-1.0060287,-0.032136947
1,1,0,0,0,6.391372,0.30232635
0,1,0,1,1,10.147644,-0.3686313
1,0,0,1,1,0.04632163,-0.0030515129
0,0,0,0,1,0.4406817,0.064993285
1,0,0,0,0,-0.42969584,0.6812999
0,0,0,0,1,0.65761423,0.30900094
1,0,0,0,0,-0.0802052,0.3448888
0,0,0,0,1,-0.7975006,0.03327558
0,0,1,0,1,-0.71336937,-0.04988877
0,0,0,1,0,-2.7149699,-0.29436907
0,0,0,1,0,-2.8870244,0.17653479
0,0,0,1,1,0.18381476,-0.28623438
1,1,1,0,0,0.36337924,0.7127594
0,1,0,0,1,3.4661841,0.12560622
1,0,0,0,0,3.3789287,0.51052535
0,0,0,0,0,-2.0420585,0.33456767
0,0,0,0,1,2.9177287,-0.9841597
0,0,0,0,0,-2.0397425,-0.8172061
1,0,0,0,0,-0.20133162,0.6935658
1,0,0,0,0,-0.18739271,0.79860264
0,0,0,0,1,-0.45741773,-0.4665725
0,0,0,0,1,0.47394347,-0.09051197
0,0,0,1,0,-2.804439,0.3911428
0,0,0,1,0,-3.5605612,0.24863534
0,0,1,0,0,-0.25856662,0.68314654
0,0,0,1,0,-1.6618712,-0.3401037
0,0,0,0,0,-2.0868244,0.15186435
1,0,1,0,0,0.57185817,0.45802793
0,0,0,1,1,-0.47759676,0.45645812
0,0,0,0,1,3.5386415,-0.20743226
0,0,0,1,1,-0.46323204,0.44555002
0,0,0,0,1,-1.2959738,-0.39219177
1,0,1,0,0,-0.008892298,0.5795803
0,0,0,1,0,-3.6201258,-0.38486654
0,0,0,1,0,-3.7864776,-0.56085813
0,0,1,0,0,-0.71239495,0.5502559
0,0,0,1,0,-2.6553202,0.03076112
0,0,0,0,1,0.4194169,-0.20016813
0,0,0,0,1,0.2975154,0.16925281
0,0,0,1,0,-3.4876678,-0.94038284
0,0,0,1,0,-3.674734,-0.71845657
0,0,0,0,1,0.914943,0.09854414
0,0,0,0,1,-0.45095897,-1.2164451
1,0,1,0,0,0.31048512,0.4521883
0,0,0,1,0,-3.5538614,-0.7857503
1,0,0,1,0,-3.838329,-0.6278193
1,0,0,1,0,-3.4770555,-0.23783226
0,0,0,1,0,-1.5667548,-0.056744736
0,0,0,1,1,-1.1208494,-0.22335836
1,1,0,0,0,6.1706896,0.46564987
0,0,1,0,0,-0.7866478,0.59333503
0,0,0,0,0,-0.8730993,0.3610576
0,0,0,0,1,0.78915954,-0.574721
0,0,0,1,1,0.4003265,-0.7249526
0,0,0,0,1,0.08419657,-0.036408596
0,0,0,1,0,-2.310041,-0.19088534
0,0,0,0,0,-1.7408979,-0.6934959
0,0,0,0,1,1.1347139,-0.24792945
0,0,1,0,0,-0.7037568,0.6719483
0,1,0,0,0,5.4512777,-0.32700863
1,0,0,1,0,-4.598665,-0.9634061
0,0,0,0,1,-0.19418645,-0.041018985
0,0,0,0,0,-2.0066466,-0.46947598
0,1,0,0,0,5.7660556,0.054741357
1,1,0,0,0,5.782346,0.3397915
1,0,0,1,1,0.12690997,-0.17278355
1,1,0,0,0,4.7813754,0.21960032
1,0,1,0,0,-0.2021048,0.6236227
0,0,0,0,1,-0.28187013,-0.39069274
1,1,0,0,0,10.447407,0.62330127
0,0,0,0,1,0.6356981,-0.112548165
0,1,0,0,0,7.5349765,0.5246559
0,0,0,0,1,-0.08734059,0.04954542
0,0,0,1,0,-3.1679819,-0.3199359
0,0,0,0,0,-1.9038019,-0.56211144
0,0,0,0,1,0.37097883,0.3425273
0,0,0,0,1,-1.2126727,0.08449632
0,0,0,0,1,0.80045724,-1.5216204
0,0,0,0,0,4.029186,0.56209093
0,0,0,1,1,0.544374,0.014572394
0,0,0,0,1,0.58266664,0.11810888
0,0,0,1,0,-3.9497504,-0.41159895
1,0,0,1,0,-3.3535318,0.106611736
0,0,0,0,1,3.759705,-0.7820413
0,0,1,0,0,-0.8240347,0.7207046
0,0,0,1,0,-2.6719153,-0.99470085
1,0,1,1,0,-0.33044124,0.5081391
0,0,0,0,1,-0.9717572,-0.97844267
1,1,0,0,0,5.7867875,0.23137824
0,0,0,1,0,-3.249837,-0.42770872
0,0,0,1,0,-3.295602,0.021410976
0,0,0,0,0,-0.32573628,0.42463988
0,1,0,0,0,5.8101335,-0.579092
1,1,0,0,0,7.317344,-0.89285564
0,0,1,0,0,-1.4707503,-0.06240546
0,0,0,0,1,-1.2912993,0.1796844
0,0,0,0,0,-1.469959,0.5028379
0,0,0,0,1,2.252007,0.23625919
0,0,0,0,1,1.004694,-0.43545407
1,1,0,0,0,9.367165,0.15318926
1,0,0,1,1,0.8546374,-1.1760857
1,0,0,0,0,0.81236243,0.16731714
0,0,0,0,1,-0.51764107,-0.018501472
0,0,0,1,0,-3.1833642,0.11623543
0,0,0,1,0,-3.1215928,0.5808264
1,1,0,0,0,9.685764,-0.30765605
1,1,0,0,0,9.8269615,-0.4282087
1,1,0,0,0,10.101993,-0.048094466
0,0,0,1,0,-2.851771,-0.30911106
0,0,0,1,0,-2.5712042,-0.2945928
1,0,0,0,0,0.20283294,0.3453436
0,0,0,1,0,-2.204488,-0.34389776
0,0,0,1,0,-2.3322911,-0.064111196
0,0,0,0,0,-2.1555514,-0.07969207
1,1,0,0,0,5.3488955,0.41532812
0,0,0,0,1,-0.048365355,-0.19931397
0,0,0,0,1,-0.00688076,-0.74689764
0,0,1,0,0,-0.8636837,0.66343904
1,1,0,0,0,6.102925,0.20660958
0,0,0,0,1,0.88747025,0.40383375
0,0,1,0,1,1.6593385,0.06555036
0,0,0,0,1,1.7705028,0.27533773
0,1,0,0,0,4.5075097,0.18282412
0,1,0,0,0,4.8769817,-0.18010129
0,0,0,0,1,0.49552917,-0.034264136
0,0,0,0,1,0.30360198,0.525793
0,0,0,0,1,1.2601321,-0.25591627
0,0,0,0,1,0.11126542,0.21772721
0,0,0,1,1,0.7541745,-0.5619697
0,0,0,0,1,-0.9640379,-1.0651755
0,0,0,0,1,-0.2781639,0.0036619608
0,0,0,1,0,-2.7223163,0.18703467
0,0,0,0,0,-1.8680925,0.49885625
0,0,1,0,0,-0.45559812,0.59132236
0,0,0,0,1,0.3718438,-0.43865874
0,0,0,0,1,0.70010304,-0.074470714
0,0,1,0,0,-0.3930242,0.49256346
1,0,0,0,0,-0.021089315,0.34382683
0,0,0,0,1,0.42491436,-0.14951873
0,0,0,0,1,2.4752707,0.41880032
0,0,0,0,0,-0.89188933,-0.002729469
0,1,0,0,0,7.357976,0.44297576
0,0,0,0,1,-0.20739675,0.009113828
0,0,0,0,1,-0.016044378,0.12335503
1,1,0,1,0,8.014412,-0.024461472
1,1,0,0,0,7.916614,-0.30195904
1,0,0,0,0,0.75087714,0.40734023
0,0,0,0,0,-0.88040066,0.2710374
0,0,0,0,1,1.1288178,-1.0046372
0,0,0,0,1,-1.2457881,-0.8461685
0,0,0,0,1,0.3832016,0.21156085
1,0,0,0,0,3.6343112,0.2658218
0,0,0,1,0,-3.3947113,0.09985131
0,0,0,0,1,3.977344,-0.5189118
0,1,0,0,0,4.24554,-0.43516326
0,1,0,0,0,4.393629,-0.035618745
0,0,0,1,0,-2.5791771,-1.0645679
0,0,0,1,0,-3.09738,-0.9520165
0,0,0,0,1,-1.5854077,0.14154486
0,0,0,0,1,-0.883183,-0.35097492
0,0,0,0,1,-0.82779765,0.13291463
0,0,0,0,1,-0.52766514,0.37351766
0,0,0,0,1,-1.1398661,-0.16293076
0,0,0,1,0,-2.0366962,0.14698419
0,0,0,0,1,-0.8595705,-1.0700228
1,1,0,1,1,11.110573,-0.049188245
1,1,0,0,1,10.050163,-0.8459079
0,0,0,0,0,-1.7784772,0.34819105
0,0,0,0,0,-2.2611768,-0.17586808
0,0,0,1,0,-1.9837773,-0.4614603
0,0,0,0,1,0.00688076,0.07402664
0,0,0,0,1,0.073833466,0.1091742
0,0,0,0,1,0.61582637,0.08241099
1,0,0,1,0,-5.5648947,-0.93566537
1,1,0,0,0,10.927902,0.3560434
1,0,1,0,0,-0.16626477,0.4934134
1,0,0,0,0,0.94056535,0.38457596
0,0,1,0,1,-1.0481954,0.1259054
0,0,0,1,1,-0.29002357,-0.3742179
0,0,0,0,1,-1.2314439,-0.5588155
0,0,1,0,1,0.9471433,-0.34598652
0,0,1,0,0,-0.8645334,0.6911687
1,1,0,0,0,5.900809,0.17661284
0,0,0,0,1,1.9172511,-0.0033369013
0,0,0,1,1,1.8060036,0.19435611
0,1,0,0,0,4.6224675,-0.709845
1,0,0,0,0,0.72004676,0.19455947
1,0,0,0,0,-0.006554365,0.3863232
0,0,0,0,1,-0.13396478,-0.17558646
0,0,0,0,1,3.7049203,-0.47776502
0,1,0,0,0,3.7174678,0.13581137
1,1,0,0,0,5.082914,0.14135687
0,1,0,0,0,5.47988,-0.6417966
0,0,0,0,1,-0.21698594,-0.07654852
0,0,0,1,0,-2.3471718,0.050536674
0,0,0,1,0,-2.653918,0.025455099
0,0,0,1,0,-2.7778187,0.07630788
0,0,0,1,0,-2.0606072,0.17147364
0,0,0,0,1,-1.184485,-0.007554892
0,0,0,0,1,-1.3277538,0.43803293
1,0,0,1,0,-3.9438043,-0.27212104
0,0,0,0,0,-0.4313271,0.28328758
0,0,0,0,1,-1.5007553,-0.24266778
0,0,0,1,0,-1.5558488,0.44812244
0,0,0,0,1,0.75550103,-1.4240844
1,1,0,1,0,-0.5600097,0.23479976
0,0,0,0,1,-0.41121006,0.14350308
0,0,0,0,1,-0.06843376,-0.05992495
0,0,0,0,1,-1.774034,-0.3196768
0,0,0,0,0,-1.6279438,0.035961453
1,1,0,0,0,4.609651,0.41159445
0,1,0,0,0,6.876248,-0.11055719
1,1,0,0,0,6.752957,0.16079645
1,0,0,0,0,1.410048,0.44586235
0,0,0,0,1,1.1767535,0.18951982
1,1,0,0,0,5.994348,-0.93436784
0,0,0,0,1,-0.50339866,-0.27843076
0,0,0,0,1,0.3734696,-1.146345
0,0,0,0,0,-0.533304,0.2842547
0,0,0,1,0,-1.890899,-0.057094876
0,0,0,0,1,-0.8975711,0.0610971
0,0,0,0,1,-1.0692637,0.49055848
0,0,0,1,0,-3.5467858,-0.9532121
0,0,0,0,1,-0.26617408,-1.1781697
0,0,0,0,1,-1.3938758,0.23097843
0,0,0,0,1,2.6717134,0.16591074
0,0,0,0,0,-1.4120288,0.52601177
0,0,0,0,1,1.3104596,0.26594865
0,0,0,0,1,-0.6117902,-0.27998346
0,0,0,0,1,0.94531894,-1.0467267
0,0,0,1,1,4.215241,-0.1560672
0,1,0,0,0,4.236818,0.17274211
1,0,0,0,0,0.88906837,0.38980854
0,0,0,0,1,0.90757775,-0.26229632
0,0,0,0,1,-0.34135866,-0.261799
0,0,0,0,1,3.5762992,-0.5604621
1,1,1,0,1,-0.07436347,0.64552677
1,1,0,0,1,10.90698,-0.93475544
0,0,0,0,1,2.246665,-0.11896924
0,0,0,0,1,2.3769507,-0.24314763
1,0,1,0,0,-0.15534377,0.644853
1,0,1,0,0,-0.024138212,0.6808736
0,0,0,0,1,0.53761935,-0.9783845
0,0,0,0,1,2.8959622,0.1501649
0,0,0,0,1,0.06425595,-1.4506686
0,0,0,0,1,-0.31151772,-0.2990781
0,0,0,1,1,-1.0663681,0.076963045
0,0,0,0,1,-1.2063122,0.42398617
0,0,0,0,1,0.64661384,-0.46727416
0,0,0,1,1,0.3724177,-0.50222325
0,0,0,0,1,-0.86655045,-0.18472244
0,0,0,0,1,-0.7377219,0.11790935
1,0,1,0,0,0.045948267,0.5005114
0,0,1,1,0,0.10509372,0.6434478
0,0,0,0,1,0.011207342,0.026046451
0,0,0,0,1,-0.003581524,-0.23454542
1,0,1,0,0,-0.35707927,0.5677594
0,0,0,0,1,1.0227697,-0.6669964
0,0,0,0,0,-1.5201426,-0.493748
1,1,0,0,0,10.169342,-0.8960777
0,0,0,0,1,0.8295057,0.081227265
1,1,0,0,0,9.109959,0.2778493
0,0,0,1,0,-3.7166302,-0.72449446
0,0,0,1,0,-3.215206,-0.08889411
0,0,0,0,1,0.31856227,-0.17227477
1,1,0,1,0,10.748308,0.1567208
0,0,0,1,1,2.2393746,0.018823754
0,0,0,0,1,2.0808501,0.36671185
1,0,1,0,0,-0.33895993,0.60351366
0,0,0,0,1,-1.2210588,-0.19993828
0,0,0,0,1,-0.93967175,-0.08046591
0,1,0,0,0,4.8457875,-0.47611853
1,0,1,0,0,-0.07981849,0.66800463
0,0,0,0,1,-0.7687416,-0.47279173
1,1,0,1,1,-3.9334307,-1.3844192
1,1,0,0,0,6.1765676,0.3499544
0,0,0,1,0,-1.7293968,-0.80115366
0,0,0,0,1,0.4890473,-0.4636939
0,0,0,0,1,2.5980983,-0.38414624
0,0,0,0,1,2.8287861,-0.040627565
0,1,0,0,0,6.7928967,-0.15782209
1,1,1,0,0,6.8064084,0.10833025
0,0,0,1,1,-0.46944833,0.120011225
1,1,0,0,0,5.122771,0.09729355
1,1,0,0,0,5.485607,0.06966775
0,0,1,0,1,-1.3336244,0.071236804
0,0,0,0,1,-0.44540358,0.0041600103
0,0,0,0,1,-0.5595217,0.2437806
1,1,0,0,0,8.365387,-0.09467505
0,0,0,0,1,1.2499404,0.2720627
1,0,0,0,0,7.4775167,-0.44446385
1,1,0,0,0,8.030279,-0.18825933
0,0,0,1,0,-1.9975152,-0.78782225
0,0,0,0,1,1.071388,-0.049418163
1,0,0,0,0,0.2083993,0.70639443
1,1,0,1,0,10.68438,0.69473124
1,1,0,0,0,8.965134,0.17543007
0,0,0,1,1,-0.33008218,-0.007519832
0,0,0,1,0,-3.783694,-0.9671058
0,0,0,1,1,-0.5389147,0.36723337
0,0,0,0,1,0.56058955,-1.4695675
1,0,1,0,0,-0.056286573,0.66233575
1,0,0,1,1,-0.08510041,0.15913452
0,0,0,0,1,3.6325994,-0.06134163
0,1,0,1,0,4.701862,0.0056526717
1,1,0,0,0,4.548733,0.25375867
0,0,0,0,1,3.8794208,-0.68080276
0,0,0,1,0,-2.6762362,-0.22543585
0,0,0,0,1,0.7854171,0.30932325
0,0,0,0,1,0.08699489,-0.11147065
0,0,0,0,1,3.4798236,-0.1131667
0,0,0,0,1,3.5201926,0.12723188
0,1,0,0,0,6.252673,-0.074676625
1,1,0,0,0,9.720846,0.16415565
1,1,0,0,0,9.847154,0.39854482
0,0,0,1,1,-0.8456111,0.2459502
0,0,0,0,1,-0.46156406,-0.2279056
0,0,0,0,1,-0.51039624,0.11636188
0,0,0,0,1,-0.18767118,0.020489572
0,0,1,0,1,-0.39800024,0.025669746
0,0,0,0,1,-1.5590205,0.02765411
0,0,0,0,1,-1.5181191,0.16975121
0,0,0,1,0,-2.2028928,0.4495195
0,0,0,0,1,0.21313906,-0.72139245
1,0,0,0,1,0.81115174,0.17919846
0,0,0,0,1,0.040537834,-0.40896925
0,0,0,1,1,0.7410009,-0.06814849
0,0,0,1,0,-2.7357888,-0.7559245
0,0,1,1,0,-0.46006465,0.52721035
0,0,0,0,0,-0.30599618,0.37402797
1,0,0,0,0,0.7386091,0.4076251
0,1,0,0,0,8.530676,0.31127852
0,0,0,0,1,0.2942164,-0.3245833
1,1,0,0,0,9.411833,0.16537519
0,0,0,1,0,-2.9093566,-0.50307596
0,0,0,0,0,-0.77018857,-0.95809066
0,0,0,0,1,1.349318,-1.0891551
0,0,0,0,1,0.15928411,-0.4589984
1,0,0,1,0,-4.598665,-1.2524917
0,0,0,0,1,0.44952345,0.0013172759
0,0,0,0,1,0.47059417,0.34890318
0,0,0,0,1,0.9300792,-0.5763421
0,0,0,0,1,1.3498523,-0.98811275
1,1,0,0,0,5.47072,0.25140902
0,0,0,0,1,-0.22539377,0.44071734
0,0,0,0,1,-0.06362176,-0.1465406
0,0,0,0,1,-0.34257746,-0.37082016
1,1,0,0,0,8.918133,-0.049713593
1,0,0,0,0,-0.012979269,0.36878598
0,0,0,0,1,-0.23126769,-0.5038
0,0,0,0,1,-1.2052627,-0.91657215
0,0,0,0,1,-0.26583123,-0.12115083
1,0,0,1,1,-1.8208783,-0.21113063
0,0,0,0,1,-0.11992335,0.10819673
1,0,0,0,0,7.3242702,0.30118802
0,0,0,0,0,1.1216581,-0.24259464
0,1,0,0,0,4.0420136,0.26738998
1,1,0,0,0,5.2981315,0.21080303
0,0,0,0,1,0.47424626,-0.13937831
0,0,0,0,1,-1.4438839,-0.078255706
0,0,0,0,1,1.679925,0.15215068
0,0,0,0,1,0.3280387,-0.22522706
0,0,0,0,1,0.404279,0.21641506
0,0,0,0,1,-0.1008172,0.11318187
0,0,0,0,1,0.04525566,-0.96477425
0,0,0,0,1,-1.4691854,0.21899582
0,0,0,1,0,-3.3200324,-0.9355751
0,0,0,1,0,-3.2143977,-0.4324242
0,0,0,0,0,-1.0567389,-0.42726547
0,1,0,1,0,6.30283,-0.44784883
1,1,0,0,0,9.791255,-0.30044344
0,0,0,0,1,0.89484715,0.066814214
1,0,0,1,0,-5.5648947,-0.97796774
0,0,0,0,1,-0.6052375,0.2387564
0,0,0,0,1,-0.4731834,-0.12617679
1,1,0,0,0,9.236315,0.28002986
1,1,0,0,0,9.263651,0.59266835
0,0,1,1,0,-2.2966723,0.8907698
0,0,0,0,1,-0.061517477,-0.13888624
0,0,0,1,0,-3.3783126,-0.91296095
0,0,0,1,0,-3.7202737,-0.21452355
1,0,1,0,0,0.020364046,0.5522912
0,0,0,1,1,1.110832,-1.0268046
0,0,0,0,1,-0.18595982,0.20742258
0,0,0,1,1,0.11464715,-0.15113659
0,0,0,0,1,0.33713603,0.20942768
1,1,0,0,0,10.020317,-0.45939144
0,0,0,1,0,-2.1233456,-0.2808148
0,0,0,0,0,-0.721776,0.43119866
0,0,0,0,1,2.4495888,-0.3540573
1,1,0,1,0,10.692266,0.0020000027
0,0,0,1,0,-2.4978507,-0.1765363
0,0,0,1,0,-2.3144035,-0.0013172759
0,0,0,1,0,-2.3994615,0.32557964
1,1,0,0,0,6.558338,0.038792077
1,0,0,1,0,-5.285833,-1.0253599
0,0,0,0,1,0.86032677,-0.067326635
0,0,0,0,1,1.0518968,-0.5346099
1,1,0,0,0,9.69298,0.16335686
1,1,0,0,0,9.901829,0.32905522
0,0,0,0,0,-1.099967,0.5871403
0,0,0,0,1,0.6706214,-0.83266366
0,0,0,0,1,0.6519916,-0.85353965
0,0,0,1,0,-0.49507022,0.31620225
1,0,1,0,0,0.9012859,0.47341338
1,0,0,1,0,-5.285833,-0.98975587
0,0,0,0,1,0.25644422,-0.34462586
0,0,0,0,0,-2.2454038,0.19497569
0,0,0,0,0,-1.8127921,0.11285869
0,0,0,0,1,-0.055936337,-0.69201785
1,1,0,0,0,6.274571,0.34549195
0,0,0,0,1,-0.109111786,-0.03977887
0,0,0,0,1,-0.1014452,0.10866792
1,1,0,0,0,10.189011,-0.1554829
1,1,0,0,0,10.059031,0.5334688
1,0,0,0,0,0.41409564,0.3479924
0,0,0,1,0,-2.5514016,-0.4439441
0,0,0,0,1,0.5094836,0.0029429388
0,1,0,0,0,4.3340716,-1.0555508
0,0,0,1,0,-1.5484028,0.12722185
0,0,0,0,1,-0.8469739,0.30368045
0,0,0,0,1,-0.3654337,0.611426
0,0,0,0,0,-0.46102834,0.41599217
0,0,0,1,0,-3.448205,-0.5670759
0,0,0,0,1,-0.4605608,0.06219402
0,0,0,0,1,-0.3825283,0.16877607
0,0,0,0,1,-0.24223638,0.20716777
0,0,0,0,1,1.675353,-0.09449185
0,0,0,0,0,-0.35734916,0.23902273
0,0,0,0,1,0.29697943,-0.13692355
0,0,0,0,1,0.89199066,0.35977215
1,1,0,0,0,8.754879,-0.1732826
0,0,0,0,1,3.5754504,-0.20211418
0,0,0,0,1,3.522327,-0.009452785
1,0,0,0,0,3.592827,0.29334414
0,1,0,0,0,6.4645314,-0.5597805
0,0,0,0,1,-0.3537619,-0.6726361
1,1,0,0,0,5.621561,0.21399938
1,0,1,1,0,-2.0628965,0.61872536
0,0,0,0,1,-0.5240567,0.034477476
0,0,0,0,1,2.033174,-0.21518448
0,0,0,0,1,-0.38666892,0.099145584
0,0,0,0,1,0.67053103,-0.12263093
0,0,0,0,1,0.6055248,-0.18810686
0,0,0,0,1,0.15528798,-1.4429955
0,0,0,0,1,-0.8589337,0.08162099
0,0,0,1,0,-1.9181552,-1.1573015
0,0,0,0,1,0.54549384,-0.009188604
0,0,0,1,0,-3.2079158,-0.7469638
0,0,0,1,0,-3.260427,-0.21403052
0,0,0,1,0,-3.8419003,-0.66019416
0,0,0,0,1,0.30649304,0.022837836
1,1,0,0,0,6.2259874,0.23646984
1,0,0,1,0,-5.1661396,-0.8941221
0,0,0,0,1,-0.7371359,-0.7339953
0,0,0,0,1,-0.876039,-1.0613468
0,1,0,0,0,2.785864,-0.97213465
0,0,0,0,1,0.081614256,0.28046927
1,1,0,0,0,7.140314,0.59779423
0,0,0,1,0,-2.3640244,0.18766542
0,1,0,0,0,8.439138,0.1570798
0,0,0,0,0,-1.7949641,-0.009801472
1,1,0,0,0,9.08489,-0.08291301
1,1,0,0,0,9.12245,-0.0049919193
1,1,0,0,0,6.592144,0.5286738
0,0,0,0,0,-0.37455773,0.41882652
0,0,0,0,1,0.06762481,0.06412134
0,0,0,0,0,2.5865123,0.50990117
0,0,0,0,1,0.94103026,-0.45339158
0,1,0,0,0,3.4469817,-0.8630756
0,0,0,0,1,0.54931164,0.20578264
1,1,0,0,0,10.802004,0.33761296
0,0,0,0,1,-1.1985431,0.27284384
0,0,0,1,1,-0.107782125,-0.04497771
0,0,0,0,0,-0.56783223,0.19454429
1,0,1,1,0,-0.41393685,0.6490279
0,0,0,0,1,0.6003177,-0.012033556
0,0,0,0,0,-0.9334929,0.73059595
0,0,0,0,1,-0.74735045,0.0
0,0,1,0,1,-0.75520873,0.1036247
1,0,1,0,0,0.012017012,0.6073526
0,0,0,0,1,-1.0350466,0.38270578
0,0,0,0,1,1.917479,0.2516986
0,0,0,1,1,-0.887696,-0.044436205
0,0,0,0,1,-0.38873887,0.3667371
0,0,0,0,1,-1.0853941,-0.8045339
1,0,1,0,0,-0.1788404,0.68206286
0,0,0,0,0,-1.7116387,0.15121296
1,1,0,0,1,11.171614,-0.91142577
0,0,0,0,0,-1.3934393,-0.30796394
0,0,0,0,1,0.08515477,0.07630252
1,0,1,0,0,-0.40165687,0.65147644
0,0,0,1,1,-1.4764009,-0.07174283
1,1,0,1,0,9.799774,-0.30494976
0,0,0,0,1,0.07149863,0.14308943
0,0,0,0,1,-0.7156668,-0.387754
0,0,0,0,0,-1.0513668,0.15586026
0,0,0,1,0,-2.5537498,-0.09450626
0,0,1,0,0,-0.96167684,0.6272805
0,0,0,0,1,0.50598216,-0.56269735
0,0,0,0,1,-0.2754004,-1.0315899
1,0,0,0,0,0.21047616,0.45414928
1,1,0,0,0,2.3888752,0.391769
0,0,0,0,1,-0.18385053,-0.23061724
0,0,0,0,1,-0.5339205,-0.90190744
0,0,0,1,0,-2.7293963,0.37293354
0,0,0,0,0,-1.3938222,-0.49273044
0,0,0,1,1,-0.8508241,-0.011357892
0,0,0,1,0,-2.8335145,-0.2239574
0,0,0,0,1,-0.4430461,0.14673871
0,0,0,1,0,-5.63369,-0.8943539
1,1,0,0,0,7.9037457,-0.061213005
0,1,0,0,0,7.676281,-0.126169
0,1,0,0,0,5.1941605,0.49767232
0,0,0,0,0,-0.87290335,-0.9184609
0,0,0,0,1,0.5051763,0.0109667545
0,0,0,1,0,-1.6652136,-0.19700792
0,0,0,0,0,-1.8096654,-0.21518448
0,0,0,1,0,-3.3795156,-0.093385465
0,0,0,1,0,-5.457735,-0.010869714
0,0,0,0,1,-0.86647487,0.062354412
1,0,1,0,0,-0.15661359,0.71885395
1,0,0,1,0,-4.7525463,-0.3986252
1,0,0,1,0,-1.1984951,-0.10176814
0,0,0,0,1,-0.8198948,0.16219497
0,0,0,0,1,-0.3575039,-0.959468
0,0,0,0,1,2.9487689,0.059295077
0,0,0,0,1,2.7761698,0.20073566
0,0,0,0,1,0.8212912,-0.24130936
0,0,0,0,1,0.2339518,-0.40934116
1,1,0,0,0,5.3788548,0.31759688
0,0,1,0,0,-0.9132421,0.7387731
0,0,0,0,1,-0.46687102,-0.20524035
0,0,0,0,1,-0.4588263,-0.353862
0,0,0,1,0,-2.5097618,-0.35320976
0,0,0,0,1,0.28337502,-0.8129857
0,0,0,0,1,0.92502093,-0.24400035
0,0,0,1,1,0.20597386,-0.61836725
0,0,0,0,1,0.5155461,0.12058591
0,0,0,0,1,-0.11746597,0.084935896
0,0,0,0,1,-0.34537482,-0.8344332
1,1,0,0,0,6.038849,0.19608678
0,0,0,0,1,-1.43115,0.19410798
0,0,0,0,1,-0.16025996,0.30659282
0,0,0,0,1,-2.6106403,0.40154088
0,0,0,0,0,-2.4889932,0.2164928
0,0,0,0,1,0.69004035,0.19096543
0,0,0,0,1,0.73418355,-1.1203078
0,0,0,1,0,-3.443259,-0.44989875
0,0,0,1,0,-5.5335326,-0.4500755
0,0,0,0,1,0.5081279,-0.066136874
0,0,0,0,1,0.3818736,0.1952392
0,0,0,0,1,0.9466388,-0.5168233
0,0,0,0,1,-2.406667,-0.58016586
1,0,0,0,1,8.559344,-0.89854324
0,0,0,1,0,-2.6038508,-0.15918271
0,0,0,1,0,-3.1309066,0.3312583
0,0,0,0,1,-2.4895465,0.41110486
1,1,0,1,0,10.764633,-0.0019939037
1,1,0,0,0,10.441638,0.15353945
0,0,0,0,1,-1.0029571,0.011061119
1,0,0,0,0,0.5676315,0.6894614
0,0,1,0,1,0.07550788,0.10083283
0,0,0,0,1,0.12464285,-0.7099489
0,0,0,0,1,1.1301787,-0.9064847
0,0,0,0,1,-0.045955658,-0.26273978
0,0,0,0,1,-2.3226383,-0.11955738
1,1,0,0,1,10.650428,-0.26879022
1,0,1,0,0,0.1834848,0.5687247
1,1,0,0,0,4.8234177,0.11618229
0,0,0,1,1,0.80793405,0.22328627
0,0,0,0,0,-1.0319839,0.44487125
0,0,0,0,0,-1.0754359,0.48408523
0,0,1,0,1,-0.012017012,-0.18796532
1,0,0,0,0,0.57932687,0.38994336
0,0,0,0,1,-0.5452683,0.25241658
0,0,0,1,0,-3.7878747,-0.8352285
0,0,0,1,0,-3.0368226,-0.23048563
1,0,0,0,1,0.2598455,0.48829442
1,0,0,1,0,-5.713195,-1.0152557
0,0,0,1,0,-2.1959515,0.03729913
0,0,0,0,1,1.8407862,0.22451153
1,1,0,0,0,7.9429007,-0.6005087
1,1,0,0,0,5.833313,-0.0510655
0,0,0,0,1,-0.6178582,-0.12901562
0,0,0,1,0,-0.28831077,0.3971442
1,1,0,0,0,3.4393141,0.1702415
0,0,0,0,1,-0.31504607,-0.34041893
0,0,0,0,1,0.78084445,-0.1415032
0,0,0,0,1,-0.63542295,0.1350489
0,0,0,0,1,-0.17457485,0.43029568
0,0,0,1,0,-2.9153373,-0.571493
1,0,0,0,0,0.58302045,0.06746112
1,1,0,0,0,10.317437,0.19283383
0,0,0,0,1,0.46792817,-0.43058246
0,0,0,0,1,3.3908377,-0.18476148
0,0,0,0,1,0.93809056,0.14734586
0,0,0,1,0,-1.8398254,-0.010147133
0,0,0,0,0,-0.86913705,0.60772127
1,0,0,1,0,-3.4305897,-0.67181575
0,1,0,0,0,4.255006,-0.24195033
0,0,0,1,0,-2.7661722,-0.19951159
0,0,0,1,0,-3.2120438,0.08667023
0,0,1,1,0,-1.836236,0.9805084
0,0,0,0,1,-0.30792475,0.27558625
0,0,0,0,1,-2.1527288,-0.12245118
0,0,0,0,0,-1.5644484,0.26772028
0,0,0,0,0,-1.7135079,-0.32038063
0,0,0,0,0,-1.9379654,-0.18869564
0,0,0,0,0,-4.472533,0.40894958
0,0,0,0,1,-3.0768378,0.09759639
1,0,0,0,0,2.3177316,0.48102245
1,1,0,0,0,6.0365686,0.3229858
1,0,0,0,0,-0.036691904,0.5474169
0,0,0,0,1,4.0241957,-0.0943182
1,1,0,0,1,11.296507,-0.8941221
0,0,1,1,0,0.036691904,0.97742254
0,0,0,0,1,1.5649102,0.15488376
0,1,0,0,0,7.573576,0.2784512
0,0,0,1,1,3.1991587,0.0022332969
0,0,0,0,1,1.1844742,-0.8102034
0,0,0,0,1,-0.016612768,0.103108026
0,0,0,1,0,-2.8400836,0.11816322
1,0,0,1,0,-5.1661396,-1.0041425
0,0,0,0,1,-0.63384247,-0.044792913
1,0,0,0,0,-1.3087165,0.63892865
1,0,0,1,1,-4.7525463,-0.91757977
1,1,0,0,1,8.568332,-0.42023042
0,1,0,0,0,4.0385685,0.10561716
1,1,0,1,0,10.116017,0.0046094833
1,1,0,0,0,10.023714,0.12590306
1,1,0,0,1,11.00972,-0.23849
1,1,0,0,1,8.582486,0.28185406
0,0,0,0,1,-1.2793598,0.16336285
0,0,0,1,1,2.582241,0.22818401
0,0,0,0,1,0.48773956,-0.15845223
0,0,0,1,0,-2.878411,0.1973568
1,1,0,0,0,10.4498,0.522259
1,1,0,0,1,10.584132,-0.24086288
0,1,0,1,0,5.2120705,-0.64469
0,0,0,0,1,0.3427875,-0.28276607
0,0,0,0,0,3.3664923,0.24068588
0,0,0,0,0,4.416972,-0.32179606
0,1,0,0,0,4.154378,-0.072296694
0,0,0,0,1,-1.6227081,-0.4562608
0,0,0,0,1,0.7318604,0.054106247
0,0,0,0,1,-2.073785,0.028769622
1,0,0,0,0,0.6394541,0.3059884
0,0,0,0,1,-0.043697596,0.35041764
0,0,0,1,0,-0.4766295,0.48393872
0,0,0,0,0,-1.9530768,0.16787556
0,0,0,0,1,0.57847095,0.04641004
0,0,0,0,1,-2.645087,-0.1182098
1,1,0,0,0,9.024099,0.26693445
1,1,0,0,0,8.40734,0.08134095
0,1,0,0,0,7.8946495,-0.19367945
0,0,0,0,0,-0.17886996,0.4161998
0,0,0,0,1,1.0053904,-1.29725
0,0,0,0,1,2.1581218,-0.4934103
0,0,0,0,1,2.2779584,-0.4022895
0,0,0,0,1,0.35223603,-0.33545503
0,0,0,0,1,1.8679516,-0.5227029
0,0,0,0,1,-0.57397914,0.062250335
0,0,0,0,1,-0.07956195,-0.48749623
0,1,0,0,0,4.7958927,-0.9701631
1,1,1,0,0,6.661463,0.022089697
1,1,0,0,0,4.641082,-0.044610396
0,0,0,0,1,0.36214614,-0.65449303
0,0,0,0,1,-2.8387892,-0.45518234
1,1,0,0,0,4.701104,0.3210921
0,0,0,0,1,-0.62029433,-0.3578801
0,0,0,0,1,-0.1670196,0.2593121
0,0,0,0,0,-2.3608696,0.24082091
1,1,0,1,0,-4.7525463,-1.195329
0,0,0,0,1,-1.6951821,-0.8438134
1,1,0,0,0,8.353574,0.14436235
1,1,0,0,1,10.532989,-0.050920162
0,0,0,0,1,-0.44392538,0.2950871
0,0,0,0,0,-1.4091542,0.31014353
0,1,0,0,0,4.6484327,-0.12538972
0,1,0,0,0,1.9402688,0.5981367
1,1,0,0,0,8.372045,0.15791088
0,0,0,0,1,-1.7576942,0.3413222
1,0,1,0,0,-0.939522,0.5255672
0,0,0,0,1,0.6741464,-0.028550986
0,0,0,1,0,-3.004537,0.3005608
0,1,0,0,0,4.451666,-0.56391734
0,0,0,0,1,0.25029492,-0.8052267
1,1,0,0,0,8.177132,-0.44882175
0,1,0,0,0,5.900032,0.06513727
0,0,0,0,1,0.6147945,-0.26824397
0,0,0,1,0,-2.1728687,-0.4706883
0,0,0,0,1,-0.91697407,0.1286258
0,0,0,0,1,-0.8717315,-0.58553046
1,0,0,0,1,0.56540847,0.24555272
0,0,0,0,0,-0.94088197,0.4843001
0,0,0,0,1,-0.39969945,-1.0436809
0,0,0,1,0,-2.3175156,-0.6231676
0,0,0,0,1,-0.1805389,0.13014093
1,0,0,0,0,0.13687897,0.7616156
0,0,0,0,1,0.037039757,0.33298373
0,0,0,0,1,0.61918426,-0.2699325
0,0,0,0,1,-0.41125822,-0.09565133
0,0,0,0,1,1.9263084,0.18220748
0,1,0,0,0,8.394754,0.41737205
0,0,0,1,0,-1.9181743,-0.33966008
0,0,0,1,0,-3.154831,-0.39639884
0,0,0,0,1,-1.4315076,-0.13674904
0,1,0,0,0,5.289356,-0.09018426
0,0,0,0,1,1.2631433,0.09974932
0,0,0,0,1,0.67879987,-0.80064124
0,0,0,0,1,-2.2784407,-0.26887164
1,1,1,0,1,-0.23688006,0.6264032
0,0,1,0,1,1.0161834,0.08792967
0,0,1,0,1,-1.7228477,0.09137554
0,0,0,1,0,-1.9901328,-0.8173705
0,0,0,1,0,-2.5883055,-0.11705069
0,0,1,1,0,-1.1255419,0.64546674
0,0,0,0,1,0.39464974,-0.4897734
0,0,0,0,1,-0.1775713,0.5244779
0,0,0,1,1,0.49658585,-0.7820163
0,0,0,0,0,-1.2311156,0.31975958
0,0,1,0,1,-1.0191112,0.029956507
1,0,1,0,0,-0.070503,0.54098064
0,0,0,0,1,3.254863,-0.115603685
0,0,0,0,1,-0.38387132,-0.8922658
1,1,1,0,0,5.725829,0.008385059
1,1,0,0,0,3.5135682,0.14808317
1,1,0,0,1,11.0674095,-0.5004417
1,1,0,1,1,10.995388,-0.1547783
0,0,0,1,0,-2.1130662,0.72621846
0,0,0,1,0,-2.0250745,-0.31122887
0,0,0,0,0,-2.301553,0.1677303
0,0,0,0,1,0.43824315,-0.28525907
0,0,0,0,1,-1.0463319,-0.36423528
1,1,0,0,0,6.907749,0.09215526
0,0,0,1,1,3.410433,-0.09997539
0,0,0,0,1,3.1862917,-0.09074844
0,0,0,0,1,0.84638715,0.21479356
0,0,0,0,1,0.32115006,-0.5866594
0,0,0,0,1,-0.1303494,0.04213285
0,0,0,0,1,-0.07030773,0.33605742
1,1,0,0,1,10.736192,-0.9932149
1,1,0,0,0,6.9861145,0.0059711854
0,0,0,1,0,-3.7142735,-0.9220599
0,0,0,0,1,-3.469362,0.37874556
0,0,0,0,1,-0.59693956,-0.17101063
0,0,0,0,1,-3.1628492,0.21575834
0,1,0,0,0,6.024953,-0.3369165
0,1,0,0,0,3.9204514,-0.3650545
0,0,0,1,1,-0.26623392,0.080349095
0,0,0,0,1,-0.32890105,0.0
0,0,0,0,1,-0.45963073,-0.258324
0,0,1,1,0,0.3011315,0.70126766
0,0,0,0,1,-0.08270955,0.1741583
0,0,0,0,1,-1.0649941,-0.05468533
0,0,1,1,1,-3.327521,-0.036422383
1,0,0,1,0,-7.8359804,-0.93487984
0,0,0,0,0,-1.7522252,0.41545385
0,0,0,1,1,-0.11850762,0.19724412
0,0,0,0,1,0.54045177,0.04237099
0,0,0,1,0,-2.9262555,-0.53651834
0,0,0,1,0,-5.2938876,0.04605827
0,1,0,0,0,2.8721,-0.40781754
0,0,0,0,1,0.26388097,-0.73508203
0,0,0,1,1,0.64909315,-0.408732
0,0,0,0,1,-2.1545784,0.51303744
0,0,0,0,1,0.799659,-0.29246122
0,1,0,0,0,7.5143576,0.5742601
0,0,0,0,1,0.73749757,0.027648188
1,0,1,0,0,-0.12771344,0.54302704
1,0,0,0,0,-0.23627877,0.44050178
0,0,0,0,1,-0.5975964,-0.5032681
0,0,0,0,1,0.44113088,-0.28183278
0,0,0,0,1,0.5918114,-0.2619753
1,1,0,0,0,9.326194,-0.18476148
1,1,0,0,0,6.7413797,0.38073328
0,0,0,0,1,-0.04068446,-0.30240998
0,0,0,0,1,0.052568674,-1.0979068
1,1,0,1,0,2.1438906,-0.27841824
0,0,0,0,0,-1.622376,0.3996302
1,1,0,0,0,7.6416893,0.0152253965
0,0,0,0,0,-1.5151939,0.3030915
1,1,1,0,0,5.6685505,0.008010268
0,1,0,0,0,5.848712,-0.22912872
0,0,0,0,0,-1.2832494,-0.007178315
0,0,0,1,1,0.39507222,0.28072777
0,0,0,0,1,0.650939,-0.006546995
0,0,0,0,1,-1.57598,0.32092598
0,0,0,0,1,-0.22685361,-0.20034753
1,1,0,0,0,8.398262,0.039424714
0,0,0,1,1,0.98200107,0.35228476
0,0,0,0,1,0.061003447,0.041696228
0,0,0,0,1,1.3100822,0.03331959
0,0,0,0,1,1.3805137,0.020071195
1,0,0,0,0,10.04497,-0.0098990835
1,1,0,0,0,9.661133,0.6096763
0,0,1,0,1,-2.0683472,-0.021117307
0,0,0,0,1,0.56864214,-0.89689326
0,0,0,0,1,-2.424864,0.21562058
0,0,0,0,1,-2.5711935,0.26730645
0,0,0,1,0,-3.2025812,-0.6955457
0,0,0,1,0,-3.2055418,-0.5690634
0,0,0,0,1,-0.96270466,0.28519046
0,0,0,1,1,-0.4801085,-0.18457404
0,0,0,0,1,-0.7522445,0.30842656
0,0,0,0,1,0.5978129,0.017787984
0,0,0,0,1,-1.5638294,-0.12694888
1,1,0,0,0,7.833659,0.054445405
0,0,0,0,1,0.2534902,-1.158048
1,0,1,0,0,0.7932775,0.6942042
0,1,0,0,0,8.113017,0.120739795
0,1,0,1,0,5.546438,-0.70494336
0,1,0,0,0,4.7802677,-0.3289034
0,0,0,0,1,0.58791757,0.117393985
0,0,1,0,0,-1.4551873,0.09400263
0,0,0,1,1,3.6023448,0.14575532
1,0,0,0,0,3.5638046,0.40495208
0,0,0,1,0,-5.879843,-0.9244856
1,0,0,1,0,-5.713195,-0.50329274
0,0,0,1,0,-5.3062534,-0.22725372
0,0,0,0,1,-2.4904459,-0.47175658
0,0,0,0,1,-0.24434781,0.03083762
0,0,0,1,0,-1.9373462,0.04034533
0,0,0,0,1,0.8761306,0.11279111
0,0,0,0,1,-0.9364569,-0.41659406
0,0,0,1,0,-2.9606636,-1.1476468
0,0,0,0,1,-0.08867478,-0.10186826
1,1,1,1,1,-0.41483617,0.65385807
0,0,0,0,1,-0.5620229,-0.30169722
1,0,0,1,0,4.11672,0.34273496
1,1,0,1,0,6.864402,0.47910765
0,0,0,0,0,-1.0684724,-0.3155092
0,0,0,0,0,-1.5173204,-0.7265532
0,0,0,0,1,0.28698564,-0.8928677
1,0,1,0,0,0.21706557,0.53199536
0,0,0,0,1,1.5041363,-0.79161084
0,0,0,0,0,-2.001782,0.25877756
0,0,0,0,0,-1.3264754,0.42221558
0,0,0,0,1,-0.24138379,-0.002699288
1,1,1,0,1,-0.449795,0.74730897
0,0,0,0,0,1.7824633,-0.38822156
0,1,0,1,0,5.193549,-0.27273613
0,1,0,0,0,5.3318596,-0.36102578
1,1,0,0,0,3.1387007,0.009315712
0,0,0,0,1,0.823066,0.019859808
0,0,0,0,1,0.8149512,-0.6275516
0,0,0,0,0,-1.0006483,0.09567463
0,0,0,0,1,0.2631166,0.13343075
0,0,0,1,1,-0.9799769,0.19242322
0,0,0,1,0,-2.619306,-0.034604244
0,0,0,0,0,-2.408008,0.29060078
0,1,0,0,0,5.4204445,0.0025760562
1,1,0,0,0,3.1713278,0.10869734
0,0,0,0,1,0.66724896,-1.1868379
0,0,0,0,0,-1.5735176,0.28883645
0,0,0,0,0,-2.2985458,-0.04317726
0,0,0,1,0,-4.6128497,0.5146734
1,0,0,1,0,-5.1661396,-1.0125853
1,1,0,0,0,6.6238728,-0.44981188
0,1,0,0,0,6.84797,-0.82224387
0,0,0,0,0,-1.4976664,0.57002395
1,0,0,0,0,-0.29723048,0.408434
0,0,0,0,1,-0.16084075,0.12010204
1,1,0,0,0,4.0353966,0.44206837
0,0,0,0,0,3.1170778,0.57309854
0,1,0,0,0,5.810297,-0.42725828
0,0,0,0,1,-0.49606156,-0.88869756
1,0,0,0,0,0.636431,0.3473561
0,0,0,1,0,-3.400133,-0.0022332969
1,1,0,0,0,7.8265047,0.0860572
0,0,0,0,1,0.5334623,-0.8522341
0,0,0,0,1,1.2584879,0.06833522
0,0,0,0,1,-3.2337077,-1.0033442
0,0,0,1,1,-0.8440542,-0.88850397
0,0,0,0,1,-1.3102169,0.03610628
0,0,0,1,0,-2.6901886,0.42682636
0,1,0,1,0,4.32251,0.08978815
1,1,0,0,0,4.1856546,0.34217665
0,0,1,0,0,0.3087132,0.6685108
0,0,0,1,0,-2.4061463,-0.052879624
0,1,0,0,0,7.000373,-0.19077249
1,0,0,0,0,0.2606156,0.5029146
0,0,0,1,0,-2.3183758,-0.1708445
0,1,0,1,0,7.3826647,-0.34828988
1,1,0,0,0,5.1918774,0.013203151
0,0,0,0,1,-0.71818185,0.31102154
0,0,0,0,1,-0.7815871,0.52661085
1,0,0,1,1,-0.3800261,-0.69829386
0,0,0,0,1,0.5747254,0.24242829
0,0,0,0,1,-0.35306954,-0.10528034
0,0,0,0,1,0.76929975,-0.0925908
0,0,0,1,1,-0.037039757,0.20773849
0,0,0,0,1,0.44229054,-0.43067762
0,0,0,1,1,0.49599838,0.4511908
0,0,0,0,1,-0.28426003,-0.5029851
0,0,0,0,0,-1.4110467,-0.8689194
0,0,1,1,0,-2.3518198,-0.014651645
0,0,0,0,1,0.8102467,-0.73865163
0,0,0,0,1,0.68390965,-0.12674972
0,1,0,0,0,7.8078184,-0.1064258
1,1,0,0,0,7.481759,-0.059087917
0,1,0,0,0,5.0260525,0.38516217
0,0,0,0,1,-0.42466712,-0.45025882
0,0,0,1,0,-1.23838,-0.4829873
1,1,0,0,0,9.34058,0.036271967
0,0,0,0,1,0.87375855,-0.023254875
0,0,0,0,0,-1.7749193,-0.003599901
0,0,0,0,1,-0.46182013,-0.20353551
0,0,0,0,1,1.3842223,-1.3734732
0,0,0,0,1,0.1512332,-0.8055736
0,0,0,0,1,-0.5231359,-0.16778809
0,0,0,0,0,-2.0723133,0.09685761
0,0,0,0,0,-4.2616043,-1.0202699
0,0,0,0,1,0.26382184,-0.7538146
1,1,0,0,1,10.8250885,-0.16926548
0,0,0,0,1,-1.3531947,-0.054179262
0,0,0,0,1,-3.6142843,0.1599523
0,0,0,0,1,0.49944997,0.0145565905
0,0,0,0,1,0.25211644,-0.1607385
0,0,0,0,0,-0.7211869,0.26301563
1,1,0,0,1,10.618322,-0.4233343
1,1,0,0,0,10.305425,0.09981596
0,0,0,0,1,-1.2805326,-0.8943539
0,0,0,1,0,-2.8420198,-1.2276279
1,0,0,0,0,-0.5600755,0.32805222
0,1,0,0,0,3.212166,-0.049627427
0,0,0,0,1,2.8071492,-0.11887449
0,0,0,0,1,0.36875367,0.059516117
0,0,0,0,1,0.91601205,-0.95822376
0,0,0,0,1,-0.4573419,0.14767626
0,0,0,0,1,0.8905599,-0.9172862
0,0,0,0,1,-0.018149614,-0.9787183
0,0,0,0,1,-1.7765589,-0.12655887
0,0,0,0,1,-2.8848436,-1.0476688
0,0,0,0,1,-0.34050918,-0.023014806
1,1,0,0,0,9.48197,-0.269015
1,1,0,0,0,7.3462696,-0.009315712
1,1,0,1,0,-4.7525463,-1.2963921
1,0,1,0,0,-0.11335158,0.5840153
1,1,0,0,1,8.638698,-0.3581833
0,0,1,0,0,-4.2929173,-0.03182386
0,0,0,0,1,-0.45878768,-0.12608425
0,0,0,0,1,0.58034587,0.20051274
0,0,0,0,1,0.07956195,0.47826037
0,1,0,0,0,4.860794,-0.6102317
0,0,0,0,0,-0.8521619,0.41185838
0,0,0,0,0,0.3751719,0.37110436
0,0,0,0,1,0.1757195,-1.31719
0,1,0,0,0,4.674176,-0.23827283
0,1,0,0,0,4.5530643,0.022761628
0,1,0,0,0,2.382169,-0.33235204
0,1,0,0,0,5.039487,0.01730323
0,0,0,1,0,-1.6468196,0.29198515
0,0,0,1,0,-3.1681185,0.084462374
0,0,0,1,0,-3.1050014,-0.4689366
0,0,0,0,1,-0.3021369,-0.70680916
0,0,0,0,1,-0.7320912,0.010553289
0,0,0,0,1,-0.61895657,-0.1393129
0,0,0,0,1,-2.749861,0.013877687
0,0,0,1,1,0.41717887,-0.8256383
0,0,0,0,1,-0.85703635,-0.13362917
0,0,1,0,1,-0.9528656,0.077650465
1,0,0,1,0,-2.9232264,-0.31245872
0,1,0,0,0,8.29071,0.31102154
0,0,0,0,1,0.34731412,-0.47900286
1,1,0,0,0,8.876526,-0.12061044
1,1,0,0,0,6.4220543,0.42617488
1,0,0,0,0,0.70300126,0.36859253
0,0,0,1,0,-2.860486,0.19482012
1,1,0,0,0,6.284088,0.7013272
0,0,0,0,1,0.19585252,-0.67893744
0,0,0,0,1,-1.2537947,0.38387674
1,0,0,0,1,1.0193288,0.010038249
0,0,0,0,0,-2.0452137,-0.26341024
0,0,0,0,0,-4.3664,0.24548164
0,1,0,0,0,5.346672,-0.40520847
1,1,0,0,0,2.7265198,0.35924485
0,0,0,0,0,-1.3392348,0.33358353
0,0,0,1,0,-2.7707877,-0.26699367
1,1,0,0,0,7.3014965,0.06860493
1,1,0,0,0,7.0971413,0.28001046
0,0,0,1,1,-0.059814215,0.12573671
0,0,1,1,0,-1.6544867,-0.2604523
0,0,0,1,0,-2.9806685,0.41203135
1,1,0,0,0,10.231007,0.623439
0,0,0,0,1,0.5397937,0.1506278
0,1,0,0,0,7.405343,0.26298767
0,0,0,0,1,1.7342117,0.09618094
0,0,0,0,1,1.6993847,0.038092706
0,0,0,0,1,3.308532,-0.32581735
0,0,0,0,1,3.033309,-0.52049005
0,0,0,0,1,0.89506173,-0.029356463
0,0,0,0,0,-2.083298,-0.9858212
0,0,0,0,1,-1.1755984,0.20981705
1,1,1,0,0,-1.0927489,0.7669471
0,0,0,0,0,-1.1753383,0.41613126
0,0,0,0,1,1.329824,0.036603257
0,1,0,0,0,6.0944977,-0.9895112
1,1,0,0,0,4.846405,0.42029864
0,0,0,0,0,-0.86691856,0.29835877
0,0,0,0,1,-0.4973967,-0.2858585
1,1,0,0,0,8.913094,0.02326528
1,1,0,0,0,7.109684,-0.28260905
0,0,0,0,1,0.3470738,0.26066864
0,0,0,1,0,-2.983131,-0.8666068
1,0,0,0,0,3.9261992,0.43247554
0,0,0,0,1,0.6364825,0.008858661
0,0,0,0,0,-1.9271734,0.025612306
0,0,0,0,0,-4.11007,0.25280964
0,0,0,0,1,-0.35607934,-0.14148313
0,0,1,0,0,-0.96470356,0.678082
1,1,0,0,0,8.71958,0.6958946
0,0,0,0,1,-0.7040689,0.30750483
0,0,0,0,1,1.3981211,-0.10597255
0,0,0,0,1,2.6863089,0.07111189
0,0,0,0,1,0.5290301,0.31320778
0,0,0,0,1,1.5847137,-0.063945495
0,0,0,1,1,1.6872091,0.016528979
0,0,0,1,0,-3.2548218,0.37257853
1,1,0,0,0,8.937004,-0.040686537
0,0,0,0,1,-2.2042372,-0.33163732
1,0,0,1,0,-5.1661396,-0.95005065
0,0,0,0,1,0.624594,0.20935974
0,0,0,0,1,-0.11191487,-0.0043471227
0,0,0,1,0,-3.3162062,-0.46592084
1,0,0,1,0,-5.8946514,0.01976055
0,0,1,0,1,0.15187669,-0.07476632
0,0,0,0,1,0.11213827,-0.5265797
0,0,0,1,1,-0.14814973,0.0019939037
0,0,0,0,1,-0.41511798,-0.27516973
0,0,0,0,0,-1.4645822,0.14501551
0,0,0,0,1,-1.2888393,-0.5849708
0,0,0,0,1,0.7943685,0.066473894
1,1,0,0,0,10.662741,0.45378798
0,0,0,0,1,1.207948,-1.417504
0,0,0,1,0,-3.2115636,-0.0705341
1,0,0,1,1,-1.4008873,-0.5103694
0,0,0,0,1,0.7902324,0.20405765
0,1,0,0,0,4.196347,0.13389888
1,1,0,0,0,10.175158,0.063960835
0,0,0,0,1,3.7604477,0.13340305
1,0,0,0,0,-0.30187774,0.3194575
1,1,0,0,0,9.14053,0.053148177
1,1,0,0,1,8.480462,0.24868591
0,0,0,1,0,-1.1446781,0.17563534
0,1,0,0,0,5.0770397,-1.0374869
0,0,0,0,1,1.5137594,-0.31826124
0,1,0,0,0,2.6175597,-0.6146467
0,0,0,0,1,0.52954745,-0.30066574
1,0,0,1,0,-3.3386455,-0.20327885
1,0,0,0,0,2.45134,0.4751878
0,0,1,0,1,0.35544324,-0.028816435
0,0,0,0,1,-0.265018,0.35080212
0,0,0,0,1,-0.16215682,-0.091689095
1,0,0,1,0,0.18212819,0.4476487
1,0,0,1,0,-7.8359804,-1.0047438
0,0,0,0,1,-0.26046157,-0.333431
0,0,0,0,1,-0.33992052,-0.19452171
0,1,0,0,0,6.312725,-0.47168612
0,0,0,0,0,-1.6852541,0.31926233
0,0,0,1,0,-3.2320602,-0.05617618
0,0,0,1,0,-5.2550535,-0.08602834
1,0,0,0,1,0.87626743,0.5062135
0,0,0,0,1,-3.7741244,-0.10445338
0,0,0,1,0,-2.1337757,0.22413027
1,1,0,0,0,6.5281734,-0.43623078
0,0,0,0,1,0.4828632,0.1914498
0,0,0,0,1,-1.3565502,0.5861845
1,1,0,0,0,7.129573,0.18014565
0,0,0,0,1,-0.097023964,-0.8183422
0,0,0,1,1,0.609107,0.048129812
1,0,0,0,1,1.4704733,0.5527476
1,1,1,0,1,-0.5010836,0.7425758
1,1,1,1,0,-0.87379956,0.80793035
0,0,0,1,0,-2.8230124,0.32556805
0,0,0,1,0,-2.006337,-0.52356905
0,0,0,1,0,-4.220326,-0.14452454
0,0,0,0,1,-0.13259554,0.31559414
1,0,0,1,0,-5.713195,-0.9913614
0,0,0,0,1,0.3392017,-0.4559789
0,1,0,0,0,6.4858513,-0.29221368
1,1,0,0,0,3.864711,0.20690261
0,0,0,1,0,-5.9987473,-0.91761565
0,0,0,0,1,0.6784241,-1.2148991
1,1,0,0,1,10.478381,-0.14983408
1,1,0,1,0,8.253089,0.6421716
1,1,0,1,0,7.1257496,-0.033936955
0,1,0,0,0,7.169549,-0.07507062
0,0,0,1,0,-1.2663665,0.07063177
1,0,0,1,0,-5.880051,0.16836546
0,0,0,0,1,0.4279971,-0.36374083
0,0,0,1,0,-2.121151,0.33823073
0,0,0,0,1,-0.88092375,0.008905638
0,0,0,0,1,-0.8901286,0.08141472
0,0,0,0,0,-1.993079,-1.1071068
0,0,0,0,1,-0.07218957,-0.065632895
1,1,0,0,0,3.740026,0.6020889
1,1,0,0,0,6.260738,0.06481214
1,0,0,0,0,1.838603,0.35814202
0,0,0,0,1,0.1540227,0.070835344
0,0,0,0,0,-2.0202856,0.6192578
0,0,0,0,0,-1.5259817,0.60237277
0,0,0,0,1,0.2347076,-0.9765364
0,0,0,0,0,-2.3267775,0.31697103
1,1,0,0,0,7.365891,0.037404772
0,1,0,0,0,7.255957,0.15779002
0,0,1,0,0,-0.63900423,0.57780415
1,1,0,0,0,6.1311946,0.11193243
1,1,0,0,0,6.7788525,0.31804463
0,0,0,0,1,0.0,0.032784447
0,0,0,0,1,-1.8523059,-0.02473662
0,0,0,0,0,-1.425087,0.42597216
0,0,0,0,1,1.1260278,-0.33431715
0,0,0,0,1,0.18327236,-0.40982386
0,0,0,0,1,-0.25517797,-0.23943318
0,0,1,0,1,0.08740282,0.03068581
0,0,0,0,1,1.3504877,0.080695
1,1,1,1,0,-0.48196292,0.7550417
1,1,0,1,0,9.209133,0.42343354
0,0,0,0,1,0.8993077,0.0018531969
0,0,0,1,1,-0.025882006,-0.5203617
0,0,0,0,0,-1.7092533,-0.12926836
0,0,0,0,0,-1.9351342,0.78479975
0,0,0,1,0,-2.2388248,-0.2300953
0,0,0,0,0,-2.7461495,0.23010728
0,1,0,0,0,7.304415,-0.3773395
0,1,0,0,0,7.1429067,-0.3820648
1,1,0,0,0,7.5263777,0.050368022
0,1,0,1,1,3.6652255,-0.17938554
0,0,0,0,0,-2.4849162,0.388318
1,1,0,0,0,5.9824996,0.10129305
1,1,1,0,0,5.6295133,0.1130053
0,0,0,0,0,-1.1270089,0.2070982
0,0,1,0,1,-0.81869745,-0.12688719
0,0,0,0,1,0.6324861,0.21115611
0,0,0,0,0,0.05003476,0.32178575
0,0,0,0,1,-1.3583856,0.08504449
1,0,0,0,0,-1.0275383,0.7659986
0,0,0,0,0,0.4872477,0.3685492
0,0,0,0,1,0.27250195,-0.009210797
0,0,0,0,1,0.36025286,-0.98500395
0,1,0,0,0,4.1932344,0.102841094
0,0,0,0,1,-0.07955742,0.44879892
1,1,0,0,0,6.2543626,-0.53537554
0,0,0,1,0,-2.1695986,0.1472569
0,0,0,1,0,-1.8330476,0.1270532
0,0,0,1,0,-2.1970024,-0.79738915
1,1,0,0,0,9.639537,-0.29783043
0,1,0,0,0,4.3394184,-0.74355507
1,1,0,0,1,10.459043,-0.9298804
0,0,0,0,1,0.6974163,-0.09030709
1,0,0,0,0,0.9005499,0.71376306
0,0,0,0,1,2.3128123,-0.0038590364
0,0,0,0,1,0.2665298,-0.3889845
0,1,0,0,0,6.784324,-0.6850405
0,0,0,0,1,-0.59058714,-0.3109666
0,0,0,0,1,-0.05567789,-0.14588766
1,1,0,0,0,8.877485,0.04879353
0,0,0,0,1,0.12071395,-1.2100718
1,1,0,0,0,8.348363,-0.56053275
0,0,0,0,1,0.7201636,0.056591183
0,0,0,0,0,4.0061336,0.15045068
0,0,0,0,1,0.039932728,-0.50076693
0,0,0,1,0,-2.070719,0.14083856
1,1,0,0,0,6.3155994,0.15241136
0,0,0,1,0,-1.6104426,-0.1855577
0,0,0,0,1,3.3446536,-0.12798965
1,0,0,0,0,3.6893492,0.34731618
1,1,0,0,0,8.871191,-0.16226605
1,1,0,0,0,8.437048,0.12503438
0,1,0,0,0,7.542519,0.69532204
0,0,0,0,1,2.1970654,0.14864674
0,0,0,1,0,-2.3180752,-1.0116842
0,0,0,1,0,-3.7604601,-0.84840584
1,1,0,1,1,-3.7730231,-0.89151406
1,1,0,0,0,6.9235487,0.030200884
0,1,0,0,0,8.449614,-0.026202794
1,1,0,0,0,8.21627,0.20345744
0,0,0,0,1,0.96553516,0.11157927
0,0,0,0,0,-1.7998464,0.4685136
0,0,0,0,1,-0.10915065,-0.4323466
0,0,0,0,0,-1.2720833,0.3937692
0,0,0,0,1,-1.0949183,0.037293483
0,0,0,1,0,-3.0047562,0.039420746
0,0,0,1,0,-2.2095346,-0.14591075
0,0,0,1,0,-2.691527,0.2770855
1,1,0,1,0,10.063795,0.3048192
0,0,0,0,1,1.2740448,-0.40079498
0,0,0,1,0,-3.494016,-1.0511681
0,0,0,0,1,1.0427706,-1.1613361
0,0,0,0,1,-0.28984737,0.008801526
0,0,0,0,1,0.03784275,0.15797605
1,1,0,0,1,10.382502,-0.93105614
0,0,0,1,0,-2.6084409,-0.6932406
0,0,0,0,1,1.3117757,-0.44440374
0,0,0,0,1,1.2346544,-0.89096546
0,0,0,0,1,1.3341956,0.16120644
0,0,0,0,1,1.2308424,-0.04627784
0,0,0,0,1,-0.86043406,0.04421173
0,0,0,0,1,-1.4382548,0.52275044
1,1,0,0,0,9.285736,0.16086133
0,1,0,0,0,4.210749,-0.48829132
0,0,0,0,0,-2.0243392,-0.04642238
0,0,0,0,1,-1.2764654,-0.32543522
1,0,0,0,0,3.6802444,0.38248464
1,0,1,0,0,0.12992549,0.60094446
0,0,0,0,1,-0.35745788,-0.10361136
0,0,0,1,0,-2.595654,-0.58311653
1,0,0,1,0,-4.5298367,-0.9896005
0,0,0,0,1,-0.2400012,0.0
0,0,0,0,1,-0.5281372,0.11024414
0,0,1,0,1,-0.14268494,0.06387041
0,0,0,0,1,3.803125,-0.24480745
0,1,0,0,0,3.35012,0.1802401
0,0,0,1,0,-2.442525,-1.0288947
1,1,0,0,1,11.037964,-0.37382045
1,1,0,0,0,6.56176,0.24695382
0,0,0,0,0,-2.359056,0.24337223
0,0,0,0,0,-0.677094,0.104414076
1,0,1,0,0,0.17940307,0.61591536
0,0,0,0,1,-0.73223543,-0.17408696
0,0,0,0,1,-1.0209064,0.08646125
0,0,0,0,1,1.190192,-1.0838103
1,1,0,0,0,4.763462,0.27240178
0,0,0,0,1,-0.22313452,0.18103327
0,0,0,0,1,-0.71702385,-0.0415795
0,0,0,0,1,-0.7388973,0.12503438
0,0,0,0,1,-0.22736692,0.49147615
0,0,0,0,1,-0.71488667,-0.9957687
1,1,0,1,1,-4.1473804,-1.1383631
0,0,0,1,0,-2.9956784,-0.4656472
0,0,0,0,1,-0.027637959,0.07926048
0,0,0,1,0,-2.8059106,-1.2002083
1,1,0,0,0,5.992314,0.10449166
0,1,0,1,0,7.8485045,0.64638716
0,0,0,0,1,0.104671955,-0.051160123
0,0,0,0,1,0.010976791,0.15412137
0,0,0,0,1,-0.017887592,-0.03701371
0,0,0,0,1,0.28742433,-1.1148655
0,0,0,0,1,-0.1224854,-0.05632938
0,1,0,0,0,3.9588428,-0.63621956
0,1,0,0,0,4.168317,0.09832029
0,0,0,0,1,2.6518674,0.17218713
0,0,0,0,1,-0.2247839,-1.0452381
0,0,0,0,1,1.2300255,-1.360354
1,0,0,0,0,-0.16160297,0.57454973
1,1,0,1,0,-4.5298367,-1.1870823
0,0,0,0,0,-1.8578095,-0.15170787
0,0,1,0,1,-2.1962268,0.0258268
1,0,0,0,0,2.4413066,0.4930269
0,0,0,0,1,-0.7748747,-1.0034542
0,0,0,0,0,-2.1112134,-0.9200023
0,0,0,0,1,-1.4655666,-0.047957316
0,0,0,0,1,1.2941668,-1.0504354
1,0,0,0,0,1.0657403,0.4570666
0,1,0,0,0,7.590985,-0.16397333
1,1,0,0,0,7.4627986,-0.09444554
1,1,1,0,0,8.023974,-0.099802844
1,1,0,0,0,8.712624,-0.3160377
1,1,0,0,0,8.278011,-0.07097203
1,1,0,0,0,8.702841,0.22271019
1,0,0,0,0,0.20127392,0.6279085
0,0,0,1,1,-0.37352276,0.3071925
1,1,0,0,0,6.588632,0.036466967
0,0,0,1,0,-2.631669,0.15501532
0,0,1,0,0,-0.5918431,0.68517834
1,1,0,1,0,4.1857753,0.3025008
0,0,0,0,1,-1.1211023,0.19403735
0,1,0,0,0,5.7318354,-0.13770607
0,0,0,0,1,-0.68107104,-0.26011845
0,0,0,1,0,-2.9278548,-0.7658845
1,1,0,0,0,5.0239215,0.2722637
0,0,0,0,1,-0.11587334,-0.35565183
1,1,0,0,1,10.83558,-0.75164944
0,0,0,0,1,-1.1109633,-0.23354952
0,0,0,0,1,-1.0569372,0.22217658
1,1,1,0,0,5.4763,-0.007357501
1,1,0,0,0,5.3666053,0.14718765
0,0,0,1,1,-0.6225245,0.11460265
1,1,0,1,0,5.979904,0.3240884
0,0,0,1,0,-1.6422372,0.033993807
0,0,0,0,1,0.2907672,-0.7995394
0,0,0,0,0,-2.195339,0.51734644
0,0,0,0,1,-0.007927895,-0.43266094
0,0,1,0,0,-0.27140307,0.5175303
0,0,0,0,0,-1.6927652,-0.42449763
0,0,0,0,1,-0.37437582,-0.96338856
0,0,0,0,1,-0.08143401,-0.4892887
0,0,0,1,0,-3.5816517,-0.61289823
1,1,0,0,0,7.6989107,0.017673265
1,0,0,0,0,0.8040111,0.30307186
0,0,0,0,0,-1.5623579,-0.35871267
1,1,0,1,0,9.304462,0.35893017
0,0,0,1,0,-2.919526,-0.37510255
0,0,0,1,1,-0.6491308,-1.099336
1,1,1,0,0,6.671437,0.050206676
0,0,0,1,1,-0.8221483,-0.80984765
0,0,1,0,0,-0.35053992,0.5068365
0,0,1,0,1,-0.6768141,0.04957544
0,0,0,0,1,-0.036607742,-0.56844485
0,0,0,0,1,-0.10462403,0.13437545
0,0,0,0,0,-1.6072404,0.24999924
0,0,1,0,0,-0.7947078,0.70654804
0,1,0,0,0,7.205135,-0.23722
0,0,1,0,1,0.24805641,-0.12177769
0,0,0,0,1,-0.31016636,0.10993688
0,0,0,0,1,-0.79959583,0.364318
0,0,0,0,1,-0.77285147,0.08677582
0,0,1,0,0,-0.74019766,0.7457558
0,0,0,0,1,-0.9453373,0.38702133
0,0,0,0,1,-0.8689499,0.1900404
1,0,1,0,0,0.0718987,0.68380237
0,0,0,0,0,-2.3824394,0.17895024
0,0,0,0,0,-1.9025505,0.3285374
0,0,0,0,1,-1.8410864,-0.1526579
1,1,0,0,0,6.95563,0.06903219
1,1,0,0,0,6.5887666,0.39110577
0,0,0,1,0,-3.5868099,-0.24008714
0,0,0,0,0,-2.0849304,0.09545106
0,0,0,0,1,1.2702224,-0.20811765
1,0,0,0,0,0.06475806,0.45302793
1,0,0,0,0,-2.5670242,0.8206758
0,1,0,0,0,7.4260545,0.13841502
0,0,0,0,1,-0.85787153,0.12219846
0,0,0,0,0,-2.0543845,0.11488886
0,0,0,0,1,0.6781993,-0.62398106
0,0,0,0,1,2.4650197,0.1931894
0,0,0,0,1,-0.81861067,0.38883027
1,1,0,0,0,9.615583,-0.9581478
0,0,0,0,1,-0.24267864,-0.050559442
1,1,0,0,0,4.1043816,0.32167527
0,0,0,1,0,-1.0335627,-0.39605403
0,0,0,0,1,-1.7324567,0.492503
1,1,0,0,0,10.548486,0.5778502
0,0,0,1,0,-2.246128,0.27686894
1,1,0,0,0,9.496516,0.5073535
0,0,0,0,1,1.5314844,-1.3323923
0,0,0,0,1,-0.45461178,-0.11983585
0,0,0,0,1,-0.28445625,0.20467713
0,0,0,0,1,0.08602786,0.066
0,0,0,0,0,0.3343327,0.3160011
0,0,0,0,1,-0.018497705,0.24775383
0,0,0,0,0,-1.9561341,0.62125117
0,0,0,0,1,0.15406513,0.26571062
1,1,0,0,0,5.6917315,0.3159814
0,0,0,0,1,-0.010976791,-0.0938802
0,0,0,0,1,0.43952227,0.13683787
0,0,0,0,1,-0.5755496,-0.36692172
0,0,0,0,0,-1.9163151,0.094571814
0,0,0,0,1,-0.8786397,0.26360688
0,0,0,0,1,0.6364815,-0.34469318
0,0,0,0,1,-0.41723537,-0.1740642
0,0,0,0,1,0.009383678,-0.026339527
0,0,0,0,0,-0.39416862,0.1879718
1,1,0,0,0,8.257366,0.009311426
1,1,0,1,0,8.632317,0.1435007
0,0,0,1,0,-2.0771763,0.36005503
0,0,0,0,1,-0.1533277,-0.57621574
0,0,0,0,1,1.3057191,-0.30659634
0,0,0,0,1,0.08646345,0.3719014
0,0,0,0,1,-0.27126122,0.14407401
1,1,0,0,0,5.85825,0.2829187
1,1,0,1,0,6.020417,-0.0258264
0,0,0,0,1,0.1628058,0.2008873
0,1,0,0,0,5.1540933,-0.29352558
1,1,1,0,0,4.6688676,0.08598922
1,1,0,0,0,10.24675,-0.28234985
1,1,0,0,1,9.845959,-0.98239523
1,1,0,0,1,10.532779,-0.46035197
1,0,1,0,0,0.21972823,0.6848918
0,0,0,1,0,-2.8071594,0.22830476
0,0,0,0,1,1.1531975,0.12488914
0,1,0,1,0,4.3488574,0.07203565
1,1,0,0,0,4.151483,0.4938646
0,0,0,1,0,-4.170599,-0.7077385
0,0,0,1,1,-1.9815464,-0.35040247
0,0,0,1,1,-0.21790838,-0.086899795
0,0,0,0,1,-0.4056735,-0.7587937
0,0,0,0,1,0.5124335,-0.13331717
0,0,0,1,0,-2.813421,0.061332293
1,1,0,0,1,10.2686,0.26136193
0,1,0,0,0,5.6754785,-0.6212615
0,1,0,0,0,5.6225514,-0.64044106
1,1,1,0,1,-0.019301176,0.63157254
0,0,0,0,1,3.0997133,-0.8692558
0,0,0,0,1,-0.26097512,-0.16135588
0,1,0,0,0,5.1915975,-0.04015016
1,1,0,0,0,5.5528965,0.1043435
0,0,0,0,1,-0.16180348,-1.0533646
1,1,0,0,1,11.025318,0.36162773
1,1,0,0,1,11.103241,-1.0189584
0,0,0,0,0,-2.1243293,-0.0497071
0,0,0,0,1,-1.7051568,-0.042831846
0,0,0,0,1,-1.2731013,0.15198202
1,0,0,1,0,-0.10572934,0.27272776
0,0,0,1,0,-2.5720546,0.3021205
0,0,0,1,1,-1.4920888,-0.051281337
0,0,0,0,1,1.2952254,-1.4117173
0,0,0,1,0,-2.3120816,0.33547205
0,0,0,0,1,-2.1936493,0.3281513
0,0,0,0,1,0.33898592,-0.396672
0,0,0,1,0,-2.5830038,0.2903392
1,0,0,0,0,2.7421994,0.33123484
1,1,1,0,1,-0.0004966259,0.64722645
1,1,0,0,1,10.003313,-0.4360203
1,1,0,1,0,10.2311535,0.08839532
0,0,0,0,1,0.19729471,0.45898685
0,1,0,0,0,5.0880837,-0.2868481
0,0,0,1,1,3.6308494,-0.079544246
1,0,0,0,0,-0.46074176,0.33056384
0,0,0,0,1,1.8447342,0.047158737
0,0,0,0,1,-0.32853794,-0.016973771
0,0,0,1,0,-3.649315,-1.0858628
0,0,0,1,0,-3.625084,-1.0916251
0,0,0,0,0,-0.28210282,0.3510181
0,0,0,1,0,-2.6696258,-0.6821608
0,0,0,1,0,-1.5196629,-0.33177948
1,1,0,0,0,10.09781,-0.2896281
0,0,0,1,0,-4.19765,-0.5807548
0,0,0,1,0,-3.8832717,-0.55413496
0,0,0,1,0,-3.6787634,-0.3792333
0,0,0,0,1,1.0689151,-0.031504776
1,1,0,0,0,7.8587036,-0.16976944
0,0,0,1,1,-0.1991353,0.30976602
0,0,0,0,1,-0.4428649,-0.25786057
0,0,0,0,1,1.9766307,0.1677012
1,1,0,0,0,4.6828485,0.31885824
0,0,0,1,1,2.2187853,0.12389858
0,0,0,0,1,-1.737865,-0.8851297
1,0,0,1,0,-2.6815534,-0.6251273
1,1,0,0,0,10.811232,0.14181793
1,1,0,1,0,-4.5298367,-0.95179224
1,1,1,0,1,-1.1017087,0.52837914
1,0,0,1,0,-6.074965,-0.86252755
0,0,0,0,1,2.587059,-0.6087427
0,0,0,0,1,2.7929564,0.12440808
1,0,0,0,0,0.94902873,0.3551708
0,0,0,0,1,0.019279957,0.09803473
1,1,0,0,0,4.115092,0.44936845
0,1,0,0,0,4.1425824,-0.06747971
1,1,0,0,0,4.495393,0.31901407
0,0,1,0,0,-0.16557765,0.74137825
1,1,0,0,0,7.912226,-0.8368543
0,0,0,1,0,-3.2991915,-0.1940392
1,1,0,0,0,9.172281,-0.10696467
0,0,1,1,1,-0.8927574,-0.14945984
0,0,0,1,1,-0.5719993,-0.21782304
0,0,0,0,1,-0.4474795,-0.2915723
0,0,0,1,0,-3.6891098,-0.69116926
1,0,1,0,0,-0.058802366,0.6898654
1,0,0,0,0,0.76252913,0.3100994
0,0,0,1,0,-3.1485286,-0.5198078
0,0,0,1,0,-3.5483992,-0.20684724
0,0,0,1,0,-3.0766459,-0.12818943
0,0,0,0,1,-0.46106672,-0.47310793
0,0,0,1,1,1.2460938,-0.49665117
0,0,0,0,1,-1.4637575,0.30376744
0,0,0,0,1,0.7048991,-0.76780343
0,0,0,0,1,1.27004,-0.21770096
0,0,0,0,1,0.44114947,-0.1095551
0,0,0,0,1,2.3065362,0.23743829
0,0,0,1,0,3.2882705,-0.21553281
0,0,0,0,1,0.12998939,-0.4889179
1,1,0,0,0,4.2436633,0.2897363
0,0,1,0,1,-0.5733166,-0.01452599
0,0,0,0,0,-0.31219125,0.17526901
0,0,0,1,0,-2.5539048,-0.9503589
0,0,0,0,1,1.1368611,0.085600205
0,0,0,1,1,-1.375392,-0.20790242
1,1,0,0,0,4.540032,0.14095064
1,1,0,1,0,6.6916323,0.487902
0,0,0,0,1,-0.9810171,0.39266342
0,0,0,0,1,1.0507891,-0.6276794
0,0,0,0,1,2.2631621,-0.07467043
0,0,0,0,1,2.0925984,0.06193773
0,0,0,0,0,2.5047293,0.3091546
0,0,0,0,0,-2.1710165,-0.0665627
0,0,0,0,0,-1.7045181,-0.035103224
1,0,0,0,1,0.832603,0.8166898
0,0,0,1,1,0.5243566,-0.60911345
0,0,0,0,1,0.7908189,0.25632393
0,0,0,0,1,0.27325225,-0.108794354
0,0,0,0,1,0.7098582,0.14554323
0,0,0,0,1,-0.2717688,-0.06115157
1,0,0,0,1,-0.005737543,0.20265251
0,0,1,0,0,-0.69802976,0.66187704
0,0,0,0,1,2.7327518,0.24434693
0,1,0,0,0,7.224537,-0.7712754
0,0,0,1,1,0.22194839,0.06727619
0,0,0,0,1,-0.94963455,-0.0024991918
1,1,0,0,0,5.1037602,0.15220834
0,0,0,0,1,0.0540998,-0.24882883
0,0,0,0,1,0.3589368,-0.3815788
0,0,0,1,0,-1.3879814,-0.46710017
1,1,0,0,0,7.828791,0.016701398
0,0,0,1,0,-3.4360294,-0.2712977
0,0,0,0,0,-1.813931,0.4898696
0,0,0,0,1,1.3161795,-0.33003858
1,0,0,1,0,-6.074965,-0.961991
1,1,0,0,1,10.959551,-0.9123487
0,0,0,0,1,1.2541809,-1.0608971
1,0,0,0,1,-0.2991748,-0.11232354
0,0,0,0,1,0.1266818,0.035683
0,0,0,0,0,-0.82433796,0.08288338
0,0,0,0,1,-0.67388797,-0.059581805
1,1,0,0,1,10.381186,-0.9929871
0,0,0,0,1,-0.5908847,-0.0041746744
1,0,0,0,0,0.056209326,0.46173397
0,0,1,0,1,0.75488997,-0.09045612
1,0,0,1,0,-4.5298367,-0.9406647
1,0,0,1,0,0.22406697,0.38415378
1,0,0,1,0,-5.3689294,-0.7990343
0,0,0,0,1,0.57265186,0.08721451
1,1,0,0,1,10.374994,-0.80068463
0,0,0,0,0,-0.66786075,0.031132888
1,1,0,0,0,4.4007497,0.37355325
0,0,0,1,1,-0.15213418,-0.021814667
0,0,0,1,0,-1.3445075,-0.042830996
0,0,0,0,0,-0.5540612,0.45136446
0,0,0,0,0,-1.8725293,0.0759267
1,1,0,0,0,4.454207,0.10839912
0,0,0,0,0,-1.0133729,0.49402133
0,0,0,1,1,0.88069725,-0.56555384
0,0,0,0,0,-1.1009364,-0.046873327
0,0,0,1,0,-1.9092202,0.0860323
0,0,0,0,1,0.8959172,0.0063658925
0,0,0,0,0,2.934713,0.5219366
0,0,0,0,1,-0.24128342,0.09104706
0,0,0,0,1,-0.14314699,-0.30727488
0,0,0,0,1,0.14155364,-0.28656355
0,0,0,0,1,2.8154643,0.25473914
0,1,0,0,0,4.930447,-0.3570992
1,1,0,0,0,5.4446964,-0.43609098
1,1,0,0,0,8.757208,0.020971192
1,1,0,0,0,8.330595,0.27760538
0,0,0,0,1,-0.75057554,0.30351147
0,0,0,1,0,-3.5962267,-1.1223367
1,1,1,0,0,4.8580527,0.107167214
0,0,0,0,1,-0.16887236,-0.30701578
1,0,0,0,0,-0.52900934,0.8137066
0,0,1,0,0,-0.7885511,0.6054841
1,0,1,0,0,0.05550599,0.75957274
1,1,0,0,1,10.658173,-0.56697327
0,1,0,0,0,6.2750354,-0.064548224
1,1,0,0,0,9.931135,0.17995699
0,0,1,1,0,-1.9097018,-0.15810488
0,0,0,1,0,-2.932095,-0.82456213
1,1,0,0,1,10.386574,-0.84920746
1,1,0,0,0,6.7461944,-0.05353744
1,1,0,0,0,6.268622,0.07395615
0,0,0,0,1,-0.1678257,0.069934174
0,0,0,0,0,-0.46854424,0.15064079
0,0,0,0,1,0.90087533,-0.4113735
0,0,0,0,1,-0.53603077,-0.38156226
0,1,0,0,0,3.8946233,-0.8022137
0,0,0,0,0,-0.82200027,-0.37615207
0,0,0,1,0,-3.6409452,-0.30122977
0,0,0,1,0,-3.2889657,-0.26521787
0,0,0,0,1,-0.41236353,-0.35896105
0,0,0,1,1,-1.0577941,-0.30329868
1,0,0,1,0,-6.074965,-1.0013553
0,0,0,1,0,-3.0130546,-0.0018531969
0,0,0,0,1,-0.091299534,0.114500426
1,1,0,0,0,9.530745,0.34295014
0,0,0,0,0,-1.7619405,0.5776522
0,0,0,0,1,1.0809076,-0.0063658925
0,0,0,0,1,0.13564467,-0.327354
0,0,0,1,0,-2.5941768,0.32271677
0,0,0,0,1,0.5799134,-0.54377836
0,0,0,0,1,-1.3061743,0.18277976
0,0,0,0,1,-0.84689903,-0.2311866
0,1,0,0,0,4.4717517,-0.38030708
0,1,0,0,0,4.5416355,0.5530477
0,0,0,0,1,-0.088383675,0.45360503
0,0,0,0,0,-0.7449541,0.4449742
1,0,0,1,1,2.1420946,-0.3806352
1,1,0,0,0,6.392219,0.32690915
0,0,0,1,0,-2.7986262,-0.120803066
0,0,0,1,0,-2.8136077,0.4848282
1,0,1,0,0,0.040073633,0.62453586
0,0,0,0,1,-0.0010492802,-0.23867498
0,0,0,0,1,0.7607975,0.10927047
1,1,0,0,1,11.040459,0.07801563
0,0,0,1,0,-3.7770863,-0.20621465
0,0,0,0,1,-0.5172167,-0.40688255
1,1,0,0,0,8.191774,-0.031085849
0,0,0,0,1,0.5413673,0.07120088
1,1,0,0,0,9.755035,0.1799536
0,0,0,0,1,0.24825978,0.09236015
0,0,0,0,1,-1.3145647,-0.0705117
0,0,0,0,1,-1.8057737,0.3187184
1,1,0,1,0,-4.5298367,-1.1369447
0,0,0,1,0,-1.4335063,-0.25864506
0,0,0,0,1,0.35270238,0.098456785
1,1,0,0,0,4.2947726,0.25220764
1,0,1,0,0,0.16994882,0.609818
0,0,0,0,1,-0.4963708,-0.14126001
0,0,0,0,1,-0.8512511,-0.0069630225
0,0,0,0,1,-0.29073906,-0.067910306
0,0,0,0,1,-0.015224457,0.3489344
1,0,0,1,0,0.2799971,0.41996828
0,1,0,1,0,4.925978,-0.09954808
0,0,0,0,0,-0.5811801,0.48306793
0,0,0,0,1,-1.5054383,0.0038590364
0,0,0,0,1,-0.42266178,-0.065509535
1,1,0,0,0,7.6813693,-0.7338331
0,0,0,0,1,-1.620431,0.1043435
0,0,0,0,1,-0.69825935,0.48629996
0,0,0,0,1,-1.375818,-0.31118655
0,0,0,0,1,-0.8072934,-0.17141412
0,0,0,0,1,-0.61239195,0.14248964
0,0,0,0,0,-1.6209929,0.05219703
0,0,0,0,1,2.6571984,-0.30767316
0,0,0,0,1,-0.6329913,-0.9269287
0,0,0,0,1,0.46787,0.07373842
1,1,0,0,1,11.005453,-0.30833098
0,0,0,1,0,-3.4244897,-0.4827172
0,0,1,1,0,-2.882477,-0.24330035
0,0,0,1,0,-2.8752747,-0.2084251
1,0,1,0,0,0.74653745,0.55208886
0,0,0,0,1,-0.48597813,0.25884953
0,0,0,0,1,-0.16828704,0.019941015
0,0,0,0,1,-0.9291892,0.12332894
0,0,0,0,1,-0.6326618,-0.017145507
0,0,0,0,1,-0.55347395,-0.68980086
0,0,1,0,0,-0.76393366,0.5816877
0,1,0,0,0,7.0970817,-0.39631993
1,1,0,0,1,10.895016,-0.5179126
0,0,0,0,1,0.8717594,-0.05455802
1,0,0,1,0,-5.3689294,-0.44666818
0,0,0,0,0,-1.6069133,-0.029682787
0,0,0,0,1,-0.22853756,-0.79571575
0,0,0,0,1,0.8669288,-0.16296016
1,0,0,0,0,-0.09336591,0.41517642
0,1,0,0,0,5.2137723,-0.5111899
0,0,0,1,1,0.98847175,-0.22548483
0,0,0,0,1,0.36316824,-0.3846044
0,0,0,0,1,-0.970706,-0.2894771
1,1,0,0,0,10.121811,-1.1223367
1,1,0,0,0,8.36788,-0.36209345
1,1,0,0,0,8.790562,-0.19756722
1,1,0,0,0,10.476383,-0.32938907
1,1,0,0,0,10.669379,0.12939855
1,1,0,0,0,8.840813,0.18679851
0,0,0,0,1,-0.6660218,-0.08003526
0,0,0,0,1,0.018000841,0.110132456
0,0,0,1,0,-3.7674003,-0.9686282
0,0,0,1,1,0.13846302,-0.86334056
0,0,0,0,1,1.0807788,-0.10323317
0,0,0,0,1,0.73161244,-0.3898235
0,0,0,0,1,-1.9321079,-0.62718725
1,1,0,0,0,7.8916574,0.1470396
0,0,0,0,1,-0.4891436,0.044378113
0,0,0,1,1,-0.44215298,-0.75968957
0,0,0,1,0,-2.203771,-0.44415188
1,1,0,0,0,8.645699,0.07522962
0,0,0,0,1,0.8180361,-0.9139605
0,0,0,0,1,0.6472857,0.27997103
0,0,0,0,1,-1.4862733,-1.0135678
0,0,0,0,0,0.02700305,0.41209453
0,0,0,0,1,-2.0361958,0.1260933
0,0,0,0,1,-0.8599434,-0.8287518
0,0,0,0,1,-1.0440674,0.16985738
0,0,0,0,1,0.0004966259,0.17727044
0,0,0,1,0,-1.3294847,0.33317417
0,1,0,1,0,5.866594,-0.3294404
0,0,0,0,1,0.93588567,0.13972783
0,0,0,0,1,0.9989438,-0.109117
0,0,0,0,1,0.31264877,0.40983656
0,0,0,0,1,-0.35720658,-0.16122231
0,0,0,0,1,1.2028811,-0.77641463
0,0,0,0,1,-0.46946335,-0.35430586
0,0,0,1,0,-2.3708005,-0.05320738
0,1,0,0,0,5.6104617,-0.014417334
0,0,0,0,1,0.89871097,-0.39656094
0,0,0,0,1,0.007927895,0.17995699
0,0,1,0,0,-0.739197,0.73305684
1,1,0,0,1,10.3364525,-0.26191097
0,0,0,0,1,0.6160066,-0.19338903
1,1,0,0,0,8.305946,0.3021205
1,0,0,1,1,11.080528,-1.1183842
0,0,0,0,1,-1.2145772,-0.9379364
0,0,0,0,1,0.967016,-1.2108346
0,0,0,0,1,1.1795385,-0.6481168
1,0,1,0,0,0.9009831,0.5074526
0,0,0,1,0,-1.762502,-1.3131897
1,1,0,0,0,7.681004,-0.20200767
1,1,0,0,0,8.115544,-0.05391911
0,0,0,0,1,0.49591923,-0.26012966
0,0,0,0,1,0.3339944,-0.45638543
0,0,0,0,1,0.6399903,0.15054956
1,1,0,0,0,6.895758,0.0119357025
0,0,0,0,0,3.5537534,0.5399378
0,0,0,1,0,-3.1690056,-0.037695464
0,0,0,0,1,0.07515669,0.103153005
0,0,0,1,0,-3.0107973,-0.3511332
0,0,0,1,0,-2.3520832,-0.32774523
0,0,0,0,1,-0.07139206,-0.86054975
0,0,0,0,1,-0.27199268,-0.5931669
0,0,0,1,0,-3.6830494,0.15603074
0,1,0,0,0,7.1987176,-0.25286785
0,1,0,0,0,6.863441,-0.87891465
1,0,1,1,0,0.7701638,0.5593275
0,0,0,0,1,-0.49048352,0.045356322
1,0,0,0,0,-1.2319453,0.22159387
0,0,1,0,1,0.7693021,-0.35534015
0,0,0,0,1,3.5968466,-0.1034922
0,0,0,0,1,0.4980743,-0.175075
0,0,0,1,0,-3.2726915,0.28671643
0,0,0,0,1,0.052622795,-1.0297194
0,0,0,0,1,-1.1888466,0.1043435
0,0,0,0,0,-2.2295868,0.31192234
0,0,0,1,0,-0.4459145,0.11399425
0,0,0,0,1,0.26116347,0.235613
0,0,0,1,0,-2.9703832,0.037249528
1,0,0,1,0,-5.3689294,-0.8676178
0,0,0,0,1,-1.6420817,0.46831596
1,0,0,0,0,0.9227388,0.39989972
0,0,1,0,0,-1.0905886,0.67417496
1,1,0,0,0,5.126159,0.48203886
0,0,0,1,0,-3.7207496,-0.34554458
0,0,0,0,1,-0.1409545,-0.78068894
0,0,0,1,1,-0.12700438,-1.3515317
1,1,0,0,0,9.345959,0.31258917
0,0,0,0,0,-0.3777635,0.28005695
1,1,0,1,1,11.021904,0.03211293
0,0,0,0,1,0.7423928,-0.039987393
0,0,0,0,0,-0.9146342,0.5840953
0,0,0,0,1,-0.8468704,-0.52551514
1,0,1,0,0,0.2244637,0.76767725
0,0,0,1,0,-0.84584236,0.52068913
0,0,0,0,1,-0.12966204,0.22285938
0,0,0,0,1,0.99043393,-1.4727793
0,0,0,0,1,1.8622189,-0.69872946
1,1,0,0,0,9.918425,-0.01790348
0,0,0,1,0,-2.2859297,0.40897903
0,0,0,0,1,-0.15063977,-0.055127457
0,0,0,0,1,-0.7701731,-0.008691631
0,0,0,0,1,-0.08249521,-0.36209345
0,0,0,0,1,-0.07735348,0.23201308
0,0,0,0,0,-1.7758014,0.6329573
0,0,0,0,0,-2.3995364,0.12185087
1,0,0,0,0,0.5820253,0.39171204
0,0,0,0,0,-0.59331894,0.41981888
0,0,0,0,1,-1.0147586,-0.9561731
1,0,1,0,0,0.30682397,0.589977
0,0,0,0,1,-1.1732359,0.046675544
0,0,0,0,1,-0.974895,-0.61052155
1,1,0,0,0,6.270743,0.2596165
0,0,0,0,0,3.3681436,0.09007278
0,1,0,0,0,3.8766308,0.1202795
1,1,0,1,1,11.020569,-0.30570227
0,0,0,0,1,-0.25895238,-0.20643933
1,1,0,0,0,7.1043086,0.16844937
0,0,0,0,1,-0.04693985,0.21448651
0,0,0,0,1,-0.1471672,0.5672995
1,0,0,1,0,0.08791304,0.59475607
1,1,0,1,0,9.110689,0.059815533
0,0,1,0,0,-1.738208,0.05084327
1,0,0,0,0,0.5915177,0.4115167
0,0,1,0,0,-0.8841014,0.49561357
1,1,0,0,0,9.748289,-0.082883246
0,0,0,1,1,0.6121752,0.13784313
1,1,1,0,1,-0.21688199,0.55182165
0,0,0,0,1,-0.03357005,0.10713338
0,0,0,0,0,-0.80831885,0.39122418
0,1,0,0,0,7.0359535,-0.8239773
1,0,0,1,0,-4.526122,-0.8692468
0,0,0,0,1,1.009278,-0.0059451186
0,1,0,0,0,3.8790789,-0.0029963846
0,1,0,0,0,4.456662,-0.07265252
0,0,0,0,1,-0.25191545,0.10982761
0,0,0,0,1,0.8735759,-0.12614216
1,1,0,0,0,9.018123,0.5808057
0,0,0,1,0,-2.9463038,-0.23153304
1,1,0,0,0,8.911958,-0.22235292
1,1,0,0,0,8.941368,-0.09833055
1,0,0,1,1,-3.6264732,-1.037967
1,0,0,0,0,0.10542798,0.42673254
0,0,0,0,1,-0.71368504,-0.5557147
0,0,1,0,0,-0.8564148,0.6256476
1,1,0,0,0,10.340039,0.1623331
1,1,0,0,0,8.255721,-0.02608682
1,1,0,0,0,8.582649,0.0056467415
0,0,0,1,0,-2.9239573,-0.09619234
0,0,0,0,1,0.90987206,0.1445088
0,0,0,1,1,0.25526547,-0.08041788
0,0,0,0,1,-0.15112185,0.077044174
0,0,0,0,1,0.08445573,-0.044539887
0,0,0,0,1,-0.108802795,0.3215217
0,0,0,0,1,0.6137037,0.18525596
0,0,0,0,1,2.7343194,0.16751531
1,0,1,0,0,-0.07457423,0.6026954
0,1,0,0,0,4.57156,0.027876347
1,1,0,0,0,4.9698687,0.10314607
0,0,0,1,0,-3.627993,-0.39933053
0,0,0,0,0,-2.1978476,0.0852234
0,0,0,1,0,-2.2353156,-0.87141865
0,0,0,0,0,-2.1477942,0.17479779
0,0,0,0,1,0.026024103,-0.051571745
0,0,0,0,1,-0.13039589,0.15629718
0,0,0,0,1,-0.39552402,0.34998122
0,0,0,0,1,1.6423132,-0.85001546
0,0,0,0,0,-0.35407996,0.38504794
0,0,0,1,0,-2.1129045,-0.21161124
0,0,0,1,0,-2.1367002,0.018176027
0,0,0,1,0,-2.1557155,0.6478988
1,1,0,1,1,-4.1410193,-1.0291257
1,1,0,0,0,6.9358015,0.7150224
0,0,0,1,0,-2.4361722,-0.20751686
0,0,0,0,1,0.5141156,-1.4304607
0,0,0,1,0,-3.9533978,-0.8568079
0,0,0,0,1,-0.8996067,0.05215869
0,0,0,0,1,1.2238293,-0.046978246
0,0,0,0,1,1.574045,0.12811558
0,0,0,1,0,-3.033067,-1.0115566
1,1,0,0,0,9.875729,0.45052508
1,1,0,1,0,7.5831547,0.1442681
0,0,0,0,1,-0.3469596,-0.06722364
1,1,0,0,1,10.458457,-0.6564394
0,0,0,0,1,0.55449796,0.11804467
0,0,0,0,1,2.6868541,-0.87145555
1,1,0,0,0,7.711178,-0.062787466
0,0,0,1,1,0.901294,-0.22224255
0,0,0,0,1,-0.28285408,0.03673095
0,0,0,1,0,-3.980702,-0.50701153
1,0,0,0,0,0.39295888,0.36836436
0,0,0,0,1,-1.8536968,-0.5017545
1,0,1,0,0,0.07910466,0.49469954
0,0,0,0,1,-0.4312508,-0.104185365
0,0,0,0,1,-0.069520235,0.113464944
0,1,0,0,0,6.7944336,-0.0060144616
0,0,0,0,1,-0.23255444,-0.36650646
0,0,0,0,0,0.12519717,0.30842504
1,1,0,0,1,10.802878,0.24035521
0,0,0,0,1,0.16027379,-0.779153
0,0,0,1,0,-3.1141505,-0.012601045
1,0,0,0,0,3.4061604,0.39454326
1,0,1,0,0,0.14842916,0.6095317
0,0,0,0,1,2.8447895,0.26400125
0,0,0,0,1,-0.97938395,0.17190388
0,0,0,0,1,-0.08904672,0.19951569
1,1,0,0,0,7.3188705,0.17762816
0,0,0,0,1,0.33012557,-0.059736993
0,1,0,0,0,4.5251837,0.13090456
1,1,0,0,0,10.138395,-0.2338413
1,1,0,0,0,10.286424,0.5432786
0,0,0,0,1,2.984574,-0.012065379
0,0,0,1,1,-0.63234854,0.42988572
1,1,0,0,0,8.068018,-0.28170344
0,1,0,0,0,7.988695,0.10935183
0,0,1,0,1,2.1720443,0.06595201
0,0,0,0,0,-1.922591,-0.55010533
0,0,0,0,0,-1.7584729,0.6754502
1,1,0,0,1,10.732505,-0.5153798
0,0,0,0,1,-0.39456105,-0.80815625
0,0,0,0,1,0.7786553,-0.7519749
0,0,0,0,1,-0.54331374,0.19821464
0,0,0,0,1,-1.0518565,-0.014078464
0,0,0,0,1,0.5552447,-0.0022953392
0,0,0,0,1,0.8141289,-0.5166231
0,0,0,1,0,-2.1031697,0.44387156
0,0,0,0,1,-0.25772738,-0.23259698
0,0,0,0,1,-0.672163,-0.14947698
0,0,0,0,1,0.78931,0.09328367
0,0,0,1,0,-3.4573712,-0.74416196
0,0,0,0,1,3.2488852,-0.5936791
0,0,0,0,1,-0.7702682,-0.22094133
0,0,0,1,0,-1.4157982,0.13372311
0,0,0,0,0,-2.434653,-0.61123395
0,0,0,1,0,-2.4267232,0.06690256
0,0,0,0,1,0.40798688,-1.1127808
1,1,0,0,0,4.500807,0.21783856
0,0,0,0,1,0.13487148,-0.3403019
0,0,0,0,1,-1.3399787,-0.20017086
0,1,0,0,0,6.1020184,-0.6170189
0,0,0,0,1,2.1493058,-1.0431447
0,0,0,0,1,0.0016329288,-0.10301165
0,0,0,0,1,-0.2099495,0.17221342
0,0,0,0,1,1.2707059,-1.0883108
0,0,0,0,1,-0.553005,0.015401137
0,0,0,1,1,-1.3657622,0.19351137
0,0,0,1,1,3.100748,0.0014965093
0,0,0,0,1,1.0318558,-0.54592735
0,0,0,0,1,1.4216847,0.08888138
1,1,0,1,0,7.603096,-0.09464015
0,0,0,1,1,-1.0530405,0.36814666
0,0,0,0,1,0.009303331,-0.43127212
0,0,0,0,1,0.28153014,-0.9494627
0,0,1,0,1,1.1503925,0.9894629
0,0,0,0,0,-0.8589487,0.35328045
0,0,0,0,0,-0.8287585,-0.03624881
1,1,0,0,0,6.520241,0.095401995
0,0,0,1,1,1.0733335,-0.56101847
0,0,0,0,0,3.4413936,0.1416772
0,0,0,0,1,-0.40379643,0.47932956
0,0,0,0,1,0.6635082,0.071951516
0,0,0,1,0,-3.2246728,-0.78978735
0,0,0,0,1,1.0144894,-0.30591503
0,0,0,0,0,-0.1292994,0.34299526
0,0,0,0,1,-0.2637503,-0.48185483
1,1,0,0,1,10.866317,0.05042107
0,0,0,0,0,-0.3259871,0.24037603
0,0,0,0,1,2.0294993,-0.7080728
0,0,0,0,0,2.1248467,-0.059509594
0,1,0,0,0,8.055254,0.36647162
1,1,0,1,0,-4.526122,-1.0269381
0,0,0,0,1,-0.32734346,0.29868135
0,0,0,1,0,-2.5013356,-0.12299167
0,0,0,1,0,-2.6889014,0.34799546
0,0,0,1,0,-1.2603827,0.39743447
0,0,0,0,1,0.50598407,-0.32648885
0,0,0,0,1,-0.68936825,0.09555313
0,0,0,0,1,0.4136088,0.04584645
0,0,0,0,1,0.8917887,0.08011394
0,0,0,1,0,-3.7386048,-1.0332004
0,0,0,0,0,3.667588,-0.10340274
0,1,0,0,0,7.7800694,-0.20505786
1,0,0,0,0,-0.102204084,0.35034183
0,0,0,0,1,0.167377,-0.7445243
1,0,1,0,0,0.0991652,0.717242
1,0,0,0,0,0.6965368,0.30123845
0,0,0,0,1,-0.20224619,0.487697
0,1,0,0,0,7.0976467,-0.5153798
0,0,0,0,1,-0.020675182,0.008610444
0,0,0,0,1,0.10255742,0.22940265
0,0,0,1,0,-3.5963686,-0.36680412
0,1,0,0,0,6.5996046,-0.7497455
1,1,0,0,0,6.6123,0.18773365
1,1,0,0,0,9.663863,-0.2069612
0,0,0,0,0,-2.2961636,0.49783954
1,1,0,0,0,6.8558044,0.10667437
1,0,0,1,1,4.053212,0.10203052
0,0,0,0,1,-0.32491922,-0.7637555
1,0,0,0,0,0.7266457,0.3255115
0,1,0,0,0,4.1421356,-0.6659179
1,1,0,0,1,10.071628,-0.50204587
0,0,0,1,0,-3.433548,-0.30153412
1,0,1,0,0,-0.055101156,0.54159063
0,0,0,0,0,3.9059744,-0.20771499
0,1,0,0,0,4.124426,0.18290934
0,0,0,1,0,-3.5729065,-0.8988176
0,0,0,1,0,-3.4083812,-0.576109
0,0,0,1,0,-3.6911702,-0.29937047
0,0,0,0,1,-0.1765387,-0.317914
0,0,0,0,1,1.106591,-0.2067443
0,0,0,0,0,4.209325,-0.15684135
0,1,0,0,0,4.4579706,-0.09833055
0,1,0,0,0,4.7845955,-0.04136777
0,0,0,0,1,-0.6917801,-0.5117672
1,0,0,1,0,-4.526122,-0.8621185
0,0,0,0,0,-0.49064088,0.072073
0,1,0,0,0,5.257682,0.08223816
0,0,0,1,0,-1.8009326,-0.18225032
0,1,0,0,0,3.974638,0.20532516
0,0,0,0,1,1.0175986,0.06532915
0,0,0,0,1,1.156965,0.41935995
0,0,0,0,1,-0.8589511,-0.63522226
0,0,0,0,0,-0.7128594,0.40981168
1,1,0,0,1,10.4149475,-0.9080958
1,0,1,0,0,0.04546237,0.64937264
0,1,0,0,0,6.8946714,-0.47902212
1,1,0,0,0,7.064907,0.21977565
1,0,1,0,0,-0.07063842,0.47697315
0,0,1,0,1,-0.64156723,0.068128966
0,0,0,0,1,-0.37218595,0.3008229
0,0,1,0,1,-0.08760357,-0.014617016
1,0,0,1,0,-3.8402472,-0.7293641
0,0,1,0,1,-0.36019206,0.048706237
0,0,0,0,1,0.06157756,-0.037693817
0,0,0,0,1,0.43393922,-0.16101217
0,1,0,0,0,8.076295,0.6284102
0,0,0,1,0,-3.07897,-0.08988648
0,0,0,0,1,0.53007054,0.0059451186
1,1,0,0,1,10.801455,-0.6412524
0,0,0,0,0,4.066125,-0.2803019
1,0,1,0,0,1.1563032,0.46641296
1,1,0,0,0,6.1342907,0.2583667
0,0,0,0,1,3.3724372,-0.22291167
0,0,0,0,0,-1.8895891,0.009928402
0,0,0,0,1,-1.2146697,0.34220538
1,1,0,0,0,5.265278,0.40546516
1,0,0,1,0,-4.526122,-0.90091306
0,0,0,0,0,-0.34865737,0.21797399
0,0,0,0,1,-0.1276071,-0.7629414
0,0,0,0,1,0.1945703,0.18876758
0,0,0,0,1,-1.1978202,0.12117883
0,0,0,0,1,0.97716403,-0.23774673
0,1,0,0,0,4.095792,0.009763752
0,0,0,0,1,-0.8562994,-0.7155155
1,1,0,0,0,9.38666,0.05573673
1,1,0,0,0,9.224682,0.1061742
0,1,0,0,0,7.8054934,0.37633523
0,0,0,0,1,0.69387794,-0.25529104
0,0,1,0,0,-0.8286214,0.64937264
0,0,0,0,1,2.2752643,-0.08516777
0,0,0,0,1,-0.35249043,0.46600607
0,0,0,0,1,0.6359694,-0.52295053
0,0,0,0,1,0.93901753,-0.34537432
1,0,0,1,1,0.43672347,-0.4613999
0,0,0,1,0,-3.6973448,-0.6157417
0,0,0,0,1,-0.045395613,0.009828151
0,0,0,0,1,-0.0050930977,0.27436605
1,1,0,0,0,7.680478,-0.0014965093
0,0,0,1,0,-2.4607713,0.08152535
0,0,1,0,1,-0.019450188,-0.08988648
0,0,0,0,1,-0.0016329288,0.1889136
0,0,0,0,1,0.4691918,-0.31747246
1,0,0,0,0,0.02441144,0.40016633
0,1,0,0,0,3.9945908,-0.055906095
0,1,0,0,0,4.0534983,0.15218358
0,0,0,1,0,-1.8082876,0.20383365
0,0,0,0,1,0.5398929,-0.24196759
0,0,0,0,1,-0.19928956,0.14884569
0,1,0,0,0,7.3315706,-0.20914869
0,1,0,0,0,7.4938927,-0.29796398
1,1,0,0,0,7.5881214,0.018236522
0,0,0,1,0,-2.4486434,-0.6878701
0,0,0,0,1,0.19687629,0.1991047
0,0,0,0,1,0.71608233,-0.13775386
0,0,0,1,1,3.27684,0.024219383
0,0,0,0,1,3.4897184,-0.056606866
0,0,0,1,0,-2.6422162,-0.0065468955
0,0,0,1,0,-2.6429842,0.16067685
0,0,0,0,1,-0.42962146,-0.40071446
0,0,0,0,0,-0.72909117,0.08415953
0,0,0,0,1,-1.1160662,0.14808552
0,0,0,0,1,-0.116232395,-0.23802996
0,0,0,1,0,-2.6374557,0.37701976
0,0,0,1,0,-3.723499,-0.6005663
0,0,0,1,1,0.15237665,0.11944556
0,0,1,0,1,-1.2664821,0.028856575
0,0,0,0,0,-0.1523025,0.31829125
0,0,0,0,1,-0.4388547,-0.967761
0,1,0,0,0,6.618889,-0.9041544
1,0,0,1,1,0.99853873,0.17421894
0,1,0,0,0,3.97369,0.75207365
1,1,0,0,1,10.424235,-0.03737403
0,0,0,1,1,0.15987492,0.3284262
1,0,0,1,0,-3.8140998,-0.91156185
0,0,0,0,1,-0.091638565,0.23402031
1,1,0,0,1,10.6811075,-0.11857694
0,0,0,0,1,-0.37322927,0.11342323
1,1,0,1,1,-4.526122,-1.2871808
0,0,0,1,0,-2.863658,-1.0292302
0,0,0,0,0,-0.22426248,0.25109997
0,0,0,0,1,0.0,0.042611226
0,0,0,0,0,-2.0076814,0.3034305
0,0,0,0,0,-0.79877186,0.67700267
0,0,0,0,1,-1.1315701,-0.0003527337
1,1,0,0,0,3.9432065,0.38874772
0,0,0,0,0,-1.9926145,0.40035397
0,0,0,0,0,-2.1671178,0.38327298
0,0,0,0,1,0.6761837,-0.2741382
0,1,0,0,0,4.082858,0.51682425
1,0,0,1,0,-2.1844647,0.26858783
0,1,0,0,0,4.6945267,0.060728423
1,1,0,0,0,4.792364,0.28746083
1,0,0,1,0,-3.739741,-0.28182295
0,0,0,0,1,1.6351831,-1.1988444
0,0,0,0,1,-0.21793413,0.22076948
0,0,0,0,1,-0.68245125,-0.19570808
1,1,0,1,0,9.86426,0.3459772
0,0,1,1,0,-0.67884564,0.49769962
1,0,0,1,0,-0.32202935,0.03377282
0,0,0,1,1,-0.26423764,-0.35418895
0,0,0,0,1,-1.021877,0.0003527337
0,0,0,0,1,0.08409619,0.1387708
1,1,0,0,0,9.386115,0.5218755
1,1,0,0,0,6.4388723,0.11093687
0,1,0,0,0,5.818492,-0.70082426
0,0,0,0,1,-0.08172178,-0.14730224
0,0,0,0,1,0.41762686,-0.61021686
0,0,0,0,1,-0.2244618,0.071459025
0,0,0,1,0,-2.7046463,0.26425663
0,0,0,0,1,-1.0721178,-0.120550126
0,0,0,0,1,-1.1131241,0.19835928
0,0,0,0,1,2.279678,-1.0345699
0,0,0,0,1,0.059674263,-0.5154372
0,0,0,0,1,1.0044644,-0.53270155
0,0,0,0,1,0.10083628,-0.6457346
1,1,0,0,0,10.128281,0.1900799
0,0,0,1,0,-2.2739918,-0.056257837
0,0,0,0,1,-0.9823606,-0.8643142
0,0,0,0,1,0.7713988,-0.3361868
0,0,0,1,1,0.6603279,-0.076155454
0,0,0,0,1,-0.18960524,-0.27554578
0,0,0,0,1,-0.35734558,-0.23342122
0,0,0,0,1,0.12940407,-0.19518037
0,0,0,0,1,-0.11157203,-0.07809877
0,0,0,0,1,-1.686158,-0.30559576
0,0,0,0,0,-1.9165123,0.4795141
1,1,0,0,1,10.7476015,-0.07849085
1,1,0,0,1,10.658423,-0.04527776
0,0,0,0,1,1.4073918,-0.6819979
0,0,0,0,1,-0.16070843,-0.09957488
0,0,0,0,1,1.4969957,-0.72618
0,1,0,0,0,4.6884375,0.033359345
0,0,0,0,0,-1.9191413,0.28585246
0,0,0,0,1,-0.48381758,-0.124120556
0,0,0,0,0,-0.46250415,-0.012865561
0,1,0,0,0,5.398654,-0.14389306
1,1,0,0,0,5.2956247,0.21072109
0,0,1,0,0,-0.5892544,0.5497838
0,0,0,0,0,0.16517949,0.28927848
1,1,1,0,1,-0.15637279,0.54264957
0,0,0,0,0,-0.1953299,0.25168315
0,0,0,0,1,0.6742842,0.1851102
0,0,0,1,0,-3.4347427,-0.617101
0,0,0,1,0,-3.688748,-0.27043068
0,0,0,0,1,0.37222075,0.13811791
0,0,0,1,1,-0.04036045,0.17595614
0,0,0,0,0,-1.8136272,-0.23784088
0,1,0,1,0,4.1681547,-0.5849335
0,0,0,0,0,-1.9102099,0.031765293
1,1,0,0,0,6.8348436,0.46339417
1,1,0,0,1,10.684656,-0.686621
0,0,0,0,1,0.57923436,-0.31233558
0,0,0,0,1,0.9045062,0.3640482
0,0,0,0,0,-0.57388353,0.24608745
0,0,0,1,1,0.30594087,-0.124321
0,0,0,0,0,0.45459962,0.25799283
0,0,0,0,1,1.2399104,-1.4762772
0,0,0,0,1,-0.22390938,0.2650223
1,0,1,0,0,0.1516254,0.49724367
0,0,0,1,1,-0.28655553,0.5199899
0,0,1,0,1,-0.7090373,0.0833179
0,0,0,0,1,0.34388232,0.0082850475
1,1,0,0,1,10.80029,-0.8210399
0,0,0,0,1,-0.8320136,0.28146923
0,0,0,0,1,1.631603,-0.06465604
1,0,0,1,0,-4.526122,-0.5617696
1,0,1,0,0,0.16383052,0.50211805
1,1,0,0,0,9.57448,0.47141713
0,0,0,0,0,-1.752315,-0.22526473
0,0,0,0,0,-0.22824407,0.26582438
0,0,0,0,1,-0.26735806,0.46436614
1,0,1,0,0,0.2754104,0.49854583
1,0,0,0,0,3.6981857,0.49094686
0,0,0,0,1,-0.43485522,-0.16761535
0,0,0,0,1,2.66438,-0.040031362
0,0,1,0,1,1.1597381,0.054208357
0,0,0,0,0,-1.698514,0.17539819
0,0,1,0,0,-0.7306328,0.5535475
1,1,0,0,1,10.680118,-0.66394794
1,0,0,0,0,3.6520023,0.32510775
0,0,0,0,1,-0.3381176,-0.8551146
0,0,0,0,1,-0.89468217,0.17272249
0,0,0,0,1,-0.26151276,-0.13224295
1,0,0,0,0,-0.062047243,0.36040273
0,0,0,0,1,-1.2268748,0.2677538
0,0,0,0,1,-0.27645326,0.2179804
0,0,0,0,1,0.019450188,0.43614048
0,0,0,0,1,0.8908131,0.020218236
0,0,0,0,0,-0.5847366,0.1380246
0,0,0,1,1,-0.66668534,-0.37750867
0,1,0,0,0,6.498597,-0.29841605
0,0,0,0,1,1.4683225,-0.11421791
0,0,0,0,1,1.1469555,0.48137477
1,1,0,1,1,-0.93468857,-0.23422036
1,0,0,1,0,-5.5245314,-1.0290864
0,0,0,0,0,2.888342,0.431183
0,0,0,0,1,0.24240208,0.31547314
1,0,0,1,0,-5.5245314,-1.0216686
0,0,0,0,0,-1.6346288,0.59879375
0,0,0,0,1,-0.075452566,0.1621309
0,0,1,0,1,-0.5779669,0.09113286
0,0,0,0,1,-1.3062418,0.12142139
0,0,0,0,1,0.13633943,0.036151923
0,0,0,0,0,-1.2952628,-0.6492764
0,0,0,0,0,-0.36173892,0.39281654
1,0,1,0,0,0.13547778,0.6369291
0,0,1,0,0,-0.7233417,0.60222626
0,0,0,0,1,0.99466586,-1.4739358
0,0,0,1,0,-3.922377,-0.9899239
1,0,1,0,0,0.09180856,0.46708465
1,1,1,0,1,-0.99398327,0.57143074
1,0,1,0,0,-0.008136988,0.5162808
1,1,0,0,0,9.450506,-1.031102
1,0,0,1,0,-0.032188177,0.4053935
0,0,0,0,1,-1.6094828,-0.053973727
0,0,0,0,1,-1.4538882,0.17731203
1,0,0,0,0,3.539425,0.36704776
0,0,0,0,0,-0.8941796,0.11059193
0,0,0,0,0,-1.9598882,0.22666357
0,0,0,0,1,0.30596972,-0.0494211
0,0,0,0,1,0.36660075,0.19095561
0,0,0,0,1,3.0366209,-0.8992411
0,0,1,1,0,-0.85292983,0.61707324
0,0,0,1,0,-2.4042528,-0.18338026
0,0,0,1,0,-2.3633816,-0.025267897
0,1,0,0,0,4.2726145,0.052060258
1,1,0,0,0,4.0634794,0.31249985
0,0,0,0,0,-0.797693,-0.33573714
0,0,0,0,1,-1.7182243,-0.32688862
0,0,0,0,1,-1.2821441,-0.0669599
1,0,0,0,0,-0.03735566,0.21036479
0,0,0,1,0,-3.7005363,-0.96962583
0,0,0,1,1,-0.2908275,-1.2149594
0,0,0,0,1,1.8745482,-0.10889403
0,0,0,0,1,1.8037868,-0.088186435
0,0,0,0,1,-1.1665819,0.48846105
0,0,0,1,0,-2.32818,0.10577725
0,0,0,0,0,-2.261485,0.38359338
0,0,0,0,1,0.9910643,-0.63785934
0,0,0,0,0,-2.2557352,0.33830076
0,0,0,0,1,0.8925173,-0.73708963
0,0,0,1,1,-1.3417847,0.2727565
0,0,0,1,0,-2.3613086,-0.9101859
0,0,0,1,0,-2.6722174,-1.0505469
0,0,0,0,1,0.75234437,-0.27582678
0,0,0,0,1,-0.6340413,-0.57325906
0,0,1,0,0,-0.8816018,0.55925846
1,0,0,0,0,0.22689939,0.37963977
0,0,0,1,0,-3.2678857,-0.686621
0,0,0,1,0,-2.2633696,0.71762186
1,1,0,0,1,10.644019,-0.046755135
0,0,0,0,1,3.3835258,-0.004498513
0,0,0,0,1,1.2436149,-0.6478421
0,0,0,0,1,2.0561,0.27555475
1,1,0,1,0,6.979207,0.28909555
0,1,0,0,0,8.454302,0.22414185
0,0,0,0,1,-1.1790843,-0.14389306
1,1,0,0,0,9.049048,0.4098061
0,0,0,1,1,-0.36095905,0.04709539
0,1,0,1,0,7.180398,-0.5388453
1,1,0,0,0,7.4384575,0.029295905
0,0,0,1,0,-3.6401954,-0.6727372
0,0,0,0,1,1.0578516,-0.29852423
0,0,0,1,0,-1.4915802,-0.8644042
0,0,0,0,1,-0.9265101,0.027656404
0,0,0,0,1,0.4630041,-0.45987767
1,1,1,0,1,-1.1320348,0.5720355
0,0,0,0,1,0.8615186,-1.1649666
1,1,0,0,1,10.661113,-1.0296193
1,1,0,0,1,10.82909,-0.96357787
0,0,0,0,1,-1.3034871,0.17227723
1,0,0,1,0,-2.6867285,-0.32278377
0,0,0,0,1,-0.80525994,0.30173635
0,0,0,0,1,0.12276816,0.112795316
0,0,1,0,1,-1.0755944,-0.07114381
0,0,0,0,1,-1.0876958,0.2510401
1,0,0,0,0,0.5268035,0.68580514
0,0,0,0,1,-0.4332745,0.4051124
0,0,0,0,1,0.5896642,-0.11718977
0,0,0,0,1,-0.17082119,0.111147985
0,0,0,0,1,-1.0212002,0.01157341
0,0,0,1,0,-2.4466736,-0.8800355
0,0,1,0,0,-0.81134605,0.43356043
0,0,0,1,1,-1.2118616,-0.20078044
0,0,0,0,1,1.0748041,-0.036582086
0,0,0,1,1,-0.7188988,0.023175795
0,0,0,0,1,-0.37661576,0.19139265
1,0,1,0,0,-0.27294183,0.4911662
0,0,0,0,1,2.5285807,-0.8830118
0,0,0,0,1,2.9427927,-0.52563184
0,0,0,0,1,-0.6428168,-0.68751925
0,0,0,0,1,-1.0391448,0.27289075
0,0,0,1,0,-3.0040054,0.09722273
0,0,0,0,1,0.17414522,-0.59175843
0,0,0,0,0,-2.0516365,0.3346188
0,0,0,0,1,-1.2697165,0.14899765
1,1,0,1,1,-4.526122,-1.4913932
0,0,0,1,1,0.40032196,-0.5659115
1,1,0,0,0,10.638846,0.19296312
1,1,0,1,0,7.0312853,0.25186303
0,0,0,0,1,-0.7062721,0.49672714
0,0,0,0,1,-0.117050886,-0.19883962
0,0,0,0,1,-1.2600944,-0.14861044
0,0,1,0,0,-1.8714964,-0.056961693
0,0,0,0,0,-0.25486732,0.32674843
0,0,0,0,0,-1.9975295,-0.931199
0,0,0,1,0,-3.3440633,-0.49276507
0,0,0,1,0,-3.1879628,-0.84641343
1,1,0,0,0,3.9004505,0.6016042
1,0,0,0,0,-0.025753736,0.23970194
1,1,0,0,0,8.546373,-0.19189094
0,1,0,1,0,8.324359,0.77459097
0,0,0,1,0,-3.2592742,0.01714628
0,0,0,0,1,-0.17965865,-0.2545999
0,0,0,0,0,4.1543417,-0.48629683
1,1,0,0,0,9.621499,0.14519161
1,1,0,0,0,9.492702,0.5072802
1,0,1,0,0,-0.042153597,0.61330956
0,0,0,0,1,-1.3688087,-0.040204447
0,0,0,0,1,-1.4514492,0.34375235
1,0,0,1,0,-0.2757275,0.41116172
0,0,0,1,0,-2.201002,-0.41054854
0,0,0,0,1,-0.12289262,-0.20473778
1,0,1,0,0,1.0009224,0.6017569
0,1,1,0,0,6.6792517,0.015053733
1,0,0,0,1,-0.22459197,0.608442
0,0,0,1,0,-2.0309203,-0.22666703
0,0,0,0,1,-0.08406997,0.37332574
0,0,0,0,1,-0.42099166,-0.14779228
0,0,0,0,1,1.0744936,-0.23503302
1,1,1,0,0,7.8344564,0.02153256
0,1,0,0,0,6.68239,-0.82357395
1,1,0,0,1,10.082358,-0.95342547
1,1,0,0,0,7.765441,-0.85390395
0,0,0,0,1,-0.19185233,-0.063040145
0,0,0,0,1,1.9114187,0.32519707
1,0,1,0,0,0.008136988,0.580044
1,1,0,0,0,6.2817497,0.1281138
1,1,0,0,0,6.5064287,0.2141438
0,0,1,1,1,-0.7602434,0.11536165
0,0,0,0,0,-2.0542202,-0.13452844
0,0,0,0,0,3.7152975,-0.1611711
0,0,0,0,0,3.8943014,-0.070181735
0,0,0,0,1,-0.5237303,-0.48336446
0,1,0,1,0,7.050557,-0.557271
0,0,0,0,1,3.747102,-1.2622705
1,1,0,0,1,10.809378,-0.8735947
1,0,0,1,0,-5.7514887,-0.9305005
0,0,0,0,0,-1.8040259,-0.29067847
0,0,0,0,1,-1.5499794,-0.07334846
0,0,0,1,0,-3.354906,-0.9215957
0,0,0,0,0,-2.2379131,-0.74863106
0,0,0,0,1,-0.5762229,-0.014437467
1,1,0,0,1,10.866885,0.09024969
0,0,0,0,1,2.0002575,-0.29268178
0,0,0,0,1,2.4032505,-0.0940587
0,0,0,0,1,2.6921854,0.0
0,0,0,1,1,-0.79896736,-0.51649404
0,0,0,0,1,-0.1426189,-0.271742
1,1,0,0,0,10.172366,-0.022022128
1,1,0,1,0,10.35567,0.30069238
1,1,0,0,1,10.970288,-0.8252058
1,1,0,0,1,10.384892,-0.2750135
1,1,0,0,1,10.3902025,-0.85183483
1,1,0,0,1,10.630312,-0.20969693
0,0,0,1,0,-3.431922,-1.0564466
0,0,0,1,0,-3.3301983,-0.678441
0,0,0,1,0,-3.4726284,-0.36880678
0,0,0,0,0,-1.9158032,0.25656724
0,0,0,0,1,-1.2224209,0.47571924
0,0,1,0,0,-0.5256169,0.6463464
0,0,0,0,1,0.12298179,0.06265975
0,0,0,0,1,-0.935164,-0.9691593
0,0,0,1,0,-2.4723759,-0.137508
0,0,0,1,0,-2.2130704,-0.56666607
1,0,0,1,0,-3.6818228,-0.3692953
0,0,0,1,0,-2.7356188,-0.36521417
0,0,0,0,0,-2.5850732,-0.21458235
0,0,0,1,0,-2.436629,-0.12119533
0,0,0,0,1,-0.23861814,0.12422906
1,0,0,0,1,-0.21071625,0.5350407
0,0,0,0,1,3.3131368,-0.86977065
0,0,0,0,1,-0.88861847,-0.3563888
0,0,0,0,1,2.197187,0.12782119
0,0,0,0,1,0.37321305,-0.3393402
0,0,0,0,1,0.45563126,-0.082636125
0,0,0,0,1,1.0395105,-0.26683417
0,0,0,0,1,-0.7531223,0.34173292
1,1,0,0,0,7.2709103,0.17595614
0,0,0,0,0,-2.0196633,0.46725738
0,0,0,1,0,-3.548513,-0.7293782
0,0,0,0,1,1.033318,-0.05837089
0,1,0,0,0,3.4388247,0.105029024
0,1,0,0,0,3.7309759,0.21727103
1,1,0,0,1,10.811721,-0.18385138
0,0,0,0,0,3.1687737,0.5602981
1,0,0,0,0,0.5019319,0.32535675
1,0,1,0,0,0.011236429,0.57137024
0,0,1,0,1,-0.7332773,0.07076606
0,0,0,1,0,-2.6235013,-1.4113872
0,0,0,0,1,-0.31369472,0.3512281
0,0,0,1,0,-2.667824,0.32300958
0,0,0,0,0,3.1464422,0.7125348
0,0,1,0,1,-0.022333145,0.0639263
0,0,0,0,1,0.19360971,0.48943406
1,1,0,0,0,8.374335,0.2362496
0,1,0,1,0,7.1910133,-0.12895627
0,0,0,0,1,-0.0065512657,0.32919043
1,1,0,0,0,9.608892,0.0039838664
1,1,0,0,0,9.734632,0.08240059
0,0,0,0,1,-0.64520407,-0.5664966
1,1,0,0,1,10.9543085,-0.9223773
1,1,0,0,0,8.213734,-0.49936178
1,1,0,0,0,8.414356,-0.38581803
1,1,0,0,0,8.589031,0.089000195
0,0,0,1,0,-2.7909706,-0.56649727
0,0,0,0,1,0.3798983,-0.45834598
1,0,0,0,0,3.5427809,0.27631184
0,0,0,1,0,-2.7374043,-0.3706292
0,0,0,0,1,-0.22089458,0.030739654
0,0,0,0,1,0.504493,-0.12930672
0,0,0,0,1,-1.2956603,-0.19189094
0,0,0,0,1,-0.28457904,0.14091156
0,0,0,0,0,-2.0154536,0.045984365
1,1,0,0,1,10.717807,-0.46967
1,1,0,0,1,10.853102,-0.8855352
0,0,0,0,1,0.74167466,-0.40314704
0,0,1,1,0,-1.6211231,0.4802256
0,0,0,0,0,-2.1943312,0.038812447
1,1,0,0,0,8.725432,0.031355992
1,1,0,0,1,10.830661,-0.73525757
0,0,0,1,0,-3.3403475,-0.22844854
0,0,0,0,1,0.5766256,-0.74315226
0,0,0,0,1,2.6205435,-1.0247824
1,0,0,0,0,-0.08114171,0.40023813
0,0,0,0,1,-0.43908143,-0.47786507
0,1,0,0,0,7.450919,0.32353944
0,1,0,0,0,4.7442303,0.05342052
1,1,0,0,0,4.898671,0.3106957
0,0,0,0,1,-1.4588482,-0.10164407
0,0,0,0,1,-1.3515153,0.14732714
1,1,0,0,0,4.425867,0.42005545
1,0,0,0,1,10.6801195,-0.30034265
0,0,0,0,1,-0.17346096,-0.8300465
0,0,0,0,0,3.0507994,0.52114207
1,1,0,0,0,9.606853,-0.08065146
0,0,0,0,0,-1.7938826,0.26245955
1,0,0,1,0,-5.7514887,-0.8816252
0,0,0,0,1,0.82288814,-0.23978685
0,0,0,0,0,3.2928658,0.85027647
0,0,0,0,1,0.7715559,-0.61386144
0,0,0,0,1,3.16681,0.013782396
1,0,0,1,0,-4.5867314,-0.7131849
0,0,0,0,0,-0.9002235,0.48657307
0,0,0,1,0,-3.3571796,-0.45143506
1,0,1,0,0,-0.13180494,0.604259
0,0,0,0,0,-0.90633106,0.4983013
0,0,0,0,1,0.49738073,-1.3492543
1,0,0,1,1,-4.5867314,-1.3807968
1,1,0,0,1,11.309269,-0.08746102
0,0,1,0,0,-0.70965433,0.7579934
0,0,0,0,1,1.4128556,0.13343212
0,0,0,0,1,0.7020359,0.12777361
0,0,0,0,1,-0.82064533,0.040177345
0,0,0,0,1,-0.7608547,0.45892647
0,0,0,0,1,0.2159214,-1.0196549
0,0,0,0,1,0.7842331,-0.08714179
0,0,0,0,1,-0.7146406,0.00015950235
0,0,0,0,1,-0.2194829,0.05553059
0,0,0,0,0,-1.2286541,-0.7156051
0,0,0,1,0,-5.987842,-0.14033459
1,0,0,0,0,0.85440683,0.44395012
1,1,0,0,0,8.064495,0.38066217
0,0,0,0,1,0.24986553,0.30244732
0,0,0,1,0,-1.2868485,-0.23906156
0,0,0,0,1,-0.91945696,0.0966806
0,0,0,0,0,-4.6248846,0.70717573
1,1,1,0,1,-1.0329411,0.6421168
0,0,0,0,0,-0.747766,0.41377842
0,0,0,0,1,0.27450275,0.23371777
0,0,1,0,0,-0.8782072,0.6168677
0,0,0,0,1,0.32142258,0.29783928
0,0,0,0,0,-0.5332422,0.44584817
1,1,0,0,0,4.7090893,0.22527876
0,0,0,0,0,-0.6125989,0.4694598
0,1,0,0,0,7.1982183,-0.20873202
0,1,0,0,0,7.39954,-0.0035948558
0,1,0,0,0,4.546032,-0.060913213
0,0,0,0,1,0.9609761,-0.050594136
0,0,0,0,1,-1.0856662,0.113573626
0,0,0,0,1,-0.6118674,0.29663548
1,1,0,0,0,9.645467,-0.08728694
1,1,0,0,0,9.729974,0.64806247
0,0,0,1,1,-0.31734896,0.05782711
1,1,0,0,0,7.4444895,0.41683218
1,0,0,0,0,8.761776,0.16722687
1,0,0,1,0,-2.806212,-0.4871931
1,1,0,1,1,-4.0042663,-1.2547747
0,0,0,0,1,1.3559895,-0.6215513
0,0,0,0,1,0.60406685,-0.2954674
1,0,1,0,0,0.9023547,0.81919914
0,0,0,0,1,-0.12720442,-0.1492179
0,0,0,0,1,0.1484108,0.27759334
0,0,0,0,1,0.11179781,-1.3807968
1,0,0,1,1,0.94977903,0.13752574
0,0,0,1,0,-1.7524922,-0.36398283
0,0,0,0,1,-0.0058345795,0.26800686
0,0,0,0,1,0.705935,-0.2986562
0,0,0,0,1,2.6263576,-0.7847952
0,0,0,1,1,2.9739618,-0.5958908
0,0,0,0,1,0.0,0.006809633
0,0,0,0,1,0.6160741,-0.15754817
0,0,1,0,1,-0.44319105,-0.061681967
0,0,0,0,1,0.01603508,-0.2828238
0,0,0,0,1,-0.29063654,-0.5928257
0,0,0,0,1,0.68161345,0.02058119
0,0,0,0,1,-0.59139013,0.0
0,0,0,1,1,1.0480108,-0.6999779
0,0,0,0,0,-0.6548486,0.50053
0,1,0,0,0,9.2364025,0.39584747
0,1,0,0,0,6.052191,-0.3409166
0,1,0,0,0,6.411045,-0.111741744
1,1,0,0,0,3.112523,0.21799643
0,0,0,0,1,-0.14553308,-0.66530424
0,0,1,0,0,-0.9764116,0.6424284
0,0,1,0,0,-0.7457776,0.68141425
0,0,1,0,0,-0.7635677,0.6565358
0,0,0,0,1,1.4478431,-1.242388
0,0,0,0,1,0.14325523,-0.87526315
0,0,1,1,0,-3.2261848,-1.0145164
0,0,0,1,0,-3.2103145,-0.18787079
1,0,0,1,0,-4.5867314,-0.6321944
0,0,0,0,1,0.48959112,0.28676778
0,0,0,1,0,-1.6527514,-0.86087036
0,0,0,1,0,-1.7715356,-0.36159906
1,1,0,0,0,10.403079,0.1489644
1,0,0,1,0,-3.277889,-0.37259296
0,0,0,1,0,-1.6739542,0.04985715
0,0,0,0,0,4.2201605,0.5538796
0,0,0,0,1,0.9922161,-0.09636084
0,0,0,0,1,0.31794405,0.36094084
1,0,0,1,0,-4.5867314,-1.2842877
0,0,0,0,1,-0.74487114,0.3521184
0,0,0,0,1,0.36535025,-0.28155634
0,0,0,0,1,0.8835354,-0.75388604
0,0,0,0,1,0.49072218,-0.36935672
0,0,0,0,1,0.87067604,-0.2348891
1,0,0,0,0,-2.6543565,0.7717826
0,0,0,0,0,0.0058345795,0.37603688
0,0,0,0,1,-0.95434046,0.13596104
0,0,0,0,1,0.011679649,-0.94978535
0,0,0,0,0,-1.4150538,-0.4120267
0,0,0,0,1,0.25919867,-0.16996722
0,0,0,0,1,-0.14154434,-0.83187485
0,0,0,0,1,-0.25663376,-0.8339182
1,1,0,0,1,11.18573,0.00031897926
1,0,0,1,1,0.8076582,-1.0554267
0,0,0,0,1,-0.20309019,0.014178001
1,1,0,0,0,10.160509,0.10384397
0,0,0,0,1,0.53021574,-0.20978345
0,0,0,0,0,-0.5870216,0.28213277
0,0,0,0,1,-0.6410961,-0.0074272305
0,0,0,0,1,0.54929066,0.22618762
0,0,0,0,0,-1.5068712,0.257481
0,0,0,0,1,-0.51833963,-1.1028223
0,0,0,0,0,-1.7006776,0.10326868
0,0,0,0,1,-1.0695624,0.030207653
0,0,0,0,0,0.028476715,0.39879346
1,1,1,1,0,-3.1037073,0.5387835
1,1,0,0,1,7.6375685,-0.4952504
1,1,0,0,0,5.895311,0.09135963
0,1,0,1,0,5.734747,-0.72672427
0,0,0,0,1,0.3620515,-0.51099914
0,0,0,0,1,-0.010599136,-0.04342696
1,1,1,0,1,0.66379166,0.7111138
0,0,0,0,1,0.0,0.48667282
0,0,0,0,1,1.4847655,-1.0653465
0,0,0,1,1,-0.25655317,0.13016857
1,0,0,0,0,-0.014193058,0.53080314
0,0,0,0,0,-0.8140497,0.24267974
0,0,0,1,0,-2.8050385,-1.0809366
0,0,0,0,1,1.0835757,-0.09753554
0,0,1,0,0,-1.2449069,0.6834498
0,0,0,0,0,-0.31176186,0.41863036
1,0,0,1,0,-5.120182,-1.104211
0,0,0,0,1,-0.14616108,-0.04203276
0,0,0,0,1,-0.034248352,0.09438241
1,0,0,1,0,-4.5867314,-1.0456045
1,0,0,1,0,-5.296835,-0.7168928
0,0,0,0,1,0.045455933,-0.9097719
0,0,0,0,1,-0.28523588,0.14575116
1,0,0,0,0,0.35858345,0.49049777
0,0,0,0,1,-0.23438644,-1.12906
0,0,0,0,1,-0.23752928,0.12749298
0,0,1,1,1,0.7116556,-0.33375892
0,0,1,0,0,-0.3280487,0.7511979
0,0,0,0,0,0.21216774,0.31508687
0,0,0,0,1,-0.8482137,-0.20873202
0,0,0,1,1,-0.33504438,0.0035948558
0,0,0,0,1,-3.419383,0.0
0,0,0,0,1,-0.15035963,0.16247904
1,1,0,0,0,6.7848053,0.2793125
0,0,0,0,1,1.386374,0.21927582
0,0,0,0,0,-1.8192718,0.18659274
0,0,0,1,0,-1.6954017,0.6296437
0,0,0,0,0,0.10151768,0.3539983
0,0,1,0,0,-0.35285425,0.7977712
0,0,0,1,0,-2.2464035,-0.039239626
0,0,0,1,0,-5.2769012,-0.18620722
0,0,0,0,1,-0.19537878,-0.7168752
0,0,0,0,1,0.22995472,-0.16716295
1,0,0,0,0,-0.14937305,0.44978458
0,0,0,0,1,0.12115097,0.17222537
0,0,0,0,0,-1.6071184,0.29736546
0,0,0,0,1,1.8634758,0.08587176
0,0,0,1,1,-0.6711955,-0.6033482
0,0,0,0,1,-0.29767656,-0.081005916
0,0,0,1,0,-2.8737195,-0.29923153
1,1,0,0,1,10.716345,-0.67907226
1,1,0,0,1,7.7574425,-0.16507502
0,0,0,0,1,-0.03688717,-0.5898577
1,0,0,0,0,-0.035686016,0.5006736
1,1,0,0,0,6.4408426,0.15565331
0,0,0,0,1,-0.35077143,-0.4320507
0,0,0,0,1,0.65526724,-0.24140018
1,0,1,0,0,-0.066363335,0.6085226
1,1,1,0,1,0.66587067,0.7139024
0,1,0,0,0,4.6145372,0.4597422
1,1,0,0,1,10.843921,-0.8979561
1,1,0,0,1,8.035006,-0.8769102
0,0,0,0,1,-0.24042845,-0.25659573
0,0,0,0,1,-0.024231434,-0.9052712
1,1,0,0,1,11.101507,-0.561372
0,0,0,0,1,-0.48516273,-0.3321063
0,0,0,1,0,-0.55500746,0.21545373
0,0,0,1,0,-2.5407374,0.30456695
0,0,0,0,1,-0.43833065,-0.18810317
0,0,0,0,1,0.9631114,0.002902336
0,0,0,0,0,-0.9483521,-0.113464266
1,1,0,0,0,4.436741,0.26301438
0,0,0,0,1,-0.7031994,0.3820082
0,0,0,0,1,0.19130611,0.110422105
0,0,0,0,1,0.70890856,-0.1675831
0,0,1,1,0,-1.7033746,0.62476337
0,0,0,0,1,0.48706627,-0.97501755
1,1,0,0,0,10.358567,0.42029583
0,0,0,0,1,0.95044994,-0.9784783
0,0,0,0,1,1.7874651,-0.35948178
0,0,0,0,1,1.9181185,-0.23729907
0,0,0,1,0,-2.47829,-0.98035085
0,0,0,0,1,-0.32847118,0.16342776
0,0,0,0,1,1.5628657,-0.5945696
0,0,0,0,1,1.1176682,-0.15921368
1,0,0,0,0,0.84128094,0.336891
0,0,0,0,1,0.6887765,-0.11333158
0,0,0,1,1,0.13943958,-0.3497646
0,0,0,0,1,-0.66163015,-0.048702434
1,1,0,0,0,9.168626,-0.5686371
0,0,0,0,1,1.0245872,-0.27093786
1,0,1,0,0,0.025475502,0.6168677
0,0,0,0,1,1.4646702,-0.57416946
0,0,0,1,0,-3.3753839,-0.95765126
0,0,0,0,1,-0.48631668,-0.74369353
0,1,0,1,0,7.47945,0.59667987
0,0,0,0,1,0.5464845,-0.0126817655
1,0,0,0,1,0.46886015,0.8474554
0,0,0,0,1,-0.28085136,-0.40203136
0,0,0,1,0,-3.2080975,-0.88782746
0,0,0,1,0,-3.403922,-0.16068561
0,0,0,0,1,0.25268888,-0.19268902
0,0,0,0,0,-1.324944,0.20975071
0,1,0,1,1,5.6096683,-0.04897551
0,0,0,0,1,0.45641184,-0.20833902
0,0,0,0,1,3.7517004,-0.44807327
0,0,0,0,0,-0.3495283,0.41940948
0,0,0,0,1,-0.34390354,-0.27701408
0,0,0,0,1,0.3466506,0.29429826
1,0,0,1,0,-4.5867314,-1.0088757
0,0,0,0,1,0.65237427,-0.6690344
1,1,0,0,0,6.6736603,0.5811894
0,1,0,0,0,5.6813974,0.20948121
1,1,1,0,0,2.4911528,0.1846273
0,1,0,0,0,8.419974,0.2953492
0,0,0,0,1,0.88430595,0.016744198
0,0,0,0,1,-0.5271239,-0.29488614
0,0,0,0,1,3.307664,-0.17377625
0,0,0,0,1,3.2798786,0.47338775
1,1,0,0,1,11.255648,-0.73434144
1,1,0,0,1,11.184544,-0.66787577
0,0,0,0,1,0.22718191,0.39879647
0,0,0,0,0,-1.1571224,-0.016900292
0,0,0,0,1,0.74504805,-0.058978096
0,0,0,0,1,-3.885405,-0.9945268
1,0,1,0,0,0.8845625,0.54642636
0,0,0,0,1,0.8051448,-0.4105678
0,0,0,0,0,-0.8421054,0.34791014
0,0,0,0,1,-0.9449549,0.16045092
1,0,1,0,0,0.022943974,0.61616427
0,0,0,0,1,0.3298273,-0.8237425
0,0,0,0,1,0.96795607,-0.99821156
0,0,0,1,1,0.7001257,-0.46960858
0,0,0,1,0,-2.3891814,-0.59564364
0,0,0,0,1,-2.4102893,-0.47366685
1,1,0,1,1,-4.5867314,-1.1402745
0,0,0,0,1,-0.27387953,0.18214805
0,0,0,0,1,0.93288994,0.13286904
1,0,1,0,0,-0.15070772,0.6081357
1,0,1,0,0,-0.2208519,0.6871511
0,0,0,0,1,3.8179054,-0.3513358
0,0,1,1,0,-0.18166351,0.71743506
1,1,1,1,0,-2.9816618,0.67498106
0,0,0,0,1,-0.070482254,0.07840989
0,0,0,0,1,0.5269513,-0.55232316
0,0,0,0,1,-0.34766245,-0.547211
1,0,0,1,0,-2.8264177,-0.85611844
0,0,0,0,1,1.0969195,-0.9280836
0,0,0,0,1,0.9327736,-0.36159906
0,0,1,0,0,-0.8527732,0.6777518
0,0,0,0,1,1.4260154,-0.6878852
1,0,1,0,0,-0.16513538,0.6769093
0,0,0,0,1,3.9240894,-0.023529071
1,0,0,0,0,0.5177374,0.45030487
0,0,0,0,1,-0.81808233,0.6666911
0,0,0,0,1,-0.27004242,0.12756509
0,0,0,0,0,-0.98831224,0.56191474
1,0,1,0,0,0.7034526,0.5626194
0,0,0,0,1,0.09332991,-0.36935672
0,0,0,0,1,0.4828639,0.09341168
0,0,1,0,0,-0.25873518,0.80769783
1,0,0,0,0,0.98927975,0.32720196
0,0,0,1,0,-1.7483234,0.44226563
0,0,0,0,1,1.2435336,0.17527814
0,0,0,0,0,-0.43866873,0.1410298
0,0,0,0,1,0.41011524,-0.37254307
0,0,0,1,0,-3.2627172,-0.63114417
0,0,0,0,0,-1.1589859,0.31939587
0,0,1,0,0,-0.91451883,0.6626
0,0,0,0,1,-0.2623682,-0.6604544
0,0,0,0,1,1.3270922,-0.62930065
1,0,0,1,0,-4.5867314,-1.0043377
1,0,0,0,0,0.87436724,0.4427335
0,0,0,0,1,0.23538256,0.28463122
0,0,0,0,1,0.95323896,0.032949325
0,0,0,0,1,1.1165195,0.17173429
0,0,0,0,1,-0.08248329,0.124641106
0,0,0,1,0,-1.6936052,-0.43937674
0,0,0,0,0,-1.9015491,0.56898314
0,0,0,1,1,-0.9819646,-0.645852
0,0,0,0,1,1.1140633,-0.2346368
0,0,1,1,0,-1.2258704,0.5618092
0,0,0,0,1,1.3898416,-0.8130013
0,0,0,0,1,0.58796644,-0.011874337
0,0,0,0,1,-0.65191317,0.3403841
0,0,0,0,1,1.1480546,-0.13533112
0,0,0,0,0,-0.36891556,0.5237414
0,0,0,0,1,0.8080416,-0.002902336
1,0,1,0,0,0.18070698,0.7828295
0,0,0,0,1,-0.4802003,-0.08843512
1,0,0,0,0,0.8182597,0.29606193
0,0,0,0,0,-0.43843937,0.50982237
0,0,0,1,0,-2.004864,-0.5386285
0,0,0,0,1,2.6983814,-0.99793655
0,0,0,1,0,-2.3935633,0.24165691
0,0,0,0,1,-0.44521236,0.0452213
1,0,0,0,0,-2.7435865,0.94336325
0,1,0,0,0,8.524541,0.120950595
1,0,0,1,0,-4.5867314,-1.180726
0,0,0,0,1,-0.1796751,-0.022942606
0,0,0,0,1,-0.26326942,-0.14496769
0,0,0,0,1,0.010599136,0.38876837
0,0,0,0,1,-0.1988039,-0.09901779
1,1,0,0,0,9.882398,-0.05054637
1,1,0,1,0,10.02499,0.54025334
0,0,0,1,0,-2.2255623,0.30844134
0,0,0,0,1,0.5041542,0.22344388
1,1,0,0,0,4.4410324,0.21940391
0,0,0,0,0,-1.2734866,-0.28805435
1,0,1,0,0,-0.09144306,0.6793745
0,0,0,0,1,0.7698946,-0.3792713
0,0,0,0,1,0.9731426,0.25174633
0,0,0,0,1,0.577075,0.055028025
0,0,0,0,1,3.3304615,-1.1158278
1,1,0,1,0,-1.1901796,-1.4300582
0,0,0,0,0,-1.3294873,0.22068399
0,0,0,0,1,-0.25070405,0.09629995
0,0,0,0,1,-0.3000946,0.0072262287
0,0,1,0,1,-0.24712276,-0.0004939491
1,1,0,0,0,8.412706,-0.8509628
0,0,0,0,1,-0.3719499,-0.20119153
0,0,1,0,1,-0.9036255,0.005744784
0,0,0,0,0,2.1854715,0.5567945
0,0,0,0,1,-1.2058198,-0.1919021
0,0,0,0,1,3.2936258,-0.06602685
0,0,0,0,0,2.942728,0.17502476
0,0,0,0,0,-1.8347149,0.47665742
0,0,1,0,0,-0.78352666,-0.39054635
0,0,1,0,0,-0.79302907,0.64366794
0,1,0,0,0,5.7444344,-0.039734762
1,1,1,1,0,-1.5551901,0.6650971
0,0,0,1,0,-2.5186071,-1.1000223
1,0,1,0,0,-0.08226824,0.4942494
0,0,0,0,1,-0.4008441,0.41421622
0,0,0,0,1,-1.5012293,0.23820649
0,0,0,1,1,1.7303133,-0.7317188
0,0,0,0,1,0.0063796043,-0.17679429
1,1,0,0,0,5.670101,-0.39638135
0,0,0,0,1,0.8033719,-0.27281472
0,1,0,0,0,7.995448,0.28003561
0,0,0,1,0,-3.35813,-1.0456839
0,0,0,0,1,-1.3591332,-0.17326574
0,0,0,0,1,0.19152856,-0.09797985
0,0,1,0,0,-0.21113825,0.5399877
1,1,0,0,0,5.9876204,0.53067666
0,0,0,1,0,-3.6774437,-0.28445
0,0,0,1,0,-3.2916958,0.4166265
0,0,0,0,1,2.0719366,0.48379695
1,1,1,0,0,-0.8904698,0.6264667
1,0,1,0,0,0.17576408,0.50432265
0,0,0,0,0,-0.14633465,0.33686736
0,0,1,0,0,-0.99291515,0.41331488
0,0,0,0,1,-0.7515907,-0.6410312
1,0,0,1,0,-2.652087,-0.36046204
0,0,0,0,1,-0.20014048,-0.24189766
1,0,1,0,0,0.052831173,0.51566756
0,0,0,0,1,-0.8675847,0.10890976
0,0,0,1,0,-3.5511756,-0.99186337
0,1,0,0,0,4.906824,-0.6222939
1,1,0,0,0,4.2212,0.37984475
1,1,1,1,1,0.06686401,0.6233936
0,0,0,0,1,1.7409446,-0.3007103
0,0,1,0,1,1.0219474,0.041434154
0,0,0,1,0,-0.43083906,0.17458515
0,0,0,1,0,-2.0852199,0.03133391
0,0,0,1,0,-2.464043,-0.19814987
0,0,0,1,0,-4.012257,-0.75932217
0,0,0,1,0,-2.8556533,-0.5069232
1,0,0,0,1,0.89265347,0.45139205
0,0,0,1,0,-2.129749,-0.15849097
0,0,0,0,0,-1.9835551,0.21340889
0,0,0,0,1,-0.3419106,-0.32788017
1,0,1,0,0,-0.17265368,0.4361804
0,0,0,0,0,-2.192782,0.21391593
0,0,0,1,0,-3.2704525,-0.49089774
0,0,0,0,0,-2.1115847,0.45034283
0,0,0,0,1,1.9340539,-0.31582156
0,0,0,0,1,1.1595762,0.17379352
1,0,0,0,0,0.586668,0.56184727
0,0,0,0,1,1.8236973,0.029668322
0,0,0,0,0,-0.72822285,0.23866884
0,0,0,0,1,1.175381,0.2684329
0,0,0,1,0,-2.6070554,0.84334344
0,0,0,0,1,-0.029365063,-0.34590012
1,1,0,0,1,10.845561,0.6220543
0,0,0,1,0,-3.5748732,-0.18499123
0,0,0,1,0,-2.2919517,0.32645258
1,0,0,1,0,-6.009283,-1.0120949
0,0,0,1,0,-2.9878218,-0.09657312
0,0,0,0,0,-1.9279461,-0.6085482
0,0,0,0,0,-2.3953352,0.011782168
0,0,0,1,0,-3.2353692,0.16153134
1,1,0,0,0,10.3314905,-0.097843654
1,1,0,0,0,9.895785,0.216438
0,0,0,0,1,-1.5487158,0.17676753
0,0,0,0,1,-1.2423062,0.048388258
0,0,0,0,1,-0.9045656,0.20302844
0,0,1,1,1,0.28921127,-0.34767187
0,0,0,0,1,-0.06821275,-0.061815146
0,0,0,0,1,-0.7253976,0.20952031
0,0,0,0,1,1.8714247,-1.0608171
0,0,0,1,1,0.72849274,-0.3577047
0,0,0,0,1,-0.91490555,-0.7374044
0,0,1,0,1,-0.24723268,0.156323
0,0,0,0,1,0.09282255,0.17116064
0,0,0,0,0,-2.1152885,0.5083582
0,0,0,1,0,-2.6568766,0.08444764
0,0,0,0,1,-1.2550683,-0.13534373
1,1,0,0,0,5.830266,0.21310058
0,1,0,0,0,5.920686,-0.21209371
0,0,0,0,1,0.20118141,0.16860658
0,0,0,1,0,-4.107975,-0.42014018
0,0,0,0,1,0.32391477,-0.7769187
0,0,0,0,1,-0.20358443,0.3584909
0,0,1,1,1,0.90031195,-0.37372124
0,0,0,0,1,-0.30222392,-0.14207776
0,0,0,0,1,-0.76026344,0.09013407
0,0,0,1,0,-3.2681696,-0.38987955
1,0,0,1,0,-4.158451,-0.1826179
0,0,0,0,1,-1.6993151,0.28062016
0,0,0,0,1,-1.6312675,-0.15893333
0,0,0,0,0,-2.2574303,0.25211886
1,1,1,0,1,0.0021734238,0.6328618
1,1,0,1,0,7.1448345,-0.31397817
0,0,0,0,0,-0.9718857,0.24775349
0,0,0,0,1,1.0446434,0.00036532542
1,0,0,0,0,0.19797087,0.351883
0,0,0,0,1,0.7102833,-0.4335688
0,0,0,0,1,-1.4079103,-0.027205447
0,0,0,0,1,-0.49280453,-0.9101369
1,1,0,0,0,10.480943,-0.0413514
0,0,0,0,1,0.42353487,-0.008437918
0,0,0,0,1,-1.0814838,0.04224989
0,0,0,1,0,-3.5174298,-0.502901
0,0,0,0,1,1.2822986,-0.014424522
1,1,0,0,1,10.611335,-0.7602302
0,0,0,0,1,0.719985,0.12406412
1,0,0,0,0,0.79356027,0.70317584
0,0,0,0,1,-0.92404604,-0.7790752
0,1,0,0,0,5.477583,-0.08341859
0,1,0,0,0,5.7858534,0.10441113
1,0,0,0,0,1.552012,0.49559918
1,1,0,0,0,4.958042,-0.62368256
0,0,0,0,1,-0.10616112,-1.3259921
1,1,0,0,1,10.451742,-0.42416057
1,1,0,0,1,10.609176,-0.2687522
1,1,0,0,1,10.143692,-0.93121636
0,0,0,0,1,-1.277441,0.06935013
0,0,0,0,1,0.50464106,0.25339732
1,1,0,0,0,5.1580544,0.53141415
0,0,0,1,1,1.16571,0.23961404
0,0,0,0,1,0.9661102,-0.27872825
0,1,0,0,0,8.150149,0.3477684
0,0,0,0,1,1.0724478,-1.0198239
0,0,0,0,1,-0.11004925,-0.41090873
0,0,0,0,1,-0.021461248,0.26199353
0,0,0,0,1,0.15714741,-0.6304892
0,0,1,0,0,-0.41979265,0.41317677
1,0,0,0,0,-0.5412793,0.49820307
0,0,0,1,0,-3.7517025,-0.6692372
0,0,0,0,1,-1.32547,0.20094001
0,0,0,0,1,-0.8677187,0.2922478
0,0,0,0,1,-0.25356722,-0.28384477
0,1,0,0,0,5.473773,-0.23103036
1,1,0,0,0,4.8599415,0.23169944
0,0,0,0,1,-0.117940426,-0.8163464
0,0,0,0,0,-0.59198666,0.30059358
0,0,0,1,0,-3.632185,-0.9294641
1,0,0,1,0,-3.7581458,-0.1352832
0,0,1,0,0,-0.6977103,0.5734248
0,0,0,0,1,0.68892336,-0.49619827
0,0,0,0,1,-0.25283098,-0.08754453
0,0,0,0,1,-0.15163136,-0.07863452
1,1,0,0,0,10.497251,-0.14374116
0,0,0,0,1,-0.046501398,0.29364127
0,0,0,1,0,-2.995135,-0.22027114
0,0,0,1,0,-3.3082757,-0.32622045
0,0,0,0,1,0.68354464,0.014764497
1,0,1,0,0,-0.03768015,0.5114205
0,0,0,1,1,0.50517416,-0.040308863
0,0,0,0,1,-0.37931347,-0.46789184
0,0,0,0,1,0.0669961,0.02601436
1,1,0,0,0,9.876361,0.23441651
1,0,0,1,1,-4.504727,-1.1485304
0,0,0,1,0,-3.497744,-0.5241381
0,0,0,0,1,0.59420204,-0.4297072
1,1,0,0,0,8.344713,0.03870314
1,0,0,0,0,7.432415,-0.22830085
0,0,0,0,0,-2.1062405,0.03874577
1,1,0,0,0,7.9143124,-0.18876201
0,0,0,0,1,-0.19026327,-1.029877
1,1,0,0,0,9.09896,-0.05066342
0,0,0,0,1,-0.531368,0.11006716
0,0,0,1,0,-3.896864,-0.83237
0,0,0,0,1,0.93118286,-0.7232927
0,0,0,0,0,-1.423331,0.667116
0,0,0,0,1,0.2665043,0.3743597
1,1,0,0,1,10.128574,-0.47114402
0,0,0,0,1,-0.29069972,-0.32338816
1,1,0,0,0,7.913391,-0.9294641
0,0,0,1,1,0.91601515,-1.1977814
0,1,0,0,0,5.709406,-0.11063857
0,1,0,0,0,4.211425,0.25092083
0,0,0,0,0,-1.9517131,-0.24343438
0,0,0,0,1,-2.0917602,0.23651873
0,0,0,1,0,-2.555126,-0.09042482
0,0,0,0,0,-2.318156,0.28793514
1,0,1,0,0,1.0431657,0.43455958
0,1,0,1,1,4.05803,-0.5446879
0,1,0,0,0,3.8486338,-0.12056468
0,1,0,1,0,5.584612,-0.040322065
1,1,0,0,0,5.2813234,0.18983781
1,1,1,0,0,0.18361855,0.6919984
0,0,0,1,1,-0.34476614,0.1895655
0,0,0,0,1,0.33356476,-1.4255171
0,1,0,0,0,7.9257708,-0.46868098
0,1,0,0,0,5.0001516,-0.48139304
1,1,0,0,0,4.4929523,0.16725665
0,0,0,1,0,-2.1299696,-1.4740033
0,0,0,0,1,-0.25710082,0.2860736
0,1,0,0,0,3.691552,0.22566395
0,1,0,0,0,6.971792,-0.4424365
0,0,0,0,1,1.6001611,-0.67745745
0,0,0,0,1,-1.0346351,-0.4856313
0,0,0,0,1,0.012771368,-0.28080657
0,0,0,0,1,-1.4578242,0.09508569
0,0,0,0,1,-1.1894705,0.3773756
1,1,0,0,0,9.321395,0.19414262
0,0,0,0,0,-2.3783917,-0.8093904
0,0,0,0,1,1.5813129,0.51205105
0,0,0,1,1,-0.08402872,0.017229829
0,0,1,0,1,2.2261503,0.12818943
0,0,0,0,0,1.5581503,0.4694891
0,0,0,0,0,-0.7504482,-0.19134912
0,0,0,0,1,2.294566,0.16993748
0,0,0,0,1,0.08972001,-0.20376132
0,0,1,0,0,-0.5159652,0.4757411
0,0,0,1,0,-2.0991685,0.24890202
0,0,0,0,1,0.04275012,-0.10834483
0,0,0,0,1,-0.3189497,-0.5179843
0,0,0,1,1,-0.46670914,-0.63803434
0,0,0,0,1,-0.5800457,-0.15168458
0,0,0,0,0,-1.6558928,-0.37816697
0,0,0,0,1,-0.4829564,-0.5464725
1,1,0,0,0,5.8822327,0.30955687
0,0,0,0,1,-1.1612453,-0.30898184
0,0,0,0,1,0.7759676,-0.55498165
0,0,0,0,1,-1.3806889,-0.92321646
1,1,0,0,0,4.8441334,0.20399491
0,0,0,0,1,0.13259482,-0.31708065
0,0,0,1,0,-1.5514956,0.09781694
0,1,0,0,0,4.505495,-1.0961462
0,0,0,1,0,-3.7138958,-0.38482052
0,0,0,0,1,0.8354368,0.011777421
0,0,0,1,1,1.6672199,-0.20305982
0,0,0,1,0,-2.6740122,-1.4947271
0,0,0,0,0,-2.15835,0.46306857
0,0,0,0,0,-2.4543588,0.6399895
0,0,0,0,1,-0.31144404,-0.13179432
1,1,0,0,0,8.352786,0.101798624
0,0,0,0,1,-0.3970766,-0.16449119
1,1,0,0,1,10.478713,-0.34767222
1,1,0,0,0,10.0623455,0.77966464
0,0,0,0,0,-1.5500376,0.34808016
0,0,0,0,1,0.2273655,-0.26557377
0,0,0,0,0,-0.28001118,0.33365756
0,0,0,0,1,-1.1390636,0.41082352
0,0,0,0,1,0.5235462,-0.36432096
1,0,0,0,0,0.23986578,0.396957
0,0,0,0,1,-0.23595667,-0.99532056
1,1,0,0,0,5.5279503,0.43950737
1,1,0,0,0,9.613099,0.32192716
0,1,0,1,1,6.7246675,-0.04358527
0,1,0,1,0,4.990717,-0.9932518
0,0,0,0,1,-0.9546964,0.055810016
0,0,0,0,1,0.596082,0.4627176
0,0,0,1,1,-1.1790028,0.268609
1,1,0,0,1,10.656545,-0.6485875
0,0,0,0,0,-1.8070304,-0.37727964
0,0,0,0,0,-2.0916333,-0.09852522
0,0,0,1,0,-1.9087517,0.058728725
1,0,0,0,0,0.96040535,0.29018408
0,0,0,1,0,-3.5445857,-0.14604427
1,1,0,0,0,9.415935,0.15321766
0,0,0,0,1,3.7559354,-0.4738984
1,0,0,1,0,-4.504727,-1.0201968
0,0,0,1,0,-3.692225,-0.85454386
1,1,0,0,0,9.972012,0.37623546
0,0,0,0,1,-0.43782306,-0.42895377
0,0,0,1,0,-3.596648,0.08075786
1,1,0,1,0,8.412713,-0.22800778
0,0,0,0,1,2.7937524,-0.48809618
0,0,0,0,1,2.2208414,0.13081165
0,1,0,0,0,6.0501633,-0.26853675
0,0,0,1,0,-1.8861299,0.30446842
0,0,0,0,1,-1.6153548,0.4983514
0,0,0,0,0,-1.982934,0.06457538
0,0,0,0,1,-1.4858851,0.29934222
0,0,0,0,1,-0.8715155,0.6065709
0,0,0,1,1,1.2507291,-0.26380566
0,0,1,0,0,-0.59622526,0.4953313
0,0,0,0,1,-0.62670255,0.48045722
1,1,0,0,0,8.930659,0.15415666
0,0,0,1,0,-3.3396347,-0.5816729
0,0,0,0,1,2.1831703,-0.12205139
0,0,0,0,1,-1.0133562,-0.11155878
0,0,0,0,1,-1.0709162,0.27475944
1,0,1,0,0,0.0543437,0.5245405
0,0,0,0,1,-1.4672611,0.20332319
0,0,0,0,1,1.3926575,-0.1328833
0,0,0,0,1,1.2289674,-0.15647605
1,0,0,0,0,-0.71975374,0.77311987
0,0,1,1,0,-3.9655514,-0.82811403
0,0,0,1,0,-3.0854616,-0.7720657
1,0,0,1,0,-6.009283,-0.97519356
1,1,0,0,0,9.875333,-0.4357155
1,1,0,0,0,9.2709,-0.17572607
0,0,0,0,1,-0.5284562,0.07558836
1,1,0,0,0,8.960881,-0.48269284
0,0,0,0,1,-0.6346035,-0.14488272
0,0,0,0,1,-1.1435423,0.35487908
0,0,0,0,0,-0.12697029,0.35934353
0,0,0,1,1,-0.11859369,0.10036389
1,1,0,0,0,9.227598,0.25005698
0,0,0,1,0,-1.950094,-1.3855118
0,0,0,0,0,-2.2941623,0.1779542
0,0,0,1,0,-2.6378512,-0.3949643
0,0,0,1,0,-2.887408,-0.1965457
0,0,0,0,1,2.9360695,0.111179605
1,1,0,0,0,6.826805,0.3633849
0,0,1,0,1,-0.9728775,-0.076461114
0,0,0,0,0,-1.368906,0.3820321
0,0,0,0,1,0.11922836,0.2579773
0,0,0,0,1,-0.11120415,0.31293485
1,1,0,0,1,10.344948,0.65745604
1,1,0,0,0,7.943533,-0.0034585118
1,1,0,0,0,7.0644093,-0.67195743
0,0,0,0,1,-1.1404018,-0.09689168
0,0,0,0,1,-0.9674859,0.13102269
0,0,0,0,0,-0.45416164,0.28736895
0,0,0,1,0,-2.0108008,-0.18391976
0,0,0,1,1,0.7189622,-0.03478189
0,0,0,0,1,-0.666486,0.2897932
1,1,0,0,0,6.200038,-0.005112498
0,0,0,0,1,0.7585459,-0.46963832
0,0,0,0,1,1.1694388,-0.6395942
0,0,0,0,1,0.044015884,0.02601436
0,0,0,0,1,-0.7091284,0.21175416
0,0,0,1,0,-3.4273992,-0.7848337
0,0,0,1,0,-4.143418,-0.69035274
1,1,0,0,0,8.719234,-0.38153803
0,0,0,0,1,0.67935014,-0.16251837
0,1,0,0,0,3.7935076,0.09018263
0,0,0,0,0,0.6493826,0.27388772
1,1,0,0,0,8.26444,-0.7183173
0,0,0,1,1,-0.3047893,-0.38762793
0,0,0,0,1,-0.6409793,-1.1080393
0,0,0,0,0,-2.0437562,0.25352505
0,0,0,0,1,-1.0095148,0.4228171
0,0,0,0,1,0.6191311,-0.08236777
0,0,0,0,1,-1.4345057,0.5803271
1,1,0,0,1,10.689847,-0.34926188
0,1,0,0,0,4.645873,-0.88032
0,0,0,0,1,-0.41457772,0.30762553
0,0,0,1,0,-2.8115282,0.074408
0,0,0,0,1,-0.60373783,0.024873264
0,0,0,0,0,-1.6645603,0.3703876
0,0,0,0,1,-1.321697,-0.10877018
0,0,0,0,1,0.3187363,-0.103254676
0,0,0,1,0,-1.8021517,-0.68861693
0,0,0,0,1,-1.8055515,0.17017677
0,0,0,1,0,-3.6211674,-0.88736355
0,0,0,1,0,-4.1726437,-0.96693444
1,1,1,0,1,-0.20665789,0.5526204
0,0,0,0,1,-0.09898424,-0.849963
0,1,0,1,0,7.1278524,-0.74450386
1,1,0,1,1,-4.504727,-1.544821
0,0,0,1,0,-2.7650847,-0.27552038
1,1,0,0,0,8.785262,0.26463282
0,0,0,0,1,-1.0165019,-0.7351854
0,0,0,1,0,-2.0297701,-0.15579297
1,1,0,0,0,7.367565,0.13448389
0,0,0,0,1,-0.532295,0.29818287
0,0,0,0,1,-0.52748513,-0.011161391
0,0,0,0,1,0.22801924,0.20904756
0,0,0,0,0,-1.9235775,-0.7103076
0,0,0,1,0,-4.158537,-0.9897025
1,0,0,0,0,0.7172289,-0.00036532542
1,1,0,1,0,7.120183,0.40154478
0,1,0,0,0,5.9670477,-0.9160377
0,1,0,0,1,3.2808275,0.16538642
0,0,0,0,0,-0.9466264,-0.07694218
0,0,0,0,0,-1.7932956,0.021858687
0,0,1,0,0,-2.5228467,0.041907825
0,0,0,0,0,3.694039,0.20954818
0,0,0,1,0,-3.7817507,-0.3721975
0,0,0,0,0,-1.2907755,-1.3838444
0,0,0,1,0,-2.8799987,-0.24726723
1,1,0,0,0,9.361452,0.15196134
0,0,0,0,1,0.18590832,-0.40218252
1,0,0,0,1,0.36512327,0.7962631
1,1,0,0,0,9.250251,-0.016772317
0,0,0,0,1,-0.05346203,-0.26598224
0,1,0,0,0,6.1911,-0.5586633
0,0,0,0,1,1.2958198,-0.75476384
0,0,0,0,1,0.5295706,-0.3946595
0,1,0,0,0,5.0763855,0.0052622347
0,1,0,0,0,5.221876,-0.8978458
0,0,0,0,0,-1.9283276,0.17315188
0,0,0,0,1,-1.2353606,0.33776477
0,0,0,0,1,-0.3815415,-0.2324737
0,0,0,0,1,1.0698452,0.07377248
1,0,0,1,0,-0.43563795,0.5593394
1,1,0,0,0,4.636076,0.28090042
0,0,0,0,1,0.4530468,-0.57222027
0,1,0,0,0,3.094119,0.120358594
0,0,0,0,1,-1.1928489,-0.4178814
0,0,0,0,1,-1.2965636,-0.008430499
1,0,0,0,0,0.9654255,0.36566326
0,0,0,1,0,-2.9767365,0.5114792
0,0,0,0,1,-0.20400691,0.40511394
1,0,0,0,0,-0.0028762817,0.21285129
0,1,0,0,0,4.2537327,-0.2705011
0,1,0,0,0,3.7094908,-0.109667905
0,0,0,0,1,-1.1558788,0.19379736
0,0,0,0,1,0.28105736,0.069771715
0,0,0,0,1,-1.3892794,0.393598
1,1,0,0,1,10.30978,-0.21009715
1,1,0,0,0,9.910223,0.18833908
0,0,0,0,1,-0.5399773,0.43272266
0,0,0,1,0,-0.34965086,0.25949785
0,1,0,0,0,7.1187563,0.023723664
0,0,0,0,1,0.95192146,-0.017270196
0,0,0,1,1,1.0015304,0.57540256
0,0,0,1,0,-1.643393,-0.2405691
0,1,0,0,0,7.642311,0.3825939
0,0,0,1,1,-1.1128774,-0.09381336
0,0,0,1,0,-3.419706,-0.70041394
0,0,0,1,0,-3.022503,-0.6658896
1,0,0,0,0,0.89919376,0.3035259
0,0,0,0,1,2.8905487,-0.7463917
0,0,0,0,0,-0.7244644,0.28132096
0,0,0,0,1,-0.6121149,-0.20136595
0,0,0,1,0,-2.5190897,0.124321595
0,0,0,1,0,-2.7467976,-0.43962213
0,0,0,0,0,-1.8994522,-0.08503106
0,0,0,0,1,-1.6878059,0.23837213
0,0,0,0,1,2.509812,0.7704672
1,0,0,0,1,-0.11629248,0.08992978
1,0,1,0,0,0.11704445,0.46635684
0,0,0,0,1,-1.5056088,0.22032082
0,0,0,0,1,1.657922,0.054546136
1,0,0,0,1,1.1194286,0.43854693
1,1,0,0,0,3.734542,0.46215397
1,1,0,0,0,9.769671,0.16039434
0,1,0,0,0,8.09742,0.5149732
0,0,0,0,1,-0.20179367,-0.21345724
0,0,0,0,1,-0.062046528,0.38730085
1,1,0,0,1,10.309921,-0.1263672
1,1,0,0,0,9.89604,0.18328132
1,1,0,0,1,11.621365,-1.3813486
1,1,0,0,0,8.874648,0.32858545
1,1,0,0,0,8.565547,0.12936635
0,0,0,0,0,-2.626706,0.26558793
1,1,0,0,0,8.718713,-0.9510441
0,0,0,0,1,1.3028116,-0.31145236
0,0,0,0,1,2.3353827,-0.53356576
0,0,0,0,1,1.8396077,-0.12671167
0,0,0,0,1,1.4861383,-0.878337
0,0,0,0,1,-0.1947875,-0.034673825
1,0,1,0,0,0.030427456,0.6454212
1,1,0,0,0,5.10923,0.17731941
1,0,1,0,0,0.021482468,0.6964818
0,0,1,0,1,2.1074018,-0.07930961
0,0,0,1,1,-1.7116327,-0.03143546
1,1,0,0,0,8.453862,0.005089905
0,0,0,0,1,0.6902907,0.29335675
1,1,0,0,1,10.808942,-0.30122587
0,0,0,0,0,-0.7538407,-0.12591837
1,1,0,0,0,4.1701946,0.13355197
1,0,0,0,0,0.07361698,0.31798398
0,0,0,1,0,-2.7181902,-0.36479524
0,0,0,1,0,-3.3229756,0.05445701
0,1,0,0,0,4.707695,-0.6040185
0,0,0,0,0,-0.458951,0.30275506
1,0,0,1,0,-5.6267023,-0.9246584
1,1,0,0,0,8.029236,-0.021468002
0,0,0,1,0,-1.7011087,0.39775586
1,1,0,0,0,8.500215,-0.45537657
1,1,0,0,0,8.128217,-0.4350338
0,1,0,0,0,6.5218515,-0.03281021
1,1,0,0,0,6.0130615,0.23169944
0,0,0,1,1,1.115334,-0.72544646
1,1,0,0,0,9.674542,-0.03913935
1,1,0,0,0,9.131439,0.03286947
0,0,0,1,0,-3.0910518,0.20706947
0,0,0,0,1,1.3334298,-0.6957077
0,0,0,0,1,0.36786985,0.3514101
0,0,0,0,1,0.07028651,0.34344697
0,0,0,0,1,-0.81033564,-0.119136676
1,0,0,0,0,0.3406191,0.3369419
0,0,0,1,0,-3.867592,-0.030925991
0,0,0,1,0,-1.7288494,-0.21023205
0,0,0,0,1,-0.24357843,0.27112377
1,1,1,0,1,-0.23541117,0.60589385
0,0,0,0,1,1.256587,-1.0069667
1,1,0,0,1,11.86237,-1.3993746
0,0,0,0,1,-0.7816546,0.11057976
0,0,0,0,1,1.1606989,-0.1315815
0,0,0,0,1,-0.96958804,-0.41904116
0,0,0,0,1,-0.876112,0.02102851
0,0,0,1,1,-0.27670264,0.011161391
0,0,0,0,1,-1.1036601,0.4484773
1,1,0,0,0,4.7152452,0.17281146
0,0,0,0,0,-2.1708302,0.15567005
0,0,0,0,0,-2.4320838,-0.8349194
1,0,0,0,0,0.85398626,0.15966016
1,1,0,0,0,5.834737,-0.09766205
1,1,0,0,0,5.957917,0.21402521
1,1,1,1,0,5.7122335,0.0075434926
0,1,0,0,0,6.3622913,-0.9501182
0,0,0,0,1,-0.88308764,0.43553716
1,0,0,1,0,-0.13808155,0.38687053
0,0,0,1,1,2.0690079,-0.519439
1,0,0,1,1,0.78357935,0.44222686
1,1,0,1,0,6.7470293,0.42169797
0,0,0,0,1,-0.2828288,-0.13139376
0,0,0,0,1,1.1537919,-0.64689755
1,1,0,0,0,6.8376827,0.12021264
1,0,0,1,0,-1.3778584,-0.3694833
1,1,0,0,0,7.195238,0.15458006
1,1,0,0,0,7.6179247,0.08338759
0,1,0,0,0,7.5497065,-0.38831446
0,1,0,0,0,4.6218147,-1.0892733
0,0,0,0,1,0.88279104,-0.049797542
0,0,0,0,1,0.8797052,0.40141708
0,0,0,0,1,-1.4240541,0.17828447
0,0,0,0,1,0.0043370724,0.09751217
0,0,0,0,0,-1.6958284,0.49248564
0,0,0,0,1,-0.33124018,-0.7642587
1,0,1,0,0,0.7697139,0.49774536
0,0,0,0,0,-0.49296856,0.10036928
0,0,0,0,1,0.1892848,0.057758935
0,0,0,0,1,0.9930978,0.0066062445
0,1,0,0,0,5.4347525,-0.4040682
1,1,0,0,0,4.861268,-0.031775247
0,0,0,0,1,-1.2983847,0.29677638
1,0,1,0,0,-0.21388435,0.41255513
0,0,0,0,1,2.9987593,0.2791288
0,0,0,0,1,-0.7416024,0.37759048
1,1,0,0,0,10.4865265,0.39120644
0,0,0,0,1,1.2165811,-0.082113124
0,0,0,0,1,0.49176264,0.20282327
1,0,1,0,0,-0.15423012,0.61134595
1,0,1,0,0,0.8720608,0.54780376
0,0,0,0,1,-0.020375252,-0.7533604
0,0,0,1,0,-3.6692934,-0.912504
0,0,0,0,1,-1.2987223,0.118081756
0,0,0,0,1,-0.9196465,0.23354994
0,0,0,0,1,-0.13088465,0.038770523
0,1,0,0,0,4.4122562,0.597843
1,1,0,0,0,8.368781,0.013245227
1,1,0,0,0,5.7838364,-0.035020642
0,0,1,0,1,-1.9923315,0.05819126
0,0,0,0,1,-0.056953907,0.023283666
0,0,0,0,1,-0.3470459,-0.12544493
0,1,0,1,1,-4.729032,-0.7483253
0,0,0,0,1,-0.0043370724,0.2681411
0,0,1,0,0,-0.3994856,0.654684
0,0,0,0,1,0.7661545,-0.44758508
1,1,0,0,0,6.8931084,0.5515092
1,1,0,1,0,6.9422398,0.025533747
0,0,0,1,0,-2.3029163,-0.2535696
1,1,0,0,0,5.4828396,0.23495826
1,1,0,1,1,-4.504727,-1.3792734
0,1,0,0,0,6.906213,-0.13005444
1,0,0,1,0,-4.3023996,-0.974321
0,1,0,0,0,3.5887756,-0.913004
1,1,0,0,0,4.739025,0.11676375
0,0,0,1,0,-4.235202,-0.8498251
1,1,0,0,0,6.279976,-0.0789531
0,0,1,0,0,-0.6324599,0.4106186
0,0,0,0,0,0.21657658,0.2417882
1,0,0,0,0,0.45623684,0.51869583
0,0,0,0,1,-0.5992923,-0.25846273
0,0,0,1,0,-3.7708697,-0.7940775
0,0,0,1,0,-3.725092,-0.7900389
0,0,0,1,0,-2.8568928,0.24750051
0,1,0,1,0,4.8990116,-0.25060287
0,0,0,0,1,0.67521644,0.2312815
1,1,0,0,0,10.2846,0.10561357
1,1,0,0,0,10.003506,0.06546402
1,1,0,0,0,9.859463,0.47173735
1,1,0,0,0,8.714911,-0.06796398
0,0,0,0,1,-0.6994314,-0.89552027
0,0,0,0,1,-0.7334037,0.0
0,1,0,1,1,-4.141062,-0.94417334
0,1,0,0,0,6.972806,-0.024759114
1,1,0,0,0,6.336296,0.28805238
0,0,0,0,1,0.35998726,-0.4106452
0,0,0,0,1,0.31604958,-1.4989239
0,0,0,0,1,2.8749511,0.38298517
0,0,1,1,0,-0.12602901,0.6399321
0,0,0,0,1,0.58259296,-0.43614864
0,0,0,1,0,-2.212321,0.82033414
1,1,1,0,0,5.889268,0.03731957
0,0,0,0,1,0.4369383,-0.9014903
0,0,0,0,1,2.1278448,0.009502037
0,0,0,1,0,-3.2183604,-0.13760789
0,0,0,0,1,-0.76230574,-0.048913628
1,0,1,0,1,4.7247014,0.5380393
0,1,0,0,0,4.52569,-0.14051382
0,0,0,0,1,-1.0654113,0.24062455
0,0,0,0,1,-0.8806739,-0.035179507
1,0,0,1,1,0.1510458,0.4560999
0,1,0,0,0,5.0566454,0.016430503
0,1,0,0,0,4.6431894,-0.07199561
0,0,0,0,0,-0.33910513,0.26783723
1,1,0,0,0,10.885418,-0.21268225
1,1,0,0,1,10.679582,-0.031234168
0,0,0,0,1,0.4389131,-0.031234168
0,0,0,0,1,0.0,-0.3842111
0,0,0,1,0,-3.327164,-0.015027624
0,0,1,0,0,-0.41715288,0.6269129
0,0,0,0,1,1.4936066,-0.74328464
0,0,0,1,0,-2.0991876,0.12056659
1,1,0,1,0,7.915312,-0.1320208
1,1,0,0,0,8.2658615,0.03077902
0,0,0,0,1,1.6393738,-0.39658025
0,0,0,0,1,-1.452441,-0.74242556
0,0,0,1,0,-1.9495013,-0.41616875
0,0,0,0,1,0.859602,-0.2298724
1,1,0,0,0,10.109337,0.27787033
1,1,0,0,0,9.874192,0.19675733
0,0,0,0,0,-1.062429,-0.3162511
0,0,0,0,1,-1.2857025,-0.7944997
1,0,0,1,0,-5.6267023,-0.9372433
0,0,1,1,0,-0.99197316,0.595763
0,0,0,1,0,-3.0561283,-0.3803328
0,0,0,0,0,1.8853543,0.6535117
0,0,0,0,0,-2.2111545,0.7682429
1,1,0,0,0,4.041003,0.23026219
0,0,0,1,0,-2.074576,-0.23527248
0,1,0,0,1,3.703514,-0.960462
1,1,0,0,0,9.147125,-0.6268749
0,0,0,0,1,0.44059324,-0.5912685
1,0,0,0,0,0.20706272,0.37989888
0,0,0,0,1,0.95917225,-0.83037585
1,1,0,1,0,-2.578018,-0.15352453
0,0,1,1,0,-2.0357912,-0.12229565
0,0,0,0,1,0.64376736,-0.29261735
1,1,0,0,0,9.88204,0.0034585118
0,0,0,1,1,-1.252289,0.35915726
1,0,1,1,0,-0.0745821,0.51647747
0,0,0,0,1,0.67897797,-0.7230776
0,0,0,0,0,-0.66568685,0.2017377
0,0,0,0,1,1.4297042,-0.84655005
0,0,1,0,0,-0.74269104,0.6922596
1,0,0,0,0,-0.736835,0.7469343
1,1,0,0,0,8.523576,-0.6319386
0,0,0,0,1,0.48956347,0.10545452
1,1,0,0,0,8.097592,-0.0036237873
0,0,0,0,1,0.8578296,-0.23382081
1,1,0,0,0,8.6536875,-0.28877464
0,1,0,0,0,8.039521,0.5625978
0,1,0,0,0,4.4185343,-0.91835046
0,0,0,0,1,-0.9449897,0.1354226
0,0,0,1,0,-3.4818614,-0.099875584
0,0,0,0,1,0.006259918,-0.019279307
0,0,0,1,0,0.64745665,0.19566229
0,0,0,0,1,-0.47341156,0.31568146
0,0,0,0,1,0.27942324,0.15680887
0,0,0,0,0,-2.058374,0.3357957
0,0,0,0,1,-0.2085743,0.10432294
0,0,0,0,1,-1.3861012,-0.44501588
0,0,0,0,1,-0.57185316,0.10066177
1,0,0,1,1,0.2942443,-0.99475586
0,0,0,0,1,-0.9068079,0.36090454
0,0,1,0,0,-0.73095083,0.52497286
1,1,1,0,0,0.20929718,0.66938186
0,0,1,0,1,0.37267828,-0.32070032
0,0,0,0,1,-0.04302454,-0.07401557
0,0,0,0,1,-0.13562727,-1.0062244
0,0,0,0,0,-1.5184469,0.33744237
1,1,0,0,1,10.872548,-0.5423842
1,1,0,0,1,10.824674,-0.81713575
1,1,0,0,1,10.441725,-0.19254649
1,1,0,0,0,5.5983105,0.1097049
0,1,0,0,1,4.0175457,-0.81411654
0,0,0,0,1,0.19429064,-0.4379261
0,0,0,0,1,-0.0021734238,-0.24856701
0,0,1,0,1,-0.85643435,-0.09092475
1,0,1,0,0,-0.14456892,0.56705123
0,0,1,0,0,-0.79558015,0.6562015
0,0,0,1,0,-0.06607342,0.24938162
0,0,0,0,1,-0.002611637,0.36993265
1,1,0,0,0,10.473597,-0.06251438
0,0,0,0,1,2.285062,-0.10643298
1,0,0,0,0,1.5603323,0.4758507
1,0,0,1,0,-4.504727,-0.42060968
0,0,1,0,0,-0.594306,0.46956
0,1,0,0,0,4.5454826,-0.82172906
1,1,0,0,1,10.26078,-0.973885
1,1,0,0,0,8.299311,-0.44090042
1,1,0,1,1,-5.4302187,-0.87664926
0,0,0,0,1,-0.9697435,0.54012346
0,0,0,0,0,-2.1432323,0.17317289
0,0,0,0,0,-2.0949063,0.4690638
1,0,1,0,0,-0.02678299,0.58802444
1,0,0,0,0,0.002611637,0.7852843
0,0,0,0,1,-0.9658387,0.5392337
0,0,0,0,1,3.1789317,-0.37341794
0,0,1,0,0,-0.26616,0.5352318
0,0,0,0,1,-0.15352798,-0.39694872
0,0,0,0,0,-1.4485083,0.3658287
0,0,0,0,1,-1.8215375,0.30518237
0,0,0,0,1,0.22460985,-0.22006905
0,0,0,0,0,-2.6976597,-0.8673046
0,0,0,1,0,-3.4855735,-0.2068069
0,0,0,0,1,0.54425097,0.022156723
0,0,0,0,1,1.88626,-0.0037890903
0,0,0,0,1,3.7972584,-0.042038213
1,0,1,0,0,0.08348894,0.4297491
0,0,1,0,1,0.097008705,0.015516848
1,1,0,0,0,6.0471554,0.31836858
1,1,0,0,0,6.275405,-0.051683232
0,0,0,0,0,-2.3776934,0.35129425
1,0,0,0,0,-0.63756704,0.6170416
1,0,0,0,0,-0.11393261,0.35978067
0,0,0,0,0,3.1499119,0.32645258
0,1,0,0,0,4.907323,0.0205446
0,1,0,0,0,6.116189,-0.19932672
1,1,0,0,0,5.4118376,0.029199155
0,0,0,0,1,0.005512953,0.1706438
0,0,0,0,1,0.5969579,-0.30417895
0,0,0,0,1,0.10949874,0.094044164
0,0,0,0,1,0.32380176,-0.052025437
0,0,0,0,1,0.5653994,-0.8171377
0,0,0,0,1,0.8218348,-0.6972269
0,0,0,0,1,3.5965717,-0.12229334
0,0,0,0,1,0.20812345,-1.2500321
1,0,1,0,0,-0.15176558,0.50249666
0,0,0,0,1,0.071841955,-0.4548971
1,0,0,0,0,-0.014158964,0.19765681
0,0,0,0,1,-0.09043431,-0.39125636
1,0,0,0,0,0.61997724,0.41471273
0,0,0,0,1,0.62900376,-0.9665677
0,0,1,0,0,-0.1645348,0.67306626
1,0,0,1,0,-4.4513664,-1.3972856
0,0,1,0,0,-0.36208558,0.44771948
0,0,0,1,1,0.1842053,0.11985453
0,0,0,0,1,-0.35942435,-1.3445196
0,0,0,0,1,0.14803195,0.08424016
0,0,0,0,0,-0.6517391,0.07791478
0,0,0,0,1,0.19359756,0.054745395
0,0,0,0,1,-0.41403747,-0.032902684
1,0,0,0,0,-0.018371344,0.15900943
0,0,0,0,1,0.051178217,-0.22609392
0,0,0,0,0,-0.086713076,0.2608806
0,0,0,0,1,-0.12600446,0.03786088
0,0,0,0,1,-0.06655955,-0.1816772
0,0,0,0,1,0.10314822,-0.18928966
0,0,0,1,0,-1.7681129,-0.14149295
0,0,0,0,1,0.28114152,-0.32829422
0,0,1,0,0,-0.5828614,0.67917144
0,0,1,0,0,-0.20891547,0.44435745
0,0,1,0,0,-0.6179018,0.54054195
0,0,0,0,1,-0.09926057,-1.1544839
0,0,0,1,0,-1.2481952,-0.14569983
0,0,0,0,1,0.03839755,-0.09954059
0,0,0,0,0,-0.8322904,0.06604609
0,0,0,0,1,0.57381654,-1.116454
0,0,0,0,0,-0.69288874,0.3176949
0,0,0,0,1,0.60978436,0.061319377
0,0,0,0,1,-0.24145246,-0.08753621
1,0,0,0,0,0.19522882,0.39396808
0,0,0,0,1,-0.0871346,0.09716125
0,0,0,0,1,-0.33957982,0.0017148999
0,0,0,0,0,-0.7359941,0.17946076
0,0,0,0,1,0.80237937,-0.10500184
0,0,0,1,1,0.0,0.26675743
0,0,0,1,1,0.41579938,-0.9747726
0,0,0,0,1,-0.32716727,0.053831737
0,0,1,1,0,-0.9163604,0.6036788
0,0,0,0,1,-0.56822824,-0.16069074
0,0,0,0,1,0.61337686,-0.8086805
0,0,0,0,1,-0.024310827,-0.36667585
0,0,0,0,1,0.85363936,-0.8012491
0,0,1,0,0,-0.6427989,0.5928959
0,0,1,0,0,-0.83359313,0.606488
0,0,0,1,1,-0.07233453,-0.57691205
0,0,1,0,0,-0.72215176,0.6944875
1,0,0,0,0,1.027179,0.34523934
1,0,1,0,0,0.15674949,0.5323306
1,0,0,0,0,0.1790111,0.41457114
0,0,1,0,0,-0.369838,0.6080063
0,0,0,0,1,0.36937118,0.030714665
0,0,1,0,0,-0.7014153,0.61591107
0,0,0,0,1,0.6930077,-0.15079649
0,0,0,0,1,-0.005512953,-0.501401
0,0,0,0,1,-0.082431555,-0.16270661
0,0,0,1,0,-1.7546949,-0.14942655
0,0,0,0,1,1.3707387,-0.20904048
0,0,0,0,0,-0.51568866,0.1819657
0,0,0,0,1,-0.40548587,-0.1870903
0,0,0,0,0,-0.42406726,0.063635245
0,0,0,0,1,0.95527005,-0.01707818
0,0,0,0,1,0.037484884,-0.18721953
0,0,0,1,0,-2.6572118,-0.9232804
0,0,0,0,0,-0.17397475,0.20020436
0,0,0,1,0,-2.0979652,-0.3622009
0,0,1,0,0,-0.22799754,0.44538784
0,0,0,0,1,1.0547264,-0.09540518
0,0,0,0,0,-0.69538426,0.18571135
0,0,1,0,0,-0.28972268,0.5092181
0,0,0,0,0,-0.24434972,0.40953118
0,0,0,0,0,-0.7683492,0.19218846
1,0,0,0,0,-0.01826787,0.4151374
0,0,0,0,1,1.0984404,-0.5065461
1,1,0,0,1,-0.8403292,0.42282137
0,0,1,0,0,-0.69507957,0.4620691
0,0,0,0,0,-0.7574024,0.1773087
0,0,0,0,1,1.1789262,-0.18257736
0,0,0,0,1,0.8636229,-1.3197467
0,0,0,1,1,1.0468853,-0.8908911
0,0,1,0,0,-0.7362056,0.43773764
0,0,0,0,1,0.86284137,-0.037454456
0,0,0,0,1,0.68996596,-0.371948
1,0,1,0,0,0.70416045,0.6049088
0,0,0,0,1,0.68452764,-0.35835916
0,0,0,0,0,0.22657895,0.26162344
1,0,1,0,0,0.27553296,0.6348926
0,0,0,0,1,0.54807115,-0.7783464
0,0,0,0,1,0.662554,-0.7514018
0,0,0,0,1,0.03576827,-0.94869506
0,0,0,0,1,0.56058574,-0.46610835
0,0,0,1,0,0.44391942,0.2878443
0,0,0,1,0,-2.5937986,-1.0195085
1,0,1,0,0,0.07141137,0.5234798
0,0,0,0,1,1.0978673,-0.68780094
0,0,0,0,0,-0.4581418,0.15846072
0,0,0,0,1,0.04926324,-0.049544606
0,0,0,0,1,-0.27945113,-0.26500294
0,0,0,0,1,0.21284842,0.13166885
0,0,0,0,1,0.2382052,-0.98132807
0,0,0,0,1,-0.018639326,0.13953039
0,0,0,0,1,0.10475683,-0.0131353615
0,0,0,1,1,-0.38700604,-0.04404114
0,0,0,0,1,-0.10037112,-1.0567347
1,1,0,0,0,8.544578,0.39276204
0,0,0,1,1,0.07687783,0.21768534
0,0,0,0,1,-0.17653012,-0.1991817
0,0,0,0,1,0.3681767,0.15424402
0,0,0,0,1,0.32363343,-1.2263712
0,0,0,0,1,0.7870648,0.08197158
0,0,0,0,1,0.9812567,0.07164891
0,0,0,1,0,-2.5407984,-0.8937688
0,0,0,0,1,0.47489238,-0.666077
0,0,0,1,0,-0.6284344,0.07632716
0,0,0,0,1,0.4716499,-0.6292103
0,0,0,0,1,0.30283952,-0.3753743
0,0,0,0,0,-0.6282294,0.10230265
0,0,0,0,0,-0.9452417,-0.41678146
0,0,0,0,1,-0.61971664,0.87593615
0,0,0,0,1,0.800792,-0.27822208
0,0,0,1,1,-0.57078314,-0.1820411
0,0,0,0,0,-0.38682246,0.40289092
0,0,0,0,1,1.3383253,-1.4719605
0,0,0,0,1,1.0754468,-0.017623466
0,0,0,0,1,-0.17709088,-0.0017148999
0,0,0,1,0,-2.740149,-1.2136644
0,0,0,0,1,1.1251242,0.07334357
0,0,0,0,1,1.0254567,-0.34132713
0,0,0,0,0,-0.4862697,0.20867862
0,0,0,0,1,-0.21582961,-0.42461696
0,0,0,0,0,-0.6217861,0.17199838
0,0,0,0,1,0.3319347,0.056874026
0,0,0,1,1,-0.027939081,-0.6456323
0,0,0,1,1,0.07136798,0.049964834
0,0,0,0,1,0.8889382,-0.084732465
0,0,0,0,1,0.0827682,-1.3665533
0,0,0,1,0,-2.1302314,0.027800122
0,0,0,0,1,0.0,-0.6833774
0,0,0,0,1,0.8147905,-0.126785
0,0,0,0,1,-0.33634162,-0.33951935
0,0,0,0,1,-1.2027893,0.0
0,0,0,0,1,0.13319254,-0.16957246
0,0,0,0,1,-0.10475683,0.0131353615
0,0,0,0,0,-0.81203175,0.4157741
0,0,0,0,1,0.50313735,0.18864456
1,0,0,0,0,-0.060529947,0.3774978
0,0,0,0,1,1.479336,-0.85119826
1,0,1,1,0,-0.06265473,0.5903453
0,0,1,0,0,-0.4264605,0.44277543
0,0,1,0,0,-0.38792634,0.61086154
1,0,0,0,0,-0.006935358,0.27961248
0,0,0,0,1,-0.100586414,0.0
0,0,0,0,0,-0.8797293,0.03806726
0,0,0,0,0,-0.2247026,0.16202189
1,0,0,0,0,-0.016519785,0.3938235
0,0,0,0,0,-0.64960766,-0.24522223
0,1,0,0,0,5.8502064,-0.66867125
0,0,0,0,1,0.37023377,-0.36930847
1,0,0,1,0,-2.503849,-0.22784229
0,0,0,1,0,-0.75412583,0.41173485
0,0,0,0,1,0.013061285,-0.6970117
1,0,1,0,0,0.12559867,0.59478986
0,0,0,0,1,0.535558,0.16820091
0,0,0,0,1,1.1784136,-0.39825496
0,0,0,0,1,0.7217891,-0.7410038
0,0,0,0,1,0.061486006,0.075929865
0,0,0,0,1,0.22030282,-0.058595467
0,0,0,0,1,0.30838513,-0.033678353
0,1,0,0,0,8.008289,0.43267453
0,0,0,0,1,0.61161494,-0.44631913
0,0,0,0,1,0.47498393,0.054136384
0,0,1,0,0,-0.18762612,0.5885024
0,0,0,0,1,0.21654487,0.23206545
0,0,0,0,1,-0.28302026,-0.13681199
0,0,0,0,0,-0.64551544,0.094141714
0,0,0,0,1,-0.47050786,-0.30738035
0,0,0,0,1,0.25407815,0.02936254
0,0,1,0,0,0.07795644,0.7221974
1,0,1,0,0,0.19104695,0.6585816
0,0,0,0,1,0.99970746,-0.3549906
0,0,0,0,1,-0.5269227,-0.7978783
1,1,1,1,0,-1.0717874,0.57168764
0,0,0,0,1,-0.17270327,-0.18690494
1,0,0,0,1,0.4558487,0.8256642
0,0,0,0,1,1.6650574,-0.7173906
0,0,0,0,1,0.9590926,-0.9789409
0,0,0,0,1,0.37397504,0.18137479
0,0,0,0,1,0.09486008,0.045063946
0,0,0,0,1,0.7698171,-0.4253854
0,0,0,0,0,0.1323173,0.21788861
0,0,0,0,1,-0.21245384,-0.2965623
0,0,0,0,1,-1.6645937,0.5236432
0,0,0,0,0,-0.43284106,0.26183277
0,0,1,0,0,-0.5153856,0.5219568
0,1,0,0,0,8.813313,-0.23640098
0,0,0,0,1,0.25407434,-0.15259232
0,0,1,1,0,-0.73633146,0.5194756
1,1,0,0,1,11.8215065,0.43271083
0,0,0,0,1,0.02316475,-0.3102431
1,0,0,0,0,0.9624932,0.20869373
0,0,0,0,1,0.41670656,-0.04776636
0,0,0,0,1,-0.4044714,-0.45695174
0,0,0,0,1,0.21273208,-0.83389074
1,1,0,1,1,-3.677402,-1.3839371
0,0,0,0,1,1.2146397,-0.02894988
0,0,0,0,1,-0.5706725,-0.1278463
0,0,0,0,1,0.5553782,-0.6855951
0,0,0,0,1,-0.2679727,-0.36644447
0,0,0,0,0,-0.77512765,0.33203566
0,0,0,0,0,-0.873024,0.04477801
0,0,0,0,1,0.0017316341,0.16575085
1,0,0,0,0,0.93313384,0.22783147
0,0,0,1,1,-0.35440207,0.1854567
0,0,0,0,1,-0.53129053,0.55201334
0,0,0,0,0,-1.0409362,0.5936027
0,1,0,0,0,7.3391223,-0.60500485
0,0,0,0,1,-0.3488276,-0.26524985
0,0,0,0,1,-0.19726539,-0.37552303
0,0,0,0,1,0.729995,-0.7725876
0,0,0,0,1,-0.30487418,-0.44702706
0,0,0,0,1,0.13796186,-0.21625656
1,0,1,0,0,0.16090989,0.60860676
0,0,0,0,1,0.55855966,-0.50189275
0,0,0,0,1,-0.26287484,-0.25873694
0,0,0,1,1,-0.3647492,-0.39161164
0,0,0,0,0,-0.9431026,0.34741324
0,0,0,0,1,-0.50943613,-0.71390975
0,0,1,0,0,-1.0615442,1.1165589
0,0,0,0,1,0.39508748,-0.79153144
0,1,0,0,0,4.672891,0.23438433
0,0,0,0,0,-0.45781088,0.7203039
0,0,0,0,0,-1.3481314,0.38569906
0,0,0,1,0,-1.2668965,0.31256652
1,1,0,0,0,7.8682036,0.25145668
0,1,0,0,0,8.005953,-0.07879207
0,0,0,1,1,0.7207463,-0.7542179
1,0,1,0,0,-0.12214017,0.5680853
0,0,0,0,1,0.33080506,-0.41758713
1,0,1,0,0,-0.05218005,0.60712856
0,0,0,0,1,-0.17128587,-0.5175371
0,0,0,0,0,-0.3284955,0.7088455
1,0,0,1,0,-5.2204323,-0.8131458
0,0,0,0,1,0.34879565,-0.30439433
0,0,0,0,1,0.70902896,-1.324097
0,0,0,0,0,-0.2397983,0.14654782
0,0,0,1,1,-0.46981978,-0.12204919
1,1,0,0,1,11.837051,-0.3372408
0,0,0,1,0,-1.2044799,0.23250149
0,0,0,0,0,-0.6178868,0.28902322
0,0,1,0,0,-0.62724996,0.51518095
0,0,0,0,1,0.3274107,-0.14015226
0,0,0,0,1,1.160831,-0.34650964
0,0,1,0,0,-0.83069587,0.42086202
0,0,0,0,1,0.2215867,-0.50480753
0,0,0,0,1,0.24822569,-0.05666273
0,0,0,0,1,-0.14096928,0.4001162
0,0,0,0,1,0.28703618,0.10887339
0,0,0,0,1,-0.19279695,-0.6299692
1,1,1,1,0,-3.017438,0.52677757
0,0,0,1,1,-0.5843177,0.1795291
0,0,0,0,1,-0.1830957,-0.18334498
1,0,1,0,0,-0.25123382,0.48523346
0,0,0,0,1,0.54689884,-0.60277575
0,0,0,0,1,-0.060027838,-0.44768032
0,0,1,0,0,-0.46085668,0.55958927
0,0,0,0,1,-0.79755783,0.09102449
0,0,0,0,1,1.5255659,-0.5862422
1,0,1,0,0,0.94394135,0.6261209
0,0,0,0,1,-0.7476897,-0.43365616
0,0,0,0,0,-0.5670309,-0.12119566
0,0,0,0,1,-0.42143726,0.0903714
1,0,0,0,0,0.111275434,0.2709521
0,0,0,0,0,-0.70986676,0.38698173
1,0,1,0,0,0.07456517,0.66810113
1,1,0,0,0,10.864573,-0.057793442
0,0,0,0,1,0.08886886,-0.78808117
0,0,0,0,1,1.2745869,-0.22274129
0,0,0,1,0,-1.9920454,-0.26746228
0,0,0,1,0,-2.7389412,0.48118615
0,0,0,0,1,2.2479217,-0.06630081
0,0,0,0,1,-0.030607224,-0.70783335
0,0,0,0,1,1.2565753,-0.23165236
0,0,0,1,0,-3.313527,-0.73325104
0,0,0,1,0,-3.6960626,-0.45479494
0,0,0,0,1,0.20171642,0.014166601
0,0,0,0,1,-0.16090822,0.37727404
0,0,0,0,1,-0.2851262,0.0
0,0,0,0,1,-0.0844686,-0.057525415
0,0,0,1,0,-1.9280779,-1.4118223
0,0,0,0,1,0.0941937,0.06327599
0,0,0,0,1,-0.29655004,-0.897148
0,0,0,0,1,-0.10237694,0.1088976
0,0,0,0,1,0.38120294,-0.049813576
1,1,1,0,0,-0.3907578,0.6684758
0,0,0,0,1,-0.12133098,-0.16741829
1,0,0,1,0,-1.9628842,0.07118349
0,0,0,0,1,-0.14914775,0.13730696
1,0,0,1,1,0.05140233,-0.33253285
0,0,1,0,0,-0.4243691,0.5906647
1,0,1,0,0,0.1190784,0.43980545
1,0,0,1,0,-4.4736986,-1.4178386
0,0,0,0,1,1.4074643,-0.194951
0,0,0,0,0,-1.1155143,0.7867598
0,0,0,0,1,-0.10243344,-0.13798293
0,0,0,0,0,-0.33967376,0.37017822
0,0,0,0,1,0.0,-0.961566
0,0,0,0,1,-0.79687595,-0.54052186
0,0,0,0,1,0.54074764,0.28612608
0,0,0,0,1,0.86141324,-0.73356694
0,0,0,0,0,-0.57998085,0.29347098
0,0,0,0,1,-0.20124388,-0.56455946
1,1,1,1,0,-1.3989592,0.46543595
0,0,0,0,0,-0.4884832,0.38193464
0,0,0,0,0,-0.63722324,0.38783225
0,0,0,0,1,0.053098917,-0.9846018
0,0,0,0,1,0.7398813,-0.6880852
0,0,0,1,0,-2.2168589,-0.07341876
1,0,1,0,0,0.096426725,0.46484578
0,0,1,0,0,-0.5713787,0.45515648
0,0,0,0,1,-0.028577805,-0.05818111
0,0,0,0,1,0.056694508,0.47417787
0,0,0,1,1,-0.51183033,0.46845558
0,0,0,0,1,0.28512883,-0.3160704
0,0,1,0,0,-0.8217144,0.49457332
1,0,1,0,0,0.43633723,0.41294813
0,0,0,0,1,-0.07281613,0.06121565
0,0,0,1,0,-1.380825,0.42926356
1,0,0,0,0,-0.1376152,0.77368224
0,0,0,0,1,0.020792007,0.117654555
0,0,0,0,1,0.2831552,0.23652321
1,0,0,0,0,0.06773162,0.35740593
0,0,0,0,1,1.6835618,0.07367672
0,0,0,0,1,1.2072296,0.3917881
1,0,1,0,0,-0.16095185,0.43859407
0,0,0,0,1,1.6261609,-0.5720813
0,0,0,1,1,-0.2919984,-0.67727
1,1,1,0,1,-0.027512312,0.52517325
0,0,0,0,1,-0.116508484,-0.11666331
0,0,0,0,1,-0.18608928,0.04297927
0,0,0,0,1,0.3970883,0.049558897
0,0,0,0,1,0.34057975,-0.71846086
1,0,0,0,0,0.45447612,0.34031653
0,0,0,0,1,0.19669461,-0.95785266
0,0,0,0,1,-0.33949256,0.016732639
0,0,0,0,1,1.075618,-1.5479276
0,0,1,0,0,-0.42235112,0.5845729
1,0,1,0,0,0.12948012,0.64989674
0,0,0,0,1,0.07985139,0.084896885
0,0,0,0,1,-1.2478433,0.4769606
0,0,0,0,1,-0.106942415,-0.36313617
0,0,0,0,1,-0.46665144,0.29010317
1,0,0,0,0,-0.01590228,0.3740645
0,0,0,0,0,-0.840049,0.029384578
0,0,0,0,1,0.78679967,-0.00464634
0,0,0,0,1,0.8615389,-0.5173096
0,0,0,1,0,-1.5708294,0.40856984
0,0,0,0,1,0.31646752,-0.3846848
0,0,0,0,1,-0.61073065,-0.78124
0,0,1,0,0,-0.58836555,0.58544546
1,1,1,0,1,0.1059854,0.5990739
0,0,0,0,1,0.07357502,-0.6236386
0,0,0,0,1,0.040267706,-0.09550823
0,0,0,1,0,-2.657614,-0.9144544
1,1,0,0,1,11.656269,-0.25393093
1,1,0,0,1,11.185293,0.085294254
0,0,0,0,1,0.1099298,-0.55976164
0,0,0,0,1,0.4108255,-1.0543336
0,0,0,0,1,-0.020792007,-0.6679638
0,0,0,0,0,-0.46796823,0.11642975
0,0,0,1,0,-1.7061884,-0.08909213
0,0,0,0,1,-0.04305148,-0.52245456
0,0,0,1,0,-2.0705116,-0.44181615
1,0,1,0,0,-0.19845176,0.4890183
0,0,0,0,1,0.42725492,-0.15832509
0,0,0,0,1,0.14545703,0.067383975
1,0,0,0,0,-0.011040926,0.20393667
0,0,0,0,1,2.1689398,-0.411266
0,0,1,0,1,1.9075079,0.14720193
0,0,0,0,1,1.8851695,0.26979953
0,0,0,0,1,1.5991025,0.29372585
0,0,0,0,1,0.060491562,0.37375912
1,1,0,1,1,-4.4736986,-1.3427151
0,0,1,0,0,-0.15130973,0.620242
0,0,0,1,0,-2.2003267,-0.6251894
1,0,0,1,0,-0.2253468,0.33218548
0,0,0,1,0,-3.2239304,-0.66381437
0,0,1,0,1,0.52377033,0.00036576446
0,0,0,1,0,-2.1400359,0.30515885
0,0,0,0,1,-0.23026252,-0.34779137
0,0,0,0,1,0.42395186,-0.2942534
0,0,0,1,0,-2.266405,-0.16359891
1,1,0,0,0,11.478817,0.047160015
1,1,0,1,1,11.111528,0.27321222
1,0,0,1,0,-2.7250416,0.7991726
0,0,0,0,0,-0.6609044,0.3744236
0,0,0,0,1,-0.7249174,-0.004861458
0,0,0,0,0,-1.016618,0.36127383
0,0,0,0,1,-0.0060629845,0.25046045
0,0,0,0,0,-0.17818713,0.18978731
0,0,0,0,0,-1.025162,-0.10745608
0,0,0,0,0,-0.4615624,0.20911737
0,0,0,0,1,-0.4165659,0.061022654
1,0,0,1,0,-2.7504249,-0.21394871
1,1,0,0,0,6.857907,0.11495401
1,1,0,0,0,6.785117,0.42439198
1,0,1,0,0,0.028044462,0.41432896
0,0,0,0,1,0.0593431,-0.5901907
1,0,0,0,0,0.18384194,0.38804477
0,0,0,0,1,0.09864831,0.1582921
0,0,0,0,0,-0.83568335,0.17245658
0,0,0,0,1,-0.9606781,0.3833956
0,0,0,0,1,0.2378881,-0.24623762
0,0,0,0,1,0.43184733,-0.51858884
0,0,0,0,1,3.4672656,-0.7068193
0,0,0,0,1,0.25094175,0.1876018
0,0,0,0,1,-0.27285624,-1.0015908
0,0,0,0,1,-0.5608883,-0.35487527
1,1,0,0,0,7.875631,0.23003396
0,0,0,1,0,-0.9500425,0.28227493
0,0,0,1,0,-0.45977998,0.3138932
1,0,1,0,0,0.049865007,0.63589823
0,0,0,0,1,0.6634886,-0.26934206
1,0,1,0,0,0.20144916,0.60016304
1,0,0,1,0,-2.9025888,-0.9039292
0,0,0,1,0,-2.7638302,-0.8295309
0,0,0,1,0,-3.032201,0.0071422174
0,0,0,1,0,-1.504381,0.0
0,0,0,0,1,-0.0017316341,-0.19787368
0,0,0,0,1,0.24501729,0.00464634
0,0,0,1,0,-2.1795394,-0.93312687
0,0,0,0,1,0.07504082,0.22061855
0,0,0,0,1,0.2496047,-0.83036983
0,0,0,1,0,-2.1451602,-1.3604647
1,0,1,0,0,0.052957773,0.59717935
0,0,0,0,1,0.1977303,-1.0239344
1,0,1,0,0,0.036015272,0.59861493
1,0,0,0,0,4.457124,0.53888977
1,0,1,0,0,0.17175364,0.6263442
0,0,0,0,1,0.12153554,-0.05168099
0,0,0,0,1,1.883954,-0.08849243
0,0,0,0,1,1.3087237,-0.46232718
0,1,0,0,0,5.8457255,-0.4270051
0,1,0,0,0,5.5788136,-0.0071422174
0,0,0,0,1,-0.29861212,-0.09109349
0,0,1,0,0,-0.39479518,0.4696228
0,0,0,1,0,-0.38160777,0.02816717
0,0,0,0,1,0.560493,-0.009722309
1,0,1,0,0,0.1425302,0.65993124
0,0,0,0,1,1.3228464,-0.17877927
0,0,0,0,1,0.80216074,0.6075268
1,1,0,0,1,11.296085,-0.39826593
1,1,0,0,1,11.051489,-0.5187555
1,1,0,0,1,10.671944,-0.08604191
1,0,1,0,0,0.15758729,0.63832766
0,0,0,0,1,-0.51814866,-0.73443705
0,0,0,0,1,0.6666243,-0.4401933
0,0,0,1,0,-1.8500497,0.22449622
0,0,0,1,1,-0.25189567,-0.35580686
0,0,0,0,1,0.5855758,-0.025742156
0,0,0,0,1,0.13724828,-0.8462261
1,1,1,0,0,6.700496,0.09302945
0,0,0,0,1,0.10704088,-0.13868167
0,0,0,0,1,-0.8978934,-0.56606036
0,0,1,0,1,0.3217423,-0.33326113
0,0,0,1,0,-2.6866198,-0.5770525
0,0,0,0,1,0.614763,-0.87286144
0,0,0,0,1,0.042190075,-0.18646403
0,0,0,1,0,-2.2612839,-0.12782505
0,0,0,0,0,-0.9299011,0.8848146
0,0,0,0,1,0.0,-0.28380984
0,0,0,0,1,0.70023656,-0.42251363
0,0,0,0,0,-0.8477261,-0.32052028
1,0,1,0,0,0.28339314,0.4157079
0,0,0,0,1,-0.24129081,-0.36870638
0,0,0,0,1,-0.15670395,0.06136677
0,0,0,0,1,-0.36890745,0.20438159
0,0,0,0,1,-0.9591532,0.59607744
0,0,0,0,1,0.579798,-0.16470626
0,1,0,0,0,5.3436,-0.33800992
0,1,0,0,0,4.9913225,-0.36256024
0,1,0,0,0,4.7428384,0.2705009
0,1,0,0,0,8.184177,-0.53277063
0,0,0,0,1,-0.123423815,-0.0803452
0,0,0,1,0,-2.1991024,-0.24969563
1,1,0,0,0,10.216522,-0.3616259
1,1,0,0,0,10.072237,-0.08318464
1,1,0,0,0,9.140795,1.098774
0,0,0,0,1,0.06749582,-0.320972
0,0,0,1,1,0.20022321,-0.105088726
0,0,0,0,0,-0.19569945,0.26536238
0,0,0,0,0,-0.24820495,0.13119017
0,0,0,0,0,-0.7630315,-0.17877927
1,0,0,0,0,4.3611026,0.3842054
1,0,1,0,0,0.18037868,0.45879272
0,0,0,0,1,0.5690179,0.051686484
0,0,0,0,0,-1.1797943,0.28461352
0,1,1,0,0,6.902945,0.050469834
0,1,0,0,0,6.7478924,0.20107406
1,1,0,0,0,5.9160905,1.1377646
0,0,0,0,1,0.45362473,0.020817116
0,0,0,0,1,4.6630816,-0.23177776
0,0,0,0,0,4.4665756,-0.100243114
1,0,0,0,0,3.8080401,0.613559
0,0,0,0,1,1.046222,-1.0558331
0,0,0,0,1,-0.15654588,0.025015319
0,0,0,0,1,0.022023916,-1.2665244
0,0,0,0,1,-0.10301399,-0.44112167
0,0,1,0,0,-0.696882,0.5890438
0,0,0,0,0,-0.34279847,0.35198665
0,0,0,0,1,0.39703202,0.11242546
1,1,0,0,0,9.385571,0.08415687
0,0,0,0,1,0.13509083,-0.121201254
0,0,0,0,1,-0.08311868,-0.15466207
0,0,0,0,1,0.008305073,0.17230263
0,0,0,0,1,-0.2145462,0.646475
0,0,0,0,0,-0.7826531,-0.11522549
0,0,0,1,0,-2.4199452,-1.1684897
0,0,0,0,1,2.64824,0.12968276
0,0,1,0,1,2.4162178,0.3282865
0,0,0,0,1,0.23055673,-0.7329148
0,0,0,0,1,2.0822575,-0.80835
0,0,0,0,1,1.7548552,-0.39276895
0,0,0,0,1,-0.29005837,-0.26439288
0,0,1,0,0,-0.46478105,0.7150046
1,1,0,0,0,9.96185,0.04803516
1,1,0,0,0,9.360893,0.37853298
0,0,0,0,1,0.82807136,0.2881041
0,0,0,0,1,0.032808304,-0.49955195
1,0,0,0,1,-0.11460996,0.31013983
0,0,0,0,1,0.6821606,-0.15496725
0,1,0,1,0,5.3946013,-0.34641856
1,1,0,0,0,5.0566087,0.37798524
0,0,0,0,1,-1.1878104,-0.5828593
0,0,1,1,0,-2.2393403,-0.15348232
0,0,1,0,0,-0.3732164,0.62815416
0,0,0,0,0,-0.644753,0.2214127
0,0,0,0,1,-0.6265607,0.39600334
0,0,0,0,1,-0.20222878,-0.15738416
0,0,0,0,1,-0.4204893,-0.43802062
0,0,1,0,0,-0.9732363,0.88438994
0,0,0,0,1,-0.9979861,0.33365193
1,1,0,0,1,11.778757,0.28926584
0,0,0,1,0,-2.1258237,-0.35839102
0,0,0,1,0,-2.7972193,-0.9197187
1,1,0,0,1,11.252767,-1.0060357
0,0,0,0,1,0.6386707,-0.21906973
0,0,1,0,1,1.2302034,-0.09055132
0,0,0,0,1,0.3265133,0.1769992
0,0,0,0,1,-1.4392862,-0.68794173
0,0,0,0,0,-2.2551193,-0.36828437
0,0,0,0,0,-2.5970545,0.48984087
0,0,0,0,1,0.31783128,-1.2812678
1,1,0,0,1,9.549593,-0.694047
1,1,0,0,0,9.278309,0.22381538
1,1,0,1,1,-3.9476266,-1.3294066
0,0,0,0,1,0.7759173,-0.64336777
0,0,0,0,1,0.52157545,-0.25970408
0,0,0,0,1,0.3709836,-0.34341833
0,0,0,1,0,-3.004904,-0.6361065
0,0,0,1,0,-3.6896446,-0.16007626
0,0,0,1,0,-3.6968596,-0.18615954
0,0,0,0,0,-1.2188067,-0.12905365
0,0,0,0,1,-0.16639137,-0.18900168
0,0,0,0,1,-0.788476,0.124481
0,0,0,0,1,-1.5597591,0.47323796
1,1,0,0,0,8.555504,-0.57420594
1,1,0,0,0,8.136696,-0.8856332
1,1,0,0,0,8.081152,0.11793238
0,0,0,1,0,-3.3191257,-0.8721985
0,0,0,1,0,-3.4414504,-0.28188005
0,0,0,1,0,-3.9425519,0.10364535
0,0,0,0,1,1.3680823,-0.6670006
1,0,0,1,1,1.4421661,-0.97674364
0,0,0,0,1,-0.39382267,-0.28426838
0,0,0,0,1,-1.6645966,0.4043444
0,0,0,0,0,-1.6433184,0.3548942
0,0,0,1,1,0.03010559,-0.18185338
0,0,0,0,1,-0.017843962,0.15792985
0,0,0,0,1,0.7036774,-0.49446154
0,0,0,1,0,-2.0585268,-0.12685084
0,0,0,0,1,0.35561824,0.46124673
0,0,0,1,1,-0.100604296,-0.23962227
0,0,0,0,1,1.0214345,0.10607309
0,0,0,0,1,-1.2287164,0.15072611
0,0,0,0,1,-1.1363792,-0.6698465
0,0,0,1,1,-0.2846048,0.46794343
0,0,0,1,0,-2.274021,-0.22382003
1,1,0,1,0,-3.8500662,-0.18576248
0,0,0,0,1,-1.0584416,-0.818154
0,0,0,1,0,-2.5197566,0.12645288
0,0,0,1,0,-1.4962695,0.3500952
0,1,0,0,0,7.065729,-1.0488329
0,0,0,1,0,-1.9171767,-0.17427553
0,0,0,1,1,-0.56063986,-0.23641236
0,0,0,0,1,0.6695745,-0.04538821
0,0,0,0,1,-0.3427608,-0.8921054
0,0,0,0,1,1.3067029,-1.2216564
1,0,1,0,0,0.0956018,0.87425333
0,0,0,1,0,-2.8767877,-0.40213785
0,0,0,0,1,-1.1043916,0.10394824
0,0,0,1,0,-2.8523104,0.04193749
0,0,0,0,1,0.27363133,-0.0020674535
0,0,0,0,1,0.9293673,-0.2374899
0,0,0,1,0,-3.959365,0.21950229
0,0,0,1,0,-2.6907039,-0.25279975
0,0,0,0,1,-0.7410946,0.04885418
0,0,0,0,1,0.85617423,0.12870863
0,0,0,0,1,-1.5223713,-0.9426376
0,0,0,1,0,-3.2834988,-0.8795876
1,1,1,0,1,-0.21140504,0.72644335
0,0,0,0,1,-0.5637038,0.033648726
0,0,0,1,0,-3.219368,0.05141091
0,0,0,0,1,1.0346744,0.07227171
0,0,0,1,0,-3.5553377,-0.013770424
0,0,0,1,0,-3.594473,-0.028631799
0,0,0,0,1,-0.9194014,-0.36836076
0,0,0,0,1,1.2252805,-0.018399034
0,0,0,0,1,0.79204893,0.03344597
0,0,0,0,1,0.50697327,0.37890586
0,0,0,0,1,-0.7788589,0.045969866
0,0,0,1,0,-1.8798335,0.09029716
0,0,0,1,1,-0.78380966,-0.095372654
0,0,0,0,1,-0.47301245,0.39914724
0,0,0,0,1,1.3325565,-0.8018276
0,0,0,0,1,-0.47576785,-0.15562011
0,0,0,0,1,0.6085162,-0.75303704
1,0,1,0,0,0.05444169,0.74495614
0,0,0,0,1,1.0597932,0.4229369
0,0,0,0,1,1.0576513,-0.36711982
0,0,0,0,1,-1.6066794,0.042272568
0,0,0,0,1,0.108165026,0.20922314
0,0,0,0,0,4.5544863,-0.21204636
0,1,0,0,0,4.2523685,0.101719245
1,1,0,0,0,4.1191173,0.10334237
0,0,0,0,1,0.7838857,-0.9265491
0,0,0,0,1,1.139507,0.21688223
0,0,0,0,0,-0.4241202,0.3106135
0,0,0,0,1,-1.5481715,0.16455972
0,0,0,0,1,-1.7067885,0.33541563
0,0,0,0,1,-0.5438731,0.40953892
0,0,0,0,1,0.51118493,-0.735508
0,0,0,1,1,3.050226,0.26669317
0,0,0,0,0,-1.4803965,0.649152
0,0,0,0,0,-0.79890203,0.3195712
1,1,0,1,0,10.170468,-0.3108414
0,0,0,0,1,0.9819796,-0.80500174
0,0,0,0,1,0.31735516,0.06378509
0,0,0,0,1,0.17342949,0.17015104
1,0,0,1,1,-0.27784657,-0.4942497
0,0,0,1,0,-2.3997798,0.2521769
1,0,0,1,0,-6.1689935,-1.0365655
0,0,0,0,1,-0.8423424,0.44711494
1,1,0,0,0,7.0997977,-0.00016801075
0,0,0,0,1,-1.1205311,-0.7170029
1,1,0,0,0,8.108454,-0.32352737
0,0,0,0,0,-0.3531263,0.32041568
0,0,0,1,0,-3.7538233,-0.0362806
0,0,0,0,1,-0.5012083,-0.84841853
1,1,0,0,1,10.262466,-0.6271606
0,0,0,0,1,0.36954618,-0.116324574
0,0,0,0,1,-0.20463324,0.10561252
0,0,0,0,1,-0.08293271,-1.0915579
1,1,0,0,1,10.301426,0.61153656
0,0,0,0,1,-0.36282253,-0.8144647
0,0,0,0,1,0.36653423,0.2611042
1,1,0,1,0,9.45358,0.2970899
0,0,0,0,1,-0.76646423,-0.06851699
0,0,0,0,1,-0.22163653,-0.10831335
0,0,0,1,0,-2.2153213,-0.02790665
0,0,0,0,1,-0.7564461,-0.12195205
1,1,1,0,0,-0.44845223,0.8731207
1,1,1,0,0,-1.1446133,0.795961
0,0,0,0,1,-1.4379983,0.48847994
0,0,1,1,0,-2.4132252,0.905596
0,0,0,0,1,-0.27052903,-0.027771175
0,0,0,0,1,-0.69730854,0.15535861
0,0,0,1,1,0.9160793,-0.27505377
0,0,0,0,1,-0.89881086,-0.38269198
0,0,0,0,1,-0.7980406,0.048986938
0,0,0,0,1,-1.4267497,0.19537301
0,0,0,0,1,-0.9674244,-0.43539444
0,0,0,0,1,0.032636404,-0.9361325
0,0,0,1,0,-1.3477039,-0.30142778
0,0,0,1,0,-2.1589704,-0.47145084
0,0,0,0,1,-0.39144564,0.4168574
1,0,0,0,0,0.35906386,0.5149799
0,0,0,0,1,-2.0934772,0.08344883
1,1,0,0,0,10.734803,0.48960716
0,0,0,0,0,-1.8692999,0.26247567
1,1,0,0,1,10.248911,-0.6315593
1,1,0,0,0,8.343773,-0.12745677
1,1,0,0,0,8.01543,0.11554039
0,0,0,0,1,-1.7687764,0.3095313
0,0,0,0,1,-1.649117,-0.8232283
0,0,0,0,0,-2.7197714,-0.48220623
0,0,0,1,0,-2.9459453,0.02619949
0,0,0,0,1,0.0910871,-1.3010052
0,0,0,1,0,-3.344297,0.1351276
0,0,0,0,1,0.6425183,-0.4902332
1,1,0,0,0,7.1842456,-0.90825856
0,0,0,0,1,1.2490695,-0.021116428
0,0,0,0,1,1.0761108,-0.14415303
0,0,0,0,1,0.9088948,0.078861326
0,0,0,1,0,-2.8380003,-1.1567343
1,1,1,0,0,7.104016,-0.036442306
0,0,0,1,0,-3.5171294,-0.466783
0,1,0,0,1,3.5042644,-0.901614
0,0,0,0,1,1.0703189,0.035044443
1,1,0,0,0,8.070144,0.04835252
0,0,0,0,1,0.84857726,-0.4320439
0,0,0,1,0,-3.2420428,-0.467164
1,1,0,1,1,-3.9455686,-1.3377421
1,1,0,1,0,6.3668623,0.18763839
0,0,0,0,0,-0.67673135,0.63742524
0,0,0,0,1,-1.9338064,-0.5632209
0,1,0,1,0,6.066513,-0.06919256
0,0,0,0,1,-0.70699716,-0.20916866
0,0,0,0,1,-1.3612142,-0.681455
1,0,0,0,0,0.9806702,0.604292
0,0,0,0,1,-1.33781,-0.08390037
0,1,0,0,0,7.4121447,-0.5789481
0,1,0,0,0,7.1265407,0.0073514017
0,0,0,1,0,-3.0917442,-0.35356873
0,0,0,1,0,-3.3902001,-0.29894596
1,1,0,1,1,11.126552,-0.36068872
0,0,0,0,1,2.6568122,-0.1489452
1,1,0,0,0,10.071932,0.2516347
0,1,0,1,0,4.6139154,-0.06758785
0,1,0,0,0,4.133014,0.06361624
0,0,0,1,0,-2.2028959,-0.5528507
0,0,0,0,0,-2.829229,-0.7397439
0,0,0,1,0,-2.9084206,0.20277627
1,1,0,0,1,11.095206,-1.0055804
0,0,0,1,1,0.56368184,-0.13539794
0,0,0,0,1,0.22783947,0.01376168
0,0,0,0,1,-0.05215454,0.12833057
1,0,0,0,0,0.6095822,0.6103462
0,0,0,0,1,-0.5844836,-0.006317876
0,0,0,0,1,-0.9553046,0.30206904
1,1,0,0,0,8.452293,-0.87004846
0,0,0,1,0,-1.812387,0.21580927
0,0,0,0,1,0.28474593,0.19900338
0,0,0,0,0,-1.6041102,0.23902139
0,0,0,0,0,-2.1077213,0.4740224
0,1,0,0,0,4.8354897,0.006457826
1,1,0,0,0,8.513594,0.15381683
0,0,0,0,0,-0.62295175,0.13222437
0,0,0,1,0,-2.0316646,0.2069144
0,1,0,0,0,3.7343917,-0.13641572
0,0,0,1,1,1.3300703,-1.0227408
0,0,0,0,1,0.11160159,-0.5709587
0,0,0,0,1,-0.3934617,-1.0117689
0,0,0,0,1,-0.26263833,-0.43903485
0,0,0,0,1,-1.718154,0.09375106
1,1,0,0,0,4.5706563,0.6071336
1,0,0,0,0,0.10792899,0.5947137
0,0,0,0,1,-0.37275267,-0.041144058
0,0,1,0,1,-0.61476374,0.100003466
1,1,0,0,0,9.458815,-1.0109708
0,0,0,0,0,-1.7400877,0.3506817
1,1,0,0,0,4.2698255,0.46461278
0,1,0,0,0,8.468687,0.12791915
1,1,0,0,0,8.5052185,-0.11607453
0,0,0,1,0,-3.4976413,-0.1223594
0,0,0,1,0,-3.8052745,-0.123406164
0,0,0,0,1,-0.53752446,-0.23667096
0,0,0,0,1,-0.81456065,0.017417237
1,1,0,0,0,6.7005973,0.37964156
1,1,0,0,0,6.452267,0.4448883
1,1,0,0,0,7.5813756,-0.6933268
0,0,0,0,0,-0.92828083,-0.32869577
0,0,0,0,1,-1.7879977,-0.75800925
0,0,0,0,1,0.79515004,-0.18234526
1,1,0,0,0,5.0657973,0.26924837
0,0,0,0,1,0.24767303,-0.6331552
1,0,0,0,0,0.18077731,0.6031616
1,0,0,0,0,-1.7596974,0.65660626
1,1,1,0,0,-1.031728,0.8563593
0,0,0,1,1,0.56672835,0.3286298
0,0,0,0,1,-1.0329683,0.17009407
0,0,0,1,0,-1.4429829,-0.61715597
0,0,0,1,0,-4.183074,-0.7499771
1,0,0,0,0,0.38102412,0.48274624
0,0,0,0,1,0.051030397,-0.2011956
0,0,0,0,1,-0.29212475,-0.28810164
0,0,0,0,1,-0.392797,-0.063284814
1,1,0,0,0,7.9541945,-1.0875846
0,0,0,1,0,-1.3854403,0.28701833
1,1,0,0,0,6.868685,0.23849681
0,0,0,1,1,0.37331748,-0.085612334
0,0,0,0,1,0.07097626,0.043489344
0,0,0,0,1,-0.61742115,0.2660814
1,0,1,0,0,0.5845053,0.68177855
0,1,0,0,0,5.088862,-0.55995184
0,0,0,0,1,0.14571738,-0.45294645
1,1,1,0,0,-0.53306746,0.86966085
0,0,0,0,1,-0.072099924,-0.09651047
0,0,0,1,0,-3.2948623,0.05360343
0,0,0,1,0,-3.3459036,0.6886386
0,0,0,0,1,-0.94495344,-0.1426991
0,0,0,0,0,-0.66601634,0.42614192
0,0,0,0,1,-0.8479104,-0.24995245
0,0,0,1,0,-3.8016253,-0.13731717
0,0,0,1,0,-3.9593594,-0.61093557
0,0,0,0,0,-1.4299681,0.1267463
1,0,0,0,0,-1.717351,0.69558036
0,0,0,0,1,-0.39324164,-0.2834977
0,0,0,1,0,-3.3910346,-0.99381554
0,0,0,0,1,-0.22857809,0.33186036
0,0,0,0,1,-0.2315638,-0.36525622
0,0,0,0,1,0.27966332,-0.76895416
0,0,0,0,1,-0.78979874,-1.0136191
0,0,0,0,1,-0.2585137,-0.09310089
1,1,0,0,0,5.787557,0.19818138
0,0,1,0,1,1.0409029,-0.17878516
0,0,0,1,0,-3.1893191,-0.39791474
0,0,1,1,0,-2.3473525,1.0465807
0,0,0,0,1,3.1042564,0.002247943
1,1,0,0,0,4.640434,0.49691892
0,0,0,0,0,-1.8323567,0.39506206
1,0,1,0,0,0.8071153,0.6311144
1,0,0,1,0,-6.1689935,-1.0066986
0,0,0,0,1,0.28443885,-0.6241263
1,1,0,1,0,5.318706,0.19862409
0,0,0,0,0,0.11860967,0.47905824
0,0,0,0,1,-0.52299285,-0.12597108
0,0,0,0,1,0.43453193,0.0020674535
0,0,1,1,0,-3.1056385,-0.68114465
0,0,1,0,1,0.28609204,-0.036022898
1,0,0,1,0,-5.161229,-0.9205434
0,0,1,0,1,0.47856498,0.02068468
0,0,0,1,1,-0.8807912,-0.08280468
0,0,0,0,0,3.008533,0.73187023
0,0,0,0,1,-0.8826494,0.35974783
0,0,1,1,1,3.3510425,-0.09376027
0,0,0,0,1,0.9451463,-0.62388515
0,0,0,0,0,-1.5911946,0.33615357
1,1,1,0,0,6.6131935,0.64429456
0,0,0,1,0,-3.4972644,-0.109628096
0,0,0,0,0,-0.7557719,0.44046795
0,0,0,0,1,0.83249354,-1.0977061
1,1,0,0,0,4.7651696,0.12723616
1,1,0,1,1,11.325173,-0.8196241
1,1,0,0,0,10.601009,0.13812332
0,0,0,0,1,0.8352363,0.28022656
0,0,0,0,1,-0.47412562,-0.89821917
0,0,0,0,1,-1.1639819,-0.9144026
0,0,0,1,0,-2.267249,0.26720318
0,0,0,0,1,1.8474605,-0.30021864
0,0,0,0,1,1.3521609,-0.06967395
0,0,0,0,1,-0.116714716,0.12711681
0,0,0,1,1,-1.5399432,0.340859
0,0,0,0,1,-2.0822215,-0.88214886
0,0,0,0,1,-0.5804765,0.43303087
0,0,0,0,1,-0.41310287,-0.031500664
0,0,0,1,0,-4.036086,-0.09178815
0,0,0,0,1,1.4000823,-1.2465135
0,0,0,0,0,-1.7580585,0.15737125
0,0,0,0,0,-1.5355241,0.43691102
0,1,0,0,0,5.719624,-0.060264375
1,1,0,0,0,5.2839503,0.17043445
0,0,0,0,1,0.74049735,-0.49552143
1,1,0,0,0,9.670286,-0.25774333
1,1,0,0,0,9.238634,-0.4116019
1,1,0,0,0,9.060291,0.040176637
0,0,0,0,1,2.3475432,0.23796962
0,0,0,0,1,2.6232772,-1.0855925
0,0,0,0,1,-0.44950104,0.022597222
0,0,0,0,1,-0.67986465,-0.26596493
0,1,0,0,0,7.1363626,-0.4455784
1,1,0,1,0,7.2368503,-0.40445754
1,1,0,0,0,8.914652,-0.338253
0,0,0,1,0,-2.8378563,-0.28106862
0,0,1,0,0,-0.48877835,0.6635782
0,0,0,0,0,-1.6615739,0.2097523
0,0,0,0,1,-0.82011604,0.5019692
1,1,0,0,0,6.379971,0.20904467
1,1,0,0,0,6.2321935,0.21206087
0,0,0,1,0,-1.6843305,0.5414185
0,0,0,0,1,-1.2953949,0.24442096
0,0,0,1,0,-1.8912597,0.28639328
1,1,0,0,1,10.121735,0.13231258
1,1,0,0,0,9.050764,0.006889092
1,1,0,0,0,8.539957,0.09241077
0,0,0,0,1,0.5676782,-0.13126132
0,0,1,1,0,-2.811763,0.10642208
0,1,0,0,0,3.3514943,0.10820015
0,0,0,0,1,-0.5236676,-0.008171765
1,1,0,0,0,4.3608494,0.4039957
0,0,0,1,1,4.0925026,-1.0807042
0,0,0,0,1,1.0755646,-0.049802884
0,0,0,1,1,1.5015419,-0.9197076
0,0,0,0,1,-0.42663217,0.24880685
1,1,0,0,0,11.099586,0.25178865
1,1,0,1,1,-2.9158645,-0.9794928
0,0,0,0,1,1.4622743,0.10134198
0,0,0,0,1,1.183608,0.33726925
0,0,0,0,1,1.2190146,-0.01865408
0,0,1,1,0,-2.3336492,-0.046783153
0,0,0,0,1,0.15190768,-0.125678
0,0,0,0,1,-0.014582396,-0.2486945
0,0,0,0,1,0.3846438,0.10804673
0,0,0,1,1,3.0518262,0.386953
0,0,0,0,1,3.133824,0.36187583
0,0,0,0,0,-1.8169217,0.6691726
0,1,0,0,0,7.42612,-0.76699007
0,0,0,0,1,0.8336327,0.082794346
0,0,0,0,1,-0.5370333,-0.18296571
0,0,0,1,0,-1.9068046,-0.002247943
0,0,1,0,0,-0.29175067,0.6254616
0,0,0,0,1,0.0020420551,-0.8122534
0,0,0,1,1,-0.48408365,0.12628499
0,1,0,0,0,7.5162125,-0.4757289
0,0,0,0,1,2.2212062,0.3298741
1,1,0,0,0,4.6525903,0.23327778
1,0,1,0,0,0.29271626,0.6494373
0,0,0,0,1,0.11210036,0.38136023
0,0,1,1,0,-0.5048659,0.7598136
0,0,0,1,0,-1.0876772,-0.4316459
0,0,0,0,1,2.5913749,0.23256497
0,0,0,0,1,0.26242566,0.10966917
0,0,0,0,1,0.03249359,0.23384766
0,0,0,1,1,-0.61307883,0.009006572
0,0,0,0,1,1.2564929,-1.1416475
1,1,1,0,1,-0.4191444,0.8534465
0,0,0,1,0,-3.3462977,-0.95932937
0,1,0,0,0,3.5181327,0.536403
0,0,0,0,1,-0.854655,0.3142619
1,1,0,1,1,-4.1806335,-1.0007073
1,1,0,0,1,11.224038,-0.22572532
1,1,0,0,0,7.8760314,-0.056449033
1,0,0,1,0,-4.557169,-0.46626124
1,1,0,0,0,6.65219,0.14260925
1,1,0,0,0,6.3676972,0.26580554
0,0,0,0,1,-0.03010559,-0.50520253
0,0,0,0,0,-1.5491209,0.02718771
0,0,0,1,1,1.5493214,0.09212115
1,0,1,0,0,0.66094637,0.9725854
1,1,0,0,0,8.782721,0.09601379
0,0,0,1,0,-3.276071,-0.5106289
0,0,0,1,0,-3.7266319,-0.08131778
0,0,0,0,1,-1.2706532,0.3151933
0,0,1,0,0,-0.90484715,0.70055175
0,0,1,0,0,-0.7600534,0.7424378
0,0,0,1,0,-1.4778197,0.06503006
0,0,0,0,1,2.7869182,-0.1302725
0,0,0,0,1,1.0706284,-1.1678892
0,0,0,0,1,0.38309073,0.20280848
0,1,0,0,0,4.0622287,-0.026904384
0,0,0,0,0,4.3908424,-0.28993002
0,0,0,0,1,0.696285,0.4380936
0,0,0,1,0,-1.2901156,-0.2511831
0,0,0,0,1,0.17838788,0.20554763
0,0,0,0,0,-1.1957543,0.43303734
0,1,0,0,0,4.525805,-0.8095451
1,1,0,0,0,5.4899306,0.3184705
1,1,1,0,1,-0.277395,0.8126681
1,1,0,0,0,6.10012,0.20083468
0,0,0,0,1,-0.18750644,-0.20858194
1,0,1,0,0,0.1176765,0.65603
0,0,0,1,0,-3.443993,0.05768854
0,0,0,1,0,-3.6269357,0.21070088
1,0,1,0,0,-0.058175325,0.76613986
0,0,0,1,0,-2.5314112,-0.18498482
0,0,0,0,1,2.2153773,0.08582639
1,0,0,0,1,1.8565335,0.33541563
1,0,0,0,0,0.9021151,0.42799658
0,0,0,0,0,-2.2913625,0.15674418
1,0,0,0,0,0.19175744,0.31203324
0,1,0,0,0,6.578203,-0.2932734
0,0,0,0,1,0.09775281,0.43746895
1,1,0,0,0,7.307229,0.79921764
1,1,0,0,0,11.100505,0.5353847
0,0,0,0,1,0.29681993,-0.15270607
0,0,0,0,1,-0.062518835,-1.1105692
0,0,0,0,1,-0.31678414,-0.19435695
0,0,0,0,1,-0.29494953,-0.06793901
0,0,0,0,1,-0.6414356,0.022756582
1,0,0,0,1,10.197771,-1.0159366
0,0,0,0,1,-0.032636404,0.19218291
0,0,0,0,1,-0.52986145,0.00016801075
0,0,0,0,1,-0.817935,-0.8966006
1,1,1,0,0,8.462449,-0.056602627
1,1,0,0,0,8.252447,-0.9444869
1,0,1,0,0,0.30391383,0.63646203
1,0,0,0,0,0.9932463,0.52916235
0,0,0,0,0,-1.4921544,-0.092846274
0,0,0,1,1,-0.90363145,0.067834675
0,0,0,0,1,0.2916956,-0.30675754
0,0,0,0,1,-0.27016115,0.16204
0,0,0,0,1,1.2782538,-0.36475715
0,0,0,0,1,0.65713215,0.10253166
1,0,0,0,0,0.30449486,0.5110272
0,0,0,1,0,-2.521776,0.3927037
1,0,0,0,0,0.9752929,0.4123779
0,0,0,0,0,-0.37266994,0.09649805
0,0,0,0,1,-0.0020420551,-0.52282614
1,1,0,0,0,9.852759,-0.42073134
0,0,0,0,1,0.15028381,-0.41650254
0,0,0,1,0,-2.0137033,0.17770435
1,1,0,0,1,10.253714,-0.6071557
1,0,0,0,0,0.88197017,0.3759627
0,0,0,0,1,-0.3370545,0.07802506
0,0,0,0,1,-1.231061,0.27226827
1,0,0,1,0,-0.31870198,0.52748626
0,1,0,0,0,8.405737,0.28401455
1,0,0,0,0,4.069206,0.2985734
0,0,0,0,1,0.64407873,0.32108453
1,1,0,0,0,9.876753,0.0008997663
0,0,0,1,0,-3.954518,-0.683298
0,0,0,1,0,-4.0349536,-0.7026003
0,0,0,0,1,0.45042062,-0.88155824
0,0,0,0,1,-1.9351916,-0.06669136
0,0,0,0,1,2.380879,0.30396986
0,0,0,0,0,-2.6209962,-0.026993757
0,0,0,0,0,-2.4390857,-0.35581124
0,0,0,0,0,-1.9030035,0.1923203
0,0,0,0,1,0.102835655,-0.15546761
1,1,0,0,0,9.237858,-0.206546
0,0,0,0,0,-1.7413075,0.14534879
0,0,0,0,1,-2.088213,0.119441636
0,0,0,0,1,0.11446977,0.34423405
0,0,0,1,0,-3.2535267,-0.20058492
0,0,0,0,1,0.72578645,0.113367744
1,0,0,0,0,-0.7006459,0.23314847
0,0,0,1,0,-3.4115794,-1.028136
1,1,0,0,0,9.208496,0.54588914
0,0,0,0,1,3.7385123,-0.5171752
0,0,0,0,1,3.2516773,-0.2859327
0,0,0,0,1,2.4295754,0.29248467
0,0,0,0,1,0.34105563,0.2663105
0,0,0,0,1,1.5131171,-0.55458885
0,0,0,0,1,1.2214203,-0.25830516
0,0,0,0,1,0.97448015,-0.0008403927
0,0,0,0,0,-1.8034828,0.17555742
0,0,0,0,1,1.5698988,-0.6987168
0,0,0,1,0,-2.7289748,-0.12082402
0,0,0,0,1,1.0454397,-0.0629269
1,1,0,0,0,5.3485007,0.3111146
1,1,0,0,0,9.800947,-0.17969728
0,0,0,0,1,2.1593983,-0.28993002
0,0,0,0,1,1.9824786,-0.291227
0,0,0,0,1,1.4946427,0.1788995
1,0,1,1,0,-0.28111768,0.6831499
0,0,0,0,1,-0.19189286,-0.01457576
0,0,0,0,1,1.1650112,-0.92296547
0,0,0,0,1,2.2647204,0.06267819
0,0,0,0,0,-0.5393994,0.5329446
0,0,0,1,0,-2.5812085,-0.44720083
0,0,0,1,0,-3.2512462,-0.29098627
0,0,1,1,0,-0.89929724,0.8509667
0,0,0,0,1,-0.36720252,0.20650686
0,0,0,0,1,0.25734735,-0.60952055
0,0,0,0,1,0.29631472,-0.32926375
0,0,0,0,1,0.05215454,0.07942218
0,0,0,0,1,0.1813767,0.104328394
0,0,0,0,1,-1.2294202,-0.29352346
0,0,0,0,1,-0.9250674,0.109007314
1,1,1,0,0,-0.38131976,0.8925741
0,0,0,0,1,0.5450752,-0.042630516
1,0,0,0,0,0.5004852,0.31693938
0,0,1,0,0,-0.33742118,0.62165207
0,0,0,0,1,-0.12526488,0.3089072
1,0,1,0,0,0.97214293,0.89837915
0,0,0,0,1,-1.4935899,0.10009243
0,0,0,0,1,-0.2910936,0.39450106
0,0,0,0,0,-1.8497956,0.1713575
0,0,0,0,0,-2.5206099,0.63955015
0,0,0,0,0,-1.3510644,-0.2804072
0,0,0,0,1,-2.0801558,0.023905534
0,0,0,1,0,-2.7638378,0.34379813
1,0,0,1,0,-5.161229,-1.0078589
0,0,0,1,1,-0.2185216,0.14124
0,0,0,0,1,2.461871,-0.62391317
0,0,0,0,1,1.6423869,0.07241444
1,1,0,0,1,11.200862,-0.6804868
0,0,0,0,1,0.31253386,-0.87090796
0,0,0,1,1,-0.56560564,-0.2192368
0,0,0,0,1,-1.5674019,0.35420695
0,0,0,1,1,0.048676252,-1.1204253
0,0,0,1,0,-3.1109064,-0.53109205
0,0,0,1,0,-3.790979,-0.0008997663
0,0,0,0,1,1.0362427,0.033648726
1,1,0,0,0,9.500516,0.009531538
1,1,0,0,0,8.996805,0.37073833
0,1,0,0,0,5.64304,-0.8543229
1,0,1,0,0,0.19989228,0.6402838
0,0,0,1,0,-2.3410764,-0.3158545
0,0,0,0,1,-1.8374739,0.42005476
0,0,0,0,1,1.1475208,-0.09156809
0,0,0,0,1,0.23790932,0.30237517
1,1,0,0,0,5.4443874,0.7099915
0,0,0,0,0,-1.1439102,0.41965893
0,1,0,0,0,4.224917,-0.11587245
1,1,0,0,0,3.6003194,0.37406322
0,0,0,0,1,-0.38377452,0.031043937
0,0,0,0,0,-1.672328,-0.083752
0,0,0,0,1,-1.960206,-0.12970787
1,1,0,0,0,10.930261,0.3988686
1,1,0,1,0,10.16869,0.19463265
0,0,0,0,0,4.292076,-0.3042736
1,0,0,0,0,3.4424157,0.2507169
0,0,0,0,1,1.2379968,-0.01079572
0,0,0,1,0,-4.089925,-0.8076062
0,0,0,1,0,-4.4066386,-1.0499182
0,0,0,0,1,0.9555242,-0.17400673
0,0,0,0,1,-0.28058028,-0.69120866
0,0,0,0,1,0.21714401,0.060233288
1,0,0,0,0,-0.09401226,0.50465745
0,0,0,0,1,-1.5203624,-0.1058201
0,0,0,0,1,-1.596015,-0.21219894
0,0,0,0,1,0.8080051,0.35896158
0,1,0,0,0,4.064547,-0.34341833
0,0,0,1,0,-2.7698565,-0.07878342
1,1,0,0,0,7.393305,0.17653488
0,1,0,0,0,6.9620624,0.64993834
0,0,0,0,1,-1.0452533,-0.17069207
1,1,0,0,1,10.277485,0.026284995
0,0,0,0,1,0.11517811,-0.03069815
0,0,0,0,1,-0.9360385,0.15520453
0,1,1,0,0,4.4023366,0.041592304
1,1,0,0,0,4.1495204,0.122104645
0,0,0,0,0,-0.5601821,0.23171464
0,0,0,0,1,-0.062280416,-0.205086
0,0,0,0,1,0.34050608,-0.9444869
1,1,0,1,1,-3.5064366,-1.034675
0,0,0,0,1,0.29655027,-0.6174563
0,0,0,0,0,-1.8617775,0.23692138
1,1,0,1,0,4.8922944,0.08185484
0,0,0,0,1,3.5096452,0.20161888
0,1,0,0,0,4.144784,0.108986475
0,0,0,1,0,-3.276269,-1.0286016
0,0,0,1,0,-4.0374193,-0.38984147
0,1,1,0,0,5.0726414,-0.0781548
1,1,0,0,0,8.191674,0.0073850825
1,1,0,0,0,7.652166,0.12818642
1,1,0,0,0,7.836188,-1.0658875
0,0,0,0,0,-1.13574,-0.7863899
1,0,0,1,0,-2.8222823,-0.4578518
0,0,0,0,1,-0.5891323,0.07225816
0,0,0,0,1,0.17265892,-0.7983673
0,0,0,0,1,0.9304249,-0.4282692
0,0,0,0,1,-0.26357293,-0.25051886
0,0,0,0,0,3.586451,-0.031254996
0,0,0,1,0,-2.572741,-0.12174946
1,1,0,1,0,6.2192583,0.049620952
0,1,0,0,0,5.753986,-0.0014402581
0,0,0,0,1,0.42385435,-0.41789076
0,0,0,0,1,-0.18606019,0.29707274
0,1,0,0,0,7.4774003,0.14202094
0,0,0,0,1,1.319205,-0.9553543
0,0,0,0,1,-0.98574567,-0.3243381
0,0,0,0,1,-1.1107183,-0.30988002
0,0,0,0,1,1.1010506,-0.05942599
0,1,0,0,0,6.8147235,-0.42858395
1,1,1,0,0,6.6376777,0.03304995
0,0,0,0,1,0.5437882,0.019579245
0,0,0,0,1,0.9906781,-0.2095375
1,1,0,0,0,9.468749,0.28951457
0,0,0,0,1,2.0514529,-0.22405727
0,0,1,1,1,1.4718523,0.030483006
0,0,0,0,1,-2.1957557,0.08284921
0,0,0,0,1,-2.0877128,-0.087378
0,0,0,1,0,-3.2334795,-0.9490805
1,1,1,1,0,-0.14488435,0.86765516
0,0,0,0,1,-0.86184525,0.20813091
0,0,0,0,1,0.12906742,-0.5816563
0,0,0,1,0,-0.7011306,0.5826645
0,0,0,1,0,-4.185103,-0.8878171
0,0,0,1,0,-1.641254,0.14390786
1,1,0,1,1,9.732363,-0.6972943
1,1,0,0,0,9.421354,0.48436987
0,0,0,0,1,-1.4620535,-0.08802253
0,0,0,0,0,-1.9807324,0.6665098
0,0,1,0,0,-0.794368,0.5966013
1,1,1,1,1,-0.3773954,0.6852972
0,0,0,1,1,-0.7665231,-0.25992042
1,1,0,0,0,5.883376,0.29943678
0,0,0,0,0,-0.5726125,0.4611837
1,0,0,0,0,-0.33200765,0.4766373
0,0,0,1,0,-2.9793644,-0.82269704
0,0,0,0,1,3.479033,-0.3678503
0,0,0,0,1,3.93584,-0.1078404
0,0,0,1,0,-2.2399168,-0.21797507
0,0,0,1,1,-0.6538236,-1.0228655
0,0,0,0,1,-0.85595894,0.46785846
0,0,0,0,1,-0.8601918,0.36808476
0,0,0,1,0,-3.1774533,-0.48362973
0,0,0,1,0,-3.5904157,-0.09945208
0,0,0,0,1,-0.027084112,-0.007877244
1,0,1,1,0,-0.13824534,0.7259891
0,0,0,1,0,-3.521265,-0.8942012
0,0,0,1,0,-3.3230808,-0.7495664
0,0,0,0,0,-0.71061206,0.72415584
1,0,1,0,0,-0.12106347,0.6067337
0,0,0,0,0,-1.0313623,0.4321225
0,0,0,0,1,-0.19480515,-0.3599456
0,0,0,0,1,-0.03341031,-0.36956358
0,0,0,1,0,-2.8291326,0.46430004
0,0,0,0,1,0.30949974,0.41267714
0,0,0,0,1,-0.38487053,0.16328527
0,0,0,0,1,0.35356927,0.07724144
1,1,0,0,0,6.5226865,0.54624635
0,0,0,0,1,0.7507665,-0.25732544
0,0,0,0,1,1.289226,-0.28704736
0,0,0,0,1,0.47045445,0.074134596
0,0,0,0,1,0.05388522,0.16306493
0,0,0,0,1,0.0711534,0.06997707
0,0,0,0,1,-0.39707303,-1.3682138
0,0,0,0,1,0.021375656,0.33895925
0,0,0,0,1,0.31879735,-0.5704868
0,0,0,0,1,3.146682,0.026176691
0,0,0,0,1,2.9701157,0.19509675
0,0,0,0,1,-1.3784165,-0.5064239
1,0,1,0,0,0.7312591,0.8216704
0,0,0,0,1,0.9832504,-0.38397735
0,0,0,0,1,2.8321528,0.07476488
1,0,1,0,0,-0.044359446,0.67220205
1,1,0,0,0,4.7640586,0.02989095
0,0,0,1,0,-3.4583027,-0.53137094
0,0,0,1,0,-3.1457844,0.08459951
1,1,0,0,0,6.7014008,0.3059429
0,1,0,0,0,8.736693,0.21133277
1,0,0,1,0,-2.6689293,-0.3547782
1,0,0,1,0,-2.8560114,0.2630966
0,0,0,0,1,-1.0783458,-1.0459561
0,0,0,0,1,2.5259705,0.022041017
1,1,0,0,0,9.7815075,0.36953574
0,0,0,0,1,-1.2417157,-0.42457098
0,0,0,1,1,-1.2396679,0.11349874
0,0,0,0,0,-0.9755626,0.48599464
1,0,1,0,0,0.22234797,0.7274893
1,0,0,0,0,3.3732018,0.34936944
0,0,0,0,1,1.3346088,-0.45965642
0,0,0,1,0,-3.7803998,-0.8218025
0,0,0,0,1,-0.6505592,-0.6374975
0,0,0,0,1,2.2504728,-0.064861245
0,1,0,0,0,7.1622305,-0.012989639
1,0,0,0,0,0.6645448,0.43421507
0,0,0,1,1,0.82214713,-0.061423905
0,0,0,0,1,0.8510363,-0.40790612
0,0,0,0,1,-0.14767528,-0.2546
0,0,0,0,1,-0.41694403,0.29791525
1,0,0,1,0,-2.3659356,0.48896754
0,0,0,1,0,-3.5709023,-0.63880813
0,0,0,1,1,-0.2821324,-0.8651893
0,0,0,0,1,-1.0865879,-0.26344618
1,0,0,1,1,-3.894899,-0.7605087
0,0,0,1,0,-1.9257658,0.2806136
0,0,0,0,1,-1.0604095,0.36270902
0,0,0,1,1,0.98247194,0.33633617
0,0,0,0,1,0.0698483,-0.033443682
0,0,0,1,0,-2.04043,0.09161377
0,0,0,0,0,-2.1054354,0.08088658
0,0,0,0,1,3.5799677,-0.055964295
0,0,0,1,0,-2.7889948,0.20165722
1,1,0,0,1,10.729741,-0.22505014
0,0,0,1,0,-3.1949959,-0.7015521
0,0,0,1,0,-2.96887,-0.29545826
0,0,0,0,1,0.6740258,-1.2144114
0,0,0,0,0,-1.913708,0.20739725
0,0,0,1,0,-3.0392475,0.23991625
1,1,0,0,0,7.6040754,0.056804135
0,0,0,0,1,-1.4576988,-0.080459714
0,0,0,0,1,0.8935616,-1.2765003
1,0,0,0,0,0.6603427,0.49366832
0,0,0,0,1,1.1865661,0.08639064
0,0,0,0,1,0.039928198,-0.067842685
0,0,0,0,1,-1.2747586,0.014036677
0,0,0,0,1,-0.8070049,0.45980412
0,1,0,1,0,4.7251053,-0.021865962
0,0,0,0,1,0.7109134,-0.5488142
0,0,0,0,1,-1.5637507,-0.12902251
0,1,0,0,0,8.216629,0.023920784
1,1,0,1,0,8.7803755,0.3250972
0,0,0,0,1,-0.1363864,0.49736398
1,1,0,0,0,6.1340604,0.04435353
1,1,0,0,0,9.694064,0.011107912
1,1,0,0,0,9.416094,0.38480878
0,0,0,0,1,0.014633179,0.15594499
1,1,0,0,0,8.683956,-0.5324698
1,1,0,0,0,8.897122,0.52726126
0,0,0,0,0,-1.9898834,0.0072365166
0,0,0,1,0,-3.5970886,-1.0422881
1,1,0,0,1,10.598101,-0.6902463
0,0,0,0,1,0.16713548,-0.27312943
0,0,0,0,1,0.90824914,-0.590272
0,0,0,0,1,0.6859963,-0.22327
0,0,0,0,1,0.74335766,0.0949638
0,0,0,0,1,0.41313624,0.06881913
1,1,0,1,1,10.74523,-1.0165356
0,0,0,1,0,-3.4776187,-0.535498
0,0,0,0,0,3.789162,-0.22348814
0,0,0,0,1,-1.4316211,0.00016139445
0,0,1,0,1,-0.95850635,0.056804135
0,0,0,0,1,0.43613672,-0.7495664
1,1,0,0,0,7.942862,-0.15506566
1,0,0,0,1,0.8161166,0.49269024
1,1,0,0,0,5.9670863,0.55629015
1,1,1,1,1,0.42933202,0.60747766
0,0,0,1,0,-3.5495105,-0.88858294
0,0,0,0,1,-1.4621384,-0.7745239
0,0,0,0,1,0.6704147,0.23408021
0,0,0,0,1,-0.8559241,0.06860546
0,0,0,0,1,-0.36088824,-0.17932096
0,0,0,0,1,-0.3489778,-0.09356271
0,0,0,1,0,-2.4678469,-0.43711367
0,0,0,0,1,0.16402745,0.034806915
0,0,0,0,1,0.21469498,-0.7703368
0,0,0,0,1,-0.15214515,-0.8089463
0,0,0,0,1,1.7222612,-0.44308844
0,0,0,0,1,1.3828957,-0.09298816
0,0,0,0,1,0.990572,0.3389182
1,1,1,0,1,-1.3716228,0.6504203
1,1,0,1,0,9.111736,-0.02881665
0,1,0,1,1,3.7489724,-0.10167317
0,0,0,1,0,-2.9623418,-0.62862605
0,0,0,0,1,-0.13234472,0.37895817
0,0,0,0,1,-0.26537704,-0.195448
0,0,0,0,1,0.10770583,0.104596995
0,1,0,0,0,4.4402,-0.26764247
0,1,0,0,0,4.4230824,-0.12459188
0,0,0,0,1,0.57961583,-0.063008904
0,0,0,0,1,4.0469007,-0.7075517
1,0,0,0,0,3.8969173,0.32854977
0,0,1,0,1,-0.30567813,-0.26086357
0,0,0,0,1,-1.2429204,-0.06656337
1,1,0,0,0,9.2232275,-0.21177687
1,0,0,0,0,3.2619677,0.5941158
0,0,0,0,1,0.14401841,0.070786834
0,1,0,0,0,6.9805436,-0.28231665
1,1,0,0,0,7.0362043,0.3609966
0,0,0,0,1,0.7751987,0.016250541
0,0,1,0,0,-0.7939186,0.6822277
1,0,0,1,0,-5.559981,-0.5774465
0,0,0,0,1,-0.1368196,0.19584113
0,0,0,0,1,0.16893196,-0.28897405
0,0,0,0,0,-0.8585551,-0.26166943
0,0,0,1,1,-0.042292595,0.44935536
0,0,1,1,0,-2.5281265,0.08572103
0,0,0,1,0,-2.1890306,-0.085246705
1,1,0,1,1,1.1988089,-0.54345685
0,0,0,1,1,0.6915617,0.04974272
0,0,0,0,1,1.5148757,-0.25203305
0,1,0,0,0,7.065641,-0.18782407
1,0,0,0,0,-0.98569155,0.7323151
0,0,0,0,1,0.4987824,-0.5831307
0,0,0,0,1,-0.5780797,0.4122208
1,0,1,0,0,-0.11984134,0.67952627
0,0,0,1,1,-1.5423107,0.19193201
1,1,0,0,0,9.3236265,-0.3710795
1,1,0,0,0,9.422376,-0.14090545
0,0,0,0,1,2.0271845,-0.9379522
0,0,0,0,1,0.0039789677,0.26777568
1,1,1,0,0,-0.5650246,0.8392513
0,0,0,0,1,0.53647304,0.09686764
0,0,0,0,1,0.7321036,-0.22759053
0,0,0,0,1,-1.421092,0.009477234
0,0,0,0,1,-0.92801213,0.19368823
0,0,0,1,0,-3.459371,-0.39409843
0,0,0,0,1,-1.2574897,-0.8927602
0,0,0,0,1,1.979734,0.26325774
0,0,1,0,0,-0.55679345,0.68685967
0,0,0,0,1,-0.11674619,0.24453412
1,1,0,0,1,10.174096,-0.96358204
1,0,0,0,0,3.1607132,0.5305162
0,0,0,0,0,-2.1461823,-0.040008616
0,0,0,0,1,-0.48478627,-0.7809792
0,0,0,0,1,-0.23419142,-0.3842629
0,0,0,1,0,-3.4662616,-0.168475
0,0,0,0,1,-0.25316286,-0.08818583
0,0,0,0,1,0.09516168,-0.19467513
0,0,0,0,1,-0.72200966,-0.45315588
1,1,0,0,1,10.929306,-1.0598323
1,0,0,0,0,0.68245673,0.4833191
0,0,0,1,1,0.30375838,-0.95546174
0,1,0,0,0,3.9908357,0.07176502
1,0,0,0,0,-0.27977777,0.3878941
0,1,0,0,0,4.1388206,0.23162553
0,0,1,0,1,-1.1400514,-0.13436176
0,0,0,0,1,-1.1815751,0.0924239
0,0,0,0,0,-1.8363154,-0.01972192
0,0,0,0,1,-1.200876,0.08748089
0,0,0,1,0,-1.6919787,0.31737906
1,1,0,0,0,7.0147333,0.16926666
0,0,0,0,0,-1.7517083,0.42812327
0,0,0,0,0,-1.7155595,-0.10346144
0,0,0,0,1,-1.3575661,0.22119209
0,0,0,0,1,0.9436474,-0.08800957
0,0,0,1,0,-2.4282427,-1.1871933
1,1,0,0,0,5.8537273,0.37787667
1,0,0,0,0,2.9149458,0.57407016
0,0,0,0,1,-0.46629548,0.23755862
0,0,0,0,1,0.78551507,-1.3517724
0,0,0,0,1,0.72710586,-0.67336154
0,0,0,0,1,-0.6566036,-0.06618645
0,0,1,0,0,-2.0397222,0.019184252
1,1,0,0,0,8.317999,-0.30286014
1,1,0,0,0,9.139561,-0.1057051
1,1,0,0,0,8.714544,0.29579195
0,0,0,0,1,0.90332437,-1.2980839
0,0,0,0,0,-1.9639213,0.14222093
0,0,0,0,1,-0.95444775,0.21809533
0,0,0,0,1,0.69289064,0.4283132
0,1,0,0,0,5.719382,-0.7373642
0,0,0,0,1,1.9904339,-0.21458374
0,0,1,0,0,-1.0287638,0.8702943
1,1,1,0,1,-0.57005715,0.796694
1,1,0,0,1,10.751948,-0.9557862
0,0,0,0,1,-0.28415346,0.37476408
0,0,0,1,0,-3.0387352,0.3765377
0,0,0,0,1,-1.0591488,0.26820704
1,0,0,1,0,-3.694934,-0.25009316
1,0,0,1,0,0.035769224,0.55294454
0,0,0,1,0,-3.5988364,-0.6104732
1,1,0,0,1,10.785893,0.2779203
1,1,0,0,1,10.575589,-0.81705064
0,0,0,1,0,-1.6990166,0.07521408
0,0,0,0,1,2.6981425,-0.1458732
0,0,0,0,0,2.9952645,0.20213686
1,0,1,0,0,-0.27410722,0.81696606
0,0,0,0,1,-1.0222363,0.030360766
0,0,0,0,1,-0.5562842,0.36123976
1,1,0,0,0,9.092613,0.500834
0,0,0,1,0,-3.2188933,-0.25612167
0,0,0,0,1,-1.2400634,0.14252354
0,0,0,0,1,0.34991717,-0.07402306
0,0,0,0,1,-0.1599257,0.21993273
1,1,0,0,0,9.675415,-0.00016139445
1,1,0,0,0,9.946903,0.5100621
0,0,0,0,1,0.67215776,0.39474115
0,0,0,0,1,-0.57108116,0.23367834
0,0,0,1,0,-2.4214585,-0.46036655
0,0,0,0,1,0.035776615,-0.79449457
0,1,0,0,0,8.046635,0.5762615
0,0,0,0,1,0.07727909,-0.005922264
0,0,0,1,0,-3.5357184,0.044518013
0,0,0,0,1,0.8296459,0.31416824
0,0,0,0,1,-0.83062625,0.3052391
0,0,0,0,0,-0.96075463,-0.13592789
1,1,0,0,0,10.330698,-0.04040334
1,1,0,0,1,10.246242,-0.71471137
0,0,0,0,1,2.7589746,0.03286272
0,0,0,0,1,0.46486592,0.37526736
1,0,1,0,0,0.14669204,0.6089639
0,0,0,0,1,0.8377688,0.062426355
0,0,0,0,1,1.0796831,-0.2928083
0,0,0,0,1,0.77831125,0.4702417
0,0,0,1,1,-0.014773846,-1.0626309
0,0,0,1,0,-3.4857993,0.032782964
0,0,0,0,1,1.337116,-0.25833794
0,0,0,0,1,0.93385315,0.3944844
0,0,1,0,1,0.50135016,0.13858235
0,1,0,0,0,5.8268876,-0.5050857
0,1,0,0,0,6.3185415,-0.74212486
0,1,0,0,0,8.313705,0.21937251
0,0,0,1,0,-2.7550092,-0.21386617
0,0,0,1,0,-2.2559311,-0.07402306
0,0,0,0,1,0.6770942,-0.34818256
0,0,0,0,1,0.7783134,0.014417137
0,0,1,0,0,-0.7061713,0.8654481
0,0,0,0,1,-0.40826464,-0.5516476
0,0,0,0,1,-1.0872917,-0.050138704
0,0,0,0,0,-1.686723,0.15888906
0,0,0,0,1,0.45873094,-0.1850309
1,0,0,0,1,-0.37699938,0.46923673
0,0,0,0,1,0.5134752,0.26724163
1,1,0,0,1,10.895823,-0.64064413
0,0,0,0,1,-1.254556,0.25460875
0,1,0,0,0,8.013229,0.5358174
0,1,0,0,0,4.2631135,-0.115707226
1,1,0,0,0,9.884532,-0.04539593
0,0,0,0,1,1.3114154,0.15813479
0,0,0,0,1,-0.24371982,0.16036643
0,0,1,0,0,-0.22245646,0.9557225
0,0,0,0,1,-0.15540671,0.041523986
0,0,1,1,1,-0.085226536,0.022413595
1,1,1,0,1,-0.35052323,0.7326328
0,0,0,0,1,0.9751265,-0.008600833
1,1,0,0,0,9.777082,0.10486008
1,1,0,0,0,10.222904,0.13172413
1,1,0,0,0,8.740018,-0.33580512
0,0,0,1,0,-3.614253,-1.1075286
0,1,0,0,0,4.5194793,-0.10489436
1,0,0,1,0,-2.9844747,-0.6965039
0,0,0,0,1,-0.48890376,-0.22292635
0,0,0,0,0,0.44985223,0.47717658
0,0,0,0,1,-0.18905473,-0.8710352
0,0,0,0,1,1.9974494,0.28782493
1,1,0,0,1,10.857197,-0.7113887
1,1,0,0,1,10.964076,-0.9027703
0,0,0,0,1,0.5871391,-0.055413067
0,0,0,0,1,0.49364972,-0.8862753
0,0,0,0,0,-0.13576674,0.40500996
0,0,0,0,1,-0.36215687,0.047428694
0,0,0,0,1,-0.4074297,0.1510101
1,1,0,0,0,9.969833,0.29307425
1,1,0,0,0,9.4402275,-0.07766496
0,0,0,1,0,-2.0378954,0.2014377
0,0,0,1,1,1.3910499,-0.23446465
0,0,0,0,1,0.65428805,-0.1095478
0,0,0,0,1,1.0550325,-0.7097923
1,0,0,1,1,-1.0821545,-1.3393794
0,1,0,0,0,7.6810036,-0.53769696
1,1,0,0,0,7.5289707,0.11723262
1,1,0,0,0,10.219851,0.29367602
0,0,1,0,0,-1.0207458,0.724246
0,0,0,1,0,-3.1225054,0.27595282
0,0,0,0,1,-0.909549,0.07622856
0,0,0,0,1,-0.6200471,-0.3648717
0,0,0,0,1,1.0340469,-0.72377145
0,0,0,0,1,0.847734,-1.0691913
1,1,0,0,0,9.337949,-0.7335724
0,0,0,0,1,0.8231423,-0.2653848
0,0,0,0,1,0.38955045,0.1814524
1,0,0,0,0,-0.25725245,0.5774874
0,0,0,0,0,-1.2402611,0.45537567
0,0,0,0,0,-1.89308,0.1061671
0,1,0,0,0,7.475222,-0.38691643
1,0,0,1,0,-4.7280855,-0.6058462
0,0,0,0,1,-0.91553664,0.15500209
1,0,0,0,1,0.73113847,0.28706133
1,0,1,0,0,0.7854388,0.600898
0,0,0,0,1,2.6687539,-0.4013693
1,1,0,0,0,9.764138,-0.33020696
0,0,0,1,0,-2.7175725,-0.12905094
0,0,0,1,0,-2.5178585,0.008912546
0,0,1,1,0,-0.6830256,0.6758077
0,0,0,1,0,-3.2017725,-0.7128756
0,0,0,1,0,-3.132518,-0.5559558
0,0,0,0,1,1.6552892,0.05051024
0,0,0,0,1,-0.22365117,-0.00024823134
1,0,1,0,0,-0.36611152,0.6943256
0,0,0,0,1,-0.11012292,0.12874152
0,0,0,0,1,-0.25913858,-0.18529741
0,0,0,0,1,-0.84482765,-0.054060295
0,0,0,1,0,-2.8107028,-0.17543761
1,0,0,0,0,0.6957233,0.43236417
1,1,0,0,0,10.4895115,-0.16662867
0,0,0,0,0,-1.7375133,0.31509015
0,0,0,0,1,-1.0712283,0.3611182
0,0,0,1,0,-1.39082,0.08422527
1,0,0,1,0,-3.7004895,-0.26218542
0,0,0,0,1,-0.04306388,0.24628203
0,0,0,0,0,-1.6467297,-0.0029658147
0,0,0,0,1,-0.72330165,0.007172953
0,0,0,0,1,0.5875504,-0.28979424
0,0,0,0,1,-0.2563157,-0.16415319
0,0,0,1,1,0.514519,0.016270546
0,0,0,0,1,0.29235363,0.14183019
1,1,0,0,0,5.283091,0.06271109
0,0,0,1,0,-2.6635087,-0.059475992
0,0,0,1,0,-2.7702398,0.14874835
0,1,0,0,0,4.034275,0.23121026
0,0,0,0,1,-0.063868284,0.039664596
0,0,0,0,1,-0.0033438206,0.055757716
0,0,0,1,0,-2.2936234,-0.35876626
0,0,0,1,0,-2.6417272,0.42470735
0,0,0,0,1,0.6872995,-0.3362934
0,0,0,0,1,0.5070114,0.19775736
1,1,0,0,0,10.256395,-0.065184295
0,0,0,1,0,-2.4393532,0.023530498
1,1,0,0,1,10.774361,-0.11861051
0,0,0,0,1,2.8930087,0.13110755
1,0,0,0,0,3.3288462,0.35660955
0,0,0,1,0,-2.4053965,-0.49258038
0,0,0,1,1,0.7912719,-1.0284038
0,0,0,0,1,1.0517709,-1.0473251
0,0,0,0,0,-1.5594797,0.6586667
0,0,0,0,1,1.2679882,0.3508478
0,0,0,0,1,0.8954463,0.2520315
1,0,0,0,0,8.570384,-0.36896667
0,0,1,0,1,-0.06823921,0.031612527
0,1,0,0,0,3.8196902,0.03846934
1,1,0,0,0,4.212495,0.40639952
1,1,0,0,1,10.402129,-0.041020427
0,0,0,0,1,0.79655576,0.22788201
0,0,0,1,0,-2.3129456,0.45490065
0,0,0,0,1,0.0012073517,-0.117925905
0,0,0,0,1,0.069585085,-0.8528155
0,0,0,0,1,0.28888583,0.18300399
1,1,0,1,1,-4.1037006,-1.0749403
0,0,0,0,1,0.24111724,0.00024823134
0,0,0,0,1,0.36739802,0.4219645
0,0,0,0,1,1.1683939,-0.58046585
0,0,0,1,1,-0.2100246,0.30253556
0,0,0,1,0,-3.0225906,0.002853069
0,0,0,0,1,1.8040223,-0.07714181
0,1,0,0,0,5.2286043,-0.117211804
1,1,0,0,0,5.031801,0.1932144
0,0,0,0,0,-2.313118,-0.5219906
0,0,0,0,1,2.7346702,-0.22734863
0,0,0,0,1,-0.037276506,0.13049996
0,0,0,0,1,-0.11094141,0.47664818
0,1,0,0,0,4.1822624,0.0029658147
1,0,0,1,1,-5.559981,-0.7744819
0,0,1,0,1,0.15386486,0.0062746694
0,0,0,0,1,0.8283341,0.37212124
1,1,0,0,1,10.932824,-0.2949465
0,0,0,0,0,-0.93644214,0.47037593
0,0,0,0,0,-2.0678513,-0.19679692
0,0,0,1,0,-2.8206987,0.32320482
1,1,0,0,1,10.817454,-1.051414
0,0,0,0,1,0.8429768,-0.75946623
0,0,0,1,0,-1.6005623,-0.6593449
1,0,0,0,0,0.43117213,0.53326046
1,1,0,0,0,8.632544,0.122291915
1,1,0,1,0,8.981666,0.77453536
0,0,0,0,1,-0.9513643,-0.2254534
0,0,1,0,1,-0.989511,0.041781534
0,0,0,0,1,-0.8417971,-0.21048404
0,0,0,0,1,2.5819428,0.07006671
0,0,0,0,1,-0.30272174,0.37380335
0,0,0,1,1,-1.3001065,-0.11389694
0,0,0,0,0,-1.2371418,0.53129244
0,0,0,0,1,0.44520164,-0.30163857
0,0,0,0,1,-1.6723404,-0.8599665
0,0,0,0,1,-1.3684661,-0.70649034
0,0,0,0,1,-1.2884297,-0.0036256122
0,0,0,0,1,2.8586438,-0.0033158322
0,0,0,0,1,2.8628502,0.2399913
0,0,0,0,1,0.41728854,-0.1741164
0,0,0,0,1,0.048766613,0.15757339
1,0,0,1,0,-5.559981,-0.9914297
0,1,0,0,0,7.1886897,-0.53137094
0,1,0,0,0,7.8106956,-0.29796535
0,0,0,0,1,0.5947478,-0.06777902
0,0,0,0,1,0.014773846,-0.5887232
0,0,0,0,1,0.18575287,0.14447133
0,0,0,1,0,-2.2853532,0.14460607
0,0,0,0,1,0.9444723,-0.62789464
0,0,0,0,1,-0.9431684,-0.5860392
0,0,0,1,0,-3.7049503,-0.50702333
1,1,0,1,0,5.7163033,0.15695962
0,0,0,0,1,-0.6012149,-0.1579356
0,0,0,0,1,-0.73302746,-0.82054776
0,0,0,0,0,-2.1415048,0.29186955
1,1,0,0,0,7.250766,0.07719802
0,0,0,1,1,0.074784756,-0.82695526
0,0,0,0,0,-1.8286953,0.15295105
0,0,0,0,1,-1.4380708,-0.79392743
0,0,0,0,1,-1.3496039,0.27270213
1,1,0,1,1,-3.1573153,-1.3677263
1,1,0,0,0,10.3538,0.30990744
0,0,0,1,0,-3.4296427,-1.0368111
0,0,0,1,0,-3.2125776,-0.43233645
0,0,0,1,0,-3.1042078,-0.44450298
0,0,0,0,1,1.0618551,-0.866892
0,0,0,0,1,0.17124963,0.27057475
1,0,0,1,0,-4.7280855,-1.1449727
0,0,0,0,1,-0.9112468,-0.26765582
0,0,0,0,0,-1.8696218,0.6777779
0,0,0,0,1,-0.68216944,-0.95265836
0,0,0,0,0,-1.7018518,0.37642694
0,0,0,0,1,-0.2896812,0.26844653
0,0,0,0,1,1.8025188,0.22641438
0,0,0,0,1,-0.29616904,-1.0223837
0,0,0,0,1,0.46058035,0.14948243
0,0,0,0,1,1.0756698,0.30967063
0,0,0,0,1,-0.3777225,-0.37112302
0,0,0,0,1,-0.26710725,-0.4779864
0,0,1,1,0,-0.38300586,0.60225815
0,1,0,0,0,7.8372827,0.18939783
0,0,0,0,1,1.1303422,-0.41582012
0,0,1,0,1,1.0142288,-0.12371163
0,0,0,0,1,1.3236091,0.18154058
1,0,1,0,0,0.46043706,0.75393975
0,0,0,1,0,-3.7066593,-0.41343027
0,0,0,0,1,3.4315443,-0.8288033
1,1,0,0,0,10.57321,0.10486008
1,1,0,0,1,10.797231,0.23148713
1,1,0,0,0,7.6444187,-0.72174263
0,0,0,0,1,-1.1261039,-0.17717022
0,0,0,0,1,0.100034,-1.0112913
1,0,0,0,0,4.4916506,0.34461296
0,0,0,0,1,-0.0022256374,0.18279725
1,0,0,0,1,1.7739961,0.47085816
0,0,0,0,1,-0.08566809,-0.72056735
0,0,0,0,1,-0.606426,-0.12766246
0,0,0,0,1,-0.68713,0.26893604
0,0,0,0,1,-1.5087783,0.12758651
0,0,0,0,1,-1.3043618,-0.16960278
0,0,0,0,1,0.0022256374,0.1471224
0,1,0,0,0,4.570929,0.6413101
0,0,0,0,0,-2.0557609,0.26496875
0,0,1,1,1,1.0730474,-0.15473002
0,0,0,1,0,-2.3974135,-0.24576765
0,0,0,1,0,-2.7000391,0.14513053
0,0,0,0,1,0.027993202,0.010755394
0,0,0,0,1,-0.91230726,0.2976388
0,0,1,0,1,0.18813562,-0.003071193
0,0,0,0,1,0.24938774,-0.44242552
0,0,0,0,1,0.17462134,-0.3048042
0,0,0,0,1,0.15613604,0.0
0,0,0,1,0,-2.4030554,-0.16397658
1,0,0,0,0,1.9271934,0.63939446
0,0,0,0,1,0.40481353,0.3681451
1,0,0,1,0,-5.5172033,-0.88719434
1,0,0,1,0,-5.559981,-0.9080133
0,0,0,0,1,1.363332,-0.8542726
1,0,0,0,0,0.13000655,0.48125023
1,1,0,0,0,6.364153,-0.40147308
1,0,0,0,0,3.344149,0.3206229
1,1,0,1,0,8.37985,-0.97932404
1,1,0,0,0,9.864721,0.25453714
0,0,0,1,0,-2.8649151,-0.106481045
1,1,0,0,0,10.060559,0.32168832
0,0,0,0,1,0.38837218,-0.44212237
0,0,0,1,1,0.0,0.14496577
0,0,0,1,0,-1.0693631,0.37193587
1,0,1,0,0,-0.1671822,0.7963582
1,1,0,0,0,9.867609,0.7109827
0,0,0,1,0,-2.6064026,0.053115405
1,0,0,1,0,-5.5172033,-0.905869
1,1,0,0,0,6.5303326,0.40418932
0,0,0,0,1,-0.0883348,0.5426289
0,0,0,0,0,-1.2454846,-0.17226921
0,0,0,0,1,-0.7972503,-0.011688432
0,0,0,1,1,-0.19501543,0.38247263
0,0,0,0,1,2.4481652,-0.33023626
1,0,0,1,1,0.9920156,0.5230716
1,0,0,0,0,0.6306808,0.40111163
1,1,1,0,1,-0.49012685,0.76295066
0,0,1,0,1,1.9674559,-0.10185185
0,0,0,0,1,2.4328206,0.32648268
0,0,0,0,1,-1.0356033,0.1854613
1,1,0,0,1,10.908311,-0.21272185
0,0,0,1,0,-2.5548348,-0.69525933
0,1,0,0,0,5.0549917,-0.020262398
0,0,0,0,1,-0.7517412,0.019184252
0,0,0,0,0,-1.0747886,0.20730577
0,0,0,0,1,-0.95847845,-0.93406683
1,0,0,1,1,0.5115769,-0.36520424
0,0,0,0,1,-0.85991144,-0.57257056
0,0,0,1,0,-2.189276,-0.20352605
0,0,0,0,1,-0.8484249,-0.18161166
0,0,0,0,1,-0.61057687,-0.0203116
0,0,0,1,1,0.32330775,-0.8674828
0,0,1,0,0,-1.827066,0.0016126565
1,1,1,1,0,-1.9357986,0.8361901
0,0,0,0,1,-0.09905195,-0.9321298
0,1,0,0,0,6.460852,-0.15619709
1,1,0,0,0,6.758931,0.20767647
0,0,0,1,1,0.24391675,-0.80605286
0,0,0,0,1,1.1740746,-0.5187938
0,0,0,1,0,-3.7141216,-0.93149614
0,0,0,1,0,-3.5330026,-0.06411551
0,0,0,0,1,0.24946618,-0.6471146
0,0,0,1,0,-3.3142471,-1.029103
0,0,0,1,0,-3.3134623,-0.37285963
0,0,0,1,1,0.03990245,-0.80950385
0,0,0,1,0,-3.0804808,-0.2550797
0,0,0,1,0,-2.3787332,-0.28095457
0,0,0,1,0,-2.4216383,0.06507409
0,0,0,0,1,0.95556045,0.016372649
0,0,0,1,0,-2.0332747,-0.05609566
0,0,0,0,1,-1.5056272,0.17676495
0,0,0,0,1,0.7865946,0.13764977
0,0,0,0,1,0.5445459,0.078166544
0,0,0,1,0,-2.3978126,-0.7882588
1,1,0,1,0,-4.7280855,-1.082606
0,0,0,0,1,0.57323575,-0.14077397
0,0,0,1,0,-2.6663415,0.36975878
0,0,0,0,1,-1.4266014,-0.03114494
1,1,0,1,1,10.762538,-0.03768225
1,1,0,1,0,4.8023944,0.07041215
1,0,1,0,0,-0.053619623,0.78016376
0,0,0,1,0,-2.9621973,0.17147644
0,0,0,1,0,-2.5023227,-0.44231552
0,1,0,0,0,7.083548,-0.3111972
1,1,0,0,0,7.459326,0.22184747
0,0,0,0,1,-0.023051023,-0.4751766
0,0,0,1,0,-3.1178892,-0.76510584
0,0,0,0,1,3.713507,-0.18791549
0,0,0,0,0,-0.81122756,0.116554946
0,0,0,0,1,0.878731,-0.050398726
1,1,0,0,0,5.0481534,0.09228314
1,1,0,0,0,5.680991,0.31864843
0,0,0,0,1,-0.39068532,-0.615676
1,1,0,0,0,9.63396,-0.16378787
1,1,0,0,0,9.144776,0.66308063
0,0,0,1,0,-1.7727182,-0.7423718
0,0,0,0,1,-0.77590895,-0.09419716
0,0,0,0,1,-0.5873425,0.16748366
0,0,0,0,1,-0.8636172,-0.1588678
0,0,0,0,1,-0.6872678,-0.11066557
0,0,0,0,1,-0.9446542,0.2862898
0,0,0,0,1,-0.04946685,0.061900735
0,0,0,0,1,-1.1731918,-0.10939621
0,0,0,0,1,-0.22656202,0.36001027
0,0,0,1,0,-3.2615798,0.033799343
0,1,0,0,0,3.8072395,0.26455966
0,0,0,0,1,-0.6065395,0.42345062
1,1,0,0,0,8.957152,0.37596187
0,1,0,0,0,8.114021,0.6345732
0,0,0,0,1,0.22079492,-0.82269704
0,0,0,1,0,-2.7558887,-0.3127557
0,1,0,0,0,7.956184,0.20055333
0,0,0,1,1,1.6863565,0.050663672
0,0,0,0,1,-0.0039789677,0.052840464
1,0,1,0,0,-0.12876534,0.6045662
0,0,0,0,1,1.5700574,0.3069243
0,0,0,0,1,-0.44536638,0.0949638
1,1,0,1,0,8.93977,-0.20629944
0,0,0,0,1,-0.05844283,-0.33890784
0,1,0,0,0,8.126085,0.0658893
0,0,0,0,1,1.0143855,-0.2671666
0,0,0,0,1,-1.5513601,-0.16111483
0,0,0,0,1,-1.1700408,0.0116253765
0,0,0,0,1,-1.0450389,0.29736558
1,1,0,0,0,5.868591,0.023920784
0,0,0,1,0,-2.052761,-0.7077752
0,0,0,0,1,0.792084,-1.3628649
0,0,0,0,1,0.74867225,-0.5679037
0,0,0,0,1,-0.2445178,-0.1133545
0,0,0,0,1,-0.42771006,-0.12200623
0,0,0,0,1,-0.17966247,-0.40627214
0,0,0,0,1,-0.07323575,-0.095111586
0,0,0,0,1,2.0365005,-0.7237046
0,0,0,0,1,-1.3429539,0.11226707
0,1,0,0,0,4.475611,-0.13030869
0,0,0,0,1,-0.42713284,-0.8266608
0,0,0,0,1,-0.30768514,0.15200943
0,0,0,0,1,0.06053567,-0.9253996
0,0,0,0,1,0.730273,-0.19992624
1,1,0,0,0,6.960279,0.5313685
0,0,0,0,1,-0.19831347,-0.19523814
0,0,0,1,0,-4.960334,0.11430182
1,0,1,0,0,0.07518911,0.07879096
1,1,0,0,0,5.1141653,0.20270154
1,0,1,0,0,0.001039505,0.10213206
0,0,0,0,1,-0.4456458,-0.55620074
0,0,0,0,1,-0.41103745,-0.30659387
1,1,0,0,0,8.445566,-0.36464489
0,0,1,1,0,-0.40436792,0.12905955
0,0,0,0,0,3.3979757,0.08069358
0,0,0,0,1,-1.9759843,0.010856864
0,0,0,0,1,0.717258,-0.10963945
0,0,0,0,1,3.2051084,-0.20216313
0,0,0,0,1,-1.0631232,0.26771492
0,0,0,1,0,-2.4033365,-0.079569794
0,0,0,1,0,-2.8778055,0.4013817
0,0,0,0,1,-1.0628483,0.1393493
1,0,0,1,0,-5.540578,-0.98595065
0,0,0,0,1,-0.4020214,0.35265914
0,0,0,0,0,3.574642,-1.001648
1,0,0,0,0,0.2729478,-0.07036096
1,0,1,0,0,0.25132132,0.122245416
0,0,0,0,1,1.1058655,-1.699776
0,0,0,0,1,1.8092642,-0.38084975
0,0,0,0,1,2.0066175,0.19228286
0,0,0,0,1,-0.751729,0.39060405
0,0,0,0,1,0.52360296,-0.42844412
0,0,0,0,1,0.052797556,0.14498562
1,0,0,0,0,0.018370152,-0.0870054
0,0,0,0,1,0.43516827,-0.66256714
0,0,0,0,0,-1.8729734,-0.89267296
1,1,0,0,0,8.130519,0.70319283
0,1,0,0,0,7.532073,0.14173345
0,0,0,0,1,-0.4548459,-0.094146065
1,0,0,0,0,0.0023531914,-0.19718342
1,0,0,1,0,-5.8609896,-1.0357422
0,0,0,0,1,-3.516791,-0.08542687
0,1,0,0,0,3.7327833,0.08762833
0,0,0,0,1,-0.24078465,0.05438711
0,1,1,0,0,4.1171637,-0.0057537085
0,0,0,0,1,0.2751603,-0.9461788
0,0,0,0,0,1.622153,0.1422777
1,1,0,0,0,4.110898,0.41633403
1,0,0,0,0,-1.9708006,0.5802941
0,0,0,0,0,-3.892329,0.57246315
0,0,0,0,1,1.4739463,-0.9181733
0,0,1,0,0,-0.5544181,0.15539697
0,0,0,0,1,-0.7828326,-0.80454254
0,0,0,1,0,-3.2924547,-0.95279384
0,0,0,1,0,-2.4510384,0.0074415817
0,0,0,0,1,3.729147,-0.97547054
0,0,0,0,0,-0.33936548,-0.18438797
0,0,0,0,1,0.1282816,-0.5256867
0,0,0,0,1,-0.08901405,0.108438656
0,0,0,0,1,0.37458158,-0.8646768
0,0,0,0,1,-0.23399425,0.0043506473
1,1,0,0,0,7.8071156,-0.23687288
0,0,1,0,0,-0.5554836,0.20712534
0,0,0,0,1,-1.2236025,0.25204563
0,0,0,0,1,-0.054171562,-0.8008458
1,0,0,0,0,-2.2103932,0.53697205
1,1,0,0,0,9.398816,-0.94265383
0,0,0,0,0,-1.819479,0.1694532
0,0,0,0,1,-0.9709656,0.16461132
0,0,0,0,0,-0.118769646,-0.28279993
1,0,0,1,0,-7.5897684,-0.7936877
0,0,0,0,1,-0.92646956,0.2155057
0,0,0,0,1,0.20489073,-0.4542456
0,1,0,0,0,3.6783416,0.17255647
0,0,1,0,0,-0.52535677,0.13488042
0,1,0,0,0,3.5876272,0.017374087
0,0,0,0,1,0.78565884,-0.0016508151
0,0,0,0,1,0.51528144,-0.1071955
0,0,0,0,1,0.06316781,-0.63602096
0,0,0,0,1,-1.5196192,0.102072254
0,0,0,0,1,-2.078201,-0.22983351
1,0,1,0,0,0.03271246,0.23617584
1,1,0,0,1,8.683543,0.12202275
0,0,0,0,1,0.90318036,-0.40085912
0,1,0,0,0,4.2850113,-0.73455715
0,0,0,0,0,-0.47000217,-0.07225338
0,0,0,0,1,-0.21931005,-0.59092057
0,0,0,0,1,-0.1691432,0.16319612
1,0,0,1,0,-7.5897684,-0.9977078
1,0,0,0,0,-0.06740022,0.31239003
0,0,0,1,0,-3.734787,-0.8945942
0,0,0,1,0,-3.579366,-0.98915654
1,1,0,0,0,7.9940586,-0.2881787
0,0,0,0,0,0.030835629,-0.1656566
1,0,1,0,0,0.097670555,-0.0024060502
0,0,0,0,1,0.6024244,0.7063529
0,0,0,0,1,-0.9346752,0.10716828
0,0,0,0,1,3.2266214,-0.9070999
0,1,0,0,0,7.5635376,0.47551218
1,0,1,0,0,0.22894049,0.23215385
1,1,0,0,0,6.08111,-0.32295915
0,0,0,0,1,0.98076415,-0.5920945
0,0,0,0,1,3.3567903,-0.7859811
0,0,0,0,1,0.3527155,-0.23752743
0,0,0,0,1,-0.76323605,0.21953808
1,1,0,0,0,4.470501,0.8577144
0,0,0,0,1,-0.80895925,-0.069469266
1,0,1,0,0,0.123336315,0.14648005
1,1,0,0,0,7.400693,0.053513654
0,0,0,0,1,0.4584303,-0.8200508
1,1,0,0,0,3.0297363,0.012962981
0,1,0,0,0,3.4916322,-0.19775605
0,1,0,0,0,5.9144382,-0.70111716
1,1,0,0,0,5.174061,0.40046564
0,0,0,1,0,-2.7389216,0.2692775
0,0,1,0,0,-0.19224358,0.07810167
1,0,1,1,0,-0.09805632,0.08516001
0,0,0,0,1,0.43930387,-0.42123082
0,1,0,0,0,4.2599344,-0.782984
0,0,0,0,1,0.2555604,-0.2045574
0,0,0,0,1,2.687617,0.13815865
1,1,0,0,1,8.768504,-1.0605581
0,0,0,0,1,-2.437,-0.0051644035
0,0,0,0,1,-0.16018343,-0.01050883
1,1,0,0,0,9.293486,0.03502944
0,0,0,0,0,-0.22732401,-0.06448819
0,0,0,0,1,-2.7004092,0.039788794
0,0,0,0,1,-0.44950628,0.51929665
0,0,0,0,1,-0.053972006,-0.7662889
0,0,0,0,1,-0.75188255,0.12647228
0,0,0,0,1,-2.844815,0.39931142
0,0,1,1,0,-0.24431658,0.010017308
0,0,1,0,0,-0.36601877,0.04476844
0,0,0,0,1,-0.9875474,0.34878424
0,0,0,1,1,-0.0056021214,-0.07941593
0,0,0,0,1,1.4119215,-0.9772069
0,0,0,0,1,-0.5280535,-0.1832966
0,0,0,0,1,-0.19304323,0.13749471
1,0,1,0,0,0.029723644,0.11960293
0,0,0,0,1,-0.38557148,-0.4660638
0,1,0,0,0,2.1818044,0.0136101255
0,0,1,0,0,-0.4813857,0.18972972
0,0,0,1,1,-0.31954074,0.0413631
0,0,0,0,1,2.1309197,-0.6471169
1,0,0,0,0,0.44801855,-0.17910448
0,0,0,0,1,-0.6948221,-0.279367
1,1,0,0,0,5.934787,-0.5683388
0,0,1,0,0,-0.65693974,0.25099722
0,1,0,0,0,5.8625126,-0.9393816
1,0,0,0,0,-2.6161726,0.7897442
0,0,0,0,0,-0.17652893,-0.19331111
0,0,0,0,0,0.26058102,-0.15975499
0,0,1,0,1,-0.83881545,0.043086708
1,0,0,0,0,-0.047666073,-0.10490964
0,0,0,0,1,-2.659747,-0.2114356
0,0,0,0,1,-0.734988,0.1978455
1,1,0,0,0,3.851298,-0.020776745
0,0,0,0,1,-0.4371829,-0.19054511
0,0,0,0,0,-1.1806262,0.6519582
0,0,1,0,1,-0.35507035,-0.03205483
1,0,1,0,0,0.30352402,0.15249169
0,0,0,0,1,-0.5843284,0.11617643
1,1,0,0,1,8.857339,0.41675436
0,0,0,0,1,2.9199362,-0.26557535
0,0,0,0,1,0.056869507,0.18916474
0,0,0,0,1,0.30630922,0.0552801
0,1,0,0,0,7.120963,-0.108762644
0,0,0,0,0,-0.6128018,-0.12613444
0,0,0,0,1,-0.99382997,0.31275624
0,0,0,1,0,-5.0769773,-0.12736556
1,1,1,0,1,-0.13819027,0.13066664
0,0,0,0,1,-0.41326737,-0.99932295
1,1,0,0,1,8.842433,0.1745995
0,0,0,0,1,-1.2166946,0.2825394
0,0,0,0,1,-3.2989318,0.19463697
0,1,0,0,0,2.5234516,0.007607999
1,1,0,0,1,8.876262,-1.1080706
1,1,0,0,0,8.076575,-0.018965201
1,1,0,1,1,8.41607,-0.4869711
1,1,0,0,1,10.510522,0.11724147
0,0,0,0,1,-0.79354286,0.025841791
0,1,0,0,0,6.8540583,-1.0381536
1,1,0,0,0,5.8065624,0.039989743
0,0,0,0,1,-1.1610887,0.40868017
0,0,1,0,0,-0.25716734,0.19682454
1,0,1,0,0,-0.073345184,0.042822283
1,1,0,0,0,8.153263,0.5571786
0,0,0,1,0,-4.846324,-0.10745339
0,0,0,1,0,-2.50783,0.24840298
0,0,0,0,1,-0.77201295,-0.37415728
0,0,1,1,0,0.11156273,0.06535863
1,1,0,0,0,8.631742,0.072797135
0,0,0,0,0,0.20461082,-0.10355565
0,0,0,0,1,-0.19411469,-0.042636864
0,0,0,0,1,-0.59336543,0.4043531
1,1,0,0,0,10.074728,0.15716836
1,0,1,0,0,0.32217884,0.023679178
0,0,0,0,0,-1.6662047,-0.28336647
1,0,1,1,0,0.3041768,-0.011345954
1,0,1,0,0,-0.099919796,0.10926645
0,0,0,0,1,-0.47907233,0.21573536
0,0,0,1,0,-4.4396553,-0.0721229
0,0,0,0,0,-2.0142622,0.04691435
0,0,0,0,1,-3.2796748,-0.18268538
0,0,0,0,1,-0.7362528,-0.030568877
0,0,0,1,0,-3.0286846,-0.07651013
0,1,0,0,0,6.495327,-0.6293142
1,0,1,0,0,-0.014691353,-0.002881739
0,0,0,0,1,-0.72029066,0.3580589
0,0,0,0,1,0.0056021214,-1.0318961
1,1,0,0,1,8.823501,-0.057429615
0,0,0,0,1,-1.1516044,0.15777145
1,0,1,0,0,0.12647724,0.12470146
1,0,1,0,0,0.014512062,0.093404286
1,1,0,0,0,8.215499,0.30686095
0,0,0,0,1,-0.18014216,0.040955387
0,0,0,0,1,-1.2516806,0.15133777
1,1,0,0,0,9.238968,-0.057263993
1,0,1,0,0,0.093550205,0.072065815
0,0,0,0,1,1.2381206,-0.8697416
0,0,0,0,1,-0.33704853,0.3175757
0,0,0,0,1,3.247057,-0.7982356
1,1,0,0,0,9.408768,-0.20383888
0,0,0,0,1,0.104961395,-0.3652436
0,0,0,1,0,-0.47229815,-0.07707337
1,1,0,0,0,8.458419,0.032832246
0,0,0,0,1,-2.109051,0.066067226
0,0,0,0,1,-1.9830515,0.07340671
0,0,0,0,1,-0.4285879,-0.16148692
0,0,0,0,1,2.1642609,0.13130955
1,1,0,1,0,8.025834,-0.6751498
1,1,0,0,0,7.8022137,-0.3600882
0,0,0,0,1,-0.1427176,-0.71571326
0,0,0,0,1,-1.0897927,0.23021053
1,0,0,0,0,-1.0738833,0.46372622
0,0,0,0,1,-1.1573913,0.26852047
1,1,0,1,0,7.65847,-0.0474088
0,0,0,1,0,-2.779498,-0.64744353
0,0,0,0,1,2.8495712,0.28299516
0,1,0,0,0,2.711725,0.026625494
1,1,0,0,0,6.4488277,0.28948984
0,0,0,1,0,-5.8402205,-0.7882637
0,0,0,0,0,2.6084154,0.7163854
0,0,0,0,0,-0.11012745,-0.2043911
0,0,0,1,0,-2.3524723,0.11012999
0,0,0,0,0,-4.28475,0.42139074
0,0,0,0,0,-0.29712677,-0.032335192
1,0,0,1,0,-5.843311,-0.7556251
0,0,0,0,0,-0.07441759,-0.109058246
0,0,0,0,0,-0.079256535,-0.16015266
0,0,0,1,0,-3.7419093,0.5186939
0,0,0,0,1,0.8956182,0.02758289
0,0,0,0,1,3.6165648,-0.0025961436
0,0,0,0,0,0.17527628,-0.1627812
0,0,1,0,1,3.3230581,0.0058798133
1,1,0,0,0,4.31262,-0.056561787
1,1,0,0,0,6.750779,0.13941121
0,0,0,1,0,-2.569654,-0.4340098
0,0,0,1,0,-3.0756435,0.103460826
1,1,0,0,0,6.610688,0.29944482
1,0,0,1,1,0.29345465,-1.0469333
0,1,0,0,0,4.6772556,-0.0016508151
0,0,0,0,1,-3.1603243,0.017323101
0,0,0,0,1,-0.6276474,0.06652282
1,0,1,0,0,0.35239077,0.11163332
1,0,1,0,0,0.10656166,-0.011414506
0,0,0,1,1,-2.8679817,-0.65762144
0,0,0,0,1,-3.4388716,0.051068876
1,0,0,0,0,-0.001039505,-0.087967046
1,1,0,0,1,10.0715885,-0.23406038
1,1,0,0,0,8.180651,0.06959117
0,0,0,1,1,0.6728692,-1.1845831
1,0,1,0,0,-0.0035619736,-0.0100443605
1,1,0,1,0,7.7573767,-0.045519575
1,0,1,0,0,-0.09861374,0.091488756
0,0,0,1,0,-5.7611246,-0.76017296
0,0,0,1,1,2.0139246,-0.6340066
0,0,0,0,1,1.553354,-0.36820933
1,1,0,0,0,7.7067766,-0.67175835
1,1,0,0,0,7.30449,0.14217143
0,0,0,0,1,1.7475059,-1.1016366
0,0,0,0,1,1.0332584,0.002278463
0,0,0,0,1,0.8035114,0.3413578
0,0,0,0,1,0.9846084,-0.031547632
0,0,0,0,1,0.5762882,-0.08863356
0,0,0,0,1,-0.012155771,0.24778406
1,0,1,1,0,0.02609682,0.12613636
0,0,0,0,1,0.062360525,-0.077566475
1,0,0,0,0,-0.0188694,-0.07890521
0,0,0,0,1,-1.0771222,0.41124073
1,1,0,0,1,8.117722,-0.6611085
1,1,0,0,1,10.32618,-0.054371208
0,0,0,0,1,-1.4445775,-0.67863387
0,1,0,0,0,3.529452,0.16214272
1,1,0,0,1,8.815831,0.40359128
0,0,0,0,1,0.79167676,-0.5145657
1,1,0,0,1,8.919265,-1.1085674
0,0,1,0,1,-2.7793367,0.038212005
0,0,0,0,1,-0.14350224,0.0016508151
0,0,0,0,1,-0.4206264,0.1324836
0,0,0,0,1,-0.808177,0.21802215
0,0,0,1,0,-5.6446266,-0.62524
1,1,0,1,1,-3.3614228,-1.9158968
0,0,1,0,0,-0.31039,0.03650366
1,1,0,0,1,8.818509,0.09077481
1,0,1,0,0,0.10323334,0.16371736
0,0,0,1,1,-3.2439106,-0.34008873
0,0,0,0,1,-0.65441895,-0.15945646
0,0,0,0,1,-0.796561,-0.45380652
0,0,0,1,0,-5.744545,-0.9687838
0,0,0,0,1,2.6589487,-0.89196724
1,0,1,0,0,0.31631947,0.121165246
0,0,0,0,1,-0.5912123,0.35651907
0,0,1,0,0,-0.29081154,0.2646663
1,1,0,1,0,4.7871494,0.7492664
1,1,0,0,1,10.182422,-0.6656215
1,1,0,0,0,4.2107334,-0.009789453
1,1,0,0,0,9.107609,-0.3188455
0,0,0,1,0,-5.030781,0.36973503
0,0,1,0,0,-0.29730654,0.2526832
1,1,0,0,0,4.6325836,0.23549135
0,0,0,1,0,-2.2503865,-0.35383642
0,0,0,1,0,-3.1383688,0.36727095
1,1,0,0,0,4.0035343,0.26277068
0,1,0,0,0,5.383189,-0.2572325
0,0,0,0,1,-1.8659637,0.04513136
0,0,1,0,0,-0.7816589,0.22243455
1,1,0,0,0,9.964447,-0.09508789
0,0,0,1,0,0.38920784,-0.25416705
0,0,0,1,0,-5.2829027,0.33445758
0,0,0,0,1,1.2526002,-0.9154071
0,0,0,0,1,1.4625566,-0.6212651
0,0,0,0,1,3.9060202,-0.7891952
0,1,0,0,0,3.45376,0.12737848
1,1,0,0,0,2.8682735,0.57698494
0,0,0,0,1,-0.5096886,0.17886746
1,1,0,0,0,6.817487,0.50336266
0,0,1,0,0,-0.21910906,0.121345356
0,0,0,0,1,-2.8080137,0.30613247
0,0,1,0,0,-0.28760767,-0.0045143925
0,0,0,0,1,-2.2046254,0.022305833
0,0,1,0,0,-0.41419315,0.21726657
1,0,1,0,0,0.14483595,0.06351578
0,0,1,0,0,-0.34526205,0.084039
0,0,1,0,0,-0.46317673,0.028235897
1,0,1,0,0,0.12136793,0.123863496
0,0,0,0,1,0.18287754,-0.7010715
0,0,1,0,0,-0.66561985,0.21207176
1,1,0,0,0,5.6535025,0.09659702
1,1,0,0,0,4.3160353,0.34611845
0,0,0,0,1,-2.085037,0.34426618
0,1,0,0,0,7.2155733,-0.5060211
0,0,0,0,1,-0.6638887,0.111599065
1,0,0,0,0,0.14072752,-0.2648858
0,0,0,1,1,0.17753267,-0.39919463
0,0,0,1,0,-4.4013433,0.32490733
0,1,0,0,0,4.933036,0.0044721337
0,1,1,0,0,4.603647,-0.04466937
1,1,0,0,0,6.804182,0.10759192
1,1,0,0,0,6.4945536,0.51097953
1,1,0,1,1,-5.9718823,-0.83968985
0,0,1,0,0,-0.584332,0.20806153
0,0,0,0,1,-1.2720978,0.14350545
1,1,0,0,1,8.715749,-0.4082428
0,0,0,1,1,-0.27838278,0.16025375
0,0,0,1,0,-3.100707,-0.23904252
1,1,1,0,1,-0.09146643,0.13706933
0,0,1,0,0,-0.63470054,0.2082817
0,1,0,0,0,3.3712547,-0.35470787
1,0,1,1,0,-0.110514164,0.050326522
0,0,0,0,1,-0.421942,-0.86115766
1,1,0,0,1,10.876178,-1.0575657
1,0,1,0,0,0.3070097,0.22498149
1,0,0,0,0,0.08369589,-0.06499435
1,1,0,0,0,5.4563503,0.31620145
0,0,0,0,1,-2.4617355,-0.37955827
1,0,0,0,0,0.13373756,-0.13222708
0,1,0,0,0,4.602478,0.04421043
1,0,1,0,0,0.14417553,0.114115536
0,0,0,0,0,-0.5814607,-0.16015266
1,1,0,0,0,5.5986624,0.042777862
1,0,1,0,0,0.22571754,0.08863957
1,1,1,0,0,6.0495033,-0.063023746
0,0,0,0,1,1.1721542,-0.00025647602
1,1,0,0,0,10.94869,-0.93385977
0,0,0,0,0,-3.690409,-0.14540438
0,0,0,0,1,-0.06304479,0.022402592
0,0,0,0,1,-0.4675057,-0.5055525
0,0,0,0,1,2.212398,-0.3678195
0,0,0,0,1,1.6708329,0.19038226
1,1,0,1,0,7.249589,0.049610984
1,1,0,0,1,10.697364,-0.24166821
1,1,0,0,1,10.449576,0.28202367
0,0,0,0,1,-3.1173065,-0.057082396
1,0,0,0,0,0.30397177,-0.025289714
0,0,0,0,1,-2.0934517,0.023427537
0,0,0,0,1,0.40940833,-0.18865082
1,0,1,1,0,0.012472153,-0.0027458048
0,0,1,0,0,-0.05411768,0.25704303
0,0,0,0,0,3.6318693,0.028290147
0,0,0,1,0,-4.2232866,0.28847384
0,0,0,0,0,-0.67826915,-0.06109627
1,0,1,0,0,0.09988499,0.053864982
1,0,1,0,0,0.24907589,0.06776827
0,0,1,0,0,-0.38556767,0.15068616
0,0,0,1,0,-5.301943,-1.0088861
0,0,0,1,0,-3.4871802,-0.6302771
1,1,0,0,0,2.645476,0.101793386
0,0,1,1,0,-0.29220247,0.13036923
0,0,0,0,0,-0.61420274,-0.025985077
0,0,1,0,0,0.1579032,0.25929427
0,0,1,0,0,-0.6699467,0.09611682
1,1,0,0,0,3.6637065,0.16003715
1,0,0,0,0,0.35217047,-0.12084322
1,1,0,0,1,8.891242,-1.0376223
0,1,0,0,0,4.490941,0.018046018
0,1,0,0,1,3.8292177,-0.8215014
0,0,0,0,1,2.8707724,-0.16741726
0,0,0,0,1,2.264344,0.752398
0,0,0,0,1,0.9789257,-0.32426673
0,0,1,0,1,0.555876,-0.090397894
1,1,0,0,0,6.216172,-0.13203192
1,1,0,0,0,8.699143,0.31963354
1,0,1,0,0,0.0024991035,0.13860461
1,0,1,0,0,0.17109156,0.09599368
0,0,1,0,0,-0.43100023,0.062179178
1,1,0,0,0,7.5889835,0.19827408
0,0,0,1,0,-3.280473,-0.43328205
0,0,0,0,1,-0.47885156,-0.4044397
0,1,0,0,0,2.340243,-0.3996485
1,1,0,0,0,7.9656296,0.20002057
1,0,0,1,0,-1.9599993,0.7308067
0,0,0,0,1,-3.4804437,0.039000712
0,1,0,0,0,4.552288,-0.20698936
0,0,0,1,1,-0.7983782,-0.090023644
0,0,0,0,1,-0.40728593,-0.29761982
1,0,0,0,0,0.08261728,-0.23546681
0,0,0,0,1,0.8156364,-0.48608503
0,0,0,0,1,-0.92747974,0.17077947
0,0,0,1,1,0.078057766,0.056766648
1,1,0,0,0,3.9924695,0.34356874
0,0,0,0,1,-0.045675755,-0.20916905
0,1,0,0,0,5.886734,0.29618457
0,0,0,0,1,-0.5566547,-0.3223297
0,0,0,0,1,-2.8629029,-0.20437129
0,0,0,0,1,0.60318947,-0.38099197
0,0,0,0,1,-0.068492174,-0.64192253
0,0,0,0,1,-2.918516,-0.2706813
0,0,0,0,1,-1.0874825,-1.0171965
1,1,0,0,0,7.2419815,-0.06772332
0,0,0,0,1,1.3895817,-0.11262637
0,0,0,0,1,-2.0257924,-0.8060921
0,1,0,1,0,6.335232,0.22938387
0,0,1,0,0,-0.3345914,0.029026255
1,0,1,0,0,-0.093317986,0.14817631
0,0,0,0,1,-0.12234521,0.040134434
0,1,0,0,0,4.7142534,-0.5432196
0,1,0,0,0,4.046797,-0.120129235
0,0,0,0,1,-0.06316781,-0.25893027
0,0,0,0,1,2.5094223,-0.81230545
0,0,0,0,1,2.0686371,0.11144612
0,0,1,0,0,-0.48012996,0.035065
0,0,0,0,1,0.37616444,-0.1948747
0,1,0,0,0,3.3765488,0.12605657
0,0,0,1,0,-2.6618216,-0.68947774
1,0,0,0,0,0.78744507,-0.1604709
0,0,0,0,0,-0.5242188,-0.08648798
1,0,1,0,0,0.15835714,-0.020574033
1,0,1,0,0,-0.06679773,0.106467545
0,0,0,0,1,-0.3548882,-0.024130203
0,0,0,0,1,-0.0494833,-0.06151785
0,0,0,0,1,-3.1134632,-0.8693588
1,0,1,0,0,0.0032887459,0.11120891
0,0,0,1,0,-4.3466263,0.0051644035
0,0,0,0,0,0.5656774,0.38223025
1,1,0,0,0,4.6446905,0.7022185
0,1,0,0,0,3.1803463,-0.17152956
0,0,0,1,1,0.3486929,-0.28190106
0,0,0,0,1,0.79582477,-1.1006504
0,0,0,0,1,-0.7936106,0.14282441
1,0,0,0,0,0.24893332,-0.13075836
0,0,0,1,1,-0.31640005,-0.59058684
1,1,0,0,0,7.0701876,-0.029857017
0,0,0,0,1,-0.49312854,0.04732297
0,0,0,0,1,2.1692047,-1.0472076
0,0,0,0,1,-0.5464184,0.09510034
1,1,0,1,1,0.028898716,-0.5666524
0,0,0,0,1,-3.2392962,0.18337269
1,1,1,0,1,-0.13382053,0.12535939
0,0,0,0,1,-2.6551917,0.28169334
0,0,0,1,1,-1.5417411,-0.52559435
0,0,0,0,1,-0.9109504,0.074364446
1,1,0,0,0,5.975479,-0.4461918
1,1,0,0,0,8.430973,-0.23051938
1,1,0,0,0,8.102984,-0.8990847
1,0,0,0,0,0.28259182,-0.07648789
0,0,0,0,0,-3.9598858,0.6799579
1,1,0,0,0,8.071705,-0.23707418
1,1,0,0,0,7.997011,0.28798229
0,0,0,1,0,-3.0321472,0.038478024
0,0,0,0,1,-0.77254677,0.44313595
1,0,1,0,0,-0.005979061,-0.014641754
0,0,0,0,1,-0.14936209,-0.5493637
0,1,0,0,0,7.0824833,-0.242269
0,1,0,1,0,3.1822956,-0.11478212
0,0,0,0,1,-0.07602048,0.1329328
0,0,0,0,0,-1.2832708,-0.03002774
0,0,0,1,0,-2.7310581,-1.8148273
0,0,0,0,1,-2.8147686,-0.017601343
0,0,0,1,1,-0.15350151,-0.21246906
0,0,0,0,1,1.9103518,0.0542382
1,0,0,1,0,-5.8609896,-1.0180764
1,1,0,0,0,3.6498287,0.19612035
1,1,0,1,0,-7.5897684,-0.70029116
0,0,0,1,0,-5.2592554,-0.20075755
0,0,0,0,1,-3.3276083,0.32561788
1,1,0,0,0,5.564066,0.24656169
0,0,0,0,0,0.3530383,-0.10754767
0,0,1,0,0,-0.5698483,0.0024060502
0,0,0,0,1,-0.81036806,-0.027332105
0,0,0,0,1,-2.9094727,-0.47135198
0,0,1,0,0,-0.2203455,0.09025098
1,0,1,0,0,0.14422846,0.19280846
1,0,1,0,0,-0.20528173,0.06985615
1,0,1,1,0,-0.075849056,0.070172116
0,0,0,0,1,-0.5382304,-1.0958633
0,0,0,0,1,-0.32396293,0.14365357
0,0,0,1,0,-2.806491,0.15743704
0,0,1,0,0,-0.2154069,-0.013954232
0,1,0,0,0,4.8320665,0.021234903
1,1,0,0,0,4.467284,0.26642677
0,1,0,0,0,6.705352,-0.47867113
0,0,0,0,1,0.14781165,-0.6881459
0,0,1,0,0,-0.5245576,0.2060228
0,0,0,0,1,-0.1645844,-0.53216827
0,0,1,0,1,0.33873987,0.11677254
0,0,0,0,0,-0.20562029,-0.058074903
1,1,0,0,0,8.974616,-0.17430043
1,0,0,0,0,0.4036603,-0.12352367
0,0,0,0,1,-0.51969576,0.27753067
0,0,1,0,0,-0.33397007,0.13659646
1,1,0,0,0,6.890212,0.24733953
0,0,0,0,1,1.514303,-0.9900765
0,1,0,0,0,7.81787,0.11012999
1,1,0,1,0,9.974234,-0.27899283
1,1,0,0,0,9.490221,0.115414985
0,0,0,0,1,0.033277035,0.09193992
0,0,0,0,1,0.26134038,-0.683025
1,1,0,0,0,7.346013,-1.0507874
0,0,0,1,0,-2.8172083,-1.1376461
0,0,0,0,1,3.058446,0.0038458614
0,0,0,0,1,3.099843,0.2468074
1,0,0,0,0,0.033544064,-0.030656517
1,1,0,0,0,3.6941822,0.18922424
1,1,0,0,0,5.409827,0.042403743
0,1,0,0,0,5.5652666,-0.3327687
0,0,0,0,1,3.2161589,0.060769323
0,0,0,0,1,-0.03351307,-0.34403023
0,0,0,0,0,-2.0935996,-0.3873133
0,0,0,1,0,-2.8001833,0.72412354
1,0,1,0,0,0.22602367,0.05662272
1,0,1,0,0,0.13012934,0.18562871
1,0,1,0,0,-0.0045990944,0.08615541
0,0,0,0,1,0.6930604,-1.3411372
0,0,0,1,1,-0.8939786,0.29242808
0,0,0,0,1,-0.5580175,0.30686095
0,1,0,0,0,5.5506372,0.7510473
0,0,0,0,1,2.1441817,-0.08178539
0,0,0,0,1,-0.18172693,0.071950845
0,0,0,0,1,-0.092582226,0.17948894
0,0,0,0,1,-0.48725438,-0.7427933
0,0,1,0,0,-0.33905697,0.12840407
0,0,0,0,1,-0.44133806,-0.16890535
0,0,1,0,0,2.9004,0.98114985
0,0,0,1,1,-0.07793856,0.0747268
0,0,0,0,0,-0.8744576,-0.16894145
0,0,0,0,1,-0.0459342,0.037115525
1,1,0,0,0,3.740215,0.08190191
0,0,0,0,1,-3.0997245,-0.046034466
0,0,0,0,1,-0.41598964,-0.48054025
0,0,0,1,0,-3.4379206,0.13696657
0,0,0,0,1,-0.8386829,-0.039319854
1,1,0,0,0,9.228361,0.38815427
0,0,0,0,1,-0.8017659,0.12716475
0,0,0,0,1,-0.31507134,-1.0660625
0,1,0,0,0,5.0591784,-0.8053036
1,1,0,0,0,10.266721,0.3583492
0,0,0,0,0,-0.95243335,-0.7972292
0,0,0,0,1,-0.3772819,-0.94157124
1,1,0,0,0,6.905262,0.48920348
1,0,1,1,0,-0.06843567,0.02810411
0,0,0,1,1,-3.2177742,-0.0493016
0,0,0,0,1,-0.48217535,-0.08059177
0,0,0,0,1,-1.7293818,-0.11312847
1,0,1,0,0,0.07994652,0.13523571
0,0,0,0,0,-0.63972116,-0.07458745
0,0,0,0,1,-1.7356613,-0.5733036
1,0,1,0,0,0.12391806,0.061414603
0,0,0,1,0,-3.6100712,-0.9544259
0,0,0,0,1,-0.86488914,0.442025
1,1,1,0,1,0.18702555,0.18585385
1,0,0,0,0,0.18960285,-0.096962385
0,1,0,0,0,3.0772111,-0.22345817
1,1,0,0,0,5.090765,0.030230096
1,1,0,1,0,8.65482,0.4276106
0,0,0,0,0,-0.1193223,-0.33598825
0,0,0,0,1,3.330589,-0.76776165
1,1,0,0,1,8.82792,-0.4239011
1,1,0,0,0,8.332916,-0.7103514
0,0,0,0,0,0.27530384,-0.12767337
0,1,0,0,0,2.130284,-0.019271351
0,1,0,0,0,4.643099,-0.026040325
1,1,0,0,0,3.1569965,0.0858217
0,0,0,1,1,0.78932023,0.0021350523
0,0,0,0,1,-0.31523037,0.38698047
0,1,0,1,0,7.7990236,0.2702379
0,0,0,0,1,-2.3952506,0.532939
0,0,0,1,0,-5.8319187,-0.94657016
0,0,0,0,1,1.4568002,-0.5020251
0,1,0,0,0,3.5740821,0.052865144
0,0,0,0,1,-1.0224938,0.05394032
0,0,0,0,0,0.13548803,-0.19174996
0,0,0,0,1,0.70802283,0.36013994
0,0,1,0,0,-0.46670365,0.0139015885
1,1,0,0,0,6.779953,0.16519287
0,0,1,0,0,-0.61343,0.11478045
0,0,0,0,1,-0.033277035,-0.14918302
0,0,0,0,1,-0.64521,0.3511541
0,1,0,0,0,5.840067,0.14241989
0,0,0,0,1,-3.1581495,-0.11828217
0,0,0,1,1,-0.38017988,-0.5302182
0,0,0,1,1,-0.87195325,0.00025647602
1,1,0,0,0,6.4582396,0.20109382
0,0,1,1,0,-0.16299438,-0.005399861
0,0,0,0,0,-3.6135645,-0.23438273
1,0,0,0,0,1.035569,0.21533889
0,0,0,0,1,0.728853,0.2981334
0,0,0,0,1,1.001497,-0.1581896
0,0,0,0,1,-1.5163462,-1.0247487
0,0,0,1,0,-3.6310856,-0.35630307
0,0,0,0,1,-2.7986019,0.270873
0,0,0,1,0,-4.7853727,0.70772725
1,1,1,0,1,0.1452837,0.13984293
0,0,0,1,0,-5.3159842,-0.5980398
0,0,0,1,0,-2.8982968,-0.5871095
0,0,0,1,0,-3.2043722,-0.38515466
0,0,1,0,0,-0.10941219,0.18145429
0,1,0,0,0,6.6901207,-0.8598212
1,0,0,1,0,-5.540578,-1.0228647
1,0,0,1,0,-4.4079957,-1.1737841
1,0,1,0,0,0.07292509,-0.0090179825
0,0,0,0,1,-2.2945616,-0.9227744
1,0,1,0,0,0.27174425,0.17025557
0,0,0,0,0,0.010199547,-0.22166762
0,0,0,1,1,-0.60422945,0.30780044
0,0,0,0,0,0.27258158,-0.12176142
1,1,0,0,0,7.4955893,-0.4092297
0,0,1,0,0,-0.3282404,0.039439946
0,0,0,0,1,-0.8165555,0.08228497
1,1,0,0,0,4.118842,0.5636378
0,0,0,0,1,-0.5380225,-0.60422343
1,0,1,0,0,0.09840584,0.023877729
1,1,0,0,0,7.0751667,0.041520398
1,1,0,0,0,9.620345,0.08199532
0,0,0,0,1,-1.0929036,0.16132471
1,1,0,0,0,4.7871466,0.0922267
1,1,0,0,0,3.8113773,0.72096896
1,1,0,1,1,-5.978594,-1.0947536
0,0,0,0,1,1.4329813,-0.22139247
1,0,1,0,0,0.134686,0.19932641
0,0,0,0,0,-3.553509,-0.24187185
0,0,0,0,1,-1.2812362,-0.8706523
1,0,0,1,0,-4.4079957,-1.429681
0,0,0,0,1,-1.1810193,0.39071044
0,0,0,1,0,-2.4073055,0.29477248
0,0,1,0,1,-0.30289435,0.10577083
0,0,0,0,0,-0.2645278,-0.080813885
0,0,0,0,1,-0.1393683,-0.0636213
1,1,0,0,0,6.967743,0.023107179
0,0,0,1,0,-3.485822,-0.71676314
1,0,0,0,1,0.79770756,-0.82298934
0,0,0,0,1,-3.169679,0.084767886
0,0,0,1,0,-0.32844734,-0.028143777
0,0,0,0,1,-1.0389295,0.1902052
0,0,0,0,1,-0.3716805,0.09510034
0,0,0,0,1,-0.7514944,-0.5984862
1,0,0,0,0,0.05564785,-0.13672128
1,0,1,0,0,0.14807558,0.09628163
0,0,1,0,0,-0.6836183,0.08056525
1,0,0,1,0,-5.8887625,-0.87064475
0,0,0,0,1,0.34419584,-1.4588463
1,0,1,0,0,0.32477283,0.059622772
0,0,0,1,0,-4.171389,0.05524783
1,0,0,0,0,3.0787396,0.259135
1,0,1,0,0,0.14781809,0.3015548
0,0,0,0,0,-0.4063697,-0.05614874
0,0,1,0,1,-1.698565,0.07027609
0,0,0,0,1,-0.7956114,-0.10742272
0,0,0,0,1,-0.25976706,0.1904349
0,0,0,0,1,-0.64382505,0.22255197
1,1,0,0,0,8.576631,0.14393543
0,0,0,1,0,-4.7954974,-0.16505729
1,1,0,0,0,9.0082035,-0.007745495
1,1,0,0,0,9.75897,0.22547168
0,0,0,0,1,-0.006070137,-0.8827661
0,0,0,1,0,-4.679245,-0.96366876
0,0,0,1,1,-1.1444311,-0.0395617
0,0,0,0,0,-0.41254377,-0.12287404
0,0,0,0,1,-0.35335112,-0.0887048
0,0,0,0,1,0.63679695,-0.458667
1,1,0,0,0,4.9535584,0.40790376
0,0,0,1,1,-2.293851,0.10963716
0,0,0,0,1,-0.35264015,-0.4437271
0,0,0,0,1,-0.6614084,0.504474
1,0,0,0,1,10.022558,-0.76922405
0,0,0,0,0,0.017925262,-0.20757894
0,1,0,1,0,4.482387,-0.40884545
1,0,1,0,0,0.2819395,0.19117236
0,0,0,1,0,-2.6677046,-0.7725813
0,0,0,1,0,-4.2337923,-0.042604417
0,0,0,1,0,-3.4768395,0.3290208
0,0,0,0,1,-0.23701715,0.20598553
0,0,0,1,1,-0.22708035,-0.54539037
1,0,0,1,0,9.41386,-0.11331571
1,1,0,0,1,10.357482,-0.21906422
1,1,0,0,1,8.861849,0.12139704
0,0,0,0,0,-0.07066584,-0.13385467
1,0,1,0,0,0.015104771,0.28286067
0,0,0,1,0,-2.587419,-1.6762372
0,1,0,0,0,4.527382,-0.0033103959
1,1,0,0,0,8.556377,-0.032759827
0,0,0,0,0,-2.957911,0.74120104
1,0,1,0,0,0.12523222,0.15678777
0,0,1,0,0,-0.6128726,0.20110923
0,1,0,0,0,3.298314,-0.16321848
0,0,0,1,0,-3.5538478,-0.9826283
0,0,0,1,0,-5.4893823,-0.6331813
0,0,0,0,1,1.1913233,-0.15064897
0,0,0,0,1,0.5861521,-0.86781704
0,0,0,0,1,-1.3085656,-0.96016246
0,0,0,0,0,2.53684,0.76769847
0,0,0,0,1,0.76310205,-0.4897004
0,0,0,0,1,-1.4521966,-0.4106911
0,0,0,1,1,1.0781631,0.36001888
1,0,1,0,0,0.19539595,0.072679974
0,0,0,0,1,0.11960459,-0.5060605
1,1,0,0,0,6.265737,0.16786289
0,0,0,0,1,1.3448591,-0.2579212
0,0,0,0,1,-0.42655516,0.20162873
1,0,0,1,0,0.04899931,0.010374189
1,1,0,0,0,9.051331,0.24644312
1,0,1,0,0,0.16859436,0.3093033
0,0,0,0,1,-1.7735939,-0.5811986
0,0,1,0,0,-0.7469909,0.23628931
0,0,0,0,1,-0.064083576,-0.7641618
0,0,0,1,1,-2.4311638,0.24923328
0,0,0,0,1,-2.5836473,0.15373102
0,0,0,0,1,2.8781471,0.31555575
0,0,1,0,0,-0.6136408,0.28383067
1,1,0,0,0,5.7667675,0.55495816
0,0,0,0,1,-2.6272492,0.16393746
0,0,0,0,1,-1.7819896,-0.728549
0,0,0,0,1,-0.51296806,-0.532392
0,0,1,0,0,-0.6338346,0.038301166
1,0,0,0,0,0.6315398,-0.0523723
1,1,1,0,1,0.083527565,0.21459153
1,1,0,0,1,9.86231,-0.5377392
0,0,0,0,0,-0.42149782,-0.14570178
0,0,0,0,1,-0.30046272,-0.16942886
1,0,0,1,0,-2.2019272,0.7470249
0,0,0,0,1,-1.4628973,0.35717925
0,0,0,0,1,0.17182636,-0.58324933
0,0,0,0,1,-1.2413116,-0.0213911
0,0,0,0,1,0.123283386,0.07115902
0,0,0,0,1,-1.6923995,0.06273801
0,0,0,0,1,-0.020070076,-0.115606226
0,0,0,0,1,0.9597497,0.02812739
0,0,0,0,0,0.26688766,-0.12570931
0,0,0,0,1,2.5703287,-0.18082677
0,0,0,0,1,1.0082207,0.051767778
1,1,0,0,0,7.869411,0.43867198
0,0,0,0,0,-0.18094587,-0.09747534
0,0,0,1,0,-2.538628,-1.1964821
1,1,0,0,0,8.520885,-0.50900984
1,1,0,0,0,9.494121,-0.4396126
0,0,1,0,0,-0.33157015,0.032154527
0,0,0,1,0,-2.74422,0.33451834
0,0,0,0,1,-0.45345736,-0.54440343
0,1,0,0,0,6.657232,-0.13646042
0,1,0,0,0,7.4944086,0.14544053
0,0,0,0,1,-1.460938,0.31808996
0,0,0,0,1,0.6005902,-0.48028886
0,0,0,1,0,-4.018236,-0.30777
0,1,0,0,0,4.219484,0.029963063
1,1,0,0,1,9.945709,-0.011182515
0,0,0,1,0,-1.7334523,-0.039638046
0,0,0,0,1,2.085916,-0.63552505
0,0,0,0,0,3.736928,-1.005661
0,0,0,0,1,0.4146514,0.12768725
0,1,0,0,0,3.8166218,-0.6556393
1,1,0,0,0,8.030058,0.45899326
0,0,0,0,1,1.6628051,0.28541824
1,0,0,1,1,-0.7654028,0.65622586
1,1,0,0,1,9.58213,-0.31663793
1,1,0,0,1,10.35006,-0.79736805
1,1,0,0,1,8.845451,-0.48417586
0,0,0,0,1,-1.2245364,0.30342975
1,0,1,1,0,-0.007502556,0.15849873
0,0,0,0,1,0.24644423,-0.6659234
0,0,0,0,1,0.9560852,-0.7741966
0,0,0,0,0,-2.3291764,0.44708964
0,0,0,0,1,-0.48857927,0.059262846
0,0,0,0,1,-1.7105231,0.08131302
0,0,0,0,1,1.2339492,0.10704035
0,0,0,1,1,2.2133408,0.29063475
0,0,0,0,0,-0.1405201,-0.03577503
0,1,0,0,0,4.042409,-0.15897472
1,0,0,0,0,2.0207748,0.22626603
0,0,1,0,0,-0.45095587,0.19081774
1,0,1,0,0,-0.08071852,0.12528959
1,1,0,0,1,9.672136,-0.3862986
1,1,0,0,1,10.463922,-0.3259176
1,1,0,1,0,8.23971,0.4132106
1,1,0,0,0,5.5224867,0.19930986
1,1,0,0,0,4.1880984,0.19973302
0,1,0,0,0,3.0486703,0.114658855
0,0,0,0,1,1.4057555,0.33731657
0,0,0,0,0,-2.5462885,0.3761587
0,0,0,1,0,-0.19116497,-1.095486
0,0,0,1,0,-3.9175673,-0.63028425
0,0,0,0,1,-0.015124798,0.28173628
0,1,0,0,0,3.300106,-0.3437046
0,0,0,1,0,-3.446774,0.41510138
0,0,0,0,1,-0.11625242,-0.1932631
0,0,0,0,1,0.28562164,0.119504414
0,0,1,0,0,-0.80278826,0.24046046
0,0,0,0,1,-1.6666265,-0.1802017
0,0,1,0,1,-3.377534,0.107480004
0,1,0,0,0,6.0064354,-0.5830666
0,0,0,1,1,-1.587419,-0.91698676
0,0,0,0,1,0.5688844,0.35973167
0,0,0,0,1,-0.19049072,0.2560961
1,1,0,0,0,6.5119634,-0.019132782
0,1,0,0,0,3.3581033,-0.5293224
0,0,0,0,1,-0.9772301,0.044398822
1,0,1,0,0,-0.09434605,0.23764402
0,0,0,0,0,-0.32405663,-0.34486553
0,0,0,1,0,-2.640186,0.32632208
0,1,0,0,1,2.623094,0.16512455
0,0,0,0,1,-0.45547676,0.28659433
1,1,0,0,0,7.9645495,0.4038198
0,0,0,0,0,-0.110973835,-0.08829052
0,0,0,1,0,-4.019865,-0.11541515
0,0,0,1,0,-3.095499,0.08882165
1,1,0,0,0,5.0889535,0.2691998
1,1,0,0,0,6.496949,0.31644344
0,1,0,0,0,5.856287,-0.46062008
0,1,0,0,0,4.1028566,-0.12752905
0,0,0,1,0,-3.5463872,-0.071678035
0,0,0,0,0,-2.5058146,-0.36950445
0,0,0,0,1,-0.32297564,-0.92226297
0,0,0,0,1,-0.77231693,-0.14626443
0,0,0,1,0,-2.617857,-1.597578
0,0,1,0,0,-0.60881925,0.12149548
0,0,0,0,1,-1.5647054,-0.14725013
0,0,0,0,1,-0.81745386,0.15307358
1,1,0,0,1,10.461446,0.17799261
1,1,0,0,0,8.067549,0.06900585
0,1,0,0,0,3.7851224,-0.29354224
0,1,0,0,0,4.9601183,-0.16122031
1,1,0,0,0,2.962822,0.39040145
1,0,1,0,0,0.1959362,0.056247126
0,0,0,0,1,0.0010581017,-0.36950764
0,0,1,0,0,-0.12236071,0.30856794
0,0,0,1,0,-3.972813,-0.75244635
0,0,0,0,1,0.5113478,-0.22451891
0,0,0,0,1,1.0885859,0.18336467
0,0,0,0,1,-1.0519953,-0.591516
0,0,1,0,1,-2.8046408,-0.028412137
0,1,0,0,0,5.641817,-1.0200291
1,0,1,0,0,0.025750637,0.070682235
1,0,1,0,0,0.111670494,0.13202024
0,0,0,1,0,-3.3453996,-0.053410318
0,0,0,0,1,0.18390131,-1.1252353
0,0,0,1,0,-4.081224,0.13017239
0,0,0,0,1,1.3861604,-1.4444883
0,0,0,0,1,-0.1645112,0.4207273
0,0,0,0,1,-1.4541254,-0.782987
1,0,0,0,0,-0.08608675,-0.040457137
0,0,0,0,1,0.58566713,-0.6526452
0,0,1,0,0,-0.45555925,0.072679974
1,1,0,0,0,6.273458,0.22111167
0,0,0,0,1,1.6305537,-0.963025
0,0,0,1,1,-0.22314787,-0.019319182
0,0,0,1,0,-4.410056,-1.009318
0,0,0,1,0,-3.6597233,-0.44042286
1,1,0,0,0,5.317401,0.09674813
1,1,1,0,0,4.084339,-0.025917927
0,0,0,0,1,-1.0731115,0.4329722
1,0,1,0,0,0.025631905,0.310248
0,0,0,1,0,-0.21064901,0.02680599
1,1,0,0,1,10.013416,-0.7051908
0,0,0,0,1,-1.65798,-0.3870504
1,1,0,0,0,5.3752737,0.1392551
1,1,1,0,1,-0.78564,0.25159186
1,1,0,0,0,5.895902,0.25399834
1,0,1,0,0,-0.029564857,0.2280084
0,0,0,1,0,-4.1260123,-0.76283604
0,0,0,0,1,-2.2198782,-0.40987083
0,0,0,1,1,1.084115,-0.6153683
1,1,0,0,0,7.8849,-0.61569023
0,0,0,0,0,-0.39789867,-0.38326645
0,0,0,1,0,-1.9518063,-1.7344985
1,1,0,1,0,8.782238,-0.18831871
1,1,0,0,0,9.810985,-0.013660458
0,0,0,0,1,-1.9478173,0.0651854
0,0,0,1,1,-0.94644403,0.31568262
1,0,1,0,0,0.06445742,0.17850606
0,0,1,0,0,-0.61758304,0.043383244
0,0,0,0,1,-2.3204808,-0.07683669
0,0,0,0,0,-0.74859905,-0.20643504
0,0,0,1,1,-0.38637018,-0.6028941
0,0,0,0,1,2.728283,-0.644763
0,0,0,0,1,1.0696468,0.072299704
0,0,0,1,1,-2.4504676,0.014479527
0,0,0,0,1,-0.21608734,-0.35236758
0,0,0,0,1,-1.869308,-0.3202651
0,0,0,0,1,-1.8047805,-0.44337636
1,1,0,0,0,6.3178353,0.21824184
1,0,0,0,0,-0.00044059753,0.019395959
0,0,0,0,0,0.73923206,-0.20090991
1,0,1,0,0,0.14583254,0.2570285
1,1,0,0,0,9.676512,0.31758365
0,1,0,1,1,-3.7067482,-1.6689976
1,1,0,0,0,9.218706,-0.03610755
1,1,0,1,1,10.229943,-0.13102478
1,1,0,0,0,8.6292,0.2715471
1,0,0,0,0,0.101326466,0.021498716
0,0,0,0,1,-0.9089618,-0.5916283
1,0,1,0,0,-0.17184448,0.07944258
0,0,0,0,1,-0.31594706,-0.3902479
1,1,0,0,0,4.6629453,0.29703102
0,0,0,0,1,-0.05038929,-0.30433083
0,0,0,0,1,0.9989743,-0.25904745
1,1,0,0,0,5.5673876,0.14619225
1,0,0,1,0,2.7953763,0.20930646
0,0,1,0,0,0.02397871,0.28075582
0,0,0,0,0,-0.6228509,-0.020689568
1,0,0,0,0,0.25345802,-0.06618761
0,0,0,0,1,-1.1036296,0.2440404
0,0,0,1,0,-3.7024355,0.19847754
1,0,0,1,0,-4.6523,-0.6049433
0,0,0,0,1,-0.5818167,0.38360086
0,0,0,1,0,-2.0963173,-0.2257031
1,0,0,1,0,-2.5302866,-0.67389154
1,1,0,0,0,7.5882344,0.19973302
0,0,0,0,1,-0.21311855,-0.42145497
0,0,0,0,0,0.1736474,-0.02971351
0,0,0,0,1,-0.931818,0.46603855
0,0,0,1,0,-3.8598697,0.2759399
1,0,1,0,0,-0.099080086,0.09725576
0,1,0,0,0,4.7500124,0.059426766
0,0,0,0,0,-2.8085067,-0.098178245
1,0,1,0,0,-0.18476057,0.16791758
0,0,0,0,1,1.6377544,0.21906497
1,0,1,0,0,0.30952978,0.108550936
0,0,0,0,1,-0.40354156,-0.33431667
0,0,0,0,1,0.4874959,-0.6867319
0,0,0,0,1,-1.5943394,0.44252756
0,1,0,0,0,5.458871,-0.87314063
1,1,0,0,0,7.330917,-0.4400736
1,1,0,0,0,8.503592,-0.17916079
0,1,0,0,0,6.3091288,0.7466422
1,0,0,0,1,0.18754625,0.45230138
0,0,0,0,1,-2.574636,0.12537837
0,0,0,0,0,-0.22081566,-0.023981571
0,0,0,0,1,0.05639887,-0.99772817
0,0,0,0,0,3.0813432,-0.2815144
0,0,0,1,1,0.10567188,-1.1983774
1,0,0,0,0,-0.08318424,0.0061881538
0,0,0,0,1,-0.7181525,-0.20466001
0,0,0,1,0,-4.273431,-0.44643798
0,0,0,0,1,-0.19334936,-0.5166779
0,0,0,0,0,-3.211703,0.59965277
0,1,0,0,0,6.7145305,0.27023968
1,1,0,0,0,8.20057,-0.29390538
0,1,0,0,0,6.4543552,-0.05432817
1,0,0,1,0,-6.4093556,-0.89220977
0,0,0,0,1,-0.7465491,-0.38130108
1,0,1,0,0,0.23336363,0.21862403
1,0,0,0,0,0.28993797,-0.03986137
0,0,0,0,1,1.6136374,-0.065115854
0,0,0,0,1,2.4607,0.19230232
0,0,0,0,1,0.8134804,0.61818105
0,0,0,0,0,2.4617448,0.19917522
0,0,0,0,1,-0.49736118,0.42288083
0,0,0,0,1,-0.18201828,0.30868113
0,0,0,0,0,-0.18672371,-0.122954935
1,0,0,0,0,-0.08503771,-0.013050111
1,1,0,0,0,3.8399396,0.35394344
0,0,0,1,0,-3.8405316,-0.35522336
0,0,0,1,0,-3.2210157,0.1625885
1,1,1,0,1,-0.8362584,0.21129587
1,0,0,0,0,-0.47371912,0.6106009
1,1,0,0,0,8.568651,0.3088506
1,1,0,0,0,8.463993,0.30622214
0,0,0,0,0,-0.36762667,-0.15886424
0,0,0,1,0,-4.189273,-0.7765987
0,0,0,1,0,-3.5567605,-0.46892577
0,0,0,1,0,-5.466682,-0.15245806
0,1,0,0,0,2.8720794,0.14868183
0,0,0,1,0,-4.0809317,-0.8439539
0,0,0,1,0,-3.4924817,-0.3094278
1,1,1,0,0,0.2609563,0.27664125
0,0,0,0,1,-0.32390404,0.10570834
0,0,1,1,1,-1.2424898,-0.014542526
1,0,0,0,0,0.38121414,-0.054938726
0,0,0,0,1,-0.24558353,-1.0456927
0,1,0,0,0,2.6519098,-0.92719734
0,0,0,0,1,-0.77262497,0.2138818
0,0,0,0,1,-0.32447672,-0.8152883
0,0,0,0,1,0.71444416,-0.45923302
0,1,0,0,0,7.138122,0.09920922
0,0,0,0,1,0.45212746,-0.11080621
0,0,1,0,0,-0.4357543,0.15120682
0,1,0,0,0,4.5142136,-0.31871468
1,1,0,0,0,2.7202053,0.16540805
0,0,0,0,1,-1.5270529,0.0012168624
0,0,0,0,1,0.39257193,-0.09691174
0,1,0,0,0,6.18573,-0.88108546
1,0,1,0,0,-0.101532936,0.19935247
1,0,0,1,0,0.042969704,-0.07655995
1,0,1,0,0,0.08042717,0.19776876
1,0,1,0,0,0.49127293,0.11946605
1,0,0,0,0,-0.10079908,-0.0893069
0,0,0,0,1,-0.089315414,-0.2686604
0,0,0,0,1,-1.680345,-0.03999792
0,0,0,0,1,-0.7943964,0.31929585
1,0,0,1,0,-6.4093556,-0.9294549
0,0,0,0,0,-2.587637,-0.4523078
1,1,0,0,1,9.997641,-0.3180408
1,1,0,0,1,10.58952,-0.32978046
0,0,0,0,1,-0.6146054,0.40482712
0,0,0,0,0,-2.519287,0.10244124
0,0,0,0,1,0.6741905,-0.74153197
1,0,0,0,0,0.09412813,0.02499351
0,0,0,1,1,0.51822567,-0.5095077
1,0,1,0,0,0.18798971,0.046051282
0,0,0,0,0,-0.28348017,-0.23933333
0,0,0,0,0,-2.4801762,0.34843183
0,0,0,0,0,-2.4515114,-0.07387503
0,0,0,0,1,-1.598814,-0.022872215
0,0,1,0,0,-0.5054009,0.052588586
1,0,1,0,0,0.104278564,0.19624133
0,0,1,0,0,-0.30734587,0.060969844
0,0,0,0,1,-0.8383198,0.40005827
0,0,0,0,0,-0.24502897,-0.08159268
1,0,1,0,0,0.16288948,0.21563001
0,0,0,0,1,-0.48002434,0.44808754
1,0,1,0,0,-0.094112396,0.051841684
0,0,0,0,1,0.33777523,-0.16813138
0,0,0,1,0,-4.026848,-0.54976106
1,0,1,0,0,0.051302433,0.14800365
0,0,0,0,1,-0.5244498,-0.31197593
0,0,0,0,1,0.30194998,-0.32519495
0,0,0,0,1,-1.660367,0.36665303
0,0,0,0,1,-0.55564976,-0.20468704
0,0,0,0,1,0.2625804,-0.25477442
0,0,0,0,1,-1.2981334,0.13011202
1,0,1,1,0,0.075666904,0.2582449
0,0,0,0,1,-0.55350256,0.082915336
0,0,0,0,1,1.2866597,-0.63251394
1,1,0,0,0,9.764185,0.35513762
1,0,1,0,0,0.07054281,0.26457942
0,0,0,0,0,-0.38210154,-0.060395353
0,0,0,1,1,0.73249483,-0.514136
0,0,1,0,1,-0.2451582,-0.014542526
0,0,0,0,1,-1.773941,-0.055246867
0,1,0,0,0,6.754974,0.39307684
1,1,0,0,0,7.1484275,-0.6938835
0,0,0,1,0,-4.483802,-1.0396664
0,0,1,0,0,-0.534884,0.09028618
0,1,0,0,0,4.2979045,-0.30133507
0,1,0,0,0,5.368807,-0.0940412
0,0,0,0,1,0.16838646,0.4119956
0,0,0,0,1,-1.6549535,0.40087408
0,0,0,1,0,-4.2132425,-1.0566612
0,0,1,1,1,-2.2290325,0.11344379
1,1,0,0,0,5.5876083,0.12339144
1,1,0,0,0,4.128847,0.025917927
0,0,1,0,0,-0.70601225,0.16166851
0,0,0,1,0,-3.9049757,-0.20866403
0,0,0,0,1,-1.3403063,0.4111888
0,0,0,1,1,1.8815885,-0.47696027
0,0,0,0,1,-0.29398632,-0.03667048
1,1,0,0,0,6.4054008,0.06900585
1,1,0,0,0,7.4872103,0.10649051
0,0,0,0,0,-0.21101093,-0.040531635
0,0,0,1,0,-4.625333,-0.6640105
0,0,0,1,0,-4.0718985,-0.08215704
1,1,0,0,0,3.613603,0.21440254
1,0,0,1,0,0.00788784,0.008105972
0,0,0,0,1,-0.07644796,0.16958852
0,0,0,0,0,-0.13012552,-0.09471889
0,0,0,0,1,0.88481665,-0.4610465
0,0,0,0,0,-0.6594367,-0.27363297
0,0,0,0,1,-0.8723521,0.28881207
0,0,0,0,1,-0.7865467,0.052353784
0,0,0,1,0,0.3106475,-0.13034403
1,0,0,1,1,0.5998397,0.38418993
0,0,0,0,1,2.7012668,-0.40068007
0,1,0,0,0,3.8696384,-0.43503347
1,0,0,1,0,-6.4093556,-0.9654553
0,0,1,1,0,-0.67976046,0.1431176
0,0,0,0,1,-1.8525243,0.3942252
1,1,0,0,0,4.6545825,0.06103005
1,1,0,0,0,9.652626,-0.008384328
0,0,0,1,0,-3.889036,-0.3667023
0,0,0,1,0,-3.287429,0.02185033
1,1,0,0,0,8.513739,0.48783323
1,1,0,0,1,10.0093155,-0.41759488
0,0,0,0,1,-0.6151991,0.31110537
0,0,0,1,0,-4.375965,-0.7907622
0,0,0,1,0,-3.5369573,-0.372277
0,0,0,1,0,-5.321127,-0.363209
1,1,0,0,0,8.82152,-0.7581889
1,0,0,0,0,0.0587101,-0.008277868
0,0,0,0,1,-2.5775619,0.093050644
1,0,0,0,0,0.8525257,-0.110653274
0,0,0,0,1,0.18744755,-0.16922282
0,0,0,0,1,-1.5903888,0.12843609
0,0,0,0,1,-1.2001829,-0.9943134
1,0,1,0,0,0.052446365,0.14342755
1,0,1,0,0,0.16865492,0.30203092
1,1,0,0,0,7.6005287,-0.6675598
0,1,0,0,0,5.6909647,0.4288456
1,1,0,0,0,5.7698994,0.32778716
1,0,0,1,0,-6.4093556,-0.89137924
1,0,0,1,0,-5.8887625,-0.8681551
0,1,0,0,0,3.8165245,0.12108251
1,1,0,0,0,8.700714,0.25782043
0,0,0,0,1,-0.50844145,0.0
0,0,0,0,0,-2.8210547,0.34457964
0,0,0,0,1,-0.76980686,-0.7094562
1,1,0,0,0,8.159894,-0.034327503
0,1,0,1,0,6.3845015,0.24882492
1,1,0,0,0,8.373478,-0.2926294
1,1,0,1,0,9.241995,0.061718844
1,1,0,0,0,7.849684,0.24231467
0,0,1,0,0,-0.1898551,0.28668126
1,0,0,0,0,0.09593868,0.028337063
1,1,0,0,1,9.869568,-0.8463321
1,1,0,0,1,9.040041,0.23849735
0,0,0,0,1,-0.935585,-0.66334933
0,0,0,0,1,0.48335552,-0.6774065
0,0,0,0,1,-0.8979497,0.5267017
0,0,0,1,0,-4.6378856,-0.7377624
0,0,1,1,0,2.1520038,0.9418496
0,0,0,0,0,-2.1829286,0.63183945
0,0,0,0,1,0.28923416,-0.3441148
0,0,0,0,1,1.1690607,0.023210876
0,0,0,1,0,-3.3297648,-0.19968599
0,0,0,1,0,-2.591232,-0.0031358912
0,0,0,0,1,0.24558353,-0.7326805
1,0,1,0,0,0.11962509,0.27777985
0,0,1,0,1,-0.23869658,0.052518845
0,0,0,0,1,-0.60460377,-0.19657299
0,0,1,0,0,-0.43207312,0.057193458
0,0,0,0,1,1.2499366,-0.108181156
0,0,0,0,1,1.9221854,0.089458086
0,0,0,0,1,2.437265,-0.06620657
0,1,0,0,1,3.1699572,0.19674136
0,0,0,0,0,2.1171122,-0.074218884
1,1,0,0,1,9.9760475,-0.56975573
0,0,0,0,1,3.28053,0.11272591
1,0,0,0,0,1.3920383,0.5258379
0,0,0,0,1,0.8675723,0.007745495
0,0,0,0,1,-0.24597979,-0.3106139
0,0,0,0,1,-2.2300267,-1.0314872
1,0,1,0,0,0.1669755,0.23227085
0,0,1,0,0,-0.9328196,0.051434048
0,0,0,0,1,0.22083807,-0.2462645
0,0,0,0,0,-0.34463406,-0.04038265
0,0,0,0,1,-1.1800117,0.4310525
0,0,0,1,0,-3.6455076,0.30597144
0,0,0,1,0,-2.7958329,0.35985306
0,0,0,0,0,-2.3648887,0.50235933
0,0,0,0,0,2.1221256,-0.0849202
1,1,1,0,1,0.19807625,0.2114117
0,0,0,0,1,-0.115592,-0.5934034
0,0,1,0,1,0.5109644,0.90514266
0,0,1,0,1,-0.8537922,0.12077425
0,0,0,0,1,0.015124798,0.16483587
0,0,0,0,1,-1.6151404,-0.4695822
0,1,0,0,0,5.9574738,-0.56883365
0,0,1,0,0,-0.16534996,0.2617201
0,0,0,0,1,-0.94126844,0.2704002
1,1,0,0,0,6.9506106,0.11344379
1,1,0,0,0,8.032949,0.15009207
1,0,1,0,0,0.17549753,0.18957561
1,1,0,0,0,8.48548,0.13211711
0,0,0,0,1,1.6479969,-0.730629
1,0,1,1,0,-0.21196938,0.18993066
0,0,0,0,1,-1.3202925,0.14750744
0,0,1,0,0,-0.6931155,0.22943124
1,0,1,0,0,0.00044059753,0.15544137
0,0,1,0,0,-0.6683552,0.14243537
0,0,0,1,0,-2.8423176,-0.9332187
0,0,0,0,1,-1.5391512,-0.4116678
0,0,0,0,1,-0.5550933,-0.23565848
0,0,0,0,1,-1.8985672,-0.18072125
0,0,0,0,1,-1.4197745,0.39456344
0,0,1,0,0,-0.57736135,0.27691245
1,0,0,0,1,-0.42081738,0.48185807
1,0,0,0,1,0.024359703,-0.25490427
0,1,0,1,0,4.3000817,-0.28016183
0,1,0,0,0,5.316324,-0.1454049
1,1,0,0,0,3.32444,0.5245047
0,1,0,0,0,5.433872,-0.30446267
0,0,1,1,0,-0.40770292,0.14001279
1,0,1,0,0,-0.04400015,0.105594255
0,0,0,0,1,2.7591724,0.094851494
0,1,0,0,0,3.9956522,-0.39087388
0,1,0,0,0,2.7802105,-0.44743648
1,1,0,1,0,6.4468536,-0.75429374
0,0,0,0,1,-0.07581711,-0.1004343
0,0,0,0,1,0.81263065,0.13379227
1,1,0,1,0,9.022009,-0.09162698
1,0,1,0,0,0.05394602,0.17430815
1,1,0,0,1,10.022751,-0.49466965
0,0,0,1,0,-3.1848812,-0.45150533
0,0,0,0,0,-2.2261162,-0.5843138
0,0,0,0,0,-4.039259,0.28832117
0,0,0,0,0,-2.9687521,0.0080832755
0,0,1,0,1,-2.0016317,0.07745698
0,0,0,0,1,2.8214135,-0.19161224
0,0,0,0,1,1.0275583,-0.052657444
0,0,0,0,1,1.7611723,0.3240202
0,0,0,1,1,-0.63550377,-0.7594847
1,0,0,0,1,0.87448215,-0.77979803
1,1,0,0,0,5.7225165,0.13998805
0,0,0,0,1,0.41171455,-0.37740624
0,0,0,0,0,-0.102221966,-0.24324901
1,0,0,0,0,0.24110794,0.018483391
1,1,0,0,0,6.1195846,0.15175809
0,1,0,1,0,7.4371834,-0.20061271
1,0,1,0,0,0.07809687,0.19117236
0,0,0,0,1,-1.8635521,0.15219678
1,1,0,0,0,8.206602,0.3081003
0,0,0,0,1,-1.5151134,0.16266808
1,1,0,0,0,8.137339,-0.24932873
1,1,0,0,0,7.635846,-0.3535327
0,1,0,0,0,3.437109,0.22893645
0,0,0,0,1,-1.3004045,0.16078553
1,1,0,0,0,4.2804914,0.2156382
1,1,0,0,0,5.169896,0.37861037
1,0,1,1,0,0.12602806,0.041257408
0,0,0,0,1,1.2853689,-0.08965013
1,0,0,1,0,-4.7022524,-0.9187321
0,0,1,0,0,-0.083673,0.31824198
1,1,0,0,0,9.272629,0.4200565
1,0,1,0,0,0.23719883,0.24702005
1,0,0,1,0,-0.17187977,-0.20090991
1,0,0,0,0,0.049155712,-0.0061881538
0,0,0,1,1,-0.58516407,0.00017392817
0,0,0,0,1,-1.0754356,-0.09041697
1,0,1,0,0,0.097732544,0.09224517
0,0,0,0,1,-2.290362,-0.115606226
0,0,0,0,1,-1.3740568,0.0740707
0,0,0,0,1,-3.0251622,0.40773454
1,1,0,0,0,7.215039,-0.020695688
1,1,0,0,0,8.33127,0.05745794
0,1,0,0,0,6.4012938,0.45712313
0,0,0,0,1,-1.6218042,-0.9294549
0,0,0,1,0,-5.5142803,-0.89358795
0,0,0,0,0,-0.33905554,-0.20854789
0,0,0,0,1,0.0,-0.18751855
0,0,0,1,1,0.9217696,0.001390579
0,0,0,0,1,-1.7579942,0.15526225
0,0,0,0,1,-0.53160095,0.19158448
0,0,0,1,0,-2.9543881,0.46317983
1,0,1,0,0,0.08516884,0.044136487
1,0,1,0,0,0.08374739,0.17274442
1,0,0,1,0,-3.733541,-0.49129647
1,0,0,1,0,-0.10065627,-0.9445167
1,0,0,0,0,0.051039934,-0.05387347
0,0,0,0,1,-0.07263112,-0.92917794
0,0,0,0,1,-1.8650773,0.37792674
0,0,0,0,1,-0.2201562,-0.87224966
0,0,0,1,0,-3.19345,0.23087929
0,0,0,0,1,-1.2821057,0.2900826
1,1,1,0,1,-0.022578478,0.1352539
0,0,0,1,0,-1.5795114,-0.15788595
0,1,0,0,0,7.390483,0.13485706
1,1,0,0,0,8.953293,0.4226024
0,0,0,0,0,-0.026715517,-0.0824615
1,0,0,0,0,5.6879187,-0.46742874
0,1,0,0,0,5.6600895,-0.058618806
1,1,0,0,0,7.0344157,0.107384756
1,1,0,0,0,5.042908,0.09233367
0,0,1,1,0,-0.50448704,0.16187178
0,0,0,0,0,0.16491199,-0.20913282
0,0,0,1,0,-3.1148558,-0.1388886
0,0,0,1,0,-4.397061,-0.9028143
0,0,0,1,0,-3.013031,-0.83978206
1,0,0,1,0,-6.4441814,-0.9176683
0,0,0,1,1,-1.152735,0.2639617
0,0,0,0,1,-0.00071668625,-0.5530462
0,0,1,0,0,-0.1495068,0.043549865
0,0,0,0,1,-1.3281555,-0.5185512
0,0,0,0,1,1.1778872,-0.7824734
0,0,1,0,1,-1.8110154,-0.013065294
0,0,1,0,1,-0.27014494,0.17696436
0,0,0,1,0,-3.4489954,-0.5263878
0,0,0,1,0,-1.7992556,-0.06358962
0,0,1,0,0,-3.9341059,-0.099870615
1,0,0,0,0,1.0054,-0.17006794
0,0,0,0,1,-1.8271716,0.48564592
1,0,1,0,0,0.080896616,0.07453208
0,0,0,1,1,-0.057788134,-0.33631805
0,0,0,0,0,-0.58512855,-0.06083506
0,0,0,0,1,-0.22499609,0.122111134
1,0,0,1,0,-6.4441814,-1.0411896
0,0,0,1,1,-1.9897072,-0.5335563
0,0,0,0,0,-0.43505096,-0.15021756
0,0,0,0,1,0.21189618,-0.90498495
0,0,0,0,1,1.8746982,-0.8002219
0,0,0,0,1,-0.12531757,-0.1135579
0,0,0,0,1,-0.17714214,0.23587002
0,0,0,0,1,0.0138037205,-1.7778838
0,1,0,0,0,6.9125566,0.5252036
0,0,0,0,1,-0.13344097,0.40593034
0,1,0,0,0,5.1034794,-0.23225337
0,1,0,0,0,6.370871,0.0385549
0,1,0,0,0,6.3479757,-0.82123834
1,0,0,0,0,-0.04404092,-0.03724703
1,0,1,0,0,4.4461136,0.9362336
0,0,0,0,1,-0.7804532,0.20500427
0,0,0,0,1,-0.5766301,0.56556046
0,0,1,0,0,-0.57979417,0.116477124
0,0,0,0,1,0.3401041,0.004809911
0,0,0,0,0,-0.0345428,-0.17969203
0,0,1,0,0,-0.12414479,0.0026705076
1,0,1,1,0,0.47258687,0.05618765
0,0,0,1,0,-0.23547435,-0.04352111
1,1,0,0,0,9.669212,0.45209494
1,1,0,0,0,7.910956,-0.94865936
0,0,0,0,0,-3.0508204,0.34870884
0,0,1,0,0,0.390671,0.22517191
1,0,1,0,0,0.32756925,0.08753978
0,0,1,0,0,-0.22236276,0.15362588
0,0,0,0,1,-0.46083474,0.035606112
0,0,0,0,1,-0.8332372,0.35710388
0,0,0,0,0,-0.043092012,-0.24978602
0,0,0,0,1,-0.16396713,0.25320986
1,1,0,0,1,9.953463,-0.65044045
0,0,0,0,1,0.7335,-0.093630165
0,0,0,0,1,0.34040523,-1.0754604
0,0,0,0,1,-1.8613837,-0.5578293
0,0,0,0,1,-0.25386286,-0.31244782
0,0,0,0,1,-2.4981499,0.11150942
1,0,1,0,0,0.30522132,0.07083898
0,0,0,1,1,-0.10785723,0.3385172
0,0,0,0,0,-0.28395343,-0.17340142
1,1,0,0,1,9.351498,-0.4947507
1,1,0,0,0,7.3846607,-0.27994633
1,1,0,1,0,8.990473,-0.11539205
1,1,0,0,0,6.8573937,0.1322456
0,0,0,1,1,-1.1162736,0.47869843
0,0,0,1,0,-3.9991312,-0.39442012
1,0,0,1,1,0.1486361,-0.30620012
1,0,0,0,0,0.3025086,0.56884575
0,0,0,1,0,-4.420793,-0.60951066
0,0,0,1,0,-3.3769498,-0.03555307
0,0,0,0,1,0.55818343,-0.33029768
0,0,0,0,1,1.8332245,-0.28274158
0,0,0,0,1,3.4545846,-0.3719877
0,0,0,0,1,1.1941504,0.101358585
0,0,0,0,0,0.17925811,-0.17993791
0,0,0,0,1,-0.43525243,-0.2989677
0,0,0,0,1,-2.3447902,-0.19183066
0,0,1,0,0,-0.6332152,0.050670125
0,0,0,1,0,-1.9578273,0.5943975
1,0,1,0,0,0.13262963,0.007439559
1,0,0,1,0,-5.5293913,-0.310063
0,0,0,0,1,0.77443194,-1.1147615
0,0,0,0,0,3.1786034,-0.2008166
0,1,0,0,0,4.9446836,-0.051668692
1,0,1,0,0,1.0062768,-0.002876502
0,0,0,0,0,-3.0253193,0.21823867
0,0,1,0,0,-0.34021306,0.14299941
0,0,0,0,0,-2.5591319,0.6809721
0,1,0,0,0,3.6271813,0.09345237
0,0,0,0,1,-1.7637544,-0.9077329
0,0,0,1,0,-1.9544845,-0.69150156
1,1,0,0,0,4.8584976,0.45108762
0,0,0,1,0,-1.9449484,-1.8354236
0,0,0,1,1,0.32862496,-1.2334322
0,0,0,0,1,1.1348913,-0.46165374
1,1,1,1,0,-2.8284092,0.13405694
0,0,1,0,0,0.076119184,0.23723531
0,0,0,1,0,-3.4587615,-0.5195659
0,0,0,1,0,-2.2144656,0.064073525
0,0,0,0,0,3.5990713,-0.056768242
0,0,1,0,0,-0.636183,0.13591161
0,0,0,0,1,-0.8264313,0.3811954
0,0,0,0,1,-0.11302614,0.3684691
0,0,0,0,1,-1.807956,-0.5305632
1,0,0,0,0,-1.4200771,0.81252164
0,0,0,0,1,1.4908187,-0.98033065
1,1,0,0,1,10.014107,-1.0312787
0,1,0,0,0,5.7868514,-0.20917018
0,0,0,0,0,-0.38603425,-0.24138261
0,0,0,0,1,-0.30262756,0.24514586
1,0,1,0,0,0.24721694,-0.0073501663
1,0,1,0,0,-0.014533758,-0.011359019
1,1,0,0,0,8.798448,0.08928035
1,1,0,0,1,10.379311,-0.46606115
0,0,1,1,0,-0.1183126,0.087037764
1,0,1,1,0,0.13952565,0.12406649
0,0,1,0,0,-0.62723565,0.017919354
1,1,1,0,0,4.528119,0.10981103
1,0,1,0,0,0.25943446,0.0850901
1,0,1,0,0,0.24047732,0.10581591
1,0,0,0,0,0.18508506,-0.0366786
0,0,0,0,0,2.2292235,0.5718276
0,0,0,0,0,0.34702277,-0.12693693
0,0,0,0,1,1.3541172,-0.8749723
1,1,0,0,0,5.739729,0.24349993
1,1,0,0,0,7.1083255,0.45812428
0,0,0,1,0,-4.1392746,0.045398526
0,0,0,0,0,0.008260965,-0.15925004
0,0,0,1,0,-3.332326,-0.16410361
0,0,0,1,0,-2.1631389,-0.039699327
0,0,0,1,0,-4.4356804,0.26725236
0,0,0,1,1,-2.3609822,0.1913068
1,0,1,0,0,0.24968982,0.16704185
0,0,0,1,1,2.2037432,0.12683605
0,0,0,1,1,0.1974442,0.035266727
0,0,0,0,1,-1.7981265,-0.43243134
0,0,1,0,0,-0.28838277,0.04368097
0,0,0,0,1,-0.7315626,0.030312853
0,0,0,0,1,0.13412595,-0.37083784
0,0,1,1,0,-0.5614903,0.17879246
0,0,0,0,0,-0.49795198,-0.07173695
0,0,0,0,0,-0.6564429,-0.21590792
0,0,1,0,0,-0.39778972,0.029487908
1,0,1,0,0,0.06060958,0.21864508
1,1,0,0,0,9.095169,0.09574242
0,0,0,0,0,-0.12257171,-0.07210485
1,0,0,0,0,-1.6030176,0.7515654
0,0,0,0,1,2.8001692,-0.2465489
0,1,0,0,0,4.2623324,-0.4285887
1,0,0,0,0,2.0203643,0.39143613
1,0,1,0,0,0.275306,0.27022722
1,0,1,1,0,0.071252584,0.15895547
0,0,0,1,0,-0.9007163,-1.1345809
0,0,0,0,1,0.33155084,-0.35411176
1,1,0,0,0,9.0014305,0.31835577
0,0,0,0,1,0.0019004345,-0.9745458
1,0,1,0,0,0.36598754,0.18762921
0,0,0,0,1,-0.24750829,-0.3961582
0,0,1,0,0,-0.331506,0.25219256
1,1,1,0,0,5.4866056,0.071270615
1,1,0,0,0,6.9495044,0.13946964
0,0,0,0,0,-0.4620402,-0.24540044
0,0,0,0,1,4.719507,-0.6314079
1,1,0,0,0,6.116926,0.09152899
1,0,1,0,0,0.19502378,0.1832491
0,1,0,0,0,3.4157345,-0.15318355
0,1,0,0,0,4.9931045,-0.16830559
0,1,0,0,0,3.1282716,-0.2252945
0,0,1,1,0,-1.1557622,0.15192145
1,1,0,1,0,-1.8177843,-0.015870878
0,0,0,0,1,0.08066344,-0.33919767
0,0,0,1,0,-3.1463902,-0.08659795
0,0,0,0,0,-1.5285537,-0.058958195
0,0,0,0,0,-4.012243,0.38480604
0,0,0,1,0,-3.919998,-0.11360823
0,0,0,1,0,-2.7090628,0.21134228
1,0,1,0,0,0.09899688,0.045318328
1,0,0,0,0,0.1196115,-0.22016577
0,1,0,0,0,6.2979193,-0.53505623
0,1,0,0,0,7.9516797,-0.047662966
1,1,0,0,0,6.1614604,-0.9352595
0,0,0,0,1,0.5081003,-0.2990642
1,0,1,0,0,-0.10785937,0.082886554
0,0,0,0,0,-2.808639,-0.753632
1,0,0,1,0,-2.8113747,-0.6633263
0,0,0,0,1,0.89548206,0.01755351
0,1,0,0,0,7.06137,0.36872792
0,0,1,0,0,-0.9440923,0.0983345
0,0,0,0,1,0.607455,-1.2113459
0,0,0,0,1,0.272362,-0.2546325
1,1,0,0,0,7.78191,0.1634802
1,1,0,0,0,9.171379,0.4250972
1,1,0,1,0,7.8794365,-0.10380808
0,0,0,0,0,-2.3986013,0.5313198
1,0,1,0,0,0.4272077,0.1392533
0,0,0,0,0,-0.21025586,-0.19813678
0,0,0,0,1,-1.9028366,0.20572251
0,0,0,0,1,-1.9821365,0.40467426
1,1,0,0,0,5.0976515,-0.75925106
0,0,1,0,0,-0.62326264,0.114341736
0,0,0,0,0,-2.8503752,-0.7424878
0,0,0,0,0,-1.6703672,-0.77429825
0,0,0,0,0,-3.6144388,0.031353652
1,0,1,0,0,0.30471873,0.20601963
0,0,0,1,0,-3.2863798,0.2132794
0,0,0,0,1,0.44227147,-0.42111656
0,0,0,0,1,2.1466737,-0.075458616
0,0,0,0,1,0.054549217,0.19726385
1,0,0,0,0,0.17549443,-0.24461307
0,0,0,0,1,0.5170629,-0.39453137
1,0,0,1,0,-0.33053613,-1.0601231
1,0,1,0,0,0.0024645329,-0.0026705076
1,1,0,0,0,8.116657,0.29976982
0,0,0,1,0,-0.30749297,-0.03242569
1,0,1,1,0,0.007886648,0.042697266
1,0,0,0,1,1.5513937,-0.23772821
0,0,0,0,1,1.0337179,-0.6781916
0,0,0,0,1,-0.061567068,-0.095649526
0,0,0,0,1,1.5422168,-0.084700644
1,0,1,0,0,0.04955077,0.061868012
1,1,0,0,1,8.607975,-0.7517936
0,0,0,0,1,-0.12723613,-0.3497307
0,0,0,0,1,0.61775565,-0.06854863
0,0,0,1,1,2.1290278,0.042737547
0,0,0,0,1,0.0,0.23460442
0,0,0,0,1,-1.9205964,-0.007735738
0,0,0,0,1,1.2863657,-0.16493262
0,0,0,0,1,2.9425702,-0.13972315
0,0,0,1,0,-3.4543793,-0.36284262
0,0,0,1,0,-2.078147,0.054666117
1,0,1,0,0,0.1289289,0.17753185
1,0,1,1,0,-0.08647847,0.13015689
0,1,0,0,0,6.604228,-0.10147026
1,1,0,0,0,8.057201,0.06882897
1,1,0,0,0,8.631603,-0.27623144
0,0,0,0,1,-1.8041146,-0.02741789
0,0,0,0,0,-1.8476067,0.37983072
1,1,1,1,1,-0.08511329,0.1352539
0,0,1,0,0,-0.021710157,0.18666382
1,0,1,0,0,0.19551682,0.06431096
0,0,0,1,0,-3.9393091,-0.51337755
0,1,0,0,0,7.209136,0.13439606
0,0,1,1,0,-0.50298095,0.087037764
1,0,0,0,0,0.017575502,-0.04309208
1,1,0,0,0,6.248595,0.13792501
1,1,0,0,0,5.5150337,0.5259312
0,0,0,0,0,-0.12846923,-0.28914037
0,0,0,0,1,0.106702566,0.28149545
0,0,0,0,1,0.74125266,-1.1006651
0,0,0,0,1,0.00071668625,0.60686487
0,0,0,0,1,-0.22974014,-0.040833116
0,0,0,0,0,0.25425076,-0.13380176
1,0,1,0,0,0.20374131,0.14661327
0,0,0,1,0,-1.226625,-0.7812761
0,0,0,0,1,-0.17805743,-0.49997088
0,0,1,0,0,-0.54977465,0.12303771
0,0,1,0,0,-0.5692971,0.17638448
1,1,0,0,0,9.592953,0.2965076
1,0,1,0,0,0.46167016,0.22248955
0,0,1,0,1,0.25397563,0.09393264
1,0,1,0,0,0.15009284,0.06981779
0,1,0,0,0,4.066598,-0.11894053
0,0,0,0,1,-0.080919504,-0.8977326
0,0,0,1,1,-1.5598752,0.12977426
0,0,0,0,1,0.17473459,0.01630429
0,0,0,0,1,-1.9950159,0.27001947
1,0,0,0,0,0.22294927,-0.01607961
0,0,0,0,1,-0.3368628,-0.76216584
1,0,1,0,0,0.039004564,0.06719622
0,0,0,0,1,2.0025284,-0.44827002
0,0,0,0,1,3.6704164,-0.4585683
0,0,0,0,1,1.5400233,-0.10173455
1,0,0,0,0,-0.043829203,-0.05005075
0,0,0,0,1,-1.4967353,-0.082007274
1,0,1,0,0,0.30394626,0.21550363
0,0,1,0,0,-0.55746436,0.23718129
1,1,0,0,0,6.3839626,0.1634802
0,0,0,0,1,-1.3663635,-0.10024312
1,1,0,0,0,6.0382986,0.8196734
0,0,0,0,1,0.674546,-1.005879
0,0,1,0,0,-0.61934423,0.2611978
1,1,0,0,0,7.4077997,-0.23003805
0,0,0,0,1,-1.5898304,-0.5475553
0,0,1,0,0,-0.1615808,0.04184394
0,0,1,1,0,-1.3373764,0.028223895
0,1,0,0,0,3.9417946,-0.36714804
0,0,0,0,0,-0.18327594,-0.26288125
0,0,0,0,1,1.4280226,-0.008622027
0,0,0,0,1,2.991137,-0.004809911
0,0,0,0,1,0.90688753,0.14311208
0,0,0,0,0,-0.19095254,-0.22461326
0,0,0,0,0,-2.7571385,-0.20534003
0,0,0,0,1,-1.2514873,0.077936806
0,1,0,0,0,3.7369835,-0.022011498
0,1,0,0,0,5.395805,-0.06262297
1,1,0,0,0,3.1988873,0.16034265
0,0,0,0,0,-0.20155787,-0.030658968
0,0,0,0,1,-0.5090697,0.054763142
0,0,0,0,1,1.0097585,0.28387475
0,0,1,0,0,-0.41320944,0.114708126
1,1,0,1,0,8.138865,0.09664982
0,0,0,0,0,-0.41379666,-0.04574071
1,0,1,0,0,-0.16312051,0.12170478
1,0,1,0,0,0.35665298,0.19537526
0,1,0,0,0,6.922262,0.20514986
0,1,0,0,0,3.528827,-0.41764018
0,0,0,0,1,0.6142957,-1.3213415
0,0,0,0,1,1.3555701,-0.30849612
1,1,0,0,0,4.9240294,0.14205189
0,0,1,0,0,0.13066697,0.19374059
0,0,1,0,0,-0.45030904,0.19035
1,0,1,0,0,0.561136,0.07364189
0,0,1,0,0,-0.4122753,0.18967049
0,0,1,0,0,-0.7309735,0.041646916
0,0,0,0,0,0.30674577,-0.09525868
0,0,1,0,0,-0.54978347,0.111834474
0,0,0,0,1,-2.2532446,0.3500725
0,0,0,0,1,-0.7516334,0.3815347
0,0,1,0,0,-0.625468,0.012456519
1,0,0,1,0,-6.4441814,-1.0002083
1,0,1,0,0,0.3215649,0.100132674
0,0,1,0,0,-0.6570723,0.064246744
0,0,0,1,0,-2.8981364,-0.46201956
0,0,0,1,0,-4.9298253,-0.27662113
0,0,0,0,1,-1.7534783,-0.37863508
1,0,1,0,0,0.06709647,0.16210471
1,0,0,1,0,-4.733369,-0.78012866
0,0,0,0,1,-1.1610782,0.36348563
1,0,1,0,0,0.07884097,0.15714309
0,0,1,0,0,-0.32564044,0.16187178
0,0,0,0,1,-1.1332948,-0.06666752
0,0,1,0,0,-0.34871602,0.17500588
0,1,0,0,0,4.1046104,-0.088132866
0,1,0,0,0,5.770498,-0.31941822
0,1,0,0,0,3.8080983,0.0
0,0,1,0,0,-0.4307685,0.21704803
0,0,0,0,1,2.563598,-0.03103846
0,0,0,0,0,4.17901,-0.039699327
0,0,0,0,0,2.0227084,0.042559616
0,0,0,0,1,0.061567068,0.3284074
0,0,0,0,1,1.6196914,0.45628583
0,0,0,1,0,-4.548147,-0.9779903
0,0,0,1,0,-3.437173,-0.39220116
0,1,0,0,0,4.337514,-0.527877
0,0,0,0,1,1.3625648,0.018839253
0,0,0,0,0,-2.2742937,0.513384
0,0,0,0,1,2.2061608,0.09888196
0,1,0,0,0,3.6751122,0.28141204
1,0,1,0,0,0.3935473,0.2368031
1,0,1,0,0,-0.02137971,0.23426016
0,0,0,1,0,-0.012769461,-0.25976887
0,0,0,1,0,-4.501621,0.40265247
0,0,0,0,0,-0.09173226,-0.08127244
0,1,0,0,0,3.35236,-0.3730027
0,0,0,0,1,-1.9227479,0.50800335
0,0,1,0,0,-0.52537465,0.24525106
0,0,0,0,1,-0.220227,-0.4546164
0,0,1,0,1,-1.6238225,1.1061153
1,1,0,1,1,0.18124509,-0.026501836
1,0,0,1,0,-6.4441814,-0.97986215
1,1,0,0,0,8.159774,-0.93229944
0,0,0,1,0,-1.9133315,-0.64228183
0,0,0,0,1,-0.95342493,0.44378713
1,0,0,0,1,-1.1706316,0.5802281
1,0,1,0,0,0.12477994,0.14932986
1,0,1,1,0,0.14500928,0.23431434
1,1,0,0,1,9.917294,0.23603
1,1,0,1,0,7.4469557,-0.12131959
0,0,1,0,0,-0.6280463,0.26109233
0,0,0,0,1,0.19795775,-0.36175138
0,0,0,0,0,0.3888867,-0.13356696
1,0,1,0,0,0.24432111,0.25251177
0,0,0,0,1,-1.728627,0.21781455
0,0,0,0,1,1.4831641,-1.460167
1,0,1,0,0,0.26391244,0.13165872
0,0,0,0,1,-1.1947358,0.007735738
0,0,1,0,0,-0.59164214,0.1984682
0,0,0,0,1,-2.1623383,0.24164343
1,1,0,0,1,4.8206654,-0.25922737
1,1,0,0,1,5.8327384,-0.06185032
0,1,0,0,0,4.0069213,-0.29795825
1,0,0,0,0,0.13491702,-0.19214426
0,0,0,0,1,-0.53468037,0.406414
0,0,0,1,0,-3.1493268,-0.706934
0,0,0,1,0,-5.5343847,-0.7793316
0,0,0,0,1,0.5368719,-0.20958573
0,0,0,1,0,-1.51261,-0.3055493
1,0,1,0,0,0.17455983,0.21323787
1,0,1,0,0,0.13635755,0.07090277
0,0,0,0,1,-0.83438516,0.09136853
0,0,0,1,0,-3.8134682,-0.28111008
0,0,0,1,0,-2.481368,-0.038001053
0,0,0,1,0,-4.7306843,0.2564877
0,0,1,0,0,-0.19639802,0.24251464
0,0,0,0,0,-2.1562598,0.65838397
1,1,1,0,1,-0.0019004345,0.065145336
0,0,0,0,1,-2.1476443,0.34111276
1,1,0,0,0,8.243736,0.73896563
1,1,0,0,0,8.205104,0.047580283
0,0,0,0,1,0.06698513,0.3063051
0,0,0,1,0,-3.7733152,-0.732563
0,0,0,1,0,-2.5417376,-0.8490727
0,0,0,1,0,-4.7030044,0.38961154
0,0,0,0,1,-0.31744695,-0.060484827
0,0,0,0,1,1.3087287,-0.23444907
1,1,0,0,0,9.602116,0.27937034
0,0,1,0,0,-0.40160465,0.1835341
0,0,0,0,1,-2.1600978,0.054596685
0,0,0,0,1,-0.38728142,-0.11295055
1,0,1,0,0,0.0152180195,0.16082288
0,0,0,1,1,0.4684031,-0.6642578
0,0,0,0,1,-0.4797802,-0.3930075
0,0,0,1,1,0.31914783,-1.321855
1,1,0,0,0,8.739201,0.014689869
1,1,0,0,0,10.317463,-0.06242975
0,0,0,0,0,-0.017000914,-0.097294345
0,0,0,0,1,0.020450115,0.5823281
0,0,0,0,1,-1.5177901,0.32129264
0,1,0,0,0,6.794339,-0.6396291
1,1,0,1,0,5.8279076,0.4113208
0,0,0,0,0,-0.3510177,0.03823317
0,0,0,1,0,-4.370433,-0.15879577
0,0,0,0,0,-2.5065703,0.17566761
0,0,1,0,0,-0.50268006,0.17643332
0,0,0,0,1,0.90679,-0.33275574
0,0,0,0,1,0.12586856,0.38433266
1,1,0,0,0,6.4278603,0.22321138
0,0,0,0,1,3.1523316,0.16998096
0,0,0,0,1,-0.9293544,-0.6928829
0,0,0,0,1,2.5331929,-0.074562706
0,0,0,0,1,2.0224946,-0.134985
0,0,0,1,0,-5.783027,-0.87445194
0,0,0,1,0,-3.493987,-0.3104393
0,0,0,1,0,-4.8764925,0.041838787
0,0,1,0,0,-0.5286126,0.19250993
0,0,0,0,1,-0.38606715,0.38140187
1,1,0,0,0,1.9313347,0.7285425
0,0,0,0,1,0.12413335,-1.4938134
0,0,0,0,1,-0.13003135,0.2562704
1,1,0,0,0,3.6829007,0.41469112
1,1,0,0,0,8.696881,-0.585076
1,0,0,0,1,0.9089906,-0.16712306
1,1,0,0,0,9.673792,0.69904524
0,0,0,0,1,0.8677838,-0.5324022
0,0,0,0,1,-0.07638812,0.43910798
0,1,0,0,0,6.842064,-0.21727362
0,0,0,0,1,-0.08808112,-1.0031314
0,0,0,0,1,-2.3304389,0.06466569
0,0,1,0,0,-1.6565325,0.053518057
0,0,0,0,1,-0.2905624,0.37771207
0,1,0,0,0,2.9443858,0.03792871
0,1,0,0,0,5.1415854,-0.376022
0,1,0,0,0,2.9989111,-0.19563459
1,1,0,0,0,2.5531332,0.3961532
0,0,0,0,1,1.599571,0.3724514
0,1,0,1,1,3.6554215,-0.114292175
1,0,0,0,0,0.21320128,0.042929392
1,1,0,0,0,8.078784,0.26920107
0,0,0,0,1,-0.21038365,-0.28052402
0,0,0,0,1,1.2316763,0.095803306
0,0,1,0,0,-0.6713433,0.24709457
0,0,0,1,0,-5.0396123,-0.7414288
0,0,0,1,0,-2.8887384,0.036554404
1,1,0,0,1,10.918308,-0.29233178
1,0,0,1,1,0.35207057,-0.51600945
1,0,1,0,0,0.11561608,0.26225895
0,0,0,0,0,-1.6862252,0.006935219
1,0,0,1,0,-0.33002305,0.54689837
1,0,1,0,0,-0.09503579,0.13530701
0,0,0,0,1,-2.0900156,0.020640062
0,0,0,0,1,0.71411777,-0.07568799
0,0,0,0,1,0.04995513,0.18155548
1,1,0,1,0,7.928406,-0.8623116
0,1,0,0,0,4.4509726,-0.56009394
1,1,0,0,0,3.5934365,0.28498113
0,0,0,1,0,-4.0828457,-0.5624028
0,0,0,0,1,-0.84521794,-0.9114882
0,0,1,0,0,-0.69894075,0.1319641
1,0,1,1,0,-0.12228465,0.11043751
0,0,0,0,1,-0.0729897,-0.22323017
1,1,0,0,0,7.3796663,-1.0206053
1,1,0,0,0,3.676102,0.16599712
1,0,0,1,1,-0.33846927,-1.3688705
0,0,0,0,0,-4.616683,-0.9530729
1,0,0,1,0,-6.018605,-0.9587204
0,0,0,1,1,-0.6164582,0.40789816
0,0,0,0,1,-1.2368357,-0.13380668
0,0,0,0,1,0.11738658,-0.16348718
1,0,0,0,0,-0.07837033,0.070723996
0,0,0,0,0,-1.7906904,-0.7441837
0,0,0,0,0,-2.4082825,-0.42338783
0,0,0,0,1,-0.27547717,-0.04701683
0,0,1,0,1,-0.2048819,-0.051311128
0,0,0,0,1,2.0359814,-0.05568323
1,0,0,0,0,-0.029227972,-0.015789106
1,0,1,0,0,0.14224792,0.23574957
0,1,0,0,0,5.065977,-0.11657571
0,0,0,1,0,-4.599285,0.614333
0,0,0,0,1,-0.3543756,0.15279531
1,0,1,0,0,-0.06671262,0.13704093
0,0,1,1,0,-0.3918035,0.12800503
0,0,0,1,0,-3.2407289,-0.60909736
0,0,0,1,0,-4.13964,-0.47173238
0,0,0,0,1,-3.0649555,-0.8736393
0,0,0,1,0,-1.7440836,-0.015604392
0,0,0,1,0,0.13376117,-0.0009934284
0,0,0,0,1,1.2719004,-0.5001331
0,0,0,1,0,-5.794082,-0.7714112
1,0,1,0,0,0.09209418,0.13336949
0,0,0,0,1,-0.9392774,0.38056988
0,0,0,1,0,-2.7586384,0.39789808
0,0,0,1,0,0.3211429,-0.056672562
0,1,1,0,0,5.3888836,0.8996733
1,1,0,1,1,-4.7429223,-0.96006477
0,0,0,0,1,-0.20414948,-0.26506495
1,0,0,0,0,0.07801318,0.00411855
0,0,0,0,1,-2.8301632,0.11033289
0,0,0,0,1,1.0520742,0.4676308
0,0,0,0,1,-1.1301434,0.092354886
0,1,0,0,0,4.5694475,-0.09751674
1,0,1,0,0,0.17498422,0.28348994
1,1,0,0,0,8.319718,-0.68629265
0,0,0,0,1,-3.4750097,0.25695017
0,0,0,1,0,-5.905916,-1.051422
0,0,0,1,0,-0.58248186,0.071791425
0,0,0,0,1,0.20347095,-0.23416954
0,0,0,0,1,-1.0702579,-0.2489191
1,1,0,0,0,6.2608204,-1.0690436
1,1,0,0,0,8.318495,-0.0036913208
0,0,0,0,1,-0.73787904,-0.46458995
0,0,0,0,1,-1.65814,0.34499037
0,0,0,1,0,-2.5659018,0.2842842
0,0,0,0,0,-3.0825837,0.5910405
1,0,1,0,0,0.8625152,0.123625115
1,0,0,0,0,-0.74702525,0.555587
0,0,0,0,0,-0.71661687,-0.41132772
1,0,0,0,0,0.07972932,0.053271048
1,1,1,0,0,5.678076,-0.0729609
1,0,0,0,0,-2.1249015,0.64584374
0,0,0,0,1,0.6427152,-0.70684236
0,0,0,0,1,-1.1455581,0.1445088
1,1,0,0,1,10.221951,-1.0136032
1,0,0,0,0,-0.08250213,0.07356794
1,1,0,1,0,6.7316713,0.080590345
0,0,0,0,1,-2.9029152,-0.1422404
0,0,0,0,1,1.9046352,-0.33227053
0,0,0,0,1,1.0469496,0.65384746
0,0,0,0,0,-0.31124187,-0.08189706
1,0,0,0,0,0.4263475,-0.03578428
0,0,0,1,1,0.76280046,-0.30950776
0,0,0,0,1,3.5858557,-0.122163326
0,0,0,0,1,3.1235735,-0.25068238
0,0,1,0,0,-0.38902354,0.34655255
0,0,0,0,1,1.6415884,-0.08009921
1,1,0,0,0,4.167287,0.28441513
0,0,0,0,0,0.26174426,-0.12045116
0,0,0,0,0,0.38440204,-0.047334976
0,0,0,0,0,-0.24329829,0.062502325
0,0,0,0,0,-0.6746063,0.07711153
1,1,0,0,0,6.7687483,0.02229954
0,0,0,1,1,-3.1806133,0.20955557
0,0,0,0,1,0.12001395,-0.53156775
0,0,0,0,1,-1.0680091,0.47739226
0,0,0,0,1,-3.4397523,0.3828304
0,0,0,0,1,0.0764544,-0.55583864
0,0,0,0,1,0.38483882,0.049822494
0,0,0,0,1,-0.22165847,0.18816195
1,1,0,0,1,8.628449,-0.75829625
1,0,0,1,1,-5.493513,-1.0300367
0,0,0,0,1,-0.7099216,0.000869868
0,0,0,0,1,-2.2666476,0.16312066
0,0,0,0,0,0.059979677,0.5416774
0,0,0,1,0,-0.21221566,0.016296757
1,0,1,0,0,-0.11411929,0.27493545
1,1,0,0,0,6.6712484,0.13877366
1,1,0,1,0,9.583801,0.037727818
1,1,0,0,0,9.035229,0.24668446
0,0,0,0,1,-2.0068462,-0.5048528
0,0,0,0,1,0.21450973,-0.19682278
1,0,0,1,0,-5.493513,-0.8999835
1,0,0,0,0,-0.14497304,-0.11178269
0,0,0,0,0,0.040481806,-0.16703275
0,0,0,0,1,-3.1966069,0.31167972
0,0,0,0,1,0.25811362,0.16597074
0,0,0,0,0,-0.22571254,0.08451244
1,0,1,0,0,0.19630742,0.1279378
1,0,0,0,0,-0.033992052,-0.07495431
1,1,0,0,0,8.214944,0.036458485
0,0,0,0,1,0.30153728,-0.12278126
1,1,0,0,0,6.325371,0.02627108
0,0,0,1,0,-5.717154,-0.4725161
1,0,1,0,0,0.15441632,0.124705024
1,1,0,0,0,7.673333,0.03638666
0,0,0,0,1,-3.2433565,0.07839805
0,0,0,0,1,-2.2811615,0.3525464
0,0,1,0,1,-0.5254543,-0.016350815
0,1,0,0,0,4.8344393,-0.5085111
0,0,0,0,1,-0.5095084,0.025015533
1,1,0,0,0,8.023341,-0.042780776
1,1,0,0,0,9.8764,0.28174803
0,0,0,0,1,-2.7568767,-0.86233056
0,0,0,1,0,-5.0431914,0.15342379
0,0,0,0,0,-4.193259,0.56546026
1,0,1,0,0,0.02264905,0.2093244
0,0,0,0,1,-0.27596545,0.35222912
1,0,0,0,0,0.1882317,0.0053354655
1,1,0,0,0,8.568561,0.1966299
0,0,0,0,1,0.20762897,-0.1674844
0,0,0,0,1,0.3856938,-1.0266311
1,1,0,0,0,9.128442,-0.06041395
1,0,0,1,0,-6.018605,-0.91362625
1,1,0,0,0,4.0480747,0.2935145
1,0,1,0,0,-0.09950137,0.12510969
1,0,1,1,0,0.025154352,0.21155336
1,1,0,1,0,2.9970238,0.16527878
0,0,1,0,0,-0.7159772,0.30060875
1,0,1,0,0,0.083538294,0.21538053
0,0,0,1,0,-5.21509,-0.23989893
0,0,0,1,0,-2.6159701,-0.11179851
0,0,0,0,1,-0.3285153,-0.33531088
0,0,0,0,1,-1.1611178,0.24413224
0,0,0,1,1,-0.6673572,-0.93127686
1,0,0,1,1,1.8076875,0.43337214
0,0,0,0,1,-0.22814298,0.21574011
0,0,0,0,1,0.17105126,-0.2778972
0,0,0,0,1,-2.2423794,0.082153335
0,0,0,0,1,-2.9603326,0.1779887
0,0,0,1,0,0.1707766,-0.05207337
0,0,0,0,0,-1.9130268,0.21588032
1,0,0,0,0,0.27203202,0.034327347
0,0,1,0,0,-0.7563126,0.193518
0,0,0,0,0,0.09101701,-0.030097961
0,0,0,1,0,-5.6176767,-0.86877704
0,0,0,1,0,-3.269278,-0.5195035
0,0,0,1,0,-4.0242186,-0.4299642
1,0,0,0,0,-2.5670297,0.7930248
0,0,0,0,1,1.5382941,-0.52299386
0,0,0,0,1,4.0130167,-0.18818384
1,0,0,0,0,3.2038233,0.31587407
0,1,0,0,0,4.299736,-0.51133436
0,1,0,0,0,6.7511854,-0.5963826
1,1,0,0,0,6.274519,-0.028819147
0,0,0,0,1,-0.6628535,0.05031241
1,0,1,0,0,0.14542651,0.26202375
0,0,0,0,1,-2.2228472,0.19025879
0,0,0,0,1,1.0213835,-0.39508042
0,1,0,0,0,4.7166176,-0.22105767
0,1,0,1,0,3.7817795,0.5466002
1,1,0,0,1,8.216937,-0.86072546
1,1,0,0,1,10.898027,-0.57358694
1,1,0,0,1,10.368541,0.10757966
0,0,0,0,1,-1.8941576,0.23735207
0,0,0,0,1,-0.7086141,0.26711753
1,1,1,0,0,5.9056435,-0.026457464
1,1,0,0,0,8.551598,0.15444925
1,0,1,0,0,-0.07279134,0.29316956
1,0,1,0,0,0.030855894,0.15415117
0,0,0,0,1,1.1717303,-0.44349617
0,0,0,0,1,0.35798478,0.35515255
0,0,0,0,1,-0.08472943,-0.1727385
0,0,0,0,1,-0.99276614,0.21243127
1,1,0,0,0,6.9080524,-0.86072546
0,0,0,1,0,-3.7140539,-1.0121661
1,1,0,0,1,10.934631,-0.83536476
1,1,0,0,1,10.432843,-0.122293234
0,0,0,0,1,0.41833758,-0.22714387
1,1,0,0,0,10.180173,-0.034153167
0,0,0,0,0,-0.35290456,-0.029783001
0,0,0,0,1,-0.22084165,-0.24616854
0,0,1,0,0,-0.72851086,0.2596689
0,0,0,0,1,2.82988,-1.0345178
0,0,0,0,1,0.21710563,-0.42409188
0,0,0,1,0,-2.9231527,-0.0048827846
1,1,0,0,1,8.779969,-0.7485717
0,0,0,0,0,-3.716855,0.02627108
1,0,1,0,0,-0.014711618,0.1650304
0,0,0,1,0,-4.9456663,-0.07789738
0,0,0,0,1,-0.16092086,0.099918135
1,0,0,0,0,0.18957019,-0.04174212
0,1,0,0,0,1.7287724,0.14157376
0,0,0,0,1,-0.2461493,0.052030575
0,0,0,1,1,2.2181604,0.34338278
0,0,0,1,1,-0.3083346,0.48459777
0,0,0,1,0,-5.636876,-0.18110153
0,0,0,0,1,-2.4371545,-0.7489302
0,1,0,0,0,1.9582732,0.16628431
0,0,0,0,1,0.25445104,-0.22771946
1,0,1,0,0,0.14661336,0.37615436
0,0,1,0,0,-0.600615,0.1524467
0,0,0,0,0,0.311126,-0.104121126
1,1,0,1,1,8.792117,-0.832265
0,0,0,0,1,0.036565065,-0.21750408
0,1,0,1,0,2.6473086,-0.4662805
0,1,0,0,0,5.252887,-0.056912456
1,0,1,0,0,0.15010476,0.23852266
1,0,1,0,0,-0.0018956661,0.14626002
1,0,0,0,0,0.12200856,0.059050575
0,0,0,0,1,0.13844943,0.15429601
0,0,0,0,1,0.24126935,-0.12641668
0,0,0,1,1,-3.439232,-0.14871165
0,0,0,0,1,-1.1192124,0.2871604
1,0,0,0,0,1.7609732,0.21790777
0,1,0,0,0,4.7807693,0.006070989
0,0,0,0,1,-1.0258439,0.5066419
1,1,0,0,0,7.238426,-0.9361452
0,0,0,0,1,-1.4467003,0.014308819
1,0,1,0,0,0.09739852,0.36555383
0,0,0,0,1,-0.43293357,0.049452007
1,1,0,1,0,5.5118465,-0.4223929
0,0,0,0,1,-0.10814214,0.27560565
1,1,0,0,0,7.3952007,-0.39266387
1,1,0,0,0,3.5897067,-0.0049290345
0,0,0,0,1,-0.5131347,-0.095303364
0,0,0,1,0,-1.291951,-0.16974571
0,0,0,1,0,-3.5475788,-0.64061904
1,0,1,0,0,0.04820037,0.103846796
0,1,0,0,0,6.1343117,-0.43835893
1,1,0,0,0,7.8032846,-0.6977005
1,1,0,1,1,8.790742,-0.3850742
0,0,0,1,1,-2.231506,0.023293903
0,1,0,1,0,4.037752,0.19562897
0,1,0,0,0,7.552638,0.059575498
0,0,0,1,1,0.046598196,-0.23455594
0,0,0,0,1,-0.58434415,0.28446454
0,0,0,0,1,2.4944308,-0.9681693
1,0,0,0,0,1.6430924,0.2647872
0,0,0,0,1,1.2579372,-0.31495824
1,0,0,0,0,0.34519982,0.65509665
0,0,0,1,1,0.89855313,0.09672724
1,1,0,0,0,8.310308,0.042001374
1,1,0,0,1,10.8507,-0.15067688
0,0,0,0,0,-4.36618,0.2244313
1,1,0,0,0,4.526128,0.4365142
0,0,0,1,0,-3.229964,-0.44051877
0,0,0,0,1,-0.24557042,-0.24054569
0,0,0,0,1,2.3895147,-0.07362594
1,0,0,0,0,1.4663775,0.52662265
0,0,1,0,0,-0.4677794,0.19206858
1,0,0,0,0,0.09748578,0.076545395
1,0,1,0,0,-0.15119958,0.1598987
0,0,0,0,1,1.133662,-1.0094059
1,0,0,0,0,-0.087222815,0.09220748
1,0,0,1,1,0.0018956661,-0.7515195
1,0,0,0,0,-0.13676953,0.06579911
1,0,1,1,0,0.09414506,0.1152841
0,0,1,0,1,-0.80154586,-0.03169399
1,0,0,0,0,1.618026,0.442196
0,0,0,1,0,-0.38816714,-0.022644317
1,0,0,1,0,-7.6411276,-0.9339085
0,0,0,1,1,0.15188336,0.11507349
0,0,0,1,1,-0.58312917,0.13274859
0,0,0,0,0,-0.50810504,-0.10802971
0,1,0,0,0,4.5618877,-0.41184348
0,1,0,0,0,7.322304,-0.20640855
0,1,0,0,0,6.9367523,-0.38506502
1,0,0,1,0,-2.6626067,-0.6351056
0,0,0,0,0,-3.9812934,0.19375701
0,0,0,1,0,-2.9758482,0.16497801
1,1,0,0,0,8.046216,0.034514815
0,0,0,0,1,0.7359812,0.023215245
1,1,0,0,1,8.319869,-0.29528406
1,1,0,0,1,10.735008,-0.27089003
1,1,0,0,1,10.235745,-0.6918535
0,0,1,0,0,-0.27964664,0.16412291
0,0,0,0,0,-0.3144381,0.069869235
0,0,0,1,0,-5.017099,-0.10163736
0,0,0,0,1,-0.07815623,-1.3944271
0,0,1,0,1,1.4995472,-0.068956524
0,0,0,0,0,4.280938,-0.05121967
0,0,0,1,0,-1.491936,-0.29314762
1,1,0,0,1,8.576692,-0.11600434
0,0,0,0,1,0.6122744,0.30744982
1,1,0,0,0,10.782726,0.3168713
0,1,0,0,0,4.6038437,-0.20518568
0,0,0,1,1,-1.1581728,-0.85632455
0,0,1,0,0,-0.6648576,0.17572846
1,0,0,0,0,0.17104363,-0.07446024
0,0,0,0,1,-0.1909349,0.47013447
1,1,0,0,0,8.036389,0.16042894
0,0,0,0,0,0.045109034,-0.07990849
0,0,0,1,1,-0.38324428,-0.5228229
0,0,0,0,1,-0.08816695,-0.44539005
0,0,0,1,1,0.22568917,0.32410252
1,1,0,0,0,8.111885,-0.32477987
0,1,0,0,0,7.418107,0.09360645
0,1,0,1,1,3.849519,-0.60678595
0,0,0,0,1,0.15594363,-0.21712422
0,1,0,0,0,4.056118,-0.67822933
1,1,0,0,0,2.804042,0.40603012
0,0,0,0,1,-2.5363133,-0.000169549
0,0,0,0,1,-0.010373354,-1.0150424
0,0,0,0,1,0.17998815,-0.21106589
0,0,0,0,1,0.03272748,-0.23930149
1,0,0,0,0,0.043922663,0.0009934284
0,0,0,1,1,-3.8080459,-0.672009
0,0,0,0,0,-3.7943249,0.41782206
1,0,0,0,0,0.026101828,0.06665736
1,1,0,0,1,10.962046,-0.37286013
0,0,0,0,1,-0.4911139,0.09106292
0,0,0,1,0,-4.185716,-0.58433485
1,1,0,0,0,6.726121,0.066025056
0,0,0,0,1,-0.2748425,-0.06957488
0,0,1,0,0,-0.74680305,0.17963108
1,1,0,0,0,5.721238,0.2473442
0,0,0,0,1,-3.2289321,-0.10051187
0,0,0,1,1,-0.6767051,0.12556256
1,1,0,0,0,9.678078,0.19096127
0,0,0,0,1,-2.6693332,0.017312827
0,0,0,1,1,-0.31717992,0.3756828
0,0,0,0,1,-0.8084123,0.3070654
1,1,0,0,1,9.840492,-0.7200244
1,0,0,0,0,-0.1465137,0.09471305
1,1,0,0,0,9.059462,0.32482335
0,0,0,0,1,0.07033801,-0.94685
0,0,0,0,0,-0.4001553,-0.078833
0,0,0,0,1,-1.2846797,0.28381842
0,1,0,0,0,4.8498335,-0.40855348
0,0,0,0,1,0.09930396,0.18686391
0,0,0,0,1,-2.4366238,0.06339342
1,1,0,0,1,10.702204,-0.7397994
0,0,0,0,1,0.9922545,-0.70653254
0,1,0,0,0,4.611804,-0.19661915
0,0,0,0,1,-1.0092199,-0.04234008
0,0,0,0,1,-1.634577,-0.4811325
1,1,0,0,1,7.9471846,-0.4679034
0,0,0,0,1,2.1495178,-0.62684834
0,0,1,1,0,-0.24220824,0.1146029
0,0,0,0,0,-3.9909365,0.047190294
0,0,0,0,1,-0.19727588,-0.18639901
0,0,0,0,1,2.515443,-0.15087916
0,0,0,0,1,1.6397922,0.09125848
0,0,0,0,1,-3.0462744,-0.53914183
0,0,0,0,0,-0.5051701,-0.046454024
1,1,0,0,0,8.834588,-0.014544696
0,0,0,0,0,1.6241267,0.19891202
0,0,0,0,1,-0.7809918,0.1967728
0,0,0,0,1,-2.714834,-0.3237023
0,0,0,0,1,-0.03269267,0.22911078
0,0,0,0,1,0.30713248,-0.43405324
0,0,0,0,1,-0.4305513,0.18412948
1,1,0,0,0,8.57879,0.70662
0,0,0,0,1,0.8586581,-0.12307421
0,0,1,0,0,-0.56843257,0.16613126
0,0,1,0,0,-3.7784438,0.06275669
0,0,0,0,1,-0.106392145,-0.2248448
0,0,0,0,1,-2.075557,-0.13077396
0,0,0,0,1,0.60866237,0.10588268
0,0,0,0,1,-0.31110215,0.41120702
0,0,0,0,1,1.5266936,-0.01119638
0,0,0,1,0,-4.8403974,-0.7030297
0,1,0,0,0,4.4093275,-0.33105856
0,1,0,0,0,4.872386,-0.4507264
0,0,0,0,1,-0.3574059,-0.010608174
0,0,0,0,1,-0.31718278,0.3514949
0,0,1,0,1,-0.24305177,0.095636904
0,0,0,0,1,2.169072,0.38163948
1,1,0,0,0,2.761593,0.51711303
0,0,0,0,1,-0.41856837,0.04772957
0,0,0,0,1,-1.0293272,-0.32984304
0,0,0,1,0,-2.5695379,-0.31352898
1,1,0,1,0,7.831317,-0.83812785
0,0,0,1,0,-1.345895,-0.17137705
1,0,0,1,0,-5.8276587,-0.2283282
1,1,0,0,1,8.686473,-0.65881616
0,0,0,1,0,-5.162052,0.000169549
0,0,0,0,0,-0.26553035,0.081488214
0,0,0,0,1,-0.0024411678,0.048841942
1,0,0,0,0,0.08564973,0.026990447
1,0,0,1,0,-5.493513,-0.94685
1,0,1,0,0,0.2794125,0.10927357
0,1,0,1,0,3.1162198,0.020307837
0,0,0,1,0,-2.9360282,-0.2572967
0,0,0,1,0,-3.187497,-0.51159173
1,1,0,0,0,7.10038,0.25492308
1,0,1,0,0,0.16715693,0.13530701
1,1,0,0,0,7.9537945,0.3806312
0,0,0,0,0,-0.5619812,0.02318972
0,0,0,0,0,-0.37726712,-0.006208564
0,0,0,1,1,-0.49978518,0.13351002
0,0,0,0,1,-0.4694574,0.20280574
0,1,0,0,0,5.2367315,-0.7361049
1,1,0,0,0,7.891659,-0.7833898
0,1,0,0,0,7.3287888,0.13179834
0,0,0,1,0,-3.5622778,-0.9819894
1,1,0,0,1,8.795281,-0.77618974
0,0,0,0,1,-0.48933434,-0.06616321
1,1,0,0,0,4.295477,-0.034322575
1,1,0,0,0,6.081724,0.6365559
1,1,0,0,0,7.936181,0.69229907
0,0,0,0,1,-0.17418885,0.41642356
0,0,0,0,1,-0.74998355,-0.846394
0,0,0,0,0,-0.5697603,0.06486851
0,1,0,0,0,6.0649433,0.07179218
0,0,0,0,1,1.3167899,-0.419664
0,0,0,0,1,-1.4474566,0.064347774
0,0,0,0,1,0.89068675,0.51613545
0,0,0,1,0,-5.687461,-0.48952144
1,0,0,0,0,-0.09730506,0.059266657
0,0,0,0,1,-0.14941001,0.40372422
0,0,1,0,0,-0.5814676,0.19659889
0,0,0,0,0,-0.08039689,-0.03025548
0,0,0,1,0,-4.3538675,-0.6099012
0,0,0,0,0,-1.8174508,-0.6680639
0,0,0,0,0,-2.206105,-0.7203772
1,1,0,0,0,9.237085,0.30808216
1,0,1,0,0,0.15531516,0.18808766
0,0,0,0,1,-0.5170572,-0.5858759
1,1,0,0,0,3.8913805,0.4649255
0,0,0,0,1,-0.09284425,0.2519525
0,0,0,0,1,0.0024411678,-0.93920755
1,1,0,0,1,8.823823,-0.8026987
0,0,0,1,0,-3.2816749,-0.92379934
0,0,0,1,0,-4.102245,-0.76143444
1,0,1,0,0,-0.08867192,0.099497914
0,0,0,0,0,-1.8169153,-0.541983
0,0,0,0,1,0.2868545,-0.18461622
0,0,0,0,0,-1.8694682,0.05927323
0,0,0,0,0,-2.5165946,0.5062378
0,0,0,0,1,1.4296639,-0.7827875
0,0,0,0,1,-2.1708114,0.24494554
0,0,0,0,1,0.54374814,0.4562309
0,0,0,0,1,-0.46092582,-0.12610266
1,1,0,0,0,8.971779,-0.8696399
0,0,0,0,1,-0.93493485,-0.05804579
0,0,0,0,0,0.12503362,-0.09391222
1,0,1,1,0,-0.006021261,0.1534304
0,0,0,1,1,-0.3244002,0.045238495
0,0,0,0,1,-0.9474404,0.15735315
0,0,0,1,0,-3.6353788,-0.4356657
0,0,0,0,1,-0.22716308,0.11863359
0,0,0,0,1,-0.050925493,-0.02003192
0,0,0,0,1,-0.7736876,0.16335404
0,0,0,1,0,-4.676405,0.3076991
0,0,0,0,0,-0.30706334,0.04789508
0,0,0,0,1,1.2113774,-1.6504632
0,0,0,0,1,0.046941996,-0.24426475
1,1,0,0,0,6.3317137,0.33507985
0,0,0,0,1,0.60509133,0.05269318
0,0,0,0,1,-0.8824923,0.33333617
0,0,0,0,1,3.804808,-0.000869868
0,0,0,0,0,-0.6619084,-0.2405643
0,0,1,0,1,-0.14541411,0.074825816
0,0,0,0,1,-0.608938,0.18512869
0,0,0,0,1,-0.6578295,-0.23579268
0,0,0,0,0,-0.4060862,-0.16037206
0,0,0,1,1,-0.28621745,-0.12491923
0,0,0,0,0,-4.1210294,-0.97845834
0,0,0,1,0,-2.442443,0.047397785
0,0,0,0,0,-2.5475254,-1.0045369
1,0,0,0,0,0.1866076,0.04855046
0,0,0,0,1,0.23367476,-0.08838735
0,0,0,0,1,-0.33961272,0.095636904
1,1,0,0,0,9.894481,0.058617175
1,1,0,0,0,9.477688,-0.09209793
0,0,0,0,0,-0.24875665,-0.12806563
1,1,0,0,1,8.808154,-0.43044385
0,0,1,0,1,-0.6425197,0.120794415
0,0,0,1,0,-5.2845945,-0.5232799
0,0,0,1,0,-3.1722307,-0.08189977
0,0,0,1,0,-3.5879405,0.10356297
1,0,0,0,0,0.055256605,0.09004486
0,0,0,0,1,-1.3446,-0.52507615
0,0,0,0,1,2.0830472,-1.0014693
1,0,1,0,0,0.1826737,0.098667406
1,1,0,0,0,7.616395,0.0036913208
0,0,0,0,0,-0.56011605,-0.0029842407
1,1,0,0,0,9.531235,-0.4771267
0,0,0,0,1,-0.19159627,0.27705732
0,0,0,0,0,0.37762237,-0.07388413
0,1,0,0,0,5.4741964,-0.5155843
0,0,0,0,1,-0.37656426,0.09660661
0,0,0,0,0,0.03466201,-0.04022944
0,0,0,0,0,-0.16739297,-0.0710906
1,1,0,0,0,10.176094,0.05269318
0,1,0,0,0,5.4044056,-0.19749199
0,1,0,1,0,7.806364,-0.12413105
0,0,0,0,1,-1.1187541,0.11048471
0,0,1,0,1,-2.0398004,0.06371164
1,1,0,0,0,3.9880183,0.77459747
1,0,1,0,0,-0.051063776,0.1022613
1,1,0,0,0,9.247786,0.084496915
0,1,0,0,0,2.2971232,-0.039424177
0,1,0,0,0,1.6651633,0.11925139
0,1,0,0,0,2.8489144,-0.027676871
1,1,0,0,0,5.3878126,0.3735297
0,0,0,0,1,-0.027044058,0.26003337
0,0,1,0,0,-0.18299317,0.3634308
0,0,0,0,1,0.9140456,-0.011020463
0,0,0,0,1,0.48424888,-0.3909567
0,1,0,0,0,6.383442,-0.06523428
0,0,0,0,1,-0.15310979,0.3957923
0,0,0,0,0,-3.6223772,-0.24964453
0,0,0,0,1,-1.5888665,-0.36211565
0,0,0,0,1,0.010373354,0.48481205
0,0,0,0,1,2.350382,0.3182643
0,0,0,0,1,0.26435065,-0.28956833
0,0,0,0,0,-0.108249426,-0.2203577
0,0,0,1,0,-3.2051723,-0.47063226
0,0,0,0,0,-0.26615214,-0.24827278
1,0,1,1,0,-0.040111303,0.11990399
0,1,0,0,0,7.9904947,0.27044177
1,1,0,0,0,9.451739,0.37529027
0,0,0,0,1,-3.3168824,-0.09863886
0,0,0,0,1,-0.6445811,-0.008209992
1,0,0,0,0,-1.5772369,0.8075643
0,0,1,0,0,-0.67099094,0.27290168
0,0,0,0,1,-0.7844188,0.48887494
1,0,1,0,0,-0.025357485,0.17592074
0,0,0,0,1,-1.2774704,0.06377244
0,0,0,0,1,1.5871098,0.022024669
0,0,0,0,0,0.39566684,-0.06422222
0,0,0,0,1,-0.08969617,0.32758543
0,0,1,1,0,-0.55840373,0.22695763
0,0,0,0,1,-0.11337972,-0.18268794
0,0,0,0,0,-0.5044842,0.010188372
0,0,0,1,0,-2.8531108,-0.08568335
0,0,0,1,0,-3.243837,-0.14505717
1,0,0,1,0,-5.778927,-0.23624183
0,0,1,0,0,-0.6803758,0.25102618
0,0,0,0,1,0.027488947,-0.43658412
0,0,0,0,1,-0.20480657,0.21531938
1,1,0,0,1,10.76623,-0.5413849
1,1,0,0,0,3.6459792,0.19333787
1,0,1,0,0,-0.008251905,0.12173245
1,0,0,1,0,-7.6411276,-0.9261732
0,0,0,0,1,-0.6730683,0.57284963
1,1,0,0,1,8.83471,-0.7843289
0,0,0,0,1,0.7683923,-0.7945583
0,1,0,1,0,4.6313534,-0.12653176
0,0,0,0,1,-0.24327064,0.21082057
1,0,1,0,0,-0.050951242,0.23375544
1,1,0,0,0,3.452863,0.5646894
1,0,0,0,0,1.3555644,0.2278122
1,1,0,0,0,4.1064215,0.3002596
0,1,0,0,0,2.8051817,0.005748128
1,1,0,0,0,7.2838526,0.08859076
0,0,0,0,1,-0.35046887,0.2278122
0,0,0,1,1,1.1595047,-0.7781177
1,1,0,0,0,8.9692135,-0.09577964
1,1,0,0,0,8.123021,0.2799329
0,0,0,0,1,-0.11174178,-0.25278878
1,0,0,1,0,-5.8938403,-0.6509833
1,1,0,0,0,6.423195,-0.013388366
1,1,0,0,0,7.8300266,-1.0794681
0,0,0,0,1,-1.5565569,0.15806687
0,0,0,0,0,3.1973069,0.44559133
0,0,0,0,1,-2.9836981,0.5044984
0,0,0,0,1,0.324919,-0.5669592
0,0,0,1,1,0.41945577,0.53295934
0,0,0,0,1,0.13574529,-0.12745781
0,1,0,0,0,5.76667,0.3210706
0,0,0,0,1,0.634897,-1.5309124
0,0,0,1,1,1.6530459,0.040862698
0,0,0,1,0,-0.4732721,-0.28752875
0,0,0,0,1,-0.059979677,0.27320856
0,0,0,0,1,2.9723752,-0.80533487
0,0,1,1,0,-4.6734314,0.020141682
0,0,0,0,1,-0.5174439,-0.07869494
0,0,0,0,1,-0.8420317,-0.0723396
0,0,0,0,1,-1.3829834,0.2742067
1,0,1,0,0,0.23163152,0.20385481
0,0,0,0,1,-1.4963906,-0.088029176
0,1,0,1,0,2.6097214,-0.10615204
1,1,0,0,0,4.3826284,0.38585126
0,1,0,0,0,6.7048044,-0.5125084
1,0,0,0,0,-0.10477519,-0.019678345
0,0,0,0,0,0.1895945,-0.047895987
0,0,0,0,1,0.4181645,-1.5380021
0,0,0,0,0,-0.86197996,-0.4713184
0,0,0,0,1,-1.3341057,-0.15819977
0,0,0,0,1,1.2860076,-0.075500354
0,0,0,0,1,0.47520328,0.16042894
0,0,0,0,1,2.8867924,-0.61294353
0,0,0,0,1,2.014582,0.24748906
0,0,0,0,1,-0.49969983,-0.0033105945
0,0,0,1,0,-3.14157,0.029315926
1,0,1,0,0,0.05168414,0.15983357
0,0,0,0,1,-0.4228227,-0.57361335
0,0,0,0,1,-1.2052917,0.15539908
0,0,0,1,1,0.5829644,-0.7822477
1,0,0,1,0,-7.069646,-0.70944524
0,0,0,0,1,-0.46078873,0.30977646
1,1,0,0,0,2.5080287,0.23992792
0,0,0,0,1,-0.42859983,0.09931794
0,0,0,0,1,-1.0901439,-0.5379991
1,0,0,0,0,0.1739316,-0.012031536
0,0,0,0,1,0.8723407,-1.0425323
0,0,0,0,1,-2.7259986,0.2886795
0,0,0,0,1,1.0440738,-0.10071178
0,0,0,0,1,-0.32202673,-0.9177776
0,0,0,0,1,-1.34196,0.3089106
1,0,1,0,0,-0.18721485,0.21077646
0,0,0,0,1,-0.36430383,-0.010383965
0,0,0,0,1,1.2324519,-0.16538386
1,0,0,0,0,0.13127232,-0.03021051
0,0,1,0,0,-0.6422515,0.24146853
1,1,0,0,0,7.502841,0.02192952
0,0,0,1,1,-1.828634,0.06379833
0,0,0,0,1,-0.31279087,-0.28227806
0,0,0,0,1,-0.014948845,-0.10884304
0,0,0,0,1,-0.40242982,0.04985291
0,1,0,0,0,6.406397,0.50293595
0,0,0,1,1,1.3508267,-0.114408776
0,0,0,0,1,-0.8053255,0.4644569
0,0,0,0,1,-0.8873124,0.027191823
0,0,0,1,0,-4.0067825,0.05587654
0,0,0,0,1,2.5845804,-0.78218144
0,0,0,0,1,-0.5426192,0.2891649
0,0,0,0,0,-3.589646,-0.26140112
0,0,0,1,0,-3.797573,-0.89613175
0,0,0,0,1,0.6502981,0.33178762
0,0,0,0,1,-2.4451287,-1.0166229
0,0,0,0,1,2.8822184,-0.18607773
0,0,0,0,1,3.016409,-0.008249279
0,0,0,0,1,-0.7663069,0.4019046
0,1,0,0,0,4.3417253,-0.9629856
0,1,0,1,0,4.5260487,-0.6482356
1,1,0,0,0,4.1994276,0.25368106
1,0,1,0,0,0.11788082,0.17633739
0,1,0,0,0,5.589385,-0.3939776
0,0,0,0,0,-0.59338856,-0.11358243
0,0,0,0,1,-0.51706696,0.27185065
0,0,0,0,1,1.1442857,0.14140974
1,1,0,0,0,9.93372,-0.090140276
0,0,0,0,0,0.28007746,-0.0807848
0,0,1,0,0,-2.0627804,0.10494092
0,0,0,0,1,0.0,-0.8500985
1,0,1,0,0,-0.03317356,0.09060483
1,0,1,1,0,0.095152855,0.1061485
0,0,0,0,1,-1.1381392,0.45680135
0,0,0,1,1,0.8285544,0.1690139
1,1,0,0,0,3.6807373,0.46009648
0,0,0,0,1,-2.9066122,-0.061622493
0,0,1,0,0,-0.3199153,0.10108093
0,0,1,0,0,-0.2570529,0.06304495
0,0,0,0,1,0.4982915,-0.57224184
0,0,0,0,1,0.5763893,-0.4417745
1,1,0,0,0,8.12534,0.4426097
0,0,0,0,1,0.8665719,-0.5610913
1,0,0,0,0,-0.16683292,0.019555327
0,0,0,0,1,-1.433562,0.4220019
0,0,0,1,1,0.106295586,-0.22013667
0,0,0,0,1,0.77736545,-0.10394403
0,0,0,0,1,2.3029099,0.017798988
1,0,0,1,1,-1.3401086,0.5387214
0,0,0,0,1,-1.7671657,0.0968821
0,0,0,0,1,3.0803957,-1.0652072
0,0,0,0,0,-2.8799891,-1.0569286
0,0,0,0,1,-0.634161,-0.019476598
0,0,0,0,1,-0.86981964,0.40470737
1,1,0,0,0,4.828992,-0.016298054
1,0,1,0,0,-0.08772993,0.11421645
0,0,0,0,0,-0.5911181,-0.0070117004
0,0,0,0,1,1.8004675,-0.3693742
0,0,0,0,1,1.8129959,-0.58852106
0,0,0,0,1,-0.5059829,0.19933501
0,0,0,1,0,-2.9536164,0.28549796
1,1,0,0,0,9.224851,0.24423943
1,0,1,0,0,0.2105794,0.16173238
0,0,0,0,1,-2.1659439,0.038852062
1,1,0,0,0,8.195706,0.33920732
0,1,0,0,0,4.5308533,0.0463607
0,0,0,0,1,-0.49778533,-0.50446993
0,0,0,0,1,0.8425193,0.06627404
0,0,1,0,0,-0.5104904,0.12489464
1,0,1,0,0,0.33291388,0.051750008
1,0,1,0,0,0.029832363,0.13947962
0,0,0,0,1,-1.2947736,-0.64341325
0,0,0,0,0,-2.491646,-0.9971602
1,1,0,0,1,9.270837,-0.5895709
1,0,0,0,0,-0.011771202,-0.06735969
0,0,0,0,1,0.69288635,-0.044358265
1,0,0,0,0,0.57267857,0.68630683
1,1,0,0,0,8.471976,0.1349574
0,0,0,0,1,-0.7427435,0.21164331
1,0,0,0,0,-0.08913088,-0.23625144
1,1,0,0,0,9.365016,-0.4744367
1,1,0,0,0,9.571338,-0.34271437
0,0,0,0,1,-2.4225667,0.04985291
0,0,0,0,1,-0.9786401,0.32972938
0,0,0,0,1,0.593137,-0.43927428
0,0,0,0,1,-1.0327783,0.19142756
0,0,0,0,1,-2.190182,-0.5964032
0,0,0,0,1,0.46067524,-0.99278784
0,0,0,0,0,-3.3773131,0.27456284
1,1,0,1,0,7.79793,0.03226341
1,1,0,0,1,10.22378,-0.06806915
1,1,0,0,1,10.306992,-0.2664102
0,0,0,1,0,-3.420439,-0.57290065
0,0,0,0,1,-0.7574096,0.014403719
0,0,0,0,1,1.9017572,-0.5500877
0,0,0,0,0,-3.2905633,-0.21225011
0,0,0,0,1,-1.7970347,0.14583102
0,0,1,0,1,-0.4067483,0.06753478
1,0,0,0,0,-0.04274559,-0.17329422
1,1,0,0,1,9.349368,0.47065806
1,0,1,0,0,0.30896187,0.18888445
0,0,0,0,1,-0.64159155,0.12463193
0,0,0,0,1,-2.3257158,-0.6216491
0,0,0,1,0,-3.9705017,-0.80982614
0,0,0,0,0,-2.1249201,-0.029625226
0,0,0,0,1,0.27464914,-0.7425544
1,0,0,0,0,-0.428447,0.632437
0,0,1,0,0,-0.31516695,0.06743314
0,0,0,1,1,-0.75906825,-0.33013928
0,0,0,0,1,0.667994,-0.095317796
0,0,0,1,1,-1.1424797,0.16581994
0,0,0,1,0,-3.0272284,0.15106131
0,0,0,0,1,-1.8006957,-0.98257905
0,0,0,0,1,-2.7183006,-0.09333586
0,0,0,0,0,3.751894,-0.0940209
1,0,0,0,0,3.5884666,0.24810472
0,0,0,0,1,0.81953096,-1.6556703
0,0,0,0,1,0.47668886,-0.34866425
0,0,0,0,1,-0.5780959,0.30419713
0,0,0,1,0,-0.08099842,-0.0528201
0,1,0,0,0,5.171546,-0.7216927
0,0,0,1,0,-0.15903759,-0.30071086
0,0,0,0,0,-0.615469,-0.15385965
0,0,0,1,0,-3.316987,-0.7081162
1,1,0,0,0,5.607312,-0.016647033
0,0,0,0,1,-1.1527295,0.5249756
1,0,1,0,0,0.3319726,0.17899199
1,0,1,0,0,0.40085936,0.13230842
0,1,0,0,0,4.855714,-0.1533272
1,1,0,0,0,8.655168,0.4069197
0,0,0,0,1,-1.1125295,-0.22700186
0,0,0,0,1,-0.0072689056,-0.3200736
1,0,1,0,0,0.035982132,0.2942748
1,0,0,1,0,-5.8835106,-1.0430282
0,0,0,1,0,-4.061365,-0.854364
0,0,0,1,0,-3.6152987,-0.72891295
0,0,0,0,1,2.0898886,-0.40234283
0,0,0,0,1,0.24117184,-0.35050416
0,0,0,1,1,0.57971954,-0.07494825
0,0,0,0,1,0.76260805,-0.08782212
0,0,0,1,0,-2.7231617,-0.5707496
0,0,0,1,0,-2.5755422,-0.038123604
1,1,0,0,0,5.2255154,0.017302176
1,1,0,0,0,3.9479406,0.5786737
0,0,0,0,0,1.9002264,0.22660707
1,1,0,0,0,3.718622,0.3812268
0,0,0,0,1,-1.454602,-0.052536476
0,0,0,0,1,0.14942074,-0.15313075
1,0,0,0,0,-0.28672552,0.7050495
0,0,0,0,1,-2.282767,0.24571723
0,0,0,0,1,-0.35163116,-0.40467885
1,1,0,0,0,8.79099,0.079614624
1,1,0,0,1,10.329323,-0.085172914
1,1,0,0,1,10.260075,-0.19615567
1,0,0,1,0,-5.343254,-0.8626078
0,0,0,0,0,-0.12373161,-0.104421325
1,0,1,0,0,0.1850686,0.15761676
0,0,0,0,1,-1.3161454,-0.80687445
0,0,0,0,1,-0.5167203,0.45187944
0,0,0,0,1,1.3496542,0.0063093943
0,0,0,0,1,-0.46774745,-1.0558057
1,1,0,0,1,9.357076,-0.5098854
0,0,0,1,1,-2.2251222,-0.2638562
0,0,0,0,1,-1.1845336,-0.34575862
0,0,1,0,0,-0.45290804,0.07928583
0,0,0,0,1,-0.83053756,0.1909487
1,0,1,0,0,0.2659316,0.15976882
1,1,0,0,0,3.0318773,0.25214037
0,0,0,0,1,-0.19720507,-0.44913477
0,0,0,0,1,0.011607647,0.25095844
0,0,0,0,1,0.26610327,-0.55970305
0,0,0,0,1,-0.17584467,-0.9921477
0,0,0,0,0,-2.0822062,-0.8427635
0,0,0,0,0,0.07596111,-0.10106722
1,1,0,0,0,5.153755,0.10712925
0,0,0,0,1,0.57044125,-0.23134184
0,0,0,1,0,-1.6311588,-0.5264617
0,0,0,0,1,-0.5824189,0.19818711
1,1,0,0,0,8.691858,0.53885084
0,0,0,0,1,-0.99814653,-0.014334316
0,0,0,1,1,0.956229,0.07069878
0,0,0,0,1,2.63665,-0.100895055
0,0,0,0,1,2.9822445,-0.15654239
0,0,0,1,0,-0.2065587,0.017928679
0,0,0,0,1,-0.29668856,-0.87760216
1,1,0,0,0,8.222087,-0.60674
0,0,0,0,1,-2.4202235,-0.06693046
0,0,0,0,1,-1.9821298,-0.33348775
0,0,0,1,0,-3.984222,-0.32347575
0,0,0,0,1,-2.8733742,0.29636595
0,0,0,0,1,-2.411279,0.23871195
1,0,1,0,0,0.121748924,0.17039941
1,1,0,0,0,5.6036377,0.19899902
0,0,0,0,0,-2.15765,-0.11990382
0,0,0,1,0,-2.9027083,-0.51196873
0,0,0,1,0,-3.2793288,0.35681477
0,0,0,0,0,-0.2915249,-0.11746499
1,0,0,0,0,0.040766478,0.3929978
1,1,0,0,0,3.6324377,0.40937114
1,1,0,1,1,9.256469,-0.113896266
0,0,0,0,1,-1.9203291,-0.41655627
0,0,0,0,0,-2.126479,0.3940384
0,0,0,0,1,0.32797813,-0.17389427
0,0,0,1,0,-4.717349,-0.2926466
0,0,0,1,0,-3.179407,-0.68466294
0,0,0,0,1,-2.5688593,0.26143414
1,1,0,0,0,8.569715,-0.0516324
1,1,0,0,0,10.237072,0.0042976583
1,1,0,1,0,8.220435,0.35774097
0,0,0,0,0,-0.39322758,-0.19679207
0,0,0,0,0,-0.381155,-0.06497297
1,1,0,0,0,6.285817,0.24675344
0,0,0,0,0,1.8969076,0.60178787
0,0,0,0,1,3.267417,-0.1418025
1,0,1,0,0,0.16315222,0.19607723
0,0,0,0,1,1.0443597,-0.6886147
0,0,0,0,1,-0.13062,-0.7021929
1,0,0,0,0,-0.009694576,-0.040062804
0,0,0,0,1,0.7816453,-0.5612176
0,0,0,0,1,-2.6996157,-0.07116035
0,0,0,0,1,-1.375329,0.26966515
0,0,0,0,0,2.6390636,-0.13057625
0,0,0,0,1,-2.565029,-0.13175042
1,1,0,0,0,9.573234,0.12519398
0,0,0,1,0,-4.736826,-0.50731647
0,0,0,0,1,0.86046815,-0.2885153
0,0,0,1,1,2.3812914,-0.6826596
0,0,0,0,1,1.9986129,0.2046196
1,1,0,0,1,8.75508,-0.7984252
0,0,0,0,1,-0.72373104,0.23256315
0,0,0,1,0,-2.5704024,-0.9998137
0,0,0,0,1,-0.3919711,-0.8134527
0,1,0,0,0,3.8877466,-0.21714322
0,0,1,1,0,-0.43438435,0.09631482
1,0,1,0,0,0.054830074,0.11241488
0,0,0,0,1,-0.5994115,0.35969642
0,0,0,0,1,-0.011607647,-0.9270411
1,0,1,0,0,-0.18139505,0.15515158
0,0,0,1,0,-4.1868334,-0.388647
0,0,0,1,0,-2.622413,-0.19177806
0,0,0,1,0,-3.110173,0.61727625
0,0,0,0,1,2.232003,-0.09616632
0,1,0,0,0,3.7404041,0.093502186
0,1,0,0,0,4.069354,-0.091263145
0,0,1,0,0,-0.5070908,0.061555345
0,0,0,0,1,-1.5861073,0.038283113
0,0,0,1,0,-3.4067051,-0.19648492
1,0,0,0,0,3.4601192,0.3305774
0,0,0,0,1,1.486649,-0.7777697
0,0,0,0,1,0.7071743,-0.36099485
0,0,0,0,0,-0.3434682,-0.11568361
1,0,1,0,0,0.021893501,0.21955125
1,1,0,0,0,5.1545334,0.010383965
0,0,0,0,1,0.20452023,-0.4570704
0,0,0,0,1,-1.0210171,0.05213643
0,0,0,0,1,0.78172207,-1.7698748
0,0,0,0,1,-1.450922,-0.6498741
0,0,0,0,1,-0.7492981,0.48994848
0,0,0,0,1,-1.361589,0.43935904
0,0,0,0,1,-0.11160016,-0.23979059
0,0,0,0,1,-0.59051085,-0.7245745
0,0,0,1,0,-0.53269124,0.00237804
0,0,0,0,1,-0.7013149,-0.80296516
0,0,0,0,1,1.6680954,-0.04478799
0,0,0,1,0,-3.5269165,-0.58184576
0,0,0,0,1,-0.18977451,0.040759068
1,1,0,0,0,7.273135,-0.3785623
0,0,0,0,1,-0.8197999,0.24820091
0,0,0,0,1,-0.7209945,-0.32804775
1,1,0,0,0,3.1434,0.15837629
1,1,0,0,0,4.556324,0.4683683
0,0,0,0,0,-0.3179779,-0.1165739
1,0,1,0,0,0.13564348,0.10718484
0,0,1,0,0,-0.67870593,0.2784182
0,0,0,1,1,0.40221834,-0.6590699
0,1,0,0,0,3.1517093,0.075166635
0,0,0,0,1,2.8531132,-0.31550843
0,0,0,0,0,-0.44644308,0.0029530006
0,0,0,0,0,-2.6666303,-0.83749926
0,0,0,1,1,-0.040766478,0.13375692
1,0,1,0,0,0.27838564,0.07448133
1,0,1,0,0,-0.055870533,0.1409828
0,0,0,1,0,-3.5634222,0.44381595
1,1,0,1,1,-4.4642296,-1.6751032
1,1,0,0,1,9.060636,-0.06931907
0,0,0,0,1,-1.5067244,-0.70970654
0,0,0,0,1,-1.7810726,0.32271916
1,0,0,0,0,0.004817009,-0.00396844
1,1,0,1,0,9.214585,-0.102761075
1,1,0,0,0,8.987004,-0.66233844
0,0,0,0,1,-0.44691277,-0.95069873
0,1,0,1,0,5.779196,-0.116110906
1,1,0,0,0,5.762371,0.02161405
0,0,0,0,1,-0.6498151,-0.7300005
0,0,0,0,1,-0.030833721,-1.6801177
1,1,0,0,0,6.132537,-0.7467696
0,1,0,0,0,5.9337378,-0.53962547
1,1,0,1,0,5.696661,0.2424971
0,0,0,0,1,0.091489315,-0.9077623
0,0,0,0,1,-0.8961055,0.16480154
0,0,0,0,1,1.0565319,-0.61745423
1,1,0,0,0,6.2355547,-0.64623785
1,0,0,0,0,0.21738625,0.025192717
0,0,0,0,0,-3.6187084,0.012081183
0,0,0,0,1,0.22447014,-0.3112795
1,1,0,1,0,4.947651,-0.04820434
1,1,0,1,0,6.3729143,0.1548218
0,0,0,0,1,-0.5522132,0.32754543
0,1,0,0,0,6.596961,0.46074632
1,0,1,0,0,-0.07945776,0.073410526
0,0,0,0,1,-0.74120283,-0.7325427
0,0,0,0,1,-0.5328479,-0.5399146
0,0,0,0,1,2.1727598,0.06121852
0,0,0,0,0,-0.06514549,-0.10714481
0,0,0,1,1,1.7228136,0.16086672
1,0,1,0,0,-0.032090187,0.076218955
1,1,0,0,0,2.6658409,0.20754309
1,0,0,0,0,-0.311471,0.4282187
1,0,1,0,0,0.055154324,0.14747067
0,0,0,0,1,-2.9839709,-0.031946726
0,0,0,0,1,0.12204385,0.40142012
1,0,0,0,0,-0.07971144,-0.03043335
1,1,0,0,0,4.092351,0.15441298
0,0,0,1,1,-1.252831,0.5256083
1,0,1,0,0,0.12457228,0.04509041
0,0,0,0,0,-3.710702,0.5227711
1,1,0,0,0,4.203437,-0.01786942
0,1,0,0,0,5.9387016,-0.14784129
1,1,0,0,0,5.585719,0.35080212
1,0,1,0,0,0.041599274,0.10550025
0,0,0,0,1,-1.6422803,0.1290914
0,0,0,0,1,-1.1354146,0.15106131
0,0,0,1,0,-4.106999,-0.5809415
1,1,0,0,1,10.396212,0.0
0,0,0,0,0,-0.21184683,-0.07044778
0,0,0,1,0,-4.158803,-0.35773724
0,0,0,1,0,-2.6443195,-0.14491475
0,0,0,1,0,-2.6333315,-0.028545506
0,0,0,0,1,0.52147245,-0.72061414
0,0,0,0,1,2.585516,0.05061136
1,0,1,0,0,0.019972801,0.04219306
0,0,0,0,0,0.33560038,-0.09194054
0,0,0,0,1,-2.000458,0.32900193
0,0,0,1,0,-5.333574,-0.79309994
0,0,0,0,1,-1.2072301,0.18202177
0,0,0,0,1,-0.835412,-0.0042976583
1,1,0,0,1,10.557884,-0.8670096
0,0,0,0,1,0.23471713,-0.5007815
0,0,0,0,1,1.9802976,-0.5713462
0,0,0,0,1,1.7071629,0.07295866
1,0,0,1,1,-5.925329,-1.0622776
1,1,0,1,0,9.450624,0.22532453
1,0,0,0,0,1.3238208,0.43297133
1,1,0,0,1,10.51334,-0.37352812
0,0,0,0,1,-1.4615197,0.3326339
0,0,0,1,0,-3.4937258,-0.94843984
0,0,0,0,1,-0.017383575,-0.28209868
1,1,0,0,1,10.311277,-0.1789977
1,1,0,0,0,10.359282,0.3335464
0,0,0,0,1,-1.2126052,-0.06656349
0,0,0,0,1,0.18472862,-0.08023012
1,0,0,0,0,-0.12019634,0.5732316
0,0,0,0,0,-0.2098527,-0.14649066
0,0,0,0,1,-2.0139139,-0.7942387
1,0,1,0,0,0.118115425,0.23772575
0,0,0,0,1,0.9858949,0.23519082
0,0,0,0,1,2.9327002,-0.6341554
0,0,0,0,1,0.077112675,-0.42558852
1,1,0,0,0,6.1271114,0.027561888
0,1,0,0,0,7.593523,0.6388226
1,0,0,1,0,0.02685833,-0.077275336
0,1,0,0,0,5.9255714,-0.7153945
0,0,0,1,0,-3.9348865,-0.706627
0,0,0,0,1,-1.0262566,0.5212798
0,0,0,1,0,-3.8079405,0.3006955
0,0,0,1,0,-2.8361273,-0.017588023
0,0,0,1,0,-2.7907686,0.063981205
0,1,0,0,0,6.1768513,0.2681513
0,0,0,0,1,0.20170403,-0.19828469
0,0,0,0,1,-0.8602133,0.43914178
0,0,0,0,0,-3.709427,0.35268742
0,0,1,0,0,-0.24592304,0.07915268
0,0,0,0,1,-1.5161433,-0.2506433
1,0,1,0,0,0.24550438,0.13350719
0,0,0,1,1,0.6027844,0.06749519
0,0,0,0,0,-3.5329876,-1.0161487
0,0,0,0,1,0.25339985,-0.32096723
0,0,0,0,1,0.36914062,-0.43935886
1,1,0,0,1,10.339157,-0.5499182
0,0,0,0,0,-0.26898575,-0.16102934
0,0,1,0,1,1.9829707,0.087157026
1,1,0,0,0,7.976347,-0.23346813
0,0,0,0,1,-1.5905492,-0.30119267
0,0,0,0,1,0.22979641,0.026371412
0,0,0,0,0,-0.56551385,-0.030359065
0,0,0,1,1,-0.2731638,-0.46083346
1,1,0,0,0,8.211176,-0.82235533
0,0,1,0,0,-0.5215385,0.20955001
0,0,0,1,0,0.34949732,-0.12658334
0,0,0,0,1,-1.0039127,0.015128933
0,0,0,0,0,-2.3727727,0.7041855
1,0,1,0,0,0.084870815,0.27053207
0,0,1,0,0,-0.27466345,0.16148713
0,0,0,0,1,3.4061036,-0.6302376
0,0,0,0,1,0.5093734,0.51582736
1,1,0,0,0,8.76315,-0.9142826
1,0,1,0,0,-0.11232138,0.15286586
1,0,0,1,0,-5.8835106,-1.0420367
0,1,0,0,0,6.062682,0.3597792
1,0,1,0,0,0.04134035,0.15038893
1,0,1,1,0,0.09523058,0.041225404
1,1,0,0,0,10.275713,0.29658398
1,1,0,0,0,10.3665905,0.26567987
1,1,0,0,1,9.185113,-0.7825338
1,1,0,0,1,10.537823,-0.92216355
0,0,0,0,0,-0.505481,0.014028102
0,0,0,0,1,-2.6022546,-0.70353115
0,0,1,0,0,-0.27022123,0.11774583
1,0,0,0,0,-0.08968973,-0.15470047
0,0,0,0,1,-0.64941645,0.074442185
0,0,0,0,1,-0.7091007,0.23201858
1,1,0,0,0,8.628777,0.37066507
0,0,0,0,0,-0.17574453,-0.07075711
0,0,0,0,1,-2.5274107,-0.78742564
0,0,0,0,0,-0.5184405,-0.1284662
1,1,0,0,0,8.423936,-0.46125206
1,1,0,0,0,8.416256,0.055087868
0,0,0,0,0,-0.2867627,-0.041188553
1,0,1,0,0,-0.027356148,0.1938239
0,0,0,0,1,0.44626904,-0.81621987
1,0,1,0,0,-0.000207901,0.24039249
0,0,0,0,1,-2.7419784,-0.09786845
1,1,0,0,0,6.5800867,0.037733853
1,0,0,0,0,-0.025179863,0.030798506
0,0,0,1,0,0.26184845,-0.19416349
1,0,0,0,0,0.36604977,0.008470157
0,0,0,0,0,-0.47123027,-0.2630751
0,0,0,0,1,0.44650698,-0.6846056
0,0,0,0,1,-0.5615568,-0.89312536
1,1,0,0,1,10.527414,-0.47959626
0,0,0,1,1,0.5175357,0.24468918
0,0,0,0,1,0.49498248,0.032060023
1,1,0,0,1,7.62813,-0.071713395
1,1,0,0,0,8.6442375,0.19222522
1,1,0,0,1,10.588148,-0.9134108
0,0,0,1,0,-4.057932,-0.30560973
0,0,0,0,0,-2.3869455,-0.85317653
0,0,0,0,1,-1.1625781,-0.7214268
0,0,0,0,1,-0.47147417,0.08409507
1,1,0,0,0,4.5027885,0.5600402
0,1,0,0,0,6.937501,-0.84154624
0,0,1,0,0,-0.3702078,0.13129781
1,0,1,0,0,0.21649313,0.17820841
1,0,1,0,0,-0.21477747,0.1653426
1,1,0,0,1,9.980054,-0.82432467
0,0,0,0,1,0.54187584,-0.23176673
1,0,0,0,0,0.30638504,0.021249883
0,0,1,1,1,-1.1367424,0.0406665
0,0,0,0,1,-0.51647043,0.22276509
1,0,1,0,0,0.0147771835,0.09099967
1,1,1,0,1,0.20447588,0.23356964
0,0,0,0,0,-0.48198056,0.021390967
0,0,1,0,1,-1.0338316,0.11401183
1,0,0,0,0,0.23574448,-0.101944596
1,1,1,0,1,0.04516697,0.18368062
0,0,0,0,0,-0.23368835,-0.057999488
0,0,0,0,1,2.5676146,-1.0715845
0,0,0,0,1,1.3340175,0.06957869
0,0,1,1,0,-0.56581235,0.06628732
0,0,0,0,1,1.1492145,-0.3501568
0,0,0,0,1,-0.5411258,0.013485061
0,0,0,1,0,-5.2462435,-0.44140705
0,1,1,1,0,3.865425,0.04152198
0,0,0,1,0,-4.240553,-0.06034547
1,1,0,0,0,8.374222,0.07005209
0,0,0,0,1,-0.44866753,0.33420366
0,0,1,0,0,-0.6606543,0.17863041
0,0,0,1,1,0.34149694,-0.29866877
0,0,0,0,1,-2.3722131,0.013775524
0,1,0,1,0,5.4307575,-0.4109483
1,1,0,0,0,5.2336836,0.32713974
0,0,0,0,1,0.60029435,-0.19312184
1,0,1,0,0,0.25539732,0.09834156
0,0,0,1,1,-1.633292,-0.80339557
0,0,0,1,0,-4.8153687,-0.4959785
0,1,1,0,0,2.4917505,-0.023300884
0,0,0,0,1,-0.8519697,0.41472888
0,0,0,0,1,-0.23663378,0.08843785
1,0,1,0,0,0.0027856827,0.062097274
1,1,0,0,0,8.555146,0.1319535
0,0,0,0,1,-0.8473997,0.24714954
0,0,0,0,0,-0.15901232,-0.11641197
1,0,0,0,0,0.5118265,-0.07060244
1,1,0,0,0,9.709269,-0.2332553
1,1,0,0,1,9.3597555,-0.5858637
1,1,0,0,0,8.808138,0.27833813
0,0,0,0,1,-0.54627466,0.51253563
0,0,0,0,1,-2.3330991,0.100010686
1,0,0,0,0,-0.117685795,-0.10947366
0,0,0,0,1,-1.2795782,0.4352232
0,0,0,0,1,-0.0770874,0.16043615
1,0,0,0,0,0.014191151,-0.062055048
0,0,0,0,0,-3.502958,-0.4067852
0,0,0,0,1,-1.6892886,-0.2010592
1,0,1,0,0,0.13477516,0.18320075
1,0,1,1,0,0.07487059,0.14298356
0,0,0,0,1,1.2775476,0.27482367
0,1,0,0,0,4.4373865,-0.08957434
0,0,0,0,0,-1.6530619,0.70104635
1,1,0,0,1,10.540533,-0.6492029
0,0,0,0,1,2.7635098,-1.0316842
0,0,0,1,0,-3.7882028,-0.14718322
1,1,0,0,1,9.404136,-0.9338108
0,0,0,0,1,-0.4751258,-0.29945514
1,0,1,0,0,-0.13833141,0.0834709
0,0,0,0,1,-0.124927044,-1.006023
0,1,0,0,0,4.9166393,-0.046225034
1,1,0,0,0,6.505824,0.1316006
0,0,0,0,0,-0.65196896,0.007540822
1,0,1,0,0,-0.0037236214,0.13985562
1,0,1,0,0,-0.115670204,0.2292243
1,1,0,0,0,9.098805,0.47001463
1,0,0,0,0,0.14008284,0.022730269
0,0,0,0,1,-0.18599129,-0.52195805
0,0,0,0,0,0.107459545,-0.085875854
1,1,0,0,1,10.436859,-0.21073988
0,0,0,0,1,-2.7038882,0.3045002
1,1,0,0,0,8.748749,0.030466758
0,0,0,0,1,-1.7309752,0.12180097
0,0,0,0,1,-2.0710733,-0.22270355
0,0,0,1,1,-0.7308204,0.07309476
0,0,0,0,0,-0.23208046,-0.36451635
0,0,1,0,0,-0.5248852,0.24981083
0,1,0,1,0,5.1857443,-0.24525927
0,0,0,0,0,-3.351739,0.19066505
0,0,0,0,1,-1.6562479,0.38134402
0,0,0,0,0,0.3975737,0.6436812
1,0,1,0,0,0.31423283,0.118578225
0,0,0,0,1,0.60086584,0.020444494
0,0,0,0,1,0.33454156,0.06829705
1,0,0,1,0,1.8678827,0.5018711
0,0,0,0,0,-0.12874699,-0.0059237583
0,0,0,0,1,0.000207901,-0.2941134
0,0,0,0,1,-2.4653318,0.51079375
0,0,0,0,1,-1.3287954,0.27697426
0,0,0,0,1,3.2706394,-0.26196748
0,1,0,0,0,6.523615,0.39773688
1,0,0,1,0,-5.925329,-0.9889709
0,0,0,0,1,-1.8678405,0.17896567
1,1,0,0,0,9.287026,-0.09143214
1,0,0,1,0,-7.069646,-1.0523583
0,0,0,0,1,-2.7423103,0.31369826
0,1,0,0,0,4.3491116,-0.07204602
1,0,0,0,0,-0.14279318,0.014596405
0,1,0,0,0,4.3040333,-0.7492015
0,0,0,0,1,-0.986156,0.16732296
1,0,1,0,0,0.30650187,0.07267368
0,0,0,1,0,-2.87648,0.18075657
0,0,1,0,0,-0.74127746,0.26816508
1,1,0,0,0,6.360078,0.066746816
1,1,0,0,0,8.774851,-0.655245
0,0,0,0,1,-0.48865652,0.2836098
0,0,0,0,1,0.3521433,-0.24008855
0,0,0,0,0,-0.31044102,0.014667421
1,0,1,0,0,-0.113098145,0.18308075
0,0,0,0,1,-2.6056778,-0.15653116
1,0,0,1,0,-5.193643,-0.14040338
1,1,0,1,0,4.634511,0.5050098
1,1,0,0,0,6.2938375,0.08483161
0,0,0,0,0,-3.633097,0.36013848
0,0,0,0,1,-2.9938395,-0.3633988
0,0,0,0,1,0.3015766,-0.2734408
0,0,0,0,1,-1.0851073,0.3522588
0,0,1,0,1,-1.0119026,-0.031592365
0,0,0,0,1,-0.60766554,-0.9488912
1,0,0,1,0,-5.925329,-0.9652402
1,1,0,0,0,7.941519,0.14984305
0,0,0,0,0,-3.0527804,0.45814443
1,1,0,0,0,8.970424,0.37475535
0,0,0,0,0,0.38684702,-0.11754604
0,0,0,0,1,-0.32773829,-0.49109498
1,1,0,0,0,9.10632,0.61963063
0,0,0,0,0,-0.7441323,0.03282287
0,0,0,0,1,2.1695347,0.30655664
1,0,1,1,0,0.29750395,0.24615555
0,0,0,0,1,-0.4609866,0.2964587
1,1,0,0,0,7.6420584,0.05587654
1,1,0,0,0,9.153986,0.48375887
0,0,0,0,1,0.1993599,0.028772766
0,0,1,0,0,-0.30252028,0.057277333
1,1,0,0,0,8.662763,0.22774322
1,1,0,0,0,9.488937,0.030957073
0,1,0,0,0,6.8257914,-0.6886817
0,0,0,0,1,0.25439835,-0.20560424
0,0,0,0,0,-0.46919465,-0.12854815
0,0,0,0,1,-1.6498387,0.2857173
1,1,0,0,0,4.3553696,0.33420366
1,1,0,0,0,5.0863504,0.013436885
1,1,0,0,0,6.756172,-0.027586382
0,0,0,0,1,-0.4704013,0.37307528
0,0,0,1,1,0.059112787,0.03172752
0,0,0,0,1,0.94451594,-0.23870043
0,0,0,0,1,2.6102743,-0.068249576
0,0,0,0,1,2.18328,0.50893605
0,0,0,1,1,0.9303539,-0.47202858
0,0,0,0,1,2.0663908,-0.6216491
1,0,0,0,0,0.3064556,-0.00237804
0,0,0,0,1,-0.90836287,0.38856295
1,0,1,0,0,0.06245041,0.117617704
1,0,0,1,0,-4.4642296,-1.6421769
0,0,0,1,0,-5.253871,-0.5104571
1,1,0,0,0,9.842511,0.3131092
1,0,1,0,0,0.81020737,0.069250286
0,0,0,0,1,-0.58379316,0.46519807
0,0,0,0,1,2.7388225,-0.657817
1,0,0,0,0,1.425767,0.5285584
0,0,0,0,1,1.0040541,-0.1826326
1,0,0,0,0,0.61425304,0.53024775
0,0,0,1,0,-4.884963,-0.399081
1,0,1,0,0,0.40404272,0.12819645
0,0,0,0,1,-2.806136,0.16494709
0,0,0,0,1,-1.2356639,0.09365567
0,0,0,0,1,0.05883789,-0.64633614
1,1,0,0,0,5.9062443,-0.02734983
0,0,0,0,1,0.3404727,-0.5414571
1,1,0,0,0,8.448582,-0.24999389
1,1,0,0,0,8.409721,0.038743276
0,0,0,0,1,-1.1117139,0.07555522
0,0,0,0,1,-1.4385686,0.21157542
0,0,0,0,1,-2.6854918,0.018504463
0,0,1,0,1,-0.48937035,0.01846102
0,0,0,0,0,-0.29431438,-0.037066996
0,0,0,0,1,0.16769838,-0.32804495
0,0,1,1,0,-0.42775774,0.058773324
1,1,0,0,0,4.902359,0.4685793
0,0,1,0,0,-0.19520044,0.16776417
0,0,1,0,0,-0.5698359,0.025149213
0,0,0,0,1,-0.53579783,-0.33359453
1,1,0,0,0,7.571439,-0.018422646
1,0,0,1,0,-4.41423,-0.9557915
1,0,1,0,0,-0.07288551,0.15832959
0,0,0,0,1,-0.04351473,-0.36328152
1,1,0,0,0,5.4638596,0.14721464
1,0,1,0,0,0.14027166,0.13781635
1,1,0,0,0,5.5184736,0.08948175
1,1,0,0,0,6.6077137,0.013438609
1,1,0,0,0,8.640995,-0.14208129
1,1,0,0,1,10.122135,-0.21703324
1,1,0,0,0,9.3424225,0.29583317
0,0,0,0,1,1.0894,-0.19984463
0,0,0,0,1,-2.0052295,-0.731106
0,0,0,1,1,-1.366257,0.447365
1,1,0,1,1,10.316843,-0.6641403
1,1,0,0,0,7.3760967,-0.030380426
1,1,0,0,0,9.032211,0.10864844
1,0,1,0,0,0.22659779,0.22268523
0,0,0,0,0,-0.82287645,-0.17186631
0,1,0,0,0,2.0113173,0.11862607
0,1,0,0,0,4.097683,-0.40501648
1,1,1,0,0,-0.30968523,0.24100643
0,0,0,1,0,-3.9863381,0.0010836046
0,0,0,0,1,1.2683165,0.27462792
0,0,0,0,1,-0.62938523,0.39596936
1,1,0,0,0,7.8455954,0.07875368
1,0,0,1,0,-4.41423,-1.6624002
1,0,1,0,0,-0.044898987,-0.005808387
1,0,1,0,0,0.022357464,0.023878269
1,0,0,0,0,0.26667452,-0.03214684
1,1,1,0,0,6.1772566,-0.10975028
1,1,0,0,0,7.8288565,-0.20620082
1,1,0,0,0,6.7666492,0.011624176
0,0,0,1,1,-1.5041564,0.3151236
1,0,0,0,1,-1.5504692,0.5573015
0,0,0,0,1,-0.9108503,0.46110973
1,0,1,0,0,0.1784687,0.23267576
0,0,0,0,1,-0.5964885,-0.20349889
0,0,0,0,1,1.0383127,-0.10150015
1,0,0,0,0,-0.40202522,0.63468117
1,0,0,0,0,-2.3464684,0.7745168
0,0,1,0,1,-2.4576044,-0.040042832
0,0,1,0,0,-0.51567245,0.22875696
1,0,0,0,0,3.3823755,0.43759537
1,1,0,0,0,10.223631,0.15199013
1,0,0,0,0,0.18109894,-0.09375418
0,1,0,0,0,6.18013,-0.08500331
0,0,0,0,1,0.15280056,-0.9425087
0,0,0,0,1,0.035146475,-0.20796138
0,0,1,0,1,-1.0159721,0.06795676
0,0,0,0,1,2.8686874,-0.57889736
0,0,0,0,1,1.3287754,-0.72369945
0,0,0,0,1,0.74416256,-0.75358224
1,1,0,0,0,3.2647524,0.21293971
1,0,1,0,0,0.05218792,0.057898063
0,0,0,1,0,-4.259369,-0.31172416
0,0,0,1,0,-3.162146,0.22487889
0,0,0,0,0,-0.33749104,-0.021093892
0,0,0,0,0,-3.7251744,0.22205995
0,0,1,0,1,0.37790298,-0.8146894
0,0,0,0,1,-1.8574271,-0.99750334
0,0,0,0,1,-0.18351316,-0.259168
1,0,1,0,0,0.09250069,0.15586898
0,0,0,0,1,-0.89002156,-0.03894379
1,1,0,0,0,4.5147705,0.021359582
0,0,0,0,0,-3.7453957,-0.8226257
1,1,0,0,0,8.343873,0.19937466
1,0,0,0,0,1.2343283,0.35137686
0,0,0,1,0,-4.056047,-0.10233597
0,0,0,0,0,-2.6199481,0.12346353
0,0,1,0,0,-0.4005084,0.2477712
1,1,0,0,0,6.89705,0.09919056
0,0,0,0,0,-3.7275991,0.34301257
0,1,0,0,0,3.5972395,-0.4638426
0,0,0,1,1,-0.46347833,-0.09715318
1,0,0,0,0,-1.5562534,0.50717777
0,0,0,0,1,-1.2086172,-0.8975924
0,0,0,0,1,-1.640688,0.0795238
1,1,0,0,1,9.19105,-0.8660602
1,0,0,1,0,-6.034466,-0.9028722
1,1,0,0,0,4.2851133,0.47441226
1,1,0,0,0,9.796238,0.25762722
0,0,0,0,0,-0.6911576,-1.4496466
1,0,0,1,0,-6.8990936,-1.063976
1,0,0,1,0,-7.2323265,-0.9277754
1,0,1,0,0,0.08814573,0.12567824
0,0,0,0,1,0.018253326,-0.9195512
0,0,0,0,1,-3.1067033,0.15696943
1,1,0,0,0,9.332497,0.14566928
1,1,0,0,1,9.577944,-0.85210866
1,0,1,1,0,0.26164675,0.10922047
0,1,0,0,0,3.8646421,-0.17509532
1,1,0,0,0,8.133745,0.30638638
0,0,1,1,0,-0.6077783,0.064668134
1,1,0,0,0,4.373724,0.061659247
1,1,0,0,0,5.025666,0.31564066
1,1,0,0,0,5.505024,0.12504356
1,1,0,0,0,4.636812,0.0049983445
0,0,1,0,0,-0.45345783,0.11345218
0,0,0,0,1,0.122574806,0.113132775
0,0,0,0,1,2.2067516,0.0036623261
0,0,0,0,0,-0.15619326,-0.29195175
0,0,0,0,1,-1.3127615,0.37430346
0,1,0,0,0,7.206073,-0.074925706
0,0,0,0,1,-2.6195393,-0.19111168
1,1,0,0,1,9.874361,-0.24956378
0,0,0,0,1,1.7649369,-1.2257438
1,1,0,0,0,8.093586,0.20175312
0,0,0,0,1,1.0020761,-1.6251552
0,0,0,1,0,-0.11934662,-0.11283278
0,0,0,0,0,0.2722144,-0.21707693
0,0,1,0,0,-0.74011564,0.110510275
0,0,0,0,0,-0.10557985,-0.06583848
0,1,0,0,0,3.4011688,-0.45571864
0,1,0,0,0,4.988531,-0.36815083
1,1,0,0,0,3.9360323,0.0
1,0,0,0,0,-0.13519001,-0.026429111
1,1,0,0,0,8.143633,-0.13635811
1,1,0,0,0,7.2191315,-0.08684436
1,1,0,0,0,7.041296,0.07101969
0,0,0,0,0,-2.0745816,-0.3278667
0,1,0,0,0,4.605423,-0.66936773
1,0,0,1,0,-7.2323265,-0.9430688
0,0,1,0,0,-0.32966137,0.05387887
1,0,0,1,1,1.1141872,0.41863194
0,1,0,0,0,5.7870483,0.50324565
0,0,0,0,1,-1.3084648,0.11680001
1,0,1,0,0,0.20185804,0.13374668
1,0,0,1,0,-0.032822132,-0.081110455
0,1,0,1,0,4.3046837,-0.11198533
1,1,1,0,0,5.724744,0.10880891
1,1,0,0,0,4.6408186,0.4676834
0,0,0,0,1,0.36926222,-0.42897737
0,1,1,0,0,3.2550545,-0.05879192
0,1,0,0,0,5.152548,-0.008172131
1,1,0,0,0,4.1332207,0.15087634
0,0,0,0,1,0.73465204,-1.6806356
0,1,0,1,0,2.1753082,0.10880602
0,0,0,0,1,-3.1200242,0.012343866
0,0,0,0,1,-1.6314104,0.41268617
0,0,0,1,0,-0.2846179,-0.41538453
0,0,0,0,1,-2.5871115,0.26683673
0,0,0,0,0,-0.3120656,-0.045401506
0,0,0,0,1,-0.57004666,-0.7298613
1,0,1,0,0,0.19066095,0.15786137
1,0,1,0,0,-0.094623566,0.103055604
0,0,0,1,0,-3.4501376,-0.7350716
0,0,0,1,1,-0.19285345,-0.5399801
0,1,0,0,1,2.1903133,-0.05438158
1,1,0,0,0,3.58619,0.5220528
1,0,1,1,0,0.008665085,0.107559696
0,0,0,1,0,-4.6146383,-0.14054519
0,0,0,0,1,-2.638371,-0.10745985
1,1,0,0,0,5.570794,0.15345846
0,0,0,0,1,-1.3225679,-0.18055262
1,0,1,0,0,0.10462952,0.15786137
1,0,0,1,0,-7.2323265,-0.91896105
1,1,0,0,0,4.3877783,0.251528
1,0,1,0,0,0.032105446,0.10915901
0,0,0,0,1,-0.6562445,0.32654634
0,0,0,0,1,1.2000017,-0.49705568
0,1,0,0,0,4.973669,-0.2548567
0,1,0,0,0,6.5003624,-0.16400774
0,1,0,0,0,5.7668896,-1.0093485
1,0,0,1,0,0.06348944,-0.047124654
1,0,1,0,0,0.35147476,0.10033097
0,0,0,0,0,-0.2568841,-0.10214647
0,0,0,1,0,-5.2840843,-0.49022788
1,1,0,0,0,7.257017,0.25618398
0,1,0,0,0,4.698354,-0.4361893
1,0,0,0,0,-0.07708979,-0.04446937
0,0,0,1,0,-4.625326,-0.17827813
0,0,0,1,0,-2.8080447,0.041785493
0,0,1,1,0,-0.5007477,0.0042081624
0,0,0,0,1,0.071121216,-0.8265257
0,0,0,0,1,1.070029,-0.078596145
0,0,0,0,1,0.27327013,-1.9521323
0,0,0,1,1,-2.9398932,0.3081029
0,0,0,0,0,-0.47262526,-0.11583013
0,0,0,0,0,-0.74431586,-0.16869648
0,0,0,1,0,-3.760869,-0.68415153
0,0,1,0,0,-0.28777122,0.017027546
0,0,0,0,1,0.26860857,-0.3759801
0,0,0,0,0,-0.31524086,-0.035195515
1,0,0,0,0,0.003124714,-0.20060487
1,0,1,0,0,0.071006775,0.029950824
0,0,0,0,1,-1.8065624,-1.0933741
1,0,1,0,0,0.13273287,0.11522539
0,0,0,0,1,0.8712213,-0.07840262
0,0,0,0,1,0.0,-0.14923544
0,1,0,0,0,8.4586735,-0.91406417
1,1,0,0,0,7.177228,0.23157169
0,0,1,1,0,-0.32412815,0.07832589
0,1,0,0,0,3.930331,-0.31381148
1,1,0,0,0,2.5558453,0.38470662
0,0,0,0,1,0.8012667,-0.045269895
0,0,0,0,1,2.3808687,0.30449286
0,0,0,1,1,-1.1383901,-0.7166379
0,0,0,0,1,1.3490994,-0.2932122
0,0,1,0,1,0.008479595,-0.100122355
0,0,0,0,1,0.547925,-0.9652855
1,0,0,1,1,0.2545457,-0.29066744
0,0,0,0,0,-0.14702511,-0.122394115
0,0,0,0,1,-0.008479595,0.103108004
0,0,0,0,1,1.2518158,0.33947423
1,1,0,0,0,4.9176044,-0.045095485
0,0,1,0,0,0.042978287,0.2459503
1,0,0,0,0,0.06941748,-0.11221904
0,0,0,1,0,-3.471787,-0.6746226
0,0,0,0,1,-0.94298244,-0.22820905
0,0,1,0,1,-1.9074469,0.0154142445
0,0,0,0,0,-3.965281,0.25243503
0,0,0,0,1,-1.6367688,0.08382554
0,0,1,0,0,-0.5474682,0.035656027
0,1,0,0,0,6.649909,-0.2865184
1,1,0,0,0,5.1785355,0.5474927
1,0,1,0,0,0.37189007,0.057509813
1,0,1,0,0,0.2946577,0.080225706
0,0,0,1,0,-4.6627235,0.08305873
0,0,0,1,0,-4.844624,0.20210244
1,1,0,0,0,5.3313284,0.25762722
1,1,0,0,0,8.879297,0.056158252
1,1,0,0,1,10.243631,-0.7966295
1,0,1,0,0,0.109752655,0.12543638
0,0,0,1,0,-5.118432,-0.46921983
0,0,0,1,0,-3.7095706,0.23864286
0,0,0,1,1,-2.1646094,-0.62617296
0,0,0,0,1,-2.7304268,0.19896485
0,0,1,0,0,0.14143085,0.25134978
0,0,0,0,1,-2.1055613,0.039471332
0,0,0,0,1,-0.40008044,-0.094003566
0,0,0,0,1,-1.0987635,-0.030698586
1,1,0,0,1,8.940584,-0.10733459
0,0,0,0,1,0.3239522,-1.0693146
0,0,0,0,0,-0.41017914,-0.41933876
0,0,0,1,0,-2.4008293,-0.4604171
0,0,0,0,0,-0.18512774,-0.06847778
0,1,0,0,0,3.332099,-0.51558757
0,1,0,0,0,4.948533,-0.23497497
1,0,1,0,0,0.2257719,0.2651694
0,0,0,0,1,-1.5529969,0.51277524
1,1,0,0,0,5.5412045,-0.12717344
0,0,1,0,1,-1.2444882,-0.035013773
0,0,0,0,1,-1.5743682,0.32835165
1,1,0,0,1,10.2436905,-0.6303083
0,0,1,0,0,-0.35182428,0.17630629
0,0,1,1,0,-3.4163492,-0.11365291
1,1,0,0,0,7.5594835,-0.8825423
1,0,1,0,0,0.07499933,0.0014738657
1,1,0,0,0,7.0988054,0.16886759
1,1,0,0,0,8.665753,0.48514286
1,1,0,0,0,8.472561,-0.11285146
1,1,0,0,0,7.4513607,0.031242264
0,0,0,0,1,-0.44541335,0.30857477
0,1,0,0,0,7.3004827,0.40316793
0,0,1,1,0,-0.55967903,0.02407905
0,0,0,1,0,-5.351171,-0.6215066
0,0,0,0,1,-3.1380863,0.20902476
0,0,0,1,0,-3.6592472,-0.89452237
0,0,0,0,0,0.370996,-0.14037459
0,1,0,0,0,3.2777958,-0.22727753
0,1,0,0,0,5.0012026,-0.28010586
1,1,0,0,0,4.204132,0.039143622
1,0,0,0,1,-0.5613618,0.46115044
1,1,0,0,0,6.809472,0.3493805
0,0,0,0,1,-0.14240742,-0.6124155
1,0,1,0,0,0.45992994,0.09784758
0,0,0,1,0,-3.8445592,-1.00432
0,0,1,0,0,-0.46301198,0.12966038
0,1,0,0,0,2.4908228,-0.4231239
0,1,0,0,0,3.8090103,-0.20159402
1,1,0,0,0,2.5592794,0.5016303
1,0,1,0,0,0.16805458,0.16596566
0,0,0,0,0,0.30918884,-0.14869179
1,1,0,0,0,6.8388414,-0.14246568
1,1,0,0,0,8.346775,-0.59142363
0,0,0,0,1,-0.6592243,0.37060523
0,0,0,0,1,2.6369922,-0.8958361
0,0,0,0,0,-3.6385765,0.14334035
0,0,0,0,1,-2.8411198,-0.456771
0,1,0,0,0,6.330181,-0.730604
0,0,0,0,1,-1.5730636,-0.20598097
0,0,0,0,1,-2.402265,0.1583177
0,0,0,0,1,-1.7769604,-0.89882267
0,0,1,0,0,-0.64844155,0.005572512
0,0,1,1,0,-0.6548302,0.21281555
0,0,0,1,0,-3.2224717,0.24685025
1,0,1,0,0,0.26270342,0.23321883
1,1,0,0,0,4.6296396,0.2771245
1,0,0,0,0,1.3436193,0.29428744
1,0,1,0,0,0.09070587,0.09404849
1,1,0,0,0,8.89863,0.09686366
1,1,0,0,0,8.292944,-0.0705809
0,1,0,0,0,5.375181,-0.519784
1,1,0,0,0,6.6179676,0.32538408
0,0,0,0,1,1.8458021,-0.022341305
0,0,0,0,1,0.6189747,0.26747766
0,0,0,0,1,-2.7992125,0.06681833
0,0,0,0,1,1.4711046,-0.2106762
1,1,0,0,1,9.173609,-0.7530005
1,0,1,1,0,0.011970997,0.021130186
0,0,0,0,1,-1.2527478,-0.24201486
1,0,0,0,0,1.9327888,0.19773442
0,0,0,1,1,-0.95768046,0.338988
1,1,0,0,0,8.704396,-0.09570977
1,1,0,0,1,10.24511,-0.36634272
0,1,0,0,0,6.0118656,-0.05223862
1,1,0,0,0,4.6892014,0.67196226
1,0,0,1,0,-6.8990936,-1.0283175
0,0,0,0,1,-1.7178159,0.16999339
0,1,0,0,0,3.8719645,-1.0737038
0,0,0,0,1,-0.80233455,0.11568509
0,0,1,0,0,-0.23338413,-0.0014738657
0,0,0,1,0,-4.15816,-0.82439226
1,0,0,0,0,0.05213213,-0.22795264
0,0,0,1,0,-5.093628,-0.942213
0,0,0,0,1,-2.5648823,0.42333734
1,0,1,1,0,0.2731657,0.07107349
0,0,0,0,1,-0.0695169,0.01623888
1,0,1,0,0,-0.0058369637,0.2011671
0,0,1,0,0,-0.5907178,0.05491763
0,0,0,0,1,0.19803953,-0.3026569
1,1,0,0,0,6.0136776,-0.2096477
1,1,0,0,0,8.140386,0.120771736
0,0,1,0,0,-0.40655184,0.2225755
0,0,0,0,1,0.5021968,-0.6376457
0,0,0,1,1,0.06544876,-0.56114113
1,0,0,0,0,0.02440548,-0.08834795
0,0,0,0,1,-0.8037846,0.14257139
0,0,0,1,0,-5.095743,-0.33568844
0,0,0,1,0,-3.6753154,0.5240676
0,0,0,0,0,-0.29456282,-0.034698587
0,0,0,0,1,-0.6467812,0.22487889
0,0,1,0,1,-0.12926364,0.12866817
1,0,0,0,1,-0.18763351,-0.085506395
1,0,0,1,1,0.3297186,-0.6081247
1,1,0,0,0,3.79597,0.19609149
0,0,0,0,1,-0.106517315,-0.5482192
0,0,0,0,1,1.53703,0.07502908
1,1,0,0,0,7.276187,0.14867063
0,0,0,0,1,0.15628624,-0.76574445
0,1,0,0,0,4.606227,-0.24033585
0,0,0,1,0,-5.233011,-0.16050516
1,0,1,0,0,-0.20539904,0.08218506
0,1,0,0,0,5.9658175,-0.2821123
0,1,0,0,0,7.6515875,-0.29850322
0,1,0,0,0,6.5053864,0.19072112
0,0,0,1,1,0.18998218,0.16739264
0,0,0,0,1,-1.296179,0.31342503
0,0,0,0,1,-0.83778214,0.39837465
0,1,0,0,0,2.9330301,-0.18788782
0,1,0,0,0,4.713128,-0.028581003
1,1,0,0,0,3.4662914,0.2452459
0,0,0,0,0,-0.64179635,-0.049066752
0,0,0,0,1,0.862669,-0.8461435
0,0,0,0,0,-0.27001476,-0.3150736
0,0,0,0,1,-2.4145637,0.28002653
1,0,1,0,0,0.4767294,0.052774005
0,0,0,0,0,-0.25201607,-0.21980613
0,0,0,0,1,-0.61111283,-0.10328392
1,1,0,0,1,9.161871,-0.34177032
0,0,0,0,1,-0.10524154,0.59973305
1,0,1,0,0,-0.07874441,0.010875761
1,0,1,0,0,-0.09579277,0.10971202
0,0,0,1,0,-4.7046413,0.29067892
0,0,0,0,1,-1.2729776,0.27747867
0,0,0,0,1,-2.462428,0.20033023
0,0,0,1,1,-0.20610046,-0.704695
0,0,0,0,1,-2.410296,-0.04422387
0,0,1,0,0,-0.42452168,0.18983506
0,0,0,1,0,-4.3434377,-0.7110605
0,0,0,0,1,-2.2824278,-0.9564282
0,0,0,0,1,-0.068557024,-0.2221586
0,0,0,0,1,-1.1861863,0.3203803
0,0,0,0,1,0.9976573,-1.0956336
0,0,0,0,0,-3.495517,0.075667255
0,0,0,0,1,-2.0145812,-0.27556273
0,0,0,0,0,-3.843488,0.20210244
0,0,0,0,1,1.3745735,0.39536712
0,1,0,0,0,6.52559,0.005265319
1,1,0,0,0,5.441079,0.08620375
1,0,1,0,0,0.11631584,0.089357615
0,0,0,0,0,-3.6080081,-0.20472562
0,0,0,0,1,-2.001683,-0.022890303
0,0,0,0,1,-2.912493,0.083288066
0,1,0,0,0,6.5642853,-0.10249074
0,0,0,0,1,2.1021004,-0.13920255
1,0,0,1,0,-3.995475,-0.034304272
0,0,0,0,0,-0.31832504,-0.06349827
0,0,0,0,1,3.3030508,0.03783122
0,0,0,0,1,-0.7642176,-0.26950878
0,0,0,0,1,0.48169327,-0.4336202
0,0,1,0,0,-0.71522117,0.116446465
0,0,0,1,0,-3.7296512,-0.81142086
0,0,0,1,0,-5.0242043,-0.56935066
1,1,0,0,0,5.398032,0.11551196
0,1,0,1,0,7.2655153,0.4141061
0,0,0,0,1,-1.6525989,-0.61377734
0,0,1,0,1,0.6990669,0.11520689
0,0,0,1,0,-3.0891142,-0.43441436
0,0,0,1,0,-4.3018265,0.084209725
1,0,1,0,0,0.14862871,0.07375155
0,0,0,0,0,-2.4773989,-0.018689001
0,0,0,1,0,-5.2867746,-0.6643091
0,0,0,1,0,-3.9189131,0.013595008
1,1,0,0,0,2.7466478,0.3858531
0,0,0,0,1,-1.3204656,-0.44110078
0,0,0,1,1,0.32405496,-0.29057714
1,0,0,0,0,-1.0240936,0.70444113
0,0,0,0,0,-0.11693239,-0.12931348
0,0,0,0,1,0.5582986,0.66884893
1,1,0,0,0,5.429553,0.20291932
0,0,0,0,1,-1.2441647,0.29627872
0,0,0,0,0,-0.7721658,-0.049570873
0,0,0,0,1,-2.2778082,-0.2369496
0,0,0,0,1,-0.5801847,-0.22865868
0,0,0,0,1,-1.5560212,-0.19263007
0,1,0,0,0,6.053852,-0.17390437
0,0,0,0,1,2.2545135,0.056603104
0,0,0,0,0,1.0189285,0.33756924
0,0,0,0,1,0.4286356,0.16858593
0,0,0,0,1,-1.3592389,0.21554846
1,0,1,0,0,-0.13738155,0.046838883
1,1,0,0,0,5.2611456,0.1684514
0,0,0,0,1,0.68983436,0.27095068
0,0,0,0,1,-2.7433424,0.039791793
0,0,0,1,0,-4.1129494,-0.79374945
0,0,0,0,0,-0.7471609,-0.16861533
0,0,0,0,1,0.4582343,-0.8690921
0,0,0,0,1,-1.0900695,-0.001699617
1,0,1,0,0,0.0992136,0.046053592
1,1,0,0,0,3.6728249,0.011025691
1,1,0,1,0,5.175642,0.45113233
1,1,0,0,1,9.070841,-0.8889114
0,0,0,0,1,0.6295686,0.18714504
1,1,0,0,0,3.745123,0.16421017
1,1,0,1,0,5.5322447,0.35817808
0,0,0,1,1,-1.0651081,0.44770807
0,0,0,0,1,-2.4630795,-0.11161248
0,0,0,0,1,-0.84648967,0.07436497
1,1,0,0,0,6.880929,0.1038596
0,0,0,0,1,-1.0509937,0.215981
0,0,0,0,0,0.035048008,-0.15004492
1,0,1,0,0,0.2515216,0.2225755
0,0,0,1,0,-4.1709647,-0.35428667
0,0,0,1,0,-4.6283917,0.27205735
0,0,0,0,1,-1.9976387,-0.45564258
0,0,0,0,0,0.093711376,-0.1797941
0,0,0,0,1,-1.0675762,0.41457897
0,0,1,0,0,-0.6151326,-0.01154778
0,0,0,0,1,-0.5381212,-0.07951435
0,0,0,0,1,1.2494867,0.06434986
1,0,1,0,0,0.29338312,0.14495796
0,0,1,0,0,-0.37231922,0.073942564
1,1,0,0,0,8.450216,-0.53711325
1,0,0,0,0,-0.6194258,0.5580552
0,0,0,0,1,-2.8242016,-0.408219
1,1,0,0,1,9.085964,-0.054205567
1,1,0,0,1,10.427727,0.030569779
0,0,1,0,0,-0.37919044,0.10113675
0,0,0,0,1,-2.813548,-0.065753
0,0,0,0,1,-2.5769467,0.41533598
0,1,0,1,0,2.8919687,-0.31423184
0,1,1,0,0,4.3729486,0.001699617
1,1,0,0,0,3.4208107,0.21121365
0,0,0,0,1,-2.1883745,-0.0010836046
0,0,0,0,1,-0.23410869,-0.5351814
1,1,0,0,0,6.846613,0.09393635
0,0,0,0,1,-0.19055033,-0.4701328
1,0,1,0,0,0.366127,0.035589874
0,0,1,0,0,-0.6598389,0.23717429
1,0,1,0,0,0.06934595,0.043168914
0,0,0,0,1,-1.7215495,0.1311484
1,0,1,0,0,-0.11315346,0.121498056
0,0,0,0,0,-0.5836978,-0.13533877
1,0,0,0,0,-1.5068069,0.6152561
0,0,0,1,0,-2.0279527,-0.48305047
1,1,0,0,0,8.249084,-0.11025341
1,0,1,0,0,0.09626436,0.2222462
0,0,0,1,0,-2.5051007,-1.0935853
0,0,1,0,0,-0.2709055,-0.009815577
1,1,0,0,0,3.920414,0.056473408
1,1,0,0,0,5.4427967,0.26753375
0,0,0,0,1,-1.6789818,-0.31560233
0,0,0,0,1,-1.8012233,-0.8697062
0,0,1,0,0,-0.6881666,0.022002347
0,0,0,0,1,-0.11342192,-0.33356193
0,0,0,1,0,-4.9155407,-0.8503304
0,0,0,1,0,-3.539344,-0.36815083
1,0,1,0,0,0.31813574,0.15269643
1,0,0,1,1,1.6513948,0.40148458
0,0,0,0,1,-0.61611056,0.25249794
0,0,0,0,1,-1.1998549,-0.28410366
0,0,0,0,1,0.44886756,-0.49154028
0,0,0,1,0,-2.318708,-0.75898564
0,0,0,0,1,-0.96657205,0.3524093
1,1,0,0,0,5.090227,0.17853627
1,0,1,0,0,0.22348928,0.2600028
0,0,0,0,1,-0.6537669,-0.44217923
0,0,0,0,1,1.5362678,-1.0452532
1,0,1,0,0,0.20569563,0.25241554
0,0,0,1,0,-4.6081758,0.79580396
0,1,0,1,0,3.765624,-0.35333386
1,1,0,0,1,9.103024,0.14362921
0,0,1,0,0,-0.20161438,0.14620252
0,0,0,1,0,-5.2774878,-0.9770294
0,0,1,1,0,-3.7878072,-0.3469197
0,0,1,0,0,-0.23700666,0.09354918
0,0,1,0,0,-0.55915666,0.15310825
0,0,0,0,0,-3.923982,0.45651445
0,0,1,1,1,-1.2660265,0.034152064
0,0,0,0,1,0.72739244,-0.049039222
0,0,0,0,1,1.3079624,-1.008521
0,1,0,0,0,3.1682796,-0.33126724
1,0,1,0,0,0.052849293,0.07731117
1,0,1,0,0,0.18564606,0.08104784
1,0,0,1,0,-6.8990936,-0.9645382
0,0,0,0,1,-0.65667987,0.40567526
1,1,0,0,0,7.5794086,-0.39806646
0,0,0,0,1,-1.127873,-0.16718233
0,0,0,0,1,0.65141654,-0.26740277
1,0,0,0,0,-0.66652584,0.50041586
0,0,0,0,0,-0.44829845,-0.1417165
0,0,0,1,0,-4.1438503,-0.7309755
0,0,0,0,1,-0.95557475,-0.7020411
0,0,0,0,1,0.18679094,-0.7911265
0,0,0,0,1,1.2865143,0.049688533
0,0,0,1,0,-4.1185017,-0.5703164
1,0,0,0,0,3.2527273,0.52512634
1,1,0,0,0,8.025136,-0.08930946
0,0,0,1,1,0.67065215,0.41161987
0,0,0,0,1,-2.5465226,-0.9868203
0,0,0,0,1,-2.2854772,0.14981939
0,1,0,0,0,6.390231,0.41092438
0,0,0,0,1,-1.597928,-0.036571812
0,0,1,0,0,-0.6290989,0.07902291
0,0,0,0,0,-3.784091,0.13696444
0,0,0,0,1,-2.5257454,-0.8406235
1,1,0,0,0,7.125228,-0.70880276
0,0,0,0,1,-1.8944883,-0.946731
1,1,0,0,0,4.462208,0.71589285
1,1,0,0,0,5.1441813,-0.026778053
0,1,0,0,0,7.0760937,-0.06380383
0,0,0,0,1,-2.2879343,-0.06981426
0,0,0,0,1,-0.72916913,0.023779469
1,0,1,0,0,0.1665287,0.123135865
0,0,0,0,1,-1.3681283,-0.18858802
1,0,1,0,0,0.3403988,0.11063303
0,0,0,0,1,1.2289624,-0.42519468
0,0,0,0,1,-3.1433115,-0.042656884
0,0,0,0,1,0.2594545,0.33490062
0,0,0,1,1,-1.4488852,-0.92473346
0,0,0,0,1,-2.2687168,0.38528624
1,0,1,0,0,-0.031517982,0.16276677
1,0,1,0,0,-0.003124714,0.12113374
0,0,0,1,0,-3.936599,-0.609689
0,0,0,1,0,-4.2345243,-0.593041
1,1,0,0,0,8.593035,0.3061409
0,0,0,1,0,-3.8003223,-0.22551544
0,0,0,0,1,-1.0623014,0.39150426
0,0,0,0,1,-0.8048594,0.38129264
0,0,0,0,1,-1.5096464,0.03978588
0,0,0,0,1,-2.515359,0.070864394
1,0,0,0,0,0.47644186,-0.2547419
0,1,0,0,0,4.479968,-0.16757649
0,1,0,0,0,6.2933483,-0.08266868
1,0,1,0,0,0.41954756,0.0035252888
0,0,0,0,0,0.0700531,-0.16910231
0,0,1,0,1,-0.46608424,0.08608804
1,1,0,0,0,8.376319,-0.08967409
1,1,0,0,1,10.020596,-0.96476644
0,0,0,1,1,-2.832449,0.1014525
0,0,0,0,0,-3.4461112,0.71360886
0,1,0,0,0,5.26192,0.027789585
1,1,0,0,0,4.2675323,0.18156965
0,0,0,1,0,-4.1883235,-0.8728765
1,0,1,0,0,0.4043584,0.053294092
0,0,0,0,1,-2.4137926,0.1775219
0,0,0,0,1,-1.3841851,0.24440412
0,0,0,0,1,-2.6665735,0.39555314
0,0,0,0,0,-3.3013117,0.4297577
0,0,0,1,1,-0.45539427,-0.3108138
0,0,0,0,1,1.1886337,-0.18919583
0,0,0,0,1,0.046380043,0.17850044
1,1,0,0,0,5.34336,0.14024165
0,0,0,1,0,-4.8414106,-0.8023395
0,1,0,0,0,4.596349,-0.8844607
0,0,1,0,0,-0.3156557,0.104909055
0,0,0,0,1,-0.90677357,0.268495
0,0,0,1,0,-4.9055767,-0.6159355
0,0,0,0,1,1.8832941,0.014153523
0,0,0,0,1,-0.035146475,-0.0188713
0,0,0,0,1,-0.7533703,-0.22808307
0,0,0,1,0,-3.564238,-0.057530638
0,0,0,1,0,-3.9840937,-0.6377534
0,0,0,1,1,-1.5285892,0.37215894
1,0,0,1,0,0.4989457,-0.09737463
0,0,0,0,1,-1.310952,0.25235894
0,0,0,0,0,-0.20855951,-0.27034006
0,0,0,1,0,-2.2974432,-1.3122882
0,0,1,0,0,-0.2837782,0.076358944
0,0,0,0,1,1.7650156,-1.561749
0,0,0,0,1,-0.6895516,0.29867044
1,1,0,0,1,9.566723,-0.8176758
1,1,0,0,0,7.18095,-0.8142764
0,0,0,0,1,-1.1131155,0.0049093203
1,0,1,0,0,0.031587124,0.032608457
1,1,0,0,0,7.297991,-0.81280684
0,0,0,0,1,-1.40957,0.38738352
1,1,0,0,1,9.998596,-0.5161159
1,1,0,0,0,8.963919,0.77312565
0,0,0,0,1,0.009711742,-0.09736221
1,1,0,0,0,9.717759,0.1140902
1,1,0,0,0,8.679977,0.25745702
0,0,0,0,1,-1.0150487,-0.49534982
1,1,0,0,0,7.3176737,0.3275139
0,0,0,1,0,-2.975659,0.21063302
0,0,0,0,0,-0.70560384,-0.12472114
0,0,0,0,1,-1.1061628,-0.29411235
0,1,0,0,0,8.325854,0.073655315
0,0,0,0,1,-0.9585011,-0.022804955
1,0,0,0,0,-1.6539052,0.4877149
0,0,0,0,0,-2.8671756,-0.20460832
0,0,0,1,1,2.099789,-0.13094558
0,0,0,0,1,3.6571739,-0.29834694
0,0,0,0,0,2.6188943,0.6210908
0,0,0,0,1,-0.004586935,-0.14513296
1,1,0,0,0,7.773755,-0.99864835
0,0,0,1,0,-4.6798067,-0.70011085
0,0,0,1,0,-3.7272587,-0.9792829
1,0,0,0,0,-2.0212252,0.36920965
1,1,1,0,0,6.0035667,1.1107225
0,0,0,0,1,-0.3836434,-0.8658923
1,0,1,0,0,-0.0072226524,0.15807447
0,0,0,0,1,-0.50691867,-0.1922846
1,1,0,0,0,2.8947613,0.55182374
1,0,0,1,0,-6.563245,-1.00881
0,0,0,1,0,-3.7068043,-0.9053607
0,0,0,0,1,-0.74565244,0.19311738
0,0,0,0,1,3.0473096,0.06800518
0,0,0,1,1,1.6862481,0.1393391
0,0,0,0,0,-2.8399029,-0.119815156
1,0,0,0,0,1.3891304,0.37968707
0,0,0,1,0,-3.0242963,-0.21362354
0,0,0,1,0,-3.681044,0.06910815
0,0,0,0,1,-1.7078702,-0.19901535
0,0,0,0,1,0.8376117,-0.41394785
0,0,0,0,1,-2.2136462,0.05002424
0,0,0,0,1,1.4150689,-0.044157542
0,0,0,0,0,-0.5242126,-0.34544975
1,1,0,0,1,9.869567,-0.5916525
1,1,0,0,1,10.279109,-0.8980615
0,0,0,0,1,0.17801929,0.1867862
0,0,0,1,0,-2.4373686,-0.5055476
0,0,0,1,0,-3.4399753,0.003372066
0,0,0,0,1,2.791414,-0.01633029
0,0,0,0,0,1.6324413,0.56149715
0,0,0,0,0,-3.0790358,0.44132617
0,0,0,1,0,-3.2276125,0.084215604
0,1,0,0,0,4.677965,-0.12646618
1,0,1,0,0,0.09792471,0.006991851
0,1,0,0,0,3.7520301,-1.0455375
1,0,1,0,0,0.15233278,0.11298803
0,0,0,0,0,-0.10041094,-0.021482509
0,0,1,1,0,-3.437606,-0.016383981
0,0,0,0,1,-1.1224592,0.06441298
0,0,0,0,1,-0.8074682,0.36382973
0,0,0,0,1,0.35055375,0.17759994
0,0,1,0,1,-0.6035645,-0.05034951
0,0,0,1,0,-3.549317,-0.87992215
0,0,0,1,0,-4.298584,-0.5976195
0,0,0,0,0,-2.2098527,0.42249566
0,0,1,0,0,-0.50034595,0.14672732
0,0,0,1,1,-0.8582814,0.016788801
0,1,0,0,0,6.071952,-1.0105423
1,1,0,0,0,5.522894,0.040803112
1,1,0,0,0,6.9002085,0.34325287
0,0,0,0,1,-1.0741088,-0.08134857
0,0,1,0,0,-0.7180135,-0.0045060473
0,0,0,1,0,-2.4006288,-0.6580353
0,0,0,1,0,-3.4779806,0.74791056
0,0,0,0,0,3.110328,-0.1313316
1,1,0,0,0,3.7418354,0.13801703
0,0,0,1,0,-1.6908474,-0.7581581
0,0,0,0,1,0.9779177,-0.86662513
1,1,0,0,0,8.713689,0.15086955
0,0,1,0,0,-0.19272327,6.8119894e-05
0,0,0,0,1,-1.5408413,0.41765568
1,1,0,1,0,-6.563245,-0.91832286
1,1,0,0,0,4.9045954,0.19217747
1,1,0,0,1,9.3891115,-0.9332772
1,1,0,0,1,10.175088,-0.32212797
0,0,0,1,0,-2.3041306,-1.8466445
1,1,0,0,0,8.460679,-0.23755048
1,0,1,0,0,0.31988525,0.17273901
1,0,0,1,0,-2.6795254,-1.5321237
0,1,0,0,0,3.6445653,-0.7201684
0,0,0,0,1,-0.32998204,0.21054615
1,0,0,0,0,3.0648024,0.4121593
0,0,0,1,0,-2.918876,-0.49591592
0,0,1,1,0,-0.5742471,0.068511374
0,1,0,0,0,3.991769,0.04760586
0,0,0,0,1,1.3848412,-0.22073263
0,0,0,0,1,2.0953205,-0.4003287
1,1,0,0,0,5.9139166,0.11153887
0,1,1,0,0,3.24809,0.012618305
1,1,0,0,0,5.8608146,-0.46456882
0,0,0,0,1,-0.7911937,0.0013838023
0,0,0,0,1,-0.21100545,0.2401741
1,0,1,0,0,-0.16909933,0.095929265
0,0,0,1,0,-4.352682,-0.760906
0,0,0,0,1,0.9910095,0.0036572686
1,1,0,0,0,7.9822187,0.26702982
0,0,0,0,1,-0.68413615,0.18732964
1,0,1,0,0,0.28355122,0.19585356
1,1,0,0,0,3.17048,0.2916118
1,1,0,0,1,9.831508,-0.4090251
0,0,0,0,1,-1.2994874,-0.7368213
0,0,0,0,1,-2.1486669,0.01407809
0,0,1,0,0,-0.64131236,0.07029085
1,0,0,1,0,-4.3730674,-1.0887159
0,0,1,0,0,-0.24412107,0.21921213
1,1,0,1,0,-6.563245,-1.0461755
0,0,0,0,1,-0.7336323,0.2556204
0,0,0,0,0,-0.1190052,-0.18382132
0,0,0,1,0,-2.595876,-1.5547614
1,0,0,0,0,2.9806411,0.34542668
0,0,0,0,0,0.20442247,-0.16436388
0,0,0,0,1,-0.15516591,-0.19149566
1,0,1,0,0,0.19229889,0.10761955
0,0,0,0,1,-0.15205073,0.4048418
0,0,0,0,1,-1.9914973,0.15465985
0,0,0,0,1,-0.2581885,-0.04662973
0,0,0,0,1,-2.7128797,-0.8751626
0,0,0,0,1,-0.76139855,-0.20595051
0,0,0,1,1,0.08023667,0.25756362
0,0,0,0,1,-1.3714702,0.4400742
0,1,0,0,0,8.239,0.17865278
0,0,0,0,1,-0.38314557,-0.38659567
0,0,0,1,1,-1.0614755,-0.94192404
0,0,0,0,1,-0.463197,-0.12340691
1,1,0,1,0,7.066401,-0.23212449
0,1,0,0,0,8.183056,0.6617276
1,1,0,0,0,8.233739,0.11410976
1,0,1,0,0,0.050464153,0.08322356
0,0,0,0,1,-2.0776217,-0.632551
0,0,1,1,0,-3.625062,-0.06287941
0,0,0,0,0,-2.1440597,0.017510584
0,0,0,1,0,-4.030549,0.2563443
1,1,0,0,0,7.24349,-0.9429653
0,0,0,1,0,-2.279186,0.38852787
0,0,0,0,0,-2.6745543,0.3741582
1,0,0,1,0,-3.6326046,-0.24515767
0,1,0,0,0,3.929653,-0.98861915
1,1,0,0,0,8.8108635,0.7456643
0,0,0,0,1,0.20349002,0.147963
0,1,0,0,0,4.5086546,-0.6665594
1,0,0,0,0,0.103785515,-0.10877232
0,0,1,0,0,-0.2235403,0.052222703
0,0,0,1,1,-0.5904243,-0.19481638
0,1,0,0,0,4.084736,-0.0013838023
0,1,0,0,0,3.8566072,-0.34497666
1,0,0,1,0,-0.05919385,0.47946164
0,0,0,0,1,-2.0557444,-1.040409
0,0,0,1,1,0.37335205,-0.5349564
0,1,0,0,0,3.3271267,-0.09456415
0,0,0,0,1,-0.34708095,-0.031671595
0,0,1,0,0,-0.47072887,0.16283223
1,1,0,0,0,8.198255,-0.50245124
0,0,0,0,1,0.37897897,0.14839952
0,1,0,0,0,8.189024,0.12810454
0,0,1,1,0,-0.21510601,0.20892856
1,0,1,0,0,-0.087460995,0.04051677
0,0,0,0,1,-0.647166,0.02182059
0,0,1,0,1,-1.4266164,0.024747722
0,0,0,0,1,0.15233994,-1.0274963
0,0,0,1,0,-4.090088,0.09828465
0,0,0,0,1,0.2551613,-0.32676473
0,0,0,0,1,-1.4631922,-0.1842519
0,0,0,0,1,-0.44161248,-0.13165003
0,0,0,0,0,-3.2257845,0.40777752
0,0,0,0,1,-0.36081862,-0.022771575
0,0,0,0,0,-2.7310023,0.4298274
1,1,0,0,0,10.804592,0.20193626
0,0,0,0,1,-1.5335882,0.10225351
0,0,0,0,1,-1.4269845,0.074206136
0,1,0,0,0,3.5517886,-0.0037299145
0,0,0,0,1,-0.11905122,0.27762038
0,0,0,0,1,1.6092484,-0.3688476
0,0,1,0,0,-0.043910027,0.24577384
0,0,0,1,0,0.23628044,-0.12176746
0,0,0,0,1,-1.1593759,0.36563846
0,0,0,0,1,0.3931687,-0.9001349
0,0,0,0,1,0.64859414,0.04599035
0,0,1,0,0,0.026983261,0.26424888
0,0,0,0,1,-1.5459435,0.079223394
1,1,0,1,0,7.052005,-0.038481444
0,0,0,0,1,-2.6164186,0.16389912
0,0,0,0,1,0.19425678,-1.645856
0,0,0,0,1,-0.05278325,-0.006430277
1,1,0,0,0,5.34418,0.59793156
0,0,0,0,1,-1.9623177,0.07178174
0,0,0,1,0,-3.648913,0.15610912
0,0,0,0,1,-0.3735268,0.29643583
1,1,0,0,1,9.544715,-0.30068737
1,0,0,1,0,-5.4686184,-0.92077684
0,0,0,0,0,-3.2787619,0.29224393
0,0,0,1,0,-2.8877869,0.027793912
0,0,0,0,1,3.8411329,-0.27922425
0,0,0,0,1,0.824898,-0.18129548
0,0,0,0,1,0.05278325,0.045686387
0,1,0,1,0,3.1266377,-0.66427916
0,1,0,0,0,4.6278896,-0.22354968
1,1,0,0,1,9.4993105,-0.34152845
1,0,1,0,0,-0.14498758,0.031118393
0,0,1,0,0,-0.6766052,0.17308283
0,0,0,0,1,-0.38616633,0.1741492
1,1,0,0,1,10.21168,-0.45892504
0,0,0,0,1,-0.037735462,-0.96443397
1,1,0,0,0,9.0757,0.29029703
1,1,0,0,0,5.2285995,0.20844461
1,0,0,1,0,-4.416765,-0.9569271
0,1,0,0,0,6.9984627,0.36381185
1,0,0,1,0,-5.4686184,-0.9612412
0,0,0,0,1,-0.75318503,-0.25372523
0,0,0,1,1,-0.26984358,-0.6167161
1,0,1,0,0,0.2512312,0.10896437
0,0,0,0,1,0.033580065,0.08970846
0,0,0,1,0,-4.6826367,-1.0313462
0,1,0,0,0,8.353402,0.0825389
0,0,0,0,0,0.3440342,-0.21914949
0,0,0,0,1,0.9430702,-0.2814364
0,1,0,0,1,2.6589396,0.005572478
1,0,0,1,0,3.9624918,0.21803583
0,1,0,0,0,3.8576458,-0.55733746
0,1,0,0,0,7.9670296,-1.0446597
0,0,0,0,1,-1.4887307,-0.23155731
1,1,0,0,0,7.2262096,0.11193324
0,1,0,0,0,3.89668,-0.014664587
1,0,1,0,0,0.1969328,0.09704264
1,0,1,0,0,0.20630598,0.2580056
1,0,0,0,0,0.19766617,-0.09152987
0,0,0,0,1,2.4142678,0.0016929084
0,0,0,0,1,-0.63271785,0.46234405
0,0,0,0,1,-0.58126044,0.46449494
0,0,0,0,1,-0.52099824,0.34313738
0,0,0,0,0,-2.6904836,-0.005072504
0,1,0,0,0,6.0994034,-0.15853219
1,1,0,0,0,7.48145,0.06301206
0,0,1,0,0,-0.5368235,0.1999335
1,0,1,0,0,0.25104046,0.0670473
1,0,0,0,0,3.158303,0.32000008
0,0,0,0,1,0.09613657,-0.76428324
1,0,1,0,0,0.08993101,0.031118393
0,0,0,1,0,-2.9119265,0.5282468
0,0,0,0,1,2.5086982,0.16040169
0,0,0,0,1,-1.5510323,0.045181617
0,0,1,0,0,-0.731791,0.05866727
0,1,0,0,0,6.2474775,-0.23604882
1,1,0,0,0,6.8566113,0.17481507
1,0,0,0,0,0.037768364,-0.033596233
0,0,0,1,0,-3.8940935,0.22723345
1,1,0,0,0,7.708914,-0.22390422
1,1,0,0,0,8.238552,0.2818036
0,0,0,0,1,-1.018048,-0.22246599
0,0,0,0,0,0.12983274,-0.21864076
1,1,0,0,0,7.1327944,0.07554409
0,0,0,1,0,-4.486839,-0.26431158
0,1,0,0,0,5.4525213,-0.20639314
0,0,0,0,1,-1.8699744,-0.46589184
0,0,0,1,1,-0.4190414,-0.08703927
0,0,0,0,1,1.5542464,-1.082865
1,0,0,0,0,-1.9127939,0.6282827
0,1,0,0,0,6.1249886,-0.052213866
1,1,0,0,0,7.9052515,-0.08070455
0,0,0,0,1,0.83571315,-0.5864679
0,0,0,0,1,0.37619758,0.045847587
1,0,1,0,0,-0.06905031,0.06589999
1,1,1,0,1,-0.033267498,0.08378752
0,0,1,0,0,-0.0045542717,0.24278589
0,0,0,0,0,-0.38105965,-0.16854765
1,1,0,0,0,9.955887,-0.13328627
0,0,0,0,1,-0.09315729,-0.56314725
1,1,0,0,1,10.406148,-0.6431175
0,0,0,0,1,0.23108768,-0.24066676
1,1,0,0,0,9.397473,-0.79352987
0,0,1,0,1,-2.1156094,-0.08364519
0,0,0,0,1,0.053490162,-0.33711275
0,0,0,1,0,-2.866846,0.35055032
0,0,0,1,0,-4.1060333,-0.39964014
0,0,0,1,0,-3.5348167,-0.09054319
1,0,1,0,0,0.30594158,0.03184449
1,0,1,0,0,0.29938126,0.16207947
1,1,0,0,0,7.6479244,0.3065496
0,0,0,0,1,-2.4154093,0.14401603
0,0,0,0,1,-1.4375765,0.25444353
0,0,0,0,1,-1.8011811,0.08069432
1,0,1,0,0,0.20014668,0.021630844
0,1,0,0,0,5.611885,-0.33724985
0,1,0,0,0,7.410532,-0.4516935
1,1,0,0,0,6.4499083,-0.0023624748
0,1,0,0,0,5.3088627,-0.59587693
0,1,0,0,0,4.59879,0.00924112
1,1,0,0,0,9.900375,0.014305966
1,1,0,0,0,9.509078,-0.013417949
0,0,0,0,1,-0.73283076,0.37843183
0,0,0,0,1,1.1493194,0.3069109
1,0,1,0,0,0.15946579,0.06570865
0,0,0,0,1,2.4103715,0.16880049
1,0,0,1,0,-3.6555204,-0.087299064
0,0,0,1,0,-4.3119626,-0.72321934
0,0,1,0,0,-0.48881817,0.15685236
0,0,1,1,1,0.13787961,0.8962173
0,0,0,0,0,-0.14375782,-0.032258626
0,0,0,0,1,1.670224,0.07426009
1,1,0,0,1,10.576189,-0.3899562
1,1,0,0,0,10.10815,0.21820672
0,0,0,0,1,-0.24592829,-0.43994233
1,0,1,0,0,0.026392937,0.16092025
1,0,0,1,0,9.315604,0.4853139
0,0,0,0,0,0.2600298,-0.11953866
0,0,0,1,0,-3.544177,-0.86511856
0,0,0,1,0,-3.7437255,-0.7191288
0,0,0,1,0,-2.983699,0.015789466
0,0,0,0,1,-1.0429914,0.08302659
1,1,0,0,0,6.875678,-0.037232313
1,1,0,0,0,6.1574802,0.05083192
0,0,1,0,0,-0.6515753,0.25632006
0,0,0,0,1,-0.2900064,-0.3559184
0,0,0,0,1,-1.4599936,0.43342313
0,0,1,1,0,0.37697744,0.2612108
0,0,0,0,0,-1.3926847,0.5336226
0,0,0,0,0,-3.2168312,0.3305552
0,0,0,0,1,-0.8661468,0.12638436
1,1,0,1,1,10.493237,-0.43269354
0,0,1,0,0,-0.46590114,0.056158826
1,0,0,0,0,0.23395157,-0.078182496
0,0,0,1,0,-2.5410008,0.24998496
0,0,0,0,1,-0.7205217,0.22375365
1,0,1,0,0,0.23197937,0.19848228
0,0,1,0,0,-0.55024934,0.015479037
0,0,0,1,0,-2.554608,-0.0122018065
0,0,0,0,1,-0.86162686,-0.042314485
0,0,0,1,1,-1.0244095,-0.2270166
0,0,0,0,1,-1.9751623,0.18608597
1,0,1,0,0,0.14390278,0.2103095
0,0,0,0,1,1.9857423,-0.99545103
0,0,0,0,1,0.13986492,-0.48394227
0,0,0,0,1,2.1491668,0.29133934
0,0,0,1,0,-3.4742079,0.04905759
0,0,0,0,0,-2.5252285,0.061361693
0,1,0,0,0,2.8526938,0.090575665
0,0,0,0,0,-0.59213114,-0.12871622
0,0,0,0,1,-0.101065874,0.16907547
0,0,1,1,0,-0.5668428,0.16370012
0,0,0,0,0,3.288246,0.6266971
1,0,0,1,0,-6.0894766,-0.9945323
0,0,0,0,0,-0.034005165,-0.09235135
0,0,0,0,1,-0.3471024,-0.31337816
0,0,0,0,1,-0.53185296,0.24681015
0,1,0,1,0,8.353897,0.4842494
0,0,0,1,0,-3.5988545,0.1904161
1,0,0,1,0,-0.51891446,0.7005698
0,0,0,1,0,-2.947291,0.2041345
0,0,0,0,1,-0.58304286,-0.4908119
1,0,1,0,0,0.19113159,0.08666504
1,1,0,0,0,6.9083233,0.0038764798
0,0,0,1,1,-0.729007,0.1305364
1,1,0,0,1,10.307307,0.34470966
0,0,0,1,0,-4.022105,-0.5369227
0,0,1,0,0,-0.36712933,0.13928795
1,1,0,0,1,9.911225,-0.9949786
0,0,0,0,1,0.15036368,-0.08004175
1,1,0,0,0,8.842806,0.31251237
0,0,0,0,1,2.044586,0.05131296
0,0,0,1,1,0.89729786,-1.0441937
0,0,0,0,1,-0.096310854,0.23696794
1,0,1,0,0,-0.16020441,0.089970216
0,0,0,0,1,-1.6485779,-0.09679961
0,0,0,0,1,-0.8464768,0.15420169
1,1,0,0,0,4.0635815,0.5479311
1,0,0,0,0,0.29982805,-0.045216855
0,0,0,0,1,0.15998387,-0.1245817
0,1,0,0,0,4.8648996,-0.85191816
0,0,0,0,1,-0.39587808,-0.05515251
0,0,0,1,0,-2.2659664,-0.40335518
0,1,0,0,0,4.5198812,-0.3299238
0,1,0,0,0,7.1423626,0.10057652
0,0,0,1,1,0.28924036,-0.97052824
0,0,0,0,1,-0.86817765,0.03416838
1,1,0,0,0,9.695204,0.29508233
0,0,0,0,1,-1.0860884,0.0023624748
0,1,0,0,0,7.63575,0.31091118
1,1,0,0,0,5.2771034,-0.6857469
1,0,0,0,0,2.620456,0.28386718
0,0,0,0,1,-0.7308676,0.12077323
0,0,1,0,0,-0.57163644,-0.011165644
0,1,0,0,0,5.631386,-0.17513423
0,0,0,0,1,-0.19040322,-0.49631453
0,0,0,0,1,0.6186321,0.02186797
0,0,0,0,1,-1.060251,0.43226427
0,0,0,0,0,-0.61664176,-0.13322003
0,0,0,0,0,-3.0032704,-0.10147296
0,0,0,0,1,0.40587306,-0.15477017
0,0,1,0,1,0.061597347,0.2337681
0,0,0,0,1,-1.5554526,0.06995316
1,0,0,0,1,0.1876347,0.4593397
0,0,1,0,0,-0.3995185,0.089222826
0,0,0,0,1,-0.5153301,-0.10393376
0,0,0,0,0,-1.6039791,-0.13496177
0,0,0,0,0,-2.4996796,0.26096416
1,1,1,0,0,5.1796856,0.04356218
0,0,0,0,1,0.44011593,-1.4391664
1,1,0,0,1,10.808088,-0.15586059
0,0,1,0,0,-0.45147228,0.08008463
1,1,0,0,0,8.170182,-1.0580981
0,1,0,0,0,3.4987948,-0.30458245
0,1,0,0,0,5.0013,-0.37800577
0,1,0,0,0,4.5108585,-0.21846893
0,0,0,0,1,0.21401596,-1.713815
0,0,0,0,1,-1.5385578,-0.048753623
1,1,0,0,0,9.610138,0.24748494
1,1,0,0,0,7.403653,0.044031475
0,0,0,0,1,-1.2015955,0.46828952
1,0,1,1,0,-0.07860136,0.036912456
0,0,0,0,0,-2.8361614,0.273361
0,0,0,0,0,-0.043107986,-0.2033309
0,0,1,0,0,-0.59363866,-0.7516368
0,0,0,0,1,-0.6776593,0.1636117
0,0,0,0,1,-1.1943734,0.06199631
1,0,1,1,0,0.19833279,0.026485385
1,1,0,1,0,-4.8218393,-0.65413344
1,0,0,0,0,0.069829464,-0.11938513
1,1,0,0,0,3.35135,0.3593307
0,0,0,0,1,1.9819381,0.5102545
1,1,0,0,0,3.9369032,0.08187861
0,0,0,1,0,-3.374941,-0.14866237
0,1,0,0,0,3.2308733,-0.13597557
0,0,1,0,1,0.9451134,-0.05462084
0,0,0,0,1,-0.5687187,-0.8131236
0,0,0,0,1,0.54441,0.11120517
0,0,0,0,1,1.6190646,-0.19169283
0,0,0,0,1,1.0312617,-0.64697725
0,0,0,0,1,-0.10615802,-0.36197904
0,0,0,0,1,-1.0171363,-0.17995909
1,1,0,0,1,9.770204,-0.013977656
0,0,0,0,0,-1.7225075,-0.37161145
0,0,0,1,1,-1.3249543,-0.7966834
0,0,0,0,1,0.21045971,-0.6829811
0,0,1,0,0,-0.3096223,0.0067888945
0,0,0,0,1,-1.3888261,0.31893215
1,0,1,0,0,0.19764233,0.041824218
1,0,0,0,0,0.2813177,-0.032188274
0,0,0,0,1,-1.7907655,0.5327287
0,0,0,0,1,-0.49767423,0.040190093
0,1,0,0,0,6.2222223,-0.0893674
1,1,0,0,0,7.8584347,-0.08004175
0,1,0,0,0,7.31266,-0.28959358
0,0,0,0,1,0.19971156,-0.88267314
0,0,0,0,1,-0.06795478,-0.5134234
0,0,0,0,1,1.1939886,0.23709638
0,0,0,0,1,-2.4129312,-0.73303705
1,0,1,0,0,-0.19269228,0.087788776
0,0,0,0,1,-0.033580065,0.18014948
0,1,0,0,0,4.793866,-0.18588156
0,0,0,0,1,1.2330201,0.052274343
0,0,0,0,0,-0.58885956,-0.13003421
0,1,0,0,0,8.000218,-0.23625216
1,1,0,0,0,7.295903,0.080382936
0,0,0,0,1,-1.6460721,0.19849977
0,0,0,0,0,-0.23971128,-0.34988606
1,1,0,0,1,9.817464,-1.0004883
1,1,0,0,0,9.980246,-0.9041537
0,0,1,0,0,-0.41165543,0.096053034
1,1,0,0,0,5.402255,0.41800416
0,1,0,0,0,3.9254901,0.048694212
0,0,0,0,0,-0.40936375,-0.06472019
1,0,0,0,0,0.041954994,-0.07472648
1,0,0,1,0,-5.4686184,-0.89894015
1,0,0,1,0,-6.0894766,-1.0683596
1,1,0,0,0,4.8655214,0.1913952
1,0,0,0,0,0.39332724,-0.05690199
1,1,0,0,0,4.6403074,0.19711068
0,0,0,0,0,-2.1082938,0.6843919
1,1,1,0,0,6.2544985,0.015589045
0,1,0,0,0,3.629063,-0.33488074
1,0,0,0,0,3.272413,0.38810575
0,0,0,1,1,-1.5652797,0.23981395
0,0,0,0,1,-0.93339086,0.3566759
0,0,1,0,1,-1.0528481,0.08813852
0,0,0,0,1,0.16948867,-1.0713906
0,0,1,0,0,-0.09824562,0.15007466
1,1,0,1,0,9.771699,0.09918861
1,1,0,0,1,9.498043,-0.6322617
1,0,1,0,0,-0.072227,0.063601434
0,1,0,0,0,5.765731,-0.6860894
1,1,0,0,0,5.189101,-0.15364178
1,1,0,0,0,8.746221,0.2388997
1,1,0,0,1,10.817141,-0.29878584
0,0,0,0,0,-2.950902,0.12223255
1,0,1,0,0,0.13230133,0.13095656
0,0,1,0,0,-0.67032385,0.076367974
1,1,0,0,0,9.950345,0.028013544
0,0,0,0,1,-0.12439942,-0.57021207
1,1,0,0,0,10.735506,0.33734494
1,0,0,1,0,-0.7311783,-0.1368065
1,0,1,0,0,0.20997906,0.19164445
0,0,0,0,1,-1.594054,0.23395509
0,0,0,0,1,-0.6607864,-0.20553592
0,1,0,0,0,3.5166676,-0.05265603
0,0,1,0,0,-0.18967295,0.19641344
0,0,0,1,0,-4.128693,-0.19963524
0,0,0,1,0,-2.9885457,0.39227402
0,0,1,0,0,-0.4592824,0.112501174
0,0,0,0,1,-1.1931651,0.35792866
0,0,1,0,0,-0.25598097,0.022097372
0,0,0,0,1,-0.79602313,0.13325769
0,0,0,1,0,-3.3764565,0.094742015
0,0,0,0,0,0.20606422,-0.0664659
1,0,1,0,0,0.21415615,0.070100345
0,0,0,0,1,-0.51097417,-0.2422644
0,0,0,0,1,-0.6124046,-0.1775943
0,0,0,0,0,-0.08476782,-0.13563558
1,1,0,0,0,9.079363,0.0017088997
0,0,0,1,0,-0.48490953,-0.12941375
0,0,0,0,1,-1.6006649,-0.25991112
1,1,0,0,0,8.127697,0.026746318
0,0,0,0,1,-1.5241697,-0.0016929084
0,0,0,1,1,-0.15817475,0.07803169
1,1,0,0,1,9.801578,-0.4805879
0,0,0,0,0,-0.64119124,0.6764031
1,0,0,1,0,-5.4686184,-0.9293994
0,0,1,0,0,-0.5075793,0.09059261
0,0,1,0,1,-0.09946656,-0.06603102
0,0,0,0,1,-2.1366003,-0.51031643
1,0,0,0,0,-1.6391222,0.5058888
0,0,0,1,0,-2.0505738,0.14992152
0,0,0,0,1,-0.7768562,0.5303179
1,0,0,1,0,-6.0894766,-0.9917988
0,0,0,0,1,-0.19780993,0.05039845
0,0,0,0,1,0.6441741,-0.9530621
0,0,0,0,0,0.16912365,-0.21957363
0,0,0,0,1,0.97233915,-1.2899939
0,0,0,0,1,2.570195,-0.16946103
0,0,0,1,1,1.9202855,0.046520974
0,0,1,0,0,-0.48467565,0.00807359
1,1,0,0,0,8.774818,0.6215768
0,1,0,0,0,7.6321917,0.44105175
1,0,0,0,0,-0.45228076,0.7479807
1,1,0,0,0,7.877398,-0.68514115
1,1,0,0,0,5.733862,0.16015597
0,1,0,0,0,4.615574,-0.66149926
0,1,0,0,0,3.648852,0.13138033
0,0,0,0,1,-0.21277356,0.2253399
0,0,0,0,1,-1.0854409,-0.86048895
0,0,0,1,0,-3.8611321,0.39154467
0,0,0,0,1,3.0627182,0.07531757
0,0,0,0,1,0.3959217,-0.69369227
0,0,0,0,1,-1.037286,0.23465312
1,0,1,0,0,0.10982084,0.09679533
0,1,0,0,0,3.908754,-1.0777354
1,1,0,0,0,8.868214,0.11831747
0,0,0,1,1,-0.3478968,0.3164473
0,0,0,1,0,-3.008774,-0.74159455
0,0,0,1,0,-3.6663647,-0.1894994
1,0,1,0,0,0.23956347,0.18481618
0,0,0,0,1,2.0053895,-0.5232472
0,0,0,0,1,1.25123,0.10271045
1,1,0,0,0,5.727788,0.0374669
1,0,0,0,0,-0.001367569,-0.06384847
0,0,0,0,1,0.59177184,-0.280301
1,0,0,0,0,-0.47924447,0.7845252
1,1,0,0,0,8.055462,-0.76266253
0,1,0,1,0,6.8529615,-0.31449237
0,1,0,0,0,6.153842,-0.2886923
0,0,0,1,1,-1.0400221,-0.1866974
0,0,0,0,1,-0.35565877,0.14446394
0,0,0,0,1,-0.59499717,-0.81617236
0,0,0,1,1,-2.225962,0.22736832
0,0,0,0,1,-1.9900539,-0.18792237
0,0,0,0,1,-0.4205587,-0.12292348
0,0,1,0,1,-1.2282493,0.071624674
1,1,0,0,1,9.942887,-1.0542164
1,0,0,0,0,-1.5303977,0.6336872
0,0,0,0,1,-0.33881116,-1.0145755
0,0,1,0,1,0.26914167,0.21493557
0,0,0,0,1,0.034794092,0.035111926
0,0,0,0,1,-0.40441203,-0.09628661
0,0,0,0,0,0.20979929,-0.18998024
0,0,0,0,1,-0.9945605,0.20193063
0,0,0,0,1,-0.906018,0.30858636
1,0,1,0,0,0.29035187,0.11893284
0,1,0,0,0,7.117339,0.76381046
0,0,0,1,0,-3.6209288,-1.0690169
0,0,0,1,0,-3.2096007,-0.5867606
0,0,0,1,0,-4.1724014,-0.37178016
1,1,0,0,0,6.8919477,0.29583046
1,1,0,0,0,7.07973,0.47710186
0,0,0,0,1,2.683107,-0.5349564
1,0,0,0,1,0.004586935,0.47304767
0,0,0,1,0,-3.094046,-0.6890034
0,1,0,0,1,3.677799,0.075619504
0,0,0,0,1,-0.7433965,-0.81084305
0,0,0,0,1,-0.9942024,-0.46347475
0,0,1,0,0,-0.23553896,0.13280736
1,1,0,1,1,9.878177,-0.25881404
1,0,1,0,0,-0.0044264793,0.15077794
1,0,1,0,0,0.087087154,0.020096436
0,0,0,0,1,-1.2246659,-0.9063811
1,0,1,0,0,-0.24987984,0.14076842
1,1,0,0,0,8.130459,0.51831543
0,0,0,0,1,1.1168795,-0.45292953
0,0,0,0,1,0.83400655,-0.06464823
0,0,1,0,0,-0.55525947,0.003128618
0,1,0,0,0,4.007127,-0.85350174
1,1,0,0,1,10.256938,0.18734603
0,0,0,0,1,-0.3536532,-0.058725215
0,0,1,0,0,-0.63196373,0.17896672
0,0,0,0,0,-0.348845,-0.29598162
1,0,0,0,0,0.26110458,-0.025737094
0,0,0,0,1,1.7762139,-0.9768293
0,0,0,0,1,2.4603384,-0.73062515
0,0,0,0,1,1.0621142,-0.5921559
1,1,0,0,1,9.893659,-0.82139474
1,1,0,1,1,9.632346,-0.9590035
1,1,0,0,1,10.301297,-0.65052855
0,0,0,0,1,-1.025038,-0.040812172
1,0,1,0,0,0.22799921,0.22417843
1,1,0,0,1,9.919257,-1.0055655
0,0,1,0,0,-0.11386585,0.1124403
0,0,0,1,0,-4.756188,-0.32335255
0,0,1,1,0,-0.6799958,0.2081544
0,0,0,1,0,-4.295703,0.065523475
0,0,0,0,1,-0.39821982,0.2342668
0,0,0,0,1,-1.2109497,0.4044549
1,0,0,0,0,3.2731311,0.19250967
0,0,0,0,1,-0.22735476,0.36201772
1,1,0,0,0,9.05832,0.20885684
0,0,1,0,0,-0.6356633,0.000544813
0,0,0,0,0,-0.38333488,-0.075387344
0,0,0,0,1,-0.771806,0.39961532
0,1,0,0,0,5.8023148,-0.68106776
0,1,0,0,0,3.2443593,-0.03567048
0,0,0,0,1,-0.9483483,0.18894818
0,0,0,0,0,-0.115680695,-0.058634095
0,0,1,0,0,-0.7048874,0.10025212
0,1,0,0,0,4.447755,-0.70729655
1,1,0,0,0,5.3046913,0.23248498
1,1,0,0,0,6.5385513,-0.05301298
0,0,0,1,0,-3.5129344,-0.07897175
0,0,0,0,1,3.0433033,-0.20698775
0,0,0,0,0,0.1772914,-0.057912022
1,1,0,0,0,6.730669,0.33062407
0,0,0,1,0,-3.4316642,-1.0474596
0,0,0,0,1,0.46605802,0.37380993
0,0,1,0,0,-0.26132393,0.12682469
0,1,0,0,0,4.349101,-0.9622135
0,0,0,0,1,0.46463442,-0.39546755
0,0,0,0,0,0.154037,-0.050289925
1,0,1,0,0,-0.032180786,0.0472969
1,1,0,0,0,9.137241,0.09583442
0,0,0,0,1,-0.89096475,-0.6000214
0,0,0,0,1,0.15714908,0.070474215
0,0,0,0,1,-0.86283565,-0.21799204
1,1,0,0,0,7.679105,-1.0542164
0,0,0,0,1,-2.3124201,0.22858134
1,0,0,1,0,0.001367569,-0.043365527
0,0,0,0,0,2.3887346,0.6270578
1,0,1,0,0,0.22005177,0.10086815
1,0,0,0,0,0.25530338,-0.066247515
0,0,0,0,1,3.9285667,-0.25477314
0,0,0,0,1,-0.71945167,0.0366175
1,0,1,0,0,0.014209747,0.080524676
0,0,0,0,1,-1.739125,-0.13733414
0,0,0,0,1,-0.8385732,-0.037127636
1,0,0,0,0,1.009974,-0.1462235
0,1,0,0,0,5.286661,-0.43545774
0,0,0,1,1,0.7005851,0.23796605
1,1,0,0,0,9.812773,0.79402864
1,1,0,0,0,3.8837807,0.3782964
0,0,0,0,0,-0.12318897,-0.065229036
0,0,0,0,1,-1.2300346,0.36698365
0,0,0,0,1,-0.2677238,-0.39330232
0,0,1,0,0,-0.051816463,0.24534753
0,0,0,0,0,-0.56413484,-0.26878813
0,0,0,0,1,0.15841794,-0.35689119
0,0,0,0,1,1.3766954,0.22286771
0,0,0,0,1,0.56201863,0.16676898
1,1,0,0,0,4.9386835,0.03379012
0,1,0,0,0,6.7973633,-1.0432725
0,0,0,0,1,0.05994749,-0.7794652
0,0,0,0,1,2.1814663,0.20527852
0,0,0,0,1,-1.9047477,-1.0510064
0,0,0,0,1,-1.415726,0.30059475
0,0,0,0,0,0.037481785,-0.20558739
0,0,0,0,1,-0.29032016,-0.9065692
1,1,0,0,1,11.006899,-0.80581415
0,0,0,0,1,1.306659,-0.15972313
1,1,0,0,1,10.611681,-0.580341
1,1,0,0,0,9.880295,-0.016329657
1,1,0,1,0,9.430191,0.13281985
0,0,0,0,1,-1.1437018,0.22858134
0,0,0,0,1,0.8957002,-0.9368497
0,0,0,0,1,-1.8484967,-0.4039412
0,0,0,0,1,-0.18736863,-0.6137612
0,0,0,0,1,-0.990762,0.11165465
0,0,0,0,1,-1.5115707,-0.49076822
0,0,0,0,1,1.0760624,-1.066649
0,0,0,0,0,3.3284223,-0.44750848
0,0,0,0,0,-0.55894184,-0.18071522
0,0,0,0,0,-0.108244896,-0.047928818
1,1,0,0,0,6.25366,0.39903483
0,0,0,1,0,-2.9030602,-0.6700531
0,0,0,1,0,-3.872054,-0.51493746
1,0,0,0,0,0.028795242,-0.22084714
0,0,0,0,1,0.78637123,-0.9817379
0,0,0,1,1,0.37324286,-0.41663074
0,0,1,0,0,-0.5803056,0.19915234
1,1,0,0,0,7.8465185,-0.22942558
1,1,0,0,0,9.431381,-0.55506676
0,0,0,0,1,-0.12343621,-0.10667186
0,0,0,0,1,-0.7334583,0.17877434
0,0,1,0,0,-0.6947348,-6.8119894e-05
1,0,1,0,0,0.28714275,0.16624156
0,1,0,0,0,6.1531324,-0.7166186
0,1,0,1,0,5.615635,-0.122071415
0,0,1,0,0,-0.712857,0.22434175
0,0,0,0,1,-0.98565507,0.23039533
0,0,0,0,1,-0.81116366,-0.99635875
0,1,0,1,0,7.038621,0.21242239
0,0,0,0,1,2.2214298,0.16487001
0,0,0,0,1,3.1957672,-0.10536534
0,0,0,1,0,-4.363987,-0.21060906
0,0,0,0,1,-0.2478211,-0.35396308
0,0,0,0,0,-0.7497101,0.30083582
1,1,0,0,1,10.142596,-1.0009445
0,0,0,0,1,2.2801342,0.11237079
0,0,0,0,1,0.26197648,0.096361265
0,0,0,0,1,-1.9747243,0.16733508
1,1,0,1,1,-3.1192973,-1.0861069
0,0,0,1,0,-2.3751967,-0.66592485
0,0,0,0,1,-2.2494185,0.031593226
0,0,0,0,0,-1.224884,0.51532793
1,1,0,0,0,8.1272,0.14296727
0,0,0,0,1,1.1207774,-0.06238224
0,0,0,0,1,-1.5551865,-0.93588924
1,1,0,0,0,7.341344,-0.894221
0,0,0,0,1,0.11597276,-0.7719078
0,0,0,1,1,1.6937714,-0.15755086
0,0,0,1,1,2.2939336,0.21173061
0,0,0,0,1,-1.1784921,-0.0671224
0,0,0,0,1,-0.9485924,0.28344443
0,0,0,0,0,-1.29562,0.4635353
1,0,0,0,0,0.12063527,0.50989795
1,1,0,0,0,9.892177,-0.0015360995
0,0,0,0,0,-2.245303,0.47993994
0,0,0,0,1,-0.6933253,0.18604113
0,1,0,0,0,6.4579782,0.62818396
0,0,0,1,0,-1.4497695,-0.56415004
0,0,0,0,1,0.34835696,0.21240075
1,0,0,1,0,-4.6276855,-1.1760203
0,0,0,0,0,-2.48195,-0.27981582
0,0,0,1,1,-1.951072,-0.4624668
0,0,0,0,0,-1.8850193,0.45293754
1,0,0,0,0,-0.0021107197,0.47168648
0,0,0,1,0,-3.162115,-0.6530132
1,1,0,0,0,5.4761553,-0.017369287
0,0,0,0,1,-1.5920041,0.20998996
0,0,0,0,0,-2.492198,0.1809204
1,0,0,0,1,0.5711329,0.5238862
0,0,0,0,1,-0.54886746,-0.41179168
0,0,0,0,1,-0.8436692,0.11295065
0,0,0,0,0,-2.5890532,-0.009013377
0,0,0,0,1,-0.70764565,-0.43293068
0,0,1,1,0,-3.4342353,-0.01951044
1,0,1,0,0,-0.030017614,0.67517036
0,0,0,0,1,-0.6820042,0.49089828
0,0,0,0,1,-1.6834495,0.30519456
0,0,0,1,0,-1.7815692,0.15343761
0,0,0,0,1,-0.98655486,-0.007254925
0,0,0,1,1,-1.0973561,0.14171422
0,0,0,1,0,-3.8648736,-0.42629546
0,0,0,1,0,-3.6144965,0.13838044
0,0,0,0,1,0.27595758,0.062749356
0,0,0,0,0,-2.103446,0.33493614
0,0,0,0,0,-2.5158098,0.3352831
0,0,0,0,1,1.171324,-0.4998452
0,0,0,0,1,3.2352493,-0.028220054
0,1,0,0,0,3.512377,0.18589781
0,0,0,0,1,-0.7059076,-0.8786547
1,0,0,1,0,-6.188676,-1.0872761
0,0,0,0,1,0.35284448,-1.0250028
1,1,0,0,0,11.386545,-0.24827875
1,1,0,0,0,9.669032,0.033784147
1,1,0,0,0,9.295467,-0.04168356
1,1,0,0,1,10.021287,-0.108754165
0,0,0,0,1,2.169151,-0.16185673
0,0,0,0,1,2.2011192,0.5522032
0,0,0,0,1,0.5474589,0.15611672
0,0,0,0,1,-0.20655799,0.18356197
0,0,0,0,0,2.1093397,0.42365226
0,0,0,0,1,1.3126419,-0.06438158
0,0,0,0,0,-2.1245914,-0.9313259
0,1,0,0,0,5.2378407,-0.10142354
1,1,0,0,0,5.8321743,0.043054663
0,0,0,0,1,-0.11078668,0.004691346
0,0,1,1,0,-0.68976665,0.7375093
0,0,0,0,1,-0.87919354,0.20677295
0,0,0,0,1,0.41448855,0.3492776
0,0,0,0,1,-1.6398885,-0.0070745335
0,0,0,0,0,-1.4920046,0.5737529
1,0,0,1,1,1.1821988,-1.2739291
0,0,0,0,0,-0.5007441,0.56236637
0,0,0,0,1,1.0215418,-0.78831524
1,0,0,0,0,-1.6581202,0.69063896
0,0,0,0,1,0.8992603,0.00494035
0,0,0,0,1,-0.30163407,-0.10217835
0,0,0,1,0,-2.686423,-0.37959895
0,0,0,0,1,-1.591989,0.22474423
0,0,0,0,1,0.70848584,-0.08038622
0,0,1,0,0,-0.8679466,0.59027576
0,0,0,0,1,1.2771223,0.03836044
1,0,0,0,0,1.8541329,0.36320746
0,0,0,0,1,-0.28544354,0.08757476
0,0,0,0,0,-2.883762,0.07091637
1,0,0,0,0,0.13414073,0.57553935
1,0,0,0,1,-0.59053874,0.5926456
0,0,0,0,1,1.5819793,-0.5218533
0,0,0,0,1,2.2088783,-0.52344704
0,0,0,0,1,2.3810446,0.062493455
1,1,0,0,1,10.338679,-0.26210645
0,0,0,0,1,0.9795821,-0.05567532
0,0,0,0,1,1.3001893,0.10911967
0,0,0,0,1,-0.59075236,-0.08566027
0,0,0,0,1,-0.6624224,0.36121252
1,1,0,0,0,5.3750763,-0.84390545
1,1,0,0,0,5.4660177,-0.3208549
1,1,0,0,0,6.6405993,0.3361262
0,0,0,0,1,-1.327312,-0.69614184
0,0,0,0,1,-0.45608616,-0.3320665
1,1,0,0,0,8.247956,0.040305994
0,1,0,0,0,8.269055,0.4988516
0,0,0,1,1,-0.27121615,0.022463009
1,1,0,0,1,9.350798,-0.9366259
0,0,0,1,0,-1.7709069,-1.0379877
0,0,0,0,1,0.68728375,-0.11711546
0,0,0,1,0,-4.263626,-0.5958357
0,0,0,0,0,-0.7059252,-0.023084711
1,0,1,0,0,0.80106235,0.81718373
0,0,0,1,0,-3.241241,0.034913667
0,0,0,1,0,-4.0694094,-0.43166068
1,0,1,0,0,-0.04207921,0.60000366
0,0,0,0,1,0.80130816,-0.667998
0,0,0,0,1,1.684087,-0.31442937
0,0,1,0,1,1.730284,0.023005685
1,1,0,0,0,7.870508,-0.054748986
1,1,0,0,0,8.287472,-0.6866063
0,0,0,0,1,-0.7016194,-0.6413812
0,0,0,0,1,-0.7743194,-0.10203015
0,0,0,0,1,-1.0893519,0.45336875
1,1,0,0,0,8.047658,0.32657275
0,0,1,1,1,-1.1897721,0.024202673
1,1,0,1,0,6.0239916,-0.061948195
0,1,0,0,0,6.9024677,-0.037660196
0,0,0,1,0,-3.250882,0.3627709
0,0,0,0,1,0.113689184,0.3953965
0,0,0,0,1,3.4469612,-0.7165887
0,0,0,1,1,-0.111091375,-0.61281925
0,0,0,0,1,-1.0912154,0.31569886
0,0,0,0,0,-0.9381249,-0.8015803
0,0,0,1,0,-4.3414116,-0.9948041
1,0,0,1,0,3.3636825,0.40903598
1,1,0,0,0,7.6526155,-0.038776685
0,1,0,1,0,7.6305237,0.7329383
0,0,0,0,1,0.038254023,-0.80310017
0,0,0,1,0,-4.0048656,-1.0340422
0,0,0,1,0,-3.802952,-1.0112625
0,0,0,1,0,-3.867112,-0.6757125
0,0,0,0,1,-2.0591807,-0.09269297
0,0,0,0,1,-1.6175706,0.13525641
0,0,0,0,1,-1.5006855,-0.88679576
0,0,0,0,1,-1.4090536,0.3250593
0,0,0,0,1,-0.3272879,0.043912075
0,0,0,0,1,-0.20832705,0.38155386
0,0,0,1,0,-3.4846551,-0.6570333
0,0,0,0,1,1.7040527,0.5748629
1,0,0,1,1,-0.89634085,0.17593193
1,1,0,0,0,4.3541403,0.41781327
0,0,0,0,1,1.0870836,-0.38944483
0,0,0,0,1,-0.7699168,0.026448159
0,0,0,0,0,-2.4781833,0.17279138
0,0,0,0,1,-1.3034403,0.28479248
0,0,0,1,1,-0.49131846,-0.86504185
0,0,0,0,0,-2.7127326,0.43302912
0,0,0,0,1,-0.008706808,0.18439461
0,0,0,1,0,-1.7708654,-0.312347
0,1,0,0,0,4.2084,-0.261641
0,1,0,0,0,4.5742226,-0.001956062
0,0,0,0,1,1.2958605,-1.1029266
1,1,0,1,1,-4.6276855,-1.2035657
0,0,0,0,0,-0.3864901,0.42584643
0,0,0,0,0,-0.95575833,-1.1511892
0,0,0,1,0,-3.8912668,-0.24915528
0,0,0,0,1,0.907192,0.10281619
0,0,0,0,1,0.41951728,-0.86727214
1,0,1,0,0,0.8159392,0.612015
0,0,0,0,1,1.1811144,-0.9934284
1,1,0,1,0,8.236659,0.33420473
0,0,1,0,1,0.57918906,-0.016478952
0,0,0,1,0,-2.6558225,0.18928489
0,0,0,0,0,-2.579277,-0.037846193
1,1,0,0,0,4.0469484,0.21370587
0,0,0,0,1,-0.28294635,0.2767862
0,0,0,0,1,1.8227675,-0.13958833
0,0,0,0,1,-0.48035884,0.5601486
0,0,0,0,0,3.605971,-0.04888156
0,1,0,0,0,3.853783,0.00017765145
0,0,0,0,0,-2.198031,-0.2000588
1,1,0,0,1,10.532712,-0.89763474
0,0,0,0,1,0.7953379,-0.14463556
0,0,0,0,1,0.7583015,-1.0267477
0,0,0,0,0,-2.1408281,0.09806806
0,0,0,0,1,-0.6905036,-0.029893138
0,0,0,1,0,-2.1692214,-0.237592
0,0,1,0,1,-0.60339,0.06611826
0,1,0,0,0,5.275777,0.016455963
0,0,0,0,1,-1.1878858,0.20452307
0,0,0,0,1,-0.4071858,-0.9765157
1,0,0,0,1,-0.02336955,0.52199066
1,1,0,0,0,6.2634354,0.38941118
0,0,1,0,0,-0.6141074,0.65125924
0,0,0,0,1,-1.1352398,0.15615663
0,0,0,0,1,-0.47686267,-0.9063914
0,0,0,0,1,-0.90617824,-1.0208817
1,0,1,0,0,0.061900377,0.8306303
0,0,0,0,1,0.33964705,-0.11472732
0,1,0,0,0,4.8696346,-0.45927516
0,0,0,0,1,-1.050745,-0.2463707
0,1,0,0,0,5.3883934,-0.30581945
1,1,0,0,1,10.271958,-0.9524267
1,1,0,1,1,10.691091,-0.86927015
0,0,0,0,1,-1.5254273,-0.29316658
0,0,0,0,1,-1.9926372,-0.15584874
0,0,0,0,1,-1.0804527,-0.00035535026
0,0,1,0,0,-0.9819896,0.7661172
0,0,0,0,1,1.0287049,-0.53446525
0,0,1,0,0,-0.80167603,0.60602736
1,0,0,1,1,0.11557269,-1.2023159
0,0,0,0,1,-0.9916675,0.07410799
0,0,0,1,0,-3.4628139,-0.44984955
0,0,0,1,0,-2.734102,-0.20623279
0,0,0,0,1,0.25899625,0.036311626
0,0,0,0,1,2.8824368,-0.20841587
0,0,0,0,1,3.3831651,-0.21438095
1,0,0,0,0,3.580313,0.39000905
1,0,1,0,0,-0.040534735,0.842391
1,1,0,0,0,10.049138,0.0015360995
0,1,0,0,0,3.5956259,-0.1138483
0,0,0,0,1,3.5980628,-0.21478453
1,0,1,0,0,-0.07500768,0.6269628
0,0,0,0,1,-0.9488504,0.4261405
1,0,0,0,0,-0.10143733,0.5009171
0,0,0,0,0,0.35717893,0.41243666
0,0,0,0,1,-1.0915515,0.21826403
0,0,0,1,1,-0.54355884,-0.018996293
0,0,1,0,1,-1.397435,0.101851046
1,0,0,1,0,-4.6276855,-1.2106773
1,0,0,1,1,0.9124644,-0.08978491
0,1,0,0,0,6.0844307,-0.47160974
1,1,0,0,0,5.966961,0.4698482
0,0,1,0,1,-1.3353896,-0.009013377
0,0,0,1,0,-4.157755,-0.33000255
0,0,0,0,1,2.7671216,-1.0263206
0,1,0,0,0,6.7474966,-0.23568937
0,0,1,1,0,-1.8264031,0.6565936
0,0,0,0,1,-1.7722061,0.25039375
0,0,0,0,1,0.8350351,0.111509845
0,0,0,0,1,-0.4512105,-0.36715782
1,1,0,0,0,4.972953,0.400089
0,1,0,0,0,3.898116,-0.2273147
1,1,0,1,0,8.421926,-0.13268745
1,1,0,0,0,8.830782,0.17286927
1,1,0,0,0,9.407636,0.04260404
0,0,0,0,1,-1.7514026,-0.6125492
1,1,0,0,0,9.36112,-0.13121143
1,1,0,0,0,9.710515,0.14428933
0,0,0,1,0,-4.255788,-0.5500989
0,0,0,0,1,-0.15966797,0.14072229
0,0,0,0,1,-1.2542484,0.22438635
1,0,0,1,0,-4.5053053,-0.7785931
0,0,0,0,1,0.87081075,-0.030408869
0,0,0,0,0,-0.41727376,0.38753077
1,1,0,1,0,10.015588,0.0930628
0,0,0,1,0,-2.4378304,0.36873436
0,0,0,0,0,-0.5118258,0.36059397
0,0,0,0,1,1.3690281,0.02939749
0,0,0,0,1,1.9427402,0.39248088
0,0,0,0,1,-1.6895266,0.016916089
0,0,0,0,1,0.7016778,0.043429524
0,1,0,0,0,5.232046,-1.0238447
0,0,0,0,1,0.69012284,-0.69783854
1,1,0,0,0,9.062186,-0.12749904
0,0,0,0,1,-0.2807219,-0.10550938
0,0,0,1,0,-3.5904152,-0.24989365
0,1,0,0,0,7.389949,0.031593226
1,1,0,0,0,8.218328,-0.014134025
0,0,0,0,1,-1.7702956,-0.4327551
0,0,0,0,1,-0.31464553,-0.4367726
0,0,0,0,1,0.6368177,-0.28691253
0,0,0,0,1,0.47686982,-0.70584065
0,0,0,1,0,-2.9998524,-0.11095341
0,0,0,0,1,-0.85284615,0.029240467
1,1,0,0,1,10.207746,-0.519404
0,0,1,0,0,-0.6314113,0.5984233
0,0,0,0,0,-0.98369455,0.28176448
0,0,1,0,0,-0.79956365,0.7462076
0,0,0,0,1,0.81863713,0.08803311
0,0,0,1,0,-1.8506496,-0.1622368
1,1,0,0,0,9.870696,0.09001288
1,1,0,0,1,10.305034,0.20824629
0,0,0,0,1,-0.07657623,0.16143617
0,0,0,0,0,3.054141,0.015802592
0,0,0,0,1,-0.6756265,0.40546027
0,0,0,0,1,-1.2156711,-0.7304573
0,0,0,0,1,-1.527941,-0.7512872
0,0,0,0,0,-2.62515,0.8401009
0,0,0,0,1,-0.17814803,0.06929991
0,0,0,0,1,-1.9209609,0.18213408
1,0,1,0,0,-1.4134169,0.8689947
0,1,0,0,0,8.021172,0.49680057
0,0,0,0,1,-1.4987547,0.03816793
0,0,0,0,1,0.41827917,0.031749878
0,0,0,0,1,0.15291715,0.21714416
0,0,0,0,1,-0.7737534,0.25553945
1,0,0,1,0,-4.4440002,-0.6692602
1,1,0,1,1,10.414067,-0.9277037
1,0,0,1,0,-5.750142,-0.9317769
0,0,0,0,1,1.0056698,0.012381784
1,1,0,0,0,8.095923,-0.33771688
1,1,0,1,0,8.81677,-0.2651371
1,1,0,0,0,9.004292,0.17641205
0,0,0,0,1,-1.5694351,0.09531871
0,0,0,0,1,3.292259,0.0070745335
1,0,0,0,0,3.4321177,0.3763243
1,1,0,0,0,9.473152,-0.2248821
0,0,0,0,1,-1.2201996,-0.73618025
0,0,0,1,1,-1.321523,-0.4718968
0,0,0,0,1,-1.0421488,0.25513652
0,0,0,0,1,-0.44449115,0.02714563
0,0,0,1,0,-1.5335662,0.07790061
0,0,0,0,0,-2.308963,0.3819345
0,0,0,1,1,0.22605157,0.16743036
0,0,0,0,1,0.06839967,0.28261358
0,1,0,0,0,7.0570164,-1.0194035
0,0,0,0,1,-0.19536757,-0.20543188
0,0,0,1,1,2.7246284,-0.2977293
0,0,0,0,1,3.2548969,0.024527598
0,0,0,0,1,0.08675146,-0.13546085
0,0,0,0,1,0.50081277,0.13853638
1,0,0,1,1,1.1782992,-0.97269887
0,0,0,0,1,1.9442756,0.2698929
1,0,0,1,1,-6.070512,-1.011755
0,0,0,0,1,0.8471043,-0.5716797
0,0,0,1,0,-3.5644393,0.04733439
0,1,0,0,0,6.3275948,-0.20801762
1,1,0,0,0,6.701645,0.36675048
0,0,1,0,1,1.1460674,-0.21082355
0,1,0,0,0,5.9415884,0.03927329
0,0,0,0,1,0.6409421,0.093111366
1,1,0,0,0,11.214387,0.14535698
1,0,0,0,0,-1.6789174,0.46196872
0,0,0,1,0,-3.9133992,-0.7712672
1,0,0,1,0,-4.0451403,-0.43402687
0,0,0,0,1,-0.2930472,-0.17905071
0,0,0,1,0,-2.079358,-0.3903686
0,0,0,0,1,0.92199135,-0.005105214
0,0,0,1,1,0.769202,-0.67007273
0,0,0,0,1,-0.75053525,0.41791967
1,0,0,0,0,-0.52791166,0.5277099
0,0,0,0,1,-0.8782599,0.0435692
0,0,0,0,1,0.07657623,0.04991103
0,0,0,0,1,1.1162012,-0.3868972
0,0,0,0,1,-0.42795873,0.09677878
1,0,0,0,0,-0.9257717,0.74881
0,0,0,0,1,0.65062785,-0.06959863
0,0,0,0,1,-0.87606335,0.19578707
0,1,0,0,0,6.776905,-0.056812115
0,0,0,1,0,-4.1724863,0.23732139
0,1,0,1,0,5.534684,-1.0110681
0,0,0,0,1,-0.97161245,-0.6296388
1,0,0,0,0,-0.029943228,0.5652139
0,0,0,0,1,1.1717012,0.34787816
1,0,1,0,0,-1.4119873,0.847403
0,0,0,0,1,-0.88876915,0.37306625
1,1,0,0,0,10.053472,0.059707526
0,1,0,0,0,6.1454563,-0.25280425
0,0,0,0,1,-0.1810844,0.16347401
0,0,0,1,0,-3.7519264,-0.6052775
1,0,0,1,0,-0.9215975,-0.40676853
0,0,0,0,1,-0.8507025,-0.896054
0,0,0,0,0,0.5796635,0.4332554
0,0,0,0,1,0.8261111,-0.19610387
0,0,0,0,1,2.2762945,0.31295213
1,1,0,1,0,8.047988,-0.11235489
0,0,0,1,0,-4.254279,-0.38663355
0,0,0,0,1,1.0379407,0.023828298
1,1,0,1,1,10.681691,-0.53826076
0,0,0,0,0,3.2839937,-0.15603772
0,0,0,0,1,-0.21916604,0.07697436
0,0,0,0,1,-1.408509,-0.010507548
1,0,0,0,1,0.7566912,0.35534647
0,0,0,0,1,-0.042408705,-0.12971205
1,1,0,0,0,8.681512,-0.11966332
1,1,0,0,0,8.930793,0.41117525
0,0,0,0,1,-1.2277861,-0.13879915
0,0,1,0,1,-0.35761142,-0.019191677
0,0,0,0,1,0.2979505,-1.1808983
0,0,0,0,1,-1.6627896,-0.09113866
0,0,0,0,1,-1.3564489,0.067155465
0,0,0,0,1,-1.3359663,-0.22061428
0,1,0,0,0,3.5947402,0.15822835
1,1,0,0,0,4.7748127,0.29604512
0,0,0,0,1,1.2201407,-0.7686646
0,0,0,0,1,0.527529,-0.4382627
0,0,0,0,1,-0.69459987,0.31055754
1,1,0,0,0,9.147895,0.21839583
0,0,0,1,0,-2.7558916,-0.05401786
0,0,0,0,1,0.68985295,-0.17026109
0,0,0,0,1,1.0115192,-0.5387443
0,0,0,0,1,0.7918265,-0.04954883
0,0,1,0,1,-0.22348833,0.036594015
0,0,0,0,1,0.5737517,-0.729135
1,1,0,0,0,9.715178,0.65982133
0,0,0,1,0,-0.09716773,-0.130567
0,0,0,0,1,-0.28892732,-0.044435073
0,0,0,0,0,0.26135468,0.4110277
0,0,0,0,1,2.091686,0.383001
0,0,0,0,1,1.1700974,-0.52348953
1,0,0,0,0,0.6530211,0.52065873
0,0,0,1,0,-3.5561886,0.0098962765
0,0,0,0,1,-1.5476503,-0.49179202
0,0,0,0,1,-1.5416794,0.35054532
0,0,0,0,1,0.2644112,-0.11330735
0,0,0,0,1,-0.56828046,0.5386334
1,0,0,0,0,-1.5077281,0.33238807
0,0,0,0,1,0.13360286,0.091771305
0,0,0,0,1,0.0021107197,0.25749886
0,0,0,0,1,-0.5256269,-0.088144
0,0,0,0,1,1.1040971,-0.44624484
1,1,0,0,0,9.621809,-0.10399943
0,1,0,0,0,4.5238047,-0.5486394
0,0,0,0,1,-1.0941503,0.086241275
0,0,0,1,0,-3.5885046,-0.61354107
0,0,0,1,0,-3.4490983,-0.42420414
0,0,0,1,1,-1.7222352,-0.09251559
0,0,0,1,1,2.2045374,-0.44403484
0,0,0,0,1,2.9599931,-0.3693827
0,0,1,1,1,2.9081671,0.122253805
0,0,0,0,1,-1.8340163,-0.9335827
0,1,0,0,0,6.7949247,-0.86546385
0,0,0,0,1,3.3109758,0.0056869905
0,0,0,0,0,-0.98774815,-0.004691346
0,1,0,0,0,4.7451067,-0.29208326
1,1,0,0,0,5.348218,-0.53714377
0,0,0,0,0,-2.6177106,0.50552535
0,0,0,0,1,-0.48114038,-0.54008836
1,1,0,0,1,10.063901,-0.7554721
0,0,0,0,1,-0.38960958,0.01186475
1,1,0,1,0,8.285195,-0.5790773
0,0,0,0,1,-0.7241266,0.21679026
1,0,0,0,0,0.93056035,0.4906301
0,0,0,1,0,-3.4462783,0.32103986
1,1,0,0,0,10.059945,0.21043597
0,0,0,1,0,-4.12854,-1.0127407
0,0,0,1,0,-3.9284625,-0.93902
1,1,0,0,0,8.868774,-0.55397123
1,1,0,0,0,8.873523,-0.0808773
1,1,0,0,0,9.385123,0.072301954
1,1,0,0,0,9.553497,0.353383
0,0,0,0,1,-0.047433615,-0.12318165
0,0,0,1,0,-2.3505754,-0.13808453
1,1,0,0,1,10.142686,-0.66957605
1,1,0,0,1,10.36646,-0.64410603
0,0,0,0,1,0.010289907,0.23510513
1,1,0,0,0,4.3546095,0.39498222
0,0,0,0,1,-0.47357202,0.15921551
1,0,0,0,0,-0.051908255,0.5840166
0,0,0,0,1,1.7061095,0.44956532
0,0,0,0,1,0.6115706,-0.8104418
0,0,0,0,1,-2.0142784,0.082894355
0,1,0,0,0,5.467901,-0.80500436
0,0,0,0,1,-0.5793011,-0.7813473
0,1,0,0,0,5.0351467,-0.014494289
0,0,0,1,0,-1.8150067,0.30231634
0,0,0,1,0,-1.4837592,-0.37970477
1,1,0,0,0,10.037396,0.22554776
1,1,0,0,0,8.6577425,-0.12331496
0,0,0,0,1,0.118518114,0.276405
0,0,0,1,0,-0.97565365,0.19257991
0,0,0,0,1,-1.6259978,0.43232018
0,0,0,0,1,1.1306436,-0.8314881
0,0,0,0,1,1.4763014,0.15473424
1,1,0,0,1,10.369636,-0.7997125
0,0,0,1,1,-1.2543459,0.33932212
0,0,0,0,1,1.2344067,0.0074301525
0,0,0,0,1,1.7365868,0.06848349
0,0,0,1,1,-2.204139,0.0656152
0,0,0,0,1,-1.5989792,-0.05083523
1,1,0,0,1,10.24101,-0.19831017
0,1,0,0,0,6.6430216,-0.12331496
1,1,0,0,1,10.200353,-0.32826015
1,1,0,0,1,10.566848,-0.25179672
0,0,0,0,1,0.9404001,0.12329358
0,0,0,0,1,0.5872395,0.10588689
0,0,0,0,1,0.659343,0.27772865
0,0,0,0,1,1.8152483,-0.030248638
1,0,0,0,1,-0.83311844,0.43690166
0,0,0,0,1,-0.16260266,0.09694003
0,0,0,0,1,0.5829289,-0.7158479
0,0,0,1,0,-3.135643,0.4021114
0,0,0,0,1,0.19717097,0.08882579
0,0,0,1,1,-0.95078754,0.07452485
0,0,0,0,1,-1.0875003,0.34988344
0,0,0,0,1,-0.989125,0.37859517
0,0,0,0,1,-0.42173553,0.10015961
0,0,0,0,1,0.3695085,-0.39333048
0,0,0,0,1,2.8719225,-0.1906499
1,0,0,0,0,3.4491608,0.32439545
1,1,0,0,1,10.611238,-0.6601224
0,0,0,0,1,-1.125735,0.47825253
0,0,0,0,1,-1.817275,0.13889451
1,1,0,0,0,4.8582783,0.240304
1,1,0,0,0,10.077823,0.24114014
1,1,0,0,0,5.2767115,0.0021816774
0,0,0,0,1,0.48430943,-0.3606842
0,0,0,0,1,1.036123,-0.11585044
0,0,0,1,0,-3.5978565,0.3241202
0,0,0,0,1,0.36583304,-0.88862234
0,0,0,0,1,-0.013523817,0.2094627
1,1,0,0,1,9.712314,-0.2707564
0,0,0,0,1,-0.23312116,0.2919998
0,0,0,0,1,0.41902518,-0.3282012
0,0,0,0,1,-1.019942,-0.099017374
0,0,0,0,1,0.48788095,-1.0732177
0,0,0,0,1,2.2917461,-0.22792378
0,0,0,0,1,2.8564813,0.009915949
0,0,0,1,0,-2.652782,-0.99545753
0,0,0,0,1,2.9031785,-0.77242035
0,0,0,0,1,0.3769548,-1.1760203
0,0,1,0,0,-0.94321275,0.7823824
0,0,0,0,1,0.104320526,-0.15433817
0,0,0,0,1,-0.055220366,0.1286672
0,0,0,1,1,0.6560013,-0.30383486
1,0,0,1,0,-6.070512,-0.98550165
0,0,0,0,0,-0.94907856,0.24465197
0,0,0,0,1,0.9602661,0.085421294
0,0,1,0,1,0.7223351,-0.00017765145
0,0,0,0,1,0.726784,-0.14131594
0,0,0,0,1,-1.5256214,-0.24616386
0,0,0,0,1,-0.91004586,-0.027299328
0,0,0,0,1,-0.7952974,0.27192527
0,0,0,0,1,0.28514647,-1.0479274
0,0,0,1,0,-3.192355,-0.17841761
0,0,0,0,1,-0.19060898,-0.4091087
0,0,0,1,0,-3.0845475,-0.014904411
0,0,0,0,0,-2.615455,0.4445662
0,1,0,1,0,5.6439238,-0.54267544
0,1,0,0,0,6.0043945,-0.12330543
1,1,0,0,0,6.1339235,0.15577903
0,0,0,1,0,-3.055211,-0.31062338
1,0,1,0,0,-0.22462201,0.6105894
1,1,0,0,1,11.849909,-0.06238224
1,0,1,0,0,0.077184916,0.8292665
0,0,0,0,1,-1.5018461,0.16788474
1,1,0,0,0,6.031314,0.105119124
1,1,0,0,0,5.1293125,-0.16973917
1,1,0,0,0,5.296401,0.28627327
1,0,0,0,0,0.25247502,0.52776885
0,0,0,1,0,-2.2104766,-0.26623896
1,1,0,0,1,10.210324,-0.75890917
1,1,0,0,1,10.609906,0.14171422
0,0,0,0,1,-0.64725137,-0.45538163
0,0,0,0,1,0.32118487,-0.63146347
0,0,0,0,1,0.99842095,-1.1296662
0,0,0,0,1,-0.19528842,0.46917757
1,1,0,0,0,8.030912,-0.74533755
0,0,1,1,0,-1.5821924,0.6842363
0,0,0,0,1,0.53678775,-0.053642906
0,0,0,0,0,-0.32468152,0.5467753
0,0,0,0,1,-0.5814285,0.042035148
0,0,0,1,0,-2.1227386,-0.5208942
0,0,0,1,0,-0.65862703,0.24161083
0,0,0,0,1,-0.11011958,-0.7104873
0,0,0,0,1,-0.14529634,0.33740515
1,1,0,0,0,8.455959,-0.08263199
1,1,0,1,0,9.248144,-0.06137226
1,1,0,0,0,9.171253,0.14586839
0,0,0,0,1,-1.721158,0.09590651
1,1,0,0,0,4.812582,0.30294812
0,0,0,0,1,-0.8557904,-0.97274923
1,1,0,0,0,8.886968,0.10555571
0,0,0,0,1,-1.5240796,0.4291768
0,0,0,0,1,1.123441,-0.94818383
0,0,0,0,0,-1.267626,-0.2235705
0,0,0,0,1,0.6201408,0.13688327
0,0,0,0,0,-0.43460202,0.41755852
1,0,0,0,0,3.197507,0.25301197
0,0,0,0,1,-2.1616697,0.20188385
0,0,0,0,1,-0.49051213,-0.18507643
0,0,0,1,0,-4.300828,-0.75733423
0,0,0,0,1,-0.6134691,-0.82067806
0,0,0,0,1,-0.13836455,-0.37029415
0,0,0,0,1,0.5023105,0.015712447
0,0,0,1,1,-0.4406693,-0.5147186
1,0,0,0,0,-0.66052413,0.93197805
1,1,1,0,0,-0.52216935,0.84551114
0,0,0,0,1,0.23377585,-0.011594111
0,0,0,0,0,-0.51981854,0.5178303
0,0,0,0,1,-0.3276162,-0.17723992
1,0,0,1,0,0.02336955,0.5845046
1,0,0,0,1,-0.21176243,0.46907464
0,0,0,1,0,1.2294576,-0.28054488
0,0,0,1,1,0.64857316,0.1532414
0,0,0,0,1,1.1809494,-0.2018755
0,0,0,1,0,-3.8011436,-0.2630586
0,0,0,1,0,-3.3279183,0.0641045
0,0,0,0,1,-0.8770237,0.083638236
1,1,0,0,0,5.154567,0.3264561
0,1,0,0,0,5.539423,-0.12688886
0,0,1,0,1,-0.6526067,0.03875654
0,0,0,0,0,-2.6860118,0.44422165
0,0,0,0,1,-1.4180987,0.00017765145
1,1,0,0,0,6.977272,-0.15490437
1,1,0,0,0,7.6418133,-0.026195575
0,0,0,0,1,0.30011344,-0.38612625
0,0,0,0,0,-2.3007128,0.5408258
0,0,0,0,1,0.07467961,-0.2304779
1,1,0,0,0,5.7948666,0.16216359
0,0,0,0,1,0.17947578,0.10176562
1,1,0,0,0,6.9179344,0.21158567
0,1,0,0,0,4.3262377,-0.31402227
0,0,0,0,1,0.397393,0.22835293
0,1,0,0,0,6.7754297,0.02417801
1,1,0,0,0,7.1605034,-0.030299868
0,0,0,0,1,-1.3918672,-0.5347426
0,0,0,1,0,-3.3300743,-0.53584725
0,0,0,0,0,-2.6801054,-0.37197742
0,0,0,1,0,-2.792558,0.3997045
0,0,0,0,1,0.38303256,0.37514222
1,1,0,0,0,7.071167,-1.0621742
0,1,0,0,0,6.5581284,-0.97745955
0,0,0,0,0,1.4238644,0.48602504
0,0,0,0,1,0.31851983,-0.3776951
0,0,0,0,0,-2.5760515,0.14086275
0,0,0,0,1,0.5568297,0.14600584
0,0,0,0,1,0.088243246,-0.9200339
1,1,0,0,0,4.6166344,0.23328912
0,0,0,0,1,0.23004985,0.2837446
0,1,0,0,0,6.7321873,0.5164408
0,0,0,0,0,-2.1280375,0.475226
0,0,0,0,1,-2.1049495,0.2438046
0,0,0,0,1,-0.27836013,0.25113678
0,0,0,0,1,-0.36336923,0.1683389
1,0,0,0,0,-1.6568339,0.6937094
0,1,0,0,0,3.5104704,-0.61099726
0,0,0,0,1,-0.51768994,-0.08296546
0,0,0,0,1,-0.52616143,0.16591446
0,0,0,1,1,1.9095955,-0.08000111
0,0,0,0,1,-1.2531865,-0.7482546
1,1,1,1,1,-1.0433309,0.62428594
1,0,0,0,1,-0.8750992,0.502008
0,0,0,1,1,-0.038254023,-0.35523093
0,1,0,0,0,5.9108887,-0.50415635
1,0,0,1,0,-0.13867569,0.60673213
0,0,1,1,1,0.6787915,-0.03412621
0,0,0,1,0,-3.5337338,-0.027851662
1,1,0,0,1,9.797474,-0.6519814
1,0,0,1,0,-2.948739,-0.8469325
1,1,0,1,1,-4.015464,-1.0787214
0,0,0,0,1,-0.059132338,0.08344015
0,0,0,0,1,-1.0079582,0.44628707
0,0,0,0,1,0.32954,-0.3976036
0,0,0,0,0,-0.5039141,0.31845906
1,1,0,0,0,9.576468,0.19685006
0,0,0,1,0,-3.5971453,-0.43830156
1,0,0,1,0,-3.823628,0.030960076
0,0,0,0,1,0.577132,-0.10317868
0,0,0,0,1,0.3529327,0.23553757
0,0,0,0,1,0.10014653,-0.4562292
1,0,0,0,0,-0.053183794,0.806717
0,0,0,0,1,-0.3743174,-0.024725797
0,0,0,0,1,-0.17993712,0.2569243
1,1,0,0,0,8.281986,0.048188146
1,1,0,0,1,10.237752,-0.4315096
0,0,0,0,0,-0.9203026,0.5208817
0,0,0,0,1,0.9293649,-1.2314627
1,1,0,0,0,4.2900953,0.18782392
0,0,0,0,0,-2.5886507,0.16047257
0,0,0,1,0,-3.6056607,-1.0211587
1,1,0,0,0,10.006187,-0.09302108
0,0,0,0,1,-0.12709665,-0.3617617
0,0,0,0,1,0.21462846,0.35874072
0,0,0,0,1,0.27807736,0.19239073
0,0,0,0,1,-0.21585274,0.32198912
0,0,0,1,0,-3.1164443,0.017871628
0,0,0,0,1,-1.2381091,-0.51233613
0,0,0,0,1,-0.24944949,0.31273854
1,1,0,0,1,9.275755,-0.6065896
0,0,0,0,1,-0.111362934,0.30010915
1,1,0,0,0,7.9584274,-0.15434265
0,0,0,0,1,0.68450975,-1.0094211
0,0,0,0,1,0.038130283,-0.098732516
0,0,0,0,1,-0.24408937,0.26621065
0,0,0,0,1,-0.92035127,-1.0348293
0,0,0,0,1,-0.41979885,0.2673527
0,0,0,0,0,-2.9558635,-0.9767332
0,1,0,0,0,6.649991,-0.73596084
1,1,0,0,0,8.574073,0.4198673
0,0,0,0,1,0.71802044,-0.29075918
1,0,0,1,0,-5.575411,-0.8292106
0,0,0,0,0,2.1229844,0.30765438
0,0,0,0,1,-0.007535696,-0.18798918
0,0,0,1,0,-3.017543,0.47513676
1,1,0,0,0,4.065256,0.24126951
0,0,0,0,1,-0.70969915,0.29399124
0,0,0,0,1,-0.8857255,0.31705317
0,0,0,0,1,-0.96164775,-0.6941163
1,1,0,0,0,8.530095,-0.069816425
0,0,0,0,1,1.4837058,-0.27389774
0,1,0,0,0,3.2780278,-1.0678632
0,0,0,0,1,-1.1808796,-0.26929495
0,0,0,0,1,-1.4344862,0.095916726
0,0,0,0,1,0.5670891,-0.16846964
0,0,0,0,1,0.56015325,0.023869295
0,0,0,1,0,-3.4616363,-0.14516126
1,0,0,0,0,-0.76207566,0.7150873
1,0,0,0,1,0.1743288,0.29142338
0,0,0,0,1,0.42521214,-0.6163706
0,0,0,1,1,-0.42596436,-0.081251904
1,0,1,0,0,-0.87323904,0.72834444
0,0,1,0,1,-1.0124755,1.0595728
0,0,0,0,1,-0.5447638,0.2334389
1,1,0,0,0,5.57395,-0.5519844
1,1,0,0,0,4.366784,0.50033873
1,1,0,0,0,6.863394,0.1504394
0,0,0,0,1,-0.07349348,0.2457688
1,0,0,0,0,-1.4307921,0.5690095
0,0,0,0,1,-0.7989714,0.272672
0,0,0,0,1,0.40960574,0.3405861
0,0,0,0,1,-0.4099152,0.078342184
0,0,0,0,1,-0.90941644,0.16565922
0,0,0,0,1,0.010104179,0.033599764
0,0,1,0,1,-0.10256553,-0.10354847
0,0,0,0,1,2.0213764,-0.9185491
0,0,0,1,1,-0.18861628,0.23028162
0,0,0,0,1,0.23144865,-0.331862
0,0,0,1,0,-3.8676186,-0.9527649
1,0,0,0,0,-0.059640408,0.42449555
1,0,0,0,0,-0.054504395,0.33438084
0,0,0,0,1,2.6574018,-0.09384491
0,0,0,0,1,1.433439,-0.013913393
0,0,0,0,1,0.7529104,0.05504935
1,0,0,0,0,-0.18634605,0.55868626
0,0,0,0,0,-2.8646379,0.052814875
0,0,0,0,1,0.42586803,-0.6424686
0,0,0,0,1,-0.08335066,-0.12089598
1,0,0,1,0,-6.220477,-0.9390114
0,0,0,0,1,0.32921743,-1.1841389
0,0,0,0,1,0.117516756,-0.55401474
0,0,0,0,1,-0.5317342,0.03609238
1,1,0,0,0,7.653036,-0.0899294
0,1,0,0,0,6.9288206,0.19176894
0,0,0,0,1,0.21218109,-0.81354517
1,1,0,0,0,9.038236,0.10068756
1,1,0,0,0,4.1224546,0.21249232
0,0,0,0,1,-0.24375248,0.2958214
0,0,0,0,0,-0.24963903,0.42922708
0,0,0,0,1,-0.36594105,-0.18038169
0,0,0,1,1,0.061731815,-0.26132718
0,0,0,0,1,1.503293,-0.047637925
1,1,0,0,0,8.753838,-0.02256626
1,1,0,1,1,9.901776,-0.32694912
0,0,0,0,0,-2.2534869,0.70802176
1,1,0,0,0,7.552657,-0.04470613
0,0,0,0,1,-0.7249172,-0.429244
0,0,0,1,0,-2.9937208,-0.06963986
0,0,0,0,1,-0.504724,-0.8088432
1,0,0,0,0,-1.6242774,0.8434098
0,0,0,0,1,0.13444495,0.2920901
0,0,0,0,1,0.22552037,0.20487452
1,0,0,0,0,-0.008938789,0.6523082
0,0,0,0,1,-0.2723744,0.2820635
0,0,0,0,1,-0.6299095,0.4254912
0,0,0,1,0,-3.3283477,-0.114498615
0,0,0,1,0,-4.121846,-0.04727212
1,1,0,0,0,9.2822485,-0.56946224
1,1,0,0,0,9.123533,-0.18863901
1,1,0,0,0,8.592386,-0.87917596
1,1,0,0,0,9.685593,0.041055974
0,0,0,0,1,-0.36704278,-0.5192262
0,0,0,0,1,-1.2682292,0.18503492
0,0,0,0,1,-0.34934354,-0.8920544
0,0,0,0,1,-0.4838457,0.08309154
0,0,0,1,1,0.63160133,-0.56127626
0,0,0,0,1,-0.34785986,-0.7158819
0,0,0,0,1,-0.6043589,-0.3638576
0,0,0,0,1,-0.20503068,0.019638626
0,0,0,0,1,-1.1309073,0.4054721
0,0,0,0,1,-1.9769561,0.03917014
0,1,0,0,0,6.660492,0.6021437
1,1,0,0,0,5.611909,0.4250423
0,0,0,0,0,2.8402395,0.6448182
1,0,0,0,0,-0.10771322,0.63744575
0,0,0,0,1,0.27293825,-0.2988457
0,0,0,0,1,-0.6092551,-0.0004700397
1,1,0,0,0,9.181146,-0.31221536
0,0,0,0,1,-0.43313956,-0.0976148
0,0,0,0,1,-0.50154877,-0.2164986
0,0,0,0,1,0.12641191,-0.48179713
1,1,0,0,0,8.946357,0.09087272
1,1,0,0,0,9.329994,0.40867132
0,0,0,0,1,-0.43239975,-0.121267736
0,0,0,0,1,-0.23820877,0.00012289542
0,0,0,1,1,0.18041515,0.03892762
0,0,0,0,1,0.4073553,-0.05286629
0,0,0,0,1,-0.5847628,-0.197303
0,0,0,0,1,-0.51004267,-0.24247268
0,0,0,0,1,-0.63933754,0.07594095
0,0,0,0,1,-0.50147915,-0.90038013
0,0,0,0,1,-0.47596264,-1.0743304
1,0,0,0,0,0.02409029,0.39620522
1,0,0,0,0,0.37861562,0.8604905
1,0,0,0,0,3.3965454,0.4504646
1,0,0,0,0,0.17400837,0.44139376
0,0,0,0,1,0.007535696,-0.35690027
0,0,0,0,1,-0.98608947,0.48340163
1,0,0,0,0,-0.9908695,0.50071305
1,0,0,0,0,3.6516457,0.40560248
0,0,0,0,1,0.16809058,-0.24971777
0,0,0,0,1,-0.19234133,-0.14311029
1,1,0,0,0,8.014825,0.18395324
0,0,0,0,1,0.305408,-0.29207498
0,0,0,0,1,0.044024706,0.23504727
0,0,0,0,1,-0.06871939,-0.5370146
0,0,0,0,0,-2.1974854,0.00057636894
0,0,0,0,1,1.2953343,-0.14821237
0,0,0,1,0,-2.9121547,-0.030684011
0,0,0,1,0,-3.4466076,0.5520544
1,1,0,0,0,9.526102,0.3677946
1,0,1,0,0,0.6798687,0.61800826
1,1,0,0,0,9.762051,0.35122734
0,0,0,0,1,-1.4866548,0.17695536
0,0,0,0,1,-0.93470526,-0.785284
1,1,0,0,0,8.943402,0.098038755
1,0,0,0,0,0.42438507,0.13165548
0,0,0,0,0,-0.74647427,0.37311763
0,0,0,0,1,0.058217287,0.06063019
0,0,0,0,1,-0.5787766,0.2845133
0,0,0,0,1,-0.6103895,-0.041831776
0,0,0,0,1,2.1270044,-0.0127703175
0,0,0,0,1,1.5712521,-0.11024351
0,0,0,0,1,-0.31410646,0.02823233
0,0,0,0,1,0.09742355,-0.17817628
0,0,0,0,1,-0.6865742,-0.22846831
1,0,0,1,0,-5.575411,-1.0175881
0,0,0,1,0,-2.156953,0.40186334
0,1,0,0,0,5.049941,-0.86534995
0,0,0,0,1,-1.0524709,0.31653723
1,1,0,1,0,-5.575411,-1.033662
1,0,0,0,0,2.2133632,0.34063944
0,1,0,0,0,3.3625448,0.09489143
0,1,0,0,0,3.0526202,-0.6757316
1,0,0,0,0,-0.18214703,0.5211932
0,1,0,0,0,5.4386997,-0.94515175
0,1,1,0,0,6.0947685,0.9248465
0,0,0,0,1,0.09404421,-0.00012289542
0,0,0,0,0,2.655901,0.39011547
0,0,0,0,1,1.9111874,-0.13673513
1,1,0,0,0,6.1978426,0.3574817
0,0,0,0,1,-0.41630554,0.016090684
0,1,0,0,0,3.7278497,-0.81824136
0,1,0,0,0,3.2353623,-0.032213885
0,0,0,1,0,-3.1616006,-0.039397396
1,0,0,0,0,-1.1151938,0.6830513
1,1,0,0,0,10.014236,0.45444492
0,0,0,0,1,0.34165168,-0.032965254
1,1,0,0,0,8.064699,-0.16596943
1,0,0,0,0,0.9409108,0.46556827
0,1,0,0,0,4.0426407,-0.12488116
1,0,0,0,1,0.10673952,0.25285625
0,0,0,0,1,-0.33003378,-0.26032627
0,0,0,0,1,0.13683748,-0.7529486
0,0,0,0,1,-0.34500694,0.16669317
0,0,0,0,1,-0.9506135,-0.7212873
0,0,0,0,1,0.559088,0.092323594
0,0,0,0,1,0.49276185,-0.38374436
0,0,1,0,1,0.101477146,-0.29372215
0,0,0,1,0,-3.7128882,-0.9287182
0,0,0,0,0,-3.087814,-0.120095804
0,0,0,1,0,-2.7957306,-0.30733052
0,0,0,1,0,-3.4169087,-0.052742217
0,0,0,0,1,-0.5427034,0.15107104
0,0,0,0,1,0.3138702,-0.12466819
0,0,0,0,1,-0.0783031,-1.0046264
0,0,0,0,0,-2.4476924,-0.3186417
0,0,0,0,1,-0.5991113,-0.027926484
1,1,0,0,0,10.365299,0.19296883
0,0,1,0,1,1.2124217,0.100857526
0,0,0,0,1,1.018758,-0.3820751
0,0,0,0,1,-1.1143,0.2851248
0,0,0,0,1,-0.60608673,0.28227448
0,0,0,0,1,-1.1955137,-0.22437923
0,0,0,0,1,-1.321697,-0.056158118
1,0,0,0,0,-2.077286,0.64944863
0,0,0,0,1,0.54096055,-0.08746432
1,0,0,0,0,-0.28466964,0.457226
0,0,0,0,1,-0.97651744,0.32055756
0,0,0,1,1,-0.07032633,0.06587579
0,0,0,0,1,-1.1878355,0.32091153
0,0,0,0,1,0.038745403,-0.21284284
0,0,0,1,0,-3.483893,-0.5049419
0,0,0,1,0,-3.767933,-0.23510498
0,0,0,0,1,-0.60542417,0.41949666
0,1,1,0,0,5.845914,-0.09087359
0,0,0,0,1,-1.7982771,0.21523573
1,0,1,0,0,-0.7314048,0.6777285
0,1,0,0,0,4.740839,-0.41997898
1,0,1,0,0,-0.47410822,0.6887749
0,0,0,1,0,-3.6101713,-0.6410458
0,0,0,1,0,-4.210312,-0.9077834
1,1,0,0,0,7.766759,-0.004042577
0,1,0,0,0,7.580345,0.20119184
1,0,1,0,0,-0.25562906,0.7151475
0,0,0,0,1,-0.49475408,-0.9540274
0,0,0,0,1,3.850935,-0.44023284
0,1,0,0,0,3.73997,-0.21532567
0,1,0,0,0,3.4452422,-0.15251899
0,0,0,1,0,-3.7810512,-0.5416411
0,0,0,0,1,2.877219,0.010565329
1,0,0,0,0,2.0546944,0.29655212
0,0,0,1,0,-3.5558066,-0.10484886
0,0,0,1,0,-4.1283503,0.39083982
0,1,0,0,0,7.19347,-0.11766551
0,0,0,1,0,-3.1959188,-0.16264607
0,1,0,0,0,4.1638384,-0.068115175
0,0,0,0,1,0.18734694,-0.6196012
0,0,0,0,1,-0.060217857,-0.07474155
0,0,0,0,1,-0.020692348,-0.56300116
0,0,0,0,1,-0.054284096,0.12339389
0,0,0,0,1,-0.664479,-0.004616295
0,1,0,0,0,3.9265454,-0.960754
1,1,0,0,1,9.653988,-0.54709923
1,1,0,0,0,8.826877,0.47649363
0,0,0,0,1,0.46161652,-0.46248618
0,0,0,0,1,-1.0418217,-0.94528097
1,0,0,0,1,0.30294132,0.2902289
0,0,0,0,1,0.20199084,-0.5789408
0,1,0,0,0,5.0648108,-0.971731
1,1,0,0,0,4.458894,0.0962037
0,1,0,0,0,7.401862,-0.3519222
1,1,0,0,1,10.677813,0.1679469
0,0,0,0,1,0.06180477,-0.439337
1,1,0,0,0,3.66093,0.1474453
1,1,0,0,0,6.496855,-0.022521297
0,0,0,0,1,2.7210672,0.08596127
1,0,0,0,0,1.9890902,0.35876107
0,0,0,0,1,-0.087449074,-0.0043106093
0,0,0,1,0,-3.3571713,-0.47298858
0,0,0,1,0,-3.6309378,-0.04863035
0,0,0,1,0,-4.224954,0.06256184
0,0,0,1,0,-3.159429,0.4327819
0,0,0,0,0,-2.7275496,0.47688845
0,0,0,0,1,0.11521077,-0.23605669
0,0,0,0,1,-0.6325648,0.037976142
0,0,0,0,1,0.07181835,-0.18185465
1,1,0,1,1,10.555315,-0.6678621
1,1,0,0,1,10.017657,-0.33901325
1,1,0,0,0,9.593302,0.12445252
1,0,0,0,0,-0.18386221,0.60811764
1,0,0,1,0,-5.575411,-1.0189558
0,0,0,1,0,-3.3157077,-0.6905978
0,0,0,1,0,-3.7008266,-0.044887606
0,0,0,0,1,0.008938789,0.017548056
0,0,0,0,1,-0.2894225,-0.39549896
0,0,0,1,0,-2.7084064,0.17750707
0,1,0,0,0,3.5413492,-0.12552035
0,1,0,0,0,2.72067,0.025215039
1,0,0,0,0,1.3402996,0.34332997
1,0,0,1,0,-0.72284126,0.46521464
1,0,0,1,0,-3.8765411,-0.9739092
0,0,0,1,1,0.08916092,0.0105135515
0,0,0,0,0,-0.14275837,0.39587438
0,0,0,1,1,0.39769936,-0.4666661
0,1,0,0,0,4.665101,-0.120338626
0,1,0,0,0,4.436475,-0.006885156
1,1,0,0,0,3.711097,0.34042034
0,0,0,0,1,-0.51802826,0.037731346
0,0,0,0,1,0.059570312,0.20476256
1,1,0,0,0,9.104173,0.1209163
1,1,0,0,0,8.974567,0.32861313
0,0,0,0,1,-0.3734057,-0.7744753
1,1,0,0,0,7.237013,0.11418128
0,0,0,0,1,-0.5479953,0.07938457
0,0,0,0,1,-1.2134902,0.30617568
0,1,0,0,0,5.703145,-0.77581507
1,1,1,0,0,5.3723116,0.008118625
0,0,0,0,1,-0.95449257,0.020617774
0,0,0,0,1,-0.15162992,-0.6986928
0,0,0,0,1,-2.2030766,-0.2908515
0,0,0,0,0,-3.2469835,0.5097589
0,0,0,0,0,-0.544899,0.44186786
0,0,0,0,1,-0.27531338,0.23533392
1,0,0,0,0,0.2790351,0.5525154
1,1,0,0,0,6.3808784,0.46683407
1,0,0,0,0,-0.104914665,0.41666755
0,0,0,0,1,0.21316671,0.023681968
0,0,0,1,0,-3.8940516,-0.23700929
0,0,0,1,0,-4.593851,0.04234978
0,0,0,0,1,0.1884594,0.2529517
1,1,0,0,0,8.542383,-0.10668779
0,0,0,0,1,-0.13865185,0.07491525
0,0,0,0,1,-0.06159401,0.0013509442
0,0,0,0,1,-1.3273757,-0.1804997
0,0,0,0,1,-2.0132272,0.012449588
0,0,0,0,1,0.8775444,0.29055995
0,0,0,0,1,-1.5100102,-0.43869948
0,0,0,0,1,-1.7401769,-0.8341318
0,0,0,0,1,-2.5178168,0.18205751
0,1,0,0,0,3.4910753,0.09557508
0,1,0,0,0,2.9412262,0.07395235
0,0,0,0,1,-0.64310956,0.49423996
0,0,0,0,1,0.8029432,-0.71237975
1,1,0,0,0,8.344784,0.08854547
0,0,0,0,1,0.2404728,0.01814579
1,0,1,0,0,-0.2590556,0.68289447
0,0,0,0,1,-1.2754135,-0.07130421
0,0,0,0,1,-0.0024113655,-0.035143983
1,0,0,0,0,-0.57428765,0.47406742
0,1,0,0,0,5.021494,-0.15530391
1,1,0,0,0,4.74504,0.1541373
0,1,0,0,0,4.5720196,-0.22171481
1,0,0,1,0,-6.220477,-0.9021974
0,1,0,0,0,7.94993,0.34426412
0,0,0,0,1,-0.17431831,0.062478106
0,0,0,1,0,-3.2104695,-0.94679934
1,1,0,0,0,8.242356,-0.5063552
0,0,0,0,1,-0.34103632,-0.0040637874
1,1,0,0,0,9.486312,0.3405861
0,0,0,1,0,-3.6509733,-0.15338232
0,0,0,1,1,-0.32576704,0.17889512
0,0,0,1,1,0.035877705,-1.2205362
0,0,0,0,1,0.44219303,-0.5804156
1,0,1,0,0,-0.1279397,0.635996
1,0,0,1,0,-0.16958046,0.33938238
1,0,0,0,0,1.5624027,0.4761602
0,0,1,1,1,-0.28133488,-0.14808577
0,0,0,0,1,0.2434318,-0.0002819814
1,0,0,0,0,-0.088011265,0.6003782
0,0,0,0,1,-0.27937293,-0.3233061
0,0,0,0,1,0.21954966,-0.33615276
0,0,0,0,1,0.12730837,-0.5190937
0,0,0,0,1,-0.105457306,-0.8758867
1,0,0,0,0,0.02402544,0.34905103
1,0,0,0,0,-0.18954706,0.65846467
0,0,0,0,1,0.1330328,0.07263215
0,0,0,0,1,-0.11275768,-0.09251208
1,1,0,0,0,6.9008436,-0.78254914
0,0,0,0,1,-0.15926456,0.1260375
1,1,0,0,0,9.983503,-0.24942227
1,1,0,0,1,9.589131,-0.04961761
1,1,0,0,0,9.007018,0.15108676
0,0,0,0,1,2.746232,0.1290547
1,0,1,1,0,-0.283782,0.77448416
0,0,0,0,0,-2.6110625,0.40831223
0,0,0,0,1,0.19380093,-0.96857417
1,0,0,1,1,0.44601536,-0.885076
0,0,0,0,1,-0.23262453,0.01705903
0,0,0,0,1,0.14432573,-1.0146164
0,0,0,0,1,-0.20006227,-0.00057636894
0,0,0,0,1,-0.6452005,0.24200769
0,0,1,0,1,-0.65996003,0.0037398548
1,1,0,0,0,8.769395,0.5124898
0,0,0,0,1,0.11562109,-1.1021589
0,0,0,0,1,1.3370488,-0.054767158
0,0,0,0,1,-0.0981462,0.4154102
0,0,0,1,0,-3.1571515,-0.16109893
0,0,0,0,1,0.06689429,0.20288141
0,0,0,0,1,-0.10602951,-0.0020604157
0,0,0,0,1,-0.27452207,0.18803884
0,0,0,0,1,-0.27874637,-0.37732112
0,0,0,0,1,-0.65155935,0.30682302
0,0,0,0,1,-0.027975082,-0.7236614
0,1,0,0,0,7.101598,-0.22422503
0,1,0,0,0,6.2894926,0.68490887
0,0,0,0,1,-0.5591581,-0.02773319
0,0,0,0,1,0.22168732,-0.014857267
0,0,0,0,1,3.2359266,-0.009507998
0,0,0,0,1,0.68612766,-0.33942607
0,0,0,1,1,0.4496553,-0.74451905
1,0,0,0,1,-0.69562984,0.6134491
0,0,0,0,1,-0.044024706,0.18241559
0,0,0,1,0,-3.1976006,-0.5544417
0,0,0,1,0,-3.8826306,-0.16908124
1,0,1,0,0,-0.50588083,0.7572286
0,0,0,0,1,0.14021397,-1.0656496
0,0,0,0,1,0.3681445,-0.48498565
0,0,0,0,1,0.095130205,-0.37282383
0,0,0,1,1,0.10641003,-0.13957146
1,1,0,0,0,10.039562,-0.369162
1,1,0,0,0,4.463319,0.15639064
0,0,0,1,0,-3.5075727,-0.17466223
0,0,0,1,0,-3.9005208,-0.273147
1,1,0,0,0,8.764753,0.31347683
0,0,0,0,1,-0.73909163,0.2263905
0,0,0,1,1,0.91699386,-0.16908124
0,0,0,0,1,-0.31753206,-0.07957607
0,0,0,0,0,-1.8340862,0.53137887
0,0,0,0,1,-0.30567503,0.19974297
0,0,0,1,1,-0.5796211,0.42737457
0,0,0,1,0,-2.885209,0.37755078
0,0,0,1,0,-4.5519686,-0.70195943
0,0,0,0,1,0.6447301,0.089943975
1,0,0,1,0,-5.575411,-1.0071644
1,0,0,0,0,-0.90391254,0.78849494
0,0,0,0,1,1.3071702,-0.6795741
1,0,0,0,0,0.066660404,0.51570493
0,0,0,0,0,3.5926874,-0.3259069
0,1,0,1,0,3.1365244,-0.066376045
0,0,0,0,1,-0.5457258,0.076168746
1,0,0,0,0,0.14768171,0.52461725
0,0,0,0,1,-0.037755013,0.30808815
0,0,0,0,1,-2.7269125,0.0772691
0,0,0,0,1,0.501637,-0.4845865
0,0,0,0,1,-0.19806433,-0.24717964
0,0,0,0,1,-1.16646,0.18574663
0,0,0,0,1,0.32462263,-0.9480672
1,1,0,0,1,10.809867,-0.33032182
0,0,0,0,1,0.3461666,-0.8127138
1,1,0,0,0,7.5925837,-0.033915583
1,0,0,0,0,-0.78355885,0.34844404
0,0,0,1,0,-3.72072,0.7223254
1,0,0,1,0,-3.792707,-0.38452476
0,0,0,0,1,-0.99081254,-0.4686317
0,0,0,0,1,0.058689594,0.16690283
0,0,0,0,1,-0.3920691,0.25301534
0,1,0,0,0,4.2429447,-0.07264578
0,0,0,0,1,0.32645273,-0.34965944
0,0,0,0,1,-0.7441168,0.10424155
0,0,0,0,1,0.28210592,-0.39677736
0,0,0,0,1,0.73518634,0.010037817
1,0,0,1,1,-4.9228454,-0.98091143
0,0,0,0,1,1.7885871,0.037731346
0,0,0,0,1,-0.46355534,0.27559632
0,0,0,0,1,-0.62236357,-0.44664723
1,0,0,0,1,-1.0719895,0.44836333
0,0,0,0,1,-0.69484425,0.32572278
0,0,0,1,1,0.6004276,-0.14211944
0,0,0,0,1,0.41510177,0.016500065
0,0,0,0,1,-0.21944547,0.19885786
0,0,0,0,1,0.5260134,-0.1829968
0,0,0,0,1,0.098395586,0.2070165
1,1,0,1,0,5.751446,-0.043673426
0,0,0,0,1,0.3662367,-0.4656136
0,0,0,0,1,-0.8438184,0.035625227
0,0,0,0,1,0.028717995,-0.021741329
0,0,0,0,1,-0.46091366,0.19287564
0,0,0,0,1,1.5005887,-0.9384795
1,1,0,0,0,7.4647703,0.23041242
1,0,0,0,0,0.00074768066,0.4014836
0,0,0,0,1,0.853662,-1.2557168
0,0,0,0,0,-2.6261683,0.29699102
0,0,0,0,1,-0.52723,0.32522398
0,0,0,0,1,0.39475513,0.24569039
0,0,0,0,1,0.14841962,0.08431825
0,1,0,0,0,6.769121,-0.40753508
0,0,0,1,1,-1.4544368,-0.06453287
1,1,0,0,0,9.096802,0.090997
1,1,1,0,0,6.14227,-0.048847638
0,0,0,0,1,0.6842561,-0.50820726
0,0,0,0,1,2.0445752,-0.55415505
0,1,0,0,0,7.6282473,-0.36630756
1,1,0,0,0,7.4102507,-0.25310186
0,1,0,0,0,6.7164755,0.11753706
0,0,0,1,1,-0.18917227,0.34110788
0,0,0,0,1,-0.8472612,0.2659225
0,0,0,0,1,0.47935033,-0.015057776
0,0,0,1,0,-2.979079,-0.21369492
0,0,0,1,0,-3.7568877,-0.086561024
1,0,0,0,0,0.20347357,0.49696574
0,0,0,0,1,-0.53935385,-0.012739019
0,0,0,0,0,-1.2663999,0.672432
0,0,0,0,1,-0.10422969,0.145723
0,0,0,0,1,2.214037,0.053620927
0,0,0,0,1,1.9863288,0.4968741
0,0,0,0,1,1.9707367,-0.9314386
1,1,0,0,1,10.053678,0.0002819814
0,0,0,1,0,-2.8482275,-0.19974694
0,1,0,0,0,5.5937815,-1.0551883
0,1,0,0,0,5.5987263,-0.10484886
0,0,0,0,1,-0.16051245,0.21857174
1,1,0,0,1,10.809584,-1.0499984
0,0,0,0,1,-1.6219828,-1.0589156
0,0,0,0,1,0.64225626,-0.21680385
0,0,0,0,1,-0.00074768066,-0.28420606
0,0,0,0,1,1.4913208,0.41726974
0,0,0,0,1,0.1694088,-0.8044379
0,0,0,0,1,-0.5345192,0.3604285
0,0,0,0,1,-0.48917913,0.1063432
1,1,0,1,0,9.9930935,-0.3842829
0,1,0,0,0,6.1476374,-1.003564
1,0,1,0,0,-0.70024204,0.6964599
0,0,0,0,1,-0.6250384,0.62014484
0,0,0,1,0,-3.4887753,0.3934561
0,0,0,0,1,-0.9245155,0.42847747
0,0,0,1,1,-0.18641376,-0.40356204
0,0,0,0,1,0.113646984,-0.37687442
0,0,0,0,0,-2.1590505,-0.38138503
0,0,0,1,0,-3.1430786,0.05513031
0,0,1,0,0,-0.34198332,0.9830912
0,0,0,0,1,-0.50388813,0.18708265
1,1,1,0,0,5.595523,-0.006194361
0,0,0,0,1,0.4169836,-0.67935556
1,0,0,0,0,-1.8372242,0.36448318
1,0,0,0,0,3.1456785,0.2305432
1,1,0,1,0,-6.6765175,-1.1084093
0,0,0,0,0,3.2313032,0.6098194
0,0,0,0,1,-0.65751433,0.12536773
1,0,0,0,0,-1.3924954,0.69987947
0,0,0,0,1,-0.72497725,0.5346949
1,0,0,1,0,-1.2280741,0.22743568
0,0,0,1,0,-3.5493722,0.008703478
0,0,0,0,0,-0.5514164,0.37725562
1,1,0,0,0,6.6165953,0.029930621
1,1,0,0,0,6.3443613,0.25970727
1,0,1,0,0,-0.54381704,0.5912899
0,0,0,0,0,-2.7771108,-0.056158118
0,0,0,1,0,-3.2404156,-0.052228123
0,0,0,0,1,0.6382828,0.24662864
0,0,0,0,1,0.53028274,0.21841393
0,0,0,0,1,-0.60574913,0.09422588
0,1,0,0,0,3.6285374,-0.2088088
0,0,0,0,1,-1.086663,-0.4921091
0,0,0,0,1,-1.4701741,-0.022687616
1,0,0,0,0,-0.82465124,0.3413935
0,0,0,1,0,-4.342721,-0.2640009
1,0,0,0,0,0.08414793,0.37328684
0,0,0,0,1,0.20693493,-0.29917714
1,0,1,0,0,0.1494317,0.5979353
1,1,0,0,0,8.003738,-0.54921585
0,0,0,0,1,-0.39984965,0.31182665
1,1,0,0,0,8.974752,-0.21765994
1,1,0,0,0,7.9926996,0.05934911
0,0,0,0,1,1.6200116,-0.15471476
0,0,0,0,1,1.133385,-0.08744794
1,0,0,0,0,0.8711796,0.64378065
0,0,0,0,1,0.5783901,-0.31151888
0,0,0,0,1,0.15875769,0.27391565
0,0,0,0,1,-0.25124693,0.07569484
0,0,0,0,1,-1.2059736,-0.09859688
0,0,0,0,0,-1.7623832,0.51704764
0,0,0,0,1,-0.5436199,-0.4807957
0,0,0,0,1,0.22319508,-0.059757043
0,0,0,0,1,-0.4363091,0.18398078
0,0,0,1,0,-2.779157,-0.7773703
0,0,0,0,0,-1.6396089,-0.05439646
0,0,0,0,1,-2.038036,0.36776096
0,0,0,0,1,0.11524606,0.1917702
0,0,0,0,1,-0.24424243,-0.00848424
0,0,0,1,0,-3.4608884,-1.0932744
0,0,0,0,1,-0.81523347,0.2559304
0,0,0,1,0,-3.1083653,-0.21760093
0,0,0,1,0,-3.5023415,0.18257222
1,1,0,0,0,9.362711,-0.19954588
1,1,0,0,0,8.960214,0.29503354
0,0,0,0,1,0.046632767,0.16147994
0,0,0,0,1,0.112924814,0.0066514295
1,0,0,0,0,0.19091988,0.5551288
0,0,0,0,1,-0.118331194,-0.46870732
1,0,0,0,0,3.592947,0.43085718
0,0,0,0,1,0.18635368,0.31016314
0,0,0,0,1,-2.6716273,-1.0697571
0,1,0,1,0,7.9889297,-0.14865598
0,1,0,0,0,7.6285753,0.19595148
0,1,0,0,0,7.1995296,0.8806407
1,1,0,0,0,8.193725,-1.0986944
1,0,0,0,1,0.50642395,0.26055703
1,1,0,1,0,5.017555,0.6038053
1,0,0,0,0,-0.744668,0.44218382
1,1,0,0,0,8.430559,0.09264953
0,0,0,0,0,-1.9150848,0.3593229
1,1,0,0,0,8.354495,-0.18095015
0,0,0,0,1,0.30980968,-0.06577643
0,0,0,0,0,-1.3178396,0.60335505
0,0,0,0,1,0.08598423,0.20935842
0,0,0,0,1,-0.566782,0.14418174
1,1,0,0,0,5.2493773,0.3774742
0,0,0,1,0,-3.6570098,-0.1624249
0,0,0,1,0,-4.141608,-0.0037398548
0,0,0,0,1,-1.0308073,-0.72990537
0,0,0,0,1,0.14320278,-1.29442
1,1,0,0,0,9.072029,0.11184386
1,1,0,0,0,8.445095,0.21969743
0,0,0,0,0,-1.0277381,0.47349706
1,1,0,0,0,4.0207357,0.37211722
1,1,0,0,0,7.5103407,-0.9366697
0,0,0,1,0,-3.6058104,-0.1072376
1,1,0,0,0,5.7577515,0.2520188
0,0,0,0,1,2.387924,0.055841673
0,0,0,1,0,-2.5621152,-0.15184769
0,0,0,1,0,-2.9136395,0.16455656
0,0,0,1,1,0.04943037,0.3014737
0,0,0,0,1,0.087822676,0.24245033
0,0,0,0,1,0.051577568,-0.29725134
0,0,0,1,0,-3.822677,-0.48140398
1,0,0,1,0,-4.741824,0.091318056
0,0,0,0,1,0.5316968,-0.7800133
1,1,0,0,1,10.06569,-0.67590773
0,0,0,0,1,0.06416559,0.012214646
1,1,0,0,0,8.144674,-1.086966
0,0,0,0,1,0.54322124,-0.49827814
1,1,0,1,1,10.920425,-0.9183512
0,1,0,0,0,6.47655,-0.4460261
1,0,0,1,0,-6.220477,-0.846327
0,0,0,0,1,0.15412474,-0.33866468
0,0,0,0,1,0.29048562,-0.047249813
0,0,0,0,1,-0.5423281,0.09531717
0,0,0,0,1,-0.28926468,-0.64715236
1,0,1,0,0,-0.95795536,0.8735458
1,0,0,1,0,-6.220477,-0.83803546
0,0,0,0,1,0.022057056,-0.16896637
0,1,0,0,0,2.4939072,0.060268085
1,1,0,0,1,10.738813,-0.16089752
0,0,0,0,1,-0.05194044,-1.130579
0,0,0,0,0,3.0487995,0.45350367
0,0,0,0,1,-0.9312928,0.24333502
0,0,0,0,1,0.25162292,-0.059344735
0,0,0,0,1,0.20097733,-0.22385044
0,0,0,0,0,-1.1388474,0.52399516
1,1,0,0,0,3.774091,0.1394154
0,0,0,0,1,-0.17325163,0.41478088
0,0,0,0,1,0.47952247,-0.47564027
0,0,1,0,1,-0.43181896,-0.16142792
0,0,0,0,1,-0.5038829,-0.073947266
1,1,0,0,1,10.226106,-0.73098147
0,0,0,0,1,-0.051618576,0.22124918
1,0,0,1,0,-5.575411,-1.0972134
0,0,0,0,1,-0.60063076,0.1978289
0,0,0,0,1,-0.4015875,-1.1678071
1,0,0,0,0,0.05641842,0.5187821
0,0,0,0,1,-0.7797427,0.55547875
0,0,0,0,1,0.19121647,-1.3351486
0,0,0,1,0,-1.6891534,0.10488301
0,0,0,0,1,-1.7083304,-0.26315433
0,0,0,0,1,-0.031130314,-0.18200207
1,0,0,1,0,-3.2805858,-0.42313188
0,0,0,1,0,-3.521131,-0.55001503
0,0,0,0,1,0.3305061,-0.5419294
0,0,0,0,1,0.20122766,-0.24647647
0,0,0,0,1,-0.78674793,-1.0519172
0,0,0,0,1,0.885164,0.04721222
0,0,0,0,1,0.23816395,-0.6848945
1,0,0,0,0,0.08556223,0.5066115
0,0,0,0,1,0.40775728,-0.49648115
0,0,0,0,1,0.13035107,-0.109510615
0,0,1,0,1,-0.5608158,0.033685036
0,0,0,1,0,-3.2389185,0.13944022
0,0,0,0,1,0.33372092,0.3139798
0,0,0,1,0,-3.7897243,-0.27103657
0,0,0,0,1,1.2758019,0.032573428
1,1,0,0,1,10.871945,-0.94836265
0,0,0,0,1,1.0230508,-0.17064501
0,0,0,1,0,-3.581103,-0.9052994
0,0,0,0,1,1.2591748,-0.28291672
0,0,0,0,1,1.4030483,-0.38335958
0,0,0,0,1,1.1496077,0.15127976
0,0,0,0,0,-2.1697145,-0.71309966
0,0,1,0,0,-2.316372,0.13207124
0,0,0,0,1,1.0705264,0.43231776
0,0,0,0,1,-0.19351292,-0.10424752
0,0,0,1,1,0.45604253,0.0030824302
0,0,0,0,1,0.41020966,-0.077579275
1,1,0,0,1,10.359079,-1.0244689
0,0,0,0,1,0.4397967,0.105498396
0,0,0,0,1,-0.19949865,-0.1442401
0,0,0,1,0,-3.8147066,-0.37077376
0,0,1,0,1,-0.8811338,0.16302116
0,0,0,0,1,0.059667587,0.47809586
0,0,1,1,0,-2.5803647,0.056356896
0,0,0,0,1,0.8726492,-0.05377577
0,0,0,0,1,0.6198261,-0.17000201
1,1,0,0,1,10.875045,0.4447988
0,0,0,1,1,1.205884,-0.28765073
0,0,0,0,1,-0.37222147,0.34182334
0,0,0,0,0,-2.0696182,-0.044317372
0,0,0,0,1,0.52711535,-0.44420666
0,0,0,0,1,0.25488472,0.36315396
0,0,0,0,1,0.23157144,-0.024070552
0,0,0,0,1,0.24803782,0.32636154
0,0,0,1,0,-3.748108,-0.18691976
0,0,0,1,0,-2.809129,-0.11837907
0,0,0,1,0,-2.7711456,-0.22031057
0,0,0,1,0,-3.4260607,-0.8126065
0,0,0,0,1,0.57553005,-0.013634941
0,0,0,0,1,1.0123296,-0.056348756
0,0,0,0,1,0.66850734,0.13338697
1,0,0,0,0,2.7161188,0.2606727
0,0,0,0,1,0.62806916,-0.17399848
0,0,0,0,1,-1.4992168,0.411652
0,0,0,0,1,1.3252633,-0.41017237
0,0,0,0,1,0.49081492,0.571957
0,0,0,1,0,-3.0545113,-0.43136653
0,0,0,0,1,-1.1360831,-0.45264083
0,0,0,0,1,-0.1296885,0.06678161
0,0,0,0,1,0.12991285,-0.09802132
0,0,0,1,0,-3.69739,0.14708653
1,1,0,0,0,8.575129,0.18706512
0,0,0,1,0,-2.8447194,0.2174748
0,0,0,0,1,0.16156054,-0.33554724
0,0,0,0,0,-1.3141367,-0.27764022
0,0,0,0,0,-2.0469153,-0.053973455
0,0,0,0,1,1.2965224,-0.7328632
0,0,0,0,1,0.795336,0.15533097
0,0,0,0,1,0.043443203,0.027968528
0,0,0,0,1,0.061142445,0.23192768
0,0,0,0,1,-0.74906373,0.23595569
0,0,0,0,1,0.0608747,-0.43982247
0,0,0,0,1,0.42952108,-0.6215221
0,0,0,0,1,1.0863135,0.029489772
0,0,0,0,1,-0.51005363,0.41097486
0,0,0,1,0,-2.942209,-0.11897751
0,0,0,1,0,-3.5062752,-0.08629303
1,0,0,1,0,-5.208519,-0.9791889
0,0,0,0,0,-1.7722366,-0.8402979
0,0,0,0,1,0.07189369,-0.116289094
1,1,0,0,0,4.9802084,0.55060583
0,0,0,1,0,-3.688419,-0.1911425
0,0,0,0,1,0.30054927,0.23288284
0,0,0,1,0,-2.1420937,-0.35164657
0,0,0,0,1,-0.30316353,0.23492979
0,0,0,0,1,0.59495425,0.0017513153
0,0,0,1,0,-3.1091201,-0.17710887
0,0,0,0,1,0.48342705,0.37313527
0,0,0,0,1,-0.032973528,0.40117535
0,0,0,0,1,0.99447703,-0.83357495
0,0,0,0,1,0.036301136,-0.27820498
0,0,0,0,1,0.20692205,0.5251647
0,0,0,0,1,0.61121273,0.29788563
0,0,0,0,1,0.03133464,0.17388114
0,0,0,1,1,0.285537,-0.2302146
0,0,0,0,1,0.14073563,0.008884576
0,0,0,0,0,-2.0905046,-0.1307638
0,0,0,0,1,-2.0822735,-0.4721717
0,0,0,0,1,0.64320517,0.16217756
0,0,0,0,1,-0.23695517,0.31511912
0,0,0,0,1,-0.19744778,-0.11658948
0,0,0,0,1,0.73476624,-0.389854
0,0,0,0,1,-0.71576524,-0.23877521
0,0,0,1,0,-2.564762,0.72467643
0,0,0,0,1,0.51929,-1.1218228
0,0,0,1,0,-3.2674146,0.12701562
0,0,0,0,1,0.44172978,-0.69272876
0,0,0,0,1,0.87563634,-0.45965663
0,0,0,1,0,-3.151775,-0.31089586
0,0,0,0,1,0.197474,-0.48102215
0,0,0,0,1,-0.38935113,-0.34552544
0,0,0,0,1,0.21304965,-0.8827491
0,1,0,0,0,6.972168,0.44616088
0,0,0,0,1,-0.86256766,0.31385794
0,0,0,0,0,-1.4329021,-0.993951
0,0,0,0,1,0.029199362,0.0024170943
0,0,0,0,1,-0.05604005,-0.98141164
1,0,0,1,0,-3.7342854,-0.28965074
1,0,0,0,0,0.4059925,0.63580704
0,0,0,0,1,-0.12419486,0.096829824
1,0,0,1,0,-0.93592525,0.5471376
1,0,0,0,0,-0.46151757,0.8077484
0,0,0,0,1,0.42283368,0.36761034
0,0,0,0,1,0.19428062,-0.7000077
0,0,0,1,0,-4.2739797,-0.6534718
0,0,0,0,1,0.16208315,-0.07879458
0,0,0,0,1,-0.07764506,0.37594315
0,0,0,1,0,-2.9762394,-0.61112267
0,0,0,0,0,-1.9678364,-0.1395839
0,0,0,0,0,-2.2404575,0.15864879
0,0,0,0,0,-1.8603153,-0.46032864
0,0,0,1,0,-4.0745673,-0.72332793
0,0,0,1,1,0.7164273,-0.00046829638
0,0,0,0,1,-0.576097,-0.027440492
0,0,0,0,1,0.63551164,-0.12085101
0,0,0,0,1,0.19818425,0.057044785
1,0,0,0,0,-0.39892578,0.7426516
0,0,0,0,1,-0.6932075,0.13055724
0,0,0,0,1,-0.19602513,0.2657707
0,0,0,0,1,0.49817395,0.25771692
0,0,0,0,1,-0.36568022,-0.3868145
0,0,0,0,1,0.105345726,-0.045704067
0,0,0,0,1,0.53680325,0.0075578783
0,0,0,0,1,0.55212283,0.071054935
0,0,0,0,1,0.92289996,-0.32460755
0,0,0,1,0,-2.7544637,0.19026963
0,0,0,0,1,0.84966946,-0.5445107
0,0,0,1,0,0.9507382,0.11853485
0,0,0,0,1,-0.42603707,0.4377156
1,0,0,1,0,-0.32059216,0.872812
0,0,0,0,1,0.30060887,-0.036726445
0,0,0,0,1,0.5172906,0.12575473
0,0,0,0,1,0.08842683,0.14493154
0,0,0,0,1,-1.8324597,-0.109992824
0,0,0,0,1,0.33196855,-0.7819554
0,0,0,0,0,-0.64621234,0.7012883
0,0,0,0,1,0.3648541,0.036542512
0,0,0,0,1,0.5781112,-0.08021432
0,0,0,0,1,0.49221587,-0.09300728
0,0,0,1,0,-3.176779,0.21713573
0,0,0,0,1,0.26376915,0.3138882
0,0,0,1,0,-1.96574,-0.050815143
0,0,1,1,1,0.8729646,0.17355867
0,0,0,0,1,0.7543371,-0.29339555
1,0,0,1,0,-3.516684,-0.5072999
0,0,0,0,1,0.93294096,-0.08735781
0,0,0,0,1,0.11963606,0.014782139
0,0,0,0,1,-0.5074904,0.26516527
0,0,0,0,1,0.6040523,-0.06929076
0,0,0,1,1,-0.09236026,0.30767447
0,0,0,0,1,0.9455931,0.048589144
0,0,0,0,1,0.08862662,0.22735603
0,0,0,0,0,-1.3240347,0.6304366
0,0,0,0,1,-0.14546895,-0.22203754
0,1,0,0,0,7.4409237,0.3735189
0,0,0,0,1,1.0602438,0.1436971
1,1,0,0,0,10.697282,0.5000344
0,0,0,0,1,1.1359212,-0.04581582
0,0,0,0,1,1.4140894,0.063570105
0,0,0,1,1,0.32099366,-0.09778021
0,0,0,0,1,-0.39547133,-0.7768645
0,0,0,0,1,0.35457945,-0.29023346
0,0,0,0,1,0.010543346,0.38569632
0,0,0,1,1,-0.34642005,-0.57817423
0,0,0,1,0,-3.671322,-0.40498206
0,0,0,0,1,0.14933014,-0.0112149995
0,0,0,0,1,1.0781066,-0.4712669
0,0,0,1,0,-4.2794666,-0.7823722
0,0,0,0,1,0.6241586,-0.67030776
0,0,0,0,1,-0.09149742,0.1916798
0,0,0,1,0,-3.9517722,0.009169223
0,0,0,0,0,-2.145346,-0.012932186
0,0,0,1,0,-2.9422636,-0.89081347
0,0,0,0,1,0.587471,-0.5292099
0,0,0,0,1,-1.5177858,-0.0076991087
0,0,0,1,0,-3.5532303,-0.054596614
0,0,0,0,1,0.28216958,0.19050823
0,0,0,0,1,0.9103968,0.22961232
0,0,0,1,0,-2.2193995,0.13285224
0,0,0,0,1,0.012950659,-0.040938612
0,0,0,0,1,-2.0892358,0.061038207
0,0,0,0,1,0.427397,-0.31063974
0,0,0,0,1,-0.4747839,0.048366446
0,0,0,0,1,-1.895838,0.23833905
0,0,0,0,1,1.3993208,-0.023370126
0,0,1,0,0,-1.6978443,0.138087
0,0,0,0,1,0.82678556,0.096612155
1,0,0,1,0,-3.408348,-0.5847375
1,0,1,1,0,-0.9478915,0.9355371
0,0,0,0,1,0.39767504,0.037068613
0,0,0,1,0,-2.9319537,0.46229404
0,0,0,1,0,-3.7614954,0.20420815
0,0,0,0,1,0.73751664,-0.601641
1,0,0,0,1,-0.52074575,0.48034796
0,0,0,0,1,-1.5890627,0.276749
0,0,0,0,1,0.21370983,0.051209107
0,0,0,1,0,-4.086608,-0.43382594
0,0,0,0,1,0.9141023,0.03116466
0,0,0,0,1,0.48559475,0.3222017
1,0,0,1,0,-3.4674196,-0.58294326
0,0,0,0,1,0.86669517,-0.115791194
0,0,0,1,0,-3.4979253,0.2078597
0,0,0,0,1,0.05626011,-0.14848247
0,0,0,1,0,-2.3473775,-0.3729724
0,0,0,0,1,-0.08273268,-0.06653628
0,0,0,0,0,-2.5899749,-0.37231943
1,0,0,1,0,-3.5119197,-0.67488295
0,0,0,0,1,-1.744324,0.0026856002
0,0,0,0,1,-2.202252,0.15892068
0,0,0,0,1,-1.0310133,-0.053381793
0,0,0,0,1,-1.3094997,0.09493476
0,0,0,0,1,0.59503984,-0.094687685
0,0,0,0,1,0.5899837,0.19824734
0,0,1,1,0,-3.0277436,-0.06670659
0,0,0,1,0,-3.5256002,0.37658507
0,0,0,0,1,1.0125756,-0.060932115
0,0,0,0,1,0.29025578,-0.11878275
0,0,0,0,1,-0.19866896,-0.025901439
0,0,0,0,1,0.6289921,-0.025659785
0,0,0,0,1,-0.07316208,0.20772143
0,0,0,1,1,0.5521145,-0.048478235
0,0,1,0,1,0.9648032,0.038673125
0,0,0,0,1,0.3167467,0.21044502
0,0,0,0,1,0.103239775,0.18158956
0,0,0,0,1,0.09015012,-0.8293612
1,0,0,0,0,-0.08983803,0.733261
0,0,0,0,1,0.124650955,0.036508232
0,0,0,0,1,-0.7776625,0.4141851
0,0,0,0,1,0.620451,0.012194815
0,0,0,1,1,0.55259776,-0.43386808
0,0,1,1,0,-1.4140408,1.0696492
1,0,0,1,1,0.022525072,-0.5526334
0,0,0,1,1,0.21228051,-0.17570263
0,0,0,1,1,0.15684056,0.1330793
0,0,0,0,1,0.66563773,-0.24260692
1,1,0,0,0,8.40474,-0.0112149995
0,0,0,0,1,0.26495624,-0.04191401
0,0,0,0,1,-2.115673,0.49067742
0,0,0,0,1,0.57824206,0.18029173
0,0,0,0,1,0.4751711,0.02907595
0,0,0,0,1,0.109546185,0.1458881
0,0,0,0,1,-0.13562179,-0.74790806
0,0,0,0,1,-0.31326175,-0.95896846
0,0,0,0,1,0.17322755,0.17549197
0,0,0,0,1,0.26515388,0.12743941
0,0,0,0,1,1.0784304,-0.10128091
0,0,0,0,1,0.7043586,-0.31787503
0,1,0,0,0,7.2901583,0.33094975
0,0,1,0,0,-2.5008714,0.001752444
0,0,0,1,0,-3.726839,-0.2992194
0,0,0,0,1,0.32161307,0.06716358
0,0,0,1,0,-1.9165227,0.23146664
1,1,0,0,1,10.898576,-0.017478723
0,0,0,1,0,-3.647904,-0.75028896
0,0,0,0,1,0.13213539,-0.0015933729
0,0,0,0,1,1.2087338,-0.19044603
0,0,0,1,0,-2.0626357,-0.85472435
1,1,0,0,0,9.455955,0.49967963
0,0,0,0,1,-1.6680791,-0.17684667
0,0,0,0,1,-1.9737797,0.018002704
0,0,0,1,0,-1.922296,0.39796072
0,0,0,1,0,-3.5924904,0.7358807
0,0,0,0,1,0.19098544,-0.03612961
0,0,0,1,1,-0.37290525,0.35793418
0,0,0,0,1,-1.0353668,0.12159463
0,0,0,1,0,-3.3580556,0.32371375
0,0,0,0,1,0.59863615,-0.9096987
0,0,0,0,1,0.80319977,0.34845555
1,0,0,0,0,0.37967968,0.55715567
1,0,0,0,0,0.4086995,0.425344
0,0,0,0,1,0.8110428,0.09678221
0,0,0,0,1,0.5330994,-0.0019184136
0,0,0,1,0,-2.4976885,-0.3476044
0,0,0,0,1,-0.49468827,0.16838266
0,0,0,1,0,-3.2592535,-0.4174861
0,0,0,0,1,-0.42490602,0.538122
0,0,0,0,1,0.84821916,-0.40354505
0,0,0,0,1,0.11081505,0.5868185
0,0,0,0,1,0.36099458,-0.0048036333
0,0,0,0,1,0.7022636,-0.882346
0,0,0,0,1,-0.4826615,0.355742
0,0,0,1,0,-3.4264991,-0.9382591
0,0,0,0,0,-2.4950159,0.14493154
0,0,0,1,0,-3.5247915,-0.4535249
1,1,0,0,0,9.682242,0.08101496
0,0,0,0,1,-0.026729584,0.14826192
0,0,0,0,1,0.0015363693,-0.43976387
1,0,0,0,1,-0.07906723,0.7082505
0,0,0,0,1,0.3537438,0.33232924
0,0,0,0,1,0.46110296,0.1990091
1,1,0,0,0,10.071835,0.1425407
0,0,0,1,0,-2.9363997,-0.10403964
0,0,0,1,0,-2.8499448,0.012038158
0,0,0,0,1,-0.42860198,0.2566852
0,0,0,1,0,-2.445436,0.2764488
0,0,0,0,1,0.31253457,0.49185112
0,0,0,0,1,0.9419098,-0.08440617
0,0,0,0,1,-0.8670659,0.0136741055
1,1,0,0,0,9.829089,0.21209265
1,1,0,1,0,8.901362,0.30922425
0,0,0,0,1,0.40396953,0.071971774
0,0,0,0,1,-1.1996257,-0.08880559
0,0,0,0,0,-2.2424393,0.17571251
1,1,0,0,0,7.2057924,-0.66455907
0,0,0,0,1,1.2186823,0.40649495
0,0,0,1,0,-3.4525862,-0.7340615
0,0,0,0,1,-1.9788957,-0.33154368
0,0,0,0,1,0.6001158,0.089786194
0,0,0,1,0,-2.8943808,-0.7922157
0,1,0,0,0,6.941828,0.38915893
1,0,1,0,0,-0.35790277,0.8953421
1,1,0,0,0,4.758831,0.39910743
0,0,0,0,0,-2.5403364,0.3668064
0,0,0,0,0,-1.3229704,-0.1649093
0,0,0,0,1,0.42792892,-0.14074905
0,0,0,0,1,0.41027665,0.22735603
1,0,0,1,0,-3.7842863,-0.46538743
0,0,0,0,1,0.82079077,-0.8201038
0,0,0,0,1,0.9337337,-0.5307781
0,0,0,0,1,0.7230129,-0.06770912
0,0,1,1,0,-3.0361586,-0.16444343
0,1,0,0,0,6.1051226,0.03172233
0,0,0,0,1,-0.5040176,0.39705694
0,0,0,0,1,0.22064829,-0.038327552
0,0,0,0,0,-1.860703,-0.6054179
0,0,0,0,1,-2.0012722,-0.11951606
0,0,0,0,1,0.7439296,-0.28225806
0,0,0,0,1,0.4851625,-0.36597347
0,0,0,1,1,0.5425968,-0.11664713
0,0,0,1,0,-3.792816,-0.5828264
0,0,0,0,1,-0.44878364,0.25034255
0,0,0,1,0,-3.4735496,-0.18766505
0,0,0,0,1,0.64613533,0.24153674
0,0,0,0,1,-0.24194908,0.4744893
0,0,0,1,1,0.6019652,-0.45049548
0,0,0,0,1,0.3113253,0.050865196
0,0,0,1,0,-3.2920928,-0.037989013
0,0,0,0,1,0.85152507,-0.9989205
0,0,0,0,1,0.0862174,0.08634852
0,0,0,1,0,-4.190363,-1.1237818
0,0,0,0,0,-2.1962574,-0.14626682
0,0,0,0,1,-0.08708787,-0.13602467
0,0,0,0,1,-0.6374943,0.12400136
0,0,0,0,1,0.14578295,0.24133404
0,0,0,0,1,0.87929964,-0.18181582
1,0,0,0,0,0.33846807,0.4547926
0,0,0,0,1,1.1778877,0.041413795
0,0,1,1,0,-3.800443,-0.40188515
0,0,0,0,1,1.2465422,-0.1161566
0,0,0,0,1,-1.5037384,-0.5428975
0,0,0,0,1,-0.2178986,0.63485646
0,0,0,0,1,-0.59994435,0.013503499
0,0,0,0,1,-0.90411544,0.31931147
0,0,0,0,1,0.73299646,-0.46860117
0,0,0,0,1,-0.36283946,-0.50840855
0,0,0,0,1,-0.10288882,0.13240737
0,0,0,0,1,0.16544819,0.23593034
0,0,0,0,1,0.6524248,-0.08509734
0,0,0,0,1,-1.804399,0.11260129
0,0,0,0,1,0.50880885,0.5150406
0,0,0,0,1,-1.5718341,0.08136682
0,0,0,0,1,-0.07507825,-0.05511332
1,1,0,0,0,8.02965,-0.78049827
0,0,0,0,1,0.09287858,0.040933605
0,0,0,0,1,-1.8556387,0.2810939
1,0,0,1,0,-3.4773726,-0.722511
0,0,0,0,1,0.35392332,0.121248305
0,0,0,1,0,-2.0104668,-0.120474644
0,0,0,1,0,-3.7136347,-0.028606743
0,0,0,0,1,-1.7543206,0.037222143
0,0,1,0,1,0.17174792,0.013338931
0,0,0,0,1,0.6177814,-0.09465837
0,0,0,1,0,-2.8417368,-0.6589606
0,0,0,0,1,-1.055831,0.22721556
0,0,0,0,1,-0.92052555,-0.03766552
0,0,0,0,1,0.18457341,-0.84089535
0,0,0,0,1,-0.4211731,0.23907839
0,0,0,0,1,0.3307016,-0.22176693
0,0,0,1,0,-2.8039997,0.7120663
0,0,0,0,1,0.15898538,0.3645508
0,0,0,0,1,0.20746636,0.29093078
0,0,0,0,1,-0.01189208,-0.111111276
0,1,0,0,0,6.7539845,-0.80390304
0,0,0,0,1,0.71690464,0.28176418
0,0,0,0,1,0.79128695,-0.08163607
0,0,0,0,1,0.17486215,-0.46579114
0,0,1,0,1,0.5051358,0.113236375
0,0,0,0,1,0.28628182,-0.10358939
0,0,0,0,0,-2.216793,0.11564752
0,0,0,0,1,-0.5820484,0.33915588
0,0,0,0,1,0.65401864,0.17371993
1,0,0,1,0,-3.6302304,0.030712165
0,0,0,1,0,-4.2822266,-0.8160712
0,0,0,0,1,0.6210604,-0.140877
0,0,0,0,1,0.5213554,-0.06355068
0,0,0,0,1,0.2674153,0.03246541
0,0,0,1,0,-3.2999086,-0.016631206
0,0,0,0,1,0.28534722,-0.05297718
0,0,0,0,1,0.51827025,-0.9778577
0,0,0,0,1,-1.4489586,-0.037124533
0,0,0,0,1,1.3551338,0.023654208
0,0,0,0,1,-0.42397165,0.15987435
0,0,0,0,1,-1.63989,-0.7827917
0,0,0,0,1,-0.14527607,0.24445845
1,0,0,0,1,-0.17159605,0.45347726
0,0,0,0,1,-0.10421252,0.2949011
0,0,0,0,1,1.6927493,-0.080096774
0,0,0,0,1,0.57111025,-0.005917901
0,0,0,0,1,0.25823188,0.21401292
0,0,0,0,1,0.8783622,-0.20362
0,0,0,0,1,0.7052057,0.2600344
0,0,0,0,1,0.9340129,0.050186556
0,0,0,1,0,-3.1211033,-0.7075806
0,0,1,1,0,-2.5487297,0.12824924
0,0,0,0,1,-0.013096094,-1.0933706
0,0,0,0,1,0.53774405,0.20604599
1,1,0,0,0,4.341818,0.53407276
0,0,0,0,1,0.38473964,0.34096003
1,0,0,0,0,0.2220285,0.30356878
0,0,0,0,1,-1.5162015,0.1709454
0,0,0,0,1,0.07334614,0.3467354
0,0,0,1,0,-4.1967964,-1.0754585
0,0,0,0,1,0.23989654,0.37119004
1,0,0,1,0,-0.21059203,0.30479923
1,0,0,0,1,0.46117425,0.57897
0,0,0,0,0,-2.5242045,-0.2475089
0,0,0,0,1,0.703948,0.37029362
0,0,0,1,0,-2.9399474,-0.5621007
0,0,0,0,1,1.0019627,-0.5272247
0,0,0,0,0,-2.093333,0.12786013
0,0,0,0,1,-0.07712507,0.47285628
0,0,0,1,0,-4.0591707,-0.6975654
0,1,0,0,0,7.6664753,0.70431024
0,0,0,0,1,1.872741,-0.2576337
0,0,0,1,0,-2.6879873,-0.4269589
0,0,0,0,1,-0.092077255,-0.32791096
0,0,0,0,1,-1.8972118,0.12040486
0,0,0,0,1,0.46376157,0.25448924
0,0,0,0,1,0.45894217,0.30479923
0,0,0,0,0,-2.1908398,0.065884024
0,0,0,1,0,-3.0780542,-0.36283514
0,0,0,0,1,0.0001244545,0.46134976
0,0,0,0,1,0.2191863,0.10215397
0,0,0,0,1,-0.03133464,0.4254105
0,0,0,0,1,-0.16806507,0.058479287
0,0,0,1,1,-0.17064118,0.111178756
1,0,0,0,1,-0.5390005,0.4896677
0,0,0,1,0,-3.8741596,-0.7999947
0,0,0,0,1,0.68131304,-0.020533327
0,0,0,1,0,-2.812099,-0.10013251
0,0,0,0,1,-0.55375266,0.5733308
0,0,0,0,1,0.5983517,-0.2512012
0,0,1,1,0,-2.8545163,-0.07273274
0,0,0,0,1,0.29644823,-0.102170676
0,0,0,0,0,-1.9455385,0.01809889
0,0,0,1,1,0.18212247,-0.25564694
0,0,0,0,1,0.107084274,0.023465065
0,0,0,0,1,-0.65629363,0.21401292
0,0,0,0,1,0.73782873,-0.31089586
0,0,0,0,1,0.1763959,-0.14166656
0,0,0,1,0,-0.6012504,0.697725
1,0,0,0,0,0.3235612,0.5204364
0,1,1,1,0,6.4146824,0.07571343
0,0,0,0,1,0.14076829,0.31166202
1,1,0,0,0,9.11572,0.5551425
0,0,0,0,1,0.12875009,-0.18120597
0,0,0,0,0,-2.4245846,-0.052668303
0,0,0,0,1,0.49381924,-0.23914605
0,0,0,0,1,0.49386334,-0.48831365
0,0,0,0,1,0.1665492,0.10085835
0,0,0,0,1,0.04816413,0.12904093
0,0,0,0,1,-0.06951094,0.13857636
0,0,0,0,1,-0.80692315,-0.0017513153
0,0,0,0,1,0.24293518,-0.29341155
0,0,0,0,1,0.2942307,0.2029562
0,0,0,0,1,0.2906847,-0.06858196
0,0,0,0,1,-0.7394614,0.14192232
0,0,0,1,0,-3.2632906,0.11728847
0,0,0,0,1,0.2834332,0.41451573
0,0,0,0,0,-0.9769592,0.68156034
0,0,0,0,1,0.3731165,-0.1244078
1,1,0,0,0,6.500288,0.2298387
0,0,0,0,1,0.060970068,-0.0026856002
0,0,0,0,1,-0.40089035,0.25735226
0,0,0,0,1,-0.006318569,-0.19192651
0,0,0,1,1,1.2231596,-0.12689218
0,0,0,0,1,-0.35828543,0.40898684
0,0,0,0,1,0.086835384,0.06288652
0,0,0,0,1,0.20235181,0.37964478
0,0,0,0,1,0.44879413,-0.25220683
1,1,0,0,1,10.838437,-0.7365011
0,0,0,1,0,-3.683568,-1.0365254
0,0,0,0,1,-0.9359474,-0.33312473
0,0,0,0,1,-1.3197384,0.14468361
0,0,0,1,0,-3.5240712,-0.2906883
0,0,0,0,1,0.3264451,-0.11432218
0,0,0,0,1,0.46982312,-0.46260726
0,0,0,0,1,-0.16964364,0.24904317
0,0,0,0,1,0.599488,-0.24195689
0,0,0,0,1,-0.9284971,0.13910644
0,0,0,0,1,0.35654402,0.17630304
0,0,0,0,1,0.19134331,0.17777137
0,0,0,0,1,0.091073036,-0.007515759
0,0,0,0,1,-0.64592266,0.3295755
0,0,0,0,1,0.1709733,-0.11825989
1,0,0,0,1,0.08918667,0.3801867
0,0,0,0,1,-0.12500858,-0.13678789
0,0,0,0,1,0.29548335,0.23909451
0,0,0,1,0,-2.3355823,-0.56472635
0,0,0,1,0,-3.3350394,-0.57866836
0,0,0,0,1,-1.3124228,0.29607618
0,0,0,1,0,-2.857516,-0.5680335
0,0,0,1,0,-2.5706394,-0.1125983
0,0,0,1,0,-2.7682452,-0.04331527
0,0,0,0,1,-1.6150985,0.13052064
1,1,0,0,0,7.3423243,-0.17660055
0,0,0,1,0,-2.8243935,-0.60316426
0,0,0,0,1,0.6102438,-0.028606743
0,0,0,0,0,-2.1575243,0.49020755
0,0,0,0,0,-2.198837,-0.8889422
0,0,0,1,0,-2.985241,-0.83380854
0,0,0,0,1,-1.426404,0.30145046
0,0,0,1,0,-4.360905,-0.94350475
0,0,0,0,1,-0.07092166,-0.5282944
1,0,0,1,0,-3.2947097,-0.42644778
0,0,0,0,1,0.92119503,0.23058988
1,1,0,1,1,-3.690308,-0.78780556
0,0,0,0,1,-0.31752443,-0.083059855
0,0,0,0,1,-0.36193156,-0.07900057
1,0,0,1,0,-0.0803926,0.68997467
0,0,0,1,1,-0.18552518,0.0154222045
0,0,0,1,0,-3.601655,-0.7622604
1,1,0,0,0,10.757909,0.6093747
0,0,0,0,1,0.6959162,-0.31656212
0,0,0,1,0,-2.4871132,-0.1892575
0,0,0,0,1,0.25667858,0.19023177
0,0,0,1,0,-3.8857212,-0.41538978
0,0,0,0,1,-0.3216381,0.25236505
0,0,0,0,1,-0.42047524,0.27914083
0,0,0,1,0,-3.7512524,-0.40239695
0,0,0,0,1,-0.43673015,-0.40670916
0,0,0,1,0,-2.3865407,-0.30046982
0,0,0,0,0,-2.7591615,0.1911535
1,0,0,0,0,9.121216,0.54551697
0,0,0,1,1,0.01189208,-0.051770303
0,0,0,0,1,1.1771,-0.39798597
0,0,0,0,1,0.050149918,-0.0759469
0,0,0,0,1,-0.08463645,0.31231746
0,0,0,0,1,-1.3106151,0.027813574
0,0,0,0,1,-0.59226847,0.038492896
0,0,0,0,1,-0.22199559,-0.058644395
0,0,0,0,1,0.668936,0.04492818
0,0,0,0,1,0.63817716,-0.09891946
0,0,0,0,0,-2.1906981,-0.22873175
0,0,0,1,0,-2.644404,-0.44137728
0,0,0,1,0,-3.2773685,-0.016870666
0,0,0,0,1,0.27714586,-0.12589385
0,0,0,0,1,0.49713254,0.24943314
0,0,0,0,1,0.80089855,0.23947488
0,0,0,0,1,-0.118033886,0.18836004
0,0,0,1,1,-0.9802036,0.33138847
0,0,0,0,1,-0.31556726,-0.47005212
1,1,0,0,0,5.628477,0.46429768
0,0,0,0,1,1.1371274,-0.40771535
0,0,0,0,1,1.1508682,-0.013126531
0,0,0,0,1,1.1044717,0.1513773
0,0,0,1,0,-3.4116433,-0.29017535
0,0,0,0,0,-2.3228822,-0.19603135
0,0,0,0,1,-0.3535788,0.15566038
0,0,0,0,1,-0.9798868,-0.46697372
0,0,0,0,1,-0.013746262,0.0015933729
0,0,0,0,0,-0.8205149,0.4900473
0,0,0,0,1,-0.073767185,0.44575882
0,0,0,1,1,-1.1518564,-0.14346823
0,0,0,0,1,-2.0031197,0.3798869
1,0,0,0,0,0.7334759,0.701371
0,0,0,0,1,-0.6491368,-0.017242448
0,0,0,1,0,-4.2885876,-0.83446056
0,0,0,0,1,-0.2594502,-0.28670806
0,0,0,0,1,0.006318569,-0.29044646
0,0,0,0,0,-2.0300794,0.18618545
0,0,0,0,1,0.8353102,-0.51974976
1,0,0,0,0,0.5592489,0.46874934
1,0,0,1,0,0.40051723,0.43134305
0,0,0,0,1,0.37445045,0.32598004
0,0,0,0,1,0.74169827,0.10945451
1,1,0,0,0,9.547512,0.15926576
1,1,0,0,0,9.420894,0.20149729
0,0,0,0,1,0.19664288,-0.031298522
0,0,0,1,0,-3.2067728,-0.40687087
0,0,0,0,1,1.0344832,0.3895228
0,0,0,0,0,-2.4274757,-0.73927087
0,0,0,1,0,-3.6861644,-0.37070224
0,0,0,1,0,-3.162697,-0.86713034
0,0,0,0,1,0.2322247,-0.59315354
0,0,0,0,1,0.2801137,0.37143296
0,0,0,1,0,-3.5245736,0.15660727
0,0,0,0,1,0.03095889,0.36516342
0,0,0,0,1,1.0057745,-0.91460615
0,0,0,0,1,-0.78748775,0.5607423
1,0,0,0,0,0.03513646,0.7006263
0,0,0,0,1,0.41155887,0.05776207
0,0,0,0,1,-0.0001244545,0.40911126
0,0,0,1,1,0.38435435,-0.022499768
0,0,0,0,1,0.9627187,0.06872194
0,0,0,0,1,0.4013691,0.15651622
0,0,0,1,0,-2.8795142,0.13334417
0,0,0,1,0,-3.7521179,-0.92778283
1,0,0,1,1,-3.4890013,-0.39229077
0,0,0,0,1,-1.061842,-0.35505718
0,0,0,0,1,1.0392494,-0.06892332
0,0,0,1,1,1.0408621,-0.3396804
0,0,0,0,0,-2.6606443,0.16825579
0,0,0,0,1,-0.20239258,0.36744386
1,0,0,1,0,-2.6058698,-0.30260807
0,0,0,1,0,-2.5784023,0.44468948
0,0,0,0,1,0.36315084,-0.8059374
0,0,0,0,1,-0.9492216,-0.23250721
0,0,0,0,1,0.5765517,-0.73526126
0,0,0,0,1,0.109623194,-0.13659638
1,0,0,0,0,0.3443637,0.4938577
0,0,0,0,1,0.85418963,-0.14065073
0,0,0,0,1,0.8916435,-0.4494377
0,0,0,1,0,-3.1664631,0.09456926
0,0,0,0,1,0.18777585,0.27888846
0,0,0,0,1,0.18942046,0.43814617
0,0,0,0,0,-1.4009669,0.44222736
0,1,0,0,0,5.449399,-0.707509
0,0,0,0,1,0.2744913,-0.45043722
0,0,0,1,0,-2.3253198,0.12914503
0,0,0,0,0,-2.765055,0.25080636
1,0,0,1,0,-0.6311376,0.40176257
0,0,0,0,0,-0.9789059,0.60333586
0,0,1,0,1,0.20002747,0.09218058
0,0,0,0,1,-1.7127333,-0.30980608
0,0,0,0,0,-2.2849069,-0.0033504216
0,0,0,0,1,-0.2144072,-0.985872
0,0,0,0,1,0.29223585,-0.009444091
0,0,0,1,0,-0.6935184,-0.8545222
0,0,0,1,0,-3.497319,-0.20658863
0,0,0,0,1,0.2427404,0.0716147
0,0,0,1,0,-4.230791,-0.5538552
1,0,0,0,0,0.3852129,0.12064087
0,0,0,0,1,-0.7141373,0.0919424
0,0,0,0,1,-0.82566214,0.28720522
0,0,0,0,1,1.0620985,-0.3209152
0,0,0,1,1,-0.18768549,0.37326422
0,0,0,0,0,-2.6606855,-0.5652872
0,0,0,0,0,-2.1427352,0.28218806
0,0,0,1,0,-2.0058734,0.20369266
0,0,0,1,0,-3.9529455,-0.2855706
0,0,0,0,1,-0.23310637,0.26324427
0,0,0,0,1,-0.2487216,0.14702472
0,0,0,1,0,-3.7333336,-0.5892036
0,0,0,1,0,-2.6381989,0.56704086
0,0,0,0,1,0.12304425,0.39589557
0,0,0,0,1,-0.91156554,0.18955645
0,0,0,0,1,0.46141768,0.12808445
0,0,0,0,1,0.4113052,0.16692488
0,1,1,0,0,3.8158712,-0.03783099
0,0,0,1,1,-0.24587989,-0.6570282
0,0,0,0,1,0.31860542,-0.25384298
0,0,0,0,1,-0.16841912,0.1613105
0,0,0,0,1,0.013062954,0.08927236
0,0,0,0,1,0.46416593,-0.12727097
0,0,0,0,1,0.6555767,-0.11869652
0,0,0,0,1,0.6710062,-0.16338032
1,0,0,0,0,0.4000554,0.37055227
0,0,1,1,0,-2.952267,-0.10862298
0,0,0,0,1,-0.48791456,-0.09164535
0,0,0,0,1,0.6925554,-0.17185895
0,0,0,0,1,-0.56429076,0.6153066
0,0,0,0,1,-0.9821482,0.33835712
0,0,0,0,1,0.4623263,0.15189798
0,0,0,0,1,-0.025294304,0.18913552
0,0,0,0,1,1.4333286,-0.72717935
0,0,0,0,1,0.5730989,0.31945086
0,0,0,1,0,-3.495915,-0.74128175
0,0,0,0,1,-0.09248376,0.33221152
0,0,0,1,0,-3.8430803,0.029516757
0,0,0,0,1,-0.14127445,0.3059195
0,0,0,0,1,-0.75713634,0.00046829638
0,0,0,1,1,0.30512786,-0.051158447
0,0,0,1,0,-4.0941677,-0.4281866
0,0,0,0,1,0.23237133,0.24931313
1,0,0,1,0,1.144321,0.37909666
0,0,0,1,0,-3.5632074,-0.20749103
0,0,0,1,0,-2.527205,0.47335622
0,0,0,0,1,-1.4097254,0.15237144
1,0,0,1,0,-3.3148406,0.092723094
0,0,0,0,1,0.70064974,-0.15888762
0,0,0,0,1,1.0997746,-0.034738373
0,0,0,0,1,2.1887016,0.26624012
1,0,0,1,1,-6.050641,-0.9505327
0,0,0,1,0,-2.891755,-0.35140952
0,0,0,0,1,-0.55054855,0.08649467
0,0,0,1,1,-0.31230664,-0.26647425
0,0,0,1,0,-3.925309,-0.6112286
0,0,0,0,1,0.08710122,0.16057359
0,0,0,0,1,0.10346246,-0.3189944
0,0,0,0,1,0.3369851,0.36317864
0,0,0,0,1,0.13131428,0.0015620575
0,0,0,0,0,-2.3021927,0.011343841
1,0,0,0,0,0.5455613,0.82566106
0,0,0,1,0,-3.236896,-0.45898584
0,0,0,0,1,1.2249475,-0.21370813
1,1,0,1,0,10.481495,0.0065122126
0,0,0,0,1,-0.07944775,-0.11946955
0,0,0,0,1,1.011467,0.05380036
0,0,0,1,0,-2.5878096,-0.23583041
0,0,0,0,1,-1.1652174,-0.054971613
0,0,0,0,1,0.99724746,0.42252794
1,0,1,0,1,0.7739525,0.72892505
0,0,0,0,1,-0.44032001,-0.48909867
0,0,0,1,0,-3.6800146,-0.20831285
0,0,0,0,0,-1.7607267,0.35789862
0,0,0,1,0,-3.1745675,-0.09837617
0,0,0,0,0,-0.048481464,0.5210274
0,0,0,0,1,-0.1768961,0.23323497
0,0,0,0,1,-0.4532075,0.40062645
0,0,0,0,1,0.7713511,0.18561712
0,0,0,0,1,3.0935888,0.10090402
1,0,0,0,0,0.18412733,0.6119627
0,0,0,1,0,-3.9190488,-0.69012344
0,0,0,0,1,-1.4297214,-0.077640876
0,0,0,1,0,-3.6918201,-0.019996492
0,0,0,0,1,0.010884285,-0.01150461
0,0,0,0,1,0.050673485,0.21120211
0,0,0,0,1,-0.023141623,0.08744883
0,0,0,1,0,-1.6700032,-0.22973035
0,0,1,0,1,0.9395659,-0.018578246
0,0,0,0,1,-1.459465,0.19751477
0,0,0,1,0,-3.659001,-0.45410028
0,0,0,1,1,-0.11349344,0.24477787
1,0,0,1,0,-3.667375,-0.96828806
0,0,0,0,1,-0.42725563,-0.39776164
0,0,0,0,1,-0.31837606,0.14403886
0,0,1,0,1,0.13913298,0.049503405
0,0,0,0,1,1.0095651,-0.3955322
0,0,0,0,1,0.11409426,-0.056672823
0,0,0,1,1,0.06666756,-0.13890842
0,0,0,0,1,0.7264643,0.12194529
0,0,0,0,1,0.66224146,-0.11508144
0,0,0,1,0,-3.7957888,-0.982056
0,0,0,0,1,-0.06537795,0.48418024
1,0,0,0,0,-0.394516,0.59841686
0,0,0,0,1,0.5495944,-0.013261451
1,0,0,0,0,0.1872406,0.4894287
1,0,0,0,1,0.7449329,0.41618076
0,0,0,1,0,-4.0642157,-0.7746134
0,0,0,1,0,-1.3582516,-0.23126955
0,0,0,0,1,0.98939466,-0.39345437
0,0,0,0,1,-0.9343281,-0.034674313
0,0,0,0,1,-1.0599661,0.050882395
1,0,1,0,0,0.255013,0.87983596
0,0,0,0,1,1.1504834,-0.07904661
0,0,0,0,1,0.24016237,-0.045315858
0,0,0,1,0,-3.1808674,-0.7603989
0,0,0,0,1,0.18173218,0.24699098
0,0,0,0,1,0.84011316,0.069714345
0,0,0,0,1,-0.040758133,0.53459775
0,0,0,1,0,-2.9058132,-0.70956075
0,0,0,0,1,0.95488167,-0.0012896857
0,0,0,0,1,0.107334614,-0.20154822
0,0,0,0,1,0.285017,-0.070981584
0,0,0,1,0,-3.1582,-0.13251388
1,1,0,0,0,5.9782157,0.12792547
1,0,0,0,1,0.1590929,0.43733466
0,0,0,0,1,0.7764616,0.03202558
0,0,0,0,1,0.1852727,-0.81117755
0,0,1,0,1,0.8525753,-0.08675001
0,0,0,0,1,0.95267534,0.05118858
1,0,0,0,0,0.3773322,0.24710977
0,0,0,0,1,0.26117492,0.07598911
0,0,0,0,1,0.42678833,-0.034365643
0,0,0,0,1,-0.5315809,0.06818702
0,0,0,0,0,-2.114129,0.25050858
0,0,0,0,1,-0.48433352,-0.015351941
1,0,0,0,1,-0.059606552,0.45455825
1,1,0,0,0,6.7179613,-0.010038932
1,1,0,0,0,6.6265044,0.5041356
0,0,0,0,1,0.99903774,0.36133724
0,0,0,0,1,-0.6171255,-0.06231768
0,0,0,0,0,-1.5981355,0.46339512
0,0,0,1,1,-0.783556,0.004110912
0,0,0,0,1,1.1221743,-0.30572692
0,0,0,0,1,0.15592074,0.2793446
0,0,0,0,1,-0.23928094,-0.19355892
0,0,0,1,0,-3.4903572,-0.45828146
0,0,0,0,1,0.6899898,-0.22359242
0,0,0,0,1,0.44941568,0.0152656995
0,0,0,0,1,0.5050912,0.06820305
0,0,0,0,1,1.1667085,-0.036587346
0,0,0,1,0,-3.4198256,-0.11508144
0,0,0,0,1,-1.367176,0.012362097
1,0,0,1,0,-1.9458103,-0.53798145
0,0,0,0,1,-0.16582918,-0.09715673
0,0,0,0,1,-0.4410267,0.15909113
0,0,0,1,1,0.23332167,0.026071372
0,0,0,0,1,-0.12704515,-0.18590446
0,0,0,1,0,-3.0306387,-0.2666913
0,0,0,0,1,-0.2398653,-0.08755303
0,0,0,1,0,-2.5275435,-0.17217185
0,0,0,0,1,1.0208364,-0.13543583
0,0,0,0,1,0.772912,-0.28829512
0,0,0,1,1,0.29669666,0.29706278
0,0,0,0,1,0.21027899,0.096963845
0,0,0,0,1,1.2039788,-0.24009785
0,0,0,1,0,-2.7061152,-0.042012107
0,0,0,0,1,0.34306383,0.088419825
0,0,0,1,0,-3.3958817,-0.3921358
0,0,0,0,1,0.20303535,0.27918792
0,0,0,1,1,0.36933804,-0.9990755
0,0,0,0,1,-0.18610239,0.09205289
0,0,0,0,0,-2.408458,0.4469982
0,0,0,0,1,-1.44013,0.17069249
0,0,0,0,1,-0.03693247,-0.27292702
0,0,0,0,1,0.23223925,-0.022110233
0,0,0,1,0,-2.4923036,0.5459319
1,0,0,0,1,0.08516741,0.38200867
0,0,0,0,1,-0.90953064,0.3656406
1,0,0,0,1,-0.069689274,0.35264876
0,0,0,0,1,0.6635618,0.18280478
0,0,0,1,0,-2.8958473,-0.7843747
1,0,1,0,0,0.1906476,0.7339817
1,1,0,0,0,5.538001,0.082790315
1,1,0,0,0,5.287481,-0.0009567972
0,0,0,1,0,-3.5268016,-0.8122602
0,0,0,0,1,0.9243078,-0.049186636
0,0,0,0,1,-0.19980145,-0.30246344
0,1,0,1,1,-4.5248804,-0.97884196
0,0,0,1,0,-2.3299778,-0.17659973
0,0,0,0,1,-0.5093119,0.07447143
0,0,0,0,1,-0.17011046,0.22935955
1,1,0,0,0,9.6791115,-0.15845278
0,0,0,0,0,-2.1197028,0.017293217
0,0,0,0,1,0.8149562,-0.05888688
0,0,0,0,1,0.38226414,0.05839295
0,0,1,0,0,-1.8881881,0.015348036
0,0,0,0,1,0.85369873,0.013124401
0,0,0,0,1,0.023141623,-0.09745477
0,0,0,0,1,0.50629735,-0.10815394
1,1,0,0,0,6.977684,-1.013415
0,0,0,0,1,0.09152126,0.13315979
0,0,0,1,0,-3.56232,-0.84128785
0,0,0,0,1,0.98209167,-0.41268948
0,0,0,0,1,0.65663576,0.005798001
0,0,0,0,0,-2.412478,0.38641927
1,0,0,0,1,-0.05637598,0.39528164
0,0,0,0,1,-0.06439352,0.010173673
0,0,0,0,1,-0.6992297,0.21411306
0,0,0,0,1,0.06205082,-0.028290289
0,0,0,0,0,-2.0279453,0.033073377
0,0,0,1,0,-2.4681473,-0.12007522
0,0,0,0,1,-0.32709026,-0.0698339
0,0,0,0,1,-0.5413239,0.3082508
0,0,0,0,1,-0.9787774,-0.029096516
0,0,0,0,1,-0.059363842,0.15725297
0,0,0,0,1,1.2602267,-0.17254156
0,0,0,0,1,1.4169099,-0.15384954
0,0,0,1,0,-3.524009,-0.33020604
0,0,0,1,0,-3.3933072,-0.9386098
0,0,0,1,0,-4.0024447,-1.064107
0,0,0,1,1,0.06181717,-0.65853465
0,0,0,0,1,0.32618213,-0.105422944
0,0,0,0,1,-0.78167224,-0.17506537
1,1,1,0,0,6.217179,0.71714115
1,1,0,0,0,5.527922,0.25434422
0,0,0,0,1,0.57933426,-0.6829735
0,0,0,0,1,-0.820343,-0.029957335
0,0,0,0,1,-0.48491693,0.34727266
0,0,0,0,1,-0.04972577,0.19669981
0,0,0,0,1,0.124577045,0.29790035
0,0,0,0,1,-1.127352,-0.016413562
0,0,0,0,1,-1.0111055,0.17323145
0,0,0,0,1,0.6313429,0.11573096
0,0,0,0,1,0.69358873,-0.39543203
0,0,0,1,0,-2.9410882,0.07638881
0,0,0,0,1,0.8134241,-0.08048584
0,0,0,0,1,0.50436354,0.11847836
0,0,0,0,1,0.55944586,-0.43720344
0,0,0,0,1,0.9234624,-0.77817124
0,0,0,0,1,-0.06358957,0.465272
0,0,0,0,1,0.6752119,-0.2431776
1,1,0,0,0,6.3951464,0.6063555
0,0,0,1,0,-3.5388842,-0.8667017
0,0,0,0,1,1.0266554,-0.103969455
0,0,0,0,1,0.740294,-0.18095309
0,0,0,0,1,0.025172472,0.026402451
0,0,0,0,1,1.5397239,-0.17321678
0,0,0,1,0,-3.645341,-0.9918994
0,0,0,0,1,-0.9562504,0.14186318
0,0,1,0,0,-1.626539,-0.09418775
0,0,1,0,0,-0.30509186,-0.10964619
0,0,0,1,0,-2.9190476,-0.18862459
1,0,0,0,0,0.44627953,0.46404317
0,0,0,1,1,0.028979778,-0.0035506687
0,0,0,0,1,0.61428547,-0.162699
1,0,0,1,1,-5.2723975,-0.90071976
0,0,0,0,1,0.74114585,0.37520584
0,0,0,0,1,-0.28631115,0.09915107
0,0,0,0,1,0.4918158,0.23039973
0,0,0,1,0,-1.6707456,-0.1570279
0,0,0,0,1,-1.4581139,-0.16266692
0,0,0,1,0,-2.8068645,-0.043463618
0,0,0,0,1,0.5164349,0.08864751
0,0,0,0,1,0.8218355,-0.004035831
1,1,0,0,0,10.663977,0.55599946
0,0,0,1,0,-3.2793212,0.25212434
0,0,0,0,1,0.33181858,0.19661008
0,0,0,0,1,0.7757542,-0.0022101856
0,0,0,0,1,0.4786818,0.22388081
0,0,0,0,1,-0.16261387,-0.23073284
0,0,1,0,1,0.7450998,-0.064804606
0,0,0,0,1,1.012898,-0.009988873
0,0,0,0,1,0.20033693,0.36370903
0,0,0,0,1,-0.5828085,-0.10991382
1,1,0,0,1,10.442183,-0.18963414
0,0,0,0,1,1.0915599,-0.02810182
0,0,0,1,0,-3.2984731,-0.3026695
0,0,0,0,1,-0.11071634,0.35697433
0,0,0,0,0,2.6896703,0.54196584
0,0,0,0,0,-2.0236661,0.13483955
0,0,0,1,0,-2.9531755,0.16821252
0,0,0,0,1,0.5616162,-0.13214032
0,0,0,0,1,0.56523323,-0.44280592
0,0,0,0,1,0.2317481,0.30517358
0,0,0,0,1,0.5776868,0.11926257
0,0,0,0,1,-0.9087863,-0.2335894
1,1,0,0,0,6.728216,-0.06799219
1,1,0,0,0,6.891764,-0.1413525
1,0,0,0,1,0.118854046,0.38631922
0,0,0,0,1,0.74800587,-0.0760513
0,0,0,1,0,-3.3795836,0.2789227
0,0,0,1,0,-3.1905236,-1.2104299
0,0,0,0,1,0.65431213,-0.25706175
0,0,0,1,0,-3.0997143,-0.94556576
1,0,0,0,0,0.92074513,0.77193797
0,0,0,0,1,1.321964,-0.52784926
0,0,0,0,1,1.0924478,-0.17626092
0,0,0,0,1,-0.14788008,-1.0197269
1,1,1,0,1,1.0678334,0.8428872
0,0,0,1,1,-1.3302479,-0.4161552
0,0,0,0,1,0.24835873,0.009158366
0,0,0,1,0,-3.5048156,0.20299715
0,0,0,1,0,-2.7441542,0.09184545
0,0,0,0,1,0.93089104,0.1415767
1,0,0,1,0,-5.7208815,-0.7572537
0,0,0,1,0,-2.72574,0.022631949
0,0,0,0,1,0.10585976,-0.96123517
0,0,0,0,1,-0.22815943,0.19295172
0,1,1,0,0,4.270108,-0.1298786
0,0,0,0,1,0.7478838,0.028834568
0,0,0,0,1,0.5846553,-0.891718
0,0,0,0,1,1.4307356,-0.9376397
0,0,0,1,0,-3.2731044,-0.042192094
0,0,0,0,1,0.5237098,0.19494231
0,0,0,0,1,-0.29457092,-0.11557702
0,0,0,0,1,0.074147224,-1.1689031
0,0,0,0,1,-0.5397718,0.11582791
0,0,0,0,1,-0.2508211,0.07296235
0,0,0,0,1,0.52808905,-0.9988754
0,0,0,1,0,-3.4493089,-0.7558079
0,0,0,0,0,-2.0004554,0.2342908
0,0,0,0,1,-0.6883693,0.1653424
1,0,0,1,1,-5.7208815,-1.1115389
1,1,0,1,0,-5.2723975,-0.68016607
0,0,0,0,1,0.2972865,-0.7887402
0,0,0,0,1,0.75686145,-0.06393208
1,0,0,0,0,0.3273635,0.6969261
0,0,0,0,1,0.219733,-0.7341452
0,0,0,1,0,-3.6598155,-0.7859232
1,1,0,0,0,8.362675,0.1756513
0,0,0,0,1,-0.3546872,0.08902154
0,0,0,0,1,0.49580383,0.09197996
0,0,0,0,1,-0.37122726,0.06600071
0,0,0,1,1,-1.3746374,0.020488584
0,0,0,0,1,-1.4902534,0.045114398
0,0,0,1,1,1.4000199,-0.49644735
0,0,0,0,1,0.84896374,0.6780194
0,0,0,0,1,0.32057476,-0.767101
0,0,0,1,0,-3.167654,-0.2608188
0,0,0,0,1,0.41941762,0.29457268
0,0,0,0,1,-0.49018312,0.01631187
0,0,0,0,0,-1.9786232,-0.74015063
1,0,0,0,0,0.001229763,0.6025417
0,0,0,1,0,-2.2396235,0.0028605703
0,0,0,0,0,-1.5953858,0.5494558
0,0,0,0,1,0.2597921,0.4255261
1,1,0,0,1,10.997744,-0.50525606
0,0,0,1,0,-3.263958,0.495384
0,0,0,1,0,-3.218351,-0.5961489
0,0,0,0,1,-1.4097285,0.26366037
0,0,0,0,1,-0.49502277,-0.05888688
0,0,0,1,0,-2.9316754,-0.61820656
0,0,0,0,1,-0.37040234,0.27143288
0,0,0,0,1,0.8162074,0.14342389
0,0,0,0,1,0.5465865,0.3896051
0,0,0,1,0,-2.621553,0.031088956
0,1,0,0,0,7.921809,0.5607267
0,0,0,0,0,-1.5451548,-0.050216977
0,0,0,0,1,-1.123107,-0.15655738
0,0,0,1,1,0.78279066,0.06335974
1,0,0,0,1,0.20735693,0.4278222
1,0,0,0,0,-0.10118818,0.531239
0,0,0,0,1,-1.0248728,-0.04472168
0,0,0,0,1,-1.2393742,0.11152432
0,0,0,1,0,-1.8043177,0.5637065
0,0,0,0,1,0.7566664,0.17441022
0,0,0,0,1,1.1051922,-0.09809614
0,0,0,0,1,-0.50369024,0.22908688
0,0,0,0,1,0.2929492,0.2909441
0,0,0,0,1,0.36034918,-0.607633
0,0,1,0,1,-0.9810314,-0.09331442
0,0,0,0,1,1.0515296,0.013732889
0,0,0,0,1,0.41379714,0.3187747
0,0,0,0,1,0.3677125,0.26963723
1,0,0,0,0,0.960253,0.38882974
0,0,0,1,1,0.18149614,-0.7313561
0,0,0,1,1,1.2453928,-0.1781258
0,0,0,1,1,0.8125224,0.12888429
1,1,0,1,1,-4.0528,-0.9566071
0,0,1,0,1,-0.19390297,-0.08691056
0,0,0,1,0,-3.386006,-1.0281705
1,1,0,0,1,11.095861,-0.96868956
0,0,0,0,1,0.3920741,0.41441977
0,0,0,1,0,-2.8885093,-0.29204148
0,0,0,0,1,0.6103339,-0.303333
0,0,0,0,1,0.43331265,0.45668325
0,0,0,0,1,0.4893322,0.07614612
0,0,0,0,1,0.6461971,-0.07993242
0,0,0,0,1,1.0799532,-0.05217439
0,0,0,0,1,0.6300428,0.029743478
0,0,0,0,1,0.27455568,0.2823082
0,0,0,0,1,-0.15466595,-0.055021048
0,0,0,0,1,0.294384,-0.18067959
0,0,0,0,1,-0.48988628,-1.2128149
0,0,1,0,1,-0.11428809,0.0987787
0,0,0,0,1,0.07093191,-0.1359416
1,0,0,0,0,0.7676368,0.46625084
0,0,0,0,1,0.3752265,0.06577629
0,0,0,0,1,0.5783825,-0.6369783
1,0,0,1,0,2.2222805,0.68916434
0,0,0,1,0,-2.2478533,0.17013098
0,0,0,1,0,-3.0283802,0.09265082
1,0,1,0,0,0.2704296,0.8287377
1,0,0,1,0,-4.117913,-0.70999503
0,0,0,0,1,-0.41163778,-0.07364807
0,0,0,1,1,-0.22209644,-0.49257854
0,0,0,1,0,-3.8659034,-1.0000752
0,0,0,0,1,-0.80602837,-0.61880904
0,0,0,0,1,-0.29212904,0.50306237
0,0,0,1,1,-1.0096879,0.28356537
0,0,0,0,1,0.03650093,-0.889597
0,0,1,0,1,-1.0269334,0.0015544478
0,0,0,1,0,-2.4368942,0.13588196
0,1,0,0,0,7.579424,-0.5534161
0,0,0,1,0,-3.5102594,-1.1216167
0,0,0,1,1,0.23998928,0.046340484
0,0,0,0,1,-0.14019585,-0.34521013
0,0,0,1,0,-3.3323433,-0.5757759
0,0,0,0,1,-0.010884285,0.014554448
0,0,0,0,1,0.5001557,0.031171935
0,0,0,0,1,-0.20450306,0.1730547
0,0,0,1,0,-2.8258474,0.63605416
0,0,0,1,0,-3.333663,-1.0760057
0,0,0,0,1,0.32500935,0.27613673
0,0,0,0,1,-1.0163362,-0.08099644
0,0,0,0,0,-1.3690975,-0.16934048
0,0,0,0,1,-1.1005082,0.19560495
0,0,0,0,1,1.2772548,-0.3168176
0,0,0,0,1,0.67187357,-0.38489512
0,0,0,1,1,0.6696315,-0.5465633
0,0,0,0,1,0.4061284,-0.06295447
0,0,0,0,1,-0.046555996,0.04116684
0,0,0,0,1,-0.06996727,0.44345406
0,0,0,1,0,-2.7184408,-0.34285316
0,0,0,1,0,-3.1568573,-0.09385376
0,0,0,1,0,-3.6779506,-0.16652495
0,0,0,0,1,-0.1367836,0.53758854
1,1,0,0,0,9.493988,-0.31749168
0,0,0,1,0,-3.1428928,-0.3787587
0,0,0,0,1,0.06753445,0.05769846
0,0,0,1,0,-1.8861022,0.42918667
0,0,0,0,1,0.25373745,0.24912813
0,0,0,0,1,0.9235959,-0.018537102
0,0,0,0,0,-2.1572595,0.313188
1,0,0,0,1,0.29476047,0.5600727
1,0,0,0,0,-0.02602768,0.5475758
0,0,0,0,1,0.76313543,-0.08675001
0,0,1,0,1,0.48476267,0.040570647
0,0,0,1,1,-0.90818024,-0.03526255
0,0,0,1,1,-1.0779483,0.26212
0,0,1,0,1,0.09981847,0.043780457
0,0,0,0,1,0.85817647,-0.123031616
0,0,0,0,1,0.3481078,-0.09206189
0,0,0,0,1,-1.817544,0.13327421
0,0,0,0,1,0.58244133,0.23371074
1,0,0,0,0,0.2526884,0.44573689
0,0,0,0,1,0.4074607,-0.7247348
0,0,0,1,0,-3.2252154,-0.00565474
0,0,0,0,1,0.31601334,0.16580926
0,0,0,0,1,-0.71546555,-0.14820735
1,0,0,0,0,0.21941519,0.629886
0,0,0,0,1,0.41259098,0.09211398
1,0,0,1,0,-5.2723975,-0.991392
1,0,0,0,0,0.5049548,0.54584277
0,0,0,0,1,0.64396334,0.039402153
0,0,0,0,1,-0.09169912,-0.9534674
0,0,0,0,1,0.7115412,-0.31347698
0,0,0,0,1,0.55144167,0.22750631
0,0,0,0,1,0.60589266,-0.05940697
0,0,0,0,1,0.5696399,0.17920902
0,0,0,0,0,-1.3971725,-0.12311378
0,0,0,0,1,0.09338832,-0.02627574
0,0,0,1,0,-3.696119,-0.73006225
1,0,0,0,0,-0.88776875,0.5858453
0,0,0,0,1,0.011788368,0.022344097
0,0,0,0,1,-0.011788368,0.066551745
0,0,0,0,1,0.37146616,-0.08310845
1,1,0,0,0,7.1461577,-0.059355374
1,1,0,0,0,8.62599,0.14327303
0,0,0,0,1,-1.3248291,-0.033918206
0,0,0,0,1,0.39500928,0.031806152
1,0,0,0,0,-0.13397074,0.5086599
0,0,0,0,1,0.4114163,-0.032679535
0,0,0,1,0,-2.809695,0.116081014
0,0,0,0,1,-0.062469482,0.472799
1,0,0,1,0,-3.4653354,-0.13779834
1,0,0,0,1,1.4167395,-0.16665275
0,0,0,0,0,-2.2503839,0.03733845
0,0,0,1,0,-3.4137666,-1.0714347
0,0,0,1,0,-3.4323022,-0.28672528
0,0,0,0,1,0.3498068,0.17309597
0,0,0,0,1,0.5654347,0.37509343
1,0,0,0,1,-1.4443965,0.31630412
0,0,0,0,1,0.46703005,-0.1331862
0,0,0,1,0,-3.7475734,-0.8859121
0,0,0,1,0,-4.066593,-0.9984758
0,0,0,0,0,-1.5377171,0.06660555
0,0,0,0,1,-1.5662098,0.070674896
0,0,0,0,1,0.06678152,0.040318903
0,0,0,0,1,-0.24577713,0.4393094
0,0,0,0,0,-1.7929039,0.012420233
0,0,0,0,1,2.2263467,0.23971295
0,0,0,0,1,0.7108195,-0.4662624
0,0,0,0,1,0.60134053,0.054219127
1,0,0,0,1,0.3935423,0.29373616
0,0,0,0,1,-0.12367773,0.4750056
0,0,0,0,1,-0.9232607,0.40948474
0,0,0,0,0,-0.91076374,0.4926276
0,0,0,1,0,-3.0487044,-0.4182548
0,0,0,1,0,-3.9078562,-0.5867711
0,0,0,1,1,-0.7709899,-0.0015620575
0,1,0,0,0,4.2359037,-0.72734946
0,0,0,0,1,-0.5761397,0.31364617
0,0,0,0,1,0.4567299,-0.016548472
0,0,0,0,1,-0.40716267,0.2960379
0,0,0,0,1,-1.4511569,-0.77272516
0,0,0,1,0,-2.864476,-0.2067512
0,0,0,1,0,-3.2907522,0.11112925
1,0,1,0,0,0.519639,0.87660533
1,1,0,1,1,-4.163013,-0.8495324
0,0,0,0,1,-1.1044359,-0.048186176
0,0,0,1,1,0.085523605,0.20901531
0,0,0,1,0,-3.926803,-1.0140162
0,0,0,1,0,-3.5177968,-0.4334221
0,0,0,0,1,-0.12537909,-0.2723869
0,0,0,0,1,0.7546921,0.27381155
1,1,0,0,0,10.07782,-0.01565094
0,0,0,0,1,-1.5164483,-0.0015544478
0,0,0,0,1,-1.6168985,0.0009567972
0,0,0,0,1,-0.042901993,0.102068506
0,0,0,1,0,-3.7862344,-1.0696633
0,0,0,0,1,-0.13542485,0.3637849
0,0,0,1,0,-2.880344,-0.5044553
0,0,0,0,1,1.1015236,-0.028967079
0,0,0,0,1,0.265419,0.2728905
0,0,0,0,1,-0.6207361,-0.33647102
0,0,0,0,1,-0.7642467,-0.06585264
0,0,0,0,1,-1.1598005,0.06047354
0,0,0,1,1,0.46458912,-0.16023757
1,0,0,0,0,0.73913145,0.28425428
0,0,0,1,1,1.4305999,-0.60749906
0,0,0,0,1,0.6416552,-0.60990506
0,0,0,0,0,7.184526,0.47512168
1,0,0,0,0,-0.03386879,0.5911915
0,0,0,1,0,-3.70435,-0.72083193
0,1,0,0,0,3.567575,-0.13813625
0,0,0,1,0,-2.7744386,-0.123031616
0,0,0,1,1,0.21615744,-0.64027625
0,0,0,0,1,-1.2894142,-0.06785625
0,0,0,0,1,0.17276931,-0.26516497
0,0,0,1,0,-3.0357218,-0.34298816
0,0,0,0,1,1.2431045,-1.0645337
0,0,0,0,1,1.2995853,-0.16280176
0,0,0,0,1,-1.3395879,0.08609859
0,0,0,0,1,-0.07126808,0.21796392
0,0,0,0,1,0.53713846,0.122538
0,0,0,0,1,-0.06619358,0.19877955
0,0,0,0,1,0.8691263,0.027730206
0,0,0,0,0,-1.7269969,0.3445465
0,0,0,0,1,0.4359498,0.36902505
0,0,0,0,1,0.2200265,-0.81791157
0,0,0,0,1,0.025422096,0.40707442
0,0,0,0,1,-0.011335373,0.37049672
0,0,0,0,1,-0.77544117,0.35789862
0,0,0,0,0,-2.3467393,0.20845836
0,0,0,0,1,0.6879287,0.11040438
0,0,0,0,0,-1.9819801,-0.07682571
1,1,0,0,0,8.863231,-0.00016110843
1,0,0,0,1,0.41130304,0.31973132
0,0,0,0,1,0.8670268,0.10822725
0,0,1,0,1,0.60378695,-0.18148242
0,0,0,0,1,0.89298224,-0.2013333
0,0,0,0,1,-0.06734848,0.3150941
0,0,0,1,0,-3.5915823,-0.5703466
0,0,0,0,1,-0.43290615,-0.063003786
0,0,0,0,1,0.66180897,-0.11404425
1,0,0,0,0,0.59362555,0.51254684
0,0,0,0,1,-0.67251444,0.07243416
0,0,0,0,1,0.18210983,0.15004562
0,0,1,0,1,0.22618484,-0.13576418
0,0,0,0,0,-1.262321,0.4538105
0,0,0,0,1,0.47155285,0.13919441
0,0,0,0,1,-0.0063261986,-0.47850195
0,0,0,0,1,0.09226704,0.008062928
0,0,0,0,1,0.5789499,0.107985385
0,0,0,0,1,-0.3223977,-0.31873655
0,0,0,1,0,-2.8586652,-0.9486889
0,0,0,1,0,-3.1175573,-0.39918405
0,0,0,1,0,-3.4072833,0.39220366
0,0,0,1,0,-2.5027547,-0.094485745
0,0,0,1,0,-2.6001723,-0.1273417
0,0,0,0,1,0.47931647,0.1984456
0,0,0,0,0,-2.3040798,0.5708555
0,0,0,0,1,0.6144047,-0.12570748
0,0,0,1,0,-2.7423103,-0.34771612
0,0,0,0,1,0.8704152,-0.12420635
0,0,0,0,1,0.9138746,-0.14820735
0,0,0,1,0,-3.9197438,-0.82673067
0,0,1,0,0,-1.5207846,-0.0071243625
0,0,0,1,0,-3.341894,-0.3299318
0,0,0,0,1,-0.17820692,0.11129412
0,0,0,0,1,0.47364426,-0.11187974
0,0,0,0,1,0.4937768,-0.07367167
0,0,0,1,1,-0.019616604,0.095647
0,0,0,0,1,0.7966721,-0.092237525
0,0,0,0,1,1.2773895,0.6640439
0,0,1,1,0,-3.1191885,-0.4190906
0,0,0,1,0,-3.0938325,-0.29679927
0,0,0,0,1,-0.11348581,0.13891402
0,0,0,1,0,-2.266425,-0.4949052
0,0,0,0,1,-0.66271544,-0.16581431
0,0,0,0,1,-0.5758698,-0.050074246
0,1,0,0,0,6.8664703,-0.20569555
0,0,0,0,1,0.76606035,0.11493274
0,0,0,0,1,0.15989923,0.05120931
0,1,0,0,0,8.068031,0.27062097
0,0,0,1,0,-2.9877477,-0.30520514
0,0,0,1,0,-3.499159,-0.88099253
0,0,0,1,1,0.4815514,0.080679335
1,0,0,1,0,0.13238382,0.5541462
0,0,0,0,0,-2.142103,0.36776197
0,0,1,0,0,-1.7442083,0.00016110843
0,0,0,1,1,0.24530649,0.06758488
0,0,0,0,1,0.21339798,0.1718757
0,0,0,0,1,0.45515943,0.2730135
0,0,0,0,1,-1.185488,-0.22379707
0,0,0,0,1,2.0759673,0.020182557
0,0,0,1,0,-2.1608458,0.26024282
0,0,0,0,1,-0.03800893,0.47475913
0,0,0,0,1,-0.66438913,-0.05112766
0,0,0,1,0,-2.6054392,-0.41813007
0,0,0,0,1,0.34599495,-0.13139881
0,0,0,0,1,0.34268856,0.20605618
1,0,0,0,1,-1.2574766,0.45606124
0,0,0,0,1,0.26330113,-0.72972274
1,1,0,0,0,4.3205295,-0.007757533
1,0,0,0,1,0.36569262,0.5006646
0,0,0,0,1,0.84575653,-0.3626558
0,0,0,1,0,-2.5090084,0.019938467
0,0,0,0,1,0.26258373,0.0680659
0,0,0,0,1,1.800031,-1.0135652
0,0,0,0,1,0.6041434,0.40347356
1,0,0,0,0,0.6114869,0.59885955
0,0,1,0,1,0.60937357,-0.021166522
1,0,0,0,0,0.42739153,0.62217057
1,1,0,0,0,6.4738784,0.29041317
1,1,0,0,1,10.493057,-0.8913589
0,0,0,0,1,-1.462105,0.37902138
0,0,0,1,0,-3.315844,-0.14643435
0,0,0,0,1,-0.831321,0.100851856
0,0,0,0,0,-1.6948156,0.03269026
0,0,0,0,1,-1.3656044,0.11112925
0,0,0,1,1,-1.4752436,-0.2759987
1,1,0,0,0,7.764274,-0.4183537
0,0,0,0,1,0.807817,0.13539469
0,0,0,0,0,-1.9916229,-0.38557112
1,1,0,0,1,10.96361,-0.37055713
0,0,0,0,1,-0.07727265,0.16029234
0,0,0,0,1,0.54884315,0.37778854
0,0,0,1,0,-3.4224524,-0.36325204
0,0,0,1,0,-3.1739857,0.27557597
0,0,0,1,0,-3.5535884,-0.75099283
0,0,0,0,1,-0.21602988,0.09729524
0,0,0,0,1,0.1603558,0.29615584
0,0,0,0,1,-0.001229763,0.015221356
0,0,0,0,1,1.0009449,0.054064125
0,0,0,0,1,1.0630527,-0.04888835
0,0,1,1,0,-2.7671037,0.91445243
1,0,0,1,0,-0.1992681,0.680552
0,0,0,0,1,-1.4432495,0.4859935
0,0,0,1,0,-3.321759,-0.2735189
0,0,0,1,0,-3.6641479,-0.57284
0,0,0,1,1,-1.8903282,-0.2943847
0,0,0,1,0,-1.5495787,-0.050216977
0,0,0,0,1,0.75304556,-0.03848747
0,0,0,0,0,-1.3456311,-0.2738689
0,0,0,0,1,-0.04262948,-0.17117432
1,1,0,0,0,6.3942857,0.3602753
1,0,1,0,0,-0.66629505,0.71949524
0,0,0,0,1,0.027908087,0.16252014
0,0,0,0,1,0.16582346,0.041175324
1,0,0,1,0,-3.3356647,0.28867564
1,0,0,0,0,0.25896358,0.68749243
0,0,0,0,1,-0.017668247,-0.10690677
1,1,0,0,0,10.208765,0.07081957
0,0,0,0,1,-0.36681318,0.005241654
0,0,0,0,1,0.8356235,0.24855746
0,0,0,1,1,1.041091,-0.012319806
0,0,0,0,0,-1.8347516,0.41790602
0,0,0,0,1,-0.43520212,0.21902868
0,0,0,1,0,-2.4908326,0.254918
0,0,1,0,1,0.6582751,-0.0071140025
0,0,0,0,1,0.25305033,-0.09225378
0,0,0,0,1,0.42564797,-0.16112787
0,0,0,1,0,-3.6237254,-0.85619926
0,0,0,0,1,0.48624086,-1.1721075
0,0,0,1,0,-2.0214424,-0.038930748
1,0,1,0,0,0.19374275,0.7674288
0,0,0,1,0,-2.8177366,0.004340507
0,0,0,1,0,-3.6921196,-0.5209595
1,1,1,0,0,9.370836,0.74273616
0,0,0,0,1,-0.23189831,0.3554826
0,0,0,0,1,-1.015779,0.041449327
0,0,0,1,0,-2.1000733,0.16580926
0,0,0,0,1,2.6404762,-0.008250458
0,0,0,0,1,-0.82189655,0.19497551
0,0,0,0,1,0.20040321,-0.26098108
0,0,0,0,1,1.3092248,-0.06970486
0,0,0,0,1,0.78254604,0.09257082
1,1,0,0,0,9.804919,0.18922535
0,0,0,0,1,0.8137684,-0.08907862
0,0,0,1,0,-3.7292175,-0.6501456
0,0,0,0,1,0.49357915,-0.005001878
0,0,0,0,1,-0.039928436,-0.046802845
1,1,0,1,0,4.876009,0.30149564
0,0,0,0,1,0.7214408,-0.31581116
0,0,0,0,1,-0.025009632,-0.1864755
0,0,0,0,0,-1.5701342,-0.16866787
0,0,0,0,1,0.8266368,0.09492918
0,0,0,0,1,0.7548733,-0.7807002
0,0,0,1,0,-3.8792357,-0.49093163
1,1,0,0,0,8.062458,-0.021499347
1,0,0,0,0,-0.17932415,0.5580265
0,0,0,1,0,-2.466407,-0.44809148
0,0,0,0,1,0.6450043,0.24787155
0,0,0,0,1,-0.048103333,0.29735082
0,0,0,1,0,-2.6423733,0.4358621
1,0,1,0,0,-0.008247852,0.7664395
0,0,0,0,1,-1.3660207,0.18963069
0,0,0,0,1,1.3985307,-0.1023368
0,0,0,0,1,-0.69554424,-0.09066494
1,0,0,0,1,0.32297945,0.5281707
0,0,0,0,1,0.37756085,0.01211764
0,0,0,0,1,0.072831154,-0.0024312888
0,0,0,0,1,0.88607645,0.1846817
0,0,0,1,0,-2.7707756,-0.18357898
1,0,0,0,0,0.7314749,0.6491374
0,0,0,0,1,0.5404446,0.37058535
0,0,0,0,1,0.17128134,-0.012366864
0,0,0,0,1,1.5828278,0.32635948
0,0,0,0,1,0.027234554,0.008342753
0,0,0,0,1,0.983166,-0.13700743
0,0,0,0,1,0.8615334,0.25719792
0,0,0,0,1,1.0415559,-0.30669993
1,0,0,0,1,0.39991713,0.2783657
0,0,0,0,1,-0.16352797,0.26131627
0,0,0,0,1,0.41094422,-0.692737
0,0,1,0,1,0.5221844,-0.009550849
0,0,0,0,1,0.48173904,0.23323497
1,0,0,0,0,0.069168806,0.6714803
1,0,0,0,1,0.053237915,0.4644299
0,0,0,0,1,0.88805175,-0.19953384
0,1,0,0,0,6.98927,-0.16691157
1,1,0,0,0,7.0811324,-0.23179156
0,1,0,1,0,6.2147727,-0.3611953
0,0,0,0,1,0.9760227,-0.42238778
1,0,0,0,0,-0.7645793,0.58370876
0,0,0,0,1,-0.69650984,-0.16364731
0,0,0,0,1,-0.50544095,0.021930315
0,0,0,1,0,-3.4022682,-0.8552776
0,0,0,0,1,0.079235554,0.027803853
0,0,0,0,1,-0.0934515,0.2452861
0,0,0,0,0,-1.9630325,0.2043319
0,0,0,0,1,-0.08002615,-0.081782565
0,0,0,1,0,-2.1009855,0.04918351
0,0,0,0,1,0.4784088,-0.8166254
0,0,0,0,1,-1.6547086,0.32458696
1,0,0,0,0,-0.24029446,0.53314096
0,0,0,0,1,0.17186832,-0.20391601
0,1,0,0,0,8.095424,0.4309682
0,0,0,1,0,-3.0075428,-0.4146907
0,0,0,0,0,-1.5088067,0.1366681
0,0,0,0,1,-0.9685919,0.18982138
1,1,0,0,0,9.980424,-0.32041797
0,0,0,0,1,-0.337394,0.12597734
0,0,0,0,1,-0.08542037,-0.3147981
0,0,0,1,0,-3.2869256,-0.23822732
0,0,1,0,1,0.5150385,-0.054000665
0,0,0,0,1,-0.065505505,0.26247546
0,0,0,0,1,-0.23110318,-0.22292806
1,1,0,0,0,8.594561,-0.9284191
0,0,0,0,1,0.10085654,0.21566314
1,0,0,0,1,-0.023525476,0.4606218
0,0,0,0,1,-0.48968005,-0.8721929
0,0,0,0,1,0.6113303,-0.082866475
0,0,0,0,1,0.7029915,0.106161155
0,0,0,0,1,0.31119227,-0.015838858
0,0,0,0,1,0.27904963,-0.06885545
0,0,0,0,1,-0.10921502,-0.2734609
0,0,0,0,1,0.07186842,-0.8590036
0,0,0,0,1,0.8541236,-0.048794225
0,0,0,1,0,-3.5845854,-0.3967289
0,0,0,0,1,0.5861945,-0.076294586
0,0,0,0,1,-0.6966057,-0.37000456
0,0,0,0,1,0.29447985,-0.14767104
1,1,0,0,0,8.805995,-0.0597118
0,0,0,1,0,-3.993562,-0.99233866
0,0,0,1,0,-4.041993,-1.0707483
0,0,0,1,0,-3.8226845,-0.49704605
0,0,0,1,0,-3.2022555,-0.37693566
0,0,0,1,0,-3.057174,-0.5089659
0,0,0,0,1,-0.24813175,0.49498513
1,0,0,0,0,0.6683407,0.6085249
0,0,0,0,1,0.3539672,0.28673694
0,0,0,1,0,-2.5467954,-0.23129933
0,0,0,1,0,-2.6653864,-0.16162609
0,0,0,1,0,-2.555437,-0.033264276
0,0,0,1,0,-3.1194668,-0.77471703
0,0,0,0,1,-1.1435971,-0.31943268
0,0,0,0,1,-1.1509993,-0.11466749
0,0,0,0,1,0.68639207,0.074799635
0,0,0,0,1,0.30574036,0.19681484
0,0,0,0,1,0.34315777,0.26880828
0,1,0,0,0,4.210548,0.027160348
0,1,0,0,0,4.258195,-0.45447773
0,0,0,0,1,0.9549811,0.02087093
0,0,0,1,1,0.9197402,-0.09334737
0,0,0,0,1,0.8167434,-0.06862622
0,0,0,0,1,1.1439407,-0.49557474
0,0,0,1,0,-4.0984964,-0.95349884
0,0,0,0,1,0.3599,0.3302435
0,0,0,0,1,0.62206197,-0.22185545
0,0,0,0,1,0.5534189,-0.306375
0,0,0,0,1,-0.55127525,0.18247099
1,0,0,1,0,-5.8379164,-1.0878803
0,0,0,0,1,-0.20128608,0.15666322
0,0,1,1,0,-2.07446,0.10002295
0,0,0,0,1,0.25013065,-0.3621533
0,0,0,0,1,-0.34316087,0.36077213
0,0,0,0,1,-1.1588147,0.38656938
0,0,1,0,0,-1.0790648,0.9788195
0,0,0,0,0,-0.88017464,0.50709885
1,0,0,0,1,0.35483146,0.34441534
0,0,0,0,1,0.94783354,-0.050542086
0,0,0,0,1,0.7507317,-0.10102769
0,0,0,0,1,0.71352077,-0.003353868
0,0,0,1,1,0.8681271,-1.1021599
0,0,0,0,0,-1.192971,0.4020538
0,0,1,0,1,-1.0505643,0.09980928
1,0,0,1,0,-5.1747704,-0.9742362
0,0,0,0,1,-0.020282507,0.35283846
0,0,1,0,1,0.011183977,0.09831208
0,0,0,0,1,0.4326794,-0.3038118
0,0,0,1,0,-3.6102273,-0.42594317
0,0,0,0,1,0.50860715,-0.14268053
0,0,0,0,1,1.0795076,-0.258464
0,0,0,0,1,0.2759211,0.35295913
0,0,0,0,1,0.16381979,0.11004466
0,0,0,0,1,1.0159991,0.042849835
0,0,0,0,1,0.4536426,-0.058072306
0,0,0,1,0,-3.0813076,0.052686505
0,0,0,1,0,-2.9176064,-0.760245
0,0,0,1,1,-1.4592831,-0.034895264
1,0,0,0,0,0.7875426,0.46336135
0,0,0,1,0,-4.1100783,-1.1590276
0,0,0,0,1,1.7891345,0.11175911
0,0,0,0,0,-2.0110881,0.21720147
0,0,0,0,1,-0.5137992,0.46733937
0,0,0,0,1,0.068654776,-0.040164962
0,0,0,1,1,0.8371787,-0.11185345
0,0,0,0,1,-0.3790388,-0.24213436
0,0,0,0,1,0.647043,0.19290584
0,0,0,1,0,-3.1847825,0.3688453
0,0,1,0,0,-1.7912595,0.112685256
0,0,0,0,1,-0.08938336,0.20355792
0,0,0,0,1,-0.3100326,0.18060343
0,0,0,0,1,-0.61504555,0.027760735
0,0,0,0,1,0.46001244,-0.028268576
0,0,0,0,1,4.092371,-0.27282286
0,1,0,0,0,3.7541807,-0.030422365
0,0,0,0,0,3.1508613,0.33271208
0,0,0,0,1,0.27739263,-0.514984
0,0,0,1,0,-2.9929414,0.53895086
0,0,0,0,1,0.6789954,0.063142926
0,0,0,1,0,-3.0391362,-0.48971105
0,0,0,0,1,-0.040944576,-0.14012481
0,0,0,1,0,-1.9723823,0.16427006
0,0,0,0,1,-0.41908765,-0.09444804
0,0,0,0,1,0.78774476,-0.019860193
0,0,0,0,1,0.22766423,0.021662327
0,0,0,0,1,0.39088988,0.2503702
0,0,0,0,1,-0.0025491714,0.2465206
0,0,0,0,1,-0.92987514,-0.035753164
0,0,0,0,1,-0.73390675,-0.09460663
0,0,0,1,0,-2.489566,-0.1395722
1,0,0,0,1,0.31570292,0.48134086
0,0,0,0,0,-1.3709958,-0.008710252
0,0,0,0,1,-1.6659093,0.3518265
0,0,0,0,1,0.23683691,-0.28942403
0,0,0,0,1,0.8175373,0.2794382
0,0,0,0,0,-1.9422731,0.19364412
0,0,0,0,1,-1.3242466,-0.40856338
0,0,1,0,0,-1.6108248,-0.054000665
0,0,0,0,1,-1.0339701,0.050117414
0,0,0,1,0,-3.6798806,-0.6187808
0,0,0,0,1,0.8508985,-0.17505147
0,0,0,0,1,-1.226409,0.60189706
0,0,0,0,1,-1.2534537,-0.10367742
0,0,0,1,0,-3.4273982,-0.32314432
0,0,1,0,1,0.88416696,-0.07848305
1,0,1,1,0,0.10651159,0.79129297
0,0,0,0,1,-1.5908217,-0.06918796
0,0,0,0,1,-0.7020438,-0.009106088
0,0,0,0,1,0.93621993,-0.16690406
0,0,0,0,1,0.83936405,-0.1206883
1,0,0,1,0,-3.3056214,0.13041843
1,1,0,0,1,11.211893,0.26751208
0,0,0,1,0,-3.6677063,0.08060076
0,0,0,0,1,-0.21915102,0.082095586
0,0,0,1,0,-2.626027,-0.06956264
0,0,0,0,1,-0.22385001,0.03134223
0,0,0,0,0,-2.472787,-0.046777543
0,0,0,1,0,-3.9577117,-1.0677042
0,0,0,0,1,-0.24235392,0.25630727
1,1,0,0,0,7.2195396,0.08625337
0,0,0,0,1,0.98868537,-0.6994349
1,1,0,0,1,10.905978,-0.16659276
0,0,0,1,0,-1.8948,-0.033272114
0,0,0,0,0,-2.1088488,-0.92534757
1,0,0,1,0,-3.6705518,-0.5793884
0,0,0,1,1,-0.12300968,0.18133533
0,0,0,0,1,0.42844558,-0.41339603
0,0,0,0,0,-1.8322873,0.020478442
0,0,0,1,0,-3.59631,-0.28015515
0,0,0,0,1,0.2785225,-0.1299999
0,0,0,1,1,0.36900473,0.29958802
0,0,0,0,1,0.43354273,-0.35894373
0,0,0,0,1,0.95637965,0.09096888
0,0,0,1,0,-3.0109007,-0.14591138
0,0,0,0,0,-2.3354318,0.13239661
1,1,1,1,0,-0.5498457,0.9856916
0,0,0,0,1,-0.9599135,-0.5575561
0,0,0,0,1,0.09322739,-0.19496314
0,0,0,0,1,0.06389189,-1.1543467
0,0,1,0,1,-0.80644774,-0.0016321044
1,0,0,0,0,-0.9130857,0.46110466
0,0,0,1,1,-1.0534444,-0.08752323
0,0,0,1,0,-3.0446076,-0.75505304
0,0,0,0,1,-0.25424457,0.36752507
0,0,1,0,1,0.2227652,0.12124146
0,0,0,0,1,0.08332729,0.12310433
0,0,0,0,1,1.046438,-0.6994349
0,0,0,0,1,-0.3484671,0.3872387
0,0,0,0,1,-1.1525438,0.20733958
0,0,0,0,1,1.2510715,0.15089872
0,0,0,0,1,-1.4448018,0.5207607
0,0,0,0,1,-0.90195584,-0.14690551
0,0,0,0,1,-0.06774402,0.31074357
0,0,0,0,1,-0.90714836,-0.031730805
0,0,0,0,1,0.4770441,0.06381737
1,1,0,1,0,-3.5109677,-0.8812726
0,0,0,0,1,-0.36692595,0.2995487
0,0,0,0,1,0.95769477,-0.25114504
0,0,0,0,1,1.1195645,-0.66902095
0,0,0,0,0,-1.8610754,0.29698884
0,0,0,0,1,-0.74777985,0.42676833
0,0,0,0,1,1.1187391,0.28696093
0,0,0,1,0,-3.3222241,-0.45691577
0,0,1,0,1,0.07785678,-0.026363425
0,0,0,0,1,-1.1514056,0.26839325
0,0,0,0,1,0.92572546,-0.34789622
0,0,0,0,0,-2.0207956,0.5684714
0,0,0,1,0,-3.5385315,-0.5116304
0,0,0,0,1,0.92899084,0.21307689
0,0,0,1,0,-2.9644215,-0.28035164
0,0,0,1,0,-3.233075,0.214459
1,0,0,1,0,-0.06421065,0.62978244
0,0,0,1,0,-2.890346,-0.75251657
0,0,0,1,0,-3.694312,0.095093764
0,0,0,1,1,-0.11853027,-0.11152969
0,0,0,0,1,-0.21610808,0.2003864
0,0,0,0,1,0.35116196,-0.03169046
1,0,0,0,0,-0.008174658,0.52500755
0,0,0,0,1,0.1269145,0.08515
0,0,0,1,0,-2.8091404,-0.54765177
0,0,0,1,1,0.33892488,0.12674485
0,0,0,0,1,0.7688391,0.0901845
0,0,0,1,1,0.79599977,0.117509305
0,0,0,0,1,1.2251296,0.056229863
0,0,0,1,0,-2.0294423,0.24761274
0,0,0,0,1,0.3898139,0.21692768
0,0,1,0,1,-0.13227797,0.08273939
1,0,0,0,0,0.48120666,0.46935445
0,0,0,1,0,-3.1707485,0.1279405
0,0,0,0,1,0.22193956,0.21825996
0,0,0,1,0,-0.14805079,0.003058648
0,0,0,0,1,-0.046559572,0.079772666
0,0,0,0,1,-1.5407269,0.30404726
0,0,0,0,1,-0.4262328,0.2895332
0,0,0,0,1,0.42101884,-0.15045863
0,0,0,0,1,0.90042996,0.1145249
0,0,0,0,1,1.3640347,-0.063026056
0,0,0,0,1,0.3651936,0.09414313
0,0,0,0,1,1.4342794,-0.1490904
0,0,0,0,1,0.3381343,0.088428035
0,0,0,0,1,-0.91017485,0.037005346
1,0,0,1,0,-5.8379164,-1.0569073
0,0,0,0,1,1.1269841,-0.21199073
0,0,0,0,1,0.18716669,0.11425677
0,0,0,0,1,0.95468926,-0.3195269
0,0,0,0,0,-1.2200868,0.5179179
1,0,0,1,0,-5.474429,-1.0145671
0,0,0,0,0,-1.2568264,0.48483834
0,0,0,1,0,-2.8009863,0.046418976
0,0,0,0,1,0.0025491714,0.013976354
0,0,0,0,1,0.2106967,-0.65129685
0,1,0,0,0,5.783463,-0.9074118
1,1,0,0,0,5.5444956,0.022039836
0,0,0,0,1,0.14613986,0.15725042
1,1,0,1,0,6.0783396,0.12754637
0,0,0,0,1,0.40494347,-0.9589559
0,0,0,1,0,-2.1778667,-0.0734798
0,0,0,0,0,-2.1107597,-0.06712977
0,0,0,0,1,0.7929523,-0.3509558
0,0,0,0,1,0.5372257,0.22512129
0,0,0,0,1,0.12047982,0.07643695
0,0,0,0,1,-0.0084860325,-0.17925116
0,0,0,0,1,0.78495836,0.24364802
0,0,0,0,1,-0.16580296,-0.34620738
1,1,0,0,0,7.782597,-0.996591
0,0,0,0,1,1.4286857,-0.23416686
0,0,0,0,1,-0.37379146,0.13265812
0,0,0,1,0,-4.0132833,-0.66956526
0,0,0,0,1,1.2308552,-0.026187103
1,0,0,1,0,-0.6706872,0.6011093
0,0,0,0,1,-0.38642192,0.19822504
0,0,0,0,1,0.2737894,-1.1691265
0,0,0,0,1,1.0055313,-0.20482355
0,0,0,0,1,0.5994251,0.05803713
0,0,0,0,1,0.48174238,0.059609193
0,0,1,0,1,-0.91512704,-0.015664384
0,0,0,0,1,-0.91487074,0.11829707
0,0,0,0,1,1.0265043,-0.14302494
0,0,0,1,0,-2.720962,-0.12503612
0,0,0,0,1,-1.0304403,-0.34768498
0,0,0,0,0,-1.6351421,0.5723501
0,0,0,1,0,-3.4822855,-0.83637106
0,0,0,1,0,-3.8398356,-0.85214466
0,0,0,0,0,-2.4049902,0.23553298
1,0,0,0,1,0.36991262,0.5439555
0,0,0,0,1,-1.2620595,0.16583164
0,0,0,0,0,-1.3857844,-0.045376543
0,1,0,0,0,7.7671814,0.23130244
0,0,0,0,1,0.5952704,0.12336912
0,0,1,0,1,0.6903565,-0.06327375
0,0,0,1,0,-1.8656986,-0.051955514
1,0,0,1,0,-0.42373395,0.38240248
1,0,0,0,0,-0.026985884,0.6092622
0,0,0,1,0,-3.13708,-0.540899
0,0,0,1,1,-1.5352445,0.10878501
0,0,0,0,1,-0.060062885,0.5339636
0,0,0,1,1,0.47249842,-0.14564717
0,0,0,1,0,-3.4700441,-0.79025453
0,0,0,1,1,-0.5321703,0.028859872
0,0,1,0,1,0.037109137,-0.054619953
0,0,0,0,1,0.7500632,0.0340873
1,0,0,0,0,0.7688556,0.61225265
0,0,0,0,1,-0.43856215,0.43627316
0,0,0,1,0,-2.6268651,0.49888837
0,0,0,0,0,-1.5684271,-0.41835406
0,0,0,0,1,0.48798728,-0.22507675
1,0,0,0,0,-0.052634478,0.65095997
0,0,0,1,0,-3.298776,-0.42033944
0,0,0,0,0,-2.510217,0.42633605
0,0,0,0,1,0.40495396,0.15219341
0,0,0,1,0,-2.7359357,-0.18978518
0,0,0,0,0,-1.7686095,0.0070870267
0,0,0,1,0,-2.126015,0.40789607
1,0,0,0,0,0.37146115,0.45922017
0,0,0,0,1,0.47711015,-0.13170435
0,0,0,0,0,-1.8956954,-0.23589
0,0,1,1,0,-1.4068694,0.9295218
0,0,0,0,1,0.36566877,0.41037694
0,0,0,1,0,-3.0384922,-0.80818594
0,0,0,0,1,-0.30636883,0.5066443
0,0,0,0,1,-0.07628536,-1.111728
0,0,0,1,0,-3.1224194,-0.3295579
0,0,0,0,0,3.183502,0.6182801
0,0,0,1,0,-2.655644,0.38768905
0,0,0,0,1,-0.10213113,0.12184982
0,0,0,0,1,0.41528606,-0.23135819
1,1,0,1,0,-3.7632995,-1.035147
0,0,0,0,0,-1.61816,0.31808758
0,0,0,0,0,-1.7230926,-0.42200217
1,1,0,0,0,5.9675527,0.32377502
0,0,0,0,1,0.89591193,0.040702224
1,0,0,0,0,-0.68210936,0.018447557
0,0,0,1,0,-3.8584974,-0.8009739
0,0,0,1,1,-0.57768536,0.10307038
0,0,0,1,0,-2.7404618,-0.6471244
0,0,0,1,0,-3.2919137,-0.331777
1,0,0,0,0,0.09391284,0.5919295
0,0,0,0,1,0.54921556,-0.62739235
0,0,0,1,1,-0.43651676,-0.6192967
1,0,0,0,0,2.0495987,0.5333486
0,0,0,1,0,-2.6848207,0.033115692
0,0,0,1,0,-3.4407756,-0.33873227
0,0,0,0,1,0.994643,-0.13013817
0,0,0,0,1,-1.3838525,-0.035848472
0,0,0,0,1,-1.4354517,-0.10483817
0,0,0,0,1,-0.78513193,0.050430283
0,0,0,0,1,0.093970776,-0.6110214
0,0,0,0,1,0.59666157,0.16546431
0,0,0,0,1,1.246975,-0.24393387
0,0,0,0,1,-0.16736627,0.38747188
0,0,0,0,1,0.74858093,0.10470081
0,0,0,0,1,-0.5082836,0.56821007
0,0,0,0,1,-0.74235654,0.301075
0,0,0,1,0,-3.6056914,-0.2729017
0,0,0,0,1,0.39707303,-0.4450526
0,0,0,0,1,0.6499984,-0.081731856
1,1,0,0,0,10.056775,0.53659683
1,0,0,1,0,-1.8120894,-0.17239413
0,0,0,0,1,0.89871883,-0.4761526
0,0,0,0,1,0.5391352,-0.05361948
0,0,0,0,1,0.82312655,0.07564109
0,0,0,0,1,-0.03436923,0.4026281
1,0,0,1,1,0.03584075,0.6339822
0,0,0,1,0,-3.6383774,-0.6132353
0,0,0,0,1,0.6433952,0.07146954
0,0,0,1,0,-3.4081738,-1.0769651
0,0,1,0,1,0.39589143,-0.04469297
0,0,0,1,0,-3.429148,-0.5901793
0,0,0,1,0,-3.1396716,-0.036442295
1,0,0,0,0,0.020229578,0.62049884
0,0,0,0,1,-1.1273193,-0.3020583
0,0,0,0,1,-1.4784789,-0.07595363
0,0,0,1,0,-3.2343812,0.090195134
0,0,0,0,1,-0.020828724,0.39454487
0,0,0,0,1,0.66750884,0.1292532
0,0,0,0,1,0.5862837,0.122661866
0,0,0,0,1,0.7502215,-0.059939615
0,0,0,0,1,0.11693215,0.34219137
0,0,0,0,1,0.54252386,0.30333748
0,0,0,0,1,0.45910048,0.01676896
0,0,0,1,0,-2.5494626,-0.04751041
0,0,0,0,1,1.3904376,-0.2338057
0,0,0,0,1,-1.1034741,-0.29519194
0,0,0,0,1,1.2603455,0.26499695
0,0,0,0,1,0.046712637,-0.058355834
0,0,0,0,1,0.6834576,0.14291273
1,0,0,1,0,0.49237633,0.7173264
0,0,0,0,1,0.6437547,0.15361619
0,0,0,0,1,0.74366117,0.035817157
0,0,0,0,1,-0.98231626,0.3830321
0,0,0,1,0,-3.65201,-0.610208
0,0,0,0,1,-0.015361786,0.09600579
0,0,0,1,0,-2.430446,-0.25582674
0,0,0,0,1,1.2139325,0.042520598
0,0,0,0,1,1.0087581,0.09753693
1,1,0,0,0,3.7052467,0.27192542
0,0,0,0,1,0.5213406,0.27838767
0,0,0,0,1,0.7427845,-0.11832469
0,0,1,0,1,0.6500733,-0.049062233
0,0,0,1,0,-2.0747705,0.24581225
0,0,0,0,1,0.1287818,-0.11244001
0,0,1,1,0,-2.3105946,-0.07131505
0,1,0,0,0,8.009898,0.43660617
0,0,0,0,1,0.060736656,-0.6118464
0,0,0,0,1,1.125668,0.044695783
0,0,0,0,1,0.6679423,0.2958504
0,0,0,0,1,1.0650241,0.05683478
0,0,0,1,0,-3.3361611,0.30481797
0,0,0,0,1,-0.14059925,0.1374653
0,0,0,0,1,0.8053272,-0.08388495
0,0,0,1,0,-3.9750047,-0.91274744
0,0,0,1,0,-3.8702729,-0.6173506
1,0,1,0,0,-0.43918753,0.8598935
0,0,0,1,0,-2.5736666,0.10508719
1,0,1,0,0,-0.4714036,0.81164306
0,0,0,0,1,1.0933771,-0.12662186
0,0,0,0,1,-0.31946802,0.31380892
0,0,0,0,1,1.18781,0.010523313
1,0,0,1,0,-4.103554,-0.6205963
0,0,0,0,1,0.36149406,0.25779405
0,0,1,0,1,-0.9270799,-0.09444804
0,0,0,0,1,-0.3047471,-1.1914684
0,0,0,0,1,0.14487553,0.5426358
0,0,1,0,1,0.008174658,-0.047652125
0,0,0,0,1,0.83231926,0.40869284
0,0,0,0,1,-0.25146818,-1.1968858
0,0,0,0,1,0.112612724,-0.75823265
0,0,0,0,1,0.23964119,-0.8035099
0,0,0,0,1,0.37456942,-0.15534475
0,0,0,0,1,0.35950255,-0.108492054
0,0,0,0,1,-0.90263605,0.284974
0,0,0,0,1,0.55349636,0.102494694
0,0,0,1,0,-3.8363075,-0.4957583
1,1,0,1,1,-3.9028077,-0.96377134
0,0,0,0,1,-0.07968688,0.26812842
0,0,0,0,1,-0.9659972,-0.6740135
0,0,0,0,0,-1.8519964,-0.7569596
0,0,0,0,0,-2.1982722,0.051792067
1,1,0,0,0,9.608058,0.34990117
0,0,0,1,0,-3.146765,-0.24014893
0,0,0,0,1,0.20608568,-0.948869
0,0,0,0,1,1.011589,0.14084062
0,0,0,0,1,0.44393802,0.3333399
1,0,0,0,1,0.4018705,0.4496177
0,0,0,0,1,0.74421644,-0.03296366
0,0,0,0,1,1.0588531,-0.19281031
0,0,0,0,1,0.24067855,0.29891202
0,0,0,0,1,0.47776556,0.31857756
0,0,0,0,1,-1.8254874,0.23068768
0,0,0,0,1,0.83943415,-0.1333894
0,0,0,0,1,0.5631056,-0.117538065
0,0,0,0,1,1.0355015,-0.40319088
0,0,0,0,1,0.9589145,-0.5525458
0,0,0,0,1,0.81096196,0.29430726
0,0,0,0,1,0.0035476685,-0.098602764
0,0,0,1,0,-3.070583,-0.6325874
1,1,0,0,1,10.911176,0.19413158
0,0,1,0,1,0.07459736,0.08450774
0,0,0,0,1,1.1962001,-0.41417536
0,0,0,0,1,1.2554455,-0.12563048
0,0,0,1,1,0.5929558,-0.040164962
0,0,0,0,1,0.08516288,-0.006806314
0,0,1,1,1,0.1567564,0.09362124
0,1,0,0,0,5.5206614,-0.6664555
1,0,0,1,0,-3.3240433,-0.2516837
0,0,0,0,1,0.28722167,-0.43890697
0,0,0,0,1,0.9336543,0.065495685
0,0,0,0,1,-0.07613826,-0.018459633
0,0,0,1,0,-3.7597363,-0.47256294
0,0,0,1,0,-3.2104065,-0.3994711
0,0,0,1,0,-3.4588919,-0.15030824
0,0,0,0,1,-0.4173975,0.08692458
0,0,0,0,1,-0.21446991,-1.1360579
0,0,0,0,1,0.088609934,-0.20483439
0,0,0,1,0,-3.2331812,-0.8730149
1,1,0,0,1,11.276371,-1.1072031
0,0,0,0,1,0.412014,-0.19589086
0,0,0,1,1,1.1775775,0.40531614
0,0,0,0,1,0.13746142,0.049179394
0,0,0,0,1,0.27148747,0.414499
1,0,0,0,0,1.247566,0.09753345
0,0,0,0,1,0.54082227,0.064635955
0,0,0,0,0,-2.0504014,0.047558412
0,0,0,0,1,-0.08494496,0.445446
0,0,0,1,0,-3.1111224,-0.7353289
0,0,0,0,1,0.39195657,0.07245129
0,0,0,1,0,-3.7950785,-0.8355646
0,0,0,1,0,-4.047345,-0.97646815
0,0,0,0,1,1.1562939,-0.5545553
0,0,0,0,1,0.81618714,0.010288821
0,0,0,0,1,1.0996065,-0.08421638
0,0,0,1,0,-3.1759553,-0.68754274
0,0,0,0,1,0.50327015,0.14071985
0,0,0,0,1,0.043910265,-0.7479485
0,0,0,0,0,-2.2976956,-0.29566166
0,0,0,0,1,0.021797657,-0.008590786
0,0,0,0,1,0.64091325,-0.21714956
0,0,0,0,1,0.46051145,0.31683725
0,0,0,0,1,1.6622801,-0.35319322
0,0,0,0,1,0.46362925,0.26653478
1,1,0,1,0,8.660206,-0.1884002
0,0,0,1,0,-3.2127228,-0.4852494
0,0,0,1,0,-3.51609,-0.078408085
0,0,0,0,1,-1.4042532,-0.09133558
0,0,0,0,1,0.030923843,-0.068594836
0,0,0,1,0,-3.2267585,-0.6973833
0,0,0,0,1,0.7660768,-0.036465414
1,0,0,0,0,-0.6644535,0.70370966
0,0,0,0,1,0.4407935,0.012078657
0,0,0,0,0,-2.0797246,0.07309007
0,0,0,0,1,1.5225844,0.097672254
0,0,0,0,1,0.10728073,-0.79918736
0,0,0,1,0,-3.3492808,-0.592037
0,0,0,0,0,-2.1326826,-0.3990144
0,0,0,1,0,-3.1006742,0.18932201
0,0,0,0,1,1.0065141,-0.50993055
0,0,0,1,0,-2.712772,0.30371678
0,0,0,1,0,-2.6462193,-0.33051178
0,0,0,0,1,-1.2734838,-0.20518985
0,0,1,0,1,0.050333977,0.04201796
0,0,0,0,1,-0.81890106,-0.8308719
0,0,0,0,0,-1.5180843,0.016230285
0,0,0,0,1,0.8132236,-0.0023204542
0,0,0,0,1,0.3564055,0.11298622
0,0,0,0,1,-0.5982413,0.4767202
0,0,0,0,1,0.5497999,0.06913154
0,0,0,1,1,0.6802087,0.025727032
1,0,0,0,0,-0.76975775,0.6591807
1,0,0,0,1,0.23535609,0.37699017
0,0,0,0,1,0.958231,0.09266583
1,1,0,0,0,9.992604,0.060850464
0,0,0,0,1,-0.13603783,-0.23229884
0,0,0,0,0,-2.0915473,-0.31595224
0,0,0,0,1,1.224689,-0.33446476
1,0,0,0,0,0.60531354,0.50394666
1,0,1,0,0,0.5833268,0.96901655
0,0,0,0,1,0.27839184,-0.48393598
0,0,0,0,1,-0.6027305,0.023509359
0,0,0,0,1,0.8155644,0.048269905
0,0,0,1,0,-3.4256809,-0.5880091
0,0,0,0,1,0.78028584,-0.026292823
0,0,1,0,1,0.2630124,-0.040392887
0,0,0,0,1,0.7633283,-0.2008117
0,0,0,0,1,1.1644509,-0.2364767
0,0,0,1,0,-3.0283818,0.15169398
0,0,0,0,1,0.42750835,0.016558334
0,0,0,0,1,-1.3381419,-0.09460663
0,0,0,1,0,-2.3920703,0.6085249
0,0,0,0,1,-0.78333735,-0.2353427
0,0,0,0,1,-0.95522046,0.20744756
0,0,0,1,0,-1.582629,0.5209303
1,0,0,1,0,-2.6856284,0.36242774
0,0,0,0,1,-0.13591003,-0.4722211
0,0,0,0,1,1.2023928,-0.16074912
0,0,0,0,0,-1.2554154,-0.04960091
0,0,0,0,1,0.7090831,-0.27083728
0,0,0,0,1,0.5487406,-0.0542497
0,0,0,0,1,0.51965785,-0.1346208
0,0,0,1,1,0.09484911,0.3558642
0,0,0,0,0,3.5159967,-0.94333315
0,0,0,0,1,0.68230844,0.18546614
0,0,0,1,0,-2.5629406,0.014320064
0,0,0,0,1,1.0711262,-0.45204565
0,1,0,0,0,5.1382256,-0.8800296
0,0,0,1,0,-3.3179085,0.009106088
0,0,0,0,1,-0.58634853,-0.532583
0,0,0,0,1,-0.96087956,0.06701209
0,0,0,0,1,2.6956985,-0.16294757
0,0,0,0,1,2.4884794,0.028444517
0,0,0,0,1,0.52937317,-0.23004277
0,0,0,0,1,0.30806613,0.019261448
1,1,1,0,1,-0.442266,0.8898746
0,0,0,0,1,0.6857865,-0.02996079
0,0,0,0,0,-2.1985037,0.32885
0,0,0,0,1,0.23872948,-0.34473202
0,0,0,0,1,1.0164342,-0.0051646507
0,0,0,1,0,-3.339416,-0.8646553
0,0,0,0,1,0.46901536,0.1279405
1,1,0,0,0,9.460697,0.56055635
0,0,0,0,1,0.25945163,-0.08092221
0,0,0,0,1,-0.4415722,0.46376148
0,0,0,0,0,-1.9897025,-0.112159334
0,0,0,0,1,-0.7299533,-0.31871125
0,0,0,0,1,-1.0821936,-0.01970743
1,1,0,0,0,8.849761,0.35753414
1,0,0,0,0,0.0084860325,0.7006765
0,0,0,0,1,-0.5362463,0.11472439
0,0,0,0,1,-0.012206078,-0.32719502
1,0,0,0,0,-0.12640214,0.45487234
0,0,0,0,1,2.7586372,0.0012881072
0,0,0,1,0,-3.167851,0.36411902
0,0,1,1,0,-3.2935417,-0.44306925
1,0,0,0,0,-0.2875452,0.762548
0,0,1,0,1,-0.19161463,-0.003058648
0,0,0,0,1,0.09974146,0.24499512
0,0,0,0,1,1.9918516,0.103205204
0,0,0,0,1,0.6953447,0.13559107
0,0,0,0,1,0.4630475,0.21502303
0,0,0,0,0,-2.362201,-0.31895167
0,0,0,0,1,-0.30235195,-0.17843966
0,0,0,0,0,-2.2126641,-0.09922824
0,0,0,1,0,-2.751897,-0.23482977
0,0,0,1,0,-3.1471548,-0.1551547
0,0,0,1,0,-1.9245744,-0.37584138
0,0,0,0,0,-2.198182,-0.18344513
0,0,0,0,0,-2.4174201,-0.9940615
0,0,0,1,0,-4.0250435,-0.8979816
0,0,0,1,0,-2.951324,0.07213175
0,0,1,0,1,-0.85164475,0.106065266
0,0,0,0,1,-0.89429116,0.37123948
0,0,0,0,1,0.8003061,0.07945546
0,0,0,0,0,-1.9668653,0.160713
0,0,0,0,0,-2.4151099,0.46118686
0,0,0,0,1,0.45418358,0.4761643
0,0,0,0,1,0.3717413,-0.1153736
0,0,0,0,1,0.45697856,-0.25012434
0,0,1,1,0,-1.9955637,-0.049914915
0,0,0,0,1,-0.11753988,0.256172
0,0,0,0,1,-0.16838527,0.12866855
0,0,0,1,0,-3.979934,-0.8604588
0,0,0,0,1,-1.4451258,0.27895254
0,0,0,1,0,-1.9232557,-0.17126995
1,0,0,0,0,-0.22006154,0.54173374
0,0,0,0,1,1.159925,0.25061002
0,0,0,0,1,-0.5663333,-0.41835406
0,0,0,0,1,2.0400815,-0.115181886
0,0,0,0,1,0.20497203,0.16470714
0,0,0,0,1,0.85429835,0.10048904
0,0,0,0,1,0.7092929,0.28602496
0,0,1,0,1,3.0265672,-0.09773481
0,0,0,0,0,-1.5008347,0.11803192
0,0,0,0,1,0.7205374,-0.033350624
0,0,0,0,1,-0.22759533,-0.09433065
0,0,0,0,1,-0.20809531,0.09659829
0,0,0,0,1,-0.68472815,0.2770563
0,0,0,0,1,0.11508632,0.06141218
0,0,0,1,0,-4.0298524,-0.9801548
0,0,0,0,1,0.9369681,-0.089503996
0,0,0,0,0,-2.2856567,0.08513529
0,0,0,0,0,-2.0318232,0.3873553
1,0,0,0,0,-0.23116994,0.46195152
0,0,0,0,1,0.2833407,0.25031042
0,0,1,0,1,0.68841696,0.046877377
0,0,0,0,1,1.402802,-0.24384652
0,0,0,1,0,-3.724037,-0.44213966
0,0,0,0,1,0.92608094,-0.1281839
0,0,0,0,1,0.48998308,0.31729135
0,0,0,0,1,0.007312298,-0.3212113
0,0,0,0,1,0.19498944,-0.3746848
0,0,0,0,1,0.46570206,-0.5603542
0,0,0,1,0,-3.0822136,0.23324825
0,0,0,0,1,-1.8561285,-0.112493396
0,0,0,0,1,0.7719028,-0.10037203
0,0,0,1,0,-2.888419,-0.43943986
0,0,0,0,1,0.33421326,0.23301189
0,0,0,0,1,1.0055902,0.054235265
0,0,0,0,1,1.0713611,0.06129459
0,0,0,0,1,0.7363615,0.3566097
0,1,0,0,0,6.712742,-0.33213562
1,1,1,0,0,6.923439,-0.07013566
0,0,0,1,0,-2.32035,0.07134773
0,0,0,0,1,-1.7379298,-0.4837787
0,0,0,0,1,0.76622677,0.25278902
0,0,0,0,1,0.38742208,-0.0892416
0,0,0,1,0,-3.3996773,-0.36483455
0,0,0,0,1,0.39388347,-0.18522748
0,0,0,0,1,0.5143595,-0.051918942
0,0,0,0,1,0.65355086,-0.40721658
0,0,0,0,1,-0.20453262,0.17166634
0,0,0,0,1,0.6162045,0.17877395
0,0,0,1,0,-3.5692234,-0.45077148
1,0,1,0,0,-0.036819458,0.79298216
0,0,0,0,1,-0.6610935,-0.0012881072
0,0,0,0,1,-0.56320834,0.14335926
0,0,0,0,1,0.33315277,0.16920587
0,0,0,0,1,-0.0035476685,0.27615243
0,0,0,0,1,1.014806,0.18598881
0,0,0,0,1,0.9645524,0.2919162
0,0,0,0,1,0.39650726,0.19953866
0,0,0,1,0,-3.4215562,-0.9770068
1,0,0,1,0,-3.7606246,-0.76036197
0,0,0,0,1,0.850435,-0.4196477
0,0,0,0,1,-1.1578634,0.02300596
1,1,0,1,0,9.290475,-0.3328541
0,0,0,1,0,-2.7776134,0.41653937
1,1,1,0,1,-0.73987865,0.91409034
0,0,0,0,1,0.44276285,-0.33363125
0,0,0,1,0,-2.688535,-0.048278596
0,0,0,1,1,-1.5037484,0.3279388
0,0,0,1,0,-3.1752937,-0.84988713
0,0,0,0,1,0.17655468,-0.088286586
1,0,0,0,1,-0.26022744,0.4260436
0,0,0,0,1,-1.2628567,0.26549786
0,0,0,0,1,0.49812412,-0.278197
0,0,0,1,0,-2.9337084,0.37243754
0,0,0,0,1,0.68147945,-0.3740107
0,0,0,0,1,0.83333564,-0.27032608
0,0,0,0,1,0.38469815,-0.72696096
1,0,0,1,0,0.49438477,0.4305618
0,0,0,0,1,-1.0756071,-0.9476924
1,0,0,0,1,0.22870159,0.47477317
0,0,0,0,1,0.3780465,0.0465926
0,0,0,0,1,0.26025963,-0.03992694
0,0,0,0,1,0.8824339,0.021702379
0,0,0,0,1,0.45277357,-0.50007176
0,0,0,1,0,-2.6062458,0.023923272
0,0,0,1,1,-1.8425999,-0.45528975
0,0,0,1,0,-3.4801826,0.2614068
0,0,0,0,1,0.50859976,-0.7028901
1,1,0,0,0,10.331687,0.106162995
0,0,0,0,1,0.76182294,0.3066517
0,0,0,1,0,-2.826273,-1.0059594
0,0,0,1,0,-2.1992643,0.32939416
0,0,0,0,1,-0.59534097,0.061131362
1,0,0,0,0,-0.37497592,0.4964329
0,0,0,0,1,-1.6747742,0.14873502
0,0,0,1,0,-3.0794883,-0.018606665
0,0,0,0,1,2.5035148,0.2297158
0,0,0,0,1,0.3205049,0.2781919
0,0,0,0,1,0.08687496,-0.020246107
0,0,0,0,1,0.8856888,0.09686002
0,0,0,0,1,0.59506774,0.18475252
1,0,0,0,1,0.60331345,0.5097909
0,0,0,0,1,0.53143287,-0.034740694
0,0,1,0,1,0.26098895,-0.02996079
0,0,0,0,1,-0.5874808,-0.32593033
1,0,0,0,0,-0.36515665,0.737425
0,0,0,0,1,0.7620208,0.1538722
0,1,0,0,0,4.0152106,0.1007579
0,1,0,0,0,7.9977984,0.7176675
0,0,0,0,1,-0.113205194,0.1529854
0,0,0,0,1,0.9290879,-0.53710145
0,0,1,0,0,-2.0490267,0.09059263
0,0,0,0,1,-0.5469296,0.13370346
0,0,0,1,0,-1.6612568,-0.0801668
0,0,0,0,1,0.28219247,0.3726742
0,0,0,0,1,0.4925754,0.26117632
0,0,0,0,1,0.6959934,0.20922673
0,0,0,0,1,0.36314344,-0.0070870267
0,0,0,0,1,0.3445971,0.12048048
0,0,0,0,0,-1.396169,0.58768743
0,0,1,0,1,-1.0485916,0.06619132
1,0,0,0,1,-0.0541656,0.4432625
0,0,1,0,1,-0.05776143,0.0015759086
0,0,0,0,1,-1.4824929,0.007664946
0,0,0,0,1,1.1945696,-0.052463517
0,0,0,0,1,-0.085933685,0.54172945
0,0,0,0,1,0.6881685,0.14744036
0,0,0,0,1,-1.8757389,-0.23811334
0,0,0,1,0,-3.5376506,-0.8976193
0,0,0,1,0,-3.530024,-0.6278485
0,0,0,0,1,-0.0554142,0.12978539
0,0,0,0,1,-0.01681757,0.2541501
0,0,0,1,0,-3.183228,-0.2878261
0,0,0,1,1,0.3113587,0.036987416
0,0,0,0,1,0.28113508,0.033913173
0,0,0,0,1,-0.6561198,0.16028954
0,0,0,1,0,-3.6956491,-0.30769223
0,0,0,0,1,1.0766556,-0.19984712
1,0,0,0,0,-0.22302961,0.56757486
0,0,0,0,1,-0.07169819,0.1888992
0,0,0,1,0,-3.222129,-0.8459442
0,0,0,1,0,-2.714392,0.5193348
0,0,0,0,1,0.7267995,0.32730347
0,0,0,0,1,-0.87633705,-0.8929146
0,0,0,1,0,-3.2011218,-0.5809672
0,0,0,0,1,0.3426895,0.14670976
0,0,0,0,1,0.5160868,-0.02151245
0,0,0,0,1,0.46325564,-0.04630172
0,0,1,0,0,-1.7297163,0.8998218
1,1,0,0,1,10.421066,-0.39969724
1,1,0,0,0,9.967523,-0.40175444
0,0,0,0,1,0.5430908,-0.2322027
0,0,0,0,1,0.14918804,0.54384565
0,0,0,0,1,0.32803822,0.069272794
0,0,0,0,1,0.23502254,0.3669566
0,0,0,0,1,-1.5250816,0.31149232
0,0,1,1,0,-2.1925488,-0.083347686
1,0,0,0,0,0.17454338,0.64215934
0,0,0,0,1,0.5235996,-0.3225019
0,0,0,0,1,0.2716012,-0.44559562
0,0,0,0,1,0.4625535,0.09486219
0,0,0,0,1,0.9432683,0.19358395
0,0,0,0,1,-0.3718505,0.11540766
0,0,0,0,1,1.4826632,0.08525154
0,0,0,1,0,-2.9661062,-0.7318388
0,0,0,0,0,-2.071494,0.061126117
0,0,0,0,1,0.34968972,-0.100937866
0,0,0,0,1,-0.35666394,0.34452572
1,0,0,0,0,0.106004715,0.7831086
0,0,0,0,1,-1.6797023,-0.2982524
0,0,0,1,0,-3.6376872,-0.59029686
0,0,0,0,1,0.7339287,-0.18826978
0,0,0,1,0,-2.381344,-0.18618472
1,1,0,0,0,6.4578447,-0.07851927
0,0,0,1,1,0.15330648,0.0114327185
0,0,0,0,1,0.5379431,-0.04070315
0,0,0,0,1,-0.30383205,-0.50178355
0,0,0,0,1,0.9978795,-0.14526607
0,0,1,1,0,-3.0020325,-0.16618198
0,0,0,0,1,0.9194541,0.29404008
0,0,0,0,1,-0.095835686,-0.67930496
0,0,0,0,1,0.42300153,0.119201526
1,0,0,0,0,0.2355113,0.68350464
0,0,0,1,1,0.06623745,-0.21266425
0,0,0,0,1,0.9598789,0.18271154
0,0,0,1,0,-3.4502246,-0.3401271
0,0,0,1,0,-2.4109242,-0.35535842
0,0,0,0,1,0.73355675,-0.023057634
0,0,0,0,1,-0.1848278,-0.26595926
0,0,0,0,0,-1.9424062,0.10160686
0,0,0,0,1,0.31219602,0.056992598
0,0,0,1,0,-2.8163536,-0.23711364
0,0,0,0,1,0.6906078,0.21646893
0,0,0,0,1,0.35596585,0.22732899
0,0,0,0,1,-0.036778927,0.565125
0,0,0,0,1,-0.08025646,-0.2589637
0,0,0,0,1,0.28164387,0.49458206
1,0,0,0,0,0.44423223,0.51491684
0,0,0,1,0,-2.9826765,-0.40857652
0,0,0,1,0,-3.4121768,-0.052276164
0,0,0,0,1,-0.20967841,0.33622506
0,0,0,0,1,0.37980556,0.036384482
0,0,0,0,1,0.60869145,0.22393212
1,0,0,1,0,-3.6759274,-0.016298695
0,0,0,0,1,-0.08411789,0.20395845
0,0,0,1,0,-3.7484472,-0.13481537
0,0,0,1,1,0.11727142,-0.11601223
0,0,0,0,0,-2.0408473,-0.23330994
1,0,1,0,0,0.15201235,1.0707906
0,0,0,0,1,-0.35255694,0.1924395
0,0,1,1,1,0.4897666,0.0069478084
0,0,0,0,1,0.8358793,-0.19711788
0,0,0,1,0,-3.3141918,-0.28093266
0,0,0,0,1,0.8364568,-0.3428032
0,0,0,0,1,1.2823925,-0.15845366
0,0,0,1,0,-3.6999917,-0.18931365
0,0,0,1,0,-3.4128132,-0.24252255
0,0,0,0,1,-1.1319127,-0.34183335
0,0,0,0,1,0.84264994,0.33981967
0,0,0,0,1,-0.9267421,0.04833348
0,0,0,0,1,0.6524899,-0.019581327
0,0,0,0,1,0.9708991,-0.19686432
0,0,0,0,0,-2.3046663,0.004562158
0,0,0,1,0,-2.824425,-0.3733646
0,0,0,0,1,2.935049,-0.25547937
0,0,0,0,1,-0.10087204,0.4706951
0,0,0,0,1,-0.2834952,0.43533722
0,0,0,0,1,1.1831212,-0.32643697
0,0,0,0,1,0.74207425,-0.10233403
0,0,0,0,0,-0.81161594,0.5350757
0,0,0,0,1,0.85086346,0.09078721
0,0,0,1,0,-3.3519535,-0.24347931
0,0,0,0,1,0.6123533,-0.24893759
0,0,0,0,1,0.528589,-1.0753928
0,0,0,1,1,0.4801569,-0.13859542
0,0,0,0,1,0.75106716,0.039827134
1,1,0,0,0,6.550956,0.54772186
0,0,0,0,1,0.026157618,0.2652833
0,0,0,0,1,-0.7507744,-0.493969
0,0,0,0,1,0.7204156,0.10154304
0,0,0,0,1,1.4328551,-0.73276496
0,0,0,0,1,-0.8838167,0.28312528
0,0,0,0,1,-0.14333463,-0.41512793
0,0,0,0,1,-0.29779768,-0.623136
0,0,0,0,1,0.17120051,-0.061777525
0,0,0,0,1,0.53987217,-0.046087753
0,0,0,0,1,0.589597,-0.16021182
0,0,0,0,1,-1.4396548,0.3703998
0,0,0,1,0,-3.5634289,-0.49165574
0,0,0,1,0,-3.915171,-0.6914547
0,0,0,0,1,-0.06602955,-0.3240051
0,0,0,1,1,0.05886841,-0.2761327
0,0,0,0,1,0.02524376,0.24820302
1,0,0,0,1,0.11689854,0.48367742
0,0,1,0,0,-1.69331,0.5230785
0,0,0,1,0,-3.5803096,0.26854277
0,0,0,0,1,0.03831148,0.149037
0,0,0,0,1,0.2812438,0.30587766
0,0,0,0,1,-0.010890007,0.06823813
0,0,0,0,1,0.64273214,0.15187971
0,0,0,0,1,0.076143265,-0.00043226423
0,0,0,0,1,-0.03644824,-0.43563282
0,0,0,0,1,0.011404991,0.1763227
0,0,0,1,0,-3.294098,0.1593852
0,0,0,1,0,-3.208473,0.11389849
0,0,0,0,1,0.26196146,-0.7975175
0,0,0,0,0,-2.1737792,0.20304762
0,0,0,0,1,0.2846141,0.35493588
1,1,0,0,1,10.611997,-0.25605577
0,0,0,0,0,-1.4036908,0.5197526
1,0,0,0,1,0.4712026,0.3807258
0,0,0,1,0,0.032625675,-0.08625767
0,0,0,0,1,-0.5412507,0.5054645
0,0,0,0,1,0.43456793,-0.04462473
0,0,0,0,1,-0.20618105,-0.20829786
0,0,0,0,1,0.96621704,-0.097298615
1,1,0,0,0,9.5505085,0.0031113976
0,0,0,0,1,-0.2184031,-0.8995618
0,0,0,0,1,0.35664725,0.33261415
0,0,0,1,0,-3.5508988,-0.0019903013
0,0,0,1,0,-2.2560725,-0.06965481
1,0,0,1,0,-5.8744726,-1.1077976
0,0,0,0,1,0.44733524,0.35767493
0,0,0,0,0,-2.2719774,0.080831274
0,0,0,0,1,0.5468931,0.26102108
0,0,0,0,1,-0.028315067,0.5385864
0,0,0,0,1,0.3243289,0.5047647
1,1,0,0,0,8.710371,-0.13320911
1,1,0,0,1,10.46494,-0.13601682
0,0,0,1,0,-3.3030057,-0.27130678
0,0,0,0,0,-1.910943,0.34452572
0,0,0,0,1,-0.7529969,-0.31789422
0,0,0,0,0,-2.0615592,0.614883
1,1,0,0,0,7.284464,0.02966808
0,0,0,0,1,0.76226044,0.082918376
0,0,0,0,1,0.19680834,0.021550765
0,0,0,1,0,-2.951549,-0.41949043
0,0,1,0,1,-0.081113815,0.15401581
1,0,0,1,0,-3.198864,0.65531796
0,0,0,0,1,-0.5630393,-0.095828936
0,0,0,0,1,-0.30114126,0.0070031416
0,0,0,0,1,1.3795269,0.1865698
0,0,0,0,1,-0.5940118,0.17736553
0,0,0,0,1,-0.45149088,-0.08447593
0,0,0,0,1,0.33943033,-0.57758546
0,0,0,1,0,-3.247107,-0.74541116
0,0,0,0,1,0.18460894,-0.66997945
0,0,0,0,1,0.6100571,-0.161508
0,1,0,0,0,4.1650586,-0.2771541
0,0,0,0,1,0.3837614,0.10753279
0,0,0,0,1,0.46829557,0.016887898
1,1,0,0,0,7.689275,-1.0786328
0,0,0,0,0,-2.047199,0.23970538
0,0,0,0,0,-2.3731515,-0.0165778
0,0,0,1,0,-3.3049011,0.3971682
0,0,0,0,1,0.6342845,-0.31209797
0,0,1,0,1,0.69147277,-0.12190965
0,0,0,0,1,-0.074409485,0.27524236
1,0,0,0,1,-0.13487673,0.48708278
0,0,0,1,1,0.47178268,-0.111749485
0,0,0,0,1,-0.6821141,0.08867425
0,0,0,0,1,-0.0019249916,0.25946698
0,0,0,0,1,0.8531699,-0.035556473
0,0,0,0,1,3.0374465,-0.76166546
0,0,0,1,1,0.94256926,-0.25053522
0,0,0,1,0,-3.1278768,0.06631377
0,1,0,0,0,4.7600365,-0.08574003
0,0,0,0,1,-0.6604216,0.3046435
0,0,0,0,1,0.83130574,-0.07121315
0,0,0,0,1,0.0019249916,-0.19154148
1,1,0,0,0,8.8116665,0.35131794
0,0,0,0,1,0.0845108,0.38013658
0,0,0,0,0,-1.8841453,0.42834902
0,0,0,1,0,-3.3376381,-0.5318219
0,0,0,1,1,0.10596466,0.074136116
0,0,0,0,1,0.6184583,-0.3098188
0,0,0,0,1,-0.53066826,0.26785964
0,0,0,0,1,0.96515584,-0.3875741
0,0,0,1,1,-0.011404991,0.36164567
0,0,0,0,1,0.28835964,0.090949565
1,1,0,0,0,8.431301,-0.024061613
0,0,0,0,1,1.3970385,-0.11788932
0,0,0,1,0,-3.1654625,-0.29132867
1,0,0,0,0,3.4494257,0.33223918
0,0,0,0,1,0.53127146,-0.31138802
0,0,0,0,1,0.75868034,0.30888477
0,0,0,1,0,-2.8065186,-0.20608345
0,0,0,0,0,-1.7949278,0.05977295
0,0,0,1,0,-3.2901187,-0.33808663
0,0,0,0,1,0.6194999,0.21124965
0,0,0,0,1,-0.8926749,-0.2564917
0,0,0,0,0,-2.219306,0.50445986
0,0,0,0,1,-0.4035077,0.25401014
0,0,0,0,1,0.43729615,-0.4693411
0,0,0,0,1,0.30785656,-0.42000788
0,0,0,0,1,0.48466134,0.08417018
0,0,0,0,1,-0.73560715,-0.0028569277
0,0,0,0,1,0.099013805,-0.35976085
0,0,0,0,1,0.2374425,-0.5404396
0,0,0,0,1,0.27620053,0.018897088
0,0,0,1,0,-3.6671815,-0.9706509
0,0,0,1,0,-3.8859165,-0.42593107
0,0,0,0,0,-1.7234411,-0.24916247
0,0,0,0,1,-0.029749393,0.06014148
0,0,0,0,0,-2.3232863,0.41210002
0,0,0,1,1,1.01596,0.13378815
0,0,0,0,1,0.59793997,-0.26224792
0,0,0,1,1,-0.60311556,0.32093188
0,0,0,0,1,0.8026271,0.12978539
0,0,0,0,1,1.1901255,0.0073561864
0,0,0,0,1,1.041734,-0.93748105
0,0,0,0,1,0.2849493,0.09176092
0,0,0,0,1,0.8786154,-0.5362396
0,0,0,0,1,-0.05757761,0.18875605
0,0,0,1,1,0.87786436,-0.3965998
0,0,0,0,1,0.8806789,-0.04300465
0,0,0,0,1,-1.7496076,0.12164251
0,0,0,0,0,-2.0744724,-0.16354825
0,0,0,0,1,-1.2195942,0.4555338
1,0,0,0,0,-0.009232998,0.6287874
0,0,0,0,1,0.45033073,-0.14837496
1,1,0,0,1,10.512838,-0.10789145
0,0,0,0,0,-1.6354344,0.41732427
0,0,0,0,1,-0.44119787,0.058728404
0,0,0,0,1,-0.9451165,-0.52716243
0,0,0,0,1,-0.57890177,0.17124198
0,0,0,0,1,-1.1879959,0.31160063
0,0,0,1,0,-3.8040962,-0.9400867
0,0,0,0,1,1.1019936,-0.028580127
0,0,0,0,1,0.6138902,-0.025302198
0,0,0,0,1,0.52862,-0.054092888
0,0,0,0,1,0.63359237,-0.4361204
0,0,0,0,1,1.487314,-0.0036320256
0,0,0,0,1,-0.003762722,-0.4859576
0,0,0,1,1,0.2488854,0.09268455
0,0,0,1,0,-3.5722299,-0.10240668
0,0,0,0,1,0.8049071,0.09627058
0,0,0,0,1,0.78366995,0.5054645
0,0,0,0,0,-2.1037722,0.6595615
0,0,0,0,1,0.90912247,-0.017241785
0,0,0,0,1,0.34366035,-0.9047077
0,0,1,0,1,0.7341912,-0.08570739
0,0,0,1,0,-3.901167,-1.1339114
0,0,0,0,1,0.42359948,0.024912376
0,0,0,0,1,0.11897397,0.22732899
1,0,0,0,0,-0.08927965,0.63136566
0,0,0,1,0,-3.9719613,-1.0671093
0,0,0,0,1,0.96826553,-0.23264316
0,0,0,0,1,0.8705337,0.058034495
0,0,0,0,1,1.0407505,-0.17376477
0,0,1,1,1,1.0548339,0.07984922
0,0,0,1,0,-3.8603687,-0.38039896
0,0,0,0,1,-1.1434321,0.098550476
0,0,0,0,1,2.923771,-0.5508222
0,0,0,0,1,0.7060816,0.024143204
0,0,0,0,1,0.16688395,-0.9267898
0,0,0,0,1,0.87160206,-0.037582573
0,0,0,1,1,-0.27638674,-0.41876814
0,0,0,0,1,-0.48339248,-0.011893909
0,0,0,0,1,0.12822962,0.16719383
0,0,0,1,0,-2.7466402,0.22845034
0,0,0,0,1,-0.24439812,-0.42117777
0,0,0,0,1,-0.17130208,-0.6455808
0,0,0,0,1,-0.48256207,-0.93926734
0,0,0,0,1,-0.09824133,-0.066265546
1,1,0,0,0,10.17768,-0.11817664
0,0,0,0,1,0.22310305,0.13024087
0,0,0,0,1,0.55011845,-0.052650906
0,0,0,0,1,0.7305503,-0.41869295
0,0,0,0,1,-1.2940006,0.19008948
0,0,0,0,1,0.5268707,-0.17828892
0,0,0,0,1,-0.19173789,0.30870408
0,0,0,1,1,0.26779222,-0.5237276
0,0,0,1,0,-2.975318,0.48443848
0,0,0,0,1,0.04475832,0.39372543
0,0,0,1,0,-3.4431884,-0.054592263
0,0,0,1,0,-3.5574636,-0.89800805
0,0,0,0,1,0.4555714,-0.3287137
0,0,0,0,1,0.33589172,0.25401217
0,0,0,0,1,0.5005276,-0.2345191
0,0,0,1,0,-3.634768,-0.6723954
0,0,0,0,1,0.581367,-0.14650038
1,0,0,0,0,3.6563993,0.6501014
0,0,1,0,0,-0.6963067,1.0945458
0,0,0,0,1,0.09314489,0.1785394
0,0,0,0,0,-2.1913815,-0.22171737
0,0,0,0,1,-0.27003098,-0.26885542
0,0,0,1,0,-2.3987675,-0.21320768
0,0,0,0,0,-2.5011373,0.018742373
0,0,0,1,1,1.3786931,-0.28746545
0,0,0,0,1,-0.7310047,-0.061597597
0,0,0,0,1,-0.85986304,0.47376117
0,0,0,0,1,0.25169277,-0.17235942
0,0,0,0,1,-0.32575512,0.50675416
0,0,0,0,0,-1.832356,-0.16226834
0,0,0,0,1,1.0140433,-0.10220973
1,0,0,0,0,1.1163688,0.57764304
0,0,0,0,1,1.1999674,-0.44065318
0,0,0,0,1,1.1119266,0.089599594
0,0,0,0,1,0.62327766,0.19574659
0,0,0,0,1,-0.18705606,0.29332885
0,1,0,0,0,7.2187595,-0.36049843
0,0,0,0,1,0.11682987,-0.17104352
1,0,0,0,1,-0.19997573,0.47425187
0,0,0,1,0,-3.4691763,-0.7926087
0,0,0,0,1,0.71039224,-0.18039942
0,0,0,0,1,0.21188354,0.07468837
1,0,0,0,0,3.5323596,0.40288863
0,0,0,1,0,0.20573092,-0.10243897
0,0,0,1,0,-2.6689584,-0.03564097
1,0,0,0,0,-0.34633493,0.7718391
0,0,0,0,1,-1.1376302,-0.332224
0,0,0,0,1,0.18578672,-0.15018164
0,0,0,0,1,0.9645052,0.027181963
0,0,0,0,1,0.045918703,-0.79618
0,0,0,0,1,0.27616215,0.29179567
0,0,0,0,1,0.4651382,0.05041854
0,0,0,1,0,-3.9399543,-0.5223547
0,0,0,0,1,0.35826302,0.28308964
0,0,0,0,1,0.58887196,0.00043226423
0,0,0,0,1,1.0138354,0.039281044
0,0,0,0,1,0.785666,-0.17623645
0,0,0,0,1,0.44756174,-0.06623602
0,0,0,0,1,0.8412981,0.19624513
0,0,0,1,0,-3.1352756,-0.71038896
0,0,0,1,0,-3.4424188,-0.47338253
0,0,0,0,0,-1.6737673,0.6879142
0,0,0,0,0,-2.0480504,0.67566377
0,0,0,1,0,-2.3823078,-0.09070094
0,0,0,0,1,0.58332634,0.2756362
0,0,0,0,1,-1.4568977,-0.7401407
0,0,0,0,1,0.7248173,0.06841068
0,0,0,0,1,1.3851347,-0.0031113976
0,0,0,1,1,-1.3155508,-0.0873541
0,0,0,0,1,0.20286751,-0.34211913
0,0,0,1,0,-3.3382695,-0.38113415
0,0,0,0,1,0.8748355,0.4138797
1,1,0,0,0,9.297259,0.20127578
0,0,0,0,1,0.14165735,0.050817784
0,0,0,0,1,3.4746542,-0.07250646
0,0,0,1,0,-3.131904,0.2451188
1,0,0,1,0,-0.68015575,0.8255866
0,0,1,0,0,-1.5316768,0.8654362
1,0,0,1,0,-5.580825,-1.0332743
0,0,0,0,1,0.43745875,0.2824269
0,0,0,0,1,0.6751528,0.10992424
0,0,0,0,1,0.35066748,0.24172159
0,0,0,0,1,-0.12866712,-0.8735466
0,0,0,0,1,0.44460344,-0.22666705
0,0,0,1,0,-3.232694,-0.65973556
0,0,0,0,1,0.6669321,0.23935649
0,0,0,1,0,-3.2947576,-0.33634296
0,0,0,0,1,0.5910964,0.21712574
0,0,1,0,1,0.23591995,0.03988978
1,1,1,1,0,6.7629137,0.8886862
0,0,0,0,0,-2.1718252,-0.39925677
0,0,0,1,0,-3.014329,-0.039063204
0,0,0,1,0,-2.7336793,-0.87206817
0,0,0,0,1,0.7529397,0.2691841
0,0,0,1,0,-3.4695687,0.026755977
0,0,0,0,1,-1.1824367,0.2290858
0,0,0,1,0,-2.8992243,0.42842656
0,0,0,1,0,-3.3074853,-0.4398248
0,0,0,1,0,-3.8440137,-0.11251491
0,0,0,0,1,1.0743313,-0.41468504
0,0,0,0,1,0.22359729,-0.078178264
0,0,0,0,1,-0.6140828,0.32776546
0,0,0,0,1,-0.107550144,0.19038346
1,1,0,0,0,8.607678,0.1402491
0,0,0,0,1,0.3473506,0.09465339
0,0,0,0,1,-0.46188545,-0.5467109
0,0,0,0,1,-0.18650198,-1.1262169
0,0,0,0,1,-0.9781797,-0.16317697
0,0,0,1,0,-4.112028,-1.1001894
0,0,0,0,1,0.7646303,0.31539097
0,0,0,0,1,0.45870638,0.065337986
0,0,0,1,1,-0.6353011,-0.5686911
0,0,0,0,1,-0.5161941,-0.43538913
0,0,0,0,1,-0.28921294,-0.023770152
0,0,0,0,1,-0.05041027,0.22744636
0,0,0,0,1,0.7703719,-0.22721502
0,0,0,1,0,-3.9341044,-0.8799722
0,0,0,0,1,0.7906542,-0.24915534
0,0,0,0,0,-1.5101118,0.6382392
0,0,0,0,1,0.71549296,-0.10024051
0,0,0,0,1,0.09018946,-0.06786952
0,0,0,0,0,-1.7975955,0.22010455
0,0,0,0,1,0.6172571,0.30062622
0,0,0,0,1,-1.4524174,0.06346491
0,0,0,0,1,-0.8511419,0.07111122
0,0,0,0,1,-0.20689344,0.18732339
0,0,0,1,0,-2.773159,-0.53624606
0,0,0,1,1,0.8415928,0.1102307
0,0,0,0,1,0.015262604,-1.121832
1,1,0,0,0,8.173773,-0.6389881
1,0,0,1,0,-2.8996365,-0.14142817
0,0,0,0,1,0.49108458,-0.23024842
0,0,0,0,1,0.4417448,-0.010865327
0,0,0,0,1,0.9562509,0.25580683
0,0,0,0,1,0.7951,-0.1278041
0,0,0,0,1,0.4566598,-0.26864302
0,0,0,0,0,-1.9899158,-0.41843018
0,0,0,0,1,0.4014535,0.3791575
0,0,0,0,1,0.47794557,-0.22974676
0,0,0,1,0,-3.3626585,-0.46187118
0,0,1,0,1,0.050671577,-0.049822222
0,0,0,0,1,-1.2436552,0.16130514
0,0,0,0,1,0.41685963,0.2557959
0,0,0,0,0,3.178204,0.48531434
0,0,0,1,0,-2.6641486,0.3546865
0,0,0,0,1,-1.0432603,0.37239558
0,0,0,1,1,-1.7467163,-0.39433324
0,0,0,0,0,-1.7512794,0.68009454
0,0,0,1,0,-3.341212,-0.2130995
0,0,0,0,1,-1.173341,0.1612654
0,0,0,0,1,0.44521904,-0.26740628
0,0,0,0,1,-1.5287213,-0.14697202
0,0,0,0,1,-0.66259193,-0.2835078
0,0,0,0,1,-1.3315017,0.11597775
0,0,0,0,1,0.1829853,-0.96969736
0,0,1,0,1,0.88335085,-0.02017262
0,0,0,0,1,-0.07371426,0.18817644
0,0,0,0,1,-1.2776933,0.32262802
0,0,0,0,1,0.27155066,-0.6662734
0,0,0,1,0,-2.5918016,-0.14157224
0,0,0,0,1,-0.1708107,-0.06055311
0,0,0,0,0,-2.151248,0.6059787
0,0,0,0,1,-0.57264566,-0.38478473
0,0,0,0,1,1.094851,-0.1364131
0,1,0,0,0,3.9910882,0.7720135
0,0,0,1,1,-0.5027964,0.21086667
0,0,0,1,1,-1.1620414,0.36366665
0,0,0,0,0,-0.14687777,0.6814473
0,0,0,0,1,0.50930357,-0.0033249015
0,0,0,0,1,-0.22220612,-0.9649205
0,0,0,0,1,-0.21255922,-0.009991735
0,0,0,0,1,-0.97234154,0.062156383
0,0,0,0,1,0.77236795,-0.79611254
0,0,0,0,1,-1.572442,0.23296757
0,0,0,0,1,-0.9465704,0.5122598
0,0,0,0,1,0.3273282,0.38435107
0,0,0,0,1,0.708426,0.029336803
0,0,0,0,1,-0.21725321,0.31172723
0,0,0,1,0,-2.4366207,-0.3064314
1,0,0,1,0,-2.619946,-0.2408687
0,0,0,0,1,0.8415966,-0.08485229
0,0,0,0,1,-0.09233475,0.20215765
0,0,0,0,1,0.25267816,-0.07205996
0,0,0,0,1,1.0904167,-0.31544253
0,0,0,1,0,-3.7997215,-0.3821758
0,0,0,1,0,-3.7053547,-0.8267005
0,0,0,0,1,0.3833418,-0.16434619
0,0,0,0,1,0.3133254,-0.34383735
0,0,0,0,1,-1.1397502,-0.1404237
1,1,0,0,0,8.961327,0.6803583
0,0,0,0,1,-0.5074444,-0.45304322
0,0,0,0,1,0.56716204,0.14201103
0,0,0,0,1,0.35458636,-0.10881675
0,0,0,0,1,0.19976068,-0.37396216
0,0,0,1,0,-3.3211086,0.27589867
0,0,0,1,0,-3.6322849,-0.8522493
0,0,0,0,1,-0.7351179,-0.09026871
1,0,0,1,0,-4.027076,-0.28857523
0,0,0,0,1,0.30022764,0.4835708
0,0,0,0,1,-0.30013227,0.18964833
0,0,1,0,1,-1.3400989,-0.04445953
0,0,1,0,0,2.1579895,0.86189824
0,0,0,0,1,0.52055883,0.084270045
0,0,0,0,0,-2.4200268,-0.29490393
0,0,0,0,1,0.7320218,-0.12812412
0,0,0,0,1,-0.283998,0.25775847
0,0,0,0,1,0.68216133,-0.017482042
0,1,0,0,0,7.7169127,0.34036824
0,0,0,0,1,0.82608604,0.45398936
0,0,0,0,0,-1.7899516,-0.7514929
0,0,0,1,0,-2.3838162,0.0700241
0,0,0,1,0,-3.6020365,-1.1092714
0,0,0,1,0,-4.0048666,-0.714436
0,0,0,0,1,0.6004958,0.27799478
0,0,0,0,1,0.59125614,0.3644899
0,0,0,0,1,-0.12760234,0.18184909
0,0,0,0,1,0.19028234,0.15004513
0,0,0,0,1,0.24367976,-0.12529917
1,0,0,1,0,-3.6994236,-1.1316024
1,1,0,0,0,9.00122,-0.17160727
0,0,0,0,1,-0.67621565,0.2440811
0,0,0,0,1,-0.25295758,-0.024900917
0,0,0,1,0,-2.5244932,0.29285944
0,0,0,0,1,0.48990393,0.2528023
0,0,0,0,1,-1.3257115,0.15884735
0,0,0,0,1,1.008276,-0.21596387
0,0,0,1,0,-2.2780023,0.40378037
0,0,0,0,1,-0.10248065,0.17578447
0,0,0,0,1,0.32650018,0.0339442
0,0,0,0,1,0.6599684,-0.21530212
0,0,0,0,1,0.31506944,0.16207013
0,0,0,0,1,0.4230175,-0.06914569
0,0,0,0,0,-1.4470189,0.57443905
0,0,0,0,1,-1.367734,-0.4272274
0,0,0,0,1,0.3461306,0.05907531
0,0,0,0,1,-0.016531467,0.19306195
0,0,0,1,1,-0.22622967,0.71414673
0,0,0,0,1,-0.06512451,0.05768277
0,0,0,0,1,0.084607124,0.12323399
0,0,0,0,1,0.6590934,0.12231641
0,0,0,1,0,-3.4622898,0.079958424
1,1,0,0,0,6.9755955,-0.017705658
0,0,0,1,1,0.6336708,0.15645763
0,0,0,0,1,0.009232998,0.274717
0,0,0,1,0,-3.225959,0.47405562
0,0,0,1,0,-2.8016737,0.16508073
0,0,0,0,1,-1.4281421,-0.15279707
0,0,0,0,1,-1.1915526,0.091238715
0,0,1,0,1,0.22674322,0.09376078
0,0,0,0,1,0.82500124,-0.07828628
0,0,0,0,1,0.3434043,0.14866698
0,0,0,0,1,0.37012482,0.05508684
0,0,0,0,1,-0.8116765,-0.23805065
0,0,0,0,1,0.24894905,-0.026011795
0,0,0,0,1,0.8562741,0.15718247
0,0,0,1,0,-3.0982802,-0.16373393
1,0,0,0,1,0.355417,0.339823
0,0,0,0,1,-0.43568373,0.09724257
0,0,0,0,1,-0.034920692,-0.284515
0,0,0,0,1,0.9936652,0.5885132
0,0,0,0,1,0.5276346,0.12148507
0,0,0,0,1,0.025417328,0.06760299
0,0,0,1,1,-1.4017823,0.17908502
0,0,0,0,1,0.47458267,-0.078863606
0,0,0,0,1,-0.06638479,0.31989756
0,0,0,0,1,0.35955954,0.44985306
0,0,1,0,0,-0.94573355,1.0478466
0,0,0,0,1,0.5642035,0.2800468
0,0,0,0,1,0.32018948,-0.38469812
0,0,0,1,0,-3.735466,-0.665624
0,0,0,1,0,-3.4020689,0.31884125
0,0,0,0,1,0.1755004,0.44272617
0,0,0,0,1,0.59058046,-0.31333542
0,0,0,0,0,-1.29039,0.47683173
0,0,0,0,1,-0.28953457,0.1500792
0,0,0,0,1,0.506701,-0.10299775
0,0,0,0,1,-0.0953598,0.12766156
0,0,0,0,1,0.4302988,-0.9882398
0,0,0,1,0,-3.1341853,0.19373922
0,0,0,0,1,0.15851927,0.029725911
1,0,0,0,0,0.3404758,0.4300186
0,0,0,0,1,0.4999218,-0.37175596
0,0,0,0,1,-0.6846843,-0.91132003
0,0,0,0,1,-0.21440554,0.45293576
0,0,0,0,1,0.07474136,0.41301566
0,0,0,0,1,0.8687911,0.22320172
0,0,0,1,0,-3.231697,-0.2769678
0,0,0,0,1,0.5983329,0.32301423
0,0,0,0,1,0.6525378,-0.09563866
0,0,0,0,1,0.6164849,-1.0907599
0,0,0,1,0,-2.7694895,-0.7979602
0,0,0,0,1,1.1852796,-0.37258822
0,0,0,0,1,-0.53422403,0.3212764
1,0,0,0,1,0.5354111,0.329784
0,0,0,0,0,-1.7689683,-0.042767376
0,0,0,1,0,-3.2414773,0.0087671215
0,0,0,0,1,0.9994788,-0.42448625
0,0,0,1,0,-1.0727572,-0.50283015
1,0,0,0,1,0.02946639,0.45182806
0,0,0,0,1,0.5300286,0.0011035792
0,0,0,0,1,0.7935059,-0.13445461
0,0,0,0,0,-2.128317,-0.17828892
0,0,0,0,0,-2.4190311,-0.04811975
0,0,0,0,1,-0.018481255,0.07131297
0,0,0,0,1,0.8933847,-0.1167582
0,0,0,0,1,-0.03810978,-0.062719144
0,0,0,0,1,-0.3281474,0.50945884
0,0,0,0,1,-1.8881335,-0.54498214
0,0,0,0,1,0.5824244,-0.21595615
0,0,0,0,1,0.62418413,0.26047313
0,0,0,0,1,0.2715783,-0.6035476
0,0,0,0,1,-0.48552418,0.018049479
0,0,0,0,1,0.5095825,-0.059760373
0,0,0,1,0,-3.0500119,0.06279724
0,0,0,1,0,-3.6875932,-0.4784574
0,0,0,0,1,0.4019568,0.068394214
0,0,0,0,1,2.2722535,-0.14567734
0,0,0,1,1,-0.10650492,0.4072634
0,0,0,0,1,0.84364176,0.033326376
0,0,0,1,1,0.42875051,-0.15420823
1,0,0,0,1,0.41363192,0.5063374
0,0,0,0,1,-0.20656347,-0.0710203
0,0,0,0,1,1.0463719,-0.7789503
0,0,0,0,1,0.53299594,0.09455089
0,0,0,1,0,-2.9073672,0.11147514
0,0,0,0,1,0.24746847,0.14383441
0,0,0,0,0,-1.9443521,-0.30909196
0,0,0,1,0,-3.8826916,-0.7916464
0,1,0,0,0,7.7746,0.13185552
0,0,0,0,1,0.60620403,-0.06745048
0,0,0,1,0,-4.0595803,-0.7947829
0,0,0,0,1,-0.23348856,-0.26224792
0,0,0,0,1,-0.69001484,0.35913154
0,0,0,0,1,-1.1586418,0.0033249015
0,0,0,1,0,-2.2571027,0.037083805
0,0,0,1,0,-3.4900901,-0.031144701
0,0,0,0,0,-2.0949116,0.49079412
0,0,0,1,0,-3.0056605,0.04681439
0,0,0,1,0,-2.4321473,-0.23489751
0,0,0,1,1,0.542398,-0.1364131
0,0,0,0,1,-1.7350163,0.14820717
0,0,0,1,1,1.1527,-0.118089385
1,0,0,0,0,-1.415334,0.42899254
0,0,0,0,1,-0.217381,0.058675084
0,0,1,0,1,0.5748546,-0.15063532
0,0,0,0,1,-0.026326656,-0.08298378
0,0,0,0,1,-1.2544601,-0.017012283
0,0,0,0,1,0.8642497,0.11738282
0,0,0,0,1,-1.0883384,-0.12832068
0,0,0,0,1,-0.7357166,-1.0763175
0,0,0,0,1,-0.27969885,0.57443905
0,1,0,0,0,7.6413016,0.47663152
0,0,0,1,0,-1.9745495,0.71770626
0,0,0,0,1,-0.09732938,0.17260566
0,0,0,1,0,-3.0035892,-0.95660126
0,0,1,0,1,-0.026157618,0.018897088
1,0,0,0,0,-0.19115424,0.5210216
0,0,0,0,1,-0.7004845,0.29118434
0,0,0,0,1,0.997437,0.29944083
0,0,0,0,1,-0.19885015,0.30384716
0,0,0,1,0,-0.2072177,0.25186515
0,0,0,0,1,0.60408354,-0.16924916
0,0,0,0,1,0.15191317,0.29178026
0,0,0,0,1,-1.5400321,-0.7947829
0,1,0,0,0,4.6206913,0.04571027
0,0,0,1,0,-3.2907465,-0.12185451
0,0,0,0,1,0.07151556,0.10449379
0,0,0,0,1,0.7099581,0.054413553
0,0,0,1,1,-0.09614134,0.5578029
0,0,0,0,1,-0.84978485,-0.072333604
0,0,0,0,1,0.354084,-0.0773229
0,0,0,1,1,0.4311533,0.15433714
0,0,0,0,1,-0.0076060295,0.39047593
0,0,0,0,1,0.5072727,0.1391211
0,0,0,0,0,-1.9634609,0.3578674
0,0,0,1,0,-3.0992653,-0.0028569277
0,0,0,1,0,-2.4738386,0.18071611
0,0,0,0,1,-1.2187638,0.46972272
0,0,0,0,1,-0.11720896,0.20060426
0,0,0,0,1,0.6574719,-0.0011035792
0,0,0,0,1,-0.12457371,-1.075754
0,0,0,0,1,0.50810647,0.2720319
1,1,0,0,0,5.4783497,0.007695975
0,0,1,0,1,0.96180654,0.020288445
0,0,0,1,0,-3.5742605,-0.7472985
0,0,0,0,0,-1.9049928,0.6717388
0,0,0,0,1,0.73750687,0.2871729
0,0,0,0,1,0.53810453,-0.016758583
0,0,0,0,1,0.36583424,-0.2926799
0,0,0,0,1,1.0796976,0.017540647
0,0,0,0,1,-1.0221834,-0.13219398
0,0,0,0,1,0.08684349,-0.0297227
0,0,0,0,1,0.13235474,0.36102626
0,1,0,0,0,7.6261873,0.2919094
1,1,1,1,0,-0.8148422,1.0970333
0,0,0,0,0,-2.1134007,0.26667106
0,0,0,0,1,1.0606747,-0.82493544
0,0,0,1,0,-2.7686348,-0.08871319
0,0,0,0,1,0.80109596,0.13958511
0,0,0,0,1,-0.45769572,0.17868952
0,0,0,0,1,-0.004240513,0.47478715
0,0,0,0,1,2.8859458,-0.025292452
0,0,0,0,1,-1.4267888,-0.06012755
0,0,0,0,0,4.1310835,-0.36420703
0,0,0,1,0,-3.089333,-0.2087087
0,0,0,0,1,0.44479942,-0.12389179
0,0,0,0,1,0.5096171,0.033639368
0,0,0,1,0,-3.5190856,-0.59314775
1,0,0,0,1,0.5133078,0.39069533
1,0,0,1,1,-1.8124592,-0.85987914
0,0,0,0,1,0.030170918,-0.47435293
0,0,0,0,1,-0.7751255,-0.3052704
0,0,0,0,1,-0.9658456,-0.026465898
0,0,0,0,1,0.3318119,-0.22468291
0,0,0,0,1,-0.25736523,0.110775165
0,0,0,0,1,-0.16860294,0.053402774
0,0,0,0,1,0.6360526,-0.080390505
0,0,0,0,1,-0.3860712,0.09105453
0,0,0,0,1,-0.011746168,-0.66366446
0,0,0,0,1,0.18228269,-0.03834582
1,0,0,1,0,-3.4335182,-0.56672853
0,0,0,0,1,-0.38817358,-0.8261981
0,0,0,1,0,-2.4061103,-0.41416386
0,0,0,1,0,-3.529208,-0.044528294
0,0,0,0,1,-1.5159245,-0.32944563
0,0,0,0,1,0.96968174,-0.099588074
0,0,0,0,1,-0.63825965,0.0008748909
0,0,0,1,1,0.05407095,0.14808755
0,1,1,0,0,6.9589243,-0.045278892
1,1,0,0,1,10.193978,0.022136288
0,0,0,1,0,-2.2481763,-0.32192937
0,0,0,0,1,0.14270854,0.20581174
0,0,0,0,1,0.59096336,0.21466842
0,0,0,0,0,-1.6982498,0.40602538
0,0,0,1,0,-3.759244,0.03640847
0,0,0,1,0,-3.3934553,0.25732818
0,0,0,0,0,-1.8971584,-0.24302454
0,0,0,0,1,-1.9125037,0.13689308
0,0,0,0,1,0.49021196,-0.30305308
0,0,0,0,1,0.39677,0.42863685
0,0,0,0,1,-0.06548691,-0.33485624
0,0,0,0,1,0.5321183,-0.54797536
0,0,0,0,1,0.94377184,-0.19070067
0,0,0,0,1,-0.68860745,-0.22796668
1,0,1,1,0,-0.16503096,0.8019154
0,0,0,0,1,0.089446545,0.51829094
0,0,0,0,0,-2.2584274,0.22377498
0,0,1,1,0,-3.0921242,0.22787991
0,0,0,1,0,-2.8445692,-0.7225897
0,0,0,0,1,0.31011844,-0.09674565
0,0,0,0,1,0.64675474,-0.56775445
0,0,0,0,1,0.31460333,-0.6913279
0,0,0,0,1,0.5578182,0.030162083
0,0,0,0,1,1.0823581,-0.36937833
0,0,0,0,0,-2.3683798,0.4507316
0,0,0,1,1,1.1037817,-0.46308702
0,0,0,0,1,1.2733698,-0.15275054
0,0,0,0,0,-2.2038262,0.4072145
0,0,0,0,1,0.41363907,-0.14238778
0,0,0,0,1,0.48671103,0.21834695
0,0,0,0,1,1.0478487,-0.36994043
0,0,0,1,0,-2.4418352,-0.21560605
0,0,0,0,1,0.6493559,-0.1690573
1,1,0,0,0,6.898543,-0.011333037
0,0,0,0,1,0.6750729,-0.29265174
0,0,0,0,1,0.19040775,0.24926056
0,0,0,1,0,-2.7870476,0.65859884
0,0,0,0,1,0.1740303,0.13220598
0,0,0,1,0,-3.117423,-0.28215602
0,0,0,0,1,0.4309306,-0.36133072
0,0,0,0,1,0.010590315,-0.033810668
0,0,0,1,1,-0.784431,-0.13714278
1,1,0,0,0,8.276962,-1.10973
0,0,0,0,1,0.3414464,-0.43012574
1,1,0,0,1,10.448867,-0.54625916
1,0,0,1,0,-3.3038738,0.17653845
0,0,0,0,1,0.80312705,-0.44344735
0,0,0,0,0,-1.4202449,-0.2615763
0,0,0,1,0,-3.0260763,-0.0008748909
0,0,0,0,1,0.10226822,-0.6120896
0,0,0,0,0,-1.9391105,-0.32505867
0,0,0,0,0,-2.0588453,0.58472574
0,0,0,0,1,0.17392063,-0.041277457
0,0,0,0,1,-0.49107766,-0.40546474
0,0,0,1,0,-3.272397,-0.61686647
0,0,0,1,0,-3.9161866,-0.040797718
0,0,0,1,0,-3.3376286,-1.2091466
0,0,0,1,1,0.49942923,-1.0524927
0,0,0,1,0,-2.7332044,-0.07574128
0,0,0,0,0,-1.9397185,0.4282429
0,0,0,0,1,0.6883149,-0.41291672
0,0,0,0,1,0.7961278,0.078225754
0,0,0,1,0,-3.7268267,-0.8980844
0,0,0,0,1,1.1881084,-0.1519985
0,0,0,1,1,-0.44346905,0.41153395
0,0,0,0,1,-0.052970886,0.051061224
1,0,0,0,0,-0.023888588,0.62103236
0,0,0,1,0,-3.104049,0.27937624
0,0,0,0,1,2.5367584,-0.03091703
0,0,0,0,1,-0.2498033,-0.14937896
0,0,0,1,0,-2.138057,-0.44340676
0,0,0,0,1,0.6781578,-0.0028373073
0,0,0,0,1,0.10372162,0.29503912
0,0,0,0,1,1.7823744,0.06974175
0,0,0,0,1,-0.20182371,-0.34138858
0,0,0,0,1,0.24447489,-0.07150775
0,0,0,0,1,0.2790575,-0.97630364
0,0,0,0,1,-0.5759978,-0.82483786
0,1,0,0,0,7.3934665,-0.5139765
0,0,0,1,0,-3.3787122,-0.26115245
1,1,0,0,1,10.412847,-0.91634923
0,0,0,0,1,0.52655363,-0.5272369
0,0,0,0,1,2.6729789,0.2071166
0,0,0,1,0,-3.244384,-0.4920467
0,0,0,1,0,-2.982074,-1.0335814
1,1,0,0,0,9.072697,-0.033401422
0,0,0,0,0,-2.020322,-0.094243
0,0,0,0,1,0.17886066,0.2080773
0,0,0,0,1,0.9524784,-0.013242114
0,0,0,0,1,0.1401124,0.23512746
0,0,0,1,0,-4.292242,-0.62433195
0,0,0,0,1,-0.048006535,-0.90048724
0,0,0,0,1,0.43446898,-0.016228585
0,0,0,0,1,-0.4836936,-0.36657026
0,0,0,1,0,-3.089976,0.2267391
0,0,0,0,1,0.44002986,0.13606575
0,0,0,0,1,0.3246324,-0.14572859
0,0,0,0,0,0.013300419,-0.27144918
0,0,0,1,0,-2.4350593,0.57691115
0,0,0,0,1,0.3273883,0.14910223
0,0,0,0,1,0.52460766,-0.040285964
0,0,0,0,1,1.1248779,-0.7579151
0,0,0,0,1,0.41086483,-0.046844743
0,0,0,0,1,0.6060114,0.3067125
0,0,0,1,0,-3.8023543,-0.865544
0,0,0,0,1,-0.14012575,0.38541332
0,0,1,0,1,0.11241126,0.09044709
0,0,0,0,1,-0.38098073,0.29747686
0,0,0,0,1,0.9689503,0.042897914
0,0,0,0,0,-2.289563,0.20694762
0,0,0,0,1,-0.33070683,0.13178046
0,0,0,1,0,-3.0712078,-0.27545917
1,0,0,0,0,-0.8589697,0.7110683
0,0,0,0,1,-1.3968053,0.28351852
0,0,0,1,0,-3.3620014,-0.5685246
0,0,0,0,1,0.4085331,-0.50196576
0,0,0,0,1,-0.78348446,0.21287428
0,0,0,1,0,-3.2260356,-0.2681021
0,0,0,0,1,-0.13408422,0.17457172
0,0,0,0,1,-0.05755329,-1.0541608
0,0,0,1,0,-3.0902119,-0.13565801
0,0,0,0,1,0.09198904,0.2034353
0,0,0,0,1,-0.08705187,0.1781168
0,0,0,0,1,0.48992586,-0.5697546
0,0,0,1,0,-3.7750905,-0.45300874
0,0,0,0,1,0.19732642,-0.050234392
1,1,0,1,1,-3.6819072,-0.7635615
0,0,0,0,0,-2.498436,-0.29605037
0,0,0,0,0,-2.421627,0.4315192
1,0,0,0,0,-0.6006589,0.20324199
0,1,0,0,0,4.0188327,-0.19893923
0,0,0,0,0,-2.1334002,-0.27337795
0,0,0,1,1,-0.71501327,-0.050418403
0,0,0,1,0,-2.825291,0.27579725
0,0,0,0,1,-0.3210013,0.45045725
0,0,0,0,1,0.45443726,0.19693132
0,0,0,1,0,-2.655392,0.46616903
0,0,0,0,1,0.16477084,0.054316226
0,0,0,0,1,-0.68168736,0.27092838
0,0,0,1,1,0.33324337,0.2510132
0,1,0,0,0,6.850333,-0.25063935
0,0,0,0,1,-0.5809076,0.21995425
1,1,0,0,0,4.4740715,0.24915442
0,0,0,0,1,1.9010391,-0.2655458
0,0,0,0,1,0.19917846,-0.2111852
0,0,1,0,0,-2.0880044,0.02100836
0,0,0,0,1,0.046500206,0.0766218
0,0,0,0,1,0.10540199,-0.65287805
0,0,0,0,1,0.3868146,0.07399275
0,0,0,1,0,-3.0218866,-1.0395014
0,0,0,0,1,0.35341215,0.10739754
0,0,0,0,1,0.27622175,0.41022784
0,0,0,0,1,-0.907624,0.27007428
1,0,0,0,0,0.400203,0.7674805
0,0,0,0,1,-0.03840542,0.2728678
0,0,0,0,0,-2.5106735,0.40454563
0,0,0,0,1,0.71042824,0.12574703
0,0,0,0,1,-0.1004529,0.5451256
0,0,0,0,1,1.1239724,-0.06545708
0,0,0,0,1,0.5468235,0.17044242
0,0,0,1,0,-3.4769363,-1.0112709
0,0,0,0,1,-0.076994896,0.0802372
0,0,0,0,1,0.63427305,-0.5994314
0,0,0,0,1,0.42993498,-0.1752894
0,0,0,0,1,-1.4168,-0.13967112
0,0,0,1,1,0.06846714,0.092527285
0,0,0,0,1,0.098818064,0.33095813
0,0,0,1,0,-2.4375117,0.46022317
0,0,0,0,1,-1.188215,-0.096360214
0,0,0,1,1,-1.0103059,0.2458577
0,0,0,0,1,-0.05561924,0.13178742
0,0,0,0,1,0.13018703,0.3515464
0,0,0,0,1,0.42386508,-0.571541
0,0,0,0,1,0.48361492,0.010216265
0,0,0,0,1,1.0451002,-0.33053097
1,0,0,0,0,0.25072098,0.5014325
0,0,0,0,1,0.42600703,-0.109353706
0,0,0,0,1,0.4712739,-0.103985615
0,0,0,0,1,0.5854316,0.13092692
1,0,1,0,0,-0.9601815,1.0590537
1,0,0,0,0,-0.5464773,0.7254213
0,0,0,1,1,0.35513258,-0.63177526
0,0,0,0,1,-0.17832279,-0.039831795
0,0,0,0,1,0.4942379,-0.22618562
0,0,0,1,0,-2.6793046,-0.36399478
0,0,0,0,1,-0.5965581,0.31086165
0,0,0,1,1,0.9887073,-0.23790602
0,0,0,0,1,0.34295464,-0.30068365
0,0,0,1,1,0.0202775,0.13307562
1,0,0,0,0,0.99102736,0.6908866
0,0,0,0,0,-1.3637881,0.17653845
0,0,0,1,0,-3.8352115,-0.21209218
0,0,0,0,1,0.6376555,0.12655209
1,1,0,0,0,6.4011354,0.27135494
0,0,0,0,0,-2.576816,0.29927346
0,0,0,0,1,-0.08580518,0.22723006
0,0,0,0,1,0.66523075,-0.62429756
0,0,0,0,0,-2.2961762,-0.33008173
1,1,0,0,0,9.076478,0.78776675
0,0,0,0,1,-1.322082,-0.843831
0,0,0,0,1,0.33800268,-0.11721672
0,0,0,0,1,0.32686424,0.2547146
0,0,0,0,1,0.11357355,0.017519997
1,0,0,0,0,0.6566191,0.4397686
0,0,0,0,1,-0.1921153,-0.3687648
0,0,0,1,0,-2.6137767,-0.0029786786
0,0,0,0,1,-1.1444695,-0.043449733
0,0,0,0,1,0.32703257,-0.012097669
0,0,0,0,1,0.20833111,0.1403509
0,0,0,0,1,-0.13098574,0.1393148
0,0,0,1,0,-2.1516905,-0.2049372
0,0,0,0,1,7.677078e-05,-0.0056124497
0,0,0,0,1,0.5886049,0.27603737
0,0,0,0,1,-0.19967842,0.2997923
1,1,1,0,0,-0.8387008,0.9921848
0,0,0,0,1,-1.7705941,0.16977228
0,0,0,0,1,0.11743927,0.11727673
0,0,0,0,1,0.84662867,-0.484106
0,0,0,0,1,-0.09262133,0.41993156
0,0,0,0,1,-1.0444868,0.3164
0,0,0,0,1,-0.4260006,0.2821968
0,0,0,0,1,-0.07893562,0.06583119
1,1,0,0,0,5.109814,0.19057636
0,0,0,0,1,-1.8733025,-0.029484218
0,0,0,0,1,-0.010590315,-0.24302454
1,1,0,1,0,8.873184,-0.9978288
0,0,0,0,1,-0.2965274,0.043198608
0,0,0,0,1,-0.104010105,-0.08266741
1,0,0,1,0,-5.760074,-1.0052024
0,0,0,0,1,0.23434162,0.3127482
0,0,0,0,1,0.12313676,0.38787216
0,0,0,0,1,0.39134455,-0.070102215
0,1,0,0,0,4.5224824,-0.110222265
0,0,0,1,0,-2.8347194,0.063712865
0,0,0,0,1,-1.0516906,-0.31758437
0,0,0,0,1,0.35344648,-0.11328389
0,0,0,0,1,0.026176453,-0.7431715
0,1,0,0,0,6.9256783,-0.51022226
0,0,0,1,0,-2.256097,-0.5647467
0,0,0,0,1,0.4249866,-0.15753894
0,0,0,0,1,0.46035266,0.15152293
1,0,0,1,0,-3.560088,0.65709615
0,0,0,0,1,0.62556744,-0.028240336
0,0,0,0,1,0.22613502,-0.09443529
0,0,0,0,1,-0.20760298,0.020059442
0,0,0,0,0,-1.0768764,0.6094235
0,0,0,0,1,0.84785223,-0.22668375
0,0,0,0,1,0.07519531,0.33214876
0,0,0,0,1,-1.8735418,0.43521285
0,0,0,0,1,-0.0046305656,0.48289472
0,0,0,0,1,-0.088191986,0.2960291
0,0,1,0,1,-1.1862943,0.0008748909
0,0,0,0,1,1.7996047,-0.99925363
0,0,0,1,0,-3.5738494,0.02929784
0,0,0,1,0,-3.020813,-1.1381414
0,0,0,1,0,-3.7667327,0.051521312
1,0,0,1,0,-5.760074,-1.0783947
1,0,0,1,0,-3.843835,-0.058757752
0,0,0,0,1,0.66272664,0.2171417
0,0,0,0,1,-0.4920864,0.2693742
0,0,0,0,1,-1.1236956,0.35418755
1,0,1,0,0,-0.16160488,0.7919514
1,0,0,1,1,0.20205235,0.55256724
1,0,1,0,0,-0.035710335,0.75189495
0,0,0,0,1,0.47794628,0.10771671
0,0,0,0,1,0.7740269,-0.8812236
0,0,0,0,0,-2.1193311,0.3143576
0,0,0,0,1,-0.2896006,0.4494531
1,0,0,0,0,-0.23963928,0.7247874
0,0,0,0,1,0.107161045,-0.107881814
0,0,0,0,1,1.2874341,-0.09786205
0,0,0,0,1,0.67340255,-0.0073758364
0,0,0,0,1,0.0006570816,0.0766218
0,0,1,0,0,-1.8170323,0.055641167
0,0,0,0,1,0.10212612,0.14093193
0,0,0,0,0,-1.7503741,0.045424853
0,0,0,0,1,0.985209,-0.041950632
0,0,0,0,1,0.11877179,0.086763844
0,0,0,1,1,0.17165089,0.2455906
0,0,0,1,0,-3.4669147,-0.13600446
0,0,0,0,1,-0.88278794,0.05182722
0,0,0,0,1,-0.92831564,0.3270066
0,0,0,1,0,-2.0446844,-0.096660845
0,0,0,0,1,0.4720509,-0.97995436
0,0,0,0,1,0.16827154,-0.54693097
0,0,0,0,1,-0.12611103,-0.06635956
0,0,0,0,1,-0.17542076,0.15899551
1,0,0,0,0,0.1641283,0.50766736
0,0,0,0,1,-0.24439764,0.08507312
0,0,0,1,1,-1.704098,-0.51228446
0,0,0,0,1,0.68337035,0.100467056
0,0,0,0,1,0.8151524,-0.6929718
0,0,0,0,1,0.6745262,-0.4996924
0,0,0,0,1,0.3636346,-0.17596313
0,0,0,0,1,-2.1566923,-0.65177214
0,0,0,0,1,1.4767046,0.07362381
0,0,0,0,1,-0.2639532,-1.0209134
0,0,0,1,1,0.023888588,0.11292129
0,0,0,0,1,-0.1091311,0.3345961
0,0,0,0,1,-0.27269268,0.34629527
0,0,0,0,1,-1.0976129,0.059689544
0,0,0,0,0,-2.0995457,0.27194244
0,0,0,0,1,0.5548103,0.101258
0,0,0,0,1,0.45844078,-0.6573586
0,0,0,1,0,-3.6206136,-0.24426877
0,0,0,0,0,-1.9367502,-0.44439003
1,1,0,0,1,10.178081,-0.5515986
0,0,0,0,1,0.09871793,0.06568654
0,0,0,1,1,0.2241931,0.33896407
1,0,0,1,0,-5.760074,-1.0374777
1,1,1,0,0,0.0041851997,1.0279379
0,0,0,0,1,-1.4323146,0.17235702
0,0,0,0,1,0.6260686,-0.5649147
0,0,0,0,1,-0.21359491,0.0020179218
0,0,0,1,0,-3.3239813,0.5357552
0,0,0,1,0,-2.5487802,0.56491333
0,1,0,0,0,8.134792,0.7398942
0,0,0,1,1,1.2544818,-0.48288593
0,0,0,0,1,-0.8480537,0.4073884
0,0,0,0,1,-0.22859192,-1.2150117
0,0,0,1,0,-3.6310425,-0.2652868
0,0,0,1,0,-3.5625486,-0.09288957
0,0,0,1,0,-2.2245123,0.088687226
0,0,0,0,1,-0.40893865,-0.60558146
1,0,1,0,0,-0.5892234,0.7868657
0,0,0,0,1,0.5176785,0.2451913
1,1,0,0,0,8.117073,0.1707773
0,0,0,0,1,-0.9183245,0.0589409
0,0,0,0,1,-0.45006776,-0.55647075
0,0,0,1,0,-3.7309008,-0.92431176
0,0,0,0,1,0.16629219,-0.19893923
0,0,0,0,1,1.1203234,-0.3362619
0,0,0,0,1,0.32364988,-0.085984305
0,0,0,1,0,-4.1715813,-0.45833373
0,0,0,1,0,-4.0386324,-0.8491454
0,0,0,0,0,-2.2504275,-0.727501
0,0,0,1,0,-2.3706732,0.0023998301
0,0,0,0,1,0.6499963,0.18091749
0,0,0,0,1,0.043907404,0.3270546
0,0,0,0,1,-0.33120155,0.29114893
0,0,0,0,1,0.21041203,0.06764334
1,0,0,0,0,-0.39784145,0.63737243
0,0,0,1,0,-3.52599,0.01020088
0,0,0,0,1,1.0362926,-0.25984704
0,0,0,0,1,-0.35010195,0.4520475
1,0,0,1,0,-6.0514765,-0.89570963
0,0,0,1,0,-2.6344664,-0.5767763
0,0,0,0,1,0.69549847,0.16654064
0,0,0,1,0,-4.180581,-0.5232073
0,0,0,0,1,0.6609297,-0.35602435
0,0,0,0,1,0.80793047,-0.27439657
0,0,0,0,1,-1.447895,0.004913677
0,0,0,0,1,0.5798738,-0.4131054
0,0,0,0,1,0.62786055,0.25765502
1,0,0,0,1,1.1459999,0.20442823
1,1,0,0,1,10.222428,0.20290263
1,0,1,0,0,-0.22595024,0.790501
1,0,1,0,0,-0.085972786,0.8303381
0,0,0,1,0,-2.7182808,-0.09839629
0,0,0,0,1,0.7305212,-0.08521187
0,0,0,0,1,0.7329712,0.14331272
0,0,0,0,1,0.15733814,0.20157889
0,0,0,0,1,-1.1460347,-0.1437706
0,0,0,0,1,0.7504859,-0.19461532
0,0,0,0,1,0.778245,-0.33548594
0,0,0,0,1,0.64008427,-0.5162431
0,0,0,0,1,0.45988607,0.21169926
0,0,0,0,1,-0.12968183,0.18900704
0,0,0,1,0,-2.6314428,-0.009036091
0,1,0,0,0,8.016399,0.321234
0,0,0,1,0,-3.7254422,0.04042185
0,0,0,1,0,-2.9238393,-0.2955165
1,1,0,0,0,7.3653374,-0.6165423
0,0,0,0,1,-0.1826284,0.0840327
0,0,0,1,0,-2.8938627,-0.55678076
0,0,0,1,0,-3.2002277,-0.41682777
0,0,0,0,1,0.14664936,0.20904456
0,0,0,0,1,1.412514,0.04365301
0,1,0,0,0,4.0907373,-0.6670681
0,1,0,0,0,3.7099037,-0.48636106
0,0,0,0,1,0.21490097,0.3426473
0,0,0,0,1,-0.17491436,-0.14591572
0,0,0,0,1,0.51589155,0.3264732
0,0,0,0,1,-0.344337,0.11895926
0,0,0,0,1,0.99887085,-0.4665331
0,1,0,0,0,6.983635,-0.52640235
0,0,0,0,1,0.38597155,0.056128487
0,0,0,1,0,-2.2502773,-0.40272245
0,0,0,0,1,0.8055105,-0.5651988
0,0,0,1,0,-2.3037443,0.5656571
0,0,0,0,1,0.45174718,-0.010553805
0,0,0,0,1,0.08679414,0.11772509
0,0,0,1,0,-3.2127807,-0.11618812
1,0,0,0,0,0.5075412,0.55096686
0,0,0,0,1,1.1391797,-0.24200423
0,0,0,0,1,1.1192551,-0.14262474
0,0,0,0,1,0.6175535,0.13713421
1,0,1,1,0,-1.4861078,0.7672736
0,0,0,0,1,0.5834801,-0.79220855
0,0,0,0,1,0.53963137,0.14241986
1,1,0,0,0,5.789466,0.04264748
0,0,0,1,0,-2.6483722,0.5534731
0,0,0,0,1,-0.56125927,0.45629576
0,0,0,0,1,0.41169262,-0.95189357
0,0,0,0,1,-0.11131716,-0.2674503
0,0,0,1,0,-2.473339,-0.57838184
0,0,0,0,1,0.9030385,-0.34194756
0,0,0,0,1,0.49423122,0.17378634
0,0,0,0,1,0.51742315,-0.19167835
0,0,0,0,1,-0.07431793,-0.07479339
0,0,0,0,1,0.11543512,0.24565323
0,1,0,0,0,4.8669896,-0.25648817
0,0,0,1,0,-2.3590505,0.2568985
0,0,0,0,1,0.21800518,0.41278607
0,0,0,0,1,-0.38354778,0.44008055
0,0,0,0,1,0.7349076,-0.905371
1,1,0,0,1,10.834953,-0.061521403
0,0,0,0,1,0.7064748,-0.23952757
0,0,0,1,0,-3.2150297,-0.5858983
0,0,0,1,0,-3.412926,0.10350434
1,1,0,0,1,10.4413805,-0.82665193
0,0,0,0,1,0.35234213,0.0858743
0,0,0,1,0,-2.9587648,-0.08262008
0,0,0,0,1,0.4558382,0.22147243
0,0,0,0,1,-0.33340383,0.1698502
1,0,0,0,0,1.2088017,0.66915715
0,0,1,0,0,-0.6010852,0.9753813
0,0,0,0,1,-0.1122241,-0.21676795
0,0,0,1,1,-1.9257412,-0.045151412
0,0,0,0,0,-2.008957,0.095613025
0,0,0,0,1,-0.68594456,-0.375565
0,0,0,0,1,0.05441022,0.15317571
1,0,0,0,0,3.5630867,0.23611285
0,0,0,0,1,0.51934576,-0.1658025
0,1,0,0,0,8.27307,0.28531745
1,0,0,1,0,-2.7595694,0.4003888
0,0,0,0,1,-0.49122715,0.1729969
0,0,0,0,1,0.23385835,0.20124356
0,0,0,1,0,-3.6444826,-0.40127406
0,0,0,0,1,0.38894558,-0.38335082
1,1,0,0,0,5.6310787,0.49142644
0,0,0,0,1,0.48758602,-0.36370903
0,0,0,0,1,-0.43117523,0.39282262
0,0,0,1,0,-3.2500222,0.054124482
0,0,0,1,0,-2.7386115,0.08048717
0,0,0,1,0,-3.0109534,-0.7796071
0,0,0,0,1,-2.0508056,-0.20841615
0,0,0,0,1,0.36010695,0.08187472
0,0,0,1,0,-2.802332,0.8058824
0,0,0,1,0,-2.8774264,0.54733133
1,1,0,1,0,10.405342,0.2005333
0,0,0,0,1,0.06541824,0.030582799
0,0,0,0,0,-2.3452518,-0.83644956
1,1,0,0,0,6.707056,0.22778755
1,0,0,0,0,0.019658089,0.68994516
0,0,0,0,1,0.17421007,0.055932347
0,0,0,1,0,-3.85767,-0.5286587
0,0,0,0,1,0.9888778,-0.24656112
0,0,0,0,1,1.0851059,-0.16158485
0,0,0,0,1,0.42884827,0.2198955
1,0,0,1,0,-3.8383245,-0.5837002
0,0,0,1,0,-2.8199008,-0.3081773
0,0,0,0,1,0.85362554,-0.7787752
0,0,0,0,1,0.81809473,-0.029569682
0,0,0,0,1,0.08069515,-0.23989725
0,0,0,0,1,0.20739055,-0.19638284
0,0,0,0,1,-0.032371044,-0.40147048
0,0,0,0,1,0.38153696,0.048022117
0,0,0,0,1,0.52891874,0.26721615
0,0,0,0,1,0.21819615,0.25987148
0,0,0,0,1,0.3550539,-1.1946325
1,0,0,1,0,-5.586666,-1.0059298
0,0,0,0,1,0.34543324,0.08884132
0,0,0,0,1,-0.04292965,0.38229412
0,0,0,0,1,0.51005554,0.26649836
0,0,0,0,0,-0.9244418,0.63959986
0,0,0,0,1,0.41467953,0.15250243
0,0,0,1,0,-3.2048156,0.20145999
0,0,0,0,1,1.0478196,0.06918481
0,0,0,0,1,1.2332258,-0.73779505
0,0,0,0,1,-1.2667663,-0.119344905
0,1,0,1,0,6.9591556,0.59421635
0,0,0,0,0,-1.9274049,-0.049046457
0,0,0,0,1,0.4342513,0.06646668
0,1,0,0,0,7.5608034,0.37345505
0,0,0,1,0,-4.113559,-0.5562541
0,0,0,0,1,-0.18669963,0.061746296
0,0,0,0,1,0.6802051,-0.78758246
0,0,0,0,0,-2.2227387,-0.26141036
0,0,0,0,0,-2.3634832,0.44340178
1,0,0,1,0,-2.667072,0.2488336
1,1,0,0,0,6.064453,0.753906
1,1,0,0,0,8.209979,0.15270098
0,0,0,0,1,0.20824194,-0.20895194
0,0,0,1,1,0.46922016,0.22169384
1,1,0,0,0,7.051952,0.16394058
0,0,0,0,1,0.0046305656,-0.34924275
0,0,0,1,0,-2.9695666,-0.3335956
0,0,0,1,0,-2.823543,-0.25921923
1,0,0,1,0,-3.4726038,-0.30976206
0,0,0,0,1,0.13981962,0.17409734
0,0,0,0,1,0.19001389,-0.18224595
0,0,0,0,1,0.24348426,-0.5371231
0,0,0,1,1,-1.4994986,0.05428059
0,0,0,1,0,-3.4876823,-0.51776236
0,0,0,0,1,0.026724815,-0.0114437975
0,0,0,0,1,-0.15421462,0.33971694
0,0,0,0,1,0.63392234,-0.5252182
0,0,0,1,1,0.6411824,0.1491146
0,0,0,1,0,-2.9395468,-0.0225539
0,0,0,1,0,-2.5336344,-0.23116457
0,0,0,0,1,0.40934515,-0.14726296
0,0,0,0,1,-0.35747075,-0.27199894
0,0,0,0,1,-0.59582853,0.54914725
0,0,0,0,1,-0.15424824,0.21782027
0,0,0,0,1,0.572886,0.2045226
0,0,0,0,1,2.3247533,-0.044310316
1,0,0,0,0,-0.478796,0.73843306
0,0,1,0,1,-1.7498069,0.047988553
1,0,0,1,0,-5.586666,-0.9501014
0,0,0,0,1,-0.77444124,0.19296366
0,0,0,0,1,0.6772771,-0.32119703
0,0,0,0,1,0.44753242,0.007843561
0,0,0,0,1,0.79855156,-0.1971913
0,0,0,1,0,-3.890762,-0.10928832
0,0,0,0,1,0.5931294,0.13254704
0,0,0,0,1,-0.44540644,0.24356897
0,0,0,0,1,0.1376419,0.060460653
0,0,0,0,1,-0.0909667,0.39085886
0,0,0,0,1,0.6198418,0.03456663
0,0,0,0,1,0.58564377,0.37578458
0,0,0,0,0,-2.4130208,0.30635607
0,0,0,0,1,0.5322192,0.05016443
0,0,0,0,1,0.30236697,-0.6968281
1,0,0,1,0,-3.320149,0.10031833
0,0,0,1,0,-3.0368454,-0.24630702
0,0,0,1,1,-0.31926823,0.05235009
0,1,0,0,0,5.074524,-0.03925533
0,0,0,0,1,0.85506725,0.056207374
0,0,0,0,1,-0.51190376,0.15430261
0,0,0,1,0,-3.8866594,-0.5095609
0,0,0,1,0,-3.929059,-0.5640631
0,0,0,0,1,0.3226018,-0.6283149
0,0,0,0,1,0.8107023,0.086475156
0,0,0,0,1,-0.52893615,0.42504507
0,0,0,1,1,-1.1073534,0.09268244
1,0,1,0,0,-0.6520772,0.80679554
0,0,0,1,0,-3.7426262,-0.31573552
0,0,0,1,0,-3.6479228,-0.32873523
0,0,0,1,0,-4.096315,-0.36542478
0,0,0,1,0,-2.517311,0.20644161
0,0,0,0,1,0.09989023,0.23109959
1,0,0,0,1,0.15723658,0.45158464
0,0,0,0,1,0.03364992,0.27833295
0,0,0,0,1,-2.0780792,0.3275793
0,0,0,0,1,0.18019104,0.014227459
0,0,0,0,1,0.49822354,0.07287025
0,0,0,0,1,0.9205904,-0.20716111
1,0,0,0,1,0.2474742,0.46510395
0,0,0,0,1,1.3754487,-0.41048008
0,0,0,0,1,-0.059071302,-0.040530026
0,0,1,0,1,2.7179387,-0.04144152
0,0,0,0,1,0.4025631,-0.19083421
0,0,0,0,1,0.56772137,-1.183171
0,0,0,0,1,-1.4841135,-0.023905138
1,0,0,1,0,-2.6953535,0.6825934
0,0,0,0,1,-0.0034461021,0.2678176
0,0,0,0,1,-0.2920866,0.5175761
0,0,0,0,1,0.72186327,-0.7352519
0,0,1,1,0,-2.9711611,-0.35456535
0,0,0,0,1,0.5137763,-0.15453573
0,0,0,0,0,-2.3352823,-0.08456329
0,0,0,0,0,-1.8331435,-0.13855796
0,0,0,0,1,0.44250774,-0.01753049
0,0,0,0,1,-0.1261518,-0.14836363
0,0,0,0,1,-0.9846635,0.4212962
0,0,0,0,1,0.3296032,-0.24045204
0,0,0,0,1,0.8708861,-0.20730254
0,0,0,0,0,-2.6764765,0.25671384
0,0,0,1,0,-3.9207897,-0.21701466
0,0,0,1,0,-3.7618852,-0.06942911
0,0,0,0,1,-0.06547403,-0.11595649
0,0,0,0,1,0.26742125,-0.8859196
0,0,0,0,1,1.5210218,-0.32012486
0,0,0,0,1,0.5008762,-0.21573411
0,0,0,0,1,0.2566042,0.36397758
0,0,0,0,1,0.20941877,0.39863306
0,0,0,0,0,-0.8525648,0.70183885
0,0,0,0,1,0.08683634,-0.0023998301
0,0,1,0,1,-0.34317017,0.17178133
0,0,0,1,1,2.6173825,-0.34638277
0,0,0,0,1,0.6219573,-0.1303323
0,0,0,0,1,0.86810803,0.14033274
1,1,0,0,0,5.030192,0.6284654
0,0,0,0,1,0.65601826,-0.30976206
1,1,0,0,0,9.838303,0.29095793
0,0,0,0,1,-1.0743132,0.037781227
0,0,0,0,1,1.7500424,0.12206248
0,0,0,0,1,0.2840886,-0.91164446
0,0,0,0,0,-1.8568194,-0.85068613
0,0,0,0,1,-0.1519599,0.19230935
0,0,0,0,1,0.25989914,0.23481345
0,0,0,0,1,0.46412897,-0.10572626
0,0,0,0,1,-7.677078e-05,-0.23694359
0,0,0,0,1,-0.5588341,0.48293975
0,0,0,1,0,-3.8611884,-0.30517063
0,0,0,0,1,0.27610278,0.20652364
0,0,0,0,1,0.92857385,-0.007199578
0,0,0,1,1,0.26734304,-0.189427
0,0,0,0,1,-0.17580557,0.25815398
0,0,0,0,1,0.67502975,-0.8631709
0,0,0,0,1,-0.52757215,-0.329998
0,0,0,0,1,-0.4835086,0.14023063
0,0,0,0,1,-0.15502024,-0.29383096
0,0,0,0,1,1.1269898,-0.081757635
1,0,0,1,0,-0.21759987,0.27864346
1,0,0,0,0,1.0308735,0.3682096
0,0,0,1,0,-3.0090005,-0.9818209
0,0,1,0,1,-0.0679307,0.26008806
0,0,0,1,0,-3.0921998,-0.39886612
0,0,0,0,1,-0.0134010315,-0.27125838
0,0,0,0,1,0.53463316,-0.60513955
0,0,0,0,1,0.016234636,-0.12588626
1,1,1,0,0,5.079737,0.030291723
0,0,0,0,1,-1.8642869,-0.030507445
0,0,0,0,1,-1.2861495,-0.2552522
0,0,0,1,0,-3.9281032,-0.7500235
0,0,0,1,0,-2.139077,-0.7682541
1,0,0,0,0,0.044356346,0.73801595
0,0,0,0,1,0.4820695,-0.5211295
1,0,0,1,0,-5.254974,-1.08812
1,0,0,1,0,-0.6216407,0.4897364
1,0,0,1,0,-3.656899,0.17117813
0,0,0,1,1,0.32136583,0.3750235
0,0,0,1,0,-3.2927933,0.052743115
1,0,0,1,0,-3.257877,0.3319323
0,0,0,0,1,0.124895096,-0.2667791
0,0,0,0,1,0.58909845,0.029194804
0,0,0,0,1,0.10448551,-0.13320652
0,0,0,0,1,0.30656505,0.060758803
0,0,0,0,1,1.0290151,0.009036091
0,0,0,1,0,-4.1441636,-0.5600716
0,0,0,0,1,-0.58839226,0.11325884
0,0,0,1,0,-2.736866,-0.5181427
1,1,0,0,0,10.33709,-0.023436219
0,0,0,0,1,0.72998524,-0.03935069
0,0,0,0,1,0.4191575,-0.10641253
0,0,0,0,1,1.3962574,-0.2920764
0,0,0,0,1,-1.7173929,0.21386695
0,0,0,0,1,-1.2626903,-0.4369256
0,0,0,0,1,-1.1345263,-0.0020179218
0,0,0,1,0,-3.272616,-0.4121851
0,0,0,0,1,-1.1774075,0.11179683
0,0,0,0,1,-0.6597202,0.07692902
0,0,0,1,0,-2.7980688,-0.18960279
0,0,0,0,1,0.71140814,-0.0041230153
0,0,0,0,1,-0.961463,0.3233236
0,0,0,0,0,-2.1279593,0.53591543
0,0,0,0,0,-2.0848522,-0.010791333
0,0,0,0,1,-0.27470255,0.057032
0,0,0,1,1,0.23604393,0.06844437
0,0,0,1,0,-3.3348253,-0.6905256
0,0,0,1,0,-3.5630596,-0.30651888
0,0,0,1,0,-3.2325492,-0.4701469
0,0,0,1,0,-3.1992621,0.18705134
0,0,0,0,1,0.3955307,0.357887
0,0,0,0,1,0.28109646,-0.52287227
1,1,0,0,0,10.4212,0.118657924
1,0,0,0,0,0.45343232,0.71922624
1,1,0,0,1,10.266616,-0.6063267
1,1,0,0,0,10.398243,0.15416424
0,0,0,0,1,0.22494793,0.10397047
0,0,0,1,0,-3.1321537,0.060811456
1,1,0,0,0,8.998409,-0.054827802
0,0,1,0,1,0.24439526,0.14705944
0,0,0,0,1,0.54178095,-0.66752046
0,0,0,0,1,0.23476553,0.011591376
1,0,0,0,1,-1.0854645,0.4559637
0,0,0,0,1,0.5746918,0.26604185
0,0,0,1,0,-3.133429,0.38620865
0,0,0,0,1,0.8600073,0.17090449
0,0,0,0,1,-0.47349477,0.017002875
0,0,1,0,1,-0.39090872,0.024924275
0,0,0,1,0,-3.8305335,-0.8236083
0,0,0,0,1,-0.57256746,0.239826
0,0,0,1,0,-3.7635608,-0.93865335
0,0,0,1,0,-2.8432572,0.285934
1,0,0,0,0,-0.22204709,0.6792279
0,0,0,0,1,0.121003866,0.4016671
0,1,0,0,0,5.0482607,-0.18855597
1,1,0,0,0,5.2891307,-0.040268548
0,0,0,0,1,-0.321424,-0.9025805
0,0,0,0,1,0.43820214,0.050330833
1,1,0,0,0,8.615557,0.060063656
0,0,0,1,0,-4.2586927,-0.7949316
0,0,0,1,0,-2.513736,0.034043487
0,0,0,0,1,0.76999426,-0.13737059
1,0,0,0,0,0.56555605,0.4488784
0,0,0,1,0,-3.3695667,-0.061329108
1,0,0,0,0,-0.13862324,0.59191006
0,0,0,0,1,2.3205328,0.33981273
0,0,0,1,0,-3.3771324,0.25390503
1,0,0,1,1,-4.111536,-1.0961112
0,0,0,1,0,-3.5889578,0.13654664
0,0,0,0,1,-0.48035574,-0.26891845
0,0,0,1,0,-2.6927743,-0.6812166
0,0,0,0,1,-0.0033710003,0.32975453
0,0,0,0,1,0.06485343,-0.60447013
0,0,0,0,1,0.24975753,-0.3074539
0,0,0,1,0,-1.930737,-0.4355089
0,0,0,0,1,-0.9034276,0.25772727
0,0,0,0,1,-0.3578837,0.014389029
1,1,0,0,0,6.6024256,0.2291853
0,0,0,0,1,0.5192859,0.027667232
1,0,0,0,0,0.3835168,0.7927747
0,0,0,0,1,-0.43442416,0.33777052
0,0,0,0,1,-0.2417736,0.13590452
0,0,0,0,1,-0.21466017,0.08026473
1,0,0,1,1,-3.6622922,-1.093407
0,0,0,1,0,-2.842967,-0.6036444
0,0,0,1,0,-3.2047222,0.070432924
0,0,0,0,1,-0.33424568,0.49640676
0,0,0,0,1,-0.25518584,0.07544515
1,0,0,0,1,-0.3690617,0.5274177
0,0,0,0,1,0.57771087,-0.45742807
0,0,0,0,1,0.49188733,0.10962326
0,0,0,0,1,0.54980874,0.008691962
0,0,0,0,1,-0.41685486,0.19739176
0,0,0,0,1,0.73705673,-0.81026804
0,0,0,0,1,0.68209887,-0.097482376
0,0,0,0,1,-0.95365644,0.056913834
0,0,0,0,1,-0.0032320023,-0.076116726
1,0,0,1,0,-6.0797224,-1.0638802
0,0,0,1,0,-3.4115038,-0.063422725
0,0,0,0,1,-0.17150688,0.3099424
0,0,0,0,1,0.7967901,-0.35396585
0,0,0,0,1,0.74198246,-0.14499474
1,0,0,0,0,-0.1028409,0.72276914
0,0,0,0,1,0.6185682,-0.059808917
1,0,0,0,1,0.03394413,0.5517408
1,1,0,0,0,8.887683,-0.44144645
0,0,0,0,1,0.6467161,-0.10130955
0,0,0,0,1,-0.836241,-0.09411049
0,0,0,0,0,-1.2761455,0.39578435
0,0,0,0,1,-1.4379313,0.45800048
1,0,0,1,0,-3.005025,-0.32010984
0,0,0,1,0,-3.1359155,-0.029521175
0,0,0,0,1,0.018501282,-0.048922215
0,0,0,1,0,-3.73968,-0.5581668
0,0,0,0,1,0.727124,-0.31114906
0,0,0,1,0,-2.7557325,0.20916405
0,0,0,0,1,0.3675599,-0.030870833
0,0,0,1,1,0.5063257,-0.29748878
1,1,1,0,1,-0.6527581,0.9294912
0,0,0,0,1,-0.19980764,0.46557444
0,0,1,0,1,0.32375193,-0.023244582
1,1,0,0,0,7.481062,0.055754595
0,1,0,0,0,4.7619867,-0.98593277
0,0,0,0,1,0.3365314,-0.24962713
0,0,0,0,1,-0.0008518696,0.10304917
0,0,0,0,1,-0.16800714,0.23549207
0,0,0,0,1,0.23369765,-0.58633274
0,0,0,0,1,0.96659756,-0.74256027
0,0,0,0,1,-0.32727623,0.122902215
0,0,0,0,1,0.23190308,0.5376459
0,0,0,0,1,0.79674864,-0.22794479
0,0,0,0,1,-1.6536782,-0.20311771
1,1,0,0,0,8.474367,0.3196692
0,0,0,0,1,0.062028408,0.17471197
0,0,0,1,0,-3.876588,-0.7761332
0,0,0,1,0,-3.744461,-0.23405288
0,0,0,0,1,0.5526812,-0.018907746
0,0,0,0,0,-2.4156795,-0.36475906
0,0,1,0,1,0.4383638,-0.053530306
0,0,0,0,1,-0.26148558,0.111262895
0,0,0,0,1,0.34257698,-0.22735798
0,0,0,0,1,-0.43753982,0.12514848
0,0,0,1,1,-0.12239075,0.12331541
0,0,0,0,1,0.07114601,0.13154365
0,0,0,0,1,-0.42433405,-0.09459934
0,0,0,0,1,-0.17860532,0.17165926
0,0,0,0,1,0.023557663,-0.024140684
0,0,0,0,1,0.4961934,0.120657966
1,1,0,0,0,8.402273,-0.12886655
1,1,0,0,0,8.351095,-0.01082168
0,0,0,1,0,-2.345593,0.38434413
0,0,0,0,1,-0.3237331,0.2013816
0,0,0,0,1,-0.590817,0.10735282
0,0,0,0,1,0.0008518696,-0.04290709
0,0,0,0,1,0.19120121,-0.8343741
0,0,0,0,1,0.12212372,0.34054783
0,0,0,0,1,0.92353773,-0.41921535
0,0,0,0,1,-0.18104482,-0.105158105
1,0,0,0,1,-0.57391524,0.51675797
0,1,0,0,0,5.1526794,0.009230413
0,1,0,0,0,5.465372,-0.6910303
1,0,1,0,0,-0.6443548,0.9524696
0,0,0,0,1,0.09303713,0.24228407
0,0,0,0,1,0.1308186,0.25026378
0,0,0,0,1,0.071391106,-0.0868156
0,0,0,0,1,0.3065226,-0.21021758
0,0,0,0,1,-1.0624032,0.55976295
0,0,0,0,1,-0.7772865,-0.1129265
0,0,0,0,1,0.41104984,-0.5422754
0,0,0,1,0,-1.9079864,0.53088975
0,0,0,0,1,0.31229162,0.048720058
0,0,0,0,1,0.05205369,-0.00076277665
0,0,0,0,1,0.6556623,-0.41854993
0,0,0,0,1,0.9214108,-0.43592665
0,0,0,0,1,-1.1376543,-0.9598796
0,0,0,0,1,0.26954794,0.13427141
0,0,0,0,1,-1.3117998,-0.22337043
0,0,1,0,1,-1.549628,0.07011692
0,0,1,0,1,-0.21123958,0.056273114
0,0,0,0,1,-0.09744167,0.2899775
1,0,1,0,0,0.8857064,0.8132904
0,0,0,0,0,-1.6808712,0.5721093
0,0,0,0,1,-0.20321059,-0.003460113
0,0,0,0,1,0.26447153,0.1044102
0,0,0,0,0,-1.9109752,0.11283437
0,0,0,0,1,0.49769807,0.13126197
0,0,0,0,1,-0.06217456,0.06220667
0,0,0,0,1,-0.7499714,-0.20194963
0,0,0,1,1,-0.6877744,-0.04622515
0,0,0,0,1,-0.48353744,0.10140767
0,0,0,0,1,-0.37839365,0.18222824
0,0,0,1,0,-4.0695734,-0.7005477
0,0,0,0,0,-2.268209,-0.65885264
0,0,0,0,0,-2.4268255,0.059640594
0,0,0,1,0,-2.9161794,0.10616061
0,0,0,0,1,0.18432665,-0.037374556
0,0,0,0,1,0.26007438,0.175938
0,0,0,0,1,0.4725349,-0.22041957
0,0,0,0,1,0.110333204,-0.08952652
0,0,0,0,1,-0.18329406,0.10861019
0,0,0,0,1,0.41844845,-0.95836586
0,0,0,0,1,0.35069346,0.0026241867
0,1,0,0,0,4.7505217,-0.33993235
1,1,0,0,0,4.504154,0.52210206
0,0,0,0,1,-1.1632943,0.26805815
1,1,0,0,1,10.363811,-0.57399935
0,0,0,0,1,-1.9725125,-0.17046444
0,0,0,0,1,-1.9754102,-0.08939471
0,0,0,0,1,0.40197372,-0.2607607
0,0,0,0,1,-0.6211107,0.06935685
0,0,0,0,0,-1.6722109,0.24308552
0,0,0,1,0,-4.205162,-0.8356416
0,0,0,0,1,0.7551203,-0.78836364
0,0,0,1,0,-2.661829,-0.15550128
0,0,0,0,1,0.60266113,-0.5097095
0,0,0,0,1,0.13802075,0.0012723312
0,0,0,0,1,-0.36162663,0.010151952
0,0,0,1,1,0.4385326,-0.62328154
0,0,0,0,1,-0.56138563,0.32704842
0,0,0,0,1,0.061297655,0.0501749
0,0,0,0,1,0.036971092,0.46020067
0,0,0,0,0,-2.3055847,-0.25289968
0,0,0,0,1,0.3829081,0.33012015
0,0,0,0,1,-0.9289279,0.38336655
0,0,0,1,0,-3.2400994,-0.16383068
0,0,0,1,0,-4.1623316,-0.6993478
1,1,0,0,0,5.5756063,-0.17730169
0,0,0,1,0,-3.83961,0.058269322
0,0,0,0,1,0.15303159,-0.5260927
0,0,0,0,1,0.69646215,0.0022565627
0,0,1,0,1,0.12657952,0.050347805
0,1,0,0,0,4.8170166,-0.6947585
0,0,0,0,1,0.83074546,-0.19815922
0,0,0,1,0,-3.5767777,-1.0999368
0,0,0,0,1,0.45886993,0.03977812
0,0,0,0,1,0.9029074,-0.012776605
0,0,0,0,1,0.55093694,-0.0072297836
0,0,0,0,1,0.0033710003,-0.15666789
1,0,0,0,0,0.3513546,0.6938483
0,0,0,0,1,0.026829004,-0.42757368
0,0,0,0,1,1.0488656,-0.08535944
0,0,0,0,1,0.67247343,-0.23784256
0,0,0,0,0,-1.5948267,0.6163809
0,0,0,0,0,-2.4077275,-0.1951301
0,0,0,0,1,-1.9830806,-0.29850376
0,0,0,0,1,-0.8187201,-0.017009392
0,0,0,0,1,-0.074157,-0.7620098
0,0,0,0,1,0.15308452,-0.13393073
1,1,0,0,0,8.567843,0.7357226
0,0,0,0,1,-0.46808577,0.47735676
0,0,0,0,1,0.17978144,-0.38234997
0,0,0,0,1,0.36102796,-0.69715476
0,0,0,0,1,0.089426756,0.06964272
1,0,0,1,0,-3.4577012,-0.024840243
0,0,0,0,1,-0.5640147,-0.20937473
0,0,0,0,1,-0.69939065,0.08797174
0,0,0,0,1,0.20508909,-0.44713414
0,0,0,1,0,-2.7438822,-0.21161154
0,0,0,1,0,-3.0443013,0.3212985
0,0,0,0,1,-0.43512177,0.19481932
0,0,0,0,1,0.39544892,0.06901753
0,0,0,1,0,-2.636002,-0.16376849
0,0,0,0,0,-2.7853167,-0.017793324
0,0,0,0,0,-2.7652576,0.11356504
0,0,0,0,1,0.23762417,-0.742233
0,0,0,0,1,-0.33297873,0.4980422
0,0,1,0,1,-0.30595016,0.07839409
1,0,0,0,0,0.08998871,0.6187939
0,0,0,0,1,0.85348654,-0.08457368
0,0,0,0,1,1.0160439,-0.045160566
0,0,0,0,1,-0.14578438,0.29137528
0,0,0,0,1,-0.104356766,-0.23088394
0,0,0,0,1,0.47238445,0.04954284
0,0,0,0,1,-0.42803645,-0.81891614
0,0,0,0,1,0.034715176,-0.7370292
0,0,0,1,0,-2.6568518,-0.9579598
1,1,0,0,0,10.190873,0.19308385
0,0,0,0,1,0.006740093,-0.5272377
0,0,0,0,1,0.21715212,-0.7100345
0,0,0,0,1,0.7640395,-0.4788121
0,0,0,1,0,-2.9763992,0.025313675
0,0,0,0,1,0.014159441,0.009050249
0,0,0,0,1,-0.22614694,0.23401764
1,1,0,0,1,10.5453415,0.05822853
1,1,0,0,1,10.249862,-0.905249
1,1,0,0,1,10.355779,-1.0234512
0,0,0,0,1,-0.2633419,-0.00085676473
0,0,0,0,1,-0.19131303,0.064084284
0,0,0,0,1,-0.024247885,-0.42679417
0,0,0,0,1,-0.4682653,0.08921282
0,0,0,1,0,-3.134368,-0.093112186
0,0,0,0,1,0.41849828,-0.2855652
0,0,1,1,1,0.14312458,0.15151504
0,0,0,0,1,0.28956938,-0.19408889
0,0,0,1,0,-2.3784254,0.22061509
0,0,0,0,1,-0.31743193,0.39016086
0,0,0,0,0,-0.10096264,0.6236483
0,0,0,0,1,0.16787505,-0.30998924
0,0,0,0,1,-0.13049293,0.29490262
0,0,0,0,1,3.4470608,-0.76826227
0,0,0,1,1,1.63101,0.113768466
0,0,0,0,1,0.60626125,-0.6189387
0,0,0,1,0,-4.066759,-0.352786
0,0,0,0,1,-0.003341198,-0.3255877
0,0,0,0,1,-0.8348124,0.17441198
0,0,0,0,1,-0.24224234,-0.4890214
0,0,0,0,1,-0.5250709,0.03718486
0,0,0,0,1,0.11676979,0.09581196
0,0,0,0,1,0.045413256,0.43531847
0,0,0,0,0,-1.4018672,0.40937817
0,0,0,0,1,0.51103306,-0.7451824
0,0,0,1,0,-4.1795673,-0.3412103
0,0,0,0,1,0.9267304,-0.09731177
0,0,0,0,0,-1.9478736,-0.14240295
1,0,0,0,0,0.28364944,0.77312434
0,0,0,0,1,0.690645,-0.38486025
0,0,0,0,1,-0.035261393,0.26348293
0,0,0,0,1,0.84760237,0.39877075
0,0,0,0,1,0.14183164,0.064936586
0,0,0,1,1,-0.030142546,0.26492342
0,0,0,0,1,-0.13885927,0.22704597
1,1,0,0,0,8.890729,-0.64799154
0,0,0,0,1,-0.012826443,0.29218975
0,0,1,0,0,-2.1628592,0.21996905
0,0,0,0,1,-0.09625721,-0.12856966
0,0,0,1,0,-2.880121,0.47725
0,0,0,0,1,0.41357398,0.18564992
0,1,0,0,0,6.284396,-0.55861586
0,1,0,0,0,6.3367376,-0.13567644
0,1,0,0,0,7.9992228,0.25279972
0,1,0,0,0,4.098628,-0.32170862
0,0,0,0,1,-0.51273847,0.1924223
1,0,0,1,0,-3.471291,-0.014829831
0,0,0,0,1,0.45125508,0.11673239
0,0,0,0,1,0.26310134,-0.5727963
0,0,0,1,0,-3.898155,-0.41827366
1,1,0,0,0,6.6969147,0.51428074
0,0,0,0,1,0.5064442,-0.10132847
0,0,0,0,1,-0.12406778,-0.10268957
0,0,0,0,1,0.89658594,-0.44567356
0,0,0,0,1,0.37090945,0.22981259
0,0,0,0,1,0.09042096,0.2296681
0,0,0,1,0,-3.016557,0.028852876
0,0,0,0,1,2.236256,0.41883036
0,0,0,0,1,0.038992167,-0.019831305
0,0,0,0,1,-0.101783276,0.48907864
0,0,0,0,1,-1.1989896,0.28117764
0,0,0,0,1,-0.15410256,-0.94981503
1,1,0,0,0,8.956056,0.36496547
0,0,0,1,0,-0.13275766,0.34772503
0,0,0,0,1,0.52958727,-0.8078192
0,0,0,0,1,-1.4744911,0.24799378
0,0,0,0,1,-0.7055235,0.46310517
0,0,0,0,1,0.47536492,0.15498191
0,0,0,0,1,-0.18292284,0.4194647
0,0,0,0,1,0.098464966,0.46850613
0,0,0,0,1,0.55428123,-0.03931693
0,0,0,0,1,0.4461863,-0.49310046
0,0,0,0,0,-1.6997335,0.267939
1,0,1,0,0,0.10655451,0.9691565
0,0,0,0,0,-2.6741645,0.12671316
0,0,0,1,1,-0.40361953,0.25996906
0,0,0,0,1,0.34292698,-0.6874771
0,0,0,1,0,-3.1260211,-0.32441
0,0,0,0,1,0.11806226,-0.177605
0,0,0,0,1,-0.056797266,0.4924769
0,0,0,1,0,-3.5647993,0.17334238
0,0,0,0,1,0.54952383,-0.15768747
0,0,0,0,1,0.5214832,0.18381803
0,0,1,0,0,-0.5976653,1.0862564
0,0,0,1,1,-0.006963253,-0.17183042
0,0,0,0,1,0.0063602924,0.2229985
0,0,0,0,1,0.21829414,-1.0435327
1,1,0,0,0,5.2843027,0.5927244
0,0,0,0,1,0.3443122,-0.29594588
0,0,0,0,1,0.14871788,-0.019266536
0,0,0,0,1,0.74858356,0.08601129
1,1,0,0,0,9.693897,0.87921935
0,0,0,1,0,-3.6882472,-0.9598796
0,0,0,1,0,-3.8920598,-0.41825926
1,1,0,0,0,4.259304,0.30319786
1,1,0,0,0,4.33893,0.14131974
0,0,0,0,1,0.081731796,-0.6908906
0,0,0,0,1,-1.6731212,0.17257768
1,0,0,0,1,0.050261497,0.5585866
0,0,0,0,0,-0.53407717,0.64324296
0,0,0,0,0,-2.7270997,-0.046935502
0,0,0,0,1,0.5742755,-0.11922463
0,0,0,1,0,-1.9640934,0.26040354
0,0,0,0,1,2.660107,-0.0054690624
0,0,0,0,1,-0.14066243,0.0941529
0,0,0,0,1,-0.45351744,-0.28646663
0,0,0,0,1,0.7526865,-0.063622065
0,0,0,0,1,1.024004,-1.1361486
0,0,0,0,1,0.2722268,-0.66360086
0,0,0,0,1,-0.24863005,0.18382663
0,0,0,0,1,-0.4957788,0.22227898
0,0,0,0,1,-0.20268106,-0.95108134
0,0,0,1,0,-3.106057,-0.5873288
0,0,0,1,0,-3.7235072,0.15389667
0,0,0,0,1,0.54535913,0.26607746
0,0,0,0,1,1.0774927,-1.0255616
0,0,0,0,1,0.016810417,-0.051337387
0,0,0,0,1,0.5527177,-0.5365179
0,0,0,0,1,0.101998806,0.35674998
0,0,0,0,1,-0.15080619,0.4184608
0,0,0,0,1,-0.052361727,-0.22136503
1,0,0,0,1,0.4521284,0.50833464
0,0,0,1,1,-0.5372791,0.5540708
0,0,1,1,0,-3.8166668,-0.37368435
0,0,0,0,1,-0.7097864,-0.27727315
0,0,0,0,0,-2.9027357,0.36754337
0,0,0,0,1,0.3906424,-0.11511658
0,0,0,0,0,-2.1570265,0.35502967
0,0,0,0,1,-0.1304965,0.026309019
0,0,0,0,1,0.17651725,0.27720302
0,0,0,0,1,0.5970142,-0.30331844
1,0,0,0,0,-0.4748354,0.7517588
0,0,0,0,1,0.77138066,-0.43043715
0,0,0,0,1,-0.7204814,0.43939805
1,0,1,1,0,-0.98866034,0.8233925
0,0,0,0,1,-0.28733397,0.2774817
0,0,0,1,1,0.93473625,-0.31177735
0,0,0,0,1,-0.32120562,0.07277106
0,0,0,0,1,-0.7105887,0.04645096
0,0,0,0,0,-2.5781684,0.0787709
0,0,0,1,0,-3.1848507,-0.34838444
0,0,0,1,0,-3.6758235,0.26724783
1,1,0,0,1,10.2486925,-0.61547357
0,0,0,0,1,-0.6185956,0.49735457
0,0,0,0,0,-2.0890403,-0.2760576
0,0,0,1,1,-1.5179038,0.14554872
0,0,0,0,0,-2.5802896,-0.3527233
1,1,0,0,0,7.9955883,0.37319273
0,0,0,0,1,-0.36415243,0.5000036
0,0,0,0,1,0.29387975,-0.058190648
0,0,0,1,0,-3.4404263,-0.26161605
0,0,0,0,1,0.41334867,-0.17164546
0,0,0,0,1,-0.8671799,-0.062095467
0,0,0,0,1,-1.2846725,0.08517367
0,0,0,0,1,-0.11126709,0.32441399
0,0,0,0,1,0.1525166,-0.051484287
0,0,0,1,1,0.35342097,-0.45800278
0,0,0,0,1,0.232445,0.314277
1,1,0,0,0,4.012372,0.3337026
0,0,0,0,1,-0.17899847,-0.30119523
0,0,0,0,1,-0.33674765,0.34423253
0,0,0,0,1,3.0348341,-0.14450002
0,0,0,0,1,0.643919,-0.47379577
0,0,0,1,0,-3.0874028,-0.25759342
1,1,0,0,0,8.530719,-0.069620885
0,0,0,0,1,0.39996338,-0.080834515
0,0,0,1,0,-3.7527864,-0.2714568
0,0,0,1,0,-3.477722,-0.7020727
0,0,0,1,0,-3.6359289,0.17261304
0,0,0,0,1,-1.5973034,-0.25725132
0,0,0,0,1,-1.5920088,-0.24252644
0,0,0,1,1,-0.56291866,0.12921917
0,0,0,0,1,0.22353888,-1.052864
0,0,0,0,1,-0.14602995,-0.21318437
1,0,0,1,0,-2.5223863,-0.95663893
0,0,0,0,1,-2.044853,0.2623189
0,0,0,0,1,-0.47136068,0.36431023
1,1,0,0,1,10.166876,-1.0051216
0,0,0,1,0,-3.3571556,-0.1325295
0,0,0,0,1,0.029630184,0.497544
1,0,1,0,0,-0.17362022,0.8104545
0,0,0,0,1,-0.4881351,-0.40597346
0,0,0,0,1,-0.08840275,0.42283842
0,0,0,0,1,0.22429085,0.021498287
1,0,0,0,0,-0.7528124,0.80175847
0,0,0,0,1,0.039218187,-0.27256927
0,0,0,0,1,0.014066458,0.08998771
0,0,0,1,0,-3.6864614,-0.38932323
0,0,0,1,0,-3.6767886,0.2623647
0,0,0,0,1,-0.6819005,-0.13318615
0,0,0,0,1,-0.48871827,-0.71409184
0,0,0,0,1,-0.8513782,0.5543034
0,0,0,0,1,0.73703504,0.03620447
0,0,0,0,1,-0.1838224,-0.19033703
0,0,0,0,1,-0.35559893,-0.38427117
0,0,0,0,1,0.3290956,-0.16024287
0,0,0,0,1,-1.6784642,0.035718497
0,0,0,0,1,-1.791127,0.3330402
1,0,0,1,0,0.41564035,-0.16519323
1,1,0,0,0,9.579701,0.04865229
1,0,0,0,0,-0.72209454,0.76460385
0,0,0,1,0,-1.4123442,0.3069672
0,1,0,0,0,3.7239468,0.05998312
1,0,0,0,0,-0.14100695,0.7434019
0,0,0,0,1,0.056746483,0.23449756
0,0,0,0,1,0.29813147,-1.0273007
0,0,0,1,1,0.13380909,-0.10424438
1,1,0,0,0,8.684281,-0.004161251
0,0,0,0,1,-0.06763244,-0.5221007
0,0,0,0,1,0.17741513,-0.021675434
0,0,1,1,0,-2.5823555,-0.10562847
0,0,0,0,1,0.5327158,-0.99602807
0,0,0,1,0,-3.8030155,-0.6304281
0,0,0,1,0,-4.167111,-0.5138528
0,0,0,0,1,0.37149358,0.040771432
0,0,0,0,1,0.44071674,-0.05023176
0,0,0,0,1,0.2242403,0.121320985
0,0,0,0,1,0.36842299,0.15476283
0,0,0,0,1,-0.12966108,0.48063734
0,0,0,0,1,0.59984994,-0.0372121
0,0,0,1,0,-2.8754704,0.038623553
0,0,0,1,0,-2.9268246,0.066298746
0,0,0,0,0,-2.3766873,-0.13114423
0,0,0,0,0,-2.6672003,0.40475887
0,0,0,0,1,-1.2497945,0.465457
0,0,0,0,1,0.316535,0.033752095
0,0,0,0,1,0.20354486,0.21996905
0,1,0,0,0,4.508321,-1.0717698
0,0,0,0,1,0.5042577,-0.030677913
0,0,0,0,0,-1.9761415,0.0470473
0,0,0,0,1,2.8328762,-0.5786431
0,0,0,0,1,0.65691376,-0.6136152
0,0,0,0,1,-0.17418003,0.3762008
0,0,0,0,1,-0.03341174,0.23976901
0,0,0,0,1,0.16390324,-0.17479448
0,0,0,0,1,0.30931306,-0.7202069
0,0,0,0,1,-2.0554187,0.20063806
0,0,0,0,1,0.003341198,0.46381128
0,0,0,0,1,-0.32465363,0.43444306
0,0,0,0,1,0.17201519,0.035427354
0,0,0,0,0,-0.63399935,0.6138315
0,0,0,1,0,-3.4321165,-0.7569583
0,0,0,1,0,-3.6150727,0.15156873
0,0,0,0,1,0.44477177,0.010699484
0,0,0,1,0,-3.688181,-0.34097397
0,0,1,0,1,-1.6940012,0.19570114
0,0,0,0,1,-0.86532664,-0.50448173
0,0,0,0,1,-0.965441,0.075318284
0,0,0,0,1,0.19616652,0.13121389
0,0,0,0,1,-0.73729897,-0.23523562
0,0,0,0,1,0.15478039,-0.12275259
0,0,0,0,1,0.5275724,-0.37370178
0,0,0,1,0,-3.7894123,0.24932575
0,0,0,1,0,-2.9555438,-0.14229898
0,0,0,1,0,-3.1940403,-0.6844857
0,0,0,1,0,-3.7210805,-0.13625902
0,0,0,1,0,-2.7314734,-0.6391001
0,0,0,0,1,0.36559486,-0.3736139
0,0,0,0,1,0.0654335,-0.27359515
0,0,0,1,0,-3.6974828,0.2624493
0,0,0,0,1,0.53565454,-0.37988523
0,0,0,1,1,0.38856196,-0.4021067
0,0,0,0,1,0.128752,0.19406158
0,0,0,1,0,-3.332547,-0.58600605
1,1,0,0,1,10.4669895,-0.24069427
0,0,0,0,1,0.027276754,0.14014171
0,0,0,0,1,-0.4343233,0.18503065
0,0,0,0,1,0.2980287,-0.034214668
0,0,0,0,1,-1.9713318,0.004897494
0,0,0,0,1,-0.43505287,0.33249593
0,0,0,0,1,-1.3876095,-0.039396364
1,1,0,0,1,10.09631,0.080155
0,1,0,0,0,4.709237,-0.14030713
0,0,0,0,1,0.6813538,-0.1225615
0,0,0,1,1,-2.0018132,0.00090909115
0,0,0,0,1,0.46205473,0.00065475644
1,1,0,0,0,7.4441414,0.00076277665
0,1,0,0,0,4.731971,-0.3196468
0,1,0,0,0,4.7182455,0.029912198
0,0,0,0,1,0.38998985,0.08198837
0,0,0,1,0,-4.1699696,-0.361201
0,0,0,0,1,0.6941354,-0.20356335
1,1,0,0,0,5.823741,-0.08902407
0,0,0,0,1,-0.6649871,0.41016227
0,0,0,0,1,0.49899507,0.12125217
1,1,0,0,0,9.403979,0.09261787
0,0,0,1,0,-2.9801962,-0.2770443
1,1,0,0,1,10.709906,-0.48841146
0,0,1,0,0,-1.3323708,1.0284564
0,0,0,0,1,0.080301285,0.5788192
0,0,0,1,0,-4.33851,-0.52855724
0,0,0,0,1,0.36539292,-0.12288653
0,0,0,0,1,-1.4860001,-0.9381343
1,1,0,0,0,9.198547,0.03555034
0,0,0,0,0,-2.392682,0.019268138
0,0,0,0,0,-2.1807272,-0.15825519
0,0,0,0,1,-0.01347208,0.35766616
0,0,0,0,1,0.29724336,0.13274741
0,0,0,0,1,-1.0104449,-0.29144624
0,0,0,0,1,-0.04737234,-1.1240915
1,0,0,1,0,-3.6348794,-1.0690659
1,0,0,1,1,0.030786037,0.03332019
0,0,0,1,0,-3.4127505,0.056815602
0,0,0,0,1,0.2049048,-0.5056687
0,0,0,1,1,0.01382947,0.029912198
0,0,0,1,0,-2.8122592,-0.34626636
0,0,0,0,1,-0.3087318,0.20475389
1,0,0,1,0,-6.0797224,-1.0628984
0,0,0,0,1,-0.68429446,0.31428015
0,0,0,0,1,0.106660604,0.30869076
0,1,0,0,0,4.240693,-0.025291212
1,1,0,0,0,3.7651055,0.50853497
0,0,0,0,1,-2.1718144,0.28408512
1,0,0,0,0,3.2825224,0.47510466
0,0,0,0,1,-0.26550722,-0.68745744
0,0,0,0,1,-0.122802734,-0.17368193
0,0,0,0,1,-0.5518508,0.07120434
1,0,1,0,0,-0.73461676,0.9859764
0,0,0,0,1,0.25445127,-0.3016164
0,0,0,0,1,0.060650826,-0.23594593
0,0,1,0,0,-0.32981825,1.0338612
0,0,0,0,1,0.49116302,-0.5679987
0,0,0,0,1,0.58642673,-0.20355348
0,0,0,0,1,0.43864226,-0.03405032
0,0,0,0,1,0.4404447,-0.018907746
0,0,1,1,1,-1.100739,0.033752095
0,0,0,1,0,-3.5536923,0.016946916
0,0,0,1,0,-3.5976942,0.19559607
0,0,0,0,1,-0.17652774,0.13556369
0,0,0,1,0,-2.5663266,-0.04721043
0,0,0,0,1,0.68482304,-0.16090788
0,0,0,1,0,-3.4530368,-0.4616389
0,0,0,1,0,-3.2786295,0.05755414
0,0,0,0,1,-0.25692177,0.24066775
0,0,0,0,1,1.0039735,-0.19352162
0,0,0,0,1,0.78234696,0.010538684
0,0,0,0,1,0.11787319,0.015868409
0,0,0,0,0,-2.62483,-0.8368072
0,0,0,0,0,-2.4344473,-0.4231644
0,0,0,1,0,-3.6558528,-0.55020994
0,0,0,1,0,-4.1035414,-0.248811
0,0,0,1,0,-3.91984,0.0070663
0,0,0,0,1,0.2816205,0.012363839
1,1,0,0,1,10.61725,-0.39643276
0,0,0,0,1,0.1432252,-0.021014927
0,0,0,0,1,0.10251355,0.2560511
0,0,0,0,1,0.5856111,-0.07011922
0,0,0,0,0,-2.4700432,0.28552863
0,0,0,0,1,-0.49302077,0.26278418
0,0,0,0,1,0.87990355,-0.31995445
0,0,0,1,0,-3.0434928,-0.00065475644
0,0,0,0,1,-0.3882873,-0.5138601
0,0,0,0,1,-0.019612312,-0.3826242
0,0,0,0,1,0.36390734,-0.23855472
0,0,0,0,1,-0.22938085,0.37419373
1,1,0,0,1,10.391466,-0.41269326
1,1,0,0,0,10.019812,0.1841385
0,0,0,0,1,0.4470551,-0.9618584
0,0,0,0,1,0.52815557,0.14894329
1,1,0,0,1,10.131437,-0.74119174
1,1,0,0,1,10.256913,-0.023929836
0,0,0,0,1,1.1283755,0.0429169
0,0,0,0,0,-1.9804871,0.00085676473
0,0,0,1,1,0.48717165,-0.2677099
1,1,0,0,1,9.684939,-0.32850367
1,1,0,0,0,9.481057,0.54083145
0,0,0,0,0,-2.3186798,-0.7999304
0,0,0,0,1,-0.07239008,0.28482535
0,0,0,0,1,-1.6316769,-0.9302874
0,0,0,1,0,-3.9412916,-0.1484996
0,0,0,0,1,-0.18403459,-0.10819239
0,0,0,0,1,-0.053040266,-0.24144688
0,0,0,1,0,-3.4789395,-0.8194166
0,0,0,0,1,0.48229027,-0.69057983
0,0,0,0,1,0.86805296,-1.1552527
0,0,0,0,1,0.08841133,-0.3782454
0,0,0,0,1,1.1816416,-0.042237587
1,0,0,0,1,-0.41365266,0.6904166
0,0,0,0,1,0.066527605,-0.4348787
0,0,0,0,1,0.46231222,-0.042319488
0,0,0,1,0,-3.7609196,-0.44628668
0,0,0,0,1,-1.7526286,-0.7465475
0,0,0,0,0,-2.1200283,0.34355453
0,0,0,0,1,-1.3887105,0.38209072
0,0,0,0,1,0.09379125,0.11527526
0,0,0,0,1,1.728199,0.10005249
0,0,0,0,1,2.03873,0.036595304
0,0,0,0,1,0.80061984,0.017891658
0,0,0,0,1,-0.59393525,0.22008474
1,1,0,0,0,3.410518,0.3290229
1,1,0,0,0,6.8372593,0.44713765
0,0,0,0,1,0.53518224,0.1249989
0,1,0,0,0,6.3689547,-0.22933589
1,1,0,0,0,8.194309,0.20157205
0,0,0,0,1,0.2504444,-0.050549988
0,0,0,0,1,0.045333147,0.1262325
1,1,0,0,0,5.368622,0.30948845
0,0,0,0,1,-1.4543254,-0.026156908
0,0,0,0,1,0.72164416,-0.1411443
0,0,0,0,1,0.33949637,0.29893336
0,0,0,1,1,0.8198211,-0.09478456
0,0,0,0,1,0.15102339,-0.39116302
0,0,0,0,1,0.1441114,-0.2954695
0,0,0,0,1,-0.060553312,0.21560639
0,0,0,1,0,-3.3632212,0.17175686
1,0,0,0,0,-0.79914,0.6337003
0,0,0,0,1,-0.46973515,-0.13039593
0,0,1,1,0,-3.131543,0.0044821384
0,0,0,0,1,-0.43886662,-0.6014472
0,0,0,0,1,-1.702923,0.06313941
0,0,0,1,0,-3.1906838,-0.3483972
1,1,0,0,0,6.6460533,0.56689864
0,0,0,0,1,0.59769535,-0.29975834
0,0,0,0,1,0.64281535,-0.28768167
0,0,0,0,1,-0.026624203,0.5667925
0,0,0,0,1,0.0032320023,0.5579123
0,0,0,0,1,0.47450113,-0.61638343
0,0,0,1,0,-3.9976342,0.024426915
1,0,1,0,0,-0.9259839,1.0586969
0,0,0,0,1,0.07627535,-0.10784731
0,0,0,1,1,0.20963383,0.3893169
0,0,0,0,1,0.7330489,-0.069420345
0,0,0,0,0,1.8472648,0.7482823
0,0,0,1,0,-3.7046251,0.23856796
0,0,0,0,1,-0.69591117,0.23168917
0,0,0,1,1,0.071388006,-0.00090909115
0,0,0,1,0,-4.0449204,-0.14492026
0,0,0,1,0,-2.9670427,-0.0345434
0,0,0,0,1,0.1321454,-0.29134914
0,0,0,0,1,-0.4189036,-0.54097205
0,0,0,0,1,0.14942431,-0.26562372
0,0,1,0,1,-0.1701622,0.042037446
0,0,0,0,1,0.006028414,0.17867897
0,0,0,0,1,0.34857607,0.028675023
0,1,0,0,0,4.366562,-0.9360293
0,0,0,1,0,-3.4950318,-0.8782973
0,0,0,0,1,0.7314024,-0.2594313
0,0,0,0,0,-2.5593276,-0.40728453
0,0,0,0,1,-0.34897828,0.059312876
0,0,0,0,1,0.54387856,-0.090290315
0,0,0,0,1,0.12570643,0.37544358
0,0,0,0,1,0.9414916,0.0028956537
0,0,0,0,1,0.825346,0.15087174
0,0,0,1,0,-2.6687996,0.4840992
0,0,0,1,0,-4.04409,0.071898155
0,0,0,1,0,-2.105279,0.24576943
0,0,0,0,1,0.61236286,0.09547194
0,0,0,0,1,0.18094254,-0.78809875
0,0,0,0,1,-0.25224972,0.06928612
0,0,0,0,1,0.28460813,-0.61753345
0,0,0,0,1,-0.19165444,-0.0676946
0,0,0,0,1,-0.23026705,0.003188674
0,0,0,1,0,-3.395347,-0.8965473
1,1,0,1,0,8.275732,0.39121053
0,0,0,1,0,-3.57541,-1.0027992
0,0,0,0,1,0.058466196,-0.13820341
0,0,0,1,0,-3.3544788,-0.31220612
0,0,0,0,1,0.62151814,0.35701182
0,0,0,1,0,-3.745017,-0.774971
0,0,0,0,1,0.22869062,0.18316324
0,0,0,0,1,-0.021844864,0.35241956
0,0,0,0,1,0.25019813,-0.94768715
0,0,0,0,0,-2.4201443,0.058513835
0,0,0,0,1,-0.007856607,-0.53765315
0,0,1,0,1,-0.7739806,0.14133477
0,0,0,0,1,0.39745665,0.39149356
0,0,0,1,0,-2.7762225,-0.12508187
0,0,0,1,0,-2.907376,0.21261601
0,0,0,0,1,3.5692158,0.04382956
1,1,0,0,0,7.204077,0.14747953
0,0,0,0,0,-0.63376427,0.650422
0,0,0,1,1,0.71817017,-0.89807576
0,0,0,0,1,0.2805636,0.29848754
1,0,0,0,1,3.4793959,0.56689864
0,0,0,0,1,-1.7780597,0.004650872
0,0,0,0,1,-0.2883067,-0.16068818
0,0,0,0,1,0.70857215,0.12863347
1,0,0,0,1,0.58830976,0.4873578
1,1,0,0,1,10.2356205,0.28940827
0,0,0,0,1,0.1972115,0.043059904
0,0,0,0,1,-0.42212915,0.14873993
0,0,0,0,1,0.18243814,-0.017009392
0,0,0,1,0,-2.6293726,-0.45152867
0,0,0,0,1,0.27245617,-0.11853139
0,0,0,0,1,0.02045989,0.3243212
0,0,0,0,1,0.28530574,0.07206734
0,0,0,0,1,0.24953365,-0.33234623
0,0,0,1,1,-0.49842954,0.3251119
0,0,0,1,0,-3.2625046,-0.48841146
0,0,0,1,0,-3.2669992,-0.4262748
0,0,0,0,0,3.7614737,0.057582747
0,0,0,0,1,0.12983298,0.119599156
0,1,0,1,0,4.200879,-0.14976595
0,0,0,0,1,1.1263769,-0.2780314
1,0,0,0,0,0.5868323,0.546932
0,0,0,0,1,0.58920336,0.035920117
0,0,0,0,1,0.3686719,-0.38069424
1,1,0,0,0,7.4296474,-0.06323388
0,0,0,0,1,-0.9753616,-0.057651807
0,0,0,0,1,-1.3759062,0.104687974
1,0,0,0,0,0.28220558,0.7331498
0,0,0,0,1,-0.7834568,0.6241278
0,0,0,1,0,-3.797335,0.059469286
0,0,0,0,1,-0.06430817,-0.03559735
0,1,0,0,0,4.404724,-0.7892573
0,0,0,0,1,0.36135745,-0.29341117
1,1,0,0,0,8.775732,0.07795421
0,0,1,1,1,-0.506341,0.97271955
0,0,0,0,1,1.2986956,-0.4808222
0,0,0,0,1,0.16913843,-0.20079826
0,0,0,1,0,-3.3806393,-0.10933507
0,0,0,0,1,0.37835026,-0.12612285
0,0,0,0,1,2.7066882,0.0069417413
1,1,0,0,0,4.7631106,0.02318995
1,0,0,1,0,-3.8790703,-0.63017076
0,0,0,1,1,-0.018672466,-0.05568211
0,0,0,0,0,-2.015335,0.11013641
0,1,0,0,1,3.8706822,-0.4912218
1,1,0,0,0,9.508993,0.10973533
0,0,0,0,1,0.81988144,-0.46535963
0,0,0,1,1,0.015108585,0.10793406
0,0,0,0,1,-0.25980616,0.49079046
1,1,0,0,0,10.096437,0.1435965
1,1,0,0,1,9.546276,-0.44660687
0,0,0,1,0,-3.686389,-0.48649812
0,0,0,1,0,-4.5155115,-0.451028
0,0,0,1,1,-1.0616026,0.13689177
0,0,0,0,1,-0.39525843,0.23900156
0,0,0,0,0,3.6799188,0.081475444
0,0,0,0,1,0.48463488,-1.0780557
0,0,0,1,0,-3.712124,-0.02256061
0,0,0,1,1,-0.11764765,-0.58089733
0,0,0,0,1,-0.9877343,0.06454954
0,0,0,1,1,-0.39873886,0.44600296
0,0,0,0,1,0.35570908,0.08533419
0,0,0,1,0,-3.365723,0.4782985
0,0,0,0,1,-0.20080423,0.3495614
0,0,0,0,1,0.40526485,-0.96680444
1,1,0,0,1,10.760119,-0.106550105
0,0,0,0,1,-1.6844339,0.26997462
0,0,0,0,1,-0.3363874,0.25602713
1,0,0,1,1,0.2593813,-0.72883034
1,1,0,0,0,10.164725,0.3848995
0,0,0,0,1,-0.55917025,0.3078539
0,0,0,0,1,0.14724422,-0.2166896
0,0,0,0,1,0.1481533,-0.20543545
0,0,0,0,1,-0.7246337,0.39369506
0,0,1,0,1,-0.103958845,-0.035625584
0,0,0,0,1,0.4977951,0.11388203
0,0,0,0,1,0.586571,-0.6342031
0,0,0,0,1,0.5583265,-0.69529074
0,0,0,0,1,0.57487655,-0.14750454
0,0,0,0,1,0.36936283,-0.44970754
0,0,0,1,0,-2.6905339,-0.8540484
0,0,0,0,1,0.0004606247,0.19737786
0,0,0,0,1,0.2614298,0.22671038
0,0,0,0,1,-0.09741235,0.19489263
0,0,0,0,1,0.9108846,-0.31446457
0,0,0,0,1,0.84663963,0.19320694
1,1,0,0,0,8.426282,0.17335448
1,0,0,0,0,3.751365,0.32866278
0,0,0,1,1,0.09790087,-0.30291465
0,0,0,1,0,-3.3590462,-0.6286485
0,0,0,1,0,-2.916519,-0.37002742
0,0,0,1,0,-2.884916,-0.042311877
0,0,0,0,1,0.75215435,0.0954419
0,0,0,0,1,-0.18215847,-0.0058381413
0,0,0,1,0,-2.1320503,0.37356263
0,0,0,0,0,-2.5287666,0.42746505
0,0,0,0,1,0.12874484,0.138054
1,0,0,0,0,0.16553545,0.7341635
0,0,0,0,1,-1.5918472,0.1608137
1,1,0,1,0,8.84713,-0.060723852
0,0,0,0,1,-0.03301263,0.15639466
0,0,0,0,1,-0.24763155,-0.3908433
0,0,0,0,1,-0.3390441,0.53790146
0,0,0,0,1,-0.06472874,-0.9483752
0,1,0,1,0,3.0028481,0.17822663
0,0,1,1,0,-3.7386026,-0.30695558
0,0,0,0,1,-0.09365988,0.3082386
0,0,0,1,0,-2.703145,-0.3352214
1,1,0,0,0,8.414986,0.44030702
0,0,0,0,1,0.024620056,0.20806181
0,0,0,0,0,-2.1041377,0.5107915
0,0,1,0,1,-0.17811465,0.0058771567
0,0,1,0,0,-0.458014,0.9161927
0,0,0,1,0,-3.3404758,-0.020981455
1,1,0,0,1,10.889903,-0.75350237
0,0,0,0,1,-0.4926803,-0.23031044
0,0,0,0,1,0.48809433,-0.351064
0,0,0,0,1,-0.69988203,0.07376772
0,0,0,0,1,-0.008037567,0.5940268
0,0,0,0,1,0.760957,-0.14957622
0,0,0,0,1,-0.5863714,-0.10741001
0,0,0,0,1,1.0605221,-0.5847974
0,0,0,0,1,-0.3768437,0.24042358
1,1,0,0,0,5.3950663,0.25782257
0,0,0,0,1,1.600347,0.29300392
0,0,0,1,0,-3.5494797,-0.124152824
0,0,0,0,1,0.36651087,-0.10252101
0,0,0,1,0,-3.5152895,-0.5684027
0,0,0,0,1,-1.8686085,0.12416857
0,0,0,0,1,0.076271296,-0.67229307
1,0,1,0,0,-0.8288884,0.93671703
0,0,0,0,1,-0.17693543,0.09660963
0,0,0,0,1,0.58918524,-0.11167192
0,0,0,0,1,-0.08249974,0.30446178
0,0,0,0,1,-0.015721321,0.3358091
1,0,0,0,0,-0.22326946,0.76424396
0,0,0,0,1,0.6639018,-0.00028971513
0,0,0,0,1,0.101830006,-0.4383696
0,0,0,1,1,-0.1381042,0.11778463
0,0,0,1,1,0.87708473,-0.5606115
0,0,0,0,1,-0.18950772,-0.32281432
0,0,0,0,1,0.45236778,-0.6824043
0,0,0,0,1,0.22591877,0.45641732
0,0,0,0,1,-0.1511774,-0.75252485
0,0,0,1,0,-4.149267,-0.9333352
0,0,0,1,0,-2.326757,0.13333827
0,0,0,0,1,0.44357157,-0.3167169
0,0,0,0,1,-0.6097026,0.39023834
0,0,0,1,0,-2.8875053,-0.26577923
0,0,0,1,0,-2.9439926,-0.06823434
0,0,0,0,1,0.83571506,0.0239971
0,0,0,0,1,-0.49746418,0.44291374
0,0,0,0,1,-0.14343596,-0.4011531
1,0,0,0,0,-0.78266,0.8558547
0,1,0,0,0,6.562058,0.053126518
0,0,0,0,1,-0.33041048,0.20459186
1,1,0,0,0,3.9478803,0.45295918
0,0,0,0,1,0.9912205,-0.8347263
0,0,0,0,1,0.32957268,-0.056721054
0,0,0,0,1,-0.17469549,0.01052826
0,0,0,0,1,0.09675598,-0.51343024
0,0,0,1,0,-2.2556973,-0.2471442
0,0,0,0,1,0.29037166,-0.560865
0,0,0,1,0,-2.7192645,-0.28506485
0,0,0,1,0,-2.7782292,-0.10638036
0,0,0,0,1,5.888939e-05,0.15318242
0,1,0,0,0,3.9087653,0.28269628
0,1,0,0,0,3.7949815,-0.8048191
0,0,0,0,1,-0.117017984,0.11093584
0,0,0,0,1,0.056446552,0.26076588
1,1,0,0,0,6.0441856,0.086834386
0,0,0,0,1,-0.6117966,0.21999735
1,1,0,0,1,10.021851,-0.38020903
0,0,0,0,1,0.3646977,-0.27420032
0,0,0,0,1,0.6365323,-0.06493128
0,0,1,0,1,0.21484375,0.006330248
0,0,0,1,0,-3.0796187,-0.29676926
0,0,0,0,1,0.2650504,-0.7476005
0,0,0,1,0,-3.444222,-0.670302
0,0,0,0,1,-0.94848347,0.036878005
0,0,0,0,1,0.7429724,-0.5453767
0,0,0,0,1,-0.019735336,0.44007984
0,0,0,0,1,-0.1060648,-0.7161698
0,0,0,1,1,-0.3731377,-0.0069870553
1,0,0,1,0,-6.3777156,-0.87170094
0,0,0,1,0,-3.8432324,-0.48964477
0,0,0,1,1,0.3333285,-0.38042253
0,0,0,0,1,0.32243872,0.22130704
1,0,0,0,0,-1.4869342,0.76343334
0,0,0,1,0,-3.740595,-0.039494973
0,0,0,1,0,-3.0515015,-0.44879982
1,0,0,1,0,-5.893354,-0.42349234
0,0,0,0,0,-1.831162,0.65046495
1,0,0,1,0,-5.5980444,-0.74632037
0,0,0,0,1,-0.5384159,0.07307278
0,0,0,0,1,2.667412,0.20890133
0,0,0,0,1,-1.7604833,0.19969201
0,0,0,1,0,-3.428792,0.20192538
0,1,0,0,0,7.417309,-0.121762566
0,0,0,0,1,0.045358658,0.35951358
0,0,0,0,1,0.7091954,0.44560274
0,0,0,0,1,-0.9638157,0.39650837
0,0,1,1,0,-2.0867312,0.10104986
0,0,0,0,1,0.72983146,0.14518361
0,1,0,0,0,3.9957051,0.19971333
1,0,0,1,1,0.8214402,-0.54817456
1,1,0,0,1,10.602619,-0.6305419
0,0,0,0,1,0.39467812,-0.033619203
1,0,0,0,0,3.4478393,0.6533508
0,0,0,0,1,0.07534504,0.43002835
0,0,0,0,1,0.6595483,-0.39496878
0,0,0,0,1,-0.8974495,0.3406712
0,0,0,1,0,-0.20540714,0.115807526
0,0,0,0,1,-0.967566,0.102357246
0,0,0,0,1,-0.9554062,-0.118009835
0,0,0,1,0,-3.6497335,-0.042153213
0,0,0,0,0,-2.4480472,0.08485232
0,0,0,0,1,-0.16293311,0.43975312
0,0,0,0,1,0.34235668,-0.068438634
0,0,0,0,1,-0.25336218,-0.1439558
0,0,0,0,1,-0.10197353,-0.91280615
1,1,0,0,0,9.802906,0.35734504
0,0,0,0,1,-0.19754028,0.52265275
0,0,0,0,1,0.7798803,-0.0109510245
0,0,0,0,1,-0.016907692,0.3860628
0,0,0,0,1,2.6985955,-0.07336195
1,1,0,0,0,7.0360975,0.08863368
0,0,0,0,1,0.12408829,0.4597351
0,0,0,0,1,0.36252832,-0.41907734
0,0,0,0,1,-0.2354188,0.15417588
0,0,0,0,1,-1.0526972,0.054041848
0,0,0,0,1,0.84752846,-0.1720796
0,0,0,0,1,0.0061063766,0.18323253
0,0,0,1,1,-1.0429938,0.21540095
1,0,1,0,0,-1.0704007,1.0236695
0,0,0,0,1,-0.09069514,0.2456053
0,0,0,0,1,-0.71870065,-0.36050722
1,0,1,0,0,-0.052960873,0.9887946
0,0,0,0,1,-0.25143862,-0.32842857
0,0,0,0,1,-0.36132717,0.20398967
0,0,0,0,1,0.15955544,-0.56002957
0,0,0,0,1,0.05772066,-0.4747649
0,0,0,0,1,-0.15759659,-0.5621782
0,0,0,1,0,-3.3679485,0.08378717
0,0,0,0,1,0.17270255,0.095311776
0,0,0,0,0,-0.7054095,0.682207
0,0,0,1,0,-3.5665946,-0.8850493
0,0,0,0,1,0.71997356,0.23895231
0,0,0,0,1,0.2610669,-0.375674
0,0,0,0,1,0.056805134,0.2323793
0,0,0,0,1,-1.4132237,-0.26414746
0,0,0,1,0,-1.3040059,0.2568939
1,1,0,0,1,10.498139,-0.9003455
0,0,0,0,1,0.41491842,-0.2837561
0,1,0,0,0,4.285376,0.08165345
1,1,0,0,0,8.412514,-0.081766345
1,1,0,0,0,7.6615443,0.1220662
0,0,0,0,1,2.9017403,-0.068927504
0,0,0,0,1,0.37823248,-0.74213046
0,0,0,0,0,-1.8467686,-0.0021435618
0,0,0,0,1,-1.3548241,0.46090883
0,0,0,1,0,-2.247119,0.17610133
0,0,0,0,1,0.8424916,-0.7987091
0,0,0,0,1,0.5990536,0.116196066
0,0,0,0,1,-1.776547,0.059334315
0,0,0,1,0,3.0555737,0.45493692
0,0,0,0,1,0.28562474,-0.23617291
0,0,0,0,1,0.33132982,0.26314402
0,0,0,0,1,-0.055333614,0.10359954
0,0,0,0,1,0.7476454,-0.73539454
0,0,0,0,1,-0.057524204,0.11721448
0,0,0,0,1,-0.17540622,0.35304496
0,0,0,1,0,-3.8441336,-0.6440967
0,0,0,0,1,0.61757374,-0.36079097
0,0,0,1,1,0.20023727,-0.77138996
0,0,0,0,1,0.5964792,0.1408499
1,1,0,0,0,7.348155,0.0017857162
0,1,0,0,0,7.511187,0.28080192
0,0,0,0,1,-0.54052186,-0.5434948
0,0,0,0,1,0.8209758,-0.8390235
1,1,0,0,1,10.843495,-0.75616145
0,0,0,0,1,-0.28690147,-0.7154437
1,1,0,1,0,6.695242,-0.0017857162
0,0,0,0,0,-1.3801842,-0.09765384
0,0,0,0,1,-0.0012106895,-0.2984263
0,0,0,0,1,0.6210017,-0.42496836
0,0,0,1,0,-2.5124347,-0.3093212
0,0,0,1,1,-1.5473375,0.20302957
0,1,0,0,0,5.2433386,-0.7745881
0,0,0,0,1,0.26165342,-1.0215757
0,0,0,0,1,-1.798563,0.42727527
0,0,0,0,0,-2.5548897,0.07576216
0,0,0,1,1,-1.731946,0.36362326
0,0,0,0,1,-0.1625495,0.1914469
0,0,0,0,1,0.8691788,-0.53987336
0,0,0,0,0,3.2647781,0.48224527
1,1,0,0,0,5.437796,-0.6205271
1,1,0,0,1,10.417536,-0.78735703
1,1,0,0,1,9.99884,0.1532683
1,1,0,0,0,10.308975,0.28181827
0,0,0,1,0,-3.320562,0.27016503
0,0,0,1,1,0.42105842,0.21280617
0,1,0,0,0,4.267398,-0.063394725
0,0,0,0,1,-1.5160136,0.6092826
0,0,0,0,1,-0.17474747,0.034938294
1,1,0,0,0,4.542875,0.40839022
0,0,0,0,1,-0.5464196,0.00028971513
0,0,0,0,1,0.28299332,-1.0591918
0,0,0,0,1,-1.9976368,-0.1910738
0,1,0,0,0,6.6116223,-0.027114622
0,1,0,0,0,6.147227,-1.0255002
0,1,0,0,0,4.09241,0.50735694
0,0,0,0,1,0.3587904,-0.16372006
0,0,0,0,1,0.2023778,-0.23724537
0,0,0,0,1,-0.64495707,0.25968757
1,1,0,0,0,5.756441,0.44239542
0,0,0,0,1,-1.1037977,-0.37729263
0,0,0,0,1,-0.6133652,-0.23357923
0,0,0,0,1,-1.2061858,-0.0058381413
1,0,0,0,0,-0.2814777,0.78145397
0,0,0,0,1,0.56145,-0.12853591
0,0,1,1,0,-1.18116,0.94275427
1,1,0,0,0,8.325308,0.67865354
0,0,0,1,1,-0.44422936,-0.01583747
0,0,0,1,0,-2.765592,0.100520276
0,0,0,1,0,-3.6038628,0.2995622
0,0,0,0,1,0.18139195,-0.022755392
1,1,0,0,0,6.0283074,0.16051793
0,0,0,0,1,0.8118048,-0.54804605
0,0,0,0,1,0.4422636,-0.15027744
0,0,0,0,0,-2.5243316,0.7810113
0,0,1,0,1,-1.2102258,0.02904015
0,1,0,0,0,4.4886227,0.12158692
1,0,1,1,0,-0.029482841,0.98159903
0,0,0,0,1,0.009478092,-0.7023638
0,0,0,0,1,0.08617878,-0.83289087
0,0,0,0,1,-0.76614666,-0.5125976
0,0,0,0,1,-1.0078411,0.02370688
0,0,0,0,1,0.5138707,-0.5571251
0,0,0,0,1,-0.6212573,0.3010104
0,0,0,0,1,-0.88153243,0.5761132
0,0,0,0,1,0.15085268,0.2595888
0,0,0,0,0,-2.2057152,0.10226804
0,0,0,0,1,-1.0150819,0.24123107
1,1,0,0,0,8.52684,-1.0353866
0,0,0,0,1,-0.004790306,-0.2872928
0,0,0,0,1,-1.2539644,-0.24345787
0,0,0,0,1,0.053713083,-0.5367525
0,0,0,0,1,-0.009478092,-0.5155041
0,0,0,0,1,-0.8163481,-0.10316451
0,0,0,0,1,-1.3513639,-0.14585029
0,0,0,0,1,-1.0400248,-0.28926063
0,0,0,0,1,0.28351688,-0.2736493
0,0,0,0,1,0.45996284,0.118467495
0,0,1,0,1,-0.41840696,0.12918319
0,0,0,0,1,-0.2409606,0.06745379
0,0,0,0,1,0.44025898,0.19113505
1,1,0,0,1,10.64639,-0.08163464
0,0,0,1,1,-0.2453785,0.187775
0,0,0,1,1,0.7202463,-0.3783384
0,0,0,0,1,1.1794667,-0.82717544
1,1,0,0,1,10.837855,0.4431982
0,0,0,1,1,-0.03706503,0.23296559
0,0,0,0,0,-1.6351886,0.5045608
0,0,0,0,1,0.07794428,-0.24374646
0,0,0,0,1,0.0,0.0
0,0,0,0,1,-0.21094728,-0.3044876
0,0,0,0,1,0.08070946,-0.4187837
0,0,0,1,0,-4.106211,-0.945193
0,0,0,0,1,-1.4746068,0.047259975
0,0,0,0,1,-1.227613,0.13990892
0,0,0,0,1,-1.9455957,0.37021837
0,0,0,0,1,-1.4443362,-0.22941157
0,0,0,1,0,-3.798299,0.46431392
0,0,0,0,1,0.16831565,0.3213084
0,1,0,0,0,4.202007,-0.03135615
0,0,0,1,1,0.43362904,-0.33212712
0,0,0,0,0,-2.0428083,0.14502916
0,0,0,1,0,-3.569978,-0.50169307
0,0,0,1,0,-3.9374425,-0.78181165
0,0,0,0,0,1.8629487,0.6249846
0,0,0,0,1,-0.97234035,0.19665448
1,0,0,1,1,-3.63186,-0.7168501
0,0,0,0,1,0.7743807,0.016642634
0,1,0,0,0,5.6252565,0.03108039
1,1,0,0,0,5.4182086,0.17115372
0,1,0,0,0,5.3001466,-0.32573453
0,0,0,1,0,-3.9060283,-0.6678776
1,1,0,0,0,4.554101,0.23690715
1,1,0,0,0,10.128631,0.34700492
0,0,0,0,0,-2.1376617,-0.8972746
0,0,0,0,1,0.113955736,-0.07834612
0,0,0,0,1,2.2678084,0.38881353
0,0,1,0,1,1.9567771,0.016271902
1,1,0,0,0,7.798862,-1.0403666
0,0,0,1,0,-2.9651368,-0.30629417
0,0,0,0,1,0.038363934,0.4768971
0,0,0,1,0,-2.1021202,-0.22918698
0,0,0,0,0,-2.800786,0.50920147
0,0,0,0,1,0.35463738,0.0805936
1,1,0,0,0,9.749666,0.24630086
1,1,0,0,0,8.248201,0.025834376
0,0,0,0,1,-0.21575141,0.25892588
1,0,0,0,0,-0.17056847,0.6853096
1,0,0,1,1,-5.5980444,-0.57124406
1,0,0,1,1,0.8187003,-0.6230567
0,0,0,1,0,-3.318247,-0.18783514
0,0,0,0,1,0.7709694,-0.7066615
0,0,0,1,0,-3.4872985,-0.70644796
1,1,0,0,0,4.533957,0.39950868
0,0,0,0,1,0.48922825,-0.69998056
0,0,1,1,0,-2.2324193,-0.019836748
0,0,0,0,0,-2.3504176,0.3622797
0,0,0,1,0,-2.8633764,-0.17520249
0,0,0,0,1,0.46438217,-0.011024169
0,0,0,0,0,-2.0757227,-0.6007618
0,0,0,0,1,-2.359664,-0.32671228
1,1,0,0,1,10.90488,-0.7213981
0,0,0,0,1,0.06989622,-0.29239884
0,0,0,0,1,-0.45322323,0.33319318
0,0,0,0,1,0.4601748,-0.047913954
0,0,0,0,1,0.22785044,-0.14720713
0,0,0,0,1,0.3307593,-0.061683856
0,0,0,0,1,0.59052134,0.25104618
0,0,0,0,1,0.3011341,-0.38052368
0,0,0,0,1,0.03969431,-0.0018275481
1,1,0,0,0,4.1682096,0.8033557
0,0,0,0,1,-0.32338166,0.13774286
0,0,0,1,0,-3.0647993,0.2209974
0,0,0,1,0,-1.3427346,-0.07237711
0,0,0,0,1,-0.43798208,0.517616
0,0,0,0,1,0.042251587,0.5775648
0,0,0,0,0,-2.554729,0.18553549
0,0,0,0,0,-0.6435623,0.73885673
0,0,0,0,1,-0.08982134,0.07765165
0,0,0,0,1,0.5515418,-0.18292044
0,1,0,0,0,6.8070564,-0.04978907
0,0,0,0,1,1.3553791,-0.43925008
0,0,0,1,1,0.60101056,-0.20019302
0,0,0,0,1,0.10463858,0.28746155
0,0,0,0,1,2.893554,0.17410494
0,0,0,0,1,0.12514925,0.27051312
0,0,0,0,1,-0.39763737,0.3013792
0,0,0,1,0,-2.3217363,0.6650112
0,0,0,0,1,-1.6905694,0.06929546
0,0,0,0,1,-0.18556881,-0.9476812
0,0,0,0,1,-0.6336293,-0.03153818
0,1,0,0,0,6.8077006,0.03818021
0,0,0,0,1,-0.27840614,0.19955516
0,0,0,0,1,-0.49293756,-0.8917229
0,0,0,0,1,-0.45572662,0.5032559
0,0,0,0,1,-0.104519844,-0.02813598
0,0,0,0,1,0.10637283,-0.63521206
0,0,0,0,1,0.17214823,-0.7129459
1,0,1,0,0,-0.19387674,0.96477395
0,0,0,0,1,0.8881831,-0.28309438
0,0,0,1,0,-3.751607,-0.90828556
0,0,0,1,0,-2.5079837,-0.048983283
0,0,0,0,1,0.13286114,-0.9413556
1,0,0,1,0,-3.394073,0.28739294
0,0,0,1,0,-3.8998234,-0.88445145
0,0,0,1,0,-4.5427155,-0.85372764
0,0,0,0,1,0.83591056,-0.5994601
0,0,0,0,1,0.53653526,-0.5087217
0,0,0,1,0,-2.8614902,-0.4458079
0,0,0,1,0,-3.0724611,-0.5737765
1,1,0,0,1,10.706719,0.21179527
0,0,0,1,0,-4.256529,-0.8512452
0,0,0,0,1,0.2857759,-0.36076334
0,0,0,0,1,0.4080944,0.045773543
0,0,0,0,1,-0.11836052,0.2816221
0,0,0,1,0,-2.0762322,0.48080817
0,0,0,1,0,-2.7337663,-0.31715834
0,0,0,0,1,-0.8610506,0.06636607
0,0,0,0,1,-0.068007946,0.08515609
0,0,0,1,0,-3.2277339,-0.6773384
0,0,0,1,0,-4.034062,0.04988995
0,0,0,0,1,0.58031607,-0.11148787
0,0,0,0,1,-1.1153669,-0.08428471
0,0,0,0,1,-1.5019653,0.1910646
0,0,0,0,1,0.5382252,0.08378717
0,0,0,0,1,0.50452733,0.17874533
0,0,0,0,0,-1.7869949,-0.5892481
0,0,0,0,0,-2.331781,-0.5149994
0,0,0,0,1,-0.35305738,0.2988699
0,1,0,0,0,5.5297017,-0.21878721
0,0,0,0,1,0.06996369,0.3595474
0,0,0,0,0,-1.7258017,0.40030313
0,0,0,0,1,-0.55650187,-0.7705216
0,0,0,1,1,-0.110100746,0.42842522
0,0,0,0,1,0.91938114,-0.35151476
0,0,0,0,1,-0.01585579,0.16925152
0,0,0,1,0,-3.3981056,-0.6311773
0,0,0,1,1,1.0276074,-0.16450314
0,0,0,0,1,0.52965975,0.027902627
0,0,0,1,0,-2.4313083,0.0043120217
0,0,0,1,0,-2.7494833,-0.15840885
0,0,0,0,1,-0.031167507,0.16117573
0,0,0,0,1,-0.32765603,-0.8535659
0,0,0,0,1,0.13281918,-0.48869973
0,0,0,0,1,-0.2519455,-0.6979213
0,0,0,0,1,0.09510374,-0.035338894
0,0,0,0,1,-0.96966815,0.46575513
0,0,0,0,1,0.2796445,0.18511602
0,0,0,0,1,-0.6185868,-0.57504517
0,0,0,0,1,-1.3098311,-0.83829296
0,0,0,0,1,0.17346239,0.26284704
0,0,0,0,1,0.06891346,-0.57656044
0,0,0,0,1,0.23611021,-0.47985262
1,1,0,1,0,8.957777,-0.021573346
1,1,0,0,0,8.23024,-0.17623673
0,0,0,0,1,-0.18581605,0.14949861
1,1,0,0,0,8.6867075,-0.22113505
0,0,0,0,1,0.35877156,-0.11974766
1,1,0,0,0,9.455677,0.618586
1,0,0,0,1,0.2651329,0.59531015
0,0,0,0,1,0.44628668,0.028278215
0,0,0,0,0,-1.7219281,-0.13312171
0,0,0,0,1,-1.7675762,0.043557066
0,0,0,0,1,-2.4926565,0.16215725
0,0,0,0,1,0.70510244,0.0018275481
0,0,0,0,1,0.79312754,-0.17217053
0,0,1,0,1,0.26154733,0.11093584
0,0,0,1,1,0.42643547,-0.44347537
0,0,0,0,1,0.11474371,0.012713356
0,1,0,0,0,4.2008557,-0.61790586
0,0,0,1,1,0.14300442,0.06293981
0,0,0,1,1,0.040786743,-0.113251075
0,0,0,0,0,-0.62300444,0.767334
0,0,0,0,1,3.8067784,-0.36283302
0,0,0,1,0,-2.327944,0.517814
1,0,0,1,0,0.20711613,0.579428
0,0,0,0,1,0.8388257,-0.19810942
1,1,0,0,1,10.457511,-0.6491287
0,0,0,0,0,-1.8669949,0.7944974
0,0,0,0,1,0.0012106895,0.0029877373
1,1,0,0,1,10.792392,-1.0216496
0,0,1,0,1,-0.15857601,0.12502116
0,0,0,0,1,-5.888939e-05,-0.8096794
0,1,0,0,0,5.6356435,-0.30757642
0,0,0,0,0,-2.1151776,0.51325285
0,0,0,0,1,0.10135937,-0.1896904
0,0,0,1,0,-3.1324499,0.18483986
1,1,0,0,0,8.352608,-0.4132208
0,0,0,0,1,-0.9578619,-0.032686777
0,0,0,0,1,0.21787024,-0.3240542
0,0,0,1,1,-0.046607494,0.44968933
0,0,0,0,1,0.32308912,-0.8005572
0,0,0,0,1,0.7891679,-0.103717245
0,0,0,0,0,-2.4121614,-0.68229365
0,0,0,0,1,-1.447247,0.2745103
0,0,0,0,1,-0.41758323,0.2698924
0,0,0,0,1,1.0863166,-0.03808949
0,0,0,0,1,-0.20261192,-0.24756974
0,0,0,0,1,-0.5408068,0.43992198
0,0,0,1,0,-0.52374697,0.29298615
0,0,0,0,1,0.08915591,-0.6362253
0,0,0,1,0,-3.8342054,-0.7546411
0,0,0,0,1,0.27331257,-0.55441445
0,0,0,0,1,0.68375444,-0.21257664
0,0,0,0,1,3.781578,-0.8390235
0,0,0,1,0,-3.5510116,-0.85132974
0,0,0,1,0,-4.189415,-0.39895958
0,0,0,0,1,-1.5979662,-0.3987278
0,0,0,0,1,-1.9644666,-0.23583622
0,0,0,0,1,0.46881008,0.31224516
0,0,0,1,0,-3.4179595,-0.6033702
0,0,0,0,1,0.7462354,0.11061502
1,0,0,0,0,0.103028774,0.73296684
0,0,0,1,0,-2.9933467,-0.20895731
0,0,0,1,0,-3.0671148,0.22347188
0,0,0,0,1,0.5128224,-0.41551384
0,0,0,0,1,0.38874245,-0.86788666
0,0,0,1,0,-2.630526,-0.16332875
0,0,0,0,1,0.49788523,-0.89801544
0,0,1,0,1,-1.2054632,0.025564907
1,1,0,0,0,8.259188,-0.08365452
0,0,0,0,0,-1.45807,0.056051865
0,0,0,0,0,-2.109525,0.30761757
0,0,0,0,1,0.44261432,-0.31055927
0,0,0,0,1,0.6354308,-0.13095483
0,0,0,0,1,0.505903,-0.31422004
0,0,0,0,1,0.8396063,-0.08596715
0,0,0,0,1,-0.10921168,0.06414942
0,0,0,0,1,3.5509322,0.009951925
0,0,0,0,1,-0.414608,0.2857488
0,1,0,0,0,4.6620855,0.02347395
1,1,0,0,0,4.6528068,0.34464738
1,1,0,0,0,4.130038,0.68792987
0,0,0,0,1,0.58315396,0.28558326
0,0,0,0,1,0.7030282,-0.25777793
0,0,0,0,1,0.38399935,-0.75076336
0,0,0,0,1,0.38911343,-0.07450155
0,0,0,0,1,-0.022074938,0.35354665
0,0,0,0,1,0.76545453,-0.23459117
1,1,0,0,1,9.748356,-0.1465942
1,0,0,1,0,-5.893354,-0.89196324
0,0,0,0,1,-0.83775806,0.12723449
0,0,0,0,1,0.26494884,-0.5029698
0,0,1,1,1,-0.18818235,0.003697513
1,1,0,0,1,9.82683,-0.8670723
1,1,0,0,0,7.83604,0.1664225
0,0,0,0,1,-0.3449607,0.44951516
0,0,0,1,0,-3.310172,0.12095421
0,0,0,0,1,-0.45342255,-0.8302858
0,0,0,0,1,0.6279309,0.13649733
0,1,0,0,0,4.839886,-0.72523546
0,0,0,0,1,-0.015176773,0.31006798
0,0,0,0,1,1.1264701,0.3062076
0,0,0,0,0,-2.7934775,0.4546276
0,0,0,1,0,-3.3512254,-0.425855
0,0,0,1,1,0.3086834,-0.6181123
1,1,0,0,0,4.9067135,0.47922596
1,1,0,0,0,8.193195,0.26418266
0,0,0,0,1,0.10407925,0.08728991
0,0,0,1,0,-2.1070058,-0.31627384
0,0,0,0,1,-0.1390698,0.1465726
1,1,0,0,0,10.2177925,0.058241617
0,0,0,0,0,-1.709681,0.82021105
0,0,0,0,1,-0.18853903,-0.67879474
0,0,0,1,0,-2.641509,-0.41903737
0,0,0,1,0,-2.7339091,0.2879235
0,0,0,1,1,-0.21270609,-0.7676043
0,0,0,0,1,-0.31742144,0.1906234
0,0,0,0,1,-0.12645054,-0.2706038
0,0,0,0,0,-2.1109753,0.17769939
0,0,0,0,1,0.0062503815,-0.65516526
0,0,0,0,1,-1.4539514,0.053240594
0,0,0,0,1,0.21915054,-0.16140927
0,0,0,0,1,-0.3356886,0.1221502
0,0,0,0,1,-0.43065286,0.49926057
0,0,0,0,1,-0.41149092,0.5937243
0,0,0,1,1,-0.17177439,0.48715675
0,1,0,0,0,8.253063,0.41777164
0,0,0,0,1,0.113235,0.21262321
1,1,0,0,1,9.451231,-0.6494857
0,0,0,0,0,-1.8852093,0.40974325
0,0,0,0,1,0.33338594,-0.054277863
0,0,0,0,0,-1.7626784,-0.66081667
0,0,0,0,1,-1.8365202,-0.28283304
0,0,0,0,0,-2.6309028,0.2745427
0,0,0,0,1,0.019145966,-0.197874
0,0,0,0,1,-0.68882656,0.080137685
1,1,0,0,0,9.782444,0.21352762
1,1,0,0,0,9.960979,0.28806832
0,0,0,0,1,0.112891674,-0.8199825
1,1,0,0,0,6.821742,0.013481756
1,1,0,0,0,6.768726,0.48045108
0,0,0,0,1,0.49655962,0.17735438
1,1,0,0,0,6.6188745,0.10516566
0,0,0,0,1,0.3757,0.21244437
0,0,0,1,0,-3.832395,-0.22968344
0,0,0,1,0,-1.1858788,0.40530062
0,0,0,0,1,0.02889061,-0.96288025
0,0,0,1,1,0.12276316,0.06388784
0,0,0,0,1,-0.2911644,0.10139326
0,0,0,1,0,-2.5938184,-0.12066013
0,0,0,0,1,0.22584581,-0.6255381
0,0,0,0,1,0.19515705,-0.60585725
0,0,0,0,1,-0.45186687,0.3141604
0,0,0,0,1,-0.08900595,-0.56523263
0,0,0,0,1,-0.2386148,-0.28127247
0,0,0,0,1,0.47995973,-0.6715938
0,0,0,0,1,0.63779974,0.08343187
1,0,0,0,0,-0.604414,0.8219653
0,0,0,1,0,-3.2087476,-0.13680045
1,1,0,0,0,6.332164,0.06715945
1,1,0,0,1,10.104963,-0.33284503
0,0,0,0,1,-0.53571224,0.534697
1,1,0,0,1,10.60548,-0.87746006
0,0,0,0,1,0.70080805,0.018275287
0,0,0,0,1,-0.019133568,-0.12568472
0,0,1,0,1,-0.41683102,0.06949842
0,0,0,0,1,0.55062795,0.09839144
1,1,0,0,0,9.941961,0.007025043
1,1,0,0,0,9.439541,0.27842253
1,1,0,0,0,6.673873,0.38611397
