{
  "study": "S10d_followup",
  "ticket": "1781013102.1034.262365d2",
  "worker": "testbeam-laptop-4",
  "title": "reconcile template-fit and empirical live-time thresholds",
  "reproduced_first": true,
  "reproduction": {
    "s10c_live10_template_ns": 124.79018394263471,
    "topology_checks_passed": 6,
    "topology_checks_total": 6
  },
  "traditional_method": "leave-one-run-out exponential template tail fit plus direct empirical last-above operation",
  "ml_method": "leave-one-run-out standardized Ridge pulse-shape regressor",
  "thresholds": {
    "5pct": {
      "target": "5pct",
      "label": "5%",
      "template_fit_ns": 141.0557117938371,
      "template_fit_ci95_low_ns": 139.2315968172613,
      "template_fit_ci95_high_ns": 142.99454639712746,
      "empirical_last_above_ns": 124.87810615613058,
      "empirical_ci95_low_ns": 122.4652952318232,
      "empirical_ci95_high_ns": 127.03360197084977,
      "ml_pred_ns": 124.75498010671699,
      "ml_pred_ci95_low_ns": 122.55143504057398,
      "ml_pred_ci95_high_ns": 126.74953403766025,
      "template_minus_empirical_ns": 16.17760563770652,
      "template_minus_ml_ns": 16.30073168712012,
      "sampled_template_cross_ns": 137.84638349472246,
      "last_finite_template_tail_ns": 164.98832642074325,
      "fit_minus_last_finite_tail_ns": -23.932614626906147,
      "observable_end_mean_ns": 130.28081224020798,
      "fit_minus_observable_end_ns": 10.774899553629126,
      "censored_last_sample_fraction": 0.9352692958384735,
      "diagnosis": "template exponential extrapolates past the per-pulse acquisition window"
    },
    "10pct": {
      "target": "10pct",
      "label": "10%",
      "template_fit_ns": 124.79018394263471,
      "template_fit_ci95_low_ns": 123.3265566127065,
      "template_fit_ci95_high_ns": 126.30942430680561,
      "empirical_last_above_ns": 123.25552601769233,
      "empirical_ci95_low_ns": 120.60222657362698,
      "empirical_ci95_high_ns": 125.76330957447175,
      "ml_pred_ns": 123.21520754849443,
      "ml_pred_ci95_low_ns": 120.67337835175188,
      "ml_pred_ci95_high_ns": 125.59994192230515,
      "template_minus_empirical_ns": 1.5346579249423797,
      "template_minus_ml_ns": 1.574976394140279,
      "sampled_template_cross_ns": 137.1550468361713,
      "last_finite_template_tail_ns": 164.98832642074325,
      "fit_minus_last_finite_tail_ns": -40.19814247810857,
      "observable_end_mean_ns": 130.28081224020798,
      "fit_minus_observable_end_ns": -5.4906282975732665,
      "censored_last_sample_fraction": 0.8630373869324725,
      "diagnosis": "template crossing and empirical operation agree within 10 ns"
    },
    "20pct": {
      "target": "20pct",
      "label": "20%",
      "template_fit_ns": 101.86521002119034,
      "template_fit_ci95_low_ns": 100.92467427658114,
      "template_fit_ci95_high_ns": 102.84508793777903,
      "empirical_last_above_ns": 119.0300244680748,
      "empirical_ci95_low_ns": 115.3311959353438,
      "empirical_ci95_high_ns": 122.63347503032237,
      "ml_pred_ns": 119.1803543650311,
      "ml_pred_ci95_low_ns": 115.67133020727512,
      "ml_pred_ci95_high_ns": 122.47234851437909,
      "template_minus_empirical_ns": -17.164814446884463,
      "template_minus_ml_ns": -17.31514434384077,
      "sampled_template_cross_ns": 135.057970036469,
      "last_finite_template_tail_ns": 164.98832642074325,
      "fit_minus_last_finite_tail_ns": -63.123116399552934,
      "observable_end_mean_ns": 130.28081224020798,
      "fit_minus_observable_end_ns": -28.415602219017643,
      "censored_last_sample_fraction": 0.7388853651837736,
      "diagnosis": "empirical last-above is inflated by late samples/noise relative to smooth crossing"
    },
    "noise_floor": {
      "target": "noise_floor",
      "label": "noise floor",
      "template_fit_ns": 161.18335762759685,
      "template_fit_ci95_low_ns": 158.8418714824354,
      "template_fit_ci95_high_ns": 163.45665028164387,
      "empirical_last_above_ns": 120.37181019387364,
      "empirical_ci95_low_ns": 116.47602465440978,
      "empirical_ci95_high_ns": 123.82582025694612,
      "ml_pred_ns": 120.29899988935708,
      "ml_pred_ci95_low_ns": 117.01787826977555,
      "ml_pred_ci95_high_ns": 123.31591858033971,
      "template_minus_empirical_ns": 40.811547433723206,
      "template_minus_ml_ns": 40.88435773823977,
      "sampled_template_cross_ns": 138.40272940029732,
      "last_finite_template_tail_ns": 164.98832642074325,
      "fit_minus_last_finite_tail_ns": -3.8049687931464127,
      "observable_end_mean_ns": 130.28081224020798,
      "fit_minus_observable_end_ns": 30.90254538738887,
      "censored_last_sample_fraction": 0.9235921476515753,
      "diagnosis": "template exponential extrapolates past the per-pulse acquisition window"
    }
  },
  "leakage_flags": 0,
  "input_sha256": {
    "hrdb_run_0044.root": "0ac6d667ebf7c1b47d037dde649e5977cdc6012d80abb6a311516bc67d03ad50",
    "hrdb_run_0045.root": "b7bf2921edc3f776390cf50efe6901cb99f9807d7ae04ab5d8925348b74eb96b",
    "hrdb_run_0046.root": "7a1f8b5c0e478739401425f3e80bb5469433064137ccbd30266f8e42da135bf3",
    "hrdb_run_0047.root": "f73d9328de01147826d0c142caa38baa7d6577ce88b6c6566b57039919015bc3",
    "hrdb_run_0048.root": "73de7b2c54394585869fce573aeeae1075af130741524484dd79a6823183eaf8",
    "hrdb_run_0049.root": "78de20d813d501dfc9881ec9ee7e8297a9c26929d6ed71400238ca4f29664744",
    "hrdb_run_0050.root": "5fa46e1f0ab4eb605501ccf952bfca46eb46be2dffd66672beadd01305dfe799",
    "hrdb_run_0051.root": "6ffc099d12f495df759033caef8c53c05aa24acada928392afe796f3a72c011e",
    "hrdb_run_0052.root": "3305bb0a1604afe6c83783d0e5d576d729c217c203eedf3bc44f304dab5fe0af",
    "hrdb_run_0053.root": "62307716ee4b31dc7ab0b114401e684508d6f18beb59721a50a9aeddf4feb43c",
    "hrdb_run_0054.root": "445650d124d7758e8d3a69d2c3e215e9b95f3acccc213fd9c14bbabacc763e5c",
    "hrdb_run_0055.root": "134da5c9a3acb056d5bbed66f057110c506c43d3e0524936906002e56d74007c",
    "hrdb_run_0056.root": "4f99f5168a4c02c6d6c2984a53ce979dbfce7ce2790fed220d6957194135d3cb",
    "hrdb_run_0057.root": "ed7c738068ecb1f6b71ce76da170fc280262a84571fe2ba6129e5015b0b4de16"
  },
  "git_commit": "ececfe3bed118e4d6f606af81dfe83bc3da5b29a",
  "runtime_sec": 41.0
}