{
  "finding": "ExtraTrees improves held-out q/tail-shape MSE over the empirical template, but the shuffled-live10 control is not worse than real ML live10, so P10f does not promote the live-time transfer as trustworthy.",
  "git_commit": "dd82f8c2151c161316f1f3f96aeb85cc29335b77",
  "heldout_summary": [
    {
      "live10_abs_error_ns": 25.6640612778,
      "live10_abs_error_ns_ci95": [
        23.3954855364,
        27.7942577303
      ],
      "live10_bias_ns": 19.4831154805,
      "live10_bias_ns_ci95": [
        16.9090577481,
        21.8852149537
      ],
      "live20_abs_error_ns": 25.3171653497,
      "live20_abs_error_ns_ci95": [
        23.3834671172,
        27.1453213021
      ],
      "method": "ml_et_tail_surrogate",
      "n_rows": 20962,
      "n_runs": 21,
      "q_template_mse": 0.1370147402,
      "q_template_mse_ci95": [
        0.1195953661,
        0.1528052174
      ],
      "tail_mse": 0.2175240792,
      "tail_mse_ci95": [
        0.1853067197,
        0.2461365494
      ]
    },
    {
      "live10_abs_error_ns": 26.1152860039,
      "live10_abs_error_ns_ci95": [
        23.9450447375,
        28.0675814175
      ],
      "live10_bias_ns": 23.315917539,
      "live10_bias_ns_ci95": [
        21.0770048738,
        25.4189008032
      ],
      "live20_abs_error_ns": 21.4112220086,
      "live20_abs_error_ns_ci95": [
        19.4788095274,
        23.09388867
      ],
      "method": "traditional_empirical_template",
      "n_rows": 20962,
      "n_runs": 21,
      "q_template_mse": 0.1647291405,
      "q_template_mse_ci95": [
        0.1446098163,
        0.1839102559
      ],
      "tail_mse": 0.2570900749,
      "tail_mse_ci95": [
        0.2206486278,
        0.2919219336
      ]
    }
  ],
  "input_sha256": "input_sha256.csv",
  "leakage_audit": {
    "heldout_absent_from_train": true,
    "no_run_or_event_features": true,
    "real_ml_live10_abs_error_ns": 26.184639330706748,
    "shuffled_live10_abs_error_ns": 23.076646539499713,
    "too_good_triggered": false,
    "train_eval_key_overlap": 0
  },
  "methods": [
    "ml_et_tail_surrogate",
    "traditional_empirical_template"
  ],
  "ml_minus_traditional_deltas": [
    {
      "comparison": "ml_et_tail_surrogate minus traditional_empirical_template",
      "delta": -0.0277144003,
      "delta_ci95": [
        -0.0304533779,
        -0.0252163079
      ],
      "metric": "q_template_mse"
    },
    {
      "comparison": "ml_et_tail_surrogate minus traditional_empirical_template",
      "delta": -0.0395659957,
      "delta_ci95": [
        -0.0445499584,
        -0.0348975707
      ],
      "metric": "tail_mse"
    },
    {
      "comparison": "ml_et_tail_surrogate minus traditional_empirical_template",
      "delta": -0.4512247261,
      "delta_ci95": [
        -0.7665909446,
        -0.1577398018
      ],
      "metric": "live10_abs_error_ns"
    },
    {
      "comparison": "ml_et_tail_surrogate minus traditional_empirical_template",
      "delta": 3.9059433411,
      "delta_ci95": [
        3.5362354784,
        4.2528025333
      ],
      "metric": "live20_abs_error_ns"
    }
  ],
  "reproduced": true,
  "runtime_sec": 348.243,
  "s10b_anchor_recomputed_live10_ns": 124.79018394263471,
  "split": "leave-one-analysis-run-out; run-bootstrap confidence intervals",
  "study": "P10f",
  "ticket_id": "1781021825.1891.293d03cc",
  "worker": "testbeam-laptop-1"
}
