{
  "study": "P07",
  "clean_train": 40000,
  "clean_test": 39413,
  "train_runs": [
    58,
    59,
    60,
    61
  ],
  "test_runs": [
    62,
    63,
    65
  ],
  "split": "by-run",
  "rows": [
    {
      "ceiling_adc": 4000.0,
      "n_saturating_test": 8873,
      "clipped_samples_median": 3.0,
      "naive": {
        "bias": -0.20334594702250547,
        "res68": 0.26375580228511,
        "frac_within10": 0.17581426800405725
      },
      "traditional": {
        "bias": 0.051424741166849836,
        "res68": 0.10436827496889789,
        "frac_within10": 0.6531049250535332
      },
      "ml": {
        "bias": 0.0010741490835048677,
        "res68": 0.03243177807776981,
        "frac_within10": 0.9750929786994252
      }
    },
    {
      "ceiling_adc": 3000.0,
      "n_saturating_test": 20254,
      "clipped_samples_median": 7.0,
      "naive": {
        "bias": -0.25512104283054005,
        "res68": 0.34619441533049,
        "frac_within10": 0.13631875185148612
      },
      "traditional": {
        "bias": 0.007790340969065781,
        "res68": 0.23938418405096265,
        "frac_within10": 0.4189789671176064
      },
      "ml": {
        "bias": -0.0018874871034178175,
        "res68": 0.03876520182345995,
        "frac_within10": 0.9523057173891577
      }
    },
    {
      "ceiling_adc": 2500.0,
      "n_saturating_test": 27971,
      "clipped_samples_median": 7.0,
      "naive": {
        "bias": -0.30834140268363536,
        "res68": 0.40305635148042024,
        "frac_within10": 0.07125236852454328
      },
      "traditional": {
        "bias": -0.09774518171162935,
        "res68": 0.23304421647522966,
        "frac_within10": 0.345715205033785
      },
      "ml": {
        "bias": -0.005706840018891276,
        "res68": 0.04211127384222838,
        "frac_within10": 0.9434056701583783
      }
    },
    {
      "ceiling_adc": 2000.0,
      "n_saturating_test": 33823,
      "clipped_samples_median": 7.0,
      "naive": {
        "bias": -0.4072317723770006,
        "res68": 0.49302915082382764,
        "frac_within10": 0.03864234396712296
      },
      "traditional": {
        "bias": -0.17646206995270491,
        "res68": 0.2861081876388038,
        "frac_within10": 0.17706885846908907
      },
      "ml": {
        "bias": -0.003901504138510145,
        "res68": 0.046166939244736555,
        "frac_within10": 0.9348076752505692
      }
    }
  ],
  "git_commit": "251e2c18d0119bd4cebe7ae427ad2345ad0e9e14",
  "runtime_sec": 39.1
}