target,method,subset,n,bias_median_frac,res68_abs_frac,full_rms_frac,within_10pct
duplicate_odd_charge,integral_calibrated,p04_heldout_runs_57_65,26857,-0.09118454757895615,0.1954122908748589,1.6637384425713868,0.40332129426220353
duplicate_odd_charge,ml_hgb,p04_heldout_runs_57_65,26857,0.0006793504828024706,0.015283547958006037,0.04585526879364233,0.9696168596641471
