subset,n,fraction,external_gross_tail_rate,external_gross_tail_ci_low,external_gross_tail_ci_high,external_clean_rate,external_clean_ci_low,external_clean_ci_high
q_template_gate_accepted,5728,0.5787612407800343,0.14123603351955308,0.0806593332187816,0.27138599001682495,0.858763966480447,0.7371640686661405,0.9185580724644011
q_template_gate_rejected,4169,0.4212387592199656,0.360997841208923,0.29035942781639856,0.4792400339878381,0.639002158791077,0.5232021996494105,0.7180543394594628
