method,n_pair_residuals,n_events,n_runs,median_ns,sigma68_ns,full_rms_ns,tail_frac_abs_gt5ns,mae_ns,sigma68_ci_low,sigma68_ci_high,tail_ci_low,tail_ci_high,mae_ci_low,mae_ci_high
raw_cfd20,750,250,4,-3.089604531139617,3.1102719146633393,5.655888249564855,0.06533333333333333,2.803779621640116,2.955036607160726,3.293386037710557,0.04651913650075415,0.09039636127355424,2.356547833225683,3.4601823141711643
traditional_ridge_lowering,750,250,4,-3.0763978500090388,3.2399184729301758,5.435952278178058,0.10533333333333333,2.8536263137962643,3.006670445256618,3.4792793245935503,0.06498516949152543,0.1324200913242009,2.395647416930674,3.4776232847793964
ml_rf_lowering,750,250,4,-3.2456055714793624,2.7745111307920647,5.023736678697373,0.052,2.495588515568403,2.573717247101348,2.9267790621994636,0.031684695512820514,0.07680947993447992,1.9955207154517405,3.215428534706926
ml_shuffled_target_control,750,250,4,-2.801332529815611,3.10512586313165,5.707468478403274,0.07333333333333333,2.855030725012133,2.972796354846984,3.31176762622186,0.049209823646299056,0.09658742646756342,2.3815837427904833,3.580895779794078
ml_intentional_residual_oracle,750,250,4,-4.218208369571826,2.568940518633896,4.170591789925321,0.014666666666666666,2.034690251220393,2.565402327794861,2.570971542250087,0.002788088901340057,0.029168115942028977,1.7268142306729175,2.439302739800736
