feature,coefficient_ns_per_raw_unit,standardized_coefficient_ns
stave_B4,-3.9991824626944346,-1.8852326923823353
stave_B8,2.200068180837422,1.0371220864952437
stave_B6,1.7991142818587227,0.8481106058878976
log_amp,-1.475834168366551,-0.48203075769090875
inv_amp_1000,-2.4789471255934203,-0.3524077669927904
inv_sqrt_amp_1000,0.21314661208905625,0.02245654051531617
