dropped_family,method,sigma68_ns,loss_when_dropped_ns,delta_vs_analytic_ns,delta_ci_low,delta_ci_high,interpretation
pretrigger,hgb_no_pretrigger,1.3427108148471028,0.002091393279080922,-0.15195573440412935,-0.2331180003130005,-0.09561500097190911,survives_ci
q_template,hgb_no_q_template,1.3747346738255417,0.03411525225751988,-0.11993187542569039,-0.21940334897677533,-0.04986061745173591,survives_ci
stave,hgb_no_stave,2.380732738971094,1.0401133174030723,0.8860661897198621,0.5806856613435439,1.1091137443981423,does_not_clear_ci
peak_phase,hgb_no_peak_phase,1.3420208225159305,0.0014014009479086376,-0.15264572673530163,-0.24410808395813288,-0.10932568584970095,survives_ci
saturation,hgb_no_saturation,1.3313304471367833,-0.00928897443123855,-0.16333610211444882,-0.2476213092712359,-0.09427004807723506,survives_ci
anomaly,hgb_no_anomaly,1.3651320881764941,0.02451266660847229,-0.12953446107473798,-0.19116284302349934,-0.07041117518782039,survives_ci
