method,n_pair_residuals,n_events,n_runs,median_ns,sigma68_ns,full_rms_ns,tail_frac_abs_gt5ns,mae_ns,sigma68_ci_low,sigma68_ci_high,tail_ci_low,tail_ci_high,mae_ci_low,mae_ci_high
raw_cfd20,750,250,4,-3.089604531139617,3.1102719146633393,5.655888249564855,0.06533333333333333,2.803779621640116,2.9547656484953304,3.3019163408775825,0.043549679487179485,0.09450328271713612,2.3406457937906953,3.4639642034563956
traditional_ridge_lowering,750,250,4,-2.900592820980049,3.116318879403108,5.319793754470843,0.084,2.7521807441663446,2.9338643254043055,3.326416173212972,0.05168598130841121,0.10958302285146546,2.3312452335044593,3.3679269632034496
ml_rf_lowering,750,250,4,-3.2295107238718517,2.7599812815714904,5.021241417861922,0.052,2.494281124178322,2.59335453088495,2.9368754675787985,0.03151183401105203,0.0736654147406266,2.0014728240549493,3.126394181428828
ml_shuffled_target_control,750,250,4,-2.7978237464758102,3.105127991087435,5.708407468806794,0.07066666666666667,2.8585474994810807,2.963377459122472,3.3223766443709186,0.0495430987452264,0.09697338380197063,2.386367785736041,3.6173992615901636
ml_intentional_residual_oracle,750,250,4,-4.218208369571826,2.568940518633896,4.170591789925321,0.014666666666666666,2.034690251220393,2.565697372883323,2.5713459185908483,0.0014304263279673118,0.028594998573059357,1.7242949198818351,2.4535302915219965
