quantity,report_value,reproduced,delta,tolerance,pass
s03e all3 template_phase_base,2.0459430282283897,2.0459430282283897,0.0,1e-09,True
s03e all3 analytic_amp_only,1.494666549251276,1.4946665492512594,-1.6653345369377348e-14,1e-09,True
s03e all3 monotonic_binned_timewalk,1.3979715141141966,1.3979715141141966,0.0,1e-09,True
s03e all3 waveform_ridge,1.4740412476984874,1.4740412476984908,3.3306690738754696e-15,1e-09,True
