method,reference_traditional_method,delta_tail_gt5_fraction,ci_low,ci_high
traditional_median3,traditional_mean3,0.0006216156481379158,0.000440885751587934,0.0007702490063620421
ridge,traditional_mean3,0.004550851212293952,0.0036118835181181484,0.005509597068631818
target_masked_residual_cnn,traditional_mean3,0.010829720912895973,0.008867514519710103,0.013064646750711987
gradient_boosted_trees,traditional_mean3,0.019833508739380522,0.018568510712368726,0.02051152534150953
one_dimensional_cnn,traditional_mean3,0.02058696053474432,0.016274253770120213,0.023870548465218053
traditional_line3,traditional_mean3,0.02381364680813428,0.022083032691497893,0.025119500431271542
mlp,traditional_mean3,0.03388266078875759,0.02851870435430081,0.039420583925687126
traditional_run_stratified,traditional_mean3,0.03933865583892386,0.036816743664988036,0.04082769503963825
