epoch,loss
1,55.83809505517666
2,10.473011800111868
3,6.366389002555456
4,6.499531652682867
5,6.911177797195239
6,8.118255062745167
7,4.932144855841612
8,5.148646488785744
9,6.566346837159915
10,8.484593365436945
11,4.889161013639891
12,4.526622690451451
