method,roc_auc,roc_auc_ci_low,roc_auc_ci_high,average_precision,average_precision_ci_low,average_precision_ci_high,balanced_accuracy,balanced_accuracy_ci_low,balanced_accuracy_ci_high,brier,ece_10bin
new_ae_latent_shape_fusion_hgb,0.998381221608725,0.9965396919730252,0.999023024975227,0.9921002754525912,0.9790355758779087,0.9958382869095755,0.9835864340588576,0.9742558408779112,0.9865457807319313,0.01062706359861538,0.016358705092600317
gradient_boosted_trees_hgb,0.9980599352000419,0.9961145985215236,0.9987483426441786,0.990228568752276,0.9768594602420169,0.9944729747008746,0.9810153591301741,0.9727147345390132,0.9829009656958603,0.012665677903515754,0.018325355586891384
mlp_waveform,0.9953375090262978,0.9925484923890232,0.9966248489001194,0.9761258853317024,0.958902129136701,0.9840543985394845,0.9722756963135113,0.9654869586900259,0.9743782711859925,0.023555611490941306,0.031559496828865836
cnn_1d_waveform,0.9942740131284378,0.9914472454565088,0.9953839713218625,0.9685795081113519,0.9423521544452045,0.9785193203730839,0.9678563814325052,0.9549218985737344,0.9707686782087737,0.024872119762819105,0.036453473881839935
ridge_hand_shape,0.982994557354976,0.977611330558804,0.986846211159952,0.8108561448222702,0.8017538280646173,0.8465803051019475,0.9657712217818633,0.9606922056180711,0.9675853260294365,0.10095129928830678,0.262606587958041
