run,sample_ii_only_base_sigma68_ns,sample_ii_only_base_n_pair_residuals,sample_ii_only_traditional_sigma68_ns,sample_ii_only_traditional_n_pair_residuals,sample_ii_only_ml_sigma68_ns,sample_ii_only_ml_n_pair_residuals,sample_ii_only_ml_shuffled_sigma68_ns,sample_ii_only_ml_shuffled_n_pair_residuals,pooled_base_sigma68_ns,pooled_base_n_pair_residuals,pooled_traditional_sigma68_ns,pooled_traditional_n_pair_residuals,pooled_ml_sigma68_ns,pooled_ml_n_pair_residuals,pooled_ml_shuffled_sigma68_ns,pooled_ml_shuffled_n_pair_residuals
58,2.7145773212114936,219,1.997571533331513,219,2.1648555126458913,219,2.924149404031931,219,3.676052431425679,219,2.48587974564122,219,2.519987836986293,219,3.896110827746647,219
59,2.83295889208285,2289,2.0417409752812894,2289,1.8212599227664563,2289,3.2784435378334162,2289,3.7420876126166576,2289,2.835913245408353,2289,2.7806689749855678,2289,3.973318797927382,2289
60,2.794474786650582,2424,2.0412586303539975,2424,1.8605537913271346,2424,3.2147160467350777,2424,4.010137893024233,2424,2.6525266764635838,2424,2.592256926703638,2424,4.206586768716543,2424
61,2.711713610190772,2799,2.557053734767397,2799,2.3196991584491347,2799,2.9910354237298153,2799,3.6562661868133945,2799,3.16434648760308,2799,2.9971240962180294,2799,3.817269731005504,2799
62,2.8329588920828455,2421,2.041740975281286,2421,1.8261803711168467,2421,3.2150363699226094,2421,3.764141914569927,2421,2.7500000000000036,2421,2.6739487174157928,2421,4.045294430871126,2421
63,3.0444747866505804,1110,1.9263886198434947,1110,1.8424873873199132,1110,3.450569375635263,1110,4.022979139096611,1110,3.014763431829078,1110,2.8341005965061536,1110,4.26323387929274,1110
65,2.5751003056228043,198,1.762073033202241,198,2.0878538825534387,198,2.974087788801377,198,3.942588945273785,198,2.7500000000000053,198,2.890706415833929,198,3.9652533205409495,198
