test_run,n_train_delayed,n_train_binary_sampled,n_train_overlap,n_train_charge_bias,n_test_delayed,n_test_overlap,n_test_charge_bias,n_test_ambiguous,test_run_in_train,cnn_1d_device,charge_gated_cnn_new_device,cnn_1d_final_loss,charge_gated_cnn_new_final_loss
37,137,64,16,48,21,2,7,12,False,cpu,cpu,0.919958233833313,0.882736325263977
40,148,72,18,54,10,1,2,7,False,cpu,cpu,0.8997383117675781,0.8950461149215698
42,149,72,18,54,9,2,2,5,False,cpu,cpu,0.8753964900970459,0.9477315545082092
49,146,75,20,55,12,1,7,4,False,cpu,cpu,0.8245066404342651,0.9031180739402771
57,155,78,20,58,3,0,0,3,False,cpu,cpu,0.8905240297317505,0.8706592917442322
60,154,76,19,57,4,0,2,2,False,cpu,cpu,0.9226680397987366,0.8774970173835754
62,154,76,19,57,4,0,2,2,False,cpu,cpu,0.8734854459762573,0.9306599497795105
64,154,72,18,54,4,0,3,1,False,cpu,cpu,0.8883400559425354,0.9039215445518494
65,156,76,19,57,2,0,2,0,False,cpu,cpu,0.8762399554252625,0.9009543061256409
