feature,coefficient_ns_per_raw_unit,standardized_coefficient_ns
stave_B4,-3.999182462695075,-1.885232692382637
stave_B8,2.2000681808368516,1.037122086494975
stave_B6,1.7991142818581136,0.8481106058876104
log_amp,-1.4758341683666008,-0.48203075769092496
inv_amp_1000,-2.4789471255936206,-0.3524077669928189
inv_sqrt_amp_1000,0.21314661208927385,0.022456540515339095
