selector,method,internal_method,split,metric,value,ci_low,ci_high,n_heldout_events,n_pair_residuals,median_ns,sigma68_ns,full_rms_ns,tail_frac_abs_gt5ns,core_sigma_ns,chi2_ndf
median_first4,global_template_phase,template_phase,heldout_runs_65,B4/B6/B8 pairwise sigma68 ns,2.889152765080617,2.6391527650806132,3.2771839114883825,66,198,-3.8304301157923035,2.889152765080617,2.576694889725475,0.050505050505050504,0.4426909975832632,3.2136307740985623
median_first4,strong_template_timewalk,s02c_template_timewalk,heldout_runs_65,B4/B6/B8 pairwise sigma68 ns,1.6354173420044433,1.491259325191034,1.9099084855659234,66,198,1.3042519811452635,1.6354173420044433,1.7719452859857547,0.005050505050505051,1.3710099572650536,0.8352617756225482
median_first4,ml_ridge_on_template_phase,s02c_ml_template,heldout_runs_65,B4/B6/B8 pairwise sigma68 ns,1.3915306248207993,1.2759991898100034,1.6197808923542618,66,198,1.1761088386044989,1.3915306248207993,1.6723194659399532,0.005050505050505051,1.4291972467063663,2.0103806852588044
dynamic_range,global_template_phase,template_phase,heldout_runs_65,B4/B6/B8 pairwise sigma68 ns,2.552207970587567,2.552207970587567,2.8079127021241197,90,270,-4.0552045306009035,2.552207970587567,3.550898842272158,0.05185185185185185,0.9066619716493827,6.565687773272087
dynamic_range,strong_template_timewalk,s02c_template_timewalk,heldout_runs_65,B4/B6/B8 pairwise sigma68 ns,1.805804249672487,1.6617754601060488,2.0321743367267078,90,270,1.9008885289339297,1.805804249672487,2.9748787826166954,0.025925925925925925,1.5370499100367472,1.3980120790728483
dynamic_range,ml_ridge_on_template_phase,s02c_ml_template,heldout_runs_65,B4/B6/B8 pairwise sigma68 ns,1.4187365789831152,1.3241970700147816,1.6114495017307637,90,270,1.8027293308525714,1.4187365789831152,3.034647612059338,0.011111111111111112,1.431756466023298,2.807764965022535
