method,clean_efficiency,clean_efficiency_ci_low,clean_efficiency_ci_high,tail_rejection,tail_rejection_ci_low,tail_rejection_ci_high,n_clean,n_tail
amplitude_only_rf,0.9492415402567095,0.9325068870523416,0.964929371651242,0.5306122448979592,0.4782091097308489,0.6155405405405404,1714,49
downstream_only_q_rf,0.9515752625437572,0.9397506925207756,0.96035734226689,0.4489795918367347,0.37142857142857144,0.5121951219512195,1714,49
ml_qtemplate_shape_rf,0.9486581096849475,0.9355623100303951,0.9598080383923215,0.8367346938775511,0.7878787878787878,0.8863636363636364,1714,49
shuffled_label_q_rf,0.9504084014002334,0.9220415030846887,0.9693128752501667,0.02040816326530612,0.0,0.08333333333333333,1714,49
topology_only_rf,0.7777129521586931,0.47496554892053283,1.0,0.2653061224489796,0.0,0.5909090909090909,1714,49
traditional_matched_q_hand,0.9469078179696616,0.9027027027027027,0.985543369890329,0.3673469387755102,0.25,0.4411764705882353,1714,49
