{
  "study": "P04o",
  "ticket": "1781045406.731.183408e8",
  "worker": "testbeam-laptop-4",
  "title": "Rate-conditioned charge support veto",
  "raw_reproduction": {
    "expected_selected_pulses": 640737,
    "reproduced_selected_pulses": 640737,
    "delta": 0,
    "pass": true
  },
  "split": "grouped 5-fold complete-run held-out over analysis runs",
  "bootstrap": "run-block bootstrap with event-level ordering metric inside sampled runs",
  "n_analysis_rows": 377273,
  "winner": "extra_trees_with_rate",
  "winner_metrics": {
    "n_eval": 377273,
    "res68_frac": 0.00882021356820029,
    "signed_bias_frac": -0.0004689977374395318,
    "rms_frac": 0.11349397082291436,
    "method": "extra_trees_with_rate",
    "support_loss": 0.0,
    "conformal_coverage_90": 0.894355016128904,
    "energy_ordering_flip_rate": 0.00948073701842546,
    "res68_ci_low_frac": 0.0073279134411565515,
    "res68_ci_high_frac": 0.010973738020918179,
    "bias_ci_low_frac": -0.0006790214723342821,
    "bias_ci_high_frac": -0.00030546049856301685,
    "flip_ci_low": 0.007812350879221717,
    "flip_ci_high": 0.010746728729246788
  },
  "traditional_metrics": {
    "n_eval": 377273,
    "res68_frac": 0.046769067485439075,
    "signed_bias_frac": -0.00028741120726795844,
    "rms_frac": 0.8653721054938395,
    "method": "traditional_stratified_charge",
    "support_loss": 0.0,
    "conformal_coverage_90": 0.8943788715333458,
    "energy_ordering_flip_rate": 0.06485762144053601,
    "res68_ci_low_frac": 0.03004172778431021,
    "res68_ci_high_frac": 0.07120759983494732,
    "bias_ci_low_frac": -0.0010419221062653926,
    "bias_ci_high_frac": 0.000714093633781198,
    "flip_ci_low": 0.06144606200156412,
    "flip_ci_high": 0.07291023457378958
  },
  "new_architecture_metrics": {
    "n_eval": 321315,
    "res68_frac": 0.01375406706380908,
    "signed_bias_frac": 0.0002576788488498224,
    "rms_frac": 0.07466276059270031,
    "method": "new_rate_support_gated_hgb",
    "support_loss": 0.1483223024176127,
    "conformal_coverage_90": 0.8943815221338394,
    "energy_ordering_flip_rate": 0.010382301571899864,
    "res68_ci_low_frac": 0.012168895116685294,
    "res68_ci_high_frac": 0.01612956521841784,
    "bias_ci_low_frac": -6.286950156260758e-05,
    "bias_ci_high_frac": 0.0007231721924084698,
    "flip_ci_low": 0.008865259499282241,
    "flip_ci_high": 0.012012863058455078
  },
  "method_metrics": [
    {
      "n_eval": 377273,
      "res68_frac": 0.00882021356820029,
      "signed_bias_frac": -0.0004689977374395318,
      "rms_frac": 0.11349397082291436,
      "method": "extra_trees_with_rate",
      "support_loss": 0.0,
      "conformal_coverage_90": 0.894355016128904,
      "energy_ordering_flip_rate": 0.00948073701842546,
      "res68_ci_low_frac": 0.0073279134411565515,
      "res68_ci_high_frac": 0.010973738020918179,
      "bias_ci_low_frac": -0.0006790214723342821,
      "bias_ci_high_frac": -0.00030546049856301685,
      "flip_ci_low": 0.007812350879221717,
      "flip_ci_high": 0.010746728729246788
    },
    {
      "n_eval": 321315,
      "res68_frac": 0.01375406706380908,
      "signed_bias_frac": 0.0002576788488498224,
      "rms_frac": 0.07466276059270031,
      "method": "new_rate_support_gated_hgb",
      "support_loss": 0.1483223024176127,
      "conformal_coverage_90": 0.8943815221338394,
      "energy_ordering_flip_rate": 0.010382301571899864,
      "res68_ci_low_frac": 0.012168895116685294,
      "res68_ci_high_frac": 0.01612956521841784,
      "bias_ci_low_frac": -6.286950156260758e-05,
      "bias_ci_high_frac": 0.0007231721924084698,
      "flip_ci_low": 0.008865259499282241,
      "flip_ci_high": 0.012012863058455078
    },
    {
      "n_eval": 377273,
      "res68_frac": 0.015314178404855243,
      "signed_bias_frac": 0.00023159924740536885,
      "rms_frac": 0.08945515954902017,
      "method": "hgb_with_rate",
      "support_loss": 0.0,
      "conformal_coverage_90": 0.8955636899539591,
      "energy_ordering_flip_rate": 0.00949748743718593,
      "res68_ci_low_frac": 0.013955891763960896,
      "res68_ci_high_frac": 0.017311948793737927,
      "bias_ci_low_frac": -0.00016729172056957728,
      "bias_ci_high_frac": 0.0008230534601356285,
      "flip_ci_low": 0.007947138654831721,
      "flip_ci_high": 0.01064178067077746
    },
    {
      "n_eval": 377273,
      "res68_frac": 0.015362728305121125,
      "signed_bias_frac": 0.00021217058608357446,
      "rms_frac": 0.08828801956278459,
      "method": "hgb_shuffled_rate_control",
      "support_loss": 0.0,
      "conformal_coverage_90": 0.895147545676473,
      "energy_ordering_flip_rate": 0.009530988274706867,
      "res68_ci_low_frac": 0.013823433667760709,
      "res68_ci_high_frac": 0.017428045346067244,
      "bias_ci_low_frac": -0.00021504997547080765,
      "bias_ci_high_frac": 0.0007400499501053914,
      "flip_ci_low": 0.008161493160917641,
      "flip_ci_high": 0.010634597940805391
    },
    {
      "n_eval": 377273,
      "res68_frac": 0.015382244532979388,
      "signed_bias_frac": 0.00022361022525215298,
      "rms_frac": 0.0871619928041288,
      "method": "hgb_no_rate",
      "support_loss": 0.0,
      "conformal_coverage_90": 0.895078630063641,
      "energy_ordering_flip_rate": 0.010033500837520939,
      "res68_ci_low_frac": 0.013849219795075392,
      "res68_ci_high_frac": 0.017641888697753603,
      "bias_ci_low_frac": -0.00017663894230600933,
      "bias_ci_high_frac": 0.0007931669929364598,
      "flip_ci_low": 0.008199101369586131,
      "flip_ci_high": 0.011361145109972963
    },
    {
      "n_eval": 377273,
      "res68_frac": 0.025956220771928003,
      "signed_bias_frac": 0.008193051274191029,
      "rms_frac": 0.3098980340429442,
      "method": "mlp_with_rate",
      "support_loss": 0.0,
      "conformal_coverage_90": 0.8652487721093214,
      "energy_ordering_flip_rate": 0.011943048576214406,
      "res68_ci_low_frac": 0.021367735497719646,
      "res68_ci_high_frac": 0.03457811334018116,
      "bias_ci_low_frac": 0.0009446598327413865,
      "bias_ci_high_frac": 0.012647763502492027,
      "flip_ci_low": 0.010015959040543594,
      "flip_ci_high": 0.014495715983913587
    },
    {
      "n_eval": 377273,
      "res68_frac": 0.046769067485439075,
      "signed_bias_frac": -0.00028741120726795844,
      "rms_frac": 0.8653721054938395,
      "method": "traditional_stratified_charge",
      "support_loss": 0.0,
      "conformal_coverage_90": 0.8943788715333458,
      "energy_ordering_flip_rate": 0.06485762144053601,
      "res68_ci_low_frac": 0.03004172778431021,
      "res68_ci_high_frac": 0.07120759983494732,
      "bias_ci_low_frac": -0.0010419221062653926,
      "bias_ci_high_frac": 0.000714093633781198,
      "flip_ci_low": 0.06144606200156412,
      "flip_ci_high": 0.07291023457378958
    },
    {
      "n_eval": 377273,
      "res68_frac": 0.052532831490243126,
      "signed_bias_frac": 0.002613245934667838,
      "rms_frac": 0.3270692847330383,
      "method": "ridge_no_rate",
      "support_loss": 0.0,
      "conformal_coverage_90": 0.8946995941930644,
      "energy_ordering_flip_rate": 0.02968174204355109,
      "res68_ci_low_frac": 0.040893735748598586,
      "res68_ci_high_frac": 0.08270911783535212,
      "bias_ci_low_frac": -0.00788160710869829,
      "bias_ci_high_frac": 0.008127308078510184,
      "flip_ci_low": 0.025987600537545823,
      "flip_ci_high": 0.03245155778007526
    },
    {
      "n_eval": 377273,
      "res68_frac": 0.053771119140186535,
      "signed_bias_frac": 0.0018807714934130262,
      "rms_frac": 0.32706798435320616,
      "method": "ridge_with_rate",
      "support_loss": 0.0,
      "conformal_coverage_90": 0.8941429680894206,
      "energy_ordering_flip_rate": 0.029614740368509213,
      "res68_ci_low_frac": 0.043005900958802676,
      "res68_ci_high_frac": 0.08144318084643415,
      "bias_ci_low_frac": -0.008613854834608376,
      "bias_ci_high_frac": 0.006873855557965326,
      "flip_ci_low": 0.02611060219972131,