method,family,target,auroc,auroc_ci_low,auroc_ci_high,average_precision,average_precision_ci_low,average_precision_ci_high,brier,target_prevalence,n_events,n_positive,n_bootstrap
traditional_template_fit,traditional,a_timing_topology_coincidence,0.5160899216973983,0.41390247260719604,0.6048935007679306,0.01771263677567822,0.008280278929374553,0.03395008901422077,0.10644000716684573,0.016995865870463943,2177,37,400
mlp,ml,a_timing_topology_coincidence,0.5137913614549129,0.4043808690171814,0.6161904181946988,0.0164838559767681,0.006525347255020505,0.030074043498020474,0.06184949181088267,0.016995865870463943,2177,37,400
late_fusion_cnn,new_architecture,a_timing_topology_coincidence,0.4577671129072999,0.35417774301579596,0.550334393216746,0.014660315496658208,0.006649629939693057,0.025045810231207097,0.16239336646848546,0.016995865870463943,2177,37,400
ridge,ml,a_timing_topology_coincidence,0.4226319777721647,0.34310854302650956,0.5357643357358991,0.016124070433594775,0.0074419667206441975,0.03813238259364956,0.01691214699059759,0.016995865870463943,2177,37,400
cnn1d,neural_network,a_timing_topology_coincidence,0.39043950492548624,0.3160693396928861,0.49340623852229726,0.013507843920657339,0.006874259712602076,0.023297858460366683,0.23908152587629447,0.016995865870463943,2177,37,400
gradient_boosted_trees,ml,a_timing_topology_coincidence,0.357577671129073,0.25463096836553073,0.465817038026461,0.01237026318126931,0.006221058055344951,0.02402722633372474,0.019235437897607215,0.016995865870463943,2177,37,400
