target,method,subset,n,bias_median_frac,res68_abs_frac,full_rms_frac,within_5pct,within_10pct,bias_ci95,res68_ci95,full_rms_ci95
amplitude,peak_calibrated,heldout_runs_57_65,26857,-0.06669977294108548,0.1237824793094799,0.526429418726063,0.28275682317459133,0.5810775589231858,"[-0.06764123482431701, -0.0656336366835766]","[0.12213787285603617, 0.1251004497674263]","[0.488723815032315, 0.5716979640332744]"
amplitude,template_fit_calibrated,heldout_runs_57_65,26857,0.24235110895017362,0.5831795024746997,0.9519875994929836,0.08835685296198384,0.16844770450906654,"[0.2351928052212572, 0.24890227916152163]","[0.5726859061574294, 0.5939710507016998]","[0.9307502603740223, 0.9725127931287869]"
amplitude,run_stave_blind_median,heldout_runs_57_65,26857,0.6270422535211267,1.2297198242166403,2.995276280773448,0.05927691104739919,0.11680381278623822,"[0.6121638060165872, 0.6439683122640367]","[1.2003952823000563, 1.260665362035225]","[2.8548188046177034, 3.1311403544182825]"
amplitude,ml_hgb,heldout_runs_57_65,26857,0.00037802225629399096,0.00912261853008424,0.03458784647524121,0.94567524295342,0.9815690508992069,"[0.0002706105803592571, 0.0004945454059860677]","[0.008954850714475764, 0.00931279941200229]","[0.030596538880809637, 0.0398606264520322]"
charge,integral_calibrated,heldout_runs_57_65,26857,-0.09118454757895778,0.1954122908748589,1.6637384425713868,0.2068362065755669,0.40332129426220353,"[-0.09291233305164727, -0.08939654928450234]","[0.1935967908531242, 0.19754452662066144]","[1.3626197708361838, 2.0550213817335847]"
charge,template_fit_calibrated,heldout_runs_57_65,26857,0.09820039703872004,0.5503396732278532,2.520730906351423,0.08928770897717542,0.18784674386565886,"[0.08873975705075975, 0.10672819666214585]","[0.5363636122646894, 0.5642690338331129]","[2.3855745777747, 2.6553169109711874]"
charge,run_stave_blind_median,heldout_runs_57_65,26857,0.7919977596527462,1.8979337673365413,16.295145855578266,0.0664631194846781,0.1283464273746137,"[0.7669413070969154, 0.8199383771118584]","[1.8576532321089652, 1.939693336222785]","[15.105234595500859, 17.48127928133919]"
charge,ml_hgb,heldout_runs_57_65,26857,0.0005985509781717457,0.015071920234387479,0.04677350198446196,0.9197974457310943,0.9692445172580705,"[0.00043863714338263906, 0.0008064268391201227]","[0.014843082483203526, 0.015295865584628966]","[0.04103175485779727, 0.05278631103799401]"
