dimension,stratum,method,method_label,n,bias_ns,median_ns,sigma68_ns,full_rms_ns,tail_frac_abs_gt5ns,pull_width68,coverage68,coverage95,coverage68_error,coverage95_error,calibration_ece,calibration_loss,sigma68_ci_low_ns,sigma68_ci_high_ns,pull_width68_ci_low,pull_width68_ci_high,coverage68_ci_low,coverage68_ci_high,coverage95_ci_low,coverage95_ci_high,calibration_loss_ci_low,calibration_loss_ci_high
all,all,cnn1d,1D-CNN residual scale model,11460,1.2379857548365825,1.5956458196031846,1.513754101810824,2.4225436783029126,0.012652705061082025,1.015660496885431,0.456108202443281,0.9380453752181501,0.22658128969371905,0.011954624781849832,0.13574265182766235,0.09748476579716556,1.3904270985527603,1.6836489158545573,0.913886712087009,1.1283998870626772,0.37697355365082974,0.5340855326452044,0.9228137181261923,0.9518837511261111,0.07954511644535392,0.1606632405289398
all,all,gradient_boosted_trees,HistGradientBoosting residual scale model,11460,1.2628787423393077,1.5212649917186951,1.5542951071875146,2.315559803391101,0.015357766143106457,1.0450997545898353,0.5027923211169284,0.8697207678883071,0.17989717102007163,0.08027923211169286,0.13075137783115273,0.10900688388818813,1.4069663288288097,1.757191986805748,0.8882698811358472,1.2226226781530962,0.4143416113857551,0.5869231545996162,0.807170956796428,0.9215379389131187,0.0752487021115028,0.20855133576634835
all,all,mlp,MLP residual scale model,11460,1.286653992920312,1.4852438748949481,1.6359147942615069,2.4191880685778147,0.013787085514834206,1.0622971356423838,0.5021815008726004,0.8692844677137871,0.18050799126439965,0.08071553228621287,0.13249657852923302,0.11400430943055734,1.5259009341887024,1.7798143805553182,0.9306659641002967,1.169208792521257,0.446879171971304,0.5695245810900437,0.8332804970799057,0.9083493425594482,0.0757196306993732,0.17559054100926982
all,all,phase_conformal_gated_cnn,Phase-conformal atom-gated CNN,11460,1.2270679045011434,1.58119765370963,1.5113772317216405,2.413926381201709,0.011518324607329843,0.8837137477934471,0.6415357766143106,0.9640488656195463,0.04115371552268943,0.014048865619546325,0.05031956003394433,0.05545209834568324,1.3887852986857718,1.685758733281988,0.8104803124013182,0.9487931509970281,0.5723075023101847,0.6996067880535688,0.9569522185384454,0.9703944469282357,0.04540676814709268,0.07513515429488742
all,all,ridge,Ridge residual scale model,11460,1.246928616291402,1.3830285939922042,1.5731855013738718,2.546590348039224,0.01614310645724258,1.02023511306438,0.48106457242582895,0.8717277486910995,0.20162491971117108,0.07827225130890048,0.13994858551003578,0.11002021739862186,1.4148197661499453,1.8368025072293288,0.8844418017574166,1.167606225608984,0.3895962488679846,0.5683209715166853,0.8099073154466061,0.9273440517357114,0.07864103827163085,0.20380194451234449
all,all,traditional,S02/S03/S04 atom robust-width baseline,11460,1.2441693407725576,1.4947512901245936,1.5510917109777818,2.666988996928638,0.019109947643979056,2.712072553122903,0.3849912739965096,0.631588132635253,0.2976982181404904,0.3184118673647469,0.3080550427526187,0.6590594203451898,1.3606678672734254,1.8694180475696325,2.406766220002635,2.9130456913636777,0.3176468237068652,0.44319021588953544,0.5483244047136081,0.6985974310288988,0.537769870545697,0.7581038978410326
pair,B4-B6,cnn1d,1D-CNN residual scale model,3820,2.231231040310067,2.2130290613048587,0.9571676883867429,2.0542492690647873,0.011780104712041885,0.27811128966712384,0.39895287958115183,0.9769633507853404,0.2837366125558482,0.0269633507853404,0.1615803481627409,0.29854225545920143,0.8595706107523947,1.0455979299433988,0.24518906246501704,0.3019007380990364,0.2564798396079955,0.5336801239130406,0.9648192190608738,0.9892047665930973,0.2576450595622909,0.34645291157126584
pair,B4-B6,gradient_boosted_trees,HistGradientBoosting residual scale model,3820,2.1717858844573388,2.1632582151113553,1.0581085851789411,1.9662386904999611,0.015968586387434557,0.5741541978174733,0.46963350785340313,0.8895287958115183,0.2130559842835969,0.06047120418848162,0.14421123821509685,0.2108960572174255,0.9264689821506306,1.1674145379161724,0.4206450583471231,0.6956535518083656,0.3016500895160322,0.6225992802828377,0.7833216847151403,0.9733047104165435,0.17169331552631248,0.28417098758690246
pair,B4-B6,mlp,MLP residual scale model,3820,2.2344142199006254,2.2225746202607937,1.0701079977428196,2.106068725121668,0.01387434554973822,0.5694020254594878,0.4824607329842932,0.8989528795811519,0.20022875915270683,0.05104712041884807,0.14391679528507906,0.20644766234928652,0.9889516893047086,1.1178108111237164,0.46242752199218107,0.6262705750971193,0.38875536396242905,0.585325858000473,0.8464539892297405,0.95064070206163,0.17866463727911325,0.24518950021948896
pair,B4-B6,phase_conformal_gated_cnn,Phase-conformal atom-gated CNN,3820,2.271736307373428,2.1934390016712833,0.8533857313788186,2.035961684055951,0.01099476439790576,0.22908190885493795,0.6675392670157068,0.987434554973822,0.01515022512129327,0.03743455497382209,0.06379911361352514,0.22182549621342562,0.7583506036968946,0.9120812504334516,0.20973800347479923,0.24216869333394764,0.5333306546321374,0.7681027619683789,0.982448043678828,0.9913773533712403,0.21774463034104075,0.2643787888006718
pair,B4-B6,ridge,Ridge residual scale model,3820,2.182302027832981,2.0435758433423175,1.1443330679533392,2.2222225560545787,0.012565445026178011,0.5772883694893248,0.44659685863874343,0.9047120418848168,0.2360926334982566,0.04528795811518316,0.1406902958067199,0.2111956294827087,0.9412966224427489,1.3309167008373861,0.47665864289176524,0.681748417311364,0.2953677293014265,0.5800280854772325,0.8106745370247312,0.9709753567536522,0.17432901801328263,0.28039238916516973
pair,B4-B6,traditional,S02/S03/S04 atom robust-width baseline,3820,2.1749716559471475,2.056204825957739,1.1969860563877377,2.3910801927774736,0.014921465968586388,7.249260013005288,0.23141361256544501,0.4746073298429319,0.451275879571555,0.47539267015706804,0.4633342748643115,1.9098157093995556,0.9744399461066622,1.3115921881664885,6.9144476067544955,7.6708098761496935,0.11542207139093136,0.30683441994762745,0.3088670548277535,0.5752790399594082,1.7762641275564466,2.124679470923015
pair,B4-B8,cnn1d,1D-CNN residual scale model,3820,1.8569786322548738,1.885886632537197,0.8770762879448485,2.453744338914631,0.015968586387434557,0.3048693510483626,0.4295811518324607,0.9730366492146597,0.2531083403045393,0.023036649214659755,0.1453499816705943,0.27915640503535766,0.8153633148572957,0.9418695608569275,0.28542167624146936,0.3288051498564309,0.36399071509777414,0.4945033320384032,0.962446689724685,0.9843162854785422,0.25579932761413826,0.30079685020480074
pair,B4-B8,gradient_boosted_trees,HistGradientBoosting residual scale model,3820,1.8943181135089617,1.9516328173802826,1.054132087089478,2.2868071533366114,0.01780104712041885,0.6156637877371562,0.468848167539267,0.8829842931937173,0.21384132459773303,0.06701570680628266,0.1481248507805419,0.20332952361185036,0.9760069275745785,1.1531707839702852,0.5050236229676658,0.7341691393691576,0.35789899481081433,0.5746880420494793,0.7945731962536217,0.9649146687466416,0.16345406923768227,0.24861478539129106
pair,B4-B8,mlp,MLP residual scale model,3820,1.9299809893804682,1.9658336490333674,1.1426318483631375,2.4625784678863827,0.016492146596858638,0.654861379916382,0.4693717277486911,0.8756544502617801,0.2133177643883089,0.07434554973821983,0.14870737120130942,0.195377326352864,1.0738617191683018,1.1843846271189185,0.5640224343550188,0.7534473377229262,0.3871396491167807,0.5605036309939934,0.8048684435011755,0.934408808986141,0.16035717728706686,0.22601869688426243
pair,B4-B8,phase_conformal_gated_cnn,Phase-conformal atom-gated CNN,3820,1.8406018567517153,1.8429947493086019,0.8484022972945676,2.4380691397908163,0.014659685863874346,0.2885559894670405,0.6463350785340314,0.9821989528795811,0.03635441360296865,0.03219895287958119,0.048844865444066535,0.20721056061489398,0.7695756112003563,0.9231395760153582,0.25899944858598073,0.3052950411887268,0.537962353628437,0.7408800348488532,0.9752323424875499,0.9880810896917115,0.19798366130849251,0.24494821232488412
pair,B4-B8,ridge,Ridge residual scale model,3820,1.870392924437103,1.8658451361069837,1.1835223393993075,2.636930468174365,0.019109947643979056,0.6942494716074146,0.4445026178010471,0.8905759162303665,0.23818687433595293,0.059424083769633484,0.14880547905279318,0.18804174138774127,1.0605801285296081,1.3036389240425856,0.599906013895502,0.765089926703515,0.3172706035997094,0.5524893682232342,0.797498947752929,0.9696502309387377,0.14682063507701368,0.2560515074028111
pair,B4-B8,traditional,S02/S03/S04 atom robust-width baseline,3820,1.8662540111588364,1.854106240279652,1.2029419536997865,2.8021698008940708,0.01963350785340314,2.288711748057984,0.281151832460733,0.5361256544502618,0.40153765967626703,0.4138743455497381,0.40770600261300255,0.6279574389742479,0.9925638468659739,1.345152406097726,2.1849677754839076,2.3831039869059705,0.17769657612186776,0.3633476817730528,0.4277041395132944,0.6213780598436285,0.5460261652175985,0.7107395977968397
pair,B6-B8,cnn1d,1D-CNN residual scale model,3820,-0.3742524080551932,-0.3257994180540713,0.8156441848121281,1.8429194248129444,0.008115183246073299,1.1585356759734877,0.5397905759162304,0.8641361256544503,0.14289891622076967,0.08586387434554965,0.11438139528315967,0.1254199654557417,0.7535477990145552,0.8720371931114441,1.0762364408399259,1.2288246277466945,0.48155062736308357,0.5892360690560371,0.8329046987171627,0.8983375276302452,0.08012195150584916,0.16778666630323505
pair,B6-B8,gradient_boosted_trees,HistGradientBoosting residual scale model,3820,-0.2774677709483768,-0.20457078978553866,0.9451529413172912,1.8418400612478771,0.008115183246073299,1.238324433230154,0.5698952879581152,0.8366492146596859,0.11279420417888486,0.11335078534031406,0.12156077434267068,0.14650754927300588,0.8824034663264505,1.0145351935569966,1.1677396189784512,1.330103271270827,0.5451579890359626,0.5961432053913889,0.8194552981173607,0.8546145751018037,0.11526633811904026,0.1796184271838496
pair,B6-B8,mlp,MLP residual scale model,3820,-0.3044332305201573,-0.2654108513165596,0.9864088119609871,1.7927400601310823,0.009424083769633508,1.2731929472713097,0.5547120418848167,0.8332460732984294,0.12797745025218332,0.11675392670157059,0.12236568847687695,0.16007250317548516,0.893297303078818,1.053307157895356,1.1719291817752235,1.3714934334751894,0.5223902002338497,0.5877952231876651,0.8119258142703859,0.8558387553607101,0.11567722893516799,0.19879500724596316
pair,B6-B8,phase_conformal_gated_cnn,Phase-conformal atom-gated CNN,3820,-0.4311344506217123,-0.3517703522015694,0.755863537287004,1.7816872843407554,0.006806282722513089,0.9433037722245823,0.6107329842931937,0.9225130890052357,0.07195650784380636,0.027486910994764302,0.05245082669869162,0.05214761832817,0.7032361843576418,0.7983837169788967,0.8564755498651839,1.0218510755496433,0.5440734153015706,0.6793606256683171,0.897349408861581,0.9453783132715061,0.040108990678988994,0.08008649325415976
pair,B6-B8,ridge,Ridge residual scale model,3820,-0.31190910339587824,-0.22523916991497117,1.0371686372237416,1.9672533188903794,0.008900523560209424,1.3290361784958253,0.5520942408376963,0.8198952879581152,0.13059525129930372,0.13010471204188478,0.13034998167059425,0.18002153087690204,0.9707045446773966,1.0854389652311816,1.2018848340269106,1.4127477557890964,0.5247282219841397,0.5882676676450665,0.7997641549760734,0.8465192735674035,0.12955073603354184,0.21572744595437313
pair,B6-B8,traditional,S02/S03/S04 atom robust-width baseline,3820,-0.30871764478831115,-0.20532200117570198,1.023596727955005,2.0258900688071604,0.009162303664921465,1.0399494209958682,0.6424083769633507,0.8840314136125654,0.040281115173649296,0.06596858638743452,0.05754600833993795,0.05093628272422249,0.9197299618364267,1.074824271472653,0.9203855628988775,1.1516238393709428,0.6128910025975697,0.6729880806862514,0.861308786260814,0.9073411872843914,0.03211193069395004,0.09638194282666031
stave_a,B4,cnn1d,1D-CNN residual scale model,7640,2.0441048362824703,2.0515090224752655,0.936335652704866,2.2705543125717527,0.01387434554973822,0.29094619538178385,0.4142670157068063,0.975,0.26842247643019373,0.025000000000000022,0.15320338481195556,0.2889199164650914,,,,,,,,,,
stave_a,B4,gradient_boosted_trees,HistGradientBoosting residual scale model,7640,2.03305199898315,2.0763805975007905,1.0741956109883275,2.1370629057807387,0.016884816753926703,0.5956446232689652,0.46924083769633507,0.8862565445026178,0.21344865444066496,0.06374345549738214,0.14257511256064662,0.20603064980743213,,,,,,,,,,
stave_a,B4,mlp,MLP residual scale model,7640,2.082197604640547,2.1138227004362555,1.1058004602887965,2.296318573429623,0.01531413612565445,0.6140872644765093,0.47591623036649217,0.887303664921466,0.20677326177050787,0.062696335078534,0.143327790049477,0.19967753060550242,,,,,,,,,,
stave_a,B4,phase_conformal_gated_cnn,Phase-conformal atom-gated CNN,7640,2.0561690820625715,2.0415120662015553,0.8697799424660771,2.2563532044651957,0.012041884816753926,0.25772562915969627,0.6569371727748691,0.9848167539267015,0.02575231936213096,0.03481675392670158,0.051430003665881185,0.21356836194875434,,,,,,,,,,
stave_a,B4,ridge,Ridge residual scale model,7640,2.026347476135042,1.968164111999016,1.1670119887367727,2.4433909866223447,0.015968586387434557,0.6409229581983183,0.4455497382198953,0.8976439790575916,0.23713975391710473,0.05235602094240832,0.14474788742975653,0.1983301760227378,,,,,,,,,,
stave_a,B4,traditional,S02/S03/S04 atom robust-width baseline,7640,2.020612833552992,1.9957702222564002,1.1927197923047665,2.6093172836431084,0.016753926701570682,3.4623292883264667,0.256282722513089,0.5053664921465969,0.42640676962391105,0.44463350785340305,0.43552013873865714,0.9422224261356094,,,,,,,,,,
stave_a,B6,cnn1d,1D-CNN residual scale model,3820,-0.3742524080551932,-0.3257994180540713,0.8156441848121281,1.8429194248129444,0.008115183246073299,1.1585356759734877,0.5397905759162304,0.8641361256544503,0.14289891622076967,0.08586387434554965,0.11438139528315967,0.1254199654557417,,,,,,,,,,
stave_a,B6,gradient_boosted_trees,HistGradientBoosting residual scale model,3820,-0.2774677709483768,-0.20457078978553866,0.9451529413172912,1.8418400612478771,0.008115183246073299,1.238324433230154,0.5698952879581152,0.8366492146596859,0.11279420417888486,0.11335078534031406,0.12156077434267068,0.14650754927300588,,,,,,,,,,
stave_a,B6,mlp,MLP residual scale model,3820,-0.3044332305201573,-0.2654108513165596,0.9864088119609871,1.7927400601310823,0.009424083769633508,1.2731929472713097,0.5547120418848167,0.8332460732984294,0.12797745025218332,0.11675392670157059,0.12236568847687695,0.16007250317548516,,,,,,,,,,
stave_a,B6,phase_conformal_gated_cnn,Phase-conformal atom-gated CNN,3820,-0.4311344506217123,-0.3517703522015694,0.755863537287004,1.7816872843407554,0.006806282722513089,0.9433037722245823,0.6107329842931937,0.9225130890052357,0.07195650784380636,0.027486910994764302,0.05245082669869162,0.05214761832817,,,,,,,,,,
stave_a,B6,ridge,Ridge residual scale model,3820,-0.31190910339587824,-0.22523916991497117,1.0371686372237416,1.9672533188903794,0.008900523560209424,1.3290361784958253,0.5520942408376963,0.8198952879581152,0.13059525129930372,0.13010471204188478,0.13034998167059425,0.18002153087690204,,,,,,,,,,
stave_a,B6,traditional,S02/S03/S04 atom robust-width baseline,3820,-0.30871764478831115,-0.20532200117570198,1.023596727955005,2.0258900688071604,0.009162303664921465,1.0399494209958682,0.6424083769633507,0.8840314136125654,0.040281115173649296,0.06596858638743452,0.05754600833993795,0.05093628272422249,,,,,,,,,,
stave_b,B6,cnn1d,1D-CNN residual scale model,3820,2.231231040310067,2.2130290613048587,0.9571676883867429,2.0542492690647873,0.011780104712041885,0.27811128966712384,0.39895287958115183,0.9769633507853404,0.2837366125558482,0.0269633507853404,0.1615803481627409,0.29854225545920143,,,,,,,,,,
stave_b,B6,gradient_boosted_trees,HistGradientBoosting residual scale model,3820,2.1717858844573388,2.1632582151113553,1.0581085851789411,1.9662386904999611,0.015968586387434557,0.5741541978174733,0.46963350785340313,0.8895287958115183,0.2130559842835969,0.06047120418848162,0.14421123821509685,0.2108960572174255,,,,,,,,,,
stave_b,B6,mlp,MLP residual scale model,3820,2.2344142199006254,2.2225746202607937,1.0701079977428196,2.106068725121668,0.01387434554973822,0.5694020254594878,0.4824607329842932,0.8989528795811519,0.20022875915270683,0.05104712041884807,0.14391679528507906,0.20644766234928652,,,,,,,,,,
stave_b,B6,phase_conformal_gated_cnn,Phase-conformal atom-gated CNN,3820,2.271736307373428,2.1934390016712833,0.8533857313788186,2.035961684055951,0.01099476439790576,0.22908190885493795,0.6675392670157068,0.987434554973822,0.01515022512129327,0.03743455497382209,0.06379911361352514,0.22182549621342562,,,,,,,,,,
stave_b,B6,ridge,Ridge residual scale model,3820,2.182302027832981,2.0435758433423175,1.1443330679533392,2.2222225560545787,0.012565445026178011,0.5772883694893248,0.44659685863874343,0.9047120418848168,0.2360926334982566,0.04528795811518316,0.1406902958067199,0.2111956294827087,,,,,,,,,,
stave_b,B6,traditional,S02/S03/S04 atom robust-width baseline,3820,2.1749716559471475,2.056204825957739,1.1969860563877377,2.3910801927774736,0.014921465968586388,7.249260013005288,0.23141361256544501,0.4746073298429319,0.451275879571555,0.47539267015706804,0.4633342748643115,1.9098157093995556,,,,,,,,,,
stave_b,B8,cnn1d,1D-CNN residual scale model,7640,0.7413631120998403,0.7321264133155019,1.4111147110779272,2.4399189806969046,0.012958115183246074,1.1662331204649652,0.48468586387434553,0.918586387434555,0.1980036282626545,0.03141361256544495,0.12764055758682463,0.13082272971997233,,,,,,,,,,
stave_b,B8,gradient_boosted_trees,HistGradientBoosting residual scale model,7640,0.8084251712802923,0.7924126210292641,1.535396627809535,2.3430950398706782,0.014397905759162303,1.2008182951327528,0.5193717277486911,0.8598167539267015,0.16331776438830892,0.09018324607329842,0.12706464135645812,0.14534598673770457,,,,,,,,,,
stave_b,B8,mlp,MLP residual scale model,7640,0.8127738794301554,0.7579757116553729,1.6097519584371756,2.426366943265538,0.013350785340314137,1.2448075341956595,0.512041884816754,0.8544502617801047,0.1706476073202461,0.09554973821989521,0.13309867277007068,0.16102588812646787,,,,,,,,,,
stave_b,B8,phase_conformal_gated_cnn,Phase-conformal atom-gated CNN,7640,0.7047337030650015,0.6980764098640826,1.416505492965613,2.4185722683745876,0.011780104712041885,1.0308272652041681,0.6285340314136125,0.9523560209424083,0.054155460723387505,0.0023560209424083878,0.04684873245785394,0.033546869831954484,,,,,,,,,,
stave_b,B8,ridge,Ridge residual scale model,7640,0.7792419105206123,0.6883534992976905,1.59863872685182,2.5695047173544414,0.01767015706806283,1.2516159589403473,0.49829842931937174,0.8552356020942409,0.1843910628176283,0.09476439790575908,0.1395777303616937,0.1675872875063571,,,,,,,,,,
stave_b,B8,traditional,S02/S03/S04 atom robust-width baseline,7640,0.7787681831852625,0.6640459071032616,1.5144565425370142,2.6759705730838053,0.020418848167539267,2.021165775851137,0.4617801047120419,0.7100785340314136,0.22090938742495814,0.23992146596858632,0.23041542669677223,0.4281030139853634,,,,,,,,,,
amplitude_bin,"amp_adc[1000,1500)",cnn1d,1D-CNN residual scale model,256,1.6685104795958798,2.048862827156988,0.6434038711135313,2.9657096114536396,0.01171875,0.33643793981978554,0.3828125,0.9453125,0.29987699213700003,0.004687499999999956,0.18450880856850002,0.2881588402214286,,,,,,,,,,
amplitude_bin,"amp_adc[1000,1500)",gradient_boosted_trees,HistGradientBoosting residual scale model,256,1.7533869099915786,2.0348996545925573,0.8516052908047049,2.9394507406202277,0.0078125,0.41309866910202697,0.515625,0.94140625,0.16706449213700003,0.008593749999999956,0.09837599606850003,0.21523389227586825,,,,,,,,,,
amplitude_bin,"amp_adc[1000,1500)",mlp,MLP residual scale model,256,1.877063489087759,2.0356567865453314,1.0947145206654325,2.772331837514856,0.0234375,0.5187425604977123,0.53125,0.9296875,0.15143949213700003,0.020312499999999956,0.11471577071650392,0.19193130058894792,,,,,,,,,,
amplitude_bin,"amp_adc[1000,1500)",phase_conformal_gated_cnn,Phase-conformal atom-gated CNN,256,1.6711958539433729,2.0039335430425353,0.6471395826671923,3.0116847216166196,0.01171875,0.32179625302176823,0.609375,0.97265625,0.07331449213700003,0.022656250000000044,0.10195283904516407,0.219031832040099,,,,,,,,,,
amplitude_bin,"amp_adc[1000,1500)",ridge,Ridge residual scale model,256,1.6573845962173257,2.003957425104904,1.0400318432101086,2.8117015026062853,0.0078125,0.6018221987685766,0.484375,0.9375,0.19831449213700003,0.012499999999999956,0.1274781304781719,0.18411760596164883,,,,,,,,,,
amplitude_bin,"amp_adc[1000,1500)",traditional,S02/S03/S04 atom robust-width baseline,256,1.7713365467238642,2.2642547856428656,0.9439871224763414,2.9557590844875987,0.0078125,7.2643920328153975,0.14453125,0.27734375,0.538158242137,0.67265625,0.6054072460684999,2.0201534427552246,,,,,,,,,,
amplitude_bin,"amp_adc[1500,2500)",cnn1d,1D-CNN residual scale model,3901,1.531414923797225,1.8691550037917963,1.4671945102991586,2.0450113140816657,0.007433991284286081,0.8196304544926376,0.44655216611125353,0.9538579851320175,0.2361373260257465,0.0038579851320175162,0.1410179067965185,0.1403456908654112,,,,,,,,,,
amplitude_bin,"amp_adc[1500,2500)",gradient_boosted_trees,HistGradientBoosting residual scale model,3901,1.593009455132567,1.9104348558070043,1.4585122378530961,2.029693586408321,0.007177646757241733,0.8133789727821505,0.5180722891566265,0.8995129453986157,0.16461720298037352,0.05048705460138425,0.1144862482474285,0.12905288326175893,,,,,,,,,,
amplitude_bin,"amp_adc[1500,2500)",mlp,MLP residual scale model,3901,1.5884746515687256,1.8610997148670947,1.4844992221751738,2.119302636988088,0.007177646757241733,0.8320868693622697,0.5070494744937195,0.8787490387080236,0.17564001764328052,0.07125096129197639,0.13724182544327648,0.1380114837540659,,,,,,,,,,
amplitude_bin,"amp_adc[1500,2500)",phase_conformal_gated_cnn,Phase-conformal atom-gated CNN,3901,1.5671843397348968,1.8765683031979847,1.446900960264209,2.0673887427045803,0.007177646757241733,0.6795196140337648,0.6534221994360421,0.9725711356062549,0.02926729270095796,0.0225711356062549,0.055399960697128575,0.10692969374264416,,,,,,,,,,
amplitude_bin,"amp_adc[1500,2500)",ridge,Ridge residual scale model,3901,1.4208659999375053,1.663541379368482,1.4650058279626421,2.1185517077805787,0.009741092027685208,0.8657218247015772,0.45552422455780567,0.8872084081004871,0.22716526757919436,0.06279159189951289,0.14550393601979456,0.14243474269923115,,,,,,,,,,
amplitude_bin,"amp_adc[1500,2500)",traditional,S02/S03/S04 atom robust-width baseline,3901,1.3989156903781483,1.9306132685278783,1.3523381274574682,2.1975816189326887,0.013586259933350423,4.53100364373247,0.36964880799794925,0.5834401435529352,0.3130406841390508,0.3665598564470648,0.33980027029305787,1.1376011136529107,,,,,,,,,,
amplitude_bin,"amp_adc[2500,4000)",cnn1d,1D-CNN residual scale model,6811,1.0859329263859714,1.367822648003191,1.5240086369369443,2.417113397145349,0.0114520628395243,1.0785966886964702,0.4645426515930113,0.9340772280135076,0.21814684054398875,0.01592277198649239,0.13336133687748547,0.1115069095261092,,,,,,,,,,
amplitude_bin,"amp_adc[2500,4000)",gradient_boosted_trees,HistGradientBoosting residual scale model,6811,1.0961628451101548,1.2384268280352657,1.6038494541741812,2.3226606084357386,0.015563059756276611,1.163314674308763,0.4930259873733666,0.8540596094552929,0.18966350476363342,0.09594039054470704,0.14280194765417023,0.14793012931781843,,,,,,,,,,
amplitude_bin,"amp_adc[2500,4000)",mlp,MLP residual scale model,6811,1.1195168363592176,1.2293951853780314,1.676358427069201,2.3969524707913616,0.012773454705623256,1.1413466764182383,0.5000734106592277,0.8659521362501835,0.1826160814777723,0.08404786374981643,0.13496903031457255,0.1357449129900999,,,,,,,,,,
amplitude_bin,"amp_adc[2500,4000)",phase_conformal_gated_cnn,Phase-conformal atom-gated CNN,6811,1.0414693533636619,1.3447058937606613,1.531708977613519,2.3815969144900735,0.009983849654969902,0.9429475482436267,0.63940684187344,0.962266921156952,0.04328265026356004,0.012266921156952049,0.048079325750965005,0.0401703372319626,,,,,,,,,,
amplitude_bin,"amp_adc[2500,4000)",ridge,Ridge residual scale model,6811,1.069879953500787,1.1549410768665993,1.6036423899552354,2.5129420555134856,0.014094846571722214,1.1259678588752187,0.4947878431948319,0.8662457788870944,0.18790164894216815,0.08375422111290554,0.13582793502753687,0.13336291598945732,,,,,,,,,,
amplitude_bin,"amp_adc[2500,4000)",traditional,S02/S03/S04 atom robust-width baseline,6811,1.0484281155841606,1.1984680969567307,1.5615803510123596,2.6379571421248404,0.017178094259286448,2.044799762828152,0.4150638672735281,0.6868301277345471,0.2676256248634719,0.26316987226545285,0.2653977485644624,0.4602482521303848,,,,,,,,,,
amplitude_bin,"amp_adc[4000,7000)",cnn1d,1D-CNN residual scale model,492,0.7923562770383448,0.2074013078322814,1.6515713029413472,4.096963132615807,0.07520325203252033,1.3795013940901149,0.4532520325203252,0.8638211382113821,0.22943745961667483,0.08617886178861789,0.15780816070264633,0.21323146904951348,,,,,,,,,,
amplitude_bin,"amp_adc[4000,7000)",gradient_boosted_trees,HistGradientBoosting residual scale model,492,0.6980250319780755,0.38913157746346627,1.733919268386987,3.3698271975969245,0.07317073170731707,1.4279401517775578,0.5101626016260162,0.8130081300813008,0.1725268905109838,0.13699186991869916,0.15475938021484145,0.22305457310552057,,,,,,,,,,
amplitude_bin,"amp_adc[4000,7000)",mlp,MLP residual scale model,492,0.9001173118863467,0.5332134221566207,1.9874820034551592,3.966438767950178,0.07317073170731707,1.441589238563186,0.47764227642276424,0.8089430894308943,0.2050472157142358,0.14105691056910563,0.17305206314167074,0.24018635699704957,,,,,,,,,,
amplitude_bin,"amp_adc[4000,7000)",phase_conformal_gated_cnn,Phase-conformal atom-gated CNN,492,0.868573520137945,0.2858286077161267,1.6169879361037658,4.119906550963107,0.06504065040650407,1.0994964859060472,0.5934959349593496,0.9166666666666666,0.08919355717765043,0.033333333333333326,0.06512523387337806,0.07178715257260225,,,,,,,,,,
amplitude_bin,"amp_adc[4000,7000)",ridge,Ridge residual scale model,492,2.1052049939385418,1.417553859599586,2.4168897762308346,4.736820846953383,0.11585365853658537,1.3081829721802976,0.491869918699187,0.790650406504065,0.19081957343781303,0.15934959349593492,0.17508458346687394,0.20835918064522985,,,,,,,,,,
amplitude_bin,"amp_adc[4000,7000)",traditional,S02/S03/S04 atom robust-width baseline,492,2.4526513940718004,1.6113911932347769,2.5544394749051467,4.917319702427415,0.09349593495934959,2.6166811041732085,0.21544715447154472,0.4329268292682927,0.4672423376654553,0.5170731707317073,0.4921577541985813,0.7732885916922381,,,,,,,,,,
charge_bin,"charge[1000,4000)",cnn1d,1D-CNN residual scale model,60,1.3623581198064145,1.8507543865110563,1.2770210744141632,1.1585344570473814,0.0,0.8331251932566496,0.5333333333333333,0.95,0.1493561588036667,0.0,0.15147351430776668,0.11692611996369595,,,,,,,,,,
charge_bin,"charge[1000,4000)",gradient_boosted_trees,HistGradientBoosting residual scale model,60,2.2021718274993747,2.3851255123600836,1.824404528512562,1.8233838212941202,0.0,0.675227567049392,0.45,0.8833333333333333,0.23268949213700002,0.06666666666666665,0.16967807940183335,0.198451667789027,,,,,,,,,,
charge_bin,"charge[1000,4000)",mlp,MLP residual scale model,60,2.014947413127388,2.3047897851531545,1.2989836004971314,1.2037851388371925,0.0,0.42697691696506807,0.5,0.95,0.18268949213700003,0.0,0.1614735143077667,0.22929652236992465,,,,,,,,,,
charge_bin,"charge[1000,4000)",phase_conformal_gated_cnn,Phase-conformal atom-gated CNN,60,1.292729893049365,1.9621469953389479,1.2991494014103202,1.281077869732865,0.0,0.9446443105251543,0.4666666666666667,0.95,0.21602282547033336,0.0,0.1948068476411,0.11654634064656977,,,,,,,,,,
charge_bin,"charge[1000,4000)",ridge,Ridge residual scale model,60,0.5055631090906914,0.5026649504887857,0.8716950404679127,0.8482479153154967,0.0,0.9518801897313479,0.6,1.0,0.08268949213700005,0.050000000000000044,0.07980684764110003,0.06515403751168805,,,,,,,,,,
charge_bin,"charge[1000,4000)",traditional,S02/S03/S04 atom robust-width baseline,60,1.2978623332439143,1.8003279154374852,1.0061114869504049,0.8940325892006957,0.0,6.58843353240033,0.31666666666666665,0.3333333333333333,0.3660228254703334,0.6166666666666667,0.49134474606850004,1.7656169426514576,,,,,,,,,,
charge_bin,"charge[14000,24000)",cnn1d,1D-CNN residual scale model,5990,1.348840801225049,1.7027427157700146,1.5597560413866012,2.252807981989692,0.007178631051752922,0.9463418301041532,0.45525876460767944,0.9462437395659432,0.2274307275293206,0.0037562604340567463,0.13741319348085396,0.10556458783501953,,,,,,,,,,
charge_bin,"charge[14000,24000)",gradient_boosted_trees,HistGradientBoosting residual scale model,5990,1.3769081876010931,1.6862227621112034,1.5148987230850472,2.1749591953781917,0.009348914858096828,0.9858691878239738,0.4931552587646077,0.8784641068447412,0.18953423337239234,0.07153589315525877,0.13335643221207263,0.10213934272893749,,,,,,,,,,
charge_bin,"charge[14000,24000)",mlp,MLP residual scale model,5990,1.382265240554784,1.639711788154301,1.5941535290436724,2.1840020833033438,0.008347245409015025,0.9602171321593437,0.5003338898163606,0.8792988313856427,0.1823556023206394,0.07070116861435727,0.13018447895664695,0.105756029433075,,,,,,,,,,
charge_bin,"charge[14000,24000)",phase_conformal_gated_cnn,Phase-conformal atom-gated CNN,5990,1.3550679433910657,1.7191344478459705,1.5294565066230015,2.189153625018786,0.007512520868113523,0.8072170751763004,0.6569282136894825,0.9699499165275459,0.02576127844751752,0.019949916527545963,0.05246761365443458,0.07274043336329943,,,,,,,,,,
charge_bin,"charge[14000,24000)",ridge,Ridge residual scale model,5990,1.287708475636039,1.5113831616345657,1.5583035840592896,2.3250236927012247,0.010350584307178631,0.9616749393977007,0.47178631051752923,0.8766277128547579,0.2109031816194708,0.07337228714524202,0.1434565991569808,0.11651428213099824,,,,,,,,,,
charge_bin,"charge[14000,24000)",traditional,S02/S03/S04 atom robust-width baseline,5990,1.1514774331806852,1.4684624659965522,1.5432940967338535,2.435076232220225,0.013856427378964942,2.040017922448094,0.41535893155258763,0.6824707846410685,0.2673305605844124,0.2675292153589315,0.2674298879716719,0.4605768965907775,,,,,,,,,,
charge_bin,"charge[24000,40000)",cnn1d,1D-CNN residual scale model,3624,0.9014271479562503,0.8935695663493135,1.5443435632883136,2.5603572678575897,0.02207505518763797,1.1652262600403964,0.4685430463576159,0.9141832229580574,0.21414644577938413,0.03581677704194253,0.13726086085878697,0.1381125859301275,,,,,,,,,,
charge_bin,"charge[24000,40000)",gradient_boosted_trees,HistGradientBoosting residual scale model,3624,0.8424979117565705,0.8055761562010737,1.6379130992906146,2.3669697658837845,0.02566225165562914,1.3048860298175908,0.5035871964679912,0.831953642384106,0.17910229566900882,0.118046357615894,0.14857432664245143,0.18765225243623626,,,,,,,,,,
charge_bin,"charge[24000,40000)",mlp,MLP residual scale model,3624,0.8858015197267484,0.811595403289143,1.6863537252396608,2.492809141572678,0.02207505518763797,1.2896282393005498,0.4958609271523179,0.8435430463576159,0.18682856498468214,0.10645695364238406,0.14664275931353313,0.18238912931028728,,,,,,,,,,
charge_bin,"charge[24000,40000)",phase_conformal_gated_cnn,Phase-conformal atom-gated CNN,3624,0.8489049831230467,0.8311350601111265,1.5728475357226133,2.5566378579934956,0.019315673289183224,1.0304961230802099,0.6211368653421634,0.9489514348785872,0.06155262679483664,0.0010485651214127145,0.045566600373135806,0.03466597884239876,,,,,,,,,,
charge_bin,"charge[24000,40000)",ridge,Ridge residual scale model,3624,1.09784581094797,0.9575613781381591,1.7269645467652381,2.829788385710844,0.02924944812362031,1.2179587341761298,0.5077262693156733,0.8369205298013245,0.1749632228213267,0.11307947019867548,0.1440213465100011,0.16250569342653326,,,,,,,,,,
charge_bin,"charge[24000,40000)",traditional,S02/S03/S04 atom robust-width baseline,3624,1.235446595709145,1.1374409274262476,1.7752475548945794,3.007242040194989,0.030629139072847682,1.9618561757251496,0.39403973509933776,0.6669426048565121,0.28864975703766227,0.2830573951434878,0.28585357609057505,0.45485422599921865,,,,,,,,,,
charge_bin,"charge[4000,8000)",cnn1d,1D-CNN residual scale model,285,1.263123393391984,1.9525277563252104,1.235177618411475,3.386203556810691,0.014035087719298246,0.8042244940214484,0.4245614035087719,0.9508771929824561,0.2581280886282281,0.0008771929824561431,0.1516079039632369,0.1515971728881182,,,,,,,,,,
charge_bin,"charge[4000,8000)",gradient_boosted_trees,HistGradientBoosting residual scale model,285,1.619514415645035,2.0741983296067517,1.2021436401034302,3.3454855339426843,0.010526315789473684,0.49638550447362917,0.519298245614035,0.9333333333333333,0.163391246522965,0.016666666666666607,0.10301141273516669,0.19667095536279228,,,,,,,,,,
charge_bin,"charge[4000,8000)",mlp,MLP residual scale model,285,1.7200389313265385,2.043858999840225,1.2966349362924467,3.3130898382284735,0.02456140350877193,0.5131682628264236,0.5403508771929825,0.9438596491228071,0.14233861494401756,0.0061403508771928905,0.11857877746566144,0.1884723701151121,,,,,,,,,,
charge_bin,"charge[4000,8000)",phase_conformal_gated_cnn,Phase-conformal atom-gated CNN,285,1.241394793274786,1.8855443009878172,1.2068778517208438,3.36884306304519,0.014035087719298246,0.7359149154029314,0.6456140350877193,0.9649122807017544,0.037075457049280724,0.014912280701754432,0.0837952650031737,0.09996702183781936,,,,,,,,,,
charge_bin,"charge[4000,8000)",ridge,Ridge residual scale model,285,1.215597709144047,1.7819451431809625,1.1405250663925919,3.1716823795102904,0.014035087719298246,0.618154476397524,0.5157894736842106,0.968421052631579,0.16690001845278946,0.018421052631579005,0.129409300090893,0.17414397369443438,,,,,,,,,,
charge_bin,"charge[4000,8000)",traditional,S02/S03/S04 atom robust-width baseline,285,1.406514417834073,2.110710532616139,1.2660451706576101,3.2406804852527182,0.010526315789473684,7.372129540526576,0.14385964912280702,0.2,0.538829843014193,0.75,0.6444149215070964,2.076343576261966,,,,,,,,,,
charge_bin,"charge[40000,80000)",cnn1d,1D-CNN residual scale model,30,1.902684665859411,0.5792044091363735,4.824347418755536,8.927368453658742,0.3333333333333333,2.0215989185728644,0.4,0.6333333333333333,0.282689492137,0.31666666666666665,0.2996780794018334,0.48015828919459114,,,,,,,,,,
charge_bin,"charge[40000,80000)",gradient_boosted_trees,HistGradientBoosting residual scale model,30,2.1619520364030578,1.7126332166664682,4.56458454410279,7.591244183502961,0.3,1.9020213959796215,0.5,0.7,0.18268949213700003,0.25,0.2564735143077667,0.39779610060609705,,,,,,,,,,
charge_bin,"charge[40000,80000)",mlp,MLP residual scale model,30,2.4437115735219614,1.5493969206184453,5.330793203743645,9.86222781998424,0.36666666666666664,1.770167433775665,0.4666666666666667,0.6333333333333333,0.21602282547033336,0.31666666666666665,0.3064735143077667,0.4023326100551079,,,,,,,,,,
charge_bin,"charge[40000,80000)",phase_conformal_gated_cnn,Phase-conformal atom-gated CNN,30,2.3074067325797367,1.4272428441186733,3.6435048837024726,9.140382035561247,0.26666666666666666,1.4488265359245833,0.4,0.7333333333333333,0.282689492137,0.21666666666666667,0.29980684764110005,0.31199738559233753,,,,,,,,,,
charge_bin,"charge[40000,80000)",ridge,Ridge residual scale model,30,3.027165900931427,1.5719707889982892,6.60268361384335,9.986117163400406,0.4,1.5942526807438562,0.5,0.7,0.18268949213700003,0.25,0.2564735143077667,0.32085392179715577,,,,,,,,,,
charge_bin,"charge[40000,80000)",traditional,S02/S03/S04 atom robust-width baseline,30,3.562689020053021,1.5765187579926163,6.492592572886226,10.009406605430392,0.3333333333333333,9.133472017835903,0.06666666666666667,0.2,0.6160228254703334,0.75,0.6830114127351667,2.545626564010351,,,,,,,,,,
charge_bin,"charge[8000,14000)",cnn1d,1D-CNN residual scale model,1471,1.5922339718659808,1.9551462671813908,1.3512659205815274,2.1303646668181417,0.007477906186267845,0.7837571011620387,0.43303874915023793,0.9666893269884432,0.2496507429867621,0.016689326988443276,0.14105582696584876,0.15590969894475387,,,,,,,,,,
charge_bin,"charge[8000,14000)",gradient_boosted_trees,HistGradientBoosting residual scale model,1471,1.7084618844807735,2.0417222654947977,1.3543563996635222,2.1126522360769564,0.007477906186267845,0.6586906598692438,0.5390890550645819,0.9177430319510537,0.1436004370724181,0.03225696804894629,0.09754800915483583,0.1536786886017391,,,,,,,,,,
charge_bin,"charge[8000,14000)",mlp,MLP residual scale model,1471,1.7476016132104144,2.0152132459797585,1.4045875603881974,2.4416544558193496,0.010197144799456152,0.7313333445608534,0.5186947654656696,0.8789938817131203,0.16399472667133042,0.07100611828687964,0.14065242779493442,0.16107998204807278,,,,,,,,,,
charge_bin,"charge[8000,14000)",phase_conformal_gated_cnn,Phase-conformal atom-gated CNN,1471,1.610010900196486,1.9273780922471246,1.3104247016399988,2.2844518842075,0.006118286879673691,0.64535179206039,0.6403806934058464,0.982324949014276,0.042308798731153674,0.03232494901427607,0.06823813726022604,0.12438002323631646,,,,,,,,,,
charge_bin,"charge[8000,14000)",ridge,Ridge residual scale model,1471,1.448158289656499,1.7257823488769475,1.3279482603744694,2.140383082034514,0.009517335146159076,0.7933559954628638,0.44119646498980286,0.9170632222977566,0.24149302714719717,0.03293677770224335,0.13769076918202822,0.15469114464215122,,,,,,,,,,
charge_bin,"charge[8000,14000)",traditional,S02/S03/S04 atom robust-width baseline,1471,1.5621776600763613,2.008788701089564,1.2388456818356766,2.1508323671440692,0.009517335146159076,7.473081021355129,0.29503738953093134,0.4418762746430999,0.3876521026060687,0.5081237253569,0.4478879139814843,1.9541861908248954,,,,,,,,,,
peak_sample_bin,peakmax_10,cnn1d,1D-CNN residual scale model,657,1.4577650364960826,1.480123820698438,1.5794325108982836,3.5220688311156807,0.0213089802130898,0.927514469458933,0.4185692541856925,0.9010654490106544,0.2641202379513075,0.048934550989345516,0.1643660550487131,0.13747659363260828,1.4027691716455601,1.748193342271778,0.669992139721745,1.1407062691420626,0.3505070092514039,0.5064432733274029,0.8598151827672124,0.9388739672821829,0.10476613090410497,0.21573634628517993
peak_sample_bin,peakmax_10,gradient_boosted_trees,HistGradientBoosting residual scale model,657,1.6505374881694292,1.58067622963884,1.6500191138304932,3.4366787941384493,0.0228310502283105,0.9539887481983303,0.4687975646879756,0.817351598173516,0.2138919274490244,0.13264840182648396,0.17327016463775416,0.14145543642873304,1.3338096678757143,1.8767942690033554,0.7755786624884898,1.1756913343833986,0.31590063694112613,0.60387223233394,0.6887069925679917,0.9193385317373504,0.07251857541610708,0.26928775652359077
peak_sample_bin,peakmax_10,mlp,MLP residual scale model,657,1.6048752638724413,1.5327472635426318,1.6645723242185848,3.376842372984493,0.0273972602739726,0.9922522388812418,0.441400304414003,0.8280060882800608,0.241289187722997,0.12199391171993912,0.18164154972146804,0.1381681025707906,1.3965815957838956,1.8466872535733228,0.865615074775904,1.130892269245667,0.3429806108381866,0.5710762362599672,0.7723002762016817,0.889358792852679,0.08851766867814856,0.20545642560424804
peak_sample_bin,peakmax_10,phase_conformal_gated_cnn,Phase-conformal atom-gated CNN,657,1.5494242469029273,1.5721773359737696,1.5366379786337157,3.4962664308980087,0.0213089802130898,0.7375077287068014,0.6027397260273972,0.9452054794520548,0.0799497661096028,0.004794520547945158,0.06253957103044828,0.10244403224529872,1.3205492130053,1.7163774340017586,0.47845657817971904,0.9476089124907533,0.5373024236037934,0.6735119167236042,0.9089341619832431,0.9700763457556936,0.05478547288978917,0.1889346958653179
peak_sample_bin,peakmax_10,ridge,Ridge residual scale model,657,1.515965733172831,1.4508774229206765,1.7124834402908127,3.5703931452622997,0.030441400304414,0.9834713152568558,0.487062404870624,0.8569254185692542,0.195627087266376,0.09307458143074576,0.14435083434856089,0.11239529694720671,1.4454503132162193,1.9905950406185644,0.854487684391126,1.1367089632975378,0.3420598849857497,0.6123434553427396,0.786535725273035,0.9225169558841501,0.06278051322269457,0.20165505072556691
peak_sample_bin,peakmax_10,traditional,S02/S03/S04 atom robust-width baseline,657,1.494831582263998,1.5066314234817355,2.0191131924077204,3.859110714402395,0.0334855403348554,1.3908891185453378,0.426179604261796,0.7503805175038052,0.256509887875204,0.19961948249619477,0.2280646851856994,0.268770793525609,1.604754626420286,2.2833112098353663,1.0587597997204914,1.6843885232411369,0.28116502370567825,0.5649970729422784,0.5856193526924645,0.8924262882204794,0.08768488711057591,0.4476688182297999
peak_sample_bin,peakmax_11,cnn1d,1D-CNN residual scale model,460,1.0859747791330436,1.2760514701217005,1.7170631230236784,3.756857336885426,0.03260869565217391,1.1067869903829757,0.4717391304347826,0.8956521739130435,0.21095036170221743,0.05434782608695643,0.14264909389458696,0.12868356801668412,1.368127113888503,2.0481858262525794,0.9197333470110348,1.2694390212894517,0.3560106513325785,0.6168780204207696,0.8633607986868856,0.9324477770260676,0.051218830059761425,0.2124091702426208
peak_sample_bin,peakmax_11,gradient_boosted_trees,HistGradientBoosting residual scale model,460,1.1160120118127164,1.2711712203394931,1.813362159575619,3.810942309673038,0.030434782608695653,1.316867982181437,0.45869565217391306,0.8260869565217391,0.22399383996308697,0.12391304347826082,0.1739534417206739,0.2096820768358647,1.442542225318484,2.2655498225965207,0.9123033894321735,1.571145560754306,0.34603355328416785,0.6179664570230606,0.7378435449522275,0.9281571428571429,0.05888814455732451,0.34245424497528953
peak_sample_bin,peakmax_11,mlp,MLP residual scale model,460,1.2034431924549116,1.247918409871719,1.8339057939499668,3.9784669343797856,0.030434782608695653,1.2698795342428542,0.45217391304347826,0.7804347826086957,0.23051557909352177,0.16956521739130426,0.20263293459762172,0.21814831633132548,1.4142888870473613,2.0837370263240245,0.840694855481397,1.5720972210916597,0.3363940066592675,0.6350020064205455,0.6680077093004164,0.9106741472493647,0.07331154811964688,0.3661511944474798
peak_sample_bin,peakmax_11,phase_conformal_gated_cnn,Phase-conformal atom-gated CNN,460,1.0602999459700722,1.2600074157106675,1.6924841196157123,3.985359817018223,0.030434782608695653,0.9730810349865189,0.5673913043478261,0.9130434782608695,0.11529818778917389,0.036956521739130443,0.08612735476415216,0.06632525732648441,1.4388369186789425,1.8571022106648039,0.8110513440012607,1.1760603475225213,0.4773243390975949,0.6561794019933554,0.87400560543897,0.9454108095918213,0.0489127416858655,0.1282587013618373
peak_sample_bin,peakmax_11,ridge,Ridge residual scale model,460,1.2378068974395144,1.3405871452312041,1.8729051558780134,3.9751852332442823,0.03260869565217391,1.155780449875726,0.4717391304347826,0.8630434782608696,0.21095036170221743,0.08695652173913038,0.14895344172067393,0.15066019375943696,1.493412892505295,2.394004921742545,0.906959760437944,1.3950594347214873,0.35606618809983664,0.6337543859649122,0.7705337886412653,0.9475560488200938,0.046878947233885686,0.26653386572585963
peak_sample_bin,peakmax_11,traditional,S02/S03/S04 atom robust-width baseline,460,0.8676884451098661,0.8727077265291143,1.9869509017367823,4.18828001492289,0.030434782608695653,1.4923878890623703,0.4260869565217391,0.7673913043478261,0.2566025356152609,0.18260869565217386,0.2196056156337174,0.2878011839908806,1.559879279539206,2.5440673854986984,1.124201743853372,1.9561511192949386,0.34809269020243855,0.5238469688594066,0.6615772206355519,0.8953663709539835,0.1265276830169096,0.46825724528412105
peak_sample_bin,peakmax_12,cnn1d,1D-CNN residual scale model,163,0.6608035374555916,1.5923822549940922,1.4278522936943436,4.072729000157274,0.012269938650306749,1.2011411120199253,0.4233128834355828,0.9386503067484663,0.2593766087014172,0.011349693251533677,0.15315456201942027,0.15625549399807412,1.2342063906995164,1.6187831598339633,0.8747132994852227,1.4139609653480867,0.3321029082774049,0.5207867612609597,0.8810740740740741,0.9789603611228663,0.089069111911358,0.241445652853049
peak_sample_bin,peakmax_12,gradient_boosted_trees,HistGradientBoosting residual scale model,163,0.897834779719966,1.6076540223728841,1.5416053339540894,3.615380883318854,0.012269938650306749,0.9049965355447214,0.6012269938650306,0.9263803680981595,0.08146249827196939,0.023619631901840465,0.08150576913278834,0.0703978409404692,1.164411293458748,1.7940020433021364,0.6250900447772982,1.157229964033859,0.4363051470588235,0.7997421107245314,0.8745648734177215,0.9770955788397648,0.03533636924607701,0.17268059725369583
peak_sample_bin,peakmax_12,mlp,MLP residual scale model,163,0.9690022242132936,1.525880689255203,1.5851041746223784,4.132960321670855,0.012269938650306749,0.8644212990915313,0.5521472392638037,0.8588957055214724,0.13054225287319632,0.09110429447852753,0.14592294704689876,0.12578704882677283,1.203649091349476,1.87545914923261,0.5966938490882754,1.145341413898978,0.38862648221343876,0.7234444444444443,0.7647348484848485,0.9362944115470022,0.08978325565574116,0.22932189933735458
peak_sample_bin,peakmax_12,phase_conformal_gated_cnn,Phase-conformal atom-gated CNN,163,0.5987648986151679,1.7123181397002298,1.3528010489301607,4.491358876361311,0.012269938650306749,0.9833482318304252,0.6441717791411042,0.9447852760736196,0.03851771299589579,0.005214723926380338,0.0824501633144816,0.035708592101583135,1.1835017799685854,1.6005454759493816,0.6886625496123161,1.1868392407302475,0.5276300465838509,0.7366386727517581,0.8913550475687104,0.9864622154692965,0.034997582004662894,0.14749312881594437
peak_sample_bin,peakmax_12,ridge,Ridge residual scale model,163,0.6253271117815276,1.4388373001140877,1.2730711989447294,3.778307385530145,0.012269938650306749,0.9200499479812643,0.4785276073619632,0.9570552147239264,0.20416188477503683,0.007055214723926451,0.11923583048248161,0.10260074550004515,1.1264033677480256,1.5233289751565025,0.7588850866653848,1.27209758637032,0.3980401790588492,0.5919308850364964,0.9062721134567756,1.0,0.07959334150100424,0.18826110225888226
peak_sample_bin,peakmax_12,traditional,S02/S03/S04 atom robust-width baseline,163,0.567455705632349,1.6469033704885732,1.330388107835388,3.572520038532468,0.018404907975460124,7.556628135597935,0.26993865030674846,0.3987730061349693,0.41275084183025157,0.5512269938650307,0.4819889178476411,2.0006487222852147,1.0829895641057272,1.6573040474414582,6.858234050387335,8.716026954957362,0.19964743589743592,0.3286225570991288,0.29133858267716534,0.4979046242774566,1.8113867712529794,2.2849410241620305
peak_sample_bin,peakmax_13,cnn1d,1D-CNN residual scale model,157,1.4841387483991155,1.9284422346272123,1.401652986011978,4.610476755089056,0.07006369426751592,1.0266931876470924,0.43312101910828027,0.9681528662420382,0.24956847302871976,0.018152866242038268,0.14532563778824525,0.10993504117652392,1.3207908520393552,1.606317193424797,0.8173839457789489,1.2907004657975043,0.3102290265681843,0.5726952120156004,0.8960603503696561,1.0,0.08085678807109392,0.22720600288153797
peak_sample_bin,peakmax_13,gradient_boosted_trees,HistGradientBoosting residual scale model,157,1.6077322209690963,2.047153477745283,1.4333775415041978,3.298527229496558,0.050955414012738856,0.7267696335766486,0.5796178343949044,0.8789808917197452,0.10307165774209559,0.0710191082802547,0.10426790690681847,0.13789725983813006,1.0995965238561896,1.9303494720160166,0.43491928907224897,1.2577606402628014,0.4555699481865285,0.764303551609323,0.7810315200314218,0.9745022123893804,0.08296317733945931,0.21839755873793198
peak_sample_bin,peakmax_13,mlp,MLP residual scale model,157,2.2280784973939793,2.1941134992226665,1.6211803138625123,3.2816539305901413,0.07643312101910828,0.7171694896187968,0.554140127388535,0.8662420382165605,0.128549364748465,0.08375796178343942,0.1170067604100032,0.15303614933077772,1.1917074617538415,2.2309481354614533,0.4044913696276131,1.1975206387930937,0.4081066571224052,0.7327566964285713,0.791061984814016,0.9433257083825264,0.0719284502575249,0.2118430229270519
peak_sample_bin,peakmax_13,phase_conformal_gated_cnn,Phase-conformal atom-gated CNN,157,1.4549091522368176,1.8575973459400785,1.318168736741608,4.047527839436149,0.06369426751592357,0.8622008379550112,0.6624203821656051,0.9299363057324841,0.020269109971394972,0.020063694267515864,0.06779180173169747,0.06148094200389927,1.228148167004303,1.4335295721759134,0.6557042439264116,1.1613387908626374,0.5023089171974522,0.7827564902493331,0.8622983233154066,1.0,0.04502461360504843,0.14970451914653105
peak_sample_bin,peakmax_13,ridge,Ridge residual scale model,157,1.6113667751460592,1.603327050107481,1.3143042648746093,5.2794039186634185,0.07006369426751592,0.8977428773728763,0.4968152866242038,0.9363057324840764,0.1858742055127962,0.013694267515923508,0.12783478588771024,0.10741509538588842,1.1549953970001483,1.5828770112021553,0.7105674834096172,1.2203020036881538,0.3489800509974501,0.6733830529990478,0.8676925114800424,1.0,0.08166622426494997,0.19647110928536643
peak_sample_bin,peakmax_13,traditional,S02/S03/S04 atom robust-width baseline,157,1.823414191269263,1.8743492645505029,1.2464592028612185,5.738344207664431,0.07006369426751592,8.890366037885439,0.17834394904458598,0.31210191082802546,0.5043455430924141,0.6378980891719745,0.5711218161321943,2.4009328715705056,1.1028750946874175,1.3718453797919807,7.966246178146141,9.825709256774662,0.1267751910846607,0.25673877683799595,0.2306774590460566,0.43123275862068955,2.1126112401530404,2.6518711573105267
peak_sample_bin,peakmax_14,cnn1d,1D-CNN residual scale model,109,1.4518321353077712,1.934614524931078,1.5448465142078887,5.267394432707403,0.14678899082568808,1.1602388650833988,0.4036697247706422,0.963302752293578,0.2790197673663578,0.013302752293578024,0.1635924524905184,0.15403845930846327,1.2449335207749908,3.7558581275939935,0.7022442883569281,1.2737335378856072,0.252389751170239,0.533049140708915,0.9047429906542056,1.0,0.09092454774414507,0.23032900989534943
peak_sample_bin,peakmax_14,gradient_boosted_trees,HistGradientBoosting residual scale model,109,1.6358013091337318,2.0730772082393827,1.634722538137313,4.756006842969218,0.11926605504587157,0.8530204368240409,0.5321100917431193,0.8440366972477065,0.15057940039388074,0.10596330275229349,0.1282713515730872,0.13294840447380513,1.0292984781972079,3.409855954198644,0.4752714305226213,1.2655390334514762,0.36026126126126123,0.6789855072463767,0.7180962820864164,0.9459608843537415,0.0931105343014287,0.26279693890938133
peak_sample_bin,peakmax_14,mlp,MLP residual scale model,109,1.5224327131685684,2.085732466278941,1.8792376139297033,4.4883068742862555,0.08256880733944955,1.045395826597965,0.47706422018348627,0.8073394495412844,0.20562527195351377,0.1426605504587155,0.1741429112061147,0.14195614005407725,1.3585520692637238,2.768826956082071,0.6552647333852161,1.2801464099221709,0.2628768523249872,0.6448569171881643,0.6567088659455916,0.9252546296296297,0.07714946075226678,0.27987581933177014
peak_sample_bin,peakmax_14,phase_conformal_gated_cnn,Phase-conformal atom-gated CNN,109,1.1799745373486197,1.9304495481612065,1.4115726539084463,4.835061122709095,0.09174311926605505,0.9196073998225099,0.5871559633027523,0.9174311926605505,0.0955335288342477,0.032568807339449446,0.08434164832512386,0.07320914616907777,1.1959505400595134,2.4509493315575654,0.7017491686577743,1.2323458753000245,0.40391891891891896,0.8373186245279269,0.8504246379402824,0.978950668896321,0.05843889607817243,0.18257723894093772
peak_sample_bin,peakmax_14,ridge,Ridge residual scale model,109,1.7317334648382592,1.3420677288097664,1.2445477064933932,5.75072204878542,0.12844036697247707,0.8313355978814716,0.5596330275229358,0.8807339449541285,0.12305646461406428,0.06926605504587147,0.15314898777466515,0.12853397738828232,0.8998300924858897,5.535920331586494,0.4560576972116888,2.0399915159856317,0.4094488188976378,0.7207437782805429,0.7743877551020408,1.0,0.054199447200318156,0.4491411119816394
peak_sample_bin,peakmax_14,traditional,S02/S03/S04 atom robust-width baseline,109,2.1608778594615226,1.8791787702487142,1.2526329208146214,6.225095383691105,0.12844036697247707,9.257907169633137,0.26605504587155965,0.3302752293577982,0.4166344462654404,0.6197247706422018,0.5181796084538212,2.45311149874865,1.045305928983639,6.240375765517529,6.309324377600385,16.458918843878806,0.18987611263266005,0.41614609892911775,0.24446094539939334,0.49474637681159406,1.6285154295811601,4.292155900732926
peak_sample_bin,peakmax_15,cnn1d,1D-CNN residual scale model,111,0.8063085250292322,1.9755568954906835,1.623785288144284,4.963971498509369,0.12612612612612611,1.1828820038769579,0.35135135135135137,0.8828828828828829,0.33133814078564866,0.0671171171171171,0.21904744877120272,0.20009617763773158,1.3844848011764224,2.5655992438707194,0.8543234718326554,1.4979720593335066,0.235496738877242,0.47355076066421387,0.7969014084507042,0.9557804802955665,0.11997208990472122,0.32314326670790605
peak_sample_bin,peakmax_15,gradient_boosted_trees,HistGradientBoosting residual scale model,111,1.3684351503329053,2.0236524457920666,1.877680915952643,4.033421669380405,0.11711711711711711,0.8932585920848104,0.5675675675675675,0.9279279279279279,0.11512192456943249,0.02207207207207207,0.08013601789720275,0.08101785561347423,1.524609057124658,2.2485274639017216,0.4936612063514792,1.135529235622744,0.3440658914728682,0.6917144026186579,0.8555869872701556,0.9898296947645038,0.044577483607707385,0.25012631577922023
peak_sample_bin,peakmax_15,mlp,MLP residual scale model,111,1.493300668351988,2.288746351829971,1.99636345287227,5.022226846509604,0.13513513513513514,0.8911745679197614,0.5135135135135135,0.8738738738738738,0.16917597862348654,0.07612612612612613,0.1456072837338063,0.1249337051409144,1.5512087807526345,3.0246208972874093,0.5522887283983504,1.3177729892105012,0.38526964398567515,0.649966931216931,0.7861780777884925,0.9537740628166159,0.05948286739892741,0.23788921989546113
peak_sample_bin,peakmax_15,phase_conformal_gated_cnn,Phase-conformal atom-gated CNN,111,0.8874625729350938,1.9451999806342144,1.5867365227740806,4.5148586442031045,0.11711711711711711,1.109561208240386,0.5585585585585585,0.9279279279279279,0.12413093357844152,0.02207207207207207,0.11691700431285137,0.09317030455093775,1.3838937770210349,2.820910700085753,0.8331764663174628,1.3453203917463836,0.4032584269662921,0.6907821539830885,0.8625,0.98607251617815,0.044555384359067564,0.19563401343471168
peak_sample_bin,peakmax_15,ridge,Ridge residual scale model,111,0.941281474583486,1.4773395798263493,1.5448084032347833,5.037010743079638,0.10810810810810811,1.0781708577526439,0.5495495495495496,0.8648648648648649,0.13313994258745043,0.08513513513513504,0.1263764637723108,0.10570559981188504,1.1554420854337553,2.0069568471185466,0.6533694575241293,1.7484903644111573,0.30274982027318476,0.7826680672268906,0.7518685567010309,0.9645419254658385,0.04971884757360088,0.38731766614359736
peak_sample_bin,peakmax_15,traditional,S02/S03/S04 atom robust-width baseline,111,1.1885695443279478,1.8757259828438038,1.2634278196731328,5.648259730909537,0.10810810810810811,9.15087714000109,0.14414414414414414,0.22522522522522523,0.5385453479928559,0.7247747747747747,0.6316600613838153,2.5114643310381335,1.105081433295312,1.50169222272108,8.295142350854839,10.314745869552333,0.07801659125188537,0.20061797752808985,0.14989173228346456,0.2934263689526847,2.281606164751514,2.826354809029602
peak_sample_bin,peakmax_16,cnn1d,1D-CNN residual scale model,114,1.4668955941252388,1.8072935111198944,1.3679169798447854,1.683204578261398,0.017543859649122806,0.943597543269769,0.5614035087719298,0.956140350877193,0.12128598336507024,0.0061403508771930015,0.11148758257462282,0.07382909338677927,1.1640163472175091,1.6333328043195376,0.6677581260554835,1.377730933429969,0.41171874999999997,0.6802556646068096,0.8773783359497646,1.0,0.054909054147665365,0.20474211610475146
peak_sample_bin,peakmax_16,gradient_boosted_trees,HistGradientBoosting residual scale model,114,2.0128393348483105,1.922327498166382,1.662947390120747,2.6818102132084034,0.05263157894736842,0.6368993549707996,0.543859649122807,0.8947368421052632,0.138829843014193,0.05526315789473679,0.10932720220885091,0.16663021203674527,1.2245353448765361,2.483901046195951,0.3776186887766754,1.0975133643453803,0.39255338733431516,0.6817851693622214,0.8037448146227638,0.9776575456053068,0.12825160218064866,0.24173157785491556
peak_sample_bin,peakmax_16,mlp,MLP residual scale model,114,1.8768594254307427,2.021020774607642,1.3997750913692586,1.7115874191662728,0.017543859649122806,0.743536481253569,0.5175438596491229,0.868421052631579,0.16514563248787717,0.08157894736842097,0.18211791870752628,0.17132650432756386,1.123372386509281,1.764823024949397,0.4984236542804298,1.050485468984209,0.35158382066276805,0.6802699386503067,0.7792558613659532,0.9496953781512605,0.11465678230795558,0.26714345200894346
peak_sample_bin,peakmax_16,phase_conformal_gated_cnn,Phase-conformal atom-gated CNN,114,1.5614332543433604,1.6930654623837782,1.2014902641402876,1.653676172149541,0.03508771929824561,0.7077568662617297,0.631578947368421,0.9298245614035088,0.051110544768579014,0.02017543859649118,0.10622442467988598,0.1174383854458066,1.0954851721855223,1.611566440495653,0.5111713656572412,0.9106679113145054,0.5213731144631766,0.7388518024032042,0.8450393800813009,1.0,0.0837715464405795,0.18054393965093585
peak_sample_bin,peakmax_16,ridge,Ridge residual scale model,114,1.5808833379797615,1.4649059000303382,1.358118917050865,2.3685056184221334,0.043859649122807015,1.0007644853754931,0.4649122807017544,0.956140350877193,0.21777721143524564,0.0061403508771930015,0.1483459888829649,0.09325700914272417,1.1609014168638478,2.186182927823517,0.8406680504548708,1.2354360878887087,0.3250170998632011,0.5607925036746693,0.8768400371810039,1.0,0.0741234512763867,0.19325853782881036
peak_sample_bin,peakmax_16,traditional,S02/S03/S04 atom robust-width baseline,114,1.883291781904543,1.8653529823234862,1.1613106565097255,2.7792084288085532,0.05263157894736842,8.191072615067402,0.19298245614035087,0.2719298245614035,0.48970703599664916,0.6780701754385965,0.5838886057176227,2.2356846080550676,1.0911431191413892,1.6890911485257154,7.028780105097688,9.529872416625656,0.1410421434019832,0.26240950226244336,0.21116197950730325,0.3525350140056023,1.939778305414764,2.5939421162732215
peak_sample_bin,peakmax_17,cnn1d,1D-CNN residual scale model,252,0.13713337173878606,1.8129669376530302,1.3446549095759783,5.863528887919906,0.05555555555555555,1.008170568839758,0.5198412698412699,0.9365079365079365,0.16284822229573015,0.013492063492063444,0.10801141273516669,0.07313056684067956,1.2532146996283415,1.4329467493414776,0.8823240546795613,1.1078304221220483,0.37983075911929015,0.6717627754336615,0.8947574231177094,0.9694666771291065,0.037329676183096155,0.15400272339237642
peak_sample_bin,peakmax_17,gradient_boosted_trees,HistGradientBoosting residual scale model,252,0.9086416912576856,2.105298359019308,1.8827693695236052,5.477523071189732,0.07539682539682539,0.8729327349784974,0.47619047619047616,0.9007936507936508,0.20649901594652387,0.04920634920634914,0.12983680956056348,0.12815235993373475,1.5117704417160243,2.352908023632347,0.541289338730015,1.1945902037477736,0.34761334835257673,0.5776656317509254,0.841834727004427,0.951564857101527,0.08371289660994306,0.24990218413129373
peak_sample_bin,peakmax_17,mlp,MLP residual scale model,252,0.8124875118842241,2.1427923300494243,1.6107133114745538,5.7043245956061215,0.05555555555555555,0.6787182381849961,0.5119047619047619,0.9047619047619048,0.17078473023223817,0.04523809523809519,0.12460996789791666,0.16547863879581348,1.4402671739065551,1.8510065251857422,0.5218970273654323,0.9923032247551127,0.42857142857142855,0.6180306739364266,0.8704247263457789,0.9425480769230768,0.09359210295945276,0.2173218239145463
peak_sample_bin,peakmax_17,phase_conformal_gated_cnn,Phase-conformal atom-gated CNN,252,0.1980616760193396,1.8428239425957216,1.334053858095447,5.6677106219860205,0.051587301587301584,0.9071330960565169,0.5992063492063492,0.9444444444444444,0.08348314293065084,0.005555555555555536,0.08492742821537698,0.0667082576612666,1.2670499757118656,1.4314327165762633,0.8066269439072744,1.0984721862719924,0.47093460648148144,0.6839651355838405,0.884509587020649,0.9855813060179257,0.036591820952999655,0.12249723156661106
peak_sample_bin,peakmax_17,ridge,Ridge residual scale model,252,-0.07901442168856024,1.0693254074394716,1.2728877200373516,5.662625875981567,0.05555555555555555,0.9690140314265357,0.5357142857142857,0.9722222222222222,0.14697520642271433,0.022222222222222254,0.10298298377093255,0.07579159524733335,1.0605052285359502,1.4126115682218363,0.7103504094246862,1.1302015023268974,0.3472107527346621,0.6902329749103943,0.9404417293233083,0.9964230839029702,0.04569438995783993,0.1697780965443009
peak_sample_bin,peakmax_17,traditional,S02/S03/S04 atom robust-width baseline,252,0.19349652650084723,1.763271599615095,1.1690626643397122,5.782349684821272,0.05952380952380952,7.383485023273373,0.23412698412698413,0.29365079365079366,0.4485625080100159,0.6563492063492062,0.5524558571796111,2.0102131487030515,1.0893839448668385,1.2706592983601825,6.656528066065913,8.843038056079505,0.18978280542986425,0.29474289297658857,0.2576095947063689,0.3461950014965579,1.8124913366743403,2.3850460828503515
peak_sample_bin,peakmax_3,cnn1d,1D-CNN residual scale model,42,0.8453300971280442,1.1066592786274398,1.1755596959316936,1.060650898530848,0.0,1.0133013250181964,0.5714285714285714,1.0,0.11126092070842863,0.050000000000000044,0.11726103328050004,0.07295581975178127,0.8102586540668084,1.3385402427072788,0.6985448883370816,1.3251985650162312,0.2546474358974359,0.803921568627451,1.0,1.0,0.04712302852831504,0.2628869340146316
peak_sample_bin,peakmax_3,gradient_boosted_trees,HistGradientBoosting residual scale model,42,1.3675588495077378,1.5804635769719049,1.2926137351668032,1.761698253087597,0.047619047619047616,0.7802584185487905,0.7380952380952381,0.9523809523809523,0.055405745958238106,0.0023809523809523725,0.13049423734638096,0.10200562928419524,1.0381356170769944,3.674474008912009,0.5636024883027342,1.9522027741549641,0.5,1.0,0.7777777777777778,1.0,0.07230802110035184,0.37279774610541005
peak_sample_bin,peakmax_3,mlp,MLP residual scale model,42,1.21601919438777,1.1398743167918148,2.094659175322195,1.8644721989137165,0.0,0.9583018533106771,0.6428571428571429,0.8809523809523809,0.03983234927985713,0.06904761904761902,0.16501804687019048,0.0788990404717474,1.0459841720319294,2.5784657354263882,0.4313870065498756,1.9583940484857145,0.4176393154892497,0.8936755952380953,0.7098382749326145,1.0,0.06587794645289047,0.42889369668194915
peak_sample_bin,peakmax_3,phase_conformal_gated_cnn,Phase-conformal atom-gated CNN,42,0.8580136973153458,1.23442408675459,1.171887215039119,1.2006414391677873,0.0,0.858439525140013,0.6666666666666666,0.9761904761904762,0.0160228254703334,0.02619047619047621,0.1150180468701905,0.07469795584774679,0.9668316902172938,1.4194079455381803,0.6178632711132817,1.37035938694216,0.47725694444444444,0.846240601503759,0.9090909090909091,1.0,0.05853371951387771,0.22583158851935678
peak_sample_bin,peakmax_3,ridge,Ridge residual scale model,42,0.7601428968485813,0.9945177284488835,1.6673523734137419,1.5892519765549336,0.0,1.0309821324818584,0.6666666666666666,1.0,0.0160228254703334,0.050000000000000044,0.07902957217742859,0.04400863253240512,0.9592876010268901,2.1502709498197667,0.7048854632819683,1.3352410149754845,0.4874031007751938,0.820764652014652,1.0,1.0,0.046404809840902374,0.1845004960969924
peak_sample_bin,peakmax_3,traditional,S02/S03/S04 atom robust-width baseline,42,1.3762230583510653,2.0930054381428107,1.2808525893955938,1.1902375062758357,0.0,5.083245487372384,0.30952380952380953,0.40476190476190477,0.3731656826131905,0.5452380952380952,0.45920188892564284,1.365212788537328,1.1725915944201912,1.3739704013635627,3.054138776299126,6.833513860548136,0.13987209302325582,0.5383928571428569,0.22889344262295083,0.6187400635930047,0.7875022921737478,1.8588104681958408
peak_sample_bin,peakmax_4,cnn1d,1D-CNN residual scale model,520,1.2427052008097967,1.7720654923273536,1.2565698017906375,1.0993334198896911,0.0,0.9388190868657091,0.45576923076923076,0.9788461538461538,0.22692026136776927,0.028846153846153855,0.13326782299157697,0.11255378783494774,1.1939130503317958,1.3139125224981743,0.8522498272654516,1.0599449267337826,0.33664082539318835,0.5947715572715573,0.9608695905410914,0.9963235972683647,0.082165854645623,0.15441249100022686
peak_sample_bin,peakmax_4,gradient_boosted_trees,HistGradientBoosting residual scale model,520,1.2111775299933416,1.772143186766293,1.2649391339362115,1.3661048885549727,0.0057692307692307696,0.9057319848033881,0.6192307692307693,0.9384615384615385,0.06345872290623078,0.011538461538461497,0.06172992456417693,0.05774878105137027,1.2151021364080623,1.366761193241016,0.7921938747188256,1.035157485892347,0.534103500498428,0.6913089984731288,0.8954941055463249,0.9739736327910601,0.04170550695794317,0.09581813462100232
peak_sample_bin,peakmax_4,mlp,MLP residual scale model,520,1.3226528370576243,1.7533581254491963,1.4595278761494062,1.4710750976824165,0.009615384615384616,1.0191108656456933,0.573076923076923,0.9403846153846154,0.10961256906007699,0.009615384615384581,0.10115300148725388,0.05987295520210219,1.3132867031694677,1.5470537223597405,0.7802858756457693,1.1140827499537362,0.4980898785695594,0.6501581930058541,0.8990772834267919,0.9771078431372549,0.04427381811045086,0.11555906968115993
peak_sample_bin,peakmax_4,phase_conformal_gated_cnn,Phase-conformal atom-gated CNN,520,1.2241384392427543,1.7041980467555469,1.226330337758039,1.0554091397796541,0.0,0.8103305687195703,0.6923076923076923,0.9903846153846154,0.00961820017069226,0.04038461538461546,0.06538433382908462,0.0762641451662055,1.1272476624268324,1.2797859522094306,0.7133529911658467,0.9560068308643255,0.5463076450092232,0.8291925989853893,0.9709066313269996,1.0,0.05526146487526219,0.132151998401724
peak_sample_bin,peakmax_4,ridge,Ridge residual scale model,520,1.062781155919181,1.4072916707336987,1.45649217070349,1.3597228267898145,0.0,1.072400891224031,0.4634615384615385,0.9576923076923077,0.21922795367546155,0.007692307692307776,0.1303832076069616,0.10742609004969049,1.3457034933777288,1.6139633771260125,0.9478027431143746,1.199770909361085,0.40066151608083667,0.5299097985347984,0.9288089777195282,0.9785675607533937,0.08120968623710077,0.15468806219195835
peak_sample_bin,peakmax_4,traditional,S02/S03/S04 atom robust-width baseline,520,1.4569722145433288,1.955504261084112,1.2302799261705684,1.0687331968659308,0.0,5.0065983394159135,0.20384615384615384,0.2692307692307692,0.4788433382908462,0.6807692307692308,0.5798062845300385,1.4365042982515073,1.175796316530982,1.2771917057423237,4.684246118728619,5.4015097796800235,0.15108435792349728,0.26625941495883687,0.23243846532665838,0.3155893300248139,1.3463501984266402,1.5385102320511297
peak_sample_bin,peakmax_5,cnn1d,1D-CNN residual scale model,954,1.1905154667656777,1.7777915155125434,1.291417411222465,1.163519498749245,0.0010482180293501049,0.9843163679419034,0.469601677148847,0.989517819706499,0.21308781498815305,0.039517819706499036,0.12630281734732604,0.09864802102501868,1.2414579216304662,1.3318536202643199,0.9047194694070763,1.0636320971372732,0.4040247223676873,0.5102440130731719,0.9774746062749875,0.9986315422589094,0.08368950411187001,0.12575284710765017
peak_sample_bin,peakmax_5,gradient_boosted_trees,HistGradientBoosting residual scale model,954,1.2015341533852462,1.9189621267426205,1.2276743905841567,1.2965340026176757,0.005241090146750524,0.8366329806679038,0.589098532494759,0.9643605870020965,0.09359095964224107,0.014360587002096525,0.09491529848132288,0.09155846611443916,1.1751967621231765,1.2798405535736384,0.7727977100846065,0.9166396857110245,0.48273458118702867,0.7025386393182146,0.9422326354484853,0.9853277636906095,0.06154522693205267,0.12641881190894713
peak_sample_bin,peakmax_5,mlp,MLP residual scale model,954,1.1728409657409755,1.6631354196590706,1.3851122807231557,1.3477451202750164,0.0041928721174004195,0.9068631087955206,0.5754716981132075,0.9433962264150944,0.1072177940237925,0.006603773584905603,0.1063932859027065,0.078337936178971,1.3186261790429343,1.475621049403131,0.8332954354014728,1.0371137175214993,0.5218272206588199,0.6396004949588825,0.9031330480230267,0.9877045793857219,0.06391422353359781,0.10043817828159526
peak_sample_bin,peakmax_5,phase_conformal_gated_cnn,Phase-conformal atom-gated CNN,954,1.1556307822749698,1.737219616007561,1.2730370916238676,1.1667451089377545,0.0010482180293501049,0.846152108760469,0.7746331236897275,0.9968553459119497,0.09194363155272745,0.04685534591194973,0.07610147300714676,0.09218708542783874,1.207629506867109,1.3443533827443053,0.7293286589809851,1.015564140209219,0.6531177158991398,0.8460128495842781,0.9923245834965766,1.0,0.043046434858556554,0.14375408803335182
peak_sample_bin,peakmax_5,ridge,Ridge residual scale model,954,1.3447486102958544,1.8067920551174197,1.1629830656178328,1.1147320628194117,0.0020964360587002098,0.7138187288844325,0.4161425576519916,0.9811320754716981,0.26654693448500844,0.031132075471698162,0.1751039777266059,0.18974106469972,1.1070992787867169,1.206875628335725,0.6449357819276179,0.7846106028801048,0.33310115005156743,0.4872482701078124,0.9591268321404889,0.9966453263844625,0.17137573741087894,0.2148532469534252
peak_sample_bin,peakmax_5,traditional,S02/S03/S04 atom robust-width baseline,954,1.2073867962596694,1.8130826260620765,1.1966132976915265,1.092411283489841,0.0,8.679333464941193,0.1928721174004193,0.2914046121593291,0.4898173747365807,0.6585953878406708,0.5742063812886258,2.3504881522017675,1.114253468365693,1.2264446575554728,8.267454182129486,9.23290177275333,0.13994086021505378,0.23864549839228294,0.24481937382927482,0.3338831764417812,2.2343543244857558,2.480178408402408
peak_sample_bin,peakmax_6,cnn1d,1D-CNN residual scale model,982,1.316064282054103,1.8803998135140354,1.2897985101277882,1.230499223166631,0.002036659877800407,0.962249457066833,0.45213849287169044,0.9735234215885947,0.2305509992653096,0.023523421588594773,0.13248527560006823,0.10607755984678491,1.1962500829657923,1.360771431235416,0.7913079977838811,1.1166145305896655,0.3189369971828076,0.5522167193032825,0.9541575788464929,0.9917450536552649,0.08764812696986427,0.16635690098308906
peak_sample_bin,peakmax_6,gradient_boosted_trees,HistGradientBoosting residual scale model,982,1.2969934511227719,1.847603114931328,1.264697095835552,1.358746179833239,0.006109979633401222,0.811597840790637,0.544806517311609,0.9623217922606925,0.13788297482539102,0.012321792260692521,0.10026548949926478,0.10971810394867783,1.220539245184286,1.3043836377613878,0.7077818215578325,0.8816383740993382,0.48291997621092975,0.602998978663645,0.947136920921395,0.9799964623287841,0.09040554604175247,0.13902864714893848
peak_sample_bin,peakmax_6,mlp,MLP residual scale model,982,1.3056826457362003,1.7874554458245413,1.3792035125152033,1.4460081476287363,0.006109979633401222,0.9022086262785293,0.5590631364562119,0.9389002036659878,0.12362635568078817,0.011099796334012146,0.11620235304305299,0.08717996969483101,1.3207206863121563,1.4478600491138482,0.7862246974323545,1.0074662822731013,0.46898943617156674,0.6397062357864505,0.9073621773915936,0.9715981195991544,0.06398647455639286,0.12164268421831145
peak_sample_bin,peakmax_6,phase_conformal_gated_cnn,Phase-conformal atom-gated CNN,982,1.2822159482461792,1.8337562129545084,1.3425426223431092,1.2526247751164816,0.0,0.841938020864906,0.7260692464358453,0.9806517311608961,0.04337975429884522,0.030651731160896145,0.05783750485801832,0.07248274236321342,1.2492928642874987,1.4255567064339978,0.7023215885615415,1.005447035558344,0.6321557659208261,0.7911315052336724,0.9666343896713615,0.9913186585507501,0.03638510324996991,0.12391836530389307
peak_sample_bin,peakmax_6,ridge,Ridge residual scale model,982,1.248924972381462,1.5365539749407908,1.0878139772849473,1.1499773117896868,0.003054989816700611,0.702288451365616,0.5,0.9419551934826884,0.18268949213700003,0.008044806517311542,0.13117180314488597,0.15490441260839538,1.0324705258655502,1.1626084436548472,0.6039319220130273,0.8353366408083428,0.4297832187870489,0.582612769424487,0.9061640493051275,0.9782705482751313,0.1302749324579385,0.187238426694373
peak_sample_bin,peakmax_6,traditional,S02/S03/S04 atom robust-width baseline,982,1.2602693310791448,1.8473971169730916,1.1754148764250907,1.1604357757084476,0.0,7.948516588593829,0.20061099796334012,0.2759674134419552,0.4820784941736599,0.6740325865580448,0.5780555403658523,2.1706708024228467,1.1220136159119567,1.2075465958519314,7.509584041293442,8.980683246090319,0.15302029285450552,0.24068415547357366,0.2377707066869301,0.3084531076211238,2.0456205583729954,2.424334557168407
peak_sample_bin,peakmax_7,cnn1d,1D-CNN residual scale model,1173,1.248543833733852,1.5337793775715554,1.6421820314070956,1.809156640460015,0.00937766410912191,1.0637561262129442,0.48081841432225064,0.9215686274509803,0.2018710778147494,0.028431372549019618,0.1334376701946722,0.10687406169284636,1.4957664311302656,1.779564597274224,0.9099237754028312,1.2086209100906784,0.3933942506944138,0.5711140480811795,0.881796973135613,0.9587273549336358,0.06313974096993996,0.18384132353643737
peak_sample_bin,peakmax_7,gradient_boosted_trees,HistGradientBoosting residual scale model,1173,1.1929581008338708,1.3858514429865423,1.605495782261105,1.906346399709619,0.014492753623188406,1.0976921121760816,0.4722932651321398,0.8687127024722933,0.21039622700486021,0.08128729752770669,0.14648114845554178,0.13396419629104758,1.4347052000011196,1.7951725193112205,0.8949036604440239,1.3378323202337952,0.38238560186534537,0.5780638465689734,0.8036005062734477,0.9290959462799703,0.06752020536897493,0.24646736653545723
peak_sample_bin,peakmax_7,mlp,MLP residual scale model,1173,1.2352576187228372,1.3419909580272957,1.6543131969711962,1.8915682737158652,0.014492753623188406,1.076413901605812,0.49445865302642794,0.8806479113384484,0.1882308391105721,0.06935208866155151,0.1287914638860618,0.11569707331599938,1.527006512387806,1.817228426460093,0.8919257917368824,1.2913297159220198,0.4140401747421938,0.5810287480148963,0.829325728111246,0.920614916852817,0.06905694871768894,0.21280716551172685
peak_sample_bin,peakmax_7,phase_conformal_gated_cnn,Phase-conformal atom-gated CNN,1173,1.2641394695792834,1.5874867501839773,1.6220161070425136,1.770689749267977,0.0068201193520886615,0.8966850714600219,0.6325660699062233,0.9582267689684569,0.050123422230776704,0.008226768968456977,0.06081871823201663,0.05562095949280711,1.4977357386404377,1.7933500785712473,0.8337207619785578,1.0050306095536152,0.5766300317071593,0.6718851389789728,0.9373485545550819,0.9802963053460513,0.03666260446688395,0.0810245564107286
peak_sample_bin,peakmax_7,ridge,Ridge residual scale model,1173,1.273309095325239,1.3025470230541671,1.5165589871910163,1.8259390384635719,0.013640238704177323,1.0016309122836837,0.5157715260017051,0.8678601875532822,0.16691796613529497,0.08213981244671775,0.12452888929100638,0.0938043950391757,1.3554387960061438,1.746103380175465,0.813728271314562,1.158244236235437,0.4254723034347312,0.6287917870576181,0.7947953354322176,0.9371155303030303,0.07111406211139229,0.19316461987361497
peak_sample_bin,peakmax_7,traditional,S02/S03/S04 atom robust-width baseline,1173,1.273407815966104,1.4291921497653703,1.4604165149380222,1.8717199996960132,0.014492753623188406,1.4604507412971226,0.3691389599317988,0.6930946291560103,0.31355053220520124,0.2569053708439897,0.28522795152459546,0.32903364896772724,1.2748703648075632,1.8246579292490128,1.1784337029078196,1.8771207370657677,0.27769079635928684,0.44141184963646674,0.5335940312558686,0.8087581125479469,0.18999077973663187,0.5295368164741993
peak_sample_bin,peakmax_8,cnn1d,1D-CNN residual scale model,2855,1.2540680628644791,1.467389736610528,1.6821755894254058,1.8744168227167486,0.006654991243432574,0.9998622592725172,0.4497373029772329,0.9376532399299474,0.23295218915976712,0.012346760070052532,0.14319238179529514,0.09715726793814941,1.5228182503892609,1.943252826282721,0.8476192448100108,1.1915559042008728,0.3282404775697889,0.5422877556940517,0.9209195795116496,0.9578898407524408,0.08875483856521386,0.19291040142938468
peak_sample_bin,peakmax_8,gradient_boosted_trees,HistGradientBoosting residual scale model,2855,1.1889469515477202,1.331110569221707,1.6896559815430858,1.8479471785887849,0.008056042031523642,1.1513847873485847,0.4774080560420315,0.8504378283712785,0.20528143609496852,0.0995621716287215,0.15261444834520754,0.15221071085437057,1.4734599977050884,1.9724966863716413,0.9485715189890952,1.4073084921544776,0.3755420420362353,0.5648171706638859,0.779025314016599,0.9151116002196539,0.07044808223472757,0.28367722883612895
peak_sample_bin,peakmax_8,mlp,MLP residual scale model,2855,1.2228390275873964,1.404335743485369,1.708771523017305,1.8531425167151057,0.005604203152364273,1.1026495290153202,0.4851138353765324,0.8718038528896672,0.19757565676046762,0.07819614711033274,0.13982985990387653,0.12956279819749927,1.5533634705067711,1.9215930567675332,0.931764380521608,1.2683579525236381,0.41641808695562066,0.5534465838175571,0.830041608648459,0.9069479712391746,0.07754364218848148,0.21142154661150311
peak_sample_bin,peakmax_8,phase_conformal_gated_cnn,Phase-conformal atom-gated CNN,2855,1.2169596330626185,1.4603661153278793,1.6623031414964413,1.8283369470713564,0.006304728546409807,0.8982775604124617,0.6315236427320491,0.9691768826619965,0.05116584940495095,0.019176882661996575,0.05605903678295642,0.057031052109360575,1.510474294534846,1.9035178383805644,0.8173050259274345,0.9447219823611769,0.5595208966108055,0.7007129028786393,0.9599262700873543,0.9780587094509979,0.04847250436321906,0.0764835364394844
peak_sample_bin,peakmax_8,ridge,Ridge residual scale model,2855,1.26792974605609,1.3235735039292607,1.8554161508388964,2.002264774333225,0.011208406304728547,1.1314670341972024,0.4742556917688266,0.8430823117338003,0.20843380036817344,0.10691768826619963,0.15767574431718653,0.1511235667871905,1.5597274873902247,2.174537489293534,0.9167912006060756,1.4144478899324369,0.3470192962608927,0.5664233773272854,0.7318069087688219,0.9153526954774872,0.0734631696867204,0.30384031004491596
peak_sample_bin,peakmax_8,traditional,S02/S03/S04 atom robust-width baseline,2855,1.2480047507143222,1.322696103485704,1.8299242230381854,2.0593399687431138,0.013660245183887917,1.2862913658576018,0.45288966725043783,0.7772329246935201,0.2297998248865622,0.17276707530647983,0.20128345009652104,0.22253542903679124,1.5529777650983845,2.1850316559768617,1.055649110764139,1.6692780336962032,0.3355971677920676,0.5283773282399038,0.6391045581040575,0.8594649111113305,0.11032340787136193,0.41222877199612284
peak_sample_bin,peakmax_9,cnn1d,1D-CNN residual scale model,2911,1.300246864063549,1.3081070522843632,1.7041225570716196,2.195482846637968,0.008244589488148402,1.028648573999749,0.45310889728615594,0.9220199244245963,0.2295805948508441,0.027980075575403607,0.1449946945398157,0.10780098474145311,1.4795644547873181,1.9470100327496094,0.8811191320176854,1.136100643640382,0.32429275335280466,0.5906135802076945,0.896517979929251,0.9423129928753773,0.06322872019655389,0.1884327264916834
peak_sample_bin,peakmax_9,gradient_boosted_trees,HistGradientBoosting residual scale model,2911,1.300747623481211,1.2692068749380354,1.70811775393003,2.0041240402501845,0.006870491240123669,1.1266679735900582,0.4754379938165579,0.8234283751288217,0.20725149832044215,0.12657162487117823,0.1669115615958102,0.1568506645943722,1.4644325235394928,1.9907974619472033,0.9148669357103572,1.3357559389911018,0.36609587437183577,0.5865563266065779,0.7228545938876009,0.9041992614215413,0.07334976071504386,0.2862722142149761
peak_sample_bin,peakmax_9,mlp,MLP residual scale model,2911,1.3049866906668959,1.2766713354549708,1.7911770404251754,2.2602378211837286,0.00790106492614222,1.194843836120315,0.4792167639986259,0.8248024733768464,0.20347272813837414,0.12519752662315353,0.16433512738076383,0.17196230456565165,1.5616478167687822,1.9648415728865343,0.9938695920759084,1.3413884418203084,0.38091144646161273,0.5910890697634527,0.7620151467301293,0.9094777765103988,0.05757138595500082,0.26680003179250644
peak_sample_bin,peakmax_9,phase_conformal_gated_cnn,Phase-conformal atom-gated CNN,2911,1.2998889797167859,1.3415886501847396,1.7365881972469914,2.283951616263531,0.007557540364136035,0.9043778695061795,0.6018550326348334,0.9615252490553075,0.08083445950216661,0.011525249055307496,0.06500226104071885,0.06324602502300336,1.5025330849146432,1.9281577259073257,0.8264712042090674,0.9690383169508087,0.5143610260885219,0.7091327101586423,0.9497884827910361,0.9740603795111992,0.04583012665021465,0.09301192673537223
peak_sample_bin,peakmax_9,ridge,Ridge residual scale model,2911,1.2739678560635554,1.157715144550977,1.9212686160509642,2.4349385975051954,0.013740982480247337,1.2541381893536734,0.4788732394366197,0.809000343524562,0.20381625270038034,0.140999656475438,0.17240795458790914,0.1928405132793502,1.5774118267478672,2.3102714976745737,0.9345446797333241,1.481216234185878,0.3507979207277453,0.5973363565469566,0.7127125506072874,0.894719316931893,0.06928518589823057,0.3299136579200195
peak_sample_bin,peakmax_9,traditional,S02/S03/S04 atom robust-width baseline,2911,1.2386209793228398,1.0703239110799814,2.005911942650439,2.576807999358388,0.02198557196839574,1.241036659311746,0.5194091377533494,0.8155273102026795,0.16328035438365063,0.1344726897973204,0.14887652209048557,0.1719165563958006,1.6319852527064473,2.4359196158123275,0.9646014887365829,1.6261012369529313,0.39232188613785496,0.6146102981049469,0.6674147366309108,0.9171533702910017,0.046068016346471126,0.3671342977364515
leading_phase_bin,"phase[0.0,0.2)",cnn1d,1D-CNN residual scale model,1415,1.064764999576388,1.6351623079833857,1.4105200585261044,2.2855006134528284,0.014134275618374558,1.0617417840832457,0.4515901060070671,0.9399293286219081,0.23109938612993292,0.010070671378091811,0.13998432204023148,0.11072404090787548,1.2974426827868941,1.5947662309618627,0.9616019394263697,1.179506298600848,0.37044764188649076,0.5296191143437657,0.9170467635212888,0.9628821252814401,0.06952064617765626,0.17583871114840358
leading_phase_bin,"phase[0.0,0.2)",gradient_boosted_trees,HistGradientBoosting residual scale model,1415,1.1090694217173207,1.5065174396775873,1.4933254676423218,2.161527330702555,0.014840989399293287,1.0456056076811486,0.5272084805653711,0.8763250883392226,0.15548101157162897,0.07367491166077733,0.11973697221690993,0.09862462578261622,1.3005439190036305,1.773217418368868,0.8737114059022005,1.3576484147550396,0.3968250130520383,0.6419569812755441,0.8089250542480387,0.9347674663600263,0.05561841524712297,0.24811053306357328
leading_phase_bin,"phase[0.0,0.2)",mlp,MLP residual scale model,1415,1.137495653254116,1.4033842228827496,1.6143468246522619,2.2808933435904417,0.014840989399293287,1.0670272392334668,0.5314487632508834,0.8869257950530035,0.15124072888611662,0.06307420494699645,0.1109030499554258,0.0980613057555014,1.4320429437340445,1.8566090255331364,0.9313265475982117,1.2025744896384014,0.4368239808290877,0.6239936042706868,0.8357360288241519,0.9270722261314481,0.045903321431806934,0.18504430089014665
leading_phase_bin,"phase[0.0,0.2)",phase_conformal_gated_cnn,Phase-conformal atom-gated CNN,1415,1.0598642537026504,1.5960701135756423,1.4568349420363758,2.3018706422270654,0.01342756183745583,0.9377308978662302,0.623321554770318,0.9646643109540636,0.059367937366682,0.01466431095406362,0.06069023986724842,0.04924789758044096,1.3259615027578215,1.6363877516931555,0.8522846983218931,1.047723442990387,0.5381723163841807,0.6907415640067217,0.9498264508892483,0.9765633838526597,0.03792914100529539,0.07630099325855011
leading_phase_bin,"phase[0.0,0.2)",ridge,Ridge residual scale model,1415,1.1485750661935494,1.3926351132973736,1.5063885931124839,2.4880001528028286,0.019081272084805655,1.0075506721624163,0.4713780918727915,0.8826855123674912,0.21131140026420853,0.0673144876325088,0.13931294394835866,0.10637237600187308,1.373963382151143,1.8304967768692197,0.902431921020011,1.223365390751036,0.3579094714809,0.5701697525640591,0.8132103711890946,0.9382953537148597,0.06740790084355364,0.2257006975250186
leading_phase_bin,"phase[0.0,0.2)",traditional,S02/S03/S04 atom robust-width baseline,1415,1.1352127472708977,1.4855293897019024,1.4932536474747458,2.6462790209203706,0.025441696113074206,3.664154903155375,0.35406360424028266,0.5696113074204947,0.3286258878967174,0.38038869257950525,0.3545072902381113,0.9319191934674271,1.3186755573212114,1.9284919233363256,3.127025573842893,4.0336408083334945,0.2845429973432927,0.4242960787012966,0.47684364394112577,0.6615492943126339,0.7427901783083011,1.0629606608665216
leading_phase_bin,"phase[0.2,0.4)",cnn1d,1D-CNN residual scale model,3868,1.30364106448958,1.5996587403949754,1.5252629479632533,2.2333590458652166,0.010858324715615306,1.0022701727610623,0.46044467425025853,0.9431230610134437,0.2222448178867415,0.00687693898655628,0.13137835516881027,0.0906925712007926,1.39929139240669,1.697650997613355,0.9006660187714253,1.1256346346759991,0.3776936252960974,0.5271207965588289,0.9253951484691856,0.958566927940084,0.07794958425025857,0.15656110153654154
leading_phase_bin,"phase[0.2,0.4)",gradient_boosted_trees,HistGradientBoosting residual scale model,3868,1.2939029039746615,1.477535986799694,1.5304830365074056,2.180460167632256,0.013960703205791106,1.0251649068984066,0.49612202688728024,0.8642709410548087,0.1865674652497198,0.08572905894519123,0.1361482620974555,0.10840242329769327,1.3828516251875227,1.7282061565512332,0.8594396313633339,1.2432466860262235,0.3969138987116586,0.5874096209220643,0.7933204687690304,0.9295573732421114,0.07987672281386822,0.22730678819865036
leading_phase_bin,"phase[0.2,0.4)",mlp,MLP residual scale model,3868,1.3235221240602784,1.4723274189792122,1.613949644652151,2.2819286497432953,0.012668045501551189,1.038432568338178,0.5056876938986556,0.8691830403309204,0.1770017982383444,0.08081695966907954,0.1316756664407854,0.10698174817159686,1.4955634807585114,1.7791104808309366,0.9052992246403608,1.1867959950717897,0.43129858971912655,0.5743452564311182,0.8193557884971843,0.9164301120733334,0.0752943419391603,0.18790987249278496
leading_phase_bin,"phase[0.2,0.4)",phase_conformal_gated_cnn,Phase-conformal atom-gated CNN,3868,1.2747300625477995,1.5690139335712914,1.5159901321444855,2.2701134506160283,0.009565667011375388,0.875241564223187,0.6450361944157187,0.96794208893485,0.03765329772128134,0.017942088934850053,0.042321828711742254,0.05566891278617166,1.3738267310731824,1.6989348734090228,0.7876865732626487,0.9384020194482311,0.5765215488560168,0.7104110211205911,0.959518698904536,0.9769323884674188,0.04791375113312487,0.08111483515453495
leading_phase_bin,"phase[0.2,0.4)",ridge,Ridge residual scale model,3868,1.294804742366395,1.3777457333508707,1.5877719254590204,2.3820384862755644,0.013185108583247156,1.0121002552967524,0.46845915201654603,0.8735780765253361,0.214230340120454,0.07642192347466381,0.14532613179755893,0.11201966267235729,1.3944833637756564,1.8691759665460588,0.8421734757965051,1.1711478152366224,0.3743451948680707,0.5796079924796596,0.8062934635781469,0.9385972270861613,0.0786149270002443,0.21214603198510568
leading_phase_bin,"phase[0.2,0.4)",traditional,S02/S03/S04 atom robust-width baseline,3868,1.2799382711967024,1.4578779269821425,1.5507391751297792,2.5192257117590056,0.017580144777662874,2.597112329961974,0.3937435367114788,0.6520165460186143,0.2889459554255212,0.2979834539813857,0.2934647047034535,0.6193766110180835,1.3258411250262065,1.842031556312471,2.275998561004491,2.849633197063097,0.32451962245351534,0.44713617841121883,0.57393655831086,0.7087755016784703,0.5093014352511848,0.7049363654255327
leading_phase_bin,"phase[0.4,0.6)",cnn1d,1D-CNN residual scale model,3979,1.2094007768392865,1.5424522499619755,1.5395807329223874,2.467439623539981,0.01206333249560191,1.0134410190707197,0.45338024629303847,0.9381754209600403,0.22930924584396156,0.011824579039959704,0.13780742513359176,0.09809556727205818,1.3940637567218876,1.7013860516628312,0.898111311258151,1.1222908535950913,0.3722708437028434,0.5427810303701057,0.9211032109216717,0.9565760476132529,0.07955288517071474,0.16138824836858628
leading_phase_bin,"phase[0.4,0.6)",gradient_boosted_trees,HistGradientBoosting residual scale model,3979,1.2430946187596712,1.5053672286311652,1.5799179397974654,2.3066239104980024,0.014576526765518974,1.076275156780576,0.49283739633073637,0.8710731339532546,0.18985209580626367,0.07892686604674537,0.13856138341456686,0.12090387551203796,1.4266817759598391,1.790848202387286,0.9082104563450112,1.2605864111804577,0.3936269661285124,0.5749625191327381,0.8004386569455795,0.9232626651085937,0.06915459497330528,0.2278332872082467
leading_phase_bin,"phase[0.4,0.6)",mlp,MLP residual scale model,3979,1.2669641195456929,1.449560568090483,1.6290759644846466,2.4518107630552435,0.013068610203568736,1.0644771647741411,0.48906760492586077,0.8627795928625283,0.19362188721113927,0.0872204071374717,0.14162748042386564,0.12173673488665443,1.508355554396783,1.7649081807396292,0.9148450499744577,1.1903868546766754,0.4377012600289081,0.5558415470378891,0.8212068976430341,0.9051298077196054,0.0830196056924784,0.18401998633652192
leading_phase_bin,"phase[0.4,0.6)",phase_conformal_gated_cnn,Phase-conformal atom-gated CNN,3979,1.204347004586448,1.5608455393276657,1.5215822436831916,2.4323327092627096,0.010806735360643378,0.888718439363037,0.6501633576275446,0.9635586830862025,0.03252613450945541,0.013558683086202561,0.04831467030019038,0.051420262133202846,1.4018171113132802,1.6829357015233388,0.8142083039521872,0.9562486167562441,0.5958608021835408,0.7127177140480829,0.957213041679481,0.9695645859289462,0.04060579832466831,0.07128162596349064
leading_phase_bin,"phase[0.4,0.6)",ridge,Ridge residual scale model,3979,1.2152418153621816,1.338143572565123,1.5643466592660331,2.590454586789277,0.017592359889419453,1.0155110114385721,0.4865544106559437,0.8640361899974868,0.19613508148105635,0.08596381000251319,0.1410494457417847,0.1096648371659816,1.4050504705281077,1.9145246940729688,0.8791228572368627,1.189206886144453,0.39761991279069764,0.5605801700449067,0.7948722973962273,0.9179870414114845,0.08093379952393469,0.20770043513155667
leading_phase_bin,"phase[0.4,0.6)",traditional,S02/S03/S04 atom robust-width baseline,3979,1.1995337974432203,1.4637760002563454,1.553610582792362,2.6680983959113007,0.018094998743402865,2.238685220094671,0.3925609449610455,0.6514199547625031,0.29012854717595454,0.2985800452374968,0.29435429620672565,0.530437027178712,1.3534091701998432,1.9523588298338856,1.9182039449001567,2.626631211177431,0.31382610976544045,0.46223230048428543,0.5589245942258971,0.719550803072327,0.40586266119959796,0.6863861213816063
leading_phase_bin,"phase[0.6,0.8)",cnn1d,1D-CNN residual scale model,1715,1.345240103359554,1.6762586376724116,1.590525247576179,2.6548734874430537,0.0163265306122449,1.0006487221501374,0.4524781341107872,0.9271137026239067,0.23021135802621284,0.022886297376093268,0.14138847784692568,0.0987837138498423,1.3815236598777518,1.8030715353581739,0.846790145650103,1.195785649293177,0.3259168022250553,0.5504517681031985,0.9035404213992193,0.9474630202958376,0.08019544104140562,0.20438818955152752
leading_phase_bin,"phase[0.6,0.8)",gradient_boosted_trees,HistGradientBoosting residual scale model,1715,1.384289585499509,1.5674972533337055,1.635600307987225,2.497970177093932,0.016909620991253645,1.0116553152853303,0.4967930029154519,0.8641399416909621,0.1858964892215481,0.08586005830903787,0.13596573732214434,0.10484440003451515,1.425963665580372,1.8246071829638955,0.8559886080935749,1.171382403833163,0.41377027070998496,0.594162739566259,0.8055102680306877,0.9195251012655571,0.0725163018380376,0.19386106302672212
leading_phase_bin,"phase[0.6,0.8)",mlp,MLP residual scale model,1715,1.3845453028380816,1.5756280564246197,1.7215049579863893,2.6080259383593924,0.013411078717201166,1.078817266665415,0.4944606413994169,0.8717201166180758,0.1882288507375831,0.07827988338192415,0.13392492099561373,0.11981273044513399,1.5787543329183091,1.8425372206943926,0.9234827123250663,1.174524976439306,0.43789966711397454,0.5838083507651657,0.8414212166259333,0.9017686450150055,0.07280297675931507,0.1715411638892521
leading_phase_bin,"phase[0.6,0.8)",phase_conformal_gated_cnn,Phase-conformal atom-gated CNN,1715,1.3374858264972567,1.6573488854346294,1.5931362425412536,2.573647835164425,0.013994169096209912,0.8664189605676847,0.641399416909621,0.9591836734693877,0.04129007522737904,0.009183673469387754,0.06393950314956005,0.06199857281966052,1.4453862841105596,1.73701319017931,0.7858262193544404,0.9443313061640917,0.5706794926913156,0.701416330600683,0.9433710614668022,0.9734608009608097,0.04418402173868775,0.08761845703776507
leading_phase_bin,"phase[0.6,0.8)",ridge,Ridge residual scale model,1715,1.3550593295480469,1.4855256704451492,1.6956089361852191,2.680515282738015,0.018658892128279883,1.0301250598245866,0.49737609329446064,0.8676384839650145,0.1853133988425394,0.08236151603498543,0.13383745743876238,0.10790935803521845,1.4180653255644713,1.9359139602885171,0.8752245817999839,1.1402168227620053,0.4079734916570948,0.6155743950940926,0.8121511512175702,0.9233590615420276,0.06578244808699385,0.18383116406229236
leading_phase_bin,"phase[0.6,0.8)",traditional,S02/S03/S04 atom robust-width baseline,1715,1.3501191923855491,1.5561253061022455,1.6826226708948688,2.8459595863117406,0.019825072886297375,2.351262986648541,0.40699708454810496,0.650728862973761,0.27569240758889507,0.299271137026239,0.28748177230756705,0.5534270758928105,1.3698868025120607,2.007658757958015,1.8333359594778427,2.6576453627961287,0.3248939891082778,0.4801977808662963,0.549302523382278,0.7428324356397015,0.3645088923262884,0.6744048020047144
leading_phase_bin,"phase[0.8,1.0)",cnn1d,1D-CNN residual scale model,483,1.0743233339043379,1.660845285950579,1.363314803404345,2.9357909104050934,0.014492753623188406,1.021923619413516,0.4699792960662526,0.9296066252587992,0.21271019607074743,0.02039337474120073,0.13239029472274433,0.09685437123705211,1.216142913269528,1.5155387936442797,0.8438313611691586,1.2363827758058366,0.3190180414426067,0.6168507537172129,0.8912064305422602,0.9770442141925518,0.07164449620705082,0.20669405778608851
leading_phase_bin,"phase[0.8,1.0)",gradient_boosted_trees,HistGradientBoosting residual scale model,483,1.1969163472631004,1.7566534922289563,1.4091582005597834,3.054848483919258,0.022774327122153208,0.9059760028393042,0.587991718426501,0.9026915113871635,0.09469777371049903,0.04730848861283643,0.0785600669794731,0.07864758161587608,1.2661627376920717,1.546202554453704,0.7881491892952123,1.0815750039971566,0.4686002217795758,0.6902838089330025,0.8542310603135378,0.9508481554677207,0.04274397397402195,0.12851320569268918
leading_phase_bin,"phase[0.8,1.0)",mlp,MLP residual scale model,483,1.2430008439077103,1.6245885202432646,1.542086765159983,2.8511683946024213,0.026915113871635612,1.0574633276735659,0.5238095238095238,0.8633540372670807,0.1588799683274762,0.08664596273291925,0.14052511721282918,0.11087859398669762,1.315526624224908,1.80024172448111,0.830694375054941,1.2253389528683052,0.4614857088049108,0.6277658062682479,0.8171196116637609,0.927860696517413,0.0651357896065907,0.17774442709680374
leading_phase_bin,"phase[0.8,1.0)",phase_conformal_gated_cnn,Phase-conformal atom-gated CNN,483,1.130330146928973,1.6270886801657696,1.341178243226483,3.008202686748376,0.016563146997929608,0.9036255040574841,0.5962732919254659,0.9523809523809523,0.08641620021153418,0.0023809523809523725,0.07905888275081675,0.0660576328214548,1.2072631056443415,1.5112158001660372,0.7166726290116036,1.1233549525085078,0.4912639222620181,0.6898150540865384,0.9150427426272666,0.9823151281752052,0.04281138202727806,0.12836437609322618
leading_phase_bin,"phase[0.8,1.0)",ridge,Ridge residual scale model,483,1.0287568262139888,1.3330390903912033,1.5343799315197502,3.059098958372247,0.016563146997929608,1.0504179041705375,0.5072463768115942,0.9026915113871635,0.1754431153254058,0.04730848861283643,0.11137580196912113,0.0961363275194752,1.3542353668774942,1.82190733304621,0.7978009164079364,1.2627229283628805,0.3887065992668153,0.5940924586669977,0.8381669451431417,0.9559071659298292,0.05920976027679794,0.20017238907020224
leading_phase_bin,"phase[0.8,1.0)",traditional,S02/S03/S04 atom robust-width baseline,483,1.2684347410114967,1.942897872949466,1.3586980316710398,3.1493196362737916,0.018633540372670808,5.106961355108607,0.2650103519668737,0.41821946169772256,0.4176791401701263,0.5317805383022773,0.4747298392362019,1.3827877182043031,1.2531393448402308,1.474832256828593,3.46987823270509,5.673881131908986,0.19939379935186452,0.34559725467289704,0.32259349593495934,0.5313325514855108,0.9081870045949154,1.578964840404262
sample_window_mask,artifact_sensitive_3_6,cnn1d,1D-CNN residual scale model,2498,1.2449309242482216,1.8070819674203626,1.2890465486809526,1.1783623677476893,0.0012009607686148918,0.9766108500711708,0.4615692554043235,0.9811849479583667,0.22112023673267656,0.031184947958366793,0.12615259234552165,0.10046173174134856,1.2330208158970837,1.3323949531834265,0.886755464408527,1.0719575506975223,0.38683424488200807,0.5138664280664546,0.9706169889818946,0.9942323662014795,0.0892935508384357,0.13800079815764305
sample_window_mask,artifact_sensitive_3_6,gradient_boosted_trees,HistGradientBoosting residual scale model,2498,1.2438594630135904,1.8496075994314438,1.2462499210916433,1.3456197919372859,0.006405124099279423,0.834599136660925,0.5804643714971978,0.9579663730984788,0.10222512063980227,0.007966373098478807,0.08860465556870016,0.09104925316151406,1.2141316782258014,1.282251934392827,0.8011459440319794,0.8868751592053307,0.510893594350413,0.6540354528827131,0.9494791561274903,0.9667326139088729,0.0692296201163421,0.11309513230585787
sample_window_mask,artifact_sensitive_3_6,mlp,MLP residual scale model,2498,1.2569747481441513,1.7360994938363703,1.4078485059538965,1.4244906290629427,0.00600480384307446,0.9210375869543088,0.5696557245796637,0.9399519615692554,0.1130337675573363,0.010048038430744533,0.11022194940376825,0.07806654210938507,1.3633945144770858,1.4445068153848186,0.8480737608514374,0.9929320493495027,0.5216904515875687,0.6343601369523675,0.9073213361618268,0.9735540693961541,0.0655692837409186,0.09167958811650334
sample_window_mask,artifact_sensitive_3_6,phase_conformal_gated_cnn,Phase-conformal atom-gated CNN,2498,1.214650276685967,1.7494192795019643,1.2878016439009894,1.1824141199568228,0.0008006405124099279,0.8447546119917335,0.7365892714171337,0.988791032826261,0.053899779280133675,0.03879103282626106,0.06169830785998802,0.07740862699366231,1.2341839605210871,1.3618021837198198,0.7420123771084679,0.9994317240627365,0.6422843857441461,0.7937812023537181,0.982621657418931,0.9940431711197685,0.04026136791797971,0.11992338561902254
sample_window_mask,artifact_sensitive_3_6,ridge,Ridge residual scale model,2498,1.2385535227567874,1.6312386593899895,1.1842729991685736,1.1985001560319737,0.0024019215372297837,0.7620507101620941,0.4631705364291433,0.9611689351481185,0.21951895570785673,0.011168935148118564,0.14244773002826783,0.15277122768053725,1.1358360898993511,1.2228328865531084,0.6809198837580053,0.849282720164782,0.40150505444513895,0.537807500124386,0.9412904120241865,0.9822967911737396,0.12946032909299682,0.1774914360910638
sample_window_mask,artifact_sensitive_3_6,traditional,S02/S03/S04 atom robust-width baseline,2498,1.2829697384966856,1.855478436475945,1.1803734466739233,1.1205097638218895,0.0,8.023837636154541,0.200160128102482,0.28262610088070456,0.48252936403451807,0.6673738991192955,0.5749516315769068,2.1871731327213153,1.1321824333075319,1.212292817660704,7.59128858939469,8.740513517307654,0.15788885403102448,0.23625933716063877,0.24977666257859496,0.3073170234016261,2.0718869167565686,2.3501170486659437
sample_window_mask,delayed_or_edge_15_17,cnn1d,1D-CNN residual scale model,477,0.6106581838295515,1.837525958649124,1.3905302860296347,4.987714782696458,0.06289308176100629,1.0250408710097947,0.49056603773584906,0.9287211740041929,0.19212345440115097,0.021278825995807105,0.12242441063873064,0.09021689051137086,1.2794243303479562,1.4910775605209998,0.8565338199884712,1.1983435830643472,0.3910824269046623,0.5936406269188259,0.8903622581042772,0.9598216717021745,0.0513091705515547,0.16591931187973818
sample_window_mask,delayed_or_edge_15_17,gradient_boosted_trees,HistGradientBoosting residual scale model,477,1.2795339456113137,2.0236524457920666,1.8686917537617505,4.643105040324168,0.07966457023060797,0.8292688996569969,0.5136268343815513,0.9056603773584906,0.1690626577554487,0.04433962264150937,0.11036990330120443,0.1236258210102914,1.6111305479516067,2.1770463815953005,0.5563673009467135,1.0319834054632087,0.4266626872902176,0.5816261769608504,0.8717744370150056,0.9391260162601626,0.07754801043725705,0.21375265017239595
sample_window_mask,delayed_or_edge_15_17,mlp,MLP residual scale model,477,1.2252939238595384,2.126790052948863,1.62562096549692,4.895750712250435,0.0649895178197065,0.7142424421100926,0.5136268343815513,0.8888888888888888,0.1690626577554487,0.061111111111111116,0.1254889992233176,0.1603550814949462,1.4937346166625405,1.8390845857230242,0.5896192058633543,0.9101309899209198,0.43103107912987904,0.600214610658159,0.844869821584627,0.9273276723276723,0.11503013273760532,0.20985320743294775
sample_window_mask,delayed_or_edge_15_17,phase_conformal_gated_cnn,Phase-conformal atom-gated CNN,477,0.6843255323853502,1.826614691978449,1.3504049020644298,4.762981441066091,0.06289308176100629,0.8869197218109104,0.5974842767295597,0.9371069182389937,0.0852052154074403,0.012893081761006231,0.0744292471205608,0.07140195561952424,1.2824278502585749,1.459055167967681,0.8131876730395097,1.0618861085150966,0.4811100404644405,0.6650634778348742,0.8845965978958874,0.9752484939759036,0.0483657595133258,0.12281984816149505
sample_window_mask,delayed_or_edge_15_17,ridge,Ridge residual scale model,477,0.5551180501948482,1.2991007111129704,1.325126715041786,4.968254550250129,0.0649895178197065,1.0065827400699026,0.5220125786163522,0.9433962264150944,0.16067691352064783,0.006603773584905603,0.11406342270340152,0.07198171246971438,1.1901132418585263,1.4526290418909267,0.8578350820024083,1.1452678511954284,0.429402966314731,0.6041117978176409,0.9166802348949853,0.9730857042500878,0.05560089592895178,0.140839345711057
sample_window_mask,delayed_or_edge_15_17,traditional,S02/S03/S04 atom robust-width baseline,477,0.8289048369721878,1.828009994868097,1.1704493605623278,5.238615234212619,0.06918238993710692,8.234057212471814,0.20335429769392033,0.27253668763102723,0.4793351944430797,0.6774633123689727,0.5783992534060262,2.242313743172473,1.1242605863846538,1.247880885700382,7.553407162663717,9.06161676900023,0.1732156862745098,0.2355385120318541,0.24497002278879831,0.29992201379271755,2.058024199608907,2.4613721910656428
sample_window_mask,late_tail_12_14,cnn1d,1D-CNN residual scale model,429,1.1631013120104188,1.8072821352444066,1.4612993013911357,4.613656003752615,0.06526806526806526,1.1235493735241457,0.4219114219114219,0.9557109557109557,0.26077807022557814,0.005710955710955701,0.14746362718738115,0.1343755066620152,1.3317774337122081,1.618221028889624,0.9161110271044257,1.2786240960462494,0.3582570806100218,0.49043151687327824,0.9168946540880503,0.9899045487760322,0.08979435514878181,0.19702519753062905
sample_window_mask,late_tail_12_14,gradient_boosted_trees,HistGradientBoosting residual scale model,429,1.3451360617297887,1.9291168939278975,1.5517904546066656,3.8494265426591805,0.05128205128205128,0.8155573754129881,0.5757575757575758,0.8881118881118881,0.10693191637942423,0.06188811188811183,0.0896547693785233,0.11072935555826781,1.2153503680171054,1.7821513082377252,0.5524894188239132,1.050942309179684,0.4822438038033697,0.7429536237571951,0.8249606639918181,0.9552871831659493,0.07180362053866964,0.16331241844639663
sample_window_mask,late_tail_12_14,mlp,MLP residual scale model,429,1.57039825727971,1.9216272408049662,1.6640901830334962,3.9807057667773043,0.05827505827505827,0.9227738568063297,0.5337995337995338,0.8484848484848485,0.1488899583374662,0.10151515151515145,0.1382298362228543,0.11646527231728557,1.3590522824018851,1.834286481339377,0.6061258882495296,1.0887222519639617,0.3993744389001399,0.6573931435837245,0.7803118777662,0.9254004038722408,0.08129533081198158,0.1969512865475715
sample_window_mask,late_tail_12_14,phase_conformal_gated_cnn,Phase-conformal atom-gated CNN,429,1.0597590674742479,1.8276363620306029,1.3538702690675342,4.443125970224788,0.05128205128205128,0.9136537248538916,0.6363636363636364,0.9324009324009324,0.04632585577336368,0.017599067599067597,0.07654849281077505,0.056704922832328676,1.2602518083161445,1.4245997152659844,0.7174130556525203,1.138205926062646,0.5339156626506024,0.7423453596851924,0.8991264331688918,0.963474568240506,0.03716431923531069,0.11316906906681928
sample_window_mask,late_tail_12_14,ridge,Ridge residual scale model,429,1.2673003510155953,1.4932917807064428,1.2821318603851466,4.927643420196094,0.06293706293706294,0.9078293932687702,0.5058275058275058,0.9300699300699301,0.17686198630949423,0.01993006993006985,0.11806666605968419,0.10175733225761951,1.1832659952487259,1.4315314154448393,0.7928124935622745,1.089751662190352,0.4167727647955296,0.6261209381118956,0.8874442026559536,0.976235599681622,0.07918594727315323,0.1476055800689461
sample_window_mask,late_tail_12_14,traditional,S02/S03/S04 atom robust-width baseline,429,1.431951036663527,1.822124306312034,1.247582357132738,5.217391244190657,0.06526806526806526,8.534056352935831,0.23543123543123542,0.34965034965034963,0.4472582567057646,0.6003496503496504,0.5238039535277075,2.2763670533797384,1.134498529855157,1.3540116924200234,7.326960831587852,9.416229740720095,0.20203298198733174,0.27436402072996613,0.3016550925925926,0.4018197100932956,1.9604894587027515,2.508442176978998
sample_window_mask,nominal_template_7_11,cnn1d,1D-CNN residual scale model,8056,1.2769643601186709,1.4111876429138732,1.6765924656375857,2.2991937017583552,0.010054617676266137,1.017924942681022,0.45419563058589874,0.9242800397219464,0.2284938615511013,0.025719960278053566,0.1431322336553918,0.10381774954139215,1.5105844619174134,1.9250514215723649,0.895729353012834,1.1534923889930082,0.3535201735352552,0.5503163414970533,0.9072484920665009,0.9405902994544162,0.0764364139036874,0.1769033497063359
sample_window_mask,nominal_template_7_11,gradient_boosted_trees,HistGradientBoosting residual scale model,8056,1.26340968049427,1.3296364708180448,1.691160193858068,2.236041532555385,0.010923535253227408,1.1299659978538839,0.4741807348560079,0.8392502482621649,0.2085087572809921,0.11074975173783508,0.1596292545094136,0.15221344034553116,1.4835669495550727,1.9748626713221356,0.9477431507569609,1.3631385570378278,0.3595417312157619,0.563098510526896,0.7431005280531762,0.9064088115729907,0.07290093915196985,0.28902527342951356
sample_window_mask,nominal_template_7_11,mlp,MLP residual scale model,8056,1.2843800625556967,1.3437955522883378,1.7372648729575473,2.3298878215438763,0.010923535253227408,1.1303762265657824,0.4788977159880834,0.8473187686196624,0.20379177614891664,0.10268123138033758,0.1532365037646271,0.14752143446491595,1.5742914063026454,1.9037551261009125,0.991786477216186,1.2510934148445987,0.3983657246489042,0.5595684213054493,0.7980150590457723,0.8989244915805649,0.07209001981865117,0.2278728579633974
sample_window_mask,nominal_template_7_11,phase_conformal_gated_cnn,Phase-conformal atom-gated CNN,8056,1.2719639865351657,1.4408169109178957,1.6703122930833998,2.3324173850955123,0.009433962264150943,0.8958469083735447,0.6149453823237339,0.9596573982125124,0.06774410981326617,0.009657398212512436,0.060169788108613724,0.0604310969402119,1.505656400209921,1.853901224413717,0.8537666750663977,0.929001227539685,0.538946073049334,0.6773537293373614,0.9481018597307314,0.9688229974553634,0.050352228279802076,0.08320566556392249
sample_window_mask,nominal_template_7_11,ridge,Ridge residual scale model,8056,1.289403187974724,1.2838009276630764,1.826991543239565,2.448508900928276,0.015392254220456803,1.1279787300193838,0.4828699106256207,0.836643495531281,0.19981958151137935,0.11335650446871892,0.15658804299004914,0.1494357147473828,1.5440340554857925,2.1256674755772273,0.9152879442855636,1.3471994092151252,0.3766395506863312,0.5878133505219929,0.7515726829920344,0.9095429883327258,0.06945422859638607,0.2668871326684049
sample_window_mask,nominal_template_7_11,traditional,S02/S03/S04 atom robust-width baseline,8056,1.24672636997572,1.2370020706934461,1.8699466385594383,2.5771910793439345,0.018247269116186692,1.3343622392073438,0.46102284011916583,0.7760675273088381,0.2216666520178342,0.17393247269116185,0.19779956235449803,0.23194023156770946,1.5705305712691482,2.2467592813792097,1.0966373229954254,1.6595386042368914,0.34809569729713685,0.5364771052261395,0.6376682439286543,0.8629713066932126,0.11515492008083468,0.4053971939437214
saturation_flag,False,cnn1d,1D-CNN residual scale model,11444,1.2347251448478742,1.5958093624834007,1.5123016311943744,2.3938027260329338,0.012320866829779797,1.0156398991192124,0.4559594547361063,0.9382209017825935,0.22673003740089376,0.011779098217406414,0.13597075096189395,0.09752994642485163,,,,,,,,,,
saturation_flag,False,gradient_boosted_trees,HistGradientBoosting residual scale model,11444,1.2578558013776666,1.521108981113212,1.5534510151740852,2.2903489843694502,0.015117091925900035,1.0444627628353493,0.5029709891646278,0.8701502970989164,0.17971850297237224,0.07984970290108351,0.13069724519467965,0.10868205347587118,,,,,,,,,,
saturation_flag,False,mlp,MLP residual scale model,11444,1.2782568757335235,1.483915090323464,1.6339560730995328,2.3794326263807815,0.013194687172317372,1.0623169539190571,0.5022719328905977,0.8694512408248865,0.18041755924640235,0.0805487591751135,0.1326196499482623,0.11397573057220882,,,,,,,,,,
saturation_flag,False,phase_conformal_gated_cnn,Phase-conformal atom-gated CNN,11444,1.2224856717022303,1.5822207407217554,1.5106354660395511,2.3792559210961586,0.011272282418734708,0.883232356107291,0.6417336595595945,0.9644355120587207,0.04095583257740554,0.014435512058720734,0.05030555566276895,0.055616136047901055,,,,,,,,,,
saturation_flag,False,ridge,Ridge residual scale model,11444,1.235730202553281,1.3806724752199564,1.570674461106495,2.499103499166716,0.01494232785739252,1.0196693383884985,0.4813002446696959,0.8719853198182453,0.20138924746730413,0.07801468018175461,0.13970196382452937,0.10969380746552165,,,,,,,,,,
saturation_flag,False,traditional,S02/S03/S04 atom robust-width baseline,11444,1.2355106690808066,1.4936556627597461,1.549345298425989,2.630778731574644,0.018787137364557848,2.7120866211845276,0.385442153093324,0.632209017825935,0.297247339043676,0.317790982174065,0.30751916060887047,0.6586610257527847,,,,,,,,,,
saturation_flag,True,cnn1d,1D-CNN residual scale model,16,3.5701370492600337,-0.25356717115610294,5.369530883490038,9.971542197206002,0.25,1.5160163862150808,0.5625,0.8125,0.12018949213700003,0.13749999999999996,,0.2579019594506936,,,,,,,,,,
saturation_flag,True,gradient_boosted_trees,HistGradientBoosting residual scale model,16,4.8555372651531385,1.7228380139678556,3.363995660725887,8.688526913188346,0.1875,1.5177497124759478,0.375,0.5625,0.30768949213700003,0.38749999999999996,,0.40431306820431595,,,,,,,,,,
saturation_flag,True,mlp,MLP residual scale model,16,7.2926920607708805,4.865702584905712,3.626098432221056,10.304305300931691,0.3125,1.0597912210569298,0.4375,0.75,0.24518949213700003,0.19999999999999996,,0.1683269043979766,,,,,,,,,,
saturation_flag,True,phase_conformal_gated_cnn,Phase-conformal atom-gated CNN,16,4.504509913923634,-0.2615407707681463,5.1679771319116465,10.673891253689053,0.25,2.4440935010127727,0.5,0.6875,0.18268949213700003,0.26249999999999996,,0.6297609977165909,,,,,,,,,,
saturation_flag,True,ridge,Ridge residual scale model,16,9.256594042482268,8.160481497999243,5.79957915846988,10.659151935416508,0.4375,1.2694014421507216,0.3125,0.6875,0.37018949213700003,0.26249999999999996,,0.3006969780959072,,,,,,,,,,
saturation_flag,True,traditional,S02/S03/S04 atom robust-width baseline,16,7.437284268297365,4.588128569047061,4.716914075472831,10.291428391659414,0.3125,4.076157941333221,0.0625,0.1875,0.620189492137,0.7625,,1.486282477823407,,,,,,,,,,
q_template_bin,"q_template[0,0.025)",cnn1d,1D-CNN residual scale model,35,2.0188763782024877,2.014910942612566,0.9186486094036105,0.8824262359447068,0.0,0.4832475762744157,0.4,0.8857142857142857,0.282689492137,0.06428571428571428,0.2034876032113572,0.26680380833991396,,,,,,,,,,
q_template_bin,"q_template[0,0.025)",gradient_boosted_trees,HistGradientBoosting residual scale model,35,2.153558128969543,2.1756387504610686,0.8516183572179734,0.8340025525944514,0.0,0.42659135070131016,0.37142857142857144,0.9714285714285714,0.3112609207084286,0.021428571428571463,0.19123541906967148,0.27433339012634034,,,,,,,,,,
q_template_bin,"q_template[0,0.025)",mlp,MLP residual scale model,35,2.013089237219996,2.1132168718495095,0.7086745673149848,0.8231382449718454,0.0,0.45324885137671567,0.5428571428571428,0.9714285714285714,0.13983234927985722,0.021428571428571463,0.16898323492798575,0.21924882606492468,,,,,,,,,,
q_template_bin,"q_template[0,0.025)",phase_conformal_gated_cnn,Phase-conformal atom-gated CNN,35,2.0025593648706654,1.8773651071705544,0.7708407197617567,0.7888501428422433,0.0,0.30783340459909725,0.7714285714285715,1.0,0.08873907929157143,0.050000000000000044,0.09162172378747144,0.23063184961998642,,,,,,,,,,
q_template_bin,"q_template[0,0.025)",ridge,Ridge residual scale model,35,2.244365613978299,2.275575644074358,0.7596004095677192,0.8117869736021218,0.0,0.38137494130223093,0.45714285714285713,0.9714285714285714,0.2255466349941429,0.021428571428571463,0.20552113335538577,0.2677803496189673,,,,,,,,,,
q_template_bin,"q_template[0,0.025)",traditional,S02/S03/S04 atom robust-width baseline,35,2.1157170793362354,2.01450354728847,0.7591915996143364,0.8377326053182038,0.0,0.5138719091819179,0.22857142857142856,0.8285714285714286,0.4541180635655715,0.12142857142857133,0.2977733174970714,0.3398620108273241,,,,,,,,,,
q_template_bin,"q_template[0.025,0.05)",cnn1d,1D-CNN residual scale model,1262,1.460052383389162,1.6111181521761822,1.5522351103738359,1.487931592143708,0.000792393026941363,0.8167833570177316,0.45879556259904913,0.9516640253565769,0.2238939295379509,0.001664025356576948,0.1411070281604176,0.13747040650930345,,,,,,,,,,
q_template_bin,"q_template[0.025,0.05)",gradient_boosted_trees,HistGradientBoosting residual scale model,1262,1.3795635452910284,1.50364840350462,1.5161926734161923,1.4740701574398805,0.000792393026941363,0.9343856946460326,0.4635499207606973,0.8882725832012678,0.21913957137630274,0.06172741679873217,0.1457029077166775,0.12304605031141995,,,,,,,,,,
q_template_bin,"q_template[0.025,0.05)",mlp,MLP residual scale model,1262,1.4289960445594816,1.5541255272398793,1.5100687788688,1.4947224127841259,0.000792393026941363,0.8783024440803647,0.47939778129952454,0.8811410459587956,0.2032917108374755,0.06885895404120435,0.14451431817626548,0.13459063474364513,,,,,,,,,,
q_template_bin,"q_template[0.025,0.05)",phase_conformal_gated_cnn,Phase-conformal atom-gated CNN,1262,1.4867544832954458,1.70147935002921,1.54872312807314,1.4557625527434683,0.0,0.7076587853246695,0.6339144215530903,0.9778129952456418,0.04877507058390973,0.027812995245641847,0.06335707450696197,0.10807158875296101,,,,,,,,,,
q_template_bin,"q_template[0.025,0.05)",ridge,Ridge residual scale model,1262,1.5514974216285526,1.5920471851511024,1.7068384273188941,1.6012156300171607,0.000792393026941363,0.9306465468177603,0.47939778129952454,0.9009508716323297,0.2032917108374755,0.04904912836767028,0.13223222625867434,0.11348162966151495,,,,,,,,,,
q_template_bin,"q_template[0.025,0.05)",traditional,S02/S03/S04 atom robust-width baseline,1262,1.4511798783241243,1.4726779233035252,1.6716026636121293,1.6966627576752724,0.001584786053882726,1.1613140529822794,0.4643423137876387,0.777337559429477,0.21834717834936135,0.17266244057052293,0.19550480945994214,0.18695712034052647,,,,,,,,,,
q_template_bin,"q_template[0.05,0.08)",cnn1d,1D-CNN residual scale model,2021,1.2181103192305212,1.25444614978084,1.764610561642543,1.7152310637891062,0.0014844136566056407,1.0759219233129624,0.4562097971301336,0.9292429490351312,0.22647969500686643,0.020757050964868795,0.14261886779041982,0.11644438426877937,,,,,,,,,,
q_template_bin,"q_template[0.05,0.08)",gradient_boosted_trees,HistGradientBoosting residual scale model,2021,1.1629763655680048,1.1427249316908288,1.7280349214982755,1.7099616448277035,0.002474022761009401,1.1968186910075864,0.48193963384463134,0.8233547748639287,0.2007498582923687,0.12664522513607124,0.16382124285227043,0.1720087543220742,,,,,,,,,,
q_template_bin,"q_template[0.05,0.08)",mlp,MLP residual scale model,2021,1.1817231175793794,1.1756962988338913,1.8005653789507938,1.7331794708254666,0.0014844136566056407,1.2170008410069388,0.4685799109351806,0.8401781296387927,0.21410958120181944,0.10982187036120727,0.16307903602396762,0.17600283214848328,,,,,,,,,,
q_template_bin,"q_template[0.05,0.08)",phase_conformal_gated_cnn,Phase-conformal atom-gated CNN,2021,1.182202909348082,1.2883003494796554,1.6919664299155512,1.6420806872833185,0.0009896091044037606,0.9127219718154032,0.6190004948045522,0.9614052449282533,0.06368899733244782,0.011405244928253344,0.06392552572437088,0.05657444904241722,,,,,,,,,,
q_template_bin,"q_template[0.05,0.08)",ridge,Ridge residual scale model,2021,1.1771566901722723,1.1628574399914555,1.9239348931286933,1.9198548639745054,0.007422068283028204,1.2568659545287508,0.47253834735279565,0.8124690747154873,0.21015114478420438,0.1375309252845126,0.17384103503435847,0.19459726490795656,,,,,,,,,,
q_template_bin,"q_template[0.05,0.08)",traditional,S02/S03/S04 atom robust-width baseline,2021,1.1249565726810873,1.0036122157411782,1.998358968351364,2.0205612731399136,0.01583374567046017,1.3693129252308733,0.48985650667986147,0.7862444334487877,0.19283298545713856,0.16375556655121226,0.1782942760041754,0.22604893831084988,,,,,,,,,,
q_template_bin,"q_template[0.08,0.12)",cnn1d,1D-CNN residual scale model,2057,1.2365446801972988,1.2846825264868755,1.7913819764523609,1.8824416195841096,0.007292173067574137,1.0150746278941416,0.45114244044725327,0.9251336898395722,0.23154705168974676,0.02486631016042773,0.1472392526314558,0.10468181059394296,,,,,,,,,,
q_template_bin,"q_template[0.08,0.12)",gradient_boosted_trees,HistGradientBoosting residual scale model,2057,1.206093253976448,1.1859886115901048,1.8060907144175093,1.879754073783943,0.006806028196402528,1.244269998869926,0.4681575109382596,0.8099173553719008,0.21453198119874045,0.14008264462809916,0.17905743444963756,0.1944855147866008,,,,,,,,,,
q_template_bin,"q_template[0.08,0.12)",mlp,MLP residual scale model,2057,1.2437807823105844,1.2445578432980753,1.7973492121377785,1.8628075435695284,0.009236752552260573,1.1707092671184243,0.48565872630043755,0.8361691784151677,0.19703076583656248,0.11383082158483226,0.15863934986043,0.16005255110006225,,,,,,,,,,
q_template_bin,"q_template[0.08,0.12)",phase_conformal_gated_cnn,Phase-conformal atom-gated CNN,2057,1.1604247750579155,1.2054724003120185,1.7441855577869079,1.8353644115555747,0.00583373845405931,0.9404174856938396,0.6222654350996597,0.9591638308215849,0.06042405703734033,0.009163830821584895,0.06278710350143928,0.047989376416631216,,,,,,,,,,
q_template_bin,"q_template[0.08,0.12)",ridge,Ridge residual scale model,2057,1.2256741729262177,1.1161175224743403,1.9503957681562079,2.1009787123176453,0.015556635877491492,1.2752879793442418,0.4842002916869227,0.8050559066601848,0.19848920045007734,0.14494409333981517,0.17171664689494628,0.19760948000727013,,,,,,,,,,
q_template_bin,"q_template[0.08,0.12)",traditional,S02/S03/S04 atom robust-width baseline,2057,1.1491407413804025,1.0195708397119958,2.0617504430268574,2.1856954856900956,0.018473505104521146,1.4008320006336645,0.49538162372386974,0.7812348079727759,0.1873078684131303,0.16876519202722406,0.17803653022017724,0.23373539782354902,,,,,,,,,,
q_template_bin,"q_template[0.12,0.2)",cnn1d,1D-CNN residual scale model,1534,1.1887094355731647,1.1646204666577304,1.7606662169525857,2.5101991652471707,0.02346805736636245,1.1175266750563009,0.43285528031290743,0.8976531942633638,0.2498342118240926,0.05234680573663619,0.16197707983642698,0.14542119311336416,,,,,,,,,,
q_template_bin,"q_template[0.12,0.2)",gradient_boosted_trees,HistGradientBoosting residual scale model,1534,1.189152708208847,1.2204365851010799,1.8307032040425921,2.2845979277568795,0.02346805736636245,1.246476183248618,0.455019556714472,0.8063885267275098,0.22766993542252806,0.14361147327249013,0.1856407043475091,0.20084957407278634,,,,,,,,,,
q_template_bin,"q_template[0.12,0.2)",mlp,MLP residual scale model,1534,1.1661204722017193,1.1243610387694254,1.869632067551343,2.4146468033370767,0.02216427640156454,1.2669854816706123,0.45827900912646674,0.8122555410691004,0.2244104830105333,0.1377444589308996,0.18107747097071641,0.2025544736456904,,,,,,,,,,
q_template_bin,"q_template[0.12,0.2)",phase_conformal_gated_cnn,Phase-conformal atom-gated CNN,1534,1.25221984589568,1.2908689285560335,1.8227708014715067,2.4181812866846806,0.022816166883963495,0.9838851289985525,0.5619295958279009,0.9517601043024772,0.12075989630909911,0.0017601043024771945,0.07514526758088594,0.05344503479847743,,,,,,,,,,
q_template_bin,"q_template[0.12,0.2)",ridge,Ridge residual scale model,1534,1.281501795368926,1.1151205234750385,1.9403707537578132,2.893376103500372,0.035202086049543675,1.2390965799106417,0.47979139504563234,0.8142112125162972,0.2028980970913677,0.1357887874837027,0.16934344228753515,0.1867817266933118,,,,,,,,,,
q_template_bin,"q_template[0.12,0.2)",traditional,S02/S03/S04 atom robust-width baseline,1534,1.3460337445500348,1.1666552683598574,2.08051144497212,3.1449185853684165,0.0423728813559322,1.562722377680088,0.423728813559322,0.7249022164276402,0.258960678577678,0.22509778357235977,0.24202923107501895,0.3222025177262862,,,,,,,,,,
q_template_bin,"q_template[0.2,inf)",cnn1d,1D-CNN residual scale model,4551,1.1964878780164943,1.8060066842017193,1.3387508608379122,3.017471183501058,0.01911667765326302,0.9982592251753413,0.4658316853438805,0.958031201933641,0.21685780679311956,0.008031201933641041,0.12474949227812429,0.08784481895738591,,,,,,,,,,
q_template_bin,"q_template[0.2,inf)",gradient_boosted_trees,HistGradientBoosting residual scale model,4551,1.3185535807300357,1.8643726158166558,1.3506668357048994,2.8667570533471474,0.024609975829488026,0.8466362480410702,0.5557020435069215,0.932762030323006,0.1269874486300785,0.01723796967699398,0.0889776975418751,0.09664171695196935,,,,,,,,,,
q_template_bin,"q_template[0.2,inf)",mlp,MLP residual scale model,4551,1.3481993700575203,1.7582689472355497,1.4837518411578934,3.036568771426542,0.022632388486047022,0.8851408287137648,0.5453746429356185,0.9123269611074489,0.13731484920138148,0.037673038892551025,0.10453852164819523,0.09859639525709074,,,,,,,,,,
q_template_bin,"q_template[0.2,inf)",phase_conformal_gated_cnn,Phase-conformal atom-gated CNN,4551,1.1906599350039992,1.7551441929397456,1.327340396398018,3.059737106360307,0.017578554163920016,0.8527954557591082,0.6882003955174687,0.967479674796748,0.005510903380468668,0.017479674796748057,0.0552054633417718,0.05635014643997008,,,,,,,,,,
q_template_bin,"q_template[0.2,inf)",ridge,Ridge residual scale model,4551,1.1837376843488612,1.528274689155694,1.2609530799926887,3.0200078955029546,0.01955614150736102,0.8248909311773416,0.48450889914304546,0.938694792353329,0.19818059299395457,0.011305207646670978,0.11325807548078962,0.1244632362360184,,,,,,,,,,
q_template_bin,"q_template[0.2,inf)",traditional,S02/S03/S04 atom robust-width baseline,4551,1.2416185538308013,1.8413245916557486,1.1937146555598197,3.1256459524712725,0.018677213799165017,7.319415553230305,0.2546693034497913,0.4218852999340804,0.42802018868720876,0.5281147000659195,0.4780674443765641,1.9384044715899995,,,,,,,,,,
baseline_bin,"baseline_rms[0,8)",cnn1d,1D-CNN residual scale model,3889,1.26454366703764,1.4497388743338604,1.63685225009337,1.8896563981767187,0.007199794291591669,1.0136270670191796,0.4438158909745436,0.9308305476986372,0.23887360116245643,0.0191694523013628,0.146455314337978,0.10453135870524422,,,,,,,,,,
baseline_bin,"baseline_rms[0,8)",gradient_boosted_trees,HistGradientBoosting residual scale model,3889,1.2821180898768871,1.3594579415846084,1.692887901801722,1.9050433027793234,0.008485471843661609,1.1165371682995546,0.47904345590125996,0.8459758292620211,0.20364603623574007,0.10402417073797887,0.155352202998302,0.1448898945678939,,,,,,,,,,
baseline_bin,"baseline_rms[0,8)",mlp,MLP residual scale model,3889,1.3304371980901897,1.4108154782796873,1.742449941298233,1.9210558069453676,0.008485471843661609,1.0831558693241539,0.4751864232450501,0.8526613525327847,0.20750306889194992,0.09733864746721521,0.15625217728475096,0.13606244074201748,,,,,,,,,,
baseline_bin,"baseline_rms[0,8)",phase_conformal_gated_cnn,Phase-conformal atom-gated CNN,3889,1.2434965439411918,1.4729456850208962,1.615840718848162,1.8404140336351706,0.007456929802005657,0.8914748861622923,0.6202108511185395,0.9658009771149396,0.06247864101846057,0.015800977114939663,0.05893090577984329,0.0614339094377378,,,,,,,,,,
baseline_bin,"baseline_rms[0,8)",ridge,Ridge residual scale model,3889,1.2738614631635374,1.2892488579331527,1.7968107975178431,2.0976200977944974,0.013371046541527385,1.1409575728345818,0.4836718950887118,0.8449472872203652,0.19901759704828825,0.1050527127796348,0.15203515491396155,0.1492657593941166,,,,,,,,,,
baseline_bin,"baseline_rms[0,8)",traditional,S02/S03/S04 atom robust-width baseline,3889,1.2436789459328412,1.2633207677503648,1.8399863063203916,2.232524240957337,0.016456672666495243,1.5110079753378798,0.44433016199537156,0.7346361532527642,0.23835933014162847,0.21536384674723574,0.2268615884444321,0.29789818516779404,,,,,,,,,,
baseline_bin,"baseline_rms[16,32)",cnn1d,1D-CNN residual scale model,935,1.227481696390768,1.3631585268141606,1.6554041917780797,1.9449041954386692,0.009625668449197862,1.0090643170820681,0.47914438502673795,0.9133689839572192,0.20354510711026208,0.03663101604278074,0.13794902414336635,0.09679736609461932,,,,,,,,,,
baseline_bin,"baseline_rms[16,32)",gradient_boosted_trees,HistGradientBoosting residual scale model,935,1.2932878418422946,1.3218421699501874,1.7250378314823478,2.0146077847278336,0.014973262032085561,1.0946415776181648,0.5005347593582887,0.8363636363636363,0.1821547327787113,0.11363636363636365,0.1536174733412273,0.13601253684361678,,,,,,,,,,
baseline_bin,"baseline_rms[16,32)",mlp,MLP residual scale model,935,1.306005098410386,1.3908936235866989,1.7655197329222139,1.9829118245204893,0.011764705882352941,1.124976410539402,0.4823529411764706,0.8342245989304813,0.20033655096052944,0.11577540106951867,0.15805597601502405,0.14978608464611853,,,,,,,,,,
baseline_bin,"baseline_rms[16,32)",phase_conformal_gated_cnn,Phase-conformal atom-gated CNN,935,1.2518316541909345,1.4062825779496393,1.646045171292849,1.9682572188651333,0.0106951871657754,0.9310992247057417,0.5914438502673797,0.9390374331550803,0.09124564186962036,0.010962566844919697,0.07504748935232997,0.061539118340282084,,,,,,,,,,
baseline_bin,"baseline_rms[16,32)",ridge,Ridge residual scale model,935,1.2026880716229036,1.2367175249220637,1.771689906559946,2.075990320495609,0.017112299465240642,1.119684445717218,0.48663101604278075,0.8449197860962567,0.19605847609421928,0.10508021390374322,0.15056934499898128,0.14284812017854043,,,,,,,,,,
baseline_bin,"baseline_rms[16,32)",traditional,S02/S03/S04 atom robust-width baseline,935,1.19710789877044,1.196744339839789,1.8258178590640677,2.178909134030549,0.020320855614973262,1.7021438686476522,0.4556149732620321,0.7090909090909091,0.22707451887496793,0.24090909090909085,0.2339918048920294,0.3510298208309351,,,,,,,,,,
baseline_bin,"baseline_rms[32,64)",cnn1d,1D-CNN residual scale model,308,1.5552470607038122,1.3382368981123456,1.6979958752338324,3.2695447333501026,0.01948051948051948,1.0200412919077348,0.5454545454545454,0.8896103896103896,0.13723494668245462,0.060389610389610326,0.11228630451005846,0.08248803837246456,,,,,,,,,,
baseline_bin,"baseline_rms[32,64)",gradient_boosted_trees,HistGradientBoosting residual scale model,308,1.500470484108511,1.2571501764731785,1.6731938420919716,2.6798211347640755,0.02922077922077922,0.9850689827235836,0.5292207792207793,0.8441558441558441,0.15346871291622077,0.10584415584415585,0.12998110970486368,0.10105624893541418,,,,,,,,,,
baseline_bin,"baseline_rms[32,64)",mlp,MLP residual scale model,308,1.430415652635081,1.2193528200655877,1.7647224500156065,2.881783960162587,0.01948051948051948,1.0992841139306506,0.5227272727272727,0.8376623376623377,0.15996221940972732,0.11233766233766229,0.1361499408736948,0.12693348413793376,,,,,,,,,,
baseline_bin,"baseline_rms[32,64)",phase_conformal_gated_cnn,Phase-conformal atom-gated CNN,308,1.596335268098858,1.5077371853861585,1.6874410007239142,3.1472567504572506,0.022727272727272728,0.8335017426817745,0.5974025974025974,0.9448051948051948,0.08528689473440265,0.0051948051948051965,0.06739426388507795,0.08109355528312784,,,,,,,,,,
baseline_bin,"baseline_rms[32,64)",ridge,Ridge residual scale model,308,1.48315275459596,0.9983275624546053,1.5742222237885313,3.6471945796141876,0.01948051948051948,1.0484932365932096,0.5194805194805194,0.8084415584415584,0.1632089726564806,0.14155844155844155,0.15238370710746102,0.12641108947889818,,,,,,,,,,
baseline_bin,"baseline_rms[32,64)",traditional,S02/S03/S04 atom robust-width baseline,308,1.5426958247227391,0.9667864402852757,1.6668962816538457,3.976446935394972,0.032467532467532464,1.8293880866399115,0.4772727272727273,0.6818181818181818,0.20541676486427274,0.2681818181818182,0.23679929152304546,0.38494649030226197,,,,,,,,,,
baseline_bin,"baseline_rms[64,inf)",cnn1d,1D-CNN residual scale model,3067,1.2035873868662201,1.8327089690146465,1.3134746432204711,3.400554198056826,0.020215194000652102,0.9772279378437894,0.45908053472448646,0.9700032605151614,0.22360895741251358,0.020003260515161436,0.12190392441867935,0.09707205112564125,,,,,,,,,,
baseline_bin,"baseline_rms[64,inf)",gradient_boosted_trees,HistGradientBoosting residual scale model,3067,1.2217619739100556,1.8897447287408724,1.272222916145127,3.1511825649595604,0.026736224323443105,0.8398214680324074,0.5656993805021193,0.9465275513531138,0.11699011163488071,0.003472448646886117,0.08896576068469891,0.09240171323351458,,,,,,,,,,
baseline_bin,"baseline_rms[64,inf)",mlp,MLP residual scale model,3067,1.25224196210354,1.7732782221738006,1.4246317462439233,3.385135655213119,0.025432018258884904,0.90731584143921,0.5565699380502119,0.9289207694815781,0.1261195540867881,0.021079230518421865,0.1046162334593973,0.08612479415634933,,,,,,,,,,
baseline_bin,"baseline_rms[64,inf)",phase_conformal_gated_cnn,Phase-conformal atom-gated CNN,3067,1.1856220124130987,1.7686787102184738,1.3153685942313567,3.4628323403985615,0.019237039452233453,0.8452418596781988,0.7176393870231497,0.9771763938702315,0.034949894886149635,0.02717639387023152,0.05181958612977161,0.0671760038019885,,,,,,,,,,
baseline_bin,"baseline_rms[64,inf)",ridge,Ridge residual scale model,3067,1.2127816925383768,1.655403330093371,1.200500858170259,3.3933327408095635,0.021193348549070755,0.7392805029166049,0.4757091620476035,0.9540267362243234,0.20698033008939654,0.0040267362243234794,0.1350042347636034,0.15168269954017966,,,,,,,,,,
baseline_bin,"baseline_rms[64,inf)",traditional,S02/S03/S04 atom robust-width baseline,3067,1.2260370510498422,1.8838050065835432,1.1679616630045664,3.4802913096624413,0.018910987936093904,7.64153480676261,0.21649820671666123,0.37235083143136616,0.46619128542033883,0.5776491685686338,0.5219202269944863,2.0518238719365174,,,,,,,,,,
baseline_bin,"baseline_rms[8,16)",cnn1d,1D-CNN residual scale model,3261,1.2117118776378455,1.3279505226574315,1.6537857170566101,1.8394279156327642,0.010119595216191352,1.053568405606585,0.4529285495246857,0.9282428702851886,0.22976094261231433,0.021757129714811363,0.14391297667260916,0.11224986365157998,,,,,,,,,,
baseline_bin,"baseline_rms[8,16)",gradient_boosted_trees,HistGradientBoosting residual scale model,3261,1.247445605785693,1.2921557519778801,1.7377637109995363,1.8236390189470155,0.009506286415210058,1.1303286204821559,0.47010119595216193,0.8377798221404477,0.2125882961848381,0.1122201778595523,0.16291021678300477,0.15451182782738776,,,,,,,,,,
baseline_bin,"baseline_rms[8,16)",mlp,MLP residual scale model,3261,1.2476772798825992,1.2746988079604975,1.771021719251526,1.862736942310317,0.009506286415210058,1.1494279454178766,0.4869671879791475,0.8460594909536951,0.19572230415785252,0.10394050904630481,0.1534039303677947,0.15062367224745715,,,,,,,,,,
baseline_bin,"baseline_rms[8,16)",phase_conformal_gated_cnn,Phase-conformal atom-gated CNN,3261,1.2044782443673303,1.3782630108771343,1.6637596597156283,1.7603018552987768,0.007973014412756822,0.9039848293686843,0.6139221097822753,0.9586016559337627,0.06876738235472468,0.00860165593376272,0.06321802470527985,0.05915055840627074,,,,,,,,,,
baseline_bin,"baseline_rms[8,16)",ridge,Ridge residual scale model,3261,1.237298027003464,1.2279504292389873,1.822461321906201,2.0526579507569114,0.014719411223551058,1.1783135754119336,0.4777675559644281,0.8399264029438822,0.20492193617257193,0.11007359705611774,0.15749776661434484,0.162701718813742,,,,,,,,,,
baseline_bin,"baseline_rms[8,16)",traditional,S02/S03/S04 atom robust-width baseline,3261,1.2471056085819865,1.2538735662809444,1.8665325771261172,2.190068703001331,0.01870591842992947,1.5986498222813919,0.4437289175099663,0.7255443115608708,0.23896057462703374,0.2244556884391291,0.23170813153308142,0.323443554220159,,,,,,,,,,
p09_anomaly_class,dropout,cnn1d,1D-CNN residual scale model,27,0.3557756912697875,2.139208867317187,2.168769037653553,8.113224169991307,0.14814814814814814,0.5822172621759282,0.48148148148148145,0.8888888888888888,0.20120801065551858,0.061111111111111116,0.21029113641349997,0.22259824900105038,,,,,,,,,,
p09_anomaly_class,dropout,gradient_boosted_trees,HistGradientBoosting residual scale model,27,-0.15507559878365043,2.264125772693447,1.1035879580903671,7.939789499074735,0.1111111111111111,0.4314680271191792,0.48148148148148145,0.8518518518518519,0.20120801065551858,0.0981481481481481,0.16819659792035188,0.25902118240120986,,,,,,,,,,
p09_anomaly_class,dropout,mlp,MLP residual scale model,27,1.9339144213100905,3.6986241349721922,4.485406634776523,7.361251737262163,0.2962962962962963,0.6159395613938661,0.6666666666666666,0.8888888888888888,0.0160228254703334,0.061111111111111116,0.19747124927194443,0.1646664061148807,,,,,,,,,,
p09_anomaly_class,dropout,phase_conformal_gated_cnn,Phase-conformal atom-gated CNN,27,0.15145759613321563,2.1383422044875076,1.4229499786795998,8.682431812475341,0.18518518518518517,0.5531303016323569,0.6296296296296297,0.8888888888888888,0.05305986250737038,0.061111111111111116,0.1419156937163889,0.17573909142562838,,,,,,,,,,
p09_anomaly_class,dropout,ridge,Ridge residual scale model,27,0.45055533060217023,2.4901472917852274,3.1611862569444873,6.804534216157302,0.2222222222222222,0.9835196388076195,0.7407407407407407,0.8148148148148148,0.05805124860374067,0.13518518518518519,0.27795662255453696,0.12191835438396083,,,,,,,,,,
p09_anomaly_class,dropout,traditional,S02/S03/S04 atom robust-width baseline,27,-0.7998488168086914,2.40597629354027,2.005657064050477,8.126788742174336,0.14814814814814814,10.911777865259133,0.0,0.07407407407407407,0.682689492137,0.8759259259259259,0.7793077090314628,3.0624252480883802,,,,,,,,,,
p09_anomaly_class,novel_broad_template_mismatch,cnn1d,1D-CNN residual scale model,26,-2.932184118090185,-0.3686896629640444,9.378616216472778,13.984029631274202,0.4230769230769231,2.0244430057780503,0.4230769230769231,0.6153846153846154,0.25961256906007696,0.33461538461538454,0.3434164017291923,0.490521840295676,,,,,,,,,,
p09_anomaly_class,novel_broad_template_mismatch,gradient_boosted_trees,HistGradientBoosting residual scale model,26,-2.6537754014350665,-0.9320811356580592,7.567548162395752,11.353125158555041,0.4230769230769231,1.6565788276337825,0.38461538461538464,0.7307692307692307,0.2980741075216154,0.21923076923076923,0.29082753604215383,0.3661778101070803,,,,,,,,,,
p09_anomaly_class,novel_broad_template_mismatch,mlp,MLP residual scale model,26,-1.858129812720148,-0.1341735511833626,11.342078688434754,14.918850899074467,0.5,2.3461096574018643,0.46153846153846156,0.5384615384615384,0.22115103059853847,0.4115384615384615,0.3389044591190769,0.5794259021644853,,,,,,,,,,
p09_anomaly_class,novel_broad_template_mismatch,phase_conformal_gated_cnn,Phase-conformal atom-gated CNN,26,-2.604732380062759,-0.03400705156864703,10.692021730236206,15.02927677925385,0.5,1.6126012636068923,0.5384615384615384,0.6923076923076923,0.1442279536754616,0.25769230769230766,0.26789919170284615,0.3206051791693769,,,,,,,,,,
p09_anomaly_class,novel_broad_template_mismatch,ridge,Ridge residual scale model,26,-1.8801913566891555,-0.2640908556880497,9.275982446165518,13.626934933133464,0.4230769230769231,1.720586446597397,0.6153846153846154,0.6923076923076923,0.06730487675238461,0.25769230769230766,0.20761801832350002,0.3133004123413974,,,,,,,,,,
p09_anomaly_class,novel_broad_template_mismatch,traditional,S02/S03/S04 atom robust-width baseline,26,-1.1872662211356486,-0.3108300470692704,9.614397746282886,13.784396952182293,0.5,7.2832594303878295,0.11538461538461539,0.23076923076923078,0.5673048767523846,0.7192307692307691,0.6432678229915769,2.05326572484064,,,,,,,,,,
p09_anomaly_class,novel_delayed_peak,cnn1d,1D-CNN residual scale model,571,0.9133708320468522,1.839967695173641,1.418125162765064,4.680165322192551,0.07180385288966724,1.041146516610222,0.47810858143607704,0.9387040280210157,0.204580910700923,0.011295971978984243,0.1226494746149098,0.09491821847625978,,,,,,,,,,
p09_anomaly_class,novel_delayed_peak,gradient_boosted_trees,HistGradientBoosting residual scale model,571,1.440225952026916,2.0569034216365623,1.8467930268696653,4.441357075633779,0.0840630472854641,0.8093484619282056,0.5166374781085814,0.8914185639229422,0.16605201402841863,0.05858143607705779,0.11354264449231787,0.13220690816739716,,,,,,,,,,
p09_anomaly_class,novel_delayed_peak,mlp,MLP residual scale model,571,1.396298492072417,2.1350651988531126,1.6377336159174092,4.551323351954124,0.0647985989492119,0.7675878073558187,0.5078809106830122,0.8756567425569177,0.1748085814539878,0.07434325744308223,0.12666122313372766,0.15205631366874475,,,,,,,,,,
p09_anomaly_class,novel_delayed_peak,phase_conformal_gated_cnn,Phase-conformal atom-gated CNN,571,0.9081199247476636,1.843037917381281,1.3567216042047419,4.460456052981879,0.06304728546409807,0.8871674235357012,0.5971978984238179,0.9422066549912435,0.08549159371318216,0.007793345008756503,0.06952181489621805,0.06890983252061388,,,,,,,,,,
p09_anomaly_class,novel_delayed_peak,ridge,Ridge residual scale model,571,0.9006208395923199,1.3103878640112896,1.3002103696433607,4.860004018180065,0.07355516637478109,0.977154886142899,0.5359019264448336,0.9334500875656743,0.14678756569216644,0.016549912434325686,0.10263791226181351,0.07220512606135165,,,,,,,,,,
p09_anomaly_class,novel_delayed_peak,traditional,S02/S03/S04 atom robust-width baseline,571,1.223589933920616,1.844330000853617,1.1809544077361762,5.110185552330588,0.07705779334500876,8.406376538268413,0.2171628721541156,0.28546409807355516,0.46552661998288447,0.6645359019264447,0.5650312609546647,2.2753675802831017,,,,,,,,,,
p09_anomaly_class,novel_early_pretrigger,cnn1d,1D-CNN residual scale model,298,0.42812697550832557,1.3377097092387622,1.184661670571102,3.82798571534072,0.026845637583892617,1.0719085157524448,0.5167785234899329,0.9563758389261745,0.16591096864706711,0.0063758389261745485,0.11205387346419465,0.08906229919747029,,,,,,,,,,
p09_anomaly_class,novel_early_pretrigger,gradient_boosted_trees,HistGradientBoosting residual scale model,298,0.6523001082462055,1.1548085541879516,1.4553455213516546,3.3247830450774676,0.04697986577181208,1.0637856048696923,0.6040268456375839,0.9026845637583892,0.07866264649941612,0.04731543624161072,0.06859749762526846,0.0645902963089969,,,,,,,,,,
p09_anomaly_class,novel_early_pretrigger,mlp,MLP residual scale model,298,0.4908842830593767,1.140950240991934,1.5242391722552748,3.8684508066308414,0.03691275167785235,1.2452757955396945,0.5536912751677853,0.8825503355704698,0.12899821696921476,0.06744966442953015,0.11496431141004361,0.13917199708712075,,,,,,,,,,
p09_anomaly_class,novel_early_pretrigger,phase_conformal_gated_cnn,Phase-conformal atom-gated CNN,298,0.5326508020738441,1.3427627691770567,1.2493927056091174,3.842601664089668,0.026845637583892617,0.9805392978690104,0.6342281879194631,0.9765100671140939,0.048461304217536916,0.026510067114093983,0.11050565357083894,0.05123443175836486,,,,,,,,,,
p09_anomaly_class,novel_early_pretrigger,ridge,Ridge residual scale model,298,-0.04553835215671417,0.3838614079914535,1.4861760914229651,3.6670911291604287,0.03355704697986577,1.2980501569317477,0.5100671140939598,0.889261744966443,0.17262237804304026,0.06073825503355701,0.14272041867151009,0.16853280216996377,,,,,,,,,,
p09_anomaly_class,novel_early_pretrigger,traditional,S02/S03/S04 atom robust-width baseline,298,0.8359952682857185,1.8751992621959808,1.3199802978123047,3.9711615198861354,0.026845637583892617,3.7526193036085247,0.28523489932885904,0.40268456375838924,0.397454592808141,0.5473154362416107,0.47238501452487586,1.042443586795788,,,,,,,,,,
p09_anomaly_class,novel_undershoot_recovery,cnn1d,1D-CNN residual scale model,6,1.6884501865373889,1.8525810921996495,0.33239609461256314,0.37738134878682955,0.0,1.7639538233989616,0.3333333333333333,0.3333333333333333,0.3493561588036667,0.6166666666666667,,0.5766588829564316,,,,,,,,,,
p09_anomaly_class,novel_undershoot_recovery,gradient_boosted_trees,HistGradientBoosting residual scale model,6,1.0313300026364967,0.9239871784930926,0.5222153733098417,0.6510441594334968,0.0,0.22112784679724118,0.8333333333333334,1.0,0.15064384119633334,0.050000000000000044,,0.32650533146636407,,,,,,,,,,
p09_anomaly_class,novel_undershoot_recovery,mlp,MLP residual scale model,6,1.6579213033980966,2.206141565787128,0.6868271634982335,1.362986594167492,0.0,0.4811833848634498,0.6666666666666666,1.0,0.0160228254703334,0.050000000000000044,,0.19494648020229455,,,,,,,,,,
p09_anomaly_class,novel_undershoot_recovery,phase_conformal_gated_cnn,Phase-conformal atom-gated CNN,6,1.6182983111209512,1.880817392018411,0.44094295672191774,0.5040902591277484,0.0,0.45674966579598336,0.6666666666666666,1.0,0.0160228254703334,0.050000000000000044,,0.20309105322478338,,,,,,,,,,
p09_anomaly_class,novel_undershoot_recovery,ridge,Ridge residual scale model,6,2.3709407141672414,2.2981743300765416,0.6211759664753117,0.6456944124762842,0.0,0.46361214645116944,0.6666666666666666,1.0,0.0160228254703334,0.050000000000000044,,0.20080355967305466,,,,,,,,,,
p09_anomaly_class,novel_undershoot_recovery,traditional,S02/S03/S04 atom robust-width baseline,6,2.61001495133261,2.6272745992968716,0.0695476636621819,0.09605340538461697,0.0,5.1070309020204245,0.0,0.0,0.682689492137,0.95,,1.9132401313858083,,,,,,,,,,
p09_anomaly_class,pileup_or_long_tail,cnn1d,1D-CNN residual scale model,16,0.7507479343296231,1.86700350137005,2.1890961908235926,2.1767852240636394,0.125,1.2925237501795217,0.375,0.8125,0.30768949213700003,0.13749999999999996,,0.24590441410550723,,,,,,,,,,
p09_anomaly_class,pileup_or_long_tail,gradient_boosted_trees,HistGradientBoosting residual scale model,16,1.7551913476532364,2.231917611646594,1.8287673931551665,2.1183095997468433,0.0625,0.8790584424624194,0.5,0.9375,0.18268949213700003,0.012499999999999956,,0.10537701655819354,,,,,,,,,,
p09_anomaly_class,pileup_or_long_tail,mlp,MLP residual scale model,16,1.5902357365668953,2.151903785805029,1.2296104703536428,2.0075432391870853,0.0625,1.0254024784797646,0.5,0.6875,0.18268949213700003,0.26249999999999996,,0.1568639902055882,,,,,,,,,,
p09_anomaly_class,pileup_or_long_tail,phase_conformal_gated_cnn,Phase-conformal atom-gated CNN,16,0.8272627372027577,1.8031822020572292,1.7919237195167115,1.906831608784336,0.0625,3.515270798498438,0.4375,0.5625,0.24518949213700003,0.38749999999999996,,1.0493200968784793,,,,,,,,,,
p09_anomaly_class,pileup_or_long_tail,ridge,Ridge residual scale model,16,0.9968872818828758,1.6118877009611623,1.4414664585315478,1.8453381656307672,0.0625,1.1075944954827979,0.25,0.9375,0.43268949213700003,0.012499999999999956,,0.1842613292065993,,,,,,,,,,
p09_anomaly_class,pileup_or_long_tail,traditional,S02/S03/S04 atom robust-width baseline,16,1.171339847884877,1.8926205515322252,1.3241087186453724,1.7310017367997548,0.0625,7.025738699164741,0.1875,0.3125,0.49518949213700003,0.6375,,2.386142730433914,,,,,,,,,,
p09_anomaly_class,unassigned_common,cnn1d,1D-CNN residual scale model,10516,1.2916211812442528,1.5862510107567758,1.5335469305868588,2.0145736764411706,0.007417268923545074,1.0044679481968057,0.45340433624952453,0.9389501711677444,0.2292851558874755,0.011049828832255582,0.138568024881737,0.09584273944956845,,,,,,,,,,
p09_anomaly_class,unassigned_common,gradient_boosted_trees,HistGradientBoosting residual scale model,10516,1.2832588528309175,1.5003048423713174,1.5359426208833604,1.9786450734058694,0.00893875998478509,1.0562750628231334,0.4993343476607075,0.8678204640547736,0.18335514447629253,0.08217953594522631,0.13563915458884995,0.11436222445837556,,,,,,,,,,
p09_anomaly_class,unassigned_common,mlp,MLP residual scale model,10516,1.3086904897006109,1.4662614211427965,1.6190200256028704,2.021771066950553,0.008082921262837581,1.0674161228866208,0.5,0.8695321414986686,0.18268949213700003,0.08046785850133131,0.1353063284192037,0.11646995048603896,,,,,,,,,,
p09_anomaly_class,unassigned_common,phase_conformal_gated_cnn,Phase-conformal atom-gated CNN,10516,1.2766850002527812,1.5755979026567815,1.5315047205078294,2.008095796919647,0.0067516165842525675,0.8790472891218912,0.6447318372004565,0.9663370102700647,0.03795765493654357,0.016337010270064733,0.04972797125600267,0.05624383683517994,,,,,,,,,,
p09_anomaly_class,unassigned_common,ridge,Ridge residual scale model,10516,1.311873527271537,1.4253130379011232,1.5772108462518952,2.1761433453994097,0.011411182959300114,1.0043003381387328,0.47651198174210724,0.8682959300114111,0.2061775103948928,0.08170406998858881,0.14394079019174078,0.10903067717848879,,,,,,,,,,
p09_anomaly_class,unassigned_common,traditional,S02/S03/S04 atom robust-width baseline,10516,1.2674446096961678,1.4614133353645826,1.5970675885960042,2.2827351661094424,0.01397869912514264,2.199341450536165,0.3991061240015215,0.6601369341955116,0.2835833681354785,0.2898630658044884,0.2867232169699835,0.5148777753615288,,,,,,,,,,
run_family,sampleII_early_58_60,cnn1d,1D-CNN residual scale model,4932,1.130783893394877,1.5323311424713033,1.4216732057492538,2.3176406694105753,0.012570965125709651,0.9717563863349459,0.4843876723438767,0.9426196269261963,0.19830181979312334,0.007380373073803681,0.12067361873678872,0.08864985631719247,,,,,,,,,,
run_family,sampleII_early_58_60,gradient_boosted_trees,HistGradientBoosting residual scale model,4932,1.1160082213133224,1.3565504940408744,1.4167359724027928,2.164938754463186,0.015004055150040552,0.9881883693993271,0.5255474452554745,0.8959854014598541,0.15714204688152555,0.0540145985401459,0.10557832271083578,0.08213664968329504,,,,,,,,,,
run_family,sampleII_early_58_60,mlp,MLP residual scale model,4932,1.1398190951909954,1.3462655178063656,1.5415347663393701,2.322638424219028,0.013584752635847526,1.0504521799129172,0.4981751824817518,0.8746958637469586,0.18451430965524823,0.07530413625304133,0.13221052060215777,0.11062028660584113,,,,,,,,,,
run_family,sampleII_early_58_60,phase_conformal_gated_cnn,Phase-conformal atom-gated CNN,4932,1.0603840684329418,1.4365441212202121,1.411530242017493,2.3253347389080705,0.012165450121654502,0.8717555212598043,0.6609894566098946,0.9645174371451744,0.02170003552710542,0.014517437145174394,0.0602222059252922,0.05617103933444194,,,,,,,,,,
run_family,sampleII_early_58_60,ridge,Ridge residual scale model,4932,1.0630840479398347,1.2366258105576122,1.4478082538506905,2.3725492931436825,0.015004055150040552,1.023350457186326,0.48580697485806973,0.8905109489051095,0.1968825172789303,0.059489051094890444,0.12946315644968412,0.1022962955024577,,,,,,,,,,
run_family,sampleII_early_58_60,traditional,S02/S03/S04 atom robust-width baseline,4932,1.0167888068845152,1.2742623794874,1.3873612017970862,2.4777217164198277,0.015206812652068127,2.6037378443695265,0.42437145174371455,0.6804541768045418,0.2583180403932855,0.26954582319545817,0.2639319317943718,0.5988834099381605,,,,,,,,,,
run_family,sampleII_late_65,cnn1d,1D-CNN residual scale model,198,1.216813209028872,1.637755330351478,1.4559859866738394,1.5490233521431225,0.0,1.0443934818945535,0.398989898989899,0.9494949494949495,0.283699593147101,0.0005050505050504528,0.16710232182607576,0.12392511184319518,,,,,,,,,,
run_family,sampleII_late_65,gradient_boosted_trees,HistGradientBoosting residual scale model,198,1.249200086041959,1.3598015963714154,1.4532458185519155,1.5745546547704874,0.0,0.7163961137309356,0.5808080808080808,0.9242424242424242,0.10188141132891926,0.025757575757575757,0.07897100869476262,0.1225534705125805,,,,,,,,,,
run_family,sampleII_late_65,mlp,MLP residual scale model,198,1.306753324687796,1.5063518841539683,1.6064847631096895,1.6033647216483966,0.0,0.9229806456407025,0.5606060606060606,0.9141414141414141,0.12208343153093948,0.03585858585858581,0.10267010119233838,0.0844078682352903,,,,,,,,,,
run_family,sampleII_late_65,phase_conformal_gated_cnn,Phase-conformal atom-gated CNN,198,1.2703033932011074,1.7109118659769393,1.4723293362307364,1.5583945462989444,0.0,0.7657061930817997,0.7272727272727273,0.98989898989899,0.04458323513572726,0.03989898989898999,0.09076313308385354,0.10238479125919278,,,,,,,,,,
run_family,sampleII_late_65,ridge,Ridge residual scale model,198,1.0461039005286301,1.0699252659361917,1.442149236413656,1.5944981166760985,0.005050505050505051,0.9100309184363808,0.51010101010101,0.9141414141414141,0.17258848203598998,0.03585858585858581,0.11432454404829798,0.10318517337662322,,,,,,,,,,
run_family,sampleII_late_65,traditional,S02/S03/S04 atom robust-width baseline,198,1.0303469619591845,1.1792291919174822,1.4946400762696799,1.6991283591200734,0.005050505050505051,2.9082498504770586,0.42424242424242425,0.6464646464646465,0.2584470678945758,0.30353535353535344,0.28099121071496463,0.6878058706554881,,,,,,,,,,
run_family,sampleII_mid_61_63,cnn1d,1D-CNN residual scale model,6330,1.3221740241415458,1.6424327620204942,1.5989962830782942,2.5196462020616117,0.013270142180094787,1.04705216195874,0.4358609794628752,0.9341232227488152,0.2468285126741248,0.015876777251184748,0.1469766576008855,0.11418352737123377,,,,,,,,,,
run_family,sampleII_mid_61_63,gradient_boosted_trees,HistGradientBoosting residual scale model,6330,1.3777403195347315,1.6690991017187073,1.6577076455790904,2.4388092917516278,0.014691943127962086,1.1134199610906768,0.4826224328593997,0.8475513428120063,0.20006705927760032,0.10244865718799367,0.15498613627387128,0.14273045345753552,,,,,,,,,,
run_family,sampleII_mid_61_63,mlp,MLP residual scale model,6330,1.4004312516740292,1.6071639088751617,1.7147234548174604,2.5064067221164246,0.014691943127962086,1.0735031804785735,0.50347551342812,0.8636650868878357,0.17921397870888,0.08633491311216424,0.13735819045310632,0.11910256568818102,,,,,,,,,,
run_family,sampleII_mid_61_63,phase_conformal_gated_cnn,Phase-conformal atom-gated CNN,6330,1.3555867121987388,1.6954270741996638,1.6054465877450714,2.4944441288689325,0.011532385466034755,0.8957426644960911,0.623696682464455,0.9628751974723538,0.058992809672545055,0.012875197472353883,0.04701063911029432,0.055783995439775545,,,,,,,,,,
run_family,sampleII_mid_61_63,ridge,Ridge residual scale model,6330,1.3964522663436862,1.5212785841879928,1.7242910350405414,2.6880379859402876,0.017851500789889417,1.0315689574630202,0.4764612954186414,0.8557661927330174,0.20622819671835863,0.0942338072669826,0.15023100199267062,0.12056549086025803,,,,,,,,,,
run_family,sampleII_mid_61_63,traditional,S02/S03/S04 atom robust-width baseline,6330,1.4280204662292513,1.6794214625056654,1.73368273938922,2.8157009685402072,0.023696682464454975,2.764776802143886,0.35308056872037913,0.5930489731437599,0.3296089234166209,0.35695102685624003,0.3432799751364305,0.6986541818882943,,,,,,,,,,
