method,roc_auc,roc_auc_ci_low,roc_auc_ci_high,average_precision,average_precision_ci_low,average_precision_ci_high,balanced_accuracy,brier,eligible_winner,n_test,positive_test
new_shape_residual_fusion,0.98933125,0.9815415625,0.99539484375,0.9910930893188813,0.9839833729357571,0.9963083297347022,0.9475,0.03612095682504725,True,800,400
gradient_boosted_trees,0.986296875,0.977350859375,0.994296875,0.9881471046444562,0.9806073711153557,0.9950296299836848,0.9325,0.045376014040106376,True,800,400
mlp,0.98210625,0.9711750000000001,0.9935931250000001,0.9853791156988579,0.9780069690913207,0.9942413883021352,0.92,0.04663375619002826,True,800,400
ridge,0.9490843750000002,0.92813515625,0.9713281250000001,0.9626153543425489,0.9458594727473504,0.9780680553334227,0.8825,0.12008322044556508,True,800,400
cnn_1d,0.768840625,0.737551015625,0.8286259375,0.8363096089028809,0.8078459190284879,0.8855763527534086,0.72,0.24424049057955577,True,800,400
traditional_fixed_secondary_score,0.4725,0.445,0.5,0.49255208333333333,0.49091101694915257,0.5,0.5,0.5275,True,800,400
shuffled_label_fusion_control,0.4787624999999999,0.46054890625,0.5005999999999999,0.48977596062221074,0.4733152851343424,0.511740329018302,0.495,0.2643286951729041,False,800,400
