model,features,heldout_runs,n_train,n_test,positive_train,positive_test,auc,average_precision,accuracy,brier,mean_score_dynamic_only,mean_score_median_selected,auc_ci_low,auc_ci_high,average_precision_ci_low,average_precision_ci_high
shape_only_logistic,"stave_idx,peak_sample,area_over_amp,tail_frac,early_frac,width20,width50,cfd20","55,57,63,65",260808,28980,58736,6900,0.9943017879647132,0.9838952527273485,0.9729468599033816,0.02247054377894733,0.9445664482336514,0.04415972697791503,0.9898294215368626,0.9965515032286646,0.9715974079666263,0.9908453711235344
leaky_amplitude_logistic,"stave_idx,peak_sample,area_over_amp,tail_frac,early_frac,width20,width50,cfd20,median_amp,dynamic_amp,dynamic_minus_median","55,57,63,65",260808,28980,58736,6900,0.9999934690716236,0.9999790955637301,0.9969634230503795,0.0020044601236763842,0.9953277395365908,0.005139450659625176,,,,
within_run_label_shuffle_control,"stave_idx,peak_sample,area_over_amp,tail_frac,early_frac,width20,width50,cfd20","55,57,63,65",260808,28980,58736,6900,0.9620009714345725,0.7972228605356059,0.7136300897170462,0.22093001326965445,0.5845588538205365,0.48335746497611937,,,,
global_label_shuffle_control,"stave_idx,peak_sample,area_over_amp,tail_frac,early_frac,width20,width50,cfd20","55,57,63,65",260808,28980,58736,6900,0.773844517958412,0.4381367593093232,0.7131469979296067,0.2492145531199978,0.5016644363230797,0.49947642138108167,,,,
