{
  "study": "S10l",
  "ticket": "1781030650.532.4dd15543",
  "worker": "testbeam-laptop-4",
  "title": "asymmetric-template failure atom map",
  "reproduced": true,
  "split": {
    "train_runs": [
      58,
      59,
      60,
      61,
      62
    ],
    "heldout_runs": [
      63,
      65
    ],
    "bootstrap_unit": "heldout source run"
  },
  "winner": {
    "method": "hist_gradient_boosted_trees",
    "family": "ml",
    "primary_metric": "heldout_constituent_time_rms_ns",
    "value": 7.2671899547017365,
    "ci": [
      6.861415740966915,
      7.641297402813332
    ]
  },
  "head_to_head": [
    {
      "method": "amplitude_binned_asymmetric_template_fit",
      "family": "traditional",
      "detection_ap": 0.7010932832269011,
      "detection_auc": 0.6900027777777779,
      "time_rms_ns": 17.52470031780755,
      "time_sigma68_ns": 12.396261371776145,
      "charge_fractional_bias": -0.0011020487411117288,
      "charge_fractional_res68": 0.11604568918450028,
      "failure_rate": 0.02,
      "n_events": 1200,
      "n_positive": 600,
      "detection_ap_ci_low": 0.69520278216563,
      "detection_ap_ci_high": 0.709794975995745,
      "time_rms_ns_ci_low": 17.30787638633881,
      "time_rms_ns_ci_high": 17.735997185182935,
      "charge_fractional_bias_ci_low": -0.004271073591533359,
      "charge_fractional_bias_ci_high": 0.0010162307812544556,
      "charge_fractional_res68_ci_low": 0.11437177104521673,
      "charge_fractional_res68_ci_high": 0.11716528562410672,
      "failure_rate_ci_low": 0.013333333333333334,
      "failure_rate_ci_high": 0.02666666666666667
    },
    {
      "method": "ridge_logistic_plus_ridge_regression",
      "family": "ml",
      "detection_ap": 0.8353569116369727,
      "detection_auc": 0.8236166666666667,
      "time_rms_ns": 8.550455318664344,
      "time_sigma68_ns": 6.4437140271401745,
      "charge_fractional_bias": -0.01720167155744436,
      "charge_fractional_res68": 0.07183113044817624,
      "failure_rate": 0.30833333333333335,
      "n_events": 1200,
      "n_positive": 600,
      "detection_ap_ci_low": 0.8163109380145357,
      "detection_ap_ci_high": 0.8537220472412678,
      "time_rms_ns_ci_low": 8.484195044324027,
      "time_rms_ns_ci_high": 8.615891144939201,
      "charge_fractional_bias_ci_low": -0.020901398102075867,
      "charge_fractional_bias_ci_high": -0.014414806145041571,
      "charge_fractional_res68_ci_low": 0.06857878175032989,
      "charge_fractional_res68_ci_high": 0.07433549786357606,
      "failure_rate_ci_low": 0.30666666666666664,
      "failure_rate_ci_high": 0.31
    },
    {
      "method": "hist_gradient_boosted_trees",
      "family": "ml",
      "detection_ap": 0.8840996900267728,
      "detection_auc": 0.869525,
      "time_rms_ns": 7.2671899547017365,
      "time_sigma68_ns": 4.229759085681938,
      "charge_fractional_bias": -0.009502401829094446,
      "charge_fractional_res68": 0.060563094130655616,
      "failure_rate": 0.2733333333333333,
      "n_events": 1200,
      "n_positive": 600,
      "detection_ap_ci_low": 0.8819625251339386,
      "detection_ap_ci_high": 0.8872375528484167,
      "time_rms_ns_ci_low": 6.861415740966915,
      "time_rms_ns_ci_high": 7.641297402813332,
      "charge_fractional_bias_ci_low": -0.01672997881114255,
      "charge_fractional_bias_ci_high": -0.0019569357070497078,
      "charge_fractional_res68_ci_low": 0.05494527416189623,
      "charge_fractional_res68_ci_high": 0.06734552995565134,
      "failure_rate_ci_low": 0.2633333333333333,
      "failure_rate_ci_high": 0.2833333333333333
    },
    {
      "method": "compact_mlp_classifier_regressor",
      "family": "ml",
      "detection_ap": 0.8421110126086868,
      "detection_auc": 0.8310583333333335,
      "time_rms_ns": 9.101093421572102,
      "time_sigma68_ns": 7.073685358584028,
      "charge_fractional_bias": -0.002392470890637514,
      "charge_fractional_res68": 0.07306776100460603,
      "failure_rate": 0.32166666666666666,
      "n_events": 1200,
      "n_positive": 600,
      "detection_ap_ci_low": 0.8242628123454849,
      "detection_ap_ci_high": 0.8625667008537916,
      "time_rms_ns_ci_low": 9.05088325657878,
      "time_rms_ns_ci_high": 9.152266779100605,
      "charge_fractional_bias_ci_low": -0.009453075442058282,
      "charge_fractional_bias_ci_high": 0.0012274122416756842,
      "charge_fractional_res68_ci_low": 0.06684006427586431,
      "charge_fractional_res68_ci_high": 0.07670649965501103,
      "failure_rate_ci_low": 0.31333333333333335,
      "failure_rate_ci_high": 0.33
    },
    {
      "method": "one_dimensional_cnn",
      "family": "nn",
      "detection_ap": 0.7877863140976755,
      "detection_auc": 0.7842944444444444,
      "time_rms_ns": 10.85825598063337,
      "time_sigma68_ns": 9.43274731072837,
      "charge_fractional_bias": -0.041987021070584184,
      "charge_fractional_res68": 0.07871655053092227,
      "failure_rate": 0.41833333333333333,
      "n_events": 1200,
      "n_positive": 600,
      "detection_ap_ci_low": 0.7768650523953357,
      "detection_ap_ci_high": 0.7964724521868778,
      "time_rms_ns_ci_low": 10.693890312831314,
      "time_rms_ns_ci_high": 11.013847951526886,
      "charge_fractional_bias_ci_low": -0.04858331164124553,
      "charge_fractional_bias_ci_high": -0.04068265991911966,
      "charge_fractional_res68_ci_low": 0.07436637176738153,
      "charge_fractional_res68_ci_high": 0.08485102099070174,
      "failure_rate_ci_low": 0.4066666666666667,
      "failure_rate_ci_high": 0.43
    },
    {
      "method": "attention_waveform_encoder",
      "family": "new_architecture",
      "detection_ap": 0.8096818607237553,
      "detection_auc": 0.8052527777777778,
      "time_rms_ns": 11.338150178029833,
      "time_sigma68_ns": 9.189525840262586,
      "charge_fractional_bias": -0.04695253419110781,
      "charge_fractional_res68": 0.08896567507475195,
      "failure_rate": 0.29333333333333333,
      "n_events": 1200,
      "n_positive": 600,
      "detection_ap_ci_low": 0.7953016186094221,
      "detection_ap_ci_high": 0.8215071625193493,
      "time_rms_ns_ci_low": 11.329611931730014,
      "time_rms_ns_ci_high": 11.34676283905306,
      "charge_fractional_bias_ci_low": -0.05050012291269976,
      "charge_fractional_bias_ci_high": -0.04159869137004691,
      "charge_fractional_res68_ci_low": 0.08372359451527436,
      "charge_fractional_res68_ci_high": 0.08966995106262896,
      "failure_rate_ci_low": 0.29,
      "failure_rate_ci_high": 0.2966666666666667
    }
  ],
  "risk_coverage": [
    {
      "method": "amplitude_binned_asymmetric_template_fit",
      "family": "traditional",
      "risk_coverage_auc": 0.40379396706555215,
      "risk_coverage_auc_ci_low": 0.36507349997513067,
      "risk_coverage_auc_ci_high": 0.44156452168979343,
      "ml_minus_traditional_risk_coverage_auc": 0.0
    },
    {
      "method": "ridge_logistic_plus_ridge_regression",
      "family": "ml",
      "risk_coverage_auc": 0.6321319126186898,
      "risk_coverage_auc_ci_low": 0.600261721180009,
      "risk_coverage_auc_ci_high": 0.6632166869644031,
      "ml_minus_traditional_risk_coverage_auc": 0.2283379455531377
    },
    {
      "method": "hist_gradient_boosted_trees",
      "family": "ml",
      "risk_coverage_auc": 0.7784086899289473,
      "risk_coverage_auc_ci_low": 0.7698999721496802,
      "risk_coverage_auc_ci_high": 0.7877645969402018,
      "ml_minus_traditional_risk_coverage_auc": 0.37461472286339514
    },
    {
      "method": "compact_mlp_classifier_regressor",
      "family": "ml",
      "risk_coverage_auc": 0.6476098334500108,
      "risk_coverage_auc_ci_low": 0.647168078273386,
      "risk_coverage_auc_ci_high": 0.6483738722362121,
      "ml_minus_traditional_risk_coverage_auc": 0.24381586638445862
    },
    {
      "method": "one_dimensional_cnn",
      "family": "nn",
      "risk_coverage_auc": 0.33302373965691673,
      "risk_coverage_auc_ci_low": 0.33254449867615127,