method,overlap_auc,average_precision,brier,log_loss,secondary_fraction_mae,secondary_fraction_bias,overlap_auc_ci_low,overlap_auc_ci_high,average_precision_ci_low,average_precision_ci_high,brier_ci_low,brier_ci_high,log_loss_ci_low,log_loss_ci_high,secondary_fraction_mae_ci_low,secondary_fraction_mae_ci_high,n_test,n_bootstrap,rank_score
gradient_boosted_trees,0.8485671596573852,0.8598056762138669,0.16075621075662067,0.4921419886866746,0.12907582958253702,0.0056518447060092914,0.8454320987654321,0.8705926481620405,0.8597817352035452,0.8730329851837236,0.1604392445387294,0.16139368471439078,0.49164382503025816,0.49238968672694833,0.12689785377842344,0.1301587675518046,1078,360,0.7196090453191583
ridge,0.8081570684954144,0.80091338215286,0.17929470199728373,0.6286759334399877,0.12794067274011478,-0.011376195908004039,0.8081570684954144,0.853494623655914,0.7989366459739918,0.8498769981385645,0.17362445684952849,0.18211407389019538,0.5168152931707869,0.6842955295738407,0.12489216284655438,0.13407175409029212,1078,360,0.6763426235408716
mlp,0.7974262579525739,0.7953259911629109,0.18661413081635536,0.553917741972594,0.13838644633408026,0.011346296235346855,0.7870293209876542,0.8845336334083522,0.7861200933827304,0.8999830423301662,0.1588972566203247,0.20039557659715948,0.46967703055117394,0.5958040957071336,0.13217766053428093,0.1414735926067583,1078,360,0.6563135970387427
traditional_bounded_template,0.6243217934947258,0.6343825870700457,0.2297084676462265,0.6497610524841169,0.1755282362251466,-0.06397927671452451,0.6010108024691356,0.639316079019755,0.6131331615009792,0.6396738165761755,0.22172635678911642,0.23367735054462282,0.6315619724458404,0.6588100395031489,0.15819688972945586,0.18414576684383732,1078,360,0.44673392279662055
residual_cnn,0.6473739293288167,0.6403881773438299,0.2412769000432699,0.6754050027022479,0.2073268567995639,0.10654929407327322,0.6473739293288167,0.6902350587646912,0.6403881773438299,0.6646318414417232,0.2334567138391949,0.2451652704058516,0.6592279927921864,0.6834485715186396,0.17225345511283763,0.22476613152713057,1078,360,0.4436234067204898
cnn_1d,0.5908211462722741,0.5691285307707579,0.24879442609403932,0.6907260037070007,0.18394126319529278,-0.03369939575487358,0.5908211462722741,0.7051762940735183,0.5691285307707579,0.6418348126757636,0.2482451256840511,0.24906755046456122,0.6896371328678499,0.6912674144853562,0.18104404722535888,0.18538182335812106,1078,360,0.4031063136569967
