method,metric,value,ci_low,ci_high,n_pair_residuals,median_ns,sigma68_ns,full_rms_ns,tail_frac_abs_gt5ns,core_sigma_ns,chi2_ndf
traditional_best_template_phase,heldout pairwise sigma68 ns,2.889152765080617,2.6391527650806132,3.205407715356344,198,-3.8304301157923035,2.889152765080617,2.576694889725475,0.050505050505050504,0.4426909975832632,3.2136307740985623
cfd20_reference,heldout pairwise sigma68 ns,2.9933861916712807,2.6148535653684646,3.351383147258767,198,-3.53533965096263,2.9933861916712807,2.7426839288126446,0.06565656565656566,1.080252995353314,0.9151422810042005
ml_ridge,heldout pairwise sigma68 ns,1.8461136615528786,1.521163828858516,2.014224220587332,198,1.0986962153520654,1.8461136615528786,1.709803798750969,0.0,1.849735271834869,0.9638960570317674
