method,metric,value,ci_low,ci_high,n_pair_residuals,median_ns,sigma68_ns,full_rms_ns,tail_frac_abs_gt5ns,core_sigma_ns,chi2_ndf
s03a_template_phase_base,heldout pairwise sigma68 ns,2.889152765080617,2.6391527650806132,3.1393535437408144,198,-3.8304301157923035,2.889152765080617,2.576694889725475,0.050505050505050504,0.4426909975832632,3.2136307740985623
monotone_binned_timewalk,heldout pairwise sigma68 ns,1.5695763825403084,1.3354763682415849,1.819576382540312,198,1.1225076096964912,1.5695763825403084,1.8302518520335362,0.005050505050505051,1.71827894606673,3.1025652217921458
ml_hgb_waveform_residual,heldout pairwise sigma68 ns,1.4717065664689215,1.2939386448765953,1.6824523898467496,198,1.4255453493913919,1.4717065664689215,1.6214894773730382,0.005050505050505051,1.2617846427372321,1.30445444205186
