threshold,value
anomaly_score,1286.6561171745584
pileup_score,5.765173533082009
baseline_score,703.6624848239579
lowering_adc,6371.795483398491
q_template_rmse,2.3926341271400546
