{
  "study": "S13e",
  "ticket": "1781059683.869.4bca6f7e",
  "worker": "testbeam-laptop-3",
  "title": "residual CWoLa support-collapse atlas",
  "reproduced": true,
  "reproduction": {
    "metric": "S13b downstream-topology high/low ratio from raw ROOT",
    "value": 1.4449743989548876,
    "expected": 1.4449743989548876,
    "pass": true
  },
  "split": "leave-run-family-out folds with stratified run-block bootstrap CIs within current group",
  "traditional": {
    "method": "traditional_matched_null",
    "description": "frozen matched-atom high-current probability table over charge, topology, anomaly taxon, baseline lowering, and stave, with run family held out",
    "auc": 0.5095882105466947,
    "auc_ci": [
      0.31183118827160494,
      0.858799882237587
    ],
    "score_excess_high_minus_low": -0.0019394017109526374,
    "support_loss_fraction": 0.2199526715655748
  },
  "ml_methods": [
    {
      "method": "gradient_boosted_trees_residual",
      "n_eval": 24087,
      "auc": 0.5500598668632444,
      "average_precision": 0.9094587112161481,
      "brier": 0.10878930571990941,
      "log_loss": 0.3901294089345301,
      "ece_10bin": 0.08541079322462712,
      "score_excess_high_minus_low": 0.03248392537563183,
      "support_loss_fraction": 0.2199526715655748,
      "matched_cell_ess": 18789.0,
      "mean_support_distance": 0.6444854107714413,
      "auc_ci_low": 0.398185719843107,
      "auc_ci_high": 0.828429069626395,
      "average_precision_ci_low": 0.8220975952910011,
      "average_precision_ci_high": 0.9850873068509637,
      "brier_ci_low": 0.054865611008056925,
      "brier_ci_high": 0.1578424978225265,
      "ece_10bin_ci_low": 0.03349831299952299,
      "ece_10bin_ci_high": 0.1528720620158153,
      "score_excess_high_minus_low_ci_low": -0.04236612889899066,
      "score_excess_high_minus_low_ci_high": 0.18724689998411723,
      "support_loss_fraction_ci_low": 0.18792322586109814,
      "support_loss_fraction_ci_high": 0.2453726319180114,
      "matched_cell_ess_ci_low": 17504.05,
      "matched_cell_ess_ci_high": 20121.2,
      "mean_support_distance_ci_low": 0.47750979131314764,
      "mean_support_distance_ci_high": 0.8182614731594035,
      "nuisance_auc": 0.5095882105466947,
      "auc_minus_traditional": 0.0404716563165497,
      "brier_minus_traditional": 0.00827915947873871,
      "score_excess_minus_traditional": 0.034423327086584465,
      "null_minus_real_auc_gap": -0.0404716563165497,
      "null_minus_real_score_excess_gap": -0.034423327086584465
    },
    {
      "method": "traditional_matched_null",
      "n_eval": 24087,
      "auc": 0.5095882105466947,
      "average_precision": 0.9046409948777054,
      "brier": 0.1005101462411707,
      "log_loss": 0.36593677788635237,
      "ece_10bin": 0.05836916074570687,
      "score_excess_high_minus_low": -0.0019394017109526374,
      "support_loss_fraction": 0.2199526715655748,
      "matched_cell_ess": 18789.0,
      "mean_support_distance": 0.6444854107714413,
      "auc_ci_low": 0.31183118827160494,
      "auc_ci_high": 0.858799882237587,
      "average_precision_ci_low": 0.7987150807001728,
      "average_precision_ci_high": 0.9893806485055714,
      "brier_ci_low": 0.049753895998700864,
      "brier_ci_high": 0.14523259636327884,
      "ece_10bin_ci_low": 0.033140662077136944,
      "ece_10bin_ci_high": 0.1300406551249825,
      "score_excess_high_minus_low_ci_low": -0.05927132431854826,
      "score_excess_high_minus_low_ci_high": 0.11821682231499167,
      "support_loss_fraction_ci_low": 0.1885297619047619,
      "support_loss_fraction_ci_high": 0.24785776559970107,
      "matched_cell_ess_ci_low": 17472.2,
      "matched_cell_ess_ci_high": 20231.3,
      "mean_support_distance_ci_low": 0.48748463878345266,
      "mean_support_distance_ci_high": 0.8145368516248482,
      "nuisance_auc": 0.5095882105466947,
      "auc_minus_traditional": 0.0,
      "brier_minus_traditional": 0.0,
      "score_excess_minus_traditional": 0.0,
      "null_minus_real_auc_gap": 0.0,
      "null_minus_real_score_excess_gap": 0.0
    },
    {
      "method": "amplitude_only_control",
      "n_eval": 24087,
      "auc": 0.48810987505398445,
      "average_precision": 0.899921896821415,
      "brier": 0.10023549613601311,
      "log_loss": 0.3633524444553146,
      "ece_10bin": 0.07590275372215848,
      "score_excess_high_minus_low": -0.0077185012865415015,
      "support_loss_fraction": 0.2199526715655748,
      "matched_cell_ess": 18789.0,
      "mean_support_distance": 0.6444854107714413,
      "auc_ci_low": 0.2670788081321483,
      "auc_ci_high": 0.8707313382796915,
      "average_precision_ci_low": 0.7945494662649225,
      "average_precision_ci_high": 0.9908905438278213,
      "brier_ci_low": 0.051362130100286826,
      "brier_ci_high": 0.1449495153882747,
      "ece_10bin_ci_low": 0.03767766688445619,
      "ece_10bin_ci_high": 0.1747842821667284,
      "score_excess_high_minus_low_ci_low": -0.06143376064020188,
      "score_excess_high_minus_low_ci_high": 0.09929430004534841,
      "support_loss_fraction_ci_low": 0.18520363681654003,
      "support_loss_fraction_ci_high": 0.24625595238095238,
      "matched_cell_ess_ci_low": 17507.55,
      "matched_cell_ess_ci_high": 20090.45,
      "mean_support_distance_ci_low": 0.48513010650813043,
      "mean_support_distance_ci_high": 0.8167026032596728,
      "nuisance_auc": 0.5095882105466947,
      "auc_minus_traditional": -0.02147833549271022,
      "brier_minus_traditional": -0.00027465010515759225,
      "score_excess_minus_traditional": -0.005779099575588864,
      "null_minus_real_auc_gap": 0.02147833549271022,
      "null_minus_real_score_excess_gap": 0.005779099575588864
    },
    {
      "method": "cnn1d_residual",
      "n_eval": 24087,
      "auc": 0.42867435665460396,
      "average_precision": 0.880406892734249,
      "brier": 0.09937147051483873,
      "log_loss": 0.3661858913395149,
      "ece_10bin": 0.07909774324085087,
      "score_excess_high_minus_low": -0.014191691134551765,
      "support_loss_fraction": 0.2199526715655748,
      "matched_cell_ess": 18789.0,
      "mean_support_distance": 0.6444854107714413,
      "auc_ci_low": 0.1954808908822017,
      "auc_ci_high": 0.8589331483503149,
      "average_precision_ci_low": 0.7619061497545386,
      "average_precision_ci_high": 0.989069520359985,
      "brier_ci_low": 0.05222122652115237,
      "brier_ci_high": 0.14243710726129896,
      "ece_10bin_ci_low": 0.03731107317098895,
      "ece_10bin_ci_high": 0.1896967697314822,
      "score_excess_high_minus_low_ci_low": -0.05926581954627624,
      "score_excess_high_minus_low_ci_high": 0.0757640140796039,
      "support_loss_fraction_ci_low": 0.19109581932162578,
      "support_loss_fraction_ci_high": 0.24674631104727082,
      "matched_cell_ess_ci_low": 17483.95,
      "matched_cell_ess_ci_high": 20110.15,
      "mean_support_distance_ci_low": 0.4962060432575033,
      "mean_support_distance_ci_high": 0.8135150621521239,
      "nuisance_auc": 0.5095882105466947,
      "auc_minus_traditional": -0.08091385389209071,
      "brier_minus_traditional": -0.0011386757263319724,
      "score_excess_minus_traditional": -0.012252289423599128,
      "null_minus_real_auc_gap": 0.08091385389209071,
      "null_minus_real_score_excess_gap": 0.012252289423599128
    },
    {
      "method": "ridge_residual",
      "n_eval": 24087,
      "auc": 0.42588666621989907,
      "average_precision": 0.8796754322780617,
      "brier": 0.0981791456851441,
      "log_loss": 0.3624684729883965,
      "ece_10bin": 0.07913352073176218,
      "score_excess_high_minus_low": -0.014989623365570082,
      "support_loss_fraction": 0.2199526715655748,
      "matched_cell_ess": 18789.0,
      "mean_support_distance": 0.6444854107714413,
      "auc_ci_low": 0.20168181005658437,
      "auc_ci_high": 0.8484081975443414,
      "average_precision_ci_low": 0.7616401508705947,
      "average_precision_ci_high": 0.9889424115570496,