method,heldout_runs,n_test_records,accuracy,accuracy_ci_low,accuracy_ci_high,precision,recall,f1,false_positive,false_negative,notes,roc_auc,average_precision
traditional median-first-four gate,"57,65",278832,1.0,1.0,1.0,1.0,1.0,1.0,0,0,deterministic raw selector definition,1.0,1.0
dynamic-range selector,"57,65",278832,0.9854464336948413,0.9763537271448663,0.9928495211326255,0.8687962753402955,1.0,0.9297923875432526,4058,0,intentional semantic-change comparator,0.9940899077199685,0.929971548440765
ML logistic honest raw summaries,"57,65",278832,0.9977298158030642,0.9977162710805746,0.9977464518603759,0.9797410955898486,0.9970600275389826,0.9883246952063006,554,79,run-group CV selected C=10.0,0.999974328271646,0.9997641926564325
ML leakage sentinel with median_amp,"57,65",278832,0.9997884030527343,0.9997332396418905,0.9998561565017261,0.9978091347939101,1.0,0.9989033661084367,59,0,contains a direct monotone transform of the target rule,0.9999999833098095,0.9999998436478928
