method,roc_auc,roc_auc_ci_low,roc_auc_ci_high,average_precision,ap_ci_low,ap_ci_high,brier,brier_ci_low,brier_ci_high,notes
gradient_boosted_trees,0.9164468322198953,0.9029331350833825,0.9310057946704062,0.9205806094705957,0.9044085184106432,0.9372679733608914,0.11909213571545553,0.10584728788693884,0.13679276059490983,Histogram gradient-boosted trees on strict normalized morphology features.
mlp,0.902994923584606,0.8740669020811932,0.9296251868015153,0.9082074823037196,0.8826072498083539,0.9313887014220356,0.12876124503650851,0.10535125381383663,0.15246584146227493,Small early-stopped dense neural network on strict normalized morphology features.
random_forest_s07h,0.8601848611926077,0.8407192824346437,0.8812916453288311,0.8741819809288507,0.8508536061889889,0.8957740754289243,0.15537693627050497,0.14122707307223156,0.171267883172819,"S07h random-forest continuity model; best params={'n_estimators': 500, 'max_depth': 7, 'min_samples_leaf': 8}."
ridge_logistic,0.8184417611877628,0.8042670115979267,0.83240362539154,0.8199222043164599,0.7995967801504856,0.8425105810810923,0.17552716966996543,0.16630456718272366,0.18591968886508675,L2-regularized logistic regression on strict normalized morphology features.
residual_tcn_fusion,0.7870185884012252,0.7594128354318235,0.8137251757882213,0.782797111230295,0.7520273554764583,0.8136265745729331,0.18532279431910884,0.1723045154658223,0.19760388383414568,New residual dilated temporal CNN with non-sample morphology-stat fusion.
cnn_1d,0.689398528216364,0.6707790366194315,0.7074262431404403,0.700149575181886,0.6747731403037353,0.7224717291166474,0.21796153552658326,0.21103598588634656,0.2250497534157071,Small 1D-CNN over B2/downstream mean/downstream std normalized waveforms.
traditional timing/template reference,0.6124055103062537,0.6039554716779623,0.6274045424502748,0.5778323599886604,0.5712376800912385,0.5863593517756394,0.24016675596811177,0.23740951578944572,0.2424764814316261,Strong fold-local timing/template score; primary traditional comparator.
transparent P02 morphology,0.5276177453825076,0.520173222004461,0.5368519435317731,0.5103673358250431,0.5064734195865812,0.515948257866897,0.24864564567257852,0.2479257751032956,0.24946665501822166,Train-fold-selected transparent P02 morphology cuts/scores only.
