quantity,median,min,max
standardized_coefficient_l2_drift,3.0468135245708305,2.3375188066647814,3.3424343280491393
max_abs_standardized_coefficient_drift,1.7041861357947057,1.3271653594153077,1.8083120305096645
