{
  "study": "S10h_late_residual_taxonomy",
  "ticket": "1781028280.1036.7e527107",
  "worker": "testbeam-laptop-3",
  "title": "late-sample residual taxonomy for 20pct last-above inflation",
  "reproduced_first": true,
  "reproduction": {
    "template_live20_ns": 101.86521002119034,
    "empirical_live20_ns": 119.0300244680748,
    "inflation_ns": 17.164814446884463,
    "n_pulses": 252266,
    "n_run_stave_fits": 46
  },
  "traditional_method": {
    "description": "rule-based late residual taxonomy with run-block bootstrap CIs",
    "taxonomy_thresholds": {
      "amp_q80": 8051.5,
      "amp_q95": 8987.5,
      "tail_area_q70": 4.150920789812732,
      "noise_q85": 0.004146350451552605
    },
    "top_positive_inflation_taxa": [
      {
        "late_residual_taxon": "final_sample_censored_tail",
        "n_pulses": 183100,
        "pulse_fraction": 0.725821157032656,
        "pulse_fraction_ci_low": 0.6268866730457819,
        "pulse_fraction_ci_high": 0.7917182233336709,
        "mean_inflation20_ns": 28.577485327081497,
        "mean_inflation20_ci_low_ns": 27.609843162903452,
        "mean_inflation20_ci_high_ns": 29.75166459711035,
        "mean_live20_ns": 131.42419698023124,
        "mean_template_cross20_ns": 102.84671165348101,
        "share_positive_inflation": 0.8984691941637566,
        "share_positive_inflation_ci_low": 0.8700007189575205,
        "share_positive_inflation_ci_high": 0.9234602189359814,
        "inflated_label_rate": 0.9985636264336428,
        "final_sample_censored_rate": 1.0,
        "downstream_event_rate": 0.02942654287274713
      },
      {
        "late_residual_taxon": "high_amplitude_late_tail",
        "n_pulses": 12627,
        "pulse_fraction": 0.05005430775451309,
        "pulse_fraction_ci_low": 0.03290299667820331,
        "pulse_fraction_ci_high": 0.0661778882557664,
        "mean_inflation20_ns": 29.91961443197697,
        "mean_inflation20_ci_low_ns": 28.815899812752107,
        "mean_inflation20_ci_high_ns": 31.66563365564059,
        "mean_live20_ns": 132.6451151036317,
        "mean_template_cross20_ns": 102.72550067164948,
        "share_positive_inflation": 0.0648704647468068,
        "share_positive_inflation_ci_low": 0.045387852021462415,
        "share_positive_inflation_ci_high": 0.08271301323851145,
        "inflated_label_rate": 0.9999208046250099,
        "final_sample_censored_rate": 1.0,
        "downstream_event_rate": 0.038092975370238376
      },
      {
        "late_residual_taxon": "late_rebound_peak",
        "n_pulses": 6982,
        "pulse_fraction": 0.027677134453315152,
        "pulse_fraction_ci_low": 0.01901713043571142,
        "pulse_fraction_ci_high": 0.04134761900216737,
        "mean_inflation20_ns": 16.029069659361994,
        "mean_inflation20_ci_low_ns": 15.407083684996449,
        "mean_inflation20_ci_high_ns": 16.509100702188572,
        "mean_live20_ns": 117.74136317787858,
        "mean_template_cross20_ns": 101.71229351851616,
        "share_positive_inflation": 0.019216708265687693,
        "share_positive_inflation_ci_low": 0.012096366240675614,
        "share_positive_inflation_ci_high": 0.03231029690205972,
        "inflated_label_rate": 0.7472071039816671,
        "final_sample_censored_rate": 0.0,
        "downstream_event_rate": 0.06989401317674018
      },
      {
        "late_residual_taxon": "baseline_noise_residual",
        "n_pulses": 2169,
        "pulse_fraction": 0.008598067119627694,
        "pulse_fraction_ci_low": 0.005322697923717822,
        "pulse_fraction_ci_high": 0.013005334068401066,
        "mean_inflation20_ns": 24.239763097935963,
        "mean_inflation20_ci_low_ns": 23.494562704533433,
        "mean_inflation20_ci_high_ns": 24.799156856939923,
        "mean_live20_ns": 125.91593308251515,
        "mean_template_cross20_ns": 101.67616998457765,
        "share_positive_inflation": 0.009027734106619943,
        "share_positive_inflation_ci_low": 0.005099481609779925,
        "share_positive_inflation_ci_high": 0.015362086226660679,
        "inflated_label_rate": 0.9469801751959428,
        "final_sample_censored_rate": 0.0,
        "downstream_event_rate": 0.18994928538497002
      }
    ]
  },
  "ml_method": {
    "description": "leave-one-run-out standardized L2 logistic classifier for inflation20_ns > threshold",
    "target": "inflation20_ns > 10.0 ns",
    "run_heldout_auc_mean": 0.9981132226069291,
    "run_heldout_auc_ci": [
      0.9974357687263273,
      0.998714201377561
    ],
    "folds": [
      {
        "heldout_run": 44,
        "n_train_fit": 50000,
        "n_test": 2038,
        "test_positive_rate": 0.6310107948969578,
        "pred_positive_mean": 0.5948151376904159,
        "auc": 0.9954367410079084,
        "average_precision": 0.997068892846418,
        "brier": 0.03262845290817201,
        "log_loss": 0.11529004465862741
      },
      {
        "heldout_run": 45,
        "n_train_fit": 50000,
        "n_test": 24333,
        "test_positive_rate": 0.657913122097563,
        "pred_positive_mean": 0.6285054265480923,
        "auc": 0.9975788036576854,
        "average_precision": 0.9984057121489087,
        "brier": 0.02333061353721361,
        "log_loss": 0.08274628290419543
      },
      {
        "heldout_run": 46,
        "n_train_fit": 50000,
        "n_test": 687,
        "test_positive_rate": 0.6739446870451238,
        "pred_positive_mean": 0.656964163052813,
        "auc": 0.9971555846960815,
        "average_precision": 0.9984939071661479,
        "brier": 0.017257739237758377,
        "log_loss": 0.06484979045000618
      },
      {
        "heldout_run": 47,
        "n_train_fit": 50000,
        "n_test": 5276,
        "test_positive_rate": 0.6829037149355572,
        "pred_positive_mean": 0.6701756623485782,
        "auc": 0.9978426691312396,
        "average_precision": 0.9989979892925895,
        "brier": 0.016404905567096832,
        "log_loss": 0.058388131306757025
      },
      {
        "heldout_run": 48,
        "n_train_fit": 50000,
        "n_test": 14000,
        "test_positive_rate": 0.5959285714285715,
        "pred_positive_mean": 0.5641829895796987,
        "auc": 0.9974630665832619,
        "average_precision": 0.9984001825522523,
        "brier": 0.02447580993775105,
        "log_loss": 0.08536409380511746
      },
      {
        "heldout_run": 49,
        "n_train_fit": 50000,
        "n_test": 14815,
        "test_positive_rate": 0.5999325008437395,
        "pred_positive_mean": 0.5697026565281488,
        "auc": 0.9967021883561733,
        "average_precision": 0.9972780408934204,
        "brier": 0.02457363066109725,
        "log_loss": 0.09095580260157497
      },
      {
        "heldout_run": 50,
        "n_train_fit": 50000,
        "n_test": 35217,
        "test_positive_rate": 0.8946247550898714,
        "pred_positive_mean": 0.886855637470963,
        "auc": 0.9995230962324732,
        "average_precision": 0.9999446196712056,
        "brier": 0.006406792421046624,
        "log_loss": 0.022418063618861686
      },
      {
        "heldout_run": 51,
        "n_train_fit": 50000,
        "n_test": 14740,
        "test_positive_rate": 0.86078697421981,
        "pred_positive_mean": 0.8500923520054823,
        "auc": 0.9991543175052666,
        "average_precision": 0.9998640384223048,
        "brier": 0.009072134658355947,
        "log_loss": 0.03218774282161722
      },
      {
        "heldout_run": 52,
        "n_train_fit": 50000,
        "n_test": 7152,
        "test_positive_rate": 0.8597595078299777,
        "pred_positive_mean": 0.8559928268166845,
        "auc": 0.9980671094538793,
        "average_precision": 0.9996747307366383,
        "brier": 0.009014701189648089,
        "log_loss": 0.03732080643215268
      },
      {
        "heldout_run": 53,
        "n_train_fit": 50000,
        "n_test": 32200,
        "test_positive_rate": 0.9040372670807454,
        "pred_positive_mean": 0.8976813138423909,
        "auc": 0.9993479370182734,