split,n,positive_rate,average_precision,roc_auc,selection,n_selected,selected_fraction,precision,baseline_tail_rate
heldout_all,6187,0.034103765960885726,0.10353554185010626,0.7014487650443797,,,,,
heldout_fixed_threshold_scores,6187,0.034103765960885726,0.10353554185010626,0.7014487650443797,fixed_train_threshold,726.0,0.11734281558105705,0.1046831955922865,0.034103765960885726
heldout_top_decile_scores,6187,0.034103765960885726,0.10353554185010626,0.7014487650443797,top_decile_per_run,620.0,0.10021011798933246,0.1064516129032258,0.034103765960885726
