method,task,metric,value,ci_low,ci_high,macro_f1,train_rows,heldout_rows
traditional hand-shape,stave linear probe,balanced_accuracy,0.3527149571485241,0.3227142798872309,0.3650061545181439,0.22965739670535437,100126,59613
traditional PCA-4,stave linear probe,balanced_accuracy,0.36010727070795984,0.33493693349611886,0.36968176797662405,0.2488794625299472,100126,59613
ML masked-denoising AE-4,stave linear probe,balanced_accuracy,0.36384263841320225,0.3446455799600936,0.3707099862675516,0.27517111854370413,100126,59613
leakage check: amplitude-only,stave linear probe,balanced_accuracy,0.35487709076944446,0.33364189553569445,0.3728409982422346,0.2135862233543656,100126,59613
leakage check: AE label-shuffle,stave linear probe,balanced_accuracy,0.24281838732321287,0.22950628988377675,0.2496129439051745,0.0648728129851678,100126,59613
