{
  "ticket_id": "1780997954.15517.0cbc248c",
  "study_id": "P01",
  "title": "self-supervised waveform representation",
  "raw_root_dir": "data/root/root",
  "reproduction": {
    "expected_selected_pulses": 640737,
    "selected_pulses": 640737,
    "passed": true
  },
  "split": {
    "train_runs": [
      31,
      32,
      33,
      34,
      35,
      36,
      37,
      39,
      40,
      41,
      44,
      45,
      46,
      47,
      48,
      49,
      50,
      51,
      52,
      53,
      54,
      55,
      56,
      58,
      59,
      60,
      61,
      62,
      63
    ],
    "heldout_runs": [
      42,
      57,
      64,
      65
    ],
    "train_pulses": 581124,
    "heldout_pulses": 59613
  },
  "traditional": {
    "pca_reconstruction": [
      {
        "method": "traditional PCA",
        "latent_dim": 2,
        "full_recon_mse": 0.037810176610946655,
        "ci_low": 0.034432604908943176,
        "ci_high": 0.04073554277420044,
        "masked_sample_mse": null,
        "train_rows": 581124,
        "heldout_rows": 59613
      },
      {
        "method": "traditional PCA",
        "latent_dim": 3,
        "full_recon_mse": 0.02216891571879387,
        "ci_low": 0.01591532863676548,
        "ci_high": 0.027585230767726898,
        "masked_sample_mse": null,
        "train_rows": 581124,
        "heldout_rows": 59613
      },
      {
        "method": "traditional PCA",
        "latent_dim": 4,
        "full_recon_mse": 0.013371830806136131,
        "ci_low": 0.009223618544638157,
        "ci_high": 0.016964653506875038,
        "masked_sample_mse": null,
        "train_rows": 581124,
        "heldout_rows": 59613
      },
      {
        "method": "traditional PCA",
        "latent_dim": 8,
        "full_recon_mse": 0.003003498772159219,
        "ci_low": 0.001775953802280128,
        "ci_high": 0.00406669219955802,
        "masked_sample_mse": null,
        "train_rows": 581124,
        "heldout_rows": 59613
      }
    ],
    "hand_shape_probe": {
      "method": "traditional hand-shape",
      "task": "stave linear probe",
      "metric": "balanced_accuracy",
      "value": 0.3527149571485241,
      "ci_low": 0.3227142798872309,
      "ci_high": 0.3650061545181439,
      "macro_f1": 0.22965739670535437,
      "train_rows": 100126,
      "heldout_rows": 59613
    }
  },
  "ml": {
    "method": "masked denoising autoencoder",
    "device": "cpu",
    "epochs": 35,
    "latent_dim": 4,
    "reconstruction": {
      "method": "masked denoising autoencoder",
      "latent_dim": 4,
      "full_recon_mse": 0.014276529662311077,
      "ci_low": 0.010298035107553005,
      "ci_high": 0.0177223589271307,
      "masked_sample_mse": 0.019415110912587775,
      "train_rows": 581124,
      "heldout_rows": 59613
    },
    "linear_probe": {
      "method": "ML masked-denoising AE-4",
      "task": "stave linear probe",
      "metric": "balanced_accuracy",
      "value": 0.36384263841320225,
      "ci_low": 0.3446455799600936,
      "ci_high": 0.3707099862675516,
      "macro_f1": 0.27517111854370413,
      "train_rows": 100126,
      "heldout_rows": 59613
    },
    "final_training_loss": 0.018000175959994674
  },
  "leakage_checks": [
    {
      "method": "leakage check: amplitude-only",
      "task": "stave linear probe",
      "metric": "balanced_accuracy",
      "value": 0.35487709076944446,
      "ci_low": 0.33364189553569445,
      "ci_high": 0.3728409982422346,
      "macro_f1": 0.2135862233543656,
      "train_rows": 100126,
      "heldout_rows": 59613
    },
    {
      "method": "leakage check: AE label-shuffle",
      "task": "stave linear probe",
      "metric": "balanced_accuracy",
      "value": 0.24281838732321287,
      "ci_low": 0.22950628988377675,
      "ci_high": 0.2496129439051745,
      "macro_f1": 0.0648728129851678,
      "train_rows": 100126,
      "heldout_rows": 59613
    }
  ],
  "runtime_sec": 38.2
}
