{
  "ticket_id": "1781005319.562.584259c9",
  "study_id": "P01c",
  "title": "per-sample pulse-shape importance map",
  "raw_root_dir": "data/root/root",
  "reproduction": {
    "expected_selected_pulses": 640737,
    "selected_pulses": 640737,
    "passed": true
  },
  "split": {
    "heldout_runs": [
      42,
      57,
      64,
      65
    ],
    "train_pulses_total": 581124,
    "heldout_pulses_total": 59613,
    "balanced_train_rows": 205126,
    "balanced_heldout_rows": 55413,
    "timing_train_rows": 14646,
    "timing_heldout_rows": 1224
  },
  "baseline_metrics": [
    {
      "method": "traditional PCA/hand-shape/S02-CFD20",
      "recon_mse": 0.013258999213576317,
      "timing_sigma68_ns": 3.1884502039551736,
      "amplitude_res68": 0.08271829673758874,
      "topology_balanced_accuracy": 0.926423204541595
    },
    {
      "method": "ML masked-denoising AE latent probes",
      "recon_mse": 0.01660245470702648,
      "timing_sigma68_ns": 1.9892228263616547,
      "amplitude_res68": 0.053229801038775976,
      "topology_balanced_accuracy": 0.8584045682442358
    }
  ],
  "top_samples": [
    {
      "sample": 5,
      "traditional_recon_delta_mse": 0.0021352972835302353,
      "traditional_recon_ci_low": 0.0016217371448874474,
      "traditional_recon_ci_high": 0.002719980664551258,
      "traditional_timing_delta_sigma68_ns": -2.0248881884598737,
      "traditional_timing_ci_low": -2.205797783184041,
      "traditional_timing_ci_high": -1.8193533583119479,
      "traditional_amplitude_delta_res68": -0.028482873014537766,
      "traditional_amplitude_ci_low": -0.030955780258351204,
      "traditional_amplitude_ci_high": -0.02483595347584158,
      "traditional_topology_delta_bacc": -0.06806745815945492,
      "traditional_topology_ci_low": -0.07770042602557392,
      "traditional_topology_ci_high": -0.05750189020514884,
      "ml_recon_delta_mse": 0.004705056548118591,
      "ml_recon_ci_low": 0.0046366495080292225,
      "ml_recon_ci_high": 0.004783282987773418,
      "ml_timing_delta_sigma68_ns": 0.016034460842608622,
      "ml_timing_ci_low": -0.013410732150084925,
      "ml_timing_ci_high": 0.031167373704914958,
      "ml_amplitude_delta_res68": -0.004861190345700553,
      "ml_amplitude_ci_low": -0.005583668450771538,
      "ml_amplitude_ci_high": -0.003976099796642894,
      "ml_topology_delta_bacc": -0.12654813623471695,
      "ml_topology_ci_low": -0.15633289784467974,
      "ml_topology_ci_high": -0.062037399680496486,
      "ml_permutation_recon_delta_mse": 0.006582826375961304,
      "ml_permutation_topology_delta_bacc": -0.10419112376478923,
      "importance_score": 0.4353868643180882
    },
    {
      "sample": 4,
      "traditional_recon_delta_mse": 0.000712880864739418,
      "traditional_recon_ci_low": 0.00019406527280807495,
      "traditional_recon_ci_high": 0.0011876355856657028,
      "traditional_timing_delta_sigma68_ns": 8.604951211065053,
      "traditional_timing_ci_low": 7.242818197488784,
      "traditional_timing_ci_high": 22.96125667095184,
      "traditional_amplitude_delta_res68": -0.02445508582983382,
      "traditional_amplitude_ci_low": -0.028427923543181507,
      "traditional_amplitude_ci_high": -0.019359811077041843,
      "traditional_topology_delta_bacc": -0.10826020022170069,
      "traditional_topology_ci_low": -0.12671435722784596,
      "traditional_topology_ci_high": -0.08335340778134659,
      "ml_recon_delta_mse": 0.0014972593635320663,
      "ml_recon_ci_low": 0.0006509059108793736,
      "ml_recon_ci_high": 0.002644346002489329,
      "ml_timing_delta_sigma68_ns": -0.00831445864677427,
      "ml_timing_ci_low": -0.014437264919281656,
      "ml_timing_ci_high": 0.028785173904151806,
      "ml_amplitude_delta_res68": -0.004033161274642323,
      "ml_amplitude_ci_low": -0.004415689647866623,
      "ml_amplitude_ci_high": -0.003658469285445054,
      "ml_topology_delta_bacc": -0.06572513734814678,
      "ml_topology_ci_low": -0.07908961635472844,
      "ml_topology_ci_high": -0.040449509459102306,
      "ml_permutation_recon_delta_mse": 0.004101905971765518,
      "ml_permutation_topology_delta_bacc": -0.12114279505770187,
      "importance_score": 0.37569474554886156
    },
    {
      "sample": 6,
      "traditional_recon_delta_mse": 0.002236594446003437,
      "traditional_recon_ci_low": 0.0008957974845543504,
      "traditional_recon_ci_high": 0.0033149459632113585,
      "traditional_timing_delta_sigma68_ns": -0.9299359135842327,
      "traditional_timing_ci_low": -1.08207149219513,
      "traditional_timing_ci_high": -0.6579072417020781,
      "traditional_amplitude_delta_res68": 0.02125222125643153,
      "traditional_amplitude_ci_low": 0.019667091229899687,
      "traditional_amplitude_ci_high": 0.022555950673267714,
      "traditional_topology_delta_bacc": -0.07819239412008416,
      "traditional_topology_ci_low": -0.0880122687855156,
      "traditional_topology_ci_high": -0.07412791295668864,
      "ml_recon_delta_mse": 0.0025596972554922104,
      "ml_recon_ci_low": 0.0024159401655197144,
      "ml_recon_ci_high": 0.002712552435696125,
      "ml_timing_delta_sigma68_ns": -0.000670377191080096,
      "ml_timing_ci_low": -0.020595595240592957,
      "ml_timing_ci_high": 0.019891817346215035,
      "ml_amplitude_delta_res68": -0.0003188972205598814,
      "ml_amplitude_ci_low": -0.0007210892627944842,
      "ml_amplitude_ci_high": 0.0002377046629299523,
      "ml_topology_delta_bacc": -0.00919521606605278,
      "ml_topology_ci_low": -0.011873782677794598,
      "ml_topology_ci_high": -0.007924537720357616,
      "ml_permutation_recon_delta_mse": 0.004025796428322792,
      "ml_permutation_topology_delta_bacc": -0.011175486991713668,
      "importance_score": 0.3690216776474821
    },
    {
      "sample": 3,
      "traditional_recon_delta_mse": 0.0013390444219112396,
      "traditional_recon_ci_low": 0.0011972770560532808,
      "traditional_recon_ci_high": 0.001474916934967041,
      "traditional_timing_delta_sigma68_ns": 11.512679789164066,
      "traditional_timing_ci_low": 10.42996021631694,
      "traditional_timing_ci_high": 22.45491693902016,
      "traditional_amplitude_delta_res68": -0.0009390586220713315,
      "traditional_amplitude_ci_low": -0.0032254018289226694,
      "traditional_amplitude_ci_high": 0.0019485527515243767,
      "traditional_topology_delta_bacc": -0.04457391384211962,
      "traditional_topology_ci_low": -0.08709682643497285,
      "traditional_topology_ci_high": -0.025771667641007245,
      "ml_recon_delta_mse": 0.0018806811422109604,
      "ml_recon_ci_low": 0.001009310083463788,
      "ml_recon_ci_high": 0.00292387418448925,
      "ml_timing_delta_sigma68_ns": -0.01748709619044897,
      "ml_timing_ci_low": -0.03482060968875755,
      "ml_timing_ci_high": 0.02777074116468725,
      "ml_amplitude_delta_res68": -0.0004891587592246796,
      "ml_amplitude_ci_low": -0.001360963416631604,
      "ml_amplitude_ci_high": 0.0005255739968599224,
      "ml_topology_delta_bacc": -0.0029569065879111456,
      "ml_topology_ci_low": -0.006521699628301625,
      "ml_topology_ci_high": 0.0019445263616607589,
      "ml_permutation_recon_delta_mse": 0.007036827504634857,
      "ml_permutation_topology_delta_bacc": -0.029171858412676333,
      "importance_score": 0.32994335544801623
    },
    {
      "sample": 9,
      "traditional_recon_delta_mse": 0.00531383603811264,
      "traditional_recon_ci_low": 0.004069252870976925,
      "traditional_recon_ci_high": 0.0069103488931432375,
      "traditional_timing_delta_sigma68_ns": -0.134138850986957,
      "traditional_timing_ci_low": -0.5076999009847665,
      "traditional_timing_ci_high": -0.014356394112108983,
      "traditional_amplitude_delta_res68": -0.0024355423406353244,
      "traditional_amplitude_ci_low": -0.0037742886299595574,
      "traditional_amplitude_ci_high": 0.00011098800176739809,
      "traditional_topology_delta_bacc": -0.006842347457366116,