alpha,cv_rmse_ns,cv_rmse_std_ns,selected
1.0,1.766148469090335,0.36257417102531575,True
0.1,1.773080079159076,0.34944563643282733,False
0.01,1.7748690560451124,0.34791218445481026,False
10.0,1.8245779039052266,0.4470460952847497,False
100.0,1.9779438026891718,0.5462767407331203,False
1000.0,2.1206102793933312,0.6451870240797893,False
