method,n_records,mean_bias_adc,mean_bias_ci_low_adc,mean_bias_ci_high_adc,mae_adc,mae_ci_low_adc,mae_ci_high_adc,rmse_adc,rmse_ci_low_adc,rmse_ci_high_adc,median_bias_adc,q05_adc,q95_adc
ml_pretrigger_hgbr_calibrated,1883784,-1.6872626943825997,-3.429807300039584,-0.8301697240004589,15.600987321068025,14.908314387217342,16.764734940226596,32.03049565545593,20.688332354301963,47.531748132544,2.1528991380446314,-38.51054888100589,23.97413173640598
adaptive_pc_excluding_target,1883784,-6.631467832830091,-9.65325625,-4.816369687500001,17.176515460371252,15.491019375,20.0320983125,66.45403253754138,28.3694767266863,95.74973595539981,-1.0,-43.0,22.0
mean4_pre,1883784,7.894859760991706,2.4443848125,16.45529159375,24.486205424825776,19.37628846875,33.70522559375,128.3041461494766,45.167784265203785,194.98643500082548,2.0,-39.5,42.5
median4_plus_train_offset,1883784,6.442796254772309,1.0390594375,15.629509687499999,24.86693405401044,19.70568665625,33.457401125,130.70862652099058,48.82236574266758,203.2431426905362,0.25,-41.5,42.0
median4_pre,1883784,8.058867683343738,2.7078168750000002,17.69387325,24.918769880198578,19.536885875,33.946794,130.83196746038337,51.38968672512052,202.68106609180452,2.0,-40.0,43.5
