{
  "ticket": "1781007909.1585.0c094e3c",
  "study": "S16d",
  "worker": "testbeam-laptop-3",
  "raw_reproduction": {
    "selected_b_stave_pulses": 640737,
    "expected_selected_b_stave_pulses": 640737,
    "proxy_loader_selected_b_stave_pulses": 640737,
    "forced_random_tagged_entries": 0,
    "forced_random_filename_token_matches": 0,
    "true_forced_random_sample_available": false
  },
  "proxy_dataset": {
    "quiet_event_max_amplitude_adc": 80.0,
    "quiet_proxy_events": 386967,
    "quiet_proxy_stave_records": 1547868,
    "heldout_target_records": 1883784,
    "heldout_runs": [
      57,
      65
    ]
  },
  "primary_metric": "heldout quiet-proxy sample MAE with run bootstrap CI",
  "best_method": {
    "method": "ml_pretrigger_hgbr_calibrated",
    "n_records": 1883784,
    "mean_bias_adc": -1.6872626943825997,
    "mean_bias_ci_low_adc": -3.429807300039584,
    "mean_bias_ci_high_adc": -0.8301697240004589,
    "mae_adc": 15.600987321068025,
    "mae_ci_low_adc": 14.908314387217342,
    "mae_ci_high_adc": 16.764734940226596,
    "rmse_adc": 32.03049565545593,
    "rmse_ci_low_adc": 20.688332354301963,
    "rmse_ci_high_adc": 47.531748132544,
    "median_bias_adc": 2.1528991380446314,
    "q05_adc": -38.51054888100589,
    "q95_adc": 23.97413173640598
  },
  "adaptive_method": {
    "method": "adaptive_pc_excluding_target",
    "n_records": 1883784,
    "mean_bias_adc": -6.631467832830091,
    "mean_bias_ci_low_adc": -9.65325625,
    "mean_bias_ci_high_adc": -4.816369687500001,
    "mae_adc": 17.176515460371252,
    "mae_ci_low_adc": 15.491019375,
    "mae_ci_high_adc": 20.0320983125,
    "rmse_adc": 66.45403253754138,
    "rmse_ci_low_adc": 28.3694767266863,
    "rmse_ci_high_adc": 95.74973595539981,
    "median_bias_adc": -1.0,
    "q05_adc": -43.0,
    "q95_adc": 22.0
  },
  "ml_method": {
    "method": "ml_pretrigger_hgbr_calibrated",
    "n_records": 1883784,
    "mean_bias_adc": -1.6872626943825997,
    "mean_bias_ci_low_adc": -3.429807300039584,
    "mean_bias_ci_high_adc": -0.8301697240004589,
    "mae_adc": 15.600987321068025,
    "mae_ci_low_adc": 14.908314387217342,
    "mae_ci_high_adc": 16.764734940226596,
    "rmse_adc": 32.03049565545593,
    "rmse_ci_low_adc": 20.688332354301963,
    "rmse_ci_high_adc": 47.531748132544,
    "median_bias_adc": 2.1528991380446314,
    "q05_adc": -38.51054888100589,
    "q95_adc": 23.97413173640598
  },
  "ml_meta": {
    "best": {
      "max_leaf_nodes": 15.0,
      "learning_rate": 0.1,
      "l2_regularization": 0.1,
      "cv_mae_adc": 15.773845167519331,
      "cv_mae_std_adc": 0.6421365313206161
    },
    "feature_columns": [
      "stave_idx",
      "target_sample",
      "seed_median4_adc",
      "pre_mean4_adc",
      "pre_std4_adc",
      "pre_min4_adc",
      "pre_max4_adc",
      "pre_slope03_adc"
    ],
    "n_train_cv": 25000,
    "n_core_train": 22968,
    "n_calibration": 2032,
    "calibration_slope": 1.0050763690526838,
    "calibration_intercept": -36.94078266000997
  },
  "leakage_checks": [
    {
      "check": "shuffled_training_target",
      "mae_adc": 80.87721319108086,
      "interpretation": "should be no better than simple pedestal baselines"
    },
    {
      "check": "intentional_target_feature_oracle",
      "mae_adc": 2.983099456346014,
      "interpretation": "very low error confirms direct target leakage would be obvious and is excluded from the real model"
    },
    {
      "check": "real_feature_exclusion",
      "mae_adc": null,
      "interpretation": "real ML features exclude run, eventno, evt, target_adc, and any post-trigger target sample value"
    }
  ],
  "conclusion": "No true forced/random-trigger pedestal entries are present in the current raw ROOT mirror; the quiet-event benchmark is a proxy only."
}