method,internal_method,metric,value,ci_low,ci_high,tail_frac_abs_gt5ns,tail_ci_low,tail_ci_high,n_heldout_events,n_pair_residuals,median_ns,sigma68_ns,full_rms_ns,core_sigma_ns,chi2_ndf
S02_global_template_phase,template_phase,heldout_run65_B4_B6_B8_pairwise_sigma68_ns,2.889152765080617,2.6391527650806132,3.2771839114883825,0.050505050505050504,0.015151515151515152,0.08080808080808081,66,198,-3.8304301157923035,2.889152765080617,2.5766948897254753,0.4426910331509494,3.213630774102188
S02b_global_template_timewalk,s16e_base_timewalk,heldout_run65_B4_B6_B8_pairwise_sigma68_ns,1.6354173420044433,1.491259325191034,1.9099084855659234,0.005050505050505051,0.0,0.015151515151515152,66,198,1.3042519811452635,1.6354173420044433,1.7719452859857547,1.371009953565701,0.835261775622268
S16e_traditional_proxy_timewalk,s16e_proxy_timewalk,heldout_run65_B4_B6_B8_pairwise_sigma68_ns,1.44512815649364,1.1737171924967966,1.6936276364301717,0.0,0.0,0.010227272727272613,66,198,-0.8761438246308657,1.44512815649364,1.4633644987591785,1.2334715346269278,1.0595328072647414
S16e_ml_proxy_ridge,s16e_ml_proxy,heldout_run65_B4_B6_B8_pairwise_sigma68_ns,1.3874850381507104,1.2472565276274126,1.623865323927742,0.005050505050505051,0.0,0.020202020202020204,66,198,1.1748452432178276,1.3874850381507104,1.6696756541129285,1.5141929120731854,2.218439471204389
