method,model_family,family,metric,n_heldout_runs,n_pair_residuals,sigma68_ns,ci_low,ci_high,full_rms_ns,abs_residual_p95_ns,tail_frac_vs_traditional_p95,delta_vs_traditional_ns,delta_ci_low,delta_ci_high,winner_eligible
hgb_waveform_amp_shape_stave,gradient_boosted_trees,ml,pooled_sample_ii_loro_pairwise_sigma68_ns,7,11460,1.1074168319603352,1.075312856264942,1.1587926292593722,2.1317098900814804,2.669437658152637,0.0203315881326352,-0.443674879017448,-0.8423304626565126,-0.2411823439777396,True
mlp_waveform_amp_shape_stave,mlp,ml,pooled_sample_ii_loro_pairwise_sigma68_ns,7,11460,1.162103157071645,1.1061991449765272,1.235245035258476,2.4585173124548265,2.782975597700919,0.0205061082024432,-0.3889885539061386,-0.8184009210490939,-0.1669563800139346,True
ridge_waveform_stave_onehot,ridge,ml,pooled_sample_ii_loro_pairwise_sigma68_ns,7,11460,1.2444150772855516,1.172926649044516,1.3217800430542,2.4073486016315884,3.0837154861799867,0.0267888307155322,-0.3066766336922317,-0.7387226793329384,-0.0892062144140659,True
feature_gated_waveform_amp_shape_stave,new_feature_gated_architecture,ml,pooled_sample_ii_loro_pairwise_sigma68_ns,7,11460,1.2534910448640963,1.2133394613512092,1.3081171553632718,2.435128923379325,3.0512797963236813,0.0273996509598603,-0.2976006661136869,-0.671199831006395,-0.0947820394897704,True
cnn1d_waveform_amp_shape_stave,1d_cnn,ml,pooled_sample_ii_loro_pairwise_sigma68_ns,7,11460,1.2638650117356276,1.2120442894143657,1.3427688679752086,2.436014836029494,3.1054911119726527,0.0280104712041884,-0.2872266992421557,-0.685886221617476,-0.0859246627349259,True
analytic_timewalk,traditional_s03_analytic_timewalk,traditional,pooled_sample_ii_loro_pairwise_sigma68_ns,7,11460,1.551091710977783,1.363752228304065,1.936238056059584,2.666988996928635,3.734858267383918,0.05,0.0,0.0,0.0,True
