method,roc_auc,roc_auc_ci_low,roc_auc_ci_high,average_precision,average_precision_ci_low,average_precision_ci_high,balanced_accuracy,brier,eligible_winner,n_test,positive_test
new_shape_residual_fusion,0.99930725,0.9989915,0.999713,0.9993049051289943,0.9989923098370932,0.9997109800638257,0.987,0.01014912250188224,True,4000,2000
mlp,0.99922925,0.9990215,0.9995155,0.999213256210626,0.9990117456775937,0.9995006055291947,0.9855,0.010283502474891274,True,4000,2000
gradient_boosted_trees,0.999133,0.9987790000000001,0.9996442937499999,0.9991238797969816,0.998768489859651,0.999641487736342,0.9855,0.010976278792779513,True,4000,2000
ridge,0.9965674999999999,0.99574435,0.9977925000000001,0.9963681500415873,0.9955698146054625,0.9975778360966047,0.97,0.02862762050560243,True,4000,2000
cnn_1d,0.99491675,0.993441,0.99700425,0.9943275273574825,0.9928613525392271,0.9965605379736505,0.973,0.10740279486407955,True,4000,2000
traditional_fixed_secondary_score,0.45375,0.44425,0.463,0.5,0.5,0.5,0.5,0.54625,True,4000,2000
shuffled_label_fusion_control,0.462468,0.43290884375,0.487541,0.46255902326247245,0.44438862811408036,0.479322943976934,0.4745,0.258874413545087,False,4000,2000
