event_id,split,source_run,stave,is_overlap,true_t1_sample,true_t2_sample,true_amp1_adc,true_amp2_adc,true_sep_sample,true_ratio,pid_label,pid_truth_definition,pid_name,g4_entry,g4_primary_pdg,g4_primary_ekin_mev,g4_total_edep_mev,g4_dominant_edep_mev,g4_first_time_ns,g4_energy_weighted_time_ns,g4_n_sci_hits,g4_n_bstack_layers,g4_truth_stave,true_energy_proxy_adc,true_energy_mev,dedx_proxy,depth_index,shape_area_over_amp,truth_saturation_label,truth_pedestal_adc,truth_pileup_label
train:50:0,train,50,B4,1,6.249171812996918,7.749171812996918,12800.0,3200.0,1.5,0.25,0,geant4_sci_bar_dominant_pdg_deuteron_vs_proton,proton,7526,2212,145.59939251677446,119.21922715709496,50.36258099509512,7.311912192329984,11.31106124378871,4,3,B6,16000.0,119.21922715709496,39.73974238569832,1.0,9.083089202510598,1,-564.7709258165095,1
train:50:1,train,50,B8,1,4.249243291788377,7.249243291788377,9836.75,2459.1875,3.0,0.25,1,geant4_sci_bar_dominant_pdg_deuteron_vs_proton,deuteron,24024,2212,105.6835230085874,83.42176236997179,38.403548642019416,8.65660703266229,10.65924389522528,6,1,B2,16000.0,83.42176236997179,83.42176236997179,3.0,9.599398670849556,0,-498.04111781450814,1
train:50:2,train,50,B8,1,4.957416653151534,6.957416653151534,5355.0,1338.75,2.0,0.25,1,geant4_sci_bar_dominant_pdg_deuteron_vs_proton,deuteron,10163,2212,87.79061045081683,78.67483153248008,47.57538363272138,9.26715137844522,10.767856563371963,2,1,B2,16000.0,78.67483153248008,78.67483153248008,3.0,6.375489197445173,0,47.58242295954881,1
train:50:3,train,50,B2,1,9.304754383761386,10.804754383761386,8000.000000000001,8000.000000000001,1.5,1.0,0,geant4_sci_bar_dominant_pdg_deuteron_vs_proton,proton,11530,2212,137.8554961797436,77.42494451231408,30.095430399225993,7.469850033741182,8.072735820924906,4,4,B8,16000.0,77.42494451231408,19.35623612807852,0.0,8.97238613452776,1,-3625.241129512955,1
train:50:4,train,50,B8,1,7.330234572217389,10.330234572217389,11347.0,2836.75,3.0,0.25,1,geant4_sci_bar_dominant_pdg_deuteron_vs_proton,deuteron,9693,2212,146.5754386676944,118.28485744156887,41.306166463915076,7.259577071639335,11.408655920887078,5,4,B2,16000.0,118.28485744156887,29.57121436039222,3.0,7.101863921540552,1,22.10115543802884,1
train:50:5,train,50,B4,1,8.738998388252941,9.238998388252941,11852.239229775658,2963.0598074439145,0.5,0.25,1,geant4_sci_bar_dominant_pdg_deuteron_vs_proton,deuteron,23286,2212,90.59579686947866,59.261196148878284,59.261196148878284,11.967593782235651,11.967593782235651,1,1,B2,14815.29903721957,59.261196148878284,59.261196148878284,1.0,7.968668500979403,1,-472.72626309081295,1
train:50:6,train,50,B4,1,5.08361759892534,11.08361759892534,9142.857142857141,6857.142857142857,6.0,0.75,0,geant4_sci_bar_dominant_pdg_deuteron_vs_proton,proton,4767,2212,106.05889475592556,101.93873677854468,46.975882350011545,8.69365237928337,10.32119773267305,3,2,B4,16000.0,101.93873677854468,50.96936838927234,1.0,9.996107811957623,0,79.75643527137662,1
train:50:7,train,50,B2,1,4.217701738561555,10.217701738561555,12800.0,3200.0,6.0,0.25,1,geant4_sci_bar_dominant_pdg_deuteron_vs_proton,deuteron,12484,2212,80.14567688975207,74.58827830171367,38.58532436545422,10.18112280214261,10.821335099206927,2,1,B2,16000.0,74.58827830171367,74.58827830171367,0.0,10.270930517475671,0,166.62610199750014,1
train:50:8,train,50,B2,1,4.6971716646703054,10.697171664670305,6409.670458362704,3204.835229181352,6.0,0.5,0,geant4_sci_bar_dominant_pdg_deuteron_vs_proton,proton,23788,2212,156.83048322428812,38.45802275017623,27.706519235822746,7.052154794662922,7.255994128901631,2,2,B4,9614.505687544057,38.45802275017623,19.229011375088113,0.0,12.294159467520567,0,-3304.181930457142,1
train:50:9,train,50,B4,1,5.40039035389134,9.40039035389134,9142.857142857143,6857.142857142858,4.0,0.75,0,geant4_sci_bar_dominant_pdg_deuteron_vs_proton,proton,29080,2212,81.25190675962196,84.83134604463848,45.994181985450176,9.71453459205087,10.490881424817529,2,1,B2,16000.0,84.83134604463848,84.83134604463848,1.0,10.224509706058795,1,-15.770543835302764,1
train:50:10,train,50,B4,1,4.137983053678333,6.137983053678333,9322.25,2330.5625,2.0,0.25,1,geant4_sci_bar_dominant_pdg_deuteron_vs_proton,deuteron,3692,2212,68.44125474700272,72.59475594814215,43.594411443672044,10.735897102884682,11.042315447939366,4,2,B4,16000.0,72.59475594814215,36.297377974071075,1.0,11.705616504015424,1,-1652.151295118124,1
train:50:11,train,50,B6,1,4.1599253322267264,7.1599253322267264,6185.242910475116,3092.621455237558,3.0,0.5,1,geant4_sci_bar_dominant_pdg_deuteron_vs_proton,deuteron,23448,2212,106.34493864739997,37.111457462850694,37.111457462850694,12.83653312398899,12.83653312398899,1,1,B2,9277.864365712674,37.111457462850694,37.111457462850694,2.0,8.312022448682557,0,0.7560451498690046,1
train:50:12,train,50,B8,1,4.226598932760593,10.226598932760593,9142.857142857143,6857.142857142857,6.0,0.75,1,geant4_sci_bar_dominant_pdg_deuteron_vs_proton,deuteron,11755,2212,64.81176635939778,74.65192862154257,51.01123313213253,10.63128975550371,10.9256205335649,2,2,B4,16000.0,74.65192862154257,37.32596431077128,3.0,8.95958287490586,0,-28.24357054316804,1
train:50:13,train,50,B4,1,4.58941552278042,9.58941552278042,8000.0,8000.0,5.0,1.0,0,geant4_sci_bar_dominant_pdg_deuteron_vs_proton,proton,26603,2212,149.0260665712436,83.6050126716285,37.38933317665731,7.245259657430133,7.869937888055848,4,4,B8,16000.0,83.6050126716285,20.901253167907125,1.0,9.259640713026549,1,-760.590124301086,1
train:50:14,train,50,B2,1,5.421440408843421,6.421440408843421,9142.857142857143,6857.142857142858,1.0,0.75,1,geant4_sci_bar_dominant_pdg_deuteron_vs_proton,deuteron,21938,2212,101.92677419978844,67.49747508991814,48.500775045781886,8.69665399655496,11.817534486865734,3,1,B2,16000.0,67.49747508991814,67.49747508991814,0.0,9.036290835367117,1,-647.0451342661438,1
train:50:15,train,50,B8,1,6.2762270989739175,9.276227098973918,12800.0,3200.0,3.0,0.25,1,geant4_sci_bar_dominant_pdg_deuteron_vs_proton,deuteron,6614,2212,102.24912364163663,106.30966621031223,47.360547838308825,8.692963771405628,10.634316387011038,3,2,B2,16000.0,106.30966621031223,53.154833105156115,3.0,8.597148218791322,1,34.45836331865595,1
train:50:16,train,50,B4,1,5.847297284403618,6.597297284403618,7347.280695928918,3673.640347964459,0.75,0.5,1,geant4_sci_bar_dominant_pdg_deuteron_vs_proton,deuteron,4776,2212,114.23429846552195,44.08368417557351,44.08368417557351,13.548319312744955,13.548319312744953,1,1,B2,11020.921043893377,44.08368417557351,44.08368417557351,1.0,8.769492846280825,0,-136.80126773478364,1
train:50:17,train,50,B4,1,8.465261766151716,9.965261766151716,9747.964242530481,4873.9821212652405,1.5,0.5,0,geant4_sci_bar_dominant_pdg_deuteron_vs_proton,proton,28829,2212,142.0033077835337,58.48778545518288,21.628054517030957,7.349591485114204,7.827256792108038,4,4,B6,14621.94636379572,58.48778545518288,14.62194636379572,1.0,6.9936075905449995,1,-208.45457132585324,1
train:50:18,train,50,B2,1,5.435627256504604,7.435627256504604,6311.060941423931,6311.060941423931,2.0,1.0,1,geant4_sci_bar_dominant_pdg_deuteron_vs_proton,deuteron,24102,2212,116.70720106074711,50.48848753139144,50.48848753139144,14.006012989556599,14.006012989556599,1,1,B2,12622.121882847861,50.48848753139144,50.48848753139144,0.0,9.061160115546668,0,-969.6076607932976,1
train:50:19,train,50,B6,1,4.93711407056689,5.43711407056689,8000.0,8000.0,0.5,1.0,0,geant4_sci_bar_dominant_pdg_deuteron_vs_proton,proton,23349,2212,71.84157173541394,74.44248158013482,41.66424490836236,10.976833537863117,11.113787257881748,2,1,B2,16000.0,74.44248158013482,74.44248158013482,2.0,8.408692272030882,1,32.260871851401276,1
train:50:20,train,50,B6,1,6.410420507829761,11.41042050782976,9142.857142857143,6857.142857142857,5.0,0.75,1,geant4_sci_bar_dominant_pdg_deuteron_vs_proton,deuteron,26230,2212,91.26735803638007,87.82128917333512,59.77132971404173,9.133577647941955,11.115977540953923,2,1,B2,16000.0,87.82128917333512,87.82128917333512,2.0,8.657791936841843,0,-120.5815313332092,1
train:50:21,train,50,B2,1,5.052195951546371,5.802195951546371,10666.666666666666,5333.333333333333,0.75,0.5,1,geant4_sci_bar_dominant_pdg_deuteron_vs_proton,deuteron,10194,2212,63.7451024166267,72.01045525666888,47.61701717855324,10.586028876811065,10.869342713428086,2,2,B4,16000.0,72.01045525666888,36.00522762833444,0.0,9.628042166213248,1,-3172.2149728445625,1
train:50:22,train,50,B8,1,6.379956918812628,6.879956918812628,7999.999999999999,7999.999999999999,0.5,1.0,0,geant4_sci_bar_dominant_pdg_deuteron_vs_proton,proton,29130,2212,81.18906337111942,82.79426374397462,45.128015132638005,9.773902043750622,10.486519344488036,2,1,B2,16000.0,82.79426374397462,82.79426374397462,3.0,8.255238112302104,1,23.988415548762596,1
train:50:23,train,50,B6,1,9.068080811239586,11.068080811239586,8000.000000000001,8000.000000000001,2.0,1.0,1,geant4_sci_bar_dominant_pdg_deuteron_vs_proton,deuteron,7517,2212,68.49141936936307,87.16927883091424,62.5687467463863,10.713330094779451,11.029150503278563,2,2,B4,16000.0,87.16927883091424,43.58463941545712,2.0,6.730505872927611,1,-14.916173541655668,1
train:50:24,train,50,B2,1,6.3769357658402015,7.8769357658402015,10666.666666666666,5333.333333333333,1.5,0.5,0,geant4_sci_bar_dominant_pdg_deuteron_vs_proton,proton,16131,2212,153.2765589281752,94.46806690887286,40.130782785321514,7.178226650506809,7.599445730546738,7,3,B6,16000.0,94.46806690887286,31.489355636290952,0.0,8.149424316027247,1,-794.535927525927,1
train:50:25,train,50,B8,1,6.583863273016562,9.583863273016561,6326.25,3163.125,3.0,0.5,0,geant4_sci_bar_dominant_pdg_deuteron_vs_proton,proton,3540,2212,156.17864530165104,81.86735887466878,38.722137195977545,7.101304933921662,7.713808809252107,4,4,B8,16000.0,81.86735887466878,20.466839718667195,3.0,7.546418248050152,0,-13.876902562990757,1
train:50:26,train,50,B4,1,7.229911354870425,11.229911354870424,9142.857142857143,6857.142857142857,4.0,0.75,1,geant4_sci_bar_dominant_pdg_deuteron_vs_proton,deuteron,16141,2212,79.23969927605476,72.7457767761388,38.18414842014183,10.266686589327447,10.845888952194917,2,1,B2,16000.0,72.7457767761388,72.7457767761388,1.0,9.543845789476338,1,-1516.545242544784,1
train:50:27,train,50,B6,1,4.566446384926506,10.566446384926506,7753.050634943828,5814.787976207871,6.0,0.75,1,geant4_sci_bar_dominant_pdg_deuteron_vs_proton,deuteron,20765,2212,100.79723787185759,54.2713544446068,54.2713544446068,12.64896911473986,12.64896911473986,1,1,B2,13567.8386111517,54.2713544446068,54.2713544446068,2.0,9.554361179500452,0,-6.962519793723865,1
train:50:28,train,50,B2,1,6.634268868294175,9.634268868294175,10666.666666666666,5333.333333333333,3.0,0.5,1,geant4_sci_bar_dominant_pdg_deuteron_vs_proton,deuteron,26313,2212,95.41115170526041,84.7450547992855,58.4613172004467,8.996132862477094,11.366802346192111,2,1,B2,16000.0,84.7450547992855,84.7450547992855,0.0,8.57377083592607,1,-1278.690008911055,1
train:50:29,train,50,B8,1,7.278694896828574,8.028694896828574,7187.892766201662,5390.919574651247,0.75,0.75,0,geant4_sci_bar_dominant_pdg_deuteron_vs_proton,proton,13734,2212,149.22183481018808,50.31524936341164,13.38679988154186,7.24520152687186,7.397942212730498,10,2,B2,12578.81234085291,50.31524936341164,25.15762468170582,3.0,7.872253508021336,0,9.85217927444083,1
train:50:30,train,50,B8,1,8.269709873028637,9.269709873028637,8000.0,8000.0,1.0,1.0,0,geant4_sci_bar_dominant_pdg_deuteron_vs_proton,proton,11480,2212,158.6356587590576,84.16496888982368,34.57606755777239,7.072892611449443,7.696338617045922,6,4,B8,16000.0,84.16496888982368,21.04124222245592,3.0,7.1232131633487,1,-32.13049511406842,1
train:50:31,train,50,B2,1,8.369664871344849,10.369664871344849,8378.412205454677,4189.2061027273385,2.0,0.5,0,geant4_sci_bar_dominant_pdg_deuteron_vs_proton,proton,18645,2212,131.47284693610186,50.27047323272806,22.237315144564576,7.71230308812372,8.078007265266224,3,3,B6,12567.618308182015,50.27047323272806,16.756824410909353,0.0,9.448032203523814,1,-2466.564777066816,1
train:50:32,train,50,B2,1,7.138024786042568,9.138024786042568,9293.306819815009,4646.653409907504,2.0,0.5,0,geant4_sci_bar_dominant_pdg_deuteron_vs_proton,proton,19579,2212,139.38341631941148,55.75984091889005,26.664524290689844,7.471945623089232,7.857832929801908,3,3,B6,13939.960229722512,55.75984091889005,18.586613639630016,0.0,11.2647075244825,1,-3376.9709700308163,1
train:50:33,train,50,B2,1,4.874191127363677,9.874191127363677,8287.959732468087,6215.969799351066,5.0,0.75,0,geant4_sci_bar_dominant_pdg_deuteron_vs_proton,proton,18480,2212,128.8767452226702,58.015718127276614,27.51669702215805,7.755251142300717,8.14599222271105,3,3,B6,14503.929531819154,58.015718127276614,19.338572709092205,0.0,11.524193780278017,1,-3400.751324599911,1
train:50:34,train,50,B6,1,6.048177584779001,6.798177584779001,7248.5,7248.5,0.75,1.0,1,geant4_sci_bar_dominant_pdg_deuteron_vs_proton,deuteron,1818,2212,67.42314686551623,111.23121697121226,58.76977498867162,10.674022435706599,10.986498491752899,3,2,B4,16000.0,111.23121697121226,55.61560848560613,2.0,7.8496696463402795,1,-14.285293311912156,1
train:50:35,train,50,B6,1,4.557070187597038,8.557070187597038,8000.0,8000.0,4.0,1.0,0,geant4_sci_bar_dominant_pdg_deuteron_vs_proton,proton,6800,2212,153.41982215577377,89.50110073311373,44.69864011959482,7.195712465071549,7.838163898602207,4,4,B8,16000.0,89.50110073311373,22.375275183278433,2.0,8.944642585093648,1,50.247388986822386,1
train:50:36,train,50,B2,1,7.684646099446549,8.68464609944655,12800.0,3200.0,1.0,0.25,0,geant4_sci_bar_dominant_pdg_deuteron_vs_proton,proton,26075,2212,154.7592172817369,84.48899376034629,41.33130110661941,7.1746310731364,7.80263420088639,4,4,B8,16000.0,84.48899376034629,21.122248440086572,0.0,8.81254039231503,1,-849.6578890270821,1
train:50:37,train,50,B4,1,7.905875108471977,10.905875108471978,10440.5,5220.25,3.0,0.5,0,geant4_sci_bar_dominant_pdg_deuteron_vs_proton,proton,11300,2212,136.45649498980703,74.13877520546717,26.50142742184853,7.555472500981645,8.144343985339926,4,4,B8,16000.0,74.13877520546717,18.534693801366792,1.0,7.270312631014445,1,36.77458124874684,1
train:50:38,train,50,B2,1,4.0346892356889015,10.034689235688901,12800.0,3200.0,6.0,0.25,0,geant4_sci_bar_dominant_pdg_deuteron_vs_proton,proton,25436,2212,75.96385592930899,87.2538017918139,26.801601833441026,10.04105377501488,10.87862115654125,4,1,B2,16000.0,87.2538017918139,87.2538017918139,0.0,9.52848600205323,0,609.0293677085389,1
train:50:39,train,50,B4,1,7.170778106765283,11.170778106765283,8000.0,8000.0,4.0,1.0,1,geant4_sci_bar_dominant_pdg_deuteron_vs_proton,deuteron,2414,2212,99.97592893577357,107.40197676925027,54.5400114925446,8.675035737216977,10.779175173411916,4,2,B2,16000.0,107.40197676925027,53.700988384625134,1.0,7.922434451637658,1,-52.509293161923964,1
train:50:40,train,50,B2,1,6.535344949149234,8.035344949149234,12800.0,3200.0,1.5,0.25,1,geant4_sci_bar_dominant_pdg_deuteron_vs_proton,deuteron,267,2212,97.99996532859811,120.8763923235287,57.85574496645664,8.78869096086276,10.643896322661073,4,2,B2,16000.0,120.8763923235287,60.43819616176435,0.0,10.163310161587122,1,-3368.4572648282065,1
train:50:41,train,50,B2,1,10.340112207046461,11.090112207046461,10666.666666666666,5333.333333333333,0.75,0.5,0,geant4_sci_bar_dominant_pdg_deuteron_vs_proton,proton,6023,2212,156.45379476098924,75.09744427213393,32.67698022190848,7.112660585179352,7.698722473816678,4,4,B8,16000.0,75.09744427213393,18.774361068033482,0.0,6.935580193840953,1,-976.6208379116321,1
train:50:42,train,50,B6,1,6.968018084465973,7.718018084465973,7158.855274733306,5369.14145604998,0.75,0.75,0,geant4_sci_bar_dominant_pdg_deuteron_vs_proton,proton,20218,2212,131.97935817179427,50.111986923133145,21.776611175330565,7.662276836739278,8.020380647005037,3,3,B6,12527.996730783287,50.111986923133145,16.703995641044383,2.0,7.427189667339523,0,-14.406329829017858,1
train:50:43,train,50,B4,1,10.885768879971325,11.385768879971325,8270.554083405614,6202.91556255421,0.5,0.75,1,geant4_sci_bar_dominant_pdg_deuteron_vs_proton,deuteron,10611,2212,54.039855269367514,57.893878583839296,35.70751316563611,10.299876544111108,10.552245174862357,2,2,B4,14473.469645959824,57.893878583839296,28.946939291919648,1.0,8.60043063827385,1,-1640.5576174472799,1
train:50:44,train,50,B8,0,9.567055501105646,,14668.5,0.0,,0.0,0,geant4_sci_bar_dominant_pdg_deuteron_vs_proton,proton,12880,2212,161.25978427704223,81.334608104309,16.495985736505414,7.039833615123079,7.693261217975325,11,4,B8,16000.0,81.334608104309,20.33365202607725,3.0,6.1989233102484524,1,-17.270121789754953,0
train:50:45,train,50,B4,0,7.62252454347421,,1030.2,0.0,,0.0,0,geant4_sci_bar_dominant_pdg_deuteron_vs_proton,proton,3147,2212,101.52039279848478,1.002233764030052,1.002233764030052,19.095414236936826,19.095414236936826,1,1,B2,600.0,1.002233764030052,1.002233764030052,1.0,6.122208313097369,0,19.844808451952872,0
train:50:46,train,50,B2,0,4.366556626897955,,6616.163155428327,0.0,,0.0,0,geant4_sci_bar_dominant_pdg_deuteron_vs_proton,proton,26030,2212,90.70307569430292,26.464652621713306,26.464652621713306,9.1575928575745,9.1575928575745,1,1,B2,6616.163155428327,26.464652621713306,26.464652621713306,0.0,8.87746518665472,0,-1440.5341147525226,0
train:50:47,train,50,B2,0,7.259328545955315,,16000.0,0.0,,0.0,1,geant4_sci_bar_dominant_pdg_deuteron_vs_proton,deuteron,29689,2212,90.90440646730588,78.00988494117678,52.725391790816644,9.07455855360528,10.946931659104276,2,1,B2,16000.0,78.00988494117678,78.00988494117678,0.0,10.955663919474466,1,-3303.063550049553,0
train:50:48,train,50,B6,0,8.323474267983649,,10734.5,0.0,,0.0,0,geant4_sci_bar_dominant_pdg_deuteron_vs_proton,proton,24824,2212,151.86432465364618,84.35402248728556,38.444114780363186,7.1615748598204565,7.787959249148193,4,4,B8,16000.0,84.35402248728556,21.08850562182139,2.0,6.387406474711626,0,4.468908071137118,0
train:50:49,train,50,B4,0,11.235703553604015,,11683.0,0.0,,0.0,1,geant4_sci_bar_dominant_pdg_deuteron_vs_proton,deuteron,14392,2212,60.33241710629324,63.55379097536378,40.56113756110691,10.45714853277029,10.724754129140212,2,2,B4,15888.447743840945,63.55379097536378,31.77689548768189,1.0,5.696949427733047,0,-306.44859126477525,0
train:50:50,train,50,B6,0,5.462880485413401,,11954.25,0.0,,0.0,1,geant4_sci_bar_dominant_pdg_deuteron_vs_proton,deuteron,9272,2212,107.11174542582667,96.90499815204858,39.73769004776723,8.702467239971377,10.612483948970873,4,2,B2,16000.0,96.90499815204858,48.45249907602429,2.0,8.9133178266097,1,-796.0903304063406,0
train:50:51,train,50,B2,0,8.019085380260112,,13206.85236792484,0.0,,0.0,0,geant4_sci_bar_dominant_pdg_deuteron_vs_proton,proton,8535,2212,130.28119714240063,52.827409471699355,24.200839204986192,7.785403870731482,8.159177824441684,3,3,B6,13206.85236792484,52.827409471699355,17.609136490566453,0.0,9.682564545885523,1,-2419.507277741145,0
train:50:52,train,50,B8,0,7.844316425005154,,12971.014527548345,0.0,,0.0,0,geant4_sci_bar_dominant_pdg_deuteron_vs_proton,proton,4098,2212,143.76481168613884,51.88405811019338,23.64189369788593,7.334806114281031,7.704283368408871,3,3,B6,12971.014527548345,51.88405811019338,17.294686036731125,3.0,7.427785390616748,0,-5.840997958028343,0
train:50:53,train,50,B6,0,5.021328539751633,,7043.75,0.0,,0.0,1,geant4_sci_bar_dominant_pdg_deuteron_vs_proton,deuteron,3278,2212,62.74111806685752,68.97250722109287,45.88620812444878,10.594471734985408,10.87809136959905,2,2,B4,16000.0,68.97250722109287,34.486253610546434,2.0,7.338886703130642,0,-77.70035440376682,0
train:50:54,train,50,B2,0,8.184740773780769,,12703.4196018841,0.0,,0.0,1,geant4_sci_bar_dominant_pdg_deuteron_vs_proton,deuteron,466,2212,88.26654615457254,50.8136784075364,50.8136784075364,11.81926031416701,11.81926031416701,1,1,B2,12703.4196018841,50.8136784075364,50.8136784075364,0.0,8.399835530642136,1,-773.9269468048963,0
train:50:55,train,50,B8,0,10.121124711186965,,7360.841275908017,0.0,,0.0,0,geant4_sci_bar_dominant_pdg_deuteron_vs_proton,proton,14151,2212,126.88253800575018,29.44336510363207,16.801488478221295,7.858534787309869,8.02954475939726,2,2,B4,7360.841275908017,29.44336510363207,14.721682551816034,3.0,6.110400787358881,0,-13.683986026144218,0
train:50:56,train,50,B2,0,4.5268651004818725,,10895.950636779893,0.0,,0.0,0,geant4_sci_bar_dominant_pdg_deuteron_vs_proton,proton,3567,2212,128.7721250654256,43.583802547119575,16.008957456310444,7.843816746937053,8.163071797484063,3,3,B4,10895.950636779893,43.583802547119575,14.527934182373192,0.0,9.620263843353143,1,-1749.3352901482785,0
train:50:57,train,50,B8,0,6.07697707550248,,11438.0,0.0,,0.0,0,geant4_sci_bar_dominant_pdg_deuteron_vs_proton,proton,5214,2212,162.7817292526754,54.79249736995577,17.61649089418756,7.055997868674751,7.5287204735686934,4,4,B8,13698.124342488942,54.79249736995577,13.698124342488942,3.0,3.7467396638133783,0,2.199716515922364,0
train:50:58,train,50,B4,0,4.023772950519962,,16000.0,0.0,,0.0,0,geant4_sci_bar_dominant_pdg_deuteron_vs_proton,proton,24452,2212,138.1959840747087,80.48567122053066,32.53563066249832,7.4493006724457205,8.055007709847832,4,4,B8,16000.0,80.48567122053066,20.121417805132666,1.0,10.047724845482074,0,661.6272347902357,0
train:50:59,train,50,B8,0,11.476644060957963,,6487.882084337951,0.0,,0.0,0,geant4_sci_bar_dominant_pdg_deuteron_vs_proton,proton,23804,2212,94.8905757787045,25.951528337351803,25.951528337351803,9.024198433072582,9.024198433072582,1,1,B2,6487.882084337951,25.951528337351803,25.951528337351803,3.0,4.8937415074431865,0,-36.45801785462116,0
train:50:60,train,50,B2,0,6.924944399804505,,13408.744537792732,0.0,,0.0,0,geant4_sci_bar_dominant_pdg_deuteron_vs_proton,proton,11971,2212,163.22477264740007,53.63497815117093,17.932943634704664,6.973104721760548,7.4529351053262465,4,4,B8,13408.744537792732,53.63497815117093,13.408744537792732,0.0,9.119480590311472,1,-2377.477745231975,0
train:50:61,train,50,B4,0,11.225936517107984,,9009.958659905997,0.0,,0.0,1,geant4_sci_bar_dominant_pdg_deuteron_vs_proton,deuteron,16790,2212,77.8187709169576,36.03983463962399,36.03983463962399,11.169228522885023,11.169228522885023,1,1,B2,9009.958659905997,36.03983463962399,36.03983463962399,1.0,8.247841727537878,0,-1190.5755351624603,0
train:50:62,train,50,B8,0,10.72064742352801,,10650.5,0.0,,0.0,0,geant4_sci_bar_dominant_pdg_deuteron_vs_proton,proton,9949,2212,144.9563252588197,81.12146972948318,20.942595483659336,7.297470452018208,9.508691041767937,5,4,B6,16000.0,81.12146972948318,20.280367432370795,3.0,5.788143316988635,0,-36.95784462815588,0
train:50:63,train,50,B6,0,8.621820456389855,,7895.245636426703,0.0,,0.0,1,geant4_sci_bar_dominant_pdg_deuteron_vs_proton,deuteron,23618,2212,64.5154139723554,31.58098254570681,23.01300580820105,10.57633148384741,10.70169501755428,2,2,B2,7895.245636426703,31.58098254570681,15.790491272853405,2.0,7.147909965185071,0,-18.061061518479264,0
train:50:64,train,50,B2,0,8.827064769565032,,8418.519752908522,0.0,,0.0,1,geant4_sci_bar_dominant_pdg_deuteron_vs_proton,deuteron,901,2212,75.23158042611706,33.674079011634085,33.674079011634085,11.0168989159983,11.0168989159983,1,1,B2,8418.519752908522,33.674079011634085,33.674079011634085,0.0,6.381730129799255,0,-60.1225232131308,0
train:50:65,train,50,B2,0,8.468387242680679,,16000.0,0.0,,0.0,0,geant4_sci_bar_dominant_pdg_deuteron_vs_proton,proton,13361,2212,144.27106713015547,84.88707988682685,20.84319478820834,7.394889200762079,10.385751936581322,5,4,B6,16000.0,84.88707988682685,21.221769971706713,0.0,9.513228577046181,1,-2848.08356119192,0
train:50:66,train,50,B8,0,10.967621663046444,,3633.837470342802,0.0,,0.0,0,geant4_sci_bar_dominant_pdg_deuteron_vs_proton,proton,4733,2212,170.45135416749702,14.535349881371207,10.465657617156925,6.991016111994623,7.059497844420909,3,2,B2,3633.8374703428017,14.535349881371207,7.267674940685604,3.0,6.9103422851958864,0,-747.2486066319335,0
train:50:67,train,50,B6,0,7.401999149520423,,11109.0,0.0,,0.0,1,geant4_sci_bar_dominant_pdg_deuteron_vs_proton,deuteron,6136,2212,74.96200276683433,59.701356180486,33.62895825151105,9.990155891701267,10.584011831639812,2,1,B2,14925.3390451215,59.701356180486,59.701356180486,2.0,7.1070257452459185,0,-25.571969672350228,0
train:50:68,train,50,B4,0,9.667431652625531,,9040.5,0.0,,0.0,0,geant4_sci_bar_dominant_pdg_deuteron_vs_proton,proton,23226,2212,97.68937296706413,115.06562439043046,46.99014019062832,8.839865140300137,10.598209763861854,6,2,B4,16000.0,115.06562439043046,57.53281219521523,1.0,6.0044928847228185,0,-109.52786708009081,0
train:50:69,train,50,B2,0,10.172785091119762,,10369.084486684951,0.0,,0.0,1,geant4_sci_bar_dominant_pdg_deuteron_vs_proton,deuteron,3015,2212,84.28575475159963,41.476337946739804,41.476337946739804,11.515748666319674,11.515748666319674,1,1,B2,10369.084486684951,41.476337946739804,41.476337946739804,0.0,7.101682568361783,0,-1090.2022320799094,0
train:50:70,train,50,B4,0,5.931008268189322,,8478.75,0.0,,0.0,0,geant4_sci_bar_dominant_pdg_deuteron_vs_proton,proton,9894,2212,81.49128951184737,80.64793529845588,43.51153047461409,9.661120331428673,10.436686504538127,2,1,B2,16000.0,80.64793529845588,80.64793529845588,1.0,9.840272362302507,1,-1434.2548274574117,0
train:50:71,train,50,B6,0,8.461639454195884,,7560.0,0.0,,0.0,0,geant4_sci_bar_dominant_pdg_deuteron_vs_proton,proton,3573,2212,81.88830498918799,82.71115460558654,43.753939591900654,9.696166360172429,10.486549094738859,2,1,B2,16000.0,82.71115460558654,82.71115460558654,2.0,9.99614747156644,0,-899.9307292683413,0
train:50:72,train,50,B4,0,6.652308579585828,,9735.25,0.0,,0.0,0,geant4_sci_bar_dominant_pdg_deuteron_vs_proton,proton,25202,2212,136.03493774706052,70.94188259167994,22.324709882903118,7.553694266091831,8.118390371654028,4,4,B8,16000.0,70.94188259167994,17.735470647919986,1.0,7.616462074034001,0,29.004834866160806,0
train:50:73,train,50,B6,0,8.636614787105763,,8011.5,0.0,,0.0,1,geant4_sci_bar_dominant_pdg_deuteron_vs_proton,deuteron,23159,2212,61.7758655258627,68.31673221329895,44.79949742418849,10.488427166340628,10.766746077138093,2,2,B4,16000.0,68.31673221329895,34.158366106649474,2.0,4.955083043640342,0,-48.33813362740824,0
train:50:74,train,50,B6,0,4.966231586924227,,15161.773854218776,0.0,,0.0,0,geant4_sci_bar_dominant_pdg_deuteron_vs_proton,proton,28853,2212,159.23061783916148,60.6470954168751,22.271889769988366,7.048161835117375,7.56915374095116,4,4,B8,15161.773854218776,60.6470954168751,15.161773854218776,2.0,8.427340469425404,1,-46.48888115666273,0
train:50:75,train,50,B2,0,5.671029951038905,,15853.55533030193,0.0,,0.0,1,geant4_sci_bar_dominant_pdg_deuteron_vs_proton,deuteron,26364,2212,121.44615015145679,63.41422132120772,63.41422132120772,14.747129662107318,14.747129662107318,1,1,B2,15853.55533030193,63.41422132120772,63.41422132120772,0.0,9.006160411382808,1,-1252.0468001533802,0
train:50:76,train,50,B4,0,7.913763306694803,,13033.263520275117,0.0,,0.0,0,geant4_sci_bar_dominant_pdg_deuteron_vs_proton,proton,19373,2212,140.90441706087452,52.13305408110047,22.826672656114173,7.365178378870196,7.724830832108005,3,3,B6,13033.263520275117,52.13305408110047,17.377684693700157,1.0,6.917304338613116,0,-57.00605135060796,0
train:50:77,train,50,B8,0,11.11353415550738,,16000.0,0.0,,0.0,1,geant4_sci_bar_dominant_pdg_deuteron_vs_proton,deuteron,10545,2212,105.51318783199929,91.89808265462898,37.49943160641606,8.668224573015205,10.430771272863579,3,2,B2,16000.0,91.89808265462898,45.94904132731449,3.0,5.216398636206224,1,-40.151911723837856,0
train:50:78,train,50,B6,0,11.264290977858089,,9957.5,0.0,,0.0,1,geant4_sci_bar_dominant_pdg_deuteron_vs_proton,deuteron,12280,2212,54.36064463097681,57.81469506184397,35.97815844224799,10.281069142997568,10.536174087359512,2,2,B4,14453.673765460993,57.81469506184397,28.907347530921985,2.0,7.7300606244949535,0,-1010.5115453303683,0
train:50:79,train,50,B4,0,7.270563167746486,,8251.25,0.0,,0.0,0,geant4_sci_bar_dominant_pdg_deuteron_vs_proton,proton,16930,2212,142.16515575580223,51.47509887709003,23.02583355996061,7.398962813943339,7.762216418330032,3,3,B6,12868.77471927251,51.47509887709003,17.158366292363343,1.0,7.611155306563445,0,-515.8342019282056,0
train:50:80,train,50,B4,0,5.870954935578243,,11250.75,0.0,,0.0,1,geant4_sci_bar_dominant_pdg_deuteron_vs_proton,deuteron,28738,2212,124.24805177088908,50.574667581482835,25.44145249016666,14.71295008105919,14.795085518174727,5,1,B2,12643.666895370709,50.574667581482835,50.574667581482835,1.0,9.49638995291603,1,-832.0725986734554,0
train:50:81,train,50,B4,0,10.407436004083085,,9966.25,0.0,,0.0,1,geant4_sci_bar_dominant_pdg_deuteron_vs_proton,deuteron,28698,2212,116.16421885225077,48.42915792364582,48.42915792364582,13.733040660587017,13.733040660587019,1,1,B2,12107.289480911455,48.42915792364582,48.42915792364582,1.0,9.080592817011357,0,-1207.1936687655943,0
train:50:82,train,50,B8,0,11.311229828956918,,15331.75,0.0,,0.0,1,geant4_sci_bar_dominant_pdg_deuteron_vs_proton,deuteron,10216,2212,57.70133364050474,62.11267707638432,38.782035242343674,10.420844542732567,10.680601626709986,3,2,B4,15528.16926909608,62.11267707638432,31.05633853819216,3.0,5.821114116057723,1,-549.5696895748781,0
train:50:83,train,50,B4,0,10.596688824929524,,9052.532501660435,0.0,,0.0,0,geant4_sci_bar_dominant_pdg_deuteron_vs_proton,proton,13938,2212,169.21590325059822,36.21013000664174,14.354167971048492,6.999012331720023,7.294065141510722,3,3,B6,9052.532501660435,36.21013000664174,12.070043335547247,1.0,6.513962784188267,0,-60.36402749365506,0
train:50:84,train,50,B6,0,4.020028224579938,,14675.387782215146,0.0,,0.0,0,geant4_sci_bar_dominant_pdg_deuteron_vs_proton,proton,19857,2212,162.91324897346954,58.70155112886059,20.069470117565757,6.988393653082166,7.469274098932036,4,4,B8,14675.387782215146,58.70155112886059,14.675387782215147,2.0,8.909344684710707,1,70.14629798703419,0
train:50:85,train,50,B8,0,10.850394912390016,,11492.25,0.0,,0.0,0,geant4_sci_bar_dominant_pdg_deuteron_vs_proton,proton,14713,2212,167.29659791488544,52.901768121442714,17.866908637756648,7.023292652775119,7.506145467459526,4,4,B8,13225.442030360678,52.901768121442714,13.225442030360679,3.0,5.728951305086282,0,-4.424354953112285,0
train:50:86,train,50,B8,0,8.965275511600645,,6326.25,0.0,,0.0,0,geant4_sci_bar_dominant_pdg_deuteron_vs_proton,proton,13673,2212,157.43476666284803,71.61798730459695,29.211753380742117,7.1004616657632855,7.6622544538081945,4,4,B8,16000.0,71.61798730459695,17.904496826149238,3.0,6.137624419835261,0,42.79321850581282,0
train:50:87,train,50,B2,0,4.71347776819514,,16000.0,0.0,,0.0,0,geant4_sci_bar_dominant_pdg_deuteron_vs_proton,proton,23108,2212,154.96481120062833,86.70909402839061,43.842458395488734,7.1450424306756,7.780418972370675,4,4,B8,16000.0,86.70909402839061,21.677273507097652,0.0,8.949892154448797,1,-358.96689783484965,0
train:51:88,train,51,B2,1,7.0525864701435825,8.052586470143583,4767.173054645746,4767.173054645746,1.0,1.0,1,geant4_sci_bar_dominant_pdg_deuteron_vs_proton,deuteron,964,2212,73.85913695617974,38.13738443716596,17.167232380588537,11.01549486430748,11.08684906742479,3,1,B2,9534.346109291491,38.13738443716596,38.13738443716596,0.0,6.7225931756363995,0,-1122.9210645503426,1
train:51:89,train,51,B8,1,4.591735592896936,8.591735592896935,10666.666666666668,5333.333333333334,4.0,0.5,0,geant4_sci_bar_dominant_pdg_deuteron_vs_proton,proton,22451,2212,148.38036547891744,81.46060333170568,34.996373240905044,7.2549067774361635,7.87663758709586,4,4,B8,16000.0,81.46060333170568,20.36515083292642,3.0,8.785317652975904,1,-19.881529960760844,1
train:51:90,train,51,B6,1,5.359420127068174,10.359420127068173,11534.589742498656,2883.647435624664,5.0,0.25,0,geant4_sci_bar_dominant_pdg_deuteron_vs_proton,proton,11355,2212,163.1313669917585,57.67294871249329,20.22568622051042,6.993029011934216,7.488581554858405,5,4,B8,14418.237178123321,57.67294871249329,14.418237178123322,2.0,10.008080004413333,0,-22.466183741951575,1
train:51:91,train,51,B2,1,5.595406569944981,8.59540656994498,9142.857142857143,6857.142857142857,3.0,0.75,1,geant4_sci_bar_dominant_pdg_deuteron_vs_proton,deuteron,6558,2212,65.65187679443298,73.10621824818784,49.34385061869642,10.55351740679111,10.842438665181133,2,2,B4,16000.0,73.10621824818784,36.55310912409392,0.0,11.89934732349624,1,-2884.7566700573448,1
train:51:92,train,51,B4,1,9.942345555043492,10.692345555043492,9021.472480522456,6766.1043603918415,0.75,0.75,1,geant4_sci_bar_dominant_pdg_deuteron_vs_proton,deuteron,29466,2212,75.71992016923951,63.15030736365719,35.3768134164722,10.205603677813752,10.693477113069507,2,1,B2,15787.576840914298,63.15030736365719,63.15030736365719,1.0,7.217703219469002,1,59.57548995299203,1
train:51:93,train,51,B2,1,8.78581649409719,9.53581649409719,6175.8773567691,1543.969339192275,0.75,0.25,1,geant4_sci_bar_dominant_pdg_deuteron_vs_proton,deuteron,20404,2212,54.89879847060039,30.879386783845497,21.462007851559406,10.37320917283905,10.43049690073721,3,1,B2,7719.846695961374,30.879386783845497,30.879386783845497,0.0,10.417432854408638,0,-4144.896791422497,1
train:51:94,train,51,B2,1,8.934943905578056,10.934943905578056,4622.169923795266,3466.6274428464494,2.0,0.75,1,geant4_sci_bar_dominant_pdg_deuteron_vs_proton,deuteron,19877,2212,70.59619131998232,32.35518946656686,32.35518946656686,10.910925562565179,10.910925562565179,1,1,B2,8088.797366641716,32.35518946656686,32.35518946656686,0.0,8.256543397153246,0,-1653.641297003488,1
train:51:95,train,51,B4,1,8.993573558096324,9.493573558096324,7967.878547802488,1991.969636950622,0.5,0.25,1,geant4_sci_bar_dominant_pdg_deuteron_vs_proton,deuteron,11758,2212,109.53750301324301,39.839392739012446,39.839392739012446,13.041712218641571,13.041712218641571,1,1,B2,9959.848184753111,39.839392739012446,39.839392739012446,1.0,6.6484062683948615,0,-311.32814745117963,1
train:51:96,train,51,B6,1,4.981009161738363,9.981009161738363,7761.25,1940.3125,5.0,0.25,1,geant4_sci_bar_dominant_pdg_deuteron_vs_proton,deuteron,25229,2212,87.89668696909239,77.99475750269727,46.428961926702975,9.276196361636448,10.72827031716544,2,1,B2,16000.0,77.99475750269727,77.99475750269727,2.0,9.013671545932333,0,-6.473861866843491,1
train:51:97,train,51,B4,1,5.4681455859789985,10.468145585978998,8129.424587652603,6097.068440739453,5.0,0.75,0,geant4_sci_bar_dominant_pdg_deuteron_vs_proton,proton,27966,2212,160.21072660565378,56.905972113568225,19.445340090489232,7.002100778750547,7.491485764311808,4,4,B8,14226.493028392057,56.905972113568225,14.226493028392056,1.0,9.51862183413984,0,-249.48752146976256,1
train:51:98,train,51,B6,1,5.915653288898282,7.915653288898282,6949.25,1737.3125,2.0,0.25,0,geant4_sci_bar_dominant_pdg_deuteron_vs_proton,proton,1976,2212,107.52836123247125,110.50984125802178,40.87823579169121,8.641422923375444,10.36823982300497,5,2,B4,16000.0,110.50984125802178,55.25492062901089,2.0,9.012118105194341,0,-1025.752269978217,1
train:51:99,train,51,B6,1,8.601296146524206,9.601296146524206,4310.398935962199,3232.7992019716494,1.0,0.75,0,geant4_sci_bar_dominant_pdg_deuteron_vs_proton,proton,26960,2212,89.1799889203244,30.172792551735395,30.172792551735395,9.343213067917484,9.343213067917484,1,1,B2,7543.198137933849,30.172792551735395,30.172792551735395,2.0,9.090917602763174,0,-998.3162605900853,1
train:51:100,train,51,B8,1,6.2987364554837155,7.2987364554837155,7323.75,7323.75,1.0,1.0,0,geant4_sci_bar_dominant_pdg_deuteron_vs_proton,proton,15763,2212,105.10502375981177,102.82668838067207,47.394710631787106,8.616950720301896,10.255625595792274,3,2,B4,16000.0,102.82668838067207,51.41334419033603,3.0,7.959509531519455,1,-76.14754490842571,1
train:51:101,train,51,B2,1,6.852875118219714,8.852875118219714,9142.857142857143,6857.142857142858,2.0,0.75,0,geant4_sci_bar_dominant_pdg_deuteron_vs_proton,proton,14815,2212,136.31031891598244,72.64927034868661,25.096625887463127,7.551711122634531,8.135989385036902,4,4,B8,16000.0,72.64927034868661,18.162317587171653,0.0,9.098009151570137,1,-1509.5393757839768,1
train:51:102,train,51,B8,1,4.391435627495239,5.891435627495239,7247.713492278422,7247.713492278422,1.5,1.0,1,geant4_sci_bar_dominant_pdg_deuteron_vs_proton,deuteron,12379,2212,120.77616335112972,57.98170793822737,57.82868229808537,14.161494185328987,14.162053226420964,2,1,B2,14495.426984556843,57.98170793822737,57.98170793822737,3.0,9.148272512455032,1,-334.66063537355245,1
train:51:103,train,51,B2,1,7.356024856632612,7.856024856632612,10666.666666666666,5333.333333333333,0.5,0.5,1,geant4_sci_bar_dominant_pdg_deuteron_vs_proton,deuteron,1666,2212,107.02675639680811,64.2540007787407,39.658331422483265,8.65884364549901,11.463729633936543,5,1,B2,16000.0,64.2540007787407,64.2540007787407,0.0,9.730527472550925,1,-2844.02419432498,1
train:51:104,train,51,B6,1,6.41112417688873,7.91112417688873,9142.857142857143,6857.142857142858,1.5,0.75,1,geant4_sci_bar_dominant_pdg_deuteron_vs_proton,deuteron,6273,2212,145.61248236220482,110.88447512955682,38.466822593219206,7.307457531075229,11.620881553341064,5,4,B2,16000.0,110.88447512955682,27.721118782389205,2.0,7.983135639418791,1,-26.52906377447612,1
train:51:105,train,51,B8,1,6.463990636594039,11.463990636594039,10136.377729825856,5068.188864912928,5.0,0.5,1,geant4_sci_bar_dominant_pdg_deuteron_vs_proton,deuteron,6466,2212,74.70368955164058,60.81826637895513,32.71798309848375,10.12949412201812,10.64546260108458,2,1,B2,15204.566594738782,60.81826637895513,60.81826637895513,3.0,8.921774515754974,0,-28.947636717814035,1
train:51:106,train,51,B2,1,5.448149944595141,5.948149944595141,12549.850089517788,3137.462522379447,0.5,0.25,0,geant4_sci_bar_dominant_pdg_deuteron_vs_proton,proton,6410,2212,135.1648487720243,62.749250447588935,22.191589441975527,7.575216938461199,8.085277817925732,4,4,B6,15687.312611897234,62.749250447588935,15.687312611897234,0.0,10.093205424451009,1,-2866.053019860304,1
train:51:107,train,51,B6,1,4.7697142489982385,10.769714248998238,10666.666666666666,5333.333333333333,6.0,0.5,1,geant4_sci_bar_dominant_pdg_deuteron_vs_proton,deuteron,23828,2212,62.53621313374831,66.42526639828961,43.508025146143254,10.550019037924935,10.827674008980336,2,2,B4,16000.0,66.42526639828961,33.212633199144804,2.0,8.930738731503265,0,-40.96068437354263,1
train:51:108,train,51,B8,1,9.26063295898,9.76063295898,7323.75,1830.9375,0.5,0.25,1,geant4_sci_bar_dominant_pdg_deuteron_vs_proton,deuteron,14779,2212,111.29815313598681,43.70330846143757,43.70330846143757,13.454965374785868,13.454965374785868,1,1,B2,10925.827115359392,43.70330846143757,43.70330846143757,3.0,6.371068692139318,0,1.536030780123511,1
train:51:109,train,51,B2,1,4.135889383296326,7.135889383296326,7704.759936238135,5778.569952178601,3.0,0.75,0,geant4_sci_bar_dominant_pdg_deuteron_vs_proton,proton,15592,2212,168.41912909604727,53.93331955366695,17.31103093362819,7.004936511205708,7.477478390975172,4,4,B8,13483.329888416736,53.93331955366695,13.483329888416737,0.0,9.791810723313526,0,-228.39035680285275,1
train:51:110,train,51,B8,1,4.522911176632384,7.522911176632384,9142.857142857143,6857.142857142857,3.0,0.75,1,geant4_sci_bar_dominant_pdg_deuteron_vs_proton,deuteron,10609,2212,75.55940284307344,65.51718483444343,35.78031175205381,10.332727023810842,10.744354247225264,2,1,B2,16000.0,65.51718483444343,65.51718483444343,3.0,8.93133893261349,1,-3.8134978100845127,1
train:51:111,train,51,B8,1,9.369005257611402,10.869005257611402,7999.999999999999,7999.999999999999,1.5,1.0,0,geant4_sci_bar_dominant_pdg_deuteron_vs_proton,proton,18954,2212,85.61339760224311,94.0619536321606,47.478575148773004,9.631567141181158,10.664056314256324,2,1,B2,16000.0,94.0619536321606,94.0619536321606,3.0,6.585511467398849,1,-50.52091919981886,1
train:51:112,train,51,B4,1,5.731873599886823,8.731873599886823,5656.758426750325,2828.3792133751626,3.0,0.5,0,geant4_sci_bar_dominant_pdg_deuteron_vs_proton,proton,24886,2212,77.07491951918473,33.94055056050195,33.28162433230966,10.350353213093603,10.350616552849647,2,1,B2,8485.137640125487,33.94055056050195,33.94055056050195,1.0,10.564257209034501,0,-21.014194904477964,1
train:51:113,train,51,B2,1,7.939454522025366,8.689454522025365,4810.327694960163,4810.327694960163,0.75,1.0,1,geant4_sci_bar_dominant_pdg_deuteron_vs_proton,deuteron,9973,2212,52.276519395718964,38.482621559681306,21.92081441367271,10.332438609875917,10.507351476576805,2,2,B2,9620.655389920326,38.482621559681306,19.241310779840653,0.0,7.939574100157429,0,-986.5170498591017,1
train:51:114,train,51,B6,1,5.315271302129894,7.315271302129894,12800.0,3200.0,2.0,0.25,0,geant4_sci_bar_dominant_pdg_deuteron_vs_proton,proton,3237,2212,158.95903206543545,72.25849404673221,30.799781013102,7.069277828696269,7.650213510602402,4,4,B8,16000.0,72.25849404673221,18.064623511683052,2.0,9.309235928354944,1,17.389356682338676,1
train:51:115,train,51,B8,1,4.489570622611304,7.489570622611304,8000.0,8000.0,3.0,1.0,0,geant4_sci_bar_dominant_pdg_deuteron_vs_proton,proton,28128,2212,149.29849341753544,77.53392397557083,30.19422801468399,7.229096938244903,7.829417798730894,4,4,B8,16000.0,77.53392397557083,19.383480993892707,3.0,8.249078777410636,1,-53.957446743892916,1
train:51:116,train,51,B6,1,9.401166701919252,10.901166701919252,7471.05352573228,7471.05352573228,1.5,1.0,0,geant4_sci_bar_dominant_pdg_deuteron_vs_proton,proton,25963,2212,162.25531698157306,59.76842820585824,20.167296602434046,7.021673975607234,7.51310114023567,5,4,B8,14942.10705146456,59.76842820585824,14.94210705146456,2.0,6.920658828219886,1,6.4030608489008785,1
train:51:117,train,51,B6,1,6.2506810571463305,7.7506810571463305,6949.25,5211.9375,1.5,0.75,0,geant4_sci_bar_dominant_pdg_deuteron_vs_proton,proton,5920,2212,104.98907975767733,95.99554629611256,41.22313112800828,8.654436361825494,10.36371373905228,3,2,B4,16000.0,95.99554629611256,47.99777314805628,2.0,7.559885382650466,0,-92.0598084946552,1
train:51:118,train,51,B6,1,9.288609817499516,11.288609817499516,6013.0,6013.0,2.0,1.0,0,geant4_sci_bar_dominant_pdg_deuteron_vs_proton,proton,4177,2212,105.1327716029007,100.6594213352955,45.02238207921342,8.660779109529756,10.374984162349792,3,2,B4,16000.0,100.6594213352955,50.32971066764775,2.0,6.100868053851335,0,-80.787387819011,1
train:51:119,train,51,B4,1,5.226769425425294,9.226769425425294,8287.589273457581,6215.691955093185,4.0,0.75,0,geant4_sci_bar_dominant_pdg_deuteron_vs_proton,proton,19123,2212,134.86323936666452,58.01312491420306,22.099574922295766,7.589019684216501,8.0342935143558,4,4,B6,14503.281228550766,58.01312491420306,14.503281228550765,1.0,8.452536095912846,1,-207.82836388099284,1
train:51:120,train,51,B8,1,5.495319132849941,8.495319132849941,4593.0264893307085,1148.2566223326771,3.0,0.25,1,geant4_sci_bar_dominant_pdg_deuteron_vs_proton,deuteron,15634,2212,58.49720339986401,22.96513244665354,22.50674944258705,10.343329283400626,10.365074635125456,2,2,B2,5741.283111663385,22.96513244665354,11.48256622332677,3.0,8.749823740042087,0,-37.86983787789349,1
train:51:121,train,51,B8,1,8.761980267529474,9.261980267529474,11887.75,2971.9375,0.5,0.25,1,geant4_sci_bar_dominant_pdg_deuteron_vs_proton,deuteron,6744,2212,91.5399845725983,79.10627383294872,52.984473308179325,9.08517227290708,10.978086884415228,2,1,B2,16000.0,79.10627383294872,79.10627383294872,3.0,6.983969997641392,1,-7.161673592088228,1
train:51:122,train,51,B4,1,6.4624006045272555,10.462400604527256,6023.5,4517.625,4.0,0.75,1,geant4_sci_bar_dominant_pdg_deuteron_vs_proton,deuteron,6713,2212,55.792968274853685,70.37292978027551,48.29378111487022,10.352603174299297,10.635008285457575,2,2,B4,16000.0,70.37292978027551,35.186464890137756,1.0,7.38157544878893,0,-61.78277163714604,1
train:51:123,train,51,B8,1,5.908775520689848,7.408775520689848,8554.0,2138.5,1.5,0.25,0,geant4_sci_bar_dominant_pdg_deuteron_vs_proton,proton,8789,2212,155.35974098856798,45.28063974964421,18.173694142918535,7.125780568714301,7.442655051243065,3,3,B6,11320.159937411052,45.28063974964421,15.093546583214737,3.0,9.5595231318514,0,-39.02123094547417,1
train:51:124,train,51,B6,1,9.233252797977068,9.983252797977068,6864.044506175461,6864.044506175461,0.75,1.0,0,geant4_sci_bar_dominant_pdg_deuteron_vs_proton,proton,14227,2212,128.6849597025118,54.912356049403684,25.267919639813773,7.800687104498036,8.182170170906085,3,3,B6,13728.089012350922,54.912356049403684,18.30411868313456,2.0,7.416516039895175,0,-179.76016272414822,1
train:51:125,train,51,B8,1,4.213154870677176,9.213154870677176,7999.999999999999,7999.999999999999,5.0,1.0,0,geant4_sci_bar_dominant_pdg_deuteron_vs_proton,proton,24230,2212,157.34500513132986,77.33967095985821,33.66632870991442,7.054683073157309,7.643277890039469,4,4,B8,16000.0,77.33967095985821,19.334917739964553,3.0,9.550608935639357,1,-27.36440328371944,1
train:51:126,train,51,B2,1,10.257342550194595,10.757342550194595,8890.419350878978,4445.209675439489,0.5,0.5,0,geant4_sci_bar_dominant_pdg_deuteron_vs_proton,proton,2222,2212,141.39548624752618,53.342516105273866,24.73970007318278,7.434062195456238,7.811405406042369,3,3,B6,13335.629026318467,53.342516105273866,17.780838701757954,0.0,9.081525449002944,1,-3880.5515267837454,1
train:51:127,train,51,B8,1,5.823620478444676,6.573620478444676,8629.92527373941,6472.443955304558,0.75,0.75,1,geant4_sci_bar_dominant_pdg_deuteron_vs_proton,deuteron,14959,2212,55.97806818125458,60.409476916175876,37.89000466546172,10.355050969447294,10.61360865754524,2,2,B4,15102.369229043969,60.409476916175876,30.204738458087938,3.0,8.378572703297046,1,0.07491633130661324,1
train:51:128,train,51,B2,1,7.140991575564773,7.640991575564773,7459.887747822342,5594.915810866756,0.5,0.75,1,geant4_sci_bar_dominant_pdg_deuteron_vs_proton,deuteron,20600,2212,88.5814642565688,52.21921423475639,52.21921423475639,11.833511008859034,11.833511008859032,1,1,B2,13054.803558689098,52.21921423475639,52.21921423475639,0.0,8.754843107537376,1,-1850.0055365457154,1
train:51:129,train,51,B4,1,8.977886549453551,9.977886549453551,6977.25,1744.3125,1.0,0.25,0,geant4_sci_bar_dominant_pdg_deuteron_vs_proton,proton,13453,2212,164.92393139282075,53.73402296568953,17.708470249365963,7.003409464623572,7.476744773593595,4,4,B8,13433.505741422383,53.73402296568953,13.433505741422383,1.0,2.763960521759415,0,18.08003891321661,1
train:51:130,train,51,B8,1,5.31836201496381,11.31836201496381,9142.857142857143,6857.142857142857,6.0,0.75,1,geant4_sci_bar_dominant_pdg_deuteron_vs_proton,deuteron,4353,2212,69.11649822056681,116.89471246208319,62.09923397325005,10.779689794337104,11.261660395646034,3,2,B4,16000.0,116.89471246208319,58.447356231041596,3.0,8.553815578524418,0,-45.336878171593504,1
train:51:131,train,51,B8,1,5.546706989124846,7.546706989124846,6690.25,5017.6875,2.0,0.75,1,geant4_sci_bar_dominant_pdg_deuteron_vs_proton,deuteron,7703,2212,110.65077184701094,68.34366645652412,34.749126558058606,13.296377337370576,13.3753519184669,5,1,B2,16000.0,68.34366645652412,68.34366645652412,3.0,6.5367805426691925,0,16.569844446903716,1
train:51:132,train,51,B8,0,9.88770148777985,,9343.25,0.0,,0.0,1,geant4_sci_bar_dominant_pdg_deuteron_vs_proton,deuteron,3774,2212,112.29827033387531,42.6627039302643,42.6627039302643,13.302651764806,13.302651764806003,1,1,B2,10665.675982566076,42.6627039302643,42.6627039302643,3.0,6.9121647059068465,0,-168.59479086753169,0
train:51:133,train,51,B4,0,7.870879807028333,,6977.25,0.0,,0.0,1,geant4_sci_bar_dominant_pdg_deuteron_vs_proton,deuteron,9271,2212,146.76928693959755,117.30607151114526,42.34412288705124,7.2622441318439686,11.432456537358936,5,4,B2,16000.0,117.30607151114526,29.326517877786316,1.0,5.679131589278175,0,-145.41502611917235,0
train:51:134,train,51,B4,0,8.004076688847471,,11705.75,0.0,,0.0,1,geant4_sci_bar_dominant_pdg_deuteron_vs_proton,deuteron,16777,2212,95.45879393678419,84.37407615995319,60.174793564723906,8.908166192239058,11.310203072124118,2,1,B2,16000.0,84.37407615995319,84.37407615995319,1.0,6.4028693023469785,0,-57.35605712056695,0
train:51:135,train,51,B6,0,6.45373312098612,,9864.75,0.0,,0.0,0,geant4_sci_bar_dominant_pdg_deuteron_vs_proton,proton,18378,2212,128.91356987256916,57.04351689366905,25.827722044456923,7.736276741386429,8.113925192909166,3,3,B6,14260.879223417263,57.04351689366905,19.014505631223017,2.0,8.682837120861826,0,-881.5057014253696,0
train:51:136,train,51,B8,0,6.101490788813603,,8421.0,0.0,,0.0,1,geant4_sci_bar_dominant_pdg_deuteron_vs_proton,deuteron,28615,2212,64.33865742879343,75.62559988208662,51.74411392712246,10.588230654882949,10.88259589444675,2,2,B4,16000.0,75.62559988208662,37.81279994104331,3.0,8.552843871207813,0,1.1869681164039134,0
train:51:137,train,51,B4,0,11.04416199278863,,7295.75,0.0,,0.0,0,geant4_sci_bar_dominant_pdg_deuteron_vs_proton,proton,9893,2212,142.22591191147006,52.51117266743563,22.72027913622594,7.391073080998423,7.750595167593882,3,3,B6,13127.793166858908,52.51117266743563,17.503724222478542,1.0,4.268952351796185,0,-38.537255990097414,0
train:51:138,train,51,B4,0,8.366048318776839,,10934.286504715936,0.0,,0.0,1,geant4_sci_bar_dominant_pdg_deuteron_vs_proton,deuteron,17332,2212,109.19545485834313,43.73714601886374,39.49106649911445,8.416569497720692,12.604598948363126,3,1,B2,10934.286504715936,43.73714601886374,43.73714601886374,1.0,5.107545755618662,0,-38.60732387317819,0
train:51:139,train,51,B6,0,4.6269895771547045,,10279.5,0.0,,0.0,0,geant4_sci_bar_dominant_pdg_deuteron_vs_proton,proton,11600,2212,132.29689301087373,59.258170839568564,21.676271479717556,7.679423344299665,8.146034921210589,4,4,B6,14814.542709892141,59.258170839568564,14.814542709892141,2.0,7.320812846544029,0,46.404677954258545,0
train:51:140,train,51,B4,0,5.505373054305649,,8694.0,0.0,,0.0,1,geant4_sci_bar_dominant_pdg_deuteron_vs_proton,deuteron,13947,2212,92.27594584976123,91.8470486846099,63.78262046013058,9.157514697444451,11.186995251074823,3,1,B2,16000.0,91.8470486846099,91.8470486846099,1.0,7.317401963236279,0,-110.84333435577014,0
train:51:141,train,51,B8,0,9.329139554158727,,9668.75,0.0,,0.0,0,geant4_sci_bar_dominant_pdg_deuteron_vs_proton,proton,12740,2212,162.98944899512418,56.1311046084699,18.51522817494389,7.044498381780071,7.525580864712463,4,4,B8,14032.776152117474,56.1311046084699,14.032776152117474,3.0,6.253836416368949,0,-33.15703957752598,0
train:51:142,train,51,B6,0,8.29954064553462,,12456.5,0.0,,0.0,0,geant4_sci_bar_dominant_pdg_deuteron_vs_proton,proton,24755,2212,128.96808830081022,56.02820475921477,25.708575117985067,7.796899551411218,8.176301728674904,3,3,B6,14007.051189803693,56.02820475921477,18.67606825307159,2.0,7.112027515167727,0,11.48726354964029,0
train:51:143,train,51,B8,0,8.87618048720498,,9668.75,0.0,,0.0,0,geant4_sci_bar_dominant_pdg_deuteron_vs_proton,proton,5386,2212,148.79299259186985,52.17368632163816,25.394366605436172,7.217964508307022,7.60070845468581,3,3,B6,13043.42158040954,52.17368632163816,17.391228773879387,3.0,5.542718456566392,0,-41.64743674299075,0
train:51:144,train,51,B2,0,6.624593077689551,,16000.0,0.0,,0.0,0,geant4_sci_bar_dominant_pdg_deuteron_vs_proton,proton,11359,2212,158.32511661511683,73.52122416104385,30.67870129538861,7.085414903047341,7.657956626569448,4,4,B8,16000.0,73.52122416104385,18.38030604026096,0.0,8.599101470151274,1,-2356.7634319459116,0
train:51:145,train,51,B6,0,4.8103692212072335,,9695.0,0.0,,0.0,0,geant4_sci_bar_dominant_pdg_deuteron_vs_proton,proton,24833,2212,140.44694285787028,51.07552921026769,23.38453605962757,7.389791710113892,7.759337085931986,3,3,B6,12768.882302566923,51.07552921026769,17.025176403422563,2.0,9.058992939934962,0,-130.12165054438182,0
train:51:146,train,51,B4,0,10.924839547712574,,8694.0,0.0,,0.0,1,geant4_sci_bar_dominant_pdg_deuteron_vs_proton,deuteron,3716,2212,117.76087492239702,52.22708380975741,52.22708380975741,14.023589302359316,14.023589302359316,1,1,B2,13056.770952439352,52.22708380975741,52.22708380975741,1.0,8.148497758123922,0,-866.2512081475888,0
train:51:147,train,51,B6,0,4.250865645809651,,13450.5,0.0,,0.0,0,geant4_sci_bar_dominant_pdg_deuteron_vs_proton,proton,20766,2212,147.96860456521063,74.86455469448754,26.634590966089903,7.244543400482452,7.828339132828349,4,4,B8,16000.0,74.86455469448754,18.716138673621884,2.0,7.985355149284077,0,37.932427902971014,0
train:51:148,train,51,B8,0,8.020535416791159,,9367.75,0.0,,0.0,0,geant4_sci_bar_dominant_pdg_deuteron_vs_proton,proton,15595,2212,161.6766026642356,56.129456266979034,19.226268421755368,7.069353595306739,7.558849895926363,4,4,B8,14032.364066744758,56.129456266979034,14.032364066744758,3.0,6.059676866975728,0,46.32904327888595,0
train:51:149,train,51,B6,0,4.894198575418059,,11427.5,0.0,,0.0,1,geant4_sci_bar_dominant_pdg_deuteron_vs_proton,deuteron,12197,2212,88.94644617249723,79.12688468595435,49.982637897393005,9.296854548222097,10.868140603030241,2,1,B2,16000.0,79.12688468595435,79.12688468595435,2.0,8.653059241638726,0,-42.35923520414647,0
train:51:150,train,51,B6,0,10.405787407436286,,8195.25,0.0,,0.0,1,geant4_sci_bar_dominant_pdg_deuteron_vs_proton,deuteron,5893,2212,67.78920150394205,102.7438719961398,64.68576885905257,10.735199557343208,11.575873825279242,3,2,B4,16000.0,102.7438719961398,51.3719359980699,2.0,6.068531442873869,0,31.834553836703023,0
train:51:151,train,51,B8,0,7.434306129041783,,8421.0,0.0,,0.0,0,geant4_sci_bar_dominant_pdg_deuteron_vs_proton,proton,12048,2212,165.3332557279232,54.29901019412481,18.069842264635987,7.04965819158731,7.526243743978697,4,4,B8,13574.752548531204,54.29901019412481,13.574752548531203,3.0,9.115801536218079,0,-567.5610435781182,0
train:51:152,train,51,B6,0,10.10376870426795,,8195.25,0.0,,0.0,1,geant4_sci_bar_dominant_pdg_deuteron_vs_proton,deuteron,16767,2212,121.8757819798605,65.12442582055307,65.12442582055307,14.447870373648115,14.447870373648115,1,1,B2,16000.0,65.12442582055307,65.12442582055307,2.0,4.920023518749889,0,44.0305384905926,0
train:51:153,train,51,B4,0,5.493037476808522,,15653.75,0.0,,0.0,1,geant4_sci_bar_dominant_pdg_deuteron_vs_proton,deuteron,14065,2212,59.70814360013236,63.56797428083623,40.896369134520384,10.46550846490583,10.736092830734254,2,2,B4,15891.993570209059,63.56797428083623,31.783987140418116,1.0,10.554671021415478,0,-6.82688987399241,0
train:51:154,train,51,B6,0,7.6356158574731925,,8195.25,0.0,,0.0,1,geant4_sci_bar_dominant_pdg_deuteron_vs_proton,deuteron,7941,2212,120.63903758444948,57.91353252659273,57.91353252659273,14.161718498221063,14.161718498221063,1,1,B2,14478.383131648183,57.91353252659273,57.91353252659273,2.0,5.141933655261894,0,50.38929483801124,0
train:51:155,train,51,B2,0,10.249754800891758,,15208.309176131523,0.0,,0.0,1,geant4_sci_bar_dominant_pdg_deuteron_vs_proton,deuteron,14873,2212,57.75700038992393,60.833236704526094,38.28111776039961,10.386733473571653,10.648782560451915,2,2,B4,15208.309176131523,60.833236704526094,30.416618352263047,0.0,7.838916256897204,1,-1676.04875604025,0
train:51:156,train,51,B2,0,11.19599540716684,,16000.000000000002,0.0,,0.0,1,geant4_sci_bar_dominant_pdg_deuteron_vs_proton,deuteron,22838,2212,143.84628410952473,77.62708023672639,39.20640151816206,7.3552341287849465,13.118395959879965,6,2,B2,16000.0,77.62708023672639,38.81354011836319,0.0,6.370531724645913,1,-744.1791695064521,0
train:51:157,train,51,B2,0,5.493018300804769,,12843.589332468442,0.0,,0.0,0,geant4_sci_bar_dominant_pdg_deuteron_vs_proton,proton,10753,2212,140.6915766998178,51.37435732987376,22.71469313355648,7.454783272509594,7.819111158924821,3,3,B6,12843.58933246844,51.37435732987376,17.124785776624588,0.0,10.336841466917335,1,-2838.3552967566347,0
train:51:158,train,51,B2,0,5.47670530623606,,3458.368173404582,0.0,,0.0,0,geant4_sci_bar_dominant_pdg_deuteron_vs_proton,proton,27983,2212,125.94173683220095,13.833472693618331,13.833472693618331,7.865181328160477,7.865181328160477,1,1,B2,3458.3681734045826,13.833472693618331,13.833472693618331,0.0,10.33951158861889,0,-2362.829175094656,0
train:51:159,train,51,B6,0,4.237189033425156,,12838.0,0.0,,0.0,1,geant4_sci_bar_dominant_pdg_deuteron_vs_proton,deuteron,24926,2212,147.0905067710363,110.3967198164764,38.03021837498592,7.275886802627928,11.597862987699529,5,4,B2,16000.0,110.3967198164764,27.5991799541191,2.0,7.734430503510765,0,53.1236735789747,0
train:51:160,train,51,B2,0,5.741045539845948,,13588.885955574407,0.0,,0.0,1,geant4_sci_bar_dominant_pdg_deuteron_vs_proton,deuteron,13449,2212,53.40793400247309,54.35554382229763,33.199601385121596,10.329604024400037,10.577252591862047,2,2,B4,13588.885955574407,54.35554382229763,27.177771911148817,0.0,10.219030861363574,1,-4198.152165061055,0
train:51:161,train,51,B2,0,6.5752008294736015,,16000.000000000002,0.0,,0.0,0,geant4_sci_bar_dominant_pdg_deuteron_vs_proton,proton,10477,2212,149.9746832603059,84.44551749787952,36.98922964464656,7.171687727642666,7.786530375121791,4,4,B8,16000.0,84.44551749787952,21.11137937446988,0.0,10.055766646496807,1,-2894.927785177163,0
train:51:162,train,51,B6,0,4.455520226316682,,3625.8695960418336,0.0,,0.0,0,geant4_sci_bar_dominant_pdg_deuteron_vs_proton,proton,25315,2212,125.42230053519766,14.503478384167332,14.503478384167332,7.8849982510003676,7.8849982510003676,1,1,B2,3625.869596041833,14.503478384167332,14.503478384167332,2.0,8.764318982141615,0,-865.5636548913816,0
train:51:163,train,51,B6,0,9.628549748034253,,2538.622520404925,0.0,,0.0,0,geant4_sci_bar_dominant_pdg_deuteron_vs_proton,proton,28192,2212,170.7539311018063,10.1544900816197,10.1544900816197,7.020671507813492,7.020671507813493,1,1,B2,2538.622520404925,10.1544900816197,10.1544900816197,2.0,5.971134723540552,0,-61.43729575470591,0
train:51:164,train,51,B4,0,6.401967280836715,,10288.25,0.0,,0.0,1,geant4_sci_bar_dominant_pdg_deuteron_vs_proton,deuteron,17151,2212,60.54365861244932,63.37222923240935,40.77210747194241,10.483176310694198,10.752461416115695,2,2,B4,15843.057308102338,63.37222923240935,31.686114616204677,1.0,9.083153563671235,1,-912.1180565193655,0
train:51:165,train,51,B2,0,7.924566257519684,,16000.000000000002,0.0,,0.0,0,geant4_sci_bar_dominant_pdg_deuteron_vs_proton,proton,6074,2212,153.87410906936356,88.41922425398354,42.8545155165641,7.173518518641291,7.809295708897653,4,4,B8,16000.0,88.41922425398354,22.104806063495886,0.0,8.74623895762479,1,-1699.389283105267,0
train:51:166,train,51,B8,0,6.9096399248567675,,11905.25,0.0,,0.0,0,geant4_sci_bar_dominant_pdg_deuteron_vs_proton,proton,17022,2212,165.18035936734668,55.69746575800627,17.973336341469015,7.011704744795176,7.478853112438245,4,4,B8,13924.366439501568,55.69746575800627,13.924366439501567,3.0,8.514736533036412,0,-0.7575236291482231,0
train:51:167,train,51,B8,0,9.696661627802595,,9224.25,0.0,,0.0,1,geant4_sci_bar_dominant_pdg_deuteron_vs_proton,deuteron,20068,2212,116.24789842946176,50.48042224199083,50.48042224199083,13.818057259354308,13.81805725935431,1,1,B2,12620.105560497708,50.48042224199083,50.48042224199083,3.0,6.130098643334428,0,46.25217518707478,0
train:51:168,train,51,B2,0,8.1789533743916,,11900.937376619553,0.0,,0.0,1,geant4_sci_bar_dominant_pdg_deuteron_vs_proton,deuteron,28667,2212,88.11388388276958,47.60374950647821,47.60374950647821,11.776046942307905,11.776046942307904,1,1,B2,11900.937376619553,47.60374950647821,47.60374950647821,0.0,10.701874931686717,1,-4144.854473608588,0
train:51:169,train,51,B4,0,7.246769616145725,,12549.25,0.0,,0.0,0,geant4_sci_bar_dominant_pdg_deuteron_vs_proton,proton,13462,2212,165.82470696243234,54.6138765330612,17.08249052871966,6.994640060000468,7.461378463593688,4,4,B8,13653.4691332653,54.6138765330612,13.6534691332653,1.0,8.055681794640138,1,-447.3228078944919,0
train:51:170,train,51,B2,0,9.023320682316104,,10124.708976163962,0.0,,0.0,0,geant4_sci_bar_dominant_pdg_deuteron_vs_proton,proton,28791,2212,168.93252327972053,40.49883590465585,13.629750379535249,7.029090215057279,7.391513941481335,5,4,B6,10124.708976163962,40.49883590465585,10.124708976163962,0.0,8.405580855241134,0,-1400.6307418704675,0
train:51:171,train,51,B6,0,9.032267184980459,,15006.25,0.0,,0.0,0,geant4_sci_bar_dominant_pdg_deuteron_vs_proton,proton,14702,2212,82.93196588286484,88.27045002321532,47.85455328259091,9.659945665344551,10.491438029165634,2,1,B2,16000.0,88.27045002321532,88.27045002321532,2.0,6.418618143419433,1,-40.58744734926733,0
train:51:172,train,51,B2,0,6.7374829322789624,,3237.454685585694,0.0,,0.0,0,geant4_sci_bar_dominant_pdg_deuteron_vs_proton,proton,8158,2212,125.26373098451086,12.949818742342776,12.949818742342776,8.002871940727372,8.002871940727372,1,1,B2,3237.454685585694,12.949818742342776,12.949818742342776,0.0,9.870382982866676,0,-2974.278500986405,0
train:51:173,train,51,B8,0,4.322777758342112,,15708.0,0.0,,0.0,1,geant4_sci_bar_dominant_pdg_deuteron_vs_proton,deuteron,29428,2212,61.899355857192674,66.90470302688172,43.3108638587109,10.51538703159192,10.788662498675203,2,2,B4,16000.0,66.90470302688172,33.45235151344086,3.0,8.476684437457708,1,61.58033770294548,0
train:51:174,train,51,B4,0,4.236246646292717,,8652.04055387101,0.0,,0.0,0,geant4_sci_bar_dominant_pdg_deuteron_vs_proton,proton,24564,2212,151.65266449407395,34.608162215484036,16.410195850514242,7.201526769891626,7.446913865377402,3,3,B4,8652.04055387101,34.608162215484036,11.536054071828012,1.0,5.366362371460751,0,218.43651818955868,0
train:51:175,train,51,B6,0,5.746137364403459,,5502.0,0.0,,0.0,0,geant4_sci_bar_dominant_pdg_deuteron_vs_proton,proton,10315,2212,66.14932127588108,54.75937090249951,26.016942660548015,10.6192381081538,10.732142454332855,8,3,B2,13689.842725624878,54.75937090249951,18.253123634166503,2.0,7.046131465265394,0,-12.466190088378765,0
train:52:176,train,52,B8,1,5.399538486442351,11.399538486442351,8000.0,8000.0,6.0,1.0,0,geant4_sci_bar_dominant_pdg_deuteron_vs_proton,proton,13398,2212,77.63232155330219,70.54966414243054,36.462463077343614,10.173968521052595,10.667564852676303,2,1,B2,16000.0,70.54966414243054,70.54966414243054,3.0,9.542272842805268,1,-421.2450920324577,1
train:52:177,train,52,B8,1,6.370810023867606,10.370810023867605,6700.065258555442,6700.065258555442,4.0,1.0,0,geant4_sci_bar_dominant_pdg_deuteron_vs_proton,proton,8520,2212,164.4377133134302,53.60052206844353,16.81293586816026,7.014689946329869,7.481477253627966,4,4,B8,13400.130517110883,53.60052206844353,13.400130517110883,3.0,8.281272656125505,0,41.631300158177424,1
train:52:178,train,52,B8,1,4.644340484245265,7.644340484245265,9266.25,2316.5625,3.0,0.25,1,geant4_sci_bar_dominant_pdg_deuteron_vs_proton,deuteron,21600,2212,116.49363335128402,54.00479576867414,53.508620164543885,13.945899685010996,13.94655945359611,2,1,B2,13501.198942168536,54.00479576867414,54.00479576867414,3.0,8.714874885340608,0,14.503766549515692,1
train:52:179,train,52,B4,1,5.257448334522351,9.257448334522351,4012.8333539853998,2006.4166769926999,4.0,0.5,0,geant4_sci_bar_dominant_pdg_deuteron_vs_proton,proton,20468,2212,169.09998009155828,24.0770001239124,12.128795586832965,7.040181981482216,7.172119561398552,2,2,B4,6019.2500309781,24.0770001239124,12.0385000619562,1.0,8.060251710872938,0,-88.42404100037612,1
train:52:180,train,52,B8,1,5.878854158843001,10.878854158843001,9142.857142857143,6857.142857142857,5.0,0.75,0,geant4_sci_bar_dominant_pdg_deuteron_vs_proton,proton,21916,2212,84.75160485262163,89.19395078058699,45.346399698223316,9.737803806880793,10.678136243937148,2,1,B2,16000.0,89.19395078058699,89.19395078058699,3.0,9.179418108547889,1,-580.8059243794189,1
train:52:181,train,52,B4,1,6.3669454169094,7.8669454169094,4641.370091383067,3481.0275685373003,1.5,0.75,1,geant4_sci_bar_dominant_pdg_deuteron_vs_proton,deuteron,24518,2212,73.40417164216875,32.48959063968147,32.48959063968147,10.994674180010296,10.994674180010296,1,1,B2,8122.397659920367,32.48959063968147,32.48959063968147,1.0,9.145035621687171,0,-39.910123084759086,1
train:52:182,train,52,B8,1,5.1297242689580385,5.6297242689580385,8991.826781550451,4495.913390775226,0.5,0.5,0,geant4_sci_bar_dominant_pdg_deuteron_vs_proton,proton,884,2212,129.82836150096216,53.95096068930271,24.503335931211147,7.762781914321468,8.138925221652467,3,3,B6,13487.740172325677,53.95096068930271,17.983653563100905,3.0,8.886091254659515,0,-8.035104994117685,1
train:52:183,train,52,B4,1,7.740228936154212,9.740228936154212,10666.666666666668,5333.333333333334,2.0,0.5,0,geant4_sci_bar_dominant_pdg_deuteron_vs_proton,proton,26278,2212,78.66572090095588,77.38024777411044,39.53215103271371,10.016069199321201,10.633722436188478,2,1,B2,16000.0,77.38024777411044,77.38024777411044,1.0,7.681855010207347,1,-419.2949737863364,1
train:52:184,train,52,B8,1,7.4157317416248265,11.415731741624827,5013.134339040349,3759.850754280262,4.0,0.75,1,geant4_sci_bar_dominant_pdg_deuteron_vs_proton,deuteron,28408,2212,76.19524100833218,35.09194037328244,35.09194037328244,11.122420448411358,11.122420448411358,1,1,B2,8772.98509332061,35.09194037328244,35.09194037328244,3.0,7.567984709117242,0,39.08068225148597,1
train:52:185,train,52,B6,1,4.311792656295448,10.311792656295449,12800.0,3200.0,6.0,0.25,0,geant4_sci_bar_dominant_pdg_deuteron_vs_proton,proton,20998,2212,155.0812661828398,91.6460684843715,47.630703235785404,7.127076814065717,7.775723533483877,4,4,B8,16000.0,91.6460684843715,22.911517121092874,2.0,10.11864128016273,0,-9.529791142926861,1
train:52:186,train,52,B6,1,7.805184815130492,9.305184815130492,6070.75,1517.6875,1.5,0.25,0,geant4_sci_bar_dominant_pdg_deuteron_vs_proton,proton,5246,2212,91.8844220678074,67.9415092506773,27.510736359822577,9.200164375184329,10.90031795864346,6,1,B2,16000.0,67.9415092506773,67.9415092506773,2.0,6.32850768119513,0,39.63838986342053,1
train:52:187,train,52,B4,1,5.984267303024651,6.734267303024651,10139.5,5069.75,0.75,0.5,0,geant4_sci_bar_dominant_pdg_deuteron_vs_proton,proton,20519,2212,154.40662607232045,82.97500721873041,40.169573095244445,7.138908319465405,7.763012050427507,4,4,B8,16000.0,82.97500721873041,20.743751804682603,1.0,8.253797479547305,1,-751.6413299374351,1
train:52:188,train,52,B4,1,6.6112408727603675,10.611240872760368,9439.750369576042,4719.875184788021,4.0,0.5,0,geant4_sci_bar_dominant_pdg_deuteron_vs_proton,proton,21636,2212,162.3320868218903,56.638502217456264,18.93297419227403,7.018796694241434,7.49686254890776,4,4,B8,14159.625554364065,56.638502217456264,14.159625554364066,1.0,7.439502743866092,0,-41.40884511912487,1
train:52:189,train,52,B2,1,8.908075889363396,9.408075889363396,12800.0,3200.0,0.5,0.25,1,geant4_sci_bar_dominant_pdg_deuteron_vs_proton,deuteron,15950,2212,64.37788037355952,69.60141041633267,46.413067133451776,10.572200229349232,10.856564683673062,2,2,B4,16000.0,69.60141041633267,34.800705208166335,0.0,8.750916992661434,1,-1868.0367112179772,1
train:52:190,train,52,B6,1,5.338388121356882,8.338388121356882,8524.358227400393,4262.1791137001965,3.0,0.5,0,geant4_sci_bar_dominant_pdg_deuteron_vs_proton,proton,16075,2212,131.1234356460287,51.146149364402355,22.19643405001281,7.672137935243898,8.033666535006654,3,3,B6,12786.53734110059,51.146149364402355,17.048716454800786,2.0,10.41763717473065,1,-966.3677082964214,1
train:52:191,train,52,B8,1,5.680243135741602,10.680243135741602,7871.5,7871.5,5.0,1.0,0,geant4_sci_bar_dominant_pdg_deuteron_vs_proton,proton,28560,2212,133.84049677757417,64.19793204307226,32.397847105766566,7.646526085528323,8.066908916720383,4,3,B6,16000.0,64.19793204307226,21.399310681024087,3.0,8.649919338022702,0,-31.852956751183704,1
train:52:192,train,52,B4,1,6.914241430595074,10.914241430595073,10510.5,5255.25,4.0,0.5,1,geant4_sci_bar_dominant_pdg_deuteron_vs_proton,deuteron,19084,2212,78.54073279403539,70.20771184140995,37.02090729851186,9.973018398416553,10.626531071033469,4,1,B2,16000.0,70.20771184140995,70.20771184140995,1.0,7.26742795548264,1,-29.444085020786986,1
train:52:193,train,52,B2,1,4.5701942200170524,10.570194220017052,5516.406149209941,5516.406149209941,6.0,1.0,1,geant4_sci_bar_dominant_pdg_deuteron_vs_proton,deuteron,13057,2212,85.31386292960755,44.13124919367953,44.13124919367953,11.630883917787374,11.630883917787374,1,1,B2,11032.812298419882,44.13124919367953,44.13124919367953,0.0,10.940564193832298,0,-3228.797681579805,1
train:52:194,train,52,B4,1,5.414607233039348,11.414607233039348,9142.857142857143,6857.142857142857,6.0,0.75,1,geant4_sci_bar_dominant_pdg_deuteron_vs_proton,deuteron,23091,2212,61.25387107131201,68.72235692242324,45.38512047934925,10.534093203459086,10.814216782324456,2,2,B4,16000.0,68.72235692242324,34.36117846121162,1.0,8.36523461150195,1,27.319800023685513,1
train:52:195,train,52,B2,1,6.657736399885856,8.657736399885856,2881.35,1440.675,2.0,0.5,1,geant4_sci_bar_dominant_pdg_deuteron_vs_proton,deuteron,28419,2212,51.348495171381245,3.424046834931638,3.424046834931638,10.27972676248069,10.27972676248069,1,1,B2,856.0117087329096,3.424046834931638,3.424046834931638,0.0,9.432902146093435,0,-1292.1860142402365,1
train:52:196,train,52,B6,1,6.233546738694823,9.233546738694823,6277.25,6277.25,3.0,1.0,0,geant4_sci_bar_dominant_pdg_deuteron_vs_proton,proton,27375,2212,82.88869430571334,99.34850397697241,40.79550535146605,9.598070736052602,10.742210711763828,6,1,B2,16000.0,99.34850397697241,99.34850397697241,2.0,9.751596893419565,0,-713.6953571416993,1
train:52:197,train,52,B4,1,4.04419671738694,10.04419671738694,8725.591014504142,6544.193260878106,6.0,0.75,1,geant4_sci_bar_dominant_pdg_deuteron_vs_proton,deuteron,13531,2212,123.38340188990774,61.07913710152899,61.07913710152899,15.010781448603579,15.010781448603579,1,1,B2,15269.784275382248,61.07913710152899,61.07913710152899,1.0,10.298755843364868,0,379.4497710332736,1
train:52:198,train,52,B6,1,6.926169062247437,8.926169062247437,9142.857142857143,6857.142857142857,2.0,0.75,0,geant4_sci_bar_dominant_pdg_deuteron_vs_proton,proton,6646,2212,148.20534971329883,87.943484336191,37.60347043910082,7.265410973867209,7.74812559875755,7,3,B6,16000.0,87.943484336191,29.314494778730335,2.0,7.919158360485199,1,-34.12689124582205,1
train:52:199,train,52,B4,1,8.10649420503572,9.10649420503572,10510.5,5255.25,1.0,0.5,0,geant4_sci_bar_dominant_pdg_deuteron_vs_proton,proton,20305,2212,145.50105615884172,71.67809575247949,24.602736968767278,7.2551147913157195,7.83321383160894,4,4,B8,16000.0,71.67809575247949,17.919523938119873,1.0,9.555146833149593,1,-1286.6842084473321,1
train:52:200,train,52,B4,1,5.413824067888294,6.913824067888294,6851.25,1712.8125,1.5,0.25,0,geant4_sci_bar_dominant_pdg_deuteron_vs_proton,proton,6966,2212,166.94057941056127,54.045795596347105,19.238937072066644,7.029115523964917,7.520793328743948,4,4,B8,13511.448899086776,54.045795596347105,13.511448899086776,1.0,9.811306229860573,0,-13.928602211319749,1
train:52:201,train,52,B6,1,5.0983062393895535,11.098306239389554,6643.0,4982.25,6.0,0.75,1,geant4_sci_bar_dominant_pdg_deuteron_vs_proton,deuteron,6534,2212,91.49267375611714,91.79984397303033,65.09429020802547,9.144365420324776,11.19122410351609,2,1,B2,16000.0,91.79984397303033,91.79984397303033,2.0,8.808236515600777,0,50.017741416519314,1
train:52:202,train,52,B6,1,5.828536475687529,6.328536475687529,7999.999999999999,7999.999999999999,0.5,1.0,1,geant4_sci_bar_dominant_pdg_deuteron_vs_proton,deuteron,24635,2212,99.36044935829129,106.87538463756883,55.41348299746555,8.66027554302439,10.787464505418003,3,2,B2,16000.0,106.87538463756883,53.437692318784414,2.0,8.910692129605097,1,-883.7761967917509,1
train:52:203,train,52,B8,1,4.985314772638082,5.735314772638082,7957.480290868527,5968.110218151395,0.75,0.75,0,geant4_sci_bar_dominant_pdg_deuteron_vs_proton,proton,2409,2212,167.3932236920561,55.70236203607969,18.2592827829501,6.997531874218228,7.465193658263479,4,4,B8,13925.590509019923,55.70236203607969,13.925590509019923,3.0,9.054480078013935,1,-439.89895798778133,1
train:52:204,train,52,B8,1,7.8939479790929825,9.393947979092982,7782.735356358584,5837.0515172689375,1.5,0.75,1,geant4_sci_bar_dominant_pdg_deuteron_vs_proton,deuteron,26789,2212,120.64423766061387,54.47914749451009,54.47914749451009,14.169771595955345,14.169771595955345,1,1,B2,13619.786873627521,54.47914749451009,54.47914749451009,3.0,7.289280601104081,0,40.7837082077438,1
train:52:205,train,52,B2,1,5.1688053525984605,5.9188053525984605,8025.529852646971,6019.147389485229,0.75,0.75,0,geant4_sci_bar_dominant_pdg_deuteron_vs_proton,proton,7325,2212,166.09796249539474,56.1787089685288,18.425636840890483,6.996606996410877,7.470170144314055,4,4,B8,14044.6772421322,56.1787089685288,14.0446772421322,0.0,9.069027052856033,1,-344.16444859448,1
train:52:206,train,52,B2,1,7.3065021729053905,8.30650217290539,9142.857142857143,6857.142857142857,1.0,0.75,1,geant4_sci_bar_dominant_pdg_deuteron_vs_proton,deuteron,26132,2212,113.00175916917607,72.32477051397458,54.21491676631953,13.601205168326977,13.62189830674028,2,1,B2,16000.0,72.32477051397458,72.32477051397458,0.0,8.588457824393771,1,-1188.6787359375585,1
train:52:207,train,52,B8,1,5.986618771973506,10.986618771973506,10666.666666666668,5333.333333333334,5.0,0.5,1,geant4_sci_bar_dominant_pdg_deuteron_vs_proton,deuteron,6231,2212,87.54760336252549,64.16951923626264,20.34689723308338,11.731333636646507,11.799086106750952,5,1,B2,16000.0,64.16951923626264,64.16951923626264,3.0,9.432604635764992,1,-599.6668115836027,1
train:52:208,train,52,B6,1,4.790665809296145,10.790665809296145,12800.0,3200.0,6.0,0.25,1,geant4_sci_bar_dominant_pdg_deuteron_vs_proton,deuteron,19314,2212,148.5321435159713,119.56593872109937,39.80345129236087,7.194304294270884,11.331104705672937,5,4,B2,16000.0,119.56593872109937,29.891484680274843,2.0,9.485665300272364,0,-19.68399852943624,1
train:52:209,train,52,B6,1,9.048895810300898,10.548895810300898,7524.488409098344,5643.366306823758,1.5,0.75,0,geant4_sci_bar_dominant_pdg_deuteron_vs_proton,proton,9801,2212,140.9959997415936,52.671418863688416,23.86790555866897,7.4049853250710855,7.775264295088451,3,3,B6,13167.854715922103,52.671418863688416,17.55713962122947,2.0,5.912580899189519,1,45.48921533949502,1
train:52:210,train,52,B8,1,8.389276207273141,9.389276207273141,10952.050969193371,2738.012742298343,1.0,0.25,0,geant4_sci_bar_dominant_pdg_deuteron_vs_proton,proton,29739,2212,141.8645348217296,54.760254845966855,25.32745394375653,7.427853841489357,7.801973039774475,3,3,B6,13690.063711491714,54.760254845966855,18.253418281988953,3.0,7.28010523909591,0,4.583442274148695,1
train:52:211,train,52,B4,1,4.191384470802115,4.941384470802115,8073.574979598728,6055.1812346990455,0.75,0.75,0,geant4_sci_bar_dominant_pdg_deuteron_vs_proton,proton,4994,2212,141.8562617516031,56.515024857191094,25.863170803662097,7.396613051185168,7.7698763590544955,4,3,B6,14128.756214297773,56.515024857191094,18.838341619063698,1.0,9.206288888752447,0,229.94628887680724,1
train:52:212,train,52,B6,1,6.462119961303511,11.462119961303511,6166.327415050864,6166.327415050864,5.0,1.0,1,geant4_sci_bar_dominant_pdg_deuteron_vs_proton,deuteron,26502,2212,116.62353125329682,49.33061932040691,49.33061932040691,13.823455332519808,13.823455332519808,1,1,B2,12332.654830101728,49.33061932040691,49.33061932040691,2.0,7.847027755680789,0,-9.931926926163133,1
train:52:213,train,52,B6,1,6.260382517866619,10.260382517866619,5907.8007737606285,5907.8007737606285,4.0,1.0,1,geant4_sci_bar_dominant_pdg_deuteron_vs_proton,deuteron,17940,2212,115.10696772548232,47.26240619008503,47.26240619008503,13.667204643371845,13.667204643371845,1,1,B2,11815.601547521257,47.26240619008503,47.26240619008503,2.0,8.445587337765973,0,-43.7215402245292,1
train:52:214,train,52,B6,1,5.9506577611240274,6.9506577611240274,5542.25,1385.5625,1.0,0.25,1,geant4_sci_bar_dominant_pdg_deuteron_vs_proton,deuteron,23135,2212,56.95722654478714,59.88946233894555,37.884273301426155,10.416303732461413,10.677235760809356,2,2,B4,14972.365584736388,59.88946233894555,29.944731169472774,2.0,6.554026815739808,0,-1.0451660004652794,1
train:52:215,train,52,B6,1,4.793403188328414,8.793403188328414,8608.25,4304.125,4.0,0.5,0,geant4_sci_bar_dominant_pdg_deuteron_vs_proton,proton,26804,2212,158.38686680847954,74.14370253613568,31.111586289389837,7.120818654095219,7.6932699970218605,4,4,B8,16000.0,74.14370253613568,18.53592563403392,2.0,8.762799828622649,0,11.137393444979061,1
train:52:216,train,52,B6,1,6.351657482220252,11.35165748222025,8668.97562120262,2167.243905300655,5.0,0.25,1,geant4_sci_bar_dominant_pdg_deuteron_vs_proton,deuteron,11450,2212,112.42137500077234,43.3448781060131,43.3448781060131,13.343667165639024,13.343667165639024,1,1,B2,10836.219526503275,43.3448781060131,43.3448781060131,2.0,8.904031801885223,0,53.95285774560091,1
train:52:217,train,52,B4,1,5.559184998112253,10.559184998112254,6812.75,3406.375,5.0,0.5,1,geant4_sci_bar_dominant_pdg_deuteron_vs_proton,deuteron,1997,2212,118.13186010686476,50.55286656925235,50.55286656925235,13.996342951035105,13.996342951035105,1,1,B2,12638.216642313088,50.55286656925235,50.55286656925235,1.0,6.6370262791377375,1,-338.83818769037777,1
train:52:218,train,52,B6,1,6.664760296450325,8.164760296450325,8000.0,8000.0,1.5,1.0,1,geant4_sci_bar_dominant_pdg_deuteron_vs_proton,deuteron,25902,2212,97.21177736163186,121.2972426670774,57.833345162506134,8.827449613706067,10.652248007816189,3,2,B2,16000.0,121.2972426670774,60.6486213335387,2.0,8.29659873893736,1,-20.44814130410053,1
train:52:219,train,52,B8,1,8.021007829349301,10.021007829349301,10666.666666666666,5333.333333333333,2.0,0.5,1,geant4_sci_bar_dominant_pdg_deuteron_vs_proton,deuteron,10033,2212,64.27489124642891,70.40435967603864,46.511484108567295,10.52201117306127,10.803254990592706,2,2,B4,16000.0,70.40435967603864,35.20217983801932,3.0,7.453503518944118,1,-48.87188931442684,1
train:52:220,train,52,B4,0,4.014633102882418,,8436.75,0.0,,0.0,1,geant4_sci_bar_dominant_pdg_deuteron_vs_proton,deuteron,14598,2212,96.7208697574544,124.1299467491636,59.74888242146105,8.727844396117971,10.58928603524314,3,2,B2,16000.0,124.1299467491636,62.0649733745818,1.0,7.3921160782397415,0,48.720056336618356,0
train:52:221,train,52,B2,0,10.695801950881375,,10719.708161789129,0.0,,0.0,1,geant4_sci_bar_dominant_pdg_deuteron_vs_proton,deuteron,8369,2212,83.91521593988094,42.878832647156514,42.878832647156514,11.52489268595042,11.52489268595042,1,1,B2,10719.708161789129,42.878832647156514,42.878832647156514,0.0,5.785626169567884,0,-83.51962827636342,0
train:52:222,train,52,B6,0,4.693699592522139,,12202.75,0.0,,0.0,1,geant4_sci_bar_dominant_pdg_deuteron_vs_proton,deuteron,16960,2212,59.96455695680359,65.24089660634614,41.57248952831817,10.483332666847277,10.751773506105694,2,2,B4,16000.0,65.24089660634614,32.62044830317307,2.0,9.277284302959337,1,-647.0202942048356,0
train:52:223,train,52,B4,0,6.4381608826732535,,8443.75,0.0,,0.0,0,geant4_sci_bar_dominant_pdg_deuteron_vs_proton,proton,27849,2212,105.27755221620708,100.17821068233349,43.93966933457703,8.718271728546396,10.452004845382692,3,2,B4,16000.0,100.17821068233349,50.08910534116674,1.0,6.708252170175062,0,0.011905681246267008,0
train:52:224,train,52,B2,0,7.674403642849985,,15177.575115847048,0.0,,0.0,0,geant4_sci_bar_dominant_pdg_deuteron_vs_proton,proton,25506,2212,58.89650496984246,60.710300463388194,29.442012261923193,10.40488617398397,10.515986400426614,6,2,B2,15177.575115847048,60.710300463388194,30.355150231694097,0.0,6.197715413530143,1,-810.4292981814433,0
train:52:225,train,52,B4,0,5.666508057202746,,7378.0,0.0,,0.0,1,geant4_sci_bar_dominant_pdg_deuteron_vs_proton,deuteron,21928,2212,53.21055269658878,54.96329525312883,34.151828466474484,10.30553139347757,10.55731746554221,2,2,B4,13740.823813282206,54.96329525312883,27.481647626564413,1.0,10.321738783647541,0,-860.7159049626255,0
train:52:226,train,52,B4,0,5.684550563748248,,13138.903944553267,0.0,,0.0,0,geant4_sci_bar_dominant_pdg_deuteron_vs_proton,proton,9428,2212,130.5405057476042,52.555615778213074,23.271715244411226,7.725585025357032,8.092944013478022,3,3,B6,13138.903944553269,52.555615778213074,17.51853859273769,1.0,10.68858728415792,1,-1448.4876523849398,0
train:52:227,train,52,B8,0,6.23130092845196,,8644.594179860034,0.0,,0.0,1,geant4_sci_bar_dominant_pdg_deuteron_vs_proton,deuteron,19392,2212,76.19919410341123,34.578376719440136,34.578376719440136,11.214562404411478,11.214562404411478,1,1,B2,8644.594179860034,34.578376719440136,34.578376719440136,3.0,7.534577905607709,0,-24.532816364821905,0
train:52:228,train,52,B6,0,4.845776541864782,,15212.75,0.0,,0.0,0,geant4_sci_bar_dominant_pdg_deuteron_vs_proton,proton,640,2212,144.40724277193084,65.34115425601166,20.847189589296587,7.300907059705935,7.833636596986447,4,4,B6,16000.0,65.34115425601166,16.335288564002916,2.0,8.272099341499427,1,-90.45766761933774,0
train:52:229,train,52,B8,0,5.674521179539678,,6179.25,0.0,,0.0,0,geant4_sci_bar_dominant_pdg_deuteron_vs_proton,proton,6110,2212,162.3681343645746,57.22853194845342,20.092623228342426,7.0505908625870015,7.542280010910614,4,4,B8,14307.132987113355,57.22853194845342,14.307132987113356,3.0,9.229613672521591,0,-524.8720250266679,0
train:52:230,train,52,B4,0,5.560568271703993,,12070.816715178596,0.0,,0.0,1,geant4_sci_bar_dominant_pdg_deuteron_vs_proton,deuteron,7960,2212,115.82255631720324,48.283266860714384,48.283266860714384,13.846325434464951,13.846325434464951,1,1,B2,12070.816715178596,48.283266860714384,48.283266860714384,1.0,3.9652583933644348,1,-655.3424691975313,0
train:52:231,train,52,B2,0,7.519950423282898,,2901.2934487803673,0.0,,0.0,0,geant4_sci_bar_dominant_pdg_deuteron_vs_proton,proton,17302,2212,163.270674590014,11.60517379512147,11.60517379512147,6.979006353097221,6.979006353097221,1,1,B2,2901.2934487803673,11.60517379512147,11.60517379512147,0.0,7.299188298064211,0,-1197.9329715006704,0
train:52:232,train,52,B6,0,7.727660432018951,,9278.5,0.0,,0.0,0,geant4_sci_bar_dominant_pdg_deuteron_vs_proton,proton,19079,2212,70.85865968622863,77.16313667736873,44.02275851269505,10.505834816367916,10.700827706207146,3,1,B2,16000.0,77.16313667736873,77.16313667736873,2.0,5.98687749469058,0,-27.577076833101433,0
train:52:233,train,52,B6,0,5.385648876973409,,9808.75,0.0,,0.0,1,geant4_sci_bar_dominant_pdg_deuteron_vs_proton,deuteron,18961,2212,66.01349270388437,98.75282115010276,47.77859698934945,10.599214719921786,10.867439590420313,3,2,B4,16000.0,98.75282115010276,49.37641057505138,2.0,7.9883128972122455,0,-93.12306805197323,0
train:52:234,train,52,B2,0,8.393389234923221,,15595.243128358235,0.0,,0.0,1,geant4_sci_bar_dominant_pdg_deuteron_vs_proton,deuteron,19406,2212,60.083103135052525,62.380972513432944,39.00025503240589,10.44705842761057,10.707902231725082,2,2,B4,15595.243128358235,62.380972513432944,31.190486256716472,0.0,10.534631956854714,1,-3484.917377075815,0
train:52:235,train,52,B2,0,9.130133125493067,,16000.0,0.0,,0.0,1,geant4_sci_bar_dominant_pdg_deuteron_vs_proton,deuteron,5398,2212,90.5952530772787,87.09964387354609,57.93557365096247,9.232548669386281,11.052763587721048,2,1,B2,16000.0,87.09964387354609,87.09964387354609,0.0,9.67034159443458,1,-2650.2561876949667,0
train:52:236,train,52,B8,0,10.558992377957997,,8417.5,0.0,,0.0,0,geant4_sci_bar_dominant_pdg_deuteron_vs_proton,proton,19375,2212,149.16992702665453,84.00805353638125,39.3688523825748,7.243467885158063,7.880525487202867,4,4,B8,16000.0,84.00805353638125,21.002013384095314,3.0,5.213182548333752,0,11.565647233905253,0
train:52:237,train,52,B2,0,9.226177305429768,,9426.461814042374,0.0,,0.0,1,geant4_sci_bar_dominant_pdg_deuteron_vs_proton,deuteron,4258,2212,105.9192075580946,37.70584725616949,37.70584725616949,12.809477657039462,12.809477657039462,1,1,B2,9426.461814042374,37.70584725616949,37.70584725616949,0.0,7.697857358545322,0,-761.2056333874027,0
train:52:238,train,52,B4,0,6.224631771658679,,16000.0,0.0,,0.0,1,geant4_sci_bar_dominant_pdg_deuteron_vs_proton,deuteron,14844,2212,76.54753854434537,68.03985352206224,37.200090484068944,10.503981385563705,10.90332615885752,3,1,B2,16000.0,68.03985352206224,68.03985352206224,1.0,10.108848762712098,1,-968.1603836216185,0
train:52:239,train,52,B4,0,9.278726782640653,,10307.5,0.0,,0.0,1,geant4_sci_bar_dominant_pdg_deuteron_vs_proton,deuteron,1902,2212,92.95773970281527,72.02300706162173,28.736119840696162,9.022083325235501,10.991863997576667,6,1,B2,16000.0,72.02300706162173,72.02300706162173,1.0,5.160335046852755,0,-25.950550356097583,0
train:52:240,train,52,B6,0,7.060676408080306,,12771.5,0.0,,0.0,0,geant4_sci_bar_dominant_pdg_deuteron_vs_proton,proton,26119,2212,55.67017595737518,59.64612775403702,20.11587112345169,10.374894848442251,10.455432180176288,14,2,B2,14911.531938509255,59.64612775403702,29.82306387701851,2.0,7.394874905438717,0,3.8616901501509737,0
train:52:241,train,52,B8,0,10.885175464364178,,11653.626516082688,0.0,,0.0,0,geant4_sci_bar_dominant_pdg_deuteron_vs_proton,proton,10468,2212,150.2212721963234,46.614506064330754,19.563896018496568,7.2508019706733435,7.610722763135492,5,4,B6,11653.626516082688,46.614506064330754,11.653626516082689,3.0,5.25558127412034,1,15.055915560661946,0
train:52:242,train,52,B8,0,7.94708908432786,,12645.5,0.0,,0.0,1,geant4_sci_bar_dominant_pdg_deuteron_vs_proton,deuteron,24164,2212,92.36886374775588,92.1013018775109,64.05616604645034,9.060109400320329,11.156703419241989,3,1,B2,16000.0,92.1013018775109,92.1013018775109,3.0,9.352194578933902,0,-675.5355683264077,0
train:52:243,train,52,B4,0,10.028592349013305,,8212.75,0.0,,0.0,0,geant4_sci_bar_dominant_pdg_deuteron_vs_proton,proton,18973,2212,145.86771273587289,60.29298167466239,25.109218430885875,7.260336131786044,8.655893626388565,5,3,B6,15073.245418665598,60.29298167466239,20.0976605582208,1.0,7.052946937930676,0,-265.56075427798044,0
train:52:244,train,52,B8,0,7.13291343187991,,9376.5,0.0,,0.0,1,geant4_sci_bar_dominant_pdg_deuteron_vs_proton,deuteron,15341,2212,90.1128994129509,55.148384924261656,40.15670425442236,12.01266473866398,12.080954213828965,5,1,B2,13787.096231065414,55.148384924261656,55.148384924261656,3.0,6.508825947163332,0,50.37442557466697,0
train:52:245,train,52,B4,0,4.21303831500079,,14915.25,0.0,,0.0,0,geant4_sci_bar_dominant_pdg_deuteron_vs_proton,proton,6810,2212,55.23355788663585,88.80265865783053,48.68857458682294,10.387427277092467,10.391737379979238,3,1,B2,16000.0,88.80265865783053,88.80265865783053,1.0,9.993478861247542,1,-507.1613050690189,0
train:52:246,train,52,B4,0,8.539496702055779,,13035.75,0.0,,0.0,0,geant4_sci_bar_dominant_pdg_deuteron_vs_proton,proton,20690,2212,166.26249149135586,56.23429256231019,19.24425425802973,7.004162131412312,7.495327006804445,6,4,B8,14058.573140577548,56.23429256231019,14.058573140577547,1.0,9.666399500591012,1,-1322.83552339219,0
train:52:247,train,52,B2,0,9.959318391001364,,13237.614619192782,0.0,,0.0,0,geant4_sci_bar_dominant_pdg_deuteron_vs_proton,proton,23184,2212,143.16624294627806,52.95045847677112,23.625182104248694,7.3729083719555035,7.736888588979069,3,3,B6,13237.61461919278,52.95045847677112,17.65015282559037,0.0,7.435174259176027,1,-1051.992609093924,0
train:52:248,train,52,B2,0,4.996017539664376,,15999.999999999998,0.0,,0.0,0,geant4_sci_bar_dominant_pdg_deuteron_vs_proton,proton,3984,2212,146.84933304678964,73.57914468591937,24.330751097788756,7.2673460751212104,7.83384637843349,4,4,B8,16000.0,73.57914468591937,18.394786171479844,0.0,8.463922399647581,1,-692.1539409605248,0
train:52:249,train,52,B4,0,4.124596077327877,,10139.5,0.0,,0.0,1,geant4_sci_bar_dominant_pdg_deuteron_vs_proton,deuteron,2595,2212,75.65307362354713,60.0668648548307,34.772621407197825,9.998892823986377,10.62243997583295,2,1,B2,15016.716213707674,60.0668648548307,60.0668648548307,1.0,8.151708670469132,0,293.18077852852605,0
train:52:250,train,52,B4,0,9.148981880866794,,12957.0,0.0,,0.0,0,geant4_sci_bar_dominant_pdg_deuteron_vs_proton,proton,9742,2212,143.37712434245458,52.14704172880663,23.737922099042468,7.3546224953541035,7.722794057846264,3,3,B6,13036.760432201656,52.14704172880663,17.38234724293554,1.0,6.381633820731857,1,-188.39531036148932,0
train:52:251,train,52,B8,0,11.201758331056201,,8417.5,0.0,,0.0,0,geant4_sci_bar_dominant_pdg_deuteron_vs_proton,proton,17975,2212,165.2815196583419,54.10090387075907,17.884817765351865,6.987690217577829,7.470530845212268,4,4,B8,13525.225967689767,54.10090387075907,13.525225967689767,3.0,5.301425108403087,0,-159.7410952707954,0
train:52:252,train,52,B2,0,7.627971370678845,,10505.187761621744,0.0,,0.0,1,geant4_sci_bar_dominant_pdg_deuteron_vs_proton,deuteron,19584,2212,110.18713320792591,42.02075104648698,42.02075104648698,13.237891539277063,13.237891539277065,1,1,B2,10505.187761621744,42.02075104648698,42.02075104648698,0.0,10.315873014599315,1,-3327.5180986203122,0
train:52:253,train,52,B4,0,4.612588244198424,,6473.783483491695,0.0,,0.0,1,geant4_sci_bar_dominant_pdg_deuteron_vs_proton,deuteron,26668,2212,52.07621878616078,25.89513393396678,22.266345827844958,10.258950146788317,10.315814416151833,2,2,B2,6473.783483491695,25.89513393396678,12.94756696698339,1.0,10.749534384418284,0,-1324.0612485625225,0
train:52:254,train,52,B2,0,9.908828664008523,,8182.5641669902525,0.0,,0.0,1,geant4_sci_bar_dominant_pdg_deuteron_vs_proton,deuteron,3234,2212,71.91670482490179,32.73025666796101,32.73025666796101,10.969166265653874,10.969166265653874,1,1,B2,8182.564166990252,32.73025666796101,32.73025666796101,0.0,7.414919844534308,0,-1145.1818078868803,0
train:52:255,train,52,B6,0,4.0343577338957815,,8608.25,0.0,,0.0,1,geant4_sci_bar_dominant_pdg_deuteron_vs_proton,deuteron,15986,2212,113.79677633583255,44.72843489397168,44.72843489397168,13.429889796240186,13.429889796240188,1,1,B2,11182.10872349292,44.72843489397168,44.72843489397168,2.0,9.597011333618376,0,-616.1842386947159,0
train:52:256,train,52,B4,0,5.508267639393758,,14574.0,0.0,,0.0,0,geant4_sci_bar_dominant_pdg_deuteron_vs_proton,proton,21974,2212,105.38512663243094,101.1799524395145,43.65732363329697,8.682149489755538,10.478754669457574,3,2,B4,16000.0,101.1799524395145,50.58997621975725,1.0,9.210829542403225,1,-1686.6040033784518,0
train:52:257,train,52,B6,0,6.4578434127661435,,9262.75,0.0,,0.0,1,geant4_sci_bar_dominant_pdg_deuteron_vs_proton,deuteron,28840,2212,119.06459137524278,66.0656077476969,66.0656077476969,14.268562191535326,14.268562191535326,1,1,B2,16000.0,66.0656077476969,66.0656077476969,2.0,8.073276491324034,0,52.66019017159101,0
train:52:258,train,52,B2,0,7.532085977466499,,10890.25,0.0,,0.0,0,geant4_sci_bar_dominant_pdg_deuteron_vs_proton,proton,2990,2212,154.57794652580822,90.97220809328797,45.6118069813211,7.107321682734202,7.749605149167423,4,4,B8,16000.0,90.97220809328797,22.743052023321994,0.0,8.39961593538051,1,-4705.332128281109,0
train:52:259,train,52,B8,0,7.491605602686831,,14991.880629919173,0.0,,0.0,1,geant4_sci_bar_dominant_pdg_deuteron_vs_proton,deuteron,22767,2212,58.65537987210052,59.9675225196767,37.2098261610219,10.383794722794633,10.640820579175413,2,2,B4,14991.880629919175,59.9675225196767,29.98376125983835,3.0,8.022528305984718,1,-197.64337027613558,0
train:52:260,train,52,B2,0,11.162382339072545,,16000.0,0.0,,0.0,1,geant4_sci_bar_dominant_pdg_deuteron_vs_proton,deuteron,16784,2212,68.09557478693246,126.0175900428897,61.861496435421586,10.435927083730677,10.83047404417092,8,2,B4,16000.0,126.0175900428897,63.00879502144485,0.0,8.004393223084762,1,-2390.7393931942183,0
train:52:261,train,52,B6,0,5.798604973491537,,9591.75,0.0,,0.0,0,geant4_sci_bar_dominant_pdg_deuteron_vs_proton,proton,24154,2212,84.61384373081012,89.09049254931219,46.6654335817684,9.683210400639862,10.568754774555469,2,1,B2,16000.0,89.09049254931219,89.09049254931219,2.0,7.469396112993066,0,4.037074419416069,0
train:52:262,train,52,B8,0,4.038852394676158,,11488.75,0.0,,0.0,0,geant4_sci_bar_dominant_pdg_deuteron_vs_proton,proton,16158,2212,133.66793144077542,65.98295753619604,21.751465145292336,7.657429848894102,8.197993357298312,4,4,B6,16000.0,65.98295753619604,16.49573938404901,3.0,8.698352006746713,0,-26.77893430825529,0
train:52:263,train,52,B4,0,6.586762960287071,,7498.75,0.0,,0.0,1,geant4_sci_bar_dominant_pdg_deuteron_vs_proton,deuteron,9251,2212,60.455900016591784,71.18296290320067,47.1352709282221,10.49364926008496,10.780748531837359,3,2,B4,16000.0,71.18296290320067,35.59148145160034,1.0,6.640421312458024,0,-244.10149616586625,0
train:53:264,train,53,B6,1,9.978716031887169,10.478716031887169,5979.75,2989.875,0.5,0.5,1,geant4_sci_bar_dominant_pdg_deuteron_vs_proton,deuteron,24853,2212,95.54199027629818,60.61855888677162,60.61855888677162,12.26707478430588,12.267074784305882,1,1,B2,15154.639721692905,60.61855888677162,60.61855888677162,2.0,5.239410733222583,0,-3.7894128999890615,1
train:53:265,train,53,B6,1,5.183378473351257,5.933378473351257,7999.999999999999,7999.999999999999,0.75,1.0,1,geant4_sci_bar_dominant_pdg_deuteron_vs_proton,deuteron,12425,2212,89.16710226589635,80.05416300102601,51.24112414061692,9.260652424014745,10.90055594613804,2,1,B2,16000.0,80.05416300102601,80.05416300102601,2.0,8.976576953394085,1,53.93668304257205,1
train:53:266,train,53,B4,1,6.580296436480909,7.330296436480909,1964.8605973195906,1964.8605973195906,0.75,1.0,0,geant4_sci_bar_dominant_pdg_deuteron_vs_proton,proton,22870,2212,169.382235163132,15.718884778556726,10.768600707747913,7.009028483220688,7.0911739240953375,2,2,B2,3929.7211946391812,15.718884778556726,7.859442389278363,1.0,8.542143198656538,0,-16.21938056543556,1
train:53:267,train,53,B4,1,5.475605573099093,11.475605573099093,8135.75,4067.875,6.0,0.5,0,geant4_sci_bar_dominant_pdg_deuteron_vs_proton,proton,4565,2212,156.8458316572145,71.30870367823509,29.57976709399487,7.065391794642446,7.633979859210718,4,4,B8,16000.0,71.30870367823509,17.827175919558773,1.0,8.926271024265363,0,-132.1796356308146,1
train:53:268,train,53,B4,1,5.805890312443793,7.305890312443793,11396.0,2849.0,1.5,0.25,1,geant4_sci_bar_dominant_pdg_deuteron_vs_proton,deuteron,10767,2212,76.42739640786337,83.11603179907132,34.896241235330436,9.983744686526592,10.514810669867463,10,1,B2,16000.0,83.11603179907132,83.11603179907132,1.0,8.233317226357148,1,-264.5480295584224,1
train:53:269,train,53,B8,1,8.524056380605488,9.024056380605488,6363.0,4772.25,0.5,0.75,0,geant4_sci_bar_dominant_pdg_deuteron_vs_proton,proton,12745,2212,168.57952381750403,53.07193455931865,17.316810639918547,6.978629662477041,7.45120384748546,4,4,B8,13267.983639829663,53.07193455931865,13.267983639829662,3.0,7.238416314382002,0,41.6250418083289,1
train:53:270,train,53,B8,1,4.869923363325421,8.869923363325421,6005.251368707967,4503.938526530976,4.0,0.75,1,geant4_sci_bar_dominant_pdg_deuteron_vs_proton,deuteron,12921,2212,108.338906688279,42.03675958095577,42.03675958095577,13.143262779749866,13.143262779749866,1,1,B2,10509.189895238942,42.03675958095577,42.03675958095577,3.0,9.690464539749224,0,7.651005503345104,1
train:53:271,train,53,B6,1,5.771900908827542,7.271900908827542,10064.25,2516.0625,1.5,0.25,1,geant4_sci_bar_dominant_pdg_deuteron_vs_proton,deuteron,11873,2212,88.96551078014124,101.56291814802256,55.66495742524931,9.459230949102144,10.840045677943777,7,1,B2,16000.0,101.56291814802256,101.56291814802256,2.0,9.084173060661646,0,43.65080934653106,1
train:53:272,train,53,B8,1,6.950553247943708,7.950553247943708,10221.444963543972,5110.722481771986,1.0,0.5,1,geant4_sci_bar_dominant_pdg_deuteron_vs_proton,deuteron,13498,2212,57.823856600374484,61.32866978126384,38.47623591440272,10.42522246224335,10.685293191043149,2,2,B4,15332.16744531596,61.32866978126384,30.66433489063192,3.0,8.186856548700257,1,-27.276703434356996,1
train:53:273,train,53,B4,1,5.125719127345375,6.125719127345375,6429.5,6429.5,1.0,1.0,1,geant4_sci_bar_dominant_pdg_deuteron_vs_proton,deuteron,15112,2212,116.19172779239301,52.27576058052545,52.27576058052545,13.935732931833257,13.935732931833257,1,1,B2,13068.940145131362,52.27576058052545,52.27576058052545,1.0,10.096842939495113,0,46.38182000646128,1
train:53:274,train,53,B2,1,5.393365535866197,10.393365535866197,8000.0,8000.0,5.0,1.0,0,geant4_sci_bar_dominant_pdg_deuteron_vs_proton,proton,18305,2212,78.3320633988276,72.68512296792284,36.3890657527799,10.267283028998314,10.73570065225075,2,1,B2,16000.0,72.68512296792284,72.68512296792284,0.0,9.451231202466914,1,-812.5508054593597,1
train:53:275,train,53,B2,1,7.712564806731708,9.212564806731708,9551.274815636836,4775.637407818418,1.5,0.5,1,geant4_sci_bar_dominant_pdg_deuteron_vs_proton,deuteron,21159,2212,118.3062996917554,57.30764889382101,57.30764889382101,14.063445288459675,14.063445288459675,1,1,B2,14326.912223455252,57.30764889382101,57.30764889382101,0.0,7.607500241986412,1,-162.8255247400108,1
train:53:276,train,53,B6,1,5.406588658522346,9.406588658522345,10666.666666666666,5333.333333333333,4.0,0.5,0,geant4_sci_bar_dominant_pdg_deuteron_vs_proton,proton,21063,2212,82.33798865373699,119.56978054063384,47.82097019010898,9.700655961103518,10.743671509029946,6,1,B2,16000.0,119.56978054063384,119.56978054063384,2.0,9.103240838909004,1,-60.98171870682205,1
train:53:277,train,53,B2,1,9.454283447786157,10.954283447786157,12800.0,3200.0,1.5,0.25,1,geant4_sci_bar_dominant_pdg_deuteron_vs_proton,deuteron,7873,2212,90.70267427828243,89.21413921024649,60.45725001027804,9.294734013235608,11.10049582432549,2,1,B2,16000.0,89.21413921024649,89.21413921024649,0.0,7.117321714349587,1,-1110.7049168845676,1
train:53:278,train,53,B8,1,4.386695764920949,10.38669576492095,8000.0,8000.0,6.0,1.0,1,geant4_sci_bar_dominant_pdg_deuteron_vs_proton,deuteron,27481,2212,86.22851440355308,79.36073651760182,44.59062179825371,9.485882705519037,10.733372227137776,2,1,B2,16000.0,79.36073651760182,79.36073651760182,3.0,9.000368726417319,0,-21.11952201359504,1
train:53:279,train,53,B8,1,4.942775189354382,9.942775189354382,10379.425732995758,2594.8564332489395,5.0,0.25,0,geant4_sci_bar_dominant_pdg_deuteron_vs_proton,proton,12303,2212,132.91229583109387,51.897128664978794,23.219568265296914,7.661316005195762,8.026531084521444,3,3,B6,12974.282166244699,51.897128664978794,17.299042888326266,3.0,9.424000521899437,0,8.237170369004115,1
train:53:280,train,53,B4,1,4.26891134149456,4.76891134149456,4829.760181450457,4829.760181450457,0.5,1.0,1,geant4_sci_bar_dominant_pdg_deuteron_vs_proton,deuteron,17667,2212,82.2434149775749,38.638081451603654,38.638081451603654,11.403079859852138,11.403079859852138,1,1,B2,9659.520362900914,38.638081451603654,38.638081451603654,1.0,9.37401474527521,0,110.68486048281719,1
train:53:281,train,53,B8,1,9.301788416826378,10.301788416826378,10330.450857599906,5165.225428799953,1.0,0.5,1,geant4_sci_bar_dominant_pdg_deuteron_vs_proton,deuteron,17079,2212,122.96416225847113,61.98270514559944,25.719134739752917,14.902484634403702,14.994591854232052,3,1,B2,15495.67628639986,61.98270514559944,61.98270514559944,3.0,6.7318952574373885,1,-55.10009920735499,1
train:53:282,train,53,B8,1,5.068531912759272,8.068531912759273,9760.567629345667,4880.283814672834,3.0,0.5,1,geant4_sci_bar_dominant_pdg_deuteron_vs_proton,deuteron,7565,2212,52.930161496705175,58.563405776074006,36.08264006472101,10.341663714648142,10.59421649622087,2,2,B4,14640.8514440185,58.563405776074006,29.281702888037003,3.0,8.88425147250288,0,38.27626434053583,1
train:53:283,train,53,B4,1,6.923417405175963,10.923417405175963,4388.47118403768,4388.47118403768,4.0,1.0,1,geant4_sci_bar_dominant_pdg_deuteron_vs_proton,deuteron,22573,2212,103.36699162276278,35.10776947230144,35.10776947230144,12.500915837774851,12.500915837774851,1,1,B2,8776.94236807536,35.10776947230144,35.10776947230144,1.0,7.046397386528999,0,-47.32633017478184,1
train:53:284,train,53,B4,1,4.528140948843829,7.528140948843829,9142.857142857143,6857.142857142857,3.0,0.75,1,geant4_sci_bar_dominant_pdg_deuteron_vs_proton,deuteron,19341,2212,59.283112666059786,71.98637639724079,22.380899470082333,10.473575692579583,10.787698623576384,8,2,B2,16000.0,71.98637639724079,35.993188198620395,1.0,9.973945515524857,1,-724.7190117876787,1
train:53:285,train,53,B4,1,4.855793646222835,10.855793646222835,7457.337323422516,5593.002992566887,6.0,0.75,0,geant4_sci_bar_dominant_pdg_deuteron_vs_proton,proton,25681,2212,142.06955796212821,52.20136126395761,23.616062115509905,7.368288332513072,7.733079289261752,3,3,B6,13050.340315989402,52.20136126395761,17.400453754652535,1.0,11.167194398290347,0,-1109.050846287388,1
train:53:286,train,53,B6,1,8.516681178878489,9.516681178878489,9142.857142857141,6857.142857142857,1.0,0.75,1,geant4_sci_bar_dominant_pdg_deuteron_vs_proton,deuteron,12147,2212,108.90712791270919,68.5163764906738,42.38565114995639,8.472956629796474,11.502542604343464,5,2,B2,16000.0,68.5163764906738,34.2581882453369,2.0,7.536119446171217,1,-16.17453027671757,1
train:53:287,train,53,B8,1,9.667990376745202,10.417990376745202,6296.5,1574.125,0.75,0.25,1,geant4_sci_bar_dominant_pdg_deuteron_vs_proton,deuteron,7848,2212,117.6461657053365,53.87155303328097,53.87155303328097,14.174324937885903,14.174324937885903,1,1,B2,13467.888258320241,53.87155303328097,53.87155303328097,3.0,6.922871572107536,0,-292.5149781835008,1
train:53:288,train,53,B8,1,10.588099566542333,11.338099566542333,8700.860554214494,4350.430277107247,0.75,0.5,0,geant4_sci_bar_dominant_pdg_deuteron_vs_proton,proton,23103,2212,130.8590522810011,52.20516332528696,23.471643939033058,7.715324036767034,8.083791346585462,3,3,B6,13051.29083132174,52.20516332528696,17.401721108428987,3.0,5.850682037296291,0,5.329791914633581,1
train:53:289,train,53,B4,1,5.45150146431488,10.45150146431488,8114.75,6086.0625,5.0,0.75,0,geant4_sci_bar_dominant_pdg_deuteron_vs_proton,proton,5343,2212,148.44529154776865,79.69889419767352,32.09562660957742,7.209379975979407,7.820537403755135,5,4,B8,16000.0,79.69889419767352,19.92472354941838,1.0,8.706178572926712,0,-49.36214015628988,1
train:53:290,train,53,B2,1,5.30216762454693,7.30216762454693,12800.0,3200.0,2.0,0.25,1,geant4_sci_bar_dominant_pdg_deuteron_vs_proton,deuteron,4212,2212,102.80350677612964,109.67296246709896,48.23398103909673,8.670434230651864,10.70791076017464,3,2,B2,16000.0,109.67296246709896,54.83648123354948,0.0,8.50826599161545,1,-922.070330717645,1
train:53:291,train,53,B4,1,4.172377840244891,7.172377840244891,10239.25,2559.8125,3.0,0.25,0,geant4_sci_bar_dominant_pdg_deuteron_vs_proton,proton,6700,2212,106.30935925260646,91.83962378711573,37.19260730237707,8.55085573750485,10.389628521330593,4,2,B4,16000.0,91.83962378711573,45.91981189355786,1.0,11.121452502840445,1,-2093.8471456254765,1
train:53:292,train,53,B2,1,10.881659708706202,11.381659708706202,8780.919858359446,4390.459929179723,0.5,0.5,1,geant4_sci_bar_dominant_pdg_deuteron_vs_proton,deuteron,2534,2212,116.5086604055973,52.68551915015668,52.68551915015668,14.025141589108802,14.0251415891088,1,1,B2,13171.37978753917,52.68551915015668,52.68551915015668,0.0,6.4919535374712245,1,-923.3120838062758,1
train:53:293,train,53,B2,1,4.8766054228678595,5.3766054228678595,11123.301233280576,2780.825308320144,0.5,0.25,0,geant4_sci_bar_dominant_pdg_deuteron_vs_proton,proton,9626,2212,140.55683291060944,55.61650616640288,25.37683096174287,7.437171241138783,7.808740725181468,3,3,B6,13904.126541600719,55.61650616640288,18.53883538880096,0.0,9.28599586807156,1,-1844.676237415757,1
train:53:294,train,53,B4,1,5.4009222294692005,7.4009222294692005,8000.0,8000.0,2.0,1.0,1,geant4_sci_bar_dominant_pdg_deuteron_vs_proton,deuteron,21100,2212,65.34246141635468,71.113081581943,47.54450417686461,10.603841167581812,10.890391754991052,2,2,B4,16000.0,71.113081581943,35.5565407909715,1.0,10.297118808992126,1,-1435.1197938956666,1
train:53:295,train,53,B4,1,4.327210327787453,5.077210327787453,9142.857142857143,6857.142857142857,0.75,0.75,0,geant4_sci_bar_dominant_pdg_deuteron_vs_proton,proton,7970,2212,151.07818138114783,83.14016010282737,38.059534538910114,7.1989715083179515,7.829634690946927,4,4,B8,16000.0,83.14016010282737,20.78504002570684,1.0,9.537747025676351,1,78.93676265892665,1
train:53:296,train,53,B4,1,8.428587433790028,11.428587433790028,11676.834335497097,2919.208583874274,3.0,0.25,1,geant4_sci_bar_dominant_pdg_deuteron_vs_proton,deuteron,9744,2212,76.14667716687651,58.38417167748548,33.88995516299118,9.778776817187016,10.540082193809054,2,1,B2,14596.042919371372,58.38417167748548,58.38417167748548,1.0,7.680799008320518,1,-189.35740418917226,1
train:53:297,train,53,B6,1,4.976235670942577,10.976235670942577,6772.5,1693.125,6.0,0.25,1,geant4_sci_bar_dominant_pdg_deuteron_vs_proton,deuteron,21148,2212,104.82326585330115,36.22550981311908,36.22550981311908,12.846522861721951,12.846522861721951,1,1,B2,9056.37745327977,36.22550981311908,36.22550981311908,2.0,7.3678882513306245,0,9.738740111431424,1
train:53:298,train,53,B6,1,5.788220584138687,10.788220584138687,8330.0,6247.5,5.0,0.75,0,geant4_sci_bar_dominant_pdg_deuteron_vs_proton,proton,4455,2212,159.59619607317734,75.50936725504607,46.125553131103516,7.094132240914213,4985.37973838952,11,4,B6,16000.0,75.50936725504607,18.877341813761518,2.0,9.359908690041403,0,-398.20182682075364,1
train:53:299,train,53,B2,1,4.5089715982086584,9.508971598208658,8504.62146521945,4252.310732609725,5.0,0.5,0,geant4_sci_bar_dominant_pdg_deuteron_vs_proton,proton,24144,2212,167.77962845138234,51.027728791316704,18.04477707912621,6.969293287081476,7.219141730649538,7,2,B4,12756.932197829175,51.027728791316704,25.513864395658352,0.0,8.81725260102243,0,439.589009205688,1
train:53:300,train,53,B4,1,7.76733055515348,9.26733055515348,8135.75,4067.875,1.5,0.5,0,geant4_sci_bar_dominant_pdg_deuteron_vs_proton,proton,19060,2212,153.4647919851967,90.87654510246634,46.65402439520025,7.173361044224426,7.820670296886307,4,4,B8,16000.0,90.87654510246634,22.719136275616584,1.0,7.038309360574357,0,-215.18585020057753,1
train:53:301,train,53,B4,1,7.900151087704431,8.650151087704431,4609.438897962227,3457.0791734716704,0.75,0.75,0,geant4_sci_bar_dominant_pdg_deuteron_vs_proton,proton,18873,2212,168.83392431767155,32.26607228573559,12.3182289697043,7.003857319029715,7.249210851567632,3,3,B4,8066.518071433898,32.26607228573559,10.75535742857853,1.0,8.136605260502954,0,-57.43351203829008,1
train:53:302,train,53,B2,1,6.714353015344201,9.714353015344201,1731.75,1731.75,3.0,1.0,0,geant4_sci_bar_dominant_pdg_deuteron_vs_proton,proton,25388,2212,170.8600887417038,1.811681105794196,1.811681105794196,7.010158434370655,7.010158434370655,1,1,B2,600.0,1.811681105794196,1.811681105794196,0.0,9.602307365773534,0,-1318.8346949429374,1
train:53:303,train,53,B4,1,4.31725287574859,6.31725287574859,11715.892987407582,2928.9732468518955,2.0,0.25,0,geant4_sci_bar_dominant_pdg_deuteron_vs_proton,proton,9975,2212,162.74021536662246,58.57946493703791,20.160886919219262,6.987117276116292,7.479220462038263,4,4,B8,14644.866234259478,58.57946493703791,14.644866234259478,1.0,10.377073423930664,1,-501.52450104780155,1
train:53:304,train,53,B2,1,4.660171409191623,8.660171409191623,9142.857142857143,6857.142857142857,4.0,0.75,0,geant4_sci_bar_dominant_pdg_deuteron_vs_proton,proton,27006,2212,147.57430995193965,71.51363441643481,21.625642222389125,7.298339448603864,7.854358366669759,4,4,B6,16000.0,71.51363441643481,17.878408604108703,0.0,9.964781795328351,0,-375.7327270621692,1
train:53:305,train,53,B4,1,5.175841223711101,7.175841223711101,8199.34713107831,6149.510348308731,2.0,0.75,1,geant4_sci_bar_dominant_pdg_deuteron_vs_proton,deuteron,9442,2212,118.62306477465076,57.395429917548164,56.92524928640588,14.019651132104853,14.021439724991978,2,1,B2,14348.857479387041,57.395429917548164,57.395429917548164,1.0,10.279803701321907,1,-1134.0765768336341,1
train:53:306,train,53,B6,1,5.16214016629513,6.66214016629513,7211.75,7211.75,1.5,1.0,0,geant4_sci_bar_dominant_pdg_deuteron_vs_proton,proton,10849,2212,151.8741030213859,85.87670676269849,40.270344823897574,7.153961608436374,7.785764800617194,4,4,B8,16000.0,85.87670676269849,21.469176690674622,2.0,8.48936743186458,1,-45.320530582122075,1
train:53:307,train,53,B2,1,4.168115268994706,8.168115268994706,10666.666666666668,5333.333333333334,4.0,0.5,0,geant4_sci_bar_dominant_pdg_deuteron_vs_proton,proton,7663,2212,157.10182213384337,74.57731527777754,31.90455576036317,7.0918077811862785,7.6725024622732585,4,4,B8,16000.0,74.57731527777754,18.644328819444386,0.0,10.98315352128491,1,-830.436425019405,1
train:53:308,train,53,B4,0,8.06803848769069,,6604.5,0.0,,0.0,1,geant4_sci_bar_dominant_pdg_deuteron_vs_proton,deuteron,26979,2212,73.24721699352746,60.889903079009756,33.65250770380118,10.080498275685766,10.569888018047811,2,1,B2,15222.475769752438,60.889903079009756,60.889903079009756,1.0,6.600250745087002,1,-2606.2964780357715,0
train:53:309,train,53,B4,0,6.146336038685154,,9850.75,0.0,,0.0,1,geant4_sci_bar_dominant_pdg_deuteron_vs_proton,deuteron,2388,2212,57.00193770808904,61.174205665353355,38.212239592982925,10.375464099363374,10.634390992740318,2,2,B4,15293.55141633834,61.174205665353355,30.587102832676678,1.0,7.331337490314918,0,-291.379700171377,0
train:53:310,train,53,B4,0,5.154066442651409,,8802.5,0.0,,0.0,1,geant4_sci_bar_dominant_pdg_deuteron_vs_proton,deuteron,23621,2212,126.83913459159393,52.671790900960396,18.529611635880514,7.890370873635944,8.168290971092578,5,2,B4,13167.9477252401,52.671790900960396,26.335895450480198,1.0,8.574119955523464,0,35.193024347943094,0
train:53:311,train,53,B4,0,4.592534269380424,,10762.5,0.0,,0.0,1,geant4_sci_bar_dominant_pdg_deuteron_vs_proton,deuteron,16366,2212,87.56199408594327,75.87698154211952,45.92069336197186,9.304425412699677,10.778042423626108,2,1,B2,16000.0,75.87698154211952,75.87698154211952,1.0,8.737816574709933,0,174.54921131901574,0
train:53:312,train,53,B4,0,9.661083298241614,,8323.0,0.0,,0.0,1,geant4_sci_bar_dominant_pdg_deuteron_vs_proton,deuteron,10744,2212,145.28409963432844,87.27474459071598,41.85254384332585,7.319155321961625,12.558549178463798,9,4,B2,16000.0,87.27474459071598,21.818686147678996,1.0,9.88076530085836,1,-1503.2419386130082,0
train:53:313,train,53,B2,0,8.463446846817899,,14096.756986764412,0.0,,0.0,1,geant4_sci_bar_dominant_pdg_deuteron_vs_proton,deuteron,12699,2212,53.72845676185527,56.387027947057646,34.56332546273493,10.346726823075494,10.596683684405017,2,2,B4,14096.756986764412,56.387027947057646,28.193513973528823,0.0,8.366651797939793,1,-879.1401621144637,0
train:53:314,train,53,B2,0,9.133084022432055,,16000.0,0.0,,0.0,0,geant4_sci_bar_dominant_pdg_deuteron_vs_proton,proton,5384,2212,156.68479552652653,95.07689102409867,49.99565229989659,7.107796245229812,7.7733124725182146,5,4,B8,16000.0,95.07689102409867,23.769222756024668,0.0,7.673441553600638,1,-1455.1791926957712,0
train:53:315,train,53,B2,0,6.432590351849273,,7348.25,0.0,,0.0,1,geant4_sci_bar_dominant_pdg_deuteron_vs_proton,deuteron,20747,2212,62.209020278586614,70.73976395308806,47.140180312027034,10.5744461522519,10.859587270557432,3,2,B4,16000.0,70.73976395308806,35.36988197654403,0.0,1.6506862875265889,1,-1175.000254437736,0
train:53:316,train,53,B2,0,10.898857243713097,,14870.941707085489,0.0,,0.0,1,geant4_sci_bar_dominant_pdg_deuteron_vs_proton,deuteron,2189,2212,56.80623700887433,59.48376682834195,37.220865978427305,10.413416581133198,10.672099668699754,2,2,B4,14870.941707085487,59.48376682834195,29.741883414170974,0.0,7.483541505170616,1,-1258.8615441750196,0
train:53:317,train,53,B8,0,8.836290758692982,,6107.5,0.0,,0.0,1,geant4_sci_bar_dominant_pdg_deuteron_vs_proton,deuteron,6376,2212,81.47712735288502,38.88468895922607,38.88468895922607,11.428910552364638,11.428910552364638,1,1,B2,9721.172239806518,38.88468895922607,38.88468895922607,3.0,5.012956460256704,0,-24.908665202232605,0
train:53:318,train,53,B8,0,11.206180553884842,,10081.75,0.0,,0.0,1,geant4_sci_bar_dominant_pdg_deuteron_vs_proton,deuteron,11528,2212,52.197669001914896,48.06999446730704,27.35619805734191,10.293917337621595,10.525349398560136,2,2,B4,12017.49861682676,48.06999446730704,24.03499723365352,3.0,4.5988564336050874,0,34.83287420884605,0
train:53:319,train,53,B8,0,10.489860937681396,,9682.212915399032,0.0,,0.0,1,geant4_sci_bar_dominant_pdg_deuteron_vs_proton,deuteron,29230,2212,80.18913549368233,38.728851661596124,38.728851661596124,11.37216071979052,11.37216071979052,1,1,B2,9682.212915399032,38.728851661596124,38.728851661596124,3.0,3.32518151720404,1,-96.67008790259818,0
train:53:320,train,53,B2,0,6.514731154856685,,10667.864436917587,0.0,,0.0,1,geant4_sci_bar_dominant_pdg_deuteron_vs_proton,deuteron,8470,2212,112.79443683586548,42.67145774767035,42.67145774767035,13.402495663856387,13.402495663856385,1,1,B2,10667.864436917587,42.67145774767035,42.67145774767035,0.0,9.004008379667694,1,-1197.6004110051606,0
train:53:321,train,53,B8,0,10.964937372262462,,10699.5,0.0,,0.0,0,geant4_sci_bar_dominant_pdg_deuteron_vs_proton,proton,7851,2212,68.57383988039878,56.259184790850014,32.1512243112633,10.688234273348007,11.4951284231863,2,1,B2,14064.796197712503,56.259184790850014,56.259184790850014,3.0,5.066298235378214,0,-33.790349891935975,0
train:53:322,train,53,B8,0,7.6123561649744484,,11301.5,0.0,,0.0,0,geant4_sci_bar_dominant_pdg_deuteron_vs_proton,proton,23718,2212,164.48220340487688,69.5889119185451,23.505926324976784,7.044353174438133,7.582603083687246,5,4,B8,16000.0,69.5889119185451,17.397227979636273,3.0,6.473621883772947,0,11.972054903849092,0
train:53:323,train,53,B6,0,8.345268608493182,,13108.070951948854,0.0,,0.0,0,geant4_sci_bar_dominant_pdg_deuteron_vs_proton,proton,17086,2212,100.48483007733839,52.432283807795415,34.6445581041417,8.614449336153157,8.852502698814606,2,2,B4,13108.070951948854,52.432283807795415,26.216141903897707,2.0,7.289563340673914,0,-42.69928950170928,0
train:53:324,train,53,B8,0,7.868456132771714,,13534.5,0.0,,0.0,0,geant4_sci_bar_dominant_pdg_deuteron_vs_proton,proton,17831,2212,105.63877512868814,102.44970360515723,45.2283607714052,8.67737660654758,10.420895084456767,3,2,B4,16000.0,102.44970360515723,51.22485180257861,3.0,8.096837058405264,1,-326.56731116004397,0
train:53:325,train,53,B2,0,4.843895680600232,,2358.75,0.0,,0.0,1,geant4_sci_bar_dominant_pdg_deuteron_vs_proton,deuteron,17994,2212,50.61734989893576,0.08338102849454647,0.08338102849454647,10.23455099061254,10.23455099061254,1,1,B2,600.0,0.08338102849454647,0.08338102849454647,0.0,8.620408635835455,0,-436.3434426789692,0
train:53:326,train,53,B4,0,8.023704417958463,,9850.75,0.0,,0.0,0,geant4_sci_bar_dominant_pdg_deuteron_vs_proton,proton,29391,2212,146.59104478247406,72.99617589020338,25.158237153479266,7.259988023391307,7.835371143736686,4,4,B8,16000.0,72.99617589020338,18.249043972550844,1.0,8.544753958346709,0,-662.3825752633006,0
train:53:327,train,53,B8,0,10.087759297020966,,10081.75,0.0,,0.0,1,geant4_sci_bar_dominant_pdg_deuteron_vs_proton,deuteron,13826,2212,60.63242057517946,64.17269452744021,41.218961804783746,10.513306149279327,10.782511266244308,2,2,B4,16000.0,64.17269452744021,32.08634726372011,3.0,6.212324596993193,0,-21.501675819554485,0
train:53:328,train,53,B6,0,10.269957585016147,,8898.75,0.0,,0.0,0,geant4_sci_bar_dominant_pdg_deuteron_vs_proton,proton,25554,2212,139.0405872295691,77.72620108941025,28.112101133993914,7.4320803503575315,8.023293432035292,5,4,B8,16000.0,77.72620108941025,19.431550272352563,2.0,5.375046004469699,0,-95.44505881736667,0
train:53:329,train,53,B6,0,11.444895116310418,,5766.25,0.0,,0.0,0,geant4_sci_bar_dominant_pdg_deuteron_vs_proton,proton,804,2212,163.3832168251048,56.33385136839007,18.702460657666407,7.028148442392322,7.503921311601678,4,4,B8,14083.462842097519,56.33385136839007,14.083462842097518,2.0,7.197504077276538,0,-817.9205204365696,0
train:53:330,train,53,B4,0,4.008684984605374,,9140.25,0.0,,0.0,1,geant4_sci_bar_dominant_pdg_deuteron_vs_proton,deuteron,24688,2212,102.93968512744455,67.82765100600139,48.142881148127074,8.754056449340906,11.681637114900582,2,1,B2,16000.0,67.82765100600139,67.82765100600139,1.0,7.748190435335751,0,265.447228564669,0
train:53:331,train,53,B8,0,4.505936929049965,,8902.25,0.0,,0.0,0,geant4_sci_bar_dominant_pdg_deuteron_vs_proton,proton,26951,2212,150.47521424528128,84.52522867630779,40.65030568280936,7.220442845224534,7.865228421655763,4,4,B8,16000.0,84.52522867630779,21.131307169076948,3.0,8.921803812740952,0,-3.63451777816665,0
train:53:332,train,53,B4,0,4.109522666334416,,2346.6300451461607,0.0,,0.0,0,geant4_sci_bar_dominant_pdg_deuteron_vs_proton,proton,23578,2212,139.38664302621902,9.386520180584643,9.386520180584643,7.4688649753178735,7.4688649753178735,1,1,B2,2346.6300451461607,9.386520180584643,9.386520180584643,1.0,8.892899567606996,0,258.94749102793895,0
train:53:333,train,53,B2,0,10.561625465895641,,10196.37724202055,0.0,,0.0,1,geant4_sci_bar_dominant_pdg_deuteron_vs_proton,deuteron,27604,2212,81.2972981026767,40.7855089680822,40.7855089680822,11.4944268400532,11.4944268400532,1,1,B2,10196.37724202055,40.7855089680822,40.7855089680822,0.0,5.624667632241919,1,-1493.9531386830724,0
train:53:334,train,53,B4,0,10.228905728043927,,8323.0,0.0,,0.0,1,geant4_sci_bar_dominant_pdg_deuteron_vs_proton,deuteron,1614,2212,89.80763542835494,50.049850446230586,50.049850446230586,11.85583007090566,11.85583007090566,1,1,B2,12512.462611557647,50.049850446230586,50.049850446230586,1.0,7.660440600344688,1,-1622.2187038150005,0
train:53:335,train,53,B8,0,5.171151714270636,,6107.5,0.0,,0.0,0,geant4_sci_bar_dominant_pdg_deuteron_vs_proton,proton,25883,2212,155.15622958991867,90.80078188586882,47.53936346835677,7.150775443939032,7.802677736623402,4,4,B8,16000.0,90.80078188586882,22.700195471467204,3.0,6.6509463072642365,0,-43.13510830578009,0
train:53:336,train,53,B2,0,8.615281297761921,,7862.75,0.0,,0.0,0,geant4_sci_bar_dominant_pdg_deuteron_vs_proton,proton,17142,2212,135.19347553527362,71.30416697420006,22.867980508657997,7.539386208782651,8.118557320117445,4,4,B8,16000.0,71.30416697420006,17.826041743550014,0.0,9.611383476797542,1,-2510.302190885185,0
train:53:337,train,53,B6,0,8.823664477493125,,5882.602095617977,0.0,,0.0,0,geant4_sci_bar_dominant_pdg_deuteron_vs_proton,proton,2148,2212,169.25554497850624,23.530408382471908,11.703038310669097,6.986475595199582,7.133351762451225,4,3,B4,5882.602095617977,23.530408382471908,7.843469460823969,2.0,7.110706900889857,0,-31.140485702246096,0
train:53:338,train,53,B2,0,6.480970174661367,,12824.03341875469,0.0,,0.0,0,geant4_sci_bar_dominant_pdg_deuteron_vs_proton,proton,27062,2212,130.15812723295565,51.29613367501876,23.318867756762597,7.75276162311976,8.125166314414303,3,3,B6,12824.03341875469,51.29613367501876,17.09871122500625,0.0,7.765040300051192,1,-1012.1572129085788,0
train:53:339,train,53,B4,0,8.41778766293657,,14987.818371629886,0.0,,0.0,1,geant4_sci_bar_dominant_pdg_deuteron_vs_proton,deuteron,10716,2212,119.00429713802859,59.95127348651955,59.536884769341555,14.20077513798311,14.202754617687942,2,1,B2,14987.818371629886,59.95127348651955,59.95127348651955,1.0,7.8511852553167385,1,-38.35233910549046,0
train:53:340,train,53,B8,0,7.207093302817892,,11926.25,0.0,,0.0,0,geant4_sci_bar_dominant_pdg_deuteron_vs_proton,proton,9398,2212,160.76893771487818,58.93695356033467,20.42219148602682,7.075508932214004,7.572431463125365,4,4,B8,14734.238390083668,58.93695356033467,14.734238390083668,3.0,7.321766309687744,0,0.6820289144641736,0
train:53:341,train,53,B6,0,6.037061109765696,,5741.75,0.0,,0.0,1,geant4_sci_bar_dominant_pdg_deuteron_vs_proton,deuteron,9264,2212,112.65246952426365,43.29373009423168,43.29373009423168,13.279412481047295,13.279412481047295,1,1,B2,10823.43252355792,43.29373009423168,43.29373009423168,2.0,6.067477249429335,0,-55.454524475382996,0
train:53:342,train,53,B8,0,8.01751802498652,,11872.0,0.0,,0.0,0,geant4_sci_bar_dominant_pdg_deuteron_vs_proton,proton,29374,2212,156.7508636088038,72.26221410410601,30.268590109853964,7.072488574386597,7.642341578127668,4,4,B8,16000.0,72.26221410410601,18.065553526026502,3.0,6.700341044825551,0,-58.20897249841556,0
train:53:343,train,53,B4,0,5.202222963127927,,7985.25,0.0,,0.0,0,geant4_sci_bar_dominant_pdg_deuteron_vs_proton,proton,9290,2212,138.69665378012613,81.68196872092057,37.00912283066833,7.433047881776812,8.06745567653519,4,4,B8,16000.0,81.68196872092057,20.42049218023014,1.0,9.827347805884283,0,-589.9512562716125,0
train:53:344,train,53,B8,0,9.281241749877069,,6107.5,0.0,,0.0,1,geant4_sci_bar_dominant_pdg_deuteron_vs_proton,deuteron,2739,2212,81.37204715152855,75.57160169722987,38.26091234092051,9.594309167295403,10.469398551383012,3,1,B2,16000.0,75.57160169722987,75.57160169722987,3.0,4.204220133472311,0,48.22094770986803,0
train:53:345,train,53,B4,0,6.8541622992955125,,7398.9407661428,0.0,,0.0,0,geant4_sci_bar_dominant_pdg_deuteron_vs_proton,proton,28154,2212,125.58258642355275,29.5957630645712,16.00559431730762,7.932871022959573,8.095937051664487,2,2,B4,7398.9407661428,29.5957630645712,14.7978815322856,1.0,9.57433555845264,0,-45.00740189061058,0
train:53:346,train,53,B8,0,6.415983086857057,,13051.5,0.0,,0.0,1,geant4_sci_bar_dominant_pdg_deuteron_vs_proton,deuteron,1524,2212,78.25272510189416,122.45991773006824,53.187153277757496,10.093935413646282,10.913925305787135,4,1,B2,16000.0,122.45991773006824,122.45991773006824,3.0,8.384768258655338,0,-3.573990887515226,0
train:53:347,train,53,B6,0,6.826993003161612,,8330.0,0.0,,0.0,1,geant4_sci_bar_dominant_pdg_deuteron_vs_proton,deuteron,4562,2212,61.120088947906254,67.58364111678564,43.86139239818799,10.49766996312865,10.773275997841486,2,2,B4,16000.0,67.58364111678564,33.79182055839282,2.0,6.896498575079013,0,-59.664883013702635,0
train:53:348,train,53,B4,0,7.254164741679671,,13093.77608326834,0.0,,0.0,0,geant4_sci_bar_dominant_pdg_deuteron_vs_proton,proton,27850,2212,131.89112577860726,52.37510433307336,23.675066299123483,7.694774049344489,8.063953009095941,3,3,B6,13093.77608326834,52.37510433307336,17.458368111024452,1.0,9.064753147609256,1,-1033.7820234471214,0
train:53:349,train,53,B8,0,4.281683147001312,,12146.75,0.0,,0.0,0,geant4_sci_bar_dominant_pdg_deuteron_vs_proton,proton,13569,2212,131.36999776231116,53.67444058962283,23.901281125923045,7.687122883561008,8.055313874542922,4,3,B6,13418.610147405709,53.67444058962283,17.891480196540943,3.0,9.024494787459643,0,14.330373139353151,0
train:53:350,train,53,B6,0,4.3870564802746586,,14162.75,0.0,,0.0,1,geant4_sci_bar_dominant_pdg_deuteron_vs_proton,deuteron,24418,2212,69.18946801539528,126.24859037865436,61.96399385480508,10.773460239101757,11.237612470341643,4,2,B4,16000.0,126.24859037865436,63.12429518932718,2.0,8.830377809231486,1,73.0648061836751,0
train:53:351,train,53,B2,0,10.223188426680853,,16000.000000000002,0.0,,0.0,0,geant4_sci_bar_dominant_pdg_deuteron_vs_proton,proton,16134,2212,71.73665620018483,67.97324103804993,35.05819012988217,10.981783158296885,11.400840441333077,2,1,B2,16000.0,67.97324103804993,67.97324103804993,0.0,7.080661686916938,1,-801.415980043259,0
train:54:352,train,54,B2,1,5.8981132587984515,9.898113258798451,9909.824655364255,4954.912327682127,4.0,0.5,1,geant4_sci_bar_dominant_pdg_deuteron_vs_proton,deuteron,12737,2212,57.868350141040736,59.45894793218553,37.86298524664142,10.41044663458823,10.674315389319064,2,2,B4,14864.736983046383,59.45894793218553,29.729473966092765,0.0,9.957681625113448,1,-752.5053806998843,1
train:54:353,train,54,B2,1,7.528995900452839,8.278995900452838,8000.0,8000.0,0.75,1.0,0,geant4_sci_bar_dominant_pdg_deuteron_vs_proton,proton,19132,2212,134.902623495381,72.74432186064567,23.33436002085387,7.527835809153947,8.094921721428824,4,4,B8,16000.0,72.74432186064567,18.186080465161417,0.0,9.004911224223973,1,-1471.122810762562,1
train:54:354,train,54,B6,1,6.015688322324703,7.015688322324703,9142.857142857143,6857.142857142858,1.0,0.75,1,geant4_sci_bar_dominant_pdg_deuteron_vs_proton,deuteron,28432,2212,66.43991744398559,75.59513807343745,52.06486727359444,10.617766931109598,10.914997706488187,2,2,B4,16000.0,75.59513807343745,37.79756903671873,2.0,9.29796918574071,1,-53.75682628887756,1
train:54:355,train,54,B2,1,10.508607931564539,11.008607931564539,7293.690737409546,3646.845368704773,0.5,0.5,1,geant4_sci_bar_dominant_pdg_deuteron_vs_proton,deuteron,7594,2212,86.01106875432208,43.762144424457276,43.762144424457276,11.61216503477333,11.61216503477333,1,1,B2,10940.53610611432,43.762144424457276,43.762144424457276,0.0,6.6356091782690445,0,-814.3303294073078,1
train:54:356,train,54,B8,1,5.666033078491119,6.416033078491119,7625.209710601777,5718.907282951333,0.75,0.75,0,geant4_sci_bar_dominant_pdg_deuteron_vs_proton,proton,3351,2212,131.9830635737412,53.376467974212446,23.902599464896063,7.744527804542754,8.114439000107362,3,3,B6,13344.11699355311,53.376467974212446,17.792155991404147,3.0,7.970656857037241,0,-38.250051887150285,1
train:54:357,train,54,B6,1,4.544472149860827,5.544472149860827,9142.857142857143,6857.142857142857,1.0,0.75,1,geant4_sci_bar_dominant_pdg_deuteron_vs_proton,deuteron,11377,2212,100.78536411911533,115.00395192212338,49.5131565060774,8.78231948473781,10.677949327893504,3,2,B2,16000.0,115.00395192212338,57.50197596106169,2.0,8.743473523235332,1,61.36117213822297,1
train:54:358,train,54,B8,1,7.223931806460157,11.223931806460158,10294.608091991518,5147.304045995759,4.0,0.5,1,geant4_sci_bar_dominant_pdg_deuteron_vs_proton,deuteron,29446,2212,58.23254031496329,61.76764855194911,39.614296710614084,10.410542519377316,10.676433029229567,2,2,B4,15441.912137987278,61.76764855194911,30.883824275974554,3.0,7.603414048011971,1,30.194951450344913,1
train:54:359,train,54,B8,1,4.89618777460322,6.39618777460322,7208.25,5406.1875,1.5,0.75,0,geant4_sci_bar_dominant_pdg_deuteron_vs_proton,proton,27134,2212,129.80375783504937,53.27699141700376,24.25803607827676,7.791343890105599,8.170442279663332,3,3,B6,13319.24785425094,53.27699141700376,17.758997139001252,3.0,8.672765748002918,0,22.597712377757922,1
train:54:360,train,54,B4,1,9.986587456605145,10.986587456605145,7301.262127139117,7301.262127139117,1.0,1.0,1,geant4_sci_bar_dominant_pdg_deuteron_vs_proton,deuteron,21293,2212,126.34057791760678,58.41009701711293,58.41009701711293,15.311447078764987,15.311447078764987,1,1,B2,14602.524254278233,58.41009701711293,58.41009701711293,1.0,6.114925132618238,1,23.148197594504694,1
train:54:361,train,54,B8,1,5.379625629481341,10.37962562948134,3402.703061347186,2552.0272960103894,5.0,0.75,1,geant4_sci_bar_dominant_pdg_deuteron_vs_proton,deuteron,2520,2212,60.676136721920265,23.8189214294303,23.058681057932002,10.559007805943441,10.616817317146756,2,2,B2,5954.7303573575755,23.8189214294303,11.90946071471515,3.0,9.386544467403573,0,-58.72488756122181,1
train:54:362,train,54,B2,1,4.864356584740835,10.864356584740836,10666.666666666666,5333.333333333333,6.0,0.5,1,geant4_sci_bar_dominant_pdg_deuteron_vs_proton,deuteron,13369,2212,104.19582871749009,85.31444813111548,35.95027981032011,8.773867516222884,10.548547648240167,3,2,B2,16000.0,85.31444813111548,42.65722406555774,0.0,10.955709147327148,1,-2252.0144445320752,1
train:54:363,train,54,B4,1,5.309098799712797,10.309098799712796,6153.0,4614.75,5.0,0.75,0,geant4_sci_bar_dominant_pdg_deuteron_vs_proton,proton,11908,2212,129.60632292314764,71.25399828047162,25.2148764485395,7.755009189234624,8.240205281377227,6,3,B6,16000.0,71.25399828047162,23.751332760157208,1.0,7.016184831681159,0,31.77617428019108,1
train:54:364,train,54,B8,1,9.758943141297618,10.258943141297618,7774.443039497328,7774.443039497328,0.5,1.0,1,geant4_sci_bar_dominant_pdg_deuteron_vs_proton,deuteron,1951,2212,56.329081316604615,62.19554431597862,39.01247050707109,10.346711499375132,10.60751185341325,2,2,B4,15548.886078994656,62.19554431597862,31.09777215798931,3.0,6.357000136922747,1,6.936258361716851,1
train:54:365,train,54,B2,1,9.945949571466297,10.445949571466297,10666.666666666666,5333.333333333333,0.5,0.5,0,geant4_sci_bar_dominant_pdg_deuteron_vs_proton,proton,4052,2212,153.7244332778785,89.54527773764644,45.6736185824648,7.1581202440219815,7.806274072489668,4,4,B8,16000.0,89.54527773764644,22.38631943441161,0.0,8.633994228952165,1,-2242.592794089462,1
train:54:366,train,54,B8,1,5.093981012657645,10.093981012657645,12800.0,3200.0,5.0,0.25,1,geant4_sci_bar_dominant_pdg_deuteron_vs_proton,deuteron,4051,2212,84.2871134889661,77.37576032968333,41.14613572192593,9.490018723998036,10.582992440570397,2,1,B2,16000.0,77.37576032968333,77.37576032968333,3.0,10.857183316003278,1,-434.6438536040142,1
train:54:367,train,54,B4,1,5.716324542686256,9.716324542686255,6780.4764732755375,5085.357354956654,4.0,0.75,1,geant4_sci_bar_dominant_pdg_deuteron_vs_proton,deuteron,15875,2212,114.23989767916575,47.46333531292876,47.46333531292876,13.837084158839978,13.837084158839978,1,1,B2,11865.833828232191,47.46333531292876,47.46333531292876,1.0,10.427730410931039,0,-1021.2869982174072,1
train:54:368,train,54,B8,1,8.809472198578314,9.559472198578314,10588.298456215683,2647.074614053921,0.75,0.25,0,geant4_sci_bar_dominant_pdg_deuteron_vs_proton,proton,26349,2212,140.70403586318255,52.94149228107842,24.92367904991345,7.47825620959915,7.858392987732228,3,3,B6,13235.373070269605,52.94149228107842,17.647164093692805,3.0,6.76766003113819,1,-38.926085902175245,1
train:54:369,train,54,B8,1,4.846813397959589,10.84681339795959,9142.857142857143,6857.142857142857,6.0,0.75,0,geant4_sci_bar_dominant_pdg_deuteron_vs_proton,proton,25320,2212,137.3957241184797,77.50400262138737,30.59865788258106,7.458151510980747,8.063385143717719,4,4,B8,16000.0,77.50400262138737,19.376000655346843,3.0,9.697426068572664,0,-23.859414830350232,1
train:54:370,train,54,B8,1,6.811103748514814,8.811103748514814,7546.0,3773.0,2.0,0.5,1,geant4_sci_bar_dominant_pdg_deuteron_vs_proton,deuteron,3429,2212,72.71303692057785,60.35988928889022,32.74947067599999,10.260570047820842,10.607633629802208,2,1,B2,15089.972322222555,60.35988928889022,60.35988928889022,3.0,8.286851297309331,0,-233.26129375532008,1
train:54:371,train,54,B2,1,5.7229476738016185,6.7229476738016185,6811.447315055978,6811.447315055978,1.0,1.0,0,geant4_sci_bar_dominant_pdg_deuteron_vs_proton,proton,426,2212,139.3743412391463,54.491578520447824,25.357857790946845,7.502050522134643,7.884829268892655,3,3,B6,13622.894630111956,54.491578520447824,18.163859506815943,0.0,9.709243393493454,1,-2734.356244450621,1
train:54:372,train,54,B2,1,6.591668707595694,7.591668707595694,12759.839072358558,3189.9597680896395,1.0,0.25,1,geant4_sci_bar_dominant_pdg_deuteron_vs_proton,deuteron,13877,2212,121.53844911088993,63.79919536179278,63.79919536179278,14.539946563026543,14.539946563026543,1,1,B2,15949.798840448197,63.79919536179278,63.79919536179278,0.0,10.260900363440232,1,-2676.0895367170087,1
train:54:373,train,54,B2,1,9.644275580922733,11.144275580922733,12800.0,3200.0,1.5,0.25,1,geant4_sci_bar_dominant_pdg_deuteron_vs_proton,deuteron,16735,2212,100.59233457758674,102.4908756073581,53.853408099198894,8.573608959292295,10.85264607686455,3,2,B2,16000.0,102.4908756073581,51.24543780367905,0.0,9.075124400219282,1,-2429.9133750327946,1
train:54:374,train,54,B8,1,8.605007577384864,9.605007577384864,9142.857142857143,6857.142857142857,1.0,0.75,0,geant4_sci_bar_dominant_pdg_deuteron_vs_proton,proton,19001,2212,154.53359071955262,75.67881818326265,33.80232758554139,7.179412644300093,7.777519488585781,4,4,B8,16000.0,75.67881818326265,18.919704545815662,3.0,8.277685533395047,1,-467.37009270397056,1
train:54:375,train,54,B4,1,9.53788675316045,10.03788675316045,5950.0,4462.5,0.5,0.75,0,geant4_sci_bar_dominant_pdg_deuteron_vs_proton,proton,16285,2212,107.79219441892846,41.85483057083995,25.66998486388207,8.548002281657663,8.760327722146974,2,2,B4,10463.707642709987,41.85483057083995,20.927415285419976,1.0,4.0510007755834305,0,-43.111414732557364,1
train:54:376,train,54,B6,1,7.023913940624203,7.773913940624203,3248.8407327609752,3248.8407327609752,0.75,1.0,1,geant4_sci_bar_dominant_pdg_deuteron_vs_proton,deuteron,7288,2212,53.267685718717594,25.990725862087807,22.983222012564006,10.338960818398506,10.451060165984302,2,2,B2,6497.681465521951,25.990725862087807,12.995362931043903,2.0,8.090313661169262,0,-474.4903980441294,1
train:54:377,train,54,B4,1,4.832129921594297,7.832129921594297,7672.069272069094,7672.069272069094,3.0,1.0,1,geant4_sci_bar_dominant_pdg_deuteron_vs_proton,deuteron,10980,2212,122.96339562430802,61.37655417655275,52.53078959728952,14.888240327348685,14.92875597540672,2,1,B2,15344.138544138188,61.37655417655275,61.37655417655275,1.0,8.873502078984544,1,67.89346294861797,1
train:54:378,train,54,B4,1,8.668758742974564,10.668758742974564,10596.25,5298.125,2.0,0.5,1,geant4_sci_bar_dominant_pdg_deuteron_vs_proton,deuteron,5380,2212,68.86096121645143,89.28311396789266,65.34151829631952,10.709614697206964,11.029189294706025,2,2,B4,16000.0,89.28311396789266,44.64155698394633,1.0,6.909019522013074,1,-53.393436314797825,1
train:54:379,train,54,B6,1,4.891595853166604,9.891595853166603,9142.857142857143,6857.142857142857,5.0,0.75,1,geant4_sci_bar_dominant_pdg_deuteron_vs_proton,deuteron,10663,2212,147.08982255990676,107.44827237316949,35.20738913223214,7.274572859098014,11.653573456879787,5,4,B2,16000.0,107.44827237316949,26.862068093292372,2.0,8.12794841906385,1,2.4611791923519313,1
train:54:380,train,54,B8,1,4.0103560182569975,4.5103560182569975,7265.0151776071825,7265.0151776071825,0.5,1.0,1,geant4_sci_bar_dominant_pdg_deuteron_vs_proton,deuteron,12981,2212,75.92251812458656,58.12012142085746,33.878366178200736,9.831126613456629,10.571892711615856,2,1,B2,14530.030355214365,58.12012142085746,58.12012142085746,3.0,9.292600807692205,0,-28.5817656344027,1
train:54:381,train,54,B4,1,10.103235169382334,10.853235169382334,6051.07171071707,1512.7679276792676,0.75,0.25,0,geant4_sci_bar_dominant_pdg_deuteron_vs_proton,proton,27468,2212,126.74634887397359,30.255358553585353,16.836768940265944,7.850990675009562,8.018654458721848,2,2,B4,7563.839638396338,30.255358553585353,15.127679276792676,1.0,5.465071795328579,0,-126.37217996073053,1
train:54:382,train,54,B2,1,4.403192408891904,10.403192408891904,10666.666666666666,5333.333333333333,6.0,0.5,0,geant4_sci_bar_dominant_pdg_deuteron_vs_proton,proton,1827,2212,79.59995901550116,77.2403212003874,40.01997887149257,10.031745271985294,10.648600195893343,2,1,B2,16000.0,77.2403212003874,77.2403212003874,0.0,9.547067276619293,0,-716.3483857693218,1
train:54:383,train,54,B2,1,6.070488616655429,11.070488616655428,2194.65,1645.9875,5.0,0.75,0,geant4_sci_bar_dominant_pdg_deuteron_vs_proton,proton,1234,2212,158.1929022107026,6.117055020858056,6.117055020858056,7.067912437328508,7.067912437328508,1,1,B2,1529.263755214514,6.117055020858056,6.117055020858056,0.0,10.838841676553203,0,-2764.4380413753956,1
train:54:384,train,54,B6,1,4.077363349797748,4.827363349797748,8000.0,8000.0,0.75,1.0,1,geant4_sci_bar_dominant_pdg_deuteron_vs_proton,deuteron,28345,2212,65.97829152458971,78.53692140271933,54.307649927354866,10.662466800076391,10.961945370675066,2,2,B4,16000.0,78.53692140271933,39.268460701359665,2.0,9.168840836267245,1,86.4962885959627,1
train:54:385,train,54,B8,1,9.155483032464057,10.655483032464057,7299.25,7299.25,1.5,1.0,0,geant4_sci_bar_dominant_pdg_deuteron_vs_proton,proton,7632,2212,126.4538111478745,58.44604880850227,28.34185606540665,7.915410686534311,8.313995296248196,3,3,B6,14611.512202125567,58.44604880850227,19.482016269500757,3.0,7.010469308191135,0,57.397907493924734,1
train:54:386,train,54,B4,1,4.720867086580255,6.720867086580255,10666.666666666666,5333.333333333333,2.0,0.5,1,geant4_sci_bar_dominant_pdg_deuteron_vs_proton,deuteron,8000,2212,83.87204146586095,80.18394151326285,41.305992762341376,9.571029079942443,10.585248353469522,3,1,B2,16000.0,80.18394151326285,80.18394151326285,1.0,9.59757972956493,1,133.24721047940474,1
train:54:387,train,54,B4,1,4.275189020576763,10.275189020576763,10666.666666666666,5333.333333333333,6.0,0.5,1,geant4_sci_bar_dominant_pdg_deuteron_vs_proton,deuteron,17156,2212,85.17960959183942,71.98986910875922,40.537006351657396,9.375188695812652,10.561983987033832,2,1,B2,16000.0,71.98986910875922,71.98986910875922,1.0,11.348593160406514,0,-229.96075735611413,1
train:54:388,train,54,B6,1,10.635895319543636,11.385895319543636,6334.895357620436,3167.447678810218,0.75,0.5,0,geant4_sci_bar_dominant_pdg_deuteron_vs_proton,proton,2517,2212,127.36816957809815,38.009372145722615,16.465380825192252,7.87478240086559,8.149972313321175,3,3,B4,9502.343036430653,38.009372145722615,12.669790715240872,2.0,5.734990686533137,0,-112.97561972435777,1
train:54:389,train,54,B4,1,7.246579299745436,8.746579299745436,9450.40638694269,4725.203193471345,1.5,0.5,0,geant4_sci_bar_dominant_pdg_deuteron_vs_proton,proton,7465,2212,164.87278225035527,56.70243832165613,18.463709955444774,7.008000866296926,7.480020991011168,4,4,B8,14175.609580414033,56.70243832165613,14.175609580414033,1.0,8.31190114336613,1,-640.775369469151,1
train:54:390,train,54,B2,1,4.160488041306118,10.160488041306117,9243.082765510044,4621.541382755022,6.0,0.5,1,geant4_sci_bar_dominant_pdg_deuteron_vs_proton,deuteron,20215,2212,117.92272601338058,55.45849659306027,41.591643135777474,13.993453307185833,14.060824914069004,3,1,B2,13864.624148265068,55.45849659306027,55.45849659306027,0.0,11.175365661402342,0,-1276.4037334517764,1
train:54:391,train,54,B4,1,5.0881945220469555,11.088194522046955,6996.900687807752,6996.900687807752,6.0,1.0,0,geant4_sci_bar_dominant_pdg_deuteron_vs_proton,proton,18392,2212,161.56583798782532,55.97520550246202,18.844863076097692,7.033491696078204,7.514346565863657,4,4,B8,13993.801375615505,55.97520550246202,13.993801375615504,1.0,10.523341579824077,1,-1263.5986685166777,1
train:54:392,train,54,B6,1,6.151513819598231,10.15151381959823,7882.630211457977,3941.3151057289883,4.0,0.5,1,geant4_sci_bar_dominant_pdg_deuteron_vs_proton,deuteron,11802,2212,114.99500966830453,47.29578126874786,47.29578126874786,13.60133470730677,13.601334707306771,1,1,B2,11823.945317186965,47.29578126874786,47.29578126874786,2.0,8.784542326047138,0,-245.89157831182092,1
train:54:393,train,54,B4,1,8.682854749192487,9.432854749192487,7155.75,1788.9375,0.75,0.25,1,geant4_sci_bar_dominant_pdg_deuteron_vs_proton,deuteron,8485,2212,95.46345202455232,85.25820740447278,60.19879486241308,8.99196772930892,11.351718544197078,2,1,B2,16000.0,85.25820740447278,85.25820740447278,1.0,4.117112977259702,0,-84.92203636879495,1
train:54:394,train,54,B2,1,5.155507765781344,6.655507765781344,9142.857142857143,6857.142857142857,1.5,0.75,1,geant4_sci_bar_dominant_pdg_deuteron_vs_proton,deuteron,19588,2212,62.03726217676167,66.52034549604727,43.048814433913776,10.556706608979104,10.836437203223102,3,2,B4,16000.0,66.52034549604727,33.260172748023635,0.0,7.9565980021553155,1,-1031.9225094913445,1
train:54:395,train,54,B2,1,7.185392155519265,9.185392155519265,9564.399994876103,4782.1999974380515,2.0,0.5,0,geant4_sci_bar_dominant_pdg_deuteron_vs_proton,proton,14111,2212,160.88185694070154,57.386399969256615,19.19024599343833,7.035227626904951,7.52361936677001,4,4,B8,14346.599992314153,57.386399969256615,14.346599992314154,0.0,10.871347229627279,1,-2845.1322249164314,1
train:54:396,train,54,B6,0,5.398661263984496,,8568.0,0.0,,0.0,1,geant4_sci_bar_dominant_pdg_deuteron_vs_proton,deuteron,13967,2212,101.33409347925259,103.3725783772231,52.95209203190578,8.570086243097569,10.798356126524945,3,2,B2,16000.0,103.3725783772231,51.68628918861155,2.0,7.768309327772422,0,-25.271655836617075,0
train:54:397,train,54,B4,0,9.617627755292002,,6632.5,0.0,,0.0,0,geant4_sci_bar_dominant_pdg_deuteron_vs_proton,proton,14967,2212,132.33244919313535,54.492481629233886,24.160709901416748,7.663965647618242,8.03007340605719,3,3,B6,13623.120407308472,54.492481629233886,18.164160543077962,1.0,10.20310026574143,0,-1234.6404329438558,0
train:54:398,train,54,B6,0,5.077541449764308,,14901.25,0.0,,0.0,0,geant4_sci_bar_dominant_pdg_deuteron_vs_proton,proton,25744,2212,152.4166528601548,89.38563821619061,45.59116077506275,7.176479749810479,7.823483407212048,4,4,B8,16000.0,89.38563821619061,22.346409554047654,2.0,8.97499085832431,1,20.0407343674286,0
train:54:399,train,54,B6,0,9.620795472616184,,9383.5,0.0,,0.0,0,geant4_sci_bar_dominant_pdg_deuteron_vs_proton,proton,16931,2212,160.85754583716897,56.31217955333044,19.01507238613199,7.062947447157237,7.550239065680034,4,4,B8,14078.04488833261,56.31217955333044,14.07804488833261,2.0,5.0418287227128795,0,-49.73022953866453,0
train:54:400,train,54,B6,0,4.047334321685147,,3415.619235694275,0.0,,0.0,0,geant4_sci_bar_dominant_pdg_deuteron_vs_proton,proton,7263,2212,126.01767448389937,13.6624769427771,13.6624769427771,7.8829832298173175,7.8829832298173175,1,1,B2,3415.619235694275,13.6624769427771,13.6624769427771,2.0,10.56948035570011,0,-838.5602585884424,0
train:54:401,train,54,B8,0,8.912702342361833,,8557.5,0.0,,0.0,0,geant4_sci_bar_dominant_pdg_deuteron_vs_proton,proton,25672,2212,126.44146560366616,45.11660400461592,16.801792122941652,7.857732184402309,8.181017266884913,3,3,B4,11279.151001153981,45.11660400461592,15.03886800153864,3.0,6.699810716375366,0,-29.087890276928803,0
train:54:402,train,54,B8,0,5.755088518072652,,12783.75,0.0,,0.0,0,geant4_sci_bar_dominant_pdg_deuteron_vs_proton,proton,344,2212,158.8250531884623,71.22813024780521,29.406849104929083,7.0969134276047185,7.664582364552121,4,4,B8,16000.0,71.22813024780521,17.807032561951303,3.0,8.093099701251173,0,-46.958729296742135,0
train:54:403,train,54,B8,0,7.118895253441163,,9716.0,0.0,,0.0,1,geant4_sci_bar_dominant_pdg_deuteron_vs_proton,deuteron,2432,2212,74.98617309587974,43.7455467933125,23.009331742384937,11.083171926183752,11.164837194659373,3,1,B2,10936.386698328124,43.7455467933125,43.7455467933125,3.0,7.385155055489389,0,20.864618388378553,0
train:54:404,train,54,B8,0,10.113854459143468,,5339.315312411603,0.0,,0.0,1,geant4_sci_bar_dominant_pdg_deuteron_vs_proton,deuteron,18127,2212,52.1834947865739,21.357261249646413,21.357261249646413,10.302474738854857,10.302474738854857,1,1,B2,5339.315312411603,21.357261249646413,21.357261249646413,3.0,6.550947046179282,0,31.066650127251563,0
train:54:405,train,54,B6,0,5.088540095180636,,13202.0,0.0,,0.0,0,geant4_sci_bar_dominant_pdg_deuteron_vs_proton,proton,4367,2212,152.4206345711802,116.38424049539415,45.517725756445984,7.174145862172601,11.136767709652359,5,4,B8,16000.0,116.38424049539415,29.096060123848538,2.0,8.241785511442608,0,58.41212076856708,0
train:54:406,train,54,B8,0,7.887044133526009,,2577.577515901387,0.0,,0.0,1,geant4_sci_bar_dominant_pdg_deuteron_vs_proton,deuteron,26770,2212,51.532109608140466,10.310310063605549,10.310310063605549,10.318652327289048,10.318652327289048,1,1,B2,2577.577515901387,10.310310063605549,10.310310063605549,3.0,5.923600330677652,0,-37.105595518186405,0
train:54:407,train,54,B6,0,6.309032873487498,,4609.660426408506,0.0,,0.0,1,geant4_sci_bar_dominant_pdg_deuteron_vs_proton,deuteron,18225,2212,52.05839625500718,18.438641705634026,18.438641705634026,10.33050566943745,10.33050566943745,1,1,B2,4609.660426408506,18.438641705634026,18.438641705634026,2.0,8.637621521686727,0,-384.3993900303308,0
train:54:408,train,54,B6,0,10.560943241173412,,13980.75,0.0,,0.0,1,geant4_sci_bar_dominant_pdg_deuteron_vs_proton,deuteron,17590,2212,102.07479142255286,118.14890438519531,57.07161848224763,8.757438646301477,10.840410099877811,7,2,B2,16000.0,118.14890438519531,59.074452192597654,2.0,5.735725716597434,1,10.973024284027101,0
train:54:409,train,54,B2,0,6.1929083918170615,,13703.614381134334,0.0,,0.0,0,geant4_sci_bar_dominant_pdg_deuteron_vs_proton,proton,29533,2212,162.71607055018973,54.81445752453733,18.077755982655365,6.9960489384331055,7.4780817391826595,4,4,B8,13703.614381134334,54.81445752453733,13.703614381134333,0.0,7.833694515652529,1,-760.5636639706016,0
train:54:410,train,54,B8,0,10.499751409876431,,5554.5,0.0,,0.0,1,geant4_sci_bar_dominant_pdg_deuteron_vs_proton,deuteron,12708,2212,80.4618651305313,40.45487776119458,39.47133711059192,11.361306578809748,11.364211240116576,2,1,B2,10113.719440298646,40.45487776119458,40.45487776119458,3.0,4.423245778703937,0,-47.914846829035525,0
train:54:411,train,54,B6,0,7.090984930416062,,12113.5,0.0,,0.0,1,geant4_sci_bar_dominant_pdg_deuteron_vs_proton,deuteron,4125,2212,54.029437498304944,56.07036574196669,34.22491960705378,10.29889899015341,10.547786862597944,2,2,B4,14017.591435491673,56.07036574196669,28.035182870983345,2.0,8.853159576637532,1,-968.8571539593352,0
train:54:412,train,54,B8,0,9.671580095977209,,8557.5,0.0,,0.0,1,geant4_sci_bar_dominant_pdg_deuteron_vs_proton,deuteron,21800,2212,117.30391711381003,47.413993962919314,47.413993962919314,13.861231049263859,13.861231049263859,1,1,B2,11853.498490729828,47.413993962919314,47.413993962919314,3.0,5.6711419372940055,0,-49.614878074970456,0
train:54:413,train,54,B8,0,6.436796905468514,,6123.25,0.0,,0.0,1,geant4_sci_bar_dominant_pdg_deuteron_vs_proton,deuteron,2244,2212,110.68257662213725,43.020387533135334,43.020387533135334,13.419583257741861,13.419583257741861,1,1,B2,10755.096883283833,43.020387533135334,43.020387533135334,3.0,4.766952069458485,0,39.34456954570679,0
train:54:414,train,54,B8,0,5.87407764757178,,13291.25,0.0,,0.0,0,geant4_sci_bar_dominant_pdg_deuteron_vs_proton,proton,23957,2212,157.6514451658121,76.29975144732167,32.979276755734446,7.071780691569659,7.652936100930748,4,4,B8,16000.0,76.29975144732167,19.074937861830417,3.0,9.389202465923086,1,-165.95027572003463,0
train:54:415,train,54,B2,0,5.145765731254833,,12851.147952179192,0.0,,0.0,0,geant4_sci_bar_dominant_pdg_deuteron_vs_proton,proton,4313,2212,140.65380234366188,51.404591808716766,23.37989408451705,7.454937970177619,7.825192035556774,3,3,B6,12851.147952179192,51.404591808716766,17.134863936238922,0.0,10.04440749675019,1,-2220.9869217253126,0
train:54:416,train,54,B6,0,5.147850355868383,,14150.5,0.0,,0.0,0,geant4_sci_bar_dominant_pdg_deuteron_vs_proton,proton,12304,2212,153.51672135327573,86.94455788887697,43.77051507027573,7.1507401692336465,7.790384045384077,4,4,B8,16000.0,86.94455788887697,21.736139472219243,2.0,9.24224315946748,0,-11.97174431016975,0
train:54:417,train,54,B4,0,5.204963374742184,,10347.75,0.0,,0.0,1,geant4_sci_bar_dominant_pdg_deuteron_vs_proton,deuteron,10249,2212,64.40014688784075,70.91127118084471,47.29245671730949,10.5924513011034,10.877422513264449,2,2,B4,16000.0,70.91127118084471,35.455635590422354,1.0,10.094338549552658,1,-1231.253964278546,0
train:54:418,train,54,B2,0,4.389350433061583,,10537.91248597365,0.0,,0.0,1,geant4_sci_bar_dominant_pdg_deuteron_vs_proton,deuteron,14781,2212,64.51573259738834,42.1516499438946,24.412625242394,10.594056664529095,10.787754843053492,7,2,B2,10537.91248597365,42.1516499438946,21.0758249719473,0.0,7.754152562631454,0,-472.0779637681823,0
train:54:419,train,54,B6,0,10.810995827358813,,13027.0,0.0,,0.0,1,geant4_sci_bar_dominant_pdg_deuteron_vs_proton,deuteron,26399,2212,87.96917678394365,74.22180918868379,45.23199160765673,9.141208774423795,10.709612477650527,2,1,B2,16000.0,74.22180918868379,74.22180918868379,2.0,6.9298612890352835,1,-401.8588201098991,0
train:54:420,train,54,B2,0,4.675656557811564,,16000.0,0.0,,0.0,1,geant4_sci_bar_dominant_pdg_deuteron_vs_proton,deuteron,16845,2212,88.9833461943804,90.50033500877926,55.657543427213426,9.499053649167106,10.968819179615641,2,1,B2,16000.0,90.50033500877926,90.50033500877926,0.0,9.531548900192508,1,-65.86346637804508,0
train:54:421,train,54,B4,0,8.54275285416966,,5472.25,0.0,,0.0,0,geant4_sci_bar_dominant_pdg_deuteron_vs_proton,proton,4583,2212,157.70682744309335,73.43895418329552,31.422129564522134,7.106024892561934,7.685004794439396,4,4,B8,16000.0,73.43895418329552,18.35973854582388,1.0,5.2827898397307775,0,-421.84458832157594,0
train:54:422,train,54,B8,0,8.086214934297452,,10766.0,0.0,,0.0,1,geant4_sci_bar_dominant_pdg_deuteron_vs_proton,deuteron,7987,2212,76.12465508460124,61.54726538218177,34.666000114811816,9.997290457680641,10.639323134011024,2,1,B2,15386.816345545443,61.54726538218177,61.54726538218177,3.0,7.557519077034377,0,-9.919641999798651,0
train:54:423,train,54,B8,0,7.416667742128241,,14777.167102064475,0.0,,0.0,0,geant4_sci_bar_dominant_pdg_deuteron_vs_proton,proton,28039,2212,161.50867497526303,59.1086684082579,20.119132495434727,7.022156624538891,7.508227468374097,4,4,B8,14777.167102064475,59.1086684082579,14.777167102064475,3.0,7.904212907149413,1,31.46645855643348,0
train:54:424,train,54,B2,0,5.117115858382917,,13239.114269115496,0.0,,0.0,0,geant4_sci_bar_dominant_pdg_deuteron_vs_proton,proton,26891,2212,142.10156924751604,52.95645707646199,23.77261070734779,7.3694050893648315,7.734780395355497,3,3,B6,13239.114269115496,52.95645707646199,17.65215235882066,0.0,9.912582815853892,1,-3365.1727668961726,0
train:54:425,train,54,B8,0,9.620475466601672,,16000.0,0.0,,0.0,0,geant4_sci_bar_dominant_pdg_deuteron_vs_proton,proton,8900,2212,81.05427933097253,80.03701532482006,40.61449533828024,10.015761150699545,10.689374795533107,2,1,B2,16000.0,80.03701532482006,80.03701532482006,3.0,6.655827158868333,1,25.122553366934483,0
train:54:426,train,54,B2,0,5.153136484997421,,14727.080957462502,0.0,,0.0,1,geant4_sci_bar_dominant_pdg_deuteron_vs_proton,deuteron,437,2212,52.77575452471412,58.908323829850005,36.4451567195694,10.337111104980918,10.58989556333916,2,2,B4,14727.080957462502,58.908323829850005,29.454161914925002,0.0,9.025776194077594,1,-624.4895005052704,0
train:54:427,train,54,B4,0,9.991074897706374,,10395.0,0.0,,0.0,0,geant4_sci_bar_dominant_pdg_deuteron_vs_proton,proton,3200,2212,101.84244094507697,98.04085052560366,40.425634900372444,8.693134492954794,10.33049338336391,3,2,B4,16000.0,98.04085052560366,49.02042526280183,1.0,5.62760151406953,0,43.09018699021284,0
train:54:428,train,54,B4,0,11.145466226909466,,7451.5,0.0,,0.0,0,geant4_sci_bar_dominant_pdg_deuteron_vs_proton,proton,17377,2212,78.52288594195603,37.22049410100462,37.22049410100462,10.108695588181094,10.108695588181094,1,1,B2,9305.123525251154,37.22049410100462,37.22049410100462,1.0,1.7064242498092568,0,-60.96441380916941,0
train:54:429,train,54,B2,0,9.98023118614745,,8094.603656682561,0.0,,0.0,1,geant4_sci_bar_dominant_pdg_deuteron_vs_proton,deuteron,24003,2212,74.241023492917,32.37841462673025,32.37841462673025,11.011888639539336,11.011888639539336,1,1,B2,8094.603656682561,32.37841462673025,32.37841462673025,0.0,9.522558300767782,1,-3678.6484925897157,0
train:54:430,train,54,B6,0,8.279224268389921,,9383.5,0.0,,0.0,0,geant4_sci_bar_dominant_pdg_deuteron_vs_proton,proton,17427,2212,79.29642435852557,82.14341666330304,46.197241082707,9.709242840786734,10.384521090754303,2,1,B2,16000.0,82.14341666330304,82.14341666330304,2.0,6.136090530101156,0,-61.2801741657478,0
train:54:431,train,54,B4,0,6.999313309478239,,10778.25,0.0,,0.0,1,geant4_sci_bar_dominant_pdg_deuteron_vs_proton,deuteron,19245,2212,120.66934159469875,58.441127539216794,58.441127539216794,14.310941703715013,14.310941703715013,1,1,B2,14610.281884804199,58.441127539216794,58.441127539216794,1.0,9.466715273282267,0,-30.584050732675912,0
train:54:432,train,54,B4,0,11.17736897306653,,7721.0,0.0,,0.0,0,geant4_sci_bar_dominant_pdg_deuteron_vs_proton,proton,17557,2212,135.33741466810008,68.28027480019736,21.80338871518905,7.604385947507809,8.168979434122237,4,4,B6,16000.0,68.28027480019736,17.07006870004934,1.0,4.325555664298816,0,-18.699947110964125,0
train:54:433,train,54,B2,0,6.691932459324725,,16000.0,0.0,,0.0,1,geant4_sci_bar_dominant_pdg_deuteron_vs_proton,deuteron,22023,2212,106.79603247852812,109.82885096384607,26.277901725484547,8.510384004079302,11.367271434325298,8,2,B2,16000.0,109.82885096384607,54.91442548192303,0.0,6.780682663031577,1,-1126.97632397262,0
train:54:434,train,54,B2,0,8.379357531531358,,16000.000000000002,0.0,,0.0,0,geant4_sci_bar_dominant_pdg_deuteron_vs_proton,proton,555,2212,70.70917924419285,77.36940392284134,46.26908164293691,10.642988449875899,10.750257010420318,3,1,B2,16000.0,77.36940392284134,77.36940392284134,0.0,8.20682399994618,1,-677.884295131717,0
train:54:435,train,54,B2,0,4.063423431363211,,13006.608879659963,0.0,,0.0,1,geant4_sci_bar_dominant_pdg_deuteron_vs_proton,deuteron,2197,2212,89.34337738410908,52.02643551863985,52.02643551863985,11.868945930625207,11.868945930625207,1,1,B2,13006.608879659963,52.02643551863985,52.02643551863985,0.0,7.34785217236209,0,162.53432530492543,0
train:54:436,train,54,B6,0,8.307117883723048,,8568.0,0.0,,0.0,1,geant4_sci_bar_dominant_pdg_deuteron_vs_proton,deuteron,28548,2212,102.80034417169827,35.96922486972086,35.96922486972086,12.515632370005676,12.515632370005676,1,1,B2,8992.306217430216,35.96922486972086,35.96922486972086,2.0,7.0840198009800615,0,-29.757645405090962,0
train:54:437,train,54,B4,0,8.891272270345471,,8226.75,0.0,,0.0,0,geant4_sci_bar_dominant_pdg_deuteron_vs_proton,proton,29710,2212,136.84931067454247,76.56043355823599,28.40952158146042,7.50721582618682,8.10202545237777,4,4,B8,16000.0,76.56043355823599,19.140108389558996,1.0,9.525716918146747,0,-1116.9797538550201,0
train:54:438,train,54,B8,0,4.727763879193397,,14960.75,0.0,,0.0,0,geant4_sci_bar_dominant_pdg_deuteron_vs_proton,proton,19450,2212,139.2028750101613,87.62015571824446,44.07600021362305,7.509665684179995,7.542962951884547,6,1,B2,16000.0,87.62015571824446,87.62015571824446,3.0,8.086295136110758,1,3.4932333659300863,0
train:54:439,train,54,B4,0,10.38389560015957,,13272.0,0.0,,0.0,0,geant4_sci_bar_dominant_pdg_deuteron_vs_proton,proton,15150,2212,167.8511384965942,55.82655146611184,17.71473679664107,6.995637393669123,7.462781684959352,4,4,B8,13956.637866527959,55.82655146611184,13.95663786652796,1.0,5.05496288696813,1,-60.59127330703252,0
train:55:440,train,55,B2,1,7.439117089531065,11.439117089531065,9348.428767227644,4674.214383613822,4.0,0.5,0,geant4_sci_bar_dominant_pdg_deuteron_vs_proton,proton,3488,2212,141.33343706166644,56.09057260336586,25.41150142112737,7.432722404702507,7.808087161223026,3,3,B6,14022.643150841464,56.09057260336586,18.696857534455287,0.0,5.369137947861029,0,-87.11683086602801,1
train:55:441,train,55,B4,1,4.840190334508556,6.840190334508556,1552.5060565914666,1164.3795424436,2.0,0.75,0,geant4_sci_bar_dominant_pdg_deuteron_vs_proton,proton,7176,2212,170.85741011728254,10.867542396140266,10.492218686674516,6.992432384675329,6.993178201059494,2,1,B2,2716.8855990350667,10.867542396140266,10.867542396140266,1.0,10.978790486692425,0,-1390.054827530966,1
train:55:442,train,55,B6,1,8.22895145073744,9.72895145073744,9037.58581543481,4518.792907717405,1.5,0.5,0,geant4_sci_bar_dominant_pdg_deuteron_vs_proton,proton,28812,2212,166.90055255904144,54.22551489260886,18.382658927668704,6.988951228412817,7.47024434990317,4,4,B8,13556.378723152215,54.22551489260886,13.556378723152214,2.0,7.170011221290751,0,24.599267402404067,1
train:55:443,train,55,B6,1,5.426621673817376,9.426621673817376,10972.5,2743.125,4.0,0.25,0,geant4_sci_bar_dominant_pdg_deuteron_vs_proton,proton,18625,2212,130.38799447193085,55.637183310505975,25.924810501015564,7.777964416691455,8.159920457503677,3,3,B6,13909.295827626494,55.637183310505975,18.545727770168657,2.0,9.054129014662816,0,-1.386939207230121,1
train:55:444,train,55,B6,1,5.758177038505812,7.758177038505812,4983.1316483428,4983.1316483428,2.0,1.0,1,geant4_sci_bar_dominant_pdg_deuteron_vs_proton,deuteron,15288,2212,81.31053618435527,39.8650531867424,39.8650531867424,11.389231895109896,11.389231895109896,1,1,B2,9966.2632966856,39.8650531867424,39.8650531867424,2.0,8.17957517595319,0,24.67423002817624,1
train:55:445,train,55,B8,1,7.566421657513052,9.066421657513052,6952.877952989077,6952.877952989077,1.5,1.0,1,geant4_sci_bar_dominant_pdg_deuteron_vs_proton,deuteron,225,2212,99.60673305965355,55.623023623912616,55.623023623912616,12.448074816109637,12.448074816109637,1,1,B2,13905.755905978154,55.623023623912616,55.623023623912616,3.0,7.66361125371568,0,-57.16752919329426,1
train:55:446,train,55,B4,1,5.421310021670271,7.421310021670271,6427.573650374771,6427.573650374771,2.0,1.0,0,geant4_sci_bar_dominant_pdg_deuteron_vs_proton,proton,26658,2212,141.69598788685047,51.42058920299817,23.08530351664836,7.400588825187645,7.764227298135333,3,3,B6,12855.147300749542,51.42058920299817,17.14019640099939,1.0,9.64578117357102,0,-322.2530118434899,1
train:55:447,train,55,B8,1,4.93588928874165,8.935889288741649,9142.857142857143,6857.142857142857,4.0,0.75,0,geant4_sci_bar_dominant_pdg_deuteron_vs_proton,proton,22045,2212,154.37104776186166,90.3158396710501,46.209664675500754,7.112088045870942,7.758034169516691,4,4,B8,16000.0,90.3158396710501,22.578959917762525,3.0,8.367281320234559,1,55.861776208813495,1
train:55:448,train,55,B8,1,5.218262289439525,10.218262289439526,9142.857142857143,6857.142857142857,5.0,0.75,1,geant4_sci_bar_dominant_pdg_deuteron_vs_proton,deuteron,2444,2212,62.41990378330856,67.28933679661063,43.87915049139793,10.484792460583034,10.760113037358582,2,2,B4,16000.0,67.28933679661063,33.64466839830531,3.0,8.644388091045652,0,53.550357752142965,1
train:55:449,train,55,B6,1,6.142034270818694,7.642034270818694,7681.576401726921,1920.3941004317303,1.5,0.25,1,geant4_sci_bar_dominant_pdg_deuteron_vs_proton,deuteron,12563,2212,104.81456682771767,38.40788200863461,38.40788200863461,12.79983387581077,12.79983387581077,1,1,B2,9601.970502158652,38.40788200863461,38.40788200863461,2.0,8.21528933655665,0,43.54658946855284,1
train:55:450,train,55,B4,1,4.760417079197006,9.760417079197005,10818.799969384838,2704.6999923462095,5.0,0.25,0,geant4_sci_bar_dominant_pdg_deuteron_vs_proton,proton,15718,2212,167.11125564646426,54.09399984692419,17.801823664671648,6.990367804341904,7.467862742967782,5,4,B8,13523.499961731048,54.09399984692419,13.523499961731048,1.0,11.05693667648077,0,184.34371187932732,1
train:55:451,train,55,B6,1,7.2918630458345675,10.291863045834567,9174.65680212783,4587.328401063915,3.0,0.5,0,geant4_sci_bar_dominant_pdg_deuteron_vs_proton,proton,21723,2212,166.7643530796301,55.04794081276699,17.796567218408867,7.015680934123247,7.4898947937428275,4,4,B8,13761.985203191747,55.04794081276699,13.761985203191747,2.0,7.710268935595388,0,-59.095356084573666,1
train:55:452,train,55,B4,1,4.704444742006976,10.704444742006977,9142.857142857143,6857.142857142858,6.0,0.75,1,geant4_sci_bar_dominant_pdg_deuteron_vs_proton,deuteron,16263,2212,86.25693657286206,79.81377989338506,44.856711308799206,9.528735929287828,10.699615730480412,2,1,B2,16000.0,79.81377989338506,79.81377989338506,1.0,8.97745846972287,0,149.4472756172312,1
train:55:453,train,55,B4,1,5.068975683523767,11.068975683523767,8000.0,8000.0,6.0,1.0,1,geant4_sci_bar_dominant_pdg_deuteron_vs_proton,deuteron,15029,2212,93.2123676879365,89.36225244638045,65.13225947906534,8.977404894532947,11.198085115530752,2,1,B2,16000.0,89.36225244638045,89.36225244638045,1.0,9.96623077353149,0,-147.9480731856562,1
train:55:454,train,55,B2,1,4.031021110245254,4.781021110245254,10666.666666666666,5333.333333333333,0.75,0.5,0,geant4_sci_bar_dominant_pdg_deuteron_vs_proton,proton,8307,2212,82.16912561194778,84.95718406399877,47.35040954827122,9.660792289024865,10.441988906370216,2,1,B2,16000.0,84.95718406399877,84.95718406399877,0.0,8.9290107740863,1,512.1727077195712,1
train:55:455,train,55,B2,1,5.26750547150367,10.26750547150367,11511.411456919677,2877.8528642299193,5.0,0.25,1,geant4_sci_bar_dominant_pdg_deuteron_vs_proton,deuteron,23615,2212,53.8167868244096,57.557057284598386,35.09238502605175,10.308450071125028,10.558512016310155,2,2,B4,14389.264321149596,57.557057284598386,28.778528642299193,0.0,9.843893742210339,1,-508.3820970335254,1
train:55:456,train,55,B4,1,8.181320633517414,10.181320633517414,12050.53004069865,3012.6325101746625,2.0,0.25,0,geant4_sci_bar_dominant_pdg_deuteron_vs_proton,proton,9280,2212,78.92635821400297,60.25265020349325,43.69468235776023,9.838027336823048,10.222543771610766,7,1,B2,15063.162550873314,60.25265020349325,60.25265020349325,1.0,7.590308296328466,1,21.971297002288082,1
train:55:457,train,55,B2,1,8.788470583081315,10.288470583081315,8000.0,8000.0,1.5,1.0,0,geant4_sci_bar_dominant_pdg_deuteron_vs_proton,proton,6910,2212,158.43895725871567,73.32175158710137,31.475533815477853,7.072706467992072,7.650894564572549,4,4,B8,16000.0,73.32175158710137,18.330437896775344,0.0,9.251824959403224,1,-3355.0137098392456,1
train:55:458,train,55,B6,1,4.004820651367497,10.004820651367497,10666.666666666666,5333.333333333333,6.0,0.5,0,geant4_sci_bar_dominant_pdg_deuteron_vs_proton,proton,6168,2212,138.84538461200515,71.82139797638351,22.79241260195193,7.467692236076297,8.036584441699155,4,4,B8,16000.0,71.82139797638351,17.955349494095877,2.0,9.451081177684676,1,-25.935432444494346,1
train:55:459,train,55,B4,1,4.617071645784038,9.617071645784037,6010.404732406277,3005.2023662031384,5.0,0.5,1,geant4_sci_bar_dominant_pdg_deuteron_vs_proton,deuteron,12640,2212,78.25607713283502,36.06242839443766,36.06242839443766,11.20598361599041,11.20598361599041,1,1,B2,9015.607098609415,36.06242839443766,36.06242839443766,1.0,8.481020395158474,0,144.46770102064733,1
train:55:460,train,55,B6,1,8.194643550414956,10.194643550414956,12800.0,3200.0,2.0,0.25,1,geant4_sci_bar_dominant_pdg_deuteron_vs_proton,deuteron,3571,2212,101.17174168466269,103.97057049813546,53.249501152705996,8.67693623009546,10.785874125079115,3,2,B2,16000.0,103.97057049813546,51.98528524906773,2.0,7.920938169524511,1,-42.08066045724649,1
train:55:461,train,55,B6,1,4.758876632521002,9.758876632521002,9026.014611215913,4513.007305607956,5.0,0.5,0,geant4_sci_bar_dominant_pdg_deuteron_vs_proton,proton,2395,2212,138.70484768008038,54.15608766729547,25.59211932394274,7.516468225117356,7.902044552528702,3,3,B6,13539.02191682387,54.15608766729547,18.052029222431823,2.0,9.40877479504461,0,-2.1308781440947655,1
train:55:462,train,55,B4,1,4.535575748122594,10.535575748122593,11634.0,2908.5,6.0,0.25,1,geant4_sci_bar_dominant_pdg_deuteron_vs_proton,deuteron,15248,2212,107.47855987343905,91.89763338888679,38.72249777574455,8.672779897755131,10.635750355017125,3,2,B2,16000.0,91.89763338888679,45.948816694443394,1.0,9.842147425541075,0,151.60044067746693,1
train:55:463,train,55,B2,1,6.653627432058936,10.653627432058936,10666.666666666666,5333.333333333333,4.0,0.5,0,geant4_sci_bar_dominant_pdg_deuteron_vs_proton,proton,24301,2212,149.31402386046747,84.30556528753266,37.99198255406187,7.238809967483753,7.8627351861566375,4,4,B8,16000.0,84.30556528753266,21.076391321883165,0.0,10.389837053301648,1,-2288.5097625150006,1
train:55:464,train,55,B6,1,10.207055300147276,10.957055300147276,9556.75,2389.1875,0.75,0.25,0,geant4_sci_bar_dominant_pdg_deuteron_vs_proton,proton,25022,2212,163.31719129229177,54.74134618116905,17.79454593861594,7.0551675774347835,7.53116428866572,4,4,B8,13685.336545292263,54.74134618116905,13.685336545292262,2.0,5.785432918737113,0,-49.89283858124379,1
train:55:465,train,55,B6,1,4.83206769837965,6.83206769837965,4818.042379620208,4818.042379620208,2.0,1.0,1,geant4_sci_bar_dominant_pdg_deuteron_vs_proton,deuteron,1445,2212,67.61419909438435,38.54433903696166,16.386272418576688,10.749915213939731,10.83080206483702,5,1,B2,9636.084759240415,38.54433903696166,38.54433903696166,2.0,8.425926919039659,0,-15.987842647828943,1
train:55:466,train,55,B8,1,5.738292102060771,7.238292102060771,7999.999999999999,7999.999999999999,1.5,1.0,0,geant4_sci_bar_dominant_pdg_deuteron_vs_proton,proton,8943,2212,71.24169241080844,75.47112549071969,44.281743299006806,10.877128742618014,11.063634060414524,2,1,B2,16000.0,75.47112549071969,75.47112549071969,3.0,8.829703126132587,1,52.520722015034266,1
train:55:467,train,55,B8,1,9.762026220422996,10.762026220422996,5932.053572156761,2966.0267860783806,1.0,0.5,0,geant4_sci_bar_dominant_pdg_deuteron_vs_proton,proton,25358,2212,126.38361825572046,35.592321432940565,15.78486871800125,7.881319252782946,8.140427005594152,3,3,B4,8898.080358235142,35.592321432940565,11.864107144313522,3.0,5.07701682045855,0,-22.294032586064233,1
train:55:468,train,55,B2,1,6.514199483781729,8.014199483781729,12800.0,3200.0,1.5,0.25,1,geant4_sci_bar_dominant_pdg_deuteron_vs_proton,deuteron,4954,2212,87.85494908809993,82.01166110483317,48.19480832321766,9.50508896567132,10.831162209111074,2,1,B2,16000.0,82.01166110483317,82.01166110483317,0.0,8.238385691198506,1,-341.6602147436467,1
train:55:469,train,55,B2,1,9.313782985465565,10.813782985465565,4601.557954872827,4601.557954872827,1.5,1.0,1,geant4_sci_bar_dominant_pdg_deuteron_vs_proton,deuteron,3743,2212,78.25484692726288,36.81246363898262,36.81246363898262,11.217325593313209,11.217325593313209,1,1,B2,9203.115909745655,36.81246363898262,36.81246363898262,0.0,7.515608172019107,0,-964.9858694058985,1
train:55:470,train,55,B8,1,5.768564043995601,7.768564043995601,10157.0,2539.25,2.0,0.25,1,geant4_sci_bar_dominant_pdg_deuteron_vs_proton,deuteron,819,2212,90.34282611188215,79.92535748551178,53.107917285123115,9.0467184711413,10.95377770591943,2,1,B2,16000.0,79.92535748551178,79.92535748551178,3.0,7.968494456783011,0,1.1770234044475516,1
train:55:471,train,55,B8,1,7.367779602373915,8.367779602373915,5756.732913278892,4317.549684959169,1.0,0.75,1,geant4_sci_bar_dominant_pdg_deuteron_vs_proton,deuteron,11231,2212,82.34671145702883,40.29713039295224,40.29713039295224,11.492109173658818,11.492109173658818,1,1,B2,10074.28259823806,40.29713039295224,40.29713039295224,3.0,7.789515898792661,0,-47.78464373027946,1
train:55:472,train,55,B2,1,6.497671516031438,9.497671516031438,7220.466409566621,7220.466409566621,3.0,1.0,0,geant4_sci_bar_dominant_pdg_deuteron_vs_proton,proton,6152,2212,130.04815287638692,57.76373127653297,27.20049582640145,7.7866402345587815,8.176746701882227,3,3,B6,14440.932819133242,57.76373127653297,19.25457709217766,0.0,9.500653025366622,0,-988.5426751721687,1
train:55:473,train,55,B6,1,6.949569668564482,8.949569668564482,10666.666666666666,5333.333333333333,2.0,0.5,1,geant4_sci_bar_dominant_pdg_deuteron_vs_proton,deuteron,8106,2212,82.27738608659641,79.68299793783144,40.001001733554766,9.94973824533615,10.746168863116493,2,1,B2,16000.0,79.68299793783144,79.68299793783144,2.0,8.55277445627566,1,29.0280592801874,1
train:55:474,train,55,B4,1,7.151096498917179,11.151096498917179,11816.0,2954.0,4.0,0.25,1,geant4_sci_bar_dominant_pdg_deuteron_vs_proton,deuteron,17850,2212,60.73969740063821,66.32870571788422,43.316844349157215,10.478043394418133,10.751997478197909,2,2,B4,16000.0,66.32870571788422,33.16435285894211,1.0,10.499797749595096,1,-1398.566270605044,1
train:55:475,train,55,B4,1,5.242597179265692,10.242597179265692,5357.343620616527,5357.343620616527,5.0,1.0,1,geant4_sci_bar_dominant_pdg_deuteron_vs_proton,deuteron,7178,2212,110.35637644099639,42.85874896493222,42.33811067351399,8.39917842212278,13.19578333439789,2,1,B2,10714.687241233054,42.85874896493222,42.85874896493222,1.0,9.521876795089245,0,3.1289669008865166,1
train:55:476,train,55,B2,1,9.595454953975828,10.595454953975828,12800.0,3200.0,1.0,0.25,1,geant4_sci_bar_dominant_pdg_deuteron_vs_proton,deuteron,23749,2212,89.44704089711095,82.56880813763973,52.02891751500104,9.25236189010054,10.912037357808776,2,1,B2,16000.0,82.56880813763973,82.56880813763973,0.0,7.39760755722999,1,-955.5266307750343,1
train:55:477,train,55,B6,1,6.645029766103797,7.645029766103797,8818.25,4409.125,1.0,0.5,1,geant4_sci_bar_dominant_pdg_deuteron_vs_proton,deuteron,12564,2212,118.91581670913146,57.09534767469578,57.09534767469578,14.254143753477484,14.254143753477484,1,1,B2,14273.836918673946,57.09534767469578,57.09534767469578,2.0,7.641648040998113,0,-94.3068736828767,1
train:55:478,train,55,B6,1,7.341330876281564,9.341330876281564,9556.75,2389.1875,2.0,0.25,0,geant4_sci_bar_dominant_pdg_deuteron_vs_proton,proton,26006,2212,139.77748750619452,54.08228635530048,25.07785847460254,7.460345643097957,7.83918689035564,3,3,B6,13520.57158882512,54.08228635530048,18.02742878510016,2.0,7.033995776342159,0,-30.851256518805627,1
train:55:479,train,55,B4,1,6.438149790328577,7.438149790328577,8000.0,8000.0,1.0,1.0,1,geant4_sci_bar_dominant_pdg_deuteron_vs_proton,deuteron,8070,2212,82.98646650664128,87.12938650479924,40.977045025898185,9.672171644156677,10.54336766282382,3,1,B2,16000.0,87.12938650479924,87.12938650479924,1.0,9.229047725515791,1,-1486.9642637047718,1
train:55:480,train,55,B8,1,4.341689382473904,7.341689382473904,7668.212200982082,7668.212200982082,3.0,1.0,1,geant4_sci_bar_dominant_pdg_deuteron_vs_proton,deuteron,29907,2212,124.45502280930154,61.34569760785666,38.4423399156269,15.016385050610289,15.097660859679504,3,1,B2,15336.424401964165,61.34569760785666,61.34569760785666,3.0,8.577545202484883,1,-24.614157587914068,1
train:55:481,train,55,B8,1,9.412157332731812,10.162157332731812,11210.5,2802.625,0.75,0.25,1,geant4_sci_bar_dominant_pdg_deuteron_vs_proton,deuteron,8476,2212,58.00078117024591,96.86100518522889,62.262443920453265,10.362117661665467,10.694030520042267,6,2,B4,16000.0,96.86100518522889,48.430502592614445,3.0,6.089971191196208,1,32.43618922716047,1
train:55:482,train,55,B4,1,4.845630110322089,8.84563011032209,8000.0,8000.0,4.0,1.0,1,geant4_sci_bar_dominant_pdg_deuteron_vs_proton,deuteron,11098,2212,84.21570829220494,79.21404494744814,41.853077704374236,9.503169414618673,10.602074474835996,2,1,B2,16000.0,79.21404494744814,79.21404494744814,1.0,9.289792021481775,0,66.18199735485375,1
train:55:483,train,55,B8,1,7.749871453054186,9.249871453054187,8000.0,8000.0,1.5,1.0,0,geant4_sci_bar_dominant_pdg_deuteron_vs_proton,proton,18939,2212,158.7859264062866,75.6705582280912,31.80972882717554,7.1105690575555025,7.683045845095576,4,4,B8,16000.0,75.6705582280912,18.9176395570228,3.0,7.744058388859668,1,-110.83628029170748,1
train:55:484,train,55,B4,0,8.39562263564336,,12474.0,0.0,,0.0,1,geant4_sci_bar_dominant_pdg_deuteron_vs_proton,deuteron,11447,2212,118.3629961999385,51.80879747348387,51.80879747348387,14.042141535869412,14.042141535869414,1,1,B2,12952.199368370968,51.80879747348387,51.80879747348387,1.0,9.744700107146672,1,-1841.750009216847,0
train:55:485,train,55,B4,0,11.081409638895217,,9472.75,0.0,,0.0,0,geant4_sci_bar_dominant_pdg_deuteron_vs_proton,proton,20927,2212,134.46874519595931,69.54092449235327,21.143686957327873,7.589006437918198,8.152740746377685,4,4,B8,16000.0,69.54092449235327,17.385231123088317,1.0,3.4398107942707723,0,-63.848804414662126,0
train:55:486,train,55,B2,0,4.760024392081835,,15033.30125227748,0.0,,0.0,1,geant4_sci_bar_dominant_pdg_deuteron_vs_proton,deuteron,8196,2212,124.1556456411935,60.13320500910992,60.13320500910992,15.1592797525405,15.1592797525405,1,1,B2,15033.30125227748,60.13320500910992,60.13320500910992,0.0,8.415154474605854,1,-560.3230030348645,0
train:55:487,train,55,B2,0,8.640773854304198,,12971.78650623516,0.0,,0.0,0,geant4_sci_bar_dominant_pdg_deuteron_vs_proton,proton,13382,2212,168.8358315374221,51.887146024940634,15.125059918716863,6.977279327585651,7.431212756301999,4,4,B8,12971.78650623516,51.887146024940634,12.971786506235158,0.0,7.151895236218984,1,-431.61641312727204,0
train:55:488,train,55,B4,0,4.146758463031798,,11362.75,0.0,,0.0,0,geant4_sci_bar_dominant_pdg_deuteron_vs_proton,proton,10939,2212,157.35537684565568,81.28119845532314,38.374886185053676,7.089381909031723,7.595087085103246,9,4,B6,16000.0,81.28119845532314,20.320299613830784,1.0,8.182960901172818,0,312.19222123331434,0
train:55:489,train,55,B4,0,4.000161487074346,,12857.25,0.0,,0.0,0,geant4_sci_bar_dominant_pdg_deuteron_vs_proton,proton,25118,2212,75.34083436755172,73.46535550544516,39.31846395297167,10.10628586793034,10.54793529514688,2,1,B2,16000.0,73.46535550544516,73.46535550544516,1.0,7.006370635500532,0,274.88058301535045,0
train:55:490,train,55,B8,0,10.788774749597092,,14234.641784512323,0.0,,0.0,0,geant4_sci_bar_dominant_pdg_deuteron_vs_proton,proton,3262,2212,127.19529937424342,56.938567138049294,27.13886886698562,7.832442970499619,8.226150820048849,3,3,B6,14234.641784512323,56.938567138049294,18.979522379349763,3.0,5.846062122734144,0,-57.21606812038294,0
train:55:491,train,55,B2,0,10.334374378070155,,16000.0,0.0,,0.0,0,geant4_sci_bar_dominant_pdg_deuteron_vs_proton,proton,17754,2212,83.74607650423864,88.5525305769416,46.46625526661613,9.718287055176965,10.597938573380842,2,1,B2,16000.0,88.5525305769416,88.5525305769416,0.0,8.288638759813255,1,-2318.5032831313983,0
train:55:492,train,55,B8,0,4.877028265474008,,8743.0,0.0,,0.0,1,geant4_sci_bar_dominant_pdg_deuteron_vs_proton,deuteron,26481,2212,59.356802540365024,65.25312616397436,42.32206180645203,10.44658063892162,10.719396571299852,2,2,B4,16000.0,65.25312616397436,32.62656308198718,3.0,7.374768836280482,0,-35.239608038776396,0
train:55:493,train,55,B4,0,8.05698187081693,,16000.0,0.0,,0.0,0,geant4_sci_bar_dominant_pdg_deuteron_vs_proton,proton,18851,2212,136.48406858593592,76.93526852153447,30.048410858706006,7.574014680460977,8.178492376719886,4,4,B8,16000.0,76.93526852153447,19.233817130383617,1.0,8.623090849657245,1,-1317.7111290754747,0
train:55:494,train,55,B2,0,7.577013036393017,,16000.0,0.0,,0.0,0,geant4_sci_bar_dominant_pdg_deuteron_vs_proton,proton,3312,2212,159.0490869999827,67.1337143258711,26.558866865828232,7.067363510383585,7.6191294949869635,4,4,B8,16000.0,67.1337143258711,16.783428581467774,0.0,4.9886918959685635,1,-103.23323995150767,0
train:55:495,train,55,B4,0,10.00405532691246,,8027.25,0.0,,0.0,0,geant4_sci_bar_dominant_pdg_deuteron_vs_proton,proton,10276,2212,158.29076222217347,70.76634624257748,29.306601478077532,7.040136233311252,7.602241222370657,5,4,B8,16000.0,70.76634624257748,17.69158656064437,1.0,10.205433208757615,0,-1408.0076027883156,0
train:55:496,train,55,B8,0,9.765568923779762,,8743.0,0.0,,0.0,0,geant4_sci_bar_dominant_pdg_deuteron_vs_proton,proton,594,2212,157.3183877817001,70.72825217982415,29.58434051825769,7.080166386892031,7.651133796329954,4,4,B8,16000.0,70.72825217982415,17.68206304495604,3.0,6.190665005907421,0,50.012648953140896,0
train:55:497,train,55,B6,0,8.72775870351164,,11255.7213586779,0.0,,0.0,1,geant4_sci_bar_dominant_pdg_deuteron_vs_proton,deuteron,28651,2212,86.80235946511615,45.0228854347116,45.0228854347116,11.706548828118255,11.706548828118255,1,1,B2,11255.7213586779,45.0228854347116,45.0228854347116,2.0,7.935545645052093,1,-2008.4904645055888,0
train:55:498,train,55,B6,0,5.455387236403018,,11280.5,0.0,,0.0,1,geant4_sci_bar_dominant_pdg_deuteron_vs_proton,deuteron,7666,2212,55.393941114181615,59.1186636984425,36.25341869235415,10.288468904083967,10.540860073867243,2,2,B4,14779.665924610625,59.1186636984425,29.55933184922125,2.0,8.232805037331424,0,-33.33651082503875,0
train:55:499,train,55,B4,0,10.393785507448964,,11236.020615298052,0.0,,0.0,1,geant4_sci_bar_dominant_pdg_deuteron_vs_proton,deuteron,8812,2212,112.80797947010453,44.94408246119221,44.94408246119221,13.409734154518302,13.4097341545183,1,1,B2,11236.020615298052,44.94408246119221,44.94408246119221,1.0,5.828147875555863,0,-8.009598588130284,0
train:55:500,train,55,B2,0,6.4284392307117795,,16000.000000000002,0.0,,0.0,1,geant4_sci_bar_dominant_pdg_deuteron_vs_proton,deuteron,27594,2212,99.4066216347741,111.73166291146771,57.00355955888223,8.672279448121117,10.726425544484192,3,2,B2,16000.0,111.73166291146771,55.865831455733854,0.0,8.545148547807242,1,-625.883387988666,0
train:55:501,train,55,B8,0,6.827961976405117,,10899.0,0.0,,0.0,0,geant4_sci_bar_dominant_pdg_deuteron_vs_proton,proton,25513,2212,80.13061486442027,80.22503321356011,41.22310560170923,9.881893158226715,10.603668908152335,3,1,B2,16000.0,80.22503321356011,80.22503321356011,3.0,7.52512405456249,0,-6.917264155106401,0
train:55:502,train,55,B8,0,4.982069476713782,,12271.0,0.0,,0.0,1,geant4_sci_bar_dominant_pdg_deuteron_vs_proton,deuteron,21880,2212,53.38516093170131,59.344921039357814,36.138406623304206,10.344452892106494,10.600458033476835,3,2,B4,14836.230259839453,59.344921039357814,29.672460519678907,3.0,8.208845020052461,0,30.462639439573188,0
train:55:503,train,55,B6,0,6.76134515991572,,8006.25,0.0,,0.0,1,geant4_sci_bar_dominant_pdg_deuteron_vs_proton,deuteron,11340,2212,112.42605182156385,45.8864294875045,45.8864294875045,13.502245477143832,13.502245477143832,1,1,B2,11471.607371876125,45.8864294875045,45.8864294875045,2.0,7.948213896787234,0,-469.51355355294476,0
train:55:504,train,55,B8,0,7.761409353625554,,10113.25,0.0,,0.0,1,geant4_sci_bar_dominant_pdg_deuteron_vs_proton,deuteron,2664,2212,56.239611786799344,60.97949850940513,38.47292416524341,10.368258415067935,10.629129632561613,2,2,B4,15244.874627351282,60.97949850940513,30.489749254702566,3.0,6.603473176835425,0,-17.79095879859877,0
train:55:505,train,55,B6,0,6.0249530781106255,,9938.25,0.0,,0.0,0,geant4_sci_bar_dominant_pdg_deuteron_vs_proton,proton,22509,2212,66.1776951390294,91.87235828267536,29.52911826156924,10.602003320114449,10.974369257234985,4,2,B4,16000.0,91.87235828267536,45.93617914133768,2.0,7.311288353950016,0,40.678519129071915,0
train:55:506,train,55,B8,0,11.431779549294191,,10899.0,0.0,,0.0,0,geant4_sci_bar_dominant_pdg_deuteron_vs_proton,proton,15969,2212,133.75759818583424,62.83047766656956,22.137937439287995,7.682429276935125,8.180257886959977,4,4,B6,15707.619416642388,62.83047766656956,15.70761941664239,3.0,3.5563948836607646,1,-51.26570800765725,0
train:55:507,train,55,B8,0,6.624203472700442,,8743.0,0.0,,0.0,1,geant4_sci_bar_dominant_pdg_deuteron_vs_proton,deuteron,27454,2212,55.577438916253236,58.40957362976323,36.07342418795678,10.359666010360543,10.612502832163845,2,2,B4,14602.393407440808,58.40957362976323,29.204786814881615,3.0,8.609344864775526,0,28.997459288414213,0
train:55:508,train,55,B4,0,10.077107766005401,,14281.75,0.0,,0.0,0,geant4_sci_bar_dominant_pdg_deuteron_vs_proton,proton,17765,2212,154.25721602312015,88.31180259698864,42.604363945515956,7.173071033827674,7.809547097531704,4,4,B8,16000.0,88.31180259698864,22.07795064924716,1.0,3.761670799452304,1,-454.75117816644325,0
train:55:509,train,55,B8,0,4.504852833960787,,16000.0,0.0,,0.0,1,geant4_sci_bar_dominant_pdg_deuteron_vs_proton,deuteron,22929,2212,60.022520580341215,65.54470689501339,42.191841834048105,10.528713374044328,10.80003644720659,2,2,B4,16000.0,65.54470689501339,32.772353447506696,3.0,8.789988870514435,1,-7.646994539553884,0
train:55:510,train,55,B4,0,9.515071057251713,,5636.75,0.0,,0.0,0,geant4_sci_bar_dominant_pdg_deuteron_vs_proton,proton,3209,2212,150.68512686899481,80.6900286317271,32.857673295205736,7.177046610272278,7.7819251361922674,4,4,B8,16000.0,80.6900286317271,20.172507157931776,1.0,5.125357433902741,0,-38.3457907161459,0
train:55:511,train,55,B8,0,10.53730167234312,,9112.25,0.0,,0.0,1,geant4_sci_bar_dominant_pdg_deuteron_vs_proton,deuteron,15494,2212,74.05068795456015,66.07929688586708,32.872835116017654,10.249473242099947,10.631072481328834,3,1,B2,16000.0,66.07929688586708,66.07929688586708,3.0,5.623972925199884,0,-19.83651278312346,0
train:55:512,train,55,B4,0,7.075102632014341,,4428.892170880571,0.0,,0.0,0,geant4_sci_bar_dominant_pdg_deuteron_vs_proton,proton,22708,2212,139.3275998867783,17.715568683522285,11.24221610012814,7.466420179140107,7.5114965895574155,3,1,B2,4428.892170880571,17.715568683522285,17.715568683522285,1.0,9.407618690195433,0,-1406.8974989261988,0
train:55:513,train,55,B8,0,4.591759753565644,,7950.25,0.0,,0.0,1,geant4_sci_bar_dominant_pdg_deuteron_vs_proton,deuteron,15617,2212,68.45618024475412,135.57779874429497,65.61164378268741,10.69620218547542,11.007976607743785,3,2,B4,16000.0,135.57779874429497,67.78889937214748,3.0,8.400904054547256,0,-189.01253511046613,0
train:55:514,train,55,B8,0,8.331661800345,,8743.0,0.0,,0.0,0,geant4_sci_bar_dominant_pdg_deuteron_vs_proton,proton,1391,2212,149.40398509927095,78.32604002549085,30.876843081603138,7.262987973292875,7.8638499327303295,4,4,B8,16000.0,78.32604002549085,19.581510006372714,3.0,6.815277531728378,0,-54.53429947457727,0
train:55:515,train,55,B8,0,7.529220909041378,,12271.0,0.0,,0.0,0,geant4_sci_bar_dominant_pdg_deuteron_vs_proton,proton,23781,2212,149.44099761158185,58.14041303940023,23.25365639510386,7.233623676657473,7.624019526543049,5,3,B6,14535.103259850057,58.14041303940023,19.380137679800075,3.0,7.139739832896048,0,21.663757093803795,0
train:55:516,train,55,B8,0,8.646900821691927,,13828.228400542197,0.0,,0.0,0,geant4_sci_bar_dominant_pdg_deuteron_vs_proton,proton,12927,2212,164.14156146273703,55.31291360216879,18.418050953038406,6.999404329639552,7.475231674899017,4,4,B8,13828.228400542197,55.31291360216879,13.828228400542198,3.0,6.615531262313582,0,18.107726243457595,0
train:55:517,train,55,B2,0,8.11024457754233,,16000.0,0.0,,0.0,0,geant4_sci_bar_dominant_pdg_deuteron_vs_proton,proton,21783,2212,103.30296607493476,98.81653554490104,45.389201141905886,8.693712577266773,10.198516586818675,3,2,B4,16000.0,98.81653554490104,49.40826777245052,0.0,10.949542271985873,1,-4289.623281206104,0
train:55:518,train,55,B6,0,5.046058485193809,,9556.75,0.0,,0.0,1,geant4_sci_bar_dominant_pdg_deuteron_vs_proton,deuteron,3762,2212,93.87520778834708,88.02546920498276,64.1914255376903,8.999544753760684,11.213857840574294,2,1,B2,16000.0,88.02546920498276,88.02546920498276,2.0,10.309522568454511,0,-917.0288299959084,0
train:55:519,train,55,B8,0,4.124128816142958,,10899.0,0.0,,0.0,0,geant4_sci_bar_dominant_pdg_deuteron_vs_proton,proton,11756,2212,137.82996454782548,73.84339287586764,24.067335128784176,7.520131201060911,8.113785831388768,6,4,B8,16000.0,73.84339287586764,18.46084821896691,3.0,8.011600343344018,0,6.703849190227251,0
train:55:520,train,55,B8,0,4.292778890609446,,10097.5,0.0,,0.0,1,geant4_sci_bar_dominant_pdg_deuteron_vs_proton,deuteron,25960,2212,123.40183679277894,62.22204617817101,62.22204617817101,14.805145193934667,14.805145193934667,1,1,B2,15555.511544542753,62.22204617817101,62.22204617817101,3.0,7.856235384257056,0,-25.614554120432462,0
train:55:521,train,55,B6,0,5.646669624439301,,13314.0,0.0,,0.0,1,geant4_sci_bar_dominant_pdg_deuteron_vs_proton,deuteron,8817,2212,75.6544513947741,59.987939597994455,34.332273609381794,9.8050935105706,10.559079744071703,2,1,B2,14996.984899498613,59.987939597994455,59.987939597994455,2.0,8.252705578449909,0,20.756301807325052,0
train:55:522,train,55,B6,0,6.354424264398176,,10540.25,0.0,,0.0,0,geant4_sci_bar_dominant_pdg_deuteron_vs_proton,proton,1203,2212,143.26112705362564,58.1952892012389,22.6308489658047,7.374889563057414,7.8266458527587766,5,4,B6,14548.822300309725,58.1952892012389,14.548822300309725,2.0,8.364071646904709,0,16.165889677037104,0
train:55:523,train,55,B4,0,4.5955212432712615,,16000.0,0.0,,0.0,1,geant4_sci_bar_dominant_pdg_deuteron_vs_proton,deuteron,20050,2212,119.1869343790619,65.73650553806446,65.73650553806446,14.306971540418115,14.306971540418115,1,1,B2,16000.0,65.73650553806446,65.73650553806446,1.0,8.900314421657125,1,94.36739034415163,0
train:55:524,train,55,B6,0,7.640690047837149,,13725.25,0.0,,0.0,1,geant4_sci_bar_dominant_pdg_deuteron_vs_proton,deuteron,27087,2212,90.39413167856561,55.86980242310145,55.86980242310145,11.936713537283218,11.936713537283218,1,1,B2,13967.450605775362,55.86980242310145,55.86980242310145,2.0,8.208092629864417,0,26.282080232908243,0
train:55:525,train,55,B2,0,11.296262683346317,,16000.000000000002,0.0,,0.0,1,geant4_sci_bar_dominant_pdg_deuteron_vs_proton,deuteron,19510,2212,90.32024131427747,87.76852066631874,30.101920638375855,9.313761135460977,11.12939374729677,4,1,B2,16000.0,87.76852066631874,87.76852066631874,0.0,8.318199080694438,1,-2766.9823236399243,0
train:55:526,train,55,B6,0,9.086266841567596,,7311.5,0.0,,0.0,0,geant4_sci_bar_dominant_pdg_deuteron_vs_proton,proton,2949,2212,152.09494292642538,86.53733155539184,41.46119056586295,7.209620255537045,7.843798149345561,4,4,B8,16000.0,86.53733155539184,21.63433288884796,2.0,4.982937037869202,0,-71.18592235535984,0
train:55:527,train,55,B2,0,7.3598344605547545,,5867.598937852935,0.0,,0.0,0,geant4_sci_bar_dominant_pdg_deuteron_vs_proton,proton,21158,2212,170.28005035800646,23.47039575141174,12.690753568265016,6.960951287498083,7.102424981183583,2,2,B4,5867.598937852935,23.47039575141174,11.73519787570587,0.0,7.31022899481824,0,-828.3398911670913,0
train:56:528,train,56,B8,1,4.570861959161361,5.570861959161361,9142.857142857143,6857.142857142857,1.0,0.75,1,geant4_sci_bar_dominant_pdg_deuteron_vs_proton,deuteron,7170,2212,96.59830872604117,81.98045190811885,57.18737550518076,8.959465518303633,11.424248241969147,2,1,B2,16000.0,81.98045190811885,81.98045190811885,3.0,10.695072213722932,1,-466.9067824481408,1
train:56:529,train,56,B4,1,4.521694483533522,9.521694483533523,5762.75,1440.6875,5.0,0.25,0,geant4_sci_bar_dominant_pdg_deuteron_vs_proton,proton,9170,2212,149.0964135288787,82.16946747724093,36.07026832323032,7.241395534736279,7.861909159536524,4,4,B8,16000.0,82.16946747724093,20.542366869310232,1.0,9.56179625869577,0,-1255.231522682611,1
train:56:530,train,56,B6,1,5.052400739923212,9.052400739923211,12800.0,3200.0,4.0,0.25,1,geant4_sci_bar_dominant_pdg_deuteron_vs_proton,deuteron,19139,2212,91.20539847109562,78.81944584227129,53.05072217221722,9.01132292157638,10.97805601301839,2,1,B2,16000.0,78.81944584227129,78.81944584227129,2.0,9.755584786266827,0,40.895315810996564,1
train:56:531,train,56,B2,1,4.11297227693456,10.11297227693456,12800.0,3200.0,6.0,0.25,0,geant4_sci_bar_dominant_pdg_deuteron_vs_proton,proton,10943,2212,78.78501135763726,77.30726753020664,40.17837143000026,10.074311819277344,10.615713616790869,2,1,B2,16000.0,77.30726753020664,77.30726753020664,0.0,8.14318293977405,1,-303.0087922651411,1
train:56:532,train,56,B4,1,6.306032161657991,9.306032161657992,8844.5,6633.375,3.0,0.75,1,geant4_sci_bar_dominant_pdg_deuteron_vs_proton,deuteron,8178,2212,64.66896366557386,74.18550751067869,50.10778739745281,10.68945740516035,10.982293810341726,3,2,B4,16000.0,74.18550751067869,37.092753755339345,1.0,9.148177043399015,1,-357.346446059887,1
train:56:533,train,56,B6,1,4.3651495426534845,10.365149542653484,8084.633452955305,6063.4750897164795,6.0,0.75,0,geant4_sci_bar_dominant_pdg_deuteron_vs_proton,proton,21610,2212,160.89109361576467,56.59243417068714,19.213494892212626,7.005817332709523,7.488303824729299,4,4,B8,14148.108542671785,56.59243417068714,14.148108542671785,2.0,10.858290408203858,1,-791.9015345797081,1
train:56:534,train,56,B8,1,7.334737122268441,11.334737122268441,2979.938316405519,2234.953737304139,4.0,0.75,0,geant4_sci_bar_dominant_pdg_deuteron_vs_proton,proton,3560,2212,125.53316587765997,20.85956821483863,13.96297467628489,7.948519609396682,8.0489271162639,2,2,B2,5214.892053709658,20.85956821483863,10.429784107419316,3.0,7.677070474712083,0,24.733435480474874,1
train:56:535,train,56,B2,1,5.461364801975234,10.461364801975234,12800.0,3200.0,5.0,0.25,1,geant4_sci_bar_dominant_pdg_deuteron_vs_proton,deuteron,24384,2212,97.56648564450714,121.76713381263124,57.29684972260451,8.749294277324799,10.629760984872643,3,2,B2,16000.0,121.76713381263124,60.88356690631562,0.0,9.531017423249285,1,-1804.130038013918,1
train:56:536,train,56,B2,1,4.6990133397475855,8.699013339747586,12800.0,3200.0,4.0,0.25,1,geant4_sci_bar_dominant_pdg_deuteron_vs_proton,deuteron,15987,2212,64.64843610047664,75.0640706210719,44.446118663421665,10.556264164450232,10.875247639301719,4,2,B4,16000.0,75.0640706210719,37.53203531053595,0.0,10.358959078136857,1,-2692.0076969857814,1
train:56:537,train,56,B2,1,6.955006185376835,7.455006185376835,8505.111522772084,4252.555761386042,0.5,0.5,0,geant4_sci_bar_dominant_pdg_deuteron_vs_proton,proton,4078,2212,132.2939222993458,51.0306691366325,22.864303051736773,7.679457314428656,8.04872774719867,3,3,B6,12757.667284158124,51.0306691366325,17.010223045544166,0.0,10.179691617651667,1,-3731.4587673878773,1
train:56:538,train,56,B4,1,6.924993530743606,7.424993530743606,6704.709753062647,3352.3548765313235,0.5,0.5,1,geant4_sci_bar_dominant_pdg_deuteron_vs_proton,deuteron,29357,2212,110.67435479535328,40.22825851837588,40.22825851837588,13.205751484183672,13.205751484183672,1,1,B2,10057.06462959397,40.22825851837588,40.22825851837588,1.0,8.646674084488211,0,-373.3054342909767,1
train:56:539,train,56,B2,1,8.293615448827484,9.043615448827484,11367.07594131442,2841.768985328605,0.75,0.25,1,geant4_sci_bar_dominant_pdg_deuteron_vs_proton,deuteron,4686,2212,55.23408645863979,56.8353797065721,34.74615905302425,10.330404592811341,10.580599105192269,2,2,B4,14208.844926643025,56.8353797065721,28.41768985328605,0.0,10.67952539282454,1,-3511.692697874439,1
train:56:540,train,56,B4,1,9.089862715470824,10.589862715470824,6205.713704840769,6205.713704840769,1.5,1.0,1,geant4_sci_bar_dominant_pdg_deuteron_vs_proton,deuteron,17849,2212,62.387509240220275,49.64570963872615,20.152133417599856,10.588520171073798,10.70533129066757,7,1,B2,12411.427409681539,49.64570963872615,49.64570963872615,1.0,7.128279386311301,1,-362.8033760361112,1
train:56:541,train,56,B6,1,6.3269277462765405,11.32692774627654,8684.118421569208,4342.059210784604,5.0,0.5,0,geant4_sci_bar_dominant_pdg_deuteron_vs_proton,proton,25489,2212,165.70233014754098,52.10471052941526,17.403591550672132,6.991029970270829,7.4642809887390476,4,4,B8,13026.177632353814,52.10471052941526,13.026177632353814,2.0,7.3404127237255885,0,-31.84615279657701,1
train:56:542,train,56,B4,1,4.999694363156928,10.999694363156928,3849.162633517315,1924.5813167586575,6.0,0.5,0,geant4_sci_bar_dominant_pdg_deuteron_vs_proton,proton,12392,2212,169.89754930275683,23.09497580110389,12.015681782144942,6.989091758762708,7.124963141160868,2,2,B4,5773.743950275973,23.09497580110389,11.547487900551944,1.0,8.365574351315312,0,-301.0206857420258,1
train:56:543,train,56,B6,1,5.1916626910425485,7.1916626910425485,6093.5,3046.75,2.0,0.5,1,geant4_sci_bar_dominant_pdg_deuteron_vs_proton,deuteron,773,2212,120.88973415948779,64.84624595705665,64.84624595705665,14.523995409551933,14.523995409551933,1,1,B2,16000.0,64.84624595705665,64.84624595705665,2.0,7.27204656342619,0,-30.001817079775268,1
train:56:544,train,56,B6,1,6.138807538748647,9.138807538748647,8000.0,8000.0,3.0,1.0,1,geant4_sci_bar_dominant_pdg_deuteron_vs_proton,deuteron,10465,2212,66.05683528802491,87.28832520753275,32.5033386910852,10.685027571486048,11.005146040764329,3,2,B4,16000.0,87.28832520753275,43.644162603766375,2.0,8.230886692868792,1,-115.25807600745122,1
train:56:545,train,56,B4,1,7.50264750533332,8.25264750533332,6650.02558858789,6650.02558858789,0.75,1.0,0,geant4_sci_bar_dominant_pdg_deuteron_vs_proton,proton,22366,2212,168.05348123459837,53.20020470870312,17.210824232175632,7.011511737633417,7.482502202973098,4,4,B8,13300.05117717578,53.20020470870312,13.30005117717578,1.0,9.42212657439937,1,-1065.590068181553,1
train:56:546,train,56,B8,1,4.1865051098589365,4.6865051098589365,1763.497561623931,881.7487808119655,0.5,0.5,0,geant4_sci_bar_dominant_pdg_deuteron_vs_proton,proton,28247,2212,169.72693358187558,10.580985369743587,9.950309986023791,7.03095611719514,7.046504179552459,2,2,B2,2645.2463424358966,10.580985369743587,5.2904926848717935,3.0,9.521260875797989,0,44.060011965837845,1
train:56:547,train,56,B4,1,9.410637471260372,10.910637471260372,8000.000000000001,8000.000000000001,1.5,1.0,1,geant4_sci_bar_dominant_pdg_deuteron_vs_proton,deuteron,17890,2212,91.46169058373904,83.7061837531332,57.88932405626874,9.072556466572403,11.070431483716444,2,1,B2,16000.0,83.7061837531332,83.7061837531332,1.0,6.776376554741876,1,23.791373843239313,1
train:56:548,train,56,B6,1,9.147741815039353,11.147741815039353,11038.41597536637,2759.6039938415925,2.0,0.25,0,geant4_sci_bar_dominant_pdg_deuteron_vs_proton,proton,26873,2212,159.94554942793476,55.19207987683184,31.292303085327156,7.054363100409289,7.437599839310601,5,3,B6,13798.01996920796,55.19207987683184,18.397359958943948,2.0,7.0293869942501335,0,42.471724681873994,1
train:56:549,train,56,B8,1,5.531522457794629,6.281522457794629,4597.827317187239,3448.3704878904296,0.75,0.75,1,geant4_sci_bar_dominant_pdg_deuteron_vs_proton,deuteron,11616,2212,123.37615315815349,32.18479122031067,32.18479122031067,14.957906369303188,14.957906369303188,1,1,B2,8046.197805077668,32.18479122031067,32.18479122031067,3.0,8.441076318489031,0,-58.781408612939984,1
train:56:550,train,56,B8,1,4.191586132332471,7.191586132332471,8260.968897793451,6195.726673345088,3.0,0.75,0,geant4_sci_bar_dominant_pdg_deuteron_vs_proton,proton,21479,2212,161.00283948113838,57.826782284554156,18.90737916654469,7.051382747566368,7.533827486859466,4,4,B8,14456.695571138538,57.826782284554156,14.456695571138539,3.0,9.472184831902052,1,-315.89695278207796,1
train:56:551,train,56,B8,1,6.234672191301937,7.234672191301937,7287.252349047354,7287.252349047354,1.0,1.0,0,geant4_sci_bar_dominant_pdg_deuteron_vs_proton,proton,10425,2212,128.6756437560066,58.29801879237883,27.53684807379742,7.765019368629277,8.154218082823165,4,3,B6,14574.504698094708,58.29801879237883,19.432672930792943,3.0,8.268620002115082,1,25.477172291417137,1
train:56:552,train,56,B8,1,4.969844176521122,10.969844176521121,10666.666666666666,5333.333333333333,6.0,0.5,1,geant4_sci_bar_dominant_pdg_deuteron_vs_proton,deuteron,23586,2212,88.65834740189332,78.03078300231587,47.779367734021235,9.19426913376761,10.82565787899592,2,1,B2,16000.0,78.03078300231587,78.03078300231587,3.0,9.586063005499339,0,-15.131556767742346,1
train:56:553,train,56,B2,1,5.771123051343891,10.771123051343892,7999.999999999999,7999.999999999999,5.0,1.0,1,geant4_sci_bar_dominant_pdg_deuteron_vs_proton,deuteron,217,2212,81.7375224317182,81.25634137215764,40.80951943938432,9.96985621985249,10.726199329563325,2,1,B2,16000.0,81.25634137215764,81.25634137215764,0.0,10.6778117348371,1,-3236.563493243762,1
train:56:554,train,56,B6,1,4.851137276239141,7.851137276239141,7299.25,3649.625,3.0,0.5,0,geant4_sci_bar_dominant_pdg_deuteron_vs_proton,proton,24329,2212,156.59583062340147,79.85992512242773,36.19398793017688,7.11397543098474,7.715313870390026,4,4,B8,16000.0,79.85992512242773,19.96498128060693,2.0,7.630391728409624,0,-34.905758091111856,1
train:56:555,train,56,B2,1,4.832679883376353,8.832679883376354,7883.065234850533,5912.2989261379,4.0,0.75,0,geant4_sci_bar_dominant_pdg_deuteron_vs_proton,proton,25365,2212,139.660721600839,55.18145664395373,26.599279628599053,7.409064949014947,7.795605029801222,3,3,B6,13795.364160988433,55.18145664395373,18.39381888131791,0.0,10.0007176894824,0,-931.7601071814036,1
train:56:556,train,56,B8,1,5.427441455993406,11.427441455993407,7777.463442109392,5833.097581582045,6.0,0.75,0,geant4_sci_bar_dominant_pdg_deuteron_vs_proton,proton,15541,2212,165.28998200069236,54.442244094765755,18.065319234436235,7.020737136107522,7.494151409431694,4,4,B8,13610.561023691438,54.442244094765755,13.610561023691439,3.0,9.617081596180338,0,-59.33907095483417,1
train:56:557,train,56,B8,1,4.86028285198383,9.860282851983829,1781.085707616808,445.271426904202,5.0,0.25,1,geant4_sci_bar_dominant_pdg_deuteron_vs_proton,deuteron,2942,2212,50.25187851748916,8.90542853808404,8.90542853808404,10.207262216584896,10.207262216584896,1,1,B2,2226.35713452101,8.90542853808404,8.90542853808404,3.0,10.063941850026334,0,-439.0093882758476,1
train:56:558,train,56,B6,1,4.872830702721112,10.872830702721112,10503.5,5251.75,6.0,0.5,0,geant4_sci_bar_dominant_pdg_deuteron_vs_proton,proton,4228,2212,151.05591656233798,84.50217905799747,40.47400326880247,7.202030667708468,7.839501547036598,4,4,B8,16000.0,84.50217905799747,21.125544764499367,2.0,7.989145245299998,1,7.141411134217627,1
train:56:559,train,56,B8,1,5.31585026069201,11.31585026069201,8022.275944247464,6016.7069581855985,6.0,0.75,0,geant4_sci_bar_dominant_pdg_deuteron_vs_proton,proton,8860,2212,160.79393221400917,56.15593160973225,18.95669826017631,7.0304339539121825,7.51712498094378,4,4,B8,14038.982902433063,56.15593160973225,14.038982902433062,3.0,9.151023546376758,0,30.33195129321928,1
train:56:560,train,56,B2,1,6.327106715290382,11.327106715290382,8000.0,8000.0,5.0,1.0,0,geant4_sci_bar_dominant_pdg_deuteron_vs_proton,proton,10129,2212,150.60584151368084,80.475267892213,33.213000370367894,7.243748604814793,7.849460049434063,4,4,B8,16000.0,80.475267892213,20.11881697305325,0.0,9.04586973713132,1,-953.0648389288132,1
train:56:561,train,56,B4,1,10.487718214125753,10.987718214125753,7304.511095449754,5478.383321587316,0.5,0.75,1,geant4_sci_bar_dominant_pdg_deuteron_vs_proton,deuteron,763,2212,100.35216334539878,51.131577668148275,51.131577668148275,12.805223534562199,12.805223534562199,1,1,B2,12782.894417037069,51.131577668148275,51.131577668148275,1.0,7.732610673505206,1,-1811.8324195037444,1
train:56:562,train,56,B4,1,6.151010721099814,6.651010721099814,10408.902782482677,5204.451391241339,0.5,0.5,1,geant4_sci_bar_dominant_pdg_deuteron_vs_proton,deuteron,15282,2212,58.22409305727853,62.45341669489606,39.300387496523825,10.343053909680675,10.604876933839229,2,2,B4,15613.354173724016,62.45341669489606,31.22670834744803,1.0,9.133177935578514,1,-20.59420337192885,1
train:56:563,train,56,B6,1,5.618875979022855,7.618875979022855,10731.0,2682.75,2.0,0.25,0,geant4_sci_bar_dominant_pdg_deuteron_vs_proton,proton,5821,2212,166.3345509211441,55.188423738286694,18.288495091185517,7.052796116464675,7.531582229521676,4,4,B8,13797.105934571673,55.188423738286694,13.797105934571674,2.0,9.445636608760651,0,-31.413585583606057,1
train:56:564,train,56,B4,1,4.172396774455461,10.17239677445546,7254.756878384337,3627.3784391921686,6.0,0.5,1,geant4_sci_bar_dominant_pdg_deuteron_vs_proton,deuteron,16155,2212,109.63574408166387,43.52854127030602,41.546696327169364,8.47748752309129,13.043221721185425,2,1,B2,10882.135317576505,43.52854127030602,43.52854127030602,1.0,8.278613642558112,0,221.23218613778306,1
train:56:565,train,56,B6,1,8.533667807446982,10.533667807446982,7925.217486254493,5943.91311469087,2.0,0.75,0,geant4_sci_bar_dominant_pdg_deuteron_vs_proton,proton,12786,2212,163.03516221992572,55.47652240378145,19.15842020689177,6.997703380998611,7.4881754177639746,5,4,B8,13869.130600945364,55.47652240378145,13.869130600945363,2.0,6.856229060331543,0,-25.06189617628513,1
train:56:566,train,56,B2,1,8.155364540351304,8.905364540351304,10109.812364690797,5054.9061823453985,0.75,0.5,0,geant4_sci_bar_dominant_pdg_deuteron_vs_proton,proton,22322,2212,150.97721391972198,60.65887418814478,21.20092342108139,7.180850948566487,7.601763713404872,4,3,B6,15164.718547036195,60.65887418814478,20.219624729381593,0.0,9.700965111564553,1,-3241.0619136020932,1
train:56:567,train,56,B8,1,10.15129265243306,10.90129265243306,10314.5,2578.625,0.75,0.25,1,geant4_sci_bar_dominant_pdg_deuteron_vs_proton,deuteron,21427,2212,101.51947125579227,100.6552061899707,51.20052371860264,8.690981000347442,10.848997091593617,3,2,B2,16000.0,100.6552061899707,50.32760309498535,3.0,5.804569805496947,0,38.2073846644396,1
train:56:568,train,56,B2,1,4.419084206924257,9.419084206924257,9142.857142857143,6857.142857142857,5.0,0.75,0,geant4_sci_bar_dominant_pdg_deuteron_vs_proton,proton,91,2212,157.93323059129432,71.84224991948751,29.86526008750005,7.092024861588155,7.661842624155534,4,4,B8,16000.0,71.84224991948751,17.96056247987188,0.0,8.904189021055327,0,694.1989441158664,1
train:56:569,train,56,B2,1,4.8814347717155835,7.8814347717155835,10666.666666666668,5333.333333333334,3.0,0.5,1,geant4_sci_bar_dominant_pdg_deuteron_vs_proton,deuteron,28384,2212,100.31506548381829,106.64510633285329,51.84548060852353,8.738923457221357,10.779853301158393,3,2,B2,16000.0,106.64510633285329,53.322553166426644,0.0,10.951592367896456,1,-1489.366517025226,1
train:56:570,train,56,B6,1,4.7013032819046146,5.2013032819046146,12800.0,3200.0,0.5,0.25,0,geant4_sci_bar_dominant_pdg_deuteron_vs_proton,proton,23929,2212,135.46942331431583,75.93388739445155,27.952352495305565,7.577537098795478,8.169537771054726,4,4,B8,16000.0,75.93388739445155,18.983471848612886,2.0,8.737931359544245,1,12.635010595870607,1
train:56:571,train,56,B6,1,4.808650756277027,6.308650756277027,6890.427657913688,6890.427657913688,1.5,1.0,0,geant4_sci_bar_dominant_pdg_deuteron_vs_proton,proton,20614,2212,165.5188836434121,55.123421263309496,18.315858134088845,7.015805930336497,7.482279598525085,4,4,B8,13780.855315827373,55.123421263309496,13.780855315827374,2.0,7.89872346616386,0,32.874503238487755,1
train:56:572,train,56,B6,0,9.23867292500226,,13016.134799339841,0.0,,0.0,0,geant4_sci_bar_dominant_pdg_deuteron_vs_proton,proton,1042,2212,149.83887310805864,52.064539197359366,22.31708505728036,7.2271274746531065,7.60555958135405,5,3,B6,13016.134799339841,52.064539197359366,17.35484639911979,2.0,6.068083415409715,1,-58.31154701330334,0
train:56:573,train,56,B4,0,10.040676813654493,,14950.25,0.0,,0.0,0,geant4_sci_bar_dominant_pdg_deuteron_vs_proton,proton,18311,2212,147.34685065051067,68.7091183001636,21.456643353259906,7.279774022717391,7.8083178884828905,4,4,B6,16000.0,68.7091183001636,17.1772795750409,1.0,6.2389357919552335,1,-16.214984363501873,0
train:56:574,train,56,B4,0,7.4856784651100385,,11151.0,0.0,,0.0,1,geant4_sci_bar_dominant_pdg_deuteron_vs_proton,deuteron,6536,2212,119.28405578510879,51.15636204377905,39.84467522275771,14.403412108050997,14.457654009279416,5,1,B2,12789.090510944761,51.15636204377905,51.15636204377905,1.0,7.841262195466603,0,-222.29961573027003,0
train:56:575,train,56,B6,0,9.713820615917054,,10992.629362353866,0.0,,0.0,1,geant4_sci_bar_dominant_pdg_deuteron_vs_proton,deuteron,13581,2212,112.47526801707765,43.97051744941546,43.97051744941546,13.500674892489405,13.500674892489405,1,1,B2,10992.629362353866,43.97051744941546,43.97051744941546,2.0,8.425436376538084,1,-804.2479315442629,0
train:56:576,train,56,B2,0,7.978405133661048,,15051.024741362595,0.0,,0.0,1,geant4_sci_bar_dominant_pdg_deuteron_vs_proton,deuteron,11711,2212,96.01925589801259,60.20409896545038,60.20409896545038,12.274488020233122,12.274488020233122,1,1,B2,15051.024741362595,60.20409896545038,60.20409896545038,0.0,7.964835317491249,1,-1107.7703317232174,0
train:56:577,train,56,B6,0,4.64917246641512,,11000.5,0.0,,0.0,0,geant4_sci_bar_dominant_pdg_deuteron_vs_proton,proton,29280,2212,71.66088459794598,66.68107870468026,30.123483590734473,11.008083071467805,11.298873009556594,4,1,B2,16000.0,66.68107870468026,66.68107870468026,2.0,9.006642453001705,0,-31.884126124054248,0
train:56:578,train,56,B2,0,6.800859100761109,,16000.0,0.0,,0.0,1,geant4_sci_bar_dominant_pdg_deuteron_vs_proton,deuteron,26341,2212,86.14351213045208,78.20292032403,43.95615958060857,9.418807117886555,10.717564384397537,2,1,B2,16000.0,78.20292032403,78.20292032403,0.0,7.769746140119855,1,-1057.6927415263672,0
train:56:579,train,56,B6,0,7.245215674670035,,9884.0,0.0,,0.0,1,geant4_sci_bar_dominant_pdg_deuteron_vs_proton,deuteron,4460,2212,98.73370755523919,111.01198596743501,57.742413317724676,8.730625496805814,10.740405192537324,3,2,B2,16000.0,111.01198596743501,55.505992983717505,2.0,7.523943868807006,0,8.80400929280728,0
train:56:580,train,56,B4,0,10.541499638950285,,13518.75,0.0,,0.0,1,geant4_sci_bar_dominant_pdg_deuteron_vs_proton,deuteron,3110,2212,102.33688238658651,103.7266712606679,50.64348553429387,8.586607890995765,10.798769926444756,3,2,B2,16000.0,103.7266712606679,51.86333563033395,1.0,5.711627310824991,0,24.578179424535847,0
train:56:581,train,56,B2,0,10.966715327064339,,13391.11965257459,0.0,,0.0,1,geant4_sci_bar_dominant_pdg_deuteron_vs_proton,deuteron,12642,2212,115.8008272381286,53.564478610298366,53.564478610298366,14.048038874067263,14.048038874067261,1,1,B2,13391.11965257459,53.564478610298366,53.564478610298366,0.0,9.10862512068968,1,-4475.360785568781,0
train:56:582,train,56,B4,0,5.404292049059543,,8286.25,0.0,,0.0,1,geant4_sci_bar_dominant_pdg_deuteron_vs_proton,deuteron,6868,2212,57.758947995119634,65.86073589814733,21.99398952279812,10.407097645556034,10.534969312873503,6,1,B2,16000.0,65.86073589814733,65.86073589814733,1.0,9.975543682451137,0,-951.1541203148697,0
train:56:583,train,56,B6,0,9.581127569624643,,13251.0,0.0,,0.0,1,geant4_sci_bar_dominant_pdg_deuteron_vs_proton,deuteron,14049,2212,96.53699600761264,116.95407302540966,57.13775115755673,8.898482828551446,10.767908995601525,3,2,B2,16000.0,116.95407302540966,58.47703651270483,2.0,6.506251185555739,0,-8.475839428863244,0
train:56:584,train,56,B8,0,7.78994992698215,,7404.041451546714,0.0,,0.0,0,geant4_sci_bar_dominant_pdg_deuteron_vs_proton,proton,7477,2212,130.87153872315508,29.61616580618685,16.16445097536059,7.667997672542716,7.828261979104663,2,2,B4,7404.041451546713,29.61616580618685,14.808082903093425,3.0,7.129333045322864,0,-41.17363358600247,0
train:56:585,train,56,B8,0,9.924981932369537,,11109.0,0.0,,0.0,1,geant4_sci_bar_dominant_pdg_deuteron_vs_proton,deuteron,7810,2212,97.24703064051667,117.56696403366647,57.47246955829148,8.864149471638767,10.712917320233537,4,2,B2,16000.0,117.56696403366647,58.78348201683323,3.0,5.896684526331953,0,-52.59877549439537,0
train:56:586,train,56,B2,0,9.988765546806771,,14487.322423147936,0.0,,0.0,1,geant4_sci_bar_dominant_pdg_deuteron_vs_proton,deuteron,20213,2212,53.371899536577736,57.94928969259175,35.39128189279615,10.310682484890657,10.560460839963804,2,2,B4,14487.322423147936,57.94928969259175,28.974644846295874,0.0,6.286811612417497,1,-360.6216045588037,0
train:56:587,train,56,B4,0,8.654126667592909,,8468.25,0.0,,0.0,0,geant4_sci_bar_dominant_pdg_deuteron_vs_proton,proton,22570,2212,152.65516536026735,87.31393977596342,43.67198968186668,7.1710823573649645,7.817996151110194,4,4,B8,16000.0,87.31393977596342,21.828484943990855,1.0,5.447969188475846,0,-47.195954929360624,0
train:56:588,train,56,B6,0,8.930296557708214,,3716.182705369268,0.0,,0.0,0,geant4_sci_bar_dominant_pdg_deuteron_vs_proton,proton,5141,2212,126.5228819108513,14.864730821477073,13.943397234868165,7.910693676787967,7.929417198159954,2,2,B2,3716.182705369268,14.864730821477073,7.432365410738536,2.0,6.907907769846618,0,37.56097502613659,0
train:56:589,train,56,B6,0,10.71562169129978,,5516.0,0.0,,0.0,1,geant4_sci_bar_dominant_pdg_deuteron_vs_proton,deuteron,711,2212,111.49295082176955,40.80265762340592,40.80265762340592,13.198749050838842,13.198749050838842,1,1,B2,10200.66440585148,40.80265762340592,40.80265762340592,2.0,4.195910697950617,0,24.340272250143578,0
train:56:590,train,56,B6,0,10.910500074801554,,7218.75,0.0,,0.0,0,geant4_sci_bar_dominant_pdg_deuteron_vs_proton,proton,7995,2212,157.1631856932336,79.29172148423464,29.963377877355313,7.098083345230559,7.721568810640928,8,4,B8,16000.0,79.29172148423464,19.82293037105866,2.0,4.784753170285132,0,-36.591568674474075,0
train:56:591,train,56,B8,0,8.206850961716501,,6504.75,0.0,,0.0,0,geant4_sci_bar_dominant_pdg_deuteron_vs_proton,proton,8392,2212,65.9714409656678,50.46078971704129,20.60856631104309,10.586475022713996,10.69207476415728,6,1,B2,12615.19742926032,50.46078971704129,50.46078971704129,3.0,8.40807885703962,0,-724.5645529068595,0
train:56:592,train,56,B2,0,7.027747686753042,,14830.525599563098,0.0,,0.0,1,geant4_sci_bar_dominant_pdg_deuteron_vs_proton,deuteron,29742,2212,119.32170738338341,59.32210239825239,59.32210239825239,14.169557751110574,14.169557751110574,1,1,B2,14830.525599563098,59.32210239825239,59.32210239825239,0.0,8.200285835553276,1,-1026.546315202545,0
train:56:593,train,56,B6,0,5.071899551652313,,13265.0,0.0,,0.0,0,geant4_sci_bar_dominant_pdg_deuteron_vs_proton,proton,7759,2212,105.88283364806985,103.95112360298708,47.19959545939262,8.698010059978351,10.455183225010087,3,2,B4,16000.0,103.95112360298708,51.97556180149354,2.0,8.816345542769904,0,-17.02251966061703,0
train:56:594,train,56,B2,0,5.589354381191033,,16000.0,0.0,,0.0,1,geant4_sci_bar_dominant_pdg_deuteron_vs_proton,deuteron,6001,2212,73.1005983016279,65.66153481067914,34.34668455255066,10.602901424562484,10.825148551234816,2,1,B2,16000.0,65.66153481067914,65.66153481067914,0.0,9.972396141957038,1,-1988.663303444666,0
train:56:595,train,56,B6,0,6.276900082613944,,12960.5,0.0,,0.0,1,geant4_sci_bar_dominant_pdg_deuteron_vs_proton,deuteron,6820,2212,85.00851489606485,55.47359718566673,41.00569219486111,11.599054780954432,11.731394674698846,9,2,B2,13868.399296416683,55.47359718566673,27.736798592833367,2.0,7.852410997750742,0,2.313351783543557,0
train:56:596,train,56,B4,0,5.385784778566495,,11478.25,0.0,,0.0,0,geant4_sci_bar_dominant_pdg_deuteron_vs_proton,proton,27426,2212,87.23642782134627,76.20782720161532,29.65317485567611,9.315212156358982,10.772714841708822,6,1,B2,16000.0,76.20782720161532,76.20782720161532,1.0,8.480565707169978,0,-8.281451946507795,0
train:56:597,train,56,B2,0,11.286695821178622,,6134.3527478653305,0.0,,0.0,0,geant4_sci_bar_dominant_pdg_deuteron_vs_proton,proton,19013,2212,167.97828495584267,24.53741099146132,13.099813956595408,7.0082689234245255,7.161867746054363,3,2,B4,6134.3527478653305,24.53741099146132,12.26870549573066,0.0,5.592085351520679,0,-1216.3621477459042,0
train:56:598,train,56,B8,0,5.417560389082807,,6963.8633476470595,0.0,,0.0,0,geant4_sci_bar_dominant_pdg_deuteron_vs_proton,proton,28618,2212,131.75040935710172,27.855453390588238,14.855476415327193,7.644576438700348,7.799914162521721,2,2,B4,6963.8633476470595,27.855453390588238,13.927726695294119,3.0,7.901642654349705,0,-19.69868426370344,0
train:56:599,train,56,B2,0,8.589832790861973,,13015.98901879801,0.0,,0.0,0,geant4_sci_bar_dominant_pdg_deuteron_vs_proton,proton,28857,2212,130.8582629460431,52.063956075192046,23.78703795682936,7.755546457305362,8.129111156967493,3,3,B6,13015.98901879801,52.063956075192046,17.354652025064016,0.0,10.292588619985892,1,-3348.961172260669,0
train:56:600,train,56,B6,0,8.515896237285428,,5465.242772198819,0.0,,0.0,0,geant4_sci_bar_dominant_pdg_deuteron_vs_proton,proton,18115,2212,170.22374056096683,21.860971088795274,11.825202491944834,6.991029315425588,7.132411047041816,2,2,B4,5465.242772198819,21.860971088795274,10.930485544397637,2.0,6.982812245681143,0,-138.76696741222264,0
train:56:601,train,56,B6,0,10.289335053731184,,7980.0,0.0,,0.0,0,geant4_sci_bar_dominant_pdg_deuteron_vs_proton,proton,10618,2212,167.68370891434307,54.73038856085404,17.650205043296797,6.994718410717465,7.468420292494364,4,4,B8,13682.59714021351,54.73038856085404,13.68259714021351,2.0,8.052474784869839,0,-697.507959864555,0
train:56:602,train,56,B6,0,6.6441078097511115,,13422.5,0.0,,0.0,0,geant4_sci_bar_dominant_pdg_deuteron_vs_proton,proton,15619,2212,160.00925365520123,58.25977994711395,20.265915804344125,7.031266015827228,7.529430291901581,5,4,B8,14564.944986778488,58.25977994711395,14.564944986778487,2.0,7.584416874557217,1,1.0043428916203716,0
train:56:603,train,56,B2,0,4.515190908590482,,16000.0,0.0,,0.0,0,geant4_sci_bar_dominant_pdg_deuteron_vs_proton,proton,24488,2212,104.06335816184902,97.96369664017143,42.83615401518651,8.673565834355914,10.370564083726341,3,2,B4,16000.0,97.96369664017143,48.98184832008572,0.0,7.166568195521024,1,-620.0972148682175,0
train:56:604,train,56,B2,0,9.96257652568718,,13763.494412605605,0.0,,0.0,0,geant4_sci_bar_dominant_pdg_deuteron_vs_proton,proton,4640,2212,66.14639942936205,55.05397765042242,21.92407555596697,10.623212547568523,10.76527832256649,7,1,B2,13763.494412605605,55.05397765042242,55.05397765042242,0.0,9.756559053643949,1,-4959.008467358208,0
train:56:605,train,56,B6,0,10.060949057504354,,7250.25,0.0,,0.0,1,geant4_sci_bar_dominant_pdg_deuteron_vs_proton,deuteron,12222,2212,84.45486915377418,74.18801088458099,40.22307259996474,9.464397386473074,10.550974682948953,2,1,B2,16000.0,74.18801088458099,74.18801088458099,2.0,5.18621318518713,0,-38.87481080976574,0
train:56:606,train,56,B8,0,6.435991705216107,,1480.35,0.0,,0.0,0,geant4_sci_bar_dominant_pdg_deuteron_vs_proton,proton,16484,2212,123.84317652001585,1.8596965675731703,1.8596965675731703,8.02316610829205,8.02316610829205,1,1,B2,600.0,1.8596965675731703,1.8596965675731703,3.0,8.015746105451628,0,-118.54456192606352,0
train:56:607,train,56,B2,0,10.419136149213072,,5309.02637588121,0.0,,0.0,0,geant4_sci_bar_dominant_pdg_deuteron_vs_proton,proton,18925,2212,149.06337214629104,21.23610550352484,10.044160542185555,7.210256150281636,7.219549359650191,4,1,B2,5309.02637588121,21.23610550352484,21.23610550352484,0.0,9.001746817503372,0,-3232.6149558434695,0
train:56:608,train,56,B6,0,4.184812073368973,,7980.0,0.0,,0.0,1,geant4_sci_bar_dominant_pdg_deuteron_vs_proton,deuteron,29947,2212,68.01027642133499,128.63688728222405,61.36188647473018,10.651008718252543,11.025201908464574,3,2,B4,16000.0,128.63688728222405,64.31844364111203,2.0,8.558531987688804,0,-562.3418594118441,0
train:56:609,train,56,B6,0,4.90499223727697,,9737.910991845378,0.0,,0.0,0,geant4_sci_bar_dominant_pdg_deuteron_vs_proton,proton,23604,2212,162.33820808779188,38.951643967381514,14.350561065851227,7.021713475263652,7.31582036627926,4,4,B6,9737.910991845378,38.951643967381514,9.737910991845379,2.0,8.250221349414305,0,-72.25496726294668,0
train:56:610,train,56,B2,0,8.060596169840782,,16000.0,0.0,,0.0,0,geant4_sci_bar_dominant_pdg_deuteron_vs_proton,proton,5103,2212,80.82401669459875,81.94823720078611,42.6087541437546,9.880425331137786,10.58608563665328,2,1,B2,16000.0,81.94823720078611,81.94823720078611,0.0,10.982307149789474,1,-4939.116859143896,0
train:56:611,train,56,B6,0,11.088060523909117,,14127.75,0.0,,0.0,1,geant4_sci_bar_dominant_pdg_deuteron_vs_proton,deuteron,23823,2212,54.16166051897862,63.080325337029805,23.36880314227988,10.288909472354632,10.609363766677939,6,2,B4,15770.081334257451,63.080325337029805,31.540162668514903,2.0,6.079136123805593,0,43.72555787333033,0
train:56:612,train,56,B4,0,5.875394247304588,,7941.5,0.0,,0.0,0,geant4_sci_bar_dominant_pdg_deuteron_vs_proton,proton,19173,2212,141.85936589478627,52.088102540972784,23.778607938302407,7.416840581206909,7.78785670507459,3,3,B6,13022.025635243195,52.088102540972784,17.36270084699093,1.0,8.215234069855725,0,-243.90039940702292,0
train:56:613,train,56,B6,0,9.449371685401031,,9180.5,0.0,,0.0,0,geant4_sci_bar_dominant_pdg_deuteron_vs_proton,proton,17276,2212,165.0359796011877,55.10149722630413,18.23365356185883,7.01341478751916,7.488616805772291,4,4,B8,13775.374306576034,55.10149722630413,13.775374306576033,2.0,6.106732657188979,0,-93.5661973913073,0
train:56:614,train,56,B2,0,9.058068431965152,,13325.882721745775,0.0,,0.0,0,geant4_sci_bar_dominant_pdg_deuteron_vs_proton,proton,20134,2212,167.6258500752939,53.3035308869831,17.02846024944384,7.020915640376132,7.48973893860567,4,4,B8,13325.882721745775,53.3035308869831,13.325882721745774,0.0,9.601128739693303,1,-3308.291904895073,0
train:56:615,train,56,B4,0,5.569981179290166,,8937.25,0.0,,0.0,1,geant4_sci_bar_dominant_pdg_deuteron_vs_proton,deuteron,20795,2212,101.0960168973086,105.20705072908707,50.69933277024789,8.715328448590558,10.793600891409032,3,2,B2,16000.0,105.20705072908707,52.603525364543536,1.0,8.885199244500258,0,-43.129919114693166,0
train:57:616,train,57,B6,1,6.990101041185927,7.990101041185927,8790.25,4395.125,1.0,0.5,0,geant4_sci_bar_dominant_pdg_deuteron_vs_proton,proton,22554,2212,149.50757977999297,80.9523387733332,33.868622680181474,7.243579556139305,7.853158188437475,4,4,B8,16000.0,80.9523387733332,20.2380846933333,2.0,7.128277383356829,0,-47.804678262329745,1
train:57:617,train,57,B2,1,4.684726435658292,6.684726435658292,2473.2849590586707,618.3212397646677,2.0,0.25,0,geant4_sci_bar_dominant_pdg_deuteron_vs_proton,proton,1446,2212,142.45063410473455,12.366424795293355,12.366424795293355,7.367460840819189,7.367460840819188,1,1,B2,3091.6061988233387,12.366424795293355,12.366424795293355,0.0,8.533635279543063,0,-188.11222624786322,1
train:57:618,train,57,B4,1,7.565896410501154,9.565896410501153,3926.7927073045093,3926.7927073045093,2.0,1.0,1,geant4_sci_bar_dominant_pdg_deuteron_vs_proton,deuteron,16855,2212,69.14066329493791,31.414341658436076,31.414341658436076,10.78999171844131,10.789991718441312,1,1,B2,7853.585414609019,31.414341658436076,31.414341658436076,1.0,9.389915587431886,0,-1180.4910998250853,1
train:57:619,train,57,B4,1,8.392272074936447,11.392272074936447,3017.7563812009143,1508.8781906004572,3.0,0.5,1,geant4_sci_bar_dominant_pdg_deuteron_vs_proton,deuteron,11418,2212,51.5907447957278,18.10653828720549,18.10653828720549,10.264875118806458,10.264875118806458,1,1,B2,4526.634571801372,18.10653828720549,18.10653828720549,1.0,4.902367550261498,0,-46.718570397435755,1
train:57:620,train,57,B2,1,7.268603225565774,10.268603225565773,9142.857142857143,6857.142857142858,3.0,0.75,0,geant4_sci_bar_dominant_pdg_deuteron_vs_proton,proton,13311,2212,158.15186789786543,74.2444876915614,31.75464445535797,7.066701309844642,7.641684962478322,4,4,B8,16000.0,74.2444876915614,18.56112192289035,0.0,9.70137676695494,1,-2239.8277485822855,1
train:57:621,train,57,B6,1,6.25802683463485,7.25802683463485,10657.301297725291,2664.3253244313228,1.0,0.25,0,geant4_sci_bar_dominant_pdg_deuteron_vs_proton,proton,18169,2212,141.69761747205882,53.28650648862645,24.174846275764555,7.397300434532843,7.769113930450796,3,3,B6,13321.626622156613,53.28650648862645,17.76216882954215,2.0,8.19934843772611,0,35.27801883574847,1
train:57:622,train,57,B8,1,4.862656591627573,6.862656591627573,1876.3518351415487,938.1759175707743,2.0,0.5,0,geant4_sci_bar_dominant_pdg_deuteron_vs_proton,proton,15704,2212,170.16455560486185,11.258111010849293,10.934499641251492,7.0079560236872105,7.015485530471978,2,2,B2,2814.527752712323,11.258111010849293,5.629055505424646,3.0,8.234496128251614,0,65.19997241599901,1
train:57:623,train,57,B2,1,8.176517743864476,8.926517743864476,8227.160862597088,6170.370646947816,0.75,0.75,0,geant4_sci_bar_dominant_pdg_deuteron_vs_proton,proton,15697,2212,69.39773528665202,57.59012603817962,29.078040627105697,10.851010783655985,10.94676741834736,2,1,B2,14397.531509544904,57.59012603817962,57.59012603817962,0.0,7.660124493758618,1,-491.56685744092505,1
train:57:624,train,57,B8,1,4.690699003928641,5.440699003928641,8000.0,8000.0,0.75,1.0,1,geant4_sci_bar_dominant_pdg_deuteron_vs_proton,deuteron,27224,2212,100.92260866806177,104.78157627577747,51.981775556820764,8.737494929438045,10.799767937595645,3,2,B2,16000.0,104.78157627577747,52.390788137888734,3.0,9.866535537674133,1,32.973003638962744,1
train:57:625,train,57,B8,1,7.7850887010921,9.7850887010921,6522.25,1630.5625,2.0,0.25,1,geant4_sci_bar_dominant_pdg_deuteron_vs_proton,deuteron,13199,2212,112.294424349393,47.53018182237463,46.30757937139822,13.560343596391698,13.563352777667793,2,1,B2,11882.545455593658,47.53018182237463,47.53018182237463,3.0,6.112649969283643,0,-7.314757258485244,1
train:57:626,train,57,B2,1,9.363066724925655,10.363066724925655,2717.4,2038.05,1.0,0.75,1,geant4_sci_bar_dominant_pdg_deuteron_vs_proton,deuteron,28051,2212,52.12712381350678,15.589460819015114,15.589460819015114,10.33673567064186,10.33673567064186,1,1,B2,3897.3652047537785,15.589460819015114,15.589460819015114,0.0,7.1540246568099715,0,-465.9621325816481,1
train:57:627,train,57,B4,1,5.449661861001,9.449661861001001,6576.5,6576.5,4.0,1.0,1,geant4_sci_bar_dominant_pdg_deuteron_vs_proton,deuteron,579,2212,105.99847750076354,98.59844775740939,38.4844147605846,8.654832422820306,10.468927764711339,5,2,B2,16000.0,98.59844775740939,49.299223878704694,1.0,9.474765780261446,1,-1304.5596563499007,1
train:57:628,train,57,B8,1,5.15093268256474,11.15093268256474,10771.591343103983,2692.8978357759956,6.0,0.25,0,geant4_sci_bar_dominant_pdg_deuteron_vs_proton,proton,8148,2212,127.85458209969332,53.85795671551992,25.065999593817825,7.8217521625901965,8.209182161019314,3,3,B6,13464.48917887998,53.85795671551992,17.95265223850664,3.0,9.523741454429098,0,-43.31371016311183,1
train:57:629,train,57,B8,1,6.397025127032655,9.397025127032656,10666.666666666666,5333.333333333333,3.0,0.5,1,geant4_sci_bar_dominant_pdg_deuteron_vs_proton,deuteron,12381,2212,101.94868960727825,114.78121127386608,53.125892256709065,8.660868905970244,10.66601122989504,3,2,B2,16000.0,114.78121127386608,57.39060563693304,3.0,7.869949629957395,1,-17.764488268865804,1
train:57:630,train,57,B4,1,6.592799501140591,10.59279950114059,1484.4828843705834,371.12072109264585,4.0,0.25,1,geant4_sci_bar_dominant_pdg_deuteron_vs_proton,deuteron,28491,2212,52.40118664041514,7.422414421852917,7.422414421852917,10.365427040649204,10.365427040649204,1,1,B2,1855.6036054632293,7.422414421852917,7.422414421852917,1.0,8.552837526326163,0,-49.546462872101344,1
train:57:631,train,57,B4,1,4.918784197144442,5.418784197144442,550.1999999999999,412.65,0.5,0.75,1,geant4_sci_bar_dominant_pdg_deuteron_vs_proton,deuteron,534,2212,50.19640636848206,3.50059317119434,3.50059317119434,10.209715538645318,10.209715538645318,1,1,B2,875.148292798585,3.50059317119434,3.50059317119434,1.0,10.570382307204795,0,-1290.5429405810291,1
train:57:632,train,57,B6,1,10.279886419529618,11.029886419529618,10666.666666666666,5333.333333333333,0.75,0.5,1,geant4_sci_bar_dominant_pdg_deuteron_vs_proton,deuteron,9646,2212,80.22123203711907,74.43908848613648,38.87456766766718,10.169547625041847,10.819912680769415,2,1,B2,16000.0,74.43908848613648,74.43908848613648,2.0,6.16111166331235,1,-57.29979855346591,1
train:57:633,train,57,B4,1,6.352840110159686,11.352840110159686,8109.975085816009,6082.481314362007,5.0,0.75,1,geant4_sci_bar_dominant_pdg_deuteron_vs_proton,deuteron,29518,2212,117.24683752322656,56.76982560071206,56.76982560071206,14.125276855143369,14.125276855143369,1,1,B2,14192.456400178015,56.76982560071206,56.76982560071206,1.0,9.263297927333918,1,-626.7540566675073,1
train:57:634,train,57,B8,1,4.031621520857749,9.03162152085775,8372.0,4186.0,5.0,0.5,0,geant4_sci_bar_dominant_pdg_deuteron_vs_proton,proton,4310,2212,156.58414078804435,65.10681687752961,17.995749783099356,7.091582029309872,7.635553125275309,7,4,B6,16000.0,65.10681687752961,16.276704219382403,3.0,10.247985117681624,0,-197.9873147456688,1
train:57:635,train,57,B2,1,4.003042787415163,10.003042787415163,8325.261845372448,6243.946384029336,6.0,0.75,1,geant4_sci_bar_dominant_pdg_deuteron_vs_proton,deuteron,153,2212,54.01575244392939,58.27683291760714,36.47648765866525,10.312654500774618,10.568830857829301,2,2,B4,14569.208229401784,58.27683291760714,29.13841645880357,0.0,8.122135404113251,0,236.59403480821814,1
train:57:636,train,57,B6,1,9.91901328506589,11.41901328506589,11445.0,2861.25,1.5,0.25,0,geant4_sci_bar_dominant_pdg_deuteron_vs_proton,proton,6771,2212,134.61963436424938,61.40433732847053,21.825104894677686,7.606408973205761,8.088567960508831,5,4,B6,15351.084332117633,61.40433732847053,15.351084332117633,2.0,6.31806597306339,1,-38.64948579380038,1
train:57:637,train,57,B6,1,5.681177427333709,10.681177427333708,7515.333818631034,7515.333818631034,5.0,1.0,1,geant4_sci_bar_dominant_pdg_deuteron_vs_proton,deuteron,8107,2212,55.82396403289314,60.122670549048266,38.06714356620166,10.358446819750654,10.620699255570933,2,2,B4,15030.667637262066,60.122670549048266,30.061335274524133,2.0,8.289746040103529,0,-66.35566658488769,1
train:57:638,train,57,B6,1,5.726136522021583,7.226136522021583,2940.0670557467497,2940.0670557467497,1.5,1.0,1,geant4_sci_bar_dominant_pdg_deuteron_vs_proton,deuteron,20436,2212,63.9934684605708,23.520536445974,23.520536445974,10.571223068544308,10.571223068544308,1,1,B2,5880.134111493499,23.520536445974,23.520536445974,2.0,8.760619304280144,0,35.79379136290097,1
train:57:639,train,57,B8,1,10.139688775485064,10.639688775485064,6377.908095054308,3188.954047527154,0.5,0.5,1,geant4_sci_bar_dominant_pdg_deuteron_vs_proton,deuteron,6763,2212,105.602212962901,38.267448570325854,38.267448570325854,12.92433096915785,12.92433096915785,1,1,B2,9566.862142581464,38.267448570325854,38.267448570325854,3.0,3.26168178763564,0,-19.431726427996853,1
train:57:640,train,57,B8,1,9.291115497506414,11.291115497506414,7992.719978076943,1998.1799945192358,2.0,0.25,1,geant4_sci_bar_dominant_pdg_deuteron_vs_proton,deuteron,13819,2212,111.28249200248365,39.963599890384714,39.963599890384714,13.11314638826934,13.11314638826934,1,1,B2,9990.899972596178,39.963599890384714,39.963599890384714,3.0,6.618964380447921,0,-51.09052917869329,1
train:57:641,train,57,B8,1,6.314741066828109,9.314741066828109,6441.75,3220.875,3.0,0.5,0,geant4_sci_bar_dominant_pdg_deuteron_vs_proton,proton,16206,2212,130.8855296621533,57.32389216952693,26.6793991819023,7.695883454017858,8.081705145515336,4,3,B6,14330.973042381733,57.32389216952693,19.107964056508976,3.0,7.618478344974868,0,40.42236512205608,1
train:57:642,train,57,B6,1,5.298899335789871,5.798899335789871,7782.25,3891.125,0.5,0.5,0,geant4_sci_bar_dominant_pdg_deuteron_vs_proton,proton,8769,2212,82.61883018933297,80.50756811440372,41.33948308279276,9.592765174895108,10.461179907220295,2,1,B2,16000.0,80.50756811440372,80.50756811440372,2.0,9.33930045874716,1,-954.1359039355066,1
train:57:643,train,57,B6,1,8.302808220514748,11.302808220514748,11324.049210128635,2831.0123025321586,3.0,0.25,1,geant4_sci_bar_dominant_pdg_deuteron_vs_proton,deuteron,4671,2212,93.56980018630414,56.620246050643175,26.068747383392292,8.997773746871614,10.684813680544947,6,1,B2,14155.061512660794,56.620246050643175,56.620246050643175,2.0,7.816290460985283,0,-7.449421032176538,1
train:57:644,train,57,B4,1,4.528334515588681,5.028334515588681,11614.75,2903.6875,0.5,0.25,0,geant4_sci_bar_dominant_pdg_deuteron_vs_proton,proton,17726,2212,152.1319870469789,89.39966139747676,28.40189691736178,7.135438663818775,7.5287203450637765,7,3,B6,16000.0,89.39966139747676,29.799887132492255,1.0,7.426308461462791,0,196.11036988381971,1
train:57:645,train,57,B2,1,7.063595321076265,11.063595321076265,8729.047480914762,6546.785610686072,4.0,0.75,0,geant4_sci_bar_dominant_pdg_deuteron_vs_proton,proton,17289,2212,166.05421965869567,61.10333236640333,49.67198352226989,7.047584911786496,7.3844950749936045,4,2,B4,15275.833091600833,61.10333236640333,30.551666183201664,0.0,9.54057493203894,1,-3051.1896554111127,1
train:57:646,train,57,B8,1,9.447888336262476,10.447888336262476,2940.436336285185,2940.436336285185,1.0,1.0,1,geant4_sci_bar_dominant_pdg_deuteron_vs_proton,deuteron,26902,2212,63.51916568668984,23.52349069028148,23.52349069028148,10.607243134697177,10.607243134697177,1,1,B2,5880.87267257037,23.52349069028148,23.52349069028148,3.0,6.502235734393381,0,-41.183831323760714,1
train:57:647,train,57,B6,1,9.51505473807984,11.01505473807984,10666.666666666668,5333.333333333334,1.5,0.5,0,geant4_sci_bar_dominant_pdg_deuteron_vs_proton,proton,29816,2212,56.595520591180275,67.21720562449909,28.93854444171313,10.329551310005613,10.631237824771354,6,2,B4,16000.0,67.21720562449909,33.60860281224954,2.0,5.906647334142884,1,-61.352201043266376,1
train:57:648,train,57,B6,1,8.281442697568567,9.031442697568567,10815.0,2703.75,0.75,0.25,1,geant4_sci_bar_dominant_pdg_deuteron_vs_proton,deuteron,29570,2212,58.118442045257865,61.55165641508806,38.872004199616455,10.399870342642108,10.662741426496774,2,2,B4,15387.914103772015,61.55165641508806,30.77582820754403,2.0,7.146795833003559,0,12.331237493613187,1
train:57:649,train,57,B2,1,9.21866856999429,11.21866856999429,7073.5,3536.75,2.0,0.5,1,geant4_sci_bar_dominant_pdg_deuteron_vs_proton,deuteron,23215,2212,107.86831133062819,80.80274594307517,41.06620839820079,8.463979965473301,10.900121107084065,3,2,B2,16000.0,80.80274594307517,40.40137297153758,0.0,9.533207742424128,1,-2180.628813287583,1
train:57:650,train,57,B4,1,7.174995877841459,10.174995877841459,8377.459672438015,4188.729836219008,3.0,0.5,1,geant4_sci_bar_dominant_pdg_deuteron_vs_proton,deuteron,29756,2212,69.19838080197096,50.26475803462809,28.5858349968238,10.78219582150921,11.01125111335165,2,2,B2,12566.189508657022,50.26475803462809,25.132379017314044,1.0,9.401793863884455,1,-981.01486241235,1
train:57:651,train,57,B8,1,6.267211416557204,8.267211416557204,9083.685222176806,6812.7639166326035,2.0,0.75,0,geant4_sci_bar_dominant_pdg_deuteron_vs_proton,proton,22992,2212,97.32764715176863,63.585796555237636,44.6548019347083,8.818336564142546,9.079582073466353,2,2,B4,15896.449138809408,63.585796555237636,31.792898277618818,3.0,7.975791099875982,1,-18.285073044500614,1
train:57:652,train,57,B8,1,6.048430830082546,11.048430830082545,6798.75,5099.0625,5.0,0.75,0,geant4_sci_bar_dominant_pdg_deuteron_vs_proton,proton,22753,2212,142.35450261641978,49.978579083386656,21.70095447872153,7.41301501625753,7.78412951786182,3,3,B6,12494.644770846664,49.978579083386656,16.659526361128886,3.0,8.593217880780909,0,11.840940048600793,1
train:57:653,train,57,B6,1,8.26404233699384,11.26404233699384,7999.999999999999,7999.999999999999,3.0,1.0,1,geant4_sci_bar_dominant_pdg_deuteron_vs_proton,deuteron,26050,2212,63.67333637744535,72.69627122307408,48.692467604596985,10.535078990999994,10.821392767410567,2,2,B4,16000.0,72.69627122307408,36.34813561153704,2.0,7.14768492970121,1,49.60789096034489,1
train:57:654,train,57,B2,1,4.735697297090443,6.235697297090443,11266.401867293444,2816.600466823361,1.5,0.25,0,geant4_sci_bar_dominant_pdg_deuteron_vs_proton,proton,1518,2212,162.99632482688406,56.33200933646722,15.370445741182278,7.016783838357389,7.43488204986863,14,3,B4,14083.002334116805,56.33200933646722,18.777336445489073,0.0,9.509549399957686,1,-2080.070923957542,1
train:57:655,train,57,B2,1,9.077869622601213,10.077869622601213,6749.75,3374.875,1.0,0.5,0,geant4_sci_bar_dominant_pdg_deuteron_vs_proton,proton,12697,2212,136.50901427830271,74.65750099453865,27.097577361099848,7.528522546640152,8.117210462283039,4,4,B8,16000.0,74.65750099453865,18.664375248634663,0.0,9.836950033538058,1,-2431.1531474580925,1
train:57:656,train,57,B4,1,4.47080719416473,9.470807194164731,8000.000000000001,8000.000000000001,5.0,1.0,0,geant4_sci_bar_dominant_pdg_deuteron_vs_proton,proton,21869,2212,160.20158386385535,86.94948141710026,42.096736850205986,7.041617761435951,7.672773822168145,5,4,B8,16000.0,86.94948141710026,21.737370354275065,1.0,10.13336912695207,1,-1176.6112458837397,1
train:57:657,train,57,B2,1,9.17975240942569,11.17975240942569,6224.75,4668.5625,2.0,0.75,0,geant4_sci_bar_dominant_pdg_deuteron_vs_proton,proton,25023,2212,161.1159005273027,54.94747339762251,19.433401497607647,7.026377133251847,7.520302119768538,5,4,B8,13736.868349405628,54.94747339762251,13.736868349405627,0.0,5.931572025662752,1,-573.9757228428743,1
train:57:658,train,57,B8,1,6.110899029106868,6.860899029106868,8891.75,4445.875,0.75,0.5,1,geant4_sci_bar_dominant_pdg_deuteron_vs_proton,deuteron,7349,2212,146.64591450981737,69.11919465945712,39.88150096692549,7.239663867598782,13.787780098166873,4,3,B2,16000.0,69.11919465945712,23.039731553152375,3.0,8.346550292498877,0,-18.308806504561723,1
train:57:659,train,57,B8,1,4.67480500982073,5.67480500982073,8000.0,8000.0,1.0,1.0,1,geant4_sci_bar_dominant_pdg_deuteron_vs_proton,deuteron,1294,2212,145.2345251789912,84.24006131466248,47.665660858154304,7.29527427940925,7.5820367043484564,9,2,B4,16000.0,84.24006131466248,42.12003065733124,3.0,9.58175827171198,1,73.82154778954387,1
train:57:660,train,57,B6,0,6.761871370739003,,6779.281770502305,0.0,,0.0,0,geant4_sci_bar_dominant_pdg_deuteron_vs_proton,proton,5529,2212,90.26159828354878,27.117127082009223,27.117127082009223,9.167246762543805,9.167246762543805,1,1,B2,6779.281770502305,27.117127082009223,27.117127082009223,2.0,7.065767693403865,0,52.68668565438829,0
train:57:661,train,57,B6,0,6.764375889908369,,10893.75,0.0,,0.0,1,geant4_sci_bar_dominant_pdg_deuteron_vs_proton,deuteron,9576,2212,73.52967867547862,62.17321294456731,33.71791236840421,10.29552023134191,10.670743791316102,2,1,B2,15543.303236141828,62.17321294456731,62.17321294456731,2.0,9.357916399663566,0,-927.2888567647685,0
train:57:662,train,57,B2,0,8.677502649256011,,2341.65,0.0,,0.0,1,geant4_sci_bar_dominant_pdg_deuteron_vs_proton,deuteron,19722,2212,123.17523655455919,6.045946045449249,6.045946045449249,14.917481131099718,14.917481131099718,1,1,B2,1511.486511362312,6.045946045449249,6.045946045449249,0.0,10.52128000129978,0,-3758.5874534352592,0
train:57:663,train,57,B8,0,4.989915764052772,,9359.0,0.0,,0.0,1,geant4_sci_bar_dominant_pdg_deuteron_vs_proton,deuteron,17423,2212,122.95076495883835,62.02266537535114,62.02266537535114,14.813608004236107,14.813608004236107,1,1,B2,15505.666343837785,62.02266537535114,62.02266537535114,3.0,7.503122496103,0,66.25407840406697,0
train:57:664,train,57,B2,0,11.439468831362163,,11558.986867376687,0.0,,0.0,0,geant4_sci_bar_dominant_pdg_deuteron_vs_proton,proton,26795,2212,166.41190969550013,46.23594746950675,12.740020826882787,7.011144415678094,7.394906162518824,5,3,B4,11558.986867376687,46.23594746950675,15.411982489835582,0.0,5.647675712484225,0,-199.68758297450145,0
train:57:665,train,57,B8,0,10.550330413282204,,6385.75,0.0,,0.0,1,geant4_sci_bar_dominant_pdg_deuteron_vs_proton,deuteron,10851,2212,110.97893735775743,40.75922349247297,17.461815188786986,13.224671540432562,13.295876609224974,5,1,B2,10189.805873118243,40.75922349247297,40.75922349247297,3.0,5.043576048479653,0,-10.741989127735012,0
train:57:666,train,57,B6,0,5.5350355031780785,,10435.25,0.0,,0.0,0,geant4_sci_bar_dominant_pdg_deuteron_vs_proton,proton,23998,2212,160.7690412361966,57.770542901319295,19.979436437381736,7.025341882508027,7.5180674623359645,4,4,B8,14442.635725329825,57.770542901319295,14.442635725329824,2.0,7.390539495505248,0,-41.488766669973714,0
train:57:667,train,57,B8,0,8.356364494597818,,12988.5,0.0,,0.0,0,geant4_sci_bar_dominant_pdg_deuteron_vs_proton,proton,21834,2212,102.21227500644827,91.15644094498674,36.009566166738246,8.78656001433974,10.42018891598306,3,2,B4,16000.0,91.15644094498674,45.57822047249337,3.0,7.514013254283516,0,-55.343666978289164,0
train:57:668,train,57,B8,0,5.63756191632025,,10482.5,0.0,,0.0,0,geant4_sci_bar_dominant_pdg_deuteron_vs_proton,proton,3938,2212,154.94644300640437,91.81264172250897,46.854325564840565,7.121489953904448,7.76636581599543,5,4,B8,16000.0,91.81264172250897,22.953160430627243,3.0,8.138441583054878,0,-19.29820040342303,0
train:57:669,train,57,B4,0,10.375209221168564,,3301.9978413179424,0.0,,0.0,0,geant4_sci_bar_dominant_pdg_deuteron_vs_proton,proton,12855,2212,129.98536570405386,13.20799136527177,13.20799136527177,7.783748262968092,7.783748262968093,1,1,B2,3301.9978413179424,13.20799136527177,13.20799136527177,1.0,3.5637537080077712,0,-14.688326124950706,0
train:57:670,train,57,B6,0,5.6786779813406945,,11660.25,0.0,,0.0,1,geant4_sci_bar_dominant_pdg_deuteron_vs_proton,deuteron,15084,2212,119.88192591794166,60.12136692619349,60.12136692619349,14.217780822955708,14.217780822955708,1,1,B2,15030.341731548371,60.12136692619349,60.12136692619349,2.0,7.8975898012517,0,54.924607579900666,0
train:57:671,train,57,B4,0,5.091418466130332,,16000.0,0.0,,0.0,1,geant4_sci_bar_dominant_pdg_deuteron_vs_proton,deuteron,20058,2212,101.28510323813187,111.02183507833482,49.17145867306132,8.718113324603605,10.709320300304277,3,2,B2,16000.0,111.02183507833482,55.51091753916741,1.0,10.315968401149863,1,-985.1610288639185,0
train:57:672,train,57,B4,0,5.300745469092152,,8653.75,0.0,,0.0,0,geant4_sci_bar_dominant_pdg_deuteron_vs_proton,proton,25677,2212,78.2734715151134,41.6955681614573,41.6955681614573,9.967877032040743,9.967877032040743,1,1,B2,10423.892040364326,41.6955681614573,41.6955681614573,1.0,8.736036607812315,0,-83.3837587887152,0
train:57:673,train,57,B2,0,6.836138910604091,,12171.25,0.0,,0.0,1,geant4_sci_bar_dominant_pdg_deuteron_vs_proton,deuteron,23488,2212,62.74613686252179,76.21179658537585,50.62816254516194,10.560456321878977,10.858351685831863,3,2,B4,16000.0,76.21179658537585,38.105898292687925,0.0,8.923479179976178,1,-1185.9526981718795,0
train:57:674,train,57,B2,0,8.784103279088614,,12957.009532639784,0.0,,0.0,0,geant4_sci_bar_dominant_pdg_deuteron_vs_proton,proton,20449,2212,142.85749116906646,51.828038130559136,23.01294932628127,7.33413861821454,7.699718977736408,3,3,B6,12957.009532639784,51.828038130559136,17.27601271018638,0.0,10.66485236706431,1,-2572.0296580565646,0
train:57:675,train,57,B2,0,8.901022215055914,,14122.5,0.0,,0.0,0,geant4_sci_bar_dominant_pdg_deuteron_vs_proton,proton,5068,2212,145.76402966827212,73.63675789429385,26.42784513616128,7.3017587800807355,7.891431010239036,4,4,B8,16000.0,73.63675789429385,18.409189473573463,0.0,8.20246287415428,1,-1558.8664582673305,0
train:57:676,train,57,B8,0,7.728352788263469,,13158.09451611693,0.0,,0.0,0,geant4_sci_bar_dominant_pdg_deuteron_vs_proton,proton,17390,2212,133.1226107667205,52.632378064467716,23.64727399743505,7.6620215599391965,8.029002762433523,3,3,B6,13158.09451611693,52.632378064467716,17.544126021489237,3.0,6.860286629667585,1,-42.00440750574976,0
train:57:677,train,57,B8,0,5.719320353070829,,6522.25,0.0,,0.0,1,geant4_sci_bar_dominant_pdg_deuteron_vs_proton,deuteron,26834,2212,100.2276245454491,107.03539067186202,54.598015390070834,8.701267312782461,10.796959321545996,3,2,B2,16000.0,107.03539067186202,53.51769533593101,3.0,6.996071013894504,0,16.915979424276543,0
train:57:678,train,57,B2,0,10.669506667375853,,9825.036307295908,0.0,,0.0,0,geant4_sci_bar_dominant_pdg_deuteron_vs_proton,proton,28394,2212,85.65472775815651,39.300145229183634,39.300145229183634,9.483023304132193,9.483023304132193,1,1,B2,9825.036307295908,39.300145229183634,39.300145229183634,0.0,9.143676944660172,1,-2036.9110476061048,0
train:57:679,train,57,B2,0,8.392920564355979,,12799.77905378801,0.0,,0.0,1,geant4_sci_bar_dominant_pdg_deuteron_vs_proton,deuteron,13842,2212,115.709415950852,51.19911621515204,51.19911621515204,13.887438517819955,13.887438517819955,1,1,B2,12799.77905378801,51.19911621515204,51.19911621515204,0.0,11.032930863402912,1,-3784.760305626188,0
train:57:680,train,57,B6,0,4.0056297180831635,,12071.5,0.0,,0.0,1,geant4_sci_bar_dominant_pdg_deuteron_vs_proton,deuteron,11118,2212,92.72941620896535,91.18569819514677,64.256709215316,9.078106271792915,11.19536986084939,2,1,B2,16000.0,91.18569819514677,91.18569819514677,2.0,8.867713996849576,0,69.81058826897055,0
train:57:681,train,57,B2,0,9.463068349059942,,7281.75,0.0,,0.0,0,geant4_sci_bar_dominant_pdg_deuteron_vs_proton,proton,28889,2212,132.40067660921093,51.36380353146302,22.49941904073579,7.689435542676909,8.04883077651694,3,3,B6,12840.950882865754,51.36380353146302,17.121267843821006,0.0,10.950992590097757,1,-2638.472728740987,0
train:57:682,train,57,B6,0,10.0461483669451,,6149.5,0.0,,0.0,0,geant4_sci_bar_dominant_pdg_deuteron_vs_proton,proton,8604,2212,166.44182057684662,55.69654459169456,17.792136123154688,7.016746897502082,7.48596089274529,4,4,B8,13924.13614792364,55.69654459169456,13.92413614792364,2.0,6.078551245044469,0,-599.9934038736476,0
train:57:683,train,57,B2,0,5.287185722549307,,16000.000000000002,0.0,,0.0,0,geant4_sci_bar_dominant_pdg_deuteron_vs_proton,proton,20912,2212,144.44730715302717,66.49101756385596,21.548747887517788,7.3282414274779475,7.870503344796392,4,4,B6,16000.0,66.49101756385596,16.62275439096399,0.0,9.863696106538939,1,-1744.0804142983711,0
train:57:684,train,57,B8,0,5.426084986584083,,14423.5,0.0,,0.0,0,geant4_sci_bar_dominant_pdg_deuteron_vs_proton,proton,24964,2212,104.93980191641512,96.96354592909486,42.795374968629474,8.654637757324082,10.314049493917837,3,2,B4,16000.0,96.96354592909486,48.48177296454743,3.0,8.38041067475599,1,9.44819130492,0
train:57:685,train,57,B4,0,8.154059705377911,,12759.25,0.0,,0.0,0,geant4_sci_bar_dominant_pdg_deuteron_vs_proton,proton,12205,2212,151.5786701240109,69.69064348487467,20.482446229444687,7.2077021225222815,7.784560917315889,7,4,B8,16000.0,69.69064348487467,17.422660871218667,1.0,6.8107369411622765,0,-48.18637833414803,0
train:57:686,train,57,B6,0,8.587615829172627,,9962.75,0.0,,0.0,0,geant4_sci_bar_dominant_pdg_deuteron_vs_proton,proton,20037,2212,146.90197106911404,65.11225402652767,20.210081486374538,7.296349804858621,7.832486197750285,4,4,B6,16000.0,65.11225402652767,16.278063506631916,2.0,8.337056558299025,0,-286.9979362821913,0
train:57:687,train,57,B2,0,11.37231303211013,,12087.25,0.0,,0.0,1,geant4_sci_bar_dominant_pdg_deuteron_vs_proton,deuteron,25759,2212,120.08892496679317,57.91923422862637,57.91923422862637,14.229215263224802,14.229215263224802,1,1,B2,14479.808557156593,57.91923422862637,57.91923422862637,0.0,8.245266639246578,1,-1455.4172792961017,0
train:57:688,train,57,B2,0,9.599071841649153,,16000.0,0.0,,0.0,1,geant4_sci_bar_dominant_pdg_deuteron_vs_proton,deuteron,6446,2212,69.24094385394707,87.58319766862132,63.21870956061992,10.759329371025327,11.076654269085068,2,2,B4,16000.0,87.58319766862132,43.79159883431066,0.0,9.861107610161374,1,-2755.8218959083383,0
train:57:689,train,57,B4,0,9.147584791969276,,1642.8444760278878,0.0,,0.0,1,geant4_sci_bar_dominant_pdg_deuteron_vs_proton,deuteron,13348,2212,50.882405883628905,6.571377904111551,6.571377904111551,10.243419771042461,10.243419771042461,1,1,B2,1642.8444760278878,6.571377904111551,6.571377904111551,1.0,7.8904356378426845,0,-1533.3941607320476,0
train:57:690,train,57,B4,0,5.539698339587144,,11686.5,0.0,,0.0,0,geant4_sci_bar_dominant_pdg_deuteron_vs_proton,proton,24561,2212,82.44623578633274,81.66226468259194,41.80388545415138,9.908586156389081,10.68202729985607,2,1,B2,16000.0,81.66226468259194,81.66226468259194,1.0,9.904140094694004,1,-1110.9832822959957,0
train:57:691,train,57,B8,0,11.105383323042577,,9359.0,0.0,,0.0,1,geant4_sci_bar_dominant_pdg_deuteron_vs_proton,deuteron,15687,2212,123.60639844909076,61.75359375105995,61.75359375105995,14.839794723105554,14.839794723105554,1,1,B2,15438.398437764989,61.75359375105995,61.75359375105995,3.0,5.380622712342687,0,48.92982363642686,0
train:57:692,train,57,B6,0,11.471041607215072,,15372.0,0.0,,0.0,0,geant4_sci_bar_dominant_pdg_deuteron_vs_proton,proton,25299,2212,150.96538679291973,87.58517202041776,44.59684026915421,7.208872887375316,7.859622212535383,4,4,B8,16000.0,87.58517202041776,21.89629300510444,2.0,5.6757742455372355,1,-140.92691495474412,0
train:57:693,train,57,B2,0,5.2670485161037135,,6224.75,0.0,,0.0,1,geant4_sci_bar_dominant_pdg_deuteron_vs_proton,deuteron,3686,2212,119.94276581227146,64.94915348889089,64.94915348889089,14.477203515872487,14.477203515872487,1,1,B2,16000.0,64.94915348889089,64.94915348889089,0.0,7.468553677196882,0,-240.5978477940325,0
train:57:694,train,57,B6,0,4.7312907595133975,,10676.75,0.0,,0.0,0,geant4_sci_bar_dominant_pdg_deuteron_vs_proton,proton,16929,2212,160.60495972257533,60.299269019086594,20.85008029472828,7.066547953341356,7.5572367770020135,5,4,B8,15074.81725477165,60.299269019086594,15.074817254771649,2.0,8.66981220256114,0,-646.7149563780035,0
train:57:695,train,57,B2,0,6.953758284413032,,13720.0,0.0,,0.0,0,geant4_sci_bar_dominant_pdg_deuteron_vs_proton,proton,16611,2212,135.3988578241393,71.98375253321899,21.974028051039696,7.5556095854821805,8.113413174149,4,4,B8,16000.0,71.98375253321899,17.995938133304747,0.0,6.4529201786167265,1,-208.596761636463,0
train:57:696,train,57,B4,0,10.740942655804197,,2987.47865166215,0.0,,0.0,1,geant4_sci_bar_dominant_pdg_deuteron_vs_proton,deuteron,27936,2212,124.03504052188393,11.9499146066486,11.9499146066486,14.982008508997113,14.982008508997115,1,1,B2,2987.47865166215,11.9499146066486,11.9499146066486,1.0,4.400356431156635,0,-161.3796866340619,0
train:57:697,train,57,B6,0,7.965975468406117,,7518.0,0.0,,0.0,1,geant4_sci_bar_dominant_pdg_deuteron_vs_proton,deuteron,5986,2212,74.75312330862728,61.26348144828637,33.842313631422435,10.056307175375961,10.596639726292874,3,1,B2,15315.870362071593,61.26348144828637,61.26348144828637,2.0,5.508440732997897,0,-46.445714713336656,0
train:57:698,train,57,B4,0,4.5947154584653696,,12790.75,0.0,,0.0,0,geant4_sci_bar_dominant_pdg_deuteron_vs_proton,proton,24410,2212,129.65450729703602,56.8867445901643,26.124669282345472,7.712268906588908,8.092426526482893,3,3,B6,14221.686147541075,56.8867445901643,18.962248196721433,1.0,10.087680448344088,1,-988.8692285933244,0
train:57:699,train,57,B6,0,11.32239585600772,,11660.25,0.0,,0.0,0,geant4_sci_bar_dominant_pdg_deuteron_vs_proton,proton,26452,2212,71.76605594331286,68.151644869406,35.69527207069254,10.39419775001673,10.619281011322286,2,1,B2,16000.0,68.151644869406,68.151644869406,2.0,7.329208412116505,0,-1026.5241016505684,0
train:57:700,train,57,B4,0,5.576788602958211,,5672.641308546268,0.0,,0.0,0,geant4_sci_bar_dominant_pdg_deuteron_vs_proton,proton,20679,2212,170.1586726368595,22.690565234185073,11.618553622688777,7.002350617145191,7.1357132083622385,2,2,B4,5672.641308546268,22.690565234185073,11.345282617092536,1.0,8.111241270673673,0,50.88855128193056,0
train:57:701,train,57,B2,0,11.415823701246786,,5785.207517622897,0.0,,0.0,1,geant4_sci_bar_dominant_pdg_deuteron_vs_proton,deuteron,10124,2212,65.64165803174664,23.14083007049159,23.14083007049159,10.543725725160117,10.543725725160117,1,1,B2,5785.207517622897,23.14083007049159,23.14083007049159,0.0,5.998671089205361,0,-265.658436756445,0
train:57:702,train,57,B8,0,8.05724385974245,,2058.074428945809,0.0,,0.0,0,geant4_sci_bar_dominant_pdg_deuteron_vs_proton,proton,12019,2212,125.5278678434214,8.232297715783236,8.232297715783236,7.954603852944117,7.954603852944118,1,1,B2,2058.074428945809,8.232297715783236,8.232297715783236,3.0,8.173542788250868,0,-625.4856403604425,0
train:57:703,train,57,B6,0,8.073337420167631,,10935.75,0.0,,0.0,1,geant4_sci_bar_dominant_pdg_deuteron_vs_proton,deuteron,26078,2212,58.26307823888878,62.55751840379415,39.545547014803276,10.3722287639819,10.634790365008575,2,2,B4,15639.379600948538,62.55751840379415,31.278759201897074,2.0,7.123512393601514,0,-27.50240040349309,0
heldout:58:0,heldout,58,B8,1,7.935588791786815,8.435588791786815,6871.098814411878,6871.098814411878,0.5,1.0,0,geant4_sci_bar_dominant_pdg_deuteron_vs_proton,proton,19077,2212,166.76003316244294,54.968790515295034,17.57099661213131,6.9690144757173185,7.439995370819204,4,4,B8,13742.197628823758,54.968790515295034,13.742197628823758,3.0,7.835724888917572,0,28.871331573623667,1
heldout:58:1,heldout,58,B8,1,5.356568021231301,6.856568021231301,7937.8777860093305,5953.408339506998,1.5,0.75,0,geant4_sci_bar_dominant_pdg_deuteron_vs_proton,proton,20999,2212,167.26371805999563,55.56514450206531,17.77819790280132,6.9679748224337015,7.435123553835224,4,4,B8,13891.286125516328,55.56514450206531,13.891286125516327,3.0,8.568069813011666,0,5.36616852288803,1
heldout:58:2,heldout,58,B8,1,5.978280274982636,10.978280274982636,10666.666666666666,5333.333333333333,5.0,0.5,0,geant4_sci_bar_dominant_pdg_deuteron_vs_proton,proton,9424,2212,150.83810294183644,86.14368905913892,42.067320408908195,7.176816087775309,7.818435229618875,4,4,B8,16000.0,86.14368905913892,21.53592226478473,3.0,5.45118409199928,1,-55.4595468300199,1
heldout:58:3,heldout,58,B4,1,4.199926458441005,9.199926458441006,5815.25,1453.8125,5.0,0.25,0,geant4_sci_bar_dominant_pdg_deuteron_vs_proton,proton,4935,2212,145.26320625452027,53.59875034900827,23.21817326867561,7.301406202180364,7.691595238273846,5,4,B6,13399.687587252067,53.59875034900827,13.399687587252068,1.0,7.5673924638169945,0,-17.312086648268306,1
heldout:58:4,heldout,58,B6,1,7.59933533835814,9.09933533835814,7884.387885263295,7884.387885263295,1.5,1.0,1,geant4_sci_bar_dominant_pdg_deuteron_vs_proton,deuteron,4303,2212,122.1441958238634,63.07510308210636,63.07510308210636,14.371902545782858,14.371902545782858,1,1,B2,15768.77577052659,63.07510308210636,63.07510308210636,2.0,7.511073210384447,1,3.0340347472847893,1
heldout:58:5,heldout,58,B8,1,8.52917217893841,10.02917217893841,4083.387900123071,4083.387900123071,1.5,1.0,0,geant4_sci_bar_dominant_pdg_deuteron_vs_proton,proton,21228,2212,169.60307178813,32.66710320098457,11.91436190516273,6.968744483723585,7.237015068416969,3,3,B4,8166.775800246142,32.66710320098457,10.88903440032819,3.0,7.100450456216779,0,-18.14762800547595,1
heldout:58:6,heldout,58,B6,1,7.7830945272739855,9.783094527273985,8262.394436922534,2065.5986092306334,2.0,0.25,1,geant4_sci_bar_dominant_pdg_deuteron_vs_proton,deuteron,24274,2212,82.42657858031669,41.31197218461267,41.31197218461267,11.457105993011616,11.457105993011616,1,1,B2,10327.993046153168,41.31197218461267,41.31197218461267,2.0,9.120369999736871,0,-829.3965552537045,1
heldout:58:7,heldout,58,B8,1,10.413690520078251,10.913690520078251,6258.0,4693.5,0.5,0.75,1,geant4_sci_bar_dominant_pdg_deuteron_vs_proton,deuteron,11120,2212,53.52972131764034,55.912438980644716,34.50593491343441,10.291468967702958,10.54326811326016,2,2,B4,13978.109745161179,55.912438980644716,27.956219490322358,3.0,7.103719960251256,1,-755.003012802588,1
heldout:58:8,heldout,58,B6,1,7.371641275587077,10.371641275587077,8000.0,8000.0,3.0,1.0,1,geant4_sci_bar_dominant_pdg_deuteron_vs_proton,deuteron,13825,2212,63.09516590033696,68.01479833423181,44.7887408288309,10.49159566391434,10.771100072626181,2,2,B4,16000.0,68.01479833423181,34.007399167115906,2.0,7.5574730900997595,1,-47.965261951958446,1
heldout:58:9,heldout,58,B6,1,7.603012076110483,9.103012076110483,9177.0,2294.25,1.5,0.25,0,geant4_sci_bar_dominant_pdg_deuteron_vs_proton,proton,11138,2212,143.0912892775751,83.35327245818837,32.26252746582031,7.362765077020774,7.644005706538051,9,2,B4,16000.0,83.35327245818837,41.676636229094186,2.0,6.198712096018064,0,-66.70345142630582,1
heldout:58:10,heldout,58,B4,1,4.33697905231181,6.33697905231181,9142.857142857143,6857.142857142857,2.0,0.75,0,geant4_sci_bar_dominant_pdg_deuteron_vs_proton,proton,18300,2212,150.07299671496395,80.21275819788387,32.94278530795981,7.235308512849617,7.84269836798902,4,4,B8,16000.0,80.21275819788387,20.053189549470968,1.0,9.621878327318097,1,347.15997221828485,1
heldout:58:11,heldout,58,B4,1,5.675340584311593,6.425340584311593,6617.984229149375,6617.984229149375,0.75,1.0,0,geant4_sci_bar_dominant_pdg_deuteron_vs_proton,proton,26515,2212,142.33728109400042,52.943873833195006,24.155473346557713,7.422315758588942,7.793051119268149,3,3,B6,13235.968458298752,52.943873833195006,17.647957944398335,1.0,9.32562727837342,0,69.48330662498898,1
heldout:58:12,heldout,58,B8,1,6.199092343638418,9.19909234363842,9142.857142857143,6857.142857142857,3.0,0.75,1,geant4_sci_bar_dominant_pdg_deuteron_vs_proton,deuteron,18126,2212,121.71393192571271,65.1362028439122,65.1362028439122,14.483568928268488,14.483568928268488,1,1,B2,16000.0,65.1362028439122,65.1362028439122,3.0,8.391368867939432,1,-42.433513968643084,1
heldout:58:13,heldout,58,B6,1,5.910048050874314,6.660048050874314,6842.5,5131.875,0.75,0.75,0,geant4_sci_bar_dominant_pdg_deuteron_vs_proton,proton,11928,2212,80.65738278081123,72.38089707061933,32.021367020502915,11.275772521898498,11.434584433473042,11,2,B2,16000.0,72.38089707061933,36.19044853530966,2.0,7.452625751170926,0,-43.46794494216254,1
heldout:58:14,heldout,58,B2,1,5.219684941015591,8.21968494101559,12024.25,3006.0625,3.0,0.25,0,geant4_sci_bar_dominant_pdg_deuteron_vs_proton,proton,12912,2212,70.7364899536655,76.02386560936081,43.61291483889863,10.8424884858658,10.87687473154058,2,1,B2,16000.0,76.02386560936081,76.02386560936081,0.0,6.541056307562285,1,-43.0290342015685,1
heldout:58:15,heldout,58,B2,1,5.54515258026659,10.54515258026659,12163.647667891031,3040.911916972758,5.0,0.25,1,geant4_sci_bar_dominant_pdg_deuteron_vs_proton,deuteron,24544,2212,91.25882903484964,60.81823833945515,60.81823833945515,11.989559341499971,11.989559341499971,1,1,B2,15204.559584863788,60.81823833945515,60.81823833945515,0.0,9.154550394113212,0,-32.52810516638484,1
heldout:58:16,heldout,58,B2,1,9.055229979093431,11.055229979093431,6324.5,4743.375,2.0,0.75,1,geant4_sci_bar_dominant_pdg_deuteron_vs_proton,deuteron,7470,2212,90.19394071144684,79.10892622598107,51.23176995430351,9.105956617438025,10.918889516205263,2,1,B2,16000.0,79.10892622598107,79.10892622598107,0.0,5.062770276241369,1,-94.49205795249469,1
heldout:58:17,heldout,58,B6,1,6.734736149365461,9.73473614936546,6573.0,3286.5,3.0,0.5,1,geant4_sci_bar_dominant_pdg_deuteron_vs_proton,deuteron,6846,2212,115.62194957260226,58.76113997446573,52.11082038687932,13.907628447321393,13.936894538633622,2,1,B2,14690.284993616431,58.76113997446573,58.76113997446573,2.0,7.720863764214497,0,40.157046294647515,1
heldout:58:18,heldout,58,B2,1,4.225272767030762,9.225272767030763,9142.857142857143,6857.142857142858,5.0,0.75,1,geant4_sci_bar_dominant_pdg_deuteron_vs_proton,deuteron,12070,2212,97.01580120565762,115.89298631507779,56.016649388905115,8.869825641824123,10.767995195638564,3,2,B2,16000.0,115.89298631507779,57.946493157538896,0.0,7.942290964215515,1,100.48968336042924,1
heldout:58:19,heldout,58,B2,1,7.01091127161352,8.51091127161352,9142.857142857143,6857.142857142858,1.5,0.75,1,geant4_sci_bar_dominant_pdg_deuteron_vs_proton,deuteron,1720,2212,102.44687116013401,115.30255478810997,51.92357234603104,8.634194477190645,10.626027633577054,3,2,B2,16000.0,115.30255478810997,57.651277394054986,0.0,7.7013562688115815,1,-1259.1903087788328,1
heldout:58:20,heldout,58,B6,1,8.976862741423318,10.976862741423318,10450.806733025081,2612.7016832562704,2.0,0.25,0,geant4_sci_bar_dominant_pdg_deuteron_vs_proton,proton,7950,2212,131.8455424837381,52.254033665125405,23.620109197102874,7.729394168045621,8.101747669593667,3,3,B6,13063.508416281351,52.254033665125405,17.41801122170847,2.0,6.697577803209369,0,-26.967907114527073,1
heldout:58:21,heldout,58,B2,1,5.263532368512259,10.263532368512259,10666.666666666666,5333.333333333333,5.0,0.5,1,geant4_sci_bar_dominant_pdg_deuteron_vs_proton,deuteron,12815,2212,101.49628433664286,101.47424375476355,49.91734173558292,8.707102417368512,10.85762178719813,3,2,B2,16000.0,101.47424375476355,50.737121877381774,0.0,10.119710588486576,1,-683.186158445573,1
heldout:58:22,heldout,58,B4,1,4.615927426230535,6.615927426230535,1473.1499999999999,368.28749999999997,2.0,0.25,1,geant4_sci_bar_dominant_pdg_deuteron_vs_proton,deuteron,18804,2212,123.57325688875068,5.973623969914653,5.973623969914653,14.714741519150303,14.714741519150303,1,1,B2,1493.4059924786634,5.973623969914653,5.973623969914653,1.0,9.261407970679981,0,-63.821149114277716,1
heldout:58:23,heldout,58,B8,1,5.409884555441759,7.409884555441759,8000.0,8000.0,2.0,1.0,1,geant4_sci_bar_dominant_pdg_deuteron_vs_proton,deuteron,26920,2212,92.93293749555725,90.32585240857802,65.44964655197482,9.008657492211208,11.194858946171074,2,1,B2,16000.0,90.32585240857802,90.32585240857802,3.0,8.91757359214772,1,40.66166713453267,1
heldout:58:24,heldout,58,B4,1,8.763121442774224,10.263121442774224,7326.4865716489885,5494.864928736742,1.5,0.75,1,geant4_sci_bar_dominant_pdg_deuteron_vs_proton,deuteron,20502,2212,62.55166920419498,51.28540600154292,23.10825663780609,10.519357379674831,10.624562209056473,5,1,B2,12821.35150038573,51.28540600154292,51.28540600154292,1.0,8.80343228272797,1,-1633.6034930641572,1
heldout:58:25,heldout,58,B4,1,6.104160437042818,10.104160437042818,7975.692579177819,7975.692579177819,4.0,1.0,0,geant4_sci_bar_dominant_pdg_deuteron_vs_proton,proton,2553,2212,159.15283789753332,63.80554063342255,23.131240869448508,7.098745396158608,7.612466677439287,4,4,B8,15951.385158355639,63.80554063342255,15.951385158355638,1.0,8.96714944901917,1,-79.8531492775034,1
heldout:58:26,heldout,58,B6,1,8.153080354298151,8.903080354298151,7243.549718465226,7243.549718465226,0.75,1.0,0,geant4_sci_bar_dominant_pdg_deuteron_vs_proton,proton,23385,2212,164.98350995132125,57.948397747721806,19.623700369402393,7.022341970981476,7.502532443249004,4,4,B8,14487.099436930452,57.948397747721806,14.487099436930452,2.0,7.089251380944196,1,-38.77795622409711,1
heldout:58:27,heldout,58,B8,1,9.528378505711741,10.028378505711741,9142.857142857143,6857.142857142858,0.5,0.75,0,geant4_sci_bar_dominant_pdg_deuteron_vs_proton,proton,13179,2212,156.72315573347691,75.35732825561925,33.31767634688661,7.119377800006327,7.708235657699343,4,4,B8,16000.0,75.35732825561925,18.839332063904813,3.0,6.557816980363269,1,-17.71048683731788,1
heldout:58:28,heldout,58,B6,1,4.473066120097765,5.973066120097765,8000.0,8000.0,1.5,1.0,1,geant4_sci_bar_dominant_pdg_deuteron_vs_proton,deuteron,18885,2212,66.09925197811623,76.25670864101583,53.15871734059611,10.647089318282102,10.949015050535765,2,2,B4,16000.0,76.25670864101583,38.12835432050792,2.0,8.499364810063813,1,36.00224504377424,1
heldout:58:29,heldout,58,B8,1,4.929886796300971,5.679886796300971,6732.25,5049.1875,0.75,0.75,0,geant4_sci_bar_dominant_pdg_deuteron_vs_proton,proton,14695,2212,147.7947130424088,74.12192624951125,26.97570002046562,7.263354949721524,7.853823809244395,4,4,B8,16000.0,74.12192624951125,18.530481562377812,3.0,8.671569200569277,0,48.09516144254766,1
heldout:58:30,heldout,58,B4,1,5.407984873295611,9.40798487329561,12782.109615629335,3195.527403907334,4.0,0.25,0,geant4_sci_bar_dominant_pdg_deuteron_vs_proton,proton,23475,2212,133.86381350479914,63.910548078146675,22.611379065364066,7.5958548529067285,8.10548095360355,4,4,B6,15977.637019536669,63.910548078146675,15.977637019536669,1.0,10.37876714008223,1,71.11868158088517,1
heldout:58:31,heldout,58,B2,1,4.2544213228045,9.2544213228045,12800.0,3200.0,5.0,0.25,0,geant4_sci_bar_dominant_pdg_deuteron_vs_proton,proton,12730,2212,135.55972283264472,72.12118510479665,23.508094547859745,7.564115103069693,8.138713439379533,4,4,B8,16000.0,72.12118510479665,18.030296276199163,0.0,8.39290370887253,0,410.9984530301266,1
heldout:58:32,heldout,58,B4,1,4.488301976388643,10.488301976388643,8060.444593976442,6045.333445482332,6.0,0.75,0,geant4_sci_bar_dominant_pdg_deuteron_vs_proton,proton,15069,2212,157.61958996473868,56.42311215783509,30.946832915382746,7.087342552565133,7.480281981021015,3,3,B6,14105.778039458773,56.42311215783509,18.807704052611697,1.0,9.335176456546684,0,47.132047500097684,1
heldout:58:33,heldout,58,B4,1,9.322711972420407,11.322711972420407,9034.777799565867,6776.0833496744,2.0,0.75,1,geant4_sci_bar_dominant_pdg_deuteron_vs_proton,deuteron,17385,2212,76.38034169542445,63.24344459696106,34.527620960014445,10.204032794294866,10.704183382143619,2,1,B2,15810.861149240265,63.24344459696106,63.24344459696106,1.0,6.969250660787724,1,-41.564312180297975,1
heldout:58:34,heldout,58,B2,1,8.694237641356011,10.694237641356011,6462.75,1615.6875,2.0,0.25,1,geant4_sci_bar_dominant_pdg_deuteron_vs_proton,deuteron,1798,2212,58.55334192013817,58.414535724848875,36.975947511627346,10.435022388556455,10.695878751511295,2,2,B4,14603.633931212218,58.414535724848875,29.207267862424438,0.0,5.470617278072087,0,-31.082550269423333,1
heldout:58:35,heldout,58,B2,1,8.34363538844894,8.84363538844894,11140.5,2785.125,0.5,0.25,1,geant4_sci_bar_dominant_pdg_deuteron_vs_proton,deuteron,2186,2212,94.3223101626116,87.28038232466129,61.98123006701727,8.995841409836164,11.287693576224282,2,1,B2,16000.0,87.28038232466129,87.28038232466129,0.0,7.429300422700359,1,-426.9537857554824,1
heldout:58:36,heldout,58,B4,1,7.521700880424067,9.021700880424067,12800.0,3200.0,1.5,0.25,1,geant4_sci_bar_dominant_pdg_deuteron_vs_proton,deuteron,13960,2212,62.20139114837908,67.70858876784015,43.6179165904183,10.487730472713332,10.75951175861269,3,2,B4,16000.0,67.70858876784015,33.85429438392008,1.0,7.12186061449945,1,-51.19289468045382,1
heldout:58:37,heldout,58,B6,1,10.006089925463561,11.006089925463561,8080.233312861239,6060.174984645929,1.0,0.75,0,geant4_sci_bar_dominant_pdg_deuteron_vs_proton,proton,5606,2212,161.2316276102827,56.561633190028665,19.322229179757336,7.046496215254267,7.5246682573427695,4,4,B8,14140.408297507167,56.561633190028665,14.140408297507166,2.0,6.69470911508882,0,-12.92800323761454,1
heldout:58:38,heldout,58,B2,1,7.371661093508779,7.871661093508779,7095.018665809616,5321.263999357213,0.5,0.75,1,geant4_sci_bar_dominant_pdg_deuteron_vs_proton,deuteron,22484,2212,101.59428875628126,49.665130660667316,49.665130660667316,12.933258461374376,12.933258461374376,1,1,B2,12416.28266516683,49.665130660667316,49.665130660667316,0.0,7.88613219560225,1,-740.0209203613099,1
heldout:58:39,heldout,58,B4,1,5.761226006383032,10.761226006383032,8335.25,6251.4375,5.0,0.75,1,geant4_sci_bar_dominant_pdg_deuteron_vs_proton,deuteron,19167,2212,78.26980966744428,81.29314483063956,39.96187984739027,10.329788348422763,10.85728454273026,3,1,B2,16000.0,81.29314483063956,81.29314483063956,1.0,9.71112612179734,1,-680.4626091242083,1
heldout:58:40,heldout,58,B2,1,6.352904128005354,9.352904128005354,11165.0,2791.25,3.0,0.25,0,geant4_sci_bar_dominant_pdg_deuteron_vs_proton,proton,22036,2212,129.54248216751566,58.62275930791941,28.257979558797775,7.787269055672316,8.189093814540351,3,3,B6,14655.689826979853,58.62275930791941,19.54091976930647,0.0,8.961192541765426,0,-132.46192881602758,1
heldout:58:41,heldout,58,B6,1,7.444440286505036,7.944440286505036,10076.5,2519.125,0.5,0.25,0,geant4_sci_bar_dominant_pdg_deuteron_vs_proton,proton,6308,2212,103.63367017648389,94.2694485163619,40.33600577623981,8.665576307698277,10.297208820126494,3,2,B4,16000.0,94.2694485163619,47.13472425818095,2.0,7.484423537824879,0,-51.22164000540313,1
heldout:58:42,heldout,58,B6,1,5.252954698843774,5.752954698843774,8000.0,8000.0,0.5,1.0,0,geant4_sci_bar_dominant_pdg_deuteron_vs_proton,proton,12596,2212,151.58662964249325,83.44152527318691,38.692038057549105,7.195538425722325,7.828774844899008,4,4,B8,16000.0,83.44152527318691,20.860381318296728,2.0,8.831217765621785,1,19.40748162416927,1
heldout:58:43,heldout,58,B2,1,7.644893820888946,9.644893820888946,9048.83208919824,4524.41604459912,2.0,0.5,0,geant4_sci_bar_dominant_pdg_deuteron_vs_proton,proton,15897,2212,139.7518760517021,54.29299253518944,25.26614182598268,7.460196369545966,7.842394736890235,3,3,B6,13573.24813379736,54.29299253518944,18.09766417839648,0.0,7.8493758003964755,0,-21.38817276251856,1
heldout:58:44,heldout,58,B2,1,6.411326548927967,9.411326548927967,8923.73606733868,4461.86803366934,3.0,0.5,0,geant4_sci_bar_dominant_pdg_deuteron_vs_proton,proton,26737,2212,137.17728873526963,53.542416404032075,24.101081831950946,7.562452626094831,7.93963845947391,4,3,B6,13385.604101008019,53.542416404032075,17.847472134677357,0.0,9.58415540573535,0,-71.57610010513474,1
heldout:58:45,heldout,58,B2,1,9.05886131681888,11.05886131681888,8000.000000000001,8000.000000000001,2.0,1.0,0,geant4_sci_bar_dominant_pdg_deuteron_vs_proton,proton,16877,2212,152.00472741998837,87.50367697589995,43.505326216169934,7.167312976769523,7.810478562015214,4,4,B8,16000.0,87.50367697589995,21.875919243974987,0.0,5.920119119729856,1,-14.946956103797497,1
heldout:58:46,heldout,58,B2,1,8.042358144973994,11.042358144973994,12799.999999999998,3199.9999999999995,3.0,0.25,0,geant4_sci_bar_dominant_pdg_deuteron_vs_proton,proton,29725,2212,136.75801909885533,76.5677016782675,30.445937175293693,7.516029913326182,8.124961832188719,4,4,B8,16000.0,76.5677016782675,19.141925419566874,0.0,7.874372072265421,1,-332.4227941425645,1
heldout:58:47,heldout,58,B8,1,4.299546599201255,10.299546599201255,6258.0,3129.0,6.0,0.5,0,geant4_sci_bar_dominant_pdg_deuteron_vs_proton,proton,11150,2212,143.06352599765967,53.149582394490366,23.342922547145722,7.397299678968609,7.761929615062431,3,3,B6,13287.395598622592,53.149582394490366,17.716527464830122,3.0,9.102392240345653,0,-43.41961714514914,1
heldout:58:48,heldout,58,B6,1,6.301880380354518,11.301880380354518,7624.573039180576,5718.429779385433,5.0,0.75,0,geant4_sci_bar_dominant_pdg_deuteron_vs_proton,proton,29995,2212,167.84083247143107,53.37201127426404,16.911505827503174,6.967250762699415,7.434557337476656,4,4,B8,13343.00281856601,53.37201127426404,13.34300281856601,2.0,8.206906176630318,0,-3.2149161428384287,1
heldout:58:49,heldout,58,B4,1,6.657320159896884,7.657320159896884,7157.5,1789.375,1.0,0.25,0,geant4_sci_bar_dominant_pdg_deuteron_vs_proton,proton,17894,2212,156.76181428704268,76.01485150011813,33.49208483189695,7.07940201455446,7.669747436567298,4,4,B8,16000.0,76.01485150011813,19.00371287502953,1.0,7.062349566650347,0,-329.50529568147346,1
heldout:58:50,heldout,58,B8,1,8.492034818224603,9.492034818224603,8914.5,6685.875,1.0,0.75,1,geant4_sci_bar_dominant_pdg_deuteron_vs_proton,deuteron,4339,2212,89.60454767954928,78.23764208278394,50.45384891510315,9.18026686090287,10.947488951925054,2,1,B2,16000.0,78.23764208278394,78.23764208278394,3.0,7.104923543220486,1,44.42510642447663,1
heldout:58:51,heldout,58,B8,1,6.801711188394198,10.801711188394197,10718.75,2679.6875,4.0,0.25,0,geant4_sci_bar_dominant_pdg_deuteron_vs_proton,proton,7789,2212,158.28541195394558,72.12879195863373,31.492127048243354,7.108663988015739,7.692467535190432,4,4,B8,16000.0,72.12879195863373,18.03219798965843,3.0,8.557997766518383,0,7.732545642983103,1
heldout:58:52,heldout,58,B2,1,5.167103235975117,5.917103235975117,12799.999999999998,3199.9999999999995,0.75,0.25,0,geant4_sci_bar_dominant_pdg_deuteron_vs_proton,proton,26786,2212,104.37475144913621,83.13174350002531,46.910035008151176,8.664188367095448,9.757468373281018,8,3,B4,16000.0,83.13174350002531,27.7105811666751,0.0,9.875010639741102,0,25.69574715969557,1
heldout:58:53,heldout,58,B8,1,4.217993817232132,10.21799381723213,7442.849206533011,7442.849206533011,6.0,1.0,0,geant4_sci_bar_dominant_pdg_deuteron_vs_proton,proton,15265,2212,140.57858354594148,59.54279365226409,29.17488574241966,7.439629734291106,7.838244276502013,4,3,B6,14885.698413066022,59.54279365226409,19.847597884088028,3.0,8.787564835872194,0,-27.832716440380516,1
heldout:58:54,heldout,58,B8,1,7.584364086152976,8.584364086152977,10666.666666666666,5333.333333333333,1.0,0.5,0,geant4_sci_bar_dominant_pdg_deuteron_vs_proton,proton,5886,2212,80.97497917853335,83.59780799028505,45.47347812410262,9.766612192122476,10.470741333975722,2,1,B2,16000.0,83.59780799028505,83.59780799028505,3.0,7.5001446344559275,1,-8.654003107372613,1
heldout:58:55,heldout,58,B8,1,7.675596075676729,9.17559607567673,7288.306060621602,1822.0765151554006,1.5,0.25,0,geant4_sci_bar_dominant_pdg_deuteron_vs_proton,proton,27854,2212,142.19546097939426,36.44153030310801,15.700984749869228,7.395882586957736,7.641478279834089,3,3,B4,9110.382575777003,36.44153030310801,12.14717676770267,3.0,7.193654150826506,0,1.101896776776364,1
heldout:58:56,heldout,58,B2,1,8.463752427164845,10.463752427164845,9142.857142857143,6857.142857142858,2.0,0.75,0,geant4_sci_bar_dominant_pdg_deuteron_vs_proton,proton,19387,2212,104.1205675273181,98.81436282219136,42.799587103517936,8.763556226371989,10.393949190142052,3,2,B4,16000.0,98.81436282219136,49.40718141109568,0.0,6.733469604565218,1,-865.9113913899804,1
heldout:58:57,heldout,58,B4,1,5.549922440428225,6.549922440428225,3672.569660440745,1836.2848302203724,1.0,0.5,1,geant4_sci_bar_dominant_pdg_deuteron_vs_proton,deuteron,17923,2212,52.37486219484284,22.035417962644466,22.035417962644466,10.333948499611964,10.333948499611964,1,1,B2,5508.854490661117,22.035417962644466,22.035417962644466,1.0,8.873029192204555,0,-34.34728478324769,1
heldout:58:58,heldout,58,B8,1,4.203056165024663,9.203056165024663,6520.6786305974265,6520.6786305974265,5.0,1.0,0,geant4_sci_bar_dominant_pdg_deuteron_vs_proton,proton,27159,2212,131.58970961623606,52.165429044779415,23.54753769581418,7.710321036002371,8.080389154119679,3,3,B6,13041.357261194853,52.165429044779415,17.388476348259804,3.0,8.553252003730307,0,-35.58014007217186,1
heldout:58:59,heldout,58,B6,1,10.120107414729507,11.120107414729507,10666.666666666668,5333.333333333334,1.0,0.5,1,geant4_sci_bar_dominant_pdg_deuteron_vs_proton,deuteron,14108,2212,119.52774564244446,64.86358467336792,64.86358467336792,14.40991209961133,14.40991209961133,1,1,B2,16000.0,64.86358467336792,64.86358467336792,2.0,6.217631103076438,1,-74.34415623378783,1
heldout:58:60,heldout,58,B2,1,6.247911050855919,11.247911050855919,9142.857142857143,6857.142857142857,5.0,0.75,1,geant4_sci_bar_dominant_pdg_deuteron_vs_proton,deuteron,17331,2212,94.98950151901586,106.75621480444336,61.56575561978472,9.003746912147484,10.88649768478887,6,1,B2,16000.0,106.75621480444336,106.75621480444336,0.0,8.44684466581516,1,-240.85335137569618,1
heldout:58:61,heldout,58,B4,1,4.113768811479716,9.113768811479716,10508.185888200012,2627.046472050003,5.0,0.25,0,geant4_sci_bar_dominant_pdg_deuteron_vs_proton,proton,5598,2212,168.51290955881504,52.54092944100006,17.23374815039882,6.994658071295157,7.4649101099187885,4,4,B8,13135.232360250015,52.54092944100006,13.135232360250015,1.0,6.823487400834946,1,-446.8178765971815,1
heldout:58:62,heldout,58,B2,1,7.417953052550644,11.417953052550644,9142.857142857143,6857.142857142857,4.0,0.75,0,geant4_sci_bar_dominant_pdg_deuteron_vs_proton,proton,18534,2212,151.53890060467475,83.31205237486144,39.193789741254214,7.217539792521559,7.855136730393958,4,4,B8,16000.0,83.31205237486144,20.82801309371536,0.0,7.03124352742867,1,-1036.1507924939842,1
heldout:58:63,heldout,58,B8,1,6.527864982390599,7.027864982390599,7915.175623251224,5936.3817174384185,0.5,0.75,0,geant4_sci_bar_dominant_pdg_deuteron_vs_proton,proton,4795,2212,164.3988249380041,55.406229362758566,18.212832716611956,7.002249750019595,7.476481824829581,4,4,B8,13851.557340689642,55.406229362758566,13.851557340689642,3.0,7.804258231642099,0,-49.515526557710274,1
heldout:58:64,heldout,58,B6,0,11.155048952094802,,7404.25,0.0,,0.0,0,geant4_sci_bar_dominant_pdg_deuteron_vs_proton,proton,14651,2212,164.0967365125344,65.88902301645905,24.393977216060343,7.0356399098113735,7.573359065132186,5,4,B8,16000.0,65.88902301645905,16.472255754114762,2.0,4.382091930588773,0,45.56806741936853,0
heldout:58:65,heldout,58,B2,0,4.0956137521729525,,15592.5,0.0,,0.0,0,geant4_sci_bar_dominant_pdg_deuteron_vs_proton,proton,29490,2212,77.44016681762992,74.67180414134957,38.55231496585442,10.149932532702396,10.6264088971606,2,1,B2,16000.0,74.67180414134957,74.67180414134957,0.0,8.368220144187152,1,284.8705643929544,0
heldout:58:66,heldout,58,B6,0,9.841372183973482,,5656.0,0.0,,0.0,0,geant4_sci_bar_dominant_pdg_deuteron_vs_proton,proton,23534,2212,164.89210136009453,54.31162888940517,18.18573213196287,6.995901806480069,7.474420580846185,4,4,B8,13577.907222351292,54.31162888940517,13.577907222351293,2.0,5.374086079918171,0,-49.76263897127643,0
heldout:58:67,heldout,58,B2,0,4.5988358284676,,16000.000000000002,0.0,,0.0,0,geant4_sci_bar_dominant_pdg_deuteron_vs_proton,proton,11570,2212,146.9257566573113,70.22765558038726,21.279721901547365,7.28993892411571,7.840306855161172,4,4,B8,16000.0,70.22765558038726,17.556913895096816,0.0,9.354497296151468,0,338.6321836919509,0
heldout:58:68,heldout,58,B2,0,5.376382566234301,,15999.999999999998,0.0,,0.0,1,geant4_sci_bar_dominant_pdg_deuteron_vs_proton,deuteron,11621,2212,62.21714986300141,66.33160863591932,26.200931913271916,10.566213512569059,10.847164739079574,6,2,B4,16000.0,66.33160863591932,33.16580431795966,0.0,8.453615175574596,1,-596.3782821911892,0
heldout:58:69,heldout,58,B6,0,8.157854462257522,,9187.5,0.0,,0.0,0,geant4_sci_bar_dominant_pdg_deuteron_vs_proton,proton,9913,2212,152.0522899932574,88.16919407024784,44.5532241431083,7.118467666641469,7.766324545990227,4,4,B8,16000.0,88.16919407024784,22.04229851756196,2.0,6.175093040988632,0,-8.678870858921313,0
heldout:58:70,heldout,58,B6,0,5.773481839318225,,5225.013114007322,0.0,,0.0,0,geant4_sci_bar_dominant_pdg_deuteron_vs_proton,proton,3713,2212,169.72434252834552,20.900052456029286,11.147252621432752,7.008374448528471,7.147282338715333,2,2,B4,5225.013114007322,20.900052456029286,10.450026228014643,2.0,7.86974802208073,0,57.75058280277427,0
heldout:58:71,heldout,58,B8,0,11.13316695658879,,10517.5,0.0,,0.0,1,geant4_sci_bar_dominant_pdg_deuteron_vs_proton,deuteron,621,2212,61.718133666072966,65.77911908892708,42.810285857389296,10.491761725524686,10.766250863163151,2,2,B4,16000.0,65.77911908892708,32.88955954446354,3.0,5.1466195193531314,0,30.653678069697783,0
heldout:58:72,heldout,58,B2,0,4.674360202485065,,12295.5,0.0,,0.0,0,geant4_sci_bar_dominant_pdg_deuteron_vs_proton,proton,26769,2212,166.63779219303416,53.95561300926954,17.565614091131305,7.039883442846212,7.508947661364339,4,4,B8,13488.903252317385,53.95561300926954,13.488903252317385,0.0,7.248923118032342,0,193.97681286171905,0
heldout:58:73,heldout,58,B4,0,11.4232232559307,,15287.119987443735,0.0,,0.0,1,geant4_sci_bar_dominant_pdg_deuteron_vs_proton,deuteron,29064,2212,56.89973386776578,61.14847994977494,38.23838983549258,10.376313616808305,10.636706842045445,2,2,B4,15287.119987443735,61.14847994977494,30.57423997488747,1.0,6.209423386011872,1,35.88172667346046,0
heldout:58:74,heldout,58,B4,0,7.463024861265832,,12827.5,0.0,,0.0,1,geant4_sci_bar_dominant_pdg_deuteron_vs_proton,deuteron,2372,2212,100.77886965475246,68.21461265465587,50.897035270480686,8.766242764566783,11.795954046336819,2,1,B2,16000.0,68.21461265465587,68.21461265465587,1.0,7.104615685909212,0,-51.57566500444884,0
heldout:58:75,heldout,58,B8,0,6.444438871889717,,14826.0,0.0,,0.0,0,geant4_sci_bar_dominant_pdg_deuteron_vs_proton,proton,19859,2212,150.4674080465452,80.97912121225039,33.87146618629027,7.215030272575774,7.835871030066641,4,4,B8,16000.0,80.97912121225039,20.244780303062598,3.0,8.245866059058761,1,-6.216464623169814,0
heldout:58:76,heldout,58,B2,0,4.643246558962317,,11151.0,0.0,,0.0,0,geant4_sci_bar_dominant_pdg_deuteron_vs_proton,proton,2027,2212,138.0035915357915,82.4732858838226,35.98608597235044,7.489016857768856,8.109312289119353,4,4,B8,16000.0,82.4732858838226,20.61832147095565,0.0,8.137730958903083,0,-122.93886084951731,0
heldout:58:77,heldout,58,B2,0,7.568925793892105,,10421.25,0.0,,0.0,0,geant4_sci_bar_dominant_pdg_deuteron_vs_proton,proton,88,2212,80.33412795007322,76.53919283817598,38.71781132641259,10.066226068412634,10.689947243322294,2,1,B2,16000.0,76.53919283817598,76.53919283817598,0.0,7.594829876088795,1,-777.2217053364462,0
heldout:58:78,heldout,58,B2,0,7.059276347314439,,16000.000000000002,0.0,,0.0,1,geant4_sci_bar_dominant_pdg_deuteron_vs_proton,deuteron,2312,2212,94.93502908387869,85.39138883268973,59.835452116732384,9.033203220257267,11.299709654079033,2,1,B2,16000.0,85.39138883268973,85.39138883268973,0.0,6.955520190401949,1,-25.37065105135982,0
heldout:58:79,heldout,58,B2,0,7.72345986911286,,13921.25,0.0,,0.0,0,geant4_sci_bar_dominant_pdg_deuteron_vs_proton,proton,14814,2212,162.57620309855594,57.437642746555525,19.640894383152283,7.0496096887869,7.531874964551036,4,4,B8,14359.410686638881,57.437642746555525,14.359410686638881,0.0,6.780560583761531,1,-250.67705244274825,0
heldout:58:80,heldout,58,B6,0,9.775679432855172,,12927.586521967702,0.0,,0.0,0,geant4_sci_bar_dominant_pdg_deuteron_vs_proton,proton,27533,2212,142.17826310695227,51.7103460878708,22.774628554380524,7.3356737099145235,7.695851298835362,3,3,B6,12927.586521967702,51.7103460878708,17.236782029290268,2.0,5.8834772843658385,0,-22.03916761943822,0
heldout:58:81,heldout,58,B6,0,4.327471653893738,,16000.0,0.0,,0.0,1,geant4_sci_bar_dominant_pdg_deuteron_vs_proton,deuteron,13631,2212,83.6457558905469,67.60923677022689,40.1156443266786,9.6685464108796,10.733567727119954,3,1,B2,16000.0,67.60923677022689,67.60923677022689,2.0,8.694943501216128,1,12.820635616148074,0
heldout:58:82,heldout,58,B6,0,4.640336117075653,,16000.0,0.0,,0.0,0,geant4_sci_bar_dominant_pdg_deuteron_vs_proton,proton,19436,2212,103.26413056803986,103.03564710122305,42.2258840607296,8.637942746752799,10.42659817813186,5,2,B4,16000.0,103.03564710122305,51.517823550611524,2.0,8.645093757745444,1,-2.9316862067544616,0
heldout:58:83,heldout,58,B4,0,8.326477337054364,,10388.184221625195,0.0,,0.0,1,geant4_sci_bar_dominant_pdg_deuteron_vs_proton,deuteron,10340,2212,112.27306902715333,41.55273688650078,41.55273688650078,13.291188009695645,13.291188009695643,1,1,B2,10388.184221625195,41.55273688650078,41.55273688650078,1.0,9.147778835850367,1,-1455.93062575571,0
heldout:58:84,heldout,58,B8,0,8.518921670866263,,6927.775393055797,0.0,,0.0,0,geant4_sci_bar_dominant_pdg_deuteron_vs_proton,proton,17362,2212,120.52534781018234,27.71110157222319,6.9608043076802915,14.2879422766842,14.314781076390686,5,1,B2,6927.775393055797,27.71110157222319,27.71110157222319,3.0,7.821205654067986,0,-19.327674675752306,0
heldout:58:85,heldout,58,B8,0,8.714973489629362,,9635.5,0.0,,0.0,1,geant4_sci_bar_dominant_pdg_deuteron_vs_proton,deuteron,23787,2212,110.84242209214649,42.70473273336681,42.70473273336681,13.281099053681093,13.281099053681093,1,1,B2,10676.183183341702,42.70473273336681,42.70473273336681,3.0,6.152146505035796,0,2.994303078982629,0
heldout:58:86,heldout,58,B8,0,7.006097397614231,,12858.46932614806,0.0,,0.0,0,geant4_sci_bar_dominant_pdg_deuteron_vs_proton,proton,11267,2212,139.5165005181208,51.433877304592244,23.64054865660867,7.46370925028025,7.839412132953351,3,3,B6,12858.46932614806,51.433877304592244,17.144625768197415,3.0,6.857220373522146,1,-11.24650611498705,0
heldout:58:87,heldout,58,B8,0,10.02951592118908,,9857.75,0.0,,0.0,0,geant4_sci_bar_dominant_pdg_deuteron_vs_proton,proton,22631,2212,163.88684231852352,53.41964435465874,17.64685664270202,7.044302159492814,7.526145359685058,4,4,B8,13354.911088664685,53.41964435465874,13.354911088664686,3.0,6.080590526868606,0,-47.280743870181155,0
heldout:58:88,heldout,58,B6,0,8.344000528588257,,9647.75,0.0,,0.0,0,geant4_sci_bar_dominant_pdg_deuteron_vs_proton,proton,13572,2212,73.45494779067621,72.59782818531582,37.923222809392655,10.7291875123007,10.89780464468437,2,1,B2,16000.0,72.59782818531582,72.59782818531582,2.0,7.656833921593052,0,-231.61649429679528,0
heldout:58:89,heldout,58,B6,0,9.497594022870175,,10206.0,0.0,,0.0,0,geant4_sci_bar_dominant_pdg_deuteron_vs_proton,proton,2605,2212,167.24849176065197,54.136859489939226,17.654938037479003,6.9841684089104525,7.4566182176763975,4,4,B8,13534.214872484807,54.136859489939226,13.534214872484807,2.0,6.263492526470471,0,-73.1775931951451,0
heldout:58:90,heldout,58,B4,0,10.884626821039419,,14571.640455991717,0.0,,0.0,0,geant4_sci_bar_dominant_pdg_deuteron_vs_proton,proton,20152,2212,165.36395889293345,58.28656182396688,19.43337572401795,6.995636119516232,7.475807853375652,4,4,B8,14571.64045599172,58.28656182396688,14.57164045599172,1.0,4.548549095933781,1,-62.28155577723791,0
heldout:58:91,heldout,58,B6,0,6.561656298672645,,16000.0,0.0,,0.0,0,geant4_sci_bar_dominant_pdg_deuteron_vs_proton,proton,8713,2212,159.22897389602306,70.93705084568978,28.55006252941129,7.056713801780083,7.616589161212616,4,4,B8,16000.0,70.93705084568978,17.734262711422446,2.0,8.187257604594773,1,-18.55547345357135,0
heldout:58:92,heldout,58,B2,0,10.888184258637516,,15999.999999999998,0.0,,0.0,1,geant4_sci_bar_dominant_pdg_deuteron_vs_proton,deuteron,6393,2212,146.33431639734965,97.57336157902935,33.261764029957284,7.270840333740394,11.980228304188001,5,4,B2,16000.0,97.57336157902935,24.393340394757338,0.0,5.4378085055596035,1,-197.5778221929112,0
heldout:58:93,heldout,58,B4,0,4.650583628759226,,13555.409500417996,0.0,,0.0,1,geant4_sci_bar_dominant_pdg_deuteron_vs_proton,deuteron,11845,2212,108.91997133766846,54.221638001671984,39.27074862572987,8.483660218948621,11.769222263262588,2,1,B2,13555.409500417996,54.221638001671984,54.221638001671984,1.0,7.943370993672142,0,207.4699443329837,0
heldout:58:94,heldout,58,B2,0,10.771040079597094,,16000.0,0.0,,0.0,0,geant4_sci_bar_dominant_pdg_deuteron_vs_proton,proton,27093,2212,148.87828502560038,78.62672386235415,32.405979573023785,7.209430608755714,7.8163732948234825,4,4,B8,16000.0,78.62672386235415,19.65668096558854,0.0,4.549500852314127,1,-156.2910211256563,0
heldout:58:95,heldout,58,B8,0,8.401990783495881,,6732.25,0.0,,0.0,0,geant4_sci_bar_dominant_pdg_deuteron_vs_proton,proton,10104,2212,70.53228163893104,70.66525726758385,39.444549240682655,10.897648461895225,11.058244383818115,2,1,B2,16000.0,70.66525726758385,70.66525726758385,3.0,6.186194024857877,0,-15.921693964627204,0
heldout:58:96,heldout,58,B6,0,5.735424197410173,,10823.75,0.0,,0.0,0,geant4_sci_bar_dominant_pdg_deuteron_vs_proton,proton,2765,2212,104.36133601968764,116.34430298025939,45.72529616265556,8.70124455938653,10.787114388203253,5,2,B4,16000.0,116.34430298025939,58.17215149012969,2.0,7.191186272641386,0,-20.38631442831229,0
heldout:58:97,heldout,58,B2,0,10.52540169728604,,6462.75,0.0,,0.0,1,geant4_sci_bar_dominant_pdg_deuteron_vs_proton,deuteron,22779,2212,93.7531012744978,89.0906644901031,64.20936273845582,9.017031939128255,11.232043428096445,2,1,B2,16000.0,89.0906644901031,89.0906644901031,0.0,2.931905725781218,1,-699.6224005054411,0
heldout:58:98,heldout,58,B2,0,8.68126774151707,,11140.5,0.0,,0.0,0,geant4_sci_bar_dominant_pdg_deuteron_vs_proton,proton,10165,2212,163.07765794248178,55.110759737020665,18.848150240911792,7.038107616843862,7.521612748101268,4,4,B8,13777.689934255166,55.110759737020665,13.777689934255166,0.0,5.8498189030828955,0,-118.35886533498802,0
heldout:58:99,heldout,58,B4,0,5.850710589903066,,13450.5,0.0,,0.0,1,geant4_sci_bar_dominant_pdg_deuteron_vs_proton,deuteron,11994,2212,123.30822819689324,63.09505409406221,63.09505409406221,14.677870093019573,14.677870093019573,1,1,B2,15773.763523515554,63.09505409406221,63.09505409406221,1.0,8.362343769623212,1,-81.43281206204614,0
heldout:58:100,heldout,58,B6,0,9.379987716484202,,9049.25,0.0,,0.0,1,geant4_sci_bar_dominant_pdg_deuteron_vs_proton,deuteron,16513,2212,95.37002603764114,60.43851310074946,60.43851310074946,12.285769300038371,12.285769300038371,1,1,B2,15109.628275187366,60.43851310074946,60.43851310074946,2.0,6.093626093597826,0,-13.913726055730525,0
heldout:58:101,heldout,58,B6,0,7.9265594686207415,,6378.584389471403,0.0,,0.0,1,geant4_sci_bar_dominant_pdg_deuteron_vs_proton,deuteron,8344,2212,77.1613863252864,25.51433755788561,13.848891864078965,11.179778861618923,11.224744130978776,5,1,B2,6378.584389471403,25.51433755788561,25.51433755788561,2.0,6.104812481197969,0,-16.044240782229764,0
heldout:58:102,heldout,58,B6,0,9.629714146446977,,7355.25,0.0,,0.0,1,geant4_sci_bar_dominant_pdg_deuteron_vs_proton,deuteron,12723,2212,144.22936515899164,108.83213287202531,44.09582299007702,7.331911165169144,11.730605165058126,5,4,B2,16000.0,108.83213287202531,27.208033218006328,2.0,7.291240252155971,0,-294.73927206575524,0
heldout:58:103,heldout,58,B2,0,4.200371405843969,,16000.0,0.0,,0.0,0,geant4_sci_bar_dominant_pdg_deuteron_vs_proton,proton,16464,2212,106.07768610466684,103.51015802576264,47.28881878215483,8.727159123918744,10.394188197635941,3,2,B4,16000.0,103.51015802576264,51.75507901288132,0.0,9.003198738085194,0,417.08493954587937,0
heldout:58:104,heldout,58,B4,0,5.0278436605952095,,9796.5,0.0,,0.0,1,geant4_sci_bar_dominant_pdg_deuteron_vs_proton,deuteron,11180,2212,145.99477613076192,96.70430232375759,34.159598999529,7.277676517873779,12.051192684539224,5,4,B2,16000.0,96.70430232375759,24.176075580939397,1.0,9.491272401757398,0,5.18998072946063,0
heldout:58:105,heldout,58,B6,0,9.82635059356911,,11555.25,0.0,,0.0,0,geant4_sci_bar_dominant_pdg_deuteron_vs_proton,proton,26825,2212,150.0367818024311,81.96281502666356,36.06893477277323,7.207748215362301,7.831702109077994,4,4,B8,16000.0,81.96281502666356,20.49070375666589,2.0,6.445171703284607,0,-58.971262090367006,0
heldout:58:106,heldout,58,B4,0,10.217897609473322,,12672.914179436193,0.0,,0.0,1,geant4_sci_bar_dominant_pdg_deuteron_vs_proton,deuteron,20557,2212,168.02033901571798,50.69165671774476,39.84349458003713,6.996092267317201,7.203065463559821,2,2,B4,12672.914179436191,50.69165671774476,25.34582835887238,1.0,6.908049061087701,0,-9.906151512603863,0
heldout:58:107,heldout,58,B6,0,8.706570811963484,,7119.84008538747,0.0,,0.0,0,geant4_sci_bar_dominant_pdg_deuteron_vs_proton,proton,4759,2212,129.3070628327831,28.479360341549885,15.553742844473925,7.806096698747226,7.976484329373454,3,2,B4,7119.840085387471,28.479360341549885,14.239680170774943,2.0,9.262475470843976,0,-893.8927223208714,0
heldout:58:108,heldout,58,B4,0,4.755073162657175,,11095.0,0.0,,0.0,0,geant4_sci_bar_dominant_pdg_deuteron_vs_proton,proton,13639,2212,168.2714210494225,53.080355296693945,16.769280314780012,6.989349623604882,7.457680648281439,5,4,B8,13270.088824173487,53.080355296693945,13.270088824173486,1.0,8.736426162539557,0,-79.76205568061059,0
heldout:58:109,heldout,58,B6,0,8.129403381746274,,5656.0,0.0,,0.0,1,geant4_sci_bar_dominant_pdg_deuteron_vs_proton,deuteron,18704,2212,88.18175099706119,81.76230158254423,47.87293618090092,9.451355993512381,10.83965628473165,2,1,B2,16000.0,81.76230158254423,81.76230158254423,2.0,5.58996403336084,0,-3.3709524798649655,0
heldout:58:110,heldout,58,B4,0,11.37386478186974,,16000.0,0.0,,0.0,1,geant4_sci_bar_dominant_pdg_deuteron_vs_proton,deuteron,2552,2212,63.07495619132841,72.26913977187895,48.839940272768224,10.636360760662278,10.925183253337092,2,2,B4,16000.0,72.26913977187895,36.13456988593948,1.0,7.313736819705022,1,-2928.153383230662,0
heldout:58:111,heldout,58,B4,0,8.170598563836087,,14962.701733679569,0.0,,0.0,1,geant4_sci_bar_dominant_pdg_deuteron_vs_proton,deuteron,15451,2212,71.9751870341592,59.85080693471828,31.67414615326055,10.145508489246264,10.561132901561338,2,1,B2,14962.701733679569,59.85080693471828,59.85080693471828,1.0,7.463642244389661,1,-106.20633589352582,0
heldout:58:112,heldout,58,B8,0,5.871097025058252,,12698.0,0.0,,0.0,1,geant4_sci_bar_dominant_pdg_deuteron_vs_proton,deuteron,18520,2212,144.908253619258,72.00899629623316,44.18608748497801,7.312960723165618,13.583625468334214,3,2,B2,16000.0,72.00899629623316,36.00449814811658,3.0,8.1567454520812,0,-15.320385264727477,0
heldout:58:113,heldout,58,B8,0,7.572472808317322,,14831.25,0.0,,0.0,1,geant4_sci_bar_dominant_pdg_deuteron_vs_proton,deuteron,29822,2212,95.97405152988473,117.9709591754754,58.191839950223574,8.985752975808435,10.779243345475887,3,2,B2,16000.0,117.9709591754754,58.9854795877377,3.0,7.415932737286654,1,-33.51574689203245,0
heldout:58:114,heldout,58,B2,0,9.779405450679786,,12024.25,0.0,,0.0,1,geant4_sci_bar_dominant_pdg_deuteron_vs_proton,deuteron,12862,2212,120.35615030126627,60.06343766469705,60.06343766469705,14.107005996191841,14.107005996191841,1,1,B2,15015.859416174262,60.06343766469705,60.06343766469705,0.0,6.191999273110215,1,-273.36153725555255,0
heldout:58:115,heldout,58,B2,0,9.453404214434324,,10771.383779825414,0.0,,0.0,1,geant4_sci_bar_dominant_pdg_deuteron_vs_proton,deuteron,11212,2212,111.09165100892166,43.08553511930165,43.08553511930165,13.364878752542339,13.364878752542339,1,1,B2,10771.383779825414,43.08553511930165,43.08553511930165,0.0,5.931385099255775,0,-91.65667945044804,0
heldout:58:116,heldout,58,B4,0,9.523610266515945,,11095.0,0.0,,0.0,0,geant4_sci_bar_dominant_pdg_deuteron_vs_proton,proton,23649,2212,134.4726042599626,56.03561961077593,25.976368995714353,7.576004244068456,7.966073201183735,4,3,B6,14008.904902693983,56.03561961077593,18.678539870258643,1.0,6.097685171260338,1,-392.8280501868316,0
heldout:58:117,heldout,58,B6,0,5.898863829134002,,13083.0,0.0,,0.0,0,geant4_sci_bar_dominant_pdg_deuteron_vs_proton,proton,26244,2212,136.81323075444016,76.02926423926016,28.867263691771175,7.558752525957719,8.155940186577798,4,4,B8,16000.0,76.02926423926016,19.00731605981504,2.0,7.753265171363983,0,19.412792215067938,0
heldout:58:118,heldout,58,B8,0,7.551748710212303,,5330.5,0.0,,0.0,0,geant4_sci_bar_dominant_pdg_deuteron_vs_proton,proton,10046,2212,130.39371141957065,52.2764612225849,23.7735566422535,7.729928775417686,8.104722724466123,3,3,B6,13069.115305646224,52.2764612225849,17.425487074194965,3.0,7.023931734872474,0,13.576042394693543,0
heldout:58:119,heldout,58,B4,0,5.825447108445112,,11583.363077114998,0.0,,0.0,1,geant4_sci_bar_dominant_pdg_deuteron_vs_proton,deuteron,2451,2212,112.91435441267654,46.33345230846,46.33345230846,13.664960868042343,13.664960868042343,1,1,B2,11583.363077114998,46.33345230846,46.33345230846,1.0,8.752550098001747,0,-150.945116813157,0
heldout:58:120,heldout,58,B2,0,4.713589644442428,,6786.5,0.0,,0.0,0,geant4_sci_bar_dominant_pdg_deuteron_vs_proton,proton,6530,2212,136.332407261741,76.58352056421181,27.750901142158785,7.554378117469073,8.14304404624373,4,4,B8,16000.0,76.58352056421181,19.145880141052952,0.0,6.820041228442607,0,-735.3793206680307,0
heldout:58:121,heldout,58,B6,0,7.289198580940057,,9031.523741739647,0.0,,0.0,1,geant4_sci_bar_dominant_pdg_deuteron_vs_proton,deuteron,26320,2212,121.43696851911952,36.12609496695859,36.12609496695859,14.27697007070977,14.276970070709773,1,1,B2,9031.523741739647,36.12609496695859,36.12609496695859,2.0,9.098026914378393,1,-1103.3471238592192,0
heldout:58:122,heldout,58,B6,0,10.073758370169202,,9049.25,0.0,,0.0,0,geant4_sci_bar_dominant_pdg_deuteron_vs_proton,proton,7982,2212,167.99643671953584,54.22069473041863,17.578774424986182,7.010379097312676,7.48009754333704,4,4,B8,13555.173682604656,54.22069473041863,13.555173682604657,2.0,7.419592336299257,0,-399.6292977006879,0
heldout:58:123,heldout,58,B6,0,4.688890411274734,,6573.0,0.0,,0.0,0,geant4_sci_bar_dominant_pdg_deuteron_vs_proton,proton,4811,2212,154.91386160744355,91.17094128832838,46.07198703841854,7.131578903574172,7.77003328996456,4,4,B8,16000.0,91.17094128832838,22.792735322082095,2.0,6.940757404207857,0,21.50695409929389,0
heldout:58:124,heldout,58,B6,0,7.323867440665559,,9647.75,0.0,,0.0,1,geant4_sci_bar_dominant_pdg_deuteron_vs_proton,deuteron,28274,2212,62.93690567196475,70.78815918982706,47.313719590869496,10.578443861628989,10.863858150697688,2,2,B4,16000.0,70.78815918982706,35.39407959491353,2.0,6.355493444522586,0,36.333639788510915,0
heldout:58:125,heldout,58,B6,0,4.41489805654022,,9840.25,0.0,,0.0,1,geant4_sci_bar_dominant_pdg_deuteron_vs_proton,deuteron,23635,2212,68.34243958914321,122.86233358989914,64.4906709356742,10.68896629228034,11.245861412703988,3,2,B4,16000.0,122.86233358989914,61.43116679494957,2.0,7.141983915771881,0,22.203542584857107,0
heldout:58:126,heldout,58,B2,0,11.326223245725554,,16000.0,0.0,,0.0,0,geant4_sci_bar_dominant_pdg_deuteron_vs_proton,proton,17057,2212,151.64524764647769,85.5046993843279,39.2053105574567,7.1628125366652196,7.791698327894468,4,4,B8,16000.0,85.5046993843279,21.376174846081977,0.0,6.125730860528759,1,-187.00810771642176,0
heldout:58:127,heldout,58,B4,0,10.785171403550823,,12318.25,0.0,,0.0,0,geant4_sci_bar_dominant_pdg_deuteron_vs_proton,proton,4246,2212,85.06744470234375,74.09627892180748,36.79867329462757,9.579863757857519,10.619451158948086,6,1,B2,16000.0,74.09627892180748,74.09627892180748,1.0,4.113304230914318,0,-52.75544335957576,0
heldout:60:128,heldout,60,B4,1,5.60271714023045,10.60271714023045,10666.666666666666,5333.333333333333,5.0,0.5,0,geant4_sci_bar_dominant_pdg_deuteron_vs_proton,proton,5010,2212,158.22550858840833,73.29191056389905,31.439780192141875,7.077820528177887,7.6589517386448325,5,4,B8,16000.0,73.29191056389905,18.322977640974763,1.0,9.885469698527988,1,-57.97377057773352,1
heldout:60:129,heldout,60,B4,1,5.308397259267763,6.308397259267763,9632.0,4816.0,1.0,0.5,1,geant4_sci_bar_dominant_pdg_deuteron_vs_proton,deuteron,14025,2212,73.3921814851484,62.75463450935424,33.56156871741829,10.325073008636094,10.696404740685129,2,1,B2,15688.65862733856,62.75463450935424,62.75463450935424,1.0,9.650375780265744,1,-858.2097392970057,1
heldout:60:130,heldout,60,B8,1,8.072639209174671,8.822639209174671,5692.48645085818,5692.48645085818,0.75,1.0,1,geant4_sci_bar_dominant_pdg_deuteron_vs_proton,deuteron,7841,2212,120.4106836369404,45.539891606865446,35.90930322122663,14.468666837352412,14.516878927869673,5,1,B2,11384.97290171636,45.539891606865446,45.539891606865446,3.0,6.594489527701944,1,-235.6864103934089,1
heldout:60:131,heldout,60,B2,1,4.926536335835159,5.676536335835159,10666.666666666666,5333.333333333333,0.75,0.5,0,geant4_sci_bar_dominant_pdg_deuteron_vs_proton,proton,28159,2212,148.0654804317903,70.77618746027541,21.40195539490716,7.248698117221917,7.802709081822654,5,4,B8,16000.0,70.77618746027541,17.694046865068852,0.0,7.789060330208881,1,-15.078833586559206,1
heldout:60:132,heldout,60,B6,1,7.70828928703282,8.20828928703282,10658.856624473561,5329.428312236781,0.5,0.5,0,geant4_sci_bar_dominant_pdg_deuteron_vs_proton,proton,11153,2212,134.93357167452217,63.95313974684137,22.303650185452955,7.604699853935558,8.106958999384931,4,4,B6,15988.284936710343,63.95313974684137,15.988284936710343,2.0,7.707738546853343,1,-252.17870269781932,1
heldout:60:133,heldout,60,B8,1,4.116492568437303,9.116492568437302,7979.664074846676,7979.664074846676,5.0,1.0,1,geant4_sci_bar_dominant_pdg_deuteron_vs_proton,deuteron,3934,2212,57.931102181276465,63.83731259877341,40.12588007659818,10.442039715449743,10.709210993142944,3,2,B4,15959.328149693352,63.83731259877341,31.918656299386704,3.0,9.734775659069275,1,-183.66854490155703,1
heldout:60:134,heldout,60,B4,1,10.055251769463357,10.555251769463357,6939.674858884871,6939.674858884871,0.5,1.0,0,geant4_sci_bar_dominant_pdg_deuteron_vs_proton,proton,24785,2212,164.86643218296933,55.51739887107898,18.84716352327344,7.047281982438687,7.525974880508661,5,4,B8,13879.349717769745,55.51739887107898,13.879349717769745,1.0,6.359526464768939,1,-129.23237985987194,1
heldout:60:135,heldout,60,B2,1,8.862519938613046,10.362519938613046,9142.857142857143,6857.142857142857,1.5,0.75,0,geant4_sci_bar_dominant_pdg_deuteron_vs_proton,proton,16341,2212,157.39326182655117,77.48353893241634,34.47504664171846,7.101504277244912,7.693915676705856,4,4,B8,16000.0,77.48353893241634,19.370884733104084,0.0,6.2130550176229615,1,-102.18921235515151,1
heldout:60:136,heldout,60,B8,1,4.371492584562892,5.371492584562892,6151.25,1537.8125,1.0,0.25,0,geant4_sci_bar_dominant_pdg_deuteron_vs_proton,proton,14297,2212,128.4273036915923,54.19884912794686,24.86041723713936,7.760079556124888,8.140940921544635,3,3,B6,13549.712281986715,54.19884912794686,18.06628304264895,3.0,6.2664323371766315,0,-28.986395732348136,1
heldout:60:137,heldout,60,B6,1,4.510578097752529,9.510578097752528,6354.183712549527,6354.183712549527,5.0,1.0,0,geant4_sci_bar_dominant_pdg_deuteron_vs_proton,proton,659,2212,142.36848736069499,50.83346970039622,23.44286153907481,7.418706751127577,7.7898890017068485,3,3,B6,12708.367425099055,50.83346970039622,16.944489900132073,2.0,10.395899978441502,0,-836.4445596094799,1
heldout:60:138,heldout,60,B6,1,5.294639132945129,6.044639132945129,5852.071556037231,4389.0536670279225,0.75,0.75,1,geant4_sci_bar_dominant_pdg_deuteron_vs_proton,deuteron,2060,2212,110.16175752023179,40.96450089226062,40.96450089226062,13.186206520749538,13.186206520749538,1,1,B2,10241.125223065153,40.96450089226062,40.96450089226062,2.0,8.487909795867372,0,12.618569888336486,1
heldout:60:139,heldout,60,B4,1,6.203988055941444,11.203988055941444,9753.617175141024,4876.808587570512,5.0,0.5,0,geant4_sci_bar_dominant_pdg_deuteron_vs_proton,proton,25966,2212,161.2130798167977,58.52170305084614,19.605993960007556,7.050652330570723,7.534333747900013,4,4,B8,14630.425762711535,58.52170305084614,14.630425762711535,1.0,9.016316414575288,0,-159.84912450333144,1
heldout:60:140,heldout,60,B8,1,6.129016693689131,11.129016693689131,4566.290054690662,1141.5725136726655,5.0,0.25,0,geant4_sci_bar_dominant_pdg_deuteron_vs_proton,proton,929,2212,169.69506429764473,22.831450273453314,11.9726036811855,6.9890123817440335,7.126048744791858,2,2,B4,5707.862568363328,22.831450273453314,11.415725136726657,3.0,9.60860654510856,0,-615.8054259676658,1
heldout:60:141,heldout,60,B4,1,6.702822361095145,7.202822361095145,9738.529217677264,4869.264608838632,0.5,0.5,1,geant4_sci_bar_dominant_pdg_deuteron_vs_proton,deuteron,25283,2212,56.860955871780234,58.43117530606359,36.0758585947424,10.415040919140207,10.668812202011,2,2,B4,14607.793826515897,58.43117530606359,29.215587653031793,1.0,8.389914546711307,1,-75.00322185186658,1
heldout:60:142,heldout,60,B2,1,8.977523270062473,9.727523270062473,8064.651281136817,6048.488460852613,0.75,0.75,0,geant4_sci_bar_dominant_pdg_deuteron_vs_proton,proton,23634,2212,136.92759865775068,56.452558967957714,20.503554415194156,7.489138460676444,7.939403766354271,4,4,B6,14113.13974198943,56.452558967957714,14.113139741989428,0.0,7.522694423204067,1,-81.93517912467662,1
heldout:60:143,heldout,60,B6,1,4.973754247775902,10.9737542477759,9142.857142857143,6857.142857142857,6.0,0.75,1,geant4_sci_bar_dominant_pdg_deuteron_vs_proton,deuteron,27779,2212,94.77637464438826,84.76898263626295,59.12778046646033,9.134634049465479,11.328225871908444,2,1,B2,16000.0,84.76898263626295,84.76898263626295,2.0,8.505401063270783,0,-18.033151786229002,1
heldout:60:144,heldout,60,B4,1,6.625213053090181,8.625213053090182,6342.0,6342.0,2.0,1.0,0,geant4_sci_bar_dominant_pdg_deuteron_vs_proton,proton,1181,2212,150.82796005290376,85.24612544587136,39.99114504238716,7.149426571475676,7.781157126011431,4,4,B8,16000.0,85.24612544587136,21.31153136146784,1.0,4.978332836027329,1,-64.58001813730495,1
heldout:60:145,heldout,60,B6,1,4.3854281269329665,5.8854281269329665,6042.637529278741,4531.978146959055,1.5,0.75,1,geant4_sci_bar_dominant_pdg_deuteron_vs_proton,deuteron,5260,2212,113.21936871176167,42.298462704951184,42.298462704951184,13.330447116126322,13.33044711612632,1,1,B2,10574.615676237796,42.298462704951184,42.298462704951184,2.0,9.125961973829302,0,25.657585212109584,1
heldout:60:146,heldout,60,B8,1,5.319153560865241,11.319153560865242,10666.666666666666,5333.333333333333,6.0,0.5,0,geant4_sci_bar_dominant_pdg_deuteron_vs_proton,proton,19847,2212,137.13790431741802,78.2835876802885,31.56536798964771,7.482455724450433,8.09448484283893,4,4,B8,16000.0,78.2835876802885,19.570896920072126,3.0,10.520112622413832,0,-102.90334554822834,1
heldout:60:147,heldout,60,B6,1,6.89021185502936,9.89021185502936,10666.666666666668,5333.333333333334,3.0,0.5,0,geant4_sci_bar_dominant_pdg_deuteron_vs_proton,proton,18580,2212,84.52541251975747,111.02352775226139,42.34989478600699,9.576300308004033,10.90126547262245,6,1,B2,16000.0,111.02352775226139,111.02352775226139,2.0,7.469850829489954,1,-5.757504025020591,1
heldout:60:148,heldout,60,B6,1,5.25648343225301,5.75648343225301,6366.352719179513,4774.764539384634,0.5,0.75,1,geant4_sci_bar_dominant_pdg_deuteron_vs_proton,deuteron,1227,2212,110.80079292936148,44.56446903425659,44.56446903425659,13.444575009546378,13.444575009546378,1,1,B2,11141.117258564147,44.56446903425659,44.56446903425659,2.0,10.021323047565726,0,-1130.685361413575,1
heldout:60:149,heldout,60,B2,1,5.04506073370916,10.04506073370916,8000.000000000001,8000.000000000001,5.0,1.0,0,geant4_sci_bar_dominant_pdg_deuteron_vs_proton,proton,11765,2212,144.49256349117965,86.94570648123813,21.21559325816528,7.318818193958548,10.150215075568022,5,4,B6,16000.0,86.94570648123813,21.736426620309533,0.0,8.176386474552379,1,-394.99793962190756,1
heldout:60:150,heldout,60,B6,1,9.53436433135065,10.53436433135065,12800.0,3200.0,1.0,0.25,0,geant4_sci_bar_dominant_pdg_deuteron_vs_proton,proton,5603,2212,155.92279579654056,76.45306347196416,33.31480503151688,7.119805762287983,7.708620971466832,4,4,B8,16000.0,76.45306347196416,19.11326586799104,2.0,8.882176004392146,1,-1070.2732353588613,1
heldout:60:151,heldout,60,B8,1,5.450809866416002,7.450809866416002,6785.333256691927,5088.999942518945,2.0,0.75,1,geant4_sci_bar_dominant_pdg_deuteron_vs_proton,deuteron,28463,2212,71.0797418275324,47.49733279684349,32.159586682921706,10.721198125465895,10.82295226400114,2,1,B2,11874.333199210872,47.49733279684349,47.49733279684349,3.0,9.205220258415926,0,3.111241628382828,1
heldout:60:152,heldout,60,B2,1,5.777422798499411,10.777422798499412,8071.0,2017.75,5.0,0.25,0,geant4_sci_bar_dominant_pdg_deuteron_vs_proton,proton,3480,2212,151.5406173856081,84.82853867571131,38.90290266317302,7.186929066043677,7.816829352558571,4,4,B8,16000.0,84.82853867571131,21.20713466892783,0.0,7.042192856110755,0,-190.21568624321128,1
heldout:60:153,heldout,60,B4,1,5.569151064001842,9.569151064001842,9142.857142857143,6857.142857142858,4.0,0.75,0,geant4_sci_bar_dominant_pdg_deuteron_vs_proton,proton,11556,2212,80.99522171143748,82.4815860688259,44.233481256393866,9.80014598225697,10.520953360523476,2,1,B2,16000.0,82.4815860688259,82.4815860688259,1.0,9.284775369267189,1,-256.69752727804473,1
heldout:60:154,heldout,60,B2,1,4.49733230739525,10.49733230739525,9142.857142857143,6857.142857142858,6.0,0.75,0,geant4_sci_bar_dominant_pdg_deuteron_vs_proton,proton,12087,2212,153.7355955825773,92.4716888828631,46.36934521845486,7.168563088124372,7.831533391453565,5,4,B8,16000.0,92.4716888828631,23.117922220715776,0.0,7.891003852137231,1,350.6184667504168,1
heldout:60:155,heldout,60,B6,1,4.691382334945653,7.691382334945653,8000.0,8000.0,3.0,1.0,1,geant4_sci_bar_dominant_pdg_deuteron_vs_proton,deuteron,19674,2212,63.49423870284426,71.6995158647427,47.98986208880556,10.611517830898448,10.898275689073692,2,2,B4,16000.0,71.6995158647427,35.84975793237135,2.0,8.120803787582748,1,2.902041371851613,1
heldout:60:156,heldout,60,B8,1,4.281647493798306,5.781647493798306,8000.0,8000.0,1.5,1.0,1,geant4_sci_bar_dominant_pdg_deuteron_vs_proton,deuteron,4324,2212,62.505312115206884,70.80229757968391,46.83845742545368,10.521909278336175,10.804518736199178,2,2,B4,16000.0,70.80229757968391,35.401148789841955,3.0,8.569364818055917,1,75.06215979919017,1
heldout:60:157,heldout,60,B8,1,4.894195642839592,10.894195642839591,9142.857142857143,6857.142857142857,6.0,0.75,1,geant4_sci_bar_dominant_pdg_deuteron_vs_proton,deuteron,904,2212,56.14549004543342,91.22713194451184,29.399067248836758,10.347312962557512,10.752557805082546,4,2,B4,16000.0,91.22713194451184,45.61356597225592,3.0,10.940176192391888,0,-468.64907882746036,1
heldout:60:158,heldout,60,B6,1,7.784500643514489,10.78450064351449,10006.5,2501.625,3.0,0.25,1,geant4_sci_bar_dominant_pdg_deuteron_vs_proton,deuteron,26645,2212,92.90259100951414,58.472176834509796,32.19643887120389,9.122563590150179,11.088445769911512,2,1,B2,14618.044208627449,58.472176834509796,58.472176834509796,2.0,6.4730365431585275,0,47.26055522541169,1
heldout:60:159,heldout,60,B2,1,5.332771013200006,6.082771013200006,7596.625854754881,7596.625854754881,0.75,1.0,1,geant4_sci_bar_dominant_pdg_deuteron_vs_proton,deuteron,6676,2212,57.64324150121647,60.77300683803905,37.949892378499655,10.43769961049014,10.69643754519398,2,2,B4,15193.251709509763,60.77300683803905,30.386503419019526,0.0,8.865081065126954,1,-48.548436948655294,1
heldout:60:160,heldout,60,B4,1,6.92370956059526,9.92370956059526,7567.0,1891.75,3.0,0.25,1,geant4_sci_bar_dominant_pdg_deuteron_vs_proton,deuteron,21481,2212,111.43165786845321,42.7634089348623,42.7634089348623,13.407428737262887,13.407428737262887,1,1,B2,10690.852233715574,42.7634089348623,42.7634089348623,1.0,7.094789116574566,0,-226.33513114909186,1
heldout:60:161,heldout,60,B6,1,4.138958232611201,7.138958232611201,6632.470065527508,1658.117516381877,3.0,0.25,1,geant4_sci_bar_dominant_pdg_deuteron_vs_proton,deuteron,27030,2212,72.99225280814423,33.16235032763754,33.16235032763754,11.06423424378719,11.06423424378719,1,1,B2,8290.587581909385,33.16235032763754,33.16235032763754,2.0,9.707108983642408,0,-957.6584013680673,1
heldout:60:162,heldout,60,B6,1,4.272273631787303,10.272273631787304,8856.75,4428.375,6.0,0.5,1,geant4_sci_bar_dominant_pdg_deuteron_vs_proton,deuteron,5908,2212,54.05193259622024,58.151504324145904,36.30055250942278,10.298562486010349,10.55420897984692,2,2,B4,14537.876081036477,58.151504324145904,29.075752162072952,2.0,10.033217560339443,0,-2.9714367053714135,1
heldout:60:163,heldout,60,B8,1,4.079939258203101,10.079939258203101,7980.0,3990.0,6.0,0.5,0,geant4_sci_bar_dominant_pdg_deuteron_vs_proton,proton,7678,2212,140.152493676436,56.409667161419776,26.640926476853476,7.441308977893636,7.82900560601423,3,3,B6,14102.416790354944,56.409667161419776,18.803222387139925,3.0,10.191801469108114,0,23.680794540914775,1
heldout:60:164,heldout,60,B4,1,7.405928796448368,10.405928796448368,10079.835468140422,2519.9588670351054,3.0,0.25,0,geant4_sci_bar_dominant_pdg_deuteron_vs_proton,proton,25866,2212,132.25253270393975,50.3991773407021,23.023003332034186,7.672878729045936,8.043719898076365,3,3,B6,12599.794335175526,50.3991773407021,16.799725780234034,1.0,9.89047594260154,0,-871.9841464628018,1
heldout:60:165,heldout,60,B6,1,10.302208426405336,11.052208426405336,7569.938563518813,3784.9692817594064,0.75,0.5,0,geant4_sci_bar_dominant_pdg_deuteron_vs_proton,proton,28474,2212,157.9514362714461,45.41963138111288,18.743780312022945,7.100443494309435,7.4282218111765275,3,3,B6,11354.90784527822,45.41963138111288,15.139877127037627,2.0,5.128874699989501,0,6.353471772784712,1
heldout:60:166,heldout,60,B4,1,7.383245511578144,10.383245511578144,9329.25,2332.3125,3.0,0.25,0,geant4_sci_bar_dominant_pdg_deuteron_vs_proton,proton,23409,2212,132.32276982273652,52.318466102120496,23.136592652197223,7.685958114976926,8.051312222875941,3,3,B6,13079.616525530124,52.318466102120496,17.439488700706832,1.0,6.715949753563944,0,-60.26744799549843,1
heldout:60:167,heldout,60,B2,1,6.074530898183475,11.074530898183475,12034.438329303737,3008.6095823259343,5.0,0.25,1,geant4_sci_bar_dominant_pdg_deuteron_vs_proton,deuteron,14302,2212,57.35524268724239,60.172191646518684,38.40777859052292,10.388206919412802,10.652511891365581,2,2,B4,15043.04791162967,60.172191646518684,30.086095823259342,0.0,10.083576619068973,1,-1860.1130439066096,1
heldout:60:168,heldout,60,B6,1,4.045768614724972,5.545768614724972,6725.540011702816,6725.540011702816,1.5,1.0,0,geant4_sci_bar_dominant_pdg_deuteron_vs_proton,proton,29286,2212,139.4607489775314,53.80432009362252,24.821761897198886,7.456905258683172,7.833324407951085,3,3,B6,13451.08002340563,53.80432009362252,17.934773364540842,2.0,8.801134864132237,0,104.25535611511492,1
heldout:60:169,heldout,60,B4,1,6.178344236246893,7.678344236246893,8375.350648662841,6281.51298649713,1.5,0.75,0,geant4_sci_bar_dominant_pdg_deuteron_vs_proton,proton,11796,2212,162.96472747634203,58.62745454063989,19.89269315413034,7.030590992192382,7.512207023924045,4,4,B8,14656.863635159973,58.62745454063989,14.656863635159972,1.0,8.884953327116328,1,-12.186748436162661,1
heldout:60:170,heldout,60,B8,1,5.257156683246281,9.257156683246281,12800.0,3200.0,4.0,0.25,1,geant4_sci_bar_dominant_pdg_deuteron_vs_proton,deuteron,20435,2212,88.08948491540207,75.18383525207591,30.355635518525332,9.263473727690263,10.807548105700553,7,1,B2,16000.0,75.18383525207591,75.18383525207591,3.0,8.653536657563327,1,-51.947116876148854,1
heldout:60:171,heldout,60,B6,1,5.494414328232185,6.494414328232185,9862.776081460319,4931.388040730159,1.0,0.5,0,geant4_sci_bar_dominant_pdg_deuteron_vs_proton,proton,4836,2212,127.3411715828951,59.17665648876191,28.44897793064622,7.866905412310593,8.263475523176318,3,3,B6,14794.164122190477,59.17665648876191,19.725552162920636,2.0,8.961732888007708,0,-113.33945272374842,1
heldout:60:172,heldout,60,B4,1,5.973427069938671,9.973427069938671,9877.0,2469.25,4.0,0.25,0,geant4_sci_bar_dominant_pdg_deuteron_vs_proton,proton,6158,2212,149.7041720212785,73.73482745948137,27.735158368924512,7.235810006258481,7.835554693257946,4,4,B8,16000.0,73.73482745948137,18.43370686487034,1.0,7.798677878624383,0,-43.31231671849953,1
heldout:60:173,heldout,60,B8,1,5.019119453123334,11.019119453123334,6601.946876213089,6601.946876213089,6.0,1.0,0,geant4_sci_bar_dominant_pdg_deuteron_vs_proton,proton,27650,2212,132.78902533289912,52.815575009704716,23.927322347381423,7.697199006025933,8.06728061951492,3,3,B6,13203.893752426178,52.815575009704716,17.605191669901572,3.0,9.45001771992937,0,48.28947710553831,1
heldout:60:174,heldout,60,B6,1,4.094392673322362,10.094392673322362,7864.546445881875,5898.409834411406,6.0,0.75,0,geant4_sci_bar_dominant_pdg_deuteron_vs_proton,proton,28871,2212,166.90735858266225,55.051825121173124,17.65205840777791,7.002192963629931,7.468875077734787,4,4,B8,13762.956280293281,55.051825121173124,13.762956280293281,2.0,9.609417566434557,0,99.41139797594259,1
heldout:60:175,heldout,60,B2,1,6.254048280806991,8.254048280806991,12800.0,3200.0,2.0,0.25,0,geant4_sci_bar_dominant_pdg_deuteron_vs_proton,proton,19670,2212,153.4592906876365,90.76863779982472,44.9125879575177,7.126700920005581,7.7723903027864,4,4,B8,16000.0,90.76863779982472,22.69215944995618,0.0,7.9897813097615265,1,-186.14784511469549,1
heldout:60:176,heldout,60,B4,1,7.219598971459774,11.219598971459774,10666.666666666668,5333.333333333334,4.0,0.5,0,geant4_sci_bar_dominant_pdg_deuteron_vs_proton,proton,18701,2212,151.9519091117951,85.63148911654781,41.09129589245648,7.1929790922479615,7.8268185825651155,4,4,B8,16000.0,85.63148911654781,21.407872279136953,1.0,7.975660485872744,1,-358.59326368078433,1
heldout:60:177,heldout,60,B2,1,7.062824495125713,8.562824495125714,8000.0,8000.0,1.5,1.0,1,geant4_sci_bar_dominant_pdg_deuteron_vs_proton,deuteron,17126,2212,58.914462606767415,65.00012737446741,42.05950884965539,10.431785755979075,10.703792389342498,2,2,B4,16000.0,65.00012737446741,32.500063687233705,0.0,10.14155969869793,1,-2437.5704326975397,1
heldout:60:178,heldout,60,B6,1,6.245270597702903,8.245270597702902,8105.611378932564,4052.805689466282,2.0,0.5,1,geant4_sci_bar_dominant_pdg_deuteron_vs_proton,deuteron,7294,2212,114.9432491730468,48.63366827359538,48.63366827359538,13.69780926698592,13.69780926698592,1,1,B2,12158.417068398845,48.63366827359538,48.63366827359538,2.0,8.006983013296647,0,52.52808276705608,1
heldout:60:179,heldout,60,B8,1,4.102151545259284,4.852151545259284,10666.666666666666,5333.333333333333,0.75,0.5,0,geant4_sci_bar_dominant_pdg_deuteron_vs_proton,proton,27584,2212,148.58746967647457,79.22043262071006,33.17224701154815,7.233090284562272,7.846307816226702,4,4,B8,16000.0,79.22043262071006,19.805108155177514,3.0,9.111223062342786,1,-139.92160357576745,1
heldout:60:180,heldout,60,B6,1,4.909948909417099,9.9099489094171,5042.269866071975,5042.269866071975,5.0,1.0,0,geant4_sci_bar_dominant_pdg_deuteron_vs_proton,proton,23302,2212,126.86081262367114,40.3381589285758,17.019095943265384,7.895678331143811,8.182139332592001,3,3,B4,10084.53973214395,40.3381589285758,13.446052976191934,2.0,8.35772229544577,0,-82.57835876678654,1
heldout:60:181,heldout,60,B8,1,6.030920264758388,8.030920264758388,8000.0,8000.0,2.0,1.0,1,geant4_sci_bar_dominant_pdg_deuteron_vs_proton,deuteron,651,2212,98.02889934672903,76.95353094474953,58.228610041860684,8.699580982905788,11.481061950422324,3,2,B2,16000.0,76.95353094474953,38.476765472374765,3.0,8.559067682782135,1,-83.11172387485331,1
heldout:60:182,heldout,60,B6,1,4.913455073924098,7.913455073924098,3417.4513872974144,2563.0885404730607,3.0,0.75,1,geant4_sci_bar_dominant_pdg_deuteron_vs_proton,deuteron,29717,2212,61.34481416088165,23.922159711081903,23.922159711081903,10.494417968111284,10.494417968111284,1,1,B2,5980.5399277704755,23.922159711081903,23.922159711081903,2.0,8.956889307062498,0,21.26818622512919,1
heldout:60:183,heldout,60,B6,1,4.225030794684464,9.225030794684464,9029.388178139605,2257.347044534901,5.0,0.25,1,geant4_sci_bar_dominant_pdg_deuteron_vs_proton,deuteron,195,2212,87.96618448031143,45.146940890698026,45.146940890698026,11.68408557834118,11.68408557834118,1,1,B2,11286.735222674506,45.146940890698026,45.146940890698026,2.0,9.578333995488402,0,-318.79279514601683,1
heldout:60:184,heldout,60,B8,1,5.988439726428279,6.488439726428279,9142.857142857143,6857.142857142857,0.5,0.75,0,geant4_sci_bar_dominant_pdg_deuteron_vs_proton,proton,23224,2212,77.29351526869493,74.34868614054596,38.32592297206713,10.36588194402138,10.789369863030583,2,1,B2,16000.0,74.34868614054596,74.34868614054596,3.0,9.381846558532088,1,-58.27857810839832,1
heldout:60:185,heldout,60,B6,1,8.107125464017289,11.107125464017289,6010.639881283473,1502.6599703208683,3.0,0.25,0,geant4_sci_bar_dominant_pdg_deuteron_vs_proton,proton,17489,2212,126.30450300013119,30.053199406417363,16.397153142548355,7.911258077225188,8.075375042175198,2,2,B4,7513.299851604341,30.053199406417363,15.026599703208682,2.0,6.542199877901532,0,47.31538996447483,1
heldout:60:186,heldout,60,B6,1,9.60331215544712,10.10331215544712,10666.666666666666,5333.333333333333,0.5,0.5,1,geant4_sci_bar_dominant_pdg_deuteron_vs_proton,deuteron,29808,2212,89.82049660498392,80.82392836953242,50.77042336543271,9.200742980267359,10.899602148525029,3,1,B2,16000.0,80.82392836953242,80.82392836953242,2.0,8.910333524241453,1,-1049.3246616956237,1
heldout:60:187,heldout,60,B8,1,6.37621387416619,11.37621387416619,9142.857142857143,6857.142857142858,5.0,0.75,0,geant4_sci_bar_dominant_pdg_deuteron_vs_proton,proton,5453,2212,137.9270984267761,75.37130041341769,28.159293623622688,7.502707714607672,8.096305485206877,4,4,B8,16000.0,75.37130041341769,18.84282510335442,3.0,8.053458170220711,0,-32.5349476845861,1
heldout:60:188,heldout,60,B8,1,6.006288593699659,6.756288593699659,8927.948540250376,2231.987135062594,0.75,0.25,1,geant4_sci_bar_dominant_pdg_deuteron_vs_proton,deuteron,11262,2212,114.0990702972965,44.63974270125188,44.63974270125188,13.44415115458157,13.444151154581569,1,1,B2,11159.93567531297,44.63974270125188,44.63974270125188,3.0,7.776665266301261,0,-27.038692583507693,1
heldout:60:189,heldout,60,B6,1,9.888076293171546,10.638076293171546,8000.0,8000.0,0.75,1.0,0,geant4_sci_bar_dominant_pdg_deuteron_vs_proton,proton,17628,2212,72.67345729207055,107.42467206262714,35.648590541095466,10.233129965207928,10.8036478546493,4,1,B2,16000.0,107.42467206262714,107.42467206262714,2.0,6.439909532654201,1,-52.230728424280684,1
heldout:60:190,heldout,60,B2,1,5.258002283754635,6.758002283754635,4504.182762024673,1126.0456905061683,1.5,0.25,0,geant4_sci_bar_dominant_pdg_deuteron_vs_proton,proton,28059,2212,169.02077376576327,22.52091381012336,12.012737833453127,6.993391768160051,7.132954216492907,2,2,B4,5630.2284525308405,22.52091381012336,11.26045690506168,0.0,9.822049478018805,0,-1.1890708317356058,1
heldout:60:191,heldout,60,B4,1,9.739056679166456,10.739056679166456,12617.5,3154.375,1.0,0.25,0,geant4_sci_bar_dominant_pdg_deuteron_vs_proton,proton,21724,2212,81.23807552934831,79.62204784859772,40.272571881263374,10.015309443003984,10.712819489655663,2,1,B2,16000.0,79.62204784859772,79.62204784859772,1.0,6.270400104839603,1,-164.0476070835795,1
heldout:60:192,heldout,60,B8,0,10.738133515892088,,11728.5,0.0,,0.0,1,geant4_sci_bar_dominant_pdg_deuteron_vs_proton,deuteron,6941,2212,76.2678761112955,59.71729801467649,34.89431585204546,9.925617428728353,10.614608813895948,2,1,B2,14929.324503669122,59.71729801467649,59.71729801467649,3.0,3.574428202972165,1,-30.618072756298336,0
heldout:60:193,heldout,60,B4,0,5.7750669467541025,,10232.25,0.0,,0.0,1,geant4_sci_bar_dominant_pdg_deuteron_vs_proton,deuteron,18301,2212,90.38963710662927,94.72020765736806,63.76682256037873,9.317570041896047,11.12617670307832,2,1,B2,16000.0,94.72020765736806,94.72020765736806,1.0,8.459467711161889,0,-377.48075994344765,0
heldout:60:194,heldout,60,B4,0,10.708074955083227,,4919.8637741788025,0.0,,0.0,0,geant4_sci_bar_dominant_pdg_deuteron_vs_proton,proton,21633,2212,125.24133832161928,19.67945509671521,13.80126834131133,7.984746679918782,8.075499954760835,2,2,B2,4919.8637741788025,19.67945509671521,9.839727548357605,1.0,8.018338623072086,0,-1939.2401164706857,0
heldout:60:195,heldout,60,B6,0,5.98639578572926,,5701.5,0.0,,0.0,0,geant4_sci_bar_dominant_pdg_deuteron_vs_proton,proton,27477,2212,72.87608633613058,33.645143628060005,33.645143628060005,10.496211238838088,10.496211238838088,1,1,B2,8411.285907015,33.645143628060005,33.645143628060005,2.0,5.50205519011834,0,-26.50531282179797,0
heldout:60:196,heldout,60,B6,0,5.380137374086267,,8856.75,0.0,,0.0,0,geant4_sci_bar_dominant_pdg_deuteron_vs_proton,proton,15727,2212,153.3437231681865,90.07875300372214,46.01075357954557,7.127242816092327,7.7785450458765615,5,4,B8,16000.0,90.07875300372214,22.519688250930535,2.0,7.978729274042007,0,-58.41155204201732,0
heldout:60:197,heldout,60,B6,0,7.335993551696365,,12937.75,0.0,,0.0,0,geant4_sci_bar_dominant_pdg_deuteron_vs_proton,proton,3807,2212,137.740930251399,74.87240247891407,26.2263770303386,7.5293400094631595,8.107514546817017,4,4,B8,16000.0,74.87240247891407,18.718100619728517,2.0,8.042920943339253,0,34.71273992462332,0
heldout:60:198,heldout,60,B4,0,9.016284862132304,,9877.0,0.0,,0.0,0,geant4_sci_bar_dominant_pdg_deuteron_vs_proton,proton,3978,2212,56.27855044518506,47.816847341182836,11.93799922886683,10.425200823673217,10.501881970841767,8,1,B2,11954.21183529571,47.816847341182836,47.816847341182836,1.0,9.367049429352852,0,-1264.0890755810753,0
heldout:60:199,heldout,60,B4,0,10.436370509878154,,10403.75,0.0,,0.0,1,geant4_sci_bar_dominant_pdg_deuteron_vs_proton,deuteron,27332,2212,119.68040944065659,66.27278334386776,66.27278334386776,14.333058238687897,14.333058238687897,1,1,B2,16000.0,66.27278334386776,66.27278334386776,1.0,9.1601116560946,1,-1244.5068935058798,0
heldout:60:200,heldout,60,B8,0,4.033925207947146,,12753.876461317574,0.0,,0.0,0,geant4_sci_bar_dominant_pdg_deuteron_vs_proton,proton,10199,2212,131.81118254112204,51.0155058452703,22.267091025261415,7.68507503713093,8.046211379155924,3,3,B6,12753.876461317574,51.0155058452703,17.0051686150901,3.0,10.42359755513793,0,-106.25755507223869,0
heldout:60:201,heldout,60,B4,0,9.785316512507936,,7084.0,0.0,,0.0,0,geant4_sci_bar_dominant_pdg_deuteron_vs_proton,proton,22514,2212,104.85902073812481,64.04772059658846,46.228708704108264,8.684257134399317,8.953251848146802,2,2,B4,16000.0,64.04772059658846,32.02386029829423,1.0,3.443296888764609,0,-74.88165512272236,0
heldout:60:202,heldout,60,B4,0,9.468962897472112,,10617.25,0.0,,0.0,1,geant4_sci_bar_dominant_pdg_deuteron_vs_proton,deuteron,4591,2212,117.41668569755845,49.22411284948056,49.22411284948056,13.775685675904569,13.775685675904569,1,1,B2,12306.02821237014,49.22411284948056,49.22411284948056,1.0,5.069883008379374,0,-61.722303048336784,0
heldout:60:203,heldout,60,B2,0,11.083933569034004,,10235.75,0.0,,0.0,0,geant4_sci_bar_dominant_pdg_deuteron_vs_proton,proton,7844,2212,143.23755898316494,65.23932258225213,21.08424824701879,7.346230647100976,7.870589797191329,4,4,B6,16000.0,65.23932258225213,16.309830645563032,0.0,3.9192736331785394,0,-95.44686435435814,0
heldout:60:204,heldout,60,B6,0,6.724885247373813,,13081.25,0.0,,0.0,0,geant4_sci_bar_dominant_pdg_deuteron_vs_proton,proton,20802,2212,151.50102841626705,71.23281947226317,22.147167155187056,7.187780288346058,7.75539767970206,4,4,B6,16000.0,71.23281947226317,17.808204868065793,2.0,9.211395996949236,1,-469.57547727494784,0
heldout:60:205,heldout,60,B2,0,5.674413059663706,,9801.663938572061,0.0,,0.0,1,geant4_sci_bar_dominant_pdg_deuteron_vs_proton,deuteron,20763,2212,82.73641451043028,39.20665575428824,39.20665575428824,11.458775596737471,11.458775596737471,1,1,B2,9801.663938572061,39.20665575428824,39.20665575428824,0.0,9.329602114651257,0,-25.210636326847435,0
heldout:60:206,heldout,60,B2,0,5.101206210039419,,7812.0,0.0,,0.0,1,geant4_sci_bar_dominant_pdg_deuteron_vs_proton,deuteron,5112,2212,72.514394529198,60.20964097410668,32.56234547886938,10.1460870987006,10.54169425085242,2,1,B2,15052.410243526669,60.20964097410668,60.20964097410668,0.0,8.49217868344732,0,-8.461308569934037,0
heldout:60:207,heldout,60,B4,0,5.2744500171195945,,6727.0,0.0,,0.0,1,geant4_sci_bar_dominant_pdg_deuteron_vs_proton,deuteron,8469,2212,54.234085863982685,55.11206137912202,26.24768844987837,10.346171437394188,10.621938408611747,4,2,B4,13778.015344780504,55.11206137912202,27.55603068956101,1.0,9.769289925862912,1,-2579.5990036460516,0
heldout:60:208,heldout,60,B2,0,8.169466630504456,,11107.25,0.0,,0.0,0,geant4_sci_bar_dominant_pdg_deuteron_vs_proton,proton,202,2212,98.09148999424337,99.37267203968511,45.76659746514723,8.82341862582653,10.273481376103904,5,2,B4,16000.0,99.37267203968511,49.68633601984256,0.0,5.1417947362840195,1,-15.9332400803914,0
heldout:60:209,heldout,60,B2,0,8.926312613748728,,11013.912536107591,0.0,,0.0,1,geant4_sci_bar_dominant_pdg_deuteron_vs_proton,deuteron,16229,2212,87.43072403830845,44.055650144430366,44.055650144430366,11.690320706141808,11.690320706141808,1,1,B2,11013.912536107591,44.055650144430366,44.055650144430366,0.0,6.090044749513484,0,17.30555533700436,0
heldout:60:210,heldout,60,B2,0,6.559371557571055,,11522.0,0.0,,0.0,0,geant4_sci_bar_dominant_pdg_deuteron_vs_proton,proton,23095,2212,140.09865783330392,56.099983029140375,26.46144890496479,7.483886518574785,7.872402105475121,3,3,B6,14024.995757285094,56.099983029140375,18.699994343046793,0.0,6.903282728919131,0,-3.1846791845147635,0
heldout:60:211,heldout,60,B4,0,8.384557868979275,,12617.5,0.0,,0.0,1,geant4_sci_bar_dominant_pdg_deuteron_vs_proton,deuteron,8997,2212,119.43397919250934,65.53483879413524,65.53483879413524,14.456121552699381,14.456121552699381,1,1,B2,16000.0,65.53483879413524,65.53483879413524,1.0,9.391423352297709,1,-1653.297264398041,0
heldout:60:212,heldout,60,B4,0,6.5625018205529875,,8184.75,0.0,,0.0,0,geant4_sci_bar_dominant_pdg_deuteron_vs_proton,proton,19656,2212,165.55703122123742,54.50654196652286,18.44139469670372,6.992567171607859,7.474562735091107,4,4,B8,13626.635491630715,54.50654196652286,13.626635491630715,1.0,3.098434507717128,1,-583.0707085318361,0
heldout:60:213,heldout,60,B4,0,8.602545442125592,,10062.5,0.0,,0.0,1,geant4_sci_bar_dominant_pdg_deuteron_vs_proton,deuteron,14936,2212,150.4256723784114,82.63665315935773,27.799981199748803,7.218269951936189,12.197917919326914,8,1,B2,16000.0,82.63665315935773,82.63665315935773,1.0,9.393762892636422,1,-1950.440482054537,0
heldout:60:214,heldout,60,B4,0,7.84507519499077,,13592.496121291033,0.0,,0.0,0,geant4_sci_bar_dominant_pdg_deuteron_vs_proton,proton,22613,2212,128.42750631927504,54.36998448516413,25.00591388890932,7.803181937931032,8.183358627006346,3,3,B6,13592.496121291033,54.36998448516413,18.12332816172138,1.0,8.00736603310677,0,0.6294455971944952,0
heldout:60:215,heldout,60,B6,0,4.63253338633117,,9548.0,0.0,,0.0,0,geant4_sci_bar_dominant_pdg_deuteron_vs_proton,proton,29318,2212,128.0774338611656,41.139605960275716,17.653014725077472,7.814746156934691,8.1136711997984,4,3,B4,10284.901490068929,41.139605960275716,13.713201986758571,2.0,8.564840888535493,0,-1020.6443390425694,0
heldout:60:216,heldout,60,B8,0,7.876560081867826,,10991.75,0.0,,0.0,0,geant4_sci_bar_dominant_pdg_deuteron_vs_proton,proton,17956,2212,164.361604268103,57.23412735106793,18.840638961305814,6.9822824176450515,7.45918848823918,4,4,B8,14308.531837766983,57.23412735106793,14.308531837766983,3.0,7.718880298876501,0,16.862088918035653,0
heldout:60:217,heldout,60,B8,0,4.519812647749392,,9164.75,0.0,,0.0,0,geant4_sci_bar_dominant_pdg_deuteron_vs_proton,proton,13261,2212,153.7814498178347,86.55614092338988,41.74509741082695,7.168204388300502,7.804217917120289,4,4,B8,16000.0,86.55614092338988,21.63903523084747,3.0,3.144677695546062,0,52.75704926760767,0
heldout:60:218,heldout,60,B4,0,10.991958813582473,,10062.5,0.0,,0.0,1,geant4_sci_bar_dominant_pdg_deuteron_vs_proton,deuteron,13130,2212,54.081895254075924,60.389055727915675,38.067181811595,10.32968396220403,10.590102028209435,2,2,B4,15097.26393197892,60.389055727915675,30.194527863957838,1.0,4.285351557704687,0,-61.30988767276338,0
heldout:60:219,heldout,60,B4,0,8.007414347320854,,16000.0,0.0,,0.0,1,geant4_sci_bar_dominant_pdg_deuteron_vs_proton,deuteron,2581,2212,62.450036540578814,68.18935547546543,44.65602328344541,10.498742247861887,10.7764372717146,2,2,B4,16000.0,68.18935547546543,34.09467773773272,1.0,9.310517442664244,1,-1235.7288381386384,0
heldout:60:220,heldout,60,B4,0,5.754404309221304,,10062.5,0.0,,0.0,1,geant4_sci_bar_dominant_pdg_deuteron_vs_proton,deuteron,27233,2212,74.90877484718752,60.81966481628321,34.55284208180309,9.99624600098947,10.613866367158378,2,1,B2,15204.916204070802,60.81966481628321,60.81966481628321,1.0,7.33153992714106,0,1.8070598008261918,0
heldout:60:221,heldout,60,B6,0,7.373002355117412,,6993.0,0.0,,0.0,0,geant4_sci_bar_dominant_pdg_deuteron_vs_proton,proton,12696,2212,125.97783320804122,30.346895588860978,16.959046185664196,7.973323389929152,8.143003207146531,2,2,B4,7586.7238972152445,30.346895588860978,15.173447794430489,2.0,5.6755020427959035,0,48.49237013565822,0
heldout:60:222,heldout,60,B2,0,10.440947225171545,,13550.25,0.0,,0.0,1,geant4_sci_bar_dominant_pdg_deuteron_vs_proton,deuteron,15381,2212,106.8983857622661,87.57215268519518,36.99798305816585,8.542790571474294,10.486542999535523,3,2,B2,16000.0,87.57215268519518,43.78607634259759,0.0,1.8453584408223749,1,-995.6520522846529,0
heldout:60:223,heldout,60,B4,0,4.228574653986782,,10232.25,0.0,,0.0,1,geant4_sci_bar_dominant_pdg_deuteron_vs_proton,deuteron,24275,2212,62.71256365737103,67.55607774809295,44.68471140107035,10.521038880954778,10.801220570711228,2,2,B4,16000.0,67.55607774809295,33.77803887404647,1.0,9.01545127448892,0,-148.22740498275695,0
heldout:60:224,heldout,60,B8,0,10.969008982329937,,9649.76067597484,0.0,,0.0,0,geant4_sci_bar_dominant_pdg_deuteron_vs_proton,proton,8629,2212,156.094111577113,38.59904270389936,26.468519485979723,7.135194998766574,7.3515700733306035,2,2,B4,9649.76067597484,38.59904270389936,19.29952135194968,3.0,5.1549005206452,0,-24.01123392387587,0
heldout:60:225,heldout,60,B4,0,5.2199463470161085,,10627.75,0.0,,0.0,1,geant4_sci_bar_dominant_pdg_deuteron_vs_proton,deuteron,9230,2212,98.56479875015513,119.57082508574702,54.839743446869846,8.84395204711077,10.681592778354403,3,2,B2,16000.0,119.57082508574702,59.78541254287351,1.0,10.423215930743886,0,-1096.1810254005504,0
heldout:60:226,heldout,60,B8,0,5.559868954306368,,14040.627376063396,0.0,,0.0,1,geant4_sci_bar_dominant_pdg_deuteron_vs_proton,deuteron,12107,2212,54.09960557371299,56.162509504253585,34.64267109756872,10.317798271190151,10.568496455902059,2,2,B4,14040.627376063396,56.162509504253585,28.081254752126792,3.0,8.02388263767022,0,13.319840232084124,0
heldout:60:227,heldout,60,B2,0,6.165308205383927,,16000.0,0.0,,0.0,0,geant4_sci_bar_dominant_pdg_deuteron_vs_proton,proton,785,2212,147.12967786954002,89.06871253083804,42.106547735471366,7.300241968599554,12.198866396948851,4,3,B4,16000.0,89.06871253083804,29.68957084361268,0.0,8.72359007396803,1,-17.585529541366228,0
heldout:60:228,heldout,60,B2,0,5.95247293239677,,11660.25,0.0,,0.0,0,geant4_sci_bar_dominant_pdg_deuteron_vs_proton,proton,12616,2212,139.17309107349803,53.52337681661464,24.570801332444727,7.482065747477524,7.862130664785349,3,3,B6,13380.84420415366,53.52337681661464,17.841125605538213,0.0,6.094746843223322,1,-11.90441860488776,0
heldout:60:229,heldout,60,B2,0,4.779095317318631,,7813.5998491965265,0.0,,0.0,1,geant4_sci_bar_dominant_pdg_deuteron_vs_proton,deuteron,6309,2212,71.3693238364803,31.254399396786106,31.254399396786106,10.851729846559909,10.851729846559909,1,1,B2,7813.5998491965265,31.254399396786106,31.254399396786106,0.0,8.964103720567985,0,55.104175319660776,0
heldout:60:230,heldout,60,B8,0,7.462739918357865,,12073.354044329362,0.0,,0.0,1,geant4_sci_bar_dominant_pdg_deuteron_vs_proton,deuteron,26389,2212,110.49216446407226,48.29341617731745,43.367922371944125,8.422011763228713,12.834354549163734,2,1,B2,12073.354044329362,48.29341617731745,48.29341617731745,3.0,7.399632896747407,0,34.2543542587139,0
heldout:60:231,heldout,60,B2,0,9.007660701954997,,7547.75,0.0,,0.0,1,geant4_sci_bar_dominant_pdg_deuteron_vs_proton,deuteron,14331,2212,89.5743007717031,51.682532256240414,51.682532256240414,11.87795997158429,11.87795997158429,1,1,B2,12920.633064060103,51.682532256240414,51.682532256240414,0.0,4.320707723769818,0,-58.944653267148354,0
heldout:60:232,heldout,60,B4,0,8.631190015374845,,7932.75,0.0,,0.0,1,geant4_sci_bar_dominant_pdg_deuteron_vs_proton,deuteron,7741,2212,99.05035090945483,112.67140485960999,54.625007401012084,8.672755558348843,10.703854646693964,4,2,B2,16000.0,112.67140485960999,56.335702429804996,1.0,3.733729855197494,0,-74.01916124727859,0
heldout:60:233,heldout,60,B6,0,4.769655951651984,,12733.0,0.0,,0.0,0,geant4_sci_bar_dominant_pdg_deuteron_vs_proton,proton,4269,2212,69.60282947910252,73.65238453238779,42.48342979853931,10.835433504525744,10.847693506187916,2,1,B2,16000.0,73.65238453238779,73.65238453238779,2.0,8.035897573884547,0,47.71853428529715,0
heldout:60:234,heldout,60,B2,0,8.213269656847263,,14574.0,0.0,,0.0,1,geant4_sci_bar_dominant_pdg_deuteron_vs_proton,deuteron,28403,2212,121.64936223612548,62.608605511896776,62.608605511896776,14.799235489108126,14.799235489108126,1,1,B2,15652.151377974194,62.608605511896776,62.608605511896776,0.0,6.616515119457893,1,-283.6164360227722,0
heldout:60:235,heldout,60,B6,0,8.23285899678923,,10158.75,0.0,,0.0,1,geant4_sci_bar_dominant_pdg_deuteron_vs_proton,deuteron,16560,2212,53.817316242047745,58.47648713617592,35.941122170270354,10.294073297016086,10.546238467697306,2,2,B4,14619.12178404398,58.47648713617592,29.23824356808796,2.0,6.433783460927563,0,-13.907250490996208,0
heldout:60:236,heldout,60,B2,0,6.699092395092369,,14857.5,0.0,,0.0,1,geant4_sci_bar_dominant_pdg_deuteron_vs_proton,deuteron,29112,2212,91.99509425204818,70.85059362063181,53.92625059822495,10.311981238195264,11.571187928584962,2,1,B2,16000.0,70.85059362063181,70.85059362063181,0.0,7.077154953796187,1,-30.53068322737664,0
heldout:60:237,heldout,60,B6,0,9.029185096037011,,10643.5,0.0,,0.0,0,geant4_sci_bar_dominant_pdg_deuteron_vs_proton,proton,260,2212,129.77439584184523,55.66959362542691,25.55990012086814,7.764747740927237,8.146510627633326,3,3,B6,13917.398406356728,55.66959362542691,18.556531208475636,2.0,5.791159057486531,0,12.74540003976671,0
heldout:60:238,heldout,60,B4,0,4.3641013125768735,,1433.612955676187,0.0,,0.0,0,geant4_sci_bar_dominant_pdg_deuteron_vs_proton,proton,5661,2212,171.1511365197594,5.734451822704749,5.734451822704749,6.994724473962917,6.994724473962917,1,1,B2,1433.612955676187,5.734451822704749,5.734451822704749,1.0,8.372308851470873,0,236.13900006304036,0
heldout:60:239,heldout,60,B8,0,5.730064857132542,,16000.000000000002,0.0,,0.0,1,geant4_sci_bar_dominant_pdg_deuteron_vs_proton,deuteron,19923,2212,66.4562862019412,83.62832201663488,59.2160602401827,10.694095785010372,11.003695518377032,2,2,B4,16000.0,83.62832201663488,41.81416100831744,3.0,9.452925318761013,1,-522.3690035416736,0
heldout:60:240,heldout,60,B8,0,5.549571570253255,,9735.25,0.0,,0.0,0,geant4_sci_bar_dominant_pdg_deuteron_vs_proton,proton,1869,2212,154.6334427790672,90.90128646356115,46.208968818269796,7.121287060651026,7.764662332411692,4,4,B8,16000.0,90.90128646356115,22.725321615890287,3.0,8.469383591925126,0,-95.75713405891511,0
heldout:60:241,heldout,60,B8,0,6.545311838832306,,6151.25,0.0,,0.0,1,geant4_sci_bar_dominant_pdg_deuteron_vs_proton,deuteron,19659,2212,121.72148172104016,63.04713897122066,63.04713897122066,14.731033901239003,14.731033901239003,1,1,B2,15761.784742805165,63.04713897122066,63.04713897122066,3.0,6.945792111396944,0,-101.09891723572508,0
heldout:60:242,heldout,60,B4,0,5.5640309111092545,,15755.570026158792,0.0,,0.0,1,geant4_sci_bar_dominant_pdg_deuteron_vs_proton,deuteron,27472,2212,109.32750357986973,63.02228010463516,41.38329350070231,8.427930955951192,11.550945057364098,3,2,B2,15755.57002615879,63.02228010463516,31.51114005231758,1.0,9.130105234853426,1,22.97911473297816,0
heldout:60:243,heldout,60,B4,0,4.330317838644581,,10221.75,0.0,,0.0,1,geant4_sci_bar_dominant_pdg_deuteron_vs_proton,deuteron,27906,2212,92.85941812589228,59.66949879389453,59.66949879389453,11.958598984113756,11.958598984113758,1,1,B2,14917.374698473634,59.66949879389453,59.66949879389453,1.0,8.389563073490914,0,52.59455086145401,0
heldout:60:244,heldout,60,B6,0,8.721858218465574,,14430.175552460372,0.0,,0.0,1,geant4_sci_bar_dominant_pdg_deuteron_vs_proton,deuteron,5278,2212,53.069073029435174,57.72070220984149,35.77439515530134,10.319979260570824,10.573101561646505,2,2,B4,14430.175552460372,57.72070220984149,28.860351104920746,2.0,7.63164405958807,0,-113.32917671337393,0
heldout:60:245,heldout,60,B4,0,7.92096906439116,,10232.25,0.0,,0.0,1,geant4_sci_bar_dominant_pdg_deuteron_vs_proton,deuteron,14486,2212,57.56089747470211,61.76368696937945,38.576092591330905,10.352370970013496,10.612454566815353,2,2,B4,15440.921742344863,61.76368696937945,30.881843484689725,1.0,9.464053367760494,0,-873.0305998828383,0
heldout:60:246,heldout,60,B4,0,4.010757630116485,,13252.75,0.0,,0.0,0,geant4_sci_bar_dominant_pdg_deuteron_vs_proton,proton,12953,2212,129.2291539022504,71.928087545873,26.854205986886125,7.780238389864334,8.268931360651205,4,3,B6,16000.0,71.928087545873,23.976029181957667,1.0,8.424722679919297,0,193.34939828439448,0
heldout:60:247,heldout,60,B8,0,6.691100583000915,,13935.25,0.0,,0.0,0,geant4_sci_bar_dominant_pdg_deuteron_vs_proton,proton,23356,2212,94.66066119592227,71.63211237323262,41.25666577554226,9.017656513175401,11.105219333438262,4,1,B2,16000.0,71.63211237323262,71.63211237323262,3.0,8.906841152957714,0,-454.3933624048988,0
heldout:60:248,heldout,60,B2,0,5.281581911792493,,12437.25,0.0,,0.0,1,geant4_sci_bar_dominant_pdg_deuteron_vs_proton,deuteron,25402,2212,88.1714630515569,90.44541914696256,55.1361412104994,9.499483033088156,10.925737283621874,3,1,B2,16000.0,90.44541914696256,90.44541914696256,0.0,8.170533277964985,0,-1.380357829438866,0
heldout:60:249,heldout,60,B2,0,7.316491702678212,,11660.25,0.0,,0.0,1,geant4_sci_bar_dominant_pdg_deuteron_vs_proton,deuteron,28926,2212,79.22856367413944,59.22267831563022,19.668741186357916,9.757966301732813,11.242734735731569,7,1,B2,14805.669578907555,59.22267831563022,59.22267831563022,0.0,4.725168933634928,1,-125.85188610997574,0
heldout:60:250,heldout,60,B8,0,4.50526417616121,,15974.0,0.0,,0.0,0,geant4_sci_bar_dominant_pdg_deuteron_vs_proton,proton,16240,2212,82.40744910459769,82.36857548995326,42.62305145239676,9.635963861015835,10.483953787758132,2,1,B2,16000.0,82.36857548995326,82.36857548995326,3.0,8.158872387164646,1,13.518652650881714,0
heldout:60:251,heldout,60,B2,0,9.591903608670345,,10262.0,0.0,,0.0,0,geant4_sci_bar_dominant_pdg_deuteron_vs_proton,proton,22334,2212,150.71610879003134,82.7346256706218,36.98695408233632,7.217532319529721,7.843465131592943,4,4,B8,16000.0,82.7346256706218,20.68365641765545,0.0,4.407444541676115,0,17.491986264774965,0
heldout:60:252,heldout,60,B4,0,9.264251246076963,,13496.0,0.0,,0.0,1,geant4_sci_bar_dominant_pdg_deuteron_vs_proton,deuteron,5302,2212,65.75381987387775,73.08889044522475,48.98829177992259,10.637986257914358,10.925390245658235,2,2,B4,16000.0,73.08889044522475,36.544445222612374,1.0,6.450157950969387,1,-172.8147439026209,0
heldout:60:253,heldout,60,B6,0,7.54438991687975,,10006.5,0.0,,0.0,0,geant4_sci_bar_dominant_pdg_deuteron_vs_proton,proton,4101,2212,143.06960456262877,51.854105458002486,22.98933133457561,7.345914742467117,7.70836398328894,3,3,B6,12963.526364500622,51.854105458002486,17.284701819334163,2.0,7.472302465440974,0,-38.239778226653485,0
heldout:60:254,heldout,60,B2,0,9.068258566399837,,5264.0,0.0,,0.0,0,geant4_sci_bar_dominant_pdg_deuteron_vs_proton,proton,27894,2212,141.78266991223848,53.13251453638744,23.903343612948625,7.388791315279506,7.75938477619287,3,3,B6,13283.12863409686,53.13251453638744,17.710838178795814,0.0,10.197202351604687,0,-1468.5238448659727,0
heldout:60:255,heldout,60,B4,0,8.087750321614202,,13112.701915330468,0.0,,0.0,0,geant4_sci_bar_dominant_pdg_deuteron_vs_proton,proton,28921,2212,145.29702552840206,52.450807661321875,20.187255147343514,7.280588549325025,7.505561835374584,6,2,B4,13112.701915330468,52.450807661321875,26.225403830660937,1.0,5.999490260779794,1,-134.0571171735825,0
heldout:62:256,heldout,62,B2,1,5.152870139459646,11.152870139459646,9142.857142857143,6857.142857142857,6.0,0.75,1,geant4_sci_bar_dominant_pdg_deuteron_vs_proton,deuteron,3320,2212,65.16304061909011,72.01974094677507,48.57474882463918,10.637600975215681,10.927098818066085,2,2,B4,16000.0,72.01974094677507,36.00987047338754,0.0,9.31025261181116,0,50.60463896857288,1
heldout:62:257,heldout,62,B6,1,5.213211298710386,10.213211298710386,10666.666666666666,5333.333333333333,5.0,0.5,1,geant4_sci_bar_dominant_pdg_deuteron_vs_proton,deuteron,20242,2212,102.91202788404397,114.2194262114902,50.653287345460406,8.576773645796772,10.623053961954247,3,2,B2,16000.0,114.2194262114902,57.1097131057451,2.0,9.405359713204637,0,-28.8155930832689,1
heldout:62:258,heldout,62,B4,1,4.293397716031014,10.293397716031013,6898.5,1724.625,6.0,0.25,0,geant4_sci_bar_dominant_pdg_deuteron_vs_proton,proton,19492,2212,121.6958575524937,62.57671336580488,32.578001678784176,14.86265708727049,14.883546221328258,2,1,B2,15644.17834145122,62.57671336580488,62.57671336580488,1.0,10.434095425634613,0,-969.9883401957659,1
heldout:62:259,heldout,62,B2,1,6.894943249503429,10.894943249503429,9142.857142857143,6857.142857142858,4.0,0.75,0,geant4_sci_bar_dominant_pdg_deuteron_vs_proton,proton,15917,2212,135.48324371667022,68.8297044761704,21.579194887250207,7.552820546254136,8.107189155789632,4,4,B6,16000.0,68.8297044761704,17.2074261190426,0.0,8.778955120548801,1,-608.1286763621684,1
heldout:62:260,heldout,62,B8,1,8.080829129844734,8.830829129844734,7447.458059498577,1861.8645148746443,0.75,0.25,0,geant4_sci_bar_dominant_pdg_deuteron_vs_proton,proton,8659,2212,136.42319089965747,37.23729029749289,18.03666662146265,7.539118345714168,7.781417749436831,7,2,B4,9309.322574373222,37.23729029749289,18.618645148746445,3.0,7.622307482418805,0,-22.898450866968986,1
heldout:62:261,heldout,62,B6,1,5.426281215380385,9.426281215380385,6700.75,6700.75,4.0,1.0,0,geant4_sci_bar_dominant_pdg_deuteron_vs_proton,proton,26325,2212,168.0345427272121,54.59806820241762,18.29137524297468,7.001351596952451,7.47710997178512,4,4,B8,13649.517050604405,54.59806820241762,13.649517050604405,2.0,7.6640975565014235,0,52.26278985825567,1
heldout:62:262,heldout,62,B8,1,5.368799102990358,11.368799102990359,7052.5,3526.25,6.0,0.5,0,geant4_sci_bar_dominant_pdg_deuteron_vs_proton,proton,16628,2212,166.73043988807058,53.58156767908457,17.163971066393557,6.9951275501409125,7.464730664020797,4,4,B8,13395.391919771142,53.58156767908457,13.395391919771143,3.0,9.83800528691732,0,16.02441153389747,1
heldout:62:263,heldout,62,B2,1,8.31968255388962,9.06968255388962,8000.0,8000.0,0.75,1.0,0,geant4_sci_bar_dominant_pdg_deuteron_vs_proton,proton,8180,2212,138.59292025765623,82.61747934682353,37.68323914616118,7.459248077658084,8.091540634962088,4,4,B8,16000.0,82.61747934682353,20.654369836705882,0.0,6.161694376464739,1,-38.63371302019691,1
heldout:62:264,heldout,62,B8,1,6.959180496621471,8.959180496621471,9142.857142857141,6857.142857142857,2.0,0.75,1,geant4_sci_bar_dominant_pdg_deuteron_vs_proton,deuteron,26692,2212,62.906684295808425,68.37063778351506,44.59862338112973,10.556434231265515,10.833697287847658,2,2,B4,16000.0,68.37063778351506,34.18531889175753,3.0,7.595214707255952,1,-58.50964298774204,1
heldout:62:265,heldout,62,B8,1,6.062893241129206,6.812893241129206,9646.574701398,4823.287350699,0.75,0.5,1,geant4_sci_bar_dominant_pdg_deuteron_vs_proton,deuteron,20499,2212,121.51949030566279,57.879448208388,57.879448208388,14.338579380363036,14.338579380363036,1,1,B2,14469.862052097,57.879448208388,57.879448208388,3.0,10.106289950194498,1,-801.0309784249883,1
heldout:62:266,heldout,62,B4,1,9.55635119164727,10.05635119164727,8000.0,8000.0,0.5,1.0,0,geant4_sci_bar_dominant_pdg_deuteron_vs_proton,proton,5773,2212,57.79969667953664,84.27599830973423,31.975254166601413,10.39687891607707,10.442766986246248,6,1,B2,16000.0,84.27599830973423,84.27599830973423,1.0,6.895067691629759,1,-20.467885891581282,1
heldout:62:267,heldout,62,B4,1,4.678961842093201,5.678961842093201,12800.0,3200.0,1.0,0.25,0,geant4_sci_bar_dominant_pdg_deuteron_vs_proton,proton,14281,2212,157.32826853590262,72.63079492208765,31.049090329428452,7.116807054182217,7.698456086429829,4,4,B8,16000.0,72.63079492208765,18.15769873052191,1.0,9.364409293455138,1,-156.98237741609523,1
heldout:62:268,heldout,62,B2,1,10.412363370650734,11.412363370650734,7103.247153249477,7103.247153249477,1.0,1.0,0,geant4_sci_bar_dominant_pdg_deuteron_vs_proton,proton,10715,2212,164.96103861763922,56.82597722599582,19.23117293812181,7.019682587976283,7.504922901934041,4,4,B8,14206.494306498955,56.82597722599582,14.206494306498955,0.0,6.124962988256102,1,-2.7734093555655974,1
heldout:62:269,heldout,62,B4,1,5.870300821504987,10.870300821504987,9080.75,2270.1875,5.0,0.25,1,geant4_sci_bar_dominant_pdg_deuteron_vs_proton,deuteron,3461,2212,65.95671724436258,93.03499751522122,67.8306324515893,10.626411393332399,10.94725913592392,3,2,B4,16000.0,93.03499751522122,46.51749875761061,1.0,7.6391124542102595,0,18.529949161697516,1
heldout:62:270,heldout,62,B6,1,9.488104197806939,9.988104197806939,5435.5,1358.875,0.5,0.25,0,geant4_sci_bar_dominant_pdg_deuteron_vs_proton,proton,8356,2212,168.78768645320855,44.69734172096492,28.002155998924998,6.978967078829841,7.026327191673797,3,2,B2,11174.33543024123,44.69734172096492,22.34867086048246,2.0,5.12890929172138,0,-69.32348546493404,1
heldout:62:271,heldout,62,B2,1,4.582227020335725,10.582227020335726,9142.857142857143,6857.142857142857,6.0,0.75,1,geant4_sci_bar_dominant_pdg_deuteron_vs_proton,deuteron,15943,2212,62.15367514489436,68.06135222208245,44.3823541564095,10.503483554498827,10.780015804522645,2,2,B4,16000.0,68.06135222208245,34.030676111041224,0.0,11.420460576061952,1,-1439.8364302404261,1
heldout:62:272,heldout,62,B4,1,4.775018040939192,9.775018040939191,9082.5,4541.25,5.0,0.5,0,geant4_sci_bar_dominant_pdg_deuteron_vs_proton,proton,14239,2212,160.7764257752322,70.03542438338545,28.783218244698297,7.0510698316752025,7.615935727011788,4,4,B8,16000.0,70.03542438338545,17.50885609584636,1.0,10.835943088756867,1,-872.7706934687847,1
heldout:62:273,heldout,62,B8,1,6.117830688171485,7.617830688171485,8109.5,6082.125,1.5,0.75,1,geant4_sci_bar_dominant_pdg_deuteron_vs_proton,deuteron,20284,2212,93.02669481963083,88.17836791099077,64.16973535234446,9.056715904773617,11.213193092522806,2,1,B2,16000.0,88.17836791099077,88.17836791099077,3.0,8.49828164252239,0,-208.80918338511404,1
heldout:62:274,heldout,62,B8,1,6.399270431462676,9.399270431462675,6423.491865558567,1605.8729663896418,3.0,0.25,1,geant4_sci_bar_dominant_pdg_deuteron_vs_proton,deuteron,11168,2212,70.90776759777171,32.11745932779284,32.11745932779284,10.900386559534354,10.900386559534354,1,1,B2,8029.364831948209,32.11745932779284,32.11745932779284,3.0,7.825470395615442,0,31.840042938710887,1
heldout:62:275,heldout,62,B2,1,9.089510464872795,9.589510464872795,7682.893695360542,5762.1702715204065,0.5,0.75,0,geant4_sci_bar_dominant_pdg_deuteron_vs_proton,proton,24241,2212,166.63139375620028,53.78025586752379,18.133254759691557,6.99621408666133,7.4718432781797866,4,4,B8,13445.063966880947,53.78025586752379,13.445063966880948,0.0,6.067989985826626,1,-25.70858867344699,1
heldout:62:276,heldout,62,B4,1,10.158129147568397,10.658129147568397,1499.7274664978877,1124.7955998734158,0.5,0.75,0,geant4_sci_bar_dominant_pdg_deuteron_vs_proton,proton,13939,2212,170.66536615627797,10.498092265485212,10.498092265485212,6.96104854443277,6.96104854443277,1,1,B2,2624.5230663713032,10.498092265485212,10.498092265485212,1.0,6.846727933694563,0,-139.36019507529954,1
heldout:62:277,heldout,62,B4,1,4.821340788978011,10.821340788978011,7819.0,1954.75,6.0,0.25,1,geant4_sci_bar_dominant_pdg_deuteron_vs_proton,deuteron,10795,2212,120.81088504796274,63.45163607200461,63.26880943286792,14.651399763094368,14.65181168946307,2,1,B2,15862.909018001154,63.45163607200461,63.45163607200461,1.0,8.991215901633511,0,-235.28767672981394,1
heldout:62:278,heldout,62,B8,1,8.883256253332242,10.883256253332242,6452.25,3226.125,2.0,0.5,1,geant4_sci_bar_dominant_pdg_deuteron_vs_proton,deuteron,14273,2212,92.89841810888373,89.28808769916664,63.598513713577624,9.076693437464435,11.209963703546714,2,1,B2,16000.0,89.28808769916664,89.28808769916664,3.0,6.833802262707349,0,-201.30473222820365,1
heldout:62:279,heldout,62,B6,1,5.979380546352238,10.979380546352239,1668.078907558071,417.01972688951776,5.0,0.25,1,geant4_sci_bar_dominant_pdg_deuteron_vs_proton,deuteron,15360,2212,125.9008401534559,8.340394537790354,8.340394537790354,15.267779528026884,15.267779528026884,1,1,B2,2085.0986344475887,8.340394537790354,8.340394537790354,2.0,8.915531180643956,0,40.21642884374702,1
heldout:62:280,heldout,62,B6,1,5.855285405055222,10.855285405055222,9142.857142857143,6857.142857142857,5.0,0.75,1,geant4_sci_bar_dominant_pdg_deuteron_vs_proton,deuteron,2757,2212,100.46721917895873,115.28989444885315,50.1920677482267,8.808260118000499,10.687317490369482,3,2,B2,16000.0,115.28989444885315,57.64494722442657,2.0,9.088027619253875,1,-902.4421413483146,1
heldout:62:281,heldout,62,B4,1,4.955082109198377,6.455082109198377,4872.103829101594,4872.103829101594,1.5,1.0,0,geant4_sci_bar_dominant_pdg_deuteron_vs_proton,proton,2654,2212,162.15535091897257,38.97683063281275,14.940899129825283,7.000436858865655,7.29815236804262,3,3,B6,9744.207658203188,38.97683063281275,12.99227687760425,1.0,9.111500625421609,0,42.890176776842296,1
heldout:62:282,heldout,62,B6,1,6.4430154441306735,10.443015444130673,10290.0,5145.0,4.0,0.5,1,geant4_sci_bar_dominant_pdg_deuteron_vs_proton,deuteron,5547,2212,85.5302809485436,76.56787176581649,42.876409951226584,9.394338720322416,10.59708725390367,2,1,B2,16000.0,76.56787176581649,76.56787176581649,2.0,8.766948799189597,1,-276.19051168923926,1
heldout:62:283,heldout,62,B6,1,8.516382300459526,9.516382300459526,9863.0,2465.75,1.0,0.25,1,geant4_sci_bar_dominant_pdg_deuteron_vs_proton,deuteron,26941,2212,89.26884244799845,85.80650991617851,54.83487975168903,9.321748495001014,10.959319293070362,2,1,B2,16000.0,85.80650991617851,85.80650991617851,2.0,8.435392042739062,1,-997.0964183653407,1
heldout:62:284,heldout,62,B2,1,4.1735363007157655,8.173536300715766,10666.666666666666,5333.333333333333,4.0,0.5,0,geant4_sci_bar_dominant_pdg_deuteron_vs_proton,proton,7746,2212,143.97662514144002,65.94601054093853,44.64567208487766,7.591707771569926,7.888036309293859,2,2,B4,16000.0,65.94601054093853,32.973005270469265,0.0,8.194669215233107,0,430.92801016523924,1
heldout:62:285,heldout,62,B6,1,4.669505116254289,9.669505116254289,7515.820608789478,5636.865456592109,5.0,0.75,1,geant4_sci_bar_dominant_pdg_deuteron_vs_proton,deuteron,6086,2212,117.93602659511065,52.61074426152635,52.61074426152635,14.06489274557056,14.06489274557056,1,1,B2,13152.686065381587,52.61074426152635,52.61074426152635,2.0,9.344987679916619,0,-26.786255517134364,1
heldout:62:286,heldout,62,B6,1,4.145377941477322,10.14537794147732,5804.407494863222,2902.203747431611,6.0,0.5,1,geant4_sci_bar_dominant_pdg_deuteron_vs_proton,deuteron,3467,2212,74.3412823810862,34.826444969179335,34.826444969179335,11.076780780806804,11.076780780806804,1,1,B2,8706.611242294834,34.826444969179335,34.826444969179335,2.0,9.689437240778156,0,57.01292711336123,1
heldout:62:287,heldout,62,B8,1,10.581591283807011,11.331591283807011,9142.857142857143,6857.142857142857,0.75,0.75,1,geant4_sci_bar_dominant_pdg_deuteron_vs_proton,deuteron,1758,2212,94.57849955234542,87.89585267578758,49.31280472678965,8.952036868453177,11.327846017925035,4,1,B2,16000.0,87.89585267578758,87.89585267578758,3.0,5.74272681297094,1,-5.898304159156124,1
heldout:62:288,heldout,62,B4,1,5.483480377315088,9.483480377315088,7518.1147570884905,7518.1147570884905,4.0,1.0,1,geant4_sci_bar_dominant_pdg_deuteron_vs_proton,deuteron,22803,2212,109.60667630876434,60.14491805670792,41.440191958217106,8.402348626612575,11.73498008875183,3,2,B2,15036.229514176981,60.14491805670792,30.07245902835396,1.0,8.337886900219216,1,-56.88389445293571,1
heldout:62:289,heldout,62,B8,1,4.626206640837105,6.626206640837105,9436.0,2359.0,2.0,0.25,0,geant4_sci_bar_dominant_pdg_deuteron_vs_proton,proton,12112,2212,140.64612889715823,54.99183043543805,24.76670131787391,7.447227131307067,7.816102592678181,3,3,B6,13747.957608859511,54.99183043543805,18.330610145146014,3.0,9.876423868609196,0,-63.88097155014987,1
heldout:62:290,heldout,62,B6,1,9.595316208267747,10.595316208267747,7669.160787118153,5751.870590338614,1.0,0.75,0,geant4_sci_bar_dominant_pdg_deuteron_vs_proton,proton,22956,2212,165.88703115706807,53.68412550982707,18.10437950926612,7.0193034994994905,7.498409783740567,4,4,B8,13421.031377456768,53.68412550982707,13.421031377456767,2.0,5.936720895297893,1,-52.10353941320703,1
heldout:62:291,heldout,62,B6,1,6.153185096592893,6.903185096592893,10092.25,2523.0625,0.75,0.25,1,geant4_sci_bar_dominant_pdg_deuteron_vs_proton,deuteron,12090,2212,86.83952409003163,71.88701103697517,43.372996607336596,9.190401329279846,10.679696106563366,2,1,B2,16000.0,71.88701103697517,71.88701103697517,2.0,9.546730792340746,1,-874.251079876768,1
heldout:62:292,heldout,62,B6,1,4.400931982155191,10.40093198215519,9142.857142857143,6857.142857142857,6.0,0.75,0,geant4_sci_bar_dominant_pdg_deuteron_vs_proton,proton,4082,2212,80.94982655864675,83.43848861466081,44.40644988530086,9.8308143271947,10.553126112210164,2,1,B2,16000.0,83.43848861466081,83.43848861466081,2.0,9.402811938309696,0,84.36073600896495,1
heldout:62:293,heldout,62,B2,1,10.925813500998007,11.425813500998007,10666.666666666666,5333.333333333333,0.5,0.5,0,geant4_sci_bar_dominant_pdg_deuteron_vs_proton,proton,12111,2212,154.73153270315913,91.63251401034358,46.387677889828986,7.154059454088603,7.794718014347969,4,4,B8,16000.0,91.63251401034358,22.908128502585896,0.0,4.7821631616388816,1,-90.52170372046614,1
heldout:62:294,heldout,62,B8,1,7.793674775817465,10.793674775817465,6543.713077583018,4907.7848081872635,3.0,0.75,1,geant4_sci_bar_dominant_pdg_deuteron_vs_proton,deuteron,2175,2212,114.66327478249086,45.80599154308113,45.80599154308113,13.679045648771936,13.679045648771936,1,1,B2,11451.497885770283,45.80599154308113,45.80599154308113,3.0,6.708466086188855,0,-40.3894131805962,1
heldout:62:295,heldout,62,B8,1,4.4046686084392235,4.9046686084392235,7008.75,1752.1875,0.5,0.25,0,geant4_sci_bar_dominant_pdg_deuteron_vs_proton,proton,14185,2212,141.9376666635468,50.70469641260495,22.67667339994672,7.390078954209413,7.756611404362148,3,3,B6,12676.174103151237,50.70469641260495,16.901565470868317,3.0,7.497529270631321,0,-28.76534442698598,1
heldout:62:296,heldout,62,B4,1,8.772462000225545,10.272462000225545,9763.25,2440.8125,1.5,0.25,1,geant4_sci_bar_dominant_pdg_deuteron_vs_proton,deuteron,22991,2212,120.87754597945046,57.50434280746057,57.50434280746057,14.309802139900535,14.309802139900533,1,1,B2,14376.085701865142,57.50434280746057,57.50434280746057,1.0,7.865962605129793,0,-331.39484463417614,1
heldout:62:297,heldout,62,B2,1,5.127211857481363,8.127211857481363,9781.727613844901,2445.4319034612254,3.0,0.25,1,geant4_sci_bar_dominant_pdg_deuteron_vs_proton,deuteron,27048,2212,116.91199097999589,48.90863806922451,48.90863806922451,13.867909283317672,13.867909283317672,1,1,B2,12227.159517306127,48.90863806922451,48.90863806922451,0.0,9.44059651111693,0,-161.82774538262544,1
heldout:62:298,heldout,62,B8,1,10.302420200201686,11.052420200201686,7233.702742891074,3616.851371445537,0.75,0.5,1,geant4_sci_bar_dominant_pdg_deuteron_vs_proton,deuteron,10931,2212,84.23570720038424,43.40221645734645,43.40221645734645,11.516918405470644,11.516918405470644,1,1,B2,10850.554114336612,43.40221645734645,43.40221645734645,3.0,6.095190522563598,0,-63.97151499638266,1
heldout:62:299,heldout,62,B2,1,7.559744900568654,8.559744900568653,9142.857142857143,6857.142857142858,1.0,0.75,1,geant4_sci_bar_dominant_pdg_deuteron_vs_proton,deuteron,26126,2212,61.22328935269025,66.69298511683422,43.00952787447857,10.576691450074195,10.849847671561049,2,2,B4,16000.0,66.69298511683422,33.34649255841711,0.0,8.958791516545421,1,-1668.7609643269896,1
heldout:62:300,heldout,62,B2,1,9.72742486164471,11.22742486164471,7999.999999999999,7999.999999999999,1.5,1.0,0,geant4_sci_bar_dominant_pdg_deuteron_vs_proton,proton,21726,2212,90.8621768715335,66.53162339830139,32.0807882522231,12.003959850990261,12.104482935027413,3,1,B2,16000.0,66.53162339830139,66.53162339830139,0.0,6.83866810052077,1,-439.3670940518674,1
heldout:62:301,heldout,62,B4,1,4.783632541916128,10.783632541916127,7147.6445354765365,1786.9111338691341,6.0,0.25,1,geant4_sci_bar_dominant_pdg_deuteron_vs_proton,deuteron,29886,2212,76.44359293934536,35.73822267738269,35.73822267738269,11.232506705306585,11.232506705306585,1,1,B2,8934.555669345671,35.73822267738269,35.73822267738269,1.0,7.895779870058488,0,2.430122085568758,1
heldout:62:302,heldout,62,B6,1,5.640988254395156,10.640988254395156,6016.5,3008.25,5.0,0.5,1,geant4_sci_bar_dominant_pdg_deuteron_vs_proton,deuteron,20243,2212,112.06741422195002,43.635989587795414,43.635989587795414,13.347362143549622,13.347362143549622,1,1,B2,10908.997396948853,43.635989587795414,43.635989587795414,2.0,8.602774042544349,0,-31.61926387282901,1
heldout:62:303,heldout,62,B2,1,8.173242895898477,9.173242895898477,12800.0,3200.0,1.0,0.25,1,geant4_sci_bar_dominant_pdg_deuteron_vs_proton,deuteron,9380,2212,93.11981147537317,81.62044542239828,55.55507738688816,9.066730486879962,11.253122919593109,2,1,B2,16000.0,81.62044542239828,81.62044542239828,0.0,11.418253375985735,1,-3925.4496345143243,1
heldout:62:304,heldout,62,B6,1,4.462805744417499,4.962805744417499,10101.0,2525.25,0.5,0.25,0,geant4_sci_bar_dominant_pdg_deuteron_vs_proton,proton,3781,2212,137.3079795550556,78.94501614185637,32.07363760409172,7.501072412447075,8.11222339699119,4,4,B8,16000.0,78.94501614185637,19.736254035464093,2.0,9.000637095989635,0,-373.16100209847593,1
heldout:62:305,heldout,62,B4,1,5.412463523154088,7.412463523154088,9142.857142857143,6857.142857142858,2.0,0.75,1,geant4_sci_bar_dominant_pdg_deuteron_vs_proton,deuteron,16352,2212,100.19737198977218,109.67635813303563,54.64836528282497,8.687392880527034,10.77884378071411,3,2,B2,16000.0,109.67635813303563,54.83817906651782,1.0,9.300851322830232,1,-232.25996719585206,1
heldout:62:306,heldout,62,B4,1,10.041017701275518,10.541017701275518,2770.1503057393866,2770.1503057393866,0.5,1.0,0,geant4_sci_bar_dominant_pdg_deuteron_vs_proton,proton,10433,2212,170.40982886704745,22.161202445915087,12.091539833526348,6.979501060944048,7.121948889364605,2,2,B4,5540.300611478772,22.161202445915087,11.080601222957544,1.0,7.1167205609443025,0,-208.967738449577,1
heldout:62:307,heldout,62,B6,1,9.989355074385493,10.739355074385493,8000.000000000001,8000.000000000001,0.75,1.0,1,geant4_sci_bar_dominant_pdg_deuteron_vs_proton,deuteron,13164,2212,100.24237983475055,106.46701855441034,55.018089910290165,8.705189039810376,10.78355007004759,3,2,B2,16000.0,106.46701855441034,53.23350927720517,2.0,6.06078800652529,1,-7.2849674101385675,1
heldout:62:308,heldout,62,B2,1,7.643441261991766,8.143441261991766,7633.683444995296,3816.841722497648,0.5,0.5,0,geant4_sci_bar_dominant_pdg_deuteron_vs_proton,proton,9551,2212,166.18243115520295,45.80210066997178,23.18178773337352,7.010505677815327,7.363148148253812,5,3,B6,11450.525167492944,45.80210066997178,15.267366889990592,0.0,6.516981288964163,1,-197.12814324109047,1
heldout:62:309,heldout,62,B6,1,6.382267250425494,9.382267250425494,11403.0,2850.75,3.0,0.25,1,geant4_sci_bar_dominant_pdg_deuteron_vs_proton,deuteron,16584,2212,67.11262605935772,134.7986438506078,65.15816664185999,10.693289589884703,11.476268216278656,3,2,B4,16000.0,134.7986438506078,67.3993219253039,2.0,7.262141321172685,1,-34.566575105517295,1
heldout:62:310,heldout,62,B8,1,4.207936444565758,4.957936444565758,9143.941058295672,2285.985264573918,0.75,0.25,1,geant4_sci_bar_dominant_pdg_deuteron_vs_proton,deuteron,11236,2212,71.13243840664035,45.719705291478355,32.111892726816095,10.908264612964649,11.037594845056883,2,1,B2,11429.926322869589,45.719705291478355,45.719705291478355,3.0,8.968547684793425,0,71.47833531165526,1
heldout:62:311,heldout,62,B2,1,6.262206013743054,10.262206013743054,8260.873267701354,6195.6549507760155,4.0,0.75,0,geant4_sci_bar_dominant_pdg_deuteron_vs_proton,proton,18730,2212,161.2878763644471,57.82611287390949,19.237614147032126,7.015384220766463,7.4966337683992945,4,4,B8,14456.528218477371,57.82611287390949,14.456528218477372,0.0,6.048635765160521,0,-61.92976128922808,1
heldout:62:312,heldout,62,B2,1,4.869584063009842,10.869584063009842,11207.340082242592,2801.835020560648,6.0,0.25,0,geant4_sci_bar_dominant_pdg_deuteron_vs_proton,proton,6984,2212,167.2914112741554,56.03670041121296,18.648926659669403,7.002117974693829,7.4887175833805575,4,4,B8,14009.175102803241,56.03670041121296,14.00917510280324,0.0,9.88176403710287,0,-265.08663327227356,1
heldout:62:313,heldout,62,B6,1,4.96225347813049,6.96225347813049,5461.396762693358,4096.047572020018,2.0,0.75,0,geant4_sci_bar_dominant_pdg_deuteron_vs_proton,proton,3919,2212,79.99195275976146,38.22977733885351,38.22977733885351,10.15001820983024,10.15001820983024,1,1,B2,9557.444334713377,38.22977733885351,38.22977733885351,2.0,7.729088271890613,0,-3.1751930743281425,1
heldout:62:314,heldout,62,B4,1,7.244141970818104,11.244141970818104,6561.671460830061,6561.671460830061,4.0,1.0,0,geant4_sci_bar_dominant_pdg_deuteron_vs_proton,proton,22468,2212,140.4108802160165,52.49337168664049,23.964193823443896,7.455290631191216,7.827871504930543,3,3,B6,13123.342921660122,52.49337168664049,17.497790562213495,1.0,10.243282913580192,1,-1345.9323795976477,1
heldout:62:315,heldout,62,B6,1,4.6376484336315595,5.6376484336315595,8344.0,6258.0,1.0,0.75,1,geant4_sci_bar_dominant_pdg_deuteron_vs_proton,deuteron,20522,2212,100.46084311711431,105.64464172798836,52.81068808739712,8.664718659364015,10.807923622707051,3,2,B2,16000.0,105.64464172798836,52.82232086399418,2.0,8.51625136769286,1,1.9911436623136005,1
heldout:62:316,heldout,62,B2,1,6.867649744482424,10.867649744482424,8000.0,8000.0,4.0,1.0,1,geant4_sci_bar_dominant_pdg_deuteron_vs_proton,deuteron,7863,2212,103.25862520037593,108.31719016902173,45.65737103910107,8.66457942240934,10.732881635577654,4,2,B2,16000.0,108.31719016902173,54.158595084510864,0.0,6.983114220422824,1,-37.855103589154325,1
heldout:62:317,heldout,62,B8,1,7.436551825367552,11.436551825367552,4515.2529122091955,4515.2529122091955,4.0,1.0,1,geant4_sci_bar_dominant_pdg_deuteron_vs_proton,deuteron,25160,2212,77.44672316763408,36.122023297673564,36.122023297673564,11.18297712666663,11.18297712666663,1,1,B2,9030.505824418391,36.122023297673564,36.122023297673564,3.0,8.088918648060995,0,-170.1905659046371,1
heldout:62:318,heldout,62,B6,1,5.723276165839538,6.723276165839538,8000.0,8000.0,1.0,1.0,0,geant4_sci_bar_dominant_pdg_deuteron_vs_proton,proton,3649,2212,144.934058549712,73.08818342684361,24.19111001866701,7.3526932013645006,7.9265268403114755,4,4,B8,16000.0,73.08818342684361,18.272045856710903,2.0,8.838895549158238,1,-972.3157397154737,1
heldout:62:319,heldout,62,B2,1,4.614616222983248,10.614616222983248,10666.666666666666,5333.333333333333,6.0,0.5,0,geant4_sci_bar_dominant_pdg_deuteron_vs_proton,proton,2877,2212,83.33500678973208,88.88976419381153,46.826248870542344,9.65621172520109,10.552698938155773,2,1,B2,16000.0,88.88976419381153,88.88976419381153,0.0,10.261917269621014,1,-533.5212014178738,1
heldout:62:320,heldout,62,B8,0,9.115321089640933,,11721.5,0.0,,0.0,1,geant4_sci_bar_dominant_pdg_deuteron_vs_proton,deuteron,24156,2212,113.267282183212,48.37659828500528,48.37659828500528,13.77974403623541,13.779744036235412,1,1,B2,12094.14957125132,48.37659828500528,48.37659828500528,3.0,8.084204723879413,0,-603.8579221868761,0
heldout:62:321,heldout,62,B4,0,5.468515667503011,,12292.0,0.0,,0.0,0,geant4_sci_bar_dominant_pdg_deuteron_vs_proton,proton,20186,2212,136.3697235607733,71.87982384552221,24.175663903959336,7.570003034466094,8.152748756143835,4,4,B8,16000.0,71.87982384552221,17.969955961380553,1.0,9.130763185038479,0,-94.57143694238259,0
heldout:62:322,heldout,62,B6,0,10.9994626238258,,5999.0,0.0,,0.0,1,geant4_sci_bar_dominant_pdg_deuteron_vs_proton,deuteron,803,2212,67.44700579958533,83.24478161747804,59.80318487237139,10.724495309007832,11.036118807634175,2,2,B4,16000.0,83.24478161747804,41.62239080873902,2.0,3.7424645802258545,0,-7.951393761129129,0
heldout:62:323,heldout,62,B2,0,8.476725735420148,,10841.25,0.0,,0.0,1,geant4_sci_bar_dominant_pdg_deuteron_vs_proton,deuteron,1022,2212,89.6435375719318,79.00406275635208,51.796797595816116,9.270396551521449,10.923932721619396,2,1,B2,16000.0,79.00406275635208,79.00406275635208,0.0,9.051009337119854,1,-1489.4901427499103,0
heldout:62:324,heldout,62,B6,0,9.073125480284835,,12381.25,0.0,,0.0,1,geant4_sci_bar_dominant_pdg_deuteron_vs_proton,deuteron,14851,2212,116.08296264228736,69.14047956960137,67.80288053337397,13.908653849663994,13.909307465857157,2,1,B2,16000.0,69.14047956960137,69.14047956960137,2.0,5.983384427546414,1,-6.370135052667257,0
heldout:62:325,heldout,62,B2,0,5.312283779433482,,11357.805182947184,0.0,,0.0,1,geant4_sci_bar_dominant_pdg_deuteron_vs_proton,deuteron,9982,2212,113.77803765186802,45.431220731788734,45.431220731788734,13.651000916824769,13.651000916824769,1,1,B2,11357.805182947184,45.431220731788734,45.431220731788734,0.0,8.573415458460817,0,-27.176417064389657,0
heldout:62:326,heldout,62,B2,0,11.44291986070223,,13154.397045635955,0.0,,0.0,0,geant4_sci_bar_dominant_pdg_deuteron_vs_proton,proton,24407,2212,128.83366226776997,52.61758818254382,24.034248360067348,7.792726933803013,8.169266092481468,3,3,B6,13154.397045635955,52.61758818254382,17.53919606084794,0.0,6.323347632585976,1,-749.043609560217,0
heldout:62:327,heldout,62,B8,0,5.391182259456205,,8581.701861003125,0.0,,0.0,1,geant4_sci_bar_dominant_pdg_deuteron_vs_proton,deuteron,9510,2212,74.92685726474019,34.326807444012495,34.326807444012495,11.031082955834187,11.031082955834187,1,1,B2,8581.701861003125,34.326807444012495,34.326807444012495,3.0,8.219192473405407,0,35.4899388732551,0
heldout:62:328,heldout,62,B2,0,4.69720188055276,,3369.453623596697,0.0,,0.0,0,geant4_sci_bar_dominant_pdg_deuteron_vs_proton,proton,9326,2212,125.5137809411568,13.477814494386788,13.477814494386788,7.893265792735605,7.893265792735605,1,1,B2,3369.453623596697,13.477814494386788,13.477814494386788,0.0,10.302938962380146,0,-2566.528069885423,0
heldout:62:329,heldout,62,B2,0,11.003661437855541,,16000.0,0.0,,0.0,1,geant4_sci_bar_dominant_pdg_deuteron_vs_proton,deuteron,9740,2212,91.79189915517266,89.75759205278763,62.95052430511081,9.065931346070467,11.124442049403147,3,1,B2,16000.0,89.75759205278763,89.75759205278763,0.0,5.162242764371885,1,-0.9515032377581427,0
heldout:62:330,heldout,62,B4,0,8.430353166798437,,12908.0,0.0,,0.0,1,geant4_sci_bar_dominant_pdg_deuteron_vs_proton,deuteron,22756,2212,63.91618836465546,69.84365646822367,46.9486682750905,10.615064992018459,10.902792992263521,2,2,B4,16000.0,69.84365646822367,34.921828234111835,1.0,9.464281139656157,1,-1288.881279210569,0
heldout:62:331,heldout,62,B6,0,6.227472075993908,,12853.75,0.0,,0.0,0,geant4_sci_bar_dominant_pdg_deuteron_vs_proton,proton,5776,2212,133.4799978367999,52.92814595345982,23.96008899616652,7.646733278821349,8.012828130871776,3,3,B6,13232.036488364954,52.92814595345982,17.64271531781994,2.0,7.38136393089941,0,48.34997232473954,0
heldout:62:332,heldout,62,B2,0,6.122022147487306,,11030.25,0.0,,0.0,1,geant4_sci_bar_dominant_pdg_deuteron_vs_proton,deuteron,1515,2212,95.08819069983873,86.35595225941445,61.96453572005129,8.967670310973446,11.260992609687788,2,1,B2,16000.0,86.35595225941445,86.35595225941445,0.0,7.215934899130533,0,-281.9074214069988,0
heldout:62:333,heldout,62,B6,0,7.14556035687988,,7836.16815738506,0.0,,0.0,1,geant4_sci_bar_dominant_pdg_deuteron_vs_proton,deuteron,16142,2212,69.58079107297755,31.34467262954024,31.34467262954024,10.815042288259875,10.815042288259875,1,1,B2,7836.16815738506,31.34467262954024,31.34467262954024,2.0,9.390399582847767,0,-712.5163391392987,0
heldout:62:334,heldout,62,B4,0,4.7968980510120725,,8688.75,0.0,,0.0,1,geant4_sci_bar_dominant_pdg_deuteron_vs_proton,deuteron,17789,2212,67.00827627614177,76.2890150487831,52.10550621406634,10.568424979174749,10.862731977659761,2,2,B4,16000.0,76.2890150487831,38.14450752439155,1.0,6.7712567077849535,0,96.77112029182338,0
heldout:62:335,heldout,62,B8,0,10.699263104505937,,11287.5,0.0,,0.0,1,geant4_sci_bar_dominant_pdg_deuteron_vs_proton,deuteron,9166,2212,121.83323769890649,62.26274866976159,62.26274866976159,14.80078783685947,14.80078783685947,1,1,B2,15565.687167440397,62.26274866976159,62.26274866976159,3.0,5.462326283303773,0,-60.55087867341588,0
heldout:62:336,heldout,62,B4,0,7.091399576577114,,11520.25,0.0,,0.0,1,geant4_sci_bar_dominant_pdg_deuteron_vs_proton,deuteron,21799,2212,60.09690005399941,66.26737993307759,42.86295180709998,10.430028726255447,10.701566308546635,2,2,B4,16000.0,66.26737993307759,33.133689966538796,1.0,6.553554203022793,0,-72.20242178920901,0
heldout:62:337,heldout,62,B2,0,7.823834056973098,,9221.418024189832,0.0,,0.0,1,geant4_sci_bar_dominant_pdg_deuteron_vs_proton,deuteron,18271,2212,78.5785070780517,36.88567209675933,36.88567209675933,11.248776995489397,11.248776995489397,1,1,B2,9221.418024189832,36.88567209675933,36.88567209675933,0.0,9.01727027962749,1,-1509.0152805664372,0
heldout:62:338,heldout,62,B8,0,5.536445320295298,,9640.75,0.0,,0.0,0,geant4_sci_bar_dominant_pdg_deuteron_vs_proton,proton,7376,2212,160.95357919123916,55.44215775756355,18.1837311468507,6.996017258505195,7.469772175306891,4,4,B8,13860.539439390888,55.44215775756355,13.860539439390887,3.0,7.644662806222314,0,-70.20272982269725,0
heldout:62:339,heldout,62,B2,0,9.121400700919832,,12500.25,0.0,,0.0,1,geant4_sci_bar_dominant_pdg_deuteron_vs_proton,deuteron,11641,2212,94.26312626381626,89.20874947431078,62.637123554729534,8.957447701099321,11.238084454600237,2,1,B2,16000.0,89.20874947431078,89.20874947431078,0.0,5.790694437911211,1,-405.0561995578369,0
heldout:62:340,heldout,62,B2,0,8.81554895689321,,10773.792132779508,0.0,,0.0,1,geant4_sci_bar_dominant_pdg_deuteron_vs_proton,deuteron,7023,2212,52.02070181804921,43.095168531118034,21.58803234325179,10.241938963410979,10.445030939948474,2,2,B4,10773.792132779508,43.095168531118034,21.547584265559017,0.0,7.911182002143217,1,-4440.163139671876,0
heldout:62:341,heldout,62,B4,0,9.456384988445976,,7586.25,0.0,,0.0,0,geant4_sci_bar_dominant_pdg_deuteron_vs_proton,proton,3789,2212,127.31511508944763,48.4418716178254,18.31884023798329,7.816122272717279,8.162895190638581,3,3,B6,12110.467904456349,48.4418716178254,16.147290539275133,1.0,6.263798528457392,0,-104.3045129470898,0
heldout:62:342,heldout,62,B2,0,4.5186051571489605,,7204.75,0.0,,0.0,1,geant4_sci_bar_dominant_pdg_deuteron_vs_proton,deuteron,26860,2212,93.73476849661463,88.2744511205563,62.80503148368178,8.987237615163908,11.236244424861686,2,1,B2,16000.0,88.2744511205563,88.2744511205563,0.0,2.2255708627844495,0,-74.67720649435384,0
heldout:62:343,heldout,62,B8,0,10.485604380593964,,9793.0,0.0,,0.0,0,geant4_sci_bar_dominant_pdg_deuteron_vs_proton,proton,1358,2212,128.98158745073525,54.967699037231384,25.666666883127093,7.841048010911033,8.222826464612108,3,3,B6,13741.924759307845,54.967699037231384,18.322566345743795,3.0,6.844284775045007,0,-512.9800095121576,0
heldout:62:344,heldout,62,B8,0,6.993994520263114,,9362.01767556159,0.0,,0.0,1,geant4_sci_bar_dominant_pdg_deuteron_vs_proton,deuteron,3398,2212,79.01595770814131,37.44807070224636,37.44807070224636,11.288117502135696,11.288117502135696,1,1,B2,9362.01767556159,37.44807070224636,37.44807070224636,3.0,8.323776497474613,0,-606.3422425645624,0
heldout:62:345,heldout,62,B4,0,8.240888147133429,,12908.0,0.0,,0.0,1,geant4_sci_bar_dominant_pdg_deuteron_vs_proton,deuteron,10959,2212,85.51482895787092,80.99441857337203,45.10337233117392,9.489398831445142,10.667494265864477,2,1,B2,16000.0,80.99441857337203,80.99441857337203,1.0,6.4068572108541035,0,38.4394490289791,0
heldout:62:346,heldout,62,B2,0,7.322994211156939,,13730.5,0.0,,0.0,1,geant4_sci_bar_dominant_pdg_deuteron_vs_proton,deuteron,21279,2212,88.26902171258249,85.13377337914989,52.902679677090596,9.431565543015429,10.966295026532137,2,1,B2,16000.0,85.13377337914989,85.13377337914989,0.0,6.546249393733501,1,-84.32294559597614,0
heldout:62:347,heldout,62,B6,0,7.607803952297671,,10290.0,0.0,,0.0,1,geant4_sci_bar_dominant_pdg_deuteron_vs_proton,deuteron,16009,2212,84.67425793874524,73.81674938263708,41.11529943084831,9.356126245950373,10.577464304748691,2,1,B2,16000.0,73.81674938263708,73.81674938263708,2.0,6.217717621888396,0,-32.25667619014164,0
heldout:62:348,heldout,62,B4,0,9.205414931149704,,13020.0,0.0,,0.0,0,geant4_sci_bar_dominant_pdg_deuteron_vs_proton,proton,27934,2212,105.18311621564428,97.12746936008286,41.982992578171924,8.666051244891719,10.324697724287455,3,2,B4,16000.0,97.12746936008286,48.56373468004143,1.0,5.22821167055397,1,10.258718559926638,0
heldout:62:349,heldout,62,B8,0,7.323631142130293,,12025.928929762507,0.0,,0.0,1,geant4_sci_bar_dominant_pdg_deuteron_vs_proton,deuteron,23138,2212,116.52898023158812,48.10371571905003,48.10371571905003,13.73081063566914,13.73081063566914,1,1,B2,12025.928929762507,48.10371571905003,48.10371571905003,3.0,8.300701580885667,0,5.394231367141608,0
heldout:62:350,heldout,62,B4,0,6.4123714462854355,,5817.0,0.0,,0.0,1,geant4_sci_bar_dominant_pdg_deuteron_vs_proton,deuteron,25624,2212,95.12429705918396,87.18610376460663,63.221761630341184,8.884133360650875,11.250305841492775,2,1,B2,16000.0,87.18610376460663,87.18610376460663,1.0,4.654207496728388,0,-12.999761313025925,0
heldout:62:351,heldout,62,B4,0,11.45108952588652,,10094.0,0.0,,0.0,1,geant4_sci_bar_dominant_pdg_deuteron_vs_proton,deuteron,6403,2212,116.86072079783932,47.63488202258988,47.63488202258988,13.730927934319265,13.730927934319263,1,1,B2,11908.720505647469,47.63488202258988,47.63488202258988,1.0,4.053474079934917,0,34.350701620295425,0
heldout:62:352,heldout,62,B4,0,7.547174736815689,,836.85,0.0,,0.0,0,geant4_sci_bar_dominant_pdg_deuteron_vs_proton,proton,17604,2212,124.46186283023567,3.098835156779988,3.098835156779988,7.974077601127889,7.974077601127889,1,1,B2,774.7087891949969,3.098835156779988,3.098835156779988,1.0,10.081397783664956,0,-1009.1860387247209,0
heldout:62:353,heldout,62,B2,0,5.24267898262514,,13020.0,0.0,,0.0,1,geant4_sci_bar_dominant_pdg_deuteron_vs_proton,deuteron,24008,2212,95.96019367211824,115.12123436513193,57.69070761238221,8.967490777904487,10.811832119655268,3,2,B2,16000.0,115.12123436513193,57.56061718256596,0.0,8.592306136572205,1,-491.2593172454475,0
heldout:62:354,heldout,62,B4,0,9.311320928409266,,16000.0,0.0,,0.0,1,geant4_sci_bar_dominant_pdg_deuteron_vs_proton,deuteron,26332,2212,78.30306957025788,72.73833463231273,36.85680166131817,10.192863925247275,10.745641501128052,2,1,B2,16000.0,72.73833463231273,72.73833463231273,1.0,7.742433889314111,1,-292.14854237763524,0
heldout:62:355,heldout,62,B4,0,11.2670331911639,,5445.342172255117,0.0,,0.0,0,geant4_sci_bar_dominant_pdg_deuteron_vs_proton,proton,19615,2212,125.67753777970469,21.781368689020468,13.886788533390387,7.920514129707977,8.030212821021198,2,2,B2,5445.342172255117,21.781368689020468,10.890684344510234,1.0,4.12405323077162,0,-442.1840486755783,0
heldout:62:356,heldout,62,B6,0,10.448283224938155,,10101.0,0.0,,0.0,1,geant4_sci_bar_dominant_pdg_deuteron_vs_proton,deuteron,1288,2212,110.76763714161383,41.42070962536959,41.42070962536959,13.182987284988087,13.182987284988085,1,1,B2,10355.177406342398,41.42070962536959,41.42070962536959,2.0,4.7507072057025175,0,-67.46373645893948,0
heldout:62:357,heldout,62,B6,0,9.564121572342067,,10157.0,0.0,,0.0,1,geant4_sci_bar_dominant_pdg_deuteron_vs_proton,deuteron,9091,2212,100.80715550169613,51.623929362070875,51.623929362070875,12.77874190688404,12.778741906884042,1,1,B2,12905.98234051772,51.623929362070875,51.623929362070875,2.0,5.234566514350013,0,34.641171864622024,0
heldout:62:358,heldout,62,B8,0,8.643531000808313,,10029.25,0.0,,0.0,1,geant4_sci_bar_dominant_pdg_deuteron_vs_proton,deuteron,25846,2212,52.56474954750358,57.11452849724786,35.251663649663826,10.261750936737869,10.513728480074366,2,2,B4,14278.632124311966,57.11452849724786,28.55726424862393,3.0,6.9073013663835034,0,-9.726172623764892,0
heldout:62:359,heldout,62,B4,0,9.756735809339602,,7061.25,0.0,,0.0,0,geant4_sci_bar_dominant_pdg_deuteron_vs_proton,proton,20061,2212,149.07301096055377,81.42535094822827,36.42337511571726,7.257085473985479,7.883158052970952,4,4,B8,16000.0,81.42535094822827,20.356337737057068,1.0,4.627492708724483,0,-45.96381044061239,0
heldout:62:360,heldout,62,B2,0,11.17480018910392,,9350.25,0.0,,0.0,0,geant4_sci_bar_dominant_pdg_deuteron_vs_proton,proton,20717,2212,164.0533484865937,55.80737533588709,18.80356180882243,7.015242484188284,7.494687787028902,4,4,B8,13951.843833971772,55.80737533588709,13.951843833971772,0.0,1.847583404208337,1,-282.5959913086695,0
heldout:62:361,heldout,62,B2,0,7.4369462160051585,,13403.40463458894,0.0,,0.0,1,geant4_sci_bar_dominant_pdg_deuteron_vs_proton,deuteron,9969,2212,116.95203926556414,53.61361853835575,53.61361853835575,14.025545119508958,14.025545119508958,1,1,B2,13403.404634588938,53.61361853835575,53.61361853835575,0.0,7.170311412907024,1,-58.65979207843038,0
heldout:62:362,heldout,62,B6,0,7.828848269205032,,12853.75,0.0,,0.0,0,geant4_sci_bar_dominant_pdg_deuteron_vs_proton,proton,6499,2212,79.42220262909167,84.3923651431108,47.80175891466964,9.708243553761145,10.365235192335449,2,1,B2,16000.0,84.3923651431108,84.3923651431108,2.0,6.943554567216061,0,-45.478798714169045,0
heldout:62:363,heldout,62,B2,0,7.902054317525951,,10299.392935594391,0.0,,0.0,1,geant4_sci_bar_dominant_pdg_deuteron_vs_proton,deuteron,17202,2212,112.14527400532288,41.19757174237756,41.19757174237756,13.214166697083877,13.214166697083877,1,1,B2,10299.392935594391,41.19757174237756,41.19757174237756,0.0,7.1372072832714615,0,-64.10784442857553,0
heldout:62:364,heldout,62,B8,0,8.36845729898731,,13226.5,0.0,,0.0,1,geant4_sci_bar_dominant_pdg_deuteron_vs_proton,deuteron,1630,2212,62.572345026285014,69.10941932133441,45.51813875719155,10.540371850783197,10.821136105542118,2,2,B4,16000.0,69.10941932133441,34.55470966066721,3.0,6.9219867875044105,0,-43.244760177269356,0
heldout:62:365,heldout,62,B8,0,5.2835823310535135,,13629.0,0.0,,0.0,0,geant4_sci_bar_dominant_pdg_deuteron_vs_proton,proton,17222,2212,168.13199255830665,54.77600848566773,17.52401840388061,6.979204994551161,7.446272048430376,4,4,B8,13694.002121416932,54.77600848566773,13.694002121416933,3.0,8.617069733480811,1,-30.85378713296764,0
heldout:62:366,heldout,62,B2,0,6.26203857603547,,7204.75,0.0,,0.0,0,geant4_sci_bar_dominant_pdg_deuteron_vs_proton,proton,19609,2212,149.44036838005843,80.69386034852032,32.745063610438905,7.200849348696278,7.8056138694673205,5,4,B8,16000.0,80.69386034852032,20.17346508713008,0.0,6.032490327360547,0,-56.13447092798582,0
heldout:62:367,heldout,62,B4,0,10.863649213629714,,10214.75,0.0,,0.0,0,geant4_sci_bar_dominant_pdg_deuteron_vs_proton,proton,19813,2212,151.22625898596152,85.4537873071674,39.912173507222526,7.220378663866836,7.850808626793999,4,4,B8,16000.0,85.4537873071674,21.36344682679185,1.0,3.8432519811589185,0,-10.59709684811703,0
heldout:62:368,heldout,62,B8,0,10.75272131311414,,9845.5,0.0,,0.0,0,geant4_sci_bar_dominant_pdg_deuteron_vs_proton,proton,7951,2212,151.80097590969638,84.86283317161798,39.645274798775056,7.2019839340717935,7.8316895955492205,4,4,B8,16000.0,84.86283317161798,21.215708292904495,3.0,4.6216671593791965,0,-17.47993576411408,0
heldout:62:369,heldout,62,B6,0,7.010274965247699,,8604.75,0.0,,0.0,1,geant4_sci_bar_dominant_pdg_deuteron_vs_proton,deuteron,12044,2212,95.2683640184941,84.31040878954128,60.260027129759955,9.006496613475141,11.321457814206937,2,1,B2,16000.0,84.31040878954128,84.31040878954128,2.0,9.460057356309493,0,-865.7641490416345,0
heldout:62:370,heldout,62,B6,0,8.499096991916375,,13352.5,0.0,,0.0,1,geant4_sci_bar_dominant_pdg_deuteron_vs_proton,deuteron,26952,2212,95.9749566217242,97.11604582271596,59.52686099029395,8.933985656415022,11.04715769725536,8,2,B2,16000.0,97.11604582271596,48.55802291135798,2.0,8.088355837444363,1,-752.4502300554886,0
heldout:62:371,heldout,62,B4,0,4.947393019459755,,8904.553713045374,0.0,,0.0,1,geant4_sci_bar_dominant_pdg_deuteron_vs_proton,deuteron,7030,2212,78.62126508350356,35.618214852181495,35.618214852181495,11.261888220262211,11.261888220262211,1,1,B2,8904.553713045374,35.618214852181495,35.618214852181495,1.0,8.03610524574862,0,-0.5068898734901977,0
heldout:62:372,heldout,62,B8,0,10.159581883746961,,9793.0,0.0,,0.0,1,geant4_sci_bar_dominant_pdg_deuteron_vs_proton,deuteron,25876,2212,145.39985355206528,105.89442018891786,37.554065338816216,7.340763400330882,11.755478897066634,5,4,B2,16000.0,105.89442018891786,26.473605047229466,3.0,5.122195801986781,0,29.058508335277722,0
heldout:62:373,heldout,62,B4,0,9.271248549604646,,11779.25,0.0,,0.0,1,geant4_sci_bar_dominant_pdg_deuteron_vs_proton,deuteron,18120,2212,66.79286958987385,113.73915450828655,54.313768414218345,10.666360475406423,11.173025583883051,3,2,B4,16000.0,113.73915450828655,56.86957725414327,1.0,5.295026072144303,1,-62.13445433568461,0
heldout:62:374,heldout,62,B4,0,6.027948033520179,,8827.730347887415,0.0,,0.0,1,geant4_sci_bar_dominant_pdg_deuteron_vs_proton,deuteron,12960,2212,103.80860072267959,35.310921391549655,35.310921391549655,12.643663230374099,12.643663230374099,1,1,B2,8827.730347887415,35.310921391549655,35.310921391549655,1.0,8.47669982967712,0,-10.41741068069862,0
heldout:62:375,heldout,62,B4,0,5.511799316765648,,8118.25,0.0,,0.0,0,geant4_sci_bar_dominant_pdg_deuteron_vs_proton,proton,18324,2212,103.97782047333493,101.66497923587733,46.444917359176486,8.714417829468804,10.298482664070212,3,2,B4,16000.0,101.66497923587733,50.83248961793866,1.0,9.610066697994872,1,-1428.6917477889303,0
heldout:62:376,heldout,62,B6,0,5.397580589292946,,13802.25,0.0,,0.0,1,geant4_sci_bar_dominant_pdg_deuteron_vs_proton,deuteron,24069,2212,87.53106573096676,74.73909231557515,45.74184365649671,9.258462138544816,10.723520841867709,2,1,B2,16000.0,74.73909231557515,74.73909231557515,2.0,8.213808099798774,0,13.590855740503041,0
heldout:62:377,heldout,62,B2,0,8.798770677214577,,13212.5,0.0,,0.0,0,geant4_sci_bar_dominant_pdg_deuteron_vs_proton,proton,5147,2212,165.6831964172735,56.09845050083969,18.624263868230994,7.028516850319682,7.508915533479138,4,4,B8,14024.612625209922,56.09845050083969,14.024612625209922,0.0,9.717720181249025,1,-2569.0592812764908,0
heldout:62:378,heldout,62,B6,0,6.246843144569214,,5999.0,0.0,,0.0,0,geant4_sci_bar_dominant_pdg_deuteron_vs_proton,proton,13799,2212,155.8579761764247,77.72364802671316,34.362606634855155,7.099884556975912,7.694176327560101,4,4,B8,16000.0,77.72364802671316,19.43091200667829,2.0,9.482104994170877,0,-591.2689440696271,0
heldout:62:379,heldout,62,B2,0,6.997188891687678,,8757.0,0.0,,0.0,0,geant4_sci_bar_dominant_pdg_deuteron_vs_proton,proton,17525,2212,144.3738503274156,65.0189844133365,22.30001174038552,7.337866357611872,7.850287604593462,4,4,B6,16000.0,65.0189844133365,16.254746103334124,0.0,5.023506137398482,0,-22.926779933316872,0
heldout:62:380,heldout,62,B8,0,4.721878027798183,,8958.25,0.0,,0.0,0,geant4_sci_bar_dominant_pdg_deuteron_vs_proton,proton,5310,2212,130.59388476361943,53.380048708948955,24.661482613634917,7.727435118876739,8.10441863552029,3,3,B6,13345.012177237239,53.380048708948955,17.793349569649653,3.0,8.172996748062014,0,-39.196771569152716,0
heldout:62:381,heldout,62,B4,0,9.828514966901551,,7740.25,0.0,,0.0,1,geant4_sci_bar_dominant_pdg_deuteron_vs_proton,deuteron,8001,2212,58.292571300466726,63.782482459112686,39.77019512115414,10.475963948658134,10.738875780370904,3,2,B4,15945.620614778172,63.782482459112686,31.891241229556343,1.0,5.563697009583079,0,-221.41090522584093,0
heldout:62:382,heldout,62,B6,0,11.376706278135003,,6994.75,0.0,,0.0,0,geant4_sci_bar_dominant_pdg_deuteron_vs_proton,proton,14001,2212,70.68036937501006,73.69620973220174,41.519868481913655,10.92404913341618,11.003681573853688,2,1,B2,16000.0,73.69620973220174,73.69620973220174,2.0,4.361936829665175,0,5.92040193221136,0
heldout:62:383,heldout,62,B2,0,9.319339928714175,,6326.25,0.0,,0.0,1,geant4_sci_bar_dominant_pdg_deuteron_vs_proton,deuteron,7705,2212,147.43369291215276,120.22977661660599,41.47442832774498,7.2323294910038864,11.341465582430681,5,4,B2,16000.0,120.22977661660599,30.057444154151497,0.0,4.506484449013593,0,-150.534672922095,0
heldout:64:384,heldout,64,B4,1,5.1927756423477875,6.6927756423477875,8716.75,2179.1875,1.5,0.25,0,geant4_sci_bar_dominant_pdg_deuteron_vs_proton,proton,21377,2212,54.24701326120285,49.81655175684427,31.89536811712139,10.303602145997226,10.402697577769867,5,1,B2,12454.137939211067,49.81655175684427,49.81655175684427,1.0,9.760432283800352,1,-1345.9021062310812,1
heldout:64:385,heldout,64,B8,1,6.364873005424165,9.364873005424165,6672.75,3336.375,3.0,0.5,0,geant4_sci_bar_dominant_pdg_deuteron_vs_proton,proton,18553,2212,127.5484180371401,42.5886264153858,15.588841803844923,7.8256126410422215,8.13687760041625,3,3,B4,10647.15660384645,42.5886264153858,14.196208805128599,3.0,7.409781855023995,0,-64.95610969870442,1
heldout:64:386,heldout,64,B2,1,7.958542561076775,8.458542561076776,8000.0,8000.0,0.5,1.0,1,geant4_sci_bar_dominant_pdg_deuteron_vs_proton,deuteron,13792,2212,99.37242475061763,116.74624133188388,54.700887565081715,8.659432586910912,10.644366689829344,3,2,B2,16000.0,116.74624133188388,58.37312066594194,0.0,7.34556173602947,1,-248.55401736041009,1
heldout:64:387,heldout,64,B4,1,5.396916838413178,8.396916838413178,7465.5,3732.75,3.0,0.5,0,geant4_sci_bar_dominant_pdg_deuteron_vs_proton,proton,12247,2212,170.4629815446168,61.74859070404813,43.01068516178781,6.984689249098409,7.258733227692987,6,2,B4,15437.147676012031,61.74859070404813,30.874295352024063,1.0,10.588890541988272,1,-1283.829650352604,1
heldout:64:388,heldout,64,B6,1,4.094835951274384,9.094835951274383,10666.666666666666,5333.333333333333,5.0,0.5,1,geant4_sci_bar_dominant_pdg_deuteron_vs_proton,deuteron,12161,2212,60.389627734007334,64.06942374139634,40.813656941915966,10.554798389255739,10.822869852910813,2,2,B4,16000.0,64.06942374139634,32.03471187069817,2.0,9.394444158964356,0,22.57302026655154,1
heldout:64:389,heldout,64,B8,1,5.715175271567177,10.715175271567176,5239.3798364725735,5239.3798364725735,5.0,1.0,1,geant4_sci_bar_dominant_pdg_deuteron_vs_proton,deuteron,1579,2212,110.61275690139827,41.91503869178059,41.91503869178059,13.324864582995836,13.324864582995836,1,1,B2,10478.759672945147,41.91503869178059,41.91503869178059,3.0,8.590426409055045,0,-34.320052129650605,1
heldout:64:390,heldout,64,B2,1,10.064326915823914,10.564326915823914,6079.80415723526,3039.90207861763,0.5,0.5,1,geant4_sci_bar_dominant_pdg_deuteron_vs_proton,deuteron,21977,2212,103.62677840131177,36.47882494341157,36.47882494341157,12.702529520323917,12.702529520323917,1,1,B2,9119.706235852891,36.47882494341157,36.47882494341157,0.0,5.671028806914717,0,-241.82243669599757,1
heldout:64:391,heldout,64,B4,1,6.398486979023398,11.398486979023398,9441.25,2360.3125,5.0,0.25,1,geant4_sci_bar_dominant_pdg_deuteron_vs_proton,deuteron,6634,2212,56.02849080941824,83.04553540725549,56.04494866426785,10.401965476933366,10.715745153849923,3,2,B4,16000.0,83.04553540725549,41.52276770362774,1.0,7.326166116668001,1,-220.35694248476398,1
heldout:64:392,heldout,64,B4,1,6.631767708398004,7.631767708398004,7556.429498056888,3778.214749028444,1.0,0.5,1,geant4_sci_bar_dominant_pdg_deuteron_vs_proton,deuteron,11313,2212,114.63886926864292,45.33857698834133,45.33857698834133,13.51505489343532,13.51505489343532,1,1,B2,11334.644247085333,45.33857698834133,45.33857698834133,1.0,9.350407309093592,0,-24.499570393242834,1
heldout:64:393,heldout,64,B2,1,4.484559188061683,10.484559188061683,7479.804579698157,5609.853434773618,6.0,0.75,0,geant4_sci_bar_dominant_pdg_deuteron_vs_proton,proton,25191,2212,129.84606724606968,52.35863205788709,23.85591225101261,7.714416327223582,8.087389701765572,3,3,B6,13089.658014471774,52.35863205788709,17.45287735262903,0.0,7.756896570376897,0,-15.804818521297646,1
heldout:64:394,heldout,64,B6,1,6.099232093190601,6.599232093190601,9217.907200920192,4608.953600460096,0.5,0.5,0,geant4_sci_bar_dominant_pdg_deuteron_vs_proton,proton,10105,2212,163.3282449790774,55.30744320552115,18.248906254694514,7.020703107063292,7.494851704280892,4,4,B8,13826.860801380288,55.30744320552115,13.826860801380288,2.0,8.290080668161647,0,3.921316708385199,1
heldout:64:395,heldout,64,B6,1,7.000190941423314,7.500190941423314,10666.666666666666,5333.333333333333,0.5,0.5,0,geant4_sci_bar_dominant_pdg_deuteron_vs_proton,proton,18067,2212,82.7269351236697,88.18554164807901,47.79261182199362,9.71104580083315,10.483264073882538,2,1,B2,16000.0,88.18554164807901,88.18554164807901,2.0,7.621716264839775,1,5.143927409716413,1
heldout:64:396,heldout,64,B4,1,4.73816176439337,8.73816176439337,8088.5,4044.25,4.0,0.5,1,geant4_sci_bar_dominant_pdg_deuteron_vs_proton,deuteron,25364,2212,96.77837478589241,124.51269412144536,59.66722513542612,8.82206701916231,10.615992246665009,3,2,B2,16000.0,124.51269412144536,62.25634706072268,1.0,7.410701093714851,0,6.839528781217531,1
heldout:64:397,heldout,64,B4,1,6.8906954331067,10.8906954331067,11392.5,2848.125,4.0,0.25,0,geant4_sci_bar_dominant_pdg_deuteron_vs_proton,proton,1722,2212,104.20555187984486,101.96842286902034,46.91110938927741,8.680812417947866,10.283927983367736,3,2,B4,16000.0,101.96842286902034,50.98421143451017,1.0,6.970989611125908,1,-73.60214174134695,1
heldout:64:398,heldout,64,B4,1,4.786885061034831,8.78688506103483,11392.5,2848.125,4.0,0.25,1,geant4_sci_bar_dominant_pdg_deuteron_vs_proton,deuteron,24446,2212,92.36850665310436,89.19155007885539,60.92601229576482,9.16422189917782,11.277346567413883,3,1,B2,16000.0,89.19155007885539,89.19155007885539,1.0,8.874238183400935,0,-139.3499662279856,1
heldout:64:399,heldout,64,B8,1,7.276389588713636,10.276389588713636,8273.28149680462,6204.961122603465,3.0,0.75,1,geant4_sci_bar_dominant_pdg_deuteron_vs_proton,deuteron,14766,2212,53.31542032870761,57.91297047763234,35.935259852885395,10.312753128049241,10.566343763068076,2,2,B4,14478.242619408085,57.91297047763234,28.95648523881617,3.0,7.63400678193755,0,-52.140588177576774,1
heldout:64:400,heldout,64,B2,1,7.309121617783539,8.30912161778354,7244.883542349217,1811.2208855873043,1.0,0.25,1,geant4_sci_bar_dominant_pdg_deuteron_vs_proton,deuteron,3997,2212,79.63759623156002,36.224417711746085,36.224417711746085,11.257604953542131,11.257604953542131,1,1,B2,9056.104427936521,36.224417711746085,36.224417711746085,0.0,7.1828258260905296,0,-150.1903063938637,1
heldout:64:401,heldout,64,B4,1,9.399290831737765,10.899290831737765,10522.75,2630.6875,1.5,0.25,0,geant4_sci_bar_dominant_pdg_deuteron_vs_proton,proton,29079,2212,150.99900903130046,83.862977627527,38.182784988381684,7.237633001382194,7.867531796764555,4,4,B8,16000.0,83.862977627527,20.96574440688175,1.0,6.296744896562435,0,45.545311587551,1
heldout:64:402,heldout,64,B8,1,6.662327598402681,8.16232759840268,7135.630458530974,1783.9076146327434,1.5,0.25,1,geant4_sci_bar_dominant_pdg_deuteron_vs_proton,deuteron,2031,2212,75.7000871220566,35.67815229265487,35.67815229265487,11.199851997067082,11.199851997067082,1,1,B2,8919.538073163718,35.67815229265487,35.67815229265487,3.0,7.217359169118077,0,23.583202313851345,1
heldout:64:403,heldout,64,B2,1,6.302300180923915,10.302300180923915,11894.75,2973.6875,4.0,0.25,1,geant4_sci_bar_dominant_pdg_deuteron_vs_proton,deuteron,28522,2212,84.77289880520513,67.25747675296586,41.88063096490639,9.625202886732525,10.840643407936355,5,1,B2,16000.0,67.25747675296586,67.25747675296586,0.0,11.205061914344661,1,-2143.224607216991,1
heldout:64:404,heldout,64,B2,1,6.616362120296943,8.616362120296943,6473.031321872819,3236.5156609364094,2.0,0.5,1,geant4_sci_bar_dominant_pdg_deuteron_vs_proton,deuteron,17996,2212,107.1322677166541,38.83818793123691,38.83818793123691,12.942081977280539,12.942081977280539,1,1,B2,9709.546982809228,38.83818793123691,38.83818793123691,0.0,4.173611304201763,0,-37.064290729397655,1
heldout:64:405,heldout,64,B2,1,6.090129030782516,10.090129030782517,5850.338408014313,1462.5846020035783,4.0,0.25,0,geant4_sci_bar_dominant_pdg_deuteron_vs_proton,proton,25836,2212,128.52437635594998,29.251692040071564,16.10615634671413,7.8739176913874385,8.039019558346247,2,2,B4,7312.923010017891,29.251692040071564,14.625846020035782,0.0,8.057517528693594,0,-310.87627303473874,1
heldout:64:406,heldout,64,B6,1,8.328430771754766,10.328430771754766,7868.0,7868.0,2.0,1.0,1,geant4_sci_bar_dominant_pdg_deuteron_vs_proton,deuteron,6545,2212,100.37025221985738,69.2015303194021,51.48583267603947,8.672717306146266,11.737101684635029,2,1,B2,16000.0,69.2015303194021,69.2015303194021,2.0,6.365288440145208,1,-26.281868466392503,1
heldout:64:407,heldout,64,B8,1,4.951962334590128,5.951962334590128,8819.68249709865,6614.761872823989,1.0,0.75,1,geant4_sci_bar_dominant_pdg_deuteron_vs_proton,deuteron,4356,2212,122.39387019574312,61.73777747969056,61.73777747969056,14.874142642710929,14.874142642710929,1,1,B2,15434.44436992264,61.73777747969056,61.73777747969056,3.0,8.26447906179936,1,-20.866365845766918,1
heldout:64:408,heldout,64,B4,1,4.991652835251761,10.991652835251761,9142.857142857143,6857.142857142857,6.0,0.75,0,geant4_sci_bar_dominant_pdg_deuteron_vs_proton,proton,8771,2212,146.66222546536466,76.09263154213714,28.458561209032343,7.269681955432722,7.864563766044823,4,4,B8,16000.0,76.09263154213714,19.023157885534285,1.0,9.206019985398099,0,-184.64341268981417,1
heldout:64:409,heldout,64,B2,1,7.350382222907582,8.100382222907582,10818.670469077164,2704.667617269291,0.75,0.25,0,geant4_sci_bar_dominant_pdg_deuteron_vs_proton,proton,19805,2212,167.83580695877035,54.09335234538582,18.543760206753085,6.998861579069507,7.480605129925845,4,4,B8,13523.338086346454,54.09335234538582,13.523338086346454,0.0,7.202775154121825,1,-287.5609703570782,1
heldout:64:410,heldout,64,B6,1,6.30862806009882,10.308628060098819,3033.9084652747933,3033.9084652747933,4.0,1.0,0,geant4_sci_bar_dominant_pdg_deuteron_vs_proton,proton,7409,2212,169.7815554005249,24.271267722198345,12.13470715211688,7.000949476870959,7.138143366921426,3,2,B4,6067.816930549587,24.271267722198345,12.135633861099173,2.0,7.110523572570705,0,-57.98092511909216,1
heldout:64:411,heldout,64,B2,1,7.1916649511898,7.6916649511898,8000.0,8000.0,0.5,1.0,1,geant4_sci_bar_dominant_pdg_deuteron_vs_proton,deuteron,7901,2212,88.81016861107311,78.64904495097781,47.94659956426775,9.2871380413154,10.795286804689113,2,1,B2,16000.0,78.64904495097781,78.64904495097781,0.0,6.6751478098898795,1,-27.98902147605622,1
heldout:64:412,heldout,64,B4,1,4.846648601665515,10.846648601665514,9070.25,4535.125,6.0,0.5,0,geant4_sci_bar_dominant_pdg_deuteron_vs_proton,proton,6758,2212,153.35697619444386,54.93192567041263,29.86723672529817,7.115391043784857,7.458662747574469,4,3,B4,13732.981417603158,54.93192567041263,18.310641890137543,1.0,8.741282497296329,0,7.225907062580166,1
heldout:64:413,heldout,64,B8,1,4.38707025894626,9.38707025894626,7721.137344668406,5790.853008501304,5.0,0.75,0,geant4_sci_bar_dominant_pdg_deuteron_vs_proton,proton,29450,2212,129.9548459759987,54.047961412678845,25.29156653044892,7.79298801646137,8.178084728123988,3,3,B6,13511.990353169711,54.047961412678845,18.015987137559616,3.0,9.183696610296321,0,-14.43352650265437,1
heldout:64:414,heldout,64,B4,1,5.72817454365692,10.72817454365692,7188.362742737312,1797.090685684328,5.0,0.25,0,geant4_sci_bar_dominant_pdg_deuteron_vs_proton,proton,3169,2212,85.36207836199695,35.941813713686564,35.941813713686564,9.482539749254974,9.482539749254974,1,1,B2,8985.45342842164,35.941813713686564,35.941813713686564,1.0,7.8123897552834265,0,4.741594405838447,1
heldout:64:415,heldout,64,B6,1,9.06689416645581,10.56689416645581,5650.75,2825.375,1.5,0.5,0,geant4_sci_bar_dominant_pdg_deuteron_vs_proton,proton,14840,2212,159.93345791705144,68.8521636359784,27.445508949471503,7.0277711526054985,7.581507525686214,4,4,B8,16000.0,68.8521636359784,17.2130409089946,2.0,5.4740054318059626,0,-41.51724863513168,1
heldout:64:416,heldout,64,B8,1,4.355530894544996,5.855530894544996,5899.17403296438,4424.380524723285,1.5,0.75,1,geant4_sci_bar_dominant_pdg_deuteron_vs_proton,deuteron,7199,2212,110.99316277093142,41.29421823075066,41.29421823075066,13.42554848600618,13.42554848600618,1,1,B2,10323.554557687665,41.29421823075066,41.29421823075066,3.0,8.680267582321118,0,54.131334121203764,1
heldout:64:417,heldout,64,B8,1,7.580315530362023,9.080315530362023,6304.108167654442,3152.054083827221,1.5,0.5,1,geant4_sci_bar_dominant_pdg_deuteron_vs_proton,deuteron,23572,2212,105.5087099236596,37.82464900592665,37.82464900592665,12.813236621193274,12.813236621193274,1,1,B2,9456.162251481663,37.82464900592665,37.82464900592665,3.0,7.768287564006513,0,23.473248454047067,1
heldout:64:418,heldout,64,B2,1,5.136828148166987,8.136828148166988,12243.835349005802,3060.9588372514504,3.0,0.25,1,geant4_sci_bar_dominant_pdg_deuteron_vs_proton,deuteron,264,2212,56.45378633886568,61.219176745029,38.35276607990288,10.306087644976603,10.564745237759224,2,2,B4,15304.794186257252,61.219176745029,30.6095883725145,0.0,9.371029392210778,0,59.478287412010374,1
heldout:64:419,heldout,64,B6,1,5.179115344765978,5.929115344765978,5184.605289278712,1296.151322319678,0.75,0.25,0,geant4_sci_bar_dominant_pdg_deuteron_vs_proton,proton,19214,2212,153.52141206825428,25.923026446393564,14.28940648188075,7.131388985711465,7.289426310470347,3,2,B4,6480.756611598391,25.923026446393564,12.961513223196782,2.0,8.646421170537948,0,16.27734780328595,1
heldout:64:420,heldout,64,B2,1,4.0545580152248295,10.05455801522483,9142.857142857143,6857.142857142857,6.0,0.75,1,geant4_sci_bar_dominant_pdg_deuteron_vs_proton,deuteron,17272,2212,61.598425834220805,64.8004267459554,42.29091876402214,10.541179716718506,10.816116479172278,2,2,B4,16000.0,64.8004267459554,32.4002133729777,0.0,8.232754159175185,1,-3290.6484257728553,1
heldout:64:421,heldout,64,B2,1,8.160649711952647,9.160649711952647,858.75,858.75,1.0,1.0,0,geant4_sci_bar_dominant_pdg_deuteron_vs_proton,proton,185,2212,133.61582162382416,4.270280237160719,4.270280237160719,7.603415074265095,7.603415074265095,1,1,B2,1067.5700592901799,4.270280237160719,4.270280237160719,0.0,6.659418385983749,0,-227.39600190043234,1
heldout:64:422,heldout,64,B6,1,7.500191133225438,8.000191133225439,5566.566488283427,1391.6416220708568,0.5,0.25,0,geant4_sci_bar_dominant_pdg_deuteron_vs_proton,proton,6128,2212,132.90340907191336,27.832832441417132,15.604163800152598,7.59086739611016,7.755421154285285,3,3,B4,6958.208110354283,27.832832441417132,9.27761081380571,2.0,7.773527082661579,0,-353.63190391507436,1
heldout:64:423,heldout,64,B8,1,5.249288578469825,10.249288578469825,9923.724513013885,2480.9311282534713,5.0,0.25,1,geant4_sci_bar_dominant_pdg_deuteron_vs_proton,deuteron,8912,2212,110.03656628823774,49.61862256506942,41.12689290330593,8.346788059975744,12.433292621924961,2,1,B2,12404.655641267356,49.61862256506942,49.61862256506942,3.0,8.756244219121518,0,-22.668944763216153,1
heldout:64:424,heldout,64,B6,1,7.854355297578458,10.854355297578458,7435.4783603829765,5576.608770287233,3.0,0.75,0,geant4_sci_bar_dominant_pdg_deuteron_vs_proton,proton,14409,2212,133.44233525759765,52.04834852268084,23.248922793451325,7.5881102898309285,7.950614301222032,3,3,B6,13012.08713067021,52.04834852268084,17.34944950756028,2.0,7.096299591329953,0,-21.929462540657333,1
heldout:64:425,heldout,64,B6,1,4.127093485339086,10.127093485339085,7193.492229809949,7193.492229809949,6.0,1.0,0,geant4_sci_bar_dominant_pdg_deuteron_vs_proton,proton,5685,2212,126.80162539630463,57.547937838479584,27.643674158657156,7.828835058853786,8.223967420339486,3,3,B6,14386.984459619896,57.547937838479584,19.182645946159862,2.0,9.151357298912927,0,41.70705874231757,1
heldout:64:426,heldout,64,B4,1,4.542489812240873,6.042489812240873,9142.857142857143,6857.142857142857,1.5,0.75,0,geant4_sci_bar_dominant_pdg_deuteron_vs_proton,proton,24672,2212,74.58005520247467,70.76223493171284,34.85404013864536,10.757927490330426,10.944809458492132,6,1,B2,16000.0,70.76223493171284,70.76223493171284,1.0,9.502921160864481,1,200.63659695593336,1
heldout:64:427,heldout,64,B8,1,9.063062641282942,10.563062641282942,9142.857142857143,6857.142857142857,1.5,0.75,1,geant4_sci_bar_dominant_pdg_deuteron_vs_proton,deuteron,1943,2212,95.74262662788553,116.89522337937271,58.40043176258245,8.969218918060564,10.766349581649822,3,2,B2,16000.0,116.89522337937271,58.447611689686354,3.0,6.107317589665949,1,29.07712187208486,1
heldout:64:428,heldout,64,B4,1,6.716493463156133,7.716493463156133,8469.595414574234,6352.196560930675,1.0,0.75,1,geant4_sci_bar_dominant_pdg_deuteron_vs_proton,deuteron,1907,2212,54.82144663147643,59.28716790201963,36.99603572769888,10.338273603070505,10.594916379225657,2,2,B4,14821.791975504908,59.28716790201963,29.643583951009816,1.0,9.738604998632477,1,-1213.7444313061967,1
heldout:64:429,heldout,64,B2,1,5.480041059182689,11.480041059182689,8186.775558269407,6140.081668702055,6.0,0.75,0,geant4_sci_bar_dominant_pdg_deuteron_vs_proton,proton,22579,2212,162.58250471071017,57.30742890788585,18.991599081735874,7.029788444743499,7.512026204962586,4,4,B8,14326.857226971462,57.30742890788585,14.326857226971462,0.0,9.037030657966358,0,-214.61816009252,1
heldout:64:430,heldout,64,B8,1,5.853784327843973,9.853784327843973,8104.855286640115,6078.641464980086,4.0,0.75,0,geant4_sci_bar_dominant_pdg_deuteron_vs_proton,proton,5323,2212,126.35034142010178,56.73398700648081,26.09400860796776,7.890513902851261,8.279497530545514,3,3,B6,14183.496751620203,56.73398700648081,18.91132900216027,3.0,8.144223195967431,0,-11.683746301221493,1
heldout:64:431,heldout,64,B4,1,4.354630812399412,5.854630812399412,9091.082803084844,4545.541401542422,1.5,0.5,0,geant4_sci_bar_dominant_pdg_deuteron_vs_proton,proton,12527,2212,128.17293940509197,54.54649681850906,25.523225871770727,7.842765768367942,8.22726924166283,3,3,B6,13636.624204627265,54.54649681850906,18.182165606169686,1.0,10.382781892446916,1,-995.6066188782709,1
heldout:64:432,heldout,64,B8,1,4.196690655328227,9.196690655328226,8000.0,8000.0,5.0,1.0,1,geant4_sci_bar_dominant_pdg_deuteron_vs_proton,deuteron,14801,2212,60.53280802020069,71.33504846302358,37.62161450710631,10.535184447956285,10.860117485321515,4,2,B4,16000.0,71.33504846302358,35.66752423151179,3.0,9.449935151351548,0,22.874083934281455,1
heldout:64:433,heldout,64,B8,1,7.817682877066176,10.817682877066176,6836.700676180827,6836.700676180827,3.0,1.0,0,geant4_sci_bar_dominant_pdg_deuteron_vs_proton,proton,14778,2212,141.01908885164173,54.69360540944662,25.592052720365363,7.4062122310833916,7.784326167536506,3,3,B6,13673.401352361654,54.69360540944662,18.231201803148874,3.0,6.930567646995143,0,-2.1188609300750834,1
heldout:64:434,heldout,64,B4,1,4.681865470300527,9.681865470300526,10666.666666666666,5333.333333333333,5.0,0.5,0,geant4_sci_bar_dominant_pdg_deuteron_vs_proton,proton,19051,2212,136.91745895317848,77.13401815764658,28.594133337861045,7.509171983477993,8.104906548870098,4,4,B8,16000.0,77.13401815764658,19.283504539411645,1.0,8.579450612270852,0,135.46236005430217,1
heldout:64:435,heldout,64,B2,1,5.67818691175706,8.67818691175706,8000.0,8000.0,3.0,1.0,0,geant4_sci_bar_dominant_pdg_deuteron_vs_proton,proton,19947,2212,132.21426107113405,65.45880782186073,21.864974797154023,7.613306871442212,8.14097775450184,4,4,B6,16000.0,65.45880782186073,16.364701955465183,0.0,8.621487071828081,1,-4248.6007828616475,1
heldout:64:436,heldout,64,B6,1,6.671982797704073,8.671982797704073,6899.231303789684,3449.615651894842,2.0,0.5,1,geant4_sci_bar_dominant_pdg_deuteron_vs_proton,deuteron,16640,2212,111.50436634593207,41.39538782273811,41.39538782273811,13.302504933690356,13.302504933690356,1,1,B2,10348.846955684527,41.39538782273811,41.39538782273811,2.0,7.995812344632148,0,-31.993352960532114,1
heldout:64:437,heldout,64,B2,1,4.944104442662486,10.944104442662486,1749.6983657515887,1749.6983657515887,6.0,1.0,0,geant4_sci_bar_dominant_pdg_deuteron_vs_proton,proton,22252,2212,125.1328109097243,13.997586926012708,13.997586926012708,7.929998243495599,7.929998243495599,1,1,B2,3499.3967315031773,13.997586926012708,13.997586926012708,0.0,7.734985860959957,0,-207.95454688578266,1
heldout:64:438,heldout,64,B4,1,6.30836826878639,8.30836826878639,7746.475475753725,7746.475475753725,2.0,1.0,1,geant4_sci_bar_dominant_pdg_deuteron_vs_proton,deuteron,418,2212,95.43049994265279,61.9718038060298,61.9718038060298,12.164133973275591,12.164133973275591,1,1,B2,15492.95095150745,61.9718038060298,61.9718038060298,1.0,9.373411954068906,1,-1411.4716309755752,1
heldout:64:439,heldout,64,B4,1,4.668464022005789,7.668464022005789,7784.819619970844,7784.819619970844,3.0,1.0,1,geant4_sci_bar_dominant_pdg_deuteron_vs_proton,deuteron,14888,2212,57.722931933972276,62.278556959766746,39.37026579093076,10.377258894433108,10.6400259790619,2,2,B4,15569.639239941687,62.278556959766746,31.139278479883373,1.0,9.637404014256745,1,-23.322992887404332,1
heldout:64:440,heldout,64,B4,1,9.391499527693226,10.891499527693226,6334.660644515441,6334.660644515441,1.5,1.0,0,geant4_sci_bar_dominant_pdg_deuteron_vs_proton,proton,28075,2212,141.2624068710148,50.67728515612354,22.688592513988226,7.43200077072796,7.801365848764842,3,3,B6,12669.321289030884,50.67728515612354,16.89242838537451,1.0,6.4638385184666065,0,9.622191632426265,1
heldout:64:441,heldout,64,B6,1,4.623421084640714,9.623421084640714,8000.0,8000.0,5.0,1.0,0,geant4_sci_bar_dominant_pdg_deuteron_vs_proton,proton,10097,2212,136.8332479211188,74.49451950708365,25.585742772200636,7.493129560461577,8.07316917788833,4,4,B8,16000.0,74.49451950708365,18.623629876770913,2.0,8.743489256942333,0,-32.82960661418605,1
heldout:64:442,heldout,64,B4,1,5.7144094908794525,10.714409490879452,8999.06057654721,6749.295432410408,5.0,0.75,1,geant4_sci_bar_dominant_pdg_deuteron_vs_proton,deuteron,3907,2212,122.10150752415575,62.99342403583047,62.99342403583047,14.729284217456643,14.729284217456643,1,1,B2,15748.356008957619,62.99342403583047,62.99342403583047,1.0,8.415596771665058,1,24.085919040347736,1
heldout:64:443,heldout,64,B2,1,7.1962484068309625,10.196248406830962,7609.0,7609.0,3.0,1.0,1,geant4_sci_bar_dominant_pdg_deuteron_vs_proton,deuteron,10496,2212,97.5313339678606,121.38199816604367,57.18069801385279,8.741504965695007,10.633802578532167,3,2,B2,16000.0,121.38199816604367,60.690999083021836,0.0,7.4042659099204995,1,-141.70903695984495,1
heldout:64:444,heldout,64,B6,1,6.345920801175496,7.095920801175496,6662.25,3331.125,0.75,0.5,0,geant4_sci_bar_dominant_pdg_deuteron_vs_proton,proton,25853,2212,163.5403554733076,48.16300699172039,25.001199462501972,7.02519346694203,7.39042594139617,4,3,B6,12040.751747930097,48.16300699172039,16.054335663906794,2.0,6.950852163938453,0,9.306502953205769,1
heldout:64:445,heldout,64,B6,1,9.097337718936933,10.097337718936933,7206.5,5404.875,1.0,0.75,0,geant4_sci_bar_dominant_pdg_deuteron_vs_proton,proton,26384,2212,150.88254646806794,83.57130520206242,37.512534461708526,7.214338224331799,7.837980655516007,4,4,B8,16000.0,83.57130520206242,20.892826300515605,2.0,7.207877172668261,0,-222.0298346698795,1
heldout:64:446,heldout,64,B6,1,4.484479509252456,7.484479509252456,8744.329662976805,4372.164831488402,3.0,0.5,1,geant4_sci_bar_dominant_pdg_deuteron_vs_proton,deuteron,15821,2212,117.49060634487094,52.46597797786083,52.46597797786083,14.030205300021805,14.030205300021805,1,1,B2,13116.494494465207,52.46597797786083,52.46597797786083,2.0,9.268920029687079,1,-654.6200230065907,1
heldout:64:447,heldout,64,B2,1,8.843005333678402,10.343005333678402,11486.619224886805,2871.654806221701,1.5,0.25,1,geant4_sci_bar_dominant_pdg_deuteron_vs_proton,deuteron,23264,2212,54.791127684077665,57.43309612443402,35.32709812956383,10.372910105939892,10.624916539926627,2,2,B4,14358.274031108505,57.43309612443402,28.71654806221701,0.0,6.809350120570598,1,-1000.6614071005016,1
heldout:64:448,heldout,64,B8,0,7.288472801543001,,13793.308483886376,0.0,,0.0,0,geant4_sci_bar_dominant_pdg_deuteron_vs_proton,proton,23650,2212,130.5139552428495,55.173233935545504,24.78453310781388,7.6968699982968936,8.069610407946168,3,3,B6,13793.308483886376,55.173233935545504,18.391077978515167,3.0,8.115002379706706,0,24.184365812489965,0
heldout:64:449,heldout,64,B2,0,4.423812799529659,,14344.75,0.0,,0.0,0,geant4_sci_bar_dominant_pdg_deuteron_vs_proton,proton,15325,2212,157.6859924194926,72.84662775590279,30.418032233998883,7.113581338362412,7.688292477178665,4,4,B8,16000.0,72.84662775590279,18.211656938975697,0.0,7.955550619217923,0,400.37143344464624,0
heldout:64:450,heldout,64,B2,0,5.188467709089592,,4585.869145270754,0.0,,0.0,0,geant4_sci_bar_dominant_pdg_deuteron_vs_proton,proton,20278,2212,140.12781239625164,18.343476581083017,13.556291259412884,7.46361363253294,7.532620196625078,3,2,B2,4585.869145270754,18.343476581083017,9.171738290541509,0.0,7.594159806512566,0,-213.778632275352,0
heldout:64:451,heldout,64,B2,0,6.792414111030891,,7008.83143535422,0.0,,0.0,0,geant4_sci_bar_dominant_pdg_deuteron_vs_proton,proton,16618,2212,91.3667640570309,28.03532574141688,28.03532574141688,9.20859240140549,9.20859240140549,1,1,B2,7008.83143535422,28.03532574141688,28.03532574141688,0.0,4.387724762432502,1,-774.2572891875882,0
heldout:64:452,heldout,64,B6,0,9.527969575079922,,10344.25,0.0,,0.0,0,geant4_sci_bar_dominant_pdg_deuteron_vs_proton,proton,16143,2212,149.0924139926854,81.81672123122561,36.46563533268616,7.196291271159554,7.8191683799815,4,4,B8,16000.0,81.81672123122561,20.454180307806404,2.0,6.63788748078106,0,-53.0856455526268,0
heldout:64:453,heldout,64,B6,0,8.352099914870237,,5650.75,0.0,,0.0,1,geant4_sci_bar_dominant_pdg_deuteron_vs_proton,deuteron,3493,2212,90.60745140582922,58.681821339190655,58.681821339190655,11.999048908908993,11.999048908908993,1,1,B2,14670.455334797663,58.681821339190655,58.681821339190655,2.0,5.667883975313686,0,6.917331650278321,0
heldout:64:454,heldout,64,B6,0,10.624695933808521,,8295.0,0.0,,0.0,0,geant4_sci_bar_dominant_pdg_deuteron_vs_proton,proton,12190,2212,71.67706968691789,78.48753505537026,45.90770044804252,10.494896399305134,10.674160325701122,3,1,B2,16000.0,78.48753505537026,78.48753505537026,2.0,5.172998520804696,0,10.601630018452955,0
heldout:64:455,heldout,64,B4,0,11.495133450973015,,5678.75,0.0,,0.0,0,geant4_sci_bar_dominant_pdg_deuteron_vs_proton,proton,24799,2212,159.36671846727646,69.91410758150846,28.290588188626735,7.077730951349377,7.637146374060868,4,4,B8,16000.0,69.91410758150846,17.478526895377115,1.0,3.1962936013971706,0,-75.55927052184745,0
heldout:64:456,heldout,64,B8,0,7.159236839765079,,11270.0,0.0,,0.0,0,geant4_sci_bar_dominant_pdg_deuteron_vs_proton,proton,13051,2212,135.61619736409733,73.48772063796105,25.067024767001946,7.590839635913466,8.177055432544622,4,4,B8,16000.0,73.48772063796105,18.37193015949026,3.0,7.110501774555189,0,-16.963234758435313,0
heldout:64:457,heldout,64,B8,0,10.240875534788461,,11032.0,0.0,,0.0,1,geant4_sci_bar_dominant_pdg_deuteron_vs_proton,deuteron,15605,2212,94.058157561217,87.14542804498055,62.9965952164103,8.948002636255463,11.307641781650693,2,1,B2,16000.0,87.14542804498055,87.14542804498055,3.0,6.742027455535036,0,-347.37520230444676,0
heldout:64:458,heldout,64,B4,0,4.283215186837101,,8557.5,0.0,,0.0,0,geant4_sci_bar_dominant_pdg_deuteron_vs_proton,proton,25528,2212,167.30475350537932,55.257669350631275,18.605259094802477,6.995633378522441,7.477236224703085,5,4,B8,13814.417337657818,55.257669350631275,13.814417337657819,1.0,11.371424838733414,1,-1616.9223917172776,0
heldout:64:459,heldout,64,B4,0,8.237839999587449,,12843.25,0.0,,0.0,0,geant4_sci_bar_dominant_pdg_deuteron_vs_proton,proton,19614,2212,165.02896501629357,54.31200878904336,18.12503239197758,7.029080140151934,7.506701597649231,4,4,B8,13578.002197260841,54.31200878904336,13.57800219726084,1.0,8.572047618307264,1,-930.9537030781175,0
heldout:64:460,heldout,64,B6,0,4.611948594163585,,10393.25,0.0,,0.0,0,geant4_sci_bar_dominant_pdg_deuteron_vs_proton,proton,25243,2212,150.12211591401024,79.94986554496579,33.09621279806212,7.207081809434887,7.816638595135009,4,4,B8,16000.0,79.94986554496579,19.987466386241447,2.0,8.01114609537246,0,74.01206717832304,0
heldout:64:461,heldout,64,B4,0,10.09091034142401,,9716.0,0.0,,0.0,0,geant4_sci_bar_dominant_pdg_deuteron_vs_proton,proton,53,2212,158.70299148232164,73.4360614561165,30.587412542790418,7.101365590841888,7.671188605349242,4,4,B8,16000.0,73.4360614561165,18.359015364029126,1.0,5.513918753774258,0,45.870347126015474,0
heldout:64:462,heldout,64,B6,0,6.1602258203941,,7201.25,0.0,,0.0,0,geant4_sci_bar_dominant_pdg_deuteron_vs_proton,proton,10013,2212,73.41192359175622,34.27522328485459,34.27522328485459,10.528846918502037,10.528846918502037,1,1,B2,8568.805821213648,34.27522328485459,34.27522328485459,2.0,5.769824171012977,0,-57.167264299314624,0
heldout:64:463,heldout,64,B6,0,7.31470427736778,,11681.25,0.0,,0.0,1,geant4_sci_bar_dominant_pdg_deuteron_vs_proton,deuteron,10323,2212,75.18802938180116,59.571869233781726,33.21159332916291,9.874510663238189,10.521894598849412,2,1,B2,14892.967308445432,59.571869233781726,59.571869233781726,2.0,7.010502480853914,0,-14.22906552775417,0
heldout:64:464,heldout,64,B8,0,4.660043083362036,,8823.5,0.0,,0.0,0,geant4_sci_bar_dominant_pdg_deuteron_vs_proton,proton,2650,2212,165.19209780706254,54.104590942546466,17.36346267084647,7.015014175882162,7.486728800719645,4,4,B8,13526.147735636616,54.104590942546466,13.526147735636616,3.0,7.974548326814733,0,-138.54269035869712,0
heldout:64:465,heldout,64,B8,0,6.031880334396821,,10410.75,0.0,,0.0,0,geant4_sci_bar_dominant_pdg_deuteron_vs_proton,proton,29831,2212,144.0320195743424,57.89578926456048,22.09106538716913,7.373231496242402,7.835075148683822,4,4,B6,14473.94731614012,57.89578926456048,14.47394731614012,3.0,8.291829853475603,0,12.85581647636778,0
heldout:64:466,heldout,64,B6,0,9.285017927930333,,5351.5,0.0,,0.0,1,geant4_sci_bar_dominant_pdg_deuteron_vs_proton,deuteron,14314,2212,61.88202353139893,66.69778627600117,43.43115685650727,10.46436991135856,10.739702050812943,2,2,B4,16000.0,66.69778627600117,33.348893138000584,2.0,4.136320574448053,0,-36.30825351210413,0
heldout:64:467,heldout,64,B4,0,7.984444811899622,,8555.032852041038,0.0,,0.0,1,geant4_sci_bar_dominant_pdg_deuteron_vs_proton,deuteron,508,2212,76.9446938349608,34.22013140816416,34.22013140816416,11.166711170771995,11.166711170771995,1,1,B2,8555.032852041038,34.22013140816416,34.22013140816416,1.0,8.384634470073147,0,-41.419847690344334,0
heldout:64:468,heldout,64,B6,0,5.243416233046141,,7068.25,0.0,,0.0,1,geant4_sci_bar_dominant_pdg_deuteron_vs_proton,deuteron,18439,2212,97.22765932136996,120.44066829248561,59.29420588020085,8.772572578822508,10.648709323742676,3,2,B2,16000.0,120.44066829248561,60.220334146242806,2.0,9.893594785886354,0,-825.3552166962057,0
heldout:64:469,heldout,64,B2,0,5.786860980004997,,15670.872469259222,0.0,,0.0,1,geant4_sci_bar_dominant_pdg_deuteron_vs_proton,deuteron,678,2212,72.5571732020586,62.68348987703689,32.930468887309075,10.38132018274776,10.691368555329847,3,1,B2,15670.872469259222,62.68348987703689,62.68348987703689,0.0,7.003504829277913,1,-763.4070057765296,0
heldout:64:470,heldout,64,B2,0,6.475637016439164,,11753.0,0.0,,0.0,1,geant4_sci_bar_dominant_pdg_deuteron_vs_proton,deuteron,23303,2212,114.88040701869691,50.27113825753099,50.27113825753099,13.789534707111867,13.78953470711187,1,1,B2,12567.784564382748,50.27113825753099,50.27113825753099,0.0,7.160815147554228,0,0.1420630579456681,0
heldout:64:471,heldout,64,B2,0,4.0173554226860615,,8302.0,0.0,,0.0,1,geant4_sci_bar_dominant_pdg_deuteron_vs_proton,deuteron,11083,2212,109.373926830186,47.506119500534965,42.01969906775282,8.393935091518411,12.589168069944607,2,1,B2,11876.529875133741,47.506119500534965,47.506119500534965,0.0,2.8098323948437014,0,286.63554495115795,0
heldout:64:472,heldout,64,B4,0,5.92504830453911,,1127.85,0.0,,0.0,1,geant4_sci_bar_dominant_pdg_deuteron_vs_proton,deuteron,27232,2212,187.8896783528304,0.8545547812565304,0.8545547812565304,124.53089831709528,124.53089831709528,1,1,B2,600.0,0.8545547812565304,0.8545547812565304,1.0,9.656559409799424,0,51.15864006449579,0
heldout:64:473,heldout,64,B4,0,10.92499389995004,,9268.0,0.0,,0.0,1,geant4_sci_bar_dominant_pdg_deuteron_vs_proton,deuteron,24949,2212,67.49377869188609,88.6415649434905,63.61623573607764,10.755830431129858,11.070317304235319,2,2,B4,16000.0,88.6415649434905,44.32078247174525,1.0,3.377213390879501,0,-40.418900768173266,0
heldout:64:474,heldout,64,B4,0,5.909924298844672,,12152.0,0.0,,0.0,1,geant4_sci_bar_dominant_pdg_deuteron_vs_proton,deuteron,28813,2212,93.50391237312012,61.75493300375466,61.75493300375466,12.197547077594011,12.197547077594011,1,1,B2,15438.733250938665,61.75493300375466,61.75493300375466,1.0,7.481315003277183,0,-16.17463091943487,0
heldout:64:475,heldout,64,B4,0,7.285297694687224,,8347.5,0.0,,0.0,1,geant4_sci_bar_dominant_pdg_deuteron_vs_proton,deuteron,9365,2212,65.15328882424978,93.65763175063286,51.7005129726556,10.591210823960717,10.910269923946272,4,2,B4,16000.0,93.65763175063286,46.82881587531643,1.0,6.861242942979844,0,-216.7588461274212,0
heldout:64:476,heldout,64,B8,0,10.781443158563057,,9138.5,0.0,,0.0,0,geant4_sci_bar_dominant_pdg_deuteron_vs_proton,proton,23096,2212,149.85105802876595,83.44575863779482,38.2553504384193,7.226576289699614,7.856575939678934,4,4,B8,16000.0,83.44575863779482,20.861439659448706,3.0,6.160441389380434,0,-407.71540428248244,0
heldout:64:477,heldout,64,B6,0,7.561029741358803,,7852.25,0.0,,0.0,1,geant4_sci_bar_dominant_pdg_deuteron_vs_proton,deuteron,15572,2212,113.0039867378234,44.825676691233035,44.825676691233035,13.571107286180155,13.571107286180153,1,1,B2,11206.419172808259,44.825676691233035,44.825676691233035,2.0,6.773629855974986,0,34.3787247433016,0
heldout:64:478,heldout,64,B4,0,9.306403208093567,,11506.25,0.0,,0.0,1,geant4_sci_bar_dominant_pdg_deuteron_vs_proton,deuteron,661,2212,64.86952727016599,74.04725112978682,50.14221122374399,10.638073010877262,10.928408119115131,2,2,B4,16000.0,74.04725112978682,37.02362556489341,1.0,5.663127227752984,1,-28.189906972472514,0
heldout:64:479,heldout,64,B2,0,11.040598634498616,,15999.999999999998,0.0,,0.0,0,geant4_sci_bar_dominant_pdg_deuteron_vs_proton,proton,22470,2212,137.3516991065936,76.34781524028668,28.741311754319234,7.545158985253083,8.141631536370939,4,4,B8,16000.0,76.34781524028668,19.08695381007167,0.0,6.353677168416864,1,-905.522848718269,0
heldout:64:480,heldout,64,B2,0,5.8650964467610915,,9325.75,0.0,,0.0,0,geant4_sci_bar_dominant_pdg_deuteron_vs_proton,proton,699,2212,78.6980946804459,80.71684969828374,45.25242810276646,9.85080388857895,10.426580599720184,2,1,B2,16000.0,80.71684969828374,80.71684969828374,0.0,6.986016392908238,0,-28.83676693546931,0
heldout:64:481,heldout,64,B6,0,5.633840379094618,,11424.0,0.0,,0.0,0,geant4_sci_bar_dominant_pdg_deuteron_vs_proton,proton,7637,2212,138.94310232288618,48.32385142307532,28.290912198334258,7.643293562065075,7.882517291197553,2,2,B4,12080.96285576883,48.32385142307532,24.16192571153766,2.0,7.804650938827788,0,-65.6926463665719,0
heldout:64:482,heldout,64,B8,0,4.963277044637801,,9973.25,0.0,,0.0,0,geant4_sci_bar_dominant_pdg_deuteron_vs_proton,proton,2513,2212,81.96059202326393,86.24372011802295,46.92821407461761,9.741784534299752,10.490104900052728,2,1,B2,16000.0,86.24372011802295,86.24372011802295,3.0,7.531870893443917,0,62.61356647303151,0
heldout:64:483,heldout,64,B2,0,4.518778791028797,,15999.999999999998,0.0,,0.0,1,geant4_sci_bar_dominant_pdg_deuteron_vs_proton,deuteron,17752,2212,94.74277908214833,85.49779806339964,58.98066255051233,9.074534332077027,11.332498713743583,2,1,B2,16000.0,85.49779806339964,85.49779806339964,0.0,8.704236574704048,1,318.033799325142,0
heldout:64:484,heldout,64,B6,0,9.714903758366754,,11424.0,0.0,,0.0,0,geant4_sci_bar_dominant_pdg_deuteron_vs_proton,proton,22515,2212,156.29794150021547,76.03134642476618,33.27753235538643,7.084024925884496,7.6709010857466735,4,4,B8,16000.0,76.03134642476618,19.007836606191546,2.0,6.938996537273605,0,-229.67528658485884,0
heldout:64:485,heldout,64,B8,0,10.893602747396017,,11768.75,0.0,,0.0,0,geant4_sci_bar_dominant_pdg_deuteron_vs_proton,proton,17349,2212,155.1522098557572,86.16399443590711,42.62951565336844,7.13575092010104,7.766427545503992,4,4,B8,16000.0,86.16399443590711,21.54099860897678,3.0,5.282010970417583,0,-38.472465935208234,0
heldout:64:486,heldout,64,B4,0,4.183404416169437,,9402.75,0.0,,0.0,1,geant4_sci_bar_dominant_pdg_deuteron_vs_proton,deuteron,10369,2212,112.88213416568675,44.70952613734777,44.70952613734777,13.574641925252985,13.574641925252985,1,1,B2,11177.381534336942,44.70952613734777,44.70952613734777,1.0,7.4100205094724,0,206.1879874177867,0
heldout:64:487,heldout,64,B2,0,9.665626370850758,,9938.25,0.0,,0.0,1,geant4_sci_bar_dominant_pdg_deuteron_vs_proton,deuteron,22142,2212,94.50512423373222,85.33897865802959,59.62218104239835,9.167935873049375,11.32371752666458,2,1,B2,16000.0,85.33897865802959,85.33897865802959,0.0,8.22303975294117,1,-1682.4883159605565,0
heldout:64:488,heldout,64,B6,0,10.367771487829891,,8757.0,0.0,,0.0,1,geant4_sci_bar_dominant_pdg_deuteron_vs_proton,deuteron,5727,2212,120.33162614099342,50.513591517248535,21.738699545009702,14.545649594811419,14.79977039779406,8,2,B2,12628.397879312133,50.513591517248535,25.256795758624268,2.0,5.01038321469913,0,-2.725347772200966,0
heldout:64:489,heldout,64,B2,0,9.59068776019214,,14811.058901216626,0.0,,0.0,1,geant4_sci_bar_dominant_pdg_deuteron_vs_proton,deuteron,23833,2212,60.21453740974938,59.2442356048665,22.41028899418928,10.44013460165677,10.82587195469352,10,3,B2,14811.058901216626,59.2442356048665,19.7480785349555,0.0,6.377151761439673,1,-225.49776256144645,0
heldout:64:490,heldout,64,B2,0,11.470967275749432,,6541.5,0.0,,0.0,1,geant4_sci_bar_dominant_pdg_deuteron_vs_proton,deuteron,4368,2212,86.01075618966699,90.4010419442792,46.48200334747855,9.683088969048836,10.718261196012815,2,1,B2,16000.0,90.4010419442792,90.4010419442792,0.0,4.7476345895741145,0,-216.7657373716085,0
heldout:64:491,heldout,64,B2,0,5.750119724442534,,13873.357474429895,0.0,,0.0,0,geant4_sci_bar_dominant_pdg_deuteron_vs_proton,proton,3837,2212,162.98034462697274,55.49342989771958,18.468873087888426,7.0333633470546015,7.509602814634944,4,4,B8,13873.357474429895,55.49342989771958,13.873357474429895,0.0,8.046590815083439,1,-825.447926841273,0
heldout:64:492,heldout,64,B4,0,10.046125846196237,,8086.75,0.0,,0.0,0,geant4_sci_bar_dominant_pdg_deuteron_vs_proton,proton,12288,2212,104.4392812097405,98.87160542998461,44.72255760077929,8.712876130616984,10.29274340686362,3,2,B4,16000.0,98.87160542998461,49.435802714992306,1.0,4.110540741942787,0,13.589295530875981,0
heldout:64:493,heldout,64,B4,0,10.891659613027421,,13211.446468113392,0.0,,0.0,0,geant4_sci_bar_dominant_pdg_deuteron_vs_proton,proton,4374,2212,163.5757698409853,52.84578587245357,14.998612285873342,7.022730865958872,7.570954139808647,9,4,B6,13211.446468113392,52.84578587245357,13.211446468113392,1.0,3.3322051992999127,1,-600.7701888619471,0
heldout:64:494,heldout,64,B6,0,8.83145314068289,,6433.0,0.0,,0.0,1,geant4_sci_bar_dominant_pdg_deuteron_vs_proton,deuteron,29171,2212,100.29575074025746,109.69870864665415,41.276788295712315,8.67660556238632,10.785698873486345,5,2,B2,16000.0,109.69870864665415,54.84935432332708,2.0,6.022155990816982,0,-15.377262147996756,0
heldout:64:495,heldout,64,B8,0,5.308980087567941,,10615.5,0.0,,0.0,0,geant4_sci_bar_dominant_pdg_deuteron_vs_proton,proton,20417,2212,150.26253827515532,83.68055836650133,26.21770769673895,7.186392364440298,7.810061308906486,5,4,B8,16000.0,83.68055836650133,20.920139591625333,3.0,9.413618704626195,1,-490.1414751177191,0
heldout:64:496,heldout,64,B8,0,4.796378751275887,,11501.0,0.0,,0.0,0,geant4_sci_bar_dominant_pdg_deuteron_vs_proton,proton,7089,2212,143.7059075469536,62.61134212502948,20.954936914824245,7.36707690046343,7.871720341080654,4,4,B6,15652.83553125737,62.61134212502948,15.65283553125737,3.0,7.7820346898641,0,53.123374627229396,0
heldout:64:497,heldout,64,B2,0,8.986669978820121,,16000.0,0.0,,0.0,0,geant4_sci_bar_dominant_pdg_deuteron_vs_proton,proton,18755,2212,151.67660922832,88.17466074457514,43.68098492606182,7.1963200799888005,7.837434159784023,4,4,B8,16000.0,88.17466074457514,22.043665186143784,0.0,6.748640018485102,1,-278.83577194284265,0
heldout:64:498,heldout,64,B2,0,4.52590234299079,,3391.3797298539716,0.0,,0.0,0,geant4_sci_bar_dominant_pdg_deuteron_vs_proton,proton,16170,2212,125.23491258728413,13.565518919415887,13.565518919415887,7.960144589713728,7.960144589713727,1,1,B2,3391.3797298539716,13.565518919415887,13.565518919415887,0.0,6.55677047293113,0,-44.32028300493411,0
heldout:64:499,heldout,64,B2,0,5.8991972669130135,,5594.75,0.0,,0.0,1,geant4_sci_bar_dominant_pdg_deuteron_vs_proton,deuteron,19108,2212,80.38310956473273,37.67612201638773,37.67612201638773,11.390870052500413,11.390870052500413,1,1,B2,9419.030504096932,37.67612201638773,37.67612201638773,0.0,6.638546282161003,0,-164.12124320024967,0
heldout:64:500,heldout,64,B6,0,8.607170345458773,,13489.0,0.0,,0.0,1,geant4_sci_bar_dominant_pdg_deuteron_vs_proton,deuteron,8121,2212,108.51385547758176,75.06811058254829,39.427670790511044,8.42598981163168,10.971088315427831,3,2,B2,16000.0,75.06811058254829,37.53405529127414,2.0,8.70206346069764,1,-475.61552536856743,0
heldout:64:501,heldout,64,B8,0,5.812783116537843,,11562.25,0.0,,0.0,1,geant4_sci_bar_dominant_pdg_deuteron_vs_proton,deuteron,13651,2212,101.92699534454437,98.56065162252722,51.86165842506934,8.605977432450565,10.8651355496443,3,2,B2,16000.0,98.56065162252722,49.28032581126361,3.0,7.784491452838097,0,-20.57915537635855,0
heldout:64:502,heldout,64,B6,0,10.114481503797062,,5339.25,0.0,,0.0,0,geant4_sci_bar_dominant_pdg_deuteron_vs_proton,proton,9736,2212,154.0764614301492,90.15451329983676,45.732478591587935,7.145628181547617,7.7924420466529725,4,4,B8,16000.0,90.15451329983676,22.53862832495919,2.0,3.9590654960965086,0,28.48939622725623,0
heldout:64:503,heldout,64,B8,0,4.683250738170505,,5818.75,0.0,,0.0,1,geant4_sci_bar_dominant_pdg_deuteron_vs_proton,deuteron,29589,2212,53.63283705586308,58.58638324066707,36.071512646830605,10.350888393793603,10.602631158023007,2,2,B4,14646.595810166767,58.58638324066707,29.293191620333534,3.0,7.080490360562104,0,-35.59168962307781,0
heldout:64:504,heldout,64,B2,0,4.896486750104254,,13739.25,0.0,,0.0,0,geant4_sci_bar_dominant_pdg_deuteron_vs_proton,proton,2734,2212,64.37474238162554,93.9403962607164,34.572071693650166,10.671237100530565,11.0518246130241,4,2,B4,16000.0,93.9403962607164,46.9701981303582,0.0,8.123196501236672,0,97.34431390035196,0
heldout:64:505,heldout,64,B8,0,9.766264718313067,,10246.25,0.0,,0.0,1,geant4_sci_bar_dominant_pdg_deuteron_vs_proton,deuteron,2315,2212,77.55205547382248,69.8690877896509,36.23207053176267,10.358783482165938,10.804694397749154,2,1,B2,16000.0,69.8690877896509,69.8690877896509,3.0,5.789809155772229,0,11.926413987759332,0
heldout:64:506,heldout,64,B4,0,4.32424604237791,,11210.905107015835,0.0,,0.0,0,geant4_sci_bar_dominant_pdg_deuteron_vs_proton,proton,20362,2212,151.65404204221278,44.84362042806333,18.700013482160507,7.167570878701602,7.506424574830934,4,3,B6,11210.905107015833,44.84362042806333,14.94787347602111,1.0,8.876417838030326,0,247.39063156633728,0
heldout:64:507,heldout,64,B4,0,6.814707054699041,,8347.5,0.0,,0.0,0,geant4_sci_bar_dominant_pdg_deuteron_vs_proton,proton,6648,2212,154.55033198279511,90.20052534603533,45.68710879540072,7.12688759471714,7.77395666380996,4,4,B8,16000.0,90.20052534603533,22.550131336508834,1.0,6.619855024110088,0,30.307012930496604,0
heldout:64:508,heldout,64,B6,0,4.014270408899386,,10375.75,0.0,,0.0,1,geant4_sci_bar_dominant_pdg_deuteron_vs_proton,deuteron,6749,2212,95.2860387144148,85.17086390472383,60.60556901430121,8.970250927532314,11.320560781617132,2,1,B2,16000.0,85.17086390472383,85.17086390472383,2.0,9.785684277051297,1,-992.4971698549027,0
heldout:64:509,heldout,64,B2,0,11.476849828303559,,15999.999999999998,0.0,,0.0,0,geant4_sci_bar_dominant_pdg_deuteron_vs_proton,proton,2876,2212,155.1217333144987,90.93991412067086,45.97934505125602,7.165175054813244,7.805332836250104,4,4,B8,16000.0,90.93991412067086,22.734978530167716,0.0,6.214670706938303,1,-323.61167284819817,0
heldout:64:510,heldout,64,B2,0,6.295583123305001,,12495.0,0.0,,0.0,1,geant4_sci_bar_dominant_pdg_deuteron_vs_proton,deuteron,18610,2212,108.41971523299769,86.89196019288569,43.74156036675243,8.60805112831256,11.05031922595813,4,2,B2,16000.0,86.89196019288569,43.445980096442845,0.0,7.549118531722512,1,-336.25852251930746,0
heldout:64:511,heldout,64,B4,0,9.719868311935267,,5598.74111944899,0.0,,0.0,0,geant4_sci_bar_dominant_pdg_deuteron_vs_proton,proton,783,2212,160.71090958524184,22.39496447779596,11.520029096935119,7.048969902043895,7.184333330467533,2,2,B4,5598.74111944899,22.39496447779596,11.19748223889798,1.0,5.201756379129952,0,-35.58138831356603,0
heldout:65:512,heldout,65,B2,1,4.849654206386667,10.849654206386667,7420.705244397261,7420.705244397261,6.0,1.0,0,geant4_sci_bar_dominant_pdg_deuteron_vs_proton,proton,4912,2212,135.80902528316702,59.365641955178084,21.724451122213935,7.551643846204329,8.020700144296505,5,4,B6,14841.410488794521,59.365641955178084,14.841410488794521,0.0,7.276673699826216,1,86.56582865411605,1
heldout:65:513,heldout,65,B6,1,6.483597219899568,7.233597219899568,8245.375489329019,2061.3438723322547,0.75,0.25,1,geant4_sci_bar_dominant_pdg_deuteron_vs_proton,deuteron,5114,2212,84.89252431089714,41.2268774466451,41.2268774466451,11.582782126161788,11.582782126161788,1,1,B2,10306.719361661275,41.2268774466451,41.2268774466451,2.0,7.7918427386678095,0,-62.212388425271875,1
heldout:65:514,heldout,65,B2,1,5.513795025204585,10.513795025204585,10666.666666666666,5333.333333333333,5.0,0.5,1,geant4_sci_bar_dominant_pdg_deuteron_vs_proton,deuteron,24721,2212,76.83906337261033,65.38355534724371,29.206093767127417,11.171889893355623,11.285873365465925,4,1,B2,16000.0,65.38355534724371,65.38355534724371,0.0,9.354296432266413,0,-238.9138979933505,1
heldout:65:515,heldout,65,B8,1,4.161632372608111,5.661632372608111,9142.857142857141,6857.142857142857,1.5,0.75,1,geant4_sci_bar_dominant_pdg_deuteron_vs_proton,deuteron,5418,2212,66.97500905410311,130.76066599940057,65.556254775631,10.724779992140018,11.283774964503088,3,2,B4,16000.0,130.76066599940057,65.38033299970029,3.0,8.803349798931416,1,-19.094437385649094,1
heldout:65:516,heldout,65,B8,1,5.915050374896733,6.415050374896733,10666.666666666666,5333.333333333333,0.5,0.5,0,geant4_sci_bar_dominant_pdg_deuteron_vs_proton,proton,3605,2212,132.62832780216672,64.44537111346789,21.505326728616307,7.6364299095157895,8.16724655356255,4,4,B6,16000.0,64.44537111346789,16.11134277836697,3.0,8.861521839380554,1,2.2791992395380474,1
heldout:65:517,heldout,65,B2,1,5.238445308096895,7.238445308096895,4820.072991161002,3615.0547433707516,2.0,0.75,1,geant4_sci_bar_dominant_pdg_deuteron_vs_proton,deuteron,7633,2212,73.74264841471583,33.74051093812702,33.74051093812702,11.05628959702275,11.05628959702275,1,1,B2,8435.127734531754,33.74051093812702,33.74051093812702,0.0,10.083351245369327,0,-1346.1219675097987,1
heldout:65:518,heldout,65,B2,1,6.911335549745211,10.91133554974521,4034.7829493242334,4034.7829493242334,4.0,1.0,1,geant4_sci_bar_dominant_pdg_deuteron_vs_proton,deuteron,16558,2212,70.13617882123035,32.27826359459387,32.27826359459387,10.91965572114508,10.91965572114508,1,1,B2,8069.565898648467,32.27826359459387,32.27826359459387,0.0,11.361720931896413,1,-3540.9885258956183,1
heldout:65:519,heldout,65,B8,1,4.46778564499182,5.96778564499182,11538.755455470233,2884.688863867558,1.5,0.25,0,geant4_sci_bar_dominant_pdg_deuteron_vs_proton,proton,5536,2212,141.97034359517852,57.69377727735116,22.938337181969217,7.3667884126200756,7.827315263009552,4,4,B6,14423.44431933779,57.69377727735116,14.42344431933779,3.0,8.383539685286863,0,24.62395731299855,1
heldout:65:520,heldout,65,B6,1,8.742137917458233,10.242137917458233,510.45,510.45,1.5,1.0,0,geant4_sci_bar_dominant_pdg_deuteron_vs_proton,proton,5158,2212,169.911510687072,0.5383750000570574,0.5383750000570574,7.041199746331897,7.041199746331897,1,1,B2,600.0,0.5383750000570574,0.5383750000570574,2.0,8.501331428105303,0,-577.6821216364192,1
heldout:65:521,heldout,65,B2,1,9.97108891634938,10.97108891634938,5862.5,4396.875,1.0,0.75,0,geant4_sci_bar_dominant_pdg_deuteron_vs_proton,proton,8444,2212,160.3775563773847,58.08391492877254,20.025638923026136,7.0205586215176226,7.5165859015637935,4,4,B8,14520.978732193136,58.08391492877254,14.520978732193136,0.0,4.874682517804102,0,-119.57251233071834,1
heldout:65:522,heldout,65,B6,1,7.46319057487333,8.96319057487333,9083.670109890416,4541.835054945208,1.5,0.5,0,geant4_sci_bar_dominant_pdg_deuteron_vs_proton,proton,1327,2212,130.2649131967039,54.50202065934249,24.4190826370556,7.738612396443383,8.110924344391398,3,3,B6,13625.505164835622,54.50202065934249,18.16734021978083,2.0,9.113256286186122,0,-930.4709780421082,1
heldout:65:523,heldout,65,B4,1,6.53839847883644,7.53839847883644,7306.515019096109,5479.886264322083,1.0,0.75,0,geant4_sci_bar_dominant_pdg_deuteron_vs_proton,proton,23636,2212,141.897002980722,51.14560513367277,22.823291721166363,7.400910944872244,7.768188524747158,3,3,B6,12786.401283418192,51.14560513367277,17.04853504455759,1.0,8.111426701946975,0,-84.52382300821233,1
heldout:65:524,heldout,65,B6,1,7.307781692907593,9.307781692907593,7076.465005972711,5307.348754479533,2.0,0.75,1,geant4_sci_bar_dominant_pdg_deuteron_vs_proton,deuteron,21399,2212,89.22719541840112,49.53525504180897,49.53525504180897,11.88847817537958,11.888478175379579,1,1,B2,12383.813760452244,49.53525504180897,49.53525504180897,2.0,6.28346088297052,0,-53.43286921880814,1
heldout:65:525,heldout,65,B4,1,5.4582343533110755,9.458234353311076,8704.5,4352.25,4.0,0.5,1,geant4_sci_bar_dominant_pdg_deuteron_vs_proton,deuteron,1739,2212,98.64723331568439,115.9601390317597,53.14236141162181,8.842873089593665,10.737850925938089,3,2,B2,16000.0,115.9601390317597,57.98006951587985,1.0,10.417728352290748,1,-1219.4866693231165,1
heldout:65:526,heldout,65,B8,1,6.12984686325956,6.62984686325956,10631.25,5315.625,0.5,0.5,1,geant4_sci_bar_dominant_pdg_deuteron_vs_proton,deuteron,24844,2212,97.42295096824382,116.52569515203454,55.25347511477115,8.817913550677382,10.74195845329575,3,2,B2,16000.0,116.52569515203454,58.26284757601727,3.0,9.241982052644103,1,-248.69771594477808,1
heldout:65:527,heldout,65,B8,1,6.372589726800673,6.872589726800673,9142.857142857143,6857.142857142857,0.5,0.75,0,geant4_sci_bar_dominant_pdg_deuteron_vs_proton,proton,21295,2212,148.05318764481734,73.13658169372529,24.038584681040337,7.238618546095653,7.806420995081367,4,4,B8,16000.0,73.13658169372529,18.284145423431323,3.0,8.421507239368117,1,-45.503657808997275,1
heldout:65:528,heldout,65,B6,1,4.105115938814697,4.605115938814697,9142.857142857143,6857.142857142857,0.5,0.75,1,geant4_sci_bar_dominant_pdg_deuteron_vs_proton,deuteron,28465,2212,65.89129489976668,72.711280755856,49.020612879134106,10.583702185473468,10.872708955130289,2,2,B4,16000.0,72.711280755856,36.355640377928,2.0,9.468511293508957,1,-516.0990695757076,1
heldout:65:529,heldout,65,B8,1,5.324150153490261,6.324150153490261,11502.448287028861,2875.6120717572153,1.0,0.25,0,geant4_sci_bar_dominant_pdg_deuteron_vs_proton,proton,5230,2212,164.8673967223649,57.512241435144304,19.044704314652193,7.033334987008797,7.509849725333696,5,4,B8,14378.060358786077,57.512241435144304,14.378060358786076,3.0,10.419417678733854,1,-361.13032387878036,1
heldout:65:530,heldout,65,B2,1,7.916145458816503,8.916145458816503,9750.386952937182,4875.193476468591,1.0,0.5,0,geant4_sci_bar_dominant_pdg_deuteron_vs_proton,proton,7680,2212,138.2473014939678,58.50232171762309,27.93612430226742,7.513775950992539,7.905080818629158,3,3,B6,14625.580429405773,58.50232171762309,19.500773905874365,0.0,6.6828109130576046,1,-95.49681522275617,1
heldout:65:531,heldout,65,B8,1,4.271434623691804,9.271434623691803,8000.0,8000.0,5.0,1.0,1,geant4_sci_bar_dominant_pdg_deuteron_vs_proton,deuteron,18326,2212,68.51684175480972,87.8065047316957,63.75868970860593,10.788020929320483,11.106378809528815,2,2,B4,16000.0,87.8065047316957,43.90325236584785,3.0,9.18150492066189,1,11.603486431594863,1
heldout:65:532,heldout,65,B2,1,5.630197258329781,7.130197258329781,7930.772587321222,5948.079440490917,1.5,0.75,0,geant4_sci_bar_dominant_pdg_deuteron_vs_proton,proton,10184,2212,128.05581266099242,55.515408111248554,26.1102198983829,7.906327969024327,8.295056786862878,3,3,B6,13878.852027812138,55.515408111248554,18.505136037082853,0.0,7.178409277854096,1,-539.1157499669498,1
heldout:65:533,heldout,65,B8,1,4.3046656697140255,9.304665669714026,9888.684074635918,4944.342037317959,5.0,0.5,0,geant4_sci_bar_dominant_pdg_deuteron_vs_proton,proton,8614,2212,159.4073835281722,59.33210444781551,20.231668352510628,7.049437252972405,7.538319824875851,4,4,B8,14833.026111953877,59.33210444781551,14.833026111953878,3.0,9.308595853516671,0,-36.43715960960232,1
heldout:65:534,heldout,65,B6,1,8.993767776852984,10.993767776852984,8776.25,4388.125,2.0,0.5,0,geant4_sci_bar_dominant_pdg_deuteron_vs_proton,proton,4238,2212,151.83827197728226,85.44929875292183,38.636202680866184,7.199001847985958,7.82267232025894,4,4,B8,16000.0,85.44929875292183,21.36232468823046,2.0,6.241231798298352,0,-45.55688042052205,1
heldout:65:535,heldout,65,B6,1,5.0859379986288715,11.085937998628872,9964.5,2491.125,6.0,0.25,0,geant4_sci_bar_dominant_pdg_deuteron_vs_proton,proton,8394,2212,85.59542799006067,112.67457004341236,41.614917753848424,9.557724634896203,10.940041706695942,5,1,B2,16000.0,112.67457004341236,112.67457004341236,2.0,10.818499533281807,0,-508.65272066152164,1
heldout:65:536,heldout,65,B2,1,4.7319125350915225,5.2319125350915225,6954.5,6954.5,0.5,1.0,1,geant4_sci_bar_dominant_pdg_deuteron_vs_proton,deuteron,11739,2212,62.11823719841773,66.85850454104393,43.745339922799104,10.571520339090174,10.849191737050763,2,2,B4,16000.0,66.85850454104393,33.429252270521964,0.0,8.477966601872431,0,63.742960062708335,1
heldout:65:537,heldout,65,B8,1,6.47799882424597,7.97799882424597,1113.6,835.1999999999999,1.5,0.75,1,geant4_sci_bar_dominant_pdg_deuteron_vs_proton,deuteron,1320,2212,51.18465478791592,0.6503247324143597,0.6503247324143597,10.275179063762788,10.275179063762788,1,1,B2,600.0,0.6503247324143597,0.6503247324143597,3.0,8.885114963315534,0,-307.12317804921446,1
heldout:65:538,heldout,65,B8,1,5.037612137514935,6.537612137514935,9142.857142857143,6857.142857142857,1.5,0.75,1,geant4_sci_bar_dominant_pdg_deuteron_vs_proton,deuteron,15696,2212,85.937069185231,73.42108564452438,42.957426983846325,9.351494218602895,10.655543028259522,2,1,B2,16000.0,73.42108564452438,73.42108564452438,3.0,8.5091355850409,1,-44.199311005503745,1
heldout:65:539,heldout,65,B8,1,7.359885945653321,11.359885945653321,8027.382623359524,4013.691311679762,4.0,0.5,1,geant4_sci_bar_dominant_pdg_deuteron_vs_proton,deuteron,14176,2212,113.49226678066856,48.164295740157144,48.164295740157144,13.659276890931649,13.659276890931647,1,1,B2,12041.073935039285,48.164295740157144,48.164295740157144,3.0,8.521358566822046,0,-78.20083563829397,1
heldout:65:540,heldout,65,B8,1,5.183227191075231,5.933227191075231,6219.876330836517,4664.907248127388,0.75,0.75,1,geant4_sci_bar_dominant_pdg_deuteron_vs_proton,deuteron,29749,2212,112.02879020869064,43.53913431585562,43.53913431585562,13.386679269690404,13.386679269690406,1,1,B2,10884.783578963905,43.53913431585562,43.53913431585562,3.0,9.363444868601503,0,-17.203153118091613,1
heldout:65:541,heldout,65,B2,1,4.724253822820762,10.724253822820762,11382.0,2845.5,6.0,0.25,1,geant4_sci_bar_dominant_pdg_deuteron_vs_proton,deuteron,20624,2212,55.52538904134135,58.60313743336417,36.731093914918894,10.3365017054366,10.593797994857974,2,2,B4,14650.784358341041,58.60313743336417,29.301568716682084,0.0,8.189679522724363,1,-78.3774488243652,1
heldout:65:542,heldout,65,B6,1,4.4942307478769985,9.494230747876998,9978.5,2494.625,5.0,0.25,1,geant4_sci_bar_dominant_pdg_deuteron_vs_proton,deuteron,2860,2212,53.75202611668002,58.055341447679105,35.92899697802989,10.349493854030888,10.603196914693777,2,2,B4,14513.835361919777,58.055341447679105,29.027670723839552,2.0,10.649040542960492,0,-503.83630680551005,1
heldout:65:543,heldout,65,B6,1,5.649093794601331,10.649093794601331,8537.62059041776,4268.81029520888,5.0,0.5,0,geant4_sci_bar_dominant_pdg_deuteron_vs_proton,proton,25412,2212,130.80433386636622,51.22572354250656,22.539070419357607,7.664697809483532,8.031727716264287,3,3,B6,12806.43088562664,51.22572354250656,17.07524118083552,2.0,6.009822492910528,1,-113.69805345536236,1
heldout:65:544,heldout,65,B4,1,4.49003536829343,10.49003536829343,8000.0,8000.0,6.0,1.0,1,geant4_sci_bar_dominant_pdg_deuteron_vs_proton,deuteron,26418,2212,90.38511775979886,77.01191089979518,51.23343787907347,9.126103785445757,10.945616016075316,2,1,B2,16000.0,77.01191089979518,77.01191089979518,1.0,8.988840988060714,0,-160.80790256623558,1
heldout:65:545,heldout,65,B2,1,6.716550309063943,10.716550309063944,1550.4749119358858,1550.4749119358858,4.0,1.0,0,geant4_sci_bar_dominant_pdg_deuteron_vs_proton,proton,2822,2212,137.93627408469575,12.403799295487087,12.403799295487087,7.464786921666149,7.464786921666149,1,1,B2,3100.9498238717715,12.403799295487087,12.403799295487087,0.0,7.699218414898933,0,-463.44928227294423,1
heldout:65:546,heldout,65,B2,1,6.769765516188277,8.269765516188276,4977.177851943647,2488.5889259718233,1.5,0.5,0,geant4_sci_bar_dominant_pdg_deuteron_vs_proton,proton,16472,2212,126.82361587566143,29.863067111661877,16.83488342510633,7.89809841207637,8.06808414241392,2,2,B4,7465.766777915469,29.863067111661877,14.931533555830939,0.0,8.490105266895299,0,-545.9931144824997,1
heldout:65:547,heldout,65,B4,1,6.187481376477372,10.187481376477372,7383.955868538532,7383.955868538532,4.0,1.0,1,geant4_sci_bar_dominant_pdg_deuteron_vs_proton,deuteron,22337,2212,54.94484928250914,59.071646948308256,36.340067760147114,10.334303007742776,10.586504549274853,2,2,B4,14767.911737077064,59.071646948308256,29.535823474154128,1.0,8.774269788491424,0,-60.10891465396222,1
heldout:65:548,heldout,65,B8,1,4.226707656188616,8.226707656188616,4920.133871368058,4920.133871368058,4.0,1.0,0,geant4_sci_bar_dominant_pdg_deuteron_vs_proton,proton,11080,2212,77.70816661241051,39.36107097094446,39.36107097094446,10.055424794544452,10.055424794544452,1,1,B2,9840.267742736116,39.36107097094446,39.36107097094446,3.0,8.869641809925804,0,81.65016679532604,1
heldout:65:549,heldout,65,B4,1,5.956310314867547,10.956310314867547,7596.722835558524,5697.542126668893,5.0,0.75,0,geant4_sci_bar_dominant_pdg_deuteron_vs_proton,proton,8365,2212,139.53053874038562,53.177059848909664,25.303309540333824,7.437121058241846,7.866195491093571,3,3,B6,13294.264962227417,53.177059848909664,17.72568661630322,1.0,8.391097833183192,0,5.571941355827832,1
heldout:65:550,heldout,65,B2,1,4.420597109102205,10.420597109102205,10973.854999466046,2743.4637498665115,6.0,0.25,0,geant4_sci_bar_dominant_pdg_deuteron_vs_proton,proton,10026,2212,140.7666254574687,54.86927499733024,25.211662402645747,7.467814036459328,7.8463786763357035,3,3,B6,13717.318749332559,54.86927499733024,18.289758332443412,0.0,9.117409575375248,0,-300.88338622501936,1
heldout:65:551,heldout,65,B8,1,9.035398538788353,10.035398538788353,8821.327127990455,6615.995345992841,1.0,0.75,1,geant4_sci_bar_dominant_pdg_deuteron_vs_proton,deuteron,17693,2212,74.8755903209151,61.74928989593319,33.963022877007795,10.069383724483496,10.61731977451012,2,1,B2,15437.322473983297,61.74928989593319,61.74928989593319,3.0,6.900854420626193,1,52.17171571464472,1
heldout:65:552,heldout,65,B8,1,4.235751739468456,7.235751739468456,6396.25,4797.1875,3.0,0.75,0,geant4_sci_bar_dominant_pdg_deuteron_vs_proton,proton,24943,2212,166.06727262345075,53.59704841818207,17.228936346677916,7.02949391137492,7.501027336993185,4,4,B8,13399.262104545518,53.59704841818207,13.399262104545517,3.0,8.571950158544242,0,65.59611601659016,1
heldout:65:553,heldout,65,B4,1,5.839248663621513,6.589248663621513,9142.857142857143,6857.142857142858,0.75,0.75,0,geant4_sci_bar_dominant_pdg_deuteron_vs_proton,proton,1062,2212,159.20637783560954,76.87560461229995,33.65891909314531,7.079699320967521,7.6772002474226815,5,4,B8,16000.0,76.87560461229995,19.218901153074988,1.0,9.809021136254525,1,34.92356571063652,1
heldout:65:554,heldout,65,B6,1,4.108299756817927,9.108299756817928,5955.25,2977.625,5.0,0.5,1,geant4_sci_bar_dominant_pdg_deuteron_vs_proton,deuteron,19545,2212,143.98380650488681,85.6662581350929,35.10390734683789,7.3908871160982486,12.53418459086204,4,3,B2,16000.0,85.6662581350929,28.555419378364302,2.0,9.189119914622452,0,75.00082058965856,1
heldout:65:555,heldout,65,B6,1,4.976828855224144,9.976828855224145,3340.9075525986004,2505.6806644489507,5.0,0.75,0,geant4_sci_bar_dominant_pdg_deuteron_vs_proton,proton,6035,2212,95.22379288963403,23.3863528681902,23.3863528681902,8.896431606412728,8.896431606412728,1,1,B2,5846.588217047551,23.3863528681902,23.3863528681902,2.0,10.499010909199804,0,-878.227551241351,1
heldout:65:556,heldout,65,B6,1,5.091579842659553,8.091579842659552,6481.906787314001,6481.906787314001,3.0,1.0,0,geant4_sci_bar_dominant_pdg_deuteron_vs_proton,proton,14126,2212,143.68904142695675,51.85525429851201,23.00938167992673,7.321461835683649,7.6871999899712815,3,3,B6,12963.813574628002,51.85525429851201,17.28508476617067,2.0,8.681607949817561,0,-38.89784116629416,1
heldout:65:557,heldout,65,B2,1,5.379386374257049,11.379386374257049,7780.77912570067,5835.584344275503,6.0,0.75,0,geant4_sci_bar_dominant_pdg_deuteron_vs_proton,proton,847,2212,167.67353755270202,54.46545387990469,17.723602412399167,7.0078257434895805,7.47949936410283,4,4,B8,13616.363469976173,54.46545387990469,13.616363469976173,0.0,7.377400705970658,1,-253.2890190447999,1
heldout:65:558,heldout,65,B8,1,9.244446918971011,9.744446918971011,4584.8792320221855,4584.8792320221855,0.5,1.0,1,geant4_sci_bar_dominant_pdg_deuteron_vs_proton,deuteron,25992,2212,104.28473483880143,36.67903385617748,36.67903385617748,12.706984873534147,12.706984873534147,1,1,B2,9169.758464044371,36.67903385617748,36.67903385617748,3.0,6.571306822136763,0,39.31211590694103,1
heldout:65:559,heldout,65,B8,1,6.251005954605824,7.751005954605824,7863.2865378713805,5897.464903403536,1.5,0.75,0,geant4_sci_bar_dominant_pdg_deuteron_vs_proton,proton,6217,2212,166.26140461678244,55.043005765099664,18.089253511102154,7.020282985502025,7.5000358682289505,4,4,B8,13760.751441274917,55.043005765099664,13.760751441274916,3.0,7.636130698959537,0,10.690908175037633,1
heldout:65:560,heldout,65,B2,1,6.9138142249330174,8.413814224933017,7717.726446804615,3858.8632234023075,1.5,0.5,1,geant4_sci_bar_dominant_pdg_deuteron_vs_proton,deuteron,13254,2212,113.17728138020017,46.306358680827685,46.13337716254878,13.679025095505418,13.679713517455632,2,1,B2,11576.589670206922,46.306358680827685,46.306358680827685,0.0,9.28939190180562,0,-1881.072886600538,1
heldout:65:561,heldout,65,B4,1,7.725218970622773,9.225218970622773,10666.666666666666,5333.333333333333,1.5,0.5,1,geant4_sci_bar_dominant_pdg_deuteron_vs_proton,deuteron,8099,2212,65.30115852951482,79.38318939710331,54.74211349928273,10.679777799550278,10.978751074999808,2,2,B4,16000.0,79.38318939710331,39.691594698551654,1.0,8.516885329567392,1,1.958903784152504,1
heldout:65:562,heldout,65,B6,1,9.23612736974358,9.98612736974358,5540.5,5540.5,0.75,1.0,0,geant4_sci_bar_dominant_pdg_deuteron_vs_proton,proton,17118,2212,147.1499623559714,109.98673505972475,25.03905566437946,7.287919051963912,11.585956627916469,7,4,B8,16000.0,109.98673505972475,27.496683764931188,2.0,6.247167662549917,0,-30.153028361686765,1
heldout:65:563,heldout,65,B4,1,5.598580215536422,10.598580215536423,3725.7266181693603,3725.7266181693603,5.0,1.0,1,geant4_sci_bar_dominant_pdg_deuteron_vs_proton,deuteron,5025,2212,121.7308751169619,29.805812945354884,29.805812945354884,14.414526463403329,14.414526463403329,1,1,B2,7451.453236338721,29.805812945354884,29.805812945354884,1.0,8.677332497771648,0,28.699839517872746,1
heldout:65:564,heldout,65,B2,1,5.520397142428345,10.520397142428344,9047.5,2261.875,5.0,0.25,1,geant4_sci_bar_dominant_pdg_deuteron_vs_proton,deuteron,20133,2212,58.13338152626511,64.41976517768735,24.50278676876022,10.396166570971133,10.709981857812897,6,2,B4,16000.0,64.41976517768735,32.209882588843676,0.0,8.323694802994698,0,-22.161812009842876,1
heldout:65:565,heldout,65,B6,1,7.927255581030913,9.427255581030913,4239.557368531128,4239.557368531128,1.5,1.0,0,geant4_sci_bar_dominant_pdg_deuteron_vs_proton,proton,2497,2212,135.63893974061122,33.91645894824902,28.93533706665039,7.580902096629059,7.632252884752358,4,2,B2,8479.114737062257,33.91645894824902,16.95822947412451,2.0,7.444233894896446,0,21.386821483438908,1
heldout:65:566,heldout,65,B4,1,5.224126472276223,11.224126472276222,3785.1628781887903,2838.8721586415927,6.0,0.75,0,geant4_sci_bar_dominant_pdg_deuteron_vs_proton,proton,25897,2212,92.24109730884348,26.496140147321533,25.967350765037867,9.074987800517563,9.137746866715846,2,1,B2,6624.035036830383,26.496140147321533,26.496140147321533,1.0,9.14035626755542,0,-40.28961559255016,1
heldout:65:567,heldout,65,B8,1,5.757867169813705,9.757867169813705,9142.857142857143,6857.142857142857,4.0,0.75,1,geant4_sci_bar_dominant_pdg_deuteron_vs_proton,deuteron,24623,2212,146.20039188872607,92.81551816229268,34.464635523549596,7.295941885648402,12.204278996384843,5,4,B2,16000.0,92.81551816229268,23.20387954057317,3.0,8.865636234495064,0,-60.76977304927896,1
heldout:65:568,heldout,65,B2,1,4.252575108824512,10.252575108824512,10666.666666666668,5333.333333333334,6.0,0.5,1,geant4_sci_bar_dominant_pdg_deuteron_vs_proton,deuteron,14599,2212,77.56510183143949,65.31302853938034,36.07884873949642,10.604211614079581,10.967632593229041,2,1,B2,16000.0,65.31302853938034,65.31302853938034,0.0,8.830544200496258,0,357.9083734891037,1
heldout:65:569,heldout,65,B2,1,6.224763885657779,11.22476388565778,8113.0,4056.5,5.0,0.5,0,geant4_sci_bar_dominant_pdg_deuteron_vs_proton,proton,10072,2212,152.31502789794328,85.28301503584505,41.83382210776318,7.212211617945382,7.8525325735778235,4,4,B8,16000.0,85.28301503584505,21.320753758961263,0.0,6.938745784709828,1,-235.30549214378638,1
heldout:65:570,heldout,65,B4,1,7.354965403205836,9.354965403205835,7780.5,5835.375,2.0,0.75,0,geant4_sci_bar_dominant_pdg_deuteron_vs_proton,proton,13876,2212,104.11234013305943,101.85554185164463,48.20084695308951,8.739370997018547,10.210627828645487,3,2,B4,16000.0,101.85554185164463,50.927770925822315,1.0,8.630719689925611,1,-858.4312027620749,1
heldout:65:571,heldout,65,B4,1,6.3375942309262125,10.337594230926213,8225.02707519119,6168.770306393392,4.0,0.75,1,geant4_sci_bar_dominant_pdg_deuteron_vs_proton,deuteron,20732,2212,54.86062659352539,57.57518952633833,35.593063797647055,10.325557794894973,10.578639130564357,2,2,B4,14393.797381584582,57.57518952633833,28.787594763169164,1.0,10.484495877174638,1,-1399.4860364661856,1
heldout:65:572,heldout,65,B4,1,5.6799529560878455,6.1799529560878455,9142.857142857143,6857.142857142857,0.5,0.75,1,geant4_sci_bar_dominant_pdg_deuteron_vs_proton,deuteron,13181,2212,96.42079139392797,83.18072670654209,35.272733739334655,8.77716513517845,11.404021151720038,3,1,B2,16000.0,83.18072670654209,83.18072670654209,1.0,8.829048494497727,1,-1.0953980392945644,1
heldout:65:573,heldout,65,B2,1,4.524622538783655,9.524622538783655,9119.25,2279.8125,5.0,0.25,0,geant4_sci_bar_dominant_pdg_deuteron_vs_proton,proton,19163,2212,161.61953304875937,57.04417484954275,19.595828131582586,7.02345302884019,7.507211923127997,4,4,B8,14261.043712385686,57.04417484954275,14.261043712385687,0.0,8.262978690352423,0,241.74147845508185,1
heldout:65:574,heldout,65,B4,1,4.672539762497542,10.672539762497543,9854.25,2463.5625,6.0,0.25,0,geant4_sci_bar_dominant_pdg_deuteron_vs_proton,proton,4523,2212,93.55652984000078,77.25560385450925,24.573779958212263,9.029696377262386,11.409912121028748,9,3,B2,16000.0,77.25560385450925,25.751867951503083,1.0,8.842744714588669,0,-42.31563769810663,1
heldout:65:575,heldout,65,B2,1,4.414148635176724,9.414148635176723,6401.058717597873,6401.058717597873,5.0,1.0,0,geant4_sci_bar_dominant_pdg_deuteron_vs_proton,proton,9440,2212,132.27535119073306,51.20846974078298,22.147847064069026,7.732734667228852,8.093631353749771,3,3,B6,12802.117435195745,51.20846974078298,17.069489913594328,0.0,9.234913448363242,0,189.60217249891855,1
heldout:65:576,heldout,65,B4,0,9.823926428373284,,10092.25,0.0,,0.0,0,geant4_sci_bar_dominant_pdg_deuteron_vs_proton,proton,18200,2212,154.38935177158564,91.82295510400652,47.70220280305272,7.132052427712427,7.779750463691219,4,4,B8,16000.0,91.82295510400652,22.95573877600163,1.0,5.448957939489007,0,-68.49090276635084,0
heldout:65:577,heldout,65,B2,0,4.384490268679103,,16000.0,0.0,,0.0,0,geant4_sci_bar_dominant_pdg_deuteron_vs_proton,proton,1948,2212,83.9370344256672,87.87944433707786,45.79582210580583,9.809934056563813,10.632441125203131,2,1,B2,16000.0,87.87944433707786,87.87944433707786,0.0,8.621978397554075,0,348.3923594976132,0
heldout:65:578,heldout,65,B4,0,6.55208955620779,,8769.25,0.0,,0.0,0,geant4_sci_bar_dominant_pdg_deuteron_vs_proton,proton,11688,2212,165.6104239665706,56.62556871116227,19.471700257336824,7.042587906263392,7.529353885711891,4,4,B8,14156.392177790569,56.62556871116227,14.156392177790568,1.0,7.744768768252785,0,-8.477973933892493,0
heldout:65:579,heldout,65,B4,0,11.491411501671246,,5754.0,0.0,,0.0,1,geant4_sci_bar_dominant_pdg_deuteron_vs_proton,deuteron,27964,2212,58.73079556107347,63.747942914312205,41.18356186753887,10.420361953275538,10.689982317630106,2,2,B4,15936.98572857805,63.747942914312205,31.873971457156102,1.0,1.9371619236889184,0,-25.131667363059222,0
heldout:65:580,heldout,65,B4,0,6.621563002712098,,8435.0,0.0,,0.0,1,geant4_sci_bar_dominant_pdg_deuteron_vs_proton,deuteron,22048,2212,55.08294341841363,57.45396626438162,35.00024608978306,10.359974648921236,10.609362410200825,2,2,B4,14363.491566095405,57.45396626438162,28.72698313219081,1.0,6.1933724888050845,0,-29.137654816878687,0
heldout:65:581,heldout,65,B4,0,4.360266689270576,,10937.5,0.0,,0.0,0,geant4_sci_bar_dominant_pdg_deuteron_vs_proton,proton,11417,2212,156.670767090404,72.44093447825463,30.49644041925765,7.104487932109146,7.67252715603839,4,4,B8,16000.0,72.44093447825463,18.110233619563658,1.0,9.530162346661145,1,-1343.1070142306642,0
heldout:65:582,heldout,65,B2,0,10.443171041744396,,8767.556103998648,0.0,,0.0,1,geant4_sci_bar_dominant_pdg_deuteron_vs_proton,deuteron,6532,2212,75.2472633417649,35.070224415994595,35.070224415994595,11.13273079805973,11.13273079805973,1,1,B2,8767.556103998648,35.070224415994595,35.070224415994595,0.0,5.900246844506845,0,-340.2094808055516,0
heldout:65:583,heldout,65,B2,0,6.726796432074613,,13713.54437724899,0.0,,0.0,0,geant4_sci_bar_dominant_pdg_deuteron_vs_proton,proton,4802,2212,140.4295406123559,54.85417750899596,24.762189764112957,7.389881214157935,7.762046776398358,3,3,B6,13713.54437724899,54.85417750899596,18.284725836331987,0.0,6.924604273755816,1,-231.21967272732874,0
heldout:65:584,heldout,65,B6,0,7.260936985638072,,10696.0,0.0,,0.0,1,geant4_sci_bar_dominant_pdg_deuteron_vs_proton,deuteron,22754,2212,60.88694669970341,67.28764574180714,43.74462546843853,10.563887971159405,10.839260835833704,2,2,B4,16000.0,67.28764574180714,33.64382287090357,2.0,6.453264394932514,0,-53.58100230822528,0
heldout:65:585,heldout,65,B4,0,8.745783568467207,,8452.5,0.0,,0.0,1,geant4_sci_bar_dominant_pdg_deuteron_vs_proton,deuteron,29649,2212,146.09798802756967,49.948237153717436,38.15967795892171,7.293656736198065,16.04857530240912,2,1,B2,12487.059288429358,49.948237153717436,49.948237153717436,1.0,4.915606437229883,0,-69.76066558903882,0
heldout:65:586,heldout,65,B6,0,11.300362244694504,,13466.25,0.0,,0.0,0,geant4_sci_bar_dominant_pdg_deuteron_vs_proton,proton,8689,2212,85.9176572507366,91.92298978187256,46.55256969060551,9.644044002839777,10.665169913421623,2,1,B2,16000.0,91.92298978187256,91.92298978187256,2.0,5.427063350381784,0,55.3060334025072,0
heldout:65:587,heldout,65,B6,0,4.053916190403779,,8706.25,0.0,,0.0,0,geant4_sci_bar_dominant_pdg_deuteron_vs_proton,proton,5034,2212,72.3209485751809,80.2254465739683,46.39173923081028,11.005985255216956,11.063213445955254,2,1,B2,16000.0,80.2254465739683,80.2254465739683,2.0,5.958681634767265,0,-102.36721188434042,0
heldout:65:588,heldout,65,B2,0,9.649100233266065,,9563.92536872151,0.0,,0.0,0,geant4_sci_bar_dominant_pdg_deuteron_vs_proton,proton,13326,2212,85.11478970622542,38.25570147488604,38.25570147488604,9.543326448520734,9.543326448520734,1,1,B2,9563.92536872151,38.25570147488604,38.25570147488604,0.0,5.984234523402583,0,-285.7601663505492,0
heldout:65:589,heldout,65,B2,0,10.463299575234949,,9787.75,0.0,,0.0,1,geant4_sci_bar_dominant_pdg_deuteron_vs_proton,deuteron,19276,2212,118.17074006023896,62.31775158605706,62.31775158605706,14.280152951528935,14.280152951528935,1,1,B2,15579.437896514264,62.31775158605706,62.31775158605706,0.0,5.991236122295213,1,-530.8030914354795,0
heldout:65:590,heldout,65,B2,0,11.104164841920397,,15999.999999999998,0.0,,0.0,1,geant4_sci_bar_dominant_pdg_deuteron_vs_proton,deuteron,2711,2212,91.91449565775594,91.68878348621992,63.9652381784019,9.204743028937486,11.234455413170275,2,1,B2,16000.0,91.68878348621992,91.68878348621992,0.0,5.881786197622974,1,-448.2698052782068,0
heldout:65:591,heldout,65,B8,0,4.661317178024776,,11912.25,0.0,,0.0,1,geant4_sci_bar_dominant_pdg_deuteron_vs_proton,deuteron,18592,2212,119.84316842809353,66.17696972671087,30.786046255916453,14.414365661329956,14.520870990759274,3,1,B2,16000.0,66.17696972671087,66.17696972671087,3.0,8.607543919971281,0,-14.249053293104547,0
heldout:65:592,heldout,65,B2,0,5.419202662458632,,12760.075426736277,0.0,,0.0,0,geant4_sci_bar_dominant_pdg_deuteron_vs_proton,proton,28351,2212,133.45328016683277,51.04030170694511,22.042924376154673,7.6261428373494295,7.982325944703413,3,3,B6,12760.075426736277,51.04030170694511,17.013433902315036,0.0,8.223419463579326,1,-588.6945133504641,0
heldout:65:593,heldout,65,B2,0,10.808918084759958,,15996.458742409153,0.0,,0.0,1,geant4_sci_bar_dominant_pdg_deuteron_vs_proton,deuteron,26774,2212,93.62236304427879,63.98583496963661,63.307790546266865,9.083874913155396,12.025151535362502,2,1,B2,15996.458742409153,63.98583496963661,63.98583496963661,0.0,6.022757483749039,1,-46.270763744379565,0
heldout:65:594,heldout,65,B2,0,5.610134789804107,,3859.45926632291,0.0,,0.0,1,geant4_sci_bar_dominant_pdg_deuteron_vs_proton,deuteron,15468,2212,52.020378396991866,15.43783706529164,15.43783706529164,10.300818586246846,10.300818586246846,1,1,B2,3859.45926632291,15.43783706529164,15.43783706529164,0.0,7.953108542487062,0,-463.654680409584,0
heldout:65:595,heldout,65,B2,0,5.98733809390783,,13109.25,0.0,,0.0,0,geant4_sci_bar_dominant_pdg_deuteron_vs_proton,proton,14782,2212,143.015344916727,53.37105149123556,23.39931619879129,7.386932369560459,7.75038481840854,3,3,B6,13342.762872808891,53.37105149123556,17.79035049707852,0.0,7.3316971777980555,1,-492.0873303868281,0
heldout:65:596,heldout,65,B6,0,4.831800021818773,,9892.75,0.0,,0.0,1,geant4_sci_bar_dominant_pdg_deuteron_vs_proton,deuteron,19623,2212,119.46294994350396,65.85946428184506,47.55383818551904,14.4529624628296,14.504383631802316,2,1,B2,16000.0,65.85946428184506,65.85946428184506,2.0,7.794270653723947,0,29.22518188783742,0
heldout:65:597,heldout,65,B8,0,6.752929689631786,,10459.75,0.0,,0.0,0,geant4_sci_bar_dominant_pdg_deuteron_vs_proton,proton,4706,2212,69.26416395135419,85.9353983260605,44.65500864110094,10.763164755981895,10.994920114721845,7,1,B2,16000.0,85.9353983260605,85.9353983260605,3.0,8.176193833861248,0,-18.256759383917604,0
heldout:65:598,heldout,65,B2,0,8.868975850132696,,7414.75,0.0,,0.0,1,geant4_sci_bar_dominant_pdg_deuteron_vs_proton,deuteron,19188,2212,121.57460786772421,66.30914176637042,66.30914176637042,14.420328370532923,14.420328370532923,1,1,B2,16000.0,66.30914176637042,66.30914176637042,0.0,5.3566819887090436,1,-841.6082819089406,0
heldout:65:599,heldout,65,B4,0,4.7152484707250855,,10129.0,0.0,,0.0,1,geant4_sci_bar_dominant_pdg_deuteron_vs_proton,deuteron,29294,2212,64.23398713238738,71.94126967144241,48.10384893132321,10.595085067329476,10.883965194710717,3,2,B4,16000.0,71.94126967144241,35.97063483572121,1.0,8.227363268329485,0,106.50028790797992,0
heldout:65:600,heldout,65,B8,0,8.93559748003755,,11607.8366439978,0.0,,0.0,1,geant4_sci_bar_dominant_pdg_deuteron_vs_proton,deuteron,7252,2212,115.51537214206715,46.4313465759912,46.4313465759912,13.68482111041602,13.68482111041602,1,1,B2,11607.8366439978,46.4313465759912,46.4313465759912,3.0,6.729123488503884,0,16.425700313421913,0
heldout:65:601,heldout,65,B6,0,5.135962887499353,,7999.25,0.0,,0.0,1,geant4_sci_bar_dominant_pdg_deuteron_vs_proton,deuteron,8866,2212,80.31854201952346,74.76366476136016,38.498752458848905,9.880054871419066,10.636074563441571,6,1,B2,16000.0,74.76366476136016,74.76366476136016,2.0,8.29150201560869,0,-53.40964677015553,0
heldout:65:602,heldout,65,B8,0,7.855090816315491,,12169.5,0.0,,0.0,1,geant4_sci_bar_dominant_pdg_deuteron_vs_proton,deuteron,15093,2212,100.37527126373345,116.6207989736953,50.41229858002991,8.748012036661766,10.668595357528684,3,2,B2,16000.0,116.6207989736953,58.31039948684765,3.0,7.162647215293526,0,24.799870733547685,0
heldout:65:603,heldout,65,B8,0,6.604329095335011,,12859.0,0.0,,0.0,1,geant4_sci_bar_dominant_pdg_deuteron_vs_proton,deuteron,28307,2212,65.76088382244654,74.47802512382687,51.32347825030758,10.655726751574445,10.952104985621814,2,2,B4,16000.0,74.47802512382687,37.239012561913434,3.0,7.376535703014339,0,2.311521101171543,0
heldout:65:604,heldout,65,B6,0,8.185919098148698,,3456.2146916301504,0.0,,0.0,0,geant4_sci_bar_dominant_pdg_deuteron_vs_proton,proton,15847,2212,126.14808172107256,13.8248587665206,13.516787367514693,7.88449813899659,7.8912256361739,2,2,B2,3456.2146916301504,13.8248587665206,6.9124293832603,2.0,6.181129330819543,0,-33.63039719848082,0
heldout:65:605,heldout,65,B8,0,6.192285881542893,,7773.5,0.0,,0.0,1,geant4_sci_bar_dominant_pdg_deuteron_vs_proton,deuteron,23940,2212,86.26574530027766,76.41960543915388,43.247211098448915,9.371969565994194,10.656428780748351,2,1,B2,16000.0,76.41960543915388,76.41960543915388,3.0,6.667757621268654,0,-10.326083333648082,0
heldout:65:606,heldout,65,B2,0,9.725244830415068,,13722.932193108796,0.0,,0.0,0,geant4_sci_bar_dominant_pdg_deuteron_vs_proton,proton,4405,2212,165.22770024958237,54.89172877243519,17.70036462056994,6.987183221419433,7.460089307371636,4,4,B8,13722.932193108796,54.89172877243519,13.722932193108797,0.0,6.20963229124134,1,-222.4065976562729,0
heldout:65:607,heldout,65,B8,0,4.4381624738420395,,8582.914216460098,0.0,,0.0,1,geant4_sci_bar_dominant_pdg_deuteron_vs_proton,deuteron,6258,2212,103.15648344838863,34.331656865840394,34.331656865840394,12.465329525063094,12.465329525063094,1,1,B2,8582.914216460098,34.331656865840394,34.331656865840394,3.0,8.174452984735794,0,-37.55304721940607,0
heldout:65:608,heldout,65,B2,0,5.294772737112405,,7762.396181176599,0.0,,0.0,1,geant4_sci_bar_dominant_pdg_deuteron_vs_proton,deuteron,13472,2212,70.02852132040584,31.0495847247064,31.0495847247064,10.868143477788777,10.868143477788777,1,1,B2,7762.396181176599,31.0495847247064,31.0495847247064,0.0,8.797757768216336,0,-526.8135017056043,0
heldout:65:609,heldout,65,B6,0,7.429473883295073,,5549.25,0.0,,0.0,1,geant4_sci_bar_dominant_pdg_deuteron_vs_proton,deuteron,17430,2212,57.85554099415901,90.49378143749266,22.51047226990117,10.428143554352895,10.825431720992865,5,2,B2,16000.0,90.49378143749266,45.24689071874633,2.0,6.18014857915731,0,3.6382949688590847,0
heldout:65:610,heldout,65,B6,0,9.21541499611669,,6819.75,0.0,,0.0,0,geant4_sci_bar_dominant_pdg_deuteron_vs_proton,proton,11453,2212,140.41088199614677,53.59089201809448,24.594811257126143,7.391412678554054,7.763740823839726,3,3,B6,13397.72300452362,53.59089201809448,17.86363067269816,2.0,5.933579877684336,0,57.06267798688438,0
heldout:65:611,heldout,65,B4,0,5.3559551653023645,,10657.5,0.0,,0.0,1,geant4_sci_bar_dominant_pdg_deuteron_vs_proton,deuteron,1450,2212,80.99055942317,78.72319523073224,39.74828659123243,9.987938265781546,10.744336077183926,2,1,B2,16000.0,78.72319523073224,78.72319523073224,1.0,10.366410057961144,0,-848.5905510434645,0
heldout:65:612,heldout,65,B2,0,10.861484695105354,,9861.340591822527,0.0,,0.0,1,geant4_sci_bar_dominant_pdg_deuteron_vs_proton,deuteron,26433,2212,109.2080019276993,39.44536236729011,38.24582872261571,8.44297905557103,12.800383403815529,2,1,B2,9861.340591822527,39.44536236729011,39.44536236729011,0.0,4.7308532614810614,0,-5.977885038065004,0
heldout:65:613,heldout,65,B2,0,6.109966930886223,,13050.896051496462,0.0,,0.0,0,geant4_sci_bar_dominant_pdg_deuteron_vs_proton,proton,17845,2212,141.92293624025686,52.20358420598585,23.298142581918526,7.390962608500536,7.7555463723771325,3,3,B6,13050.896051496462,52.20358420598585,17.401194735328616,0.0,8.525176986056323,1,-339.17584947183536,0
heldout:65:614,heldout,65,B2,0,8.7814970806733,,15715.0,0.0,,0.0,1,geant4_sci_bar_dominant_pdg_deuteron_vs_proton,deuteron,15590,2212,121.776662877298,65.85628337778884,65.85628337778884,14.428488121159264,14.428488121159264,1,1,B2,16000.0,65.85628337778884,65.85628337778884,0.0,6.398871865255646,1,-77.82636303855854,0
heldout:65:615,heldout,65,B2,0,4.744884524843799,,9787.75,0.0,,0.0,0,geant4_sci_bar_dominant_pdg_deuteron_vs_proton,proton,15485,2212,158.2396958560271,63.255570742158405,35.7066650390625,7.066454368814596,7.312289741906464,5,2,B4,15813.8926855396,63.255570742158405,31.627785371079202,0.0,4.914337413162935,0,21.485152841150928,0
heldout:65:616,heldout,65,B2,0,6.0509085322934935,,9577.75,0.0,,0.0,0,geant4_sci_bar_dominant_pdg_deuteron_vs_proton,proton,2509,2212,156.6643499249812,81.72087401380239,37.77950314453161,7.089613792209808,7.694465247366716,4,4,B8,16000.0,81.72087401380239,20.430218503450597,0.0,7.032893893006788,0,-158.36341703635895,0
heldout:65:617,heldout,65,B4,0,6.152638140624486,,6069.0,0.0,,0.0,0,geant4_sci_bar_dominant_pdg_deuteron_vs_proton,proton,23442,2212,169.94932783489787,36.46019796029465,12.974468576683664,6.98447811506065,7.268572951938783,3,3,B4,9115.049490073663,36.46019796029465,12.153399320098217,1.0,10.123781188519846,0,-1356.5453026902865,0
heldout:65:618,heldout,65,B8,0,9.367246556987858,,8191.75,0.0,,0.0,1,geant4_sci_bar_dominant_pdg_deuteron_vs_proton,deuteron,16382,2212,96.10774472490311,120.53480544352777,60.32734618177374,8.867180980669652,10.664187624197758,3,2,B2,16000.0,120.53480544352777,60.26740272176389,3.0,5.896355522602249,0,-53.84312141332106,0
heldout:65:619,heldout,65,B4,0,7.099340991744902,,7005.25,0.0,,0.0,0,geant4_sci_bar_dominant_pdg_deuteron_vs_proton,proton,28587,2212,158.8375411908736,71.21172400501521,28.621865130426315,7.092711234153842,7.651124024072473,4,4,B8,16000.0,71.21172400501521,17.802931001253803,1.0,10.203577672263387,1,-1874.6686441582042,0
heldout:65:620,heldout,65,B6,0,7.45796115520144,,9108.75,0.0,,0.0,1,geant4_sci_bar_dominant_pdg_deuteron_vs_proton,deuteron,15441,2212,67.0281937939691,87.09190625876533,63.07457203525901,10.65063246513606,10.966522544984498,2,2,B4,16000.0,87.09190625876533,43.54595312938267,2.0,7.208221183437948,0,48.345483599627414,0
heldout:65:621,heldout,65,B2,0,7.182001954154012,,8436.75,0.0,,0.0,1,geant4_sci_bar_dominant_pdg_deuteron_vs_proton,deuteron,7077,2212,51.32929004539285,54.977323037918715,33.13944607421527,10.21598507214888,10.460641358597279,2,2,B4,13744.330759479679,54.977323037918715,27.488661518959358,0.0,9.900933624136071,1,-1949.2268413336478,0
heldout:65:622,heldout,65,B4,0,9.181606860295844,,13762.259810561125,0.0,,0.0,0,geant4_sci_bar_dominant_pdg_deuteron_vs_proton,proton,5168,2212,129.85977604965404,55.0490392422445,25.677894840429843,7.753066505313258,8.136734426621866,3,3,B6,13762.259810561125,55.0490392422445,18.349679747414832,1.0,6.510989836123143,0,-47.56808110298357,0
heldout:65:623,heldout,65,B6,0,7.941943468189711,,10640.0,0.0,,0.0,1,geant4_sci_bar_dominant_pdg_deuteron_vs_proton,deuteron,6768,2212,66.33218097886908,98.70289145571738,52.71210401681238,10.684197749269183,11.467416024825399,3,2,B4,16000.0,98.70289145571738,49.35144572785869,2.0,6.351578953367592,0,-23.684028007461706,0
heldout:65:624,heldout,65,B6,0,9.702785544717432,,8205.912997564246,0.0,,0.0,1,geant4_sci_bar_dominant_pdg_deuteron_vs_proton,deuteron,13951,2212,94.24388573090859,32.823651990256984,32.823651990256984,14.060503524093019,14.060503524093019,1,1,B8,8205.912997564246,32.823651990256984,32.823651990256984,2.0,5.965208881399546,0,-54.88519869785165,0
heldout:65:625,heldout,65,B8,0,4.119204331585525,,6707.75,0.0,,0.0,0,geant4_sci_bar_dominant_pdg_deuteron_vs_proton,proton,12752,2212,143.3165027545473,52.90632237617911,24.373679991736804,7.405928998127092,7.776452462395282,3,3,B6,13226.580594044777,52.90632237617911,17.635440792059704,3.0,5.6477046628410035,0,39.73190991112318,0
heldout:65:626,heldout,65,B4,0,6.854439261291457,,11247.25,0.0,,0.0,1,geant4_sci_bar_dominant_pdg_deuteron_vs_proton,deuteron,28013,2212,93.48555832045652,74.03404816376691,60.65956192688789,9.179349120235976,11.678732026668465,3,1,B2,16000.0,74.03404816376691,74.03404816376691,1.0,7.788201699702148,0,50.22832451917545,0
heldout:65:627,heldout,65,B6,0,8.26395253117375,,8706.25,0.0,,0.0,0,geant4_sci_bar_dominant_pdg_deuteron_vs_proton,proton,6362,2212,150.6251252943804,50.76480465208134,14.364951073867896,7.219745041859037,7.610592864972954,7,3,B6,12691.201163020334,50.76480465208134,16.92160155069378,2.0,8.40086245796033,1,-874.7396765342602,0
heldout:65:628,heldout,65,B4,0,8.717964824636,,8435.0,0.0,,0.0,0,geant4_sci_bar_dominant_pdg_deuteron_vs_proton,proton,10764,2212,153.93752867317352,90.13738084771305,47.31754394888921,7.157414498945662,7.817237644577887,4,4,B8,16000.0,90.13738084771305,22.53434521192826,1.0,9.258561981448091,1,-1295.6723209948236,0
heldout:65:629,heldout,65,B4,0,6.820290643982711,,5260.018036167901,0.0,,0.0,0,geant4_sci_bar_dominant_pdg_deuteron_vs_proton,proton,1351,2212,129.23249399489393,21.040072144671605,13.044074330832814,7.788024326168037,7.901309907838882,3,2,B2,5260.018036167901,21.040072144671605,10.520036072335802,1.0,6.905687989123504,0,-28.057019994784625,0
heldout:65:630,heldout,65,B4,0,6.095445954544492,,10372.947236354457,0.0,,0.0,1,geant4_sci_bar_dominant_pdg_deuteron_vs_proton,deuteron,8169,2212,110.78667447763262,41.49178894541783,41.49178894541783,13.21125412929148,13.21125412929148,1,1,B2,10372.947236354457,41.49178894541783,41.49178894541783,1.0,6.652495892121443,0,-129.90540609954996,0
heldout:65:631,heldout,65,B6,0,6.806857126504846,,6597.5,0.0,,0.0,0,geant4_sci_bar_dominant_pdg_deuteron_vs_proton,proton,4822,2212,106.00517338560498,100.8321041993195,44.4195772516492,8.664891713811574,10.469207867331281,3,2,B4,16000.0,100.8321041993195,50.41605209965975,2.0,6.526804955996719,0,32.55269740884172,0
heldout:65:632,heldout,65,B8,0,8.34585478271044,,8869.0,0.0,,0.0,0,geant4_sci_bar_dominant_pdg_deuteron_vs_proton,proton,6825,2212,153.05110690814257,90.28797911170886,45.47929426538749,7.152366145091363,7.796780976006943,4,4,B8,16000.0,90.28797911170886,22.571994777927216,3.0,6.562969127033417,0,44.86591925684752,0
heldout:65:633,heldout,65,B6,0,4.1936377256854795,,10640.0,0.0,,0.0,1,geant4_sci_bar_dominant_pdg_deuteron_vs_proton,deuteron,27488,2212,81.1241247529998,79.32943631485281,40.129071455774046,10.072537372669114,10.763753887075705,2,1,B2,16000.0,79.32943631485281,79.32943631485281,2.0,8.450071413832088,0,50.743468250695514,0
heldout:65:634,heldout,65,B6,0,9.661871323070212,,8517.25,0.0,,0.0,0,geant4_sci_bar_dominant_pdg_deuteron_vs_proton,proton,3247,2212,70.78287642509031,77.55226148431728,45.93283358434075,10.64723419724729,10.763287703772162,2,1,B2,16000.0,77.55226148431728,77.55226148431728,2.0,5.516524131458178,0,31.543627818850247,0
heldout:65:635,heldout,65,B4,0,7.030610991942265,,8435.0,0.0,,0.0,0,geant4_sci_bar_dominant_pdg_deuteron_vs_proton,proton,15474,2212,153.67605565395633,89.38718941498506,44.17157112347431,7.165824257723676,7.807138193713623,4,4,B8,16000.0,89.38718941498506,22.346797353746265,1.0,6.017616551416476,0,13.985074585524242,0
heldout:65:636,heldout,65,B4,0,10.618488085619717,,6765.5,0.0,,0.0,0,geant4_sci_bar_dominant_pdg_deuteron_vs_proton,proton,4660,2212,153.4410611345122,90.99313661611755,47.25352814807795,7.1027243250767205,7.754792035286733,6,4,B8,16000.0,90.99313661611755,22.74828415402939,1.0,3.778567281491026,0,-60.029326589016435,0
heldout:65:637,heldout,65,B2,0,8.008174558644964,,955.3499999999999,0.0,,0.0,0,geant4_sci_bar_dominant_pdg_deuteron_vs_proton,proton,505,2212,124.41835207191487,1.5443511850562317,1.5443511850562317,7.999177848602162,7.999177848602162,1,1,B2,600.0,1.5443511850562317,1.5443511850562317,0.0,4.317754228862469,0,-92.91676355193479,0
heldout:65:638,heldout,65,B6,0,9.754271940902917,,6804.0,0.0,,0.0,0,geant4_sci_bar_dominant_pdg_deuteron_vs_proton,proton,14893,2212,82.35991635075183,81.21029625091519,40.55734321091489,9.563934931099237,10.479807892872133,3,1,B2,16000.0,81.21029625091519,81.21029625091519,2.0,5.656591572968461,0,-48.630689014967345,0
heldout:65:639,heldout,65,B8,0,10.781606260721333,,13382.25,0.0,,0.0,1,geant4_sci_bar_dominant_pdg_deuteron_vs_proton,deuteron,27330,2212,69.68305660740053,86.76112330063809,62.3440394147794,10.796824382906896,11.113719422704827,2,2,B4,16000.0,86.76112330063809,43.380561650319045,3.0,4.96125770537594,1,-35.70969094154014,0
