alpha,cv_rmse_ns_mean,cv_rmse_ns_std,note,sample,best_alpha
0.001,2.255660730596201,1.196911370760644,run-group CV,sample_iii_analysis,100.0
0.01,2.255656380774341,1.1969161206424517,run-group CV,sample_iii_analysis,100.0
0.1,2.2556129412332053,1.1969635651514567,run-group CV,sample_iii_analysis,100.0
1.0,2.2551843493379513,1.1974326331919996,run-group CV,sample_iii_analysis,100.0
10.0,2.251420451659359,1.2016348323025339,run-group CV,sample_iii_analysis,100.0
100.0,2.237486560787631,1.2198777168960708,run-group CV,sample_iii_analysis,100.0
1.0,,,single calibration run; run-group CV not possible,sample_iv_analysis,1.0
