sample,p01c_cfd_delta_ns,rerun_cfd20_delta_ns,template_phase_delta_ns,of_5_13_delta_ns,non_cfd_methods_negative,interpretation
5,-2.0248881884598737,-2.024884487011433,0.25,0.2419295377349866,0,likely_cfd_interpolation_artifact
6,-0.9299359135842327,-0.9299347512936595,-0.26393484163283887,-0.3602377548980691,2,likely_real_smoothing_robustness
7,-0.22063951665163106,-0.22064299160242173,3.552713678800501e-15,0.09503231712341442,0,likely_cfd_interpolation_artifact
8,-0.14953010608911432,-0.14953069021463294,0.25,-0.004677200317381391,1,mixed_template_of_response
