{
  "ticket_id": "1781020221.1052.43e50762",
  "study_id": "S05d",
  "verdict": "correlated_floor_estimated_with_no_detected_leakage",
  "reproduction_pass": true,
  "primary_metric": "correlated_floor_sigma_ns",
  "traditional_template_phase": {
    "method": "traditional_template_phase",
    "n_pair_residuals": 21528,
    "n_enddiffs": 47724,
    "twoended_pair_sigma68_ns": 2.3547583123605946,
    "twoended_pair_full_rms_ns": 3.009290262454176,
    "tail_frac_abs_gt5ns": 0.04431438127090301,
    "mean_enddiff_sigma68_ns": 0.5795661889304066,
    "correlated_floor_sigma_ns": 0.5836257169006646,
    "correlated_floor_min_pair_sigma_ns": 0.5637880614991166,
    "correlated_floor_max_pair_sigma_ns": 0.7222498024834343,
    "correlated_floor_sigma_ns_ci_low": 0.46512776441802517,
    "correlated_floor_sigma_ns_ci_high": 0.7170947267316953,
    "twoended_pair_sigma68_ns_ci_low": 2.0674572189189213,
    "twoended_pair_sigma68_ns_ci_high": 2.4892915424364226
  },
  "ml_single_endpoint_proxy": {
    "method": "ml_single_endpoint_proxy",
    "n_pair_residuals": 21528,
    "n_enddiffs": 47724,
    "twoended_pair_sigma68_ns": 2.277563048912793,
    "twoended_pair_full_rms_ns": 2.8035724970059346,
    "tail_frac_abs_gt5ns": 0.03692865105908584,
    "mean_enddiff_sigma68_ns": 1.0230451879481284,
    "correlated_floor_sigma_ns": 0.5420187567409718,
    "correlated_floor_min_pair_sigma_ns": 0.22096837622137147,
    "correlated_floor_max_pair_sigma_ns": 0.5620904289961595,
    "correlated_floor_sigma_ns_ci_low": 0.3680937468911877,
    "correlated_floor_sigma_ns_ci_high": 0.5908302902151046,
    "twoended_pair_sigma68_ns_ci_low": 2.1497812469100026,
    "twoended_pair_sigma68_ns_ci_high": 2.3759888847381294
  },
  "ml_shuffled_target_control": {
    "method": "ml_shuffled_target_control",
    "n_pair_residuals": 21528,
    "n_enddiffs": 47724,
    "twoended_pair_sigma68_ns": 2.9253430966218454,
    "twoended_pair_full_rms_ns": 6.7411607478456,
    "tail_frac_abs_gt5ns": 0.07102378298030472,
    "mean_enddiff_sigma68_ns": 2.3379740890070533,
    "correlated_floor_sigma_ns": 0.7225137228183002,
    "correlated_floor_min_pair_sigma_ns": 0.0,
    "correlated_floor_max_pair_sigma_ns": 0.9899683813150105,
    "correlated_floor_sigma_ns_ci_low": 0.6513062013878066,
    "correlated_floor_sigma_ns_ci_high": 0.8463954008437118,
    "twoended_pair_sigma68_ns_ci_low": 2.843940052488799,
    "twoended_pair_sigma68_ns_ci_high": 3.000296851908247
  },
  "n_analysis_endpoint_rows": 95448,
  "analysis_runs": [
    44,
    45,
    46,
    47,
    48,
    49,
    50,
    51,
    52,
    53,
    54,
    55,
    56,
    57,
    58,
    59,
    60,
    61,
    62,
    63,
    65
  ],
  "leak_flags": 0,
  "input_sha256": {
    "data/root/root/hrdb_run_0031.root": "9921aa75c062d0b8994573299a201cbe2725673319fdf1b8cffb711fb9adcea7",
    "data/root/root/hrdb_run_0032.root": "649983bf173352b638bf57c099dc92741b70483feba8981172b26319fc9047ff",
    "data/root/root/hrdb_run_0033.root": "1b8f1dcda0e53b8c7b702f00801555f6d317a87bed8efef6d228b49146dbf973",
    "data/root/root/hrdb_run_0034.root": "69ef29a8d879aaa908ab4a076c82b3d10ac7b3e2622e491e017eb368290bdf51",
    "data/root/root/hrdb_run_0035.root": "a6e08e36ab103e76b53741b55ea7cd3e648d1800508d6144b96ab80820e156ea",
    "data/root/root/hrdb_run_0036.root": "1160bee157e233eb63421597b415f1aaf4dea2c1e7e4a804836c487704852fee",
    "data/root/root/hrdb_run_0037.root": "6bcebe85c0b1e38a42cc326cbcdc2107ccaee877372bffd537ce71baa1b22fd3",
    "data/root/root/hrdb_run_0039.root": "b875c8d45a62a39933d7d4648518040a645629e6fb60c9111a7d05c4d982c568",
    "data/root/root/hrdb_run_0040.root": "0d4ebb2f14673aea000c454fd8a4be2c56d6028c31e26a82c1ecd85578128f17",
    "data/root/root/hrdb_run_0041.root": "72f7a53810bcc4858c2d56e64bdc3bcbb94b9f8e34d35b79c202a77328eb8010",
    "data/root/root/hrdb_run_0042.root": "b941a6a777414912a0db865a87f68370accf916348340d2249972018f2e61898",
    "data/root/root/hrdb_run_0044.root": "0ac6d667ebf7c1b47d037dde649e5977cdc6012d80abb6a311516bc67d03ad50",
    "data/root/root/hrdb_run_0045.root": "b7bf2921edc3f776390cf50efe6901cb99f9807d7ae04ab5d8925348b74eb96b",
    "data/root/root/hrdb_run_0046.root": "7a1f8b5c0e478739401425f3e80bb5469433064137ccbd30266f8e42da135bf3",
    "data/root/root/hrdb_run_0047.root": "f73d9328de01147826d0c142caa38baa7d6577ce88b6c6566b57039919015bc3",
    "data/root/root/hrdb_run_0048.root": "73de7b2c54394585869fce573aeeae1075af130741524484dd79a6823183eaf8",
    "data/root/root/hrdb_run_0049.root": "78de20d813d501dfc9881ec9ee7e8297a9c26929d6ed71400238ca4f29664744",
    "data/root/root/hrdb_run_0050.root": "5fa46e1f0ab4eb605501ccf952bfca46eb46be2dffd66672beadd01305dfe799",
    "data/root/root/hrdb_run_0051.root": "6ffc099d12f495df759033caef8c53c05aa24acada928392afe796f3a72c011e",
    "data/root/root/hrdb_run_0052.root": "3305bb0a1604afe6c83783d0e5d576d729c217c203eedf3bc44f304dab5fe0af",
    "data/root/root/hrdb_run_0053.root": "62307716ee4b31dc7ab0b114401e684508d6f18beb59721a50a9aeddf4feb43c",
    "data/root/root/hrdb_run_0054.root": "445650d124d7758e8d3a69d2c3e215e9b95f3acccc213fd9c14bbabacc763e5c",
    "data/root/root/hrdb_run_0055.root": "134da5c9a3acb056d5bbed66f057110c506c43d3e0524936906002e56d74007c",
    "data/root/root/hrdb_run_0056.root": "4f99f5168a4c02c6d6c2984a53ce979dbfce7ce2790fed220d6957194135d3cb",
    "data/root/root/hrdb_run_0057.root": "ed7c738068ecb1f6b71ce76da170fc280262a84571fe2ba6129e5015b0b4de16",
    "data/root/root/hrdb_run_0058.root": "d2324f6ffa4c05b387c18ff8b48b8589592a1bb9e30d9b3c67d7f5f3f1fe39a1",
    "data/root/root/hrdb_run_0059.root": "64fced477c9c45f9726cde0d466c15a6d776b8bb1b22a0043510dc73c884ae0e",
    "data/root/root/hrdb_run_0060.root": "f466b5af260d9fadba426280f6313bac1381c1441c569c7094a8a9d61373030d",
    "data/root/root/hrdb_run_0061.root": "c57d1f18f79f11fb0d3a0bbbf42f978cff1ec704dc08337c600c17354099d61d",
    "data/root/root/hrdb_run_0062.root": "2530c56acb462473c6b5c316c0689491ec044f01a8c623624eebafbd271fdfbe",
    "data/root/root/hrdb_run_0063.root": "3fd42501e2c53a914b535616bc7bb7b8fb5554cd4f46d890023db6877a720a53",
    "data/root/root/hrdb_run_0064.root": "e6661362dc89d934f42d1fa177bcb99e9c89e294b2f157a09ec1df4e50c89252",
    "data/root/root/hrdb_run_0065.root": "fd443fd416e8e64b25f4358754c1cc7042a8c3b61c5a13fd82276873807e07bb"
  },
  "runtime_s": 408.0193974971771
}