method,n_pair_residuals,n_events,n_runs,median_ns,sigma68_ns,full_rms_ns,tail_frac_abs_gt5ns,mae_ns,sigma68_ci_low,sigma68_ci_high,tail_ci_low,tail_ci_high,mae_ci_low,mae_ci_high
raw_cfd20,750,250,4,-3.089604531139617,3.1102719146633393,5.655888249564855,0.06533333333333333,2.803779621640116,2.9614888263267614,3.2904235588461592,0.04479418795756761,0.09025041991143685,2.3518240452496295,3.563980501849691
traditional_ridge_lowering,750,250,4,-2.9077302583803624,3.060063410196687,5.304562147827413,0.06933333333333333,2.7677693990800702,2.881334876598782,3.2413281761553674,0.04807692307692308,0.09918803418803415,2.3252099124197922,3.5048899908105424
ml_rf_lowering,750,250,4,-3.157109205981276,2.9301140703144557,5.251790464761119,0.06133333333333333,2.6235998335373503,2.7903483425914772,3.0726173374764802,0.04057971014492753,0.09102962962962961,2.157795920119723,3.2948003559871424
ml_shuffled_target_control,750,250,4,-2.9183217436381406,3.211267099325233,5.7096143842139675,0.088,2.9155134701307905,3.0635231728901835,3.455057595544283,0.058644817623690865,0.11304981528515352,2.4485982388761194,3.6190542382862954
ml_intentional_residual_oracle,750,250,4,-4.218067292108923,2.568795348787759,4.2345660138375685,0.013333333333333334,2.04030465302599,2.566281372654541,2.5707668912066226,0.0,0.02848819535920558,1.714179963375986,2.50739822998818
