g4_entry,primary_pdg,primary_ekin_mev,primary_time_ns,truth_stave,truth_layer,pid_label,pid_name,dominant_pdg,g4_total_edep_mev,g4_dominant_edep_mev,g4_first_time_ns,g4_energy_weighted_time_ns,g4_n_sci_hits,g4_n_bstack_layers,g4_track_length_sum_mm
25022,2212,163.31719129229177,0.0,B8,6,0,proton,2212,54.74134618116905,17.79454593861594,7.0551675774347835,7.53116428866572,4,4,470.75168428662994
1281,2212,56.327349137852366,0.0,B4,2,1,deuteron,1000010020,60.482203312135326,37.94388020517104,10.33515271154051,10.594868288052336,2,2,226.00257497976287
11447,2212,118.3629961999385,0.0,B2,0,1,deuteron,1000010020,51.80879747348387,51.80879747348387,14.042141535869412,14.042141535869414,1,1,111.6730451562509
23036,2212,89.67509338671682,0.0,B2,0,1,deuteron,1000010020,52.143402990984804,52.143402990984804,11.824614247842892,11.824614247842892,1,1,108.70286797820108
17276,2212,165.0359796011877,0.0,B8,6,0,proton,2212,55.10149722630413,18.23365356185883,7.01341478751916,7.488616805772291,4,4,470.55713314693224
3139,2212,65.70468661238218,0.0,B4,2,1,deuteron,1000010020,77.80265549587935,54.15812013129743,10.59388635864184,10.895592884109176,2,2,223.54163659298138
14593,2212,119.62875822574934,0.0,B2,0,1,deuteron,1000010020,57.92962235636933,57.92962235636933,14.285141499526981,14.285141499526981,1,1,111.29203378865277
203,2212,74.6979853721174,0.0,B2,0,0,proton,2212,38.88887108212659,38.88887108212659,10.7377545412511,10.7377545412511,1,1,110.322417904888
8000,2212,83.87204146586095,0.0,B2,0,1,deuteron,1000010020,80.18394151326285,41.305992762341376,9.571029079942443,10.585248353469522,3,1,218.53727919357854
24088,2212,146.8845384787365,0.0,B2,0,1,deuteron,1000010020,107.89827382574364,37.99882133915353,7.295492736292672,11.661809488789421,5,4,575.0940456528225
10026,2212,140.7666254574687,0.0,B6,4,0,proton,2212,54.86927499733024,25.211662402645747,7.467814036459328,7.8463786763357035,3,3,343.1159532472631
17022,2212,165.18035936734668,0.0,B8,6,0,proton,2212,55.69746575800627,17.973336341469015,7.011704744795176,7.478853112438245,4,4,471.4623158024283
12415,2212,75.36716641731607,0.0,B2,0,1,deuteron,1000010020,64.42530843373206,34.13644650045725,10.378836335824632,10.790320263559192,2,1,219.7420812248023
20726,2212,111.53633980272137,0.0,B2,0,1,deuteron,1000010020,44.109997616532645,44.109997616532645,13.432044503110953,13.432044503110955,1,1,110.68604719631477
9904,2212,126.02858671921867,0.0,B2,0,0,proton,2212,53.08805294110762,45.74573898315431,7.915797350376498,7.945777783813814,4,1,112.28675486702494
22078,2212,127.67543551789021,0.0,B6,4,0,proton,2212,55.38613164758923,25.912318181304485,7.868313015034695,8.258376145231658,3,3,349.28970860937125
22026,2212,144.20952221403897,0.0,B2,0,1,deuteron,1000010020,103.68255594755031,39.824796692257536,7.3540963655760745,11.888645446905747,5,4,575.27165908892
28522,2212,84.77289880520513,0.0,B2,0,1,deuteron,1000010020,67.25747675296586,41.88063096490639,9.625202886732525,10.840643407936355,5,1,218.7535448102956
11248,2212,139.20619330250042,0.0,B6,4,0,proton,2212,59.49121651293014,23.724182960394828,7.518181209680464,7.9280461693361515,4,3,344.06036919421047
2924,2212,64.85140977013936,0.0,B4,2,1,deuteron,1000010020,109.04867572294845,61.300268639827834,10.644444989314959,11.467745318403495,3,2,336.7553660702466
25681,2212,142.06955796212821,0.0,B6,4,0,proton,2212,52.20136126395761,23.616062115509905,7.368288332513072,7.733079289261752,3,3,340.7667037511462
14744,2212,104.181568741134,0.0,B4,2,0,proton,2212,100.12273544952082,43.779741007395096,8.762085449792878,10.479508816016061,3,2,336.66603436651087
15032,2212,106.52333103575559,0.0,B4,2,0,proton,2212,84.04344933068954,23.201885814995784,8.539827228365914,10.963499953407487,8,2,338.90873259761605
23833,2212,60.21453740974938,0.0,B2,0,1,deuteron,1000010020,59.2442356048665,22.41028899418928,10.44013460165677,10.82587195469352,10,3,225.32353899301322
20083,2212,63.21908213419092,0.0,B4,2,1,deuteron,1000010020,66.63395418294095,43.221507673793205,10.474563345164075,10.74917566535468,2,2,224.04941635993484
513,2212,150.22645940007752,0.0,B8,6,0,proton,2212,83.71510683334091,37.019611511267044,7.196236957472741,7.816412250521447,4,4,463.10168864179457
8178,2212,64.66896366557386,0.0,B4,2,1,deuteron,1000010020,74.18550751067869,50.10778739745281,10.68945740516035,10.982293810341726,3,2,226.27486788410135
7675,2212,158.53129553797416,0.0,B8,6,0,proton,2212,65.66577839252733,24.017923356535153,7.096553187176384,7.647291232172871,4,4,344.8064510159369
444,2212,86.5466071739783,0.0,B2,0,1,deuteron,1000010020,81.5041576005907,45.65745764538895,9.510563103619546,10.719085481350904,2,1,218.72583951052832
26044,2212,166.87932895495794,0.0,B6,4,0,proton,2212,57.844886767164894,13.675108244185976,6.984401130244401,7.510580899323265,8,4,472.2757888541089
22390,2212,150.3764246673293,0.0,B4,2,0,proton,2212,101.83744963141078,46.7758654208658,7.220130716416251,7.43144743852758,6,2,115.03033929007792
6385,2212,165.73172875861138,0.0,B8,6,0,proton,2212,56.94698977299862,19.249414472611193,7.000530925221253,7.479896454351536,4,4,471.2300078417381
4403,2212,58.95516516675115,0.0,B4,2,1,deuteron,1000010020,61.53415664057195,39.06102663523166,10.446616393552162,10.711801526289026,2,2,226.37615608082098
19864,2212,83.65477707347917,0.0,B2,0,0,proton,2212,88.37875457479592,45.34534863693184,9.837340809386331,10.65474427646882,2,1,218.92264172384176
28889,2212,132.40067660921093,0.0,B6,4,0,proton,2212,51.36380353146302,22.49941904073579,7.689435542676909,8.04883077651694,3,3,346.8908792582639
19433,2212,108.68055505201023,0.0,B2,0,1,deuteron,1000010020,20.353575681179642,10.78038200736156,13.07333400261223,13.111463641548063,3,1,109.91148530638058
10983,2212,160.29516489323225,0.0,B8,6,0,proton,2212,54.82414254746064,18.413033485040938,7.02511467003525,7.5038455271426825,4,4,466.7517138482768
29030,2212,166.67110084220744,0.0,B8,6,0,proton,2212,55.57195402706168,17.666034316735175,7.037494439630999,7.50975143862877,4,4,473.7135802935687
4177,2212,105.1327716029007,0.0,B4,2,0,proton,2212,100.6594213352955,45.02238207921342,8.660779109529756,10.374984162349792,3,2,335.6866769183014
11299,2212,106.19791200515806,0.0,B4,2,0,proton,2212,99.70959360086621,43.98411195978284,8.706016194759728,10.464537722080006,3,2,337.8187393693448
20223,2212,152.2107848491061,0.0,B8,6,0,proton,2212,91.4501061105715,47.64332806657097,7.138977276694799,7.78708106443138,4,4,462.3102871866523
1925,2212,108.99444818070258,0.0,B2,0,1,deuteron,1000010020,53.290656213963075,39.93908920076208,8.450465744616535,11.841568205748892,2,1,223.1313928814011
12912,2212,70.7364899536655,0.0,B2,0,0,proton,2212,76.02386560936081,43.61291483889863,10.8424884858658,10.87687473154058,2,1,220.56242844979795
25331,2212,105.47758438089241,0.0,B4,2,0,proton,2212,101.79924612420301,46.24499509169375,8.688426500019121,10.329807677810784,3,2,337.15960208076075
1976,2212,107.52836123247125,0.0,B4,2,0,proton,2212,110.50984125802178,40.87823579169121,8.641422923375444,10.36823982300497,5,2,338.25443942819936
11621,2212,62.21714986300141,0.0,B4,2,1,deuteron,1000010020,66.33160863591932,26.200931913271916,10.566213512569059,10.847164739079574,6,2,225.37043713482666
21149,2212,63.528653460786884,0.0,B4,2,1,deuteron,1000010020,70.80199710584974,47.32134427961769,10.552368498202965,10.83694678106679,2,2,224.89831449168196
16158,2212,133.66793144077542,0.0,B6,4,0,proton,2212,65.98295753619604,21.751465145292336,7.657429848894102,8.197993357298312,4,4,469.49781613748775
21983,2212,84.47850094024147,0.0,B2,0,1,deuteron,1000010020,41.65487046632584,41.65487046632584,11.525672796233145,11.525672796233145,1,1,109.00651962672084
6204,2212,169.53975929696185,0.0,B2,0,0,proton,2212,11.356411149158571,11.356411149158571,7.019196916005405,7.019196916005405,1,1,113.54594132947
5986,2212,74.75312330862728,0.0,B2,0,1,deuteron,1000010020,61.26348144828637,33.842313631422435,10.056307175375961,10.596639726292874,3,1,219.6356544800243
16382,2212,96.10774472490311,0.0,B2,0,1,deuteron,1000010020,120.53480544352777,60.32734618177374,8.867180980669652,10.664187624197758,3,2,334.27305583761853
376,2212,141.69166088682712,0.0,B6,4,0,proton,2212,52.557074429154625,23.688801565151614,7.428675618706066,7.7963733231631025,3,3,343.5859444796543
12747,2212,57.2908778928262,0.0,B4,2,1,deuteron,1000010020,61.15828135694314,38.824116549021184,10.390312999896206,10.655029902318752,2,2,226.34585465301194
9264,2212,112.65246952426365,0.0,B2,0,1,deuteron,1000010020,43.29373009423168,43.29373009423168,13.279412481047295,13.279412481047295,1,1,110.40784309693588
27858,2212,65.57104053310266,0.0,B4,2,1,deuteron,1000010020,82.9299969422378,57.44292528284328,10.605641627338622,10.916361396467737,3,2,223.57422598282784
29887,2212,104.5257205366141,0.0,B2,0,1,deuteron,1000010020,56.17635816574867,36.959560506622445,8.641474533329896,11.318895513505186,3,1,220.60853088547643
5742,2212,133.24638652549183,0.0,B6,4,0,proton,2212,54.45211309700626,22.89705250329402,7.635674483662432,8.030099850337837,4,4,468.97631546492335
17918,2212,167.64740891561434,0.0,B8,6,0,proton,2212,55.23113598944569,17.31466322861426,7.0015138722871,7.46577113638625,4,4,473.75925358235247
10965,2212,112.71814798219444,0.0,B2,0,1,deuteron,1000010020,42.93242176033388,42.93242176033388,13.30885344046662,13.30885344046662,1,1,110.77316718303499
21677,2212,107.31132078402139,0.0,B2,0,1,deuteron,1000010020,39.32556802909896,39.32556802909896,13.028347327864491,13.028347327864491,1,1,110.43434269526331
6341,2212,133.1692539497392,0.0,B6,4,0,proton,2212,60.15593150256437,22.16909939697377,7.64563224137056,8.137674259912506,4,4,467.82954297852586
15224,2212,67.88074219569148,0.0,B2,0,0,proton,2212,52.66316901115368,28.317321529497008,10.720108430932129,10.771335219665154,2,1,221.68662612943228
5949,2212,148.78868100767235,0.0,B8,6,0,proton,2212,77.49434761934491,30.411420103124154,7.222467938203162,7.821887079623577,4,4,461.71525864427394
13244,2212,96.2166292277868,0.0,B2,0,1,deuteron,1000010020,115.6005946765714,57.152593961276494,8.940509349778772,10.799465114885097,3,2,333.64110757849426
5139,2212,138.10707462002966,0.0,B8,6,0,proton,2212,76.20235656218779,28.32516497926841,7.494106268582878,8.097526176008536,4,4,466.3445964430024
1252,2212,103.82368177844623,0.0,B4,2,0,proton,2212,99.13583909560485,43.47960635358496,8.616475057203143,10.249516288262301,5,2,346.0254358578429
12491,2212,66.22618209251388,0.0,B4,2,1,deuteron,1000010020,73.28454252769846,50.26412584365574,10.650317008891031,10.944586563435788,2,2,225.11651280157093
26737,2212,137.17728873526963,0.0,B6,4,0,proton,2212,53.542416404032075,24.101081831950946,7.562452626094831,7.93963845947391,4,3,346.01580826672205
20404,2212,54.89879847060039,0.0,B2,0,1,deuteron,1000010020,30.879386783845497,21.462007851559406,10.37320917283905,10.43049690073721,3,1,112.23331101744265
18295,2212,146.41991663588414,0.0,B2,0,1,deuteron,1000010020,105.07597886126473,35.68760566141944,7.325513144752318,11.754862710243692,5,4,575.9326898181079
8472,2212,154.5511476976835,0.0,B4,2,0,proton,2212,26.48016785992523,13.830996174329298,7.12217893052769,7.290071274626097,3,3,341.48856439461525
20244,2212,107.81385514564579,0.0,B2,0,1,deuteron,1000010020,73.01736315062121,37.40347370791883,8.362231467168368,10.781238960691244,3,2,337.5607884247663
12425,2212,89.16710226589635,0.0,B2,0,1,deuteron,1000010020,80.05416300102601,51.24112414061692,9.260652424014745,10.90055594613804,2,1,218.63018652938442
24688,2212,102.93968512744455,0.0,B2,0,1,deuteron,1000010020,67.82765100600139,48.142881148127074,8.754056449340906,11.681637114900582,2,1,221.12605513963726
15720,2212,56.65334017515458,0.0,B4,2,1,deuteron,1000010020,61.18546722090454,37.8169270194981,10.338768963316081,10.59452914148152,2,2,225.9044601058734
25733,2212,137.83662417134366,0.0,B4,2,0,proton,2212,76.10740892046874,37.78515720748858,7.49202657711048,7.746934908608137,3,2,226.06165590961146
19274,2212,63.425728429932626,0.0,B2,0,0,proton,2212,68.54670704694229,28.92216359203644,10.59198948522161,10.710398202992188,5,1,111.27248767154141
16555,2212,58.38610414502474,0.0,B2,0,1,deuteron,1000010020,37.45021148430994,22.542217679400217,10.492168351943217,10.667011428514959,6,2,227.38161768312224
13258,2212,100.58528366850584,0.0,B4,2,0,proton,2212,63.02277120580913,45.185108284622935,8.758181738921678,9.020766283004118,2,2,225.1613721366428
29830,2212,106.80482097934986,0.0,B2,0,1,deuteron,1000010020,50.774594808591445,15.956370286455662,13.0674415330025,13.14690318723876,5,1,110.69473824195286
11335,2212,119.57530618246707,0.0,B2,0,1,deuteron,1000010020,52.450866631054836,52.450866631054836,14.16409260011703,14.16409260011703,1,1,112.00150820668031
1721,2212,168.89192591284962,0.0,B6,4,0,proton,2212,35.35579717038881,13.224791984417937,7.024889647905744,7.3114152747966665,3,3,351.5605163814182
7438,2212,144.12255759641045,0.0,B6,4,0,proton,2212,67.72585895844912,21.06558197942331,7.35347434224619,7.893808072811181,4,4,463.96507360734824
29205,2212,143.53394492252144,0.0,B6,4,0,proton,2212,58.53176053482617,22.298722783478066,7.313312276413357,7.781309426842797,4,4,460.9457981596151
13619,2212,52.1397409241727,0.0,B2,0,1,deuteron,1000010020,22.711820065444478,22.711820065444478,10.306000969221163,10.306000969221163,1,1,112.44699850993939
2536,2212,154.56151492509508,0.0,B8,6,0,proton,2212,83.42415367835565,24.04283853220561,7.103185626443862,7.754496945031535,8,4,462.4785692655705
22431,2212,157.66941743594683,0.0,B8,6,0,proton,2212,86.59692814817282,42.87397825346484,7.107054322906343,7.740475797267902,5,4,465.7271601738626
23779,2212,166.81644848514338,0.0,B8,6,0,proton,2212,55.88260349307917,18.849530577331713,6.998245857122358,7.481969968981901,4,4,472.8010338838941
21874,2212,96.69619269808763,0.0,B2,0,1,deuteron,1000010020,80.04331573085894,56.57620336461201,8.977669653921275,11.419019993459033,2,1,219.52446935436438
18407,2212,54.15652303229517,0.0,B4,2,1,deuteron,1000010020,57.190568685326994,35.58587113961574,10.308441780561251,10.562280366744247,2,2,227.17771916547804
18730,2212,161.2878763644471,0.0,B8,6,0,proton,2212,57.82611287390949,19.237614147032126,7.015384220766463,7.4966337683992945,4,4,467.1934952918774
25993,2212,66.16116913324271,0.0,B4,2,1,deuteron,1000010020,112.29402031827,52.673489690466475,10.688617042656862,11.146080438656982,3,2,336.5089095421366
20831,2212,120.71508027957856,0.0,B2,0,1,deuteron,1000010020,65.32826236753166,65.32826236753166,14.484885701019614,14.484885701019614,1,1,111.922731034794
7120,2212,161.7018950344623,0.0,B8,6,0,proton,2212,56.14274768565457,19.018946323790896,7.007634485753012,7.492823445364439,4,4,466.3656064565959
26852,2212,132.67664761088207,0.0,B6,4,0,proton,2212,52.56602838355947,23.291147955299856,7.635187203070354,8.002631626058886,4,3,344.53621448326925
16583,2212,57.47424983537009,0.0,B4,2,1,deuteron,1000010020,61.63519726026092,38.87741425435894,10.379470911276348,10.641137407443592,2,2,226.15214528171444
2310,2212,166.90346197257145,0.0,B8,6,0,proton,2212,54.68506014518307,18.3791771038999,6.980090764414005,7.456833058495876,4,4,471.59714433624816
2672,2212,92.52307869188682,0.0,B2,0,1,deuteron,1000010020,83.47082398719068,59.438333965573484,9.056184032925453,11.131419226105034,2,1,219.00714029502743
2977,2212,120.60002442496896,0.0,B2,0,1,deuteron,1000010020,59.369978150980046,59.369978150980046,14.208651283584967,14.208651283584967,1,1,111.0748328153093
5612,2212,142.1516703481354,0.0,B6,4,0,proton,2212,52.377926096878305,23.948168987908485,7.385066533279331,7.758564248016869,3,3,341.69691491897765
16640,2212,111.50436634593207,0.0,B2,0,1,deuteron,1000010020,41.39538782273811,41.39538782273811,13.302504933690356,13.302504933690356,1,1,110.78401426150114
24155,2212,75.83947492863781,0.0,B2,0,1,deuteron,1000010020,59.10104490577099,34.33018124714271,9.972660326927112,10.629851420189551,2,1,219.4752082819083
17118,2212,147.1499623559714,0.0,B8,6,0,proton,2212,109.98673505972475,25.03905566437946,7.287919051963912,11.585956627916469,7,4,575.2914181623024
27021,2212,114.0087755493355,0.0,B2,0,1,deuteron,1000010020,47.61799311679637,47.61799311679637,13.773512612864781,13.77351261286478,1,1,111.17500302573504
5291,2212,120.4679685323716,0.0,B2,0,1,deuteron,1000010020,65.95334547096127,65.95334547096127,14.37073050589259,14.37073050589259,1,1,111.54698129139987
5166,2212,163.50796820831874,0.0,B8,6,0,proton,2212,54.343858920593064,17.7625285244541,7.00012237752298,7.472481387779579,4,4,467.9175580833781
13262,2212,134.19363618134716,0.0,B6,4,0,proton,2212,64.62771167260887,21.657914618560245,7.647279634560322,8.169173719494284,4,4,468.40811687173596
20519,2212,154.40662607232045,0.0,B8,6,0,proton,2212,82.97500721873041,40.169573095244445,7.138908319465405,7.763012050427507,4,4,463.84495939345015
24230,2212,157.34500513132986,0.0,B8,6,0,proton,2212,77.33967095985821,33.66632870991442,7.054683073157309,7.643277890039469,4,4,463.13418448961613
25778,2212,81.77367418770301,0.0,B2,0,0,proton,2212,86.57416922280393,47.98810705856784,9.616914455254243,10.38244437821252,3,1,218.656004497676
17677,2212,169.0730785735047,0.0,B4,2,0,proton,2212,22.153002579027323,10.940089109271895,7.009268714251465,7.1530588814029095,3,3,350.1678562208864
2034,2212,62.59171643024571,0.0,B2,0,1,deuteron,1000010020,65.37655538343328,23.287936477773002,10.512494671440981,10.822195234644367,7,2,224.98578786857513
27533,2212,142.17826310695227,0.0,B6,4,0,proton,2212,51.7103460878708,22.774628554380524,7.3356737099145235,7.695851298835362,3,3,340.4724859963422
8426,2212,115.40337822460252,0.0,B2,0,1,deuteron,1000010020,45.3860156319924,45.3860156319924,13.678288499721099,13.6782884997211,1,1,111.49109461256128
29136,2212,144.37652890567787,0.0,B6,4,0,proton,2212,60.355054593269216,22.29729733605512,7.353533054672047,7.834510714964945,4,4,463.1600550000664
5719,2212,117.39079116253882,0.0,B2,0,1,deuteron,1000010020,48.78939498565694,48.67596775962363,13.847958327501022,13.84833871158871,2,1,111.15349989395662
22527,2212,85.86483881832991,0.0,B2,0,1,deuteron,1000010020,71.96356048780298,42.69672661268513,9.299367631461953,10.646796119967362,2,1,218.40394555313196
28351,2212,133.45328016683277,0.0,B6,4,0,proton,2212,51.04030170694511,22.042924376154673,7.6261428373494295,7.982325944703413,3,3,344.47725548038875
26006,2212,139.77748750619452,0.0,B6,4,0,proton,2212,54.08228635530048,25.07785847460254,7.460345643097957,7.83918689035564,3,3,343.3774195035069
15442,2212,78.80893188055049,0.0,B2,0,0,proton,2212,77.75903296157296,40.74166978605155,9.980857247434024,10.58795024828664,2,1,218.86190962545348
12684,2212,168.08490897746134,0.0,B8,6,0,proton,2212,54.80897579067669,17.89852694648861,6.980011969947985,7.457962851153604,4,4,472.96399319045884
19380,2212,159.26334746201758,0.0,B8,6,0,proton,2212,69.84578407204835,28.619295659786363,7.035937343891413,7.5974855515448985,4,4,464.25359715943944
17397,2212,77.95575999039451,0.0,B2,0,1,deuteron,1000010020,63.500516827445544,28.617200612615434,11.307175992415107,11.416856515434862,4,1,110.03702323876752
1754,2212,152.26872026261057,0.0,B8,6,0,proton,2212,86.34739561182548,42.49327657366445,7.198545982565116,7.837649834149408,4,4,465.3385112335635
23383,2212,94.70480474847685,0.0,B2,0,1,deuteron,1000010020,84.39750680650852,58.56720435361372,9.035718130183191,11.358515631435104,2,1,219.29608034629717
21771,2212,153.33642641748756,0.0,B4,2,0,proton,2212,35.81904721000028,13.564448996866748,7.12822472849778,7.40552217698227,3,3,341.08302328771947
18815,2212,155.57188730340593,0.0,B8,6,0,proton,2212,77.5092325126185,34.854154654184704,7.105093988799592,7.704668405138431,4,4,463.79643020631494
16206,2212,130.8855296621533,0.0,B6,4,0,proton,2212,57.32389216952693,26.6793991819023,7.695883454017858,8.081705145515336,4,3,344.93572114925917
29048,2212,162.87623120844282,0.0,B8,6,0,proton,2212,56.56704897008312,19.20659177344967,7.031177924956826,7.516127150422562,4,4,469.0087066286803
23703,2212,96.19193768735515,0.0,B2,0,1,deuteron,1000010020,81.94069420764028,58.29135251224069,8.889360596856852,11.391951852676083,2,1,219.16271884725353
13536,2212,138.6098786207317,0.0,B8,6,0,proton,2212,81.91827651201743,37.08437666652021,7.503314832535841,8.136328753331796,4,4,466.6140915756224
12387,2212,81.2983682195349,0.0,B2,0,0,proton,2212,83.56431471958604,46.742287366440905,9.76242539983645,10.430646738772673,2,1,218.97033675963917
26243,2212,67.34321157610978,0.0,B4,2,1,deuteron,1000010020,110.02508171793261,59.14737648053551,10.668966056859018,10.921669219163954,3,2,336.0021309219676
13185,2212,111.75132553513693,0.0,B2,0,1,deuteron,1000010020,43.696387197733536,43.696387197733536,13.28487960965282,13.28487960965282,1,1,110.02730220381174
26795,2212,166.41190969550013,0.0,B4,2,0,proton,2212,46.23594746950675,12.740020826882787,7.011144415678094,7.394906162518824,5,3,121.94500095580511
19150,2212,149.6678319819909,0.0,B8,6,0,proton,2212,79.25765799800078,33.28075686649695,7.254196468122355,7.867803877003652,4,4,465.1616872674267
16723,2212,91.66107615514407,0.0,B2,0,1,deuteron,1000010020,65.23988226643291,36.30487522228336,9.260028633422005,10.810424987612922,2,1,219.42322538675495
25946,2212,163.832664578994,0.0,B8,6,0,proton,2212,56.6432862509811,18.21723467007488,6.980282163246959,7.448817973884146,4,4,467.6757094624603
24254,2212,144.43582537194104,0.0,B6,4,0,proton,2212,51.58732778267489,22.562037976038702,7.2931010669785294,7.65155682897364,4,3,340.54035797740295
24944,2212,153.270902603893,0.0,B8,6,0,proton,2212,91.11609485271916,39.67513662972259,7.178852673807457,7.841445915779511,5,4,465.42202162354187
3330,2212,77.35260759146543,0.0,B2,0,1,deuteron,1000010020,36.66623153793775,36.66623153793775,11.25380507332,11.25380507332,1,1,109.44816552894557
25320,2212,137.3957241184797,0.0,B8,6,0,proton,2212,77.50400262138737,30.59865788258106,7.458151510980747,8.063385143717719,4,4,463.69369283676315
1348,2212,97.43103062985959,0.0,B2,0,1,deuteron,1000010020,75.43503511013715,58.40432306185244,8.79272946065843,11.555999505453837,5,2,230.39561905026852
15894,2212,80.69575965427744,0.0,B2,0,0,proton,2212,77.04026078773211,38.59703371592412,10.03965045873247,10.708225545657067,2,1,218.8060305660167
4194,2212,162.91684477417584,0.0,B8,6,0,proton,2212,55.923524511284995,18.90804609146517,7.0105417012452715,7.493204499931188,4,4,468.05982086489917
27310,2212,125.51714187774813,0.0,B2,0,0,proton,2212,19.7709833421206,13.530368956467242,7.904886518796651,8.0002702298377,2,2,228.74700374732708
17127,2212,85.4749282282543,0.0,B2,0,1,deuteron,1000010020,90.5262313509127,44.559966361803546,9.678558502018527,10.662841065459537,4,1,218.95588520019857
16512,2212,107.2897620741778,0.0,B2,0,1,deuteron,1000010020,38.4137803966031,38.4137803966031,12.917054139915477,12.917054139915477,1,1,110.28380955754024
14599,2212,77.56510183143949,0.0,B2,0,1,deuteron,1000010020,65.31302853938034,36.07884873949642,10.604211614079581,10.967632593229041,2,1,219.21065350317542
11453,2212,140.41088199614677,0.0,B6,4,0,proton,2212,53.59089201809448,24.594811257126143,7.391412678554054,7.763740823839726,3,3,340.75961388349634
25436,2212,75.96385592930899,0.0,B2,0,0,proton,2212,87.2538017918139,26.801601833441026,10.04105377501488,10.87862115654125,4,1,219.66549391420196
16197,2212,54.804860842565986,0.0,B4,2,1,deuteron,1000010020,60.50317463297215,37.86395023317579,10.3254260433565,10.584110271394914,2,2,226.46734776296233
17716,2212,93.404800789807,0.0,B2,0,1,deuteron,1000010020,87.52025482358665,62.64188336709195,9.117568949794164,11.25804625004982,2,1,219.40033383207845
16726,2212,163.86037916525873,0.0,B8,6,0,proton,2212,57.12137406013642,18.80379294757388,6.985214281229043,7.4572813824755375,4,4,468.3890133062139
3452,2212,94.42901769471742,0.0,B2,0,1,deuteron,1000010020,86.20410881893505,63.08586628291421,8.901893883509075,11.254691867835469,2,1,218.9589828306153
17332,2212,109.19545485834313,0.0,B2,0,1,deuteron,1000010020,43.73714601886374,39.49106649911445,8.416569497720692,12.604598948363126,3,1,222.67675075069906
2950,2212,82.96354809285566,0.0,B2,0,0,proton,2212,48.41333447746906,47.58933251406592,9.617406666797091,9.620850948666726,2,1,108.90105631819941
15029,2212,93.2123676879365,0.0,B2,0,1,deuteron,1000010020,89.36225244638045,65.13225947906534,8.977404894532947,11.198085115530752,2,1,218.9097971084552
21800,2212,117.30391711381003,0.0,B2,0,1,deuteron,1000010020,47.413993962919314,47.413993962919314,13.861231049263859,13.861231049263859,1,1,111.58012186478307
18437,2212,133.41378369519228,0.0,B6,4,0,proton,2212,67.94773906328902,21.18969991648449,7.604420178247898,8.152264875616211,4,4,467.01659777463215
19615,2212,125.67753777970469,0.0,B2,0,0,proton,2212,21.781368689020468,13.886788533390387,7.920514129707977,8.030212821021198,2,2,229.35060575925928
7176,2212,170.85741011728254,0.0,B2,0,0,proton,2212,10.867542396140266,10.492218686674516,6.992432384675329,6.993178201059494,2,1,111.99898679200902
20198,2212,76.10483361723034,0.0,B2,0,1,deuteron,1000010020,46.942237560023656,36.97325739784399,11.150541210919908,11.6321632110479,2,1,147.6408391253498
14847,2212,153.36261139370325,0.0,B6,4,0,proton,2212,62.22345083209121,19.083424366125513,7.109430891029431,7.618570643396748,5,4,461.4810088508787
20138,2212,169.30643048906643,0.0,B4,2,0,proton,2212,25.6035145792754,11.609454415408846,7.037498333519682,7.221208046424277,3,3,351.3047414080625
28452,2212,73.68806488115675,0.0,B2,0,1,deuteron,1000010020,34.78983188392365,34.78983188392365,11.07411402993686,11.07411402993686,1,1,109.47560523144242
14634,2212,147.19497983118163,0.0,B8,6,0,proton,2212,71.5021941927153,22.39472514457369,7.280084283225853,7.842556897742022,4,4,464.0609393381826
4523,2212,93.55652984000078,0.0,B2,0,0,proton,2212,77.25560385450925,24.573779958212263,9.029696377262386,11.409912121028748,9,3,243.01567451847632
13401,2212,64.73511240499467,0.0,B4,2,1,deuteron,1000010020,71.25829555978079,47.67763880665818,10.522647722213023,10.808405298106171,2,2,223.92132957788695
17220,2212,93.2950104980527,0.0,B2,0,1,deuteron,1000010020,89.78969799432005,63.84335042033718,9.143613061634078,11.239493796155148,2,1,219.2549031787002
5499,2212,165.32317212315084,0.0,B8,6,0,proton,2212,52.805918429437725,17.568569381066283,7.0319307330822465,7.511124955784792,4,4,471.92368828956546
15098,2212,139.57172417777548,0.0,B6,4,0,proton,2212,55.9077737744558,26.309178529112945,7.423926157156811,7.808911490272873,3,3,341.0418182453388
21593,2212,160.16669319212724,0.0,B6,4,0,proton,2212,58.83929971342012,23.58198928833008,7.080568559456897,7.506639441532414,5,3,346.3811738998445
5327,2212,142.13656954493158,0.0,B6,4,0,proton,2212,51.431656103258746,22.795248892990244,7.353815869055668,7.719971223299874,3,3,341.10298137996426
28029,2212,103.9318182677241,0.0,B4,2,0,proton,2212,105.914108103491,44.906739633971675,8.7705530215319,10.497716261997626,4,2,337.3319719510467
18303,2212,93.9505013600123,0.0,B2,0,0,proton,2212,25.301928925119036,25.301928925119036,9.016530775728336,9.016530775728336,1,1,109.37438305842849
27179,2212,105.9612254683782,0.0,B4,2,0,proton,2212,103.38492605420258,48.07956285597554,8.64170670711717,10.364829962180746,3,2,336.3972715797844
534,2212,50.19640636848206,0.0,B2,0,1,deuteron,1000010020,3.50059317119434,3.50059317119434,10.209715538645318,10.209715538645318,1,1,111.86099419201022
6398,2212,83.16798612087499,0.0,B2,0,0,proton,2212,86.13925695112266,46.154204430258076,9.761210946733268,10.548701952359245,2,1,218.73560115483207
29410,2212,85.1853755093428,0.0,B2,0,1,deuteron,1000010020,82.61975082581745,47.388491251979666,9.407231733685576,10.702101332857024,3,1,218.2031134158518
14273,2212,92.89841810888373,0.0,B2,0,1,deuteron,1000010020,89.28808769916664,63.598513713577624,9.076693437464435,11.209963703546714,2,1,218.9300637768779
17211,2212,147.2894698242789,0.0,B8,6,0,proton,2212,73.10680042733605,24.229446674260213,7.305315503987294,7.87472779210489,4,4,465.00660756537957
22147,2212,163.48489215918443,0.0,B8,6,0,proton,2212,55.43050719259436,18.254920845171785,7.02969907049725,7.50556404585935,4,4,470.9702526683143
16502,2212,84.5289837262168,0.0,B2,0,1,deuteron,1000010020,82.2535320086887,43.04084498052087,9.598753952277532,10.615189796139427,2,1,218.66042889182756
8001,2212,58.292571300466726,0.0,B4,2,1,deuteron,1000010020,63.782482459112686,39.77019512115414,10.475963948658134,10.738875780370904,3,2,227.0502141619467
20954,2212,103.96738297031666,0.0,B4,2,0,proton,2212,101.38293004916935,46.85141299444264,8.702583187339703,10.225380461275757,3,2,336.89597960594415
12794,2212,170.17606106591012,0.0,B2,0,0,proton,2212,10.941629726978785,10.941629726978785,6.989016897549095,6.989016897549095,1,1,113.41571004020884
18156,2212,111.00645579196637,0.0,B2,0,1,deuteron,1000010020,43.391690834456725,43.391690834456725,13.342706357748302,13.342706357748302,1,1,110.67282290593212
28742,2212,159.58404387009728,0.0,B8,6,0,proton,2212,56.75024764744644,19.229186122361238,7.065112276836466,7.549589440781586,4,4,468.4825194478432
29362,2212,147.98533149267243,0.0,B2,0,1,deuteron,1000010020,114.56491924008344,39.60488554315573,7.202869555305999,11.488147531882966,5,4,572.4551706057931
7477,2212,130.87153872315508,0.0,B4,2,0,proton,2212,29.61616580618685,16.16445097536059,7.667997672542716,7.828261979104663,2,2,226.37534189256945
25722,2212,90.13708739483491,0.0,B2,0,1,deuteron,1000010020,49.624406095229425,49.624406095229425,11.847753212792039,11.847753212792039,1,1,109.3485628016432
20303,2212,147.66326083514508,0.0,B2,0,1,deuteron,1000010020,78.38516488880038,38.04917343959921,7.25284069816571,12.945068173281577,5,2,336.00405348519325
13827,2212,115.47426081157197,0.0,B2,0,1,deuteron,1000010020,46.92735976792973,46.92735976792973,13.694619418609838,13.69461941860984,1,1,111.08885722700515
6336,2212,118.69994035832093,0.0,B2,0,1,deuteron,1000010020,52.85507314885755,52.85507314885755,14.12914360683362,14.129143606833622,1,1,111.68077129238027
8365,2212,139.53053874038562,0.0,B6,4,0,proton,2212,53.177059848909664,25.303309540333824,7.437121058241846,7.866195491093571,3,3,226.15592642376797
6169,2212,111.11862964870672,0.0,B2,0,1,deuteron,1000010020,42.648281989399095,42.648281989399095,13.250839047906883,13.250839047906883,1,1,110.37077108616452
14206,2212,165.62137897859265,0.0,B4,2,0,proton,2212,28.287642524286895,17.87448972070508,7.030333158633914,7.200917463358408,2,2,113.74297965488026
9202,2212,161.9022532980298,0.0,B8,6,0,proton,2212,58.53762189100888,20.831697117747833,7.049230244255928,7.544684268541192,4,4,469.12772870306
2245,2212,135.24064371301623,0.0,B6,4,0,proton,2212,69.71198794212373,21.395829985134633,7.598443537070926,8.15276508086986,4,4,467.3207439595742
20927,2212,134.46874519595931,0.0,B8,6,0,proton,2212,69.54092449235327,21.143686957327873,7.589006437918198,8.152740746377685,4,4,466.61930203026947
21703,2212,121.12213587095023,0.0,B2,0,1,deuteron,1000010020,63.96746132271017,63.96746132271017,14.572525212026907,14.572525212026907,1,1,111.47551832124948
5810,2212,115.28471114975255,0.0,B2,0,1,deuteron,1000010020,44.97863803845672,44.97863803845672,13.661866567685449,13.661866567685449,1,1,111.20191278617074
17079,2212,122.96416225847113,0.0,B2,0,1,deuteron,1000010020,61.98270514559944,25.719134739752917,14.902484634403702,14.994591854232052,3,1,112.35749100015883
2717,2212,122.42570455464724,0.0,B2,0,1,deuteron,1000010020,61.88507801662816,61.88507801662816,14.908801525743684,14.908801525743684,1,1,112.25624991439068
1315,2212,149.68540293410922,0.0,B8,6,0,proton,2212,76.84494215576532,28.575961217728143,7.23623252197522,7.827929106411783,4,4,464.12895662780386
17265,2212,103.68546995010587,0.0,B4,2,0,proton,2212,132.84408612731232,46.522214039066796,8.681055244308473,10.844105029556623,7,2,336.6316726054319
23634,2212,136.92759865775068,0.0,B6,4,0,proton,2212,56.452558967957714,20.503554415194156,7.489138460676444,7.939403766354271,4,4,343.87300688150475
5885,2212,73.96992618469656,0.0,B2,0,1,deuteron,1000010020,64.24653406310128,33.206226875056664,10.416035132050585,10.729069082690165,2,1,220.01333760248133
447,2212,58.610601722951934,0.0,B4,2,1,deuteron,1000010020,63.04265847658942,39.639820328425586,10.412083235364697,10.674635657557173,2,2,225.8862660655366
2432,2212,74.98617309587974,0.0,B2,0,1,deuteron,1000010020,43.7455467933125,23.009331742384937,11.083171926183752,11.164837194659373,3,1,109.72927607326123
22676,2212,161.17736417743004,0.0,B8,6,0,proton,2212,57.83914579889667,19.661111976788625,7.050965149401563,7.540336192828682,4,4,468.3796583939592
25545,2212,150.46598754297779,0.0,B8,6,0,proton,2212,85.42933130436566,40.38817312216335,7.157977620787232,7.795419876534233,4,4,460.6489626491315
16237,2212,63.248620795431336,0.0,B4,2,1,deuteron,1000010020,68.00439466526996,44.647992792267,10.54312472766496,10.822060771731758,2,2,225.31389196385862
8123,2212,65.3465031954787,0.0,B4,2,1,deuteron,1000010020,105.7542835770727,46.52881534719295,10.584049153828301,11.184371428190122,3,2,336.0215970489105
22650,2212,120.53320711368201,0.0,B2,0,1,deuteron,1000010020,64.36407817167704,64.36407817167704,14.374989449228547,14.374989449228547,1,1,111.75419564274792
500,2212,166.10753673602227,0.0,B8,6,0,proton,2212,54.67406659550889,18.053242817936805,7.024855555069205,7.49800660632469,4,4,472.8627338294779
24545,2212,126.77479597695216,0.0,B6,4,0,proton,2212,56.47072666293608,27.461197273195356,7.935886978519073,8.336432362630463,3,3,350.0527520965007
28045,2212,80.47471477631936,0.0,B2,0,1,deuteron,1000010020,75.76739732463112,37.89098382492151,10.052511718916357,10.732346459278826,2,1,218.69144718537876
13615,2212,95.80136178085314,0.0,B2,0,0,proton,2212,25.6043007023286,25.6043007023286,8.961992043387092,8.961992043387092,1,1,109.13719316694649
19139,2212,91.20539847109562,0.0,B2,0,1,deuteron,1000010020,78.81944584227129,53.05072217221722,9.01132292157638,10.97805601301839,2,1,218.4939401504737
11432,2212,152.35301001812365,0.0,B2,0,0,proton,2212,22.500285586597222,12.235671367322526,7.12113627678989,7.260603630420474,8,3,228.11161585010603
27932,2212,125.68448000812288,0.0,B2,0,0,proton,2212,22.703860394750528,14.102188843148365,7.953415015245688,8.068570558834555,2,2,229.54875944204315
14731,2212,141.81178021290543,0.0,B6,4,0,proton,2212,59.380637806134246,29.07577079852841,7.410650564045643,7.818729835534053,4,3,342.4275297164733
20305,2212,145.50105615884172,0.0,B8,6,0,proton,2212,71.67809575247949,24.602736968767278,7.2551147913157195,7.83321383160894,4,4,460.6824440672251
7829,2212,100.87007360875768,0.0,B2,0,1,deuteron,1000010020,123.35537730824892,53.11988187105045,8.721369044456456,10.57783216533264,5,2,335.57832391254186
4004,2212,168.19070069775782,0.0,B8,6,0,proton,2212,54.535685901523976,17.33410869913784,7.039917709635115,7.5128276480449685,4,4,475.9998874611725
29059,2212,159.1041071687738,0.0,B8,6,0,proton,2212,72.17384029961158,29.83931173286359,7.046470611191488,7.6131406315012855,4,4,463.3532435232103
9853,2212,117.6517802419469,0.0,B2,0,1,deuteron,1000010020,57.54957403232261,57.54957403232261,14.09495089516881,14.09495089516881,1,1,110.86664577559065
11324,2212,64.4431967721035,0.0,B4,2,1,deuteron,1000010020,73.65284456730302,50.10097355670797,10.57357059175311,10.865582938349624,2,2,224.33264759722465
14108,2212,119.52774564244446,0.0,B2,0,1,deuteron,1000010020,64.86358467336792,64.86358467336792,14.40991209961133,14.40991209961133,1,1,110.97100125232143
16368,2212,116.37160660493637,0.0,B2,0,1,deuteron,1000010020,48.181583113644564,48.181583113644564,13.900878933974004,13.900878933974003,1,1,111.52128942581723
20174,2212,123.4384601621253,0.0,B2,0,1,deuteron,1000010020,8.913908250927047,8.913908250927047,14.52457600142887,14.52457600142887,1,1,111.69059574395271
23420,2212,100.21730297043064,0.0,B2,0,1,deuteron,1000010020,108.01517027037895,54.236024464129315,8.733275249526276,10.760595486279579,3,2,335.6545962221022
24823,2212,79.52459509716297,0.0,B2,0,1,deuteron,1000010020,79.90536236181266,37.31720321709606,9.889476895227482,10.567510032184522,3,1,218.62484927181396
2234,2212,133.79748365751365,0.0,B6,4,0,proton,2212,67.45932719848622,21.372039592451408,7.629022824689707,8.167069202289793,4,4,469.14829365416983
8611,2212,74.21300480521617,0.0,B2,0,1,deuteron,1000010020,59.77213232045111,32.44512441949869,10.041291674956994,10.590706808592783,2,1,219.8564780026158
588,2212,169.1996483838048,0.0,B6,4,0,proton,2212,49.33871853219401,13.793638493700934,6.982887436850281,7.415448543402228,4,4,473.8954767609914
20005,2212,129.504162966949,0.0,B6,4,0,proton,2212,54.06375235177169,24.516310291636852,7.79227703454787,8.168986399797522,3,3,347.515204842736
15595,2212,161.6766026642356,0.0,B8,6,0,proton,2212,56.129456266979034,19.226268421755368,7.069353595306739,7.558849895926363,4,4,470.1339326827686
424,2212,147.73891419535613,0.0,B8,6,0,proton,2212,74.8381935581003,27.00266842022544,7.24567497904999,7.832728895149239,4,4,462.7963811881331
16026,2212,116.0068373646549,0.0,B2,0,1,deuteron,1000010020,46.81530497580747,46.81530497580747,13.6149953900703,13.6149953900703,1,1,110.51758479399216
28915,2212,125.90709276265423,0.0,B2,0,0,proton,2212,13.766644198722695,12.745898095254946,7.899549119070941,7.921872725594115,2,2,228.0768690339105
10142,2212,149.26322682825682,0.0,B4,2,0,proton,2212,26.27508936892749,14.584794959446047,7.241540752718556,7.397524589342954,2,2,224.61733388819366
5796,2212,89.33341972642646,0.0,B2,0,0,proton,2212,68.04048072166479,27.60233267806903,9.223560272207715,11.122215586427712,12,4,218.4678437803632
27539,2212,161.20978063153055,0.0,B8,6,0,proton,2212,54.92011341942513,18.241067638007742,7.059096881759864,7.53726288883033,4,4,468.5083747072885
5854,2212,110.46319701971579,0.0,B2,0,1,deuteron,1000010020,41.70862070204199,41.70862070204199,13.218667184677017,13.218667184677017,1,1,110.57018481308357
12314,2212,113.80022634535709,0.0,B2,0,1,deuteron,1000010020,46.07276447406631,46.07276447406631,13.621590389194276,13.621590389194276,1,1,110.68337788700293
18924,2212,99.3264990996725,0.0,B2,0,1,deuteron,1000010020,116.59176185693374,52.040837617742284,8.737681753461663,10.658247460861155,3,2,333.48917809239566
12129,2212,99.7674765491663,0.0,B2,0,1,deuteron,1000010020,113.31558966384685,54.25201418923915,8.718775393465261,10.703385600528067,3,2,334.88581118716434
2191,2212,59.17242025743295,0.0,B4,2,1,deuteron,1000010020,62.102929382552105,39.48480747243414,10.418512250627604,10.683334406388783,2,2,225.93692274829004
15596,2212,68.39104485733739,0.0,B4,2,1,deuteron,1000010020,80.09578522072717,54.57468774374514,10.731297442796246,11.041778859285118,2,2,223.77943428028837
6616,2212,136.42846973633343,0.0,B8,6,0,proton,2212,75.36971937634556,28.60751607984285,7.509809091480371,8.113243411971036,4,4,465.2536948422592
16660,2212,118.51937861224604,0.0,B2,0,1,deuteron,1000010020,58.103008403587275,58.103008403587275,14.197744305524635,14.197744305524635,1,1,110.91984157816316
21521,2212,61.99511770649783,0.0,B2,0,1,deuteron,1000010020,24.092722416503555,24.092722416503555,10.483146956610424,10.483146956610424,1,1,110.54403511114681
10539,2212,78.90591681714126,0.0,B2,0,1,deuteron,1000010020,73.9238674630256,37.884965625040735,10.159252251604522,10.755751876359094,2,1,218.74116604929588
951,2212,138.70868141880865,0.0,B8,6,0,proton,2212,78.5533802037196,31.72612234715674,7.465529560725169,8.08199872821423,4,4,464.91927405634914
11056,2212,86.23528231668755,0.0,B2,0,1,deuteron,1000010020,89.29978021174557,47.88347222259353,9.52219821087048,10.750690059739249,2,1,218.55267536308946
26745,2212,103.75026034471308,0.0,B4,2,0,proton,2212,102.02018450062334,48.46883122625174,8.621376668608395,10.18155538198104,4,2,335.99757768070845
13222,2212,101.30229146301195,0.0,B2,0,1,deuteron,1000010020,107.21527753134694,50.024330005105455,8.742045077031886,10.779296418113551,3,2,335.16653700980714
25677,2212,78.2734715151134,0.0,B2,0,0,proton,2212,41.6955681614573,41.6955681614573,9.967877032040743,9.967877032040743,1,1,109.79054726587285
8730,2212,86.04798995067631,0.0,B2,0,0,proton,2212,34.866915254926944,34.866915254926944,9.442577015756445,9.442577015756445,1,1,109.34675500877673
8655,2212,80.64900292658116,0.0,B2,0,1,deuteron,1000010020,37.44484521175956,37.44484521175956,11.25959855830579,11.25959855830579,1,1,108.80572280463096
22670,2212,145.4218983150115,0.0,B8,6,0,proton,2212,71.88087874344453,23.32587803407639,7.301338276805143,7.868037277165267,4,4,461.6307853451121
21422,2212,137.31737494307268,0.0,B8,6,0,proton,2212,78.46979332755208,32.95740705433177,7.514372372448669,8.1296193264132,4,4,466.30339228470285
19313,2212,142.40579688834413,0.0,B6,4,0,proton,2212,53.28910521644956,24.365774077889995,7.373029821647485,7.746604024879086,3,3,341.27095392345757
927,2212,57.92829971916054,0.0,B4,2,1,deuteron,1000010020,60.9362958819605,38.93841718677616,10.35734230365052,10.622093331907267,2,2,225.6578948391674
15907,2212,133.69278496377657,0.0,B6,4,0,proton,2212,52.49895651711758,21.328018781076953,7.603388167925795,8.005452342567594,4,4,467.7332161365399
5297,2212,60.48266094817879,0.0,B4,2,1,deuteron,1000010020,65.85338347788604,42.66648389818997,10.482433837069703,10.755471873917484,2,2,225.58569565290173
22457,2212,73.19082084492962,0.0,B2,0,0,proton,2212,73.19845619973239,39.447169006444724,10.771699988508038,10.913390895452494,2,1,220.11915946764796
27085,2212,126.59252247605747,0.0,B4,2,0,proton,2212,30.689867856650128,16.395237217076986,7.892264057277267,8.074157668385066,3,3,348.02332236124835
11832,2212,165.84108702280943,0.0,B8,6,0,proton,2212,56.03849614399391,18.918670570300478,7.010872644956541,7.491498689934297,4,4,470.7514485476533
29236,2212,162.24133346867328,0.0,B8,6,0,proton,2212,56.05314432442205,19.647701469767735,7.0336890522688105,7.52713401368737,4,4,468.2935702695206
20081,2212,169.85314826232405,0.0,B2,0,0,proton,2212,7.621412777966422,7.621412777966422,7.017081239510088,7.017081239510088,1,1,113.36976301710865
16062,2212,63.59069393711658,0.0,B4,2,1,deuteron,1000010020,77.756641678487,53.8221615678421,10.60067751538604,10.898686652283757,2,2,225.2777096433781
21672,2212,151.3976595130214,0.0,B8,6,0,proton,2212,78.12022652031334,29.464877928211187,7.216311501648318,7.820340710300752,5,4,464.34874108571375
22708,2212,139.3275998867783,0.0,B2,0,0,proton,2212,17.715568683522285,11.24221610012814,7.466420179140107,7.5114965895574155,3,1,110.87907383713241
12600,2212,93.70523786900638,0.0,B2,0,1,deuteron,1000010020,86.83841649188801,61.567172016708625,9.741721217192303,11.487820592066015,2,1,120.25789134518595
7946,2212,136.94077035713656,0.0,B8,6,0,proton,2212,80.65107960853123,34.509157299380114,7.513139139487949,8.135647154736104,4,4,465.5269171252592
29183,2212,92.79874685921678,0.0,B2,0,1,deuteron,1000010020,82.43002983851257,58.153461887043825,8.95823342247639,11.133728481085365,2,1,218.66777952330773
7376,2212,160.95357919123916,0.0,B8,6,0,proton,2212,55.44215775756355,18.1837311468507,6.996017258505195,7.469772175306891,4,4,465.48029196284733
18512,2212,135.08287159307775,0.0,B6,4,0,proton,2212,67.84665658761114,21.97358964835945,7.587532370713014,8.123569581799405,5,4,466.78653336314017
5776,2212,133.4799978367999,0.0,B6,4,0,proton,2212,52.92814595345982,23.96008899616652,7.646733278821349,8.012828130871776,3,3,345.38608861359984
209,2212,53.02618277308576,0.0,B2,0,1,deuteron,1000010020,39.392920140132816,22.10083780689958,10.333870714585293,10.512597460222395,2,2,228.7210905992008
25504,2212,81.70101005482499,0.0,B2,0,0,proton,2212,40.23818263598196,40.23818263598196,10.070417806771548,10.070417806771548,1,1,110.06909402964638
29523,2212,71.56818239425046,0.0,B2,0,0,proton,2212,78.84977464251256,46.24946119876111,10.832078881988656,10.872043411319318,2,1,221.0148067022755
12880,2212,161.25978427704223,0.0,B8,6,0,proton,2212,81.334608104309,16.495985736505414,7.039833615123079,7.693261217975325,11,4,472.14130808421874
23108,2212,154.96481120062833,0.0,B8,6,0,proton,2212,86.70909402839061,43.842458395488734,7.1450424306756,7.780418972370675,4,4,465.52517696973393
13634,2212,74.20635695510705,0.0,B2,0,1,deuteron,1000010020,67.89337741630086,33.96839343801793,10.632968510402513,10.839095308621738,2,1,219.97197990198873
7171,2212,156.40823028845577,0.0,B8,6,0,proton,2212,90.85844663375765,46.913177618578686,7.158540389037687,7.803239804988069,4,4,466.78947848283406
10373,2212,163.31532022267277,0.0,B8,6,0,proton,2212,56.51214687821795,19.054030629522813,7.027915850920115,7.510685130800209,4,4,469.1746401504459
15852,2212,125.5134645327536,0.0,B2,0,0,proton,2212,9.996861483422649,9.996861483422649,7.934981576120992,7.934981576120992,1,1,112.62865525266409
1798,2212,58.55334192013817,0.0,B4,2,1,deuteron,1000010020,58.414535724848875,36.975947511627346,10.435022388556455,10.695878751511295,2,2,226.7116675354018
7291,2212,70.14670094407455,0.0,B2,0,1,deuteron,1000010020,32.05989674417203,32.05989674417203,10.936664985214943,10.936664985214943,1,1,110.0524165872329
20152,2212,165.36395889293345,0.0,B8,6,0,proton,2212,58.28656182396688,19.43337572401795,6.995636119516232,7.475807853375652,4,4,469.6851765598225
9222,2212,167.73426861845218,0.0,B8,6,0,proton,2212,53.756542617703005,17.64554749502147,6.987488784223824,7.458218857740354,4,4,472.5285934005
22839,2212,112.66892706314995,0.0,B2,0,1,deuteron,1000010020,44.93546150578294,44.93546150578294,13.452170789623775,13.452170789623775,1,1,110.41193565352634
17326,2212,147.65508639095867,0.0,B2,0,1,deuteron,1000010020,111.13072345139024,34.43416274552395,7.232003390466141,11.150793429239089,5,4,573.4574615988668
6426,2212,128.911183552441,0.0,B6,4,0,proton,2212,54.09442341356397,24.803567112086803,7.802225183253523,8.179319864455815,3,3,348.57481388763654
22582,2212,93.99212578879012,0.0,B2,0,1,deuteron,1000010020,87.54152297150827,62.59217120220983,9.065106078808464,11.241932422196221,2,1,219.26776211674863
24156,2212,113.267282183212,0.0,B2,0,1,deuteron,1000010020,48.37659828500528,48.37659828500528,13.77974403623541,13.779744036235412,1,1,111.4002803932926
14144,2212,98.35214032158554,0.0,B4,2,0,proton,2212,98.0535596386588,45.58929528568399,8.743773738649034,10.244560166318674,5,2,333.0133004481403
15746,2212,134.64364354140307,0.0,B6,4,0,proton,2212,68.61676192754078,22.066570970485362,7.606248242664652,8.161366953323789,4,4,467.20290217468863
14049,2212,96.53699600761264,0.0,B2,0,1,deuteron,1000010020,116.95407302540966,57.13775115755673,8.898482828551446,10.767908995601525,3,2,333.5978090824617
26610,2212,91.75533133605508,0.0,B2,0,1,deuteron,1000010020,83.65609629371909,57.358029024438125,9.08163174935108,11.099480518846988,2,1,218.597690926065
24681,2212,54.23741985616929,0.0,B4,2,1,deuteron,1000010020,59.07473709314928,33.738160182431336,10.289571560578981,10.563967740539525,4,2,226.88846111865308
2097,2212,96.5454631391858,0.0,B2,0,1,deuteron,1000010020,104.80541565524521,59.903927025193596,8.899692232154985,10.913151552704715,6,1,219.45020449692413
18939,2212,158.7859264062866,0.0,B8,6,0,proton,2212,75.6705582280912,31.80972882717554,7.1105690575555025,7.683045845095576,4,4,467.3553935596675
12676,2212,57.88253523525031,0.0,B4,2,0,proton,2212,64.59096952085662,24.824155442656718,10.360718437053947,10.635018375957385,4,2,226.1113916948321
10104,2212,70.53228163893104,0.0,B2,0,0,proton,2212,70.66525726758385,39.444549240682655,10.897648461895225,11.058244383818115,2,1,220.68521872385494
22894,2212,127.8924603479928,0.0,B6,4,0,proton,2212,55.382791404044035,25.808631808144977,7.8296206364072525,8.219986907181331,3,3,348.34269312583547
5970,2212,161.83711977087282,0.0,B8,6,0,proton,2212,58.4193525071436,20.139971916935906,7.00883930433135,7.499398737272655,4,4,467.2404910839418
8070,2212,82.98646650664128,0.0,B2,0,1,deuteron,1000010020,87.12938650479924,40.977045025898185,9.672171644156677,10.54336766282382,3,1,218.5040713377265
24211,2212,57.577273488253795,0.0,B4,2,1,deuteron,1000010020,61.98562091662731,38.837339884205385,10.427509873396936,10.68802174048182,2,2,226.76949313887053
1445,2212,67.61419909438435,0.0,B2,0,1,deuteron,1000010020,38.54433903696166,16.386272418576688,10.749915213939731,10.83080206483702,5,1,110.77684253013359
26129,2212,115.09120215891413,0.0,B2,0,1,deuteron,1000010020,48.810844286268285,48.810844286268285,13.757419985474762,13.757419985474762,1,1,110.75921785635623
29126,2212,100.35623675974634,0.0,B2,0,1,deuteron,1000010020,118.15293950787418,53.044421531918125,8.740243688900774,10.679648979696832,4,2,334.3625568801996
1189,2212,57.7844250936499,0.0,B4,2,1,deuteron,1000010020,63.151215545676735,39.656076543165895,10.387560454044744,10.648181421049214,2,2,226.48581282966032
869,2212,116.93762738692139,0.0,B2,0,1,deuteron,1000010020,46.70013956122526,46.70013956122526,13.749371259481176,13.749371259481174,1,1,111.13266572000433
15136,2212,139.83725980749455,0.0,B2,0,0,proton,2212,22.868801795852356,12.77144249536191,7.488576538271343,7.618717072133312,2,2,225.2283653049892
15072,2212,52.27393710014783,0.0,B2,0,1,deuteron,1000010020,16.157891469664662,16.157891469664662,10.314974899861593,10.314974899861593,1,1,112.73773000980358
1492,2212,91.34704333511804,0.0,B2,0,1,deuteron,1000010020,92.86901357671832,49.79814380153256,9.2128840969002,11.215099456811013,3,1,218.69672299583854
26908,2212,114.15451400485605,0.0,B2,0,1,deuteron,1000010020,47.64238947745096,47.64238947745096,13.640328514445814,13.640328514445814,1,1,110.60865598742798
9715,2212,71.79047139125053,0.0,B2,0,1,deuteron,1000010020,63.24459800921586,32.470829558393824,10.453770717362818,10.700309147419592,2,1,220.1800899266479
9713,2212,103.27777138851108,0.0,B2,0,1,deuteron,1000010020,92.69932074491368,50.2730484008789,8.583877056630682,10.14988951058111,5,1,220.2253555901866
11963,2212,140.8775305044217,0.0,B6,4,0,proton,2212,55.311416583285315,25.160379944552343,7.392262641895484,7.7679519574895375,3,3,341.3835493702562
8634,2212,53.91898018537915,0.0,B4,2,1,deuteron,1000010020,56.83160724898171,34.78557347217223,10.274186275896346,10.523447682582717,2,2,227.05571191025678
15126,2212,62.59360464353126,0.0,B4,2,1,deuteron,1000010020,65.67786600021307,43.22790594289963,10.43691250706134,10.714473736099384,2,2,223.86899377801203
10210,2212,156.09830453938503,0.0,B8,6,0,proton,2212,86.81869445270013,43.06277816581302,7.128785135727009,7.7623173342455125,5,4,465.4654466755709
17469,2212,145.13738899842417,0.0,B6,4,0,proton,2212,67.8829182257121,20.951068687503888,7.286826044469298,7.826804801578725,4,4,461.64501179066735
20564,2212,57.409451700537204,0.0,B4,2,1,deuteron,1000010020,58.72042449578465,36.64150539625071,10.445536644864573,10.70334817580859,2,2,227.40936919999803
8912,2212,110.03656628823774,0.0,B2,0,1,deuteron,1000010020,49.61862256506942,41.12689290330593,8.346788059975744,12.433292621924961,2,1,222.7956043771898
17533,2212,113.10345775098776,0.0,B2,0,1,deuteron,1000010020,43.225321769950256,43.225321769950256,13.478012424434153,13.478012424434155,1,1,111.12613323831174
29124,2212,135.90609136377202,0.0,B8,6,0,proton,2212,74.70418508254645,27.21932379641031,7.596811468778263,8.190240183525546,4,4,468.8590637825272
7491,2212,143.8781553779675,0.0,B6,4,0,proton,2212,55.960126775783905,23.171442105905097,7.305485376366684,7.731911357780697,4,4,461.0110348610975
3781,2212,137.3079795550556,0.0,B8,6,0,proton,2212,78.94501614185637,32.07363760409172,7.501072412447075,8.11222339699119,4,4,465.0069925495314
16822,2212,155.01387478780418,0.0,B8,6,0,proton,2212,90.35086479144762,45.55464866851692,7.151850237777088,7.792064071578513,4,4,465.2109725566089
12921,2212,108.338906688279,0.0,B2,0,1,deuteron,1000010020,42.03675958095577,42.03675958095577,13.143262779749866,13.143262779749866,1,1,110.08674276184931
15402,2212,128.26607568859035,0.0,B6,4,0,proton,2212,56.39893519303497,26.215904878762405,7.803103429148685,8.189098899483458,3,3,347.38665584045077
24199,2212,114.70802875599705,0.0,B2,0,1,deuteron,1000010020,52.99293536622126,50.02873086140225,13.713858074713114,13.724197488070692,2,1,110.65180162898297
11088,2212,111.08081258336543,0.0,B2,0,1,deuteron,1000010020,42.26509245843596,42.26509245843596,13.181618823326781,13.181618823326781,1,1,110.2210675297185
8466,2212,73.82174690813416,0.0,B2,0,1,deuteron,1000010020,33.39723778488995,33.39723778488995,11.124219228295605,11.124219228295605,1,1,110.24247770689358
2151,2212,80.35821038904353,0.0,B2,0,0,proton,2212,42.30378559387189,42.30378559387189,9.892999889916274,9.892999889916274,1,1,109.17104123732081
4356,2212,122.39387019574312,0.0,B2,0,1,deuteron,1000010020,61.73777747969056,61.73777747969056,14.874142642710929,14.874142642710929,1,1,111.86827831226924
27074,2212,148.1067209070418,0.0,B6,4,0,proton,2212,46.75450953293294,19.55305683702635,7.251201526659861,7.5910321941281325,3,3,341.511563547369
6514,2212,169.37163036075486,0.0,B6,4,0,proton,2212,36.63172288102427,13.570524100402828,6.984047301149926,7.27182204596709,3,3,350.17637441236246
4795,2212,164.3988249380041,0.0,B8,6,0,proton,2212,55.406229362758566,18.212832716611956,7.002249750019595,7.476481824829581,4,4,468.7458694292212
23692,2212,96.63318125629695,0.0,B2,0,1,deuteron,1000010020,57.396207394792555,57.396207394792555,12.394578506655519,12.394578506655519,1,1,109.42126490110095
2014,2212,138.85246180181633,0.0,B6,4,0,proton,2212,56.90478234478958,27.791559236503623,7.515418881260071,7.912313244171278,4,3,343.8865442580253
21517,2212,120.5449744576418,0.0,B2,0,1,deuteron,1000010020,63.95313363228805,63.95313363228805,14.606267102476995,14.606267102476995,1,1,111.72304701915132
18903,2212,86.26494017351025,0.0,B2,0,1,deuteron,1000010020,101.11723483395852,41.61555881373845,9.51975513491091,10.990368944412744,5,1,218.7098857497145
711,2212,111.49295082176955,0.0,B2,0,1,deuteron,1000010020,40.80265762340592,40.80265762340592,13.198749050838842,13.198749050838842,1,1,110.61352770538288
8924,2212,133.19483824440414,0.0,B6,4,0,proton,2212,59.332671017121,22.232806817242523,7.627325514138295,8.087277156059212,4,4,467.2285266942924
26629,2212,143.9088573785691,0.0,B6,4,0,proton,2212,51.34542196717612,22.624073754118008,7.3433108679897785,7.70395787883452,3,3,341.4593831278496
19059,2212,104.04193201430952,0.0,B2,0,1,deuteron,1000010020,36.22855184332657,36.22855184332657,12.676437359975678,12.676437359975678,1,1,109.68161420082363
5644,2212,130.50849985845676,0.0,B2,0,1,deuteron,1000010020,74.77476333779576,31.185266074044762,7.758414842239869,7.84004280833786,7,1,112.34995113312819
25827,2212,65.2625241934173,0.0,B4,2,1,deuteron,1000010020,73.17398828956152,49.78626172208335,10.61878122674525,10.91166212442445,2,2,224.22851161628247
16348,2212,133.39946723787781,0.0,B6,4,0,proton,2212,60.38400659354142,22.270063588671423,7.691869021864081,8.16716177508792,4,4,470.22289613952967
17103,2212,104.58755135087496,0.0,B2,0,1,deuteron,1000010020,37.62165268276142,37.62165268276142,12.896423629357304,12.896423629357304,1,1,110.86353962530632
10715,2212,164.96103861763922,0.0,B8,6,0,proton,2212,56.82597722599582,19.23117293812181,7.019682587976283,7.504922901934041,4,4,470.8706475212723
10460,2212,166.7992904238933,0.0,B8,6,0,proton,2212,53.223782013508355,17.322215174486598,7.028340456403158,7.501356841138543,4,4,474.1373023795079
18358,2212,167.1604780777275,0.0,B8,6,0,proton,2212,57.145763224404604,18.577326746152497,6.972152408869215,7.447097687962512,4,4,471.06861677703176
26117,2212,131.83161619498776,0.0,B6,4,0,proton,2212,54.120923358042546,24.855610957297348,7.673103875109689,8.046025253108581,3,3,345.08406720919334
20342,2212,154.51185174062988,0.0,B8,6,0,proton,2212,85.18716144346334,41.59791346116137,7.092059378065572,7.7161709411732975,4,4,462.0745634151025
23865,2212,91.09396245625393,0.0,B2,0,1,deuteron,1000010020,93.10873264795076,64.59126385186373,9.219445708646305,11.193668841784708,2,1,218.75029979074077
15119,2212,168.22681376496124,0.0,B8,6,0,proton,2212,51.30616411078055,15.203614317310327,7.022873933237077,7.470325378666319,4,4,475.6587841406994
28832,2212,93.4651941626199,0.0,B2,0,1,deuteron,1000010020,88.77337022977818,64.56996853939833,8.961035900002734,11.216655239179003,2,1,218.85884026034762
12153,2212,121.62907802380076,0.0,B2,0,1,deuteron,1000010020,64.01344959972027,61.366975810152674,14.574812190957491,14.585090142724278,2,1,111.52996567720291
24561,2212,82.44623578633274,0.0,B2,0,0,proton,2212,81.66226468259194,41.80388545415138,9.908586156389081,10.68202729985607,2,1,218.62969096628984
9895,2212,129.10977085131512,0.0,B6,4,0,proton,2212,58.09418349612571,27.567569099591807,7.8179625630644045,8.210247007267213,4,3,347.9811715340048
20340,2212,134.31141544101635,0.0,B4,2,0,proton,2212,42.897021756508934,15.09018484949274,7.615943631108237,7.9208486004796645,5,3,346.0282381248034
22142,2212,94.50512423373222,0.0,B2,0,1,deuteron,1000010020,85.33897865802959,59.62218104239835,9.167935873049375,11.32371752666458,2,1,219.58848568324998
24678,2212,153.54847619757962,0.0,B8,6,0,proton,2212,89.66223701185994,45.98189110640632,7.13464375384246,7.778704976085679,4,4,463.13755714014474
23020,2212,77.7546474457595,0.0,B2,0,1,deuteron,1000010020,35.56822197107711,35.56822197107711,11.230882787751325,11.230882787751325,1,1,109.57912569198288
24916,2212,143.7733689953886,0.0,B6,4,0,proton,2212,57.59233273604937,21.9886633872951,7.337887988637565,7.772378759922809,4,4,462.7994238762786
12696,2212,125.97783320804122,0.0,B4,2,0,proton,2212,30.346895588860978,16.959046185664196,7.973323389929152,8.143003207146531,2,2,230.30534156237903
24755,2212,128.96808830081022,0.0,B6,4,0,proton,2212,56.02820475921477,25.708575117985067,7.796899551411218,8.176301728674904,3,3,347.4381378187245
23113,2212,162.7694681496539,0.0,B8,6,0,proton,2212,56.61035459850041,18.80542943516111,6.998061282180085,7.477967337000945,4,4,467.12034118417023
17302,2212,163.270674590014,0.0,B2,0,0,proton,2212,11.60517379512147,11.60517379512147,6.979006353097221,6.979006353097221,1,1,111.31451275615976
20071,2212,102.5777020457105,0.0,B2,0,1,deuteron,1000010020,108.34837122277918,46.1951887938388,8.66269057669399,10.70824834886477,7,2,334.8492265035899
10477,2212,149.9746832603059,0.0,B8,6,0,proton,2212,84.44551749787952,36.98922964464656,7.171687727642666,7.786530375121791,4,4,461.2521649166665
11300,2212,136.45649498980703,0.0,B8,6,0,proton,2212,74.13877520546717,26.50142742184853,7.555472500981645,8.144343985339926,4,4,466.75143311244676
7869,2212,152.22696504897587,0.0,B8,6,0,proton,2212,85.07978220200678,39.1005803893229,7.1987027830596055,7.83536575994398,5,4,464.7001823062015
1111,2212,105.93840375331224,0.0,B2,0,1,deuteron,1000010020,82.65754241022924,38.31302921551805,8.676744318335325,10.734975054619857,3,2,338.66315117678454
18302,2212,153.20367066751936,0.0,B6,4,1,deuteron,1000010020,71.61848143023968,19.54250509525016,7.146778820029789,7.636521715252499,8,3,342.09674309780485
6720,2212,71.24578986090302,0.0,B2,0,1,deuteron,1000010020,54.046862426898365,32.29330767354109,10.910882301610943,11.444631544990118,2,1,220.76534112423548
10828,2212,142.78142318948687,0.0,B6,4,0,proton,2212,54.12324665696195,24.967908545201063,7.376111803868675,7.748006169015567,3,3,341.8582122942448
23275,2212,52.26892792440485,0.0,B2,0,1,deuteron,1000010020,28.345223586407606,22.645303317518735,10.294752364085918,10.377108024132522,2,2,113.17657626452514
1717,2212,64.60649276278217,0.0,B4,2,1,deuteron,1000010020,88.73226883464436,40.27326432431938,10.554001884499087,10.94425531416885,8,2,227.61009076645618
8835,2212,65.92691983439181,0.0,B4,2,1,deuteron,1000010020,76.92648551965502,52.753934109476326,10.639206664689235,10.93376661555403,2,2,225.3380820762689
10232,2212,139.20682942204783,0.0,B6,4,0,proton,2212,46.08327860614128,18.67583145029487,7.4550472918894615,7.788016414713073,3,3,342.9723142442221
11821,2212,88.27816692933581,0.0,B2,0,1,deuteron,1000010020,75.18666541388052,46.48003730008648,9.184041847921964,10.747347553029382,2,1,218.44761930823125
4568,2212,81.60167311498878,0.0,B2,0,0,proton,2212,79.72825589077733,41.64479107297236,9.924843117108242,10.651294137803907,2,1,218.67643207271016
3540,2212,156.17864530165104,0.0,B8,6,0,proton,2212,81.86735887466878,38.722137195977545,7.101304933921662,7.713808809252107,4,4,463.31242333215033
25594,2212,163.54538641895164,0.0,B8,6,0,proton,2212,54.49747297762412,18.33127324960281,6.990810452326827,7.469997918798959,4,4,467.4958215146444
21724,2212,81.23807552934831,0.0,B2,0,0,proton,2212,79.62204784859772,40.272571881263374,10.015309443003984,10.712819489655663,2,1,218.8270800253025
21833,2212,55.117295434830844,0.0,B4,2,1,deuteron,1000010020,58.56588943897925,36.48646337847589,10.37537091285627,10.631051008095318,2,2,228.33233549882692
9234,2212,169.81496422979063,0.0,B2,0,0,proton,2212,10.345389842464652,10.345389842464652,7.037680054718187,7.037680054718187,1,1,113.97011074214167
3471,2212,165.37681013780332,0.0,B8,6,0,proton,2212,56.97159601963921,18.872281798335177,6.995454620459213,7.473610750109613,4,4,470.56741159560033
3526,2212,139.0938801818856,0.0,B8,6,0,proton,2212,85.83245462333102,40.1753115578264,7.424574484415622,8.056161893819358,4,4,463.59445094283706
27098,2212,70.26214578088545,0.0,B2,0,1,deuteron,1000010020,47.941095475025534,31.116494741884146,10.956656163473438,11.468233369096676,2,1,220.13231275837177
12188,2212,115.75959656420056,0.0,B2,0,1,deuteron,1000010020,51.42445352697273,51.42445352697273,13.88656139004565,13.88656139004565,1,1,110.6833353741998
24418,2212,69.18946801539528,0.0,B4,2,1,deuteron,1000010020,126.24859037865436,61.96399385480508,10.773460239101757,11.237612470341643,4,2,335.681875920962
4668,2212,95.38497628758947,0.0,B4,2,0,proton,2212,63.64221279145299,45.11527634597795,8.833628638159146,9.098143278447369,2,2,224.31315348088307
621,2212,61.718133666072966,0.0,B4,2,1,deuteron,1000010020,65.77911908892708,42.810285857389296,10.491761725524686,10.766250863163151,2,2,225.44350239374177
171,2212,105.95765429098951,0.0,B4,2,0,proton,2212,106.12478308398781,47.87520225115228,8.789027788888976,10.494794417598108,3,2,338.9073762390951
358,2212,112.0086793319402,0.0,B2,0,1,deuteron,1000010020,43.35111953583954,39.0814391244411,13.497373296536571,13.52325523796351,2,1,110.94059017999868
11744,2212,82.00990577503339,0.0,B2,0,1,deuteron,1000010020,39.04136537182735,39.04136537182735,11.442077847948617,11.442077847948617,1,1,109.09353259334814
18999,2212,139.54165935370673,0.0,B6,4,0,proton,2212,53.94652138777509,24.79646463456702,7.488668779544645,7.863553859912054,3,3,343.2638744096406
8344,2212,77.1613863252864,0.0,B2,0,1,deuteron,1000010020,25.51433755788561,13.848891864078965,11.179778861618923,11.224744130978776,5,1,109.17779387852195
291,2212,138.77127188816502,0.0,B6,4,0,proton,2212,66.22419845917133,20.75069987124559,7.477648288991462,8.012706488185005,5,4,464.4246907128396
15541,2212,165.28998200069236,0.0,B8,6,0,proton,2212,54.442244094765755,18.065319234436235,7.020737136107522,7.494151409431694,4,4,471.5312778354076
29808,2212,89.82049660498392,0.0,B2,0,1,deuteron,1000010020,80.82392836953242,50.77042336543271,9.200742980267359,10.899602148525029,3,1,218.53078774202567
16613,2212,130.74900592688778,0.0,B6,4,0,proton,2212,58.27628728571658,28.497652688610604,7.7260277540996025,8.11583653260732,3,3,346.08322613412884
26132,2212,113.00175916917607,0.0,B2,0,1,deuteron,1000010020,72.32477051397458,54.21491676631953,13.601205168326977,13.62189830674028,2,1,110.37253382522738
23876,2212,76.64854027624918,0.0,B2,0,0,proton,2212,66.81463139204139,38.65675157326859,10.185558839820485,10.595891839744,6,1,219.2579799279524
5341,2212,162.66360614976213,0.0,B8,6,0,proton,2212,59.64489956637469,19.688593315307354,7.031193578474461,7.51280764845746,4,4,469.01790799671295
26952,2212,95.9749566217242,0.0,B2,0,1,deuteron,1000010020,97.11604582271596,59.52686099029395,8.933985656415022,11.04715769725536,8,2,218.95766558243963
6068,2212,146.403082727182,0.0,B8,6,0,proton,2212,70.50728803812083,22.9143288570415,7.309603618186204,7.885079438249189,4,4,463.1935656584849
1109,2212,125.41098775373473,0.0,B2,0,0,proton,2212,13.511292921764841,13.511292921764841,7.97212887839008,7.97212887839008,1,1,113.24887909057978
18755,2212,151.67660922832,0.0,B8,6,0,proton,2212,88.17466074457514,43.68098492606182,7.1963200799888005,7.837434159784023,4,4,464.76160306901033
27012,2212,123.33190312966295,0.0,B2,0,1,deuteron,1000010020,60.94696630951803,60.94696630951803,15.058722378961011,15.058722378961011,1,1,112.55712499110912
17090,2212,168.18585538232162,0.0,B8,6,0,proton,2212,53.072538708295326,17.731196533944182,7.040618207948765,7.511846092800343,4,4,476.12435424786935
28929,2212,117.53665872320626,0.0,B2,0,1,deuteron,1000010020,57.807869819508355,57.807869819508355,14.207130261595713,14.207130261595713,1,1,111.6947275653536
23215,2212,107.86831133062819,0.0,B2,0,1,deuteron,1000010020,80.80274594307517,41.06620839820079,8.463979965473301,10.900121107084065,3,2,338.39508853090564
11346,2212,148.20104183119162,0.0,B8,6,0,proton,2212,77.88662611450661,30.190326565521335,7.239376806888622,7.8461390831496916,4,4,463.3211890571125
6703,2212,160.4356026776108,0.0,B8,6,0,proton,2212,57.6541563665248,20.145842084536792,7.0364230848662155,7.529682629453308,4,4,466.10160407976116
6731,2212,115.9472394359748,0.0,B2,0,1,deuteron,1000010020,52.16610123164354,52.16610123164354,14.050248965995381,14.050248965995381,1,1,111.31817545630295
7810,2212,97.24703064051667,0.0,B2,0,1,deuteron,1000010020,117.56696403366647,57.47246955829148,8.864149471638767,10.712917320233537,4,2,334.7322200986254
23448,2212,106.34493864739997,0.0,B2,0,1,deuteron,1000010020,37.111457462850694,37.111457462850694,12.83653312398899,12.83653312398899,1,1,110.51092094416435
24173,2212,87.39060169541021,0.0,B2,0,1,deuteron,1000010020,75.95698866227202,45.356298520964174,9.226915697799313,10.698291222861968,3,1,218.3054034698293
15634,2212,58.49720339986401,0.0,B2,0,1,deuteron,1000010020,22.96513244665354,22.50674944258705,10.343329283400626,10.365074635125456,2,2,110.74214049085982
14262,2212,66.96664607151293,0.0,B4,2,1,deuteron,1000010020,138.99558258578102,64.72637971217115,10.6842704612492,11.343049229998245,4,2,336.1805099513235
17078,2212,57.95780183077671,0.0,B4,2,1,deuteron,1000010020,60.838733008547514,38.090497421826576,10.340398512873792,10.600196262279992,2,2,225.35785020538248
17673,2212,101.09228246932774,0.0,B2,0,1,deuteron,1000010020,105.41643193375592,51.19094139826759,8.707906549251158,10.815316632731504,3,2,334.7400145697603
1459,2212,152.79182831956015,0.0,B8,6,0,proton,2212,88.68898174647617,43.69092031335899,7.1811771445839225,7.823274499379197,4,4,464.81726955255084
24786,2212,114.55234743351187,0.0,B2,0,1,deuteron,1000010020,44.902735497974845,44.902735497974845,13.465648755879858,13.46564875587986,1,1,110.22060229742647
29430,2212,142.5633883499552,0.0,B6,4,0,proton,2212,52.29996931809765,23.737005779368655,7.361888500727315,7.728544699173449,3,3,341.30584859059616
1920,2212,94.56016080468436,0.0,B2,0,1,deuteron,1000010020,85.69529918341128,59.04951537297949,9.113920971702992,11.318781577058987,3,1,219.23500525672478
2908,2212,151.65876616492662,0.0,B8,6,0,proton,2212,86.4431029541582,40.683448339849875,7.13512114611684,7.767180780751096,4,4,460.68783438288665
20971,2212,96.6160229926426,0.0,B4,2,0,proton,2212,63.72799678707291,45.632505646682844,8.833209886533124,9.098143838503168,2,2,225.071111433219
29294,2212,64.23398713238738,0.0,B4,2,1,deuteron,1000010020,71.94126967144241,48.10384893132321,10.595085067329476,10.883965194710717,3,2,225.58344900615725
10151,2212,137.93309669512536,0.0,B8,6,0,proton,2212,76.82972599593808,30.532128909506568,7.482007556178509,8.08686167858282,4,4,464.61885818744736
5567,2212,78.75475924804503,0.0,B2,0,1,deuteron,1000010020,71.22181080175798,37.40416777126026,10.301304904315487,10.844367098269712,2,1,219.04527385351093
2553,2212,159.15283789753332,0.0,B8,6,0,proton,2212,63.80554063342255,23.131240869448508,7.098745396158608,7.612466677439287,4,4,468.0904227759953
5638,2212,51.7187238779897,0.0,B4,2,1,deuteron,1000010020,51.89561468981914,30.518449841341784,10.2100529470297,10.449096261753851,2,2,227.37530929660687
11467,2212,168.57284740466943,0.0,B6,4,0,proton,2212,38.737838019438584,14.890029962449841,7.031636919645765,7.325808856268269,3,3,351.5671489266392
10716,2212,119.00429713802859,0.0,B2,0,1,deuteron,1000010020,59.95127348651955,59.536884769341555,14.20077513798311,14.202754617687942,2,1,110.7225108502858
21147,2212,146.81916237965638,0.0,B2,0,1,deuteron,1000010020,116.4992016481961,38.83885939848821,7.245820186285717,11.446104456600741,5,4,573.3920494169784
5541,2212,157.82803685332897,0.0,B6,4,0,proton,2212,86.72722294834084,26.888467041962112,7.078891322177315,7.493149686367002,7,3,228.56016673318985
974,2212,156.25675750388478,0.0,B2,0,0,proton,2212,77.17509625589418,52.96646499633789,7.0949221644778175,7.115364495199105,4,1,110.18362789526691
1629,2212,138.20671059580025,0.0,B8,6,0,proton,2212,80.41809497719137,34.209249000012896,7.446253250715649,8.06174262172157,5,4,464.4904615055259
15660,2212,115.6792728125347,0.0,B2,0,1,deuteron,1000010020,46.11286103478315,46.11286103478315,13.706405260119036,13.706405260119036,1,1,111.45998543128988
14450,2212,84.41317246080041,0.0,B2,0,0,proton,2212,89.60152898840303,46.15360607830436,9.797150216082727,10.662888535627213,3,1,218.83256790951026
8177,2212,103.5785570637201,0.0,B2,0,1,deuteron,1000010020,96.77594526498157,38.36104478944139,8.71226576315092,10.480473768288896,3,2,335.46234000336494
22460,2212,117.0393963287851,0.0,B2,0,1,deuteron,1000010020,51.79392075999446,51.79392075999446,13.966403647941243,13.966403647941243,1,1,111.36566919347827
8943,2212,71.24169241080844,0.0,B2,0,0,proton,2212,75.47112549071969,44.281743299006806,10.877128742618014,11.063634060414524,2,1,221.51043161500328
14659,2212,162.67661772876622,0.0,B8,6,0,proton,2212,56.369714616215425,18.702699331205316,7.039162466658379,7.518712009307717,4,4,469.0788780468064
28535,2212,106.50120983724533,0.0,B2,0,1,deuteron,1000010020,37.23293331355682,37.23293331355682,12.827951438107139,12.827951438107139,1,1,109.74883011510451
22375,2212,132.91827545102785,0.0,B4,2,0,proton,2212,55.70056550360333,42.87031033178652,7.665562953193835,7.916123695216648,2,2,112.94054034002296
12456,2212,78.6484739254046,0.0,B2,0,0,proton,2212,75.66536850729733,38.9287345249037,10.043136046204253,10.641005146477102,3,1,218.72468258261767
20058,2212,101.28510323813187,0.0,B2,0,1,deuteron,1000010020,111.02183507833482,49.17145867306132,8.718113324603605,10.709320300304277,3,2,334.7024010993623
4806,2212,112.15211028610311,0.0,B2,0,1,deuteron,1000010020,43.34567012522738,43.34567012522738,13.310621138747658,13.310621138747658,1,1,110.82978375610102
6115,2212,146.44056974511554,0.0,B2,0,1,deuteron,1000010020,117.71732167799468,42.322457078690086,7.2566351040159764,11.433840176770666,5,4,573.8390348792713
22520,2212,137.7746830237739,0.0,B8,6,0,proton,2212,81.05880391707748,33.5732106656961,7.440185479964164,8.057044828509916,4,4,463.5433635468279
16948,2212,62.75576479072225,0.0,B2,0,0,proton,2212,41.44015742411326,29.983416973882523,10.563014929908105,10.62162259319843,8,3,122.4419232398916
18001,2212,162.0062587113718,0.0,B8,6,0,proton,2212,57.670784321871636,19.34654349167406,7.002087189792867,7.481051163966095,4,4,466.95993903812496
12612,2212,161.88798542940677,0.0,B8,6,0,proton,2212,55.398132539324564,18.914550466604805,7.039016291601724,7.522202131984767,4,4,468.1513088247482
26752,2212,56.09969449344603,0.0,B4,2,1,deuteron,1000010020,59.8796644672644,37.4380013612548,10.324363259758677,10.580863236608836,2,2,226.59480108792778
6713,2212,55.792968274853685,0.0,B4,2,1,deuteron,1000010020,70.37292978027551,48.29378111487022,10.352603174299297,10.635008285457575,2,2,112.25835864642276
4755,2212,163.1928486033403,0.0,B8,6,0,proton,2212,57.4035919181546,19.14913087990839,7.059232037519231,7.5389729725492405,4,4,471.02369710440286
8998,2212,83.22630892536111,0.0,B2,0,1,deuteron,1000010020,79.39148344651588,41.028656464325884,9.526371681209026,10.539180953438194,2,1,218.75851021142745
12087,2212,153.7355955825773,0.0,B8,6,0,proton,2212,92.4716888828631,46.36934521845486,7.168563088124372,7.831533391453565,5,4,465.479866128662
17603,2212,61.53358117438182,0.0,B4,2,1,deuteron,1000010020,64.55907699260965,41.68710835593299,10.49164745595945,10.763667914034542,2,2,225.18714745026665
8615,2212,64.36256006289724,0.0,B4,2,1,deuteron,1000010020,69.71107821945401,46.182827597918426,10.586173586769643,10.868553003437151,2,2,225.29303376163398
21185,2212,146.68128856727216,0.0,B2,0,1,deuteron,1000010020,106.9379040356198,37.31029328108032,7.259497565904387,11.731748849383322,5,4,573.8426573277734
11987,2212,75.32845951948784,0.0,B2,0,1,deuteron,1000010020,33.79522915945725,33.79522915945725,11.044078356048022,11.044078356048022,1,1,109.23876577739927
26140,2212,163.28343544928657,0.0,B8,6,0,proton,2212,93.3338857649168,34.82353973388672,6.992143041629434,7.663583992050866,8,4,467.65270827349326
29463,2212,161.47813887707576,0.0,B8,6,0,proton,2212,58.87438291364738,21.03206946360958,7.069003082367429,7.566582750452804,5,4,469.2713991680769
22637,2212,56.614176738873624,0.0,B2,0,1,deuteron,1000010020,38.74378550597673,23.961944738919232,10.438674527498076,10.60628320815092,4,2,227.71062134795565
28014,2212,120.3120884789789,0.0,B2,0,1,deuteron,1000010020,55.47941951703776,55.47941951703776,14.079111214846181,14.079111214846181,1,1,111.1340782404967
8604,2212,166.44182057684662,0.0,B8,6,0,proton,2212,55.69654459169456,17.792136123154688,7.016746897502082,7.48596089274529,4,4,473.38260763017206
14331,2212,89.5743007717031,0.0,B2,0,1,deuteron,1000010020,51.682532256240414,51.682532256240414,11.87795997158429,11.87795997158429,1,1,109.47605339826423
16397,2212,101.13340570118356,0.0,B2,0,1,deuteron,1000010020,50.16857687462712,50.16857687462712,12.847823672818736,12.847823672818736,1,1,109.49409721912141
3184,2212,116.30186574233605,0.0,B2,0,1,deuteron,1000010020,47.027411003417896,47.027411003417896,13.642389384648698,13.642389384648698,1,1,110.98012820486406
14185,2212,141.9376666635468,0.0,B6,4,0,proton,2212,50.70469641260495,22.67667339994672,7.390078954209413,7.756611404362148,3,3,341.3275499385298
20717,2212,164.0533484865937,0.0,B8,6,0,proton,2212,55.80737533588709,18.80356180882243,7.015242484188284,7.494687787028902,4,4,468.8944942389228
21143,2212,118.16069915579372,0.0,B2,0,1,deuteron,1000010020,69.21995325618555,66.68176160719413,13.980136210020955,13.982036472845554,2,1,111.04792536831064
8175,2212,113.06726586485303,0.0,B2,0,1,deuteron,1000010020,44.16212158291358,44.16212158291358,13.442805082677465,13.442805082677465,1,1,110.2436125521585
5308,2212,138.6620010753071,0.0,B8,6,0,proton,2212,80.66671703110552,34.68626278361682,7.451347752727614,8.07575290601439,4,4,463.7528609537447
23627,2212,104.96300747562779,0.0,B2,0,1,deuteron,1000010020,37.63995708303271,37.63995708303271,12.797909343985545,12.797909343985545,1,1,109.92142502068359
23716,2212,74.91820662917215,0.0,B2,0,1,deuteron,1000010020,62.642047106665785,33.906347854721325,10.168046783153043,10.646327838862069,2,1,219.8480205936551
17956,2212,164.361604268103,0.0,B8,6,0,proton,2212,57.23412735106793,18.840638961305814,6.9822824176450515,7.45918848823918,4,4,468.8297344581491
5963,2212,52.872609338857885,0.0,B4,2,1,deuteron,1000010020,54.13899698729192,32.419109626400285,10.294246773086702,10.537702247855353,2,2,228.4617907443532
27583,2212,62.67555354084933,0.0,B4,2,1,deuteron,1000010020,75.39142325869477,51.15310758540549,10.55086287674194,10.84470956338497,2,2,225.3774266158682
3480,2212,151.5406173856081,0.0,B8,6,0,proton,2212,84.82853867571131,38.90290266317302,7.186929066043677,7.816829352558571,4,4,464.002527564037
9542,2212,167.64034906485105,0.0,B8,6,0,proton,2212,53.988813515448186,17.76531581539896,7.028473557738748,7.501498196941599,4,4,475.26004997578497
27512,2212,55.79498673495093,0.0,B4,2,1,deuteron,1000010020,57.4847826404862,36.05852545950705,10.381555148347482,10.639553821326526,2,2,227.61821568054938
7866,2212,77.46110657695901,0.0,B2,0,1,deuteron,1000010020,35.71383982193249,35.71383982193249,11.280230342377575,11.280230342377575,1,1,109.98194956198942
3209,2212,150.68512686899481,0.0,B8,6,0,proton,2212,80.6900286317271,32.857673295205736,7.177046610272278,7.7819251361922674,4,4,461.4824648425267
21924,2212,103.00629036721705,0.0,B2,0,1,deuteron,1000010020,34.41889490657078,34.41889490657078,12.435875382993123,12.435875382993123,1,1,109.50023361748822
2757,2212,100.46721917895873,0.0,B2,0,1,deuteron,1000010020,115.28989444885315,50.1920677482267,8.808260118000499,10.687317490369482,3,2,335.83044266454317
27472,2212,109.32750357986973,0.0,B2,0,1,deuteron,1000010020,63.02228010463516,41.38329350070231,8.427930955951192,11.550945057364098,3,2,339.110401499693
16285,2212,107.79219441892846,0.0,B4,2,0,proton,2212,41.85483057083995,25.66998486388207,8.548002281657663,8.760327722146974,2,2,227.71485741823852
28968,2212,113.36819080714875,0.0,B2,0,1,deuteron,1000010020,44.29074862041459,44.29074862041459,13.6002307264338,13.600230726433798,1,1,110.85779287162002
18463,2212,107.53112204371511,0.0,B2,0,1,deuteron,1000010020,38.78743285897367,38.78743285897367,12.964388982953196,12.964388982953196,1,1,109.82447588312303
27443,2212,135.03356726033888,0.0,B8,6,0,proton,2212,72.69545740854832,22.958336162086994,7.552954026450721,8.123716330504017,4,4,466.7282147965676
12862,2212,120.35615030126627,0.0,B2,0,1,deuteron,1000010020,60.06343766469705,60.06343766469705,14.107005996191841,14.107005996191841,1,1,110.89760105046005
29387,2212,52.89350562385709,0.0,B4,2,1,deuteron,1000010020,60.90571339155463,37.752301793499825,10.276540505544048,10.530474022641954,2,2,227.0393278612736
13756,2212,138.60020378084263,0.0,B8,6,0,proton,2212,83.36041771737494,36.39252943567135,7.428324720692175,8.048129874563484,4,4,463.92795825746543
26567,2212,129.7184305492319,0.0,B6,4,0,proton,2212,61.686758264144096,30.55486469327712,7.733438342085396,8.137914379208233,4,3,346.21523420782756
25228,2212,150.97575395562106,0.0,B8,6,0,proton,2212,83.9002670572366,37.939108396356374,7.172351656804599,7.795029090135236,4,4,462.4761233919721
7368,2212,166.86720685660413,0.0,B2,0,0,proton,2212,32.170771769998815,11.686761994887407,6.99867768313747,7.063836092540548,6,2,118.0072046644729
7759,2212,105.88283364806985,0.0,B4,2,0,proton,2212,103.95112360298708,47.19959545939262,8.698010059978351,10.455183225010087,3,2,336.814396600494
10433,2212,170.40982886704745,0.0,B4,2,0,proton,2212,22.161202445915087,12.091539833526348,6.979501060944048,7.121948889364605,2,2,230.06183512489378
18625,2212,130.38799447193085,0.0,B6,4,0,proton,2212,55.637183310505975,25.924810501015564,7.777964416691455,8.159920457503677,3,3,347.47928650973745
29553,2212,72.7463995641684,0.0,B2,0,0,proton,2212,73.28915895799658,39.59960250666559,11.046388787297683,11.172217330195483,2,1,220.8405114794939
8332,2212,67.1280391994541,0.0,B4,2,1,deuteron,1000010020,105.51028710206076,53.39389335893411,10.673298669910967,10.966185669880204,3,2,335.9399798223163
11296,2212,93.29016074680573,0.0,B2,0,1,deuteron,1000010020,62.84058092063421,62.67767124747409,8.490769991322978,12.175807618437439,3,1,120.95328210844968
7792,2212,162.69872677842767,0.0,B8,6,0,proton,2212,57.44763124960092,19.19047487705973,7.000512591940492,7.481830846713745,4,4,466.8455702112509
18447,2212,145.8623766455489,0.0,B2,0,1,deuteron,1000010020,114.7605783421123,42.551365589531656,7.306595781085844,11.511907735447043,6,4,575.391145225213
19548,2212,131.8861253201377,0.0,B6,4,0,proton,2212,52.02358806733598,23.041239949500163,7.7257519147722,8.091980073919093,3,3,346.9715408109356
39,2212,161.432585121701,0.0,B8,6,0,proton,2212,54.84422009024439,18.19445441904784,7.051953220867518,7.5315523139714475,4,4,469.34754254287327
9503,2212,114.40656118913586,0.0,B2,0,1,deuteron,1000010020,47.25538794038179,47.25538794038179,13.756046023201613,13.756046023201613,1,1,110.89370240846839
27722,2212,56.91794954052259,0.0,B4,2,1,deuteron,1000010020,60.86153003863977,38.847665783962135,10.404577747032764,10.668880176399595,2,2,227.18248247213756
5576,2212,95.7815263247576,0.0,B2,0,1,deuteron,1000010020,82.59082053562175,58.87498194682739,8.93928579167108,11.365437369389337,2,1,219.13996453565983
15701,2212,99.29273135444618,0.0,B2,0,1,deuteron,1000010020,115.3669522684942,53.939540651454,8.751937505530174,10.686405306356521,3,2,334.06409504837745
6252,2212,147.86839234989378,0.0,B8,6,0,proton,2212,75.1624845146167,28.337085095032005,7.2344775036909486,7.829387017889172,4,4,460.82313587930753
27681,2212,105.74374462135293,0.0,B4,2,0,proton,2212,97.99095837353121,41.736866850503716,8.731266644582437,10.52206510151263,3,2,337.91210505138787
24886,2212,77.07491951918473,0.0,B2,0,0,proton,2212,33.94055056050195,33.28162433230966,10.350353213093603,10.350616552849647,2,1,109.81896257449381
17092,2212,168.470345326,0.0,B6,4,0,proton,2212,41.835840651872275,14.281520176859873,7.013085480704374,7.3872298849567954,4,4,474.993616749882
24346,2212,104.02837366612344,0.0,B4,2,0,proton,2212,97.36865076342445,42.41282829403993,8.80018275838813,10.420536501335002,3,2,337.28285362448736
28560,2212,133.84049677757417,0.0,B6,4,0,proton,2212,64.19793204307226,32.397847105766566,7.646526085528323,8.066908916720383,4,3,345.87841693782303
2819,2212,137.0330459938608,0.0,B8,6,0,proton,2212,74.50495043428977,26.612523642241502,7.518963375577334,8.102586699628779,4,4,465.58148538748264
20773,2212,122.25751180160248,0.0,B2,0,1,deuteron,1000010020,63.92284250194938,63.92284250194938,14.614029058878737,14.614029058878737,1,1,111.75202239134107
8101,2212,158.93020613928556,0.0,B8,6,0,proton,2212,70.7081132888121,28.38480557825518,7.064654920215997,7.629043471924795,5,4,465.3470037430993
27973,2212,86.46952853488825,0.0,B2,0,1,deuteron,1000010020,48.345948646743054,48.345948646743054,11.749249461272363,11.749249461272363,1,1,109.39945286383792
27991,2212,148.6399332833339,0.0,B8,6,0,proton,2212,77.78352315323376,30.086071253064073,7.219180700561641,7.812906155559371,4,4,462.1260747680951
6735,2212,53.188702517152024,0.0,B4,2,1,deuteron,1000010020,54.45689585045989,31.93913692112289,10.38316581406035,10.623730084822926,2,2,229.16848495023083
15408,2212,89.76302409013525,0.0,B2,0,1,deuteron,1000010020,51.55550321882257,51.55550321882257,11.890566250351764,11.890566250351762,1,1,109.37341610816134
2829,2212,92.85700884589473,0.0,B2,0,1,deuteron,1000010020,88.80041230996291,64.65215510751581,9.014291755905022,11.202334983533534,2,1,218.87227959037773
45,2212,115.74484306316474,0.0,B2,0,1,deuteron,1000010020,45.299320952787085,45.299320952787085,13.657016858579533,13.657016858579533,1,1,111.15895852908193
2372,2212,100.77886965475246,0.0,B2,0,1,deuteron,1000010020,68.21461265465587,50.897035270480686,8.766242764566783,11.795954046336819,2,1,220.43876181367887
946,2212,151.03300876578805,0.0,B8,6,0,proton,2212,82.85063587703165,37.356607219301736,7.180916569573864,7.8055280726606036,4,4,461.9552189252715
21524,2212,152.0265944080375,0.0,B8,6,0,proton,2212,85.22820909015736,39.84908088611883,7.160024719858098,7.786448230333758,4,4,462.74075702180244
8355,2212,143.54322053083695,0.0,B6,4,0,proton,2212,60.88693594915844,21.803905023124297,7.3734153916022995,7.855807935921836,4,4,465.0099161067128
16131,2212,153.2765589281752,0.0,B6,4,0,proton,2212,94.46806690887286,40.130782785321514,7.178226650506809,7.599445730546738,7,3,228.75420530348416
12786,2212,163.03516221992572,0.0,B8,6,0,proton,2212,55.47652240378145,19.15842020689177,6.997703380998611,7.4881754177639746,5,4,467.18661213146305
27347,2212,106.00798885566455,0.0,B4,2,0,proton,2212,100.72809426701309,46.260667794969706,8.571835841663754,10.273892413514472,4,2,335.92273562161205
2545,2212,126.9807343471662,0.0,B6,4,0,proton,2212,57.993669423448765,27.418141590959564,7.86955575406505,8.261959916184574,3,3,348.14389066263453
28307,2212,65.76088382244654,0.0,B4,2,1,deuteron,1000010020,74.47802512382687,51.32347825030758,10.655726751574445,10.952104985621814,2,2,225.10482102281594
289,2212,65.55681092965992,0.0,B4,2,1,deuteron,1000010020,72.54717936436668,48.78978509592674,10.632419441826663,10.921565274080722,2,2,225.317045677515
13084,2212,161.6876080229236,0.0,B8,6,0,proton,2212,59.23715092333169,19.817477199986122,7.048953654151955,7.5343901016914945,4,4,468.3487897301536
2237,2212,147.8305865316388,0.0,B4,2,0,proton,2212,74.26759096000777,53.314534922683336,7.228083381675106,7.574921806007928,6,2,115.5488844803731
14392,2212,60.33241710629324,0.0,B4,2,1,deuteron,1000010020,63.55379097536378,40.56113756110691,10.45714853277029,10.724754129140212,2,2,225.62905953086894
16123,2212,123.12233343985223,0.0,B2,0,1,deuteron,1000010020,61.443457179498,61.443457179498,14.851531720970248,14.851531720970248,1,1,111.4421329794008
29736,2212,150.94569110730828,0.0,B8,6,0,proton,2212,81.48774455866507,33.91272535233002,7.179107089252175,7.786629370694222,4,4,462.2137502077486
5189,2212,156.40904528889223,0.0,B8,6,0,proton,2212,81.12298469880628,37.21734398485999,7.131273870901398,7.737468024399854,4,4,465.54878717700353
28964,2212,141.50671719358309,0.0,B6,4,0,proton,2212,52.83012594900531,23.946116599373262,7.392458550848465,7.76329137355217,3,3,341.459290722894
16375,2212,70.54529220518754,0.0,B2,0,0,proton,2212,71.54473679634154,39.9027064364032,10.549647459350084,10.674975217659782,2,1,221.02924414383136
23135,2212,56.95722654478714,0.0,B4,2,1,deuteron,1000010020,59.88946233894555,37.884273301426155,10.416303732461413,10.677235760809356,2,2,227.00258069625465
6002,2212,72.64648790760798,0.0,B2,0,0,proton,2212,26.727164223921964,26.727164223921964,10.050329382328112,10.05032938232811,1,1,110.39375455865965
6957,2212,68.70840466373815,0.0,B4,2,1,deuteron,1000010020,88.28534157975326,63.710835558577706,10.797082069859647,11.11414216403846,2,2,225.13931650013518
2142,2212,56.81179339468637,0.0,B4,2,1,deuteron,1000010020,88.19208653200613,48.725630701680984,10.398191356871898,10.800323510835755,5,2,227.52349767968838
20530,2212,83.0349337676565,0.0,B2,0,0,proton,2212,84.96417800081035,44.512232792628076,9.753170371588283,10.59705931446017,2,1,218.5016025653856
24981,2212,53.37607047838042,0.0,B4,2,1,deuteron,1000010020,55.802476886476185,34.604006088083196,10.344259386441665,10.596251640336858,2,2,228.56836589613238
22892,2212,129.68424739001676,0.0,B6,4,0,proton,2212,53.00391649999018,24.41145126524755,7.746184816760146,8.12611723334649,3,3,347.1992906575492
15803,2212,158.72530022951764,0.0,B6,4,0,proton,2212,66.92674400656777,14.610037736537318,7.068635036993089,7.54162850163305,7,3,343.2234687938504
24769,2212,95.24036268129429,0.0,B2,0,1,deuteron,1000010020,62.313195649527245,34.47019781038529,8.909757954210594,10.998955889267458,5,2,219.04210898143702
450,2212,119.12382981487231,0.0,B2,0,1,deuteron,1000010020,53.76842485810177,53.76842485810177,14.09273167235734,14.09273167235734,1,1,111.40285533103777
11733,2212,116.16751684264172,0.0,B2,0,1,deuteron,1000010020,46.17196321343765,46.17196321343765,13.613897121470517,13.613897121470519,1,1,110.74037570716254
3003,2212,158.8801988293011,0.0,B8,6,0,proton,2212,57.386640374216626,20.630696699832455,7.0708879220583,7.574744032441989,4,4,467.70505876763224
20435,2212,88.08948491540207,0.0,B2,0,1,deuteron,1000010020,75.18383525207591,30.355635518525332,9.263473727690263,10.807548105700553,7,1,218.98998137171498
11035,2212,163.8990873333008,0.0,B8,6,0,proton,2212,57.282330116754,19.183432618069546,6.989979751542076,7.4667954087559885,5,4,467.6175764738057
4725,2212,108.14295019724763,0.0,B2,0,1,deuteron,1000010020,63.46983464953946,38.663413543073396,8.449501689234875,11.201720119215624,3,2,339.0831141358225
19056,2212,85.30571360158882,0.0,B2,0,0,proton,2212,100.53115434220754,47.20428622582063,9.740373387293394,10.76742475139414,3,1,218.87062677822473
9942,2212,75.28173592151057,0.0,B2,0,1,deuteron,1000010020,59.345855930724255,33.50258836221827,9.93514724332088,10.554929143379008,2,1,219.78410712706017
18149,2212,100.3323619363399,0.0,B4,2,0,proton,2212,56.61855366706684,38.96344438402717,8.711142893473209,8.959247122375434,2,2,225.86306131133037
17988,2212,141.5008802599211,0.0,B6,4,0,proton,2212,52.7032240732045,23.37140078246777,7.40300578291317,7.767497741869616,3,3,341.8505012703011
94,2212,125.41890545553707,0.0,B2,0,0,proton,2212,13.36707581351083,13.36707581351083,7.892177378500044,7.892177378500044,1,1,112.57582751517532
16182,2212,163.00203727970427,0.0,B8,6,0,proton,2212,55.288101749418196,18.274863187951425,7.035309546198276,7.513050330900679,4,4,470.03059310393024
9731,2212,102.91948666517595,0.0,B2,0,1,deuteron,1000010020,109.56647390091149,49.59082549580109,8.621520005142283,10.7220866603278,3,2,334.45539589399567
9090,2212,119.05004539159326,0.0,B2,0,1,deuteron,1000010020,57.754354688171965,57.754354688171965,14.248580265955349,14.248580265955349,1,1,111.71484570582848
27499,2212,135.7953307386755,0.0,B8,6,0,proton,2212,75.75971508582138,28.01836678304402,7.572597854568257,8.167383515355066,4,4,467.6223357824009
23826,2212,73.05903104997674,0.0,B2,0,0,proton,2212,78.98944216188963,45.15246788836447,10.910756500361053,10.968381650246949,3,1,220.063282594757
16697,2212,73.28872236933393,0.0,B2,0,0,proton,2212,28.55085150867199,28.55085150867199,10.119502685633917,10.119502685633917,1,1,109.88280227477756
979,2212,97.13375514535562,0.0,B4,2,0,proton,2212,62.151727538732146,43.629919670803886,8.872956887338313,9.137159346731908,2,2,225.0308925534896
19600,2212,168.92939566106998,0.0,B8,6,0,proton,2212,52.99137740696224,17.17819538702556,7.011576487296357,7.470988612179587,4,4,475.0469925389414
10016,2212,138.3093996197511,0.0,B8,6,0,proton,2212,72.30627135122195,22.193146068009277,7.480199664259997,8.049695524304205,5,4,465.5731129101887
13876,2212,104.11234013305943,0.0,B4,2,0,proton,2212,101.85554185164463,48.20084695308951,8.739370997018547,10.210627828645487,3,2,337.93070653052575
8463,2212,63.02582787616981,0.0,B4,2,1,deuteron,1000010020,66.21623333342089,43.22849873098317,10.523402535976343,10.799369285848984,2,2,225.05710211658584
7807,2212,105.87949545322785,0.0,B4,2,0,proton,2212,102.47706888458742,46.9701154143294,8.684520046880067,10.40665941936588,3,2,336.8126645369897
4836,2212,127.3411715828951,0.0,B6,4,0,proton,2212,59.17665648876191,28.44897793064622,7.866905412310593,8.263475523176318,3,3,347.428544208868
17126,2212,58.914462606767415,0.0,B4,2,1,deuteron,1000010020,65.00012737446741,42.05950884965539,10.431785755979075,10.703792389342498,2,2,225.47073293814594
15490,2212,59.11986195552105,0.0,B2,0,1,deuteron,1000010020,42.39162301930767,22.914711421972786,10.487732286157078,10.691306808338195,2,2,113.57185921910487
10212,2212,167.24224146264822,0.0,B4,2,0,proton,2212,53.12762397101208,41.78642156415144,6.989650680097342,7.339850591338452,5,2,119.38749728696895
14079,2212,157.65969180119768,0.0,B8,6,0,proton,2212,74.75462367586552,33.0513253651304,7.105987283431023,7.695487193565026,5,4,466.2099967058006
4215,2212,149.47646176981823,0.0,B8,6,0,proton,2212,78.8727030118198,30.97417125388355,7.186826500705152,7.786498214843976,4,4,461.3116702738812
3934,2212,57.931102181276465,0.0,B4,2,1,deuteron,1000010020,63.83731259877341,40.12588007659818,10.442039715449743,10.709210993142944,3,2,226.23828184782468
415,2212,139.3298856521816,0.0,B8,6,0,proton,2212,81.5344398491799,35.14972824700781,7.460948925689684,8.08199428384432,4,4,464.8511588249245
7622,2212,156.53695364121674,0.0,B8,6,0,proton,2212,74.23838405420855,32.71997323189638,7.067878142526455,7.651943926465601,4,4,462.9403806577219
28858,2212,116.44955836041662,0.0,B2,0,1,deuteron,1000010020,69.88769722629894,52.3811308079084,13.878150335010886,13.936723483448933,2,1,110.78756038983306
8079,2212,115.60206169828446,0.0,B2,0,1,deuteron,1000010020,50.1882792111223,50.1882792111223,13.917373615839256,13.917373615839255,1,1,110.92231725930893
22023,2212,106.79603247852812,0.0,B2,0,1,deuteron,1000010020,109.82885096384607,26.277901725484547,8.510384004079302,11.367271434325298,8,2,338.7520452296551
25059,2212,117.10240410299323,0.0,B2,0,1,deuteron,1000010020,48.44789288654817,48.44789288654817,13.813830049011802,13.813830049011802,1,1,111.45888658521442
1077,2212,167.50570193418417,0.0,B4,2,0,proton,2212,24.16307879359809,12.984898282271793,6.990710212531492,7.132739918634189,3,2,228.9232613617342
5858,2212,162.77369444652493,0.0,B8,6,0,proton,2212,59.59924814404603,19.90717381125365,7.053898634225124,7.54110419539524,4,4,470.8579656814958
9551,2212,166.18243115520295,0.0,B6,4,0,proton,2212,45.80210066997178,23.18178773337352,7.010505677815327,7.363148148253812,5,3,230.6906289187253
24919,2212,140.7884816412136,0.0,B6,4,0,proton,2212,55.60314744476425,25.914876762848202,7.440696521326777,7.819550662751136,3,3,342.9238962358113
19344,2212,66.04757893546493,0.0,B4,2,1,deuteron,1000010020,71.91860787729307,48.58922647760121,10.56840224924405,10.858096641091398,2,2,223.67916076085248
23768,2212,170.35365214675875,0.0,B4,2,0,proton,2212,23.640325320923893,12.186695539067824,7.005011445624586,7.139908721144427,2,2,230.50342676338818
2055,2212,76.16833209454597,0.0,B2,0,0,proton,2212,71.39916450036287,37.52023018973625,10.10813203621882,10.601213593871327,2,1,219.27177960219942
12512,2212,53.236097235559555,0.0,B4,2,1,deuteron,1000010020,59.12512483238295,36.255916093094314,10.333402907331282,10.585605820890107,2,2,228.22139261611088
15352,2212,165.4779224880365,0.0,B8,6,0,proton,2212,82.89163666911588,41.96639394932877,6.991669931670422,7.62811199735589,6,4,350.02217563828134
20827,2212,68.95420893781383,0.0,B2,0,0,proton,2212,27.77240097223291,27.77240097223291,12.68203777871842,12.68203777871842,1,1,111.84877032027104
28366,2212,71.03882850362754,0.0,B2,0,0,proton,2212,71.76002396469553,39.44899482376252,10.907063970354422,11.225159934196625,3,1,221.23390083602538
20992,2212,118.90048728014816,0.0,B2,0,1,deuteron,1000010020,54.52561551603553,54.52561551603553,14.179975280820395,14.179975280820395,1,1,111.90174215775987
13387,2212,135.26450686239514,0.0,B6,4,0,proton,2212,48.0512972095035,20.316523547663,7.598667189476972,7.946597591680898,3,3,345.32122493521365
10767,2212,76.42739640786337,0.0,B2,0,1,deuteron,1000010020,83.11603179907132,34.896241235330436,9.983744686526592,10.514810669867463,10,1,219.86985458352282
21004,2212,164.04994645812874,0.0,B6,4,0,proton,2212,37.17099178043719,14.258115135463232,7.01888177972637,7.322486320533565,4,3,345.2756423042
13317,2212,94.79338758758566,0.0,B2,0,1,deuteron,1000010020,61.78777643111573,61.78777643111573,12.213840171527314,12.213840171527314,1,1,109.59917799492007
847,2212,167.67353755270202,0.0,B8,6,0,proton,2212,54.46545387990469,17.723602412399167,7.0078257434895805,7.47949936410283,4,4,473.4055758400441
20624,2212,55.52538904134135,0.0,B4,2,1,deuteron,1000010020,58.60313743336417,36.731093914918894,10.3365017054366,10.593797994857974,2,2,226.99741522784655
20296,2212,75.13027218592599,0.0,B2,0,1,deuteron,1000010020,67.59653544587518,34.93294376892359,10.456878003237103,10.811690719008944,2,1,219.634694059356
20941,2212,52.7702054834875,0.0,B4,2,1,deuteron,1000010020,44.470817292831526,22.24704953783481,10.318728787585284,10.522803576518493,2,2,228.40934305163066
28698,2212,116.16421885225077,0.0,B2,0,1,deuteron,1000010020,48.42915792364582,48.42915792364582,13.733040660587017,13.733040660587019,1,1,110.62545306364771
13773,2212,55.25579352403465,0.0,B4,2,1,deuteron,1000010020,60.10248094233229,37.14463162097613,10.39707481625691,10.653007141532155,2,2,227.7185136400211
6648,2212,154.55033198279511,0.0,B8,6,0,proton,2212,90.20052534603533,45.68710879540072,7.12688759471714,7.77395666380996,4,4,463.09373987391547
22426,2212,159.99541960419435,0.0,B8,6,0,proton,2212,69.66621087686762,27.878836572699296,7.070380796218279,7.625095233662656,4,4,466.06449611680864
5620,2212,59.187592350589114,0.0,B4,2,1,deuteron,1000010020,74.12001204219686,33.10365296954629,10.412864779579474,10.762704886494417,7,2,225.52619534243985
20317,2212,101.0157769164953,0.0,B2,0,1,deuteron,1000010020,110.36611110566184,50.20191882576106,8.675433378201257,10.731076024452353,3,2,333.6280263401962
5064,2212,74.02831589469578,0.0,B2,0,1,deuteron,1000010020,62.24625504614021,33.796786600671524,10.165191648252689,10.637674381834367,2,1,219.925382722042
29130,2212,81.18906337111942,0.0,B2,0,0,proton,2212,82.79426374397462,45.128015132638005,9.773902043750622,10.486519344488036,2,1,218.6919186236159
20050,2212,119.1869343790619,0.0,B2,0,1,deuteron,1000010020,65.73650553806446,65.73650553806446,14.306971540418115,14.306971540418115,1,1,110.88318735012267
10848,2212,163.08405286893534,0.0,B8,6,0,proton,2212,55.766687486878624,18.470122422637818,6.994086537050624,7.4764781235822335,4,4,467.2082233437409
23930,2212,124.24656258426505,0.0,B2,0,1,deuteron,1000010020,59.91098022386269,59.91098022386269,15.096830029144826,15.096830029144826,1,1,111.91962530438634
15471,2212,98.26527622241281,0.0,B4,2,0,proton,2212,62.3908366247543,43.691040612578895,8.87917709500002,9.140487898598828,2,2,225.49886991662547
91,2212,157.93323059129432,0.0,B8,6,0,proton,2212,71.84224991948751,29.86526008750005,7.092024861588155,7.661842624155534,4,4,464.882298562008
12953,2212,129.2291539022504,0.0,B6,4,0,proton,2212,71.928087545873,26.854205986886125,7.780238389864334,8.268931360651205,4,3,347.7350607069817
23615,2212,53.8167868244096,0.0,B4,2,1,deuteron,1000010020,57.557057284598386,35.09238502605175,10.308450071125028,10.558512016310155,2,2,227.373495156027
4565,2212,156.8458316572145,0.0,B8,6,0,proton,2212,71.30870367823509,29.57976709399487,7.065391794642446,7.633979859210718,4,4,462.6925076862794
7949,2212,163.4752697415094,0.0,B8,6,0,proton,2212,55.01290951280882,18.665194561489574,7.007330897669253,7.490673947163159,4,4,468.9717964153246
2028,2212,70.37739395011515,0.0,B2,0,1,deuteron,1000010020,49.41086832289554,24.309047036334913,10.969358572607591,11.068051083806347,8,2,126.09598780258312
10014,2212,152.39412873131747,0.0,B8,6,0,proton,2212,90.47776245160317,46.76020331611932,7.120849111338747,7.769796104751358,4,4,461.055215358227
8541,2212,74.29112230485784,0.0,B2,0,1,deuteron,1000010020,67.78866394097653,35.20208742526383,10.490665236672742,10.778479200616944,2,1,219.96507661486055
3671,2212,64.89638648326151,0.0,B4,2,1,deuteron,1000010020,77.19768221029236,53.662267906249795,10.530076020095846,10.8295440479187,2,2,223.9666815856517
12152,2212,86.00437632793148,0.0,B2,0,1,deuteron,1000010020,76.41641355523151,43.95808007245934,9.4700939719159,10.67087684979983,2,1,218.78203218643148
6401,2212,101.4527144002997,0.0,B4,2,0,proton,2212,54.459374204058456,36.10952480597815,8.739970377731341,8.980374544262176,2,2,226.324975952629
933,2212,112.43418911175664,0.0,B2,0,1,deuteron,1000010020,41.725923655198564,41.725923655198564,13.30504472373928,13.30504472373928,1,1,110.54838201211376
24241,2212,166.63139375620028,0.0,B8,6,0,proton,2212,53.78025586752379,18.133254759691557,6.99621408666133,7.4718432781797866,4,4,470.6894203462844
23921,2212,66.0495938008327,0.0,B4,2,1,deuteron,1000010020,75.94681921791107,52.36395271337065,10.67326057640504,10.9711686728456,2,2,224.919115975711
15763,2212,105.10502375981177,0.0,B4,2,0,proton,2212,102.82668838067207,47.394710631787106,8.616950720301896,10.255625595792274,3,2,336.3672661058227
8394,2212,85.59542799006067,0.0,B2,0,0,proton,2212,112.67457004341236,41.614917753848424,9.557724634896203,10.940041706695942,5,1,218.6982513349358
29744,2212,74.51043158381869,0.0,B2,0,1,deuteron,1000010020,68.27191918298865,35.28366426579959,10.499249361024058,10.827377875782703,2,1,219.7156274440265
17601,2212,142.75277597610193,0.0,B6,4,0,proton,2212,58.71952299081826,22.20220065790938,7.371320313153576,7.836806766352779,4,4,463.25221638592666
1990,2212,122.73662138778104,0.0,B2,0,1,deuteron,1000010020,66.00235067232863,66.00235067232863,14.401611688996335,14.401611688996335,1,1,111.82153334337056
4145,2212,157.3818099545569,0.0,B8,6,0,proton,2212,78.18858737622327,35.35711898918042,7.100722523534069,7.694832752743366,4,4,464.99158856428414
20908,2212,158.2791938992353,0.0,B8,6,0,proton,2212,73.53916342458272,30.402553898667588,7.078080076602552,7.648245216714578,4,4,465.4114524266525
15897,2212,139.7518760517021,0.0,B6,4,0,proton,2212,54.29299253518944,25.26614182598268,7.460196369545966,7.842394736890235,3,3,343.04882043075474
23828,2212,62.53621313374831,0.0,B4,2,1,deuteron,1000010020,66.42526639828961,43.508025146143254,10.550019037924935,10.827674008980336,2,2,226.06153227882743
10587,2212,92.74890285095283,0.0,B2,0,1,deuteron,1000010020,89.34571398348855,64.29335613347642,9.054907876527706,11.267556221287842,2,1,218.84643012350972
6864,2212,105.60918079578633,0.0,B2,0,1,deuteron,1000010020,38.62080141404478,38.62080141404478,12.901751245078385,12.901751245078385,1,1,110.12080272078632
26439,2212,73.65359258246652,0.0,B2,0,1,deuteron,1000010020,46.449088671370454,23.403934858934267,10.995366836975718,11.083900148014708,6,1,109.47628191255761
14339,2212,105.33015313929526,0.0,B4,2,0,proton,2212,102.14437551065453,46.02667302883137,8.77972280821291,10.440469688991522,3,2,337.87800259062936
3571,2212,101.17174168466269,0.0,B2,0,1,deuteron,1000010020,103.97057049813546,53.249501152705996,8.67693623009546,10.785874125079115,3,2,335.8361453366281
13573,2212,75.36723293645285,0.0,B2,0,1,deuteron,1000010020,33.375447185406436,33.375447185406436,10.994951961103128,10.994951961103128,1,1,109.00015963246003
16045,2212,123.33948550916826,0.0,B2,0,1,deuteron,1000010020,24.85897201074582,24.85897201074582,14.801324518640563,14.801324518640563,1,1,112.16761806941577
19875,2212,105.55510701614745,0.0,B4,2,0,proton,2212,102.56768547996946,46.20691471942076,8.705600672100147,10.41505860208107,3,2,337.13685661689885
26119,2212,55.67017595737518,0.0,B2,0,0,proton,2212,59.64612775403702,20.11587112345169,10.374894848442251,10.455432180176288,14,2,122.22119383290564
17108,2212,78.68934460850463,0.0,B2,0,0,proton,2212,79.67464855782364,44.724978144792786,9.740004914185997,10.39568218204617,3,1,218.64630102805677
25327,2212,145.98498351536244,0.0,B2,0,1,deuteron,1000010020,35.011538845467925,35.011538845467925,19.504428449769033,19.504428449769033,1,1,111.51918902637522
3652,2212,152.54700696007097,0.0,B8,6,0,proton,2212,87.64793797337293,42.69181924734497,7.19703278464867,7.836393288379926,4,4,464.51363534022687
23990,2212,168.37663769785047,0.0,B6,4,0,proton,2212,49.49831734143868,14.581497666347467,7.020888706510729,7.444952030567411,4,4,474.70232890709775
15647,2212,52.288195855106075,0.0,B2,0,0,proton,2212,42.34843474875887,20.04237289820844,10.298789142405473,10.443517617322861,7,2,117.61770689672369
2883,2212,109.31313825745927,0.0,B2,0,1,deuteron,1000010020,54.69991658354142,39.97202641155515,8.405737212093646,11.785905248660807,2,1,222.97702823114471
11018,2212,58.389651254616524,0.0,B4,2,1,deuteron,1000010020,91.70222470205911,24.26289133580639,10.395914788981521,10.797289734290949,6,2,225.4729107011334
6466,2212,74.70368955164058,0.0,B2,0,1,deuteron,1000010020,60.81826637895513,32.71798309848375,10.12949412201812,10.64546260108458,2,1,219.6773877701728
12768,2212,51.68488990968754,0.0,B2,0,1,deuteron,1000010020,36.93369388275763,22.30941859501574,10.272324302631484,10.433432816616111,2,2,228.31762094215586
12616,2212,139.17309107349803,0.0,B6,4,0,proton,2212,53.52337681661464,24.570801332444727,7.482065747477524,7.862130664785349,3,3,343.9101443017281
21745,2212,79.26950704256667,0.0,B2,0,0,proton,2212,80.61083495809126,44.30343813068778,9.76618611188745,10.452854973149874,2,1,218.55420202005828
24760,2212,75.63257852601387,0.0,B2,0,1,deuteron,1000010020,33.75167556185123,33.75167556185123,11.062535091077068,11.062535091077068,1,1,109.44519114589552
10763,2212,103.0969914836716,0.0,B4,2,0,proton,2212,95.9292400307109,42.33688492593598,8.706481323494273,10.25813010367192,3,2,336.4415380701362
15168,2212,61.994495099303414,0.0,B4,2,1,deuteron,1000010020,66.85347239807402,43.60976789253178,10.509960306032333,10.78570775374992,2,2,225.66328652942758
19210,2212,63.23009610128417,0.0,B4,2,1,deuteron,1000010020,72.37605431429326,48.5913007797708,10.546908828538717,10.833958781164373,2,2,224.27770393583185
27092,2212,58.539176755914966,0.0,B4,2,1,deuteron,1000010020,61.54071205567591,38.932197898185635,10.366668335887073,10.629169119752278,2,2,225.02695222796441
15441,2212,67.0281937939691,0.0,B4,2,1,deuteron,1000010020,87.09190625876533,63.07457203525901,10.65063246513606,10.966522544984498,2,2,223.29199162138482
19479,2212,128.88385288144178,0.0,B6,4,0,proton,2212,56.086820130755854,26.63105370181402,7.819878416450186,8.213075019279088,3,3,347.39446070931206
12962,2212,58.58187900252234,0.0,B2,0,0,proton,2212,52.671925072338794,18.433160403086557,10.391019729235662,10.478688780982804,5,1,111.31046837498572
13663,2212,110.12125995240315,0.0,B2,0,1,deuteron,1000010020,56.62322617615723,41.3650669379847,8.36582332700544,11.915521351582314,2,1,222.97162573298772
5544,2212,151.36068277682062,0.0,B6,4,0,proton,2212,68.69386661998479,18.43515857544383,7.141564583802529,7.628961134588584,9,4,340.67304855476937
11212,2212,111.09165100892166,0.0,B2,0,1,deuteron,1000010020,43.08553511930165,43.08553511930165,13.364878752542339,13.364878752542339,1,1,110.55434499233192
3439,2212,116.38029937550738,0.0,B2,0,1,deuteron,1000010020,47.931772009487254,47.931772009487254,13.72338332057024,13.72338332057024,1,1,110.89600479523946
6800,2212,153.41982215577377,0.0,B8,6,0,proton,2212,89.50110073311373,44.69864011959482,7.195712465071549,7.838163898602207,4,4,465.5067615659613
26825,2212,150.0367818024311,0.0,B8,6,0,proton,2212,81.96281502666356,36.06893477277323,7.207748215362301,7.831702109077994,4,4,462.76837596445785
28403,2212,121.64936223612548,0.0,B2,0,1,deuteron,1000010020,62.608605511896776,62.608605511896776,14.799235489108126,14.799235489108126,1,1,112.05366425170124
1571,2212,144.28632548501758,0.0,B2,0,1,deuteron,1000010020,84.51356671903719,39.504788508320395,7.360618180191558,12.69264463776407,4,3,337.91148055570784
27648,2212,161.17760100922297,0.0,B2,0,0,proton,2212,39.863591524772126,16.491082281040086,7.052280852347031,7.118977990197222,5,1,111.33394639369712
7848,2212,117.6461657053365,0.0,B2,0,1,deuteron,1000010020,53.87155303328097,53.87155303328097,14.174324937885903,14.174324937885903,1,1,111.55528572035553
16608,2212,77.79731832125012,0.0,B2,0,0,proton,2212,76.48427366222369,40.56043126311432,9.999807826828034,10.552028105494193,2,1,219.0115009506177
24269,2212,138.59304701414055,0.0,B8,6,0,proton,2212,82.52843858244827,22.25543495502802,7.44647666107872,8.094304443056107,6,4,464.11954089012784
12315,2212,162.85233497427012,0.0,B8,6,0,proton,2212,55.845315790497914,17.992599501440154,7.061678159451469,7.539414575559386,4,4,471.1877566521863
9646,2212,80.22123203711907,0.0,B2,0,1,deuteron,1000010020,74.43908848613648,38.87456766766718,10.169547625041847,10.819912680769415,2,1,218.6394751639619
14654,2212,155.39198672349153,0.0,B8,6,0,proton,2212,80.8627650333845,36.85258818345783,7.088187519288104,7.690488995842443,4,4,462.5911391152098
20523,2212,97.82862850131043,0.0,B2,0,1,deuteron,1000010020,56.46598819580382,29.637822756327974,12.514939386530791,12.594805909674154,3,1,109.55459315244285
17539,2212,164.68321668843092,0.0,B8,6,0,proton,2212,53.43305655879877,17.9709161605836,7.020387030894277,7.503524049927444,4,4,471.0159487438122
19718,2212,101.94664965934726,0.0,B4,2,0,proton,2212,99.56608192112066,40.30391656116146,8.679910769291277,10.343361062303828,3,2,335.52216468832785
14476,2212,148.35245146704005,0.0,B8,6,0,proton,2212,70.43128256794775,21.588397183988288,7.271666638821089,7.822881128069367,4,4,463.2018787289778
19343,2212,110.3456368365059,0.0,B2,0,1,deuteron,1000010020,40.33498425541008,27.5721261782207,8.412893412180129,11.795400008776056,3,1,222.75563128218957
10827,2212,89.07569768964767,0.0,B2,0,1,deuteron,1000010020,84.36082415163861,51.96698008838459,9.421641177195156,10.93566933209668,2,1,218.81466202316193
14600,2212,98.35029560285432,0.0,B2,0,1,deuteron,1000010020,77.21689618297638,53.942830576544495,8.92150676760179,11.529222992178985,2,1,219.6044270932635
24696,2212,55.501768237816435,0.0,B4,2,1,deuteron,1000010020,60.53670072120368,37.748134007634135,10.401774920522799,10.659129882065438,2,2,228.08454976779007
5410,2212,146.47854008584,0.0,B2,0,1,deuteron,1000010020,115.38273827832919,41.538520792102375,7.278745938486553,11.48514794322073,6,4,574.4080747463831
14893,2212,82.35991635075183,0.0,B2,0,0,proton,2212,81.21029625091519,40.55734321091489,9.563934931099237,10.479807892872133,3,1,218.52169823119442
27197,2212,153.43093508900068,0.0,B2,0,0,proton,2212,29.659110691738594,10.519784332412458,7.170825568221728,7.279074893380099,5,2,114.60203850508704
19434,2212,166.3346651782254,0.0,B8,6,0,proton,2212,54.58529936123563,18.568424642787583,7.001488402106469,7.482286368409259,4,4,471.3735823157881
21174,2212,79.77848504710755,0.0,B2,0,1,deuteron,1000010020,37.30066008678074,37.30066008678074,11.337105055623692,11.337105055623692,1,1,109.29205082389672
28125,2212,135.15153315162087,0.0,B8,6,0,proton,2212,73.46549008412535,24.665449748162054,7.542974046184106,8.114185093369613,4,4,466.1870543298262
10323,2212,75.18802938180116,0.0,B2,0,1,deuteron,1000010020,59.571869233781726,33.21159332916291,9.874510663238189,10.521894598849412,2,1,219.70058855901044
17445,2212,144.6903802081981,0.0,B8,6,0,proton,2212,70.23270473135554,22.260811164602245,7.3079449133480905,7.872023889914957,4,4,462.87808288078827
1795,2212,108.70768919581285,0.0,B4,2,0,proton,2212,72.40928308793832,21.13990120445532,8.363915793458158,10.818526469281046,8,2,338.18546044761047
22110,2212,148.32128203909767,0.0,B8,6,0,proton,2212,80.84362041848735,34.84330991708362,7.237584993937912,7.856064034364653,4,4,463.2500956628937
22099,2212,60.07185588863846,0.0,B4,2,1,deuteron,1000010020,67.3338001305923,43.09656173568118,10.499714289895127,10.77081281382345,2,2,226.03298562113255
15616,2212,103.88774640076615,0.0,B4,2,0,proton,2212,96.13638240967069,40.71057692595608,8.72194107728674,10.342834237278993,3,2,336.3716554453335
16939,2212,91.9516332554092,0.0,B2,0,1,deuteron,1000010020,90.8932082043534,63.379449978264354,9.213891522914553,11.217529459964704,2,1,218.87664581052383
21098,2212,103.35329139074587,0.0,B4,2,0,proton,2212,96.55948943797955,41.17935966229686,8.696696283440575,10.38695689767665,3,2,335.666950867693
23524,2212,146.16122062634682,0.0,B2,0,1,deuteron,1000010020,113.93637923127933,38.60329138077621,7.2639558089831215,11.52988004543587,5,4,573.5209860297545
8771,2212,146.66222546536466,0.0,B8,6,0,proton,2212,76.09263154213714,28.458561209032343,7.269681955432722,7.864563766044823,4,4,462.3685229227823
28724,2212,111.27287690796057,0.0,B2,0,1,deuteron,1000010020,41.48233070712889,41.48233070712889,13.224683531363924,13.224683531363926,1,1,110.1750908489573
15386,2212,96.52203422967872,0.0,B4,2,0,proton,2212,64.24578105544774,45.510028854095374,8.787576729453939,9.051436650708533,2,2,224.84664714312527
24390,2212,159.50835976036305,0.0,B8,6,0,proton,2212,60.67825830811904,21.356297978692385,7.092374412408625,7.592436458627766,4,4,468.48658492577044
18198,2212,119.84083210561909,0.0,B2,0,1,deuteron,1000010020,60.59710958613989,60.59710958613989,14.22594380019887,14.22594380019887,1,1,111.30195089297258
18574,2212,150.4421693951172,0.0,B8,6,0,proton,2212,81.02907626097141,33.305726238991745,7.225879053142875,7.8316364611237494,4,4,464.8530529337221
17869,2212,88.36120282375852,0.0,B2,0,0,proton,2212,100.29172224961849,29.220224981669592,9.205933049262748,11.08341942199604,5,1,218.52805821323184
9399,2212,152.04329984026953,0.0,B6,4,0,proton,2212,73.6607780959583,20.780953736461043,7.204399878411525,7.703973074533067,10,3,228.25891464628182
699,2212,78.6980946804459,0.0,B2,0,0,proton,2212,80.71684969828374,45.25242810276646,9.85080388857895,10.426580599720184,2,1,219.0842819609324
19183,2212,168.35392004812428,0.0,B4,2,0,proton,2212,23.679803314122573,13.723674849428281,7.001704904644643,7.156561742051121,2,2,114.9933770212593
19633,2212,130.0859978517463,0.0,B6,4,0,proton,2212,52.03799577810075,23.821701684953776,7.7182488538463865,8.094174973187942,3,3,346.27502433746463
23255,2212,159.2044369529178,0.0,B8,6,0,proton,2212,59.50919579053199,20.886369144428503,7.07331292727353,7.573250327104133,4,4,468.1139602791553
10656,2212,97.59312726031949,0.0,B2,0,1,deuteron,1000010020,123.94227554956792,57.54735483173626,8.805268177960771,10.605279787362521,3,2,334.4148514695965
25033,2212,106.9767358110412,0.0,B4,2,0,proton,2212,99.95594625816098,42.24554002436291,8.596014247873796,10.50596532504461,3,2,336.3227335285983
2089,2212,81.55929331235289,0.0,B2,0,1,deuteron,1000010020,78.67253113451825,39.52644797354303,9.988912575357354,10.752894483046074,2,1,218.5445601158927
19872,2212,55.95187462228994,0.0,B4,2,1,deuteron,1000010020,59.05043064287233,37.05182978462544,10.411291141456202,10.670647798856452,2,2,227.9227907939997
19581,2212,107.1431853515441,0.0,B2,0,1,deuteron,1000010020,55.111337816897766,37.32757158582558,8.546699628428952,11.512491547895586,2,1,221.88925347119107
12190,2212,71.67706968691789,0.0,B2,0,0,proton,2212,78.48753505537026,45.90770044804252,10.494896399305134,10.674160325701122,3,1,220.32147304447952
24279,2212,148.38644684599637,0.0,B8,6,0,proton,2212,74.13564046595211,26.053128910998996,7.2310553983574355,7.807258956716028,4,4,462.4784162384259
19752,2212,77.00681714897776,0.0,B2,0,0,proton,2212,74.66753644534117,39.03938230148728,10.072773893102834,10.57592857015849,2,1,219.15273143568345
15863,2212,155.45278748030933,0.0,B8,6,0,proton,2212,80.92361629608598,36.880590470374365,7.119339584008868,7.719526976278808,5,4,464.27205746867725
16141,2212,79.23969927605476,0.0,B2,0,1,deuteron,1000010020,72.7457767761388,38.18414842014183,10.266686589327447,10.845888952194917,2,1,218.9695148284015
21870,2212,111.32381823197684,0.0,B2,0,1,deuteron,1000010020,43.724307628529765,42.10048811372993,13.288083255753808,13.296661200538873,2,1,111.03247937355164
18186,2212,110.0245791935842,0.0,B2,0,1,deuteron,1000010020,39.98900543089648,39.98900543089648,13.072914360050643,13.072914360050643,1,1,110.2976173226941
25368,2212,132.97055853179228,0.0,B2,0,0,proton,2212,14.677190700788284,12.17736206725532,7.6140652737988095,7.663412984880309,2,2,225.3139338392257
23863,2212,155.18524743885766,0.0,B8,6,0,proton,2212,89.86564352067526,44.40973056197524,7.1159871492149795,7.744169151873077,4,4,463.1961325520421
18645,2212,131.47284693610186,0.0,B6,4,0,proton,2212,50.27047323272806,22.237315144564576,7.71230308812372,8.078007265266224,3,3,345.9713103211461
16147,2212,67.7378527717074,0.0,B4,2,1,deuteron,1000010020,74.25845356161649,50.84234000394379,10.699119493563686,10.994795033707385,2,2,225.07825716655256
12120,2212,138.65145858231443,0.0,B8,6,0,proton,2212,86.99355513311409,41.99736598385506,7.417119390448547,8.059025500749165,5,4,463.3760163425112
18037,2212,83.22110660949176,0.0,B2,0,1,deuteron,1000010020,76.08779105465734,41.08287747308161,9.491347170419541,10.549135686314722,2,1,218.46827434758558
13214,2212,88.83484778811544,0.0,B2,0,1,deuteron,1000010020,74.44191407669118,47.0475483437399,9.10341027652922,10.790599561255588,2,1,218.31387938601011
2650,2212,165.19209780706254,0.0,B8,6,0,proton,2212,54.104590942546466,17.36346267084647,7.015014175882162,7.486728800719645,4,4,471.564789349702
18971,2212,113.8357121499836,0.0,B2,0,1,deuteron,1000010020,44.50699115238225,44.50699115238225,13.482001627686472,13.482001627686472,1,1,110.89223104306834
20763,2212,82.73641451043028,0.0,B2,0,1,deuteron,1000010020,39.20665575428824,39.20665575428824,11.458775596737471,11.458775596737471,1,1,109.40093750377999
25973,2212,82.14905543827352,0.0,B2,0,1,deuteron,1000010020,40.11767805820456,40.11767805820456,11.468540575783193,11.468540575783193,1,1,109.4444688752616
3715,2212,158.97942871745224,0.0,B2,0,0,proton,2212,46.07273167061398,20.199061692418187,7.075718557251443,7.149567657479457,8,3,125.00878393600239
26009,2212,127.42008429862703,0.0,B6,4,0,proton,2212,59.0343994532129,28.35991910872492,7.861827865986251,8.259472972394375,3,3,349.2089516817522
22514,2212,104.85902073812481,0.0,B4,2,0,proton,2212,64.04772059658846,46.228708704108264,8.684257134399317,8.953251848146802,2,2,226.6109021487856
2983,2212,157.99669015416157,0.0,B8,6,0,proton,2212,69.97007134388365,29.010319889270743,7.089397545110761,7.6590348928755905,4,4,465.65218707765183
21103,2212,119.35036111485513,0.0,B2,0,1,deuteron,1000010020,50.9722679049843,50.9722679049843,14.02007234824545,14.020072348245451,1,1,111.48951868320094
9778,2212,113.02499124818915,0.0,B2,0,1,deuteron,1000010020,43.06579328125017,43.06579328125017,13.281026229584983,13.281026229584983,1,1,110.16925028896443
15238,2212,145.43136189003542,0.0,B2,0,1,deuteron,1000010020,116.32218001591625,42.673652369441434,7.325697618706213,11.464477730608273,5,4,575.722867023049
26989,2212,103.14843844145105,0.0,B4,2,0,proton,2212,93.99588702289452,40.117967291736996,8.6720766649967,10.241367767533283,3,2,335.95908685127756
18228,2212,64.5643574391521,0.0,B4,2,1,deuteron,1000010020,69.92686780049057,46.71709033870159,10.564767018962254,10.84984359124975,2,2,224.7510742610375
26161,2212,125.05757559942813,0.0,B2,0,0,proton,2212,25.19821962398772,14.061213066743253,7.984893566190938,8.118976267194025,2,2,230.45548766890704
2047,2212,82.4795615101795,0.0,B2,0,0,proton,2212,87.68216365230352,48.26563682754188,9.598825943413265,10.431669745665163,3,1,218.42811295411758
27943,2212,167.96103406662945,0.0,B8,6,0,proton,2212,54.414295907486604,17.838268536963827,7.009273742348179,7.479299752571699,4,4,473.9429239478375
9973,2212,52.276519395718964,0.0,B2,0,1,deuteron,1000010020,38.482621559681306,21.92081441367271,10.332438609875917,10.507351476576805,2,2,229.0094723168256
4764,2212,92.59554499057262,0.0,B2,0,1,deuteron,1000010020,91.18732763642276,64.35736984596596,9.054458538459071,11.248459876374783,2,1,218.51115772929234
26667,2212,157.83811296525846,0.0,B8,6,0,proton,2212,71.89573649061418,29.43101659840702,7.065192983728083,7.628010214014182,4,4,464.3826822332169
27313,2212,132.31512803364552,0.0,B6,4,0,proton,2212,51.597837390801196,22.800413498901698,7.669876475450307,8.030237372380139,3,3,345.6338502226798
12240,2212,162.3976888487586,0.0,B8,6,0,proton,2212,56.65236263333729,19.22774251858529,6.997476533933403,7.480082500337661,4,4,467.37843688344014
27850,2212,131.89112577860726,0.0,B6,4,0,proton,2212,52.37510433307336,23.675066299123483,7.694774049344489,8.063953009095941,3,3,345.5037495626463
11935,2212,116.23393118555714,0.0,B2,0,1,deuteron,1000010020,47.94130790913573,47.94130790913573,13.759329679603862,13.759329679603862,1,1,110.8866673696662
14245,2212,153.72122154955093,0.0,B8,6,0,proton,2212,90.77103653460611,45.52365134430273,7.181988087596821,7.821442221898861,4,4,465.1590532126264
28688,2212,56.89954754540564,0.0,B4,2,1,deuteron,1000010020,59.01536896362059,36.54578473777565,10.3515257116544,10.606192840966214,2,2,226.5250407143102
26194,2212,100.63737835919811,0.0,B2,0,1,deuteron,1000010020,105.0797011565382,53.3823679868192,8.671148797151845,10.774350459024122,3,2,335.1751448975698
17581,2212,59.16049356611636,0.0,B4,2,1,deuteron,1000010020,61.765261558432755,39.23587119137775,10.408396554391686,10.672301068564488,2,2,225.81716034680505
27455,2212,119.95255048943977,0.0,B2,0,1,deuteron,1000010020,65.08536360149178,65.08536360149178,14.463233156231786,14.463233156231786,1,1,111.56044176551647
21293,2212,126.34057791760678,0.0,B2,0,1,deuteron,1000010020,58.41009701711293,58.41009701711293,15.311447078764987,15.311447078764987,1,1,112.13437093127531
17811,2212,137.26520513038557,0.0,B2,0,0,proton,2212,16.99164119453087,11.289007932569524,7.525833363668896,7.5690146085459,3,1,111.28385107440234
21500,2212,88.3277206152644,0.0,B2,0,1,deuteron,1000010020,86.02214256583366,52.99045412328289,9.41845844961662,10.954031786954882,3,1,218.4946731114891
22594,2212,66.71951680366315,0.0,B4,2,1,deuteron,1000010020,85.94452059582764,59.42419765091131,10.610855712839205,10.93065329160532,3,2,336.1900314420816
7670,2212,62.05384806616536,0.0,B4,2,1,deuteron,1000010020,64.98908382706419,42.48649113224803,10.585294963945866,10.861042475715383,2,2,226.5943914477067
12044,2212,95.2683640184941,0.0,B2,0,1,deuteron,1000010020,84.31040878954128,60.260027129759955,9.006496613475141,11.321457814206937,2,1,219.25753049881632
6582,2212,133.82733831626695,0.0,B6,4,0,proton,2212,58.85133450139954,22.25143600587642,7.654588126355848,8.112877285126409,4,4,469.33595594012235
6553,2212,81.88847935880543,0.0,B2,0,1,deuteron,1000010020,41.45969390841922,41.45969390841922,11.412531339322573,11.412531339322573,1,1,108.92129125142495
23550,2212,94.1469175279313,0.0,B2,0,1,deuteron,1000010020,62.435648128672234,62.435648128672234,12.111370908976069,12.111370908976069,1,1,109.18457958883614
28927,2212,160.5989827632048,0.0,B8,6,0,proton,2212,55.69425285977924,18.673458692400107,7.070142438184321,7.555297323176789,4,4,469.0235017674405
22175,2212,51.48618974544122,0.0,B4,2,1,deuteron,1000010020,63.0542502127995,37.96067553822639,10.238591871914105,10.493878040204276,3,2,227.65074474832429
10376,2212,137.79500379948752,0.0,B6,4,0,proton,2212,65.90297230259101,17.738045117755014,7.514848210798445,7.963643400556265,7,3,344.5328249458205
7351,2212,94.23125865474684,0.0,B2,0,1,deuteron,1000010020,87.99272057137213,63.848945517710035,8.958936064209102,11.206213989976503,2,1,219.2005841689786
3713,2212,169.72434252834552,0.0,B4,2,0,proton,2212,20.900052456029286,11.147252621432752,7.008374448528471,7.147282338715333,2,2,230.66742826868227
21722,2212,105.78268754094964,0.0,B4,2,0,proton,2212,102.98486594824386,46.2994957280013,8.686141566728072,10.41595879908899,3,2,337.3536161723361
9226,2212,94.94114038443593,0.0,B2,0,0,proton,2212,80.05884970553547,24.482126500802046,8.999175336490742,11.275897565898111,5,1,219.3777850734002
8495,2212,152.0018334993746,0.0,B8,6,0,proton,2212,88.78304981560561,44.10775966529562,7.175094639392151,7.819364470296959,4,4,463.52897450582606
22912,2212,55.75039354481919,0.0,B4,2,0,proton,2212,59.73827567398636,37.33273614480701,10.332837501765122,10.60827501067418,2,2,112.82916036260757
11007,2212,109.38254904772866,0.0,B2,0,0,proton,2212,17.278947517212185,15.8844503996905,8.414226317031678,8.440885333310367,2,2,227.132649746131
9348,2212,51.947406935788244,0.0,B2,0,1,deuteron,1000010020,38.287456957054026,22.986058227411142,10.24570746500083,10.421224874713834,6,2,227.51070649949315
25635,2212,101.80181142261604,0.0,B2,0,1,deuteron,1000010020,104.84449317691681,50.88994328804039,8.677079479200108,10.786327845071453,3,2,335.55850144103397
12769,2212,102.0778964554392,0.0,B2,0,1,deuteron,1000010020,113.87286099918342,54.63167595587259,8.67940509231836,10.692620841369706,3,2,335.3138906950933
3693,2212,69.46054499314658,0.0,B2,0,1,deuteron,1000010020,60.2214253822448,31.831229835893094,10.831930889239702,10.875288867403967,2,1,221.76048398044824
5721,2212,120.8519409282406,0.0,B2,0,1,deuteron,1000010020,63.78626047556158,63.78626047556158,14.555589605985457,14.555589605985457,1,1,111.19702522875487
23162,2212,159.14804890045875,0.0,B8,6,0,proton,2212,73.33689802863637,31.060649434332028,7.074650892509398,7.647877277501335,4,4,465.76186491933424
19486,2212,70.13710485163949,0.0,B2,0,0,proton,2212,67.92849110080974,35.6276725001359,10.898459102610175,11.092177529330957,2,1,220.50745468501867
26345,2212,162.48685311302853,0.0,B8,6,0,proton,2212,59.70972268294963,19.798345277766987,7.0574909878396985,7.538589246951066,4,4,470.8190019969942
28804,2212,116.16248661852096,0.0,B2,0,1,deuteron,1000010020,52.739634635713564,52.739634635713564,14.01997496992282,14.01997496992282,1,1,110.91071988166634
14694,2212,105.26306226177053,0.0,B4,2,0,proton,2212,101.80536266101484,44.62518951682232,8.699323684918483,10.455591371457317,3,2,336.4779179293488
25868,2212,126.85568663779604,0.0,B2,0,0,proton,2212,25.847893890959657,13.569528411052833,7.8673444529843835,8.010661837267946,2,2,228.16152651351928
4994,2212,141.8562617516031,0.0,B6,4,0,proton,2212,56.515024857191094,25.863170803662097,7.396613051185168,7.7698763590544955,4,3,341.2643813072733
5691,2212,114.35607453307263,0.0,B2,0,1,deuteron,1000010020,45.60909518047296,45.60909518047296,13.669364908955908,13.669364908955908,1,1,111.29003758260019
25593,2212,160.04810476999864,0.0,B8,6,0,proton,2212,57.54478682288716,19.390610602205253,7.069515959625644,7.556300874123702,4,4,468.087536378612
11428,2212,137.07982105917367,0.0,B8,6,0,proton,2212,79.57373978880823,33.137530913739454,7.515654391675725,8.135829151907041,4,4,466.71735542089357
28824,2212,59.267960326763756,0.0,B4,2,1,deuteron,1000010020,65.56554794926514,41.974483690781355,10.470928907862504,10.74123030986355,2,2,226.12764698428163
19317,2212,74.47575597867362,0.0,B2,0,1,deuteron,1000010020,33.70719144173236,33.70719144173236,11.151438023951524,11.151438023951524,1,1,110.14654595908662
945,2212,151.04766728967385,0.0,B8,6,0,proton,2212,83.88532007799452,37.788827630372225,7.231757549661903,7.855083014885375,4,4,465.08339311452346
23003,2212,90.13362028354419,0.0,B2,0,1,deuteron,1000010020,90.05771912692734,61.007646712041534,9.382888255368167,11.120740049137474,2,1,218.99570776066219
13237,2212,62.91727144921682,0.0,B4,2,1,deuteron,1000010020,69.98110712671023,46.23795718156713,10.57416697039011,10.85528458825829,2,2,225.6556802695328
1951,2212,56.329081316604615,0.0,B4,2,1,deuteron,1000010020,62.19554431597862,39.01247050707109,10.346711499375132,10.60751185341325,2,2,226.09635079874755
17540,2212,82.07898356223205,0.0,B2,0,0,proton,2212,85.91725610148865,46.32940903057303,9.72658875162504,10.486079797405603,2,1,218.74905902322215
7004,2212,144.65922334153655,0.0,B2,0,1,deuteron,1000010020,64.35765235441572,36.231948844161664,7.380980964665317,14.061349636563888,3,2,336.6418951142143
11397,2212,151.99919476665926,0.0,B8,6,0,proton,2212,87.79499208395387,44.574122048379934,7.186118821018868,7.832612338064149,4,4,463.6563773480072
20785,2212,67.81225137704246,0.0,B4,2,1,deuteron,1000010020,88.60447379089105,63.7283549292271,10.788918115480728,11.105015778626957,2,2,225.46140469570224
6393,2212,146.33431639734965,0.0,B2,0,1,deuteron,1000010020,97.57336157902935,33.261764029957284,7.270840333740394,11.980228304188001,5,4,573.1796488362941
7955,2212,130.43441210453705,0.0,B6,4,0,proton,2212,53.96881603179515,22.264611308758326,7.663405045404582,8.071539546391245,4,4,466.6385670540505
24359,2212,161.87047059893163,0.0,B8,6,0,proton,2212,59.1661108728915,19.861823352510676,6.996823833394716,7.4930366280183325,5,4,466.4879734328283
19549,2212,160.93898265319172,0.0,B8,6,0,proton,2212,59.37323689567778,19.844310068133183,7.062242792714052,7.551351051902042,4,4,468.82230190425355
1343,2212,102.21575408803845,0.0,B4,2,0,proton,2212,48.03034455127802,30.929417592055113,8.681827233340751,8.911294712718815,2,2,226.88596521638712
25365,2212,139.660721600839,0.0,B6,4,0,proton,2212,55.18145664395373,26.599279628599053,7.409064949014947,7.795605029801222,3,3,341.2548485002604
4109,2212,65.68983756404138,0.0,B4,2,1,deuteron,1000010020,78.92297755644714,54.74845153808126,10.648156937565258,10.948142674017918,2,2,225.09007078769872
15994,2212,165.32847601728747,0.0,B8,6,0,proton,2212,55.73287109411977,18.38705522812442,7.0245325618003465,7.4959115709031305,4,4,471.9294333895764
24024,2212,105.6835230085874,0.0,B2,0,1,deuteron,1000010020,83.42176236997179,38.403548642019416,8.65660703266229,10.65924389522528,6,1,221.8385026137999
25067,2212,165.58004083120656,0.0,B8,6,0,proton,2212,54.71690791491192,18.15649978192375,7.038343820906991,7.516329092533971,4,4,473.06257227320043
24687,2212,166.43076470146514,0.0,B8,6,0,proton,2212,56.073085070068686,18.110067245881563,6.9897773445741285,7.4649025687555275,4,4,470.86034183506274
26733,2212,128.20424080411243,0.0,B6,4,0,proton,2212,57.51777852141201,27.45847283087217,7.829547968278377,8.222899209620786,3,3,347.7829514348675
16347,2212,156.5762452796784,0.0,B8,6,0,proton,2212,75.91636912281595,33.73645547895797,7.084999532018077,7.673703598838599,4,4,463.32582126069315
5772,2212,135.32376153936482,0.0,B8,6,0,proton,2212,74.31135652181675,27.48983509798631,7.577876541862828,8.172570525540383,4,4,468.4084025703239
13790,2212,32.818621151625976,0.0,B4,2,0,proton,2212,44.28746075601522,22.996611887847095,9.663080302375702,9.884059087113252,2,2,224.72524804693336
15583,2212,82.2636239206648,0.0,B2,0,0,proton,2212,84.1738311549841,43.167396846721104,9.827710325002542,10.639678442094262,2,1,218.5633954013454
7680,2212,138.2473014939678,0.0,B6,4,0,proton,2212,58.50232171762309,27.93612430226742,7.513775950992539,7.905080818629158,3,3,344.2450973730939
25284,2212,138.792033889307,0.0,B6,4,0,proton,2212,58.022876452674616,27.77710353435889,7.512943220689427,7.905767887972449,3,3,343.95688874916914
20278,2212,140.12781239625164,0.0,B2,0,0,proton,2212,18.343476581083017,13.556291259412884,7.46361363253294,7.532620196625078,3,2,224.6707661799723
5470,2212,81.34364655756764,0.0,B2,0,1,deuteron,1000010020,38.05860632093272,38.05860632093272,11.359949019473467,11.359949019473467,1,1,108.91185617669296
6659,2212,163.14133100376353,0.0,B8,6,0,proton,2212,56.007476333169656,19.086540262949377,7.0171376128537535,7.4994105923295376,4,4,468.4395603125436
9971,2212,147.80558165002404,0.0,B4,2,0,proton,2212,68.34498219084485,20.993134273829167,7.26124044438826,7.508502412746361,7,2,224.10865474984683
24148,2212,147.5683998333939,0.0,B8,6,0,proton,2212,73.93795201664102,25.401662755894698,7.269259529726753,7.84481401383151,4,4,463.54591424746417
5957,2212,70.96020710570633,0.0,B2,0,1,deuteron,1000010020,32.14425242805853,32.14425242805853,10.867560121823708,10.867560121823708,1,1,109.56456891178502
27920,2212,164.81563829636968,0.0,B8,6,0,proton,2212,56.17382401475622,18.53950562394482,7.005370047308051,7.4844276954094715,4,4,470.11213448981255
4841,2212,67.04875588988179,0.0,B4,2,1,deuteron,1000010020,100.55070437446749,52.329385102602714,10.340233832595233,10.809140999041317,3,2,336.18820727300215
21009,2212,62.92775109984135,0.0,B4,2,1,deuteron,1000010020,89.82028921219319,56.3280964237909,10.482090632134144,10.823648313510265,3,2,224.17035483880497
21139,2212,157.54497159159376,0.0,B8,6,0,proton,2212,79.30539515791911,35.97455787018596,7.11574182353201,7.713790450278997,4,4,465.7213019472685
6521,2212,155.8711416494132,0.0,B8,6,0,proton,2212,84.0141666278582,40.80645443027069,7.133995960665711,7.760119054939521,4,4,464.8901811433193
23824,2212,69.23830782268291,0.0,B2,0,1,deuteron,1000010020,31.696923828432453,31.696923828432453,10.827358238778471,10.827358238778471,1,1,109.55906174851643
8041,2212,115.85161874631714,0.0,B2,0,1,deuteron,1000010020,50.16474022222181,50.16474022222181,13.862927730026412,13.862927730026412,1,1,111.21277124918353
14595,2212,161.96574935840243,0.0,B8,6,0,proton,2212,56.63806451016936,18.758992427704005,7.060538531002461,7.540373616805182,4,4,470.24909955833573
5529,2212,90.26159828354878,0.0,B2,0,0,proton,2212,27.117127082009223,27.117127082009223,9.167246762543805,9.167246762543805,1,1,109.58005981825166
26624,2212,78.99472837918033,0.0,B2,0,1,deuteron,1000010020,36.15736489044714,36.15736489044714,11.31042434699132,11.31042434699132,1,1,109.83055097061171
14496,2212,68.13597917035895,0.0,B2,0,1,deuteron,1000010020,46.537095982883656,31.07631387401863,10.753105606372625,11.744530698928275,2,1,220.88943739450838
14549,2212,78.0240513593095,0.0,B2,0,1,deuteron,1000010020,70.50294018563653,36.00308722789268,10.26797445201045,10.78695407504987,3,1,218.9014976709422
495,2212,139.4235905183827,0.0,B8,6,0,proton,2212,80.42289991018517,32.844432316552854,7.440712807567876,8.047355640773116,4,4,463.97753735989295
17593,2212,83.45369465590777,0.0,B2,0,1,deuteron,1000010020,76.2518811218863,40.084229108653716,9.505593459138398,10.532601037686492,2,1,218.48818858884292
14597,2212,52.06277923529411,0.0,B2,0,1,deuteron,1000010020,39.719312826052075,22.374867836771042,10.29481751512476,10.472959919880191,2,2,228.29661907720123
11567,2212,76.21514977464021,0.0,B2,0,0,proton,2212,57.39321223879397,32.716990059688484,10.37727174096819,10.916171341064233,2,1,120.63452109443662
1800,2212,67.03090337491824,0.0,B4,2,1,deuteron,1000010020,77.69131943356183,54.32027299634343,10.655949258764624,10.957966910686428,2,2,224.38252839376338
9843,2212,125.07294173802433,0.0,B2,0,0,proton,2212,3.7123431439912213,3.7123431439912213,7.942655088347443,7.942655088347443,1,1,112.14172730821501
15353,2212,73.5287060967735,0.0,B2,0,1,deuteron,1000010020,64.80507872670353,33.43990393088753,10.468650947988307,10.764856526940745,2,1,219.8560786219128
4447,2212,98.67648856370002,0.0,B2,0,1,deuteron,1000010020,110.84255880943832,57.02708764572805,8.716403930973893,10.71760072492262,3,2,334.6327848604251
13879,2212,57.03199974599172,0.0,B2,0,1,deuteron,1000010020,56.61030395532563,22.37236205004936,10.45092717815556,10.78451348160033,9,2,236.9027575428572
25528,2212,167.30475350537932,0.0,B8,6,0,proton,2212,55.257669350631275,18.605259094802477,6.995633378522441,7.477236224703085,5,4,471.72553340771253
5476,2212,95.56046634546907,0.0,B2,0,1,deuteron,1000010020,83.736303522564,59.737862661761525,9.035215340632497,11.373370928454865,2,1,219.39183999163822
115,2212,160.94437249421344,0.0,B8,6,0,proton,2212,58.60082919011657,20.723826437475747,7.0440811152926806,7.538105655738323,4,4,467.35771979308004
8776,2212,110.55000485638847,0.0,B2,0,1,deuteron,1000010020,42.803082966086556,42.803082966086556,13.299339097906223,13.299339097906223,1,1,110.51684377064892
366,2212,143.88140393064967,0.0,B4,2,0,proton,2212,28.45053270928446,15.762200289055926,7.3446220928951895,7.503807939508901,2,2,224.50605596485218
28684,2212,140.71556303129125,0.0,B6,4,0,proton,2212,52.59926672848751,23.290887434978305,7.43423863059344,7.80082527643541,3,3,342.39160752610894
21023,2212,54.88005144185932,0.0,B4,2,1,deuteron,1000010020,59.00123050214647,37.01643596612643,10.360442778258372,10.618555531264409,2,2,228.02462394470996
13305,2212,102.08790841681956,0.0,B2,0,1,deuteron,1000010020,76.79205191093752,50.5967624322513,8.735148405173772,11.468229306617154,3,2,222.376959451005
1368,2212,103.87045270334981,0.0,B4,2,0,proton,2212,95.97615607480512,42.262373773236014,8.629975935768202,10.265479087944529,3,2,335.30397235423425
9096,2212,75.29993196828156,0.0,B2,0,1,deuteron,1000010020,61.91279536540589,34.39019973061661,10.021808277169264,10.634206369932457,2,1,219.437926277668
20411,2212,119.74835413590569,0.0,B2,0,1,deuteron,1000010020,65.60362189964974,65.60362189964974,14.407689591830865,14.407689591830865,1,1,111.55328375536988
3722,2212,66.19195648651768,0.0,B2,0,0,proton,2212,92.44052910545085,36.471318756007236,10.565759252232153,10.680979768950648,4,1,222.63053419255982
20632,2212,74.81321648999112,0.0,B2,0,1,deuteron,1000010020,63.34048795448821,34.316982903971244,10.241325548536732,10.710805324114794,2,1,219.40967628744622
9934,2212,75.5735171787627,0.0,B2,0,1,deuteron,1000010020,66.7764378368371,34.81092720175634,10.182433287532676,10.64883193150968,2,1,219.4710496371925
9900,2212,105.50647537800032,0.0,B4,2,0,proton,2212,100.07781008812523,42.78073721756566,8.798505174933942,10.47534945294526,3,2,337.57605288497484
2031,2212,75.7000871220566,0.0,B2,0,1,deuteron,1000010020,35.67815229265487,35.67815229265487,11.199851997067082,11.199851997067082,1,1,109.9922081983577
24841,2212,55.47202134217981,0.0,B4,2,1,deuteron,1000010020,59.90382427618019,37.37712110817434,10.353504953807471,10.61031848770385,2,2,226.9011419992701
21193,2212,157.12650318615698,0.0,B8,6,0,proton,2212,71.28428846747447,30.565593640687528,7.111136203359514,7.689415131330463,4,4,466.09566661896775
17486,2212,76.80809031566203,0.0,B2,0,0,proton,2212,77.07532155473632,42.05840429787494,10.003552370326645,10.520447420807137,2,1,219.09353589838935
22762,2212,98.17251218367,0.0,B2,0,1,deuteron,1000010020,121.0610741887476,56.39417051474109,8.781013046473667,10.666551922021789,3,2,333.7413068729415
15017,2212,161.39800462054694,0.0,B8,6,0,proton,2212,57.06910152658798,19.534672971696104,7.044761598506251,7.53030265917145,4,4,468.56230471413204
25727,2212,171.01399644262224,0.0,B2,0,0,proton,2212,3.2853852165363446,3.2853852165363446,6.983513884688858,6.983513884688858,1,1,112.20893624166528
24937,2212,99.44517172189367,0.0,B2,0,1,deuteron,1000010020,110.48986073770413,54.97709091470602,8.74072090579013,10.738453004326445,3,2,335.22322177045015
17386,2212,122.98062184017007,0.0,B2,0,1,deuteron,1000010020,31.495484241254108,31.495484241254108,14.673636450248626,14.673636450248626,1,1,112.189783874455
15494,2212,74.05068795456015,0.0,B2,0,1,deuteron,1000010020,66.07929688586708,32.872835116017654,10.249473242099947,10.631072481328834,3,1,219.87159743115149
15821,2212,117.49060634487094,0.0,B2,0,1,deuteron,1000010020,52.46597797786083,52.46597797786083,14.030205300021805,14.030205300021805,1,1,111.39983116149308
20125,2212,119.28110416772971,0.0,B2,0,1,deuteron,1000010020,54.16017295327124,54.16017295327124,14.13422026965019,14.134220269650191,1,1,111.9262717727681
27689,2212,56.664691864300195,0.0,B4,2,1,deuteron,1000010020,59.60222918433633,37.67841482231934,10.427793424654858,10.689794317336233,2,2,227.3261310690798
9351,2212,122.4815799175535,0.0,B2,0,1,deuteron,1000010020,66.08246714625336,66.08246714625336,14.387970979522366,14.387970979522366,1,1,111.78061684178579
18707,2212,56.45535440887142,0.0,B4,2,1,deuteron,1000010020,59.95591433196671,37.420317782078236,10.42456851090187,10.682987312817804,2,2,227.4078769940498
12055,2212,76.19864566493484,0.0,B2,0,1,deuteron,1000010020,63.470631529443004,35.50794090497661,10.199733792561284,10.734195200553776,2,1,219.52782818887084
1661,2212,110.19063319290404,0.0,B2,0,1,deuteron,1000010020,62.334188684742465,26.835781216409487,13.08313575558912,13.17982597652305,5,1,110.67139647084973
24052,2212,123.46969970024473,0.0,B2,0,1,deuteron,1000010020,64.55977985506192,64.55977985506192,14.59855929404792,14.59855929404792,1,1,112.15943538806232
23292,2212,113.82318020304179,0.0,B2,0,1,deuteron,1000010020,34.235541474543695,12.117458926443538,13.438704598983756,13.502854587350942,7,1,110.96068531434054
21903,2212,106.83355039118454,0.0,B2,0,1,deuteron,1000010020,89.86696122360621,37.7512943684554,8.618364309219311,10.508040505428024,3,2,337.61889071132487
16216,2212,161.97162352683327,0.0,B8,6,0,proton,2212,58.03367327597796,20.149937997319544,7.03309795627046,7.525112772240335,6,4,468.1688404238245
21535,2212,131.08918558028998,0.0,B6,4,0,proton,2212,53.97562437717149,24.117246929047866,7.731689264559376,8.097722981940883,3,3,346.9242063031078
6543,2212,155.5250916268211,0.0,B8,6,0,proton,2212,91.462228257676,44.91366271237787,7.123965682183384,7.755720428132214,4,4,463.9682591699759
19968,2212,128.7085878708977,0.0,B6,4,0,proton,2212,56.810242079775946,26.93697134523207,7.8306305539280805,8.222597829410743,3,3,348.2456538945081
27506,2212,141.07442791568036,0.0,B6,4,0,proton,2212,52.09811664688009,23.118497091807892,7.40091475043364,7.763905620568618,3,3,342.00397711694416
22235,2212,160.42289252455762,0.0,B8,6,0,proton,2212,55.22001101270888,18.32144564869878,7.032704166781425,7.510453558336054,4,4,466.17441472704195
21614,2212,83.07014292684951,0.0,B2,0,1,deuteron,1000010020,109.35978765571507,65.55817687901764,9.814362821736482,10.935758916220626,2,1,218.68429572147934
20068,2212,116.24789842946176,0.0,B2,0,1,deuteron,1000010020,50.48042224199083,50.48042224199083,13.818057259354308,13.81805725935431,1,1,110.63496557872284
28806,2212,148.35020813252407,0.0,B2,0,1,deuteron,1000010020,115.83420402841486,35.24502577046524,7.21948385558109,11.388256435901225,5,4,573.3352607749271
12048,2212,165.3332557279232,0.0,B8,6,0,proton,2212,54.29901019412481,18.069842264635987,7.04965819158731,7.526243743978697,4,4,473.0655473247598
8434,2212,113.3407036098149,0.0,B2,0,1,deuteron,1000010020,44.25478855684402,44.25478855684402,13.49534271083707,13.495342710837072,1,1,110.74901341830935
22763,2212,151.15009619001876,0.0,B8,6,0,proton,2212,83.42213748085786,28.57473744735481,7.228360846537765,7.861271779883944,5,4,465.0738262026119
3235,2212,141.4509304193437,0.0,B2,0,0,proton,2212,12.137837189526774,12.137837189526774,7.414052149553772,7.414052149553772,1,1,110.48477102650695
6687,2212,82.90341167013848,0.0,B2,0,0,proton,2212,87.82499392284723,46.355512702288465,9.684891177120067,10.551526383314508,2,1,218.4153307656256
20729,2212,161.35167211192825,0.0,B8,6,0,proton,2212,55.64321267736193,18.890774046645152,7.04653312577823,7.531012836475688,4,4,467.9600128861606
25662,2212,160.02886882848338,0.0,B8,6,0,proton,2212,56.60695464993391,19.37792934917778,7.068149887962745,7.552932648594409,4,4,468.69521328810356
15760,2212,63.272186657445275,0.0,B4,2,1,deuteron,1000010020,68.8708642099401,45.612018411877855,10.485360920645173,10.766060184535402,2,2,224.3272801700191
28613,2212,98.00642162903989,0.0,B2,0,1,deuteron,1000010020,123.26406698954395,57.71685740923833,8.722241796740898,10.634904265587844,3,2,333.26269392616194
13382,2212,168.8358315374221,0.0,B8,6,0,proton,2212,51.887146024940634,15.125059918716863,6.977279327585651,7.431212756301999,4,4,473.1189439973808
1331,2212,60.188242454082115,0.0,B4,2,1,deuteron,1000010020,69.87930397658677,45.83902185504771,10.533488123680453,10.81163314723029,2,2,226.5660244507443
16170,2212,125.23491258728413,0.0,B2,0,0,proton,2212,13.565518919415887,13.565518919415887,7.960144589713728,7.960144589713727,1,1,113.04481993059323
26313,2212,95.41115170526041,0.0,B2,0,1,deuteron,1000010020,84.7450547992855,58.4613172004467,8.996132862477094,11.366802346192111,2,1,218.8112988729257
16929,2212,160.60495972257533,0.0,B8,6,0,proton,2212,60.299269019086594,20.85008029472828,7.066547953341356,7.5572367770020135,5,4,469.1809227474954
8964,2212,126.96400190147884,0.0,B4,2,0,proton,2212,29.65980444081317,16.746793025863013,7.884775163438696,8.054354212033601,2,2,228.67201279404793
10131,2212,151.3603725879548,0.0,B8,6,0,proton,2212,88.23746482350177,43.33223964900897,7.208977257497394,7.8499298826544734,4,4,464.4603184856105
5234,2212,130.37212363049764,0.0,B6,4,0,proton,2212,53.673266115252645,24.75556234823081,7.738880478224159,8.119899732125285,3,3,346.05154407737416
1955,2212,84.13060364835735,0.0,B2,0,1,deuteron,1000010020,76.23499402990026,41.2795210042013,9.509662545723216,10.5867766585493,2,1,218.50856705635474
29874,2212,118.48704380506169,0.0,B2,0,1,deuteron,1000010020,52.626337217028954,52.626337217028954,14.03174424628018,14.03174424628018,1,1,111.31548821090344
16463,2212,55.148676954754016,0.0,B4,2,1,deuteron,1000010020,59.85699596278586,37.6712923661236,10.328496909707864,10.588475959158535,2,2,226.32622279992847
23103,2212,130.8590522810011,0.0,B6,4,0,proton,2212,52.20516332528696,23.471643939033058,7.715324036767034,8.083791346585462,3,3,345.9910808958853
8307,2212,82.16912561194778,0.0,B2,0,0,proton,2212,84.95718406399877,47.35040954827122,9.660792289024865,10.441988906370216,2,1,218.48243489995392
24740,2212,98.52174672991565,0.0,B2,0,1,deuteron,1000010020,115.50873359618625,56.10348288341894,8.693097489273665,10.675905312989826,3,2,333.64248718494207
14240,2212,64.60681153906617,0.0,B4,2,1,deuteron,1000010020,69.58943359621928,46.60418020684984,10.606830679535337,10.892470732470663,2,2,225.33529177472658
16518,2212,62.90012866033967,0.0,B4,2,1,deuteron,1000010020,71.26504067994205,47.29192092688572,10.571261452439824,10.855551517707,2,2,225.28408163821493
11156,2212,159.16768486511035,0.0,B8,6,0,proton,2212,71.67577367008133,29.083689316999134,7.034524696466498,7.593987958329917,4,4,463.93632497780555
4065,2212,112.18103669428206,0.0,B2,0,1,deuteron,1000010020,42.427256885044955,42.427256885044955,13.318756779659951,13.318756779659951,1,1,110.5809091185879
22394,2212,85.59440669223281,0.0,B2,0,1,deuteron,1000010020,78.90526456816629,44.14295038900096,9.516748645687372,10.701002895047004,2,1,218.5946714426774
29797,2212,148.92753738286706,0.0,B8,6,0,proton,2212,77.94638109953993,30.629020922325466,7.286304462394392,7.887221001201903,4,4,465.3843409033352
5081,2212,135.82023905945638,0.0,B8,6,0,proton,2212,75.08517972069477,28.079014139105706,7.552057307257195,8.148901087888117,4,4,467.26225833054286
13701,2212,93.57374221876414,0.0,B2,0,1,deuteron,1000010020,63.486614355385136,63.486614355385136,12.116831608059742,12.116831608059742,1,1,109.4537243736792
959,2212,118.02196474089315,0.0,B2,0,1,deuteron,1000010020,57.00143157636974,57.00143157636974,14.15869012404878,14.158690124048782,1,1,110.84728365916297
20082,2212,60.20107960793023,0.0,B4,2,1,deuteron,1000010020,65.94215615968534,42.693247161778764,10.517082834723201,10.790181134561065,2,2,226.297619889479
7970,2212,151.07818138114783,0.0,B8,6,0,proton,2212,83.14016010282737,38.059534538910114,7.1989715083179515,7.829634690946927,4,4,462.91213103992845
12303,2212,132.91229583109387,0.0,B6,4,0,proton,2212,51.897128664978794,23.219568265296914,7.661316005195762,8.026531084521444,3,3,346.2124743938746
23224,2212,77.29351526869493,0.0,B2,0,0,proton,2212,74.34868614054596,38.32592297206713,10.36588194402138,10.789369863030583,2,1,219.3487125252862
1233,2212,99.72636077412159,0.0,B2,0,1,deuteron,1000010020,101.0971892293656,52.56715172740203,8.736058913181767,10.948323239199052,11,2,229.28817729506613
16452,2212,150.70828376165434,0.0,B6,4,0,proton,2212,67.9577939548947,32.76973126271153,7.22503762879339,7.662911377421003,4,3,343.30577138438747
3343,2212,118.12854985329517,0.0,B2,0,1,deuteron,1000010020,57.05503922614797,57.05503922614797,14.232100436517717,14.232100436517717,1,1,111.82714738921068
23998,2212,160.7690412361966,0.0,B8,6,0,proton,2212,57.770542901319295,19.979436437381736,7.025341882508027,7.5180674623359645,4,4,466.4258432965133
25358,2212,126.38361825572046,0.0,B4,2,0,proton,2212,35.592321432940565,15.78486871800125,7.881319252782946,8.140427005594152,3,3,348.8224227800549
21223,2212,77.49774292036109,0.0,B2,0,1,deuteron,1000010020,62.96792597383616,36.52881621116588,9.935682294573585,10.68618158547487,2,1,219.24178397612633
15199,2212,98.19921043694036,0.0,B2,0,1,deuteron,1000010020,58.40442106663052,58.40442106663052,12.33426867003833,12.33426867003833,1,1,108.97193343339544
679,2212,80.58446922789535,0.0,B2,0,0,proton,2212,78.34823500487735,40.680476962940325,10.12272465368128,10.691523521339423,2,1,220.4688612402124
11104,2212,152.75195528606565,0.0,B8,6,0,proton,2212,90.05588458655257,46.277156956044976,7.148943029439453,7.7954681846287235,4,4,461.6757630232592
21402,2212,93.88420080299727,0.0,B2,0,1,deuteron,1000010020,86.81055152475737,62.8108074533566,9.020151609808934,11.24831663029155,2,1,219.18481495196636
3612,2212,75.42596486571426,0.0,B2,0,0,proton,2212,95.98203123367965,24.720044471792338,9.843160779636955,10.815887642801773,7,1,220.01469119489983
2220,2212,103.34160994667617,0.0,B2,0,1,deuteron,1000010020,35.76668194986168,35.76668194986168,12.744440477106656,12.744440477106656,1,1,109.96840834102882
10098,2212,158.65904684081667,0.0,B8,6,0,proton,2212,71.84757281008459,29.88267528068569,7.0770110924780365,7.644734569495143,4,4,465.27845415548495
7284,2212,72.69091203745594,0.0,B2,0,1,deuteron,1000010020,59.32078081005858,32.407632379457006,10.093627967662776,10.536685858582976,2,1,220.37483222255304
5702,2212,139.78760437142972,0.0,B6,4,0,proton,2212,54.43914168988091,25.031335067153684,7.466798955183942,7.84731365214149,3,3,342.91778503095094
21090,2212,58.18198592224423,0.0,B4,2,1,deuteron,1000010020,64.03488413793696,40.86650200174367,10.372214363729265,10.6381228973605,2,2,225.31984785589918
65,2212,123.42384761822456,0.0,B2,0,1,deuteron,1000010020,61.02518205276302,61.02518205276302,14.89735751549175,14.89735751549175,1,1,111.42084538205559
27909,2212,81.65332744342147,0.0,B2,0,0,proton,2212,83.48416184384364,45.1765651776906,9.782881491035624,10.532063675053994,2,1,218.64380786472086
19309,2212,139.629864643118,0.0,B6,4,0,proton,2212,54.455519675028185,25.23701867248925,7.432372441087905,7.812861534204921,3,3,341.90565043444235
27389,2212,142.65465324124983,0.0,B6,4,0,proton,2212,62.46829715260021,21.617089026853453,7.345614169177439,7.8365489993292785,4,4,462.1033073056011
12486,2212,86.13638421708022,0.0,B2,0,1,deuteron,1000010020,84.30441046229787,46.7362911261072,9.61589028276196,10.767553670466276,2,1,218.7501098069766
10723,2212,61.34827797944153,0.0,B4,2,1,deuteron,1000010020,66.52521889457132,42.924829830816726,10.503332966556155,10.776863065432403,2,2,225.26548692387001
1273,2212,164.364598309851,0.0,B8,6,0,proton,2212,57.56134755323113,18.978781507628266,7.03580688065766,7.515000494230807,4,4,471.20560364759336
27944,2212,129.01921057965535,0.0,B6,4,0,proton,2212,47.12173934143937,16.4553058595408,7.788029706386197,8.132312405346791,4,3,348.10076449996063
17654,2212,146.7204263045588,0.0,B2,0,1,deuteron,1000010020,110.39587375770995,33.83098576616222,7.281456546327773,11.54317711111774,5,4,574.3550930982997
24950,2212,53.67389295663168,0.0,B4,2,1,deuteron,1000010020,49.27367636847829,27.176456738577347,10.345329358499335,10.58477965769841,2,2,112.47457469385509
17525,2212,144.3738503274156,0.0,B6,4,0,proton,2212,65.0189844133365,22.30001174038552,7.337866357611872,7.850287604593462,4,4,463.93533081160035
9005,2212,88.81219977926737,0.0,B2,0,1,deuteron,1000010020,77.6085269267725,49.52395287967156,9.20702676021053,10.826345972777137,2,1,218.62706573871793
13569,2212,131.36999776231116,0.0,B6,4,0,proton,2212,53.67444058962283,23.901281125923045,7.687122883561008,8.055313874542922,4,3,346.08731455509724
479,2212,90.5477944069669,0.0,B2,0,1,deuteron,1000010020,55.65639297944829,55.65639297944829,11.894790578962837,11.894790578962837,1,1,109.20708966440597
11112,2212,97.11785567148455,0.0,B2,0,1,deuteron,1000010020,122.42257278765564,58.68724542987509,8.87421030705423,10.654828633887298,3,2,334.7989588739362
10977,2212,82.05734189524834,0.0,B2,0,1,deuteron,1000010020,39.641856453550965,39.641856453550965,11.408752941216626,11.408752941216626,1,1,109.20561622477526
22729,2212,70.97563226515044,0.0,B2,0,0,proton,2212,77.7613621053118,45.97655436075917,10.609114375935052,10.735574618141436,2,1,220.36292822189702
6744,2212,91.5399845725983,0.0,B2,0,1,deuteron,1000010020,79.10627383294872,52.984473308179325,9.08517227290708,10.978086884415228,2,1,218.77504813195372
2955,2212,65.55889593080576,0.0,B4,2,1,deuteron,1000010020,75.56060194361015,51.79099683017158,10.706628825133825,11.003696775236119,2,2,225.59234442813346
26198,2212,114.93796891360806,0.0,B2,0,1,deuteron,1000010020,46.588368513938406,46.588368513938406,13.661622211678015,13.661622211678015,1,1,110.79753203481441
25113,2212,150.8522153648641,0.0,B8,6,0,proton,2212,84.0336988682912,35.64923285980691,7.173573114135315,7.78132023337092,4,4,461.8520665417183
26462,2212,85.93544203569473,0.0,B2,0,0,proton,2212,94.23024047426478,49.30090870938163,9.699330652613934,10.61755160642411,2,1,219.91748710677078
15547,2212,121.69203957088959,0.0,B2,0,1,deuteron,1000010020,57.057526635687005,57.057526635687005,14.285285554002103,14.285285554002103,1,1,112.03390573475096
10641,2212,51.12369582610694,0.0,B2,0,1,deuteron,1000010020,34.735823963309635,22.665476221702313,10.184977972438258,10.325587314688368,2,2,227.40369805714988
20489,2212,57.604022110968025,0.0,B4,2,1,deuteron,1000010020,62.57691716931862,39.412563836514494,10.353576466415129,10.615271203009051,2,2,225.5706069804587
18965,2212,83.77683296338864,0.0,B2,0,1,deuteron,1000010020,73.21872684556786,40.03104258483223,9.40235643256498,10.559858432366903,2,1,218.21994160280354
25625,2212,169.5858435704028,0.0,B2,0,0,proton,2212,15.448831755752376,11.543503797427771,7.03496436053645,7.1009105249602555,2,2,230.68771656137483
10860,2212,165.85067920506106,0.0,B8,6,0,proton,2212,53.99152184138006,17.59736555697207,6.973891032801968,7.449541575933363,4,4,469.1016084724487
1495,2212,104.36991155219168,0.0,B4,2,0,proton,2212,100.79199361446229,47.80260234282335,8.648238574247053,10.223809299501387,3,2,336.56530604385347
24776,2212,94.45141469145968,0.0,B2,0,1,deuteron,1000010020,85.39768091529042,62.249262855672136,8.984360135493318,11.306500035781655,2,1,219.10703343176226
1236,2212,165.5879624432847,0.0,B8,6,0,proton,2212,56.17663080300875,18.19093597381614,6.993677721510005,7.467563079976959,4,4,470.6644237871931
24587,2212,73.34501844087103,0.0,B2,0,1,deuteron,1000010020,60.72224253969989,33.39595631167782,10.086736083129502,10.557009833328353,2,1,220.35053192036656
8496,2212,63.338558993139536,0.0,B4,2,1,deuteron,1000010020,69.11089803572611,46.44916484022767,10.529662601717112,10.815218006372826,2,2,224.57917000917237
