method,roc_auc,roc_auc_ci_low,roc_auc_ci_high,average_precision,ap_ci_low,ap_ci_high,brier,brier_ci_low,brier_ci_high,notes
transparent P02 morphology,0.5276177453825076,0.5200629832726745,0.536720871245407,0.5103673358250431,0.5064049964749385,0.5158882238333637,0.24864564567257852,0.2479171529357692,0.24946913525507827,Train-fold-selected transparent P02 morphology cuts/scores only.
traditional timing/template reference,0.6124055103062537,0.6034588010681938,0.6260717104749326,0.5778323599886604,0.5715001851682325,0.5869771470507275,0.24016675596811177,0.23764526898830565,0.24241629308115595,Fold-selected one-dimensional timing/template comparator from S07d.
shape-only RF P02 morphology,0.8597877918400527,0.8378920813473806,0.8821544967397,0.8741142516806946,0.8517049145262977,0.8967560201672113,0.15596580537965274,0.14192389776521652,0.1703386563780341,"Best params={'n_estimators': 500, 'max_depth': 7, 'min_samples_leaf': 8}; 72 normalized morphology features."
