method,n_events,n_pair_residuals,sigma68_ns,ci_low,ci_high,full_rms_ns,delta_vs_analytic_ns,delta_ci_low,delta_ci_high
mlp_analytic_residual,66,198,1.4483561109028598,1.3214490309755422,1.6688176819016887,1.7171801616425526,-0.04628396536681634,-0.10622978030875653,0.0538173882392917
analytic_timewalk,66,198,1.494640076269676,1.3066124782178583,1.6656734816885292,1.6991283591200679,0.0,0.0,0.0
cnn_analytic_residual,66,198,1.4970452906166214,1.307341823817979,1.666558777567697,1.700088448019305,0.0024052143469452947,-0.0023887697607278824,0.007405457534620906
s02_ridge_cfd20,66,198,1.8461136615528861,1.4533451507060855,2.025103478807467,1.7098037987509727,0.35147358528321004,-0.03460313626482653,0.6054555082465414
p03a_mlp_waveform,66,198,1.9272329327513156,1.6075647920894325,2.277237977848316,1.9786382482069755,0.4325928564816395,0.11041254444263675,0.8579731063095543
