method,n_events,n_pair_residuals,sigma68_ns,ci_low,ci_high,full_rms_ns,delta_vs_analytic_ns,delta_ci_low,delta_ci_high
analytic_timewalk,66,198,1.494640076269676,1.3066124782178583,1.6656734816885292,1.6991283591200679,0.0,0.0,0.0
s02_ridge_cfd20,66,198,1.8461136615528861,1.4533451507060855,2.025103478807467,1.7098037987509727,0.35147358528321004,-0.03460313626482653,0.6054555082465414
p03a_mlp_waveform,66,198,1.9272329327513156,1.6075647920894325,2.277237977848316,1.9786382482069755,0.4325928564816395,0.11041254444263675,0.8579731063095543
