fold,heldout_runs,ap,auc
0,59 62,0.8635195218654863,0.8537093195266272
1,58 61,0.8517454459382352,0.8314681952662721
2,60,0.8679481912124744,0.8375443786982248
