split,method,n,bias_median_frac,res68_abs_frac,full_rms_frac,within_5pct,within_10pct,run_block_bias_ci95,run_block_res68_ci95
train_B4_B6_B8_holdout_B2,traditional_huber,579172,-0.09817751208806717,0.13699874232544973,0.2842046833016246,0.28415220349050024,0.47618324090252984,"[-0.1111778522878438, -0.07130390394902089]","[0.1259315350714079, 0.14549454362314657]"
train_B4_B6_B8_holdout_B2,peak_loglinear,579172,-0.9998237419582269,0.9998552403011002,0.999714666665734,0.0,0.0,"[-0.9998402495299795, -0.9997860167167835]","[0.9998400405706963, 0.9998630566092443]"
train_B4_B6_B8_holdout_B2,ml_extra_trees,579172,-0.006772605430302708,0.01677785593663029,0.11065847054484705,0.8452445905534107,0.9198545509796744,"[-0.009063835178264843, -0.004325454390633821]","[0.013925539791349617, 0.019580792466833297]"
train_B4_B6_B8_holdout_B2,shuffled_target_ml,579172,-0.5657422897663613,0.6731304057858501,0.9216342960006776,0.02047923587466245,0.04123818140379715,"[-0.6100409167390918, -0.47916719225969767]","[0.6593271999240399, 0.6800128638758707]"
