comparison,ci_low_ns,ci_high_ns,p_value
ml_full_minus_traditional,-0.4517071608497846,-0.09229244984043346,0.006
ml_no_peak_minus_traditional,-0.3809213102707771,-0.061136183338155105,0.016
ml_no_tail_minus_traditional,-0.3646738266074765,0.0027775825799235235,0.054
ml_no_sample_iv_indicator_minus_traditional,-0.4533958344056419,-0.11487690036097284,0.006
ml_no_peak_minus_ml_full,-0.11689822700928451,0.19287861986116078,0.824
ml_no_tail_minus_ml_full,-0.07785945151564944,0.28789286992219976,0.222
ml_no_sample_iv_indicator_minus_ml_full,-0.015168304314236547,0.009160595983923886,0.576
