method,n_pairs,median_ns,robust_width_ns,full_rms_ns,within_abs_2ns,tail_fraction_abs_gt_5ns,core_sigma_ns,core_sigma_err_ns,core_mean_ns,chi2_ndf,fit_window_ns,robust_ci_low_ns,robust_ci_high_ns
traditional,127,-0.12535307087132233,1.633765296611696,1.4975059821865502,0.8267716535433071,0.0,1.8747279257028209,0.4257128669643568,-0.10610444690861964,1.1487164671601746,2.5,1.35200029728869,1.7261691683341054
ml_full,127,-0.07861306053708168,1.3840412051684754,1.2449722673385,0.889763779527559,0.0,1.4322451757090733,0.19441228122739082,0.0274091887005731,1.1253708362850472,2.5,1.0843120886638733,1.474655793818672
ml_no_peak,127,0.04016991355259717,1.3544888954895813,1.2691597663733796,0.8740157480314961,0.0,1.925339869589024,0.47190559744905264,-0.5591474507228135,1.9241672282977451,2.5,1.1853757952169734,1.4512009913235269
ml_no_tail,127,-0.04768152434840959,1.4131665285928756,1.3523712337237752,0.8661417322834646,0.0,1.9919660693239307,0.5068488035381703,0.35454509165164333,2.1094103052844355,2.5,1.1621288412180688,1.6326872513762154
ml_no_sample_iv_indicator,127,-0.10447500830290506,1.3712354495091432,1.2436371622765232,0.8976377952755905,0.0,1.5565195308700321,0.2451208090040541,-0.03730669441065723,1.0336792113804028,2.5,1.0800865195462674,1.474640048059857
