run,n_pairs,raw_robust_width_ns,traditional_robust_width_ns,n_leave_two_predictions,ml_full_robust_width_ns,ml_no_peak_robust_width_ns,ml_no_tail_robust_width_ns,ml_no_sample_iv_indicator_robust_width_ns
58,25,1.115405982325394,1.2587961575810205,6,0.9732223816681437,1.0590322813117012,1.249582520398706,0.9692370052556945
59,11,0.47269167230124154,1.182912130822523,6,0.7754364365786826,0.8317904878161416,0.7660933003832513,0.7732592586935356
60,11,1.0047883232703798,1.0967175652937096,6,0.735176503950233,0.7950926385361987,0.7006223396490326,0.7352227404223775
61,18,1.765900934373004,1.6231388870832646,6,1.1651273330191763,1.3044817177434342,1.2919875597677501,1.163386717147299
62,7,1.4182250123715976,1.1503912460568144,6,1.0466530797009808,1.4887513664569014,1.0376454326136504,1.0520816032652824
63,28,1.4710878013748783,1.357538441687867,6,1.248614058187012,1.3922893942404477,1.4369344751508133,1.2468984762110775
65,27,1.6556057216495648,1.8250550352590746,6,1.644738998486671,1.3731953382736206,1.717745135654195,1.6545678805935347
