event_index,run,group,current_nA,eventno,stratum,amp_bin,baseline_bin,p02_topology,ref_stave,ref_amp_adc,adaptive_lowering_adc,downstream,one_sse_norm,resid_late_max_frac,event_key,blind_shape_score,blind_residual_score,blind_hybrid_score,blind_shape_review,blind_residual_review,blind_hybrid_review,blind_consensus_recoverable,blind_vote_count
73,44,high_20nA,20.0,172,amp_ge_4500|s16_large_lowering|p02_broad_late,amp_ge_4500,s16_large_lowering,p02_broad_late,B2,9087.5,6602.1875,1,0.2525133333375379,0.5666574965612104,44:172:B2:73,1.2812033567764807,0.4427031560267562,0.8727926011063003,1,0,1,1,2
117,44,high_20nA,20.0,282,amp_ge_4500|s16_large_lowering|p02_broad_late,amp_ge_4500,s16_large_lowering,p02_broad_late,B2,7054.5,6650.6825,0,0.3745899242822012,0.6614926642568574,44:282:B2:117,0.741406036638835,1.0337985726001229,0.7159296944148088,0,0,1,0,1
129,44,high_20nA,20.0,305,amp_ge_4500|s16_large_lowering|p02_broad_late,amp_ge_4500,s16_large_lowering,p02_broad_late,B2,8020.5,6634.1925,1,0.320114663212693,0.5995262140764291,44:305:B2:129,0.9964954797233141,0.7499579409394643,0.8936506174894343,0,0,1,0,1
138,44,high_20nA,20.0,325,amp_ge_4500|s16_large_lowering|p02_broad_late,amp_ge_4500,s16_large_lowering,p02_broad_late,B2,7550.5,1001.2425000000004,0,0.2827585752449557,0.3984504337461095,44:325:B2:138,0.04851013374511422,0.02182436934033051,0.027600085946082216,0,0,0,0,0
140,44,high_20nA,20.0,328,amp_ge_4500|s16_large_lowering|p02_broad_late,amp_ge_4500,s16_large_lowering,p02_broad_late,B2,4783.0,486.2550000000001,0,0.0332426297306711,0.1282765721374011,44:328:B2:140,-1.7217623675540283,-1.5376851335467272,-1.3000974557601561,0,0,0,0,0
193,44,high_20nA,20.0,436,amp_ge_4500|s16_large_lowering|p02_broad_late,amp_ge_4500,s16_large_lowering,p02_broad_late,B2,6441.5,1032.8775000000005,0,0.0584721820976933,0.1923459507320337,44:436:B2:193,-0.6420066225175882,-1.2049312694219865,-0.7500336497139178,0,0,0,0,0
246,44,high_20nA,20.0,560,amp_ge_4500|s16_large_lowering|p02_broad_late,amp_ge_4500,s16_large_lowering,p02_broad_late,B2,4842.0,447.3700000000008,0,0.0305145698629783,0.149063331983072,44:560:B2:246,-1.6839356708681439,-1.5381184361970315,-1.285905298132648,0,0,0,0,0
526,44,high_20nA,20.0,1186,amp_ge_4500|s16_large_lowering|p02_broad_late,amp_ge_4500,s16_large_lowering,p02_broad_late,B2,9365.5,6635.0175,1,0.2618591174511828,0.5392664566760984,44:1186:B2:526,1.3252491705425002,0.44522641712670297,0.8905897799993654,1,0,1,1,2
579,44,high_20nA,20.0,1304,amp_ge_4500|s16_large_lowering|p02_broad_late,amp_ge_4500,s16_large_lowering,p02_broad_late,B2,5903.0,901.455,0,0.2766630302558493,1.0,44:1304:B2:579,0.1820190954784694,0.762179996288358,0.3892828547229287,0,0,0,0,0
595,44,high_20nA,20.0,1340,amp_ge_4500|s16_large_lowering|p02_broad_late,amp_ge_4500,s16_large_lowering,p02_broad_late,B2,7233.0,6879.505,0,0.4356943377403716,0.5582745748652012,44:1340:B2:595,0.6771845482567476,1.123542769255892,0.7292180914250387,0,1,1,1,2
633,44,high_20nA,20.0,1416,amp_ge_4500|s16_large_lowering|p02_broad_late,amp_ge_4500,s16_large_lowering,p02_broad_late,B2,5008.0,841.8799999999992,0,0.0654967108854787,0.2117158304826167,44:1416:B2:633,-1.3376134659948473,-1.181434352103294,-1.0044955449614255,0,0,0,0,0
704,44,high_20nA,20.0,1574,amp_ge_4500|s16_large_lowering|p02_broad_late,amp_ge_4500,s16_large_lowering,p02_broad_late,B2,5623.5,364.1475,0,0.032952176240498,0.1667308000817037,44:1574:B2:704,-1.320256048491137,-1.538346993220371,-1.1478030355791877,0,0,0,0,0
738,44,high_20nA,20.0,1639,amp_ge_4500|s16_large_lowering|p02_broad_late,amp_ge_4500,s16_large_lowering,p02_broad_late,B2,8382.5,6658.7625,1,0.3091297833487266,0.5822248732478378,44:1639:B2:738,1.0909149861446354,0.6861765760200896,0.9027418566633991,0,0,1,0,1
842,44,high_20nA,20.0,1888,amp_ge_4500|s16_large_lowering|p02_broad_late,amp_ge_4500,s16_large_lowering,p02_broad_late,B2,9227.5,6813.0875,0,0.3519932710296289,0.6022758060146302,44:1888:B2:842,1.3784080848020093,0.8777725589271483,0.8924595469741659,1,0,1,1,2
1062,44,high_20nA,20.0,2406,amp_ge_4500|s16_large_lowering|p02_broad_late,amp_ge_4500,s16_large_lowering,p02_broad_late,B2,6167.5,1389.9875000000002,0,0.0359570597520825,0.3383133565780618,44:2406:B2:1062,-0.47858728189977334,-1.0723429056837404,-0.6322471875090848,0,0,0,0,0
1121,44,high_20nA,20.0,2526,amp_ge_4500|s16_large_lowering|p02_broad_late,amp_ge_4500,s16_large_lowering,p02_broad_late,B2,7247.5,1892.7875000000004,1,0.2006354061851813,0.1810701185590356,44:2526:B2:1121,-0.17998958662582903,-0.4840762734055637,-0.07170807774815174,0,0,0,0,0
1304,44,high_20nA,20.0,2946,amp_ge_4500|s16_large_lowering|p02_broad_late,amp_ge_4500,s16_large_lowering,p02_broad_late,B2,8036.5,6971.9525,0,0.3661908686188831,0.6049275181982207,44:2946:B2:1304,1.0226348518123107,0.9375583284462438,0.7823757416361005,0,0,1,0,1
1357,44,high_20nA,20.0,3081,amp_ge_4500|s16_large_lowering|p02_broad_late,amp_ge_4500,s16_large_lowering,p02_broad_late,B2,9112.5,293.8125,0,0.2777990929065189,0.5094650205761316,44:3081:B2:1357,0.361903221039536,-0.0621680452145465,0.11141264500491414,0,0,0,0,0
1398,44,high_20nA,20.0,3180,amp_ge_4500|s16_large_lowering|p02_broad_late,amp_ge_4500,s16_large_lowering,p02_broad_late,B2,9343.0,6624.855,0,0.2755682715231251,0.5538906132933747,44:3180:B2:1398,1.3382415316036886,0.5181847236487889,0.726169365941893,1,0,1,1,2
1446,44,high_20nA,20.0,3291,amp_ge_4500|s16_large_lowering|p02_broad_late,amp_ge_4500,s16_large_lowering,p02_broad_late,B2,7088.0,356.6800000000003,0,0.0505939240187134,0.2480364720259527,44:3291:B2:1446,-0.6035812486348517,-1.3512073362861061,-0.7968679557214082,0,0,0,0,0
1476,44,high_20nA,20.0,3361,amp_ge_4500|s16_large_lowering|p02_broad_late,amp_ge_4500,s16_large_lowering,p02_broad_late,B2,5065.5,1569.5175,0,0.061415510353135,0.2375025970726514,44:3361:B2:1476,-1.1025450371048913,-1.0609103022836988,-0.8645494410590122,0,0,0,0,0
1564,44,high_20nA,20.0,3558,amp_ge_4500|s16_large_lowering|p02_broad_late,amp_ge_4500,s16_large_lowering,p02_broad_late,B2,8968.0,6594.48,0,0.2540107900855446,0.5931088314005353,44:3558:B2:1564,1.28162803126633,0.48289045091299065,0.6898326412646615,1,0,0,0,1
1574,44,high_20nA,20.0,3579,amp_ge_4500|s16_large_lowering|p02_broad_late,amp_ge_4500,s16_large_lowering,p02_broad_late,B2,6804.0,602.9399999999996,0,0.0309816768267743,0.1267474746412371,44:3579:B2:1574,-0.7327008984105806,-1.5140103595329275,-0.9143106923998502,0,0,0,0,0
1589,44,high_20nA,20.0,3609,amp_ge_4500|s16_large_lowering|p02_broad_late,amp_ge_4500,s16_large_lowering,p02_broad_late,B2,8128.0,6633.08,1,0.3003626205006316,0.6347194881889764,44:3609:B2:1589,1.0792676099561493,0.7200648574187667,0.9125489318992188,0,0,1,0,1
1709,44,high_20nA,20.0,3874,amp_ge_4500|s16_large_lowering|p02_broad_late,amp_ge_4500,s16_large_lowering,p02_broad_late,B2,9375.0,6615.375,0,0.294037134854321,0.67648,44:3874:B2:1709,1.512667966844332,0.7494458491456362,0.8895810840420133,1,0,1,1,2
1713,44,high_20nA,20.0,3885,amp_ge_4500|s16_large_lowering|p02_broad_late,amp_ge_4500,s16_large_lowering,p02_broad_late,B2,7656.0,6629.16,0,0.3831109575119795,0.7174764890282131,44:3885:B2:1713,1.032721362944549,1.1370375726497055,0.869989898431805,0,1,1,1,2
1850,44,high_20nA,20.0,4155,amp_ge_4500|s16_large_lowering|p02_broad_late,amp_ge_4500,s16_large_lowering,p02_broad_late,B2,7976.5,6661.8525,0,0.3605780681763287,0.6993668902400803,44:4155:B2:1850,1.1180852675890085,1.031933692052672,0.8582845523459455,0,0,1,0,1
1924,45,high_20nA,20.0,4318,amp_ge_4500|s16_large_lowering|p02_broad_late,amp_ge_4500,s16_large_lowering,p02_broad_late,B2,4523.0,417.1550000000007,0,0.0349571133633365,0.1383790313489938,45:4318:B2:1924,-1.8977500247846124,-1.5423421611195194,-1.3689287170883508,0,0,0,0,0
2273,45,high_20nA,20.0,5055,amp_ge_4500|s16_large_lowering|p02_broad_late,amp_ge_4500,s16_large_lowering,p02_broad_late,B2,7937.0,448.9449999999997,1,0.3113550390643073,0.5426483558019403,45:5055:B2:2273,0.15682654529694212,0.1831903518747742,0.33653403500024315,0,0,0,0,0
2407,45,high_20nA,20.0,5271,amp_ge_4500|s16_large_lowering|p02_broad_late,amp_ge_4500,s16_large_lowering,p02_broad_late,B2,6145.5,2380.3175,1,0.2637908715417001,0.1476421992693086,45:5271:B2:2407,-0.5990163573179098,-0.23126859086767812,-0.12475902394523053,0,0,0,0,0
2567,45,high_20nA,20.0,5535,amp_ge_4500|s16_large_lowering|p02_broad_late,amp_ge_4500,s16_large_lowering,p02_broad_late,B2,6748.5,266.2724999999991,0,0.2487876720384786,0.3868267022301252,45:5535:B2:2567,-0.6253593735239515,-0.3535747362386342,-0.386137951159328,0,0,0,0,0
2711,45,high_20nA,20.0,5771,amp_ge_4500|s16_large_lowering|p02_broad_late,amp_ge_4500,s16_large_lowering,p02_broad_late,B2,7127.5,6648.5875,0,0.3845561928292756,0.6547176429323045,45:5771:B2:2711,0.7593973470063735,1.0611749249325337,0.7342644603340861,0,1,1,1,2
2934,45,high_20nA,20.0,6134,amp_ge_4500|s16_large_lowering|p02_broad_late,amp_ge_4500,s16_large_lowering,p02_broad_late,B2,6724.5,1700.6324999999997,1,0.0417327661317845,0.2634634670253623,45:6134:B2:2934,-0.29597180940423995,-1.10736226763993,-0.37756143998238173,0,0,0,0,0
3069,45,high_20nA,20.0,6361,amp_ge_4500|s16_large_lowering|p02_broad_late,amp_ge_4500,s16_large_lowering,p02_broad_late,B2,7236.0,830.46,1,0.2666361514653051,0.4679380873410724,45:6361:B2:3069,-0.021124382030402265,0.016833496523624578,0.19904280336836946,0,0,0,0,0
3186,45,high_20nA,20.0,6568,amp_ge_4500|s16_large_lowering|p02_broad_late,amp_ge_4500,s16_large_lowering,p02_broad_late,B2,5454.0,365.1899999999996,0,0.0293272489799257,0.1658471918781753,45:6568:B2:3186,-1.4016458211569802,-1.5566440093780147,-1.1864158959784188,0,0,0,0,0
3450,45,high_20nA,20.0,7018,amp_ge_4500|s16_large_lowering|p02_broad_late,amp_ge_4500,s16_large_lowering,p02_broad_late,B2,6992.5,516.6125000000002,0,0.281056379237159,0.4880228816589202,45:7018:B2:3450,-0.21399798104213852,0.01882061368377419,-0.07341457504882748,0,0,0,0,0
3455,45,high_20nA,20.0,7032,amp_ge_4500|s16_large_lowering|p02_broad_late,amp_ge_4500,s16_large_lowering,p02_broad_late,B2,6853.5,6639.6975,0,0.3927067217653366,0.6702414824542204,45:7032:B2:3455,0.6763030214089834,1.1105746254627922,0.7234364908297863,0,1,1,1,2
3603,45,high_20nA,20.0,7294,amp_ge_4500|s16_large_lowering|p02_broad_late,amp_ge_4500,s16_large_lowering,p02_broad_late,B2,7549.5,601.2574999999997,1,0.2587949081798991,0.4941386846811047,45:7294:B2:3603,0.03843258375880236,-0.03530803255978486,0.19977500815323526,0,0,0,0,0
3935,45,high_20nA,20.0,8072,amp_ge_4500|s16_large_lowering|p02_broad_late,amp_ge_4500,s16_large_lowering,p02_broad_late,B2,8354.0,6614.69,0,0.2922014564203176,0.5883409145319607,45:8072:B2:3935,1.0883603437809035,0.6277057420508356,0.6772133422980943,0,0,0,0,0
4016,45,high_20nA,20.0,8302,amp_ge_4500|s16_large_lowering|p02_broad_late,amp_ge_4500,s16_large_lowering,p02_broad_late,B2,8545.0,6604.825,0,0.2864570663866102,0.6170860152135752,45:8302:B2:4016,1.1866366465107328,0.642476685512567,0.7207621335893566,1,0,1,1,2
4889,45,high_20nA,20.0,10523,amp_ge_4500|s16_large_lowering|p02_broad_late,amp_ge_4500,s16_large_lowering,p02_broad_late,B2,9284.0,6606.74,0,0.2740820620365717,0.5528866867729427,45:10523:B2:4889,1.319374212604084,0.5105638416041197,0.7157990142632822,1,0,1,1,2
4948,45,high_20nA,20.0,10655,amp_ge_4500|s16_large_lowering|p02_broad_late,amp_ge_4500,s16_large_lowering,p02_broad_late,B2,8288.0,6623.68,0,0.2909608385446947,0.6546814671814671,45:10655:B2:4948,1.1574528370561503,0.7093773065798487,0.7377705468448735,1,0,1,1,2
5026,45,high_20nA,20.0,10820,amp_ge_4500|s16_large_lowering|p02_broad_late,amp_ge_4500,s16_large_lowering,p02_broad_late,B2,8623.0,6632.655,0,0.287225538895687,0.6081410182071205,45:10820:B2:5026,1.1997321639579748,0.634559500441055,0.7224132124892735,1,0,1,1,2
5277,45,high_20nA,20.0,11409,amp_ge_4500|s16_large_lowering|p02_broad_late,amp_ge_4500,s16_large_lowering,p02_broad_late,B2,8471.5,6645.4275,0,0.2744742680822056,0.644572979991737,45:11409:B2:5277,1.202621956007742,0.632317977606343,0.722569893877606,1,0,1,1,2
5573,45,high_20nA,20.0,12092,amp_ge_4500|s16_large_lowering|p02_broad_late,amp_ge_4500,s16_large_lowering,p02_broad_late,B2,6915.5,437.7674999999999,0,0.033592286059304,0.1960771273566676,45:12092:B2:5573,-0.6832175611319476,-1.4657260804431438,-0.8752276270162604,0,0,0,0,0
6001,45,high_20nA,20.0,13113,amp_ge_4500|s16_large_lowering|p02_broad_late,amp_ge_4500,s16_large_lowering,p02_broad_late,B2,5410.0,1999.8500000000004,1,0.2462995320274747,0.4181146025878003,45:13113:B2:6001,-0.6180848439796532,0.0207755514498882,-0.026146509103315174,0,0,0,0,0
6325,45,high_20nA,20.0,13918,amp_ge_4500|s16_large_lowering|p02_broad_late,amp_ge_4500,s16_large_lowering,p02_broad_late,B2,9336.5,6594.4525,0,0.2664261473146286,0.625662721576608,45:13918:B2:6325,1.4321970896396556,0.5746377620797165,0.7855827541365501,1,0,1,1,2
6652,45,high_20nA,20.0,14680,amp_ge_4500|s16_large_lowering|p02_broad_late,amp_ge_4500,s16_large_lowering,p02_broad_late,B2,8787.5,489.6875,1,0.2953247071133423,0.5693883357041252,45:14680:B2:6652,0.48600531780823775,0.17105789488682574,0.45652633661959713,0,0,0,0,0
6705,45,high_20nA,20.0,14780,amp_ge_4500|s16_large_lowering|p02_broad_late,amp_ge_4500,s16_large_lowering,p02_broad_late,B2,4849.5,283.7574999999997,0,0.0388482824318157,0.1638746119177635,45:14780:B2:6705,-1.783819634128454,-1.5559609566837813,-1.3313550627760007,0,0,0,0,0
8154,45,high_20nA,20.0,17872,amp_ge_4500|s16_large_lowering|p02_broad_late,amp_ge_4500,s16_large_lowering,p02_broad_late,B2,7503.0,6630.455,0,0.376502663554656,0.7225109956017592,45:17872:B2:8154,0.9861705957256646,1.1195920688484844,0.844973495292116,0,1,1,1,2
8575,45,high_20nA,20.0,18750,amp_ge_4500|s16_large_lowering|p02_broad_late,amp_ge_4500,s16_large_lowering,p02_broad_late,B2,6520.0,818.1999999999998,0,0.267364702389167,1.0,45:18750:B2:8575,0.4186109887003515,0.7089862754347139,0.4568464113887134,0,0,0,0,0
8860,45,high_20nA,20.0,19344,amp_ge_4500|s16_large_lowering|p02_broad_late,amp_ge_4500,s16_large_lowering,p02_broad_late,B2,8360.0,781.6000000000004,0,0.2883541717540553,0.4352870813397129,45:19344:B2:8860,0.30022295709122504,0.04932305813910534,0.13480040811308977,0,0,0,0,0
9224,45,high_20nA,20.0,20069,amp_ge_4500|s16_large_lowering|p02_broad_late,amp_ge_4500,s16_large_lowering,p02_broad_late,B2,7305.0,7895.425,0,0.3802017439353685,0.7415468856947296,45:20069:B2:9224,0.9888393910405274,1.1876112395074327,0.8745556891885222,0,1,1,1,2
9302,45,high_20nA,20.0,20245,amp_ge_4500|s16_large_lowering|p02_broad_late,amp_ge_4500,s16_large_lowering,p02_broad_late,B2,5655.0,430.1750000000002,0,0.032452216558909,0.1463264835313807,45:20245:B2:9302,-1.2876667980492473,-1.5389297468075087,-1.1356638769178677,0,0,0,0,0
9784,45,high_20nA,20.0,21151,amp_ge_4500|s16_large_lowering|p02_broad_late,amp_ge_4500,s16_large_lowering,p02_broad_late,B2,8072.5,6687.4125,0,0.3070250392993906,0.5954165376277485,45:21151:B2:9784,1.010219545221376,0.6959901561129505,0.6761992927515621,0,0,0,0,0
10194,45,high_20nA,20.0,21995,amp_ge_4500|s16_large_lowering|p02_broad_late,amp_ge_4500,s16_large_lowering,p02_broad_late,B2,5170.5,289.9424999999992,0,0.0339444571216802,0.1936709340501211,45:21995:B2:10194,-1.5680841743559368,-1.5372859190535253,-1.2415320722577365,0,0,0,0,0
10483,45,high_20nA,20.0,22510,amp_ge_4500|s16_large_lowering|p02_broad_late,amp_ge_4500,s16_large_lowering,p02_broad_late,B2,8606.0,7348.91,0,0.3310052432011537,0.5654194747850337,45:22510:B2:10483,1.1647479479062999,0.7642900394007262,0.7636060367526989,1,0,1,1,2
10510,45,high_20nA,20.0,22553,amp_ge_4500|s16_large_lowering|p02_broad_late,amp_ge_4500,s16_large_lowering,p02_broad_late,B2,7930.5,793.5424999999996,0,0.2403697664197051,0.4551415421474056,45:22553:B2:10510,0.19165573671885305,-0.11267735399796999,0.02550469127401677,0,0,0,0,0
10970,45,high_20nA,20.0,23409,amp_ge_4500|s16_large_lowering|p02_broad_late,amp_ge_4500,s16_large_lowering,p02_broad_late,B2,6897.0,7211.545,0,0.4425435841990297,0.5801072930259533,45:23409:B2:10970,0.5937242760073842,1.183851089425409,0.7228326824414778,0,1,1,1,2
11964,45,high_20nA,20.0,25419,amp_ge_4500|s16_large_lowering|p02_broad_late,amp_ge_4500,s16_large_lowering,p02_broad_late,B2,8009.0,6609.865,1,0.3256720583289499,0.6125608690223499,45:25419:B2:11964,1.0093216354182486,0.7873524185796885,0.9142302372624036,0,0,1,0,1
11967,45,high_20nA,20.0,25424,amp_ge_4500|s16_large_lowering|p02_broad_late,amp_ge_4500,s16_large_lowering,p02_broad_late,B2,7351.5,1844.2275,0,0.0463947059619266,0.2365661356938958,45:25424:B2:11967,-0.07434306343745789,-1.10610504557893,-0.4928144832493846,0,0,0,0,0
12266,45,high_20nA,20.0,26079,amp_ge_4500|s16_large_lowering|p02_broad_late,amp_ge_4500,s16_large_lowering,p02_broad_late,B2,6742.0,336.8700000000008,0,0.0371171076001537,0.2504907780484017,45:26079:B2:12266,-0.7482426534684855,-1.4225087635775637,-0.8817858890206012,0,0,0,0,0
12364,45,high_20nA,20.0,26277,amp_ge_4500|s16_large_lowering|p02_broad_late,amp_ge_4500,s16_large_lowering,p02_broad_late,B2,9185.5,6617.7175,0,0.2691909435611163,0.6433509335365521,45:26277:B2:12364,1.4139344907764262,0.6091772411162764,0.793149547763878,1,0,1,1,2
12637,45,high_20nA,20.0,26804,amp_ge_4500|s16_large_lowering|p02_broad_late,amp_ge_4500,s16_large_lowering,p02_broad_late,B2,8230.5,6632.0425,0,0.342189322597289,0.6540914889739384,45:26804:B2:12637,1.1385789081056523,0.9040391088730647,0.8123564108068351,0,0,1,0,1
12869,45,high_20nA,20.0,27268,amp_ge_4500|s16_large_lowering|p02_broad_late,amp_ge_4500,s16_large_lowering,p02_broad_late,B2,8864.0,6649.04,0,0.290702931995689,0.6078519855595668,45:27268:B2:12869,1.2729508451686788,0.6481381116429246,0.7559393280541262,1,0,1,1,2
13182,45,high_20nA,20.0,27869,amp_ge_4500|s16_large_lowering|p02_broad_late,amp_ge_4500,s16_large_lowering,p02_broad_late,B2,7770.0,278.4500000000007,0,0.0362387261984797,0.2464653640362119,45:27869:B2:13182,-0.4300547960842097,-1.4644026323353352,-0.7784699280928404,0,0,0,0,0
13260,45,high_20nA,20.0,28020,amp_ge_4500|s16_large_lowering|p02_broad_late,amp_ge_4500,s16_large_lowering,p02_broad_late,B2,7216.0,392.7600000000002,1,0.0298258446455606,0.1691936703828898,45:28020:B2:13260,-0.6365900263006488,-1.537470930597498,-0.6876420008451958,0,0,0,0,0
13300,45,high_20nA,20.0,28100,amp_ge_4500|s16_large_lowering|p02_broad_late,amp_ge_4500,s16_large_lowering,p02_broad_late,B2,6766.0,262.5100000000002,1,0.3151429319942396,0.6078924031924328,45:28100:B2:13300,-0.3234453988613878,0.19114973767280255,0.15737363825524972,0,0,0,0,0
13432,45,high_20nA,20.0,28337,amp_ge_4500|s16_large_lowering|p02_broad_late,amp_ge_4500,s16_large_lowering,p02_broad_late,B2,8426.0,289.6099999999997,0,0.2325511786112258,0.4427961072869689,45:28337:B2:13432,0.06058543478363003,-0.33215928269322376,-0.11648443351337455,0,0,0,0,0
13434,45,high_20nA,20.0,28341,amp_ge_4500|s16_large_lowering|p02_broad_late,amp_ge_4500,s16_large_lowering,p02_broad_late,B2,7452.0,6679.22,0,0.3950663833432879,0.7234299516908212,45:28341:B2:13434,0.9713682863330719,1.1892370993603785,0.8685995305379263,0,1,1,1,2
13568,45,high_20nA,20.0,28634,amp_ge_4500|s16_large_lowering|p02_broad_late,amp_ge_4500,s16_large_lowering,p02_broad_late,B2,8865.0,6648.025,0,0.265821473608518,0.5842075578116187,45:28634:B2:13568,1.2412346482499894,0.5197218029234795,0.6899523235628574,1,0,0,0,1
13664,45,high_20nA,20.0,28837,amp_ge_4500|s16_large_lowering|p02_broad_late,amp_ge_4500,s16_large_lowering,p02_broad_late,B2,8051.5,6639.7275,0,0.368347113744409,0.684655033223623,45:28837:B2:13664,1.1220450318758164,1.0407995185693726,0.8635129099119467,0,0,1,0,1
13702,45,high_20nA,20.0,28906,amp_ge_4500|s16_large_lowering|p02_broad_late,amp_ge_4500,s16_large_lowering,p02_broad_late,B2,6238.5,453.9224999999997,0,0.3257930045854113,0.5405946942373968,45:28906:B2:13702,-0.480059239958173,0.23732651486075415,-0.082745374942589,0,0,0,0,0
14148,45,high_20nA,20.0,29939,amp_ge_4500|s16_large_lowering|p02_broad_late,amp_ge_4500,s16_large_lowering,p02_broad_late,B2,5606.0,978.91,1,0.2924127127607828,0.5264002854084909,45:29939:B2:14148,-0.5724943535876407,0.2219540084268049,0.07567282917595461,0,0,0,0,0
14182,45,high_20nA,20.0,30029,amp_ge_4500|s16_large_lowering|p02_broad_late,amp_ge_4500,s16_large_lowering,p02_broad_late,B2,8000.0,6620.0,0,0.3143029366319444,0.6565,45:30029:B2:14182,1.0661814429296599,0.8015385512647606,0.7417951398444702,0,0,1,0,1
14185,45,high_20nA,20.0,30033,amp_ge_4500|s16_large_lowering|p02_broad_late,amp_ge_4500,s16_large_lowering,p02_broad_late,B2,8347.0,6660.795,0,0.3156874177967477,0.6544866419072721,45:30033:B2:14185,1.177484394381364,0.8052508243486882,0.7856494160913674,1,0,1,1,2
14797,45,high_20nA,20.0,31400,amp_ge_4500|s16_large_lowering|p02_broad_late,amp_ge_4500,s16_large_lowering,p02_broad_late,B2,4879.0,372.8150000000005,0,0.0461704256965254,0.1971882273901738,45:31400:B2:14797,-1.6483943687017315,-1.4309551121898718,-1.2273910072264043,0,0,0,0,0
15073,45,high_20nA,20.0,31970,amp_ge_4500|s16_large_lowering|p02_broad_late,amp_ge_4500,s16_large_lowering,p02_broad_late,B2,8415.0,286.77499999999964,1,0.2745815955115409,0.5244206773618538,45:31970:B2:15073,0.16482732931072935,-0.05949410157168808,0.23764686247796818,0,0,0,0,0
15161,45,high_20nA,20.0,32172,amp_ge_4500|s16_large_lowering|p02_broad_late,amp_ge_4500,s16_large_lowering,p02_broad_late,B2,7021.5,6662.1775,1,0.3701020320368106,0.6916613259275084,45:32172:B2:15161,0.7702669434217466,1.0569149248702994,0.9366057069457894,0,1,1,1,2
15208,45,high_20nA,20.0,32287,amp_ge_4500|s16_large_lowering|p02_broad_late,amp_ge_4500,s16_large_lowering,p02_broad_late,B2,8293.5,6602.0975,0,0.3038366453483224,0.6462289744981009,45:32287:B2:15208,1.1468869392435426,0.7476144568466574,0.7498151087881423,0,0,1,0,1
15457,45,high_20nA,20.0,32907,amp_ge_4500|s16_large_lowering|p02_broad_late,amp_ge_4500,s16_large_lowering,p02_broad_late,B2,9285.5,6650.2175,0,0.2827765402064914,0.6224220558935976,45:32907:B2:15457,1.4156217493005494,0.636211613033288,0.8051451422081897,1,0,1,1,2
15529,45,high_20nA,20.0,33103,amp_ge_4500|s16_large_lowering|p02_broad_late,amp_ge_4500,s16_large_lowering,p02_broad_late,B2,5404.5,2174.4325,0,0.0613286700876584,0.2570702571145802,45:33103:B2:15529,-0.81569600630164,-0.9802531634385401,-0.72167081103881,0,0,0,0,0
15554,45,high_20nA,20.0,33150,amp_ge_4500|s16_large_lowering|p02_broad_late,amp_ge_4500,s16_large_lowering,p02_broad_late,B2,7174.0,1592.3900000000003,0,0.2776159857465585,0.372177306941734,45:33150:B2:15554,0.004285589645805346,0.04666293542706144,0.021226956944771832,0,0,0,0,0
16159,45,high_20nA,20.0,34566,amp_ge_4500|s16_large_lowering|p02_broad_late,amp_ge_4500,s16_large_lowering,p02_broad_late,B2,7180.5,500.7924999999996,0,0.0419344658951687,0.2698472924894016,45:34566:B2:16159,-0.4473056506249205,-1.3065690314962994,-0.7187351404659156,0,0,0,0,0
16473,45,high_20nA,20.0,35180,amp_ge_4500|s16_large_lowering|p02_broad_late,amp_ge_4500,s16_large_lowering,p02_broad_late,B2,8965.5,6728.0175,0,0.3346591042961885,0.6174223411968099,45:35180:B2:16473,1.3192433533093795,0.830590131566691,0.8501603295155744,1,0,1,1,2
16649,45,high_20nA,20.0,35537,amp_ge_4500|s16_large_lowering|p02_broad_late,amp_ge_4500,s16_large_lowering,p02_broad_late,B2,6969.5,298.95750000000044,0,0.0306590418526123,0.1915506874343576,45:35537:B2:16649,-0.772647131925781,-1.550798283028213,-0.9449411890036462,0,0,0,0,0
16735,45,high_20nA,20.0,35684,amp_ge_4500|s16_large_lowering|p02_broad_late,amp_ge_4500,s16_large_lowering,p02_broad_late,B2,7131.0,6641.035,0,0.3864085795187427,0.652923853596971,45:35684:B2:16735,0.7579602414277922,1.0653554387794044,0.7354741760299108,0,1,1,1,2
16779,45,high_20nA,20.0,35766,amp_ge_4500|s16_large_lowering|p02_broad_late,amp_ge_4500,s16_large_lowering,p02_broad_late,B2,4723.0,279.15500000000065,0,0.0304967439405171,0.0637491384830304,45:35766:B2:16779,-1.9935940032720885,-1.7294199718100118,-1.4839221094035986,0,0,0,0,0
16869,45,high_20nA,20.0,35918,amp_ge_4500|s16_large_lowering|p02_broad_late,amp_ge_4500,s16_large_lowering,p02_broad_late,B2,8357.5,6642.1375,0,0.3060134273484549,0.6368531259347892,45:35918:B2:16869,1.156199842483684,0.7448237167253983,0.7521819011684672,1,0,1,1,2
16892,45,high_20nA,20.0,35955,amp_ge_4500|s16_large_lowering|p02_broad_late,amp_ge_4500,s16_large_lowering,p02_broad_late,B2,7718.0,447.2299999999996,0,0.2803275685366185,0.5167141746566468,45:35955:B2:16892,0.046681293062960774,0.02870089203100154,0.029793266016945742,0,0,0,0,0
17029,45,high_20nA,20.0,36221,amp_ge_4500|s16_large_lowering|p02_broad_late,amp_ge_4500,s16_large_lowering,p02_broad_late,B2,6920.5,418.6925000000001,0,0.0336576651161843,0.1785823696348394,45:36221:B2:17029,-0.7171034363112041,-1.4957441866739427,-0.9007118642013134,0,0,0,0,0
17072,45,high_20nA,20.0,36311,amp_ge_4500|s16_large_lowering|p02_broad_late,amp_ge_4500,s16_large_lowering,p02_broad_late,B2,7017.0,1308.745,1,0.0371433980490635,0.3250216973279347,45:36311:B2:17072,-0.17157407142979003,-1.094158196915491,-0.32474458984782634,0,0,0,0,0
17106,45,high_20nA,20.0,36374,amp_ge_4500|s16_large_lowering|p02_broad_late,amp_ge_4500,s16_large_lowering,p02_broad_late,B2,6427.0,2271.5950000000003,1,0.0570305691354676,0.2501768937325486,45:36374:B2:17106,-0.3546289767578825,-1.0021126710338513,-0.3556463330022129,0,0,0,0,0
17298,45,high_20nA,20.0,36745,amp_ge_4500|s16_large_lowering|p02_broad_late,amp_ge_4500,s16_large_lowering,p02_broad_late,B2,8088.0,6644.68,1,0.3138123225435693,0.6371167161226509,45:36745:B2:17298,1.0699330402774008,0.775098058402986,0.9321157398346664,0,0,1,0,1
17548,45,high_20nA,20.0,37226,amp_ge_4500|s16_large_lowering|p02_broad_late,amp_ge_4500,s16_large_lowering,p02_broad_late,B2,5131.0,295.03499999999985,0,0.0434888144255131,0.2284748485487644,45:37226:B2:17548,-1.536570719288417,-1.442976616391165,-1.1899470522138877,0,0,0,0,0
17859,45,high_20nA,20.0,37829,amp_ge_4500|s16_large_lowering|p02_broad_late,amp_ge_4500,s16_large_lowering,p02_broad_late,B2,7703.0,6626.455,0,0.3453004256173869,0.6995975593924445,45:37829:B2:17859,1.024626733865388,0.9746778594823182,0.7987228598514211,0,0,1,0,1
17929,45,high_20nA,20.0,37970,amp_ge_4500|s16_large_lowering|p02_broad_late,amp_ge_4500,s16_large_lowering,p02_broad_late,B2,6563.5,382.0474999999997,0,0.2557863278822186,0.5110840252913842,45:37970:B2:17929,-0.4325721807526384,-0.10253504398149178,-0.20744214715822915,0,0,0,0,0
18296,45,high_20nA,20.0,38739,amp_ge_4500|s16_large_lowering|p02_broad_late,amp_ge_4500,s16_large_lowering,p02_broad_late,B2,7842.5,7391.8625,0,0.3653721221718885,0.5199234937838699,45:38739:B2:18296,0.8590063757271253,0.8340093342899844,0.6767063431781011,0,0,0,0,0
18399,45,high_20nA,20.0,39002,amp_ge_4500|s16_large_lowering|p02_broad_late,amp_ge_4500,s16_large_lowering,p02_broad_late,B2,8636.0,6620.46,0,0.297320948063657,0.6098888374247337,45:39002:B2:18399,1.2055790260088601,0.6757066527754196,0.741916824049043,1,0,1,1,2
18572,45,high_20nA,20.0,39372,amp_ge_4500|s16_large_lowering|p02_broad_late,amp_ge_4500,s16_large_lowering,p02_broad_late,B2,8448.0,6640.28,1,0.2968448895408771,0.5874763257575758,45:39372:B2:18572,1.1178517838032682,0.6452343103617795,0.8957820881971892,0,0,1,0,1
19169,45,high_20nA,20.0,40611,amp_ge_4500|s16_large_lowering|p02_broad_late,amp_ge_4500,s16_large_lowering,p02_broad_late,B2,6501.5,421.9775000000009,0,0.0464871414927813,0.3302767592749424,45:40611:B2:19169,-0.6750931906286914,-1.235296554909489,-0.7753599655008881,0,0,0,0,0
19234,45,high_20nA,20.0,40742,amp_ge_4500|s16_large_lowering|p02_broad_late,amp_ge_4500,s16_large_lowering,p02_broad_late,B2,8576.0,6724.36,1,0.2925768089997869,0.5792910447761194,45:40742:B2:19234,1.1500090639849667,0.6202026259302682,0.897488547205,1,0,1,1,2
19408,45,high_20nA,20.0,41085,amp_ge_4500|s16_large_lowering|p02_broad_late,amp_ge_4500,s16_large_lowering,p02_broad_late,B2,6739.5,1297.4075000000005,1,0.0405558200267834,0.277062823631485,45:41085:B2:19408,-0.3455615246392657,-1.141522326742381,-0.41075275659472105,0,0,0,0,0
19694,45,high_20nA,20.0,41673,amp_ge_4500|s16_large_lowering|p02_broad_late,amp_ge_4500,s16_large_lowering,p02_broad_late,B2,6650.5,782.7425000000003,0,0.2128916888360244,0.1269154483102167,45:41673:B2:19694,-0.7216627070854058,-0.6541618157934238,-0.5489797913256922,0,0,0,0,0
19943,45,high_20nA,20.0,42173,amp_ge_4500|s16_large_lowering|p02_broad_late,amp_ge_4500,s16_large_lowering,p02_broad_late,B2,6738.0,2352.9300000000003,0,0.2326166948383863,0.1376986404503354,45:42173:B2:19943,-0.37209144598668376,-0.3714638034819126,-0.2974095469373431,0,0,0,0,0
20735,45,high_20nA,20.0,43934,amp_ge_4500|s16_large_lowering|p02_broad_late,amp_ge_4500,s16_large_lowering,p02_broad_late,B2,7528.5,1346.5725000000002,0,0.2913879153132334,0.3950986252241482,45:43934:B2:20735,0.11712872079166757,0.10164400891279649,0.0871993976442082,0,0,0,0,0
20875,45,high_20nA,20.0,44225,amp_ge_4500|s16_large_lowering|p02_broad_late,amp_ge_4500,s16_large_lowering,p02_broad_late,B2,5872.5,2442.4125000000004,0,0.0712589436942741,0.2422213062816667,45:44225:B2:20875,-0.5843156025087968,-0.9330106001784692,-0.6139043810282998,0,0,0,0,0
21598,45,high_20nA,20.0,45719,amp_ge_4500|s16_large_lowering|p02_broad_late,amp_ge_4500,s16_large_lowering,p02_broad_late,B2,5350.0,984.75,0,0.0552587055818175,0.1891783082603896,45:45719:B2:21598,-1.150542369045848,-1.2324406990035912,-0.9548311938189307,0,0,0,0,0
21932,45,high_20nA,20.0,46359,amp_ge_4500|s16_large_lowering|p02_broad_late,amp_ge_4500,s16_large_lowering,p02_broad_late,B2,9167.0,6813.495,0,0.295379534320969,0.5172902803534417,45:46359:B2:21932,1.2460980910600872,0.5527003460354456,0.7056514199377202,1,0,1,1,2
21990,45,high_20nA,20.0,46482,amp_ge_4500|s16_large_lowering|p02_broad_late,amp_ge_4500,s16_large_lowering,p02_broad_late,B2,8690.5,6605.1425,0,0.2802365431116028,0.6123353086703872,45:46482:B2:21990,1.2249001419337568,0.6119929380187659,0.7224990879027092,1,0,1,1,2
22010,45,high_20nA,20.0,46517,amp_ge_4500|s16_large_lowering|p02_broad_late,amp_ge_4500,s16_large_lowering,p02_broad_late,B2,8303.0,6625.455,1,0.2989316448497848,0.5984583885342647,45:46517:B2:22010,1.0862831964170734,0.6671973844454757,0.8930105161055877,0,0,1,0,1
22434,45,high_20nA,20.0,47356,amp_ge_4500|s16_large_lowering|p02_broad_late,amp_ge_4500,s16_large_lowering,p02_broad_late,B2,6744.0,2322.84,0,0.0738562519705215,0.1564741098439023,45:47356:B2:22434,-0.34786167540116797,-1.040920180381039,-0.5693739124124803,0,0,0,0,0
22610,45,high_20nA,20.0,47719,amp_ge_4500|s16_large_lowering|p02_broad_late,amp_ge_4500,s16_large_lowering,p02_broad_late,B2,5499.5,448.0074999999997,0,0.3847963261794459,0.622147467951632,45:47719:B2:22610,-0.7069437695983635,0.5595539045683302,-0.033625992528679455,0,0,0,0,0
23272,45,high_20nA,20.0,49109,amp_ge_4500|s16_large_lowering|p02_broad_late,amp_ge_4500,s16_large_lowering,p02_broad_late,B2,5697.5,1203.0375000000004,1,0.2612306494899974,0.5124177270732777,45:49109:B2:23272,-0.49230374089357126,0.11642399003816038,0.06182265427647027,0,0,0,0,0
23745,45,high_20nA,20.0,50042,amp_ge_4500|s16_large_lowering|p02_broad_late,amp_ge_4500,s16_large_lowering,p02_broad_late,B2,8608.0,6686.88,0,0.2895363910827502,0.6092007434944238,45:50042:B2:23745,1.1987822160243002,0.6463246426048099,0.7269935919832542,1,0,1,1,2
23749,45,high_20nA,20.0,50046,amp_ge_4500|s16_large_lowering|p02_broad_late,amp_ge_4500,s16_large_lowering,p02_broad_late,B2,8416.0,7340.76,0,0.2844403581427875,0.5502614068441065,45:50046:B2:23749,1.0848770425998606,0.5657519060872103,0.6498690767445754,0,0,0,0,0
24855,45,high_20nA,20.0,52335,amp_ge_4500|s16_large_lowering|p02_broad_late,amp_ge_4500,s16_large_lowering,p02_broad_late,B2,8679.5,6619.3075,0,0.2902053535138757,0.6601186704303244,45:52335:B2:24855,1.286748668366159,0.7133977228675064,0.7885915375834931,1,0,1,1,2
30841,48,high_20nA,20.0,65087,amp_ge_4500|s16_large_lowering|p02_broad_late,amp_ge_4500,s16_large_lowering,p02_broad_late,B2,5475.0,245.875,0,0.0589553993160988,0.240427762072374,48:65087:B2:30841,-1.398324188253666,-1.384630502819448,-1.1129080027205611,0,0,0,0,0
31189,48,high_20nA,20.0,66049,amp_ge_4500|s16_large_lowering|p02_broad_late,amp_ge_4500,s16_large_lowering,p02_broad_late,B2,9486.0,6619.71,0,0.2615712010387048,0.551022559561459,48:66049:B2:31189,1.3743422800452412,0.4589731156151289,0.7150187749755458,1,0,1,1,2
31220,48,high_20nA,20.0,66117,amp_ge_4500|s16_large_lowering|p02_broad_late,amp_ge_4500,s16_large_lowering,p02_broad_late,B2,4959.0,428.6149999999998,1,0.3584432678676988,0.6932849364791288,48:66117:B2:31220,-0.8965184963120607,0.5481288899198428,0.0895371051677509,0,0,0,0,0
31335,48,high_20nA,20.0,66412,amp_ge_4500|s16_large_lowering|p02_broad_late,amp_ge_4500,s16_large_lowering,p02_broad_late,B2,8568.5,246.97249999999983,0,0.0282181438812542,0.2745063212320509,48:66412:B2:31335,-0.16594936301030033,-1.4873232703396448,-0.6877365314865649,0,0,0,0,0
31567,48,high_20nA,20.0,66991,amp_ge_4500|s16_large_lowering|p02_broad_late,amp_ge_4500,s16_large_lowering,p02_broad_late,B2,7447.5,6659.7875,0,0.3659040503696702,0.639342061094327,48:66991:B2:31567,0.8552671029606211,0.9734327535172549,0.7338432556022831,0,0,1,0,1
31751,48,high_20nA,20.0,67484,amp_ge_4500|s16_large_lowering|p02_broad_late,amp_ge_4500,s16_large_lowering,p02_broad_late,B2,5015.0,297.77499999999964,0,0.0315735853198102,0.1570462679128232,48:67484:B2:31751,-1.6911430519912167,-1.591887173242988,-1.3112269725187173,0,0,0,0,0
31769,48,high_20nA,20.0,67527,amp_ge_4500|s16_large_lowering|p02_broad_late,amp_ge_4500,s16_large_lowering,p02_broad_late,B2,8767.5,6607.9875,1,0.2972087574503615,0.6303393213572854,48:67527:B2:31769,1.2727040127890956,0.7015413309584021,0.9782748838623851,1,0,1,1,2
31775,48,high_20nA,20.0,67541,amp_ge_4500|s16_large_lowering|p02_broad_late,amp_ge_4500,s16_large_lowering,p02_broad_late,B2,9240.5,6607.8925,0,0.2801039163773379,0.5885504031167145,48:67541:B2:31775,1.355221093015539,0.5806183778849973,0.7588437340576037,1,0,1,1,2
31898,48,high_20nA,20.0,67866,amp_ge_4500|s16_large_lowering|p02_broad_late,amp_ge_4500,s16_large_lowering,p02_broad_late,B2,5567.5,422.9875000000002,0,0.0341429161740711,0.1827664837722755,48:67866:B2:31898,-1.2842410526479502,-1.486211245081525,-1.1122203229404615,0,0,0,0,0
31963,48,high_20nA,20.0,68045,amp_ge_4500|s16_large_lowering|p02_broad_late,amp_ge_4500,s16_large_lowering,p02_broad_late,B2,7955.0,6676.675,0,0.3211982251059619,0.6049025769956002,48:68045:B2:31963,0.9838121726364748,0.7621538348374393,0.693953236233585,0,0,0,0,0
32785,48,high_20nA,20.0,70111,amp_ge_4500|s16_large_lowering|p02_broad_late,amp_ge_4500,s16_large_lowering,p02_broad_late,B2,8408.5,279.3725000000004,0,0.0393901451625759,0.2818798469794469,48:70111:B2:32785,-0.17230956072715292,-1.4025602442198473,-0.654552935648654,0,0,0,0,0
32799,48,high_20nA,20.0,70134,amp_ge_4500|s16_large_lowering|p02_broad_late,amp_ge_4500,s16_large_lowering,p02_broad_late,B2,7112.0,6702.32,0,0.4138257895279963,0.7408605174353206,48:70134:B2:32799,0.8723215622564127,1.2794956144947318,0.8688703517452242,0,1,1,1,2
32809,48,high_20nA,20.0,70155,amp_ge_4500|s16_large_lowering|p02_broad_late,amp_ge_4500,s16_large_lowering,p02_broad_late,B2,8840.0,6636.4,0,0.3106031810421117,0.565158371040724,48:70155:B2:32809,1.207525215751125,0.6690545654751863,0.7398624994850057,1,0,1,1,2
32958,48,high_20nA,20.0,70532,amp_ge_4500|s16_large_lowering|p02_broad_late,amp_ge_4500,s16_large_lowering,p02_broad_late,B2,6699.0,392.5150000000003,0,0.0339816394972394,0.206111925393325,48:70532:B2:32958,-0.783538008642382,-1.4693723796892912,-0.9148808427536075,0,0,0,0,0
33110,48,high_20nA,20.0,70882,amp_ge_4500|s16_large_lowering|p02_broad_late,amp_ge_4500,s16_large_lowering,p02_broad_late,B2,5820.0,630.6999999999998,0,0.0351853120592648,0.1478172259052645,48:70882:B2:33110,-1.1052395807530022,-1.458530859348788,-1.0325740016126317,0,0,0,0,0
33162,48,high_20nA,20.0,71011,amp_ge_4500|s16_large_lowering|p02_broad_late,amp_ge_4500,s16_large_lowering,p02_broad_late,B2,7670.0,6636.95,0,0.3365465735756103,0.6178617992177314,48:71011:B2:33162,0.903172899196715,0.8359243893847801,0.6942939452363592,0,0,0,0,0
33670,48,high_20nA,20.0,72311,amp_ge_4500|s16_large_lowering|p02_broad_late,amp_ge_4500,s16_large_lowering,p02_broad_late,B2,5452.5,481.7124999999997,0,0.4258522123679444,0.6407152682255846,48:72311:B2:33670,-0.6847726638736708,0.7426147198371504,0.05168457005960825,0,0,0,0,0
33954,48,high_20nA,20.0,73097,amp_ge_4500|s16_large_lowering|p02_broad_late,amp_ge_4500,s16_large_lowering,p02_broad_late,B2,7163.5,673.0474999999997,0,0.0502613629515147,0.1030579060102885,48:73097:B2:33954,-0.598504953771483,-1.4331213163229763,-0.8293428352888136,0,0,0,0,0
34012,48,high_20nA,20.0,73268,amp_ge_4500|s16_large_lowering|p02_broad_late,amp_ge_4500,s16_large_lowering,p02_broad_late,B2,7832.0,6645.52,0,0.3438463288515759,0.6952247191011236,48:73268:B2:34012,1.0634415709118725,0.9640575757267913,0.8090119787517639,0,0,1,0,1
34245,48,high_20nA,20.0,73841,amp_ge_4500|s16_large_lowering|p02_broad_late,amp_ge_4500,s16_large_lowering,p02_broad_late,B2,9607.0,6613.895,0,0.2528270807609579,0.5656292286874154,48:73841:B2:34245,1.427391609111018,0.4429250056668302,0.7284373138422555,1,0,1,1,2
34347,48,high_20nA,20.0,74093,amp_ge_4500|s16_large_lowering|p02_broad_late,amp_ge_4500,s16_large_lowering,p02_broad_late,B2,5095.0,346.5749999999998,0,0.0364005270068457,0.1464683229169129,48:74093:B2:34347,-1.622249539573028,-1.5563946264447188,-1.2701405681445326,0,0,0,0,0
34384,48,high_20nA,20.0,74182,amp_ge_4500|s16_large_lowering|p02_broad_late,amp_ge_4500,s16_large_lowering,p02_broad_late,B2,5162.0,1314.5699999999997,0,0.0512190851632283,0.2629245536770823,48:74182:B2:34384,-1.0666255727076739,-1.1065191062357618,-0.870055742247936,0,0,0,0,0
34688,48,high_20nA,20.0,74984,amp_ge_4500|s16_large_lowering|p02_broad_late,amp_ge_4500,s16_large_lowering,p02_broad_late,B2,7053.0,6667.205,1,0.3822302142118989,0.6611371047781086,48:74984:B2:34688,0.7410402469548646,1.061564731183926,0.9274524809400975,0,1,1,1,2
34994,48,high_20nA,20.0,75785,amp_ge_4500|s16_large_lowering|p02_broad_late,amp_ge_4500,s16_large_lowering,p02_broad_late,B2,9094.5,6644.0825,0,0.2549953872611861,0.570289735554456,48:75785:B2:34994,1.2898799927752174,0.45843655418505025,0.6826977500123037,1,0,0,0,1
35265,48,high_20nA,20.0,76463,amp_ge_4500|s16_large_lowering|p02_broad_late,amp_ge_4500,s16_large_lowering,p02_broad_late,B2,7631.0,6641.535,0,0.3303884629434698,0.6605949416852313,48:76463:B2:35265,0.9476590063263655,0.8684390879542312,0.724854839344796,0,0,1,0,1
35671,48,high_20nA,20.0,77417,amp_ge_4500|s16_large_lowering|p02_broad_late,amp_ge_4500,s16_large_lowering,p02_broad_late,B2,4801.5,298.4775,0,0.4168019881948769,0.7313339581380819,48:77417:B2:35671,-1.0290272294358198,0.7469989222028965,-0.077290799860395,0,0,0,0,0
35896,48,high_20nA,20.0,77958,amp_ge_4500|s16_large_lowering|p02_broad_late,amp_ge_4500,s16_large_lowering,p02_broad_late,B2,4515.0,284.27499999999964,0,0.0323745564850197,0.1433750063666378,48:77958:B2:35896,-2.0001320767296953,-1.6136632232548733,-1.4377887429243308,0,0,0,0,0
36019,48,high_20nA,20.0,78280,amp_ge_4500|s16_large_lowering|p02_broad_late,amp_ge_4500,s16_large_lowering,p02_broad_late,B2,8495.0,6628.575,0,0.2940487907172946,0.5768098881695115,48:78280:B2:36019,1.1176260485828475,0.6202369478330507,0.6851974165513635,0,0,0,0,0
36379,48,high_20nA,20.0,79125,amp_ge_4500|s16_large_lowering|p02_broad_late,amp_ge_4500,s16_large_lowering,p02_broad_late,B2,9086.5,6677.2025,0,0.2662430070259149,0.5377758212733176,48:79125:B2:36379,1.2449428253814256,0.46176749859652766,0.6670206230554834,1,0,0,0,1
36466,48,high_20nA,20.0,79364,amp_ge_4500|s16_large_lowering|p02_broad_late,amp_ge_4500,s16_large_lowering,p02_broad_late,B2,8004.0,6651.94,1,0.3362910007945108,0.6855322338830585,48:79364:B2:36466,1.1080772240372658,0.9233374852562074,1.008871088941768,0,0,1,0,1
36587,48,high_20nA,20.0,79712,amp_ge_4500|s16_large_lowering|p02_broad_late,amp_ge_4500,s16_large_lowering,p02_broad_late,B2,8366.5,6610.0025,0,0.3231513773889059,0.6463276160879698,48:79712:B2:36587,1.1705349091155202,0.8217132192984583,0.7899228175692501,1,0,1,1,2
36728,48,high_20nA,20.0,80123,amp_ge_4500|s16_large_lowering|p02_broad_late,amp_ge_4500,s16_large_lowering,p02_broad_late,B2,5304.0,272.4399999999996,1,0.3467180450402048,0.6964555052790347,48:80123:B2:36728,-0.8377003398271623,0.43163185506420043,0.06295924999264252,0,0,0,0,0
36995,48,high_20nA,20.0,80866,amp_ge_4500|s16_large_lowering|p02_broad_late,amp_ge_4500,s16_large_lowering,p02_broad_late,B2,7756.5,6620.1525,0,0.3212505956607157,0.6415909237413782,48:80866:B2:36995,0.964241037053652,0.8086048535108006,0.706025632554924,0,0,1,0,1
37011,48,high_20nA,20.0,80913,amp_ge_4500|s16_large_lowering|p02_broad_late,amp_ge_4500,s16_large_lowering,p02_broad_late,B2,7527.0,6649.095,0,0.3487285323293999,0.6856649395509499,48:80913:B2:37011,0.9455625004170476,0.9699109107849436,0.7666763326881545,0,0,1,0,1
37204,48,high_20nA,20.0,81360,amp_ge_4500|s16_large_lowering|p02_broad_late,amp_ge_4500,s16_large_lowering,p02_broad_late,B2,8168.5,422.9724999999999,0,0.2835748991862201,0.4771377853951153,48:81360:B2:37204,0.12806942164067853,-0.019549200261766014,0.040455716113516116,0,0,0,0,0
37261,48,high_20nA,20.0,81530,amp_ge_4500|s16_large_lowering|p02_broad_late,amp_ge_4500,s16_large_lowering,p02_broad_late,B2,5895.5,1735.0675,0,0.0542126480766446,0.2490155196216786,48:81530:B2:37261,-0.6581431415390668,-1.0629890652395084,-0.696549801185439,0,0,0,0,0
37351,48,high_20nA,20.0,81752,amp_ge_4500|s16_large_lowering|p02_broad_late,amp_ge_4500,s16_large_lowering,p02_broad_late,B2,9310.5,6610.8425,0,0.2558699051025653,0.5728478599430751,48:81752:B2:37351,1.3540778961658266,0.46440091813313,0.7095979861589288,1,0,1,1,2
37359,48,high_20nA,20.0,81774,amp_ge_4500|s16_large_lowering|p02_broad_late,amp_ge_4500,s16_large_lowering,p02_broad_late,B2,7279.0,2059.815,0,0.277475223268753,0.3266932270916334,48:81774:B2:37359,0.05149089581274946,0.030886486290789703,0.03253886465097647,0,0,0,0,0
37886,48,high_20nA,20.0,83117,amp_ge_4500|s16_large_lowering|p02_broad_late,amp_ge_4500,s16_large_lowering,p02_broad_late,B2,5799.5,2483.5075,0,0.0684287406339521,0.2204922618267339,48:83117:B2:37886,-0.6422381434414105,-0.971686455232592,-0.6521588057054246,0,0,0,0,0
38041,48,high_20nA,20.0,83414,amp_ge_4500|s16_large_lowering|p02_broad_late,amp_ge_4500,s16_large_lowering,p02_broad_late,B2,9132.5,6595.5125,0,0.2833357550716558,0.5461264713933753,48:83414:B2:38041,1.266234240277073,0.537785994532004,0.7070391290087295,1,0,1,1,2
38192,48,high_20nA,20.0,83711,amp_ge_4500|s16_large_lowering|p02_broad_late,amp_ge_4500,s16_large_lowering,p02_broad_late,B2,7683.0,1762.755,0,0.0536611527617401,0.2253775484846059,48:83711:B2:38192,0.014891354686470848,-1.0936475919583337,-0.4536732738416412,0,0,0,0,0
38453,48,high_20nA,20.0,84216,amp_ge_4500|s16_large_lowering|p02_broad_late,amp_ge_4500,s16_large_lowering,p02_broad_late,B2,9192.5,6595.6125,0,0.3139407210841952,0.7145499048137068,48:84216:B2:38453,1.5113145724929975,0.8750042714717534,0.9418013315654755,1,0,1,1,2
38567,48,high_20nA,20.0,84439,amp_ge_4500|s16_large_lowering|p02_broad_late,amp_ge_4500,s16_large_lowering,p02_broad_late,B2,8976.5,6626.8525,0,0.2061626389793183,0.5463434502925921,48:84439:B2:38567,1.2222340439738304,0.22776826799847816,0.5601116092694164,1,0,0,0,1
39017,48,high_20nA,20.0,85265,amp_ge_4500|s16_large_lowering|p02_broad_late,amp_ge_4500,s16_large_lowering,p02_broad_late,B2,5677.0,1942.8450000000005,1,0.0565104880199112,0.2800573181289524,48:85265:B2:39017,-0.6852101632792112,-0.9924059998431245,-0.4771903819802125,0,0,0,0,0
39046,48,high_20nA,20.0,85308,amp_ge_4500|s16_large_lowering|p02_broad_late,amp_ge_4500,s16_large_lowering,p02_broad_late,B2,6033.0,637.5050000000001,1,0.2842157102179243,0.5269351897894912,48:85308:B2:39046,-0.49455246176535805,0.11760677326071359,0.06146490929866366,0,0,0,0,0
39089,48,high_20nA,20.0,85389,amp_ge_4500|s16_large_lowering|p02_broad_late,amp_ge_4500,s16_large_lowering,p02_broad_late,B2,4767.5,1737.9875000000002,1,0.2727410316475414,0.5045621394861038,48:85389:B2:39089,-0.8739933557990088,0.21454445510825748,-0.042008804058155186,0,0,0,0,0
39155,48,high_20nA,20.0,85510,amp_ge_4500|s16_large_lowering|p02_broad_late,amp_ge_4500,s16_large_lowering,p02_broad_late,B2,4831.0,442.5349999999999,0,0.3761993009480461,1.0,48:85510:B2:39155,-0.5422421816333823,1.0175171708174051,0.22130518272262487,0,0,0,0,0
39165,48,high_20nA,20.0,85523,amp_ge_4500|s16_large_lowering|p02_broad_late,amp_ge_4500,s16_large_lowering,p02_broad_late,B2,7214.5,798.2825000000003,0,0.3083577991764022,0.5222122115184697,48:85523:B2:39165,0.03361298677378125,0.24323509130173904,0.11493167332076727,0,0,0,0,0
39199,48,high_20nA,20.0,85575,amp_ge_4500|s16_large_lowering|p02_broad_late,amp_ge_4500,s16_large_lowering,p02_broad_late,B2,7443.5,6634.8475,0,0.3438789535604479,0.6284006179888494,48:85575:B2:39199,0.8380254559690881,0.8770181179080694,0.6867972827896426,0,0,0,0,0
39301,48,high_20nA,20.0,85759,amp_ge_4500|s16_large_lowering|p02_broad_late,amp_ge_4500,s16_large_lowering,p02_broad_late,B2,7180.0,7610.3,1,0.3605039338614691,0.5264623955431755,48:85759:B2:39301,0.642280469237477,0.8295650334291673,0.7924838923504915,0,0,1,0,1
39430,48,high_20nA,20.0,85986,amp_ge_4500|s16_large_lowering|p02_broad_late,amp_ge_4500,s16_large_lowering,p02_broad_late,B2,7387.0,410.1949999999997,0,0.2836290045136351,0.4941112765669419,48:85986:B2:39430,-0.12341900567275278,-0.0024925380690496712,-0.04794608814464692,0,0,0,0,0
39452,48,high_20nA,20.0,86039,amp_ge_4500|s16_large_lowering|p02_broad_late,amp_ge_4500,s16_large_lowering,p02_broad_late,B2,6935.5,6687.4675,0,0.3846206074046254,0.6695263499387211,48:86039:B2:39452,0.7087629526014512,1.0816583665998911,0.7236264359605057,0,1,1,1,2
39863,48,high_20nA,20.0,86800,amp_ge_4500|s16_large_lowering|p02_broad_late,amp_ge_4500,s16_large_lowering,p02_broad_late,B2,5429.0,404.5649999999996,0,0.0303569995148258,0.1436932524300911,48:86800:B2:39863,-1.4158617747816142,-1.5629977208958676,-1.194486517193278,0,0,0,0,0
39888,48,high_20nA,20.0,86863,amp_ge_4500|s16_large_lowering|p02_broad_late,amp_ge_4500,s16_large_lowering,p02_broad_late,B2,7066.5,1813.5025,1,0.2848415869091137,0.4217788155381023,48:86863:B2:39888,0.06690706970465032,0.16163165910437077,0.29330998331160285,0,0,0,0,0
39920,48,high_20nA,20.0,86959,amp_ge_4500|s16_large_lowering|p02_broad_late,amp_ge_4500,s16_large_lowering,p02_broad_late,B2,9384.5,6611.7325,0,0.2715438509226625,0.5442484948585433,48:86959:B2:39920,1.3363884277717768,0.4894576089536569,0.7133997983138111,1,0,1,1,2
39962,48,high_20nA,20.0,87061,amp_ge_4500|s16_large_lowering|p02_broad_late,amp_ge_4500,s16_large_lowering,p02_broad_late,B2,5838.0,570.4300000000003,0,0.3358327758909041,0.5829051044878383,48:87061:B2:39962,-0.536115201867114,0.36911117161392604,-0.0486970846316544,0,0,0,0,0
40056,48,high_20nA,20.0,87283,amp_ge_4500|s16_large_lowering|p02_broad_late,amp_ge_4500,s16_large_lowering,p02_broad_late,B2,5010.0,587.8500000000004,0,0.3421300667682156,0.6253493013972056,48:87283:B2:40056,-0.8751925003553269,0.45301744876483974,-0.14230582165379158,0,0,0,0,0
40102,48,high_20nA,20.0,87386,amp_ge_4500|s16_large_lowering|p02_broad_late,amp_ge_4500,s16_large_lowering,p02_broad_late,B2,6520.0,1231.1999999999998,0,0.2343509339936684,0.447239263803681,48:87386:B2:40102,-0.21734563167026272,-0.07244193819733516,-0.11301695407758061,0,0,0,0,0
40186,48,high_20nA,20.0,87594,amp_ge_4500|s16_large_lowering|p02_broad_late,amp_ge_4500,s16_large_lowering,p02_broad_late,B2,7487.5,6663.1875,0,0.3857670729890818,0.7160601001669449,48:87594:B2:40186,0.9733207380152905,1.1456940344525268,0.8510533749158717,0,1,1,1,2
40337,48,high_20nA,20.0,87954,amp_ge_4500|s16_large_lowering|p02_broad_late,amp_ge_4500,s16_large_lowering,p02_broad_late,B2,8353.0,6641.705,0,0.3135378303603989,0.6600023943493356,48:87954:B2:40337,1.1860604183647159,0.8037301557364807,0.7882696243879139,1,0,1,1,2
40459,48,high_20nA,20.0,88274,amp_ge_4500|s16_large_lowering|p02_broad_late,amp_ge_4500,s16_large_lowering,p02_broad_late,B2,8047.0,6676.295,0,0.3351001639994638,0.607804150615136,48:88274:B2:40459,1.0181448294143332,0.8184243885568919,0.7306332783713412,0,0,1,0,1
40577,48,high_20nA,20.0,88530,amp_ge_4500|s16_large_lowering|p02_broad_late,amp_ge_4500,s16_large_lowering,p02_broad_late,B2,8272.5,6606.4125,0,0.3121911659557197,0.643880326382593,48:88530:B2:40577,1.1371811826786484,0.7767127410436685,0.7583482006562272,0,0,1,0,1
40731,48,high_20nA,20.0,88936,amp_ge_4500|s16_large_lowering|p02_broad_late,amp_ge_4500,s16_large_lowering,p02_broad_late,B2,7072.5,6647.4125,0,0.426896172021643,0.7539766702014846,48:88936:B2:40731,0.8730749951331531,1.3413072176327268,0.8951175295563434,0,1,1,1,2
41227,48,high_20nA,20.0,90132,amp_ge_4500|s16_large_lowering|p02_broad_late,amp_ge_4500,s16_large_lowering,p02_broad_late,B2,9269.5,6608.4575,0,0.2616425871585734,0.6210151572360969,48:90132:B2:41227,1.4074356221324495,0.5499732233978827,0.7658142902374415,1,0,1,1,2
41295,48,high_20nA,20.0,90271,amp_ge_4500|s16_large_lowering|p02_broad_late,amp_ge_4500,s16_large_lowering,p02_broad_late,B2,7908.0,1239.38,0,0.2585340139403397,0.3889731917046029,48:90271:B2:41295,0.21632776854738323,-0.049742796511072024,0.06131257751335538,0,0,0,0,0
41366,48,high_20nA,20.0,90439,amp_ge_4500|s16_large_lowering|p02_broad_late,amp_ge_4500,s16_large_lowering,p02_broad_late,B2,9260.5,6627.5925,0,0.2700584959259215,0.5957021759084282,48:90439:B2:41366,1.3714257301726678,0.5509050431407135,0.7525218955847134,1,0,1,1,2
41371,48,high_20nA,20.0,90453,amp_ge_4500|s16_large_lowering|p02_broad_late,amp_ge_4500,s16_large_lowering,p02_broad_late,B2,5079.5,1165.3075,1,0.3101026724053437,0.5599960626045871,48:90453:B2:41371,-0.7404344008610992,0.3635615140688034,0.07133076358167972,0,0,0,0,0
41394,48,high_20nA,20.0,90498,amp_ge_4500|s16_large_lowering|p02_broad_late,amp_ge_4500,s16_large_lowering,p02_broad_late,B2,9511.5,6601.8275,0,0.2608161414237953,0.5467591862482258,48:90498:B2:41394,1.374941653829217,0.4499647637725858,0.7114630292395885,1,0,1,1,2
41526,48,high_20nA,20.0,90786,amp_ge_4500|s16_large_lowering|p02_broad_late,amp_ge_4500,s16_large_lowering,p02_broad_late,B2,5691.5,8139.1275,0,0.603321015691303,0.5201616445576738,48:90786:B2:41526,0.03741422645617214,1.6566377625614361,0.7100052663291486,0,1,1,1,2
41588,48,high_20nA,20.0,90931,amp_ge_4500|s16_large_lowering|p02_broad_late,amp_ge_4500,s16_large_lowering,p02_broad_late,B2,8304.0,6636.44,0,0.3177203022461801,0.7151974951830443,48:90931:B2:41588,1.2449138286023418,0.891308641225514,0.8474168841836058,1,0,1,1,2
41724,48,high_20nA,20.0,91243,amp_ge_4500|s16_large_lowering|p02_broad_late,amp_ge_4500,s16_large_lowering,p02_broad_late,B2,9339.5,6605.4075,0,0.2578992046020784,0.5755661437978479,48:91243:B2:41724,1.365757785300999,0.4758940894533379,0.7188634759847815,1,0,1,1,2
41809,48,high_20nA,20.0,91429,amp_ge_4500|s16_large_lowering|p02_broad_late,amp_ge_4500,s16_large_lowering,p02_broad_late,B2,8801.5,529.4775,1,0.233197401321738,0.4532750099414872,48:91429:B2:41809,0.35450202683272053,-0.21316514090622907,0.24518141101581759,0,0,0,0,0
41845,48,high_20nA,20.0,91522,amp_ge_4500|s16_large_lowering|p02_broad_late,amp_ge_4500,s16_large_lowering,p02_broad_late,B2,6990.5,890.6424999999999,0,0.0356380443813021,0.3311887106713054,48:91522:B2:41845,-0.2782802868727733,-1.1590723716083144,-0.5925569050871459,0,0,0,0,0
41861,48,high_20nA,20.0,91559,amp_ge_4500|s16_large_lowering|p02_broad_late,amp_ge_4500,s16_large_lowering,p02_broad_late,B2,4821.5,483.1774999999998,0,0.031392625037625,0.1448546330938098,48:91559:B2:41861,-1.6798646752863395,-1.526201270673232,-1.2793531102915665,0,0,0,0,0
41870,48,high_20nA,20.0,91577,amp_ge_4500|s16_large_lowering|p02_broad_late,amp_ge_4500,s16_large_lowering,p02_broad_late,B2,9061.0,272.08500000000004,0,0.2482834779228724,0.4510539675532501,48:91577:B2:41870,0.24700929252056586,-0.26841711580048555,-0.018871657478388898,0,0,0,0,0
42024,48,high_20nA,20.0,91944,amp_ge_4500|s16_large_lowering|p02_broad_late,amp_ge_4500,s16_large_lowering,p02_broad_late,B2,4671.5,2495.4275,0,0.0785096814564779,0.1978052349935379,48:91944:B2:42024,-1.2438596834461346,-0.9532587464602247,-0.8730353532228254,0,0,0,0,0
42027,48,high_20nA,20.0,91952,amp_ge_4500|s16_large_lowering|p02_broad_late,amp_ge_4500,s16_large_lowering,p02_broad_late,B2,8234.0,6645.49,0,0.3006720015138134,0.6406363857177556,48:91952:B2:42027,1.1220625065090466,0.7292706103908226,0.7326774088375833,0,0,1,0,1
42283,48,high_20nA,20.0,92539,amp_ge_4500|s16_large_lowering|p02_broad_late,amp_ge_4500,s16_large_lowering,p02_broad_late,B2,7712.5,1430.8125,0,0.0405422552077076,0.2672724515810026,48:92539:B2:42283,0.024729326273862873,-1.1376204195695665,-0.46840343223515,0,0,0,0,0
42337,48,high_20nA,20.0,92675,amp_ge_4500|s16_large_lowering|p02_broad_late,amp_ge_4500,s16_large_lowering,p02_broad_late,B2,9393.0,6628.105,1,0.2961283075233225,0.7020121366975407,48:92675:B2:42337,1.5527940285305686,0.7910716648183918,1.1223118300653405,1,0,1,1,2
42347,48,high_20nA,20.0,92692,amp_ge_4500|s16_large_lowering|p02_broad_late,amp_ge_4500,s16_large_lowering,p02_broad_late,B2,8950.0,6621.75,0,0.3042038783641792,0.6349720670391061,48:92692:B2:42347,1.3340482097398356,0.734897903916385,0.8155954393460192,1,0,1,1,2
42601,48,high_20nA,20.0,93260,amp_ge_4500|s16_large_lowering|p02_broad_late,amp_ge_4500,s16_large_lowering,p02_broad_late,B2,7922.5,6630.6625,0,0.3484791193534531,0.6932786367939413,48:93260:B2:42601,1.090597336421225,0.9784088959941863,0.8253587241576237,0,0,1,0,1
42626,48,high_20nA,20.0,93340,amp_ge_4500|s16_large_lowering|p02_broad_late,amp_ge_4500,s16_large_lowering,p02_broad_late,B2,6395.5,1536.5675,0,0.0408980765237716,0.3078441691603015,48:93340:B2:42626,-0.3963759446115928,-1.0709869119678577,-0.6004373619789055,0,0,0,0,0
43202,48,high_20nA,20.0,94823,amp_ge_4500|s16_large_lowering|p02_broad_late,amp_ge_4500,s16_large_lowering,p02_broad_late,B2,9193.5,6612.5975,0,0.2901155394089817,0.5662152607820743,48:94823:B2:43202,1.3117204669070943,0.5907790973394178,0.7465809983072513,1,0,1,1,2
43320,48,high_20nA,20.0,95104,amp_ge_4500|s16_large_lowering|p02_broad_late,amp_ge_4500,s16_large_lowering,p02_broad_late,B2,7787.0,6622.195,0,0.376237103155903,0.8236804931295749,48:95104:B2:43320,1.2209382595598675,1.2499553131951078,0.9889377701746949,1,1,1,1,3
43345,48,high_20nA,20.0,95178,amp_ge_4500|s16_large_lowering|p02_broad_late,amp_ge_4500,s16_large_lowering,p02_broad_late,B2,9125.0,6627.125,0,0.3007075021788536,0.5772054794520548,48:95178:B2:43345,1.307392633354802,0.6464602058281892,0.7683224871226642,1,0,1,1,2
43468,48,high_20nA,20.0,95480,amp_ge_4500|s16_large_lowering|p02_broad_late,amp_ge_4500,s16_large_lowering,p02_broad_late,B2,7409.0,6639.865,0,0.3427239746234962,0.6897017141314618,48:95480:B2:43468,0.9088338465946931,0.9525397459974233,0.7454235550249011,0,0,1,0,1
43496,48,high_20nA,20.0,95537,amp_ge_4500|s16_large_lowering|p02_broad_late,amp_ge_4500,s16_large_lowering,p02_broad_late,B2,8359.0,6619.615,0,0.2879854743327068,0.6182557722215576,48:95537:B2:43496,1.1305989029740675,0.6503357338491285,0.7027685913467796,0,0,1,0,1
43562,48,high_20nA,20.0,95705,amp_ge_4500|s16_large_lowering|p02_broad_late,amp_ge_4500,s16_large_lowering,p02_broad_late,B2,9231.0,6614.535,1,0.2623435219577769,0.5584443722240278,48:95705:B2:43562,1.3120631915813497,0.4715597329323321,0.8966391006324923,1,0,1,1,2
43633,48,high_20nA,20.0,95870,amp_ge_4500|s16_large_lowering|p02_broad_late,amp_ge_4500,s16_large_lowering,p02_broad_late,B2,7588.0,6646.18,0,0.338239673533116,0.6327095413811281,48:95870:B2:43633,0.8951905693957088,0.8618177044206793,0.7021358522270547,0,0,0,0,0
43697,48,high_20nA,20.0,96036,amp_ge_4500|s16_large_lowering|p02_broad_late,amp_ge_4500,s16_large_lowering,p02_broad_late,B2,9014.0,438.79,0,0.2565004116593011,0.4331040603505658,48:96036:B2:43697,0.339138610266524,-0.17749221673526056,0.05432594087246967,0,0,0,0,0
43955,49,high_20nA,20.0,96642,amp_ge_4500|s16_large_lowering|p02_broad_late,amp_ge_4500,s16_large_lowering,p02_broad_late,B2,5092.0,1757.62,0,0.0790704469311964,0.161874173345344,49:96642:B2:43955,-1.1601075373614853,-1.0571792188951203,-0.8848561361333149,0,0,0,0,0
43989,49,high_20nA,20.0,96701,amp_ge_4500|s16_large_lowering|p02_broad_late,amp_ge_4500,s16_large_lowering,p02_broad_late,B2,7768.5,6682.9725,0,0.3235631863131786,0.6031408894896054,49:96701:B2:43989,0.9189169923820433,0.7689954889126955,0.6721665624485085,0,0,0,0,0
44246,49,high_20nA,20.0,97224,amp_ge_4500|s16_large_lowering|p02_broad_late,amp_ge_4500,s16_large_lowering,p02_broad_late,B2,9316.5,6634.7525,0,0.2828429986349264,0.5938388879944185,49:97224:B2:44246,1.3851534591248797,0.5989093095016438,0.7779002244581447,1,0,1,1,2
44431,49,high_20nA,20.0,97570,amp_ge_4500|s16_large_lowering|p02_broad_late,amp_ge_4500,s16_large_lowering,p02_broad_late,B2,5199.5,288.5074999999997,0,0.0318435681208651,0.162628526557438,49:97570:B2:44431,-1.596613831061937,-1.5886956095071225,-1.2739654117965276,0,0,0,0,0
44440,49,high_20nA,20.0,97586,amp_ge_4500|s16_large_lowering|p02_broad_late,amp_ge_4500,s16_large_lowering,p02_broad_late,B2,7562.5,6638.0625,0,0.3522877107665688,0.6390082644628099,49:97586:B2:44440,0.8944674907184974,0.9221832334315752,0.7272146045142905,0,0,1,0,1
44492,49,high_20nA,20.0,97690,amp_ge_4500|s16_large_lowering|p02_broad_late,amp_ge_4500,s16_large_lowering,p02_broad_late,B2,9144.5,6683.3325,0,0.2911763478846727,0.5573295423478594,49:97690:B2:44492,1.2884705285047295,0.5851648937593124,0.7353880562107084,1,0,1,1,2
44953,49,high_20nA,20.0,98702,amp_ge_4500|s16_large_lowering|p02_broad_late,amp_ge_4500,s16_large_lowering,p02_broad_late,B2,6905.0,853.4250000000002,1,0.2656984678040058,0.5129616220130341,49:98702:B2:44953,-0.07668652352633029,0.07631102254528163,0.20290975052901278,0,0,0,0,0
44977,49,high_20nA,20.0,98753,amp_ge_4500|s16_large_lowering|p02_broad_late,amp_ge_4500,s16_large_lowering,p02_broad_late,B2,7149.0,1355.7650000000003,0,0.0551037059133539,0.227050323002508,49:98753:B2:44977,-0.245110319196577,-1.1293970005096696,-0.5674886615087604,0,0,0,0,0
45176,49,high_20nA,20.0,99178,amp_ge_4500|s16_large_lowering|p02_broad_late,amp_ge_4500,s16_large_lowering,p02_broad_late,B2,5813.0,2967.8050000000003,0,0.1252583810097768,0.0811693096177661,49:99178:B2:45176,-0.775839938803339,-0.8624696061816397,-0.6570564113415575,0,0,0,0,0
45341,49,high_20nA,20.0,99521,amp_ge_4500|s16_large_lowering|p02_broad_late,amp_ge_4500,s16_large_lowering,p02_broad_late,B2,7508.0,6663.38,1,0.362989997472575,0.6225359616409164,49:99521:B2:45341,0.8540956387579801,0.9409594960691054,0.9197593310770567,0,0,1,0,1
45501,49,high_20nA,20.0,99862,amp_ge_4500|s16_large_lowering|p02_broad_late,amp_ge_4500,s16_large_lowering,p02_broad_late,B2,8732.0,247.02000000000044,0,0.2218184642518089,0.4800732936326157,49:99862:B2:45501,0.16209218718225912,-0.35461748709803576,-0.08734431345191654,0,0,0,0,0
45511,49,high_20nA,20.0,99876,amp_ge_4500|s16_large_lowering|p02_broad_late,amp_ge_4500,s16_large_lowering,p02_broad_late,B2,6568.0,2100.48,0,0.0701860981134281,0.2167401013119603,49:99876:B2:45511,-0.36380763619209405,-0.9969054068606191,-0.5569471726344557,0,0,0,0,0
45660,49,high_20nA,20.0,100166,amp_ge_4500|s16_large_lowering|p02_broad_late,amp_ge_4500,s16_large_lowering,p02_broad_late,B2,7267.5,6623.4875,0,0.3666623069752131,0.643343653250774,49:100166:B2:45660,0.794451087736453,0.9804867793753479,0.7136958606774982,0,0,1,0,1
45688,49,high_20nA,20.0,100214,amp_ge_4500|s16_large_lowering|p02_broad_late,amp_ge_4500,s16_large_lowering,p02_broad_late,B2,5068.5,488.4724999999999,0,0.4356661041312742,0.7821840781296241,49:100214:B2:45688,-0.6828906284577263,0.9633398370551225,0.14510429274921544,0,0,0,0,0
45950,49,high_20nA,20.0,100753,amp_ge_4500|s16_large_lowering|p02_broad_late,amp_ge_4500,s16_large_lowering,p02_broad_late,B2,8771.5,6609.9275,0,0.3085327494296569,1.0,49:100753:B2:45950,1.7738617919053645,1.225836737586547,1.1889189107103884,1,1,1,1,3
46090,49,high_20nA,20.0,101055,amp_ge_4500|s16_large_lowering|p02_broad_late,amp_ge_4500,s16_large_lowering,p02_broad_late,B2,6557.0,327.64500000000044,0,0.0457568296348775,0.2029784279368698,49:101055:B2:46090,-0.8936692436883515,-1.4473961609170636,-0.9475007001867403,0,0,0,0,0
46119,49,high_20nA,20.0,101115,amp_ge_4500|s16_large_lowering|p02_broad_late,amp_ge_4500,s16_large_lowering,p02_broad_late,B2,4873.5,1027.3975,0,0.1948985694324167,0.4344926644095619,49:101115:B2:46119,-1.054053368088318,-0.28283343477536216,-0.519330322479213,0,0,0,0,0
46434,49,high_20nA,20.0,101752,amp_ge_4500|s16_large_lowering|p02_broad_late,amp_ge_4500,s16_large_lowering,p02_broad_late,B2,5272.0,576.9200000000001,0,0.0332455069303609,0.1190169853338789,49:101752:B2:46434,-1.4301309623798042,-1.5205774287054517,-1.182092285760615,0,0,0,0,0
46482,49,high_20nA,20.0,101852,amp_ge_4500|s16_large_lowering|p02_broad_late,amp_ge_4500,s16_large_lowering,p02_broad_late,B2,8174.5,6649.8825,0,0.3238677063393742,0.6699492323689522,49:101852:B2:46482,1.1426918070976133,0.8561686137157587,0.7938137044577117,0,0,1,0,1
46535,49,high_20nA,20.0,101968,amp_ge_4500|s16_large_lowering|p02_broad_late,amp_ge_4500,s16_large_lowering,p02_broad_late,B2,7247.0,6632.295,0,0.4033810860537922,0.7687318890575411,49:101968:B2:46535,0.9568952727966706,1.276745883855283,0.8998534748819537,0,1,1,1,2
46624,49,high_20nA,20.0,102141,amp_ge_4500|s16_large_lowering|p02_broad_late,amp_ge_4500,s16_large_lowering,p02_broad_late,B2,8384.0,6799.24,1,0.3194639307703817,0.5623807251908397,49:102141:B2:46624,1.0702561924900627,0.7033814801296525,0.9021175748006778,0,0,1,0,1
46845,49,high_20nA,20.0,102650,amp_ge_4500|s16_large_lowering|p02_broad_late,amp_ge_4500,s16_large_lowering,p02_broad_late,B2,7394.5,737.5825000000004,0,0.1752883385684212,0.1640080433659462,49:102650:B2:46845,-0.40713591113701525,-0.7740493272236676,-0.47981236366600616,0,0,0,0,0
46960,49,high_20nA,20.0,102923,amp_ge_4500|s16_large_lowering|p02_broad_late,amp_ge_4500,s16_large_lowering,p02_broad_late,B2,7610.5,6659.3425,0,0.3506843169640645,0.627751133302674,49:102923:B2:46960,0.8968599909779249,0.9021412944047482,0.7197061402216056,0,0,1,0,1
46975,49,high_20nA,20.0,102972,amp_ge_4500|s16_large_lowering|p02_broad_late,amp_ge_4500,s16_large_lowering,p02_broad_late,B2,5614.5,1465.2825000000005,0,0.0479029892031815,0.3012146737435938,49:102972:B2:46975,-0.7629028653739862,-1.0540657392267037,-0.7326106993173302,0,0,0,0,0
47408,49,high_20nA,20.0,104012,amp_ge_4500|s16_large_lowering|p02_broad_late,amp_ge_4500,s16_large_lowering,p02_broad_late,B2,7983.0,6634.255,0,0.3216753316568722,0.6676687961919078,49:104012:B2:47408,1.076243275629809,0.8444877225144567,0.7636572881953992,0,0,1,0,1
47602,49,high_20nA,20.0,104401,amp_ge_4500|s16_large_lowering|p02_broad_late,amp_ge_4500,s16_large_lowering,p02_broad_late,B2,7043.0,593.3549999999996,0,0.0307157838337429,0.1890634653974135,49:104401:B2:47602,-0.561459924810528,-1.4370101918874023,-0.8168990520207096,0,0,0,0,0
47697,49,high_20nA,20.0,104670,amp_ge_4500|s16_large_lowering|p02_broad_late,amp_ge_4500,s16_large_lowering,p02_broad_late,B2,7228.0,714.5799999999999,0,0.0358624404587112,0.3013314094582506,49:104670:B2:47697,-0.290341625239559,-1.234361065358881,-0.6287614650417624,0,0,0,0,0
47748,49,high_20nA,20.0,104806,amp_ge_4500|s16_large_lowering|p02_broad_late,amp_ge_4500,s16_large_lowering,p02_broad_late,B2,7139.5,248.40750000000023,0,0.267232797319978,0.5309195321801247,49:104806:B2:47748,-0.3003862910684751,-0.10447917987186689,-0.15802804615220462,0,0,0,0,0
47923,49,high_20nA,20.0,105274,amp_ge_4500|s16_large_lowering|p02_broad_late,amp_ge_4500,s16_large_lowering,p02_broad_late,B2,6927.5,6715.5875,0,0.3818514750874848,0.661060988812703,49:105274:B2:47923,0.695408011895126,1.0613252967584978,0.7100116691587169,0,1,1,1,2
47948,49,high_20nA,20.0,105326,amp_ge_4500|s16_large_lowering|p02_broad_late,amp_ge_4500,s16_large_lowering,p02_broad_late,B2,9323.5,6651.6475,0,0.3163985105147533,0.6823081460824798,49:105326:B2:47948,1.5074672088758776,0.8439011464236426,0.9272760208707633,1,0,1,1,2
48120,49,high_20nA,20.0,105676,amp_ge_4500|s16_large_lowering|p02_broad_late,amp_ge_4500,s16_large_lowering,p02_broad_late,B2,8182.0,565.2700000000004,0,0.2711671029742709,0.4665118552921046,49:105676:B2:48120,0.19712167741044345,-0.032685073221325384,0.06117850666301185,0,0,0,0,0
48375,49,high_20nA,20.0,106205,amp_ge_4500|s16_large_lowering|p02_broad_late,amp_ge_4500,s16_large_lowering,p02_broad_late,B2,7526.5,959.6025,0,0.2860541071568898,0.5840031887331429,49:106205:B2:48375,0.2794075127697598,0.2687126309221021,0.2190341598397916,0,0,0,0,0
48394,49,high_20nA,20.0,106248,amp_ge_4500|s16_large_lowering|p02_broad_late,amp_ge_4500,s16_large_lowering,p02_broad_late,B2,7985.0,6625.225,1,0.3082740271593039,0.6005009392611146,49:106248:B2:48394,0.9857068842844018,0.7057976278730014,0.8710036197347333,0,0,1,0,1
48527,49,high_20nA,20.0,106514,amp_ge_4500|s16_large_lowering|p02_broad_late,amp_ge_4500,s16_large_lowering,p02_broad_late,B2,7592.5,6629.6125,1,0.3382546249881385,0.6271320381955877,49:106514:B2:48527,0.8885354328909013,0.8541956563650841,0.8964056401718778,0,0,1,0,1
48882,49,high_20nA,20.0,107291,amp_ge_4500|s16_large_lowering|p02_broad_late,amp_ge_4500,s16_large_lowering,p02_broad_late,B2,7704.0,6655.44,0,0.3905868722353837,0.7180685358255452,49:107291:B2:48882,1.051139465918422,1.1655238970582245,0.8889530338134546,0,1,1,1,2
49003,49,high_20nA,20.0,107578,amp_ge_4500|s16_large_lowering|p02_broad_late,amp_ge_4500,s16_large_lowering,p02_broad_late,B2,7234.0,1444.4899999999998,1,0.0465769947007236,0.269609958795407,49:107578:B2:49003,-0.13898296007698788,-1.1039490890027466,-0.3164721422104089,0,0,0,0,0
49161,49,high_20nA,20.0,107912,amp_ge_4500|s16_large_lowering|p02_broad_late,amp_ge_4500,s16_large_lowering,p02_broad_late,B2,7801.5,224.4775,0,0.0330872665745313,0.2955974742296464,49:107912:B2:49161,-0.41153127478659746,-1.452436186596725,-0.7664050827895315,0,0,0,0,0
49317,49,high_20nA,20.0,108241,amp_ge_4500|s16_large_lowering|p02_broad_late,amp_ge_4500,s16_large_lowering,p02_broad_late,B2,6969.0,1100.465,1,0.0370833262759359,0.326134699595864,49:108241:B2:49317,-0.23553849299931776,-1.1225691790458097,-0.3609836825389808,0,0,0,0,0
49368,49,high_20nA,20.0,108362,amp_ge_4500|s16_large_lowering|p02_broad_late,amp_ge_4500,s16_large_lowering,p02_broad_late,B2,5754.0,1631.6899999999996,1,0.0544847709779727,0.2898645081686527,49:108362:B2:49368,-0.6839525028439966,-1.019062400751919,-0.4879081593965246,0,0,0,0,0
49902,49,high_20nA,20.0,109516,amp_ge_4500|s16_large_lowering|p02_broad_late,amp_ge_4500,s16_large_lowering,p02_broad_late,B2,7152.5,6714.2125,0,0.3724875227522808,0.6371897937783991,49:109516:B2:49902,0.7476422984868656,0.9961437247049807,0.7024844378011008,0,0,1,0,1
49914,49,high_20nA,20.0,109551,amp_ge_4500|s16_large_lowering|p02_broad_late,amp_ge_4500,s16_large_lowering,p02_broad_late,B2,8814.0,6651.79,1,0.3234989155086105,0.6604265940549127,49:109551:B2:49914,1.3291898766013588,0.8424383164249043,1.058916246006976,1,0,1,1,2
49952,49,high_20nA,20.0,109632,amp_ge_4500|s16_large_lowering|p02_broad_late,amp_ge_4500,s16_large_lowering,p02_broad_late,B2,5748.0,567.7799999999997,0,0.3359265858766456,0.6240431454418929,49:109632:B2:49952,-0.5228621178641418,0.4221589034625759,-0.021380865334092003,0,0,0,0,0
50229,49,high_20nA,20.0,110210,amp_ge_4500|s16_large_lowering|p02_broad_late,amp_ge_4500,s16_large_lowering,p02_broad_late,B2,8242.5,651.8625000000002,0,0.0304966650811264,0.3194740330645116,49:110210:B2:50229,0.05665246269767921,-1.2524835825838112,-0.5045151688600825,0,0,0,0,0
50378,49,high_20nA,20.0,110580,amp_ge_4500|s16_large_lowering|p02_broad_late,amp_ge_4500,s16_large_lowering,p02_broad_late,B2,8291.0,6641.635,0,0.3400732044924994,0.7432155349173802,49:110580:B2:50378,1.2788692362397942,1.0122526997410102,0.911116443662346,1,0,1,1,2
50492,49,high_20nA,20.0,110828,amp_ge_4500|s16_large_lowering|p02_broad_late,amp_ge_4500,s16_large_lowering,p02_broad_late,B2,6939.5,1496.4075000000005,1,0.0497669784736973,0.2451005353264349,49:110828:B2:50492,-0.27245570703447713,-1.1145260769809813,-0.37163412100511345,0,0,0,0,0
50549,49,high_20nA,20.0,110962,amp_ge_4500|s16_large_lowering|p02_broad_late,amp_ge_4500,s16_large_lowering,p02_broad_late,B2,7740.0,6700.9,1,0.3926710977497939,0.8021963824289405,49:110962:B2:50549,1.1790950877951525,1.2835846101801582,1.1871616696378244,1,1,1,1,3
50663,49,high_20nA,20.0,111254,amp_ge_4500|s16_large_lowering|p02_broad_late,amp_ge_4500,s16_large_lowering,p02_broad_late,B2,9196.5,6606.5525,0,0.2664080313661709,0.6294242374816507,49:111254:B2:50663,1.3978078015878868,0.5797697690824836,0.77467026761804,1,0,1,1,2
50756,49,high_20nA,20.0,111480,amp_ge_4500|s16_large_lowering|p02_broad_late,amp_ge_4500,s16_large_lowering,p02_broad_late,B2,8380.5,6616.7925,0,0.2920737559249146,0.6297356959608615,49:111480:B2:50756,1.1528028662941798,0.6810870790862187,0.7241216624080002,1,0,1,1,2
51165,49,high_20nA,20.0,112498,amp_ge_4500|s16_large_lowering|p02_broad_late,amp_ge_4500,s16_large_lowering,p02_broad_late,B2,7432.5,403.0124999999998,0,0.253476048674218,0.4922300706357215,49:112498:B2:51165,-0.11452902972197435,-0.12718948339305608,-0.09694061431943381,0,0,0,0,0
51381,49,high_20nA,20.0,113026,amp_ge_4500|s16_large_lowering|p02_broad_late,amp_ge_4500,s16_large_lowering,p02_broad_late,B2,7360.0,6627.6,0,0.3533262844842864,0.6322010869565218,49:113026:B2:51381,0.8130172089224013,0.9169142180082636,0.6940505109539832,0,0,0,0,0
51494,49,high_20nA,20.0,113316,amp_ge_4500|s16_large_lowering|p02_broad_late,amp_ge_4500,s16_large_lowering,p02_broad_late,B2,8146.0,493.8100000000004,0,0.2742195701023632,0.4480726737048858,49:113316:B2:51494,0.12367207877489672,-0.06765880656401832,0.018578691177573065,0,0,0,0,0
51660,49,high_20nA,20.0,113754,amp_ge_4500|s16_large_lowering|p02_broad_late,amp_ge_4500,s16_large_lowering,p02_broad_late,B2,7725.5,498.6175000000003,0,0.2856653220840635,0.4520742993980972,49:113754:B2:51660,-0.008510275161995842,-0.015946423702848683,-0.009931402516754867,0,0,0,0,0
51673,49,high_20nA,20.0,113776,amp_ge_4500|s16_large_lowering|p02_broad_late,amp_ge_4500,s16_large_lowering,p02_broad_late,B2,8715.5,6625.7675,0,0.2744006769775964,0.6612930985026677,49:113776:B2:51673,1.2995550826049072,0.6532626176847653,0.7682012308174662,1,0,1,1,2
51705,49,high_20nA,20.0,113835,amp_ge_4500|s16_large_lowering|p02_broad_late,amp_ge_4500,s16_large_lowering,p02_broad_late,B2,4698.0,200.53000000000063,0,0.0299200031568296,0.1205391463271871,49:113835:B2:51705,-2.0208202862063778,-1.7146247153992193,-1.4880540892260956,0,0,0,0,0
51709,49,high_20nA,20.0,113844,amp_ge_4500|s16_large_lowering|p02_broad_late,amp_ge_4500,s16_large_lowering,p02_broad_late,B2,6139.5,913.4074999999992,0,0.06719265488273,0.1291207040669408,49:113844:B2:51709,-0.8880922661875041,-1.2669434669159518,-0.8695913172559513,0,0,0,0,0
51986,49,high_20nA,20.0,114515,amp_ge_4500|s16_large_lowering|p02_broad_late,amp_ge_4500,s16_large_lowering,p02_broad_late,B2,4623.0,290.65499999999975,0,0.032692362341392,0.1644221629868752,49:114515:B2:51986,-1.903089542213208,-1.5809769960131674,-1.3871843643665493,0,0,0,0,0
51996,49,high_20nA,20.0,114546,amp_ge_4500|s16_large_lowering|p02_broad_late,amp_ge_4500,s16_large_lowering,p02_broad_late,B2,6293.5,357.09749999999985,0,0.0308449237009157,0.1587144032460433,49:114546:B2:51996,-1.0386018972302962,-1.5623425736335115,-1.0508526018735873,0,0,0,0,0
52142,49,high_20nA,20.0,114873,amp_ge_4500|s16_large_lowering|p02_broad_late,amp_ge_4500,s16_large_lowering,p02_broad_late,B2,8207.5,6632.3875,0,0.3106320416458902,0.6453243984160828,49:114873:B2:52142,1.1193335403990003,0.7732962867791761,0.7501311857988741,0,0,1,0,1
52304,49,high_20nA,20.0,115239,amp_ge_4500|s16_large_lowering|p02_broad_late,amp_ge_4500,s16_large_lowering,p02_broad_late,B2,7307.5,1305.8874999999998,0,0.0350235606418204,0.3083107571660299,49:115239:B2:52304,-0.0874367125864482,-1.1265227247734886,-0.5063654951877155,0,0,0,0,0
52396,49,high_20nA,20.0,115473,amp_ge_4500|s16_large_lowering|p02_broad_late,amp_ge_4500,s16_large_lowering,p02_broad_late,B2,9222.0,6656.67,0,0.2759290345965698,0.5567122099327695,49:115473:B2:52396,1.308874119966023,0.5240897960892408,0.7174898799445699,1,0,1,1,2
52462,49,high_20nA,20.0,115613,amp_ge_4500|s16_large_lowering|p02_broad_late,amp_ge_4500,s16_large_lowering,p02_broad_late,B2,6569.0,1138.465,0,0.0351583127387093,0.3372340979600836,49:115613:B2:52462,-0.36766149981895835,-1.1116668031233958,-0.6066114272430304,0,0,0,0,0
52830,49,high_20nA,20.0,116478,amp_ge_4500|s16_large_lowering|p02_broad_late,amp_ge_4500,s16_large_lowering,p02_broad_late,B2,9490.0,6631.65,0,0.2537888199102599,0.563540569020021,49:116478:B2:52830,1.3928773334759836,0.44451624439091963,0.7159902093650601,1,0,1,1,2
52930,49,high_20nA,20.0,116743,amp_ge_4500|s16_large_lowering|p02_broad_late,amp_ge_4500,s16_large_lowering,p02_broad_late,B2,8973.0,6615.405,0,0.2661182913639455,0.589212080686504,49:116743:B2:52930,1.278698736738975,0.5265653579767806,0.7070629703110584,1,0,1,1,2
53494,49,high_20nA,20.0,118189,amp_ge_4500|s16_large_lowering|p02_broad_late,amp_ge_4500,s16_large_lowering,p02_broad_late,B2,8601.5,6660.4775,0,0.3066808195922782,0.5641457885252572,49:118189:B2:53494,1.1347777755993005,0.6533207078039963,0.7056102520054126,0,0,1,0,1
53573,49,high_20nA,20.0,118396,amp_ge_4500|s16_large_lowering|p02_broad_late,amp_ge_4500,s16_large_lowering,p02_broad_late,B2,8122.5,6660.6625,0,0.3134027866129312,0.6017236072637735,49:118396:B2:53573,1.0339915039618297,0.7279249390204128,0.6986452458940686,0,0,0,0,0
54224,49,high_20nA,20.0,120102,amp_ge_4500|s16_large_lowering|p02_broad_late,amp_ge_4500,s16_large_lowering,p02_broad_late,B2,7139.5,6650.4075,0,0.3624524311417534,0.6896141186357588,49:120102:B2:54224,0.811111486303129,1.0258652154527819,0.7390857552853574,0,0,1,0,1
54287,49,high_20nA,20.0,120261,amp_ge_4500|s16_large_lowering|p02_broad_late,amp_ge_4500,s16_large_lowering,p02_broad_late,B2,7348.0,232.78000000000063,0,0.2341178894911386,0.3649972781709308,49:120261:B2:54287,-0.4662657454995046,-0.46409295944316625,-0.3721000262559416,0,0,0,0,0
54314,49,high_20nA,20.0,120323,amp_ge_4500|s16_large_lowering|p02_broad_late,amp_ge_4500,s16_large_lowering,p02_broad_late,B2,7768.0,6635.48,0,0.3239467196822629,0.6681256436663234,49:120323:B2:54314,1.00467399441462,0.8537268105189584,0.740341378295518,0,0,1,0,1
54524,49,high_20nA,20.0,120903,amp_ge_4500|s16_large_lowering|p02_broad_late,amp_ge_4500,s16_large_lowering,p02_broad_late,B2,8913.0,6770.305,0,0.2947436729671506,0.5420172781330641,49:120903:B2:54524,1.203449034273737,0.5813027433222429,0.701457785219362,1,0,0,0,1
54734,49,high_20nA,20.0,121383,amp_ge_4500|s16_large_lowering|p02_broad_late,amp_ge_4500,s16_large_lowering,p02_broad_late,B2,5744.5,433.3325000000005,0,0.0292761493076015,0.1190623984831436,49:121383:B2:54734,-1.280995299912392,-1.588589073402045,-1.1539856247955678,0,0,0,0,0
54823,49,high_20nA,20.0,121661,amp_ge_4500|s16_large_lowering|p02_broad_late,amp_ge_4500,s16_large_lowering,p02_broad_late,B2,6744.0,1505.84,0,0.0315748083563512,0.3132284921555835,49:121661:B2:54823,-0.254224391432736,-1.112566143593821,-0.5638830490538445,0,0,0,0,0
54841,49,high_20nA,20.0,121696,amp_ge_4500|s16_large_lowering|p02_broad_late,amp_ge_4500,s16_large_lowering,p02_broad_late,B2,7541.0,6659.885,0,0.3477563025389546,0.6241877735048402,49:121696:B2:54841,0.8677900522820774,0.886635715528227,0.7021472203890446,0,0,1,0,1
54896,49,high_20nA,20.0,121826,amp_ge_4500|s16_large_lowering|p02_broad_late,amp_ge_4500,s16_large_lowering,p02_broad_late,B2,8771.5,6629.9275,1,0.274018403910665,0.5676908168500256,49:121826:B2:54896,1.1901002522538964,0.5301600523771886,0.8749053178548998,1,0,1,1,2
55154,49,high_20nA,20.0,122472,amp_ge_4500|s16_large_lowering|p02_broad_late,amp_ge_4500,s16_large_lowering,p02_broad_late,B2,7712.5,6696.8125,0,0.3557232874545305,0.7356239870340356,49:122472:B2:55154,1.079488880623406,1.0620385104919,0.8562619490434922,0,1,1,1,2
55220,49,high_20nA,20.0,122624,amp_ge_4500|s16_large_lowering|p02_broad_late,amp_ge_4500,s16_large_lowering,p02_broad_late,B2,6693.0,220.6049999999996,1,0.0310753464851805,0.1738339719591915,49:122624:B2:55220,-0.9864084227400156,-1.6234934613890775,-0.8567024544246185,0,0,0,0,0
55287,49,high_20nA,20.0,122772,amp_ge_4500|s16_large_lowering|p02_broad_late,amp_ge_4500,s16_large_lowering,p02_broad_late,B2,5551.5,495.2275,0,0.0347458000384846,0.2020450803239999,49:122772:B2:55287,-1.2228104770126937,-1.4313612051352107,-1.065839687421612,0,0,0,0,0
55346,49,high_20nA,20.0,122904,amp_ge_4500|s16_large_lowering|p02_broad_late,amp_ge_4500,s16_large_lowering,p02_broad_late,B2,8480.0,503.8000000000002,1,0.255003038503471,0.4595518867924528,49:122904:B2:55346,0.25097723026083524,-0.12554886829918155,0.24264082281346117,0,0,0,0,0
55359,49,high_20nA,20.0,122935,amp_ge_4500|s16_large_lowering|p02_broad_late,amp_ge_4500,s16_large_lowering,p02_broad_late,B2,4878.5,941.3225000000002,0,0.3378752297783516,0.6347237880496054,49:122935:B2:55359,-0.8044557923950966,0.529547691613214,-0.08328317063258683,0,0,0,0,0
55594,49,high_20nA,20.0,123450,amp_ge_4500|s16_large_lowering|p02_broad_late,amp_ge_4500,s16_large_lowering,p02_broad_late,B2,5111.0,695.335,0,0.3177757379726454,0.6423400508706711,49:123450:B2:55594,-0.7536133954636038,0.41186939183934285,-0.11338794570364549,0,0,0,0,0
55877,49,high_20nA,20.0,124038,amp_ge_4500|s16_large_lowering|p02_broad_late,amp_ge_4500,s16_large_lowering,p02_broad_late,B2,6192.0,623.1200000000008,0,0.0416667970141519,0.1087079614932235,49:124038:B2:55877,-0.9974937500478996,-1.4801324811918743,-1.000703267118789,0,0,0,0,0
56437,49,high_20nA,20.0,125410,amp_ge_4500|s16_large_lowering|p02_broad_late,amp_ge_4500,s16_large_lowering,p02_broad_late,B2,6438.5,428.9224999999997,0,0.0295398298150871,0.1567777939915083,49:125410:B2:56437,-0.9310205800864484,-1.540007638260774,-1.0005910285023756,0,0,0,0,0
56439,49,high_20nA,20.0,125414,amp_ge_4500|s16_large_lowering|p02_broad_late,amp_ge_4500,s16_large_lowering,p02_broad_late,B2,8363.0,834.5550000000003,0,0.2451211476612747,0.4323807246203515,49:125414:B2:56439,0.315126883467767,-0.11450025723630158,0.0716581076785048,0,0,0,0,0
56629,49,high_20nA,20.0,125838,amp_ge_4500|s16_large_lowering|p02_broad_late,amp_ge_4500,s16_large_lowering,p02_broad_late,B2,9472.5,6638.4125,0,0.2756691773259924,0.6373713380839272,49:125838:B2:56629,1.48810897481603,0.6274748752872708,0.8290208580507452,1,0,1,1,2
56724,49,high_20nA,20.0,126071,amp_ge_4500|s16_large_lowering|p02_broad_late,amp_ge_4500,s16_large_lowering,p02_broad_late,B2,7717.5,8288.7375,0,0.2976460698275022,0.4385487528344671,49:126071:B2:56724,0.7377329359246035,0.4925433167924018,0.48720670870415816,0,0,0,0,0
57268,49,high_20nA,20.0,127466,amp_ge_4500|s16_large_lowering|p02_broad_late,amp_ge_4500,s16_large_lowering,p02_broad_late,B2,5795.5,544.5675000000001,1,0.3353905952791854,0.6245362781468381,49:127466:B2:57268,-0.5118026186800247,0.4136735503741404,0.17925789605872955,0,0,0,0,0
57374,49,high_20nA,20.0,127714,amp_ge_4500|s16_large_lowering|p02_broad_late,amp_ge_4500,s16_large_lowering,p02_broad_late,B2,8621.0,6662.685,1,0.2902574478049177,0.5718594130611298,49:127714:B2:57374,1.1512906467680317,0.5999576394364465,0.8894726543351597,1,0,1,1,2
57606,49,high_20nA,20.0,128294,amp_ge_4500|s16_large_lowering|p02_broad_late,amp_ge_4500,s16_large_lowering,p02_broad_late,B2,8061.0,6904.085,0,0.3171752384101495,0.5777198858702394,49:128294:B2:57606,0.9912259650138264,0.7172292844530987,0.6779021661755555,0,0,0,0,0
57746,49,high_20nA,20.0,128651,amp_ge_4500|s16_large_lowering|p02_broad_late,amp_ge_4500,s16_large_lowering,p02_broad_late,B2,5503.0,1262.455,0,0.2944284771114463,0.5555151735417045,49:128651:B2:57746,-0.5127663533248482,0.311016114751099,-0.06422444606798072,0,0,0,0,0
57836,49,high_20nA,20.0,128867,amp_ge_4500|s16_large_lowering|p02_broad_late,amp_ge_4500,s16_large_lowering,p02_broad_late,B2,5156.0,427.6599999999999,0,0.0310693272506359,0.1473805723221174,49:128867:B2:57836,-1.5322518186867922,-1.5452814420599212,-1.2312738967661478,0,0,0,0,0
57860,49,high_20nA,20.0,128926,amp_ge_4500|s16_large_lowering|p02_broad_late,amp_ge_4500,s16_large_lowering,p02_broad_late,B2,7476.5,6614.3525,0,0.3898470446655361,0.7350364475356116,49:128926:B2:57860,0.9930823274202591,1.1838595233412992,0.8745922842230441,0,1,1,1,2
57916,50,high_20nA,20.0,129044,amp_ge_4500|s16_large_lowering|p02_broad_late,amp_ge_4500,s16_large_lowering,p02_broad_late,B2,6149.0,964.7650000000004,0,0.278833468777381,0.5145552122296309,50:129044:B2:57916,-0.3478742887774978,0.15108504451068014,-0.06873651104096351,0,0,0,0,0
57925,50,high_20nA,20.0,129053,amp_ge_4500|s16_large_lowering|p02_broad_late,amp_ge_4500,s16_large_lowering,p02_broad_late,B2,5821.0,548.6850000000004,0,0.0316781886759643,0.1430308845553885,50:129053:B2:57925,-1.14924480210138,-1.5055202953714113,-1.0690315488545172,0,0,0,0,0
58076,50,high_20nA,20.0,129258,amp_ge_4500|s16_large_lowering|p02_broad_late,amp_ge_4500,s16_large_lowering,p02_broad_late,B2,6798.0,1584.0299999999995,0,0.3160647329591936,1.0,50:129258:B2:58076,0.7093767954779582,1.0108167146098943,0.6941062024177798,0,0,0,0,0
58495,50,high_20nA,20.0,129832,amp_ge_4500|s16_large_lowering|p02_broad_late,amp_ge_4500,s16_large_lowering,p02_broad_late,B2,9388.5,6606.6725,0,0.261287928554177,0.5576503168770304,50:129832:B2:58495,1.355429401603242,0.46612772696854493,0.7108368179360208,1,0,1,1,2
59034,50,high_20nA,20.0,130535,amp_ge_4500|s16_large_lowering|p02_broad_late,amp_ge_4500,s16_large_lowering,p02_broad_late,B2,6864.5,652.5324999999993,0,0.0576305898994159,0.1875934880527399,50:130535:B2:59034,-0.6054430975109045,-1.2934073627071987,-0.7732994693911671,0,0,0,0,0
59079,50,high_20nA,20.0,130597,amp_ge_4500|s16_large_lowering|p02_broad_late,amp_ge_4500,s16_large_lowering,p02_broad_late,B2,6516.5,704.7524999999996,0,0.033012121305015,0.2864970890960355,50:130597:B2:59079,-0.5883558900548933,-1.2698322687428798,-0.7569047910928689,0,0,0,0,0
59124,50,high_20nA,20.0,130656,amp_ge_4500|s16_large_lowering|p02_broad_late,amp_ge_4500,s16_large_lowering,p02_broad_late,B2,8079.0,6674.815,1,0.311287081555794,0.6308949127367248,50:130656:B2:59124,1.059809573445905,0.7581295670658006,0.92114205607708,0,0,1,0,1
59412,50,high_20nA,20.0,131045,amp_ge_4500|s16_large_lowering|p02_broad_late,amp_ge_4500,s16_large_lowering,p02_broad_late,B2,5577.0,921.3449999999992,0,0.0556858597697248,0.177041716716449,50:131045:B2:59412,-1.0751711008037517,-1.257541137005355,-0.9367322958476747,0,0,0,0,0
59421,50,high_20nA,20.0,131056,amp_ge_4500|s16_large_lowering|p02_broad_late,amp_ge_4500,s16_large_lowering,p02_broad_late,B2,8587.5,6627.6875,0,0.2769857417659964,0.6066375545851529,50:131056:B2:59421,1.1865789480318165,0.5924123143745579,0.6997131722894046,1,0,0,0,1
59456,50,high_20nA,20.0,131100,amp_ge_4500|s16_large_lowering|p02_broad_late,amp_ge_4500,s16_large_lowering,p02_broad_late,B2,7309.5,8314.8575,0,0.3432885975220489,0.4767083931869484,50:131100:B2:59456,0.6464799546888995,0.7161069686894173,0.546427309631337,0,0,0,0,0
59678,50,high_20nA,20.0,131399,amp_ge_4500|s16_large_lowering|p02_broad_late,amp_ge_4500,s16_large_lowering,p02_broad_late,B2,8089.0,6956.665,0,0.3006249613582676,0.5705278773643219,50:131399:B2:59678,0.992747453600545,0.6457431993717799,0.6484561761043546,0,0,0,0,0
59986,50,high_20nA,20.0,131820,amp_ge_4500|s16_large_lowering|p02_broad_late,amp_ge_4500,s16_large_lowering,p02_broad_late,B2,7204.5,1125.4325,1,0.0363060686674266,0.3222716678364984,50:131820:B2:59986,-0.1467064201897813,-1.1275263791711443,-0.32930951892399746,0,0,0,0,0
60799,50,high_20nA,20.0,132947,amp_ge_4500|s16_large_lowering|p02_broad_late,amp_ge_4500,s16_large_lowering,p02_broad_late,B2,8913.5,6645.7975,1,0.2694808385928121,0.5923038088293039,50:132947:B2:60799,1.266527625349727,0.5446725096438615,0.9100429516833182,1,0,1,1,2
61269,50,high_20nA,20.0,133576,amp_ge_4500|s16_large_lowering|p02_broad_late,amp_ge_4500,s16_large_lowering,p02_broad_late,B2,6928.5,449.5725000000002,0,0.0497842723064278,0.2118296839482214,50:133576:B2:61269,-0.6496950782612397,-1.3627356400735178,-0.8192330985701486,0,0,0,0,0
61342,50,high_20nA,20.0,133672,amp_ge_4500|s16_large_lowering|p02_broad_late,amp_ge_4500,s16_large_lowering,p02_broad_late,B2,7106.5,1531.9025,0,0.0409879601873903,0.2771129835174223,50:133672:B2:61342,-0.15984857410250375,-1.111030212085967,-0.5273751472350575,0,0,0,0,0
61503,50,high_20nA,20.0,133899,amp_ge_4500|s16_large_lowering|p02_broad_late,amp_ge_4500,s16_large_lowering,p02_broad_late,B2,6573.0,223.40499999999972,1,0.0305667313823051,0.184639753027144,50:133899:B2:61503,-1.016234972442132,-1.6097749694299794,-0.8622747766886016,0,0,0,0,0
61698,50,high_20nA,20.0,134169,amp_ge_4500|s16_large_lowering|p02_broad_late,amp_ge_4500,s16_large_lowering,p02_broad_late,B2,5621.0,580.6850000000004,0,0.0342251669014095,0.1624325083378517,50:134169:B2:61698,-1.2000561805994099,-1.4582645825698843,-1.0684924733071273,0,0,0,0,0
61835,50,high_20nA,20.0,134365,amp_ge_4500|s16_large_lowering|p02_broad_late,amp_ge_4500,s16_large_lowering,p02_broad_late,B2,6734.5,921.4825,0,0.0592441930574755,0.2080709345258617,50:134365:B2:61835,-0.5341903542433866,-1.200290566554677,-0.7071143725654512,0,0,0,0,0
62372,50,high_20nA,20.0,135092,amp_ge_4500|s16_large_lowering|p02_broad_late,amp_ge_4500,s16_large_lowering,p02_broad_late,B2,6956.5,6644.1525,0,0.3809966425848875,0.6634801983756199,50:135092:B2:62372,0.7068116793960604,1.0595412201548624,0.7135957506355451,0,1,1,1,2
62600,50,high_20nA,20.0,135391,amp_ge_4500|s16_large_lowering|p02_broad_late,amp_ge_4500,s16_large_lowering,p02_broad_late,B2,6205.5,260.4174999999996,0,0.0317704024365633,0.1839695364762171,50:135391:B2:62600,-1.1276659409331722,-1.578727354882374,-1.0915785466052026,0,0,0,0,0
62799,50,high_20nA,20.0,135662,amp_ge_4500|s16_large_lowering|p02_broad_late,amp_ge_4500,s16_large_lowering,p02_broad_late,B2,6537.0,338.9449999999997,0,0.0324861575446083,0.1853846955377043,50:135662:B2:62799,-0.9163086409439297,-1.5285658655902106,-0.9901949471065817,0,0,0,0,0
63167,50,high_20nA,20.0,136161,amp_ge_4500|s16_large_lowering|p02_broad_late,amp_ge_4500,s16_large_lowering,p02_broad_late,B2,8729.0,6610.065,1,0.2826934765179863,0.5659296597548402,50:136161:B2:63167,1.1740479052798511,0.5613997635622487,0.881926104702488,1,0,1,1,2
65264,50,high_20nA,20.0,139016,amp_ge_4500|s16_large_lowering|p02_broad_late,amp_ge_4500,s16_large_lowering,p02_broad_late,B2,6258.5,1712.6225000000004,0,0.2407687833528463,0.2001244005390821,50:139016:B2:65264,-0.5697199338120353,-0.3114288306146209,-0.3472936837067142,0,0,0,0,0
66756,50,high_20nA,20.0,141055,amp_ge_4500|s16_large_lowering|p02_broad_late,amp_ge_4500,s16_large_lowering,p02_broad_late,B2,6798.5,298.52250000000004,0,0.0289716945325954,0.1616315702668022,50:141055:B2:66756,-0.8792286044792524,-1.5981671545036735,-1.0053370745936587,0,0,0,0,0
67991,50,high_20nA,20.0,142615,amp_ge_4500|s16_large_lowering|p02_broad_late,amp_ge_4500,s16_large_lowering,p02_broad_late,B2,8240.5,230.89249999999996,1,0.2609746405427919,0.4949335598568048,50:142615:B2:67991,0.010533067107635907,-0.188534723358537,0.12481798169031612,0,0,0,0,0
68218,50,high_20nA,20.0,142891,amp_ge_4500|s16_large_lowering|p02_broad_late,amp_ge_4500,s16_large_lowering,p02_broad_late,B2,7019.0,264.71500000000015,0,0.259752771943788,0.4645960963100157,50:142891:B2:68218,-0.41780903756042453,-0.20959976152322585,-0.24679933411271618,0,0,0,0,0
69616,50,high_20nA,20.0,144652,amp_ge_4500|s16_large_lowering|p02_broad_late,amp_ge_4500,s16_large_lowering,p02_broad_late,B2,6991.5,351.6274999999996,0,0.029146860427288,0.2155885966582609,50:144652:B2:69616,-0.6876145038054795,-1.4992908573323966,-0.8909956715256888,0,0,0,0,0
69618,50,high_20nA,20.0,144654,amp_ge_4500|s16_large_lowering|p02_broad_late,amp_ge_4500,s16_large_lowering,p02_broad_late,B2,7007.0,608.8950000000004,0,0.0397917896103555,0.2419442911674895,50:144654:B2:69618,-0.49646104028150034,-1.3198680122289985,-0.7429997604431495,0,0,0,0,0
69985,50,high_20nA,20.0,145124,amp_ge_4500|s16_large_lowering|p02_broad_late,amp_ge_4500,s16_large_lowering,p02_broad_late,B2,6378.5,493.8225000000002,0,0.0308261087599656,0.146136367363087,50:145124:B2:69985,-0.9317783028088056,-1.5235780456349985,-0.9939785342340455,0,0,0,0,0
70188,50,high_20nA,20.0,145383,amp_ge_4500|s16_large_lowering|p02_broad_late,amp_ge_4500,s16_large_lowering,p02_broad_late,B2,8876.5,389.3525,0,0.2670374967680348,0.4951839125781558,50:145383:B2:70188,0.3498401254238677,-0.0752399519922646,0.1013384678243186,0,0,0,0,0
70192,50,high_20nA,20.0,145388,amp_ge_4500|s16_large_lowering|p02_broad_late,amp_ge_4500,s16_large_lowering,p02_broad_late,B2,7546.0,6683.81,0,0.3667164632394217,0.6367611979856878,50:145388:B2:70192,0.887525504275495,0.9736743909296901,0.746202935815158,0,0,1,0,1
70422,50,high_20nA,20.0,145684,amp_ge_4500|s16_large_lowering|p02_broad_late,amp_ge_4500,s16_large_lowering,p02_broad_late,B2,7654.5,1061.6825,0,0.2822336588988641,0.4876216604611666,50:145684:B2:70422,0.22128190417174182,0.14571142443807675,0.14528592184925412,0,0,0,0,0
70530,50,high_20nA,20.0,145820,amp_ge_4500|s16_large_lowering|p02_broad_late,amp_ge_4500,s16_large_lowering,p02_broad_late,B2,5082.5,339.2625000000007,0,0.0655891076496266,0.5170937114871009,50:145820:B2:70530,-1.1333813856363082,-0.9388002617822206,-0.8249810364903298,0,0,0,0,0
71010,50,high_20nA,20.0,146435,amp_ge_4500|s16_large_lowering|p02_broad_late,amp_ge_4500,s16_large_lowering,p02_broad_late,B2,6922.5,361.6625000000004,0,0.0312226613495569,0.1686910590836682,50:146435:B2:71010,-0.7696085853172014,-1.545370166416307,-0.9415067323153855,0,0,0,0,0
71123,50,high_20nA,20.0,146577,amp_ge_4500|s16_large_lowering|p02_broad_late,amp_ge_4500,s16_large_lowering,p02_broad_late,B2,8363.0,518.5550000000003,0,0.2615657862219514,0.4484036828889154,50:146577:B2:71123,0.20701129446174968,-0.10896198501267254,0.03290025819014242,0,0,0,0,0
71300,50,high_20nA,20.0,146801,amp_ge_4500|s16_large_lowering|p02_broad_late,amp_ge_4500,s16_large_lowering,p02_broad_late,B2,6776.0,522.3600000000006,0,0.0398126269912749,0.2450668086020746,50:146801:B2:71300,-0.6227325706487374,-1.3418309071845465,-0.8002073578640297,0,0,0,0,0
71621,50,high_20nA,20.0,147217,amp_ge_4500|s16_large_lowering|p02_broad_late,amp_ge_4500,s16_large_lowering,p02_broad_late,B2,7552.0,6644.72,0,0.3341322141532456,0.6185116525423728,50:147217:B2:71621,0.8633486914700333,0.8278992301475813,0.6757901794205967,0,0,0,0,0
72053,50,high_20nA,20.0,147781,amp_ge_4500|s16_large_lowering|p02_broad_late,amp_ge_4500,s16_large_lowering,p02_broad_late,B2,6364.0,1946.54,0,0.0583627734672991,0.2294647395229679,50:147781:B2:72053,-0.45086325625464485,-1.0490768687937342,-0.6119403222701334,0,0,0,0,0
72196,50,high_20nA,20.0,147973,amp_ge_4500|s16_large_lowering|p02_broad_late,amp_ge_4500,s16_large_lowering,p02_broad_late,B2,7105.0,6686.425,0,0.366057550006826,0.6471498944405348,50:147973:B2:72196,0.7423481462133312,0.9848298413289327,0.6957208289192176,0,0,0,0,0
73030,50,high_20nA,20.0,149063,amp_ge_4500|s16_large_lowering|p02_broad_late,amp_ge_4500,s16_large_lowering,p02_broad_late,B2,7170.5,1006.9425,1,0.2392556423867626,0.4593124607767938,50:149063:B2:73030,-0.004269968101149696,-0.07114724307820026,0.168495570028719,0,0,0,0,0
73214,50,high_20nA,20.0,149293,amp_ge_4500|s16_large_lowering|p02_broad_late,amp_ge_4500,s16_large_lowering,p02_broad_late,B2,6932.5,452.5124999999998,0,0.2667583867764997,0.5135953840605842,50:149293:B2:73214,-0.23833115917640216,-0.026802265903100614,-0.10182279216633508,0,0,0,0,0
73603,50,high_20nA,20.0,149795,amp_ge_4500|s16_large_lowering|p02_broad_late,amp_ge_4500,s16_large_lowering,p02_broad_late,B2,8063.5,6637.5475,0,0.3322309423082966,0.6893408569479754,50:149795:B2:73603,1.1322322706338388,0.912655405654101,0.8135635332155812,0,0,1,0,1
73811,50,high_20nA,20.0,150077,amp_ge_4500|s16_large_lowering|p02_broad_late,amp_ge_4500,s16_large_lowering,p02_broad_late,B2,6719.5,231.70750000000044,0,0.0365650112014418,0.1988171370523015,50:150077:B2:73811,-0.9288165244710594,-1.5560262946947652,-1.0064813230708038,0,0,0,0,0
73858,50,high_20nA,20.0,150138,amp_ge_4500|s16_large_lowering|p02_broad_late,amp_ge_4500,s16_large_lowering,p02_broad_late,B2,4868.0,271.9799999999996,0,0.0348339193705724,0.1331844477220995,50:150138:B2:73858,-1.8267843908177128,-1.6224985262648561,-1.3756274495419705,0,0,0,0,0
74161,50,high_20nA,20.0,150516,amp_ge_4500|s16_large_lowering|p02_broad_late,amp_ge_4500,s16_large_lowering,p02_broad_late,B2,6336.5,831.4525000000003,0,0.27536819246687,0.5166101159946342,50:150516:B2:74161,-0.3061983906082487,0.11478571377859181,-0.06814538864412595,0,0,0,0,0
76288,50,high_20nA,20.0,153213,amp_ge_4500|s16_large_lowering|p02_broad_late,amp_ge_4500,s16_large_lowering,p02_broad_late,B2,7321.5,2196.6775,0,0.2213210793250623,0.1646974540480492,50:153213:B2:76288,-0.13459919199413828,-0.3942667010547406,-0.2167397074007636,0,0,0,0,0
76381,50,high_20nA,20.0,153328,amp_ge_4500|s16_large_lowering|p02_broad_late,amp_ge_4500,s16_large_lowering,p02_broad_late,B2,5561.0,424.5849999999991,0,0.0515605987312279,0.5460059226704264,50:153328:B2:76381,-0.7951168554585925,-0.9294882179749671,-0.6925294566237513,0,0,0,0,0
76405,50,high_20nA,20.0,153354,amp_ge_4500|s16_large_lowering|p02_broad_late,amp_ge_4500,s16_large_lowering,p02_broad_late,B2,7046.0,287.3099999999995,0,0.2622450722585786,0.4616803860346296,50:153354:B2:76405,-0.38930068575173565,-0.18954329983037205,-0.2275424465144158,0,0,0,0,0
76768,50,high_20nA,20.0,153808,amp_ge_4500|s16_large_lowering|p02_broad_late,amp_ge_4500,s16_large_lowering,p02_broad_late,B2,6713.0,1914.3050000000003,0,0.0742916183908303,0.1513968707185217,50:153808:B2:76768,-0.41973048128668133,-1.078496539776661,-0.6124661295951366,0,0,0,0,0
77525,50,high_20nA,20.0,154763,amp_ge_4500|s16_large_lowering|p02_broad_late,amp_ge_4500,s16_large_lowering,p02_broad_late,B2,8931.5,6617.5275,0,0.3053251251124946,0.6665733639366288,50:154763:B2:77525,1.3711316554526485,0.7801888674709578,0.8487093534098087,1,0,1,1,2
77573,50,high_20nA,20.0,154820,amp_ge_4500|s16_large_lowering|p02_broad_late,amp_ge_4500,s16_large_lowering,p02_broad_late,B2,7561.0,376.585,0,0.0400158648895278,0.2740704642601935,50:154820:B2:77573,-0.38265886470397653,-1.3588753115254786,-0.7161379994282121,0,0,0,0,0
77676,50,high_20nA,20.0,154943,amp_ge_4500|s16_large_lowering|p02_broad_late,amp_ge_4500,s16_large_lowering,p02_broad_late,B2,7085.5,646.2175000000007,0,0.0421506312419937,0.228408388188933,50:154943:B2:77676,-0.46906352776811855,-1.315960602499206,-0.7309475936015516,0,0,0,0,0
77870,50,high_20nA,20.0,155218,amp_ge_4500|s16_large_lowering|p02_broad_late,amp_ge_4500,s16_large_lowering,p02_broad_late,B2,7821.5,257.1774999999998,0,0.0283442629703352,0.1681248738506101,50:155218:B2:77870,-0.5401380994310034,-1.6181435222639913,-0.8848727571346576,0,0,0,0,0
77886,50,high_20nA,20.0,155234,amp_ge_4500|s16_large_lowering|p02_broad_late,amp_ge_4500,s16_large_lowering,p02_broad_late,B2,8044.5,227.83250000000044,0,0.0279757237449622,0.1718314193124539,50:155234:B2:77886,-0.49370141022154496,-1.63572106321607,-0.8746093824349365,0,0,0,0,0
79396,50,high_20nA,20.0,157147,amp_ge_4500|s16_large_lowering|p02_broad_late,amp_ge_4500,s16_large_lowering,p02_broad_late,B2,8136.0,1357.96,1,0.2496999179844533,0.4523107177974435,50:157147:B2:79396,0.4021219405157104,0.012862166352717742,0.3582084472641114,0,0,0,0,0
79523,50,high_20nA,20.0,157311,amp_ge_4500|s16_large_lowering|p02_broad_late,amp_ge_4500,s16_large_lowering,p02_broad_late,B2,9238.0,6636.43,0,0.2829421341658078,0.630655986144187,50:157311:B2:79523,1.4126190352943937,0.6472108992131207,0.8086238110813804,1,0,1,1,2
79729,50,high_20nA,20.0,157577,amp_ge_4500|s16_large_lowering|p02_broad_late,amp_ge_4500,s16_large_lowering,p02_broad_late,B2,7110.5,255.84249999999972,0,0.0375658787162628,0.2946405666895701,50:157577:B2:79729,-0.6226379194389419,-1.409745274115776,-0.8286954245154238,0,0,0,0,0
79734,50,high_20nA,20.0,157582,amp_ge_4500|s16_large_lowering|p02_broad_late,amp_ge_4500,s16_large_lowering,p02_broad_late,B2,4701.5,889.9775000000009,0,0.1773167705907521,0.3710517919812826,50:157582:B2:79734,-1.2740834072551166,-0.4641688363719319,-0.6791026060331558,0,0,0,0,0
79814,50,high_20nA,20.0,157693,amp_ge_4500|s16_large_lowering|p02_broad_late,amp_ge_4500,s16_large_lowering,p02_broad_late,B2,4843.0,523.3549999999996,0,0.0473051537894745,0.1034334398280928,50:157693:B2:79814,-1.7023294753677216,-1.4896464093885742,-1.2725366925829353,0,0,0,0,0
80811,50,high_20nA,20.0,159085,amp_ge_4500|s16_large_lowering|p02_broad_late,amp_ge_4500,s16_large_lowering,p02_broad_late,B2,4762.0,2529.57,0,0.0808346688272842,0.2642464912033417,50:159085:B2:80811,-1.09954033611075,-0.85374823594281,-0.7763995868180652,0,0,0,0,0
82032,50,high_20nA,20.0,160713,amp_ge_4500|s16_large_lowering|p02_broad_late,amp_ge_4500,s16_large_lowering,p02_broad_late,B2,7328.0,544.0799999999999,0,0.0377703841755179,0.2541311342179214,50:160713:B2:82032,-0.39215488517148195,-1.3329651779290927,-0.7088642310953821,0,0,0,0,0
82084,50,high_20nA,20.0,160774,amp_ge_4500|s16_large_lowering|p02_broad_late,amp_ge_4500,s16_large_lowering,p02_broad_late,B2,7260.5,6624.5925,0,0.3495740131455627,0.6756421734040355,50:160774:B2:82084,0.835622343477916,0.959392425858751,0.7204813093822835,0,0,1,0,1
82755,50,high_20nA,20.0,161637,amp_ge_4500|s16_large_lowering|p02_broad_late,amp_ge_4500,s16_large_lowering,p02_broad_late,B2,7023.5,1244.1475,0,0.2092052574598271,0.1923581932470804,50:161637:B2:82755,-0.3623332271499336,-0.5053086904223743,-0.34991627629437194,0,0,0,0,0
83331,50,high_20nA,20.0,162375,amp_ge_4500|s16_large_lowering|p02_broad_late,amp_ge_4500,s16_large_lowering,p02_broad_late,B2,8400.5,277.4925000000003,1,0.2428703651800423,0.4406285340158324,50:162375:B2:83331,0.038000732386813604,-0.3004255836229976,0.08826153318533018,0,0,0,0,0
83750,50,high_20nA,20.0,162902,amp_ge_4500|s16_large_lowering|p02_broad_late,amp_ge_4500,s16_large_lowering,p02_broad_late,B2,7489.5,571.1575000000003,0,0.2548762794570708,0.478603378062621,50:162902:B2:83750,-0.01769218299741379,-0.07990090937584121,-0.040281411476870546,0,0,0,0,0
83900,50,high_20nA,20.0,163094,amp_ge_4500|s16_large_lowering|p02_broad_late,amp_ge_4500,s16_large_lowering,p02_broad_late,B2,6273.5,2824.3975,0,0.0921578264804178,0.1299363110960829,50:163094:B2:83900,-0.5217090045510993,-0.9572887632177445,-0.6003107022808705,0,0,0,0,0
83969,50,high_20nA,20.0,163176,amp_ge_4500|s16_large_lowering|p02_broad_late,amp_ge_4500,s16_large_lowering,p02_broad_late,B2,7120.0,6643.2,0,0.4225764482862012,0.7469101123595505,50:163176:B2:83969,0.8810568616215028,1.3168014774105536,0.8878582279286036,0,1,1,1,2
84371,50,high_20nA,20.0,163670,amp_ge_4500|s16_large_lowering|p02_broad_late,amp_ge_4500,s16_large_lowering,p02_broad_late,B2,8420.5,434.1925000000001,1,0.2935974413609145,0.5353007541119886,50:163670:B2:84371,0.2942482718487627,0.09955261518212608,0.3536264416790228,0,0,0,0,0
85163,50,high_20nA,20.0,164673,amp_ge_4500|s16_large_lowering|p02_broad_late,amp_ge_4500,s16_large_lowering,p02_broad_late,B2,9217.5,228.23750000000015,1,0.2491188408624442,0.4868456739896935,50:164673:B2:85163,0.2929098032443062,-0.24840423786360138,0.20697594533012378,0,0,0,0,0
85218,50,high_20nA,20.0,164740,amp_ge_4500|s16_large_lowering|p02_broad_late,amp_ge_4500,s16_large_lowering,p02_broad_late,B2,8073.0,6617.905,1,0.3077520373062081,0.6529171311780008,50:164740:B2:85218,1.085284601773402,0.771760291279526,0.9365474710112935,0,0,1,0,1
85252,50,high_20nA,20.0,164777,amp_ge_4500|s16_large_lowering|p02_broad_late,amp_ge_4500,s16_large_lowering,p02_broad_late,B2,7288.5,6660.1725,0,0.354166576629296,0.6366879330452082,50:164777:B2:85252,0.7945939049572665,0.9266987640947553,0.6911591648035584,0,0,0,0,0
85330,50,high_20nA,20.0,164875,amp_ge_4500|s16_large_lowering|p02_broad_late,amp_ge_4500,s16_large_lowering,p02_broad_late,B2,7697.0,6977.545,0,0.3784201419444707,0.5875016240093542,50:164875:B2:85330,0.8850843109299007,0.9597410255356776,0.7394232688783469,0,0,1,0,1
85468,50,high_20nA,20.0,165046,amp_ge_4500|s16_large_lowering|p02_broad_late,amp_ge_4500,s16_large_lowering,p02_broad_late,B2,7462.5,311.5625,0,0.0369286274218198,0.2527850138755788,50:165046:B2:85468,-0.49776147426599215,-1.4337293204447896,-0.7913156748078887,0,0,0,0,0
85551,50,high_20nA,20.0,165150,amp_ge_4500|s16_large_lowering|p02_broad_late,amp_ge_4500,s16_large_lowering,p02_broad_late,B2,6152.5,596.2124999999996,0,0.2951108664528695,0.542299878098334,50:165150:B2:85551,-0.44014264598814473,0.16854939333042318,-0.09646346027671726,0,0,0,0,0
85855,50,high_20nA,20.0,165538,amp_ge_4500|s16_large_lowering|p02_broad_late,amp_ge_4500,s16_large_lowering,p02_broad_late,B2,8392.0,6616.12,0,0.3210001494152283,0.6786224976167778,50:165538:B2:85855,1.2225102432640147,0.8556995576422418,0.8239477066500671,1,0,1,1,2
86812,50,high_20nA,20.0,166749,amp_ge_4500|s16_large_lowering|p02_broad_late,amp_ge_4500,s16_large_lowering,p02_broad_late,B2,7912.0,6632.32,0,0.3378311534664139,0.6780839231547017,50:166749:B2:86812,1.0666096103835672,0.9189270553394364,0.7912610151883188,0,0,1,0,1
87337,50,high_20nA,20.0,167433,amp_ge_4500|s16_large_lowering|p02_broad_late,amp_ge_4500,s16_large_lowering,p02_broad_late,B2,4511.5,500.8275000000003,0,0.0327751764857182,0.121247287224667,50:167433:B2:87337,-1.877826917932282,-1.54406384664687,-1.3620810444059526,0,0,0,0,0
87455,50,high_20nA,20.0,167595,amp_ge_4500|s16_large_lowering|p02_broad_late,amp_ge_4500,s16_large_lowering,p02_broad_late,B2,7817.5,6610.2375,0,0.365510974770554,0.7738407419251679,50:167595:B2:87455,1.163392459728373,1.1455937840181072,0.9232385239843867,1,1,1,1,3
87476,50,high_20nA,20.0,167623,amp_ge_4500|s16_large_lowering|p02_broad_late,amp_ge_4500,s16_large_lowering,p02_broad_late,B2,7209.5,1756.3575,0,0.288659987160779,0.4099452111796934,50:167623:B2:87476,0.09517244839378217,0.15566805270467543,0.1015461125256009,0,0,0,0,0
87510,50,high_20nA,20.0,167659,amp_ge_4500|s16_large_lowering|p02_broad_late,amp_ge_4500,s16_large_lowering,p02_broad_late,B2,6857.5,283.6374999999998,0,0.0341894210318059,0.2880092448794957,50:167659:B2:87510,-0.6993962424541503,-1.4171761968775887,-0.8609845748211644,0,0,0,0,0
88678,50,high_20nA,20.0,169127,amp_ge_4500|s16_large_lowering|p02_broad_late,amp_ge_4500,s16_large_lowering,p02_broad_late,B2,8005.0,6658.925,0,0.324901273403408,0.6594628357276702,50:169127:B2:88678,1.0734422791252503,0.8466806508395137,0.7635139394201909,0,0,1,0,1
88751,50,high_20nA,20.0,169224,amp_ge_4500|s16_large_lowering|p02_broad_late,amp_ge_4500,s16_large_lowering,p02_broad_late,B2,6038.5,715.9225000000006,0,0.1798850935765101,0.3682205845822638,50:169224:B2:88751,-0.675120239072006,-0.49402543881400807,-0.4640363751492457,0,0,0,0,0
89219,50,high_20nA,20.0,169846,amp_ge_4500|s16_large_lowering|p02_broad_late,amp_ge_4500,s16_large_lowering,p02_broad_late,B2,5246.5,596.8024999999998,0,0.0336401469004894,0.1137299176426906,50:169846:B2:89219,-1.4408690647193363,-1.5197615807553289,-1.185830108510586,0,0,0,0,0
89688,50,high_20nA,20.0,170458,amp_ge_4500|s16_large_lowering|p02_broad_late,amp_ge_4500,s16_large_lowering,p02_broad_late,B2,4878.5,307.3225000000002,0,0.0381106748731443,0.1531244074651863,50:170458:B2:89688,-1.7608641968130774,-1.5599278982350477,-1.3242981120476895,0,0,0,0,0
90267,50,high_20nA,20.0,171240,amp_ge_4500|s16_large_lowering|p02_broad_late,amp_ge_4500,s16_large_lowering,p02_broad_late,B2,5047.0,389.2950000000001,0,0.0358824739186862,0.1727385701054691,50:171240:B2:90267,-1.5801045236857725,-1.5049547769981078,-1.232520725339799,0,0,0,0,0
90520,50,high_20nA,20.0,171597,amp_ge_4500|s16_large_lowering|p02_broad_late,amp_ge_4500,s16_large_lowering,p02_broad_late,B2,6892.0,1128.62,0,0.0401075082692347,0.2403887240418338,50:171597:B2:90520,-0.3739900051888426,-1.2151431843305525,-0.6524763393905922,0,0,0,0,0
90644,50,high_20nA,20.0,171760,amp_ge_4500|s16_large_lowering|p02_broad_late,amp_ge_4500,s16_large_lowering,p02_broad_late,B2,7070.0,1663.9499999999998,0,0.1989056406735597,0.1563089601505852,50:171760:B2:90644,-0.3142580671016832,-0.5454900950093974,-0.3485239054025865,0,0,0,0,0
91233,50,high_20nA,20.0,172554,amp_ge_4500|s16_large_lowering|p02_broad_late,amp_ge_4500,s16_large_lowering,p02_broad_late,B2,7226.5,369.1025,0,0.0288323739295928,0.1584658276260469,50:172554:B2:91233,-0.6641745825835643,-1.5668394479630967,-0.910458909526255,0,0,0,0,0
91415,50,high_20nA,20.0,172814,amp_ge_4500|s16_large_lowering|p02_broad_late,amp_ge_4500,s16_large_lowering,p02_broad_late,B2,7475.5,6641.3675,0,0.3399547139675936,0.6695873185740084,50:172814:B2:91415,0.9053385512408983,0.916068433822452,0.7287773916769712,0,0,1,0,1
91923,50,high_20nA,20.0,173501,amp_ge_4500|s16_large_lowering|p02_broad_late,amp_ge_4500,s16_large_lowering,p02_broad_late,B2,5264.5,1150.5325000000005,0,0.0327794465779914,0.2066246483986218,50:173501:B2:91923,-1.127113779995372,-1.2912321916378056,-0.9706207568861197,0,0,0,0,0
92338,51,high_20nA,20.0,174110,amp_ge_4500|s16_large_lowering|p02_broad_late,amp_ge_4500,s16_large_lowering,p02_broad_late,B2,6206.0,1864.91,0,0.0519273968893153,0.2498075106139894,51:174110:B2:92338,-0.5015684250638899,-1.0605316738506108,-0.6360193045415347,0,0,0,0,0
92389,51,high_20nA,20.0,174188,amp_ge_4500|s16_large_lowering|p02_broad_late,amp_ge_4500,s16_large_lowering,p02_broad_late,B2,6591.0,222.13500000000025,0,0.0350668486751907,0.2618882960012602,51:174188:B2:92389,-0.9060908517801227,-1.4884458164426764,-0.9694617665823707,0,0,0,0,0
92433,51,high_20nA,20.0,174256,amp_ge_4500|s16_large_lowering|p02_broad_late,amp_ge_4500,s16_large_lowering,p02_broad_late,B2,6096.0,9164.56,1,0.4336671763139051,0.3318569553805774,51:174256:B2:92433,-0.003152404383113816,0.8710156028729639,0.5646286395410616,0,0,0,0,0
92464,51,high_20nA,20.0,174296,amp_ge_4500|s16_large_lowering|p02_broad_late,amp_ge_4500,s16_large_lowering,p02_broad_late,B2,6479.0,325.8149999999996,0,0.0336653381919964,0.2545023690893258,51:174296:B2:92464,-0.8571844608682044,-1.4396956548166036,-0.9304022701528911,0,0,0,0,0
92481,51,high_20nA,20.0,174320,amp_ge_4500|s16_large_lowering|p02_broad_late,amp_ge_4500,s16_large_lowering,p02_broad_late,B2,5846.0,243.3100000000004,0,0.0330162810507167,0.1484612692172367,51:174320:B2:92481,-1.3520664829579607,-1.6303972942957417,-1.1985521271282367,0,0,0,0,0
92581,51,high_20nA,20.0,174466,amp_ge_4500|s16_large_lowering|p02_broad_late,amp_ge_4500,s16_large_lowering,p02_broad_late,B2,7198.0,249.02999999999972,0,0.2318313450332308,0.4792998055015282,51:174466:B2:92581,-0.3479161421500807,-0.3133033014431355,-0.2637955206231476,0,0,0,0,0
92646,51,high_20nA,20.0,174563,amp_ge_4500|s16_large_lowering|p02_broad_late,amp_ge_4500,s16_large_lowering,p02_broad_late,B2,6950.0,532.75,1,0.0338215330220923,0.1731653517412423,51:174563:B2:92646,-0.6475060256825377,-1.4609498945124089,-0.659651245454576,0,0,0,0,0
92687,51,high_20nA,20.0,174620,amp_ge_4500|s16_large_lowering|p02_broad_late,amp_ge_4500,s16_large_lowering,p02_broad_late,B2,4844.0,735.3400000000001,0,0.0559556993699874,0.1739261924686685,51:174620:B2:92687,-1.5137174519657175,-1.2987612773987003,-1.1206923682544268,0,0,0,0,0
92714,51,high_20nA,20.0,174657,amp_ge_4500|s16_large_lowering|p02_broad_late,amp_ge_4500,s16_large_lowering,p02_broad_late,B2,6689.0,1820.665,1,0.0470826795975628,0.4389021739246649,51:174657:B2:92714,-0.05412216137374175,-0.841918131510446,-0.17417203655640917,0,0,0,0,0
92839,51,high_20nA,20.0,174821,amp_ge_4500|s16_large_lowering|p02_broad_late,amp_ge_4500,s16_large_lowering,p02_broad_late,B2,8098.0,215.52999999999972,0,0.0364250102370258,0.3052648332211829,51:174821:B2:92839,-0.3108235722842965,-1.4305981510635186,-0.7189641809147105,0,0,0,0,0
92860,51,high_20nA,20.0,174847,amp_ge_4500|s16_large_lowering|p02_broad_late,amp_ge_4500,s16_large_lowering,p02_broad_late,B2,8971.5,6599.9275,0,0.2739156590616474,0.6080922922588196,51:174847:B2:92860,1.3031472670731803,0.5815126643130759,0.7394312804993004,1,0,1,1,2
92869,51,high_20nA,20.0,174857,amp_ge_4500|s16_large_lowering|p02_broad_late,amp_ge_4500,s16_large_lowering,p02_broad_late,B2,7525.5,6651.6175,1,0.3662694639405713,0.6289947511793237,51:174857:B2:92869,0.8685069468384902,0.9611111333423469,0.933699315802412,0,0,1,0,1
93182,51,high_20nA,20.0,175281,amp_ge_4500|s16_large_lowering|p02_broad_late,amp_ge_4500,s16_large_lowering,p02_broad_late,B2,5493.5,330.09749999999985,0,0.0328352259054286,0.1165890705837644,51:175281:B2:93182,-1.4766796350380675,-1.6208226207313907,-1.2418837620216499,0,0,0,0,0
93583,51,high_20nA,20.0,175849,amp_ge_4500|s16_large_lowering|p02_broad_late,amp_ge_4500,s16_large_lowering,p02_broad_late,B2,5510.5,215.84249999999972,0,0.0359532612184483,0.1808977555969475,51:175849:B2:93583,-1.4971545623724887,-1.5943419054592898,-1.2385423339944475,0,0,0,0,0
93866,51,high_20nA,20.0,176216,amp_ge_4500|s16_large_lowering|p02_broad_late,amp_ge_4500,s16_large_lowering,p02_broad_late,B2,7828.5,349.0725000000002,0,0.0272703059794276,0.1439766560176935,51:176216:B2:93866,-0.48725152337538463,-1.6027997683720445,-0.8583314815989049,0,0,0,0,0
93890,51,high_20nA,20.0,176251,amp_ge_4500|s16_large_lowering|p02_broad_late,amp_ge_4500,s16_large_lowering,p02_broad_late,B4,6198.5,299.52250000000004,1,0.3271387693821092,0.6279745099620876,51:176251:B4:93890,-0.49217107724473197,0.28524783541217386,0.13277908152011486,0,0,0,0,0
94008,51,high_20nA,20.0,176414,amp_ge_4500|s16_large_lowering|p02_broad_late,amp_ge_4500,s16_large_lowering,p02_broad_late,B2,5846.0,231.3100000000004,0,0.0351548436595158,0.19589159633687,51:176414:B2:94008,-1.3016867274233923,-1.5669510771737414,-1.1527604088338603,0,0,0,0,0
94015,51,high_20nA,20.0,176422,amp_ge_4500|s16_large_lowering|p02_broad_late,amp_ge_4500,s16_large_lowering,p02_broad_late,B2,6146.5,502.3024999999998,0,0.0305241634567538,0.1403821961901082,51:176422:B2:94015,-1.0329459934269765,-1.529628440764344,-1.0349634226232756,0,0,0,0,0
94520,51,high_20nA,20.0,177165,amp_ge_4500|s16_large_lowering|p02_broad_late,amp_ge_4500,s16_large_lowering,p02_broad_late,B2,7616.0,6795.76,1,0.3435242711131634,0.5993960084033614,51:177165:B2:94520,0.8659667176793324,0.8420716966749766,0.8827374653216364,0,0,1,0,1
94619,51,high_20nA,20.0,177303,amp_ge_4500|s16_large_lowering|p02_broad_late,amp_ge_4500,s16_large_lowering,p02_broad_late,B2,7311.5,6652.8275,0,0.3478378442267568,0.6275730014360938,51:177303:B2:94619,0.7903033036401388,0.8911598064241815,0.674602374081409,0,0,0,0,0
94873,51,high_20nA,20.0,177693,amp_ge_4500|s16_large_lowering|p02_broad_late,amp_ge_4500,s16_large_lowering,p02_broad_late,B2,5875.0,543.875,0,0.0349237780393826,0.1891796376447329,51:177693:B2:94873,-1.064810025294375,-1.4312602703583002,-1.0057571231623486,0,0,0,0,0
95196,51,high_20nA,20.0,178214,amp_ge_4500|s16_large_lowering|p02_broad_late,amp_ge_4500,s16_large_lowering,p02_broad_late,B2,6591.0,229.13500000000025,0,0.0341032514649567,0.256338705775145,51:178214:B2:95196,-0.905157712952223,-1.4950602902494075,-0.9718852528265959,0,0,0,0,0
95254,51,high_20nA,20.0,178302,amp_ge_4500|s16_large_lowering|p02_broad_late,amp_ge_4500,s16_large_lowering,p02_broad_late,B2,5942.0,1706.87,0,0.0487941962494137,0.2472012566777588,51:178302:B2:95254,-0.6442829829663879,-1.0939933464990939,-0.7043047390568468,0,0,0,0,0
95439,51,high_20nA,20.0,178589,amp_ge_4500|s16_large_lowering|p02_broad_late,amp_ge_4500,s16_large_lowering,p02_broad_late,B2,6577.0,1205.3450000000005,0,0.0323146122521182,0.3267913215732175,51:178589:B2:95439,-0.3629826419202362,-1.1293069989512485,-0.6122423434892141,0,0,0,0,0
95486,51,high_20nA,20.0,178653,amp_ge_4500|s16_large_lowering|p02_broad_late,amp_ge_4500,s16_large_lowering,p02_broad_late,B2,8529.5,805.5574999999999,1,0.2380833056852268,0.4391230435547218,51:178653:B2:95486,0.3667567099598136,-0.14019836627543472,0.2804842359490466,0,0,0,0,0
95606,51,high_20nA,20.0,178820,amp_ge_4500|s16_large_lowering|p02_broad_late,amp_ge_4500,s16_large_lowering,p02_broad_late,B2,8566.0,6601.51,0,0.2792464426672931,0.6487275274340416,51:178820:B2:95606,1.235781139066571,0.6553363693751453,0.744838107982858,1,0,1,1,2
95892,51,high_20nA,20.0,179246,amp_ge_4500|s16_large_lowering|p02_broad_late,amp_ge_4500,s16_large_lowering,p02_broad_late,B2,7946.5,1219.3024999999998,0,0.2607102606537931,0.4580003775246964,51:179246:B2:95892,0.3180619515831503,0.04588936663957248,0.14013707559021757,0,0,0,0,0
96124,51,high_20nA,20.0,179578,amp_ge_4500|s16_large_lowering|p02_broad_late,amp_ge_4500,s16_large_lowering,p02_broad_late,B2,4905.5,357.9174999999996,1,0.3760276868230108,0.6856589542350423,51:179578:B2:96124,-0.9846413928161195,0.5720358983287195,0.06609134802793676,0,0,0,0,0
96351,51,high_20nA,20.0,179919,amp_ge_4500|s16_large_lowering|p02_broad_late,amp_ge_4500,s16_large_lowering,p02_broad_late,B2,5702.0,313.46999999999935,0,0.0392306756223324,0.2053067787485034,51:179919:B2:96351,-1.2722270880631648,-1.483299052239638,-1.1064318954046506,0,0,0,0,0
96377,51,high_20nA,20.0,179951,amp_ge_4500|s16_large_lowering|p02_broad_late,amp_ge_4500,s16_large_lowering,p02_broad_late,B2,6739.5,1229.4075000000005,0,0.2333514961210899,0.4367534683581868,51:179951:B2:96377,-0.1443149861975966,-0.09038777767047435,-0.09280256137668594,0,0,0,0,0
96756,51,high_20nA,20.0,180489,amp_ge_4500|s16_large_lowering|p02_broad_late,amp_ge_4500,s16_large_lowering,p02_broad_late,B2,7069.0,1667.965,1,0.0503109873796118,0.2643546094122183,51:180489:B2:96756,-0.16787054329873763,-1.0683744484756446,-0.31250807481329096,0,0,0,0,0
96873,51,high_20nA,20.0,180644,amp_ge_4500|s16_large_lowering|p02_broad_late,amp_ge_4500,s16_large_lowering,p02_broad_late,B2,6518.5,347.72249999999985,0,0.0310036858437053,0.1496570022489964,51:180644:B2:96873,-0.9651561471359468,-1.5778758385454157,-1.0294671881007345,0,0,0,0,0
96953,51,high_20nA,20.0,180763,amp_ge_4500|s16_large_lowering|p02_broad_late,amp_ge_4500,s16_large_lowering,p02_broad_late,B2,8138.0,210.9300000000003,1,0.031754942484266,0.2891314299815934,51:180763:B2:96953,-0.32546799106448154,-1.4778957776272423,-0.5443940632079447,0,0,0,0,0
96964,51,high_20nA,20.0,180781,amp_ge_4500|s16_large_lowering|p02_broad_late,amp_ge_4500,s16_large_lowering,p02_broad_late,B2,5539.0,298.915,0,0.0329320978148653,0.157905417892897,51:180781:B2:96964,-1.4260054004932463,-1.583518045548032,-1.206959631317607,0,0,0,0,0
97090,51,high_20nA,20.0,180963,amp_ge_4500|s16_large_lowering|p02_broad_late,amp_ge_4500,s16_large_lowering,p02_broad_late,B2,7409.0,461.8649999999998,0,0.0362067317814007,0.2673565682754529,51:180963:B2:97090,-0.38984515753695287,-1.3512456759638984,-0.7156643437688794,0,0,0,0,0
97129,51,high_20nA,20.0,181014,amp_ge_4500|s16_large_lowering|p02_broad_late,amp_ge_4500,s16_large_lowering,p02_broad_late,B2,9083.0,6632.755,0,0.2762695246700782,0.6225916547396235,51:181014:B2:97129,1.3567908887007794,0.610472526287423,0.7719789987470138,1,0,1,1,2
97236,51,high_20nA,20.0,181156,amp_ge_4500|s16_large_lowering|p02_broad_late,amp_ge_4500,s16_large_lowering,p02_broad_late,B2,5137.5,398.4375,0,0.0338784218361104,0.1259098531247601,51:181156:B2:97236,-1.590082140707374,-1.5716042609367886,-1.2643050030622534,0,0,0,0,0
97366,51,high_20nA,20.0,181328,amp_ge_4500|s16_large_lowering|p02_broad_late,amp_ge_4500,s16_large_lowering,p02_broad_late,B2,8347.5,6632.2875,0,0.2885144717890936,0.6210841569332135,51:181328:B2:97366,1.1313032312878217,0.6563996423365976,0.7055830776707432,0,0,1,0,1
97455,51,high_20nA,20.0,181454,amp_ge_4500|s16_large_lowering|p02_broad_late,amp_ge_4500,s16_large_lowering,p02_broad_late,B2,8097.0,6690.545,0,0.331636347568769,0.6667901691984686,51:181454:B2:97455,1.1148800676899973,0.8824523963823119,0.79428443220277,0,0,1,0,1
97925,51,high_20nA,20.0,182119,amp_ge_4500|s16_large_lowering|p02_broad_late,amp_ge_4500,s16_large_lowering,p02_broad_late,B2,8822.0,6593.67,0,0.2878468319547807,0.6439582861029245,51:182119:B2:97925,1.3069244141778442,0.6825446362512623,0.783300024613111,1,0,1,1,2
98328,51,high_20nA,20.0,182664,amp_ge_4500|s16_large_lowering|p02_broad_late,amp_ge_4500,s16_large_lowering,p02_broad_late,B2,5100.0,334.5,0,0.0316261669244844,0.1412763326052789,51:182664:B2:98328,-1.6363336094258365,-1.5923440608853106,-1.2905912771536483,0,0,0,0,0
98460,51,high_20nA,20.0,182847,amp_ge_4500|s16_large_lowering|p02_broad_late,amp_ge_4500,s16_large_lowering,p02_broad_late,B2,6511.5,277.8275000000003,0,0.0305081287772277,0.1829672338371164,51:182847:B2:98460,-0.9840557025509278,-1.5751641583239255,-1.0355101134654012,0,0,0,0,0
98704,51,high_20nA,20.0,183175,amp_ge_4500|s16_large_lowering|p02_broad_late,amp_ge_4500,s16_large_lowering,p02_broad_late,B2,8532.0,6633.02,0,0.3031897528233981,0.6465072667604314,51:183175:B2:98704,1.2235562202270012,0.7462844671513309,0.7783908398898194,1,0,1,1,2
99162,51,high_20nA,20.0,183828,amp_ge_4500|s16_large_lowering|p02_broad_late,amp_ge_4500,s16_large_lowering,p02_broad_late,B2,7434.5,721.9825000000001,1,0.2985646838774746,0.4303584639182191,51:183828:B2:99162,-0.038522753339109005,0.06898643958701783,0.2143356583576861,0,0,0,0,0
99359,51,high_20nA,20.0,184119,amp_ge_4500|s16_large_lowering|p02_broad_late,amp_ge_4500,s16_large_lowering,p02_broad_late,B2,5929.5,332.5575000000008,0,0.0360181975210792,0.2638187369505796,51:184119:B2:99359,-1.073497581951237,-1.412690467517148,-1.0012590774986723,0,0,0,0,0
99465,51,high_20nA,20.0,184275,amp_ge_4500|s16_large_lowering|p02_broad_late,amp_ge_4500,s16_large_lowering,p02_broad_late,B2,8306.0,572.4099999999999,1,0.2437187747382165,0.4668914038044787,51:184275:B2:99465,0.24085632102673935,-0.13955746749178816,0.23291126564360992,0,0,0,0,0
99520,51,high_20nA,20.0,184355,amp_ge_4500|s16_large_lowering|p02_broad_late,amp_ge_4500,s16_large_lowering,p02_broad_late,B2,8216.5,352.2524999999996,0,0.0256452252028402,0.1249651709761383,51:184355:B2:99520,-0.3824975278945198,-1.6339171928782927,-0.8315942816088004,0,0,0,0,0
99686,51,high_20nA,20.0,184589,amp_ge_4500|s16_large_lowering|p02_broad_late,amp_ge_4500,s16_large_lowering,p02_broad_late,B2,6797.5,327.5375000000004,1,0.0379992595966208,0.2905147522894447,51:184589:B2:99686,-0.6800802187974924,-1.370985231596399,-0.6342442804135346,0,0,0,0,0
99775,51,high_20nA,20.0,184715,amp_ge_4500|s16_large_lowering|p02_broad_late,amp_ge_4500,s16_large_lowering,p02_broad_late,B2,8554.5,922.1825,1,0.0364118508637761,0.2823549581761623,51:184715:B2:99775,0.19940232169572816,-1.2128863103567542,-0.23363936810546,0,0,0,0,0
99918,51,high_20nA,20.0,184926,amp_ge_4500|s16_large_lowering|p02_broad_late,amp_ge_4500,s16_large_lowering,p02_broad_late,B2,5903.5,379.9475000000002,0,0.0356966621642725,0.2619368264715515,51:184926:B2:99918,-1.0513816665482247,-1.3940146982661545,-0.9850112065601102,0,0,0,0,0
99968,51,high_20nA,20.0,184995,amp_ge_4500|s16_large_lowering|p02_broad_late,amp_ge_4500,s16_large_lowering,p02_broad_late,B2,7133.5,497.4975000000004,0,0.3056612914270856,0.4973014649190439,51:184995:B2:99968,-0.15890765920605418,0.11989539063773308,-0.010028846430452695,0,0,0,0,0
100011,51,high_20nA,20.0,185047,amp_ge_4500|s16_large_lowering|p02_broad_late,amp_ge_4500,s16_large_lowering,p02_broad_late,B2,7254.0,6682.19,0,0.3561260867233694,0.645850565205404,51:185047:B2:100011,0.7953314040722459,0.9464292347739626,0.6997262121525176,0,0,0,0,0
100228,51,high_20nA,20.0,185343,amp_ge_4500|s16_large_lowering|p02_broad_late,amp_ge_4500,s16_large_lowering,p02_broad_late,B2,9603.5,6619.4475,0,0.2545008380165536,0.6163898578643203,51:185343:B2:100228,1.4952973063909187,0.5157661957468584,0.7848347786422297,1,0,1,1,2
100512,51,high_20nA,20.0,185782,amp_ge_4500|s16_large_lowering|p02_broad_late,amp_ge_4500,s16_large_lowering,p02_broad_late,B2,4813.0,506.8050000000003,1,0.4182336364111785,0.6875129856638271,51:185782:B2:100512,-0.9377127908653322,0.785239023466087,0.17346952932693033,0,0,0,0,0
100514,51,high_20nA,20.0,185785,amp_ge_4500|s16_large_lowering|p02_broad_late,amp_ge_4500,s16_large_lowering,p02_broad_late,B2,6763.5,675.0475000000006,0,0.0410324674561362,0.2454777491286804,51:185785:B2:100514,-0.5571362608026197,-1.291711376173231,-0.7542305570977526,0,0,0,0,0
100618,51,high_20nA,20.0,185931,amp_ge_4500|s16_large_lowering|p02_broad_late,amp_ge_4500,s16_large_lowering,p02_broad_late,B2,8615.5,6609.2675,1,0.2868016034881069,0.5819163136207998,51:185931:B2:100618,1.1610029290925796,0.5982059575665944,0.8924276152331498,1,0,1,1,2
100738,51,high_20nA,20.0,186096,amp_ge_4500|s16_large_lowering|p02_broad_late,amp_ge_4500,s16_large_lowering,p02_broad_late,B2,8476.5,373.3525,0,0.2600692419844755,0.4632218486403586,51:186096:B2:100738,0.17318388344210373,-0.15160755834131134,0.002134701204648648,0,0,0,0,0
100789,51,high_20nA,20.0,186178,amp_ge_4500|s16_large_lowering|p02_broad_late,amp_ge_4500,s16_large_lowering,p02_broad_late,B2,5894.5,494.0825000000005,0,0.0305135230099589,0.1229872694201815,51:186178:B2:100789,-1.1717278949496615,-1.5551089645971214,-1.0984023652116623,0,0,0,0,0
100933,51,high_20nA,20.0,186386,amp_ge_4500|s16_large_lowering|p02_broad_late,amp_ge_4500,s16_large_lowering,p02_broad_late,B2,9233.0,6639.505,0,0.2878164588929951,0.6056536337051879,51:186386:B2:100933,1.3775038263100032,0.6338038296501808,0.7896490624508772,1,0,1,1,2
101350,51,high_20nA,20.0,186996,amp_ge_4500|s16_large_lowering|p02_broad_late,amp_ge_4500,s16_large_lowering,p02_broad_late,B2,5760.0,342.6000000000004,0,0.0537101306088591,0.1827827925002617,51:186996:B2:101350,-1.251709644978174,-1.4280513871730298,-1.0754312477043786,0,0,0,0,0
101546,51,high_20nA,20.0,187276,amp_ge_4500|s16_large_lowering|p02_broad_late,amp_ge_4500,s16_large_lowering,p02_broad_late,B2,6557.0,1172.6450000000004,0,0.2478799884246017,0.4762848863809669,51:187276:B2:101546,-0.17639569603433838,0.011694761493717358,-0.06211856466568729,0,0,0,0,0
101682,51,high_20nA,20.0,187473,amp_ge_4500|s16_large_lowering|p02_broad_late,amp_ge_4500,s16_large_lowering,p02_broad_late,B2,8929.5,6652.5575,0,0.2740060193292193,0.6373817123019206,51:187473:B2:101682,1.332506832402347,0.6213073219196685,0.7673016715191526,1,0,1,1,2
102045,51,high_20nA,20.0,187994,amp_ge_4500|s16_large_lowering|p02_broad_late,amp_ge_4500,s16_large_lowering,p02_broad_late,B2,5836.0,1889.46,0,0.2719980698288793,0.1812371979106161,51:187994:B2:102045,-0.7533618469069243,-0.19452416507322046,-0.36797765115538383,0,0,0,0,0
102183,51,high_20nA,20.0,188200,amp_ge_4500|s16_large_lowering|p02_broad_late,amp_ge_4500,s16_large_lowering,p02_broad_late,B2,5876.5,302.3525,0,0.0312687402438805,0.1817854159291123,51:188200:B2:102183,-1.2341097563473857,-1.5586073709022523,-1.1235768031909525,0,0,0,0,0
102266,51,high_20nA,20.0,188328,amp_ge_4500|s16_large_lowering|p02_broad_late,amp_ge_4500,s16_large_lowering,p02_broad_late,B2,7135.5,6662.4675,0,0.3558888569606283,0.6772475649919417,51:188328:B2:102266,0.7934009322845221,0.9858704870967484,0.7155579588487527,0,0,1,0,1
102310,51,high_20nA,20.0,188395,amp_ge_4500|s16_large_lowering|p02_broad_late,amp_ge_4500,s16_large_lowering,p02_broad_late,B2,6638.5,2159.9225,0,0.0740258027965422,0.1640847990901204,51:188395:B2:102310,-0.39914232419825374,-1.0426416089548298,-0.5895835589563649,0,0,0,0,0
102450,51,high_20nA,20.0,188592,amp_ge_4500|s16_large_lowering|p02_broad_late,amp_ge_4500,s16_large_lowering,p02_broad_late,B2,8991.5,6605.6275,0,0.327388600093129,0.7826836456653506,51:188592:B2:102450,1.5453648215570108,1.0149333833894532,1.0135106532152345,1,0,1,1,2
102550,51,high_20nA,20.0,188727,amp_ge_4500|s16_large_lowering|p02_broad_late,amp_ge_4500,s16_large_lowering,p02_broad_late,B2,4861.5,247.57749999999945,0,0.0439731470471789,0.1868320520626895,51:188727:B2:102550,-1.7833541994652116,-1.5246232275415879,-1.318016351364247,0,0,0,0,0
102557,51,high_20nA,20.0,188736,amp_ge_4500|s16_large_lowering|p02_broad_late,amp_ge_4500,s16_large_lowering,p02_broad_late,B2,7206.5,1978.4025,1,0.2121954531586506,0.1799922008955395,51:188736:B2:102557,-0.1843798650014147,-0.42986121266468597,-0.05060605801970569,0,0,0,0,0
102820,51,high_20nA,20.0,189108,amp_ge_4500|s16_large_lowering|p02_broad_late,amp_ge_4500,s16_large_lowering,p02_broad_late,B2,9412.0,6618.82,0,0.2654271800462862,0.6281342966425839,51:189108:B2:102820,1.457857252297967,0.5745224586184808,0.7952851884929893,1,0,1,1,2
102927,51,high_20nA,20.0,189262,amp_ge_4500|s16_large_lowering|p02_broad_late,amp_ge_4500,s16_large_lowering,p02_broad_late,B2,6769.0,377.46500000000015,0,0.0292794313915505,0.1192361221648724,51:189262:B2:102927,-0.8841630471429933,-1.6118533669712378,-1.0129603720422573,0,0,0,0,0
103215,51,high_20nA,20.0,189668,amp_ge_4500|s16_large_lowering|p02_broad_late,amp_ge_4500,s16_large_lowering,p02_broad_late,B2,7452.5,6667.7125,0,0.3842202879471386,0.7543106340154311,51:189668:B2:103215,1.012833017998947,1.1899421472277885,0.884652248675271,0,1,1,1,2
103412,51,high_20nA,20.0,189948,amp_ge_4500|s16_large_lowering|p02_broad_late,amp_ge_4500,s16_large_lowering,p02_broad_late,B2,6842.5,466.8625000000002,1,0.030448677026349,0.1576768813590385,51:189948:B2:103412,-0.7456842869224749,-1.5199743910533343,-0.7217492732729409,0,0,0,0,0
103470,51,high_20nA,20.0,190033,amp_ge_4500|s16_large_lowering|p02_broad_late,amp_ge_4500,s16_large_lowering,p02_broad_late,B2,8012.0,6637.82,0,0.3403669562223481,0.6868447329006491,51:190033:B2:103470,1.1119149614276784,0.9399589544333162,0.8173104462045107,0,0,1,0,1
103527,51,high_20nA,20.0,190111,amp_ge_4500|s16_large_lowering|p02_broad_late,amp_ge_4500,s16_large_lowering,p02_broad_late,B2,4852.0,445.21999999999935,0,0.0409323490404286,0.1649566040474641,51:190111:B2:103527,-1.6582986574028886,-1.4678167605588905,-1.2466365292478319,0,0,0,0,0
103579,51,high_20nA,20.0,190180,amp_ge_4500|s16_large_lowering|p02_broad_late,amp_ge_4500,s16_large_lowering,p02_broad_late,B2,5501.5,459.9775,0,0.0315359611783491,0.1140256204480165,51:190180:B2:103579,-1.385898883337388,-1.5739719231042604,-1.187709783371997,0,0,0,0,0
103585,51,high_20nA,20.0,190188,amp_ge_4500|s16_large_lowering|p02_broad_late,amp_ge_4500,s16_large_lowering,p02_broad_late,B2,6870.5,688.4424999999992,0,0.2252044033848475,0.2888436067244014,51:190188:B2:103585,-0.45160542847980456,-0.4148365261168082,-0.34584140379138517,0,0,0,0,0
103671,51,high_20nA,20.0,190313,amp_ge_4500|s16_large_lowering|p02_broad_late,amp_ge_4500,s16_large_lowering,p02_broad_late,B2,7250.0,6633.25,1,0.3722045216012683,0.6464827586206896,51:190313:B2:103671,0.7927192527528351,1.0051214485646116,0.9233843244432143,0,0,1,0,1
104157,51,high_20nA,20.0,190991,amp_ge_4500|s16_large_lowering|p02_broad_late,amp_ge_4500,s16_large_lowering,p02_broad_late,B2,6471.0,605.9349999999995,0,0.0419426022499041,0.2519898318470525,51:190991:B2:104157,-0.6947603763589543,-1.2972713995373986,-0.80886293082211,0,0,0,0,0
104339,51,high_20nA,20.0,191247,amp_ge_4500|s16_large_lowering|p02_broad_late,amp_ge_4500,s16_large_lowering,p02_broad_late,B2,9242.5,224.86250000000015,1,0.3124749980857291,0.6102786042737355,51:191247:B2:104339,0.4629362618304918,0.15774633139229033,0.44216923868034885,0,0,0,0,0
104718,51,high_20nA,20.0,191844,amp_ge_4500|s16_large_lowering|p02_broad_late,amp_ge_4500,s16_large_lowering,p02_broad_late,B2,9186.0,6606.21,0,0.2450375134227916,0.568691487045504,51:191844:B2:104718,1.3126455417499991,0.41542111343748683,0.6732821735087441,1,0,0,0,1
104803,51,high_20nA,20.0,191982,amp_ge_4500|s16_large_lowering|p02_broad_late,amp_ge_4500,s16_large_lowering,p02_broad_late,B2,4637.0,207.4449999999997,0,0.032445905158127,0.0865401586985299,51:191982:B2:104803,-2.092156856017067,-1.7407839787163835,-1.5261488763473665,0,0,0,0,0
105091,51,high_20nA,20.0,192389,amp_ge_4500|s16_large_lowering|p02_broad_late,amp_ge_4500,s16_large_lowering,p02_broad_late,B2,8610.0,271.8500000000004,0,0.0265011960653267,0.1543923165100291,51:192389:B2:105091,-0.2894735410008618,-1.635561136450643,-0.7969356228895976,0,0,0,0,0
105100,51,high_20nA,20.0,192403,amp_ge_4500|s16_large_lowering|p02_broad_late,amp_ge_4500,s16_large_lowering,p02_broad_late,B2,9556.5,6611.1525,0,0.2532407036296177,0.5628106524355151,51:192403:B2:105100,1.409521486358666,0.44084529345686363,0.7207731880681758,1,0,1,1,2
105584,51,high_20nA,20.0,193121,amp_ge_4500|s16_large_lowering|p02_broad_late,amp_ge_4500,s16_large_lowering,p02_broad_late,B2,5007.0,444.8950000000005,0,0.0351402938930106,0.1460077502987041,51:193121:B2:105584,-1.6009242618084687,-1.5205695617328865,-1.2469904354150305,0,0,0,0,0
105649,51,high_20nA,20.0,193212,amp_ge_4500|s16_large_lowering|p02_broad_late,amp_ge_4500,s16_large_lowering,p02_broad_late,B2,6839.0,350.415,0,0.0390161420769027,0.2825756459730423,51:193212:B2:105649,-0.6563234994484366,-1.3649035322920016,-0.8226624133530466,0,0,0,0,0
106097,51,high_20nA,20.0,193864,amp_ge_4500|s16_large_lowering|p02_broad_late,amp_ge_4500,s16_large_lowering,p02_broad_late,B2,5716.0,1661.2600000000002,0,0.0537800659258906,0.242255656387431,51:193864:B2:106097,-0.760959277011136,-1.0812541964283862,-0.7432912877641539,0,0,0,0,0
106226,51,high_20nA,20.0,194065,amp_ge_4500|s16_large_lowering|p02_broad_late,amp_ge_4500,s16_large_lowering,p02_broad_late,B2,6408.0,1647.88,0,0.0530530239484873,0.2583226951242378,51:194065:B2:106226,-0.43908263801582026,-1.0652052287555884,-0.6142375985233588,0,0,0,0,0
106362,51,high_20nA,20.0,194251,amp_ge_4500|s16_large_lowering|p02_broad_late,amp_ge_4500,s16_large_lowering,p02_broad_late,B2,5257.5,440.6375000000007,1,0.0479607499207891,0.2286154226720461,51:194251:B2:106362,-1.3626782103525867,-1.3530509955882901,-0.8860991380810648,0,0,0,0,0
106405,51,high_20nA,20.0,194314,amp_ge_4500|s16_large_lowering|p02_broad_late,amp_ge_4500,s16_large_lowering,p02_broad_late,B2,7882.5,6782.2625,1,0.3317638021822549,0.5992388201712655,51:194314:B2:106405,0.9562139596635983,0.7974241328386296,0.8982794404643917,0,0,1,0,1
106521,52,high_20nA,20.0,194492,amp_ge_4500|s16_large_lowering|p02_broad_late,amp_ge_4500,s16_large_lowering,p02_broad_late,B2,9373.0,6633.405,0,0.3135144034919158,1.0,52:194492:B2:106521,1.9503241420059632,1.2455032663037384,1.264234545809836,1,1,1,1,3
106663,52,high_20nA,20.0,194691,amp_ge_4500|s16_large_lowering|p02_broad_late,amp_ge_4500,s16_large_lowering,p02_broad_late,B2,7454.0,6618.19,1,0.3580135838919053,0.713710759323853,52:194691:B2:106663,0.9564286098994068,1.0399976002779854,1.0002418638785284,0,0,1,0,1
107034,52,high_20nA,20.0,195234,amp_ge_4500|s16_large_lowering|p02_broad_late,amp_ge_4500,s16_large_lowering,p02_broad_late,B2,5605.5,397.4174999999996,0,0.2081561890174541,0.4872892694674873,52:195234:B2:107034,-0.8714468334002502,-0.32072287748945744,-0.4658534052376672,0,0,0,0,0
107261,52,high_20nA,20.0,195572,amp_ge_4500|s16_large_lowering|p02_broad_late,amp_ge_4500,s16_large_lowering,p02_broad_late,B2,7405.0,254.92500000000015,0,0.2693991428375599,0.5315327481431465,52:195572:B2:107261,-0.19590232445836925,-0.09070965320785745,-0.11254093764148046,0,0,0,0,0
107294,52,high_20nA,20.0,195625,amp_ge_4500|s16_large_lowering|p02_broad_late,amp_ge_4500,s16_large_lowering,p02_broad_late,B2,7338.0,801.9300000000003,0,0.2435871757369,0.4452166802943581,52:195625:B2:107294,-0.024350175406592924,-0.11079405831718492,-0.05578657114772298,0,0,0,0,0
107722,52,high_20nA,20.0,196230,amp_ge_4500|s16_large_lowering|p02_broad_late,amp_ge_4500,s16_large_lowering,p02_broad_late,B2,7976.5,231.8525,0,0.0326100110792696,0.2947329836671836,52:196230:B2:107722,-0.34521271656832353,-1.4503835118490975,-0.7403419072725839,0,0,0,0,0
107801,52,high_20nA,20.0,196354,amp_ge_4500|s16_large_lowering|p02_broad_late,amp_ge_4500,s16_large_lowering,p02_broad_late,B2,6502.5,702.9624999999996,1,0.3102625982583518,0.5160322952710495,52:196354:B2:107801,-0.2843528294526543,0.22081774216126787,0.18468937651572387,0,0,0,0,0
107816,52,high_20nA,20.0,196380,amp_ge_4500|s16_large_lowering|p02_broad_late,amp_ge_4500,s16_large_lowering,p02_broad_late,B2,5640.0,1469.3999999999996,1,0.248150575787044,0.4670212765957446,52:196380:B2:107816,-0.5259368082969663,0.03922173176145884,0.01661714018696553,0,0,0,0,0
107864,52,high_20nA,20.0,196460,amp_ge_4500|s16_large_lowering|p02_broad_late,amp_ge_4500,s16_large_lowering,p02_broad_late,B2,5402.0,813.9699999999993,0,0.0519436725338624,0.2171968403458566,52:196460:B2:107864,-1.139031150748067,-1.2442736345059906,-0.9554267637767815,0,0,0,0,0
108089,52,high_20nA,20.0,196817,amp_ge_4500|s16_large_lowering|p02_broad_late,amp_ge_4500,s16_large_lowering,p02_broad_late,B2,7977.0,7031.345,0,0.4820957069858964,0.5538422966027329,52:196817:B2:108089,0.9362095224350708,1.2810694868390726,0.8938088029977374,0,1,1,1,2
108141,52,high_20nA,20.0,196888,amp_ge_4500|s16_large_lowering|p02_broad_late,amp_ge_4500,s16_large_lowering,p02_broad_late,B2,7305.0,361.4250000000002,0,0.0288961672989285,0.1658247232821653,52:196888:B2:108141,-0.631362872720151,-1.5605388883334437,-0.8953442247337037,0,0,0,0,0
108269,52,high_20nA,20.0,197076,amp_ge_4500|s16_large_lowering|p02_broad_late,amp_ge_4500,s16_large_lowering,p02_broad_late,B2,7252.5,223.71249999999964,0,0.2434662495782239,0.4232333678042054,52:197076:B2:108269,-0.4329354019087652,-0.3572705863667949,-0.3145690989993847,0,0,0,0,0
108365,52,high_20nA,20.0,197223,amp_ge_4500|s16_large_lowering|p02_broad_late,amp_ge_4500,s16_large_lowering,p02_broad_late,B2,5900.5,1066.9925000000003,0,0.045975789279716,0.243365350924902,52:197223:B2:108365,-0.7962508375424782,-1.1926277113442247,-0.803478957030716,0,0,0,0,0
108390,52,high_20nA,20.0,197260,amp_ge_4500|s16_large_lowering|p02_broad_late,amp_ge_4500,s16_large_lowering,p02_broad_late,B2,9388.5,6605.6725,0,0.2628636089569159,0.5917345688874687,52:197260:B2:108390,1.4014782190614374,0.5166821994944524,0.7495682470310163,1,0,1,1,2
108469,52,high_20nA,20.0,197374,amp_ge_4500|s16_large_lowering|p02_broad_late,amp_ge_4500,s16_large_lowering,p02_broad_late,B2,6685.0,214.7250000000004,0,0.3551274272489621,0.6044876589379207,52:197374:B2:108469,-0.4145705201100966,0.30280440734900055,-0.030358946555256477,0,0,0,0,0
108485,52,high_20nA,20.0,197395,amp_ge_4500|s16_large_lowering|p02_broad_late,amp_ge_4500,s16_large_lowering,p02_broad_late,B2,5966.0,247.51000000000025,0,0.0361988409190848,0.2354408047171587,52:197395:B2:108485,-1.1760330708466964,-1.498962790236192,-1.0764569388209453,0,0,0,0,0
108502,52,high_20nA,20.0,197421,amp_ge_4500|s16_large_lowering|p02_broad_late,amp_ge_4500,s16_large_lowering,p02_broad_late,B2,7677.5,333.33749999999964,0,0.033694017117687,0.295666754250212,52:197421:B2:108502,-0.3462261849497428,-1.3821481249122152,-0.7120681627440326,0,0,0,0,0
108550,52,high_20nA,20.0,197493,amp_ge_4500|s16_large_lowering|p02_broad_late,amp_ge_4500,s16_large_lowering,p02_broad_late,B2,4762.0,498.5699999999997,0,0.0306027231678968,0.1265712534879051,52:197493:B2:108550,-1.7288920010010926,-1.54847427982314,-1.307338157906134,0,0,0,0,0
108573,52,high_20nA,20.0,197527,amp_ge_4500|s16_large_lowering|p02_broad_late,amp_ge_4500,s16_large_lowering,p02_broad_late,B2,7771.5,6621.9275,0,0.316389515985104,0.6502605674580196,52:197527:B2:108573,0.9811495881367378,0.8014331677933653,0.7094387739651737,0,0,1,0,1
108710,52,high_20nA,20.0,197725,amp_ge_4500|s16_large_lowering|p02_broad_late,amp_ge_4500,s16_large_lowering,p02_broad_late,B2,8296.0,356.5600000000004,0,0.2663354481565036,0.4598601735776277,52:197725:B2:108710,0.09915025749122428,-0.13892965599856788,-0.020673357672733282,0,0,0,0,0
108756,52,high_20nA,20.0,197800,amp_ge_4500|s16_large_lowering|p02_broad_late,amp_ge_4500,s16_large_lowering,p02_broad_late,B2,8517.0,442.2449999999999,1,0.2601505969176694,0.4845602911823412,52:197800:B2:108756,0.26079328078901065,-0.09469955956412589,0.2593276316828912,0,0,0,0,0
108988,52,high_20nA,20.0,198134,amp_ge_4500|s16_large_lowering|p02_broad_late,amp_ge_4500,s16_large_lowering,p02_broad_late,B2,6392.0,1177.12,0,0.2690505207977083,0.4518147684605757,52:198134:B2:108988,-0.2758774508783201,0.06491744059804294,-0.07756810628258362,0,0,0,0,0
109453,52,high_20nA,20.0,198807,amp_ge_4500|s16_large_lowering|p02_broad_late,amp_ge_4500,s16_large_lowering,p02_broad_late,B2,7320.0,6643.2,0,0.3504220612655565,0.646448087431694,52:198807:B2:109453,0.81850566456746,0.9250633122015515,0.6995587436602864,0,0,0,0,0
109542,52,high_20nA,20.0,198918,amp_ge_4500|s16_large_lowering|p02_broad_late,amp_ge_4500,s16_large_lowering,p02_broad_late,B2,7186.0,6968.21,0,0.3687630275617873,0.5549679933203451,52:198918:B2:109542,0.6589633015379669,0.8819432123250728,0.620822203760958,0,0,0,0,0
109548,52,high_20nA,20.0,198928,amp_ge_4500|s16_large_lowering|p02_broad_late,amp_ge_4500,s16_large_lowering,p02_broad_late,B2,5903.5,1011.9475000000002,0,0.0659608872052553,0.0688936151966032,52:198928:B2:109548,-1.0452883680489984,-1.333573730272062,-0.9573105465728854,0,0,0,0,0
109566,52,high_20nA,20.0,198952,amp_ge_4500|s16_large_lowering|p02_broad_late,amp_ge_4500,s16_large_lowering,p02_broad_late,B2,8641.0,6695.385,0,0.2961502369437395,0.5586159009373916,52:198952:B2:109566,1.1408506125678386,0.6064320085928359,0.6882246763847697,0,0,0,0,0
109572,52,high_20nA,20.0,198962,amp_ge_4500|s16_large_lowering|p02_broad_late,amp_ge_4500,s16_large_lowering,p02_broad_late,B2,8810.5,510.34249999999975,1,0.2325555084583459,0.4556495091084501,52:198962:B2:109572,0.3503820036512661,-0.21896146769987612,0.24118134495353316,0,0,0,0,0
109579,52,high_20nA,20.0,198969,amp_ge_4500|s16_large_lowering|p02_broad_late,amp_ge_4500,s16_large_lowering,p02_broad_late,B2,8255.0,6622.175,0,0.3288646097870762,0.7172622652937614,52:198969:B2:109579,1.2314589497045392,0.9358723560541373,0.8610207904304625,1,0,1,1,2
109606,52,high_20nA,20.0,199006,amp_ge_4500|s16_large_lowering|p02_broad_late,amp_ge_4500,s16_large_lowering,p02_broad_late,B2,9123.0,6609.155,1,0.2768719824575413,0.5882933245642881,52:199006:B2:109606,1.3210645073679248,0.5676356726901692,0.9404114953296825,1,0,1,1,2
109857,52,high_20nA,20.0,199401,amp_ge_4500|s16_large_lowering|p02_broad_late,amp_ge_4500,s16_large_lowering,p02_broad_late,B2,9092.0,6634.62,0,0.2777763194055859,0.566542014958205,52:199401:B2:109857,1.2836954702960324,0.5435618884205549,0.7161002718491254,1,0,1,1,2
110022,52,high_20nA,20.0,199642,amp_ge_4500|s16_large_lowering|p02_broad_late,amp_ge_4500,s16_large_lowering,p02_broad_late,B2,7649.0,660.2650000000003,0,0.0326631520354562,0.3217931306470542,52:199642:B2:110022,-0.13444431416862965,-1.2367498043570782,-0.570523757214052,0,0,0,0,0
110037,52,high_20nA,20.0,199665,amp_ge_4500|s16_large_lowering|p02_broad_late,amp_ge_4500,s16_large_lowering,p02_broad_late,B2,7160.0,212.6000000000004,0,0.0289366937532696,0.1817146105447037,52:199665:B2:110037,-0.8073439566961054,-1.6299436377440706,-0.9913670313970298,0,0,0,0,0
110122,52,high_20nA,20.0,199789,amp_ge_4500|s16_large_lowering|p02_broad_late,amp_ge_4500,s16_large_lowering,p02_broad_late,B2,7231.0,6642.535,1,0.3553598364919498,0.7221684414327202,52:199789:B2:110122,0.8885035095290439,1.0418090415463794,0.9751911310705161,0,0,1,0,1
110184,52,high_20nA,20.0,199871,amp_ge_4500|s16_large_lowering|p02_broad_late,amp_ge_4500,s16_large_lowering,p02_broad_late,B2,6969.0,6699.465,0,0.3888690869041152,0.6501650165016502,52:199871:B2:110184,0.6958206336367775,1.0721584125235106,0.7147183740418499,0,1,1,1,2
110296,52,high_20nA,20.0,200018,amp_ge_4500|s16_large_lowering|p02_broad_late,amp_ge_4500,s16_large_lowering,p02_broad_late,B2,6242.0,836.3700000000008,0,0.0554793850181601,0.1999589842695762,52:200018:B2:110296,-0.7725345077177306,-1.2452254229295319,-0.816557790563141,0,0,0,0,0
110365,52,high_20nA,20.0,200120,amp_ge_4500|s16_large_lowering|p02_broad_late,amp_ge_4500,s16_large_lowering,p02_broad_late,B2,6734.0,1588.9899999999998,0,0.0350829261209751,0.3147862763107165,52:200120:B2:110365,-0.24137208670023547,-1.0843402528585633,-0.547144299146686,0,0,0,0,0
110481,52,high_20nA,20.0,200286,amp_ge_4500|s16_large_lowering|p02_broad_late,amp_ge_4500,s16_large_lowering,p02_broad_late,B2,5177.5,1256.8374999999996,1,0.3097848275795607,0.4827619507484307,52:200286:B2:110481,-0.7736778491105685,0.274820277231026,0.021426933775014867,0,0,0,0,0
110670,52,high_20nA,20.0,200553,amp_ge_4500|s16_large_lowering|p02_broad_late,amp_ge_4500,s16_large_lowering,p02_broad_late,B2,8460.5,6608.5925,0,0.2866489814265155,0.6294545239643047,52:200553:B2:110670,1.1772221831275878,0.6594042571124492,0.724294217575712,1,0,1,1,2
110742,52,high_20nA,20.0,200650,amp_ge_4500|s16_large_lowering|p02_broad_late,amp_ge_4500,s16_large_lowering,p02_broad_late,B2,7984.5,6610.7325,0,0.3112096933548761,0.646064249483374,52:200650:B2:110742,1.0465557399677472,0.7759104642193237,0.7235735761598598,0,0,1,0,1
110841,52,high_20nA,20.0,200809,amp_ge_4500|s16_large_lowering|p02_broad_late,amp_ge_4500,s16_large_lowering,p02_broad_late,B2,6910.0,290.3500000000004,0,0.0283137778065603,0.1701921841373327,52:200809:B2:110841,-0.8321673065443523,-1.5949677139421743,-0.9861100163425671,0,0,0,0,0
110884,52,high_20nA,20.0,200865,amp_ge_4500|s16_large_lowering|p02_broad_late,amp_ge_4500,s16_large_lowering,p02_broad_late,B2,4551.0,507.7349999999997,0,0.0343555570237529,0.1112218131413213,52:200865:B2:110884,-1.8645864979763802,-1.5470950736268527,-1.3583228001543026,0,0,0,0,0
111049,52,high_20nA,20.0,201098,amp_ge_4500|s16_large_lowering|p02_broad_late,amp_ge_4500,s16_large_lowering,p02_broad_late,B2,8934.0,6607.99,1,0.262633233552615,0.5852921423774345,52:201098:B2:111049,1.2615663783578035,0.5074502368870321,0.8925243232685187,1,0,1,1,2
111143,52,high_20nA,20.0,201228,amp_ge_4500|s16_large_lowering|p02_broad_late,amp_ge_4500,s16_large_lowering,p02_broad_late,B2,5308.5,551.8724999999995,0,0.0484670922868179,0.1685302646131321,52:201228:B2:111143,-1.3570256341256839,-1.3904018532413596,-1.099638519329131,0,0,0,0,0
111211,52,high_20nA,20.0,201316,amp_ge_4500|s16_large_lowering|p02_broad_late,amp_ge_4500,s16_large_lowering,p02_broad_late,B2,8468.5,681.4724999999999,0,0.2458558430316784,0.4292968058097656,52:201316:B2:111211,0.28884705870884464,-0.15010068665860665,0.04671959391274616,0,0,0,0,0
111331,52,high_20nA,20.0,201507,amp_ge_4500|s16_large_lowering|p02_broad_late,amp_ge_4500,s16_large_lowering,p02_broad_late,B2,5293.0,385.6049999999996,0,0.0391475684858579,0.1514754055053929,52:201507:B2:111331,-1.485538595267096,-1.5184369045866377,-1.2022481661278843,0,0,0,0,0
111639,52,high_20nA,20.0,201938,amp_ge_4500|s16_large_lowering|p02_broad_late,amp_ge_4500,s16_large_lowering,p02_broad_late,B2,7731.5,6671.5275,0,0.3197994136192467,0.65543555584298,52:201938:B2:111639,0.9765318242670105,0.8224129529683654,0.7164955334681774,0,0,1,0,1
111890,52,high_20nA,20.0,202293,amp_ge_4500|s16_large_lowering|p02_broad_late,amp_ge_4500,s16_large_lowering,p02_broad_late,B2,5187.5,807.6875,0,0.0522306652828023,0.1359878151816838,52:202293:B2:111890,-1.358158012582145,-1.3498170580245288,-1.0830232091515173,0,0,0,0,0
112102,52,high_20nA,20.0,202573,amp_ge_4500|s16_large_lowering|p02_broad_late,amp_ge_4500,s16_large_lowering,p02_broad_late,B2,5793.5,653.5974999999999,0,0.0450130609214862,0.2388112660601513,52:202573:B2:112102,-0.9845421569704463,-1.2867394217958452,-0.9145565768030246,0,0,0,0,0
112207,52,high_20nA,20.0,202737,amp_ge_4500|s16_large_lowering|p02_broad_late,amp_ge_4500,s16_large_lowering,p02_broad_late,B2,6954.5,1555.1825,1,0.0375851144920437,0.300512506039906,52:202737:B2:112207,-0.1812957414462566,-1.0944568101543513,-0.328564242014405,0,0,0,0,0
112248,52,high_20nA,20.0,202796,amp_ge_4500|s16_large_lowering|p02_broad_late,amp_ge_4500,s16_large_lowering,p02_broad_late,B2,6517.5,2236.7375,0,0.0625566084601609,0.1798332037276966,52:202796:B2:112248,-0.41697608777659867,-1.070058000800873,-0.6078752736914742,0,0,0,0,0
112445,52,high_20nA,20.0,203073,amp_ge_4500|s16_large_lowering|p02_broad_late,amp_ge_4500,s16_large_lowering,p02_broad_late,B2,7110.0,628.3500000000004,0,0.2533749944226957,0.4413502109704641,52:203073:B2:112445,-0.17962854784698537,-0.1180784315510306,-0.1178517894332873,0,0,0,0,0
112493,52,high_20nA,20.0,203145,amp_ge_4500|s16_large_lowering|p02_broad_late,amp_ge_4500,s16_large_lowering,p02_broad_late,B2,9232.5,6630.0125,0,0.3655521496931168,0.8080693203357704,52:203145:B2:112493,1.65068479182349,1.1907600497495923,1.127379441787755,1,1,1,1,3
112615,52,high_20nA,20.0,203319,amp_ge_4500|s16_large_lowering|p02_broad_late,amp_ge_4500,s16_large_lowering,p02_broad_late,B2,8109.5,6630.8575,0,0.3081187719850479,0.6433812195573093,52:203319:B2:112615,1.0848596421437193,0.7611016944561443,0.731909375686194,0,0,1,0,1
112701,52,high_20nA,20.0,203438,amp_ge_4500|s16_large_lowering|p02_broad_late,amp_ge_4500,s16_large_lowering,p02_broad_late,B2,6986.0,6631.21,0,0.3746529783809754,0.7228743200687089,52:203438:B2:112701,0.7977908214469667,1.1133386000704621,0.7707627241794415,0,1,1,1,2
112808,52,high_20nA,20.0,203590,amp_ge_4500|s16_large_lowering|p02_broad_late,amp_ge_4500,s16_large_lowering,p02_broad_late,B2,6866.0,1056.0100000000002,1,0.0342282477653708,0.3229903738310589,52:203590:B2:112808,-0.29044059704459646,-1.147519805925177,-0.39232574536552095,0,0,0,0,0
112822,52,high_20nA,20.0,203608,amp_ge_4500|s16_large_lowering|p02_broad_late,amp_ge_4500,s16_large_lowering,p02_broad_late,B2,7139.0,6645.915,0,0.3687681777880994,0.650231124807396,52:203608:B2:112822,0.7574862828756151,0.9977428063973284,0.7068967661796116,0,0,1,0,1
112910,52,high_20nA,20.0,203727,amp_ge_4500|s16_large_lowering|p02_broad_late,amp_ge_4500,s16_large_lowering,p02_broad_late,B2,8063.5,439.5474999999997,0,0.0281511578390389,0.1340202368840914,52:203727:B2:112910,-0.35966498426626503,-1.5722006506897321,-0.7969969673108681,0,0,0,0,0
112968,52,high_20nA,20.0,203807,amp_ge_4500|s16_large_lowering|p02_broad_late,amp_ge_4500,s16_large_lowering,p02_broad_late,B2,6833.5,486.9975000000004,0,0.0302184444028214,0.1622689202066138,52:203807:B2:112968,-0.7314475258227656,-1.507931084416146,-0.9112811152674323,0,0,0,0,0
113261,52,high_20nA,20.0,204216,amp_ge_4500|s16_large_lowering|p02_broad_late,amp_ge_4500,s16_large_lowering,p02_broad_late,B2,8267.0,6631.995,0,0.317344263636803,0.5915084069190758,52:204216:B2:113261,1.0656574880554652,0.7289379397478988,0.7111037801551943,0,0,1,0,1
113942,53,high_20nA,20.0,205108,amp_ge_4500|s16_large_lowering|p02_broad_late,amp_ge_4500,s16_large_lowering,p02_broad_late,B2,5685.5,236.21750000000063,0,0.2110161543294617,0.4566880661331457,53:205108:B2:113942,-1.016971543289792,-0.4371741014645325,-0.5700623090652246,0,0,0,0,0
114152,53,high_20nA,20.0,205376,amp_ge_4500|s16_large_lowering|p02_broad_late,amp_ge_4500,s16_large_lowering,p02_broad_late,B2,5743.0,407.8549999999996,0,0.0350549922601592,0.2227259617582923,53:205376:B2:114152,-1.1580202080403612,-1.4360369423745947,-1.0431831948526669,0,0,0,0,0
115383,53,high_20nA,20.0,206945,amp_ge_4500|s16_large_lowering|p02_broad_late,amp_ge_4500,s16_large_lowering,p02_broad_late,B2,4847.0,472.2950000000001,0,0.0417742337090807,0.1274828454979974,53:206945:B2:115383,-1.6956093625594597,-1.5024291895137103,-1.275351817368353,0,0,0,0,0
115454,53,high_20nA,20.0,207029,amp_ge_4500|s16_large_lowering|p02_broad_late,amp_ge_4500,s16_large_lowering,p02_broad_late,B2,6873.5,6700.3975,0,0.4465698691383218,0.7471448315996218,53:207029:B2:115454,0.790490383139959,1.4024713933920452,0.8894243308178434,0,1,1,1,2
115685,53,high_20nA,20.0,207310,amp_ge_4500|s16_large_lowering|p02_broad_late,amp_ge_4500,s16_large_lowering,p02_broad_late,B2,6310.5,379.8425000000007,0,0.0461070458584454,0.2406889364101317,53:207310:B2:115685,-0.9037941415373969,-1.3715183010128165,-0.9194794602095937,0,0,0,0,0
116252,53,high_20nA,20.0,208068,amp_ge_4500|s16_large_lowering|p02_broad_late,amp_ge_4500,s16_large_lowering,p02_broad_late,B2,8815.0,6621.775,0,0.3135016110413844,0.6821327283040273,53:208068:B2:116252,1.357606838704833,0.8318534339271926,0.8652690409572574,1,0,1,1,2
116281,53,high_20nA,20.0,208109,amp_ge_4500|s16_large_lowering|p02_broad_late,amp_ge_4500,s16_large_lowering,p02_broad_late,B2,4500.5,809.9925000000003,0,0.0392286330448751,0.1120574503118643,53:208109:B2:116281,-1.765597165564298,-1.442817755530307,-1.2769103802371622,0,0,0,0,0
116309,53,high_20nA,20.0,208146,amp_ge_4500|s16_large_lowering|p02_broad_late,amp_ge_4500,s16_large_lowering,p02_broad_late,B2,8617.5,435.2375000000002,1,0.2518585141370308,0.4869741804467653,53:208146:B2:116309,0.29074359684572276,-0.12739947731850565,0.2569747863276023,0,0,0,0,0
116461,53,high_20nA,20.0,208340,amp_ge_4500|s16_large_lowering|p02_broad_late,amp_ge_4500,s16_large_lowering,p02_broad_late,B2,5292.0,427.6200000000008,0,0.0344260902420817,0.1488900262137649,53:208340:B2:116461,-1.4613538778303359,-1.5270299094232471,-1.1966670355332916,0,0,0,0,0
116528,53,high_20nA,20.0,208416,amp_ge_4500|s16_large_lowering|p02_broad_late,amp_ge_4500,s16_large_lowering,p02_broad_late,B2,6824.0,260.6399999999994,1,0.0357674345405672,0.1263671415243362,53:208416:B2:116528,-0.9539451235655512,-1.6340829980144607,-0.848814006120983,0,0,0,0,0
116601,53,high_20nA,20.0,208507,amp_ge_4500|s16_large_lowering|p02_broad_late,amp_ge_4500,s16_large_lowering,p02_broad_late,B2,6497.0,1226.545,0,0.2379161673210854,0.120957810159423,53:208507:B2:116601,-0.6689410092173301,-0.48286182863616167,-0.45699955152977334,0,0,0,0,0
116912,53,high_20nA,20.0,208908,amp_ge_4500|s16_large_lowering|p02_broad_late,amp_ge_4500,s16_large_lowering,p02_broad_late,B2,7275.0,461.875,0,0.0304582412967518,0.1286488733477777,53:208908:B2:116912,-0.6256974748068833,-1.5595006966446348,-0.8927553330173623,0,0,0,0,0
117197,53,high_20nA,20.0,209273,amp_ge_4500|s16_large_lowering|p02_broad_late,amp_ge_4500,s16_large_lowering,p02_broad_late,B2,7098.5,1717.0225,1,0.2639045679023107,0.447488906106924,53:209273:B2:117197,0.09870338822984825,0.10331585783488723,0.280899947817995,0,0,0,0,0
117210,53,high_20nA,20.0,209287,amp_ge_4500|s16_large_lowering|p02_broad_late,amp_ge_4500,s16_large_lowering,p02_broad_late,B2,9222.0,6625.67,1,0.2649335303922712,0.5596399913250921,53:209287:B2:117210,1.3115583301801739,0.4836831933759547,0.9015391066863672,1,0,1,1,2
117846,53,high_20nA,20.0,210109,amp_ge_4500|s16_large_lowering|p02_broad_late,amp_ge_4500,s16_large_lowering,p02_broad_late,B2,5913.0,700.3050000000003,0,0.0402430567837917,0.2155578092605016,53:210109:B2:117846,-0.9431415047616409,-1.3281575876735308,-0.9162199586323064,0,0,0,0,0
118151,53,high_20nA,20.0,210499,amp_ge_4500|s16_large_lowering|p02_broad_late,amp_ge_4500,s16_large_lowering,p02_broad_late,B2,8808.0,6612.88,1,0.3934903013654959,0.8989554950045413,53:210499:B2:118151,1.6483346037368456,1.4100868144408103,1.4186036114851417,1,1,1,1,3
118223,53,high_20nA,20.0,210584,amp_ge_4500|s16_large_lowering|p02_broad_late,amp_ge_4500,s16_large_lowering,p02_broad_late,B2,9022.5,6612.1625,0,0.0944310585945166,0.7960096725949921,53:210584:B2:118223,1.5727616615963944,0.06437618139734835,0.6246874275935161,1,0,0,0,1
118252,53,high_20nA,20.0,210626,amp_ge_4500|s16_large_lowering|p02_broad_late,amp_ge_4500,s16_large_lowering,p02_broad_late,B2,6709.5,1675.8575,0,0.0426407314735294,0.2714505086187666,53:210626:B2:118252,-0.2950862121332626,-1.0951108453326712,-0.5720793156503616,0,0,0,0,0
118874,53,high_20nA,20.0,211411,amp_ge_4500|s16_large_lowering|p02_broad_late,amp_ge_4500,s16_large_lowering,p02_broad_late,B2,5310.5,235.84249999999972,0,0.0336984581229731,0.1435590869726352,53:211411:B2:118874,-1.6213586143767782,-1.6387593356212022,-1.3043951944240808,0,0,0,0,0
118953,53,high_20nA,20.0,211506,amp_ge_4500|s16_large_lowering|p02_broad_late,amp_ge_4500,s16_large_lowering,p02_broad_late,B2,8103.0,6612.455,0,0.3007561675744777,0.6446994940145625,53:211506:B2:118953,1.0837616132243173,0.7340275394714095,0.7201209796032326,0,0,1,0,1
119395,53,high_20nA,20.0,212073,amp_ge_4500|s16_large_lowering|p02_broad_late,amp_ge_4500,s16_large_lowering,p02_broad_late,B2,5839.0,1220.415,0,0.0499565550031828,0.249896750017086,53:212073:B2:119395,-0.7784748049986908,-1.1421644593942257,-0.7755294988450774,0,0,0,0,0
120171,53,high_20nA,20.0,213053,amp_ge_4500|s16_large_lowering|p02_broad_late,amp_ge_4500,s16_large_lowering,p02_broad_late,B2,8780.5,6618.7925,1,0.2770392461200868,0.5667672683787939,53:213053:B2:120171,1.1911057903479214,0.5405525930697685,0.8796522894215129,1,0,1,1,2
120455,53,high_20nA,20.0,213430,amp_ge_4500|s16_large_lowering|p02_broad_late,amp_ge_4500,s16_large_lowering,p02_broad_late,B2,5189.5,430.65750000000025,0,0.3387210643328824,0.831583004142981,53:213430:B2:120455,-0.5880065559927794,0.6553956495335451,0.051823681526832754,0,0,0,0,0
120924,53,high_20nA,20.0,214010,amp_ge_4500|s16_large_lowering|p02_broad_late,amp_ge_4500,s16_large_lowering,p02_broad_late,B2,7407.0,439.8950000000005,1,0.0290294038390417,0.1538205664124837,53:214010:B2:120924,-0.5573708326251666,-1.5420378547777138,-0.6594568154042031,0,0,0,0,0
121641,53,high_20nA,20.0,214914,amp_ge_4500|s16_large_lowering|p02_broad_late,amp_ge_4500,s16_large_lowering,p02_broad_late,B2,5641.5,264.8775000000005,0,0.0500034012636876,0.2007467675593596,53:214914:B2:121641,-1.3524658172168555,-1.4661520625681403,-1.129720876821024,0,0,0,0,0
121935,53,high_20nA,20.0,215282,amp_ge_4500|s16_large_lowering|p02_broad_late,amp_ge_4500,s16_large_lowering,p02_broad_late,B2,6904.5,2059.9325,0,0.0580789806941394,0.2080118936026708,53:215282:B2:121935,-0.24873479253972425,-1.0686544267210543,-0.543354080387938,0,0,0,0,0
122256,53,high_20nA,20.0,215679,amp_ge_4500|s16_large_lowering|p02_broad_late,amp_ge_4500,s16_large_lowering,p02_broad_late,B2,6333.0,1750.005,0,0.0531301836376495,0.2247809064706778,53:215679:B2:122256,-0.499174140084616,-1.0981905033087722,-0.6509261846218384,0,0,0,0,0
122320,53,high_20nA,20.0,215750,amp_ge_4500|s16_large_lowering|p02_broad_late,amp_ge_4500,s16_large_lowering,p02_broad_late,B2,6095.5,325.0674999999992,0,0.0386490530461727,0.2560411985727346,53:215750:B2:122320,-1.0171651673524877,-1.4139579504712523,-0.9803851027918713,0,0,0,0,0
122551,53,high_20nA,20.0,216031,amp_ge_4500|s16_large_lowering|p02_broad_late,amp_ge_4500,s16_large_lowering,p02_broad_late,B2,6438.5,521.9225000000006,0,0.0321564794625833,0.1163393284388582,53:216031:B2:122551,-0.9322116317519608,-1.5464215593355461,-1.0037374749866745,0,0,0,0,0
122787,53,high_20nA,20.0,216319,amp_ge_4500|s16_large_lowering|p02_broad_late,amp_ge_4500,s16_large_lowering,p02_broad_late,B2,7218.0,1754.7299999999996,0,0.0479339951560183,0.2537361277197684,53:216319:B2:122787,-0.11319547971790331,-1.0848941368401013,-0.4986698197656458,0,0,0,0,0
122927,53,high_20nA,20.0,216506,amp_ge_4500|s16_large_lowering|p02_broad_late,amp_ge_4500,s16_large_lowering,p02_broad_late,B2,7824.5,6663.1325,1,0.3374826852644293,0.6188893859032526,53:216506:B2:122927,0.9584056312228781,0.8414447694405935,0.9176009430297429,0,0,1,0,1
123233,53,high_20nA,20.0,216918,amp_ge_4500|s16_large_lowering|p02_broad_late,amp_ge_4500,s16_large_lowering,p02_broad_late,B2,6542.5,243.36250000000015,0,0.0317426640605669,0.1640636333011578,53:216918:B2:123233,-1.033091749158768,-1.6162624551233633,-1.0714050958321444,0,0,0,0,0
123537,53,high_20nA,20.0,217302,amp_ge_4500|s16_large_lowering|p02_broad_late,amp_ge_4500,s16_large_lowering,p02_broad_late,B2,6284.5,450.2325000000001,0,0.0296501273146918,0.1465123924420052,53:217302:B2:123537,-0.995740990000745,-1.5445585083694535,-1.0270961497154536,0,0,0,0,0
123600,53,high_20nA,20.0,217381,amp_ge_4500|s16_large_lowering|p02_broad_late,amp_ge_4500,s16_large_lowering,p02_broad_late,B2,6041.0,342.3850000000002,0,0.2074661211743601,0.4380069524913094,53:217381:B2:123600,-0.7807308640550331,-0.41304492492021405,-0.4701565968074025,0,0,0,0,0
123970,53,high_20nA,20.0,217865,amp_ge_4500|s16_large_lowering|p02_broad_late,amp_ge_4500,s16_large_lowering,p02_broad_late,B2,5908.0,388.3799999999992,0,0.0302035227041803,0.126998089639853,53:217865:B2:123970,-1.2258549802820338,-1.592405316066347,-1.1346351252550386,0,0,0,0,0
124731,53,high_20nA,20.0,218790,amp_ge_4500|s16_large_lowering|p02_broad_late,amp_ge_4500,s16_large_lowering,p02_broad_late,B2,5552.5,2445.2125,0,0.0754450482108235,0.1991835649320782,53:218790:B2:124731,-0.790449188568791,-0.9692101541315068,-0.7074389563913734,0,0,0,0,0
124827,53,high_20nA,20.0,218910,amp_ge_4500|s16_large_lowering|p02_broad_late,amp_ge_4500,s16_large_lowering,p02_broad_late,B2,4728.0,578.0799999999999,0,0.0342427189575994,0.121920846144814,53:218910:B2:124827,-1.7137949788914097,-1.5116203135442443,-1.2861226236673184,0,0,0,0,0
125164,53,high_20nA,20.0,219350,amp_ge_4500|s16_large_lowering|p02_broad_late,amp_ge_4500,s16_large_lowering,p02_broad_late,B2,8553.0,6605.705,0,0.3679991412188652,1.0,53:219350:B2:125164,1.706941455325325,1.4486686355358578,1.2570785799486837,1,1,1,1,3
125172,53,high_20nA,20.0,219360,amp_ge_4500|s16_large_lowering|p02_broad_late,amp_ge_4500,s16_large_lowering,p02_broad_late,B2,4629.0,329.5650000000005,0,0.0317365132187983,0.0609949628430541,53:219360:B2:125172,-2.005308960089473,-1.6987218588271296,-1.4754805855413942,0,0,0,0,0
125680,53,high_20nA,20.0,220013,amp_ge_4500|s16_large_lowering|p02_broad_late,amp_ge_4500,s16_large_lowering,p02_broad_late,B2,6422.5,200.1625000000004,0,0.2538021476164903,0.5456597898014792,53:220013:B2:125680,-0.6192004545666903,-0.17546364058875105,-0.30899090178261773,0,0,0,0,0
125855,53,high_20nA,20.0,220233,amp_ge_4500|s16_large_lowering|p02_broad_late,amp_ge_4500,s16_large_lowering,p02_broad_late,B2,7501.5,1720.9775,0,0.2772385754555834,0.3503965873491968,53:220233:B2:125855,0.11414360604089621,0.030110524133905983,0.05602099043178107,0,0,0,0,0
127219,53,high_20nA,20.0,221950,amp_ge_4500|s16_large_lowering|p02_broad_late,amp_ge_4500,s16_large_lowering,p02_broad_late,B2,6097.0,264.5450000000001,0,0.0288078267816848,0.1492773247254066,53:221950:B2:127219,-1.2169690349218736,-1.6355853176052628,-1.1493940666645224,0,0,0,0,0
127692,53,high_20nA,20.0,222562,amp_ge_4500|s16_large_lowering|p02_broad_late,amp_ge_4500,s16_large_lowering,p02_broad_late,B2,8292.0,1038.62,0,0.0482022094782505,0.2518108779518029,53:222562:B2:127692,0.10808185214105237,-1.1755770504756058,-0.4526712573861545,0,0,0,0,0
128608,53,high_20nA,20.0,223730,amp_ge_4500|s16_large_lowering|p02_broad_late,amp_ge_4500,s16_large_lowering,p02_broad_late,B2,6645.0,704.3249999999998,0,0.0253031158493434,0.190149458967168,53:223730:B2:128608,-0.6671405879639092,-1.4327858163179652,-0.8552834662798309,0,0,0,0,0
129332,53,high_20nA,20.0,224624,amp_ge_4500|s16_large_lowering|p02_broad_late,amp_ge_4500,s16_large_lowering,p02_broad_late,B2,7074.5,373.3824999999997,0,0.0283399878619527,0.1467696397074901,53:224624:B2:129332,-0.7330961199128558,-1.582485594828839,-0.9432204753949975,0,0,0,0,0
130897,53,high_20nA,20.0,226592,amp_ge_4500|s16_large_lowering|p02_broad_late,amp_ge_4500,s16_large_lowering,p02_broad_late,B2,5878.5,326.3225000000002,0,0.0339776655994138,0.2226663610610589,53:226592:B2:130897,-1.1571549301896789,-1.4793094801223463,-1.0610288551234635,0,0,0,0,0
131045,53,high_20nA,20.0,226784,amp_ge_4500|s16_large_lowering|p02_broad_late,amp_ge_4500,s16_large_lowering,p02_broad_late,B2,4611.0,552.835,0,0.034786754397509,0.1036298805889103,53:226784:B2:131045,-1.816998580914716,-1.540374532276592,-1.3374167643037609,0,0,0,0,0
131058,53,high_20nA,20.0,226799,amp_ge_4500|s16_large_lowering|p02_broad_late,amp_ge_4500,s16_large_lowering,p02_broad_late,B2,6418.0,602.7299999999996,0,0.0399846616728575,0.2539864812005523,53:226799:B2:131058,-0.7152663377602109,-1.3050144480748829,-0.8199072765403309,0,0,0,0,0
131397,53,high_20nA,20.0,227215,amp_ge_4500|s16_large_lowering|p02_broad_late,amp_ge_4500,s16_large_lowering,p02_broad_late,B2,7707.0,297.39500000000044,0,0.037332983242155,0.307568293787831,53:227215:B2:131397,-0.35105202712394834,-1.3684616989358696,-0.7081536838601655,0,0,0,0,0
131738,53,high_20nA,20.0,227636,amp_ge_4500|s16_large_lowering|p02_broad_late,amp_ge_4500,s16_large_lowering,p02_broad_late,B2,5653.5,992.6975000000002,1,0.0398222727946157,0.2631623878588312,53:227636:B2:131738,-0.9023157601166933,-1.2087951874949143,-0.6505739675922075,0,0,0,0,0
131757,53,high_20nA,20.0,227659,amp_ge_4500|s16_large_lowering|p02_broad_late,amp_ge_4500,s16_large_lowering,p02_broad_late,B2,7006.5,692.4025000000001,0,0.2530028021558251,0.5114536501819739,53:227659:B2:131757,-0.0971556186771278,-0.011870572545198313,-0.04190477556629185,0,0,0,0,0
131849,53,high_20nA,20.0,227776,amp_ge_4500|s16_large_lowering|p02_broad_late,amp_ge_4500,s16_large_lowering,p02_broad_late,B2,6986.0,602.21,0,0.0316072973490606,0.1243100530659599,53:227776:B2:131849,-0.6664831487854428,-1.5143429471252106,-0.8892876343310567,0,0,0,0,0
132204,53,high_20nA,20.0,228223,amp_ge_4500|s16_large_lowering|p02_broad_late,amp_ge_4500,s16_large_lowering,p02_broad_late,B2,7836.5,6639.9525,1,0.3359587602413293,0.613730619536783,53:228223:B2:132204,0.9545327270671079,0.8284234144780873,0.9106602703662976,0,0,1,0,1
132348,53,high_20nA,20.0,228399,amp_ge_4500|s16_large_lowering|p02_broad_late,amp_ge_4500,s16_large_lowering,p02_broad_late,B2,6400.5,523.4925000000003,0,0.0381763349582304,0.1195590750722005,53:228399:B2:132348,-0.9427008449578971,-1.5125513267476225,-0.9934978783180023,0,0,0,0,0
132996,53,high_20nA,20.0,229230,amp_ge_4500|s16_large_lowering|p02_broad_late,amp_ge_4500,s16_large_lowering,p02_broad_late,B2,5875.0,319.875,0,0.0318079759973544,0.1533184229342919,53:229230:B2:132996,-1.2579401095508151,-1.5834116937023648,-1.143050152984303,0,0,0,0,0
133322,53,high_20nA,20.0,229641,amp_ge_4500|s16_large_lowering|p02_broad_late,amp_ge_4500,s16_large_lowering,p02_broad_late,B2,4630.5,433.0424999999996,0,0.0337426796502345,0.1249746736050689,53:229641:B2:133322,-1.8435448428120558,-1.5592944063348746,-1.3554506909292283,0,0,0,0,0
134189,53,high_20nA,20.0,230724,amp_ge_4500|s16_large_lowering|p02_broad_late,amp_ge_4500,s16_large_lowering,p02_broad_late,B2,5067.5,465.4875000000002,0,0.035273507445949,0.1349535113604164,53:230724:B2:134189,-1.5717630452551812,-1.5265894109019957,-1.2384375097758071,0,0,0,0,0
134332,53,high_20nA,20.0,230915,amp_ge_4500|s16_large_lowering|p02_broad_late,amp_ge_4500,s16_large_lowering,p02_broad_late,B2,5609.5,1066.3575,0,0.0575338377564948,0.1850826080799012,53:230915:B2:134332,-1.009037696834695,-1.2133834721314263,-0.8930553830923831,0,0,0,0,0
134570,53,high_20nA,20.0,231237,amp_ge_4500|s16_large_lowering|p02_broad_late,amp_ge_4500,s16_large_lowering,p02_broad_late,B2,7672.0,286.9200000000001,1,0.2733194639031843,0.5307612095933264,53:231237:B2:134570,-0.07104577839071066,-0.05613376265447889,0.14942642389664884,0,0,0,0,0
135347,53,high_20nA,20.0,232212,amp_ge_4500|s16_large_lowering|p02_broad_late,amp_ge_4500,s16_large_lowering,p02_broad_late,B2,7343.5,499.3474999999999,1,0.037259501085929,0.2831407085584116,53:232212:B2:135347,-0.3707265282584924,-1.3123349720007844,-0.4920567689785565,0,0,0,0,0
135536,53,high_20nA,20.0,232456,amp_ge_4500|s16_large_lowering|p02_broad_late,amp_ge_4500,s16_large_lowering,p02_broad_late,B2,4691.0,312.6350000000002,0,0.0308716245931348,0.1447397082462687,53:232456:B2:135536,-1.871225955571368,-1.6030165457366552,-1.384332812326515,0,0,0,0,0
135547,53,high_20nA,20.0,232472,amp_ge_4500|s16_large_lowering|p02_broad_late,amp_ge_4500,s16_large_lowering,p02_broad_late,B2,4570.5,566.9425000000001,0,0.0330732639784368,0.0895156211257088,53:232472:B2:135547,-1.8525541912392018,-1.5627455424454575,-1.3603237204979888,0,0,0,0,0
136685,53,high_20nA,20.0,233904,amp_ge_4500|s16_large_lowering|p02_broad_late,amp_ge_4500,s16_large_lowering,p02_broad_late,B2,4616.0,873.7600000000002,1,0.0348936089193629,0.1603052088611813,53:233904:B2:136685,-1.6126379174804315,-1.3881313244533189,-0.9958175649129579,0,0,0,0,0
136710,53,high_20nA,20.0,233937,amp_ge_4500|s16_large_lowering|p02_broad_late,amp_ge_4500,s16_large_lowering,p02_broad_late,B2,7626.0,311.6099999999997,0,0.0286676690925319,0.175738766648788,53:233937:B2:136710,-0.5445606760350974,-1.57400564873166,-0.8680154293606341,0,0,0,0,0
136821,53,high_20nA,20.0,234079,amp_ge_4500|s16_large_lowering|p02_broad_late,amp_ge_4500,s16_large_lowering,p02_broad_late,B2,6501.0,2498.485,1,0.0741307776078859,0.172884559730465,53:234079:B2:136821,-0.4028628840167778,-1.0058610869893219,-0.37554955246189076,0,0,0,0,0
137073,53,high_20nA,20.0,234393,amp_ge_4500|s16_large_lowering|p02_broad_late,amp_ge_4500,s16_large_lowering,p02_broad_late,B2,5722.0,818.1700000000001,0,0.2972525553161975,0.3862285914016078,53:234393:B2:137073,-0.7567933403242906,0.027860322828462895,-0.275880133735276,0,0,0,0,0
137127,53,high_20nA,20.0,234460,amp_ge_4500|s16_large_lowering|p02_broad_late,amp_ge_4500,s16_large_lowering,p02_broad_late,B2,7559.5,215.10750000000007,0,0.028724933893034,0.1768399658903695,53:234460:B2:137127,-0.6670890538423495,-1.635321834069694,-0.9403290107693643,0,0,0,0,0
137594,53,high_20nA,20.0,235048,amp_ge_4500|s16_large_lowering|p02_broad_late,amp_ge_4500,s16_large_lowering,p02_broad_late,B2,7995.5,6607.5675,0,0.3203672340811739,0.6435494965918329,53:235048:B2:137594,1.0466670844945027,0.807471685921357,0.736871600194881,0,0,1,0,1
137729,53,high_20nA,20.0,235203,amp_ge_4500|s16_large_lowering|p02_broad_late,amp_ge_4500,s16_large_lowering,p02_broad_late,B2,7727.0,203.09500000000023,0,0.0279064674267244,0.1737999525903142,53:235203:B2:137729,-0.6288351395259762,-1.6530308946505055,-0.9332303287730832,0,0,0,0,0
137750,53,high_20nA,20.0,235230,amp_ge_4500|s16_large_lowering|p02_broad_late,amp_ge_4500,s16_large_lowering,p02_broad_late,B2,5745.5,559.3175000000001,0,0.4334564321304937,1.0,53:235230:B2:137750,-0.019723066309700332,1.2619018723367526,0.52250402118375,0,1,0,0,1
137853,53,high_20nA,20.0,235363,amp_ge_4500|s16_large_lowering|p02_broad_late,amp_ge_4500,s16_large_lowering,p02_broad_late,B2,8274.0,253.89000000000036,1,0.325798207936341,0.5022963500120861,53:235363:B2:137853,0.0570530575085694,0.08865099998595916,0.25891358184735924,0,0,0,0,0
138688,53,high_20nA,20.0,236433,amp_ge_4500|s16_large_lowering|p02_broad_late,amp_ge_4500,s16_large_lowering,p02_broad_late,B2,6419.0,830.7150000000001,0,0.0480532897538524,0.2226364676953369,53:236433:B2:138688,-0.6697381365390717,-1.252314937110275,-0.7804727654711627,0,0,0,0,0
138963,53,high_20nA,20.0,236769,amp_ge_4500|s16_large_lowering|p02_broad_late,amp_ge_4500,s16_large_lowering,p02_broad_late,B2,6220.0,8099.7,0,0.4111626037204376,0.4967845659163987,53:236769:B2:138963,0.23941334558193292,0.9850077648218999,0.5046803325463325,0,0,0,0,0
139051,53,high_20nA,20.0,236875,amp_ge_4500|s16_large_lowering|p02_broad_late,amp_ge_4500,s16_large_lowering,p02_broad_late,B2,5855.5,1205.6674999999996,0,0.04017803499288,0.2976052533416147,53:236875:B2:139051,-0.7098135270744791,-1.1291438083393721,-0.7439695397908384,0,0,0,0,0
139830,53,high_20nA,20.0,237847,amp_ge_4500|s16_large_lowering|p02_broad_late,amp_ge_4500,s16_large_lowering,p02_broad_late,B2,6162.0,241.5699999999997,0,0.0429485103052306,0.2314559356255109,53:237847:B2:139830,-1.1025048819746606,-1.4757042661213629,-1.0387476469213435,0,0,0,0,0
139869,53,high_20nA,20.0,237894,amp_ge_4500|s16_large_lowering|p02_broad_late,amp_ge_4500,s16_large_lowering,p02_broad_late,B2,5919.0,363.21500000000015,0,0.0280752773474275,0.1421633949892271,53:237894:B2:139869,-1.218676111904982,-1.5944668428126914,-1.1327729965052236,0,0,0,0,0
140708,53,high_20nA,20.0,238937,amp_ge_4500|s16_large_lowering|p02_broad_late,amp_ge_4500,s16_large_lowering,p02_broad_late,B2,7079.5,261.3074999999999,0,0.0304849083287853,0.1928648697799319,53:238937:B2:140708,-0.7660727398973909,-1.5728349552164025,-0.9516983223518976,0,0,0,0,0
140936,53,high_20nA,20.0,239222,amp_ge_4500|s16_large_lowering|p02_broad_late,amp_ge_4500,s16_large_lowering,p02_broad_late,B2,8533.0,6609.005,0,0.2863963580431144,0.6192429391773117,53:239222:B2:140936,1.1860077402983482,0.6451524535758647,0.7216469718152355,1,0,1,1,2
140960,53,high_20nA,20.0,239250,amp_ge_4500|s16_large_lowering|p02_broad_late,amp_ge_4500,s16_large_lowering,p02_broad_late,B2,5543.5,1082.3475,0,0.0542445635287719,0.1955312910763363,53:239250:B2:140960,-1.0221608711093686,-1.2128859927592435,-0.8978332479804423,0,0,0,0,0
141428,53,high_20nA,20.0,239834,amp_ge_4500|s16_large_lowering|p02_broad_late,amp_ge_4500,s16_large_lowering,p02_broad_late,B2,8020.0,6650.7,0,0.3091579766640478,0.6457605985037407,53:239834:B2:141428,1.0595293385185705,0.7686890324254021,0.7254705422557257,0,0,1,0,1
141498,53,high_20nA,20.0,239921,amp_ge_4500|s16_large_lowering|p02_broad_late,amp_ge_4500,s16_large_lowering,p02_broad_late,B2,6860.0,404.1000000000004,0,0.0286686431570616,0.1472880555294938,53:239921:B2:141498,-0.792319652491753,-1.5667461188678018,-0.9591148378713428,0,0,0,0,0
142247,53,high_20nA,20.0,240870,amp_ge_4500|s16_large_lowering|p02_broad_late,amp_ge_4500,s16_large_lowering,p02_broad_late,B2,6649.0,1065.2650000000003,1,0.2438240326186095,0.4439765378252369,53:240870:B2:142247,-0.2094289772514239,-0.06302594095062442,0.09394609344519668,0,0,0,0,0
142437,53,high_20nA,20.0,241108,amp_ge_4500|s16_large_lowering|p02_broad_late,amp_ge_4500,s16_large_lowering,p02_broad_late,B2,5781.0,799.2849999999999,0,0.0484958586085762,0.2409189953894487,53:241108:B2:142437,-0.9325168531573776,-1.2330020881081212,-0.8722172812052144,0,0,0,0,0
142440,53,high_20nA,20.0,241114,amp_ge_4500|s16_large_lowering|p02_broad_late,amp_ge_4500,s16_large_lowering,p02_broad_late,B2,5964.5,403.03250000000025,0,0.0312831262217682,0.150540911790592,53:241114:B2:142440,-1.1587467591865925,-1.550233606921106,-1.0914218833977696,0,0,0,0,0
142704,53,high_20nA,20.0,241431,amp_ge_4500|s16_large_lowering|p02_broad_late,amp_ge_4500,s16_large_lowering,p02_broad_late,B2,7313.5,351.7974999999997,0,0.0381567039055607,0.2709926059279028,53:241431:B2:142704,-0.49342775748375733,-1.3834449430482103,-0.7685494239240761,0,0,0,0,0
143025,53,high_20nA,20.0,241829,amp_ge_4500|s16_large_lowering|p02_broad_late,amp_ge_4500,s16_large_lowering,p02_broad_late,B2,6032.0,255.52000000000044,0,0.0305294385439408,0.1814790124900407,53:241829:B2:143025,-1.2112280087993523,-1.5912314066971485,-1.1285838341565562,0,0,0,0,0
143710,53,high_20nA,20.0,242672,amp_ge_4500|s16_large_lowering|p02_broad_late,amp_ge_4500,s16_large_lowering,p02_broad_late,B2,7482.0,6646.77,0,0.3464987338924457,0.6893878642074311,53:242672:B2:143710,0.9346353832213359,0.9663916619043963,0.7610459436239541,0,0,1,0,1
144130,53,high_20nA,20.0,243193,amp_ge_4500|s16_large_lowering|p02_broad_late,amp_ge_4500,s16_large_lowering,p02_broad_late,B2,7768.0,6610.48,1,0.326454989163072,0.679582904222451,53:243193:B2:144130,1.0191360495051542,0.877474295683101,0.9558109029988611,0,0,1,0,1
144203,53,high_20nA,20.0,243288,amp_ge_4500|s16_large_lowering|p02_broad_late,amp_ge_4500,s16_large_lowering,p02_broad_late,B2,6802.0,2069.9700000000003,0,0.0614220969523878,0.1921325444277746,53:243288:B2:144203,-0.30845369317481036,-1.0726470439815052,-0.5677241618786601,0,0,0,0,0
144605,53,high_20nA,20.0,243786,amp_ge_4500|s16_large_lowering|p02_broad_late,amp_ge_4500,s16_large_lowering,p02_broad_late,B2,6935.5,1353.4674999999995,1,0.2438476228509131,0.3986013986013986,53:243786:B2:144605,-0.09381574854587103,-0.0810843870018127,0.1302945730118077,0,0,0,0,0
145173,54,high_20nA,20.0,244508,amp_ge_4500|s16_large_lowering|p02_broad_late,amp_ge_4500,s16_large_lowering,p02_broad_late,B2,9407.5,6613.3875,0,0.2624647999924608,0.5522721233058729,54:244508:B2:145173,1.3537836015065017,0.46398667525620707,0.7093121721800776,1,0,1,1,2
145420,54,high_20nA,20.0,244806,amp_ge_4500|s16_large_lowering|p02_broad_late,amp_ge_4500,s16_large_lowering,p02_broad_late,B2,6142.5,391.3624999999993,0,0.0303461174237059,0.1239602364955032,54:244806:B2:145420,-1.1248919544656513,-1.5943582620640624,-1.0970894127638537,0,0,0,0,0
145773,54,high_20nA,20.0,245267,amp_ge_4500|s16_large_lowering|p02_broad_late,amp_ge_4500,s16_large_lowering,p02_broad_late,B2,5993.5,562.5974999999999,0,0.0320269916661895,0.1018407355062167,54:245267:B2:145773,-1.1208498040742882,-1.5531141750458453,-1.0782308790674846,0,0,0,0,0
146072,54,high_20nA,20.0,245636,amp_ge_4500|s16_large_lowering|p02_broad_late,amp_ge_4500,s16_large_lowering,p02_broad_late,B2,5258.5,1554.6225000000004,1,0.035297262833194,0.3284975841842997,54:245636:B2:146072,-0.8831689329549239,-1.0692043278865846,-0.5846700122352366,0,0,0,0,0
146551,54,high_20nA,20.0,246254,amp_ge_4500|s16_large_lowering|p02_broad_late,amp_ge_4500,s16_large_lowering,p02_broad_late,B2,8367.5,797.9875000000002,0,0.2918307116898795,0.4224081266806095,54:246254:B2:146551,0.29084092936155925,0.04963350182677844,0.13136562392463946,0,0,0,0,0
147260,54,high_20nA,20.0,247154,amp_ge_4500|s16_large_lowering|p02_broad_late,amp_ge_4500,s16_large_lowering,p02_broad_late,B2,5948.0,525.7799999999997,0,0.0331635644496915,0.1725420951581981,54:247154:B2:147260,-1.0638604997499128,-1.4671979879257884,-1.020490144833798,0,0,0,0,0
147310,54,high_20nA,20.0,247215,amp_ge_4500|s16_large_lowering|p02_broad_late,amp_ge_4500,s16_large_lowering,p02_broad_late,B2,6576.0,1532.3599999999997,0,0.0552209357749292,0.199266093420101,54:247215:B2:147310,-0.4703091910937971,-1.1440763936103384,-0.659229577931985,0,0,0,0,0
147568,54,high_20nA,20.0,247544,amp_ge_4500|s16_large_lowering|p02_broad_late,amp_ge_4500,s16_large_lowering,p02_broad_late,B2,6497.0,922.545,0,0.0367850735221779,0.3371990785458428,54:247544:B2:147568,-0.4542573557859322,-1.1397030444683744,-0.6512930738753715,0,0,0,0,0
147788,54,high_20nA,20.0,247824,amp_ge_4500|s16_large_lowering|p02_broad_late,amp_ge_4500,s16_large_lowering,p02_broad_late,B2,5828.5,989.0725000000002,0,0.0702416025257701,0.1270543375204844,54:247824:B2:147788,-1.0067086732106179,-1.2417462795135312,-0.904082733215718,0,0,0,0,0
148648,54,high_20nA,20.0,248928,amp_ge_4500|s16_large_lowering|p02_broad_late,amp_ge_4500,s16_large_lowering,p02_broad_late,B2,5951.0,698.7350000000006,0,0.1855036269943781,0.4007729793312048,54:248928:B2:148648,-0.6763490672806295,-0.43201159528780403,-0.4384575155875169,0,0,0,0,0
148948,54,high_20nA,20.0,249294,amp_ge_4500|s16_large_lowering|p02_broad_late,amp_ge_4500,s16_large_lowering,p02_broad_late,B2,6864.0,658.04,0,0.0402712731622201,0.1145269633629329,54:249294:B2:148948,-0.7021471439424148,-1.4699969919048934,-0.8842146512981728,0,0,0,0,0
149693,54,high_20nA,20.0,250257,amp_ge_4500|s16_large_lowering|p02_broad_late,amp_ge_4500,s16_large_lowering,p02_broad_late,B2,5266.0,346.0100000000002,0,0.0345789878685782,0.2279380767826074,54:250257:B2:149693,-1.425187652459878,-1.4595670626191155,-1.1545894742347822,0,0,0,0,0
149703,54,high_20nA,20.0,250269,amp_ge_4500|s16_large_lowering|p02_broad_late,amp_ge_4500,s16_large_lowering,p02_broad_late,B2,4530.5,359.5424999999996,0,0.0393541820735202,0.1657267035453737,54:250269:B2:149703,-1.8968791510412344,-1.5108249133204987,-1.3553605409902785,0,0,0,0,0
149911,54,high_20nA,20.0,250542,amp_ge_4500|s16_large_lowering|p02_broad_late,amp_ge_4500,s16_large_lowering,p02_broad_late,B2,5511.0,595.335,0,0.032790759531712,0.1363533306497328,54:250542:B2:149911,-1.280816888287565,-1.4948893484334536,-1.114563943891325,0,0,0,0,0
149915,54,high_20nA,20.0,250547,amp_ge_4500|s16_large_lowering|p02_broad_late,amp_ge_4500,s16_large_lowering,p02_broad_late,B2,4734.5,262.4825000000001,0,0.0344509326258986,0.1772963950897941,54:250547:B2:149915,-1.8503762249488105,-1.573045140480331,-1.363821924482287,0,0,0,0,0
150379,54,high_20nA,20.0,251130,amp_ge_4500|s16_large_lowering|p02_broad_late,amp_ge_4500,s16_large_lowering,p02_broad_late,B2,8777.0,6621.345,0,0.3756405608161953,1.0,54:251130:B2:150379,1.7759917111705028,1.4770149413301117,1.2952231256034379,1,1,1,1,3
151535,54,high_20nA,20.0,252596,amp_ge_4500|s16_large_lowering|p02_broad_late,amp_ge_4500,s16_large_lowering,p02_broad_late,B2,5110.5,328.84250000000065,0,0.0285655627453871,0.1024911501141984,54:252596:B2:151535,-1.6879845430887843,-1.6605818011302287,-1.3388784828484341,0,0,0,0,0
151567,54,high_20nA,20.0,252638,amp_ge_4500|s16_large_lowering|p02_broad_late,amp_ge_4500,s16_large_lowering,p02_broad_late,B2,8442.0,387.3699999999999,0,0.2596873958557898,0.4750059227671168,54:252638:B2:151567,0.18836903517239756,-0.13153003796493357,0.016337617420238974,0,0,0,0,0
152844,54,high_20nA,20.0,254242,amp_ge_4500|s16_large_lowering|p02_broad_late,amp_ge_4500,s16_large_lowering,p02_broad_late,B2,7650.0,6642.25,0,0.3462502798069118,0.6176470588235294,54:254242:B2:152844,0.8961921655324576,0.8720700996335355,0.7068224647484188,0,0,1,0,1
152911,54,high_20nA,20.0,254325,amp_ge_4500|s16_large_lowering|p02_broad_late,amp_ge_4500,s16_large_lowering,p02_broad_late,B2,6764.0,207.54000000000087,0,0.0355312354921298,0.2815331231763779,54:254325:B2:152911,-0.8294519075252724,-1.4722015428288453,-0.9335163728477185,0,0,0,0,0
153121,54,high_20nA,20.0,254582,amp_ge_4500|s16_large_lowering|p02_broad_late,amp_ge_4500,s16_large_lowering,p02_broad_late,B2,6354.5,259.1825000000008,0,0.0347255170002581,0.2486782972810993,54:254582:B2:153121,-0.9786794303032779,-1.4810524063518922,-0.9939401941830404,0,0,0,0,0
153473,54,high_20nA,20.0,255038,amp_ge_4500|s16_large_lowering|p02_broad_late,amp_ge_4500,s16_large_lowering,p02_broad_late,B2,4580.0,397.3000000000002,0,0.0405392198983755,0.1589190812736221,54:255038:B2:153473,-1.85012998919705,-1.4969569917889656,-1.3317713324462446,0,0,0,0,0
153759,54,high_20nA,20.0,255410,amp_ge_4500|s16_large_lowering|p02_broad_late,amp_ge_4500,s16_large_lowering,p02_broad_late,B2,5545.5,519.3174999999992,0,0.0525473900014074,0.2292576138369962,54:255410:B2:153759,-1.1759247613052286,-1.3023187798761309,-0.9938252968439618,0,0,0,0,0
154396,54,high_20nA,20.0,256212,amp_ge_4500|s16_large_lowering|p02_broad_late,amp_ge_4500,s16_large_lowering,p02_broad_late,B2,7768.5,260.97249999999985,0,0.0373526630584851,0.2990599705299872,54:256212:B2:154396,-0.37708641978255164,-1.4016536881488464,-0.7319873885398851,0,0,0,0,0
154716,54,high_20nA,20.0,256614,amp_ge_4500|s16_large_lowering|p02_broad_late,amp_ge_4500,s16_large_lowering,p02_broad_late,B2,6174.5,8052.8825,0,0.4401352070789678,0.5141306988420115,54:256614:B2:154716,0.24186064244436972,1.1085203371402659,0.5574855857277722,0,1,0,0,1
155003,54,high_20nA,20.0,256961,amp_ge_4500|s16_large_lowering|p02_broad_late,amp_ge_4500,s16_large_lowering,p02_broad_late,B2,5932.5,204.51250000000076,0,0.0269247982916023,0.1402315776975858,54:256961:B2:155003,-1.371570461116996,-1.7002889882025058,-1.235318150269511,0,0,0,0,0
155027,54,high_20nA,20.0,256988,amp_ge_4500|s16_large_lowering|p02_broad_late,amp_ge_4500,s16_large_lowering,p02_broad_late,B2,9500.5,6631.9925,0,0.2961717794970347,0.6846481764117678,54:256988:B2:155027,1.5595841956577252,0.7687628072160786,0.9155223733806885,1,0,1,1,2
155184,54,high_20nA,20.0,257190,amp_ge_4500|s16_large_lowering|p02_broad_late,amp_ge_4500,s16_large_lowering,p02_broad_late,B2,7341.0,386.8850000000002,0,0.0377380800025004,0.2767523224104069,54:257190:B2:155184,-0.44980977484293805,-1.3617922108874527,-0.7428804430130467,0,0,0,0,0
155278,54,high_20nA,20.0,257305,amp_ge_4500|s16_large_lowering|p02_broad_late,amp_ge_4500,s16_large_lowering,p02_broad_late,B2,5040.0,1436.3999999999996,0,0.2472266620125416,0.4902777777777777,54:257305:B2:155278,-0.7982773163244933,0.061870832759267386,-0.27735963044441514,0,0,0,0,0
155466,54,high_20nA,20.0,257541,amp_ge_4500|s16_large_lowering|p02_broad_late,amp_ge_4500,s16_large_lowering,p02_broad_late,B2,6220.0,389.7000000000007,0,0.0371866132480659,0.249404423224876,54:257541:B2:155466,-0.9232474116032399,-1.3987828047442596,-0.9383227944018202,0,0,0,0,0
156112,54,high_20nA,20.0,258369,amp_ge_4500|s16_large_lowering|p02_broad_late,amp_ge_4500,s16_large_lowering,p02_broad_late,B2,8548.0,212.77999999999972,0,0.0267297856347092,0.1653230351417979,54:258369:B2:156112,-0.3604577097501818,-1.6618835707225572,-0.834965029408543,0,0,0,0,0
156188,54,high_20nA,20.0,258457,amp_ge_4500|s16_large_lowering|p02_broad_late,amp_ge_4500,s16_large_lowering,p02_broad_late,B2,5805.5,297.4174999999996,0,0.0363715602702546,0.2706010408787777,54:258457:B2:156188,-1.1506510424532543,-1.4211662943067878,-1.0341372397410875,0,0,0,0,0
156476,54,high_20nA,20.0,258820,amp_ge_4500|s16_large_lowering|p02_broad_late,amp_ge_4500,s16_large_lowering,p02_broad_late,B2,6974.5,935.8824999999996,0,0.2805510451318703,0.4626138074413936,54:258820:B2:156476,-0.09310543139343339,0.08509841601262796,0.00036127079579905547,0,0,0,0,0
156684,54,high_20nA,20.0,259085,amp_ge_4500|s16_large_lowering|p02_broad_late,amp_ge_4500,s16_large_lowering,p02_broad_late,B2,6116.0,352.2600000000002,0,0.038963672027986,0.2927031946676164,54:259085:B2:156684,-0.9368262523323854,-1.3510947125281614,-0.9234537551481342,0,0,0,0,0
156987,54,high_20nA,20.0,259472,amp_ge_4500|s16_large_lowering|p02_broad_late,amp_ge_4500,s16_large_lowering,p02_broad_late,B2,7380.5,259.7924999999996,0,0.02943460422636,0.1872941460807481,54:259472:B2:156987,-0.6650184633772491,-1.5861825375993186,-0.9189036818750684,0,0,0,0,0
157023,54,high_20nA,20.0,259518,amp_ge_4500|s16_large_lowering|p02_broad_late,amp_ge_4500,s16_large_lowering,p02_broad_late,B2,6160.5,450.0925000000007,0,0.0463539963898096,0.2299707886066797,54:259518:B2:157023,-0.9356966403088832,-1.3553693889378158,-0.9248198666712583,0,0,0,0,0
157068,54,high_20nA,20.0,259572,amp_ge_4500|s16_large_lowering|p02_broad_late,amp_ge_4500,s16_large_lowering,p02_broad_late,B2,7379.5,253.8074999999999,0,0.0378103386378746,0.3069087160343762,54:259572:B2:157068,-0.5099708991850241,-1.3939701047591537,-0.7792563856891537,0,0,0,0,0
157237,54,high_20nA,20.0,259777,amp_ge_4500|s16_large_lowering|p02_broad_late,amp_ge_4500,s16_large_lowering,p02_broad_late,B2,6340.0,371.8999999999997,0,0.0389288428077486,0.2394480938687725,54:259777:B2:157237,-0.8988892135380124,-1.4112698251402715,-0.9343112277033587,0,0,0,0,0
157258,54,high_20nA,20.0,259808,amp_ge_4500|s16_large_lowering|p02_broad_late,amp_ge_4500,s16_large_lowering,p02_broad_late,B2,6189.5,357.65750000000025,0,0.0295473844438189,0.1310025195490385,54:259808:B2:157258,-1.1197357166218216,-1.6044258523089485,-1.0993584302860504,0,0,0,0,0
157459,54,high_20nA,20.0,260055,amp_ge_4500|s16_large_lowering|p02_broad_late,amp_ge_4500,s16_large_lowering,p02_broad_late,B2,5869.0,1877.965,1,0.0554586130289346,0.2296823171637442,54:260055:B2:157459,-0.6745996558038203,-1.0686975525804367,-0.5052008412892353,0,0,0,0,0
157562,54,high_20nA,20.0,260191,amp_ge_4500|s16_large_lowering|p02_broad_late,amp_ge_4500,s16_large_lowering,p02_broad_late,B2,5424.5,1100.1324999999997,0,0.3028845251632758,0.5289888468983316,54:260191:B2:157562,-0.624211628835416,0.28571317324497214,-0.11720088619456978,0,0,0,0,0
158219,54,high_20nA,20.0,261004,amp_ge_4500|s16_large_lowering|p02_broad_late,amp_ge_4500,s16_large_lowering,p02_broad_late,B2,5019.5,234.20750000000044,0,0.0319622462430797,0.1068349456533074,54:261004:B2:158219,-1.8220128986320812,-1.6961245345693188,-1.4047372059993046,0,0,0,0,0
158431,54,high_20nA,20.0,261262,amp_ge_4500|s16_large_lowering|p02_broad_late,amp_ge_4500,s16_large_lowering,p02_broad_late,B2,4721.0,1775.1850000000004,0,0.0568221764980113,0.2622979218789873,54:261262:B2:158431,-1.2217434639425486,-1.029416812741225,-0.896617577649483,0,0,0,0,0
158654,54,high_20nA,20.0,261540,amp_ge_4500|s16_large_lowering|p02_broad_late,amp_ge_4500,s16_large_lowering,p02_broad_late,B2,5293.5,774.0974999999999,0,0.0443252421446543,0.0634803491571743,54:261540:B2:158654,-1.4142764688360958,-1.48916662658077,-1.1628750413216398,0,0,0,0,0
159012,54,high_20nA,20.0,261978,amp_ge_4500|s16_large_lowering|p02_broad_late,amp_ge_4500,s16_large_lowering,p02_broad_late,B2,5228.0,381.5799999999999,0,0.2184644859053529,0.5256312165263963,54:261978:B2:159012,-1.0151399972132746,-0.2351750073442944,-0.484526702025648,0,0,0,0,0
159253,54,high_20nA,20.0,262280,amp_ge_4500|s16_large_lowering|p02_broad_late,amp_ge_4500,s16_large_lowering,p02_broad_late,B2,8030.0,1008.5500000000002,0,0.0326402456727588,0.3104966587880531,54:262280:B2:159253,0.09447020464036227,-1.17931570831176,-0.45941391972760154,0,0,0,0,0
159410,54,high_20nA,20.0,262475,amp_ge_4500|s16_large_lowering|p02_broad_late,amp_ge_4500,s16_large_lowering,p02_broad_late,B2,7161.5,303.0775000000003,0,0.0364909098419858,0.3005858616308045,54:262475:B2:159410,-0.5495746944332697,-1.3783936790385938,-0.7877637290808519,0,0,0,0,0
159466,54,high_20nA,20.0,262550,amp_ge_4500|s16_large_lowering|p02_broad_late,amp_ge_4500,s16_large_lowering,p02_broad_late,B2,7602.5,580.4624999999996,0,0.0383640517416761,0.1258753303997621,54:262550:B2:159466,-0.45063673282891464,-1.485827710964466,-0.7952895970800633,0,0,0,0,0
159749,54,high_20nA,20.0,262916,amp_ge_4500|s16_large_lowering|p02_broad_late,amp_ge_4500,s16_large_lowering,p02_broad_late,B2,6972.0,7635.42,1,0.3605036054571718,0.5316982214572576,54:262916:B2:159749,0.5724791888597831,0.8369341308384876,0.7690544267188824,0,0,1,0,1
159876,54,high_20nA,20.0,263069,amp_ge_4500|s16_large_lowering|p02_broad_late,amp_ge_4500,s16_large_lowering,p02_broad_late,B2,6537.5,715.4375,1,0.2676934158921195,0.5278011472275335,54:263069:B2:159876,-0.2494370963763934,0.07343565504982008,0.13605687849789494,0,0,0,0,0
159946,54,high_20nA,20.0,263155,amp_ge_4500|s16_large_lowering|p02_broad_late,amp_ge_4500,s16_large_lowering,p02_broad_late,B2,7598.5,6644.5225,0,0.3601050217534955,0.7050733697440285,54:263155:B2:159946,0.996634630166238,1.0371644231890316,0.8143302172025637,0,0,1,0,1
160584,54,high_20nA,20.0,263927,amp_ge_4500|s16_large_lowering|p02_broad_late,amp_ge_4500,s16_large_lowering,p02_broad_late,B2,4884.5,232.23250000000007,1,0.3762919726432632,0.7309857713174327,54:263927:B2:160584,-1.0524443458723947,0.5583437835340204,0.0345755376527786,0,0,0,0,0
161050,54,high_20nA,20.0,264514,amp_ge_4500|s16_large_lowering|p02_broad_late,amp_ge_4500,s16_large_lowering,p02_broad_late,B2,5344.0,252.84000000000012,0,0.0354359783981289,0.2637693210062262,54:264514:B2:161050,-1.4232355629333853,-1.4622006934651954,-1.1549538051700683,0,0,0,0,0
161768,54,high_20nA,20.0,265430,amp_ge_4500|s16_large_lowering|p02_broad_late,amp_ge_4500,s16_large_lowering,p02_broad_late,B2,6484.5,324.2325000000001,0,0.0291360469664553,0.1412834247808328,54:265430:B2:161768,-1.009364673020408,-1.609764211048084,-1.0596595443879504,0,0,0,0,0
161778,54,high_20nA,20.0,265441,amp_ge_4500|s16_large_lowering|p02_broad_late,amp_ge_4500,s16_large_lowering,p02_broad_late,B2,6043.5,1143.8475,0,0.2476459874319969,0.4825845950194424,54:265441:B2:161778,-0.39042974035993927,0.014703874877465065,-0.14218767388824158,0,0,0,0,0
161895,54,high_20nA,20.0,265581,amp_ge_4500|s16_large_lowering|p02_broad_late,amp_ge_4500,s16_large_lowering,p02_broad_late,B2,8353.5,6621.1975,0,0.3469016050370609,0.8516789369725265,54:265581:B2:161895,1.4445672863102605,1.1782505034503092,1.0438007802470288,1,1,1,1,3
161922,54,high_20nA,20.0,265614,amp_ge_4500|s16_large_lowering|p02_broad_late,amp_ge_4500,s16_large_lowering,p02_broad_late,B2,8798.0,6784.03,0,0.2855152576260713,0.563196180950216,54:265614:B2:161922,1.1982796372021998,0.5733032526054027,0.696133628231105,1,0,0,0,1
162307,54,high_20nA,20.0,266093,amp_ge_4500|s16_large_lowering|p02_broad_late,amp_ge_4500,s16_large_lowering,p02_broad_late,B2,6679.0,241.8149999999996,0,0.0298761321565184,0.1838528993836082,54:266093:B2:162307,-0.9534333289045442,-1.6006997482981635,-1.0345985592689555,0,0,0,0,0
162338,54,high_20nA,20.0,266134,amp_ge_4500|s16_large_lowering|p02_broad_late,amp_ge_4500,s16_large_lowering,p02_broad_late,B2,7384.0,295.2399999999998,0,0.0275362291126003,0.1402888444785869,54:266134:B2:162338,-0.6925143254256645,-1.6348019158380604,-0.9497722483137379,0,0,0,0,0
162353,54,high_20nA,20.0,266154,amp_ge_4500|s16_large_lowering|p02_broad_late,amp_ge_4500,s16_large_lowering,p02_broad_late,B2,4840.5,385.8924999999999,1,0.0470559830267502,0.152687549971395,54:266154:B2:162353,-1.720137322580646,-1.478701493126778,-1.074706809693892,0,0,0,0,0
162541,54,high_20nA,20.0,266389,amp_ge_4500|s16_large_lowering|p02_broad_late,amp_ge_4500,s16_large_lowering,p02_broad_late,B2,4922.0,975.17,0,0.0543414892655143,0.0575659590679163,54:266389:B2:162541,-1.551787109585327,-1.4095967157129605,-1.1817097222418678,0,0,0,0,0
163174,54,high_20nA,20.0,267187,amp_ge_4500|s16_large_lowering|p02_broad_late,amp_ge_4500,s16_large_lowering,p02_broad_late,B2,9172.0,6774.42,0,0.2996202809256113,0.5243131269079808,54:267187:B2:163174,1.255466675946727,0.5772454251183003,0.7195204154094424,1,0,1,1,2
163318,54,high_20nA,20.0,267361,amp_ge_4500|s16_large_lowering|p02_broad_late,amp_ge_4500,s16_large_lowering,p02_broad_late,B2,5523.5,210.64750000000004,0,0.0308197405324751,0.1643405070867027,54:267361:B2:163318,-1.5199333832163098,-1.6449297368358444,-1.2684451750932524,0,0,0,0,0
163330,54,high_20nA,20.0,267378,amp_ge_4500|s16_large_lowering|p02_broad_late,amp_ge_4500,s16_large_lowering,p02_broad_late,B2,5964.0,1098.54,0,0.0335868937711743,0.3237831572173358,54:267378:B2:163330,-0.6512331599736001,-1.1428661574330177,-0.7274723869118355,0,0,0,0,0
164394,54,high_20nA,20.0,268739,amp_ge_4500|s16_large_lowering|p02_broad_late,amp_ge_4500,s16_large_lowering,p02_broad_late,B2,6058.0,1764.13,1,0.048913666044771,0.2791040517033192,54:268739:B2:164394,-0.5409808936030378,-1.046310933949649,-0.44502333182800696,0,0,0,0,0
164465,54,high_20nA,20.0,268829,amp_ge_4500|s16_large_lowering|p02_broad_late,amp_ge_4500,s16_large_lowering,p02_broad_late,B2,8276.0,393.8599999999997,1,0.2590836360637746,0.4610923151280812,54:268829:B2:164465,0.12153458614186899,-0.14919651498880637,0.18352060643861154,0,0,0,0,0
164634,54,high_20nA,20.0,269052,amp_ge_4500|s16_large_lowering|p02_broad_late,amp_ge_4500,s16_large_lowering,p02_broad_late,B2,7008.5,995.3725000000004,1,0.3325479798735409,0.8123706927302561,54:269052:B2:164634,0.4095339021813251,0.7500373932735273,0.6706385880037851,0,0,0,0,0
165928,54,high_20nA,20.0,270673,amp_ge_4500|s16_large_lowering|p02_broad_late,amp_ge_4500,s16_large_lowering,p02_broad_late,B2,5468.0,277.9799999999996,0,0.2159963835460166,0.4705559619604974,54:270673:B2:165928,-1.0571246183685472,-0.3708706701886556,-0.5574730364592833,0,0,0,0,0
166310,54,high_20nA,20.0,271155,amp_ge_4500|s16_large_lowering|p02_broad_late,amp_ge_4500,s16_large_lowering,p02_broad_late,B2,4642.5,671.8625000000002,0,0.2089548947302911,0.4627894453419494,54:271155:B2:166310,-1.2601391677935332,-0.2597978664945194,-0.5879679876892407,0,0,0,0,0
167392,54,high_20nA,20.0,272555,amp_ge_4500|s16_large_lowering|p02_broad_late,amp_ge_4500,s16_large_lowering,p02_broad_late,B2,7257.5,203.63749999999985,0,0.0284293204548906,0.1751573134860528,54:272555:B2:167392,-0.7921331262434785,-1.648261852248076,-0.9932805659167139,0,0,0,0,0
167771,54,high_20nA,20.0,273016,amp_ge_4500|s16_large_lowering|p02_broad_late,amp_ge_4500,s16_large_lowering,p02_broad_late,B2,5817.0,487.7449999999999,0,0.0304748424753741,0.1417130337990394,54:273016:B2:167771,-1.184942561891747,-1.5331489097036806,-1.0942007155944098,0,0,0,0,0
168065,54,high_20nA,20.0,273388,amp_ge_4500|s16_large_lowering|p02_broad_late,amp_ge_4500,s16_large_lowering,p02_broad_late,B2,5866.0,337.0100000000002,0,0.2220152956765058,0.4890896692806,54:273388:B2:168065,-0.79374175636578,-0.2892362789006917,-0.42310110455728694,0,0,0,0,0
168074,54,high_20nA,20.0,273398,amp_ge_4500|s16_large_lowering|p02_broad_late,amp_ge_4500,s16_large_lowering,p02_broad_late,B2,5793.0,293.1049999999996,0,0.0281212892925612,0.1390426957278106,54:273398:B2:168074,-1.3382288782167597,-1.6348016336400102,-1.1951436598511729,0,0,0,0,0
168271,54,high_20nA,20.0,273651,amp_ge_4500|s16_large_lowering|p02_broad_late,amp_ge_4500,s16_large_lowering,p02_broad_late,B2,9232.0,6616.52,0,0.283618737210528,0.6183925476603119,54:273651:B2:168271,1.3934962081394864,0.633397551408504,0.7955555306845764,1,0,1,1,2
168595,54,high_20nA,20.0,274055,amp_ge_4500|s16_large_lowering|p02_broad_late,amp_ge_4500,s16_large_lowering,p02_broad_late,B2,5243.0,1542.3549999999996,0,0.0268070385137986,0.2123297094699755,54:274055:B2:168595,-1.0502287697700354,-1.2629088673975737,-0.9295086568195945,0,0,0,0,0
168970,54,high_20nA,20.0,274528,amp_ge_4500|s16_large_lowering|p02_broad_late,amp_ge_4500,s16_large_lowering,p02_broad_late,B2,5936.0,341.96000000000004,0,0.0289899859710739,0.1518059748228238,54:274528:B2:168970,-1.2144738528190022,-1.5877336295887678,-1.1283481884985034,0,0,0,0,0
169014,54,high_20nA,20.0,274580,amp_ge_4500|s16_large_lowering|p02_broad_late,amp_ge_4500,s16_large_lowering,p02_broad_late,B2,6124.0,1727.1400000000003,0,0.0685185595103911,0.201074291498959,54:274580:B2:169014,-0.6236116750649936,-1.0584896688932712,-0.6815380974598715,0,0,0,0,0
169139,54,high_20nA,20.0,274755,amp_ge_4500|s16_large_lowering|p02_broad_late,amp_ge_4500,s16_large_lowering,p02_broad_late,B2,7928.0,6624.08,0,0.3217198316918643,0.6692734611503531,54:274755:B2:169139,1.0597014855711124,0.8464810567310126,0.758208608344048,0,0,1,0,1
169914,54,high_20nA,20.0,275758,amp_ge_4500|s16_large_lowering|p02_broad_late,amp_ge_4500,s16_large_lowering,p02_broad_late,B2,6840.5,514.8924999999999,0,0.0387803079224874,0.1470624870744007,54:275758:B2:169914,-0.7341171722187396,-1.4766954993932042,-0.8991766351882668,0,0,0,0,0
170069,54,high_20nA,20.0,275956,amp_ge_4500|s16_large_lowering|p02_broad_late,amp_ge_4500,s16_large_lowering,p02_broad_late,B2,9002.0,6617.97,1,0.2692974793168615,0.5880915352143968,54:275956:B2:170069,1.285827075471691,0.5377547292514508,0.9144712749648518,1,0,1,1,2
170205,54,high_20nA,20.0,276123,amp_ge_4500|s16_large_lowering|p02_broad_late,amp_ge_4500,s16_large_lowering,p02_broad_late,B2,6032.0,958.5200000000004,0,0.0540566999803741,0.2175885019436191,54:276123:B2:170205,-0.8020455052432671,-1.2058223541733573,-0.8112226807452515,0,0,0,0,0
170506,54,high_20nA,20.0,276494,amp_ge_4500|s16_large_lowering|p02_broad_late,amp_ge_4500,s16_large_lowering,p02_broad_late,B2,6682.0,345.77000000000044,1,0.0375067367000953,0.3191553480954068,54:276494:B2:170506,-0.671941351500694,-1.3269057569272862,-0.612638131479724,0,0,0,0,0
171676,54,high_20nA,20.0,277982,amp_ge_4500|s16_large_lowering|p02_broad_late,amp_ge_4500,s16_large_lowering,p02_broad_late,B2,6729.5,480.5574999999999,0,0.0299751476770953,0.1300677116688215,54:277982:B2:171676,-0.8191973601346672,-1.5532529388016945,-0.9636612311478852,0,0,0,0,0
172298,54,high_20nA,20.0,278763,amp_ge_4500|s16_large_lowering|p02_broad_late,amp_ge_4500,s16_large_lowering,p02_broad_late,B2,6767.5,1930.9875,0,0.0543919693091441,0.2316429591555628,54:278763:B2:172298,-0.28745559075714955,-1.0664694686916463,-0.5571503013382082,0,0,0,0,0
173408,54,high_20nA,20.0,280126,amp_ge_4500|s16_large_lowering|p02_broad_late,amp_ge_4500,s16_large_lowering,p02_broad_late,B2,7998.5,379.5225,0,0.3287441533507893,0.553916359317372,54:280126:B2:173408,0.14671113741937644,0.23531370263164622,0.15458198732465445,0,0,0,0,0
173651,54,high_20nA,20.0,280446,amp_ge_4500|s16_large_lowering|p02_broad_late,amp_ge_4500,s16_large_lowering,p02_broad_late,B2,5690.0,332.64999999999964,0,0.2812665549930693,0.5710017574692443,54:280446:B2:173651,-0.7671210851619737,0.05256548081715798,-0.2694285104183437,0,0,0,0,0
173750,54,high_20nA,20.0,280577,amp_ge_4500|s16_large_lowering|p02_broad_late,amp_ge_4500,s16_large_lowering,p02_broad_late,B2,6250.5,705.7425000000003,0,0.0356729186622141,0.2977899854713056,54:280577:B2:173750,-0.6829698740343624,-1.2420051874634304,-0.7811707308676984,0,0,0,0,0
173845,54,high_20nA,20.0,280694,amp_ge_4500|s16_large_lowering|p02_broad_late,amp_ge_4500,s16_large_lowering,p02_broad_late,B2,8435.5,6632.9675,0,0.2989290113396861,0.6476794499436903,54:280694:B2:173845,1.1950421241350235,0.7313794910744456,0.7612953934225761,1,0,1,1,2
173928,54,high_20nA,20.0,280793,amp_ge_4500|s16_large_lowering|p02_broad_late,amp_ge_4500,s16_large_lowering,p02_broad_late,B2,9181.5,6671.7775,0,0.2723719675963229,0.5459347601154495,54:280793:B2:173928,1.2832737592401422,0.496459281795962,0.6961569268655581,1,0,0,0,1
174039,54,high_20nA,20.0,280930,amp_ge_4500|s16_large_lowering|p02_broad_late,amp_ge_4500,s16_large_lowering,p02_broad_late,B2,6115.0,2774.275,0,0.090397172317321,0.1710331989656396,54:280930:B2:174039,-0.5387309208515072,-0.9150023831146978,-0.5890187508317458,0,0,0,0,0
174622,55,high_20nA,20.0,281727,amp_ge_4500|s16_large_lowering|p02_broad_late,amp_ge_4500,s16_large_lowering,p02_broad_late,B2,7720.5,995.6925,1,0.266480516225923,0.4352697364160352,55:281727:B2:174622,0.15569380385360376,0.00468555260542344,0.2611315775586473,0,0,0,0,0
174740,55,high_20nA,20.0,281884,amp_ge_4500|s16_large_lowering|p02_broad_late,amp_ge_4500,s16_large_lowering,p02_broad_late,B2,7417.5,533.2374999999993,0,0.036305678731322,0.2573590803227916,55:281884:B2:174740,-0.36115856056050283,-1.3392833405316615,-0.699739256036289,0,0,0,0,0
174889,55,high_20nA,20.0,282109,amp_ge_4500|s16_large_lowering|p02_broad_late,amp_ge_4500,s16_large_lowering,p02_broad_late,B2,5204.5,413.4325000000008,0,0.0290439759565232,0.0920194586175728,55:282109:B2:174889,-1.5915626746738853,-1.6328897656908716,-1.2906075179662424,0,0,0,0,0
175103,55,high_20nA,20.0,282413,amp_ge_4500|s16_large_lowering|p02_broad_late,amp_ge_4500,s16_large_lowering,p02_broad_late,B2,8024.0,7032.64,0,0.3225837038982753,0.5514705882352942,55:282413:B2:175103,0.9485965275848904,0.7068038469205189,0.6573242961888763,0,0,0,0,0
175304,55,high_20nA,20.0,282706,amp_ge_4500|s16_large_lowering|p02_broad_late,amp_ge_4500,s16_large_lowering,p02_broad_late,B2,8900.5,6615.9925,0,0.2911215022831625,0.6357508005168249,55:282706:B2:175304,1.3201890272719923,0.6851890690805753,0.7894512393771986,1,0,1,1,2
175320,55,high_20nA,20.0,282728,amp_ge_4500|s16_large_lowering|p02_broad_late,amp_ge_4500,s16_large_lowering,p02_broad_late,B2,5417.5,263.2375000000002,0,0.0314456789625991,0.1497955917957843,55:282728:B2:175320,-1.5302489736705542,-1.622908684615481,-1.2631162575333126,0,0,0,0,0
175341,55,high_20nA,20.0,282757,amp_ge_4500|s16_large_lowering|p02_broad_late,amp_ge_4500,s16_large_lowering,p02_broad_late,B2,8994.5,6630.5825,0,0.2676335306757247,0.6438934904663961,55:282757:B2:175341,1.3595994417481436,0.604054888533188,0.7703508410482335,1,0,1,1,2
175522,55,high_20nA,20.0,283009,amp_ge_4500|s16_large_lowering|p02_broad_late,amp_ge_4500,s16_large_lowering,p02_broad_late,B2,7759.5,6619.1075,1,0.326740216687421,0.6566789097235647,55:283009:B2:175522,0.9856236972781629,0.848994959207337,0.9311148878327835,0,0,1,0,1
175736,55,high_20nA,20.0,283302,amp_ge_4500|s16_large_lowering|p02_broad_late,amp_ge_4500,s16_large_lowering,p02_broad_late,B2,8686.5,6589.2025,0,0.2973008165744125,0.6403614804581822,55:283302:B2:175736,1.260920280600726,0.7144425135077216,0.7792155623015189,1,0,1,1,2
175836,55,high_20nA,20.0,283448,amp_ge_4500|s16_large_lowering|p02_broad_late,amp_ge_4500,s16_large_lowering,p02_broad_late,B2,5451.0,302.2349999999997,0,0.2143624671051437,0.4936708860759494,55:283448:B2:175836,-1.0113337200221164,-0.33332808347299414,-0.5243046086670617,0,0,0,0,0
176079,55,high_20nA,20.0,283793,amp_ge_4500|s16_large_lowering|p02_broad_late,amp_ge_4500,s16_large_lowering,p02_broad_late,B2,9377.5,6618.8375,1,0.2561261689557331,0.5416688882964543,55:283793:B2:176079,1.3312191168946403,0.4250908085361757,0.8844014040051571,1,0,1,1,2
176204,55,high_20nA,20.0,283966,amp_ge_4500|s16_large_lowering|p02_broad_late,amp_ge_4500,s16_large_lowering,p02_broad_late,B2,5379.0,327.3149999999996,0,0.0331186806799197,0.135203317297066,55:283966:B2:176204,-1.5095418242487166,-1.5966840361396353,-1.2442331883931592,0,0,0,0,0
176245,55,high_20nA,20.0,284024,amp_ge_4500|s16_large_lowering|p02_broad_late,amp_ge_4500,s16_large_lowering,p02_broad_late,B2,7347.5,455.2875000000004,0,0.0387561550123375,0.2533510771264935,55:284024:B2:176245,-0.4347478927426423,-1.3595726862780013,-0.7362247274789646,0,0,0,0,0
176278,55,high_20nA,20.0,284062,amp_ge_4500|s16_large_lowering|p02_broad_late,amp_ge_4500,s16_large_lowering,p02_broad_late,B2,8613.5,6630.2975,0,0.2979072607027807,0.5718349103152028,55:284062:B2:176278,1.1476237730056473,0.6287477333570844,0.7001710817521214,0,0,0,0,0
176596,55,high_20nA,20.0,284528,amp_ge_4500|s16_large_lowering|p02_broad_late,amp_ge_4500,s16_large_lowering,p02_broad_late,B2,5922.5,633.6625000000004,0,0.1940695199426942,0.4017728999577881,55:284528:B2:176596,-0.7143606424205012,-0.4112597717758344,-0.44418614826564096,0,0,0,0,0
176646,55,high_20nA,20.0,284595,amp_ge_4500|s16_large_lowering|p02_broad_late,amp_ge_4500,s16_large_lowering,p02_broad_late,B2,7789.0,6735.165,0,0.3413837896445689,0.5901912954166132,55:284595:B2:176646,0.9105036710083476,0.8205761990129634,0.6906333985686167,0,0,0,0,0
176763,55,high_20nA,20.0,284774,amp_ge_4500|s16_large_lowering|p02_broad_late,amp_ge_4500,s16_large_lowering,p02_broad_late,B2,7402.5,6625.4625,0,0.3697544826081524,0.63741979061128,55:284774:B2:176763,0.8352206876413962,0.9841723535157058,0.7307362497803269,0,0,1,0,1
176813,55,high_20nA,20.0,284853,amp_ge_4500|s16_large_lowering|p02_broad_late,amp_ge_4500,s16_large_lowering,p02_broad_late,B2,7508.5,1042.8725000000004,0,0.0308871298271147,0.3124463608382584,55:284853:B2:176813,-0.07143049319007394,-1.1795964823084384,-0.5225741099817722,0,0,0,0,0
176829,55,high_20nA,20.0,284872,amp_ge_4500|s16_large_lowering|p02_broad_late,amp_ge_4500,s16_large_lowering,p02_broad_late,B2,5454.0,587.1899999999996,0,0.3346285612548542,0.581041437477081,55:284872:B2:176829,-0.7107550184592261,0.367099061156672,-0.11590530132870364,0,0,0,0,0
177913,55,high_20nA,20.0,286436,amp_ge_4500|s16_large_lowering|p02_broad_late,amp_ge_4500,s16_large_lowering,p02_broad_late,B2,6793.5,850.5974999999999,1,0.2507884736575472,0.4640465150511518,55:286436:B2:177913,-0.18681035480409725,-0.04729977744219012,0.10914615864872321,0,0,0,0,0
178064,55,high_20nA,20.0,286678,amp_ge_4500|s16_large_lowering|p02_broad_late,amp_ge_4500,s16_large_lowering,p02_broad_late,B2,9182.0,6653.27,1,0.305245925168853,0.7251143541712045,55:286678:B2:178064,1.524953361989801,0.8569208882198743,1.1393890506084716,1,0,1,1,2
178219,55,high_20nA,20.0,286916,amp_ge_4500|s16_large_lowering|p02_broad_late,amp_ge_4500,s16_large_lowering,p02_broad_late,B2,6886.5,2132.2025000000003,0,0.2746985055896248,0.3421912437377478,55:286916:B2:178219,-0.06478406818601183,0.04601589358308743,-0.005291270605787775,0,0,0,0,0
178260,55,high_20nA,20.0,286975,amp_ge_4500|s16_large_lowering|p02_broad_late,amp_ge_4500,s16_large_lowering,p02_broad_late,B2,6192.0,1152.12,0,0.0422255721411265,0.2964708847871164,55:286975:B2:178260,-0.5759071676700447,-1.1285032622595836,-0.6928160938636421,0,0,0,0,0
178418,55,high_20nA,20.0,287205,amp_ge_4500|s16_large_lowering|p02_broad_late,amp_ge_4500,s16_large_lowering,p02_broad_late,B2,8493.0,355.6049999999996,1,0.2698529149816375,0.4640292005180737,55:287205:B2:178418,0.166154160542759,-0.12005102489669886,0.21271715054963491,0,0,0,0,0
178579,55,high_20nA,20.0,287433,amp_ge_4500|s16_large_lowering|p02_broad_late,amp_ge_4500,s16_large_lowering,p02_broad_late,B2,7738.5,226.42249999999967,0,0.0277793495574721,0.1652994966617202,55:287433:B2:178579,-0.6068329263578187,-1.64622764553911,-0.9220121231423973,0,0,0,0,0
178606,55,high_20nA,20.0,287478,amp_ge_4500|s16_large_lowering|p02_broad_late,amp_ge_4500,s16_large_lowering,p02_broad_late,B2,6897.5,503.0375000000004,0,0.0297474383551826,0.1334058136044072,55:287478:B2:178606,-0.73697865601904,-1.5422325828585,-0.927789574087805,0,0,0,0,0
179142,55,high_20nA,20.0,288248,amp_ge_4500|s16_large_lowering|p02_broad_late,amp_ge_4500,s16_large_lowering,p02_broad_late,B2,6439.5,295.90749999999935,0,0.0339962973898037,0.2158559072694792,55:288248:B2:179142,-0.95183957417202,-1.5047239813578248,-0.993683110355654,0,0,0,0,0
179190,55,high_20nA,20.0,288323,amp_ge_4500|s16_large_lowering|p02_broad_late,amp_ge_4500,s16_large_lowering,p02_broad_late,B2,8414.5,249.28250000000023,0,0.0272108103954454,0.1511959654696373,55:288323:B2:179190,-0.3781494296455677,-1.6509893127633994,-0.8371122946259435,0,0,0,0,0
179334,55,high_20nA,20.0,288525,amp_ge_4500|s16_large_lowering|p02_broad_late,amp_ge_4500,s16_large_lowering,p02_broad_late,B2,4802.0,522.9700000000003,0,0.0364999684533873,0.1487015341802093,55:288525:B2:179334,-1.6638100609285928,-1.4829360905532885,-1.2550809811852464,0,0,0,0,0
179394,55,high_20nA,20.0,288608,amp_ge_4500|s16_large_lowering|p02_broad_late,amp_ge_4500,s16_large_lowering,p02_broad_late,B2,6060.5,298.59250000000065,0,0.3061223955463441,0.5033413084728983,55:288608:B2:179394,-0.72112255084683,0.04259237728237614,-0.2561377708631974,0,0,0,0,0
179517,55,high_20nA,20.0,288784,amp_ge_4500|s16_large_lowering|p02_broad_late,amp_ge_4500,s16_large_lowering,p02_broad_late,B2,6440.5,289.8924999999999,0,0.036168680093618,0.2526206222910866,55:288784:B2:179517,-0.9073045668054558,-1.4498873196196191,-0.9537284096263132,0,0,0,0,0
179588,55,high_20nA,20.0,288888,amp_ge_4500|s16_large_lowering|p02_broad_late,amp_ge_4500,s16_large_lowering,p02_broad_late,B2,7239.5,6866.9075,0,0.3742989414218177,0.6136473513364182,55:288888:B2:179588,0.7539380459643157,0.9759878552410715,0.6964113566676899,0,0,0,0,0
179695,55,high_20nA,20.0,289052,amp_ge_4500|s16_large_lowering|p02_broad_late,amp_ge_4500,s16_large_lowering,p02_broad_late,B2,5453.0,509.2049999999999,0,0.0323028036244998,0.1471051883711707,55:289052:B2:179695,-1.3368799287406559,-1.5099109736564977,-1.1421769818571783,0,0,0,0,0
179949,55,high_20nA,20.0,289406,amp_ge_4500|s16_large_lowering|p02_broad_late,amp_ge_4500,s16_large_lowering,p02_broad_late,B2,8193.0,1257.1049999999996,1,0.0397318048779186,0.2609655477699474,55:289406:B2:179949,0.14078554199484328,-1.171809751804189,-0.2386615897997189,0,0,0,0,0
180192,55,high_20nA,20.0,289776,amp_ge_4500|s16_large_lowering|p02_broad_late,amp_ge_4500,s16_large_lowering,p02_broad_late,B2,6575.0,723.375,0,0.0410573181470382,0.1028990389786519,55:289776:B2:180192,-0.8058643649988237,-1.465189486956516,-0.9216080432212896,0,0,0,0,0
180249,55,high_20nA,20.0,289856,amp_ge_4500|s16_large_lowering|p02_broad_late,amp_ge_4500,s16_large_lowering,p02_broad_late,B2,8218.5,394.2224999999999,1,0.2906760244280397,0.5205937823203748,55:289856:B2:180249,0.18379809936626806,0.052641233792517894,0.2919525959520394,0,0,0,0,0
180512,55,high_20nA,20.0,290248,amp_ge_4500|s16_large_lowering|p02_broad_late,amp_ge_4500,s16_large_lowering,p02_broad_late,B2,5557.0,547.6450000000004,0,0.0311664241834188,0.1338851756139752,55:290248:B2:180512,-1.284929771756291,-1.5202241452151173,-1.12676745425774,0,0,0,0,0
180677,55,high_20nA,20.0,290494,amp_ge_4500|s16_large_lowering|p02_broad_late,amp_ge_4500,s16_large_lowering,p02_broad_late,B2,8494.5,6604.0825,0,0.2999920347515957,0.6217365958157759,55:290494:B2:180677,1.1772110716586142,0.7010064148794937,0.7417629014796607,1,0,1,1,2
180795,55,high_20nA,20.0,290647,amp_ge_4500|s16_large_lowering|p02_broad_late,amp_ge_4500,s16_large_lowering,p02_broad_late,B2,8286.5,6665.2025,0,0.3170987396603494,0.6719966210100766,55:290647:B2:180795,1.1820949544240922,0.8335088979720149,0.7992698198294013,1,0,1,1,2
180880,55,high_20nA,20.0,290777,amp_ge_4500|s16_large_lowering|p02_broad_late,amp_ge_4500,s16_large_lowering,p02_broad_late,B2,9598.0,6582.03,0,0.2481291522019091,0.5557407793290269,55:290777:B2:180880,1.4102210670440436,0.41039729835314004,0.7082508707850553,1,0,1,1,2
180911,55,high_20nA,20.0,290828,amp_ge_4500|s16_large_lowering|p02_broad_late,amp_ge_4500,s16_large_lowering,p02_broad_late,B2,7438.0,302.4300000000003,0,0.0282747700726805,0.159123852120202,55:290828:B2:180911,-0.6412150227472344,-1.6026137201019144,-0.9167594710867532,0,0,0,0,0
181006,55,high_20nA,20.0,290966,amp_ge_4500|s16_large_lowering|p02_broad_late,amp_ge_4500,s16_large_lowering,p02_broad_late,B2,7454.5,6739.6825,0,0.3610118000387691,0.6092293245690522,55:290966:B2:181006,0.820290089673352,0.9183154414320321,0.6974027194773273,0,0,0,0,0
181146,55,high_20nA,20.0,291161,amp_ge_4500|s16_large_lowering|p02_broad_late,amp_ge_4500,s16_large_lowering,p02_broad_late,B2,7268.0,221.9799999999996,0,0.0314462379092393,0.2989897438615521,55:291161:B2:181146,-0.5974082743443246,-1.4579016849238207,-0.839333851918848,0,0,0,0,0
181249,55,high_20nA,20.0,291309,amp_ge_4500|s16_large_lowering|p02_broad_late,amp_ge_4500,s16_large_lowering,p02_broad_late,B2,7794.5,398.5825000000005,0,0.0381853203991487,0.2673208409137781,55:291309:B2:181249,-0.29584383446044643,-1.3668214805555579,-0.6864856789283039,0,0,0,0,0
181320,55,high_20nA,20.0,291409,amp_ge_4500|s16_large_lowering|p02_broad_late,amp_ge_4500,s16_large_lowering,p02_broad_late,B2,5255.0,1390.1750000000002,0,0.2619408053727595,0.5115128449096099,55:291409:B2:181320,-0.6679684047995029,0.1427350960194208,-0.19387925349565438,0,0,0,0,0
181328,55,high_20nA,20.0,291421,amp_ge_4500|s16_large_lowering|p02_broad_late,amp_ge_4500,s16_large_lowering,p02_broad_late,B2,5628.0,1044.58,0,0.059531677204291,0.2003801273059371,55:291421:B2:181328,-0.9852712779337571,-1.1875447116038085,-0.8731718644884272,0,0,0,0,0
181690,55,high_20nA,20.0,291940,amp_ge_4500|s16_large_lowering|p02_broad_late,amp_ge_4500,s16_large_lowering,p02_broad_late,B2,7356.0,6641.66,0,0.359584302785639,0.6400217509516042,55:291940:B2:181690,0.8227330458403734,0.9505877302924831,0.7118854041421848,0,0,1,0,1
182222,55,high_20nA,20.0,292745,amp_ge_4500|s16_large_lowering|p02_broad_late,amp_ge_4500,s16_large_lowering,p02_broad_late,B2,5255.0,655.1749999999993,0,0.1834926578315005,0.3872502378686965,55:292745:B2:182222,-1.0412713201614745,-0.4690838113254438,-0.5926983024180468,0,0,0,0,0
182265,55,high_20nA,20.0,292809,amp_ge_4500|s16_large_lowering|p02_broad_late,amp_ge_4500,s16_large_lowering,p02_broad_late,B2,8282.5,6639.2625,0,0.3226681436711622,0.6726833685481437,55:292809:B2:182265,1.1806810768837215,0.8549033900990783,0.8077182330574271,1,0,1,1,2
182327,55,high_20nA,20.0,292904,amp_ge_4500|s16_large_lowering|p02_broad_late,amp_ge_4500,s16_large_lowering,p02_broad_late,B2,9378.5,6611.8225,0,0.2808009629682608,0.5885269499386896,55:292904:B2:182327,1.3945750909930084,0.5834201593170902,0.7749750014905211,1,0,1,1,2
182489,55,high_20nA,20.0,293146,amp_ge_4500|s16_large_lowering|p02_broad_late,amp_ge_4500,s16_large_lowering,p02_broad_late,B2,8694.5,6865.0825,0,0.2777895094409764,0.5652423946172868,55:293146:B2:182489,1.1729788020587626,0.5477525865904147,0.675788031150304,1,0,0,0,1
182502,55,high_20nA,20.0,293163,amp_ge_4500|s16_large_lowering|p02_broad_late,amp_ge_4500,s16_large_lowering,p02_broad_late,B2,7063.5,1812.5475,0,0.2781601082183174,0.3548524102781907,55:293163:B2:182502,-0.024860947910302772,0.048367526650466244,0.01086720098728077,0,0,0,0,0
182567,55,high_20nA,20.0,293255,amp_ge_4500|s16_large_lowering|p02_broad_late,amp_ge_4500,s16_large_lowering,p02_broad_late,B2,6247.5,700.7875000000004,0,0.0410169579867869,0.2487768769644306,55:293255:B2:182567,-0.7524395081137303,-1.2811170524446946,-0.8239961751099891,0,0,0,0,0
182956,55,high_20nA,20.0,293840,amp_ge_4500|s16_large_lowering|p02_broad_late,amp_ge_4500,s16_large_lowering,p02_broad_late,B2,6065.0,2567.025,1,0.0696774267851658,0.2104535100931685,55:293840:B2:182956,-0.5283481665709923,-0.9732353740468498,-0.409531160396654,0,0,0,0,0
183284,55,high_20nA,20.0,294274,amp_ge_4500|s16_large_lowering|p02_broad_late,amp_ge_4500,s16_large_lowering,p02_broad_late,B2,5038.5,1915.9225,0,0.0688086027058202,0.2465173179373167,55:294274:B2:183284,-1.050050654313475,-0.9803420076806486,-0.810762891864993,0,0,0,0,0
183464,55,high_20nA,20.0,294543,amp_ge_4500|s16_large_lowering|p02_broad_late,amp_ge_4500,s16_large_lowering,p02_broad_late,B2,8405.5,1050.4174999999996,1,0.2682342995397372,0.4485753375765867,55:294543:B2:183464,0.4132088932133537,0.03805311253816331,0.373001686687103,0,0,0,0,0
183465,55,high_20nA,20.0,294545,amp_ge_4500|s16_large_lowering|p02_broad_late,amp_ge_4500,s16_large_lowering,p02_broad_late,B2,8818.5,6627.2225,0,0.0929570756513377,0.8125196228418929,55:294545:B2:183465,1.5351964386318069,0.079470688321847,0.6167523357752625,1,0,0,0,1
183762,55,high_20nA,20.0,294986,amp_ge_4500|s16_large_lowering|p02_broad_late,amp_ge_4500,s16_large_lowering,p02_broad_late,B2,9572.0,6618.42,0,0.2587264394420812,0.5722941913915587,55:294986:B2:183762,1.4269336998982372,0.4752735657804102,0.7418497035891024,1,0,1,1,2
183948,55,high_20nA,20.0,295254,amp_ge_4500|s16_large_lowering|p02_broad_late,amp_ge_4500,s16_large_lowering,p02_broad_late,B2,7343.5,6635.3475,0,0.342087307554842,0.6671886702526043,55:295254:B2:183948,0.8547096328477894,0.9207722457304199,0.7115140036889364,0,0,1,0,1
184125,55,high_20nA,20.0,295520,amp_ge_4500|s16_large_lowering|p02_broad_late,amp_ge_4500,s16_large_lowering,p02_broad_late,B2,8590.0,715.1499999999996,1,0.2608881430595026,0.4491268917345751,55:295520:B2:184125,0.3665115865616633,-0.05592927424784126,0.31578410770933873,0,0,0,0,0
184584,55,high_20nA,20.0,296167,amp_ge_4500|s16_large_lowering|p02_broad_late,amp_ge_4500,s16_large_lowering,p02_broad_late,B2,5940.0,340.89999999999964,0,0.0304426669026848,0.1754275920647787,55:296167:B2:184584,-1.1815949826149708,-1.5504716211624283,-1.1002041742819086,0,0,0,0,0
184839,55,high_20nA,20.0,296547,amp_ge_4500|s16_large_lowering|p02_broad_late,amp_ge_4500,s16_large_lowering,p02_broad_late,B2,8967.5,6679.9875,1,0.3905145901755161,0.8698633955952049,55:296547:B2:184839,1.6592382508629586,1.3632602199160953,1.4030798276926844,1,1,1,1,3
184967,55,high_20nA,20.0,296746,amp_ge_4500|s16_large_lowering|p02_broad_late,amp_ge_4500,s16_large_lowering,p02_broad_late,B2,6891.5,1413.1274999999996,0,0.0351622295703335,0.3037080698011813,55:296746:B2:184967,-0.22719960932721628,-1.1183713693205346,-0.5560518266589667,0,0,0,0,0
185090,55,high_20nA,20.0,296926,amp_ge_4500|s16_large_lowering|p02_broad_late,amp_ge_4500,s16_large_lowering,p02_broad_late,B2,8657.0,292.14500000000044,1,0.2447074327064651,0.4824997112163567,55:296926:B2:185090,0.18820895828053663,-0.22982018189086612,0.17499492775244016,0,0,0,0,0
185108,55,high_20nA,20.0,296949,amp_ge_4500|s16_large_lowering|p02_broad_late,amp_ge_4500,s16_large_lowering,p02_broad_late,B2,5450.0,662.25,0,0.0322189933041198,0.2203822203419262,55:296949:B2:185108,-1.1675882277910954,-1.3702539364994395,-1.0191901798903809,0,0,0,0,0
185332,55,high_20nA,20.0,297294,amp_ge_4500|s16_large_lowering|p02_broad_late,amp_ge_4500,s16_large_lowering,p02_broad_late,B2,4558.0,339.6300000000001,0,0.0356921004169326,0.1338745098472981,55:297294:B2:185332,-1.9394592349204336,-1.57964539067511,-1.400445573353311,0,0,0,0,0
185341,55,high_20nA,20.0,297312,amp_ge_4500|s16_large_lowering|p02_broad_late,amp_ge_4500,s16_large_lowering,p02_broad_late,B2,6610.5,1454.3424999999995,0,0.076294320899861,0.1435110512475199,55:297312:B2:185341,-0.5461229642050747,-1.1262934581547632,-0.6805699788229289,0,0,0,0,0
185868,55,high_20nA,20.0,298089,amp_ge_4500|s16_large_lowering|p02_broad_late,amp_ge_4500,s16_large_lowering,p02_broad_late,B2,5757.5,878.1374999999998,0,0.2979303004480155,0.548762483716891,55:298089:B2:185868,-0.5013457600441162,0.25387377387251925,-0.08388440379030608,0,0,0,0,0
186074,55,high_20nA,20.0,298377,amp_ge_4500|s16_large_lowering|p02_broad_late,amp_ge_4500,s16_large_lowering,p02_broad_late,B2,7658.0,261.1300000000001,0,0.0263871489840311,0.1399822069984721,55:298377:B2:186074,-0.6299397551655599,-1.6616978147356956,-0.9372901891519048,0,0,0,0,0
186367,55,high_20nA,20.0,298822,amp_ge_4500|s16_large_lowering|p02_broad_late,amp_ge_4500,s16_large_lowering,p02_broad_late,B2,7359.5,1346.1075,1,0.0374208898061846,0.2946656770171834,55:298822:B2:186367,-0.0788470672255237,-1.1274841797238164,-0.30350524102970183,0,0,0,0,0
186584,55,high_20nA,20.0,299134,amp_ge_4500|s16_large_lowering|p02_broad_late,amp_ge_4500,s16_large_lowering,p02_broad_late,B2,8576.5,540.8525,0,0.2933051966441296,0.4496589517868594,55:299134:B2:186584,0.286887571403253,0.02448812397848453,0.11930228920419964,0,0,0,0,0
187704,55,high_20nA,20.0,300723,amp_ge_4500|s16_large_lowering|p02_broad_late,amp_ge_4500,s16_large_lowering,p02_broad_late,B2,5523.5,491.6475,0,0.0350841546454846,0.2023559706061617,55:300723:B2:187704,-1.2377460668763365,-1.4305530541961915,-1.0711757881754083,0,0,0,0,0
187770,55,high_20nA,20.0,300806,amp_ge_4500|s16_large_lowering|p02_broad_late,amp_ge_4500,s16_large_lowering,p02_broad_late,B2,5237.0,1064.4449999999997,0,0.049052650770495,0.1444081123443136,55:300806:B2:187770,-1.2463267766844168,-1.3069682936488702,-1.0225308584726038,0,0,0,0,0
187787,55,high_20nA,20.0,300831,amp_ge_4500|s16_large_lowering|p02_broad_late,amp_ge_4500,s16_large_lowering,p02_broad_late,B2,5773.0,328.40499999999975,0,0.0374644404082622,0.1940207921358749,55:300831:B2:187787,-1.2420729555684784,-1.4985849453781088,-1.1013934001748273,0,0,0,0,0
188451,55,high_20nA,20.0,301748,amp_ge_4500|s16_large_lowering|p02_broad_late,amp_ge_4500,s16_large_lowering,p02_broad_late,B2,5240.0,231.39999999999964,1,0.0370229897010781,0.1377090931682429,55:301748:B2:188451,-1.6698005628843633,-1.6334908593535462,-1.1205903748245476,0,0,0,0,0
188584,55,high_20nA,20.0,301939,amp_ge_4500|s16_large_lowering|p02_broad_late,amp_ge_4500,s16_large_lowering,p02_broad_late,B2,6643.0,1024.3549999999996,0,0.0662510268626505,0.1356991054063707,55:301939:B2:188584,-0.6393700151569213,-1.2432673886819565,-0.7651329090060518,0,0,0,0,0
188664,55,high_20nA,20.0,302048,amp_ge_4500|s16_large_lowering|p02_broad_late,amp_ge_4500,s16_large_lowering,p02_broad_late,B2,7229.5,6675.0575,0,0.3575827231344927,0.6420222698665191,55:302048:B2:188664,0.7809114964626805,0.9466545294447573,0.6943412710226167,0,0,0,0,0
188780,55,high_20nA,20.0,302234,amp_ge_4500|s16_large_lowering|p02_broad_late,amp_ge_4500,s16_large_lowering,p02_broad_late,B2,7083.5,920.2475000000004,1,0.2535580392044897,0.4687654408131573,55:302234:B2:188780,-0.048353076253035004,-0.01664756670496085,0.17463385300776316,0,0,0,0,0
189030,55,high_20nA,20.0,302581,amp_ge_4500|s16_large_lowering|p02_broad_late,amp_ge_4500,s16_large_lowering,p02_broad_late,B2,6890.0,461.6499999999997,0,0.0464982923027683,0.2227182524952743,55:302581:B2:189030,-0.6424890681027762,-1.359788650057136,-0.815257078903052,0,0,0,0,0
189176,55,high_20nA,20.0,302779,amp_ge_4500|s16_large_lowering|p02_broad_late,amp_ge_4500,s16_large_lowering,p02_broad_late,B2,6248.5,505.7725,0,0.0321743258765317,0.1701747394352304,55:302779:B2:189176,-0.9472359144222966,-1.4816919962012105,-0.9822602858849812,0,0,0,0,0
189207,55,high_20nA,20.0,302822,amp_ge_4500|s16_large_lowering|p02_broad_late,amp_ge_4500,s16_large_lowering,p02_broad_late,B2,7063.5,927.5474999999996,1,0.2412036563593618,0.4836837261980604,55:302822:B2:189207,-0.033505071805709455,-0.045586645684464515,0.16812168152635532,0,0,0,0,0
189453,55,high_20nA,20.0,303171,amp_ge_4500|s16_large_lowering|p02_broad_late,amp_ge_4500,s16_large_lowering,p02_broad_late,B2,6479.0,225.8149999999996,0,0.2504325888331836,0.5020836548850132,55:303171:B2:189453,-0.6221672163653009,-0.22513190635058508,-0.33097894288606006,0,0,0,0,0
189496,55,high_20nA,20.0,303238,amp_ge_4500|s16_large_lowering|p02_broad_late,amp_ge_4500,s16_large_lowering,p02_broad_late,B2,8323.5,6642.6475,1,0.2981685862937136,0.5887547305820868,55:303238:B2:189496,1.0803940051191323,0.6520750044983646,0.8844212238345834,0,0,1,0,1
189542,55,high_20nA,20.0,303310,amp_ge_4500|s16_large_lowering|p02_broad_late,amp_ge_4500,s16_large_lowering,p02_broad_late,B2,5302.0,991.4700000000004,0,0.1798117556417876,0.4172010562052056,55:303310:B2:189542,-0.8641892955484223,-0.3751274611111973,-0.48594546597510335,0,0,0,0,0
189795,55,high_20nA,20.0,303684,amp_ge_4500|s16_large_lowering|p02_broad_late,amp_ge_4500,s16_large_lowering,p02_broad_late,B2,6680.0,8327.8,0,0.4076010503942215,0.4609281437125748,55:303684:B2:189795,0.3872873723369054,0.9304503089749285,0.537958331257494,0,0,0,0,0
189840,55,high_20nA,20.0,303745,amp_ge_4500|s16_large_lowering|p02_broad_late,amp_ge_4500,s16_large_lowering,p02_broad_late,B2,7377.0,1858.3450000000005,1,0.1813354155306221,0.2107624211818471,55:303745:B2:189840,-0.09799216695704532,-0.529895191866077,-0.05979300402742954,0,0,0,0,0
189842,55,high_20nA,20.0,303747,amp_ge_4500|s16_large_lowering|p02_broad_late,amp_ge_4500,s16_large_lowering,p02_broad_late,B2,5957.5,1569.1374999999998,1,0.0407388171866249,0.307004198340226,55:303747:B2:189842,-0.5794901413336745,-1.069268038535158,-0.46929882989156274,0,0,0,0,0
190729,55,high_20nA,20.0,305056,amp_ge_4500|s16_large_lowering|p02_broad_late,amp_ge_4500,s16_large_lowering,p02_broad_late,B2,8411.5,560.3275000000003,1,0.2594384305090058,0.4525352196397789,55:305056:B2:190729,0.24902210660532456,-0.09885392296667347,0.2531097528640205,0,0,0,0,0
190930,55,high_20nA,20.0,305347,amp_ge_4500|s16_large_lowering|p02_broad_late,amp_ge_4500,s16_large_lowering,p02_broad_late,B2,8199.0,6782.015,0,0.3534860406474737,0.7710696426393463,55:305347:B2:190930,1.2927229356059597,1.1019991967282847,0.9540743781561443,1,1,1,1,3
191090,55,high_20nA,20.0,305576,amp_ge_4500|s16_large_lowering|p02_broad_late,amp_ge_4500,s16_large_lowering,p02_broad_late,B2,7168.5,6642.9725,1,0.3778753581332004,0.6459510357815442,55:305576:B2:191090,0.7624884671516936,1.0253682470172851,0.9204002812649033,0,0,1,0,1
192651,56,high_20nA,20.0,307692,amp_ge_4500|s16_large_lowering|p02_broad_late,amp_ge_4500,s16_large_lowering,p02_broad_late,B2,5301.0,813.4850000000006,0,0.0423583409718542,0.2235174675594029,56:307692:B2:192651,-1.1805820772053779,-1.2820757337566435,-0.9870929975158339,0,0,0,0,0
192669,56,high_20nA,20.0,307717,amp_ge_4500|s16_large_lowering|p02_broad_late,amp_ge_4500,s16_large_lowering,p02_broad_late,B2,4786.0,1727.21,0,0.0803027229077897,0.1632630173551348,56:307717:B2:192669,-1.3269639690793227,-1.0526260233756732,-0.9463492380679254,0,0,0,0,0
193698,56,high_20nA,20.0,309136,amp_ge_4500|s16_large_lowering|p02_broad_late,amp_ge_4500,s16_large_lowering,p02_broad_late,B2,8732.0,399.0200000000005,0,0.0241798626759039,0.1682442227326562,56:309136:B2:193698,-0.12900655518550425,-1.5635903507290774,-0.7057304382767041,0,0,0,0,0
193918,56,high_20nA,20.0,309453,amp_ge_4500|s16_large_lowering|p02_broad_late,amp_ge_4500,s16_large_lowering,p02_broad_late,B2,7217.0,6644.745,0,0.3724971822336502,0.6533185534155467,56:309453:B2:193918,0.7903649674108537,1.015374887917099,0.7267961405413059,0,0,1,0,1
194064,56,high_20nA,20.0,309662,amp_ge_4500|s16_large_lowering|p02_broad_late,amp_ge_4500,s16_large_lowering,p02_broad_late,B2,5970.0,1398.4499999999998,0,0.0366799247291142,0.3101498073355698,56:309662:B2:194064,-0.6011266957826933,-1.1044275069983602,-0.6922876973367348,0,0,0,0,0
194110,56,high_20nA,20.0,309727,amp_ge_4500|s16_large_lowering|p02_broad_late,amp_ge_4500,s16_large_lowering,p02_broad_late,B2,7104.5,8459.9325,1,0.3462747416462949,0.5153775775916672,56:309727:B2:194110,0.6282283294241874,0.7804776313528987,0.7665273703494087,0,0,1,0,1
194643,56,high_20nA,20.0,310450,amp_ge_4500|s16_large_lowering|p02_broad_late,amp_ge_4500,s16_large_lowering,p02_broad_late,B2,7063.5,6628.5475,0,0.3768090555592782,0.6656048701068875,56:310450:B2:194643,0.74942963499172,1.0466682008456119,0.7243839056520105,0,0,1,0,1
194837,56,high_20nA,20.0,310701,amp_ge_4500|s16_large_lowering|p02_broad_late,amp_ge_4500,s16_large_lowering,p02_broad_late,B2,5817.0,858.7449999999999,0,0.0244366095559774,0.1402751463255081,56:310701:B2:194837,-1.032610192559216,-1.4680761984533455,-1.008983876522907,0,0,0,0,0
194871,56,high_20nA,20.0,310740,amp_ge_4500|s16_large_lowering|p02_broad_late,amp_ge_4500,s16_large_lowering,p02_broad_late,B2,8946.0,6669.81,0,0.2708905969676907,0.5584618824055444,56:310740:B2:194871,1.2313801832345974,0.5068533582168333,0.680802880080217,1,0,0,0,1
195541,56,high_20nA,20.0,311621,amp_ge_4500|s16_large_lowering|p02_broad_late,amp_ge_4500,s16_large_lowering,p02_broad_late,B2,5475.0,232.875,0,0.2551991215084478,0.8730593607305936,56:311621:B2:195541,-0.557629554401757,0.28154141692584106,-0.09365183556381443,0,0,0,0,0
196178,56,high_20nA,20.0,312478,amp_ge_4500|s16_large_lowering|p02_broad_late,amp_ge_4500,s16_large_lowering,p02_broad_late,B2,7037.5,707.9375,0,0.0395207612839363,0.1002054395888455,56:312478:B2:196178,-0.63552978973372,-1.4797788768700093,-0.8630084483842175,0,0,0,0,0
197115,56,high_20nA,20.0,313777,amp_ge_4500|s16_large_lowering|p02_broad_late,amp_ge_4500,s16_large_lowering,p02_broad_late,B2,7211.5,415.3275000000003,0,0.0327107431906994,0.3133989397033861,56:313777:B2:197115,-0.42801700096105644,-1.3264231350066855,-0.7197441770680094,0,0,0,0,0
197127,56,high_20nA,20.0,313792,amp_ge_4500|s16_large_lowering|p02_broad_late,amp_ge_4500,s16_large_lowering,p02_broad_late,B2,7344.5,6730.3325,0,0.3528693179086994,0.6329225951392198,56:313792:B2:197127,0.8126157972958232,0.9187838449147215,0.6946832178365958,0,0,0,0,0
197531,56,high_20nA,20.0,314343,amp_ge_4500|s16_large_lowering|p02_broad_late,amp_ge_4500,s16_large_lowering,p02_broad_late,B2,4749.5,2698.2575,0,0.1033502018155353,0.2109330399407585,56:314343:B2:197531,-1.160959655907171,-0.8086256038926463,-0.7807874228796364,0,0,0,0,0
199193,56,high_20nA,20.0,316603,amp_ge_4500|s16_large_lowering|p02_broad_late,amp_ge_4500,s16_large_lowering,p02_broad_late,B2,6164.0,1886.54,1,0.2219813112090985,0.3765412070084361,56:316603:B2:199193,-0.34501235978166406,-0.14208084567328413,0.00922134810018832,0,0,0,0,0
199418,56,high_20nA,20.0,316907,amp_ge_4500|s16_large_lowering|p02_broad_late,amp_ge_4500,s16_large_lowering,p02_broad_late,B2,6924.5,6623.6325,0,0.3937215778162134,0.6609141454256625,56:316907:B2:199418,0.6902978545428633,1.1016874710192979,0.7250219225543931,0,1,1,1,2
199757,56,high_20nA,20.0,317353,amp_ge_4500|s16_large_lowering|p02_broad_late,amp_ge_4500,s16_large_lowering,p02_broad_late,B2,9193.5,6614.5975,1,0.2567722882580056,0.5749170609669876,56:317353:B2:199757,1.3235699989202854,0.47079141742679687,0.9006889949089631,1,0,1,1,2
200080,56,high_20nA,20.0,317756,amp_ge_4500|s16_large_lowering|p02_broad_late,amp_ge_4500,s16_large_lowering,p02_broad_late,B2,8522.0,247.17000000000007,1,0.2750285121169023,0.5164280685285144,56:317756:B2:200080,0.14700665222425216,-0.09340568481052222,0.2166321402247965,0,0,0,0,0
200549,56,high_20nA,20.0,318378,amp_ge_4500|s16_large_lowering|p02_broad_late,amp_ge_4500,s16_large_lowering,p02_broad_late,B2,5707.0,321.39500000000044,0,0.0334548276485667,0.1765132881941658,56:318378:B2:200549,-1.3020453122647404,-1.5444460039412657,-1.143444540315933,0,0,0,0,0
201204,56,high_20nA,20.0,319265,amp_ge_4500|s16_large_lowering|p02_broad_late,amp_ge_4500,s16_large_lowering,p02_broad_late,B2,5186.0,2633.21,0,0.0865061292172546,0.1823115163323811,56:319265:B2:201204,-0.9737060766076688,-0.9271766594704438,-0.7594225060885005,0,0,0,0,0
201312,56,high_20nA,20.0,319413,amp_ge_4500|s16_large_lowering|p02_broad_late,amp_ge_4500,s16_large_lowering,p02_broad_late,B2,6207.5,1273.3874999999998,0,0.0489680844316866,0.2982826006107258,56:319413:B2:201312,-0.5395284778801217,-1.076728304917934,-0.6572467096599784,0,0,0,0,0
202030,56,high_20nA,20.0,320337,amp_ge_4500|s16_large_lowering|p02_broad_late,amp_ge_4500,s16_large_lowering,p02_broad_late,B2,7621.5,7353.1775,0,0.3697756879755701,0.5126943515056092,56:320337:B2:202030,0.7721659549400427,0.8398667080804483,0.6461670802710044,0,0,0,0,0
202091,56,high_20nA,20.0,320415,amp_ge_4500|s16_large_lowering|p02_broad_late,amp_ge_4500,s16_large_lowering,p02_broad_late,B2,6213.0,765.8050000000003,0,0.0443615407474225,0.2311632739067551,56:320415:B2:202091,-0.7667065645961213,-1.2728017751831524,-0.8259252401234501,0,0,0,0,0
202248,56,high_20nA,20.0,320623,amp_ge_4500|s16_large_lowering|p02_broad_late,amp_ge_4500,s16_large_lowering,p02_broad_late,B2,9335.5,6641.4675,0,0.2604471014045901,0.5860960848374485,56:320623:B2:202248,1.3803502555834184,0.5006652499396651,0.7348125020963584,1,0,1,1,2
203960,56,high_20nA,20.0,322886,amp_ge_4500|s16_large_lowering|p02_broad_late,amp_ge_4500,s16_large_lowering,p02_broad_late,B2,6336.0,263.96000000000004,0,0.0319293061447727,0.1802964906614519,56:322886:B2:203960,-1.0738920716886358,-1.5804327142319439,-1.0718607272190979,0,0,0,0,0
204641,56,high_20nA,20.0,323763,amp_ge_4500|s16_large_lowering|p02_broad_late,amp_ge_4500,s16_large_lowering,p02_broad_late,B2,5716.0,240.26000000000025,0,0.0328442293930048,0.1842503227329955,56:323763:B2:204641,-1.3666021819038776,-1.5868434869356374,-1.185783093636441,0,0,0,0,0
204890,56,high_20nA,20.0,324104,amp_ge_4500|s16_large_lowering|p02_broad_late,amp_ge_4500,s16_large_lowering,p02_broad_late,B2,7471.0,6646.935,0,0.3578078189905502,0.713291393387766,56:324104:B2:204890,0.9630726791388092,1.0394319799007454,0.8025290496310606,0,0,1,0,1
205160,56,high_20nA,20.0,324441,amp_ge_4500|s16_large_lowering|p02_broad_late,amp_ge_4500,s16_large_lowering,p02_broad_late,B2,6618.0,388.7299999999996,0,0.0366357957131084,0.2257178298114988,56:324441:B2:205160,-0.7918530247963812,-1.4326700161002783,-0.9026255561847416,0,0,0,0,0
205248,56,high_20nA,20.0,324560,amp_ge_4500|s16_large_lowering|p02_broad_late,amp_ge_4500,s16_large_lowering,p02_broad_late,B2,5538.5,344.4224999999997,0,0.0336141641682377,0.1530659844413863,56:324560:B2:205248,-1.3941998942629366,-1.562381347478835,-1.1859961257610268,0,0,0,0,0
205345,56,high_20nA,20.0,324691,amp_ge_4500|s16_large_lowering|p02_broad_late,amp_ge_4500,s16_large_lowering,p02_broad_late,B2,7577.5,1709.8374999999996,0,0.2697782055821651,0.4048168921148136,56:324691:B2:205345,0.21263167120263304,0.07037496570532249,0.11035752065323601,0,0,0,0,0
205710,56,high_20nA,20.0,325168,amp_ge_4500|s16_large_lowering|p02_broad_late,amp_ge_4500,s16_large_lowering,p02_broad_late,B2,7501.0,6625.485,0,0.3377940834737467,0.6252499666711105,56:325168:B2:205710,0.8537399609776103,0.8499156100475425,0.6813857413914597,0,0,0,0,0
205888,56,high_20nA,20.0,325398,amp_ge_4500|s16_large_lowering|p02_broad_late,amp_ge_4500,s16_large_lowering,p02_broad_late,B2,6524.5,202.6324999999997,0,0.0296967503229608,0.1631670408607929,56:325398:B2:205888,-1.0913995571673445,-1.6585141678498783,-1.1113077822205397,0,0,0,0,0
205957,56,high_20nA,20.0,325490,amp_ge_4500|s16_large_lowering|p02_broad_late,amp_ge_4500,s16_large_lowering,p02_broad_late,B2,6595.0,261.0749999999998,1,0.29988616316328,0.5710386656557999,56:325490:B2:205957,-0.442501411597381,0.0837647839228931,0.06703067284061032,0,0,0,0,0
206724,56,high_20nA,20.0,326464,amp_ge_4500|s16_large_lowering|p02_broad_late,amp_ge_4500,s16_large_lowering,p02_broad_late,B2,6493.5,754.0974999999999,0,0.0415193537144889,0.2489416269338526,56:326464:B2:206724,-0.6300345281725008,-1.2659828940391396,-0.7711259362019889,0,0,0,0,0
206868,56,high_20nA,20.0,326651,amp_ge_4500|s16_large_lowering|p02_broad_late,amp_ge_4500,s16_large_lowering,p02_broad_late,B2,7555.5,824.1674999999996,1,0.2873951211172982,0.5256435709086096,56:326651:B2:206868,0.16915378315661878,0.17211419432453764,0.336566399215821,0,0,0,0,0
206979,56,high_20nA,20.0,326790,amp_ge_4500|s16_large_lowering|p02_broad_late,amp_ge_4500,s16_large_lowering,p02_broad_late,B2,8208.5,872.3725000000004,0,0.2475978996044386,0.4146311750015228,56:326790:B2:206979,0.25387803640983886,-0.12005315185888063,0.0460513300550089,0,0,0,0,0
207036,56,high_20nA,20.0,326865,amp_ge_4500|s16_large_lowering|p02_broad_late,amp_ge_4500,s16_large_lowering,p02_broad_late,B2,5143.0,8466.855,0,0.5137869808309619,0.5442348823643788,56:326865:B2:207036,-0.18736498763694964,1.4064234109457363,0.5194991372951683,0,1,0,0,1
208027,56,high_20nA,20.0,328137,amp_ge_4500|s16_large_lowering|p02_broad_late,amp_ge_4500,s16_large_lowering,p02_broad_late,B2,7284.5,464.2325000000001,0,0.0346806381229615,0.2916019170848897,56:328137:B2:208027,-0.40050496580628736,-1.3262434786532844,-0.7092141480407687,0,0,0,0,0
208343,56,high_20nA,20.0,328571,amp_ge_4500|s16_large_lowering|p02_broad_late,amp_ge_4500,s16_large_lowering,p02_broad_late,B2,6964.0,221.54000000000087,0,0.033833180744546,0.2729255425608846,56:328571:B2:208343,-0.7462435773357435,-1.480533109541592,-0.9053964653950511,0,0,0,0,0
208566,56,high_20nA,20.0,328890,amp_ge_4500|s16_large_lowering|p02_broad_late,amp_ge_4500,s16_large_lowering,p02_broad_late,B2,7038.5,6646.9225,1,0.3846978144828212,0.6536193791290758,56:328890:B2:208566,0.7245971985827044,1.0602172548750148,0.9206381825089338,0,1,1,1,2
209595,56,high_20nA,20.0,330281,amp_ge_4500|s16_large_lowering|p02_broad_late,amp_ge_4500,s16_large_lowering,p02_broad_late,B2,6383.0,564.2549999999992,0,0.0408139593620761,0.2412986016778926,56:330281:B2:209595,-0.7648790419477599,-1.328755189983345,-0.8487312157331537,0,0,0,0,0
210193,56,high_20nA,20.0,331110,amp_ge_4500|s16_large_lowering|p02_broad_late,amp_ge_4500,s16_large_lowering,p02_broad_late,B2,6032.5,1121.0125000000007,0,0.0603856552854828,0.1891656536952423,56:331110:B2:210193,-0.797526696986701,-1.1860397794784454,-0.8011968522358934,0,0,0,0,0
210586,56,high_20nA,20.0,331621,amp_ge_4500|s16_large_lowering|p02_broad_late,amp_ge_4500,s16_large_lowering,p02_broad_late,B2,5312.5,335.8125,0,0.0359927229905995,0.0827279200195422,56:331621:B2:210586,-1.6064343817294557,-1.6466161251191542,-1.302023837607238,0,0,0,0,0
210660,56,high_20nA,20.0,331725,amp_ge_4500|s16_large_lowering|p02_broad_late,amp_ge_4500,s16_large_lowering,p02_broad_late,B2,8310.5,204.84249999999972,0,0.035793464230173,0.3181810337017838,56:331725:B2:210660,-0.2386477811192754,-1.4255033150281755,-0.6893975491371583,0,0,0,0,0
210667,56,high_20nA,20.0,331733,amp_ge_4500|s16_large_lowering|p02_broad_late,amp_ge_4500,s16_large_lowering,p02_broad_late,B2,8272.0,680.9200000000001,1,0.2639704717695806,0.4366537717601547,56:331733:B2:210667,0.23645550020051473,-0.06826084607464872,0.2611835347248431,0,0,0,0,0
211108,56,high_20nA,20.0,332330,amp_ge_4500|s16_large_lowering|p02_broad_late,amp_ge_4500,s16_large_lowering,p02_broad_late,B2,6530.5,303.5424999999996,0,0.0293146319761362,0.1636219019548867,56:332330:B2:211108,-0.9784091422900648,-1.5910700849728583,-1.0400449097588251,0,0,0,0,0
211478,56,high_20nA,20.0,332835,amp_ge_4500|s16_large_lowering|p02_broad_late,amp_ge_4500,s16_large_lowering,p02_broad_late,B2,7128.0,934.08,0,0.2605363396105825,0.4652076318742985,56:332835:B2:211478,-0.03252322926254383,0.009118429416828278,-0.008529086764698778,0,0,0,0,0
211702,56,high_20nA,20.0,333115,amp_ge_4500|s16_large_lowering|p02_broad_late,amp_ge_4500,s16_large_lowering,p02_broad_late,B2,7081.0,1052.785,0,0.032119951979133,0.3135212825715617,56:333115:B2:211702,-0.22249857018474223,-1.170589912578391,-0.5761972199531262,0,0,0,0,0
211976,56,high_20nA,20.0,333461,amp_ge_4500|s16_large_lowering|p02_broad_late,amp_ge_4500,s16_large_lowering,p02_broad_late,B2,5208.0,401.8800000000001,0,0.033340028084305,0.178669108371781,56:333461:B2:211976,-1.4803351974323875,-1.5041528676646692,-1.1942715794434684,0,0,0,0,0
212316,56,high_20nA,20.0,333916,amp_ge_4500|s16_large_lowering|p02_broad_late,amp_ge_4500,s16_large_lowering,p02_broad_late,B2,6645.5,1896.8175,0,0.0663180334424783,0.1780044695538444,56:333916:B2:212316,-0.41299503900984713,-1.0828376200199386,-0.6117299152321161,0,0,0,0,0
213325,56,high_20nA,20.0,335269,amp_ge_4500|s16_large_lowering|p02_broad_late,amp_ge_4500,s16_large_lowering,p02_broad_late,B2,8277.0,7241.845,0,0.3596588537563504,0.6110909749909388,56:335269:B2:213325,1.1193626146308362,0.9280137776842674,0.8151235801871101,0,0,1,0,1
213654,56,high_20nA,20.0,335698,amp_ge_4500|s16_large_lowering|p02_broad_late,amp_ge_4500,s16_large_lowering,p02_broad_late,B2,5879.5,1048.3075,0,0.2782738862599194,0.4815885704566714,56:335698:B2:213654,-0.4883698940183674,0.12018921692546612,-0.13510108861828385,0,0,0,0,0
213785,56,high_20nA,20.0,335868,amp_ge_4500|s16_large_lowering|p02_broad_late,amp_ge_4500,s16_large_lowering,p02_broad_late,B2,5757.5,1530.1374999999998,0,0.0456333947700518,0.265899691448721,56:335868:B2:213785,-0.7322913640421518,-1.1034709264634577,-0.7417285074506699,0,0,0,0,0
214028,56,high_20nA,20.0,336181,amp_ge_4500|s16_large_lowering|p02_broad_late,amp_ge_4500,s16_large_lowering,p02_broad_late,B2,8283.0,6610.755,1,0.297139387682924,0.6262223831944947,56:336181:B2:214028,1.1168390874600815,0.6959915643336522,0.916715310254965,0,0,1,0,1
214667,56,high_20nA,20.0,337026,amp_ge_4500|s16_large_lowering|p02_broad_late,amp_ge_4500,s16_large_lowering,p02_broad_late,B2,9286.5,6633.2025,0,0.326797235767713,0.7863565390620794,56:337026:B2:214667,1.6368861208545724,1.0181847459631896,1.049654319229277,1,0,1,1,2
214930,56,high_20nA,20.0,337384,amp_ge_4500|s16_large_lowering|p02_broad_late,amp_ge_4500,s16_large_lowering,p02_broad_late,B2,6739.5,297.40750000000025,1,0.3203047100417307,0.6244528525855034,56:337384:B2:214930,-0.2774629109479477,0.25356475488754115,0.20106129089254715,0,0,0,0,0
215761,56,high_20nA,20.0,338579,amp_ge_4500|s16_large_lowering|p02_broad_late,amp_ge_4500,s16_large_lowering,p02_broad_late,B2,8118.5,6612.7225,1,0.3015108171083663,0.6002956211122744,56:338579:B2:215761,1.0287843491035777,0.67920853645337,0.8762056379697749,0,0,1,0,1
216073,56,high_20nA,20.0,339018,amp_ge_4500|s16_large_lowering|p02_broad_late,amp_ge_4500,s16_large_lowering,p02_broad_late,B2,5207.0,1526.8950000000004,0,0.0636121078076592,0.1923357484847505,56:339018:B2:216073,-1.098244575987018,-1.1139643678825355,-0.8851979733857318,0,0,0,0,0
216191,56,high_20nA,20.0,339187,amp_ge_4500|s16_large_lowering|p02_broad_late,amp_ge_4500,s16_large_lowering,p02_broad_late,B2,7171.0,6647.435,0,0.3703633267905286,0.6584855668665458,56:339187:B2:216191,0.7805441776128823,1.0143571587740658,0.722636794178003,0,0,1,0,1
217004,56,high_20nA,20.0,340305,amp_ge_4500|s16_large_lowering|p02_broad_late,amp_ge_4500,s16_large_lowering,p02_broad_late,B2,4637.5,382.9375,0,0.0375028771171319,0.1108838429455066,56:340305:B2:217004,-1.8921085280364176,-1.5803432661905665,-1.3827454124538767,0,0,0,0,0
217344,56,high_20nA,20.0,340779,amp_ge_4500|s16_large_lowering|p02_broad_late,amp_ge_4500,s16_large_lowering,p02_broad_late,B2,7829.0,223.5649999999996,1,0.2339591734103275,0.4837143951973432,56:340779:B2:217344,-0.14894902181763658,-0.3172438949655476,0.010156935823768115,0,0,0,0,0
217396,56,high_20nA,20.0,340852,amp_ge_4500|s16_large_lowering|p02_broad_late,amp_ge_4500,s16_large_lowering,p02_broad_late,B2,5180.0,405.2999999999993,0,0.0371920549398491,0.1382840689666172,56:340852:B2:217396,-1.5468993227581584,-1.5365547350204927,-1.2331747313567072,0,0,0,0,0
217630,56,high_20nA,20.0,341157,amp_ge_4500|s16_large_lowering|p02_broad_late,amp_ge_4500,s16_large_lowering,p02_broad_late,B2,8232.5,251.01249999999985,0,0.2997089272555447,0.5143638020042515,56:341157:B2:217630,0.05696533575012959,0.0027061387097719325,0.022783405843153456,0,0,0,0,0
218463,56,high_20nA,20.0,342309,amp_ge_4500|s16_large_lowering|p02_broad_late,amp_ge_4500,s16_large_lowering,p02_broad_late,B2,8332.5,6617.5125,1,0.2922588396453406,0.5932793279327933,56:342309:B2:218463,1.0883363981861212,0.6344224083613217,0.8800252428224811,0,0,1,0,1
218800,56,high_20nA,20.0,342776,amp_ge_4500|s16_large_lowering|p02_broad_late,amp_ge_4500,s16_large_lowering,p02_broad_late,B2,6372.5,221.9125000000004,0,0.287380776816248,0.5530796390741467,56:342776:B2:218800,-0.6018019406072888,-0.015710677443027066,-0.2352832219568411,0,0,0,0,0
219419,56,high_20nA,20.0,343613,amp_ge_4500|s16_large_lowering|p02_broad_late,amp_ge_4500,s16_large_lowering,p02_broad_late,B2,8609.0,6742.865,0,0.313621509199122,0.5592984086421187,56:343613:B2:219419,1.1338866391134448,0.6756913745971311,0.7146673001939041,0,0,1,0,1
219907,56,high_20nA,20.0,344273,amp_ge_4500|s16_large_lowering|p02_broad_late,amp_ge_4500,s16_large_lowering,p02_broad_late,B2,6560.0,1149.6000000000004,0,0.2807122341612135,0.4478658536585366,56:344273:B2:219907,-0.21903171495743465,0.10163417050053851,-0.04054570007359899,0,0,0,0,0
220636,56,high_20nA,20.0,345263,amp_ge_4500|s16_large_lowering|p02_broad_late,amp_ge_4500,s16_large_lowering,p02_broad_late,B2,5641.0,1139.3850000000002,0,0.2861592658117933,0.4898067718489629,56:345263:B2:220636,-0.564083723797568,0.1759346927490381,-0.14045924408847985,0,0,0,0,0
221223,56,high_20nA,20.0,346035,amp_ge_4500|s16_large_lowering|p02_broad_late,amp_ge_4500,s16_large_lowering,p02_broad_late,B2,8036.0,242.46000000000004,0,0.2656285586122335,0.5270034843205574,56:346035:B2:221223,0.0007053341791978945,-0.12004584128575674,-0.05015122635192263,0,0,0,0,0
221293,56,high_20nA,20.0,346131,amp_ge_4500|s16_large_lowering|p02_broad_late,amp_ge_4500,s16_large_lowering,p02_broad_late,B2,9442.5,6622.8625,1,0.256191276932913,0.5385755890918719,56:346131:B2:221293,1.3454794633962954,0.42143257396181294,0.8882838771545536,1,0,1,1,2
221464,56,high_20nA,20.0,346365,amp_ge_4500|s16_large_lowering|p02_broad_late,amp_ge_4500,s16_large_lowering,p02_broad_late,B2,6207.5,203.38749999999985,0,0.2673513205229399,0.5600483286347161,56:346365:B2:221464,-0.6854875849630231,-0.10012152100747657,-0.3025363211090889,0,0,0,0,0
221798,56,high_20nA,20.0,346810,amp_ge_4500|s16_large_lowering|p02_broad_late,amp_ge_4500,s16_large_lowering,p02_broad_late,B2,6817.0,317.7449999999999,0,0.0284863045937093,0.1578179264981428,56:346810:B2:221798,-0.8602047014631717,-1.5948734424255893,-0.9967246323747527,0,0,0,0,0
221838,56,high_20nA,20.0,346861,amp_ge_4500|s16_large_lowering|p02_broad_late,amp_ge_4500,s16_large_lowering,p02_broad_late,B2,4905.5,647.9174999999996,0,0.1942432780465877,0.4479665681378045,56:346861:B2:221838,-1.1442929028956343,-0.3466752168418418,-0.5804348941739146,0,0,0,0,0
222626,56,high_20nA,20.0,347897,amp_ge_4500|s16_large_lowering|p02_broad_late,amp_ge_4500,s16_large_lowering,p02_broad_late,B2,6308.5,1410.8725000000004,0,0.0336887681448035,0.322323663967384,56:347897:B2:222626,-0.4363312699995372,-1.1015846569715593,-0.628471438527879,0,0,0,0,0
222911,56,high_20nA,20.0,348288,amp_ge_4500|s16_large_lowering|p02_broad_late,amp_ge_4500,s16_large_lowering,p02_broad_late,B2,8503.5,553.9475000000002,0,0.2622973365751367,0.4524607514552831,56:348288:B2:222911,0.27458151228300287,-0.08952810189753868,0.06673917187057485,0,0,0,0,0
223155,56,high_20nA,20.0,348647,amp_ge_4500|s16_large_lowering|p02_broad_late,amp_ge_4500,s16_large_lowering,p02_broad_late,B2,6678.5,651.3225000000002,0,0.0526550042416261,0.1980083963095647,56:348647:B2:223155,-0.6645469539622526,-1.3038369430758405,-0.800139358597509,0,0,0,0,0
223392,56,high_20nA,20.0,348953,amp_ge_4500|s16_large_lowering|p02_broad_late,amp_ge_4500,s16_large_lowering,p02_broad_late,B2,7114.0,6658.29,0,0.3666477782812455,0.6487208321619342,56:348953:B2:223392,0.7466702495493185,0.9883195954449457,0.6988289249156182,0,0,0,0,0
223865,56,high_20nA,20.0,349533,amp_ge_4500|s16_large_lowering|p02_broad_late,amp_ge_4500,s16_large_lowering,p02_broad_late,B2,7429.0,6615.565,0,0.3464957603894917,0.672499663480953,56:349533:B2:223865,0.8917039032362115,0.9436187266042491,0.735167348403545,0,0,1,0,1
224455,56,high_20nA,20.0,350279,amp_ge_4500|s16_large_lowering|p02_broad_late,amp_ge_4500,s16_large_lowering,p02_broad_late,B2,4827.0,413.59500000000025,0,0.0336614113703606,0.1269051141078531,56:350279:B2:224455,-1.7435003707574368,-1.5650047179395887,-1.3198321224224534,0,0,0,0,0
224486,56,high_20nA,20.0,350318,amp_ge_4500|s16_large_lowering|p02_broad_late,amp_ge_4500,s16_large_lowering,p02_broad_late,B2,5814.5,864.2825000000003,0,0.2628959436703081,0.5144896379740305,56:350318:B2:224486,-0.5259652363897573,0.06933394863537698,-0.17074653140124946,0,0,0,0,0
225001,56,high_20nA,20.0,350951,amp_ge_4500|s16_large_lowering|p02_broad_late,amp_ge_4500,s16_large_lowering,p02_broad_late,B2,6908.0,625.3800000000001,0,0.2553171761094173,0.5107122177185871,56:350951:B2:225001,-0.16338591234392966,-0.02093209623555224,-0.07087812710962521,0,0,0,0,0
225182,56,high_20nA,20.0,351167,amp_ge_4500|s16_large_lowering|p02_broad_late,amp_ge_4500,s16_large_lowering,p02_broad_late,B2,7932.0,6619.02,1,0.3140758597883093,0.6417044881492688,56:351167:B2:225182,1.023547489118366,0.7814089003072964,0.9171397839940436,0,0,1,0,1
225352,56,high_20nA,20.0,351389,amp_ge_4500|s16_large_lowering|p02_broad_late,amp_ge_4500,s16_large_lowering,p02_broad_late,B2,4610.5,641.3425000000007,0,0.197576272806999,0.4234898601019412,56:351389:B2:225352,-1.3442607633052501,-0.3662586595471805,-0.6646477270658109,0,0,0,0,0
225465,56,high_20nA,20.0,351535,amp_ge_4500|s16_large_lowering|p02_broad_late,amp_ge_4500,s16_large_lowering,p02_broad_late,B2,7165.5,6696.0175,0,0.3685977451494269,0.6407787314213942,56:351535:B2:225465,0.7565589268275352,0.9861098685912353,0.7016585370027821,0,0,0,0,0
225542,56,high_20nA,20.0,351631,amp_ge_4500|s16_large_lowering|p02_broad_late,amp_ge_4500,s16_large_lowering,p02_broad_late,B2,7252.0,214.22000000000023,0,0.0330058831261006,0.2938126728329075,56:351631:B2:225542,-0.6199155983221823,-1.4631007872250095,-0.8500702579969333,0,0,0,0,0
228062,56,high_20nA,20.0,354875,amp_ge_4500|s16_large_lowering|p02_broad_late,amp_ge_4500,s16_large_lowering,p02_broad_late,B2,9367.0,6657.495,0,0.2594969041862284,0.5706202626241059,56:354875:B2:228062,1.3689945235066578,0.4771714645882291,0.7206299340595862,1,0,1,1,2
228331,56,high_20nA,20.0,355235,amp_ge_4500|s16_large_lowering|p02_broad_late,amp_ge_4500,s16_large_lowering,p02_broad_late,B2,5908.0,627.3799999999992,0,0.194774868592421,0.3864251861882193,56:355235:B2:228331,-0.7443175220507449,-0.42995142111956464,-0.4634202552495002,0,0,0,0,0
229054,56,high_20nA,20.0,356145,amp_ge_4500|s16_large_lowering|p02_broad_late,amp_ge_4500,s16_large_lowering,p02_broad_late,B2,7888.0,6671.68,0,0.3320563337122578,0.6075050709939148,56:356145:B2:229054,0.9647477227553223,0.8064678523015374,0.7053206326136682,0,0,1,0,1
229495,56,high_20nA,20.0,356747,amp_ge_4500|s16_large_lowering|p02_broad_late,amp_ge_4500,s16_large_lowering,p02_broad_late,B2,7941.5,423.3774999999996,0,0.0281783971497216,0.1535550566617732,56:356747:B2:229495,-0.3838021923743298,-1.5530520703590214,-0.7981267026530343,0,0,0,0,0
230052,56,high_20nA,20.0,357464,amp_ge_4500|s16_large_lowering|p02_broad_late,amp_ge_4500,s16_large_lowering,p02_broad_late,B2,6508.0,428.3800000000001,0,0.0308575399248445,0.1744437166274595,56:357464:B2:230052,-0.8790695790961939,-1.5108370370244295,-0.968597995606814,0,0,0,0,0
230386,57,high_20nA,20.0,358085,amp_ge_4500|s16_large_lowering|p02_broad_late,amp_ge_4500,s16_large_lowering,p02_broad_late,B2,9044.0,396.34000000000015,0,0.2597810239189913,0.4549977885891199,57:358085:B2:230386,0.3498091269943944,-0.15327419376816023,0.0685523068752426,0,0,0,0,0
230728,57,high_20nA,20.0,358943,amp_ge_4500|s16_large_lowering|p02_broad_late,amp_ge_4500,s16_large_lowering,p02_broad_late,B2,7505.0,6654.425,0,0.345492819971624,0.6943371085942704,57:358943:B2:230728,0.9497634407489277,0.9692743853867026,0.7680053493470076,0,0,1,0,1
231205,57,high_20nA,20.0,360099,amp_ge_4500|s16_large_lowering|p02_broad_late,amp_ge_4500,s16_large_lowering,p02_broad_late,B2,7836.0,7301.46,1,0.3110188112662019,0.6290199081163859,57:360099:B2:231205,1.00097642323102,0.7699824251816612,0.9037636594040854,0,0,1,0,1
231300,57,high_20nA,20.0,360352,amp_ge_4500|s16_large_lowering|p02_broad_late,amp_ge_4500,s16_large_lowering,p02_broad_late,B2,8392.5,6696.6125,0,0.347054357513151,0.6185880250223413,57:360352:B2:231300,1.1447894355244905,0.8776801697947887,0.8036456568131176,0,0,1,0,1
231442,57,high_20nA,20.0,360682,amp_ge_4500|s16_large_lowering|p02_broad_late,amp_ge_4500,s16_large_lowering,p02_broad_late,B2,7887.5,6655.1875,0,0.3142986167795328,0.6556576862123613,57:360682:B2:231442,1.029018013428628,0.801331764485604,0.7275861861868322,0,0,1,0,1
231595,57,high_20nA,20.0,361107,amp_ge_4500|s16_large_lowering|p02_broad_late,amp_ge_4500,s16_large_lowering,p02_broad_late,B2,8539.0,6615.915,0,0.298061040543625,0.6339149783346996,57:361107:B2:231595,1.2079931357606604,0.7096899123137063,0.7571071547608075,1,0,1,1,2
231972,57,high_20nA,20.0,362105,amp_ge_4500|s16_large_lowering|p02_broad_late,amp_ge_4500,s16_large_lowering,p02_broad_late,B2,9516.5,6592.7525,0,0.2755600877455474,0.5663321599327484,57:362105:B2:231972,1.4024239325157168,0.533500281475256,0.75699121257558,1,0,1,1,2
232066,57,high_20nA,20.0,362340,amp_ge_4500|s16_large_lowering|p02_broad_late,amp_ge_4500,s16_large_lowering,p02_broad_late,B2,7756.0,381.6599999999999,0,0.2443456363221869,0.5039969056214544,57:362340:B2:232066,-0.0007223802278313179,-0.15783320191660483,-0.06656444929154992,0,0,0,0,0
232218,57,high_20nA,20.0,362745,amp_ge_4500|s16_large_lowering|p02_broad_late,amp_ge_4500,s16_large_lowering,p02_broad_late,B2,8234.5,6632.9825,0,0.2939267251038816,0.6577812860525837,57:362745:B2:232218,1.1448927145168284,0.725158866438876,0.7396259554207227,0,0,1,0,1
232647,57,high_20nA,20.0,363845,amp_ge_4500|s16_large_lowering|p02_broad_late,amp_ge_4500,s16_large_lowering,p02_broad_late,B2,5038.5,1675.9224999999997,1,0.0653333251972608,0.2565312710609713,57:363845:B2:232647,-1.073046829598924,-1.0064949614566776,-0.6304856790593958,0,0,0,0,0
232719,57,high_20nA,20.0,364076,amp_ge_4500|s16_large_lowering|p02_broad_late,amp_ge_4500,s16_large_lowering,p02_broad_late,B2,7050.0,771.25,0,0.2482289723856948,0.3916312056737588,57:364076:B2:232719,-0.21339021338597502,-0.16842968037982575,-0.15182874684619735,0,0,0,0,0
232908,57,high_20nA,20.0,364604,amp_ge_4500|s16_large_lowering|p02_broad_late,amp_ge_4500,s16_large_lowering,p02_broad_late,B2,7834.0,6641.49,1,0.3362783983439422,0.6169262190451876,57:364604:B2:232908,0.9580729515981642,0.8338180178888301,0.9142712891206111,0,0,1,0,1
233044,57,high_20nA,20.0,364969,amp_ge_4500|s16_large_lowering|p02_broad_late,amp_ge_4500,s16_large_lowering,p02_broad_late,B2,5780.0,271.3000000000002,0,0.0307086592204187,0.1515955379454769,57:364969:B2:233044,-1.3482402753997622,-1.6190228265873565,-1.1923208918185995,0,0,0,0,0
233123,57,high_20nA,20.0,365160,amp_ge_4500|s16_large_lowering|p02_broad_late,amp_ge_4500,s16_large_lowering,p02_broad_late,B2,7141.0,6684.885,0,0.3806911460612304,0.6445875927741213,57:365160:B2:233123,0.752192801103641,1.0349098927956928,0.7204954193935745,0,0,1,0,1
233336,57,high_20nA,20.0,365750,amp_ge_4500|s16_large_lowering|p02_broad_late,amp_ge_4500,s16_large_lowering,p02_broad_late,B2,7931.0,6628.035,0,0.3511822995096814,0.6775942504097844,57:365750:B2:233336,1.0721172640843684,0.9679937015814417,0.8139619150162655,0,0,1,0,1
233727,57,high_20nA,20.0,366796,amp_ge_4500|s16_large_lowering|p02_broad_late,amp_ge_4500,s16_large_lowering,p02_broad_late,B2,4646.5,2833.8025,0,0.1082310964448937,0.1858384461260847,57:366796:B2:233727,-1.239517120102063,-0.8107478163418511,-0.8115305885023614,0,0,0,0,0
233794,57,high_20nA,20.0,366929,amp_ge_4500|s16_large_lowering|p02_broad_late,amp_ge_4500,s16_large_lowering,p02_broad_late,B2,6719.5,537.7075000000004,0,0.3381200544210829,0.5373167646402262,57:366929:B2:233794,-0.24179912487662425,0.3083502920790788,0.037623455220095886,0,0,0,0,0
233915,57,high_20nA,20.0,367173,amp_ge_4500|s16_large_lowering|p02_broad_late,amp_ge_4500,s16_large_lowering,p02_broad_late,B2,5109.5,1606.8575,0,0.3438368995190218,0.4682454251883746,57:367173:B2:233915,-0.7612243393981426,0.4266092610276043,-0.11008935933970038,0,0,0,0,0
233965,57,high_20nA,20.0,367274,amp_ge_4500|s16_large_lowering|p02_broad_late,amp_ge_4500,s16_large_lowering,p02_broad_late,B2,6946.0,353.8099999999995,0,0.04744552446543,0.2430934066979553,57:367274:B2:233965,-0.6660112477673916,-1.3740653800010902,-0.8301917337520667,0,0,0,0,0
234414,57,high_20nA,20.0,368160,amp_ge_4500|s16_large_lowering|p02_broad_late,amp_ge_4500,s16_large_lowering,p02_broad_late,B2,6878.0,376.8299999999999,0,0.2857541468547744,0.4856062808956092,57:368160:B2:234414,-0.3469341924164588,-0.019699962184319297,-0.14010897723566845,0,0,0,0,0
234469,57,high_20nA,20.0,368280,amp_ge_4500|s16_large_lowering|p02_broad_late,amp_ge_4500,s16_large_lowering,p02_broad_late,B2,8235.0,6622.475,0,0.3070388012262569,0.6403157255616272,57:368280:B2:234469,1.1210027138303222,0.7527567375321353,0.7421388610190193,0,0,1,0,1
234802,57,high_20nA,20.0,368994,amp_ge_4500|s16_large_lowering|p02_broad_late,amp_ge_4500,s16_large_lowering,p02_broad_late,B2,5540.0,677.8999999999996,0,0.0461201815687603,0.1005441808852516,57:368994:B2:234802,-1.2799330701428326,-1.4549837459634558,-1.0974677399589279,0,0,0,0,0
234818,57,high_20nA,20.0,369025,amp_ge_4500|s16_large_lowering|p02_broad_late,amp_ge_4500,s16_large_lowering,p02_broad_late,B2,7552.5,350.21249999999964,0,0.306550777752978,0.5077126779212181,57:369025:B2:234818,-0.08947180360934734,0.07706056009629317,-0.001633850131108859,0,0,0,0,0
234853,57,high_20nA,20.0,369115,amp_ge_4500|s16_large_lowering|p02_broad_late,amp_ge_4500,s16_large_lowering,p02_broad_late,B2,4870.0,329.9499999999998,0,0.371353088116725,0.7014373716632444,57:369115:B2:234853,-1.0046809392351777,0.5616311856852141,-0.14589365892157763,0,0,0,0,0
234868,57,high_20nA,20.0,369150,amp_ge_4500|s16_large_lowering|p02_broad_late,amp_ge_4500,s16_large_lowering,p02_broad_late,B2,7685.5,6604.2175,0,0.367937337545846,0.6954004293800014,57:369150:B2:234868,1.0120152094090233,1.0523532157866993,0.8265541302058426,0,1,1,1,2
234975,57,high_20nA,20.0,369352,amp_ge_4500|s16_large_lowering|p02_broad_late,amp_ge_4500,s16_large_lowering,p02_broad_late,B2,5600.5,2358.4925000000003,1,0.2933263541874378,0.1851907295033468,57:369352:B2:234975,-0.7964564943304284,-0.0681323843287813,-0.13126906926365095,0,0,0,0,0
234988,57,high_20nA,20.0,369376,amp_ge_4500|s16_large_lowering|p02_broad_late,amp_ge_4500,s16_large_lowering,p02_broad_late,B2,8057.5,328.6374999999998,0,0.2729966230133437,0.4607508532423208,57:369376:B2:234988,0.0009625692346449744,-0.1253349891517977,-0.05227491913458994,0,0,0,0,0
234989,57,high_20nA,20.0,369377,amp_ge_4500|s16_large_lowering|p02_broad_late,amp_ge_4500,s16_large_lowering,p02_broad_late,B2,8598.5,850.5225,0,0.260709597889641,0.3957085538175263,57:369377:B2:234989,0.3441870797758742,-0.09653774451369077,0.09024523761908207,0,0,0,0,0
235039,57,high_20nA,20.0,369486,amp_ge_4500|s16_large_lowering|p02_broad_late,amp_ge_4500,s16_large_lowering,p02_broad_late,B2,9202.5,6608.4625,0,0.2661686521424416,0.5907633795164358,57:369486:B2:235039,1.3473336301196588,0.5286027029168239,0.7339999146705364,1,0,1,1,2
235100,57,high_20nA,20.0,369627,amp_ge_4500|s16_large_lowering|p02_broad_late,amp_ge_4500,s16_large_lowering,p02_broad_late,B2,7120.0,6637.2,0,0.4020278899970542,0.7463483146067416,57:369627:B2:235100,0.8800503925555836,1.2429289066602327,0.8564492899684195,0,1,1,1,2
235101,57,high_20nA,20.0,369628,amp_ge_4500|s16_large_lowering|p02_broad_late,amp_ge_4500,s16_large_lowering,p02_broad_late,B2,6095.0,1668.5749999999998,0,0.0607458302379453,0.2239979861777166,57:369628:B2:235101,-0.6145896773427693,-1.0711933896067702,-0.6834453010250958,0,0,0,0,0
235118,57,high_20nA,20.0,369662,amp_ge_4500|s16_large_lowering|p02_broad_late,amp_ge_4500,s16_large_lowering,p02_broad_late,B2,8056.0,6649.16,0,0.3285574676645584,0.6598808341608738,57:369662:B2:235118,1.090410428750129,0.8607977310167227,0.7758910099520726,0,0,1,0,1
235362,57,high_20nA,20.0,370226,amp_ge_4500|s16_large_lowering|p02_broad_late,amp_ge_4500,s16_large_lowering,p02_broad_late,B2,5233.0,419.5050000000001,0,0.0306291169272255,0.1668845612408799,57:370226:B2:235362,-1.471904916881367,-1.525343065903069,-1.1999679560942083,0,0,0,0,0
235434,57,high_20nA,20.0,370394,amp_ge_4500|s16_large_lowering|p02_broad_late,amp_ge_4500,s16_large_lowering,p02_broad_late,B2,8971.0,6611.435,1,0.2929617094427755,0.7293501281908371,57:370394:B2:235434,1.4674455277650282,0.8139169820611447,1.0994744330163915,1,0,1,1,2
235573,57,high_20nA,20.0,370716,amp_ge_4500|s16_large_lowering|p02_broad_late,amp_ge_4500,s16_large_lowering,p02_broad_late,B2,6984.5,6891.7325,0,0.3909903423349488,0.5849380771708784,57:370716:B2:235573,0.6212240022945223,0.9998338308273754,0.6559953298194161,0,0,0,0,0
235699,57,high_20nA,20.0,370990,amp_ge_4500|s16_large_lowering|p02_broad_late,amp_ge_4500,s16_large_lowering,p02_broad_late,B2,7537.5,7276.4375,0,0.3494358766941657,0.5372470978441127,57:370990:B2:235699,0.7731783591757452,0.7949535240239842,0.6276882565768566,0,0,0,0,0
235768,57,high_20nA,20.0,371170,amp_ge_4500|s16_large_lowering|p02_broad_late,amp_ge_4500,s16_large_lowering,p02_broad_late,B2,7868.5,1490.4725,0,0.3028361746234442,0.4131028785664358,57:371170:B2:235768,0.28606277097103006,0.18664956877067929,0.1870966718526767,0,0,0,0,0
235998,57,high_20nA,20.0,371675,amp_ge_4500|s16_large_lowering|p02_broad_late,amp_ge_4500,s16_large_lowering,p02_broad_late,B2,6064.0,1384.04,0,0.2533111716618553,0.4614116094986807,57:371675:B2:235998,-0.3580766459210362,0.0424156278266359,-0.1182545617628067,0,0,0,0,0
236031,57,high_20nA,20.0,371752,amp_ge_4500|s16_large_lowering|p02_broad_late,amp_ge_4500,s16_large_lowering,p02_broad_late,B2,8332.0,6595.02,0,0.3519741747253732,0.814450312049928,57:371752:B2:236031,1.3863244544489377,1.148025090367817,1.0089738306450795,1,1,1,1,3
236113,57,high_20nA,20.0,371944,amp_ge_4500|s16_large_lowering|p02_broad_late,amp_ge_4500,s16_large_lowering,p02_broad_late,B2,6116.5,262.7524999999996,0,0.3241632191612702,0.6874029265102591,57:371944:B2:236113,-0.4826944890811099,0.3289777043990867,-0.045253270003205365,0,0,0,0,0
236159,57,high_20nA,20.0,372085,amp_ge_4500|s16_large_lowering|p02_broad_late,amp_ge_4500,s16_large_lowering,p02_broad_late,B2,7500.0,6662.5,0,0.356901221728395,0.6276,57:372085:B2:236159,0.8580865898604046,0.925061965857439,0.7145989298070782,0,0,1,0,1
236218,57,high_20nA,20.0,372242,amp_ge_4500|s16_large_lowering|p02_broad_late,amp_ge_4500,s16_large_lowering,p02_broad_late,B2,7692.5,6641.1125,1,0.3423805428949785,0.680727981800455,57:372242:B2:236218,0.9961048440893723,0.9396206604701886,0.9731605181514407,0,0,1,0,1
236541,57,high_20nA,20.0,373018,amp_ge_4500|s16_large_lowering|p02_broad_late,amp_ge_4500,s16_large_lowering,p02_broad_late,B2,6955.0,6674.675,1,0.4259224842366131,0.7509705248023005,57:373018:B2:236541,0.8258009854438215,1.3346729158899977,1.0743669991424512,0,1,1,1,2
236543,57,high_20nA,20.0,373021,amp_ge_4500|s16_large_lowering|p02_broad_late,amp_ge_4500,s16_large_lowering,p02_broad_late,B2,8693.0,6608.605,1,0.3180784439712975,0.6178534453008168,57:373021:B2:236543,1.2332661808503202,0.7653844739991079,0.9901026278027469,1,0,1,1,2
237080,57,high_20nA,20.0,374430,amp_ge_4500|s16_large_lowering|p02_broad_late,amp_ge_4500,s16_large_lowering,p02_broad_late,B2,8979.5,6608.8075,0,0.2851843027174151,0.6040982237318336,57:374430:B2:237080,1.3004719168673744,0.6207269992210934,0.7548846680824615,1,0,1,1,2
237086,57,high_20nA,20.0,374441,amp_ge_4500|s16_large_lowering|p02_broad_late,amp_ge_4500,s16_large_lowering,p02_broad_late,B2,9412.0,6610.82,0,0.2772416876316653,0.5368678283042924,57:374441:B2:237086,1.334112588025657,0.5022657816182614,0.7179144117294194,1,0,1,1,2
237162,57,high_20nA,20.0,374609,amp_ge_4500|s16_large_lowering|p02_broad_late,amp_ge_4500,s16_large_lowering,p02_broad_late,B2,9010.5,6619.3425,0,0.2957370878168698,0.5559624882082015,57:374609:B2:237162,1.2449346834315493,0.5994329584762277,0.7248370222640044,1,0,1,1,2
237391,57,high_20nA,20.0,375195,amp_ge_4500|s16_large_lowering|p02_broad_late,amp_ge_4500,s16_large_lowering,p02_broad_late,B2,8641.0,6634.385,1,0.2874058275210695,0.5832658257146164,57:375195:B2:237391,1.1716835963913277,0.6029630195370969,0.8984842348342852,1,0,1,1,2
237430,57,high_20nA,20.0,375295,amp_ge_4500|s16_large_lowering|p02_broad_late,amp_ge_4500,s16_large_lowering,p02_broad_late,B2,7032.5,1111.0124999999998,1,0.2690369757405708,0.4154283682900818,57:375295:B2:237430,-0.0881891713893692,0.007694163717906497,0.16971966363356045,0,0,0,0,0
237642,57,high_20nA,20.0,375799,amp_ge_4500|s16_large_lowering|p02_broad_late,amp_ge_4500,s16_large_lowering,p02_broad_late,B2,7538.0,6827.93,0,0.3374231067881109,0.5425842398514195,57:375799:B2:237642,0.7631953464966788,0.7461772930845596,0.603408694764253,0,0,0,0,0
237737,57,high_20nA,20.0,376068,amp_ge_4500|s16_large_lowering|p02_broad_late,amp_ge_4500,s16_large_lowering,p02_broad_late,B2,8911.0,6596.335,0,0.2680536456608961,0.6270901133430591,57:376068:B2:237737,1.3107846062644648,0.582984874578393,0.7429517977034217,1,0,1,1,2
237798,57,high_20nA,20.0,376228,amp_ge_4500|s16_large_lowering|p02_broad_late,amp_ge_4500,s16_large_lowering,p02_broad_late,B2,7965.0,534.5249999999996,0,0.2592228712481513,0.5525423728813559,57:376228:B2:237798,0.22708584238077184,0.022286346257153228,0.09565288553269766,0,0,0,0,0
238446,57,high_20nA,20.0,377805,amp_ge_4500|s16_large_lowering|p02_broad_late,amp_ge_4500,s16_large_lowering,p02_broad_late,B2,6769.0,1236.465,0,0.0353065661011471,0.3298947824775691,57:377805:B2:238446,-0.27569537051885723,-1.106405630320196,-0.5694546055316481,0,0,0,0,0
238550,57,high_20nA,20.0,378048,amp_ge_4500|s16_large_lowering|p02_broad_late,amp_ge_4500,s16_large_lowering,p02_broad_late,B2,5287.0,709.6949999999997,0,0.3676676086619587,0.5765084168715717,57:378048:B2:238550,-0.747484078280594,0.5161737397517724,-0.06725097905088132,0,0,0,0,0
238578,57,high_20nA,20.0,378108,amp_ge_4500|s16_large_lowering|p02_broad_late,amp_ge_4500,s16_large_lowering,p02_broad_late,B2,8250.0,6601.25,0,0.2961715139271503,0.6398787878787878,57:378108:B2:238578,1.1243502871090307,0.7097580539801788,0.7253514917731068,0,0,1,0,1
238596,57,high_20nA,20.0,378170,amp_ge_4500|s16_large_lowering|p02_broad_late,amp_ge_4500,s16_large_lowering,p02_broad_late,B2,7905.0,6770.425,0,0.353638769190092,0.5915243516761544,57:378170:B2:238596,0.9528468268209167,0.8688225869353714,0.7269872807048043,0,0,1,0,1
238889,57,high_20nA,20.0,378960,amp_ge_4500|s16_large_lowering|p02_broad_late,amp_ge_4500,s16_large_lowering,p02_broad_late,B2,8856.0,6606.16,0,0.2904368439082782,0.623193315266486,57:378960:B2:238889,1.2895398873942832,0.6659467487318149,0.7697227916771898,1,0,1,1,2
239149,57,high_20nA,20.0,379599,amp_ge_4500|s16_large_lowering|p02_broad_late,amp_ge_4500,s16_large_lowering,p02_broad_late,B2,6554.5,1042.1825,1,0.2669034153664443,0.4936303303074223,57:379599:B2:239149,-0.18613755281362196,0.09002574721236285,0.16707854376001607,0,0,0,0,0
239440,57,high_20nA,20.0,380271,amp_ge_4500|s16_large_lowering|p02_broad_late,amp_ge_4500,s16_large_lowering,p02_broad_late,B2,5695.5,1245.0674999999992,0,0.0524757176806998,0.2088341240339583,57:380271:B2:239440,-0.8943786454417088,-1.1801226038267236,-0.8355153788750732,0,0,0,0,0
239623,57,high_20nA,20.0,380730,amp_ge_4500|s16_large_lowering|p02_broad_late,amp_ge_4500,s16_large_lowering,p02_broad_late,B2,8511.0,6616.335,1,0.2950566878548362,0.5823052520267888,57:380730:B2:239623,1.129531155251163,0.630972291112982,0.8942302012628944,0,0,1,0,1
239639,57,high_20nA,20.0,380781,amp_ge_4500|s16_large_lowering|p02_broad_late,amp_ge_4500,s16_large_lowering,p02_broad_late,B2,9058.0,6588.13,0,0.2657505703385885,0.5943916979465665,57:380781:B2:239639,1.3095212533094316,0.5311377148645866,0.7206959165007104,1,0,1,1,2
239675,57,high_20nA,20.0,380889,amp_ge_4500|s16_large_lowering|p02_broad_late,amp_ge_4500,s16_large_lowering,p02_broad_late,B2,7090.0,6640.65,1,0.4182569031519658,0.7458392101551481,57:380889:B2:239675,0.8683319856668793,1.3000885334242684,1.0760033385916068,0,1,1,1,2
239676,57,high_20nA,20.0,380890,amp_ge_4500|s16_large_lowering|p02_broad_late,amp_ge_4500,s16_large_lowering,p02_broad_late,B2,9019.0,6601.715,0,0.2920264230125091,0.5966293380640869,57:380890:B2:239676,1.301692695908459,0.6374679338448731,0.7623797566600611,1,0,1,1,2
239796,57,high_20nA,20.0,381209,amp_ge_4500|s16_large_lowering|p02_broad_late,amp_ge_4500,s16_large_lowering,p02_broad_late,B2,9474.0,6614.89,0,0.2573467299029161,0.5683977200759974,57:381209:B2:239796,1.3942894415038296,0.4646146465428416,0.7249681393194487,1,0,1,1,2
239959,57,high_20nA,20.0,381606,amp_ge_4500|s16_large_lowering|p02_broad_late,amp_ge_4500,s16_large_lowering,p02_broad_late,B2,6012.0,908.8199999999996,0,0.0405534105633161,0.28301312395968,57:381606:B2:239959,-0.7368908691242729,-1.1945139614416576,-0.7817143940727198,0,0,0,0,0
240234,57,high_20nA,20.0,382363,amp_ge_4500|s16_large_lowering|p02_broad_late,amp_ge_4500,s16_large_lowering,p02_broad_late,B2,9093.0,6604.605,1,0.278524186562474,0.5542725173210161,57:382363:B2:240234,1.2661567731656662,0.5297698643596465,0.9036429168340048,1,0,1,1,2
240323,57,high_20nA,20.0,382575,amp_ge_4500|s16_large_lowering|p02_broad_late,amp_ge_4500,s16_large_lowering,p02_broad_late,B2,8072.5,6606.4125,0,0.319616396215907,0.6597088882006813,57:382575:B2:240323,1.0938301259793513,0.8255994059795233,0.7624071983835532,0,0,1,0,1
240572,57,high_20nA,20.0,383225,amp_ge_4500|s16_large_lowering|p02_broad_late,amp_ge_4500,s16_large_lowering,p02_broad_late,B2,6248.5,223.77250000000004,0,0.0376128139917961,0.247250141759635,57:383225:B2:240572,-1.0650793162541952,-1.493906875037022,-1.0321710276921432,0,0,0,0,0
240666,57,high_20nA,20.0,383438,amp_ge_4500|s16_large_lowering|p02_broad_late,amp_ge_4500,s16_large_lowering,p02_broad_late,B2,6288.5,2692.1725,0,0.2778725485660435,0.1458085169055719,57:383438:B2:240666,-0.5070194097151414,-0.15705741807504178,-0.25863149128327123,0,0,0,0,0
240863,57,high_20nA,20.0,383947,amp_ge_4500|s16_large_lowering|p02_broad_late,amp_ge_4500,s16_large_lowering,p02_broad_late,B2,5088.0,229.6800000000003,0,0.0341060147767646,0.1322940323623381,57:383947:B2:240863,-1.7570338123063,-1.6559300125699759,-1.3631634539557838,0,0,0,0,0
240950,57,high_20nA,20.0,384130,amp_ge_4500|s16_large_lowering|p02_broad_late,amp_ge_4500,s16_large_lowering,p02_broad_late,B2,5391.5,297.6274999999996,0,0.0303040660400924,0.162442637519099,57:384130:B2:240950,-1.4924551713309842,-1.591132197704471,-1.2354084881416516,0,0,0,0,0
241258,57,high_20nA,20.0,384794,amp_ge_4500|s16_large_lowering|p02_broad_late,amp_ge_4500,s16_large_lowering,p02_broad_late,B2,8684.5,6610.2325,0,0.2862716437221195,0.6002072658184121,57:384794:B2:241258,1.206883062197877,0.6199469948097464,0.7189933014552867,1,0,1,1,2
241309,57,high_20nA,20.0,384916,amp_ge_4500|s16_large_lowering|p02_broad_late,amp_ge_4500,s16_large_lowering,p02_broad_late,B2,4605.0,1535.9250000000002,1,0.2750731297669727,0.5170466883821933,57:384916:B2:241309,-0.9826018499149778,0.21887308356351395,-0.08146200787101571,0,0,0,0,0
241393,57,high_20nA,20.0,385086,amp_ge_4500|s16_large_lowering|p02_broad_late,amp_ge_4500,s16_large_lowering,p02_broad_late,B4,4808.0,816.8800000000001,1,0.3796413470654535,0.5719633943427621,57:385086:B4:241393,-0.9665229608570163,0.5779723229464164,0.07546965051182872,0,0,0,0,0
241467,57,high_20nA,20.0,385246,amp_ge_4500|s16_large_lowering|p02_broad_late,amp_ge_4500,s16_large_lowering,p02_broad_late,B2,7225.0,6659.625,0,0.3685705423386533,0.6481660899653979,57:385246:B2:241467,0.7869398260000195,0.9946851891560599,0.7168049133255525,0,0,1,0,1
241496,57,high_20nA,20.0,385330,amp_ge_4500|s16_large_lowering|p02_broad_late,amp_ge_4500,s16_large_lowering,p02_broad_late,B2,7378.0,6646.33,0,0.361261147661611,0.6359447004608295,57:385330:B2:241496,0.8253132513092472,0.9515897257676351,0.7132867203199207,0,0,1,0,1
241619,57,high_20nA,20.0,385612,amp_ge_4500|s16_large_lowering|p02_broad_late,amp_ge_4500,s16_large_lowering,p02_broad_late,B2,6845.0,6668.325,0,0.4302907712956476,0.7706355003652301,57:385612:B2:241619,0.8099515108228992,1.375423545416854,0.8854594631877803,0,1,1,1,2
241712,57,high_20nA,20.0,385823,amp_ge_4500|s16_large_lowering|p02_broad_late,amp_ge_4500,s16_large_lowering,p02_broad_late,B2,7229.5,6703.0575,1,0.3629398193102989,0.649215021785739,57:385823:B2:241712,0.7917810810235806,0.9764772130511783,0.9109972402704554,0,0,1,0,1
241842,57,high_20nA,20.0,386106,amp_ge_4500|s16_large_lowering|p02_broad_late,amp_ge_4500,s16_large_lowering,p02_broad_late,B2,6756.5,6629.1525,0,0.4078809405407232,0.6764597054688078,57:386106:B2:241842,0.6465621681478991,1.1727486054269651,0.738248038175527,0,1,1,1,2
241948,57,high_20nA,20.0,386349,amp_ge_4500|s16_large_lowering|p02_broad_late,amp_ge_4500,s16_large_lowering,p02_broad_late,B2,8952.5,6788.2125,1,0.2898159297041854,0.5395699525272271,57:386349:B2:241948,1.212561325312122,0.559443031579735,0.8957393768820949,1,0,1,1,2
242125,57,high_20nA,20.0,386760,amp_ge_4500|s16_large_lowering|p02_broad_late,amp_ge_4500,s16_large_lowering,p02_broad_late,B2,8713.0,6593.305,1,0.2756752162955059,0.5981866176976931,57:386760:B2:242125,1.2121193664596486,0.5753855386666558,0.9022672854946618,1,0,1,1,2
242173,57,high_20nA,20.0,386862,amp_ge_4500|s16_large_lowering|p02_broad_late,amp_ge_4500,s16_large_lowering,p02_broad_late,B2,8449.5,308.7574999999997,0,0.0309628209980539,0.3275868398002543,57:386862:B2:242173,-0.07040680584110756,-1.3669527685036245,-0.6008747489911431,0,0,0,0,0
242194,57,high_20nA,20.0,386906,amp_ge_4500|s16_large_lowering|p02_broad_late,amp_ge_4500,s16_large_lowering,p02_broad_late,B2,6146.0,381.8099999999995,0,0.0435203573065443,0.2171711900085644,57:386906:B2:242194,-1.0040735841054735,-1.4136363680355026,-0.975275236534991,0,0,0,0,0
242454,57,high_20nA,20.0,387498,amp_ge_4500|s16_large_lowering|p02_broad_late,amp_ge_4500,s16_large_lowering,p02_broad_late,B2,7460.5,6729.5925,1,0.3491353817818007,0.6311239193083573,57:387498:B2:242454,0.8516164716535206,0.9025620028574137,0.9026903004284517,0,0,1,0,1
242662,57,high_20nA,20.0,387969,amp_ge_4500|s16_large_lowering|p02_broad_late,amp_ge_4500,s16_large_lowering,p02_broad_late,B2,7946.5,255.30249999999975,0,0.0267536040161195,0.1602062635449161,57:387969:B2:242662,-0.5108854604355371,-1.6374493440729934,-0.8818651994761613,0,0,0,0,0
242697,57,high_20nA,20.0,388043,amp_ge_4500|s16_large_lowering|p02_broad_late,amp_ge_4500,s16_large_lowering,p02_broad_late,B2,7680.5,1353.2924999999996,0,0.0503324671441548,0.235352427244939,57:388043:B2:242697,-0.04463960843036502,-1.1416494704232931,-0.4964558287813218,0,0,0,0,0
242706,57,high_20nA,20.0,388062,amp_ge_4500|s16_large_lowering|p02_broad_late,amp_ge_4500,s16_large_lowering,p02_broad_late,B2,8570.0,6646.45,0,0.2876961285111544,0.6198366394399066,57:388062:B2:242706,1.1998018634738623,0.6519547567382619,0.7297457059501377,1,0,1,1,2
242912,57,high_20nA,20.0,388477,amp_ge_4500|s16_large_lowering|p02_broad_late,amp_ge_4500,s16_large_lowering,p02_broad_late,B2,4760.0,2849.6000000000004,0,0.0970134150842334,0.1597233658888112,57:388477:B2:242912,-1.2094636259787217,-0.8947899027033158,-0.8354079370073069,0,0,0,0,0
242988,57,high_20nA,20.0,388642,amp_ge_4500|s16_large_lowering|p02_broad_late,amp_ge_4500,s16_large_lowering,p02_broad_late,B2,7555.5,6629.1675,0,0.380274137715462,0.7057772483621203,57:388642:B2:242988,0.981938872874851,1.1115266813734659,0.8399779778692991,0,1,1,1,2
243027,57,high_20nA,20.0,388723,amp_ge_4500|s16_large_lowering|p02_broad_late,amp_ge_4500,s16_large_lowering,p02_broad_late,B2,7974.5,1358.8824999999997,0,0.0442561838494744,0.2646792650236249,57:388723:B2:243027,0.09553426118107855,-1.1319190033283757,-0.43910296214910793,0,0,0,0,0
