metric,value,ci_low,ci_high,n_bootstrap,bootstrap_unit
observed_downstream_high_minus_low,-0.002252830770723433,-0.010636147407119285,0.02658176498606133,500,heldout_run_within_current_group
stratum_rate_pred_high_minus_low,0.00013984128276654022,-0.001207200296468395,0.0012292928887125119,500,heldout_run_within_current_group
ml_pred_downstream_high_minus_low,0.006440882350584985,-0.010454882039388949,0.012119316964843325,500,heldout_run_within_current_group
stratum_resid_downstream_high_minus_low,-0.002392672053489972,-0.011778287138231931,0.028301368388906456,500,heldout_run_within_current_group
ml_resid_downstream_high_minus_low,-0.008693713121308413,-0.019851579312403396,0.03394860708177444,500,heldout_run_within_current_group
two_pulse_residual_enrichment,-0.0012372710120638003,-0.001995409302625146,0.0011706354966948102,500,heldout_run_within_current_group
ml_pred_two_pulse_enrichment,-0.0010548438984139916,-0.0016648772505002403,0.0011115995386885259,500,heldout_run_within_current_group
ml_resid_two_pulse_enrichment,-0.0001824271136498085,-0.00022550309965820272,6.277593881254249e-06,500,heldout_run_within_current_group
