fold,heldout_runs,ap,auc
0,59 62,0.8636570383021817,0.8610428994082842
1,58 61,0.8683779636255065,0.8496486686390534
2,60,0.8662067997978904,0.8612426035502959
