stave,forbidden_heldout_target_median_ns,n_heldout_pulses
B4,-4.272708030196995,66
B6,2.53857588661797,66
B8,1.7226729896550097,66
