point idx=122 part=pi- E=60 sample=B seed=1625 nev=1000 threads=16
CCB_BEAM_PREFLIGHT intersects=1 enters_neg_z=1 path_cm=2 reason=ok

**************************************************************
 Geant4 version Name: geant4-11-02-patch-02 [MT]   (21-June-2024)
  << in Multi-threaded mode >> 
                       Copyright : Geant4 Collaboration
                      References : NIM A 506 (2003), 250-303
                                 : IEEE-TNS 53 (2006), 270-278
                                 : NIM A 835 (2016), 186-225
                             WWW : http://geant4.org/
**************************************************************

CCB_STAVE_START particle=pi- KE_MeV=60 nevents=1000 threads_requested=16 threads_effective=16 g4_force_threads=unset seed=1625 hit_x_cm=0 hit_y_cm=0 theta_deg=0 phi_deg=0 allow_miss=0 beam_profile_id=FIXED_POINT_NORMAL sample_position=0 hit_x_min_cm=0 hit_x_max_cm=0 hit_y_min_cm=0 hit_y_max_cm=0 sample_angle=0 theta_spread_deg=0 write_photon_ntuple=0 optical_max_time_ns=1000 optical_max_steps=200000 birks_kB=0.126 quenching_model_id=birks_geant4 quenching_model_status=HYPOTHESIS quenching_claims_authorized=false production_cut_mm=0.1 physics_list=QGSP_BIC neutron_timecut_policy_id=pin_qgsp_bic_default_10us neutron_time_cut_us=10 neutron_tracking_time_cut_configured=1 neutron_diagnostics=0 reflectivity_scale=1 attenuation_scale(deprecated)=1 scintillator_absorption_scale=1 y11_bulk_attenuation_scale=1 pde_scale=1 collection_efficiency=1 optical_interface_model=UNKNOWN_EXTERNAL far_end=instrumented wls_time_profile=exponential wls_fluorescence_model=geant4_default_one_secondary wls_fluorescence_yield=0.7 mode=optical optical_dir=/projects/hep/fs10/shared/nnbar/billy/ccb-wt-1623/geant4/single_stave/build/optical strict_optical=1 output=/projects/hep/fs10/shared/nnbar/billy/ccb1623_campaign/stave_piminus_60MeV_B_s1625.root gpu_optical=0 optical_out= dump_gdml=
G4PhysListFactory::GetReferencePhysList <QGSP_BIC>  EMoption= 0
<<< Geant4 Physics List simulation engine: QGSP_BIC


Checking overlaps for volume Coating:0 (G4SubtractionSolid) ... OK! 
Checking overlaps for volume Scintillator:0 (G4SubtractionSolid) ... OK! 
Checking overlaps for volume OuterClad_F1:0 (G4Tubs) ... OK! 
Checking overlaps for volume InnerClad_F1:0 (G4Tubs) ... OK! 
Checking overlaps for volume Core_F1:0 (G4Tubs) ... OK! 
Checking overlaps for volume Sensor_F1_PlusX:0 (G4Tubs) ... OK! 
Checking overlaps for volume Sensor_F1_MinusX:1 (G4Tubs) ... OK! 
Checking overlaps for volume OuterClad_F2:1 (G4Tubs) ... OK! 
Checking overlaps for volume InnerClad_F2:1 (G4Tubs) ... OK! 
Checking overlaps for volume Core_F2:1 (G4Tubs) ... OK! 
Checking overlaps for volume Sensor_F2_PlusX:2 (G4Tubs) ... OK! 
Checking overlaps for volume Sensor_F2_MinusX:3 (G4Tubs) ... OK! 
GEOMETRY_REPORT_BEGIN
stave_length_cm 50
stave_width_cm 5.18
stave_thickness_cm 2
normal_path_cm 2
fibre_diameter_mm 1.8
hole_diameter_mm 2
fibre_separation_cm 2
fibre_within_hole 1
fibre_protrudes_for_readout 1
holes_contained_y 1
holes_contained_z 1
geometry_hash e323b92195f9a6288944f0738dbadccf9386422f076362ca172fd0b6d119d1e1
physics_hash 695755f15879c60b7dbc23f5ad7f972d0ec3d9710fa2ec357d17a3b37c48faee
optical_hash 02abddb7662749ea88712a86cced3d7438d45eb865b430c54073ae9dde8549eb
clad_inner_rindex 1.49
clad_outer_rindex 1.42
GEOMETRY_REPORT_END
GEOMETRY_SELFCHECK_PASS
### Adding tracking cuts for neutron  TimeCut(ns)= 10000  KinEnergyCut(MeV)= 0
### Birks coefficients used in run time
   G4_POLYSTYRENE     0.07943 mm/MeV     0.00841958 g/cm^2/MeV  massFactor=  504.5 effCharge= 18.5
   CCB_Scintillator     0.126 mm/MeV     0.013356 g/cm^2/MeV  massFactor=  504.5 effCharge= 18.5
=======================================================================
======                 Electromagnetic Physics Parameters      ========
=======================================================================
LPM effect enabled                                 1
Enable creation and use of sampling tables         0
Apply cuts on all EM processes                     0
Use combined TransportationWithMsc                 Disabled
Use general process                                1
Enable linear polarisation for gamma               0
Enable photoeffect sampling below K-shell          1
Enable sampling of quantum entanglement            0
X-section factor for integral approach             0.8
Min kinetic energy for tables                      100 eV 
Max kinetic energy for tables                      100 TeV
Number of bins per decade of a table               7
Verbose level                                      1
Verbose level for worker thread                    0
Bremsstrahlung energy threshold above which 
  primary e+- is added to the list of secondary    100 TeV
Bremsstrahlung energy threshold above which primary
  muon/hadron is added to the list of secondary    100 TeV
Lowest triplet kinetic energy                      1 MeV
Enable sampling of gamma linear polarisation       0
5D gamma conversion model type                     0
5D gamma conversion model on isolated ion          0
Livermore data directory                           epics_2017
=======================================================================
======                 Ionisation Parameters                   ========
=======================================================================
Step function for e+-                              (0.2, 1 mm)
Step function for muons/hadrons                    (0.2, 0.1 mm)
Step function for light ions                       (0.2, 0.1 mm)
Step function for general ions                     (0.2, 0.1 mm)
Lowest e+e- kinetic energy                         1 keV
Lowest muon/hadron kinetic energy                  1 keV
Use ICRU90 data                                    0
Fluctuations of dE/dx are enabled                  1
Type of fluctuation model for leptons and hadrons  Urban
Use built-in Birks satuaration                     1
Build CSDA range enabled                           0
Use cut as a final range enabled                   0
Enable angular generator interface                 0
Max kinetic energy for CSDA tables                 1 GeV
Max kinetic energy for NIEL computation            0 eV 
Linear loss limit                                  0.01
Read data from file for e+e- pair production by mu 0
=======================================================================
======                 Multiple Scattering Parameters          ========
=======================================================================
Type of msc step limit algorithm for e+-           1
Type of msc step limit algorithm for muons/hadrons 0
Msc lateral displacement for e+- enabled           1
Msc lateral displacement for muons and hadrons     0
Urban msc model lateral displacement alg96         1
Range factor for msc step limit for e+-            0.04
Range factor for msc step limit for muons/hadrons  0.2
Geometry factor for msc step limitation of e+-     2.5
Safety factor for msc step limit for e+-           0.6
Skin parameter for msc step limitation of e+-      1
Lambda limit for msc step limit for e+-            1 mm
Use Mott correction for e- scattering              0
Factor used for dynamic computation of angular 
  limit between single and multiple scattering     1
Fixed angular limit between single 
  and multiple scattering                          3.1416 rad
Upper energy limit for e+- multiple scattering     100 MeV
Type of electron single scattering model           0
Type of nuclear form-factor                        1
Screening factor                                   1
=======================================================================

phot:  for gamma SubType=12 BuildTable=0
      LambdaPrime table from 200 keV to 100 TeV in 61 bins 
      ===== EM models for the G4Region  DefaultRegionForTheWorld ======
 LivermorePhElectric : Emin=    0 eV  Emax=  100 TeV  SauterGavrila Fluo

compt:  for gamma SubType=13 BuildTable=1
      Lambda table from 100 eV  to 1 MeV, 7 bins/decade, spline: 1
      LambdaPrime table from 1 MeV to 100 TeV in 56 bins 
      ===== EM models for the G4Region  DefaultRegionForTheWorld ======
       Klein-Nishina : Emin=    0 eV  Emax=  100 TeV

conv:  for gamma SubType=14 BuildTable=1
      Lambda table from 1.022 MeV to 100 TeV, 18 bins/decade, spline: 1
      ===== EM models for the G4Region  DefaultRegionForTheWorld ======
     BetheHeitlerLPM : Emin=    0 eV  Emax=  100 TeV  ModifiedTsai

Rayl:  for gamma SubType=11 BuildTable=1
      Lambda table from 100 eV  to 150 keV, 7 bins/decade, spline: 0
      LambdaPrime table from 150 keV to 100 TeV in 62 bins 
      ===== EM models for the G4Region  DefaultRegionForTheWorld ======
   LivermoreRayleigh : Emin=    0 eV  Emax=  100 TeV  CullenGenerator

msc:  for e-  SubType= 10
      ===== EM models for the G4Region  DefaultRegionForTheWorld ======
            UrbanMsc : Emin=    0 eV  Emax=  100 MeV Nbins=42 100 eV  - 100 MeV
          StepLim=UseSafety Rfact=0.04 Gfact=2.5 Sfact=0.6 DispFlag:1 Skin=1 Llim=1 mm
        WentzelVIUni : Emin=  100 MeV Emax=  100 TeV Nbins=42 100 MeV - 100 TeV
          StepLim=UseSafety Rfact=0.04 Gfact=2.5 Sfact=0.6 DispFlag:1 Skin=1 Llim=1 mm

eIoni:  for e-  XStype:3  SubType=2
      dE/dx and range tables from 100 eV  to 100 TeV in 84 bins
      Lambda tables from threshold to 100 TeV, 7 bins/decade, spline: 1
      StepFunction=(0.2, 1 mm), integ: 3, fluct: 1, linLossLim= 0.01
      ===== EM models for the G4Region  DefaultRegionForTheWorld ======
        MollerBhabha : Emin=    0 eV  Emax=  100 TeV

eBrem:  for e-  XStype:4  SubType=3
      dE/dx and range tables from 100 eV  to 100 TeV in 84 bins
      Lambda tables from threshold to 100 TeV, 7 bins/decade, spline: 1
      LPM flag: 1 for E > 1 GeV,  VertexHighEnergyTh(GeV)= 100000
      ===== EM models for the G4Region  DefaultRegionForTheWorld ======
             eBremSB : Emin=    0 eV  Emax=    1 GeV  ModifiedTsai
            eBremLPM : Emin=    1 GeV Emax=  100 TeV  ModifiedTsai

CoulombScat:  for e- XStype:1 SubType=1 BuildTable=1
      Lambda table from 100 MeV to 100 TeV, 7 bins/decade, spline: 0
      ThetaMin(p) < Theta(degree) < 180, pLimit(GeV^1)= 0.139531
      ===== EM models for the G4Region  DefaultRegionForTheWorld ======
  eCoulombScattering : Emin=  100 MeV Emax=  100 TeV

msc:  for e+  SubType= 10
      ===== EM models for the G4Region  DefaultRegionForTheWorld ======
            UrbanMsc : Emin=    0 eV  Emax=  100 MeV Nbins=42 100 eV  - 100 MeV
          StepLim=UseSafety Rfact=0.04 Gfact=2.5 Sfact=0.6 DispFlag:1 Skin=1 Llim=1 mm
        WentzelVIUni : Emin=  100 MeV Emax=  100 TeV Nbins=42 100 MeV - 100 TeV
          StepLim=UseSafety Rfact=0.04 Gfact=2.5 Sfact=0.6 DispFlag:1 Skin=1 Llim=1 mm

eIoni:  for e+  XStype:3  SubType=2
      dE/dx and range tables from 100 eV  to 100 TeV in 84 bins
      Lambda tables from threshold to 100 TeV, 7 bins/decade, spline: 1
      StepFunction=(0.2, 1 mm), integ: 3, fluct: 1, linLossLim= 0.01
      ===== EM models for the G4Region  DefaultRegionForTheWorld ======
        MollerBhabha : Emin=    0 eV  Emax=  100 TeV

eBrem:  for e+  XStype:4  SubType=3
      dE/dx and range tables from 100 eV  to 100 TeV in 84 bins
      Lambda tables from threshold to 100 TeV, 7 bins/decade, spline: 1
      LPM flag: 1 for E > 1 GeV,  VertexHighEnergyTh(GeV)= 100000
      ===== EM models for the G4Region  DefaultRegionForTheWorld ======
             eBremSB : Emin=    0 eV  Emax=    1 GeV  ModifiedTsai
            eBremLPM : Emin=    1 GeV Emax=  100 TeV  ModifiedTsai

annihil:  for e+ XStype:2 SubType=5 BuildTable=0
      ===== EM models for the G4Region  DefaultRegionForTheWorld ======
            eplus2gg : Emin=    0 eV  Emax=  100 TeV

CoulombScat:  for e+ XStype:1 SubType=1 BuildTable=1
      Lambda table from 100 MeV to 100 TeV, 7 bins/decade, spline: 0
      ThetaMin(p) < Theta(degree) < 180, pLimit(GeV^1)= 0.139531
      ===== EM models for the G4Region  DefaultRegionForTheWorld ======
  eCoulombScattering : Emin=  100 MeV Emax=  100 TeV

msc:  for proton  SubType= 10
      ===== EM models for the G4Region  DefaultRegionForTheWorld ======
        WentzelVIUni : Emin=    0 eV  Emax=  100 TeV Nbins=84 100 eV  - 100 TeV
          StepLim=Minimal Rfact=0.2 Gfact=2.5 Sfact=0.6 DispFlag:0 Skin=1 Llim=1 mm

hIoni:  for proton  XStype:3  SubType=2
      dE/dx and range tables from 100 eV  to 100 TeV in 84 bins
      Lambda tables from threshold to 100 TeV, 7 bins/decade, spline: 1
      StepFunction=(0.2, 0.1 mm), integ: 3, fluct: 1, linLossLim= 0.01
      ===== EM models for the G4Region  DefaultRegionForTheWorld ======
               Bragg : Emin=    0 eV  Emax=    2 MeV
          BetheBloch : Emin=    2 MeV Emax=  100 TeV

hBrems:  for proton  XStype:1  SubType=3
      dE/dx and range tables from 100 eV  to 100 TeV in 84 bins
      Lambda tables from threshold to 100 TeV, 7 bins/decade, spline: 1
      ===== EM models for the G4Region  DefaultRegionForTheWorld ======
               hBrem : Emin=    0 eV  Emax=  100 TeV  ModifiedMephi

hPairProd:  for proton  XStype:1  SubType=4
      dE/dx and range tables from 100 eV  to 100 TeV in 84 bins
      Lambda tables from threshold to 100 TeV, 7 bins/decade, spline: 1
      Sampling table 17x1001; from 7.50618 GeV to 100 TeV 
      ===== EM models for the G4Region  DefaultRegionForTheWorld ======
           hPairProd : Emin=    0 eV  Emax=  100 TeV  ModifiedMephi

CoulombScat:  for proton XStype:1 SubType=1 BuildTable=1
      Lambda table from threshold  to 100 TeV, 7 bins/decade, spline: 0
      ThetaMin(p) < Theta(degree) < 180, pLimit(GeV^1)= 0.139531
      ===== EM models for the G4Region  DefaultRegionForTheWorld ======
  eCoulombScattering : Emin=    0 eV  Emax=  100 TeV

msc:  for GenericIon  SubType= 10
      ===== EM models for the G4Region  DefaultRegionForTheWorld ======
            UrbanMsc : Emin=    0 eV  Emax=  100 TeV
          StepLim=Minimal Rfact=0.2 Gfact=2.5 Sfact=0.6 DispFlag:0 Skin=1 Llim=1 mm

ionIoni:  for GenericIon  XStype:3  SubType=2
      dE/dx and range tables from 100 eV  to 100 TeV in 84 bins
      Lambda tables from threshold to 100 TeV, 7 bins/decade, spline: 1
      StepFunction=(0.2, 0.1 mm), integ: 3, fluct: 1, linLossLim= 0.02
      ===== EM models for the G4Region  DefaultRegionForTheWorld ======
            BraggIon : Emin=    0 eV  Emax=    2 MeV
          BetheBloch : Emin=    2 MeV Emax=  100 TeV

msc:  for alpha  SubType= 10
      ===== EM models for the G4Region  DefaultRegionForTheWorld ======
            UrbanMsc : Emin=    0 eV  Emax=  100 TeV
          StepLim=Minimal Rfact=0.2 Gfact=2.5 Sfact=0.6 DispFlag:0 Skin=1 Llim=1 mm

ionIoni:  for alpha  XStype:3  SubType=2
      dE/dx and range tables from 100 eV  to 100 TeV in 84 bins
      Lambda tables from threshold to 100 TeV, 7 bins/decade, spline: 1
      StepFunction=(0.2, 0.1 mm), integ: 3, fluct: 1, linLossLim= 0.02
      ===== EM models for the G4Region  DefaultRegionForTheWorld ======
            BraggIon : Emin=    0 eV  Emax=7.9452 MeV
          BetheBloch : Emin=7.9452 MeV Emax=  100 TeV

msc:  for anti_proton  SubType= 10
      ===== EM models for the G4Region  DefaultRegionForTheWorld ======
        WentzelVIUni : Emin=    0 eV  Emax=  100 TeV Nbins=84 100 eV  - 100 TeV
          StepLim=Minimal Rfact=0.2 Gfact=2.5 Sfact=0.6 DispFlag:0 Skin=1 Llim=1 mm

hIoni:  for anti_proton  XStype:3  SubType=2
      dE/dx and range tables from 100 eV  to 100 TeV in 84 bins
      Lambda tables from threshold to 100 TeV, 7 bins/decade, spline: 1
      StepFunction=(0.2, 0.1 mm), integ: 3, fluct: 1, linLossLim= 0.01
      ===== EM models for the G4Region  DefaultRegionForTheWorld ======
            ICRU73QO : Emin=    0 eV  Emax=    2 MeV
          BetheBloch : Emin=    2 MeV Emax=  100 TeV

hBrems:  for anti_proton  XStype:1  SubType=3
      dE/dx and range tables from 100 eV  to 100 TeV in 84 bins
      Lambda tables from threshold to 100 TeV, 7 bins/decade, spline: 1
      ===== EM models for the G4Region  DefaultRegionForTheWorld ======
               hBrem : Emin=    0 eV  Emax=  100 TeV  ModifiedMephi

hPairProd:  for anti_proton  XStype:1  SubType=4
      dE/dx and range tables from 100 eV  to 100 TeV in 84 bins
      Lambda tables from threshold to 100 TeV, 7 bins/decade, spline: 1
      Sampling table 17x1001; from 7.50618 GeV to 100 TeV 
      ===== EM models for the G4Region  DefaultRegionForTheWorld ======
           hPairProd : Emin=    0 eV  Emax=  100 TeV  ModifiedMephi

CoulombScat:  for anti_proton XStype:1 SubType=1 BuildTable=1
      Lambda table from threshold  to 100 TeV, 7 bins/decade, spline: 0
      ThetaMin(p) < Theta(degree) < 180, pLimit(GeV^1)= 0.139531
      ===== EM models for the G4Region  DefaultRegionForTheWorld ======
  eCoulombScattering : Emin=    0 eV  Emax=  100 TeV

msc:  for kaon+  SubType= 10
      ===== EM models for the G4Region  DefaultRegionForTheWorld ======
        WentzelVIUni : Emin=    0 eV  Emax=  100 TeV Nbins=84 100 eV  - 100 TeV
          StepLim=Minimal Rfact=0.2 Gfact=2.5 Sfact=0.6 DispFlag:0 Skin=1 Llim=1 mm

hIoni:  for kaon+  XStype:3  SubType=2
      dE/dx and range tables from 100 eV  to 100 TeV in 84 bins
      Lambda tables from threshold to 100 TeV, 7 bins/decade, spline: 1
      StepFunction=(0.2, 0.1 mm), integ: 3, fluct: 1, linLossLim= 0.01
      ===== EM models for the G4Region  DefaultRegionForTheWorld ======
               Bragg : Emin=    0 eV  Emax=1.05231 MeV
          BetheBloch : Emin=1.05231 MeV Emax=  100 TeV

hBrems:  for kaon+  XStype:1  SubType=3
      dE/dx and range tables from 100 eV  to 100 TeV in 84 bins
      Lambda tables from threshold to 100 TeV, 7 bins/decade, spline: 1
      ===== EM models for the G4Region  DefaultRegionForTheWorld ======
               hBrem : Emin=    0 eV  Emax=  100 TeV  ModifiedMephi

hPairProd:  for kaon+  XStype:1  SubType=4
      dE/dx and range tables from 100 eV  to 100 TeV in 84 bins
      Lambda tables from threshold to 100 TeV, 7 bins/decade, spline: 1
      Sampling table 18x1001; from 3.94942 GeV to 100 TeV 
      ===== EM models for the G4Region  DefaultRegionForTheWorld ======
           hPairProd : Emin=    0 eV  Emax=  100 TeV  ModifiedMephi

CoulombScat:  for kaon+ XStype:1 SubType=1 BuildTable=1
      Lambda table from threshold  to 100 TeV, 7 bins/decade, spline: 0
      ThetaMin(p) < Theta(degree) < 180, pLimit(GeV^1)= 0.139531
      ===== EM models for the G4Region  DefaultRegionForTheWorld ======
  eCoulombScattering : Emin=    0 eV  Emax=  100 TeV

msc:  for kaon-  SubType= 10
      ===== EM models for the G4Region  DefaultRegionForTheWorld ======
        WentzelVIUni : Emin=    0 eV  Emax=  100 TeV Nbins=84 100 eV  - 100 TeV
          StepLim=Minimal Rfact=0.2 Gfact=2.5 Sfact=0.6 DispFlag:0 Skin=1 Llim=1 mm

hIoni:  for kaon-  XStype:3  SubType=2
      dE/dx and range tables from 100 eV  to 100 TeV in 84 bins
      Lambda tables from threshold to 100 TeV, 7 bins/decade, spline: 1
      StepFunction=(0.2, 0.1 mm), integ: 3, fluct: 1, linLossLim= 0.01
      ===== EM models for the G4Region  DefaultRegionForTheWorld ======
            ICRU73QO : Emin=    0 eV  Emax=1.05231 MeV
          BetheBloch : Emin=1.05231 MeV Emax=  100 TeV

hBrems:  for kaon-  XStype:1  SubType=3
      dE/dx and range tables from 100 eV  to 100 TeV in 84 bins
      Lambda tables from threshold to 100 TeV, 7 bins/decade, spline: 1
      ===== EM models for the G4Region  DefaultRegionForTheWorld ======
               hBrem : Emin=    0 eV  Emax=  100 TeV  ModifiedMephi

hPairProd:  for kaon-  XStype:1  SubType=4
      dE/dx and range tables from 100 eV  to 100 TeV in 84 bins
      Lambda tables from threshold to 100 TeV, 7 bins/decade, spline: 1
      Sampling table 18x1001; from 3.94942 GeV to 100 TeV 
      ===== EM models for the G4Region  DefaultRegionForTheWorld ======
           hPairProd : Emin=    0 eV  Emax=  100 TeV  ModifiedMephi

CoulombScat:  for kaon- XStype:1 SubType=1 BuildTable=1
      Used Lambda table of kaon+
      ThetaMin(p) < Theta(degree) < 180, pLimit(GeV^1)= 0.139531
      ===== EM models for the G4Region  DefaultRegionForTheWorld ======
  eCoulombScattering : Emin=    0 eV  Emax=  100 TeV

msc:  for mu+  SubType= 10
      ===== EM models for the G4Region  DefaultRegionForTheWorld ======
        WentzelVIUni : Emin=    0 eV  Emax=  100 TeV Nbins=84 100 eV  - 100 TeV
          StepLim=Minimal Rfact=0.2 Gfact=2.5 Sfact=0.6 DispFlag:0 Skin=1 Llim=1 mm

muIoni:  for mu+  XStype:3  SubType=2
      dE/dx and range tables from 100 eV  to 100 TeV in 84 bins
      Lambda tables from threshold to 100 TeV, 7 bins/decade, spline: 1
      StepFunction=(0.2, 0.1 mm), integ: 3, fluct: 1, linLossLim= 0.01
      ===== EM models for the G4Region  DefaultRegionForTheWorld ======
               Bragg : Emin=    0 eV  Emax=  200 keV
        MuBetheBloch : Emin=  200 keV Emax=  100 TeV

muBrems:  for mu+  XStype:1  SubType=3
      dE/dx and range tables from 100 eV  to 100 TeV in 84 bins
      Lambda tables from threshold to 100 TeV, 7 bins/decade, spline: 1
      ===== EM models for the G4Region  DefaultRegionForTheWorld ======
              MuBrem : Emin=    0 eV  Emax=  100 TeV  ModifiedMephi

muPairProd:  for mu+  XStype:1  SubType=4
      dE/dx and range tables from 100 eV  to 100 TeV in 84 bins
      Lambda tables from threshold to 100 TeV, 7 bins/decade, spline: 1
      Sampling table 21x1001; from 0.85 GeV to 100 TeV 
      ===== EM models for the G4Region  DefaultRegionForTheWorld ======
          muPairProd : Emin=    0 eV  Emax=  100 TeV  ModifiedMephi

CoulombScat:  for mu+ XStype:1 SubType=1 BuildTable=1
      Lambda table from threshold  to 100 TeV, 7 bins/decade, spline: 0
      ThetaMin(p) < Theta(degree) < 180, pLimit(GeV^1)= 0.139531
      ===== EM models for the G4Region  DefaultRegionForTheWorld ======
  eCoulombScattering : Emin=    0 eV  Emax=  100 TeV

msc:  for mu-  SubType= 10
      ===== EM models for the G4Region  DefaultRegionForTheWorld ======
        WentzelVIUni : Emin=    0 eV  Emax=  100 TeV Nbins=84 100 eV  - 100 TeV
          StepLim=Minimal Rfact=0.2 Gfact=2.5 Sfact=0.6 DispFlag:0 Skin=1 Llim=1 mm

muIoni:  for mu-  XStype:3  SubType=2
      dE/dx and range tables from 100 eV  to 100 TeV in 84 bins
      Lambda tables from threshold to 100 TeV, 7 bins/decade, spline: 1
      StepFunction=(0.2, 0.1 mm), integ: 3, fluct: 1, linLossLim= 0.01
      ===== EM models for the G4Region  DefaultRegionForTheWorld ======
            ICRU73QO : Emin=    0 eV  Emax=  200 keV
        MuBetheBloch : Emin=  200 keV Emax=  100 TeV

muBrems:  for mu-  XStype:1  SubType=3
      dE/dx and range tables from 100 eV  to 100 TeV in 84 bins
      Lambda tables from threshold to 100 TeV, 7 bins/decade, spline: 1
      ===== EM models for the G4Region  DefaultRegionForTheWorld ======
              MuBrem : Emin=    0 eV  Emax=  100 TeV  ModifiedMephi

muPairProd:  for mu-  XStype:1  SubType=4
      dE/dx and range tables from 100 eV  to 100 TeV in 84 bins
      Lambda tables from threshold to 100 TeV, 7 bins/decade, spline: 1
      Sampling table 21x1001; from 0.85 GeV to 100 TeV 
      ===== EM models for the G4Region  DefaultRegionForTheWorld ======
          muPairProd : Emin=    0 eV  Emax=  100 TeV  ModifiedMephi

CoulombScat:  for mu- XStype:1 SubType=1 BuildTable=1
      Used Lambda table of mu+
      ThetaMin(p) < Theta(degree) < 180, pLimit(GeV^1)= 0.139531
      ===== EM models for the G4Region  DefaultRegionForTheWorld ======
  eCoulombScattering : Emin=    0 eV  Emax=  100 TeV

msc:  for pi+  SubType= 10
      ===== EM models for the G4Region  DefaultRegionForTheWorld ======
        WentzelVIUni : Emin=    0 eV  Emax=  100 TeV Nbins=84 100 eV  - 100 TeV
          StepLim=Minimal Rfact=0.2 Gfact=2.5 Sfact=0.6 DispFlag:0 Skin=1 Llim=1 mm

hIoni:  for pi+  XStype:3  SubType=2
      dE/dx and range tables from 100 eV  to 100 TeV in 84 bins
      Lambda tables from threshold to 100 TeV, 7 bins/decade, spline: 1
      StepFunction=(0.2, 0.1 mm), integ: 3, fluct: 1, linLossLim= 0.01
      ===== EM models for the G4Region  DefaultRegionForTheWorld ======
               Bragg : Emin=    0 eV  Emax=297.505 keV
          BetheBloch : Emin=297.505 keV Emax=  100 TeV

hBrems:  for pi+  XStype:1  SubType=3
      dE/dx and range tables from 100 eV  to 100 TeV in 84 bins
      Lambda tables from threshold to 100 TeV, 7 bins/decade, spline: 1
      ===== EM models for the G4Region  DefaultRegionForTheWorld ======
               hBrem : Emin=    0 eV  Emax=  100 TeV  ModifiedMephi

hPairProd:  for pi+  XStype:1  SubType=4
      dE/dx and range tables from 100 eV  to 100 TeV in 84 bins
      Lambda tables from threshold to 100 TeV, 7 bins/decade, spline: 1
      Sampling table 20x1001; from 1.11656 GeV to 100 TeV 
      ===== EM models for the G4Region  DefaultRegionForTheWorld ======
           hPairProd : Emin=    0 eV  Emax=  100 TeV  ModifiedMephi

CoulombScat:  for pi+ XStype:1 SubType=1 BuildTable=1
      Lambda table from threshold  to 100 TeV, 7 bins/decade, spline: 0
      ThetaMin(p) < Theta(degree) < 180, pLimit(GeV^1)= 0.139531
      ===== EM models for the G4Region  DefaultRegionForTheWorld ======
  eCoulombScattering : Emin=    0 eV  Emax=  100 TeV

msc:  for pi-  SubType= 10
      ===== EM models for the G4Region  DefaultRegionForTheWorld ======
        WentzelVIUni : Emin=    0 eV  Emax=  100 TeV Nbins=84 100 eV  - 100 TeV
          StepLim=Minimal Rfact=0.2 Gfact=2.5 Sfact=0.6 DispFlag:0 Skin=1 Llim=1 mm

hIoni:  for pi-  XStype:3  SubType=2
      dE/dx and range tables from 100 eV  to 100 TeV in 84 bins
      Lambda tables from threshold to 100 TeV, 7 bins/decade, spline: 1
      StepFunction=(0.2, 0.1 mm), integ: 3, fluct: 1, linLossLim= 0.01
      ===== EM models for the G4Region  DefaultRegionForTheWorld ======
            ICRU73QO : Emin=    0 eV  Emax=297.505 keV
          BetheBloch : Emin=297.505 keV Emax=  100 TeV

hBrems:  for pi-  XStype:1  SubType=3
      dE/dx and range tables from 100 eV  to 100 TeV in 84 bins
      Lambda tables from threshold to 100 TeV, 7 bins/decade, spline: 1
      ===== EM models for the G4Region  DefaultRegionForTheWorld ======
               hBrem : Emin=    0 eV  Emax=  100 TeV  ModifiedMephi

hPairProd:  for pi-  XStype:1  SubType=4
      dE/dx and range tables from 100 eV  to 100 TeV in 84 bins
      Lambda tables from threshold to 100 TeV, 7 bins/decade, spline: 1
      Sampling table 20x1001; from 1.11656 GeV to 100 TeV 
      ===== EM models for the G4Region  DefaultRegionForTheWorld ======
           hPairProd : Emin=    0 eV  Emax=  100 TeV  ModifiedMephi

CoulombScat:  for pi- XStype:1 SubType=1 BuildTable=1
      Used Lambda table of pi+
      ThetaMin(p) < Theta(degree) < 180, pLimit(GeV^1)= 0.139531
      ===== EM models for the G4Region  DefaultRegionForTheWorld ======
  eCoulombScattering : Emin=    0 eV  Emax=  100 TeV

====================================================================
                  HADRONIC PROCESSES SUMMARY (verbose level 1)
-----------------------------------------------------------------------
                           Hadronic Processes for neutron
  Process: hadElastic
        Model:             hElasticCHIPS: 0 eV  ---> 100 TeV
     Cr_sctns:        G4NeutronElasticXS: 0 eV  ---> 100 TeV
  Process: neutronInelastic
        Model:                      QGSP: 12 GeV ---> 100 TeV
        Model:                      FTFP: 3 GeV ---> 25 GeV
        Model:            Binary Cascade: 0 eV  ---> 6 GeV
     Cr_sctns:      G4NeutronInelasticXS: 0 eV  ---> 100 TeV
  Process: nCapture
        Model:               nRadCapture: 0 eV  ---> 100 TeV
     Cr_sctns:        G4NeutronCaptureXS: 0 eV  ---> 100 TeV
  Process: nKiller
-----------------------------------------------------------------------
                           Hadronic Processes for GenericIon
  Process: ionElastic
        Model:          NNDiffuseElastic: 0 eV /n ---> 100 TeV/n
     Cr_sctns:  Glauber-Gribov Nucl-nucl: 0 eV  ---> 25.6 PeV
  Process: ionInelastic
        Model:  Binary Light Ion Cascade: 0 eV /n ---> 6 GeV/n
        Model:                      FTFP: 3 GeV/n ---> 100 TeV/n
     Cr_sctns:  Glauber-Gribov Nucl-nucl: 0 eV  ---> 25.6 PeV
-----------------------------------------------------------------------
                           Hadronic Processes for He3
  Process: hadElastic
        Model:              hElasticLHEP: 0 eV /n ---> 100 TeV/n
     Cr_sctns:  Glauber-Gribov Nucl-nucl: 0 eV  ---> 25.6 PeV
  Process: He3Inelastic
        Model:  Binary Light Ion Cascade: 0 eV /n ---> 6 GeV/n
        Model:                      FTFP: 3 GeV/n ---> 100 TeV/n
     Cr_sctns:  Glauber-Gribov Nucl-nucl: 0 eV  ---> 25.6 PeV
-----------------------------------------------------------------------
                           Hadronic Processes for alpha
  Process: hadElastic
        Model:              hElasticLHEP: 0 eV /n ---> 100 TeV/n
     Cr_sctns:  Glauber-Gribov Nucl-nucl: 0 eV  ---> 25.6 PeV
  Process: alphaInelastic
        Model:  Binary Light Ion Cascade: 0 eV /n ---> 6 GeV/n
        Model:                      FTFP: 3 GeV/n ---> 100 TeV/n
     Cr_sctns:  Glauber-Gribov Nucl-nucl: 0 eV  ---> 25.6 PeV
-----------------------------------------------------------------------
                           Hadronic Processes for anti_He3
  Process: hadElastic
        Model:              hElasticLHEP: 0 eV /n ---> 100.1 MeV/n
        Model:              AntiAElastic: 100 MeV/n ---> 100 TeV/n
     Cr_sctns:              AntiAGlauber: 0 eV  ---> 25.6 PeV
  Process: anti_He3Inelastic
        Model:                      FTFP: 0 eV /n ---> 100 TeV/n
     Cr_sctns:              AntiAGlauber: 0 eV  ---> 25.6 PeV
  Process: hFritiofCaptureAtRest
-----------------------------------------------------------------------
                           Hadronic Processes for anti_alpha
  Process: hadElastic
        Model:              hElasticLHEP: 0 eV /n ---> 100.1 MeV/n
        Model:              AntiAElastic: 100 MeV/n ---> 100 TeV/n
     Cr_sctns:              AntiAGlauber: 0 eV  ---> 25.6 PeV
  Process: anti_alphaInelastic
        Model:                      FTFP: 0 eV /n ---> 100 TeV/n
     Cr_sctns:              AntiAGlauber: 0 eV  ---> 25.6 PeV
  Process: hFritiofCaptureAtRest
-----------------------------------------------------------------------
                           Hadronic Processes for anti_deuteron
  Process: hadElastic
        Model:              hElasticLHEP: 0 eV /n ---> 100.1 MeV/n
        Model:              AntiAElastic: 100 MeV/n ---> 100 TeV/n
     Cr_sctns:              AntiAGlauber: 0 eV  ---> 25.6 PeV
  Process: anti_deuteronInelastic
        Model:                      FTFP: 0 eV /n ---> 100 TeV/n
     Cr_sctns:              AntiAGlauber: 0 eV  ---> 25.6 PeV
  Process: hFritiofCaptureAtRest
-------------------------------------------------------------------------
                           Hadronic Processes for anti_hypertriton
  Process: hFritiofCaptureAtRest
-----------------------------------------------------------------------
                           Hadronic Processes for anti_lambda
  Process: hadElastic
        Model:              hElasticLHEP: 0 eV  ---> 100 TeV
     Cr_sctns:            Glauber-Gribov: 0 eV  ---> 100 TeV
  Process: anti_lambdaInelastic
        Model:                      QGSP: 12 GeV ---> 100 TeV
        Model:                      FTFP: 0 eV  ---> 25 GeV
     Cr_sctns:            Glauber-Gribov: 0 eV  ---> 100 TeV
  Process: hFritiofCaptureAtRest
-----------------------------------------------------------------------
                           Hadronic Processes for anti_neutron
  Process: hadElastic
        Model:              hElasticLHEP: 0 eV  ---> 100.1 MeV
        Model:              AntiAElastic: 100 MeV ---> 100 TeV
     Cr_sctns:              AntiAGlauber: 0 eV  ---> 25.6 PeV
  Process: anti_neutronInelastic
        Model:                      FTFP: 0 eV  ---> 100 TeV
     Cr_sctns:              AntiAGlauber: 0 eV  ---> 25.6 PeV
  Process: hFritiofCaptureAtRest
-----------------------------------------------------------------------
                           Hadronic Processes for anti_proton
  Process: hadElastic
        Model:              hElasticLHEP: 0 eV  ---> 100.1 MeV
        Model:              AntiAElastic: 100 MeV ---> 100 TeV
     Cr_sctns:              AntiAGlauber: 0 eV  ---> 25.6 PeV
  Process: anti_protonInelastic
        Model:                      FTFP: 0 eV  ---> 100 TeV
     Cr_sctns:              AntiAGlauber: 0 eV  ---> 25.6 PeV
  Process: hFritiofCaptureAtRest
-----------------------------------------------------------------------
                           Hadronic Processes for anti_triton
  Process: hadElastic
        Model:              hElasticLHEP: 0 eV /n ---> 100.1 MeV/n
        Model:              AntiAElastic: 100 MeV/n ---> 100 TeV/n
     Cr_sctns:              AntiAGlauber: 0 eV  ---> 25.6 PeV
  Process: anti_tritonInelastic
        Model:                      FTFP: 0 eV /n ---> 100 TeV/n
     Cr_sctns:              AntiAGlauber: 0 eV  ---> 25.6 PeV
  Process: hFritiofCaptureAtRest
-----------------------------------------------------------------------
                           Hadronic Processes for deuteron
  Process: hadElastic
        Model:              hElasticLHEP: 0 eV /n ---> 100 TeV/n
     Cr_sctns:  Glauber-Gribov Nucl-nucl: 0 eV  ---> 25.6 PeV
  Process: dInelastic
        Model:  Binary Light Ion Cascade: 0 eV /n ---> 6 GeV/n
        Model:                      FTFP: 3 GeV/n ---> 100 TeV/n
     Cr_sctns:  Glauber-Gribov Nucl-nucl: 0 eV  ---> 25.6 PeV
-----------------------------------------------------------------------
                           Hadronic Processes for e+
  Process: positronNuclear
        Model:   G4ElectroVDNuclearModel: 0 eV  ---> 1 PeV
     Cr_sctns:          ElectroNuclearXS: 0 eV  ---> 100 TeV
-----------------------------------------------------------------------
                           Hadronic Processes for e-
  Process: electronNuclear
        Model:   G4ElectroVDNuclearModel: 0 eV  ---> 1 PeV
     Cr_sctns:          ElectroNuclearXS: 0 eV  ---> 100 TeV
-----------------------------------------------------------------------
                           Hadronic Processes for gamma
  Process: photonNuclear
        Model:               GammaNPreco: 0 eV  ---> 200 MeV
        Model:            BertiniCascade: 199 MeV ---> 6 GeV
        Model:           TheoFSGenerator: 3 GeV ---> 100 TeV
     Cr_sctns:            GammaNuclearXS: 0 eV  ---> 100 TeV
-----------------------------------------------------------------------
                           Hadronic Processes for kaon+
  Process: hadElastic
        Model:              hElasticLHEP: 0 eV  ---> 100 TeV
     Cr_sctns:            Glauber-Gribov: 0 eV  ---> 100 TeV
  Process: kaon+Inelastic
        Model:                      QGSP: 12 GeV ---> 100 TeV
        Model:                      FTFP: 3 GeV ---> 25 GeV
        Model:            BertiniCascade: 0 eV  ---> 6 GeV
     Cr_sctns:            Glauber-Gribov: 0 eV  ---> 100 TeV
-----------------------------------------------------------------------
                           Hadronic Processes for kaon-
  Process: hadElastic
        Model:              hElasticLHEP: 0 eV  ---> 100 TeV
     Cr_sctns:            Glauber-Gribov: 0 eV  ---> 100 TeV
  Process: kaon-Inelastic
        Model:                      QGSP: 12 GeV ---> 100 TeV
        Model:                      FTFP: 3 GeV ---> 25 GeV
        Model:            BertiniCascade: 0 eV  ---> 6 GeV
     Cr_sctns:            Glauber-Gribov: 0 eV  ---> 100 TeV
  Process: hBertiniCaptureAtRest
-----------------------------------------------------------------------
                           Hadronic Processes for lambda
  Process: hadElastic
        Model:              hElasticLHEP: 0 eV  ---> 100 TeV
     Cr_sctns:            Glauber-Gribov: 0 eV  ---> 100 TeV
  Process: lambdaInelastic
        Model:                      QGSP: 12 GeV ---> 100 TeV
        Model:                      FTFP: 3 GeV ---> 25 GeV
        Model:            BertiniCascade: 0 eV  ---> 6 GeV
     Cr_sctns:            Glauber-Gribov: 0 eV  ---> 100 TeV
-----------------------------------------------------------------------
                           Hadronic Processes for mu+
  Process: muonNuclear
        Model:      G4MuonVDNuclearModel: 0 eV  ---> 1 PeV
     Cr_sctns:     KokoulinMuonNuclearXS: 0 eV  ---> 100 TeV
-----------------------------------------------------------------------
                           Hadronic Processes for mu-
  Process: muonNuclear
        Model:      G4MuonVDNuclearModel: 0 eV  ---> 1 PeV
     Cr_sctns:     KokoulinMuonNuclearXS: 0 eV  ---> 100 TeV
  Process: muMinusCaptureAtRest
-----------------------------------------------------------------------
                           Hadronic Processes for pi+
  Process: hadElastic
        Model:           hElasticGlauber: 0 eV  ---> 100 TeV
     Cr_sctns:  BarashenkovGlauberGribov: 0 eV  ---> 100 TeV
  Process: pi+Inelastic
        Model:                      QGSP: 12 GeV ---> 100 TeV
        Model:                      FTFP: 3 GeV ---> 25 GeV
        Model:            BertiniCascade: 0 eV  ---> 6 GeV
     Cr_sctns:  BarashenkovGlauberGribov: 0 eV  ---> 100 TeV
-----------------------------------------------------------------------
                           Hadronic Processes for pi-
  Process: hadElastic
        Model:           hElasticGlauber: 0 eV  ---> 100 TeV
     Cr_sctns:  BarashenkovGlauberGribov: 0 eV  ---> 100 TeV
  Process: pi-Inelastic
        Model:                      QGSP: 12 GeV ---> 100 TeV
        Model:                      FTFP: 3 GeV ---> 25 GeV
        Model:            BertiniCascade: 0 eV  ---> 6 GeV
     Cr_sctns:  BarashenkovGlauberGribov: 0 eV  ---> 100 TeV
  Process: hBertiniCaptureAtRest
-----------------------------------------------------------------------
                           Hadronic Processes for proton
  Process: hadElastic
        Model:             hElasticCHIPS: 0 eV  ---> 100 TeV
     Cr_sctns:  BarashenkovGlauberGribov: 0 eV  ---> 100 TeV
  Process: protonInelastic
        Model:                      QGSP: 12 GeV ---> 100 TeV
        Model:                      FTFP: 3 GeV ---> 25 GeV
        Model:            Binary Cascade: 0 eV  ---> 6 GeV
     Cr_sctns:  BarashenkovGlauberGribov: 0 eV  ---> 100 TeV
-----------------------------------------------------------------------
                           Hadronic Processes for sigma-
  Process: hadElastic
        Model:              hElasticLHEP: 0 eV  ---> 100 TeV
     Cr_sctns:            Glauber-Gribov: 0 eV  ---> 100 TeV
  Process: sigma-Inelastic
        Model:                      QGSP: 12 GeV ---> 100 TeV
        Model:                      FTFP: 3 GeV ---> 25 GeV
        Model:            BertiniCascade: 0 eV  ---> 6 GeV
     Cr_sctns:            Glauber-Gribov: 0 eV  ---> 100 TeV
  Process: hBertiniCaptureAtRest
-----------------------------------------------------------------------
                           Hadronic Processes for triton
  Process: hadElastic
        Model:              hElasticLHEP: 0 eV /n ---> 100 TeV/n
     Cr_sctns:  Glauber-Gribov Nucl-nucl: 0 eV  ---> 25.6 PeV
  Process: tInelastic
        Model:  Binary Light Ion Cascade: 0 eV /n ---> 6 GeV/n
        Model:                      FTFP: 3 GeV/n ---> 100 TeV/n
     Cr_sctns:  Glauber-Gribov Nucl-nucl: 0 eV  ---> 25.6 PeV
=======================================================================
======       Geant4 Native Pre-compound Model Parameters       ========
=======================================================================
Type of pre-compound inverse x-section              3
Pre-compound model active                           1
Pre-compound excitation low energy                  100 keV
Pre-compound excitation high energy                 30 MeV
Angular generator for pre-compound model            1
Use NeverGoBack option for pre-compound model       0
Use SoftCutOff option for pre-compound model        0
Use CEM transitions for pre-compound model          1
Use GNASH transitions for pre-compound model        0
Use HETC submodel for pre-compound model            0
=======================================================================
======       Nuclear De-excitation Module Parameters           ========
=======================================================================
Type of de-excitation inverse x-section             3
Type of de-excitation factory                       Evaporation+GEM
Number of de-excitation channels                    68
Min excitation energy                               10 eV 
Min energy per nucleon for multifragmentation       200 GeV
Limit excitation energy for Fermi BreakUp           20 MeV
Level density (1/MeV)                               0.075
Use simple level density model                      1
Use discrete excitation energy of the residual      1
Time limit for long lived isomeres                  1 ns 
Isomer production flag                              1
Internal e- conversion flag                         1
Store e- internal conversion data                   0
Correlated gamma emission flag                      0
Max 2J for sampling of angular correlations         10
=======================================================================

=========================================================================
--> G4TaskRunManager::CreateAndStartWorkers() --> Initializing workers...
=========================================================================

SIPM_CONFIGSIPM_CONFIG cells=3600 cells_x=60 cells_y=60 active_mm= cells=3600 cells_x=60 cells_y=60 active_mm=3x33 recovery_ns=x3 recovery_ns=30 dcr_hz=30 dcr_hz=500000 dark_enabled=1 crosstalk=500000 dark_enabled=1 crosstalk=0.03 afterpulse_fast=0.03 afterpulse_fast=0.01 window_start_ns=0.01-20 window_end_ns= window_start_ns=250 sample_dt_ns=-20 window_end_ns=0.5 adc_bits=12 adc_lsb_pe=250 sample_dt_ns=0.01 baseline_adc=0.5200 adc_bits= overvoltage_V=12 adc_lsb_pe=3 temperature_C=0.01 baseline_adc=25 trigger_recovery_model=EXPONENTIAL gain_recovery_model=200EXPONENTIAL_H1_SHARED overvoltage_V=
3 temperature_C=25 trigger_recovery_model=EXPONENTIAL gain_recovery_model=EXPONENTIAL_H1_SHARED
SIPM_CONFIG cells=3600 cells_x=60 cells_y=60 active_mm=3x3 recovery_ns=30 dcr_hz=500000 dark_enabled=1 crosstalk=0.03 afterpulse_fast=0.01 window_start_ns=-20 window_end_ns=250 sample_dt_ns=0.5 adc_bits=12 adc_lsb_pe=0.01 baseline_adc=200 overvoltage_V=3 temperature_C=25 trigger_recovery_model=EXPONENTIAL gain_recovery_model=EXPONENTIAL_H1_SHARED
SIPM_CONFIG cells=3600 cells_x=60 cells_y=60 active_mm=3x3 recovery_ns=30 dcr_hz=500000 dark_enabled=1 crosstalk=0.03 afterpulse_fast=0.01 window_start_ns=-20 window_end_ns=250 sample_dt_ns=0.5 adc_bits=12 adc_lsb_pe=0.01 baseline_adc=200 overvoltage_V=3 temperature_C=25 trigger_recovery_model=EXPONENTIAL gain_recovery_model=EXPONENTIAL_H1_SHARED
SIPM_CONFIG cells=3600 cells_x=60 cells_y=60 active_mm=3x3 recovery_ns=30 dcr_hz=500000 dark_enabled=1 crosstalk=0.03 afterpulse_fast=0.01 window_start_ns=-20 window_end_ns=250 sample_dt_ns=0.5 adc_bits=12 adc_lsb_pe=0.01 baseline_adc=200 overvoltage_V=3 temperature_C=25 trigger_recovery_model=EXPONENTIAL gain_recovery_model=EXPONENTIAL_H1_SHARED
SIPM_CONFIG cells=3600 cells_x=60 cells_y=60 active_mm=3x3 recovery_ns=30 dcr_hz=500000 dark_enabled=1 crosstalk=0.03 afterpulse_fast=0.01 window_start_ns=-20 window_end_ns=250 sample_dt_ns=0.5 adc_bits=12 adc_lsb_pe=0.01 baseline_adc=200 overvoltage_V=3 temperature_C=25 trigger_recovery_model=EXPONENTIAL gain_recovery_model=EXPONENTIAL_H1_SHARED
SIPM_CONFIG cells=3600 cells_x=60 cells_y=60 active_mm=3x3 recovery_ns=30 dcr_hz=500000 dark_enabled=1 crosstalk=0.03 afterpulse_fast=0.01 window_start_ns=-20 window_end_ns=250 sample_dt_ns=0.5 adc_bits=12 adc_lsb_pe=0.01 baseline_adc=200 overvoltage_V=3 temperature_C=25 trigger_recovery_model=EXPONENTIAL gain_recovery_model=EXPONENTIAL_H1_SHARED
SIPM_CONFIG cells=3600 cells_x=60 cells_y=60 active_mm=3x3 recovery_ns=30 dcr_hz=500000 dark_enabled=1 crosstalk=0.03 afterpulse_fast=0.01 window_start_ns=-20 window_end_ns=250 sample_dt_ns=0.5 adc_bits=12 adc_lsb_pe=0.01 baseline_adc=200 overvoltage_V=3 temperature_C=25 trigger_recovery_model=EXPONENTIAL gain_recovery_model=EXPONENTIAL_H1_SHARED
SIPM_CONFIG cells=3600 cells_x=60 cells_y=60 active_mm=3x3 recovery_ns=30 dcr_hz=500000 dark_enabled=1 crosstalk=0.03 afterpulse_fast=0.01 window_start_ns=-20 window_end_ns=250 sample_dt_ns=0.5 adc_bits=12 adc_lsb_pe=0.01 baseline_adc=200 overvoltage_V=3 temperature_C=25 trigger_recovery_model=EXPONENTIAL gain_recovery_model=EXPONENTIAL_H1_SHARED
SIPM_CONFIG cells=3600 cells_x=60 cells_y=60 active_mm=3x3 recovery_ns=30 dcr_hz=500000 dark_enabled=1 crosstalk=0.03 afterpulse_fast=0.01 window_start_ns=-20 window_end_ns=250 sample_dt_ns=0.5 adc_bits=12 adc_lsb_pe=0.01 baseline_adc=200 overvoltage_V=3 temperature_C=25 trigger_recovery_model=EXPONENTIAL gain_recovery_model=EXPONENTIAL_H1_SHARED
SIPM_CONFIG cells=3600 cells_x=60 cells_y=60 active_mm=3x3 recovery_ns=30 dcr_hz=500000 dark_enabled=1 crosstalk=0.03 afterpulse_fast=0.01 window_start_ns=-20 window_end_ns=250 sample_dt_ns=0.5 adc_bits=12 adc_lsb_pe=0.01 baseline_adc=200 overvoltage_V=3 temperature_C=25 trigger_recovery_model=EXPONENTIAL gain_recovery_model=EXPONENTIAL_H1_SHARED
SIPM_CONFIG cells=3600 cells_x=60 cells_y=60 active_mm=3x3 recovery_ns=30 dcr_hz=500000 dark_enabled=1 crosstalk=0.03 afterpulse_fast=0.01 window_start_ns=-20 window_end_ns=250 sample_dt_ns=0.5 adc_bits=12 adc_lsb_pe=0.01 baseline_adc=200 overvoltage_V=3 temperature_C=25 trigger_recovery_model=EXPONENTIAL gain_recovery_model=EXPONENTIAL_H1_SHARED
SIPM_CONFIG cells=3600 cells_x=60 cells_y=60 active_mm=3x3 recovery_ns=30 dcr_hz=500000 dark_enabled=1 crosstalk=0.03 afterpulse_fast=0.01 window_start_ns=-20 window_end_ns=250 sample_dt_ns=0.5 adc_bits=12 adc_lsb_pe=0.01 baseline_adc=200 overvoltage_V=3 temperature_C=25 trigger_recovery_model=EXPONENTIAL gain_recovery_model=EXPONENTIAL_H1_SHARED
SIPM_CONFIG cells=3600 cells_x=60 cells_y=60 active_mm=3x3 recovery_ns=30 dcr_hz=500000 dark_enabled=1 crosstalk=0.03 afterpulse_fast=0.01 window_start_ns=-20 window_end_ns=250 sample_dt_ns=0.5 adc_bits=12 adc_lsb_pe=0.01 baseline_adc=200 overvoltage_V=3 temperature_C=25 trigger_recovery_model=EXPONENTIAL gain_recovery_model=EXPONENTIAL_H1_SHARED
SIPM_CONFIG cells=3600 cells_x=60 cells_y=60 active_mm=3x3 recovery_ns=30 dcr_hz=500000 dark_enabled=1 crosstalk=0.03 afterpulse_fast=0.01 window_start_ns=-20 window_end_ns=250 sample_dt_ns=0.5 adc_bits=12 adc_lsb_pe=0.01 baseline_adc=200 overvoltage_V=3 temperature_C=25 trigger_recovery_model=EXPONENTIAL gain_recovery_model=EXPONENTIAL_H1_SHARED
SIPM_CONFIG cells=3600 cells_x=60 cells_y=60 active_mm=3x3 recovery_ns=30 dcr_hz=500000 dark_enabled=1 crosstalk=0.03 afterpulse_fast=0.01 window_start_ns=-20 window_end_ns=250 sample_dt_ns=0.5 adc_bits=12 adc_lsb_pe=0.01 baseline_adc=200 overvoltage_V=3 temperature_C=25 trigger_recovery_model=EXPONENTIAL gain_recovery_model=EXPONENTIAL_H1_SHARED
CCB_NEUTRON_TIMECUT policy_id=pin_qgsp_bic_default_10us time_cut_us=10 status=PINNED_REFERENCE_DEFAULT
RUN_CONFIG particle=pi- KE_MeV=60 nevents=1000 threads_requested=16 threads_effective=16 g4_force_threads=unset seed=1625 hit_x_cm=0 hit_y_cm=0 theta_deg=0 phi_deg=0 allow_miss=0 beam_profile_id=FIXED_POINT_NORMAL sample_position=0 hit_x_min_cm=0 hit_x_max_cm=0 hit_y_min_cm=0 hit_y_max_cm=0 sample_angle=0 theta_spread_deg=0 write_photon_ntuple=0 optical_max_time_ns=1000 optical_max_steps=200000 birks_kB=0.126 quenching_model_id=birks_geant4 quenching_model_status=HYPOTHESIS quenching_claims_authorized=false production_cut_mm=0.1 physics_list=QGSP_BIC neutron_timecut_policy_id=pin_qgsp_bic_default_10us neutron_time_cut_us=10 neutron_tracking_time_cut_configured=1 neutron_diagnostics=0 reflectivity_scale=1 attenuation_scale(deprecated)=1 scintillator_absorption_scale=1 y11_bulk_attenuation_scale=1 pde_scale=1 collection_efficiency=1 optical_interface_model=UNKNOWN_EXTERNAL far_end=instrumented wls_time_profile=exponential wls_fluorescence_model=geant4_default_one_secondary wls_fluorescence_yield=0.7 mode=optical optical_dir=/projects/hep/fs10/shared/nnbar/billy/ccb-wt-1623/geant4/single_stave/build/optical strict_optical=1 output=/projects/hep/fs10/shared/nnbar/billy/ccb1623_campaign/stave_piminus_60MeV_B_s1625.root gpu_optical=0 optical_out= dump_gdml= geometry_hash=e323b92195f9a6288944f0738dbadccf9386422f076362ca172fd0b6d119d1e1

==========================================================================================
--> G4TaskRunManager::CreateAndStartWorkers() --> Creating 32 tasks with 31 events/task...
==========================================================================================

SIPM_ARRIVALS event=62 total=861
SIPM_ADC event=62 readout=3895 f1far=3543 f2near=3086 f2far=3388
SIPM_ARRIVALS event=372 total=933
SIPM_ADC event=372 readout=3188 f1far=3872 f2near=3895 f2far=2890
SIPM_ARRIVALS event=310 total=880
SIPM_ADC event=310 readout=2627 f1far=3235 f2near=3267 f2far=3179
SIPM_ARRIVALS event=434 total=904
SIPM_ADC event=434 readout=3043 f1far=2115 f2near=3171 f2far=3874
SIPM_ARRIVALS event=31 total=888
SIPM_ADC event=31 readout=3555 f1far=3696 f2near=3563 f2far=3895
SIPM_ARRIVALS event=0 total=851
SIPM_ADC event=0 readout=3516 f1far=3189 f2near=3338 f2far=3895
SIPM_ARRIVALS event=341 total=901
SIPM_ADC event=341 readout=3123 f1far=3895 f2near=1867 f2far=3523
SIPM_ARRIVALS event=279 total=949
SIPM_ADC event=279 readout=3766 f1far=3832 f2near=3867 f2far=3352
SIPM_ARRIVALS event=93 total=922
SIPM_ADC event=93 readout=3489 f1far=3082 f2near=3895 f2far=2663
SIPM_ARRIVALS event=403 total=942
SIPM_ADC event=403 readout=3483 f1far=3725 f2near=3523 f2far=3732
SIPM_ARRIVALS event=465 total=998
SIPM_ADC event=465 readout=3587 f1far=3717 f2near=3423 f2far=2917
SIPM_ARRIVALS event=217 total=1015
SIPM_ADC event=217 readout=3673 f1far=3895 f2near=3271 f2far=3465
SIPM_ARRIVALS event=248 total=975
SIPM_ADC event=248 readout=3895 f1far=3630 f2near=3895 f2far=3895
SIPM_ARRIVALS event=124 total=1083
SIPM_ADC event=124 readout=3895 f1far=3846 f2near=3547 f2far=3895
SIPM_ARRIVALS event=186 total=1106
SIPM_ADC event=186 readout=3204 f1far=3895 f2near=3895 f2far=3895
SIPM_ARRIVALS event=155 total=1092
SIPM_ADC event=155 readout=3876 f1far=3869 f2near=3895 f2far=3895
SIPM_ARRIVALS event=32 total=875
SIPM_ADC event=32 readout=3150 f1far=2781 f2near=3641 f2far=3895
SIPM_ARRIVALS event=342 total=875
SIPM_ADC event=342 readout=2748 f1far=2767 f2near=3416 f2far=3611
SIPM_ARRIVALS event=373 total=953
SIPM_ADC event=373 readout=3895 f1far=3798 f2near=3315 f2far=3165
SIPM_ARRIVALS event=311 total=919
SIPM_ADC event=311 readout=3608 f1far=3895 f2near=2691 f2far=3599
SIPM_ARRIVALS event=280 total=880
SIPM_ADC event=280 readout=3250 f1far=3123 f2near=3409 f2far=3537
SIPM_ARRIVALS event=435 total=953
SIPM_ADC event=435 readout=3078 f1far=2788 f2near=3646 f2far=3169
SIPM_ARRIVALS event=1 total=898
SIPM_ADC event=1 readout=3712 f1far=3450 f2near=3355 f2far=3230
SIPM_ARRIVALS event=63 total=1033
SIPM_ADC event=63 readout=3895 f1far=3831 f2near=3895 f2far=2943
SIPM_ARRIVALS event=404 total=913
SIPM_ADC event=404 readout=3557 f1far=2903 f2near=3679 f2far=2954
SIPM_ARRIVALS event=94 total=921
SIPM_ADC event=94 readout=3007 f1far=3147 f2near=2972 f2far=3401
SIPM_ARRIVALS event=249 total=890
SIPM_ADC event=249 readout=3743 f1far=3627 f2near=3610 f2far=3155
SIPM_ARRIVALS event=218 total=1049
SIPM_ADC event=218 readout=3895 f1far=3265 f2near=3490 f2far=2866
SIPM_ARRIVALS event=125 total=878
SIPM_ADC event=125 readout=3135 f1far=2703 f2near=3895 f2far=3200
SIPM_ARRIVALS event=187 total=892
SIPM_ADC event=187 readout=2634 f1far=3668 f2near=3667 f2far=2742
SIPM_ARRIVALS event=156 total=984
SIPM_ADC event=156 readout=3419 f1far=3480 f2near=3573 f2far=3844
SIPM_ARRIVALS event=466 total=1141
SIPM_ADC event=466 readout=3895 f1far=3895 f2near=3742 f2far=3895
SIPM_ARRIVALS event=281 total=865
SIPM_ADC event=281 readout=2888 f1far=3618 f2near=3482 f2far=3429
SIPM_ARRIVALS event=64 total=839
SIPM_ADC event=64 readout=3110 f1far=3634 f2near=3557 f2far=3088
SIPM_ARRIVALS event=343 total=979
SIPM_ADC event=343 readout=3895 f1far=3388 f2near=3330 f2far=3077
SIPM_ARRIVALS event=33 total=1018
SIPM_ADC event=33 readout=3308 f1far=3895 f2near=3493 f2far=3895
SIPM_ARRIVALS event=374 total=974
SIPM_ADC event=374 readout=3623 f1far=3895 f2near=3267 f2far=3895
SIPM_ARRIVALS event=312 total=980
SIPM_ADC event=312 readout=3895 f1far=3895 f2near=3895 f2far=3549
SIPM_ARRIVALS event=2 total=925
SIPM_ADC event=2 readout=3848 f1far=3016 f2near=3722 f2far=2925
SIPM_ARRIVALS event=95 total=916
SIPM_ADC event=95 readout=3707 f1far=3458 f2near=3895 f2far=3273
SIPM_ARRIVALS event=405 total=1007
SIPM_ADC event=405 readout=3895 f1far=3444 f2near=3895 f2far=3607
SIPM_ARRIVALS event=126 total=866
SIPM_ADC event=126 readout=3012 f1far=3407 f2near=2169 f2far=3227
SIPM_ARRIVALS event=157 total=910
SIPM_ADC event=157 readout=3782 f1far=3895 f2near=3895 f2far=2936
SIPM_ARRIVALS event=219 total=910
SIPM_ADC event=219 readout=2921 f1far=3480 f2near=2863 f2far=3660
SIPM_ARRIVALS event=436 total=1094
SIPM_ADC event=436 readout=3766 f1far=3895 f2near=3566 f2far=3895
SIPM_ARRIVALS event=250 total=1071
SIPM_ADC event=250 readout=3327 f1far=3895 f2near=3895 f2far=3445
SIPM_ARRIVALS event=467 total=961
SIPM_ADC event=467 readout=3112 f1far=3313 f2near=3268 f2far=3895
SIPM_ARRIVALS event=188 total=1134
SIPM_ADC event=188 readout=3895 f1far=3895 f2near=3895 f2far=3895
SIPM_ARRIVALS event=3 total=780
SIPM_ADC event=3 readout=2248 f1far=2709 f2near=3589 f2far=2425
SIPM_ARRIVALS event=65 total=906
SIPM_ADC event=65 readout=3058 f1far=2916 f2near=2250 f2far=3608
SIPM_ARRIVALS event=375 total=872
SIPM_ADC event=375 readout=3522 f1far=3895 f2near=3265 f2far=2707
SIPM_ARRIVALS event=282 total=1078
SIPM_ADC event=282 readout=3662 f1far=3895 f2near=3895 f2far=3895
SIPM_ARRIVALS event=34 total=931
SIPM_ADC event=34 readout=3449 f1far=3895 f2near=3895 f2far=3291
SIPM_ARRIVALS event=96 total=1021
SIPM_ADC event=96 readout=3662 f1far=3895 f2near=3617 f2far=3712
SIPM_ARRIVALS event=344 total=1067
SIPM_ADC event=344 readout=3895 f1far=2937 f2near=3895 f2far=3630
SIPM_ARRIVALS event=158 total=901
SIPM_ADC event=158 readout=3145 f1far=3895 f2near=3569 f2far=2991
SIPM_ARRIVALS event=127 total=955
SIPM_ADC event=127 readout=3213 f1far=3895 f2near=3895 f2far=3830
SIPM_ARRIVALS event=406 total=970
SIPM_ADC event=406 readout=2835 f1far=3041 f2near=3895 f2far=3189
SIPM_ARRIVALS event=468 total=839
SIPM_ADC event=468 readout=2930 f1far=3895 f2near=3332 f2far=3895
SIPM_ARRIVALS event=437 total=1061
SIPM_ADC event=437 readout=3233 f1far=3676 f2near=3895 f2far=3895
SIPM_ARRIVALS event=313 total=1068
SIPM_ADC event=313 readout=3895 f1far=3895 f2near=3895 f2far=3895
SIPM_ARRIVALS event=220 total=1099
SIPM_ADC event=220 readout=3895 f1far=3198 f2near=3895 f2far=3140
SIPM_ARRIVALS event=189 total=930
SIPM_ADC event=189 readout=3895 f1far=3781 f2near=3348 f2far=3895
SIPM_ARRIVALS event=251 total=1096
SIPM_ADC event=251 readout=3895 f1far=3895 f2near=3895 f2far=3895
SIPM_ARRIVALS event=66 total=932
SIPM_ADC event=66 readout=2846 f1far=3484 f2near=3745 f2far=3895
SIPM_ARRIVALS event=283 total=888
SIPM_ADC event=283 readout=3691 f1far=3145 f2near=3895 f2far=2602
SIPM_ARRIVALS event=345 total=841
SIPM_ADC event=345 readout=2914 f1far=3749 f2near=3005 f2far=2581
SIPM_ARRIVALS event=4 total=1095
SIPM_ADC event=4 readout=3895 f1far=3895 f2near=3336 f2far=2928
SIPM_ARRIVALS event=438 total=870
SIPM_ADC event=438 readout=2534 f1far=3061 f2near=3087 f2far=3579
SIPM_ARRIVALS event=376 total=995
SIPM_ADC event=376 readout=3099 f1far=3895 f2near=3895 f2far=3541
SIPM_ARRIVALS event=97 total=996
SIPM_ADC event=97 readout=3037 f1far=3357 f2near=3718 f2far=3419
SIPM_ARRIVALS event=159 total=956
SIPM_ADC event=159 readout=2795 f1far=3653 f2near=3091 f2far=3058
SIPM_ARRIVALS event=469 total=910
SIPM_ADC event=469 readout=3895 f1far=2927 f2near=3539 f2far=3049
SIPM_ARRIVALS event=35 total=1028
SIPM_ADC event=35 readout=3639 f1far=3895 f2near=3612 f2far=3895
SIPM_ARRIVALS event=407 total=960
SIPM_ADC event=407 readout=3136 f1far=3571 f2near=3374 f2far=3377
SIPM_ARRIVALS event=221 total=853
SIPM_ADC event=221 readout=2757 f1far=3247 f2near=3333 f2far=3352
SIPM_ARRIVALS event=128 total=1102
SIPM_ADC event=128 readout=3895 f1far=3877 f2near=3895 f2far=3895
SIPM_ARRIVALS event=190 total=944
SIPM_ADC event=190 readout=3379 f1far=3605 f2near=2907 f2far=3728
SIPM_ARRIVALS event=314 total=1083
SIPM_ADC event=314 readout=3895 f1far=3895 f2near=3895 f2far=3533
SIPM_ARRIVALS event=252 total=1045
SIPM_ADC event=252 readout=3895 f1far=3499 f2near=3361 f2far=3895
SIPM_ARRIVALS event=439 total=849
SIPM_ADC event=439 readout=2327 f1far=2380 f2near=3154 f2far=2806
SIPM_ARRIVALS event=5 total=979
SIPM_ADC event=5 readout=3895 f1far=3810 f2near=3844 f2far=3895
SIPM_ARRIVALS event=67 total=1050
SIPM_ADC event=67 readout=3768 f1far=3895 f2near=3578 f2far=3895
SIPM_ARRIVALS event=377 total=939
SIPM_ADC event=377 readout=3895 f1far=3895 f2near=3895 f2far=3895
SIPM_ARRIVALS event=284 total=1142
SIPM_ADC event=284 readout=3895 f1far=3895 f2near=3895 f2far=3774
SIPM_ARRIVALS event=346 total=1102
SIPM_ADC event=346 readout=3880 f1far=2980 f2near=3628 f2far=3895
SIPM_ARRIVALS event=470 total=899
SIPM_ADC event=470 readout=3489 f1far=3001 f2near=3895 f2far=3895
SIPM_ARRIVALS event=36 total=924
SIPM_ADC event=36 readout=3011 f1far=3562 f2near=2917 f2far=3107
SIPM_ARRIVALS event=191 total=836
SIPM_ADC event=191 readout=2750 f1far=3150 f2near=2417 f2far=3461
SIPM_ARRIVALS event=160 total=972
SIPM_ADC event=160 readout=3685 f1far=3724 f2near=3895 f2far=3282
SIPM_ARRIVALS event=408 total=896
SIPM_ADC event=408 readout=3229 f1far=2629 f2near=3895 f2far=3551
SIPM_ARRIVALS event=98 total=1027
SIPM_ADC event=98 readout=3895 f1far=3895 f2near=3595 f2far=3367
SIPM_ARRIVALS event=315 total=859
SIPM_ADC event=315 readout=3512 f1far=3413 f2near=3249 f2far=3895
SIPM_ARRIVALS event=222 total=970
SIPM_ADC event=222 readout=3829 f1far=3411 f2near=3728 f2far=3139
SIPM_ARRIVALS event=129 total=1042
SIPM_ADC event=129 readout=3895 f1far=3895 f2near=3256 f2far=3895
SIPM_ARRIVALS event=253 total=1045
SIPM_ADC event=253 readout=3590 f1far=3298 f2near=3895 f2far=3244
SIPM_ARRIVALS event=440 total=1006
SIPM_ADC event=440 readout=3626 f1far=3895 f2near=3629 f2far=3804
SIPM_ARRIVALS event=68 total=885
SIPM_ADC event=68 readout=3515 f1far=3319 f2near=2816 f2far=3137
SIPM_ARRIVALS event=471 total=959
SIPM_ADC event=471 readout=3895 f1far=2620 f2near=3630 f2far=3895
SIPM_ARRIVALS event=347 total=965
SIPM_ADC event=347 readout=3247 f1far=3489 f2near=3573 f2far=3895
SIPM_ARRIVALS event=6 total=1026
SIPM_ADC event=6 readout=3895 f1far=3547 f2near=3501 f2far=3334
SIPM_ARRIVALS event=37 total=942
SIPM_ADC event=37 readout=2644 f1far=3636 f2near=2652 f2far=3895
SIPM_ARRIVALS event=409 total=856
SIPM_ADC event=409 readout=3532 f1far=3452 f2near=3351 f2far=3639
SIPM_ARRIVALS event=378 total=971
SIPM_ADC event=378 readout=3150 f1far=3895 f2near=3665 f2far=3269
SIPM_ARRIVALS event=285 total=1030
SIPM_ADC event=285 readout=3895 f1far=3840 f2near=3895 f2far=3895
SIPM_ARRIVALS event=161 total=1005
SIPM_ADC event=161 readout=3895 f1far=3895 f2near=3118 f2far=3475
SIPM_ARRIVALS event=316 total=910
SIPM_ADC event=316 readout=3114 f1far=3354 f2near=3418 f2far=3895
SIPM_ARRIVALS event=99 total=1002
SIPM_ADC event=99 readout=3234 f1far=3895 f2near=3895 f2far=3883
SIPM_ARRIVALS event=192 total=1080
SIPM_ADC event=192 readout=3797 f1far=3289 f2near=3895 f2far=3895
SIPM_ARRIVALS event=130 total=861
SIPM_ADC event=130 readout=3354 f1far=3895 f2near=3443 f2far=3817
SIPM_ARRIVALS event=223 total=996
SIPM_ADC event=223 readout=3895 f1far=3153 f2near=3895 f2far=3895
SIPM_ARRIVALS event=254 total=952
SIPM_ADC event=254 readout=3895 f1far=3885 f2near=3895 f2far=3444
SIPM_ARRIVALS event=441 total=871
SIPM_ADC event=441 readout=3495 f1far=2656 f2near=3197 f2far=3731
SIPM_ARRIVALS event=472 total=895
SIPM_ADC event=472 readout=3368 f1far=3487 f2near=3542 f2far=3727
SIPM_ARRIVALS event=69 total=1043
SIPM_ADC event=69 readout=3293 f1far=3895 f2near=3895 f2far=3895
SIPM_ARRIVALS event=348 total=1040
SIPM_ADC event=348 readout=3100 f1far=3895 f2near=3895 f2far=3795
SIPM_ARRIVALS event=379 total=915
SIPM_ADC event=379 readout=3580 f1far=3807 f2near=3481 f2far=3895
SIPM_ARRIVALS event=38 total=871
SIPM_ADC event=38 readout=3351 f1far=3328 f2near=3509 f2far=2863
SIPM_ARRIVALS event=7 total=972
SIPM_ADC event=7 readout=3202 f1far=3895 f2near=2850 f2far=2932
SIPM_ARRIVALS event=317 total=961
SIPM_ADC event=317 readout=3508 f1far=3171 f2near=3895 f2far=3532
SIPM_ARRIVALS event=410 total=975
SIPM_ADC event=410 readout=3524 f1far=3895 f2near=2913 f2far=3895
SIPM_ARRIVALS event=100 total=949
SIPM_ADC event=100 readout=3895 f1far=3816 f2near=3601 f2far=3891
SIPM_ARRIVALS event=162 total=1044
SIPM_ADC event=162 readout=3879 f1far=3895 f2near=3895 f2far=3895
SIPM_ARRIVALS event=224 total=872
SIPM_ADC event=224 readout=3895 f1far=2454 f2near=3575 f2far=3114
SIPM_ARRIVALS event=193 total=1121
SIPM_ADC event=193 readout=3895 f1far=3895 f2near=3895 f2far=3895
SIPM_ARRIVALS event=286 total=1259
SIPM_ADC event=286 readout=3338 f1far=3895 f2near=3895 f2far=3895
SIPM_ARRIVALS event=131 total=1006
SIPM_ADC event=131 readout=3297 f1far=3895 f2near=3167 f2far=3895
SIPM_ARRIVALS event=255 total=901
SIPM_ADC event=255 readout=3215 f1far=3874 f2near=3115 f2far=2669
SIPM_ARRIVALS event=442 total=893
SIPM_ADC event=442 readout=2818 f1far=2504 f2near=3895 f2far=3560
SIPM_ARRIVALS event=70 total=950
SIPM_ADC event=70 readout=3577 f1far=3021 f2near=3282 f2far=3895
SIPM_ARRIVALS event=473 total=1006
SIPM_ADC event=473 readout=3324 f1far=3895 f2near=3694 f2far=3630
SIPM_ARRIVALS event=39 total=952
SIPM_ADC event=39 readout=3702 f1far=2907 f2near=2825 f2far=3895
SIPM_ARRIVALS event=349 total=1078
SIPM_ADC event=349 readout=3892 f1far=3895 f2near=3704 f2far=3891
SIPM_ARRIVALS event=318 total=917
SIPM_ADC event=318 readout=2838 f1far=3895 f2near=3139 f2far=3588
SIPM_ARRIVALS event=411 total=939
SIPM_ADC event=411 readout=2927 f1far=3799 f2near=3778 f2far=3774
SIPM_ARRIVALS event=8 total=953
SIPM_ADC event=8 readout=3018 f1far=3437 f2near=3895 f2far=3517
SIPM_ARRIVALS event=380 total=1122
SIPM_ADC event=380 readout=3895 f1far=3895 f2near=3587 f2far=3505
SIPM_ARRIVALS event=163 total=984
SIPM_ADC event=163 readout=2955 f1far=3895 f2near=3663 f2far=3895
SIPM_ARRIVALS event=101 total=1099
SIPM_ADC event=101 readout=3895 f1far=3895 f2near=3180 f2far=3895
SIPM_ARRIVALS event=256 total=956
SIPM_ADC event=256 readout=3349 f1far=3895 f2near=3404 f2far=3311
SIPM_ARRIVALS event=194 total=975
SIPM_ADC event=194 readout=2976 f1far=3895 f2near=3667 f2far=3895
SIPM_ARRIVALS event=287 total=1003
SIPM_ADC event=287 readout=3895 f1far=3548 f2near=3697 f2far=3246
SIPM_ARRIVALS event=225 total=1107
SIPM_ADC event=225 readout=3515 f1far=3895 f2near=3895 f2far=3895
SIPM_ARRIVALS event=132 total=1055
SIPM_ADC event=132 readout=3895 f1far=3895 f2near=3454 f2far=3895
SIPM_ARRIVALS event=443 total=1070
SIPM_ADC event=443 readout=3823 f1far=3895 f2near=3591 f2far=3173
SIPM_ARRIVALS event=71 total=940
SIPM_ADC event=71 readout=2697 f1far=3315 f2near=3684 f2far=3895
SIPM_ARRIVALS event=350 total=870
SIPM_ADC event=350 readout=3895 f1far=3410 f2near=2824 f2far=2455
SIPM_ARRIVALS event=474 total=935
SIPM_ADC event=474 readout=2936 f1far=3476 f2near=3157 f2far=3242
SIPM_ARRIVALS event=319 total=891
SIPM_ADC event=319 readout=3590 f1far=3416 f2near=2822 f2far=3444
SIPM_ARRIVALS event=40 total=1041
SIPM_ADC event=40 readout=3895 f1far=3562 f2near=3516 f2far=3762
SIPM_ARRIVALS event=381 total=860
SIPM_ADC event=381 readout=3783 f1far=3895 f2near=2312 f2far=2989
SIPM_ARRIVALS event=9 total=1027
SIPM_ADC event=9 readout=3895 f1far=3895 f2near=3860 f2far=3895
SIPM_ARRIVALS event=412 total=905
SIPM_ADC event=412 readout=3321 f1far=3676 f2near=2829 f2far=3895
SIPM_ARRIVALS event=164 total=895
SIPM_ADC event=164 readout=3075 f1far=3072 f2near=3895 f2far=3101
SIPM_ARRIVALS event=102 total=1018
SIPM_ADC event=102 readout=3606 f1far=3785 f2near=3895 f2far=3895
SIPM_ARRIVALS event=288 total=885
SIPM_ADC event=288 readout=3757 f1far=3895 f2near=3179 f2far=2905
SIPM_ARRIVALS event=257 total=1047
SIPM_ADC event=257 readout=3636 f1far=3789 f2near=3895 f2far=3537
SIPM_ARRIVALS event=226 total=935
SIPM_ADC event=226 readout=3361 f1far=2900 f2near=3558 f2far=3469
SIPM_ARRIVALS event=133 total=883
SIPM_ADC event=133 readout=3004 f1far=3895 f2near=2862 f2far=3677
SIPM_ARRIVALS event=195 total=1097
SIPM_ADC event=195 readout=3355 f1far=3851 f2near=3895 f2far=3895
SIPM_ARRIVALS event=444 total=919
SIPM_ADC event=444 readout=3589 f1far=3521 f2near=3895 f2far=3895
SIPM_ARRIVALS event=72 total=882
SIPM_ADC event=72 readout=2948 f1far=2731 f2near=3180 f2far=3365
SIPM_ARRIVALS event=475 total=950
SIPM_ADC event=475 readout=3755 f1far=3895 f2near=3026 f2far=3854
SIPM_ARRIVALS event=351 total=1053
SIPM_ADC event=351 readout=3895 f1far=3895 f2near=3895 f2far=3895
SIPM_ARRIVALS event=382 total=894
SIPM_ADC event=382 readout=3739 f1far=3410 f2near=3091 f2far=3602
SIPM_ARRIVALS event=320 total=982
SIPM_ADC event=320 readout=3889 f1far=3570 f2near=3455 f2far=3895
SIPM_ARRIVALS event=41 total=984
SIPM_ADC event=41 readout=3297 f1far=3895 f2near=3873 f2far=3895
SIPM_ARRIVALS event=10 total=974
SIPM_ADC event=10 readout=3146 f1far=2959 f2near=3895 f2far=2918
SIPM_ARRIVALS event=165 total=852
SIPM_ADC event=165 readout=2815 f1far=3245 f2near=3354 f2far=3126
SIPM_ARRIVALS event=258 total=859
SIPM_ADC event=258 readout=3729 f1far=3510 f2near=2954 f2far=3575
SIPM_ARRIVALS event=289 total=971
SIPM_ADC event=289 readout=3567 f1far=3044 f2near=3471 f2far=3481
SIPM_ARRIVALS event=103 total=1086
SIPM_ADC event=103 readout=3895 f1far=3834 f2near=3895 f2far=3664
SIPM_ARRIVALS event=227 total=925
SIPM_ADC event=227 readout=3037 f1far=3895 f2near=3768 f2far=3245
SIPM_ARRIVALS event=134 total=915
SIPM_ADC event=134 readout=3399 f1far=3598 f2near=3412 f2far=3349
SIPM_ARRIVALS event=196 total=985
SIPM_ADC event=196 readout=3895 f1far=3526 f2near=3895 f2far=2859
SIPM_ARRIVALS event=445 total=997
SIPM_ADC event=445 readout=3895 f1far=3895 f2near=3412 f2far=3717
SIPM_ARRIVALS event=73 total=946
SIPM_ADC event=73 readout=3143 f1far=3760 f2near=3893 f2far=3268
SIPM_ARRIVALS event=383 total=808
SIPM_ADC event=383 readout=2716 f1far=3788 f2near=2886 f2far=3895
SIPM_ARRIVALS event=11 total=875
SIPM_ADC event=11 readout=3806 f1far=2665 f2near=3088 f2far=3082
SIPM_ARRIVALS event=352 total=912
SIPM_ADC event=352 readout=3895 f1far=3669 f2near=2485 f2far=3387
SIPM_ARRIVALS event=166 total=838
SIPM_ADC event=166 readout=2091 f1far=3065 f2near=3418 f2far=3211
SIPM_ARRIVALS event=476 total=1129
SIPM_ADC event=476 readout=3895 f1far=3895 f2near=3603 f2far=3895
SIPM_ARRIVALS event=321 total=1045
SIPM_ADC event=321 readout=3332 f1far=3358 f2near=3554 f2far=3895
SIPM_ARRIVALS event=42 total=1037
SIPM_ADC event=42 readout=3573 f1far=3431 f2near=3521 f2far=3895
SIPM_ARRIVALS event=259 total=942
SIPM_ADC event=259 readout=3521 f1far=2954 f2near=3139 f2far=3895
SIPM_ARRIVALS event=104 total=979
SIPM_ADC event=104 readout=3895 f1far=3895 f2near=3505 f2far=3355
SIPM_ARRIVALS event=290 total=920
SIPM_ADC event=290 readout=3859 f1far=3428 f2near=3148 f2far=2768
SIPM_ARRIVALS event=135 total=867
SIPM_ADC event=135 readout=2547 f1far=3438 f2near=3247 f2far=3490
SIPM_ARRIVALS event=228 total=992
SIPM_ADC event=228 readout=2391 f1far=3895 f2near=3895 f2far=3844
SIPM_ARRIVALS event=197 total=939
SIPM_ADC event=197 readout=3301 f1far=3895 f2near=3298 f2far=3895
SIPM_ARRIVALS event=446 total=959
SIPM_ADC event=446 readout=3653 f1far=3250 f2near=3725 f2far=3895
SIPM_ARRIVALS event=384 total=945
SIPM_ADC event=384 readout=2837 f1far=3800 f2near=3439 f2far=3168
SIPM_ARRIVALS event=74 total=1069
SIPM_ADC event=74 readout=3895 f1far=3770 f2near=3816 f2far=3895
SIPM_ARRIVALS event=353 total=962
SIPM_ADC event=353 readout=3615 f1far=3320 f2near=3552 f2far=2893
SIPM_ARRIVALS event=12 total=990
SIPM_ADC event=12 readout=3453 f1far=3684 f2near=3895 f2far=3809
SIPM_ARRIVALS event=167 total=948
SIPM_ADC event=167 readout=3162 f1far=3074 f2near=3495 f2far=3887
SIPM_ARRIVALS event=477 total=969
SIPM_ADC event=477 readout=3895 f1far=3238 f2near=3199 f2far=3566
SIPM_ARRIVALS event=322 total=958
SIPM_ADC event=322 readout=3756 f1far=3501 f2near=3763 f2far=3637
SIPM_ARRIVALS event=260 total=1030
SIPM_ADC event=260 readout=3609 f1far=3659 f2near=3895 f2far=3893
SIPM_ARRIVALS event=105 total=962
SIPM_ADC event=105 readout=3895 f1far=3568 f2near=2887 f2far=3658
SIPM_ARRIVALS event=43 total=1115
SIPM_ADC event=43 readout=3895 f1far=3895 f2near=3895 f2far=3895
SIPM_ARRIVALS event=136 total=904
SIPM_ADC event=136 readout=3895 f1far=3429 f2near=3418 f2far=3165
SIPM_ARRIVALS event=229 total=969
SIPM_ADC event=229 readout=3895 f1far=3280 f2near=3431 f2far=3895
SIPM_ARRIVALS event=198 total=1053
SIPM_ADC event=198 readout=3895 f1far=3663 f2near=3564 f2far=3895
SIPM_ARRIVALS event=385 total=878
SIPM_ADC event=385 readout=3876 f1far=3097 f2near=2710 f2far=3111
SIPM_ARRIVALS event=354 total=887
SIPM_ADC event=354 readout=3541 f1far=2993 f2near=3326 f2far=3487
SIPM_ARRIVALS event=447 total=1203
SIPM_ADC event=447 readout=3884 f1far=3895 f2near=3895 f2far=3895
SIPM_ARRIVALS event=75 total=946
SIPM_ADC event=75 readout=3895 f1far=3546 f2near=3532 f2far=3244
SIPM_ARRIVALS event=13 total=953
SIPM_ADC event=13 readout=3895 f1far=3679 f2near=2744 f2far=3895
SIPM_ARRIVALS event=478 total=848
SIPM_ADC event=478 readout=2795 f1far=3403 f2near=3255 f2far=3151
SIPM_ARRIVALS event=168 total=1025
SIPM_ADC event=168 readout=3895 f1far=3895 f2near=3672 f2far=3797
SIPM_ARRIVALS event=323 total=843
SIPM_ADC event=323 readout=3895 f1far=3245 f2near=3114 f2far=3042
SIPM_ARRIVALS event=106 total=1034
SIPM_ADC event=106 readout=3895 f1far=3895 f2near=3895 f2far=3807
SIPM_ARRIVALS event=44 total=984
SIPM_ADC event=44 readout=3895 f1far=3895 f2near=2980 f2far=3171
SIPM_ARRIVALS event=261 total=981
SIPM_ADC event=261 readout=2699 f1far=3895 f2near=3755 f2far=3861
SIPM_ARRIVALS event=137 total=871
SIPM_ADC event=137 readout=2439 f1far=2840 f2near=3895 f2far=3882
SIPM_ARRIVALS event=413 total=4084
SIPM_ADC event=413 readout=3895 f1far=3895 f2near=3895 f2far=3895
SIPM_ARRIVALS event=199 total=992
SIPM_ADC event=199 readout=2758 f1far=3895 f2near=3895 f2far=3382
SIPM_ARRIVALS event=230 total=1077
SIPM_ADC event=230 readout=3528 f1far=3895 f2near=3446 f2far=3895
SIPM_ARRIVALS event=76 total=812
SIPM_ADC event=76 readout=3272 f1far=3134 f2near=3339 f2far=2527
SIPM_ARRIVALS event=386 total=1047
SIPM_ADC event=386 readout=3895 f1far=3455 f2near=3895 f2far=3895
SIPM_ARRIVALS event=479 total=926
SIPM_ADC event=479 readout=2785 f1far=3653 f2near=2946 f2far=2970
SIPM_ARRIVALS event=14 total=895
SIPM_ADC event=14 readout=3039 f1far=3195 f2near=3152 f2far=3201
SIPM_ARRIVALS event=355 total=1000
SIPM_ADC event=355 readout=2993 f1far=3839 f2near=3140 f2far=3403
SIPM_ARRIVALS event=448 total=1041
SIPM_ADC event=448 readout=3717 f1far=3241 f2near=3658 f2far=3895
SIPM_ARRIVALS event=169 total=994
SIPM_ADC event=169 readout=3809 f1far=3582 f2near=3877 f2far=3343
SIPM_ARRIVALS event=324 total=998
SIPM_ADC event=324 readout=3171 f1far=3895 f2near=3176 f2far=3895
SIPM_ARRIVALS event=262 total=901
SIPM_ADC event=262 readout=2899 f1far=3540 f2near=3425 f2far=3714
SIPM_ARRIVALS event=45 total=857
SIPM_ADC event=45 readout=2450 f1far=3662 f2near=3273 f2far=3635
SIPM_ARRIVALS event=107 total=971
SIPM_ADC event=107 readout=2728 f1far=3895 f2near=3895 f2far=3306
SIPM_ARRIVALS event=325 total=330
SIPM_ADC event=325 readout=1780 f1far=1156 f2near=977 f2far=1396
SIPM_ARRIVALS event=138 total=987
SIPM_ADC event=138 readout=3428 f1far=3895 f2near=3119 f2far=3510
SIPM_ARRIVALS event=414 total=886
SIPM_ADC event=414 readout=3170 f1far=3330 f2near=2988 f2far=3125
SIPM_ARRIVALS event=77 total=866
SIPM_ADC event=77 readout=3142 f1far=3666 f2near=2877 f2far=3483
SIPM_ARRIVALS event=387 total=974
SIPM_ADC event=387 readout=3477 f1far=3895 f2near=3618 f2far=3672
SIPM_ARRIVALS event=231 total=1011
SIPM_ADC event=231 readout=3443 f1far=3623 f2near=3895 f2far=3895
SIPM_ARRIVALS event=15 total=890
SIPM_ADC event=15 readout=3120 f1far=3476 f2near=3597 f2far=3408
SIPM_ARRIVALS event=356 total=885
SIPM_ADC event=356 readout=2543 f1far=3346 f2near=3080 f2far=2913
SIPM_ARRIVALS event=480 total=960
SIPM_ADC event=480 readout=3684 f1far=2861 f2near=3808 f2far=3454
SIPM_ARRIVALS event=170 total=900
SIPM_ADC event=170 readout=3812 f1far=2730 f2near=3308 f2far=3084
SIPM_ARRIVALS event=200 total=1496
SIPM_ADC event=200 readout=3895 f1far=3895 f2near=3895 f2far=3895
SIPM_ARRIVALS event=449 total=1074
SIPM_ADC event=449 readout=3895 f1far=3895 f2near=3807 f2far=3527
SIPM_ARRIVALS event=46 total=984
SIPM_ADC event=46 readout=3228 f1far=3874 f2near=3294 f2far=3895
SIPM_ARRIVALS event=108 total=1005
SIPM_ADC event=108 readout=3895 f1far=3564 f2near=3112 f2far=3895
SIPM_ARRIVALS event=263 total=1086
SIPM_ADC event=263 readout=3895 f1far=3895 f2near=3895 f2far=3785
SIPM_ARRIVALS event=326 total=1027
SIPM_ADC event=326 readout=3103 f1far=3524 f2near=3025 f2far=3127
SIPM_ARRIVALS event=415 total=959
SIPM_ADC event=415 readout=3895 f1far=3843 f2near=3140 f2far=3240
SIPM_ARRIVALS event=139 total=1070
SIPM_ADC event=139 readout=3409 f1far=3147 f2near=3681 f2far=3895
SIPM_ARRIVALS event=78 total=994
SIPM_ADC event=78 readout=2795 f1far=3895 f2near=3850 f2far=3895
SIPM_ARRIVALS event=388 total=878
SIPM_ADC event=388 readout=3404 f1far=3895 f2near=3508 f2far=3399
SIPM_ARRIVALS event=16 total=979
SIPM_ADC event=16 readout=3132 f1far=3712 f2near=3243 f2far=3689
SIPM_ARRIVALS event=357 total=923
SIPM_ADC event=357 readout=3029 f1far=3057 f2near=2818 f2far=3413
SIPM_ARRIVALS event=481 total=990
SIPM_ADC event=481 readout=3895 f1far=3538 f2near=3895 f2far=3725
SIPM_ARRIVALS event=232 total=1077
SIPM_ADC event=232 readout=3895 f1far=3895 f2near=3595 f2far=3895
SIPM_ARRIVALS event=171 total=909
SIPM_ADC event=171 readout=3271 f1far=3085 f2near=3895 f2far=2153
SIPM_ARRIVALS event=450 total=1135
SIPM_ADC event=450 readout=3487 f1far=3895 f2near=3895 f2far=3895
SIPM_ARRIVALS event=47 total=912
SIPM_ADC event=47 readout=2946 f1far=3637 f2near=3391 f2far=3151
SIPM_ARRIVALS event=201 total=1162
SIPM_ADC event=201 readout=3895 f1far=3895 f2near=3895 f2far=3469
SIPM_ARRIVALS event=264 total=944
SIPM_ADC event=264 readout=3867 f1far=3097 f2near=3359 f2far=3560
SIPM_ARRIVALS event=109 total=957
SIPM_ADC event=109 readout=3332 f1far=3895 f2near=3023 f2far=3476
SIPM_ARRIVALS event=416 total=879
SIPM_ADC event=416 readout=3350 f1far=3809 f2near=2677 f2far=3546
SIPM_ARRIVALS event=327 total=913
SIPM_ADC event=327 readout=3782 f1far=3782 f2near=2992 f2far=3597
SIPM_ARRIVALS event=140 total=1000
SIPM_ADC event=140 readout=3121 f1far=3895 f2near=3474 f2far=3895
SIPM_ARRIVALS event=79 total=936
SIPM_ADC event=79 readout=3065 f1far=3895 f2near=3415 f2far=3320
SIPM_ARRIVALS event=233 total=872
SIPM_ADC event=233 readout=2902 f1far=2818 f2near=3022 f2far=3895
SIPM_ARRIVALS event=389 total=1095
SIPM_ADC event=389 readout=3895 f1far=3895 f2near=3793 f2far=3819
SIPM_ARRIVALS event=482 total=870
SIPM_ADC event=482 readout=2678 f1far=3895 f2near=3339 f2far=2861
SIPM_ARRIVALS event=358 total=892
SIPM_ADC event=358 readout=3895 f1far=3556 f2near=2858 f2far=3645
SIPM_ARRIVALS event=17 total=1098
SIPM_ADC event=17 readout=3895 f1far=3895 f2near=3895 f2far=3895
SIPM_ARRIVALS event=172 total=1034
SIPM_ADC event=172 readout=3645 f1far=3571 f2near=3895 f2far=3673
SIPM_ARRIVALS event=451 total=850
SIPM_ADC event=451 readout=3509 f1far=3173 f2near=3505 f2far=2806
SIPM_ARRIVALS event=291 total=5631
SIPM_ADC event=291 readout=3895 f1far=3895 f2near=3895 f2far=3895
SIPM_ARRIVALS event=48 total=1007
SIPM_ADC event=48 readout=3749 f1far=3696 f2near=3809 f2far=3895
SIPM_ARRIVALS event=265 total=1066
SIPM_ADC event=265 readout=3895 f1far=3737 f2near=3895 f2far=3895
SIPM_ARRIVALS event=202 total=1175
SIPM_ADC event=202 readout=3895 f1far=3895 f2near=3895 f2far=3895
SIPM_ARRIVALS event=110 total=1071
SIPM_ADC event=110 readout=3796 f1far=3611 f2near=3895 f2far=3895
SIPM_ARRIVALS event=141 total=832
SIPM_ADC event=141 readout=3440 f1far=3095 f2near=3774 f2far=2645
SIPM_ARRIVALS event=328 total=1040
SIPM_ADC event=328 readout=3895 f1far=3895 f2near=3395 f2far=3895
SIPM_ARRIVALS event=417 total=1051
SIPM_ADC event=417 readout=3895 f1far=3632 f2near=3101 f2far=3309
SIPM_ARRIVALS event=80 total=1017
SIPM_ADC event=80 readout=3845 f1far=3394 f2near=3895 f2far=3895
SIPM_ARRIVALS event=359 total=923
SIPM_ADC event=359 readout=3642 f1far=2779 f2near=3416 f2far=3341
SIPM_ARRIVALS event=234 total=973
SIPM_ADC event=234 readout=3895 f1far=3895 f2near=3760 f2far=3895
SIPM_ARRIVALS event=390 total=987
SIPM_ADC event=390 readout=3491 f1far=3583 f2near=3895 f2far=3556
SIPM_ARRIVALS event=483 total=961
SIPM_ADC event=483 readout=3318 f1far=3104 f2near=3895 f2far=3507
SIPM_ARRIVALS event=18 total=994
SIPM_ADC event=18 readout=3571 f1far=3895 f2near=3485 f2far=3446
SIPM_ARRIVALS event=173 total=967
SIPM_ADC event=173 readout=3895 f1far=3895 f2near=2356 f2far=3895
SIPM_ARRIVALS event=452 total=924
SIPM_ADC event=452 readout=2983 f1far=3895 f2near=2197 f2far=3498
SIPM_ARRIVALS event=292 total=850
SIPM_ADC event=292 readout=3014 f1far=2904 f2near=2988 f2far=3674
SIPM_ARRIVALS event=49 total=1076
SIPM_ADC event=49 readout=3383 f1far=3478 f2near=3373 f2far=3895
SIPM_ARRIVALS event=203 total=917
SIPM_ADC event=203 readout=2829 f1far=3351 f2near=2803 f2far=3450
SIPM_ARRIVALS event=111 total=862
SIPM_ADC event=111 readout=3895 f1far=3895 f2near=3056 f2far=2854
SIPM_ARRIVALS event=266 total=1078
SIPM_ADC event=266 readout=3895 f1far=3815 f2near=3365 f2far=3592
SIPM_ARRIVALS event=329 total=923
SIPM_ADC event=329 readout=2780 f1far=3209 f2near=3659 f2far=3303
SIPM_ARRIVALS event=391 total=840
SIPM_ADC event=391 readout=2936 f1far=2485 f2near=3450 f2far=2538
SIPM_ARRIVALS event=235 total=976
SIPM_ADC event=235 readout=3895 f1far=3800 f2near=3879 f2far=3398
SIPM_ARRIVALS event=418 total=1000
SIPM_ADC event=418 readout=3788 f1far=3436 f2near=3895 f2far=3895
SIPM_ARRIVALS event=484 total=876
SIPM_ADC event=484 readout=2892 f1far=3510 f2near=3460 f2far=3895
SIPM_ARRIVALS event=142 total=1002
SIPM_ADC event=142 readout=3828 f1far=3895 f2near=3895 f2far=3272
SIPM_ARRIVALS event=19 total=832
SIPM_ADC event=19 readout=3487 f1far=2972 f2near=3016 f2far=3263
SIPM_ARRIVALS event=360 total=1051
SIPM_ADC event=360 readout=3153 f1far=3564 f2near=3249 f2far=3895
SIPM_ARRIVALS event=81 total=1127
SIPM_ADC event=81 readout=3895 f1far=3456 f2near=3895 f2far=3895
SIPM_ARRIVALS event=174 total=854
SIPM_ADC event=174 readout=3512 f1far=3548 f2near=2884 f2far=2745
SIPM_ARRIVALS event=453 total=914
SIPM_ADC event=453 readout=2950 f1far=2848 f2near=3325 f2far=3895
SIPM_ARRIVALS event=293 total=1021
SIPM_ADC event=293 readout=3632 f1far=3895 f2near=3155 f2far=3895
SIPM_ARRIVALS event=50 total=944
SIPM_ADC event=50 readout=3584 f1far=2543 f2near=3760 f2far=3895
SIPM_ARRIVALS event=267 total=911
SIPM_ADC event=267 readout=3031 f1far=3895 f2near=2713 f2far=3463
SIPM_ARRIVALS event=112 total=938
SIPM_ADC event=112 readout=1687 f1far=3662 f2near=3895 f2far=3337
SIPM_ARRIVALS event=204 total=1065
SIPM_ADC event=204 readout=3895 f1far=3895 f2near=3895 f2far=3895
SIPM_ARRIVALS event=330 total=904
SIPM_ADC event=330 readout=2643 f1far=3346 f2near=2870 f2far=3680
SIPM_ARRIVALS event=392 total=927
SIPM_ADC event=392 readout=3895 f1far=3380 f2near=3347 f2far=3508
SIPM_ARRIVALS event=236 total=998
SIPM_ADC event=236 readout=3739 f1far=3760 f2near=2824 f2far=3866
SIPM_ARRIVALS event=485 total=902
SIPM_ADC event=485 readout=3309 f1far=2854 f2near=3500 f2far=3219
SIPM_ARRIVALS event=143 total=952
SIPM_ADC event=143 readout=3331 f1far=3895 f2near=3801 f2far=3895
SIPM_ARRIVALS event=361 total=886
SIPM_ADC event=361 readout=3199 f1far=3302 f2near=3379 f2far=3895
SIPM_ARRIVALS event=20 total=1076
SIPM_ADC event=20 readout=3789 f1far=3895 f2near=3061 f2far=3558
SIPM_ARRIVALS event=419 total=1066
SIPM_ADC event=419 readout=3895 f1far=3788 f2near=3789 f2far=3895
SIPM_ARRIVALS event=82 total=1105
SIPM_ADC event=82 readout=3895 f1far=3113 f2near=3578 f2far=3895
SIPM_ARRIVALS event=175 total=853
SIPM_ADC event=175 readout=3686 f1far=3193 f2near=3521 f2far=3246
SIPM_ARRIVALS event=454 total=965
SIPM_ADC event=454 readout=3360 f1far=3873 f2near=3118 f2far=3895
SIPM_ARRIVALS event=51 total=957
SIPM_ADC event=51 readout=3895 f1far=3584 f2near=3895 f2far=3641
SIPM_ARRIVALS event=294 total=996
SIPM_ADC event=294 readout=3895 f1far=3822 f2near=3854 f2far=2975
SIPM_ARRIVALS event=113 total=916
SIPM_ADC event=113 readout=2883 f1far=3532 f2near=3864 f2far=3895
SIPM_ARRIVALS event=268 total=949
SIPM_ADC event=268 readout=3762 f1far=3069 f2near=3315 f2far=3895
SIPM_ARRIVALS event=331 total=944
SIPM_ADC event=331 readout=3895 f1far=2835 f2near=3583 f2far=3850
SIPM_ARRIVALS event=205 total=1133
SIPM_ADC event=205 readout=3779 f1far=3895 f2near=3804 f2far=3895
SIPM_ARRIVALS event=393 total=900
SIPM_ADC event=393 readout=3895 f1far=3075 f2near=3126 f2far=3398
SIPM_ARRIVALS event=486 total=858
SIPM_ADC event=486 readout=3882 f1far=2777 f2near=3741 f2far=3073
SIPM_ARRIVALS event=237 total=977
SIPM_ADC event=237 readout=3295 f1far=3895 f2near=3331 f2far=3684
SIPM_ARRIVALS event=420 total=882
SIPM_ADC event=420 readout=3037 f1far=2775 f2near=3610 f2far=2996
SIPM_ARRIVALS event=21 total=973
SIPM_ADC event=21 readout=2571 f1far=3895 f2near=3895 f2far=3565
SIPM_ARRIVALS event=144 total=1011
SIPM_ADC event=144 readout=3895 f1far=3058 f2near=3590 f2far=2963
SIPM_ARRIVALS event=83 total=851
SIPM_ADC event=83 readout=3490 f1far=2726 f2near=3303 f2far=3514
SIPM_ARRIVALS event=176 total=925
SIPM_ADC event=176 readout=3202 f1far=2993 f2near=3680 f2far=3612
SIPM_ARRIVALS event=455 total=903
SIPM_ADC event=455 readout=3472 f1far=3234 f2near=3430 f2far=3241
SIPM_ARRIVALS event=362 total=1144
SIPM_ADC event=362 readout=3895 f1far=3895 f2near=3741 f2far=3895
SIPM_ARRIVALS event=295 total=889
SIPM_ADC event=295 readout=3639 f1far=3363 f2near=3327 f2far=3895
SIPM_ARRIVALS event=52 total=1065
SIPM_ADC event=52 readout=3895 f1far=3895 f2near=3325 f2far=3895
SIPM_ARRIVALS event=269 total=976
SIPM_ADC event=269 readout=3754 f1far=3895 f2near=3895 f2far=3474
SIPM_ARRIVALS event=114 total=1116
SIPM_ADC event=114 readout=2988 f1far=3454 f2near=3340 f2far=3378
SIPM_ARRIVALS event=206 total=926
SIPM_ADC event=206 readout=3853 f1far=3630 f2near=3211 f2far=3822
SIPM_ARRIVALS event=487 total=855
SIPM_ADC event=487 readout=3082 f1far=3400 f2near=3398 f2far=2941
SIPM_ARRIVALS event=332 total=871
SIPM_ADC event=332 readout=3464 f1far=3895 f2near=3221 f2far=3037
SIPM_ARRIVALS event=394 total=1067
SIPM_ADC event=394 readout=3895 f1far=3895 f2near=3420 f2far=3895
SIPM_ARRIVALS event=238 total=902
SIPM_ADC event=238 readout=3895 f1far=3738 f2near=3505 f2far=3017
SIPM_ARRIVALS event=22 total=1035
SIPM_ADC event=22 readout=3895 f1far=3895 f2near=3895 f2far=3895
SIPM_ARRIVALS event=145 total=963
SIPM_ADC event=145 readout=3895 f1far=3521 f2near=3312 f2far=3302
SIPM_ARRIVALS event=363 total=950
SIPM_ADC event=363 readout=3550 f1far=3226 f2near=3088 f2far=3553
SIPM_ARRIVALS event=421 total=1208
SIPM_ADC event=421 readout=3895 f1far=3895 f2near=3895 f2far=3895
SIPM_ARRIVALS event=84 total=1078
SIPM_ADC event=84 readout=3895 f1far=3895 f2near=3895 f2far=3592
SIPM_ARRIVALS event=177 total=1109
SIPM_ADC event=177 readout=3617 f1far=3734 f2near=3895 f2far=3895
SIPM_ARRIVALS event=456 total=1007
SIPM_ADC event=456 readout=3794 f1far=3097 f2near=3710 f2far=3080
SIPM_ARRIVALS event=53 total=908
SIPM_ADC event=53 readout=3477 f1far=3895 f2near=3346 f2far=3088
SIPM_ARRIVALS event=296 total=1037
SIPM_ADC event=296 readout=3895 f1far=3278 f2near=3895 f2far=3256
SIPM_ARRIVALS event=270 total=976
SIPM_ADC event=270 readout=3895 f1far=3230 f2near=3440 f2far=3560
SIPM_ARRIVALS event=115 total=920
SIPM_ADC event=115 readout=3887 f1far=3895 f2near=2982 f2far=3161
SIPM_ARRIVALS event=333 total=984
SIPM_ADC event=333 readout=3840 f1far=3292 f2near=3895 f2far=3196
SIPM_ARRIVALS event=488 total=971
SIPM_ADC event=488 readout=3895 f1far=3895 f2near=2773 f2far=3365
SIPM_ARRIVALS event=395 total=946
SIPM_ADC event=395 readout=3473 f1far=3895 f2near=3151 f2far=3895
SIPM_ARRIVALS event=239 total=937
SIPM_ADC event=239 readout=3636 f1far=3153 f2near=2285 f2far=3569
SIPM_ARRIVALS event=23 total=899
SIPM_ADC event=23 readout=3041 f1far=3209 f2near=3621 f2far=3554
SIPM_ARRIVALS event=207 total=1195
SIPM_ADC event=207 readout=3895 f1far=3895 f2near=3895 f2far=3895
SIPM_ARRIVALS event=85 total=860
SIPM_ADC event=85 readout=3382 f1far=2365 f2near=3085 f2far=3360
SIPM_ARRIVALS event=364 total=896
SIPM_ADC event=364 readout=2949 f1far=3310 f2near=3705 f2far=3648
SIPM_ARRIVALS event=457 total=997
SIPM_ADC event=457 readout=3706 f1far=3664 f2near=3895 f2far=3895
SIPM_ARRIVALS event=178 total=1024
SIPM_ADC event=178 readout=3895 f1far=3895 f2near=3402 f2far=3711
SIPM_ARRIVALS event=146 total=1261
SIPM_ADC event=146 readout=3895 f1far=3895 f2near=3895 f2far=3895
SIPM_ARRIVALS event=422 total=1085
SIPM_ADC event=422 readout=3425 f1far=3895 f2near=3895 f2far=3351
SIPM_ARRIVALS event=54 total=955
SIPM_ADC event=54 readout=2761 f1far=3565 f2near=3085 f2far=3542
SIPM_ARRIVALS event=297 total=904
SIPM_ADC event=297 readout=3895 f1far=2940 f2near=2509 f2far=3219
SIPM_ARRIVALS event=489 total=861
SIPM_ADC event=489 readout=3339 f1far=3531 f2near=3429 f2far=3647
SIPM_ARRIVALS event=396 total=876
SIPM_ADC event=396 readout=2965 f1far=3496 f2near=3452 f2far=3895
SIPM_ARRIVALS event=334 total=1077
SIPM_ADC event=334 readout=3895 f1far=3895 f2near=3753 f2far=3010
SIPM_ARRIVALS event=116 total=1153
SIPM_ADC event=116 readout=3895 f1far=3576 f2near=3895 f2far=3895
SIPM_ARRIVALS event=240 total=934
SIPM_ADC event=240 readout=3588 f1far=3672 f2near=3720 f2far=3420
SIPM_ARRIVALS event=24 total=966
SIPM_ADC event=24 readout=3895 f1far=3663 f2near=3006 f2far=3645
SIPM_ARRIVALS event=271 total=1372
SIPM_ADC event=271 readout=3895 f1far=3895 f2near=3895 f2far=3895
SIPM_ARRIVALS event=208 total=937
SIPM_ADC event=208 readout=3895 f1far=3105 f2near=3216 f2far=3154
SIPM_ARRIVALS event=86 total=948
SIPM_ADC event=86 readout=3895 f1far=3474 f2near=3688 f2far=2630
SIPM_ARRIVALS event=365 total=995
SIPM_ADC event=365 readout=3869 f1far=2965 f2near=3767 f2far=3383
SIPM_ARRIVALS event=147 total=920
SIPM_ADC event=147 readout=3324 f1far=3627 f2near=3670 f2far=2824
SIPM_ARRIVALS event=458 total=1071
SIPM_ADC event=458 readout=3895 f1far=3399 f2near=3339 f2far=3794
SIPM_ARRIVALS event=298 total=882
SIPM_ADC event=298 readout=3282 f1far=3356 f2near=2822 f2far=3111
SIPM_ARRIVALS event=179 total=1025
SIPM_ADC event=179 readout=3402 f1far=3895 f2near=3895 f2far=3510
SIPM_ARRIVALS event=55 total=970
SIPM_ADC event=55 readout=3895 f1far=3374 f2near=3441 f2far=3895
SIPM_ARRIVALS event=423 total=1018
SIPM_ADC event=423 readout=3206 f1far=3668 f2near=3895 f2far=3153
SIPM_ARRIVALS event=490 total=1040
SIPM_ADC event=490 readout=3669 f1far=3895 f2near=3895 f2far=3895
SIPM_ARRIVALS event=397 total=1050
SIPM_ADC event=397 readout=3115 f1far=3895 f2near=3042 f2far=3895
SIPM_ARRIVALS event=117 total=981
SIPM_ADC event=117 readout=3389 f1far=3425 f2near=3788 f2far=3387
SIPM_ARRIVALS event=335 total=1015
SIPM_ADC event=335 readout=3895 f1far=3895 f2near=3895 f2far=3114
SIPM_ARRIVALS event=241 total=1064
SIPM_ADC event=241 readout=3895 f1far=3895 f2near=3512 f2far=3895
SIPM_ARRIVALS event=25 total=1011
SIPM_ADC event=25 readout=3273 f1far=3895 f2near=3895 f2far=3895
SIPM_ARRIVALS event=209 total=974
SIPM_ADC event=209 readout=3895 f1far=3418 f2near=3717 f2far=3626
SIPM_ARRIVALS event=272 total=915
SIPM_ADC event=272 readout=3826 f1far=3286 f2near=3450 f2far=2977
SIPM_ARRIVALS event=87 total=1028
SIPM_ADC event=87 readout=3628 f1far=3627 f2near=3895 f2far=3037
SIPM_ARRIVALS event=366 total=878
SIPM_ADC event=366 readout=3650 f1far=2615 f2near=2673 f2far=3326
SIPM_ARRIVALS event=459 total=893
SIPM_ADC event=459 readout=3735 f1far=2761 f2near=3895 f2far=3828
SIPM_ARRIVALS event=299 total=883
SIPM_ADC event=299 readout=3779 f1far=3895 f2near=3242 f2far=2764
SIPM_ARRIVALS event=424 total=932
SIPM_ADC event=424 readout=3895 f1far=3254 f2near=3383 f2far=2838
SIPM_ARRIVALS event=56 total=949
SIPM_ADC event=56 readout=3813 f1far=3459 f2near=3208 f2far=2960
SIPM_ARRIVALS event=148 total=1002
SIPM_ADC event=148 readout=3508 f1far=3895 f2near=3895 f2far=3895
SIPM_ARRIVALS event=180 total=1015
SIPM_ADC event=180 readout=3640 f1far=3895 f2near=3557 f2far=3489
SIPM_ARRIVALS event=491 total=902
SIPM_ADC event=491 readout=2763 f1far=2845 f2near=3502 f2far=2340
SIPM_ARRIVALS event=118 total=955
SIPM_ADC event=118 readout=3828 f1far=3798 f2near=3319 f2far=3143
SIPM_ARRIVALS event=398 total=958
SIPM_ADC event=398 readout=3895 f1far=3178 f2near=3869 f2far=2902
SIPM_ARRIVALS event=210 total=838
SIPM_ADC event=210 readout=2920 f1far=3546 f2near=2651 f2far=3546
SIPM_ARRIVALS event=336 total=905
SIPM_ADC event=336 readout=3347 f1far=3121 f2near=3357 f2far=2911
SIPM_ARRIVALS event=26 total=965
SIPM_ADC event=26 readout=3271 f1far=3090 f2near=3110 f2far=3895
SIPM_ARRIVALS event=242 total=1020
SIPM_ADC event=242 readout=3613 f1far=3895 f2near=3774 f2far=2995
SIPM_ARRIVALS event=273 total=957
SIPM_ADC event=273 readout=3871 f1far=3895 f2near=3693 f2far=2761
SIPM_ARRIVALS event=88 total=988
SIPM_ADC event=88 readout=3583 f1far=3458 f2near=3336 f2far=3175
SIPM_ARRIVALS event=367 total=963
SIPM_ADC event=367 readout=2949 f1far=3567 f2near=3409 f2far=3479
SIPM_ARRIVALS event=300 total=953
SIPM_ADC event=300 readout=3170 f1far=3895 f2near=3777 f2far=3451
SIPM_ARRIVALS event=425 total=932
SIPM_ADC event=425 readout=3253 f1far=3164 f2near=3131 f2far=3719
SIPM_ARRIVALS event=460 total=1138
SIPM_ADC event=460 readout=3895 f1far=3895 f2near=3895 f2far=2773
SIPM_ARRIVALS event=149 total=963
SIPM_ADC event=149 readout=3895 f1far=3517 f2near=3435 f2far=3494
SIPM_ARRIVALS event=181 total=953
SIPM_ADC event=181 readout=3384 f1far=3895 f2near=3669 f2far=3596
SIPM_ARRIVALS event=492 total=902
SIPM_ADC event=492 readout=3401 f1far=3200 f2near=2464 f2far=3443
SIPM_ARRIVALS event=57 total=1049
SIPM_ADC event=57 readout=3895 f1far=3372 f2near=3272 f2far=3791
SIPM_ARRIVALS event=399 total=940
SIPM_ADC event=399 readout=3001 f1far=3645 f2near=3895 f2far=3760
SIPM_ARRIVALS event=211 total=888
SIPM_ADC event=211 readout=3270 f1far=2944 f2near=3353 f2far=3607
SIPM_ARRIVALS event=337 total=993
SIPM_ADC event=337 readout=3130 f1far=3208 f2near=3566 f2far=3512
SIPM_ARRIVALS event=119 total=1010
SIPM_ADC event=119 readout=3829 f1far=3895 f2near=3855 f2far=3690
SIPM_ARRIVALS event=89 total=859
SIPM_ADC event=89 readout=2711 f1far=2769 f2near=3599 f2far=3410
SIPM_ARRIVALS event=243 total=987
SIPM_ADC event=243 readout=3604 f1far=3526 f2near=3570 f2far=2582
SIPM_ARRIVALS event=27 total=1117
SIPM_ADC event=27 readout=3895 f1far=3895 f2near=3895 f2far=3895
SIPM_ARRIVALS event=274 total=1017
SIPM_ADC event=274 readout=3895 f1far=3895 f2near=3715 f2far=3887
SIPM_ARRIVALS event=368 total=1001
SIPM_ADC event=368 readout=3895 f1far=3360 f2near=3056 f2far=3882
SIPM_ARRIVALS event=426 total=811
SIPM_ADC event=426 readout=3176 f1far=2660 f2near=3135 f2far=3418
SIPM_ARRIVALS event=461 total=849
SIPM_ADC event=461 readout=3515 f1far=3643 f2near=3037 f2far=3175
SIPM_ARRIVALS event=301 total=981
SIPM_ADC event=301 readout=3868 f1far=3156 f2near=2839 f2far=3895
SIPM_ARRIVALS event=150 total=937
SIPM_ADC event=150 readout=3895 f1far=3895 f2near=3266 f2far=3720
SIPM_ARRIVALS event=182 total=1015
SIPM_ADC event=182 readout=3418 f1far=3712 f2near=3895 f2far=3104
SIPM_ARRIVALS event=493 total=1032
SIPM_ADC event=493 readout=3895 f1far=3867 f2near=3742 f2far=3531
SIPM_ARRIVALS event=400 total=889
SIPM_ADC event=400 readout=2966 f1far=3680 f2near=3701 f2far=2791
SIPM_ARRIVALS event=58 total=1054
SIPM_ADC event=58 readout=3688 f1far=3385 f2near=3051 f2far=3895
SIPM_ARRIVALS event=120 total=909
SIPM_ADC event=120 readout=3485 f1far=2542 f2near=3895 f2far=3682
SIPM_ARRIVALS event=212 total=1136
SIPM_ADC event=212 readout=3895 f1far=3895 f2near=3767 f2far=3895
SIPM_ARRIVALS event=338 total=1039
SIPM_ADC event=338 readout=3895 f1far=3895 f2near=3895 f2far=3586
SIPM_ARRIVALS event=90 total=1002
SIPM_ADC event=90 readout=3895 f1far=3895 f2near=3610 f2far=3677
SIPM_ARRIVALS event=369 total=895
SIPM_ADC event=369 readout=2779 f1far=3838 f2near=3470 f2far=3826
SIPM_ARRIVALS event=28 total=1046
SIPM_ADC event=28 readout=3786 f1far=3895 f2near=3637 f2far=3786
SIPM_ARRIVALS event=275 total=990
SIPM_ADC event=275 readout=3887 f1far=3895 f2near=3517 f2far=3332
SIPM_ARRIVALS event=151 total=913
SIPM_ADC event=151 readout=3895 f1far=3770 f2near=3720 f2far=3301
SIPM_ARRIVALS event=302 total=1054
SIPM_ADC event=302 readout=3602 f1far=3529 f2near=3895 f2far=3895
SIPM_ARRIVALS event=183 total=906
SIPM_ADC event=183 readout=3895 f1far=2940 f2near=3631 f2far=3895
SIPM_ARRIVALS event=427 total=1155
SIPM_ADC event=427 readout=3895 f1far=3650 f2near=3666 f2far=3895
SIPM_ARRIVALS event=494 total=867
SIPM_ADC event=494 readout=3476 f1far=3895 f2near=3734 f2far=2575
SIPM_ARRIVALS event=462 total=1137
SIPM_ADC event=462 readout=3895 f1far=3740 f2near=3895 f2far=3895
SIPM_ARRIVALS event=244 total=1510
SIPM_ADC event=244 readout=3895 f1far=3895 f2near=3895 f2far=3895
SIPM_ARRIVALS event=59 total=1001
SIPM_ADC event=59 readout=3610 f1far=3309 f2near=3742 f2far=3895
SIPM_ARRIVALS event=401 total=1008
SIPM_ADC event=401 readout=3480 f1far=3895 f2near=3895 f2far=3884
SIPM_ARRIVALS event=213 total=978
SIPM_ADC event=213 readout=2987 f1far=3483 f2near=3174 f2far=3895
SIPM_ARRIVALS event=339 total=918
SIPM_ADC event=339 readout=3517 f1far=3895 f2near=3588 f2far=3593
SIPM_ARRIVALS event=91 total=966
SIPM_ADC event=91 readout=3070 f1far=3319 f2near=3895 f2far=3274
SIPM_ARRIVALS event=121 total=964
SIPM_ADC event=121 readout=3895 f1far=2841 f2near=3000 f2far=3158
SIPM_ARRIVALS event=370 total=956
SIPM_ADC event=370 readout=3895 f1far=3373 f2near=3467 f2far=3895
SIPM_ARRIVALS event=276 total=955
SIPM_ADC event=276 readout=2862 f1far=3313 f2near=3152 f2far=3487
SIPM_ARRIVALS event=29 total=900
SIPM_ADC event=29 readout=3438 f1far=2878 f2near=2614 f2far=3068
SIPM_ARRIVALS event=428 total=858
SIPM_ADC event=428 readout=3492 f1far=3424 f2near=2594 f2far=3619
SIPM_ARRIVALS event=152 total=920
SIPM_ADC event=152 readout=3065 f1far=3895 f2near=3575 f2far=3102
SIPM_ARRIVALS event=495 total=969
SIPM_ADC event=495 readout=3606 f1far=3136 f2near=3895 f2far=3895
SIPM_ARRIVALS event=463 total=912
SIPM_ADC event=463 readout=2731 f1far=3863 f2near=3895 f2far=3507
SIPM_ARRIVALS event=245 total=945
SIPM_ADC event=245 readout=3461 f1far=3895 f2near=3895 f2far=3892
SIPM_ARRIVALS event=303 total=940
SIPM_ADC event=303 readout=3389 f1far=3742 f2near=3752 f2far=3726
SIPM_ARRIVALS event=402 total=948
SIPM_ADC event=402 readout=3763 f1far=3268 f2near=2939 f2far=3598
SIPM_ARRIVALS event=60 total=927
SIPM_ADC event=60 readout=3640 f1far=3337 f2near=3413 f2far=2895
SIPM_ARRIVALS event=214 total=926
SIPM_ADC event=214 readout=2958 f1far=3256 f2near=2861 f2far=3893
SIPM_ARRIVALS event=122 total=911
SIPM_ADC event=122 readout=3895 f1far=3704 f2near=3647 f2far=3248
SIPM_ARRIVALS event=340 total=901
SIPM_ADC event=340 readout=2634 f1far=2790 f2near=3758 f2far=2764
SIPM_ARRIVALS event=92 total=936
SIPM_ADC event=92 readout=3428 f1far=3275 f2near=3469 f2far=3631
SIPM_ARRIVALS event=371 total=1002
SIPM_ADC event=371 readout=3209 f1far=3895 f2near=3709 f2far=3895
SIPM_ARRIVALS event=184 total=1398
SIPM_ADC event=184 readout=3895 f1far=3895 f2near=3895 f2far=3895
SIPM_ARRIVALS event=30 total=966
SIPM_ADC event=30 readout=3390 f1far=3153 f2near=2984 f2far=3814
SIPM_ARRIVALS event=277 total=1137
SIPM_ADC event=277 readout=3145 f1far=3301 f2near=3895 f2far=3430
SIPM_ARRIVALS event=429 total=948
SIPM_ADC event=429 readout=3023 f1far=3484 f2near=3895 f2far=3721
SIPM_ARRIVALS event=246 total=862
SIPM_ADC event=246 readout=3572 f1far=3548 f2near=3846 f2far=3063
SIPM_ARRIVALS event=464 total=967
SIPM_ADC event=464 readout=3256 f1far=3895 f2near=3463 f2far=3442
SIPM_ARRIVALS event=61 total=782
SIPM_ADC event=61 readout=3284 f1far=2667 f2near=3492 f2far=3074
SIPM_ARRIVALS event=496 total=1010
SIPM_ADC event=496 readout=3396 f1far=3895 f2near=3895 f2far=3895
SIPM_ARRIVALS event=215 total=869
SIPM_ADC event=215 readout=2698 f1far=3517 f2near=3441 f2far=3410
SIPM_ARRIVALS event=527 total=935
SIPM_ADC event=527 readout=2957 f1far=3325 f2near=2478 f2far=3296
SIPM_ARRIVALS event=153 total=1102
SIPM_ADC event=153 readout=3895 f1far=3895 f2near=3532 f2far=3524
SIPM_ARRIVALS event=304 total=1288
SIPM_ADC event=304 readout=3895 f1far=3895 f2near=3895 f2far=3895
SIPM_ARRIVALS event=123 total=1095
SIPM_ADC event=123 readout=3858 f1far=3895 f2near=3895 f2far=3895
SIPM_ARRIVALS event=558 total=1106
SIPM_ADC event=558 readout=3895 f1far=3895 f2near=3544 f2far=3895
SIPM_ARRIVALS event=620 total=990
SIPM_ADC event=620 readout=3321 f1far=3895 f2near=3600 f2far=3510
SIPM_ARRIVALS event=589 total=1103
SIPM_ADC event=589 readout=3406 f1far=3895 f2near=3895 f2far=3895
SIPM_ARRIVALS event=185 total=950
SIPM_ADC event=185 readout=3723 f1far=3895 f2near=3801 f2far=3172
SIPM_ARRIVALS event=278 total=853
SIPM_ADC event=278 readout=3833 f1far=3156 f2near=3526 f2far=3895
SIPM_ARRIVALS event=651 total=931
SIPM_ADC event=651 readout=3895 f1far=3680 f2near=3895 f2far=3625
SIPM_ARRIVALS event=430 total=963
SIPM_ADC event=430 readout=3802 f1far=3895 f2near=3895 f2far=3623
SIPM_ARRIVALS event=682 total=930
SIPM_ADC event=682 readout=3895 f1far=3569 f2near=3740 f2far=3402
SIPM_ARRIVALS event=216 total=929
SIPM_ADC event=216 readout=3066 f1far=3334 f2near=3895 f2far=3099
SIPM_ARRIVALS event=713 total=951
SIPM_ADC event=713 readout=3489 f1far=3649 f2near=3895 f2far=3002
SIPM_ARRIVALS event=497 total=1008
SIPM_ADC event=497 readout=3895 f1far=3269 f2near=3895 f2far=3318
SIPM_ARRIVALS event=154 total=818
SIPM_ADC event=154 readout=2332 f1far=2934 f2near=3055 f2far=2725
SIPM_ARRIVALS event=247 total=1050
SIPM_ADC event=247 readout=3895 f1far=3895 f2near=2943 f2far=3256
SIPM_ARRIVALS event=528 total=943
SIPM_ADC event=528 readout=3776 f1far=3895 f2near=3149 f2far=3800
SIPM_ARRIVALS event=305 total=942
SIPM_ADC event=305 readout=3299 f1far=3765 f2near=3733 f2far=3895
SIPM_ARRIVALS event=744 total=907
SIPM_ADC event=744 readout=3895 f1far=3258 f2near=3313 f2far=3678
SIPM_ARRIVALS event=559 total=974
SIPM_ADC event=559 readout=3754 f1far=3785 f2near=3610 f2far=3584
SIPM_ARRIVALS event=621 total=930
SIPM_ADC event=621 readout=3895 f1far=3895 f2near=2952 f2far=3338
SIPM_ARRIVALS event=590 total=988
SIPM_ADC event=590 readout=3756 f1far=3026 f2near=3479 f2far=3451
SIPM_ARRIVALS event=806 total=925
SIPM_ADC event=806 readout=2861 f1far=3895 f2near=3511 f2far=3432
SIPM_ARRIVALS event=775 total=1098
SIPM_ADC event=775 readout=3459 f1far=3895 f2near=3895 f2far=3895
SIPM_ARRIVALS event=652 total=975
SIPM_ADC event=652 readout=3895 f1far=3106 f2near=3895 f2far=3895
SIPM_ARRIVALS event=431 total=909
SIPM_ADC event=431 readout=3895 f1far=3491 f2near=3708 f2far=3887
SIPM_ARRIVALS event=683 total=902
SIPM_ADC event=683 readout=3786 f1far=3046 f2near=2922 f2far=3680
SIPM_ARRIVALS event=868 total=877
SIPM_ADC event=868 readout=3112 f1far=3683 f2near=3267 f2far=2619
SIPM_ARRIVALS event=837 total=1006
SIPM_ADC event=837 readout=3682 f1far=3652 f2near=3505 f2far=3895
SIPM_ARRIVALS event=899 total=978
SIPM_ADC event=899 readout=3689 f1far=3589 f2near=3721 f2far=3743
SIPM_ARRIVALS event=714 total=1058
SIPM_ADC event=714 readout=3665 f1far=3895 f2near=3895 f2far=3895
SIPM_ARRIVALS event=529 total=1052
SIPM_ADC event=529 readout=3895 f1far=3895 f2near=3895 f2far=3889
SIPM_ARRIVALS event=306 total=997
SIPM_ADC event=306 readout=2758 f1far=3806 f2near=3803 f2far=3812
SIPM_ARRIVALS event=591 total=826
SIPM_ADC event=591 readout=2488 f1far=2372 f2near=3788 f2far=2837
SIPM_ARRIVALS event=622 total=931
SIPM_ADC event=622 readout=3097 f1far=3714 f2near=3887 f2far=3123
SIPM_ARRIVALS event=745 total=977
SIPM_ADC event=745 readout=3895 f1far=3372 f2near=3691 f2far=3895
SIPM_ARRIVALS event=560 total=1001
SIPM_ADC event=560 readout=3895 f1far=3895 f2near=3556 f2far=3895
SIPM_ARRIVALS event=807 total=903
SIPM_ADC event=807 readout=3295 f1far=3895 f2near=3051 f2far=3895
SIPM_ARRIVALS event=776 total=979
SIPM_ADC event=776 readout=3590 f1far=3346 f2near=3627 f2far=3869
SIPM_ARRIVALS event=653 total=874
SIPM_ADC event=653 readout=3654 f1far=3587 f2near=3784 f2far=3079
SIPM_ARRIVALS event=432 total=967
SIPM_ADC event=432 readout=3895 f1far=2797 f2near=3567 f2far=3895
SIPM_ARRIVALS event=900 total=933
SIPM_ADC event=900 readout=3168 f1far=3895 f2near=3382 f2far=3661
SIPM_ARRIVALS event=869 total=901
SIPM_ADC event=869 readout=3677 f1far=3246 f2near=3171 f2far=3330
SIPM_ARRIVALS event=684 total=1091
SIPM_ADC event=684 readout=3754 f1far=3895 f2near=3895 f2far=3895
SIPM_ARRIVALS event=715 total=1025
SIPM_ADC event=715 readout=3588 f1far=3895 f2near=3895 f2far=3895
SIPM_ARRIVALS event=530 total=956
SIPM_ADC event=530 readout=3632 f1far=3632 f2near=3225 f2far=3701
SIPM_ARRIVALS event=561 total=865
SIPM_ADC event=561 readout=3231 f1far=3315 f2near=2821 f2far=3517
SIPM_ARRIVALS event=307 total=895
SIPM_ADC event=307 readout=3895 f1far=3844 f2near=3240 f2far=2837
SIPM_ARRIVALS event=808 total=960
SIPM_ADC event=808 readout=3651 f1far=3178 f2near=3895 f2far=3732
SIPM_ARRIVALS event=623 total=896
SIPM_ADC event=623 readout=3397 f1far=3138 f2near=2592 f2far=3895
SIPM_ARRIVALS event=592 total=886
SIPM_ADC event=592 readout=3159 f1far=3346 f2near=3194 f2far=3850
SIPM_ARRIVALS event=838 total=1323
SIPM_ADC event=838 readout=3895 f1far=3895 f2near=3895 f2far=3895
SIPM_ARRIVALS event=654 total=877
SIPM_ADC event=654 readout=3282 f1far=3107 f2near=3888 f2far=3601
SIPM_ARRIVALS event=777 total=1105
SIPM_ADC event=777 readout=2923 f1far=3895 f2near=3504 f2far=3895
SIPM_ARRIVALS event=901 total=985
SIPM_ADC event=901 readout=3895 f1far=3133 f2near=3482 f2far=2875
SIPM_ARRIVALS event=433 total=905
SIPM_ADC event=433 readout=2809 f1far=3644 f2near=3683 f2far=2940
SIPM_ARRIVALS event=685 total=879
SIPM_ADC event=685 readout=3670 f1far=3095 f2near=3895 f2far=3307
SIPM_ARRIVALS event=870 total=937
SIPM_ADC event=870 readout=2983 f1far=2904 f2near=3895 f2far=3895
SIPM_ARRIVALS event=531 total=988
SIPM_ADC event=531 readout=3895 f1far=3895 f2near=3758 f2far=2946
SIPM_ARRIVALS event=809 total=952
SIPM_ADC event=809 readout=3641 f1far=3895 f2near=3053 f2far=3393
SIPM_ARRIVALS event=562 total=995
SIPM_ADC event=562 readout=3845 f1far=3895 f2near=3572 f2far=3895
SIPM_ARRIVALS event=716 total=1135
SIPM_ADC event=716 readout=3895 f1far=3895 f2near=3807 f2far=3895
SIPM_ARRIVALS event=593 total=960
SIPM_ADC event=593 readout=3895 f1far=3128 f2near=3495 f2far=3565
SIPM_ARRIVALS event=308 total=1000
SIPM_ADC event=308 readout=3895 f1far=3784 f2near=3862 f2far=3895
SIPM_ARRIVALS event=624 total=1029
SIPM_ADC event=624 readout=3830 f1far=3663 f2near=3629 f2far=3525
SIPM_ARRIVALS event=839 total=941
SIPM_ADC event=839 readout=3517 f1far=3845 f2near=3693 f2far=3895
SIPM_ARRIVALS event=655 total=898
SIPM_ADC event=655 readout=3235 f1far=3770 f2near=2349 f2far=3460
SIPM_ARRIVALS event=778 total=905
SIPM_ADC event=778 readout=3574 f1far=3451 f2near=3416 f2far=2750
SIPM_ARRIVALS event=902 total=918
SIPM_ADC event=902 readout=3429 f1far=3358 f2near=3015 f2far=3895
SIPM_ARRIVALS event=686 total=996
SIPM_ADC event=686 readout=3484 f1far=3116 f2near=3701 f2far=3409
SIPM_ARRIVALS event=930 total=1140
SIPM_ADC event=930 readout=3895 f1far=3895 f2near=3895 f2far=3895
SIPM_ARRIVALS event=871 total=1077
SIPM_ADC event=871 readout=3895 f1far=3497 f2near=3895 f2far=3895
SIPM_ARRIVALS event=532 total=935
SIPM_ADC event=532 readout=3895 f1far=3895 f2near=3331 f2far=3643
SIPM_ARRIVALS event=594 total=871
SIPM_ADC event=594 readout=3186 f1far=3271 f2near=3446 f2far=3244
SIPM_ARRIVALS event=810 total=971
SIPM_ADC event=810 readout=3520 f1far=3895 f2near=3895 f2far=3348
SIPM_ARRIVALS event=563 total=987
SIPM_ADC event=563 readout=3748 f1far=3895 f2near=3227 f2far=3652
SIPM_ARRIVALS event=309 total=1053
SIPM_ADC event=309 readout=3077 f1far=3814 f2near=3584 f2far=3759
SIPM_ARRIVALS event=717 total=1070
SIPM_ADC event=717 readout=3625 f1far=3895 f2near=3234 f2far=3725
SIPM_ARRIVALS event=625 total=958
SIPM_ADC event=625 readout=3895 f1far=3622 f2near=3580 f2far=3633
SIPM_ARRIVALS event=656 total=1052
SIPM_ADC event=656 readout=3394 f1far=3895 f2near=3408 f2far=3895
SIPM_ARRIVALS event=779 total=834
SIPM_ADC event=779 readout=2894 f1far=3466 f2near=3073 f2far=3094
SIPM_ARRIVALS event=903 total=897
SIPM_ADC event=903 readout=2347 f1far=3081 f2near=3191 f2far=3383
SIPM_ARRIVALS event=687 total=1031
SIPM_ADC event=687 readout=3482 f1far=3895 f2near=3895 f2far=3895
SIPM_ARRIVALS event=872 total=876
SIPM_ADC event=872 readout=2673 f1far=3011 f2near=3895 f2far=3865
SIPM_ARRIVALS event=931 total=1028
SIPM_ADC event=931 readout=3701 f1far=3895 f2near=2781 f2far=3827
SIPM_ARRIVALS event=595 total=898
SIPM_ADC event=595 readout=2515 f1far=3308 f2near=3425 f2far=3895
SIPM_ARRIVALS event=564 total=807
SIPM_ADC event=564 readout=3536 f1far=3213 f2near=3175 f2far=2870
SIPM_ARRIVALS event=718 total=835
SIPM_ADC event=718 readout=3161 f1far=2895 f2near=3223 f2far=3745
SIPM_ARRIVALS event=961 total=898
SIPM_ADC event=961 readout=3895 f1far=2777 f2near=3071 f2far=3895
SIPM_ARRIVALS event=811 total=1063
SIPM_ADC event=811 readout=3895 f1far=3181 f2near=3037 f2far=3895
SIPM_ARRIVALS event=657 total=921
SIPM_ADC event=657 readout=2743 f1far=2459 f2near=3199 f2far=3895
SIPM_ARRIVALS event=780 total=863
SIPM_ADC event=780 readout=3378 f1far=2827 f2near=3554 f2far=3851
SIPM_ARRIVALS event=626 total=1043
SIPM_ADC event=626 readout=3895 f1far=3895 f2near=3895 f2far=3895
SIPM_ARRIVALS event=498 total=5375
SIPM_ADC event=498 readout=3895 f1far=3895 f2near=3895 f2far=3895
SIPM_ARRIVALS event=840 total=2091
SIPM_ADC event=840 readout=3895 f1far=3895 f2near=3895 f2far=3895
SIPM_ARRIVALS event=904 total=1091
SIPM_ADC event=904 readout=3895 f1far=3765 f2near=3895 f2far=3541
SIPM_ARRIVALS event=688 total=958
SIPM_ADC event=688 readout=3558 f1far=3895 f2near=3561 f2far=3720
SIPM_ARRIVALS event=873 total=943
SIPM_ADC event=873 readout=3478 f1far=3860 f2near=3538 f2far=3451
SIPM_ARRIVALS event=932 total=958
SIPM_ADC event=932 readout=3226 f1far=3378 f2near=3798 f2far=3895
SIPM_ARRIVALS event=596 total=922
SIPM_ADC event=596 readout=3895 f1far=3309 f2near=3895 f2far=3311
SIPM_ARRIVALS event=533 total=2029
SIPM_ADC event=533 readout=3895 f1far=3895 f2near=3895 f2far=3895
SIPM_ARRIVALS event=565 total=977
SIPM_ADC event=565 readout=3574 f1far=3895 f2near=2769 f2far=3365
SIPM_ARRIVALS event=719 total=989
SIPM_ADC event=719 readout=3337 f1far=3573 f2near=3723 f2far=3084
SIPM_ARRIVALS event=658 total=862
SIPM_ADC event=658 readout=3596 f1far=3361 f2near=2990 f2far=3597
SIPM_ARRIVALS event=812 total=1017
SIPM_ADC event=812 readout=3895 f1far=3895 f2near=3060 f2far=3288
SIPM_ARRIVALS event=962 total=1012
SIPM_ADC event=962 readout=3666 f1far=2745 f2near=3220 f2far=3665
SIPM_ARRIVALS event=841 total=865
SIPM_ADC event=841 readout=2889 f1far=2857 f2near=2846 f2far=3657
SIPM_ARRIVALS event=627 total=940
SIPM_ADC event=627 readout=3394 f1far=3580 f2near=3058 f2far=3521
SIPM_ARRIVALS event=499 total=960
SIPM_ADC event=499 readout=3151 f1far=3895 f2near=3178 f2far=3895
SIPM_ARRIVALS event=781 total=1184
SIPM_ADC event=781 readout=3895 f1far=3895 f2near=3895 f2far=3895
SIPM_ARRIVALS event=905 total=968
SIPM_ADC event=905 readout=3842 f1far=3895 f2near=3895 f2far=3469
SIPM_ARRIVALS event=689 total=1011
SIPM_ADC event=689 readout=3579 f1far=3895 f2near=3895 f2far=3827
SIPM_ARRIVALS event=874 total=960
SIPM_ADC event=874 readout=3111 f1far=3811 f2near=3252 f2far=3895
SIPM_ARRIVALS event=566 total=845
SIPM_ADC event=566 readout=2535 f1far=3551 f2near=2791 f2far=3341
SIPM_ARRIVALS event=534 total=862
SIPM_ADC event=534 readout=2797 f1far=3186 f2near=3296 f2far=3475
SIPM_ARRIVALS event=933 total=1092
SIPM_ADC event=933 readout=3297 f1far=3895 f2near=3734 f2far=3120
SIPM_ARRIVALS event=597 total=1041
SIPM_ADC event=597 readout=3895 f1far=3895 f2near=3726 f2far=3703
SIPM_ARRIVALS event=720 total=1093
SIPM_ADC event=720 readout=3895 f1far=3895 f2near=3594 f2far=3895
SIPM_ARRIVALS event=963 total=908
SIPM_ADC event=963 readout=2736 f1far=3232 f2near=3469 f2far=3274
SIPM_ARRIVALS event=813 total=1093
SIPM_ADC event=813 readout=3895 f1far=3892 f2near=3895 f2far=3895
SIPM_ARRIVALS event=659 total=1198
SIPM_ADC event=659 readout=3895 f1far=3895 f2near=3895 f2far=3895
SIPM_ARRIVALS event=500 total=977
SIPM_ADC event=500 readout=3584 f1far=3351 f2near=3625 f2far=3440
SIPM_ARRIVALS event=628 total=1010
SIPM_ADC event=628 readout=3345 f1far=3524 f2near=2907 f2far=3852
SIPM_ARRIVALS event=842 total=1083
SIPM_ADC event=842 readout=3895 f1far=3895 f2near=3895 f2far=3435
SIPM_ARRIVALS event=906 total=944
SIPM_ADC event=906 readout=3490 f1far=3781 f2near=3175 f2far=3684
SIPM_ARRIVALS event=782 total=1029
SIPM_ADC event=782 readout=3432 f1far=3409 f2near=3829 f2far=3895
SIPM_ARRIVALS event=690 total=919
SIPM_ADC event=690 readout=3895 f1far=3333 f2near=2959 f2far=3895
SIPM_ARRIVALS event=875 total=941
SIPM_ADC event=875 readout=3689 f1far=3895 f2near=2621 f2far=3640
SIPM_ARRIVALS event=567 total=924
SIPM_ADC event=567 readout=3613 f1far=3670 f2near=3796 f2far=3539
SIPM_ARRIVALS event=598 total=858
SIPM_ADC event=598 readout=3198 f1far=3560 f2near=3058 f2far=3346
SIPM_ARRIVALS event=535 total=949
SIPM_ADC event=535 readout=3756 f1far=3247 f2near=3486 f2far=3138
SIPM_ARRIVALS event=934 total=947
SIPM_ADC event=934 readout=3271 f1far=2804 f2near=3346 f2far=3625
SIPM_ARRIVALS event=964 total=842
SIPM_ADC event=964 readout=3683 f1far=3454 f2near=3208 f2far=3411
SIPM_ARRIVALS event=721 total=1078
SIPM_ADC event=721 readout=3895 f1far=2823 f2near=3809 f2far=3513
SIPM_ARRIVALS event=660 total=869
SIPM_ADC event=660 readout=3564 f1far=3895 f2near=3895 f2far=3198
SIPM_ARRIVALS event=501 total=898
SIPM_ADC event=501 readout=3079 f1far=3895 f2near=2980 f2far=3501
SIPM_ARRIVALS event=629 total=830
SIPM_ADC event=629 readout=2867 f1far=3110 f2near=3819 f2far=3895
SIPM_ARRIVALS event=814 total=940
SIPM_ADC event=814 readout=3351 f1far=3050 f2near=3239 f2far=3288
SIPM_ARRIVALS event=843 total=1029
SIPM_ADC event=843 readout=3895 f1far=3422 f2near=3081 f2far=3895
SIPM_ARRIVALS event=783 total=923
SIPM_ADC event=783 readout=3052 f1far=2878 f2near=3889 f2far=3284
SIPM_ARRIVALS event=907 total=974
SIPM_ADC event=907 readout=3252 f1far=3412 f2near=2979 f2far=3895
SIPM_ARRIVALS event=691 total=863
SIPM_ADC event=691 readout=2784 f1far=3405 f2near=2852 f2far=3189
SIPM_ARRIVALS event=568 total=941
SIPM_ADC event=568 readout=3009 f1far=2548 f2near=2997 f2far=3895
SIPM_ARRIVALS event=965 total=863
SIPM_ADC event=965 readout=3895 f1far=3284 f2near=3744 f2far=2839
SIPM_ARRIVALS event=876 total=1013
SIPM_ADC event=876 readout=2873 f1far=3895 f2near=3895 f2far=3447
SIPM_ARRIVALS event=935 total=915
SIPM_ADC event=935 readout=3226 f1far=3371 f2near=3895 f2far=2678
SIPM_ARRIVALS event=599 total=1007
SIPM_ADC event=599 readout=3412 f1far=3620 f2near=3828 f2far=3720
SIPM_ARRIVALS event=536 total=1072
SIPM_ADC event=536 readout=3895 f1far=3706 f2near=3895 f2far=3895
SIPM_ARRIVALS event=661 total=846
SIPM_ADC event=661 readout=3529 f1far=3685 f2near=3386 f2far=2948
SIPM_ARRIVALS event=722 total=1091
SIPM_ADC event=722 readout=3512 f1far=3895 f2near=3895 f2far=3326
SIPM_ARRIVALS event=630 total=992
SIPM_ADC event=630 readout=3895 f1far=3895 f2near=3296 f2far=3605
SIPM_ARRIVALS event=502 total=953
SIPM_ADC event=502 readout=3895 f1far=3895 f2near=3712 f2far=3250
SIPM_ARRIVALS event=815 total=999
SIPM_ADC event=815 readout=3895 f1far=3393 f2near=3895 f2far=3065
SIPM_ARRIVALS event=908 total=915
SIPM_ADC event=908 readout=3230 f1far=3569 f2near=3366 f2far=2901
SIPM_ARRIVALS event=844 total=929
SIPM_ADC event=844 readout=3795 f1far=3252 f2near=3895 f2far=3527
SIPM_ARRIVALS event=784 total=996
SIPM_ADC event=784 readout=3527 f1far=3895 f2near=3722 f2far=3895
SIPM_ARRIVALS event=692 total=1077
SIPM_ADC event=692 readout=3776 f1far=3642 f2near=3304 f2far=3895
SIPM_ARRIVALS event=936 total=814
SIPM_ADC event=936 readout=3895 f1far=2888 f2near=3036 f2far=2799
SIPM_ARRIVALS event=569 total=978
SIPM_ADC event=569 readout=3726 f1far=3895 f2near=3895 f2far=2937
SIPM_ARRIVALS event=537 total=861
SIPM_ADC event=537 readout=3141 f1far=3459 f2near=2568 f2far=3590
SIPM_ARRIVALS event=877 total=899
SIPM_ADC event=877 readout=3069 f1far=3551 f2near=3707 f2far=3162
SIPM_ARRIVALS event=966 total=988
SIPM_ADC event=966 readout=3855 f1far=3592 f2near=3597 f2far=3895
SIPM_ARRIVALS event=600 total=1113
SIPM_ADC event=600 readout=3895 f1far=3895 f2near=3627 f2far=3258
SIPM_ARRIVALS event=662 total=999
SIPM_ADC event=662 readout=3405 f1far=3327 f2near=3895 f2far=3895
SIPM_ARRIVALS event=723 total=938
SIPM_ADC event=723 readout=3890 f1far=3895 f2near=3591 f2far=3895
SIPM_ARRIVALS event=503 total=953
SIPM_ADC event=503 readout=3775 f1far=2977 f2near=3155 f2far=3315
SIPM_ARRIVALS event=816 total=958
SIPM_ADC event=816 readout=3895 f1far=3895 f2near=3665 f2far=3895
SIPM_ARRIVALS event=631 total=1050
SIPM_ADC event=631 readout=3895 f1far=3895 f2near=3895 f2far=3875
SIPM_ARRIVALS event=909 total=936
SIPM_ADC event=909 readout=3787 f1far=3895 f2near=3895 f2far=3895
SIPM_ARRIVALS event=785 total=952
SIPM_ADC event=785 readout=3278 f1far=3598 f2near=3895 f2far=3895
SIPM_ARRIVALS event=845 total=1011
SIPM_ADC event=845 readout=3895 f1far=3895 f2near=3877 f2far=3262
SIPM_ARRIVALS event=693 total=952
SIPM_ADC event=693 readout=3895 f1far=3416 f2near=3895 f2far=3206
SIPM_ARRIVALS event=570 total=901
SIPM_ADC event=570 readout=2867 f1far=3841 f2near=3258 f2far=3128
SIPM_ARRIVALS event=937 total=1028
SIPM_ADC event=937 readout=3463 f1far=3895 f2near=3895 f2far=3895
SIPM_ARRIVALS event=878 total=913
SIPM_ADC event=878 readout=3457 f1far=3589 f2near=3381 f2far=3568
SIPM_ARRIVALS event=538 total=979
SIPM_ADC event=538 readout=3895 f1far=3471 f2near=3895 f2far=3591
SIPM_ARRIVALS event=967 total=950
SIPM_ADC event=967 readout=3661 f1far=3495 f2near=3635 f2far=3895
SIPM_ARRIVALS event=601 total=1001
SIPM_ADC event=601 readout=3822 f1far=3895 f2near=3285 f2far=2948
SIPM_ARRIVALS event=663 total=881
SIPM_ADC event=663 readout=3447 f1far=3307 f2near=2801 f2far=3453
SIPM_ARRIVALS event=910 total=737
SIPM_ADC event=910 readout=2649 f1far=2514 f2near=2948 f2far=2786
SIPM_ARRIVALS event=724 total=1004
SIPM_ADC event=724 readout=3526 f1far=3564 f2near=3895 f2far=3895
SIPM_ARRIVALS event=632 total=873
SIPM_ADC event=632 readout=3514 f1far=2837 f2near=3475 f2far=3550
SIPM_ARRIVALS event=504 total=995
SIPM_ADC event=504 readout=3419 f1far=3804 f2near=3505 f2far=3223
SIPM_ARRIVALS event=817 total=1045
SIPM_ADC event=817 readout=3690 f1far=3895 f2near=3649 f2far=3895
SIPM_ARRIVALS event=786 total=878
SIPM_ADC event=786 readout=3266 f1far=3895 f2near=3895 f2far=3600
SIPM_ARRIVALS event=846 total=821
SIPM_ADC event=846 readout=3073 f1far=3254 f2near=3198 f2far=2741
SIPM_ARRIVALS event=571 total=969
SIPM_ADC event=571 readout=3831 f1far=3538 f2near=3885 f2far=3895
SIPM_ARRIVALS event=938 total=894
SIPM_ADC event=938 readout=3233 f1far=3213 f2near=2995 f2far=3895
SIPM_ARRIVALS event=694 total=1196
SIPM_ADC event=694 readout=3895 f1far=3126 f2near=3895 f2far=3895
SIPM_ARRIVALS event=879 total=979
SIPM_ADC event=879 readout=3895 f1far=3895 f2near=3379 f2far=3895
SIPM_ARRIVALS event=539 total=966
SIPM_ADC event=539 readout=3357 f1far=3336 f2near=3728 f2far=3629
SIPM_ARRIVALS event=664 total=880
SIPM_ADC event=664 readout=3098 f1far=3176 f2near=3002 f2far=3515
SIPM_ARRIVALS event=602 total=1105
SIPM_ADC event=602 readout=3687 f1far=3536 f2near=3895 f2far=3895
SIPM_ARRIVALS event=968 total=1162
SIPM_ADC event=968 readout=3895 f1far=3895 f2near=3895 f2far=3895
SIPM_ARRIVALS event=725 total=998
SIPM_ADC event=725 readout=3671 f1far=3169 f2near=3570 f2far=3675
SIPM_ARRIVALS event=911 total=1057
SIPM_ADC event=911 readout=3872 f1far=3895 f2near=3895 f2far=3629
SIPM_ARRIVALS event=818 total=879
SIPM_ADC event=818 readout=2726 f1far=3593 f2near=3895 f2far=3877
SIPM_ARRIVALS event=787 total=898
SIPM_ADC event=787 readout=3022 f1far=2796 f2near=3329 f2far=3500
SIPM_ARRIVALS event=505 total=1048
SIPM_ADC event=505 readout=3895 f1far=3895 f2near=3895 f2far=3895
SIPM_ARRIVALS event=633 total=1164
SIPM_ADC event=633 readout=3895 f1far=3895 f2near=3895 f2far=3591
SIPM_ARRIVALS event=847 total=1008
SIPM_ADC event=847 readout=3331 f1far=3895 f2near=3741 f2far=3579
SIPM_ARRIVALS event=572 total=1023
SIPM_ADC event=572 readout=3139 f1far=3891 f2near=3851 f2far=3681
SIPM_ARRIVALS event=939 total=891
SIPM_ADC event=939 readout=3290 f1far=3000 f2near=3895 f2far=3895
SIPM_ARRIVALS event=880 total=895
SIPM_ADC event=880 readout=3089 f1far=3458 f2near=3620 f2far=2885
SIPM_ARRIVALS event=665 total=959
SIPM_ADC event=665 readout=3788 f1far=3226 f2near=3258 f2far=3089
SIPM_ARRIVALS event=540 total=1013
SIPM_ADC event=540 readout=3895 f1far=3163 f2near=3895 f2far=3895
SIPM_ARRIVALS event=695 total=1122
SIPM_ADC event=695 readout=3895 f1far=3895 f2near=3895 f2far=3450
SIPM_ARRIVALS event=746 total=11645
SIPM_ADC event=746 readout=3895 f1far=3895 f2near=3895 f2far=3895
SIPM_ARRIVALS event=726 total=845
SIPM_ADC event=726 readout=3461 f1far=3413 f2near=3208 f2far=3372
SIPM_ARRIVALS event=969 total=893
SIPM_ADC event=969 readout=3242 f1far=3039 f2near=3176 f2far=3095
SIPM_ARRIVALS event=788 total=890
SIPM_ADC event=788 readout=2527 f1far=3401 f2near=3277 f2far=3855
SIPM_ARRIVALS event=912 total=1022
SIPM_ADC event=912 readout=3895 f1far=3895 f2near=3895 f2far=3312
SIPM_ARRIVALS event=819 total=972
SIPM_ADC event=819 readout=3407 f1far=3895 f2near=3014 f2far=3514
SIPM_ARRIVALS event=603 total=1163
SIPM_ADC event=603 readout=3677 f1far=3895 f2near=3895 f2far=3895
SIPM_ARRIVALS event=506 total=1034
SIPM_ADC event=506 readout=3895 f1far=3737 f2near=3246 f2far=3895
SIPM_ARRIVALS event=634 total=988
SIPM_ADC event=634 readout=3243 f1far=3895 f2near=3895 f2far=3873
SIPM_ARRIVALS event=848 total=916
SIPM_ADC event=848 readout=3804 f1far=2957 f2near=3323 f2far=3168
SIPM_ARRIVALS event=573 total=899
SIPM_ADC event=573 readout=2891 f1far=3633 f2near=3180 f2far=2963
SIPM_ARRIVALS event=940 total=903
SIPM_ADC event=940 readout=3895 f1far=3895 f2near=3150 f2far=3563
SIPM_ARRIVALS event=541 total=916
SIPM_ADC event=541 readout=3895 f1far=3110 f2near=3469 f2far=3895
SIPM_ARRIVALS event=881 total=954
SIPM_ADC event=881 readout=3895 f1far=3895 f2near=3776 f2far=3315
SIPM_ARRIVALS event=727 total=857
SIPM_ADC event=727 readout=3188 f1far=2633 f2near=3895 f2far=2564
SIPM_ARRIVALS event=747 total=890
SIPM_ADC event=747 readout=3718 f1far=3508 f2near=3412 f2far=3596
SIPM_ARRIVALS event=696 total=935
SIPM_ADC event=696 readout=3364 f1far=3779 f2near=3895 f2far=3688
SIPM_ARRIVALS event=970 total=961
SIPM_ADC event=970 readout=3471 f1far=3520 f2near=3002 f2far=3691
SIPM_ARRIVALS event=789 total=906
SIPM_ADC event=789 readout=3895 f1far=2802 f2near=3895 f2far=2446
SIPM_ARRIVALS event=913 total=876
SIPM_ADC event=913 readout=3531 f1far=3793 f2near=2807 f2far=3341
SIPM_ARRIVALS event=820 total=933
SIPM_ADC event=820 readout=3304 f1far=3871 f2near=3321 f2far=3895
SIPM_ARRIVALS event=507 total=856
SIPM_ADC event=507 readout=3400 f1far=3405 f2near=3590 f2far=2371
SIPM_ARRIVALS event=666 total=1334
SIPM_ADC event=666 readout=3895 f1far=3706 f2near=3895 f2far=3895
SIPM_ARRIVALS event=604 total=1006
SIPM_ADC event=604 readout=3644 f1far=3590 f2near=3699 f2far=3258
SIPM_ARRIVALS event=635 total=900
SIPM_ADC event=635 readout=3508 f1far=3531 f2near=3584 f2far=3736
SIPM_ARRIVALS event=849 total=891
SIPM_ADC event=849 readout=3425 f1far=3390 f2near=3243 f2far=3895
SIPM_ARRIVALS event=574 total=942
SIPM_ADC event=574 readout=3275 f1far=3895 f2near=3472 f2far=3694
SIPM_ARRIVALS event=542 total=935
SIPM_ADC event=542 readout=3864 f1far=3000 f2near=3456 f2far=3243
SIPM_ARRIVALS event=941 total=1078
SIPM_ADC event=941 readout=3895 f1far=3895 f2near=3895 f2far=3895
SIPM_ARRIVALS event=728 total=935
SIPM_ADC event=728 readout=2494 f1far=3256 f2near=3723 f2far=3316
SIPM_ARRIVALS event=882 total=889
SIPM_ADC event=882 readout=1914 f1far=3242 f2near=3675 f2far=3597
SIPM_ARRIVALS event=697 total=973
SIPM_ADC event=697 readout=3315 f1far=3824 f2near=3894 f2far=3701
SIPM_ARRIVALS event=748 total=949
SIPM_ADC event=748 readout=3895 f1far=3643 f2near=3200 f2far=2870
SIPM_ARRIVALS event=971 total=954
SIPM_ADC event=971 readout=3839 f1far=3711 f2near=3895 f2far=3895
SIPM_ARRIVALS event=914 total=934
SIPM_ADC event=914 readout=3869 f1far=3895 f2near=3152 f2far=3592
SIPM_ARRIVALS event=821 total=870
SIPM_ADC event=821 readout=3096 f1far=3182 f2near=3895 f2far=3895
SIPM_ARRIVALS event=790 total=1066
SIPM_ADC event=790 readout=3895 f1far=3895 f2near=2725 f2far=3856
SIPM_ARRIVALS event=605 total=874
SIPM_ADC event=605 readout=2799 f1far=3148 f2near=3895 f2far=3419
SIPM_ARRIVALS event=508 total=1039
SIPM_ADC event=508 readout=3895 f1far=3479 f2near=3057 f2far=3895
SIPM_ARRIVALS event=636 total=981
SIPM_ADC event=636 readout=3481 f1far=2960 f2near=3430 f2far=3586
SIPM_ARRIVALS event=667 total=1149
SIPM_ADC event=667 readout=3895 f1far=3895 f2near=3895 f2far=3895
SIPM_ARRIVALS event=575 total=902
SIPM_ADC event=575 readout=3895 f1far=3204 f2near=2987 f2far=3262
SIPM_ARRIVALS event=850 total=1254
SIPM_ADC event=850 readout=3895 f1far=3895 f2near=3895 f2far=3895
SIPM_ARRIVALS event=729 total=878
SIPM_ADC event=729 readout=3895 f1far=3313 f2near=3895 f2far=3077
SIPM_ARRIVALS event=543 total=956
SIPM_ADC event=543 readout=3526 f1far=3534 f2near=3512 f2far=3895
SIPM_ARRIVALS event=698 total=965
SIPM_ADC event=698 readout=3838 f1far=3895 f2near=3013 f2far=3723
SIPM_ARRIVALS event=883 total=914
SIPM_ADC event=883 readout=3895 f1far=3069 f2near=3895 f2far=3582
SIPM_ARRIVALS event=942 total=997
SIPM_ADC event=942 readout=3237 f1far=3769 f2near=3635 f2far=3358
SIPM_ARRIVALS event=915 total=894
SIPM_ADC event=915 readout=2597 f1far=3229 f2near=3416 f2far=3260
SIPM_ARRIVALS event=972 total=905
SIPM_ADC event=972 readout=3468 f1far=3227 f2near=3477 f2far=3852
SIPM_ARRIVALS event=749 total=1035
SIPM_ADC event=749 readout=3895 f1far=3895 f2near=3542 f2far=3829
SIPM_ARRIVALS event=822 total=919
SIPM_ADC event=822 readout=3545 f1far=3546 f2near=3895 f2far=2930
SIPM_ARRIVALS event=606 total=909
SIPM_ADC event=606 readout=3648 f1far=3512 f2near=3643 f2far=3490
SIPM_ARRIVALS event=509 total=897
SIPM_ADC event=509 readout=3088 f1far=3683 f2near=3189 f2far=3342
SIPM_ARRIVALS event=791 total=1051
SIPM_ADC event=791 readout=3024 f1far=3895 f2near=2865 f2far=3895
SIPM_ARRIVALS event=637 total=932
SIPM_ADC event=637 readout=3895 f1far=3166 f2near=3855 f2far=2681
SIPM_ARRIVALS event=668 total=1071
SIPM_ADC event=668 readout=3895 f1far=3895 f2near=3895 f2far=3657
SIPM_ARRIVALS event=851 total=777
SIPM_ADC event=851 readout=2265 f1far=3811 f2near=3319 f2far=3501
SIPM_ARRIVALS event=576 total=991
SIPM_ADC event=576 readout=3895 f1far=3294 f2near=3257 f2far=3005
SIPM_ARRIVALS event=730 total=841
SIPM_ADC event=730 readout=3080 f1far=3424 f2near=3086 f2far=3305
SIPM_ARRIVALS event=852 total=129
SIPM_ADC event=852 readout=533 f1far=764 f2near=537 f2far=418
SIPM_ARRIVALS event=544 total=960
SIPM_ADC event=544 readout=3895 f1far=3000 f2near=3895 f2far=3681
SIPM_ARRIVALS event=943 total=799
SIPM_ADC event=943 readout=2732 f1far=2843 f2near=3540 f2far=3145
SIPM_ARRIVALS event=973 total=951
SIPM_ADC event=973 readout=3287 f1far=3500 f2near=3035 f2far=3171
SIPM_ARRIVALS event=699 total=986
SIPM_ADC event=699 readout=3395 f1far=3774 f2near=3606 f2far=3429
SIPM_ARRIVALS event=750 total=936
SIPM_ADC event=750 readout=3313 f1far=3582 f2near=3859 f2far=3590
SIPM_ARRIVALS event=916 total=982
SIPM_ADC event=916 readout=3216 f1far=3895 f2near=3058 f2far=3827
SIPM_ARRIVALS event=884 total=1155
SIPM_ADC event=884 readout=3895 f1far=3895 f2near=3747 f2far=3352
SIPM_ARRIVALS event=792 total=920
SIPM_ADC event=792 readout=3895 f1far=2997 f2near=3749 f2far=2948
SIPM_ARRIVALS event=510 total=962
SIPM_ADC event=510 readout=3867 f1far=3895 f2near=3293 f2far=3702
SIPM_ARRIVALS event=607 total=1086
SIPM_ADC event=607 readout=3860 f1far=3895 f2near=3895 f2far=3895
SIPM_ARRIVALS event=823 total=1153
SIPM_ADC event=823 readout=3895 f1far=3697 f2near=3895 f2far=3895
SIPM_ARRIVALS event=638 total=1106
SIPM_ADC event=638 readout=3693 f1far=3895 f2near=3895 f2far=3895
SIPM_ARRIVALS event=577 total=1064
SIPM_ADC event=577 readout=3895 f1far=3895 f2near=3895 f2far=3552
SIPM_ARRIVALS event=669 total=1078
SIPM_ADC event=669 readout=3769 f1far=3855 f2near=2877 f2far=3603
SIPM_ARRIVALS event=731 total=958
SIPM_ADC event=731 readout=3895 f1far=3406 f2near=3420 f2far=2632
SIPM_ARRIVALS event=545 total=861
SIPM_ADC event=545 readout=3463 f1far=2918 f2near=3690 f2far=3274
SIPM_ARRIVALS event=853 total=1062
SIPM_ADC event=853 readout=3886 f1far=3490 f2near=3895 f2far=3309
SIPM_ARRIVALS event=700 total=790
SIPM_ADC event=700 readout=3510 f1far=3791 f2near=2999 f2far=2284
SIPM_ARRIVALS event=974 total=991
SIPM_ADC event=974 readout=3672 f1far=3895 f2near=3895 f2far=3895
SIPM_ARRIVALS event=751 total=890
SIPM_ADC event=751 readout=2528 f1far=3651 f2near=3338 f2far=3412
SIPM_ARRIVALS event=944 total=958
SIPM_ADC event=944 readout=3687 f1far=3688 f2near=3895 f2far=3855
SIPM_ARRIVALS event=917 total=868
SIPM_ADC event=917 readout=2397 f1far=3605 f2near=3405 f2far=3656
SIPM_ARRIVALS event=885 total=840
SIPM_ADC event=885 readout=3097 f1far=3281 f2near=3055 f2far=3031
SIPM_ARRIVALS event=793 total=982
SIPM_ADC event=793 readout=3561 f1far=3231 f2near=3520 f2far=3895
SIPM_ARRIVALS event=511 total=1057
SIPM_ADC event=511 readout=3895 f1far=3895 f2near=3895 f2far=3895
SIPM_ARRIVALS event=608 total=904
SIPM_ADC event=608 readout=3505 f1far=3401 f2near=3366 f2far=3328
SIPM_ARRIVALS event=824 total=944
SIPM_ADC event=824 readout=3127 f1far=3746 f2near=3277 f2far=3011
SIPM_ARRIVALS event=639 total=864
SIPM_ADC event=639 readout=3255 f1far=2894 f2near=3561 f2far=3680
SIPM_ARRIVALS event=578 total=889
SIPM_ADC event=578 readout=3173 f1far=3527 f2near=3502 f2far=3895
SIPM_ARRIVALS event=546 total=1004
SIPM_ADC event=546 readout=3376 f1far=3895 f2near=3851 f2far=2994
SIPM_ARRIVALS event=732 total=1007
SIPM_ADC event=732 readout=3561 f1far=3895 f2near=3667 f2far=3895
SIPM_ARRIVALS event=670 total=1043
SIPM_ADC event=670 readout=3895 f1far=3895 f2near=3634 f2far=3895
SIPM_ARRIVALS event=854 total=951
SIPM_ADC event=854 readout=3576 f1far=3850 f2near=2871 f2far=3800
SIPM_ARRIVALS event=975 total=869
SIPM_ADC event=975 readout=3657 f1far=3211 f2near=2680 f2far=3486
SIPM_ARRIVALS event=752 total=974
SIPM_ADC event=752 readout=3895 f1far=3280 f2near=3831 f2far=3513
SIPM_ARRIVALS event=701 total=996
SIPM_ADC event=701 readout=3895 f1far=3416 f2near=2943 f2far=3668
SIPM_ARRIVALS event=945 total=1044
SIPM_ADC event=945 readout=3494 f1far=3895 f2near=3895 f2far=3085
SIPM_ARRIVALS event=918 total=986
SIPM_ADC event=918 readout=2970 f1far=3577 f2near=3717 f2far=3895
SIPM_ARRIVALS event=886 total=1050
SIPM_ADC event=886 readout=3895 f1far=2549 f2near=3895 f2far=3895
SIPM_ARRIVALS event=609 total=949
SIPM_ADC event=609 readout=3465 f1far=3895 f2near=3572 f2far=3895
SIPM_ARRIVALS event=512 total=931
SIPM_ADC event=512 readout=3895 f1far=3872 f2near=3882 f2far=2976
SIPM_ARRIVALS event=794 total=1048
SIPM_ADC event=794 readout=3578 f1far=3740 f2near=3895 f2far=3895
SIPM_ARRIVALS event=640 total=943
SIPM_ADC event=640 readout=3895 f1far=3340 f2near=2999 f2far=3895
SIPM_ARRIVALS event=825 total=1069
SIPM_ADC event=825 readout=3876 f1far=3895 f2near=3895 f2far=3895
SIPM_ARRIVALS event=579 total=997
SIPM_ADC event=579 readout=3324 f1far=3299 f2near=3814 f2far=3584
SIPM_ARRIVALS event=733 total=904
SIPM_ADC event=733 readout=3644 f1far=3683 f2near=3219 f2far=2529
SIPM_ARRIVALS event=976 total=762
SIPM_ADC event=976 readout=3268 f1far=2505 f2near=2646 f2far=3100
SIPM_ARRIVALS event=547 total=969
SIPM_ADC event=547 readout=3573 f1far=3895 f2near=3895 f2far=3506
SIPM_ARRIVALS event=702 total=864
SIPM_ADC event=702 readout=2724 f1far=3504 f2near=3544 f2far=2994
SIPM_ARRIVALS event=671 total=1128
SIPM_ADC event=671 readout=3720 f1far=3895 f2near=3895 f2far=3895
SIPM_ARRIVALS event=753 total=967
SIPM_ADC event=753 readout=3895 f1far=3796 f2near=3519 f2far=3351
SIPM_ARRIVALS event=855 total=1124
SIPM_ADC event=855 readout=3895 f1far=3895 f2near=3895 f2far=3895
SIPM_ARRIVALS event=919 total=921
SIPM_ADC event=919 readout=2783 f1far=3392 f2near=3623 f2far=3895
SIPM_ARRIVALS event=946 total=967
SIPM_ADC event=946 readout=3429 f1far=3249 f2near=3882 f2far=3339
SIPM_ARRIVALS event=610 total=1040
SIPM_ADC event=610 readout=3895 f1far=2847 f2near=3895 f2far=3895
SIPM_ARRIVALS event=513 total=1036
SIPM_ADC event=513 readout=3866 f1far=3895 f2near=3847 f2far=3763
SIPM_ARRIVALS event=795 total=952
SIPM_ADC event=795 readout=3895 f1far=3568 f2near=3574 f2far=3161
SIPM_ARRIVALS event=887 total=1047
SIPM_ADC event=887 readout=3547 f1far=3895 f2near=3514 f2far=3895
SIPM_ARRIVALS event=641 total=967
SIPM_ADC event=641 readout=3895 f1far=3615 f2near=3108 f2far=3895
SIPM_ARRIVALS event=580 total=926
SIPM_ADC event=580 readout=3895 f1far=2996 f2near=3564 f2far=3508
SIPM_ARRIVALS event=734 total=993
SIPM_ADC event=734 readout=3263 f1far=3895 f2near=2989 f2far=3150
SIPM_ARRIVALS event=977 total=956
SIPM_ADC event=977 readout=3394 f1far=3538 f2near=3895 f2far=3597
SIPM_ARRIVALS event=548 total=944
SIPM_ADC event=548 readout=3612 f1far=3895 f2near=3473 f2far=3355
SIPM_ARRIVALS event=856 total=964
SIPM_ADC event=856 readout=3714 f1far=3386 f2near=3895 f2far=3363
SIPM_ARRIVALS event=672 total=938
SIPM_ADC event=672 readout=3895 f1far=3447 f2near=2992 f2far=3895
SIPM_ARRIVALS event=703 total=1112
SIPM_ADC event=703 readout=3895 f1far=3895 f2near=3276 f2far=3895
SIPM_ARRIVALS event=826 total=1627
SIPM_ADC event=826 readout=3895 f1far=3895 f2near=3895 f2far=3895
SIPM_ARRIVALS event=920 total=951
SIPM_ADC event=920 readout=3492 f1far=3710 f2near=3072 f2far=3365
SIPM_ARRIVALS event=947 total=896
SIPM_ADC event=947 readout=3770 f1far=3566 f2near=3286 f2far=3184
SIPM_ARRIVALS event=888 total=842
SIPM_ADC event=888 readout=2880 f1far=2929 f2near=2825 f2far=2886
SIPM_ARRIVALS event=754 total=1248
SIPM_ADC event=754 readout=3895 f1far=3895 f2near=3895 f2far=3895
SIPM_ARRIVALS event=611 total=1087
SIPM_ADC event=611 readout=3747 f1far=3895 f2near=3895 f2far=3895
SIPM_ARRIVALS event=514 total=1043
SIPM_ADC event=514 readout=3895 f1far=2973 f2near=3895 f2far=3895
SIPM_ARRIVALS event=642 total=946
SIPM_ADC event=642 readout=3466 f1far=2311 f2near=3629 f2far=3895
SIPM_ARRIVALS event=796 total=1105
SIPM_ADC event=796 readout=3895 f1far=3435 f2near=3895 f2far=3895
SIPM_ARRIVALS event=581 total=964
SIPM_ADC event=581 readout=2667 f1far=3142 f2near=3488 f2far=3885
SIPM_ARRIVALS event=978 total=930
SIPM_ADC event=978 readout=3641 f1far=3039 f2near=3418 f2far=2941
SIPM_ARRIVALS event=549 total=992
SIPM_ADC event=549 readout=3501 f1far=3895 f2near=3180 f2far=3634
SIPM_ARRIVALS event=857 total=955
SIPM_ADC event=857 readout=3895 f1far=3322 f2near=3510 f2far=3505
SIPM_ARRIVALS event=735 total=1161
SIPM_ADC event=735 readout=3520 f1far=3895 f2near=3661 f2far=3895
SIPM_ARRIVALS event=673 total=1004
SIPM_ADC event=673 readout=3350 f1far=3895 f2near=3895 f2far=3172
SIPM_ARRIVALS event=704 total=863
SIPM_ADC event=704 readout=3496 f1far=2612 f2near=3456 f2far=2971
SIPM_ARRIVALS event=827 total=925
SIPM_ADC event=827 readout=3264 f1far=3445 f2near=3895 f2far=2614
SIPM_ARRIVALS event=948 total=937
SIPM_ADC event=948 readout=3175 f1far=3225 f2near=3710 f2far=3716
SIPM_ARRIVALS event=889 total=895
SIPM_ADC event=889 readout=3758 f1far=3895 f2near=2652 f2far=3418
SIPM_ARRIVALS event=755 total=989
SIPM_ADC event=755 readout=3765 f1far=3895 f2near=3213 f2far=3895
SIPM_ARRIVALS event=921 total=1079
SIPM_ADC event=921 readout=3895 f1far=3895 f2near=3895 f2far=3895
SIPM_ARRIVALS event=612 total=973
SIPM_ADC event=612 readout=3503 f1far=2797 f2near=3645 f2far=3629
SIPM_ARRIVALS event=797 total=931
SIPM_ADC event=797 readout=3616 f1far=3155 f2near=2877 f2far=3150
SIPM_ARRIVALS event=582 total=885
SIPM_ADC event=582 readout=3863 f1far=3240 f2near=2988 f2far=2476
SIPM_ARRIVALS event=643 total=948
SIPM_ADC event=643 readout=3786 f1far=3366 f2near=3821 f2far=3430
SIPM_ARRIVALS event=515 total=1078
SIPM_ADC event=515 readout=3481 f1far=3601 f2near=3844 f2far=3411
SIPM_ARRIVALS event=979 total=961
SIPM_ADC event=979 readout=3895 f1far=3895 f2near=3184 f2far=3496
SIPM_ARRIVALS event=550 total=1007
SIPM_ADC event=550 readout=3339 f1far=3895 f2near=3555 f2far=3215
SIPM_ARRIVALS event=858 total=930
SIPM_ADC event=858 readout=3711 f1far=3518 f2near=2731 f2far=3895
SIPM_ARRIVALS event=736 total=882
SIPM_ADC event=736 readout=2691 f1far=3520 f2near=3363 f2far=3854
SIPM_ARRIVALS event=674 total=976
SIPM_ADC event=674 readout=3765 f1far=3895 f2near=2992 f2far=3895
SIPM_ARRIVALS event=705 total=1054
SIPM_ADC event=705 readout=3895 f1far=3411 f2near=3895 f2far=3511
SIPM_ARRIVALS event=949 total=869
SIPM_ADC event=949 readout=3602 f1far=3403 f2near=2924 f2far=3690
SIPM_ARRIVALS event=613 total=1011
SIPM_ADC event=613 readout=3895 f1far=3068 f2near=3697 f2far=3895
SIPM_ARRIVALS event=890 total=1027
SIPM_ADC event=890 readout=3895 f1far=3895 f2near=3780 f2far=3895
SIPM_ARRIVALS event=756 total=979
SIPM_ADC event=756 readout=3895 f1far=3796 f2near=3103 f2far=3895
SIPM_ARRIVALS event=828 total=1067
SIPM_ADC event=828 readout=3324 f1far=3895 f2near=3895 f2far=3895
SIPM_ARRIVALS event=644 total=869
SIPM_ADC event=644 readout=3667 f1far=3895 f2near=2760 f2far=3177
SIPM_ARRIVALS event=798 total=1042
SIPM_ADC event=798 readout=3470 f1far=3408 f2near=3895 f2far=3895
SIPM_ARRIVALS event=922 total=1239
SIPM_ADC event=922 readout=3895 f1far=3895 f2near=3895 f2far=3895
SIPM_ARRIVALS event=516 total=1039
SIPM_ADC event=516 readout=3895 f1far=3895 f2near=3895 f2far=3895
SIPM_ARRIVALS event=583 total=1160
SIPM_ADC event=583 readout=3895 f1far=3895 f2near=3895 f2far=3895
SIPM_ARRIVALS event=551 total=970
SIPM_ADC event=551 readout=3510 f1far=3895 f2near=3417 f2far=3773
SIPM_ARRIVALS event=980 total=1100
SIPM_ADC event=980 readout=3895 f1far=3895 f2near=3895 f2far=3675
SIPM_ARRIVALS event=859 total=962
SIPM_ADC event=859 readout=3106 f1far=3275 f2near=3677 f2far=3881
SIPM_ARRIVALS event=737 total=1086
SIPM_ADC event=737 readout=3895 f1far=3576 f2near=3895 f2far=3895
SIPM_ARRIVALS event=675 total=934
SIPM_ADC event=675 readout=3895 f1far=3659 f2near=3762 f2far=2575
SIPM_ARRIVALS event=950 total=991
SIPM_ADC event=950 readout=3895 f1far=3504 f2near=3008 f2far=3895
SIPM_ARRIVALS event=706 total=1005
SIPM_ADC event=706 readout=3388 f1far=3400 f2near=3501 f2far=2704
SIPM_ARRIVALS event=757 total=877
SIPM_ADC event=757 readout=3633 f1far=3203 f2near=3049 f2far=3506
SIPM_ARRIVALS event=614 total=931
SIPM_ADC event=614 readout=3895 f1far=3450 f2near=3199 f2far=3205
SIPM_ARRIVALS event=645 total=980
SIPM_ADC event=645 readout=3565 f1far=3895 f2near=3673 f2far=3895
SIPM_ARRIVALS event=829 total=991
SIPM_ADC event=829 readout=3691 f1far=3593 f2near=3846 f2far=3895
SIPM_ARRIVALS event=891 total=965
SIPM_ADC event=891 readout=3895 f1far=3895 f2near=3895 f2far=3326
SIPM_ARRIVALS event=799 total=886
SIPM_ADC event=799 readout=3161 f1far=3729 f2near=3895 f2far=3895
SIPM_ARRIVALS event=517 total=1043
SIPM_ADC event=517 readout=2996 f1far=3895 f2near=2997 f2far=3895
SIPM_ARRIVALS event=923 total=971
SIPM_ADC event=923 readout=3895 f1far=2990 f2near=3668 f2far=3097
SIPM_ARRIVALS event=584 total=1010
SIPM_ADC event=584 readout=3895 f1far=3875 f2near=3895 f2far=3370
SIPM_ARRIVALS event=552 total=942
SIPM_ADC event=552 readout=3116 f1far=3324 f2near=3778 f2far=3680
SIPM_ARRIVALS event=981 total=968
SIPM_ADC event=981 readout=3413 f1far=3601 f2near=3759 f2far=3558
SIPM_ARRIVALS event=738 total=977
SIPM_ADC event=738 readout=3519 f1far=3219 f2near=3513 f2far=3777
SIPM_ARRIVALS event=860 total=1016
SIPM_ADC event=860 readout=3895 f1far=3352 f2near=3197 f2far=3895
SIPM_ARRIVALS event=707 total=964
SIPM_ADC event=707 readout=3703 f1far=3895 f2near=3661 f2far=3814
SIPM_ARRIVALS event=951 total=1050
SIPM_ADC event=951 readout=3125 f1far=3775 f2near=3895 f2far=3895
SIPM_ARRIVALS event=676 total=1120
SIPM_ADC event=676 readout=3895 f1far=3895 f2near=3895 f2far=3895
SIPM_ARRIVALS event=830 total=844
SIPM_ADC event=830 readout=3481 f1far=2608 f2near=2254 f2far=3617
SIPM_ARRIVALS event=758 total=950
SIPM_ADC event=758 readout=3809 f1far=3818 f2near=3710 f2far=3199
SIPM_ARRIVALS event=615 total=1066
SIPM_ADC event=615 readout=3895 f1far=3895 f2near=3377 f2far=3895
SIPM_ARRIVALS event=892 total=984
SIPM_ADC event=892 readout=3895 f1far=3628 f2near=3895 f2far=2574
SIPM_ARRIVALS event=800 total=920
SIPM_ADC event=800 readout=3487 f1far=3281 f2near=3544 f2far=2930
SIPM_ARRIVALS event=646 total=1055
SIPM_ADC event=646 readout=3895 f1far=3895 f2near=3895 f2far=3895
SIPM_ARRIVALS event=924 total=930
SIPM_ADC event=924 readout=3611 f1far=3895 f2near=3350 f2far=3793
SIPM_ARRIVALS event=585 total=1037
SIPM_ADC event=585 readout=3766 f1far=3895 f2near=3499 f2far=3738
SIPM_ARRIVALS event=518 total=991
SIPM_ADC event=518 readout=3895 f1far=3636 f2near=3895 f2far=3818
SIPM_ARRIVALS event=982 total=989
SIPM_ADC event=982 readout=3863 f1far=3895 f2near=3885 f2far=3816
SIPM_ARRIVALS event=553 total=1066
SIPM_ADC event=553 readout=3895 f1far=3769 f2near=3895 f2far=3159
SIPM_ARRIVALS event=861 total=991
SIPM_ADC event=861 readout=3895 f1far=3208 f2near=3177 f2far=2925
SIPM_ARRIVALS event=739 total=936
SIPM_ADC event=739 readout=3589 f1far=3273 f2near=3370 f2far=3566
SIPM_ARRIVALS event=708 total=911
SIPM_ADC event=708 readout=2819 f1far=2718 f2near=3119 f2far=3895
SIPM_ARRIVALS event=952 total=943
SIPM_ADC event=952 readout=3509 f1far=3434 f2near=3537 f2far=2591
SIPM_ARRIVALS event=677 total=1030
SIPM_ADC event=677 readout=3895 f1far=3895 f2near=3895 f2far=3876
SIPM_ARRIVALS event=759 total=1027
SIPM_ADC event=759 readout=3895 f1far=3895 f2near=3895 f2far=3895
SIPM_ARRIVALS event=616 total=915
SIPM_ADC event=616 readout=3523 f1far=3849 f2near=3895 f2far=3895
SIPM_ARRIVALS event=801 total=898
SIPM_ADC event=801 readout=3081 f1far=2662 f2near=3269 f2far=2791
SIPM_ARRIVALS event=893 total=982
SIPM_ADC event=893 readout=3768 f1far=3326 f2near=3130 f2far=3280
SIPM_ARRIVALS event=647 total=892
SIPM_ADC event=647 readout=3142 f1far=3157 f2near=3455 f2far=3500
SIPM_ARRIVALS event=831 total=1149
SIPM_ADC event=831 readout=3895 f1far=3895 f2near=3895 f2far=3895
SIPM_ARRIVALS event=925 total=874
SIPM_ADC event=925 readout=3018 f1far=3031 f2near=2813 f2far=2578
SIPM_ARRIVALS event=519 total=884
SIPM_ADC event=519 readout=3317 f1far=3462 f2near=3895 f2far=3427
SIPM_ARRIVALS event=586 total=912
SIPM_ADC event=586 readout=3895 f1far=3479 f2near=3613 f2far=2909
SIPM_ARRIVALS event=983 total=929
SIPM_ADC event=983 readout=3001 f1far=3340 f2near=3497 f2far=3015
SIPM_ARRIVALS event=554 total=1021
SIPM_ADC event=554 readout=3818 f1far=3895 f2near=3670 f2far=3645
SIPM_ARRIVALS event=862 total=1025
SIPM_ADC event=862 readout=3895 f1far=3895 f2near=3653 f2far=3651
SIPM_ARRIVALS event=740 total=973
SIPM_ADC event=740 readout=3895 f1far=3340 f2near=3562 f2far=3895
SIPM_ARRIVALS event=709 total=999
SIPM_ADC event=709 readout=3895 f1far=3590 f2near=3035 f2far=3521
SIPM_ARRIVALS event=678 total=906
SIPM_ADC event=678 readout=2723 f1far=3895 f2near=3277 f2far=3698
SIPM_ARRIVALS event=953 total=1019
SIPM_ADC event=953 readout=3204 f1far=3835 f2near=3815 f2far=3698
SIPM_ARRIVALS event=802 total=895
SIPM_ADC event=802 readout=3375 f1far=3595 f2near=3750 f2far=3197
SIPM_ARRIVALS event=648 total=897
SIPM_ADC event=648 readout=3718 f1far=3457 f2near=3833 f2far=3895
SIPM_ARRIVALS event=617 total=989
SIPM_ADC event=617 readout=3895 f1far=3488 f2near=2932 f2far=3895
SIPM_ARRIVALS event=894 total=982
SIPM_ADC event=894 readout=3895 f1far=3290 f2near=3448 f2far=3333
SIPM_ARRIVALS event=760 total=958
SIPM_ADC event=760 readout=3843 f1far=3895 f2near=3707 f2far=3821
SIPM_ARRIVALS event=926 total=853
SIPM_ADC event=926 readout=3655 f1far=3335 f2near=2947 f2far=2870
SIPM_ARRIVALS event=520 total=876
SIPM_ADC event=520 readout=2631 f1far=2658 f2near=3850 f2far=3364
SIPM_ARRIVALS event=832 total=1064
SIPM_ADC event=832 readout=3895 f1far=3895 f2near=3895 f2far=3190
SIPM_ARRIVALS event=587 total=963
SIPM_ADC event=587 readout=3895 f1far=3326 f2near=3895 f2far=3834
SIPM_ARRIVALS event=863 total=833
SIPM_ADC event=863 readout=3430 f1far=2888 f2near=3649 f2far=3007
SIPM_ARRIVALS event=741 total=958
SIPM_ADC event=741 readout=2809 f1far=3895 f2near=3895 f2far=3740
SIPM_ARRIVALS event=555 total=992
SIPM_ADC event=555 readout=3138 f1far=2762 f2near=3895 f2far=3305
SIPM_ARRIVALS event=984 total=1092
SIPM_ADC event=984 readout=3735 f1far=3895 f2near=3891 f2far=3895
SIPM_ARRIVALS event=710 total=1014
SIPM_ADC event=710 readout=3741 f1far=3895 f2near=2808 f2far=3895
SIPM_ARRIVALS event=679 total=963
SIPM_ADC event=679 readout=3895 f1far=3895 f2near=3132 f2far=3895
SIPM_ARRIVALS event=618 total=830
SIPM_ADC event=618 readout=2831 f1far=3043 f2near=3895 f2far=3637
SIPM_ARRIVALS event=803 total=912
SIPM_ADC event=803 readout=3403 f1far=3394 f2near=2660 f2far=3375
SIPM_ARRIVALS event=954 total=988
SIPM_ADC event=954 readout=3611 f1far=3508 f2near=2689 f2far=3645
SIPM_ARRIVALS event=649 total=1038
SIPM_ADC event=649 readout=3895 f1far=3336 f2near=3581 f2far=3261
SIPM_ARRIVALS event=895 total=922
SIPM_ADC event=895 readout=3084 f1far=3146 f2near=3879 f2far=2925
SIPM_ARRIVALS event=761 total=1052
SIPM_ADC event=761 readout=3895 f1far=3895 f2near=3895 f2far=3668
SIPM_ARRIVALS event=521 total=1017
SIPM_ADC event=521 readout=3895 f1far=3895 f2near=3840 f2far=3513
SIPM_ARRIVALS event=833 total=1053
SIPM_ADC event=833 readout=3895 f1far=3895 f2near=3470 f2far=3535
SIPM_ARRIVALS event=927 total=1087
SIPM_ADC event=927 readout=3440 f1far=3798 f2near=3895 f2far=3460
SIPM_ARRIVALS event=588 total=1031
SIPM_ADC event=588 readout=3586 f1far=3803 f2near=3433 f2far=3895
SIPM_ARRIVALS event=742 total=919
SIPM_ADC event=742 readout=3333 f1far=3504 f2near=3639 f2far=3103
SIPM_ARRIVALS event=985 total=835
SIPM_ADC event=985 readout=2502 f1far=3033 f2near=3290 f2far=3262
SIPM_ARRIVALS event=864 total=945
SIPM_ADC event=864 readout=3895 f1far=3430 f2near=3895 f2far=3415
SIPM_ARRIVALS event=556 total=1014
SIPM_ADC event=556 readout=3895 f1far=3690 f2near=3895 f2far=3360
SIPM_ARRIVALS event=711 total=881
SIPM_ADC event=711 readout=3732 f1far=3810 f2near=3415 f2far=3386
SIPM_ARRIVALS event=680 total=947
SIPM_ADC event=680 readout=3895 f1far=3166 f2near=3127 f2far=3590
SIPM_ARRIVALS event=619 total=970
SIPM_ADC event=619 readout=3391 f1far=3444 f2near=3137 f2far=3252
SIPM_ARRIVALS event=804 total=950
SIPM_ADC event=804 readout=2664 f1far=3810 f2near=3289 f2far=3460
SIPM_ARRIVALS event=896 total=921
SIPM_ADC event=896 readout=3895 f1far=3173 f2near=3436 f2far=3511
SIPM_ARRIVALS event=762 total=874
SIPM_ADC event=762 readout=3451 f1far=2758 f2near=3895 f2far=3631
SIPM_ARRIVALS event=955 total=1011
SIPM_ADC event=955 readout=3895 f1far=3895 f2near=3442 f2far=3516
SIPM_ARRIVALS event=650 total=1044
SIPM_ADC event=650 readout=3895 f1far=3895 f2near=3549 f2far=3895
SIPM_ARRIVALS event=928 total=850
SIPM_ADC event=928 readout=3066 f1far=2714 f2near=3423 f2far=3861
SIPM_ARRIVALS event=522 total=881
SIPM_ADC event=522 readout=2828 f1far=3895 f2near=3709 f2far=3800
SIPM_ARRIVALS event=992 total=875
SIPM_ADC event=992 readout=3315 f1far=3513 f2near=2677 f2far=3193
SIPM_ARRIVALS event=834 total=1010
SIPM_ADC event=834 readout=3442 f1far=3895 f2near=3506 f2far=3895
SIPM_ARRIVALS event=743 total=903
SIPM_ADC event=743 readout=3691 f1far=3295 f2near=3562 f2far=3819
SIPM_ARRIVALS event=986 total=942
SIPM_ADC event=986 readout=2702 f1far=3895 f2near=2887 f2far=2920
SIPM_ARRIVALS event=557 total=946
SIPM_ADC event=557 readout=3800 f1far=2932 f2near=3066 f2far=3366
SIPM_ARRIVALS event=865 total=1024
SIPM_ADC event=865 readout=3895 f1far=3895 f2near=3895 f2far=3613
SIPM_ARRIVALS event=681 total=1005
SIPM_ADC event=681 readout=3705 f1far=3895 f2near=3895 f2far=3895
SIPM_ARRIVALS event=712 total=1148
SIPM_ADC event=712 readout=3895 f1far=3895 f2near=3220 f2far=3895
SIPM_ARRIVALS event=956 total=857
SIPM_ADC event=956 readout=3273 f1far=3678 f2near=3533 f2far=2929
SIPM_ARRIVALS event=763 total=866
SIPM_ADC event=763 readout=3552 f1far=2433 f2near=2627 f2far=3343
SIPM_ARRIVALS event=805 total=1041
SIPM_ADC event=805 readout=3380 f1far=3031 f2near=3895 f2far=3895
SIPM_ARRIVALS event=897 total=1014
SIPM_ADC event=897 readout=3400 f1far=3417 f2near=3855 f2far=3895
SIPM_ARRIVALS event=929 total=981
SIPM_ADC event=929 readout=3895 f1far=3531 f2near=3743 f2far=2961
SIPM_ARRIVALS event=835 total=880
SIPM_ADC event=835 readout=3895 f1far=3204 f2near=3062 f2far=2647
SIPM_ARRIVALS event=523 total=1020
SIPM_ADC event=523 readout=3895 f1far=3777 f2near=3476 f2far=3895
SIPM_ARRIVALS event=987 total=840
SIPM_ADC event=987 readout=3310 f1far=3490 f2near=3270 f2far=3895
SIPM_ARRIVALS event=993 total=1189
SIPM_ADC event=993 readout=3823 f1far=3895 f2near=3797 f2far=3788
SIPM_ARRIVALS event=866 total=983
SIPM_ADC event=866 readout=3895 f1far=3308 f2near=3336 f2far=3688
SIPM_ARRIVALS event=957 total=944
SIPM_ADC event=957 readout=2892 f1far=3723 f2near=3790 f2far=3687
SIPM_ARRIVALS event=898 total=996
SIPM_ADC event=898 readout=3684 f1far=3895 f2near=3895 f2far=2271
SIPM_ARRIVALS event=764 total=974
SIPM_ADC event=764 readout=3895 f1far=3486 f2near=3295 f2far=3895
SIPM_ARRIVALS event=836 total=1025
SIPM_ADC event=836 readout=3403 f1far=3895 f2near=3895 f2far=3895
SIPM_ARRIVALS event=524 total=1006
SIPM_ADC event=524 readout=3646 f1far=3486 f2near=3895 f2far=3027
SIPM_ARRIVALS event=988 total=901
SIPM_ADC event=988 readout=3895 f1far=3810 f2near=3592 f2far=2964
SIPM_ARRIVALS event=994 total=895
SIPM_ADC event=994 readout=3201 f1far=3521 f2near=3029 f2far=3508
SIPM_ARRIVALS event=867 total=1236
SIPM_ADC event=867 readout=3895 f1far=3895 f2near=3895 f2far=3895
SIPM_ARRIVALS event=765 total=947
SIPM_ADC event=765 readout=3895 f1far=2853 f2near=3888 f2far=3371
SIPM_ARRIVALS event=958 total=1006
SIPM_ADC event=958 readout=3895 f1far=3895 f2near=3504 f2far=3000
SIPM_ARRIVALS event=525 total=977
SIPM_ADC event=525 readout=3594 f1far=3895 f2near=3453 f2far=3534
SIPM_ARRIVALS event=989 total=822
SIPM_ADC event=989 readout=2866 f1far=2857 f2near=2436 f2far=3074
SIPM_ARRIVALS event=995 total=1032
SIPM_ADC event=995 readout=3814 f1far=3726 f2near=3895 f2far=3895
SIPM_ARRIVALS event=766 total=919
SIPM_ADC event=766 readout=3416 f1far=3599 f2near=3131 f2far=3895
SIPM_ARRIVALS event=959 total=998
SIPM_ADC event=959 readout=3866 f1far=3062 f2near=3438 f2far=3895
SIPM_ARRIVALS event=526 total=919
SIPM_ADC event=526 readout=3222 f1far=3726 f2near=3489 f2far=2951
SIPM_ARRIVALS event=990 total=926
SIPM_ADC event=990 readout=3476 f1far=3810 f2near=3230 f2far=2851
SIPM_ARRIVALS event=767 total=1023
SIPM_ADC event=767 readout=3554 f1far=3895 f2near=3299 f2far=3895
SIPM_ARRIVALS event=960 total=914
SIPM_ADC event=960 readout=3717 f1far=3718 f2near=3895 f2far=2900
SIPM_ARRIVALS event=991 total=953
SIPM_ADC event=991 readout=3526 f1far=3895 f2near=3043 f2far=2938
SIPM_ARRIVALS event=996 total=1819
SIPM_ADC event=996 readout=3895 f1far=3895 f2near=3895 f2far=3895
SIPM_ARRIVALS event=768 total=872
SIPM_ADC event=768 readout=3168 f1far=3570 f2near=3895 f2far=3223
SIPM_ARRIVALS event=997 total=967
SIPM_ADC event=997 readout=3212 f1far=3045 f2near=3442 f2far=3302
SIPM_ARRIVALS event=769 total=917
SIPM_ADC event=769 readout=3796 f1far=2932 f2near=3895 f2far=3306
SIPM_ARRIVALS event=998 total=969
SIPM_ADC event=998 readout=3475 f1far=3892 f2near=3604 f2far=3717
SIPM_ARRIVALS event=770 total=1065
SIPM_ADC event=770 readout=3895 f1far=3266 f2near=3895 f2far=3617
SIPM_ARRIVALS event=999 total=949
SIPM_ADC event=999 readout=3429 f1far=3652 f2near=3367 f2far=3033
SIPM_ARRIVALS event=771 total=886
SIPM_ADC event=771 readout=2723 f1far=3136 f2near=2856 f2far=3021
SIPM_ARRIVALS event=772 total=1021
SIPM_ADC event=772 readout=3895 f1far=3895 f2near=3508 f2far=3895
SIPM_ARRIVALS event=773 total=1216
SIPM_ADC event=773 readout=3895 f1far=3895 f2near=3895 f2far=3895
SIPM_ARRIVALS event=774 total=870
SIPM_ADC event=774 readout=2877 f1far=2925 f2near=3732 f2far=3358
RUN_DONE events=1000 output=/projects/hep/fs10/shared/nnbar/billy/ccb1623_campaign/stave_piminus_60MeV_B_s1625.root
     Cr_sctns:  Glauber-Gribov Nucl-nucl: 0 eV  ---> 25.6 PeV
     Cr_sctns:  Glauber-Gribov Nucl-nucl: 0 eV  ---> 25.6 PeV
     Cr_sctns:  Glauber-Gribov Nucl-nucl: 0 eV  ---> 25.6 PeV
     Cr_sctns:  Glauber-Gribov Nucl-nucl: 0 eV  ---> 25.6 PeV
     Cr_sctns:  Glauber-Gribov Nucl-nucl: 0 eV  ---> 25.6 PeV
     Cr_sctns:  Glauber-Gribov Nucl-nucl: 0 eV  ---> 25.6 PeV
     Cr_sctns:  Glauber-Gribov Nucl-nucl: 0 eV  ---> 25.6 PeV
     Cr_sctns:  Glauber-Gribov Nucl-nucl: 0 eV  ---> 25.6 PeV
     Cr_sctns:  Glauber-Gribov Nucl-nucl: 0 eV  ---> 25.6 PeV
     Cr_sctns:  Glauber-Gribov Nucl-nucl: 0 eV  ---> 25.6 PeV
     Cr_sctns:  Glauber-Gribov Nucl-nucl: 0 eV  ---> 25.6 PeV
     Cr_sctns:  Glauber-Gribov Nucl-nucl: 0 eV  ---> 25.6 PeV
     Cr_sctns:  Glauber-Gribov Nucl-nucl: 0 eV  ---> 25.6 PeV
     Cr_sctns:  Glauber-Gribov Nucl-nucl: 0 eV  ---> 25.6 PeV
     Cr_sctns:  Glauber-Gribov Nucl-nucl: 0 eV  ---> 25.6 PeV
     Cr_sctns:  Glauber-Gribov Nucl-nucl: 0 eV  ---> 25.6 PeV
CCB_STAVE_END
wrote /projects/hep/fs10/shared/nnbar/billy/ccb1623_campaign/stave_piminus_60MeV_B_s1625.root (+ /projects/hep/fs10/shared/nnbar/billy/ccb1623_campaign/stave_piminus_60MeV_B_s1625.root.meta.json)
