point idx=91 part=mu- E=100 sample=A seed=1624 nev=2000 threads=16
CCB_BEAM_PREFLIGHT intersects=1 enters_neg_z=1 path_cm=2 reason=ok
CCB_BEAM_ENVELOPE_PREFLIGHT profile=AREA_UNIFORM_CONE_SPREAD corners_checked=16 corners_missing=0 min_path_cm=2.03085 reason=ok

**************************************************************
 Geant4 version Name: geant4-11-02-patch-02 [MT]   (21-June-2024)
  << in Multi-threaded mode >> 
                       Copyright : Geant4 Collaboration
                      References : NIM A 506 (2003), 250-303
                                 : IEEE-TNS 53 (2006), 270-278
                                 : NIM A 835 (2016), 186-225
                             WWW : http://geant4.org/
**************************************************************

CCB_STAVE_START particle=mu- KE_MeV=100 nevents=2000 threads_requested=16 threads_effective=16 g4_force_threads=unset seed=1624 hit_x_cm=0 hit_y_cm=0 theta_deg=0 phi_deg=0 allow_miss=0 beam_profile_id=AREA_UNIFORM_CONE_SPREAD sample_position=1 hit_x_min_cm=-22 hit_x_max_cm=22 hit_y_min_cm=-2.2 hit_y_max_cm=2.2 sample_angle=1 theta_spread_deg=10 write_photon_ntuple=0 optical_max_time_ns=1000 optical_max_steps=200000 birks_kB=0.126 quenching_model_id=birks_geant4 quenching_model_status=HYPOTHESIS quenching_claims_authorized=false production_cut_mm=0.1 physics_list=QGSP_BIC neutron_timecut_policy_id=pin_qgsp_bic_default_10us neutron_time_cut_us=10 neutron_tracking_time_cut_configured=1 neutron_diagnostics=0 reflectivity_scale=1 attenuation_scale(deprecated)=1 scintillator_absorption_scale=1 y11_bulk_attenuation_scale=1 pde_scale=1 collection_efficiency=1 optical_interface_model=UNKNOWN_EXTERNAL far_end=instrumented wls_time_profile=exponential wls_fluorescence_model=geant4_default_one_secondary wls_fluorescence_yield=0.7 mode=optical optical_dir=/projects/hep/fs10/shared/nnbar/billy/ccb-wt-1623/geant4/single_stave/build/optical strict_optical=1 output=/projects/hep/fs10/shared/nnbar/billy/ccb1623_campaign/stave_muminus_100MeV_A_s1624.root gpu_optical=0 optical_out= dump_gdml=
G4PhysListFactory::GetReferencePhysList <QGSP_BIC>  EMoption= 0
<<< Geant4 Physics List simulation engine: QGSP_BIC


Checking overlaps for volume Coating:0 (G4SubtractionSolid) ... OK! 
Checking overlaps for volume Scintillator:0 (G4SubtractionSolid) ... OK! 
Checking overlaps for volume OuterClad_F1:0 (G4Tubs) ... OK! 
Checking overlaps for volume InnerClad_F1:0 (G4Tubs) ... OK! 
Checking overlaps for volume Core_F1:0 (G4Tubs) ... OK! 
Checking overlaps for volume Sensor_F1_PlusX:0 (G4Tubs) ... OK! 
Checking overlaps for volume Sensor_F1_MinusX:1 (G4Tubs) ... OK! 
Checking overlaps for volume OuterClad_F2:1 (G4Tubs) ... OK! 
Checking overlaps for volume InnerClad_F2:1 (G4Tubs) ... OK! 
Checking overlaps for volume Core_F2:1 (G4Tubs) ... OK! 
Checking overlaps for volume Sensor_F2_PlusX:2 (G4Tubs) ... OK! 
Checking overlaps for volume Sensor_F2_MinusX:3 (G4Tubs) ... OK! 
GEOMETRY_REPORT_BEGIN
stave_length_cm 50
stave_width_cm 5.18
stave_thickness_cm 2
normal_path_cm 2
fibre_diameter_mm 1.8
hole_diameter_mm 2
fibre_separation_cm 2
fibre_within_hole 1
fibre_protrudes_for_readout 1
holes_contained_y 1
holes_contained_z 1
geometry_hash e323b92195f9a6288944f0738dbadccf9386422f076362ca172fd0b6d119d1e1
physics_hash 695755f15879c60b7dbc23f5ad7f972d0ec3d9710fa2ec357d17a3b37c48faee
optical_hash 02abddb7662749ea88712a86cced3d7438d45eb865b430c54073ae9dde8549eb
clad_inner_rindex 1.49
clad_outer_rindex 1.42
GEOMETRY_REPORT_END
GEOMETRY_SELFCHECK_PASS
### Adding tracking cuts for neutron  TimeCut(ns)= 10000  KinEnergyCut(MeV)= 0
### Birks coefficients used in run time
   G4_POLYSTYRENE     0.07943 mm/MeV     0.00841958 g/cm^2/MeV  massFactor=  504.5 effCharge= 18.5
   CCB_Scintillator     0.126 mm/MeV     0.013356 g/cm^2/MeV  massFactor=  504.5 effCharge= 18.5
=======================================================================
======                 Electromagnetic Physics Parameters      ========
=======================================================================
LPM effect enabled                                 1
Enable creation and use of sampling tables         0
Apply cuts on all EM processes                     0
Use combined TransportationWithMsc                 Disabled
Use general process                                1
Enable linear polarisation for gamma               0
Enable photoeffect sampling below K-shell          1
Enable sampling of quantum entanglement            0
X-section factor for integral approach             0.8
Min kinetic energy for tables                      100 eV 
Max kinetic energy for tables                      100 TeV
Number of bins per decade of a table               7
Verbose level                                      1
Verbose level for worker thread                    0
Bremsstrahlung energy threshold above which 
  primary e+- is added to the list of secondary    100 TeV
Bremsstrahlung energy threshold above which primary
  muon/hadron is added to the list of secondary    100 TeV
Lowest triplet kinetic energy                      1 MeV
Enable sampling of gamma linear polarisation       0
5D gamma conversion model type                     0
5D gamma conversion model on isolated ion          0
Livermore data directory                           epics_2017
=======================================================================
======                 Ionisation Parameters                   ========
=======================================================================
Step function for e+-                              (0.2, 1 mm)
Step function for muons/hadrons                    (0.2, 0.1 mm)
Step function for light ions                       (0.2, 0.1 mm)
Step function for general ions                     (0.2, 0.1 mm)
Lowest e+e- kinetic energy                         1 keV
Lowest muon/hadron kinetic energy                  1 keV
Use ICRU90 data                                    0
Fluctuations of dE/dx are enabled                  1
Type of fluctuation model for leptons and hadrons  Urban
Use built-in Birks satuaration                     1
Build CSDA range enabled                           0
Use cut as a final range enabled                   0
Enable angular generator interface                 0
Max kinetic energy for CSDA tables                 1 GeV
Max kinetic energy for NIEL computation            0 eV 
Linear loss limit                                  0.01
Read data from file for e+e- pair production by mu 0
=======================================================================
======                 Multiple Scattering Parameters          ========
=======================================================================
Type of msc step limit algorithm for e+-           1
Type of msc step limit algorithm for muons/hadrons 0
Msc lateral displacement for e+- enabled           1
Msc lateral displacement for muons and hadrons     0
Urban msc model lateral displacement alg96         1
Range factor for msc step limit for e+-            0.04
Range factor for msc step limit for muons/hadrons  0.2
Geometry factor for msc step limitation of e+-     2.5
Safety factor for msc step limit for e+-           0.6
Skin parameter for msc step limitation of e+-      1
Lambda limit for msc step limit for e+-            1 mm
Use Mott correction for e- scattering              0
Factor used for dynamic computation of angular 
  limit between single and multiple scattering     1
Fixed angular limit between single 
  and multiple scattering                          3.1416 rad
Upper energy limit for e+- multiple scattering     100 MeV
Type of electron single scattering model           0
Type of nuclear form-factor                        1
Screening factor                                   1
=======================================================================

phot:  for gamma SubType=12 BuildTable=0
      LambdaPrime table from 200 keV to 100 TeV in 61 bins 
      ===== EM models for the G4Region  DefaultRegionForTheWorld ======
 LivermorePhElectric : Emin=    0 eV  Emax=  100 TeV  SauterGavrila Fluo

compt:  for gamma SubType=13 BuildTable=1
      Lambda table from 100 eV  to 1 MeV, 7 bins/decade, spline: 1
      LambdaPrime table from 1 MeV to 100 TeV in 56 bins 
      ===== EM models for the G4Region  DefaultRegionForTheWorld ======
       Klein-Nishina : Emin=    0 eV  Emax=  100 TeV

conv:  for gamma SubType=14 BuildTable=1
      Lambda table from 1.022 MeV to 100 TeV, 18 bins/decade, spline: 1
      ===== EM models for the G4Region  DefaultRegionForTheWorld ======
     BetheHeitlerLPM : Emin=    0 eV  Emax=  100 TeV  ModifiedTsai

Rayl:  for gamma SubType=11 BuildTable=1
      Lambda table from 100 eV  to 150 keV, 7 bins/decade, spline: 0
      LambdaPrime table from 150 keV to 100 TeV in 62 bins 
      ===== EM models for the G4Region  DefaultRegionForTheWorld ======
   LivermoreRayleigh : Emin=    0 eV  Emax=  100 TeV  CullenGenerator

msc:  for e-  SubType= 10
      ===== EM models for the G4Region  DefaultRegionForTheWorld ======
            UrbanMsc : Emin=    0 eV  Emax=  100 MeV Nbins=42 100 eV  - 100 MeV
          StepLim=UseSafety Rfact=0.04 Gfact=2.5 Sfact=0.6 DispFlag:1 Skin=1 Llim=1 mm
        WentzelVIUni : Emin=  100 MeV Emax=  100 TeV Nbins=42 100 MeV - 100 TeV
          StepLim=UseSafety Rfact=0.04 Gfact=2.5 Sfact=0.6 DispFlag:1 Skin=1 Llim=1 mm

eIoni:  for e-  XStype:3  SubType=2
      dE/dx and range tables from 100 eV  to 100 TeV in 84 bins
      Lambda tables from threshold to 100 TeV, 7 bins/decade, spline: 1
      StepFunction=(0.2, 1 mm), integ: 3, fluct: 1, linLossLim= 0.01
      ===== EM models for the G4Region  DefaultRegionForTheWorld ======
        MollerBhabha : Emin=    0 eV  Emax=  100 TeV

eBrem:  for e-  XStype:4  SubType=3
      dE/dx and range tables from 100 eV  to 100 TeV in 84 bins
      Lambda tables from threshold to 100 TeV, 7 bins/decade, spline: 1
      LPM flag: 1 for E > 1 GeV,  VertexHighEnergyTh(GeV)= 100000
      ===== EM models for the G4Region  DefaultRegionForTheWorld ======
             eBremSB : Emin=    0 eV  Emax=    1 GeV  ModifiedTsai
            eBremLPM : Emin=    1 GeV Emax=  100 TeV  ModifiedTsai

CoulombScat:  for e- XStype:1 SubType=1 BuildTable=1
      Lambda table from 100 MeV to 100 TeV, 7 bins/decade, spline: 0
      ThetaMin(p) < Theta(degree) < 180, pLimit(GeV^1)= 0.139531
      ===== EM models for the G4Region  DefaultRegionForTheWorld ======
  eCoulombScattering : Emin=  100 MeV Emax=  100 TeV

msc:  for e+  SubType= 10
      ===== EM models for the G4Region  DefaultRegionForTheWorld ======
            UrbanMsc : Emin=    0 eV  Emax=  100 MeV Nbins=42 100 eV  - 100 MeV
          StepLim=UseSafety Rfact=0.04 Gfact=2.5 Sfact=0.6 DispFlag:1 Skin=1 Llim=1 mm
        WentzelVIUni : Emin=  100 MeV Emax=  100 TeV Nbins=42 100 MeV - 100 TeV
          StepLim=UseSafety Rfact=0.04 Gfact=2.5 Sfact=0.6 DispFlag:1 Skin=1 Llim=1 mm

eIoni:  for e+  XStype:3  SubType=2
      dE/dx and range tables from 100 eV  to 100 TeV in 84 bins
      Lambda tables from threshold to 100 TeV, 7 bins/decade, spline: 1
      StepFunction=(0.2, 1 mm), integ: 3, fluct: 1, linLossLim= 0.01
      ===== EM models for the G4Region  DefaultRegionForTheWorld ======
        MollerBhabha : Emin=    0 eV  Emax=  100 TeV

eBrem:  for e+  XStype:4  SubType=3
      dE/dx and range tables from 100 eV  to 100 TeV in 84 bins
      Lambda tables from threshold to 100 TeV, 7 bins/decade, spline: 1
      LPM flag: 1 for E > 1 GeV,  VertexHighEnergyTh(GeV)= 100000
      ===== EM models for the G4Region  DefaultRegionForTheWorld ======
             eBremSB : Emin=    0 eV  Emax=    1 GeV  ModifiedTsai
            eBremLPM : Emin=    1 GeV Emax=  100 TeV  ModifiedTsai

annihil:  for e+ XStype:2 SubType=5 BuildTable=0
      ===== EM models for the G4Region  DefaultRegionForTheWorld ======
            eplus2gg : Emin=    0 eV  Emax=  100 TeV

CoulombScat:  for e+ XStype:1 SubType=1 BuildTable=1
      Lambda table from 100 MeV to 100 TeV, 7 bins/decade, spline: 0
      ThetaMin(p) < Theta(degree) < 180, pLimit(GeV^1)= 0.139531
      ===== EM models for the G4Region  DefaultRegionForTheWorld ======
  eCoulombScattering : Emin=  100 MeV Emax=  100 TeV

msc:  for proton  SubType= 10
      ===== EM models for the G4Region  DefaultRegionForTheWorld ======
        WentzelVIUni : Emin=    0 eV  Emax=  100 TeV Nbins=84 100 eV  - 100 TeV
          StepLim=Minimal Rfact=0.2 Gfact=2.5 Sfact=0.6 DispFlag:0 Skin=1 Llim=1 mm

hIoni:  for proton  XStype:3  SubType=2
      dE/dx and range tables from 100 eV  to 100 TeV in 84 bins
      Lambda tables from threshold to 100 TeV, 7 bins/decade, spline: 1
      StepFunction=(0.2, 0.1 mm), integ: 3, fluct: 1, linLossLim= 0.01
      ===== EM models for the G4Region  DefaultRegionForTheWorld ======
               Bragg : Emin=    0 eV  Emax=    2 MeV
          BetheBloch : Emin=    2 MeV Emax=  100 TeV

hBrems:  for proton  XStype:1  SubType=3
      dE/dx and range tables from 100 eV  to 100 TeV in 84 bins
      Lambda tables from threshold to 100 TeV, 7 bins/decade, spline: 1
      ===== EM models for the G4Region  DefaultRegionForTheWorld ======
               hBrem : Emin=    0 eV  Emax=  100 TeV  ModifiedMephi

hPairProd:  for proton  XStype:1  SubType=4
      dE/dx and range tables from 100 eV  to 100 TeV in 84 bins
      Lambda tables from threshold to 100 TeV, 7 bins/decade, spline: 1
      Sampling table 17x1001; from 7.50618 GeV to 100 TeV 
      ===== EM models for the G4Region  DefaultRegionForTheWorld ======
           hPairProd : Emin=    0 eV  Emax=  100 TeV  ModifiedMephi

CoulombScat:  for proton XStype:1 SubType=1 BuildTable=1
      Lambda table from threshold  to 100 TeV, 7 bins/decade, spline: 0
      ThetaMin(p) < Theta(degree) < 180, pLimit(GeV^1)= 0.139531
      ===== EM models for the G4Region  DefaultRegionForTheWorld ======
  eCoulombScattering : Emin=    0 eV  Emax=  100 TeV

msc:  for GenericIon  SubType= 10
      ===== EM models for the G4Region  DefaultRegionForTheWorld ======
            UrbanMsc : Emin=    0 eV  Emax=  100 TeV
          StepLim=Minimal Rfact=0.2 Gfact=2.5 Sfact=0.6 DispFlag:0 Skin=1 Llim=1 mm

ionIoni:  for GenericIon  XStype:3  SubType=2
      dE/dx and range tables from 100 eV  to 100 TeV in 84 bins
      Lambda tables from threshold to 100 TeV, 7 bins/decade, spline: 1
      StepFunction=(0.2, 0.1 mm), integ: 3, fluct: 1, linLossLim= 0.02
      ===== EM models for the G4Region  DefaultRegionForTheWorld ======
            BraggIon : Emin=    0 eV  Emax=    2 MeV
          BetheBloch : Emin=    2 MeV Emax=  100 TeV

msc:  for alpha  SubType= 10
      ===== EM models for the G4Region  DefaultRegionForTheWorld ======
            UrbanMsc : Emin=    0 eV  Emax=  100 TeV
          StepLim=Minimal Rfact=0.2 Gfact=2.5 Sfact=0.6 DispFlag:0 Skin=1 Llim=1 mm

ionIoni:  for alpha  XStype:3  SubType=2
      dE/dx and range tables from 100 eV  to 100 TeV in 84 bins
      Lambda tables from threshold to 100 TeV, 7 bins/decade, spline: 1
      StepFunction=(0.2, 0.1 mm), integ: 3, fluct: 1, linLossLim= 0.02
      ===== EM models for the G4Region  DefaultRegionForTheWorld ======
            BraggIon : Emin=    0 eV  Emax=7.9452 MeV
          BetheBloch : Emin=7.9452 MeV Emax=  100 TeV

msc:  for anti_proton  SubType= 10
      ===== EM models for the G4Region  DefaultRegionForTheWorld ======
        WentzelVIUni : Emin=    0 eV  Emax=  100 TeV Nbins=84 100 eV  - 100 TeV
          StepLim=Minimal Rfact=0.2 Gfact=2.5 Sfact=0.6 DispFlag:0 Skin=1 Llim=1 mm

hIoni:  for anti_proton  XStype:3  SubType=2
      dE/dx and range tables from 100 eV  to 100 TeV in 84 bins
      Lambda tables from threshold to 100 TeV, 7 bins/decade, spline: 1
      StepFunction=(0.2, 0.1 mm), integ: 3, fluct: 1, linLossLim= 0.01
      ===== EM models for the G4Region  DefaultRegionForTheWorld ======
            ICRU73QO : Emin=    0 eV  Emax=    2 MeV
          BetheBloch : Emin=    2 MeV Emax=  100 TeV

hBrems:  for anti_proton  XStype:1  SubType=3
      dE/dx and range tables from 100 eV  to 100 TeV in 84 bins
      Lambda tables from threshold to 100 TeV, 7 bins/decade, spline: 1
      ===== EM models for the G4Region  DefaultRegionForTheWorld ======
               hBrem : Emin=    0 eV  Emax=  100 TeV  ModifiedMephi

hPairProd:  for anti_proton  XStype:1  SubType=4
      dE/dx and range tables from 100 eV  to 100 TeV in 84 bins
      Lambda tables from threshold to 100 TeV, 7 bins/decade, spline: 1
      Sampling table 17x1001; from 7.50618 GeV to 100 TeV 
      ===== EM models for the G4Region  DefaultRegionForTheWorld ======
           hPairProd : Emin=    0 eV  Emax=  100 TeV  ModifiedMephi

CoulombScat:  for anti_proton XStype:1 SubType=1 BuildTable=1
      Lambda table from threshold  to 100 TeV, 7 bins/decade, spline: 0
      ThetaMin(p) < Theta(degree) < 180, pLimit(GeV^1)= 0.139531
      ===== EM models for the G4Region  DefaultRegionForTheWorld ======
  eCoulombScattering : Emin=    0 eV  Emax=  100 TeV

msc:  for kaon+  SubType= 10
      ===== EM models for the G4Region  DefaultRegionForTheWorld ======
        WentzelVIUni : Emin=    0 eV  Emax=  100 TeV Nbins=84 100 eV  - 100 TeV
          StepLim=Minimal Rfact=0.2 Gfact=2.5 Sfact=0.6 DispFlag:0 Skin=1 Llim=1 mm

hIoni:  for kaon+  XStype:3  SubType=2
      dE/dx and range tables from 100 eV  to 100 TeV in 84 bins
      Lambda tables from threshold to 100 TeV, 7 bins/decade, spline: 1
      StepFunction=(0.2, 0.1 mm), integ: 3, fluct: 1, linLossLim= 0.01
      ===== EM models for the G4Region  DefaultRegionForTheWorld ======
               Bragg : Emin=    0 eV  Emax=1.05231 MeV
          BetheBloch : Emin=1.05231 MeV Emax=  100 TeV

hBrems:  for kaon+  XStype:1  SubType=3
      dE/dx and range tables from 100 eV  to 100 TeV in 84 bins
      Lambda tables from threshold to 100 TeV, 7 bins/decade, spline: 1
      ===== EM models for the G4Region  DefaultRegionForTheWorld ======
               hBrem : Emin=    0 eV  Emax=  100 TeV  ModifiedMephi

hPairProd:  for kaon+  XStype:1  SubType=4
      dE/dx and range tables from 100 eV  to 100 TeV in 84 bins
      Lambda tables from threshold to 100 TeV, 7 bins/decade, spline: 1
      Sampling table 18x1001; from 3.94942 GeV to 100 TeV 
      ===== EM models for the G4Region  DefaultRegionForTheWorld ======
           hPairProd : Emin=    0 eV  Emax=  100 TeV  ModifiedMephi

CoulombScat:  for kaon+ XStype:1 SubType=1 BuildTable=1
      Lambda table from threshold  to 100 TeV, 7 bins/decade, spline: 0
      ThetaMin(p) < Theta(degree) < 180, pLimit(GeV^1)= 0.139531
      ===== EM models for the G4Region  DefaultRegionForTheWorld ======
  eCoulombScattering : Emin=    0 eV  Emax=  100 TeV

msc:  for kaon-  SubType= 10
      ===== EM models for the G4Region  DefaultRegionForTheWorld ======
        WentzelVIUni : Emin=    0 eV  Emax=  100 TeV Nbins=84 100 eV  - 100 TeV
          StepLim=Minimal Rfact=0.2 Gfact=2.5 Sfact=0.6 DispFlag:0 Skin=1 Llim=1 mm

hIoni:  for kaon-  XStype:3  SubType=2
      dE/dx and range tables from 100 eV  to 100 TeV in 84 bins
      Lambda tables from threshold to 100 TeV, 7 bins/decade, spline: 1
      StepFunction=(0.2, 0.1 mm), integ: 3, fluct: 1, linLossLim= 0.01
      ===== EM models for the G4Region  DefaultRegionForTheWorld ======
            ICRU73QO : Emin=    0 eV  Emax=1.05231 MeV
          BetheBloch : Emin=1.05231 MeV Emax=  100 TeV

hBrems:  for kaon-  XStype:1  SubType=3
      dE/dx and range tables from 100 eV  to 100 TeV in 84 bins
      Lambda tables from threshold to 100 TeV, 7 bins/decade, spline: 1
      ===== EM models for the G4Region  DefaultRegionForTheWorld ======
               hBrem : Emin=    0 eV  Emax=  100 TeV  ModifiedMephi

hPairProd:  for kaon-  XStype:1  SubType=4
      dE/dx and range tables from 100 eV  to 100 TeV in 84 bins
      Lambda tables from threshold to 100 TeV, 7 bins/decade, spline: 1
      Sampling table 18x1001; from 3.94942 GeV to 100 TeV 
      ===== EM models for the G4Region  DefaultRegionForTheWorld ======
           hPairProd : Emin=    0 eV  Emax=  100 TeV  ModifiedMephi

CoulombScat:  for kaon- XStype:1 SubType=1 BuildTable=1
      Used Lambda table of kaon+
      ThetaMin(p) < Theta(degree) < 180, pLimit(GeV^1)= 0.139531
      ===== EM models for the G4Region  DefaultRegionForTheWorld ======
  eCoulombScattering : Emin=    0 eV  Emax=  100 TeV

msc:  for mu+  SubType= 10
      ===== EM models for the G4Region  DefaultRegionForTheWorld ======
        WentzelVIUni : Emin=    0 eV  Emax=  100 TeV Nbins=84 100 eV  - 100 TeV
          StepLim=Minimal Rfact=0.2 Gfact=2.5 Sfact=0.6 DispFlag:0 Skin=1 Llim=1 mm

muIoni:  for mu+  XStype:3  SubType=2
      dE/dx and range tables from 100 eV  to 100 TeV in 84 bins
      Lambda tables from threshold to 100 TeV, 7 bins/decade, spline: 1
      StepFunction=(0.2, 0.1 mm), integ: 3, fluct: 1, linLossLim= 0.01
      ===== EM models for the G4Region  DefaultRegionForTheWorld ======
               Bragg : Emin=    0 eV  Emax=  200 keV
        MuBetheBloch : Emin=  200 keV Emax=  100 TeV

muBrems:  for mu+  XStype:1  SubType=3
      dE/dx and range tables from 100 eV  to 100 TeV in 84 bins
      Lambda tables from threshold to 100 TeV, 7 bins/decade, spline: 1
      ===== EM models for the G4Region  DefaultRegionForTheWorld ======
              MuBrem : Emin=    0 eV  Emax=  100 TeV  ModifiedMephi

muPairProd:  for mu+  XStype:1  SubType=4
      dE/dx and range tables from 100 eV  to 100 TeV in 84 bins
      Lambda tables from threshold to 100 TeV, 7 bins/decade, spline: 1
      Sampling table 21x1001; from 0.85 GeV to 100 TeV 
      ===== EM models for the G4Region  DefaultRegionForTheWorld ======
          muPairProd : Emin=    0 eV  Emax=  100 TeV  ModifiedMephi

CoulombScat:  for mu+ XStype:1 SubType=1 BuildTable=1
      Lambda table from threshold  to 100 TeV, 7 bins/decade, spline: 0
      ThetaMin(p) < Theta(degree) < 180, pLimit(GeV^1)= 0.139531
      ===== EM models for the G4Region  DefaultRegionForTheWorld ======
  eCoulombScattering : Emin=    0 eV  Emax=  100 TeV

msc:  for mu-  SubType= 10
      ===== EM models for the G4Region  DefaultRegionForTheWorld ======
        WentzelVIUni : Emin=    0 eV  Emax=  100 TeV Nbins=84 100 eV  - 100 TeV
          StepLim=Minimal Rfact=0.2 Gfact=2.5 Sfact=0.6 DispFlag:0 Skin=1 Llim=1 mm

muIoni:  for mu-  XStype:3  SubType=2
      dE/dx and range tables from 100 eV  to 100 TeV in 84 bins
      Lambda tables from threshold to 100 TeV, 7 bins/decade, spline: 1
      StepFunction=(0.2, 0.1 mm), integ: 3, fluct: 1, linLossLim= 0.01
      ===== EM models for the G4Region  DefaultRegionForTheWorld ======
            ICRU73QO : Emin=    0 eV  Emax=  200 keV
        MuBetheBloch : Emin=  200 keV Emax=  100 TeV

muBrems:  for mu-  XStype:1  SubType=3
      dE/dx and range tables from 100 eV  to 100 TeV in 84 bins
      Lambda tables from threshold to 100 TeV, 7 bins/decade, spline: 1
      ===== EM models for the G4Region  DefaultRegionForTheWorld ======
              MuBrem : Emin=    0 eV  Emax=  100 TeV  ModifiedMephi

muPairProd:  for mu-  XStype:1  SubType=4
      dE/dx and range tables from 100 eV  to 100 TeV in 84 bins
      Lambda tables from threshold to 100 TeV, 7 bins/decade, spline: 1
      Sampling table 21x1001; from 0.85 GeV to 100 TeV 
      ===== EM models for the G4Region  DefaultRegionForTheWorld ======
          muPairProd : Emin=    0 eV  Emax=  100 TeV  ModifiedMephi

CoulombScat:  for mu- XStype:1 SubType=1 BuildTable=1
      Used Lambda table of mu+
      ThetaMin(p) < Theta(degree) < 180, pLimit(GeV^1)= 0.139531
      ===== EM models for the G4Region  DefaultRegionForTheWorld ======
  eCoulombScattering : Emin=    0 eV  Emax=  100 TeV

msc:  for pi+  SubType= 10
      ===== EM models for the G4Region  DefaultRegionForTheWorld ======
        WentzelVIUni : Emin=    0 eV  Emax=  100 TeV Nbins=84 100 eV  - 100 TeV
          StepLim=Minimal Rfact=0.2 Gfact=2.5 Sfact=0.6 DispFlag:0 Skin=1 Llim=1 mm

hIoni:  for pi+  XStype:3  SubType=2
      dE/dx and range tables from 100 eV  to 100 TeV in 84 bins
      Lambda tables from threshold to 100 TeV, 7 bins/decade, spline: 1
      StepFunction=(0.2, 0.1 mm), integ: 3, fluct: 1, linLossLim= 0.01
      ===== EM models for the G4Region  DefaultRegionForTheWorld ======
               Bragg : Emin=    0 eV  Emax=297.505 keV
          BetheBloch : Emin=297.505 keV Emax=  100 TeV

hBrems:  for pi+  XStype:1  SubType=3
      dE/dx and range tables from 100 eV  to 100 TeV in 84 bins
      Lambda tables from threshold to 100 TeV, 7 bins/decade, spline: 1
      ===== EM models for the G4Region  DefaultRegionForTheWorld ======
               hBrem : Emin=    0 eV  Emax=  100 TeV  ModifiedMephi

hPairProd:  for pi+  XStype:1  SubType=4
      dE/dx and range tables from 100 eV  to 100 TeV in 84 bins
      Lambda tables from threshold to 100 TeV, 7 bins/decade, spline: 1
      Sampling table 20x1001; from 1.11656 GeV to 100 TeV 
      ===== EM models for the G4Region  DefaultRegionForTheWorld ======
           hPairProd : Emin=    0 eV  Emax=  100 TeV  ModifiedMephi

CoulombScat:  for pi+ XStype:1 SubType=1 BuildTable=1
      Lambda table from threshold  to 100 TeV, 7 bins/decade, spline: 0
      ThetaMin(p) < Theta(degree) < 180, pLimit(GeV^1)= 0.139531
      ===== EM models for the G4Region  DefaultRegionForTheWorld ======
  eCoulombScattering : Emin=    0 eV  Emax=  100 TeV

msc:  for pi-  SubType= 10
      ===== EM models for the G4Region  DefaultRegionForTheWorld ======
        WentzelVIUni : Emin=    0 eV  Emax=  100 TeV Nbins=84 100 eV  - 100 TeV
          StepLim=Minimal Rfact=0.2 Gfact=2.5 Sfact=0.6 DispFlag:0 Skin=1 Llim=1 mm

hIoni:  for pi-  XStype:3  SubType=2
      dE/dx and range tables from 100 eV  to 100 TeV in 84 bins
      Lambda tables from threshold to 100 TeV, 7 bins/decade, spline: 1
      StepFunction=(0.2, 0.1 mm), integ: 3, fluct: 1, linLossLim= 0.01
      ===== EM models for the G4Region  DefaultRegionForTheWorld ======
            ICRU73QO : Emin=    0 eV  Emax=297.505 keV
          BetheBloch : Emin=297.505 keV Emax=  100 TeV

hBrems:  for pi-  XStype:1  SubType=3
      dE/dx and range tables from 100 eV  to 100 TeV in 84 bins
      Lambda tables from threshold to 100 TeV, 7 bins/decade, spline: 1
      ===== EM models for the G4Region  DefaultRegionForTheWorld ======
               hBrem : Emin=    0 eV  Emax=  100 TeV  ModifiedMephi

hPairProd:  for pi-  XStype:1  SubType=4
      dE/dx and range tables from 100 eV  to 100 TeV in 84 bins
      Lambda tables from threshold to 100 TeV, 7 bins/decade, spline: 1
      Sampling table 20x1001; from 1.11656 GeV to 100 TeV 
      ===== EM models for the G4Region  DefaultRegionForTheWorld ======
           hPairProd : Emin=    0 eV  Emax=  100 TeV  ModifiedMephi

CoulombScat:  for pi- XStype:1 SubType=1 BuildTable=1
      Used Lambda table of pi+
      ThetaMin(p) < Theta(degree) < 180, pLimit(GeV^1)= 0.139531
      ===== EM models for the G4Region  DefaultRegionForTheWorld ======
  eCoulombScattering : Emin=    0 eV  Emax=  100 TeV

====================================================================
                  HADRONIC PROCESSES SUMMARY (verbose level 1)
-----------------------------------------------------------------------
                           Hadronic Processes for neutron
  Process: hadElastic
        Model:             hElasticCHIPS: 0 eV  ---> 100 TeV
     Cr_sctns:        G4NeutronElasticXS: 0 eV  ---> 100 TeV
  Process: neutronInelastic
        Model:                      QGSP: 12 GeV ---> 100 TeV
        Model:                      FTFP: 3 GeV ---> 25 GeV
        Model:            Binary Cascade: 0 eV  ---> 6 GeV
     Cr_sctns:      G4NeutronInelasticXS: 0 eV  ---> 100 TeV
  Process: nCapture
        Model:               nRadCapture: 0 eV  ---> 100 TeV
     Cr_sctns:        G4NeutronCaptureXS: 0 eV  ---> 100 TeV
  Process: nKiller
-----------------------------------------------------------------------
                           Hadronic Processes for GenericIon
  Process: ionElastic
        Model:          NNDiffuseElastic: 0 eV /n ---> 100 TeV/n
     Cr_sctns:  Glauber-Gribov Nucl-nucl: 0 eV  ---> 25.6 PeV
  Process: ionInelastic
        Model:  Binary Light Ion Cascade: 0 eV /n ---> 6 GeV/n
        Model:                      FTFP: 3 GeV/n ---> 100 TeV/n
     Cr_sctns:  Glauber-Gribov Nucl-nucl: 0 eV  ---> 25.6 PeV
-----------------------------------------------------------------------
                           Hadronic Processes for He3
  Process: hadElastic
        Model:              hElasticLHEP: 0 eV /n ---> 100 TeV/n
     Cr_sctns:  Glauber-Gribov Nucl-nucl: 0 eV  ---> 25.6 PeV
  Process: He3Inelastic
        Model:  Binary Light Ion Cascade: 0 eV /n ---> 6 GeV/n
        Model:                      FTFP: 3 GeV/n ---> 100 TeV/n
     Cr_sctns:  Glauber-Gribov Nucl-nucl: 0 eV  ---> 25.6 PeV
-----------------------------------------------------------------------
                           Hadronic Processes for alpha
  Process: hadElastic
        Model:              hElasticLHEP: 0 eV /n ---> 100 TeV/n
     Cr_sctns:  Glauber-Gribov Nucl-nucl: 0 eV  ---> 25.6 PeV
  Process: alphaInelastic
        Model:  Binary Light Ion Cascade: 0 eV /n ---> 6 GeV/n
        Model:                      FTFP: 3 GeV/n ---> 100 TeV/n
     Cr_sctns:  Glauber-Gribov Nucl-nucl: 0 eV  ---> 25.6 PeV
-----------------------------------------------------------------------
                           Hadronic Processes for anti_He3
  Process: hadElastic
        Model:              hElasticLHEP: 0 eV /n ---> 100.1 MeV/n
        Model:              AntiAElastic: 100 MeV/n ---> 100 TeV/n
     Cr_sctns:              AntiAGlauber: 0 eV  ---> 25.6 PeV
  Process: anti_He3Inelastic
        Model:                      FTFP: 0 eV /n ---> 100 TeV/n
     Cr_sctns:              AntiAGlauber: 0 eV  ---> 25.6 PeV
  Process: hFritiofCaptureAtRest
-----------------------------------------------------------------------
                           Hadronic Processes for anti_alpha
  Process: hadElastic
        Model:              hElasticLHEP: 0 eV /n ---> 100.1 MeV/n
        Model:              AntiAElastic: 100 MeV/n ---> 100 TeV/n
     Cr_sctns:              AntiAGlauber: 0 eV  ---> 25.6 PeV
  Process: anti_alphaInelastic
        Model:                      FTFP: 0 eV /n ---> 100 TeV/n
     Cr_sctns:              AntiAGlauber: 0 eV  ---> 25.6 PeV
  Process: hFritiofCaptureAtRest
-----------------------------------------------------------------------
                           Hadronic Processes for anti_deuteron
  Process: hadElastic
        Model:              hElasticLHEP: 0 eV /n ---> 100.1 MeV/n
        Model:              AntiAElastic: 100 MeV/n ---> 100 TeV/n
     Cr_sctns:              AntiAGlauber: 0 eV  ---> 25.6 PeV
  Process: anti_deuteronInelastic
        Model:                      FTFP: 0 eV /n ---> 100 TeV/n
     Cr_sctns:              AntiAGlauber: 0 eV  ---> 25.6 PeV
  Process: hFritiofCaptureAtRest
-------------------------------------------------------------------------
                           Hadronic Processes for anti_hypertriton
  Process: hFritiofCaptureAtRest
-----------------------------------------------------------------------
                           Hadronic Processes for anti_lambda
  Process: hadElastic
        Model:              hElasticLHEP: 0 eV  ---> 100 TeV
     Cr_sctns:            Glauber-Gribov: 0 eV  ---> 100 TeV
  Process: anti_lambdaInelastic
        Model:                      QGSP: 12 GeV ---> 100 TeV
        Model:                      FTFP: 0 eV  ---> 25 GeV
     Cr_sctns:            Glauber-Gribov: 0 eV  ---> 100 TeV
  Process: hFritiofCaptureAtRest
-----------------------------------------------------------------------
                           Hadronic Processes for anti_neutron
  Process: hadElastic
        Model:              hElasticLHEP: 0 eV  ---> 100.1 MeV
        Model:              AntiAElastic: 100 MeV ---> 100 TeV
     Cr_sctns:              AntiAGlauber: 0 eV  ---> 25.6 PeV
  Process: anti_neutronInelastic
        Model:                      FTFP: 0 eV  ---> 100 TeV
     Cr_sctns:              AntiAGlauber: 0 eV  ---> 25.6 PeV
  Process: hFritiofCaptureAtRest
-----------------------------------------------------------------------
                           Hadronic Processes for anti_proton
  Process: hadElastic
        Model:              hElasticLHEP: 0 eV  ---> 100.1 MeV
        Model:              AntiAElastic: 100 MeV ---> 100 TeV
     Cr_sctns:              AntiAGlauber: 0 eV  ---> 25.6 PeV
  Process: anti_protonInelastic
        Model:                      FTFP: 0 eV  ---> 100 TeV
     Cr_sctns:              AntiAGlauber: 0 eV  ---> 25.6 PeV
  Process: hFritiofCaptureAtRest
-----------------------------------------------------------------------
                           Hadronic Processes for anti_triton
  Process: hadElastic
        Model:              hElasticLHEP: 0 eV /n ---> 100.1 MeV/n
        Model:              AntiAElastic: 100 MeV/n ---> 100 TeV/n
     Cr_sctns:              AntiAGlauber: 0 eV  ---> 25.6 PeV
  Process: anti_tritonInelastic
        Model:                      FTFP: 0 eV /n ---> 100 TeV/n
     Cr_sctns:              AntiAGlauber: 0 eV  ---> 25.6 PeV
  Process: hFritiofCaptureAtRest
-----------------------------------------------------------------------
                           Hadronic Processes for deuteron
  Process: hadElastic
        Model:              hElasticLHEP: 0 eV /n ---> 100 TeV/n
     Cr_sctns:  Glauber-Gribov Nucl-nucl: 0 eV  ---> 25.6 PeV
  Process: dInelastic
        Model:  Binary Light Ion Cascade: 0 eV /n ---> 6 GeV/n
        Model:                      FTFP: 3 GeV/n ---> 100 TeV/n
     Cr_sctns:  Glauber-Gribov Nucl-nucl: 0 eV  ---> 25.6 PeV
-----------------------------------------------------------------------
                           Hadronic Processes for e+
  Process: positronNuclear
        Model:   G4ElectroVDNuclearModel: 0 eV  ---> 1 PeV
     Cr_sctns:          ElectroNuclearXS: 0 eV  ---> 100 TeV
-----------------------------------------------------------------------
                           Hadronic Processes for e-
  Process: electronNuclear
        Model:   G4ElectroVDNuclearModel: 0 eV  ---> 1 PeV
     Cr_sctns:          ElectroNuclearXS: 0 eV  ---> 100 TeV
-----------------------------------------------------------------------
                           Hadronic Processes for gamma
  Process: photonNuclear
        Model:               GammaNPreco: 0 eV  ---> 200 MeV
        Model:            BertiniCascade: 199 MeV ---> 6 GeV
        Model:           TheoFSGenerator: 3 GeV ---> 100 TeV
     Cr_sctns:            GammaNuclearXS: 0 eV  ---> 100 TeV
-----------------------------------------------------------------------
                           Hadronic Processes for kaon+
  Process: hadElastic
        Model:              hElasticLHEP: 0 eV  ---> 100 TeV
     Cr_sctns:            Glauber-Gribov: 0 eV  ---> 100 TeV
  Process: kaon+Inelastic
        Model:                      QGSP: 12 GeV ---> 100 TeV
        Model:                      FTFP: 3 GeV ---> 25 GeV
        Model:            BertiniCascade: 0 eV  ---> 6 GeV
     Cr_sctns:            Glauber-Gribov: 0 eV  ---> 100 TeV
-----------------------------------------------------------------------
                           Hadronic Processes for kaon-
  Process: hadElastic
        Model:              hElasticLHEP: 0 eV  ---> 100 TeV
     Cr_sctns:            Glauber-Gribov: 0 eV  ---> 100 TeV
  Process: kaon-Inelastic
        Model:                      QGSP: 12 GeV ---> 100 TeV
        Model:                      FTFP: 3 GeV ---> 25 GeV
        Model:            BertiniCascade: 0 eV  ---> 6 GeV
     Cr_sctns:            Glauber-Gribov: 0 eV  ---> 100 TeV
  Process: hBertiniCaptureAtRest
-----------------------------------------------------------------------
                           Hadronic Processes for lambda
  Process: hadElastic
        Model:              hElasticLHEP: 0 eV  ---> 100 TeV
     Cr_sctns:            Glauber-Gribov: 0 eV  ---> 100 TeV
  Process: lambdaInelastic
        Model:                      QGSP: 12 GeV ---> 100 TeV
        Model:                      FTFP: 3 GeV ---> 25 GeV
        Model:            BertiniCascade: 0 eV  ---> 6 GeV
     Cr_sctns:            Glauber-Gribov: 0 eV  ---> 100 TeV
-----------------------------------------------------------------------
                           Hadronic Processes for mu+
  Process: muonNuclear
        Model:      G4MuonVDNuclearModel: 0 eV  ---> 1 PeV
     Cr_sctns:     KokoulinMuonNuclearXS: 0 eV  ---> 100 TeV
-----------------------------------------------------------------------
                           Hadronic Processes for mu-
  Process: muonNuclear
        Model:      G4MuonVDNuclearModel: 0 eV  ---> 1 PeV
     Cr_sctns:     KokoulinMuonNuclearXS: 0 eV  ---> 100 TeV
  Process: muMinusCaptureAtRest
-----------------------------------------------------------------------
                           Hadronic Processes for pi+
  Process: hadElastic
        Model:           hElasticGlauber: 0 eV  ---> 100 TeV
     Cr_sctns:  BarashenkovGlauberGribov: 0 eV  ---> 100 TeV
  Process: pi+Inelastic
        Model:                      QGSP: 12 GeV ---> 100 TeV
        Model:                      FTFP: 3 GeV ---> 25 GeV
        Model:            BertiniCascade: 0 eV  ---> 6 GeV
     Cr_sctns:  BarashenkovGlauberGribov: 0 eV  ---> 100 TeV
-----------------------------------------------------------------------
                           Hadronic Processes for pi-
  Process: hadElastic
        Model:           hElasticGlauber: 0 eV  ---> 100 TeV
     Cr_sctns:  BarashenkovGlauberGribov: 0 eV  ---> 100 TeV
  Process: pi-Inelastic
        Model:                      QGSP: 12 GeV ---> 100 TeV
        Model:                      FTFP: 3 GeV ---> 25 GeV
        Model:            BertiniCascade: 0 eV  ---> 6 GeV
     Cr_sctns:  BarashenkovGlauberGribov: 0 eV  ---> 100 TeV
  Process: hBertiniCaptureAtRest
-----------------------------------------------------------------------
                           Hadronic Processes for proton
  Process: hadElastic
        Model:             hElasticCHIPS: 0 eV  ---> 100 TeV
     Cr_sctns:  BarashenkovGlauberGribov: 0 eV  ---> 100 TeV
  Process: protonInelastic
        Model:                      QGSP: 12 GeV ---> 100 TeV
        Model:                      FTFP: 3 GeV ---> 25 GeV
        Model:            Binary Cascade: 0 eV  ---> 6 GeV
     Cr_sctns:  BarashenkovGlauberGribov: 0 eV  ---> 100 TeV
-----------------------------------------------------------------------
                           Hadronic Processes for sigma-
  Process: hadElastic
        Model:              hElasticLHEP: 0 eV  ---> 100 TeV
     Cr_sctns:            Glauber-Gribov: 0 eV  ---> 100 TeV
  Process: sigma-Inelastic
        Model:                      QGSP: 12 GeV ---> 100 TeV
        Model:                      FTFP: 3 GeV ---> 25 GeV
        Model:            BertiniCascade: 0 eV  ---> 6 GeV
     Cr_sctns:            Glauber-Gribov: 0 eV  ---> 100 TeV
  Process: hBertiniCaptureAtRest
-----------------------------------------------------------------------
                           Hadronic Processes for triton
  Process: hadElastic
        Model:              hElasticLHEP: 0 eV /n ---> 100 TeV/n
     Cr_sctns:  Glauber-Gribov Nucl-nucl: 0 eV  ---> 25.6 PeV
  Process: tInelastic
        Model:  Binary Light Ion Cascade: 0 eV /n ---> 6 GeV/n
        Model:                      FTFP: 3 GeV/n ---> 100 TeV/n
     Cr_sctns:  Glauber-Gribov Nucl-nucl: 0 eV  ---> 25.6 PeV
=======================================================================
======       Geant4 Native Pre-compound Model Parameters       ========
=======================================================================
Type of pre-compound inverse x-section              3
Pre-compound model active                           1
Pre-compound excitation low energy                  100 keV
Pre-compound excitation high energy                 30 MeV
Angular generator for pre-compound model            1
Use NeverGoBack option for pre-compound model       0
Use SoftCutOff option for pre-compound model        0
Use CEM transitions for pre-compound model          1
Use GNASH transitions for pre-compound model        0
Use HETC submodel for pre-compound model            0
=======================================================================
======       Nuclear De-excitation Module Parameters           ========
=======================================================================
Type of de-excitation inverse x-section             3
Type of de-excitation factory                       Evaporation+GEM
Number of de-excitation channels                    68
Min excitation energy                               10 eV 
Min energy per nucleon for multifragmentation       200 GeV
Limit excitation energy for Fermi BreakUp           20 MeV
Level density (1/MeV)                               0.075
Use simple level density model                      1
Use discrete excitation energy of the residual      1
Time limit for long lived isomeres                  1 ns 
Isomer production flag                              1
Internal e- conversion flag                         1
Store e- internal conversion data                   0
Correlated gamma emission flag                      0
Max 2J for sampling of angular correlations         10
=======================================================================

=========================================================================
--> G4TaskRunManager::CreateAndStartWorkers() --> Initializing workers...
=========================================================================

SIPM_CONFIG cells=3600 cells_x=60 cells_y=60 active_mm=3x3 recovery_ns=30 dcr_hz=500000 dark_enabled=1 crosstalk=0.03 afterpulse_fast=0.01 window_start_ns=-20 window_end_ns=250 sample_dt_ns=0.5 adc_bits=12 adc_lsb_pe=0.01 baseline_adc=200 overvoltage_V=3 temperature_C=25 trigger_recovery_model=EXPONENTIAL gain_recovery_model=EXPONENTIAL_H1_SHARED
SIPM_CONFIG cells=3600 cells_x=60 cells_y=60 active_mm=3x3 recovery_ns=30 dcr_hz=500000 dark_enabled=1 crosstalk=0.03 afterpulse_fast=0.01 window_start_ns=-20 window_end_ns=250 sample_dt_ns=0.5 adc_bits=12 adc_lsb_pe=0.01 baseline_adc=200 overvoltage_V=3 temperature_C=25 trigger_recovery_model=EXPONENTIAL gain_recovery_model=EXPONENTIAL_H1_SHARED
SIPM_CONFIG cells=3600 cells_x=60 cells_y=60 active_mm=3x3 recovery_ns=30 dcr_hz=500000 dark_enabled=1 crosstalk=0.03 afterpulse_fast=0.01 window_start_ns=-20 window_end_ns=250 sample_dt_ns=0.5 adc_bits=12 adc_lsb_pe=0.01 baseline_adc=200 overvoltage_V=3 temperature_C=25 trigger_recovery_model=EXPONENTIAL gain_recovery_model=EXPONENTIAL_H1_SHARED
SIPM_CONFIG cells=3600 cells_x=60 cells_y=60 active_mm=3x3 recovery_ns=30 dcr_hz=500000 dark_enabled=1 crosstalk=0.03 afterpulse_fast=0.01 window_start_ns=-20 window_end_ns=250 sample_dt_ns=0.5 adc_bits=12 adc_lsb_pe=0.01 baseline_adc=200 overvoltage_V=3 temperature_C=25 trigger_recovery_model=EXPONENTIAL gain_recovery_model=EXPONENTIAL_H1_SHARED
SIPM_CONFIG cells=3600 cells_x=60 cells_y=60 active_mm=3x3 recovery_ns=30 dcr_hz=500000 dark_enabled=1 crosstalk=0.03 afterpulse_fast=0.01 window_start_ns=-20 window_end_ns=250 sample_dt_ns=0.5 adc_bits=12 adc_lsb_pe=0.01 baseline_adc=200 overvoltage_V=3 temperature_C=25 trigger_recovery_model=EXPONENTIAL gain_recovery_model=EXPONENTIAL_H1_SHARED
SIPM_CONFIG cells=3600 cells_x=60 cells_y=60 active_mm=3x3 recovery_ns=30 dcr_hz=500000 dark_enabled=1 crosstalk=0.03 afterpulse_fast=0.01 window_start_ns=-20 window_end_ns=250 sample_dt_ns=0.5 adc_bits=12 adc_lsb_pe=0.01 baseline_adc=200 overvoltage_V=3 temperature_C=25 trigger_recovery_model=EXPONENTIAL gain_recovery_model=EXPONENTIAL_H1_SHARED
SIPM_CONFIG cells=3600 cells_x=60 cells_y=60 active_mm=3x3 recovery_ns=30 dcr_hz=500000 dark_enabled=1 crosstalk=0.03 afterpulse_fast=0.01 window_start_ns=-20 window_end_ns=250 sample_dt_ns=0.5 adc_bits=12 adc_lsb_pe=0.01 baseline_adc=200 overvoltage_V=3 temperature_C=25 trigger_recovery_model=EXPONENTIAL gain_recovery_model=EXPONENTIAL_H1_SHARED
SIPM_CONFIG cells=3600 cells_x=60 cells_y=60 active_mm=3x3 recovery_ns=30 dcr_hz=500000 dark_enabled=1 crosstalk=0.03 afterpulse_fast=0.01 window_start_ns=-20 window_end_ns=250 sample_dt_ns=0.5 adc_bits=12 adc_lsb_pe=0.01 baseline_adc=200 overvoltage_V=3 temperature_C=25 trigger_recovery_model=EXPONENTIAL gain_recovery_model=EXPONENTIAL_H1_SHARED
SIPM_CONFIG cells=3600 cells_x=60 cells_y=60 active_mm=3x3 recovery_ns=30 dcr_hz=500000 dark_enabled=1 crosstalk=0.03 afterpulse_fast=0.01 window_start_ns=-20 window_end_ns=250 sample_dt_ns=0.5 adc_bits=12 adc_lsb_pe=0.01 baseline_adc=200 overvoltage_V=3 temperature_C=25 trigger_recovery_model=EXPONENTIAL gain_recovery_model=EXPONENTIAL_H1_SHARED
SIPM_CONFIG cells=3600 cells_x=60 cells_y=60 active_mm=3x3 recovery_ns=30 dcr_hz=500000 dark_enabled=1 crosstalk=0.03 afterpulse_fast=0.01 window_start_ns=-20 window_end_ns=250 sample_dt_ns=0.5 adc_bits=12 adc_lsb_pe=0.01 baseline_adc=200 overvoltage_V=3 temperature_C=25 trigger_recovery_model=EXPONENTIAL gain_recovery_model=EXPONENTIAL_H1_SHARED
SIPM_CONFIG cells=3600 cells_x=60 cells_y=60 active_mm=3x3 recovery_ns=30 dcr_hz=500000 dark_enabled=1 crosstalk=0.03 afterpulse_fast=0.01 window_start_ns=-20 window_end_ns=250 sample_dt_ns=0.5 adc_bits=12 adc_lsb_pe=0.01 baseline_adc=200 overvoltage_V=3 temperature_C=25 trigger_recovery_model=EXPONENTIAL gain_recovery_model=EXPONENTIAL_H1_SHARED
SIPM_CONFIG cells=3600 cells_x=60 cells_y=60 active_mm=3x3 recovery_ns=30 dcr_hz=500000 dark_enabled=1 crosstalk=0.03 afterpulse_fast=0.01 window_start_ns=-20 window_end_ns=250 sample_dt_ns=0.5 adc_bits=12 adc_lsb_pe=0.01 baseline_adc=200 overvoltage_V=3 temperature_C=25 trigger_recovery_model=EXPONENTIAL gain_recovery_model=EXPONENTIAL_H1_SHARED
SIPM_CONFIG cells=3600 cells_x=60 cells_y=60 active_mm=3x3 recovery_ns=30 dcr_hz=500000 dark_enabled=1 crosstalk=0.03 afterpulse_fast=0.01 window_start_ns=-20 window_end_ns=250 sample_dt_ns=0.5 adc_bits=12 adc_lsb_pe=0.01 baseline_adc=200 overvoltage_V=3 temperature_C=25 trigger_recovery_model=EXPONENTIAL gain_recovery_model=EXPONENTIAL_H1_SHARED
SIPM_CONFIG cells=3600 cells_x=60 cells_y=60 active_mm=3x3 recovery_ns=30 dcr_hz=500000 dark_enabled=1 crosstalk=0.03 afterpulse_fast=0.01 window_start_ns=-20 window_end_ns=250 sample_dt_ns=0.5 adc_bits=12 adc_lsb_pe=0.01 baseline_adc=200 overvoltage_V=3 temperature_C=25 trigger_recovery_model=EXPONENTIAL gain_recovery_model=EXPONENTIAL_H1_SHARED
SIPM_CONFIG cells=3600 cells_x=60 cells_y=60 active_mm=3x3 recovery_ns=30 dcr_hz=500000 dark_enabled=1 crosstalk=0.03 afterpulse_fast=0.01 window_start_ns=-20 window_end_ns=250 sample_dt_ns=0.5 adc_bits=12 adc_lsb_pe=0.01 baseline_adc=200 overvoltage_V=3 temperature_C=25 trigger_recovery_model=EXPONENTIAL gain_recovery_model=EXPONENTIAL_H1_SHARED
SIPM_CONFIG cells=3600 cells_x=60 cells_y=60 active_mm=3x3 recovery_ns=30 dcr_hz=500000 dark_enabled=1 crosstalk=0.03 afterpulse_fast=0.01 window_start_ns=-20 window_end_ns=250 sample_dt_ns=0.5 adc_bits=12 adc_lsb_pe=0.01 baseline_adc=200 overvoltage_V=3 temperature_C=25 trigger_recovery_model=EXPONENTIAL gain_recovery_model=EXPONENTIAL_H1_SHARED
CCB_NEUTRON_TIMECUT policy_id=pin_qgsp_bic_default_10us time_cut_us=10 status=PINNED_REFERENCE_DEFAULT
RUN_CONFIG particle=mu- KE_MeV=100 nevents=2000 threads_requested=16 threads_effective=16 g4_force_threads=unset seed=1624 hit_x_cm=0 hit_y_cm=0 theta_deg=0 phi_deg=0 allow_miss=0 beam_profile_id=AREA_UNIFORM_CONE_SPREAD sample_position=1 hit_x_min_cm=-22 hit_x_max_cm=22 hit_y_min_cm=-2.2 hit_y_max_cm=2.2 sample_angle=1 theta_spread_deg=10 write_photon_ntuple=0 optical_max_time_ns=1000 optical_max_steps=200000 birks_kB=0.126 quenching_model_id=birks_geant4 quenching_model_status=HYPOTHESIS quenching_claims_authorized=false production_cut_mm=0.1 physics_list=QGSP_BIC neutron_timecut_policy_id=pin_qgsp_bic_default_10us neutron_time_cut_us=10 neutron_tracking_time_cut_configured=1 neutron_diagnostics=0 reflectivity_scale=1 attenuation_scale(deprecated)=1 scintillator_absorption_scale=1 y11_bulk_attenuation_scale=1 pde_scale=1 collection_efficiency=1 optical_interface_model=UNKNOWN_EXTERNAL far_end=instrumented wls_time_profile=exponential wls_fluorescence_model=geant4_default_one_secondary wls_fluorescence_yield=0.7 mode=optical optical_dir=/projects/hep/fs10/shared/nnbar/billy/ccb-wt-1623/geant4/single_stave/build/optical strict_optical=1 output=/projects/hep/fs10/shared/nnbar/billy/ccb1623_campaign/stave_muminus_100MeV_A_s1624.root gpu_optical=0 optical_out= dump_gdml= geometry_hash=e323b92195f9a6288944f0738dbadccf9386422f076362ca172fd0b6d119d1e1

==========================================================================================
--> G4TaskRunManager::CreateAndStartWorkers() --> Creating 45 tasks with 44 events/task...
==========================================================================================

SIPM_ARRIVALS event=572 total=666
SIPM_ADC event=572 readout=3895 f1far=2270 f2near=1721 f2far=2602
SIPM_ARRIVALS event=616 total=634
SIPM_ADC event=616 readout=2497 f1far=1887 f2near=3605 f2far=2984
SIPM_ARRIVALS event=352 total=697
SIPM_ADC event=352 readout=1669 f1far=2981 f2near=1923 f2far=3869
SIPM_ARRIVALS event=132 total=651
SIPM_ADC event=132 readout=3332 f1far=2492 f2near=2721 f2far=1794
SIPM_ARRIVALS event=176 total=630
SIPM_ADC event=176 readout=2165 f1far=2837 f2near=1863 f2far=2019
SIPM_ARRIVALS event=44 total=723
SIPM_ADC event=44 readout=2083 f1far=3895 f2near=2267 f2far=2331
SIPM_ARRIVALS event=220 total=679
SIPM_ADC event=220 readout=3276 f1far=2839 f2near=2444 f2far=1732
SIPM_ARRIVALS event=660 total=671
SIPM_ADC event=660 readout=2372 f1far=2195 f2near=2249 f2far=2976
SIPM_ARRIVALS event=0 total=707
SIPM_ADC event=0 readout=2296 f1far=2594 f2near=1975 f2far=3450
SIPM_ARRIVALS event=396 total=683
SIPM_ADC event=396 readout=2247 f1far=2304 f2near=3449 f2far=2896
SIPM_ARRIVALS event=484 total=745
SIPM_ADC event=484 readout=3895 f1far=1917 f2near=3093 f2far=2554
SIPM_ARRIVALS event=308 total=852
SIPM_ADC event=308 readout=2614 f1far=3895 f2near=2023 f2far=3895
SIPM_ARRIVALS event=528 total=988
SIPM_ADC event=528 readout=3895 f1far=3400 f2near=3895 f2far=2864
SIPM_ARRIVALS event=264 total=889
SIPM_ADC event=264 readout=1862 f1far=3895 f2near=3081 f2far=3826
SIPM_ARRIVALS event=440 total=1113
SIPM_ADC event=440 readout=3895 f1far=3895 f2near=3895 f2far=3895
SIPM_ARRIVALS event=573 total=660
SIPM_ADC event=573 readout=3372 f1far=2246 f2near=3209 f2far=1448
SIPM_ARRIVALS event=353 total=624
SIPM_ADC event=353 readout=1568 f1far=2840 f2near=2235 f2far=3456
SIPM_ARRIVALS event=1 total=624
SIPM_ARRIVALS event=88 total=1237
SIPM_ADC event=1 readout=2058 f1far=2078 f2near=2765 f2far=2666
SIPM_ADC event=88 readout=3895 f1far=3895 f2near=3895 f2far=3895
SIPM_ARRIVALS event=133 total=666
SIPM_ADC event=133 readout=3350 f1far=2725 f2near=1986 f2far=1684
SIPM_ARRIVALS event=661 total=706
SIPM_ADC event=661 readout=2825 f1far=3726 f2near=1485 f2far=3351
SIPM_ARRIVALS event=221 total=681
SIPM_ADC event=221 readout=2705 f1far=3718 f2near=1820 f2far=2715
SIPM_ARRIVALS event=45 total=730
SIPM_ADC event=45 readout=2185 f1far=3249 f2near=2031 f2far=3511
SIPM_ARRIVALS event=177 total=652
SIPM_ADC event=177 readout=1989 f1far=1440 f2near=2530 f2far=3412
SIPM_ARRIVALS event=397 total=733
SIPM_ADC event=397 readout=1908 f1far=3895 f2near=2379 f2far=3895
SIPM_ARRIVALS event=617 total=818
SIPM_ADC event=617 readout=2467 f1far=3866 f2near=2754 f2far=3580
SIPM_ARRIVALS event=485 total=888
SIPM_ADC event=485 readout=2376 f1far=3895 f2near=3423 f2far=3895
SIPM_ARRIVALS event=265 total=741
SIPM_ADC event=265 readout=3895 f1far=2284 f2near=2985 f2far=1959
SIPM_ARRIVALS event=309 total=778
SIPM_ADC event=309 readout=3371 f1far=3387 f2near=3359 f2far=1892
SIPM_ARRIVALS event=529 total=794
SIPM_ADC event=529 readout=2540 f1far=3895 f2near=2006 f2far=3256
SIPM_ARRIVALS event=441 total=696
SIPM_ADC event=441 readout=1958 f1far=2129 f2near=3028 f2far=2579
SIPM_ARRIVALS event=574 total=669
SIPM_ADC event=574 readout=2472 f1far=1792 f2near=3606 f2far=2901
SIPM_ARRIVALS event=2 total=597
SIPM_ADC event=2 readout=2329 f1far=2086 f2near=2969 f2far=1745
SIPM_ARRIVALS event=662 total=593
SIPM_ADC event=662 readout=2259 f1far=2651 f2near=1687 f2far=1483
SIPM_ARRIVALS event=354 total=754
SIPM_ADC event=354 readout=2343 f1far=2387 f2near=3663 f2far=2845
SIPM_ARRIVALS event=46 total=754
SIPM_ADC event=46 readout=2564 f1far=1564 f2near=3895 f2far=2520
SIPM_ARRIVALS event=618 total=649
SIPM_ADC event=618 readout=2939 f1far=1239 f2near=3895 f2far=2195
SIPM_ARRIVALS event=134 total=654
SIPM_ADC event=134 readout=1632 f1far=2094 f2near=2910 f2far=3512
SIPM_ARRIVALS event=222 total=761
SIPM_ADC event=222 readout=1921 f1far=3895 f2near=2047 f2far=3326
SIPM_ARRIVALS event=398 total=681
SIPM_ADC event=398 readout=1976 f1far=3647 f2near=1877 f2far=2877
SIPM_ARRIVALS event=178 total=806
SIPM_ADC event=178 readout=3895 f1far=2844 f2near=2984 f2far=2304
SIPM_ARRIVALS event=89 total=877
SIPM_ADC event=89 readout=3639 f1far=3895 f2near=3730 f2far=3330
SIPM_ARRIVALS event=266 total=713
SIPM_ADC event=266 readout=2841 f1far=3051 f2near=2930 f2far=1388
SIPM_ARRIVALS event=310 total=665
SIPM_ADC event=310 readout=1539 f1far=2712 f2near=3276 f2far=2997
SIPM_ARRIVALS event=486 total=855
SIPM_ADC event=486 readout=3895 f1far=3306 f2near=3034 f2far=2573
SIPM_ARRIVALS event=530 total=745
SIPM_ADC event=530 readout=3699 f1far=3622 f2near=3349 f2far=1973
SIPM_ARRIVALS event=442 total=686
SIPM_ADC event=442 readout=3885 f1far=1932 f2near=3037 f2far=2289
SIPM_ARRIVALS event=3 total=720
SIPM_ADC event=3 readout=3895 f1far=2176 f2near=3457 f2far=1650
SIPM_ARRIVALS event=619 total=657
SIPM_ADC event=619 readout=1693 f1far=2772 f2near=1605 f2far=3512
SIPM_ARRIVALS event=355 total=699
SIPM_ADC event=355 readout=3133 f1far=2582 f2near=2893 f2far=1276
SIPM_ARRIVALS event=663 total=986
SIPM_ADC event=663 readout=2343 f1far=3592 f2near=3266 f2far=3895
SIPM_ARRIVALS event=575 total=994
SIPM_ADC event=575 readout=3895 f1far=3328 f2near=3354 f2far=2622
SIPM_ARRIVALS event=223 total=815
SIPM_ADC event=223 readout=2565 f1far=3895 f2near=1913 f2far=3318
SIPM_ARRIVALS event=47 total=783
SIPM_ADC event=47 readout=2673 f1far=3895 f2near=2092 f2far=3512
SIPM_ARRIVALS event=135 total=725
SIPM_ADC event=135 readout=3552 f1far=3011 f2near=3064 f2far=2499
SIPM_ARRIVALS event=267 total=627
SIPM_ADC event=267 readout=3135 f1far=2871 f2near=2038 f2far=2977
SIPM_ARRIVALS event=179 total=652
SIPM_ADC event=179 readout=2133 f1far=3297 f2near=2769 f2far=2002
SIPM_ARRIVALS event=399 total=821
SIPM_ADC event=399 readout=3895 f1far=2192 f2near=3843 f2far=3836
SIPM_ARRIVALS event=90 total=759
SIPM_ADC event=90 readout=2399 f1far=2836 f2near=2889 f2far=3712
SIPM_ARRIVALS event=311 total=708
SIPM_ADC event=311 readout=2762 f1far=3895 f2near=2616 f2far=2748
SIPM_ARRIVALS event=487 total=600
SIPM_ADC event=487 readout=1748 f1far=2733 f2near=1863 f2far=3420
SIPM_ARRIVALS event=531 total=636
SIPM_ADC event=531 readout=3191 f1far=2083 f2near=2814 f2far=2109
SIPM_ARRIVALS event=443 total=669
SIPM_ADC event=443 readout=3895 f1far=2403 f2near=2602 f2far=1671
SIPM_ARRIVALS event=4 total=664
SIPM_ADC event=4 readout=2149 f1far=3498 f2near=1518 f2far=2439
SIPM_ARRIVALS event=356 total=710
SIPM_ADC event=356 readout=2691 f1far=2832 f2near=2150 f2far=3895
SIPM_ARRIVALS event=620 total=769
SIPM_ADC event=620 readout=3789 f1far=2942 f2near=2751 f2far=1972
SIPM_ARRIVALS event=136 total=614
SIPM_ADC event=136 readout=2267 f1far=3097 f2near=2059 f2far=1886
SIPM_ARRIVALS event=576 total=693
SIPM_ADC event=576 readout=2381 f1far=2007 f2near=3348 f2far=2785
SIPM_ARRIVALS event=664 total=716
SIPM_ADC event=664 readout=2643 f1far=2156 f2near=2422 f2far=2771
SIPM_ARRIVALS event=224 total=772
SIPM_ADC event=224 readout=2619 f1far=2979 f2near=3276 f2far=3033
SIPM_ARRIVALS event=400 total=637
SIPM_ADC event=400 readout=2371 f1far=2355 f2near=2178 f2far=3895
SIPM_ARRIVALS event=48 total=748
SIPM_ADC event=48 readout=2310 f1far=1988 f2near=2758 f2far=2199
SIPM_ARRIVALS event=180 total=742
SIPM_ADC event=180 readout=3356 f1far=2827 f2near=3192 f2far=2299
SIPM_ARRIVALS event=268 total=789
SIPM_ADC event=268 readout=2996 f1far=2347 f2near=3895 f2far=3674
SIPM_ARRIVALS event=532 total=707
SIPM_ADC event=532 readout=2972 f1far=3401 f2near=1702 f2far=2397
SIPM_ARRIVALS event=91 total=809
SIPM_ADC event=91 readout=3141 f1far=3895 f2near=2702 f2far=3341
SIPM_ARRIVALS event=444 total=673
SIPM_ADC event=444 readout=3793 f1far=2726 f2near=2048 f2far=1416
SIPM_ARRIVALS event=488 total=737
SIPM_ADC event=488 readout=2573 f1far=2693 f2near=1648 f2far=2544
SIPM_ARRIVALS event=312 total=879
SIPM_ADC event=312 readout=3256 f1far=2433 f2near=3594 f2far=2094
SIPM_ARRIVALS event=5 total=859
SIPM_ADC event=5 readout=3596 f1far=2198 f2near=3895 f2far=2252
SIPM_ARRIVALS event=357 total=685
SIPM_ADC event=357 readout=2164 f1far=2426 f2near=2100 f2far=3895
SIPM_ARRIVALS event=577 total=624
SIPM_ADC event=577 readout=2071 f1far=2303 f2near=2793 f2far=2755
SIPM_ARRIVALS event=621 total=762
SIPM_ADC event=621 readout=2781 f1far=2173 f2near=3074 f2far=2545
SIPM_ARRIVALS event=665 total=777
SIPM_ADC event=665 readout=2278 f1far=1754 f2near=2769 f2far=3696
SIPM_ARRIVALS event=137 total=839
SIPM_ADC event=137 readout=3011 f1far=3098 f2near=3158 f2far=3010
SIPM_ARRIVALS event=225 total=766
SIPM_ADC event=225 readout=2624 f1far=1465 f2near=3560 f2far=3093
SIPM_ARRIVALS event=269 total=817
SIPM_ADC event=269 readout=3895 f1far=2870 f2near=3895 f2far=1707
SIPM_ARRIVALS event=445 total=627
SIPM_ADC event=445 readout=2034 f1far=3895 f2near=1675 f2far=3003
SIPM_ARRIVALS event=401 total=730
SIPM_ADC event=401 readout=1579 f1far=3377 f2near=2487 f2far=3146
SIPM_ARRIVALS event=181 total=725
SIPM_ADC event=181 readout=3275 f1far=1473 f2near=3895 f2far=2659
SIPM_ARRIVALS event=49 total=753
SIPM_ADC event=49 readout=3039 f1far=3543 f2near=2712 f2far=2486
SIPM_ARRIVALS event=92 total=652
SIPM_ADC event=92 readout=1970 f1far=1840 f2near=2881 f2far=2543
SIPM_ARRIVALS event=489 total=826
SIPM_ADC event=489 readout=2361 f1far=2222 f2near=3706 f2far=2807
SIPM_ARRIVALS event=533 total=887
SIPM_ADC event=533 readout=3895 f1far=3895 f2near=2133 f2far=2984
SIPM_ARRIVALS event=313 total=654
SIPM_ADC event=313 readout=2036 f1far=2688 f2near=2151 f2far=3022
SIPM_ARRIVALS event=6 total=662
SIPM_ADC event=6 readout=2727 f1far=3143 f2near=2912 f2far=2415
SIPM_ARRIVALS event=358 total=664
SIPM_ADC event=358 readout=2380 f1far=1919 f2near=3683 f2far=2213
SIPM_ARRIVALS event=578 total=758
SIPM_ADC event=578 readout=2194 f1far=1824 f2near=3895 f2far=2731
SIPM_ARRIVALS event=622 total=664
SIPM_ADC event=622 readout=2977 f1far=2784 f2near=1977 f2far=2160
SIPM_ARRIVALS event=270 total=593
SIPM_ADC event=270 readout=1762 f1far=1415 f2near=3167 f2far=2939
SIPM_ARRIVALS event=182 total=620
SIPM_ADC event=182 readout=1844 f1far=3474 f2near=1483 f2far=3099
SIPM_ARRIVALS event=666 total=730
SIPM_ADC event=666 readout=3213 f1far=1999 f2near=2841 f2far=2631
SIPM_ARRIVALS event=138 total=663
SIPM_ADC event=138 readout=2640 f1far=2496 f2near=1668 f2far=3203
SIPM_ARRIVALS event=50 total=650
SIPM_ADC event=50 readout=2248 f1far=2676 f2near=2323 f2far=3173
SIPM_ARRIVALS event=446 total=781
SIPM_ADC event=446 readout=3735 f1far=3279 f2near=2518 f2far=2505
SIPM_ARRIVALS event=93 total=765
SIPM_ADC event=93 readout=3579 f1far=2726 f2near=3557 f2far=2598
SIPM_ARRIVALS event=490 total=620
SIPM_ADC event=490 readout=1839 f1far=2899 f2near=2053 f2far=3780
SIPM_ARRIVALS event=402 total=791
SIPM_ADC event=402 readout=3666 f1far=2508 f2near=2944 f2far=2327
SIPM_ARRIVALS event=226 total=860
SIPM_ADC event=226 readout=2756 f1far=2411 f2near=3232 f2far=3245
SIPM_ARRIVALS event=314 total=799
SIPM_ADC event=314 readout=3895 f1far=2693 f2near=3895 f2far=1983
SIPM_ARRIVALS event=534 total=807
SIPM_ADC event=534 readout=3895 f1far=3362 f2near=2714 f2far=2720
SIPM_ARRIVALS event=7 total=683
SIPM_ADC event=7 readout=3444 f1far=3029 f2near=2426 f2far=2557
SIPM_ARRIVALS event=579 total=791
SIPM_ADC event=579 readout=2918 f1far=3895 f2near=2395 f2far=3514
SIPM_ARRIVALS event=623 total=649
SIPM_ADC event=623 readout=2644 f1far=1886 f2near=2810 f2far=1992
SIPM_ARRIVALS event=183 total=655
SIPM_ADC event=183 readout=3869 f1far=2620 f2near=1988 f2far=2314
SIPM_ARRIVALS event=667 total=686
SIPM_ADC event=667 readout=3419 f1far=3060 f2near=2917 f2far=2921
SIPM_ARRIVALS event=271 total=794
SIPM_ADC event=271 readout=3895 f1far=3003 f2near=2689 f2far=1362
SIPM_ARRIVALS event=139 total=701
SIPM_ADC event=139 readout=1969 f1far=2799 f2near=2147 f2far=2777
SIPM_ARRIVALS event=51 total=686
SIPM_ADC event=51 readout=2207 f1far=2332 f2near=2941 f2far=2847
SIPM_ARRIVALS event=359 total=1003
SIPM_ADC event=359 readout=2281 f1far=3895 f2near=2864 f2far=3895
SIPM_ARRIVALS event=491 total=556
SIPM_ADC event=491 readout=1311 f1far=2111 f2near=2844 f2far=2243
SIPM_ARRIVALS event=315 total=619
SIPM_ADC event=315 readout=1689 f1far=2936 f2near=2660 f2far=1743
SIPM_ARRIVALS event=94 total=873
SIPM_ADC event=94 readout=2587 f1far=3895 f2near=2854 f2far=3728
SIPM_ARRIVALS event=447 total=866
SIPM_ADC event=447 readout=2268 f1far=3161 f2near=3064 f2far=3895
SIPM_ARRIVALS event=227 total=826
SIPM_ADC event=227 readout=2455 f1far=3895 f2near=2812 f2far=3136
SIPM_ARRIVALS event=8 total=768
SIPM_ADC event=8 readout=3895 f1far=2019 f2near=3895 f2far=3481
SIPM_ARRIVALS event=403 total=900
SIPM_ADC event=403 readout=3895 f1far=3795 f2near=3895 f2far=2738
SIPM_ARRIVALS event=580 total=664
SIPM_ADC event=580 readout=2768 f1far=2914 f2near=1939 f2far=1923
SIPM_ARRIVALS event=535 total=961
SIPM_ADC event=535 readout=3895 f1far=3578 f2near=3895 f2far=2829
SIPM_ARRIVALS event=624 total=645
SIPM_ADC event=624 readout=2798 f1far=2588 f2near=2207 f2far=1811
SIPM_ARRIVALS event=184 total=660
SIPM_ADC event=184 readout=3447 f1far=2467 f2near=2297 f2far=2054
SIPM_ARRIVALS event=668 total=761
SIPM_ADC event=668 readout=3725 f1far=2088 f2near=3895 f2far=1982
SIPM_ARRIVALS event=140 total=661
SIPM_ADC event=140 readout=2079 f1far=3895 f2near=1678 f2far=2926
SIPM_ARRIVALS event=272 total=865
SIPM_ADC event=272 readout=3895 f1far=3800 f2near=3009 f2far=2525
SIPM_ARRIVALS event=492 total=790
SIPM_ADC event=492 readout=2607 f1far=3895 f2near=2895 f2far=3895
SIPM_ARRIVALS event=360 total=752
SIPM_ADC event=360 readout=2182 f1far=2818 f2near=2100 f2far=3895
SIPM_ARRIVALS event=52 total=819
SIPM_ADC event=52 readout=2632 f1far=2128 f2near=3547 f2far=2873
SIPM_ARRIVALS event=9 total=630
SIPM_ADC event=9 readout=1188 f1far=2916 f2near=2216 f2far=2895
SIPM_ARRIVALS event=316 total=653
SIPM_ADC event=316 readout=2749 f1far=2648 f2near=2211 f2far=2104
SIPM_ARRIVALS event=404 total=651
SIPM_ADC event=404 readout=2050 f1far=3647 f2near=1707 f2far=3214
SIPM_ARRIVALS event=536 total=569
SIPM_ADC event=536 readout=2779 f1far=2293 f2near=2267 f2far=1858
SIPM_ARRIVALS event=581 total=685
SIPM_ADC event=581 readout=2676 f1far=2117 f2near=2421 f2far=3365
SIPM_ARRIVALS event=448 total=715
SIPM_ADC event=448 readout=2975 f1far=2391 f2near=2462 f2far=1964
SIPM_ARRIVALS event=625 total=696
SIPM_ADC event=625 readout=3315 f1far=2611 f2near=2811 f2far=2107
SIPM_ARRIVALS event=95 total=1005
SIPM_ADC event=95 readout=3895 f1far=2482 f2near=3895 f2far=3446
SIPM_ARRIVALS event=141 total=667
SIPM_ADC event=141 readout=2383 f1far=1817 f2near=3895 f2far=2511
SIPM_ARRIVALS event=228 total=1009
SIPM_ADC event=228 readout=3895 f1far=3872 f2near=3413 f2far=3035
SIPM_ARRIVALS event=185 total=699
SIPM_ADC event=185 readout=2534 f1far=2297 f2near=2748 f2far=2882
SIPM_ARRIVALS event=669 total=752
SIPM_ADC event=669 readout=3559 f1far=3183 f2near=2472 f2far=2185
SIPM_ARRIVALS event=493 total=711
SIPM_ADC event=493 readout=2416 f1far=2063 f2near=2730 f2far=3895
SIPM_ARRIVALS event=273 total=743
SIPM_ADC event=273 readout=3053 f1far=3895 f2near=2313 f2far=2658
SIPM_ARRIVALS event=317 total=618
SIPM_ADC event=317 readout=2249 f1far=3159 f2near=1718 f2far=3001
SIPM_ARRIVALS event=53 total=709
SIPM_ADC event=53 readout=2539 f1far=1812 f2near=3634 f2far=3046
SIPM_ARRIVALS event=361 total=672
SIPM_ADC event=361 readout=3067 f1far=2443 f2near=2621 f2far=1539
SIPM_ARRIVALS event=582 total=680
SIPM_ADC event=582 readout=3466 f1far=2489 f2near=2976 f2far=2001
SIPM_ARRIVALS event=537 total=736
SIPM_ADC event=537 readout=2015 f1far=3895 f2near=1786 f2far=3755
SIPM_ARRIVALS event=10 total=922
SIPM_ADC event=10 readout=2918 f1far=3895 f2near=2085 f2far=3533
SIPM_ARRIVALS event=449 total=750
SIPM_ADC event=449 readout=2242 f1far=3895 f2near=1923 f2far=3393
SIPM_ARRIVALS event=626 total=669
SIPM_ADC event=626 readout=1901 f1far=3272 f2near=2259 f2far=3895
SIPM_ARRIVALS event=405 total=852
SIPM_ADC event=405 readout=3343 f1far=2633 f2near=3895 f2far=3370
SIPM_ARRIVALS event=142 total=606
SIPM_ADC event=142 readout=2515 f1far=1617 f2near=2880 f2far=2550
SIPM_ARRIVALS event=96 total=724
SIPM_ADC event=96 readout=3538 f1far=1844 f2near=3391 f2far=2730
SIPM_ARRIVALS event=186 total=741
SIPM_ADC event=186 readout=1950 f1far=3296 f2near=2312 f2far=3895
SIPM_ARRIVALS event=274 total=703
SIPM_ADC event=274 readout=1652 f1far=2837 f2near=2967 f2far=3895
SIPM_ARRIVALS event=494 total=664
SIPM_ADC event=494 readout=3454 f1far=2854 f2near=3099 f2far=2027
SIPM_ARRIVALS event=670 total=897
SIPM_ADC event=670 readout=2264 f1far=3895 f2near=2144 f2far=3410
SIPM_ARRIVALS event=54 total=715
SIPM_ADC event=54 readout=2964 f1far=2623 f2near=2108 f2far=2366
SIPM_ARRIVALS event=11 total=679
SIPM_ADC event=11 readout=1777 f1far=2996 f2near=2571 f2far=3294
SIPM_ARRIVALS event=318 total=746
SIPM_ADC event=318 readout=3126 f1far=3895 f2near=2363 f2far=3121
SIPM_ARRIVALS event=538 total=661
SIPM_ADC event=538 readout=3524 f1far=1657 f2near=3745 f2far=2104
SIPM_ARRIVALS event=229 total=965
SIPM_ADC event=229 readout=2874 f1far=2243 f2near=3895 f2far=3895
SIPM_ARRIVALS event=583 total=740
SIPM_ADC event=583 readout=3895 f1far=2816 f2near=3671 f2far=2106
SIPM_ARRIVALS event=362 total=848
SIPM_ADC event=362 readout=3641 f1far=3815 f2near=2770 f2far=2917
SIPM_ARRIVALS event=627 total=595
SIPM_ADC event=627 readout=3182 f1far=2387 f2near=3342 f2far=838
SIPM_ARRIVALS event=97 total=722
SIPM_ADC event=97 readout=2441 f1far=3479 f2near=2568 f2far=3681
SIPM_ARRIVALS event=143 total=750
SIPM_ADC event=143 readout=1930 f1far=2477 f2near=2578 f2far=3895
SIPM_ARRIVALS event=406 total=812
SIPM_ADC event=406 readout=3685 f1far=3895 f2near=2232 f2far=3895
SIPM_ARRIVALS event=450 total=848
SIPM_ADC event=450 readout=3895 f1far=3455 f2near=3283 f2far=2953
SIPM_ARRIVALS event=495 total=656
SIPM_ADC event=495 readout=3095 f1far=3895 f2near=2125 f2far=2221
SIPM_ARRIVALS event=275 total=689
SIPM_ADC event=275 readout=2955 f1far=1992 f2near=3561 f2far=2404
SIPM_ARRIVALS event=671 total=674
SIPM_ADC event=671 readout=3244 f1far=2122 f2near=3012 f2far=1412
SIPM_ARRIVALS event=187 total=881
SIPM_ADC event=187 readout=3895 f1far=3004 f2near=3602 f2far=1840
SIPM_ARRIVALS event=539 total=671
SIPM_ADC event=539 readout=1687 f1far=2243 f2near=1895 f2far=3895
SIPM_ARRIVALS event=319 total=637
SIPM_ADC event=319 readout=1888 f1far=2924 f2near=1352 f2far=2477
SIPM_ARRIVALS event=584 total=696
SIPM_ADC event=584 readout=2137 f1far=2571 f2near=2718 f2far=2374
SIPM_ARRIVALS event=12 total=756
SIPM_ADC event=12 readout=1697 f1far=3857 f2near=1929 f2far=3014
SIPM_ARRIVALS event=55 total=823
SIPM_ADC event=55 readout=3299 f1far=3895 f2near=2110 f2far=3631
SIPM_ARRIVALS event=363 total=647
SIPM_ADC event=363 readout=1803 f1far=2055 f2near=2840 f2far=2540
SIPM_ARRIVALS event=98 total=685
SIPM_ADC event=98 readout=1517 f1far=2363 f2near=2619 f2far=3893
SIPM_ARRIVALS event=144 total=654
SIPM_ADC event=144 readout=2423 f1far=3508 f2near=2168 f2far=2220
SIPM_ARRIVALS event=496 total=711
SIPM_ADC event=496 readout=2816 f1far=1514 f2near=3643 f2far=2948
SIPM_ARRIVALS event=451 total=698
SIPM_ADC event=451 readout=3345 f1far=1431 f2near=3796 f2far=1670
SIPM_ARRIVALS event=628 total=990
SIPM_ADC event=628 readout=3895 f1far=3895 f2near=2787 f2far=3478
SIPM_ARRIVALS event=407 total=658
SIPM_ADC event=407 readout=1261 f1far=2225 f2near=2706 f2far=3036
SIPM_ARRIVALS event=230 total=1107
SIPM_ADC event=230 readout=3895 f1far=3895 f2near=3566 f2far=2342
SIPM_ARRIVALS event=672 total=650
SIPM_ADC event=672 readout=1830 f1far=3454 f2near=2003 f2far=1934
SIPM_ARRIVALS event=188 total=679
SIPM_ADC event=188 readout=2899 f1far=3568 f2near=2081 f2far=3096
SIPM_ARRIVALS event=540 total=758
SIPM_ADC event=540 readout=3895 f1far=2339 f2near=3895 f2far=1273
SIPM_ARRIVALS event=320 total=674
SIPM_ADC event=320 readout=3104 f1far=2913 f2near=3527 f2far=2655
SIPM_ARRIVALS event=276 total=991
SIPM_ADC event=276 readout=3895 f1far=3606 f2near=3895 f2far=3225
SIPM_ARRIVALS event=585 total=760
SIPM_ADC event=585 readout=2795 f1far=3571 f2near=2320 f2far=2915
SIPM_ARRIVALS event=56 total=688
SIPM_ADC event=56 readout=2856 f1far=2756 f2near=2256 f2far=3101
SIPM_ARRIVALS event=364 total=683
SIPM_ADC event=364 readout=2554 f1far=2298 f2near=3208 f2far=2248
SIPM_ARRIVALS event=13 total=925
SIPM_ADC event=13 readout=2687 f1far=3238 f2near=3480 f2far=3413
SIPM_ARRIVALS event=629 total=634
SIPM_ADC event=629 readout=2122 f1far=1999 f2near=2022 f2far=3895
SIPM_ARRIVALS event=408 total=675
SIPM_ADC event=408 readout=3182 f1far=2803 f2near=2376 f2far=1924
SIPM_ARRIVALS event=99 total=696
SIPM_ADC event=99 readout=3141 f1far=3048 f2near=2954 f2far=2644
SIPM_ARRIVALS event=145 total=719
SIPM_ADC event=145 readout=2553 f1far=3179 f2near=2185 f2far=1881
SIPM_ARRIVALS event=497 total=808
SIPM_ADC event=497 readout=3654 f1far=3205 f2near=3038 f2far=3396
SIPM_ARRIVALS event=452 total=719
SIPM_ADC event=452 readout=3323 f1far=2951 f2near=2679 f2far=2559
SIPM_ARRIVALS event=673 total=716
SIPM_ADC event=673 readout=3699 f1far=2203 f2near=1973 f2far=2606
SIPM_ARRIVALS event=541 total=785
SIPM_ADC event=541 readout=1335 f1far=3784 f2near=2096 f2far=3895
SIPM_ARRIVALS event=189 total=724
SIPM_ADC event=189 readout=3304 f1far=2949 f2near=2143 f2far=2076
SIPM_ARRIVALS event=57 total=660
SIPM_ADC event=57 readout=2761 f1far=3851 f2near=2249 f2far=3202
SIPM_ARRIVALS event=321 total=646
SIPM_ADC event=321 readout=2888 f1far=3402 f2near=1993 f2far=2529
SIPM_ARRIVALS event=231 total=920
SIPM_ADC event=231 readout=3895 f1far=3895 f2near=2845 f2far=3895
SIPM_ARRIVALS event=277 total=750
SIPM_ADC event=277 readout=2915 f1far=3424 f2near=2364 f2far=2158
SIPM_ARRIVALS event=586 total=761
SIPM_ADC event=586 readout=2257 f1far=2792 f2near=3232 f2far=3776
SIPM_ARRIVALS event=14 total=681
SIPM_ADC event=14 readout=3003 f1far=2043 f2near=3895 f2far=1769
SIPM_ARRIVALS event=365 total=795
SIPM_ADC event=365 readout=2475 f1far=3294 f2near=3157 f2far=3895
SIPM_ARRIVALS event=630 total=611
SIPM_ADC event=630 readout=1972 f1far=3367 f2near=1965 f2far=3170
SIPM_ARRIVALS event=146 total=745
SIPM_ADC event=146 readout=3895 f1far=2218 f2near=3796 f2far=1410
SIPM_ARRIVALS event=409 total=727
SIPM_ADC event=409 readout=3281 f1far=2643 f2near=3237 f2far=2992
SIPM_ARRIVALS event=100 total=747
SIPM_ADC event=100 readout=3895 f1far=1924 f2near=1938 f2far=2891
SIPM_ARRIVALS event=542 total=687
SIPM_ADC event=542 readout=1228 f1far=3489 f2near=2736 f2far=3895
SIPM_ARRIVALS event=453 total=750
SIPM_ADC event=453 readout=3895 f1far=3697 f2near=2292 f2far=1964
SIPM_ARRIVALS event=498 total=784
SIPM_ADC event=498 readout=1602 f1far=2486 f2near=2401 f2far=3895
SIPM_ARRIVALS event=278 total=623
SIPM_ADC event=278 readout=1862 f1far=1967 f2near=2888 f2far=2745
SIPM_ARRIVALS event=58 total=771
SIPM_ADC event=58 readout=1940 f1far=3895 f2near=1888 f2far=3585
SIPM_ARRIVALS event=190 total=761
SIPM_ADC event=190 readout=3184 f1far=3584 f2near=2768 f2far=2480
SIPM_ARRIVALS event=15 total=713
SIPM_ADC event=15 readout=3833 f1far=2051 f2near=3628 f2far=2414
SIPM_ARRIVALS event=587 total=771
SIPM_ADC event=587 readout=2026 f1far=3501 f2near=2725 f2far=3895
SIPM_ARRIVALS event=232 total=770
SIPM_ADC event=232 readout=2717 f1far=2384 f2near=3810 f2far=3170
SIPM_ARRIVALS event=322 total=762
SIPM_ADC event=322 readout=2774 f1far=3895 f2near=2400 f2far=2916
SIPM_ARRIVALS event=366 total=716
SIPM_ADC event=366 readout=3008 f1far=3087 f2near=2812 f2far=1944
SIPM_ARRIVALS event=631 total=727
SIPM_ADC event=631 readout=2517 f1far=3348 f2near=3215 f2far=2765
SIPM_ARRIVALS event=674 total=1294
SIPM_ADC event=674 readout=3895 f1far=3563 f2near=3895 f2far=3895
SIPM_ARRIVALS event=410 total=740
SIPM_ADC event=410 readout=3895 f1far=1237 f2near=3895 f2far=2556
SIPM_ARRIVALS event=147 total=703
SIPM_ADC event=147 readout=2080 f1far=3587 f2near=1761 f2far=3510
SIPM_ARRIVALS event=101 total=632
SIPM_ADC event=101 readout=3786 f1far=2298 f2near=1935 f2far=1815
SIPM_ARRIVALS event=454 total=664
SIPM_ADC event=454 readout=2934 f1far=2637 f2near=2842 f2far=2077
SIPM_ARRIVALS event=499 total=834
SIPM_ADC event=499 readout=2079 f1far=3895 f2near=3310 f2far=3895
SIPM_ARRIVALS event=191 total=718
SIPM_ADC event=191 readout=3895 f1far=2079 f2near=2861 f2far=1789
SIPM_ARRIVALS event=543 total=1001
SIPM_ADC event=543 readout=3895 f1far=2875 f2near=3895 f2far=3639
SIPM_ARRIVALS event=588 total=705
SIPM_ADC event=588 readout=2969 f1far=2657 f2near=2071 f2far=2640
SIPM_ARRIVALS event=279 total=777
SIPM_ADC event=279 readout=2520 f1far=3569 f2near=2994 f2far=3895
SIPM_ARRIVALS event=233 total=716
SIPM_ADC event=233 readout=1730 f1far=3670 f2near=2364 f2far=3895
SIPM_ARRIVALS event=59 total=816
SIPM_ADC event=59 readout=3151 f1far=2802 f2near=3869 f2far=2889
SIPM_ARRIVALS event=323 total=705
SIPM_ADC event=323 readout=3858 f1far=2001 f2near=2304 f2far=2457
SIPM_ARRIVALS event=16 total=1001
SIPM_ADC event=16 readout=3166 f1far=3895 f2near=2806 f2far=3895
SIPM_ARRIVALS event=411 total=670
SIPM_ADC event=411 readout=2985 f1far=1842 f2near=3895 f2far=2057
SIPM_ARRIVALS event=632 total=713
SIPM_ADC event=632 readout=2457 f1far=3400 f2near=2102 f2far=2633
SIPM_ARRIVALS event=675 total=703
SIPM_ADC event=675 readout=2560 f1far=2831 f2near=2403 f2far=2799
SIPM_ARRIVALS event=367 total=755
SIPM_ADC event=367 readout=3895 f1far=2072 f2near=3128 f2far=1701
SIPM_ARRIVALS event=102 total=660
SIPM_ADC event=102 readout=3009 f1far=2373 f2near=2853 f2far=2827
SIPM_ARRIVALS event=148 total=765
SIPM_ADC event=148 readout=2726 f1far=1997 f2near=3895 f2far=3895
SIPM_ARRIVALS event=455 total=653
SIPM_ADC event=455 readout=1980 f1far=2469 f2near=2773 f2far=3033
SIPM_ARRIVALS event=500 total=743
SIPM_ADC event=500 readout=2531 f1far=1425 f2near=3895 f2far=3277
SIPM_ARRIVALS event=544 total=627
SIPM_ADC event=544 readout=2803 f1far=2002 f2near=3143 f2far=2650
SIPM_ARRIVALS event=589 total=709
SIPM_ADC event=589 readout=2540 f1far=3793 f2near=1827 f2far=3302
SIPM_ARRIVALS event=280 total=719
SIPM_ADC event=280 readout=1981 f1far=3081 f2near=3285 f2far=3895
SIPM_ARRIVALS event=234 total=701
SIPM_ADC event=234 readout=2871 f1far=2111 f2near=3895 f2far=2492
SIPM_ARRIVALS event=324 total=742
SIPM_ADC event=324 readout=3091 f1far=3578 f2near=2106 f2far=2485
SIPM_ARRIVALS event=192 total=1075
SIPM_ADC event=192 readout=3895 f1far=1863 f2near=3895 f2far=3895
SIPM_ARRIVALS event=633 total=719
SIPM_ADC event=633 readout=2488 f1far=3895 f2near=2169 f2far=2918
SIPM_ARRIVALS event=368 total=757
SIPM_ADC event=368 readout=3291 f1far=2625 f2near=3895 f2far=2608
SIPM_ARRIVALS event=103 total=716
SIPM_ADC event=103 readout=2295 f1far=1886 f2near=3189 f2far=2457
SIPM_ARRIVALS event=412 total=819
SIPM_ADC event=412 readout=3206 f1far=2294 f2near=3400 f2far=3363
SIPM_ARRIVALS event=60 total=1135
SIPM_ADC event=60 readout=3895 f1far=2864 f2near=3895 f2far=3494
SIPM_ARRIVALS event=17 total=997
SIPM_ADC event=17 readout=3372 f1far=2750 f2near=3895 f2far=3895
SIPM_ARRIVALS event=676 total=944
SIPM_ADC event=676 readout=3755 f1far=2472 f2near=3895 f2far=3845
SIPM_ARRIVALS event=149 total=780
SIPM_ADC event=149 readout=3719 f1far=2166 f2near=3895 f2far=2726
SIPM_ARRIVALS event=456 total=709
SIPM_ADC event=456 readout=3406 f1far=2588 f2near=3895 f2far=2708
SIPM_ARRIVALS event=501 total=764
SIPM_ADC event=501 readout=3337 f1far=2825 f2near=2604 f2far=2553
SIPM_ARRIVALS event=281 total=639
SIPM_ADC event=281 readout=2822 f1far=2095 f2near=3408 f2far=2072
SIPM_ARRIVALS event=545 total=633
SIPM_ADC event=545 readout=2537 f1far=2701 f2near=2820 f2far=1860
SIPM_ARRIVALS event=325 total=685
SIPM_ADC event=325 readout=3145 f1far=3308 f2near=2256 f2far=2261
SIPM_ARRIVALS event=634 total=693
SIPM_ADC event=634 readout=3895 f1far=2873 f2near=2259 f2far=2878
SIPM_ARRIVALS event=193 total=682
SIPM_ADC event=193 readout=2486 f1far=2527 f2near=2827 f2far=2968
SIPM_ARRIVALS event=235 total=860
SIPM_ADC event=235 readout=2958 f1far=3286 f2near=2367 f2far=3895
SIPM_ARRIVALS event=590 total=1051
SIPM_ADC event=590 readout=3738 f1far=3895 f2near=3623 f2far=2769
SIPM_ARRIVALS event=369 total=641
SIPM_ADC event=369 readout=2303 f1far=2212 f2near=2909 f2far=2532
SIPM_ARRIVALS event=61 total=734
SIPM_ADC event=61 readout=2307 f1far=3895 f2near=3112 f2far=3345
SIPM_ARRIVALS event=104 total=676
SIPM_ADC event=104 readout=1795 f1far=2604 f2near=2352 f2far=2930
SIPM_ARRIVALS event=282 total=637
SIPM_ADC event=282 readout=2402 f1far=1831 f2near=2162 f2far=2240
SIPM_ARRIVALS event=413 total=782
SIPM_ADC event=413 readout=2981 f1far=3886 f2near=2397 f2far=2973
SIPM_ARRIVALS event=457 total=662
SIPM_ADC event=457 readout=2274 f1far=2366 f2near=2918 f2far=2404
SIPM_ARRIVALS event=546 total=670
SIPM_ADC event=546 readout=2066 f1far=2555 f2near=2259 f2far=2953
SIPM_ARRIVALS event=677 total=852
SIPM_ADC event=677 readout=3090 f1far=2455 f2near=3895 f2far=3042
SIPM_ARRIVALS event=18 total=859
SIPM_ADC event=18 readout=3372 f1far=2262 f2near=3895 f2far=3466
SIPM_ARRIVALS event=150 total=680
SIPM_ADC event=150 readout=1643 f1far=3112 f2near=2700 f2far=3442
SIPM_ARRIVALS event=502 total=769
SIPM_ADC event=502 readout=3838 f1far=3800 f2near=2854 f2far=2268
SIPM_ARRIVALS event=326 total=759
SIPM_ADC event=326 readout=2768 f1far=3895 f2near=2299 f2far=2701
SIPM_ARRIVALS event=635 total=790
SIPM_ADC event=635 readout=1494 f1far=2850 f2near=2512 f2far=3439
SIPM_ARRIVALS event=194 total=669
SIPM_ADC event=194 readout=2453 f1far=2641 f2near=2069 f2far=2559
SIPM_ARRIVALS event=105 total=602
SIPM_ADC event=105 readout=2235 f1far=2024 f2near=2088 f2far=2753
SIPM_ARRIVALS event=236 total=722
SIPM_ADC event=236 readout=1621 f1far=1705 f2near=2943 f2far=3639
SIPM_ARRIVALS event=370 total=796
SIPM_ADC event=370 readout=3895 f1far=1600 f2near=3895 f2far=3176
SIPM_ARRIVALS event=62 total=837
SIPM_ADC event=62 readout=3895 f1far=3208 f2near=2902 f2far=2487
SIPM_ARRIVALS event=283 total=629
SIPM_ADC event=283 readout=1433 f1far=2025 f2near=2983 f2far=2595
SIPM_ARRIVALS event=458 total=628
SIPM_ADC event=458 readout=2983 f1far=2458 f2near=2646 f2far=1944
SIPM_ARRIVALS event=591 total=1002
SIPM_ADC event=591 readout=3895 f1far=3022 f2near=3895 f2far=3054
SIPM_ARRIVALS event=19 total=722
SIPM_ADC event=19 readout=3089 f1far=2167 f2near=3577 f2far=2497
SIPM_ARRIVALS event=547 total=791
SIPM_ADC event=547 readout=2816 f1far=3895 f2near=2189 f2far=2929
SIPM_ARRIVALS event=678 total=638
SIPM_ADC event=678 readout=2723 f1far=3155 f2near=2090 f2far=2225
SIPM_ARRIVALS event=414 total=711
SIPM_ADC event=414 readout=2497 f1far=2521 f2near=2990 f2far=2905
SIPM_ARRIVALS event=151 total=627
SIPM_ADC event=151 readout=1875 f1far=2986 f2near=2032 f2far=2709
SIPM_ARRIVALS event=503 total=956
SIPM_ADC event=503 readout=3043 f1far=3759 f2near=2223 f2far=3895
SIPM_ARRIVALS event=636 total=624
SIPM_ADC event=636 readout=2236 f1far=2715 f2near=2313 f2far=2444
SIPM_ARRIVALS event=327 total=685
SIPM_ADC event=327 readout=2624 f1far=2631 f2near=2458 f2far=2315
SIPM_ARRIVALS event=63 total=702
SIPM_ADC event=63 readout=1847 f1far=3895 f2near=1754 f2far=3773
SIPM_ARRIVALS event=106 total=639
SIPM_ADC event=106 readout=2973 f1far=2519 f2near=2404 f2far=2166
SIPM_ARRIVALS event=195 total=809
SIPM_ADC event=195 readout=3254 f1far=2921 f2near=3411 f2far=2395
SIPM_ARRIVALS event=237 total=749
SIPM_ADC event=237 readout=2106 f1far=3149 f2near=2917 f2far=3781
SIPM_ARRIVALS event=415 total=624
SIPM_ADC event=415 readout=2450 f1far=3783 f2near=2360 f2far=2383
SIPM_ARRIVALS event=679 total=619
SIPM_ADC event=679 readout=3146 f1far=2818 f2near=1849 f2far=1608
SIPM_ARRIVALS event=371 total=675
SIPM_ADC event=371 readout=2136 f1far=3025 f2near=1393 f2far=2458
SIPM_ARRIVALS event=459 total=695
SIPM_ADC event=459 readout=2447 f1far=3436 f2near=1858 f2far=3042
SIPM_ARRIVALS event=548 total=704
SIPM_ADC event=548 readout=3358 f1far=3187 f2near=2002 f2far=2895
SIPM_ARRIVALS event=152 total=680
SIPM_ADC event=152 readout=1664 f1far=2014 f2near=2686 f2far=3068
SIPM_ARRIVALS event=284 total=900
SIPM_ADC event=284 readout=1869 f1far=3895 f2near=2162 f2far=3895
SIPM_ARRIVALS event=20 total=869
SIPM_ADC event=20 readout=3895 f1far=1824 f2near=3895 f2far=2684
SIPM_ARRIVALS event=592 total=841
SIPM_ADC event=592 readout=3880 f1far=3246 f2near=3106 f2far=2502
SIPM_ARRIVALS event=504 total=768
SIPM_ADC event=504 readout=3895 f1far=2799 f2near=3714 f2far=2413
SIPM_ARRIVALS event=637 total=672
SIPM_ADC event=637 readout=2580 f1far=2271 f2near=2892 f2far=2430
SIPM_ARRIVALS event=328 total=796
SIPM_ADC event=328 readout=2872 f1far=2610 f2near=3832 f2far=3568
SIPM_ARRIVALS event=196 total=658
SIPM_ADC event=196 readout=3113 f1far=1814 f2near=3895 f2far=1698
SIPM_ARRIVALS event=107 total=742
SIPM_ADC event=107 readout=1659 f1far=3349 f2near=1922 f2far=3895
SIPM_ARRIVALS event=64 total=787
SIPM_ADC event=64 readout=2600 f1far=3340 f2near=2419 f2far=3597
SIPM_ARRIVALS event=680 total=751
SIPM_ADC event=680 readout=3035 f1far=1891 f2near=3895 f2far=2108
SIPM_ARRIVALS event=285 total=664
SIPM_ADC event=285 readout=2455 f1far=2432 f2near=3581 f2far=2582
SIPM_ARRIVALS event=416 total=682
SIPM_ADC event=416 readout=3144 f1far=2242 f2near=2244 f2far=2262
SIPM_ARRIVALS event=153 total=653
SIPM_ADC event=153 readout=3765 f1far=1795 f2near=2968 f2far=2223
SIPM_ARRIVALS event=238 total=669
SIPM_ADC event=238 readout=1721 f1far=2127 f2near=2676 f2far=3615
SIPM_ARRIVALS event=21 total=667
SIPM_ADC event=21 readout=2162 f1far=3283 f2near=1603 f2far=1971
SIPM_ARRIVALS event=372 total=688
SIPM_ADC event=372 readout=2391 f1far=2365 f2near=2805 f2far=1993
SIPM_ARRIVALS event=460 total=833
SIPM_ADC event=460 readout=2954 f1far=2794 f2near=2648 f2far=3512
SIPM_ARRIVALS event=593 total=678
SIPM_ADC event=593 readout=3561 f1far=2070 f2near=3590 f2far=1632
SIPM_ARRIVALS event=505 total=637
SIPM_ADC event=505 readout=2012 f1far=1743 f2near=3099 f2far=2282
SIPM_ARRIVALS event=638 total=593
SIPM_ADC event=638 readout=3123 f1far=2005 f2near=2153 f2far=1747
SIPM_ARRIVALS event=549 total=939
SIPM_ADC event=549 readout=2926 f1far=3895 f2near=3245 f2far=3809
SIPM_ARRIVALS event=65 total=681
SIPM_ADC event=65 readout=3530 f1far=2425 f2near=2751 f2far=1906
SIPM_ARRIVALS event=329 total=761
SIPM_ADC event=329 readout=3851 f1far=2579 f2near=3087 f2far=2396
SIPM_ARRIVALS event=108 total=630
SIPM_ADC event=108 readout=2751 f1far=3734 f2near=1859 f2far=2423
SIPM_ARRIVALS event=417 total=622
SIPM_ADC event=417 readout=2769 f1far=2000 f2near=2401 f2far=2117
SIPM_ARRIVALS event=286 total=695
SIPM_ADC event=286 readout=2219 f1far=3895 f2near=2608 f2far=2735
SIPM_ARRIVALS event=681 total=638
SIPM_ADC event=681 readout=2353 f1far=2084 f2near=2511 f2far=2167
SIPM_ARRIVALS event=197 total=694
SIPM_ADC event=197 readout=2024 f1far=2438 f2near=3302 f2far=3386
SIPM_ARRIVALS event=239 total=675
SIPM_ADC event=239 readout=2291 f1far=1936 f2near=3462 f2far=2156
SIPM_ARRIVALS event=22 total=757
SIPM_ADC event=22 readout=2699 f1far=2317 f2near=3895 f2far=2884
SIPM_ARRIVALS event=550 total=690
SIPM_ADC event=550 readout=1582 f1far=3260 f2near=2051 f2far=3895
SIPM_ARRIVALS event=154 total=836
SIPM_ADC event=154 readout=3029 f1far=3558 f2near=2133 f2far=2863
SIPM_ARRIVALS event=461 total=817
SIPM_ADC event=461 readout=3675 f1far=3557 f2near=3398 f2far=1991
SIPM_ARRIVALS event=639 total=804
SIPM_ADC event=639 readout=3066 f1far=2771 f2near=3895 f2far=2476
SIPM_ARRIVALS event=506 total=699
SIPM_ADC event=506 readout=3052 f1far=986 f2near=3895 f2far=3280
SIPM_ARRIVALS event=373 total=855
SIPM_ADC event=373 readout=2304 f1far=3492 f2near=3463 f2far=3137
SIPM_ARRIVALS event=594 total=808
SIPM_ADC event=594 readout=3228 f1far=2729 f2near=3895 f2far=2308
SIPM_ARRIVALS event=109 total=609
SIPM_ADC event=109 readout=1281 f1far=1964 f2near=2561 f2far=3358
SIPM_ARRIVALS event=66 total=752
SIPM_ADC event=66 readout=2658 f1far=3634 f2near=3189 f2far=3385
SIPM_ARRIVALS event=330 total=696
SIPM_ADC event=330 readout=1887 f1far=3305 f2near=2607 f2far=3341
SIPM_ARRIVALS event=682 total=643
SIPM_ADC event=682 readout=2113 f1far=2921 f2near=1986 f2far=2393
SIPM_ARRIVALS event=418 total=600
SIPM_ADC event=418 readout=1474 f1far=2187 f2near=2475 f2far=2882
SIPM_ARRIVALS event=198 total=849
SIPM_ADC event=198 readout=2194 f1far=3430 f2near=2996 f2far=3895
SIPM_ARRIVALS event=287 total=854
SIPM_ADC event=287 readout=2604 f1far=3857 f2near=3590 f2far=3895
SIPM_ARRIVALS event=551 total=689
SIPM_ADC event=551 readout=3413 f1far=1742 f2near=3794 f2far=1616
SIPM_ARRIVALS event=640 total=678
SIPM_ADC event=640 readout=2551 f1far=2271 f2near=3794 f2far=1995
SIPM_ARRIVALS event=23 total=764
SIPM_ADC event=23 readout=2056 f1far=3895 f2near=2116 f2far=3895
SIPM_ARRIVALS event=240 total=871
SIPM_ADC event=240 readout=3123 f1far=2547 f2near=3633 f2far=3551
SIPM_ARRIVALS event=595 total=695
SIPM_ADC event=595 readout=3895 f1far=2777 f2near=3098 f2far=1719
SIPM_ARRIVALS event=507 total=677
SIPM_ADC event=507 readout=2457 f1far=2817 f2near=2958 f2far=3409
SIPM_ARRIVALS event=374 total=669
SIPM_ADC event=374 readout=2391 f1far=3228 f2near=2074 f2far=2295
SIPM_ARRIVALS event=462 total=781
SIPM_ADC event=462 readout=2263 f1far=2688 f2near=3347 f2far=3382
SIPM_ARRIVALS event=110 total=609
SIPM_ADC event=110 readout=2602 f1far=2596 f2near=2583 f2far=2429
SIPM_ARRIVALS event=155 total=923
SIPM_ADC event=155 readout=3895 f1far=2546 f2near=3545 f2far=2861
SIPM_ARRIVALS event=683 total=697
SIPM_ADC event=683 readout=2104 f1far=2573 f2near=2122 f2far=3254
SIPM_ARRIVALS event=67 total=684
SIPM_ADC event=67 readout=2133 f1far=1900 f2near=2925 f2far=2937
SIPM_ARRIVALS event=331 total=703
SIPM_ADC event=331 readout=2352 f1far=1886 f2near=3682 f2far=2776
SIPM_ARRIVALS event=288 total=629
SIPM_ADC event=288 readout=2833 f1far=1931 f2near=3422 f2far=2431
SIPM_ARRIVALS event=419 total=727
SIPM_ADC event=419 readout=1972 f1far=2127 f2near=3305 f2far=3152
SIPM_ARRIVALS event=24 total=679
SIPM_ADC event=24 readout=2640 f1far=2613 f2near=1697 f2far=2968
SIPM_ARRIVALS event=641 total=735
SIPM_ADC event=641 readout=2393 f1far=2867 f2near=1883 f2far=3355
SIPM_ARRIVALS event=552 total=881
SIPM_ADC event=552 readout=3670 f1far=3058 f2near=2837 f2far=3742
SIPM_ARRIVALS event=596 total=727
SIPM_ADC event=596 readout=2636 f1far=1896 f2near=2669 f2far=2302
SIPM_ARRIVALS event=508 total=774
SIPM_ADC event=508 readout=3489 f1far=2612 f2near=3734 f2far=2664
SIPM_ARRIVALS event=199 total=912
SIPM_ADC event=199 readout=2885 f1far=3856 f2near=3512 f2far=3890
SIPM_ARRIVALS event=241 total=799
SIPM_ADC event=241 readout=3202 f1far=3397 f2near=3306 f2far=1579
SIPM_ARRIVALS event=111 total=705
SIPM_ADC event=111 readout=1978 f1far=2830 f2near=2124 f2far=3895
SIPM_ARRIVALS event=375 total=627
SIPM_ADC event=375 readout=2705 f1far=2110 f2near=2463 f2far=2318
SIPM_ARRIVALS event=684 total=781
SIPM_ADC event=684 readout=2530 f1far=3082 f2near=3193 f2far=3895
SIPM_ARRIVALS event=463 total=740
SIPM_ADC event=463 readout=3069 f1far=3111 f2near=1999 f2far=2754
SIPM_ARRIVALS event=156 total=753
SIPM_ADC event=156 readout=1773 f1far=3895 f2near=1925 f2far=3485
SIPM_ARRIVALS event=68 total=714
SIPM_ADC event=68 readout=2070 f1far=1958 f2near=2895 f2far=3487
SIPM_ARRIVALS event=289 total=626
SIPM_ADC event=289 readout=3628 f1far=1973 f2near=2701 f2far=1943
SIPM_ARRIVALS event=420 total=772
SIPM_ADC event=420 readout=2420 f1far=3672 f2near=1811 f2far=3895
SIPM_ARRIVALS event=25 total=672
SIPM_ADC event=25 readout=2890 f1far=1773 f2near=3895 f2far=1553
SIPM_ARRIVALS event=553 total=690
SIPM_ADC event=553 readout=2965 f1far=1751 f2near=3895 f2far=1973
SIPM_ARRIVALS event=509 total=683
SIPM_ADC event=509 readout=3111 f1far=2412 f2near=2756 f2far=2551
SIPM_ARRIVALS event=642 total=707
SIPM_ADC event=642 readout=3405 f1far=1846 f2near=3617 f2far=1976
SIPM_ARRIVALS event=332 total=951
SIPM_ADC event=332 readout=3702 f1far=2206 f2near=3895 f2far=3307
SIPM_ARRIVALS event=597 total=680
SIPM_ADC event=597 readout=2716 f1far=3186 f2near=1649 f2far=2740
SIPM_ARRIVALS event=242 total=711
SIPM_ADC event=242 readout=2812 f1far=3895 f2near=2010 f2far=3361
SIPM_ARRIVALS event=200 total=752
SIPM_ADC event=200 readout=3281 f1far=1747 f2near=3895 f2far=2395
SIPM_ARRIVALS event=112 total=593
SIPM_ADC event=112 readout=2058 f1far=1873 f2near=2116 f2far=2357
SIPM_ARRIVALS event=685 total=574
SIPM_ADC event=685 readout=2389 f1far=2471 f2near=2995 f2far=1847
SIPM_ARRIVALS event=376 total=703
SIPM_ADC event=376 readout=1999 f1far=2653 f2near=2765 f2far=2730
SIPM_ARRIVALS event=464 total=651
SIPM_ADC event=464 readout=1946 f1far=2618 f2near=2156 f2far=2826
SIPM_ARRIVALS event=69 total=801
SIPM_ADC event=69 readout=1602 f1far=3067 f2near=2209 f2far=3895
SIPM_ARRIVALS event=157 total=677
SIPM_ADC event=157 readout=2758 f1far=1716 f2near=3689 f2far=1889
SIPM_ARRIVALS event=290 total=671
SIPM_ADC event=290 readout=3895 f1far=2505 f2near=2683 f2far=1763
SIPM_ARRIVALS event=421 total=634
SIPM_ADC event=421 readout=2524 f1far=2453 f2near=2786 f2far=2246
SIPM_ARRIVALS event=643 total=737
SIPM_ADC event=643 readout=3895 f1far=2235 f2near=3514 f2far=2209
SIPM_ARRIVALS event=333 total=674
SIPM_ADC event=333 readout=1862 f1far=3594 f2near=1730 f2far=3895
SIPM_ARRIVALS event=26 total=846
SIPM_ADC event=26 readout=3895 f1far=2782 f2near=3251 f2far=2268
SIPM_ARRIVALS event=598 total=746
SIPM_ADC event=598 readout=1888 f1far=3895 f2near=1642 f2far=3625
SIPM_ARRIVALS event=554 total=715
SIPM_ADC event=554 readout=2453 f1far=3679 f2near=2181 f2far=2610
SIPM_ARRIVALS event=201 total=623
SIPM_ADC event=201 readout=1886 f1far=3895 f2near=2010 f2far=2458
SIPM_ARRIVALS event=510 total=808
SIPM_ADC event=510 readout=3895 f1far=3826 f2near=2513 f2far=2293
SIPM_ARRIVALS event=113 total=755
SIPM_ADC event=113 readout=3895 f1far=2901 f2near=3657 f2far=1980
SIPM_ARRIVALS event=243 total=796
SIPM_ADC event=243 readout=2394 f1far=3895 f2near=2619 f2far=3895
SIPM_ARRIVALS event=377 total=638
SIPM_ADC event=377 readout=1996 f1far=2202 f2near=3613 f2far=2117
SIPM_ARRIVALS event=686 total=702
SIPM_ADC event=686 readout=2810 f1far=2453 f2near=2379 f2far=2361
SIPM_ARRIVALS event=158 total=656
SIPM_ADC event=158 readout=3587 f1far=1936 f2near=2058 f2far=1836
SIPM_ARRIVALS event=465 total=742
SIPM_ADC event=465 readout=3895 f1far=1965 f2near=3497 f2far=2322
SIPM_ARRIVALS event=291 total=651
SIPM_ADC event=291 readout=2469 f1far=1647 f2near=2845 f2far=2281
SIPM_ARRIVALS event=70 total=816
SIPM_ADC event=70 readout=3895 f1far=3344 f2near=3190 f2far=2901
SIPM_ARRIVALS event=599 total=604
SIPM_ADC event=599 readout=2816 f1far=2052 f2near=3637 f2far=1921
SIPM_ARRIVALS event=27 total=621
SIPM_ADC event=27 readout=2165 f1far=1642 f2near=3203 f2far=1598
SIPM_ARRIVALS event=422 total=696
SIPM_ADC event=422 readout=3162 f1far=2006 f2near=3808 f2far=2589
SIPM_ARRIVALS event=334 total=653
SIPM_ADC event=334 readout=1718 f1far=3380 f2near=1883 f2far=3295
SIPM_ARRIVALS event=555 total=719
SIPM_ADC event=555 readout=1512 f1far=3125 f2near=2305 f2far=3895
SIPM_ARRIVALS event=644 total=763
SIPM_ADC event=644 readout=1904 f1far=3895 f2near=2084 f2far=3456
SIPM_ARRIVALS event=511 total=644
SIPM_ADC event=511 readout=1513 f1far=2976 f2near=2346 f2far=3134
SIPM_ARRIVALS event=202 total=671
SIPM_ADC event=202 readout=2645 f1far=1652 f2near=3895 f2far=1833
SIPM_ARRIVALS event=114 total=654
SIPM_ADC event=114 readout=2344 f1far=3149 f2near=1853 f2far=2777
SIPM_ARRIVALS event=687 total=714
SIPM_ADC event=687 readout=1976 f1far=2268 f2near=3237 f2far=3843
SIPM_ARRIVALS event=292 total=586
SIPM_ADC event=292 readout=2683 f1far=2652 f2near=2066 f2far=2674
SIPM_ARRIVALS event=71 total=734
SIPM_ADC event=71 readout=3574 f1far=1543 f2near=3339 f2far=1884
SIPM_ARRIVALS event=159 total=661
SIPM_ADC event=159 readout=2950 f1far=2806 f2near=3018 f2far=1915
SIPM_ARRIVALS event=378 total=797
SIPM_ADC event=378 readout=3895 f1far=2683 f2near=3541 f2far=1628
SIPM_ARRIVALS event=600 total=675
SIPM_ADC event=600 readout=2143 f1far=3320 f2near=2422 f2far=2645
SIPM_ARRIVALS event=28 total=681
SIPM_ADC event=28 readout=2088 f1far=1474 f2near=2652 f2far=2413
SIPM_ARRIVALS event=466 total=866
SIPM_ADC event=466 readout=2472 f1far=3895 f2near=2233 f2far=3895
SIPM_ARRIVALS event=423 total=637
SIPM_ADC event=423 readout=3300 f1far=2370 f2near=1928 f2far=2230
SIPM_ARRIVALS event=244 total=926
SIPM_ADC event=244 readout=3895 f1far=3477 f2near=3731 f2far=3163
SIPM_ARRIVALS event=512 total=705
SIPM_ADC event=512 readout=3013 f1far=3895 f2near=1238 f2far=2653
SIPM_ARRIVALS event=645 total=818
SIPM_ADC event=645 readout=3895 f1far=3048 f2near=3895 f2far=2167
SIPM_ARRIVALS event=203 total=711
SIPM_ADC event=203 readout=3576 f1far=2256 f2near=3735 f2far=2153
SIPM_ARRIVALS event=335 total=780
SIPM_ADC event=335 readout=1616 f1far=3059 f2near=2412 f2far=3895
SIPM_ARRIVALS event=556 total=970
SIPM_ADC event=556 readout=2301 f1far=3895 f2near=3655 f2far=3895
SIPM_ARRIVALS event=115 total=777
SIPM_ADC event=115 readout=2095 f1far=3190 f2near=3005 f2far=3895
SIPM_ARRIVALS event=688 total=776
SIPM_ADC event=688 readout=3895 f1far=2796 f2near=3895 f2far=1941
SIPM_ARRIVALS event=293 total=733
SIPM_ADC event=293 readout=2696 f1far=1775 f2near=3895 f2far=2945
SIPM_ARRIVALS event=160 total=733
SIPM_ADC event=160 readout=3690 f1far=2596 f2near=2804 f2far=1847
SIPM_ARRIVALS event=72 total=799
SIPM_ADC event=72 readout=3895 f1far=2254 f2near=3895 f2far=2365
SIPM_ARRIVALS event=601 total=694
SIPM_ADC event=601 readout=1962 f1far=2938 f2near=3500 f2far=3212
SIPM_ARRIVALS event=424 total=695
SIPM_ADC event=424 readout=3017 f1far=2180 f2near=2638 f2far=2187
SIPM_ARRIVALS event=379 total=819
SIPM_ADC event=379 readout=3080 f1far=2157 f2near=3895 f2far=3512
SIPM_ARRIVALS event=467 total=791
SIPM_ADC event=467 readout=1534 f1far=3889 f2near=2656 f2far=3895
SIPM_ARRIVALS event=245 total=641
SIPM_ADC event=245 readout=2085 f1far=2439 f2near=2454 f2far=2626
SIPM_ARRIVALS event=29 total=820
SIPM_ADC event=29 readout=2382 f1far=3515 f2near=1907 f2far=3895
SIPM_ARRIVALS event=513 total=746
SIPM_ADC event=513 readout=3340 f1far=1724 f2near=3264 f2far=2566
SIPM_ARRIVALS event=204 total=619
SIPM_ADC event=204 readout=3161 f1far=2739 f2near=2370 f2far=2212
SIPM_ARRIVALS event=646 total=762
SIPM_ADC event=646 readout=2603 f1far=3895 f2near=1919 f2far=1926
SIPM_ARRIVALS event=336 total=967
SIPM_ADC event=336 readout=3548 f1far=2350 f2near=3895 f2far=2582
SIPM_ARRIVALS event=294 total=652
SIPM_ADC event=294 readout=3058 f1far=1375 f2near=3895 f2far=2794
SIPM_ARRIVALS event=116 total=713
SIPM_ADC event=116 readout=2981 f1far=1547 f2near=3687 f2far=2810
SIPM_ARRIVALS event=689 total=791
SIPM_ADC event=689 readout=3895 f1far=1668 f2near=3895 f2far=2436
SIPM_ARRIVALS event=602 total=659
SIPM_ADC event=602 readout=2148 f1far=2814 f2near=1567 f2far=3895
SIPM_ARRIVALS event=425 total=720
SIPM_ADC event=425 readout=1235 f1far=3532 f2near=2523 f2far=3876
SIPM_ARRIVALS event=557 total=1149
SIPM_ADC event=557 readout=2755 f1far=3895 f2near=3744 f2far=3895
SIPM_ARRIVALS event=161 total=864
SIPM_ADC event=161 readout=3895 f1far=2405 f2near=3338 f2far=2108
SIPM_ARRIVALS event=73 total=744
SIPM_ADC event=73 readout=2537 f1far=3108 f2near=2354 f2far=1969
SIPM_ARRIVALS event=246 total=690
SIPM_ADC event=246 readout=1960 f1far=3156 f2near=2545 f2far=2543
SIPM_ARRIVALS event=514 total=630
SIPM_ADC event=514 readout=2340 f1far=2852 f2near=2116 f2far=2273
SIPM_ARRIVALS event=380 total=720
SIPM_ADC event=380 readout=1526 f1far=3444 f2near=2082 f2far=3895
SIPM_ARRIVALS event=205 total=687
SIPM_ADC event=205 readout=2188 f1far=3895 f2near=2087 f2far=3304
SIPM_ARRIVALS event=30 total=693
SIPM_ADC event=30 readout=2822 f1far=2481 f2near=3895 f2far=2794
SIPM_ARRIVALS event=468 total=808
SIPM_ADC event=468 readout=1932 f1far=2799 f2near=3291 f2far=3264
SIPM_ARRIVALS event=647 total=920
SIPM_ADC event=647 readout=1607 f1far=3895 f2near=3270 f2far=3895
SIPM_ARRIVALS event=295 total=651
SIPM_ADC event=295 readout=2846 f1far=2935 f2near=2946 f2far=1836
SIPM_ARRIVALS event=603 total=661
SIPM_ADC event=603 readout=2435 f1far=3643 f2near=1065 f2far=3419
SIPM_ARRIVALS event=337 total=760
SIPM_ADC event=337 readout=2591 f1far=2343 f2near=3331 f2far=2813
SIPM_ARRIVALS event=74 total=556
SIPM_ADC event=74 readout=1407 f1far=2599 f2near=1877 f2far=3018
SIPM_ARRIVALS event=117 total=775
SIPM_ADC event=117 readout=2418 f1far=2854 f2near=3136 f2far=3895
SIPM_ARRIVALS event=426 total=647
SIPM_ADC event=426 readout=3121 f1far=2760 f2near=2520 f2far=2323
SIPM_ARRIVALS event=558 total=790
SIPM_ADC event=558 readout=3895 f1far=2174 f2near=2889 f2far=1721
SIPM_ARRIVALS event=690 total=836
SIPM_ADC event=690 readout=3895 f1far=3276 f2near=2827 f2far=2714
SIPM_ARRIVALS event=381 total=714
SIPM_ADC event=381 readout=3444 f1far=1658 f2near=3895 f2far=2321
SIPM_ARRIVALS event=515 total=776
SIPM_ADC event=515 readout=2562 f1far=3895 f2near=1901 f2far=3895
SIPM_ARRIVALS event=247 total=771
SIPM_ADC event=247 readout=3570 f1far=1916 f2near=3895 f2far=2398
SIPM_ARRIVALS event=469 total=703
SIPM_ADC event=469 readout=3357 f1far=1620 f2near=3820 f2far=2995
SIPM_ARRIVALS event=162 total=1004
SIPM_ADC event=162 readout=2782 f1far=3895 f2near=1568 f2far=3859
SIPM_ARRIVALS event=31 total=689
SIPM_ADC event=31 readout=3297 f1far=3742 f2near=1864 f2far=2300
SIPM_ARRIVALS event=648 total=688
SIPM_ADC event=648 readout=2139 f1far=3386 f2near=2380 f2far=3677
SIPM_ARRIVALS event=206 total=890
SIPM_ADC event=206 readout=2476 f1far=3195 f2near=3251 f2far=3895
SIPM_ARRIVALS event=118 total=678
SIPM_ADC event=118 readout=3136 f1far=1987 f2near=3895 f2far=1749
SIPM_ARRIVALS event=296 total=1015
SIPM_ADC event=296 readout=3895 f1far=2440 f2near=3895 f2far=2667
SIPM_ARRIVALS event=75 total=659
SIPM_ADC event=75 readout=2876 f1far=2312 f2near=1574 f2far=2944
SIPM_ARRIVALS event=338 total=838
SIPM_ADC event=338 readout=2609 f1far=3895 f2near=2173 f2far=3895
SIPM_ARRIVALS event=604 total=868
SIPM_ADC event=604 readout=3851 f1far=3310 f2near=2894 f2far=3413
SIPM_ARRIVALS event=559 total=698
SIPM_ADC event=559 readout=2603 f1far=3310 f2near=1753 f2far=2354
SIPM_ARRIVALS event=516 total=643
SIPM_ADC event=516 readout=3524 f1far=2623 f2near=3157 f2far=2796
SIPM_ARRIVALS event=382 total=667
SIPM_ADC event=382 readout=2558 f1far=2328 f2near=2996 f2far=3149
SIPM_ARRIVALS event=691 total=737
SIPM_ADC event=691 readout=2188 f1far=2262 f2near=2684 f2far=3239
SIPM_ARRIVALS event=248 total=670
SIPM_ADC event=248 readout=2951 f1far=1634 f2near=3043 f2far=1854
SIPM_ARRIVALS event=470 total=741
SIPM_ADC event=470 readout=3037 f1far=3014 f2near=2706 f2far=3621
SIPM_ARRIVALS event=32 total=779
SIPM_ADC event=32 readout=1843 f1far=3895 f2near=1862 f2far=3734
SIPM_ARRIVALS event=427 total=894
SIPM_ADC event=427 readout=2989 f1far=2410 f2near=3895 f2far=3557
SIPM_ARRIVALS event=649 total=670
SIPM_ADC event=649 readout=1724 f1far=3373 f2near=2065 f2far=3145
SIPM_ARRIVALS event=163 total=862
SIPM_ADC event=163 readout=3895 f1far=2943 f2near=3387 f2far=3003
SIPM_ARRIVALS event=207 total=722
SIPM_ADC event=207 readout=2094 f1far=2853 f2near=2159 f2far=3895
SIPM_ARRIVALS event=76 total=679
SIPM_ADC event=76 readout=2851 f1far=2856 f2near=2229 f2far=2969
SIPM_ARRIVALS event=297 total=760
SIPM_ADC event=297 readout=2062 f1far=3895 f2near=1378 f2far=3895
SIPM_ARRIVALS event=119 total=673
SIPM_ADC event=119 readout=3696 f1far=2767 f2near=3895 f2far=1449
SIPM_ARRIVALS event=560 total=665
SIPM_ADC event=560 readout=2420 f1far=3450 f2near=1392 f2far=2882
SIPM_ARRIVALS event=339 total=626
SIPM_ADC event=339 readout=2305 f1far=2604 f2near=1815 f2far=2681
SIPM_ARRIVALS event=605 total=668
SIPM_ADC event=605 readout=2862 f1far=1508 f2near=2943 f2far=3281
SIPM_ARRIVALS event=692 total=745
SIPM_ADC event=692 readout=2567 f1far=2268 f2near=3690 f2far=2954
SIPM_ARRIVALS event=517 total=723
SIPM_ADC event=517 readout=2522 f1far=2837 f2near=2425 f2far=3029
SIPM_ARRIVALS event=249 total=687
SIPM_ADC event=249 readout=1990 f1far=2485 f2near=2743 f2far=3193
SIPM_ARRIVALS event=471 total=687
SIPM_ADC event=471 readout=2963 f1far=2115 f2near=2706 f2far=2722
SIPM_ARRIVALS event=650 total=607
SIPM_ADC event=650 readout=2976 f1far=1970 f2near=2625 f2far=1857
SIPM_ARRIVALS event=428 total=641
SIPM_ADC event=428 readout=2397 f1far=3290 f2near=2137 f2far=2824
SIPM_ARRIVALS event=33 total=791
SIPM_ADC event=33 readout=3255 f1far=1322 f2near=3895 f2far=3102
SIPM_ARRIVALS event=383 total=865
SIPM_ADC event=383 readout=3895 f1far=2181 f2near=3359 f2far=1892
SIPM_ARRIVALS event=164 total=693
SIPM_ADC event=164 readout=3050 f1far=2002 f2near=3627 f2far=2455
SIPM_ARRIVALS event=298 total=695
SIPM_ADC event=298 readout=1186 f1far=3399 f2near=1612 f2far=3895
SIPM_ARRIVALS event=120 total=714
SIPM_ADC event=120 readout=2848 f1far=1837 f2near=3446 f2far=2934
SIPM_ARRIVALS event=340 total=602
SIPM_ADC event=340 readout=2031 f1far=1975 f2near=2752 f2far=2880
SIPM_ARRIVALS event=606 total=579
SIPM_ADC event=606 readout=2714 f1far=1977 f2near=1713 f2far=2086
SIPM_ARRIVALS event=77 total=891
SIPM_ADC event=77 readout=3679 f1far=3895 f2near=3021 f2far=3156
SIPM_ARRIVALS event=208 total=873
SIPM_ADC event=208 readout=2752 f1far=3450 f2near=2819 f2far=3895
SIPM_ARRIVALS event=561 total=835
SIPM_ADC event=561 readout=3895 f1far=1777 f2near=3895 f2far=2156
SIPM_ARRIVALS event=518 total=610
SIPM_ADC event=518 readout=2286 f1far=1836 f2near=3150 f2far=2585
SIPM_ARRIVALS event=250 total=649
SIPM_ADC event=250 readout=3151 f1far=2784 f2near=2889 f2far=1799
SIPM_ARRIVALS event=693 total=872
SIPM_ADC event=693 readout=3895 f1far=2363 f2near=3895 f2far=2607
SIPM_ARRIVALS event=651 total=742
SIPM_ADC event=651 readout=2479 f1far=2303 f2near=3030 f2far=3005
SIPM_ARRIVALS event=472 total=690
SIPM_ADC event=472 readout=3150 f1far=2037 f2near=2993 f2far=3684
SIPM_ARRIVALS event=429 total=736
SIPM_ADC event=429 readout=3237 f1far=1334 f2near=3895 f2far=3139
SIPM_ARRIVALS event=165 total=694
SIPM_ADC event=165 readout=1345 f1far=3742 f2near=2483 f2far=3895
SIPM_ARRIVALS event=299 total=564
SIPM_ADC event=299 readout=2441 f1far=1725 f2near=2109 f2far=2200
SIPM_ARRIVALS event=34 total=1063
SIPM_ADC event=34 readout=3312 f1far=3895 f2near=3173 f2far=3895
SIPM_ARRIVALS event=384 total=915
SIPM_ADC event=384 readout=3895 f1far=3895 f2near=2803 f2far=2637
SIPM_ARRIVALS event=519 total=595
SIPM_ADC event=519 readout=2176 f1far=2347 f2near=2468 f2far=3333
SIPM_ARRIVALS event=121 total=773
SIPM_ADC event=121 readout=2326 f1far=3055 f2near=2010 f2far=3588
SIPM_ARRIVALS event=341 total=798
SIPM_ADC event=341 readout=1924 f1far=3895 f2near=2397 f2far=3895
SIPM_ARRIVALS event=78 total=710
SIPM_ADC event=78 readout=3411 f1far=2154 f2near=3266 f2far=1649
SIPM_ARRIVALS event=607 total=832
SIPM_ADC event=607 readout=3895 f1far=3113 f2near=2971 f2far=2006
SIPM_ARRIVALS event=562 total=776
SIPM_ADC event=562 readout=3236 f1far=2416 f2near=3895 f2far=2253
SIPM_ARRIVALS event=251 total=670
SIPM_ADC event=251 readout=2092 f1far=3732 f2near=1435 f2far=3096
SIPM_ARRIVALS event=694 total=758
SIPM_ADC event=694 readout=3522 f1far=2228 f2near=3203 f2far=2554
SIPM_ARRIVALS event=209 total=825
SIPM_ADC event=209 readout=1722 f1far=3895 f2near=2155 f2far=3215
SIPM_ARRIVALS event=430 total=731
SIPM_ADC event=430 readout=1820 f1far=3387 f2near=2015 f2far=3895
SIPM_ARRIVALS event=473 total=718
SIPM_ADC event=473 readout=2361 f1far=2740 f2near=3314 f2far=2959
SIPM_ARRIVALS event=166 total=718
SIPM_ADC event=166 readout=3058 f1far=3169 f2near=1684 f2far=1881
SIPM_ARRIVALS event=652 total=1008
SIPM_ADC event=652 readout=3895 f1far=2721 f2near=3895 f2far=3550
SIPM_ARRIVALS event=300 total=851
SIPM_ADC event=300 readout=2975 f1far=3895 f2near=2607 f2far=2910
SIPM_ARRIVALS event=35 total=701
SIPM_ADC event=35 readout=2592 f1far=1885 f2near=2426 f2far=3314
SIPM_ARRIVALS event=122 total=615
SIPM_ADC event=122 readout=2544 f1far=2849 f2near=1632 f2far=1852
SIPM_ARRIVALS event=385 total=707
SIPM_ADC event=385 readout=2992 f1far=2375 f2near=3895 f2far=1624
SIPM_ARRIVALS event=79 total=654
SIPM_ADC event=79 readout=2853 f1far=2846 f2near=2312 f2far=2635
SIPM_ARRIVALS event=520 total=840
SIPM_ADC event=520 readout=3895 f1far=3234 f2near=3895 f2far=2231
SIPM_ARRIVALS event=563 total=724
SIPM_ADC event=563 readout=3018 f1far=1667 f2near=3895 f2far=2695
SIPM_ARRIVALS event=342 total=775
SIPM_ADC event=342 readout=3895 f1far=3573 f2near=2471 f2far=2631
SIPM_ARRIVALS event=431 total=559
SIPM_ADC event=431 readout=3078 f1far=2097 f2near=2163 f2far=2156
SIPM_ARRIVALS event=695 total=664
SIPM_ADC event=695 readout=2777 f1far=2502 f2near=2030 f2far=1771
SIPM_ARRIVALS event=608 total=948
SIPM_ADC event=608 readout=3895 f1far=2191 f2near=3895 f2far=3340
SIPM_ARRIVALS event=474 total=700
SIPM_ADC event=474 readout=3330 f1far=1323 f2near=3250 f2far=2184
SIPM_ARRIVALS event=210 total=863
SIPM_ADC event=210 readout=3635 f1far=2231 f2near=3895 f2far=3254
SIPM_ARRIVALS event=653 total=700
SIPM_ADC event=653 readout=3895 f1far=2443 f2near=2474 f2far=1560
SIPM_ARRIVALS event=167 total=738
SIPM_ADC event=167 readout=2497 f1far=1285 f2near=3895 f2far=2440
SIPM_ARRIVALS event=252 total=1014
SIPM_ADC event=252 readout=3184 f1far=3416 f2near=3895 f2far=3895
SIPM_ARRIVALS event=36 total=626
SIPM_ADC event=36 readout=2342 f1far=3218 f2near=1979 f2far=2008
SIPM_ARRIVALS event=80 total=604
SIPM_ADC event=80 readout=2849 f1far=2904 f2near=2362 f2far=2449
SIPM_ARRIVALS event=301 total=680
SIPM_ADC event=301 readout=2462 f1far=2771 f2near=2740 f2far=2858
SIPM_ARRIVALS event=123 total=625
SIPM_ADC event=123 readout=3344 f1far=2591 f2near=1997 f2far=1955
SIPM_ARRIVALS event=386 total=701
SIPM_ADC event=386 readout=2737 f1far=1396 f2near=3520 f2far=2559
SIPM_ARRIVALS event=521 total=606
SIPM_ADC event=521 readout=2069 f1far=2193 f2near=2246 f2far=3513
SIPM_ARRIVALS event=564 total=619
SIPM_ADC event=564 readout=2674 f1far=3303 f2near=2363 f2far=1906
SIPM_ARRIVALS event=343 total=647
SIPM_ADC event=343 readout=3328 f1far=1948 f2near=3895 f2far=2158
SIPM_ARRIVALS event=432 total=716
SIPM_ADC event=432 readout=2415 f1far=3496 f2near=1797 f2far=2664
SIPM_ARRIVALS event=696 total=703
SIPM_ADC event=696 readout=2463 f1far=3334 f2near=2001 f2far=2055
SIPM_ARRIVALS event=475 total=795
SIPM_ADC event=475 readout=2335 f1far=2533 f2near=2912 f2far=3632
SIPM_ARRIVALS event=609 total=960
SIPM_ADC event=609 readout=1889 f1far=3675 f2near=2968 f2far=3895
SIPM_ARRIVALS event=253 total=687
SIPM_ADC event=253 readout=3603 f1far=1973 f2near=2419 f2far=2543
SIPM_ARRIVALS event=654 total=828
SIPM_ADC event=654 readout=2275 f1far=3895 f2near=1987 f2far=3152
SIPM_ARRIVALS event=168 total=651
SIPM_ADC event=168 readout=3149 f1far=1633 f2near=3103 f2far=2462
SIPM_ARRIVALS event=81 total=669
SIPM_ADC event=81 readout=3094 f1far=2704 f2near=2725 f2far=2282
SIPM_ARRIVALS event=522 total=539
SIPM_ADC event=522 readout=1819 f1far=1965 f2near=2461 f2far=2411
SIPM_ARRIVALS event=211 total=847
SIPM_ADC event=211 readout=2575 f1far=3392 f2near=3465 f2far=3895
SIPM_ARRIVALS event=124 total=637
SIPM_ADC event=124 readout=1967 f1far=2098 f2near=2302 f2far=3706
SIPM_ARRIVALS event=387 total=653
SIPM_ADC event=387 readout=3769 f1far=2693 f2near=2261 f2far=1651
SIPM_ARRIVALS event=565 total=708
SIPM_ADC event=565 readout=3895 f1far=2225 f2near=3666 f2far=1488
SIPM_ARRIVALS event=37 total=910
SIPM_ADC event=37 readout=2384 f1far=2541 f2near=3030 f2far=3895
SIPM_ARRIVALS event=302 total=938
SIPM_ADC event=302 readout=3887 f1far=3673 f2near=3163 f2far=2933
SIPM_ARRIVALS event=344 total=725
SIPM_ADC event=344 readout=1899 f1far=3250 f2near=3230 f2far=3895
SIPM_ARRIVALS event=433 total=774
SIPM_ADC event=433 readout=1635 f1far=3595 f2near=2361 f2far=3718
SIPM_ARRIVALS event=697 total=838
SIPM_ADC event=697 readout=3895 f1far=2741 f2near=2856 f2far=2425
SIPM_ARRIVALS event=476 total=667
SIPM_ADC event=476 readout=1832 f1far=3425 f2near=1598 f2far=3802
SIPM_ARRIVALS event=610 total=707
SIPM_ADC event=610 readout=2593 f1far=2245 f2near=2966 f2far=3341
SIPM_ARRIVALS event=169 total=541
SIPM_ADC event=169 readout=2596 f1far=2005 f2near=2289 f2far=1125
SIPM_ARRIVALS event=655 total=703
SIPM_ADC event=655 readout=2918 f1far=2975 f2near=2308 f2far=3103
SIPM_ARRIVALS event=254 total=714
SIPM_ADC event=254 readout=2561 f1far=3283 f2near=2787 f2far=2684
SIPM_ARRIVALS event=125 total=633
SIPM_ADC event=125 readout=3417 f1far=2279 f2near=2450 f2far=1694
SIPM_ARRIVALS event=82 total=798
SIPM_ADC event=82 readout=3895 f1far=3126 f2near=3600 f2far=1783
SIPM_ARRIVALS event=212 total=766
SIPM_ADC event=212 readout=3421 f1far=2819 f2near=3895 f2far=2779
SIPM_ARRIVALS event=388 total=692
SIPM_ADC event=388 readout=3895 f1far=2537 f2near=3001 f2far=2314
SIPM_ARRIVALS event=566 total=753
SIPM_ADC event=566 readout=2408 f1far=3613 f2near=1475 f2far=3755
SIPM_ARRIVALS event=523 total=832
SIPM_ADC event=523 readout=3608 f1far=2339 f2near=3895 f2far=2782
SIPM_ARRIVALS event=303 total=702
SIPM_ADC event=303 readout=2511 f1far=2355 f2near=3509 f2far=2936
SIPM_ARRIVALS event=38 total=806
SIPM_ADC event=38 readout=3895 f1far=3492 f2near=3191 f2far=2123
SIPM_ARRIVALS event=434 total=626
SIPM_ADC event=434 readout=2360 f1far=2679 f2near=2776 f2far=2335
SIPM_ARRIVALS event=656 total=603
SIPM_ADC event=656 readout=1901 f1far=2316 f2near=2556 f2far=2059
SIPM_ARRIVALS event=698 total=914
SIPM_ADC event=698 readout=2347 f1far=3895 f2near=2911 f2far=3895
SIPM_ARRIVALS event=611 total=748
SIPM_ADC event=611 readout=3895 f1far=3426 f2near=2045 f2far=2122
SIPM_ARRIVALS event=477 total=738
SIPM_ADC event=477 readout=2662 f1far=3618 f2near=2454 f2far=2745
SIPM_ARRIVALS event=345 total=1097
SIPM_ADC event=345 readout=3779 f1far=3895 f2near=3895 f2far=3895
SIPM_ARRIVALS event=126 total=726
SIPM_ADC event=126 readout=2623 f1far=1657 f2near=3486 f2far=3056
SIPM_ARRIVALS event=524 total=612
SIPM_ADC event=524 readout=1827 f1far=2468 f2near=1592 f2far=3045
SIPM_ARRIVALS event=567 total=652
SIPM_ADC event=567 readout=2841 f1far=2321 f2near=2915 f2far=3066
SIPM_ARRIVALS event=255 total=884
SIPM_ADC event=255 readout=2679 f1far=3895 f2near=2401 f2far=3895
SIPM_ARRIVALS event=170 total=918
SIPM_ADC event=170 readout=3500 f1far=2894 f2near=3401 f2far=2979
SIPM_ARRIVALS event=83 total=819
SIPM_ADC event=83 readout=3563 f1far=3895 f2near=3043 f2far=2842
SIPM_ARRIVALS event=389 total=740
SIPM_ADC event=389 readout=2772 f1far=2207 f2near=3017 f2far=2349
SIPM_ARRIVALS event=304 total=756
SIPM_ADC event=304 readout=3284 f1far=3410 f2near=2261 f2far=1785
SIPM_ARRIVALS event=435 total=740
SIPM_ADC event=435 readout=3895 f1far=2208 f2near=3248 f2far=1956
SIPM_ARRIVALS event=39 total=931
SIPM_ADC event=39 readout=2516 f1far=3895 f2near=1737 f2far=3895
SIPM_ARRIVALS event=657 total=700
SIPM_ADC event=657 readout=2534 f1far=3895 f2near=1507 f2far=2498
SIPM_ARRIVALS event=213 total=1036
SIPM_ADC event=213 readout=3185 f1far=3895 f2near=3895 f2far=3895
SIPM_ARRIVALS event=478 total=754
SIPM_ADC event=478 readout=3545 f1far=2013 f2near=3562 f2far=1927
SIPM_ARRIVALS event=612 total=715
SIPM_ADC event=612 readout=2496 f1far=2111 f2near=3194 f2far=2837
SIPM_ARRIVALS event=568 total=577
SIPM_ADC event=568 readout=2454 f1far=1927 f2near=2582 f2far=2192
SIPM_ARRIVALS event=525 total=755
SIPM_ADC event=525 readout=3895 f1far=1902 f2near=3895 f2far=2202
SIPM_ARRIVALS event=699 total=850
SIPM_ADC event=699 readout=2413 f1far=3374 f2near=2905 f2far=3895
SIPM_ARRIVALS event=346 total=868
SIPM_ADC event=346 readout=3895 f1far=2074 f2near=3895 f2far=2118
SIPM_ARRIVALS event=127 total=730
SIPM_ADC event=127 readout=2006 f1far=2399 f2near=3629 f2far=3593
SIPM_ARRIVALS event=171 total=665
SIPM_ADC event=171 readout=2658 f1far=2544 f2near=2753 f2far=2551
SIPM_ARRIVALS event=84 total=682
SIPM_ADC event=84 readout=1765 f1far=2600 f2near=3534 f2far=3456
SIPM_ARRIVALS event=256 total=724
SIPM_ADC event=256 readout=3107 f1far=2818 f2near=2509 f2far=3164
SIPM_ARRIVALS event=390 total=731
SIPM_ADC event=390 readout=3457 f1far=2221 f2near=2732 f2far=2711
SIPM_ARRIVALS event=436 total=666
SIPM_ADC event=436 readout=2005 f1far=2421 f2near=2772 f2far=3895
SIPM_ARRIVALS event=40 total=673
SIPM_ADC event=40 readout=2931 f1far=2185 f2near=2764 f2far=2647
SIPM_ARRIVALS event=305 total=825
SIPM_ADC event=305 readout=3231 f1far=2370 f2near=3895 f2far=3515
SIPM_ARRIVALS event=613 total=660
SIPM_ADC event=613 readout=1735 f1far=2274 f2near=2621 f2far=3037
SIPM_ARRIVALS event=214 total=802
SIPM_ADC event=214 readout=2105 f1far=3895 f2near=2381 f2far=3880
SIPM_ARRIVALS event=569 total=705
SIPM_ADC event=569 readout=3124 f1far=2829 f2near=3392 f2far=2117
SIPM_ARRIVALS event=479 total=666
SIPM_ADC event=479 readout=2301 f1far=2894 f2near=2083 f2far=2772
SIPM_ARRIVALS event=700 total=731
SIPM_ADC event=700 readout=3119 f1far=2207 f2near=3691 f2far=2311
SIPM_ARRIVALS event=347 total=639
SIPM_ADC event=347 readout=3457 f1far=2070 f2near=2403 f2far=1302
SIPM_ARRIVALS event=526 total=823
SIPM_ADC event=526 readout=2720 f1far=3446 f2near=2658 f2far=3413
SIPM_ARRIVALS event=658 total=1056
SIPM_ADC event=658 readout=3238 f1far=3895 f2near=2830 f2far=3895
SIPM_ARRIVALS event=85 total=652
SIPM_ADC event=85 readout=3825 f1far=2732 f2near=2393 f2far=2208
SIPM_ARRIVALS event=128 total=698
SIPM_ADC event=128 readout=2401 f1far=3380 f2near=1713 f2far=3076
SIPM_ARRIVALS event=257 total=718
SIPM_ADC event=257 readout=2278 f1far=3156 f2near=2180 f2far=3248
SIPM_ARRIVALS event=172 total=877
SIPM_ADC event=172 readout=3895 f1far=2316 f2near=3895 f2far=2312
SIPM_ARRIVALS event=306 total=626
SIPM_ADC event=306 readout=3500 f1far=1560 f2near=2814 f2far=2038
SIPM_ARRIVALS event=391 total=839
SIPM_ADC event=391 readout=3895 f1far=2686 f2near=3895 f2far=2277
SIPM_ARRIVALS event=41 total=681
SIPM_ADC event=41 readout=2322 f1far=2823 f2near=3425 f2far=2502
SIPM_ARRIVALS event=570 total=610
SIPM_ADC event=570 readout=3895 f1far=2052 f2near=3074 f2far=1340
SIPM_ARRIVALS event=215 total=625
SIPM_ADC event=215 readout=2293 f1far=3157 f2near=2928 f2far=2112
SIPM_ARRIVALS event=614 total=646
SIPM_ADC event=614 readout=2884 f1far=2126 f2near=2970 f2far=2748
SIPM_ARRIVALS event=701 total=655
SIPM_ADC event=701 readout=2122 f1far=2839 f2near=2457 f2far=3366
SIPM_ARRIVALS event=480 total=753
SIPM_ADC event=480 readout=3495 f1far=2005 f2near=2493 f2far=1938
SIPM_ARRIVALS event=527 total=645
SIPM_ADC event=527 readout=1523 f1far=2856 f2near=2908 f2far=2940
SIPM_ARRIVALS event=437 total=975
SIPM_ADC event=437 readout=3895 f1far=3895 f2near=3102 f2far=2811
SIPM_ARRIVALS event=86 total=761
SIPM_ADC event=86 readout=3358 f1far=1998 f2near=2880 f2far=2354
SIPM_ARRIVALS event=659 total=699
SIPM_ADC event=659 readout=3411 f1far=2816 f2near=2919 f2far=2017
SIPM_ARRIVALS event=348 total=735
SIPM_ADC event=348 readout=3321 f1far=3821 f2near=2320 f2far=1997
SIPM_ARRIVALS event=129 total=704
SIPM_ADC event=129 readout=2572 f1far=3138 f2near=3047 f2far=2655
SIPM_ARRIVALS event=307 total=685
SIPM_ADC event=307 readout=1560 f1far=2538 f2near=3626 f2far=3150
SIPM_ARRIVALS event=173 total=759
SIPM_ADC event=173 readout=2074 f1far=2963 f2near=3183 f2far=3391
SIPM_ARRIVALS event=571 total=629
SIPM_ADC event=571 readout=3895 f1far=1802 f2near=3039 f2far=2064
SIPM_ARRIVALS event=392 total=773
SIPM_ADC event=392 readout=3895 f1far=2885 f2near=2875 f2far=2451
SIPM_ARRIVALS event=42 total=809
SIPM_ADC event=42 readout=3895 f1far=3057 f2near=3040 f2far=1719
SIPM_ARRIVALS event=258 total=1031
SIPM_ADC event=258 readout=3403 f1far=3895 f2near=2517 f2far=3740
SIPM_ARRIVALS event=216 total=851
SIPM_ADC event=216 readout=3815 f1far=2238 f2near=3895 f2far=2328
SIPM_ARRIVALS event=702 total=734
SIPM_ADC event=702 readout=2528 f1far=2550 f2near=3475 f2far=2549
SIPM_ARRIVALS event=87 total=644
SIPM_ADC event=87 readout=2408 f1far=3495 f2near=1441 f2far=2553
SIPM_ARRIVALS event=615 total=1016
SIPM_ADC event=615 readout=3080 f1far=3895 f2near=2827 f2far=3895
SIPM_ARRIVALS event=481 total=643
SIPM_ADC event=481 readout=2260 f1far=2945 f2near=1523 f2far=2514
SIPM_ARRIVALS event=704 total=692
SIPM_ADC event=704 readout=1881 f1far=2694 f2near=3254 f2far=2926
SIPM_ARRIVALS event=349 total=664
SIPM_ADC event=349 readout=3184 f1far=2106 f2near=2318 f2far=2216
SIPM_ARRIVALS event=748 total=700
SIPM_ADC event=748 readout=3454 f1far=3698 f2near=1776 f2far=2825
SIPM_ARRIVALS event=438 total=762
SIPM_ADC event=438 readout=3472 f1far=3228 f2near=3163 f2far=2479
SIPM_ARRIVALS event=792 total=751
SIPM_ADC event=792 readout=2630 f1far=3895 f2near=1856 f2far=3333
SIPM_ARRIVALS event=130 total=711
SIPM_ADC event=130 readout=2274 f1far=2635 f2near=3382 f2far=3180
SIPM_ARRIVALS event=836 total=701
SIPM_ADC event=836 readout=2933 f1far=1695 f2near=3550 f2far=2426
SIPM_ARRIVALS event=393 total=644
SIPM_ADC event=393 readout=3214 f1far=2725 f2near=2788 f2far=1822
SIPM_ARRIVALS event=174 total=754
SIPM_ADC event=174 readout=1981 f1far=2948 f2near=3117 f2far=3728
SIPM_ARRIVALS event=259 total=756
SIPM_ADC event=259 readout=3895 f1far=3385 f2near=2680 f2far=1361
SIPM_ARRIVALS event=217 total=648
SIPM_ADC event=217 readout=1815 f1far=3151 f2near=2692 f2far=2995
SIPM_ARRIVALS event=880 total=674
SIPM_ADC event=880 readout=1828 f1far=2872 f2near=2345 f2far=3098
SIPM_ARRIVALS event=43 total=953
SIPM_ADC event=43 readout=3895 f1far=3670 f2near=2469 f2far=3347
SIPM_ARRIVALS event=703 total=726
SIPM_ADC event=703 readout=2564 f1far=2750 f2near=2997 f2far=2490
SIPM_ARRIVALS event=705 total=696
SIPM_ADC event=705 readout=2192 f1far=2379 f2near=3187 f2far=2689
SIPM_ARRIVALS event=749 total=668
SIPM_ADC event=749 readout=2744 f1far=3251 f2near=2728 f2far=1880
SIPM_ARRIVALS event=439 total=568
SIPM_ADC event=439 readout=1330 f1far=1374 f2near=2906 f2far=1941
SIPM_ARRIVALS event=482 total=976
SIPM_ADC event=482 readout=3895 f1far=3279 f2near=3895 f2far=2716
SIPM_ARRIVALS event=924 total=838
SIPM_ADC event=924 readout=3471 f1far=3806 f2near=2847 f2far=3895
SIPM_ARRIVALS event=350 total=870
SIPM_ADC event=350 readout=2356 f1far=3895 f2near=2391 f2far=3895
SIPM_ARRIVALS event=793 total=827
SIPM_ADC event=793 readout=1852 f1far=3895 f2near=3006 f2far=3178
SIPM_ARRIVALS event=131 total=749
SIPM_ADC event=131 readout=1737 f1far=2269 f2near=3255 f2far=2993
SIPM_ARRIVALS event=837 total=746
SIPM_ADC event=837 readout=2139 f1far=3336 f2near=2053 f2far=2980
SIPM_ARRIVALS event=218 total=586
SIPM_ADC event=218 readout=1833 f1far=1860 f2near=2960 f2far=2588
SIPM_ARRIVALS event=706 total=550
SIPM_ADC event=706 readout=1628 f1far=2277 f2near=1599 f2far=2585
SIPM_ARRIVALS event=881 total=655
SIPM_ADC event=881 readout=2960 f1far=1422 f2near=2209 f2far=1934
SIPM_ARRIVALS event=175 total=748
SIPM_ADC event=175 readout=2680 f1far=3895 f2near=1512 f2far=3895
SIPM_ARRIVALS event=260 total=687
SIPM_ADC event=260 readout=3040 f1far=1962 f2near=3388 f2far=2723
SIPM_ARRIVALS event=750 total=655
SIPM_ADC event=750 readout=1506 f1far=3240 f2near=2083 f2far=3216
SIPM_ARRIVALS event=968 total=779
SIPM_ADC event=968 readout=3895 f1far=2461 f2near=3895 f2far=2406
SIPM_ARRIVALS event=1012 total=820
SIPM_ADC event=1012 readout=2940 f1far=2993 f2near=2714 f2far=3601
SIPM_ARRIVALS event=925 total=754
SIPM_ADC event=925 readout=3349 f1far=2276 f2near=3529 f2far=2852
SIPM_ARRIVALS event=1056 total=697
SIPM_ADC event=1056 readout=2722 f1far=3328 f2near=2341 f2far=2501
SIPM_ARRIVALS event=394 total=1153
SIPM_ADC event=394 readout=3571 f1far=3895 f2near=3787 f2far=3895
SIPM_ARRIVALS event=483 total=686
SIPM_ADC event=483 readout=2204 f1far=2953 f2near=2688 f2far=2516
SIPM_ARRIVALS event=794 total=724
SIPM_ADC event=794 readout=2044 f1far=3343 f2near=2269 f2far=3895
SIPM_ARRIVALS event=1100 total=662
SIPM_ADC event=1100 readout=2169 f1far=3192 f2near=3644 f2far=3232
SIPM_ARRIVALS event=351 total=818
SIPM_ADC event=351 readout=1844 f1far=2758 f2near=3339 f2far=3895
SIPM_ARRIVALS event=838 total=763
SIPM_ADC event=838 readout=2202 f1far=3895 f2near=2269 f2far=3895
SIPM_ARRIVALS event=261 total=607
SIPM_ADC event=261 readout=1797 f1far=1656 f2near=2642 f2far=2838
SIPM_ARRIVALS event=219 total=635
SIPM_ADC event=219 readout=3895 f1far=2824 f2near=2610 f2far=1688
SIPM_ARRIVALS event=1144 total=671
SIPM_ADC event=1144 readout=2559 f1far=2519 f2near=3895 f2far=1778
SIPM_ARRIVALS event=707 total=766
SIPM_ADC event=707 readout=2817 f1far=3079 f2near=2090 f2far=2893
SIPM_ARRIVALS event=751 total=708
SIPM_ADC event=751 readout=3163 f1far=2036 f2near=3001 f2far=1879
SIPM_ARRIVALS event=1013 total=656
SIPM_ADC event=1013 readout=2178 f1far=3535 f2near=1970 f2far=3066
SIPM_ARRIVALS event=969 total=723
SIPM_ADC event=969 readout=2165 f1far=2121 f2near=3358 f2far=3378
SIPM_ARRIVALS event=926 total=679
SIPM_ADC event=926 readout=2322 f1far=3895 f2near=1693 f2far=1845
SIPM_ARRIVALS event=882 total=928
SIPM_ADC event=882 readout=3895 f1far=3357 f2near=3617 f2far=3592
SIPM_ARRIVALS event=395 total=637
SIPM_ADC event=395 readout=2565 f1far=1901 f2near=2321 f2far=2999
SIPM_ARRIVALS event=795 total=596
SIPM_ADC event=795 readout=2003 f1far=3810 f2near=1340 f2far=2732
SIPM_ARRIVALS event=1188 total=839
SIPM_ADC event=1188 readout=3895 f1far=2720 f2near=3895 f2far=1974
SIPM_ARRIVALS event=1057 total=797
SIPM_ADC event=1057 readout=3628 f1far=3895 f2near=2320 f2far=3000
SIPM_ARRIVALS event=1232 total=717
SIPM_ADC event=1232 readout=2487 f1far=3895 f2near=1519 f2far=3647
SIPM_ARRIVALS event=839 total=695
SIPM_ADC event=839 readout=1534 f1far=3135 f2near=2867 f2far=3395
SIPM_ARRIVALS event=1101 total=948
SIPM_ADC event=1101 readout=3895 f1far=3157 f2near=3341 f2far=2036
SIPM_ARRIVALS event=752 total=660
SIPM_ADC event=752 readout=2346 f1far=2493 f2near=2042 f2far=3029
SIPM_ARRIVALS event=708 total=742
SIPM_ADC event=708 readout=2885 f1far=3702 f2near=2632 f2far=2552
SIPM_ARRIVALS event=262 total=851
SIPM_ADC event=262 readout=2981 f1far=1886 f2near=3895 f2far=3116
SIPM_ARRIVALS event=1145 total=812
SIPM_ADC event=1145 readout=2483 f1far=3895 f2near=2094 f2far=3492
SIPM_ARRIVALS event=1276 total=746
SIPM_ADC event=1276 readout=2469 f1far=3895 f2near=2386 f2far=2760
SIPM_ARRIVALS event=1014 total=757
SIPM_ADC event=1014 readout=3671 f1far=2257 f2near=3895 f2far=2578
SIPM_ARRIVALS event=927 total=686
SIPM_ADC event=927 readout=1437 f1far=2572 f2near=1388 f2far=3895
SIPM_ARRIVALS event=883 total=720
SIPM_ADC event=883 readout=2050 f1far=2440 f2near=2414 f2far=3470
SIPM_ARRIVALS event=1320 total=701
SIPM_ADC event=1320 readout=1645 f1far=3081 f2near=2415 f2far=3895
SIPM_ARRIVALS event=970 total=773
SIPM_ADC event=970 readout=3241 f1far=2917 f2near=2287 f2far=2053
SIPM_ARRIVALS event=796 total=744
SIPM_ADC event=796 readout=1963 f1far=2963 f2near=2209 f2far=3895
SIPM_ARRIVALS event=1058 total=632
SIPM_ADC event=1058 readout=2207 f1far=2465 f2near=2494 f2far=2354
SIPM_ARRIVALS event=1233 total=736
SIPM_ADC event=1233 readout=3895 f1far=2490 f2near=3359 f2far=1778
SIPM_ARRIVALS event=1189 total=705
SIPM_ADC event=1189 readout=2607 f1far=3018 f2near=1867 f2far=3445
SIPM_ARRIVALS event=840 total=666
SIPM_ADC event=840 readout=2618 f1far=2065 f2near=3235 f2far=1937
SIPM_ARRIVALS event=709 total=677
SIPM_ADC event=709 readout=2402 f1far=3895 f2near=1837 f2far=2755
SIPM_ARRIVALS event=753 total=696
SIPM_ADC event=753 readout=2772 f1far=2308 f2near=2936 f2far=2745
SIPM_ARRIVALS event=263 total=647
SIPM_ADC event=263 readout=2963 f1far=1826 f2near=2905 f2far=2136
SIPM_ARRIVALS event=884 total=583
SIPM_ADC event=884 readout=2028 f1far=2519 f2near=2421 f2far=2192
SIPM_ARRIVALS event=1015 total=747
SIPM_ADC event=1015 readout=3895 f1far=2027 f2near=3281 f2far=1738
SIPM_ARRIVALS event=1102 total=883
SIPM_ADC event=1102 readout=3895 f1far=2581 f2near=3895 f2far=1952
SIPM_ARRIVALS event=1277 total=725
SIPM_ADC event=1277 readout=3895 f1far=2177 f2near=2597 f2far=1352
SIPM_ARRIVALS event=928 total=780
SIPM_ADC event=928 readout=1983 f1far=3331 f2near=3106 f2far=3895
SIPM_ARRIVALS event=1146 total=704
SIPM_ADC event=1146 readout=3579 f1far=3115 f2near=2128 f2far=2495
SIPM_ARRIVALS event=1321 total=629
SIPM_ADC event=1321 readout=1953 f1far=1697 f2near=3045 f2far=2564
SIPM_ARRIVALS event=797 total=674
SIPM_ADC event=797 readout=3657 f1far=2268 f2near=2562 f2far=1476
SIPM_ARRIVALS event=971 total=796
SIPM_ADC event=971 readout=2854 f1far=3653 f2near=3449 f2far=2427
SIPM_ARRIVALS event=1059 total=698
SIPM_ADC event=1059 readout=3143 f1far=2492 f2near=2975 f2far=2759
SIPM_ARRIVALS event=1190 total=730
SIPM_ADC event=1190 readout=2486 f1far=2489 f2near=3415 f2far=1980
SIPM_ARRIVALS event=841 total=838
SIPM_ADC event=841 readout=1648 f1far=3895 f2near=3334 f2far=3895
SIPM_ARRIVALS event=1234 total=744
SIPM_ADC event=1234 readout=2199 f1far=2542 f2near=3289 f2far=3143
SIPM_ARRIVALS event=885 total=671
SIPM_ADC event=885 readout=3895 f1far=1972 f2near=3367 f2far=2151
SIPM_ARRIVALS event=754 total=702
SIPM_ADC event=754 readout=2494 f1far=3895 f2near=1627 f2far=3174
SIPM_ARRIVALS event=1364 total=735
SIPM_ADC event=1364 readout=1977 f1far=3204 f2near=2314 f2far=3895
SIPM_ARRIVALS event=710 total=737
SIPM_ADC event=710 readout=2817 f1far=3772 f2near=2355 f2far=2776
SIPM_ARRIVALS event=1103 total=575
SIPM_ADC event=1103 readout=1659 f1far=1780 f2near=1917 f2far=3678
SIPM_ARRIVALS event=929 total=715
SIPM_ADC event=929 readout=3746 f1far=2058 f2near=2555 f2far=1551
SIPM_ARRIVALS event=1147 total=695
SIPM_ADC event=1147 readout=2069 f1far=2553 f2near=2449 f2far=3895
SIPM_ARRIVALS event=1278 total=719
SIPM_ADC event=1278 readout=3157 f1far=2005 f2near=3895 f2far=2450
SIPM_ARRIVALS event=1016 total=781
SIPM_ADC event=1016 readout=2788 f1far=3823 f2near=2366 f2far=3269
SIPM_ARRIVALS event=1322 total=678
SIPM_ADC event=1322 readout=2929 f1far=2173 f2near=3718 f2far=2925
SIPM_ARRIVALS event=972 total=757
SIPM_ADC event=972 readout=3184 f1far=1668 f2near=3895 f2far=2060
SIPM_ARRIVALS event=798 total=718
SIPM_ADC event=798 readout=2096 f1far=2660 f2near=2873 f2far=3208
SIPM_ARRIVALS event=1060 total=681
SIPM_ADC event=1060 readout=1610 f1far=2514 f2near=2814 f2far=3546
SIPM_ARRIVALS event=842 total=616
SIPM_ADC event=842 readout=3697 f1far=1927 f2near=3274 f2far=1710
SIPM_ARRIVALS event=1191 total=740
SIPM_ADC event=1191 readout=3892 f1far=2025 f2near=3378 f2far=1916
SIPM_ARRIVALS event=1235 total=741
SIPM_ADC event=1235 readout=1959 f1far=3196 f2near=2924 f2far=3397
SIPM_ARRIVALS event=886 total=692
SIPM_ADC event=886 readout=2708 f1far=2702 f2near=2442 f2far=1881
SIPM_ARRIVALS event=711 total=699
SIPM_ADC event=711 readout=2363 f1far=2921 f2near=2286 f2far=2480
SIPM_ARRIVALS event=1148 total=616
SIPM_ADC event=1148 readout=1352 f1far=2997 f2near=2190 f2far=3393
SIPM_ARRIVALS event=1365 total=749
SIPM_ADC event=1365 readout=2532 f1far=2297 f2near=2568 f2far=3430
SIPM_ARRIVALS event=755 total=767
SIPM_ADC event=755 readout=3303 f1far=3859 f2near=3200 f2far=3895
SIPM_ARRIVALS event=930 total=675
SIPM_ADC event=930 readout=2442 f1far=2328 f2near=3239 f2far=2315
SIPM_ARRIVALS event=1279 total=595
SIPM_ADC event=1279 readout=1892 f1far=1645 f2near=3066 f2far=2609
SIPM_ARRIVALS event=1104 total=826
SIPM_ADC event=1104 readout=3071 f1far=3238 f2near=3895 f2far=2233
SIPM_ARRIVALS event=1017 total=720
SIPM_ADC event=1017 readout=2985 f1far=3331 f2near=2196 f2far=3416
SIPM_ARRIVALS event=973 total=631
SIPM_ADC event=973 readout=2400 f1far=1771 f2near=2493 f2far=2661
SIPM_ARRIVALS event=1323 total=692
SIPM_ADC event=1323 readout=2352 f1far=2570 f2near=3014 f2far=3860
SIPM_ARRIVALS event=843 total=710
SIPM_ADC event=843 readout=3456 f1far=3080 f2near=2683 f2far=2122
SIPM_ARRIVALS event=1061 total=850
SIPM_ADC event=1061 readout=3895 f1far=1685 f2near=3895 f2far=2208
SIPM_ARRIVALS event=799 total=821
SIPM_ADC event=799 readout=3470 f1far=2286 f2near=3383 f2far=3718
SIPM_ARRIVALS event=1192 total=628
SIPM_ADC event=1192 readout=2890 f1far=1755 f2near=2158 f2far=1842
SIPM_ARRIVALS event=887 total=706
SIPM_ADC event=887 readout=2188 f1far=3895 f2near=1810 f2far=2926
SIPM_ARRIVALS event=712 total=664
SIPM_ADC event=712 readout=3187 f1far=2256 f2near=3149 f2far=1676
SIPM_ARRIVALS event=931 total=616
SIPM_ADC event=931 readout=2409 f1far=2051 f2near=2535 f2far=2173
SIPM_ARRIVALS event=1149 total=677
SIPM_ADC event=1149 readout=2986 f1far=1767 f2near=3494 f2far=2004
SIPM_ARRIVALS event=1105 total=634
SIPM_ADC event=1105 readout=1927 f1far=2998 f2near=1920 f2far=2637
SIPM_ARRIVALS event=1366 total=662
SIPM_ADC event=1366 readout=2956 f1far=2599 f2near=2081 f2far=2359
SIPM_ARRIVALS event=1236 total=696
SIPM_ADC event=1236 readout=2237 f1far=3194 f2near=3465 f2far=1918
SIPM_ARRIVALS event=974 total=597
SIPM_ADC event=974 readout=2689 f1far=2628 f2near=2032 f2far=2454
SIPM_ARRIVALS event=1018 total=647
SIPM_ADC event=1018 readout=3165 f1far=2092 f2near=3042 f2far=1924
SIPM_ARRIVALS event=1280 total=698
SIPM_ADC event=1280 readout=2890 f1far=2303 f2near=1949 f2far=2687
SIPM_ARRIVALS event=756 total=716
SIPM_ADC event=756 readout=2876 f1far=2402 f2near=2823 f2far=2158
SIPM_ARRIVALS event=1062 total=701
SIPM_ADC event=1062 readout=3895 f1far=1762 f2near=3689 f2far=1727
SIPM_ARRIVALS event=1324 total=694
SIPM_ADC event=1324 readout=2976 f1far=2269 f2near=2702 f2far=2297
SIPM_ARRIVALS event=844 total=776
SIPM_ADC event=844 readout=3150 f1far=3556 f2near=2046 f2far=2449
SIPM_ARRIVALS event=888 total=733
SIPM_ADC event=888 readout=1819 f1far=3255 f2near=2497 f2far=3879
SIPM_ARRIVALS event=800 total=705
SIPM_ADC event=800 readout=2804 f1far=3073 f2near=2672 f2far=2651
SIPM_ARRIVALS event=932 total=572
SIPM_ADC event=932 readout=2363 f1far=2964 f2near=2160 f2far=2848
SIPM_ARRIVALS event=713 total=740
SIPM_ADC event=713 readout=3126 f1far=2843 f2near=1634 f2far=2773
SIPM_ARRIVALS event=975 total=643
SIPM_ADC event=975 readout=2316 f1far=1510 f2near=3895 f2far=2446
SIPM_ARRIVALS event=1193 total=771
SIPM_ADC event=1193 readout=2745 f1far=2872 f2near=3574 f2far=2983
SIPM_ARRIVALS event=1019 total=579
SIPM_ADC event=1019 readout=2292 f1far=2736 f2near=1130 f2far=2577
SIPM_ARRIVALS event=1150 total=703
SIPM_ADC event=1150 readout=2530 f1far=2177 f2near=3895 f2far=2388
SIPM_ARRIVALS event=1281 total=682
SIPM_ADC event=1281 readout=3209 f1far=3314 f2near=2838 f2far=1163
SIPM_ARRIVALS event=1106 total=811
SIPM_ADC event=1106 readout=3895 f1far=2667 f2near=2929 f2far=2354
SIPM_ARRIVALS event=757 total=657
SIPM_ADC event=757 readout=1951 f1far=2773 f2near=2990 f2far=2375
SIPM_ARRIVALS event=1237 total=891
SIPM_ADC event=1237 readout=3895 f1far=3031 f2near=3895 f2far=3120
SIPM_ARRIVALS event=1367 total=810
SIPM_ADC event=1367 readout=2103 f1far=2451 f2near=3895 f2far=3893
SIPM_ARRIVALS event=1325 total=624
SIPM_ADC event=1325 readout=2613 f1far=2566 f2near=1911 f2far=1921
SIPM_ARRIVALS event=845 total=717
SIPM_ADC event=845 readout=1844 f1far=3077 f2near=2837 f2far=3895
SIPM_ARRIVALS event=1063 total=698
SIPM_ADC event=1063 readout=3080 f1far=2637 f2near=2631 f2far=2271
SIPM_ARRIVALS event=889 total=722
SIPM_ADC event=889 readout=1961 f1far=3300 f2near=1911 f2far=2634
SIPM_ARRIVALS event=801 total=649
SIPM_ADC event=801 readout=2952 f1far=2911 f2near=1815 f2far=1467
SIPM_ARRIVALS event=1020 total=619
SIPM_ADC event=1020 readout=1853 f1far=1955 f2near=3030 f2far=2187
SIPM_ARRIVALS event=714 total=879
SIPM_ADC event=714 readout=3895 f1far=3619 f2near=3398 f2far=1986
SIPM_ARRIVALS event=933 total=939
SIPM_ADC event=933 readout=3895 f1far=2884 f2near=3895 f2far=3895
SIPM_ARRIVALS event=1151 total=709
SIPM_ADC event=1151 readout=2817 f1far=3001 f2near=3557 f2far=3330
SIPM_ARRIVALS event=1282 total=808
SIPM_ADC event=1282 readout=2294 f1far=3684 f2near=3135 f2far=3895
SIPM_ARRIVALS event=758 total=719
SIPM_ADC event=758 readout=3597 f1far=2726 f2near=2991 f2far=2953
SIPM_ARRIVALS event=976 total=862
SIPM_ADC event=976 readout=3098 f1far=2951 f2near=3862 f2far=2897
SIPM_ARRIVALS event=1107 total=731
SIPM_ADC event=1107 readout=2448 f1far=3895 f2near=2465 f2far=3643
SIPM_ARRIVALS event=1194 total=969
SIPM_ADC event=1194 readout=2528 f1far=3895 f2near=3197 f2far=3895
SIPM_ARRIVALS event=1368 total=660
SIPM_ADC event=1368 readout=1712 f1far=2073 f2near=2841 f2far=2940
SIPM_ARRIVALS event=1238 total=898
SIPM_ADC event=1238 readout=2983 f1far=3448 f2near=3895 f2far=3654
SIPM_ARRIVALS event=846 total=737
SIPM_ADC event=846 readout=2132 f1far=1841 f2near=3895 f2far=2981
SIPM_ARRIVALS event=1326 total=742
SIPM_ADC event=1326 readout=2186 f1far=2511 f2near=3200 f2far=2995
SIPM_ARRIVALS event=890 total=682
SIPM_ADC event=890 readout=3017 f1far=2989 f2near=2078 f2far=2176
SIPM_ARRIVALS event=1021 total=705
SIPM_ADC event=1021 readout=2388 f1far=2495 f2near=3436 f2far=3380
SIPM_ARRIVALS event=1064 total=866
SIPM_ADC event=1064 readout=3893 f1far=3895 f2near=2426 f2far=3467
SIPM_ARRIVALS event=934 total=747
SIPM_ADC event=934 readout=3895 f1far=2616 f2near=3602 f2far=1738
SIPM_ARRIVALS event=715 total=705
SIPM_ADC event=715 readout=3124 f1far=2965 f2near=2172 f2far=2623
SIPM_ARRIVALS event=1152 total=663
SIPM_ADC event=1152 readout=2681 f1far=2775 f2near=1584 f2far=2267
SIPM_ARRIVALS event=1283 total=833
SIPM_ADC event=1283 readout=2298 f1far=3895 f2near=2047 f2far=3693
SIPM_ARRIVALS event=802 total=1053
SIPM_ADC event=802 readout=3895 f1far=2878 f2near=3895 f2far=3543
SIPM_ARRIVALS event=1195 total=718
SIPM_ADC event=1195 readout=3019 f1far=1711 f2near=3553 f2far=2527
SIPM_ARRIVALS event=1108 total=755
SIPM_ADC event=1108 readout=3507 f1far=1483 f2near=3895 f2far=3706
SIPM_ARRIVALS event=977 total=750
SIPM_ADC event=977 readout=3397 f1far=2775 f2near=2593 f2far=1753
SIPM_ARRIVALS event=759 total=907
SIPM_ADC event=759 readout=3895 f1far=3288 f2near=3691 f2far=3566
SIPM_ARRIVALS event=847 total=707
SIPM_ADC event=847 readout=3647 f1far=3366 f2near=2476 f2far=1737
SIPM_ARRIVALS event=1369 total=806
SIPM_ADC event=1369 readout=2978 f1far=2815 f2near=3212 f2far=2971
SIPM_ARRIVALS event=1327 total=614
SIPM_ADC event=1327 readout=2332 f1far=1847 f2near=3357 f2far=2414
SIPM_ARRIVALS event=891 total=657
SIPM_ADC event=891 readout=2252 f1far=2020 f2near=2484 f2far=3895
SIPM_ARRIVALS event=1065 total=690
SIPM_ADC event=1065 readout=2814 f1far=2065 f2near=2590 f2far=2535
SIPM_ARRIVALS event=1022 total=774
SIPM_ADC event=1022 readout=3250 f1far=1902 f2near=3895 f2far=3180
SIPM_ARRIVALS event=1239 total=1025
SIPM_ADC event=1239 readout=2101 f1far=3895 f2near=3895 f2far=3895
SIPM_ARRIVALS event=716 total=641
SIPM_ADC event=716 readout=2169 f1far=2202 f2near=2303 f2far=1772
SIPM_ARRIVALS event=1153 total=601
SIPM_ADC event=1153 readout=3187 f1far=2940 f2near=1827 f2far=2238
SIPM_ARRIVALS event=935 total=724
SIPM_ADC event=935 readout=3268 f1far=2810 f2near=2336 f2far=1733
SIPM_ARRIVALS event=1196 total=650
SIPM_ADC event=1196 readout=2698 f1far=2315 f2near=2755 f2far=2341
SIPM_ARRIVALS event=978 total=704
SIPM_ADC event=978 readout=3895 f1far=1705 f2near=3623 f2far=1751
SIPM_ARRIVALS event=1284 total=656
SIPM_ADC event=1284 readout=2501 f1far=2489 f2near=2710 f2far=3529
SIPM_ARRIVALS event=803 total=734
SIPM_ADC event=803 readout=3081 f1far=3383 f2near=2490 f2far=2793
SIPM_ARRIVALS event=1109 total=777
SIPM_ADC event=1109 readout=2874 f1far=3373 f2near=2639 f2far=2501
SIPM_ARRIVALS event=760 total=953
SIPM_ADC event=760 readout=3895 f1far=3418 f2near=3629 f2far=2191
SIPM_ARRIVALS event=1370 total=762
SIPM_ADC event=1370 readout=3086 f1far=2058 f2near=3282 f2far=2859
SIPM_ARRIVALS event=1328 total=712
SIPM_ADC event=1328 readout=2079 f1far=2790 f2near=2780 f2far=2980
SIPM_ARRIVALS event=848 total=896
SIPM_ADC event=848 readout=2821 f1far=3699 f2near=3642 f2far=3895
SIPM_ARRIVALS event=892 total=750
SIPM_ADC event=892 readout=1616 f1far=2747 f2near=2654 f2far=3895
SIPM_ARRIVALS event=1066 total=660
SIPM_ADC event=1066 readout=2489 f1far=3235 f2near=2317 f2far=2167
SIPM_ARRIVALS event=717 total=728
SIPM_ADC event=717 readout=1911 f1far=3895 f2near=1630 f2far=3396
SIPM_ARRIVALS event=1154 total=749
SIPM_ADC event=1154 readout=3895 f1far=1914 f2near=3837 f2far=2170
SIPM_ARRIVALS event=1240 total=862
SIPM_ADC event=1240 readout=3563 f1far=2656 f2near=3895 f2far=2044
SIPM_ARRIVALS event=936 total=753
SIPM_ADC event=936 readout=3249 f1far=2520 f2near=3360 f2far=2624
SIPM_ARRIVALS event=804 total=700
SIPM_ADC event=804 readout=2953 f1far=2694 f2near=3137 f2far=1697
SIPM_ARRIVALS event=1285 total=721
SIPM_ADC event=1285 readout=2049 f1far=3031 f2near=2301 f2far=2485
SIPM_ARRIVALS event=1023 total=977
SIPM_ADC event=1023 readout=3895 f1far=3298 f2near=3398 f2far=2843
SIPM_ARRIVALS event=1197 total=770
SIPM_ADC event=1197 readout=3539 f1far=2264 f2near=3551 f2far=1839
SIPM_ARRIVALS event=979 total=763
SIPM_ADC event=979 readout=3109 f1far=3895 f2near=2689 f2far=3113
SIPM_ARRIVALS event=761 total=705
SIPM_ADC event=761 readout=1624 f1far=2633 f2near=1914 f2far=3828
SIPM_ARRIVALS event=1110 total=724
SIPM_ADC event=1110 readout=3895 f1far=2806 f2near=2594 f2far=2108
SIPM_ARRIVALS event=1371 total=610
SIPM_ADC event=1371 readout=3501 f1far=1474 f2near=2651 f2far=2296
SIPM_ARRIVALS event=893 total=632
SIPM_ADC event=893 readout=2504 f1far=2128 f2near=2628 f2far=1754
SIPM_ARRIVALS event=849 total=842
SIPM_ADC event=849 readout=3078 f1far=3895 f2near=2456 f2far=2936
SIPM_ARRIVALS event=1329 total=725
SIPM_ADC event=1329 readout=3587 f1far=2775 f2near=2478 f2far=2190
SIPM_ARRIVALS event=1067 total=692
SIPM_ADC event=1067 readout=2466 f1far=2557 f2near=2805 f2far=2619
SIPM_ARRIVALS event=718 total=749
SIPM_ADC event=718 readout=3776 f1far=2104 f2near=3793 f2far=2733
SIPM_ARRIVALS event=805 total=666
SIPM_ADC event=805 readout=1081 f1far=2729 f2near=2297 f2far=3517
SIPM_ARRIVALS event=1155 total=852
SIPM_ADC event=1155 readout=3441 f1far=3895 f2near=2293 f2far=2860
SIPM_ARRIVALS event=1024 total=653
SIPM_ADC event=1024 readout=2534 f1far=2836 f2near=2701 f2far=1547
SIPM_ARRIVALS event=1241 total=678
SIPM_ADC event=1241 readout=3311 f1far=2696 f2near=2650 f2far=1632
SIPM_ARRIVALS event=1286 total=761
SIPM_ADC event=1286 readout=1775 f1far=3597 f2near=2782 f2far=3895
SIPM_ARRIVALS event=762 total=591
SIPM_ADC event=762 readout=2438 f1far=1710 f2near=2492 f2far=2143
SIPM_ARRIVALS event=980 total=777
SIPM_ADC event=980 readout=3895 f1far=3365 f2near=2344 f2far=2548
SIPM_ARRIVALS event=1372 total=709
SIPM_ADC event=1372 readout=2780 f1far=1848 f2near=3385 f2far=2881
SIPM_ARRIVALS event=1111 total=690
SIPM_ADC event=1111 readout=3754 f1far=3105 f2near=2499 f2far=2213
SIPM_ARRIVALS event=937 total=994
SIPM_ADC event=937 readout=3895 f1far=3895 f2near=3590 f2far=2937
SIPM_ARRIVALS event=894 total=711
SIPM_ADC event=894 readout=3853 f1far=1686 f2near=3208 f2far=2302
SIPM_ARRIVALS event=1198 total=1025
SIPM_ADC event=1198 readout=3895 f1far=2861 f2near=3895 f2far=3372
SIPM_ARRIVALS event=850 total=742
SIPM_ADC event=850 readout=3748 f1far=2299 f2near=3543 f2far=1915
SIPM_ARRIVALS event=1330 total=607
SIPM_ADC event=1330 readout=2689 f1far=2588 f2near=1989 f2far=1791
SIPM_ARRIVALS event=1068 total=764
SIPM_ADC event=1068 readout=3801 f1far=1871 f2near=3097 f2far=3212
SIPM_ARRIVALS event=806 total=670
SIPM_ADC event=806 readout=1522 f1far=2446 f2near=2354 f2far=3895
SIPM_ARRIVALS event=719 total=871
SIPM_ADC event=719 readout=2212 f1far=3895 f2near=3419 f2far=3895
SIPM_ARRIVALS event=763 total=652
SIPM_ADC event=763 readout=1571 f1far=2517 f2near=2503 f2far=3069
SIPM_ARRIVALS event=1025 total=871
SIPM_ADC event=1025 readout=2809 f1far=3198 f2near=2617 f2far=3895
SIPM_ARRIVALS event=1156 total=847
SIPM_ADC event=1156 readout=3635 f1far=2622 f2near=3895 f2far=2494
SIPM_ARRIVALS event=1287 total=802
SIPM_ADC event=1287 readout=3614 f1far=3101 f2near=3730 f2far=2498
SIPM_ARRIVALS event=1373 total=660
SIPM_ADC event=1373 readout=2282 f1far=2832 f2near=1453 f2far=3569
SIPM_ARRIVALS event=981 total=761
SIPM_ADC event=981 readout=3215 f1far=2257 f2near=3629 f2far=2614
SIPM_ARRIVALS event=1242 total=855
SIPM_ADC event=1242 readout=3569 f1far=3192 f2near=3895 f2far=3401
SIPM_ARRIVALS event=1112 total=739
SIPM_ADC event=1112 readout=2392 f1far=2363 f2near=2498 f2far=3895
SIPM_ARRIVALS event=851 total=668
SIPM_ADC event=851 readout=2643 f1far=2551 f2near=3280 f2far=2847
SIPM_ARRIVALS event=938 total=775
SIPM_ADC event=938 readout=3610 f1far=3685 f2near=3404 f2far=2774
SIPM_ARRIVALS event=1331 total=636
SIPM_ADC event=1331 readout=2579 f1far=2748 f2near=1684 f2far=1951
SIPM_ARRIVALS event=1199 total=807
SIPM_ADC event=1199 readout=3895 f1far=2804 f2near=3320 f2far=2099
SIPM_ARRIVALS event=895 total=878
SIPM_ADC event=895 readout=3265 f1far=3895 f2near=1708 f2far=3895
SIPM_ARRIVALS event=1069 total=612
SIPM_ADC event=1069 readout=1919 f1far=1260 f2near=3639 f2far=2125
SIPM_ARRIVALS event=807 total=750
SIPM_ADC event=807 readout=2852 f1far=2901 f2near=2950 f2far=3642
SIPM_ARRIVALS event=720 total=634
SIPM_ADC event=720 readout=2109 f1far=2260 f2near=3895 f2far=2848
SIPM_ARRIVALS event=1026 total=683
SIPM_ADC event=1026 readout=3108 f1far=1680 f2near=3895 f2far=2181
SIPM_ARRIVALS event=1157 total=659
SIPM_ADC event=1157 readout=2328 f1far=2112 f2near=3356 f2far=2467
SIPM_ARRIVALS event=1288 total=716
SIPM_ADC event=1288 readout=3087 f1far=2518 f2near=3400 f2far=2406
SIPM_ARRIVALS event=1374 total=764
SIPM_ADC event=1374 readout=2814 f1far=3540 f2near=2309 f2far=2490
SIPM_ARRIVALS event=764 total=773
SIPM_ADC event=764 readout=2797 f1far=2330 f2near=3763 f2far=2691
SIPM_ARRIVALS event=982 total=743
SIPM_ADC event=982 readout=3449 f1far=1910 f2near=3056 f2far=2247
SIPM_ARRIVALS event=1243 total=760
SIPM_ADC event=1243 readout=2965 f1far=1632 f2near=3895 f2far=2101
SIPM_ARRIVALS event=939 total=679
SIPM_ADC event=939 readout=2984 f1far=1934 f2near=3432 f2far=2314
SIPM_ARRIVALS event=1332 total=623
SIPM_ADC event=1332 readout=2912 f1far=1602 f2near=2876 f2far=2118
SIPM_ARRIVALS event=1113 total=771
SIPM_ADC event=1113 readout=3895 f1far=1957 f2near=3681 f2far=2094
SIPM_ARRIVALS event=852 total=710
SIPM_ADC event=852 readout=3184 f1far=1983 f2near=3895 f2far=1520
SIPM_ARRIVALS event=1200 total=665
SIPM_ADC event=1200 readout=3240 f1far=2565 f2near=1965 f2far=2799
SIPM_ARRIVALS event=1070 total=710
SIPM_ADC event=1070 readout=3819 f1far=3001 f2near=3065 f2far=2904
SIPM_ARRIVALS event=896 total=599
SIPM_ADC event=896 readout=2368 f1far=2327 f2near=2658 f2far=2374
SIPM_ARRIVALS event=808 total=788
SIPM_ADC event=808 readout=3107 f1far=3895 f2near=2003 f2far=3895
SIPM_ARRIVALS event=1027 total=713
SIPM_ADC event=1027 readout=2886 f1far=3217 f2near=2769 f2far=3013
SIPM_ARRIVALS event=765 total=682
SIPM_ADC event=765 readout=2053 f1far=3499 f2near=2374 f2far=3126
SIPM_ARRIVALS event=721 total=900
SIPM_ADC event=721 readout=3776 f1far=3895 f2near=2813 f2far=3045
SIPM_ARRIVALS event=983 total=576
SIPM_ADC event=983 readout=2265 f1far=2481 f2near=1510 f2far=1563
SIPM_ARRIVALS event=1375 total=661
SIPM_ADC event=1375 readout=1856 f1far=2892 f2near=2858 f2far=3089
SIPM_ARRIVALS event=1289 total=769
SIPM_ADC event=1289 readout=2810 f1far=1575 f2near=3895 f2far=1841
SIPM_ARRIVALS event=940 total=592
SIPM_ADC event=940 readout=2752 f1far=2466 f2near=2040 f2far=1862
SIPM_ARRIVALS event=1114 total=682
SIPM_ADC event=1114 readout=2913 f1far=2370 f2near=2914 f2far=2107
SIPM_ARRIVALS event=1244 total=696
SIPM_ADC event=1244 readout=3218 f1far=1358 f2near=3895 f2far=2810
SIPM_ARRIVALS event=1158 total=784
SIPM_ADC event=1158 readout=3139 f1far=3299 f2near=3477 f2far=3441
SIPM_ARRIVALS event=853 total=674
SIPM_ADC event=853 readout=2869 f1far=2271 f2near=3600 f2far=1062
SIPM_ARRIVALS event=1201 total=702
SIPM_ADC event=1201 readout=3741 f1far=2457 f2near=3895 f2far=1847
SIPM_ARRIVALS event=1333 total=699
SIPM_ADC event=1333 readout=2669 f1far=2208 f2near=2390 f2far=2142
SIPM_ARRIVALS event=897 total=681
SIPM_ADC event=897 readout=3895 f1far=2217 f2near=2402 f2far=2168
SIPM_ARRIVALS event=809 total=674
SIPM_ADC event=809 readout=1444 f1far=3074 f2near=3427 f2far=2890
SIPM_ARRIVALS event=1071 total=725
SIPM_ADC event=1071 readout=2334 f1far=2209 f2near=2787 f2far=2876
SIPM_ARRIVALS event=766 total=640
SIPM_ADC event=766 readout=3895 f1far=2226 f2near=3190 f2far=1628
SIPM_ARRIVALS event=722 total=749
SIPM_ADC event=722 readout=3895 f1far=2301 f2near=3895 f2far=2734
SIPM_ARRIVALS event=1376 total=673
SIPM_ADC event=1376 readout=3810 f1far=1397 f2near=3003 f2far=2305
SIPM_ARRIVALS event=1290 total=635
SIPM_ADC event=1290 readout=1958 f1far=3895 f2near=2242 f2far=2955
SIPM_ARRIVALS event=984 total=715
SIPM_ADC event=984 readout=3887 f1far=3895 f2near=2012 f2far=2536
SIPM_ARRIVALS event=941 total=752
SIPM_ADC event=941 readout=2577 f1far=1778 f2near=3895 f2far=2873
SIPM_ARRIVALS event=1115 total=803
SIPM_ADC event=1115 readout=2691 f1far=3895 f2near=2435 f2far=2607
SIPM_ARRIVALS event=1028 total=1047
SIPM_ADC event=1028 readout=3895 f1far=3676 f2near=3895 f2far=3632
SIPM_ARRIVALS event=1159 total=821
SIPM_ADC event=1159 readout=3701 f1far=3124 f2near=3383 f2far=2477
SIPM_ARRIVALS event=1245 total=822
SIPM_ADC event=1245 readout=3400 f1far=2405 f2near=3064 f2far=3717
SIPM_ARRIVALS event=854 total=898
SIPM_ADC event=854 readout=3576 f1far=3428 f2near=3895 f2far=2718
SIPM_ARRIVALS event=898 total=846
SIPM_ADC event=898 readout=2607 f1far=3895 f2near=2347 f2far=2757
SIPM_ARRIVALS event=1202 total=784
SIPM_ADC event=1202 readout=2028 f1far=3065 f2near=3246 f2far=3789
SIPM_ARRIVALS event=810 total=720
SIPM_ADC event=810 readout=3490 f1far=3056 f2near=2883 f2far=1415
SIPM_ARRIVALS event=1334 total=882
SIPM_ADC event=1334 readout=3850 f1far=3053 f2near=3508 f2far=3060
SIPM_ARRIVALS event=1072 total=736
SIPM_ADC event=1072 readout=1878 f1far=3654 f2near=2744 f2far=3433
SIPM_ARRIVALS event=767 total=684
SIPM_ADC event=767 readout=3235 f1far=2614 f2near=1733 f2far=2477
SIPM_ARRIVALS event=723 total=735
SIPM_ADC event=723 readout=2099 f1far=3103 f2near=3036 f2far=3895
SIPM_ARRIVALS event=1377 total=732
SIPM_ADC event=1377 readout=2824 f1far=2460 f2near=3109 f2far=2043
SIPM_ARRIVALS event=1291 total=712
SIPM_ADC event=1291 readout=3135 f1far=3647 f2near=2928 f2far=2292
SIPM_ARRIVALS event=942 total=652
SIPM_ADC event=942 readout=2335 f1far=3191 f2near=2141 f2far=2829
SIPM_ARRIVALS event=985 total=753
SIPM_ADC event=985 readout=2889 f1far=2845 f2near=2744 f2far=3009
SIPM_ARRIVALS event=1116 total=628
SIPM_ADC event=1116 readout=2243 f1far=3454 f2near=1682 f2far=2862
SIPM_ARRIVALS event=1029 total=670
SIPM_ADC event=1029 readout=3342 f1far=2185 f2near=2035 f2far=2523
SIPM_ARRIVALS event=1246 total=558
SIPM_ADC event=1246 readout=2980 f1far=2031 f2near=2887 f2far=1908
SIPM_ARRIVALS event=811 total=678
SIPM_ADC event=811 readout=3649 f1far=2009 f2near=3895 f2far=1559
SIPM_ARRIVALS event=1160 total=714
SIPM_ADC event=1160 readout=3262 f1far=1522 f2near=3895 f2far=2786
SIPM_ARRIVALS event=899 total=755
SIPM_ADC event=899 readout=2843 f1far=2958 f2near=2609 f2far=1962
SIPM_ARRIVALS event=1335 total=637
SIPM_ADC event=1335 readout=2555 f1far=1708 f2near=3012 f2far=2639
SIPM_ARRIVALS event=1203 total=770
SIPM_ADC event=1203 readout=3895 f1far=1657 f2near=3553 f2far=2349
SIPM_ARRIVALS event=855 total=908
SIPM_ADC event=855 readout=3776 f1far=2622 f2near=3895 f2far=3895
SIPM_ARRIVALS event=1073 total=644
SIPM_ADC event=1073 readout=1751 f1far=2704 f2near=2199 f2far=3126
SIPM_ARRIVALS event=724 total=669
SIPM_ADC event=724 readout=1717 f1far=3143 f2near=2604 f2far=2815
SIPM_ARRIVALS event=1292 total=597
SIPM_ADC event=1292 readout=2210 f1far=2679 f2near=1891 f2far=3195
SIPM_ARRIVALS event=768 total=782
SIPM_ADC event=768 readout=2955 f1far=2561 f2near=2637 f2far=2250
SIPM_ARRIVALS event=1378 total=741
SIPM_ADC event=1378 readout=2882 f1far=2303 f2near=3895 f2far=2783
SIPM_ARRIVALS event=986 total=628
SIPM_ADC event=986 readout=2632 f1far=2768 f2near=2293 f2far=1519
SIPM_ARRIVALS event=1117 total=641
SIPM_ADC event=1117 readout=3702 f1far=2366 f2near=3575 f2far=1494
SIPM_ARRIVALS event=943 total=774
SIPM_ADC event=943 readout=3244 f1far=3115 f2near=2938 f2far=3422
SIPM_ARRIVALS event=1247 total=744
SIPM_ADC event=1247 readout=3283 f1far=3539 f2near=1833 f2far=2965
SIPM_ARRIVALS event=1030 total=802
SIPM_ADC event=1030 readout=3444 f1far=2143 f2near=3895 f2far=2497
SIPM_ARRIVALS event=1161 total=636
SIPM_ADC event=1161 readout=3112 f1far=2894 f2near=1656 f2far=2716
SIPM_ARRIVALS event=900 total=672
SIPM_ADC event=900 readout=3741 f1far=2357 f2near=2457 f2far=1831
SIPM_ARRIVALS event=812 total=823
SIPM_ADC event=812 readout=3644 f1far=2681 f2near=2838 f2far=2193
SIPM_ARRIVALS event=1336 total=696
SIPM_ADC event=1336 readout=3425 f1far=2278 f2near=2628 f2far=1435
SIPM_ARRIVALS event=1074 total=729
SIPM_ADC event=1074 readout=2066 f1far=2138 f2near=3093 f2far=3895
SIPM_ARRIVALS event=1204 total=703
SIPM_ADC event=1204 readout=2928 f1far=1716 f2near=3529 f2far=2460
SIPM_ARRIVALS event=856 total=720
SIPM_ADC event=856 readout=3212 f1far=3164 f2near=2354 f2far=2256
SIPM_ARRIVALS event=725 total=684
SIPM_ADC event=725 readout=2306 f1far=1672 f2near=2798 f2far=2968
SIPM_ARRIVALS event=769 total=667
SIPM_ADC event=769 readout=1963 f1far=2829 f2near=2074 f2far=3253
SIPM_ARRIVALS event=987 total=635
SIPM_ADC event=987 readout=2224 f1far=2227 f2near=2096 f2far=3168
SIPM_ARRIVALS event=1293 total=740
SIPM_ADC event=1293 readout=1628 f1far=3209 f2near=2873 f2far=3669
SIPM_ARRIVALS event=944 total=720
SIPM_ADC event=944 readout=2845 f1far=3895 f2near=1925 f2far=2801
SIPM_ARRIVALS event=1118 total=685
SIPM_ADC event=1118 readout=2949 f1far=3396 f2near=3006 f2far=2475
SIPM_ARRIVALS event=1379 total=771
SIPM_ADC event=1379 readout=2887 f1far=2919 f2near=3037 f2far=2597
SIPM_ARRIVALS event=1248 total=803
SIPM_ADC event=1248 readout=3895 f1far=3084 f2near=3504 f2far=1851
SIPM_ARRIVALS event=1031 total=683
SIPM_ADC event=1031 readout=2796 f1far=2891 f2near=2335 f2far=2079
SIPM_ARRIVALS event=1162 total=850
SIPM_ADC event=1162 readout=2066 f1far=3881 f2near=2824 f2far=3895
SIPM_ARRIVALS event=813 total=802
SIPM_ADC event=813 readout=2835 f1far=2973 f2near=3565 f2far=3290
SIPM_ARRIVALS event=726 total=658
SIPM_ADC event=726 readout=3377 f1far=2381 f2near=2419 f2far=2097
SIPM_ARRIVALS event=901 total=898
SIPM_ADC event=901 readout=3895 f1far=3547 f2near=2585 f2far=3109
SIPM_ARRIVALS event=1075 total=701
SIPM_ADC event=1075 readout=2936 f1far=3626 f2near=1990 f2far=3086
SIPM_ARRIVALS event=770 total=813
SIPM_ADC event=770 readout=3895 f1far=3362 f2near=3293 f2far=1989
SIPM_ARRIVALS event=1205 total=699
SIPM_ADC event=1205 readout=2578 f1far=2470 f2near=3895 f2far=2951
SIPM_ARRIVALS event=857 total=821
SIPM_ADC event=857 readout=1934 f1far=3895 f2near=2752 f2far=3895
SIPM_ARRIVALS event=1337 total=775
SIPM_ADC event=1337 readout=1911 f1far=3383 f2near=2461 f2far=3892
SIPM_ARRIVALS event=988 total=633
SIPM_ADC event=988 readout=1930 f1far=1626 f2near=3403 f2far=2118
SIPM_ARRIVALS event=1380 total=625
SIPM_ADC event=1380 readout=3163 f1far=2343 f2near=2383 f2far=1859
SIPM_ARRIVALS event=945 total=680
SIPM_ADC event=945 readout=2439 f1far=2605 f2near=2645 f2far=3136
SIPM_ARRIVALS event=1119 total=738
SIPM_ADC event=1119 readout=2608 f1far=2501 f2near=3165 f2far=2866
SIPM_ARRIVALS event=1294 total=823
SIPM_ADC event=1294 readout=2055 f1far=2317 f2near=3479 f2far=3895
SIPM_ARRIVALS event=1249 total=607
SIPM_ADC event=1249 readout=1814 f1far=2251 f2near=2555 f2far=2086
SIPM_ARRIVALS event=1032 total=873
SIPM_ADC event=1032 readout=2444 f1far=3689 f2near=2079 f2far=3895
SIPM_ARRIVALS event=814 total=682
SIPM_ADC event=814 readout=2248 f1far=2390 f2near=1817 f2far=2926
SIPM_ARRIVALS event=1163 total=711
SIPM_ADC event=1163 readout=2372 f1far=2174 f2near=3542 f2far=3795
SIPM_ARRIVALS event=1076 total=676
SIPM_ADC event=1076 readout=2656 f1far=1968 f2near=3443 f2far=2240
SIPM_ARRIVALS event=727 total=726
SIPM_ADC event=727 readout=3313 f1far=2086 f2near=3895 f2far=2785
SIPM_ARRIVALS event=858 total=585
SIPM_ADC event=858 readout=2665 f1far=2077 f2near=2178 f2far=2424
SIPM_ARRIVALS event=902 total=705
SIPM_ADC event=902 readout=2933 f1far=2908 f2near=2678 f2far=3108
SIPM_ARRIVALS event=1206 total=694
SIPM_ADC event=1206 readout=2280 f1far=3083 f2near=3223 f2far=2211
SIPM_ARRIVALS event=771 total=767
SIPM_ADC event=771 readout=2049 f1far=3232 f2near=2063 f2far=2772
SIPM_ARRIVALS event=989 total=754
SIPM_ADC event=989 readout=2395 f1far=2139 f2near=3078 f2far=2501
SIPM_ARRIVALS event=1381 total=870
SIPM_ADC event=1381 readout=2747 f1far=2877 f2near=3307 f2far=3895
SIPM_ARRIVALS event=1120 total=771
SIPM_ADC event=1120 readout=1812 f1far=3895 f2near=2485 f2far=3728
SIPM_ARRIVALS event=946 total=783
SIPM_ADC event=946 readout=1762 f1far=3777 f2near=2401 f2far=3895
SIPM_ARRIVALS event=1338 total=1008
SIPM_ADC event=1338 readout=3895 f1far=3895 f2near=3679 f2far=3895
SIPM_ARRIVALS event=1295 total=731
SIPM_ADC event=1295 readout=2157 f1far=2829 f2near=2007 f2far=3202
SIPM_ARRIVALS event=1250 total=647
SIPM_ADC event=1250 readout=2485 f1far=1850 f2near=2725 f2far=2718
SIPM_ARRIVALS event=815 total=632
SIPM_ADC event=815 readout=2051 f1far=2079 f2near=2235 f2far=2590
SIPM_ARRIVALS event=1077 total=727
SIPM_ADC event=1077 readout=1617 f1far=2986 f2near=2049 f2far=3895
SIPM_ARRIVALS event=903 total=631
SIPM_ADC event=903 readout=3571 f1far=1946 f2near=2407 f2far=1649
SIPM_ARRIVALS event=772 total=660
SIPM_ADC event=772 readout=2630 f1far=2714 f2near=2144 f2far=3253
SIPM_ARRIVALS event=1033 total=984
SIPM_ADC event=1033 readout=3895 f1far=2413 f2near=3895 f2far=2905
SIPM_ARRIVALS event=1164 total=801
SIPM_ADC event=1164 readout=3403 f1far=2154 f2near=3031 f2far=3895
SIPM_ARRIVALS event=990 total=647
SIPM_ADC event=990 readout=2140 f1far=3671 f2near=1950 f2far=3422
SIPM_ARRIVALS event=1207 total=650
SIPM_ADC event=1207 readout=2067 f1far=2820 f2near=1930 f2far=2313
SIPM_ARRIVALS event=859 total=845
SIPM_ADC event=859 readout=1933 f1far=3432 f2near=3259 f2far=3895
SIPM_ARRIVALS event=728 total=958
SIPM_ADC event=728 readout=3895 f1far=3266 f2near=3711 f2far=2126
SIPM_ARRIVALS event=1121 total=708
SIPM_ADC event=1121 readout=1618 f1far=3895 f2near=1682 f2far=3895
SIPM_ARRIVALS event=1382 total=713
SIPM_ADC event=1382 readout=3324 f1far=1165 f2near=3551 f2far=2744
SIPM_ARRIVALS event=947 total=721
SIPM_ADC event=947 readout=2825 f1far=2365 f2near=3015 f2far=3035
SIPM_ARRIVALS event=1251 total=739
SIPM_ADC event=1251 readout=1837 f1far=3473 f2near=2247 f2far=3895
SIPM_ARRIVALS event=1296 total=764
SIPM_ADC event=1296 readout=2999 f1far=2243 f2near=3257 f2far=3003
SIPM_ARRIVALS event=1339 total=766
SIPM_ADC event=1339 readout=3573 f1far=2747 f2near=2603 f2far=2017
SIPM_ARRIVALS event=1078 total=702
SIPM_ADC event=1078 readout=2829 f1far=3375 f2near=2918 f2far=2357
SIPM_ARRIVALS event=816 total=788
SIPM_ADC event=816 readout=2960 f1far=3706 f2near=3023 f2far=3474
SIPM_ARRIVALS event=773 total=638
SIPM_ADC event=773 readout=3895 f1far=2168 f2near=3236 f2far=1815
SIPM_ARRIVALS event=991 total=695
SIPM_ADC event=991 readout=2826 f1far=2012 f2near=2767 f2far=2178
SIPM_ARRIVALS event=1034 total=706
SIPM_ADC event=1034 readout=2360 f1far=2484 f2near=3295 f2far=3304
SIPM_ARRIVALS event=1165 total=749
SIPM_ADC event=1165 readout=1661 f1far=3417 f2near=2179 f2far=3869
SIPM_ARRIVALS event=860 total=748
SIPM_ADC event=860 readout=2058 f1far=2968 f2near=2888 f2far=3095
SIPM_ARRIVALS event=1208 total=785
SIPM_ADC event=1208 readout=3895 f1far=2861 f2near=3194 f2far=2227
SIPM_ARRIVALS event=729 total=794
SIPM_ADC event=729 readout=3895 f1far=3240 f2near=2672 f2far=3501
SIPM_ARRIVALS event=904 total=1140
SIPM_ADC event=904 readout=3895 f1far=3291 f2near=3895 f2far=3895
SIPM_ARRIVALS event=1383 total=647
SIPM_ADC event=1383 readout=1997 f1far=1977 f2near=2430 f2far=3319
SIPM_ARRIVALS event=1252 total=671
SIPM_ADC event=1252 readout=1938 f1far=3748 f2near=2018 f2far=3870
SIPM_ARRIVALS event=1122 total=960
SIPM_ADC event=1122 readout=3799 f1far=3082 f2near=3432 f2far=3047
SIPM_ARRIVALS event=1297 total=667
SIPM_ADC event=1297 readout=2304 f1far=3895 f2near=1729 f2far=2825
SIPM_ARRIVALS event=948 total=705
SIPM_ADC event=948 readout=1900 f1far=2937 f2near=2005 f2far=3255
SIPM_ARRIVALS event=817 total=693
SIPM_ADC event=817 readout=3207 f1far=3453 f2near=2066 f2far=3289
SIPM_ARRIVALS event=1079 total=653
SIPM_ADC event=1079 readout=3895 f1far=2608 f2near=2315 f2far=1894
SIPM_ARRIVALS event=1340 total=674
SIPM_ADC event=1340 readout=2477 f1far=2681 f2near=2844 f2far=2983
SIPM_ARRIVALS event=992 total=663
SIPM_ADC event=992 readout=2104 f1far=3895 f2near=1290 f2far=2849
SIPM_ARRIVALS event=774 total=698
SIPM_ADC event=774 readout=2398 f1far=2585 f2near=3165 f2far=3761
SIPM_ARRIVALS event=1035 total=738
SIPM_ADC event=1035 readout=3517 f1far=2479 f2near=3895 f2far=1856
SIPM_ARRIVALS event=861 total=737
SIPM_ADC event=861 readout=2228 f1far=3895 f2near=2921 f2far=3730
SIPM_ARRIVALS event=730 total=671
SIPM_ADC event=730 readout=1917 f1far=2343 f2near=2177 f2far=3180
SIPM_ARRIVALS event=1384 total=724
SIPM_ADC event=1384 readout=2971 f1far=3303 f2near=2315 f2far=3559
SIPM_ARRIVALS event=905 total=680
SIPM_ADC event=905 readout=2167 f1far=2242 f2near=3160 f2far=2820
SIPM_ARRIVALS event=1209 total=853
SIPM_ADC event=1209 readout=2006 f1far=3752 f2near=2617 f2far=3895
SIPM_ARRIVALS event=1298 total=673
SIPM_ADC event=1298 readout=2117 f1far=3895 f2near=1843 f2far=3193
SIPM_ARRIVALS event=1123 total=697
SIPM_ADC event=1123 readout=2721 f1far=3175 f2near=2548 f2far=2945
SIPM_ARRIVALS event=949 total=684
SIPM_ADC event=949 readout=2351 f1far=2373 f2near=2786 f2far=2696
SIPM_ARRIVALS event=818 total=717
SIPM_ADC event=818 readout=2140 f1far=3097 f2near=2254 f2far=2884
SIPM_ARRIVALS event=993 total=758
SIPM_ADC event=993 readout=3895 f1far=2413 f2near=3195 f2far=1769
SIPM_ARRIVALS event=1253 total=858
SIPM_ADC event=1253 readout=3895 f1far=3252 f2near=3060 f2far=2782
SIPM_ARRIVALS event=1341 total=672
SIPM_ADC event=1341 readout=3354 f1far=3598 f2near=2033 f2far=2121
SIPM_ARRIVALS event=775 total=762
SIPM_ADC event=775 readout=1501 f1far=2890 f2near=2986 f2far=3474
SIPM_ARRIVALS event=1166 total=1217
SIPM_ADC event=1166 readout=3770 f1far=3758 f2near=3895 f2far=3895
SIPM_ARRIVALS event=1080 total=666
SIPM_ADC event=1080 readout=2534 f1far=3655 f2near=1891 f2far=2241
SIPM_ARRIVALS event=1036 total=623
SIPM_ADC event=1036 readout=2335 f1far=2029 f2near=2706 f2far=2631
SIPM_ARRIVALS event=862 total=670
SIPM_ADC event=862 readout=2329 f1far=3413 f2near=2413 f2far=1697
SIPM_ARRIVALS event=906 total=609
SIPM_ADC event=906 readout=2659 f1far=2703 f2near=2095 f2far=1933
SIPM_ARRIVALS event=731 total=752
SIPM_ADC event=731 readout=2009 f1far=2808 f2near=3233 f2far=3895
SIPM_ARRIVALS event=1210 total=671
SIPM_ADC event=1210 readout=2852 f1far=1663 f2near=3087 f2far=2288
SIPM_ARRIVALS event=1385 total=818
SIPM_ADC event=1385 readout=3895 f1far=1673 f2near=3895 f2far=2290
SIPM_ARRIVALS event=1299 total=730
SIPM_ADC event=1299 readout=2858 f1far=2092 f2near=3623 f2far=2953
SIPM_ARRIVALS event=1124 total=810
SIPM_ADC event=1124 readout=2839 f1far=3607 f2near=2330 f2far=3895
SIPM_ARRIVALS event=1167 total=700
SIPM_ADC event=1167 readout=1807 f1far=2763 f2near=3241 f2far=3651
SIPM_ARRIVALS event=950 total=666
SIPM_ADC event=950 readout=2672 f1far=3137 f2near=1956 f2far=1889
SIPM_ARRIVALS event=819 total=859
SIPM_ADC event=819 readout=3108 f1far=2702 f2near=3895 f2far=2386
SIPM_ARRIVALS event=994 total=731
SIPM_ADC event=994 readout=3142 f1far=2272 f2near=3591 f2far=2640
SIPM_ARRIVALS event=1037 total=729
SIPM_ADC event=1037 readout=2483 f1far=3895 f2near=2372 f2far=2695
SIPM_ARRIVALS event=1254 total=701
SIPM_ADC event=1254 readout=3196 f1far=2582 f2near=2668 f2far=3269
SIPM_ARRIVALS event=776 total=720
SIPM_ADC event=776 readout=1474 f1far=2621 f2near=3610 f2far=3895
SIPM_ARRIVALS event=1342 total=836
SIPM_ADC event=1342 readout=2496 f1far=3029 f2near=2833 f2far=3554
SIPM_ARRIVALS event=1081 total=880
SIPM_ADC event=1081 readout=3492 f1far=2452 f2near=3895 f2far=3176
SIPM_ARRIVALS event=863 total=776
SIPM_ADC event=863 readout=2387 f1far=3574 f2near=2784 f2far=3825
SIPM_ARRIVALS event=732 total=674
SIPM_ADC event=732 readout=2381 f1far=3365 f2near=1791 f2far=3198
SIPM_ARRIVALS event=1211 total=666
SIPM_ADC event=1211 readout=2179 f1far=3673 f2near=1939 f2far=2434
SIPM_ARRIVALS event=1386 total=675
SIPM_ADC event=1386 readout=2163 f1far=3027 f2near=2049 f2far=3895
SIPM_ARRIVALS event=907 total=960
SIPM_ADC event=907 readout=2290 f1far=3895 f2near=3053 f2far=3895
SIPM_ARRIVALS event=1168 total=627
SIPM_ADC event=1168 readout=3333 f1far=2430 f2near=1963 f2far=1922
SIPM_ARRIVALS event=1125 total=692
SIPM_ADC event=1125 readout=3895 f1far=1952 f2near=2734 f2far=2258
SIPM_ARRIVALS event=1300 total=847
SIPM_ADC event=1300 readout=3730 f1far=2574 f2near=3895 f2far=2436
SIPM_ARRIVALS event=1038 total=678
SIPM_ADC event=1038 readout=3504 f1far=3530 f2near=1659 f2far=1887
SIPM_ARRIVALS event=820 total=804
SIPM_ADC event=820 readout=3773 f1far=2300 f2near=3895 f2far=2002
SIPM_ARRIVALS event=951 total=855
SIPM_ADC event=951 readout=2558 f1far=3895 f2near=2146 f2far=3531
SIPM_ARRIVALS event=1255 total=722
SIPM_ADC event=1255 readout=3704 f1far=1992 f2near=3895 f2far=2242
SIPM_ARRIVALS event=995 total=829
SIPM_ADC event=995 readout=2766 f1far=3447 f2near=3220 f2far=3895
SIPM_ARRIVALS event=733 total=705
SIPM_ADC event=733 readout=3895 f1far=928 f2near=3895 f2far=1628
SIPM_ARRIVALS event=777 total=757
SIPM_ADC event=777 readout=2698 f1far=2043 f2near=3613 f2far=3079
SIPM_ARRIVALS event=1343 total=674
SIPM_ADC event=1343 readout=3666 f1far=2758 f2near=2561 f2far=1930
SIPM_ARRIVALS event=864 total=700
SIPM_ADC event=864 readout=2950 f1far=2168 f2near=3895 f2far=2215
SIPM_ARRIVALS event=1082 total=758
SIPM_ADC event=1082 readout=3895 f1far=2952 f2near=3840 f2far=2039
SIPM_ARRIVALS event=1212 total=662
SIPM_ADC event=1212 readout=2624 f1far=3029 f2near=2918 f2far=2062
SIPM_ARRIVALS event=908 total=696
SIPM_ADC event=908 readout=3116 f1far=2764 f2near=3895 f2far=2629
SIPM_ARRIVALS event=1387 total=697
SIPM_ADC event=1387 readout=2264 f1far=3256 f2near=1920 f2far=2446
SIPM_ARRIVALS event=1126 total=667
SIPM_ADC event=1126 readout=2226 f1far=2916 f2near=2581 f2far=2549
SIPM_ARRIVALS event=1169 total=806
SIPM_ADC event=1169 readout=3019 f1far=3895 f2near=1982 f2far=3305
SIPM_ARRIVALS event=1301 total=640
SIPM_ADC event=1301 readout=3685 f1far=2060 f2near=2140 f2far=1699
SIPM_ARRIVALS event=952 total=694
SIPM_ADC event=952 readout=3389 f1far=1832 f2near=3508 f2far=2349
SIPM_ARRIVALS event=778 total=699
SIPM_ADC event=778 readout=2625 f1far=2944 f2near=1713 f2far=3793
SIPM_ARRIVALS event=996 total=702
SIPM_ADC event=996 readout=3895 f1far=2602 f2near=3114 f2far=2585
SIPM_ARRIVALS event=1039 total=786
SIPM_ADC event=1039 readout=3278 f1far=3501 f2near=2210 f2far=2571
SIPM_ARRIVALS event=734 total=693
SIPM_ADC event=734 readout=2383 f1far=2853 f2near=2478 f2far=2525
SIPM_ARRIVALS event=821 total=779
SIPM_ADC event=821 readout=2225 f1far=2475 f2near=3477 f2far=2606
SIPM_ARRIVALS event=1083 total=635
SIPM_ADC event=1083 readout=2661 f1far=3688 f2near=2350 f2far=2410
SIPM_ARRIVALS event=1344 total=701
SIPM_ADC event=1344 readout=3895 f1far=2068 f2near=3878 f2far=1993
SIPM_ARRIVALS event=1256 total=808
SIPM_ADC event=1256 readout=3035 f1far=2542 f2near=3889 f2far=3212
SIPM_ARRIVALS event=865 total=700
SIPM_ADC event=865 readout=2527 f1far=3228 f2near=2896 f2far=2349
SIPM_ARRIVALS event=1213 total=705
SIPM_ADC event=1213 readout=1825 f1far=2352 f2near=3325 f2far=3267
SIPM_ARRIVALS event=909 total=681
SIPM_ADC event=909 readout=3062 f1far=2759 f2near=1677 f2far=2935
SIPM_ARRIVALS event=1388 total=719
SIPM_ADC event=1388 readout=3581 f1far=2904 f2near=1899 f2far=1926
SIPM_ARRIVALS event=1127 total=637
SIPM_ADC event=1127 readout=1846 f1far=2815 f2near=2588 f2far=3147
SIPM_ARRIVALS event=1170 total=643
SIPM_ADC event=1170 readout=2826 f1far=2700 f2near=2547 f2far=1611
SIPM_ARRIVALS event=779 total=605
SIPM_ADC event=779 readout=1728 f1far=2274 f2near=2538 f2far=2507
SIPM_ARRIVALS event=1302 total=685
SIPM_ADC event=1302 readout=2607 f1far=2615 f2near=3524 f2far=2628
SIPM_ARRIVALS event=997 total=724
SIPM_ADC event=997 readout=1945 f1far=2530 f2near=2779 f2far=3895
SIPM_ARRIVALS event=735 total=607
SIPM_ADC event=735 readout=2363 f1far=1919 f2near=2349 f2far=2450
SIPM_ARRIVALS event=953 total=660
SIPM_ADC event=953 readout=1736 f1far=3895 f2near=1662 f2far=2616
SIPM_ARRIVALS event=822 total=746
SIPM_ADC event=822 readout=3895 f1far=2156 f2near=3099 f2far=1429
SIPM_ARRIVALS event=1084 total=638
SIPM_ADC event=1084 readout=3225 f1far=2323 f2near=3466 f2far=1654
SIPM_ARRIVALS event=1040 total=798
SIPM_ADC event=1040 readout=2413 f1far=2501 f2near=3189 f2far=3465
SIPM_ARRIVALS event=910 total=610
SIPM_ADC event=910 readout=2610 f1far=1877 f2near=2076 f2far=2414
SIPM_ARRIVALS event=1257 total=723
SIPM_ADC event=1257 readout=2197 f1far=3684 f2near=2250 f2far=2887
SIPM_ARRIVALS event=1128 total=601
SIPM_ADC event=1128 readout=2692 f1far=2002 f2near=2627 f2far=1934
SIPM_ARRIVALS event=1389 total=579
SIPM_ADC event=1389 readout=3604 f1far=2236 f2near=1648 f2far=1802
SIPM_ARRIVALS event=1214 total=666
SIPM_ADC event=1214 readout=2677 f1far=2471 f2near=2813 f2far=2441
SIPM_ARRIVALS event=866 total=821
SIPM_ADC event=866 readout=2484 f1far=3740 f2near=2190 f2far=3039
SIPM_ARRIVALS event=1345 total=887
SIPM_ADC event=1345 readout=2917 f1far=3599 f2near=3558 f2far=3345
SIPM_ARRIVALS event=1303 total=679
SIPM_ADC event=1303 readout=1654 f1far=3895 f2near=1870 f2far=3895
SIPM_ARRIVALS event=998 total=711
SIPM_ADC event=998 readout=2448 f1far=2105 f2near=3202 f2far=2343
SIPM_ARRIVALS event=954 total=667
SIPM_ADC event=954 readout=2826 f1far=1352 f2near=3394 f2far=1826
SIPM_ARRIVALS event=736 total=749
SIPM_ADC event=736 readout=1816 f1far=3088 f2near=1852 f2far=3827
SIPM_ARRIVALS event=1171 total=950
SIPM_ADC event=1171 readout=2453 f1far=3895 f2near=3006 f2far=3895
SIPM_ARRIVALS event=780 total=801
SIPM_ADC event=780 readout=3269 f1far=2493 f2near=3895 f2far=2700
SIPM_ARRIVALS event=1041 total=634
SIPM_ADC event=1041 readout=2845 f1far=1937 f2near=2510 f2far=1697
SIPM_ARRIVALS event=1085 total=758
SIPM_ADC event=1085 readout=3070 f1far=3284 f2near=2181 f2far=2526
SIPM_ARRIVALS event=867 total=681
SIPM_ADC event=867 readout=1070 f1far=3263 f2near=2597 f2far=3895
SIPM_ARRIVALS event=911 total=726
SIPM_ADC event=911 readout=2284 f1far=2462 f2near=2015 f2far=3245
SIPM_ARRIVALS event=1258 total=693
SIPM_ADC event=1258 readout=2629 f1far=1967 f2near=2678 f2far=2249
SIPM_ARRIVALS event=1346 total=642
SIPM_ADC event=1346 readout=1958 f1far=2788 f2near=1735 f2far=3895
SIPM_ARRIVALS event=1390 total=712
SIPM_ADC event=1390 readout=2680 f1far=2027 f2near=3237 f2far=2844
SIPM_ARRIVALS event=823 total=1010
SIPM_ADC event=823 readout=3518 f1far=3895 f2near=3371 f2far=3893
SIPM_ARRIVALS event=1215 total=953
SIPM_ADC event=1215 readout=3895 f1far=2465 f2near=3895 f2far=2953
SIPM_ARRIVALS event=1129 total=1016
SIPM_ADC event=1129 readout=3297 f1far=3895 f2near=3115 f2far=3895
SIPM_ARRIVALS event=1172 total=706
SIPM_ADC event=1172 readout=3895 f1far=1845 f2near=2797 f2far=1818
SIPM_ARRIVALS event=999 total=715
SIPM_ADC event=999 readout=2244 f1far=3664 f2near=1881 f2far=3629
SIPM_ARRIVALS event=955 total=625
SIPM_ADC event=955 readout=2788 f1far=2995 f2near=2328 f2far=1940
SIPM_ARRIVALS event=781 total=745
SIPM_ADC event=781 readout=2701 f1far=3822 f2near=1227 f2far=2913
SIPM_ARRIVALS event=737 total=732
SIPM_ADC event=737 readout=2298 f1far=3089 f2near=3547 f2far=2597
SIPM_ARRIVALS event=1042 total=592
SIPM_ADC event=1042 readout=3489 f1far=2874 f2near=2304 f2far=1227
SIPM_ARRIVALS event=1304 total=1023
SIPM_ADC event=1304 readout=3160 f1far=3895 f2near=3210 f2far=3555
SIPM_ARRIVALS event=912 total=671
SIPM_ADC event=912 readout=2202 f1far=3406 f2near=2438 f2far=2127
SIPM_ARRIVALS event=868 total=724
SIPM_ADC event=868 readout=1887 f1far=3825 f2near=2127 f2far=2824
SIPM_ARRIVALS event=1347 total=579
SIPM_ADC event=1347 readout=2408 f1far=2805 f2near=1421 f2far=2230
SIPM_ARRIVALS event=1086 total=767
SIPM_ADC event=1086 readout=2696 f1far=3193 f2near=2303 f2far=3712
SIPM_ARRIVALS event=824 total=641
SIPM_ADC event=824 readout=1536 f1far=3251 f2near=2631 f2far=3403
SIPM_ARRIVALS event=1391 total=769
SIPM_ADC event=1391 readout=3537 f1far=2226 f2near=3895 f2far=2419
SIPM_ARRIVALS event=1259 total=880
SIPM_ADC event=1259 readout=3895 f1far=3498 f2near=1781 f2far=2576
SIPM_ARRIVALS event=1130 total=680
SIPM_ADC event=1130 readout=2100 f1far=2443 f2near=2442 f2far=3330
SIPM_ARRIVALS event=738 total=630
SIPM_ADC event=738 readout=2511 f1far=2269 f2near=3895 f2far=2477
SIPM_ARRIVALS event=1216 total=771
SIPM_ADC event=1216 readout=2616 f1far=2640 f2near=2354 f2far=3354
SIPM_ARRIVALS event=1000 total=726
SIPM_ADC event=1000 readout=2688 f1far=3844 f2near=1878 f2far=2571
SIPM_ARRIVALS event=782 total=694
SIPM_ARRIVALS event=956 total=672
SIPM_ADC event=782 readout=3741 f1far=2837 f2near=2514 f2far=2589
SIPM_ADC event=956 readout=2395 f1far=1978 f2near=3264 f2far=2906
SIPM_ARRIVALS event=1173 total=759
SIPM_ADC event=1173 readout=2537 f1far=3059 f2near=3318 f2far=3100
SIPM_ARRIVALS event=1043 total=750
SIPM_ADC event=1043 readout=2988 f1far=1598 f2near=3895 f2far=1746
SIPM_ARRIVALS event=1348 total=616
SIPM_ADC event=1348 readout=2246 f1far=1371 f2near=3895 f2far=1455
SIPM_ARRIVALS event=1305 total=721
SIPM_ADC event=1305 readout=2349 f1far=3895 f2near=2137 f2far=2747
SIPM_ARRIVALS event=869 total=826
SIPM_ADC event=869 readout=1942 f1far=3825 f2near=3429 f2far=3895
SIPM_ARRIVALS event=1087 total=740
SIPM_ADC event=1087 readout=2483 f1far=3030 f2near=2207 f2far=3856
SIPM_ARRIVALS event=1392 total=749
SIPM_ADC event=1392 readout=2628 f1far=2326 f2near=3770 f2far=2919
SIPM_ARRIVALS event=913 total=953
SIPM_ADC event=913 readout=3895 f1far=3895 f2near=2384 f2far=3895
SIPM_ARRIVALS event=1131 total=628
SIPM_ADC event=1131 readout=2889 f1far=2287 f2near=3601 f2far=2133
SIPM_ARRIVALS event=1260 total=735
SIPM_ADC event=1260 readout=2439 f1far=3117 f2near=3317 f2far=2062
SIPM_ARRIVALS event=825 total=863
SIPM_ADC event=825 readout=3256 f1far=3895 f2near=2428 f2far=3180
SIPM_ARRIVALS event=783 total=678
SIPM_ADC event=783 readout=2819 f1far=2829 f2near=3007 f2far=2114
SIPM_ARRIVALS event=1217 total=753
SIPM_ADC event=1217 readout=3895 f1far=2192 f2near=3594 f2far=2243
SIPM_ARRIVALS event=957 total=737
SIPM_ADC event=957 readout=3010 f1far=3883 f2near=2752 f2far=2262
SIPM_ARRIVALS event=1001 total=801
SIPM_ADC event=1001 readout=2729 f1far=2214 f2near=2612 f2far=3288
SIPM_ARRIVALS event=1044 total=635
SIPM_ADC event=1044 readout=2698 f1far=2458 f2near=2212 f2far=2599
SIPM_ARRIVALS event=739 total=825
SIPM_ADC event=739 readout=3895 f1far=3215 f2near=2445 f2far=3028
SIPM_ARRIVALS event=1306 total=582
SIPM_ADC event=1306 readout=2250 f1far=1842 f2near=3316 f2far=2049
SIPM_ARRIVALS event=1174 total=807
SIPM_ADC event=1174 readout=2167 f1far=2199 f2near=3895 f2far=2604
SIPM_ARRIVALS event=1349 total=666
SIPM_ADC event=1349 readout=2549 f1far=3170 f2near=2242 f2far=2702
SIPM_ARRIVALS event=870 total=873
SIPM_ADC event=870 readout=1822 f1far=3895 f2near=2548 f2far=3895
SIPM_ARRIVALS event=914 total=716
SIPM_ADC event=914 readout=2285 f1far=1855 f2near=2543 f2far=2896
SIPM_ARRIVALS event=1088 total=698
SIPM_ADC event=1088 readout=2415 f1far=3253 f2near=1864 f2far=3435
SIPM_ARRIVALS event=1132 total=608
SIPM_ADC event=1132 readout=2474 f1far=1482 f2near=3611 f2far=2867
SIPM_ARRIVALS event=1261 total=729
SIPM_ADC event=1261 readout=3482 f1far=2370 f2near=3895 f2far=3215
SIPM_ARRIVALS event=826 total=714
SIPM_ADC event=826 readout=1679 f1far=2473 f2near=2292 f2far=3650
SIPM_ARRIVALS event=1218 total=613
SIPM_ADC event=1218 readout=2725 f1far=3845 f2near=1566 f2far=2553
SIPM_ARRIVALS event=1393 total=886
SIPM_ADC event=1393 readout=3895 f1far=2685 f2near=3895 f2far=2539
SIPM_ARRIVALS event=784 total=763
SIPM_ADC event=784 readout=3151 f1far=2361 f2near=3240 f2far=2169
SIPM_ARRIVALS event=1307 total=671
SIPM_ADC event=1307 readout=3895 f1far=1467 f2near=3235 f2far=1810
SIPM_ARRIVALS event=958 total=655
SIPM_ADC event=958 readout=2221 f1far=3689 f2near=1894 f2far=2993
SIPM_ARRIVALS event=740 total=724
SIPM_ADC event=740 readout=3692 f1far=1215 f2near=3895 f2far=1900
SIPM_ARRIVALS event=1002 total=712
SIPM_ADC event=1002 readout=3531 f1far=2360 f2near=3165 f2far=2570
SIPM_ARRIVALS event=1350 total=643
SIPM_ADC event=1350 readout=2403 f1far=3895 f2near=1229 f2far=2654
SIPM_ARRIVALS event=1175 total=682
SIPM_ADC event=1175 readout=2685 f1far=3590 f2near=2527 f2far=2153
SIPM_ARRIVALS event=871 total=742
SIPM_ADC event=871 readout=2404 f1far=2275 f2near=3895 f2far=3150
SIPM_ARRIVALS event=915 total=690
SIPM_ADC event=915 readout=3056 f1far=1877 f2near=3895 f2far=3278
SIPM_ARRIVALS event=1089 total=589
SIPM_ADC event=1089 readout=2812 f1far=2376 f2near=1956 f2far=2085
SIPM_ARRIVALS event=1045 total=1082
SIPM_ADC event=1045 readout=2503 f1far=3895 f2near=3895 f2far=3895
SIPM_ARRIVALS event=1262 total=748
SIPM_ADC event=1262 readout=3370 f1far=2419 f2near=2980 f2far=1983
SIPM_ARRIVALS event=1133 total=833
SIPM_ADC event=1133 readout=3494 f1far=1937 f2near=3816 f2far=2550
SIPM_ARRIVALS event=1219 total=658
SIPM_ADC event=1219 readout=2775 f1far=1965 f2near=2583 f2far=2467
SIPM_ARRIVALS event=827 total=846
SIPM_ADC event=827 readout=3895 f1far=3073 f2near=2766 f2far=2288
SIPM_ARRIVALS event=741 total=726
SIPM_ADC event=741 readout=3895 f1far=2310 f2near=3895 f2far=2573
SIPM_ARRIVALS event=1394 total=756
SIPM_ADC event=1394 readout=2753 f1far=3895 f2near=1988 f2far=2180
SIPM_ARRIVALS event=959 total=803
SIPM_ADC event=959 readout=3895 f1far=3197 f2near=3219 f2far=2322
SIPM_ARRIVALS event=1003 total=713
SIPM_ADC event=1003 readout=3400 f1far=2601 f2near=2475 f2far=2500
SIPM_ARRIVALS event=1308 total=846
SIPM_ADC event=1308 readout=3264 f1far=2051 f2near=3895 f2far=3477
SIPM_ARRIVALS event=785 total=1049
SIPM_ADC event=785 readout=1863 f1far=3895 f2near=3311 f2far=3895
SIPM_ARRIVALS event=1351 total=745
SIPM_ADC event=1351 readout=2931 f1far=1915 f2near=3895 f2far=2503
SIPM_ARRIVALS event=1176 total=840
SIPM_ADC event=1176 readout=2879 f1far=2614 f2near=3314 f2far=3280
SIPM_ARRIVALS event=1090 total=816
SIPM_ADC event=1090 readout=3895 f1far=2802 f2near=3130 f2far=1804
SIPM_ARRIVALS event=916 total=809
SIPM_ADC event=916 readout=3502 f1far=3247 f2near=3076 f2far=2203
SIPM_ARRIVALS event=872 total=1002
SIPM_ADC event=872 readout=3895 f1far=3484 f2near=3895 f2far=2475
SIPM_ARRIVALS event=1263 total=663
SIPM_ADC event=1263 readout=2119 f1far=2162 f2near=2938 f2far=2353
SIPM_ARRIVALS event=1134 total=739
SIPM_ADC event=1134 readout=2939 f1far=2795 f2near=3139 f2far=3574
SIPM_ARRIVALS event=1220 total=647
SIPM_ADC event=1220 readout=1416 f1far=2068 f2near=3659 f2far=2902
SIPM_ARRIVALS event=1046 total=919
SIPM_ADC event=1046 readout=3895 f1far=3699 f2near=3015 f2far=1796
SIPM_ARRIVALS event=742 total=842
SIPM_ADC event=742 readout=3895 f1far=3181 f2near=2951 f2far=2087
SIPM_ARRIVALS event=1004 total=729
SIPM_ADC event=1004 readout=1817 f1far=3420 f2near=1697 f2far=3453
SIPM_ARRIVALS event=828 total=909
SIPM_ADC event=828 readout=2063 f1far=3895 f2near=2613 f2far=3895
SIPM_ARRIVALS event=1395 total=893
SIPM_ADC event=1395 readout=2104 f1far=2898 f2near=3674 f2far=3895
SIPM_ARRIVALS event=960 total=800
SIPM_ADC event=960 readout=2566 f1far=3206 f2near=2833 f2far=3895
SIPM_ARRIVALS event=786 total=748
SIPM_ADC event=786 readout=2261 f1far=2442 f2near=3895 f2far=2202
SIPM_ARRIVALS event=1352 total=685
SIPM_ADC event=1352 readout=2059 f1far=2101 f2near=2930 f2far=2519
SIPM_ARRIVALS event=1177 total=654
SIPM_ADC event=1177 readout=2013 f1far=2028 f2near=3055 f2far=3276
SIPM_ARRIVALS event=1309 total=805
SIPM_ADC event=1309 readout=2341 f1far=2603 f2near=3317 f2far=3801
SIPM_ARRIVALS event=1091 total=625
SIPM_ADC event=1091 readout=1840 f1far=2339 f2near=2581 f2far=2500
SIPM_ARRIVALS event=917 total=634
SIPM_ADC event=917 readout=3043 f1far=2497 f2near=2036 f2far=1806
SIPM_ARRIVALS event=1264 total=592
SIPM_ADC event=1264 readout=2290 f1far=3143 f2near=2290 f2far=1727
SIPM_ARRIVALS event=873 total=670
SIPM_ADC event=873 readout=1547 f1far=2777 f2near=2341 f2far=3471
SIPM_ARRIVALS event=1135 total=763
SIPM_ADC event=1135 readout=2725 f1far=2288 f2near=3660 f2far=2353
SIPM_ARRIVALS event=1221 total=664
SIPM_ADC event=1221 readout=3399 f1far=1517 f2near=2885 f2far=2126
SIPM_ARRIVALS event=1005 total=695
SIPM_ADC event=1005 readout=2195 f1far=3429 f2near=2899 f2far=3870
SIPM_ARRIVALS event=1047 total=937
SIPM_ADC event=1047 readout=1922 f1far=3164 f2near=3700 f2far=3895
SIPM_ARRIVALS event=829 total=809
SIPM_ADC event=829 readout=1886 f1far=3895 f2near=1970 f2far=3895
SIPM_ARRIVALS event=1396 total=735
SIPM_ADC event=1396 readout=1964 f1far=2355 f2near=3205 f2far=2460
SIPM_ARRIVALS event=961 total=630
SIPM_ADC event=961 readout=2703 f1far=2649 f2near=2044 f2far=1937
SIPM_ARRIVALS event=1310 total=634
SIPM_ADC event=1310 readout=2000 f1far=2392 f2near=3016 f2far=1759
SIPM_ARRIVALS event=1178 total=765
SIPM_ADC event=1178 readout=2529 f1far=2824 f2near=3206 f2far=2779
SIPM_ARRIVALS event=918 total=695
SIPM_ADC event=918 readout=1385 f1far=3798 f2near=2260 f2far=3895
SIPM_ARRIVALS event=1353 total=710
SIPM_ADC event=1353 readout=2327 f1far=2841 f2near=2098 f2far=2823
SIPM_ARRIVALS event=787 total=743
SIPM_ADC event=787 readout=3895 f1far=3169 f2near=2235 f2far=2774
SIPM_ARRIVALS event=743 total=1042
SIPM_ADC event=743 readout=3895 f1far=3296 f2near=3895 f2far=2877
SIPM_ARRIVALS event=874 total=739
SIPM_ADC event=874 readout=3895 f1far=2339 f2near=3271 f2far=1501
SIPM_ARRIVALS event=1265 total=697
SIPM_ADC event=1265 readout=2122 f1far=1941 f2near=3240 f2far=3192
SIPM_ARRIVALS event=1222 total=656
SIPM_ADC event=1222 readout=3834 f1far=2539 f2near=3168 f2far=1445
SIPM_ARRIVALS event=1136 total=724
SIPM_ADC event=1136 readout=1731 f1far=2794 f2near=2470 f2far=3895
SIPM_ARRIVALS event=1092 total=1107
SIPM_ADC event=1092 readout=3508 f1far=3767 f2near=3895 f2far=3679
SIPM_ARRIVALS event=1397 total=569
SIPM_ADC event=1397 readout=2931 f1far=2358 f2near=2525 f2far=1261
SIPM_ARRIVALS event=1006 total=820
SIPM_ADC event=1006 readout=3895 f1far=3323 f2near=2901 f2far=2530
SIPM_ARRIVALS event=919 total=674
SIPM_ADC event=919 readout=3501 f1far=2217 f2near=3447 f2far=1561
SIPM_ARRIVALS event=1048 total=755
SIPM_ADC event=1048 readout=2462 f1far=2838 f2near=2586 f2far=2088
SIPM_ARRIVALS event=1354 total=647
SIPM_ADC event=1354 readout=2236 f1far=2176 f2near=3181 f2far=2474
SIPM_ARRIVALS event=1179 total=706
SIPM_ADC event=1179 readout=2329 f1far=2785 f2near=2282 f2far=2330
SIPM_ARRIVALS event=962 total=667
SIPM_ADC event=962 readout=1932 f1far=2563 f2near=2478 f2far=1695
SIPM_ARRIVALS event=788 total=828
SIPM_ADC event=788 readout=3895 f1far=2265 f2near=3514 f2far=3132
SIPM_ARRIVALS event=875 total=823
SIPM_ADC event=875 readout=2257 f1far=3083 f2near=1929 f2far=3895
SIPM_ARRIVALS event=744 total=799
SIPM_ADC event=744 readout=3895 f1far=1997 f2near=3743 f2far=2603
SIPM_ARRIVALS event=830 total=1045
SIPM_ADC event=830 readout=3274 f1far=3895 f2near=3722 f2far=3895
SIPM_ARRIVALS event=1311 total=1086
SIPM_ADC event=1311 readout=3895 f1far=2807 f2near=3895 f2far=2185
SIPM_ARRIVALS event=1266 total=778
SIPM_ADC event=1266 readout=2853 f1far=2598 f2near=2494 f2far=2746
SIPM_ARRIVALS event=1137 total=666
SIPM_ADC event=1137 readout=3625 f1far=1829 f2near=2755 f2far=1755
SIPM_ARRIVALS event=1223 total=770
SIPM_ADC event=1223 readout=3511 f1far=3203 f2near=2529 f2far=1977
SIPM_ARRIVALS event=1093 total=589
SIPM_ADC event=1093 readout=1963 f1far=1988 f2near=2328 f2far=3120
SIPM_ARRIVALS event=1398 total=718
SIPM_ADC event=1398 readout=2404 f1far=2076 f2near=3763 f2far=2722
SIPM_ARRIVALS event=1007 total=703
SIPM_ADC event=1007 readout=3411 f1far=1530 f2near=3654 f2far=2272
SIPM_ARRIVALS event=963 total=638
SIPM_ADC event=963 readout=3895 f1far=1815 f2near=2970 f2far=1471
SIPM_ARRIVALS event=1049 total=784
SIPM_ADC event=1049 readout=3776 f1far=2510 f2near=3105 f2far=2337
SIPM_ARRIVALS event=1180 total=669
SIPM_ADC event=1180 readout=2989 f1far=1723 f2near=3512 f2far=2273
SIPM_ARRIVALS event=920 total=815
SIPM_ADC event=920 readout=1905 f1far=3895 f2near=2203 f2far=3760
SIPM_ARRIVALS event=745 total=704
SIPM_ADC event=745 readout=2668 f1far=2119 f2near=3893 f2far=1488
SIPM_ARRIVALS event=789 total=684
SIPM_ADC event=789 readout=2557 f1far=3261 f2near=1370 f2far=2346
SIPM_ARRIVALS event=1355 total=722
SIPM_ADC event=1355 readout=3663 f1far=3064 f2near=2204 f2far=1860
SIPM_ARRIVALS event=876 total=697
SIPM_ADC event=876 readout=2577 f1far=2900 f2near=3771 f2far=2686
SIPM_ARRIVALS event=831 total=727
SIPM_ADC event=831 readout=2958 f1far=2682 f2near=3822 f2far=2378
SIPM_ARRIVALS event=1312 total=721
SIPM_ADC event=1312 readout=3340 f1far=2698 f2near=3524 f2far=1956
SIPM_ARRIVALS event=1138 total=595
SIPM_ADC event=1138 readout=2196 f1far=2598 f2near=2109 f2far=2036
SIPM_ARRIVALS event=1267 total=637
SIPM_ADC event=1267 readout=2853 f1far=1872 f2near=3573 f2far=1682
SIPM_ARRIVALS event=1224 total=615
SIPM_ADC event=1224 readout=1545 f1far=2685 f2near=2327 f2far=2400
SIPM_ARRIVALS event=1094 total=725
SIPM_ADC event=1094 readout=2426 f1far=3895 f2near=2183 f2far=3239
SIPM_ARRIVALS event=1399 total=636
SIPM_ADC event=1399 readout=3141 f1far=2736 f2near=2252 f2far=2132
SIPM_ARRIVALS event=1008 total=715
SIPM_ADC event=1008 readout=2953 f1far=1647 f2near=3895 f2far=2483
SIPM_ARRIVALS event=1050 total=713
SIPM_ADC event=1050 readout=2223 f1far=2017 f2near=3203 f2far=3024
SIPM_ARRIVALS event=1181 total=622
SIPM_ADC event=1181 readout=2034 f1far=2891 f2near=2609 f2far=1839
SIPM_ARRIVALS event=964 total=822
SIPM_ADC event=964 readout=2047 f1far=3626 f2near=2659 f2far=3895
SIPM_ARRIVALS event=790 total=725
SIPM_ADC event=790 readout=2155 f1far=3863 f2near=1531 f2far=3657
SIPM_ARRIVALS event=921 total=638
SIPM_ADC event=921 readout=2533 f1far=3314 f2near=1886 f2far=2300
SIPM_ARRIVALS event=746 total=695
SIPM_ADC event=746 readout=2841 f1far=1717 f2near=3895 f2far=2512
SIPM_ARRIVALS event=1313 total=590
SIPM_ADC event=1313 readout=1835 f1far=2364 f2near=2492 f2far=3037
SIPM_ARRIVALS event=877 total=689
SIPM_ADC event=877 readout=1948 f1far=2739 f2near=2964 f2far=3520
SIPM_ARRIVALS event=1356 total=851
SIPM_ADC event=1356 readout=2795 f1far=2107 f2near=3895 f2far=2049
SIPM_ARRIVALS event=832 total=985
SIPM_ADC event=832 readout=3895 f1far=2508 f2near=3895 f2far=2810
SIPM_ARRIVALS event=1139 total=900
SIPM_ADC event=1139 readout=3026 f1far=3396 f2near=3034 f2far=3895
SIPM_ARRIVALS event=1225 total=715
SIPM_ADC event=1225 readout=2693 f1far=3208 f2near=2459 f2far=2793
SIPM_ARRIVALS event=1095 total=592
SIPM_ADC event=1095 readout=2522 f1far=1840 f2near=2946 f2far=2628
SIPM_ARRIVALS event=1268 total=1034
SIPM_ADC event=1268 readout=3558 f1far=3895 f2near=2689 f2far=3895
SIPM_ARRIVALS event=1400 total=759
SIPM_ADC event=1400 readout=2104 f1far=3328 f2near=2843 f2far=3785
SIPM_ARRIVALS event=1009 total=757
SIPM_ADC event=1009 readout=2426 f1far=2118 f2near=2927 f2far=3352
SIPM_ARRIVALS event=965 total=653
SIPM_ADC event=965 readout=3895 f1far=2679 f2near=2431 f2far=1344
SIPM_ARRIVALS event=922 total=684
SIPM_ADC event=922 readout=1625 f1far=3551 f2near=1852 f2far=3839
SIPM_ARRIVALS event=1051 total=711
SIPM_ADC event=1051 readout=2412 f1far=2001 f2near=3635 f2far=2814
SIPM_ARRIVALS event=791 total=710
SIPM_ADC event=791 readout=1760 f1far=3703 f2near=2140 f2far=3895
SIPM_ARRIVALS event=1314 total=635
SIPM_ADC event=1314 readout=2599 f1far=3479 f2near=2242 f2far=1716
SIPM_ARRIVALS event=878 total=739
SIPM_ADC event=878 readout=3046 f1far=2631 f2near=2679 f2far=2191
SIPM_ARRIVALS event=1182 total=862
SIPM_ADC event=1182 readout=3274 f1far=3515 f2near=3288 f2far=2621
SIPM_ARRIVALS event=1357 total=729
SIPM_ADC event=1357 readout=2962 f1far=1354 f2near=3895 f2far=2161
SIPM_ARRIVALS event=747 total=945
SIPM_ADC event=747 readout=2738 f1far=3895 f2near=3017 f2far=3895
SIPM_ARRIVALS event=1140 total=655
SIPM_ADC event=1140 readout=2907 f1far=3131 f2near=1320 f2far=1968
SIPM_ARRIVALS event=1269 total=695
SIPM_ADC event=1269 readout=2584 f1far=3339 f2near=2470 f2far=3128
SIPM_ARRIVALS event=1401 total=668
SIPM_ADC event=1401 readout=2892 f1far=1999 f2near=2784 f2far=2287
SIPM_ARRIVALS event=833 total=1030
SIPM_ADC event=833 readout=2846 f1far=3490 f2near=2924 f2far=3895
SIPM_ARRIVALS event=1096 total=725
SIPM_ADC event=1096 readout=2688 f1far=3895 f2near=2989 f2far=2776
SIPM_ARRIVALS event=1226 total=745
SIPM_ADC event=1226 readout=3067 f1far=3344 f2near=2624 f2far=2833
SIPM_ARRIVALS event=1010 total=688
SIPM_ADC event=1010 readout=3720 f1far=1990 f2near=2655 f2far=2762
SIPM_ARRIVALS event=1408 total=644
SIPM_ADC event=1408 readout=2846 f1far=2875 f2near=1746 f2far=2340
SIPM_ARRIVALS event=1052 total=693
SIPM_ADC event=1052 readout=1665 f1far=3013 f2near=2974 f2far=3232
SIPM_ARRIVALS event=966 total=775
SIPM_ADC event=966 readout=3638 f1far=3453 f2near=1938 f2far=3045
SIPM_ARRIVALS event=923 total=851
SIPM_ADC event=923 readout=3003 f1far=1893 f2near=3895 f2far=3550
SIPM_ARRIVALS event=1358 total=666
SIPM_ADC event=1358 readout=2014 f1far=1852 f2near=3073 f2far=2812
SIPM_ARRIVALS event=1315 total=729
SIPM_ADC event=1315 readout=2866 f1far=3849 f2near=2165 f2far=3228
SIPM_ARRIVALS event=1183 total=723
SIPM_ADC event=1183 readout=3408 f1far=2388 f2near=2776 f2far=2404
SIPM_ARRIVALS event=879 total=874
SIPM_ADC event=879 readout=3212 f1far=2647 f2near=3895 f2far=3137
SIPM_ARRIVALS event=1452 total=788
SIPM_ADC event=1452 readout=3776 f1far=2891 f2near=2717 f2far=3895
SIPM_ARRIVALS event=1141 total=814
SIPM_ADC event=1141 readout=3895 f1far=3047 f2near=3042 f2far=2104
SIPM_ARRIVALS event=1270 total=706
SIPM_ADC event=1270 readout=2570 f1far=1583 f2near=3707 f2far=3493
SIPM_ARRIVALS event=1011 total=695
SIPM_ADC event=1011 readout=1515 f1far=3895 f2near=1935 f2far=3463
SIPM_ARRIVALS event=1097 total=719
SIPM_ADC event=1097 readout=2537 f1far=1306 f2near=3665 f2far=2386
SIPM_ARRIVALS event=967 total=647
SIPM_ADC event=967 readout=3159 f1far=1499 f2near=3348 f2far=1586
SIPM_ARRIVALS event=834 total=741
SIPM_ADC event=834 readout=3108 f1far=1975 f2near=3452 f2far=2804
SIPM_ARRIVALS event=1227 total=884
SIPM_ADC event=1227 readout=2254 f1far=3895 f2near=3012 f2far=3895
SIPM_ARRIVALS event=1053 total=704
SIPM_ADC event=1053 readout=2200 f1far=2025 f2near=3061 f2far=2999
SIPM_ARRIVALS event=1402 total=841
SIPM_ADC event=1402 readout=3043 f1far=1947 f2near=3895 f2far=2551
SIPM_ARRIVALS event=1409 total=760
SIPM_ADC event=1409 readout=2809 f1far=2687 f2near=2988 f2far=2951
SIPM_ARRIVALS event=1453 total=571
SIPM_ADC event=1453 readout=1779 f1far=1807 f2near=2527 f2far=2368
SIPM_ARRIVALS event=1496 total=696
SIPM_ADC event=1496 readout=2720 f1far=2205 f2near=2528 f2far=3628
SIPM_ARRIVALS event=1316 total=752
SIPM_ADC event=1316 readout=3864 f1far=2263 f2near=2441 f2far=2658
SIPM_ARRIVALS event=1359 total=760
SIPM_ADC event=1359 readout=3895 f1far=3045 f2near=3546 f2far=1877
SIPM_ARRIVALS event=1184 total=933
SIPM_ADC event=1184 readout=2407 f1far=3468 f2near=3093 f2far=3895
SIPM_ARRIVALS event=1271 total=636
SIPM_ADC event=1271 readout=1204 f1far=2247 f2near=1754 f2far=3539
SIPM_ARRIVALS event=1540 total=902
SIPM_ADC event=1540 readout=3895 f1far=3296 f2near=2958 f2far=2916
SIPM_ARRIVALS event=1142 total=832
SIPM_ADC event=1142 readout=3389 f1far=2004 f2near=3895 f2far=2792
SIPM_ARRIVALS event=1054 total=712
SIPM_ADC event=1054 readout=2533 f1far=3895 f2near=1636 f2far=2825
SIPM_ARRIVALS event=1403 total=606
SIPM_ADC event=1403 readout=3383 f1far=2977 f2near=2240 f2far=1972
SIPM_ARRIVALS event=1584 total=910
SIPM_ADC event=1584 readout=2601 f1far=2990 f2near=2681 f2far=3895
SIPM_ARRIVALS event=1628 total=766
SIPM_ADC event=1628 readout=3895 f1far=1787 f2near=3895 f2far=1968
SIPM_ARRIVALS event=835 total=725
SIPM_ADC event=835 readout=2812 f1far=1352 f2near=3645 f2far=2236
SIPM_ARRIVALS event=1098 total=734
SIPM_ADC event=1098 readout=2953 f1far=2099 f2near=2365 f2far=2475
SIPM_ARRIVALS event=1228 total=738
SIPM_ADC event=1228 readout=2343 f1far=2439 f2near=3546 f2far=3113
SIPM_ARRIVALS event=1497 total=639
SIPM_ADC event=1497 readout=1954 f1far=1635 f2near=2609 f2far=2515
SIPM_ARRIVALS event=1410 total=769
SIPM_ADC event=1410 readout=2646 f1far=3312 f2near=1982 f2far=3402
SIPM_ARRIVALS event=1454 total=767
SIPM_ADC event=1454 readout=2190 f1far=3696 f2near=2800 f2far=3615
SIPM_ARRIVALS event=1317 total=849
SIPM_ADC event=1317 readout=1572 f1far=3895 f2near=2055 f2far=3895
SIPM_ARRIVALS event=1360 total=627
SIPM_ADC event=1360 readout=1764 f1far=2030 f2near=2585 f2far=2461
SIPM_ARRIVALS event=1185 total=725
SIPM_ADC event=1185 readout=3876 f1far=2214 f2near=2898 f2far=1644
SIPM_ARRIVALS event=1541 total=734
SIPM_ADC event=1541 readout=3052 f1far=1925 f2near=3496 f2far=2078
SIPM_ARRIVALS event=1272 total=808
SIPM_ADC event=1272 readout=3895 f1far=2424 f2near=3700 f2far=2553
SIPM_ARRIVALS event=1143 total=726
SIPM_ADC event=1143 readout=3635 f1far=2561 f2near=3068 f2far=2283
SIPM_ARRIVALS event=1629 total=653
SIPM_ADC event=1629 readout=2204 f1far=2425 f2near=3218 f2far=1957
SIPM_ARRIVALS event=1672 total=603
SIPM_ADC event=1672 readout=2578 f1far=2554 f2near=1813 f2far=2316
SIPM_ARRIVALS event=1099 total=736
SIPM_ADC event=1099 readout=3155 f1far=2109 f2near=3895 f2far=2320
SIPM_ARRIVALS event=1585 total=728
SIPM_ADC event=1585 readout=3632 f1far=3014 f2near=2568 f2far=2299
SIPM_ARRIVALS event=1404 total=706
SIPM_ADC event=1404 readout=2673 f1far=2205 f2near=2864 f2far=1918
SIPM_ARRIVALS event=1498 total=675
SIPM_ADC event=1498 readout=3794 f1far=2489 f2near=2965 f2far=1579
SIPM_ARRIVALS event=1411 total=674
SIPM_ADC event=1411 readout=3262 f1far=3487 f2near=1713 f2far=2569
SIPM_ARRIVALS event=1455 total=600
SIPM_ADC event=1455 readout=1990 f1far=1490 f2near=2905 f2far=2735
SIPM_ARRIVALS event=1055 total=906
SIPM_ADC event=1055 readout=3553 f1far=2153 f2near=3895 f2far=3191
SIPM_ARRIVALS event=1229 total=1014
SIPM_ADC event=1229 readout=3895 f1far=2913 f2near=3895 f2far=2547
SIPM_ARRIVALS event=1318 total=735
SIPM_ADC event=1318 readout=2708 f1far=1688 f2near=3249 f2far=3108
SIPM_ARRIVALS event=1542 total=602
SIPM_ADC event=1542 readout=2311 f1far=1458 f2near=2341 f2far=2603
SIPM_ARRIVALS event=1273 total=755
SIPM_ADC event=1273 readout=3818 f1far=1858 f2near=3895 f2far=2291
SIPM_ARRIVALS event=1186 total=754
SIPM_ADC event=1186 readout=3116 f1far=3439 f2near=2025 f2far=2844
SIPM_ARRIVALS event=1630 total=644
SIPM_ADC event=1630 readout=2302 f1far=1870 f2near=3895 f2far=1513
SIPM_ARRIVALS event=1716 total=726
SIPM_ADC event=1716 readout=2313 f1far=3582 f2near=2741 f2far=3471
SIPM_ARRIVALS event=1361 total=857
SIPM_ADC event=1361 readout=2801 f1far=2928 f2near=3677 f2far=3184
SIPM_ARRIVALS event=1586 total=611
SIPM_ADC event=1586 readout=1856 f1far=1905 f2near=2843 f2far=2241
SIPM_ARRIVALS event=1405 total=776
SIPM_ADC event=1405 readout=2179 f1far=3339 f2near=2263 f2far=3895
SIPM_ARRIVALS event=1673 total=847
SIPM_ADC event=1673 readout=2880 f1far=3841 f2near=2866 f2far=2687
SIPM_ARRIVALS event=1499 total=698
SIPM_ADC event=1499 readout=1333 f1far=2294 f2near=1931 f2far=3638
SIPM_ARRIVALS event=1412 total=612
SIPM_ADC event=1412 readout=2318 f1far=1698 f2near=2348 f2far=2619
SIPM_ARRIVALS event=1760 total=958
SIPM_ADC event=1760 readout=3895 f1far=2467 f2near=3895 f2far=3601
SIPM_ARRIVALS event=1456 total=764
SIPM_ADC event=1456 readout=3837 f1far=2392 f2near=3895 f2far=2481
SIPM_ARRIVALS event=1804 total=719
SIPM_ADC event=1804 readout=2372 f1far=2614 f2near=3036 f2far=2997
SIPM_ARRIVALS event=1319 total=681
SIPM_ADC event=1319 readout=2584 f1far=1949 f2near=3804 f2far=3244
SIPM_ARRIVALS event=1543 total=695
SIPM_ADC event=1543 readout=3223 f1far=1728 f2near=2456 f2far=2661
SIPM_ARRIVALS event=1274 total=705
SIPM_ADC event=1274 readout=2962 f1far=2533 f2near=2427 f2far=2448
SIPM_ARRIVALS event=1631 total=755
SIPM_ADC event=1631 readout=1851 f1far=2730 f2near=3667 f2far=3895
SIPM_ARRIVALS event=1587 total=633
SIPM_ADC event=1587 readout=3420 f1far=2358 f2near=2649 f2far=1718
SIPM_ARRIVALS event=1230 total=915
SIPM_ADC event=1230 readout=3895 f1far=2664 f2near=3695 f2far=2593
SIPM_ARRIVALS event=1187 total=718
SIPM_ADC event=1187 readout=2327 f1far=1879 f2near=2375 f2far=3531
SIPM_ARRIVALS event=1362 total=719
SIPM_ADC event=1362 readout=2178 f1far=2363 f2near=2750 f2far=3805
SIPM_ARRIVALS event=1500 total=605
SIPM_ADC event=1500 readout=2522 f1far=2788 f2near=2872 f2far=2034
SIPM_ARRIVALS event=1717 total=886
SIPM_ADC event=1717 readout=3550 f1far=3895 f2near=1787 f2far=3452
SIPM_ARRIVALS event=1413 total=796
SIPM_ADC event=1413 readout=3844 f1far=1761 f2near=3895 f2far=2936
SIPM_ARRIVALS event=1674 total=779
SIPM_ADC event=1674 readout=2645 f1far=2695 f2near=3403 f2far=2856
SIPM_ARRIVALS event=1761 total=760
SIPM_ADC event=1761 readout=3895 f1far=1556 f2near=3532 f2far=2331
SIPM_ARRIVALS event=1406 total=788
SIPM_ADC event=1406 readout=2545 f1far=2909 f2near=2180 f2far=3582
SIPM_ARRIVALS event=1457 total=730
SIPM_ADC event=1457 readout=3895 f1far=2348 f2near=3136 f2far=1528
SIPM_ARRIVALS event=1544 total=679
SIPM_ADC event=1544 readout=3219 f1far=966 f2near=3831 f2far=2452
SIPM_ARRIVALS event=1275 total=634
SIPM_ADC event=1275 readout=1601 f1far=2746 f2near=1941 f2far=3151
SIPM_ARRIVALS event=1231 total=689
SIPM_ADC event=1231 readout=2059 f1far=2643 f2near=2307 f2far=2938
SIPM_ARRIVALS event=1501 total=634
SIPM_ADC event=1501 readout=3225 f1far=2240 f2near=2379 f2far=1824
SIPM_ARRIVALS event=1632 total=838
SIPM_ADC event=1632 readout=3895 f1far=3260 f2near=3895 f2far=2762
SIPM_ARRIVALS event=1892 total=749
SIPM_ADC event=1892 readout=2748 f1far=3323 f2near=2305 f2far=3838
SIPM_ARRIVALS event=1588 total=711
SIPM_ADC event=1588 readout=2777 f1far=3648 f2near=2145 f2far=2663
SIPM_ARRIVALS event=1414 total=573
SIPM_ADC event=1414 readout=2263 f1far=2802 f2near=1881 f2far=2420
SIPM_ARRIVALS event=1363 total=743
SIPM_ADC event=1363 readout=2532 f1far=2922 f2near=1863 f2far=3282
SIPM_ARRIVALS event=1675 total=786
SIPM_ADC event=1675 readout=3430 f1far=2448 f2near=3895 f2far=2422
SIPM_ARRIVALS event=1718 total=745
SIPM_ADC event=1718 readout=2540 f1far=3455 f2near=2650 f2far=3895
SIPM_ARRIVALS event=1805 total=1314
SIPM_ADC event=1805 readout=3608 f1far=3895 f2near=3895 f2far=3895
SIPM_ARRIVALS event=1848 total=1196
SIPM_ADC event=1848 readout=3895 f1far=3895 f2near=3895 f2far=3895
SIPM_ARRIVALS event=1762 total=686
SIPM_ADC event=1762 readout=2756 f1far=1892 f2near=2558 f2far=2154
SIPM_ARRIVALS event=1458 total=815
SIPM_ADC event=1458 readout=3895 f1far=1753 f2near=3895 f2far=2528
SIPM_ARRIVALS event=1407 total=824
SIPM_ADC event=1407 readout=2114 f1far=3120 f2near=3408 f2far=2879
SIPM_ARRIVALS event=1980 total=679
SIPM_ADC event=1980 readout=3692 f1far=2552 f2near=2753 f2far=1432
SIPM_ARRIVALS event=1545 total=875
SIPM_ADC event=1545 readout=3283 f1far=3857 f2near=2841 f2far=3033
SIPM_ARRIVALS event=1502 total=687
SIPM_ADC event=1502 readout=1399 f1far=3049 f2near=2823 f2far=2975
SIPM_ARRIVALS event=1589 total=658
SIPM_ADC event=1589 readout=2151 f1far=1308 f2near=3895 f2far=2595
SIPM_ARRIVALS event=1633 total=629
SIPM_ADC event=1633 readout=2627 f1far=2251 f2near=1589 f2far=2634
SIPM_ARRIVALS event=1893 total=673
SIPM_ADC event=1893 readout=2649 f1far=1410 f2near=2798 f2far=3014
SIPM_ARRIVALS event=1415 total=721
SIPM_ADC event=1415 readout=1490 f1far=3336 f2near=1402 f2far=3895
SIPM_ARRIVALS event=1676 total=531
SIPM_ADC event=1676 readout=1479 f1far=2115 f2near=2536 f2far=2450
SIPM_ARRIVALS event=1936 total=1055
SIPM_ADC event=1936 readout=3135 f1far=3895 f2near=2793 f2far=3722
SIPM_ARRIVALS event=1849 total=667
SIPM_ADC event=1849 readout=1323 f1far=3171 f2near=2380 f2far=3499
SIPM_ARRIVALS event=1806 total=775
SIPM_ADC event=1806 readout=1945 f1far=3753 f2near=2879 f2far=3895
SIPM_ARRIVALS event=1719 total=800
SIPM_ADC event=1719 readout=1681 f1far=3596 f2near=2598 f2far=3895
SIPM_ARRIVALS event=1763 total=718
SIPM_ADC event=1763 readout=2896 f1far=2452 f2near=2696 f2far=2403
SIPM_ARRIVALS event=1459 total=659
SIPM_ADC event=1459 readout=3189 f1far=2950 f2near=2216 f2far=2310
SIPM_ARRIVALS event=1503 total=606
SIPM_ADC event=1503 readout=1943 f1far=1076 f2near=2731 f2far=1979
SIPM_ARRIVALS event=1546 total=799
SIPM_ADC event=1546 readout=3895 f1far=1807 f2near=3892 f2far=2952
SIPM_ARRIVALS event=1634 total=803
SIPM_ADC event=1634 readout=3254 f1far=1664 f2near=3672 f2far=2513
SIPM_ARRIVALS event=1590 total=696
SIPM_ADC event=1590 readout=1758 f1far=2646 f2near=2915 f2far=3084
SIPM_ARRIVALS event=1894 total=689
SIPM_ADC event=1894 readout=1015 f1far=2525 f2near=1923 f2far=3647
SIPM_ARRIVALS event=1981 total=921
SIPM_ADC event=1981 readout=3606 f1far=3417 f2near=2955 f2far=2153
SIPM_ARRIVALS event=1416 total=795
SIPM_ADC event=1416 readout=2388 f1far=3895 f2near=1834 f2far=3159
SIPM_ARRIVALS event=1850 total=599
SIPM_ADC event=1850 readout=2841 f1far=2771 f2near=1992 f2far=2375
SIPM_ARRIVALS event=1937 total=652
SIPM_ADC event=1937 readout=3171 f1far=2473 f2near=1836 f2far=2303
SIPM_ARRIVALS event=1677 total=795
SIPM_ADC event=1677 readout=2657 f1far=3895 f2near=1912 f2far=2683
SIPM_ARRIVALS event=1807 total=825
SIPM_ADC event=1807 readout=3344 f1far=2436 f2near=3895 f2far=2023
SIPM_ARRIVALS event=1720 total=816
SIPM_ADC event=1720 readout=3149 f1far=2950 f2near=3731 f2far=2602
SIPM_ARRIVALS event=1764 total=848
SIPM_ADC event=1764 readout=3041 f1far=2912 f2near=3728 f2far=2851
SIPM_ARRIVALS event=1460 total=871
SIPM_ADC event=1460 readout=2307 f1far=3895 f2near=2257 f2far=3124
SIPM_ARRIVALS event=1504 total=722
SIPM_ADC event=1504 readout=1965 f1far=2006 f2near=3785 f2far=2060
SIPM_ARRIVALS event=1547 total=695
SIPM_ADC event=1547 readout=3150 f1far=3047 f2near=2453 f2far=1814
SIPM_ARRIVALS event=1591 total=688
SIPM_ADC event=1591 readout=3058 f1far=3587 f2near=1869 f2far=2253
SIPM_ARRIVALS event=1635 total=786
SIPM_ARRIVALS event=1895 total=690
SIPM_ADC event=1635 readout=3895 f1far=2487 f2near=2775 f2far=2220
SIPM_ADC event=1895 readout=2603 f1far=2250 f2near=3895 f2far=2703
SIPM_ARRIVALS event=1851 total=676
SIPM_ADC event=1851 readout=1357 f1far=2850 f2near=2258 f2far=3895
SIPM_ARRIVALS event=1417 total=747
SIPM_ADC event=1417 readout=2929 f1far=2544 f2near=2772 f2far=3432
SIPM_ARRIVALS event=1678 total=720
SIPM_ADC event=1678 readout=3064 f1far=2092 f2near=3118 f2far=3072
SIPM_ARRIVALS event=1982 total=712
SIPM_ADC event=1982 readout=1970 f1far=2504 f2near=2415 f2far=1918
SIPM_ARRIVALS event=1808 total=760
SIPM_ADC event=1808 readout=3195 f1far=3895 f2near=2181 f2far=2749
SIPM_ARRIVALS event=1938 total=775
SIPM_ADC event=1938 readout=2698 f1far=3204 f2near=2418 f2far=2479
SIPM_ARRIVALS event=1765 total=684
SIPM_ADC event=1765 readout=1672 f1far=2476 f2near=2082 f2far=3895
SIPM_ARRIVALS event=1721 total=805
SIPM_ADC event=1721 readout=3895 f1far=3394 f2near=3023 f2far=1526
SIPM_ARRIVALS event=1461 total=737
SIPM_ADC event=1461 readout=3895 f1far=2438 f2near=3338 f2far=2551
SIPM_ARRIVALS event=1592 total=659
SIPM_ADC event=1592 readout=2771 f1far=2026 f2near=3664 f2far=3049
SIPM_ARRIVALS event=1505 total=824
SIPM_ADC event=1505 readout=3393 f1far=2400 f2near=2883 f2far=3895
SIPM_ARRIVALS event=1636 total=657
SIPM_ADC event=1636 readout=3038 f1far=1248 f2near=3506 f2far=3011
SIPM_ARRIVALS event=1548 total=755
SIPM_ADC event=1548 readout=2667 f1far=2583 f2near=3084 f2far=2713
SIPM_ARRIVALS event=1896 total=690
SIPM_ADC event=1896 readout=2085 f1far=3089 f2near=2203 f2far=3592
SIPM_ARRIVALS event=1983 total=659
SIPM_ADC event=1983 readout=1529 f1far=3081 f2near=2071 f2far=3895
SIPM_ARRIVALS event=1852 total=659
SIPM_ADC event=1852 readout=2233 f1far=3713 f2near=2070 f2far=2673
SIPM_ARRIVALS event=1418 total=766
SIPM_ADC event=1418 readout=3895 f1far=2596 f2near=3428 f2far=3018
SIPM_ARRIVALS event=1679 total=751
SIPM_ADC event=1679 readout=3179 f1far=2309 f2near=3161 f2far=3027
SIPM_ARRIVALS event=1809 total=722
SIPM_ADC event=1809 readout=2605 f1far=2963 f2near=2002 f2far=3018
SIPM_ARRIVALS event=1939 total=812
SIPM_ADC event=1939 readout=3895 f1far=2374 f2near=3316 f2far=2689
SIPM_ARRIVALS event=1766 total=771
SIPM_ADC event=1766 readout=3895 f1far=3139 f2near=3735 f2far=2094
SIPM_ARRIVALS event=1637 total=651
SIPM_ADC event=1637 readout=2621 f1far=3895 f2near=1456 f2far=3876
SIPM_ARRIVALS event=1462 total=808
SIPM_ADC event=1462 readout=2950 f1far=2790 f2near=2691 f2far=3410
SIPM_ARRIVALS event=1722 total=752
SIPM_ADC event=1722 readout=2710 f1far=3895 f2near=2888 f2far=2193
SIPM_ARRIVALS event=1897 total=695
SIPM_ADC event=1897 readout=2300 f1far=2771 f2near=1980 f2far=3800
SIPM_ARRIVALS event=1506 total=685
SIPM_ADC event=1506 readout=3194 f1far=1596 f2near=3050 f2far=2078
SIPM_ARRIVALS event=1549 total=717
SIPM_ADC event=1549 readout=2237 f1far=2967 f2near=1726 f2far=2214
SIPM_ARRIVALS event=1853 total=603
SIPM_ADC event=1853 readout=2590 f1far=3443 f2near=1976 f2far=1902
SIPM_ARRIVALS event=1984 total=716
SIPM_ADC event=1984 readout=2140 f1far=3303 f2near=2427 f2far=3557
SIPM_ARRIVALS event=1419 total=682
SIPM_ADC event=1419 readout=2134 f1far=1962 f2near=3421 f2far=3383
SIPM_ARRIVALS event=1593 total=980
SIPM_ADC event=1593 readout=2938 f1far=3895 f2near=2628 f2far=3895
SIPM_ARRIVALS event=1940 total=634
SIPM_ADC event=1940 readout=2921 f1far=2852 f2near=1935 f2far=2414
SIPM_ARRIVALS event=1680 total=923
SIPM_ADC event=1680 readout=3895 f1far=2719 f2near=3539 f2far=2307
SIPM_ARRIVALS event=1767 total=581
SIPM_ADC event=1767 readout=3181 f1far=2190 f2near=2375 f2far=1394
SIPM_ARRIVALS event=1810 total=947
SIPM_ADC event=1810 readout=3895 f1far=3256 f2near=2912 f2far=3362
SIPM_ARRIVALS event=1463 total=616
SIPM_ADC event=1463 readout=3554 f1far=2671 f2near=2280 f2far=1544
SIPM_ARRIVALS event=1723 total=665
SIPM_ADC event=1723 readout=2412 f1far=1845 f2near=3895 f2far=1654
SIPM_ARRIVALS event=1638 total=804
SIPM_ADC event=1638 readout=2505 f1far=2626 f2near=2544 f2far=3895
SIPM_ARRIVALS event=1550 total=653
SIPM_ADC event=1550 readout=1798 f1far=2995 f2near=2319 f2far=2434
SIPM_ARRIVALS event=1420 total=677
SIPM_ADC event=1420 readout=3262 f1far=2738 f2near=3051 f2far=2122
SIPM_ARRIVALS event=1507 total=735
SIPM_ADC event=1507 readout=3535 f1far=2178 f2near=3895 f2far=2533
SIPM_ARRIVALS event=1985 total=651
SIPM_ADC event=1985 readout=1585 f1far=2735 f2near=2290 f2far=3895
SIPM_ARRIVALS event=1854 total=750
SIPM_ADC event=1854 readout=3013 f1far=2052 f2near=3895 f2far=2478
SIPM_ARRIVALS event=1898 total=779
SIPM_ADC event=1898 readout=2645 f1far=3833 f2near=2168 f2far=3360
SIPM_ARRIVALS event=1594 total=749
SIPM_ADC event=1594 readout=3384 f1far=3491 f2near=1548 f2far=3482
SIPM_ARRIVALS event=1681 total=704
SIPM_ADC event=1681 readout=1450 f1far=2982 f2near=2468 f2far=3895
SIPM_ARRIVALS event=1768 total=711
SIPM_ADC event=1768 readout=3770 f1far=2134 f2near=3218 f2far=2037
SIPM_ARRIVALS event=1941 total=642
SIPM_ADC event=1941 readout=2077 f1far=2932 f2near=2062 f2far=2482
SIPM_ARRIVALS event=1811 total=618
SIPM_ADC event=1811 readout=1829 f1far=1855 f2near=2661 f2far=2644
SIPM_ARRIVALS event=1639 total=717
SIPM_ADC event=1639 readout=2432 f1far=3895 f2near=1924 f2far=2787
SIPM_ARRIVALS event=1551 total=711
SIPM_ADC event=1551 readout=1769 f1far=3485 f2near=2523 f2far=3583
SIPM_ARRIVALS event=1464 total=774
SIPM_ADC event=1464 readout=3704 f1far=3895 f2near=1868 f2far=1565
SIPM_ARRIVALS event=1421 total=696
SIPM_ADC event=1421 readout=1725 f1far=2544 f2near=2749 f2far=3873
SIPM_ARRIVALS event=1855 total=707
SIPM_ADC event=1855 readout=2393 f1far=2880 f2near=2827 f2far=3882
SIPM_ARRIVALS event=1986 total=719
SIPM_ADC event=1986 readout=3215 f1far=2559 f2near=1861 f2far=1528
SIPM_ARRIVALS event=1724 total=896
SIPM_ADC event=1724 readout=1844 f1far=3895 f2near=2727 f2far=3895
SIPM_ARRIVALS event=1899 total=736
SIPM_ADC event=1899 readout=3581 f1far=1954 f2near=2430 f2far=2538
SIPM_ARRIVALS event=1595 total=665
SIPM_ADC event=1595 readout=3895 f1far=1972 f2near=2964 f2far=2091
SIPM_ARRIVALS event=1682 total=775
SIPM_ADC event=1682 readout=2470 f1far=2964 f2near=2471 f2far=2809
SIPM_ARRIVALS event=1769 total=846
SIPM_ADC event=1769 readout=3895 f1far=2947 f2near=3439 f2far=1923
SIPM_ARRIVALS event=1942 total=768
SIPM_ADC event=1942 readout=2703 f1far=2999 f2near=3267 f2far=2478
SIPM_ARRIVALS event=1812 total=683
SIPM_ADC event=1812 readout=2793 f1far=2471 f2near=2421 f2far=2819
SIPM_ARRIVALS event=1508 total=1219
SIPM_ADC event=1508 readout=3895 f1far=3895 f2near=3229 f2far=3895
SIPM_ARRIVALS event=1640 total=766
SIPM_ADC event=1640 readout=2008 f1far=2328 f2near=2434 f2far=3705
SIPM_ARRIVALS event=1552 total=784
SIPM_ADC event=1552 readout=2020 f1far=3425 f2near=2338 f2far=3825
SIPM_ARRIVALS event=1465 total=797
SIPM_ADC event=1465 readout=2789 f1far=3370 f2near=3002 f2far=2501
SIPM_ARRIVALS event=1856 total=767
SIPM_ADC event=1856 readout=3895 f1far=1690 f2near=3715 f2far=1861
SIPM_ARRIVALS event=1900 total=707
SIPM_ADC event=1900 readout=3423 f1far=1588 f2near=3895 f2far=1807
SIPM_ARRIVALS event=1987 total=727
SIPM_ADC event=1987 readout=3433 f1far=3012 f2near=2897 f2far=3453
SIPM_ARRIVALS event=1422 total=920
SIPM_ADC event=1422 readout=2714 f1far=3206 f2near=3398 f2far=3895
SIPM_ARRIVALS event=1683 total=746
SIPM_ADC event=1683 readout=2453 f1far=2777 f2near=2618 f2far=3895
SIPM_ARRIVALS event=1596 total=718
SIPM_ADC event=1596 readout=2759 f1far=2509 f2near=2868 f2far=3462
SIPM_ARRIVALS event=1725 total=966
SIPM_ADC event=1725 readout=3393 f1far=2307 f2near=3895 f2far=3621
SIPM_ARRIVALS event=1770 total=730
SIPM_ADC event=1770 readout=2746 f1far=3629 f2near=2020 f2far=2917
SIPM_ARRIVALS event=1509 total=608
SIPM_ADC event=1509 readout=2837 f1far=2199 f2near=1714 f2far=1235
SIPM_ARRIVALS event=1943 total=828
SIPM_ADC event=1943 readout=3631 f1far=2373 f2near=3895 f2far=2630
SIPM_ARRIVALS event=1641 total=780
SIPM_ADC event=1641 readout=2984 f1far=2456 f2near=3895 f2far=2039
SIPM_ARRIVALS event=1553 total=719
SIPM_ADC event=1553 readout=1670 f1far=3410 f2near=2471 f2far=3450
SIPM_ARRIVALS event=1466 total=639
SIPM_ADC event=1466 readout=2977 f1far=2050 f2near=2526 f2far=2746
SIPM_ARRIVALS event=1813 total=1065
SIPM_ADC event=1813 readout=2875 f1far=3895 f2near=3044 f2far=3832
SIPM_ARRIVALS event=1857 total=725
SIPM_ADC event=1857 readout=1304 f1far=2237 f2near=2338 f2far=3895
SIPM_ARRIVALS event=1901 total=710
SIPM_ADC event=1901 readout=2967 f1far=2741 f2near=2863 f2far=2539
SIPM_ARRIVALS event=1423 total=727
SIPM_ADC event=1423 readout=2339 f1far=3895 f2near=2138 f2far=3895
SIPM_ARRIVALS event=1988 total=738
SIPM_ADC event=1988 readout=2258 f1far=3072 f2near=2628 f2far=3895
SIPM_ARRIVALS event=1684 total=752
SIPM_ADC event=1684 readout=3165 f1far=1748 f2near=3895 f2far=2308
SIPM_ARRIVALS event=1597 total=711
SIPM_ADC event=1597 readout=3895 f1far=1984 f2near=3400 f2far=1971
SIPM_ARRIVALS event=1726 total=756
SIPM_ADC event=1726 readout=2376 f1far=3709 f2near=2140 f2far=3756
SIPM_ARRIVALS event=1510 total=690
SIPM_ADC event=1510 readout=3112 f1far=2680 f2near=1930 f2far=2195
SIPM_ARRIVALS event=1944 total=596
SIPM_ADC event=1944 readout=2272 f1far=1694 f2near=3372 f2far=2042
SIPM_ARRIVALS event=1771 total=708
SIPM_ADC event=1771 readout=3343 f1far=2277 f2near=2612 f2far=1816
SIPM_ARRIVALS event=1467 total=694
SIPM_ADC event=1467 readout=3895 f1far=2435 f2near=3895 f2far=1847
SIPM_ARRIVALS event=1814 total=575
SIPM_ADC event=1814 readout=1990 f1far=2818 f2near=2418 f2far=2493
SIPM_ARRIVALS event=1642 total=716
SIPM_ADC event=1642 readout=2581 f1far=3447 f2near=2497 f2far=1825
SIPM_ARRIVALS event=1858 total=655
SIPM_ADC event=1858 readout=2902 f1far=1491 f2near=3895 f2far=2041
SIPM_ARRIVALS event=1554 total=781
SIPM_ADC event=1554 readout=3895 f1far=2569 f2near=3895 f2far=2281
SIPM_ARRIVALS event=1902 total=679
SIPM_ADC event=1902 readout=2472 f1far=2452 f2near=2750 f2far=2019
SIPM_ARRIVALS event=1598 total=719
SIPM_ADC event=1598 readout=1489 f1far=3322 f2near=1973 f2far=3716
SIPM_ARRIVALS event=1727 total=655
SIPM_ADC event=1727 readout=2710 f1far=2581 f2near=2648 f2far=2247
SIPM_ARRIVALS event=1424 total=699
SIPM_ADC event=1424 readout=1890 f1far=2045 f2near=2154 f2far=3470
SIPM_ARRIVALS event=1989 total=745
SIPM_ADC event=1989 readout=2871 f1far=2876 f2near=3035 f2far=2304
SIPM_ARRIVALS event=1685 total=767
SIPM_ADC event=1685 readout=3292 f1far=1564 f2near=3729 f2far=2756
SIPM_ARRIVALS event=1511 total=690
SIPM_ADC event=1511 readout=3105 f1far=2683 f2near=2887 f2far=1978
SIPM_ARRIVALS event=1772 total=656
SIPM_ADC event=1772 readout=2000 f1far=3665 f2near=1850 f2far=3142
SIPM_ARRIVALS event=1945 total=731
SIPM_ADC event=1945 readout=3343 f1far=3136 f2near=3154 f2far=2550
SIPM_ARRIVALS event=1468 total=710
SIPM_ADC event=1468 readout=2893 f1far=1698 f2near=3895 f2far=2426
SIPM_ARRIVALS event=1859 total=625
SIPM_ADC event=1859 readout=1456 f1far=2163 f2near=2271 f2far=3725
SIPM_ARRIVALS event=1643 total=698
SIPM_ADC event=1643 readout=2169 f1far=2939 f2near=2722 f2far=3741
SIPM_ARRIVALS event=1555 total=679
SIPM_ADC event=1555 readout=3367 f1far=2959 f2near=2207 f2far=2335
SIPM_ARRIVALS event=1815 total=811
SIPM_ADC event=1815 readout=3895 f1far=3513 f2near=3674 f2far=1918
SIPM_ARRIVALS event=1599 total=691
SIPM_ADC event=1599 readout=2887 f1far=2286 f2near=3728 f2far=2522
SIPM_ARRIVALS event=1686 total=608
SIPM_ADC event=1686 readout=2766 f1far=2427 f2near=2549 f2far=1277
SIPM_ARRIVALS event=1728 total=696
SIPM_ADC event=1728 readout=2415 f1far=2040 f2near=3895 f2far=2372
SIPM_ARRIVALS event=1425 total=651
SIPM_ADC event=1425 readout=2366 f1far=2940 f2near=2203 f2far=3194
SIPM_ARRIVALS event=1903 total=731
SIPM_ADC event=1903 readout=3895 f1far=3282 f2near=2383 f2far=2504
SIPM_ARRIVALS event=1990 total=689
SIPM_ADC event=1990 readout=3399 f1far=2849 f2near=2463 f2far=2363
SIPM_ARRIVALS event=1512 total=772
SIPM_ADC event=1512 readout=3895 f1far=2800 f2near=2737 f2far=2441
SIPM_ARRIVALS event=1773 total=753
SIPM_ADC event=1773 readout=2771 f1far=3091 f2near=2347 f2far=3866
SIPM_ARRIVALS event=1469 total=590
SIPM_ADC event=1469 readout=1687 f1far=2376 f2near=2404 f2far=2275
SIPM_ARRIVALS event=1946 total=686
SIPM_ADC event=1946 readout=1794 f1far=3097 f2near=3136 f2far=3493
SIPM_ARRIVALS event=1860 total=717
SIPM_ADC event=1860 readout=2672 f1far=2347 f2near=3184 f2far=3042
SIPM_ARRIVALS event=1644 total=696
SIPM_ADC event=1644 readout=3156 f1far=2635 f2near=2323 f2far=2118
SIPM_ARRIVALS event=1426 total=654
SIPM_ADC event=1426 readout=1611 f1far=3895 f2near=1426 f2far=3158
SIPM_ARRIVALS event=1556 total=824
SIPM_ADC event=1556 readout=3895 f1far=2916 f2near=2736 f2far=2121
SIPM_ARRIVALS event=1687 total=663
SIPM_ADC event=1687 readout=1378 f1far=2784 f2near=2514 f2far=3570
SIPM_ARRIVALS event=1729 total=704
SIPM_ADC event=1729 readout=1523 f1far=2646 f2near=3088 f2far=3188
SIPM_ARRIVALS event=1600 total=844
SIPM_ADC event=1600 readout=2142 f1far=3895 f2near=2330 f2far=3895
SIPM_ARRIVALS event=1816 total=826
SIPM_ADC event=1816 readout=3848 f1far=2708 f2near=3895 f2far=3045
SIPM_ARRIVALS event=1904 total=795
SIPM_ADC event=1904 readout=3501 f1far=3895 f2near=3391 f2far=3274
SIPM_ARRIVALS event=1991 total=664
SIPM_ADC event=1991 readout=1420 f1far=1625 f2near=2548 f2far=3895
SIPM_ARRIVALS event=1513 total=622
SIPM_ADC event=1513 readout=3126 f1far=1903 f2near=2082 f2far=1990
SIPM_ARRIVALS event=1774 total=565
SIPM_ADC event=1774 readout=2171 f1far=2017 f2near=1940 f2far=2690
SIPM_ARRIVALS event=1470 total=715
SIPM_ADC event=1470 readout=2634 f1far=2963 f2near=3183 f2far=3394
SIPM_ARRIVALS event=1947 total=803
SIPM_ADC event=1947 readout=3895 f1far=1500 f2near=3895 f2far=2202
SIPM_ARRIVALS event=1645 total=633
SIPM_ADC event=1645 readout=3575 f1far=2040 f2near=2716 f2far=2263
SIPM_ARRIVALS event=1861 total=807
SIPM_ADC event=1861 readout=2768 f1far=3895 f2near=2292 f2far=3279
SIPM_ARRIVALS event=1688 total=618
SIPM_ADC event=1688 readout=2526 f1far=2688 f2near=1666 f2far=1674
SIPM_ARRIVALS event=1557 total=909
SIPM_ADC event=1557 readout=3351 f1far=2293 f2near=3895 f2far=3163
SIPM_ARRIVALS event=1905 total=664
SIPM_ADC event=1905 readout=1479 f1far=2931 f2near=2064 f2far=3895
SIPM_ARRIVALS event=1601 total=706
SIPM_ADC event=1601 readout=3186 f1far=3895 f2near=1626 f2far=3034
SIPM_ARRIVALS event=1775 total=511
SIPM_ADC event=1775 readout=1720 f1far=2483 f2near=2008 f2far=1686
SIPM_ARRIVALS event=1427 total=870
SIPM_ADC event=1427 readout=3895 f1far=3124 f2near=2864 f2far=3359
SIPM_ARRIVALS event=1730 total=771
SIPM_ADC event=1730 readout=2024 f1far=2941 f2near=3098 f2far=3895
SIPM_ARRIVALS event=1817 total=978
SIPM_ADC event=1817 readout=3895 f1far=2282 f2near=3895 f2far=2330
SIPM_ARRIVALS event=1471 total=642
SIPM_ADC event=1471 readout=2618 f1far=2049 f2near=2276 f2far=3249
SIPM_ARRIVALS event=1992 total=740
SIPM_ADC event=1992 readout=2238 f1far=2863 f2near=3880 f2far=2403
SIPM_ARRIVALS event=1514 total=792
SIPM_ADC event=1514 readout=3228 f1far=1395 f2near=3895 f2far=2815
SIPM_ARRIVALS event=1646 total=624
SIPM_ADC event=1646 readout=1676 f1far=1877 f2near=2630 f2far=2895
SIPM_ARRIVALS event=1689 total=738
SIPM_ADC event=1689 readout=2835 f1far=3895 f2near=1509 f2far=3181
SIPM_ARRIVALS event=1862 total=638
SIPM_ADC event=1862 readout=2087 f1far=2121 f2near=2132 f2far=2522
SIPM_ARRIVALS event=1948 total=676
SIPM_ADC event=1948 readout=3436 f1far=2747 f2near=2783 f2far=2126
SIPM_ARRIVALS event=1558 total=763
SIPM_ADC event=1558 readout=3895 f1far=1489 f2near=3895 f2far=2644
SIPM_ARRIVALS event=1602 total=851
SIPM_ADC event=1602 readout=2072 f1far=3540 f2near=1926 f2far=3895
SIPM_ARRIVALS event=1428 total=670
SIPM_ADC event=1428 readout=2619 f1far=2331 f2near=2610 f2far=2688
SIPM_ARRIVALS event=1776 total=699
SIPM_ADC event=1776 readout=1885 f1far=3332 f2near=2738 f2far=3323
SIPM_ARRIVALS event=1731 total=634
SIPM_ADC event=1731 readout=1810 f1far=2394 f2near=2566 f2far=3600
SIPM_ARRIVALS event=1818 total=724
SIPM_ADC event=1818 readout=2874 f1far=2252 f2near=3895 f2far=2233
SIPM_ARRIVALS event=1472 total=682
SIPM_ADC event=1472 readout=1891 f1far=3099 f2near=2173 f2far=3286
SIPM_ARRIVALS event=1515 total=732
SIPM_ADC event=1515 readout=3149 f1far=1786 f2near=3895 f2far=1996
SIPM_ARRIVALS event=1906 total=857
SIPM_ADC event=1906 readout=3007 f1far=2229 f2near=3895 f2far=2979
SIPM_ARRIVALS event=1993 total=748
SIPM_ADC event=1993 readout=2678 f1far=2558 f2near=3895 f2far=2473
SIPM_ARRIVALS event=1647 total=821
SIPM_ADC event=1647 readout=2371 f1far=3291 f2near=2371 f2far=3895
SIPM_ARRIVALS event=1949 total=686
SIPM_ADC event=1949 readout=3075 f1far=2217 f2near=3124 f2far=2099
SIPM_ARRIVALS event=1863 total=747
SIPM_ADC event=1863 readout=2713 f1far=3895 f2near=1828 f2far=3281
SIPM_ARRIVALS event=1690 total=731
SIPM_ADC event=1690 readout=2604 f1far=2954 f2near=3676 f2far=3525
SIPM_ARRIVALS event=1777 total=664
SIPM_ADC event=1777 readout=1950 f1far=1790 f2near=3606 f2far=2393
SIPM_ARRIVALS event=1429 total=705
SIPM_ADC event=1429 readout=3147 f1far=3343 f2near=2659 f2far=3012
SIPM_ARRIVALS event=1473 total=633
SIPM_ADC event=1473 readout=2834 f1far=3202 f2near=1775 f2far=2007
SIPM_ARRIVALS event=1732 total=592
SIPM_ADC event=1732 readout=1432 f1far=1979 f2near=1764 f2far=2871
SIPM_ARRIVALS event=1819 total=665
SIPM_ADC event=1819 readout=3019 f1far=2738 f2near=1787 f2far=2352
SIPM_ARRIVALS event=1603 total=860
SIPM_ADC event=1603 readout=2547 f1far=3474 f2near=2489 f2far=3895
SIPM_ARRIVALS event=1516 total=703
SIPM_ADC event=1516 readout=3251 f1far=2154 f2near=2922 f2far=1863
SIPM_ARRIVALS event=1559 total=1025
SIPM_ADC event=1559 readout=3895 f1far=3514 f2near=3223 f2far=2946
SIPM_ARRIVALS event=1994 total=772
SIPM_ADC event=1994 readout=3895 f1far=3510 f2near=2497 f2far=2197
SIPM_ARRIVALS event=1907 total=799
SIPM_ADC event=1907 readout=3255 f1far=3806 f2near=2830 f2far=2875
SIPM_ARRIVALS event=1691 total=631
SIPM_ADC event=1691 readout=2310 f1far=3044 f2near=2188 f2far=2692
SIPM_ARRIVALS event=1648 total=792
SIPM_ADC event=1648 readout=3895 f1far=3339 f2near=3089 f2far=3197
SIPM_ARRIVALS event=1864 total=712
SIPM_ADC event=1864 readout=2955 f1far=3280 f2near=2222 f2far=2966
SIPM_ARRIVALS event=1474 total=692
SIPM_ADC event=1474 readout=3895 f1far=2363 f2near=3374 f2far=1909
SIPM_ARRIVALS event=1778 total=632
SIPM_ADC event=1778 readout=1992 f1far=1852 f2near=2374 f2far=2818
SIPM_ARRIVALS event=1950 total=765
SIPM_ADC event=1950 readout=2801 f1far=2379 f2near=3613 f2far=3297
SIPM_ARRIVALS event=1430 total=884
SIPM_ADC event=1430 readout=3895 f1far=2860 f2near=3895 f2far=2188
SIPM_ARRIVALS event=1820 total=754
SIPM_ADC event=1820 readout=3033 f1far=3703 f2near=2916 f2far=2007
SIPM_ARRIVALS event=1733 total=702
SIPM_ADC event=1733 readout=3037 f1far=3702 f2near=2427 f2far=1776
SIPM_ARRIVALS event=1517 total=758
SIPM_ADC event=1517 readout=3735 f1far=1741 f2near=3532 f2far=2192
SIPM_ARRIVALS event=1604 total=812
SIPM_ADC event=1604 readout=3514 f1far=3216 f2near=3127 f2far=2893
SIPM_ARRIVALS event=1560 total=679
SIPM_ADC event=1560 readout=3391 f1far=2714 f2near=2650 f2far=2014
SIPM_ARRIVALS event=1692 total=652
SIPM_ADC event=1692 readout=2528 f1far=2757 f2near=2390 f2far=2809
SIPM_ARRIVALS event=1649 total=716
SIPM_ADC event=1649 readout=2838 f1far=3895 f2near=2077 f2far=3278
SIPM_ARRIVALS event=1475 total=806
SIPM_ADC event=1475 readout=3549 f1far=3693 f2near=3249 f2far=2693
SIPM_ARRIVALS event=1865 total=688
SIPM_ADC event=1865 readout=2886 f1far=2431 f2near=1965 f2far=2041
SIPM_ARRIVALS event=1779 total=722
SIPM_ADC event=1779 readout=3582 f1far=2443 f2near=2810 f2far=2391
SIPM_ARRIVALS event=1908 total=1029
SIPM_ADC event=1908 readout=2477 f1far=3895 f2near=2719 f2far=3895
SIPM_ARRIVALS event=1995 total=1010
SIPM_ADC event=1995 readout=3895 f1far=3833 f2near=3126 f2far=2127
SIPM_ARRIVALS event=1951 total=662
SIPM_ADC event=1951 readout=2390 f1far=2371 f2near=2459 f2far=2988
SIPM_ARRIVALS event=1821 total=715
SIPM_ADC event=1821 readout=3895 f1far=2370 f2near=2288 f2far=1806
SIPM_ARRIVALS event=1734 total=766
SIPM_ADC event=1734 readout=2734 f1far=3895 f2near=1943 f2far=3440
SIPM_ARRIVALS event=1431 total=862
SIPM_ADC event=1431 readout=2589 f1far=3895 f2near=3557 f2far=3895
SIPM_ARRIVALS event=1605 total=675
SIPM_ADC event=1605 readout=2783 f1far=2942 f2near=2716 f2far=2547
SIPM_ARRIVALS event=1518 total=786
SIPM_ADC event=1518 readout=2706 f1far=1923 f2near=3845 f2far=2801
SIPM_ARRIVALS event=1561 total=720
SIPM_ADC event=1561 readout=2074 f1far=2670 f2near=2011 f2far=3895
SIPM_ARRIVALS event=1650 total=699
SIPM_ADC event=1650 readout=2593 f1far=2104 f2near=3207 f2far=3469
SIPM_ARRIVALS event=1476 total=696
SIPM_ADC event=1476 readout=2323 f1far=3026 f2near=2456 f2far=2698
SIPM_ARRIVALS event=1909 total=743
SIPM_ADC event=1909 readout=1372 f1far=3895 f2near=2150 f2far=3895
SIPM_ARRIVALS event=1866 total=630
SIPM_ADC event=1866 readout=2199 f1far=1855 f2near=2861 f2far=2994
SIPM_ARRIVALS event=1952 total=672
SIPM_ADC event=1952 readout=3895 f1far=2181 f2near=2679 f2far=1643
SIPM_ARRIVALS event=1780 total=723
SIPM_ADC event=1780 readout=2036 f1far=2364 f2near=3895 f2far=3108
SIPM_ARRIVALS event=1996 total=712
SIPM_ADC event=1996 readout=2395 f1far=2792 f2near=2336 f2far=3228
SIPM_ARRIVALS event=1693 total=978
SIPM_ADC event=1693 readout=3600 f1far=3715 f2near=3895 f2far=2522
SIPM_ARRIVALS event=1822 total=711
SIPM_ADC event=1822 readout=2391 f1far=1856 f2near=3628 f2far=2705
SIPM_ARRIVALS event=1432 total=698
SIPM_ADC event=1432 readout=1872 f1far=2859 f2near=3076 f2far=2675
SIPM_ARRIVALS event=1519 total=700
SIPM_ADC event=1519 readout=2371 f1far=1909 f2near=3110 f2far=2312
SIPM_ARRIVALS event=1606 total=660
SIPM_ADC event=1606 readout=2301 f1far=2674 f2near=2653 f2far=3238
SIPM_ARRIVALS event=1562 total=824
SIPM_ADC event=1562 readout=3268 f1far=3895 f2near=1903 f2far=3612
SIPM_ARRIVALS event=1735 total=827
SIPM_ADC event=1735 readout=2390 f1far=3661 f2near=2975 f2far=3308
SIPM_ARRIVALS event=1953 total=660
SIPM_ADC event=1953 readout=3734 f1far=2022 f2near=3095 f2far=1646
SIPM_ARRIVALS event=1910 total=617
SIPM_ADC event=1910 readout=3033 f1far=1996 f2near=2136 f2far=1475
SIPM_ARRIVALS event=1651 total=750
SIPM_ADC event=1651 readout=2122 f1far=2782 f2near=3587 f2far=3072
SIPM_ARRIVALS event=1694 total=653
SIPM_ADC event=1694 readout=2110 f1far=2096 f2near=3156 f2far=2934
SIPM_ARRIVALS event=1477 total=900
SIPM_ADC event=1477 readout=3225 f1far=3895 f2near=3895 f2far=2489
SIPM_ARRIVALS event=1867 total=941
SIPM_ADC event=1867 readout=3084 f1far=2954 f2near=3895 f2far=2911
SIPM_ARRIVALS event=1997 total=643
SIPM_ADC event=1997 readout=1857 f1far=2337 f2near=2311 f2far=3033
SIPM_ARRIVALS event=1520 total=624
SIPM_ADC event=1520 readout=2348 f1far=1970 f2near=2947 f2far=1448
SIPM_ARRIVALS event=1781 total=836
SIPM_ADC event=1781 readout=2521 f1far=2365 f2near=3895 f2far=3895
SIPM_ARRIVALS event=1433 total=769
SIPM_ADC event=1433 readout=1272 f1far=2702 f2near=2367 f2far=3895
SIPM_ARRIVALS event=1823 total=673
SIPM_ADC event=1823 readout=2450 f1far=1996 f2near=2280 f2far=3683
SIPM_ARRIVALS event=1607 total=731
SIPM_ADC event=1607 readout=3527 f1far=2029 f2near=2399 f2far=2026
SIPM_ARRIVALS event=1736 total=689
SIPM_ADC event=1736 readout=3016 f1far=1859 f2near=3684 f2far=2783
SIPM_ARRIVALS event=1563 total=833
SIPM_ADC event=1563 readout=2911 f1far=3895 f2near=2812 f2far=3384
SIPM_ARRIVALS event=1695 total=657
SIPM_ADC event=1695 readout=2214 f1far=2993 f2near=2464 f2far=2253
SIPM_ARRIVALS event=1652 total=729
SIPM_ADC event=1652 readout=2600 f1far=3895 f2near=1934 f2far=2586
SIPM_ARRIVALS event=1868 total=648
SIPM_ADC event=1868 readout=1882 f1far=2672 f2near=2134 f2far=2356
SIPM_ARRIVALS event=1954 total=703
SIPM_ADC event=1954 readout=1704 f1far=2307 f2near=2569 f2far=3883
SIPM_ARRIVALS event=1478 total=715
SIPM_ADC event=1478 readout=2945 f1far=3895 f2near=2664 f2far=3110
SIPM_ARRIVALS event=1998 total=658
SIPM_ADC event=1998 readout=2317 f1far=1875 f2near=3311 f2far=3569
SIPM_ARRIVALS event=1434 total=739
SIPM_ADC event=1434 readout=2125 f1far=3689 f2near=2220 f2far=3690
SIPM_ARRIVALS event=1521 total=768
SIPM_ADC event=1521 readout=2216 f1far=2777 f2near=3276 f2far=2959
SIPM_ARRIVALS event=1911 total=923
SIPM_ADC event=1911 readout=3511 f1far=3895 f2near=1932 f2far=3824
SIPM_ARRIVALS event=1782 total=735
SIPM_ADC event=1782 readout=2156 f1far=3767 f2near=2060 f2far=3595
SIPM_ARRIVALS event=1824 total=727
SIPM_ADC event=1824 readout=2225 f1far=2792 f2near=3016 f2far=3895
SIPM_ARRIVALS event=1737 total=800
SIPM_ADC event=1737 readout=3791 f1far=1755 f2near=3895 f2far=2944
SIPM_ARRIVALS event=1608 total=797
SIPM_ADC event=1608 readout=2407 f1far=3121 f2near=2999 f2far=3895
SIPM_ARRIVALS event=1564 total=665
SIPM_ADC event=1564 readout=2022 f1far=1579 f2near=3131 f2far=3287
SIPM_ARRIVALS event=1696 total=715
SIPM_ADC event=1696 readout=3895 f1far=3073 f2near=2757 f2far=2719
SIPM_ARRIVALS event=1653 total=697
SIPM_ADC event=1653 readout=2917 f1far=3230 f2near=1791 f2far=2597
SIPM_ARRIVALS event=1869 total=635
SIPM_ADC event=1869 readout=2542 f1far=1962 f2near=3332 f2far=2262
SIPM_ARRIVALS event=1955 total=683
SIPM_ADC event=1955 readout=2156 f1far=2358 f2near=3643 f2far=3285
SIPM_ARRIVALS event=1479 total=685
SIPM_ADC event=1479 readout=2890 f1far=1918 f2near=3895 f2far=2504
SIPM_ARRIVALS event=1999 total=664
SIPM_ADC event=1999 readout=1486 f1far=2650 f2near=2036 f2far=3108
SIPM_ARRIVALS event=1522 total=706
SIPM_ADC event=1522 readout=2610 f1far=2233 f2near=3327 f2far=2522
SIPM_ARRIVALS event=1912 total=698
SIPM_ADC event=1912 readout=2586 f1far=2908 f2near=2037 f2far=3895
SIPM_ARRIVALS event=1435 total=792
SIPM_ADC event=1435 readout=2177 f1far=2622 f2near=3819 f2far=3895
SIPM_ARRIVALS event=1825 total=631
SIPM_ADC event=1825 readout=1852 f1far=2356 f2near=2090 f2far=2276
SIPM_ARRIVALS event=1783 total=846
SIPM_ADC event=1783 readout=2192 f1far=3895 f2near=2120 f2far=3895
SIPM_ARRIVALS event=1565 total=658
SIPM_ADC event=1565 readout=2112 f1far=3046 f2near=2767 f2far=3271
SIPM_ARRIVALS event=1697 total=610
SIPM_ADC event=1697 readout=2899 f1far=2263 f2near=2849 f2far=1677
SIPM_ARRIVALS event=1738 total=825
SIPM_ADC event=1738 readout=2474 f1far=3753 f2near=3191 f2far=3895
SIPM_ARRIVALS event=1956 total=673
SIPM_ADC event=1956 readout=1095 f1far=2790 f2near=2233 f2far=3553
SIPM_ARRIVALS event=1654 total=782
SIPM_ADC event=1654 readout=3799 f1far=2851 f2near=3253 f2far=1819
SIPM_ARRIVALS event=1480 total=820
SIPM_ADC event=1480 readout=3895 f1far=1742 f2near=3895 f2far=2376
SIPM_ARRIVALS event=1609 total=1039
SIPM_ADC event=1609 readout=3895 f1far=3895 f2near=3895 f2far=2835
SIPM_ARRIVALS event=1870 total=809
SIPM_ADC event=1870 readout=3286 f1far=2893 f2near=3531 f2far=3408
SIPM_ARRIVALS event=1913 total=770
SIPM_ADC event=1913 readout=2462 f1far=3316 f2near=1596 f2far=2648
SIPM_ARRIVALS event=1436 total=671
SIPM_ADC event=1436 readout=2240 f1far=1993 f2near=3588 f2far=3027
SIPM_ARRIVALS event=1826 total=766
SIPM_ADC event=1826 readout=2655 f1far=3030 f2near=3535 f2far=3895
SIPM_ARRIVALS event=1566 total=665
SIPM_ADC event=1566 readout=2054 f1far=2645 f2near=2954 f2far=3158
SIPM_ARRIVALS event=1523 total=909
SIPM_ADC event=1523 readout=3330 f1far=3895 f2near=3020 f2far=2839
SIPM_ARRIVALS event=1698 total=707
SIPM_ADC event=1698 readout=2452 f1far=2387 f2near=2877 f2far=2363
SIPM_ARRIVALS event=1739 total=643
SIPM_ADC event=1739 readout=2483 f1far=1599 f2near=2954 f2far=2134
SIPM_ARRIVALS event=1784 total=846
SIPM_ADC event=1784 readout=3155 f1far=3700 f2near=3023 f2far=3895
SIPM_ARRIVALS event=1957 total=662
SIPM_ADC event=1957 readout=2515 f1far=1643 f2near=3587 f2far=2540
SIPM_ARRIVALS event=1481 total=683
SIPM_ADC event=1481 readout=2808 f1far=2472 f2near=2071 f2far=1921
SIPM_ARRIVALS event=1655 total=762
SIPM_ADC event=1655 readout=3781 f1far=2590 f2near=3134 f2far=2454
SIPM_ARRIVALS event=1610 total=674
SIPM_ADC event=1610 readout=2361 f1far=1473 f2near=3403 f2far=2867
SIPM_ARRIVALS event=1871 total=783
SIPM_ADC event=1871 readout=2620 f1far=3895 f2near=2726 f2far=2856
SIPM_ARRIVALS event=1437 total=688
SIPM_ADC event=1437 readout=3201 f1far=3278 f2near=2185 f2far=2476
SIPM_ARRIVALS event=1914 total=721
SIPM_ADC event=1914 readout=2799 f1far=2812 f2near=2539 f2far=2393
SIPM_ARRIVALS event=1567 total=774
SIPM_ADC event=1567 readout=1573 f1far=3488 f2near=2247 f2far=3895
SIPM_ARRIVALS event=1827 total=795
SIPM_ADC event=1827 readout=1975 f1far=3895 f2near=1888 f2far=3606
SIPM_ARRIVALS event=1699 total=651
SIPM_ADC event=1699 readout=2810 f1far=2619 f2near=3396 f2far=2521
SIPM_ARRIVALS event=1740 total=678
SIPM_ADC event=1740 readout=3895 f1far=1739 f2near=2904 f2far=1808
SIPM_ARRIVALS event=1958 total=604
SIPM_ADC event=1958 readout=2459 f1far=2214 f2near=2479 f2far=2287
SIPM_ARRIVALS event=1482 total=702
SIPM_ADC event=1482 readout=2864 f1far=2510 f2near=1960 f2far=2358
SIPM_ARRIVALS event=1785 total=788
SIPM_ADC event=1785 readout=2878 f1far=2095 f2near=3895 f2far=2238
SIPM_ARRIVALS event=1611 total=631
SIPM_ADC event=1611 readout=1431 f1far=2588 f2near=2296 f2far=3163
SIPM_ARRIVALS event=1524 total=1212
SIPM_ADC event=1524 readout=3065 f1far=3895 f2near=2831 f2far=3895
SIPM_ARRIVALS event=1872 total=698
SIPM_ADC event=1872 readout=3895 f1far=2200 f2near=3194 f2far=1562
SIPM_ARRIVALS event=1828 total=713
SIPM_ADC event=1828 readout=1995 f1far=3545 f2near=2588 f2far=2359
SIPM_ARRIVALS event=1656 total=892
SIPM_ADC event=1656 readout=1589 f1far=3534 f2near=2151 f2far=3895
SIPM_ARRIVALS event=1438 total=803
SIPM_ADC event=1438 readout=3446 f1far=3699 f2near=2834 f2far=2251
SIPM_ARRIVALS event=1915 total=749
SIPM_ADC event=1915 readout=3353 f1far=2532 f2near=2679 f2far=2752
SIPM_ARRIVALS event=1568 total=806
SIPM_ADC event=1568 readout=3238 f1far=3114 f2near=3163 f2far=2927
SIPM_ARRIVALS event=1700 total=834
SIPM_ADC event=1700 readout=2437 f1far=3884 f2near=2786 f2far=3881
SIPM_ARRIVALS event=1741 total=735
SIPM_ADC event=1741 readout=3564 f1far=2835 f2near=2274 f2far=1897
SIPM_ARRIVALS event=1786 total=715
SIPM_ADC event=1786 readout=1890 f1far=3801 f2near=1165 f2far=3895
SIPM_ARRIVALS event=1959 total=781
SIPM_ADC event=1959 readout=1954 f1far=3122 f2near=2461 f2far=3895
SIPM_ARRIVALS event=1612 total=626
SIPM_ADC event=1612 readout=3252 f1far=2726 f2near=1909 f2far=1795
SIPM_ARRIVALS event=1483 total=885
SIPM_ADC event=1483 readout=2790 f1far=3895 f2near=1660 f2far=3038
SIPM_ARRIVALS event=1525 total=797
SIPM_ADC event=1525 readout=3446 f1far=2240 f2near=3521 f2far=2324
SIPM_ARRIVALS event=1657 total=646
SIPM_ADC event=1657 readout=2043 f1far=3140 f2near=1609 f2far=2717
SIPM_ARRIVALS event=1873 total=719
SIPM_ADC event=1873 readout=2557 f1far=3895 f2near=2137 f2far=3881
SIPM_ARRIVALS event=1829 total=701
SIPM_ADC event=1829 readout=2384 f1far=2451 f2near=3143 f2far=2931
SIPM_ARRIVALS event=1916 total=694
SIPM_ADC event=1916 readout=1563 f1far=2883 f2near=1564 f2far=3895
SIPM_ARRIVALS event=1439 total=827
SIPM_ADC event=1439 readout=3800 f1far=1955 f2near=3895 f2far=2236
SIPM_ARRIVALS event=1701 total=620
SIPM_ADC event=1701 readout=2220 f1far=2412 f2near=1965 f2far=2147
SIPM_ARRIVALS event=1569 total=714
SIPM_ADC event=1569 readout=2733 f1far=2227 f2near=3154 f2far=2758
SIPM_ARRIVALS event=1787 total=679
SIPM_ADC event=1787 readout=2252 f1far=1990 f2near=3655 f2far=2308
SIPM_ARRIVALS event=1613 total=709
SIPM_ADC event=1613 readout=3397 f1far=2192 f2near=3895 f2far=2478
SIPM_ARRIVALS event=1960 total=725
SIPM_ADC event=1960 readout=2301 f1far=2866 f2near=2450 f2far=3381
SIPM_ARRIVALS event=1526 total=785
SIPM_ADC event=1526 readout=2297 f1far=2516 f2near=3121 f2far=3895
SIPM_ARRIVALS event=1484 total=754
SIPM_ADC event=1484 readout=3196 f1far=2276 f2near=2945 f2far=3355
SIPM_ARRIVALS event=1742 total=916
SIPM_ADC event=1742 readout=3895 f1far=3659 f2near=3062 f2far=3125
SIPM_ARRIVALS event=1658 total=725
SIPM_ADC event=1658 readout=2681 f1far=3006 f2near=2216 f2far=3150
SIPM_ARRIVALS event=1874 total=716
SIPM_ADC event=1874 readout=2750 f1far=3895 f2near=1758 f2far=3071
SIPM_ARRIVALS event=1830 total=674
SIPM_ADC event=1830 readout=1669 f1far=1859 f2near=2585 f2far=3406
SIPM_ARRIVALS event=1440 total=625
SIPM_ADC event=1440 readout=2849 f1far=2904 f2near=2572 f2far=1588
SIPM_ARRIVALS event=1917 total=740
SIPM_ADC event=1917 readout=3118 f1far=1250 f2near=3895 f2far=2763
SIPM_ARRIVALS event=1702 total=756
SIPM_ADC event=1702 readout=3895 f1far=2329 f2near=3895 f2far=2279
SIPM_ARRIVALS event=1570 total=696
SIPM_ADC event=1570 readout=2926 f1far=3890 f2near=2190 f2far=1817
SIPM_ARRIVALS event=1788 total=720
SIPM_ADC event=1788 readout=2637 f1far=3895 f2near=1375 f2far=3723
SIPM_ARRIVALS event=1527 total=643
SIPM_ADC event=1527 readout=2813 f1far=2237 f2near=2429 f2far=2743
SIPM_ARRIVALS event=1614 total=708
SIPM_ADC event=1614 readout=2451 f1far=1622 f2near=3895 f2far=2493
SIPM_ARRIVALS event=1659 total=689
SIPM_ADC event=1659 readout=1718 f1far=3789 f2near=2603 f2far=3167
SIPM_ARRIVALS event=1961 total=740
SIPM_ADC event=1961 readout=3462 f1far=2219 f2near=3338 f2far=2415
SIPM_ARRIVALS event=1441 total=657
SIPM_ADC event=1441 readout=2812 f1far=2262 f2near=2577 f2far=1627
SIPM_ARRIVALS event=1743 total=721
SIPM_ADC event=1743 readout=2088 f1far=2252 f2near=3428 f2far=3187
SIPM_ARRIVALS event=1485 total=961
SIPM_ADC event=1485 readout=3683 f1far=3895 f2near=1995 f2far=3895
SIPM_ARRIVALS event=1875 total=850
SIPM_ADC event=1875 readout=3895 f1far=2584 f2near=3839 f2far=2368
SIPM_ARRIVALS event=1918 total=670
SIPM_ADC event=1918 readout=2065 f1far=2775 f2near=2783 f2far=3234
SIPM_ARRIVALS event=1831 total=969
SIPM_ADC event=1831 readout=3895 f1far=3895 f2near=3419 f2far=2296
SIPM_ARRIVALS event=1703 total=824
SIPM_ADC event=1703 readout=2163 f1far=3388 f2near=2479 f2far=3692
SIPM_ARRIVALS event=1571 total=640
SIPM_ADC event=1571 readout=2584 f1far=1737 f2near=1900 f2far=2404
SIPM_ARRIVALS event=1789 total=745
SIPM_ADC event=1789 readout=3337 f1far=3653 f2near=2434 f2far=2705
SIPM_ARRIVALS event=1528 total=717
SIPM_ADC event=1528 readout=2563 f1far=1736 f2near=3895 f2far=2455
SIPM_ARRIVALS event=1962 total=752
SIPM_ADC event=1962 readout=2483 f1far=3895 f2near=1867 f2far=2961
SIPM_ARRIVALS event=1615 total=792
SIPM_ADC event=1615 readout=3185 f1far=3794 f2near=2289 f2far=3526
SIPM_ARRIVALS event=1660 total=857
SIPM_ADC event=1660 readout=2731 f1far=2802 f2near=3501 f2far=3278
SIPM_ARRIVALS event=1744 total=616
SIPM_ADC event=1744 readout=2219 f1far=2782 f2near=1792 f2far=1816
SIPM_ARRIVALS event=1442 total=737
SIPM_ADC event=1442 readout=1677 f1far=2171 f2near=3065 f2far=3895
SIPM_ARRIVALS event=1876 total=657
SIPM_ADC event=1876 readout=3175 f1far=3356 f2near=2201 f2far=2052
SIPM_ARRIVALS event=1919 total=685
SIPM_ADC event=1919 readout=1435 f1far=2816 f2near=2472 f2far=3785
SIPM_ARRIVALS event=1486 total=821
SIPM_ADC event=1486 readout=2537 f1far=3179 f2near=2741 f2far=3895
SIPM_ARRIVALS event=1832 total=755
SIPM_ADC event=1832 readout=2652 f1far=3163 f2near=2365 f2far=2764
SIPM_ARRIVALS event=1572 total=696
SIPM_ADC event=1572 readout=1852 f1far=2390 f2near=3308 f2far=2895
SIPM_ARRIVALS event=1529 total=772
SIPM_ADC event=1529 readout=3895 f1far=1935 f2near=3081 f2far=2230
SIPM_ARRIVALS event=1704 total=1027
SIPM_ADC event=1704 readout=3721 f1far=1991 f2near=3895 f2far=3717
SIPM_ARRIVALS event=1963 total=657
SIPM_ADC event=1963 readout=1742 f1far=2725 f2near=3171 f2far=2922
SIPM_ARRIVALS event=1616 total=729
SIPM_ADC event=1616 readout=1950 f1far=3321 f2near=2036 f2far=3895
SIPM_ARRIVALS event=1661 total=711
SIPM_ADC event=1661 readout=3800 f1far=2423 f2near=3020 f2far=2618
SIPM_ARRIVALS event=1443 total=746
SIPM_ADC event=1443 readout=2148 f1far=3299 f2near=2952 f2far=3638
SIPM_ARRIVALS event=1487 total=693
SIPM_ADC event=1487 readout=1957 f1far=3484 f2near=1599 f2far=3180
SIPM_ARRIVALS event=1745 total=699
SIPM_ADC event=1745 readout=3638 f1far=2250 f2near=2812 f2far=1527
SIPM_ARRIVALS event=1920 total=658
SIPM_ADC event=1920 readout=2727 f1far=3118 f2near=1630 f2far=2994
SIPM_ARRIVALS event=1790 total=1034
SIPM_ADC event=1790 readout=3533 f1far=2726 f2near=3895 f2far=2874
SIPM_ARRIVALS event=1877 total=743
SIPM_ADC event=1877 readout=2336 f1far=3225 f2near=2548 f2far=3281
SIPM_ARRIVALS event=1833 total=701
SIPM_ADC event=1833 readout=2480 f1far=3895 f2near=1806 f2far=2808
SIPM_ARRIVALS event=1573 total=701
SIPM_ADC event=1573 readout=2228 f1far=2778 f2near=2409 f2far=2999
SIPM_ARRIVALS event=1530 total=743
SIPM_ADC event=1530 readout=2142 f1far=2575 f2near=2035 f2far=3895
SIPM_ARRIVALS event=1705 total=661
SIPM_ADC event=1705 readout=2442 f1far=2011 f2near=2666 f2far=2739
SIPM_ARRIVALS event=1964 total=788
SIPM_ADC event=1964 readout=3139 f1far=2212 f2near=3795 f2far=2028
SIPM_ARRIVALS event=1444 total=759
SIPM_ADC event=1444 readout=3700 f1far=3192 f2near=3359 f2far=1514
SIPM_ARRIVALS event=1746 total=588
SIPM_ADC event=1746 readout=1940 f1far=1216 f2near=3216 f2far=2196
SIPM_ARRIVALS event=1921 total=642
SIPM_ADC event=1921 readout=2016 f1far=2202 f2near=2628 f2far=3214
SIPM_ARRIVALS event=1488 total=743
SIPM_ADC event=1488 readout=2520 f1far=2777 f2near=3697 f2far=3355
SIPM_ARRIVALS event=1791 total=570
SIPM_ADC event=1791 readout=3091 f1far=2505 f2near=2009 f2far=1929
SIPM_ARRIVALS event=1617 total=740
SIPM_ADC event=1617 readout=3649 f1far=2719 f2near=2820 f2far=1663
SIPM_ARRIVALS event=1662 total=671
SIPM_ADC event=1662 readout=2544 f1far=2583 f2near=2372 f2far=3329
SIPM_ARRIVALS event=1834 total=618
SIPM_ADC event=1834 readout=2250 f1far=2075 f2near=1509 f2far=1914
SIPM_ARRIVALS event=1878 total=703
SIPM_ADC event=1878 readout=3011 f1far=3031 f2near=2204 f2far=2661
SIPM_ARRIVALS event=1574 total=668
SIPM_ADC event=1574 readout=2316 f1far=2187 f2near=2483 f2far=3165
SIPM_ARRIVALS event=1531 total=641
SIPM_ADC event=1531 readout=2284 f1far=2861 f2near=1908 f2far=2565
SIPM_ARRIVALS event=1747 total=612
SIPM_ADC event=1747 readout=3552 f1far=2276 f2near=3304 f2far=2174
SIPM_ARRIVALS event=1706 total=812
SIPM_ADC event=1706 readout=3413 f1far=2355 f2near=3895 f2far=2313
SIPM_ARRIVALS event=1489 total=685
SIPM_ADC event=1489 readout=2242 f1far=3890 f2near=2075 f2far=3265
SIPM_ARRIVALS event=1965 total=731
SIPM_ADC event=1965 readout=2977 f1far=3248 f2near=2420 f2far=2052
SIPM_ARRIVALS event=1922 total=657
SIPM_ADC event=1922 readout=3895 f1far=3089 f2near=2540 f2far=1521
SIPM_ARRIVALS event=1792 total=684
SIPM_ADC event=1792 readout=2731 f1far=2543 f2near=2967 f2far=2000
SIPM_ARRIVALS event=1663 total=984
SIPM_ADC event=1663 readout=3895 f1far=3135 f2near=3895 f2far=3062
SIPM_ARRIVALS event=1618 total=772
SIPM_ADC event=1618 readout=2920 f1far=3327 f2near=2680 f2far=3045
SIPM_ARRIVALS event=1835 total=831
SIPM_ADC event=1835 readout=3895 f1far=1984 f2near=3042 f2far=2562
SIPM_ARRIVALS event=1445 total=1033
SIPM_ADC event=1445 readout=3895 f1far=2993 f2near=3895 f2far=2202
SIPM_ARRIVALS event=1879 total=708
SIPM_ADC event=1879 readout=1912 f1far=2474 f2near=2793 f2far=2666
SIPM_ARRIVALS event=1532 total=793
SIPM_ADC event=1532 readout=3895 f1far=2927 f2near=2569 f2far=1947
SIPM_ARRIVALS event=1575 total=1007
SIPM_ADC event=1575 readout=3078 f1far=3895 f2near=2377 f2far=3895
SIPM_ARRIVALS event=1748 total=647
SIPM_ADC event=1748 readout=1804 f1far=2904 f2near=2368 f2far=3895
SIPM_ARRIVALS event=1490 total=697
SIPM_ADC event=1490 readout=2839 f1far=1702 f2near=2816 f2far=3299
SIPM_ARRIVALS event=1707 total=777
SIPM_ADC event=1707 readout=3676 f1far=2568 f2near=2234 f2far=2398
SIPM_ARRIVALS event=1966 total=730
SIPM_ADC event=1966 readout=3895 f1far=2379 f2near=3300 f2far=1430
SIPM_ARRIVALS event=1923 total=693
SIPM_ADC event=1923 readout=3168 f1far=2401 f2near=2142 f2far=1977
SIPM_ARRIVALS event=1664 total=715
SIPM_ADC event=1664 readout=2424 f1far=3848 f2near=2032 f2far=2874
SIPM_ARRIVALS event=1446 total=689
SIPM_ADC event=1446 readout=1844 f1far=2324 f2near=1931 f2far=3895
SIPM_ARRIVALS event=1619 total=764
SIPM_ADC event=1619 readout=2754 f1far=3114 f2near=3110 f2far=3564
SIPM_ARRIVALS event=1880 total=761
SIPM_ADC event=1880 readout=3082 f1far=2310 f2near=3895 f2far=2640
SIPM_ARRIVALS event=1836 total=904
SIPM_ADC event=1836 readout=2711 f1far=3895 f2near=2451 f2far=3895
SIPM_ARRIVALS event=1793 total=970
SIPM_ADC event=1793 readout=3895 f1far=3894 f2near=3895 f2far=3127
SIPM_ARRIVALS event=1576 total=720
SIPM_ADC event=1576 readout=3344 f1far=2410 f2near=3293 f2far=2117
SIPM_ARRIVALS event=1491 total=620
SIPM_ADC event=1491 readout=2246 f1far=2891 f2near=1757 f2far=2775
SIPM_ARRIVALS event=1749 total=822
SIPM_ADC event=1749 readout=2149 f1far=3895 f2near=2047 f2far=3785
SIPM_ARRIVALS event=1533 total=1041
SIPM_ADC event=1533 readout=2831 f1far=3895 f2near=3041 f2far=3895
SIPM_ARRIVALS event=1708 total=684
SIPM_ADC event=1708 readout=2602 f1far=2279 f2near=2569 f2far=2996
SIPM_ARRIVALS event=1924 total=613
SIPM_ADC event=1924 readout=2881 f1far=2831 f2near=2155 f2far=1430
SIPM_ARRIVALS event=1665 total=713
SIPM_ADC event=1665 readout=3285 f1far=2033 f2near=3229 f2far=2526
SIPM_ARRIVALS event=1447 total=654
SIPM_ADC event=1447 readout=2024 f1far=2927 f2near=2095 f2far=3560
SIPM_ARRIVALS event=1620 total=748
SIPM_ADC event=1620 readout=1863 f1far=3285 f2near=2445 f2far=3895
SIPM_ARRIVALS event=1967 total=947
SIPM_ADC event=1967 readout=3895 f1far=3895 f2near=3344 f2far=3556
SIPM_ARRIVALS event=1794 total=717
SIPM_ADC event=1794 readout=2844 f1far=3548 f2near=2145 f2far=3128
SIPM_ARRIVALS event=1577 total=695
SIPM_ADC event=1577 readout=2265 f1far=2501 f2near=1724 f2far=3234
SIPM_ARRIVALS event=1837 total=792
SIPM_ADC event=1837 readout=3338 f1far=2475 f2near=2449 f2far=2241
SIPM_ARRIVALS event=1881 total=884
SIPM_ADC event=1881 readout=3895 f1far=3753 f2near=3895 f2far=2712
SIPM_ARRIVALS event=1492 total=759
SIPM_ADC event=1492 readout=3402 f1far=2806 f2near=3575 f2far=2518
SIPM_ARRIVALS event=1750 total=606
SIPM_ADC event=1750 readout=2520 f1far=2787 f2near=2252 f2far=2287
SIPM_ARRIVALS event=1709 total=634
SIPM_ADC event=1709 readout=1780 f1far=3343 f2near=1895 f2far=3074
SIPM_ARRIVALS event=1534 total=712
SIPM_ADC event=1534 readout=2889 f1far=3820 f2near=2247 f2far=2396
SIPM_ARRIVALS event=1925 total=853
SIPM_ADC event=1925 readout=2990 f1far=3895 f2near=1661 f2far=3895
SIPM_ARRIVALS event=1448 total=676
SIPM_ADC event=1448 readout=2975 f1far=2551 f2near=2496 f2far=2122
SIPM_ARRIVALS event=1621 total=637
SIPM_ADC event=1621 readout=3165 f1far=1957 f2near=2716 f2far=1317
SIPM_ARRIVALS event=1666 total=762
SIPM_ADC event=1666 readout=2044 f1far=3748 f2near=2550 f2far=3248
SIPM_ARRIVALS event=1968 total=652
SIPM_ADC event=1968 readout=3364 f1far=2623 f2near=2280 f2far=2144
SIPM_ARRIVALS event=1578 total=643
SIPM_ADC event=1578 readout=2700 f1far=1616 f2near=2297 f2far=2321
SIPM_ARRIVALS event=1838 total=625
SIPM_ADC event=1838 readout=2275 f1far=1565 f2near=3268 f2far=1580
SIPM_ARRIVALS event=1882 total=584
SIPM_ADC event=1882 readout=2452 f1far=1612 f2near=2179 f2far=2575
SIPM_ARRIVALS event=1795 total=880
SIPM_ADC event=1795 readout=3895 f1far=2712 f2near=3885 f2far=1996
SIPM_ARRIVALS event=1751 total=667
SIPM_ADC event=1751 readout=1405 f1far=3043 f2near=1455 f2far=3895
SIPM_ARRIVALS event=1493 total=815
SIPM_ADC event=1493 readout=3895 f1far=1852 f2near=3895 f2far=3087
SIPM_ARRIVALS event=1710 total=824
SIPM_ADC event=1710 readout=2681 f1far=2706 f2near=3871 f2far=3865
SIPM_ARRIVALS event=1535 total=817
SIPM_ADC event=1535 readout=1941 f1far=3601 f2near=3011 f2far=3636
SIPM_ARRIVALS event=1449 total=628
SIPM_ADC event=1449 readout=1854 f1far=3895 f2near=1700 f2far=2169
SIPM_ARRIVALS event=1926 total=767
SIPM_ADC event=1926 readout=2535 f1far=3348 f2near=2341 f2far=3149
SIPM_ARRIVALS event=1667 total=812
SIPM_ADC event=1667 readout=3036 f1far=3692 f2near=2322 f2far=3575
SIPM_ARRIVALS event=1622 total=799
SIPM_ADC event=1622 readout=3895 f1far=2140 f2near=3895 f2far=1465
SIPM_ARRIVALS event=1883 total=650
SIPM_ADC event=1883 readout=2304 f1far=1430 f2near=3895 f2far=2974
SIPM_ARRIVALS event=1579 total=701
SIPM_ADC event=1579 readout=3268 f1far=2215 f2near=2897 f2far=1968
SIPM_ARRIVALS event=1839 total=750
SIPM_ADC event=1839 readout=3069 f1far=2365 f2near=3748 f2far=2275
SIPM_ARRIVALS event=1969 total=713
SIPM_ADC event=1969 readout=3075 f1far=2200 f2near=2969 f2far=3135
SIPM_ARRIVALS event=1796 total=708
SIPM_ADC event=1796 readout=2450 f1far=3627 f2near=2470 f2far=3472
SIPM_ARRIVALS event=1494 total=690
SIPM_ADC event=1494 readout=2499 f1far=2685 f2near=3791 f2far=2309
SIPM_ARRIVALS event=1752 total=826
SIPM_ADC event=1752 readout=3895 f1far=3417 f2near=3073 f2far=2795
SIPM_ARRIVALS event=1711 total=779
SIPM_ADC event=1711 readout=3002 f1far=3704 f2near=1908 f2far=2671
SIPM_ARRIVALS event=1450 total=686
SIPM_ADC event=1450 readout=2029 f1far=3160 f2near=2487 f2far=2364
SIPM_ARRIVALS event=1668 total=680
SIPM_ADC event=1668 readout=2373 f1far=1727 f2near=2272 f2far=2237
SIPM_ARRIVALS event=1927 total=722
SIPM_ADC event=1927 readout=2939 f1far=3199 f2near=2225 f2far=3263
SIPM_ARRIVALS event=1536 total=1079
SIPM_ADC event=1536 readout=3895 f1far=2722 f2near=3895 f2far=3609
SIPM_ARRIVALS event=1970 total=590
SIPM_ADC event=1970 readout=2108 f1far=1960 f2near=3139 f2far=2891
SIPM_ARRIVALS event=1840 total=697
SIPM_ARRIVALS event=1884 total=619
SIPM_ADC event=1840 readout=1682 f1far=3240 f2near=1980 f2far=3622
SIPM_ADC event=1884 readout=1947 f1far=1454 f2near=3791 f2far=2040
SIPM_ARRIVALS event=1623 total=701
SIPM_ADC event=1623 readout=2921 f1far=3094 f2near=2179 f2far=2641
SIPM_ARRIVALS event=1580 total=828
SIPM_ADC event=1580 readout=3895 f1far=3351 f2near=3502 f2far=2185
SIPM_ARRIVALS event=1495 total=737
SIPM_ADC event=1495 readout=2634 f1far=3404 f2near=1963 f2far=2828
SIPM_ARRIVALS event=1797 total=643
SIPM_ADC event=1797 readout=2720 f1far=2957 f2near=2226 f2far=2438
SIPM_ARRIVALS event=1451 total=713
SIPM_ADC event=1451 readout=2296 f1far=3136 f2near=2530 f2far=3304
SIPM_ARRIVALS event=1669 total=659
SIPM_ADC event=1669 readout=2166 f1far=3250 f2near=1806 f2far=2183
SIPM_ARRIVALS event=1753 total=793
SIPM_ADC event=1753 readout=3016 f1far=1742 f2near=3421 f2far=2660
SIPM_ARRIVALS event=1712 total=818
SIPM_ADC event=1712 readout=3353 f1far=1848 f2near=3895 f2far=2472
SIPM_ARRIVALS event=1841 total=649
SIPM_ADC event=1841 readout=1255 f1far=3705 f2near=2674 f2far=3895
SIPM_ARRIVALS event=1928 total=729
SIPM_ADC event=1928 readout=3056 f1far=2080 f2near=3651 f2far=2321
SIPM_ARRIVALS event=1537 total=725
SIPM_ADC event=1537 readout=1931 f1far=3712 f2near=2434 f2far=3514
SIPM_ARRIVALS event=1885 total=635
SIPM_ADC event=1885 readout=2670 f1far=2485 f2near=2020 f2far=1848
SIPM_ARRIVALS event=1971 total=703
SIPM_ADC event=1971 readout=2528 f1far=2642 f2near=2113 f2far=2045
SIPM_ARRIVALS event=1624 total=829
SIPM_ADC event=1624 readout=3895 f1far=1500 f2near=3895 f2far=2191
SIPM_ARRIVALS event=1581 total=791
SIPM_ADC event=1581 readout=2765 f1far=3099 f2near=2805 f2far=3200
SIPM_ARRIVALS event=1798 total=761
SIPM_ADC event=1798 readout=2461 f1far=3763 f2near=2411 f2far=3575
SIPM_ARRIVALS event=1713 total=607
SIPM_ADC event=1713 readout=3895 f1far=2205 f2near=1980 f2far=2126
SIPM_ARRIVALS event=1929 total=738
SIPM_ADC event=1929 readout=2594 f1far=3895 f2near=1250 f2far=3130
SIPM_ARRIVALS event=1670 total=828
SIPM_ADC event=1670 readout=3188 f1far=3304 f2near=2636 f2far=2970
SIPM_ARRIVALS event=1754 total=756
SIPM_ADC event=1754 readout=2965 f1far=2701 f2near=2754 f2far=3693
SIPM_ARRIVALS event=1538 total=708
SIPM_ADC event=1538 readout=2094 f1far=2542 f2near=3111 f2far=3405
SIPM_ARRIVALS event=1842 total=891
SIPM_ADC event=1842 readout=3404 f1far=2129 f2near=3895 f2far=3317
SIPM_ARRIVALS event=1886 total=621
SIPM_ADC event=1886 readout=1961 f1far=2693 f2near=2712 f2far=2466
SIPM_ARRIVALS event=1972 total=660
SIPM_ADC event=1972 readout=2783 f1far=2113 f2near=2311 f2far=2401
SIPM_ARRIVALS event=1582 total=608
SIPM_ADC event=1582 readout=2430 f1far=2443 f2near=2236 f2far=2310
SIPM_ARRIVALS event=1625 total=681
SIPM_ADC event=1625 readout=2939 f1far=1945 f2near=3374 f2far=2015
SIPM_ARRIVALS event=1799 total=662
SIPM_ADC event=1799 readout=1676 f1far=2415 f2near=2711 f2far=3152
SIPM_ARRIVALS event=1714 total=637
SIPM_ADC event=1714 readout=1861 f1far=2861 f2near=2353 f2far=3051
SIPM_ARRIVALS event=1755 total=622
SIPM_ADC event=1755 readout=2241 f1far=2096 f2near=2279 f2far=1931
SIPM_ARRIVALS event=1671 total=680
SIPM_ADC event=1671 readout=2204 f1far=3895 f2near=2466 f2far=2737
SIPM_ARRIVALS event=1843 total=697
SIPM_ADC event=1843 readout=3425 f1far=2326 f2near=3488 f2far=1417
SIPM_ARRIVALS event=1583 total=630
SIPM_ADC event=1583 readout=1063 f1far=2938 f2near=2790 f2far=3895
SIPM_ARRIVALS event=1539 total=677
SIPM_ADC event=1539 readout=3141 f1far=2949 f2near=2392 f2far=1581
SIPM_ARRIVALS event=1930 total=777
SIPM_ADC event=1930 readout=2183 f1far=3895 f2near=2202 f2far=3288
SIPM_ARRIVALS event=1887 total=701
SIPM_ADC event=1887 readout=1755 f1far=2910 f2near=2599 f2far=3022
SIPM_ARRIVALS event=1973 total=754
SIPM_ADC event=1973 readout=2686 f1far=2243 f2near=3895 f2far=2596
SIPM_ARRIVALS event=1626 total=734
SIPM_ADC event=1626 readout=3464 f1far=2472 f2near=3185 f2far=1316
SIPM_ARRIVALS event=1800 total=657
SIPM_ADC event=1800 readout=1936 f1far=3365 f2near=1944 f2far=2931
SIPM_ARRIVALS event=1715 total=729
SIPM_ADC event=1715 readout=1650 f1far=3513 f2near=2391 f2far=3895
SIPM_ARRIVALS event=1756 total=696
SIPM_ADC event=1756 readout=2812 f1far=3266 f2near=2467 f2far=2556
SIPM_ARRIVALS event=1844 total=673
SIPM_ADC event=1844 readout=3509 f1far=1877 f2near=3787 f2far=2242
SIPM_ARRIVALS event=1888 total=623
SIPM_ADC event=1888 readout=2542 f1far=2366 f2near=3112 f2far=2142
SIPM_ARRIVALS event=1931 total=694
SIPM_ADC event=1931 readout=3061 f1far=2273 f2near=2734 f2far=1848
SIPM_ARRIVALS event=1974 total=771
SIPM_ADC event=1974 readout=3168 f1far=3216 f2near=2779 f2far=1716
SIPM_ARRIVALS event=1801 total=700
SIPM_ADC event=1801 readout=3568 f1far=2133 f2near=3526 f2far=2042
SIPM_ARRIVALS event=1627 total=754
SIPM_ADC event=1627 readout=2936 f1far=2493 f2near=3016 f2far=2737
SIPM_ARRIVALS event=1845 total=710
SIPM_ADC event=1845 readout=2723 f1far=3091 f2near=2048 f2far=3001
SIPM_ARRIVALS event=1757 total=713
SIPM_ADC event=1757 readout=2302 f1far=2520 f2near=2499 f2far=2575
SIPM_ARRIVALS event=1889 total=741
SIPM_ADC event=1889 readout=3614 f1far=2566 f2near=3286 f2far=1976
SIPM_ARRIVALS event=1932 total=731
SIPM_ADC event=1932 readout=3065 f1far=3895 f2near=1545 f2far=2557
SIPM_ARRIVALS event=1975 total=691
SIPM_ADC event=1975 readout=2636 f1far=3618 f2near=2089 f2far=2474
SIPM_ARRIVALS event=1802 total=720
SIPM_ADC event=1802 readout=2310 f1far=3417 f2near=2199 f2far=2630
SIPM_ARRIVALS event=1846 total=658
SIPM_ADC event=1846 readout=3669 f1far=2858 f2near=2061 f2far=1987
SIPM_ARRIVALS event=1758 total=711
SIPM_ADC event=1758 readout=2681 f1far=3161 f2near=2805 f2far=2596
SIPM_ARRIVALS event=1890 total=648
SIPM_ADC event=1890 readout=2977 f1far=1653 f2near=3028 f2far=1980
SIPM_ARRIVALS event=1933 total=733
SIPM_ADC event=1933 readout=3021 f1far=2370 f2near=3037 f2far=2706
SIPM_ARRIVALS event=1803 total=595
SIPM_ADC event=1803 readout=2180 f1far=3493 f2near=2438 f2far=2184
SIPM_ARRIVALS event=1847 total=648
SIPM_ADC event=1847 readout=2590 f1far=3155 f2near=1944 f2far=2170
SIPM_ARRIVALS event=1976 total=801
SIPM_ADC event=1976 readout=3465 f1far=3453 f2near=2449 f2far=2790
SIPM_ARRIVALS event=1759 total=702
SIPM_ADC event=1759 readout=2283 f1far=2497 f2near=2675 f2far=3231
SIPM_ARRIVALS event=1891 total=702
SIPM_ADC event=1891 readout=2577 f1far=3498 f2near=1622 f2far=2727
SIPM_ARRIVALS event=1934 total=619
SIPM_ADC event=1934 readout=2232 f1far=1993 f2near=3248 f2far=2547
SIPM_ARRIVALS event=1977 total=634
SIPM_ADC event=1977 readout=2953 f1far=2467 f2near=2397 f2far=1796
SIPM_ARRIVALS event=1935 total=620
SIPM_ADC event=1935 readout=2213 f1far=2221 f2near=3369 f2far=3108
SIPM_ARRIVALS event=1978 total=730
SIPM_ADC event=1978 readout=3125 f1far=2245 f2near=3140 f2far=1981
SIPM_ARRIVALS event=1979 total=886
SIPM_ADC event=1979 readout=3895 f1far=2827 f2near=3895 f2far=2963
RUN_DONE events=2000 output=/projects/hep/fs10/shared/nnbar/billy/ccb1623_campaign/stave_muminus_100MeV_A_s1624.root
     Cr_sctns:  Glauber-Gribov Nucl-nucl: 0 eV  ---> 25.6 PeV
     Cr_sctns:  Glauber-Gribov Nucl-nucl: 0 eV  ---> 25.6 PeV
     Cr_sctns:  Glauber-Gribov Nucl-nucl: 0 eV  ---> 25.6 PeV
     Cr_sctns:  Glauber-Gribov Nucl-nucl: 0 eV  ---> 25.6 PeV
     Cr_sctns:  Glauber-Gribov Nucl-nucl: 0 eV  ---> 25.6 PeV
     Cr_sctns:  Glauber-Gribov Nucl-nucl: 0 eV  ---> 25.6 PeV
     Cr_sctns:  Glauber-Gribov Nucl-nucl: 0 eV  ---> 25.6 PeV
     Cr_sctns:  Glauber-Gribov Nucl-nucl: 0 eV  ---> 25.6 PeV
     Cr_sctns:  Glauber-Gribov Nucl-nucl: 0 eV  ---> 25.6 PeV
     Cr_sctns:  Glauber-Gribov Nucl-nucl: 0 eV  ---> 25.6 PeV
     Cr_sctns:  Glauber-Gribov Nucl-nucl: 0 eV  ---> 25.6 PeV
     Cr_sctns:  Glauber-Gribov Nucl-nucl: 0 eV  ---> 25.6 PeV
     Cr_sctns:  Glauber-Gribov Nucl-nucl: 0 eV  ---> 25.6 PeV
     Cr_sctns:  Glauber-Gribov Nucl-nucl: 0 eV  ---> 25.6 PeV
     Cr_sctns:  Glauber-Gribov Nucl-nucl: 0 eV  ---> 25.6 PeV
     Cr_sctns:  Glauber-Gribov Nucl-nucl: 0 eV  ---> 25.6 PeV
CCB_STAVE_END
wrote /projects/hep/fs10/shared/nnbar/billy/ccb1623_campaign/stave_muminus_100MeV_A_s1624.root (+ /projects/hep/fs10/shared/nnbar/billy/ccb1623_campaign/stave_muminus_100MeV_A_s1624.root.meta.json)
