point idx=50 part=deuteron E=16 sample=B seed=1625 nev=1000 threads=16
CCB_BEAM_PREFLIGHT intersects=1 enters_neg_z=1 path_cm=2 reason=ok

**************************************************************
 Geant4 version Name: geant4-11-02-patch-02 [MT]   (21-June-2024)
  << in Multi-threaded mode >> 
                       Copyright : Geant4 Collaboration
                      References : NIM A 506 (2003), 250-303
                                 : IEEE-TNS 53 (2006), 270-278
                                 : NIM A 835 (2016), 186-225
                             WWW : http://geant4.org/
**************************************************************

CCB_STAVE_START particle=deuteron KE_MeV=16 nevents=1000 threads_requested=16 threads_effective=16 g4_force_threads=unset seed=1625 hit_x_cm=0 hit_y_cm=0 theta_deg=0 phi_deg=0 allow_miss=0 beam_profile_id=FIXED_POINT_NORMAL sample_position=0 hit_x_min_cm=0 hit_x_max_cm=0 hit_y_min_cm=0 hit_y_max_cm=0 sample_angle=0 theta_spread_deg=0 write_photon_ntuple=0 optical_max_time_ns=1000 optical_max_steps=200000 birks_kB=0.126 quenching_model_id=birks_geant4 quenching_model_status=HYPOTHESIS quenching_claims_authorized=false production_cut_mm=0.1 physics_list=QGSP_BIC neutron_timecut_policy_id=pin_qgsp_bic_default_10us neutron_time_cut_us=10 neutron_tracking_time_cut_configured=1 neutron_diagnostics=0 reflectivity_scale=1 attenuation_scale(deprecated)=1 scintillator_absorption_scale=1 y11_bulk_attenuation_scale=1 pde_scale=1 collection_efficiency=1 optical_interface_model=UNKNOWN_EXTERNAL far_end=instrumented wls_time_profile=exponential wls_fluorescence_model=geant4_default_one_secondary wls_fluorescence_yield=0.7 mode=optical optical_dir=/projects/hep/fs10/shared/nnbar/billy/ccb-wt-1623/geant4/single_stave/build/optical strict_optical=1 output=/projects/hep/fs10/shared/nnbar/billy/ccb1623_campaign/stave_deuteron_16MeV_B_s1625.root gpu_optical=0 optical_out= dump_gdml=
G4PhysListFactory::GetReferencePhysList <QGSP_BIC>  EMoption= 0
<<< Geant4 Physics List simulation engine: QGSP_BIC


Checking overlaps for volume Coating:0 (G4SubtractionSolid) ... OK! 
Checking overlaps for volume Scintillator:0 (G4SubtractionSolid) ... OK! 
Checking overlaps for volume OuterClad_F1:0 (G4Tubs) ... OK! 
Checking overlaps for volume InnerClad_F1:0 (G4Tubs) ... OK! 
Checking overlaps for volume Core_F1:0 (G4Tubs) ... OK! 
Checking overlaps for volume Sensor_F1_PlusX:0 (G4Tubs) ... OK! 
Checking overlaps for volume Sensor_F1_MinusX:1 (G4Tubs) ... OK! 
Checking overlaps for volume OuterClad_F2:1 (G4Tubs) ... OK! 
Checking overlaps for volume InnerClad_F2:1 (G4Tubs) ... OK! 
Checking overlaps for volume Core_F2:1 (G4Tubs) ... OK! 
Checking overlaps for volume Sensor_F2_PlusX:2 (G4Tubs) ... OK! 
Checking overlaps for volume Sensor_F2_MinusX:3 (G4Tubs) ... OK! 
GEOMETRY_REPORT_BEGIN
stave_length_cm 50
stave_width_cm 5.18
stave_thickness_cm 2
normal_path_cm 2
fibre_diameter_mm 1.8
hole_diameter_mm 2
fibre_separation_cm 2
fibre_within_hole 1
fibre_protrudes_for_readout 1
holes_contained_y 1
holes_contained_z 1
geometry_hash e323b92195f9a6288944f0738dbadccf9386422f076362ca172fd0b6d119d1e1
physics_hash 695755f15879c60b7dbc23f5ad7f972d0ec3d9710fa2ec357d17a3b37c48faee
optical_hash 02abddb7662749ea88712a86cced3d7438d45eb865b430c54073ae9dde8549eb
clad_inner_rindex 1.49
clad_outer_rindex 1.42
GEOMETRY_REPORT_END
GEOMETRY_SELFCHECK_PASS
### Adding tracking cuts for neutron  TimeCut(ns)= 10000  KinEnergyCut(MeV)= 0
### Birks coefficients used in run time
   G4_POLYSTYRENE     0.07943 mm/MeV     0.00841958 g/cm^2/MeV  massFactor=  504.5 effCharge= 18.5
   CCB_Scintillator     0.126 mm/MeV     0.013356 g/cm^2/MeV  massFactor=  504.5 effCharge= 18.5
=======================================================================
======                 Electromagnetic Physics Parameters      ========
=======================================================================
LPM effect enabled                                 1
Enable creation and use of sampling tables         0
Apply cuts on all EM processes                     0
Use combined TransportationWithMsc                 Disabled
Use general process                                1
Enable linear polarisation for gamma               0
Enable photoeffect sampling below K-shell          1
Enable sampling of quantum entanglement            0
X-section factor for integral approach             0.8
Min kinetic energy for tables                      100 eV 
Max kinetic energy for tables                      100 TeV
Number of bins per decade of a table               7
Verbose level                                      1
Verbose level for worker thread                    0
Bremsstrahlung energy threshold above which 
  primary e+- is added to the list of secondary    100 TeV
Bremsstrahlung energy threshold above which primary
  muon/hadron is added to the list of secondary    100 TeV
Lowest triplet kinetic energy                      1 MeV
Enable sampling of gamma linear polarisation       0
5D gamma conversion model type                     0
5D gamma conversion model on isolated ion          0
Livermore data directory                           epics_2017
=======================================================================
======                 Ionisation Parameters                   ========
=======================================================================
Step function for e+-                              (0.2, 1 mm)
Step function for muons/hadrons                    (0.2, 0.1 mm)
Step function for light ions                       (0.2, 0.1 mm)
Step function for general ions                     (0.2, 0.1 mm)
Lowest e+e- kinetic energy                         1 keV
Lowest muon/hadron kinetic energy                  1 keV
Use ICRU90 data                                    0
Fluctuations of dE/dx are enabled                  1
Type of fluctuation model for leptons and hadrons  Urban
Use built-in Birks satuaration                     1
Build CSDA range enabled                           0
Use cut as a final range enabled                   0
Enable angular generator interface                 0
Max kinetic energy for CSDA tables                 1 GeV
Max kinetic energy for NIEL computation            0 eV 
Linear loss limit                                  0.01
Read data from file for e+e- pair production by mu 0
=======================================================================
======                 Multiple Scattering Parameters          ========
=======================================================================
Type of msc step limit algorithm for e+-           1
Type of msc step limit algorithm for muons/hadrons 0
Msc lateral displacement for e+- enabled           1
Msc lateral displacement for muons and hadrons     0
Urban msc model lateral displacement alg96         1
Range factor for msc step limit for e+-            0.04
Range factor for msc step limit for muons/hadrons  0.2
Geometry factor for msc step limitation of e+-     2.5
Safety factor for msc step limit for e+-           0.6
Skin parameter for msc step limitation of e+-      1
Lambda limit for msc step limit for e+-            1 mm
Use Mott correction for e- scattering              0
Factor used for dynamic computation of angular 
  limit between single and multiple scattering     1
Fixed angular limit between single 
  and multiple scattering                          3.1416 rad
Upper energy limit for e+- multiple scattering     100 MeV
Type of electron single scattering model           0
Type of nuclear form-factor                        1
Screening factor                                   1
=======================================================================

phot:  for gamma SubType=12 BuildTable=0
      LambdaPrime table from 200 keV to 100 TeV in 61 bins 
      ===== EM models for the G4Region  DefaultRegionForTheWorld ======
 LivermorePhElectric : Emin=    0 eV  Emax=  100 TeV  SauterGavrila Fluo

compt:  for gamma SubType=13 BuildTable=1
      Lambda table from 100 eV  to 1 MeV, 7 bins/decade, spline: 1
      LambdaPrime table from 1 MeV to 100 TeV in 56 bins 
      ===== EM models for the G4Region  DefaultRegionForTheWorld ======
       Klein-Nishina : Emin=    0 eV  Emax=  100 TeV

conv:  for gamma SubType=14 BuildTable=1
      Lambda table from 1.022 MeV to 100 TeV, 18 bins/decade, spline: 1
      ===== EM models for the G4Region  DefaultRegionForTheWorld ======
     BetheHeitlerLPM : Emin=    0 eV  Emax=  100 TeV  ModifiedTsai

Rayl:  for gamma SubType=11 BuildTable=1
      Lambda table from 100 eV  to 150 keV, 7 bins/decade, spline: 0
      LambdaPrime table from 150 keV to 100 TeV in 62 bins 
      ===== EM models for the G4Region  DefaultRegionForTheWorld ======
   LivermoreRayleigh : Emin=    0 eV  Emax=  100 TeV  CullenGenerator

msc:  for e-  SubType= 10
      ===== EM models for the G4Region  DefaultRegionForTheWorld ======
            UrbanMsc : Emin=    0 eV  Emax=  100 MeV Nbins=42 100 eV  - 100 MeV
          StepLim=UseSafety Rfact=0.04 Gfact=2.5 Sfact=0.6 DispFlag:1 Skin=1 Llim=1 mm
        WentzelVIUni : Emin=  100 MeV Emax=  100 TeV Nbins=42 100 MeV - 100 TeV
          StepLim=UseSafety Rfact=0.04 Gfact=2.5 Sfact=0.6 DispFlag:1 Skin=1 Llim=1 mm

eIoni:  for e-  XStype:3  SubType=2
      dE/dx and range tables from 100 eV  to 100 TeV in 84 bins
      Lambda tables from threshold to 100 TeV, 7 bins/decade, spline: 1
      StepFunction=(0.2, 1 mm), integ: 3, fluct: 1, linLossLim= 0.01
      ===== EM models for the G4Region  DefaultRegionForTheWorld ======
        MollerBhabha : Emin=    0 eV  Emax=  100 TeV

eBrem:  for e-  XStype:4  SubType=3
      dE/dx and range tables from 100 eV  to 100 TeV in 84 bins
      Lambda tables from threshold to 100 TeV, 7 bins/decade, spline: 1
      LPM flag: 1 for E > 1 GeV,  VertexHighEnergyTh(GeV)= 100000
      ===== EM models for the G4Region  DefaultRegionForTheWorld ======
             eBremSB : Emin=    0 eV  Emax=    1 GeV  ModifiedTsai
            eBremLPM : Emin=    1 GeV Emax=  100 TeV  ModifiedTsai

CoulombScat:  for e- XStype:1 SubType=1 BuildTable=1
      Lambda table from 100 MeV to 100 TeV, 7 bins/decade, spline: 0
      ThetaMin(p) < Theta(degree) < 180, pLimit(GeV^1)= 0.139531
      ===== EM models for the G4Region  DefaultRegionForTheWorld ======
  eCoulombScattering : Emin=  100 MeV Emax=  100 TeV

msc:  for e+  SubType= 10
      ===== EM models for the G4Region  DefaultRegionForTheWorld ======
            UrbanMsc : Emin=    0 eV  Emax=  100 MeV Nbins=42 100 eV  - 100 MeV
          StepLim=UseSafety Rfact=0.04 Gfact=2.5 Sfact=0.6 DispFlag:1 Skin=1 Llim=1 mm
        WentzelVIUni : Emin=  100 MeV Emax=  100 TeV Nbins=42 100 MeV - 100 TeV
          StepLim=UseSafety Rfact=0.04 Gfact=2.5 Sfact=0.6 DispFlag:1 Skin=1 Llim=1 mm

eIoni:  for e+  XStype:3  SubType=2
      dE/dx and range tables from 100 eV  to 100 TeV in 84 bins
      Lambda tables from threshold to 100 TeV, 7 bins/decade, spline: 1
      StepFunction=(0.2, 1 mm), integ: 3, fluct: 1, linLossLim= 0.01
      ===== EM models for the G4Region  DefaultRegionForTheWorld ======
        MollerBhabha : Emin=    0 eV  Emax=  100 TeV

eBrem:  for e+  XStype:4  SubType=3
      dE/dx and range tables from 100 eV  to 100 TeV in 84 bins
      Lambda tables from threshold to 100 TeV, 7 bins/decade, spline: 1
      LPM flag: 1 for E > 1 GeV,  VertexHighEnergyTh(GeV)= 100000
      ===== EM models for the G4Region  DefaultRegionForTheWorld ======
             eBremSB : Emin=    0 eV  Emax=    1 GeV  ModifiedTsai
            eBremLPM : Emin=    1 GeV Emax=  100 TeV  ModifiedTsai

annihil:  for e+ XStype:2 SubType=5 BuildTable=0
      ===== EM models for the G4Region  DefaultRegionForTheWorld ======
            eplus2gg : Emin=    0 eV  Emax=  100 TeV

CoulombScat:  for e+ XStype:1 SubType=1 BuildTable=1
      Lambda table from 100 MeV to 100 TeV, 7 bins/decade, spline: 0
      ThetaMin(p) < Theta(degree) < 180, pLimit(GeV^1)= 0.139531
      ===== EM models for the G4Region  DefaultRegionForTheWorld ======
  eCoulombScattering : Emin=  100 MeV Emax=  100 TeV

msc:  for proton  SubType= 10
      ===== EM models for the G4Region  DefaultRegionForTheWorld ======
        WentzelVIUni : Emin=    0 eV  Emax=  100 TeV Nbins=84 100 eV  - 100 TeV
          StepLim=Minimal Rfact=0.2 Gfact=2.5 Sfact=0.6 DispFlag:0 Skin=1 Llim=1 mm

hIoni:  for proton  XStype:3  SubType=2
      dE/dx and range tables from 100 eV  to 100 TeV in 84 bins
      Lambda tables from threshold to 100 TeV, 7 bins/decade, spline: 1
      StepFunction=(0.2, 0.1 mm), integ: 3, fluct: 1, linLossLim= 0.01
      ===== EM models for the G4Region  DefaultRegionForTheWorld ======
               Bragg : Emin=    0 eV  Emax=    2 MeV
          BetheBloch : Emin=    2 MeV Emax=  100 TeV

hBrems:  for proton  XStype:1  SubType=3
      dE/dx and range tables from 100 eV  to 100 TeV in 84 bins
      Lambda tables from threshold to 100 TeV, 7 bins/decade, spline: 1
      ===== EM models for the G4Region  DefaultRegionForTheWorld ======
               hBrem : Emin=    0 eV  Emax=  100 TeV  ModifiedMephi

hPairProd:  for proton  XStype:1  SubType=4
      dE/dx and range tables from 100 eV  to 100 TeV in 84 bins
      Lambda tables from threshold to 100 TeV, 7 bins/decade, spline: 1
      Sampling table 17x1001; from 7.50618 GeV to 100 TeV 
      ===== EM models for the G4Region  DefaultRegionForTheWorld ======
           hPairProd : Emin=    0 eV  Emax=  100 TeV  ModifiedMephi

CoulombScat:  for proton XStype:1 SubType=1 BuildTable=1
      Lambda table from threshold  to 100 TeV, 7 bins/decade, spline: 0
      ThetaMin(p) < Theta(degree) < 180, pLimit(GeV^1)= 0.139531
      ===== EM models for the G4Region  DefaultRegionForTheWorld ======
  eCoulombScattering : Emin=    0 eV  Emax=  100 TeV

msc:  for GenericIon  SubType= 10
      ===== EM models for the G4Region  DefaultRegionForTheWorld ======
            UrbanMsc : Emin=    0 eV  Emax=  100 TeV
          StepLim=Minimal Rfact=0.2 Gfact=2.5 Sfact=0.6 DispFlag:0 Skin=1 Llim=1 mm

ionIoni:  for GenericIon  XStype:3  SubType=2
      dE/dx and range tables from 100 eV  to 100 TeV in 84 bins
      Lambda tables from threshold to 100 TeV, 7 bins/decade, spline: 1
      StepFunction=(0.2, 0.1 mm), integ: 3, fluct: 1, linLossLim= 0.02
      ===== EM models for the G4Region  DefaultRegionForTheWorld ======
            BraggIon : Emin=    0 eV  Emax=    2 MeV
          BetheBloch : Emin=    2 MeV Emax=  100 TeV

msc:  for alpha  SubType= 10
      ===== EM models for the G4Region  DefaultRegionForTheWorld ======
            UrbanMsc : Emin=    0 eV  Emax=  100 TeV
          StepLim=Minimal Rfact=0.2 Gfact=2.5 Sfact=0.6 DispFlag:0 Skin=1 Llim=1 mm

ionIoni:  for alpha  XStype:3  SubType=2
      dE/dx and range tables from 100 eV  to 100 TeV in 84 bins
      Lambda tables from threshold to 100 TeV, 7 bins/decade, spline: 1
      StepFunction=(0.2, 0.1 mm), integ: 3, fluct: 1, linLossLim= 0.02
      ===== EM models for the G4Region  DefaultRegionForTheWorld ======
            BraggIon : Emin=    0 eV  Emax=7.9452 MeV
          BetheBloch : Emin=7.9452 MeV Emax=  100 TeV

msc:  for anti_proton  SubType= 10
      ===== EM models for the G4Region  DefaultRegionForTheWorld ======
        WentzelVIUni : Emin=    0 eV  Emax=  100 TeV Nbins=84 100 eV  - 100 TeV
          StepLim=Minimal Rfact=0.2 Gfact=2.5 Sfact=0.6 DispFlag:0 Skin=1 Llim=1 mm

hIoni:  for anti_proton  XStype:3  SubType=2
      dE/dx and range tables from 100 eV  to 100 TeV in 84 bins
      Lambda tables from threshold to 100 TeV, 7 bins/decade, spline: 1
      StepFunction=(0.2, 0.1 mm), integ: 3, fluct: 1, linLossLim= 0.01
      ===== EM models for the G4Region  DefaultRegionForTheWorld ======
            ICRU73QO : Emin=    0 eV  Emax=    2 MeV
          BetheBloch : Emin=    2 MeV Emax=  100 TeV

hBrems:  for anti_proton  XStype:1  SubType=3
      dE/dx and range tables from 100 eV  to 100 TeV in 84 bins
      Lambda tables from threshold to 100 TeV, 7 bins/decade, spline: 1
      ===== EM models for the G4Region  DefaultRegionForTheWorld ======
               hBrem : Emin=    0 eV  Emax=  100 TeV  ModifiedMephi

hPairProd:  for anti_proton  XStype:1  SubType=4
      dE/dx and range tables from 100 eV  to 100 TeV in 84 bins
      Lambda tables from threshold to 100 TeV, 7 bins/decade, spline: 1
      Sampling table 17x1001; from 7.50618 GeV to 100 TeV 
      ===== EM models for the G4Region  DefaultRegionForTheWorld ======
           hPairProd : Emin=    0 eV  Emax=  100 TeV  ModifiedMephi

CoulombScat:  for anti_proton XStype:1 SubType=1 BuildTable=1
      Lambda table from threshold  to 100 TeV, 7 bins/decade, spline: 0
      ThetaMin(p) < Theta(degree) < 180, pLimit(GeV^1)= 0.139531
      ===== EM models for the G4Region  DefaultRegionForTheWorld ======
  eCoulombScattering : Emin=    0 eV  Emax=  100 TeV

msc:  for kaon+  SubType= 10
      ===== EM models for the G4Region  DefaultRegionForTheWorld ======
        WentzelVIUni : Emin=    0 eV  Emax=  100 TeV Nbins=84 100 eV  - 100 TeV
          StepLim=Minimal Rfact=0.2 Gfact=2.5 Sfact=0.6 DispFlag:0 Skin=1 Llim=1 mm

hIoni:  for kaon+  XStype:3  SubType=2
      dE/dx and range tables from 100 eV  to 100 TeV in 84 bins
      Lambda tables from threshold to 100 TeV, 7 bins/decade, spline: 1
      StepFunction=(0.2, 0.1 mm), integ: 3, fluct: 1, linLossLim= 0.01
      ===== EM models for the G4Region  DefaultRegionForTheWorld ======
               Bragg : Emin=    0 eV  Emax=1.05231 MeV
          BetheBloch : Emin=1.05231 MeV Emax=  100 TeV

hBrems:  for kaon+  XStype:1  SubType=3
      dE/dx and range tables from 100 eV  to 100 TeV in 84 bins
      Lambda tables from threshold to 100 TeV, 7 bins/decade, spline: 1
      ===== EM models for the G4Region  DefaultRegionForTheWorld ======
               hBrem : Emin=    0 eV  Emax=  100 TeV  ModifiedMephi

hPairProd:  for kaon+  XStype:1  SubType=4
      dE/dx and range tables from 100 eV  to 100 TeV in 84 bins
      Lambda tables from threshold to 100 TeV, 7 bins/decade, spline: 1
      Sampling table 18x1001; from 3.94942 GeV to 100 TeV 
      ===== EM models for the G4Region  DefaultRegionForTheWorld ======
           hPairProd : Emin=    0 eV  Emax=  100 TeV  ModifiedMephi

CoulombScat:  for kaon+ XStype:1 SubType=1 BuildTable=1
      Lambda table from threshold  to 100 TeV, 7 bins/decade, spline: 0
      ThetaMin(p) < Theta(degree) < 180, pLimit(GeV^1)= 0.139531
      ===== EM models for the G4Region  DefaultRegionForTheWorld ======
  eCoulombScattering : Emin=    0 eV  Emax=  100 TeV

msc:  for kaon-  SubType= 10
      ===== EM models for the G4Region  DefaultRegionForTheWorld ======
        WentzelVIUni : Emin=    0 eV  Emax=  100 TeV Nbins=84 100 eV  - 100 TeV
          StepLim=Minimal Rfact=0.2 Gfact=2.5 Sfact=0.6 DispFlag:0 Skin=1 Llim=1 mm

hIoni:  for kaon-  XStype:3  SubType=2
      dE/dx and range tables from 100 eV  to 100 TeV in 84 bins
      Lambda tables from threshold to 100 TeV, 7 bins/decade, spline: 1
      StepFunction=(0.2, 0.1 mm), integ: 3, fluct: 1, linLossLim= 0.01
      ===== EM models for the G4Region  DefaultRegionForTheWorld ======
            ICRU73QO : Emin=    0 eV  Emax=1.05231 MeV
          BetheBloch : Emin=1.05231 MeV Emax=  100 TeV

hBrems:  for kaon-  XStype:1  SubType=3
      dE/dx and range tables from 100 eV  to 100 TeV in 84 bins
      Lambda tables from threshold to 100 TeV, 7 bins/decade, spline: 1
      ===== EM models for the G4Region  DefaultRegionForTheWorld ======
               hBrem : Emin=    0 eV  Emax=  100 TeV  ModifiedMephi

hPairProd:  for kaon-  XStype:1  SubType=4
      dE/dx and range tables from 100 eV  to 100 TeV in 84 bins
      Lambda tables from threshold to 100 TeV, 7 bins/decade, spline: 1
      Sampling table 18x1001; from 3.94942 GeV to 100 TeV 
      ===== EM models for the G4Region  DefaultRegionForTheWorld ======
           hPairProd : Emin=    0 eV  Emax=  100 TeV  ModifiedMephi

CoulombScat:  for kaon- XStype:1 SubType=1 BuildTable=1
      Used Lambda table of kaon+
      ThetaMin(p) < Theta(degree) < 180, pLimit(GeV^1)= 0.139531
      ===== EM models for the G4Region  DefaultRegionForTheWorld ======
  eCoulombScattering : Emin=    0 eV  Emax=  100 TeV

msc:  for mu+  SubType= 10
      ===== EM models for the G4Region  DefaultRegionForTheWorld ======
        WentzelVIUni : Emin=    0 eV  Emax=  100 TeV Nbins=84 100 eV  - 100 TeV
          StepLim=Minimal Rfact=0.2 Gfact=2.5 Sfact=0.6 DispFlag:0 Skin=1 Llim=1 mm

muIoni:  for mu+  XStype:3  SubType=2
      dE/dx and range tables from 100 eV  to 100 TeV in 84 bins
      Lambda tables from threshold to 100 TeV, 7 bins/decade, spline: 1
      StepFunction=(0.2, 0.1 mm), integ: 3, fluct: 1, linLossLim= 0.01
      ===== EM models for the G4Region  DefaultRegionForTheWorld ======
               Bragg : Emin=    0 eV  Emax=  200 keV
        MuBetheBloch : Emin=  200 keV Emax=  100 TeV

muBrems:  for mu+  XStype:1  SubType=3
      dE/dx and range tables from 100 eV  to 100 TeV in 84 bins
      Lambda tables from threshold to 100 TeV, 7 bins/decade, spline: 1
      ===== EM models for the G4Region  DefaultRegionForTheWorld ======
              MuBrem : Emin=    0 eV  Emax=  100 TeV  ModifiedMephi

muPairProd:  for mu+  XStype:1  SubType=4
      dE/dx and range tables from 100 eV  to 100 TeV in 84 bins
      Lambda tables from threshold to 100 TeV, 7 bins/decade, spline: 1
      Sampling table 21x1001; from 0.85 GeV to 100 TeV 
      ===== EM models for the G4Region  DefaultRegionForTheWorld ======
          muPairProd : Emin=    0 eV  Emax=  100 TeV  ModifiedMephi

CoulombScat:  for mu+ XStype:1 SubType=1 BuildTable=1
      Lambda table from threshold  to 100 TeV, 7 bins/decade, spline: 0
      ThetaMin(p) < Theta(degree) < 180, pLimit(GeV^1)= 0.139531
      ===== EM models for the G4Region  DefaultRegionForTheWorld ======
  eCoulombScattering : Emin=    0 eV  Emax=  100 TeV

msc:  for mu-  SubType= 10
      ===== EM models for the G4Region  DefaultRegionForTheWorld ======
        WentzelVIUni : Emin=    0 eV  Emax=  100 TeV Nbins=84 100 eV  - 100 TeV
          StepLim=Minimal Rfact=0.2 Gfact=2.5 Sfact=0.6 DispFlag:0 Skin=1 Llim=1 mm

muIoni:  for mu-  XStype:3  SubType=2
      dE/dx and range tables from 100 eV  to 100 TeV in 84 bins
      Lambda tables from threshold to 100 TeV, 7 bins/decade, spline: 1
      StepFunction=(0.2, 0.1 mm), integ: 3, fluct: 1, linLossLim= 0.01
      ===== EM models for the G4Region  DefaultRegionForTheWorld ======
            ICRU73QO : Emin=    0 eV  Emax=  200 keV
        MuBetheBloch : Emin=  200 keV Emax=  100 TeV

muBrems:  for mu-  XStype:1  SubType=3
      dE/dx and range tables from 100 eV  to 100 TeV in 84 bins
      Lambda tables from threshold to 100 TeV, 7 bins/decade, spline: 1
      ===== EM models for the G4Region  DefaultRegionForTheWorld ======
              MuBrem : Emin=    0 eV  Emax=  100 TeV  ModifiedMephi

muPairProd:  for mu-  XStype:1  SubType=4
      dE/dx and range tables from 100 eV  to 100 TeV in 84 bins
      Lambda tables from threshold to 100 TeV, 7 bins/decade, spline: 1
      Sampling table 21x1001; from 0.85 GeV to 100 TeV 
      ===== EM models for the G4Region  DefaultRegionForTheWorld ======
          muPairProd : Emin=    0 eV  Emax=  100 TeV  ModifiedMephi

CoulombScat:  for mu- XStype:1 SubType=1 BuildTable=1
      Used Lambda table of mu+
      ThetaMin(p) < Theta(degree) < 180, pLimit(GeV^1)= 0.139531
      ===== EM models for the G4Region  DefaultRegionForTheWorld ======
  eCoulombScattering : Emin=    0 eV  Emax=  100 TeV

msc:  for pi+  SubType= 10
      ===== EM models for the G4Region  DefaultRegionForTheWorld ======
        WentzelVIUni : Emin=    0 eV  Emax=  100 TeV Nbins=84 100 eV  - 100 TeV
          StepLim=Minimal Rfact=0.2 Gfact=2.5 Sfact=0.6 DispFlag:0 Skin=1 Llim=1 mm

hIoni:  for pi+  XStype:3  SubType=2
      dE/dx and range tables from 100 eV  to 100 TeV in 84 bins
      Lambda tables from threshold to 100 TeV, 7 bins/decade, spline: 1
      StepFunction=(0.2, 0.1 mm), integ: 3, fluct: 1, linLossLim= 0.01
      ===== EM models for the G4Region  DefaultRegionForTheWorld ======
               Bragg : Emin=    0 eV  Emax=297.505 keV
          BetheBloch : Emin=297.505 keV Emax=  100 TeV

hBrems:  for pi+  XStype:1  SubType=3
      dE/dx and range tables from 100 eV  to 100 TeV in 84 bins
      Lambda tables from threshold to 100 TeV, 7 bins/decade, spline: 1
      ===== EM models for the G4Region  DefaultRegionForTheWorld ======
               hBrem : Emin=    0 eV  Emax=  100 TeV  ModifiedMephi

hPairProd:  for pi+  XStype:1  SubType=4
      dE/dx and range tables from 100 eV  to 100 TeV in 84 bins
      Lambda tables from threshold to 100 TeV, 7 bins/decade, spline: 1
      Sampling table 20x1001; from 1.11656 GeV to 100 TeV 
      ===== EM models for the G4Region  DefaultRegionForTheWorld ======
           hPairProd : Emin=    0 eV  Emax=  100 TeV  ModifiedMephi

CoulombScat:  for pi+ XStype:1 SubType=1 BuildTable=1
      Lambda table from threshold  to 100 TeV, 7 bins/decade, spline: 0
      ThetaMin(p) < Theta(degree) < 180, pLimit(GeV^1)= 0.139531
      ===== EM models for the G4Region  DefaultRegionForTheWorld ======
  eCoulombScattering : Emin=    0 eV  Emax=  100 TeV

msc:  for pi-  SubType= 10
      ===== EM models for the G4Region  DefaultRegionForTheWorld ======
        WentzelVIUni : Emin=    0 eV  Emax=  100 TeV Nbins=84 100 eV  - 100 TeV
          StepLim=Minimal Rfact=0.2 Gfact=2.5 Sfact=0.6 DispFlag:0 Skin=1 Llim=1 mm

hIoni:  for pi-  XStype:3  SubType=2
      dE/dx and range tables from 100 eV  to 100 TeV in 84 bins
      Lambda tables from threshold to 100 TeV, 7 bins/decade, spline: 1
      StepFunction=(0.2, 0.1 mm), integ: 3, fluct: 1, linLossLim= 0.01
      ===== EM models for the G4Region  DefaultRegionForTheWorld ======
            ICRU73QO : Emin=    0 eV  Emax=297.505 keV
          BetheBloch : Emin=297.505 keV Emax=  100 TeV

hBrems:  for pi-  XStype:1  SubType=3
      dE/dx and range tables from 100 eV  to 100 TeV in 84 bins
      Lambda tables from threshold to 100 TeV, 7 bins/decade, spline: 1
      ===== EM models for the G4Region  DefaultRegionForTheWorld ======
               hBrem : Emin=    0 eV  Emax=  100 TeV  ModifiedMephi

hPairProd:  for pi-  XStype:1  SubType=4
      dE/dx and range tables from 100 eV  to 100 TeV in 84 bins
      Lambda tables from threshold to 100 TeV, 7 bins/decade, spline: 1
      Sampling table 20x1001; from 1.11656 GeV to 100 TeV 
      ===== EM models for the G4Region  DefaultRegionForTheWorld ======
           hPairProd : Emin=    0 eV  Emax=  100 TeV  ModifiedMephi

CoulombScat:  for pi- XStype:1 SubType=1 BuildTable=1
      Used Lambda table of pi+
      ThetaMin(p) < Theta(degree) < 180, pLimit(GeV^1)= 0.139531
      ===== EM models for the G4Region  DefaultRegionForTheWorld ======
  eCoulombScattering : Emin=    0 eV  Emax=  100 TeV

====================================================================
                  HADRONIC PROCESSES SUMMARY (verbose level 1)
-----------------------------------------------------------------------
                           Hadronic Processes for neutron
  Process: hadElastic
        Model:             hElasticCHIPS: 0 eV  ---> 100 TeV
     Cr_sctns:        G4NeutronElasticXS: 0 eV  ---> 100 TeV
  Process: neutronInelastic
        Model:                      QGSP: 12 GeV ---> 100 TeV
        Model:                      FTFP: 3 GeV ---> 25 GeV
        Model:            Binary Cascade: 0 eV  ---> 6 GeV
     Cr_sctns:      G4NeutronInelasticXS: 0 eV  ---> 100 TeV
  Process: nCapture
        Model:               nRadCapture: 0 eV  ---> 100 TeV
     Cr_sctns:        G4NeutronCaptureXS: 0 eV  ---> 100 TeV
  Process: nKiller
-----------------------------------------------------------------------
                           Hadronic Processes for GenericIon
  Process: ionElastic
        Model:          NNDiffuseElastic: 0 eV /n ---> 100 TeV/n
     Cr_sctns:  Glauber-Gribov Nucl-nucl: 0 eV  ---> 25.6 PeV
  Process: ionInelastic
        Model:  Binary Light Ion Cascade: 0 eV /n ---> 6 GeV/n
        Model:                      FTFP: 3 GeV/n ---> 100 TeV/n
     Cr_sctns:  Glauber-Gribov Nucl-nucl: 0 eV  ---> 25.6 PeV
-----------------------------------------------------------------------
                           Hadronic Processes for He3
  Process: hadElastic
        Model:              hElasticLHEP: 0 eV /n ---> 100 TeV/n
     Cr_sctns:  Glauber-Gribov Nucl-nucl: 0 eV  ---> 25.6 PeV
  Process: He3Inelastic
        Model:  Binary Light Ion Cascade: 0 eV /n ---> 6 GeV/n
        Model:                      FTFP: 3 GeV/n ---> 100 TeV/n
     Cr_sctns:  Glauber-Gribov Nucl-nucl: 0 eV  ---> 25.6 PeV
-----------------------------------------------------------------------
                           Hadronic Processes for alpha
  Process: hadElastic
        Model:              hElasticLHEP: 0 eV /n ---> 100 TeV/n
     Cr_sctns:  Glauber-Gribov Nucl-nucl: 0 eV  ---> 25.6 PeV
  Process: alphaInelastic
        Model:  Binary Light Ion Cascade: 0 eV /n ---> 6 GeV/n
        Model:                      FTFP: 3 GeV/n ---> 100 TeV/n
     Cr_sctns:  Glauber-Gribov Nucl-nucl: 0 eV  ---> 25.6 PeV
-----------------------------------------------------------------------
                           Hadronic Processes for anti_He3
  Process: hadElastic
        Model:              hElasticLHEP: 0 eV /n ---> 100.1 MeV/n
        Model:              AntiAElastic: 100 MeV/n ---> 100 TeV/n
     Cr_sctns:              AntiAGlauber: 0 eV  ---> 25.6 PeV
  Process: anti_He3Inelastic
        Model:                      FTFP: 0 eV /n ---> 100 TeV/n
     Cr_sctns:              AntiAGlauber: 0 eV  ---> 25.6 PeV
  Process: hFritiofCaptureAtRest
-----------------------------------------------------------------------
                           Hadronic Processes for anti_alpha
  Process: hadElastic
        Model:              hElasticLHEP: 0 eV /n ---> 100.1 MeV/n
        Model:              AntiAElastic: 100 MeV/n ---> 100 TeV/n
     Cr_sctns:              AntiAGlauber: 0 eV  ---> 25.6 PeV
  Process: anti_alphaInelastic
        Model:                      FTFP: 0 eV /n ---> 100 TeV/n
     Cr_sctns:              AntiAGlauber: 0 eV  ---> 25.6 PeV
  Process: hFritiofCaptureAtRest
-----------------------------------------------------------------------
                           Hadronic Processes for anti_deuteron
  Process: hadElastic
        Model:              hElasticLHEP: 0 eV /n ---> 100.1 MeV/n
        Model:              AntiAElastic: 100 MeV/n ---> 100 TeV/n
     Cr_sctns:              AntiAGlauber: 0 eV  ---> 25.6 PeV
  Process: anti_deuteronInelastic
        Model:                      FTFP: 0 eV /n ---> 100 TeV/n
     Cr_sctns:              AntiAGlauber: 0 eV  ---> 25.6 PeV
  Process: hFritiofCaptureAtRest
-------------------------------------------------------------------------
                           Hadronic Processes for anti_hypertriton
  Process: hFritiofCaptureAtRest
-----------------------------------------------------------------------
                           Hadronic Processes for anti_lambda
  Process: hadElastic
        Model:              hElasticLHEP: 0 eV  ---> 100 TeV
     Cr_sctns:            Glauber-Gribov: 0 eV  ---> 100 TeV
  Process: anti_lambdaInelastic
        Model:                      QGSP: 12 GeV ---> 100 TeV
        Model:                      FTFP: 0 eV  ---> 25 GeV
     Cr_sctns:            Glauber-Gribov: 0 eV  ---> 100 TeV
  Process: hFritiofCaptureAtRest
-----------------------------------------------------------------------
                           Hadronic Processes for anti_neutron
  Process: hadElastic
        Model:              hElasticLHEP: 0 eV  ---> 100.1 MeV
        Model:              AntiAElastic: 100 MeV ---> 100 TeV
     Cr_sctns:              AntiAGlauber: 0 eV  ---> 25.6 PeV
  Process: anti_neutronInelastic
        Model:                      FTFP: 0 eV  ---> 100 TeV
     Cr_sctns:              AntiAGlauber: 0 eV  ---> 25.6 PeV
  Process: hFritiofCaptureAtRest
-----------------------------------------------------------------------
                           Hadronic Processes for anti_proton
  Process: hadElastic
        Model:              hElasticLHEP: 0 eV  ---> 100.1 MeV
        Model:              AntiAElastic: 100 MeV ---> 100 TeV
     Cr_sctns:              AntiAGlauber: 0 eV  ---> 25.6 PeV
  Process: anti_protonInelastic
        Model:                      FTFP: 0 eV  ---> 100 TeV
     Cr_sctns:              AntiAGlauber: 0 eV  ---> 25.6 PeV
  Process: hFritiofCaptureAtRest
-----------------------------------------------------------------------
                           Hadronic Processes for anti_triton
  Process: hadElastic
        Model:              hElasticLHEP: 0 eV /n ---> 100.1 MeV/n
        Model:              AntiAElastic: 100 MeV/n ---> 100 TeV/n
     Cr_sctns:              AntiAGlauber: 0 eV  ---> 25.6 PeV
  Process: anti_tritonInelastic
        Model:                      FTFP: 0 eV /n ---> 100 TeV/n
     Cr_sctns:              AntiAGlauber: 0 eV  ---> 25.6 PeV
  Process: hFritiofCaptureAtRest
-----------------------------------------------------------------------
                           Hadronic Processes for deuteron
  Process: hadElastic
        Model:              hElasticLHEP: 0 eV /n ---> 100 TeV/n
     Cr_sctns:  Glauber-Gribov Nucl-nucl: 0 eV  ---> 25.6 PeV
  Process: dInelastic
        Model:  Binary Light Ion Cascade: 0 eV /n ---> 6 GeV/n
        Model:                      FTFP: 3 GeV/n ---> 100 TeV/n
     Cr_sctns:  Glauber-Gribov Nucl-nucl: 0 eV  ---> 25.6 PeV
-----------------------------------------------------------------------
                           Hadronic Processes for e+
  Process: positronNuclear
        Model:   G4ElectroVDNuclearModel: 0 eV  ---> 1 PeV
     Cr_sctns:          ElectroNuclearXS: 0 eV  ---> 100 TeV
-----------------------------------------------------------------------
                           Hadronic Processes for e-
  Process: electronNuclear
        Model:   G4ElectroVDNuclearModel: 0 eV  ---> 1 PeV
     Cr_sctns:          ElectroNuclearXS: 0 eV  ---> 100 TeV
-----------------------------------------------------------------------
                           Hadronic Processes for gamma
  Process: photonNuclear
        Model:               GammaNPreco: 0 eV  ---> 200 MeV
        Model:            BertiniCascade: 199 MeV ---> 6 GeV
        Model:           TheoFSGenerator: 3 GeV ---> 100 TeV
     Cr_sctns:            GammaNuclearXS: 0 eV  ---> 100 TeV
-----------------------------------------------------------------------
                           Hadronic Processes for kaon+
  Process: hadElastic
        Model:              hElasticLHEP: 0 eV  ---> 100 TeV
     Cr_sctns:            Glauber-Gribov: 0 eV  ---> 100 TeV
  Process: kaon+Inelastic
        Model:                      QGSP: 12 GeV ---> 100 TeV
        Model:                      FTFP: 3 GeV ---> 25 GeV
        Model:            BertiniCascade: 0 eV  ---> 6 GeV
     Cr_sctns:            Glauber-Gribov: 0 eV  ---> 100 TeV
-----------------------------------------------------------------------
                           Hadronic Processes for kaon-
  Process: hadElastic
        Model:              hElasticLHEP: 0 eV  ---> 100 TeV
     Cr_sctns:            Glauber-Gribov: 0 eV  ---> 100 TeV
  Process: kaon-Inelastic
        Model:                      QGSP: 12 GeV ---> 100 TeV
        Model:                      FTFP: 3 GeV ---> 25 GeV
        Model:            BertiniCascade: 0 eV  ---> 6 GeV
     Cr_sctns:            Glauber-Gribov: 0 eV  ---> 100 TeV
  Process: hBertiniCaptureAtRest
-----------------------------------------------------------------------
                           Hadronic Processes for lambda
  Process: hadElastic
        Model:              hElasticLHEP: 0 eV  ---> 100 TeV
     Cr_sctns:            Glauber-Gribov: 0 eV  ---> 100 TeV
  Process: lambdaInelastic
        Model:                      QGSP: 12 GeV ---> 100 TeV
        Model:                      FTFP: 3 GeV ---> 25 GeV
        Model:            BertiniCascade: 0 eV  ---> 6 GeV
     Cr_sctns:            Glauber-Gribov: 0 eV  ---> 100 TeV
-----------------------------------------------------------------------
                           Hadronic Processes for mu+
  Process: muonNuclear
        Model:      G4MuonVDNuclearModel: 0 eV  ---> 1 PeV
     Cr_sctns:     KokoulinMuonNuclearXS: 0 eV  ---> 100 TeV
-----------------------------------------------------------------------
                           Hadronic Processes for mu-
  Process: muonNuclear
        Model:      G4MuonVDNuclearModel: 0 eV  ---> 1 PeV
     Cr_sctns:     KokoulinMuonNuclearXS: 0 eV  ---> 100 TeV
  Process: muMinusCaptureAtRest
-----------------------------------------------------------------------
                           Hadronic Processes for pi+
  Process: hadElastic
        Model:           hElasticGlauber: 0 eV  ---> 100 TeV
     Cr_sctns:  BarashenkovGlauberGribov: 0 eV  ---> 100 TeV
  Process: pi+Inelastic
        Model:                      QGSP: 12 GeV ---> 100 TeV
        Model:                      FTFP: 3 GeV ---> 25 GeV
        Model:            BertiniCascade: 0 eV  ---> 6 GeV
     Cr_sctns:  BarashenkovGlauberGribov: 0 eV  ---> 100 TeV
-----------------------------------------------------------------------
                           Hadronic Processes for pi-
  Process: hadElastic
        Model:           hElasticGlauber: 0 eV  ---> 100 TeV
     Cr_sctns:  BarashenkovGlauberGribov: 0 eV  ---> 100 TeV
  Process: pi-Inelastic
        Model:                      QGSP: 12 GeV ---> 100 TeV
        Model:                      FTFP: 3 GeV ---> 25 GeV
        Model:            BertiniCascade: 0 eV  ---> 6 GeV
     Cr_sctns:  BarashenkovGlauberGribov: 0 eV  ---> 100 TeV
  Process: hBertiniCaptureAtRest
-----------------------------------------------------------------------
                           Hadronic Processes for proton
  Process: hadElastic
        Model:             hElasticCHIPS: 0 eV  ---> 100 TeV
     Cr_sctns:  BarashenkovGlauberGribov: 0 eV  ---> 100 TeV
  Process: protonInelastic
        Model:                      QGSP: 12 GeV ---> 100 TeV
        Model:                      FTFP: 3 GeV ---> 25 GeV
        Model:            Binary Cascade: 0 eV  ---> 6 GeV
     Cr_sctns:  BarashenkovGlauberGribov: 0 eV  ---> 100 TeV
-----------------------------------------------------------------------
                           Hadronic Processes for sigma-
  Process: hadElastic
        Model:              hElasticLHEP: 0 eV  ---> 100 TeV
     Cr_sctns:            Glauber-Gribov: 0 eV  ---> 100 TeV
  Process: sigma-Inelastic
        Model:                      QGSP: 12 GeV ---> 100 TeV
        Model:                      FTFP: 3 GeV ---> 25 GeV
        Model:            BertiniCascade: 0 eV  ---> 6 GeV
     Cr_sctns:            Glauber-Gribov: 0 eV  ---> 100 TeV
  Process: hBertiniCaptureAtRest
-----------------------------------------------------------------------
                           Hadronic Processes for triton
  Process: hadElastic
        Model:              hElasticLHEP: 0 eV /n ---> 100 TeV/n
     Cr_sctns:  Glauber-Gribov Nucl-nucl: 0 eV  ---> 25.6 PeV
  Process: tInelastic
        Model:  Binary Light Ion Cascade: 0 eV /n ---> 6 GeV/n
        Model:                      FTFP: 3 GeV/n ---> 100 TeV/n
     Cr_sctns:  Glauber-Gribov Nucl-nucl: 0 eV  ---> 25.6 PeV
=======================================================================
======       Geant4 Native Pre-compound Model Parameters       ========
=======================================================================
Type of pre-compound inverse x-section              3
Pre-compound model active                           1
Pre-compound excitation low energy                  100 keV
Pre-compound excitation high energy                 30 MeV
Angular generator for pre-compound model            1
Use NeverGoBack option for pre-compound model       0
Use SoftCutOff option for pre-compound model        0
Use CEM transitions for pre-compound model          1
Use GNASH transitions for pre-compound model        0
Use HETC submodel for pre-compound model            0
=======================================================================
======       Nuclear De-excitation Module Parameters           ========
=======================================================================
Type of de-excitation inverse x-section             3
Type of de-excitation factory                       Evaporation+GEM
Number of de-excitation channels                    68
Min excitation energy                               10 eV 
Min energy per nucleon for multifragmentation       200 GeV
Limit excitation energy for Fermi BreakUp           20 MeV
Level density (1/MeV)                               0.075
Use simple level density model                      1
Use discrete excitation energy of the residual      1
Time limit for long lived isomeres                  1 ns 
Isomer production flag                              1
Internal e- conversion flag                         1
Store e- internal conversion data                   0
Correlated gamma emission flag                      0
Max 2J for sampling of angular correlations         10
=======================================================================

=========================================================================
--> G4TaskRunManager::CreateAndStartWorkers() --> Initializing workers...
=========================================================================

SIPM_CONFIGSIPM_CONFIG cells= cells=3600 cells_x=60 cells_y=60 active_mm=3600 cells_x=60 cells_y=60 active_mm=3x3x3 recovery_ns=3 recovery_ns=3030 dcr_hz= dcr_hz=500000500000 dark_enabled= dark_enabled=11 crosstalk= crosstalk=0.03 afterpulse_fast=0.030.01 afterpulse_fast= window_start_ns=0.01 window_start_ns=-20 window_end_ns=-20 window_end_ns=250 sample_dt_ns=250 sample_dt_ns=0.5 adc_bits=0.512 adc_bits=12 adc_lsb_pe=0.01 baseline_adc= adc_lsb_pe=200 overvoltage_V=3 temperature_C=25 trigger_recovery_model=0.01EXPONENTIAL baseline_adc= gain_recovery_model=EXPONENTIAL_H1_SHARED200 overvoltage_V=
3 temperature_C=25 trigger_recovery_model=EXPONENTIAL gain_recovery_model=EXPONENTIAL_H1_SHARED
SIPM_CONFIG cells=3600 cells_x=60 cells_y=60 active_mm=3x3 recovery_ns=30 dcr_hz=500000 dark_enabled=1 crosstalk=0.03 afterpulse_fast=0.01 window_start_ns=-20 window_end_ns=250 sample_dt_ns=0.5 adc_bits=12 adc_lsb_pe=0.01 baseline_adc=200 overvoltage_V=3 temperature_C=25 trigger_recovery_model=EXPONENTIAL gain_recovery_model=EXPONENTIAL_H1_SHARED
SIPM_CONFIG cells=3600 cells_x=60 cells_y=60 active_mm=3x3 recovery_ns=30 dcr_hz=500000 dark_enabled=1 crosstalk=0.03 afterpulse_fast=0.01 window_start_ns=-20 window_end_ns=250 sample_dt_ns=0.5 adc_bits=12 adc_lsb_pe=0.01 baseline_adc=200 overvoltage_V=3 temperature_C=25 trigger_recovery_model=EXPONENTIAL gain_recovery_model=EXPONENTIAL_H1_SHARED
SIPM_CONFIG cells=3600 cells_x=60 cells_y=60 active_mm=3x3 recovery_ns=30 dcr_hz=500000 dark_enabled=1 crosstalk=0.03 afterpulse_fast=0.01 window_start_ns=-20 window_end_ns=250 sample_dt_ns=0.5 adc_bits=12 adc_lsb_pe=0.01 baseline_adc=200 overvoltage_V=3 temperature_C=25 trigger_recovery_model=EXPONENTIAL gain_recovery_model=EXPONENTIAL_H1_SHARED
SIPM_CONFIG cells=3600 cells_x=60 cells_y=60 active_mm=3x3 recovery_ns=30 dcr_hz=500000 dark_enabled=1 crosstalk=0.03 afterpulse_fast=0.01 window_start_ns=-20 window_end_ns=250 sample_dt_ns=0.5 adc_bits=12 adc_lsb_pe=0.01 baseline_adc=200 overvoltage_V=3 temperature_C=25 trigger_recovery_model=EXPONENTIAL gain_recovery_model=EXPONENTIAL_H1_SHARED
SIPM_CONFIG cells=3600 cells_x=60 cells_y=60 active_mm=3x3 recovery_ns=30 dcr_hz=500000 dark_enabled=1 crosstalk=0.03 afterpulse_fast=0.01 window_start_ns=-20 window_end_ns=250 sample_dt_ns=0.5 adc_bits=12 adc_lsb_pe=0.01 baseline_adc=200 overvoltage_V=3 temperature_C=25 trigger_recovery_model=EXPONENTIAL gain_recovery_model=EXPONENTIAL_H1_SHARED
SIPM_CONFIG cells=3600 cells_x=60 cells_y=60 active_mm=3x3 recovery_ns=30 dcr_hz=500000 dark_enabled=1 crosstalk=0.03 afterpulse_fast=0.01 window_start_ns=-20 window_end_ns=250 sample_dt_ns=0.5 adc_bits=12 adc_lsb_pe=0.01 baseline_adc=200 overvoltage_V=3 temperature_C=25 trigger_recovery_model=EXPONENTIAL gain_recovery_model=EXPONENTIAL_H1_SHARED
SIPM_CONFIG cells=3600 cells_x=60 cells_y=60 active_mm=3x3 recovery_ns=30 dcr_hz=500000 dark_enabled=1 crosstalk=0.03 afterpulse_fast=0.01 window_start_ns=-20 window_end_ns=250 sample_dt_ns=0.5 adc_bits=12 adc_lsb_pe=0.01 baseline_adc=200 overvoltage_V=3 temperature_C=25 trigger_recovery_model=EXPONENTIAL gain_recovery_model=EXPONENTIAL_H1_SHARED
SIPM_CONFIG cells=3600 cells_x=60 cells_y=60 active_mm=3x3 recovery_ns=30 dcr_hz=500000 dark_enabled=1 crosstalk=0.03 afterpulse_fast=0.01 window_start_ns=-20 window_end_ns=250 sample_dt_ns=0.5 adc_bits=12 adc_lsb_pe=0.01 baseline_adc=200 overvoltage_V=3 temperature_C=25 trigger_recovery_model=EXPONENTIAL gain_recovery_model=EXPONENTIAL_H1_SHARED
SIPM_CONFIG cells=3600 cells_x=60 cells_y=60 active_mm=3x3 recovery_ns=30 dcr_hz=500000 dark_enabled=1 crosstalk=0.03 afterpulse_fast=0.01 window_start_ns=-20 window_end_ns=250 sample_dt_ns=0.5 adc_bits=12 adc_lsb_pe=0.01 baseline_adc=200 overvoltage_V=3 temperature_C=25 trigger_recovery_model=EXPONENTIAL gain_recovery_model=EXPONENTIAL_H1_SHARED
SIPM_CONFIG cells=3600 cells_x=60 cells_y=60 active_mm=3x3 recovery_ns=30 dcr_hz=500000 dark_enabled=1 crosstalk=0.03 afterpulse_fast=0.01 window_start_ns=-20 window_end_ns=250 sample_dt_ns=0.5 adc_bits=12 adc_lsb_pe=0.01 baseline_adc=200 overvoltage_V=3 temperature_C=25 trigger_recovery_model=EXPONENTIAL gain_recovery_model=EXPONENTIAL_H1_SHARED
SIPM_CONFIG cells=3600 cells_x=60 cells_y=60 active_mm=3x3 recovery_ns=30 dcr_hz=500000 dark_enabled=1 crosstalk=0.03 afterpulse_fast=0.01 window_start_ns=-20 window_end_ns=250 sample_dt_ns=0.5 adc_bits=12 adc_lsb_pe=0.01 baseline_adc=200 overvoltage_V=3 temperature_C=25 trigger_recovery_model=EXPONENTIAL gain_recovery_model=EXPONENTIAL_H1_SHARED
SIPM_CONFIG cells=3600 cells_x=60 cells_y=60 active_mm=3x3 recovery_ns=30 dcr_hz=500000 dark_enabled=1 crosstalk=0.03 afterpulse_fast=0.01 window_start_ns=-20 window_end_ns=250 sample_dt_ns=0.5 adc_bits=12 adc_lsb_pe=0.01 baseline_adc=200 overvoltage_V=3 temperature_C=25 trigger_recovery_model=EXPONENTIAL gain_recovery_model=EXPONENTIAL_H1_SHARED
SIPM_CONFIG cells=3600 cells_x=60 cells_y=60 active_mm=3x3 recovery_ns=30 dcr_hz=500000 dark_enabled=1 crosstalk=0.03 afterpulse_fast=0.01 window_start_ns=-20 window_end_ns=250 sample_dt_ns=0.5 adc_bits=12 adc_lsb_pe=0.01 baseline_adc=200 overvoltage_V=3 temperature_C=25 trigger_recovery_model=EXPONENTIAL gain_recovery_model=EXPONENTIAL_H1_SHARED
SIPM_CONFIG cells=3600 cells_x=60 cells_y=60 active_mm=3x3 recovery_ns=30 dcr_hz=500000 dark_enabled=1 crosstalk=0.03 afterpulse_fast=0.01 window_start_ns=-20 window_end_ns=250 sample_dt_ns=0.5 adc_bits=12 adc_lsb_pe=0.01 baseline_adc=200 overvoltage_V=3 temperature_C=25 trigger_recovery_model=EXPONENTIAL gain_recovery_model=EXPONENTIAL_H1_SHARED
CCB_NEUTRON_TIMECUT policy_id=pin_qgsp_bic_default_10us time_cut_us=10 status=PINNED_REFERENCE_DEFAULT
RUN_CONFIG particle=deuteron KE_MeV=16 nevents=1000 threads_requested=16 threads_effective=16 g4_force_threads=unset seed=1625 hit_x_cm=0 hit_y_cm=0 theta_deg=0 phi_deg=0 allow_miss=0 beam_profile_id=FIXED_POINT_NORMAL sample_position=0 hit_x_min_cm=0 hit_x_max_cm=0 hit_y_min_cm=0 hit_y_max_cm=0 sample_angle=0 theta_spread_deg=0 write_photon_ntuple=0 optical_max_time_ns=1000 optical_max_steps=200000 birks_kB=0.126 quenching_model_id=birks_geant4 quenching_model_status=HYPOTHESIS quenching_claims_authorized=false production_cut_mm=0.1 physics_list=QGSP_BIC neutron_timecut_policy_id=pin_qgsp_bic_default_10us neutron_time_cut_us=10 neutron_tracking_time_cut_configured=1 neutron_diagnostics=0 reflectivity_scale=1 attenuation_scale(deprecated)=1 scintillator_absorption_scale=1 y11_bulk_attenuation_scale=1 pde_scale=1 collection_efficiency=1 optical_interface_model=UNKNOWN_EXTERNAL far_end=instrumented wls_time_profile=exponential wls_fluorescence_model=geant4_default_one_secondary wls_fluorescence_yield=0.7 mode=optical optical_dir=/projects/hep/fs10/shared/nnbar/billy/ccb-wt-1623/geant4/single_stave/build/optical strict_optical=1 output=/projects/hep/fs10/shared/nnbar/billy/ccb1623_campaign/stave_deuteron_16MeV_B_s1625.root gpu_optical=0 optical_out= dump_gdml= geometry_hash=e323b92195f9a6288944f0738dbadccf9386422f076362ca172fd0b6d119d1e1

==========================================================================================
--> G4TaskRunManager::CreateAndStartWorkers() --> Creating 32 tasks with 31 events/task...
==========================================================================================

SIPM_ARRIVALS event=93 total=1049
SIPM_ADC event=93 readout=3866 f1far=3005 f2near=3895 f2far=3895
SIPM_ARRIVALS event=124 total=974
SIPM_ADC event=124 readout=3519 f1far=3895 f2near=3403 f2far=2835
SIPM_ARRIVALS event=310 total=1013
SIPM_ADC event=310 readout=3895 f1far=3895 f2near=3169 f2far=3881
SIPM_ARRIVALS event=434 total=982
SIPM_ADC event=434 readout=3895 f1far=2294 f2near=3494 f2far=3024
SIPM_ARRIVALS event=279 total=979
SIPM_ADC event=279 readout=3833 f1far=3572 f2near=3895 f2far=3895
SIPM_ARRIVALS event=217 total=1060
SIPM_ADC event=217 readout=3362 f1far=3895 f2near=3895 f2far=3895
SIPM_ARRIVALS event=31 total=1044
SIPM_ADC event=31 readout=3807 f1far=3895 f2near=3895 f2far=3895
SIPM_ARRIVALS event=372 total=1089
SIPM_ADC event=372 readout=3895 f1far=3895 f2near=3470 f2far=3895
SIPM_ARRIVALS event=186 total=1097
SIPM_ADC event=186 readout=3400 f1far=3895 f2near=3208 f2far=3895
SIPM_ARRIVALS event=248 total=984
SIPM_ADC event=248 readout=3895 f1far=3881 f2near=3895 f2far=3895
SIPM_ARRIVALS event=465 total=1036
SIPM_ADC event=465 readout=3755 f1far=3895 f2near=3829 f2far=2233
SIPM_ARRIVALS event=62 total=1041
SIPM_ADC event=62 readout=3809 f1far=3895 f2near=3326 f2far=3789
SIPM_ARRIVALS event=341 total=1016
SIPM_ADC event=341 readout=3199 f1far=3895 f2near=3505 f2far=3290
SIPM_ARRIVALS event=0 total=1051
SIPM_ADC event=0 readout=3895 f1far=3117 f2near=3895 f2far=3895
SIPM_ARRIVALS event=155 total=967
SIPM_ADC event=155 readout=3710 f1far=2555 f2near=3000 f2far=3895
SIPM_ARRIVALS event=403 total=1057
SIPM_ADC event=403 readout=3396 f1far=3450 f2near=3322 f2far=3895
SIPM_ARRIVALS event=125 total=324
SIPM_ADC event=125 readout=1081 f1far=1020 f2near=1483 f2far=1448
SIPM_ARRIVALS event=435 total=964
SIPM_ADC event=435 readout=3694 f1far=3642 f2near=2911 f2far=3780
SIPM_ARRIVALS event=280 total=1020
SIPM_ADC event=280 readout=3601 f1far=3561 f2near=3512 f2far=3644
SIPM_ARRIVALS event=94 total=1035
SIPM_ADC event=94 readout=3895 f1far=2857 f2near=3156 f2far=3574
SIPM_ARRIVALS event=466 total=1027
SIPM_ADC event=466 readout=3895 f1far=3895 f2near=3352 f2far=3711
SIPM_ARRIVALS event=218 total=1023
SIPM_ADC event=218 readout=3726 f1far=3895 f2near=3762 f2far=3452
SIPM_ARRIVALS event=156 total=1011
SIPM_ADC event=156 readout=3829 f1far=3668 f2near=3610 f2far=3755
SIPM_ARRIVALS event=311 total=1000
SIPM_ADC event=311 readout=3647 f1far=3895 f2near=3895 f2far=3050
SIPM_ARRIVALS event=373 total=1065
SIPM_ADC event=373 readout=3895 f1far=3308 f2near=3879 f2far=3673
SIPM_ARRIVALS event=404 total=1049
SIPM_ADC event=404 readout=3152 f1far=3895 f2near=3851 f2far=3895
SIPM_ARRIVALS event=63 total=1004
SIPM_ADC event=63 readout=3724 f1far=3801 f2near=3597 f2far=3145
SIPM_ARRIVALS event=187 total=1042
SIPM_ADC event=187 readout=3383 f1far=3895 f2near=3895 f2far=3895
SIPM_ARRIVALS event=249 total=1079
SIPM_ADC event=249 readout=3895 f1far=3895 f2near=3895 f2far=3790
SIPM_ARRIVALS event=32 total=1063
SIPM_ADC event=32 readout=3378 f1far=3895 f2near=3648 f2far=3858
SIPM_ARRIVALS event=1 total=1064
SIPM_ADC event=1 readout=3895 f1far=3710 f2near=3895 f2far=3895
SIPM_ARRIVALS event=342 total=999
SIPM_ADC event=342 readout=3740 f1far=3700 f2near=3886 f2far=3689
SIPM_ARRIVALS event=126 total=1051
SIPM_ADC event=126 readout=3895 f1far=3221 f2near=3895 f2far=3895
SIPM_ARRIVALS event=436 total=1001
SIPM_ADC event=436 readout=3267 f1far=3895 f2near=3453 f2far=3895
SIPM_ARRIVALS event=281 total=1048
SIPM_ADC event=281 readout=3895 f1far=3895 f2near=3358 f2far=3703
SIPM_ARRIVALS event=467 total=987
SIPM_ADC event=467 readout=3747 f1far=3506 f2near=3895 f2far=3895
SIPM_ARRIVALS event=219 total=1083
SIPM_ADC event=219 readout=3895 f1far=3895 f2near=3693 f2far=3687
SIPM_ARRIVALS event=157 total=1059
SIPM_ADC event=157 readout=3652 f1far=3895 f2near=3895 f2far=3895
SIPM_ARRIVALS event=64 total=1019
SIPM_ADC event=64 readout=3819 f1far=3895 f2near=3390 f2far=3895
SIPM_ARRIVALS event=95 total=1028
SIPM_ADC event=95 readout=3895 f1far=3353 f2near=3895 f2far=3476
SIPM_ARRIVALS event=312 total=1080
SIPM_ADC event=312 readout=3504 f1far=3895 f2near=3500 f2far=3845
SIPM_ARRIVALS event=250 total=1066
SIPM_ADC event=250 readout=3895 f1far=3895 f2near=3895 f2far=3895
SIPM_ARRIVALS event=33 total=1021
SIPM_ADC event=33 readout=3485 f1far=3895 f2near=3726 f2far=3895
SIPM_ARRIVALS event=374 total=1028
SIPM_ADC event=374 readout=3895 f1far=3895 f2near=3895 f2far=3895
SIPM_ARRIVALS event=405 total=1041
SIPM_ADC event=405 readout=3733 f1far=3254 f2near=3257 f2far=3895
SIPM_ARRIVALS event=188 total=1044
SIPM_ADC event=188 readout=3895 f1far=3895 f2near=3541 f2far=3895
SIPM_ARRIVALS event=343 total=982
SIPM_ADC event=343 readout=2979 f1far=3360 f2near=2859 f2far=3573
SIPM_ARRIVALS event=2 total=1028
SIPM_ADC event=2 readout=3451 f1far=3488 f2near=3895 f2far=3895
SIPM_ARRIVALS event=127 total=948
SIPM_ADC event=127 readout=3756 f1far=3895 f2near=3874 f2far=3441
SIPM_ARRIVALS event=437 total=990
SIPM_ADC event=437 readout=3609 f1far=3895 f2near=3356 f2far=3895
SIPM_ARRIVALS event=282 total=1035
SIPM_ADC event=282 readout=3309 f1far=3895 f2near=3805 f2far=3895
SIPM_ARRIVALS event=468 total=1031
SIPM_ADC event=468 readout=3370 f1far=3895 f2near=3805 f2far=3673
SIPM_ARRIVALS event=313 total=1020
SIPM_ADC event=313 readout=3895 f1far=3895 f2near=3182 f2far=3895
SIPM_ARRIVALS event=158 total=1024
SIPM_ADC event=158 readout=3102 f1far=3895 f2near=3678 f2far=3042
SIPM_ARRIVALS event=189 total=1012
SIPM_ADC event=189 readout=3895 f1far=3895 f2near=3131 f2far=3895
SIPM_ARRIVALS event=406 total=1013
SIPM_ADC event=406 readout=3676 f1far=3054 f2near=3895 f2far=3468
SIPM_ARRIVALS event=375 total=1069
SIPM_ADC event=375 readout=3862 f1far=3895 f2near=3895 f2far=3516
SIPM_ARRIVALS event=96 total=1040
SIPM_ADC event=96 readout=3645 f1far=3895 f2near=3809 f2far=3895
SIPM_ARRIVALS event=65 total=991
SIPM_ADC event=65 readout=3264 f1far=3162 f2near=2658 f2far=3274
SIPM_ARRIVALS event=251 total=1073
SIPM_ADC event=251 readout=3895 f1far=3655 f2near=3895 f2far=3895
SIPM_ARRIVALS event=220 total=1030
SIPM_ADC event=220 readout=3895 f1far=3757 f2near=3895 f2far=3143
SIPM_ARRIVALS event=344 total=1024
SIPM_ADC event=344 readout=3704 f1far=3895 f2near=3647 f2far=3895
SIPM_ARRIVALS event=34 total=1022
SIPM_ADC event=34 readout=3895 f1far=3895 f2near=3740 f2far=3895
SIPM_ARRIVALS event=3 total=1041
SIPM_ADC event=3 readout=3120 f1far=3322 f2near=3895 f2far=3157
SIPM_ARRIVALS event=128 total=973
SIPM_ADC event=128 readout=3218 f1far=3559 f2near=3578 f2far=3329
SIPM_ARRIVALS event=314 total=1013
SIPM_ADC event=314 readout=3863 f1far=3895 f2near=3895 f2far=3622
SIPM_ARRIVALS event=283 total=979
SIPM_ADC event=283 readout=3895 f1far=3895 f2near=3866 f2far=2991
SIPM_ARRIVALS event=438 total=983
SIPM_ADC event=438 readout=2714 f1far=2870 f2near=2984 f2far=3895
SIPM_ARRIVALS event=469 total=1083
SIPM_ADC event=469 readout=3426 f1far=3895 f2near=3895 f2far=3895
SIPM_ARRIVALS event=159 total=1005
SIPM_ADC event=159 readout=3875 f1far=3524 f2near=2853 f2far=3895
SIPM_ARRIVALS event=376 total=992
SIPM_ADC event=376 readout=3487 f1far=3895 f2near=3583 f2far=3895
SIPM_ARRIVALS event=190 total=1014
SIPM_ADC event=190 readout=3895 f1far=3895 f2near=3318 f2far=3755
SIPM_ARRIVALS event=252 total=1046
SIPM_ADC event=252 readout=3895 f1far=3810 f2near=3876 f2far=3828
SIPM_ARRIVALS event=221 total=1049
SIPM_ADC event=221 readout=3895 f1far=3546 f2near=3580 f2far=3419
SIPM_ARRIVALS event=66 total=1044
SIPM_ADC event=66 readout=3210 f1far=3895 f2near=3842 f2far=3895
SIPM_ARRIVALS event=407 total=1071
SIPM_ADC event=407 readout=3895 f1far=3895 f2near=3895 f2far=3895
SIPM_ARRIVALS event=97 total=972
SIPM_ADC event=97 readout=3380 f1far=3420 f2near=3252 f2far=3852
SIPM_ARRIVALS event=35 total=1006
SIPM_ADC event=35 readout=3475 f1far=3895 f2near=3245 f2far=3895
SIPM_ARRIVALS event=345 total=1049
SIPM_ADC event=345 readout=3846 f1far=3895 f2near=3732 f2far=3895
SIPM_ARRIVALS event=4 total=1033
SIPM_ADC event=4 readout=2946 f1far=3895 f2near=3486 f2far=3130
SIPM_ARRIVALS event=129 total=1076
SIPM_ADC event=129 readout=3895 f1far=3159 f2near=3189 f2far=3895
SIPM_ARRIVALS event=284 total=996
SIPM_ADC event=284 readout=3753 f1far=3895 f2near=3895 f2far=3520
SIPM_ARRIVALS event=439 total=1017
SIPM_ADC event=439 readout=3198 f1far=3342 f2near=3895 f2far=3039
SIPM_ARRIVALS event=315 total=1017
SIPM_ADC event=315 readout=3895 f1far=3296 f2near=3895 f2far=3895
SIPM_ARRIVALS event=160 total=1115
SIPM_ADC event=160 readout=3895 f1far=3774 f2near=3404 f2far=3895
SIPM_ARRIVALS event=470 total=1018
SIPM_ADC event=470 readout=3895 f1far=3895 f2near=3895 f2far=3895
SIPM_ARRIVALS event=191 total=1009
SIPM_ADC event=191 readout=3895 f1far=3371 f2near=3659 f2far=3895
SIPM_ARRIVALS event=67 total=1040
SIPM_ADC event=67 readout=3895 f1far=3895 f2near=3761 f2far=3895
SIPM_ARRIVALS event=98 total=980
SIPM_ADC event=98 readout=3895 f1far=3895 f2near=3586 f2far=3445
SIPM_ARRIVALS event=253 total=1035
SIPM_ADC event=253 readout=3895 f1far=2920 f2near=3895 f2far=3895
SIPM_ARRIVALS event=377 total=1060
SIPM_ADC event=377 readout=3895 f1far=3674 f2near=3557 f2far=3895
SIPM_ARRIVALS event=408 total=1052
SIPM_ADC event=408 readout=3618 f1far=2797 f2near=3895 f2far=3895
SIPM_ARRIVALS event=222 total=1075
SIPM_ADC event=222 readout=3206 f1far=3346 f2near=3895 f2far=3895
SIPM_ARRIVALS event=346 total=1034
SIPM_ADC event=346 readout=3895 f1far=3767 f2near=3585 f2far=3895
SIPM_ARRIVALS event=36 total=1015
SIPM_ADC event=36 readout=2962 f1far=3883 f2near=3414 f2far=3895
SIPM_ARRIVALS event=5 total=1054
SIPM_ADC event=5 readout=3895 f1far=3895 f2near=3895 f2far=3895
SIPM_ARRIVALS event=130 total=995
SIPM_ADC event=130 readout=3474 f1far=3895 f2near=3511 f2far=3895
SIPM_ARRIVALS event=285 total=1035
SIPM_ADC event=285 readout=3754 f1far=3408 f2near=3895 f2far=3895
SIPM_ARRIVALS event=440 total=969
SIPM_ADC event=440 readout=3680 f1far=3376 f2near=3577 f2far=3625
SIPM_ARRIVALS event=68 total=999
SIPM_ADC event=68 readout=3520 f1far=3585 f2near=3886 f2far=3620
SIPM_ARRIVALS event=316 total=1012
SIPM_ADC event=316 readout=3895 f1far=3581 f2near=3285 f2far=3730
SIPM_ARRIVALS event=161 total=1067
SIPM_ADC event=161 readout=3542 f1far=3895 f2near=3895 f2far=3686
SIPM_ARRIVALS event=99 total=961
SIPM_ADC event=99 readout=3541 f1far=3099 f2near=3895 f2far=3872
SIPM_ARRIVALS event=192 total=1072
SIPM_ADC event=192 readout=3079 f1far=3895 f2near=3532 f2far=3638
SIPM_ARRIVALS event=471 total=1016
SIPM_ADC event=471 readout=3895 f1far=3415 f2near=3509 f2far=3829
SIPM_ARRIVALS event=409 total=1040
SIPM_ADC event=409 readout=3723 f1far=3895 f2near=3866 f2far=3895
SIPM_ARRIVALS event=37 total=1086
SIPM_ADC event=37 readout=3715 f1far=3766 f2near=3895 f2far=3646
SIPM_ARRIVALS event=254 total=1065
SIPM_ADC event=254 readout=3815 f1far=3895 f2near=3895 f2far=3235
SIPM_ARRIVALS event=223 total=1017
SIPM_ADC event=223 readout=3895 f1far=3770 f2near=3895 f2far=3036
SIPM_ARRIVALS event=378 total=1038
SIPM_ADC event=378 readout=3873 f1far=3895 f2near=3895 f2far=3068
SIPM_ARRIVALS event=347 total=1020
SIPM_ADC event=347 readout=3868 f1far=3842 f2near=3189 f2far=3516
SIPM_ARRIVALS event=6 total=1034
SIPM_ADC event=6 readout=3895 f1far=3412 f2near=3298 f2far=3895
SIPM_ARRIVALS event=131 total=970
SIPM_ADC event=131 readout=3895 f1far=3012 f2near=3895 f2far=3895
SIPM_ARRIVALS event=69 total=1000
SIPM_ADC event=69 readout=3417 f1far=3895 f2near=3366 f2far=3895
SIPM_ARRIVALS event=441 total=944
SIPM_ADC event=441 readout=2798 f1far=3011 f2near=2927 f2far=3367
SIPM_ARRIVALS event=286 total=1019
SIPM_ADC event=286 readout=3493 f1far=3895 f2near=3895 f2far=3784
SIPM_ARRIVALS event=100 total=1047
SIPM_ADC event=100 readout=3414 f1far=3895 f2near=3895 f2far=3895
SIPM_ARRIVALS event=162 total=1035
SIPM_ADC event=162 readout=3895 f1far=3895 f2near=3394 f2far=3895
SIPM_ARRIVALS event=317 total=1006
SIPM_ADC event=317 readout=3895 f1far=3507 f2near=3895 f2far=2972
SIPM_ARRIVALS event=472 total=1062
SIPM_ADC event=472 readout=3895 f1far=3895 f2near=3753 f2far=3895
SIPM_ARRIVALS event=410 total=1036
SIPM_ADC event=410 readout=3495 f1far=3371 f2near=3683 f2far=3812
SIPM_ARRIVALS event=193 total=957
SIPM_ADC event=193 readout=3047 f1far=3345 f2near=3840 f2far=2978
SIPM_ARRIVALS event=38 total=1080
SIPM_ADC event=38 readout=3895 f1far=3572 f2near=3895 f2far=3895
SIPM_ARRIVALS event=224 total=1083
SIPM_ADC event=224 readout=3895 f1far=3895 f2near=3895 f2far=3336
SIPM_ARRIVALS event=255 total=982
SIPM_ADC event=255 readout=3572 f1far=3895 f2near=3459 f2far=2863
SIPM_ARRIVALS event=379 total=999
SIPM_ADC event=379 readout=3352 f1far=3895 f2near=3638 f2far=2967
SIPM_ARRIVALS event=348 total=1030
SIPM_ADC event=348 readout=3725 f1far=3895 f2near=3198 f2far=3842
SIPM_ARRIVALS event=7 total=981
SIPM_ADC event=7 readout=3550 f1far=3892 f2near=2991 f2far=3216
SIPM_ARRIVALS event=132 total=992
SIPM_ADC event=132 readout=3895 f1far=3895 f2near=3895 f2far=2909
SIPM_ARRIVALS event=70 total=1026
SIPM_ADC event=70 readout=3148 f1far=3895 f2near=3428 f2far=3895
SIPM_ARRIVALS event=287 total=1055
SIPM_ADC event=287 readout=3895 f1far=3761 f2near=3875 f2far=3895
SIPM_ARRIVALS event=442 total=1021
SIPM_ADC event=442 readout=3376 f1far=2823 f2near=3854 f2far=3895
SIPM_ARRIVALS event=101 total=1048
SIPM_ADC event=101 readout=3895 f1far=3574 f2near=3811 f2far=3895
SIPM_ARRIVALS event=411 total=997
SIPM_ADC event=411 readout=3568 f1far=3312 f2near=3895 f2far=3401
SIPM_ARRIVALS event=473 total=1070
SIPM_ADC event=473 readout=3802 f1far=3895 f2near=3846 f2far=3895
SIPM_ARRIVALS event=318 total=1062
SIPM_ADC event=318 readout=3790 f1far=3895 f2near=3895 f2far=3844
SIPM_ARRIVALS event=163 total=1029
SIPM_ADC event=163 readout=3895 f1far=3895 f2near=3696 f2far=3895
SIPM_ARRIVALS event=194 total=1010
SIPM_ADC event=194 readout=2227 f1far=3895 f2near=3819 f2far=3895
SIPM_ARRIVALS event=256 total=1020
SIPM_ADC event=256 readout=3893 f1far=3895 f2near=3895 f2far=3626
SIPM_ARRIVALS event=39 total=1055
SIPM_ADC event=39 readout=3895 f1far=3580 f2near=3868 f2far=3895
SIPM_ARRIVALS event=225 total=1020
SIPM_ADC event=225 readout=3294 f1far=3707 f2near=3827 f2far=3602
SIPM_ARRIVALS event=380 total=1022
SIPM_ADC event=380 readout=3852 f1far=3753 f2near=3735 f2far=3843
SIPM_ARRIVALS event=349 total=1026
SIPM_ADC event=349 readout=3895 f1far=3850 f2near=3798 f2far=3429
SIPM_ARRIVALS event=8 total=1065
SIPM_ADC event=8 readout=3895 f1far=3895 f2near=3895 f2far=3762
SIPM_ARRIVALS event=133 total=1002
SIPM_ADC event=133 readout=3821 f1far=3895 f2near=2692 f2far=3895
SIPM_ARRIVALS event=71 total=993
SIPM_ADC event=71 readout=3218 f1far=3716 f2near=3754 f2far=3895
SIPM_ARRIVALS event=288 total=1010
SIPM_ADC event=288 readout=3895 f1far=3895 f2near=3620 f2far=3498
SIPM_ARRIVALS event=443 total=1052
SIPM_ADC event=443 readout=3895 f1far=3529 f2near=3330 f2far=3895
SIPM_ARRIVALS event=474 total=1007
SIPM_ADC event=474 readout=3450 f1far=3895 f2near=3685 f2far=3867
SIPM_ARRIVALS event=102 total=1116
SIPM_ADC event=102 readout=3703 f1far=3895 f2near=3895 f2far=3895
SIPM_ARRIVALS event=195 total=1064
SIPM_ADC event=195 readout=3895 f1far=3895 f2near=3895 f2far=3895
SIPM_ARRIVALS event=319 total=1056
SIPM_ADC event=319 readout=3895 f1far=3895 f2near=2827 f2far=3895
SIPM_ARRIVALS event=412 total=1027
SIPM_ADC event=412 readout=3305 f1far=3895 f2near=3237 f2far=3895
SIPM_ARRIVALS event=164 total=1006
SIPM_ADC event=164 readout=3895 f1far=3895 f2near=3509 f2far=3797
SIPM_ARRIVALS event=40 total=1027
SIPM_ADC event=40 readout=3444 f1far=3895 f2near=3846 f2far=3666
SIPM_ARRIVALS event=257 total=1035
SIPM_ADC event=257 readout=3895 f1far=3889 f2near=3667 f2far=3668
SIPM_ARRIVALS event=226 total=1027
SIPM_ADC event=226 readout=3895 f1far=3895 f2near=3895 f2far=3842
SIPM_ARRIVALS event=350 total=1009
SIPM_ADC event=350 readout=3895 f1far=3895 f2near=2660 f2far=3317
SIPM_ARRIVALS event=381 total=1010
SIPM_ADC event=381 readout=3730 f1far=3476 f2near=3895 f2far=3657
SIPM_ARRIVALS event=9 total=1077
SIPM_ADC event=9 readout=3842 f1far=3895 f2near=3895 f2far=3895
SIPM_ARRIVALS event=134 total=1088
SIPM_ADC event=134 readout=3449 f1far=3211 f2near=3895 f2far=3895
SIPM_ARRIVALS event=289 total=986
SIPM_ADC event=289 readout=3089 f1far=3895 f2near=3594 f2far=3486
SIPM_ARRIVALS event=444 total=1021
SIPM_ADC event=444 readout=3890 f1far=3895 f2near=3895 f2far=3895
SIPM_ARRIVALS event=72 total=1065
SIPM_ADC event=72 readout=3895 f1far=3393 f2near=3895 f2far=3870
SIPM_ARRIVALS event=475 total=1028
SIPM_ADC event=475 readout=3895 f1far=3726 f2near=3683 f2far=3895
SIPM_ARRIVALS event=103 total=988
SIPM_ADC event=103 readout=3532 f1far=3418 f2near=3895 f2far=3609
SIPM_ARRIVALS event=165 total=1033
SIPM_ADC event=165 readout=3895 f1far=3749 f2near=3246 f2far=3612
SIPM_ARRIVALS event=413 total=1032
SIPM_ADC event=413 readout=3583 f1far=3895 f2near=3547 f2far=3824
SIPM_ARRIVALS event=320 total=1002
SIPM_ADC event=320 readout=3457 f1far=3536 f2near=3495 f2far=3879
SIPM_ARRIVALS event=258 total=995
SIPM_ADC event=258 readout=3567 f1far=3895 f2near=3714 f2far=3895
SIPM_ARRIVALS event=196 total=1011
SIPM_ADC event=196 readout=3109 f1far=3895 f2near=3895 f2far=3811
SIPM_ARRIVALS event=41 total=1045
SIPM_ADC event=41 readout=3731 f1far=3895 f2near=3495 f2far=3895
SIPM_ARRIVALS event=10 total=1068
SIPM_ADC event=10 readout=3895 f1far=2931 f2near=3895 f2far=3801
SIPM_ARRIVALS event=227 total=1080
SIPM_ADC event=227 readout=3895 f1far=3814 f2near=3895 f2far=3765
SIPM_ARRIVALS event=351 total=1039
SIPM_ADC event=351 readout=3895 f1far=3608 f2near=3895 f2far=3895
SIPM_ARRIVALS event=382 total=1030
SIPM_ADC event=382 readout=3895 f1far=3895 f2near=3895 f2far=3895
SIPM_ARRIVALS event=135 total=1017
SIPM_ADC event=135 readout=3835 f1far=3195 f2near=3653 f2far=3560
SIPM_ARRIVALS event=445 total=999
SIPM_ADC event=445 readout=3895 f1far=3895 f2near=3159 f2far=3117
SIPM_ARRIVALS event=290 total=960
SIPM_ADC event=290 readout=3895 f1far=3859 f2near=3303 f2far=3747
SIPM_ARRIVALS event=476 total=1037
SIPM_ADC event=476 readout=3895 f1far=3895 f2near=3895 f2far=3525
SIPM_ARRIVALS event=73 total=1067
SIPM_ADC event=73 readout=3895 f1far=3829 f2near=3895 f2far=3664
SIPM_ARRIVALS event=166 total=987
SIPM_ADC event=166 readout=2918 f1far=3365 f2near=3895 f2far=3895
SIPM_ARRIVALS event=104 total=1002
SIPM_ADC event=104 readout=3854 f1far=3895 f2near=3356 f2far=3519
SIPM_ARRIVALS event=414 total=992
SIPM_ADC event=414 readout=2868 f1far=3291 f2near=3417 f2far=3786
SIPM_ARRIVALS event=321 total=1092
SIPM_ADC event=321 readout=3895 f1far=3514 f2near=3411 f2far=3895
SIPM_ARRIVALS event=197 total=1034
SIPM_ADC event=197 readout=3862 f1far=3895 f2near=3002 f2far=3895
SIPM_ARRIVALS event=42 total=1026
SIPM_ADC event=42 readout=2785 f1far=3330 f2near=3895 f2far=3895
SIPM_ARRIVALS event=228 total=1041
SIPM_ADC event=228 readout=3658 f1far=3831 f2near=3895 f2far=3802
SIPM_ARRIVALS event=259 total=1024
SIPM_ADC event=259 readout=3895 f1far=3387 f2near=3473 f2far=3895
SIPM_ARRIVALS event=11 total=1028
SIPM_ADC event=11 readout=3895 f1far=3349 f2near=3895 f2far=3787
SIPM_ARRIVALS event=352 total=1051
SIPM_ADC event=352 readout=3875 f1far=3895 f2near=3035 f2far=3621
SIPM_ARRIVALS event=383 total=1001
SIPM_ADC event=383 readout=3282 f1far=3895 f2near=3895 f2far=3486
SIPM_ARRIVALS event=136 total=963
SIPM_ADC event=136 readout=3895 f1far=3830 f2near=3783 f2far=3895
SIPM_ARRIVALS event=446 total=1049
SIPM_ADC event=446 readout=3850 f1far=2622 f2near=3785 f2far=3895
SIPM_ARRIVALS event=477 total=998
SIPM_ADC event=477 readout=3895 f1far=3355 f2near=3822 f2far=3694
SIPM_ARRIVALS event=291 total=1029
SIPM_ADC event=291 readout=3895 f1far=2962 f2near=3234 f2far=3554
SIPM_ARRIVALS event=167 total=1009
SIPM_ADC event=167 readout=2657 f1far=3659 f2near=3730 f2far=3895
SIPM_ARRIVALS event=74 total=1005
SIPM_ADC event=74 readout=2998 f1far=3819 f2near=3585 f2far=3719
SIPM_ARRIVALS event=415 total=1077
SIPM_ADC event=415 readout=3525 f1far=3895 f2near=3446 f2far=3895
SIPM_ARRIVALS event=198 total=1026
SIPM_ADC event=198 readout=3895 f1far=3895 f2near=2816 f2far=3895
SIPM_ARRIVALS event=105 total=1025
SIPM_ADC event=105 readout=3895 f1far=3383 f2near=3304 f2far=3895
SIPM_ARRIVALS event=322 total=1047
SIPM_ADC event=322 readout=3895 f1far=3240 f2near=3895 f2far=3895
SIPM_ARRIVALS event=353 total=1079
SIPM_ADC event=353 readout=3357 f1far=3895 f2near=3895 f2far=3895
SIPM_ARRIVALS event=229 total=1024
SIPM_ADC event=229 readout=3622 f1far=3725 f2near=3895 f2far=3895
SIPM_ARRIVALS event=260 total=1060
SIPM_ADC event=260 readout=3887 f1far=3825 f2near=3895 f2far=3648
SIPM_ARRIVALS event=43 total=1056
SIPM_ADC event=43 readout=3895 f1far=3802 f2near=3895 f2far=3895
SIPM_ARRIVALS event=12 total=1026
SIPM_ADC event=12 readout=3795 f1far=3887 f2near=3895 f2far=3756
SIPM_ARRIVALS event=384 total=1024
SIPM_ADC event=384 readout=3895 f1far=3523 f2near=3895 f2far=3749
SIPM_ARRIVALS event=137 total=992
SIPM_ADC event=137 readout=3599 f1far=2931 f2near=3895 f2far=3812
SIPM_ARRIVALS event=478 total=1042
SIPM_ADC event=478 readout=3829 f1far=3895 f2near=3895 f2far=3617
SIPM_ARRIVALS event=447 total=1011
SIPM_ADC event=447 readout=3895 f1far=3895 f2near=3895 f2far=3100
SIPM_ARRIVALS event=292 total=1005
SIPM_ADC event=292 readout=3895 f1far=3451 f2near=3398 f2far=3895
SIPM_ARRIVALS event=168 total=1009
SIPM_ADC event=168 readout=3895 f1far=3660 f2near=3279 f2far=3895
SIPM_ARRIVALS event=75 total=1027
SIPM_ADC event=75 readout=3835 f1far=3895 f2near=3895 f2far=3895
SIPM_ARRIVALS event=199 total=1101
SIPM_ADC event=199 readout=3895 f1far=3442 f2near=3895 f2far=3895
SIPM_ARRIVALS event=106 total=990
SIPM_ADC event=106 readout=3824 f1far=3782 f2near=3467 f2far=3430
SIPM_ARRIVALS event=416 total=982
SIPM_ADC event=416 readout=3315 f1far=3753 f2near=3428 f2far=3895
SIPM_ARRIVALS event=323 total=1055
SIPM_ADC event=323 readout=3751 f1far=3895 f2near=3895 f2far=3895
SIPM_ARRIVALS event=354 total=1035
SIPM_ADC event=354 readout=3895 f1far=3517 f2near=3895 f2far=3895
SIPM_ARRIVALS event=230 total=1060
SIPM_ADC event=230 readout=3598 f1far=3895 f2near=3575 f2far=3895
SIPM_ARRIVALS event=261 total=1020
SIPM_ADC event=261 readout=3895 f1far=3895 f2near=3106 f2far=3280
SIPM_ARRIVALS event=44 total=1027
SIPM_ADC event=44 readout=3651 f1far=3544 f2near=3030 f2far=3895
SIPM_ARRIVALS event=385 total=944
SIPM_ADC event=385 readout=3679 f1far=3561 f2near=2551 f2far=3820
SIPM_ARRIVALS event=13 total=1022
SIPM_ADC event=13 readout=3323 f1far=3895 f2near=3695 f2far=3829
SIPM_ARRIVALS event=138 total=1030
SIPM_ADC event=138 readout=3895 f1far=3718 f2near=3375 f2far=3895
SIPM_ARRIVALS event=448 total=1033
SIPM_ADC event=448 readout=3895 f1far=3365 f2near=3444 f2far=3895
SIPM_ARRIVALS event=479 total=963
SIPM_ADC event=479 readout=2885 f1far=3895 f2near=3712 f2far=2890
SIPM_ARRIVALS event=293 total=1038
SIPM_ADC event=293 readout=3672 f1far=3895 f2near=3782 f2far=3895
SIPM_ARRIVALS event=76 total=958
SIPM_ADC event=76 readout=3501 f1far=3895 f2near=3744 f2far=2511
SIPM_ARRIVALS event=169 total=1052
SIPM_ADC event=169 readout=3895 f1far=3895 f2near=3895 f2far=3895
SIPM_ARRIVALS event=417 total=989
SIPM_ADC event=417 readout=3895 f1far=3373 f2near=3286 f2far=3064
SIPM_ARRIVALS event=200 total=1048
SIPM_ADC event=200 readout=3895 f1far=3895 f2near=3895 f2far=3767
SIPM_ARRIVALS event=45 total=852
SIPM_ADC event=45 readout=3392 f1far=3601 f2near=2998 f2far=3114
SIPM_ARRIVALS event=107 total=997
SIPM_ADC event=107 readout=2983 f1far=3895 f2near=3895 f2far=3867
SIPM_ARRIVALS event=324 total=1026
SIPM_ADC event=324 readout=2907 f1far=3871 f2near=3363 f2far=3895
SIPM_ARRIVALS event=355 total=1016
SIPM_ADC event=355 readout=3330 f1far=3895 f2near=3060 f2far=2803
SIPM_ARRIVALS event=262 total=1009
SIPM_ADC event=262 readout=3073 f1far=3895 f2near=3134 f2far=3895
SIPM_ARRIVALS event=231 total=973
SIPM_ADC event=231 readout=3189 f1far=3665 f2near=3895 f2far=3895
SIPM_ARRIVALS event=386 total=984
SIPM_ADC event=386 readout=3715 f1far=3663 f2near=3833 f2far=3893
SIPM_ARRIVALS event=14 total=1021
SIPM_ADC event=14 readout=3895 f1far=3850 f2near=3895 f2far=3394
SIPM_ARRIVALS event=139 total=1036
SIPM_ADC event=139 readout=3531 f1far=3802 f2near=3593 f2far=3570
SIPM_ARRIVALS event=449 total=1039
SIPM_ADC event=449 readout=3543 f1far=3643 f2near=3895 f2far=3895
SIPM_ARRIVALS event=294 total=1065
SIPM_ADC event=294 readout=3895 f1far=3895 f2near=3895 f2far=3895
SIPM_ARRIVALS event=480 total=998
SIPM_ADC event=480 readout=3274 f1far=3766 f2near=3895 f2far=3699
SIPM_ARRIVALS event=201 total=1034
SIPM_ADC event=201 readout=3595 f1far=3895 f2near=3298 f2far=3650
SIPM_ARRIVALS event=46 total=996
SIPM_ADC event=46 readout=3895 f1far=3441 f2near=3878 f2far=3224
SIPM_ARRIVALS event=77 total=1073
SIPM_ADC event=77 readout=3895 f1far=3895 f2near=2799 f2far=3895
SIPM_ARRIVALS event=170 total=1080
SIPM_ADC event=170 readout=3771 f1far=3895 f2near=3633 f2far=3885
SIPM_ARRIVALS event=418 total=992
SIPM_ADC event=418 readout=3895 f1far=3895 f2near=3649 f2far=3664
SIPM_ARRIVALS event=263 total=981
SIPM_ADC event=263 readout=3895 f1far=3321 f2near=3425 f2far=3895
SIPM_ARRIVALS event=108 total=1097
SIPM_ADC event=108 readout=3895 f1far=3895 f2near=3895 f2far=3895
SIPM_ARRIVALS event=356 total=1050
SIPM_ADC event=356 readout=3508 f1far=3445 f2near=3601 f2far=3895
SIPM_ARRIVALS event=325 total=1015
SIPM_ADC event=325 readout=3895 f1far=3657 f2near=3895 f2far=2938
SIPM_ARRIVALS event=232 total=1068
SIPM_ADC event=232 readout=3895 f1far=3459 f2near=3895 f2far=3315
SIPM_ARRIVALS event=15 total=1017
SIPM_ADC event=15 readout=3775 f1far=2528 f2near=3895 f2far=3280
SIPM_ARRIVALS event=387 total=969
SIPM_ADC event=387 readout=3230 f1far=3892 f2near=3895 f2far=3725
SIPM_ARRIVALS event=140 total=1045
SIPM_ADC event=140 readout=3895 f1far=3895 f2near=3230 f2far=3895
SIPM_ARRIVALS event=450 total=957
SIPM_ADC event=450 readout=3151 f1far=2947 f2near=3895 f2far=3875
SIPM_ARRIVALS event=481 total=1014
SIPM_ADC event=481 readout=3739 f1far=3301 f2near=3861 f2far=3895
SIPM_ARRIVALS event=295 total=1076
SIPM_ADC event=295 readout=3895 f1far=3895 f2near=3719 f2far=3895
SIPM_ARRIVALS event=202 total=985
SIPM_ADC event=202 readout=3895 f1far=2866 f2near=3418 f2far=3895
SIPM_ARRIVALS event=47 total=1042
SIPM_ADC event=47 readout=3070 f1far=3895 f2near=3600 f2far=3895
SIPM_ARRIVALS event=171 total=1030
SIPM_ADC event=171 readout=3795 f1far=3615 f2near=3895 f2far=2696
SIPM_ARRIVALS event=78 total=1077
SIPM_ADC event=78 readout=3757 f1far=3895 f2near=3895 f2far=3558
SIPM_ARRIVALS event=419 total=1020
SIPM_ADC event=419 readout=3727 f1far=3749 f2near=3895 f2far=3895
SIPM_ARRIVALS event=264 total=972
SIPM_ADC event=264 readout=3426 f1far=3895 f2near=3426 f2far=3187
SIPM_ARRIVALS event=357 total=976
SIPM_ADC event=357 readout=3562 f1far=3723 f2near=3505 f2far=3636
SIPM_ARRIVALS event=109 total=1058
SIPM_ADC event=109 readout=3600 f1far=3895 f2near=3895 f2far=3783
SIPM_ARRIVALS event=326 total=1060
SIPM_ADC event=326 readout=3145 f1far=3691 f2near=3653 f2far=3895
SIPM_ARRIVALS event=233 total=1020
SIPM_ADC event=233 readout=3167 f1far=3482 f2near=3187 f2far=3895
SIPM_ARRIVALS event=388 total=967
SIPM_ADC event=388 readout=3394 f1far=3895 f2near=3895 f2far=3767
SIPM_ARRIVALS event=16 total=967
SIPM_ADC event=16 readout=2963 f1far=3515 f2near=3516 f2far=3684
SIPM_ARRIVALS event=141 total=1038
SIPM_ADC event=141 readout=2722 f1far=3895 f2near=3895 f2far=3895
SIPM_ARRIVALS event=389 total=536
SIPM_ADC event=389 readout=2168 f1far=1856 f2near=2709 f2far=1701
SIPM_ARRIVALS event=482 total=991
SIPM_ADC event=482 readout=3604 f1far=3570 f2near=3770 f2far=3461
SIPM_ARRIVALS event=451 total=976
SIPM_ADC event=451 readout=3895 f1far=3263 f2near=3895 f2far=3895
SIPM_ARRIVALS event=203 total=1036
SIPM_ADC event=203 readout=3427 f1far=3895 f2near=3774 f2far=3692
SIPM_ARRIVALS event=296 total=1013
SIPM_ADC event=296 readout=3895 f1far=3895 f2near=3291 f2far=3895
SIPM_ARRIVALS event=48 total=996
SIPM_ADC event=48 readout=3895 f1far=3895 f2near=3895 f2far=3836
SIPM_ARRIVALS event=79 total=1042
SIPM_ADC event=79 readout=3451 f1far=3700 f2near=3354 f2far=3699
SIPM_ARRIVALS event=420 total=963
SIPM_ADC event=420 readout=3163 f1far=3066 f2near=3895 f2far=3895
SIPM_ARRIVALS event=172 total=1003
SIPM_ADC event=172 readout=3303 f1far=3700 f2near=3895 f2far=3211
SIPM_ARRIVALS event=358 total=982
SIPM_ADC event=358 readout=3895 f1far=3895 f2near=3443 f2far=3895
SIPM_ARRIVALS event=265 total=1029
SIPM_ADC event=265 readout=3895 f1far=3674 f2near=3895 f2far=3895
SIPM_ARRIVALS event=110 total=1051
SIPM_ADC event=110 readout=3683 f1far=3895 f2near=3895 f2far=3895
SIPM_ARRIVALS event=327 total=1026
SIPM_ADC event=327 readout=3895 f1far=3895 f2near=3845 f2far=3895
SIPM_ARRIVALS event=17 total=993
SIPM_ADC event=17 readout=3895 f1far=3895 f2near=3591 f2far=3621
SIPM_ARRIVALS event=234 total=1030
SIPM_ADC event=234 readout=3638 f1far=3895 f2near=3895 f2far=3895
SIPM_ARRIVALS event=142 total=1040
SIPM_ADC event=142 readout=3895 f1far=3713 f2near=3895 f2far=3895
SIPM_ARRIVALS event=483 total=1072
SIPM_ADC event=483 readout=3721 f1far=3810 f2near=3895 f2far=3733
SIPM_ARRIVALS event=390 total=1101
SIPM_ADC event=390 readout=3895 f1far=3225 f2near=3895 f2far=3895
SIPM_ARRIVALS event=452 total=1053
SIPM_ADC event=452 readout=3426 f1far=3626 f2near=3088 f2far=3895
SIPM_ARRIVALS event=204 total=1054
SIPM_ADC event=204 readout=3895 f1far=3431 f2near=3895 f2far=3895
SIPM_ARRIVALS event=297 total=1017
SIPM_ADC event=297 readout=3895 f1far=3663 f2near=3299 f2far=3735
SIPM_ARRIVALS event=80 total=959
SIPM_ADC event=80 readout=3372 f1far=3493 f2near=3895 f2far=3795
SIPM_ARRIVALS event=49 total=1053
SIPM_ADC event=49 readout=3044 f1far=3288 f2near=3591 f2far=3895
SIPM_ARRIVALS event=173 total=996
SIPM_ADC event=173 readout=3736 f1far=3895 f2near=2719 f2far=3895
SIPM_ARRIVALS event=421 total=1068
SIPM_ADC event=421 readout=3895 f1far=3614 f2near=3809 f2far=3605
SIPM_ARRIVALS event=359 total=1009
SIPM_ADC event=359 readout=3895 f1far=2886 f2near=3895 f2far=3895
SIPM_ARRIVALS event=111 total=1049
SIPM_ADC event=111 readout=3895 f1far=3895 f2near=3895 f2far=3325
SIPM_ARRIVALS event=328 total=1070
SIPM_ADC event=328 readout=3895 f1far=3895 f2near=3148 f2far=3895
SIPM_ARRIVALS event=266 total=1040
SIPM_ADC event=266 readout=3875 f1far=3473 f2near=3150 f2far=3895
SIPM_ARRIVALS event=18 total=998
SIPM_ADC event=18 readout=3895 f1far=3895 f2near=3895 f2far=3422
SIPM_ARRIVALS event=235 total=1059
SIPM_ADC event=235 readout=3895 f1far=3895 f2near=3895 f2far=3539
SIPM_ARRIVALS event=143 total=1066
SIPM_ADC event=143 readout=3742 f1far=3895 f2near=3857 f2far=3638
SIPM_ARRIVALS event=484 total=1007
SIPM_ADC event=484 readout=3773 f1far=3895 f2near=3895 f2far=3889
SIPM_ARRIVALS event=391 total=990
SIPM_ADC event=391 readout=3895 f1far=3597 f2near=3369 f2far=3438
SIPM_ARRIVALS event=453 total=1029
SIPM_ADC event=453 readout=3184 f1far=3772 f2near=3086 f2far=3455
SIPM_ARRIVALS event=205 total=958
SIPM_ADC event=205 readout=3378 f1far=3895 f2near=3347 f2far=3895
SIPM_ARRIVALS event=298 total=1055
SIPM_ADC event=298 readout=3895 f1far=3844 f2near=3340 f2far=3258
SIPM_ARRIVALS event=50 total=981
SIPM_ADC event=50 readout=3838 f1far=3895 f2near=3895 f2far=3895
SIPM_ARRIVALS event=81 total=1027
SIPM_ADC event=81 readout=3895 f1far=3594 f2near=3390 f2far=3700
SIPM_ARRIVALS event=174 total=1072
SIPM_ADC event=174 readout=3895 f1far=3895 f2near=3895 f2far=3886
SIPM_ARRIVALS event=422 total=1021
SIPM_ADC event=422 readout=3142 f1far=3895 f2near=3895 f2far=3729
SIPM_ARRIVALS event=112 total=1054
SIPM_ADC event=112 readout=3082 f1far=3340 f2near=3895 f2far=3895
SIPM_ARRIVALS event=360 total=1007
SIPM_ADC event=360 readout=2974 f1far=3051 f2near=3421 f2far=3895
SIPM_ARRIVALS event=19 total=1069
SIPM_ADC event=19 readout=3746 f1far=2956 f2near=3895 f2far=3433
SIPM_ARRIVALS event=267 total=1033
SIPM_ADC event=267 readout=3895 f1far=3895 f2near=3895 f2far=3278
SIPM_ARRIVALS event=329 total=1035
SIPM_ADC event=329 readout=2965 f1far=3564 f2near=3833 f2far=3208
SIPM_ARRIVALS event=236 total=1007
SIPM_ADC event=236 readout=3771 f1far=3895 f2near=3002 f2far=3315
SIPM_ARRIVALS event=144 total=1015
SIPM_ADC event=144 readout=3695 f1far=3729 f2near=3895 f2far=3139
SIPM_ARRIVALS event=268 total=409
SIPM_ADC event=268 readout=1371 f1far=1398 f2near=2132 f2far=1875
SIPM_ARRIVALS event=485 total=997
SIPM_ADC event=485 readout=3699 f1far=3810 f2near=3803 f2far=3680
SIPM_ARRIVALS event=392 total=1021
SIPM_ADC event=392 readout=3354 f1far=3166 f2near=3392 f2far=3895
SIPM_ARRIVALS event=454 total=1049
SIPM_ADC event=454 readout=3628 f1far=3895 f2near=3895 f2far=3895
SIPM_ARRIVALS event=299 total=1004
SIPM_ADC event=299 readout=3390 f1far=3750 f2near=3374 f2far=3566
SIPM_ARRIVALS event=206 total=1000
SIPM_ADC event=206 readout=3832 f1far=2758 f2near=3895 f2far=3304
SIPM_ARRIVALS event=51 total=1027
SIPM_ADC event=51 readout=3895 f1far=3895 f2near=3895 f2far=3895
SIPM_ARRIVALS event=82 total=1034
SIPM_ADC event=82 readout=3654 f1far=2722 f2near=3811 f2far=3895
SIPM_ARRIVALS event=175 total=1015
SIPM_ADC event=175 readout=3895 f1far=3895 f2near=3895 f2far=3735
SIPM_ARRIVALS event=423 total=1015
SIPM_ADC event=423 readout=3895 f1far=3535 f2near=3895 f2far=3104
SIPM_ARRIVALS event=113 total=1029
SIPM_ADC event=113 readout=3796 f1far=3895 f2near=3895 f2far=3895
SIPM_ARRIVALS event=330 total=1028
SIPM_ADC event=330 readout=3201 f1far=3729 f2near=3895 f2far=3840
SIPM_ARRIVALS event=20 total=967
SIPM_ADC event=20 readout=3169 f1far=3094 f2near=3314 f2far=3895
SIPM_ARRIVALS event=361 total=1050
SIPM_ADC event=361 readout=3664 f1far=3895 f2near=3895 f2far=3895
SIPM_ARRIVALS event=237 total=1038
SIPM_ADC event=237 readout=3777 f1far=3617 f2near=3855 f2far=3887
SIPM_ARRIVALS event=145 total=1059
SIPM_ADC event=145 readout=3671 f1far=3154 f2near=3895 f2far=3163
SIPM_ARRIVALS event=269 total=1024
SIPM_ADC event=269 readout=3718 f1far=3597 f2near=3414 f2far=3669
SIPM_ARRIVALS event=486 total=989
SIPM_ADC event=486 readout=3895 f1far=2778 f2near=3895 f2far=3222
SIPM_ARRIVALS event=393 total=1018
SIPM_ADC event=393 readout=3895 f1far=3728 f2near=3054 f2far=3263
SIPM_ARRIVALS event=455 total=1034
SIPM_ADC event=455 readout=3499 f1far=3264 f2near=3895 f2far=3895
SIPM_ARRIVALS event=207 total=983
SIPM_ADC event=207 readout=3895 f1far=3607 f2near=3709 f2far=3153
SIPM_ARRIVALS event=52 total=1047
SIPM_ADC event=52 readout=3729 f1far=3895 f2near=3334 f2far=3612
SIPM_ARRIVALS event=300 total=1036
SIPM_ADC event=300 readout=3254 f1far=3667 f2near=2785 f2far=3895
SIPM_ARRIVALS event=83 total=1014
SIPM_ADC event=83 readout=3895 f1far=3805 f2near=3895 f2far=3895
SIPM_ARRIVALS event=176 total=1013
SIPM_ADC event=176 readout=3895 f1far=3321 f2near=3513 f2far=3895
SIPM_ARRIVALS event=114 total=992
SIPM_ADC event=114 readout=3139 f1far=3535 f2near=3607 f2far=3721
SIPM_ARRIVALS event=424 total=1040
SIPM_ADC event=424 readout=3895 f1far=3860 f2near=3530 f2far=2640
SIPM_ARRIVALS event=331 total=1040
SIPM_ADC event=331 readout=3895 f1far=2856 f2near=3895 f2far=3895
SIPM_ARRIVALS event=21 total=980
SIPM_ADC event=21 readout=3895 f1far=3660 f2near=3895 f2far=3011
SIPM_ARRIVALS event=362 total=960
SIPM_ADC event=362 readout=3292 f1far=3703 f2near=3555 f2far=3407
SIPM_ARRIVALS event=238 total=1037
SIPM_ADC event=238 readout=3895 f1far=3895 f2near=3895 f2far=3895
SIPM_ARRIVALS event=146 total=1016
SIPM_ADC event=146 readout=3435 f1far=3769 f2near=3895 f2far=3856
SIPM_ARRIVALS event=487 total=1055
SIPM_ADC event=487 readout=3895 f1far=3763 f2near=3800 f2far=3115
SIPM_ARRIVALS event=270 total=975
SIPM_ADC event=270 readout=3668 f1far=3767 f2near=3782 f2far=3895
SIPM_ARRIVALS event=394 total=1054
SIPM_ADC event=394 readout=3682 f1far=3895 f2near=3632 f2far=3895
SIPM_ARRIVALS event=53 total=1055
SIPM_ADC event=53 readout=3458 f1far=3895 f2near=3352 f2far=3895
SIPM_ARRIVALS event=208 total=1060
SIPM_ADC event=208 readout=3362 f1far=3764 f2near=3086 f2far=3722
SIPM_ARRIVALS event=456 total=1032
SIPM_ADC event=456 readout=3895 f1far=2847 f2near=3441 f2far=3048
SIPM_ARRIVALS event=301 total=1061
SIPM_ADC event=301 readout=3895 f1far=3895 f2near=3895 f2far=3616
SIPM_ARRIVALS event=84 total=1064
SIPM_ADC event=84 readout=3895 f1far=3758 f2near=3649 f2far=3845
SIPM_ARRIVALS event=177 total=1015
SIPM_ADC event=177 readout=3895 f1far=3822 f2near=3633 f2far=3525
SIPM_ARRIVALS event=425 total=999
SIPM_ADC event=425 readout=3247 f1far=2938 f2near=3430 f2far=3895
SIPM_ARRIVALS event=332 total=967
SIPM_ADC event=332 readout=3435 f1far=3862 f2near=3608 f2far=3771
SIPM_ARRIVALS event=115 total=987
SIPM_ADC event=115 readout=3426 f1far=3420 f2near=3895 f2far=3895
SIPM_ARRIVALS event=22 total=1025
SIPM_ADC event=22 readout=3895 f1far=3895 f2near=3895 f2far=3895
SIPM_ARRIVALS event=363 total=975
SIPM_ADC event=363 readout=3790 f1far=3791 f2near=3366 f2far=3392
SIPM_ARRIVALS event=239 total=1026
SIPM_ADC event=239 readout=3895 f1far=3528 f2near=3268 f2far=3489
SIPM_ARRIVALS event=147 total=958
SIPM_ADC event=147 readout=3825 f1far=3482 f2near=3629 f2far=2916
SIPM_ARRIVALS event=271 total=1005
SIPM_ADC event=271 readout=3695 f1far=3895 f2near=3737 f2far=3780
SIPM_ARRIVALS event=488 total=1063
SIPM_ADC event=488 readout=3411 f1far=3895 f2near=3554 f2far=3702
SIPM_ARRIVALS event=395 total=992
SIPM_ADC event=395 readout=3725 f1far=3683 f2near=3033 f2far=3895
SIPM_ARRIVALS event=54 total=996
SIPM_ADC event=54 readout=3895 f1far=2929 f2near=3895 f2far=3321
SIPM_ARRIVALS event=209 total=1012
SIPM_ADC event=209 readout=3895 f1far=3534 f2near=3895 f2far=3895
SIPM_ARRIVALS event=457 total=1031
SIPM_ADC event=457 readout=3895 f1far=3895 f2near=3895 f2far=3771
SIPM_ARRIVALS event=302 total=1086
SIPM_ADC event=302 readout=3895 f1far=3836 f2near=3855 f2far=3500
SIPM_ARRIVALS event=178 total=989
SIPM_ADC event=178 readout=3276 f1far=3895 f2near=3763 f2far=3609
SIPM_ARRIVALS event=85 total=1005
SIPM_ADC event=85 readout=3895 f1far=2648 f2near=3895 f2far=3895
SIPM_ARRIVALS event=116 total=1066
SIPM_ADC event=116 readout=3378 f1far=3437 f2near=3786 f2far=3895
SIPM_ARRIVALS event=426 total=1087
SIPM_ADC event=426 readout=3895 f1far=3895 f2near=3808 f2far=3895
SIPM_ARRIVALS event=333 total=1052
SIPM_ADC event=333 readout=3686 f1far=3895 f2near=3895 f2far=3797
SIPM_ARRIVALS event=364 total=990
SIPM_ADC event=364 readout=3442 f1far=3895 f2near=3571 f2far=3340
SIPM_ARRIVALS event=23 total=1034
SIPM_ADC event=23 readout=3895 f1far=3895 f2near=3538 f2far=3895
SIPM_ARRIVALS event=240 total=1042
SIPM_ADC event=240 readout=3791 f1far=3578 f2near=3895 f2far=3895
SIPM_ARRIVALS event=148 total=1021
SIPM_ADC event=148 readout=3387 f1far=3763 f2near=3895 f2far=3895
SIPM_ARRIVALS event=489 total=1004
SIPM_ADC event=489 readout=3895 f1far=3895 f2near=3895 f2far=3895
SIPM_ARRIVALS event=272 total=1025
SIPM_ADC event=272 readout=3895 f1far=3754 f2near=3895 f2far=3895
SIPM_ARRIVALS event=396 total=1024
SIPM_ADC event=396 readout=2944 f1far=3895 f2near=3667 f2far=3895
SIPM_ARRIVALS event=303 total=1024
SIPM_ADC event=303 readout=3895 f1far=3895 f2near=3895 f2far=3217
SIPM_ARRIVALS event=210 total=1080
SIPM_ADC event=210 readout=3415 f1far=3895 f2near=3895 f2far=3895
SIPM_ARRIVALS event=55 total=1026
SIPM_ADC event=55 readout=3498 f1far=3760 f2near=3063 f2far=3895
SIPM_ARRIVALS event=458 total=997
SIPM_ADC event=458 readout=3895 f1far=3895 f2near=3895 f2far=3407
SIPM_ARRIVALS event=86 total=992
SIPM_ADC event=86 readout=3895 f1far=3645 f2near=3640 f2far=3140
SIPM_ARRIVALS event=179 total=1029
SIPM_ADC event=179 readout=3891 f1far=3704 f2near=3507 f2far=3460
SIPM_ARRIVALS event=117 total=1060
SIPM_ADC event=117 readout=3295 f1far=3461 f2near=3895 f2far=3895
SIPM_ARRIVALS event=334 total=996
SIPM_ADC event=334 readout=3895 f1far=3758 f2near=3209 f2far=2931
SIPM_ARRIVALS event=365 total=1084
SIPM_ADC event=365 readout=3500 f1far=3895 f2near=3895 f2far=3895
SIPM_ARRIVALS event=427 total=1009
SIPM_ADC event=427 readout=3746 f1far=3153 f2near=3082 f2far=3789
SIPM_ARRIVALS event=24 total=1001
SIPM_ADC event=24 readout=3895 f1far=3719 f2near=3895 f2far=3562
SIPM_ARRIVALS event=241 total=1005
SIPM_ADC event=241 readout=3895 f1far=3895 f2near=3895 f2far=2973
SIPM_ARRIVALS event=149 total=1001
SIPM_ADC event=149 readout=3895 f1far=3316 f2near=3584 f2far=3358
SIPM_ARRIVALS event=490 total=1031
SIPM_ADC event=490 readout=3636 f1far=3895 f2near=3895 f2far=3895
SIPM_ARRIVALS event=273 total=1050
SIPM_ADC event=273 readout=3895 f1far=3422 f2near=3741 f2far=3269
SIPM_ARRIVALS event=397 total=1016
SIPM_ADC event=397 readout=2974 f1far=3410 f2near=3147 f2far=3240
SIPM_ARRIVALS event=459 total=1004
SIPM_ADC event=459 readout=3895 f1far=3100 f2near=3895 f2far=3708
SIPM_ARRIVALS event=304 total=1004
SIPM_ADC event=304 readout=3895 f1far=3185 f2near=3881 f2far=3815
SIPM_ARRIVALS event=56 total=1033
SIPM_ADC event=56 readout=3608 f1far=3367 f2near=3395 f2far=3895
SIPM_ARRIVALS event=180 total=1027
SIPM_ADC event=180 readout=2807 f1far=3895 f2near=3895 f2far=3646
SIPM_ARRIVALS event=211 total=1064
SIPM_ADC event=211 readout=3895 f1far=3895 f2near=3516 f2far=3895
SIPM_ARRIVALS event=87 total=998
SIPM_ADC event=87 readout=3755 f1far=2717 f2near=3895 f2far=3192
SIPM_ARRIVALS event=428 total=1032
SIPM_ADC event=428 readout=3693 f1far=3664 f2near=3151 f2far=3895
SIPM_ARRIVALS event=335 total=926
SIPM_ADC event=335 readout=3300 f1far=3188 f2near=3771 f2far=3205
SIPM_ARRIVALS event=118 total=1026
SIPM_ADC event=118 readout=3895 f1far=3895 f2near=3895 f2far=3124
SIPM_ARRIVALS event=25 total=1052
SIPM_ADC event=25 readout=2882 f1far=3895 f2near=3281 f2far=3895
SIPM_ARRIVALS event=366 total=1115
SIPM_ADC event=366 readout=3895 f1far=3895 f2near=3145 f2far=3838
SIPM_ARRIVALS event=242 total=1076
SIPM_ADC event=242 readout=3865 f1far=3895 f2near=3429 f2far=3789
SIPM_ARRIVALS event=150 total=1087
SIPM_ADC event=150 readout=3895 f1far=3514 f2near=3895 f2far=3683
SIPM_ARRIVALS event=491 total=1025
SIPM_ADC event=491 readout=3517 f1far=2943 f2near=3131 f2far=3713
SIPM_ARRIVALS event=274 total=1039
SIPM_ADC event=274 readout=3895 f1far=3683 f2near=3895 f2far=3703
SIPM_ARRIVALS event=398 total=1034
SIPM_ADC event=398 readout=3895 f1far=3735 f2near=3895 f2far=3776
SIPM_ARRIVALS event=460 total=1039
SIPM_ADC event=460 readout=3532 f1far=3312 f2near=3895 f2far=3072
SIPM_ARRIVALS event=305 total=1020
SIPM_ADC event=305 readout=3831 f1far=3895 f2near=3266 f2far=3895
SIPM_ARRIVALS event=181 total=1028
SIPM_ADC event=181 readout=3539 f1far=3895 f2near=3895 f2far=3895
SIPM_ARRIVALS event=57 total=989
SIPM_ADC event=57 readout=3895 f1far=3026 f2near=3621 f2far=3895
SIPM_ARRIVALS event=212 total=980
SIPM_ADC event=212 readout=3587 f1far=3895 f2near=2738 f2far=3620
SIPM_ARRIVALS event=88 total=1087
SIPM_ADC event=88 readout=3224 f1far=3722 f2near=3895 f2far=3895
SIPM_ARRIVALS event=429 total=1070
SIPM_ADC event=429 readout=3895 f1far=3673 f2near=3895 f2far=3633
SIPM_ARRIVALS event=336 total=1070
SIPM_ADC event=336 readout=3624 f1far=3895 f2near=3895 f2far=3683
SIPM_ARRIVALS event=119 total=1020
SIPM_ADC event=119 readout=3534 f1far=3895 f2near=3895 f2far=3895
SIPM_ARRIVALS event=26 total=996
SIPM_ADC event=26 readout=3490 f1far=2928 f2near=3037 f2far=3895
SIPM_ARRIVALS event=367 total=1019
SIPM_ADC event=367 readout=3775 f1far=3509 f2near=3364 f2far=3623
SIPM_ARRIVALS event=243 total=1004
SIPM_ADC event=243 readout=3895 f1far=3134 f2near=3509 f2far=2820
SIPM_ARRIVALS event=151 total=1040
SIPM_ADC event=151 readout=3840 f1far=3784 f2near=3845 f2far=3895
SIPM_ARRIVALS event=492 total=1017
SIPM_ADC event=492 readout=3769 f1far=3553 f2near=3664 f2far=3449
SIPM_ARRIVALS event=275 total=1056
SIPM_ADC event=275 readout=3895 f1far=3895 f2near=3895 f2far=3895
SIPM_ARRIVALS event=399 total=977
SIPM_ADC event=399 readout=3319 f1far=3895 f2near=3558 f2far=3341
SIPM_ARRIVALS event=306 total=953
SIPM_ADC event=306 readout=3094 f1far=3577 f2near=3441 f2far=2817
SIPM_ARRIVALS event=182 total=1036
SIPM_ADC event=182 readout=3348 f1far=3895 f2near=3754 f2far=3809
SIPM_ARRIVALS event=461 total=1031
SIPM_ADC event=461 readout=3677 f1far=3608 f2near=3895 f2far=3895
SIPM_ARRIVALS event=58 total=1008
SIPM_ADC event=58 readout=3895 f1far=3167 f2near=3187 f2far=3522
SIPM_ARRIVALS event=213 total=1074
SIPM_ADC event=213 readout=3804 f1far=3797 f2near=3701 f2far=3895
SIPM_ARRIVALS event=89 total=1070
SIPM_ADC event=89 readout=3290 f1far=3551 f2near=3427 f2far=3895
SIPM_ARRIVALS event=430 total=1015
SIPM_ADC event=430 readout=3895 f1far=3895 f2near=3342 f2far=3482
SIPM_ARRIVALS event=337 total=1066
SIPM_ADC event=337 readout=3895 f1far=3761 f2near=3590 f2far=3895
SIPM_ARRIVALS event=27 total=1050
SIPM_ADC event=27 readout=3895 f1far=3895 f2near=3226 f2far=3741
SIPM_ARRIVALS event=120 total=1029
SIPM_ADC event=120 readout=3672 f1far=3636 f2near=3895 f2far=3777
SIPM_ARRIVALS event=368 total=1054
SIPM_ADC event=368 readout=3816 f1far=3895 f2near=3895 f2far=3895
SIPM_ARRIVALS event=244 total=1014
SIPM_ADC event=244 readout=3895 f1far=2967 f2near=3895 f2far=3881
SIPM_ARRIVALS event=152 total=1005
SIPM_ADC event=152 readout=3895 f1far=3801 f2near=3857 f2far=3895
SIPM_ARRIVALS event=493 total=1009
SIPM_ADC event=493 readout=3895 f1far=3895 f2near=3121 f2far=3784
SIPM_ARRIVALS event=276 total=1092
SIPM_ADC event=276 readout=3895 f1far=3830 f2near=3895 f2far=3640
SIPM_ARRIVALS event=400 total=982
SIPM_ADC event=400 readout=3406 f1far=3762 f2near=3895 f2far=3121
SIPM_ARRIVALS event=307 total=1055
SIPM_ADC event=307 readout=3613 f1far=3895 f2near=3895 f2far=3895
SIPM_ARRIVALS event=183 total=1065
SIPM_ADC event=183 readout=3839 f1far=3895 f2near=3895 f2far=3895
SIPM_ARRIVALS event=59 total=984
SIPM_ADC event=59 readout=3895 f1far=3450 f2near=3895 f2far=3868
SIPM_ARRIVALS event=462 total=1075
SIPM_ADC event=462 readout=3895 f1far=3438 f2near=3895 f2far=3895
SIPM_ARRIVALS event=214 total=1059
SIPM_ADC event=214 readout=3079 f1far=3895 f2near=3895 f2far=3616
SIPM_ARRIVALS event=90 total=985
SIPM_ADC event=90 readout=3895 f1far=3895 f2near=3677 f2far=3621
SIPM_ARRIVALS event=338 total=1023
SIPM_ADC event=338 readout=3825 f1far=3895 f2near=3785 f2far=3534
SIPM_ARRIVALS event=431 total=975
SIPM_ADC event=431 readout=3836 f1far=3716 f2near=3176 f2far=3895
SIPM_ARRIVALS event=28 total=1002
SIPM_ADC event=28 readout=3895 f1far=3417 f2near=3788 f2far=3442
SIPM_ARRIVALS event=121 total=1057
SIPM_ADC event=121 readout=3772 f1far=2725 f2near=3872 f2far=3458
SIPM_ARRIVALS event=369 total=1099
SIPM_ADC event=369 readout=3424 f1far=3734 f2near=3895 f2far=3895
SIPM_ARRIVALS event=245 total=993
SIPM_ADC event=245 readout=3555 f1far=3732 f2near=3895 f2far=3895
SIPM_ARRIVALS event=153 total=1021
SIPM_ADC event=153 readout=3895 f1far=3134 f2near=3731 f2far=3895
SIPM_ARRIVALS event=494 total=1054
SIPM_ADC event=494 readout=3895 f1far=3895 f2near=3895 f2far=3895
SIPM_ARRIVALS event=277 total=1063
SIPM_ADC event=277 readout=3484 f1far=3430 f2near=3895 f2far=3895
SIPM_ARRIVALS event=401 total=1046
SIPM_ADC event=401 readout=3895 f1far=3895 f2near=3895 f2far=3662
SIPM_ARRIVALS event=308 total=1009
SIPM_ADC event=308 readout=3895 f1far=3226 f2near=3895 f2far=3883
SIPM_ARRIVALS event=60 total=1016
SIPM_ADC event=60 readout=3635 f1far=3895 f2near=3895 f2far=3895
SIPM_ARRIVALS event=184 total=1081
SIPM_ADC event=184 readout=3895 f1far=3516 f2near=3646 f2far=3895
SIPM_ARRIVALS event=463 total=1051
SIPM_ADC event=463 readout=3895 f1far=3809 f2near=3895 f2far=3375
SIPM_ARRIVALS event=215 total=1007
SIPM_ADC event=215 readout=3593 f1far=3895 f2near=3568 f2far=3895
SIPM_ARRIVALS event=91 total=1039
SIPM_ADC event=91 readout=3682 f1far=3484 f2near=3895 f2far=3539
SIPM_ARRIVALS event=339 total=1004
SIPM_ADC event=339 readout=3826 f1far=3895 f2near=3769 f2far=3895
SIPM_ARRIVALS event=432 total=991
SIPM_ADC event=432 readout=3459 f1far=3037 f2near=3895 f2far=3895
SIPM_ARRIVALS event=122 total=1086
SIPM_ADC event=122 readout=3895 f1far=3895 f2near=3838 f2far=3694
SIPM_ARRIVALS event=29 total=1070
SIPM_ADC event=29 readout=3626 f1far=3565 f2near=3895 f2far=3369
SIPM_ARRIVALS event=370 total=1029
SIPM_ADC event=370 readout=3696 f1far=3895 f2near=3895 f2far=3895
SIPM_ARRIVALS event=246 total=1036
SIPM_ADC event=246 readout=3895 f1far=3895 f2near=3895 f2far=3585
SIPM_ARRIVALS event=154 total=1042
SIPM_ADC event=154 readout=3895 f1far=3270 f2near=3349 f2far=3857
SIPM_ARRIVALS event=495 total=1033
SIPM_ADC event=495 readout=3200 f1far=3895 f2near=3895 f2far=3895
SIPM_ARRIVALS event=278 total=1006
SIPM_ADC event=278 readout=3895 f1far=3297 f2near=3652 f2far=3895
SIPM_ARRIVALS event=402 total=1027
SIPM_ADC event=402 readout=3895 f1far=3895 f2near=3019 f2far=3895
SIPM_ARRIVALS event=309 total=1059
SIPM_ADC event=309 readout=3895 f1far=3895 f2near=3252 f2far=3895
SIPM_ARRIVALS event=61 total=1034
SIPM_ADC event=61 readout=3320 f1far=3468 f2near=3895 f2far=3524
SIPM_ARRIVALS event=185 total=1065
SIPM_ADC event=185 readout=3895 f1far=3895 f2near=3895 f2far=3895
SIPM_ARRIVALS event=464 total=1014
SIPM_ADC event=464 readout=3673 f1far=3798 f2near=3895 f2far=3895
SIPM_ARRIVALS event=216 total=1039
SIPM_ADC event=216 readout=3895 f1far=3895 f2near=3515 f2far=3308
SIPM_ARRIVALS event=92 total=1021
SIPM_ADC event=92 readout=3449 f1far=3280 f2near=3694 f2far=3732
SIPM_ARRIVALS event=340 total=1000
SIPM_ADC event=340 readout=3568 f1far=3748 f2near=3895 f2far=3110
SIPM_ARRIVALS event=433 total=1004
SIPM_ADC event=433 readout=3895 f1far=3177 f2near=2870 f2far=3356
SIPM_ARRIVALS event=30 total=1042
SIPM_ADC event=30 readout=3637 f1far=3585 f2near=3857 f2far=3825
SIPM_ARRIVALS event=371 total=953
SIPM_ADC event=371 readout=3194 f1far=3319 f2near=3895 f2far=3623
SIPM_ARRIVALS event=123 total=1069
SIPM_ADC event=123 readout=3877 f1far=3895 f2near=3661 f2far=3769
SIPM_ARRIVALS event=247 total=1047
SIPM_ADC event=247 readout=3895 f1far=3895 f2near=2662 f2far=3594
SIPM_ARRIVALS event=496 total=1034
SIPM_ADC event=496 readout=3767 f1far=3859 f2near=3895 f2far=3895
SIPM_ARRIVALS event=527 total=1014
SIPM_ADC event=527 readout=3881 f1far=3895 f2near=3442 f2far=3895
SIPM_ARRIVALS event=558 total=1023
SIPM_ADC event=558 readout=3895 f1far=3412 f2near=3828 f2far=3895
SIPM_ARRIVALS event=589 total=1041
SIPM_ADC event=589 readout=3658 f1far=3895 f2near=3895 f2far=3895
SIPM_ARRIVALS event=682 total=1026
SIPM_ADC event=682 readout=3895 f1far=3895 f2near=3870 f2far=3175
SIPM_ARRIVALS event=620 total=1008
SIPM_ADC event=620 readout=3895 f1far=3895 f2near=3340 f2far=3878
SIPM_ARRIVALS event=651 total=1049
SIPM_ADC event=651 readout=3895 f1far=3895 f2near=3472 f2far=3895
SIPM_ARRIVALS event=744 total=1033
SIPM_ADC event=744 readout=3895 f1far=3142 f2near=3895 f2far=3895
SIPM_ARRIVALS event=713 total=1039
SIPM_ADC event=713 readout=3895 f1far=3895 f2near=3895 f2far=3895
SIPM_ARRIVALS event=775 total=1000
SIPM_ADC event=775 readout=3895 f1far=3895 f2near=3251 f2far=3284
SIPM_ARRIVALS event=806 total=1060
SIPM_ADC event=806 readout=3688 f1far=3895 f2near=3895 f2far=3895
SIPM_ARRIVALS event=868 total=1023
SIPM_ADC event=868 readout=3895 f1far=3359 f2near=3687 f2far=3167
SIPM_ARRIVALS event=837 total=992
SIPM_ADC event=837 readout=3895 f1far=3895 f2near=3762 f2far=3895
SIPM_ARRIVALS event=930 total=958
SIPM_ADC event=930 readout=3895 f1far=3592 f2near=3136 f2far=3605
SIPM_ARRIVALS event=899 total=1034
SIPM_ADC event=899 readout=3895 f1far=3491 f2near=3799 f2far=3757
SIPM_ARRIVALS event=961 total=968
SIPM_ADC event=961 readout=3895 f1far=3083 f2near=3735 f2far=3895
SIPM_ARRIVALS event=497 total=1089
SIPM_ADC event=497 readout=3895 f1far=3635 f2near=3761 f2far=3829
SIPM_ARRIVALS event=528 total=1027
SIPM_ADC event=528 readout=3895 f1far=3019 f2near=3895 f2far=3652
SIPM_ARRIVALS event=559 total=1024
SIPM_ADC event=559 readout=3756 f1far=3895 f2near=3536 f2far=3615
SIPM_ARRIVALS event=590 total=1044
SIPM_ADC event=590 readout=3328 f1far=3895 f2near=3895 f2far=3612
SIPM_ARRIVALS event=621 total=985
SIPM_ADC event=621 readout=3895 f1far=3895 f2near=3895 f2far=3127
SIPM_ARRIVALS event=683 total=1028
SIPM_ADC event=683 readout=3818 f1far=3895 f2near=3561 f2far=3596
SIPM_ARRIVALS event=652 total=1039
SIPM_ADC event=652 readout=3895 f1far=2988 f2near=3895 f2far=3895
SIPM_ARRIVALS event=745 total=1011
SIPM_ADC event=745 readout=3895 f1far=3785 f2near=3249 f2far=3453
SIPM_ARRIVALS event=714 total=979
SIPM_ADC event=714 readout=3699 f1far=3571 f2near=3532 f2far=3795
SIPM_ARRIVALS event=807 total=1002
SIPM_ADC event=807 readout=3157 f1far=3797 f2near=3538 f2far=3544
SIPM_ARRIVALS event=776 total=981
SIPM_ADC event=776 readout=2816 f1far=3682 f2near=3895 f2far=3880
SIPM_ARRIVALS event=838 total=1031
SIPM_ADC event=838 readout=3719 f1far=3895 f2near=3656 f2far=3895
SIPM_ARRIVALS event=869 total=1043
SIPM_ADC event=869 readout=3895 f1far=3298 f2near=3895 f2far=3895
SIPM_ARRIVALS event=931 total=1025
SIPM_ADC event=931 readout=3118 f1far=3895 f2near=3340 f2far=3895
SIPM_ARRIVALS event=900 total=1056
SIPM_ADC event=900 readout=3270 f1far=3895 f2near=3664 f2far=3895
SIPM_ARRIVALS event=962 total=1003
SIPM_ADC event=962 readout=3253 f1far=3755 f2near=3515 f2far=3775
SIPM_ARRIVALS event=498 total=955
SIPM_ADC event=498 readout=3286 f1far=3653 f2near=3351 f2far=3895
SIPM_ARRIVALS event=529 total=1022
SIPM_ADC event=529 readout=3683 f1far=3895 f2near=3895 f2far=3895
SIPM_ARRIVALS event=560 total=990
SIPM_ADC event=560 readout=3610 f1far=3895 f2near=3324 f2far=3895
SIPM_ARRIVALS event=591 total=1004
SIPM_ADC event=591 readout=3719 f1far=3392 f2near=3895 f2far=3612
SIPM_ARRIVALS event=622 total=1027
SIPM_ADC event=622 readout=3895 f1far=3819 f2near=3394 f2far=3767
SIPM_ARRIVALS event=653 total=977
SIPM_ADC event=653 readout=3895 f1far=2861 f2near=3895 f2far=3261
SIPM_ARRIVALS event=684 total=1028
SIPM_ADC event=684 readout=3895 f1far=3433 f2near=3456 f2far=3822
SIPM_ARRIVALS event=715 total=1033
SIPM_ADC event=715 readout=3848 f1far=3043 f2near=3895 f2far=3850
SIPM_ARRIVALS event=746 total=1073
SIPM_ADC event=746 readout=3895 f1far=3889 f2near=3895 f2far=3895
SIPM_ARRIVALS event=839 total=1050
SIPM_ADC event=839 readout=3895 f1far=3895 f2near=3895 f2far=3895
SIPM_ARRIVALS event=808 total=1059
SIPM_ADC event=808 readout=3895 f1far=3895 f2near=3839 f2far=3764
SIPM_ARRIVALS event=777 total=985
SIPM_ADC event=777 readout=3177 f1far=3895 f2near=2978 f2far=3662
SIPM_ARRIVALS event=870 total=1096
SIPM_ADC event=870 readout=3895 f1far=3750 f2near=3895 f2far=3895
SIPM_ARRIVALS event=932 total=1040
SIPM_ADC event=932 readout=3474 f1far=3284 f2near=3895 f2far=3895
SIPM_ARRIVALS event=901 total=1041
SIPM_ADC event=901 readout=3895 f1far=3895 f2near=3486 f2far=3815
SIPM_ARRIVALS event=963 total=988
SIPM_ADC event=963 readout=3183 f1far=3895 f2near=3330 f2far=3895
SIPM_ARRIVALS event=499 total=966
SIPM_ADC event=499 readout=2964 f1far=3569 f2near=3419 f2far=3895
SIPM_ARRIVALS event=530 total=1055
SIPM_ADC event=530 readout=3311 f1far=3872 f2near=3895 f2far=3895
SIPM_ARRIVALS event=561 total=996
SIPM_ADC event=561 readout=3640 f1far=3895 f2near=3895 f2far=3895
SIPM_ARRIVALS event=592 total=1015
SIPM_ADC event=592 readout=3369 f1far=3895 f2near=3160 f2far=3895
SIPM_ARRIVALS event=623 total=1055
SIPM_ADC event=623 readout=3623 f1far=3895 f2near=3109 f2far=3895
SIPM_ARRIVALS event=685 total=975
SIPM_ADC event=685 readout=3881 f1far=3863 f2near=3795 f2far=3237
SIPM_ARRIVALS event=654 total=1089
SIPM_ADC event=654 readout=3895 f1far=3895 f2near=3895 f2far=3895
SIPM_ARRIVALS event=716 total=1038
SIPM_ADC event=716 readout=3799 f1far=3764 f2near=3860 f2far=3330
SIPM_ARRIVALS event=747 total=1108
SIPM_ADC event=747 readout=3895 f1far=3636 f2near=3895 f2far=3895
SIPM_ARRIVALS event=809 total=987
SIPM_ADC event=809 readout=3654 f1far=3895 f2near=3895 f2far=2700
SIPM_ARRIVALS event=840 total=987
SIPM_ADC event=840 readout=3562 f1far=3847 f2near=3625 f2far=3895
SIPM_ARRIVALS event=778 total=1026
SIPM_ADC event=778 readout=3818 f1far=3895 f2near=3773 f2far=3895
SIPM_ARRIVALS event=871 total=1018
SIPM_ADC event=871 readout=3175 f1far=3789 f2near=3895 f2far=3895
SIPM_ARRIVALS event=902 total=988
SIPM_ADC event=902 readout=3895 f1far=3731 f2near=3174 f2far=3895
SIPM_ARRIVALS event=933 total=1083
SIPM_ADC event=933 readout=3272 f1far=3394 f2near=3526 f2far=3338
SIPM_ARRIVALS event=500 total=1028
SIPM_ADC event=500 readout=3895 f1far=3494 f2near=3895 f2far=3548
SIPM_ARRIVALS event=964 total=1022
SIPM_ADC event=964 readout=3895 f1far=3699 f2near=3170 f2far=3742
SIPM_ARRIVALS event=562 total=1047
SIPM_ADC event=562 readout=3010 f1far=3895 f2near=3451 f2far=3573
SIPM_ARRIVALS event=531 total=1031
SIPM_ADC event=531 readout=3787 f1far=3895 f2near=3895 f2far=2733
SIPM_ARRIVALS event=593 total=1007
SIPM_ADC event=593 readout=3895 f1far=3895 f2near=3612 f2far=3649
SIPM_ARRIVALS event=624 total=1008
SIPM_ADC event=624 readout=3895 f1far=3368 f2near=3741 f2far=3895
SIPM_ARRIVALS event=655 total=1035
SIPM_ADC event=655 readout=3895 f1far=3895 f2near=3895 f2far=3727
SIPM_ARRIVALS event=686 total=1040
SIPM_ADC event=686 readout=3750 f1far=3573 f2near=3164 f2far=3847
SIPM_ARRIVALS event=810 total=1051
SIPM_ADC event=810 readout=3895 f1far=3895 f2near=3895 f2far=3734
SIPM_ARRIVALS event=717 total=1047
SIPM_ADC event=717 readout=3486 f1far=3895 f2near=3695 f2far=3112
SIPM_ARRIVALS event=748 total=1078
SIPM_ADC event=748 readout=3895 f1far=3895 f2near=3244 f2far=3895
SIPM_ARRIVALS event=841 total=1067
SIPM_ADC event=841 readout=3895 f1far=3714 f2near=3083 f2far=3869
SIPM_ARRIVALS event=779 total=1034
SIPM_ADC event=779 readout=3895 f1far=3895 f2near=3849 f2far=3675
SIPM_ARRIVALS event=872 total=995
SIPM_ADC event=872 readout=2924 f1far=2977 f2near=3709 f2far=3895
SIPM_ARRIVALS event=501 total=975
SIPM_ADC event=501 readout=3667 f1far=3895 f2near=3594 f2far=3645
SIPM_ARRIVALS event=903 total=994
SIPM_ADC event=903 readout=2688 f1far=3555 f2near=3655 f2far=3660
SIPM_ARRIVALS event=934 total=1019
SIPM_ADC event=934 readout=3895 f1far=3766 f2near=3895 f2far=3536
SIPM_ARRIVALS event=965 total=1025
SIPM_ADC event=965 readout=3895 f1far=3895 f2near=3895 f2far=3101
SIPM_ARRIVALS event=563 total=1025
SIPM_ADC event=563 readout=3542 f1far=3895 f2near=3115 f2far=3895
SIPM_ARRIVALS event=532 total=970
SIPM_ADC event=532 readout=3895 f1far=3895 f2near=3895 f2far=3895
SIPM_ARRIVALS event=594 total=1044
SIPM_ADC event=594 readout=3895 f1far=3848 f2near=3260 f2far=3481
SIPM_ARRIVALS event=625 total=1009
SIPM_ADC event=625 readout=3895 f1far=3895 f2near=3895 f2far=3895
SIPM_ARRIVALS event=656 total=1005
SIPM_ADC event=656 readout=3895 f1far=3895 f2near=2736 f2far=3822
SIPM_ARRIVALS event=811 total=1031
SIPM_ADC event=811 readout=3895 f1far=2406 f2near=3622 f2far=3895
SIPM_ARRIVALS event=687 total=1019
SIPM_ADC event=687 readout=3166 f1far=3895 f2near=3517 f2far=3895
SIPM_ARRIVALS event=718 total=1008
SIPM_ADC event=718 readout=2871 f1far=2751 f2near=3895 f2far=3723
SIPM_ARRIVALS event=780 total=987
SIPM_ADC event=780 readout=3198 f1far=3895 f2near=3426 f2far=3895
SIPM_ARRIVALS event=749 total=1042
SIPM_ADC event=749 readout=3892 f1far=3895 f2near=3895 f2far=3385
SIPM_ARRIVALS event=842 total=1059
SIPM_ADC event=842 readout=3895 f1far=3895 f2near=3635 f2far=3611
SIPM_ARRIVALS event=873 total=1054
SIPM_ADC event=873 readout=3895 f1far=3681 f2near=3895 f2far=3373
SIPM_ARRIVALS event=502 total=997
SIPM_ADC event=502 readout=3895 f1far=3895 f2near=3895 f2far=3300
SIPM_ARRIVALS event=935 total=1073
SIPM_ADC event=935 readout=3895 f1far=3895 f2near=3895 f2far=3457
SIPM_ARRIVALS event=904 total=1072
SIPM_ADC event=904 readout=3895 f1far=3156 f2near=3818 f2far=3895
SIPM_ARRIVALS event=966 total=1020
SIPM_ADC event=966 readout=3850 f1far=3895 f2near=3886 f2far=2959
SIPM_ARRIVALS event=564 total=1008
SIPM_ADC event=564 readout=3519 f1far=3698 f2near=3895 f2far=3895
SIPM_ARRIVALS event=533 total=1048
SIPM_ADC event=533 readout=3895 f1far=3895 f2near=3799 f2far=3357
SIPM_ARRIVALS event=595 total=1026
SIPM_ADC event=595 readout=3170 f1far=3895 f2near=3895 f2far=3895
SIPM_ARRIVALS event=626 total=1082
SIPM_ADC event=626 readout=3895 f1far=3895 f2near=3895 f2far=3696
SIPM_ARRIVALS event=657 total=984
SIPM_ADC event=657 readout=3470 f1far=2949 f2near=3878 f2far=3390
SIPM_ARRIVALS event=688 total=1019
SIPM_ADC event=688 readout=3283 f1far=3895 f2near=2485 f2far=3895
SIPM_ARRIVALS event=812 total=1024
SIPM_ADC event=812 readout=3895 f1far=3857 f2near=3895 f2far=3521
SIPM_ARRIVALS event=719 total=1058
SIPM_ADC event=719 readout=3895 f1far=3316 f2near=3895 f2far=3689
SIPM_ARRIVALS event=781 total=1028
SIPM_ADC event=781 readout=3767 f1far=3895 f2near=3895 f2far=3358
SIPM_ARRIVALS event=750 total=1013
SIPM_ADC event=750 readout=2537 f1far=3272 f2near=3895 f2far=3319
SIPM_ARRIVALS event=843 total=980
SIPM_ADC event=843 readout=3404 f1far=3895 f2near=3895 f2far=3869
SIPM_ARRIVALS event=874 total=988
SIPM_ADC event=874 readout=3895 f1far=3398 f2near=3206 f2far=3895
SIPM_ARRIVALS event=503 total=1012
SIPM_ADC event=503 readout=3779 f1far=3631 f2near=3533 f2far=3046
SIPM_ARRIVALS event=905 total=1024
SIPM_ADC event=905 readout=3895 f1far=3895 f2near=3895 f2far=3895
SIPM_ARRIVALS event=936 total=1069
SIPM_ADC event=936 readout=3792 f1far=3482 f2near=3383 f2far=3895
SIPM_ARRIVALS event=967 total=978
SIPM_ADC event=967 readout=3895 f1far=3895 f2near=3016 f2far=3813
SIPM_ARRIVALS event=534 total=993
SIPM_ADC event=534 readout=3695 f1far=3895 f2near=3867 f2far=3687
SIPM_ARRIVALS event=565 total=1020
SIPM_ADC event=565 readout=3333 f1far=3895 f2near=3761 f2far=3895
SIPM_ARRIVALS event=627 total=1024
SIPM_ADC event=627 readout=3389 f1far=3895 f2near=3895 f2far=3565
SIPM_ARRIVALS event=596 total=983
SIPM_ADC event=596 readout=3433 f1far=3895 f2near=3895 f2far=3211
SIPM_ARRIVALS event=658 total=1051
SIPM_ADC event=658 readout=3823 f1far=3710 f2near=3574 f2far=3742
SIPM_ARRIVALS event=720 total=983
SIPM_ADC event=720 readout=3895 f1far=3788 f2near=3895 f2far=3895
SIPM_ARRIVALS event=689 total=1024
SIPM_ADC event=689 readout=3895 f1far=3895 f2near=3895 f2far=3895
SIPM_ARRIVALS event=813 total=1035
SIPM_ADC event=813 readout=3668 f1far=3741 f2near=3573 f2far=3895
SIPM_ARRIVALS event=782 total=1037
SIPM_ADC event=782 readout=3064 f1far=3572 f2near=3740 f2far=3895
SIPM_ARRIVALS event=844 total=993
SIPM_ADC event=844 readout=3895 f1far=2984 f2near=3895 f2far=3584
SIPM_ARRIVALS event=751 total=1027
SIPM_ADC event=751 readout=3636 f1far=3895 f2near=3471 f2far=3558
SIPM_ARRIVALS event=875 total=1052
SIPM_ADC event=875 readout=3895 f1far=3895 f2near=3400 f2far=3895
SIPM_ARRIVALS event=504 total=1050
SIPM_ADC event=504 readout=3895 f1far=3895 f2near=3895 f2far=3895
SIPM_ARRIVALS event=906 total=1054
SIPM_ADC event=906 readout=3895 f1far=3460 f2near=3054 f2far=3895
SIPM_ARRIVALS event=968 total=1080
SIPM_ADC event=968 readout=3895 f1far=3895 f2near=3780 f2far=3895
SIPM_ARRIVALS event=535 total=995
SIPM_ADC event=535 readout=3651 f1far=3759 f2near=3099 f2far=3241
SIPM_ARRIVALS event=937 total=1029
SIPM_ADC event=937 readout=3895 f1far=3895 f2near=3666 f2far=3895
SIPM_ARRIVALS event=566 total=998
SIPM_ADC event=566 readout=3559 f1far=3895 f2near=3286 f2far=3895
SIPM_ARRIVALS event=628 total=1079
SIPM_ADC event=628 readout=3895 f1far=3830 f2near=3649 f2far=3895
SIPM_ARRIVALS event=597 total=1026
SIPM_ADC event=597 readout=3895 f1far=3895 f2near=3404 f2far=2969
SIPM_ARRIVALS event=690 total=1042
SIPM_ADC event=690 readout=3895 f1far=3625 f2near=3895 f2far=3895
SIPM_ARRIVALS event=659 total=995
SIPM_ADC event=659 readout=3570 f1far=3895 f2near=3846 f2far=3645
SIPM_ARRIVALS event=721 total=1047
SIPM_ADC event=721 readout=2730 f1far=3342 f2near=3862 f2far=3895
SIPM_ARRIVALS event=814 total=1047
SIPM_ADC event=814 readout=3895 f1far=2670 f2near=3748 f2far=3895
SIPM_ARRIVALS event=783 total=1062
SIPM_ADC event=783 readout=3496 f1far=3197 f2near=3895 f2far=3424
SIPM_ARRIVALS event=845 total=1087
SIPM_ADC event=845 readout=3895 f1far=3895 f2near=3895 f2far=3480
SIPM_ARRIVALS event=752 total=1021
SIPM_ADC event=752 readout=3895 f1far=3895 f2near=3546 f2far=3895
SIPM_ARRIVALS event=907 total=1023
SIPM_ADC event=907 readout=3296 f1far=3472 f2near=3508 f2far=3892
SIPM_ARRIVALS event=876 total=1075
SIPM_ADC event=876 readout=3895 f1far=3895 f2near=3835 f2far=3895
SIPM_ARRIVALS event=969 total=1088
SIPM_ADC event=969 readout=3895 f1far=3895 f2near=3895 f2far=3526
SIPM_ARRIVALS event=505 total=1060
SIPM_ADC event=505 readout=3895 f1far=3895 f2near=3119 f2far=3796
SIPM_ARRIVALS event=536 total=1043
SIPM_ADC event=536 readout=3537 f1far=3744 f2near=3895 f2far=3829
SIPM_ARRIVALS event=938 total=1032
SIPM_ADC event=938 readout=3322 f1far=3612 f2near=3570 f2far=3895
SIPM_ARRIVALS event=567 total=1090
SIPM_ADC event=567 readout=3895 f1far=3895 f2near=3895 f2far=3782
SIPM_ARRIVALS event=629 total=1037
SIPM_ADC event=629 readout=3895 f1far=3895 f2near=3642 f2far=3895
SIPM_ARRIVALS event=691 total=1051
SIPM_ADC event=691 readout=3363 f1far=3608 f2near=3569 f2far=3895
SIPM_ARRIVALS event=598 total=1046
SIPM_ADC event=598 readout=3479 f1far=3895 f2near=3566 f2far=3895
SIPM_ARRIVALS event=660 total=1045
SIPM_ADC event=660 readout=3895 f1far=3867 f2near=3895 f2far=3895
SIPM_ARRIVALS event=722 total=1119
SIPM_ADC event=722 readout=3895 f1far=3895 f2near=3895 f2far=3572
SIPM_ARRIVALS event=784 total=1046
SIPM_ADC event=784 readout=3895 f1far=3895 f2near=3895 f2far=3513
SIPM_ARRIVALS event=815 total=1078
SIPM_ADC event=815 readout=3895 f1far=3803 f2near=3895 f2far=3895
SIPM_ARRIVALS event=753 total=1052
SIPM_ADC event=753 readout=3413 f1far=3895 f2near=3895 f2far=3895
SIPM_ARRIVALS event=846 total=1066
SIPM_ADC event=846 readout=2991 f1far=3895 f2near=3180 f2far=3656
SIPM_ARRIVALS event=908 total=1025
SIPM_ADC event=908 readout=3721 f1far=3741 f2near=3895 f2far=2812
SIPM_ARRIVALS event=970 total=1043
SIPM_ADC event=970 readout=3885 f1far=3818 f2near=3617 f2far=3895
SIPM_ARRIVALS event=506 total=1020
SIPM_ADC event=506 readout=3537 f1far=3895 f2near=3820 f2far=3149
SIPM_ARRIVALS event=877 total=1013
SIPM_ADC event=877 readout=3895 f1far=3608 f2near=3600 f2far=3315
SIPM_ARRIVALS event=537 total=1044
SIPM_ADC event=537 readout=3895 f1far=3659 f2near=3889 f2far=3646
SIPM_ARRIVALS event=939 total=1074
SIPM_ADC event=939 readout=3895 f1far=3516 f2near=3895 f2far=3542
SIPM_ARRIVALS event=568 total=965
SIPM_ADC event=568 readout=3375 f1far=3301 f2near=3614 f2far=3895
SIPM_ARRIVALS event=692 total=1054
SIPM_ADC event=692 readout=3895 f1far=3841 f2near=3797 f2far=3826
SIPM_ARRIVALS event=630 total=1039
SIPM_ADC event=630 readout=3895 f1far=3534 f2near=3895 f2far=3694
SIPM_ARRIVALS event=661 total=1004
SIPM_ADC event=661 readout=3569 f1far=3895 f2near=3895 f2far=3658
SIPM_ARRIVALS event=599 total=1018
SIPM_ADC event=599 readout=3895 f1far=3540 f2near=3895 f2far=3895
SIPM_ARRIVALS event=785 total=1005
SIPM_ADC event=785 readout=3842 f1far=3060 f2near=3895 f2far=3895
SIPM_ARRIVALS event=754 total=938
SIPM_ADC event=754 readout=3836 f1far=3287 f2near=3875 f2far=3891
SIPM_ARRIVALS event=816 total=1017
SIPM_ADC event=816 readout=3587 f1far=3630 f2near=3895 f2far=3895
SIPM_ARRIVALS event=723 total=987
SIPM_ADC event=723 readout=3895 f1far=3895 f2near=3895 f2far=3895
SIPM_ARRIVALS event=847 total=1031
SIPM_ADC event=847 readout=3346 f1far=3607 f2near=3895 f2far=3225
SIPM_ARRIVALS event=507 total=1020
SIPM_ADC event=507 readout=3895 f1far=3895 f2near=3895 f2far=3011
SIPM_ARRIVALS event=971 total=1025
SIPM_ADC event=971 readout=3895 f1far=3397 f2near=3643 f2far=3895
SIPM_ARRIVALS event=909 total=1034
SIPM_ADC event=909 readout=3892 f1far=3895 f2near=3832 f2far=3756
SIPM_ARRIVALS event=878 total=1080
SIPM_ADC event=878 readout=3895 f1far=3895 f2near=3895 f2far=3865
SIPM_ARRIVALS event=538 total=1068
SIPM_ADC event=538 readout=3895 f1far=3355 f2near=3551 f2far=3788
SIPM_ARRIVALS event=940 total=1034
SIPM_ADC event=940 readout=3895 f1far=3895 f2near=3783 f2far=3498
SIPM_ARRIVALS event=569 total=1050
SIPM_ADC event=569 readout=3895 f1far=3895 f2near=3895 f2far=2872
SIPM_ARRIVALS event=693 total=1018
SIPM_ADC event=693 readout=3620 f1far=3810 f2near=3895 f2far=3727
SIPM_ARRIVALS event=631 total=1020
SIPM_ADC event=631 readout=3860 f1far=3554 f2near=3895 f2far=3895
SIPM_ARRIVALS event=662 total=1039
SIPM_ADC event=662 readout=3895 f1far=3732 f2near=3895 f2far=3437
SIPM_ARRIVALS event=600 total=1077
SIPM_ADC event=600 readout=3485 f1far=3895 f2near=3895 f2far=3602
SIPM_ARRIVALS event=786 total=1077
SIPM_ADC event=786 readout=3421 f1far=3895 f2near=3895 f2far=3895
SIPM_ARRIVALS event=755 total=1025
SIPM_ADC event=755 readout=3895 f1far=3694 f2near=3656 f2far=3741
SIPM_ARRIVALS event=817 total=1049
SIPM_ADC event=817 readout=3895 f1far=3895 f2near=3826 f2far=3895
SIPM_ARRIVALS event=724 total=1011
SIPM_ADC event=724 readout=3895 f1far=3568 f2near=3895 f2far=3895
SIPM_ARRIVALS event=848 total=1003
SIPM_ADC event=848 readout=3895 f1far=3895 f2near=3439 f2far=3413
SIPM_ARRIVALS event=508 total=937
SIPM_ADC event=508 readout=3895 f1far=3618 f2near=2738 f2far=3895
SIPM_ARRIVALS event=910 total=989
SIPM_ADC event=910 readout=3814 f1far=3415 f2near=3287 f2far=3895
SIPM_ARRIVALS event=972 total=1070
SIPM_ADC event=972 readout=3895 f1far=3895 f2near=3202 f2far=3895
SIPM_ARRIVALS event=879 total=1000
SIPM_ADC event=879 readout=3779 f1far=3895 f2near=3126 f2far=3895
SIPM_ARRIVALS event=941 total=984
SIPM_ADC event=941 readout=3450 f1far=3809 f2near=3561 f2far=3811
SIPM_ARRIVALS event=539 total=1026
SIPM_ADC event=539 readout=3895 f1far=3646 f2near=3541 f2far=3895
SIPM_ARRIVALS event=570 total=1041
SIPM_ADC event=570 readout=3895 f1far=3282 f2near=3895 f2far=3895
SIPM_ARRIVALS event=694 total=1036
SIPM_ADC event=694 readout=3734 f1far=3895 f2near=3704 f2far=3579
SIPM_ARRIVALS event=632 total=1019
SIPM_ADC event=632 readout=3664 f1far=3895 f2near=3895 f2far=3528
SIPM_ARRIVALS event=787 total=976
SIPM_ADC event=787 readout=3800 f1far=3820 f2near=3712 f2far=3895
SIPM_ARRIVALS event=601 total=965
SIPM_ADC event=601 readout=3408 f1far=3556 f2near=3418 f2far=3672
SIPM_ARRIVALS event=756 total=1011
SIPM_ADC event=756 readout=3514 f1far=3281 f2near=3895 f2far=3895
SIPM_ARRIVALS event=663 total=1046
SIPM_ADC event=663 readout=3154 f1far=3895 f2near=3476 f2far=3895
SIPM_ARRIVALS event=818 total=1052
SIPM_ADC event=818 readout=3895 f1far=3597 f2near=3895 f2far=3726
SIPM_ARRIVALS event=725 total=997
SIPM_ADC event=725 readout=3757 f1far=3895 f2near=3454 f2far=3868
SIPM_ARRIVALS event=849 total=1034
SIPM_ADC event=849 readout=3471 f1far=3895 f2near=3328 f2far=3895
SIPM_ARRIVALS event=973 total=977
SIPM_ADC event=973 readout=3895 f1far=3572 f2near=2647 f2far=2768
SIPM_ARRIVALS event=509 total=1094
SIPM_ADC event=509 readout=3848 f1far=3895 f2near=2821 f2far=3895
SIPM_ARRIVALS event=911 total=1026
SIPM_ADC event=911 readout=3895 f1far=3895 f2near=3895 f2far=3209
SIPM_ARRIVALS event=880 total=1029
SIPM_ADC event=880 readout=3304 f1far=3895 f2near=3665 f2far=3648
SIPM_ARRIVALS event=942 total=1070
SIPM_ADC event=942 readout=3583 f1far=3710 f2near=3895 f2far=3873
SIPM_ARRIVALS event=540 total=1037
SIPM_ADC event=540 readout=3895 f1far=3338 f2near=3895 f2far=3229
SIPM_ARRIVALS event=571 total=1081
SIPM_ADC event=571 readout=3895 f1far=3436 f2near=3895 f2far=3895
SIPM_ARRIVALS event=695 total=1065
SIPM_ADC event=695 readout=3219 f1far=3627 f2near=3108 f2far=3500
SIPM_ARRIVALS event=633 total=959
SIPM_ADC event=633 readout=3513 f1far=3485 f2near=2252 f2far=3277
SIPM_ARRIVALS event=602 total=1029
SIPM_ADC event=602 readout=2625 f1far=3265 f2near=3895 f2far=3895
SIPM_ARRIVALS event=788 total=1040
SIPM_ADC event=788 readout=3649 f1far=3712 f2near=3841 f2far=3895
SIPM_ARRIVALS event=664 total=972
SIPM_ADC event=664 readout=3154 f1far=3895 f2near=3620 f2far=3509
SIPM_ARRIVALS event=757 total=1076
SIPM_ADC event=757 readout=3895 f1far=3895 f2near=3895 f2far=3895
SIPM_ARRIVALS event=819 total=1047
SIPM_ADC event=819 readout=3555 f1far=3895 f2near=3466 f2far=3718
SIPM_ARRIVALS event=850 total=1023
SIPM_ADC event=850 readout=3895 f1far=3895 f2near=3431 f2far=3895
SIPM_ARRIVALS event=726 total=1044
SIPM_ADC event=726 readout=3321 f1far=3895 f2near=3858 f2far=3363
SIPM_ARRIVALS event=510 total=1024
SIPM_ADC event=510 readout=3895 f1far=3439 f2near=3895 f2far=3625
SIPM_ARRIVALS event=912 total=1014
SIPM_ADC event=912 readout=3895 f1far=3395 f2near=3743 f2far=3895
SIPM_ARRIVALS event=974 total=1015
SIPM_ADC event=974 readout=3895 f1far=3895 f2near=3678 f2far=3895
SIPM_ARRIVALS event=881 total=1024
SIPM_ADC event=881 readout=3895 f1far=3895 f2near=3895 f2far=3106
SIPM_ARRIVALS event=541 total=1010
SIPM_ADC event=541 readout=3619 f1far=3479 f2near=3826 f2far=3895
SIPM_ARRIVALS event=943 total=1003
SIPM_ADC event=943 readout=3895 f1far=2879 f2near=3895 f2far=3895
SIPM_ARRIVALS event=572 total=1030
SIPM_ADC event=572 readout=3539 f1far=3529 f2near=3727 f2far=3895
SIPM_ARRIVALS event=696 total=1007
SIPM_ADC event=696 readout=3556 f1far=3895 f2near=3895 f2far=3800
SIPM_ARRIVALS event=665 total=990
SIPM_ADC event=665 readout=3895 f1far=3882 f2near=3633 f2far=2971
SIPM_ARRIVALS event=603 total=1007
SIPM_ADC event=603 readout=3895 f1far=3742 f2near=3895 f2far=3895
SIPM_ARRIVALS event=789 total=983
SIPM_ADC event=789 readout=3895 f1far=2867 f2near=3895 f2far=3501
SIPM_ARRIVALS event=634 total=1117
SIPM_ADC event=634 readout=3895 f1far=3711 f2near=3895 f2far=3895
SIPM_ARRIVALS event=758 total=992
SIPM_ADC event=758 readout=3895 f1far=3895 f2near=3672 f2far=2709
SIPM_ARRIVALS event=820 total=1031
SIPM_ADC event=820 readout=2861 f1far=3895 f2near=3564 f2far=3895
SIPM_ARRIVALS event=851 total=1032
SIPM_ADC event=851 readout=3242 f1far=3895 f2near=3895 f2far=3895
SIPM_ARRIVALS event=727 total=1029
SIPM_ADC event=727 readout=3801 f1far=3554 f2near=3816 f2far=3358
SIPM_ARRIVALS event=913 total=1001
SIPM_ADC event=913 readout=3390 f1far=3859 f2near=3096 f2far=3641
SIPM_ARRIVALS event=511 total=1032
SIPM_ADC event=511 readout=3827 f1far=3895 f2near=3101 f2far=3862
SIPM_ARRIVALS event=975 total=1046
SIPM_ADC event=975 readout=3196 f1far=3855 f2near=3335 f2far=3895
SIPM_ARRIVALS event=882 total=1030
SIPM_ADC event=882 readout=2862 f1far=3140 f2near=3895 f2far=3895
SIPM_ARRIVALS event=542 total=1069
SIPM_ADC event=542 readout=3895 f1far=3895 f2near=3698 f2far=3572
SIPM_ARRIVALS event=944 total=984
SIPM_ADC event=944 readout=3895 f1far=3717 f2near=3536 f2far=3895
SIPM_ARRIVALS event=573 total=990
SIPM_ADC event=573 readout=3895 f1far=3895 f2near=3895 f2far=3895
SIPM_ARRIVALS event=697 total=1040
SIPM_ADC event=697 readout=3895 f1far=3859 f2near=3895 f2far=3816
SIPM_ARRIVALS event=666 total=1014
SIPM_ADC event=666 readout=3401 f1far=3293 f2near=3895 f2far=3895
SIPM_ARRIVALS event=604 total=994
SIPM_ADC event=604 readout=3895 f1far=3704 f2near=3488 f2far=2606
SIPM_ARRIVALS event=790 total=1058
SIPM_ADC event=790 readout=3895 f1far=3895 f2near=3158 f2far=3426
SIPM_ARRIVALS event=635 total=1040
SIPM_ADC event=635 readout=3868 f1far=3895 f2near=3895 f2far=3895
SIPM_ARRIVALS event=759 total=1021
SIPM_ADC event=759 readout=3895 f1far=3895 f2near=3895 f2far=3895
SIPM_ARRIVALS event=852 total=1011
SIPM_ADC event=852 readout=3895 f1far=3464 f2near=3895 f2far=3714
SIPM_ARRIVALS event=821 total=986
SIPM_ADC event=821 readout=3557 f1far=3895 f2near=3834 f2far=3737
SIPM_ARRIVALS event=728 total=1051
SIPM_ADC event=728 readout=3735 f1far=3713 f2near=3895 f2far=3320
SIPM_ARRIVALS event=914 total=1059
SIPM_ADC event=914 readout=3895 f1far=3895 f2near=3895 f2far=3895
SIPM_ARRIVALS event=512 total=1065
SIPM_ADC event=512 readout=3895 f1far=3895 f2near=3895 f2far=3895
SIPM_ARRIVALS event=976 total=1013
SIPM_ADC event=976 readout=3836 f1far=3850 f2near=2905 f2far=3624
SIPM_ARRIVALS event=883 total=1032
SIPM_ADC event=883 readout=3733 f1far=3895 f2near=3895 f2far=3506
SIPM_ARRIVALS event=543 total=1005
SIPM_ADC event=543 readout=3467 f1far=3895 f2near=3767 f2far=3895
SIPM_ARRIVALS event=945 total=1022
SIPM_ADC event=945 readout=2942 f1far=3895 f2near=3598 f2far=3321
SIPM_ARRIVALS event=574 total=1077
SIPM_ADC event=574 readout=3430 f1far=3895 f2near=3895 f2far=3579
SIPM_ARRIVALS event=698 total=1049
SIPM_ADC event=698 readout=3895 f1far=3895 f2near=3275 f2far=3469
SIPM_ARRIVALS event=667 total=1012
SIPM_ADC event=667 readout=3895 f1far=3739 f2near=3620 f2far=3720
SIPM_ARRIVALS event=605 total=1035
SIPM_ADC event=605 readout=3895 f1far=3606 f2near=3895 f2far=3895
SIPM_ARRIVALS event=636 total=973
SIPM_ADC event=636 readout=3662 f1far=3458 f2near=3554 f2far=3895
SIPM_ARRIVALS event=791 total=1071
SIPM_ADC event=791 readout=3895 f1far=3358 f2near=3092 f2far=3831
SIPM_ARRIVALS event=760 total=1024
SIPM_ADC event=760 readout=3857 f1far=3865 f2near=3649 f2far=3895
SIPM_ARRIVALS event=853 total=964
SIPM_ADC event=853 readout=3895 f1far=3460 f2near=3895 f2far=3405
SIPM_ARRIVALS event=822 total=1059
SIPM_ADC event=822 readout=3895 f1far=3895 f2near=3895 f2far=3026
SIPM_ARRIVALS event=729 total=1042
SIPM_ADC event=729 readout=3895 f1far=3895 f2near=3895 f2far=3721
SIPM_ARRIVALS event=915 total=1091
SIPM_ADC event=915 readout=3895 f1far=3895 f2near=3895 f2far=3895
SIPM_ARRIVALS event=513 total=1075
SIPM_ADC event=513 readout=3370 f1far=3895 f2near=3744 f2far=3752
SIPM_ARRIVALS event=977 total=1056
SIPM_ADC event=977 readout=3860 f1far=3747 f2near=3625 f2far=3895
SIPM_ARRIVALS event=884 total=1038
SIPM_ADC event=884 readout=3895 f1far=3672 f2near=3494 f2far=3038
SIPM_ARRIVALS event=544 total=1063
SIPM_ADC event=544 readout=3895 f1far=2967 f2near=3895 f2far=3725
SIPM_ARRIVALS event=946 total=1062
SIPM_ADC event=946 readout=3895 f1far=3798 f2near=3895 f2far=2883
SIPM_ARRIVALS event=575 total=1020
SIPM_ADC event=575 readout=3895 f1far=3486 f2near=3826 f2far=3203
SIPM_ARRIVALS event=699 total=1034
SIPM_ADC event=699 readout=3856 f1far=3611 f2near=3684 f2far=3895
SIPM_ARRIVALS event=606 total=1050
SIPM_ADC event=606 readout=3505 f1far=3895 f2near=3801 f2far=3705
SIPM_ARRIVALS event=668 total=994
SIPM_ADC event=668 readout=3895 f1far=3886 f2near=3367 f2far=3664
SIPM_ARRIVALS event=761 total=1008
SIPM_ADC event=761 readout=3238 f1far=3895 f2near=3614 f2far=3628
SIPM_ARRIVALS event=637 total=1032
SIPM_ADC event=637 readout=3886 f1far=3471 f2near=3895 f2far=3146
SIPM_ARRIVALS event=792 total=1008
SIPM_ADC event=792 readout=3895 f1far=3835 f2near=3767 f2far=3643
SIPM_ARRIVALS event=854 total=1029
SIPM_ADC event=854 readout=3895 f1far=3705 f2near=3235 f2far=3764
SIPM_ARRIVALS event=823 total=1001
SIPM_ADC event=823 readout=3527 f1far=2668 f2near=3895 f2far=3895
SIPM_ARRIVALS event=730 total=1043
SIPM_ADC event=730 readout=3895 f1far=3895 f2near=3637 f2far=3895
SIPM_ARRIVALS event=916 total=973
SIPM_ADC event=916 readout=3321 f1far=3561 f2near=3895 f2far=3895
SIPM_ARRIVALS event=978 total=1032
SIPM_ADC event=978 readout=3682 f1far=3895 f2near=3482 f2far=3895
SIPM_ARRIVALS event=514 total=1045
SIPM_ADC event=514 readout=3895 f1far=3895 f2near=3895 f2far=3895
SIPM_ARRIVALS event=947 total=1058
SIPM_ADC event=947 readout=3895 f1far=3895 f2near=3895 f2far=3895
SIPM_ARRIVALS event=545 total=979
SIPM_ADC event=545 readout=3895 f1far=2558 f2near=3895 f2far=3509
SIPM_ARRIVALS event=885 total=1068
SIPM_ADC event=885 readout=3386 f1far=3636 f2near=3895 f2far=3316
SIPM_ARRIVALS event=700 total=985
SIPM_ADC event=700 readout=3739 f1far=3895 f2near=3895 f2far=3380
SIPM_ARRIVALS event=576 total=1054
SIPM_ADC event=576 readout=3895 f1far=3466 f2near=3200 f2far=3314
SIPM_ARRIVALS event=669 total=991
SIPM_ADC event=669 readout=2695 f1far=3332 f2near=3895 f2far=3895
SIPM_ARRIVALS event=762 total=1059
SIPM_ADC event=762 readout=3895 f1far=3895 f2near=3895 f2far=3895
SIPM_ARRIVALS event=607 total=1031
SIPM_ADC event=607 readout=3740 f1far=3895 f2near=3430 f2far=3895
SIPM_ARRIVALS event=855 total=1010
SIPM_ADC event=855 readout=3895 f1far=3895 f2near=3895 f2far=3334
SIPM_ARRIVALS event=793 total=1035
SIPM_ADC event=793 readout=3895 f1far=3066 f2near=3895 f2far=3103
SIPM_ARRIVALS event=638 total=1074
SIPM_ADC event=638 readout=3790 f1far=3895 f2near=3855 f2far=3895
SIPM_ARRIVALS event=824 total=1054
SIPM_ADC event=824 readout=3895 f1far=3456 f2near=3895 f2far=3543
SIPM_ARRIVALS event=731 total=1095
SIPM_ADC event=731 readout=3895 f1far=3895 f2near=3470 f2far=3895
SIPM_ARRIVALS event=917 total=1027
SIPM_ADC event=917 readout=3622 f1far=3524 f2near=3837 f2far=3895
SIPM_ARRIVALS event=979 total=1043
SIPM_ADC event=979 readout=3895 f1far=3806 f2near=3895 f2far=3895
SIPM_ARRIVALS event=515 total=1003
SIPM_ADC event=515 readout=3152 f1far=3895 f2near=3234 f2far=3325
SIPM_ARRIVALS event=546 total=984
SIPM_ADC event=546 readout=3495 f1far=3895 f2near=3521 f2far=2979
SIPM_ARRIVALS event=948 total=963
SIPM_ADC event=948 readout=3823 f1far=2718 f2near=3895 f2far=2982
SIPM_ARRIVALS event=886 total=1107
SIPM_ADC event=886 readout=3895 f1far=2985 f2near=3895 f2far=3195
SIPM_ARRIVALS event=577 total=1073
SIPM_ADC event=577 readout=3895 f1far=3895 f2near=3895 f2far=3732
SIPM_ARRIVALS event=701 total=1059
SIPM_ADC event=701 readout=3575 f1far=3566 f2near=3663 f2far=3895
SIPM_ARRIVALS event=670 total=1071
SIPM_ADC event=670 readout=3895 f1far=3541 f2near=3387 f2far=3895
SIPM_ARRIVALS event=763 total=1067
SIPM_ADC event=763 readout=3895 f1far=3544 f2near=3535 f2far=3566
SIPM_ARRIVALS event=608 total=1040
SIPM_ADC event=608 readout=3895 f1far=3895 f2near=3356 f2far=3536
SIPM_ARRIVALS event=856 total=983
SIPM_ADC event=856 readout=3660 f1far=3666 f2near=3429 f2far=3034
SIPM_ARRIVALS event=639 total=1063
SIPM_ADC event=639 readout=3895 f1far=3895 f2near=3895 f2far=3895
SIPM_ARRIVALS event=794 total=1086
SIPM_ADC event=794 readout=3771 f1far=3895 f2near=3572 f2far=3895
SIPM_ARRIVALS event=732 total=1064
SIPM_ADC event=732 readout=3337 f1far=3895 f2near=3895 f2far=3895
SIPM_ARRIVALS event=825 total=1068
SIPM_ADC event=825 readout=3445 f1far=3895 f2near=3766 f2far=3895
SIPM_ARRIVALS event=918 total=980
SIPM_ADC event=918 readout=3262 f1far=3895 f2near=3511 f2far=3251
SIPM_ARRIVALS event=980 total=1041
SIPM_ADC event=980 readout=3895 f1far=3895 f2near=3895 f2far=3527
SIPM_ARRIVALS event=547 total=998
SIPM_ADC event=547 readout=3330 f1far=3895 f2near=3752 f2far=3895
SIPM_ARRIVALS event=516 total=1001
SIPM_ADC event=516 readout=3895 f1far=3287 f2near=3859 f2far=3751
SIPM_ARRIVALS event=887 total=1096
SIPM_ADC event=887 readout=3895 f1far=3895 f2near=3895 f2far=3895
SIPM_ARRIVALS event=949 total=1023
SIPM_ADC event=949 readout=3428 f1far=3895 f2near=3575 f2far=3773
SIPM_ARRIVALS event=578 total=1016
SIPM_ADC event=578 readout=3128 f1far=3895 f2near=3895 f2far=3800
SIPM_ARRIVALS event=702 total=1050
SIPM_ADC event=702 readout=3368 f1far=3895 f2near=3477 f2far=3623
SIPM_ARRIVALS event=671 total=935
SIPM_ADC event=671 readout=3275 f1far=3724 f2near=3747 f2far=3149
SIPM_ARRIVALS event=609 total=1044
SIPM_ADC event=609 readout=3895 f1far=3895 f2near=3895 f2far=3895
SIPM_ARRIVALS event=764 total=946
SIPM_ADC event=764 readout=3895 f1far=3895 f2near=3895 f2far=3534
SIPM_ARRIVALS event=857 total=1080
SIPM_ADC event=857 readout=3895 f1far=3608 f2near=3895 f2far=3875
SIPM_ARRIVALS event=640 total=1055
SIPM_ADC event=640 readout=3895 f1far=3874 f2near=3895 f2far=3895
SIPM_ARRIVALS event=795 total=1071
SIPM_ADC event=795 readout=3895 f1far=3895 f2near=3895 f2far=3628
SIPM_ARRIVALS event=733 total=1001
SIPM_ADC event=733 readout=2852 f1far=3895 f2near=3895 f2far=3766
SIPM_ARRIVALS event=826 total=1017
SIPM_ADC event=826 readout=3714 f1far=3895 f2near=3895 f2far=3895
SIPM_ARRIVALS event=981 total=1007
SIPM_ADC event=981 readout=3895 f1far=3365 f2near=3714 f2far=3392
SIPM_ARRIVALS event=919 total=1077
SIPM_ADC event=919 readout=3088 f1far=3555 f2near=3371 f2far=3895
SIPM_ARRIVALS event=548 total=1012
SIPM_ADC event=548 readout=3895 f1far=3895 f2near=3397 f2far=3895
SIPM_ARRIVALS event=517 total=1057
SIPM_ADC event=517 readout=3471 f1far=3895 f2near=3547 f2far=3895
SIPM_ARRIVALS event=888 total=1004
SIPM_ADC event=888 readout=3895 f1far=3895 f2near=2690 f2far=3666
SIPM_ARRIVALS event=950 total=1039
SIPM_ADC event=950 readout=3776 f1far=3287 f2near=3573 f2far=3895
SIPM_ARRIVALS event=579 total=1110
SIPM_ADC event=579 readout=3830 f1far=3895 f2near=3303 f2far=3895
SIPM_ARRIVALS event=703 total=1054
SIPM_ADC event=703 readout=3839 f1far=3895 f2near=3895 f2far=3122
SIPM_ARRIVALS event=672 total=1055
SIPM_ADC event=672 readout=3895 f1far=3620 f2near=3889 f2far=3895
SIPM_ARRIVALS event=610 total=995
SIPM_ADC event=610 readout=3895 f1far=3027 f2near=3214 f2far=3895
SIPM_ARRIVALS event=765 total=1024
SIPM_ADC event=765 readout=3895 f1far=3882 f2near=3895 f2far=3409
SIPM_ARRIVALS event=858 total=1005
SIPM_ADC event=858 readout=3169 f1far=3895 f2near=3412 f2far=3895
SIPM_ARRIVALS event=796 total=1083
SIPM_ADC event=796 readout=3895 f1far=3623 f2near=3895 f2far=3895
SIPM_ARRIVALS event=641 total=1065
SIPM_ADC event=641 readout=3895 f1far=3895 f2near=3895 f2far=3895
SIPM_ARRIVALS event=734 total=1043
SIPM_ADC event=734 readout=3287 f1far=3670 f2near=3547 f2far=3895
SIPM_ARRIVALS event=827 total=1011
SIPM_ADC event=827 readout=3895 f1far=3723 f2near=3895 f2far=3573
SIPM_ARRIVALS event=982 total=960
SIPM_ADC event=982 readout=3183 f1far=3853 f2near=3224 f2far=3895
SIPM_ARRIVALS event=920 total=986
SIPM_ADC event=920 readout=3878 f1far=3358 f2near=3509 f2far=3673
SIPM_ARRIVALS event=518 total=1072
SIPM_ADC event=518 readout=3895 f1far=3618 f2near=3895 f2far=3895
SIPM_ARRIVALS event=549 total=1024
SIPM_ADC event=549 readout=3818 f1far=3895 f2near=3764 f2far=3116
SIPM_ARRIVALS event=951 total=993
SIPM_ADC event=951 readout=3275 f1far=3338 f2near=3895 f2far=3895
SIPM_ARRIVALS event=889 total=1055
SIPM_ADC event=889 readout=3895 f1far=3895 f2near=2796 f2far=3688
SIPM_ARRIVALS event=704 total=1075
SIPM_ADC event=704 readout=3881 f1far=3895 f2near=3895 f2far=3895
SIPM_ARRIVALS event=580 total=1037
SIPM_ADC event=580 readout=3895 f1far=3408 f2near=3852 f2far=3834
SIPM_ARRIVALS event=673 total=1037
SIPM_ADC event=673 readout=3895 f1far=2982 f2near=3895 f2far=3895
SIPM_ARRIVALS event=766 total=989
SIPM_ADC event=766 readout=2946 f1far=3458 f2near=3022 f2far=3895
SIPM_ARRIVALS event=611 total=1017
SIPM_ADC event=611 readout=3098 f1far=3895 f2near=3574 f2far=3895
SIPM_ARRIVALS event=859 total=997
SIPM_ADC event=859 readout=3359 f1far=2895 f2near=3895 f2far=3895
SIPM_ARRIVALS event=797 total=1077
SIPM_ADC event=797 readout=3895 f1far=3895 f2near=3042 f2far=3895
SIPM_ARRIVALS event=642 total=993
SIPM_ADC event=642 readout=3409 f1far=3123 f2near=3895 f2far=3895
SIPM_ARRIVALS event=828 total=1019
SIPM_ADC event=828 readout=3267 f1far=3691 f2near=3895 f2far=3895
SIPM_ARRIVALS event=735 total=1049
SIPM_ADC event=735 readout=3895 f1far=3823 f2near=3895 f2far=3895
SIPM_ARRIVALS event=983 total=1015
SIPM_ADC event=983 readout=3895 f1far=3144 f2near=3895 f2far=3519
SIPM_ARRIVALS event=921 total=1040
SIPM_ADC event=921 readout=3667 f1far=3895 f2near=3895 f2far=3895
SIPM_ARRIVALS event=519 total=1031
SIPM_ADC event=519 readout=3679 f1far=3565 f2near=3895 f2far=3379
SIPM_ARRIVALS event=550 total=1034
SIPM_ADC event=550 readout=3495 f1far=3895 f2near=3725 f2far=3263
SIPM_ARRIVALS event=952 total=1058
SIPM_ADC event=952 readout=3833 f1far=3895 f2near=3895 f2far=3874
SIPM_ARRIVALS event=890 total=1060
SIPM_ADC event=890 readout=3221 f1far=3631 f2near=3895 f2far=3895
SIPM_ARRIVALS event=705 total=1015
SIPM_ADC event=705 readout=3542 f1far=3505 f2near=3895 f2far=3441
SIPM_ARRIVALS event=581 total=1021
SIPM_ADC event=581 readout=2831 f1far=3895 f2near=2969 f2far=3895
SIPM_ARRIVALS event=674 total=1100
SIPM_ADC event=674 readout=3895 f1far=3895 f2near=3727 f2far=3336
SIPM_ARRIVALS event=767 total=995
SIPM_ADC event=767 readout=3895 f1far=3895 f2near=3517 f2far=3151
SIPM_ARRIVALS event=860 total=1044
SIPM_ADC event=860 readout=3895 f1far=3652 f2near=3705 f2far=3895
SIPM_ARRIVALS event=612 total=1001
SIPM_ADC event=612 readout=3895 f1far=2777 f2near=3310 f2far=3895
SIPM_ARRIVALS event=798 total=1079
SIPM_ADC event=798 readout=3895 f1far=3795 f2near=3882 f2far=3475
SIPM_ARRIVALS event=643 total=1064
SIPM_ADC event=643 readout=3895 f1far=3659 f2near=3895 f2far=3105
SIPM_ARRIVALS event=736 total=976
SIPM_ADC event=736 readout=2733 f1far=3856 f2near=3895 f2far=3543
SIPM_ARRIVALS event=829 total=1009
SIPM_ADC event=829 readout=3554 f1far=3745 f2near=3742 f2far=3710
SIPM_ARRIVALS event=984 total=984
SIPM_ADC event=984 readout=3895 f1far=2913 f2near=3895 f2far=3551
SIPM_ARRIVALS event=520 total=1009
SIPM_ADC event=520 readout=3895 f1far=2701 f2near=3205 f2far=3895
SIPM_ARRIVALS event=922 total=1062
SIPM_ADC event=922 readout=3615 f1far=3085 f2near=3627 f2far=3489
SIPM_ARRIVALS event=551 total=1021
SIPM_ADC event=551 readout=3895 f1far=3895 f2near=3095 f2far=3706
SIPM_ARRIVALS event=953 total=1076
SIPM_ADC event=953 readout=3895 f1far=3895 f2near=3895 f2far=3177
SIPM_ARRIVALS event=891 total=1054
SIPM_ADC event=891 readout=3457 f1far=3895 f2near=3895 f2far=3895
SIPM_ARRIVALS event=706 total=1077
SIPM_ADC event=706 readout=3895 f1far=3895 f2near=3528 f2far=3536
SIPM_ARRIVALS event=582 total=1027
SIPM_ADC event=582 readout=3857 f1far=3557 f2near=3722 f2far=2664
SIPM_ARRIVALS event=768 total=994
SIPM_ADC event=768 readout=3402 f1far=3569 f2near=2998 f2far=3463
SIPM_ARRIVALS event=675 total=1057
SIPM_ADC event=675 readout=3868 f1far=3895 f2near=3433 f2far=3145
SIPM_ARRIVALS event=861 total=978
SIPM_ADC event=861 readout=3895 f1far=3895 f2near=2455 f2far=3895
SIPM_ARRIVALS event=613 total=1056
SIPM_ADC event=613 readout=3895 f1far=3038 f2near=3634 f2far=3747
SIPM_ARRIVALS event=799 total=1024
SIPM_ADC event=799 readout=3603 f1far=3077 f2near=3895 f2far=3895
SIPM_ARRIVALS event=737 total=1041
SIPM_ADC event=737 readout=3895 f1far=3083 f2near=3455 f2far=3895
SIPM_ARRIVALS event=644 total=1016
SIPM_ADC event=644 readout=3895 f1far=3895 f2near=3183 f2far=3425
SIPM_ARRIVALS event=830 total=1005
SIPM_ADC event=830 readout=3895 f1far=3895 f2near=3813 f2far=3895
SIPM_ARRIVALS event=985 total=1055
SIPM_ADC event=985 readout=3895 f1far=3895 f2near=3895 f2far=3810
SIPM_ARRIVALS event=521 total=1058
SIPM_ADC event=521 readout=3895 f1far=3895 f2near=3895 f2far=3717
SIPM_ARRIVALS event=923 total=1049
SIPM_ADC event=923 readout=3895 f1far=3799 f2near=3481 f2far=3895
SIPM_ARRIVALS event=552 total=1049
SIPM_ADC event=552 readout=3895 f1far=3895 f2near=3895 f2far=3895
SIPM_ARRIVALS event=954 total=1034
SIPM_ADC event=954 readout=3518 f1far=3695 f2near=3650 f2far=3895
SIPM_ARRIVALS event=892 total=1065
SIPM_ADC event=892 readout=3874 f1far=3839 f2near=3895 f2far=3430
SIPM_ARRIVALS event=707 total=1081
SIPM_ADC event=707 readout=3895 f1far=3895 f2near=3689 f2far=3895
SIPM_ARRIVALS event=769 total=1000
SIPM_ADC event=769 readout=3895 f1far=3637 f2near=3895 f2far=3330
SIPM_ARRIVALS event=583 total=996
SIPM_ADC event=583 readout=3895 f1far=3717 f2near=3393 f2far=3895
SIPM_ARRIVALS event=676 total=1059
SIPM_ADC event=676 readout=3248 f1far=3269 f2near=3613 f2far=3895
SIPM_ARRIVALS event=862 total=1048
SIPM_ADC event=862 readout=3831 f1far=3895 f2near=3875 f2far=3525
SIPM_ARRIVALS event=614 total=951
SIPM_ADC event=614 readout=3262 f1far=3251 f2near=3572 f2far=3472
SIPM_ARRIVALS event=800 total=1094
SIPM_ADC event=800 readout=3895 f1far=3895 f2near=3895 f2far=3895
SIPM_ARRIVALS event=738 total=1049
SIPM_ADC event=738 readout=3195 f1far=3137 f2near=3895 f2far=3895
SIPM_ARRIVALS event=645 total=979
SIPM_ADC event=645 readout=2475 f1far=3895 f2near=3895 f2far=3513
SIPM_ARRIVALS event=831 total=1009
SIPM_ADC event=831 readout=3437 f1far=3453 f2near=3276 f2far=3895
SIPM_ARRIVALS event=986 total=1041
SIPM_ADC event=986 readout=3215 f1far=3895 f2near=3895 f2far=3895
SIPM_ARRIVALS event=522 total=1002
SIPM_ADC event=522 readout=3895 f1far=3895 f2near=3593 f2far=3895
SIPM_ARRIVALS event=553 total=1041
SIPM_ADC event=553 readout=3895 f1far=3895 f2near=3895 f2far=3353
SIPM_ARRIVALS event=924 total=1033
SIPM_ADC event=924 readout=3340 f1far=3895 f2near=3860 f2far=3679
SIPM_ARRIVALS event=955 total=1025
SIPM_ADC event=955 readout=3331 f1far=3360 f2near=3895 f2far=3895
SIPM_ARRIVALS event=893 total=1059
SIPM_ADC event=893 readout=3895 f1far=3556 f2near=3781 f2far=3554
SIPM_ARRIVALS event=677 total=988
SIPM_ADC event=677 readout=3895 f1far=3642 f2near=3895 f2far=3430
SIPM_ARRIVALS event=708 total=1056
SIPM_ADC event=708 readout=3692 f1far=3659 f2near=3472 f2far=3895
SIPM_ARRIVALS event=770 total=1028
SIPM_ADC event=770 readout=3895 f1far=3895 f2near=3509 f2far=3895
SIPM_ARRIVALS event=863 total=1022
SIPM_ADC event=863 readout=3580 f1far=3895 f2near=3508 f2far=3422
SIPM_ARRIVALS event=584 total=1018
SIPM_ADC event=584 readout=3895 f1far=3895 f2near=3895 f2far=3299
SIPM_ARRIVALS event=615 total=1013
SIPM_ADC event=615 readout=3749 f1far=3425 f2near=3649 f2far=3895
SIPM_ARRIVALS event=646 total=992
SIPM_ADC event=646 readout=3868 f1far=3895 f2near=3859 f2far=3895
SIPM_ARRIVALS event=801 total=1049
SIPM_ADC event=801 readout=3726 f1far=3895 f2near=3895 f2far=3422
SIPM_ARRIVALS event=739 total=1000
SIPM_ADC event=739 readout=3435 f1far=3382 f2near=3355 f2far=3719
SIPM_ARRIVALS event=832 total=1044
SIPM_ADC event=832 readout=3895 f1far=3525 f2near=3895 f2far=3895
SIPM_ARRIVALS event=987 total=1032
SIPM_ADC event=987 readout=3895 f1far=3895 f2near=3895 f2far=3895
SIPM_ARRIVALS event=523 total=1064
SIPM_ADC event=523 readout=3895 f1far=3660 f2near=3681 f2far=3658
SIPM_ARRIVALS event=554 total=1045
SIPM_ADC event=554 readout=3130 f1far=3895 f2near=2726 f2far=3895
SIPM_ARRIVALS event=956 total=1018
SIPM_ADC event=956 readout=3337 f1far=3113 f2near=3895 f2far=3895
SIPM_ARRIVALS event=925 total=1013
SIPM_ADC event=925 readout=3788 f1far=3537 f2near=3565 f2far=3774
SIPM_ARRIVALS event=894 total=1054
SIPM_ADC event=894 readout=3895 f1far=3731 f2near=3065 f2far=3249
SIPM_ARRIVALS event=709 total=1032
SIPM_ADC event=709 readout=3895 f1far=3895 f2near=3895 f2far=3821
SIPM_ARRIVALS event=678 total=1030
SIPM_ADC event=678 readout=2867 f1far=3895 f2near=3827 f2far=3102
SIPM_ARRIVALS event=585 total=1025
SIPM_ADC event=585 readout=3431 f1far=3805 f2near=3688 f2far=3895
SIPM_ARRIVALS event=864 total=977
SIPM_ADC event=864 readout=3895 f1far=3533 f2near=3399 f2far=3631
SIPM_ARRIVALS event=771 total=1014
SIPM_ADC event=771 readout=3895 f1far=3895 f2near=3216 f2far=3501
SIPM_ARRIVALS event=616 total=1062
SIPM_ADC event=616 readout=3736 f1far=3895 f2near=3895 f2far=3895
SIPM_ARRIVALS event=647 total=987
SIPM_ADC event=647 readout=3430 f1far=3658 f2near=2996 f2far=3895
SIPM_ARRIVALS event=740 total=954
SIPM_ADC event=740 readout=3360 f1far=3532 f2near=3694 f2far=2836
SIPM_ARRIVALS event=802 total=1027
SIPM_ADC event=802 readout=3895 f1far=3895 f2near=3892 f2far=3077
SIPM_ARRIVALS event=555 total=838
SIPM_ADC event=555 readout=2517 f1far=2112 f2near=2853 f2far=3162
SIPM_ARRIVALS event=833 total=1059
SIPM_ADC event=833 readout=3895 f1far=3895 f2near=3343 f2far=3823
SIPM_ARRIVALS event=988 total=980
SIPM_ADC event=988 readout=3641 f1far=3573 f2near=3718 f2far=3444
SIPM_ARRIVALS event=524 total=1012
SIPM_ADC event=524 readout=3718 f1far=3514 f2near=3895 f2far=3895
SIPM_ARRIVALS event=957 total=1035
SIPM_ADC event=957 readout=3343 f1far=3866 f2near=3747 f2far=3895
SIPM_ARRIVALS event=926 total=1075
SIPM_ADC event=926 readout=3895 f1far=3895 f2near=3895 f2far=3370
SIPM_ARRIVALS event=895 total=1036
SIPM_ADC event=895 readout=3300 f1far=3644 f2near=3133 f2far=3275
SIPM_ARRIVALS event=710 total=1014
SIPM_ADC event=710 readout=3895 f1far=3895 f2near=3874 f2far=3638
SIPM_ARRIVALS event=679 total=1014
SIPM_ADC event=679 readout=3895 f1far=3845 f2near=3895 f2far=3895
SIPM_ARRIVALS event=586 total=949
SIPM_ADC event=586 readout=3325 f1far=3635 f2near=3854 f2far=3588
SIPM_ARRIVALS event=865 total=1014
SIPM_ADC event=865 readout=3895 f1far=3895 f2near=3895 f2far=2955
SIPM_ARRIVALS event=772 total=1050
SIPM_ADC event=772 readout=3895 f1far=3509 f2near=3895 f2far=3895
SIPM_ARRIVALS event=617 total=1086
SIPM_ADC event=617 readout=3895 f1far=3895 f2near=3232 f2far=3432
SIPM_ARRIVALS event=648 total=1038
SIPM_ADC event=648 readout=3895 f1far=3265 f2near=3895 f2far=3895
SIPM_ARRIVALS event=803 total=995
SIPM_ADC event=803 readout=3688 f1far=3666 f2near=2967 f2far=3437
SIPM_ARRIVALS event=741 total=1084
SIPM_ADC event=741 readout=3895 f1far=3736 f2near=3853 f2far=3895
SIPM_ARRIVALS event=556 total=1054
SIPM_ADC event=556 readout=3895 f1far=3895 f2near=3579 f2far=3895
SIPM_ARRIVALS event=989 total=1041
SIPM_ADC event=989 readout=3780 f1far=3895 f2near=3431 f2far=3354
SIPM_ARRIVALS event=834 total=1046
SIPM_ADC event=834 readout=3895 f1far=3895 f2near=3895 f2far=2536
SIPM_ARRIVALS event=958 total=1033
SIPM_ADC event=958 readout=3679 f1far=3517 f2near=3895 f2far=3895
SIPM_ARRIVALS event=927 total=1052
SIPM_ADC event=927 readout=3840 f1far=3895 f2near=3895 f2far=3895
SIPM_ARRIVALS event=525 total=1049
SIPM_ADC event=525 readout=3895 f1far=3895 f2near=3895 f2far=3895
SIPM_ARRIVALS event=711 total=1034
SIPM_ADC event=711 readout=3895 f1far=3744 f2near=3895 f2far=3472
SIPM_ARRIVALS event=896 total=1019
SIPM_ADC event=896 readout=3118 f1far=3421 f2near=3220 f2far=3895
SIPM_ARRIVALS event=587 total=1029
SIPM_ADC event=587 readout=3783 f1far=2976 f2near=3895 f2far=3340
SIPM_ARRIVALS event=680 total=1039
SIPM_ADC event=680 readout=3895 f1far=3895 f2near=3798 f2far=3895
SIPM_ARRIVALS event=773 total=982
SIPM_ADC event=773 readout=3895 f1far=3895 f2near=3895 f2far=3695
SIPM_ARRIVALS event=866 total=1091
SIPM_ADC event=866 readout=3895 f1far=3895 f2near=3442 f2far=3895
SIPM_ARRIVALS event=649 total=1085
SIPM_ADC event=649 readout=3441 f1far=3895 f2near=3895 f2far=3516
SIPM_ARRIVALS event=618 total=1008
SIPM_ADC event=618 readout=3895 f1far=3447 f2near=3895 f2far=3895
SIPM_ARRIVALS event=804 total=994
SIPM_ADC event=804 readout=3895 f1far=3667 f2near=2868 f2far=3895
SIPM_ARRIVALS event=742 total=1044
SIPM_ADC event=742 readout=3534 f1far=3895 f2near=3729 f2far=3895
SIPM_ARRIVALS event=835 total=1039
SIPM_ADC event=835 readout=3895 f1far=3442 f2near=3895 f2far=3377
SIPM_ARRIVALS event=557 total=1004
SIPM_ADC event=557 readout=3895 f1far=2830 f2near=3305 f2far=3895
SIPM_ARRIVALS event=990 total=1035
SIPM_ADC event=990 readout=3895 f1far=3895 f2near=3697 f2far=3558
SIPM_ARRIVALS event=959 total=1049
SIPM_ADC event=959 readout=3895 f1far=3895 f2near=2776 f2far=3741
SIPM_ARRIVALS event=526 total=1031
SIPM_ADC event=526 readout=3624 f1far=3895 f2near=3895 f2far=2714
SIPM_ARRIVALS event=928 total=1079
SIPM_ADC event=928 readout=3895 f1far=3651 f2near=3893 f2far=3895
SIPM_ARRIVALS event=712 total=974
SIPM_ADC event=712 readout=2963 f1far=3552 f2near=3607 f2far=3617
SIPM_ARRIVALS event=897 total=959
SIPM_ADC event=897 readout=2933 f1far=3895 f2near=3681 f2far=3759
SIPM_ARRIVALS event=681 total=1059
SIPM_ADC event=681 readout=3895 f1far=3895 f2near=3895 f2far=3895
SIPM_ARRIVALS event=588 total=1029
SIPM_ADC event=588 readout=3645 f1far=3274 f2near=3669 f2far=3895
SIPM_ARRIVALS event=867 total=1033
SIPM_ADC event=867 readout=3454 f1far=3443 f2near=3781 f2far=3439
SIPM_ARRIVALS event=774 total=1073
SIPM_ADC event=774 readout=3895 f1far=3738 f2near=3895 f2far=3895
SIPM_ARRIVALS event=650 total=1000
SIPM_ADC event=650 readout=3895 f1far=3281 f2near=3437 f2far=3895
SIPM_ARRIVALS event=619 total=1005
SIPM_ADC event=619 readout=3348 f1far=3895 f2near=2831 f2far=3895
SIPM_ARRIVALS event=805 total=1011
SIPM_ADC event=805 readout=3895 f1far=3756 f2near=3895 f2far=3760
SIPM_ARRIVALS event=743 total=975
SIPM_ADC event=743 readout=3895 f1far=3895 f2near=3895 f2far=3895
SIPM_ARRIVALS event=836 total=990
SIPM_ADC event=836 readout=3563 f1far=3309 f2near=3771 f2far=3895
SIPM_ARRIVALS event=992 total=1042
SIPM_ADC event=992 readout=3895 f1far=3895 f2near=3895 f2far=3895
SIPM_ARRIVALS event=960 total=1027
SIPM_ADC event=960 readout=3676 f1far=3895 f2near=3704 f2far=2967
SIPM_ARRIVALS event=991 total=1074
SIPM_ADC event=991 readout=3895 f1far=3895 f2near=3895 f2far=3845
SIPM_ARRIVALS event=929 total=1047
SIPM_ADC event=929 readout=3838 f1far=3895 f2near=3363 f2far=2771
SIPM_ARRIVALS event=898 total=1017
SIPM_ADC event=898 readout=3080 f1far=3604 f2near=3718 f2far=3789
SIPM_ARRIVALS event=993 total=1023
SIPM_ADC event=993 readout=3895 f1far=2916 f2near=3895 f2far=3570
SIPM_ARRIVALS event=994 total=993
SIPM_ADC event=994 readout=3762 f1far=3889 f2near=3150 f2far=3708
SIPM_ARRIVALS event=995 total=1077
SIPM_ADC event=995 readout=3578 f1far=3895 f2near=3870 f2far=3895
SIPM_ARRIVALS event=996 total=949
SIPM_ADC event=996 readout=3723 f1far=3498 f2near=3535 f2far=3455
SIPM_ARRIVALS event=997 total=1059
SIPM_ADC event=997 readout=3895 f1far=3196 f2near=3698 f2far=3751
SIPM_ARRIVALS event=998 total=1038
SIPM_ADC event=998 readout=3895 f1far=3895 f2near=3895 f2far=3895
SIPM_ARRIVALS event=999 total=1051
SIPM_ADC event=999 readout=3448 f1far=3537 f2near=3327 f2far=3895
RUN_DONE events=1000 output=/projects/hep/fs10/shared/nnbar/billy/ccb1623_campaign/stave_deuteron_16MeV_B_s1625.root
     Cr_sctns:  Glauber-Gribov Nucl-nucl: 0 eV  ---> 25.6 PeV
     Cr_sctns:  Glauber-Gribov Nucl-nucl: 0 eV  ---> 25.6 PeV
     Cr_sctns:  Glauber-Gribov Nucl-nucl: 0 eV  ---> 25.6 PeV
     Cr_sctns:  Glauber-Gribov Nucl-nucl: 0 eV  ---> 25.6 PeV
     Cr_sctns:  Glauber-Gribov Nucl-nucl: 0 eV  ---> 25.6 PeV
     Cr_sctns:  Glauber-Gribov Nucl-nucl: 0 eV  ---> 25.6 PeV
     Cr_sctns:  Glauber-Gribov Nucl-nucl: 0 eV  ---> 25.6 PeV
     Cr_sctns:  Glauber-Gribov Nucl-nucl: 0 eV  ---> 25.6 PeV
     Cr_sctns:  Glauber-Gribov Nucl-nucl: 0 eV  ---> 25.6 PeV
     Cr_sctns:  Glauber-Gribov Nucl-nucl: 0 eV  ---> 25.6 PeV
     Cr_sctns:  Glauber-Gribov Nucl-nucl: 0 eV  ---> 25.6 PeV
     Cr_sctns:  Glauber-Gribov Nucl-nucl: 0 eV  ---> 25.6 PeV
     Cr_sctns:  Glauber-Gribov Nucl-nucl: 0 eV  ---> 25.6 PeV
     Cr_sctns:  Glauber-Gribov Nucl-nucl: 0 eV  ---> 25.6 PeV
     Cr_sctns:  Glauber-Gribov Nucl-nucl: 0 eV  ---> 25.6 PeV
     Cr_sctns:  Glauber-Gribov Nucl-nucl: 0 eV  ---> 25.6 PeV
CCB_STAVE_END
wrote /projects/hep/fs10/shared/nnbar/billy/ccb1623_campaign/stave_deuteron_16MeV_B_s1625.root (+ /projects/hep/fs10/shared/nnbar/billy/ccb1623_campaign/stave_deuteron_16MeV_B_s1625.root.meta.json)
