point idx=2 part=proton E=5 sample=B seed=1625 nev=1000 threads=16
CCB_BEAM_PREFLIGHT intersects=1 enters_neg_z=1 path_cm=2 reason=ok

**************************************************************
 Geant4 version Name: geant4-11-02-patch-02 [MT]   (21-June-2024)
  << in Multi-threaded mode >> 
                       Copyright : Geant4 Collaboration
                      References : NIM A 506 (2003), 250-303
                                 : IEEE-TNS 53 (2006), 270-278
                                 : NIM A 835 (2016), 186-225
                             WWW : http://geant4.org/
**************************************************************

CCB_STAVE_START particle=proton KE_MeV=5 nevents=1000 threads_requested=16 threads_effective=16 g4_force_threads=unset seed=1625 hit_x_cm=0 hit_y_cm=0 theta_deg=0 phi_deg=0 allow_miss=0 beam_profile_id=FIXED_POINT_NORMAL sample_position=0 hit_x_min_cm=0 hit_x_max_cm=0 hit_y_min_cm=0 hit_y_max_cm=0 sample_angle=0 theta_spread_deg=0 write_photon_ntuple=0 optical_max_time_ns=1000 optical_max_steps=200000 birks_kB=0.126 quenching_model_id=birks_geant4 quenching_model_status=HYPOTHESIS quenching_claims_authorized=false production_cut_mm=0.1 physics_list=QGSP_BIC neutron_timecut_policy_id=pin_qgsp_bic_default_10us neutron_time_cut_us=10 neutron_tracking_time_cut_configured=1 neutron_diagnostics=0 reflectivity_scale=1 attenuation_scale(deprecated)=1 scintillator_absorption_scale=1 y11_bulk_attenuation_scale=1 pde_scale=1 collection_efficiency=1 optical_interface_model=UNKNOWN_EXTERNAL far_end=instrumented wls_time_profile=exponential wls_fluorescence_model=geant4_default_one_secondary wls_fluorescence_yield=0.7 mode=optical optical_dir=/projects/hep/fs10/shared/nnbar/billy/ccb-wt-1623/geant4/single_stave/build/optical strict_optical=1 output=/projects/hep/fs10/shared/nnbar/billy/ccb1623_campaign/stave_proton_5MeV_B_s1625.root gpu_optical=0 optical_out= dump_gdml=
G4PhysListFactory::GetReferencePhysList <QGSP_BIC>  EMoption= 0
<<< Geant4 Physics List simulation engine: QGSP_BIC


Checking overlaps for volume Coating:0 (G4SubtractionSolid) ... OK! 
Checking overlaps for volume Scintillator:0 (G4SubtractionSolid) ... OK! 
Checking overlaps for volume OuterClad_F1:0 (G4Tubs) ... OK! 
Checking overlaps for volume InnerClad_F1:0 (G4Tubs) ... OK! 
Checking overlaps for volume Core_F1:0 (G4Tubs) ... OK! 
Checking overlaps for volume Sensor_F1_PlusX:0 (G4Tubs) ... OK! 
Checking overlaps for volume Sensor_F1_MinusX:1 (G4Tubs) ... OK! 
Checking overlaps for volume OuterClad_F2:1 (G4Tubs) ... OK! 
Checking overlaps for volume InnerClad_F2:1 (G4Tubs) ... OK! 
Checking overlaps for volume Core_F2:1 (G4Tubs) ... OK! 
Checking overlaps for volume Sensor_F2_PlusX:2 (G4Tubs) ... OK! 
Checking overlaps for volume Sensor_F2_MinusX:3 (G4Tubs) ... OK! 
GEOMETRY_REPORT_BEGIN
stave_length_cm 50
stave_width_cm 5.18
stave_thickness_cm 2
normal_path_cm 2
fibre_diameter_mm 1.8
hole_diameter_mm 2
fibre_separation_cm 2
fibre_within_hole 1
fibre_protrudes_for_readout 1
holes_contained_y 1
holes_contained_z 1
geometry_hash e323b92195f9a6288944f0738dbadccf9386422f076362ca172fd0b6d119d1e1
physics_hash 695755f15879c60b7dbc23f5ad7f972d0ec3d9710fa2ec357d17a3b37c48faee
optical_hash 02abddb7662749ea88712a86cced3d7438d45eb865b430c54073ae9dde8549eb
clad_inner_rindex 1.49
clad_outer_rindex 1.42
GEOMETRY_REPORT_END
GEOMETRY_SELFCHECK_PASS
### Adding tracking cuts for neutron  TimeCut(ns)= 10000  KinEnergyCut(MeV)= 0
### Birks coefficients used in run time
   G4_POLYSTYRENE     0.07943 mm/MeV     0.00841958 g/cm^2/MeV  massFactor=  504.5 effCharge= 18.5
   CCB_Scintillator     0.126 mm/MeV     0.013356 g/cm^2/MeV  massFactor=  504.5 effCharge= 18.5
=======================================================================
======                 Electromagnetic Physics Parameters      ========
=======================================================================
LPM effect enabled                                 1
Enable creation and use of sampling tables         0
Apply cuts on all EM processes                     0
Use combined TransportationWithMsc                 Disabled
Use general process                                1
Enable linear polarisation for gamma               0
Enable photoeffect sampling below K-shell          1
Enable sampling of quantum entanglement            0
X-section factor for integral approach             0.8
Min kinetic energy for tables                      100 eV 
Max kinetic energy for tables                      100 TeV
Number of bins per decade of a table               7
Verbose level                                      1
Verbose level for worker thread                    0
Bremsstrahlung energy threshold above which 
  primary e+- is added to the list of secondary    100 TeV
Bremsstrahlung energy threshold above which primary
  muon/hadron is added to the list of secondary    100 TeV
Lowest triplet kinetic energy                      1 MeV
Enable sampling of gamma linear polarisation       0
5D gamma conversion model type                     0
5D gamma conversion model on isolated ion          0
Livermore data directory                           epics_2017
=======================================================================
======                 Ionisation Parameters                   ========
=======================================================================
Step function for e+-                              (0.2, 1 mm)
Step function for muons/hadrons                    (0.2, 0.1 mm)
Step function for light ions                       (0.2, 0.1 mm)
Step function for general ions                     (0.2, 0.1 mm)
Lowest e+e- kinetic energy                         1 keV
Lowest muon/hadron kinetic energy                  1 keV
Use ICRU90 data                                    0
Fluctuations of dE/dx are enabled                  1
Type of fluctuation model for leptons and hadrons  Urban
Use built-in Birks satuaration                     1
Build CSDA range enabled                           0
Use cut as a final range enabled                   0
Enable angular generator interface                 0
Max kinetic energy for CSDA tables                 1 GeV
Max kinetic energy for NIEL computation            0 eV 
Linear loss limit                                  0.01
Read data from file for e+e- pair production by mu 0
=======================================================================
======                 Multiple Scattering Parameters          ========
=======================================================================
Type of msc step limit algorithm for e+-           1
Type of msc step limit algorithm for muons/hadrons 0
Msc lateral displacement for e+- enabled           1
Msc lateral displacement for muons and hadrons     0
Urban msc model lateral displacement alg96         1
Range factor for msc step limit for e+-            0.04
Range factor for msc step limit for muons/hadrons  0.2
Geometry factor for msc step limitation of e+-     2.5
Safety factor for msc step limit for e+-           0.6
Skin parameter for msc step limitation of e+-      1
Lambda limit for msc step limit for e+-            1 mm
Use Mott correction for e- scattering              0
Factor used for dynamic computation of angular 
  limit between single and multiple scattering     1
Fixed angular limit between single 
  and multiple scattering                          3.1416 rad
Upper energy limit for e+- multiple scattering     100 MeV
Type of electron single scattering model           0
Type of nuclear form-factor                        1
Screening factor                                   1
=======================================================================

phot:  for gamma SubType=12 BuildTable=0
      LambdaPrime table from 200 keV to 100 TeV in 61 bins 
      ===== EM models for the G4Region  DefaultRegionForTheWorld ======
 LivermorePhElectric : Emin=    0 eV  Emax=  100 TeV  SauterGavrila Fluo

compt:  for gamma SubType=13 BuildTable=1
      Lambda table from 100 eV  to 1 MeV, 7 bins/decade, spline: 1
      LambdaPrime table from 1 MeV to 100 TeV in 56 bins 
      ===== EM models for the G4Region  DefaultRegionForTheWorld ======
       Klein-Nishina : Emin=    0 eV  Emax=  100 TeV

conv:  for gamma SubType=14 BuildTable=1
      Lambda table from 1.022 MeV to 100 TeV, 18 bins/decade, spline: 1
      ===== EM models for the G4Region  DefaultRegionForTheWorld ======
     BetheHeitlerLPM : Emin=    0 eV  Emax=  100 TeV  ModifiedTsai

Rayl:  for gamma SubType=11 BuildTable=1
      Lambda table from 100 eV  to 150 keV, 7 bins/decade, spline: 0
      LambdaPrime table from 150 keV to 100 TeV in 62 bins 
      ===== EM models for the G4Region  DefaultRegionForTheWorld ======
   LivermoreRayleigh : Emin=    0 eV  Emax=  100 TeV  CullenGenerator

msc:  for e-  SubType= 10
      ===== EM models for the G4Region  DefaultRegionForTheWorld ======
            UrbanMsc : Emin=    0 eV  Emax=  100 MeV Nbins=42 100 eV  - 100 MeV
          StepLim=UseSafety Rfact=0.04 Gfact=2.5 Sfact=0.6 DispFlag:1 Skin=1 Llim=1 mm
        WentzelVIUni : Emin=  100 MeV Emax=  100 TeV Nbins=42 100 MeV - 100 TeV
          StepLim=UseSafety Rfact=0.04 Gfact=2.5 Sfact=0.6 DispFlag:1 Skin=1 Llim=1 mm

eIoni:  for e-  XStype:3  SubType=2
      dE/dx and range tables from 100 eV  to 100 TeV in 84 bins
      Lambda tables from threshold to 100 TeV, 7 bins/decade, spline: 1
      StepFunction=(0.2, 1 mm), integ: 3, fluct: 1, linLossLim= 0.01
      ===== EM models for the G4Region  DefaultRegionForTheWorld ======
        MollerBhabha : Emin=    0 eV  Emax=  100 TeV

eBrem:  for e-  XStype:4  SubType=3
      dE/dx and range tables from 100 eV  to 100 TeV in 84 bins
      Lambda tables from threshold to 100 TeV, 7 bins/decade, spline: 1
      LPM flag: 1 for E > 1 GeV,  VertexHighEnergyTh(GeV)= 100000
      ===== EM models for the G4Region  DefaultRegionForTheWorld ======
             eBremSB : Emin=    0 eV  Emax=    1 GeV  ModifiedTsai
            eBremLPM : Emin=    1 GeV Emax=  100 TeV  ModifiedTsai

CoulombScat:  for e- XStype:1 SubType=1 BuildTable=1
      Lambda table from 100 MeV to 100 TeV, 7 bins/decade, spline: 0
      ThetaMin(p) < Theta(degree) < 180, pLimit(GeV^1)= 0.139531
      ===== EM models for the G4Region  DefaultRegionForTheWorld ======
  eCoulombScattering : Emin=  100 MeV Emax=  100 TeV

msc:  for e+  SubType= 10
      ===== EM models for the G4Region  DefaultRegionForTheWorld ======
            UrbanMsc : Emin=    0 eV  Emax=  100 MeV Nbins=42 100 eV  - 100 MeV
          StepLim=UseSafety Rfact=0.04 Gfact=2.5 Sfact=0.6 DispFlag:1 Skin=1 Llim=1 mm
        WentzelVIUni : Emin=  100 MeV Emax=  100 TeV Nbins=42 100 MeV - 100 TeV
          StepLim=UseSafety Rfact=0.04 Gfact=2.5 Sfact=0.6 DispFlag:1 Skin=1 Llim=1 mm

eIoni:  for e+  XStype:3  SubType=2
      dE/dx and range tables from 100 eV  to 100 TeV in 84 bins
      Lambda tables from threshold to 100 TeV, 7 bins/decade, spline: 1
      StepFunction=(0.2, 1 mm), integ: 3, fluct: 1, linLossLim= 0.01
      ===== EM models for the G4Region  DefaultRegionForTheWorld ======
        MollerBhabha : Emin=    0 eV  Emax=  100 TeV

eBrem:  for e+  XStype:4  SubType=3
      dE/dx and range tables from 100 eV  to 100 TeV in 84 bins
      Lambda tables from threshold to 100 TeV, 7 bins/decade, spline: 1
      LPM flag: 1 for E > 1 GeV,  VertexHighEnergyTh(GeV)= 100000
      ===== EM models for the G4Region  DefaultRegionForTheWorld ======
             eBremSB : Emin=    0 eV  Emax=    1 GeV  ModifiedTsai
            eBremLPM : Emin=    1 GeV Emax=  100 TeV  ModifiedTsai

annihil:  for e+ XStype:2 SubType=5 BuildTable=0
      ===== EM models for the G4Region  DefaultRegionForTheWorld ======
            eplus2gg : Emin=    0 eV  Emax=  100 TeV

CoulombScat:  for e+ XStype:1 SubType=1 BuildTable=1
      Lambda table from 100 MeV to 100 TeV, 7 bins/decade, spline: 0
      ThetaMin(p) < Theta(degree) < 180, pLimit(GeV^1)= 0.139531
      ===== EM models for the G4Region  DefaultRegionForTheWorld ======
  eCoulombScattering : Emin=  100 MeV Emax=  100 TeV

msc:  for proton  SubType= 10
      ===== EM models for the G4Region  DefaultRegionForTheWorld ======
        WentzelVIUni : Emin=    0 eV  Emax=  100 TeV Nbins=84 100 eV  - 100 TeV
          StepLim=Minimal Rfact=0.2 Gfact=2.5 Sfact=0.6 DispFlag:0 Skin=1 Llim=1 mm

hIoni:  for proton  XStype:3  SubType=2
      dE/dx and range tables from 100 eV  to 100 TeV in 84 bins
      Lambda tables from threshold to 100 TeV, 7 bins/decade, spline: 1
      StepFunction=(0.2, 0.1 mm), integ: 3, fluct: 1, linLossLim= 0.01
      ===== EM models for the G4Region  DefaultRegionForTheWorld ======
               Bragg : Emin=    0 eV  Emax=    2 MeV
          BetheBloch : Emin=    2 MeV Emax=  100 TeV

hBrems:  for proton  XStype:1  SubType=3
      dE/dx and range tables from 100 eV  to 100 TeV in 84 bins
      Lambda tables from threshold to 100 TeV, 7 bins/decade, spline: 1
      ===== EM models for the G4Region  DefaultRegionForTheWorld ======
               hBrem : Emin=    0 eV  Emax=  100 TeV  ModifiedMephi

hPairProd:  for proton  XStype:1  SubType=4
      dE/dx and range tables from 100 eV  to 100 TeV in 84 bins
      Lambda tables from threshold to 100 TeV, 7 bins/decade, spline: 1
      Sampling table 17x1001; from 7.50618 GeV to 100 TeV 
      ===== EM models for the G4Region  DefaultRegionForTheWorld ======
           hPairProd : Emin=    0 eV  Emax=  100 TeV  ModifiedMephi

CoulombScat:  for proton XStype:1 SubType=1 BuildTable=1
      Lambda table from threshold  to 100 TeV, 7 bins/decade, spline: 0
      ThetaMin(p) < Theta(degree) < 180, pLimit(GeV^1)= 0.139531
      ===== EM models for the G4Region  DefaultRegionForTheWorld ======
  eCoulombScattering : Emin=    0 eV  Emax=  100 TeV

msc:  for GenericIon  SubType= 10
      ===== EM models for the G4Region  DefaultRegionForTheWorld ======
            UrbanMsc : Emin=    0 eV  Emax=  100 TeV
          StepLim=Minimal Rfact=0.2 Gfact=2.5 Sfact=0.6 DispFlag:0 Skin=1 Llim=1 mm

ionIoni:  for GenericIon  XStype:3  SubType=2
      dE/dx and range tables from 100 eV  to 100 TeV in 84 bins
      Lambda tables from threshold to 100 TeV, 7 bins/decade, spline: 1
      StepFunction=(0.2, 0.1 mm), integ: 3, fluct: 1, linLossLim= 0.02
      ===== EM models for the G4Region  DefaultRegionForTheWorld ======
            BraggIon : Emin=    0 eV  Emax=    2 MeV
          BetheBloch : Emin=    2 MeV Emax=  100 TeV

msc:  for alpha  SubType= 10
      ===== EM models for the G4Region  DefaultRegionForTheWorld ======
            UrbanMsc : Emin=    0 eV  Emax=  100 TeV
          StepLim=Minimal Rfact=0.2 Gfact=2.5 Sfact=0.6 DispFlag:0 Skin=1 Llim=1 mm

ionIoni:  for alpha  XStype:3  SubType=2
      dE/dx and range tables from 100 eV  to 100 TeV in 84 bins
      Lambda tables from threshold to 100 TeV, 7 bins/decade, spline: 1
      StepFunction=(0.2, 0.1 mm), integ: 3, fluct: 1, linLossLim= 0.02
      ===== EM models for the G4Region  DefaultRegionForTheWorld ======
            BraggIon : Emin=    0 eV  Emax=7.9452 MeV
          BetheBloch : Emin=7.9452 MeV Emax=  100 TeV

msc:  for anti_proton  SubType= 10
      ===== EM models for the G4Region  DefaultRegionForTheWorld ======
        WentzelVIUni : Emin=    0 eV  Emax=  100 TeV Nbins=84 100 eV  - 100 TeV
          StepLim=Minimal Rfact=0.2 Gfact=2.5 Sfact=0.6 DispFlag:0 Skin=1 Llim=1 mm

hIoni:  for anti_proton  XStype:3  SubType=2
      dE/dx and range tables from 100 eV  to 100 TeV in 84 bins
      Lambda tables from threshold to 100 TeV, 7 bins/decade, spline: 1
      StepFunction=(0.2, 0.1 mm), integ: 3, fluct: 1, linLossLim= 0.01
      ===== EM models for the G4Region  DefaultRegionForTheWorld ======
            ICRU73QO : Emin=    0 eV  Emax=    2 MeV
          BetheBloch : Emin=    2 MeV Emax=  100 TeV

hBrems:  for anti_proton  XStype:1  SubType=3
      dE/dx and range tables from 100 eV  to 100 TeV in 84 bins
      Lambda tables from threshold to 100 TeV, 7 bins/decade, spline: 1
      ===== EM models for the G4Region  DefaultRegionForTheWorld ======
               hBrem : Emin=    0 eV  Emax=  100 TeV  ModifiedMephi

hPairProd:  for anti_proton  XStype:1  SubType=4
      dE/dx and range tables from 100 eV  to 100 TeV in 84 bins
      Lambda tables from threshold to 100 TeV, 7 bins/decade, spline: 1
      Sampling table 17x1001; from 7.50618 GeV to 100 TeV 
      ===== EM models for the G4Region  DefaultRegionForTheWorld ======
           hPairProd : Emin=    0 eV  Emax=  100 TeV  ModifiedMephi

CoulombScat:  for anti_proton XStype:1 SubType=1 BuildTable=1
      Lambda table from threshold  to 100 TeV, 7 bins/decade, spline: 0
      ThetaMin(p) < Theta(degree) < 180, pLimit(GeV^1)= 0.139531
      ===== EM models for the G4Region  DefaultRegionForTheWorld ======
  eCoulombScattering : Emin=    0 eV  Emax=  100 TeV

msc:  for kaon+  SubType= 10
      ===== EM models for the G4Region  DefaultRegionForTheWorld ======
        WentzelVIUni : Emin=    0 eV  Emax=  100 TeV Nbins=84 100 eV  - 100 TeV
          StepLim=Minimal Rfact=0.2 Gfact=2.5 Sfact=0.6 DispFlag:0 Skin=1 Llim=1 mm

hIoni:  for kaon+  XStype:3  SubType=2
      dE/dx and range tables from 100 eV  to 100 TeV in 84 bins
      Lambda tables from threshold to 100 TeV, 7 bins/decade, spline: 1
      StepFunction=(0.2, 0.1 mm), integ: 3, fluct: 1, linLossLim= 0.01
      ===== EM models for the G4Region  DefaultRegionForTheWorld ======
               Bragg : Emin=    0 eV  Emax=1.05231 MeV
          BetheBloch : Emin=1.05231 MeV Emax=  100 TeV

hBrems:  for kaon+  XStype:1  SubType=3
      dE/dx and range tables from 100 eV  to 100 TeV in 84 bins
      Lambda tables from threshold to 100 TeV, 7 bins/decade, spline: 1
      ===== EM models for the G4Region  DefaultRegionForTheWorld ======
               hBrem : Emin=    0 eV  Emax=  100 TeV  ModifiedMephi

hPairProd:  for kaon+  XStype:1  SubType=4
      dE/dx and range tables from 100 eV  to 100 TeV in 84 bins
      Lambda tables from threshold to 100 TeV, 7 bins/decade, spline: 1
      Sampling table 18x1001; from 3.94942 GeV to 100 TeV 
      ===== EM models for the G4Region  DefaultRegionForTheWorld ======
           hPairProd : Emin=    0 eV  Emax=  100 TeV  ModifiedMephi

CoulombScat:  for kaon+ XStype:1 SubType=1 BuildTable=1
      Lambda table from threshold  to 100 TeV, 7 bins/decade, spline: 0
      ThetaMin(p) < Theta(degree) < 180, pLimit(GeV^1)= 0.139531
      ===== EM models for the G4Region  DefaultRegionForTheWorld ======
  eCoulombScattering : Emin=    0 eV  Emax=  100 TeV

msc:  for kaon-  SubType= 10
      ===== EM models for the G4Region  DefaultRegionForTheWorld ======
        WentzelVIUni : Emin=    0 eV  Emax=  100 TeV Nbins=84 100 eV  - 100 TeV
          StepLim=Minimal Rfact=0.2 Gfact=2.5 Sfact=0.6 DispFlag:0 Skin=1 Llim=1 mm

hIoni:  for kaon-  XStype:3  SubType=2
      dE/dx and range tables from 100 eV  to 100 TeV in 84 bins
      Lambda tables from threshold to 100 TeV, 7 bins/decade, spline: 1
      StepFunction=(0.2, 0.1 mm), integ: 3, fluct: 1, linLossLim= 0.01
      ===== EM models for the G4Region  DefaultRegionForTheWorld ======
            ICRU73QO : Emin=    0 eV  Emax=1.05231 MeV
          BetheBloch : Emin=1.05231 MeV Emax=  100 TeV

hBrems:  for kaon-  XStype:1  SubType=3
      dE/dx and range tables from 100 eV  to 100 TeV in 84 bins
      Lambda tables from threshold to 100 TeV, 7 bins/decade, spline: 1
      ===== EM models for the G4Region  DefaultRegionForTheWorld ======
               hBrem : Emin=    0 eV  Emax=  100 TeV  ModifiedMephi

hPairProd:  for kaon-  XStype:1  SubType=4
      dE/dx and range tables from 100 eV  to 100 TeV in 84 bins
      Lambda tables from threshold to 100 TeV, 7 bins/decade, spline: 1
      Sampling table 18x1001; from 3.94942 GeV to 100 TeV 
      ===== EM models for the G4Region  DefaultRegionForTheWorld ======
           hPairProd : Emin=    0 eV  Emax=  100 TeV  ModifiedMephi

CoulombScat:  for kaon- XStype:1 SubType=1 BuildTable=1
      Used Lambda table of kaon+
      ThetaMin(p) < Theta(degree) < 180, pLimit(GeV^1)= 0.139531
      ===== EM models for the G4Region  DefaultRegionForTheWorld ======
  eCoulombScattering : Emin=    0 eV  Emax=  100 TeV

msc:  for mu+  SubType= 10
      ===== EM models for the G4Region  DefaultRegionForTheWorld ======
        WentzelVIUni : Emin=    0 eV  Emax=  100 TeV Nbins=84 100 eV  - 100 TeV
          StepLim=Minimal Rfact=0.2 Gfact=2.5 Sfact=0.6 DispFlag:0 Skin=1 Llim=1 mm

muIoni:  for mu+  XStype:3  SubType=2
      dE/dx and range tables from 100 eV  to 100 TeV in 84 bins
      Lambda tables from threshold to 100 TeV, 7 bins/decade, spline: 1
      StepFunction=(0.2, 0.1 mm), integ: 3, fluct: 1, linLossLim= 0.01
      ===== EM models for the G4Region  DefaultRegionForTheWorld ======
               Bragg : Emin=    0 eV  Emax=  200 keV
        MuBetheBloch : Emin=  200 keV Emax=  100 TeV

muBrems:  for mu+  XStype:1  SubType=3
      dE/dx and range tables from 100 eV  to 100 TeV in 84 bins
      Lambda tables from threshold to 100 TeV, 7 bins/decade, spline: 1
      ===== EM models for the G4Region  DefaultRegionForTheWorld ======
              MuBrem : Emin=    0 eV  Emax=  100 TeV  ModifiedMephi

muPairProd:  for mu+  XStype:1  SubType=4
      dE/dx and range tables from 100 eV  to 100 TeV in 84 bins
      Lambda tables from threshold to 100 TeV, 7 bins/decade, spline: 1
      Sampling table 21x1001; from 0.85 GeV to 100 TeV 
      ===== EM models for the G4Region  DefaultRegionForTheWorld ======
          muPairProd : Emin=    0 eV  Emax=  100 TeV  ModifiedMephi

CoulombScat:  for mu+ XStype:1 SubType=1 BuildTable=1
      Lambda table from threshold  to 100 TeV, 7 bins/decade, spline: 0
      ThetaMin(p) < Theta(degree) < 180, pLimit(GeV^1)= 0.139531
      ===== EM models for the G4Region  DefaultRegionForTheWorld ======
  eCoulombScattering : Emin=    0 eV  Emax=  100 TeV

msc:  for mu-  SubType= 10
      ===== EM models for the G4Region  DefaultRegionForTheWorld ======
        WentzelVIUni : Emin=    0 eV  Emax=  100 TeV Nbins=84 100 eV  - 100 TeV
          StepLim=Minimal Rfact=0.2 Gfact=2.5 Sfact=0.6 DispFlag:0 Skin=1 Llim=1 mm

muIoni:  for mu-  XStype:3  SubType=2
      dE/dx and range tables from 100 eV  to 100 TeV in 84 bins
      Lambda tables from threshold to 100 TeV, 7 bins/decade, spline: 1
      StepFunction=(0.2, 0.1 mm), integ: 3, fluct: 1, linLossLim= 0.01
      ===== EM models for the G4Region  DefaultRegionForTheWorld ======
            ICRU73QO : Emin=    0 eV  Emax=  200 keV
        MuBetheBloch : Emin=  200 keV Emax=  100 TeV

muBrems:  for mu-  XStype:1  SubType=3
      dE/dx and range tables from 100 eV  to 100 TeV in 84 bins
      Lambda tables from threshold to 100 TeV, 7 bins/decade, spline: 1
      ===== EM models for the G4Region  DefaultRegionForTheWorld ======
              MuBrem : Emin=    0 eV  Emax=  100 TeV  ModifiedMephi

muPairProd:  for mu-  XStype:1  SubType=4
      dE/dx and range tables from 100 eV  to 100 TeV in 84 bins
      Lambda tables from threshold to 100 TeV, 7 bins/decade, spline: 1
      Sampling table 21x1001; from 0.85 GeV to 100 TeV 
      ===== EM models for the G4Region  DefaultRegionForTheWorld ======
          muPairProd : Emin=    0 eV  Emax=  100 TeV  ModifiedMephi

CoulombScat:  for mu- XStype:1 SubType=1 BuildTable=1
      Used Lambda table of mu+
      ThetaMin(p) < Theta(degree) < 180, pLimit(GeV^1)= 0.139531
      ===== EM models for the G4Region  DefaultRegionForTheWorld ======
  eCoulombScattering : Emin=    0 eV  Emax=  100 TeV

msc:  for pi+  SubType= 10
      ===== EM models for the G4Region  DefaultRegionForTheWorld ======
        WentzelVIUni : Emin=    0 eV  Emax=  100 TeV Nbins=84 100 eV  - 100 TeV
          StepLim=Minimal Rfact=0.2 Gfact=2.5 Sfact=0.6 DispFlag:0 Skin=1 Llim=1 mm

hIoni:  for pi+  XStype:3  SubType=2
      dE/dx and range tables from 100 eV  to 100 TeV in 84 bins
      Lambda tables from threshold to 100 TeV, 7 bins/decade, spline: 1
      StepFunction=(0.2, 0.1 mm), integ: 3, fluct: 1, linLossLim= 0.01
      ===== EM models for the G4Region  DefaultRegionForTheWorld ======
               Bragg : Emin=    0 eV  Emax=297.505 keV
          BetheBloch : Emin=297.505 keV Emax=  100 TeV

hBrems:  for pi+  XStype:1  SubType=3
      dE/dx and range tables from 100 eV  to 100 TeV in 84 bins
      Lambda tables from threshold to 100 TeV, 7 bins/decade, spline: 1
      ===== EM models for the G4Region  DefaultRegionForTheWorld ======
               hBrem : Emin=    0 eV  Emax=  100 TeV  ModifiedMephi

hPairProd:  for pi+  XStype:1  SubType=4
      dE/dx and range tables from 100 eV  to 100 TeV in 84 bins
      Lambda tables from threshold to 100 TeV, 7 bins/decade, spline: 1
      Sampling table 20x1001; from 1.11656 GeV to 100 TeV 
      ===== EM models for the G4Region  DefaultRegionForTheWorld ======
           hPairProd : Emin=    0 eV  Emax=  100 TeV  ModifiedMephi

CoulombScat:  for pi+ XStype:1 SubType=1 BuildTable=1
      Lambda table from threshold  to 100 TeV, 7 bins/decade, spline: 0
      ThetaMin(p) < Theta(degree) < 180, pLimit(GeV^1)= 0.139531
      ===== EM models for the G4Region  DefaultRegionForTheWorld ======
  eCoulombScattering : Emin=    0 eV  Emax=  100 TeV

msc:  for pi-  SubType= 10
      ===== EM models for the G4Region  DefaultRegionForTheWorld ======
        WentzelVIUni : Emin=    0 eV  Emax=  100 TeV Nbins=84 100 eV  - 100 TeV
          StepLim=Minimal Rfact=0.2 Gfact=2.5 Sfact=0.6 DispFlag:0 Skin=1 Llim=1 mm

hIoni:  for pi-  XStype:3  SubType=2
      dE/dx and range tables from 100 eV  to 100 TeV in 84 bins
      Lambda tables from threshold to 100 TeV, 7 bins/decade, spline: 1
      StepFunction=(0.2, 0.1 mm), integ: 3, fluct: 1, linLossLim= 0.01
      ===== EM models for the G4Region  DefaultRegionForTheWorld ======
            ICRU73QO : Emin=    0 eV  Emax=297.505 keV
          BetheBloch : Emin=297.505 keV Emax=  100 TeV

hBrems:  for pi-  XStype:1  SubType=3
      dE/dx and range tables from 100 eV  to 100 TeV in 84 bins
      Lambda tables from threshold to 100 TeV, 7 bins/decade, spline: 1
      ===== EM models for the G4Region  DefaultRegionForTheWorld ======
               hBrem : Emin=    0 eV  Emax=  100 TeV  ModifiedMephi

hPairProd:  for pi-  XStype:1  SubType=4
      dE/dx and range tables from 100 eV  to 100 TeV in 84 bins
      Lambda tables from threshold to 100 TeV, 7 bins/decade, spline: 1
      Sampling table 20x1001; from 1.11656 GeV to 100 TeV 
      ===== EM models for the G4Region  DefaultRegionForTheWorld ======
           hPairProd : Emin=    0 eV  Emax=  100 TeV  ModifiedMephi

CoulombScat:  for pi- XStype:1 SubType=1 BuildTable=1
      Used Lambda table of pi+
      ThetaMin(p) < Theta(degree) < 180, pLimit(GeV^1)= 0.139531
      ===== EM models for the G4Region  DefaultRegionForTheWorld ======
  eCoulombScattering : Emin=    0 eV  Emax=  100 TeV

====================================================================
                  HADRONIC PROCESSES SUMMARY (verbose level 1)
-----------------------------------------------------------------------
                           Hadronic Processes for neutron
  Process: hadElastic
        Model:             hElasticCHIPS: 0 eV  ---> 100 TeV
     Cr_sctns:        G4NeutronElasticXS: 0 eV  ---> 100 TeV
  Process: neutronInelastic
        Model:                      QGSP: 12 GeV ---> 100 TeV
        Model:                      FTFP: 3 GeV ---> 25 GeV
        Model:            Binary Cascade: 0 eV  ---> 6 GeV
     Cr_sctns:      G4NeutronInelasticXS: 0 eV  ---> 100 TeV
  Process: nCapture
        Model:               nRadCapture: 0 eV  ---> 100 TeV
     Cr_sctns:        G4NeutronCaptureXS: 0 eV  ---> 100 TeV
  Process: nKiller
-----------------------------------------------------------------------
                           Hadronic Processes for GenericIon
  Process: ionElastic
        Model:          NNDiffuseElastic: 0 eV /n ---> 100 TeV/n
     Cr_sctns:  Glauber-Gribov Nucl-nucl: 0 eV  ---> 25.6 PeV
  Process: ionInelastic
        Model:  Binary Light Ion Cascade: 0 eV /n ---> 6 GeV/n
        Model:                      FTFP: 3 GeV/n ---> 100 TeV/n
     Cr_sctns:  Glauber-Gribov Nucl-nucl: 0 eV  ---> 25.6 PeV
-----------------------------------------------------------------------
                           Hadronic Processes for He3
  Process: hadElastic
        Model:              hElasticLHEP: 0 eV /n ---> 100 TeV/n
     Cr_sctns:  Glauber-Gribov Nucl-nucl: 0 eV  ---> 25.6 PeV
  Process: He3Inelastic
        Model:  Binary Light Ion Cascade: 0 eV /n ---> 6 GeV/n
        Model:                      FTFP: 3 GeV/n ---> 100 TeV/n
     Cr_sctns:  Glauber-Gribov Nucl-nucl: 0 eV  ---> 25.6 PeV
-----------------------------------------------------------------------
                           Hadronic Processes for alpha
  Process: hadElastic
        Model:              hElasticLHEP: 0 eV /n ---> 100 TeV/n
     Cr_sctns:  Glauber-Gribov Nucl-nucl: 0 eV  ---> 25.6 PeV
  Process: alphaInelastic
        Model:  Binary Light Ion Cascade: 0 eV /n ---> 6 GeV/n
        Model:                      FTFP: 3 GeV/n ---> 100 TeV/n
     Cr_sctns:  Glauber-Gribov Nucl-nucl: 0 eV  ---> 25.6 PeV
-----------------------------------------------------------------------
                           Hadronic Processes for anti_He3
  Process: hadElastic
        Model:              hElasticLHEP: 0 eV /n ---> 100.1 MeV/n
        Model:              AntiAElastic: 100 MeV/n ---> 100 TeV/n
     Cr_sctns:              AntiAGlauber: 0 eV  ---> 25.6 PeV
  Process: anti_He3Inelastic
        Model:                      FTFP: 0 eV /n ---> 100 TeV/n
     Cr_sctns:              AntiAGlauber: 0 eV  ---> 25.6 PeV
  Process: hFritiofCaptureAtRest
-----------------------------------------------------------------------
                           Hadronic Processes for anti_alpha
  Process: hadElastic
        Model:              hElasticLHEP: 0 eV /n ---> 100.1 MeV/n
        Model:              AntiAElastic: 100 MeV/n ---> 100 TeV/n
     Cr_sctns:              AntiAGlauber: 0 eV  ---> 25.6 PeV
  Process: anti_alphaInelastic
        Model:                      FTFP: 0 eV /n ---> 100 TeV/n
     Cr_sctns:              AntiAGlauber: 0 eV  ---> 25.6 PeV
  Process: hFritiofCaptureAtRest
-----------------------------------------------------------------------
                           Hadronic Processes for anti_deuteron
  Process: hadElastic
        Model:              hElasticLHEP: 0 eV /n ---> 100.1 MeV/n
        Model:              AntiAElastic: 100 MeV/n ---> 100 TeV/n
     Cr_sctns:              AntiAGlauber: 0 eV  ---> 25.6 PeV
  Process: anti_deuteronInelastic
        Model:                      FTFP: 0 eV /n ---> 100 TeV/n
     Cr_sctns:              AntiAGlauber: 0 eV  ---> 25.6 PeV
  Process: hFritiofCaptureAtRest
-------------------------------------------------------------------------
                           Hadronic Processes for anti_hypertriton
  Process: hFritiofCaptureAtRest
-----------------------------------------------------------------------
                           Hadronic Processes for anti_lambda
  Process: hadElastic
        Model:              hElasticLHEP: 0 eV  ---> 100 TeV
     Cr_sctns:            Glauber-Gribov: 0 eV  ---> 100 TeV
  Process: anti_lambdaInelastic
        Model:                      QGSP: 12 GeV ---> 100 TeV
        Model:                      FTFP: 0 eV  ---> 25 GeV
     Cr_sctns:            Glauber-Gribov: 0 eV  ---> 100 TeV
  Process: hFritiofCaptureAtRest
-----------------------------------------------------------------------
                           Hadronic Processes for anti_neutron
  Process: hadElastic
        Model:              hElasticLHEP: 0 eV  ---> 100.1 MeV
        Model:              AntiAElastic: 100 MeV ---> 100 TeV
     Cr_sctns:              AntiAGlauber: 0 eV  ---> 25.6 PeV
  Process: anti_neutronInelastic
        Model:                      FTFP: 0 eV  ---> 100 TeV
     Cr_sctns:              AntiAGlauber: 0 eV  ---> 25.6 PeV
  Process: hFritiofCaptureAtRest
-----------------------------------------------------------------------
                           Hadronic Processes for anti_proton
  Process: hadElastic
        Model:              hElasticLHEP: 0 eV  ---> 100.1 MeV
        Model:              AntiAElastic: 100 MeV ---> 100 TeV
     Cr_sctns:              AntiAGlauber: 0 eV  ---> 25.6 PeV
  Process: anti_protonInelastic
        Model:                      FTFP: 0 eV  ---> 100 TeV
     Cr_sctns:              AntiAGlauber: 0 eV  ---> 25.6 PeV
  Process: hFritiofCaptureAtRest
-----------------------------------------------------------------------
                           Hadronic Processes for anti_triton
  Process: hadElastic
        Model:              hElasticLHEP: 0 eV /n ---> 100.1 MeV/n
        Model:              AntiAElastic: 100 MeV/n ---> 100 TeV/n
     Cr_sctns:              AntiAGlauber: 0 eV  ---> 25.6 PeV
  Process: anti_tritonInelastic
        Model:                      FTFP: 0 eV /n ---> 100 TeV/n
     Cr_sctns:              AntiAGlauber: 0 eV  ---> 25.6 PeV
  Process: hFritiofCaptureAtRest
-----------------------------------------------------------------------
                           Hadronic Processes for deuteron
  Process: hadElastic
        Model:              hElasticLHEP: 0 eV /n ---> 100 TeV/n
     Cr_sctns:  Glauber-Gribov Nucl-nucl: 0 eV  ---> 25.6 PeV
  Process: dInelastic
        Model:  Binary Light Ion Cascade: 0 eV /n ---> 6 GeV/n
        Model:                      FTFP: 3 GeV/n ---> 100 TeV/n
     Cr_sctns:  Glauber-Gribov Nucl-nucl: 0 eV  ---> 25.6 PeV
-----------------------------------------------------------------------
                           Hadronic Processes for e+
  Process: positronNuclear
        Model:   G4ElectroVDNuclearModel: 0 eV  ---> 1 PeV
     Cr_sctns:          ElectroNuclearXS: 0 eV  ---> 100 TeV
-----------------------------------------------------------------------
                           Hadronic Processes for e-
  Process: electronNuclear
        Model:   G4ElectroVDNuclearModel: 0 eV  ---> 1 PeV
     Cr_sctns:          ElectroNuclearXS: 0 eV  ---> 100 TeV
-----------------------------------------------------------------------
                           Hadronic Processes for gamma
  Process: photonNuclear
        Model:               GammaNPreco: 0 eV  ---> 200 MeV
        Model:            BertiniCascade: 199 MeV ---> 6 GeV
        Model:           TheoFSGenerator: 3 GeV ---> 100 TeV
     Cr_sctns:            GammaNuclearXS: 0 eV  ---> 100 TeV
-----------------------------------------------------------------------
                           Hadronic Processes for kaon+
  Process: hadElastic
        Model:              hElasticLHEP: 0 eV  ---> 100 TeV
     Cr_sctns:            Glauber-Gribov: 0 eV  ---> 100 TeV
  Process: kaon+Inelastic
        Model:                      QGSP: 12 GeV ---> 100 TeV
        Model:                      FTFP: 3 GeV ---> 25 GeV
        Model:            BertiniCascade: 0 eV  ---> 6 GeV
     Cr_sctns:            Glauber-Gribov: 0 eV  ---> 100 TeV
-----------------------------------------------------------------------
                           Hadronic Processes for kaon-
  Process: hadElastic
        Model:              hElasticLHEP: 0 eV  ---> 100 TeV
     Cr_sctns:            Glauber-Gribov: 0 eV  ---> 100 TeV
  Process: kaon-Inelastic
        Model:                      QGSP: 12 GeV ---> 100 TeV
        Model:                      FTFP: 3 GeV ---> 25 GeV
        Model:            BertiniCascade: 0 eV  ---> 6 GeV
     Cr_sctns:            Glauber-Gribov: 0 eV  ---> 100 TeV
  Process: hBertiniCaptureAtRest
-----------------------------------------------------------------------
                           Hadronic Processes for lambda
  Process: hadElastic
        Model:              hElasticLHEP: 0 eV  ---> 100 TeV
     Cr_sctns:            Glauber-Gribov: 0 eV  ---> 100 TeV
  Process: lambdaInelastic
        Model:                      QGSP: 12 GeV ---> 100 TeV
        Model:                      FTFP: 3 GeV ---> 25 GeV
        Model:            BertiniCascade: 0 eV  ---> 6 GeV
     Cr_sctns:            Glauber-Gribov: 0 eV  ---> 100 TeV
-----------------------------------------------------------------------
                           Hadronic Processes for mu+
  Process: muonNuclear
        Model:      G4MuonVDNuclearModel: 0 eV  ---> 1 PeV
     Cr_sctns:     KokoulinMuonNuclearXS: 0 eV  ---> 100 TeV
-----------------------------------------------------------------------
                           Hadronic Processes for mu-
  Process: muonNuclear
        Model:      G4MuonVDNuclearModel: 0 eV  ---> 1 PeV
     Cr_sctns:     KokoulinMuonNuclearXS: 0 eV  ---> 100 TeV
  Process: muMinusCaptureAtRest
-----------------------------------------------------------------------
                           Hadronic Processes for pi+
  Process: hadElastic
        Model:           hElasticGlauber: 0 eV  ---> 100 TeV
     Cr_sctns:  BarashenkovGlauberGribov: 0 eV  ---> 100 TeV
  Process: pi+Inelastic
        Model:                      QGSP: 12 GeV ---> 100 TeV
        Model:                      FTFP: 3 GeV ---> 25 GeV
        Model:            BertiniCascade: 0 eV  ---> 6 GeV
     Cr_sctns:  BarashenkovGlauberGribov: 0 eV  ---> 100 TeV
-----------------------------------------------------------------------
                           Hadronic Processes for pi-
  Process: hadElastic
        Model:           hElasticGlauber: 0 eV  ---> 100 TeV
     Cr_sctns:  BarashenkovGlauberGribov: 0 eV  ---> 100 TeV
  Process: pi-Inelastic
        Model:                      QGSP: 12 GeV ---> 100 TeV
        Model:                      FTFP: 3 GeV ---> 25 GeV
        Model:            BertiniCascade: 0 eV  ---> 6 GeV
     Cr_sctns:  BarashenkovGlauberGribov: 0 eV  ---> 100 TeV
  Process: hBertiniCaptureAtRest
-----------------------------------------------------------------------
                           Hadronic Processes for proton
  Process: hadElastic
        Model:             hElasticCHIPS: 0 eV  ---> 100 TeV
     Cr_sctns:  BarashenkovGlauberGribov: 0 eV  ---> 100 TeV
  Process: protonInelastic
        Model:                      QGSP: 12 GeV ---> 100 TeV
        Model:                      FTFP: 3 GeV ---> 25 GeV
        Model:            Binary Cascade: 0 eV  ---> 6 GeV
     Cr_sctns:  BarashenkovGlauberGribov: 0 eV  ---> 100 TeV
-----------------------------------------------------------------------
                           Hadronic Processes for sigma-
  Process: hadElastic
        Model:              hElasticLHEP: 0 eV  ---> 100 TeV
     Cr_sctns:            Glauber-Gribov: 0 eV  ---> 100 TeV
  Process: sigma-Inelastic
        Model:                      QGSP: 12 GeV ---> 100 TeV
        Model:                      FTFP: 3 GeV ---> 25 GeV
        Model:            BertiniCascade: 0 eV  ---> 6 GeV
     Cr_sctns:            Glauber-Gribov: 0 eV  ---> 100 TeV
  Process: hBertiniCaptureAtRest
-----------------------------------------------------------------------
                           Hadronic Processes for triton
  Process: hadElastic
        Model:              hElasticLHEP: 0 eV /n ---> 100 TeV/n
     Cr_sctns:  Glauber-Gribov Nucl-nucl: 0 eV  ---> 25.6 PeV
  Process: tInelastic
        Model:  Binary Light Ion Cascade: 0 eV /n ---> 6 GeV/n
        Model:                      FTFP: 3 GeV/n ---> 100 TeV/n
     Cr_sctns:  Glauber-Gribov Nucl-nucl: 0 eV  ---> 25.6 PeV
=======================================================================
======       Geant4 Native Pre-compound Model Parameters       ========
=======================================================================
Type of pre-compound inverse x-section              3
Pre-compound model active                           1
Pre-compound excitation low energy                  100 keV
Pre-compound excitation high energy                 30 MeV
Angular generator for pre-compound model            1
Use NeverGoBack option for pre-compound model       0
Use SoftCutOff option for pre-compound model        0
Use CEM transitions for pre-compound model          1
Use GNASH transitions for pre-compound model        0
Use HETC submodel for pre-compound model            0
=======================================================================
======       Nuclear De-excitation Module Parameters           ========
=======================================================================
Type of de-excitation inverse x-section             3
Type of de-excitation factory                       Evaporation+GEM
Number of de-excitation channels                    68
Min excitation energy                               10 eV 
Min energy per nucleon for multifragmentation       200 GeV
Limit excitation energy for Fermi BreakUp           20 MeV
Level density (1/MeV)                               0.075
Use simple level density model                      1
Use discrete excitation energy of the residual      1
Time limit for long lived isomeres                  1 ns 
Isomer production flag                              1
Internal e- conversion flag                         1
Store e- internal conversion data                   0
Correlated gamma emission flag                      0
Max 2J for sampling of angular correlations         10
=======================================================================

=========================================================================
--> G4TaskRunManager::CreateAndStartWorkers() --> Initializing workers...
=========================================================================

SIPM_CONFIGSIPM_CONFIG cells=3600 cells_x=60 cells_y=60 active_mm= cells=3600 cells_x=60 cells_y=60 active_mm=3x3 recovery_ns=3x3 recovery_ns=3030 dcr_hz= dcr_hz=500000 dark_enabled=1 crosstalk=500000 dark_enabled=1 crosstalk=0.03 afterpulse_fast=0.01 window_start_ns=0.03 afterpulse_fast=-20 window_end_ns=0.01 window_start_ns=250-20 window_end_ns= sample_dt_ns=2500.5 sample_dt_ns= adc_bits=12 adc_lsb_pe=0.5 adc_bits=12 adc_lsb_pe=0.01 baseline_adc=0.01 baseline_adc=200200 overvoltage_V=3 temperature_C= overvoltage_V=25 trigger_recovery_model=3EXPONENTIAL gain_recovery_model=EXPONENTIAL_H1_SHARED temperature_C=
25 trigger_recovery_model=EXPONENTIAL gain_recovery_model=EXPONENTIAL_H1_SHARED
SIPM_CONFIG cells=3600 cells_x=60 cells_y=60 active_mm=3x3 recovery_ns=30 dcr_hz=500000 dark_enabled=1 crosstalk=0.03 afterpulse_fast=0.01 window_start_ns=-20 window_end_ns=250 sample_dt_ns=0.5SIPM_CONFIG adc_bits= cells=12 adc_lsb_pe=36000.01 baseline_adc= cells_x=60 cells_y=20060 active_mm= overvoltage_V=33 temperature_C=25 trigger_recovery_model=xEXPONENTIAL3 recovery_ns= gain_recovery_model=EXPONENTIAL_H1_SHARED
30 dcr_hz=500000 dark_enabled=1 crosstalk=0.03 afterpulse_fast=0.01 window_start_ns=-20 window_end_ns=250 sample_dt_ns=0.5 adc_bits=12 adc_lsb_pe=0.01 baseline_adc=200 overvoltage_V=3 temperature_C=25 trigger_recovery_model=EXPONENTIAL gain_recovery_model=EXPONENTIAL_H1_SHARED
SIPM_CONFIG cells=3600 cells_x=60 cells_y=60 active_mm=3x3 recovery_ns=30 dcr_hz=500000 dark_enabled=1 crosstalk=0.03 afterpulse_fast=0.01 window_start_ns=-20 window_end_ns=250 sample_dt_ns=0.5 adc_bits=12 adc_lsb_pe=0.01 baseline_adc=200 overvoltage_V=3 temperature_C=25 trigger_recovery_model=EXPONENTIAL gain_recovery_model=EXPONENTIAL_H1_SHARED
SIPM_CONFIG cells=3600 cells_x=60 cells_y=60 active_mm=3x3 recovery_ns=30 dcr_hz=500000 dark_enabled=1 crosstalk=0.03 afterpulse_fast=0.01 window_start_ns=-20 window_end_ns=250 sample_dt_ns=0.5 adc_bits=12 adc_lsb_pe=0.01 baseline_adc=200 overvoltage_V=3 temperature_C=25 trigger_recovery_model=EXPONENTIAL gain_recovery_model=EXPONENTIAL_H1_SHARED
SIPM_CONFIG cells=3600 cells_x=60 cells_y=60 active_mm=3x3 recovery_ns=30 dcr_hz=500000 dark_enabled=1 crosstalk=0.03 afterpulse_fast=0.01 window_start_ns=-20 window_end_ns=250 sample_dt_ns=0.5 adc_bits=12 adc_lsb_pe=0.01 baseline_adc=200 overvoltage_V=3 temperature_C=25 trigger_recovery_model=EXPONENTIAL gain_recovery_model=EXPONENTIAL_H1_SHARED
SIPM_CONFIG cells=3600 cells_x=60 cells_y=60 active_mm=3x3 recovery_ns=30 dcr_hz=500000 dark_enabled=1 crosstalk=0.03 afterpulse_fast=0.01 window_start_ns=-20 window_end_ns=250 sample_dt_ns=0.5 adc_bits=12 adc_lsb_pe=0.01 baseline_adc=200 overvoltage_V=3 temperature_C=25 trigger_recovery_model=EXPONENTIAL gain_recovery_model=EXPONENTIAL_H1_SHARED
SIPM_CONFIG cells=3600 cells_x=60 cells_y=60 active_mm=3x3 recovery_ns=30 dcr_hz=500000 dark_enabled=1 crosstalk=0.03 afterpulse_fast=0.01 window_start_ns=-20 window_end_ns=250 sample_dt_ns=0.5 adc_bits=12 adc_lsb_pe=0.01 baseline_adc=200 overvoltage_V=3 temperature_C=25 trigger_recovery_model=EXPONENTIAL gain_recovery_model=EXPONENTIAL_H1_SHARED
SIPM_CONFIG cells=3600 cells_x=60 cells_y=60 active_mm=3x3 recovery_ns=30 dcr_hz=500000 dark_enabled=1 crosstalk=0.03 afterpulse_fast=0.01 window_start_ns=-20 window_end_ns=250 sample_dt_ns=0.5 adc_bits=12 adc_lsb_pe=0.01 baseline_adc=200 overvoltage_V=3 temperature_C=25 trigger_recovery_model=EXPONENTIAL gain_recovery_model=EXPONENTIAL_H1_SHARED
SIPM_CONFIG cells=3600 cells_x=60 cells_y=60 active_mm=3x3 recovery_ns=30 dcr_hz=500000 dark_enabled=1 crosstalk=0.03 afterpulse_fast=0.01 window_start_ns=-20 window_end_ns=250 sample_dt_ns=0.5 adc_bits=12 adc_lsb_pe=0.01 baseline_adc=200 overvoltage_V=3 temperature_C=25 trigger_recovery_model=EXPONENTIAL gain_recovery_model=EXPONENTIAL_H1_SHARED
SIPM_CONFIG cells=3600 cells_x=60 cells_y=60 active_mm=3x3 recovery_ns=30 dcr_hz=500000 dark_enabled=1 crosstalk=0.03 afterpulse_fast=0.01 window_start_ns=-20 window_end_ns=250 sample_dt_ns=0.5 adc_bits=12 adc_lsb_pe=0.01 baseline_adc=200 overvoltage_V=3 temperature_C=25 trigger_recovery_model=EXPONENTIAL gain_recovery_model=EXPONENTIAL_H1_SHARED
SIPM_CONFIG cells=3600 cells_x=60 cells_y=60 active_mm=3x3 recovery_ns=30 dcr_hz=500000 dark_enabled=1 crosstalk=0.03 afterpulse_fast=0.01 window_start_ns=-20 window_end_ns=250 sample_dt_ns=0.5 adc_bits=12 adc_lsb_pe=0.01 baseline_adc=200 overvoltage_V=3 temperature_C=25 trigger_recovery_model=EXPONENTIAL gain_recovery_model=EXPONENTIAL_H1_SHARED
SIPM_CONFIG cells=3600 cells_x=60 cells_y=60 active_mm=3x3 recovery_ns=30 dcr_hz=500000 dark_enabled=1 crosstalk=0.03 afterpulse_fast=0.01 window_start_ns=-20 window_end_ns=250 sample_dt_ns=0.5 adc_bits=12 adc_lsb_pe=0.01 baseline_adc=200 overvoltage_V=3 temperature_C=25 trigger_recovery_model=EXPONENTIAL gain_recovery_model=EXPONENTIAL_H1_SHARED
SIPM_CONFIG cells=3600 cells_x=60 cells_y=60 active_mm=3x3 recovery_ns=30 dcr_hz=500000 dark_enabled=1 crosstalk=0.03 afterpulse_fast=0.01 window_start_ns=-20 window_end_ns=250 sample_dt_ns=0.5 adc_bits=12 adc_lsb_pe=0.01 baseline_adc=200 overvoltage_V=3 temperature_C=25 trigger_recovery_model=EXPONENTIAL gain_recovery_model=EXPONENTIAL_H1_SHARED
SIPM_CONFIG cells=3600 cells_x=60 cells_y=60 active_mm=3x3 recovery_ns=30 dcr_hz=500000 dark_enabled=1 crosstalk=0.03 afterpulse_fast=0.01 window_start_ns=-20 window_end_ns=250 sample_dt_ns=0.5 adc_bits=12 adc_lsb_pe=0.01 baseline_adc=200 overvoltage_V=3 temperature_C=25 trigger_recovery_model=EXPONENTIAL gain_recovery_model=EXPONENTIAL_H1_SHARED
CCB_NEUTRON_TIMECUT policy_id=pin_qgsp_bic_default_10us time_cut_us=10 status=PINNED_REFERENCE_DEFAULT
RUN_CONFIG particle=proton KE_MeV=5 nevents=1000 threads_requested=16 threads_effective=16 g4_force_threads=unset seed=1625 hit_x_cm=0 hit_y_cm=0 theta_deg=0 phi_deg=0 allow_miss=0 beam_profile_id=FIXED_POINT_NORMAL sample_position=0 hit_x_min_cm=0 hit_x_max_cm=0 hit_y_min_cm=0 hit_y_max_cm=0 sample_angle=0 theta_spread_deg=0 write_photon_ntuple=0 optical_max_time_ns=1000 optical_max_steps=200000 birks_kB=0.126 quenching_model_id=birks_geant4 quenching_model_status=HYPOTHESIS quenching_claims_authorized=false production_cut_mm=0.1 physics_list=QGSP_BIC neutron_timecut_policy_id=pin_qgsp_bic_default_10us neutron_time_cut_us=10 neutron_tracking_time_cut_configured=1 neutron_diagnostics=0 reflectivity_scale=1 attenuation_scale(deprecated)=1 scintillator_absorption_scale=1 y11_bulk_attenuation_scale=1 pde_scale=1 collection_efficiency=1 optical_interface_model=UNKNOWN_EXTERNAL far_end=instrumented wls_time_profile=exponential wls_fluorescence_model=geant4_default_one_secondary wls_fluorescence_yield=0.7 mode=optical optical_dir=/projects/hep/fs10/shared/nnbar/billy/ccb-wt-1623/geant4/single_stave/build/optical strict_optical=1 output=/projects/hep/fs10/shared/nnbar/billy/ccb1623_campaign/stave_proton_5MeV_B_s1625.root gpu_optical=0 optical_out= dump_gdml= geometry_hash=e323b92195f9a6288944f0738dbadccf9386422f076362ca172fd0b6d119d1e1

==========================================================================================
--> G4TaskRunManager::CreateAndStartWorkers() --> Creating 32 tasks with 31 events/task...
==========================================================================================

SIPM_ARRIVALS event=279 total=264
SIPM_ADC event=279 readout=1273 f1far=1291 f2near=1603 f2far=974
SIPM_ARRIVALS event=372 total=256
SIPM_ADC event=372 readout=1331 f1far=1116 f2near=1186 f2far=1215
SIPM_ARRIVALS event=31 total=257
SIPM_ADC event=31 readout=1544 f1far=907 f2near=1536 f2far=927
SIPM_ARRIVALS event=0 total=250
SIPM_ADC event=0 readout=1111 f1far=802 f2near=1217 f2far=1105
SIPM_ARRIVALS event=155 total=255
SIPM_ADC event=155 readout=1061 f1far=1087 f2near=964 f2far=864
SIPM_ARRIVALS event=403 total=271
SIPM_ADC event=403 readout=822 f1far=1239 f2near=1567 f2far=1083
SIPM_ARRIVALS event=124 total=228
SIPM_ADC event=124 readout=1265 f1far=958 f2near=810 f2far=936
SIPM_ARRIVALS event=310 total=254
SIPM_ADC event=310 readout=742 f1far=1223 f2near=900 f2far=883
SIPM_ARRIVALS event=186 total=286
SIPM_ADC event=186 readout=1140 f1far=1067 f2near=1171 f2far=1169
SIPM_ARRIVALS event=62 total=266
SIPM_ADC event=62 readout=765 f1far=1081 f2near=1288 f2far=1780
SIPM_ARRIVALS event=93 total=248
SIPM_ADC event=93 readout=1056 f1far=1096 f2near=1924 f2far=1041
SIPM_ARRIVALS event=248 total=280
SIPM_ADC event=248 readout=1747 f1far=1322 f2near=1130 f2far=1010
SIPM_ARRIVALS event=434 total=267
SIPM_ADC event=434 readout=1046 f1far=709 f2near=953 f2far=1118
SIPM_ARRIVALS event=465 total=270
SIPM_ADC event=465 readout=1154 f1far=1237 f2near=817 f2far=971
SIPM_ARRIVALS event=217 total=252
SIPM_ADC event=217 readout=671 f1far=883 f2near=1388 f2far=1274
SIPM_ARRIVALS event=341 total=247
SIPM_ADC event=341 readout=793 f1far=1311 f2near=675 f2far=1101
SIPM_ARRIVALS event=404 total=247
SIPM_ADC event=404 readout=1246 f1far=894 f2near=835 f2far=722
SIPM_ARRIVALS event=373 total=247
SIPM_ADC event=373 readout=1464 f1far=1041 f2near=1055 f2far=1239
SIPM_ARRIVALS event=156 total=258
SIPM_ADC event=156 readout=860 f1far=1372 f2near=1287 f2far=1709
SIPM_ARRIVALS event=249 total=272
SIPM_ADC event=249 readout=1429 f1far=1543 f2near=997 f2far=1394
SIPM_ARRIVALS event=342 total=266
SIPM_ADC event=342 readout=957 f1far=548 f2near=1497 f2far=1103
SIPM_ARRIVALS event=1 total=267
SIPM_ADC event=1 readout=1058 f1far=1061 f2near=1003 f2far=860
SIPM_ARRIVALS event=435 total=270
SIPM_ADC event=435 readout=745 f1far=728 f2near=1424 f2far=1935
SIPM_ARRIVALS event=63 total=263
SIPM_ADC event=63 readout=977 f1far=1059 f2near=1127 f2far=943
SIPM_ARRIVALS event=466 total=231
SIPM_ADC event=466 readout=1115 f1far=965 f2near=926 f2far=1136
SIPM_ARRIVALS event=32 total=262
SIPM_ADC event=32 readout=1029 f1far=1280 f2near=1153 f2far=1258
SIPM_ARRIVALS event=94 total=272
SIPM_ADC event=94 readout=1613 f1far=821 f2near=1071 f2far=1037
SIPM_ARRIVALS event=311 total=255
SIPM_ADC event=311 readout=1333 f1far=1556 f2near=956 f2far=724
SIPM_ARRIVALS event=280 total=284
SIPM_ADC event=280 readout=1446 f1far=641 f2near=952 f2far=1214
SIPM_ARRIVALS event=187 total=255
SIPM_ADC event=187 readout=1076 f1far=1231 f2near=1000 f2far=823
SIPM_ARRIVALS event=125 total=283
SIPM_ADC event=125 readout=1042 f1far=698 f2near=1362 f2far=794
SIPM_ARRIVALS event=218 total=272
SIPM_ADC event=218 readout=1480 f1far=950 f2near=865 f2far=953
SIPM_ARRIVALS event=250 total=263
SIPM_ADC event=250 readout=781 f1far=1219 f2near=1522 f2far=675
SIPM_ARRIVALS event=157 total=253
SIPM_ADC event=157 readout=912 f1far=1501 f2near=1567 f2far=1152
SIPM_ARRIVALS event=374 total=256
SIPM_ADC event=374 readout=1016 f1far=871 f2near=1094 f2far=1112
SIPM_ARRIVALS event=33 total=242
SIPM_ADC event=33 readout=659 f1far=1173 f2near=999 f2far=1410
SIPM_ARRIVALS event=405 total=258
SIPM_ADC event=405 readout=915 f1far=1161 f2near=896 f2far=1272
SIPM_ARRIVALS event=343 total=267
SIPM_ADC event=343 readout=925 f1far=1482 f2near=817 f2far=1060
SIPM_ARRIVALS event=281 total=256
SIPM_ADC event=281 readout=837 f1far=989 f2near=1276 f2far=1408
SIPM_ARRIVALS event=436 total=294
SIPM_ADC event=436 readout=889 f1far=1823 f2near=789 f2far=1528
SIPM_ARRIVALS event=312 total=252
SIPM_ADC event=312 readout=659 f1far=1085 f2near=881 f2far=1323
SIPM_ARRIVALS event=126 total=266
SIPM_ADC event=126 readout=1029 f1far=997 f2near=838 f2far=1103
SIPM_ARRIVALS event=64 total=240
SIPM_ADC event=64 readout=1027 f1far=1518 f2near=571 f2far=1042
SIPM_ARRIVALS event=2 total=260
SIPM_ADC event=2 readout=1330 f1far=1052 f2near=606 f2far=1287
SIPM_ARRIVALS event=188 total=264
SIPM_ADC event=188 readout=1087 f1far=1031 f2near=1326 f2far=669
SIPM_ARRIVALS event=467 total=284
SIPM_ADC event=467 readout=1354 f1far=1232 f2near=1196 f2far=1274
SIPM_ARRIVALS event=95 total=262
SIPM_ADC event=95 readout=1507 f1far=751 f2near=508 f2far=1192
SIPM_ARRIVALS event=219 total=236
SIPM_ADC event=219 readout=1124 f1far=1337 f2near=871 f2far=859
SIPM_ARRIVALS event=251 total=248
SIPM_ADC event=251 readout=1022 f1far=711 f2near=1370 f2far=1207
SIPM_ARRIVALS event=375 total=257
SIPM_ADC event=375 readout=1216 f1far=1030 f2near=972 f2far=1058
SIPM_ARRIVALS event=34 total=256
SIPM_ADC event=34 readout=1116 f1far=1270 f2near=696 f2far=878
SIPM_ARRIVALS event=313 total=259
SIPM_ADC event=313 readout=1499 f1far=1167 f2near=1038 f2far=981
SIPM_ARRIVALS event=158 total=267
SIPM_ADC event=158 readout=1099 f1far=1065 f2near=944 f2far=1053
SIPM_ARRIVALS event=406 total=288
SIPM_ADC event=406 readout=716 f1far=1085 f2near=1167 f2far=1298
SIPM_ARRIVALS event=344 total=253
SIPM_ADC event=344 readout=991 f1far=1006 f2near=961 f2far=722
SIPM_ARRIVALS event=437 total=251
SIPM_ADC event=437 readout=1184 f1far=933 f2near=857 f2far=1487
SIPM_ARRIVALS event=65 total=252
SIPM_ADC event=65 readout=1010 f1far=398 f2near=833 f2far=946
SIPM_ARRIVALS event=127 total=249
SIPM_ADC event=127 readout=652 f1far=1123 f2near=1032 f2far=983
SIPM_ARRIVALS event=282 total=263
SIPM_ADC event=282 readout=1035 f1far=1793 f2near=1484 f2far=1518
SIPM_ARRIVALS event=3 total=282
SIPM_ADC event=3 readout=811 f1far=916 f2near=1348 f2far=670
SIPM_ARRIVALS event=96 total=271
SIPM_ADC event=96 readout=1305 f1far=1102 f2near=1028 f2far=723
SIPM_ARRIVALS event=468 total=266
SIPM_ADC event=468 readout=1202 f1far=1154 f2near=1205 f2far=1044
SIPM_ARRIVALS event=189 total=269
SIPM_ADC event=189 readout=946 f1far=898 f2near=1462 f2far=1763
SIPM_ARRIVALS event=220 total=272
SIPM_ADC event=220 readout=1068 f1far=1129 f2near=1067 f2far=636
SIPM_ARRIVALS event=376 total=250
SIPM_ADC event=376 readout=1566 f1far=895 f2near=913 f2far=1470
SIPM_ARRIVALS event=252 total=271
SIPM_ADC event=252 readout=854 f1far=1071 f2near=990 f2far=759
SIPM_ARRIVALS event=35 total=252
SIPM_ADC event=35 readout=1275 f1far=1248 f2near=1121 f2far=543
SIPM_ARRIVALS event=314 total=237
SIPM_ADC event=314 readout=1220 f1far=1105 f2near=916 f2far=918
SIPM_ARRIVALS event=407 total=260
SIPM_ADC event=407 readout=1122 f1far=1229 f2near=936 f2far=1153
SIPM_ARRIVALS event=159 total=261
SIPM_ADC event=159 readout=1005 f1far=1055 f2near=725 f2far=1401
SIPM_ARRIVALS event=345 total=243
SIPM_ADC event=345 readout=1025 f1far=813 f2near=962 f2far=1402
SIPM_ARRIVALS event=283 total=251
SIPM_ADC event=283 readout=976 f1far=1035 f2near=1199 f2far=1090
SIPM_ARRIVALS event=469 total=257
SIPM_ADC event=469 readout=1148 f1far=825 f2near=1336 f2far=953
SIPM_ARRIVALS event=66 total=265
SIPM_ADC event=66 readout=610 f1far=1207 f2near=1467 f2far=1235
SIPM_ARRIVALS event=4 total=281
SIPM_ADC event=4 readout=1347 f1far=1046 f2near=1289 f2far=935
SIPM_ARRIVALS event=128 total=268
SIPM_ADC event=128 readout=824 f1far=1301 f2near=1261 f2far=668
SIPM_ARRIVALS event=438 total=276
SIPM_ARRIVALS event=190 total=257
SIPM_ADC event=438 readout=1075 f1far=750 f2near=1033 f2far=1577
SIPM_ADC event=190 readout=1139 f1far=1278 f2near=1130 f2far=1050
SIPM_ARRIVALS event=97 total=254
SIPM_ADC event=97 readout=1338 f1far=844 f2near=1429 f2far=1007
SIPM_ARRIVALS event=221 total=274
SIPM_ADC event=221 readout=1357 f1far=1343 f2near=734 f2far=714
SIPM_ARRIVALS event=253 total=257
SIPM_ADC event=253 readout=1709 f1far=1104 f2near=772 f2far=1046
SIPM_ARRIVALS event=377 total=271
SIPM_ADC event=377 readout=1412 f1far=918 f2near=655 f2far=1369
SIPM_ARRIVALS event=315 total=242
SIPM_ADC event=315 readout=1170 f1far=860 f2near=971 f2far=1282
SIPM_ARRIVALS event=36 total=252
SIPM_ADC event=36 readout=867 f1far=837 f2near=991 f2far=987
SIPM_ARRIVALS event=408 total=275
SIPM_ADC event=408 readout=1046 f1far=810 f2near=1382 f2far=968
SIPM_ARRIVALS event=160 total=288
SIPM_ADC event=160 readout=1165 f1far=1429 f2near=1218 f2far=1166
SIPM_ARRIVALS event=67 total=243
SIPM_ADC event=67 readout=1162 f1far=907 f2near=863 f2far=1161
SIPM_ARRIVALS event=284 total=274
SIPM_ADC event=284 readout=1557 f1far=1121 f2near=1250 f2far=1598
SIPM_ARRIVALS event=129 total=235
SIPM_ADC event=129 readout=916 f1far=926 f2near=938 f2far=1253
SIPM_ARRIVALS event=346 total=277
SIPM_ADC event=346 readout=1005 f1far=1048 f2near=1027 f2far=1367
SIPM_ARRIVALS event=5 total=257
SIPM_ADC event=5 readout=854 f1far=959 f2near=723 f2far=1271
SIPM_ARRIVALS event=470 total=293
SIPM_ADC event=470 readout=1278 f1far=1081 f2near=660 f2far=1272
SIPM_ARRIVALS event=191 total=283
SIPM_ADC event=191 readout=1116 f1far=1216 f2near=1342 f2far=1185
SIPM_ARRIVALS event=439 total=262
SIPM_ADC event=439 readout=1202 f1far=1404 f2near=975 f2far=1652
SIPM_ARRIVALS event=222 total=268
SIPM_ADC event=222 readout=660 f1far=641 f2near=945 f2far=1400
SIPM_ARRIVALS event=98 total=262
SIPM_ADC event=98 readout=903 f1far=1429 f2near=1128 f2far=1246
SIPM_ARRIVALS event=378 total=261
SIPM_ADC event=378 readout=1002 f1far=1201 f2near=1423 f2far=952
SIPM_ARRIVALS event=254 total=240
SIPM_ADC event=254 readout=1450 f1far=927 f2near=1151 f2far=921
SIPM_ARRIVALS event=316 total=260
SIPM_ADC event=316 readout=975 f1far=1009 f2near=999 f2far=1321
SIPM_ARRIVALS event=409 total=276
SIPM_ADC event=409 readout=742 f1far=1417 f2near=1003 f2far=1035
SIPM_ARRIVALS event=37 total=259
SIPM_ADC event=37 readout=717 f1far=1003 f2near=655 f2far=896
SIPM_ARRIVALS event=161 total=257
SIPM_ADC event=161 readout=882 f1far=1536 f2near=1283 f2far=1085
SIPM_ARRIVALS event=68 total=247
SIPM_ADC event=68 readout=829 f1far=1330 f2near=917 f2far=1128
SIPM_ARRIVALS event=130 total=239
SIPM_ADC event=130 readout=966 f1far=1139 f2near=949 f2far=821
SIPM_ARRIVALS event=192 total=242
SIPM_ADC event=192 readout=839 f1far=783 f2near=1296 f2far=859
SIPM_ARRIVALS event=6 total=261
SIPM_ADC event=6 readout=1185 f1far=1008 f2near=869 f2far=686
SIPM_ARRIVALS event=471 total=277
SIPM_ADC event=471 readout=1504 f1far=857 f2near=1043 f2far=1099
SIPM_ARRIVALS event=347 total=247
SIPM_ADC event=347 readout=1039 f1far=1133 f2near=891 f2far=945
SIPM_ARRIVALS event=223 total=282
SIPM_ADC event=223 readout=1615 f1far=914 f2near=1127 f2far=1137
SIPM_ARRIVALS event=440 total=261
SIPM_ADC event=440 readout=1187 f1far=1098 f2near=993 f2far=919
SIPM_ARRIVALS event=285 total=273
SIPM_ADC event=285 readout=1050 f1far=1493 f2near=1328 f2far=1358
SIPM_ARRIVALS event=99 total=293
SIPM_ADC event=99 readout=1195 f1far=1435 f2near=1288 f2far=920
SIPM_ARRIVALS event=317 total=256
SIPM_ADC event=317 readout=955 f1far=858 f2near=915 f2far=1227
SIPM_ARRIVALS event=379 total=268
SIPM_ADC event=379 readout=1644 f1far=1326 f2near=1467 f2far=1183
SIPM_ARRIVALS event=255 total=246
SIPM_ADC event=255 readout=759 f1far=1074 f2near=1011 f2far=690
SIPM_ARRIVALS event=410 total=286
SIPM_ADC event=410 readout=1089 f1far=969 f2near=1066 f2far=1168
SIPM_ARRIVALS event=193 total=248
SIPM_ADC event=193 readout=1026 f1far=783 f2near=1227 f2far=1103
SIPM_ARRIVALS event=38 total=285
SIPM_ADC event=38 readout=1354 f1far=1014 f2near=950 f2far=889
SIPM_ARRIVALS event=162 total=286
SIPM_ADC event=162 readout=1161 f1far=1531 f2near=778 f2far=1466
SIPM_ARRIVALS event=131 total=263
SIPM_ADC event=131 readout=1228 f1far=1187 f2near=841 f2far=1332
SIPM_ARRIVALS event=7 total=297
SIPM_ADC event=7 readout=1615 f1far=1407 f2near=651 f2far=800
SIPM_ARRIVALS event=69 total=258
SIPM_ADC event=69 readout=823 f1far=1042 f2near=922 f2far=1071
SIPM_ARRIVALS event=100 total=269
SIPM_ADC event=100 readout=1219 f1far=1404 f2near=1170 f2far=977
SIPM_ARRIVALS event=286 total=269
SIPM_ADC event=286 readout=921 f1far=1060 f2near=1227 f2far=932
SIPM_ARRIVALS event=224 total=259
SIPM_ADC event=224 readout=1307 f1far=1256 f2near=1124 f2far=961
SIPM_ARRIVALS event=472 total=268
SIPM_ADC event=472 readout=1038 f1far=1362 f2near=1729 f2far=854
SIPM_ARRIVALS event=348 total=264
SIPM_ADC event=348 readout=653 f1far=1338 f2near=1142 f2far=748
SIPM_ARRIVALS event=441 total=269
SIPM_ADC event=441 readout=1657 f1far=747 f2near=1299 f2far=1198
SIPM_ARRIVALS event=318 total=268
SIPM_ADC event=318 readout=1187 f1far=1107 f2near=706 f2far=1101
SIPM_ARRIVALS event=256 total=279
SIPM_ADC event=256 readout=1105 f1far=1286 f2near=907 f2far=1330
SIPM_ARRIVALS event=380 total=243
SIPM_ADC event=380 readout=1215 f1far=1003 f2near=1022 f2far=545
SIPM_ARRIVALS event=411 total=241
SIPM_ADC event=411 readout=806 f1far=1232 f2near=1142 f2far=1007
SIPM_ARRIVALS event=194 total=281
SIPM_ADC event=194 readout=1123 f1far=1196 f2near=1790 f2far=1001
SIPM_ARRIVALS event=132 total=258
SIPM_ADC event=132 readout=896 f1far=779 f2near=1247 f2far=809
SIPM_ARRIVALS event=39 total=249
SIPM_ADC event=39 readout=1198 f1far=1397 f2near=995 f2far=1030
SIPM_ARRIVALS event=70 total=249
SIPM_ADC event=70 readout=548 f1far=909 f2near=1004 f2far=804
SIPM_ARRIVALS event=8 total=243
SIPM_ADC event=8 readout=965 f1far=871 f2near=1272 f2far=901
SIPM_ARRIVALS event=101 total=255
SIPM_ADC event=101 readout=1057 f1far=1453 f2near=1147 f2far=834
SIPM_ARRIVALS event=163 total=280
SIPM_ADC event=163 readout=1244 f1far=1332 f2near=884 f2far=1001
SIPM_ARRIVALS event=287 total=278
SIPM_ADC event=287 readout=939 f1far=993 f2near=920 f2far=1081
SIPM_ARRIVALS event=473 total=290
SIPM_ADC event=473 readout=1217 f1far=1224 f2near=1087 f2far=1163
SIPM_ARRIVALS event=442 total=270
SIPM_ADC event=442 readout=1135 f1far=916 f2near=1013 f2far=1329
SIPM_ARRIVALS event=225 total=251
SIPM_ADC event=225 readout=1142 f1far=569 f2near=1383 f2far=1325
SIPM_ARRIVALS event=349 total=249
SIPM_ADC event=349 readout=980 f1far=789 f2near=927 f2far=1024
SIPM_ARRIVALS event=257 total=264
SIPM_ADC event=257 readout=1175 f1far=1158 f2near=1155 f2far=904
SIPM_ARRIVALS event=381 total=257
SIPM_ADC event=381 readout=1364 f1far=1040 f2near=1229 f2far=832
SIPM_ARRIVALS event=319 total=237
SIPM_ADC event=319 readout=725 f1far=1507 f2near=998 f2far=1146
SIPM_ARRIVALS event=412 total=258
SIPM_ADC event=412 readout=933 f1far=992 f2near=962 f2far=903
SIPM_ARRIVALS event=195 total=253
SIPM_ADC event=195 readout=899 f1far=962 f2near=1099 f2far=868
SIPM_ARRIVALS event=474 total=241
SIPM_ADC event=474 readout=555 f1far=916 f2near=585 f2far=836
SIPM_ARRIVALS event=133 total=262
SIPM_ADC event=133 readout=839 f1far=1641 f2near=975 f2far=1003
SIPM_ARRIVALS event=102 total=301
SIPM_ADC event=102 readout=1320 f1far=1805 f2near=1176 f2far=1743
SIPM_ARRIVALS event=164 total=272
SIPM_ADC event=164 readout=613 f1far=1320 f2near=1098 f2far=942
SIPM_ARRIVALS event=40 total=262
SIPM_ADC event=40 readout=1005 f1far=1104 f2near=918 f2far=1013
SIPM_ARRIVALS event=71 total=257
SIPM_ADC event=71 readout=644 f1far=906 f2near=919 f2far=1656
SIPM_ARRIVALS event=9 total=278
SIPM_ADC event=9 readout=1350 f1far=1123 f2near=1313 f2far=1045
SIPM_ARRIVALS event=226 total=232
SIPM_ADC event=226 readout=1083 f1far=777 f2near=1399 f2far=929
SIPM_ARRIVALS event=288 total=255
SIPM_ADC event=288 readout=1152 f1far=921 f2near=1118 f2far=594
SIPM_ARRIVALS event=443 total=253
SIPM_ADC event=443 readout=744 f1far=994 f2near=1243 f2far=926
SIPM_ARRIVALS event=350 total=260
SIPM_ADC event=350 readout=1347 f1far=825 f2near=1243 f2far=1578
SIPM_ARRIVALS event=382 total=278
SIPM_ADC event=382 readout=1080 f1far=1124 f2near=1140 f2far=1559
SIPM_ARRIVALS event=320 total=261
SIPM_ADC event=320 readout=1446 f1far=1089 f2near=660 f2far=1161
SIPM_ARRIVALS event=413 total=278
SIPM_ADC event=413 readout=1337 f1far=906 f2near=1010 f2far=735
SIPM_ARRIVALS event=258 total=231
SIPM_ADC event=258 readout=799 f1far=680 f2near=963 f2far=1045
SIPM_ARRIVALS event=165 total=230
SIPM_ADC event=165 readout=1095 f1far=1042 f2near=868 f2far=739
SIPM_ARRIVALS event=196 total=262
SIPM_ADC event=196 readout=1055 f1far=1060 f2near=1300 f2far=1172
SIPM_ARRIVALS event=134 total=272
SIPM_ADC event=134 readout=908 f1far=779 f2near=1134 f2far=882
SIPM_ARRIVALS event=475 total=294
SIPM_ADC event=475 readout=1547 f1far=1426 f2near=1490 f2far=1175
SIPM_ARRIVALS event=103 total=261
SIPM_ADC event=103 readout=745 f1far=1149 f2near=779 f2far=1321
SIPM_ARRIVALS event=10 total=277
SIPM_ADC event=10 readout=1388 f1far=1361 f2near=1187 f2far=640
SIPM_ARRIVALS event=41 total=274
SIPM_ADC event=41 readout=1110 f1far=1558 f2near=681 f2far=1764
SIPM_ARRIVALS event=72 total=262
SIPM_ADC event=72 readout=1480 f1far=785 f2near=985 f2far=1327
SIPM_ARRIVALS event=289 total=268
SIPM_ADC event=289 readout=897 f1far=1335 f2near=799 f2far=645
SIPM_ARRIVALS event=227 total=270
SIPM_ADC event=227 readout=1212 f1far=791 f2near=939 f2far=844
SIPM_ARRIVALS event=351 total=238
SIPM_ADC event=351 readout=784 f1far=1006 f2near=909 f2far=972
SIPM_ARRIVALS event=444 total=277
SIPM_ADC event=444 readout=779 f1far=1572 f2near=1362 f2far=1098
SIPM_ARRIVALS event=321 total=264
SIPM_ADC event=321 readout=761 f1far=1015 f2near=1021 f2far=1702
SIPM_ARRIVALS event=259 total=246
SIPM_ADC event=259 readout=1064 f1far=808 f2near=903 f2far=1039
SIPM_ARRIVALS event=383 total=262
SIPM_ADC event=383 readout=1263 f1far=813 f2near=1084 f2far=794
SIPM_ARRIVALS event=414 total=267
SIPM_ADC event=414 readout=695 f1far=1027 f2near=1050 f2far=1664
SIPM_ARRIVALS event=104 total=248
SIPM_ADC event=104 readout=1058 f1far=1583 f2near=843 f2far=1113
SIPM_ARRIVALS event=476 total=252
SIPM_ADC event=476 readout=1194 f1far=1028 f2near=548 f2far=1074
SIPM_ARRIVALS event=166 total=245
SIPM_ADC event=166 readout=865 f1far=818 f2near=1258 f2far=1073
SIPM_ARRIVALS event=135 total=247
SIPM_ADC event=135 readout=926 f1far=984 f2near=852 f2far=1058
SIPM_ARRIVALS event=11 total=267
SIPM_ADC event=11 readout=1059 f1far=873 f2near=827 f2far=896
SIPM_ARRIVALS event=42 total=257
SIPM_ADC event=42 readout=1067 f1far=713 f2near=1217 f2far=1148
SIPM_ARRIVALS event=197 total=275
SIPM_ADC event=197 readout=1173 f1far=1135 f2near=1196 f2far=1517
SIPM_ARRIVALS event=228 total=277
SIPM_ADC event=228 readout=961 f1far=1599 f2near=1377 f2far=1342
SIPM_ARRIVALS event=73 total=267
SIPM_ADC event=73 readout=797 f1far=963 f2near=1268 f2far=1173
SIPM_ARRIVALS event=352 total=283
SIPM_ADC event=352 readout=1171 f1far=1407 f2near=933 f2far=959
SIPM_ARRIVALS event=445 total=260
SIPM_ADC event=445 readout=593 f1far=1524 f2near=1027 f2far=762
SIPM_ARRIVALS event=290 total=254
SIPM_ADC event=290 readout=714 f1far=551 f2near=814 f2far=1158
SIPM_ARRIVALS event=260 total=266
SIPM_ADC event=260 readout=1164 f1far=1038 f2near=1049 f2far=1107
SIPM_ARRIVALS event=322 total=241
SIPM_ADC event=322 readout=1191 f1far=1056 f2near=1128 f2far=1190
SIPM_ARRIVALS event=415 total=242
SIPM_ADC event=415 readout=1419 f1far=1189 f2near=850 f2far=1235
SIPM_ARRIVALS event=384 total=240
SIPM_ADC event=384 readout=845 f1far=924 f2near=699 f2far=841
SIPM_ARRIVALS event=353 total=259
SIPM_ADC event=353 readout=1096 f1far=776 f2near=899 f2far=951
SIPM_ARRIVALS event=167 total=249
SIPM_ADC event=167 readout=813 f1far=883 f2near=735 f2far=1418
SIPM_ARRIVALS event=477 total=269
SIPM_ADC event=477 readout=1374 f1far=892 f2near=956 f2far=1258
SIPM_ARRIVALS event=105 total=264
SIPM_ADC event=105 readout=859 f1far=910 f2near=954 f2far=1686
SIPM_ARRIVALS event=229 total=257
SIPM_ADC event=229 readout=1241 f1far=728 f2near=1182 f2far=1464
SIPM_ARRIVALS event=43 total=222
SIPM_ADC event=43 readout=757 f1far=976 f2near=1052 f2far=852
SIPM_ARRIVALS event=12 total=248
SIPM_ADC event=12 readout=1073 f1far=795 f2near=1104 f2far=1170
SIPM_ARRIVALS event=136 total=255
SIPM_ADC event=136 readout=1286 f1far=1262 f2near=1214 f2far=1070
SIPM_ARRIVALS event=446 total=239
SIPM_ADC event=446 readout=832 f1far=708 f2near=750 f2far=1162
SIPM_ARRIVALS event=198 total=255
SIPM_ADC event=198 readout=1568 f1far=1157 f2near=690 f2far=1014
SIPM_ARRIVALS event=291 total=251
SIPM_ADC event=291 readout=864 f1far=1168 f2near=833 f2far=981
SIPM_ARRIVALS event=74 total=239
SIPM_ADC event=74 readout=577 f1far=1066 f2near=1127 f2far=1480
SIPM_ARRIVALS event=323 total=281
SIPM_ADC event=323 readout=1047 f1far=1044 f2near=1537 f2far=1198
SIPM_ARRIVALS event=261 total=235
SIPM_ADC event=261 readout=748 f1far=964 f2near=1449 f2far=1031
SIPM_ARRIVALS event=385 total=257
SIPM_ADC event=385 readout=1564 f1far=1062 f2near=851 f2far=976
SIPM_ARRIVALS event=106 total=255
SIPM_ADC event=106 readout=955 f1far=1389 f2near=913 f2far=1321
SIPM_ARRIVALS event=416 total=277
SIPM_ADC event=416 readout=572 f1far=999 f2near=1230 f2far=1376
SIPM_ARRIVALS event=478 total=277
SIPM_ADC event=478 readout=1152 f1far=998 f2near=1215 f2far=995
SIPM_ARRIVALS event=230 total=244
SIPM_ADC event=230 readout=627 f1far=1253 f2near=622 f2far=1143
SIPM_ARRIVALS event=447 total=270
SIPM_ADC event=447 readout=1267 f1far=1173 f2near=1513 f2far=1091
SIPM_ARRIVALS event=44 total=287
SIPM_ADC event=44 readout=1533 f1far=900 f2near=856 f2far=1185
SIPM_ARRIVALS event=168 total=281
SIPM_ADC event=168 readout=1320 f1far=1277 f2near=1607 f2far=984
SIPM_ARRIVALS event=137 total=250
SIPM_ADC event=137 readout=1471 f1far=853 f2near=951 f2far=1149
SIPM_ARRIVALS event=199 total=263
SIPM_ADC event=199 readout=1302 f1far=958 f2near=1040 f2far=894
SIPM_ARRIVALS event=292 total=234
SIPM_ADC event=292 readout=1095 f1far=1397 f2near=797 f2far=1361
SIPM_ARRIVALS event=354 total=273
SIPM_ADC event=354 readout=941 f1far=1023 f2near=1209 f2far=980
SIPM_ARRIVALS event=13 total=272
SIPM_ADC event=13 readout=1388 f1far=1016 f2near=585 f2far=1240
SIPM_ARRIVALS event=75 total=256
SIPM_ADC event=75 readout=727 f1far=1312 f2near=1135 f2far=1175
SIPM_ARRIVALS event=324 total=276
SIPM_ADC event=324 readout=1421 f1far=1231 f2near=393 f2far=1280
SIPM_ARRIVALS event=386 total=288
SIPM_ADC event=386 readout=1480 f1far=787 f2near=913 f2far=1556
SIPM_ARRIVALS event=107 total=264
SIPM_ADC event=107 readout=979 f1far=1005 f2near=1084 f2far=1193
SIPM_ARRIVALS event=262 total=273
SIPM_ADC event=262 readout=621 f1far=1629 f2near=1517 f2far=1624
SIPM_ARRIVALS event=417 total=269
SIPM_ADC event=417 readout=611 f1far=1081 f2near=1247 f2far=1672
SIPM_ARRIVALS event=479 total=267
SIPM_ADC event=479 readout=815 f1far=1259 f2near=878 f2far=790
SIPM_ARRIVALS event=231 total=247
SIPM_ADC event=231 readout=683 f1far=640 f2near=1931 f2far=1326
SIPM_ARRIVALS event=45 total=270
SIPM_ADC event=45 readout=910 f1far=1150 f2near=1021 f2far=952
SIPM_ARRIVALS event=293 total=265
SIPM_ADC event=293 readout=990 f1far=1069 f2near=1094 f2far=797
SIPM_ARRIVALS event=355 total=264
SIPM_ADC event=355 readout=777 f1far=1143 f2near=1129 f2far=972
SIPM_ARRIVALS event=14 total=279
SIPM_ADC event=14 readout=879 f1far=1034 f2near=1483 f2far=1140
SIPM_ARRIVALS event=138 total=251
SIPM_ADC event=138 readout=962 f1far=1311 f2near=1063 f2far=670
SIPM_ARRIVALS event=448 total=277
SIPM_ADC event=448 readout=963 f1far=1307 f2near=977 f2far=965
SIPM_ARRIVALS event=76 total=284
SIPM_ADC event=76 readout=1170 f1far=1414 f2near=1033 f2far=1267
SIPM_ARRIVALS event=200 total=249
SIPM_ADC event=200 readout=1117 f1far=980 f2near=686 f2far=1014
SIPM_ARRIVALS event=169 total=268
SIPM_ADC event=169 readout=1170 f1far=1221 f2near=1195 f2far=1273
SIPM_ARRIVALS event=325 total=259
SIPM_ADC event=325 readout=1203 f1far=1128 f2near=1064 f2far=1204
SIPM_ARRIVALS event=387 total=261
SIPM_ADC event=387 readout=994 f1far=1119 f2near=959 f2far=855
SIPM_ARRIVALS event=108 total=246
SIPM_ADC event=108 readout=1095 f1far=811 f2near=1120 f2far=1743
SIPM_ARRIVALS event=263 total=255
SIPM_ADC event=263 readout=1790 f1far=885 f2near=1010 f2far=1211
SIPM_ARRIVALS event=418 total=261
SIPM_ADC event=418 readout=1005 f1far=939 f2near=1010 f2far=829
SIPM_ARRIVALS event=480 total=290
SIPM_ADC event=480 readout=671 f1far=852 f2near=1111 f2far=1547
SIPM_ARRIVALS event=46 total=245
SIPM_ADC event=46 readout=1210 f1far=1562 f2near=889 f2far=875
SIPM_ARRIVALS event=232 total=264
SIPM_ADC event=232 readout=1158 f1far=886 f2near=819 f2far=638
SIPM_ARRIVALS event=294 total=259
SIPM_ADC event=294 readout=1394 f1far=1198 f2near=957 f2far=684
SIPM_ARRIVALS event=77 total=249
SIPM_ADC event=77 readout=898 f1far=1495 f2near=442 f2far=907
SIPM_ARRIVALS event=449 total=220
SIPM_ADC event=449 readout=1436 f1far=1253 f2near=918 f2far=1216
SIPM_ARRIVALS event=170 total=267
SIPM_ADC event=170 readout=1444 f1far=1334 f2near=1322 f2far=663
SIPM_ARRIVALS event=201 total=249
SIPM_ADC event=201 readout=1196 f1far=905 f2near=1049 f2far=857
SIPM_ARRIVALS event=139 total=263
SIPM_ADC event=139 readout=1014 f1far=1350 f2near=842 f2far=939
SIPM_ARRIVALS event=15 total=243
SIPM_ADC event=15 readout=875 f1far=1003 f2near=936 f2far=1166
SIPM_ARRIVALS event=356 total=293
SIPM_ADC event=356 readout=646 f1far=1845 f2near=850 f2far=1064
SIPM_ARRIVALS event=326 total=263
SIPM_ADC event=326 readout=509 f1far=881 f2near=1013 f2far=1317
SIPM_ARRIVALS event=109 total=300
SIPM_ADC event=109 readout=1381 f1far=1603 f2near=1124 f2far=1567
SIPM_ARRIVALS event=388 total=260
SIPM_ADC event=388 readout=416 f1far=1444 f2near=1559 f2far=834
SIPM_ARRIVALS event=419 total=259
SIPM_ADC event=419 readout=1076 f1far=1021 f2near=1292 f2far=1038
SIPM_ARRIVALS event=264 total=259
SIPM_ADC event=264 readout=1429 f1far=760 f2near=837 f2far=1011
SIPM_ARRIVALS event=481 total=230
SIPM_ADC event=481 readout=1104 f1far=794 f2near=1456 f2far=905
SIPM_ARRIVALS event=233 total=262
SIPM_ADC event=233 readout=679 f1far=919 f2near=821 f2far=1050
SIPM_ARRIVALS event=47 total=274
SIPM_ADC event=47 readout=546 f1far=1034 f2near=1633 f2far=1581
SIPM_ARRIVALS event=171 total=257
SIPM_ADC event=171 readout=1443 f1far=857 f2near=1303 f2far=625
SIPM_ARRIVALS event=78 total=247
SIPM_ADC event=78 readout=1092 f1far=936 f2near=839 f2far=1188
SIPM_ARRIVALS event=295 total=243
SIPM_ADC event=295 readout=1099 f1far=555 f2near=1169 f2far=1041
SIPM_ARRIVALS event=16 total=261
SIPM_ADC event=16 readout=1118 f1far=1301 f2near=776 f2far=1116
SIPM_ARRIVALS event=202 total=280
SIPM_ADC event=202 readout=732 f1far=1191 f2near=1304 f2far=1194
SIPM_ARRIVALS event=450 total=282
SIPM_ADC event=450 readout=1019 f1far=1202 f2near=1865 f2far=897
SIPM_ARRIVALS event=140 total=263
SIPM_ADC event=140 readout=911 f1far=1181 f2near=1042 f2far=908
SIPM_ARRIVALS event=357 total=266
SIPM_ADC event=357 readout=1185 f1far=1298 f2near=1167 f2far=1198
SIPM_ARRIVALS event=389 total=259
SIPM_ADC event=389 readout=1530 f1far=580 f2near=819 f2far=1289
SIPM_ARRIVALS event=110 total=274
SIPM_ADC event=110 readout=1161 f1far=848 f2near=1051 f2far=1557
SIPM_ARRIVALS event=420 total=273
SIPM_ADC event=420 readout=1257 f1far=1321 f2near=1170 f2far=1089
SIPM_ARRIVALS event=265 total=239
SIPM_ADC event=265 readout=900 f1far=1319 f2near=1180 f2far=1231
SIPM_ARRIVALS event=327 total=264
SIPM_ADC event=327 readout=1376 f1far=1227 f2near=911 f2far=741
SIPM_ARRIVALS event=482 total=246
SIPM_ADC event=482 readout=1011 f1far=1175 f2near=1498 f2far=1586
SIPM_ARRIVALS event=234 total=264
SIPM_ADC event=234 readout=747 f1far=956 f2near=980 f2far=1199
SIPM_ARRIVALS event=48 total=262
SIPM_ADC event=48 readout=1020 f1far=710 f2near=1055 f2far=959
SIPM_ARRIVALS event=79 total=249
SIPM_ADC event=79 readout=1305 f1far=1180 f2near=1202 f2far=839
SIPM_ARRIVALS event=296 total=250
SIPM_ADC event=296 readout=833 f1far=869 f2near=637 f2far=931
SIPM_ARRIVALS event=141 total=244
SIPM_ADC event=141 readout=706 f1far=1587 f2near=962 f2far=1314
SIPM_ARRIVALS event=451 total=259
SIPM_ADC event=451 readout=923 f1far=887 f2near=1336 f2far=1040
SIPM_ARRIVALS event=172 total=259
SIPM_ADC event=172 readout=973 f1far=862 f2near=1016 f2far=705
SIPM_ARRIVALS event=203 total=279
SIPM_ADC event=203 readout=695 f1far=863 f2near=1012 f2far=1548
SIPM_ARRIVALS event=17 total=285
SIPM_ADC event=17 readout=1266 f1far=1104 f2near=1245 f2far=942
SIPM_ARRIVALS event=358 total=273
SIPM_ADC event=358 readout=1405 f1far=944 f2near=1132 f2far=1080
SIPM_ARRIVALS event=390 total=290
SIPM_ADC event=390 readout=953 f1far=808 f2near=928 f2far=993
SIPM_ARRIVALS event=111 total=259
SIPM_ADC event=111 readout=1283 f1far=992 f2near=1286 f2far=869
SIPM_ARRIVALS event=421 total=273
SIPM_ADC event=421 readout=1311 f1far=1231 f2near=1066 f2far=727
SIPM_ARRIVALS event=266 total=267
SIPM_ADC event=266 readout=1606 f1far=1192 f2near=871 f2far=1587
SIPM_ARRIVALS event=328 total=259
SIPM_ADC event=328 readout=948 f1far=887 f2near=940 f2far=1066
SIPM_ARRIVALS event=483 total=267
SIPM_ADC event=483 readout=687 f1far=1045 f2near=1285 f2far=1506
SIPM_ARRIVALS event=235 total=272
SIPM_ADC event=235 readout=1289 f1far=916 f2near=686 f2far=1126
SIPM_ARRIVALS event=49 total=273
SIPM_ADC event=49 readout=544 f1far=1142 f2near=961 f2far=1694
SIPM_ARRIVALS event=297 total=278
SIPM_ADC event=297 readout=1024 f1far=1808 f2near=817 f2far=1508
SIPM_ARRIVALS event=80 total=254
SIPM_ADC event=80 readout=1214 f1far=951 f2near=1470 f2far=1117
SIPM_ARRIVALS event=452 total=248
SIPM_ADC event=452 readout=416 f1far=1118 f2near=553 f2far=1237
SIPM_ARRIVALS event=142 total=256
SIPM_ADC event=142 readout=1200 f1far=1538 f2near=1011 f2far=848
SIPM_ARRIVALS event=204 total=276
SIPM_ADC event=204 readout=1044 f1far=873 f2near=1036 f2far=1828
SIPM_ARRIVALS event=173 total=281
SIPM_ADC event=173 readout=900 f1far=1280 f2near=996 f2far=1155
SIPM_ARRIVALS event=18 total=255
SIPM_ADC event=18 readout=1506 f1far=1160 f2near=1088 f2far=1360
SIPM_ARRIVALS event=359 total=239
SIPM_ADC event=359 readout=849 f1far=970 f2near=1056 f2far=797
SIPM_ARRIVALS event=112 total=243
SIPM_ADC event=112 readout=567 f1far=926 f2near=830 f2far=1000
SIPM_ARRIVALS event=391 total=262
SIPM_ADC event=391 readout=910 f1far=1266 f2near=921 f2far=989
SIPM_ARRIVALS event=422 total=221
SIPM_ADC event=422 readout=621 f1far=1328 f2near=972 f2far=1171
SIPM_ARRIVALS event=267 total=265
SIPM_ADC event=267 readout=1147 f1far=1025 f2near=1371 f2far=1276
SIPM_ARRIVALS event=329 total=272
SIPM_ADC event=329 readout=1043 f1far=1137 f2near=915 f2far=1118
SIPM_ARRIVALS event=484 total=227
SIPM_ADC event=484 readout=541 f1far=968 f2near=517 f2far=751
SIPM_ARRIVALS event=236 total=274
SIPM_ADC event=236 readout=1028 f1far=1219 f2near=1384 f2far=709
SIPM_ARRIVALS event=298 total=231
SIPM_ADC event=298 readout=967 f1far=1001 f2near=690 f2far=1117
SIPM_ARRIVALS event=81 total=275
SIPM_ADC event=81 readout=1524 f1far=925 f2near=842 f2far=1490
SIPM_ARRIVALS event=50 total=261
SIPM_ADC event=50 readout=991 f1far=1321 f2near=1221 f2far=1027
SIPM_ARRIVALS event=453 total=240
SIPM_ADC event=453 readout=912 f1far=610 f2near=1142 f2far=963
SIPM_ARRIVALS event=19 total=220
SIPM_ADC event=19 readout=779 f1far=825 f2near=1046 f2far=1009
SIPM_ARRIVALS event=143 total=270
SIPM_ADC event=143 readout=845 f1far=1301 f2near=1671 f2far=1174
SIPM_ARRIVALS event=174 total=273
SIPM_ADC event=174 readout=1504 f1far=1262 f2near=1045 f2far=945
SIPM_ARRIVALS event=360 total=281
SIPM_ADC event=360 readout=1070 f1far=935 f2near=1381 f2far=1289
SIPM_ARRIVALS event=205 total=270
SIPM_ADC event=205 readout=951 f1far=1745 f2near=854 f2far=799
SIPM_ARRIVALS event=423 total=250
SIPM_ADC event=423 readout=1043 f1far=1288 f2near=1094 f2far=1138
SIPM_ARRIVALS event=113 total=273
SIPM_ADC event=113 readout=987 f1far=923 f2near=1349 f2far=900
SIPM_ARRIVALS event=392 total=240
SIPM_ADC event=392 readout=575 f1far=806 f2near=1337 f2far=1183
SIPM_ARRIVALS event=268 total=224
SIPM_ADC event=268 readout=785 f1far=987 f2near=1508 f2far=1035
SIPM_ARRIVALS event=485 total=255
SIPM_ADC event=485 readout=736 f1far=1141 f2near=1340 f2far=1118
SIPM_ARRIVALS event=330 total=254
SIPM_ADC event=330 readout=935 f1far=745 f2near=1164 f2far=1149
SIPM_ARRIVALS event=237 total=254
SIPM_ADC event=237 readout=1070 f1far=1105 f2near=575 f2far=1294
SIPM_ARRIVALS event=299 total=273
SIPM_ADC event=299 readout=1009 f1far=1578 f2near=1105 f2far=1185
SIPM_ARRIVALS event=454 total=252
SIPM_ADC event=454 readout=1009 f1far=852 f2near=918 f2far=956
SIPM_ARRIVALS event=20 total=295
SIPM_ADC event=20 readout=990 f1far=1055 f2near=1283 f2far=1152
SIPM_ARRIVALS event=51 total=286
SIPM_ADC event=51 readout=1023 f1far=1589 f2near=1080 f2far=1252
SIPM_ARRIVALS event=82 total=246
SIPM_ADC event=82 readout=997 f1far=1080 f2near=880 f2far=994
SIPM_ARRIVALS event=175 total=260
SIPM_ADC event=175 readout=881 f1far=838 f2near=1138 f2far=988
SIPM_ARRIVALS event=361 total=267
SIPM_ADC event=361 readout=1216 f1far=764 f2near=1468 f2far=1646
SIPM_ARRIVALS event=144 total=251
SIPM_ADC event=144 readout=912 f1far=428 f2near=695 f2far=874
SIPM_ARRIVALS event=206 total=270
SIPM_ADC event=206 readout=1476 f1far=973 f2near=607 f2far=1040
SIPM_ARRIVALS event=424 total=265
SIPM_ADC event=424 readout=1032 f1far=809 f2near=1184 f2far=1104
SIPM_ARRIVALS event=393 total=244
SIPM_ADC event=393 readout=747 f1far=1199 f2near=1105 f2far=771
SIPM_ARRIVALS event=269 total=259
SIPM_ADC event=269 readout=897 f1far=1203 f2near=1278 f2far=1081
SIPM_ARRIVALS event=114 total=258
SIPM_ADC event=114 readout=961 f1far=1300 f2near=691 f2far=1047
SIPM_ARRIVALS event=331 total=281
SIPM_ADC event=331 readout=1097 f1far=1067 f2near=1262 f2far=1273
SIPM_ARRIVALS event=486 total=278
SIPM_ADC event=486 readout=1603 f1far=837 f2near=1550 f2far=946
SIPM_ARRIVALS event=238 total=261
SIPM_ADC event=238 readout=1381 f1far=996 f2near=1272 f2far=765
SIPM_ARRIVALS event=21 total=260
SIPM_ADC event=21 readout=1288 f1far=839 f2near=1114 f2far=851
SIPM_ARRIVALS event=52 total=256
SIPM_ADC event=52 readout=856 f1far=1197 f2near=719 f2far=622
SIPM_ARRIVALS event=300 total=248
SIPM_ADC event=300 readout=786 f1far=1430 f2near=1341 f2far=906
SIPM_ARRIVALS event=455 total=253
SIPM_ADC event=455 readout=869 f1far=813 f2near=1117 f2far=676
SIPM_ARRIVALS event=83 total=250
SIPM_ADC event=83 readout=1281 f1far=729 f2near=868 f2far=1048
SIPM_ARRIVALS event=362 total=274
SIPM_ADC event=362 readout=912 f1far=1066 f2near=875 f2far=1145
SIPM_ARRIVALS event=176 total=263
SIPM_ADC event=176 readout=960 f1far=1104 f2near=1423 f2far=902
SIPM_ARRIVALS event=145 total=274
SIPM_ADC event=145 readout=967 f1far=850 f2near=1439 f2far=1670
SIPM_ARRIVALS event=207 total=257
SIPM_ADC event=207 readout=1525 f1far=722 f2near=973 f2far=583
SIPM_ARRIVALS event=394 total=257
SIPM_ADC event=394 readout=770 f1far=1750 f2near=1357 f2far=661
SIPM_ARRIVALS event=425 total=286
SIPM_ADC event=425 readout=1239 f1far=845 f2near=1057 f2far=1415
SIPM_ARRIVALS event=270 total=259
SIPM_ADC event=270 readout=773 f1far=1190 f2near=701 f2far=1106
SIPM_ARRIVALS event=115 total=239
SIPM_ADC event=115 readout=974 f1far=1356 f2near=1001 f2far=682
SIPM_ARRIVALS event=332 total=254
SIPM_ADC event=332 readout=660 f1far=1403 f2near=1379 f2far=1580
SIPM_ARRIVALS event=487 total=293
SIPM_ADC event=487 readout=1400 f1far=1813 f2near=1108 f2far=697
SIPM_ARRIVALS event=301 total=292
SIPM_ADC event=301 readout=1766 f1far=1131 f2near=1258 f2far=1092
SIPM_ARRIVALS event=53 total=267
SIPM_ADC event=53 readout=1343 f1far=592 f2near=1042 f2far=878
SIPM_ARRIVALS event=239 total=241
SIPM_ADC event=239 readout=981 f1far=846 f2near=945 f2far=1016
SIPM_ARRIVALS event=84 total=284
SIPM_ADC event=84 readout=995 f1far=1206 f2near=1131 f2far=1086
SIPM_ARRIVALS event=22 total=306
SIPM_ADC event=22 readout=1291 f1far=1507 f2near=1090 f2far=1180
SIPM_ARRIVALS event=363 total=261
SIPM_ADC event=363 readout=1277 f1far=1263 f2near=869 f2far=946
SIPM_ARRIVALS event=177 total=244
SIPM_ADC event=177 readout=1358 f1far=733 f2near=854 f2far=1080
SIPM_ARRIVALS event=146 total=238
SIPM_ADC event=146 readout=870 f1far=1140 f2near=1133 f2far=1188
SIPM_ARRIVALS event=456 total=281
SIPM_ADC event=456 readout=1716 f1far=1099 f2near=1110 f2far=1033
SIPM_ARRIVALS event=208 total=269
SIPM_ADC event=208 readout=606 f1far=914 f2near=1460 f2far=632
SIPM_ARRIVALS event=395 total=235
SIPM_ADC event=395 readout=1118 f1far=860 f2near=950 f2far=727
SIPM_ARRIVALS event=426 total=281
SIPM_ADC event=426 readout=889 f1far=579 f2near=1636 f2far=1202
SIPM_ARRIVALS event=271 total=283
SIPM_ADC event=271 readout=1258 f1far=1066 f2near=1530 f2far=1178
SIPM_ARRIVALS event=116 total=245
SIPM_ADC event=116 readout=1074 f1far=621 f2near=1026 f2far=1012
SIPM_ARRIVALS event=333 total=271
SIPM_ADC event=333 readout=691 f1far=1189 f2near=927 f2far=744
SIPM_ARRIVALS event=488 total=254
SIPM_ADC event=488 readout=686 f1far=1015 f2near=1125 f2far=882
SIPM_ARRIVALS event=54 total=242
SIPM_ADC event=54 readout=1013 f1far=639 f2near=781 f2far=1024
SIPM_ARRIVALS event=302 total=279
SIPM_ADC event=302 readout=1130 f1far=1176 f2near=1217 f2far=1139
SIPM_ARRIVALS event=85 total=259
SIPM_ADC event=85 readout=850 f1far=1111 f2near=1382 f2far=1183
SIPM_ARRIVALS event=240 total=258
SIPM_ADC event=240 readout=866 f1far=1381 f2near=1150 f2far=1584
SIPM_ARRIVALS event=178 total=273
SIPM_ADC event=178 readout=1019 f1far=1028 f2near=1000 f2far=1376
SIPM_ARRIVALS event=457 total=267
SIPM_ADC event=457 readout=1029 f1far=833 f2near=1274 f2far=882
SIPM_ARRIVALS event=364 total=277
SIPM_ADC event=364 readout=1137 f1far=1067 f2near=1073 f2far=1016
SIPM_ARRIVALS event=23 total=262
SIPM_ADC event=23 readout=850 f1far=1052 f2near=1631 f2far=1058
SIPM_ARRIVALS event=147 total=270
SIPM_ADC event=147 readout=1377 f1far=1410 f2near=1342 f2far=1115
SIPM_ARRIVALS event=272 total=265
SIPM_ADC event=272 readout=1106 f1far=851 f2near=810 f2far=894
SIPM_ARRIVALS event=396 total=256
SIPM_ADC event=396 readout=1051 f1far=1156 f2near=1393 f2far=909
SIPM_ARRIVALS event=209 total=245
SIPM_ADC event=209 readout=1316 f1far=1037 f2near=1028 f2far=1385
SIPM_ARRIVALS event=117 total=244
SIPM_ADC event=117 readout=987 f1far=619 f2near=889 f2far=1266
SIPM_ARRIVALS event=427 total=253
SIPM_ADC event=427 readout=809 f1far=1498 f2near=1292 f2far=1133
SIPM_ARRIVALS event=334 total=261
SIPM_ADC event=334 readout=1240 f1far=1172 f2near=838 f2far=1166
SIPM_ARRIVALS event=489 total=265
SIPM_ADC event=489 readout=1537 f1far=1277 f2near=1012 f2far=1156
SIPM_ARRIVALS event=55 total=269
SIPM_ADC event=55 readout=1354 f1far=1243 f2near=1131 f2far=1080
SIPM_ARRIVALS event=241 total=249
SIPM_ADC event=241 readout=1321 f1far=1297 f2near=707 f2far=748
SIPM_ARRIVALS event=86 total=279
SIPM_ADC event=86 readout=1344 f1far=1197 f2near=958 f2far=684
SIPM_ARRIVALS event=303 total=288
SIPM_ADC event=303 readout=1287 f1far=1054 f2near=1212 f2far=1067
SIPM_ARRIVALS event=24 total=260
SIPM_ADC event=24 readout=997 f1far=953 f2near=1122 f2far=1243
SIPM_ARRIVALS event=365 total=280
SIPM_ADC event=365 readout=1002 f1far=1113 f2near=1011 f2far=1199
SIPM_ARRIVALS event=458 total=237
SIPM_ADC event=458 readout=1232 f1far=796 f2near=646 f2far=1131
SIPM_ARRIVALS event=179 total=279
SIPM_ADC event=179 readout=938 f1far=944 f2near=1264 f2far=1085
SIPM_ARRIVALS event=148 total=246
SIPM_ADC event=148 readout=995 f1far=826 f2near=702 f2far=1467
SIPM_ARRIVALS event=397 total=273
SIPM_ADC event=397 readout=1389 f1far=828 f2near=879 f2far=952
SIPM_ARRIVALS event=273 total=309
SIPM_ADC event=273 readout=1138 f1far=1166 f2near=1597 f2far=983
SIPM_ARRIVALS event=210 total=251
SIPM_ADC event=210 readout=814 f1far=951 f2near=1086 f2far=1288
SIPM_ARRIVALS event=118 total=265
SIPM_ADC event=118 readout=799 f1far=1183 f2near=1781 f2far=1332
SIPM_ARRIVALS event=335 total=236
SIPM_ADC event=335 readout=1308 f1far=1280 f2near=1207 f2far=755
SIPM_ARRIVALS event=428 total=270
SIPM_ADC event=428 readout=1652 f1far=1041 f2near=872 f2far=951
SIPM_ARRIVALS event=490 total=253
SIPM_ADC event=490 readout=525 f1far=1371 f2near=901 f2far=1428
SIPM_ARRIVALS event=56 total=261
SIPM_ADC event=56 readout=1384 f1far=1259 f2near=1710 f2far=760
SIPM_ARRIVALS event=242 total=263
SIPM_ADC event=242 readout=1282 f1far=1284 f2near=692 f2far=1064
SIPM_ARRIVALS event=87 total=252
SIPM_ADC event=87 readout=1033 f1far=820 f2near=1294 f2far=1015
SIPM_ARRIVALS event=304 total=270
SIPM_ADC event=304 readout=1144 f1far=1026 f2near=1189 f2far=1161
SIPM_ARRIVALS event=180 total=262
SIPM_ADC event=180 readout=1025 f1far=1269 f2near=1038 f2far=1295
SIPM_ARRIVALS event=366 total=262
SIPM_ADC event=366 readout=1267 f1far=817 f2near=712 f2far=1429
SIPM_ARRIVALS event=25 total=263
SIPM_ADC event=25 readout=750 f1far=1093 f2near=1126 f2far=978
SIPM_ARRIVALS event=459 total=262
SIPM_ADC event=459 readout=1202 f1far=864 f2near=1351 f2far=1016
SIPM_ARRIVALS event=149 total=264
SIPM_ADC event=149 readout=1033 f1far=792 f2near=1323 f2far=1117
SIPM_ARRIVALS event=398 total=226
SIPM_ADC event=398 readout=999 f1far=911 f2near=1096 f2far=1009
SIPM_ARRIVALS event=274 total=264
SIPM_ADC event=274 readout=722 f1far=1521 f2near=730 f2far=1001
SIPM_ARRIVALS event=211 total=296
SIPM_ADC event=211 readout=1972 f1far=1182 f2near=962 f2far=1232
SIPM_ARRIVALS event=119 total=292
SIPM_ADC event=119 readout=1609 f1far=1325 f2near=1252 f2far=1207
SIPM_ARRIVALS event=429 total=262
SIPM_ADC event=429 readout=1307 f1far=540 f2near=1064 f2far=1092
SIPM_ARRIVALS event=336 total=234
SIPM_ADC event=336 readout=504 f1far=932 f2near=765 f2far=772
SIPM_ARRIVALS event=491 total=239
SIPM_ADC event=491 readout=877 f1far=1041 f2near=883 f2far=937
SIPM_ARRIVALS event=57 total=268
SIPM_ADC event=57 readout=1091 f1far=955 f2near=1366 f2far=1279
SIPM_ARRIVALS event=243 total=265
SIPM_ADC event=243 readout=1183 f1far=1147 f2near=1043 f2far=1086
SIPM_ARRIVALS event=88 total=283
SIPM_ADC event=88 readout=1758 f1far=1164 f2near=1280 f2far=1210
SIPM_ARRIVALS event=305 total=254
SIPM_ADC event=305 readout=1045 f1far=957 f2near=1116 f2far=1120
SIPM_ARRIVALS event=181 total=241
SIPM_ADC event=181 readout=808 f1far=1035 f2near=1031 f2far=772
SIPM_ARRIVALS event=26 total=230
SIPM_ADC event=26 readout=891 f1far=837 f2near=1035 f2far=1035
SIPM_ARRIVALS event=367 total=259
SIPM_ADC event=367 readout=758 f1far=603 f2near=1075 f2far=1106
SIPM_ARRIVALS event=399 total=253
SIPM_ADC event=399 readout=1071 f1far=1240 f2near=1041 f2far=970
SIPM_ARRIVALS event=150 total=276
SIPM_ADC event=150 readout=998 f1far=1339 f2near=1050 f2far=1090
SIPM_ARRIVALS event=460 total=274
SIPM_ADC event=460 readout=1336 f1far=1113 f2near=1125 f2far=1200
SIPM_ARRIVALS event=275 total=270
SIPM_ADC event=275 readout=1239 f1far=738 f2near=946 f2far=1284
SIPM_ARRIVALS event=120 total=289
SIPM_ADC event=120 readout=895 f1far=1069 f2near=1894 f2far=927
SIPM_ARRIVALS event=212 total=257
SIPM_ADC event=212 readout=1015 f1far=779 f2near=616 f2far=1098
SIPM_ARRIVALS event=337 total=233
SIPM_ADC event=337 readout=1142 f1far=1037 f2near=843 f2far=1065
SIPM_ARRIVALS event=430 total=240
SIPM_ADC event=430 readout=1151 f1far=1143 f2near=733 f2far=776
SIPM_ARRIVALS event=492 total=260
SIPM_ADC event=492 readout=974 f1far=1271 f2near=842 f2far=1565
SIPM_ARRIVALS event=89 total=251
SIPM_ADC event=89 readout=672 f1far=550 f2near=1118 f2far=1219
SIPM_ARRIVALS event=244 total=261
SIPM_ADC event=244 readout=865 f1far=1049 f2near=1030 f2far=1227
SIPM_ARRIVALS event=306 total=244
SIPM_ADC event=306 readout=585 f1far=1332 f2near=1491 f2far=818
SIPM_ARRIVALS event=58 total=275
SIPM_ADC event=58 readout=1061 f1far=657 f2near=1241 f2far=1026
SIPM_ARRIVALS event=182 total=269
SIPM_ADC event=182 readout=1019 f1far=1376 f2near=1274 f2far=918
SIPM_ARRIVALS event=276 total=253
SIPM_ADC event=276 readout=884 f1far=977 f2near=1227 f2far=748
SIPM_ARRIVALS event=27 total=252
SIPM_ADC event=27 readout=1757 f1far=1205 f2near=1223 f2far=820
SIPM_ARRIVALS event=151 total=242
SIPM_ADC event=151 readout=930 f1far=1292 f2near=874 f2far=871
SIPM_ARRIVALS event=400 total=291
SIPM_ADC event=400 readout=937 f1far=807 f2near=1689 f2far=966
SIPM_ARRIVALS event=368 total=255
SIPM_ADC event=368 readout=899 f1far=985 f2near=1325 f2far=1235
SIPM_ARRIVALS event=121 total=262
SIPM_ADC event=121 readout=1428 f1far=637 f2near=963 f2far=1133
SIPM_ARRIVALS event=461 total=266
SIPM_ADC event=461 readout=1026 f1far=1363 f2near=1070 f2far=1476
SIPM_ARRIVALS event=213 total=261
SIPM_ADC event=213 readout=586 f1far=1010 f2near=943 f2far=894
SIPM_ARRIVALS event=431 total=263
SIPM_ADC event=431 readout=1088 f1far=862 f2near=718 f2far=1749
SIPM_ARRIVALS event=338 total=299
SIPM_ADC event=338 readout=739 f1far=1346 f2near=2348 f2far=1046
SIPM_ARRIVALS event=493 total=268
SIPM_ADC event=493 readout=1089 f1far=1425 f2near=710 f2far=1010
SIPM_ARRIVALS event=90 total=254
SIPM_ADC event=90 readout=1277 f1far=827 f2near=1104 f2far=1600
SIPM_ARRIVALS event=245 total=273
SIPM_ADC event=245 readout=783 f1far=1001 f2near=1126 f2far=1252
SIPM_ARRIVALS event=307 total=256
SIPM_ADC event=307 readout=749 f1far=1019 f2near=1091 f2far=1353
SIPM_ARRIVALS event=59 total=253
SIPM_ADC event=59 readout=1004 f1far=968 f2near=1173 f2far=1264
SIPM_ARRIVALS event=183 total=226
SIPM_ADC event=183 readout=791 f1far=1060 f2near=819 f2far=1269
SIPM_ARRIVALS event=277 total=278
SIPM_ADC event=277 readout=1184 f1far=1187 f2near=1059 f2far=1350
SIPM_ARRIVALS event=152 total=271
SIPM_ADC event=152 readout=530 f1far=1023 f2near=1221 f2far=1126
SIPM_ARRIVALS event=28 total=267
SIPM_ADC event=28 readout=1375 f1far=1326 f2near=1193 f2far=883
SIPM_ARRIVALS event=401 total=262
SIPM_ADC event=401 readout=1232 f1far=1275 f2near=1376 f2far=812
SIPM_ARRIVALS event=369 total=273
SIPM_ADC event=369 readout=1229 f1far=954 f2near=1202 f2far=951
SIPM_ARRIVALS event=462 total=277
SIPM_ADC event=462 readout=1007 f1far=1020 f2near=869 f2far=1469
SIPM_ARRIVALS event=122 total=261
SIPM_ADC event=122 readout=791 f1far=916 f2near=1430 f2far=1111
SIPM_ARRIVALS event=214 total=251
SIPM_ADC event=214 readout=989 f1far=1657 f2near=1572 f2far=764
SIPM_ARRIVALS event=432 total=251
SIPM_ADC event=432 readout=948 f1far=726 f2near=1742 f2far=960
SIPM_ARRIVALS event=339 total=278
SIPM_ADC event=339 readout=1128 f1far=1241 f2near=1207 f2far=1175
SIPM_ARRIVALS event=494 total=255
SIPM_ADC event=494 readout=964 f1far=863 f2near=1275 f2far=492
SIPM_ARRIVALS event=60 total=260
SIPM_ADC event=60 readout=604 f1far=2082 f2near=925 f2far=1223
SIPM_ARRIVALS event=91 total=271
SIPM_ADC event=91 readout=745 f1far=708 f2near=1669 f2far=1054
SIPM_ARRIVALS event=246 total=254
SIPM_ADC event=246 readout=892 f1far=1112 f2near=930 f2far=794
SIPM_ARRIVALS event=308 total=291
SIPM_ADC event=308 readout=1558 f1far=1135 f2near=893 f2far=1500
SIPM_ARRIVALS event=184 total=267
SIPM_ADC event=184 readout=1010 f1far=1411 f2near=885 f2far=890
SIPM_ARRIVALS event=402 total=272
SIPM_ADC event=402 readout=725 f1far=961 f2near=628 f2far=1193
SIPM_ARRIVALS event=370 total=254
SIPM_ADC event=370 readout=1102 f1far=1015 f2near=1352 f2far=1105
SIPM_ARRIVALS event=278 total=267
SIPM_ADC event=278 readout=930 f1far=1376 f2near=990 f2far=1072
SIPM_ARRIVALS event=153 total=242
SIPM_ADC event=153 readout=1198 f1far=1038 f2near=1137 f2far=873
SIPM_ARRIVALS event=29 total=253
SIPM_ADC event=29 readout=1354 f1far=1023 f2near=1116 f2far=904
SIPM_ARRIVALS event=463 total=261
SIPM_ADC event=463 readout=617 f1far=1010 f2near=1413 f2far=718
SIPM_ARRIVALS event=433 total=250
SIPM_ADC event=433 readout=1467 f1far=772 f2near=879 f2far=982
SIPM_ARRIVALS event=340 total=259
SIPM_ADC event=340 readout=1006 f1far=841 f2near=1073 f2far=936
SIPM_ARRIVALS event=123 total=254
SIPM_ADC event=123 readout=869 f1far=1356 f2near=947 f2far=1232
SIPM_ARRIVALS event=215 total=258
SIPM_ADC event=215 readout=852 f1far=1076 f2near=965 f2far=951
SIPM_ARRIVALS event=495 total=282
SIPM_ADC event=495 readout=860 f1far=1191 f2near=1138 f2far=1638
SIPM_ARRIVALS event=61 total=268
SIPM_ADC event=61 readout=1198 f1far=1365 f2near=1419 f2far=1431
SIPM_ARRIVALS event=247 total=273
SIPM_ADC event=247 readout=1488 f1far=712 f2near=780 f2far=1133
SIPM_ARRIVALS event=92 total=262
SIPM_ADC event=92 readout=703 f1far=932 f2near=477 f2far=1165
SIPM_ARRIVALS event=527 total=254
SIPM_ADC event=527 readout=892 f1far=1296 f2near=1008 f2far=923
SIPM_ARRIVALS event=185 total=308
SIPM_ADC event=185 readout=1398 f1far=1413 f2near=1565 f2far=1055
SIPM_ARRIVALS event=309 total=275
SIPM_ADC event=309 readout=1291 f1far=958 f2near=1235 f2far=1033
SIPM_ARRIVALS event=154 total=254
SIPM_ADC event=154 readout=756 f1far=840 f2near=1565 f2far=604
SIPM_ARRIVALS event=371 total=251
SIPM_ADC event=371 readout=1243 f1far=807 f2near=1058 f2far=1416
SIPM_ARRIVALS event=496 total=257
SIPM_ADC event=496 readout=777 f1far=1139 f2near=1440 f2far=600
SIPM_ARRIVALS event=464 total=279
SIPM_ADC event=464 readout=986 f1far=1598 f2near=986 f2far=1456
SIPM_ARRIVALS event=30 total=266
SIPM_ADC event=30 readout=1102 f1far=758 f2near=1591 f2far=1543
SIPM_ARRIVALS event=558 total=244
SIPM_ADC event=558 readout=1060 f1far=916 f2near=770 f2far=988
SIPM_ARRIVALS event=620 total=261
SIPM_ADC event=620 readout=1266 f1far=1171 f2near=1286 f2far=931
SIPM_ARRIVALS event=589 total=249
SIPM_ADC event=589 readout=771 f1far=1145 f2near=1328 f2far=976
SIPM_ARRIVALS event=216 total=283
SIPM_ADC event=216 readout=1484 f1far=953 f2near=1037 f2far=327
SIPM_ARRIVALS event=651 total=287
SIPM_ADC event=651 readout=1346 f1far=1672 f2near=1128 f2far=1226
SIPM_ARRIVALS event=528 total=278
SIPM_ADC event=528 readout=1535 f1far=1195 f2near=1227 f2far=718
SIPM_ARRIVALS event=744 total=259
SIPM_ADC event=744 readout=1105 f1far=998 f2near=539 f2far=1427
SIPM_ARRIVALS event=713 total=254
SIPM_ADC event=713 readout=1284 f1far=833 f2near=831 f2far=1062
SIPM_ARRIVALS event=682 total=281
SIPM_ADC event=682 readout=1698 f1far=1025 f2near=989 f2far=1087
SIPM_ARRIVALS event=775 total=278
SIPM_ADC event=775 readout=1062 f1far=1356 f2near=731 f2far=1322
SIPM_ARRIVALS event=868 total=279
SIPM_ADC event=868 readout=1580 f1far=1510 f2near=904 f2far=1420
SIPM_ARRIVALS event=806 total=259
SIPM_ADC event=806 readout=1179 f1far=1056 f2near=745 f2far=1352
SIPM_ARRIVALS event=837 total=249
SIPM_ADC event=837 readout=1134 f1far=1054 f2near=954 f2far=827
SIPM_ARRIVALS event=497 total=256
SIPM_ADC event=497 readout=1151 f1far=887 f2near=1311 f2far=1296
SIPM_ARRIVALS event=930 total=259
SIPM_ADC event=930 readout=934 f1far=1162 f2near=843 f2far=1474
SIPM_ARRIVALS event=899 total=261
SIPM_ADC event=899 readout=887 f1far=1337 f2near=1496 f2far=1082
SIPM_ARRIVALS event=559 total=266
SIPM_ADC event=559 readout=1112 f1far=961 f2near=1225 f2far=1388
SIPM_ARRIVALS event=590 total=268
SIPM_ADC event=590 readout=812 f1far=1599 f2near=1617 f2far=1468
SIPM_ARRIVALS event=621 total=257
SIPM_ADC event=621 readout=784 f1far=1300 f2near=906 f2far=1337
SIPM_ARRIVALS event=961 total=254
SIPM_ADC event=961 readout=1402 f1far=822 f2near=611 f2far=1291
SIPM_ARRIVALS event=652 total=239
SIPM_ADC event=652 readout=867 f1far=892 f2near=733 f2far=1073
SIPM_ARRIVALS event=683 total=275
SIPM_ADC event=683 readout=900 f1far=808 f2near=1239 f2far=1136
SIPM_ARRIVALS event=529 total=258
SIPM_ADC event=529 readout=1637 f1far=1148 f2near=703 f2far=853
SIPM_ARRIVALS event=714 total=257
SIPM_ADC event=714 readout=1412 f1far=1215 f2near=942 f2far=1496
SIPM_ARRIVALS event=838 total=238
SIPM_ADC event=838 readout=1108 f1far=1245 f2near=806 f2far=1074
SIPM_ARRIVALS event=807 total=263
SIPM_ADC event=807 readout=1150 f1far=1103 f2near=1120 f2far=1623
SIPM_ARRIVALS event=745 total=251
SIPM_ADC event=745 readout=1195 f1far=750 f2near=1351 f2far=781
SIPM_ARRIVALS event=869 total=234
SIPM_ADC event=869 readout=897 f1far=852 f2near=744 f2far=940
SIPM_ARRIVALS event=776 total=261
SIPM_ADC event=776 readout=1092 f1far=1045 f2near=1459 f2far=1043
SIPM_ARRIVALS event=498 total=261
SIPM_ADC event=498 readout=836 f1far=1161 f2near=1232 f2far=1099
SIPM_ARRIVALS event=900 total=288
SIPM_ADC event=900 readout=1035 f1far=1060 f2near=1261 f2far=1253
SIPM_ARRIVALS event=560 total=255
SIPM_ADC event=560 readout=876 f1far=1395 f2near=1091 f2far=1236
SIPM_ARRIVALS event=931 total=264
SIPM_ADC event=931 readout=801 f1far=1611 f2near=1407 f2far=971
SIPM_ARRIVALS event=591 total=254
SIPM_ADC event=591 readout=891 f1far=1102 f2near=1233 f2far=1600
SIPM_ARRIVALS event=622 total=256
SIPM_ADC event=622 readout=1226 f1far=1226 f2near=1135 f2far=393
SIPM_ARRIVALS event=962 total=263
SIPM_ADC event=962 readout=1303 f1far=713 f2near=939 f2far=1148
SIPM_ARRIVALS event=653 total=241
SIPM_ADC event=653 readout=958 f1far=717 f2near=754 f2far=774
SIPM_ARRIVALS event=684 total=269
SIPM_ADC event=684 readout=1098 f1far=1213 f2near=868 f2far=984
SIPM_ARRIVALS event=715 total=255
SIPM_ADC event=715 readout=916 f1far=883 f2near=1221 f2far=1494
SIPM_ARRIVALS event=530 total=281
SIPM_ADC event=530 readout=1473 f1far=933 f2near=1215 f2far=1290
SIPM_ARRIVALS event=839 total=268
SIPM_ADC event=839 readout=1274 f1far=1173 f2near=1624 f2far=865
SIPM_ARRIVALS event=870 total=244
SIPM_ADC event=870 readout=1055 f1far=418 f2near=1359 f2far=841
SIPM_ARRIVALS event=808 total=260
SIPM_ADC event=808 readout=1240 f1far=914 f2near=1580 f2far=1143
SIPM_ARRIVALS event=746 total=244
SIPM_ADC event=746 readout=955 f1far=858 f2near=827 f2far=1455
SIPM_ARRIVALS event=777 total=277
SIPM_ADC event=777 readout=1232 f1far=1079 f2near=838 f2far=951
SIPM_ARRIVALS event=561 total=277
SIPM_ADC event=561 readout=1106 f1far=1033 f2near=1460 f2far=1144
SIPM_ARRIVALS event=499 total=259
SIPM_ADC event=499 readout=710 f1far=1395 f2near=846 f2far=936
SIPM_ARRIVALS event=901 total=272
SIPM_ADC event=901 readout=839 f1far=998 f2near=1159 f2far=740
SIPM_ARRIVALS event=592 total=260
SIPM_ADC event=592 readout=1088 f1far=1157 f2near=1162 f2far=1158
SIPM_ARRIVALS event=932 total=238
SIPM_ADC event=932 readout=1267 f1far=917 f2near=732 f2far=662
SIPM_ARRIVALS event=623 total=253
SIPM_ADC event=623 readout=787 f1far=713 f2near=350 f2far=1453
SIPM_ARRIVALS event=963 total=253
SIPM_ADC event=963 readout=826 f1far=1090 f2near=1192 f2far=968
SIPM_ARRIVALS event=654 total=255
SIPM_ADC event=654 readout=1090 f1far=749 f2near=1320 f2far=1252
SIPM_ARRIVALS event=531 total=280
SIPM_ADC event=531 readout=1275 f1far=1285 f2near=1220 f2far=1454
SIPM_ARRIVALS event=685 total=276
SIPM_ADC event=685 readout=1155 f1far=1303 f2near=1649 f2far=1271
SIPM_ARRIVALS event=840 total=258
SIPM_ADC event=840 readout=1356 f1far=1267 f2near=982 f2far=988
SIPM_ARRIVALS event=716 total=233
SIPM_ADC event=716 readout=1143 f1far=1043 f2near=1237 f2far=1035
SIPM_ARRIVALS event=809 total=250
SIPM_ADC event=809 readout=988 f1far=1035 f2near=521 f2far=1283
SIPM_ARRIVALS event=871 total=252
SIPM_ADC event=871 readout=719 f1far=1075 f2near=842 f2far=1369
SIPM_ARRIVALS event=747 total=254
SIPM_ADC event=747 readout=924 f1far=966 f2near=1472 f2far=1342
SIPM_ARRIVALS event=562 total=266
SIPM_ADC event=562 readout=874 f1far=1357 f2near=1225 f2far=1450
SIPM_ARRIVALS event=778 total=276
SIPM_ADC event=778 readout=1151 f1far=1094 f2near=1340 f2far=1177
SIPM_ARRIVALS event=902 total=269
SIPM_ADC event=902 readout=1166 f1far=915 f2near=1064 f2far=1246
SIPM_ARRIVALS event=933 total=273
SIPM_ADC event=933 readout=710 f1far=1301 f2near=1221 f2far=675
SIPM_ARRIVALS event=500 total=262
SIPM_ADC event=500 readout=1107 f1far=785 f2near=1325 f2far=1413
SIPM_ARRIVALS event=593 total=234
SIPM_ADC event=593 readout=921 f1far=997 f2near=1021 f2far=896
SIPM_ARRIVALS event=624 total=266
SIPM_ADC event=624 readout=1604 f1far=941 f2near=1008 f2far=1740
SIPM_ARRIVALS event=964 total=249
SIPM_ADC event=964 readout=1130 f1far=1052 f2near=1148 f2far=1175
SIPM_ARRIVALS event=686 total=264
SIPM_ADC event=686 readout=1467 f1far=761 f2near=551 f2far=1257
SIPM_ARRIVALS event=655 total=234
SIPM_ADC event=655 readout=990 f1far=1318 f2near=695 f2far=724
SIPM_ARRIVALS event=532 total=268
SIPM_ADC event=532 readout=986 f1far=1225 f2near=1085 f2far=1029
SIPM_ARRIVALS event=841 total=261
SIPM_ADC event=841 readout=878 f1far=764 f2near=1148 f2far=1345
SIPM_ARRIVALS event=717 total=279
SIPM_ADC event=717 readout=1078 f1far=1841 f2near=996 f2far=1573
SIPM_ARRIVALS event=748 total=268
SIPM_ADC event=748 readout=1146 f1far=1391 f2near=773 f2far=1338
SIPM_ARRIVALS event=872 total=281
SIPM_ADC event=872 readout=1273 f1far=1130 f2near=618 f2far=1155
SIPM_ARRIVALS event=810 total=242
SIPM_ADC event=810 readout=1009 f1far=977 f2near=980 f2far=668
SIPM_ARRIVALS event=563 total=256
SIPM_ADC event=563 readout=909 f1far=1176 f2near=1271 f2far=1117
SIPM_ARRIVALS event=779 total=272
SIPM_ADC event=779 readout=997 f1far=1300 f2near=654 f2far=1040
SIPM_ARRIVALS event=934 total=236
SIPM_ADC event=934 readout=1045 f1far=828 f2near=1529 f2far=972
SIPM_ARRIVALS event=501 total=317
SIPM_ADC event=501 readout=1222 f1far=1322 f2near=1156 f2far=1251
SIPM_ARRIVALS event=903 total=284
SIPM_ADC event=903 readout=1185 f1far=1205 f2near=1280 f2far=811
SIPM_ARRIVALS event=594 total=308
SIPM_ADC event=594 readout=1404 f1far=788 f2near=1032 f2far=1137
SIPM_ARRIVALS event=625 total=267
SIPM_ADC event=625 readout=1022 f1far=1043 f2near=1200 f2far=699
SIPM_ARRIVALS event=965 total=239
SIPM_ADC event=965 readout=878 f1far=855 f2near=1144 f2far=772
SIPM_ARRIVALS event=656 total=243
SIPM_ADC event=656 readout=1041 f1far=979 f2near=858 f2far=1276
SIPM_ARRIVALS event=533 total=291
SIPM_ADC event=533 readout=1053 f1far=1333 f2near=861 f2far=973
SIPM_ARRIVALS event=687 total=266
SIPM_ADC event=687 readout=1349 f1far=960 f2near=946 f2far=1673
SIPM_ARRIVALS event=718 total=284
SIPM_ADC event=718 readout=902 f1far=1057 f2near=1256 f2far=1042
SIPM_ARRIVALS event=811 total=237
SIPM_ADC event=811 readout=1390 f1far=834 f2near=1079 f2far=997
SIPM_ARRIVALS event=873 total=247
SIPM_ADC event=873 readout=669 f1far=1113 f2near=1023 f2far=1133
SIPM_ARRIVALS event=842 total=253
SIPM_ADC event=842 readout=1094 f1far=1101 f2near=1072 f2far=1154
SIPM_ARRIVALS event=749 total=277
SIPM_ADC event=749 readout=1028 f1far=994 f2near=1297 f2far=1345
SIPM_ARRIVALS event=564 total=264
SIPM_ADC event=564 readout=1391 f1far=815 f2near=662 f2far=1248
SIPM_ARRIVALS event=502 total=274
SIPM_ADC event=502 readout=1092 f1far=1467 f2near=1162 f2far=1185
SIPM_ARRIVALS event=780 total=255
SIPM_ADC event=780 readout=938 f1far=1542 f2near=917 f2far=790
SIPM_ARRIVALS event=904 total=296
SIPM_ADC event=904 readout=1129 f1far=1508 f2near=885 f2far=1097
SIPM_ARRIVALS event=935 total=252
SIPM_ADC event=935 readout=1221 f1far=657 f2near=1094 f2far=798
SIPM_ARRIVALS event=595 total=255
SIPM_ADC event=595 readout=1132 f1far=1089 f2near=1064 f2far=1317
SIPM_ARRIVALS event=966 total=288
SIPM_ADC event=966 readout=1258 f1far=916 f2near=1242 f2far=932
SIPM_ARRIVALS event=626 total=246
SIPM_ADC event=626 readout=1100 f1far=1179 f2near=1537 f2far=623
SIPM_ARRIVALS event=657 total=248
SIPM_ADC event=657 readout=940 f1far=703 f2near=899 f2far=1492
SIPM_ARRIVALS event=534 total=272
SIPM_ADC event=534 readout=1039 f1far=1294 f2near=967 f2far=1463
SIPM_ARRIVALS event=874 total=250
SIPM_ADC event=874 readout=1021 f1far=761 f2near=873 f2far=1306
SIPM_ARRIVALS event=688 total=289
SIPM_ADC event=688 readout=1069 f1far=1393 f2near=974 f2far=936
SIPM_ARRIVALS event=750 total=267
SIPM_ADC event=750 readout=870 f1far=1055 f2near=859 f2far=754
SIPM_ARRIVALS event=719 total=260
SIPM_ADC event=719 readout=607 f1far=1216 f2near=1270 f2far=732
SIPM_ARRIVALS event=843 total=278
SIPM_ADC event=843 readout=958 f1far=1739 f2near=862 f2far=1034
SIPM_ARRIVALS event=812 total=284
SIPM_ADC event=812 readout=987 f1far=1057 f2near=1918 f2far=798
SIPM_ARRIVALS event=503 total=261
SIPM_ADC event=503 readout=1016 f1far=844 f2near=1199 f2far=1008
SIPM_ARRIVALS event=565 total=289
SIPM_ADC event=565 readout=1344 f1far=1121 f2near=715 f2far=1122
SIPM_ARRIVALS event=596 total=257
SIPM_ADC event=596 readout=972 f1far=1395 f2near=1544 f2far=1204
SIPM_ARRIVALS event=905 total=279
SIPM_ADC event=905 readout=1316 f1far=894 f2near=1338 f2far=1898
SIPM_ARRIVALS event=967 total=240
SIPM_ADC event=967 readout=1057 f1far=1268 f2near=1271 f2far=1340
SIPM_ARRIVALS event=781 total=250
SIPM_ADC event=781 readout=760 f1far=1683 f2near=694 f2far=1236
SIPM_ARRIVALS event=936 total=310
SIPM_ADC event=936 readout=1758 f1far=1280 f2near=1778 f2far=1406
SIPM_ARRIVALS event=627 total=260
SIPM_ADC event=627 readout=1417 f1far=1384 f2near=1084 f2far=959
SIPM_ARRIVALS event=658 total=252
SIPM_ADC event=658 readout=998 f1far=1263 f2near=1266 f2far=1522
SIPM_ARRIVALS event=535 total=261
SIPM_ADC event=535 readout=1567 f1far=1337 f2near=925 f2far=1125
SIPM_ARRIVALS event=875 total=250
SIPM_ADC event=875 readout=916 f1far=814 f2near=652 f2far=858
SIPM_ARRIVALS event=689 total=280
SIPM_ADC event=689 readout=1588 f1far=1239 f2near=1632 f2far=1109
SIPM_ARRIVALS event=720 total=270
SIPM_ADC event=720 readout=1243 f1far=1106 f2near=1185 f2far=1537
SIPM_ARRIVALS event=844 total=233
SIPM_ARRIVALS event=751 total=256
SIPM_ADC event=844 readout=653 f1far=876 f2near=731 f2far=1222
SIPM_ADC event=751 readout=900 f1far=1219 f2near=1170 f2far=1273
SIPM_ARRIVALS event=813 total=266
SIPM_ADC event=813 readout=1121 f1far=1216 f2near=1182 f2far=1598
SIPM_ARRIVALS event=504 total=267
SIPM_ADC event=504 readout=847 f1far=882 f2near=1130 f2far=972
SIPM_ARRIVALS event=906 total=271
SIPM_ADC event=906 readout=1442 f1far=1266 f2near=725 f2far=740
SIPM_ARRIVALS event=566 total=264
SIPM_ADC event=566 readout=856 f1far=1127 f2near=789 f2far=1083
SIPM_ARRIVALS event=597 total=262
SIPM_ADC event=597 readout=1112 f1far=1449 f2near=797 f2far=1281
SIPM_ARRIVALS event=968 total=228
SIPM_ADC event=968 readout=1143 f1far=888 f2near=681 f2far=796
SIPM_ARRIVALS event=937 total=254
SIPM_ADC event=937 readout=985 f1far=1269 f2near=997 f2far=1063
SIPM_ARRIVALS event=782 total=245
SIPM_ADC event=782 readout=807 f1far=1150 f2near=616 f2far=976
SIPM_ARRIVALS event=628 total=280
SIPM_ADC event=628 readout=905 f1far=1051 f2near=779 f2far=1742
SIPM_ARRIVALS event=659 total=283
SIPM_ADC event=659 readout=1644 f1far=1160 f2near=1001 f2far=1270
SIPM_ARRIVALS event=536 total=254
SIPM_ADC event=536 readout=1032 f1far=874 f2near=611 f2far=1082
SIPM_ARRIVALS event=690 total=275
SIPM_ADC event=690 readout=1531 f1far=1226 f2near=913 f2far=1113
SIPM_ARRIVALS event=876 total=271
SIPM_ADC event=876 readout=873 f1far=1227 f2near=1277 f2far=891
SIPM_ARRIVALS event=721 total=270
SIPM_ADC event=721 readout=1092 f1far=739 f2near=1244 f2far=1062
SIPM_ARRIVALS event=845 total=261
SIPM_ADC event=845 readout=1324 f1far=928 f2near=942 f2far=832
SIPM_ARRIVALS event=814 total=278
SIPM_ADC event=814 readout=804 f1far=981 f2near=1103 f2far=1116
SIPM_ARRIVALS event=752 total=292
SIPM_ADC event=752 readout=1088 f1far=1280 f2near=1116 f2far=908
SIPM_ARRIVALS event=907 total=265
SIPM_ADC event=907 readout=1094 f1far=1088 f2near=897 f2far=557
SIPM_ARRIVALS event=567 total=269
SIPM_ADC event=567 readout=999 f1far=1343 f2near=1156 f2far=1139
SIPM_ARRIVALS event=505 total=278
SIPM_ADC event=505 readout=923 f1far=897 f2near=1895 f2far=1469
SIPM_ARRIVALS event=969 total=260
SIPM_ADC event=969 readout=878 f1far=799 f2near=1110 f2far=1243
SIPM_ARRIVALS event=598 total=268
SIPM_ADC event=598 readout=946 f1far=1395 f2near=959 f2far=1902
SIPM_ARRIVALS event=783 total=245
SIPM_ADC event=783 readout=699 f1far=723 f2near=1074 f2far=753
SIPM_ARRIVALS event=938 total=258
SIPM_ADC event=938 readout=697 f1far=1214 f2near=1367 f2far=1032
SIPM_ARRIVALS event=660 total=234
SIPM_ADC event=660 readout=838 f1far=600 f2near=1049 f2far=1165
SIPM_ARRIVALS event=537 total=273
SIPM_ADC event=537 readout=1326 f1far=1361 f2near=1091 f2far=1021
SIPM_ARRIVALS event=629 total=282
SIPM_ADC event=629 readout=1563 f1far=1215 f2near=1477 f2far=856
SIPM_ARRIVALS event=691 total=258
SIPM_ADC event=691 readout=1114 f1far=1226 f2near=1596 f2far=1553
SIPM_ARRIVALS event=722 total=266
SIPM_ADC event=722 readout=1809 f1far=1809 f2near=1268 f2far=729
SIPM_ARRIVALS event=877 total=259
SIPM_ADC event=877 readout=979 f1far=927 f2near=1069 f2far=1210
SIPM_ARRIVALS event=846 total=278
SIPM_ADC event=846 readout=993 f1far=1341 f2near=929 f2far=1173
SIPM_ARRIVALS event=506 total=271
SIPM_ADC event=506 readout=992 f1far=984 f2near=1457 f2far=1315
SIPM_ARRIVALS event=568 total=257
SIPM_ADC event=568 readout=949 f1far=913 f2near=808 f2far=663
SIPM_ARRIVALS event=815 total=257
SIPM_ARRIVALS event=908 total=SIPM_ADC event=257815 readout=
1127 f1far=785 f2near=1040 f2far=919
SIPM_ADC event=908 readout=1062 f1far=1048 f2near=935 f2far=1486
SIPM_ARRIVALS event=753 total=242
SIPM_ADC event=753 readout=905 f1far=1170 f2near=1306 f2far=1100
SIPM_ARRIVALS event=784 total=259
SIPM_ADC event=784 readout=1122 f1far=857 f2near=1192 f2far=1082
SIPM_ARRIVALS event=599 total=284
SIPM_ADC event=599 readout=1363 f1far=1058 f2near=1494 f2far=1543
SIPM_ARRIVALS event=939 total=269
SIPM_ADC event=939 readout=751 f1far=764 f2near=1463 f2far=1278
SIPM_ARRIVALS event=970 total=252
SIPM_ADC event=970 readout=1233 f1far=622 f2near=1187 f2far=1411
SIPM_ARRIVALS event=661 total=274
SIPM_ADC event=661 readout=1573 f1far=852 f2near=1373 f2far=1029
SIPM_ARRIVALS event=630 total=265
SIPM_ADC event=630 readout=1265 f1far=1077 f2near=1037 f2far=1190
SIPM_ARRIVALS event=538 total=248
SIPM_ADC event=538 readout=933 f1far=1085 f2near=622 f2far=1152
SIPM_ARRIVALS event=723 total=291
SIPM_ADC event=723 readout=928 f1far=1844 f2near=1020 f2far=1184
SIPM_ARRIVALS event=878 total=271
SIPM_ADC event=878 readout=785 f1far=728 f2near=1206 f2far=1061
SIPM_ARRIVALS event=692 total=272
SIPM_ADC event=692 readout=1113 f1far=922 f2near=1547 f2far=1024
SIPM_ARRIVALS event=847 total=249
SIPM_ADC event=847 readout=1020 f1far=739 f2near=1443 f2far=952
SIPM_ARRIVALS event=816 total=283
SIPM_ADC event=816 readout=1085 f1far=1589 f2near=1269 f2far=778
SIPM_ARRIVALS event=507 total=283
SIPM_ADC event=507 readout=1843 f1far=1282 f2near=1008 f2far=1036
SIPM_ARRIVALS event=754 total=246
SIPM_ADC event=754 readout=1281 f1far=1046 f2near=1510 f2far=1294
SIPM_ARRIVALS event=569 total=256
SIPM_ADC event=569 readout=1260 f1far=1263 f2near=1140 f2far=980
SIPM_ARRIVALS event=600 total=276
SIPM_ADC event=600 readout=837 f1far=957 f2near=1104 f2far=688
SIPM_ARRIVALS event=909 total=292
SIPM_ADC event=909 readout=1155 f1far=1658 f2near=1205 f2far=1114
SIPM_ARRIVALS event=940 total=261
SIPM_ADC event=940 readout=1170 f1far=944 f2near=1069 f2far=1045
SIPM_ARRIVALS event=971 total=255
SIPM_ADC event=971 readout=752 f1far=735 f2near=902 f2far=1317
SIPM_ARRIVALS event=785 total=264
SIPM_ADC event=785 readout=1145 f1far=827 f2near=1123 f2far=1133
SIPM_ARRIVALS event=662 total=273
SIPM_ADC event=662 readout=1288 f1far=1601 f2near=1308 f2far=814
SIPM_ARRIVALS event=631 total=282
SIPM_ADC event=631 readout=1714 f1far=1209 f2near=1448 f2far=1221
SIPM_ARRIVALS event=539 total=255
SIPM_ADC event=539 readout=1167 f1far=1324 f2near=738 f2far=832
SIPM_ARRIVALS event=879 total=264
SIPM_ADC event=879 readout=1238 f1far=1222 f2near=1038 f2far=1237
SIPM_ARRIVALS event=724 total=281
SIPM_ADC event=724 readout=1021 f1far=1477 f2near=583 f2far=1264
SIPM_ARRIVALS event=693 total=278
SIPM_ADC event=693 readout=1176 f1far=2023 f2near=1006 f2far=1172
SIPM_ARRIVALS event=848 total=254
SIPM_ADC event=848 readout=945 f1far=928 f2near=830 f2far=1104
SIPM_ARRIVALS event=508 total=246
SIPM_ADC event=508 readout=1148 f1far=652 f2near=1221 f2far=1220
SIPM_ARRIVALS event=817 total=279
SIPM_ADC event=817 readout=1547 f1far=827 f2near=966 f2far=1187
SIPM_ARRIVALS event=755 total=261
SIPM_ADC event=755 readout=816 f1far=1426 f2near=882 f2far=1069
SIPM_ARRIVALS event=786 total=242
SIPM_ADC event=786 readout=1010 f1far=1125 f2near=1149 f2far=1218
SIPM_ARRIVALS event=910 total=271
SIPM_ADC event=910 readout=1009 f1far=729 f2near=707 f2far=1096
SIPM_ARRIVALS event=601 total=288
SIPM_ADC event=601 readout=1043 f1far=1297 f2near=1064 f2far=1146
SIPM_ARRIVALS event=570 total=294
SIPM_ADC event=570 readout=1246 f1far=1306 f2near=1243 f2far=1196
SIPM_ARRIVALS event=972 total=282
SIPM_ADC event=972 readout=1093 f1far=935 f2near=1029 f2far=1366
SIPM_ARRIVALS event=663 total=263
SIPM_ADC event=663 readout=821 f1far=593 f2near=887 f2far=1619
SIPM_ARRIVALS event=941 total=271
SIPM_ADC event=941 readout=921 f1far=815 f2near=1083 f2far=1454
SIPM_ARRIVALS event=632 total=266
SIPM_ADC event=632 readout=1679 f1far=599 f2near=1026 f2far=721
SIPM_ARRIVALS event=725 total=267
SIPM_ADC event=725 readout=1169 f1far=1057 f2near=1247 f2far=695
SIPM_ARRIVALS event=694 total=245
SIPM_ADC event=694 readout=963 f1far=855 f2near=774 f2far=872
SIPM_ARRIVALS event=540 total=233
SIPM_ADC event=540 readout=1054 f1far=1037 f2near=1117 f2far=937
SIPM_ARRIVALS event=880 total=254
SIPM_ADC event=880 readout=732 f1far=1158 f2near=1191 f2far=910
SIPM_ARRIVALS event=849 total=247
SIPM_ADC event=849 readout=1311 f1far=1141 f2near=988 f2far=1091
SIPM_ARRIVALS event=509 total=245
SIPM_ADC event=509 readout=1423 f1far=1023 f2near=1301 f2far=1121
SIPM_ARRIVALS event=911 total=256
SIPM_ADC event=911 readout=868 f1far=1234 f2near=958 f2far=714
SIPM_ARRIVALS event=818 total=253
SIPM_ADC event=818 readout=1017 f1far=1262 f2near=1070 f2far=1113
SIPM_ARRIVALS event=756 total=251
SIPM_ADC event=756 readout=1003 f1far=1166 f2near=1429 f2far=996
SIPM_ARRIVALS event=973 total=233
SIPM_ADC event=973 readout=691 f1far=1003 f2near=946 f2far=936
SIPM_ARRIVALS event=602 total=278
SIPM_ADC event=602 readout=1358 f1far=825 f2near=828 f2far=1344
SIPM_ARRIVALS event=571 total=235
SIPM_ADC event=571 readout=818 f1far=712 f2near=1133 f2far=866
SIPM_ARRIVALS event=787 total=272
SIPM_ADC event=787 readout=987 f1far=1381 f2near=652 f2far=1533
SIPM_ARRIVALS event=664 total=251
SIPM_ADC event=664 readout=511 f1far=1035 f2near=1093 f2far=1197
SIPM_ARRIVALS event=942 total=232
SIPM_ADC event=942 readout=748 f1far=1405 f2near=1098 f2far=941
SIPM_ARRIVALS event=633 total=265
SIPM_ADC event=633 readout=838 f1far=1382 f2near=750 f2far=851
SIPM_ARRIVALS event=695 total=266
SIPM_ADC event=695 readout=952 f1far=1112 f2near=1019 f2far=1230
SIPM_ARRIVALS event=541 total=290
SIPM_ADC event=541 readout=1408 f1far=1759 f2near=1147 f2far=1164
SIPM_ARRIVALS event=726 total=270
SIPM_ADC event=726 readout=1035 f1far=1233 f2near=888 f2far=1765
SIPM_ARRIVALS event=881 total=260
SIPM_ADC event=881 readout=1341 f1far=1238 f2near=827 f2far=1024
SIPM_ARRIVALS event=912 total=259
SIPM_ADC event=912 readout=1203 f1far=997 f2near=1429 f2far=1721
SIPM_ARRIVALS event=850 total=270
SIPM_ADC event=850 readout=1201 f1far=846 f2near=1087 f2far=1255
SIPM_ARRIVALS event=974 total=241
SIPM_ADC event=974 readout=1252 f1far=921 f2near=786 f2far=1212
SIPM_ARRIVALS event=510 total=302
SIPM_ADC event=510 readout=1529 f1far=972 f2near=1277 f2far=939
SIPM_ARRIVALS event=757 total=261
SIPM_ADC event=757 readout=637 f1far=857 f2near=1552 f2far=1274
SIPM_ARRIVALS event=819 total=257
SIPM_ADC event=819 readout=804 f1far=1340 f2near=1264 f2far=853
SIPM_ARRIVALS event=788 total=249
SIPM_ADC event=788 readout=838 f1far=955 f2near=936 f2far=1082
SIPM_ARRIVALS event=603 total=281
SIPM_ADC event=603 readout=847 f1far=902 f2near=1814 f2far=857
SIPM_ARRIVALS event=572 total=229
SIPM_ADC event=572 readout=963 f1far=768 f2near=562 f2far=631
SIPM_ARRIVALS event=943 total=240
SIPM_ADC event=943 readout=924 f1far=1186 f2near=845 f2far=1030
SIPM_ARRIVALS event=665 total=251
SIPM_ADC event=665 readout=880 f1far=1461 f2near=1746 f2far=739
SIPM_ARRIVALS event=634 total=269
SIPM_ADC event=634 readout=2110 f1far=1059 f2near=944 f2far=1314
SIPM_ARRIVALS event=696 total=252
SIPM_ADC event=696 readout=874 f1far=808 f2near=1267 f2far=1003
SIPM_ARRIVALS event=882 total=272
SIPM_ADC event=882 readout=1044 f1far=777 f2near=687 f2far=1682
SIPM_ARRIVALS event=727 total=279
SIPM_ADC event=727 readout=720 f1far=1120 f2near=1503 f2far=1212
SIPM_ARRIVALS event=542 total=280
SIPM_ADC event=542 readout=1523 f1far=1211 f2near=1182 f2far=853
SIPM_ARRIVALS event=913 total=277
SIPM_ADC event=913 readout=1068 f1far=1127 f2near=1140 f2far=1176
SIPM_ARRIVALS event=851 total=269
SIPM_ADC event=851 readout=1037 f1far=1284 f2near=859 f2far=1483
SIPM_ARRIVALS event=511 total=256
SIPM_ADC event=511 readout=792 f1far=1025 f2near=1337 f2far=1228
SIPM_ARRIVALS event=604 total=259
SIPM_ADC event=604 readout=858 f1far=775 f2near=786 f2far=1065
SIPM_ARRIVALS event=758 total=240
SIPM_ADC event=758 readout=935 f1far=1085 f2near=813 f2far=1198
SIPM_ARRIVALS event=975 total=261
SIPM_ADC event=975 readout=774 f1far=1246 f2near=1105 f2far=904
SIPM_ARRIVALS event=789 total=261
SIPM_ADC event=789 readout=973 f1far=969 f2near=1526 f2far=924
SIPM_ARRIVALS event=820 total=233
SIPM_ADC event=820 readout=649 f1far=1229 f2near=1541 f2far=1268
SIPM_ARRIVALS event=573 total=283
SIPM_ADC event=573 readout=1410 f1far=1306 f2near=1257 f2far=780
SIPM_ARRIVALS event=944 total=262
SIPM_ADC event=944 readout=1260 f1far=891 f2near=1010 f2far=1277
SIPM_ARRIVALS event=666 total=233
SIPM_ADC event=666 readout=720 f1far=1120 f2near=1118 f2far=1305
SIPM_ARRIVALS event=635 total=263
SIPM_ADC event=635 readout=860 f1far=884 f2near=1557 f2far=828
SIPM_ARRIVALS event=697 total=273
SIPM_ADC event=697 readout=1645 f1far=811 f2near=1385 f2far=685
SIPM_ARRIVALS event=883 total=268
SIPM_ADC event=883 readout=1236 f1far=1040 f2near=1324 f2far=1192
SIPM_ARRIVALS event=914 total=249
SIPM_ADC event=914 readout=930 f1far=1281 f2near=879 f2far=1479
SIPM_ARRIVALS event=543 total=276
SIPM_ADC event=543 readout=977 f1far=1347 f2near=1041 f2far=1393
SIPM_ARRIVALS event=728 total=261
SIPM_ADC event=728 readout=1140 f1far=699 f2near=1160 f2far=1128
SIPM_ARRIVALS event=852 total=241
SIPM_ADC event=852 readout=1530 f1far=1321 f2near=947 f2far=1093
SIPM_ARRIVALS event=512 total=252
SIPM_ADC event=512 readout=1290 f1far=985 f2near=1123 f2far=1107
SIPM_ARRIVALS event=759 total=252
SIPM_ADC event=759 readout=752 f1far=1369 f2near=1174 f2far=1060
SIPM_ARRIVALS event=790 total=279
SIPM_ADC event=790 readout=1409 f1far=916 f2near=950 f2far=1038
SIPM_ARRIVALS event=605 total=292
SIPM_ADC event=605 readout=1452 f1far=1221 f2near=1049 f2far=1025
SIPM_ARRIVALS event=976 total=265
SIPM_ADC event=976 readout=1326 f1far=1430 f2near=1731 f2far=842
SIPM_ARRIVALS event=574 total=257
SIPM_ADC event=574 readout=939 f1far=1089 f2near=1161 f2far=1064
SIPM_ARRIVALS event=821 total=276
SIPM_ADC event=821 readout=1113 f1far=1065 f2near=1193 f2far=1140
SIPM_ARRIVALS event=667 total=257
SIPM_ADC event=667 readout=1156 f1far=631 f2near=896 f2far=1114
SIPM_ARRIVALS event=945 total=270
SIPM_ADC event=945 readout=953 f1far=1185 f2near=1410 f2far=739
SIPM_ARRIVALS event=636 total=265
SIPM_ADC event=636 readout=1520 f1far=785 f2near=1083 f2far=1153
SIPM_ARRIVALS event=698 total=254
SIPM_ADC event=698 readout=905 f1far=946 f2near=1019 f2far=893
SIPM_ARRIVALS event=544 total=272
SIPM_ADC event=544 readout=1756 f1far=1006 f2near=1214 f2far=956
SIPM_ARRIVALS event=915 total=287
SIPM_ADC event=915 readout=996 f1far=891 f2near=1215 f2far=986
SIPM_ARRIVALS event=884 total=295
SIPM_ADC event=884 readout=773 f1far=1060 f2near=1248 f2far=1459
SIPM_ARRIVALS event=729 total=254
SIPM_ADC event=729 readout=815 f1far=1234 f2near=955 f2far=694
SIPM_ARRIVALS event=760 total=274
SIPM_ADC event=760 readout=1129 f1far=1115 f2near=726 f2far=825
SIPM_ARRIVALS event=791 total=284
SIPM_ADC event=791 readout=556 f1far=1164 f2near=1074 f2far=1194
SIPM_ARRIVALS event=977 total=267
SIPM_ADC event=977 readout=1302 f1far=811 f2near=960 f2far=1523
SIPM_ARRIVALS event=513 total=264
SIPM_ADC event=513 readout=877 f1far=1418 f2near=1137 f2far=1088
SIPM_ARRIVALS event=853 total=249
SIPM_ADC event=853 readout=1138 f1far=780 f2near=1180 f2far=1029
SIPM_ARRIVALS event=606 total=248
SIPM_ADC event=606 readout=915 f1far=1168 f2near=1512 f2far=795
SIPM_ARRIVALS event=575 total=254
SIPM_ADC event=575 readout=1172 f1far=964 f2near=1230 f2far=880
SIPM_ARRIVALS event=822 total=224
SIPM_ADC event=822 readout=932 f1far=1060 f2near=929 f2far=519
SIPM_ARRIVALS event=668 total=276
SIPM_ADC event=668 readout=1472 f1far=1069 f2near=778 f2far=1091
SIPM_ARRIVALS event=637 total=250
SIPM_ADC event=637 readout=1212 f1far=1008 f2near=1692 f2far=1301
SIPM_ARRIVALS event=946 total=327
SIPM_ADC event=946 readout=1094 f1far=1290 f2near=2253 f2far=966
SIPM_ARRIVALS event=699 total=279
SIPM_ADC event=699 readout=1089 f1far=1086 f2near=1171 f2far=1412
SIPM_ARRIVALS event=545 total=239
SIPM_ADC event=545 readout=1210 f1far=1301 f2near=846 f2far=899
SIPM_ARRIVALS event=885 total=274
SIPM_ADC event=885 readout=1036 f1far=695 f2near=1579 f2far=698
SIPM_ARRIVALS event=761 total=274
SIPM_ADC event=761 readout=1359 f1far=1375 f2near=1026 f2far=879
SIPM_ARRIVALS event=730 total=258
SIPM_ADC event=730 readout=1042 f1far=1521 f2near=994 f2far=1125
SIPM_ARRIVALS event=916 total=270
SIPM_ADC event=916 readout=1080 f1far=1131 f2near=983 f2far=1098
SIPM_ARRIVALS event=607 total=263
SIPM_ADC event=607 readout=1559 f1far=1301 f2near=850 f2far=1131
SIPM_ARRIVALS event=792 total=267
SIPM_ADC event=792 readout=1186 f1far=1376 f2near=1376 f2far=1272
SIPM_ARRIVALS event=576 total=242
SIPM_ADC event=576 readout=1342 f1far=466 f2near=1082 f2far=703
SIPM_ARRIVALS event=978 total=287
SIPM_ADC event=978 readout=1142 f1far=1677 f2near=728 f2far=707
SIPM_ARRIVALS event=514 total=271
SIPM_ADC event=514 readout=941 f1far=1523 f2near=1237 f2far=1583
SIPM_ARRIVALS event=854 total=259
SIPM_ADC event=854 readout=1283 f1far=927 f2near=947 f2far=953
SIPM_ARRIVALS event=823 total=275
SIPM_ADC event=823 readout=1302 f1far=775 f2near=791 f2far=1510
SIPM_ARRIVALS event=638 total=271
SIPM_ADC event=638 readout=879 f1far=1396 f2near=1217 f2far=1371
SIPM_ARRIVALS event=669 total=251
SIPM_ADC event=669 readout=695 f1far=1282 f2near=655 f2far=750
SIPM_ARRIVALS event=947 total=256
SIPM_ADC event=947 readout=1508 f1far=594 f2near=826 f2far=906
SIPM_ARRIVALS event=700 total=251
SIPM_ADC event=700 readout=1102 f1far=858 f2near=765 f2far=1089
SIPM_ARRIVALS event=546 total=248
SIPM_ADC event=546 readout=1148 f1far=856 f2near=697 f2far=1022
SIPM_ARRIVALS event=886 total=250
SIPM_ADC event=886 readout=1090 f1far=1020 f2near=1022 f2far=1174
SIPM_ARRIVALS event=917 total=256
SIPM_ADC event=917 readout=1231 f1far=734 f2near=1051 f2far=1377
SIPM_ARRIVALS event=731 total=275
SIPM_ADC event=731 readout=1119 f1far=1212 f2near=1038 f2far=570
SIPM_ARRIVALS event=762 total=283
SIPM_ADC event=762 readout=1364 f1far=1179 f2near=1733 f2far=1431
SIPM_ARRIVALS event=608 total=260
SIPM_ADC event=608 readout=1203 f1far=1004 f2near=831 f2far=1238
SIPM_ARRIVALS event=979 total=257
SIPM_ADC event=979 readout=1287 f1far=605 f2near=932 f2far=937
SIPM_ARRIVALS event=793 total=263
SIPM_ADC event=793 readout=1017 f1far=1062 f2near=943 f2far=907
SIPM_ARRIVALS event=577 total=256
SIPM_ADC event=577 readout=1510 f1far=1610 f2near=1333 f2far=892
SIPM_ARRIVALS event=515 total=295
SIPM_ADC event=515 readout=1207 f1far=1250 f2near=1150 f2far=1309
SIPM_ARRIVALS event=824 total=255
SIPM_ADC event=824 readout=1213 f1far=1018 f2near=1205 f2far=947
SIPM_ARRIVALS event=855 total=268
SIPM_ADC event=855 readout=1520 f1far=1519 f2near=634 f2far=1301
SIPM_ARRIVALS event=639 total=260
SIPM_ADC event=639 readout=958 f1far=1073 f2near=1476 f2far=1208
SIPM_ARRIVALS event=670 total=259
SIPM_ADC event=670 readout=1887 f1far=1349 f2near=1019 f2far=868
SIPM_ARRIVALS event=948 total=271
SIPM_ADC event=948 readout=1193 f1far=1030 f2near=1385 f2far=1195
SIPM_ARRIVALS event=547 total=270
SIPM_ADC event=547 readout=1320 f1far=1143 f2near=965 f2far=1312
SIPM_ARRIVALS event=887 total=263
SIPM_ADC event=887 readout=905 f1far=1321 f2near=909 f2far=1459
SIPM_ARRIVALS event=701 total=282
SIPM_ADC event=701 readout=1247 f1far=1353 f2near=962 f2far=1677
SIPM_ARRIVALS event=918 total=272
SIPM_ADC event=918 readout=1130 f1far=842 f2near=904 f2far=912
SIPM_ARRIVALS event=609 total=252
SIPM_ADC event=609 readout=1115 f1far=631 f2near=939 f2far=1280
SIPM_ARRIVALS event=856 total=263
SIPM_ADC event=856 readout=1034 f1far=1094 f2near=1604 f2far=1088
SIPM_ARRIVALS event=980 total=249
SIPM_ADC event=980 readout=1129 f1far=1065 f2near=1307 f2far=742
SIPM_ARRIVALS event=763 total=246
SIPM_ADC event=763 readout=868 f1far=1119 f2near=1263 f2far=812
SIPM_ARRIVALS event=732 total=269
SIPM_ADC event=732 readout=777 f1far=1264 f2near=1576 f2far=598
SIPM_ARRIVALS event=516 total=265
SIPM_ADC event=516 readout=1227 f1far=1054 f2near=1143 f2far=910
SIPM_ARRIVALS event=794 total=278
SIPM_ADC event=794 readout=835 f1far=1293 f2near=1210 f2far=1132
SIPM_ARRIVALS event=578 total=270
SIPM_ADC event=578 readout=1274 f1far=1077 f2near=1084 f2far=977
SIPM_ARRIVALS event=825 total=249
SIPM_ADC event=825 readout=1014 f1far=648 f2near=1195 f2far=911
SIPM_ARRIVALS event=671 total=238
SIPM_ADC event=671 readout=839 f1far=919 f2near=890 f2far=889
SIPM_ARRIVALS event=640 total=275
SIPM_ADC event=640 readout=817 f1far=1404 f2near=1094 f2far=1549
SIPM_ARRIVALS event=949 total=265
SIPM_ADC event=949 readout=669 f1far=892 f2near=870 f2far=1183
SIPM_ARRIVALS event=548 total=245
SIPM_ADC event=548 readout=752 f1far=805 f2near=758 f2far=1039
SIPM_ARRIVALS event=702 total=251
SIPM_ADC event=702 readout=1327 f1far=1814 f2near=1265 f2far=889
SIPM_ARRIVALS event=888 total=256
SIPM_ADC event=888 readout=1139 f1far=1017 f2near=1248 f2far=934
SIPM_ARRIVALS event=919 total=274
SIPM_ADC event=919 readout=1008 f1far=948 f2near=692 f2far=1133
SIPM_ARRIVALS event=981 total=253
SIPM_ADC event=981 readout=1316 f1far=1473 f2near=882 f2far=836
SIPM_ARRIVALS event=610 total=263
SIPM_ADC event=610 readout=1239 f1far=1310 f2near=924 f2far=1143
SIPM_ARRIVALS event=764 total=296
SIPM_ADC event=764 readout=1543 f1far=1097 f2near=1221 f2far=1460
SIPM_ARRIVALS event=857 total=229
SIPM_ADC event=857 readout=1290 f1far=1208 f2near=1108 f2far=939
SIPM_ARRIVALS event=517 total=263
SIPM_ADC event=517 readout=818 f1far=1000 f2near=904 f2far=1343
SIPM_ARRIVALS event=672 total=243
SIPM_ADC event=672 readout=641 f1far=836 f2near=909 f2far=1138
SIPM_ARRIVALS event=579 total=251
SIPM_ADC event=579 readout=670 f1far=958 f2near=807 f2far=954
SIPM_ARRIVALS event=795 total=277
SIPM_ADC event=795 readout=1775 f1far=1081 f2near=808 f2far=681
SIPM_ARRIVALS event=733 total=244
SIPM_ADC event=733 readout=798 f1far=1134 f2near=777 f2far=926
SIPM_ARRIVALS event=826 total=261
SIPM_ADC event=826 readout=954 f1far=1207 f2near=1313 f2far=964
SIPM_ARRIVALS event=641 total=240
SIPM_ADC event=641 readout=1437 f1far=994 f2near=1138 f2far=783
SIPM_ARRIVALS event=950 total=247
SIPM_ADC event=950 readout=1130 f1far=983 f2near=843 f2far=913
SIPM_ARRIVALS event=549 total=274
SIPM_ADC event=549 readout=1282 f1far=1496 f2near=784 f2far=1255
SIPM_ARRIVALS event=889 total=250
SIPM_ADC event=889 readout=749 f1far=1050 f2near=919 f2far=756
SIPM_ARRIVALS event=703 total=266
SIPM_ADC event=703 readout=1284 f1far=1107 f2near=824 f2far=1007
SIPM_ARRIVALS event=611 total=233
SIPM_ADC event=611 readout=815 f1far=883 f2near=792 f2far=816
SIPM_ARRIVALS event=920 total=232
SIPM_ADC event=920 readout=1054 f1far=667 f2near=928 f2far=1413
SIPM_ARRIVALS event=858 total=261
SIPM_ADC event=858 readout=1183 f1far=1017 f2near=733 f2far=1519
SIPM_ARRIVALS event=580 total=254
SIPM_ADC event=580 readout=813 f1far=736 f2near=1236 f2far=1007
SIPM_ARRIVALS event=518 total=252
SIPM_ADC event=518 readout=637 f1far=1246 f2near=1472 f2far=776
SIPM_ARRIVALS event=765 total=280
SIPM_ADC event=765 readout=1164 f1far=1133 f2near=945 f2far=1289
SIPM_ARRIVALS event=982 total=287
SIPM_ADC event=982 readout=898 f1far=1494 f2near=825 f2far=1292
SIPM_ARRIVALS event=673 total=243
SIPM_ADC event=673 readout=1057 f1far=1018 f2near=941 f2far=727
SIPM_ARRIVALS event=796 total=288
SIPM_ADC event=796 readout=1015 f1far=995 f2near=1466 f2far=1138
SIPM_ARRIVALS event=827 total=243
SIPM_ADC event=827 readout=1311 f1far=996 f2near=1381 f2far=775
SIPM_ARRIVALS event=642 total=269
SIPM_ADC event=642 readout=1023 f1far=1314 f2near=688 f2far=1267
SIPM_ARRIVALS event=734 total=280
SIPM_ADC event=734 readout=953 f1far=1213 f2near=603 f2far=1193
SIPM_ARRIVALS event=951 total=270
SIPM_ADC event=951 readout=903 f1far=1050 f2near=1299 f2far=1036
SIPM_ARRIVALS event=550 total=289
SIPM_ADC event=550 readout=832 f1far=1329 f2near=1146 f2far=655
SIPM_ARRIVALS event=890 total=254
SIPM_ADC event=890 readout=699 f1far=1026 f2near=986 f2far=1572
SIPM_ARRIVALS event=612 total=211
SIPM_ADC event=612 readout=891 f1far=653 f2near=1085 f2far=839
SIPM_ARRIVALS event=704 total=260
SIPM_ADC event=704 readout=485 f1far=1153 f2near=1279 f2far=886
SIPM_ARRIVALS event=921 total=260
SIPM_ADC event=921 readout=1086 f1far=1096 f2near=711 f2far=1051
SIPM_ARRIVALS event=859 total=250
SIPM_ADC event=859 readout=922 f1far=1404 f2near=1116 f2far=543
SIPM_ARRIVALS event=766 total=231
SIPM_ADC event=766 readout=786 f1far=1084 f2near=518 f2far=1349
SIPM_ARRIVALS event=983 total=276
SIPM_ADC event=983 readout=888 f1far=1274 f2near=1192 f2far=1025
SIPM_ARRIVALS event=581 total=259
SIPM_ADC event=581 readout=1064 f1far=727 f2near=803 f2far=1414
SIPM_ARRIVALS event=828 total=259
SIPM_ADC event=828 readout=1210 f1far=888 f2near=921 f2far=893
SIPM_ARRIVALS event=674 total=244
SIPM_ADC event=674 readout=1348 f1far=1249 f2near=814 f2far=973
SIPM_ARRIVALS event=519 total=281
SIPM_ADC event=519 readout=1201 f1far=1091 f2near=954 f2far=962
SIPM_ARRIVALS event=797 total=246
SIPM_ADC event=797 readout=1230 f1far=471 f2near=1255 f2far=1267
SIPM_ARRIVALS event=643 total=266
SIPM_ADC event=643 readout=1435 f1far=1246 f2near=1107 f2far=1053
SIPM_ARRIVALS event=735 total=266
SIPM_ADC event=735 readout=1095 f1far=1017 f2near=1297 f2far=1749
SIPM_ARRIVALS event=952 total=272
SIPM_ADC event=952 readout=820 f1far=1188 f2near=1361 f2far=1437
SIPM_ARRIVALS event=551 total=274
SIPM_ADC event=551 readout=1415 f1far=1268 f2near=548 f2far=1062
SIPM_ARRIVALS event=891 total=262
SIPM_ADC event=891 readout=923 f1far=1035 f2near=974 f2far=832
SIPM_ARRIVALS event=613 total=244
SIPM_ADC event=613 readout=1381 f1far=1182 f2near=1327 f2far=1088
SIPM_ARRIVALS event=705 total=264
SIPM_ADC event=705 readout=1809 f1far=694 f2near=1291 f2far=1093
SIPM_ARRIVALS event=922 total=277
SIPM_ADC event=922 readout=1315 f1far=1369 f2near=951 f2far=1085
SIPM_ARRIVALS event=860 total=272
SIPM_ADC event=860 readout=1604 f1far=677 f2near=1003 f2far=1144
SIPM_ARRIVALS event=984 total=257
SIPM_ADC event=984 readout=1067 f1far=1026 f2near=1213 f2far=1108
SIPM_ARRIVALS event=582 total=281
SIPM_ADC event=582 readout=1219 f1far=1310 f2near=629 f2far=1384
SIPM_ARRIVALS event=767 total=257
SIPM_ADC event=767 readout=1013 f1far=1186 f2near=1169 f2far=1371
SIPM_ARRIVALS event=829 total=259
SIPM_ADC event=829 readout=1464 f1far=896 f2near=1212 f2far=1164
SIPM_ARRIVALS event=520 total=256
SIPM_ADC event=520 readout=1167 f1far=770 f2near=1160 f2far=776
SIPM_ARRIVALS event=675 total=273
SIPM_ADC event=675 readout=1152 f1far=1051 f2near=1128 f2far=1016
SIPM_ARRIVALS event=644 total=277
SIPM_ADC event=644 readout=1690 f1far=1422 f2near=1148 f2far=966
SIPM_ARRIVALS event=736 total=261
SIPM_ADC event=736 readout=929 f1far=1196 f2near=963 f2far=1419
SIPM_ARRIVALS event=798 total=276
SIPM_ADC event=798 readout=1175 f1far=1445 f2near=994 f2far=1296
SIPM_ARRIVALS event=552 total=292
SIPM_ADC event=552 readout=1225 f1far=1357 f2near=1510 f2far=955
SIPM_ARRIVALS event=953 total=245
SIPM_ADC event=953 readout=1079 f1far=1155 f2near=1226 f2far=1188
SIPM_ARRIVALS event=892 total=255
SIPM_ADC event=892 readout=885 f1far=1051 f2near=1080 f2far=1172
SIPM_ARRIVALS event=861 total=257
SIPM_ADC event=861 readout=1043 f1far=954 f2near=933 f2far=975
SIPM_ARRIVALS event=985 total=267
SIPM_ADC event=985 readout=1382 f1far=1022 f2near=905 f2far=745
SIPM_ARRIVALS event=614 total=270
SIPM_ARRIVALS event=706 total=275
SIPM_ADC event=614 readout=1431 f1far=1221 f2near=1150 f2far=1055
SIPM_ADC event=706 readout=1586 f1far=790 f2near=1073 f2far=438
SIPM_ARRIVALS event=583 total=261
SIPM_ADC event=583 readout=1537 f1far=665 f2near=1096 f2far=897
SIPM_ARRIVALS event=768 total=261
SIPM_ADC event=768 readout=1356 f1far=1180 f2near=671 f2far=1172
SIPM_ARRIVALS event=923 total=278
SIPM_ADC event=923 readout=726 f1far=990 f2near=1127 f2far=1213
SIPM_ARRIVALS event=830 total=274
SIPM_ADC event=830 readout=1099 f1far=1070 f2near=696 f2far=1398
SIPM_ARRIVALS event=521 total=257
SIPM_ADC event=521 readout=1164 f1far=1051 f2near=1418 f2far=1221
SIPM_ARRIVALS event=645 total=239
SIPM_ADC event=645 readout=1042 f1far=928 f2near=836 f2far=1351
SIPM_ARRIVALS event=676 total=267
SIPM_ADC event=676 readout=802 f1far=1175 f2near=1010 f2far=1310
SIPM_ARRIVALS event=737 total=244
SIPM_ADC event=737 readout=903 f1far=1031 f2near=1053 f2far=975
SIPM_ARRIVALS event=799 total=272
SIPM_ADC event=799 readout=1180 f1far=1174 f2near=1465 f2far=888
SIPM_ARRIVALS event=553 total=260
SIPM_ADC event=553 readout=907 f1far=1294 f2near=1048 f2far=1292
SIPM_ARRIVALS event=954 total=276
SIPM_ADC event=954 readout=1067 f1far=518 f2near=1567 f2far=1454
SIPM_ARRIVALS event=893 total=273
SIPM_ADC event=893 readout=1540 f1far=905 f2near=1054 f2far=1265
SIPM_ARRIVALS event=615 total=230
SIPM_ADC event=615 readout=1552 f1far=900 f2near=1184 f2far=873
SIPM_ARRIVALS event=707 total=260
SIPM_ADC event=707 readout=1154 f1far=1179 f2near=1070 f2far=994
SIPM_ARRIVALS event=769 total=241
SIPM_ADC event=769 readout=1487 f1far=550 f2near=1238 f2far=1159
SIPM_ARRIVALS event=862 total=253
SIPM_ADC event=862 readout=902 f1far=1024 f2near=688 f2far=1626
SIPM_ARRIVALS event=584 total=256
SIPM_ADC event=584 readout=1371 f1far=840 f2near=1416 f2far=1322
SIPM_ARRIVALS event=831 total=242
SIPM_ADC event=831 readout=985 f1far=1174 f2near=736 f2far=1047
SIPM_ARRIVALS event=986 total=260
SIPM_ADC event=986 readout=765 f1far=1242 f2near=1140 f2far=1054
SIPM_ARRIVALS event=924 total=245
SIPM_ADC event=924 readout=661 f1far=1064 f2near=987 f2far=1068
SIPM_ARRIVALS event=522 total=228
SIPM_ADC event=522 readout=652 f1far=1373 f2near=1350 f2far=1250
SIPM_ARRIVALS event=677 total=281
SIPM_ADC event=677 readout=1003 f1far=1327 f2near=1671 f2far=977
SIPM_ARRIVALS event=800 total=281
SIPM_ADC event=800 readout=1109 f1far=803 f2near=1596 f2far=1198
SIPM_ARRIVALS event=646 total=270
SIPM_ADC event=646 readout=1400 f1far=1086 f2near=1382 f2far=1108
SIPM_ARRIVALS event=738 total=270
SIPM_ADC event=738 readout=905 f1far=869 f2near=1113 f2far=1023
SIPM_ARRIVALS event=955 total=243
SIPM_ADC event=955 readout=896 f1far=1195 f2near=999 f2far=650
SIPM_ARRIVALS event=554 total=264
SIPM_ADC event=554 readout=1383 f1far=1037 f2near=852 f2far=1383
SIPM_ARRIVALS event=894 total=251
SIPM_ADC event=894 readout=1045 f1far=1279 f2near=1284 f2far=1345
SIPM_ARRIVALS event=770 total=275
SIPM_ADC event=770 readout=921 f1far=1334 f2near=1300 f2far=1264
SIPM_ARRIVALS event=832 total=258
SIPM_ADC event=832 readout=1126 f1far=839 f2near=1121 f2far=1373
SIPM_ARRIVALS event=616 total=248
SIPM_ADC event=616 readout=1022 f1far=1395 f2near=1127 f2far=1099
SIPM_ARRIVALS event=863 total=249
SIPM_ADC event=863 readout=1125 f1far=1104 f2near=596 f2far=943
SIPM_ARRIVALS event=708 total=269
SIPM_ADC event=708 readout=871 f1far=679 f2near=1544 f2far=1367
SIPM_ARRIVALS event=585 total=241
SIPM_ADC event=585 readout=966 f1far=1245 f2near=1013 f2far=981
SIPM_ARRIVALS event=925 total=241
SIPM_ADC event=925 readout=1238 f1far=1058 f2near=866 f2far=841
SIPM_ARRIVALS event=523 total=236
SIPM_ADC event=523 readout=1026 f1far=786 f2near=1188 f2far=1010
SIPM_ARRIVALS event=987 total=282
SIPM_ADC event=987 readout=1034 f1far=922 f2near=1436 f2far=1663
SIPM_ARRIVALS event=678 total=268
SIPM_ADC event=678 readout=1146 f1far=1045 f2near=1467 f2far=885
SIPM_ARRIVALS event=801 total=267
SIPM_ADC event=801 readout=757 f1far=1127 f2near=995 f2far=844
SIPM_ARRIVALS event=956 total=280
SIPM_ADC event=956 readout=1064 f1far=1128 f2near=1119 f2far=1465
SIPM_ARRIVALS event=647 total=280
SIPM_ADC event=647 readout=1489 f1far=1088 f2near=780 f2far=1188
SIPM_ARRIVALS event=555 total=275
SIPM_ADC event=555 readout=1285 f1far=1207 f2near=1278 f2far=695
SIPM_ARRIVALS event=739 total=266
SIPM_ADC event=739 readout=1149 f1far=1316 f2near=866 f2far=1416
SIPM_ARRIVALS event=895 total=286
SIPM_ADC event=895 readout=978 f1far=1212 f2near=1118 f2far=889
SIPM_ARRIVALS event=771 total=252
SIPM_ADC event=771 readout=1033 f1far=1029 f2near=1111 f2far=1224
SIPM_ARRIVALS event=833 total=251
SIPM_ADC event=833 readout=906 f1far=1507 f2near=1187 f2far=936
SIPM_ARRIVALS event=709 total=275
SIPM_ADC event=709 readout=1243 f1far=1353 f2near=1021 f2far=1163
SIPM_ARRIVALS event=864 total=270
SIPM_ADC event=864 readout=1417 f1far=1397 f2near=1081 f2far=764
SIPM_ARRIVALS event=586 total=230
SIPM_ADC event=586 readout=1227 f1far=838 f2near=1382 f2far=903
SIPM_ARRIVALS event=617 total=243
SIPM_ADC event=617 readout=979 f1far=1037 f2near=555 f2far=1012
SIPM_ARRIVALS event=926 total=263
SIPM_ADC event=926 readout=1137 f1far=779 f2near=737 f2far=1010
SIPM_ARRIVALS event=524 total=266
SIPM_ADC event=524 readout=1075 f1far=1072 f2near=1439 f2far=1060
SIPM_ARRIVALS event=988 total=264
SIPM_ADC event=988 readout=1039 f1far=1483 f2near=1000 f2far=666
SIPM_ARRIVALS event=802 total=252
SIPM_ADC event=802 readout=1051 f1far=710 f2near=824 f2far=836
SIPM_ARRIVALS event=648 total=258
SIPM_ADC event=648 readout=1269 f1far=971 f2near=663 f2far=1140
SIPM_ARRIVALS event=957 total=266
SIPM_ADC event=957 readout=799 f1far=1714 f2near=889 f2far=1064
SIPM_ARRIVALS event=556 total=235
SIPM_ADC event=556 readout=1409 f1far=667 f2near=842 f2far=583
SIPM_ARRIVALS event=679 total=277
SIPM_ADC event=679 readout=1317 f1far=1493 f2near=953 f2far=835
SIPM_ARRIVALS event=740 total=255
SIPM_ADC event=740 readout=1500 f1far=1104 f2near=1212 f2far=1044
SIPM_ARRIVALS event=834 total=270
SIPM_ADC event=834 readout=905 f1far=1050 f2near=1439 f2far=1118
SIPM_ARRIVALS event=587 total=239
SIPM_ADC event=587 readout=1276 f1far=876 f2near=1023 f2far=1337
SIPM_ARRIVALS event=896 total=266
SIPM_ADC event=896 readout=992 f1far=1267 f2near=886 f2far=1343
SIPM_ARRIVALS event=772 total=236
SIPM_ADC event=772 readout=1222 f1far=516 f2near=1065 f2far=875
SIPM_ARRIVALS event=865 total=249
SIPM_ADC event=865 readout=1046 f1far=1270 f2near=934 f2far=694
SIPM_ARRIVALS event=710 total=266
SIPM_ADC event=710 readout=1222 f1far=1445 f2near=1059 f2far=812
SIPM_ARRIVALS event=618 total=260
SIPM_ADC event=618 readout=846 f1far=1182 f2near=1517 f2far=831
SIPM_ARRIVALS event=989 total=260
SIPM_ADC event=989 readout=1459 f1far=888 f2near=1012 f2far=948
SIPM_ARRIVALS event=525 total=265
SIPM_ADC event=525 readout=1124 f1far=745 f2near=1081 f2far=1278
SIPM_ARRIVALS event=927 total=276
SIPM_ADC event=927 readout=1079 f1far=870 f2near=1095 f2far=1238
SIPM_ARRIVALS event=958 total=262
SIPM_ADC event=958 readout=653 f1far=1047 f2near=1013 f2far=1517
SIPM_ARRIVALS event=803 total=252
SIPM_ADC event=803 readout=1264 f1far=867 f2near=870 f2far=1389
SIPM_ARRIVALS event=680 total=267
SIPM_ADC event=680 readout=1095 f1far=1239 f2near=1137 f2far=1493
SIPM_ARRIVALS event=557 total=276
SIPM_ADC event=557 readout=989 f1far=1287 f2near=938 f2far=758
SIPM_ARRIVALS event=649 total=251
SIPM_ADC event=649 readout=862 f1far=1290 f2near=925 f2far=923
SIPM_ARRIVALS event=741 total=278
SIPM_ADC event=741 readout=1790 f1far=896 f2near=1229 f2far=1344
SIPM_ARRIVALS event=897 total=257
SIPM_ADC event=897 readout=989 f1far=1381 f2near=485 f2far=669
SIPM_ARRIVALS event=835 total=251
SIPM_ADC event=835 readout=1006 f1far=1114 f2near=989 f2far=975
SIPM_ARRIVALS event=773 total=249
SIPM_ADC event=773 readout=993 f1far=1183 f2near=1036 f2far=1066
SIPM_ARRIVALS event=866 total=246
SIPM_ADC event=866 readout=1014 f1far=731 f2near=737 f2far=1390
SIPM_ARRIVALS event=588 total=249
SIPM_ADC event=588 readout=893 f1far=1021 f2near=899 f2far=1056
SIPM_ARRIVALS event=711 total=286
SIPM_ADC event=711 readout=2033 f1far=1235 f2near=1222 f2far=1401
SIPM_ARRIVALS event=619 total=286
SIPM_ADC event=619 readout=1164 f1far=1119 f2near=760 f2far=897
SIPM_ARRIVALS event=990 total=275
SIPM_ADC event=990 readout=1091 f1far=1376 f2near=944 f2far=853
SIPM_ARRIVALS event=526 total=279
SIPM_ADC event=526 readout=895 f1far=957 f2near=1286 f2far=1013
SIPM_ARRIVALS event=959 total=283
SIPM_ADC event=959 readout=970 f1far=818 f2near=1112 f2far=1562
SIPM_ARRIVALS event=681 total=275
SIPM_ADC event=681 readout=899 f1far=1162 f2near=1223 f2far=1091
SIPM_ARRIVALS event=928 total=249
SIPM_ADC event=928 readout=1220 f1far=1027 f2near=941 f2far=1202
SIPM_ARRIVALS event=804 total=242
SIPM_ADC event=804 readout=1206 f1far=1433 f2near=729 f2far=965
SIPM_ARRIVALS event=992 total=237
SIPM_ADC event=992 readout=1004 f1far=980 f2near=554 f2far=745
SIPM_ARRIVALS event=650 total=268
SIPM_ADC event=650 readout=1335 f1far=1046 f2near=1051 f2far=1373
SIPM_ARRIVALS event=742 total=290
SIPM_ADC event=742 readout=1218 f1far=1045 f2near=1593 f2far=998
SIPM_ARRIVALS event=898 total=234
SIPM_ADC event=898 readout=1001 f1far=1216 f2near=901 f2far=661
SIPM_ARRIVALS event=774 total=261
SIPM_ADC event=774 readout=1094 f1far=638 f2near=1150 f2far=969
SIPM_ARRIVALS event=867 total=236
SIPM_ADC event=867 readout=1309 f1far=1186 f2near=979 f2far=746
SIPM_ARRIVALS event=712 total=247
SIPM_ADC event=712 readout=847 f1far=898 f2near=753 f2far=762
SIPM_ARRIVALS event=836 total=256
SIPM_ADC event=836 readout=818 f1far=1477 f2near=854 f2far=1165
SIPM_ARRIVALS event=991 total=252
SIPM_ADC event=991 readout=1531 f1far=823 f2near=692 f2far=1292
SIPM_ARRIVALS event=960 total=309
SIPM_ADC event=960 readout=962 f1far=1316 f2near=1421 f2far=969
SIPM_ARRIVALS event=993 total=273
SIPM_ADC event=993 readout=1122 f1far=1454 f2near=1148 f2far=1122
SIPM_ARRIVALS event=929 total=268
SIPM_ADC event=929 readout=1439 f1far=827 f2near=1201 f2far=622
SIPM_ARRIVALS event=805 total=274
SIPM_ADC event=805 readout=1224 f1far=1198 f2near=1305 f2far=1224
SIPM_ARRIVALS event=743 total=263
SIPM_ADC event=743 readout=1664 f1far=1249 f2near=1011 f2far=999
SIPM_ARRIVALS event=994 total=261
SIPM_ADC event=994 readout=1548 f1far=1531 f2near=604 f2far=1060
SIPM_ARRIVALS event=995 total=279
SIPM_ADC event=995 readout=684 f1far=1187 f2near=1347 f2far=1034
SIPM_ARRIVALS event=996 total=274
SIPM_ADC event=996 readout=856 f1far=1308 f2near=825 f2far=722
SIPM_ARRIVALS event=997 total=283
SIPM_ADC event=997 readout=1413 f1far=1090 f2near=1141 f2far=1448
SIPM_ARRIVALS event=998 total=263
SIPM_ADC event=998 readout=1196 f1far=1183 f2near=978 f2far=859
SIPM_ARRIVALS event=999 total=263
SIPM_ADC event=999 readout=940 f1far=1207 f2near=1198 f2far=1173
RUN_DONE events=1000 output=/projects/hep/fs10/shared/nnbar/billy/ccb1623_campaign/stave_proton_5MeV_B_s1625.root
     Cr_sctns:  Glauber-Gribov Nucl-nucl: 0 eV  ---> 25.6 PeV
     Cr_sctns:  Glauber-Gribov Nucl-nucl: 0 eV  ---> 25.6 PeV
     Cr_sctns:  Glauber-Gribov Nucl-nucl: 0 eV  ---> 25.6 PeV
     Cr_sctns:  Glauber-Gribov Nucl-nucl: 0 eV  ---> 25.6 PeV
     Cr_sctns:  Glauber-Gribov Nucl-nucl: 0 eV  ---> 25.6 PeV
     Cr_sctns:  Glauber-Gribov Nucl-nucl: 0 eV  ---> 25.6 PeV
     Cr_sctns:  Glauber-Gribov Nucl-nucl: 0 eV  ---> 25.6 PeV
     Cr_sctns:  Glauber-Gribov Nucl-nucl: 0 eV  ---> 25.6 PeV
     Cr_sctns:  Glauber-Gribov Nucl-nucl: 0 eV  ---> 25.6 PeV
     Cr_sctns:  Glauber-Gribov Nucl-nucl: 0 eV  ---> 25.6 PeV
     Cr_sctns:  Glauber-Gribov Nucl-nucl: 0 eV  ---> 25.6 PeV
     Cr_sctns:  Glauber-Gribov Nucl-nucl: 0 eV  ---> 25.6 PeV
     Cr_sctns:  Glauber-Gribov Nucl-nucl: 0 eV  ---> 25.6 PeV
     Cr_sctns:  Glauber-Gribov Nucl-nucl: 0 eV  ---> 25.6 PeV
     Cr_sctns:  Glauber-Gribov Nucl-nucl: 0 eV  ---> 25.6 PeV
     Cr_sctns:  Glauber-Gribov Nucl-nucl: 0 eV  ---> 25.6 PeV
CCB_STAVE_END
wrote /projects/hep/fs10/shared/nnbar/billy/ccb1623_campaign/stave_proton_5MeV_B_s1625.root (+ /projects/hep/fs10/shared/nnbar/billy/ccb1623_campaign/stave_proton_5MeV_B_s1625.root.meta.json)
