point idx=92 part=mu- E=100 sample=B seed=1625 nev=1000 threads=16
CCB_BEAM_PREFLIGHT intersects=1 enters_neg_z=1 path_cm=2 reason=ok

**************************************************************
 Geant4 version Name: geant4-11-02-patch-02 [MT]   (21-June-2024)
  << in Multi-threaded mode >> 
                       Copyright : Geant4 Collaboration
                      References : NIM A 506 (2003), 250-303
                                 : IEEE-TNS 53 (2006), 270-278
                                 : NIM A 835 (2016), 186-225
                             WWW : http://geant4.org/
**************************************************************

CCB_STAVE_START particle=mu- KE_MeV=100 nevents=1000 threads_requested=16 threads_effective=16 g4_force_threads=unset seed=1625 hit_x_cm=0 hit_y_cm=0 theta_deg=0 phi_deg=0 allow_miss=0 beam_profile_id=FIXED_POINT_NORMAL sample_position=0 hit_x_min_cm=0 hit_x_max_cm=0 hit_y_min_cm=0 hit_y_max_cm=0 sample_angle=0 theta_spread_deg=0 write_photon_ntuple=0 optical_max_time_ns=1000 optical_max_steps=200000 birks_kB=0.126 quenching_model_id=birks_geant4 quenching_model_status=HYPOTHESIS quenching_claims_authorized=false production_cut_mm=0.1 physics_list=QGSP_BIC neutron_timecut_policy_id=pin_qgsp_bic_default_10us neutron_time_cut_us=10 neutron_tracking_time_cut_configured=1 neutron_diagnostics=0 reflectivity_scale=1 attenuation_scale(deprecated)=1 scintillator_absorption_scale=1 y11_bulk_attenuation_scale=1 pde_scale=1 collection_efficiency=1 optical_interface_model=UNKNOWN_EXTERNAL far_end=instrumented wls_time_profile=exponential wls_fluorescence_model=geant4_default_one_secondary wls_fluorescence_yield=0.7 mode=optical optical_dir=/projects/hep/fs10/shared/nnbar/billy/ccb-wt-1623/geant4/single_stave/build/optical strict_optical=1 output=/projects/hep/fs10/shared/nnbar/billy/ccb1623_campaign/stave_muminus_100MeV_B_s1625.root gpu_optical=0 optical_out= dump_gdml=
G4PhysListFactory::GetReferencePhysList <QGSP_BIC>  EMoption= 0
<<< Geant4 Physics List simulation engine: QGSP_BIC


Checking overlaps for volume Coating:0 (G4SubtractionSolid) ... OK! 
Checking overlaps for volume Scintillator:0 (G4SubtractionSolid) ... OK! 
Checking overlaps for volume OuterClad_F1:0 (G4Tubs) ... OK! 
Checking overlaps for volume InnerClad_F1:0 (G4Tubs) ... OK! 
Checking overlaps for volume Core_F1:0 (G4Tubs) ... OK! 
Checking overlaps for volume Sensor_F1_PlusX:0 (G4Tubs) ... OK! 
Checking overlaps for volume Sensor_F1_MinusX:1 (G4Tubs) ... OK! 
Checking overlaps for volume OuterClad_F2:1 (G4Tubs) ... OK! 
Checking overlaps for volume InnerClad_F2:1 (G4Tubs) ... OK! 
Checking overlaps for volume Core_F2:1 (G4Tubs) ... OK! 
Checking overlaps for volume Sensor_F2_PlusX:2 (G4Tubs) ... OK! 
Checking overlaps for volume Sensor_F2_MinusX:3 (G4Tubs) ... OK! 
GEOMETRY_REPORT_BEGIN
stave_length_cm 50
stave_width_cm 5.18
stave_thickness_cm 2
normal_path_cm 2
fibre_diameter_mm 1.8
hole_diameter_mm 2
fibre_separation_cm 2
fibre_within_hole 1
fibre_protrudes_for_readout 1
holes_contained_y 1
holes_contained_z 1
geometry_hash e323b92195f9a6288944f0738dbadccf9386422f076362ca172fd0b6d119d1e1
physics_hash 695755f15879c60b7dbc23f5ad7f972d0ec3d9710fa2ec357d17a3b37c48faee
optical_hash 02abddb7662749ea88712a86cced3d7438d45eb865b430c54073ae9dde8549eb
clad_inner_rindex 1.49
clad_outer_rindex 1.42
GEOMETRY_REPORT_END
GEOMETRY_SELFCHECK_PASS
### Adding tracking cuts for neutron  TimeCut(ns)= 10000  KinEnergyCut(MeV)= 0
### Birks coefficients used in run time
   G4_POLYSTYRENE     0.07943 mm/MeV     0.00841958 g/cm^2/MeV  massFactor=  504.5 effCharge= 18.5
   CCB_Scintillator     0.126 mm/MeV     0.013356 g/cm^2/MeV  massFactor=  504.5 effCharge= 18.5
=======================================================================
======                 Electromagnetic Physics Parameters      ========
=======================================================================
LPM effect enabled                                 1
Enable creation and use of sampling tables         0
Apply cuts on all EM processes                     0
Use combined TransportationWithMsc                 Disabled
Use general process                                1
Enable linear polarisation for gamma               0
Enable photoeffect sampling below K-shell          1
Enable sampling of quantum entanglement            0
X-section factor for integral approach             0.8
Min kinetic energy for tables                      100 eV 
Max kinetic energy for tables                      100 TeV
Number of bins per decade of a table               7
Verbose level                                      1
Verbose level for worker thread                    0
Bremsstrahlung energy threshold above which 
  primary e+- is added to the list of secondary    100 TeV
Bremsstrahlung energy threshold above which primary
  muon/hadron is added to the list of secondary    100 TeV
Lowest triplet kinetic energy                      1 MeV
Enable sampling of gamma linear polarisation       0
5D gamma conversion model type                     0
5D gamma conversion model on isolated ion          0
Livermore data directory                           epics_2017
=======================================================================
======                 Ionisation Parameters                   ========
=======================================================================
Step function for e+-                              (0.2, 1 mm)
Step function for muons/hadrons                    (0.2, 0.1 mm)
Step function for light ions                       (0.2, 0.1 mm)
Step function for general ions                     (0.2, 0.1 mm)
Lowest e+e- kinetic energy                         1 keV
Lowest muon/hadron kinetic energy                  1 keV
Use ICRU90 data                                    0
Fluctuations of dE/dx are enabled                  1
Type of fluctuation model for leptons and hadrons  Urban
Use built-in Birks satuaration                     1
Build CSDA range enabled                           0
Use cut as a final range enabled                   0
Enable angular generator interface                 0
Max kinetic energy for CSDA tables                 1 GeV
Max kinetic energy for NIEL computation            0 eV 
Linear loss limit                                  0.01
Read data from file for e+e- pair production by mu 0
=======================================================================
======                 Multiple Scattering Parameters          ========
=======================================================================
Type of msc step limit algorithm for e+-           1
Type of msc step limit algorithm for muons/hadrons 0
Msc lateral displacement for e+- enabled           1
Msc lateral displacement for muons and hadrons     0
Urban msc model lateral displacement alg96         1
Range factor for msc step limit for e+-            0.04
Range factor for msc step limit for muons/hadrons  0.2
Geometry factor for msc step limitation of e+-     2.5
Safety factor for msc step limit for e+-           0.6
Skin parameter for msc step limitation of e+-      1
Lambda limit for msc step limit for e+-            1 mm
Use Mott correction for e- scattering              0
Factor used for dynamic computation of angular 
  limit between single and multiple scattering     1
Fixed angular limit between single 
  and multiple scattering                          3.1416 rad
Upper energy limit for e+- multiple scattering     100 MeV
Type of electron single scattering model           0
Type of nuclear form-factor                        1
Screening factor                                   1
=======================================================================

phot:  for gamma SubType=12 BuildTable=0
      LambdaPrime table from 200 keV to 100 TeV in 61 bins 
      ===== EM models for the G4Region  DefaultRegionForTheWorld ======
 LivermorePhElectric : Emin=    0 eV  Emax=  100 TeV  SauterGavrila Fluo

compt:  for gamma SubType=13 BuildTable=1
      Lambda table from 100 eV  to 1 MeV, 7 bins/decade, spline: 1
      LambdaPrime table from 1 MeV to 100 TeV in 56 bins 
      ===== EM models for the G4Region  DefaultRegionForTheWorld ======
       Klein-Nishina : Emin=    0 eV  Emax=  100 TeV

conv:  for gamma SubType=14 BuildTable=1
      Lambda table from 1.022 MeV to 100 TeV, 18 bins/decade, spline: 1
      ===== EM models for the G4Region  DefaultRegionForTheWorld ======
     BetheHeitlerLPM : Emin=    0 eV  Emax=  100 TeV  ModifiedTsai

Rayl:  for gamma SubType=11 BuildTable=1
      Lambda table from 100 eV  to 150 keV, 7 bins/decade, spline: 0
      LambdaPrime table from 150 keV to 100 TeV in 62 bins 
      ===== EM models for the G4Region  DefaultRegionForTheWorld ======
   LivermoreRayleigh : Emin=    0 eV  Emax=  100 TeV  CullenGenerator

msc:  for e-  SubType= 10
      ===== EM models for the G4Region  DefaultRegionForTheWorld ======
            UrbanMsc : Emin=    0 eV  Emax=  100 MeV Nbins=42 100 eV  - 100 MeV
          StepLim=UseSafety Rfact=0.04 Gfact=2.5 Sfact=0.6 DispFlag:1 Skin=1 Llim=1 mm
        WentzelVIUni : Emin=  100 MeV Emax=  100 TeV Nbins=42 100 MeV - 100 TeV
          StepLim=UseSafety Rfact=0.04 Gfact=2.5 Sfact=0.6 DispFlag:1 Skin=1 Llim=1 mm

eIoni:  for e-  XStype:3  SubType=2
      dE/dx and range tables from 100 eV  to 100 TeV in 84 bins
      Lambda tables from threshold to 100 TeV, 7 bins/decade, spline: 1
      StepFunction=(0.2, 1 mm), integ: 3, fluct: 1, linLossLim= 0.01
      ===== EM models for the G4Region  DefaultRegionForTheWorld ======
        MollerBhabha : Emin=    0 eV  Emax=  100 TeV

eBrem:  for e-  XStype:4  SubType=3
      dE/dx and range tables from 100 eV  to 100 TeV in 84 bins
      Lambda tables from threshold to 100 TeV, 7 bins/decade, spline: 1
      LPM flag: 1 for E > 1 GeV,  VertexHighEnergyTh(GeV)= 100000
      ===== EM models for the G4Region  DefaultRegionForTheWorld ======
             eBremSB : Emin=    0 eV  Emax=    1 GeV  ModifiedTsai
            eBremLPM : Emin=    1 GeV Emax=  100 TeV  ModifiedTsai

CoulombScat:  for e- XStype:1 SubType=1 BuildTable=1
      Lambda table from 100 MeV to 100 TeV, 7 bins/decade, spline: 0
      ThetaMin(p) < Theta(degree) < 180, pLimit(GeV^1)= 0.139531
      ===== EM models for the G4Region  DefaultRegionForTheWorld ======
  eCoulombScattering : Emin=  100 MeV Emax=  100 TeV

msc:  for e+  SubType= 10
      ===== EM models for the G4Region  DefaultRegionForTheWorld ======
            UrbanMsc : Emin=    0 eV  Emax=  100 MeV Nbins=42 100 eV  - 100 MeV
          StepLim=UseSafety Rfact=0.04 Gfact=2.5 Sfact=0.6 DispFlag:1 Skin=1 Llim=1 mm
        WentzelVIUni : Emin=  100 MeV Emax=  100 TeV Nbins=42 100 MeV - 100 TeV
          StepLim=UseSafety Rfact=0.04 Gfact=2.5 Sfact=0.6 DispFlag:1 Skin=1 Llim=1 mm

eIoni:  for e+  XStype:3  SubType=2
      dE/dx and range tables from 100 eV  to 100 TeV in 84 bins
      Lambda tables from threshold to 100 TeV, 7 bins/decade, spline: 1
      StepFunction=(0.2, 1 mm), integ: 3, fluct: 1, linLossLim= 0.01
      ===== EM models for the G4Region  DefaultRegionForTheWorld ======
        MollerBhabha : Emin=    0 eV  Emax=  100 TeV

eBrem:  for e+  XStype:4  SubType=3
      dE/dx and range tables from 100 eV  to 100 TeV in 84 bins
      Lambda tables from threshold to 100 TeV, 7 bins/decade, spline: 1
      LPM flag: 1 for E > 1 GeV,  VertexHighEnergyTh(GeV)= 100000
      ===== EM models for the G4Region  DefaultRegionForTheWorld ======
             eBremSB : Emin=    0 eV  Emax=    1 GeV  ModifiedTsai
            eBremLPM : Emin=    1 GeV Emax=  100 TeV  ModifiedTsai

annihil:  for e+ XStype:2 SubType=5 BuildTable=0
      ===== EM models for the G4Region  DefaultRegionForTheWorld ======
            eplus2gg : Emin=    0 eV  Emax=  100 TeV

CoulombScat:  for e+ XStype:1 SubType=1 BuildTable=1
      Lambda table from 100 MeV to 100 TeV, 7 bins/decade, spline: 0
      ThetaMin(p) < Theta(degree) < 180, pLimit(GeV^1)= 0.139531
      ===== EM models for the G4Region  DefaultRegionForTheWorld ======
  eCoulombScattering : Emin=  100 MeV Emax=  100 TeV

msc:  for proton  SubType= 10
      ===== EM models for the G4Region  DefaultRegionForTheWorld ======
        WentzelVIUni : Emin=    0 eV  Emax=  100 TeV Nbins=84 100 eV  - 100 TeV
          StepLim=Minimal Rfact=0.2 Gfact=2.5 Sfact=0.6 DispFlag:0 Skin=1 Llim=1 mm

hIoni:  for proton  XStype:3  SubType=2
      dE/dx and range tables from 100 eV  to 100 TeV in 84 bins
      Lambda tables from threshold to 100 TeV, 7 bins/decade, spline: 1
      StepFunction=(0.2, 0.1 mm), integ: 3, fluct: 1, linLossLim= 0.01
      ===== EM models for the G4Region  DefaultRegionForTheWorld ======
               Bragg : Emin=    0 eV  Emax=    2 MeV
          BetheBloch : Emin=    2 MeV Emax=  100 TeV

hBrems:  for proton  XStype:1  SubType=3
      dE/dx and range tables from 100 eV  to 100 TeV in 84 bins
      Lambda tables from threshold to 100 TeV, 7 bins/decade, spline: 1
      ===== EM models for the G4Region  DefaultRegionForTheWorld ======
               hBrem : Emin=    0 eV  Emax=  100 TeV  ModifiedMephi

hPairProd:  for proton  XStype:1  SubType=4
      dE/dx and range tables from 100 eV  to 100 TeV in 84 bins
      Lambda tables from threshold to 100 TeV, 7 bins/decade, spline: 1
      Sampling table 17x1001; from 7.50618 GeV to 100 TeV 
      ===== EM models for the G4Region  DefaultRegionForTheWorld ======
           hPairProd : Emin=    0 eV  Emax=  100 TeV  ModifiedMephi

CoulombScat:  for proton XStype:1 SubType=1 BuildTable=1
      Lambda table from threshold  to 100 TeV, 7 bins/decade, spline: 0
      ThetaMin(p) < Theta(degree) < 180, pLimit(GeV^1)= 0.139531
      ===== EM models for the G4Region  DefaultRegionForTheWorld ======
  eCoulombScattering : Emin=    0 eV  Emax=  100 TeV

msc:  for GenericIon  SubType= 10
      ===== EM models for the G4Region  DefaultRegionForTheWorld ======
            UrbanMsc : Emin=    0 eV  Emax=  100 TeV
          StepLim=Minimal Rfact=0.2 Gfact=2.5 Sfact=0.6 DispFlag:0 Skin=1 Llim=1 mm

ionIoni:  for GenericIon  XStype:3  SubType=2
      dE/dx and range tables from 100 eV  to 100 TeV in 84 bins
      Lambda tables from threshold to 100 TeV, 7 bins/decade, spline: 1
      StepFunction=(0.2, 0.1 mm), integ: 3, fluct: 1, linLossLim= 0.02
      ===== EM models for the G4Region  DefaultRegionForTheWorld ======
            BraggIon : Emin=    0 eV  Emax=    2 MeV
          BetheBloch : Emin=    2 MeV Emax=  100 TeV

msc:  for alpha  SubType= 10
      ===== EM models for the G4Region  DefaultRegionForTheWorld ======
            UrbanMsc : Emin=    0 eV  Emax=  100 TeV
          StepLim=Minimal Rfact=0.2 Gfact=2.5 Sfact=0.6 DispFlag:0 Skin=1 Llim=1 mm

ionIoni:  for alpha  XStype:3  SubType=2
      dE/dx and range tables from 100 eV  to 100 TeV in 84 bins
      Lambda tables from threshold to 100 TeV, 7 bins/decade, spline: 1
      StepFunction=(0.2, 0.1 mm), integ: 3, fluct: 1, linLossLim= 0.02
      ===== EM models for the G4Region  DefaultRegionForTheWorld ======
            BraggIon : Emin=    0 eV  Emax=7.9452 MeV
          BetheBloch : Emin=7.9452 MeV Emax=  100 TeV

msc:  for anti_proton  SubType= 10
      ===== EM models for the G4Region  DefaultRegionForTheWorld ======
        WentzelVIUni : Emin=    0 eV  Emax=  100 TeV Nbins=84 100 eV  - 100 TeV
          StepLim=Minimal Rfact=0.2 Gfact=2.5 Sfact=0.6 DispFlag:0 Skin=1 Llim=1 mm

hIoni:  for anti_proton  XStype:3  SubType=2
      dE/dx and range tables from 100 eV  to 100 TeV in 84 bins
      Lambda tables from threshold to 100 TeV, 7 bins/decade, spline: 1
      StepFunction=(0.2, 0.1 mm), integ: 3, fluct: 1, linLossLim= 0.01
      ===== EM models for the G4Region  DefaultRegionForTheWorld ======
            ICRU73QO : Emin=    0 eV  Emax=    2 MeV
          BetheBloch : Emin=    2 MeV Emax=  100 TeV

hBrems:  for anti_proton  XStype:1  SubType=3
      dE/dx and range tables from 100 eV  to 100 TeV in 84 bins
      Lambda tables from threshold to 100 TeV, 7 bins/decade, spline: 1
      ===== EM models for the G4Region  DefaultRegionForTheWorld ======
               hBrem : Emin=    0 eV  Emax=  100 TeV  ModifiedMephi

hPairProd:  for anti_proton  XStype:1  SubType=4
      dE/dx and range tables from 100 eV  to 100 TeV in 84 bins
      Lambda tables from threshold to 100 TeV, 7 bins/decade, spline: 1
      Sampling table 17x1001; from 7.50618 GeV to 100 TeV 
      ===== EM models for the G4Region  DefaultRegionForTheWorld ======
           hPairProd : Emin=    0 eV  Emax=  100 TeV  ModifiedMephi

CoulombScat:  for anti_proton XStype:1 SubType=1 BuildTable=1
      Lambda table from threshold  to 100 TeV, 7 bins/decade, spline: 0
      ThetaMin(p) < Theta(degree) < 180, pLimit(GeV^1)= 0.139531
      ===== EM models for the G4Region  DefaultRegionForTheWorld ======
  eCoulombScattering : Emin=    0 eV  Emax=  100 TeV

msc:  for kaon+  SubType= 10
      ===== EM models for the G4Region  DefaultRegionForTheWorld ======
        WentzelVIUni : Emin=    0 eV  Emax=  100 TeV Nbins=84 100 eV  - 100 TeV
          StepLim=Minimal Rfact=0.2 Gfact=2.5 Sfact=0.6 DispFlag:0 Skin=1 Llim=1 mm

hIoni:  for kaon+  XStype:3  SubType=2
      dE/dx and range tables from 100 eV  to 100 TeV in 84 bins
      Lambda tables from threshold to 100 TeV, 7 bins/decade, spline: 1
      StepFunction=(0.2, 0.1 mm), integ: 3, fluct: 1, linLossLim= 0.01
      ===== EM models for the G4Region  DefaultRegionForTheWorld ======
               Bragg : Emin=    0 eV  Emax=1.05231 MeV
          BetheBloch : Emin=1.05231 MeV Emax=  100 TeV

hBrems:  for kaon+  XStype:1  SubType=3
      dE/dx and range tables from 100 eV  to 100 TeV in 84 bins
      Lambda tables from threshold to 100 TeV, 7 bins/decade, spline: 1
      ===== EM models for the G4Region  DefaultRegionForTheWorld ======
               hBrem : Emin=    0 eV  Emax=  100 TeV  ModifiedMephi

hPairProd:  for kaon+  XStype:1  SubType=4
      dE/dx and range tables from 100 eV  to 100 TeV in 84 bins
      Lambda tables from threshold to 100 TeV, 7 bins/decade, spline: 1
      Sampling table 18x1001; from 3.94942 GeV to 100 TeV 
      ===== EM models for the G4Region  DefaultRegionForTheWorld ======
           hPairProd : Emin=    0 eV  Emax=  100 TeV  ModifiedMephi

CoulombScat:  for kaon+ XStype:1 SubType=1 BuildTable=1
      Lambda table from threshold  to 100 TeV, 7 bins/decade, spline: 0
      ThetaMin(p) < Theta(degree) < 180, pLimit(GeV^1)= 0.139531
      ===== EM models for the G4Region  DefaultRegionForTheWorld ======
  eCoulombScattering : Emin=    0 eV  Emax=  100 TeV

msc:  for kaon-  SubType= 10
      ===== EM models for the G4Region  DefaultRegionForTheWorld ======
        WentzelVIUni : Emin=    0 eV  Emax=  100 TeV Nbins=84 100 eV  - 100 TeV
          StepLim=Minimal Rfact=0.2 Gfact=2.5 Sfact=0.6 DispFlag:0 Skin=1 Llim=1 mm

hIoni:  for kaon-  XStype:3  SubType=2
      dE/dx and range tables from 100 eV  to 100 TeV in 84 bins
      Lambda tables from threshold to 100 TeV, 7 bins/decade, spline: 1
      StepFunction=(0.2, 0.1 mm), integ: 3, fluct: 1, linLossLim= 0.01
      ===== EM models for the G4Region  DefaultRegionForTheWorld ======
            ICRU73QO : Emin=    0 eV  Emax=1.05231 MeV
          BetheBloch : Emin=1.05231 MeV Emax=  100 TeV

hBrems:  for kaon-  XStype:1  SubType=3
      dE/dx and range tables from 100 eV  to 100 TeV in 84 bins
      Lambda tables from threshold to 100 TeV, 7 bins/decade, spline: 1
      ===== EM models for the G4Region  DefaultRegionForTheWorld ======
               hBrem : Emin=    0 eV  Emax=  100 TeV  ModifiedMephi

hPairProd:  for kaon-  XStype:1  SubType=4
      dE/dx and range tables from 100 eV  to 100 TeV in 84 bins
      Lambda tables from threshold to 100 TeV, 7 bins/decade, spline: 1
      Sampling table 18x1001; from 3.94942 GeV to 100 TeV 
      ===== EM models for the G4Region  DefaultRegionForTheWorld ======
           hPairProd : Emin=    0 eV  Emax=  100 TeV  ModifiedMephi

CoulombScat:  for kaon- XStype:1 SubType=1 BuildTable=1
      Used Lambda table of kaon+
      ThetaMin(p) < Theta(degree) < 180, pLimit(GeV^1)= 0.139531
      ===== EM models for the G4Region  DefaultRegionForTheWorld ======
  eCoulombScattering : Emin=    0 eV  Emax=  100 TeV

msc:  for mu+  SubType= 10
      ===== EM models for the G4Region  DefaultRegionForTheWorld ======
        WentzelVIUni : Emin=    0 eV  Emax=  100 TeV Nbins=84 100 eV  - 100 TeV
          StepLim=Minimal Rfact=0.2 Gfact=2.5 Sfact=0.6 DispFlag:0 Skin=1 Llim=1 mm

muIoni:  for mu+  XStype:3  SubType=2
      dE/dx and range tables from 100 eV  to 100 TeV in 84 bins
      Lambda tables from threshold to 100 TeV, 7 bins/decade, spline: 1
      StepFunction=(0.2, 0.1 mm), integ: 3, fluct: 1, linLossLim= 0.01
      ===== EM models for the G4Region  DefaultRegionForTheWorld ======
               Bragg : Emin=    0 eV  Emax=  200 keV
        MuBetheBloch : Emin=  200 keV Emax=  100 TeV

muBrems:  for mu+  XStype:1  SubType=3
      dE/dx and range tables from 100 eV  to 100 TeV in 84 bins
      Lambda tables from threshold to 100 TeV, 7 bins/decade, spline: 1
      ===== EM models for the G4Region  DefaultRegionForTheWorld ======
              MuBrem : Emin=    0 eV  Emax=  100 TeV  ModifiedMephi

muPairProd:  for mu+  XStype:1  SubType=4
      dE/dx and range tables from 100 eV  to 100 TeV in 84 bins
      Lambda tables from threshold to 100 TeV, 7 bins/decade, spline: 1
      Sampling table 21x1001; from 0.85 GeV to 100 TeV 
      ===== EM models for the G4Region  DefaultRegionForTheWorld ======
          muPairProd : Emin=    0 eV  Emax=  100 TeV  ModifiedMephi

CoulombScat:  for mu+ XStype:1 SubType=1 BuildTable=1
      Lambda table from threshold  to 100 TeV, 7 bins/decade, spline: 0
      ThetaMin(p) < Theta(degree) < 180, pLimit(GeV^1)= 0.139531
      ===== EM models for the G4Region  DefaultRegionForTheWorld ======
  eCoulombScattering : Emin=    0 eV  Emax=  100 TeV

msc:  for mu-  SubType= 10
      ===== EM models for the G4Region  DefaultRegionForTheWorld ======
        WentzelVIUni : Emin=    0 eV  Emax=  100 TeV Nbins=84 100 eV  - 100 TeV
          StepLim=Minimal Rfact=0.2 Gfact=2.5 Sfact=0.6 DispFlag:0 Skin=1 Llim=1 mm

muIoni:  for mu-  XStype:3  SubType=2
      dE/dx and range tables from 100 eV  to 100 TeV in 84 bins
      Lambda tables from threshold to 100 TeV, 7 bins/decade, spline: 1
      StepFunction=(0.2, 0.1 mm), integ: 3, fluct: 1, linLossLim= 0.01
      ===== EM models for the G4Region  DefaultRegionForTheWorld ======
            ICRU73QO : Emin=    0 eV  Emax=  200 keV
        MuBetheBloch : Emin=  200 keV Emax=  100 TeV

muBrems:  for mu-  XStype:1  SubType=3
      dE/dx and range tables from 100 eV  to 100 TeV in 84 bins
      Lambda tables from threshold to 100 TeV, 7 bins/decade, spline: 1
      ===== EM models for the G4Region  DefaultRegionForTheWorld ======
              MuBrem : Emin=    0 eV  Emax=  100 TeV  ModifiedMephi

muPairProd:  for mu-  XStype:1  SubType=4
      dE/dx and range tables from 100 eV  to 100 TeV in 84 bins
      Lambda tables from threshold to 100 TeV, 7 bins/decade, spline: 1
      Sampling table 21x1001; from 0.85 GeV to 100 TeV 
      ===== EM models for the G4Region  DefaultRegionForTheWorld ======
          muPairProd : Emin=    0 eV  Emax=  100 TeV  ModifiedMephi

CoulombScat:  for mu- XStype:1 SubType=1 BuildTable=1
      Used Lambda table of mu+
      ThetaMin(p) < Theta(degree) < 180, pLimit(GeV^1)= 0.139531
      ===== EM models for the G4Region  DefaultRegionForTheWorld ======
  eCoulombScattering : Emin=    0 eV  Emax=  100 TeV

msc:  for pi+  SubType= 10
      ===== EM models for the G4Region  DefaultRegionForTheWorld ======
        WentzelVIUni : Emin=    0 eV  Emax=  100 TeV Nbins=84 100 eV  - 100 TeV
          StepLim=Minimal Rfact=0.2 Gfact=2.5 Sfact=0.6 DispFlag:0 Skin=1 Llim=1 mm

hIoni:  for pi+  XStype:3  SubType=2
      dE/dx and range tables from 100 eV  to 100 TeV in 84 bins
      Lambda tables from threshold to 100 TeV, 7 bins/decade, spline: 1
      StepFunction=(0.2, 0.1 mm), integ: 3, fluct: 1, linLossLim= 0.01
      ===== EM models for the G4Region  DefaultRegionForTheWorld ======
               Bragg : Emin=    0 eV  Emax=297.505 keV
          BetheBloch : Emin=297.505 keV Emax=  100 TeV

hBrems:  for pi+  XStype:1  SubType=3
      dE/dx and range tables from 100 eV  to 100 TeV in 84 bins
      Lambda tables from threshold to 100 TeV, 7 bins/decade, spline: 1
      ===== EM models for the G4Region  DefaultRegionForTheWorld ======
               hBrem : Emin=    0 eV  Emax=  100 TeV  ModifiedMephi

hPairProd:  for pi+  XStype:1  SubType=4
      dE/dx and range tables from 100 eV  to 100 TeV in 84 bins
      Lambda tables from threshold to 100 TeV, 7 bins/decade, spline: 1
      Sampling table 20x1001; from 1.11656 GeV to 100 TeV 
      ===== EM models for the G4Region  DefaultRegionForTheWorld ======
           hPairProd : Emin=    0 eV  Emax=  100 TeV  ModifiedMephi

CoulombScat:  for pi+ XStype:1 SubType=1 BuildTable=1
      Lambda table from threshold  to 100 TeV, 7 bins/decade, spline: 0
      ThetaMin(p) < Theta(degree) < 180, pLimit(GeV^1)= 0.139531
      ===== EM models for the G4Region  DefaultRegionForTheWorld ======
  eCoulombScattering : Emin=    0 eV  Emax=  100 TeV

msc:  for pi-  SubType= 10
      ===== EM models for the G4Region  DefaultRegionForTheWorld ======
        WentzelVIUni : Emin=    0 eV  Emax=  100 TeV Nbins=84 100 eV  - 100 TeV
          StepLim=Minimal Rfact=0.2 Gfact=2.5 Sfact=0.6 DispFlag:0 Skin=1 Llim=1 mm

hIoni:  for pi-  XStype:3  SubType=2
      dE/dx and range tables from 100 eV  to 100 TeV in 84 bins
      Lambda tables from threshold to 100 TeV, 7 bins/decade, spline: 1
      StepFunction=(0.2, 0.1 mm), integ: 3, fluct: 1, linLossLim= 0.01
      ===== EM models for the G4Region  DefaultRegionForTheWorld ======
            ICRU73QO : Emin=    0 eV  Emax=297.505 keV
          BetheBloch : Emin=297.505 keV Emax=  100 TeV

hBrems:  for pi-  XStype:1  SubType=3
      dE/dx and range tables from 100 eV  to 100 TeV in 84 bins
      Lambda tables from threshold to 100 TeV, 7 bins/decade, spline: 1
      ===== EM models for the G4Region  DefaultRegionForTheWorld ======
               hBrem : Emin=    0 eV  Emax=  100 TeV  ModifiedMephi

hPairProd:  for pi-  XStype:1  SubType=4
      dE/dx and range tables from 100 eV  to 100 TeV in 84 bins
      Lambda tables from threshold to 100 TeV, 7 bins/decade, spline: 1
      Sampling table 20x1001; from 1.11656 GeV to 100 TeV 
      ===== EM models for the G4Region  DefaultRegionForTheWorld ======
           hPairProd : Emin=    0 eV  Emax=  100 TeV  ModifiedMephi

CoulombScat:  for pi- XStype:1 SubType=1 BuildTable=1
      Used Lambda table of pi+
      ThetaMin(p) < Theta(degree) < 180, pLimit(GeV^1)= 0.139531
      ===== EM models for the G4Region  DefaultRegionForTheWorld ======
  eCoulombScattering : Emin=    0 eV  Emax=  100 TeV

====================================================================
                  HADRONIC PROCESSES SUMMARY (verbose level 1)
-----------------------------------------------------------------------
                           Hadronic Processes for neutron
  Process: hadElastic
        Model:             hElasticCHIPS: 0 eV  ---> 100 TeV
     Cr_sctns:        G4NeutronElasticXS: 0 eV  ---> 100 TeV
  Process: neutronInelastic
        Model:                      QGSP: 12 GeV ---> 100 TeV
        Model:                      FTFP: 3 GeV ---> 25 GeV
        Model:            Binary Cascade: 0 eV  ---> 6 GeV
     Cr_sctns:      G4NeutronInelasticXS: 0 eV  ---> 100 TeV
  Process: nCapture
        Model:               nRadCapture: 0 eV  ---> 100 TeV
     Cr_sctns:        G4NeutronCaptureXS: 0 eV  ---> 100 TeV
  Process: nKiller
-----------------------------------------------------------------------
                           Hadronic Processes for GenericIon
  Process: ionElastic
        Model:          NNDiffuseElastic: 0 eV /n ---> 100 TeV/n
     Cr_sctns:  Glauber-Gribov Nucl-nucl: 0 eV  ---> 25.6 PeV
  Process: ionInelastic
        Model:  Binary Light Ion Cascade: 0 eV /n ---> 6 GeV/n
        Model:                      FTFP: 3 GeV/n ---> 100 TeV/n
     Cr_sctns:  Glauber-Gribov Nucl-nucl: 0 eV  ---> 25.6 PeV
-----------------------------------------------------------------------
                           Hadronic Processes for He3
  Process: hadElastic
        Model:              hElasticLHEP: 0 eV /n ---> 100 TeV/n
     Cr_sctns:  Glauber-Gribov Nucl-nucl: 0 eV  ---> 25.6 PeV
  Process: He3Inelastic
        Model:  Binary Light Ion Cascade: 0 eV /n ---> 6 GeV/n
        Model:                      FTFP: 3 GeV/n ---> 100 TeV/n
     Cr_sctns:  Glauber-Gribov Nucl-nucl: 0 eV  ---> 25.6 PeV
-----------------------------------------------------------------------
                           Hadronic Processes for alpha
  Process: hadElastic
        Model:              hElasticLHEP: 0 eV /n ---> 100 TeV/n
     Cr_sctns:  Glauber-Gribov Nucl-nucl: 0 eV  ---> 25.6 PeV
  Process: alphaInelastic
        Model:  Binary Light Ion Cascade: 0 eV /n ---> 6 GeV/n
        Model:                      FTFP: 3 GeV/n ---> 100 TeV/n
     Cr_sctns:  Glauber-Gribov Nucl-nucl: 0 eV  ---> 25.6 PeV
-----------------------------------------------------------------------
                           Hadronic Processes for anti_He3
  Process: hadElastic
        Model:              hElasticLHEP: 0 eV /n ---> 100.1 MeV/n
        Model:              AntiAElastic: 100 MeV/n ---> 100 TeV/n
     Cr_sctns:              AntiAGlauber: 0 eV  ---> 25.6 PeV
  Process: anti_He3Inelastic
        Model:                      FTFP: 0 eV /n ---> 100 TeV/n
     Cr_sctns:              AntiAGlauber: 0 eV  ---> 25.6 PeV
  Process: hFritiofCaptureAtRest
-----------------------------------------------------------------------
                           Hadronic Processes for anti_alpha
  Process: hadElastic
        Model:              hElasticLHEP: 0 eV /n ---> 100.1 MeV/n
        Model:              AntiAElastic: 100 MeV/n ---> 100 TeV/n
     Cr_sctns:              AntiAGlauber: 0 eV  ---> 25.6 PeV
  Process: anti_alphaInelastic
        Model:                      FTFP: 0 eV /n ---> 100 TeV/n
     Cr_sctns:              AntiAGlauber: 0 eV  ---> 25.6 PeV
  Process: hFritiofCaptureAtRest
-----------------------------------------------------------------------
                           Hadronic Processes for anti_deuteron
  Process: hadElastic
        Model:              hElasticLHEP: 0 eV /n ---> 100.1 MeV/n
        Model:              AntiAElastic: 100 MeV/n ---> 100 TeV/n
     Cr_sctns:              AntiAGlauber: 0 eV  ---> 25.6 PeV
  Process: anti_deuteronInelastic
        Model:                      FTFP: 0 eV /n ---> 100 TeV/n
     Cr_sctns:              AntiAGlauber: 0 eV  ---> 25.6 PeV
  Process: hFritiofCaptureAtRest
-------------------------------------------------------------------------
                           Hadronic Processes for anti_hypertriton
  Process: hFritiofCaptureAtRest
-----------------------------------------------------------------------
                           Hadronic Processes for anti_lambda
  Process: hadElastic
        Model:              hElasticLHEP: 0 eV  ---> 100 TeV
     Cr_sctns:            Glauber-Gribov: 0 eV  ---> 100 TeV
  Process: anti_lambdaInelastic
        Model:                      QGSP: 12 GeV ---> 100 TeV
        Model:                      FTFP: 0 eV  ---> 25 GeV
     Cr_sctns:            Glauber-Gribov: 0 eV  ---> 100 TeV
  Process: hFritiofCaptureAtRest
-----------------------------------------------------------------------
                           Hadronic Processes for anti_neutron
  Process: hadElastic
        Model:              hElasticLHEP: 0 eV  ---> 100.1 MeV
        Model:              AntiAElastic: 100 MeV ---> 100 TeV
     Cr_sctns:              AntiAGlauber: 0 eV  ---> 25.6 PeV
  Process: anti_neutronInelastic
        Model:                      FTFP: 0 eV  ---> 100 TeV
     Cr_sctns:              AntiAGlauber: 0 eV  ---> 25.6 PeV
  Process: hFritiofCaptureAtRest
-----------------------------------------------------------------------
                           Hadronic Processes for anti_proton
  Process: hadElastic
        Model:              hElasticLHEP: 0 eV  ---> 100.1 MeV
        Model:              AntiAElastic: 100 MeV ---> 100 TeV
     Cr_sctns:              AntiAGlauber: 0 eV  ---> 25.6 PeV
  Process: anti_protonInelastic
        Model:                      FTFP: 0 eV  ---> 100 TeV
     Cr_sctns:              AntiAGlauber: 0 eV  ---> 25.6 PeV
  Process: hFritiofCaptureAtRest
-----------------------------------------------------------------------
                           Hadronic Processes for anti_triton
  Process: hadElastic
        Model:              hElasticLHEP: 0 eV /n ---> 100.1 MeV/n
        Model:              AntiAElastic: 100 MeV/n ---> 100 TeV/n
     Cr_sctns:              AntiAGlauber: 0 eV  ---> 25.6 PeV
  Process: anti_tritonInelastic
        Model:                      FTFP: 0 eV /n ---> 100 TeV/n
     Cr_sctns:              AntiAGlauber: 0 eV  ---> 25.6 PeV
  Process: hFritiofCaptureAtRest
-----------------------------------------------------------------------
                           Hadronic Processes for deuteron
  Process: hadElastic
        Model:              hElasticLHEP: 0 eV /n ---> 100 TeV/n
     Cr_sctns:  Glauber-Gribov Nucl-nucl: 0 eV  ---> 25.6 PeV
  Process: dInelastic
        Model:  Binary Light Ion Cascade: 0 eV /n ---> 6 GeV/n
        Model:                      FTFP: 3 GeV/n ---> 100 TeV/n
     Cr_sctns:  Glauber-Gribov Nucl-nucl: 0 eV  ---> 25.6 PeV
-----------------------------------------------------------------------
                           Hadronic Processes for e+
  Process: positronNuclear
        Model:   G4ElectroVDNuclearModel: 0 eV  ---> 1 PeV
     Cr_sctns:          ElectroNuclearXS: 0 eV  ---> 100 TeV
-----------------------------------------------------------------------
                           Hadronic Processes for e-
  Process: electronNuclear
        Model:   G4ElectroVDNuclearModel: 0 eV  ---> 1 PeV
     Cr_sctns:          ElectroNuclearXS: 0 eV  ---> 100 TeV
-----------------------------------------------------------------------
                           Hadronic Processes for gamma
  Process: photonNuclear
        Model:               GammaNPreco: 0 eV  ---> 200 MeV
        Model:            BertiniCascade: 199 MeV ---> 6 GeV
        Model:           TheoFSGenerator: 3 GeV ---> 100 TeV
     Cr_sctns:            GammaNuclearXS: 0 eV  ---> 100 TeV
-----------------------------------------------------------------------
                           Hadronic Processes for kaon+
  Process: hadElastic
        Model:              hElasticLHEP: 0 eV  ---> 100 TeV
     Cr_sctns:            Glauber-Gribov: 0 eV  ---> 100 TeV
  Process: kaon+Inelastic
        Model:                      QGSP: 12 GeV ---> 100 TeV
        Model:                      FTFP: 3 GeV ---> 25 GeV
        Model:            BertiniCascade: 0 eV  ---> 6 GeV
     Cr_sctns:            Glauber-Gribov: 0 eV  ---> 100 TeV
-----------------------------------------------------------------------
                           Hadronic Processes for kaon-
  Process: hadElastic
        Model:              hElasticLHEP: 0 eV  ---> 100 TeV
     Cr_sctns:            Glauber-Gribov: 0 eV  ---> 100 TeV
  Process: kaon-Inelastic
        Model:                      QGSP: 12 GeV ---> 100 TeV
        Model:                      FTFP: 3 GeV ---> 25 GeV
        Model:            BertiniCascade: 0 eV  ---> 6 GeV
     Cr_sctns:            Glauber-Gribov: 0 eV  ---> 100 TeV
  Process: hBertiniCaptureAtRest
-----------------------------------------------------------------------
                           Hadronic Processes for lambda
  Process: hadElastic
        Model:              hElasticLHEP: 0 eV  ---> 100 TeV
     Cr_sctns:            Glauber-Gribov: 0 eV  ---> 100 TeV
  Process: lambdaInelastic
        Model:                      QGSP: 12 GeV ---> 100 TeV
        Model:                      FTFP: 3 GeV ---> 25 GeV
        Model:            BertiniCascade: 0 eV  ---> 6 GeV
     Cr_sctns:            Glauber-Gribov: 0 eV  ---> 100 TeV
-----------------------------------------------------------------------
                           Hadronic Processes for mu+
  Process: muonNuclear
        Model:      G4MuonVDNuclearModel: 0 eV  ---> 1 PeV
     Cr_sctns:     KokoulinMuonNuclearXS: 0 eV  ---> 100 TeV
-----------------------------------------------------------------------
                           Hadronic Processes for mu-
  Process: muonNuclear
        Model:      G4MuonVDNuclearModel: 0 eV  ---> 1 PeV
     Cr_sctns:     KokoulinMuonNuclearXS: 0 eV  ---> 100 TeV
  Process: muMinusCaptureAtRest
-----------------------------------------------------------------------
                           Hadronic Processes for pi+
  Process: hadElastic
        Model:           hElasticGlauber: 0 eV  ---> 100 TeV
     Cr_sctns:  BarashenkovGlauberGribov: 0 eV  ---> 100 TeV
  Process: pi+Inelastic
        Model:                      QGSP: 12 GeV ---> 100 TeV
        Model:                      FTFP: 3 GeV ---> 25 GeV
        Model:            BertiniCascade: 0 eV  ---> 6 GeV
     Cr_sctns:  BarashenkovGlauberGribov: 0 eV  ---> 100 TeV
-----------------------------------------------------------------------
                           Hadronic Processes for pi-
  Process: hadElastic
        Model:           hElasticGlauber: 0 eV  ---> 100 TeV
     Cr_sctns:  BarashenkovGlauberGribov: 0 eV  ---> 100 TeV
  Process: pi-Inelastic
        Model:                      QGSP: 12 GeV ---> 100 TeV
        Model:                      FTFP: 3 GeV ---> 25 GeV
        Model:            BertiniCascade: 0 eV  ---> 6 GeV
     Cr_sctns:  BarashenkovGlauberGribov: 0 eV  ---> 100 TeV
  Process: hBertiniCaptureAtRest
-----------------------------------------------------------------------
                           Hadronic Processes for proton
  Process: hadElastic
        Model:             hElasticCHIPS: 0 eV  ---> 100 TeV
     Cr_sctns:  BarashenkovGlauberGribov: 0 eV  ---> 100 TeV
  Process: protonInelastic
        Model:                      QGSP: 12 GeV ---> 100 TeV
        Model:                      FTFP: 3 GeV ---> 25 GeV
        Model:            Binary Cascade: 0 eV  ---> 6 GeV
     Cr_sctns:  BarashenkovGlauberGribov: 0 eV  ---> 100 TeV
-----------------------------------------------------------------------
                           Hadronic Processes for sigma-
  Process: hadElastic
        Model:              hElasticLHEP: 0 eV  ---> 100 TeV
     Cr_sctns:            Glauber-Gribov: 0 eV  ---> 100 TeV
  Process: sigma-Inelastic
        Model:                      QGSP: 12 GeV ---> 100 TeV
        Model:                      FTFP: 3 GeV ---> 25 GeV
        Model:            BertiniCascade: 0 eV  ---> 6 GeV
     Cr_sctns:            Glauber-Gribov: 0 eV  ---> 100 TeV
  Process: hBertiniCaptureAtRest
-----------------------------------------------------------------------
                           Hadronic Processes for triton
  Process: hadElastic
        Model:              hElasticLHEP: 0 eV /n ---> 100 TeV/n
     Cr_sctns:  Glauber-Gribov Nucl-nucl: 0 eV  ---> 25.6 PeV
  Process: tInelastic
        Model:  Binary Light Ion Cascade: 0 eV /n ---> 6 GeV/n
        Model:                      FTFP: 3 GeV/n ---> 100 TeV/n
     Cr_sctns:  Glauber-Gribov Nucl-nucl: 0 eV  ---> 25.6 PeV
=======================================================================
======       Geant4 Native Pre-compound Model Parameters       ========
=======================================================================
Type of pre-compound inverse x-section              3
Pre-compound model active                           1
Pre-compound excitation low energy                  100 keV
Pre-compound excitation high energy                 30 MeV
Angular generator for pre-compound model            1
Use NeverGoBack option for pre-compound model       0
Use SoftCutOff option for pre-compound model        0
Use CEM transitions for pre-compound model          1
Use GNASH transitions for pre-compound model        0
Use HETC submodel for pre-compound model            0
=======================================================================
======       Nuclear De-excitation Module Parameters           ========
=======================================================================
Type of de-excitation inverse x-section             3
Type of de-excitation factory                       Evaporation+GEM
Number of de-excitation channels                    68
Min excitation energy                               10 eV 
Min energy per nucleon for multifragmentation       200 GeV
Limit excitation energy for Fermi BreakUp           20 MeV
Level density (1/MeV)                               0.075
Use simple level density model                      1
Use discrete excitation energy of the residual      1
Time limit for long lived isomeres                  1 ns 
Isomer production flag                              1
Internal e- conversion flag                         1
Store e- internal conversion data                   0
Correlated gamma emission flag                      0
Max 2J for sampling of angular correlations         10
=======================================================================

=========================================================================
--> G4TaskRunManager::CreateAndStartWorkers() --> Initializing workers...
=========================================================================

SIPM_CONFIGSIPM_CONFIG cells= cells=3600 cells_x=3600 cells_x=60 cells_y=6060 active_mm= cells_y=60 active_mm=3x3 recovery_ns=3x3 recovery_ns=30 dcr_hz=30 dcr_hz=500000 dark_enabled=1 crosstalk=500000 dark_enabled=1 crosstalk=0.03 afterpulse_fast=0.01 window_start_ns=0.03 afterpulse_fast=-20 window_end_ns=0.01 window_start_ns=250 sample_dt_ns=-20 window_end_ns=0.5 adc_bits=12250 adc_lsb_pe= sample_dt_ns=0.01 baseline_adc=0.5 adc_bits=12 adc_lsb_pe=200 overvoltage_V=0.01 baseline_adc=3 temperature_C=200 overvoltage_V=25 trigger_recovery_model=EXPONENTIAL gain_recovery_model=EXPONENTIAL_H1_SHARED
3 temperature_C=25 trigger_recovery_model=EXPONENTIAL gain_recovery_model=EXPONENTIAL_H1_SHARED
SIPM_CONFIG cells=3600 cells_x=60 cells_y=60 active_mm=3x3 recovery_ns=30 dcr_hz=500000 dark_enabled=1 crosstalk=0.03 afterpulse_fast=0.01 window_start_ns=-20 window_end_ns=250 sample_dt_ns=0.5 adc_bits=12 adc_lsb_pe=0.01 baseline_adc=200 overvoltage_V=3 temperature_C=25 trigger_recovery_model=EXPONENTIAL gain_recovery_model=EXPONENTIAL_H1_SHARED
SIPM_CONFIG cells=3600 cells_x=60 cells_y=60 active_mm=3x3 recovery_ns=30 dcr_hz=500000 dark_enabled=1 crosstalk=0.03 afterpulse_fast=0.01 window_start_ns=-20 window_end_ns=250 sample_dt_ns=0.5 adc_bits=12 adc_lsb_pe=0.01 baseline_adc=200 overvoltage_V=3 temperature_C=25 trigger_recovery_model=EXPONENTIAL gain_recovery_model=EXPONENTIAL_H1_SHARED
SIPM_CONFIG cells=3600 cells_x=60 cells_y=60 active_mm=3x3 recovery_ns=30 dcr_hz=500000 dark_enabled=1 crosstalk=0.03 afterpulse_fast=0.01 window_start_ns=-20 window_end_ns=250 sample_dt_ns=0.5 adc_bits=12 adc_lsb_pe=0.01 baseline_adc=200 overvoltage_V=3 temperature_C=25 trigger_recovery_model=EXPONENTIAL gain_recovery_model=EXPONENTIAL_H1_SHARED
SIPM_CONFIG cells=3600 cells_x=60 cells_y=60 active_mm=3x3 recovery_ns=30 dcr_hz=500000 dark_enabled=1 crosstalk=0.03 afterpulse_fast=0.01 window_start_ns=-20 window_end_ns=250 sample_dt_ns=0.5 adc_bits=12 adc_lsb_pe=0.01 baseline_adc=200 overvoltage_V=3 temperature_C=25 trigger_recovery_model=EXPONENTIAL gain_recovery_model=EXPONENTIAL_H1_SHARED
SIPM_CONFIG cells=3600 cells_x=60 cells_y=60 active_mm=3x3 recovery_ns=30 dcr_hz=500000 dark_enabled=1 crosstalk=0.03 afterpulse_fast=0.01 window_start_ns=-20 window_end_ns=250 sample_dt_ns=0.5 adc_bits=12 adc_lsb_pe=0.01 baseline_adc=200 overvoltage_V=3 temperature_C=25 trigger_recovery_model=EXPONENTIAL gain_recovery_model=EXPONENTIAL_H1_SHARED
SIPM_CONFIG cells=3600 cells_x=60 cells_y=60 active_mm=3x3 recovery_ns=30 dcr_hz=500000 dark_enabled=1 crosstalk=0.03 afterpulse_fast=0.01 window_start_ns=-20 window_end_ns=250 sample_dt_ns=0.5 adc_bits=12 adc_lsb_pe=0.01 baseline_adc=200 overvoltage_V=3 temperature_C=25 trigger_recovery_model=EXPONENTIAL gain_recovery_model=EXPONENTIAL_H1_SHARED
SIPM_CONFIG cells=3600 cells_x=60 cells_y=60 active_mm=3x3 recovery_ns=30 dcr_hz=500000 dark_enabled=1 crosstalk=0.03 afterpulse_fast=0.01 window_start_ns=-20 window_end_ns=250 sample_dt_ns=0.5 adc_bits=12 adc_lsb_pe=0.01 baseline_adc=200 overvoltage_V=3 temperature_C=25 trigger_recovery_model=EXPONENTIAL gain_recovery_model=EXPONENTIAL_H1_SHARED
SIPM_CONFIG cells=3600 cells_x=60 cells_y=60 active_mm=3x3 recovery_ns=30 dcr_hz=500000 dark_enabled=1 crosstalk=0.03 afterpulse_fast=0.01 window_start_ns=-20 window_end_ns=250 sample_dt_ns=0.5 adc_bits=12 adc_lsb_pe=0.01 baseline_adc=200 overvoltage_V=3 temperature_C=25 trigger_recovery_model=EXPONENTIAL gain_recovery_model=EXPONENTIAL_H1_SHARED
SIPM_CONFIG cells=3600 cells_x=60 cells_y=60 active_mm=3x3 recovery_ns=30 dcr_hz=500000 dark_enabled=1 crosstalk=0.03 afterpulse_fast=0.01 window_start_ns=-20 window_end_ns=250 sample_dt_ns=0.5 adc_bits=12 adc_lsb_pe=0.01 baseline_adc=200 overvoltage_V=3 temperature_C=25 trigger_recovery_model=EXPONENTIAL gain_recovery_model=EXPONENTIAL_H1_SHARED
SIPM_CONFIG cells=3600 cells_x=60 cells_y=60 active_mm=3x3 recovery_ns=30 dcr_hz=500000 dark_enabled=1 crosstalk=0.03 afterpulse_fast=0.01 window_start_ns=-20 window_end_ns=250 sample_dt_ns=0.5 adc_bits=12 adc_lsb_pe=0.01 baseline_adc=200 overvoltage_V=3 temperature_C=25 trigger_recovery_model=EXPONENTIAL gain_recovery_model=EXPONENTIAL_H1_SHARED
SIPM_CONFIG cells=3600 cells_x=60 cells_y=60 active_mm=3x3 recovery_ns=30 dcr_hz=500000 dark_enabled=1 crosstalk=0.03 afterpulse_fast=0.01 window_start_ns=-20 window_end_ns=250 sample_dt_ns=0.5 adc_bits=12 adc_lsb_pe=0.01 baseline_adc=200 overvoltage_V=3 temperature_C=25 trigger_recovery_model=EXPONENTIAL gain_recovery_model=EXPONENTIAL_H1_SHARED
SIPM_CONFIG cells=3600 cells_x=60 cells_y=60 active_mm=3x3 recovery_ns=30 dcr_hz=500000 dark_enabled=1 crosstalk=0.03 afterpulse_fast=0.01 window_start_ns=-20 window_end_ns=250 sample_dt_ns=0.5 adc_bits=12 adc_lsb_pe=0.01 baseline_adc=200 overvoltage_V=3 temperature_C=25 trigger_recovery_model=EXPONENTIAL gain_recovery_model=EXPONENTIAL_H1_SHARED
SIPM_CONFIG cells=3600 cells_x=60 cells_y=60 active_mm=3x3 recovery_ns=30 dcr_hz=500000 dark_enabled=1 crosstalk=0.03 afterpulse_fast=0.01 window_start_ns=-20 window_end_ns=250 sample_dt_ns=0.5 adc_bits=12 adc_lsb_pe=0.01 baseline_adc=200 overvoltage_V=3 temperature_C=25 trigger_recovery_model=EXPONENTIAL gain_recovery_model=EXPONENTIAL_H1_SHARED
SIPM_CONFIG cells=3600 cells_x=60 cells_y=60 active_mm=3x3 recovery_ns=30 dcr_hz=500000 dark_enabled=1 crosstalk=0.03 afterpulse_fast=0.01 window_start_ns=-20 window_end_ns=250 sample_dt_ns=0.5 adc_bits=12 adc_lsb_pe=0.01 baseline_adc=200 overvoltage_V=3 temperature_C=25 trigger_recovery_model=EXPONENTIAL gain_recovery_model=EXPONENTIAL_H1_SHARED
CCB_NEUTRON_TIMECUT policy_id=pin_qgsp_bic_default_10us time_cut_us=10 status=PINNED_REFERENCE_DEFAULT
RUN_CONFIG particle=mu- KE_MeV=100 nevents=1000 threads_requested=16 threads_effective=16 g4_force_threads=unset seed=1625 hit_x_cm=0 hit_y_cm=0 theta_deg=0 phi_deg=0 allow_miss=0 beam_profile_id=FIXED_POINT_NORMAL sample_position=0 hit_x_min_cm=0 hit_x_max_cm=0 hit_y_min_cm=0 hit_y_max_cm=0 sample_angle=0 theta_spread_deg=0 write_photon_ntuple=0 optical_max_time_ns=1000 optical_max_steps=200000 birks_kB=0.126 quenching_model_id=birks_geant4 quenching_model_status=HYPOTHESIS quenching_claims_authorized=false production_cut_mm=0.1 physics_list=QGSP_BIC neutron_timecut_policy_id=pin_qgsp_bic_default_10us neutron_time_cut_us=10 neutron_tracking_time_cut_configured=1 neutron_diagnostics=0 reflectivity_scale=1 attenuation_scale(deprecated)=1 scintillator_absorption_scale=1 y11_bulk_attenuation_scale=1 pde_scale=1 collection_efficiency=1 optical_interface_model=UNKNOWN_EXTERNAL far_end=instrumented wls_time_profile=exponential wls_fluorescence_model=geant4_default_one_secondary wls_fluorescence_yield=0.7 mode=optical optical_dir=/projects/hep/fs10/shared/nnbar/billy/ccb-wt-1623/geant4/single_stave/build/optical strict_optical=1 output=/projects/hep/fs10/shared/nnbar/billy/ccb1623_campaign/stave_muminus_100MeV_B_s1625.root gpu_optical=0 optical_out= dump_gdml= geometry_hash=e323b92195f9a6288944f0738dbadccf9386422f076362ca172fd0b6d119d1e1

==========================================================================================
--> G4TaskRunManager::CreateAndStartWorkers() --> Creating 32 tasks with 31 events/task...
==========================================================================================

SIPM_ARRIVALS event=248 total=590
SIPM_ADC event=248 readout=2751 f1far=2547 f2near=3400 f2far=2358
SIPM_ARRIVALS event=372 total=635
SIPM_ADC event=372 readout=3159 f1far=2341 f2near=2713 f2far=2405
SIPM_ARRIVALS event=62 total=608
SIPM_ADC event=62 readout=2717 f1far=2700 f2near=2274 f2far=2139
SIPM_ARRIVALS event=310 total=670
SIPM_ADC event=310 readout=2942 f1far=2280 f2near=1940 f2far=2871
SIPM_ARRIVALS event=0 total=612
SIPM_ADC event=0 readout=2290 f1far=1962 f2near=2264 f2far=2218
SIPM_ARRIVALS event=403 total=714
SIPM_ADC event=403 readout=2798 f1far=3252 f2near=2935 f2far=2987
SIPM_ARRIVALS event=341 total=696
SIPM_ADC event=341 readout=2877 f1far=2651 f2near=1967 f2far=2240
SIPM_ARRIVALS event=155 total=663
SIPM_ADC event=155 readout=2737 f1far=2299 f2near=2295 f2far=2914
SIPM_ARRIVALS event=124 total=694
SIPM_ADC event=124 readout=2724 f1far=2455 f2near=2100 f2far=2500
SIPM_ARRIVALS event=186 total=803
SIPM_ADC event=186 readout=2827 f1far=2882 f2near=3796 f2far=3240
SIPM_ARRIVALS event=434 total=817
SIPM_ADC event=434 readout=3371 f1far=2073 f2near=3101 f2far=3432
SIPM_ARRIVALS event=465 total=736
SIPM_ADC event=465 readout=2958 f1far=3239 f2near=1958 f2far=2162
SIPM_ARRIVALS event=217 total=670
SIPM_ADC event=217 readout=2389 f1far=1971 f2near=2901 f2far=2799
SIPM_ARRIVALS event=93 total=735
SIPM_ADC event=93 readout=2858 f1far=2768 f2near=2909 f2far=2633
SIPM_ARRIVALS event=31 total=840
SIPM_ADC event=31 readout=3895 f1far=3380 f2near=3412 f2far=2702
SIPM_ARRIVALS event=279 total=865
SIPM_ADC event=279 readout=3574 f1far=3266 f2near=3375 f2far=3328
SIPM_ARRIVALS event=63 total=617
SIPM_ADC event=63 readout=2587 f1far=2098 f2near=2707 f2far=1942
SIPM_ARRIVALS event=249 total=725
SIPM_ADC event=249 readout=3895 f1far=3895 f2near=2707 f2far=2237
SIPM_ARRIVALS event=342 total=641
SIPM_ADC event=342 readout=3453 f1far=2033 f2near=2667 f2far=2493
SIPM_ARRIVALS event=466 total=657
SIPM_ADC event=466 readout=2116 f1far=3438 f2near=1935 f2far=2578
SIPM_ARRIVALS event=1 total=631
SIPM_ADC event=1 readout=3097 f1far=2517 f2near=1999 f2far=2953
SIPM_ARRIVALS event=435 total=643
SIPM_ADC event=435 readout=2521 f1far=1630 f2near=2714 f2far=3037
SIPM_ARRIVALS event=94 total=607
SIPM_ADC event=94 readout=2206 f1far=1986 f2near=2375 f2far=1923
SIPM_ARRIVALS event=218 total=629
SIPM_ADC event=218 readout=2568 f1far=2464 f2near=2752 f2far=2197
SIPM_ARRIVALS event=404 total=683
SIPM_ADC event=404 readout=2605 f1far=2593 f2near=2867 f2far=2452
SIPM_ARRIVALS event=187 total=702
SIPM_ADC event=187 readout=2225 f1far=2925 f2near=2607 f2far=2773
SIPM_ARRIVALS event=125 total=777
SIPM_ADC event=125 readout=2675 f1far=3142 f2near=3184 f2far=3247
SIPM_ARRIVALS event=373 total=854
SIPM_ADC event=373 readout=3726 f1far=3700 f2near=2612 f2far=3474
SIPM_ARRIVALS event=156 total=800
SIPM_ADC event=156 readout=2969 f1far=2777 f2near=2112 f2far=3119
SIPM_ARRIVALS event=280 total=684
SIPM_ADC event=280 readout=2917 f1far=2972 f2near=2478 f2far=2568
SIPM_ARRIVALS event=311 total=956
SIPM_ADC event=311 readout=3592 f1far=3895 f2near=3319 f2far=3783
SIPM_ARRIVALS event=32 total=763
SIPM_ADC event=32 readout=3097 f1far=2954 f2near=3005 f2far=2797
SIPM_ARRIVALS event=467 total=613
SIPM_ADC event=467 readout=2398 f1far=1831 f2near=2483 f2far=2504
SIPM_ARRIVALS event=64 total=617
SIPM_ADC event=64 readout=2368 f1far=3528 f2near=2028 f2far=2609
SIPM_ARRIVALS event=250 total=775
SIPM_ADC event=250 readout=2723 f1far=2494 f2near=3895 f2far=3648
SIPM_ARRIVALS event=436 total=643
SIPM_ADC event=436 readout=2233 f1far=2409 f2near=2328 f2far=2890
SIPM_ARRIVALS event=343 total=713
SIPM_ADC event=343 readout=2583 f1far=3474 f2near=2656 f2far=2843
SIPM_ARRIVALS event=95 total=727
SIPM_ADC event=95 readout=2737 f1far=2991 f2near=2839 f2far=2674
SIPM_ARRIVALS event=2 total=785
SIPM_ADC event=2 readout=3352 f1far=2676 f2near=2901 f2far=3036
SIPM_ARRIVALS event=219 total=700
SIPM_ADC event=219 readout=2796 f1far=3135 f2near=2342 f2far=3029
SIPM_ARRIVALS event=405 total=702
SIPM_ADC event=405 readout=3036 f1far=2767 f2near=3215 f2far=2882
SIPM_ARRIVALS event=188 total=731
SIPM_ADC event=188 readout=3243 f1far=3895 f2near=3173 f2far=2722
SIPM_ARRIVALS event=281 total=641
SIPM_ADC event=281 readout=2163 f1far=1762 f2near=2632 f2far=2245
SIPM_ARRIVALS event=312 total=693
SIPM_ADC event=312 readout=2376 f1far=3182 f2near=2559 f2far=2044
SIPM_ARRIVALS event=126 total=788
SIPM_ADC event=126 readout=3075 f1far=2851 f2near=2685 f2far=3323
SIPM_ARRIVALS event=157 total=696
SIPM_ADC event=157 readout=2870 f1far=2447 f2near=2472 f2far=2383
SIPM_ARRIVALS event=33 total=663
SIPM_ADC event=33 readout=1828 f1far=2775 f2near=2569 f2far=2844
SIPM_ARRIVALS event=374 total=841
SIPM_ADC event=374 readout=3213 f1far=3712 f2near=3348 f2far=3224
SIPM_ARRIVALS event=65 total=562
SIPM_ADC event=65 readout=2604 f1far=2229 f2near=2124 f2far=2182
SIPM_ARRIVALS event=468 total=664
SIPM_ADC event=468 readout=2864 f1far=2671 f2near=2447 f2far=2397
SIPM_ARRIVALS event=251 total=638
SIPM_ADC event=251 readout=2460 f1far=2284 f2near=3475 f2far=2238
SIPM_ARRIVALS event=344 total=668
SIPM_ADC event=344 readout=2661 f1far=1940 f2near=2758 f2far=2313
SIPM_ARRIVALS event=437 total=718
SIPM_ADC event=437 readout=2759 f1far=2552 f2near=3427 f2far=3456
SIPM_ARRIVALS event=406 total=603
SIPM_ADC event=406 readout=1910 f1far=2004 f2near=2453 f2far=2418
SIPM_ARRIVALS event=96 total=700
SIPM_ADC event=96 readout=2539 f1far=2475 f2near=2643 f2far=2524
SIPM_ARRIVALS event=282 total=624
SIPM_ADC event=282 readout=2256 f1far=2827 f2near=3261 f2far=2128
SIPM_ARRIVALS event=189 total=639
SIPM_ADC event=189 readout=2488 f1far=2282 f2near=2920 f2far=3187
SIPM_ARRIVALS event=220 total=692
SIPM_ADC event=220 readout=3147 f1far=2542 f2near=2473 f2far=2240
SIPM_ARRIVALS event=3 total=808
SIPM_ADC event=3 readout=2488 f1far=2222 f2near=3581 f2far=3330
SIPM_ARRIVALS event=34 total=646
SIPM_ADC event=34 readout=2341 f1far=3191 f2near=2389 f2far=2061
SIPM_ARRIVALS event=375 total=588
SIPM_ADC event=375 readout=2281 f1far=2622 f2near=1634 f2far=2113
SIPM_ARRIVALS event=313 total=679
SIPM_ADC event=313 readout=3895 f1far=3243 f2near=2413 f2far=2447
SIPM_ARRIVALS event=158 total=847
SIPM_ADC event=158 readout=3002 f1far=3895 f2near=2996 f2far=2091
SIPM_ARRIVALS event=127 total=867
SIPM_ADC event=127 readout=2956 f1far=3354 f2near=3895 f2far=3565
SIPM_ARRIVALS event=469 total=615
SIPM_ADC event=469 readout=2209 f1far=2732 f2near=2821 f2far=2450
SIPM_ARRIVALS event=66 total=721
SIPM_ADC event=66 readout=2673 f1far=2948 f2near=3441 f2far=2962
SIPM_ARRIVALS event=438 total=565
SIPM_ADC event=438 readout=1807 f1far=1976 f2near=1923 f2far=3018
SIPM_ARRIVALS event=252 total=735
SIPM_ADC event=252 readout=3000 f1far=3205 f2near=3376 f2far=3092
SIPM_ARRIVALS event=345 total=679
SIPM_ADC event=345 readout=2488 f1far=2421 f2near=2478 f2far=2227
SIPM_ARRIVALS event=97 total=674
SIPM_ADC event=97 readout=2246 f1far=2761 f2near=2773 f2far=2323
SIPM_ARRIVALS event=190 total=697
SIPM_ADC event=190 readout=2546 f1far=2623 f2near=2169 f2far=3478
SIPM_ARRIVALS event=221 total=645
SIPM_ADC event=221 readout=2081 f1far=2274 f2near=2736 f2far=2384
SIPM_ARRIVALS event=4 total=737
SIPM_ADC event=4 readout=3023 f1far=3661 f2near=2117 f2far=2645
SIPM_ARRIVALS event=376 total=610
SIPM_ADC event=376 readout=2596 f1far=1909 f2near=2377 f2far=2428
SIPM_ARRIVALS event=35 total=777
SIPM_ADC event=35 readout=2472 f1far=3418 f2near=2450 f2far=3782
SIPM_ARRIVALS event=159 total=611
SIPM_ADC event=159 readout=1940 f1far=2537 f2near=2200 f2far=2581
SIPM_ARRIVALS event=314 total=844
SIPM_ADC event=314 readout=3164 f1far=3107 f2near=3895 f2far=3119
SIPM_ARRIVALS event=283 total=882
SIPM_ADC event=283 readout=3340 f1far=3215 f2near=3895 f2far=2419
SIPM_ARRIVALS event=470 total=630
SIPM_ADC event=470 readout=2419 f1far=2078 f2near=2751 f2far=2719
SIPM_ARRIVALS event=128 total=669
SIPM_ADC event=128 readout=2174 f1far=2481 f2near=2078 f2far=2607
SIPM_ARRIVALS event=407 total=1143
SIPM_ADC event=407 readout=3767 f1far=3895 f2near=3849 f2far=3895
SIPM_ARRIVALS event=67 total=646
SIPM_ADC event=67 readout=3045 f1far=2089 f2near=2363 f2far=2720
SIPM_ARRIVALS event=253 total=720
SIPM_ADC event=253 readout=3305 f1far=2376 f2near=2580 f2far=2311
SIPM_ARRIVALS event=439 total=713
SIPM_ADC event=439 readout=2330 f1far=2419 f2near=2867 f2far=2394
SIPM_ARRIVALS event=346 total=668
SIPM_ADC event=346 readout=2263 f1far=1998 f2near=2378 f2far=3048
SIPM_ARRIVALS event=191 total=645
SIPM_ADC event=191 readout=2092 f1far=2236 f2near=2189 f2far=2469
SIPM_ARRIVALS event=98 total=731
SIPM_ADC event=98 readout=3274 f1far=3422 f2near=2826 f2far=2782
SIPM_ARRIVALS event=377 total=749
SIPM_ADC event=377 readout=3599 f1far=3173 f2near=2470 f2far=3411
SIPM_ARRIVALS event=5 total=661
SIPM_ADC event=5 readout=2532 f1far=2323 f2near=2375 f2far=3458
SIPM_ARRIVALS event=222 total=792
SIPM_ADC event=222 readout=2921 f1far=3218 f2near=2815 f2far=3167
SIPM_ARRIVALS event=315 total=630
SIPM_ADC event=315 readout=2530 f1far=2875 f2near=2272 f2far=3114
SIPM_ARRIVALS event=160 total=679
SIPM_ADC event=160 readout=2611 f1far=2924 f2near=2328 f2far=2993
SIPM_ARRIVALS event=284 total=663
SIPM_ADC event=284 readout=3089 f1far=2264 f2near=2714 f2far=2271
SIPM_ARRIVALS event=471 total=617
SIPM_ADC event=471 readout=2081 f1far=2386 f2near=2239 f2far=2617
SIPM_ARRIVALS event=36 total=752
SIPM_ADC event=36 readout=2519 f1far=2824 f2near=2662 f2far=3143
SIPM_ARRIVALS event=129 total=695
SIPM_ADC event=129 readout=3241 f1far=2232 f2near=2626 f2far=3185
SIPM_ARRIVALS event=408 total=730
SIPM_ADC event=408 readout=3225 f1far=2224 f2near=3422 f2far=2819
SIPM_ARRIVALS event=68 total=697
SIPM_ADC event=68 readout=2140 f1far=3690 f2near=2569 f2far=2638
SIPM_ARRIVALS event=440 total=664
SIPM_ADC event=440 readout=2213 f1far=2508 f2near=2524 f2far=2508
SIPM_ARRIVALS event=192 total=677
SIPM_ADC event=192 readout=2038 f1far=2592 f2near=2470 f2far=2823
SIPM_ARRIVALS event=99 total=639
SIPM_ADC event=99 readout=2501 f1far=2498 f2near=2741 f2far=3033
SIPM_ARRIVALS event=347 total=792
SIPM_ADC event=347 readout=2754 f1far=3465 f2near=2857 f2far=3347
SIPM_ARRIVALS event=378 total=704
SIPM_ADC event=378 readout=2767 f1far=2770 f2near=2485 f2far=2321
SIPM_ARRIVALS event=223 total=619
SIPM_ADC event=223 readout=2618 f1far=2228 f2near=2328 f2far=2363
SIPM_ARRIVALS event=316 total=752
SIPM_ADC event=316 readout=3452 f1far=2597 f2near=2979 f2far=2772
SIPM_ARRIVALS event=161 total=639
SIPM_ADC event=161 readout=2177 f1far=2746 f2near=2020 f2far=3366
SIPM_ARRIVALS event=472 total=613
SIPM_ADC event=472 readout=1945 f1far=2537 f2near=2935 f2far=2675
SIPM_ARRIVALS event=254 total=1033
SIPM_ADC event=254 readout=3895 f1far=3895 f2near=3734 f2far=3278
SIPM_ARRIVALS event=6 total=885
SIPM_ADC event=6 readout=3649 f1far=2648 f2near=3495 f2far=3356
SIPM_ARRIVALS event=285 total=881
SIPM_ADC event=285 readout=3648 f1far=2923 f2near=3649 f2far=3435
SIPM_ARRIVALS event=409 total=622
SIPM_ADC event=409 readout=1857 f1far=2277 f2near=2886 f2far=2376
SIPM_ARRIVALS event=69 total=734
SIPM_ADC event=69 readout=2548 f1far=2530 f2near=2622 f2far=3048
SIPM_ARRIVALS event=441 total=685
SIPM_ADC event=441 readout=2657 f1far=2167 f2near=3062 f2far=2992
SIPM_ARRIVALS event=130 total=853
SIPM_ADC event=130 readout=3449 f1far=3415 f2near=3267 f2far=3648
SIPM_ARRIVALS event=37 total=898
SIPM_ADC event=37 readout=2741 f1far=3895 f2near=2666 f2far=2885
SIPM_ARRIVALS event=193 total=750
SIPM_ADC event=193 readout=3410 f1far=2188 f2near=3478 f2far=2409
SIPM_ARRIVALS event=100 total=747
SIPM_ADC event=100 readout=3206 f1far=3250 f2near=2646 f2far=3470
SIPM_ARRIVALS event=317 total=641
SIPM_ADC event=317 readout=2232 f1far=1805 f2near=2296 f2far=2018
SIPM_ARRIVALS event=348 total=730
SIPM_ADC event=348 readout=1979 f1far=2983 f2near=3128 f2far=2619
SIPM_ARRIVALS event=224 total=709
SIPM_ADC event=224 readout=3256 f1far=2942 f2near=2512 f2far=2231
SIPM_ARRIVALS event=379 total=758
SIPM_ADC event=379 readout=3337 f1far=2930 f2near=3204 f2far=2526
SIPM_ARRIVALS event=162 total=688
SIPM_ADC event=162 readout=2221 f1far=2991 f2near=2133 f2far=2753
SIPM_ARRIVALS event=473 total=745
SIPM_ADC event=473 readout=3136 f1far=2986 f2near=2627 f2far=3112
SIPM_ARRIVALS event=255 total=723
SIPM_ADC event=255 readout=2533 f1far=3455 f2near=2676 f2far=2471
SIPM_ARRIVALS event=7 total=615
SIPM_ADC event=7 readout=1476 f1far=3158 f2near=1627 f2far=2484
SIPM_ARRIVALS event=410 total=671
SIPM_ADC event=410 readout=2258 f1far=2843 f2near=2449 f2far=2493
SIPM_ARRIVALS event=286 total=677
SIPM_ADC event=286 readout=2105 f1far=2281 f2near=2769 f2far=2377
SIPM_ARRIVALS event=131 total=672
SIPM_ADC event=131 readout=2451 f1far=2189 f2near=2906 f2far=2984
SIPM_ARRIVALS event=194 total=685
SIPM_ADC event=194 readout=2138 f1far=3175 f2near=3124 f2far=2397
SIPM_ARRIVALS event=442 total=778
SIPM_ADC event=442 readout=3092 f1far=1883 f2near=3439 f2far=3483
SIPM_ARRIVALS event=70 total=917
SIPM_ADC event=70 readout=3315 f1far=3160 f2near=3146 f2far=3895
SIPM_ARRIVALS event=101 total=653
SIPM_ADC event=101 readout=2897 f1far=3089 f2near=3099 f2far=2246
SIPM_ARRIVALS event=8 total=573
SIPM_ADC event=8 readout=2576 f1far=1495 f2near=2572 f2far=2603
SIPM_ARRIVALS event=38 total=912
SIPM_ADC event=38 readout=3826 f1far=3401 f2near=3381 f2far=3130
SIPM_ARRIVALS event=349 total=653
SIPM_ADC event=349 readout=2706 f1far=2493 f2near=2597 f2far=1937
SIPM_ARRIVALS event=474 total=670
SIPM_ADC event=474 readout=2642 f1far=2469 f2near=2320 f2far=2562
SIPM_ARRIVALS event=318 total=723
SIPM_ADC event=318 readout=2801 f1far=2573 f2near=2481 f2far=2871
SIPM_ARRIVALS event=163 total=632
SIPM_ADC event=163 readout=1744 f1far=2333 f2near=2254 f2far=2808
SIPM_ARRIVALS event=256 total=698
SIPM_ADC event=256 readout=2288 f1far=2827 f2near=2628 f2far=2809
SIPM_ARRIVALS event=225 total=718
SIPM_ADC event=225 readout=2394 f1far=3767 f2near=2555 f2far=2898
SIPM_ARRIVALS event=380 total=832
SIPM_ADC event=380 readout=3438 f1far=3769 f2near=2708 f2far=2899
SIPM_ARRIVALS event=411 total=700
SIPM_ADC event=411 readout=2488 f1far=2782 f2near=3077 f2far=2939
SIPM_ARRIVALS event=132 total=633
SIPM_ADC event=132 readout=2355 f1far=2610 f2near=2837 f2far=2070
SIPM_ARRIVALS event=287 total=877
SIPM_ADC event=287 readout=2600 f1far=3226 f2near=3895 f2far=2619
SIPM_ARRIVALS event=195 total=795
SIPM_ADC event=195 readout=2950 f1far=2952 f2near=3049 f2far=3639
SIPM_ARRIVALS event=443 total=696
SIPM_ADC event=443 readout=2461 f1far=2650 f2near=2489 f2far=2550
SIPM_ARRIVALS event=71 total=654
SIPM_ADC event=71 readout=1976 f1far=2723 f2near=2492 f2far=3156
SIPM_ARRIVALS event=39 total=594
SIPM_ADC event=39 readout=1740 f1far=1711 f2near=2381 f2far=2952
SIPM_ARRIVALS event=102 total=736
SIPM_ADC event=102 readout=2384 f1far=3112 f2near=2895 f2far=3057
SIPM_ARRIVALS event=319 total=690
SIPM_ADC event=319 readout=2567 f1far=2845 f2near=2555 f2far=2419
SIPM_ARRIVALS event=9 total=743
SIPM_ADC event=9 readout=2875 f1far=3535 f2near=3160 f2far=3124
SIPM_ARRIVALS event=164 total=622
SIPM_ADC event=164 readout=1664 f1far=2899 f2near=2038 f2far=2198
SIPM_ARRIVALS event=350 total=765
SIPM_ADC event=350 readout=2431 f1far=2564 f2near=2411 f2far=3473
SIPM_ARRIVALS event=226 total=761
SIPM_ADC event=226 readout=3120 f1far=3417 f2near=2829 f2far=3037
SIPM_ARRIVALS event=257 total=857
SIPM_ADC event=257 readout=3031 f1far=3723 f2near=2917 f2far=2826
SIPM_ARRIVALS event=475 total=1070
SIPM_ADC event=475 readout=3895 f1far=3895 f2near=3895 f2far=3895
SIPM_ARRIVALS event=133 total=729
SIPM_ADC event=133 readout=3325 f1far=3507 f2near=2488 f2far=3289
SIPM_ARRIVALS event=196 total=613
SIPM_ADC event=196 readout=2097 f1far=2394 f2near=2754 f2far=1749
SIPM_ARRIVALS event=444 total=689
SIPM_ADC event=444 readout=2654 f1far=2584 f2near=3049 f2far=2766
SIPM_ARRIVALS event=288 total=758
SIPM_ADC event=288 readout=3266 f1far=3708 f2near=2941 f2far=3127
SIPM_ARRIVALS event=412 total=855
SIPM_ADC event=412 readout=3047 f1far=3166 f2near=2841 f2far=3598
SIPM_ARRIVALS event=381 total=903
SIPM_ADC event=381 readout=3895 f1far=3524 f2near=3707 f2far=2396
SIPM_ARRIVALS event=72 total=726
SIPM_ADC event=72 readout=2394 f1far=2813 f2near=2753 f2far=2175
SIPM_ARRIVALS event=320 total=624
SIPM_ADC event=320 readout=2914 f1far=2157 f2near=1733 f2far=1836
SIPM_ARRIVALS event=103 total=619
SIPM_ADC event=103 readout=2093 f1far=2745 f2near=2384 f2far=2217
SIPM_ARRIVALS event=10 total=669
SIPM_ADC event=10 readout=2328 f1far=2219 f2near=3819 f2far=2017
SIPM_ARRIVALS event=351 total=652
SIPM_ADC event=351 readout=2112 f1far=3154 f2near=3112 f2far=2270
SIPM_ARRIVALS event=40 total=996
SIPM_ADC event=40 readout=3881 f1far=3121 f2near=3739 f2far=3895
SIPM_ARRIVALS event=227 total=679
SIPM_ADC event=227 readout=2557 f1far=2109 f2near=2585 f2far=2414
SIPM_ARRIVALS event=165 total=806
SIPM_ADC event=165 readout=3185 f1far=3504 f2near=2368 f2far=3243
SIPM_ARRIVALS event=476 total=534
SIPM_ADC event=476 readout=2455 f1far=2134 f2near=2140 f2far=1632
SIPM_ARRIVALS event=258 total=722
SIPM_ADC event=258 readout=3262 f1far=2979 f2near=2600 f2far=2959
SIPM_ARRIVALS event=445 total=683
SIPM_ADC event=445 readout=2854 f1far=2457 f2near=2569 f2far=2436
SIPM_ARRIVALS event=134 total=690
SIPM_ADC event=134 readout=2170 f1far=2523 f2near=2874 f2far=2658
SIPM_ARRIVALS event=197 total=625
SIPM_ADC event=197 readout=2583 f1far=2487 f2near=2682 f2far=2886
SIPM_ARRIVALS event=382 total=736
SIPM_ADC event=382 readout=2913 f1far=2766 f2near=3227 f2far=3004
SIPM_ARRIVALS event=413 total=651
SIPM_ADC event=413 readout=2590 f1far=2040 f2near=2686 f2far=2034
SIPM_ARRIVALS event=73 total=657
SIPM_ADC event=73 readout=2316 f1far=2244 f2near=2464 f2far=2572
SIPM_ARRIVALS event=321 total=651
SIPM_ADC event=321 readout=2704 f1far=2350 f2near=2319 f2far=3324
SIPM_ARRIVALS event=289 total=889
SIPM_ADC event=289 readout=3003 f1far=3080 f2near=3895 f2far=3487
SIPM_ARRIVALS event=11 total=665
SIPM_ADC event=11 readout=2202 f1far=2469 f2near=1907 f2far=1465
SIPM_ARRIVALS event=104 total=723
SIPM_ADC event=104 readout=2487 f1far=3121 f2near=2654 f2far=3474
SIPM_ARRIVALS event=41 total=624
SIPM_ADC event=41 readout=2778 f1far=2193 f2near=2301 f2far=2855
SIPM_ARRIVALS event=352 total=653
SIPM_ADC event=352 readout=3278 f1far=2862 f2near=2509 f2far=2430
SIPM_ARRIVALS event=259 total=577
SIPM_ADC event=259 readout=3241 f1far=2039 f2near=1558 f2far=1882
SIPM_ARRIVALS event=477 total=661
SIPM_ADC event=477 readout=2987 f1far=2516 f2near=2517 f2far=2363
SIPM_ARRIVALS event=166 total=654
SIPM_ADC event=166 readout=2133 f1far=2052 f2near=2289 f2far=2459
SIPM_ARRIVALS event=228 total=723
SIPM_ADC event=228 readout=2468 f1far=3222 f2near=2879 f2far=3206
SIPM_ARRIVALS event=446 total=611
SIPM_ADC event=446 readout=2135 f1far=1931 f2near=2650 f2far=2585
SIPM_ARRIVALS event=414 total=601
SIPM_ADC event=414 readout=2193 f1far=2095 f2near=1983 f2far=2211
SIPM_ARRIVALS event=135 total=785
SIPM_ADC event=135 readout=2790 f1far=2750 f2near=3263 f2far=3229
SIPM_ARRIVALS event=383 total=645
SIPM_ADC event=383 readout=2338 f1far=2159 f2near=2661 f2far=2514
SIPM_ARRIVALS event=198 total=795
SIPM_ADC event=198 readout=3409 f1far=3233 f2near=3014 f2far=2775
SIPM_ARRIVALS event=12 total=601
SIPM_ADC event=12 readout=2522 f1far=2226 f2near=2138 f2far=2775
SIPM_ARRIVALS event=290 total=687
SIPM_ADC event=290 readout=2868 f1far=2972 f2near=2055 f2far=1957
SIPM_ARRIVALS event=74 total=814
SIPM_ADC event=74 readout=2429 f1far=3110 f2near=2867 f2far=3317
SIPM_ARRIVALS event=353 total=700
SIPM_ADC event=353 readout=2545 f1far=2443 f2near=2825 f2far=2587
SIPM_ARRIVALS event=322 total=824
SIPM_ADC event=322 readout=3840 f1far=2332 f2near=2779 f2far=3265
SIPM_ARRIVALS event=105 total=676
SIPM_ADC event=105 readout=2635 f1far=2224 f2near=2670 f2far=2856
SIPM_ARRIVALS event=260 total=697
SIPM_ADC event=260 readout=1993 f1far=2722 f2near=2811 f2far=2102
SIPM_ARRIVALS event=478 total=725
SIPM_ADC event=478 readout=2395 f1far=2483 f2near=2232 f2far=3002
SIPM_ARRIVALS event=229 total=720
SIPM_ADC event=229 readout=2830 f1far=2930 f2near=3052 f2far=3038
SIPM_ARRIVALS event=42 total=903
SIPM_ADC event=42 readout=2364 f1far=3068 f2near=3692 f2far=3895
SIPM_ARRIVALS event=415 total=696
SIPM_ADC event=415 readout=2879 f1far=2786 f2near=2752 f2far=2482
SIPM_ARRIVALS event=167 total=769
SIPM_ADC event=167 readout=2741 f1far=2712 f2near=2469 f2far=3097
SIPM_ARRIVALS event=447 total=639
SIPM_ADC event=447 readout=1892 f1far=2335 f2near=3096 f2far=2944
SIPM_ARRIVALS event=136 total=590
SIPM_ADC event=136 readout=3064 f1far=2700 f2near=2279 f2far=1972
SIPM_ARRIVALS event=384 total=616
SIPM_ADC event=384 readout=1947 f1far=2371 f2near=2539 f2far=2398
SIPM_ARRIVALS event=199 total=712
SIPM_ADC event=199 readout=2937 f1far=2066 f2near=3095 f2far=1942
SIPM_ARRIVALS event=291 total=634
SIPM_ADC event=291 readout=2815 f1far=2564 f2near=2825 f2far=2750
SIPM_ARRIVALS event=323 total=677
SIPM_ADC event=323 readout=3630 f1far=2738 f2near=2285 f2far=2593
SIPM_ARRIVALS event=75 total=646
SIPM_ADC event=75 readout=3202 f1far=3356 f2near=2599 f2far=2365
SIPM_ARRIVALS event=13 total=864
SIPM_ADC event=13 readout=2966 f1far=3411 f2near=2671 f2far=3799
SIPM_ARRIVALS event=354 total=744
SIPM_ADC event=354 readout=2984 f1far=2492 f2near=2885 f2far=2493
SIPM_ARRIVALS event=261 total=677
SIPM_ADC event=261 readout=2216 f1far=2381 f2near=3025 f2far=2431
SIPM_ARRIVALS event=106 total=787
SIPM_ADC event=106 readout=2801 f1far=3433 f2near=3403 f2far=2567
SIPM_ARRIVALS event=479 total=677
SIPM_ADC event=479 readout=2009 f1far=2413 f2near=2744 f2far=2173
SIPM_ARRIVALS event=43 total=652
SIPM_ADC event=43 readout=1981 f1far=1977 f2near=3049 f2far=3114
SIPM_ARRIVALS event=168 total=624
SIPM_ADC event=168 readout=2534 f1far=1759 f2near=2727 f2far=2025
SIPM_ARRIVALS event=230 total=692
SIPM_ADC event=230 readout=2536 f1far=2650 f2near=2177 f2far=2341
SIPM_ARRIVALS event=137 total=670
SIPM_ADC event=137 readout=2398 f1far=2375 f2near=2766 f2far=2411
SIPM_ARRIVALS event=416 total=782
SIPM_ADC event=416 readout=2819 f1far=3630 f2near=2655 f2far=2923
SIPM_ARRIVALS event=448 total=752
SIPM_ADC event=448 readout=3449 f1far=2156 f2near=2245 f2far=3294
SIPM_ARRIVALS event=385 total=680
SIPM_ADC event=385 readout=2855 f1far=2574 f2near=3024 f2far=3150
SIPM_ARRIVALS event=292 total=687
SIPM_ADC event=292 readout=3718 f1far=2008 f2near=2823 f2far=2754
SIPM_ARRIVALS event=200 total=701
SIPM_ADC event=200 readout=3148 f1far=2413 f2near=2131 f2far=3006
SIPM_ARRIVALS event=76 total=599
SIPM_ADC event=76 readout=2125 f1far=2846 f2near=2086 f2far=1573
SIPM_ARRIVALS event=14 total=671
SIPM_ADC event=14 readout=2545 f1far=2429 f2near=2686 f2far=2440
SIPM_ARRIVALS event=107 total=631
SIPM_ADC event=107 readout=2087 f1far=2163 f2near=2660 f2far=3340
SIPM_ARRIVALS event=324 total=822
SIPM_ADC event=324 readout=2599 f1far=3036 f2near=2400 f2far=3895
SIPM_ARRIVALS event=262 total=717
SIPM_ADC event=262 readout=2240 f1far=3077 f2near=3062 f2far=2673
SIPM_ARRIVALS event=355 total=714
SIPM_ADC event=355 readout=2509 f1far=2914 f2near=2527 f2far=1498
SIPM_ARRIVALS event=480 total=720
SIPM_ADC event=480 readout=2305 f1far=2728 f2near=3479 f2far=2879
SIPM_ARRIVALS event=169 total=676
SIPM_ADC event=169 readout=2621 f1far=2483 f2near=2454 f2far=3686
SIPM_ARRIVALS event=44 total=815
SIPM_ADC event=44 readout=3209 f1far=3267 f2near=2048 f2far=3895
SIPM_ARRIVALS event=417 total=797
SIPM_ADC event=417 readout=2719 f1far=2905 f2near=2532 f2far=2654
SIPM_ARRIVALS event=231 total=822
SIPM_ADC event=231 readout=3895 f1far=2347 f2near=3601 f2far=3275
SIPM_ARRIVALS event=138 total=752
SIPM_ADC event=138 readout=1821 f1far=2363 f2near=3151 f2far=2969
SIPM_ARRIVALS event=386 total=676
SIPM_ADC event=386 readout=2766 f1far=2530 f2near=2598 f2far=1912
SIPM_ARRIVALS event=293 total=687
SIPM_ADC event=293 readout=2643 f1far=2128 f2near=2605 f2far=2084
SIPM_ARRIVALS event=77 total=641
SIPM_ADC event=77 readout=2562 f1far=2807 f2near=1897 f2far=2425
SIPM_ARRIVALS event=201 total=765
SIPM_ADC event=201 readout=3237 f1far=2923 f2near=3113 f2far=2628
SIPM_ARRIVALS event=449 total=912
SIPM_ADC event=449 readout=3895 f1far=3579 f2near=3087 f2far=3895
SIPM_ARRIVALS event=15 total=739
SIPM_ADC event=15 readout=2247 f1far=2443 f2near=2966 f2far=2821
SIPM_ARRIVALS event=108 total=770
SIPM_ADC event=108 readout=3394 f1far=3034 f2near=2558 f2far=3336
SIPM_ARRIVALS event=356 total=693
SIPM_ADC event=356 readout=2048 f1far=2020 f2near=3128 f2far=2394
SIPM_ARRIVALS event=325 total=685
SIPM_ADC event=325 readout=3485 f1far=2532 f2near=3160 f2far=2540
SIPM_ARRIVALS event=481 total=708
SIPM_ADC event=481 readout=2825 f1far=2610 f2near=3094 f2far=3351
SIPM_ARRIVALS event=263 total=806
SIPM_ADC event=263 readout=3302 f1far=2822 f2near=3895 f2far=2780
SIPM_ARRIVALS event=45 total=725
SIPM_ADC event=45 readout=2333 f1far=2852 f2near=2583 f2far=3209
SIPM_ARRIVALS event=170 total=768
SIPM_ADC event=170 readout=2745 f1far=3234 f2near=2449 f2far=2767
SIPM_ARRIVALS event=232 total=634
SIPM_ADC event=232 readout=2551 f1far=2237 f2near=2803 f2far=2989
SIPM_ARRIVALS event=418 total=685
SIPM_ADC event=418 readout=1916 f1far=2801 f2near=2598 f2far=3006
SIPM_ARRIVALS event=139 total=752
SIPM_ADC event=139 readout=2649 f1far=2622 f2near=2611 f2far=2170
SIPM_ARRIVALS event=294 total=660
SIPM_ADC event=294 readout=2822 f1far=2481 f2near=2641 f2far=2259
SIPM_ARRIVALS event=450 total=654
SIPM_ADC event=450 readout=2242 f1far=2502 f2near=3066 f2far=2256
SIPM_ARRIVALS event=78 total=712
SIPM_ADC event=78 readout=2998 f1far=2662 f2near=2320 f2far=3025
SIPM_ARRIVALS event=202 total=700
SIPM_ADC event=202 readout=2712 f1far=2661 f2near=2195 f2far=3534
SIPM_ARRIVALS event=16 total=713
SIPM_ADC event=16 readout=2775 f1far=2865 f2near=2502 f2far=2326
SIPM_ARRIVALS event=482 total=687
SIPM_ADC event=482 readout=2869 f1far=2433 f2near=3347 f2far=2856
SIPM_ARRIVALS event=387 total=1007
SIPM_ADC event=387 readout=2983 f1far=3895 f2near=3547 f2far=3792
SIPM_ARRIVALS event=326 total=707
SIPM_ADC event=326 readout=1932 f1far=2141 f2near=2529 f2far=3167
SIPM_ARRIVALS event=109 total=705
SIPM_ADC event=109 readout=2630 f1far=2378 f2near=3025 f2far=2877
SIPM_ARRIVALS event=357 total=775
SIPM_ADC event=357 readout=2753 f1far=3673 f2near=2387 f2far=2860
SIPM_ARRIVALS event=46 total=653
SIPM_ADC event=46 readout=2432 f1far=2041 f2near=2405 f2far=3030
SIPM_ARRIVALS event=171 total=673
SIPM_ADC event=171 readout=2790 f1far=2139 f2near=2923 f2far=1804
SIPM_ARRIVALS event=140 total=667
SIPM_ADC event=140 readout=2846 f1far=2380 f2near=2530 f2far=2478
SIPM_ARRIVALS event=264 total=907
SIPM_ADC event=264 readout=3317 f1far=3336 f2near=2494 f2far=3567
SIPM_ARRIVALS event=419 total=799
SIPM_ADC event=419 readout=2594 f1far=2885 f2near=3581 f2far=2936
SIPM_ARRIVALS event=233 total=746
SIPM_ADC event=233 readout=2551 f1far=3000 f2near=2310 f2far=3149
SIPM_ARRIVALS event=451 total=693
SIPM_ADC event=451 readout=3314 f1far=2508 f2near=2311 f2far=2678
SIPM_ARRIVALS event=295 total=846
SIPM_ADC event=295 readout=2699 f1far=2727 f2near=3363 f2far=3154
SIPM_ARRIVALS event=79 total=735
SIPM_ADC event=79 readout=2972 f1far=2646 f2near=2973 f2far=2900
SIPM_ARRIVALS event=17 total=686
SIPM_ADC event=17 readout=2576 f1far=2908 f2near=2543 f2far=2258
SIPM_ARRIVALS event=483 total=622
SIPM_ADC event=483 readout=1935 f1far=2299 f2near=2723 f2far=2950
SIPM_ARRIVALS event=327 total=585
SIPM_ADC event=327 readout=2547 f1far=2211 f2near=1620 f2far=2560
SIPM_ARRIVALS event=110 total=616
SIPM_ADC event=110 readout=2264 f1far=2798 f2near=2773 f2far=2980
SIPM_ARRIVALS event=388 total=623
SIPM_ADC event=388 readout=2480 f1far=2854 f2near=2718 f2far=3045
SIPM_ARRIVALS event=358 total=627
SIPM_ADC event=358 readout=2687 f1far=2725 f2near=2216 f2far=2633
SIPM_ARRIVALS event=203 total=908
SIPM_ADC event=203 readout=2586 f1far=3856 f2near=3013 f2far=3243
SIPM_ARRIVALS event=172 total=642
SIPM_ADC event=172 readout=2430 f1far=2633 f2near=2136 f2far=2316
SIPM_ARRIVALS event=141 total=697
SIPM_ADC event=141 readout=2829 f1far=3042 f2near=3257 f2far=2373
SIPM_ARRIVALS event=265 total=808
SIPM_ADC event=265 readout=3415 f1far=2780 f2near=3353 f2far=3195
SIPM_ARRIVALS event=234 total=669
SIPM_ADC event=234 readout=1835 f1far=2597 f2near=2969 f2far=2610
SIPM_ARRIVALS event=452 total=709
SIPM_ADC event=452 readout=2239 f1far=2841 f2near=1867 f2far=2616
SIPM_ARRIVALS event=80 total=764
SIPM_ADC event=80 readout=2439 f1far=3169 f2near=2815 f2far=3152
SIPM_ARRIVALS event=18 total=727
SIPM_ADC event=18 readout=3087 f1far=3273 f2near=2662 f2far=2891
SIPM_ARRIVALS event=296 total=777
SIPM_ADC event=296 readout=2848 f1far=2344 f2near=3453 f2far=3525
SIPM_ARRIVALS event=47 total=1130
SIPM_ADC event=47 readout=3855 f1far=3895 f2near=3464 f2far=3895
SIPM_ARRIVALS event=484 total=665
SIPM_ADC event=484 readout=2117 f1far=2492 f2near=2716 f2far=2300
SIPM_ARRIVALS event=420 total=967
SIPM_ADC event=420 readout=3833 f1far=3404 f2near=3640 f2far=3654
SIPM_ARRIVALS event=111 total=673
SIPM_ADC event=111 readout=2461 f1far=2715 f2near=2331 f2far=2350
SIPM_ARRIVALS event=389 total=741
SIPM_ADC event=389 readout=3241 f1far=3026 f2near=2865 f2far=2744
SIPM_ARRIVALS event=328 total=792
SIPM_ADC event=328 readout=2933 f1far=2649 f2near=3041 f2far=2313
SIPM_ARRIVALS event=359 total=675
SIPM_ADC event=359 readout=2592 f1far=2131 f2near=3252 f2far=1801
SIPM_ARRIVALS event=204 total=645
SIPM_ADC event=204 readout=2407 f1far=1735 f2near=2214 f2far=3408
SIPM_ARRIVALS event=173 total=665
SIPM_ADC event=173 readout=2471 f1far=2450 f2near=2225 f2far=2022
SIPM_ARRIVALS event=142 total=756
SIPM_ADC event=142 readout=2770 f1far=2809 f2near=3471 f2far=2479
SIPM_ARRIVALS event=453 total=756
SIPM_ADC event=453 readout=3183 f1far=2611 f2near=2259 f2far=2181
SIPM_ARRIVALS event=19 total=627
SIPM_ADC event=19 readout=2400 f1far=2179 f2near=2828 f2far=2759
SIPM_ARRIVALS event=297 total=641
SIPM_ADC event=297 readout=2511 f1far=2437 f2near=1997 f2far=2684
SIPM_ARRIVALS event=266 total=827
SIPM_ADC event=266 readout=3596 f1far=2946 f2near=2539 f2far=3386
SIPM_ARRIVALS event=235 total=737
SIPM_ADC event=235 readout=3000 f1far=3895 f2near=2696 f2far=2804
SIPM_ARRIVALS event=81 total=636
SIPM_ADC event=81 readout=2815 f1far=2839 f2near=2106 f2far=2826
SIPM_ARRIVALS event=48 total=689
SIPM_ADC event=48 readout=2596 f1far=2135 f2near=3177 f2far=2227
SIPM_ARRIVALS event=421 total=653
SIPM_ADC event=421 readout=2486 f1far=2882 f2near=2939 f2far=2497
SIPM_ARRIVALS event=485 total=662
SIPM_ADC event=485 readout=2434 f1far=1761 f2near=2305 f2far=2525
SIPM_ARRIVALS event=390 total=652
SIPM_ADC event=390 readout=2764 f1far=2432 f2near=2804 f2far=2761
SIPM_ARRIVALS event=329 total=704
SIPM_ADC event=329 readout=2646 f1far=1878 f2near=3237 f2far=2837
SIPM_ARRIVALS event=360 total=645
SIPM_ADC event=360 readout=1927 f1far=2706 f2near=2510 f2far=2944
SIPM_ARRIVALS event=205 total=685
SIPM_ADC event=205 readout=2087 f1far=2727 f2near=2715 f2far=3508
SIPM_ARRIVALS event=174 total=676
SIPM_ADC event=174 readout=2448 f1far=2487 f2near=2504 f2far=2283
SIPM_ARRIVALS event=112 total=912
SIPM_ADC event=112 readout=2719 f1far=3161 f2near=3202 f2far=3787
SIPM_ARRIVALS event=454 total=636
SIPM_ADC event=454 readout=2207 f1far=2306 f2near=2217 f2far=2775
SIPM_ARRIVALS event=143 total=649
SIPM_ADC event=143 readout=2303 f1far=2684 f2near=2144 f2far=2481
SIPM_ARRIVALS event=267 total=654
SIPM_ADC event=267 readout=2699 f1far=3312 f2near=2250 f2far=2387
SIPM_ARRIVALS event=486 total=542
SIPM_ADC event=486 readout=2719 f1far=1812 f2near=3054 f2far=1957
SIPM_ARRIVALS event=20 total=750
SIPM_ADC event=20 readout=2777 f1far=3109 f2near=2570 f2far=2638
SIPM_ARRIVALS event=298 total=711
SIPM_ADC event=298 readout=2743 f1far=2869 f2near=2372 f2far=2576
SIPM_ARRIVALS event=82 total=677
SIPM_ADC event=82 readout=2416 f1far=2349 f2near=2191 f2far=1980
SIPM_ARRIVALS event=236 total=738
SIPM_ADC event=236 readout=2976 f1far=2430 f2near=1998 f2far=2841
SIPM_ARRIVALS event=422 total=683
SIPM_ADC event=422 readout=2244 f1far=2086 f2near=3239 f2far=2986
SIPM_ARRIVALS event=49 total=742
SIPM_ADC event=49 readout=1788 f1far=2242 f2near=2310 f2far=3114
SIPM_ARRIVALS event=206 total=688
SIPM_ADC event=206 readout=3212 f1far=2076 f2near=2703 f2far=2987
SIPM_ARRIVALS event=361 total=699
SIPM_ADC event=361 readout=2966 f1far=2489 f2near=2322 f2far=2332
SIPM_ARRIVALS event=330 total=843
SIPM_ADC event=330 readout=2499 f1far=3165 f2near=3088 f2far=3631
SIPM_ARRIVALS event=391 total=839
SIPM_ADC event=391 readout=3615 f1far=2845 f2near=3375 f2far=2975
SIPM_ARRIVALS event=175 total=652
SIPM_ADC event=175 readout=2976 f1far=2729 f2near=2535 f2far=2829
SIPM_ARRIVALS event=455 total=683
SIPM_ADC event=455 readout=3263 f1far=2130 f2near=2447 f2far=2466
SIPM_ARRIVALS event=113 total=707
SIPM_ADC event=113 readout=2615 f1far=2952 f2near=2704 f2far=2811
SIPM_ARRIVALS event=237 total=641
SIPM_ADC event=237 readout=2186 f1far=2374 f2near=2479 f2far=2311
SIPM_ARRIVALS event=268 total=697
SIPM_ADC event=268 readout=2742 f1far=2635 f2near=2187 f2far=2549
SIPM_ARRIVALS event=144 total=859
SIPM_ADC event=144 readout=3480 f1far=2904 f2near=3646 f2far=2577
SIPM_ARRIVALS event=21 total=788
SIPM_ADC event=21 readout=2285 f1far=2142 f2near=3340 f2far=3250
SIPM_ARRIVALS event=487 total=729
SIPM_ADC event=487 readout=3132 f1far=2819 f2near=2780 f2far=2786
SIPM_ARRIVALS event=83 total=720
SIPM_ADC event=83 readout=3346 f1far=2672 f2near=2932 f2far=2509
SIPM_ARRIVALS event=423 total=664
SIPM_ADC event=423 readout=2517 f1far=2977 f2near=2997 f2far=2711
SIPM_ARRIVALS event=50 total=713
SIPM_ADC event=50 readout=2985 f1far=2655 f2near=2922 f2far=3267
SIPM_ARRIVALS event=299 total=851
SIPM_ADC event=299 readout=3469 f1far=3497 f2near=2939 f2far=2876
SIPM_ARRIVALS event=392 total=652
SIPM_ADC event=392 readout=2087 f1far=2142 f2near=2458 f2far=2496
SIPM_ARRIVALS event=362 total=749
SIPM_ADC event=362 readout=2420 f1far=2842 f2near=3024 f2far=2698
SIPM_ARRIVALS event=331 total=731
SIPM_ADC event=331 readout=2590 f1far=2469 f2near=2270 f2far=3259
SIPM_ARRIVALS event=207 total=746
SIPM_ADC event=207 readout=3584 f1far=2984 f2near=3321 f2far=2138
SIPM_ARRIVALS event=176 total=608
SIPM_ADC event=176 readout=2181 f1far=1919 f2near=2332 f2far=2644
SIPM_ARRIVALS event=114 total=644
SIPM_ADC event=114 readout=2077 f1far=2373 f2near=2388 f2far=2114
SIPM_ARRIVALS event=456 total=678
SIPM_ADC event=456 readout=2745 f1far=2974 f2near=2555 f2far=2146
SIPM_ARRIVALS event=22 total=646
SIPM_ADC event=22 readout=2620 f1far=2901 f2near=2843 f2far=2547
SIPM_ARRIVALS event=145 total=653
SIPM_ADC event=145 readout=2253 f1far=2059 f2near=2285 f2far=2050
SIPM_ARRIVALS event=269 total=677
SIPM_ADC event=269 readout=2352 f1far=2231 f2near=2565 f2far=2693
SIPM_ARRIVALS event=84 total=658
SIPM_ADC event=84 readout=3059 f1far=2207 f2near=2956 f2far=2609
SIPM_ARRIVALS event=238 total=775
SIPM_ADC event=238 readout=3224 f1far=3008 f2near=3238 f2far=3144
SIPM_ARRIVALS event=51 total=634
SIPM_ADC event=51 readout=2176 f1far=2711 f2near=3588 f2far=2129
SIPM_ARRIVALS event=300 total=656
SIPM_ADC event=300 readout=2278 f1far=2434 f2near=2171 f2far=1975
SIPM_ARRIVALS event=488 total=790
SIPM_ADC event=488 readout=3193 f1far=3530 f2near=2479 f2far=3307
SIPM_ARRIVALS event=424 total=836
SIPM_ADC event=424 readout=3782 f1far=3174 f2near=3307 f2far=2302
SIPM_ARRIVALS event=363 total=681
SIPM_ADC event=363 readout=2923 f1far=2777 f2near=2958 f2far=2260
SIPM_ARRIVALS event=208 total=649
SIPM_ADC event=208 readout=2296 f1far=2252 f2near=2421 f2far=2640
SIPM_ARRIVALS event=332 total=758
SIPM_ADC event=332 readout=2723 f1far=3380 f2near=3334 f2far=2636
SIPM_ARRIVALS event=177 total=560
SIPM_ADC event=177 readout=1796 f1far=1928 f2near=2652 f2far=2055
SIPM_ARRIVALS event=457 total=598
SIPM_ADC event=457 readout=2313 f1far=2157 f2near=2177 f2far=1981
SIPM_ARRIVALS event=115 total=865
SIPM_ADC event=115 readout=3081 f1far=3494 f2near=3429 f2far=3443
SIPM_ARRIVALS event=23 total=706
SIPM_ADC event=23 readout=3037 f1far=2798 f2near=3183 f2far=2467
SIPM_ARRIVALS event=146 total=660
SIPM_ADC event=146 readout=2819 f1far=3422 f2near=2819 f2far=2122
SIPM_ARRIVALS event=393 total=1102
SIPM_ADC event=393 readout=3895 f1far=3703 f2near=3895 f2far=3895
SIPM_ARRIVALS event=85 total=695
SIPM_ADC event=85 readout=2982 f1far=2291 f2near=2616 f2far=3260
SIPM_ARRIVALS event=239 total=678
SIPM_ADC event=239 readout=2057 f1far=2400 f2near=2146 f2far=3496
SIPM_ARRIVALS event=52 total=724
SIPM_ADC event=52 readout=2912 f1far=3077 f2near=2320 f2far=1733
SIPM_ARRIVALS event=364 total=608
SIPM_ADC event=364 readout=2465 f1far=2206 f2near=2876 f2far=3231
SIPM_ARRIVALS event=301 total=759
SIPM_ADC event=301 readout=2471 f1far=2907 f2near=2760 f2far=2927
SIPM_ARRIVALS event=425 total=729
SIPM_ADC event=425 readout=2220 f1far=2378 f2near=2904 f2far=2578
SIPM_ARRIVALS event=489 total=795
SIPM_ADC event=489 readout=2716 f1far=3804 f2near=2883 f2far=3123
SIPM_ARRIVALS event=209 total=692
SIPM_ADC event=209 readout=2232 f1far=2490 f2near=2421 f2far=3043
SIPM_ARRIVALS event=178 total=621
SIPM_ADC event=178 readout=2587 f1far=2925 f2near=2681 f2far=2591
SIPM_ARRIVALS event=458 total=653
SIPM_ADC event=458 readout=2420 f1far=2278 f2near=2738 f2far=2685
SIPM_ARRIVALS event=333 total=728
SIPM_ADC event=333 readout=2574 f1far=3438 f2near=3289 f2far=2211
SIPM_ARRIVALS event=270 total=1239
SIPM_ADC event=270 readout=3895 f1far=3895 f2near=3895 f2far=3895
SIPM_ARRIVALS event=147 total=607
SIPM_ADC event=147 readout=2266 f1far=2822 f2near=2651 f2far=2060
SIPM_ARRIVALS event=24 total=642
SIPM_ADC event=24 readout=2340 f1far=1855 f2near=2972 f2far=2664
SIPM_ARRIVALS event=116 total=697
SIPM_ADC event=116 readout=2544 f1far=1972 f2near=2442 f2far=2161
SIPM_ARRIVALS event=394 total=695
SIPM_ADC event=394 readout=3154 f1far=3132 f2near=2533 f2far=2989
SIPM_ARRIVALS event=86 total=710
SIPM_ADC event=86 readout=3321 f1far=3010 f2near=2733 f2far=2765
SIPM_ARRIVALS event=53 total=657
SIPM_ADC event=53 readout=2164 f1far=2454 f2near=2299 f2far=2951
SIPM_ARRIVALS event=240 total=680
SIPM_ADC event=240 readout=2665 f1far=2514 f2near=3652 f2far=3134
SIPM_ARRIVALS event=365 total=694
SIPM_ADC event=365 readout=3090 f1far=2396 f2near=2967 f2far=2005
SIPM_ARRIVALS event=302 total=722
SIPM_ADC event=302 readout=2243 f1far=3119 f2near=3299 f2far=2734
SIPM_ARRIVALS event=426 total=690
SIPM_ADC event=426 readout=2432 f1far=2310 f2near=3057 f2far=2512
SIPM_ARRIVALS event=490 total=660
SIPM_ADC event=490 readout=2668 f1far=3170 f2near=2391 f2far=2537
SIPM_ARRIVALS event=459 total=587
SIPM_ADC event=459 readout=2623 f1far=2038 f2near=1939 f2far=2563
SIPM_ARRIVALS event=334 total=637
SIPM_ADC event=334 readout=3120 f1far=2316 f2near=2534 f2far=1961
SIPM_ARRIVALS event=210 total=736
SIPM_ADC event=210 readout=2575 f1far=2960 f2near=2559 f2far=3118
SIPM_ARRIVALS event=179 total=684
SIPM_ADC event=179 readout=2508 f1far=2774 f2near=2554 f2far=2372
SIPM_ARRIVALS event=271 total=663
SIPM_ADC event=271 readout=1710 f1far=3454 f2near=2752 f2far=2658
SIPM_ARRIVALS event=25 total=712
SIPM_ADC event=25 readout=2177 f1far=2685 f2near=2275 f2far=3475
SIPM_ARRIVALS event=395 total=654
SIPM_ADC event=395 readout=2644 f1far=2411 f2near=2417 f2far=2526
SIPM_ARRIVALS event=117 total=700
SIPM_ADC event=117 readout=2678 f1far=2689 f2near=2770 f2far=1945
SIPM_ARRIVALS event=54 total=615
SIPM_ADC event=54 readout=2766 f1far=2077 f2near=2765 f2far=1418
SIPM_ARRIVALS event=148 total=839
SIPM_ADC event=148 readout=3070 f1far=3720 f2near=3083 f2far=3271
SIPM_ARRIVALS event=87 total=644
SIPM_ADC event=87 readout=2110 f1far=2893 f2near=2813 f2far=1907
SIPM_ARRIVALS event=241 total=714
SIPM_ADC event=241 readout=2917 f1far=3694 f2near=2700 f2far=2676
SIPM_ARRIVALS event=366 total=689
SIPM_ADC event=366 readout=2808 f1far=2313 f2near=2600 f2far=3014
SIPM_ARRIVALS event=303 total=670
SIPM_ADC event=303 readout=2933 f1far=2761 f2near=2603 f2far=2190
SIPM_ARRIVALS event=427 total=716
SIPM_ADC event=427 readout=2721 f1far=2699 f2near=2949 f2far=2780
SIPM_ARRIVALS event=491 total=620
SIPM_ADC event=491 readout=1675 f1far=2370 f2near=2773 f2far=1717
SIPM_ARRIVALS event=335 total=644
SIPM_ADC event=335 readout=2093 f1far=3104 f2near=2550 f2far=2303
SIPM_ARRIVALS event=460 total=604
SIPM_ADC event=460 readout=3008 f1far=2663 f2near=2317 f2far=1496
SIPM_ARRIVALS event=180 total=713
SIPM_ADC event=180 readout=1945 f1far=3231 f2near=2787 f2far=2533
SIPM_ARRIVALS event=26 total=661
SIPM_ADC event=26 readout=1659 f1far=2098 f2near=2298 f2far=2451
SIPM_ARRIVALS event=272 total=697
SIPM_ADC event=272 readout=2630 f1far=2244 f2near=2846 f2far=2227
SIPM_ARRIVALS event=396 total=722
SIPM_ADC event=396 readout=2702 f1far=2883 f2near=2804 f2far=2562
SIPM_ARRIVALS event=211 total=935
SIPM_ADC event=211 readout=3652 f1far=3641 f2near=2923 f2far=3895
SIPM_ARRIVALS event=149 total=683
SIPM_ADC event=149 readout=2617 f1far=2187 f2near=2640 f2far=2415
SIPM_ARRIVALS event=118 total=744
SIPM_ADC event=118 readout=2898 f1far=2881 f2near=3107 f2far=2518
SIPM_ARRIVALS event=55 total=694
SIPM_ADC event=55 readout=3166 f1far=2468 f2near=2464 f2far=3057
SIPM_ARRIVALS event=88 total=748
SIPM_ADC event=88 readout=2323 f1far=3079 f2near=2768 f2far=2062
SIPM_ARRIVALS event=367 total=656
SIPM_ADC event=367 readout=1687 f1far=2530 f2near=2517 f2far=2205
SIPM_ARRIVALS event=242 total=755
SIPM_ADC event=242 readout=3018 f1far=2735 f2near=2562 f2far=2476
SIPM_ARRIVALS event=304 total=640
SIPM_ADC event=304 readout=2544 f1far=2489 f2near=2594 f2far=2653
SIPM_ARRIVALS event=492 total=631
SIPM_ADC event=492 readout=2374 f1far=2169 f2near=2220 f2far=2212
SIPM_ARRIVALS event=336 total=670
SIPM_ADC event=336 readout=2065 f1far=2953 f2near=2169 f2far=2247
SIPM_ARRIVALS event=461 total=670
SIPM_ADC event=461 readout=3490 f1far=2683 f2near=2634 f2far=3026
SIPM_ARRIVALS event=428 total=870
SIPM_ADC event=428 readout=3000 f1far=3895 f2near=2402 f2far=3259
SIPM_ARRIVALS event=27 total=626
SIPM_ADC event=27 readout=2236 f1far=3073 f2near=2690 f2far=1849
SIPM_ARRIVALS event=181 total=763
SIPM_ADC event=181 readout=2590 f1far=3121 f2near=3645 f2far=2627
SIPM_ARRIVALS event=212 total=667
SIPM_ADC event=212 readout=2626 f1far=2090 f2near=2809 f2far=2342
SIPM_ARRIVALS event=273 total=736
SIPM_ADC event=273 readout=2373 f1far=2837 f2near=2700 f2far=2527
SIPM_ARRIVALS event=119 total=657
SIPM_ADC event=119 readout=2606 f1far=3314 f2near=2662 f2far=3834
SIPM_ARRIVALS event=56 total=681
SIPM_ADC event=56 readout=2596 f1far=2784 f2near=2722 f2far=2040
SIPM_ARRIVALS event=397 total=857
SIPM_ADC event=397 readout=3238 f1far=2582 f2near=2966 f2far=3278
SIPM_ARRIVALS event=243 total=673
SIPM_ADC event=243 readout=2829 f1far=2288 f2near=2866 f2far=2131
SIPM_ARRIVALS event=89 total=682
SIPM_ADC event=89 readout=2706 f1far=2665 f2near=3106 f2far=2416
SIPM_ARRIVALS event=305 total=747
SIPM_ADC event=305 readout=2740 f1far=3017 f2near=3107 f2far=2942
SIPM_ARRIVALS event=368 total=779
SIPM_ADC event=368 readout=2502 f1far=3528 f2near=2975 f2far=3240
SIPM_ARRIVALS event=150 total=897
SIPM_ADC event=150 readout=3338 f1far=3352 f2near=3028 f2far=3135
SIPM_ARRIVALS event=337 total=651
SIPM_ADC event=337 readout=2230 f1far=2132 f2near=2599 f2far=2649
SIPM_ARRIVALS event=462 total=664
SIPM_ADC event=462 readout=2116 f1far=1983 f2near=2896 f2far=3296
SIPM_ARRIVALS event=429 total=684
SIPM_ADC event=429 readout=1740 f1far=2282 f2near=2593 f2far=3095
SIPM_ARRIVALS event=493 total=785
SIPM_ADC event=493 readout=2602 f1far=3234 f2near=3373 f2far=2644
SIPM_ARRIVALS event=182 total=627
SIPM_ADC event=182 readout=2249 f1far=2649 f2near=2030 f2far=2342
SIPM_ARRIVALS event=28 total=699
SIPM_ADC event=28 readout=2784 f1far=2936 f2near=2237 f2far=2244
SIPM_ARRIVALS event=274 total=643
SIPM_ADC event=274 readout=2410 f1far=2599 f2near=2209 f2far=2606
SIPM_ARRIVALS event=57 total=619
SIPM_ADC event=57 readout=3117 f1far=1991 f2near=2735 f2far=2179
SIPM_ARRIVALS event=213 total=792
SIPM_ADC event=213 readout=2600 f1far=2564 f2near=2900 f2far=3065
SIPM_ARRIVALS event=398 total=656
SIPM_ADC event=398 readout=2570 f1far=2324 f2near=2109 f2far=3204
SIPM_ARRIVALS event=120 total=734
SIPM_ADC event=120 readout=2665 f1far=2243 f2near=2333 f2far=2714
SIPM_ARRIVALS event=151 total=615
SIPM_ADC event=151 readout=2446 f1far=3078 f2near=2347 f2far=1989
SIPM_ARRIVALS event=369 total=698
SIPM_ADC event=369 readout=2867 f1far=3568 f2near=3352 f2far=1965
SIPM_ARRIVALS event=338 total=684
SIPM_ADC event=338 readout=2798 f1far=3312 f2near=2852 f2far=2133
SIPM_ARRIVALS event=90 total=797
SIPM_ADC event=90 readout=3154 f1far=3103 f2near=2887 f2far=2908
SIPM_ARRIVALS event=306 total=712
SIPM_ADC event=306 readout=2267 f1far=2198 f2near=2634 f2far=2525
SIPM_ARRIVALS event=494 total=700
SIPM_ADC event=494 readout=2776 f1far=2928 f2near=2697 f2far=2313
SIPM_ARRIVALS event=430 total=646
SIPM_ADC event=430 readout=2977 f1far=2883 f2near=2543 f2far=2428
SIPM_ARRIVALS event=463 total=694
SIPM_ADC event=463 readout=3207 f1far=2326 f2near=3143 f2far=1921
SIPM_ARRIVALS event=244 total=965
SIPM_ADC event=244 readout=3584 f1far=3667 f2near=3865 f2far=3437
SIPM_ARRIVALS event=29 total=626
SIPM_ADC event=29 readout=2752 f1far=2557 f2near=2817 f2far=2011
SIPM_ARRIVALS event=183 total=710
SIPM_ADC event=183 readout=2668 f1far=2066 f2near=3125 f2far=3423
SIPM_ARRIVALS event=275 total=683
SIPM_ADC event=275 readout=2700 f1far=2856 f2near=2677 f2far=2739
SIPM_ARRIVALS event=214 total=726
SIPM_ADC event=214 readout=2129 f1far=2448 f2near=3005 f2far=2448
SIPM_ARRIVALS event=121 total=609
SIPM_ADC event=121 readout=2658 f1far=1862 f2near=1625 f2far=2179
SIPM_ARRIVALS event=58 total=758
SIPM_ADC event=58 readout=2661 f1far=2326 f2near=2547 f2far=2418
SIPM_ARRIVALS event=399 total=756
SIPM_ADC event=399 readout=2604 f1far=3385 f2near=3289 f2far=3303
SIPM_ARRIVALS event=307 total=622
SIPM_ADC event=307 readout=2355 f1far=2361 f2near=2247 f2far=2212
SIPM_ARRIVALS event=339 total=613
SIPM_ADC event=339 readout=2285 f1far=2322 f2near=2904 f2far=2022
SIPM_ARRIVALS event=152 total=637
SIPM_ADC event=152 readout=3150 f1far=2699 f2near=3050 f2far=2111
SIPM_ARRIVALS event=91 total=689
SIPM_ADC event=91 readout=1943 f1far=1854 f2near=2811 f2far=2446
SIPM_ARRIVALS event=370 total=726
SIPM_ADC event=370 readout=2489 f1far=3183 f2near=2462 f2far=2629
SIPM_ARRIVALS event=495 total=606
SIPM_ADC event=495 readout=2114 f1far=2399 f2near=2819 f2far=2604
SIPM_ARRIVALS event=431 total=673
SIPM_ADC event=431 readout=2911 f1far=2972 f2near=2382 f2far=3344
SIPM_ARRIVALS event=464 total=662
SIPM_ADC event=464 readout=2059 f1far=2786 f2near=3244 f2far=2075
SIPM_ARRIVALS event=184 total=633
SIPM_ADC event=184 readout=1983 f1far=2482 f2near=2587 f2far=1630
SIPM_ARRIVALS event=245 total=801
SIPM_ADC event=245 readout=2942 f1far=3516 f2near=3009 f2far=2830
SIPM_ARRIVALS event=30 total=779
SIPM_ADC event=30 readout=2750 f1far=3263 f2near=2936 f2far=2154
SIPM_ARRIVALS event=276 total=704
SIPM_ADC event=276 readout=2394 f1far=2253 f2near=2652 f2far=2990
SIPM_ARRIVALS event=122 total=701
SIPM_ADC event=122 readout=2578 f1far=3314 f2near=2695 f2far=2450
SIPM_ARRIVALS event=215 total=780
SIPM_ADC event=215 readout=2734 f1far=3550 f2near=2485 f2far=2480
SIPM_ARRIVALS event=400 total=607
SIPM_ADC event=400 readout=1791 f1far=2741 f2near=2360 f2far=2354
SIPM_ARRIVALS event=340 total=590
SIPM_ADC event=340 readout=2451 f1far=1926 f2near=2540 f2far=2037
SIPM_ARRIVALS event=308 total=692
SIPM_ADC event=308 readout=2568 f1far=2884 f2near=2828 f2far=3570
SIPM_ARRIVALS event=153 total=625
SIPM_ADC event=153 readout=2519 f1far=2148 f2near=2145 f2far=2638
SIPM_ARRIVALS event=92 total=632
SIPM_ADC event=92 readout=2203 f1far=2138 f2near=2234 f2far=2337
SIPM_ARRIVALS event=59 total=932
SIPM_ADC event=59 readout=2977 f1far=3041 f2near=3895 f2far=3218
SIPM_ARRIVALS event=496 total=676
SIPM_ADC event=496 readout=2470 f1far=2598 f2near=2950 f2far=2650
SIPM_ARRIVALS event=371 total=752
SIPM_ADC event=371 readout=2383 f1far=3237 f2near=3555 f2far=3283
SIPM_ARRIVALS event=432 total=775
SIPM_ADC event=432 readout=2252 f1far=2911 f2near=3173 f2far=3236
SIPM_ARRIVALS event=246 total=619
SIPM_ADC event=246 readout=2265 f1far=2964 f2near=2369 f2far=2452
SIPM_ARRIVALS event=185 total=719
SIPM_ADC event=185 readout=2658 f1far=2475 f2near=3425 f2far=2897
SIPM_ARRIVALS event=527 total=895
SIPM_ADC event=527 readout=3182 f1far=3066 f2near=3031 f2far=3454
SIPM_ARRIVALS event=558 total=670
SIPM_ADC event=558 readout=3608 f1far=2858 f2near=2937 f2far=2160
SIPM_ARRIVALS event=277 total=698
SIPM_ADC event=277 readout=2323 f1far=2099 f2near=2649 f2far=2275
SIPM_ARRIVALS event=123 total=674
SIPM_ADC event=123 readout=2302 f1far=2563 f2near=2324 f2far=2521
SIPM_ARRIVALS event=401 total=621
SIPM_ADC event=401 readout=2762 f1far=2368 f2near=2191 f2far=1944
SIPM_ARRIVALS event=216 total=698
SIPM_ADC event=216 readout=2083 f1far=2303 f2near=3196 f2far=1805
SIPM_ARRIVALS event=589 total=712
SIPM_ADC event=589 readout=3002 f1far=3352 f2near=2949 f2far=2997
SIPM_ARRIVALS event=154 total=655
SIPM_ADC event=154 readout=2544 f1far=2577 f2near=2618 f2far=2229
SIPM_ARRIVALS event=309 total=785
SIPM_ADC event=309 readout=3087 f1far=2577 f2near=2634 f2far=3042
SIPM_ARRIVALS event=497 total=628
SIPM_ADC event=497 readout=2427 f1far=2448 f2near=2762 f2far=3030
SIPM_ARRIVALS event=60 total=752
SIPM_ADC event=60 readout=2857 f1far=2871 f2near=2961 f2far=2703
SIPM_ARRIVALS event=620 total=764
SIPM_ADC event=620 readout=2864 f1far=3041 f2near=2542 f2far=2651
SIPM_ARRIVALS event=651 total=715
SIPM_ADC event=651 readout=3402 f1far=3895 f2near=2475 f2far=2780
SIPM_ARRIVALS event=682 total=619
SIPM_ADC event=682 readout=2685 f1far=2787 f2near=2239 f2far=2380
SIPM_ARRIVALS event=247 total=653
SIPM_ADC event=247 readout=2902 f1far=2434 f2near=1432 f2far=2538
SIPM_ARRIVALS event=559 total=566
SIPM_ADC event=559 readout=2831 f1far=2158 f2near=1782 f2far=2271
SIPM_ARRIVALS event=278 total=628
SIPM_ADC event=278 readout=2245 f1far=2990 f2near=2171 f2far=2758
SIPM_ARRIVALS event=433 total=726
SIPM_ADC event=433 readout=2779 f1far=2319 f2near=2471 f2far=2189
SIPM_ARRIVALS event=528 total=681
SIPM_ADC event=528 readout=2577 f1far=2345 f2near=2620 f2far=2935
SIPM_ARRIVALS event=402 total=614
SIPM_ADC event=402 readout=1768 f1far=2033 f2near=1880 f2far=2535
SIPM_ARRIVALS event=713 total=688
SIPM_ADC event=713 readout=3034 f1far=2775 f2near=2381 f2far=2500
SIPM_ARRIVALS event=744 total=709
SIPM_ADC event=744 readout=2905 f1far=2410 f2near=3260 f2far=3176
SIPM_ARRIVALS event=775 total=677
SIPM_ADC event=775 readout=2283 f1far=2806 f2near=2828 f2far=2369
SIPM_ARRIVALS event=806 total=583
SIPM_ADC event=806 readout=2577 f1far=2436 f2near=2131 f2far=2318
SIPM_ARRIVALS event=621 total=659
SIPM_ADC event=621 readout=2348 f1far=3262 f2near=2165 f2far=2413
SIPM_ARRIVALS event=590 total=738
SIPM_ADC event=590 readout=2271 f1far=3111 f2near=2570 f2far=2706
SIPM_ARRIVALS event=498 total=664
SIPM_ADC event=498 readout=2758 f1far=2308 f2near=2618 f2far=2719
SIPM_ARRIVALS event=61 total=849
SIPM_ADC event=61 readout=3576 f1far=3170 f2near=3477 f2far=3032
SIPM_ARRIVALS event=683 total=592
SIPM_ADC event=683 readout=1544 f1far=1872 f2near=2109 f2far=1865
SIPM_ARRIVALS event=652 total=746
SIPM_ADC event=652 readout=2546 f1far=2798 f2near=2226 f2far=3010
SIPM_ARRIVALS event=868 total=715
SIPM_ADC event=868 readout=2970 f1far=3590 f2near=2425 f2far=2776
SIPM_ARRIVALS event=899 total=707
SIPM_ADC event=899 readout=2913 f1far=2157 f2near=2632 f2far=3034
SIPM_ARRIVALS event=529 total=658
SIPM_ADC event=529 readout=2233 f1far=2155 f2near=2633 f2far=2766
SIPM_ARRIVALS event=560 total=788
SIPM_ADC event=560 readout=2483 f1far=2864 f2near=2752 f2far=3328
SIPM_ARRIVALS event=837 total=836
SIPM_ADC event=837 readout=3051 f1far=3173 f2near=2964 f2far=3854
SIPM_ARRIVALS event=714 total=657
SIPM_ADC event=714 readout=3023 f1far=2123 f2near=1991 f2far=3042
SIPM_ARRIVALS event=930 total=768
SIPM_ADC event=930 readout=2602 f1far=2994 f2near=2594 f2far=2510
SIPM_ARRIVALS event=807 total=564
SIPM_ADC event=807 readout=2570 f1far=2618 f2near=1767 f2far=2212
SIPM_ARRIVALS event=591 total=621
SIPM_ADC event=591 readout=1752 f1far=1667 f2near=2968 f2far=2739
SIPM_ARRIVALS event=776 total=716
SIPM_ADC event=776 readout=2579 f1far=2451 f2near=2965 f2far=2976
SIPM_ARRIVALS event=499 total=643
SIPM_ADC event=499 readout=2160 f1far=1869 f2near=2911 f2far=1807
SIPM_ARRIVALS event=745 total=791
SIPM_ADC event=745 readout=2995 f1far=3150 f2near=3693 f2far=3233
SIPM_ARRIVALS event=622 total=681
SIPM_ADC event=622 readout=2427 f1far=2241 f2near=3453 f2far=2297
SIPM_ARRIVALS event=961 total=682
SIPM_ADC event=961 readout=2525 f1far=2376 f2near=2292 f2far=2761
SIPM_ARRIVALS event=684 total=659
SIPM_ADC event=684 readout=2096 f1far=2932 f2near=2328 f2far=2580
SIPM_ARRIVALS event=869 total=667
SIPM_ADC event=869 readout=2997 f1far=2178 f2near=2823 f2far=2510
SIPM_ARRIVALS event=653 total=663
SIPM_ADC event=653 readout=3229 f1far=3166 f2near=2627 f2far=2618
SIPM_ARRIVALS event=900 total=613
SIPM_ADC event=900 readout=1969 f1far=2669 f2near=2493 f2far=2397
SIPM_ARRIVALS event=530 total=749
SIPM_ADC event=530 readout=2938 f1far=3026 f2near=2710 f2far=2790
SIPM_ARRIVALS event=808 total=655
SIPM_ADC event=808 readout=2561 f1far=2566 f2near=2571 f2far=2459
SIPM_ARRIVALS event=561 total=785
SIPM_ADC event=561 readout=2734 f1far=2496 f2near=3224 f2far=3499
SIPM_ARRIVALS event=592 total=605
SIPM_ADC event=592 readout=2473 f1far=2636 f2near=2362 f2far=1993
SIPM_ARRIVALS event=931 total=683
SIPM_ADC event=931 readout=2880 f1far=2902 f2near=2163 f2far=2766
SIPM_ARRIVALS event=715 total=731
SIPM_ADC event=715 readout=2876 f1far=2795 f2near=3160 f2far=3378
SIPM_ARRIVALS event=500 total=739
SIPM_ADC event=500 readout=2597 f1far=2279 f2near=2614 f2far=3202
SIPM_ARRIVALS event=746 total=763
SIPM_ADC event=746 readout=2651 f1far=2377 f2near=3518 f2far=3241
SIPM_ARRIVALS event=777 total=797
SIPM_ADC event=777 readout=2882 f1far=3222 f2near=2420 f2far=2709
SIPM_ARRIVALS event=962 total=660
SIPM_ADC event=962 readout=2386 f1far=3134 f2near=2334 f2far=3070
SIPM_ARRIVALS event=838 total=1107
SIPM_ADC event=838 readout=3895 f1far=3895 f2near=3578 f2far=3895
SIPM_ARRIVALS event=685 total=685
SIPM_ADC event=685 readout=2208 f1far=2810 f2near=2658 f2far=3146
SIPM_ARRIVALS event=654 total=652
SIPM_ADC event=654 readout=2980 f1far=1889 f2near=3441 f2far=2449
SIPM_ARRIVALS event=870 total=680
SIPM_ADC event=870 readout=1875 f1far=2128 f2near=3274 f2far=3028
SIPM_ARRIVALS event=623 total=938
SIPM_ADC event=623 readout=3389 f1far=3424 f2near=2749 f2far=3895
SIPM_ARRIVALS event=901 total=707
SIPM_ADC event=901 readout=2987 f1far=2027 f2near=2241 f2far=3356
SIPM_ARRIVALS event=531 total=713
SIPM_ADC event=531 readout=2607 f1far=2806 f2near=2829 f2far=2826
SIPM_ARRIVALS event=593 total=599
SIPM_ADC event=593 readout=2626 f1far=2805 f2near=2101 f2far=2469
SIPM_ARRIVALS event=809 total=744
SIPM_ADC event=809 readout=3058 f1far=3400 f2near=2322 f2far=2425
SIPM_ARRIVALS event=562 total=692
SIPM_ADC event=562 readout=2841 f1far=3084 f2near=2438 f2far=3018
SIPM_ARRIVALS event=932 total=753
SIPM_ADC event=932 readout=2570 f1far=2328 f2near=3453 f2far=3285
SIPM_ARRIVALS event=716 total=665
SIPM_ADC event=716 readout=2095 f1far=2475 f2near=2617 f2far=2940
SIPM_ARRIVALS event=501 total=678
SIPM_ADC event=501 readout=1987 f1far=3831 f2near=2196 f2far=3152
SIPM_ARRIVALS event=778 total=646
SIPM_ADC event=778 readout=2186 f1far=3192 f2near=2687 f2far=2264
SIPM_ARRIVALS event=686 total=579
SIPM_ADC event=686 readout=2087 f1far=1820 f2near=1525 f2far=2388
SIPM_ARRIVALS event=747 total=797
SIPM_ADC event=747 readout=3709 f1far=3009 f2near=3341 f2far=2764
SIPM_ARRIVALS event=624 total=633
SIPM_ADC event=624 readout=3015 f1far=2172 f2near=2041 f2far=2701
SIPM_ARRIVALS event=963 total=713
SIPM_ADC event=963 readout=2299 f1far=2751 f2near=2896 f2far=3088
SIPM_ARRIVALS event=902 total=681
SIPM_ADC event=902 readout=2630 f1far=2771 f2near=2502 f2far=3124
SIPM_ARRIVALS event=871 total=751
SIPM_ADC event=871 readout=2969 f1far=2394 f2near=2913 f2far=3577
SIPM_ARRIVALS event=839 total=833
SIPM_ADC event=839 readout=3895 f1far=3372 f2near=3245 f2far=2887
SIPM_ARRIVALS event=532 total=615
SIPM_ADC event=532 readout=2344 f1far=2468 f2near=2782 f2far=2700
SIPM_ARRIVALS event=594 total=622
SIPM_ADC event=594 readout=2674 f1far=1913 f2near=2068 f2far=2407
SIPM_ARRIVALS event=655 total=924
SIPM_ADC event=655 readout=3097 f1far=3201 f2near=3589 f2far=3396
SIPM_ARRIVALS event=933 total=669
SIPM_ADC event=933 readout=2672 f1far=2501 f2near=2500 f2far=1674
SIPM_ARRIVALS event=810 total=793
SIPM_ADC event=810 readout=3526 f1far=3205 f2near=3465 f2far=3131
SIPM_ARRIVALS event=563 total=815
SIPM_ADC event=563 readout=3287 f1far=3632 f2near=3098 f2far=3225
SIPM_ARRIVALS event=717 total=718
SIPM_ADC event=717 readout=2857 f1far=2738 f2near=2394 f2far=2051
SIPM_ARRIVALS event=779 total=701
SIPM_ADC event=779 readout=2556 f1far=2764 f2near=2492 f2far=3895
SIPM_ARRIVALS event=687 total=675
SIPM_ADC event=687 readout=2599 f1far=2973 f2near=1971 f2far=2699
SIPM_ARRIVALS event=502 total=814
SIPM_ADC event=502 readout=3477 f1far=3701 f2near=3453 f2far=2437
SIPM_ARRIVALS event=625 total=602
SIPM_ADC event=625 readout=2599 f1far=2805 f2near=2541 f2far=2149
SIPM_ARRIVALS event=748 total=678
SIPM_ADC event=748 readout=3093 f1far=2449 f2near=2496 f2far=2173
SIPM_ARRIVALS event=964 total=669
SIPM_ADC event=964 readout=2333 f1far=2687 f2near=2640 f2far=2327
SIPM_ARRIVALS event=903 total=627
SIPM_ADC event=903 readout=2293 f1far=1664 f2near=1884 f2far=2569
SIPM_ARRIVALS event=840 total=635
SIPM_ADC event=840 readout=2501 f1far=2081 f2near=2641 f2far=2538
SIPM_ARRIVALS event=595 total=564
SIPM_ADC event=595 readout=1353 f1far=2185 f2near=2059 f2far=2361
SIPM_ARRIVALS event=533 total=626
SIPM_ADC event=533 readout=2851 f1far=2474 f2near=1984 f2far=2660
SIPM_ARRIVALS event=872 total=823
SIPM_ADC event=872 readout=2648 f1far=2277 f2near=3880 f2far=3347
SIPM_ARRIVALS event=656 total=672
SIPM_ADC event=656 readout=3018 f1far=2522 f2near=1913 f2far=3210
SIPM_ARRIVALS event=934 total=650
SIPM_ADC event=934 readout=2671 f1far=2143 f2near=2807 f2far=2433
SIPM_ARRIVALS event=811 total=717
SIPM_ADC event=811 readout=3615 f1far=2018 f2near=2570 f2far=2657
SIPM_ARRIVALS event=688 total=611
SIPM_ADC event=688 readout=2282 f1far=2120 f2near=2388 f2far=1834
SIPM_ARRIVALS event=749 total=639
SIPM_ADC event=749 readout=2785 f1far=2350 f2near=2674 f2far=2548
SIPM_ARRIVALS event=564 total=788
SIPM_ADC event=564 readout=2706 f1far=3600 f2near=2740 f2far=3218
SIPM_ARRIVALS event=718 total=740
SIPM_ADC event=718 readout=2850 f1far=2615 f2near=2620 f2far=2589
SIPM_ARRIVALS event=780 total=741
SIPM_ADC event=780 readout=2116 f1far=2813 f2near=2087 f2far=2991
SIPM_ARRIVALS event=626 total=717
SIPM_ADC event=626 readout=2933 f1far=2658 f2near=3071 f2far=2763
SIPM_ARRIVALS event=503 total=796
SIPM_ADC event=503 readout=3270 f1far=3050 f2near=2823 f2far=2953
SIPM_ARRIVALS event=841 total=665
SIPM_ADC event=841 readout=2732 f1far=2170 f2near=2797 f2far=2709
SIPM_ARRIVALS event=904 total=808
SIPM_ADC event=904 readout=2881 f1far=3139 f2near=2988 f2far=3062
SIPM_ARRIVALS event=965 total=826
SIPM_ADC event=965 readout=3809 f1far=2633 f2near=3444 f2far=2660
SIPM_ARRIVALS event=596 total=634
SIPM_ADC event=596 readout=2591 f1far=2607 f2near=2381 f2far=2911
SIPM_ARRIVALS event=873 total=743
SIPM_ADC event=873 readout=3383 f1far=2757 f2near=2181 f2far=3303
SIPM_ARRIVALS event=657 total=667
SIPM_ADC event=657 readout=2200 f1far=1608 f2near=2692 f2far=3100
SIPM_ARRIVALS event=534 total=817
SIPM_ADC event=534 readout=3665 f1far=2717 f2near=3779 f2far=3251
SIPM_ARRIVALS event=935 total=663
SIPM_ADC event=935 readout=2427 f1far=2455 f2near=2719 f2far=2613
SIPM_ARRIVALS event=812 total=692
SIPM_ADC event=812 readout=2786 f1far=2310 f2near=2285 f2far=2448
SIPM_ARRIVALS event=565 total=714
SIPM_ADC event=565 readout=3104 f1far=3276 f2near=2385 f2far=2436
SIPM_ARRIVALS event=750 total=739
SIPM_ADC event=750 readout=2099 f1far=2826 f2near=2884 f2far=2730
SIPM_ARRIVALS event=689 total=823
SIPM_ADC event=689 readout=3323 f1far=3235 f2near=3674 f2far=3237
SIPM_ARRIVALS event=627 total=673
SIPM_ADC event=627 readout=3453 f1far=2197 f2near=2279 f2far=2115
SIPM_ARRIVALS event=719 total=765
SIPM_ADC event=719 readout=3497 f1far=3352 f2near=2981 f2far=3100
SIPM_ARRIVALS event=905 total=588
SIPM_ADC event=905 readout=2561 f1far=2688 f2near=2461 f2far=2478
SIPM_ARRIVALS event=504 total=722
SIPM_ADC event=504 readout=2402 f1far=2961 f2near=2709 f2far=2856
SIPM_ARRIVALS event=966 total=613
SIPM_ADC event=966 readout=1989 f1far=1836 f2near=2641 f2far=2816
SIPM_ARRIVALS event=658 total=653
SIPM_ADC event=658 readout=2219 f1far=2117 f2near=2622 f2far=2528
SIPM_ARRIVALS event=597 total=826
SIPM_ADC event=597 readout=2972 f1far=3344 f2near=3383 f2far=3004
SIPM_ARRIVALS event=874 total=688
SIPM_ADC event=874 readout=3110 f1far=3359 f2near=1766 f2far=2469
SIPM_ARRIVALS event=781 total=1128
SIPM_ADC event=781 readout=3181 f1far=3895 f2near=3895 f2far=3895
SIPM_ARRIVALS event=535 total=704
SIPM_ADC event=535 readout=2863 f1far=2127 f2near=2587 f2far=3372
SIPM_ARRIVALS event=842 total=987
SIPM_ADC event=842 readout=3313 f1far=3600 f2near=3895 f2far=3748
SIPM_ARRIVALS event=936 total=733
SIPM_ADC event=936 readout=3096 f1far=3343 f2near=2511 f2far=3127
SIPM_ARRIVALS event=813 total=707
SIPM_ADC event=813 readout=2109 f1far=3340 f2near=2484 f2far=3406
SIPM_ARRIVALS event=690 total=644
SIPM_ADC event=690 readout=2854 f1far=2263 f2near=2826 f2far=2317
SIPM_ARRIVALS event=566 total=747
SIPM_ADC event=566 readout=2892 f1far=2551 f2near=2869 f2far=2886
SIPM_ARRIVALS event=628 total=681
SIPM_ADC event=628 readout=2300 f1far=2396 f2near=2573 f2far=3293
SIPM_ARRIVALS event=505 total=700
SIPM_ADC event=505 readout=3203 f1far=2700 f2near=2462 f2far=2434
SIPM_ARRIVALS event=967 total=666
SIPM_ADC event=967 readout=2601 f1far=3054 f2near=2603 f2far=2398
SIPM_ARRIVALS event=720 total=742
SIPM_ADC event=720 readout=3035 f1far=2492 f2near=2627 f2far=3619
SIPM_ARRIVALS event=906 total=798
SIPM_ADC event=906 readout=2990 f1far=2787 f2near=2145 f2far=3279
SIPM_ARRIVALS event=659 total=640
SIPM_ADC event=659 readout=2014 f1far=2959 f2near=2251 f2far=2580
SIPM_ARRIVALS event=875 total=663
SIPM_ADC event=875 readout=2900 f1far=2168 f2near=2084 f2far=2780
SIPM_ARRIVALS event=751 total=1161
SIPM_ADC event=751 readout=3570 f1far=3895 f2near=3403 f2far=3589
SIPM_ARRIVALS event=843 total=590
SIPM_ADC event=843 readout=1696 f1far=2637 f2near=1935 f2far=2573
SIPM_ARRIVALS event=536 total=704
SIPM_ADC event=536 readout=3260 f1far=2899 f2near=2873 f2far=2860
SIPM_ARRIVALS event=782 total=649
SIPM_ADC event=782 readout=2131 f1far=1853 f2near=3050 f2far=2396
SIPM_ARRIVALS event=937 total=642
SIPM_ADC event=937 readout=2614 f1far=2746 f2near=2249 f2far=2565
SIPM_ARRIVALS event=814 total=699
SIPM_ADC event=814 readout=2805 f1far=2998 f2near=2516 f2far=2601
SIPM_ARRIVALS event=691 total=642
SIPM_ADC event=691 readout=2423 f1far=2468 f2near=2855 f2far=2449
SIPM_ARRIVALS event=629 total=651
SIPM_ADC event=629 readout=2886 f1far=2913 f2near=2761 f2far=2887
SIPM_ARRIVALS event=598 total=1003
SIPM_ADC event=598 readout=3024 f1far=3895 f2near=3895 f2far=3895
SIPM_ARRIVALS event=567 total=746
SIPM_ADC event=567 readout=3437 f1far=3295 f2near=2881 f2far=3221
SIPM_ARRIVALS event=968 total=700
SIPM_ADC event=968 readout=2562 f1far=2658 f2near=2545 f2far=3534
SIPM_ARRIVALS event=721 total=703
SIPM_ADC event=721 readout=2337 f1far=2405 f2near=2668 f2far=2713
SIPM_ARRIVALS event=506 total=757
SIPM_ADC event=506 readout=3227 f1far=2785 f2near=2502 f2far=2972
SIPM_ARRIVALS event=907 total=718
SIPM_ADC event=907 readout=1932 f1far=3157 f2near=2853 f2far=2727
SIPM_ARRIVALS event=876 total=600
SIPM_ADC event=876 readout=2387 f1far=2622 f2near=1810 f2far=2406
SIPM_ARRIVALS event=660 total=655
SIPM_ADC event=660 readout=2898 f1far=2691 f2near=2883 f2far=2851
SIPM_ARRIVALS event=752 total=687
SIPM_ADC event=752 readout=2495 f1far=2669 f2near=2992 f2far=2526
SIPM_ARRIVALS event=537 total=680
SIPM_ADC event=537 readout=3075 f1far=2784 f2near=3095 f2far=2432
SIPM_ARRIVALS event=844 total=727
SIPM_ADC event=844 readout=3091 f1far=2895 f2near=2755 f2far=2784
SIPM_ARRIVALS event=815 total=637
SIPM_ADC event=815 readout=3037 f1far=1523 f2near=2495 f2far=2576
SIPM_ARRIVALS event=783 total=794
SIPM_ADC event=783 readout=3194 f1far=2769 f2near=2988 f2far=2255
SIPM_ARRIVALS event=692 total=701
SIPM_ADC event=692 readout=2647 f1far=2192 f2near=2741 f2far=2375
SIPM_ARRIVALS event=938 total=989
SIPM_ADC event=938 readout=2914 f1far=3591 f2near=2616 f2far=3895
SIPM_ARRIVALS event=630 total=715
SIPM_ADC event=630 readout=3112 f1far=2756 f2near=2860 f2far=2476
SIPM_ARRIVALS event=969 total=691
SIPM_ADC event=969 readout=2587 f1far=2701 f2near=2569 f2far=2226
SIPM_ARRIVALS event=599 total=890
SIPM_ADC event=599 readout=3468 f1far=2925 f2near=3723 f2far=3394
SIPM_ARRIVALS event=507 total=668
SIPM_ADC event=507 readout=2537 f1far=2367 f2near=2419 f2far=2692
SIPM_ARRIVALS event=568 total=883
SIPM_ADC event=568 readout=3469 f1far=2850 f2near=3113 f2far=2916
SIPM_ARRIVALS event=877 total=667
SIPM_ADC event=877 readout=3058 f1far=2608 f2near=2258 f2far=2000
SIPM_ARRIVALS event=908 total=745
SIPM_ADC event=908 readout=3035 f1far=2915 f2near=2437 f2far=2026
SIPM_ARRIVALS event=722 total=790
SIPM_ADC event=722 readout=3287 f1far=3895 f2near=2947 f2far=2438
SIPM_ARRIVALS event=538 total=643
SIPM_ADC event=538 readout=1968 f1far=2536 f2near=2839 f2far=2721
SIPM_ARRIVALS event=661 total=792
SIPM_ADC event=661 readout=3166 f1far=3434 f2near=2089 f2far=2620
SIPM_ARRIVALS event=753 total=755
SIPM_ADC event=753 readout=1945 f1far=3266 f2near=2722 f2far=2992
SIPM_ARRIVALS event=816 total=695
SIPM_ADC event=816 readout=2044 f1far=3301 f2near=3173 f2far=2264
SIPM_ARRIVALS event=845 total=714
SIPM_ADC event=845 readout=2477 f1far=2895 f2near=2736 f2far=2470
SIPM_ARRIVALS event=784 total=713
SIPM_ADC event=784 readout=3013 f1far=2761 f2near=2414 f2far=2655
SIPM_ARRIVALS event=693 total=701
SIPM_ADC event=693 readout=2736 f1far=2300 f2near=2986 f2far=2160
SIPM_ARRIVALS event=631 total=618
SIPM_ADC event=631 readout=2708 f1far=2666 f2near=2679 f2far=1765
SIPM_ARRIVALS event=939 total=686
SIPM_ADC event=939 readout=2667 f1far=2469 f2near=2088 f2far=3275
SIPM_ARRIVALS event=508 total=716
SIPM_ADC event=508 readout=2579 f1far=3016 f2near=2455 f2far=3322
SIPM_ARRIVALS event=970 total=693
SIPM_ADC event=970 readout=1915 f1far=3383 f2near=1847 f2far=2694
SIPM_ARRIVALS event=600 total=694
SIPM_ADC event=600 readout=2097 f1far=2521 f2near=2914 f2far=2209
SIPM_ARRIVALS event=539 total=692
SIPM_ADC event=539 readout=2457 f1far=1907 f2near=2198 f2far=2602
SIPM_ARRIVALS event=817 total=635
SIPM_ADC event=817 readout=2023 f1far=2014 f2near=2210 f2far=3544
SIPM_ARRIVALS event=723 total=794
SIPM_ADC event=723 readout=3702 f1far=3895 f2near=3148 f2far=3712
SIPM_ARRIVALS event=785 total=653
SIPM_ADC event=785 readout=2560 f1far=2426 f2near=2203 f2far=2401
SIPM_ARRIVALS event=569 total=830
SIPM_ADC event=569 readout=3483 f1far=3364 f2near=3716 f2far=2735
SIPM_ARRIVALS event=754 total=806
SIPM_ADC event=754 readout=3098 f1far=2768 f2near=3878 f2far=3895
SIPM_ARRIVALS event=662 total=795
SIPM_ARRIVALS event=878 total=993
SIPM_ADC event=662 readout=3226 f1far=3452 f2near=3174 f2far=3044
SIPM_ADC event=878 readout=3895 f1far=3895 f2near=2686 f2far=3895
SIPM_ARRIVALS event=846 total=671
SIPM_ADC event=846 readout=2165 f1far=2022 f2near=2575 f2far=2489
SIPM_ARRIVALS event=909 total=993
SIPM_ADC event=909 readout=3895 f1far=3895 f2near=3778 f2far=3562
SIPM_ARRIVALS event=940 total=694
SIPM_ADC event=940 readout=3779 f1far=2550 f2near=3687 f2far=2200
SIPM_ARRIVALS event=694 total=735
SIPM_ADC event=694 readout=2604 f1far=2778 f2near=3434 f2far=2528
SIPM_ARRIVALS event=632 total=683
SIPM_ADC event=632 readout=2294 f1far=2499 f2near=2824 f2far=3895
SIPM_ARRIVALS event=971 total=685
SIPM_ADC event=971 readout=3049 f1far=1728 f2near=3158 f2far=3403
SIPM_ARRIVALS event=540 total=641
SIPM_ADC event=540 readout=3079 f1far=2339 f2near=2583 f2far=1907
SIPM_ARRIVALS event=601 total=906
SIPM_ADC event=601 readout=3302 f1far=3495 f2near=2790 f2far=3141
SIPM_ARRIVALS event=509 total=970
SIPM_ADC event=509 readout=3397 f1far=3562 f2near=2861 f2far=3657
SIPM_ARRIVALS event=755 total=666
SIPM_ADC event=755 readout=2367 f1far=2862 f2near=2708 f2far=2786
SIPM_ARRIVALS event=786 total=727
SIPM_ADC event=786 readout=2728 f1far=2473 f2near=3020 f2far=3241
SIPM_ARRIVALS event=910 total=577
SIPM_ADC event=910 readout=1723 f1far=2111 f2near=1774 f2far=2209
SIPM_ARRIVALS event=724 total=805
SIPM_ADC event=724 readout=2913 f1far=3015 f2near=3029 f2far=3625
SIPM_ARRIVALS event=663 total=639
SIPM_ADC event=663 readout=2030 f1far=2289 f2near=2459 f2far=2664
SIPM_ARRIVALS event=879 total=693
SIPM_ADC event=879 readout=2826 f1far=2415 f2near=2546 f2far=3501
SIPM_ARRIVALS event=818 total=819
SIPM_ADC event=818 readout=2979 f1far=3616 f2near=3256 f2far=3534
SIPM_ARRIVALS event=847 total=667
SIPM_ADC event=847 readout=2948 f1far=2237 f2near=2586 f2far=2366
SIPM_ARRIVALS event=570 total=808
SIPM_ADC event=570 readout=2839 f1far=2899 f2near=3483 f2far=3895
SIPM_ARRIVALS event=941 total=729
SIPM_ADC event=941 readout=3437 f1far=2377 f2near=3224 f2far=2918
SIPM_ARRIVALS event=695 total=700
SIPM_ADC event=695 readout=2654 f1far=2728 f2near=1787 f2far=2732
SIPM_ARRIVALS event=633 total=697
SIPM_ADC event=633 readout=2794 f1far=2648 f2near=2434 f2far=1869
SIPM_ARRIVALS event=972 total=673
SIPM_ADC event=972 readout=2855 f1far=2534 f2near=2230 f2far=1970
SIPM_ARRIVALS event=602 total=628
SIPM_ADC event=602 readout=1960 f1far=2010 f2near=1682 f2far=2249
SIPM_ARRIVALS event=756 total=626
SIPM_ADC event=756 readout=2296 f1far=2065 f2near=1778 f2far=2824
SIPM_ARRIVALS event=880 total=625
SIPM_ADC event=880 readout=2742 f1far=2338 f2near=2270 f2far=1973
SIPM_ARRIVALS event=787 total=669
SIPM_ADC event=787 readout=1795 f1far=2248 f2near=1836 f2far=3695
SIPM_ARRIVALS event=541 total=843
SIPM_ADC event=541 readout=3112 f1far=2947 f2near=3372 f2far=3821
SIPM_ARRIVALS event=819 total=666
SIPM_ADC event=819 readout=2256 f1far=2719 f2near=2188 f2far=3170
SIPM_ARRIVALS event=664 total=645
SIPM_ADC event=664 readout=1879 f1far=2479 f2near=2692 f2far=2899
SIPM_ARRIVALS event=725 total=772
SIPM_ADC event=725 readout=3149 f1far=2144 f2near=2955 f2far=3126
SIPM_ARRIVALS event=848 total=738
SIPM_ADC event=848 readout=3190 f1far=2992 f2near=2818 f2far=2976
SIPM_ARRIVALS event=911 total=840
SIPM_ADC event=911 readout=3014 f1far=3397 f2near=3895 f2far=2505
SIPM_ARRIVALS event=510 total=855
SIPM_ADC event=510 readout=2872 f1far=3566 f2near=3695 f2far=3895
SIPM_ARRIVALS event=696 total=599
SIPM_ADC event=696 readout=2363 f1far=2538 f2near=2739 f2far=2072
SIPM_ARRIVALS event=571 total=900
SIPM_ADC event=571 readout=3544 f1far=3261 f2near=3795 f2far=2845
SIPM_ARRIVALS event=942 total=665
SIPM_ADC event=942 readout=1979 f1far=2657 f2near=3053 f2far=2844
SIPM_ARRIVALS event=634 total=631
SIPM_ADC event=634 readout=3005 f1far=2252 f2near=2748 f2far=3034
SIPM_ARRIVALS event=973 total=633
SIPM_ADC event=973 readout=2919 f1far=2222 f2near=2536 f2far=1956
SIPM_ARRIVALS event=757 total=698
SIPM_ADC event=757 readout=2687 f1far=2515 f2near=2460 f2far=3644
SIPM_ARRIVALS event=603 total=898
SIPM_ADC event=603 readout=3631 f1far=3058 f2near=3411 f2far=3248
SIPM_ARRIVALS event=788 total=735
SIPM_ADC event=788 readout=2763 f1far=2770 f2near=2656 f2far=3060
SIPM_ARRIVALS event=665 total=726
SIPM_ADC event=665 readout=3136 f1far=2483 f2near=3165 f2far=1761
SIPM_ARRIVALS event=726 total=680
SIPM_ADC event=726 readout=3137 f1far=2384 f2near=2424 f2far=3057
SIPM_ARRIVALS event=542 total=713
SIPM_ADC event=542 readout=2191 f1far=2550 f2near=2403 f2far=2119
SIPM_ARRIVALS event=511 total=597
SIPM_ADC event=511 readout=2946 f1far=1908 f2near=2789 f2far=2639
SIPM_ARRIVALS event=820 total=746
SIPM_ADC event=820 readout=2430 f1far=2816 f2near=2901 f2far=3232
SIPM_ARRIVALS event=849 total=677
SIPM_ADC event=849 readout=2443 f1far=2990 f2near=2196 f2far=3225
SIPM_ARRIVALS event=881 total=922
SIPM_ADC event=881 readout=3895 f1far=3710 f2near=3482 f2far=3366
SIPM_ARRIVALS event=943 total=668
SIPM_ADC event=943 readout=2697 f1far=2283 f2near=2227 f2far=2790
SIPM_ARRIVALS event=572 total=673
SIPM_ADC event=572 readout=2372 f1far=2845 f2near=2776 f2far=2202
SIPM_ARRIVALS event=912 total=782
SIPM_ADC event=912 readout=2719 f1far=3158 f2near=3037 f2far=2827
SIPM_ARRIVALS event=697 total=887
SIPM_ADC event=697 readout=3895 f1far=3531 f2near=3567 f2far=2992
SIPM_ARRIVALS event=635 total=827
SIPM_ADC event=635 readout=3809 f1far=2953 f2near=3739 f2far=2932
SIPM_ARRIVALS event=974 total=899
SIPM_ADC event=974 readout=3802 f1far=3823 f2near=3782 f2far=3895
SIPM_ARRIVALS event=789 total=655
SIPM_ADC event=789 readout=3051 f1far=1800 f2near=2321 f2far=2345
SIPM_ARRIVALS event=821 total=630
SIPM_ADC event=821 readout=2002 f1far=2990 f2near=2672 f2far=2607
SIPM_ARRIVALS event=512 total=604
SIPM_ADC event=512 readout=2584 f1far=3207 f2near=2537 f2far=2248
SIPM_ARRIVALS event=727 total=664
SIPM_ADC event=727 readout=2414 f1far=2083 f2near=3376 f2far=2109
SIPM_ARRIVALS event=758 total=804
SIPM_ADC event=758 readout=3362 f1far=3147 f2near=2994 f2far=3147
SIPM_ARRIVALS event=666 total=667
SIPM_ADC event=666 readout=2073 f1far=1926 f2near=2757 f2far=3504
SIPM_ARRIVALS event=850 total=661
SIPM_ADC event=850 readout=3107 f1far=2393 f2near=2089 f2far=2848
SIPM_ARRIVALS event=604 total=796
SIPM_ADC event=604 readout=2964 f1far=2983 f2near=3244 f2far=2196
SIPM_ARRIVALS event=543 total=868
SIPM_ADC event=543 readout=2726 f1far=3422 f2near=3297 f2far=3579
SIPM_ARRIVALS event=882 total=739
SIPM_ADC event=882 readout=1880 f1far=2621 f2near=3039 f2far=2784
SIPM_ARRIVALS event=573 total=663
SIPM_ADC event=573 readout=2390 f1far=2453 f2near=2543 f2far=2180
SIPM_ARRIVALS event=636 total=652
SIPM_ADC event=636 readout=2559 f1far=1549 f2near=2436 f2far=2782
SIPM_ARRIVALS event=698 total=581
SIPM_ADC event=698 readout=2289 f1far=2388 f2near=1978 f2far=2253
SIPM_ARRIVALS event=944 total=771
SIPM_ADC event=944 readout=2953 f1far=3222 f2near=3097 f2far=3529
SIPM_ARRIVALS event=913 total=727
SIPM_ADC event=913 readout=3309 f1far=3135 f2near=2690 f2far=1954
SIPM_ARRIVALS event=975 total=680
SIPM_ADC event=975 readout=2625 f1far=2953 f2near=2608 f2far=2263
SIPM_ARRIVALS event=790 total=673
SIPM_ADC event=790 readout=2668 f1far=3000 f2near=1788 f2far=2619
SIPM_ARRIVALS event=822 total=733
SIPM_ADC event=822 readout=3406 f1far=3682 f2near=2477 f2far=2487
SIPM_ARRIVALS event=851 total=718
SIPM_ADC event=851 readout=2229 f1far=3433 f2near=3217 f2far=3367
SIPM_ARRIVALS event=605 total=695
SIPM_ADC event=605 readout=2611 f1far=2971 f2near=3430 f2far=2720
SIPM_ARRIVALS event=513 total=799
SIPM_ADC event=513 readout=2495 f1far=3252 f2near=2983 f2far=3558
SIPM_ARRIVALS event=759 total=753
SIPM_ADC event=759 readout=2902 f1far=2495 f2near=2855 f2far=2669
SIPM_ARRIVALS event=667 total=734
SIPM_ADC event=667 readout=2861 f1far=2832 f2near=2454 f2far=2909
SIPM_ARRIVALS event=544 total=726
SIPM_ADC event=544 readout=3522 f1far=2490 f2near=3439 f2far=3648
SIPM_ARRIVALS event=574 total=659
SIPM_ADC event=574 readout=2297 f1far=2350 f2near=2880 f2far=2995
SIPM_ARRIVALS event=728 total=958
SIPM_ADC event=728 readout=2561 f1far=3063 f2near=3526 f2far=3407
SIPM_ARRIVALS event=699 total=714
SIPM_ADC event=699 readout=3251 f1far=2653 f2near=2223 f2far=2874
SIPM_ARRIVALS event=637 total=717
SIPM_ADC event=637 readout=3287 f1far=2583 f2near=3389 f2far=2603
SIPM_ARRIVALS event=883 total=888
SIPM_ADC event=883 readout=3774 f1far=3184 f2near=3666 f2far=3392
SIPM_ARRIVALS event=945 total=723
SIPM_ADC event=945 readout=1796 f1far=2898 f2near=2697 f2far=2508
SIPM_ARRIVALS event=914 total=782
SIPM_ADC event=914 readout=3262 f1far=2747 f2near=3675 f2far=3270
SIPM_ARRIVALS event=976 total=720
SIPM_ADC event=976 readout=3048 f1far=3550 f2near=2531 f2far=3241
SIPM_ARRIVALS event=760 total=641
SIPM_ADC event=760 readout=3326 f1far=2689 f2near=2555 f2far=2745
SIPM_ARRIVALS event=823 total=687
SIPM_ADC event=823 readout=2692 f1far=1420 f2near=2571 f2far=3273
SIPM_ARRIVALS event=545 total=625
SIPM_ADC event=545 readout=2842 f1far=2185 f2near=2778 f2far=2426
SIPM_ARRIVALS event=606 total=777
SIPM_ADC event=606 readout=3170 f1far=3345 f2near=2691 f2far=2530
SIPM_ARRIVALS event=852 total=698
SIPM_ADC event=852 readout=2537 f1far=3063 f2near=2271 f2far=2241
SIPM_ARRIVALS event=791 total=936
SIPM_ADC event=791 readout=3034 f1far=2994 f2near=2241 f2far=3756
SIPM_ARRIVALS event=575 total=668
SIPM_ADC event=575 readout=3238 f1far=2426 f2near=2615 f2far=2025
SIPM_ARRIVALS event=514 total=788
SIPM_ADC event=514 readout=3119 f1far=2472 f2near=2816 f2far=3393
SIPM_ARRIVALS event=668 total=705
SIPM_ADC event=668 readout=3165 f1far=2295 f2near=2084 f2far=2816
SIPM_ARRIVALS event=729 total=618
SIPM_ADC event=729 readout=2375 f1far=2654 f2near=2452 f2far=1759
SIPM_ARRIVALS event=638 total=718
SIPM_ADC event=638 readout=2914 f1far=2918 f2near=2409 f2far=3731
SIPM_ARRIVALS event=884 total=721
SIPM_ADC event=884 readout=1980 f1far=2228 f2near=2673 f2far=2730
SIPM_ARRIVALS event=700 total=755
SIPM_ADC event=700 readout=3244 f1far=3387 f2near=2763 f2far=2050
SIPM_ARRIVALS event=946 total=713
SIPM_ADC event=946 readout=2809 f1far=2546 f2near=2664 f2far=2045
SIPM_ARRIVALS event=915 total=652
SIPM_ADC event=915 readout=2275 f1far=2614 f2near=2227 f2far=2224
SIPM_ARRIVALS event=977 total=673
SIPM_ADC event=977 readout=2176 f1far=2605 f2near=2117 f2far=2429
SIPM_ARRIVALS event=824 total=649
SIPM_ADC event=824 readout=2320 f1far=2014 f2near=2878 f2far=2199
SIPM_ARRIVALS event=607 total=633
SIPM_ADC event=607 readout=1834 f1far=2937 f2near=2404 f2far=2505
SIPM_ARRIVALS event=792 total=653
SIPM_ADC event=792 readout=3549 f1far=1995 f2near=2716 f2far=2719
SIPM_ARRIVALS event=853 total=664
SIPM_ADC event=853 readout=2685 f1far=1867 f2near=2415 f2far=3093
SIPM_ARRIVALS event=546 total=766
SIPM_ADC event=546 readout=3071 f1far=2598 f2near=2537 f2far=2568
SIPM_ARRIVALS event=761 total=852
SIPM_ADC event=761 readout=2614 f1far=2893 f2near=3419 f2far=2900
SIPM_ARRIVALS event=669 total=612
SIPM_ADC event=669 readout=2291 f1far=2098 f2near=2549 f2far=1978
SIPM_ARRIVALS event=730 total=653
SIPM_ADC event=730 readout=2483 f1far=2841 f2near=2633 f2far=2343
SIPM_ARRIVALS event=576 total=838
SIPM_ADC event=576 readout=3153 f1far=3895 f2near=2572 f2far=2207
SIPM_ARRIVALS event=947 total=681
SIPM_ADC event=947 readout=2841 f1far=2584 f2near=2585 f2far=2868
SIPM_ARRIVALS event=885 total=674
SIPM_ADC event=885 readout=3287 f1far=2928 f2near=2702 f2far=1632
SIPM_ARRIVALS event=701 total=691
SIPM_ADC event=701 readout=1892 f1far=2565 f2near=2191 f2far=3191
SIPM_ARRIVALS event=916 total=769
SIPM_ADC event=916 readout=2737 f1far=2994 f2near=2812 f2far=3043
SIPM_ARRIVALS event=978 total=774
SIPM_ADC event=978 readout=2481 f1far=2526 f2near=2321 f2far=2860
SIPM_ARRIVALS event=639 total=870
SIPM_ADC event=639 readout=3173 f1far=3011 f2near=3127 f2far=3895
SIPM_ARRIVALS event=825 total=578
SIPM_ADC event=825 readout=2405 f1far=2267 f2near=2606 f2far=2516
SIPM_ARRIVALS event=515 total=1236
SIPM_ADC event=515 readout=3638 f1far=3895 f2near=3895 f2far=3895
SIPM_ARRIVALS event=854 total=675
SIPM_ADC event=854 readout=2375 f1far=2927 f2near=2396 f2far=2216
SIPM_ARRIVALS event=793 total=735
SIPM_ADC event=793 readout=2847 f1far=2842 f2near=2982 f2far=2896
SIPM_ARRIVALS event=762 total=684
SIPM_ADC event=762 readout=2604 f1far=2707 f2near=2820 f2far=2978
SIPM_ARRIVALS event=608 total=755
SIPM_ADC event=608 readout=2514 f1far=2459 f2near=2032 f2far=2970
SIPM_ARRIVALS event=547 total=752
SIPM_ADC event=547 readout=2512 f1far=3642 f2near=2976 f2far=3034
SIPM_ARRIVALS event=670 total=631
SIPM_ADC event=670 readout=2548 f1far=2455 f2near=2201 f2far=2340
SIPM_ARRIVALS event=731 total=667
SIPM_ADC event=731 readout=3415 f1far=2312 f2near=2812 f2far=1962
SIPM_ARRIVALS event=948 total=643
SIPM_ADC event=948 readout=1874 f1far=2551 f2near=2814 f2far=2214
SIPM_ARRIVALS event=577 total=752
SIPM_ADC event=577 readout=2982 f1far=3302 f2near=3021 f2far=2472
SIPM_ARRIVALS event=702 total=662
SIPM_ADC event=702 readout=2160 f1far=2045 f2near=2444 f2far=2514
SIPM_ARRIVALS event=886 total=640
SIPM_ADC event=886 readout=2490 f1far=1645 f2near=2607 f2far=2519
SIPM_ARRIVALS event=917 total=603
SIPM_ADC event=917 readout=1877 f1far=2298 f2near=2229 f2far=3044
SIPM_ARRIVALS event=979 total=569
SIPM_ADC event=979 readout=2040 f1far=1864 f2near=2319 f2far=2230
SIPM_ARRIVALS event=826 total=651
SIPM_ADC event=826 readout=1975 f1far=2268 f2near=3441 f2far=2559
SIPM_ARRIVALS event=640 total=723
SIPM_ADC event=640 readout=2527 f1far=2338 f2near=3040 f2far=2541
SIPM_ARRIVALS event=794 total=680
SIPM_ADC event=794 readout=2211 f1far=2029 f2near=3359 f2far=3234
SIPM_ARRIVALS event=609 total=653
SIPM_ADC event=609 readout=2859 f1far=2314 f2near=1310 f2far=3057
SIPM_ARRIVALS event=763 total=740
SIPM_ADC event=763 readout=2539 f1far=2160 f2near=2292 f2far=2825
SIPM_ARRIVALS event=548 total=697
SIPM_ADC event=548 readout=2495 f1far=3282 f2near=2846 f2far=2834
SIPM_ARRIVALS event=516 total=899
SIPM_ADC event=516 readout=2869 f1far=3279 f2near=3895 f2far=3619
SIPM_ARRIVALS event=671 total=760
SIPM_ADC event=671 readout=2569 f1far=3490 f2near=3160 f2far=2121
SIPM_ARRIVALS event=949 total=665
SIPM_ADC event=949 readout=2633 f1far=2500 f2near=2285 f2far=2170
SIPM_ARRIVALS event=855 total=961
SIPM_ADC event=855 readout=3795 f1far=3762 f2near=3305 f2far=3529
SIPM_ARRIVALS event=578 total=650
SIPM_ADC event=578 readout=1800 f1far=2913 f2near=2537 f2far=2209
SIPM_ARRIVALS event=887 total=683
SIPM_ADC event=887 readout=2949 f1far=2939 f2near=3012 f2far=2109
SIPM_ARRIVALS event=732 total=850
SIPM_ADC event=732 readout=2993 f1far=3678 f2near=3452 f2far=2843
SIPM_ARRIVALS event=703 total=700
SIPM_ADC event=703 readout=2910 f1far=2788 f2near=2382 f2far=2769
SIPM_ARRIVALS event=980 total=742
SIPM_ADC event=980 readout=2945 f1far=2880 f2near=3079 f2far=2582
SIPM_ARRIVALS event=918 total=733
SIPM_ADC event=918 readout=2196 f1far=2998 f2near=2854 f2far=2433
SIPM_ARRIVALS event=827 total=867
SIPM_ADC event=827 readout=3713 f1far=3314 f2near=3802 f2far=2360
SIPM_ARRIVALS event=641 total=810
SIPM_ADC event=641 readout=2859 f1far=3369 f2near=3197 f2far=2936
SIPM_ARRIVALS event=549 total=615
SIPM_ADC event=549 readout=2411 f1far=2894 f2near=1949 f2far=2312
SIPM_ARRIVALS event=517 total=629
SIPM_ADC event=517 readout=2580 f1far=2418 f2near=1567 f2far=3059
SIPM_ARRIVALS event=764 total=700
SIPM_ADC event=764 readout=3895 f1far=3147 f2near=2525 f2far=2083
SIPM_ARRIVALS event=795 total=830
SIPM_ADC event=795 readout=3543 f1far=3004 f2near=2560 f2far=1982
SIPM_ARRIVALS event=610 total=848
SIPM_ADC event=610 readout=3895 f1far=3193 f2near=2564 f2far=3227
SIPM_ARRIVALS event=704 total=611
SIPM_ADC event=704 readout=2716 f1far=2443 f2near=2676 f2far=2420
SIPM_ARRIVALS event=733 total=660
SIPM_ADC event=733 readout=2353 f1far=3037 f2near=2623 f2far=2188
SIPM_ARRIVALS event=950 total=805
SIPM_ADC event=950 readout=3443 f1far=2959 f2near=3125 f2far=2691
SIPM_ARRIVALS event=672 total=748
SIPM_ADC event=672 readout=3605 f1far=2523 f2near=2532 f2far=3191
SIPM_ARRIVALS event=888 total=710
SIPM_ADC event=888 readout=2475 f1far=3223 f2near=2352 f2far=2206
SIPM_ARRIVALS event=856 total=862
SIPM_ADC event=856 readout=3407 f1far=2907 f2near=3895 f2far=2510
SIPM_ARRIVALS event=919 total=664
SIPM_ADC event=919 readout=2094 f1far=2368 f2near=2450 f2far=3010
SIPM_ARRIVALS event=981 total=670
SIPM_ADC event=981 readout=2223 f1far=2262 f2near=3222 f2far=2211
SIPM_ARRIVALS event=579 total=839
SIPM_ADC event=579 readout=2801 f1far=3895 f2near=2523 f2far=3337
SIPM_ARRIVALS event=828 total=650
SIPM_ADC event=828 readout=2232 f1far=2376 f2near=2816 f2far=1929
SIPM_ARRIVALS event=550 total=673
SIPM_ADC event=550 readout=2125 f1far=3357 f2near=2940 f2far=1812
SIPM_ARRIVALS event=518 total=711
SIPM_ADC event=518 readout=2975 f1far=2572 f2near=3827 f2far=2467
SIPM_ARRIVALS event=642 total=809
SIPM_ADC event=642 readout=2851 f1far=3177 f2near=3271 f2far=2721
SIPM_ARRIVALS event=796 total=655
SIPM_ADC event=796 readout=2687 f1far=1999 f2near=3037 f2far=2094
SIPM_ARRIVALS event=765 total=664
SIPM_ADC event=765 readout=2489 f1far=2641 f2near=3161 f2far=2434
SIPM_ARRIVALS event=705 total=623
SIPM_ADC event=705 readout=2427 f1far=1843 f2near=2878 f2far=2399
SIPM_ARRIVALS event=951 total=692
SIPM_ADC event=951 readout=2259 f1far=2583 f2near=3594 f2far=2552
SIPM_ARRIVALS event=673 total=734
SIPM_ADC event=673 readout=2887 f1far=2609 f2near=3001 f2far=3331
SIPM_ARRIVALS event=611 total=730
SIPM_ADC event=611 readout=2790 f1far=3141 f2near=2754 f2far=2882
SIPM_ARRIVALS event=734 total=773
SIPM_ADC event=734 readout=3311 f1far=2886 f2near=2684 f2far=3022
SIPM_ARRIVALS event=580 total=621
SIPM_ADC event=580 readout=2870 f1far=2287 f2near=1988 f2far=1632
SIPM_ARRIVALS event=889 total=809
SIPM_ADC event=889 readout=2854 f1far=3349 f2near=3080 f2far=3259
SIPM_ARRIVALS event=920 total=764
SIPM_ADC event=920 readout=2526 f1far=2495 f2near=2407 f2far=2711
SIPM_ARRIVALS event=829 total=700
SIPM_ADC event=829 readout=2594 f1far=2083 f2near=2609 f2far=3103
SIPM_ARRIVALS event=857 total=882
SIPM_ADC event=857 readout=3895 f1far=3806 f2near=3895 f2far=2701
SIPM_ARRIVALS event=982 total=906
SIPM_ADC event=982 readout=2925 f1far=3763 f2near=2877 f2far=3895
SIPM_ARRIVALS event=519 total=689
SIPM_ADC event=519 readout=2492 f1far=2393 f2near=2556 f2far=3032
SIPM_ARRIVALS event=551 total=734
SIPM_ADC event=551 readout=3198 f1far=2837 f2near=2887 f2far=3059
SIPM_ARRIVALS event=643 total=679
SIPM_ADC event=643 readout=2912 f1far=2059 f2near=3114 f2far=2570
SIPM_ARRIVALS event=706 total=667
SIPM_ADC event=706 readout=3400 f1far=2750 f2near=2588 f2far=1240
SIPM_ARRIVALS event=766 total=618
SIPM_ADC event=766 readout=1698 f1far=2663 f2near=1901 f2far=2782
SIPM_ARRIVALS event=797 total=742
SIPM_ADC event=797 readout=2320 f1far=2449 f2near=2491 f2far=2876
SIPM_ARRIVALS event=612 total=592
SIPM_ADC event=612 readout=1700 f1far=1774 f2near=2395 f2far=2765
SIPM_ARRIVALS event=674 total=637
SIPM_ADC event=674 readout=3890 f1far=2346 f2near=1350 f2far=2790
SIPM_ARRIVALS event=735 total=676
SIPM_ADC event=735 readout=2052 f1far=2663 f2near=2714 f2far=3297
SIPM_ARRIVALS event=581 total=691
SIPM_ADC event=581 readout=2105 f1far=2418 f2near=2714 f2far=2620
SIPM_ARRIVALS event=952 total=767
SIPM_ADC event=952 readout=2990 f1far=3012 f2near=3683 f2far=3197
SIPM_ARRIVALS event=890 total=673
SIPM_ADC event=890 readout=2019 f1far=2630 f2near=2933 f2far=2850
SIPM_ARRIVALS event=921 total=588
SIPM_ADC event=921 readout=2149 f1far=2777 f2near=2120 f2far=2217
SIPM_ARRIVALS event=830 total=729
SIPM_ADC event=830 readout=2292 f1far=2674 f2near=2346 f2far=3134
SIPM_ARRIVALS event=983 total=630
SIPM_ADC event=983 readout=2092 f1far=3078 f2near=2844 f2far=3072
SIPM_ARRIVALS event=858 total=737
SIPM_ADC event=858 readout=2729 f1far=2555 f2near=2593 f2far=2579
SIPM_ARRIVALS event=520 total=684
SIPM_ADC event=520 readout=3256 f1far=2175 f2near=2653 f2far=2760
SIPM_ARRIVALS event=552 total=688
SIPM_ADC event=552 readout=2146 f1far=3002 f2near=2664 f2far=2017
SIPM_ARRIVALS event=707 total=569
SIPM_ADC event=707 readout=2953 f1far=2267 f2near=1972 f2far=2072
SIPM_ARRIVALS event=767 total=622
SIPM_ADC event=767 readout=2087 f1far=2670 f2near=2556 f2far=2308
SIPM_ARRIVALS event=644 total=752
SIPM_ADC event=644 readout=3395 f1far=2548 f2near=2783 f2far=2467
SIPM_ARRIVALS event=798 total=697
SIPM_ADC event=798 readout=2976 f1far=2720 f2near=2892 f2far=2513
SIPM_ARRIVALS event=675 total=618
SIPM_ADC event=675 readout=2649 f1far=2932 f2near=2368 f2far=1261
SIPM_ARRIVALS event=613 total=650
SIPM_ADC event=613 readout=2819 f1far=2619 f2near=2735 f2far=3116
SIPM_ARRIVALS event=736 total=652
SIPM_ADC event=736 readout=1691 f1far=2914 f2near=3037 f2far=2798
SIPM_ARRIVALS event=953 total=585
SIPM_ADC event=953 readout=1881 f1far=2453 f2near=2755 f2far=2537
SIPM_ARRIVALS event=891 total=734
SIPM_ADC event=891 readout=3309 f1far=3480 f2near=2787 f2far=2470
SIPM_ARRIVALS event=922 total=760
SIPM_ADC event=922 readout=2776 f1far=2727 f2near=2525 f2far=2680
SIPM_ARRIVALS event=582 total=771
SIPM_ADC event=582 readout=3058 f1far=2723 f2near=3014 f2far=3107
SIPM_ARRIVALS event=521 total=698
SIPM_ADC event=521 readout=3024 f1far=2905 f2near=2665 f2far=2223
SIPM_ARRIVALS event=984 total=794
SIPM_ADC event=984 readout=3365 f1far=2178 f2near=2966 f2far=3093
SIPM_ARRIVALS event=708 total=662
SIPM_ADC event=708 readout=2874 f1far=2323 f2near=2311 f2far=2313
SIPM_ARRIVALS event=553 total=681
SIPM_ADC event=553 readout=2395 f1far=2588 f2near=2640 f2far=2994
SIPM_ARRIVALS event=831 total=842
SIPM_ADC event=831 readout=2921 f1far=2816 f2near=3523 f2far=3895
SIPM_ARRIVALS event=859 total=815
SIPM_ADC event=859 readout=2846 f1far=2426 f2near=3207 f2far=3396
SIPM_ARRIVALS event=768 total=615
SIPM_ADC event=768 readout=2545 f1far=2295 f2near=2618 f2far=1679
SIPM_ARRIVALS event=645 total=666
SIPM_ADC event=645 readout=2100 f1far=2524 f2near=2393 f2far=2560
SIPM_ARRIVALS event=799 total=733
SIPM_ADC event=799 readout=2616 f1far=2000 f2near=3439 f2far=3895
SIPM_ARRIVALS event=676 total=695
SIPM_ADC event=676 readout=2394 f1far=2763 f2near=2826 f2far=2637
SIPM_ARRIVALS event=954 total=713
SIPM_ADC event=954 readout=2537 f1far=2451 f2near=2933 f2far=2814
SIPM_ARRIVALS event=614 total=729
SIPM_ADC event=614 readout=2814 f1far=2209 f2near=2604 f2far=3034
SIPM_ARRIVALS event=737 total=893
SIPM_ADC event=737 readout=3130 f1far=3249 f2near=3477 f2far=3099
SIPM_ARRIVALS event=583 total=679
SIPM_ADC event=583 readout=2770 f1far=2064 f2near=2928 f2far=2361
SIPM_ARRIVALS event=892 total=818
SIPM_ADC event=892 readout=3728 f1far=2839 f2near=3804 f2far=2865
SIPM_ARRIVALS event=522 total=665
SIPM_ADC event=522 readout=2072 f1far=2791 f2near=2628 f2far=2745
SIPM_ARRIVALS event=923 total=831
SIPM_ADC event=923 readout=2566 f1far=3094 f2near=3276 f2far=3895
SIPM_ARRIVALS event=832 total=592
SIPM_ADC event=832 readout=2649 f1far=2706 f2near=2498 f2far=2043
SIPM_ARRIVALS event=554 total=654
SIPM_ADC event=554 readout=2602 f1far=2742 f2near=2291 f2far=2765
SIPM_ARRIVALS event=860 total=680
SIPM_ADC event=860 readout=2284 f1far=2839 f2near=2431 f2far=2731
SIPM_ARRIVALS event=985 total=772
SIPM_ADC event=985 readout=2964 f1far=3488 f2near=2796 f2far=2970
SIPM_ARRIVALS event=709 total=787
SIPM_ADC event=709 readout=2696 f1far=2556 f2near=2568 f2far=3192
SIPM_ARRIVALS event=646 total=715
SIPM_ADC event=646 readout=3710 f1far=3190 f2near=3307 f2far=3010
SIPM_ARRIVALS event=769 total=819
SIPM_ADC event=769 readout=3895 f1far=2959 f2near=3755 f2far=2705
SIPM_ARRIVALS event=800 total=718
SIPM_ADC event=800 readout=2737 f1far=2536 f2near=3439 f2far=3039
SIPM_ARRIVALS event=955 total=697
SIPM_ADC event=955 readout=2281 f1far=2496 f2near=2535 f2far=3004
SIPM_ARRIVALS event=584 total=672
SIPM_ADC event=584 readout=3359 f1far=2609 f2near=2712 f2far=2232
SIPM_ARRIVALS event=523 total=549
SIPM_ADC event=523 readout=2566 f1far=2159 f2near=2565 f2far=2039
SIPM_ARRIVALS event=738 total=654
SIPM_ADC event=738 readout=2552 f1far=2150 f2near=2838 f2far=2377
SIPM_ARRIVALS event=615 total=782
SIPM_ADC event=615 readout=3696 f1far=2967 f2near=3011 f2far=3530
SIPM_ARRIVALS event=893 total=724
SIPM_ADC event=893 readout=3129 f1far=2632 f2near=3123 f2far=2534
SIPM_ARRIVALS event=833 total=593
SIPM_ADC event=833 readout=2186 f1far=2301 f2near=2183 f2far=1942
SIPM_ARRIVALS event=924 total=636
SIPM_ADC event=924 readout=1911 f1far=2817 f2near=1762 f2far=2782
SIPM_ARRIVALS event=555 total=637
SIPM_ADC event=555 readout=2529 f1far=1960 f2near=2668 f2far=2039
SIPM_ARRIVALS event=986 total=614
SIPM_ADC event=986 readout=2224 f1far=2559 f2near=2351 f2far=1892
SIPM_ARRIVALS event=677 total=1104
SIPM_ADC event=677 readout=3605 f1far=3895 f2near=3895 f2far=3895
SIPM_ARRIVALS event=770 total=600
SIPM_ADC event=770 readout=2531 f1far=2489 f2near=2515 f2far=2877
SIPM_ARRIVALS event=647 total=665
SIPM_ADC event=647 readout=2826 f1far=2445 f2near=2423 f2far=1922
SIPM_ARRIVALS event=861 total=779
SIPM_ADC event=861 readout=2763 f1far=2877 f2near=2947 f2far=3237
SIPM_ARRIVALS event=710 total=694
SIPM_ADC event=710 readout=2473 f1far=3378 f2near=2048 f2far=2868
SIPM_ARRIVALS event=801 total=782
SIPM_ADC event=801 readout=2428 f1far=2770 f2near=3513 f2far=3270
SIPM_ARRIVALS event=956 total=633
SIPM_ADC event=956 readout=2349 f1far=3339 f2near=2067 f2far=1894
SIPM_ARRIVALS event=616 total=677
SIPM_ADC event=616 readout=2694 f1far=2595 f2near=2492 f2far=3026
SIPM_ARRIVALS event=524 total=721
SIPM_ADC event=524 readout=2660 f1far=2731 f2near=2939 f2far=3548
SIPM_ARRIVALS event=585 total=711
SIPM_ADC event=585 readout=2419 f1far=2957 f2near=1933 f2far=3142
SIPM_ARRIVALS event=894 total=748
SIPM_ADC event=894 readout=3215 f1far=3398 f2near=2345 f2far=2613
SIPM_ARRIVALS event=925 total=755
SIPM_ADC event=925 readout=2980 f1far=3088 f2near=2705 f2far=2586
SIPM_ARRIVALS event=771 total=553
SIPM_ADC event=771 readout=1972 f1far=2056 f2near=2011 f2far=2398
SIPM_ARRIVALS event=648 total=647
SIPM_ADC event=648 readout=3151 f1far=2697 f2near=2440 f2far=2356
SIPM_ARRIVALS event=678 total=766
SIPM_ADC event=678 readout=3227 f1far=3218 f2near=3093 f2far=2477
SIPM_ARRIVALS event=987 total=794
SIPM_ADC event=987 readout=3498 f1far=2968 f2near=3367 f2far=3328
SIPM_ARRIVALS event=711 total=671
SIPM_ADC event=711 readout=2675 f1far=2920 f2near=2506 f2far=2964
SIPM_ARRIVALS event=739 total=957
SIPM_ADC event=739 readout=3562 f1far=3498 f2near=3114 f2far=3895
SIPM_ARRIVALS event=834 total=909
SIPM_ADC event=834 readout=2703 f1far=3838 f2near=3895 f2far=2875
SIPM_ARRIVALS event=862 total=718
SIPM_ADC event=862 readout=2073 f1far=3051 f2near=2104 f2far=3187
SIPM_ARRIVALS event=556 total=1082
SIPM_ADC event=556 readout=3895 f1far=3895 f2near=3895 f2far=3895
SIPM_ARRIVALS event=802 total=677
SIPM_ADC event=802 readout=3091 f1far=2190 f2near=2258 f2far=2200
SIPM_ARRIVALS event=957 total=688
SIPM_ADC event=957 readout=2174 f1far=2484 f2near=2743 f2far=2579
SIPM_ARRIVALS event=586 total=630
SIPM_ADC event=586 readout=2447 f1far=2945 f2near=2642 f2far=1892
SIPM_ARRIVALS event=617 total=735
SIPM_ADC event=617 readout=2804 f1far=3118 f2near=1964 f2far=2718
SIPM_ARRIVALS event=926 total=622
SIPM_ADC event=926 readout=3105 f1far=2616 f2near=2335 f2far=1710
SIPM_ARRIVALS event=525 total=764
SIPM_ADC event=525 readout=3537 f1far=2596 f2near=3447 f2far=2790
SIPM_ARRIVALS event=649 total=622
SIPM_ADC event=649 readout=2359 f1far=1941 f2near=2443 f2far=1912
SIPM_ARRIVALS event=772 total=679
SIPM_ADC event=772 readout=2711 f1far=2341 f2near=3114 f2far=2493
SIPM_ARRIVALS event=835 total=635
SIPM_ADC event=835 readout=2378 f1far=2554 f2near=2095 f2far=2637
SIPM_ARRIVALS event=988 total=655
SIPM_ADC event=988 readout=2743 f1far=2720 f2near=1930 f2far=2269
SIPM_ARRIVALS event=679 total=690
SIPM_ADC event=679 readout=2808 f1far=3298 f2near=2813 f2far=2334
SIPM_ARRIVALS event=895 total=767
SIPM_ADC event=895 readout=2333 f1far=2859 f2near=2582 f2far=2717
SIPM_ARRIVALS event=863 total=628
SIPM_ADC event=863 readout=2364 f1far=2029 f2near=1897 f2far=2304
SIPM_ARRIVALS event=740 total=654
SIPM_ADC event=740 readout=3332 f1far=2388 f2near=1776 f2far=2134
SIPM_ARRIVALS event=712 total=659
SIPM_ADC event=712 readout=3094 f1far=2761 f2near=1732 f2far=2327
SIPM_ARRIVALS event=557 total=639
SIPM_ADC event=557 readout=3351 f1far=2079 f2near=1879 f2far=2519
SIPM_ARRIVALS event=958 total=652
SIPM_ADC event=958 readout=2366 f1far=2116 f2near=2513 f2far=2752
SIPM_ARRIVALS event=587 total=621
SIPM_ADC event=587 readout=1983 f1far=2088 f2near=2196 f2far=2718
SIPM_ARRIVALS event=618 total=666
SIPM_ADC event=618 readout=2622 f1far=2337 f2near=2980 f2far=3541
SIPM_ARRIVALS event=803 total=848
SIPM_ADC event=803 readout=2725 f1far=3272 f2near=3017 f2far=3291
SIPM_ARRIVALS event=927 total=650
SIPM_ADC event=927 readout=2222 f1far=2475 f2near=3073 f2far=1682
SIPM_ARRIVALS event=526 total=654
SIPM_ADC event=526 readout=2160 f1far=2469 f2near=2341 f2far=2398
SIPM_ARRIVALS event=650 total=662
SIPM_ADC event=650 readout=3600 f1far=3174 f2near=2415 f2far=2699
SIPM_ARRIVALS event=773 total=667
SIPM_ADC event=773 readout=3000 f1far=1964 f2near=2780 f2far=2646
SIPM_ARRIVALS event=741 total=618
SIPM_ADC event=741 readout=2857 f1far=1948 f2near=3069 f2far=2798
SIPM_ARRIVALS event=989 total=627
SIPM_ADC event=989 readout=2318 f1far=2277 f2near=1868 f2far=2368
SIPM_ARRIVALS event=992 total=602
SIPM_ADC event=992 readout=2475 f1far=1739 f2near=2270 f2far=2158
SIPM_ARRIVALS event=680 total=692
SIPM_ADC event=680 readout=2688 f1far=2589 f2near=2446 f2far=2818
SIPM_ARRIVALS event=836 total=744
SIPM_ADC event=836 readout=2651 f1far=2406 f2near=3097 f2far=3442
SIPM_ARRIVALS event=896 total=759
SIPM_ADC event=896 readout=3743 f1far=2289 f2near=2248 f2far=2873
SIPM_ARRIVALS event=864 total=852
SIPM_ADC event=864 readout=3675 f1far=2562 f2near=3052 f2far=3411
SIPM_ARRIVALS event=959 total=646
SIPM_ADC event=959 readout=2020 f1far=2526 f2near=1957 f2far=2185
SIPM_ARRIVALS event=588 total=669
SIPM_ADC event=588 readout=3003 f1far=2567 f2near=2799 f2far=2993
SIPM_ARRIVALS event=619 total=682
SIPM_ADC event=619 readout=2557 f1far=2593 f2near=1834 f2far=2757
SIPM_ARRIVALS event=928 total=621
SIPM_ADC event=928 readout=2879 f1far=1953 f2near=2454 f2far=2801
SIPM_ARRIVALS event=804 total=705
SIPM_ADC event=804 readout=3426 f1far=2332 f2near=2255 f2far=2455
SIPM_ARRIVALS event=742 total=641
SIPM_ADC event=742 readout=2064 f1far=3289 f2near=2507 f2far=2471
SIPM_ARRIVALS event=990 total=704
SIPM_ADC event=990 readout=2791 f1far=3498 f2near=2362 f2far=2206
SIPM_ARRIVALS event=993 total=723
SIPM_ADC event=993 readout=2902 f1far=3291 f2near=1825 f2far=2515
SIPM_ARRIVALS event=774 total=824
SIPM_ADC event=774 readout=2812 f1far=2733 f2near=3455 f2far=3574
SIPM_ARRIVALS event=897 total=643
SIPM_ADC event=897 readout=2016 f1far=2280 f2near=2797 f2far=2330
SIPM_ARRIVALS event=681 total=816
SIPM_ADC event=681 readout=2885 f1far=2898 f2near=3056 f2far=3034
SIPM_ARRIVALS event=929 total=667
SIPM_ADC event=929 readout=2943 f1far=2288 f2near=3043 f2far=1541
SIPM_ARRIVALS event=960 total=796
SIPM_ADC event=960 readout=3039 f1far=3256 f2near=3470 f2far=2593
SIPM_ARRIVALS event=805 total=700
SIPM_ADC event=805 readout=2597 f1far=2209 f2near=2704 f2far=2646
SIPM_ARRIVALS event=743 total=609
SIPM_ADC event=743 readout=3045 f1far=2270 f2near=2581 f2far=2573
SIPM_ARRIVALS event=865 total=968
SIPM_ADC event=865 readout=3843 f1far=3895 f2near=3689 f2far=3161
SIPM_ARRIVALS event=898 total=637
SIPM_ADC event=898 readout=2212 f1far=2723 f2near=2153 f2far=1516
SIPM_ARRIVALS event=994 total=668
SIPM_ADC event=994 readout=2619 f1far=3165 f2near=2508 f2far=2334
SIPM_ARRIVALS event=991 total=811
SIPM_ADC event=991 readout=3003 f1far=2984 f2near=2618 f2far=3577
SIPM_ARRIVALS event=866 total=804
SIPM_ADC event=866 readout=2920 f1far=2850 f2near=2247 f2far=3547
SIPM_ARRIVALS event=995 total=707
SIPM_ADC event=995 readout=2739 f1far=2536 f2near=2666 f2far=3028
SIPM_ARRIVALS event=996 total=573
SIPM_ADC event=996 readout=2021 f1far=2024 f2near=2008 f2far=2122
SIPM_ARRIVALS event=867 total=762
SIPM_ADC event=867 readout=2798 f1far=2629 f2near=3130 f2far=3029
SIPM_ARRIVALS event=997 total=657
SIPM_ADC event=997 readout=3693 f1far=2487 f2near=2346 f2far=2724
SIPM_ARRIVALS event=998 total=1069
SIPM_ADC event=998 readout=3735 f1far=3594 f2near=3895 f2far=3895
SIPM_ARRIVALS event=999 total=762
SIPM_ADC event=999 readout=2794 f1far=2871 f2near=2705 f2far=2733
RUN_DONE events=1000 output=/projects/hep/fs10/shared/nnbar/billy/ccb1623_campaign/stave_muminus_100MeV_B_s1625.root
     Cr_sctns:  Glauber-Gribov Nucl-nucl: 0 eV  ---> 25.6 PeV
     Cr_sctns:  Glauber-Gribov Nucl-nucl: 0 eV  ---> 25.6 PeV
     Cr_sctns:  Glauber-Gribov Nucl-nucl: 0 eV  ---> 25.6 PeV
     Cr_sctns:  Glauber-Gribov Nucl-nucl: 0 eV  ---> 25.6 PeV
     Cr_sctns:  Glauber-Gribov Nucl-nucl: 0 eV  ---> 25.6 PeV
     Cr_sctns:  Glauber-Gribov Nucl-nucl: 0 eV  ---> 25.6 PeV
     Cr_sctns:  Glauber-Gribov Nucl-nucl: 0 eV  ---> 25.6 PeV
     Cr_sctns:  Glauber-Gribov Nucl-nucl: 0 eV  ---> 25.6 PeV
     Cr_sctns:  Glauber-Gribov Nucl-nucl: 0 eV  ---> 25.6 PeV
     Cr_sctns:  Glauber-Gribov Nucl-nucl: 0 eV  ---> 25.6 PeV
     Cr_sctns:  Glauber-Gribov Nucl-nucl: 0 eV  ---> 25.6 PeV
     Cr_sctns:  Glauber-Gribov Nucl-nucl: 0 eV  ---> 25.6 PeV
     Cr_sctns:  Glauber-Gribov Nucl-nucl: 0 eV  ---> 25.6 PeV
     Cr_sctns:  Glauber-Gribov Nucl-nucl: 0 eV  ---> 25.6 PeV
     Cr_sctns:  Glauber-Gribov Nucl-nucl: 0 eV  ---> 25.6 PeV
     Cr_sctns:  Glauber-Gribov Nucl-nucl: 0 eV  ---> 25.6 PeV
CCB_STAVE_END
wrote /projects/hep/fs10/shared/nnbar/billy/ccb1623_campaign/stave_muminus_100MeV_B_s1625.root (+ /projects/hep/fs10/shared/nnbar/billy/ccb1623_campaign/stave_muminus_100MeV_B_s1625.root.meta.json)
