point idx=125 part=pi- E=100 sample=B seed=1625 nev=1000 threads=16
CCB_BEAM_PREFLIGHT intersects=1 enters_neg_z=1 path_cm=2 reason=ok

**************************************************************
 Geant4 version Name: geant4-11-02-patch-02 [MT]   (21-June-2024)
  << in Multi-threaded mode >> 
                       Copyright : Geant4 Collaboration
                      References : NIM A 506 (2003), 250-303
                                 : IEEE-TNS 53 (2006), 270-278
                                 : NIM A 835 (2016), 186-225
                             WWW : http://geant4.org/
**************************************************************

CCB_STAVE_START particle=pi- KE_MeV=100 nevents=1000 threads_requested=16 threads_effective=16 g4_force_threads=unset seed=1625 hit_x_cm=0 hit_y_cm=0 theta_deg=0 phi_deg=0 allow_miss=0 beam_profile_id=FIXED_POINT_NORMAL sample_position=0 hit_x_min_cm=0 hit_x_max_cm=0 hit_y_min_cm=0 hit_y_max_cm=0 sample_angle=0 theta_spread_deg=0 write_photon_ntuple=0 optical_max_time_ns=1000 optical_max_steps=200000 birks_kB=0.126 quenching_model_id=birks_geant4 quenching_model_status=HYPOTHESIS quenching_claims_authorized=false production_cut_mm=0.1 physics_list=QGSP_BIC neutron_timecut_policy_id=pin_qgsp_bic_default_10us neutron_time_cut_us=10 neutron_tracking_time_cut_configured=1 neutron_diagnostics=0 reflectivity_scale=1 attenuation_scale(deprecated)=1 scintillator_absorption_scale=1 y11_bulk_attenuation_scale=1 pde_scale=1 collection_efficiency=1 optical_interface_model=UNKNOWN_EXTERNAL far_end=instrumented wls_time_profile=exponential wls_fluorescence_model=geant4_default_one_secondary wls_fluorescence_yield=0.7 mode=optical optical_dir=/projects/hep/fs10/shared/nnbar/billy/ccb-wt-1623/geant4/single_stave/build/optical strict_optical=1 output=/projects/hep/fs10/shared/nnbar/billy/ccb1623_campaign/stave_piminus_100MeV_B_s1625.root gpu_optical=0 optical_out= dump_gdml=
G4PhysListFactory::GetReferencePhysList <QGSP_BIC>  EMoption= 0
<<< Geant4 Physics List simulation engine: QGSP_BIC


Checking overlaps for volume Coating:0 (G4SubtractionSolid) ... OK! 
Checking overlaps for volume Scintillator:0 (G4SubtractionSolid) ... OK! 
Checking overlaps for volume OuterClad_F1:0 (G4Tubs) ... OK! 
Checking overlaps for volume InnerClad_F1:0 (G4Tubs) ... OK! 
Checking overlaps for volume Core_F1:0 (G4Tubs) ... OK! 
Checking overlaps for volume Sensor_F1_PlusX:0 (G4Tubs) ... OK! 
Checking overlaps for volume Sensor_F1_MinusX:1 (G4Tubs) ... OK! 
Checking overlaps for volume OuterClad_F2:1 (G4Tubs) ... OK! 
Checking overlaps for volume InnerClad_F2:1 (G4Tubs) ... OK! 
Checking overlaps for volume Core_F2:1 (G4Tubs) ... OK! 
Checking overlaps for volume Sensor_F2_PlusX:2 (G4Tubs) ... OK! 
Checking overlaps for volume Sensor_F2_MinusX:3 (G4Tubs) ... OK! 
GEOMETRY_REPORT_BEGIN
stave_length_cm 50
stave_width_cm 5.18
stave_thickness_cm 2
normal_path_cm 2
fibre_diameter_mm 1.8
hole_diameter_mm 2
fibre_separation_cm 2
fibre_within_hole 1
fibre_protrudes_for_readout 1
holes_contained_y 1
holes_contained_z 1
geometry_hash e323b92195f9a6288944f0738dbadccf9386422f076362ca172fd0b6d119d1e1
physics_hash 695755f15879c60b7dbc23f5ad7f972d0ec3d9710fa2ec357d17a3b37c48faee
optical_hash 02abddb7662749ea88712a86cced3d7438d45eb865b430c54073ae9dde8549eb
clad_inner_rindex 1.49
clad_outer_rindex 1.42
GEOMETRY_REPORT_END
GEOMETRY_SELFCHECK_PASS
### Adding tracking cuts for neutron  TimeCut(ns)= 10000  KinEnergyCut(MeV)= 0
### Birks coefficients used in run time
   G4_POLYSTYRENE     0.07943 mm/MeV     0.00841958 g/cm^2/MeV  massFactor=  504.5 effCharge= 18.5
   CCB_Scintillator     0.126 mm/MeV     0.013356 g/cm^2/MeV  massFactor=  504.5 effCharge= 18.5
=======================================================================
======                 Electromagnetic Physics Parameters      ========
=======================================================================
LPM effect enabled                                 1
Enable creation and use of sampling tables         0
Apply cuts on all EM processes                     0
Use combined TransportationWithMsc                 Disabled
Use general process                                1
Enable linear polarisation for gamma               0
Enable photoeffect sampling below K-shell          1
Enable sampling of quantum entanglement            0
X-section factor for integral approach             0.8
Min kinetic energy for tables                      100 eV 
Max kinetic energy for tables                      100 TeV
Number of bins per decade of a table               7
Verbose level                                      1
Verbose level for worker thread                    0
Bremsstrahlung energy threshold above which 
  primary e+- is added to the list of secondary    100 TeV
Bremsstrahlung energy threshold above which primary
  muon/hadron is added to the list of secondary    100 TeV
Lowest triplet kinetic energy                      1 MeV
Enable sampling of gamma linear polarisation       0
5D gamma conversion model type                     0
5D gamma conversion model on isolated ion          0
Livermore data directory                           epics_2017
=======================================================================
======                 Ionisation Parameters                   ========
=======================================================================
Step function for e+-                              (0.2, 1 mm)
Step function for muons/hadrons                    (0.2, 0.1 mm)
Step function for light ions                       (0.2, 0.1 mm)
Step function for general ions                     (0.2, 0.1 mm)
Lowest e+e- kinetic energy                         1 keV
Lowest muon/hadron kinetic energy                  1 keV
Use ICRU90 data                                    0
Fluctuations of dE/dx are enabled                  1
Type of fluctuation model for leptons and hadrons  Urban
Use built-in Birks satuaration                     1
Build CSDA range enabled                           0
Use cut as a final range enabled                   0
Enable angular generator interface                 0
Max kinetic energy for CSDA tables                 1 GeV
Max kinetic energy for NIEL computation            0 eV 
Linear loss limit                                  0.01
Read data from file for e+e- pair production by mu 0
=======================================================================
======                 Multiple Scattering Parameters          ========
=======================================================================
Type of msc step limit algorithm for e+-           1
Type of msc step limit algorithm for muons/hadrons 0
Msc lateral displacement for e+- enabled           1
Msc lateral displacement for muons and hadrons     0
Urban msc model lateral displacement alg96         1
Range factor for msc step limit for e+-            0.04
Range factor for msc step limit for muons/hadrons  0.2
Geometry factor for msc step limitation of e+-     2.5
Safety factor for msc step limit for e+-           0.6
Skin parameter for msc step limitation of e+-      1
Lambda limit for msc step limit for e+-            1 mm
Use Mott correction for e- scattering              0
Factor used for dynamic computation of angular 
  limit between single and multiple scattering     1
Fixed angular limit between single 
  and multiple scattering                          3.1416 rad
Upper energy limit for e+- multiple scattering     100 MeV
Type of electron single scattering model           0
Type of nuclear form-factor                        1
Screening factor                                   1
=======================================================================

phot:  for gamma SubType=12 BuildTable=0
      LambdaPrime table from 200 keV to 100 TeV in 61 bins 
      ===== EM models for the G4Region  DefaultRegionForTheWorld ======
 LivermorePhElectric : Emin=    0 eV  Emax=  100 TeV  SauterGavrila Fluo

compt:  for gamma SubType=13 BuildTable=1
      Lambda table from 100 eV  to 1 MeV, 7 bins/decade, spline: 1
      LambdaPrime table from 1 MeV to 100 TeV in 56 bins 
      ===== EM models for the G4Region  DefaultRegionForTheWorld ======
       Klein-Nishina : Emin=    0 eV  Emax=  100 TeV

conv:  for gamma SubType=14 BuildTable=1
      Lambda table from 1.022 MeV to 100 TeV, 18 bins/decade, spline: 1
      ===== EM models for the G4Region  DefaultRegionForTheWorld ======
     BetheHeitlerLPM : Emin=    0 eV  Emax=  100 TeV  ModifiedTsai

Rayl:  for gamma SubType=11 BuildTable=1
      Lambda table from 100 eV  to 150 keV, 7 bins/decade, spline: 0
      LambdaPrime table from 150 keV to 100 TeV in 62 bins 
      ===== EM models for the G4Region  DefaultRegionForTheWorld ======
   LivermoreRayleigh : Emin=    0 eV  Emax=  100 TeV  CullenGenerator

msc:  for e-  SubType= 10
      ===== EM models for the G4Region  DefaultRegionForTheWorld ======
            UrbanMsc : Emin=    0 eV  Emax=  100 MeV Nbins=42 100 eV  - 100 MeV
          StepLim=UseSafety Rfact=0.04 Gfact=2.5 Sfact=0.6 DispFlag:1 Skin=1 Llim=1 mm
        WentzelVIUni : Emin=  100 MeV Emax=  100 TeV Nbins=42 100 MeV - 100 TeV
          StepLim=UseSafety Rfact=0.04 Gfact=2.5 Sfact=0.6 DispFlag:1 Skin=1 Llim=1 mm

eIoni:  for e-  XStype:3  SubType=2
      dE/dx and range tables from 100 eV  to 100 TeV in 84 bins
      Lambda tables from threshold to 100 TeV, 7 bins/decade, spline: 1
      StepFunction=(0.2, 1 mm), integ: 3, fluct: 1, linLossLim= 0.01
      ===== EM models for the G4Region  DefaultRegionForTheWorld ======
        MollerBhabha : Emin=    0 eV  Emax=  100 TeV

eBrem:  for e-  XStype:4  SubType=3
      dE/dx and range tables from 100 eV  to 100 TeV in 84 bins
      Lambda tables from threshold to 100 TeV, 7 bins/decade, spline: 1
      LPM flag: 1 for E > 1 GeV,  VertexHighEnergyTh(GeV)= 100000
      ===== EM models for the G4Region  DefaultRegionForTheWorld ======
             eBremSB : Emin=    0 eV  Emax=    1 GeV  ModifiedTsai
            eBremLPM : Emin=    1 GeV Emax=  100 TeV  ModifiedTsai

CoulombScat:  for e- XStype:1 SubType=1 BuildTable=1
      Lambda table from 100 MeV to 100 TeV, 7 bins/decade, spline: 0
      ThetaMin(p) < Theta(degree) < 180, pLimit(GeV^1)= 0.139531
      ===== EM models for the G4Region  DefaultRegionForTheWorld ======
  eCoulombScattering : Emin=  100 MeV Emax=  100 TeV

msc:  for e+  SubType= 10
      ===== EM models for the G4Region  DefaultRegionForTheWorld ======
            UrbanMsc : Emin=    0 eV  Emax=  100 MeV Nbins=42 100 eV  - 100 MeV
          StepLim=UseSafety Rfact=0.04 Gfact=2.5 Sfact=0.6 DispFlag:1 Skin=1 Llim=1 mm
        WentzelVIUni : Emin=  100 MeV Emax=  100 TeV Nbins=42 100 MeV - 100 TeV
          StepLim=UseSafety Rfact=0.04 Gfact=2.5 Sfact=0.6 DispFlag:1 Skin=1 Llim=1 mm

eIoni:  for e+  XStype:3  SubType=2
      dE/dx and range tables from 100 eV  to 100 TeV in 84 bins
      Lambda tables from threshold to 100 TeV, 7 bins/decade, spline: 1
      StepFunction=(0.2, 1 mm), integ: 3, fluct: 1, linLossLim= 0.01
      ===== EM models for the G4Region  DefaultRegionForTheWorld ======
        MollerBhabha : Emin=    0 eV  Emax=  100 TeV

eBrem:  for e+  XStype:4  SubType=3
      dE/dx and range tables from 100 eV  to 100 TeV in 84 bins
      Lambda tables from threshold to 100 TeV, 7 bins/decade, spline: 1
      LPM flag: 1 for E > 1 GeV,  VertexHighEnergyTh(GeV)= 100000
      ===== EM models for the G4Region  DefaultRegionForTheWorld ======
             eBremSB : Emin=    0 eV  Emax=    1 GeV  ModifiedTsai
            eBremLPM : Emin=    1 GeV Emax=  100 TeV  ModifiedTsai

annihil:  for e+ XStype:2 SubType=5 BuildTable=0
      ===== EM models for the G4Region  DefaultRegionForTheWorld ======
            eplus2gg : Emin=    0 eV  Emax=  100 TeV

CoulombScat:  for e+ XStype:1 SubType=1 BuildTable=1
      Lambda table from 100 MeV to 100 TeV, 7 bins/decade, spline: 0
      ThetaMin(p) < Theta(degree) < 180, pLimit(GeV^1)= 0.139531
      ===== EM models for the G4Region  DefaultRegionForTheWorld ======
  eCoulombScattering : Emin=  100 MeV Emax=  100 TeV

msc:  for proton  SubType= 10
      ===== EM models for the G4Region  DefaultRegionForTheWorld ======
        WentzelVIUni : Emin=    0 eV  Emax=  100 TeV Nbins=84 100 eV  - 100 TeV
          StepLim=Minimal Rfact=0.2 Gfact=2.5 Sfact=0.6 DispFlag:0 Skin=1 Llim=1 mm

hIoni:  for proton  XStype:3  SubType=2
      dE/dx and range tables from 100 eV  to 100 TeV in 84 bins
      Lambda tables from threshold to 100 TeV, 7 bins/decade, spline: 1
      StepFunction=(0.2, 0.1 mm), integ: 3, fluct: 1, linLossLim= 0.01
      ===== EM models for the G4Region  DefaultRegionForTheWorld ======
               Bragg : Emin=    0 eV  Emax=    2 MeV
          BetheBloch : Emin=    2 MeV Emax=  100 TeV

hBrems:  for proton  XStype:1  SubType=3
      dE/dx and range tables from 100 eV  to 100 TeV in 84 bins
      Lambda tables from threshold to 100 TeV, 7 bins/decade, spline: 1
      ===== EM models for the G4Region  DefaultRegionForTheWorld ======
               hBrem : Emin=    0 eV  Emax=  100 TeV  ModifiedMephi

hPairProd:  for proton  XStype:1  SubType=4
      dE/dx and range tables from 100 eV  to 100 TeV in 84 bins
      Lambda tables from threshold to 100 TeV, 7 bins/decade, spline: 1
      Sampling table 17x1001; from 7.50618 GeV to 100 TeV 
      ===== EM models for the G4Region  DefaultRegionForTheWorld ======
           hPairProd : Emin=    0 eV  Emax=  100 TeV  ModifiedMephi

CoulombScat:  for proton XStype:1 SubType=1 BuildTable=1
      Lambda table from threshold  to 100 TeV, 7 bins/decade, spline: 0
      ThetaMin(p) < Theta(degree) < 180, pLimit(GeV^1)= 0.139531
      ===== EM models for the G4Region  DefaultRegionForTheWorld ======
  eCoulombScattering : Emin=    0 eV  Emax=  100 TeV

msc:  for GenericIon  SubType= 10
      ===== EM models for the G4Region  DefaultRegionForTheWorld ======
            UrbanMsc : Emin=    0 eV  Emax=  100 TeV
          StepLim=Minimal Rfact=0.2 Gfact=2.5 Sfact=0.6 DispFlag:0 Skin=1 Llim=1 mm

ionIoni:  for GenericIon  XStype:3  SubType=2
      dE/dx and range tables from 100 eV  to 100 TeV in 84 bins
      Lambda tables from threshold to 100 TeV, 7 bins/decade, spline: 1
      StepFunction=(0.2, 0.1 mm), integ: 3, fluct: 1, linLossLim= 0.02
      ===== EM models for the G4Region  DefaultRegionForTheWorld ======
            BraggIon : Emin=    0 eV  Emax=    2 MeV
          BetheBloch : Emin=    2 MeV Emax=  100 TeV

msc:  for alpha  SubType= 10
      ===== EM models for the G4Region  DefaultRegionForTheWorld ======
            UrbanMsc : Emin=    0 eV  Emax=  100 TeV
          StepLim=Minimal Rfact=0.2 Gfact=2.5 Sfact=0.6 DispFlag:0 Skin=1 Llim=1 mm

ionIoni:  for alpha  XStype:3  SubType=2
      dE/dx and range tables from 100 eV  to 100 TeV in 84 bins
      Lambda tables from threshold to 100 TeV, 7 bins/decade, spline: 1
      StepFunction=(0.2, 0.1 mm), integ: 3, fluct: 1, linLossLim= 0.02
      ===== EM models for the G4Region  DefaultRegionForTheWorld ======
            BraggIon : Emin=    0 eV  Emax=7.9452 MeV
          BetheBloch : Emin=7.9452 MeV Emax=  100 TeV

msc:  for anti_proton  SubType= 10
      ===== EM models for the G4Region  DefaultRegionForTheWorld ======
        WentzelVIUni : Emin=    0 eV  Emax=  100 TeV Nbins=84 100 eV  - 100 TeV
          StepLim=Minimal Rfact=0.2 Gfact=2.5 Sfact=0.6 DispFlag:0 Skin=1 Llim=1 mm

hIoni:  for anti_proton  XStype:3  SubType=2
      dE/dx and range tables from 100 eV  to 100 TeV in 84 bins
      Lambda tables from threshold to 100 TeV, 7 bins/decade, spline: 1
      StepFunction=(0.2, 0.1 mm), integ: 3, fluct: 1, linLossLim= 0.01
      ===== EM models for the G4Region  DefaultRegionForTheWorld ======
            ICRU73QO : Emin=    0 eV  Emax=    2 MeV
          BetheBloch : Emin=    2 MeV Emax=  100 TeV

hBrems:  for anti_proton  XStype:1  SubType=3
      dE/dx and range tables from 100 eV  to 100 TeV in 84 bins
      Lambda tables from threshold to 100 TeV, 7 bins/decade, spline: 1
      ===== EM models for the G4Region  DefaultRegionForTheWorld ======
               hBrem : Emin=    0 eV  Emax=  100 TeV  ModifiedMephi

hPairProd:  for anti_proton  XStype:1  SubType=4
      dE/dx and range tables from 100 eV  to 100 TeV in 84 bins
      Lambda tables from threshold to 100 TeV, 7 bins/decade, spline: 1
      Sampling table 17x1001; from 7.50618 GeV to 100 TeV 
      ===== EM models for the G4Region  DefaultRegionForTheWorld ======
           hPairProd : Emin=    0 eV  Emax=  100 TeV  ModifiedMephi

CoulombScat:  for anti_proton XStype:1 SubType=1 BuildTable=1
      Lambda table from threshold  to 100 TeV, 7 bins/decade, spline: 0
      ThetaMin(p) < Theta(degree) < 180, pLimit(GeV^1)= 0.139531
      ===== EM models for the G4Region  DefaultRegionForTheWorld ======
  eCoulombScattering : Emin=    0 eV  Emax=  100 TeV

msc:  for kaon+  SubType= 10
      ===== EM models for the G4Region  DefaultRegionForTheWorld ======
        WentzelVIUni : Emin=    0 eV  Emax=  100 TeV Nbins=84 100 eV  - 100 TeV
          StepLim=Minimal Rfact=0.2 Gfact=2.5 Sfact=0.6 DispFlag:0 Skin=1 Llim=1 mm

hIoni:  for kaon+  XStype:3  SubType=2
      dE/dx and range tables from 100 eV  to 100 TeV in 84 bins
      Lambda tables from threshold to 100 TeV, 7 bins/decade, spline: 1
      StepFunction=(0.2, 0.1 mm), integ: 3, fluct: 1, linLossLim= 0.01
      ===== EM models for the G4Region  DefaultRegionForTheWorld ======
               Bragg : Emin=    0 eV  Emax=1.05231 MeV
          BetheBloch : Emin=1.05231 MeV Emax=  100 TeV

hBrems:  for kaon+  XStype:1  SubType=3
      dE/dx and range tables from 100 eV  to 100 TeV in 84 bins
      Lambda tables from threshold to 100 TeV, 7 bins/decade, spline: 1
      ===== EM models for the G4Region  DefaultRegionForTheWorld ======
               hBrem : Emin=    0 eV  Emax=  100 TeV  ModifiedMephi

hPairProd:  for kaon+  XStype:1  SubType=4
      dE/dx and range tables from 100 eV  to 100 TeV in 84 bins
      Lambda tables from threshold to 100 TeV, 7 bins/decade, spline: 1
      Sampling table 18x1001; from 3.94942 GeV to 100 TeV 
      ===== EM models for the G4Region  DefaultRegionForTheWorld ======
           hPairProd : Emin=    0 eV  Emax=  100 TeV  ModifiedMephi

CoulombScat:  for kaon+ XStype:1 SubType=1 BuildTable=1
      Lambda table from threshold  to 100 TeV, 7 bins/decade, spline: 0
      ThetaMin(p) < Theta(degree) < 180, pLimit(GeV^1)= 0.139531
      ===== EM models for the G4Region  DefaultRegionForTheWorld ======
  eCoulombScattering : Emin=    0 eV  Emax=  100 TeV

msc:  for kaon-  SubType= 10
      ===== EM models for the G4Region  DefaultRegionForTheWorld ======
        WentzelVIUni : Emin=    0 eV  Emax=  100 TeV Nbins=84 100 eV  - 100 TeV
          StepLim=Minimal Rfact=0.2 Gfact=2.5 Sfact=0.6 DispFlag:0 Skin=1 Llim=1 mm

hIoni:  for kaon-  XStype:3  SubType=2
      dE/dx and range tables from 100 eV  to 100 TeV in 84 bins
      Lambda tables from threshold to 100 TeV, 7 bins/decade, spline: 1
      StepFunction=(0.2, 0.1 mm), integ: 3, fluct: 1, linLossLim= 0.01
      ===== EM models for the G4Region  DefaultRegionForTheWorld ======
            ICRU73QO : Emin=    0 eV  Emax=1.05231 MeV
          BetheBloch : Emin=1.05231 MeV Emax=  100 TeV

hBrems:  for kaon-  XStype:1  SubType=3
      dE/dx and range tables from 100 eV  to 100 TeV in 84 bins
      Lambda tables from threshold to 100 TeV, 7 bins/decade, spline: 1
      ===== EM models for the G4Region  DefaultRegionForTheWorld ======
               hBrem : Emin=    0 eV  Emax=  100 TeV  ModifiedMephi

hPairProd:  for kaon-  XStype:1  SubType=4
      dE/dx and range tables from 100 eV  to 100 TeV in 84 bins
      Lambda tables from threshold to 100 TeV, 7 bins/decade, spline: 1
      Sampling table 18x1001; from 3.94942 GeV to 100 TeV 
      ===== EM models for the G4Region  DefaultRegionForTheWorld ======
           hPairProd : Emin=    0 eV  Emax=  100 TeV  ModifiedMephi

CoulombScat:  for kaon- XStype:1 SubType=1 BuildTable=1
      Used Lambda table of kaon+
      ThetaMin(p) < Theta(degree) < 180, pLimit(GeV^1)= 0.139531
      ===== EM models for the G4Region  DefaultRegionForTheWorld ======
  eCoulombScattering : Emin=    0 eV  Emax=  100 TeV

msc:  for mu+  SubType= 10
      ===== EM models for the G4Region  DefaultRegionForTheWorld ======
        WentzelVIUni : Emin=    0 eV  Emax=  100 TeV Nbins=84 100 eV  - 100 TeV
          StepLim=Minimal Rfact=0.2 Gfact=2.5 Sfact=0.6 DispFlag:0 Skin=1 Llim=1 mm

muIoni:  for mu+  XStype:3  SubType=2
      dE/dx and range tables from 100 eV  to 100 TeV in 84 bins
      Lambda tables from threshold to 100 TeV, 7 bins/decade, spline: 1
      StepFunction=(0.2, 0.1 mm), integ: 3, fluct: 1, linLossLim= 0.01
      ===== EM models for the G4Region  DefaultRegionForTheWorld ======
               Bragg : Emin=    0 eV  Emax=  200 keV
        MuBetheBloch : Emin=  200 keV Emax=  100 TeV

muBrems:  for mu+  XStype:1  SubType=3
      dE/dx and range tables from 100 eV  to 100 TeV in 84 bins
      Lambda tables from threshold to 100 TeV, 7 bins/decade, spline: 1
      ===== EM models for the G4Region  DefaultRegionForTheWorld ======
              MuBrem : Emin=    0 eV  Emax=  100 TeV  ModifiedMephi

muPairProd:  for mu+  XStype:1  SubType=4
      dE/dx and range tables from 100 eV  to 100 TeV in 84 bins
      Lambda tables from threshold to 100 TeV, 7 bins/decade, spline: 1
      Sampling table 21x1001; from 0.85 GeV to 100 TeV 
      ===== EM models for the G4Region  DefaultRegionForTheWorld ======
          muPairProd : Emin=    0 eV  Emax=  100 TeV  ModifiedMephi

CoulombScat:  for mu+ XStype:1 SubType=1 BuildTable=1
      Lambda table from threshold  to 100 TeV, 7 bins/decade, spline: 0
      ThetaMin(p) < Theta(degree) < 180, pLimit(GeV^1)= 0.139531
      ===== EM models for the G4Region  DefaultRegionForTheWorld ======
  eCoulombScattering : Emin=    0 eV  Emax=  100 TeV

msc:  for mu-  SubType= 10
      ===== EM models for the G4Region  DefaultRegionForTheWorld ======
        WentzelVIUni : Emin=    0 eV  Emax=  100 TeV Nbins=84 100 eV  - 100 TeV
          StepLim=Minimal Rfact=0.2 Gfact=2.5 Sfact=0.6 DispFlag:0 Skin=1 Llim=1 mm

muIoni:  for mu-  XStype:3  SubType=2
      dE/dx and range tables from 100 eV  to 100 TeV in 84 bins
      Lambda tables from threshold to 100 TeV, 7 bins/decade, spline: 1
      StepFunction=(0.2, 0.1 mm), integ: 3, fluct: 1, linLossLim= 0.01
      ===== EM models for the G4Region  DefaultRegionForTheWorld ======
            ICRU73QO : Emin=    0 eV  Emax=  200 keV
        MuBetheBloch : Emin=  200 keV Emax=  100 TeV

muBrems:  for mu-  XStype:1  SubType=3
      dE/dx and range tables from 100 eV  to 100 TeV in 84 bins
      Lambda tables from threshold to 100 TeV, 7 bins/decade, spline: 1
      ===== EM models for the G4Region  DefaultRegionForTheWorld ======
              MuBrem : Emin=    0 eV  Emax=  100 TeV  ModifiedMephi

muPairProd:  for mu-  XStype:1  SubType=4
      dE/dx and range tables from 100 eV  to 100 TeV in 84 bins
      Lambda tables from threshold to 100 TeV, 7 bins/decade, spline: 1
      Sampling table 21x1001; from 0.85 GeV to 100 TeV 
      ===== EM models for the G4Region  DefaultRegionForTheWorld ======
          muPairProd : Emin=    0 eV  Emax=  100 TeV  ModifiedMephi

CoulombScat:  for mu- XStype:1 SubType=1 BuildTable=1
      Used Lambda table of mu+
      ThetaMin(p) < Theta(degree) < 180, pLimit(GeV^1)= 0.139531
      ===== EM models for the G4Region  DefaultRegionForTheWorld ======
  eCoulombScattering : Emin=    0 eV  Emax=  100 TeV

msc:  for pi+  SubType= 10
      ===== EM models for the G4Region  DefaultRegionForTheWorld ======
        WentzelVIUni : Emin=    0 eV  Emax=  100 TeV Nbins=84 100 eV  - 100 TeV
          StepLim=Minimal Rfact=0.2 Gfact=2.5 Sfact=0.6 DispFlag:0 Skin=1 Llim=1 mm

hIoni:  for pi+  XStype:3  SubType=2
      dE/dx and range tables from 100 eV  to 100 TeV in 84 bins
      Lambda tables from threshold to 100 TeV, 7 bins/decade, spline: 1
      StepFunction=(0.2, 0.1 mm), integ: 3, fluct: 1, linLossLim= 0.01
      ===== EM models for the G4Region  DefaultRegionForTheWorld ======
               Bragg : Emin=    0 eV  Emax=297.505 keV
          BetheBloch : Emin=297.505 keV Emax=  100 TeV

hBrems:  for pi+  XStype:1  SubType=3
      dE/dx and range tables from 100 eV  to 100 TeV in 84 bins
      Lambda tables from threshold to 100 TeV, 7 bins/decade, spline: 1
      ===== EM models for the G4Region  DefaultRegionForTheWorld ======
               hBrem : Emin=    0 eV  Emax=  100 TeV  ModifiedMephi

hPairProd:  for pi+  XStype:1  SubType=4
      dE/dx and range tables from 100 eV  to 100 TeV in 84 bins
      Lambda tables from threshold to 100 TeV, 7 bins/decade, spline: 1
      Sampling table 20x1001; from 1.11656 GeV to 100 TeV 
      ===== EM models for the G4Region  DefaultRegionForTheWorld ======
           hPairProd : Emin=    0 eV  Emax=  100 TeV  ModifiedMephi

CoulombScat:  for pi+ XStype:1 SubType=1 BuildTable=1
      Lambda table from threshold  to 100 TeV, 7 bins/decade, spline: 0
      ThetaMin(p) < Theta(degree) < 180, pLimit(GeV^1)= 0.139531
      ===== EM models for the G4Region  DefaultRegionForTheWorld ======
  eCoulombScattering : Emin=    0 eV  Emax=  100 TeV

msc:  for pi-  SubType= 10
      ===== EM models for the G4Region  DefaultRegionForTheWorld ======
        WentzelVIUni : Emin=    0 eV  Emax=  100 TeV Nbins=84 100 eV  - 100 TeV
          StepLim=Minimal Rfact=0.2 Gfact=2.5 Sfact=0.6 DispFlag:0 Skin=1 Llim=1 mm

hIoni:  for pi-  XStype:3  SubType=2
      dE/dx and range tables from 100 eV  to 100 TeV in 84 bins
      Lambda tables from threshold to 100 TeV, 7 bins/decade, spline: 1
      StepFunction=(0.2, 0.1 mm), integ: 3, fluct: 1, linLossLim= 0.01
      ===== EM models for the G4Region  DefaultRegionForTheWorld ======
            ICRU73QO : Emin=    0 eV  Emax=297.505 keV
          BetheBloch : Emin=297.505 keV Emax=  100 TeV

hBrems:  for pi-  XStype:1  SubType=3
      dE/dx and range tables from 100 eV  to 100 TeV in 84 bins
      Lambda tables from threshold to 100 TeV, 7 bins/decade, spline: 1
      ===== EM models for the G4Region  DefaultRegionForTheWorld ======
               hBrem : Emin=    0 eV  Emax=  100 TeV  ModifiedMephi

hPairProd:  for pi-  XStype:1  SubType=4
      dE/dx and range tables from 100 eV  to 100 TeV in 84 bins
      Lambda tables from threshold to 100 TeV, 7 bins/decade, spline: 1
      Sampling table 20x1001; from 1.11656 GeV to 100 TeV 
      ===== EM models for the G4Region  DefaultRegionForTheWorld ======
           hPairProd : Emin=    0 eV  Emax=  100 TeV  ModifiedMephi

CoulombScat:  for pi- XStype:1 SubType=1 BuildTable=1
      Used Lambda table of pi+
      ThetaMin(p) < Theta(degree) < 180, pLimit(GeV^1)= 0.139531
      ===== EM models for the G4Region  DefaultRegionForTheWorld ======
  eCoulombScattering : Emin=    0 eV  Emax=  100 TeV

====================================================================
                  HADRONIC PROCESSES SUMMARY (verbose level 1)
-----------------------------------------------------------------------
                           Hadronic Processes for neutron
  Process: hadElastic
        Model:             hElasticCHIPS: 0 eV  ---> 100 TeV
     Cr_sctns:        G4NeutronElasticXS: 0 eV  ---> 100 TeV
  Process: neutronInelastic
        Model:                      QGSP: 12 GeV ---> 100 TeV
        Model:                      FTFP: 3 GeV ---> 25 GeV
        Model:            Binary Cascade: 0 eV  ---> 6 GeV
     Cr_sctns:      G4NeutronInelasticXS: 0 eV  ---> 100 TeV
  Process: nCapture
        Model:               nRadCapture: 0 eV  ---> 100 TeV
     Cr_sctns:        G4NeutronCaptureXS: 0 eV  ---> 100 TeV
  Process: nKiller
-----------------------------------------------------------------------
                           Hadronic Processes for GenericIon
  Process: ionElastic
        Model:          NNDiffuseElastic: 0 eV /n ---> 100 TeV/n
     Cr_sctns:  Glauber-Gribov Nucl-nucl: 0 eV  ---> 25.6 PeV
  Process: ionInelastic
        Model:  Binary Light Ion Cascade: 0 eV /n ---> 6 GeV/n
        Model:                      FTFP: 3 GeV/n ---> 100 TeV/n
     Cr_sctns:  Glauber-Gribov Nucl-nucl: 0 eV  ---> 25.6 PeV
-----------------------------------------------------------------------
                           Hadronic Processes for He3
  Process: hadElastic
        Model:              hElasticLHEP: 0 eV /n ---> 100 TeV/n
     Cr_sctns:  Glauber-Gribov Nucl-nucl: 0 eV  ---> 25.6 PeV
  Process: He3Inelastic
        Model:  Binary Light Ion Cascade: 0 eV /n ---> 6 GeV/n
        Model:                      FTFP: 3 GeV/n ---> 100 TeV/n
     Cr_sctns:  Glauber-Gribov Nucl-nucl: 0 eV  ---> 25.6 PeV
-----------------------------------------------------------------------
                           Hadronic Processes for alpha
  Process: hadElastic
        Model:              hElasticLHEP: 0 eV /n ---> 100 TeV/n
     Cr_sctns:  Glauber-Gribov Nucl-nucl: 0 eV  ---> 25.6 PeV
  Process: alphaInelastic
        Model:  Binary Light Ion Cascade: 0 eV /n ---> 6 GeV/n
        Model:                      FTFP: 3 GeV/n ---> 100 TeV/n
     Cr_sctns:  Glauber-Gribov Nucl-nucl: 0 eV  ---> 25.6 PeV
-----------------------------------------------------------------------
                           Hadronic Processes for anti_He3
  Process: hadElastic
        Model:              hElasticLHEP: 0 eV /n ---> 100.1 MeV/n
        Model:              AntiAElastic: 100 MeV/n ---> 100 TeV/n
     Cr_sctns:              AntiAGlauber: 0 eV  ---> 25.6 PeV
  Process: anti_He3Inelastic
        Model:                      FTFP: 0 eV /n ---> 100 TeV/n
     Cr_sctns:              AntiAGlauber: 0 eV  ---> 25.6 PeV
  Process: hFritiofCaptureAtRest
-----------------------------------------------------------------------
                           Hadronic Processes for anti_alpha
  Process: hadElastic
        Model:              hElasticLHEP: 0 eV /n ---> 100.1 MeV/n
        Model:              AntiAElastic: 100 MeV/n ---> 100 TeV/n
     Cr_sctns:              AntiAGlauber: 0 eV  ---> 25.6 PeV
  Process: anti_alphaInelastic
        Model:                      FTFP: 0 eV /n ---> 100 TeV/n
     Cr_sctns:              AntiAGlauber: 0 eV  ---> 25.6 PeV
  Process: hFritiofCaptureAtRest
-----------------------------------------------------------------------
                           Hadronic Processes for anti_deuteron
  Process: hadElastic
        Model:              hElasticLHEP: 0 eV /n ---> 100.1 MeV/n
        Model:              AntiAElastic: 100 MeV/n ---> 100 TeV/n
     Cr_sctns:              AntiAGlauber: 0 eV  ---> 25.6 PeV
  Process: anti_deuteronInelastic
        Model:                      FTFP: 0 eV /n ---> 100 TeV/n
     Cr_sctns:              AntiAGlauber: 0 eV  ---> 25.6 PeV
  Process: hFritiofCaptureAtRest
-------------------------------------------------------------------------
                           Hadronic Processes for anti_hypertriton
  Process: hFritiofCaptureAtRest
-----------------------------------------------------------------------
                           Hadronic Processes for anti_lambda
  Process: hadElastic
        Model:              hElasticLHEP: 0 eV  ---> 100 TeV
     Cr_sctns:            Glauber-Gribov: 0 eV  ---> 100 TeV
  Process: anti_lambdaInelastic
        Model:                      QGSP: 12 GeV ---> 100 TeV
        Model:                      FTFP: 0 eV  ---> 25 GeV
     Cr_sctns:            Glauber-Gribov: 0 eV  ---> 100 TeV
  Process: hFritiofCaptureAtRest
-----------------------------------------------------------------------
                           Hadronic Processes for anti_neutron
  Process: hadElastic
        Model:              hElasticLHEP: 0 eV  ---> 100.1 MeV
        Model:              AntiAElastic: 100 MeV ---> 100 TeV
     Cr_sctns:              AntiAGlauber: 0 eV  ---> 25.6 PeV
  Process: anti_neutronInelastic
        Model:                      FTFP: 0 eV  ---> 100 TeV
     Cr_sctns:              AntiAGlauber: 0 eV  ---> 25.6 PeV
  Process: hFritiofCaptureAtRest
-----------------------------------------------------------------------
                           Hadronic Processes for anti_proton
  Process: hadElastic
        Model:              hElasticLHEP: 0 eV  ---> 100.1 MeV
        Model:              AntiAElastic: 100 MeV ---> 100 TeV
     Cr_sctns:              AntiAGlauber: 0 eV  ---> 25.6 PeV
  Process: anti_protonInelastic
        Model:                      FTFP: 0 eV  ---> 100 TeV
     Cr_sctns:              AntiAGlauber: 0 eV  ---> 25.6 PeV
  Process: hFritiofCaptureAtRest
-----------------------------------------------------------------------
                           Hadronic Processes for anti_triton
  Process: hadElastic
        Model:              hElasticLHEP: 0 eV /n ---> 100.1 MeV/n
        Model:              AntiAElastic: 100 MeV/n ---> 100 TeV/n
     Cr_sctns:              AntiAGlauber: 0 eV  ---> 25.6 PeV
  Process: anti_tritonInelastic
        Model:                      FTFP: 0 eV /n ---> 100 TeV/n
     Cr_sctns:              AntiAGlauber: 0 eV  ---> 25.6 PeV
  Process: hFritiofCaptureAtRest
-----------------------------------------------------------------------
                           Hadronic Processes for deuteron
  Process: hadElastic
        Model:              hElasticLHEP: 0 eV /n ---> 100 TeV/n
     Cr_sctns:  Glauber-Gribov Nucl-nucl: 0 eV  ---> 25.6 PeV
  Process: dInelastic
        Model:  Binary Light Ion Cascade: 0 eV /n ---> 6 GeV/n
        Model:                      FTFP: 3 GeV/n ---> 100 TeV/n
     Cr_sctns:  Glauber-Gribov Nucl-nucl: 0 eV  ---> 25.6 PeV
-----------------------------------------------------------------------
                           Hadronic Processes for e+
  Process: positronNuclear
        Model:   G4ElectroVDNuclearModel: 0 eV  ---> 1 PeV
     Cr_sctns:          ElectroNuclearXS: 0 eV  ---> 100 TeV
-----------------------------------------------------------------------
                           Hadronic Processes for e-
  Process: electronNuclear
        Model:   G4ElectroVDNuclearModel: 0 eV  ---> 1 PeV
     Cr_sctns:          ElectroNuclearXS: 0 eV  ---> 100 TeV
-----------------------------------------------------------------------
                           Hadronic Processes for gamma
  Process: photonNuclear
        Model:               GammaNPreco: 0 eV  ---> 200 MeV
        Model:            BertiniCascade: 199 MeV ---> 6 GeV
        Model:           TheoFSGenerator: 3 GeV ---> 100 TeV
     Cr_sctns:            GammaNuclearXS: 0 eV  ---> 100 TeV
-----------------------------------------------------------------------
                           Hadronic Processes for kaon+
  Process: hadElastic
        Model:              hElasticLHEP: 0 eV  ---> 100 TeV
     Cr_sctns:            Glauber-Gribov: 0 eV  ---> 100 TeV
  Process: kaon+Inelastic
        Model:                      QGSP: 12 GeV ---> 100 TeV
        Model:                      FTFP: 3 GeV ---> 25 GeV
        Model:            BertiniCascade: 0 eV  ---> 6 GeV
     Cr_sctns:            Glauber-Gribov: 0 eV  ---> 100 TeV
-----------------------------------------------------------------------
                           Hadronic Processes for kaon-
  Process: hadElastic
        Model:              hElasticLHEP: 0 eV  ---> 100 TeV
     Cr_sctns:            Glauber-Gribov: 0 eV  ---> 100 TeV
  Process: kaon-Inelastic
        Model:                      QGSP: 12 GeV ---> 100 TeV
        Model:                      FTFP: 3 GeV ---> 25 GeV
        Model:            BertiniCascade: 0 eV  ---> 6 GeV
     Cr_sctns:            Glauber-Gribov: 0 eV  ---> 100 TeV
  Process: hBertiniCaptureAtRest
-----------------------------------------------------------------------
                           Hadronic Processes for lambda
  Process: hadElastic
        Model:              hElasticLHEP: 0 eV  ---> 100 TeV
     Cr_sctns:            Glauber-Gribov: 0 eV  ---> 100 TeV
  Process: lambdaInelastic
        Model:                      QGSP: 12 GeV ---> 100 TeV
        Model:                      FTFP: 3 GeV ---> 25 GeV
        Model:            BertiniCascade: 0 eV  ---> 6 GeV
     Cr_sctns:            Glauber-Gribov: 0 eV  ---> 100 TeV
-----------------------------------------------------------------------
                           Hadronic Processes for mu+
  Process: muonNuclear
        Model:      G4MuonVDNuclearModel: 0 eV  ---> 1 PeV
     Cr_sctns:     KokoulinMuonNuclearXS: 0 eV  ---> 100 TeV
-----------------------------------------------------------------------
                           Hadronic Processes for mu-
  Process: muonNuclear
        Model:      G4MuonVDNuclearModel: 0 eV  ---> 1 PeV
     Cr_sctns:     KokoulinMuonNuclearXS: 0 eV  ---> 100 TeV
  Process: muMinusCaptureAtRest
-----------------------------------------------------------------------
                           Hadronic Processes for pi+
  Process: hadElastic
        Model:           hElasticGlauber: 0 eV  ---> 100 TeV
     Cr_sctns:  BarashenkovGlauberGribov: 0 eV  ---> 100 TeV
  Process: pi+Inelastic
        Model:                      QGSP: 12 GeV ---> 100 TeV
        Model:                      FTFP: 3 GeV ---> 25 GeV
        Model:            BertiniCascade: 0 eV  ---> 6 GeV
     Cr_sctns:  BarashenkovGlauberGribov: 0 eV  ---> 100 TeV
-----------------------------------------------------------------------
                           Hadronic Processes for pi-
  Process: hadElastic
        Model:           hElasticGlauber: 0 eV  ---> 100 TeV
     Cr_sctns:  BarashenkovGlauberGribov: 0 eV  ---> 100 TeV
  Process: pi-Inelastic
        Model:                      QGSP: 12 GeV ---> 100 TeV
        Model:                      FTFP: 3 GeV ---> 25 GeV
        Model:            BertiniCascade: 0 eV  ---> 6 GeV
     Cr_sctns:  BarashenkovGlauberGribov: 0 eV  ---> 100 TeV
  Process: hBertiniCaptureAtRest
-----------------------------------------------------------------------
                           Hadronic Processes for proton
  Process: hadElastic
        Model:             hElasticCHIPS: 0 eV  ---> 100 TeV
     Cr_sctns:  BarashenkovGlauberGribov: 0 eV  ---> 100 TeV
  Process: protonInelastic
        Model:                      QGSP: 12 GeV ---> 100 TeV
        Model:                      FTFP: 3 GeV ---> 25 GeV
        Model:            Binary Cascade: 0 eV  ---> 6 GeV
     Cr_sctns:  BarashenkovGlauberGribov: 0 eV  ---> 100 TeV
-----------------------------------------------------------------------
                           Hadronic Processes for sigma-
  Process: hadElastic
        Model:              hElasticLHEP: 0 eV  ---> 100 TeV
     Cr_sctns:            Glauber-Gribov: 0 eV  ---> 100 TeV
  Process: sigma-Inelastic
        Model:                      QGSP: 12 GeV ---> 100 TeV
        Model:                      FTFP: 3 GeV ---> 25 GeV
        Model:            BertiniCascade: 0 eV  ---> 6 GeV
     Cr_sctns:            Glauber-Gribov: 0 eV  ---> 100 TeV
  Process: hBertiniCaptureAtRest
-----------------------------------------------------------------------
                           Hadronic Processes for triton
  Process: hadElastic
        Model:              hElasticLHEP: 0 eV /n ---> 100 TeV/n
     Cr_sctns:  Glauber-Gribov Nucl-nucl: 0 eV  ---> 25.6 PeV
  Process: tInelastic
        Model:  Binary Light Ion Cascade: 0 eV /n ---> 6 GeV/n
        Model:                      FTFP: 3 GeV/n ---> 100 TeV/n
     Cr_sctns:  Glauber-Gribov Nucl-nucl: 0 eV  ---> 25.6 PeV
=======================================================================
======       Geant4 Native Pre-compound Model Parameters       ========
=======================================================================
Type of pre-compound inverse x-section              3
Pre-compound model active                           1
Pre-compound excitation low energy                  100 keV
Pre-compound excitation high energy                 30 MeV
Angular generator for pre-compound model            1
Use NeverGoBack option for pre-compound model       0
Use SoftCutOff option for pre-compound model        0
Use CEM transitions for pre-compound model          1
Use GNASH transitions for pre-compound model        0
Use HETC submodel for pre-compound model            0
=======================================================================
======       Nuclear De-excitation Module Parameters           ========
=======================================================================
Type of de-excitation inverse x-section             3
Type of de-excitation factory                       Evaporation+GEM
Number of de-excitation channels                    68
Min excitation energy                               10 eV 
Min energy per nucleon for multifragmentation       200 GeV
Limit excitation energy for Fermi BreakUp           20 MeV
Level density (1/MeV)                               0.075
Use simple level density model                      1
Use discrete excitation energy of the residual      1
Time limit for long lived isomeres                  1 ns 
Isomer production flag                              1
Internal e- conversion flag                         1
Store e- internal conversion data                   0
Correlated gamma emission flag                      0
Max 2J for sampling of angular correlations         10
=======================================================================

=========================================================================
--> G4TaskRunManager::CreateAndStartWorkers() --> Initializing workers...
=========================================================================

SIPM_CONFIG cells=3600 cells_x=60 cells_y=60 active_mm=3x3 recovery_ns=30 dcr_hz=500000 dark_enabled=1 crosstalk=0.03 afterpulse_fast=0.01 window_start_ns=-20 window_end_ns=250 sample_dt_ns=0.5 adc_bits=12 adc_lsb_pe=0.01 baseline_adc=200 overvoltage_V=3 temperature_C=25 trigger_recovery_model=EXPONENTIAL gain_recovery_model=EXPONENTIAL_H1_SHARED
SIPM_CONFIG cells=3600 cells_x=60 cells_y=60 active_mm=3x3 recovery_ns=30 dcr_hz=500000 dark_enabled=1 crosstalk=0.03 afterpulse_fast=0.01 window_start_ns=-20 window_end_ns=250 sample_dt_ns=0.5 adc_bits=12 adc_lsb_pe=0.01 baseline_adc=200 overvoltage_V=3 temperature_C=25 trigger_recovery_model=EXPONENTIAL gain_recovery_model=EXPONENTIAL_H1_SHARED
SIPM_CONFIG cells=3600 cells_x=60 cells_y=60 active_mm=3x3 recovery_ns=30 dcr_hz=500000 dark_enabled=1 crosstalk=0.03 afterpulse_fast=0.01 window_start_ns=-20 window_end_ns=250 sample_dt_ns=0.5 adc_bits=12 adc_lsb_pe=0.01 baseline_adc=200 overvoltage_V=3 temperature_C=25 trigger_recovery_model=EXPONENTIAL gain_recovery_model=EXPONENTIAL_H1_SHARED
SIPM_CONFIG cells=3600 cells_x=60 cells_y=60 active_mm=3x3 recovery_ns=30 dcr_hz=500000 dark_enabled=1 crosstalk=0.03 afterpulse_fast=0.01 window_start_ns=-20 window_end_ns=250 sample_dt_ns=0.5 adc_bits=12 adc_lsb_pe=0.01 baseline_adc=200 overvoltage_V=3 temperature_C=25 trigger_recovery_model=EXPONENTIAL gain_recovery_model=EXPONENTIAL_H1_SHARED
SIPM_CONFIG cells=3600 cells_x=60 cells_y=60 active_mm=3x3 recovery_ns=30 dcr_hz=500000 dark_enabled=1 crosstalk=0.03 afterpulse_fast=0.01 window_start_ns=-20 window_end_ns=250 sample_dt_ns=0.5 adc_bits=12 adc_lsb_pe=0.01 baseline_adc=200 overvoltage_V=3 temperature_C=25 trigger_recovery_model=EXPONENTIAL gain_recovery_model=EXPONENTIAL_H1_SHARED
SIPM_CONFIG cells=3600 cells_x=60 cells_y=60 active_mm=3x3 recovery_ns=30 dcr_hz=500000 dark_enabled=1 crosstalk=0.03 afterpulse_fast=0.01 window_start_ns=-20 window_end_ns=250 sample_dt_ns=0.5 adc_bits=12 adc_lsb_pe=0.01 baseline_adc=200 overvoltage_V=3 temperature_C=25 trigger_recovery_model=EXPONENTIAL gain_recovery_model=EXPONENTIAL_H1_SHARED
SIPM_CONFIG cells=3600 cells_x=60 cells_y=60 active_mm=3x3 recovery_ns=30 dcr_hz=500000 dark_enabled=1 crosstalk=0.03 afterpulse_fast=0.01 window_start_ns=-20 window_end_ns=250 sample_dt_ns=0.5 adc_bits=12 adc_lsb_pe=0.01 baseline_adc=200 overvoltage_V=3 temperature_C=25 trigger_recovery_model=EXPONENTIAL gain_recovery_model=EXPONENTIAL_H1_SHARED
SIPM_CONFIG cells=3600 cells_x=60 cells_y=60 active_mm=3x3 recovery_ns=30 dcr_hz=500000 dark_enabled=1 crosstalk=0.03 afterpulse_fast=0.01 window_start_ns=-20 window_end_ns=250 sample_dt_ns=0.5 adc_bits=12 adc_lsb_pe=0.01 baseline_adc=200 overvoltage_V=3 temperature_C=25 trigger_recovery_model=EXPONENTIAL gain_recovery_model=EXPONENTIAL_H1_SHARED
SIPM_CONFIG cells=3600 cells_x=60 cells_y=60 active_mm=3x3 recovery_ns=30 dcr_hz=500000 dark_enabled=1 crosstalk=0.03 afterpulse_fast=0.01 window_start_ns=-20 window_end_ns=250 sample_dt_ns=0.5 adc_bits=12 adc_lsb_pe=0.01 baseline_adc=200 overvoltage_V=3 temperature_C=25 trigger_recovery_model=EXPONENTIAL gain_recovery_model=EXPONENTIAL_H1_SHARED
SIPM_CONFIG cells=3600 cells_x=60 cells_y=60 active_mm=3x3 recovery_ns=30 dcr_hz=500000 dark_enabled=1 crosstalk=0.03 afterpulse_fast=0.01 window_start_ns=-20 window_end_ns=250 sample_dt_ns=0.5 adc_bits=12 adc_lsb_pe=0.01 baseline_adc=200 overvoltage_V=3 temperature_C=25 trigger_recovery_model=EXPONENTIAL gain_recovery_model=EXPONENTIAL_H1_SHARED
SIPM_CONFIG cells=3600 cells_x=60 cells_y=60 active_mm=3x3 recovery_ns=30 dcr_hz=500000 dark_enabled=1 crosstalk=0.03 afterpulse_fast=0.01 window_start_ns=-20 window_end_ns=250 sample_dt_ns=0.5 adc_bits=12 adc_lsb_pe=0.01 baseline_adc=200 overvoltage_V=3 temperature_C=25 trigger_recovery_model=EXPONENTIAL gain_recovery_model=EXPONENTIAL_H1_SHARED
SIPM_CONFIG cells=3600 cells_x=60 cells_y=60 active_mm=3x3 recovery_ns=30 dcr_hz=500000 dark_enabled=1 crosstalk=0.03 afterpulse_fast=0.01 window_start_ns=-20 window_end_ns=250 sample_dt_ns=0.5 adc_bits=12 adc_lsb_pe=0.01 baseline_adc=200 overvoltage_V=3 temperature_C=25 trigger_recovery_model=EXPONENTIAL gain_recovery_model=EXPONENTIAL_H1_SHARED
SIPM_CONFIG cells=3600 cells_x=60 cells_y=60 active_mm=3x3 recovery_ns=30 dcr_hz=500000 dark_enabled=1 crosstalk=0.03 afterpulse_fast=0.01 window_start_ns=-20 window_end_ns=250 sample_dt_ns=0.5 adc_bits=12 adc_lsb_pe=0.01 baseline_adc=200 overvoltage_V=3 temperature_C=25 trigger_recovery_model=EXPONENTIAL gain_recovery_model=EXPONENTIAL_H1_SHARED
SIPM_CONFIG cells=3600 cells_x=60 cells_y=60 active_mm=3x3 recovery_ns=30 dcr_hz=500000 dark_enabled=1 crosstalk=0.03 afterpulse_fast=0.01 window_start_ns=-20 window_end_ns=250 sample_dt_ns=0.5 adc_bits=12 adc_lsb_pe=0.01 baseline_adc=200 overvoltage_V=3 temperature_C=25 trigger_recovery_model=EXPONENTIAL gain_recovery_model=EXPONENTIAL_H1_SHARED
SIPM_CONFIG cells=3600 cells_x=60 cells_y=60 active_mm=3x3 recovery_ns=30 dcr_hz=500000 dark_enabled=1 crosstalk=0.03 afterpulse_fast=0.01 window_start_ns=-20 window_end_ns=250 sample_dt_ns=0.5 adc_bits=12 adc_lsb_pe=0.01 baseline_adc=200 overvoltage_V=3 temperature_C=25 trigger_recovery_model=EXPONENTIAL gain_recovery_model=EXPONENTIAL_H1_SHARED
SIPM_CONFIG cells=3600 cells_x=60 cells_y=60 active_mm=3x3 recovery_ns=30 dcr_hz=500000 dark_enabled=1 crosstalk=0.03 afterpulse_fast=0.01 window_start_ns=-20 window_end_ns=250 sample_dt_ns=0.5 adc_bits=12 adc_lsb_pe=0.01 baseline_adc=200 overvoltage_V=3 temperature_C=25 trigger_recovery_model=EXPONENTIAL gain_recovery_model=EXPONENTIAL_H1_SHARED
CCB_NEUTRON_TIMECUT policy_id=pin_qgsp_bic_default_10us time_cut_us=10 status=PINNED_REFERENCE_DEFAULT
RUN_CONFIG particle=pi- KE_MeV=100 nevents=1000 threads_requested=16 threads_effective=16 g4_force_threads=unset seed=1625 hit_x_cm=0 hit_y_cm=0 theta_deg=0 phi_deg=0 allow_miss=0 beam_profile_id=FIXED_POINT_NORMAL sample_position=0 hit_x_min_cm=0 hit_x_max_cm=0 hit_y_min_cm=0 hit_y_max_cm=0 sample_angle=0 theta_spread_deg=0 write_photon_ntuple=0 optical_max_time_ns=1000 optical_max_steps=200000 birks_kB=0.126 quenching_model_id=birks_geant4 quenching_model_status=HYPOTHESIS quenching_claims_authorized=false production_cut_mm=0.1 physics_list=QGSP_BIC neutron_timecut_policy_id=pin_qgsp_bic_default_10us neutron_time_cut_us=10 neutron_tracking_time_cut_configured=1 neutron_diagnostics=0 reflectivity_scale=1 attenuation_scale(deprecated)=1 scintillator_absorption_scale=1 y11_bulk_attenuation_scale=1 pde_scale=1 collection_efficiency=1 optical_interface_model=UNKNOWN_EXTERNAL far_end=instrumented wls_time_profile=exponential wls_fluorescence_model=geant4_default_one_secondary wls_fluorescence_yield=0.7 mode=optical optical_dir=/projects/hep/fs10/shared/nnbar/billy/ccb-wt-1623/geant4/single_stave/build/optical strict_optical=1 output=/projects/hep/fs10/shared/nnbar/billy/ccb1623_campaign/stave_piminus_100MeV_B_s1625.root gpu_optical=0 optical_out= dump_gdml= geometry_hash=e323b92195f9a6288944f0738dbadccf9386422f076362ca172fd0b6d119d1e1

==========================================================================================
--> G4TaskRunManager::CreateAndStartWorkers() --> Creating 32 tasks with 31 events/task...
==========================================================================================

SIPM_ARRIVALS event=217 total=644
SIPM_ADC event=217 readout=3047 f1far=2014 f2near=2163 f2far=3279
SIPM_ARRIVALS event=31 total=688
SIPM_ADC event=31 readout=3444 f1far=2614 f2near=2519 f2far=2877
SIPM_ARRIVALS event=434 total=716
SIPM_ADC event=434 readout=2238 f1far=2409 f2near=3041 f2far=2364
SIPM_ARRIVALS event=124 total=726
SIPM_ADC event=124 readout=3895 f1far=2653 f2near=2376 f2far=2204
SIPM_ARRIVALS event=0 total=740
SIPM_ADC event=0 readout=3011 f1far=2272 f2near=2842 f2far=2960
SIPM_ARRIVALS event=279 total=749
SIPM_ADC event=279 readout=2647 f1far=3398 f2near=2755 f2far=3290
SIPM_ARRIVALS event=93 total=727
SIPM_ADC event=93 readout=2136 f1far=2724 f2near=2559 f2far=3129
SIPM_ARRIVALS event=310 total=742
SIPM_ADC event=310 readout=2651 f1far=2514 f2near=2205 f2far=2641
SIPM_ARRIVALS event=248 total=733
SIPM_ADC event=248 readout=2625 f1far=2744 f2near=3143 f2far=3728
SIPM_ARRIVALS event=341 total=691
SIPM_ADC event=341 readout=1826 f1far=2950 f2near=1671 f2far=2614
SIPM_ARRIVALS event=465 total=774
SIPM_ADC event=465 readout=2922 f1far=2527 f2near=1911 f2far=2444
SIPM_ARRIVALS event=186 total=831
SIPM_ADC event=186 readout=3183 f1far=2702 f2near=3275 f2far=3616
SIPM_ARRIVALS event=62 total=826
SIPM_ADC event=62 readout=3298 f1far=2971 f2near=2815 f2far=3895
SIPM_ARRIVALS event=403 total=858
SIPM_ADC event=403 readout=3070 f1far=3400 f2near=3203 f2far=3033
SIPM_ARRIVALS event=155 total=1034
SIPM_ADC event=155 readout=3895 f1far=3664 f2near=3073 f2far=3895
SIPM_ARRIVALS event=372 total=1040
SIPM_ADC event=372 readout=3895 f1far=3569 f2near=3895 f2far=3895
SIPM_ARRIVALS event=218 total=734
SIPM_ADC event=218 readout=3022 f1far=2576 f2near=2643 f2far=2790
SIPM_ARRIVALS event=342 total=636
SIPM_ADC event=342 readout=2914 f1far=2406 f2near=2831 f2far=3151
SIPM_ARRIVALS event=125 total=778
SIPM_ADC event=125 readout=3286 f1far=2903 f2near=3526 f2far=1994
SIPM_ARRIVALS event=435 total=689
SIPM_ADC event=435 readout=2276 f1far=1915 f2near=2561 f2far=3507
SIPM_ARRIVALS event=1 total=839
SIPM_ARRIVALS event=32 total=780
SIPM_ADC event=1 readout=3771 f1far=3201 f2near=2781 f2far=3723
SIPM_ADC event=32 readout=3062 f1far=2924 f2near=3014 f2far=2850
SIPM_ARRIVALS event=94 total=727
SIPM_ADC event=94 readout=2910 f1far=2654 f2near=2935 f2far=2585
SIPM_ARRIVALS event=311 total=763
SIPM_ADC event=311 readout=2996 f1far=3445 f2near=2606 f2far=3550
SIPM_ARRIVALS event=280 total=809
SIPM_ADC event=280 readout=3127 f1far=3331 f2near=2559 f2far=2919
SIPM_ARRIVALS event=466 total=840
SIPM_ADC event=466 readout=2964 f1far=3032 f2near=2413 f2far=3273
SIPM_ARRIVALS event=249 total=832
SIPM_ADC event=249 readout=3667 f1far=3259 f2near=3702 f2far=2900
SIPM_ARRIVALS event=187 total=818
SIPM_ADC event=187 readout=2309 f1far=3372 f2near=3143 f2far=3250
SIPM_ARRIVALS event=63 total=793
SIPM_ADC event=63 readout=3461 f1far=3181 f2near=3359 f2far=2713
SIPM_ARRIVALS event=404 total=877
SIPM_ADC event=404 readout=2814 f1far=2996 f2near=3895 f2far=2874
SIPM_ARRIVALS event=156 total=804
SIPM_ADC event=156 readout=2775 f1far=2423 f2near=2770 f2far=3848
SIPM_ARRIVALS event=373 total=709
SIPM_ADC event=373 readout=2955 f1far=2438 f2near=2492 f2far=2998
SIPM_ARRIVALS event=64 total=158
SIPM_ADC event=64 readout=677 f1far=649 f2near=729 f2far=867
SIPM_ARRIVALS event=219 total=741
SIPM_ADC event=219 readout=2677 f1far=3047 f2near=3090 f2far=2459
SIPM_ARRIVALS event=126 total=658
SIPM_ADC event=126 readout=2251 f1far=2503 f2near=2168 f2far=2488
SIPM_ARRIVALS event=436 total=719
SIPM_ADC event=436 readout=2566 f1far=2667 f2near=2679 f2far=3065
SIPM_ARRIVALS event=2 total=754
SIPM_ADC event=2 readout=2417 f1far=2719 f2near=3233 f2far=2713
SIPM_ARRIVALS event=33 total=755
SIPM_ADC event=33 readout=2669 f1far=3114 f2near=2922 f2far=3047
SIPM_ARRIVALS event=281 total=693
SIPM_ADC event=281 readout=3078 f1far=2370 f2near=2797 f2far=2040
SIPM_ARRIVALS event=343 total=868
SIPM_ADC event=343 readout=3408 f1far=3428 f2near=2404 f2far=3217
SIPM_ARRIVALS event=467 total=708
SIPM_ADC event=467 readout=3041 f1far=2584 f2near=2844 f2far=2166
SIPM_ARRIVALS event=312 total=834
SIPM_ADC event=312 readout=2545 f1far=3069 f2near=2390 f2far=2896
SIPM_ARRIVALS event=95 total=883
SIPM_ADC event=95 readout=3161 f1far=2557 f2near=3290 f2far=3442
SIPM_ARRIVALS event=250 total=783
SIPM_ADC event=250 readout=2534 f1far=3085 f2near=3698 f2far=2576
SIPM_ARRIVALS event=374 total=708
SIPM_ADC event=374 readout=3300 f1far=2962 f2near=2989 f2far=2555
SIPM_ARRIVALS event=405 total=789
SIPM_ADC event=405 readout=3554 f1far=3003 f2near=2913 f2far=2556
SIPM_ARRIVALS event=65 total=676
SIPM_ADC event=65 readout=2631 f1far=2008 f2near=2433 f2far=2688
SIPM_ARRIVALS event=127 total=426
SIPM_ADC event=127 readout=1832 f1far=2175 f2near=1906 f2far=1163
SIPM_ARRIVALS event=157 total=811
SIPM_ADC event=157 readout=2998 f1far=3350 f2near=3438 f2far=3626
SIPM_ARRIVALS event=188 total=1001
SIPM_ADC event=188 readout=3510 f1far=3895 f2near=3786 f2far=3627
SIPM_ARRIVALS event=220 total=790
SIPM_ADC event=220 readout=3042 f1far=3011 f2near=2737 f2far=2458
SIPM_ARRIVALS event=437 total=668
SIPM_ADC event=437 readout=2317 f1far=3241 f2near=2057 f2far=2814
SIPM_ARRIVALS event=3 total=829
SIPM_ADC event=3 readout=2569 f1far=2821 f2near=3044 f2far=2998
SIPM_ARRIVALS event=282 total=748
SIPM_ADC event=282 readout=3104 f1far=2737 f2near=2467 f2far=3272
SIPM_ARRIVALS event=34 total=848
SIPM_ADC event=34 readout=3895 f1far=3676 f2near=3362 f2far=3086
SIPM_ARRIVALS event=468 total=762
SIPM_ADC event=468 readout=2676 f1far=3850 f2near=2635 f2far=3082
SIPM_ARRIVALS event=313 total=708
SIPM_ADC event=313 readout=2510 f1far=2952 f2near=2713 f2far=2505
SIPM_ARRIVALS event=344 total=929
SIPM_ADC event=344 readout=3895 f1far=3036 f2near=3895 f2far=3637
SIPM_ARRIVALS event=96 total=816
SIPM_ADC event=96 readout=2887 f1far=3552 f2near=3097 f2far=3157
SIPM_ARRIVALS event=189 total=733
SIPM_ADC event=189 readout=3487 f1far=2306 f2near=2871 f2far=3841
SIPM_ARRIVALS event=66 total=711
SIPM_ADC event=66 readout=2171 f1far=2781 f2near=2791 f2far=3469
SIPM_ARRIVALS event=251 total=824
SIPM_ADC event=251 readout=3121 f1far=3622 f2near=3895 f2far=2915
SIPM_ARRIVALS event=375 total=727
SIPM_ADC event=375 readout=2951 f1far=2834 f2near=2890 f2far=2365
SIPM_ARRIVALS event=128 total=734
SIPM_ADC event=128 readout=2763 f1far=2445 f2near=2767 f2far=2341
SIPM_ARRIVALS event=406 total=842
SIPM_ADC event=406 readout=2727 f1far=3362 f2near=2896 f2far=2843
SIPM_ARRIVALS event=158 total=886
SIPM_ADC event=158 readout=3329 f1far=3576 f2near=3285 f2far=2814
SIPM_ARRIVALS event=221 total=699
SIPM_ADC event=221 readout=2498 f1far=2621 f2near=2506 f2far=3151
SIPM_ARRIVALS event=4 total=789
SIPM_ADC event=4 readout=2886 f1far=2975 f2near=2217 f2far=3321
SIPM_ARRIVALS event=438 total=859
SIPM_ADC event=438 readout=2207 f1far=2576 f2near=3145 f2far=3881
SIPM_ARRIVALS event=469 total=813
SIPM_ADC event=469 readout=2991 f1far=3389 f2near=3668 f2far=2525
SIPM_ARRIVALS event=35 total=768
SIPM_ADC event=35 readout=2327 f1far=3369 f2near=2851 f2far=3242
SIPM_ARRIVALS event=314 total=768
SIPM_ADC event=314 readout=3095 f1far=2836 f2near=3337 f2far=3300
SIPM_ARRIVALS event=283 total=925
SIPM_ADC event=283 readout=3578 f1far=3840 f2near=3507 f2far=3257
SIPM_ARRIVALS event=97 total=747
SIPM_ADC event=97 readout=2415 f1far=3192 f2near=3125 f2far=3196
SIPM_ARRIVALS event=190 total=756
SIPM_ADC event=190 readout=2740 f1far=3062 f2near=2759 f2far=3447
SIPM_ARRIVALS event=376 total=742
SIPM_ADC event=376 readout=2843 f1far=3549 f2near=2415 f2far=2975
SIPM_ARRIVALS event=67 total=753
SIPM_ADC event=67 readout=2928 f1far=2279 f2near=2545 f2far=2377
SIPM_ARRIVALS event=345 total=909
SIPM_ADC event=345 readout=3280 f1far=3430 f2near=3895 f2far=3085
SIPM_ARRIVALS event=129 total=787
SIPM_ADC event=129 readout=3808 f1far=2488 f2near=2557 f2far=3261
SIPM_ARRIVALS event=407 total=726
SIPM_ADC event=407 readout=2464 f1far=2872 f2near=2721 f2far=3171
SIPM_ARRIVALS event=159 total=671
SIPM_ADC event=159 readout=2536 f1far=2205 f2near=2157 f2far=2237
SIPM_ARRIVALS event=252 total=921
SIPM_ADC event=252 readout=3214 f1far=3778 f2near=3844 f2far=3047
SIPM_ARRIVALS event=439 total=643
SIPM_ADC event=439 readout=2081 f1far=2177 f2near=2186 f2far=2403
SIPM_ARRIVALS event=5 total=750
SIPM_ADC event=5 readout=3258 f1far=2779 f2near=2485 f2far=2863
SIPM_ARRIVALS event=222 total=790
SIPM_ADC event=222 readout=3302 f1far=2513 f2near=3121 f2far=2703
SIPM_ARRIVALS event=470 total=710
SIPM_ADC event=470 readout=2098 f1far=2735 f2near=3264 f2far=2830
SIPM_ARRIVALS event=36 total=773
SIPM_ADC event=36 readout=2972 f1far=3146 f2near=2755 f2far=3123
SIPM_ARRIVALS event=284 total=725
SIPM_ADC event=284 readout=3410 f1far=2733 f2near=3281 f2far=2375
SIPM_ARRIVALS event=191 total=706
SIPM_ADC event=191 readout=2544 f1far=2697 f2near=2997 f2far=2984
SIPM_ARRIVALS event=98 total=759
SIPM_ADC event=98 readout=3597 f1far=3324 f2near=2600 f2far=3459
SIPM_ARRIVALS event=315 total=834
SIPM_ADC event=315 readout=2822 f1far=2931 f2near=3168 f2far=3895
SIPM_ARRIVALS event=130 total=744
SIPM_ADC event=130 readout=2891 f1far=3061 f2near=2553 f2far=2520
SIPM_ARRIVALS event=68 total=767
SIPM_ADC event=68 readout=2655 f1far=3014 f2near=2868 f2far=3150
SIPM_ARRIVALS event=160 total=744
SIPM_ADC event=160 readout=3414 f1far=3065 f2near=2280 f2far=3151
SIPM_ARRIVALS event=346 total=863
SIPM_ADC event=346 readout=3430 f1far=2990 f2near=2966 f2far=3895
SIPM_ARRIVALS event=408 total=879
SIPM_ADC event=408 readout=2701 f1far=2977 f2near=3895 f2far=3838
SIPM_ARRIVALS event=253 total=860
SIPM_ADC event=253 readout=3298 f1far=3530 f2near=2669 f2far=2549
SIPM_ARRIVALS event=440 total=774
SIPM_ADC event=440 readout=1948 f1far=2957 f2near=2873 f2far=2750
SIPM_ARRIVALS event=223 total=763
SIPM_ADC event=223 readout=3097 f1far=2755 f2near=2870 f2far=2921
SIPM_ARRIVALS event=471 total=728
SIPM_ADC event=471 readout=3283 f1far=2288 f2near=2617 f2far=2590
SIPM_ARRIVALS event=285 total=747
SIPM_ADC event=285 readout=2930 f1far=2720 f2near=3160 f2far=3374
SIPM_ARRIVALS event=37 total=793
SIPM_ADC event=37 readout=2620 f1far=3261 f2near=2713 f2far=3042
SIPM_ARRIVALS event=69 total=694
SIPM_ADC event=69 readout=2394 f1far=2870 f2near=2653 f2far=2917
SIPM_ARRIVALS event=99 total=695
SIPM_ADC event=99 readout=2851 f1far=3033 f2near=3156 f2far=2716
SIPM_ARRIVALS event=192 total=798
SIPM_ADC event=192 readout=3014 f1far=2740 f2near=2577 f2far=2772
SIPM_ARRIVALS event=316 total=814
SIPM_ADC event=316 readout=3255 f1far=3023 f2near=3335 f2far=3121
SIPM_ARRIVALS event=161 total=710
SIPM_ADC event=161 readout=2472 f1far=3318 f2near=1716 f2far=2611
SIPM_ARRIVALS event=131 total=1010
SIPM_ADC event=131 readout=3688 f1far=3895 f2near=3895 f2far=3672
SIPM_ARRIVALS event=409 total=734
SIPM_ADC event=409 readout=3064 f1far=3050 f2near=2517 f2far=2815
SIPM_ARRIVALS event=347 total=824
SIPM_ADC event=347 readout=2812 f1far=2802 f2near=2795 f2far=3056
SIPM_ARRIVALS event=254 total=800
SIPM_ADC event=254 readout=3431 f1far=3260 f2near=3002 f2far=3286
SIPM_ARRIVALS event=224 total=662
SIPM_ADC event=224 readout=3044 f1far=2567 f2near=2907 f2far=2021
SIPM_ARRIVALS event=441 total=802
SIPM_ADC event=441 readout=2876 f1far=3078 f2near=3023 f2far=3407
SIPM_ARRIVALS event=100 total=633
SIPM_ADC event=100 readout=2647 f1far=2809 f2near=2783 f2far=2656
SIPM_ARRIVALS event=472 total=810
SIPM_ADC event=472 readout=3642 f1far=3000 f2near=3895 f2far=2778
SIPM_ARRIVALS event=38 total=717
SIPM_ADC event=38 readout=3511 f1far=2318 f2near=2939 f2far=2455
SIPM_ARRIVALS event=286 total=769
SIPM_ADC event=286 readout=2064 f1far=2547 f2near=3876 f2far=2326
SIPM_ARRIVALS event=162 total=691
SIPM_ADC event=162 readout=2211 f1far=2893 f2near=1859 f2far=3131
SIPM_ARRIVALS event=317 total=714
SIPM_ADC event=317 readout=2523 f1far=2492 f2near=3294 f2far=2467
SIPM_ARRIVALS event=70 total=851
SIPM_ADC event=70 readout=3559 f1far=3532 f2near=3766 f2far=3304
SIPM_ARRIVALS event=193 total=832
SIPM_ADC event=193 readout=3638 f1far=3089 f2near=3404 f2far=2942
SIPM_ARRIVALS event=6 total=1826
SIPM_ADC event=6 readout=3895 f1far=3895 f2near=3895 f2far=3895
SIPM_ARRIVALS event=377 total=2428
SIPM_ADC event=377 readout=3895 f1far=3895 f2near=3895 f2far=3895
SIPM_ARRIVALS event=132 total=647
SIPM_ADC event=132 readout=2188 f1far=2604 f2near=3172 f2far=2239
SIPM_ARRIVALS event=410 total=732
SIPM_ADC event=410 readout=2847 f1far=2555 f2near=2566 f2far=2589
SIPM_ARRIVALS event=348 total=762
SIPM_ADC event=348 readout=1925 f1far=3163 f2near=2976 f2far=3356
SIPM_ARRIVALS event=255 total=739
SIPM_ADC event=255 readout=2733 f1far=3341 f2near=2633 f2far=2415
SIPM_ARRIVALS event=225 total=792
SIPM_ADC event=225 readout=2869 f1far=3796 f2near=2993 f2far=2896
SIPM_ARRIVALS event=442 total=758
SIPM_ADC event=442 readout=3169 f1far=2051 f2near=3443 f2far=3068
SIPM_ARRIVALS event=101 total=811
SIPM_ADC event=101 readout=3133 f1far=3895 f2near=2498 f2far=2751
SIPM_ARRIVALS event=287 total=776
SIPM_ADC event=287 readout=3095 f1far=2913 f2near=2906 f2far=2716
SIPM_ARRIVALS event=39 total=691
SIPM_ADC event=39 readout=3092 f1far=2012 f2near=2181 f2far=2442
SIPM_ARRIVALS event=473 total=734
SIPM_ADC event=473 readout=2929 f1far=3214 f2near=3088 f2far=3391
SIPM_ARRIVALS event=163 total=719
SIPM_ADC event=163 readout=2370 f1far=2655 f2near=2610 f2far=2450
SIPM_ARRIVALS event=71 total=726
SIPM_ADC event=71 readout=2448 f1far=3042 f2near=2092 f2far=2887
SIPM_ARRIVALS event=194 total=715
SIPM_ADC event=194 readout=2681 f1far=2944 f2near=2825 f2far=2922
SIPM_ARRIVALS event=133 total=774
SIPM_ADC event=133 readout=3313 f1far=3569 f2near=2713 f2far=3072
SIPM_ARRIVALS event=7 total=880
SIPM_ADC event=7 readout=2914 f1far=3895 f2near=2616 f2far=2211
SIPM_ARRIVALS event=318 total=859
SIPM_ADC event=318 readout=3342 f1far=3393 f2near=2840 f2far=3529
SIPM_ARRIVALS event=378 total=867
SIPM_ADC event=378 readout=2870 f1far=3559 f2near=3379 f2far=2657
SIPM_ARRIVALS event=256 total=657
SIPM_ADC event=256 readout=1881 f1far=2555 f2near=2851 f2far=3003
SIPM_ARRIVALS event=349 total=736
SIPM_ADC event=349 readout=3222 f1far=2590 f2near=3036 f2far=2735
SIPM_ARRIVALS event=226 total=717
SIPM_ADC event=226 readout=2805 f1far=3134 f2near=2286 f2far=2266
SIPM_ARRIVALS event=411 total=1069
SIPM_ADC event=411 readout=3193 f1far=3678 f2near=3895 f2far=3895
SIPM_ARRIVALS event=443 total=730
SIPM_ADC event=443 readout=2569 f1far=2660 f2near=2553 f2far=2702
SIPM_ARRIVALS event=102 total=763
SIPM_ADC event=102 readout=2501 f1far=3158 f2near=3568 f2far=3328
SIPM_ARRIVALS event=474 total=739
SIPM_ADC event=474 readout=2641 f1far=3441 f2near=2686 f2far=2971
SIPM_ARRIVALS event=164 total=684
SIPM_ADC event=164 readout=1716 f1far=3100 f2near=2875 f2far=2852
SIPM_ARRIVALS event=40 total=812
SIPM_ADC event=40 readout=3569 f1far=3111 f2near=2812 f2far=2649
SIPM_ARRIVALS event=72 total=634
SIPM_ADC event=72 readout=2872 f1far=2746 f2near=2489 f2far=2038
SIPM_ARRIVALS event=288 total=858
SIPM_ADC event=288 readout=3272 f1far=3150 f2near=3361 f2far=2522
SIPM_ARRIVALS event=195 total=726
SIPM_ADC event=195 readout=1629 f1far=2841 f2near=2719 f2far=3142
SIPM_ARRIVALS event=319 total=705
SIPM_ADC event=319 readout=2515 f1far=3163 f2near=2559 f2far=2297
SIPM_ARRIVALS event=379 total=730
SIPM_ADC event=379 readout=3086 f1far=2990 f2near=2244 f2far=2559
SIPM_ARRIVALS event=350 total=730
SIPM_ADC event=350 readout=2772 f1far=2654 f2near=2771 f2far=2437
SIPM_ARRIVALS event=134 total=925
SIPM_ADC event=134 readout=3629 f1far=3110 f2near=3895 f2far=2944
SIPM_ARRIVALS event=257 total=764
SIPM_ADC event=257 readout=3042 f1far=3187 f2near=2898 f2far=2705
SIPM_ARRIVALS event=8 total=949
SIPM_ADC event=8 readout=3665 f1far=3407 f2near=3895 f2far=3194
SIPM_ARRIVALS event=227 total=732
SIPM_ADC event=227 readout=2695 f1far=2624 f2near=2122 f2far=3149
SIPM_ARRIVALS event=412 total=749
SIPM_ADC event=412 readout=2880 f1far=2751 f2near=2138 f2far=3559
SIPM_ARRIVALS event=475 total=690
SIPM_ADC event=475 readout=2398 f1far=2800 f2near=2388 f2far=2423
SIPM_ARRIVALS event=444 total=874
SIPM_ADC event=444 readout=3115 f1far=3895 f2near=3895 f2far=3066
SIPM_ARRIVALS event=41 total=776
SIPM_ADC event=41 readout=3318 f1far=3680 f2near=2721 f2far=2994
SIPM_ARRIVALS event=165 total=839
SIPM_ADC event=165 readout=3102 f1far=2885 f2near=2458 f2far=3463
SIPM_ARRIVALS event=103 total=888
SIPM_ADC event=103 readout=2920 f1far=3482 f2near=3872 f2far=3504
SIPM_ARRIVALS event=289 total=795
SIPM_ADC event=289 readout=2499 f1far=2917 f2near=3139 f2far=2987
SIPM_ARRIVALS event=320 total=744
SIPM_ADC event=320 readout=3198 f1far=3164 f2near=2222 f2far=2169
SIPM_ARRIVALS event=196 total=772
SIPM_ADC event=196 readout=3063 f1far=2537 f2near=3006 f2far=2375
SIPM_ARRIVALS event=258 total=705
SIPM_ADC event=258 readout=2889 f1far=2621 f2near=2456 f2far=2339
SIPM_ARRIVALS event=135 total=788
SIPM_ADC event=135 readout=2318 f1far=2741 f2near=3002 f2far=3040
SIPM_ARRIVALS event=380 total=812
SIPM_ADC event=380 readout=2512 f1far=3080 f2near=3339 f2far=2436
SIPM_ARRIVALS event=351 total=785
SIPM_ADC event=351 readout=3306 f1far=3219 f2near=2389 f2far=3539
SIPM_ARRIVALS event=228 total=779
SIPM_ADC event=228 readout=2553 f1far=3179 f2near=3891 f2far=2707
SIPM_ARRIVALS event=9 total=1034
SIPM_ADC event=9 readout=3895 f1far=3895 f2near=3895 f2far=3895
SIPM_ARRIVALS event=104 total=625
SIPM_ADC event=104 readout=1695 f1far=2784 f2near=1960 f2far=2728
SIPM_ARRIVALS event=42 total=732
SIPM_ADC event=42 readout=2245 f1far=2140 f2near=2458 f2far=3290
SIPM_ARRIVALS event=445 total=799
SIPM_ADC event=445 readout=3270 f1far=3017 f2near=2435 f2far=2833
SIPM_ARRIVALS event=166 total=766
SIPM_ADC event=166 readout=2081 f1far=2904 f2near=2868 f2far=2861
SIPM_ARRIVALS event=476 total=934
SIPM_ADC event=476 readout=3729 f1far=3766 f2near=3246 f2far=3219
SIPM_ARRIVALS event=197 total=761
SIPM_ADC event=197 readout=3895 f1far=2553 f2near=2695 f2far=2680
SIPM_ARRIVALS event=321 total=873
SIPM_ADC event=321 readout=3214 f1far=3597 f2near=2526 f2far=3895
SIPM_ARRIVALS event=259 total=696
SIPM_ADC event=259 readout=3456 f1far=2373 f2near=1851 f2far=2481
SIPM_ARRIVALS event=136 total=717
SIPM_ADC event=136 readout=3244 f1far=2413 f2near=3000 f2far=2396
SIPM_ARRIVALS event=290 total=924
SIPM_ADC event=290 readout=3759 f1far=3607 f2near=3355 f2far=2800
SIPM_ARRIVALS event=381 total=849
SIPM_ADC event=381 readout=3782 f1far=3543 f2near=3027 f2far=2440
SIPM_ARRIVALS event=10 total=705
SIPM_ADC event=10 readout=2526 f1far=2378 f2near=3895 f2far=2112
SIPM_ARRIVALS event=229 total=738
SIPM_ADC event=229 readout=2879 f1far=3062 f2near=3321 f2far=3287
SIPM_ARRIVALS event=352 total=951
SIPM_ADC event=352 readout=3637 f1far=3895 f2near=3170 f2far=3270
SIPM_ARRIVALS event=73 total=2186
SIPM_ADC event=73 readout=3895 f1far=3895 f2near=3895 f2far=3895
SIPM_ARRIVALS event=43 total=780
SIPM_ADC event=43 readout=3422 f1far=2109 f2near=3418 f2far=2563
SIPM_ARRIVALS event=167 total=704
SIPM_ADC event=167 readout=2172 f1far=2846 f2near=1652 f2far=2950
SIPM_ARRIVALS event=105 total=928
SIPM_ADC event=105 readout=3190 f1far=3056 f2near=3465 f2far=3314
SIPM_ARRIVALS event=198 total=709
SIPM_ADC event=198 readout=2411 f1far=3746 f2near=2307 f2far=2828
SIPM_ARRIVALS event=446 total=980
SIPM_ADC event=446 readout=3699 f1far=3583 f2near=3888 f2far=3572
SIPM_ARRIVALS event=322 total=809
SIPM_ADC event=322 readout=3512 f1far=2959 f2near=3172 f2far=3036
SIPM_ARRIVALS event=477 total=863
SIPM_ADC event=477 readout=3895 f1far=2455 f2near=3639 f2far=3842
SIPM_ARRIVALS event=291 total=657
SIPM_ADC event=291 readout=2891 f1far=2197 f2near=2745 f2far=2387
SIPM_ARRIVALS event=260 total=752
SIPM_ADC event=260 readout=2786 f1far=3023 f2near=2735 f2far=2964
SIPM_ARRIVALS event=137 total=778
SIPM_ADC event=137 readout=2695 f1far=2305 f2near=3798 f2far=3510
SIPM_ARRIVALS event=447 total=181
SIPM_ADC event=447 readout=1257 f1far=913 f2near=750 f2far=835
SIPM_ARRIVALS event=382 total=737
SIPM_ADC event=382 readout=3539 f1far=2858 f2near=2736 f2far=3036
SIPM_ARRIVALS event=11 total=644
SIPM_ADC event=11 readout=2077 f1far=2418 f2near=1774 f2far=1903
SIPM_ARRIVALS event=230 total=728
SIPM_ADC event=230 readout=2746 f1far=3425 f2near=2597 f2far=2812
SIPM_ARRIVALS event=353 total=658
SIPM_ADC event=353 readout=2566 f1far=2244 f2near=2683 f2far=2030
SIPM_ARRIVALS event=74 total=749
SIPM_ADC event=74 readout=2775 f1far=2746 f2near=3042 f2far=2387
SIPM_ARRIVALS event=44 total=867
SIPM_ADC event=44 readout=3895 f1far=3737 f2near=2576 f2far=3520
SIPM_ARRIVALS event=199 total=626
SIPM_ADC event=199 readout=2601 f1far=1811 f2near=3120 f2far=1894
SIPM_ARRIVALS event=106 total=821
SIPM_ADC event=106 readout=2810 f1far=3000 f2near=2962 f2far=2868
SIPM_ARRIVALS event=478 total=653
SIPM_ADC event=478 readout=2530 f1far=2177 f2near=2020 f2far=2929
SIPM_ARRIVALS event=292 total=704
SIPM_ADC event=292 readout=2911 f1far=2353 f2near=2528 f2far=2720
SIPM_ARRIVALS event=323 total=653
SIPM_ADC event=323 readout=2984 f1far=2712 f2near=2164 f2far=2155
SIPM_ARRIVALS event=138 total=719
SIPM_ADC event=138 readout=2104 f1far=2691 f2near=3173 f2far=2397
SIPM_ARRIVALS event=261 total=724
SIPM_ADC event=261 readout=1962 f1far=3561 f2near=2246 f2far=2724
SIPM_ARRIVALS event=168 total=950
SIPM_ADC event=168 readout=3895 f1far=3436 f2near=3895 f2far=3134
SIPM_ARRIVALS event=12 total=776
SIPM_ADC event=12 readout=3085 f1far=2766 f2near=3105 f2far=2766
SIPM_ARRIVALS event=383 total=752
SIPM_ADC event=383 readout=2121 f1far=3263 f2near=2904 f2far=2819
SIPM_ARRIVALS event=231 total=737
SIPM_ADC event=231 readout=2620 f1far=3015 f2near=3895 f2far=2918
SIPM_ARRIVALS event=107 total=661
SIPM_ADC event=107 readout=2026 f1far=2293 f2near=2311 f2far=3388
SIPM_ARRIVALS event=75 total=819
SIPM_ADC event=75 readout=3018 f1far=3500 f2near=3115 f2far=3547
SIPM_ARRIVALS event=45 total=780
SIPM_ADC event=45 readout=3145 f1far=3284 f2near=3210 f2far=3045
SIPM_ARRIVALS event=262 total=642
SIPM_ADC event=262 readout=2030 f1far=2762 f2near=2568 f2far=2483
SIPM_ARRIVALS event=139 total=764
SIPM_ADC event=139 readout=2555 f1far=3198 f2near=2416 f2far=2585
SIPM_ARRIVALS event=324 total=746
SIPM_ADC event=324 readout=2778 f1far=2956 f2near=2722 f2far=3228
SIPM_ARRIVALS event=200 total=807
SIPM_ADC event=200 readout=2905 f1far=3520 f2near=2796 f2far=2877
SIPM_ARRIVALS event=293 total=686
SIPM_ADC event=293 readout=3298 f1far=3082 f2near=2562 f2far=2397
SIPM_ARRIVALS event=413 total=3458
SIPM_ADC event=413 readout=3895 f1far=3895 f2near=3895 f2far=3895
SIPM_ARRIVALS event=169 total=773
SIPM_ADC event=169 readout=2767 f1far=2741 f2near=3154 f2far=2447
SIPM_ARRIVALS event=13 total=673
SIPM_ADC event=13 readout=2662 f1far=3338 f2near=2304 f2far=2648
SIPM_ARRIVALS event=479 total=910
SIPM_ADC event=479 readout=2585 f1far=3895 f2near=3376 f2far=2775
SIPM_ARRIVALS event=384 total=647
SIPM_ADC event=384 readout=2091 f1far=2225 f2near=2343 f2far=2466
SIPM_ARRIVALS event=232 total=841
SIPM_ADC event=232 readout=3771 f1far=3413 f2near=2927 f2far=3766
SIPM_ARRIVALS event=294 total=732
SIPM_ADC event=294 readout=3768 f1far=2739 f2near=3895 f2far=2691
SIPM_ARRIVALS event=263 total=745
SIPM_ADC event=263 readout=2807 f1far=2969 f2near=2827 f2far=2335
SIPM_ARRIVALS event=108 total=837
SIPM_ADC event=108 readout=2749 f1far=3272 f2near=3505 f2far=3140
SIPM_ARRIVALS event=76 total=799
SIPM_ADC event=76 readout=2931 f1far=3397 f2near=2686 f2far=2507
SIPM_ARRIVALS event=140 total=775
SIPM_ADC event=140 readout=2803 f1far=2927 f2near=3020 f2far=2739
SIPM_ARRIVALS event=46 total=817
SIPM_ADC event=46 readout=3556 f1far=2712 f2near=3048 f2far=3142
SIPM_ARRIVALS event=414 total=771
SIPM_ADC event=414 readout=2850 f1far=2654 f2near=2263 f2far=2597
SIPM_ARRIVALS event=14 total=642
SIPM_ADC event=14 readout=2285 f1far=2645 f2near=2464 f2far=2079
SIPM_ARRIVALS event=325 total=936
SIPM_ADC event=325 readout=3895 f1far=3895 f2near=3498 f2far=3895
SIPM_ARRIVALS event=201 total=922
SIPM_ADC event=201 readout=3170 f1far=3308 f2near=3120 f2far=3498
SIPM_ARRIVALS event=385 total=697
SIPM_ADC event=385 readout=2762 f1far=1986 f2near=2263 f2far=2597
SIPM_ARRIVALS event=480 total=766
SIPM_ADC event=480 readout=2147 f1far=2942 f2near=2847 f2far=2819
SIPM_ARRIVALS event=233 total=811
SIPM_ADC event=233 readout=2753 f1far=2869 f2near=2598 f2far=3296
SIPM_ARRIVALS event=170 total=1234
SIPM_ADC event=170 readout=3895 f1far=3895 f2near=3895 f2far=3895
SIPM_ARRIVALS event=264 total=707
SIPM_ADC event=264 readout=2297 f1far=2378 f2near=2199 f2far=3400
SIPM_ARRIVALS event=295 total=720
SIPM_ADC event=295 readout=2473 f1far=3390 f2near=2779 f2far=2770
SIPM_ARRIVALS event=77 total=713
SIPM_ADC event=77 readout=2475 f1far=2923 f2near=2302 f2far=3237
SIPM_ARRIVALS event=47 total=728
SIPM_ADC event=47 readout=2933 f1far=2971 f2near=2361 f2far=2642
SIPM_ARRIVALS event=326 total=655
SIPM_ADC event=326 readout=1151 f1far=2108 f2near=1932 f2far=3096
SIPM_ARRIVALS event=415 total=686
SIPM_ADC event=415 readout=3006 f1far=2762 f2near=2507 f2far=2543
SIPM_ARRIVALS event=109 total=785
SIPM_ADC event=109 readout=3176 f1far=2858 f2near=2685 f2far=3798
SIPM_ARRIVALS event=15 total=759
SIPM_ADC event=15 readout=2769 f1far=2427 f2near=2493 f2far=3322
SIPM_ARRIVALS event=141 total=760
SIPM_ADC event=141 readout=3122 f1far=3030 f2near=3545 f2far=2818
SIPM_ARRIVALS event=448 total=2761
SIPM_ADC event=448 readout=3895 f1far=3895 f2near=3895 f2far=3895
SIPM_ARRIVALS event=386 total=784
SIPM_ADC event=386 readout=3224 f1far=2575 f2near=2815 f2far=2986
SIPM_ARRIVALS event=202 total=758
SIPM_ADC event=202 readout=2118 f1far=2705 f2near=2792 f2far=3037
SIPM_ARRIVALS event=481 total=712
SIPM_ADC event=481 readout=2091 f1far=2678 f2near=3895 f2far=2862
SIPM_ARRIVALS event=234 total=714
SIPM_ADC event=234 readout=3162 f1far=2885 f2near=2991 f2far=2810
SIPM_ARRIVALS event=265 total=771
SIPM_ADC event=265 readout=3218 f1far=3403 f2near=3895 f2far=2953
SIPM_ARRIVALS event=171 total=925
SIPM_ADC event=171 readout=3436 f1far=3523 f2near=3895 f2far=2360
SIPM_ARRIVALS event=296 total=778
SIPM_ADC event=296 readout=3032 f1far=2912 f2near=2889 f2far=3044
SIPM_ARRIVALS event=327 total=730
SIPM_ADC event=327 readout=2801 f1far=3097 f2near=2321 f2far=2959
SIPM_ARRIVALS event=416 total=758
SIPM_ADC event=416 readout=2611 f1far=3240 f2near=2748 f2far=3190
SIPM_ARRIVALS event=48 total=811
SIPM_ADC event=48 readout=2642 f1far=2736 f2near=3427 f2far=2680
SIPM_ARRIVALS event=142 total=709
SIPM_ADC event=142 readout=2797 f1far=2075 f2near=3456 f2far=2732
SIPM_ARRIVALS event=78 total=798
SIPM_ADC event=78 readout=2801 f1far=2836 f2near=2329 f2far=2783
SIPM_ARRIVALS event=16 total=829
SIPM_ADC event=16 readout=2675 f1far=3656 f2near=2825 f2far=2816
SIPM_ARRIVALS event=449 total=861
SIPM_ADC event=449 readout=2924 f1far=3278 f2near=3033 f2far=3413
SIPM_ARRIVALS event=203 total=739
SIPM_ADC event=203 readout=2324 f1far=2509 f2near=2407 f2far=3160
SIPM_ARRIVALS event=482 total=703
SIPM_ADC event=482 readout=2697 f1far=2259 f2near=3280 f2far=2598
SIPM_ARRIVALS event=387 total=815
SIPM_ADC event=387 readout=2976 f1far=3368 f2near=3119 f2far=2770
SIPM_ARRIVALS event=110 total=899
SIPM_ADC event=110 readout=3084 f1far=3412 f2near=3895 f2far=3682
SIPM_ARRIVALS event=235 total=903
SIPM_ADC event=235 readout=3153 f1far=3895 f2near=3336 f2far=3057
SIPM_ARRIVALS event=354 total=4069
SIPM_ADC event=354 readout=3895 f1far=3895 f2near=3895 f2far=3895
SIPM_ARRIVALS event=266 total=756
SIPM_ADC event=266 readout=3370 f1far=2719 f2near=2053 f2far=2851
SIPM_ARRIVALS event=297 total=752
SIPM_ADC event=297 readout=3050 f1far=2769 f2near=2610 f2far=3165
SIPM_ARRIVALS event=172 total=806
SIPM_ADC event=172 readout=2770 f1far=2523 f2near=3303 f2far=2974
SIPM_ARRIVALS event=417 total=723
SIPM_ADC event=417 readout=2508 f1far=2924 f2near=2620 f2far=2078
SIPM_ARRIVALS event=143 total=678
SIPM_ADC event=143 readout=2478 f1far=2613 f2near=2261 f2far=2634
SIPM_ARRIVALS event=49 total=762
SIPM_ADC event=49 readout=2454 f1far=2843 f2near=2562 f2far=3506
SIPM_ARRIVALS event=79 total=693
SIPM_ADC event=79 readout=2635 f1far=2793 f2near=3126 f2far=2014
SIPM_ARRIVALS event=328 total=798
SIPM_ADC event=328 readout=2977 f1far=2719 f2near=2607 f2far=3002
SIPM_ARRIVALS event=450 total=785
SIPM_ADC event=450 readout=2528 f1far=2789 f2near=3618 f2far=2613
SIPM_ARRIVALS event=388 total=698
SIPM_ADC event=388 readout=2471 f1far=2534 f2near=2825 f2far=2536
SIPM_ARRIVALS event=17 total=810
SIPM_ADC event=17 readout=3719 f1far=2988 f2near=3104 f2far=3537
SIPM_ARRIVALS event=483 total=681
SIPM_ADC event=483 readout=2673 f1far=2516 f2near=3001 f2far=2793
SIPM_ARRIVALS event=111 total=737
SIPM_ADC event=111 readout=3121 f1far=3347 f2near=3249 f2far=2640
SIPM_ARRIVALS event=204 total=967
SIPM_ADC event=204 readout=3895 f1far=3479 f2near=3590 f2far=3895
SIPM_ARRIVALS event=355 total=736
SIPM_ADC event=355 readout=2806 f1far=2536 f2near=2496 f2far=2030
SIPM_ARRIVALS event=236 total=788
SIPM_ADC event=236 readout=3726 f1far=3064 f2near=2411 f2far=3242
SIPM_ARRIVALS event=298 total=721
SIPM_ADC event=298 readout=2460 f1far=2525 f2near=1922 f2far=3490
SIPM_ARRIVALS event=144 total=712
SIPM_ADC event=144 readout=2637 f1far=1642 f2near=3015 f2far=2130
SIPM_ARRIVALS event=173 total=742
SIPM_ADC event=173 readout=3037 f1far=2832 f2near=2668 f2far=2583
SIPM_ARRIVALS event=267 total=640
SIPM_ADC event=267 readout=2542 f1far=2790 f2near=1902 f2far=2544
SIPM_ARRIVALS event=50 total=763
SIPM_ADC event=50 readout=3262 f1far=3236 f2near=2789 f2far=3024
SIPM_ARRIVALS event=418 total=818
SIPM_ADC event=418 readout=2129 f1far=3519 f2near=3895 f2far=3244
SIPM_ARRIVALS event=451 total=756
SIPM_ADC event=451 readout=3168 f1far=2542 f2near=3536 f2far=2973
SIPM_ARRIVALS event=389 total=787
SIPM_ADC event=389 readout=3350 f1far=3609 f2near=3142 f2far=2967
SIPM_ARRIVALS event=329 total=858
SIPM_ADC event=329 readout=3527 f1far=2741 f2near=3495 f2far=3244
SIPM_ARRIVALS event=484 total=741
SIPM_ADC event=484 readout=2133 f1far=3418 f2near=2921 f2far=2641
SIPM_ARRIVALS event=80 total=889
SIPM_ADC event=80 readout=3507 f1far=3536 f2near=3834 f2far=3835
SIPM_ARRIVALS event=18 total=857
SIPM_ADC event=18 readout=3114 f1far=3450 f2near=3422 f2far=3360
SIPM_ARRIVALS event=112 total=796
SIPM_ADC event=112 readout=2465 f1far=3179 f2near=2485 f2far=3463
SIPM_ARRIVALS event=205 total=802
SIPM_ADC event=205 readout=2901 f1far=3863 f2near=2975 f2far=3402
SIPM_ARRIVALS event=237 total=745
SIPM_ADC event=237 readout=2717 f1far=2519 f2near=2526 f2far=3431
SIPM_ARRIVALS event=299 total=659
SIPM_ADC event=299 readout=3439 f1far=3524 f2near=1959 f2far=2830
SIPM_ARRIVALS event=51 total=743
SIPM_ADC event=51 readout=2973 f1far=3333 f2near=3090 f2far=2616
SIPM_ARRIVALS event=145 total=775
SIPM_ADC event=145 readout=2624 f1far=2632 f2near=2976 f2far=2752
SIPM_ARRIVALS event=174 total=772
SIPM_ADC event=174 readout=3265 f1far=3166 f2near=3203 f2far=2735
SIPM_ARRIVALS event=268 total=688
SIPM_ADC event=268 readout=3087 f1far=2410 f2near=2500 f2far=2404
SIPM_ARRIVALS event=356 total=896
SIPM_ADC event=356 readout=2967 f1far=2823 f2near=2671 f2far=3335
SIPM_ARRIVALS event=419 total=728
SIPM_ADC event=419 readout=2314 f1far=1942 f2near=2690 f2far=3293
SIPM_ARRIVALS event=390 total=787
SIPM_ADC event=390 readout=3270 f1far=2944 f2near=2929 f2far=2278
SIPM_ARRIVALS event=330 total=787
SIPM_ADC event=330 readout=2561 f1far=3341 f2near=3250 f2far=3364
SIPM_ARRIVALS event=452 total=854
SIPM_ADC event=452 readout=2550 f1far=3223 f2near=3173 f2far=2870
SIPM_ARRIVALS event=19 total=714
SIPM_ADC event=19 readout=2720 f1far=2423 f2near=3300 f2far=3139
SIPM_ARRIVALS event=81 total=840
SIPM_ADC event=81 readout=3255 f1far=3233 f2near=2664 f2far=3193
SIPM_ARRIVALS event=485 total=876
SIPM_ADC event=485 readout=3466 f1far=2699 f2near=3415 f2far=3175
SIPM_ARRIVALS event=113 total=816
SIPM_ADC event=113 readout=2914 f1far=3567 f2near=3275 f2far=2975
SIPM_ARRIVALS event=206 total=772
SIPM_ADC event=206 readout=2882 f1far=3121 f2near=2375 f2far=2931
SIPM_ARRIVALS event=300 total=810
SIPM_ADC event=300 readout=2625 f1far=2896 f2near=2817 f2far=2555
SIPM_ARRIVALS event=238 total=820
SIPM_ADC event=238 readout=3737 f1far=3529 f2near=3224 f2far=2809
SIPM_ARRIVALS event=52 total=750
SIPM_ADC event=52 readout=2871 f1far=3054 f2near=2540 f2far=2114
SIPM_ARRIVALS event=357 total=680
SIPM_ADC event=357 readout=2066 f1far=2718 f2near=1960 f2far=2599
SIPM_ARRIVALS event=146 total=837
SIPM_ADC event=146 readout=3120 f1far=2940 f2near=3895 f2far=3185
SIPM_ARRIVALS event=175 total=787
SIPM_ADC event=175 readout=2961 f1far=2830 f2near=3455 f2far=3133
SIPM_ARRIVALS event=420 total=774
SIPM_ADC event=420 readout=2853 f1far=2926 f2near=3165 f2far=3257
SIPM_ARRIVALS event=269 total=836
SIPM_ADC event=269 readout=2966 f1far=3168 f2near=3246 f2far=2754
SIPM_ARRIVALS event=453 total=688
SIPM_ADC event=453 readout=1694 f1far=2557 f2near=2541 f2far=2730
SIPM_ARRIVALS event=20 total=686
SIPM_ADC event=20 readout=2824 f1far=2846 f2near=2641 f2far=1875
SIPM_ARRIVALS event=391 total=841
SIPM_ADC event=391 readout=3617 f1far=2935 f2near=3199 f2far=2830
SIPM_ARRIVALS event=82 total=734
SIPM_ADC event=82 readout=2438 f1far=2684 f2near=2358 f2far=2752
SIPM_ARRIVALS event=331 total=993
SIPM_ADC event=331 readout=3227 f1far=2821 f2near=3793 f2far=3889
SIPM_ARRIVALS event=207 total=710
SIPM_ADC event=207 readout=2945 f1far=2739 f2near=2880 f2far=1882
SIPM_ARRIVALS event=114 total=797
SIPM_ADC event=114 readout=2581 f1far=3161 f2near=2413 f2far=3088
SIPM_ARRIVALS event=301 total=715
SIPM_ADC event=301 readout=3111 f1far=3247 f2near=2238 f2far=2702
SIPM_ARRIVALS event=486 total=894
SIPM_ADC event=486 readout=3408 f1far=3147 f2near=3895 f2far=3321
SIPM_ARRIVALS event=421 total=523
SIPM_ADC event=421 readout=2231 f1far=1985 f2near=2017 f2far=2054
SIPM_ARRIVALS event=176 total=684
SIPM_ADC event=176 readout=2752 f1far=2306 f2near=2022 f2far=2538
SIPM_ARRIVALS event=147 total=705
SIPM_ADC event=147 readout=2242 f1far=2441 f2near=3134 f2far=2550
SIPM_ARRIVALS event=239 total=820
SIPM_ADC event=239 readout=3176 f1far=3426 f2near=2263 f2far=3438
SIPM_ARRIVALS event=454 total=751
SIPM_ADC event=454 readout=2880 f1far=3094 f2near=2968 f2far=3136
SIPM_ARRIVALS event=270 total=803
SIPM_ADC event=270 readout=3464 f1far=2988 f2near=2845 f2far=2830
SIPM_ARRIVALS event=358 total=918
SIPM_ADC event=358 readout=3880 f1far=3643 f2near=2545 f2far=3895
SIPM_ARRIVALS event=21 total=728
SIPM_ADC event=21 readout=2923 f1far=2530 f2near=3672 f2far=2225
SIPM_ARRIVALS event=392 total=667
SIPM_ADC event=392 readout=2459 f1far=2213 f2near=2738 f2far=2487
SIPM_ARRIVALS event=83 total=734
SIPM_ADC event=83 readout=2572 f1far=2808 f2near=3269 f2far=2854
SIPM_ARRIVALS event=208 total=691
SIPM_ADC event=208 readout=2421 f1far=2738 f2near=2815 f2far=2561
SIPM_ARRIVALS event=332 total=752
SIPM_ADC event=332 readout=2477 f1far=3703 f2near=2912 f2far=2933
SIPM_ARRIVALS event=115 total=643
SIPM_ADC event=115 readout=2800 f1far=2604 f2near=2574 f2far=2915
SIPM_ARRIVALS event=487 total=759
SIPM_ADC event=487 readout=3163 f1far=3106 f2near=2293 f2far=2398
SIPM_ARRIVALS event=302 total=783
SIPM_ADC event=302 readout=3107 f1far=2882 f2near=2783 f2far=2700
SIPM_ARRIVALS event=148 total=771
SIPM_ADC event=148 readout=2614 f1far=3075 f2near=2557 f2far=2555
SIPM_ARRIVALS event=422 total=910
SIPM_ADC event=422 readout=2870 f1far=3895 f2near=3780 f2far=3553
SIPM_ARRIVALS event=240 total=690
SIPM_ADC event=240 readout=2471 f1far=2386 f2near=2866 f2far=2913
SIPM_ARRIVALS event=177 total=848
SIPM_ADC event=177 readout=2582 f1far=3192 f2near=3883 f2far=3334
SIPM_ARRIVALS event=359 total=862
SIPM_ADC event=359 readout=2686 f1far=2646 f2near=3401 f2far=3163
SIPM_ARRIVALS event=393 total=724
SIPM_ADC event=393 readout=2859 f1far=2551 f2near=2926 f2far=2630
SIPM_ARRIVALS event=22 total=817
SIPM_ADC event=22 readout=3354 f1far=3606 f2near=2616 f2far=3851
SIPM_ARRIVALS event=333 total=739
SIPM_ADC event=333 readout=2379 f1far=3746 f2near=2924 f2far=2123
SIPM_ARRIVALS event=84 total=816
SIPM_ADC event=84 readout=3895 f1far=2976 f2near=3317 f2far=2803
SIPM_ARRIVALS event=53 total=1964
SIPM_ADC event=53 readout=3895 f1far=3895 f2near=3895 f2far=3895
SIPM_ARRIVALS event=116 total=785
SIPM_ADC event=116 readout=3397 f1far=2484 f2near=3073 f2far=2476
SIPM_ARRIVALS event=455 total=1213
SIPM_ADC event=455 readout=3895 f1far=3722 f2near=3895 f2far=3895
SIPM_ARRIVALS event=303 total=752
SIPM_ADC event=303 readout=2858 f1far=3537 f2near=2694 f2far=2716
SIPM_ARRIVALS event=209 total=975
SIPM_ADC event=209 readout=3895 f1far=3875 f2near=3895 f2far=3624
SIPM_ARRIVALS event=488 total=776
SIPM_ADC event=488 readout=2745 f1far=2415 f2near=2534 f2far=3208
SIPM_ARRIVALS event=423 total=707
SIPM_ADC event=423 readout=2040 f1far=3103 f2near=3226 f2far=2552
SIPM_ARRIVALS event=149 total=760
SIPM_ADC event=149 readout=2538 f1far=3067 f2near=2621 f2far=2731
SIPM_ARRIVALS event=241 total=838
SIPM_ADC event=241 readout=3607 f1far=3895 f2near=2673 f2far=2899
SIPM_ARRIVALS event=360 total=691
SIPM_ADC event=360 readout=1814 f1far=2322 f2near=3281 f2far=2744
SIPM_ARRIVALS event=178 total=1020
SIPM_ADC event=178 readout=3255 f1far=3895 f2near=2951 f2far=3895
SIPM_ARRIVALS event=334 total=734
SIPM_ADC event=334 readout=3267 f1far=3203 f2near=2677 f2far=2759
SIPM_ARRIVALS event=85 total=750
SIPM_ADC event=85 readout=2841 f1far=1808 f2near=2753 f2far=2905
SIPM_ARRIVALS event=23 total=839
SIPM_ADC event=23 readout=2754 f1far=2582 f2near=3835 f2far=3562
SIPM_ARRIVALS event=86 total=127
SIPM_ADC event=86 readout=784 f1far=446 f2near=572 f2far=629
SIPM_ARRIVALS event=54 total=820
SIPM_ADC event=54 readout=3438 f1far=2774 f2near=3207 f2far=2666
SIPM_ARRIVALS event=117 total=806
SIPM_ADC event=117 readout=2653 f1far=2417 f2near=3685 f2far=3047
SIPM_ARRIVALS event=304 total=719
SIPM_ADC event=304 readout=2795 f1far=3228 f2near=2786 f2far=2878
SIPM_ARRIVALS event=456 total=817
SIPM_ADC event=456 readout=3484 f1far=2892 f2near=2981 f2far=2451
SIPM_ARRIVALS event=489 total=800
SIPM_ADC event=489 readout=3172 f1far=3895 f2near=2891 f2far=3457
SIPM_ARRIVALS event=210 total=828
SIPM_ADC event=210 readout=2212 f1far=2642 f2near=3334 f2far=2648
SIPM_ARRIVALS event=150 total=756
SIPM_ADC event=150 readout=3577 f1far=2931 f2near=2045 f2far=3090
SIPM_ARRIVALS event=424 total=893
SIPM_ADC event=424 readout=3471 f1far=3812 f2near=3895 f2far=2188
SIPM_ARRIVALS event=242 total=771
SIPM_ADC event=242 readout=2775 f1far=3895 f2near=1984 f2far=2699
SIPM_ARRIVALS event=361 total=754
SIPM_ADC event=361 readout=2919 f1far=2345 f2near=3048 f2far=2647
SIPM_ARRIVALS event=179 total=704
SIPM_ADC event=179 readout=2508 f1far=3318 f2near=3125 f2far=1981
SIPM_ARRIVALS event=335 total=684
SIPM_ADC event=335 readout=2907 f1far=2857 f2near=2445 f2far=2422
SIPM_ARRIVALS event=24 total=703
SIPM_ADC event=24 readout=2789 f1far=2601 f2near=3045 f2far=2226
SIPM_ARRIVALS event=118 total=653
SIPM_ADC event=118 readout=2531 f1far=2957 f2near=2494 f2far=2362
SIPM_ARRIVALS event=305 total=806
SIPM_ADC event=305 readout=2888 f1far=2998 f2near=3181 f2far=2560
SIPM_ARRIVALS event=211 total=712
SIPM_ADC event=211 readout=3167 f1far=2243 f2near=2511 f2far=2795
SIPM_ARRIVALS event=457 total=746
SIPM_ADC event=457 readout=2585 f1far=3133 f2near=2277 f2far=2849
SIPM_ARRIVALS event=87 total=901
SIPM_ADC event=87 readout=3658 f1far=3019 f2near=3861 f2far=3256
SIPM_ARRIVALS event=55 total=1005
SIPM_ADC event=55 readout=3895 f1far=3620 f2near=3446 f2far=3895
SIPM_ARRIVALS event=425 total=762
SIPM_ADC event=425 readout=2751 f1far=2657 f2near=3175 f2far=2679
SIPM_ARRIVALS event=243 total=804
SIPM_ADC event=243 readout=3337 f1far=2284 f2near=2620 f2far=2910
SIPM_ARRIVALS event=151 total=934
SIPM_ADC event=151 readout=3455 f1far=3777 f2near=2916 f2far=3708
SIPM_ARRIVALS event=362 total=790
SIPM_ADC event=362 readout=2667 f1far=3071 f2near=2948 f2far=2318
SIPM_ARRIVALS event=180 total=773
SIPM_ADC event=180 readout=2224 f1far=3857 f2near=2991 f2far=2580
SIPM_ARRIVALS event=336 total=710
SIPM_ADC event=336 readout=2033 f1far=2544 f2near=2770 f2far=2587
SIPM_ARRIVALS event=119 total=738
SIPM_ADC event=119 readout=2954 f1far=3895 f2near=2762 f2far=2989
SIPM_ARRIVALS event=25 total=821
SIPM_ADC event=25 readout=2564 f1far=3218 f2near=3104 f2far=3375
SIPM_ARRIVALS event=88 total=718
SIPM_ADC event=88 readout=2274 f1far=3179 f2near=2629 f2far=2185
SIPM_ARRIVALS event=458 total=683
SIPM_ADC event=458 readout=3424 f1far=2504 f2near=2469 f2far=3028
SIPM_ARRIVALS event=212 total=765
SIPM_ADC event=212 readout=2758 f1far=2732 f2near=2493 f2far=3160
SIPM_ARRIVALS event=426 total=760
SIPM_ADC event=426 readout=2312 f1far=2689 f2near=2580 f2far=2161
SIPM_ARRIVALS event=56 total=964
SIPM_ADC event=56 readout=3895 f1far=3315 f2near=3895 f2far=3461
SIPM_ARRIVALS event=306 total=1001
SIPM_ADC event=306 readout=3155 f1far=3421 f2near=3416 f2far=3517
SIPM_ARRIVALS event=244 total=750
SIPM_ADC event=244 readout=3317 f1far=2557 f2near=3208 f2far=2735
SIPM_ARRIVALS event=490 total=1831
SIPM_ADC event=490 readout=3895 f1far=3895 f2near=3895 f2far=3895
SIPM_ARRIVALS event=337 total=768
SIPM_ADC event=337 readout=3049 f1far=2279 f2near=3053 f2far=3045
SIPM_ARRIVALS event=152 total=920
SIPM_ADC event=152 readout=3228 f1far=3363 f2near=3300 f2far=3499
SIPM_ARRIVALS event=120 total=657
SIPM_ADC event=120 readout=3098 f1far=2399 f2near=2295 f2far=2193
SIPM_ARRIVALS event=181 total=946
SIPM_ADC event=181 readout=3895 f1far=3249 f2near=3895 f2far=3895
SIPM_ARRIVALS event=26 total=829
SIPM_ADC event=26 readout=2662 f1far=2896 f2near=2605 f2far=3754
SIPM_ARRIVALS event=459 total=685
SIPM_ADC event=459 readout=2169 f1far=2522 f2near=2583 f2far=2645
SIPM_ARRIVALS event=89 total=756
SIPM_ADC event=89 readout=2751 f1far=2540 f2near=2882 f2far=2881
SIPM_ARRIVALS event=245 total=623
SIPM_ADC event=245 readout=2064 f1far=2118 f2near=2758 f2far=2727
SIPM_ARRIVALS event=307 total=694
SIPM_ADC event=307 readout=2916 f1far=2343 f2near=2784 f2far=2546
SIPM_ARRIVALS event=427 total=771
SIPM_ADC event=427 readout=2780 f1far=2471 f2near=2302 f2far=3001
SIPM_ARRIVALS event=213 total=765
SIPM_ADC event=213 readout=2270 f1far=2705 f2near=2450 f2far=3100
SIPM_ARRIVALS event=57 total=792
SIPM_ADC event=57 readout=3895 f1far=2615 f2near=2331 f2far=2658
SIPM_ARRIVALS event=121 total=633
SIPM_ADC event=121 readout=2264 f1far=2319 f2near=2131 f2far=2123
SIPM_ARRIVALS event=153 total=717
SIPM_ADC event=153 readout=2798 f1far=2739 f2near=2097 f2far=2343
SIPM_ARRIVALS event=338 total=726
SIPM_ADC event=338 readout=2798 f1far=3526 f2near=3268 f2far=1989
SIPM_ARRIVALS event=182 total=780
SIPM_ADC event=182 readout=2635 f1far=2963 f2near=3399 f2far=3288
SIPM_ARRIVALS event=27 total=747
SIPM_ADC event=27 readout=3184 f1far=3619 f2near=2920 f2far=3129
SIPM_ARRIVALS event=460 total=737
SIPM_ADC event=460 readout=2736 f1far=2634 f2near=2895 f2far=2513
SIPM_ARRIVALS event=90 total=721
SIPM_ADC event=90 readout=2898 f1far=3256 f2near=2723 f2far=2730
SIPM_ARRIVALS event=246 total=733
SIPM_ADC event=246 readout=3162 f1far=3190 f2near=2582 f2far=2764
SIPM_ARRIVALS event=428 total=724
SIPM_ADC event=428 readout=3322 f1far=2468 f2near=2267 f2far=2855
SIPM_ARRIVALS event=58 total=731
SIPM_ADC event=58 readout=2512 f1far=3011 f2near=2598 f2far=2548
SIPM_ARRIVALS event=214 total=770
SIPM_ADC event=214 readout=2114 f1far=3086 f2near=3099 f2far=3146
SIPM_ARRIVALS event=308 total=789
SIPM_ADC event=308 readout=3388 f1far=2306 f2near=3146 f2far=3257
SIPM_ARRIVALS event=122 total=708
SIPM_ADC event=122 readout=2896 f1far=2209 f2near=2541 f2far=2571
SIPM_ARRIVALS event=339 total=708
SIPM_ADC event=339 readout=2532 f1far=3110 f2near=2323 f2far=3824
SIPM_ARRIVALS event=154 total=810
SIPM_ADC event=154 readout=2563 f1far=2797 f2near=2809 f2far=3172
SIPM_ARRIVALS event=183 total=703
SIPM_ADC event=183 readout=2892 f1far=2740 f2near=2505 f2far=3548
SIPM_ARRIVALS event=461 total=670
SIPM_ADC event=461 readout=3614 f1far=3104 f2near=2512 f2far=2782
SIPM_ARRIVALS event=394 total=4908
SIPM_ADC event=394 readout=3895 f1far=3895 f2near=3895 f2far=3895
SIPM_ARRIVALS event=91 total=782
SIPM_ADC event=91 readout=2994 f1far=2659 f2near=2977 f2far=2605
SIPM_ARRIVALS event=309 total=703
SIPM_ADC event=309 readout=2716 f1far=2793 f2near=2464 f2far=2529
SIPM_ARRIVALS event=28 total=976
SIPM_ADC event=28 readout=3369 f1far=3365 f2near=2789 f2far=3223
SIPM_ARRIVALS event=215 total=762
SIPM_ADC event=215 readout=2586 f1far=3081 f2near=2507 f2far=2656
SIPM_ARRIVALS event=247 total=797
SIPM_ADC event=247 readout=3525 f1far=3583 f2near=1858 f2far=2885
SIPM_ARRIVALS event=429 total=832
SIPM_ADC event=429 readout=2612 f1far=3040 f2near=3239 f2far=3185
SIPM_ARRIVALS event=123 total=780
SIPM_ADC event=123 readout=2401 f1far=3830 f2near=3461 f2far=3381
SIPM_ARRIVALS event=496 total=852
SIPM_ADC event=496 readout=3683 f1far=3822 f2near=3895 f2far=3098
SIPM_ARRIVALS event=462 total=713
SIPM_ADC event=462 readout=3015 f1far=2317 f2near=2646 f2far=2716
SIPM_ARRIVALS event=184 total=785
SIPM_ADC event=184 readout=2570 f1far=3182 f2near=2774 f2far=2661
SIPM_ARRIVALS event=363 total=3280
SIPM_ADC event=363 readout=3895 f1far=3895 f2near=3895 f2far=3895
SIPM_ARRIVALS event=395 total=712
SIPM_ADC event=395 readout=2589 f1far=3344 f2near=2314 f2far=2414
SIPM_ARRIVALS event=92 total=736
SIPM_ADC event=92 readout=2824 f1far=2106 f2near=2988 f2far=2493
SIPM_ARRIVALS event=527 total=653
SIPM_ADC event=527 readout=2382 f1far=2783 f2near=2052 f2far=2470
SIPM_ARRIVALS event=491 total=2576
SIPM_ADC event=491 readout=3895 f1far=3895 f2near=3895 f2far=3895
SIPM_ARRIVALS event=29 total=783
SIPM_ADC event=29 readout=3331 f1far=2335 f2near=2997 f2far=2278
SIPM_ARRIVALS event=216 total=691
SIPM_ADC event=216 readout=2211 f1far=2253 f2near=3134 f2far=1887
SIPM_ARRIVALS event=558 total=757
SIPM_ADC event=558 readout=3895 f1far=2654 f2near=3122 f2far=2817
SIPM_ARRIVALS event=59 total=1548
SIPM_ADC event=59 readout=3895 f1far=3895 f2near=3895 f2far=3895
SIPM_ARRIVALS event=430 total=777
SIPM_ADC event=430 readout=2963 f1far=3307 f2near=3191 f2far=3476
SIPM_ARRIVALS event=589 total=824
SIPM_ADC event=589 readout=2952 f1far=3534 f2near=3232 f2far=3397
SIPM_ARRIVALS event=463 total=699
SIPM_ADC event=463 readout=2180 f1far=2396 f2near=2849 f2far=2610
SIPM_ARRIVALS event=364 total=732
SIPM_ADC event=364 readout=2547 f1far=3132 f2near=3054 f2far=3207
SIPM_ARRIVALS event=497 total=842
SIPM_ADC event=497 readout=3084 f1far=2473 f2near=3895 f2far=3316
SIPM_ARRIVALS event=620 total=663
SIPM_ADC event=620 readout=2482 f1far=3149 f2near=2302 f2far=2708
SIPM_ARRIVALS event=492 total=647
SIPM_ADC event=492 readout=2743 f1far=2116 f2near=2412 f2far=2835
SIPM_ARRIVALS event=396 total=723
SIPM_ADC event=396 readout=2593 f1far=2593 f2near=3200 f2far=2364
SIPM_ARRIVALS event=185 total=837
SIPM_ADC event=185 readout=3524 f1far=3417 f2near=3895 f2far=3141
SIPM_ARRIVALS event=528 total=729
SIPM_ADC event=528 readout=2765 f1far=3645 f2near=2850 f2far=2609
SIPM_ARRIVALS event=30 total=725
SIPM_ADC event=30 readout=2752 f1far=2696 f2near=2629 f2far=3109
SIPM_ARRIVALS event=651 total=761
SIPM_ADC event=651 readout=3390 f1far=3895 f2near=3004 f2far=2581
SIPM_ARRIVALS event=559 total=750
SIPM_ADC event=559 readout=3469 f1far=3002 f2near=2803 f2far=2949
SIPM_ARRIVALS event=60 total=694
SIPM_ADC event=60 readout=2242 f1far=2993 f2near=3091 f2far=2887
SIPM_ARRIVALS event=431 total=883
SIPM_ADC event=431 readout=3766 f1far=2614 f2near=3441 f2far=3895
SIPM_ARRIVALS event=464 total=652
SIPM_ADC event=464 readout=2568 f1far=2207 f2near=2282 f2far=2368
SIPM_ARRIVALS event=590 total=820
SIPM_ADC event=590 readout=2700 f1far=3107 f2near=2890 f2far=3477
SIPM_ARRIVALS event=498 total=742
SIPM_ADC event=498 readout=2636 f1far=2860 f2near=2971 f2far=2874
SIPM_ARRIVALS event=621 total=716
SIPM_ADC event=621 readout=2581 f1far=3469 f2near=2779 f2far=2315
SIPM_ARRIVALS event=365 total=791
SIPM_ADC event=365 readout=2993 f1far=2979 f2near=3080 f2far=3302
SIPM_ARRIVALS event=340 total=2637
SIPM_ADC event=340 readout=3895 f1far=3895 f2near=3895 f2far=3895
SIPM_ARRIVALS event=397 total=716
SIPM_ADC event=397 readout=2619 f1far=2701 f2near=2490 f2far=2506
SIPM_ARRIVALS event=682 total=829
SIPM_ADC event=682 readout=3233 f1far=3189 f2near=2920 f2far=3595
SIPM_ARRIVALS event=493 total=846
SIPM_ADC event=493 readout=3517 f1far=2984 f2near=3885 f2far=2544
SIPM_ARRIVALS event=560 total=769
SIPM_ADC event=560 readout=2362 f1far=3159 f2near=3075 f2far=3719
SIPM_ARRIVALS event=529 total=794
SIPM_ADC event=529 readout=3658 f1far=2940 f2near=3305 f2far=2703
SIPM_ARRIVALS event=713 total=845
SIPM_ADC event=713 readout=3798 f1far=2874 f2near=3263 f2far=2612
SIPM_ARRIVALS event=652 total=799
SIPM_ADC event=652 readout=2344 f1far=2485 f2near=3284 f2far=3830
SIPM_ARRIVALS event=61 total=802
SIPM_ADC event=61 readout=2771 f1far=2945 f2near=3320 f2far=2943
SIPM_ARRIVALS event=591 total=742
SIPM_ADC event=591 readout=2514 f1far=2601 f2near=2951 f2far=2511
SIPM_ARRIVALS event=432 total=882
SIPM_ADC event=432 readout=3817 f1far=3085 f2near=3895 f2far=3467
SIPM_ARRIVALS event=499 total=672
SIPM_ADC event=499 readout=2886 f1far=2704 f2near=2588 f2far=2676
SIPM_ARRIVALS event=775 total=705
SIPM_ADC event=775 readout=2570 f1far=2900 f2near=2852 f2far=2291
SIPM_ARRIVALS event=398 total=683
SIPM_ADC event=398 readout=2511 f1far=2400 f2near=3114 f2far=3431
SIPM_ARRIVALS event=744 total=867
SIPM_ADC event=744 readout=3549 f1far=2857 f2near=3163 f2far=3658
SIPM_ARRIVALS event=366 total=745
SIPM_ADC event=366 readout=3277 f1far=2262 f2near=2568 f2far=3038
SIPM_ARRIVALS event=683 total=711
SIPM_ADC event=683 readout=3013 f1far=2570 f2near=2978 f2far=2468
SIPM_ARRIVALS event=622 total=778
SIPM_ADC event=622 readout=2832 f1far=3006 f2near=3074 f2far=2970
SIPM_ARRIVALS event=561 total=804
SIPM_ADC event=561 readout=2671 f1far=2856 f2near=2663 f2far=3727
SIPM_ARRIVALS event=530 total=816
SIPM_ADC event=530 readout=3826 f1far=2950 f2near=3545 f2far=2802
SIPM_ARRIVALS event=806 total=698
SIPM_ADC event=806 readout=2394 f1far=2584 f2near=2238 f2far=3895
SIPM_ARRIVALS event=714 total=936
SIPM_ADC event=714 readout=2981 f1far=3402 f2near=3528 f2far=3784
SIPM_ARRIVALS event=653 total=980
SIPM_ADC event=653 readout=3895 f1far=2695 f2near=3895 f2far=3651
SIPM_ARRIVALS event=433 total=714
SIPM_ADC event=433 readout=1965 f1far=2390 f2near=3021 f2far=2116
SIPM_ARRIVALS event=592 total=790
SIPM_ADC event=592 readout=2326 f1far=3136 f2near=2709 f2far=3795
SIPM_ARRIVALS event=494 total=1229
SIPM_ADC event=494 readout=3895 f1far=3895 f2near=3895 f2far=3895
SIPM_ARRIVALS event=500 total=794
SIPM_ADC event=500 readout=2839 f1far=2548 f2near=2873 f2far=3232
SIPM_ARRIVALS event=776 total=793
SIPM_ADC event=776 readout=2852 f1far=2590 f2near=3128 f2far=3895
SIPM_ARRIVALS event=684 total=682
SIPM_ADC event=684 readout=2513 f1far=3303 f2near=2320 f2far=2717
SIPM_ARRIVALS event=367 total=749
SIPM_ADC event=367 readout=2008 f1far=2282 f2near=2459 f2far=3240
SIPM_ARRIVALS event=745 total=846
SIPM_ADC event=745 readout=3841 f1far=3895 f2near=3279 f2far=2619
SIPM_ARRIVALS event=399 total=813
SIPM_ADC event=399 readout=2875 f1far=3052 f2near=3118 f2far=2780
SIPM_ARRIVALS event=562 total=686
SIPM_ADC event=562 readout=2344 f1far=2795 f2near=1754 f2far=3310
SIPM_ARRIVALS event=623 total=808
SIPM_ADC event=623 readout=2612 f1far=3532 f2near=2419 f2far=3279
SIPM_ARRIVALS event=807 total=813
SIPM_ADC event=807 readout=3330 f1far=3844 f2near=2775 f2far=2844
SIPM_ARRIVALS event=531 total=874
SIPM_ADC event=531 readout=3160 f1far=3578 f2near=3895 f2far=2863
SIPM_ARRIVALS event=715 total=664
SIPM_ADC event=715 readout=2545 f1far=2121 f2near=2768 f2far=2749
SIPM_ARRIVALS event=271 total=9916
SIPM_ADC event=271 readout=3895 f1far=3895 f2near=3895 f2far=3895
SIPM_ARRIVALS event=837 total=683
SIPM_ADC event=837 readout=2938 f1far=2923 f2near=2905 f2far=2028
SIPM_ARRIVALS event=654 total=824
SIPM_ADC event=654 readout=3191 f1far=2255 f2near=3895 f2far=3794
SIPM_ARRIVALS event=593 total=747
SIPM_ADC event=593 readout=3620 f1far=2379 f2near=3224 f2far=2706
SIPM_ARRIVALS event=501 total=716
SIPM_ADC event=501 readout=2237 f1far=3503 f2near=3154 f2far=2746
SIPM_ARRIVALS event=495 total=835
SIPM_ADC event=495 readout=2595 f1far=2794 f2near=3895 f2far=3470
SIPM_ARRIVALS event=685 total=765
SIPM_ADC event=685 readout=3440 f1far=2642 f2near=2748 f2far=2931
SIPM_ARRIVALS event=746 total=749
SIPM_ADC event=746 readout=3172 f1far=2374 f2near=3168 f2far=3117
SIPM_ARRIVALS event=777 total=870
SIPM_ADC event=777 readout=2659 f1far=3659 f2near=2952 f2far=3322
SIPM_ARRIVALS event=624 total=743
SIPM_ADC event=624 readout=3098 f1far=2702 f2near=2357 f2far=3094
SIPM_ARRIVALS event=400 total=833
SIPM_ADC event=400 readout=3357 f1far=3351 f2near=3369 f2far=2562
SIPM_ARRIVALS event=563 total=746
SIPM_ADC event=563 readout=2962 f1far=3101 f2near=2618 f2far=3087
SIPM_ARRIVALS event=532 total=723
SIPM_ADC event=532 readout=2749 f1far=3382 f2near=2816 f2far=2985
SIPM_ARRIVALS event=368 total=970
SIPM_ADC event=368 readout=3895 f1far=3874 f2near=3388 f2far=3856
SIPM_ARRIVALS event=808 total=813
SIPM_ADC event=808 readout=2726 f1far=2988 f2near=3135 f2far=2707
SIPM_ARRIVALS event=272 total=726
SIPM_ADC event=272 readout=2779 f1far=2775 f2near=2618 f2far=2500
SIPM_ARRIVALS event=838 total=736
SIPM_ADC event=838 readout=3027 f1far=3540 f2near=2597 f2far=2182
SIPM_ARRIVALS event=716 total=816
SIPM_ADC event=716 readout=3302 f1far=2697 f2near=3064 f2far=2607
SIPM_ARRIVALS event=502 total=733
SIPM_ADC event=502 readout=3499 f1far=2776 f2near=2671 f2far=2133
SIPM_ARRIVALS event=594 total=719
SIPM_ADC event=594 readout=2476 f1far=1952 f2near=2830 f2far=2515
SIPM_ARRIVALS event=655 total=921
SIPM_ADC event=655 readout=3032 f1far=3233 f2near=3010 f2far=3787
SIPM_ARRIVALS event=625 total=645
SIPM_ADC event=625 readout=2444 f1far=2729 f2near=2230 f2far=2388
SIPM_ARRIVALS event=686 total=877
SIPM_ADC event=686 readout=3816 f1far=2945 f2near=3176 f2far=3849
SIPM_ARRIVALS event=778 total=874
SIPM_ADC event=778 readout=2841 f1far=3383 f2near=3186 f2far=3598
SIPM_ARRIVALS event=564 total=733
SIPM_ADC event=564 readout=2674 f1far=3361 f2near=2560 f2far=2586
SIPM_ARRIVALS event=401 total=826
SIPM_ADC event=401 readout=3253 f1far=3251 f2near=3895 f2far=3004
SIPM_ARRIVALS event=369 total=717
SIPM_ADC event=369 readout=2789 f1far=2868 f2near=2826 f2far=3680
SIPM_ARRIVALS event=839 total=765
SIPM_ADC event=839 readout=3187 f1far=2675 f2near=3423 f2far=3405
SIPM_ARRIVALS event=809 total=822
SIPM_ADC event=809 readout=2880 f1far=3666 f2near=3194 f2far=2125
SIPM_ARRIVALS event=533 total=884
SIPM_ADC event=533 readout=3546 f1far=3337 f2near=2671 f2far=3500
SIPM_ARRIVALS event=503 total=770
SIPM_ADC event=503 readout=3139 f1far=2853 f2near=3114 f2far=3130
SIPM_ARRIVALS event=595 total=759
SIPM_ADC event=595 readout=1932 f1far=3219 f2near=3226 f2far=3192
SIPM_ARRIVALS event=273 total=924
SIPM_ADC event=273 readout=3895 f1far=3671 f2near=3267 f2far=2967
SIPM_ARRIVALS event=717 total=898
SIPM_ADC event=717 readout=3895 f1far=3684 f2near=3139 f2far=3226
SIPM_ARRIVALS event=656 total=727
SIPM_ADC event=656 readout=3139 f1far=3219 f2near=2414 f2far=2906
SIPM_ARRIVALS event=687 total=738
SIPM_ADC event=687 readout=2562 f1far=2343 f2near=2902 f2far=2895
SIPM_ARRIVALS event=626 total=866
SIPM_ADC event=626 readout=3446 f1far=3117 f2near=3521 f2far=3016
SIPM_ARRIVALS event=565 total=722
SIPM_ADC event=565 readout=3030 f1far=2592 f2near=2571 f2far=2984
SIPM_ARRIVALS event=779 total=765
SIPM_ADC event=779 readout=2755 f1far=2917 f2near=2907 f2far=2363
SIPM_ARRIVALS event=370 total=704
SIPM_ADC event=370 readout=2548 f1far=3305 f2near=2853 f2far=2491
SIPM_ARRIVALS event=402 total=916
SIPM_ADC event=402 readout=3517 f1far=2901 f2near=2366 f2far=3412
SIPM_ARRIVALS event=840 total=735
SIPM_ADC event=840 readout=2583 f1far=2431 f2near=2455 f2far=3223
SIPM_ARRIVALS event=810 total=759
SIPM_ADC event=810 readout=3284 f1far=2513 f2near=3573 f2far=3153
SIPM_ARRIVALS event=868 total=2074
SIPM_ADC event=868 readout=3895 f1far=3895 f2near=3895 f2far=3895
SIPM_ARRIVALS event=504 total=788
SIPM_ADC event=504 readout=2702 f1far=3602 f2near=2988 f2far=3332
SIPM_ARRIVALS event=657 total=656
SIPM_ADC event=657 readout=2126 f1far=1860 f2near=2740 f2far=2809
SIPM_ARRIVALS event=534 total=794
SIPM_ADC event=534 readout=2424 f1far=3195 f2near=2993 f2far=3482
SIPM_ARRIVALS event=274 total=759
SIPM_ADC event=274 readout=2934 f1far=2704 f2near=2722 f2far=2234
SIPM_ARRIVALS event=596 total=841
SIPM_ADC event=596 readout=3344 f1far=3161 f2near=3298 f2far=2934
SIPM_ARRIVALS event=688 total=761
SIPM_ADC event=688 readout=2710 f1far=2627 f2near=2894 f2far=3002
SIPM_ARRIVALS event=718 total=925
SIPM_ADC event=718 readout=3823 f1far=3345 f2near=3156 f2far=2784
SIPM_ARRIVALS event=566 total=714
SIPM_ADC event=566 readout=2606 f1far=2703 f2near=2619 f2far=3199
SIPM_ARRIVALS event=627 total=805
SIPM_ADC event=627 readout=3002 f1far=3643 f2near=2688 f2far=2750
SIPM_ARRIVALS event=780 total=752
SIPM_ADC event=780 readout=2243 f1far=2945 f2near=2363 f2far=3613
SIPM_ARRIVALS event=841 total=789
SIPM_ADC event=841 readout=2633 f1far=2992 f2near=3501 f2far=2819
SIPM_ARRIVALS event=899 total=799
SIPM_ADC event=899 readout=2840 f1far=2093 f2near=2978 f2far=2877
SIPM_ARRIVALS event=371 total=962
SIPM_ADC event=371 readout=3133 f1far=3895 f2near=3660 f2far=3847
SIPM_ARRIVALS event=811 total=797
SIPM_ADC event=811 readout=3073 f1far=2463 f2near=3044 f2far=3290
SIPM_ARRIVALS event=505 total=835
SIPM_ADC event=505 readout=3611 f1far=3320 f2near=2476 f2far=2951
SIPM_ARRIVALS event=869 total=757
SIPM_ADC event=869 readout=3602 f1far=3392 f2near=2864 f2far=3054
SIPM_ARRIVALS event=275 total=735
SIPM_ADC event=275 readout=3190 f1far=2461 f2near=2232 f2far=3319
SIPM_ARRIVALS event=597 total=766
SIPM_ADC event=597 readout=2963 f1far=3137 f2near=2723 f2far=2344
SIPM_ARRIVALS event=658 total=859
SIPM_ADC event=658 readout=3008 f1far=3895 f2near=3058 f2far=3633
SIPM_ARRIVALS event=535 total=888
SIPM_ADC event=535 readout=3775 f1far=3482 f2near=2987 f2far=3471
SIPM_ARRIVALS event=747 total=2929
SIPM_ADC event=747 readout=3895 f1far=3895 f2near=3895 f2far=3895
SIPM_ARRIVALS event=689 total=733
SIPM_ADC event=689 readout=3098 f1far=2524 f2near=3379 f2far=2922
SIPM_ARRIVALS event=719 total=797
SIPM_ADC event=719 readout=2947 f1far=3294 f2near=3604 f2far=2686
SIPM_ARRIVALS event=628 total=777
SIPM_ADC event=628 readout=3113 f1far=3174 f2near=3031 f2far=3895
SIPM_ARRIVALS event=567 total=896
SIPM_ADC event=567 readout=3236 f1far=3895 f2near=3094 f2far=3291
SIPM_ARRIVALS event=781 total=827
SIPM_ADC event=781 readout=2821 f1far=2983 f2near=3639 f2far=3121
SIPM_ARRIVALS event=842 total=736
SIPM_ADC event=842 readout=2578 f1far=2984 f2near=2812 f2far=2810
SIPM_ARRIVALS event=900 total=752
SIPM_ADC event=900 readout=2096 f1far=2716 f2near=3526 f2far=3065
SIPM_ARRIVALS event=812 total=662
SIPM_ADC event=812 readout=1732 f1far=2659 f2near=2386 f2far=2801
SIPM_ARRIVALS event=870 total=707
SIPM_ADC event=870 readout=2392 f1far=2431 f2near=3271 f2far=3288
SIPM_ARRIVALS event=506 total=726
SIPM_ADC event=506 readout=2851 f1far=2465 f2near=2505 f2far=3236
SIPM_ARRIVALS event=598 total=698
SIPM_ADC event=598 readout=2189 f1far=3134 f2near=1986 f2far=2431
SIPM_ARRIVALS event=276 total=757
SIPM_ADC event=276 readout=2870 f1far=2256 f2near=2508 f2far=3090
SIPM_ARRIVALS event=748 total=679
SIPM_ADC event=748 readout=2825 f1far=2170 f2near=2841 f2far=2291
SIPM_ARRIVALS event=930 total=927
SIPM_ADC event=930 readout=3829 f1far=3895 f2near=2730 f2far=3117
SIPM_ARRIVALS event=659 total=843
SIPM_ADC event=659 readout=3799 f1far=3423 f2near=3023 f2far=3488
SIPM_ARRIVALS event=690 total=753
SIPM_ADC event=690 readout=3895 f1far=2476 f2near=2575 f2far=3095
SIPM_ARRIVALS event=536 total=952
SIPM_ADC event=536 readout=3895 f1far=3013 f2near=3542 f2far=3161
SIPM_ARRIVALS event=720 total=808
SIPM_ADC event=720 readout=3310 f1far=2534 f2near=2407 f2far=3895
SIPM_ARRIVALS event=629 total=752
SIPM_ADC event=629 readout=3895 f1far=2541 f2near=3266 f2far=3211
SIPM_ARRIVALS event=568 total=772
SIPM_ADC event=568 readout=2379 f1far=2658 f2near=2637 f2far=3254
SIPM_ARRIVALS event=901 total=634
SIPM_ADC event=901 readout=2930 f1far=2460 f2near=2378 f2far=2026
SIPM_ARRIVALS event=782 total=833
SIPM_ADC event=782 readout=3045 f1far=3402 f2near=3394 f2far=3657
SIPM_ARRIVALS event=843 total=851
SIPM_ADC event=843 readout=3347 f1far=3895 f2near=3102 f2far=3187
SIPM_ARRIVALS event=813 total=778
SIPM_ADC event=813 readout=2851 f1far=3455 f2near=2449 f2far=3595
SIPM_ARRIVALS event=507 total=782
SIPM_ADC event=507 readout=2905 f1far=2669 f2near=3605 f2far=2537
SIPM_ARRIVALS event=871 total=772
SIPM_ADC event=871 readout=2003 f1far=2729 f2near=3081 f2far=2727
SIPM_ARRIVALS event=599 total=803
SIPM_ADC event=599 readout=3272 f1far=3206 f2near=3469 f2far=3421
SIPM_ARRIVALS event=931 total=797
SIPM_ADC event=931 readout=2761 f1far=3620 f2near=2052 f2far=3124
SIPM_ARRIVALS event=749 total=766
SIPM_ADC event=749 readout=2827 f1far=3072 f2near=3355 f2far=2716
SIPM_ARRIVALS event=277 total=857
SIPM_ADC event=277 readout=3015 f1far=2784 f2near=3443 f2far=3134
SIPM_ARRIVALS event=721 total=712
SIPM_ADC event=721 readout=2404 f1far=2737 f2near=2779 f2far=2577
SIPM_ARRIVALS event=660 total=863
SIPM_ADC event=660 readout=2878 f1far=3486 f2near=3895 f2far=3895
SIPM_ARRIVALS event=691 total=769
SIPM_ADC event=691 readout=2215 f1far=3129 f2near=3638 f2far=2620
SIPM_ARRIVALS event=537 total=733
SIPM_ADC event=537 readout=2493 f1far=2465 f2near=3263 f2far=2154
SIPM_ARRIVALS event=630 total=719
SIPM_ADC event=630 readout=3258 f1far=2930 f2near=2416 f2far=2742
SIPM_ARRIVALS event=783 total=755
SIPM_ADC event=783 readout=2437 f1far=2543 f2near=3353 f2far=2976
SIPM_ARRIVALS event=569 total=819
SIPM_ADC event=569 readout=3278 f1far=3036 f2near=3286 f2far=2915
SIPM_ARRIVALS event=902 total=869
SIPM_ADC event=902 readout=2884 f1far=2946 f2near=2872 f2far=3895
SIPM_ARRIVALS event=844 total=823
SIPM_ADC event=844 readout=3699 f1far=2710 f2near=2872 f2far=3230
SIPM_ARRIVALS event=814 total=760
SIPM_ADC event=814 readout=3198 f1far=3289 f2near=2541 f2far=2143
SIPM_ARRIVALS event=872 total=766
SIPM_ADC event=872 readout=2080 f1far=2835 f2near=3706 f2far=2591
SIPM_ARRIVALS event=932 total=788
SIPM_ADC event=932 readout=3483 f1far=2902 f2near=3081 f2far=2571
SIPM_ARRIVALS event=750 total=739
SIPM_ADC event=750 readout=1547 f1far=2915 f2near=2869 f2far=2528
SIPM_ARRIVALS event=661 total=662
SIPM_ADC event=661 readout=2258 f1far=2822 f2near=1875 f2far=2853
SIPM_ARRIVALS event=508 total=929
SIPM_ADC event=508 readout=3229 f1far=3857 f2near=2788 f2far=3895
SIPM_ARRIVALS event=600 total=854
SIPM_ADC event=600 readout=3895 f1far=3160 f2near=2472 f2far=2996
SIPM_ARRIVALS event=278 total=742
SIPM_ADC event=278 readout=3337 f1far=3236 f2near=2720 f2far=3061
SIPM_ARRIVALS event=692 total=788
SIPM_ADC event=692 readout=3428 f1far=2907 f2near=3049 f2far=2395
SIPM_ARRIVALS event=631 total=741
SIPM_ADC event=631 readout=3097 f1far=2965 f2near=2817 f2far=2450
SIPM_ARRIVALS event=538 total=731
SIPM_ADC event=538 readout=2963 f1far=3302 f2near=2142 f2far=2731
SIPM_ARRIVALS event=784 total=795
SIPM_ADC event=784 readout=3205 f1far=3631 f2near=2997 f2far=2839
SIPM_ARRIVALS event=722 total=1017
SIPM_ADC event=722 readout=3495 f1far=3895 f2near=3736 f2far=2645
SIPM_ARRIVALS event=903 total=776
SIPM_ADC event=903 readout=2397 f1far=2608 f2near=3003 f2far=2523
SIPM_ARRIVALS event=570 total=909
SIPM_ADC event=570 readout=2816 f1far=3580 f2near=3706 f2far=3367
SIPM_ARRIVALS event=845 total=801
SIPM_ADC event=845 readout=3779 f1far=3082 f2near=2392 f2far=3446
SIPM_ARRIVALS event=873 total=833
SIPM_ADC event=873 readout=2936 f1far=3032 f2near=2975 f2far=3895
SIPM_ARRIVALS event=815 total=817
SIPM_ADC event=815 readout=3489 f1far=2963 f2near=3795 f2far=3021
SIPM_ARRIVALS event=933 total=707
SIPM_ADC event=933 readout=2264 f1far=2452 f2near=2680 f2far=2179
SIPM_ARRIVALS event=751 total=725
SIPM_ADC event=751 readout=2782 f1far=3895 f2near=3217 f2far=2713
SIPM_ARRIVALS event=961 total=740
SIPM_ADC event=961 readout=2893 f1far=3167 f2near=2602 f2far=2737
SIPM_ARRIVALS event=693 total=659
SIPM_ADC event=693 readout=3267 f1far=2463 f2near=3135 f2far=2209
SIPM_ARRIVALS event=662 total=730
SIPM_ADC event=662 readout=2859 f1far=2688 f2near=3435 f2far=3243
SIPM_ARRIVALS event=632 total=755
SIPM_ADC event=632 readout=2566 f1far=2555 f2near=3008 f2far=2393
SIPM_ARRIVALS event=539 total=826
SIPM_ADC event=539 readout=3020 f1far=2814 f2near=3138 f2far=3634
SIPM_ARRIVALS event=785 total=776
SIPM_ADC event=785 readout=2507 f1far=3243 f2near=2947 f2far=2570
SIPM_ARRIVALS event=723 total=789
SIPM_ADC event=723 readout=3322 f1far=2666 f2near=3210 f2far=3850
SIPM_ARRIVALS event=846 total=767
SIPM_ADC event=846 readout=2379 f1far=3012 f2near=3376 f2far=2835
SIPM_ARRIVALS event=571 total=731
SIPM_ADC event=571 readout=1742 f1far=2132 f2near=3280 f2far=2675
SIPM_ARRIVALS event=816 total=704
SIPM_ADC event=816 readout=2460 f1far=2955 f2near=3361 f2far=2698
SIPM_ARRIVALS event=874 total=802
SIPM_ADC event=874 readout=3112 f1far=3122 f2near=2848 f2far=3143
SIPM_ARRIVALS event=904 total=898
SIPM_ADC event=904 readout=3535 f1far=3490 f2near=3155 f2far=2664
SIPM_ARRIVALS event=752 total=696
SIPM_ADC event=752 readout=3083 f1far=2130 f2near=3326 f2far=2815
SIPM_ARRIVALS event=663 total=713
SIPM_ADC event=663 readout=2243 f1far=2300 f2near=2615 f2far=2653
SIPM_ARRIVALS event=694 total=754
SIPM_ADC event=694 readout=2504 f1far=2291 f2near=3720 f2far=2577
SIPM_ARRIVALS event=934 total=837
SIPM_ADC event=934 readout=3681 f1far=2755 f2near=3655 f2far=2693
SIPM_ARRIVALS event=962 total=800
SIPM_ADC event=962 readout=2929 f1far=3284 f2near=2859 f2far=2629
SIPM_ARRIVALS event=633 total=675
SIPM_ADC event=633 readout=2793 f1far=2645 f2near=1965 f2far=2338
SIPM_ARRIVALS event=540 total=727
SIPM_ADC event=540 readout=2856 f1far=2231 f2near=3043 f2far=2521
SIPM_ARRIVALS event=786 total=801
SIPM_ADC event=786 readout=3119 f1far=3700 f2near=3835 f2far=2837
SIPM_ARRIVALS event=724 total=772
SIPM_ADC event=724 readout=2413 f1far=2533 f2near=3031 f2far=3508
SIPM_ARRIVALS event=572 total=739
SIPM_ADC event=572 readout=3124 f1far=2505 f2near=2551 f2far=2098
SIPM_ARRIVALS event=817 total=703
SIPM_ADC event=817 readout=2894 f1far=3456 f2near=2335 f2far=3152
SIPM_ARRIVALS event=847 total=800
SIPM_ADC event=847 readout=3092 f1far=3045 f2near=3510 f2far=2316
SIPM_ARRIVALS event=905 total=759
SIPM_ADC event=905 readout=2912 f1far=3362 f2near=3018 f2far=3286
SIPM_ARRIVALS event=664 total=689
SIPM_ADC event=664 readout=1861 f1far=2817 f2near=2718 f2far=3273
SIPM_ARRIVALS event=963 total=673
SIPM_ADC event=963 readout=2126 f1far=2881 f2near=2835 f2far=3086
SIPM_ARRIVALS event=875 total=806
SIPM_ADC event=875 readout=3228 f1far=2612 f2near=2307 f2far=2896
SIPM_ARRIVALS event=753 total=868
SIPM_ADC event=753 readout=3468 f1far=3340 f2near=3030 f2far=3538
SIPM_ARRIVALS event=509 total=2280
SIPM_ADC event=509 readout=3895 f1far=3895 f2near=3895 f2far=3895
SIPM_ARRIVALS event=634 total=624
SIPM_ADC event=634 readout=2257 f1far=2486 f2near=1852 f2far=2695
SIPM_ARRIVALS event=695 total=827
SIPM_ADC event=695 readout=3097 f1far=2902 f2near=2856 f2far=2815
SIPM_ARRIVALS event=935 total=866
SIPM_ADC event=935 readout=3187 f1far=3115 f2near=3085 f2far=2626
SIPM_ARRIVALS event=541 total=729
SIPM_ADC event=541 readout=3140 f1far=2877 f2near=2905 f2far=2672
SIPM_ARRIVALS event=573 total=740
SIPM_ADC event=573 readout=3077 f1far=2541 f2near=3099 f2far=2843
SIPM_ARRIVALS event=725 total=734
SIPM_ADC event=725 readout=2920 f1far=1938 f2near=3264 f2far=3197
SIPM_ARRIVALS event=848 total=698
SIPM_ADC event=848 readout=2806 f1far=2383 f2near=2163 f2far=2882
SIPM_ARRIVALS event=818 total=725
SIPM_ADC event=818 readout=3145 f1far=3181 f2near=3072 f2far=3254
SIPM_ARRIVALS event=787 total=969
SIPM_ADC event=787 readout=3077 f1far=3679 f2near=3595 f2far=3740
SIPM_ARRIVALS event=665 total=742
SIPM_ADC event=665 readout=3158 f1far=2324 f2near=2914 f2far=2509
SIPM_ARRIVALS event=936 total=699
SIPM_ADC event=936 readout=2865 f1far=2743 f2near=2998 f2far=3402
SIPM_ARRIVALS event=635 total=674
SIPM_ADC event=635 readout=2363 f1far=2406 f2near=2503 f2far=2785
SIPM_ARRIVALS event=754 total=714
SIPM_ADC event=754 readout=3136 f1far=2149 f2near=3289 f2far=3168
SIPM_ARRIVALS event=696 total=718
SIPM_ADC event=696 readout=2943 f1far=3209 f2near=2720 f2far=2376
SIPM_ARRIVALS event=510 total=826
SIPM_ADC event=510 readout=3437 f1far=2573 f2near=3298 f2far=3895
SIPM_ARRIVALS event=542 total=680
SIPM_ADC event=542 readout=2645 f1far=2347 f2near=2587 f2far=2003
SIPM_ARRIVALS event=876 total=965
SIPM_ADC event=876 readout=3218 f1far=3460 f2near=3174 f2far=2852
SIPM_ARRIVALS event=964 total=914
SIPM_ADC event=964 readout=3895 f1far=3733 f2near=3307 f2far=3632
SIPM_ARRIVALS event=574 total=755
SIPM_ADC event=574 readout=2666 f1far=3568 f2near=3052 f2far=2399
SIPM_ARRIVALS event=849 total=880
SIPM_ADC event=849 readout=3545 f1far=3295 f2near=2592 f2far=3523
SIPM_ARRIVALS event=726 total=924
SIPM_ADC event=726 readout=3441 f1far=3528 f2near=3280 f2far=3886
SIPM_ARRIVALS event=819 total=865
SIPM_ADC event=819 readout=2221 f1far=2668 f2near=3533 f2far=2919
SIPM_ARRIVALS event=636 total=675
SIPM_ADC event=636 readout=2783 f1far=2445 f2near=2766 f2far=2312
SIPM_ARRIVALS event=666 total=704
SIPM_ADC event=666 readout=2593 f1far=2308 f2near=2929 f2far=3037
SIPM_ARRIVALS event=755 total=641
SIPM_ADC event=755 readout=2643 f1far=3064 f2near=2436 f2far=2705
SIPM_ARRIVALS event=697 total=676
SIPM_ADC event=697 readout=2868 f1far=2326 f2near=2605 f2far=1971
SIPM_ARRIVALS event=906 total=1665
SIPM_ADC event=906 readout=3895 f1far=3895 f2near=3895 f2far=3895
SIPM_ARRIVALS event=788 total=875
SIPM_ADC event=788 readout=3573 f1far=2920 f2near=3035 f2far=3895
SIPM_ARRIVALS event=511 total=716
SIPM_ADC event=511 readout=3660 f1far=2595 f2near=3077 f2far=2450
SIPM_ARRIVALS event=543 total=690
SIPM_ADC event=543 readout=2101 f1far=2881 f2near=2681 f2far=2835
SIPM_ARRIVALS event=937 total=884
SIPM_ADC event=937 readout=3346 f1far=3895 f2near=3895 f2far=3392
SIPM_ARRIVALS event=965 total=957
SIPM_ADC event=965 readout=3486 f1far=3895 f2near=3895 f2far=2655
SIPM_ARRIVALS event=877 total=976
SIPM_ADC event=877 readout=3305 f1far=3691 f2near=3895 f2far=3748
SIPM_ARRIVALS event=575 total=846
SIPM_ADC event=575 readout=3690 f1far=2725 f2near=2649 f2far=3408
SIPM_ARRIVALS event=850 total=788
SIPM_ADC event=850 readout=3891 f1far=3198 f2near=2363 f2far=3263
SIPM_ARRIVALS event=727 total=822
SIPM_ADC event=727 readout=3057 f1far=2762 f2near=3351 f2far=3043
SIPM_ARRIVALS event=756 total=727
SIPM_ADC event=756 readout=3124 f1far=2328 f2near=3170 f2far=3051
SIPM_ARRIVALS event=789 total=754
SIPM_ADC event=789 readout=3514 f1far=2222 f2near=3250 f2far=2180
SIPM_ARRIVALS event=512 total=662
SIPM_ADC event=512 readout=2327 f1far=2843 f2near=3002 f2far=2654
SIPM_ARRIVALS event=698 total=785
SIPM_ADC event=698 readout=3211 f1far=3486 f2near=3148 f2far=3895
SIPM_ARRIVALS event=667 total=869
SIPM_ADC event=667 readout=3499 f1far=3804 f2near=3659 f2far=2883
SIPM_ARRIVALS event=907 total=796
SIPM_ADC event=907 readout=2759 f1far=2730 f2near=3102 f2far=2772
SIPM_ARRIVALS event=544 total=671
SIPM_ADC event=544 readout=3559 f1far=2034 f2near=3321 f2far=3338
SIPM_ARRIVALS event=637 total=866
SIPM_ADC event=637 readout=3305 f1far=2751 f2near=3895 f2far=2746
SIPM_ARRIVALS event=820 total=1034
SIPM_ADC event=820 readout=3353 f1far=3895 f2near=3895 f2far=3866
SIPM_ARRIVALS event=938 total=840
SIPM_ADC event=938 readout=2881 f1far=3839 f2near=2699 f2far=3383
SIPM_ARRIVALS event=966 total=650
SIPM_ADC event=966 readout=2337 f1far=1736 f2near=3030 f2far=2321
SIPM_ARRIVALS event=878 total=757
SIPM_ADC event=878 readout=2925 f1far=3169 f2near=3041 f2far=2521
SIPM_ARRIVALS event=576 total=723
SIPM_ADC event=576 readout=3895 f1far=2531 f2near=2494 f2far=2177
SIPM_ARRIVALS event=728 total=723
SIPM_ADC event=728 readout=2334 f1far=2331 f2near=3296 f2far=1860
SIPM_ARRIVALS event=699 total=715
SIPM_ADC event=699 readout=2420 f1far=3004 f2near=2196 f2far=2754
SIPM_ARRIVALS event=908 total=780
SIPM_ADC event=908 readout=2364 f1far=3275 f2near=2477 f2far=3184
SIPM_ARRIVALS event=638 total=728
SIPM_ADC event=638 readout=2498 f1far=3299 f2near=2462 f2far=3361
SIPM_ARRIVALS event=668 total=724
SIPM_ADC event=668 readout=3046 f1far=1801 f2near=2527 f2far=2914
SIPM_ARRIVALS event=851 total=899
SIPM_ADC event=851 readout=3492 f1far=3813 f2near=3504 f2far=3621
SIPM_ARRIVALS event=790 total=772
SIPM_ADC event=790 readout=2861 f1far=3378 f2near=2513 f2far=2334
SIPM_ARRIVALS event=852 total=20
SIPM_ADC event=852 readout=189 f1far=99 f2near=172 f2far=8
SIPM_ARRIVALS event=513 total=814
SIPM_ADC event=513 readout=3086 f1far=2217 f2near=2930 f2far=3351
SIPM_ARRIVALS event=757 total=982
SIPM_ADC event=757 readout=3652 f1far=3895 f2near=3619 f2far=3631
SIPM_ARRIVALS event=821 total=777
SIPM_ADC event=821 readout=3391 f1far=3090 f2near=2678 f2far=2781
SIPM_ARRIVALS event=939 total=737
SIPM_ADC event=939 readout=2148 f1far=2392 f2near=3643 f2far=3472
SIPM_ARRIVALS event=545 total=939
SIPM_ADC event=545 readout=3397 f1far=3770 f2near=3638 f2far=3533
SIPM_ARRIVALS event=967 total=725
SIPM_ADC event=967 readout=2792 f1far=2689 f2near=2509 f2far=3132
SIPM_ARRIVALS event=879 total=824
SIPM_ADC event=879 readout=3738 f1far=3895 f2near=2873 f2far=3700
SIPM_ARRIVALS event=577 total=696
SIPM_ADC event=577 readout=3546 f1far=2981 f2near=3005 f2far=2741
SIPM_ARRIVALS event=700 total=728
SIPM_ADC event=700 readout=2777 f1far=3528 f2near=3070 f2far=2641
SIPM_ARRIVALS event=729 total=778
SIPM_ADC event=729 readout=3608 f1far=2596 f2near=3480 f2far=2749
SIPM_ARRIVALS event=909 total=833
SIPM_ADC event=909 readout=3895 f1far=3895 f2near=3895 f2far=3044
SIPM_ARRIVALS event=514 total=816
SIPM_ADC event=514 readout=3612 f1far=2628 f2near=3195 f2far=3686
SIPM_ARRIVALS event=601 total=6012
SIPM_ADC event=601 readout=3895 f1far=3895 f2near=3895 f2far=3895
SIPM_ARRIVALS event=940 total=652
SIPM_ADC event=940 readout=2997 f1far=2863 f2near=2442 f2far=2115
SIPM_ARRIVALS event=822 total=678
SIPM_ADC event=822 readout=2453 f1far=2609 f2near=2042 f2far=2565
SIPM_ARRIVALS event=758 total=707
SIPM_ADC event=758 readout=2895 f1far=3257 f2near=2888 f2far=2594
SIPM_ARRIVALS event=853 total=854
SIPM_ADC event=853 readout=3608 f1far=2203 f2near=3616 f2far=3297
SIPM_ARRIVALS event=791 total=804
SIPM_ADC event=791 readout=2604 f1far=3004 f2near=2334 f2far=3231
SIPM_ARRIVALS event=669 total=909
SIPM_ADC event=669 readout=3143 f1far=3147 f2near=2932 f2far=3294
SIPM_ARRIVALS event=639 total=817
SIPM_ADC event=639 readout=3622 f1far=3724 f2near=3285 f2far=2914
SIPM_ARRIVALS event=968 total=821
SIPM_ADC event=968 readout=3213 f1far=3355 f2near=3116 f2far=3459
SIPM_ARRIVALS event=546 total=923
SIPM_ADC event=546 readout=3605 f1far=2783 f2near=2710 f2far=3213
SIPM_ARRIVALS event=578 total=725
SIPM_ARRIVALS event=880 total=774
SIPM_ADC event=578 readout=2691 f1far=2368 f2near=2881 f2far=2527
SIPM_ADC event=880 readout=3249 f1far=3195 f2near=2076 f2far=2674
SIPM_ARRIVALS event=730 total=675
SIPM_ADC event=730 readout=2544 f1far=3327 f2near=2598 f2far=2156
SIPM_ARRIVALS event=854 total=591
SIPM_ADC event=854 readout=1681 f1far=2512 f2near=1646 f2far=2094
SIPM_ARRIVALS event=910 total=727
SIPM_ADC event=910 readout=3012 f1far=2458 f2near=2798 f2far=2521
SIPM_ARRIVALS event=701 total=869
SIPM_ADC event=701 readout=2786 f1far=3492 f2near=2720 f2far=2795
SIPM_ARRIVALS event=941 total=717
SIPM_ADC event=941 readout=2975 f1far=2686 f2near=2184 f2far=3273
SIPM_ARRIVALS event=792 total=682
SIPM_ADC event=792 readout=2537 f1far=2373 f2near=2763 f2far=2216
SIPM_ARRIVALS event=602 total=759
SIPM_ADC event=602 readout=2863 f1far=2601 f2near=2094 f2far=2727
SIPM_ARRIVALS event=640 total=725
SIPM_ADC event=640 readout=2119 f1far=3430 f2near=2395 f2far=2717
SIPM_ARRIVALS event=670 total=702
SIPM_ADC event=670 readout=2577 f1far=3100 f2near=2941 f2far=3403
SIPM_ARRIVALS event=515 total=976
SIPM_ADC event=515 readout=3256 f1far=3895 f2near=3848 f2far=3534
SIPM_ARRIVALS event=969 total=797
SIPM_ADC event=969 readout=2452 f1far=2903 f2near=2885 f2far=2577
SIPM_ARRIVALS event=579 total=743
SIPM_ADC event=579 readout=3016 f1far=2470 f2near=2552 f2far=2708
SIPM_ARRIVALS event=881 total=731
SIPM_ADC event=881 readout=3895 f1far=3300 f2near=2945 f2far=2481
SIPM_ARRIVALS event=547 total=894
SIPM_ADC event=547 readout=3128 f1far=3895 f2near=3153 f2far=3421
SIPM_ARRIVALS event=731 total=795
SIPM_ADC event=731 readout=3420 f1far=2595 f2near=3842 f2far=2699
SIPM_ARRIVALS event=911 total=660
SIPM_ADC event=911 readout=1881 f1far=3085 f2near=2258 f2far=1852
SIPM_ARRIVALS event=793 total=721
SIPM_ADC event=793 readout=2359 f1far=2926 f2near=3125 f2far=2911
SIPM_ARRIVALS event=671 total=658
SIPM_ADC event=671 readout=2812 f1far=2070 f2near=2442 f2far=2232
SIPM_ARRIVALS event=603 total=791
SIPM_ADC event=603 readout=2809 f1far=2770 f2near=2755 f2far=3511
SIPM_ARRIVALS event=702 total=902
SIPM_ADC event=702 readout=2762 f1far=3110 f2near=2379 f2far=3291
SIPM_ARRIVALS event=641 total=806
SIPM_ADC event=641 readout=3260 f1far=3400 f2near=2792 f2far=2563
SIPM_ARRIVALS event=855 total=919
SIPM_ADC event=855 readout=3797 f1far=3711 f2near=2564 f2far=3691
SIPM_ARRIVALS event=516 total=784
SIPM_ADC event=516 readout=2340 f1far=2877 f2near=2830 f2far=3146
SIPM_ARRIVALS event=580 total=789
SIPM_ADC event=580 readout=2812 f1far=2855 f2near=2979 f2far=3061
SIPM_ARRIVALS event=970 total=883
SIPM_ADC event=970 readout=2832 f1far=3519 f2near=2237 f2far=3242
SIPM_ARRIVALS event=548 total=717
SIPM_ADC event=548 readout=2497 f1far=2764 f2near=2806 f2far=2733
SIPM_ARRIVALS event=882 total=930
SIPM_ADC event=882 readout=2314 f1far=2997 f2near=3710 f2far=3365
SIPM_ARRIVALS event=732 total=835
SIPM_ADC event=732 readout=2542 f1far=3108 f2near=3357 f2far=3118
SIPM_ARRIVALS event=912 total=866
SIPM_ADC event=912 readout=3292 f1far=3172 f2near=3548 f2far=3068
SIPM_ARRIVALS event=604 total=709
SIPM_ADC event=604 readout=2561 f1far=2171 f2near=2728 f2far=2005
SIPM_ARRIVALS event=672 total=758
SIPM_ADC event=672 readout=3400 f1far=2925 f2near=2886 f2far=3886
SIPM_ARRIVALS event=856 total=723
SIPM_ADC event=856 readout=2349 f1far=2065 f2near=3001 f2far=2680
SIPM_ARRIVALS event=642 total=667
SIPM_ADC event=642 readout=3063 f1far=2486 f2near=2675 f2far=2750
SIPM_ARRIVALS event=703 total=731
SIPM_ADC event=703 readout=2317 f1far=3493 f2near=2163 f2far=2451
SIPM_ARRIVALS event=794 total=947
SIPM_ADC event=794 readout=3124 f1far=3895 f2near=3895 f2far=3743
SIPM_ARRIVALS event=517 total=745
SIPM_ADC event=517 readout=2072 f1far=3131 f2near=2745 f2far=3733
SIPM_ARRIVALS event=971 total=677
SIPM_ADC event=971 readout=2506 f1far=2269 f2near=3107 f2far=3309
SIPM_ARRIVALS event=581 total=727
SIPM_ADC event=581 readout=2241 f1far=2916 f2near=2402 f2far=2175
SIPM_ARRIVALS event=942 total=2008
SIPM_ADC event=942 readout=3895 f1far=3895 f2near=3895 f2far=3895
SIPM_ARRIVALS event=883 total=761
SIPM_ADC event=883 readout=3217 f1far=3102 f2near=3221 f2far=2674
SIPM_ARRIVALS event=549 total=855
SIPM_ADC event=549 readout=3104 f1far=3391 f2near=2637 f2far=3895
SIPM_ARRIVALS event=733 total=745
SIPM_ADC event=733 readout=2193 f1far=2414 f2near=2724 f2far=2662
SIPM_ARRIVALS event=857 total=656
SIPM_ADC event=857 readout=3131 f1far=2606 f2near=3257 f2far=2603
SIPM_ARRIVALS event=605 total=760
SIPM_ADC event=605 readout=2343 f1far=2710 f2near=3222 f2far=3718
SIPM_ARRIVALS event=913 total=810
SIPM_ADC event=913 readout=3342 f1far=3241 f2near=2604 f2far=2596
SIPM_ARRIVALS event=704 total=710
SIPM_ADC event=704 readout=2796 f1far=2484 f2near=3219 f2far=2335
SIPM_ARRIVALS event=673 total=830
SIPM_ADC event=673 readout=3163 f1far=2959 f2near=3417 f2far=2436
SIPM_ARRIVALS event=643 total=819
SIPM_ADC event=643 readout=3230 f1far=2472 f2near=3667 f2far=3093
SIPM_ARRIVALS event=795 total=878
SIPM_ADC event=795 readout=3289 f1far=2995 f2near=3783 f2far=2466
SIPM_ARRIVALS event=518 total=789
SIPM_ADC event=518 readout=3396 f1far=3079 f2near=3895 f2far=2595
SIPM_ARRIVALS event=582 total=698
SIPM_ADC event=582 readout=2771 f1far=2050 f2near=2863 f2far=2211
SIPM_ARRIVALS event=943 total=749
SIPM_ADC event=943 readout=2644 f1far=2374 f2near=2609 f2far=3200
SIPM_ARRIVALS event=972 total=944
SIPM_ADC event=972 readout=3895 f1far=2999 f2near=3624 f2far=3748
SIPM_ARRIVALS event=884 total=892
SIPM_ADC event=884 readout=3046 f1far=3137 f2near=3895 f2far=2414
SIPM_ARRIVALS event=583 total=350
SIPM_ADC event=583 readout=1741 f1far=1629 f2near=1411 f2far=1740
SIPM_ARRIVALS event=858 total=707
SIPM_ADC event=858 readout=2422 f1far=2425 f2near=2661 f2far=3826
SIPM_ARRIVALS event=550 total=847
SIPM_ADC event=550 readout=3075 f1far=3850 f2near=3839 f2far=3052
SIPM_ARRIVALS event=734 total=890
SIPM_ADC event=734 readout=3090 f1far=3139 f2near=2817 f2far=3183
SIPM_ARRIVALS event=705 total=790
SIPM_ADC event=705 readout=3265 f1far=2553 f2near=3488 f2far=3338
SIPM_ARRIVALS event=606 total=863
SIPM_ADC event=606 readout=3315 f1far=3824 f2near=2734 f2far=3085
SIPM_ARRIVALS event=796 total=713
SIPM_ADC event=796 readout=2625 f1far=2415 f2near=2578 f2far=2621
SIPM_ARRIVALS event=914 total=998
SIPM_ADC event=914 readout=3709 f1far=3895 f2near=3895 f2far=3383
SIPM_ARRIVALS event=674 total=798
SIPM_ADC event=674 readout=3328 f1far=3786 f2near=3054 f2far=3460
SIPM_ARRIVALS event=644 total=757
SIPM_ADC event=644 readout=3758 f1far=3061 f2near=2431 f2far=3034
SIPM_ARRIVALS event=519 total=784
SIPM_ADC event=519 readout=2284 f1far=2367 f2near=3519 f2far=3086
SIPM_ARRIVALS event=944 total=798
SIPM_ADC event=944 readout=2642 f1far=3473 f2near=3695 f2far=3238
SIPM_ARRIVALS event=973 total=761
SIPM_ADC event=973 readout=2524 f1far=2066 f2near=2853 f2far=2565
SIPM_ARRIVALS event=885 total=813
SIPM_ADC event=885 readout=3240 f1far=2520 f2near=3137 f2far=2534
SIPM_ARRIVALS event=551 total=761
SIPM_ADC event=551 readout=2716 f1far=2971 f2near=2501 f2far=3333
SIPM_ARRIVALS event=584 total=805
SIPM_ADC event=584 readout=3418 f1far=3481 f2near=3372 f2far=2410
SIPM_ARRIVALS event=735 total=762
SIPM_ADC event=735 readout=2270 f1far=3170 f2near=3054 f2far=3489
SIPM_ARRIVALS event=706 total=726
SIPM_ADC event=706 readout=2616 f1far=2858 f2near=2777 f2far=1622
SIPM_ARRIVALS event=859 total=794
SIPM_ADC event=859 readout=2930 f1far=2564 f2near=3282 f2far=2648
SIPM_ARRIVALS event=607 total=756
SIPM_ADC event=607 readout=2549 f1far=3072 f2near=2020 f2far=2948
SIPM_ARRIVALS event=520 total=711
SIPM_ADC event=520 readout=2414 f1far=1827 f2near=2674 f2far=2738
SIPM_ARRIVALS event=797 total=778
SIPM_ADC event=797 readout=2957 f1far=2618 f2near=2956 f2far=3221
SIPM_ARRIVALS event=915 total=812
SIPM_ADC event=915 readout=2873 f1far=2693 f2near=2869 f2far=2372
SIPM_ARRIVALS event=759 total=4858
SIPM_ADC event=759 readout=3895 f1far=3895 f2near=3895 f2far=3895
SIPM_ARRIVALS event=645 total=909
SIPM_ADC event=645 readout=2780 f1far=3895 f2near=3368 f2far=3467
SIPM_ARRIVALS event=675 total=1016
SIPM_ADC event=675 readout=3895 f1far=3540 f2near=3895 f2far=3542
SIPM_ARRIVALS event=974 total=691
SIPM_ADC event=974 readout=3176 f1far=2833 f2near=2838 f2far=3327
SIPM_ARRIVALS event=945 total=765
SIPM_ADC event=945 readout=2896 f1far=3550 f2near=2761 f2far=2190
SIPM_ARRIVALS event=707 total=678
SIPM_ADC event=707 readout=3381 f1far=3097 f2near=2368 f2far=1906
SIPM_ARRIVALS event=886 total=734
SIPM_ADC event=886 readout=3167 f1far=1887 f2near=2999 f2far=2680
SIPM_ARRIVALS event=552 total=716
SIPM_ADC event=552 readout=2231 f1far=2721 f2near=2435 f2far=2844
SIPM_ARRIVALS event=736 total=668
SIPM_ADC event=736 readout=2233 f1far=2851 f2near=3413 f2far=2427
SIPM_ARRIVALS event=585 total=711
SIPM_ADC event=585 readout=2951 f1far=2916 f2near=2697 f2far=2938
SIPM_ARRIVALS event=646 total=361
SIPM_ADC event=646 readout=1253 f1far=1587 f2near=1834 f2far=2178
SIPM_ARRIVALS event=860 total=751
SIPM_ADC event=860 readout=3050 f1far=2681 f2near=2361 f2far=3369
SIPM_ARRIVALS event=760 total=696
SIPM_ADC event=760 readout=3309 f1far=2487 f2near=2719 f2far=2644
SIPM_ARRIVALS event=916 total=725
SIPM_ADC event=916 readout=2469 f1far=3623 f2near=2377 f2far=2416
SIPM_ARRIVALS event=798 total=849
SIPM_ADC event=798 readout=2804 f1far=2807 f2near=3555 f2far=3291
SIPM_ARRIVALS event=521 total=924
SIPM_ADC event=521 readout=3757 f1far=3257 f2near=3895 f2far=3375
SIPM_ARRIVALS event=676 total=734
SIPM_ADC event=676 readout=2575 f1far=2687 f2near=2842 f2far=3018
SIPM_ARRIVALS event=946 total=694
SIPM_ADC event=946 readout=3000 f1far=2485 f2near=2634 f2far=2093
SIPM_ARRIVALS event=975 total=824
SIPM_ADC event=975 readout=3166 f1far=3372 f2near=3034 f2far=3648
SIPM_ARRIVALS event=708 total=717
SIPM_ADC event=708 readout=2740 f1far=2386 f2near=2864 f2far=2129
SIPM_ARRIVALS event=737 total=729
SIPM_ADC event=737 readout=3476 f1far=2230 f2near=2639 f2far=2886
SIPM_ARRIVALS event=887 total=849
SIPM_ADC event=887 readout=3395 f1far=3581 f2near=2660 f2far=3298
SIPM_ARRIVALS event=608 total=1540
SIPM_ADC event=608 readout=3895 f1far=3895 f2near=3895 f2far=3895
SIPM_ARRIVALS event=861 total=756
SIPM_ADC event=861 readout=3323 f1far=2964 f2near=2436 f2far=2835
SIPM_ARRIVALS event=647 total=881
SIPM_ADC event=647 readout=3303 f1far=3073 f2near=3145 f2far=2980
SIPM_ARRIVALS event=586 total=922
SIPM_ADC event=586 readout=3895 f1far=3895 f2near=3525 f2far=3709
SIPM_ARRIVALS event=761 total=766
SIPM_ADC event=761 readout=2916 f1far=3223 f2near=3177 f2far=2280
SIPM_ARRIVALS event=917 total=766
SIPM_ADC event=917 readout=2882 f1far=2520 f2near=2783 f2far=3493
SIPM_ARRIVALS event=522 total=704
SIPM_ADC event=522 readout=2909 f1far=2592 f2near=2597 f2far=3136
SIPM_ARRIVALS event=799 total=750
SIPM_ADC event=799 readout=2869 f1far=2235 f2near=3109 f2far=3407
SIPM_ARRIVALS event=677 total=714
SIPM_ADC event=677 readout=2403 f1far=3301 f2near=3347 f2far=2527
SIPM_ARRIVALS event=947 total=742
SIPM_ADC event=947 readout=3559 f1far=2380 f2near=2147 f2far=2629
SIPM_ARRIVALS event=976 total=786
SIPM_ADC event=976 readout=2857 f1far=2589 f2near=2843 f2far=2733
SIPM_ARRIVALS event=888 total=664
SIPM_ADC event=888 readout=2778 f1far=2112 f2near=2449 f2far=2549
SIPM_ARRIVALS event=738 total=792
SIPM_ADC event=738 readout=3197 f1far=2922 f2near=3152 f2far=3271
SIPM_ARRIVALS event=862 total=717
SIPM_ADC event=862 readout=1923 f1far=3280 f2near=2666 f2far=2641
SIPM_ARRIVALS event=609 total=699
SIPM_ADC event=609 readout=2362 f1far=2727 f2near=2089 f2far=2900
SIPM_ARRIVALS event=648 total=690
SIPM_ADC event=648 readout=3596 f1far=2285 f2near=3341 f2far=2806
SIPM_ARRIVALS event=587 total=774
SIPM_ADC event=587 readout=2508 f1far=3153 f2near=2941 f2far=2789
SIPM_ARRIVALS event=709 total=1153
SIPM_ADC event=709 readout=3895 f1far=3895 f2near=3895 f2far=3819
SIPM_ARRIVALS event=762 total=756
SIPM_ADC event=762 readout=3349 f1far=2733 f2near=3015 f2far=3435
SIPM_ARRIVALS event=678 total=650
SIPM_ADC event=678 readout=2306 f1far=2350 f2near=3007 f2far=3216
SIPM_ARRIVALS event=918 total=779
SIPM_ADC event=918 readout=2606 f1far=2958 f2near=3133 f2far=3313
SIPM_ARRIVALS event=523 total=844
SIPM_ADC event=523 readout=3305 f1far=3010 f2near=3606 f2far=2659
SIPM_ARRIVALS event=800 total=805
SIPM_ADC event=800 readout=3359 f1far=2860 f2near=2575 f2far=3103
SIPM_ARRIVALS event=948 total=742
SIPM_ADC event=948 readout=2544 f1far=2386 f2near=3895 f2far=2629
SIPM_ARRIVALS event=977 total=765
SIPM_ADC event=977 readout=3163 f1far=2759 f2near=2407 f2far=2846
SIPM_ARRIVALS event=889 total=697
SIPM_ADC event=889 readout=2244 f1far=2651 f2near=2760 f2far=2136
SIPM_ARRIVALS event=739 total=695
SIPM_ADC event=739 readout=2545 f1far=2817 f2near=2496 f2far=2270
SIPM_ARRIVALS event=610 total=780
SIPM_ADC event=610 readout=3085 f1far=2467 f2near=2948 f2far=2727
SIPM_ARRIVALS event=588 total=720
SIPM_ADC event=588 readout=2569 f1far=2779 f2near=2760 f2far=3236
SIPM_ARRIVALS event=649 total=770
SIPM_ADC event=649 readout=2904 f1far=1901 f2near=2680 f2far=2045
SIPM_ARRIVALS event=710 total=738
SIPM_ADC event=710 readout=3307 f1far=3531 f2near=2107 f2far=2837
SIPM_ARRIVALS event=763 total=683
SIPM_ADC event=763 readout=2063 f1far=2364 f2near=3143 f2far=1808
SIPM_ARRIVALS event=679 total=791
SIPM_ADC event=679 readout=2677 f1far=3016 f2near=2723 f2far=3083
SIPM_ARRIVALS event=553 total=2668
SIPM_ADC event=553 readout=3895 f1far=3895 f2near=3895 f2far=3895
SIPM_ARRIVALS event=863 total=940
SIPM_ADC event=863 readout=3158 f1far=3570 f2near=3441 f2far=3895
SIPM_ARRIVALS event=524 total=642
SIPM_ADC event=524 readout=2584 f1far=2249 f2near=2831 f2far=2159
SIPM_ARRIVALS event=919 total=722
SIPM_ADC event=919 readout=2003 f1far=2578 f2near=3378 f2far=3328
SIPM_ARRIVALS event=801 total=774
SIPM_ADC event=801 readout=2576 f1far=1825 f2near=3769 f2far=2850
SIPM_ARRIVALS event=949 total=717
SIPM_ADC event=949 readout=3052 f1far=2680 f2near=2193 f2far=3764
SIPM_ARRIVALS event=978 total=766
SIPM_ADC event=978 readout=3205 f1far=2557 f2near=2055 f2far=2999
SIPM_ARRIVALS event=890 total=750
SIPM_ADC event=890 readout=2648 f1far=3452 f2near=2662 f2far=2855
SIPM_ARRIVALS event=740 total=740
SIPM_ADC event=740 readout=3256 f1far=3071 f2near=3222 f2far=2008
SIPM_ARRIVALS event=650 total=714
SIPM_ADC event=650 readout=3263 f1far=3124 f2near=2649 f2far=2611
SIPM_ARRIVALS event=711 total=688
SIPM_ADC event=711 readout=3785 f1far=3221 f2near=2735 f2far=2669
SIPM_ARRIVALS event=611 total=735
SIPM_ADC event=611 readout=3405 f1far=3115 f2near=2836 f2far=3691
SIPM_ARRIVALS event=992 total=722
SIPM_ADC event=992 readout=2517 f1far=2863 f2near=3095 f2far=2072
SIPM_ARRIVALS event=764 total=700
SIPM_ADC event=764 readout=3361 f1far=2467 f2near=2306 f2far=2900
SIPM_ARRIVALS event=920 total=760
SIPM_ADC event=920 readout=3367 f1far=2808 f2near=3121 f2far=2855
SIPM_ARRIVALS event=554 total=780
SIPM_ADC event=554 readout=3232 f1far=3895 f2near=2449 f2far=2539
SIPM_ARRIVALS event=864 total=820
SIPM_ADC event=864 readout=3821 f1far=3785 f2near=2668 f2far=2431
SIPM_ARRIVALS event=680 total=861
SIPM_ADC event=680 readout=3409 f1far=2911 f2near=3449 f2far=3485
SIPM_ARRIVALS event=525 total=781
SIPM_ADC event=525 readout=3895 f1far=3071 f2near=3223 f2far=2945
SIPM_ARRIVALS event=802 total=801
SIPM_ADC event=802 readout=3578 f1far=2918 f2near=3206 f2far=2546
SIPM_ARRIVALS event=950 total=940
SIPM_ADC event=950 readout=3895 f1far=3818 f2near=3864 f2far=3612
SIPM_ARRIVALS event=979 total=726
SIPM_ADC event=979 readout=2398 f1far=3151 f2near=3076 f2far=2341
SIPM_ARRIVALS event=891 total=674
SIPM_ADC event=891 readout=3081 f1far=2374 f2near=2463 f2far=2733
SIPM_ARRIVALS event=741 total=797
SIPM_ADC event=741 readout=2769 f1far=2154 f2near=3228 f2far=3526
SIPM_ARRIVALS event=712 total=731
SIPM_ADC event=712 readout=2459 f1far=2498 f2near=2030 f2far=2606
SIPM_ARRIVALS event=612 total=756
SIPM_ADC event=612 readout=2249 f1far=2593 f2near=1986 f2far=3467
SIPM_ARRIVALS event=921 total=802
SIPM_ADC event=921 readout=2739 f1far=3501 f2near=2674 f2far=2949
SIPM_ARRIVALS event=555 total=681
SIPM_ADC event=555 readout=2175 f1far=1997 f2near=2258 f2far=2114
SIPM_ARRIVALS event=993 total=876
SIPM_ADC event=993 readout=3205 f1far=3895 f2near=3363 f2far=2771
SIPM_ARRIVALS event=681 total=708
SIPM_ADC event=681 readout=2898 f1far=2472 f2near=2934 f2far=3167
SIPM_ARRIVALS event=803 total=645
SIPM_ADC event=803 readout=2394 f1far=1897 f2near=2305 f2far=2274
SIPM_ARRIVALS event=865 total=846
SIPM_ADC event=865 readout=2867 f1far=3573 f2near=3704 f2far=2862
SIPM_ARRIVALS event=526 total=827
SIPM_ADC event=526 readout=2602 f1far=2462 f2near=3570 f2far=2945
SIPM_ARRIVALS event=951 total=690
SIPM_ADC event=951 readout=1906 f1far=2999 f2near=3415 f2far=2075
SIPM_ARRIVALS event=980 total=669
SIPM_ADC event=980 readout=2483 f1far=2953 f2near=2706 f2far=2403
SIPM_ARRIVALS event=892 total=761
SIPM_ADC event=892 readout=3299 f1far=3136 f2near=3195 f2far=2270
SIPM_ARRIVALS event=742 total=761
SIPM_ADC event=742 readout=2184 f1far=3678 f2near=2879 f2far=3029
SIPM_ARRIVALS event=613 total=768
SIPM_ADC event=613 readout=3401 f1far=3045 f2near=3311 f2far=2750
SIPM_ARRIVALS event=765 total=1496
SIPM_ADC event=765 readout=3895 f1far=3895 f2near=3895 f2far=3895
SIPM_ARRIVALS event=804 total=705
SIPM_ADC event=804 readout=2502 f1far=2545 f2near=2405 f2far=2659
SIPM_ARRIVALS event=556 total=798
SIPM_ADC event=556 readout=3128 f1far=3043 f2near=3182 f2far=3341
SIPM_ARRIVALS event=994 total=835
SIPM_ADC event=994 readout=3157 f1far=3658 f2near=2257 f2far=3721
SIPM_ARRIVALS event=866 total=759
SIPM_ADC event=866 readout=2601 f1far=2797 f2near=2175 f2far=3054
SIPM_ARRIVALS event=981 total=789
SIPM_ADC event=981 readout=3783 f1far=3166 f2near=2800 f2far=2830
SIPM_ARRIVALS event=922 total=1094
SIPM_ADC event=922 readout=3447 f1far=3895 f2near=3388 f2far=3895
SIPM_ARRIVALS event=893 total=713
SIPM_ADC event=893 readout=2990 f1far=2045 f2near=2802 f2far=3114
SIPM_ARRIVALS event=952 total=879
SIPM_ADC event=952 readout=3513 f1far=3539 f2near=3892 f2far=3675
SIPM_ARRIVALS event=923 total=88
SIPM_ADC event=923 readout=446 f1far=523 f2near=286 f2far=280
SIPM_ARRIVALS event=614 total=719
SIPM_ADC event=614 readout=2804 f1far=2565 f2near=2425 f2far=3407
SIPM_ARRIVALS event=743 total=793
SIPM_ADC event=743 readout=3895 f1far=2805 f2near=2893 f2far=3021
SIPM_ARRIVALS event=766 total=699
SIPM_ADC event=766 readout=2199 f1far=2653 f2near=3101 f2far=3139
SIPM_ARRIVALS event=805 total=847
SIPM_ADC event=805 readout=3058 f1far=2591 f2near=3314 f2far=3107
SIPM_ARRIVALS event=557 total=753
SIPM_ADC event=557 readout=3056 f1far=3051 f2near=2244 f2far=2836
SIPM_ARRIVALS event=867 total=731
SIPM_ADC event=867 readout=2561 f1far=3895 f2near=2335 f2far=3063
SIPM_ARRIVALS event=995 total=899
SIPM_ADC event=995 readout=3165 f1far=3193 f2near=3053 f2far=3528
SIPM_ARRIVALS event=982 total=779
SIPM_ADC event=982 readout=2502 f1far=3391 f2near=2823 f2far=3165
SIPM_ARRIVALS event=953 total=784
SIPM_ADC event=953 readout=2793 f1far=2820 f2near=3327 f2far=3078
SIPM_ARRIVALS event=894 total=884
SIPM_ADC event=894 readout=3895 f1far=3036 f2near=2881 f2far=3225
SIPM_ARRIVALS event=924 total=781
SIPM_ADC event=924 readout=2699 f1far=2953 f2near=3180 f2far=3692
SIPM_ARRIVALS event=767 total=780
SIPM_ADC event=767 readout=2798 f1far=2641 f2near=3212 f2far=2535
SIPM_ARRIVALS event=615 total=930
SIPM_ADC event=615 readout=3500 f1far=3895 f2near=3186 f2far=3895
SIPM_ARRIVALS event=996 total=737
SIPM_ADC event=996 readout=2540 f1far=2780 f2near=3408 f2far=2049
SIPM_ARRIVALS event=983 total=691
SIPM_ADC event=983 readout=2547 f1far=2779 f2near=2988 f2far=3348
SIPM_ARRIVALS event=954 total=696
SIPM_ADC event=954 readout=2273 f1far=2151 f2near=2908 f2far=3348
SIPM_ARRIVALS event=895 total=711
SIPM_ADC event=895 readout=2504 f1far=2964 f2near=2661 f2far=2303
SIPM_ARRIVALS event=925 total=887
SIPM_ADC event=925 readout=3200 f1far=3336 f2near=3036 f2far=3026
SIPM_ARRIVALS event=768 total=780
SIPM_ADC event=768 readout=2254 f1far=2759 f2near=3155 f2far=2295
SIPM_ARRIVALS event=616 total=747
SIPM_ADC event=616 readout=2791 f1far=3285 f2near=3248 f2far=2708
SIPM_ARRIVALS event=997 total=766
SIPM_ADC event=997 readout=3435 f1far=2766 f2near=2232 f2far=2930
SIPM_ARRIVALS event=955 total=632
SIPM_ADC event=955 readout=2018 f1far=2204 f2near=2423 f2far=2620
SIPM_ARRIVALS event=896 total=704
SIPM_ADC event=896 readout=2135 f1far=2930 f2near=2205 f2far=2541
SIPM_ARRIVALS event=926 total=758
SIPM_ADC event=926 readout=2905 f1far=3623 f2near=3130 f2far=2915
SIPM_ARRIVALS event=984 total=1064
SIPM_ADC event=984 readout=3895 f1far=2636 f2near=3895 f2far=3895
SIPM_ARRIVALS event=769 total=980
SIPM_ADC event=769 readout=3895 f1far=3895 f2near=3895 f2far=3474
SIPM_ARRIVALS event=998 total=699
SIPM_ADC event=998 readout=2591 f1far=2920 f2near=2679 f2far=2580
SIPM_ARRIVALS event=617 total=979
SIPM_ADC event=617 readout=3895 f1far=3490 f2near=3202 f2far=3287
SIPM_ARRIVALS event=956 total=824
SIPM_ADC event=956 readout=2599 f1far=3723 f2near=2628 f2far=3165
SIPM_ARRIVALS event=897 total=794
SIPM_ADC event=897 readout=3299 f1far=3166 f2near=2929 f2far=3257
SIPM_ARRIVALS event=927 total=798
SIPM_ADC event=927 readout=3434 f1far=2796 f2near=3895 f2far=3895
SIPM_ARRIVALS event=985 total=778
SIPM_ADC event=985 readout=2464 f1far=3320 f2near=2582 f2far=3295
SIPM_ARRIVALS event=999 total=712
SIPM_ADC event=999 readout=2492 f1far=2217 f2near=1947 f2far=2745
SIPM_ARRIVALS event=770 total=728
SIPM_ADC event=770 readout=2511 f1far=2998 f2near=2842 f2far=2731
SIPM_ARRIVALS event=618 total=755
SIPM_ADC event=618 readout=3138 f1far=2747 f2near=3280 f2far=3635
SIPM_ARRIVALS event=957 total=686
SIPM_ADC event=957 readout=2317 f1far=2717 f2near=2259 f2far=3140
SIPM_ARRIVALS event=898 total=739
SIPM_ADC event=898 readout=2580 f1far=3254 f2near=2393 f2far=2635
SIPM_ARRIVALS event=928 total=789
SIPM_ADC event=928 readout=3297 f1far=2137 f2near=3470 f2far=2623
SIPM_ARRIVALS event=986 total=841
SIPM_ADC event=986 readout=3185 f1far=3471 f2near=3068 f2far=3043
SIPM_ARRIVALS event=619 total=781
SIPM_ADC event=619 readout=3405 f1far=3095 f2near=1757 f2far=2734
SIPM_ARRIVALS event=771 total=958
SIPM_ADC event=771 readout=3408 f1far=3895 f2near=3133 f2far=2988
SIPM_ARRIVALS event=958 total=726
SIPM_ADC event=958 readout=3092 f1far=2758 f2near=1971 f2far=2949
SIPM_ARRIVALS event=929 total=811
SIPM_ADC event=929 readout=3536 f1far=3109 f2near=2968 f2far=2136
SIPM_ARRIVALS event=987 total=847
SIPM_ADC event=987 readout=3761 f1far=3444 f2near=3069 f2far=3895
SIPM_ARRIVALS event=772 total=718
SIPM_ADC event=772 readout=3260 f1far=2614 f2near=3148 f2far=2575
SIPM_ARRIVALS event=959 total=752
SIPM_ADC event=959 readout=2657 f1far=2146 f2near=2781 f2far=3092
SIPM_ARRIVALS event=823 total=15990
SIPM_ADC event=823 readout=3895 f1far=3895 f2near=3895 f2far=3895
SIPM_ARRIVALS event=988 total=684
SIPM_ADC event=988 readout=2356 f1far=2892 f2near=2619 f2far=1864
SIPM_ARRIVALS event=773 total=727
SIPM_ADC event=773 readout=3143 f1far=2851 f2near=2327 f2far=2903
SIPM_ARRIVALS event=824 total=771
SIPM_ADC event=824 readout=3111 f1far=2393 f2near=3035 f2far=2735
SIPM_ARRIVALS event=960 total=849
SIPM_ADC event=960 readout=2872 f1far=3072 f2near=3345 f2far=3183
SIPM_ARRIVALS event=989 total=808
SIPM_ADC event=989 readout=2916 f1far=2313 f2near=2476 f2far=3034
SIPM_ARRIVALS event=774 total=797
SIPM_ADC event=774 readout=2812 f1far=2902 f2near=2426 f2far=3259
SIPM_ARRIVALS event=825 total=701
SIPM_ADC event=825 readout=2579 f1far=2462 f2near=2789 f2far=2872
SIPM_ARRIVALS event=990 total=707
SIPM_ADC event=990 readout=3443 f1far=2891 f2near=2571 f2far=2352
SIPM_ARRIVALS event=991 total=648
SIPM_ADC event=991 readout=2955 f1far=2508 f2near=2870 f2far=2831
SIPM_ARRIVALS event=826 total=4323
SIPM_ADC event=826 readout=3895 f1far=3895 f2near=3895 f2far=3895
SIPM_ARRIVALS event=827 total=800
SIPM_ADC event=827 readout=3895 f1far=2986 f2near=3072 f2far=2097
SIPM_ARRIVALS event=828 total=843
SIPM_ADC event=828 readout=2933 f1far=3476 f2near=3291 f2far=3165
SIPM_ARRIVALS event=829 total=683
SIPM_ADC event=829 readout=3021 f1far=2316 f2near=2330 f2far=2501
SIPM_ARRIVALS event=830 total=1054
SIPM_ADC event=830 readout=3786 f1far=3760 f2near=3895 f2far=3895
SIPM_ARRIVALS event=831 total=746
SIPM_ADC event=831 readout=1940 f1far=2629 f2near=3135 f2far=3233
SIPM_ARRIVALS event=832 total=916
SIPM_ADC event=832 readout=3382 f1far=2706 f2near=3817 f2far=3428
SIPM_ARRIVALS event=833 total=708
SIPM_ADC event=833 readout=2559 f1far=2935 f2near=2969 f2far=2395
SIPM_ARRIVALS event=834 total=695
SIPM_ADC event=834 readout=2211 f1far=3533 f2near=2354 f2far=2475
SIPM_ARRIVALS event=835 total=800
SIPM_ADC event=835 readout=3325 f1far=2670 f2near=2396 f2far=2863
SIPM_ARRIVALS event=836 total=746
SIPM_ADC event=836 readout=3044 f1far=2138 f2near=2982 f2far=3761
RUN_DONE events=1000 output=/projects/hep/fs10/shared/nnbar/billy/ccb1623_campaign/stave_piminus_100MeV_B_s1625.root
     Cr_sctns:  Glauber-Gribov Nucl-nucl: 0 eV  ---> 25.6 PeV
     Cr_sctns:  Glauber-Gribov Nucl-nucl: 0 eV  ---> 25.6 PeV
     Cr_sctns:  Glauber-Gribov Nucl-nucl: 0 eV  ---> 25.6 PeV
     Cr_sctns:  Glauber-Gribov Nucl-nucl: 0 eV  ---> 25.6 PeV
     Cr_sctns:  Glauber-Gribov Nucl-nucl: 0 eV  ---> 25.6 PeV
     Cr_sctns:  Glauber-Gribov Nucl-nucl: 0 eV  ---> 25.6 PeV
     Cr_sctns:  Glauber-Gribov Nucl-nucl: 0 eV  ---> 25.6 PeV
     Cr_sctns:  Glauber-Gribov Nucl-nucl: 0 eV  ---> 25.6 PeV
     Cr_sctns:  Glauber-Gribov Nucl-nucl: 0 eV  ---> 25.6 PeV
     Cr_sctns:  Glauber-Gribov Nucl-nucl: 0 eV  ---> 25.6 PeV
     Cr_sctns:  Glauber-Gribov Nucl-nucl: 0 eV  ---> 25.6 PeV
     Cr_sctns:  Glauber-Gribov Nucl-nucl: 0 eV  ---> 25.6 PeV
     Cr_sctns:  Glauber-Gribov Nucl-nucl: 0 eV  ---> 25.6 PeV
     Cr_sctns:  Glauber-Gribov Nucl-nucl: 0 eV  ---> 25.6 PeV
     Cr_sctns:  Glauber-Gribov Nucl-nucl: 0 eV  ---> 25.6 PeV
     Cr_sctns:  Glauber-Gribov Nucl-nucl: 0 eV  ---> 25.6 PeV
CCB_STAVE_END
wrote /projects/hep/fs10/shared/nnbar/billy/ccb1623_campaign/stave_piminus_100MeV_B_s1625.root (+ /projects/hep/fs10/shared/nnbar/billy/ccb1623_campaign/stave_piminus_100MeV_B_s1625.root.meta.json)
