point idx=47 part=deuteron E=10 sample=B seed=1625 nev=1000 threads=16
CCB_BEAM_PREFLIGHT intersects=1 enters_neg_z=1 path_cm=2 reason=ok

**************************************************************
 Geant4 version Name: geant4-11-02-patch-02 [MT]   (21-June-2024)
  << in Multi-threaded mode >> 
                       Copyright : Geant4 Collaboration
                      References : NIM A 506 (2003), 250-303
                                 : IEEE-TNS 53 (2006), 270-278
                                 : NIM A 835 (2016), 186-225
                             WWW : http://geant4.org/
**************************************************************

CCB_STAVE_START particle=deuteron KE_MeV=10 nevents=1000 threads_requested=16 threads_effective=16 g4_force_threads=unset seed=1625 hit_x_cm=0 hit_y_cm=0 theta_deg=0 phi_deg=0 allow_miss=0 beam_profile_id=FIXED_POINT_NORMAL sample_position=0 hit_x_min_cm=0 hit_x_max_cm=0 hit_y_min_cm=0 hit_y_max_cm=0 sample_angle=0 theta_spread_deg=0 write_photon_ntuple=0 optical_max_time_ns=1000 optical_max_steps=200000 birks_kB=0.126 quenching_model_id=birks_geant4 quenching_model_status=HYPOTHESIS quenching_claims_authorized=false production_cut_mm=0.1 physics_list=QGSP_BIC neutron_timecut_policy_id=pin_qgsp_bic_default_10us neutron_time_cut_us=10 neutron_tracking_time_cut_configured=1 neutron_diagnostics=0 reflectivity_scale=1 attenuation_scale(deprecated)=1 scintillator_absorption_scale=1 y11_bulk_attenuation_scale=1 pde_scale=1 collection_efficiency=1 optical_interface_model=UNKNOWN_EXTERNAL far_end=instrumented wls_time_profile=exponential wls_fluorescence_model=geant4_default_one_secondary wls_fluorescence_yield=0.7 mode=optical optical_dir=/projects/hep/fs10/shared/nnbar/billy/ccb-wt-1623/geant4/single_stave/build/optical strict_optical=1 output=/projects/hep/fs10/shared/nnbar/billy/ccb1623_campaign/stave_deuteron_10MeV_B_s1625.root gpu_optical=0 optical_out= dump_gdml=
G4PhysListFactory::GetReferencePhysList <QGSP_BIC>  EMoption= 0
<<< Geant4 Physics List simulation engine: QGSP_BIC


Checking overlaps for volume Coating:0 (G4SubtractionSolid) ... OK! 
Checking overlaps for volume Scintillator:0 (G4SubtractionSolid) ... OK! 
Checking overlaps for volume OuterClad_F1:0 (G4Tubs) ... OK! 
Checking overlaps for volume InnerClad_F1:0 (G4Tubs) ... OK! 
Checking overlaps for volume Core_F1:0 (G4Tubs) ... OK! 
Checking overlaps for volume Sensor_F1_PlusX:0 (G4Tubs) ... OK! 
Checking overlaps for volume Sensor_F1_MinusX:1 (G4Tubs) ... OK! 
Checking overlaps for volume OuterClad_F2:1 (G4Tubs) ... OK! 
Checking overlaps for volume InnerClad_F2:1 (G4Tubs) ... OK! 
Checking overlaps for volume Core_F2:1 (G4Tubs) ... OK! 
Checking overlaps for volume Sensor_F2_PlusX:2 (G4Tubs) ... OK! 
Checking overlaps for volume Sensor_F2_MinusX:3 (G4Tubs) ... OK! 
GEOMETRY_REPORT_BEGIN
stave_length_cm 50
stave_width_cm 5.18
stave_thickness_cm 2
normal_path_cm 2
fibre_diameter_mm 1.8
hole_diameter_mm 2
fibre_separation_cm 2
fibre_within_hole 1
fibre_protrudes_for_readout 1
holes_contained_y 1
holes_contained_z 1
geometry_hash e323b92195f9a6288944f0738dbadccf9386422f076362ca172fd0b6d119d1e1
physics_hash 695755f15879c60b7dbc23f5ad7f972d0ec3d9710fa2ec357d17a3b37c48faee
optical_hash 02abddb7662749ea88712a86cced3d7438d45eb865b430c54073ae9dde8549eb
clad_inner_rindex 1.49
clad_outer_rindex 1.42
GEOMETRY_REPORT_END
GEOMETRY_SELFCHECK_PASS
### Adding tracking cuts for neutron  TimeCut(ns)= 10000  KinEnergyCut(MeV)= 0
### Birks coefficients used in run time
   G4_POLYSTYRENE     0.07943 mm/MeV     0.00841958 g/cm^2/MeV  massFactor=  504.5 effCharge= 18.5
   CCB_Scintillator     0.126 mm/MeV     0.013356 g/cm^2/MeV  massFactor=  504.5 effCharge= 18.5
=======================================================================
======                 Electromagnetic Physics Parameters      ========
=======================================================================
LPM effect enabled                                 1
Enable creation and use of sampling tables         0
Apply cuts on all EM processes                     0
Use combined TransportationWithMsc                 Disabled
Use general process                                1
Enable linear polarisation for gamma               0
Enable photoeffect sampling below K-shell          1
Enable sampling of quantum entanglement            0
X-section factor for integral approach             0.8
Min kinetic energy for tables                      100 eV 
Max kinetic energy for tables                      100 TeV
Number of bins per decade of a table               7
Verbose level                                      1
Verbose level for worker thread                    0
Bremsstrahlung energy threshold above which 
  primary e+- is added to the list of secondary    100 TeV
Bremsstrahlung energy threshold above which primary
  muon/hadron is added to the list of secondary    100 TeV
Lowest triplet kinetic energy                      1 MeV
Enable sampling of gamma linear polarisation       0
5D gamma conversion model type                     0
5D gamma conversion model on isolated ion          0
Livermore data directory                           epics_2017
=======================================================================
======                 Ionisation Parameters                   ========
=======================================================================
Step function for e+-                              (0.2, 1 mm)
Step function for muons/hadrons                    (0.2, 0.1 mm)
Step function for light ions                       (0.2, 0.1 mm)
Step function for general ions                     (0.2, 0.1 mm)
Lowest e+e- kinetic energy                         1 keV
Lowest muon/hadron kinetic energy                  1 keV
Use ICRU90 data                                    0
Fluctuations of dE/dx are enabled                  1
Type of fluctuation model for leptons and hadrons  Urban
Use built-in Birks satuaration                     1
Build CSDA range enabled                           0
Use cut as a final range enabled                   0
Enable angular generator interface                 0
Max kinetic energy for CSDA tables                 1 GeV
Max kinetic energy for NIEL computation            0 eV 
Linear loss limit                                  0.01
Read data from file for e+e- pair production by mu 0
=======================================================================
======                 Multiple Scattering Parameters          ========
=======================================================================
Type of msc step limit algorithm for e+-           1
Type of msc step limit algorithm for muons/hadrons 0
Msc lateral displacement for e+- enabled           1
Msc lateral displacement for muons and hadrons     0
Urban msc model lateral displacement alg96         1
Range factor for msc step limit for e+-            0.04
Range factor for msc step limit for muons/hadrons  0.2
Geometry factor for msc step limitation of e+-     2.5
Safety factor for msc step limit for e+-           0.6
Skin parameter for msc step limitation of e+-      1
Lambda limit for msc step limit for e+-            1 mm
Use Mott correction for e- scattering              0
Factor used for dynamic computation of angular 
  limit between single and multiple scattering     1
Fixed angular limit between single 
  and multiple scattering                          3.1416 rad
Upper energy limit for e+- multiple scattering     100 MeV
Type of electron single scattering model           0
Type of nuclear form-factor                        1
Screening factor                                   1
=======================================================================

phot:  for gamma SubType=12 BuildTable=0
      LambdaPrime table from 200 keV to 100 TeV in 61 bins 
      ===== EM models for the G4Region  DefaultRegionForTheWorld ======
 LivermorePhElectric : Emin=    0 eV  Emax=  100 TeV  SauterGavrila Fluo

compt:  for gamma SubType=13 BuildTable=1
      Lambda table from 100 eV  to 1 MeV, 7 bins/decade, spline: 1
      LambdaPrime table from 1 MeV to 100 TeV in 56 bins 
      ===== EM models for the G4Region  DefaultRegionForTheWorld ======
       Klein-Nishina : Emin=    0 eV  Emax=  100 TeV

conv:  for gamma SubType=14 BuildTable=1
      Lambda table from 1.022 MeV to 100 TeV, 18 bins/decade, spline: 1
      ===== EM models for the G4Region  DefaultRegionForTheWorld ======
     BetheHeitlerLPM : Emin=    0 eV  Emax=  100 TeV  ModifiedTsai

Rayl:  for gamma SubType=11 BuildTable=1
      Lambda table from 100 eV  to 150 keV, 7 bins/decade, spline: 0
      LambdaPrime table from 150 keV to 100 TeV in 62 bins 
      ===== EM models for the G4Region  DefaultRegionForTheWorld ======
   LivermoreRayleigh : Emin=    0 eV  Emax=  100 TeV  CullenGenerator

msc:  for e-  SubType= 10
      ===== EM models for the G4Region  DefaultRegionForTheWorld ======
            UrbanMsc : Emin=    0 eV  Emax=  100 MeV Nbins=42 100 eV  - 100 MeV
          StepLim=UseSafety Rfact=0.04 Gfact=2.5 Sfact=0.6 DispFlag:1 Skin=1 Llim=1 mm
        WentzelVIUni : Emin=  100 MeV Emax=  100 TeV Nbins=42 100 MeV - 100 TeV
          StepLim=UseSafety Rfact=0.04 Gfact=2.5 Sfact=0.6 DispFlag:1 Skin=1 Llim=1 mm

eIoni:  for e-  XStype:3  SubType=2
      dE/dx and range tables from 100 eV  to 100 TeV in 84 bins
      Lambda tables from threshold to 100 TeV, 7 bins/decade, spline: 1
      StepFunction=(0.2, 1 mm), integ: 3, fluct: 1, linLossLim= 0.01
      ===== EM models for the G4Region  DefaultRegionForTheWorld ======
        MollerBhabha : Emin=    0 eV  Emax=  100 TeV

eBrem:  for e-  XStype:4  SubType=3
      dE/dx and range tables from 100 eV  to 100 TeV in 84 bins
      Lambda tables from threshold to 100 TeV, 7 bins/decade, spline: 1
      LPM flag: 1 for E > 1 GeV,  VertexHighEnergyTh(GeV)= 100000
      ===== EM models for the G4Region  DefaultRegionForTheWorld ======
             eBremSB : Emin=    0 eV  Emax=    1 GeV  ModifiedTsai
            eBremLPM : Emin=    1 GeV Emax=  100 TeV  ModifiedTsai

CoulombScat:  for e- XStype:1 SubType=1 BuildTable=1
      Lambda table from 100 MeV to 100 TeV, 7 bins/decade, spline: 0
      ThetaMin(p) < Theta(degree) < 180, pLimit(GeV^1)= 0.139531
      ===== EM models for the G4Region  DefaultRegionForTheWorld ======
  eCoulombScattering : Emin=  100 MeV Emax=  100 TeV

msc:  for e+  SubType= 10
      ===== EM models for the G4Region  DefaultRegionForTheWorld ======
            UrbanMsc : Emin=    0 eV  Emax=  100 MeV Nbins=42 100 eV  - 100 MeV
          StepLim=UseSafety Rfact=0.04 Gfact=2.5 Sfact=0.6 DispFlag:1 Skin=1 Llim=1 mm
        WentzelVIUni : Emin=  100 MeV Emax=  100 TeV Nbins=42 100 MeV - 100 TeV
          StepLim=UseSafety Rfact=0.04 Gfact=2.5 Sfact=0.6 DispFlag:1 Skin=1 Llim=1 mm

eIoni:  for e+  XStype:3  SubType=2
      dE/dx and range tables from 100 eV  to 100 TeV in 84 bins
      Lambda tables from threshold to 100 TeV, 7 bins/decade, spline: 1
      StepFunction=(0.2, 1 mm), integ: 3, fluct: 1, linLossLim= 0.01
      ===== EM models for the G4Region  DefaultRegionForTheWorld ======
        MollerBhabha : Emin=    0 eV  Emax=  100 TeV

eBrem:  for e+  XStype:4  SubType=3
      dE/dx and range tables from 100 eV  to 100 TeV in 84 bins
      Lambda tables from threshold to 100 TeV, 7 bins/decade, spline: 1
      LPM flag: 1 for E > 1 GeV,  VertexHighEnergyTh(GeV)= 100000
      ===== EM models for the G4Region  DefaultRegionForTheWorld ======
             eBremSB : Emin=    0 eV  Emax=    1 GeV  ModifiedTsai
            eBremLPM : Emin=    1 GeV Emax=  100 TeV  ModifiedTsai

annihil:  for e+ XStype:2 SubType=5 BuildTable=0
      ===== EM models for the G4Region  DefaultRegionForTheWorld ======
            eplus2gg : Emin=    0 eV  Emax=  100 TeV

CoulombScat:  for e+ XStype:1 SubType=1 BuildTable=1
      Lambda table from 100 MeV to 100 TeV, 7 bins/decade, spline: 0
      ThetaMin(p) < Theta(degree) < 180, pLimit(GeV^1)= 0.139531
      ===== EM models for the G4Region  DefaultRegionForTheWorld ======
  eCoulombScattering : Emin=  100 MeV Emax=  100 TeV

msc:  for proton  SubType= 10
      ===== EM models for the G4Region  DefaultRegionForTheWorld ======
        WentzelVIUni : Emin=    0 eV  Emax=  100 TeV Nbins=84 100 eV  - 100 TeV
          StepLim=Minimal Rfact=0.2 Gfact=2.5 Sfact=0.6 DispFlag:0 Skin=1 Llim=1 mm

hIoni:  for proton  XStype:3  SubType=2
      dE/dx and range tables from 100 eV  to 100 TeV in 84 bins
      Lambda tables from threshold to 100 TeV, 7 bins/decade, spline: 1
      StepFunction=(0.2, 0.1 mm), integ: 3, fluct: 1, linLossLim= 0.01
      ===== EM models for the G4Region  DefaultRegionForTheWorld ======
               Bragg : Emin=    0 eV  Emax=    2 MeV
          BetheBloch : Emin=    2 MeV Emax=  100 TeV

hBrems:  for proton  XStype:1  SubType=3
      dE/dx and range tables from 100 eV  to 100 TeV in 84 bins
      Lambda tables from threshold to 100 TeV, 7 bins/decade, spline: 1
      ===== EM models for the G4Region  DefaultRegionForTheWorld ======
               hBrem : Emin=    0 eV  Emax=  100 TeV  ModifiedMephi

hPairProd:  for proton  XStype:1  SubType=4
      dE/dx and range tables from 100 eV  to 100 TeV in 84 bins
      Lambda tables from threshold to 100 TeV, 7 bins/decade, spline: 1
      Sampling table 17x1001; from 7.50618 GeV to 100 TeV 
      ===== EM models for the G4Region  DefaultRegionForTheWorld ======
           hPairProd : Emin=    0 eV  Emax=  100 TeV  ModifiedMephi

CoulombScat:  for proton XStype:1 SubType=1 BuildTable=1
      Lambda table from threshold  to 100 TeV, 7 bins/decade, spline: 0
      ThetaMin(p) < Theta(degree) < 180, pLimit(GeV^1)= 0.139531
      ===== EM models for the G4Region  DefaultRegionForTheWorld ======
  eCoulombScattering : Emin=    0 eV  Emax=  100 TeV

msc:  for GenericIon  SubType= 10
      ===== EM models for the G4Region  DefaultRegionForTheWorld ======
            UrbanMsc : Emin=    0 eV  Emax=  100 TeV
          StepLim=Minimal Rfact=0.2 Gfact=2.5 Sfact=0.6 DispFlag:0 Skin=1 Llim=1 mm

ionIoni:  for GenericIon  XStype:3  SubType=2
      dE/dx and range tables from 100 eV  to 100 TeV in 84 bins
      Lambda tables from threshold to 100 TeV, 7 bins/decade, spline: 1
      StepFunction=(0.2, 0.1 mm), integ: 3, fluct: 1, linLossLim= 0.02
      ===== EM models for the G4Region  DefaultRegionForTheWorld ======
            BraggIon : Emin=    0 eV  Emax=    2 MeV
          BetheBloch : Emin=    2 MeV Emax=  100 TeV

msc:  for alpha  SubType= 10
      ===== EM models for the G4Region  DefaultRegionForTheWorld ======
            UrbanMsc : Emin=    0 eV  Emax=  100 TeV
          StepLim=Minimal Rfact=0.2 Gfact=2.5 Sfact=0.6 DispFlag:0 Skin=1 Llim=1 mm

ionIoni:  for alpha  XStype:3  SubType=2
      dE/dx and range tables from 100 eV  to 100 TeV in 84 bins
      Lambda tables from threshold to 100 TeV, 7 bins/decade, spline: 1
      StepFunction=(0.2, 0.1 mm), integ: 3, fluct: 1, linLossLim= 0.02
      ===== EM models for the G4Region  DefaultRegionForTheWorld ======
            BraggIon : Emin=    0 eV  Emax=7.9452 MeV
          BetheBloch : Emin=7.9452 MeV Emax=  100 TeV

msc:  for anti_proton  SubType= 10
      ===== EM models for the G4Region  DefaultRegionForTheWorld ======
        WentzelVIUni : Emin=    0 eV  Emax=  100 TeV Nbins=84 100 eV  - 100 TeV
          StepLim=Minimal Rfact=0.2 Gfact=2.5 Sfact=0.6 DispFlag:0 Skin=1 Llim=1 mm

hIoni:  for anti_proton  XStype:3  SubType=2
      dE/dx and range tables from 100 eV  to 100 TeV in 84 bins
      Lambda tables from threshold to 100 TeV, 7 bins/decade, spline: 1
      StepFunction=(0.2, 0.1 mm), integ: 3, fluct: 1, linLossLim= 0.01
      ===== EM models for the G4Region  DefaultRegionForTheWorld ======
            ICRU73QO : Emin=    0 eV  Emax=    2 MeV
          BetheBloch : Emin=    2 MeV Emax=  100 TeV

hBrems:  for anti_proton  XStype:1  SubType=3
      dE/dx and range tables from 100 eV  to 100 TeV in 84 bins
      Lambda tables from threshold to 100 TeV, 7 bins/decade, spline: 1
      ===== EM models for the G4Region  DefaultRegionForTheWorld ======
               hBrem : Emin=    0 eV  Emax=  100 TeV  ModifiedMephi

hPairProd:  for anti_proton  XStype:1  SubType=4
      dE/dx and range tables from 100 eV  to 100 TeV in 84 bins
      Lambda tables from threshold to 100 TeV, 7 bins/decade, spline: 1
      Sampling table 17x1001; from 7.50618 GeV to 100 TeV 
      ===== EM models for the G4Region  DefaultRegionForTheWorld ======
           hPairProd : Emin=    0 eV  Emax=  100 TeV  ModifiedMephi

CoulombScat:  for anti_proton XStype:1 SubType=1 BuildTable=1
      Lambda table from threshold  to 100 TeV, 7 bins/decade, spline: 0
      ThetaMin(p) < Theta(degree) < 180, pLimit(GeV^1)= 0.139531
      ===== EM models for the G4Region  DefaultRegionForTheWorld ======
  eCoulombScattering : Emin=    0 eV  Emax=  100 TeV

msc:  for kaon+  SubType= 10
      ===== EM models for the G4Region  DefaultRegionForTheWorld ======
        WentzelVIUni : Emin=    0 eV  Emax=  100 TeV Nbins=84 100 eV  - 100 TeV
          StepLim=Minimal Rfact=0.2 Gfact=2.5 Sfact=0.6 DispFlag:0 Skin=1 Llim=1 mm

hIoni:  for kaon+  XStype:3  SubType=2
      dE/dx and range tables from 100 eV  to 100 TeV in 84 bins
      Lambda tables from threshold to 100 TeV, 7 bins/decade, spline: 1
      StepFunction=(0.2, 0.1 mm), integ: 3, fluct: 1, linLossLim= 0.01
      ===== EM models for the G4Region  DefaultRegionForTheWorld ======
               Bragg : Emin=    0 eV  Emax=1.05231 MeV
          BetheBloch : Emin=1.05231 MeV Emax=  100 TeV

hBrems:  for kaon+  XStype:1  SubType=3
      dE/dx and range tables from 100 eV  to 100 TeV in 84 bins
      Lambda tables from threshold to 100 TeV, 7 bins/decade, spline: 1
      ===== EM models for the G4Region  DefaultRegionForTheWorld ======
               hBrem : Emin=    0 eV  Emax=  100 TeV  ModifiedMephi

hPairProd:  for kaon+  XStype:1  SubType=4
      dE/dx and range tables from 100 eV  to 100 TeV in 84 bins
      Lambda tables from threshold to 100 TeV, 7 bins/decade, spline: 1
      Sampling table 18x1001; from 3.94942 GeV to 100 TeV 
      ===== EM models for the G4Region  DefaultRegionForTheWorld ======
           hPairProd : Emin=    0 eV  Emax=  100 TeV  ModifiedMephi

CoulombScat:  for kaon+ XStype:1 SubType=1 BuildTable=1
      Lambda table from threshold  to 100 TeV, 7 bins/decade, spline: 0
      ThetaMin(p) < Theta(degree) < 180, pLimit(GeV^1)= 0.139531
      ===== EM models for the G4Region  DefaultRegionForTheWorld ======
  eCoulombScattering : Emin=    0 eV  Emax=  100 TeV

msc:  for kaon-  SubType= 10
      ===== EM models for the G4Region  DefaultRegionForTheWorld ======
        WentzelVIUni : Emin=    0 eV  Emax=  100 TeV Nbins=84 100 eV  - 100 TeV
          StepLim=Minimal Rfact=0.2 Gfact=2.5 Sfact=0.6 DispFlag:0 Skin=1 Llim=1 mm

hIoni:  for kaon-  XStype:3  SubType=2
      dE/dx and range tables from 100 eV  to 100 TeV in 84 bins
      Lambda tables from threshold to 100 TeV, 7 bins/decade, spline: 1
      StepFunction=(0.2, 0.1 mm), integ: 3, fluct: 1, linLossLim= 0.01
      ===== EM models for the G4Region  DefaultRegionForTheWorld ======
            ICRU73QO : Emin=    0 eV  Emax=1.05231 MeV
          BetheBloch : Emin=1.05231 MeV Emax=  100 TeV

hBrems:  for kaon-  XStype:1  SubType=3
      dE/dx and range tables from 100 eV  to 100 TeV in 84 bins
      Lambda tables from threshold to 100 TeV, 7 bins/decade, spline: 1
      ===== EM models for the G4Region  DefaultRegionForTheWorld ======
               hBrem : Emin=    0 eV  Emax=  100 TeV  ModifiedMephi

hPairProd:  for kaon-  XStype:1  SubType=4
      dE/dx and range tables from 100 eV  to 100 TeV in 84 bins
      Lambda tables from threshold to 100 TeV, 7 bins/decade, spline: 1
      Sampling table 18x1001; from 3.94942 GeV to 100 TeV 
      ===== EM models for the G4Region  DefaultRegionForTheWorld ======
           hPairProd : Emin=    0 eV  Emax=  100 TeV  ModifiedMephi

CoulombScat:  for kaon- XStype:1 SubType=1 BuildTable=1
      Used Lambda table of kaon+
      ThetaMin(p) < Theta(degree) < 180, pLimit(GeV^1)= 0.139531
      ===== EM models for the G4Region  DefaultRegionForTheWorld ======
  eCoulombScattering : Emin=    0 eV  Emax=  100 TeV

msc:  for mu+  SubType= 10
      ===== EM models for the G4Region  DefaultRegionForTheWorld ======
        WentzelVIUni : Emin=    0 eV  Emax=  100 TeV Nbins=84 100 eV  - 100 TeV
          StepLim=Minimal Rfact=0.2 Gfact=2.5 Sfact=0.6 DispFlag:0 Skin=1 Llim=1 mm

muIoni:  for mu+  XStype:3  SubType=2
      dE/dx and range tables from 100 eV  to 100 TeV in 84 bins
      Lambda tables from threshold to 100 TeV, 7 bins/decade, spline: 1
      StepFunction=(0.2, 0.1 mm), integ: 3, fluct: 1, linLossLim= 0.01
      ===== EM models for the G4Region  DefaultRegionForTheWorld ======
               Bragg : Emin=    0 eV  Emax=  200 keV
        MuBetheBloch : Emin=  200 keV Emax=  100 TeV

muBrems:  for mu+  XStype:1  SubType=3
      dE/dx and range tables from 100 eV  to 100 TeV in 84 bins
      Lambda tables from threshold to 100 TeV, 7 bins/decade, spline: 1
      ===== EM models for the G4Region  DefaultRegionForTheWorld ======
              MuBrem : Emin=    0 eV  Emax=  100 TeV  ModifiedMephi

muPairProd:  for mu+  XStype:1  SubType=4
      dE/dx and range tables from 100 eV  to 100 TeV in 84 bins
      Lambda tables from threshold to 100 TeV, 7 bins/decade, spline: 1
      Sampling table 21x1001; from 0.85 GeV to 100 TeV 
      ===== EM models for the G4Region  DefaultRegionForTheWorld ======
          muPairProd : Emin=    0 eV  Emax=  100 TeV  ModifiedMephi

CoulombScat:  for mu+ XStype:1 SubType=1 BuildTable=1
      Lambda table from threshold  to 100 TeV, 7 bins/decade, spline: 0
      ThetaMin(p) < Theta(degree) < 180, pLimit(GeV^1)= 0.139531
      ===== EM models for the G4Region  DefaultRegionForTheWorld ======
  eCoulombScattering : Emin=    0 eV  Emax=  100 TeV

msc:  for mu-  SubType= 10
      ===== EM models for the G4Region  DefaultRegionForTheWorld ======
        WentzelVIUni : Emin=    0 eV  Emax=  100 TeV Nbins=84 100 eV  - 100 TeV
          StepLim=Minimal Rfact=0.2 Gfact=2.5 Sfact=0.6 DispFlag:0 Skin=1 Llim=1 mm

muIoni:  for mu-  XStype:3  SubType=2
      dE/dx and range tables from 100 eV  to 100 TeV in 84 bins
      Lambda tables from threshold to 100 TeV, 7 bins/decade, spline: 1
      StepFunction=(0.2, 0.1 mm), integ: 3, fluct: 1, linLossLim= 0.01
      ===== EM models for the G4Region  DefaultRegionForTheWorld ======
            ICRU73QO : Emin=    0 eV  Emax=  200 keV
        MuBetheBloch : Emin=  200 keV Emax=  100 TeV

muBrems:  for mu-  XStype:1  SubType=3
      dE/dx and range tables from 100 eV  to 100 TeV in 84 bins
      Lambda tables from threshold to 100 TeV, 7 bins/decade, spline: 1
      ===== EM models for the G4Region  DefaultRegionForTheWorld ======
              MuBrem : Emin=    0 eV  Emax=  100 TeV  ModifiedMephi

muPairProd:  for mu-  XStype:1  SubType=4
      dE/dx and range tables from 100 eV  to 100 TeV in 84 bins
      Lambda tables from threshold to 100 TeV, 7 bins/decade, spline: 1
      Sampling table 21x1001; from 0.85 GeV to 100 TeV 
      ===== EM models for the G4Region  DefaultRegionForTheWorld ======
          muPairProd : Emin=    0 eV  Emax=  100 TeV  ModifiedMephi

CoulombScat:  for mu- XStype:1 SubType=1 BuildTable=1
      Used Lambda table of mu+
      ThetaMin(p) < Theta(degree) < 180, pLimit(GeV^1)= 0.139531
      ===== EM models for the G4Region  DefaultRegionForTheWorld ======
  eCoulombScattering : Emin=    0 eV  Emax=  100 TeV

msc:  for pi+  SubType= 10
      ===== EM models for the G4Region  DefaultRegionForTheWorld ======
        WentzelVIUni : Emin=    0 eV  Emax=  100 TeV Nbins=84 100 eV  - 100 TeV
          StepLim=Minimal Rfact=0.2 Gfact=2.5 Sfact=0.6 DispFlag:0 Skin=1 Llim=1 mm

hIoni:  for pi+  XStype:3  SubType=2
      dE/dx and range tables from 100 eV  to 100 TeV in 84 bins
      Lambda tables from threshold to 100 TeV, 7 bins/decade, spline: 1
      StepFunction=(0.2, 0.1 mm), integ: 3, fluct: 1, linLossLim= 0.01
      ===== EM models for the G4Region  DefaultRegionForTheWorld ======
               Bragg : Emin=    0 eV  Emax=297.505 keV
          BetheBloch : Emin=297.505 keV Emax=  100 TeV

hBrems:  for pi+  XStype:1  SubType=3
      dE/dx and range tables from 100 eV  to 100 TeV in 84 bins
      Lambda tables from threshold to 100 TeV, 7 bins/decade, spline: 1
      ===== EM models for the G4Region  DefaultRegionForTheWorld ======
               hBrem : Emin=    0 eV  Emax=  100 TeV  ModifiedMephi

hPairProd:  for pi+  XStype:1  SubType=4
      dE/dx and range tables from 100 eV  to 100 TeV in 84 bins
      Lambda tables from threshold to 100 TeV, 7 bins/decade, spline: 1
      Sampling table 20x1001; from 1.11656 GeV to 100 TeV 
      ===== EM models for the G4Region  DefaultRegionForTheWorld ======
           hPairProd : Emin=    0 eV  Emax=  100 TeV  ModifiedMephi

CoulombScat:  for pi+ XStype:1 SubType=1 BuildTable=1
      Lambda table from threshold  to 100 TeV, 7 bins/decade, spline: 0
      ThetaMin(p) < Theta(degree) < 180, pLimit(GeV^1)= 0.139531
      ===== EM models for the G4Region  DefaultRegionForTheWorld ======
  eCoulombScattering : Emin=    0 eV  Emax=  100 TeV

msc:  for pi-  SubType= 10
      ===== EM models for the G4Region  DefaultRegionForTheWorld ======
        WentzelVIUni : Emin=    0 eV  Emax=  100 TeV Nbins=84 100 eV  - 100 TeV
          StepLim=Minimal Rfact=0.2 Gfact=2.5 Sfact=0.6 DispFlag:0 Skin=1 Llim=1 mm

hIoni:  for pi-  XStype:3  SubType=2
      dE/dx and range tables from 100 eV  to 100 TeV in 84 bins
      Lambda tables from threshold to 100 TeV, 7 bins/decade, spline: 1
      StepFunction=(0.2, 0.1 mm), integ: 3, fluct: 1, linLossLim= 0.01
      ===== EM models for the G4Region  DefaultRegionForTheWorld ======
            ICRU73QO : Emin=    0 eV  Emax=297.505 keV
          BetheBloch : Emin=297.505 keV Emax=  100 TeV

hBrems:  for pi-  XStype:1  SubType=3
      dE/dx and range tables from 100 eV  to 100 TeV in 84 bins
      Lambda tables from threshold to 100 TeV, 7 bins/decade, spline: 1
      ===== EM models for the G4Region  DefaultRegionForTheWorld ======
               hBrem : Emin=    0 eV  Emax=  100 TeV  ModifiedMephi

hPairProd:  for pi-  XStype:1  SubType=4
      dE/dx and range tables from 100 eV  to 100 TeV in 84 bins
      Lambda tables from threshold to 100 TeV, 7 bins/decade, spline: 1
      Sampling table 20x1001; from 1.11656 GeV to 100 TeV 
      ===== EM models for the G4Region  DefaultRegionForTheWorld ======
           hPairProd : Emin=    0 eV  Emax=  100 TeV  ModifiedMephi

CoulombScat:  for pi- XStype:1 SubType=1 BuildTable=1
      Used Lambda table of pi+
      ThetaMin(p) < Theta(degree) < 180, pLimit(GeV^1)= 0.139531
      ===== EM models for the G4Region  DefaultRegionForTheWorld ======
  eCoulombScattering : Emin=    0 eV  Emax=  100 TeV

====================================================================
                  HADRONIC PROCESSES SUMMARY (verbose level 1)
-----------------------------------------------------------------------
                           Hadronic Processes for neutron
  Process: hadElastic
        Model:             hElasticCHIPS: 0 eV  ---> 100 TeV
     Cr_sctns:        G4NeutronElasticXS: 0 eV  ---> 100 TeV
  Process: neutronInelastic
        Model:                      QGSP: 12 GeV ---> 100 TeV
        Model:                      FTFP: 3 GeV ---> 25 GeV
        Model:            Binary Cascade: 0 eV  ---> 6 GeV
     Cr_sctns:      G4NeutronInelasticXS: 0 eV  ---> 100 TeV
  Process: nCapture
        Model:               nRadCapture: 0 eV  ---> 100 TeV
     Cr_sctns:        G4NeutronCaptureXS: 0 eV  ---> 100 TeV
  Process: nKiller
-----------------------------------------------------------------------
                           Hadronic Processes for GenericIon
  Process: ionElastic
        Model:          NNDiffuseElastic: 0 eV /n ---> 100 TeV/n
     Cr_sctns:  Glauber-Gribov Nucl-nucl: 0 eV  ---> 25.6 PeV
  Process: ionInelastic
        Model:  Binary Light Ion Cascade: 0 eV /n ---> 6 GeV/n
        Model:                      FTFP: 3 GeV/n ---> 100 TeV/n
     Cr_sctns:  Glauber-Gribov Nucl-nucl: 0 eV  ---> 25.6 PeV
-----------------------------------------------------------------------
                           Hadronic Processes for He3
  Process: hadElastic
        Model:              hElasticLHEP: 0 eV /n ---> 100 TeV/n
     Cr_sctns:  Glauber-Gribov Nucl-nucl: 0 eV  ---> 25.6 PeV
  Process: He3Inelastic
        Model:  Binary Light Ion Cascade: 0 eV /n ---> 6 GeV/n
        Model:                      FTFP: 3 GeV/n ---> 100 TeV/n
     Cr_sctns:  Glauber-Gribov Nucl-nucl: 0 eV  ---> 25.6 PeV
-----------------------------------------------------------------------
                           Hadronic Processes for alpha
  Process: hadElastic
        Model:              hElasticLHEP: 0 eV /n ---> 100 TeV/n
     Cr_sctns:  Glauber-Gribov Nucl-nucl: 0 eV  ---> 25.6 PeV
  Process: alphaInelastic
        Model:  Binary Light Ion Cascade: 0 eV /n ---> 6 GeV/n
        Model:                      FTFP: 3 GeV/n ---> 100 TeV/n
     Cr_sctns:  Glauber-Gribov Nucl-nucl: 0 eV  ---> 25.6 PeV
-----------------------------------------------------------------------
                           Hadronic Processes for anti_He3
  Process: hadElastic
        Model:              hElasticLHEP: 0 eV /n ---> 100.1 MeV/n
        Model:              AntiAElastic: 100 MeV/n ---> 100 TeV/n
     Cr_sctns:              AntiAGlauber: 0 eV  ---> 25.6 PeV
  Process: anti_He3Inelastic
        Model:                      FTFP: 0 eV /n ---> 100 TeV/n
     Cr_sctns:              AntiAGlauber: 0 eV  ---> 25.6 PeV
  Process: hFritiofCaptureAtRest
-----------------------------------------------------------------------
                           Hadronic Processes for anti_alpha
  Process: hadElastic
        Model:              hElasticLHEP: 0 eV /n ---> 100.1 MeV/n
        Model:              AntiAElastic: 100 MeV/n ---> 100 TeV/n
     Cr_sctns:              AntiAGlauber: 0 eV  ---> 25.6 PeV
  Process: anti_alphaInelastic
        Model:                      FTFP: 0 eV /n ---> 100 TeV/n
     Cr_sctns:              AntiAGlauber: 0 eV  ---> 25.6 PeV
  Process: hFritiofCaptureAtRest
-----------------------------------------------------------------------
                           Hadronic Processes for anti_deuteron
  Process: hadElastic
        Model:              hElasticLHEP: 0 eV /n ---> 100.1 MeV/n
        Model:              AntiAElastic: 100 MeV/n ---> 100 TeV/n
     Cr_sctns:              AntiAGlauber: 0 eV  ---> 25.6 PeV
  Process: anti_deuteronInelastic
        Model:                      FTFP: 0 eV /n ---> 100 TeV/n
     Cr_sctns:              AntiAGlauber: 0 eV  ---> 25.6 PeV
  Process: hFritiofCaptureAtRest
-------------------------------------------------------------------------
                           Hadronic Processes for anti_hypertriton
  Process: hFritiofCaptureAtRest
-----------------------------------------------------------------------
                           Hadronic Processes for anti_lambda
  Process: hadElastic
        Model:              hElasticLHEP: 0 eV  ---> 100 TeV
     Cr_sctns:            Glauber-Gribov: 0 eV  ---> 100 TeV
  Process: anti_lambdaInelastic
        Model:                      QGSP: 12 GeV ---> 100 TeV
        Model:                      FTFP: 0 eV  ---> 25 GeV
     Cr_sctns:            Glauber-Gribov: 0 eV  ---> 100 TeV
  Process: hFritiofCaptureAtRest
-----------------------------------------------------------------------
                           Hadronic Processes for anti_neutron
  Process: hadElastic
        Model:              hElasticLHEP: 0 eV  ---> 100.1 MeV
        Model:              AntiAElastic: 100 MeV ---> 100 TeV
     Cr_sctns:              AntiAGlauber: 0 eV  ---> 25.6 PeV
  Process: anti_neutronInelastic
        Model:                      FTFP: 0 eV  ---> 100 TeV
     Cr_sctns:              AntiAGlauber: 0 eV  ---> 25.6 PeV
  Process: hFritiofCaptureAtRest
-----------------------------------------------------------------------
                           Hadronic Processes for anti_proton
  Process: hadElastic
        Model:              hElasticLHEP: 0 eV  ---> 100.1 MeV
        Model:              AntiAElastic: 100 MeV ---> 100 TeV
     Cr_sctns:              AntiAGlauber: 0 eV  ---> 25.6 PeV
  Process: anti_protonInelastic
        Model:                      FTFP: 0 eV  ---> 100 TeV
     Cr_sctns:              AntiAGlauber: 0 eV  ---> 25.6 PeV
  Process: hFritiofCaptureAtRest
-----------------------------------------------------------------------
                           Hadronic Processes for anti_triton
  Process: hadElastic
        Model:              hElasticLHEP: 0 eV /n ---> 100.1 MeV/n
        Model:              AntiAElastic: 100 MeV/n ---> 100 TeV/n
     Cr_sctns:              AntiAGlauber: 0 eV  ---> 25.6 PeV
  Process: anti_tritonInelastic
        Model:                      FTFP: 0 eV /n ---> 100 TeV/n
     Cr_sctns:              AntiAGlauber: 0 eV  ---> 25.6 PeV
  Process: hFritiofCaptureAtRest
-----------------------------------------------------------------------
                           Hadronic Processes for deuteron
  Process: hadElastic
        Model:              hElasticLHEP: 0 eV /n ---> 100 TeV/n
     Cr_sctns:  Glauber-Gribov Nucl-nucl: 0 eV  ---> 25.6 PeV
  Process: dInelastic
        Model:  Binary Light Ion Cascade: 0 eV /n ---> 6 GeV/n
        Model:                      FTFP: 3 GeV/n ---> 100 TeV/n
     Cr_sctns:  Glauber-Gribov Nucl-nucl: 0 eV  ---> 25.6 PeV
-----------------------------------------------------------------------
                           Hadronic Processes for e+
  Process: positronNuclear
        Model:   G4ElectroVDNuclearModel: 0 eV  ---> 1 PeV
     Cr_sctns:          ElectroNuclearXS: 0 eV  ---> 100 TeV
-----------------------------------------------------------------------
                           Hadronic Processes for e-
  Process: electronNuclear
        Model:   G4ElectroVDNuclearModel: 0 eV  ---> 1 PeV
     Cr_sctns:          ElectroNuclearXS: 0 eV  ---> 100 TeV
-----------------------------------------------------------------------
                           Hadronic Processes for gamma
  Process: photonNuclear
        Model:               GammaNPreco: 0 eV  ---> 200 MeV
        Model:            BertiniCascade: 199 MeV ---> 6 GeV
        Model:           TheoFSGenerator: 3 GeV ---> 100 TeV
     Cr_sctns:            GammaNuclearXS: 0 eV  ---> 100 TeV
-----------------------------------------------------------------------
                           Hadronic Processes for kaon+
  Process: hadElastic
        Model:              hElasticLHEP: 0 eV  ---> 100 TeV
     Cr_sctns:            Glauber-Gribov: 0 eV  ---> 100 TeV
  Process: kaon+Inelastic
        Model:                      QGSP: 12 GeV ---> 100 TeV
        Model:                      FTFP: 3 GeV ---> 25 GeV
        Model:            BertiniCascade: 0 eV  ---> 6 GeV
     Cr_sctns:            Glauber-Gribov: 0 eV  ---> 100 TeV
-----------------------------------------------------------------------
                           Hadronic Processes for kaon-
  Process: hadElastic
        Model:              hElasticLHEP: 0 eV  ---> 100 TeV
     Cr_sctns:            Glauber-Gribov: 0 eV  ---> 100 TeV
  Process: kaon-Inelastic
        Model:                      QGSP: 12 GeV ---> 100 TeV
        Model:                      FTFP: 3 GeV ---> 25 GeV
        Model:            BertiniCascade: 0 eV  ---> 6 GeV
     Cr_sctns:            Glauber-Gribov: 0 eV  ---> 100 TeV
  Process: hBertiniCaptureAtRest
-----------------------------------------------------------------------
                           Hadronic Processes for lambda
  Process: hadElastic
        Model:              hElasticLHEP: 0 eV  ---> 100 TeV
     Cr_sctns:            Glauber-Gribov: 0 eV  ---> 100 TeV
  Process: lambdaInelastic
        Model:                      QGSP: 12 GeV ---> 100 TeV
        Model:                      FTFP: 3 GeV ---> 25 GeV
        Model:            BertiniCascade: 0 eV  ---> 6 GeV
     Cr_sctns:            Glauber-Gribov: 0 eV  ---> 100 TeV
-----------------------------------------------------------------------
                           Hadronic Processes for mu+
  Process: muonNuclear
        Model:      G4MuonVDNuclearModel: 0 eV  ---> 1 PeV
     Cr_sctns:     KokoulinMuonNuclearXS: 0 eV  ---> 100 TeV
-----------------------------------------------------------------------
                           Hadronic Processes for mu-
  Process: muonNuclear
        Model:      G4MuonVDNuclearModel: 0 eV  ---> 1 PeV
     Cr_sctns:     KokoulinMuonNuclearXS: 0 eV  ---> 100 TeV
  Process: muMinusCaptureAtRest
-----------------------------------------------------------------------
                           Hadronic Processes for pi+
  Process: hadElastic
        Model:           hElasticGlauber: 0 eV  ---> 100 TeV
     Cr_sctns:  BarashenkovGlauberGribov: 0 eV  ---> 100 TeV
  Process: pi+Inelastic
        Model:                      QGSP: 12 GeV ---> 100 TeV
        Model:                      FTFP: 3 GeV ---> 25 GeV
        Model:            BertiniCascade: 0 eV  ---> 6 GeV
     Cr_sctns:  BarashenkovGlauberGribov: 0 eV  ---> 100 TeV
-----------------------------------------------------------------------
                           Hadronic Processes for pi-
  Process: hadElastic
        Model:           hElasticGlauber: 0 eV  ---> 100 TeV
     Cr_sctns:  BarashenkovGlauberGribov: 0 eV  ---> 100 TeV
  Process: pi-Inelastic
        Model:                      QGSP: 12 GeV ---> 100 TeV
        Model:                      FTFP: 3 GeV ---> 25 GeV
        Model:            BertiniCascade: 0 eV  ---> 6 GeV
     Cr_sctns:  BarashenkovGlauberGribov: 0 eV  ---> 100 TeV
  Process: hBertiniCaptureAtRest
-----------------------------------------------------------------------
                           Hadronic Processes for proton
  Process: hadElastic
        Model:             hElasticCHIPS: 0 eV  ---> 100 TeV
     Cr_sctns:  BarashenkovGlauberGribov: 0 eV  ---> 100 TeV
  Process: protonInelastic
        Model:                      QGSP: 12 GeV ---> 100 TeV
        Model:                      FTFP: 3 GeV ---> 25 GeV
        Model:            Binary Cascade: 0 eV  ---> 6 GeV
     Cr_sctns:  BarashenkovGlauberGribov: 0 eV  ---> 100 TeV
-----------------------------------------------------------------------
                           Hadronic Processes for sigma-
  Process: hadElastic
        Model:              hElasticLHEP: 0 eV  ---> 100 TeV
     Cr_sctns:            Glauber-Gribov: 0 eV  ---> 100 TeV
  Process: sigma-Inelastic
        Model:                      QGSP: 12 GeV ---> 100 TeV
        Model:                      FTFP: 3 GeV ---> 25 GeV
        Model:            BertiniCascade: 0 eV  ---> 6 GeV
     Cr_sctns:            Glauber-Gribov: 0 eV  ---> 100 TeV
  Process: hBertiniCaptureAtRest
-----------------------------------------------------------------------
                           Hadronic Processes for triton
  Process: hadElastic
        Model:              hElasticLHEP: 0 eV /n ---> 100 TeV/n
     Cr_sctns:  Glauber-Gribov Nucl-nucl: 0 eV  ---> 25.6 PeV
  Process: tInelastic
        Model:  Binary Light Ion Cascade: 0 eV /n ---> 6 GeV/n
        Model:                      FTFP: 3 GeV/n ---> 100 TeV/n
     Cr_sctns:  Glauber-Gribov Nucl-nucl: 0 eV  ---> 25.6 PeV
=======================================================================
======       Geant4 Native Pre-compound Model Parameters       ========
=======================================================================
Type of pre-compound inverse x-section              3
Pre-compound model active                           1
Pre-compound excitation low energy                  100 keV
Pre-compound excitation high energy                 30 MeV
Angular generator for pre-compound model            1
Use NeverGoBack option for pre-compound model       0
Use SoftCutOff option for pre-compound model        0
Use CEM transitions for pre-compound model          1
Use GNASH transitions for pre-compound model        0
Use HETC submodel for pre-compound model            0
=======================================================================
======       Nuclear De-excitation Module Parameters           ========
=======================================================================
Type of de-excitation inverse x-section             3
Type of de-excitation factory                       Evaporation+GEM
Number of de-excitation channels                    68
Min excitation energy                               10 eV 
Min energy per nucleon for multifragmentation       200 GeV
Limit excitation energy for Fermi BreakUp           20 MeV
Level density (1/MeV)                               0.075
Use simple level density model                      1
Use discrete excitation energy of the residual      1
Time limit for long lived isomeres                  1 ns 
Isomer production flag                              1
Internal e- conversion flag                         1
Store e- internal conversion data                   0
Correlated gamma emission flag                      0
Max 2J for sampling of angular correlations         10
=======================================================================

=========================================================================
--> G4TaskRunManager::CreateAndStartWorkers() --> Initializing workers...
=========================================================================

SIPM_CONFIG cells=3600 cells_x=60 cells_y=60 active_mm=3x3 recovery_ns=30 dcr_hz=500000 dark_enabled=1 crosstalk=0.03 afterpulse_fast=0.01 window_start_ns=-20 window_end_ns=250 sample_dt_ns=0.5 adc_bits=12 adc_lsb_pe=0.01 baseline_adc=200 overvoltage_V=3 temperature_C=25 trigger_recovery_model=EXPONENTIAL gain_recovery_model=EXPONENTIAL_H1_SHARED
SIPM_CONFIG cells=3600 cells_x=60 cells_y=60 active_mm=3x3 recovery_ns=30 dcr_hz=500000 dark_enabled=1 crosstalk=0.03 afterpulse_fast=0.01 window_start_ns=-20 window_end_ns=250 sample_dt_ns=0.5 adc_bits=12 adc_lsb_pe=0.01 baseline_adc=200 overvoltage_V=3 temperature_C=25 trigger_recovery_model=EXPONENTIAL gain_recovery_model=EXPONENTIAL_H1_SHARED
SIPM_CONFIG cells=3600 cells_x=60 cells_y=60 active_mm=3x3 recovery_ns=30 dcr_hz=500000 dark_enabled=1 crosstalk=0.03 afterpulse_fast=0.01 window_start_ns=-20 window_end_ns=250 sample_dt_ns=0.5 adc_bits=12 adc_lsb_pe=0.01 baseline_adc=200 overvoltage_V=3 temperature_C=25 trigger_recovery_model=EXPONENTIAL gain_recovery_model=EXPONENTIAL_H1_SHARED
SIPM_CONFIG cells=3600 cells_x=60 cells_y=60 active_mm=3x3 recovery_ns=30 dcr_hz=500000 dark_enabled=1 crosstalk=0.03 afterpulse_fast=0.01 window_start_ns=-20 window_end_ns=250 sample_dt_ns=0.5 adc_bits=12 adc_lsb_pe=0.01 baseline_adc=200 overvoltage_V=3 temperature_C=25 trigger_recovery_model=EXPONENTIAL gain_recovery_model=EXPONENTIAL_H1_SHARED
SIPM_CONFIG cells=3600 cells_x=60 cells_y=60 active_mm=3x3 recovery_ns=30 dcr_hz=500000 dark_enabled=1 crosstalk=0.03 afterpulse_fast=0.01 window_start_ns=-20 window_end_ns=250 sample_dt_ns=0.5 adc_bits=12 adc_lsb_pe=0.01 baseline_adc=200 overvoltage_V=3 temperature_C=25 trigger_recovery_model=EXPONENTIAL gain_recovery_model=EXPONENTIAL_H1_SHARED
SIPM_CONFIG cells=3600 cells_x=60 cells_y=60 active_mm=3x3 recovery_ns=30 dcr_hz=500000 dark_enabled=1 crosstalk=0.03 afterpulse_fast=0.01 window_start_ns=-20 window_end_ns=250 sample_dt_ns=0.5 adc_bits=12 adc_lsb_pe=0.01 baseline_adc=200 overvoltage_V=3 temperature_C=25 trigger_recovery_model=EXPONENTIAL gain_recovery_model=EXPONENTIAL_H1_SHARED
SIPM_CONFIG cells=3600 cells_x=60 cells_y=60 active_mm=3x3 recovery_ns=30 dcr_hz=500000 dark_enabled=1 crosstalk=0.03 afterpulse_fast=0.01 window_start_ns=-20 window_end_ns=250 sample_dt_ns=0.5 adc_bits=12 adc_lsb_pe=0.01 baseline_adc=200 overvoltage_V=3 temperature_C=25 trigger_recovery_model=EXPONENTIAL gain_recovery_model=EXPONENTIAL_H1_SHARED
SIPM_CONFIG cells=3600 cells_x=60 cells_y=60 active_mm=3x3 recovery_ns=30 dcr_hz=500000 dark_enabled=1 crosstalk=0.03 afterpulse_fast=0.01 window_start_ns=-20 window_end_ns=250 sample_dt_ns=0.5 adc_bits=12 adc_lsb_pe=0.01 baseline_adc=200 overvoltage_V=3 temperature_C=25 trigger_recovery_model=EXPONENTIAL gain_recovery_model=EXPONENTIAL_H1_SHARED
SIPM_CONFIG cells=3600 cells_x=60 cells_y=60 active_mm=3x3 recovery_ns=30 dcr_hz=500000 dark_enabled=1 crosstalk=0.03 afterpulse_fast=0.01 window_start_ns=-20 window_end_ns=250 sample_dt_ns=0.5 adc_bits=12 adc_lsb_pe=0.01 baseline_adc=200 overvoltage_V=3 temperature_C=25 trigger_recovery_model=EXPONENTIAL gain_recovery_model=EXPONENTIAL_H1_SHARED
SIPM_CONFIG cells=3600 cells_x=60 cells_y=60 active_mm=3x3 recovery_ns=30 dcr_hz=500000 dark_enabled=1 crosstalk=0.03 afterpulse_fast=0.01 window_start_ns=-20 window_end_ns=250 sample_dt_ns=0.5 adc_bits=12 adc_lsb_pe=0.01 baseline_adc=200 overvoltage_V=3 temperature_C=25 trigger_recovery_model=EXPONENTIAL gain_recovery_model=EXPONENTIAL_H1_SHARED
SIPM_CONFIG cells=3600 cells_x=60 cells_y=60 active_mm=3x3 recovery_ns=30 dcr_hz=500000 dark_enabled=1 crosstalk=0.03 afterpulse_fast=0.01 window_start_ns=-20 window_end_ns=250 sample_dt_ns=0.5 adc_bits=12 adc_lsb_pe=0.01 baseline_adc=200 overvoltage_V=3 temperature_C=25 trigger_recovery_model=EXPONENTIAL gain_recovery_model=EXPONENTIAL_H1_SHARED
SIPM_CONFIG cells=3600 cells_x=60 cells_y=60 active_mm=3x3 recovery_ns=30 dcr_hz=500000 dark_enabled=1 crosstalk=0.03 afterpulse_fast=0.01 window_start_ns=-20 window_end_ns=250 sample_dt_ns=0.5 adc_bits=12 adc_lsb_pe=0.01 baseline_adc=200 overvoltage_V=3 temperature_C=25 trigger_recovery_model=EXPONENTIAL gain_recovery_model=EXPONENTIAL_H1_SHARED
SIPM_CONFIG cells=3600 cells_x=60 cells_y=60 active_mm=3x3 recovery_ns=30 dcr_hz=500000 dark_enabled=1 crosstalk=0.03 afterpulse_fast=0.01 window_start_ns=-20 window_end_ns=250 sample_dt_ns=0.5 adc_bits=12 adc_lsb_pe=0.01 baseline_adc=200 overvoltage_V=3 temperature_C=25 trigger_recovery_model=EXPONENTIAL gain_recovery_model=EXPONENTIAL_H1_SHARED
SIPM_CONFIG cells=3600 cells_x=60 cells_y=60 active_mm=3x3 recovery_ns=30 dcr_hz=500000 dark_enabled=1 crosstalk=0.03 afterpulse_fast=0.01 window_start_ns=-20 window_end_ns=250 sample_dt_ns=0.5 adc_bits=12 adc_lsb_pe=0.01 baseline_adc=200 overvoltage_V=3 temperature_C=25 trigger_recovery_model=EXPONENTIAL gain_recovery_model=EXPONENTIAL_H1_SHARED
SIPM_CONFIG cells=3600 cells_x=60 cells_y=60 active_mm=3x3 recovery_ns=30 dcr_hz=500000 dark_enabled=1 crosstalk=0.03 afterpulse_fast=0.01 window_start_ns=-20 window_end_ns=250 sample_dt_ns=0.5 adc_bits=12 adc_lsb_pe=0.01 baseline_adc=200 overvoltage_V=3 temperature_C=25 trigger_recovery_model=EXPONENTIAL gain_recovery_model=EXPONENTIAL_H1_SHARED
SIPM_CONFIG cells=3600 cells_x=60 cells_y=60 active_mm=3x3 recovery_ns=30 dcr_hz=500000 dark_enabled=1 crosstalk=0.03 afterpulse_fast=0.01 window_start_ns=-20 window_end_ns=250 sample_dt_ns=0.5 adc_bits=12 adc_lsb_pe=0.01 baseline_adc=200 overvoltage_V=3 temperature_C=25 trigger_recovery_model=EXPONENTIAL gain_recovery_model=EXPONENTIAL_H1_SHARED
CCB_NEUTRON_TIMECUT policy_id=pin_qgsp_bic_default_10us time_cut_us=10 status=PINNED_REFERENCE_DEFAULT
RUN_CONFIG particle=deuteron KE_MeV=10 nevents=1000 threads_requested=16 threads_effective=16 g4_force_threads=unset seed=1625 hit_x_cm=0 hit_y_cm=0 theta_deg=0 phi_deg=0 allow_miss=0 beam_profile_id=FIXED_POINT_NORMAL sample_position=0 hit_x_min_cm=0 hit_x_max_cm=0 hit_y_min_cm=0 hit_y_max_cm=0 sample_angle=0 theta_spread_deg=0 write_photon_ntuple=0 optical_max_time_ns=1000 optical_max_steps=200000 birks_kB=0.126 quenching_model_id=birks_geant4 quenching_model_status=HYPOTHESIS quenching_claims_authorized=false production_cut_mm=0.1 physics_list=QGSP_BIC neutron_timecut_policy_id=pin_qgsp_bic_default_10us neutron_time_cut_us=10 neutron_tracking_time_cut_configured=1 neutron_diagnostics=0 reflectivity_scale=1 attenuation_scale(deprecated)=1 scintillator_absorption_scale=1 y11_bulk_attenuation_scale=1 pde_scale=1 collection_efficiency=1 optical_interface_model=UNKNOWN_EXTERNAL far_end=instrumented wls_time_profile=exponential wls_fluorescence_model=geant4_default_one_secondary wls_fluorescence_yield=0.7 mode=optical optical_dir=/projects/hep/fs10/shared/nnbar/billy/ccb-wt-1623/geant4/single_stave/build/optical strict_optical=1 output=/projects/hep/fs10/shared/nnbar/billy/ccb1623_campaign/stave_deuteron_10MeV_B_s1625.root gpu_optical=0 optical_out= dump_gdml= geometry_hash=e323b92195f9a6288944f0738dbadccf9386422f076362ca172fd0b6d119d1e1

==========================================================================================
--> G4TaskRunManager::CreateAndStartWorkers() --> Creating 32 tasks with 31 events/task...
==========================================================================================

SIPM_ARRIVALS event=403 total=543
SIPM_ADC event=403 readout=2205 f1far=2506 f2near=2629 f2far=1397
SIPM_ARRIVALS event=217 total=551
SIPM_ADC event=217 readout=1870 f1far=1955 f2near=2697 f2far=2249
SIPM_ARRIVALS event=341 total=548
SIPM_ADC event=341 readout=2006 f1far=3308 f2near=1072 f2far=2195
SIPM_ARRIVALS event=186 total=546
SIPM_ADC event=186 readout=1630 f1far=2078 f2near=1945 f2far=2680
SIPM_ARRIVALS event=465 total=510
SIPM_ADC event=465 readout=2147 f1far=2254 f2near=1405 f2far=1378
SIPM_ARRIVALS event=124 total=520
SIPM_ADC event=124 readout=2746 f1far=1893 f2near=1342 f2far=2125
SIPM_ARRIVALS event=31 total=556
SIPM_ADC event=31 readout=2334 f1far=2362 f2near=1669 f2far=1917
SIPM_ARRIVALS event=310 total=549
SIPM_ADC event=310 readout=3030 f1far=2122 f2near=1750 f2far=1647
SIPM_ARRIVALS event=372 total=544
SIPM_ADC event=372 readout=2228 f1far=2165 f2near=2262 f2far=1686
SIPM_ARRIVALS event=0 total=533
SIPM_ADC event=0 readout=1997 f1far=1495 f2near=2136 f2far=1999
SIPM_ARRIVALS event=93 total=520
SIPM_ADC event=93 readout=1731 f1far=1540 f2near=2313 f2far=2132
SIPM_ARRIVALS event=434 total=551
SIPM_ADC event=434 readout=2342 f1far=1446 f2near=1641 f2far=1878
SIPM_ARRIVALS event=279 total=497
SIPM_ADC event=279 readout=1714 f1far=2265 f2near=2081 f2far=1670
SIPM_ARRIVALS event=248 total=513
SIPM_ADC event=248 readout=2368 f1far=2594 f2near=2044 f2far=1654
SIPM_ARRIVALS event=62 total=500
SIPM_ADC event=62 readout=1932 f1far=2184 f2near=1689 f2far=1807
SIPM_ARRIVALS event=155 total=549
SIPM_ADC event=155 readout=1940 f1far=1421 f2near=2306 f2far=2287
SIPM_ARRIVALS event=218 total=459
SIPM_ADC event=218 readout=1683 f1far=1331 f2near=1473 f2far=1763
SIPM_ARRIVALS event=311 total=527
SIPM_ADC event=311 readout=1544 f1far=2602 f2near=1524 f2far=1775
SIPM_ARRIVALS event=342 total=518
SIPM_ADC event=342 readout=2023 f1far=1684 f2near=2238 f2far=1630
SIPM_ARRIVALS event=404 total=527
SIPM_ADC event=404 readout=1347 f1far=1435 f2near=2345 f2far=1570
SIPM_ARRIVALS event=94 total=515
SIPM_ADC event=94 readout=1923 f1far=1914 f2near=2172 f2far=1698
SIPM_ARRIVALS event=63 total=537
SIPM_ADC event=63 readout=2666 f1far=2376 f2near=1711 f2far=1784
SIPM_ARRIVALS event=187 total=545
SIPM_ADC event=187 readout=1908 f1far=3014 f2near=1865 f2far=2412
SIPM_ARRIVALS event=32 total=514
SIPM_ADC event=32 readout=2186 f1far=2168 f2near=1475 f2far=2100
SIPM_ARRIVALS event=466 total=516
SIPM_ADC event=466 readout=1927 f1far=2305 f2near=1676 f2far=2018
SIPM_ARRIVALS event=249 total=531
SIPM_ADC event=249 readout=2829 f1far=2777 f2near=2515 f2far=1727
SIPM_ARRIVALS event=373 total=524
SIPM_ADC event=373 readout=1578 f1far=1901 f2near=1749 f2far=2516
SIPM_ARRIVALS event=125 total=537
SIPM_ADC event=125 readout=2743 f1far=1417 f2near=1967 f2far=1997
SIPM_ARRIVALS event=435 total=549
SIPM_ADC event=435 readout=2115 f1far=2127 f2near=1938 f2far=2262
SIPM_ARRIVALS event=1 total=539
SIPM_ADC event=1 readout=2402 f1far=2359 f2near=2250 f2far=2126
SIPM_ARRIVALS event=280 total=545
SIPM_ADC event=280 readout=2284 f1far=2328 f2near=1588 f2far=1827
SIPM_ARRIVALS event=156 total=513
SIPM_ADC event=156 readout=1478 f1far=2055 f2near=1873 f2far=2823
SIPM_ARRIVALS event=219 total=546
SIPM_ADC event=219 readout=2706 f1far=1867 f2near=2264 f2far=1931
SIPM_ARRIVALS event=343 total=488
SIPM_ADC event=343 readout=2054 f1far=1544 f2near=1346 f2far=2231
SIPM_ARRIVALS event=188 total=482
SIPM_ADC event=188 readout=1747 f1far=1921 f2near=2312 f2far=1989
SIPM_ARRIVALS event=405 total=512
SIPM_ADC event=405 readout=2225 f1far=1794 f2near=2145 f2far=1850
SIPM_ARRIVALS event=374 total=514
SIPM_ADC event=374 readout=2315 f1far=1822 f2near=2188 f2far=1921
SIPM_ARRIVALS event=312 total=529
SIPM_ADC event=312 readout=1997 f1far=2247 f2near=1913 f2far=2085
SIPM_ARRIVALS event=33 total=520
SIPM_ADC event=33 readout=1476 f1far=2160 f2near=1896 f2far=1599
SIPM_ARRIVALS event=250 total=491
SIPM_ADC event=250 readout=2437 f1far=1840 f2near=1835 f2far=1498
SIPM_ARRIVALS event=436 total=501
SIPM_ADC event=436 readout=1886 f1far=2084 f2near=1876 f2far=2169
SIPM_ARRIVALS event=95 total=565
SIPM_ADC event=95 readout=2357 f1far=2429 f2near=2176 f2far=2265
SIPM_ARRIVALS event=64 total=551
SIPM_ADC event=64 readout=2439 f1far=2510 f2near=1737 f2far=2497
SIPM_ARRIVALS event=281 total=492
SIPM_ADC event=281 readout=2204 f1far=1364 f2near=1560 f2far=1718
SIPM_ARRIVALS event=157 total=517
SIPM_ADC event=157 readout=1596 f1far=2462 f2near=2296 f2far=1600
SIPM_ARRIVALS event=2 total=545
SIPM_ADC event=2 readout=2021 f1far=2485 f2near=2062 f2far=1928
SIPM_ARRIVALS event=467 total=524
SIPM_ADC event=467 readout=2033 f1far=1845 f2near=2641 f2far=1718
SIPM_ARRIVALS event=126 total=518
SIPM_ADC event=126 readout=1920 f1far=1373 f2near=2102 f2far=2308
SIPM_ARRIVALS event=344 total=564
SIPM_ADC event=344 readout=2693 f1far=1925 f2near=2523 f2far=2130
SIPM_ARRIVALS event=251 total=506
SIPM_ADC event=251 readout=1754 f1far=1620 f2near=2827 f2far=1969
SIPM_ARRIVALS event=406 total=485
SIPM_ADC event=406 readout=1502 f1far=1585 f2near=1989 f2far=2146
SIPM_ARRIVALS event=220 total=544
SIPM_ADC event=220 readout=2244 f1far=2275 f2near=2796 f2far=1279
SIPM_ARRIVALS event=313 total=544
SIPM_ADC event=313 readout=2643 f1far=2414 f2near=2289 f2far=1690
SIPM_ARRIVALS event=189 total=540
SIPM_ADC event=189 readout=2010 f1far=1552 f2near=1808 f2far=2998
SIPM_ARRIVALS event=375 total=537
SIPM_ADC event=375 readout=2087 f1far=3018 f2near=1565 f2far=2109
SIPM_ARRIVALS event=158 total=509
SIPM_ADC event=158 readout=2158 f1far=1750 f2near=1569 f2far=1121
SIPM_ARRIVALS event=34 total=525
SIPM_ADC event=34 readout=2165 f1far=2378 f2near=1710 f2far=1331
SIPM_ARRIVALS event=282 total=505
SIPM_ADC event=282 readout=2073 f1far=2527 f2near=2590 f2far=2225
SIPM_ARRIVALS event=65 total=545
SIPM_ADC event=65 readout=2688 f1far=1959 f2near=2338 f2far=2501
SIPM_ARRIVALS event=3 total=551
SIPM_ADC event=3 readout=1422 f1far=1918 f2near=1958 f2far=2510
SIPM_ARRIVALS event=127 total=552
SIPM_ADC event=127 readout=2204 f1far=2455 f2near=2484 f2far=1764
SIPM_ARRIVALS event=96 total=508
SIPM_ADC event=96 readout=2103 f1far=1878 f2near=1716 f2far=1892
SIPM_ARRIVALS event=437 total=539
SIPM_ADC event=437 readout=2212 f1far=2167 f2near=1987 f2far=2393
SIPM_ARRIVALS event=468 total=520
SIPM_ADC event=468 readout=2464 f1far=2606 f2near=1806 f2far=1747
SIPM_ARRIVALS event=252 total=505
SIPM_ADC event=252 readout=1920 f1far=1905 f2near=1607 f2far=1825
SIPM_ARRIVALS event=221 total=514
SIPM_ADC event=221 readout=2538 f1far=2325 f2near=1196 f2far=1264
SIPM_ARRIVALS event=407 total=536
SIPM_ADC event=407 readout=2082 f1far=1819 f2near=1781 f2far=2391
SIPM_ARRIVALS event=190 total=485
SIPM_ADC event=190 readout=1696 f1far=2146 f2near=1163 f2far=2069
SIPM_ARRIVALS event=345 total=535
SIPM_ADC event=345 readout=1904 f1far=2281 f2near=2089 f2far=1750
SIPM_ARRIVALS event=376 total=493
SIPM_ADC event=376 readout=1947 f1far=1754 f2near=2333 f2far=1306
SIPM_ARRIVALS event=159 total=541
SIPM_ADC event=159 readout=2186 f1far=1867 f2near=1420 f2far=1936
SIPM_ARRIVALS event=283 total=512
SIPM_ADC event=283 readout=1921 f1far=2107 f2near=2552 f2far=1882
SIPM_ARRIVALS event=35 total=519
SIPM_ADC event=35 readout=1982 f1far=1848 f2near=1789 f2far=2495
SIPM_ARRIVALS event=4 total=540
SIPM_ADC event=4 readout=2105 f1far=1946 f2near=1979 f2far=1996
SIPM_ARRIVALS event=314 total=532
SIPM_ADC event=314 readout=2120 f1far=2137 f2near=2587 f2far=2205
SIPM_ARRIVALS event=128 total=507
SIPM_ADC event=128 readout=1573 f1far=2173 f2near=1694 f2far=1928
SIPM_ARRIVALS event=438 total=496
SIPM_ADC event=438 readout=1660 f1far=1563 f2near=2089 f2far=3029
SIPM_ARRIVALS event=66 total=537
SIPM_ADC event=66 readout=1883 f1far=2409 f2near=2468 f2far=1913
SIPM_ARRIVALS event=469 total=503
SIPM_ADC event=469 readout=2058 f1far=2007 f2near=2534 f2far=1641
SIPM_ARRIVALS event=97 total=557
SIPM_ADC event=97 readout=2136 f1far=2082 f2near=2569 f2far=2469
SIPM_ARRIVALS event=253 total=530
SIPM_ADC event=253 readout=2384 f1far=1604 f2near=2519 f2far=1804
SIPM_ARRIVALS event=408 total=552
SIPM_ADC event=408 readout=1857 f1far=1950 f2near=1785 f2far=2738
SIPM_ARRIVALS event=222 total=536
SIPM_ADC event=222 readout=1967 f1far=2022 f2near=2120 f2far=1995
SIPM_ARRIVALS event=191 total=509
SIPM_ADC event=191 readout=1815 f1far=1959 f2near=1582 f2far=2555
SIPM_ARRIVALS event=160 total=523
SIPM_ADC event=160 readout=1910 f1far=2276 f2near=1527 f2far=2053
SIPM_ARRIVALS event=346 total=549
SIPM_ADC event=346 readout=1986 f1far=2063 f2near=1723 f2far=2425
SIPM_ARRIVALS event=36 total=501
SIPM_ADC event=36 readout=1525 f1far=1824 f2near=2397 f2far=1894
SIPM_ARRIVALS event=284 total=547
SIPM_ADC event=284 readout=2227 f1far=1491 f2near=1866 f2far=2380
SIPM_ARRIVALS event=315 total=550
SIPM_ADC event=315 readout=1841 f1far=2546 f2near=2114 f2far=2482
SIPM_ARRIVALS event=377 total=510
SIPM_ADC event=377 readout=2252 f1far=1974 f2near=2357 f2far=1837
SIPM_ARRIVALS event=470 total=514
SIPM_ADC event=470 readout=1942 f1far=1746 f2near=1507 f2far=1670
SIPM_ARRIVALS event=5 total=479
SIPM_ADC event=5 readout=1816 f1far=1371 f2near=1174 f2far=2346
SIPM_ARRIVALS event=129 total=529
SIPM_ADC event=129 readout=2384 f1far=2665 f2near=2417 f2far=2120
SIPM_ARRIVALS event=67 total=539
SIPM_ADC event=67 readout=2657 f1far=1363 f2near=2083 f2far=1865
SIPM_ARRIVALS event=439 total=524
SIPM_ADC event=439 readout=2010 f1far=2241 f2near=1718 f2far=1908
SIPM_ARRIVALS event=98 total=505
SIPM_ADC event=98 readout=2088 f1far=2557 f2near=2237 f2far=2059
SIPM_ARRIVALS event=254 total=473
SIPM_ADC event=254 readout=2082 f1far=1741 f2near=2570 f2far=2579
SIPM_ARRIVALS event=409 total=509
SIPM_ADC event=409 readout=2056 f1far=2819 f2near=2001 f2far=2037
SIPM_ARRIVALS event=192 total=488
SIPM_ADC event=192 readout=1698 f1far=1697 f2near=1349 f2far=2148
SIPM_ARRIVALS event=378 total=513
SIPM_ADC event=378 readout=1663 f1far=2361 f2near=2680 f2far=1425
SIPM_ARRIVALS event=223 total=529
SIPM_ADC event=223 readout=1842 f1far=2202 f2near=1823 f2far=1679
SIPM_ARRIVALS event=161 total=543
SIPM_ADC event=161 readout=2133 f1far=2939 f2near=1922 f2far=2202
SIPM_ARRIVALS event=37 total=513
SIPM_ADC event=37 readout=1493 f1far=2077 f2near=1586 f2far=2130
SIPM_ARRIVALS event=285 total=496
SIPM_ADC event=285 readout=2290 f1far=1588 f2near=2079 f2far=1762
SIPM_ARRIVALS event=130 total=554
SIPM_ADC event=130 readout=2230 f1far=2495 f2near=1819 f2far=2896
SIPM_ARRIVALS event=347 total=524
SIPM_ADC event=347 readout=1820 f1far=1964 f2near=1895 f2far=2303
SIPM_ARRIVALS event=316 total=490
SIPM_ADC event=316 readout=2259 f1far=1731 f2near=2108 f2far=1878
SIPM_ARRIVALS event=68 total=535
SIPM_ADC event=68 readout=2143 f1far=2638 f2near=2224 f2far=1802
SIPM_ARRIVALS event=471 total=486
SIPM_ADC event=471 readout=1566 f1far=1804 f2near=2114 f2far=1977
SIPM_ARRIVALS event=6 total=540
SIPM_ADC event=6 readout=2053 f1far=2109 f2near=2105 f2far=1580
SIPM_ARRIVALS event=99 total=516
SIPM_ADC event=99 readout=2422 f1far=2369 f2near=1917 f2far=2070
SIPM_ARRIVALS event=440 total=499
SIPM_ADC event=440 readout=1342 f1far=1896 f2near=1828 f2far=2611
SIPM_ARRIVALS event=410 total=501
SIPM_ADC event=410 readout=1752 f1far=1697 f2near=1712 f2far=1749
SIPM_ARRIVALS event=255 total=557
SIPM_ADC event=255 readout=1831 f1far=3364 f2near=2658 f2far=1697
SIPM_ARRIVALS event=193 total=518
SIPM_ADC event=193 readout=2174 f1far=2030 f2near=1838 f2far=1871
SIPM_ARRIVALS event=162 total=553
SIPM_ADC event=162 readout=2123 f1far=2379 f2near=2069 f2far=2550
SIPM_ARRIVALS event=379 total=516
SIPM_ADC event=379 readout=2243 f1far=2601 f2near=2502 f2far=2104
SIPM_ARRIVALS event=224 total=538
SIPM_ADC event=224 readout=2385 f1far=2400 f2near=1911 f2far=2481
SIPM_ARRIVALS event=38 total=510
SIPM_ADC event=38 readout=2629 f1far=1805 f2near=2414 f2far=1776
SIPM_ARRIVALS event=131 total=539
SIPM_ADC event=131 readout=2205 f1far=1822 f2near=2139 f2far=2581
SIPM_ARRIVALS event=286 total=536
SIPM_ADC event=286 readout=2000 f1far=2050 f2near=2194 f2far=1391
SIPM_ARRIVALS event=472 total=502
SIPM_ADC event=472 readout=1721 f1far=2575 f2near=2166 f2far=1674
SIPM_ARRIVALS event=317 total=498
SIPM_ADC event=317 readout=1693 f1far=1559 f2near=1712 f2far=1762
SIPM_ARRIVALS event=69 total=518
SIPM_ADC event=69 readout=1923 f1far=2316 f2near=1686 f2far=2773
SIPM_ARRIVALS event=348 total=509
SIPM_ADC event=348 readout=1360 f1far=2074 f2near=1573 f2far=1908
SIPM_ARRIVALS event=7 total=497
SIPM_ADC event=7 readout=1700 f1far=2848 f2near=1348 f2far=2077
SIPM_ARRIVALS event=441 total=501
SIPM_ADC event=441 readout=1918 f1far=1807 f2near=2356 f2far=2062
SIPM_ARRIVALS event=100 total=527
SIPM_ADC event=100 readout=2221 f1far=2470 f2near=2327 f2far=2476
SIPM_ARRIVALS event=411 total=494
SIPM_ADC event=411 readout=2064 f1far=1757 f2near=2480 f2far=1676
SIPM_ARRIVALS event=256 total=540
SIPM_ADC event=256 readout=2045 f1far=2878 f2near=1716 f2far=1847
SIPM_ARRIVALS event=194 total=520
SIPM_ADC event=194 readout=1620 f1far=2848 f2near=2544 f2far=2352
SIPM_ARRIVALS event=473 total=552
SIPM_ADC event=473 readout=2276 f1far=1889 f2near=2608 f2far=2334
SIPM_ARRIVALS event=163 total=504
SIPM_ADC event=163 readout=1814 f1far=2175 f2near=1951 f2far=1916
SIPM_ARRIVALS event=39 total=521
SIPM_ADC event=39 readout=1879 f1far=1719 f2near=2609 f2far=2067
SIPM_ARRIVALS event=132 total=522
SIPM_ADC event=132 readout=1928 f1far=1962 f2near=2285 f2far=1838
SIPM_ARRIVALS event=287 total=501
SIPM_ADC event=287 readout=1885 f1far=1548 f2near=2133 f2far=2170
SIPM_ARRIVALS event=380 total=544
SIPM_ADC event=380 readout=1530 f1far=2213 f2near=2528 f2far=1705
SIPM_ARRIVALS event=225 total=549
SIPM_ADC event=225 readout=1806 f1far=2161 f2near=2433 f2far=2818
SIPM_ARRIVALS event=349 total=532
SIPM_ADC event=349 readout=1833 f1far=2128 f2near=2085 f2far=2031
SIPM_ARRIVALS event=70 total=546
SIPM_ADC event=70 readout=2216 f1far=1952 f2near=1856 f2far=1580
SIPM_ARRIVALS event=318 total=550
SIPM_ADC event=318 readout=1899 f1far=2276 f2near=1535 f2far=2009
SIPM_ARRIVALS event=101 total=469
SIPM_ADC event=101 readout=1351 f1far=2664 f2near=1880 f2far=1845
SIPM_ARRIVALS event=442 total=536
SIPM_ADC event=442 readout=2172 f1far=1981 f2near=2074 f2far=2010
SIPM_ARRIVALS event=8 total=540
SIPM_ADC event=8 readout=2269 f1far=2480 f2near=2677 f2far=1384
SIPM_ARRIVALS event=412 total=559
SIPM_ADC event=412 readout=2301 f1far=2206 f2near=1822 f2far=2183
SIPM_ARRIVALS event=195 total=525
SIPM_ADC event=195 readout=1845 f1far=2013 f2near=2023 f2far=2366
SIPM_ARRIVALS event=257 total=537
SIPM_ADC event=257 readout=1660 f1far=2836 f2near=2487 f2far=1866
SIPM_ARRIVALS event=474 total=500
SIPM_ADC event=474 readout=1740 f1far=1966 f2near=1547 f2far=1915
SIPM_ARRIVALS event=164 total=524
SIPM_ADC event=164 readout=1117 f1far=2377 f2near=1660 f2far=2032
SIPM_ARRIVALS event=288 total=527
SIPM_ADC event=288 readout=1578 f1far=2119 f2near=1776 f2far=2165
SIPM_ARRIVALS event=40 total=526
SIPM_ADC event=40 readout=1632 f1far=2028 f2near=1617 f2far=2167
SIPM_ARRIVALS event=133 total=502
SIPM_ADC event=133 readout=1871 f1far=2200 f2near=1734 f2far=2248
SIPM_ARRIVALS event=381 total=490
SIPM_ADC event=381 readout=2107 f1far=2042 f2near=1785 f2far=1162
SIPM_ARRIVALS event=71 total=525
SIPM_ADC event=71 readout=1228 f1far=2048 f2near=1796 f2far=2473
SIPM_ARRIVALS event=350 total=504
SIPM_ADC event=350 readout=2001 f1far=1626 f2near=1828 f2far=1977
SIPM_ARRIVALS event=226 total=552
SIPM_ADC event=226 readout=1809 f1far=2775 f2near=2252 f2far=2486
SIPM_ARRIVALS event=102 total=550
SIPM_ADC event=102 readout=1910 f1far=1933 f2near=2550 f2far=2229
SIPM_ARRIVALS event=319 total=508
SIPM_ADC event=319 readout=1288 f1far=2679 f2near=1820 f2far=1596
SIPM_ARRIVALS event=443 total=529
SIPM_ADC event=443 readout=1720 f1far=1921 f2near=2232 f2far=2170
SIPM_ARRIVALS event=9 total=550
SIPM_ADC event=9 readout=2462 f1far=2596 f2near=2201 f2far=2183
SIPM_ARRIVALS event=413 total=518
SIPM_ADC event=413 readout=2193 f1far=1680 f2near=2089 f2far=1752
SIPM_ARRIVALS event=196 total=496
SIPM_ADC event=196 readout=1994 f1far=1754 f2near=2320 f2far=1603
SIPM_ARRIVALS event=165 total=522
SIPM_ADC event=165 readout=2206 f1far=1999 f2near=1863 f2far=2331
SIPM_ARRIVALS event=475 total=512
SIPM_ADC event=475 readout=1693 f1far=1867 f2near=2155 f2far=2063
SIPM_ARRIVALS event=258 total=514
SIPM_ADC event=258 readout=2343 f1far=1930 f2near=1801 f2far=1881
SIPM_ARRIVALS event=134 total=505
SIPM_ADC event=134 readout=1603 f1far=2038 f2near=2205 f2far=2295
SIPM_ARRIVALS event=289 total=525
SIPM_ADC event=289 readout=2881 f1far=1972 f2near=2224 f2far=2190
SIPM_ARRIVALS event=41 total=506
SIPM_ADC event=41 readout=2029 f1far=2251 f2near=1964 f2far=2069
SIPM_ARRIVALS event=72 total=497
SIPM_ADC event=72 readout=1801 f1far=1717 f2near=2187 f2far=2318
SIPM_ARRIVALS event=382 total=513
SIPM_ADC event=382 readout=1818 f1far=1829 f2near=1789 f2far=1832
SIPM_ARRIVALS event=227 total=547
SIPM_ADC event=227 readout=2085 f1far=1835 f2near=2361 f2far=1855
SIPM_ARRIVALS event=351 total=519
SIPM_ADC event=351 readout=1895 f1far=1753 f2near=1774 f2far=2388
SIPM_ARRIVALS event=444 total=565
SIPM_ADC event=444 readout=2307 f1far=1537 f2near=2673 f2far=2735
SIPM_ARRIVALS event=103 total=532
SIPM_ADC event=103 readout=2181 f1far=1698 f2near=1951 f2far=1695
SIPM_ARRIVALS event=320 total=548
SIPM_ADC event=320 readout=1850 f1far=2070 f2near=2147 f2far=1824
SIPM_ARRIVALS event=10 total=532
SIPM_ADC event=10 readout=1779 f1far=1929 f2near=2631 f2far=1802
SIPM_ARRIVALS event=197 total=511
SIPM_ADC event=197 readout=2692 f1far=2093 f2near=1838 f2far=1983
SIPM_ARRIVALS event=414 total=522
SIPM_ADC event=414 readout=2236 f1far=1871 f2near=1375 f2far=2062
SIPM_ARRIVALS event=476 total=524
SIPM_ADC event=476 readout=2600 f1far=2391 f2near=1829 f2far=1458
SIPM_ARRIVALS event=166 total=520
SIPM_ADC event=166 readout=1771 f1far=1885 f2near=2094 f2far=2009
SIPM_ARRIVALS event=290 total=523
SIPM_ADC event=290 readout=2037 f1far=1905 f2near=1596 f2far=2012
SIPM_ARRIVALS event=259 total=537
SIPM_ADC event=259 readout=2437 f1far=2010 f2near=2035 f2far=2359
SIPM_ARRIVALS event=73 total=502
SIPM_ADC event=73 readout=1382 f1far=1908 f2near=2239 f2far=2183
SIPM_ARRIVALS event=135 total=522
SIPM_ADC event=135 readout=1842 f1far=2188 f2near=2233 f2far=1379
SIPM_ARRIVALS event=383 total=491
SIPM_ADC event=383 readout=1664 f1far=2148 f2near=1969 f2far=1729
SIPM_ARRIVALS event=42 total=591
SIPM_ADC event=42 readout=2142 f1far=2087 f2near=1978 f2far=2811
SIPM_ARRIVALS event=228 total=521
SIPM_ADC event=228 readout=1741 f1far=2450 f2near=2325 f2far=2269
SIPM_ARRIVALS event=445 total=482
SIPM_ADC event=445 readout=1253 f1far=2044 f2near=1572 f2far=2082
SIPM_ARRIVALS event=352 total=515
SIPM_ADC event=352 readout=2668 f1far=2034 f2near=1579 f2far=1565
SIPM_ARRIVALS event=11 total=502
SIPM_ADC event=11 readout=1390 f1far=2017 f2near=1590 f2far=1728
SIPM_ARRIVALS event=104 total=495
SIPM_ADC event=104 readout=1845 f1far=2260 f2near=2304 f2far=1888
SIPM_ARRIVALS event=321 total=542
SIPM_ADC event=321 readout=2066 f1far=2586 f2near=1993 f2far=2931
SIPM_ARRIVALS event=198 total=501
SIPM_ADC event=198 readout=2890 f1far=1738 f2near=1831 f2far=1960
SIPM_ARRIVALS event=136 total=522
SIPM_ADC event=136 readout=2200 f1far=2420 f2near=2626 f2far=2146
SIPM_ARRIVALS event=415 total=540
SIPM_ADC event=415 readout=2603 f1far=2009 f2near=2211 f2far=1949
SIPM_ARRIVALS event=167 total=531
SIPM_ADC event=167 readout=1869 f1far=1938 f2near=1713 f2far=2203
SIPM_ARRIVALS event=74 total=516
SIPM_ADC event=74 readout=1901 f1far=2294 f2near=1813 f2far=1990
SIPM_ARRIVALS event=291 total=496
SIPM_ADC event=291 readout=2589 f1far=1596 f2near=1544 f2far=2013
SIPM_ARRIVALS event=260 total=489
SIPM_ADC event=260 readout=1985 f1far=2113 f2near=2098 f2far=2041
SIPM_ARRIVALS event=477 total=550
SIPM_ADC event=477 readout=2886 f1far=1950 f2near=2134 f2far=1814
SIPM_ARRIVALS event=384 total=535
SIPM_ADC event=384 readout=1814 f1far=2238 f2near=1118 f2far=2114
SIPM_ARRIVALS event=43 total=563
SIPM_ADC event=43 readout=2314 f1far=1630 f2near=2651 f2far=2073
SIPM_ARRIVALS event=229 total=552
SIPM_ADC event=229 readout=2548 f1far=2077 f2near=2623 f2far=2409
SIPM_ARRIVALS event=12 total=535
SIPM_ADC event=12 readout=2661 f1far=1882 f2near=2467 f2far=2231
SIPM_ARRIVALS event=353 total=497
SIPM_ADC event=353 readout=1983 f1far=1369 f2near=2386 f2far=1993
SIPM_ARRIVALS event=105 total=490
SIPM_ADC event=105 readout=1335 f1far=1721 f2near=1902 f2far=2143
SIPM_ARRIVALS event=322 total=521
SIPM_ADC event=322 readout=2478 f1far=1640 f2near=2114 f2far=1925
SIPM_ARRIVALS event=446 total=543
SIPM_ADC event=446 readout=1825 f1far=1568 f2near=1574 f2far=2192
SIPM_ARRIVALS event=199 total=573
SIPM_ADC event=199 readout=2142 f1far=1774 f2near=2448 f2far=1765
SIPM_ARRIVALS event=137 total=517
SIPM_ADC event=137 readout=2407 f1far=1528 f2near=1913 f2far=1947
SIPM_ARRIVALS event=292 total=515
SIPM_ADC event=292 readout=1860 f1far=1742 f2near=2773 f2far=2400
SIPM_ARRIVALS event=416 total=520
SIPM_ADC event=416 readout=1431 f1far=2767 f2near=1615 f2far=2138
SIPM_ARRIVALS event=478 total=496
SIPM_ADC event=478 readout=1878 f1far=2071 f2near=1959 f2far=1963
SIPM_ARRIVALS event=261 total=515
SIPM_ADC event=261 readout=1702 f1far=2456 f2near=1873 f2far=1887
SIPM_ARRIVALS event=75 total=489
SIPM_ADC event=75 readout=2127 f1far=2574 f2near=1427 f2far=1886
SIPM_ARRIVALS event=168 total=564
SIPM_ADC event=168 readout=2624 f1far=2032 f2near=2688 f2far=1923
SIPM_ARRIVALS event=385 total=546
SIPM_ADC event=385 readout=1900 f1far=1687 f2near=2469 f2far=2433
SIPM_ARRIVALS event=13 total=500
SIPM_ADC event=13 readout=2191 f1far=2404 f2near=1992 f2far=1707
SIPM_ARRIVALS event=106 total=529
SIPM_ADC event=106 readout=2124 f1far=2280 f2near=2113 f2far=1707
SIPM_ARRIVALS event=44 total=548
SIPM_ADC event=44 readout=2185 f1far=2169 f2near=1672 f2far=2274
SIPM_ARRIVALS event=230 total=530
SIPM_ADC event=230 readout=1903 f1far=2274 f2near=2150 f2far=1606
SIPM_ARRIVALS event=354 total=499
SIPM_ADC event=354 readout=2186 f1far=1746 f2near=2129 f2far=1405
SIPM_ARRIVALS event=447 total=541
SIPM_ADC event=447 readout=2853 f1far=2880 f2near=2450 f2far=1841
SIPM_ARRIVALS event=323 total=501
SIPM_ADC event=323 readout=2716 f1far=2280 f2near=1718 f2far=1827
SIPM_ARRIVALS event=293 total=478
SIPM_ADC event=293 readout=1560 f1far=1524 f2near=1859 f2far=1733
SIPM_ARRIVALS event=262 total=517
SIPM_ADC event=262 readout=1770 f1far=2406 f2near=1965 f2far=2694
SIPM_ARRIVALS event=169 total=531
SIPM_ADC event=169 readout=2218 f1far=2439 f2near=2320 f2far=2339
SIPM_ARRIVALS event=417 total=562
SIPM_ADC event=417 readout=2370 f1far=2361 f2near=1853 f2far=1719
SIPM_ARRIVALS event=200 total=505
SIPM_ADC event=200 readout=2133 f1far=1938 f2near=1496 f2far=1860
SIPM_ARRIVALS event=138 total=522
SIPM_ADC event=138 readout=1630 f1far=2240 f2near=2257 f2far=1801
SIPM_ARRIVALS event=479 total=469
SIPM_ADC event=479 readout=1958 f1far=1986 f2near=1524 f2far=1954
SIPM_ARRIVALS event=76 total=542
SIPM_ADC event=76 readout=2324 f1far=2171 f2near=1598 f2far=1851
SIPM_ARRIVALS event=386 total=533
SIPM_ADC event=386 readout=2546 f1far=1788 f2near=2110 f2far=2112
SIPM_ARRIVALS event=231 total=539
SIPM_ADC event=231 readout=1279 f1far=1974 f2near=2728 f2far=2422
SIPM_ARRIVALS event=14 total=517
SIPM_ADC event=14 readout=1963 f1far=1632 f2near=1844 f2far=2015
SIPM_ARRIVALS event=45 total=506
SIPM_ADC event=45 readout=2012 f1far=2207 f2near=2120 f2far=1874
SIPM_ARRIVALS event=355 total=538
SIPM_ADC event=355 readout=1537 f1far=2291 f2near=1952 f2far=1946
SIPM_ARRIVALS event=107 total=512
SIPM_ADC event=107 readout=1760 f1far=1841 f2near=2005 f2far=2452
SIPM_ARRIVALS event=448 total=489
SIPM_ADC event=448 readout=2535 f1far=1601 f2near=1215 f2far=1433
SIPM_ARRIVALS event=324 total=528
SIPM_ADC event=324 readout=2137 f1far=2047 f2near=1132 f2far=2461
SIPM_ARRIVALS event=294 total=535
SIPM_ADC event=294 readout=2563 f1far=2123 f2near=2675 f2far=1973
SIPM_ARRIVALS event=170 total=535
SIPM_ADC event=170 readout=2419 f1far=2817 f2near=2143 f2far=1669
SIPM_ARRIVALS event=201 total=525
SIPM_ADC event=201 readout=2487 f1far=2431 f2near=2667 f2far=2064
SIPM_ARRIVALS event=263 total=535
SIPM_ADC event=263 readout=2190 f1far=1913 f2near=1981 f2far=2194
SIPM_ARRIVALS event=480 total=498
SIPM_ADC event=480 readout=1300 f1far=2099 f2near=1555 f2far=2187
SIPM_ARRIVALS event=77 total=501
SIPM_ADC event=77 readout=2350 f1far=2050 f2near=1172 f2far=1580
SIPM_ARRIVALS event=139 total=494
SIPM_ADC event=139 readout=1509 f1far=1934 f2near=1882 f2far=1680
SIPM_ARRIVALS event=418 total=535
SIPM_ADC event=418 readout=1842 f1far=1983 f2near=2001 f2far=1947
SIPM_ARRIVALS event=387 total=534
SIPM_ADC event=387 readout=1408 f1far=2256 f2near=1999 f2far=2106
SIPM_ARRIVALS event=15 total=490
SIPM_ADC event=15 readout=1902 f1far=1776 f2near=2282 f2far=2316
SIPM_ARRIVALS event=232 total=547
SIPM_ADC event=232 readout=1852 f1far=1798 f2near=1927 f2far=2257
SIPM_ARRIVALS event=46 total=515
SIPM_ADC event=46 readout=2513 f1far=2192 f2near=1515 f2far=1737
SIPM_ARRIVALS event=449 total=512
SIPM_ADC event=449 readout=2065 f1far=2051 f2near=2480 f2far=1681
SIPM_ARRIVALS event=356 total=506
SIPM_ADC event=356 readout=1870 f1far=2191 f2near=2169 f2far=2246
SIPM_ARRIVALS event=108 total=520
SIPM_ADC event=108 readout=2058 f1far=2613 f2near=1968 f2far=2110
SIPM_ARRIVALS event=325 total=520
SIPM_ADC event=325 readout=2244 f1far=2343 f2near=1931 f2far=2091
SIPM_ARRIVALS event=202 total=538
SIPM_ADC event=202 readout=2243 f1far=2377 f2near=2262 f2far=2047
SIPM_ARRIVALS event=171 total=502
SIPM_ADC event=171 readout=1962 f1far=2047 f2near=3005 f2far=1417
SIPM_ARRIVALS event=295 total=497
SIPM_ADC event=295 readout=2790 f1far=1564 f2near=2101 f2far=1752
SIPM_ARRIVALS event=78 total=504
SIPM_ADC event=78 readout=1856 f1far=1491 f2near=2123 f2far=2873
SIPM_ARRIVALS event=264 total=551
SIPM_ADC event=264 readout=1777 f1far=1776 f2near=1725 f2far=2316
SIPM_ARRIVALS event=481 total=502
SIPM_ADC event=481 readout=1740 f1far=1596 f2near=2185 f2far=2445
SIPM_ARRIVALS event=140 total=545
SIPM_ADC event=140 readout=1905 f1far=2462 f2near=1995 f2far=2466
SIPM_ARRIVALS event=388 total=532
SIPM_ADC event=388 readout=1726 f1far=2697 f2near=2372 f2far=2403
SIPM_ARRIVALS event=419 total=534
SIPM_ADC event=419 readout=1553 f1far=1487 f2near=2747 f2far=2015
SIPM_ARRIVALS event=233 total=481
SIPM_ADC event=233 readout=1663 f1far=1747 f2near=1474 f2far=1817
SIPM_ARRIVALS event=16 total=545
SIPM_ADC event=16 readout=2193 f1far=2300 f2near=2339 f2far=1605
SIPM_ARRIVALS event=450 total=535
SIPM_ADC event=450 readout=1900 f1far=2336 f2near=2019 f2far=2245
SIPM_ARRIVALS event=357 total=536
SIPM_ADC event=357 readout=1796 f1far=2484 f2near=1879 f2far=1473
SIPM_ARRIVALS event=47 total=551
SIPM_ADC event=47 readout=1786 f1far=2490 f2near=2156 f2far=2228
SIPM_ARRIVALS event=109 total=547
SIPM_ADC event=109 readout=2050 f1far=2043 f2near=2208 f2far=1844
SIPM_ARRIVALS event=326 total=512
SIPM_ADC event=326 readout=1244 f1far=1501 f2near=2135 f2far=2218
SIPM_ARRIVALS event=296 total=507
SIPM_ADC event=296 readout=2429 f1far=2312 f2near=2122 f2far=2212
SIPM_ARRIVALS event=172 total=504
SIPM_ADC event=172 readout=1451 f1far=2110 f2near=2371 f2far=1473
SIPM_ARRIVALS event=79 total=534
SIPM_ADC event=79 readout=1794 f1far=2575 f2near=2726 f2far=2125
SIPM_ARRIVALS event=203 total=495
SIPM_ADC event=203 readout=1698 f1far=1544 f2near=1783 f2far=2501
SIPM_ARRIVALS event=482 total=547
SIPM_ADC event=482 readout=1914 f1far=1979 f2near=3102 f2far=2095
SIPM_ARRIVALS event=265 total=517
SIPM_ADC event=265 readout=2305 f1far=2321 f2near=2112 f2far=1820
SIPM_ARRIVALS event=141 total=556
SIPM_ADC event=141 readout=1983 f1far=2363 f2near=2274 f2far=2535
SIPM_ARRIVALS event=420 total=516
SIPM_ADC event=420 readout=1758 f1far=1800 f2near=2095 f2far=1828
SIPM_ARRIVALS event=389 total=526
SIPM_ADC event=389 readout=2420 f1far=1695 f2near=1645 f2far=1880
SIPM_ARRIVALS event=451 total=563
SIPM_ADC event=451 readout=2404 f1far=1708 f2near=2302 f2far=1890
SIPM_ARRIVALS event=234 total=571
SIPM_ADC event=234 readout=2350 f1far=2803 f2near=2249 f2far=2580
SIPM_ARRIVALS event=17 total=499
SIPM_ADC event=17 readout=2162 f1far=1817 f2near=1546 f2far=2204
SIPM_ARRIVALS event=48 total=553
SIPM_ADC event=48 readout=2624 f1far=2011 f2near=2342 f2far=2102
SIPM_ARRIVALS event=358 total=574
SIPM_ADC event=358 readout=2743 f1far=2305 f2near=1948 f2far=2330
SIPM_ARRIVALS event=110 total=517
SIPM_ADC event=110 readout=1721 f1far=1635 f2near=1868 f2far=2093
SIPM_ARRIVALS event=327 total=510
SIPM_ADC event=327 readout=2040 f1far=1722 f2near=1975 f2far=2097
SIPM_ARRIVALS event=297 total=514
SIPM_ADC event=297 readout=2554 f1far=2652 f2near=2005 f2far=1939
SIPM_ARRIVALS event=483 total=547
SIPM_ADC event=483 readout=1435 f1far=2334 f2near=2076 f2far=1999
SIPM_ARRIVALS event=80 total=532
SIPM_ADC event=80 readout=2312 f1far=2275 f2near=2741 f2far=2678
SIPM_ARRIVALS event=173 total=533
SIPM_ADC event=173 readout=2168 f1far=2206 f2near=1759 f2far=1630
SIPM_ARRIVALS event=204 total=553
SIPM_ADC event=204 readout=2912 f1far=2336 f2near=2225 f2far=3133
SIPM_ARRIVALS event=266 total=524
SIPM_ADC event=266 readout=2453 f1far=1894 f2near=1427 f2far=2704
SIPM_ARRIVALS event=142 total=535
SIPM_ADC event=142 readout=2119 f1far=1780 f2near=2005 f2far=2502
SIPM_ARRIVALS event=421 total=522
SIPM_ADC event=421 readout=2656 f1far=1742 f2near=2371 f2far=1261
SIPM_ARRIVALS event=390 total=559
SIPM_ADC event=390 readout=2014 f1far=2055 f2near=2252 f2far=2582
SIPM_ARRIVALS event=235 total=540
SIPM_ADC event=235 readout=2771 f1far=2147 f2near=2008 f2far=1671
SIPM_ARRIVALS event=452 total=516
SIPM_ADC event=452 readout=778 f1far=1988 f2near=1540 f2far=2557
SIPM_ARRIVALS event=18 total=500
SIPM_ADC event=18 readout=1546 f1far=1921 f2near=2519 f2far=2282
SIPM_ARRIVALS event=359 total=480
SIPM_ADC event=359 readout=2148 f1far=1593 f2near=1175 f2far=1704
SIPM_ARRIVALS event=49 total=515
SIPM_ADC event=49 readout=1836 f1far=2026 f2near=2089 f2far=2439
SIPM_ARRIVALS event=111 total=517
SIPM_ADC event=111 readout=2158 f1far=2078 f2near=1545 f2far=2074
SIPM_ARRIVALS event=328 total=533
SIPM_ADC event=328 readout=2376 f1far=1722 f2near=1837 f2far=1987
SIPM_ARRIVALS event=81 total=524
SIPM_ADC event=81 readout=1780 f1far=1843 f2near=1184 f2far=2561
SIPM_ARRIVALS event=298 total=583
SIPM_ADC event=298 readout=2474 f1far=2916 f2near=1957 f2far=2237
SIPM_ARRIVALS event=484 total=526
SIPM_ADC event=484 readout=2409 f1far=2632 f2near=1947 f2far=2065
SIPM_ARRIVALS event=205 total=489
SIPM_ADC event=205 readout=1922 f1far=1724 f2near=1797 f2far=2471
SIPM_ARRIVALS event=174 total=558
SIPM_ADC event=174 readout=1707 f1far=2716 f2near=1934 f2far=2493
SIPM_ARRIVALS event=143 total=517
SIPM_ADC event=143 readout=1741 f1far=2135 f2near=2287 f2far=1959
SIPM_ARRIVALS event=267 total=581
SIPM_ADC event=267 readout=2451 f1far=3087 f2near=2262 f2far=2728
SIPM_ARRIVALS event=422 total=553
SIPM_ADC event=422 readout=2247 f1far=2462 f2near=2523 f2far=1938
SIPM_ARRIVALS event=391 total=512
SIPM_ADC event=391 readout=2024 f1far=1547 f2near=2408 f2far=1435
SIPM_ARRIVALS event=236 total=524
SIPM_ADC event=236 readout=2031 f1far=2339 f2near=1714 f2far=2027
SIPM_ARRIVALS event=453 total=536
SIPM_ADC event=453 readout=1647 f1far=2163 f2near=1533 f2far=2318
SIPM_ARRIVALS event=19 total=503
SIPM_ADC event=19 readout=1727 f1far=1403 f2near=2491 f2far=2274
SIPM_ARRIVALS event=360 total=506
SIPM_ADC event=360 readout=1583 f1far=1862 f2near=2461 f2far=1881
SIPM_ARRIVALS event=50 total=517
SIPM_ADC event=50 readout=2580 f1far=2105 f2near=1975 f2far=2176
SIPM_ARRIVALS event=112 total=471
SIPM_ADC event=112 readout=1155 f1far=1646 f2near=1832 f2far=1771
SIPM_ARRIVALS event=329 total=542
SIPM_ADC event=329 readout=2267 f1far=1563 f2near=2175 f2far=1497
SIPM_ARRIVALS event=299 total=577
SIPM_ADC event=299 readout=2165 f1far=3185 f2near=1975 f2far=2547
SIPM_ARRIVALS event=206 total=485
SIPM_ADC event=206 readout=1926 f1far=2218 f2near=1766 f2far=2378
SIPM_ARRIVALS event=82 total=503
SIPM_ADC event=82 readout=1518 f1far=2033 f2near=1812 f2far=1534
SIPM_ARRIVALS event=485 total=518
SIPM_ADC event=485 readout=2011 f1far=2090 f2near=2134 f2far=1707
SIPM_ARRIVALS event=175 total=509
SIPM_ADC event=175 readout=2117 f1far=2261 f2near=2598 f2far=1939
SIPM_ARRIVALS event=268 total=511
SIPM_ADC event=268 readout=1406 f1far=2189 f2near=1954 f2far=1962
SIPM_ARRIVALS event=144 total=554
SIPM_ADC event=144 readout=2214 f1far=1379 f2near=2019 f2far=1576
SIPM_ARRIVALS event=237 total=501
SIPM_ADC event=237 readout=2258 f1far=1810 f2near=2819 f2far=1739
SIPM_ARRIVALS event=423 total=547
SIPM_ADC event=423 readout=2299 f1far=1903 f2near=2936 f2far=2175
SIPM_ARRIVALS event=392 total=526
SIPM_ADC event=392 readout=1879 f1far=1694 f2near=2412 f2far=2654
SIPM_ARRIVALS event=454 total=504
SIPM_ADC event=454 readout=1863 f1far=1936 f2near=2220 f2far=2317
SIPM_ARRIVALS event=20 total=510
SIPM_ADC event=20 readout=2612 f1far=1657 f2near=1860 f2far=1543
SIPM_ARRIVALS event=361 total=524
SIPM_ADC event=361 readout=2005 f1far=1822 f2near=2151 f2far=2594
SIPM_ARRIVALS event=51 total=535
SIPM_ADC event=51 readout=2398 f1far=2198 f2near=2371 f2far=1921
SIPM_ARRIVALS event=113 total=553
SIPM_ADC event=113 readout=1953 f1far=1961 f2near=2332 f2far=2144
SIPM_ARRIVALS event=300 total=495
SIPM_ADC event=300 readout=1716 f1far=1731 f2near=2075 f2far=1506
SIPM_ARRIVALS event=486 total=539
SIPM_ADC event=486 readout=2592 f1far=1894 f2near=2589 f2far=2192
SIPM_ARRIVALS event=330 total=519
SIPM_ADC event=330 readout=1865 f1far=2048 f2near=2317 f2far=1414
SIPM_ARRIVALS event=83 total=499
SIPM_ADC event=83 readout=1939 f1far=1932 f2near=1876 f2far=1831
SIPM_ARRIVALS event=207 total=538
SIPM_ADC event=207 readout=1974 f1far=2088 f2near=1959 f2far=1291
SIPM_ARRIVALS event=269 total=530
SIPM_ADC event=269 readout=1541 f1far=2130 f2near=2027 f2far=3035
SIPM_ARRIVALS event=176 total=538
SIPM_ADC event=176 readout=2010 f1far=1914 f2near=2347 f2far=2359
SIPM_ARRIVALS event=145 total=530
SIPM_ADC event=145 readout=2113 f1far=1964 f2near=2223 f2far=1804
SIPM_ARRIVALS event=238 total=485
SIPM_ADC event=238 readout=2235 f1far=2067 f2near=2091 f2far=1977
SIPM_ARRIVALS event=424 total=514
SIPM_ADC event=424 readout=1697 f1far=1872 f2near=1853 f2far=1824
SIPM_ARRIVALS event=455 total=511
SIPM_ADC event=455 readout=2395 f1far=1751 f2near=1779 f2far=2060
SIPM_ARRIVALS event=393 total=507
SIPM_ADC event=393 readout=2290 f1far=2112 f2near=1742 f2far=2002
SIPM_ARRIVALS event=21 total=550
SIPM_ADC event=21 readout=1594 f1far=1662 f2near=2690 f2far=2219
SIPM_ARRIVALS event=362 total=538
SIPM_ADC event=362 readout=1852 f1far=2466 f2near=2503 f2far=2116
SIPM_ARRIVALS event=52 total=514
SIPM_ADC event=52 readout=2032 f1far=1814 f2near=1816 f2far=1383
SIPM_ARRIVALS event=114 total=512
SIPM_ADC event=114 readout=1369 f1far=1614 f2near=1782 f2far=2477
SIPM_ARRIVALS event=301 total=526
SIPM_ADC event=301 readout=2285 f1far=1682 f2near=1874 f2far=2154
SIPM_ARRIVALS event=84 total=512
SIPM_ADC event=84 readout=2296 f1far=1829 f2near=1946 f2far=2271
SIPM_ARRIVALS event=331 total=484
SIPM_ADC event=331 readout=2039 f1far=1547 f2near=1996 f2far=2155
SIPM_ARRIVALS event=208 total=439
SIPM_ADC event=208 readout=1899 f1far=1493 f2near=1186 f2far=1511
SIPM_ARRIVALS event=487 total=564
SIPM_ADC event=487 readout=2561 f1far=1918 f2near=2614 f2far=2183
SIPM_ARRIVALS event=270 total=536
SIPM_ADC event=270 readout=1663 f1far=2140 f2near=2304 f2far=1630
SIPM_ARRIVALS event=177 total=528
SIPM_ADC event=177 readout=1763 f1far=1775 f2near=2588 f2far=2098
SIPM_ARRIVALS event=146 total=531
SIPM_ADC event=146 readout=1757 f1far=2127 f2near=2842 f2far=2051
SIPM_ARRIVALS event=239 total=600
SIPM_ADC event=239 readout=2062 f1far=2089 f2near=1866 f2far=2760
SIPM_ARRIVALS event=425 total=537
SIPM_ADC event=425 readout=1836 f1far=1582 f2near=2275 f2far=2676
SIPM_ARRIVALS event=456 total=526
SIPM_ADC event=456 readout=2063 f1far=1878 f2near=2123 f2far=1834
SIPM_ARRIVALS event=394 total=502
SIPM_ADC event=394 readout=1914 f1far=2475 f2near=1660 f2far=2023
SIPM_ARRIVALS event=22 total=514
SIPM_ADC event=22 readout=1576 f1far=2263 f2near=2063 f2far=1881
SIPM_ARRIVALS event=363 total=517
SIPM_ADC event=363 readout=2312 f1far=2247 f2near=2291 f2far=2014
SIPM_ARRIVALS event=53 total=536
SIPM_ADC event=53 readout=2153 f1far=2303 f2near=2421 f2far=2305
SIPM_ARRIVALS event=115 total=510
SIPM_ADC event=115 readout=2488 f1far=2220 f2near=1634 f2far=1857
SIPM_ARRIVALS event=302 total=546
SIPM_ADC event=302 readout=2037 f1far=1646 f2near=2366 f2far=2282
SIPM_ARRIVALS event=85 total=564
SIPM_ADC event=85 readout=2043 f1far=1965 f2near=2278 f2far=2408
SIPM_ARRIVALS event=209 total=499
SIPM_ADC event=209 readout=1532 f1far=2138 f2near=1726 f2far=2056
SIPM_ARRIVALS event=488 total=553
SIPM_ADC event=488 readout=1849 f1far=1640 f2near=2382 f2far=2668
SIPM_ARRIVALS event=332 total=544
SIPM_ADC event=332 readout=2273 f1far=2040 f2near=2464 f2far=3043
SIPM_ARRIVALS event=178 total=588
SIPM_ADC event=178 readout=2222 f1far=2353 f2near=1859 f2far=2623
SIPM_ARRIVALS event=271 total=578
SIPM_ADC event=271 readout=2822 f1far=2194 f2near=2952 f2far=2277
SIPM_ARRIVALS event=147 total=525
SIPM_ADC event=147 readout=1983 f1far=2210 f2near=1912 f2far=1675
SIPM_ARRIVALS event=240 total=496
SIPM_ADC event=240 readout=1914 f1far=2068 f2near=2144 f2far=2300
SIPM_ARRIVALS event=426 total=501
SIPM_ADC event=426 readout=1931 f1far=1298 f2near=2561 f2far=1695
SIPM_ARRIVALS event=395 total=558
SIPM_ADC event=395 readout=1987 f1far=2788 f2near=1873 f2far=1790
SIPM_ARRIVALS event=457 total=534
SIPM_ADC event=457 readout=2191 f1far=1702 f2near=1788 f2far=2396
SIPM_ARRIVALS event=23 total=510
SIPM_ADC event=23 readout=1911 f1far=1591 f2near=2292 f2far=1473
SIPM_ARRIVALS event=364 total=525
SIPM_ADC event=364 readout=1766 f1far=1370 f2near=2193 f2far=2467
SIPM_ARRIVALS event=54 total=508
SIPM_ADC event=54 readout=2038 f1far=1132 f2near=2249 f2far=1896
SIPM_ARRIVALS event=116 total=494
SIPM_ADC event=116 readout=1617 f1far=1872 f2near=2199 f2far=1931
SIPM_ARRIVALS event=86 total=539
SIPM_ADC event=86 readout=2347 f1far=2117 f2near=2275 f2far=1506
SIPM_ARRIVALS event=210 total=517
SIPM_ADC event=210 readout=1374 f1far=1848 f2near=1644 f2far=2189
SIPM_ARRIVALS event=303 total=520
SIPM_ADC event=303 readout=2404 f1far=2130 f2near=2184 f2far=1733
SIPM_ARRIVALS event=489 total=494
SIPM_ADC event=489 readout=1860 f1far=2294 f2near=1680 f2far=1709
SIPM_ARRIVALS event=333 total=506
SIPM_ADC event=333 readout=1694 f1far=1973 f2near=2264 f2far=1457
SIPM_ARRIVALS event=179 total=505
SIPM_ADC event=179 readout=1734 f1far=1667 f2near=2300 f2far=1965
SIPM_ARRIVALS event=272 total=531
SIPM_ADC event=272 readout=2081 f1far=1990 f2near=2458 f2far=1746
SIPM_ARRIVALS event=148 total=523
SIPM_ADC event=148 readout=1764 f1far=2094 f2near=2495 f2far=1995
SIPM_ARRIVALS event=241 total=548
SIPM_ADC event=241 readout=2583 f1far=2359 f2near=1964 f2far=1795
SIPM_ARRIVALS event=427 total=505
SIPM_ADC event=427 readout=1816 f1far=1880 f2near=1827 f2far=2325
SIPM_ARRIVALS event=458 total=471
SIPM_ADC event=458 readout=2310 f1far=1859 f2near=2066 f2far=2634
SIPM_ARRIVALS event=396 total=496
SIPM_ADC event=396 readout=1654 f1far=2074 f2near=2155 f2far=2078
SIPM_ARRIVALS event=365 total=508
SIPM_ADC event=365 readout=1968 f1far=1687 f2near=2011 f2far=1653
SIPM_ARRIVALS event=24 total=518
SIPM_ADC event=24 readout=1521 f1far=1822 f2near=2062 f2far=2048
SIPM_ARRIVALS event=55 total=517
SIPM_ADC event=55 readout=1760 f1far=2146 f2near=1743 f2far=2038
SIPM_ARRIVALS event=117 total=495
SIPM_ADC event=117 readout=1971 f1far=1806 f2near=2554 f2far=1966
SIPM_ARRIVALS event=87 total=528
SIPM_ADC event=87 readout=2230 f1far=1994 f2near=2435 f2far=1775
SIPM_ARRIVALS event=490 total=498
SIPM_ADC event=490 readout=1634 f1far=2448 f2near=2419 f2far=2333
SIPM_ARRIVALS event=211 total=545
SIPM_ADC event=211 readout=2228 f1far=2621 f2near=2100 f2far=2312
SIPM_ARRIVALS event=304 total=572
SIPM_ADC event=304 readout=2594 f1far=1912 f2near=2133 f2far=1873
SIPM_ARRIVALS event=334 total=477
SIPM_ADC event=334 readout=2003 f1far=1830 f2near=2103 f2far=1924
SIPM_ARRIVALS event=273 total=493
SIPM_ADC event=273 readout=2125 f1far=1779 f2near=2019 f2far=1544
SIPM_ARRIVALS event=180 total=550
SIPM_ADC event=180 readout=1870 f1far=1963 f2near=1776 f2far=2245
SIPM_ARRIVALS event=149 total=533
SIPM_ADC event=149 readout=1732 f1far=2177 f2near=2230 f2far=2092
SIPM_ARRIVALS event=242 total=539
SIPM_ADC event=242 readout=1853 f1far=2457 f2near=1639 f2far=2009
SIPM_ARRIVALS event=428 total=562
SIPM_ADC event=428 readout=2143 f1far=2478 f2near=1717 f2far=2079
SIPM_ARRIVALS event=459 total=510
SIPM_ADC event=459 readout=2915 f1far=1429 f2near=2682 f2far=1859
SIPM_ARRIVALS event=397 total=515
SIPM_ADC event=397 readout=1933 f1far=1851 f2near=2049 f2far=1960
SIPM_ARRIVALS event=366 total=491
SIPM_ADC event=366 readout=2088 f1far=1486 f2near=1894 f2far=2202
SIPM_ARRIVALS event=25 total=542
SIPM_ADC event=25 readout=1843 f1far=2359 f2near=1601 f2far=2081
SIPM_ARRIVALS event=56 total=533
SIPM_ADC event=56 readout=1719 f1far=2210 f2near=1992 f2far=1586
SIPM_ARRIVALS event=88 total=595
SIPM_ADC event=88 readout=2537 f1far=2401 f2near=2672 f2far=2467
SIPM_ARRIVALS event=118 total=513
SIPM_ADC event=118 readout=1843 f1far=2093 f2near=2529 f2far=2215
SIPM_ARRIVALS event=491 total=534
SIPM_ADC event=491 readout=1718 f1far=1652 f2near=2263 f2far=1736
SIPM_ARRIVALS event=212 total=487
SIPM_ADC event=212 readout=1348 f1far=1368 f2near=1744 f2far=2173
SIPM_ARRIVALS event=305 total=543
SIPM_ADC event=305 readout=2686 f1far=1864 f2near=2590 f2far=2212
SIPM_ARRIVALS event=274 total=534
SIPM_ADC event=274 readout=2639 f1far=1830 f2near=1789 f2far=2475
SIPM_ARRIVALS event=181 total=550
SIPM_ADC event=181 readout=1938 f1far=2692 f2near=2045 f2far=2540
SIPM_ARRIVALS event=335 total=495
SIPM_ADC event=335 readout=2273 f1far=2551 f2near=1597 f2far=1422
SIPM_ARRIVALS event=150 total=514
SIPM_ADC event=150 readout=1997 f1far=1568 f2near=1920 f2far=2013
SIPM_ARRIVALS event=243 total=513
SIPM_ADC event=243 readout=2674 f1far=2016 f2near=1638 f2far=1595
SIPM_ARRIVALS event=429 total=508
SIPM_ADC event=429 readout=1732 f1far=2033 f2near=1934 f2far=1600
SIPM_ARRIVALS event=367 total=552
SIPM_ADC event=367 readout=1809 f1far=1572 f2near=2016 f2far=1673
SIPM_ARRIVALS event=398 total=491
SIPM_ADC event=398 readout=2001 f1far=1837 f2near=2692 f2far=1451
SIPM_ARRIVALS event=460 total=502
SIPM_ADC event=460 readout=2318 f1far=1923 f2near=2341 f2far=1627
SIPM_ARRIVALS event=26 total=554
SIPM_ADC event=26 readout=1699 f1far=1808 f2near=2006 f2far=1716
SIPM_ARRIVALS event=57 total=569
SIPM_ADC event=57 readout=3399 f1far=1948 f2near=2225 f2far=2533
SIPM_ARRIVALS event=89 total=515
SIPM_ADC event=89 readout=1757 f1far=1717 f2near=1411 f2far=2015
SIPM_ARRIVALS event=119 total=487
SIPM_ADC event=119 readout=1743 f1far=2463 f2near=2192 f2far=2644
SIPM_ARRIVALS event=213 total=514
SIPM_ADC event=213 readout=1800 f1far=1692 f2near=1949 f2far=1786
SIPM_ARRIVALS event=306 total=514
SIPM_ADC event=306 readout=1527 f1far=2162 f2near=1763 f2far=1526
SIPM_ARRIVALS event=492 total=530
SIPM_ADC event=492 readout=2040 f1far=1988 f2near=1864 f2far=2070
SIPM_ARRIVALS event=275 total=550
SIPM_ADC event=275 readout=2052 f1far=2126 f2near=1939 f2far=2096
SIPM_ARRIVALS event=182 total=507
SIPM_ADC event=182 readout=1886 f1far=2220 f2near=1590 f2far=1467
SIPM_ARRIVALS event=336 total=525
SIPM_ADC event=336 readout=1750 f1far=2214 f2near=1325 f2far=2274
SIPM_ARRIVALS event=244 total=541
SIPM_ADC event=244 readout=2776 f1far=1616 f2near=1480 f2far=2200
SIPM_ARRIVALS event=151 total=512
SIPM_ADC event=151 readout=2358 f1far=3070 f2near=2274 f2far=1825
SIPM_ARRIVALS event=430 total=528
SIPM_ADC event=430 readout=1838 f1far=2035 f2near=1942 f2far=2171
SIPM_ARRIVALS event=368 total=532
SIPM_ADC event=368 readout=2106 f1far=2036 f2near=2357 f2far=1612
SIPM_ARRIVALS event=399 total=545
SIPM_ADC event=399 readout=1735 f1far=2389 f2near=1977 f2far=2672
SIPM_ARRIVALS event=461 total=503
SIPM_ADC event=461 readout=2253 f1far=1872 f2near=1941 f2far=2525
SIPM_ARRIVALS event=27 total=514
SIPM_ADC event=27 readout=2825 f1far=2247 f2near=2131 f2far=1538
SIPM_ARRIVALS event=58 total=556
SIPM_ADC event=58 readout=1896 f1far=2042 f2near=1686 f2far=1413
SIPM_ARRIVALS event=90 total=523
SIPM_ADC event=90 readout=2071 f1far=2353 f2near=2456 f2far=1841
SIPM_ARRIVALS event=120 total=556
SIPM_ADC event=120 readout=2440 f1far=2045 f2near=2170 f2far=2292
SIPM_ARRIVALS event=214 total=555
SIPM_ADC event=214 readout=1749 f1far=2230 f2near=2468 f2far=1916
SIPM_ARRIVALS event=307 total=507
SIPM_ADC event=307 readout=2640 f1far=1549 f2near=1668 f2far=2155
SIPM_ARRIVALS event=493 total=538
SIPM_ADC event=493 readout=2019 f1far=2738 f2near=1742 f2far=1870
SIPM_ARRIVALS event=276 total=506
SIPM_ADC event=276 readout=1570 f1far=2117 f2near=1771 f2far=1920
SIPM_ARRIVALS event=183 total=546
SIPM_ADC event=183 readout=1880 f1far=1866 f2near=1727 f2far=2693
SIPM_ARRIVALS event=337 total=518
SIPM_ADC event=337 readout=1532 f1far=2008 f2near=1918 f2far=1817
SIPM_ARRIVALS event=245 total=500
SIPM_ADC event=245 readout=1480 f1far=2132 f2near=2279 f2far=2411
SIPM_ARRIVALS event=152 total=517
SIPM_ADC event=152 readout=2273 f1far=1752 f2near=1833 f2far=2307
SIPM_ARRIVALS event=431 total=520
SIPM_ADC event=431 readout=2102 f1far=2069 f2near=2049 f2far=2691
SIPM_ARRIVALS event=462 total=523
SIPM_ADC event=462 readout=2221 f1far=2030 f2near=2319 f2far=2310
SIPM_ARRIVALS event=369 total=495
SIPM_ADC event=369 readout=1819 f1far=2336 f2near=2059 f2far=2067
SIPM_ARRIVALS event=400 total=534
SIPM_ADC event=400 readout=1590 f1far=2410 f2near=2342 f2far=2292
SIPM_ARRIVALS event=59 total=507
SIPM_ADC event=59 readout=2012 f1far=1826 f2near=2501 f2far=1473
SIPM_ARRIVALS event=28 total=520
SIPM_ADC event=28 readout=2098 f1far=2251 f2near=1793 f2far=1335
SIPM_ARRIVALS event=91 total=522
SIPM_ADC event=91 readout=1978 f1far=2245 f2near=2170 f2far=2262
SIPM_ARRIVALS event=215 total=525
SIPM_ADC event=215 readout=1932 f1far=2728 f2near=1678 f2far=1454
SIPM_ARRIVALS event=308 total=502
SIPM_ADC event=308 readout=1855 f1far=1964 f2near=1851 f2far=2421
SIPM_ARRIVALS event=121 total=583
SIPM_ADC event=121 readout=2540 f1far=2071 f2near=1842 f2far=1545
SIPM_ARRIVALS event=494 total=522
SIPM_ADC event=494 readout=1776 f1far=1929 f2near=2847 f2far=1695
SIPM_ARRIVALS event=277 total=527
SIPM_ADC event=277 readout=1718 f1far=2002 f2near=2013 f2far=1891
SIPM_ARRIVALS event=184 total=545
SIPM_ADC event=184 readout=1792 f1far=2450 f2near=1946 f2far=1768
SIPM_ARRIVALS event=338 total=559
SIPM_ADC event=338 readout=2479 f1far=2372 f2near=3141 f2far=2077
SIPM_ARRIVALS event=246 total=505
SIPM_ADC event=246 readout=2381 f1far=2123 f2near=2083 f2far=2422
SIPM_ARRIVALS event=153 total=499
SIPM_ADC event=153 readout=2011 f1far=1580 f2near=2060 f2far=2019
SIPM_ARRIVALS event=432 total=499
SIPM_ADC event=432 readout=1902 f1far=1431 f2near=2136 f2far=2012
SIPM_ARRIVALS event=463 total=544
SIPM_ADC event=463 readout=1887 f1far=1957 f2near=2708 f2far=1968
SIPM_ARRIVALS event=401 total=522
SIPM_ADC event=401 readout=2356 f1far=2089 f2near=2512 f2far=1858
SIPM_ARRIVALS event=370 total=532
SIPM_ADC event=370 readout=1452 f1far=2609 f2near=2347 f2far=2126
SIPM_ARRIVALS event=60 total=548
SIPM_ADC event=60 readout=1935 f1far=2261 f2near=2721 f2far=2252
SIPM_ARRIVALS event=92 total=522
SIPM_ADC event=92 readout=1975 f1far=1325 f2near=1555 f2far=1754
SIPM_ARRIVALS event=29 total=520
SIPM_ADC event=29 readout=2306 f1far=1876 f2near=2126 f2far=1599
SIPM_ARRIVALS event=309 total=526
SIPM_ADC event=309 readout=2103 f1far=1677 f2near=1719 f2far=1971
SIPM_ARRIVALS event=216 total=511
SIPM_ADC event=216 readout=1882 f1far=1610 f2near=1904 f2far=1615
SIPM_ARRIVALS event=122 total=469
SIPM_ADC event=122 readout=2051 f1far=1424 f2near=1579 f2far=1625
SIPM_ARRIVALS event=495 total=538
SIPM_ADC event=495 readout=1777 f1far=1536 f2near=2004 f2far=2254
SIPM_ARRIVALS event=185 total=499
SIPM_ADC event=185 readout=2197 f1far=2173 f2near=2477 f2far=2245
SIPM_ARRIVALS event=278 total=495
SIPM_ADC event=278 readout=2041 f1far=2315 f2near=1576 f2far=1912
SIPM_ARRIVALS event=154 total=511
SIPM_ADC event=154 readout=1869 f1far=2343 f2near=2449 f2far=1910
SIPM_ARRIVALS event=247 total=510
SIPM_ADC event=247 readout=2125 f1far=2134 f2near=1153 f2far=2003
SIPM_ARRIVALS event=339 total=512
SIPM_ADC event=339 readout=2070 f1far=1925 f2near=2064 f2far=2439
SIPM_ARRIVALS event=433 total=511
SIPM_ADC event=433 readout=1908 f1far=1241 f2near=1554 f2far=1717
SIPM_ARRIVALS event=464 total=512
SIPM_ADC event=464 readout=1872 f1far=1757 f2near=2145 f2far=2305
SIPM_ARRIVALS event=402 total=511
SIPM_ADC event=402 readout=2075 f1far=1651 f2near=1469 f2far=2019
SIPM_ARRIVALS event=30 total=511
SIPM_ADC event=30 readout=1932 f1far=1293 f2near=1642 f2far=1634
SIPM_ARRIVALS event=371 total=504
SIPM_ADC event=371 readout=1761 f1far=2026 f2near=2712 f2far=1750
SIPM_ARRIVALS event=61 total=507
SIPM_ADC event=61 readout=2041 f1far=2196 f2near=2206 f2far=1656
SIPM_ARRIVALS event=496 total=525
SIPM_ADC event=496 readout=2159 f1far=2190 f2near=2609 f2far=2736
SIPM_ARRIVALS event=527 total=536
SIPM_ADC event=527 readout=2396 f1far=2063 f2near=1763 f2far=1765
SIPM_ARRIVALS event=558 total=513
SIPM_ADC event=558 readout=2257 f1far=1922 f2near=1942 f2far=2195
SIPM_ARRIVALS event=589 total=517
SIPM_ADC event=589 readout=1486 f1far=1842 f2near=2040 f2far=2296
SIPM_ARRIVALS event=123 total=509
SIPM_ADC event=123 readout=1689 f1far=1854 f2near=1670 f2far=2141
SIPM_ARRIVALS event=620 total=534
SIPM_ADC event=620 readout=1985 f1far=1609 f2near=2525 f2far=1854
SIPM_ARRIVALS event=651 total=500
SIPM_ADC event=651 readout=1762 f1far=1850 f2near=1515 f2far=1671
SIPM_ARRIVALS event=682 total=546
SIPM_ADC event=682 readout=2046 f1far=2168 f2near=2415 f2far=2728
SIPM_ARRIVALS event=713 total=491
SIPM_ADC event=713 readout=2120 f1far=1478 f2near=2569 f2far=1682
SIPM_ARRIVALS event=340 total=518
SIPM_ADC event=340 readout=2213 f1far=2015 f2near=1846 f2far=1940
SIPM_ARRIVALS event=744 total=535
SIPM_ADC event=744 readout=1930 f1far=2461 f2near=1768 f2far=2985
SIPM_ARRIVALS event=775 total=496
SIPM_ADC event=775 readout=1548 f1far=1874 f2near=1623 f2far=1532
SIPM_ARRIVALS event=806 total=533
SIPM_ADC event=806 readout=2252 f1far=2105 f2near=2259 f2far=2567
SIPM_ARRIVALS event=899 total=508
SIPM_ADC event=899 readout=2591 f1far=1596 f2near=2464 f2far=1856
SIPM_ARRIVALS event=837 total=545
SIPM_ADC event=837 readout=2165 f1far=1752 f2near=2528 f2far=1951
SIPM_ARRIVALS event=868 total=543
SIPM_ADC event=868 readout=1725 f1far=2553 f2near=1978 f2far=2146
SIPM_ARRIVALS event=497 total=523
SIPM_ADC event=497 readout=2307 f1far=2154 f2near=2173 f2far=2561
SIPM_ARRIVALS event=590 total=535
SIPM_ADC event=590 readout=1519 f1far=2854 f2near=1870 f2far=1910
SIPM_ARRIVALS event=528 total=520
SIPM_ADC event=528 readout=1875 f1far=2046 f2near=1999 f2far=2071
SIPM_ARRIVALS event=621 total=473
SIPM_ADC event=621 readout=1945 f1far=2069 f2near=1597 f2far=1654
SIPM_ARRIVALS event=559 total=517
SIPM_ADC event=559 readout=1790 f1far=2147 f2near=2070 f2far=2155
SIPM_ARRIVALS event=930 total=518
SIPM_ADC event=930 readout=2093 f1far=1940 f2near=1370 f2far=1871
SIPM_ARRIVALS event=652 total=470
SIPM_ADC event=652 readout=1782 f1far=1857 f2near=1882 f2far=1729
SIPM_ARRIVALS event=714 total=509
SIPM_ADC event=714 readout=2361 f1far=1677 f2near=1841 f2far=2480
SIPM_ARRIVALS event=961 total=513
SIPM_ADC event=961 readout=2119 f1far=1987 f2near=1805 f2far=1560
SIPM_ARRIVALS event=683 total=522
SIPM_ADC event=683 readout=1653 f1far=2377 f2near=2138 f2far=2030
SIPM_ARRIVALS event=745 total=541
SIPM_ADC event=745 readout=2453 f1far=2290 f2near=1840 f2far=2136
SIPM_ARRIVALS event=776 total=495
SIPM_ADC event=776 readout=1919 f1far=2111 f2near=2778 f2far=2537
SIPM_ARRIVALS event=807 total=510
SIPM_ADC event=807 readout=2031 f1far=2600 f2near=1723 f2far=2167
SIPM_ARRIVALS event=838 total=533
SIPM_ADC event=838 readout=2010 f1far=2935 f2near=2052 f2far=1730
SIPM_ARRIVALS event=869 total=536
SIPM_ADC event=869 readout=1799 f1far=2367 f2near=1835 f2far=2136
SIPM_ARRIVALS event=498 total=504
SIPM_ADC event=498 readout=2228 f1far=1722 f2near=2201 f2far=2222
SIPM_ARRIVALS event=900 total=525
SIPM_ADC event=900 readout=1932 f1far=2503 f2near=2244 f2far=1707
SIPM_ARRIVALS event=622 total=544
SIPM_ADC event=622 readout=1825 f1far=1727 f2near=2355 f2far=1277
SIPM_ARRIVALS event=591 total=496
SIPM_ADC event=591 readout=1876 f1far=2047 f2near=2458 f2far=2377
SIPM_ARRIVALS event=529 total=525
SIPM_ADC event=529 readout=2378 f1far=2042 f2near=2092 f2far=1683
SIPM_ARRIVALS event=560 total=493
SIPM_ADC event=560 readout=1707 f1far=2147 f2near=1559 f2far=2265
SIPM_ARRIVALS event=931 total=533
SIPM_ADC event=931 readout=1690 f1far=2846 f2near=1427 f2far=2522
SIPM_ARRIVALS event=653 total=500
SIPM_ADC event=653 readout=2253 f1far=2002 f2near=2305 f2far=2144
SIPM_ARRIVALS event=715 total=538
SIPM_ADC event=715 readout=2599 f1far=1970 f2near=2408 f2far=2350
SIPM_ARRIVALS event=684 total=485
SIPM_ADC event=684 readout=1785 f1far=1556 f2near=2105 f2far=1702
SIPM_ARRIVALS event=962 total=520
SIPM_ADC event=962 readout=2400 f1far=2455 f2near=1900 f2far=1746
SIPM_ARRIVALS event=746 total=557
SIPM_ADC event=746 readout=2401 f1far=1930 f2near=2764 f2far=2272
SIPM_ARRIVALS event=777 total=564
SIPM_ADC event=777 readout=2064 f1far=2856 f2near=1597 f2far=1936
SIPM_ARRIVALS event=808 total=547
SIPM_ADC event=808 readout=2431 f1far=1667 f2near=2295 f2far=2272
SIPM_ARRIVALS event=839 total=548
SIPM_ADC event=839 readout=2660 f1far=1664 f2near=2476 f2far=2256
SIPM_ARRIVALS event=499 total=528
SIPM_ADC event=499 readout=1327 f1far=1764 f2near=1836 f2far=1527
SIPM_ARRIVALS event=901 total=499
SIPM_ADC event=901 readout=2384 f1far=2463 f2near=1950 f2far=1776
SIPM_ARRIVALS event=870 total=527
SIPM_ADC event=870 readout=1499 f1far=2019 f2near=2633 f2far=2452
SIPM_ARRIVALS event=623 total=512
SIPM_ADC event=623 readout=1838 f1far=2772 f2near=1418 f2far=1997
SIPM_ARRIVALS event=592 total=557
SIPM_ADC event=592 readout=2299 f1far=3178 f2near=2440 f2far=2097
SIPM_ARRIVALS event=530 total=585
SIPM_ADC event=530 readout=3247 f1far=1920 f2near=2004 f2far=2206
SIPM_ARRIVALS event=561 total=528
SIPM_ADC event=561 readout=1434 f1far=2088 f2near=2029 f2far=2116
SIPM_ARRIVALS event=932 total=490
SIPM_ADC event=932 readout=2105 f1far=1044 f2near=1641 f2far=1790
SIPM_ARRIVALS event=654 total=515
SIPM_ADC event=654 readout=2774 f1far=1823 f2near=2298 f2far=1594
SIPM_ARRIVALS event=716 total=513
SIPM_ADC event=716 readout=1677 f1far=2183 f2near=2064 f2far=2236
SIPM_ARRIVALS event=685 total=503
SIPM_ADC event=685 readout=1281 f1far=2459 f2near=2263 f2far=2428
SIPM_ARRIVALS event=963 total=553
SIPM_ADC event=963 readout=1786 f1far=2221 f2near=2272 f2far=2572
SIPM_ARRIVALS event=778 total=519
SIPM_ADC event=778 readout=2274 f1far=2014 f2near=2065 f2far=2026
SIPM_ARRIVALS event=747 total=533
SIPM_ADC event=747 readout=1912 f1far=2272 f2near=2322 f2far=2325
SIPM_ARRIVALS event=840 total=556
SIPM_ADC event=840 readout=2159 f1far=2618 f2near=2353 f2far=1868
SIPM_ARRIVALS event=809 total=467
SIPM_ADC event=809 readout=2430 f1far=1549 f2near=1692 f2far=1606
SIPM_ARRIVALS event=500 total=479
SIPM_ADC event=500 readout=1919 f1far=1352 f2near=1485 f2far=2739
SIPM_ARRIVALS event=902 total=521
SIPM_ADC event=902 readout=1909 f1far=1826 f2near=1789 f2far=2458
SIPM_ARRIVALS event=871 total=543
SIPM_ADC event=871 readout=1836 f1far=2203 f2near=1869 f2far=2812
SIPM_ARRIVALS event=624 total=511
SIPM_ADC event=624 readout=2793 f1far=1893 f2near=2232 f2far=2377
SIPM_ARRIVALS event=593 total=497
SIPM_ADC event=593 readout=2020 f1far=1979 f2near=1865 f2far=1432
SIPM_ARRIVALS event=531 total=502
SIPM_ADC event=531 readout=2073 f1far=2091 f2near=2152 f2far=1732
SIPM_ARRIVALS event=562 total=546
SIPM_ADC event=562 readout=2451 f1far=2599 f2near=1540 f2far=2187
SIPM_ARRIVALS event=933 total=455
SIPM_ADC event=933 readout=1248 f1far=1893 f2near=1412 f2far=1535
SIPM_ARRIVALS event=655 total=517
SIPM_ADC event=655 readout=1608 f1far=2007 f2near=2087 f2far=1480
SIPM_ARRIVALS event=717 total=511
SIPM_ADC event=717 readout=1985 f1far=2242 f2near=2203 f2far=2109
SIPM_ARRIVALS event=686 total=500
SIPM_ADC event=686 readout=1545 f1far=1346 f2near=1431 f2far=2254
SIPM_ARRIVALS event=964 total=548
SIPM_ADC event=964 readout=2535 f1far=1870 f2near=2277 f2far=2189
SIPM_ARRIVALS event=748 total=524
SIPM_ADC event=748 readout=1683 f1far=2179 f2near=2021 f2far=2173
SIPM_ARRIVALS event=779 total=530
SIPM_ADC event=779 readout=2071 f1far=2058 f2near=1831 f2far=1627
SIPM_ARRIVALS event=810 total=552
SIPM_ADC event=810 readout=2847 f1far=2539 f2near=2810 f2far=1816
SIPM_ARRIVALS event=841 total=542
SIPM_ADC event=841 readout=1814 f1far=1914 f2near=2205 f2far=2540
SIPM_ARRIVALS event=501 total=510
SIPM_ADC event=501 readout=1454 f1far=2201 f2near=2061 f2far=1718
SIPM_ARRIVALS event=625 total=549
SIPM_ADC event=625 readout=2091 f1far=2607 f2near=2172 f2far=1994
SIPM_ARRIVALS event=872 total=528
SIPM_ADC event=872 readout=1460 f1far=1741 f2near=2344 f2far=2164
SIPM_ARRIVALS event=903 total=527
SIPM_ADC event=903 readout=1494 f1far=1984 f2near=1685 f2far=1856
SIPM_ARRIVALS event=594 total=546
SIPM_ADC event=594 readout=2270 f1far=1458 f2near=1721 f2far=2275
SIPM_ARRIVALS event=532 total=575
SIPM_ADC event=532 readout=2713 f1far=2299 f2near=2298 f2far=2729
SIPM_ARRIVALS event=656 total=539
SIPM_ADC event=656 readout=2666 f1far=2076 f2near=1654 f2far=2642
SIPM_ARRIVALS event=934 total=516
SIPM_ADC event=934 readout=2237 f1far=2471 f2near=2168 f2far=1520
SIPM_ARRIVALS event=563 total=526
SIPM_ADC event=563 readout=1577 f1far=2571 f2near=2020 f2far=2242
SIPM_ARRIVALS event=718 total=496
SIPM_ADC event=718 readout=2002 f1far=2095 f2near=1834 f2far=1400
SIPM_ARRIVALS event=687 total=540
SIPM_ADC event=687 readout=1883 f1far=1576 f2near=2759 f2far=2319
SIPM_ARRIVALS event=965 total=521
SIPM_ADC event=965 readout=2473 f1far=2255 f2near=1620 f2far=1647
SIPM_ARRIVALS event=749 total=521
SIPM_ADC event=749 readout=2620 f1far=1703 f2near=2080 f2far=2390
SIPM_ARRIVALS event=811 total=539
SIPM_ADC event=811 readout=3181 f1far=1574 f2near=2404 f2far=2132
SIPM_ARRIVALS event=842 total=522
SIPM_ADC event=842 readout=2416 f1far=1333 f2near=2628 f2far=2052
SIPM_ARRIVALS event=780 total=494
SIPM_ADC event=780 readout=1347 f1far=1949 f2near=2293 f2far=2127
SIPM_ARRIVALS event=502 total=506
SIPM_ADC event=502 readout=3003 f1far=2504 f2near=1930 f2far=1569
SIPM_ARRIVALS event=626 total=483
SIPM_ADC event=626 readout=1918 f1far=1965 f2near=2049 f2far=1976
SIPM_ARRIVALS event=595 total=527
SIPM_ADC event=595 readout=1914 f1far=2264 f2near=2615 f2far=1822
SIPM_ARRIVALS event=904 total=497
SIPM_ADC event=904 readout=1924 f1far=2018 f2near=1662 f2far=1813
SIPM_ARRIVALS event=873 total=515
SIPM_ADC event=873 readout=2443 f1far=1988 f2near=1532 f2far=2460
SIPM_ARRIVALS event=533 total=500
SIPM_ADC event=533 readout=2456 f1far=1649 f2near=2023 f2far=2040
SIPM_ARRIVALS event=935 total=505
SIPM_ADC event=935 readout=2439 f1far=1686 f2near=1898 f2far=1730
SIPM_ARRIVALS event=564 total=501
SIPM_ADC event=564 readout=2517 f1far=2054 f2near=1873 f2far=1940
SIPM_ARRIVALS event=657 total=538
SIPM_ADC event=657 readout=1887 f1far=1550 f2near=2054 f2far=2512
SIPM_ARRIVALS event=719 total=567
SIPM_ADC event=719 readout=2336 f1far=2350 f2near=2571 f2far=2042
SIPM_ARRIVALS event=688 total=555
SIPM_ADC event=688 readout=2306 f1far=1957 f2near=1807 f2far=1715
SIPM_ARRIVALS event=966 total=495
SIPM_ADC event=966 readout=1197 f1far=1851 f2near=1973 f2far=2131
SIPM_ARRIVALS event=750 total=542
SIPM_ADC event=750 readout=2059 f1far=1510 f2near=1656 f2far=2253
SIPM_ARRIVALS event=843 total=488
SIPM_ADC event=843 readout=1673 f1far=1997 f2near=1708 f2far=1689
SIPM_ARRIVALS event=781 total=487
SIPM_ADC event=781 readout=2406 f1far=1717 f2near=1651 f2far=2557
SIPM_ARRIVALS event=503 total=524
SIPM_ADC event=503 readout=2023 f1far=1504 f2near=2356 f2far=2430
SIPM_ARRIVALS event=596 total=530
SIPM_ADC event=596 readout=2378 f1far=2090 f2near=2392 f2far=2377
SIPM_ARRIVALS event=812 total=538
SIPM_ADC event=812 readout=1948 f1far=1794 f2near=2393 f2far=2189
SIPM_ARRIVALS event=874 total=487
SIPM_ADC event=874 readout=1903 f1far=1887 f2near=1442 f2far=1689
SIPM_ARRIVALS event=627 total=544
SIPM_ADC event=627 readout=2487 f1far=2131 f2near=1521 f2far=1856
SIPM_ARRIVALS event=905 total=508
SIPM_ADC event=905 readout=1354 f1far=2297 f2near=2315 f2far=2523
SIPM_ARRIVALS event=534 total=529
SIPM_ADC event=534 readout=2112 f1far=1906 f2near=1721 f2far=2511
SIPM_ARRIVALS event=565 total=517
SIPM_ADC event=565 readout=2061 f1far=2127 f2near=2137 f2far=2498
SIPM_ARRIVALS event=658 total=538
SIPM_ADC event=658 readout=1864 f1far=2468 f2near=1741 f2far=2293
SIPM_ARRIVALS event=936 total=571
SIPM_ADC event=936 readout=2787 f1far=2292 f2near=2204 f2far=2506
SIPM_ARRIVALS event=720 total=539
SIPM_ADC event=720 readout=2529 f1far=2627 f2near=2317 f2far=1952
SIPM_ARRIVALS event=689 total=534
SIPM_ADC event=689 readout=2394 f1far=1850 f2near=1930 f2far=2410
SIPM_ARRIVALS event=967 total=529
SIPM_ADC event=967 readout=1277 f1far=1869 f2near=1782 f2far=2662
SIPM_ARRIVALS event=751 total=528
SIPM_ADC event=751 readout=1742 f1far=2473 f2near=2164 f2far=2789
SIPM_ARRIVALS event=844 total=554
SIPM_ADC event=844 readout=2173 f1far=2345 f2near=1650 f2far=2604
SIPM_ARRIVALS event=782 total=535
SIPM_ADC event=782 readout=1429 f1far=2318 f2near=1973 f2far=2758
SIPM_ARRIVALS event=875 total=494
SIPM_ADC event=875 readout=1707 f1far=2186 f2near=1584 f2far=1895
SIPM_ARRIVALS event=628 total=497
SIPM_ADC event=628 readout=1826 f1far=2753 f2near=1144 f2far=2183
SIPM_ARRIVALS event=597 total=531
SIPM_ADC event=597 readout=2329 f1far=2032 f2near=1785 f2far=2207
SIPM_ARRIVALS event=504 total=522
SIPM_ADC event=504 readout=1773 f1far=2704 f2near=2183 f2far=1942
SIPM_ARRIVALS event=906 total=523
SIPM_ADC event=906 readout=2315 f1far=2376 f2near=1660 f2far=2301
SIPM_ARRIVALS event=813 total=535
SIPM_ADC event=813 readout=1279 f1far=1701 f2near=2236 f2far=2499
SIPM_ARRIVALS event=535 total=555
SIPM_ADC event=535 readout=1785 f1far=2725 f2near=1941 f2far=2204
SIPM_ARRIVALS event=566 total=512
SIPM_ADC event=566 readout=1772 f1far=2239 f2near=1481 f2far=2727
SIPM_ARRIVALS event=937 total=550
SIPM_ADC event=937 readout=2544 f1far=2800 f2near=2649 f2far=2129
SIPM_ARRIVALS event=659 total=523
SIPM_ADC event=659 readout=1888 f1far=2356 f2near=2634 f2far=2076
SIPM_ARRIVALS event=721 total=514
SIPM_ADC event=721 readout=1540 f1far=1739 f2near=1894 f2far=2040
SIPM_ARRIVALS event=690 total=497
SIPM_ADC event=690 readout=2609 f1far=1576 f2near=1961 f2far=2190
SIPM_ARRIVALS event=968 total=518
SIPM_ADC event=968 readout=2577 f1far=2178 f2near=2189 f2far=2241
SIPM_ARRIVALS event=752 total=556
SIPM_ADC event=752 readout=1881 f1far=2284 f2near=2550 f2far=1557
SIPM_ARRIVALS event=876 total=508
SIPM_ADC event=876 readout=1294 f1far=2744 f2near=2043 f2far=2072
SIPM_ARRIVALS event=845 total=491
SIPM_ADC event=845 readout=2411 f1far=1784 f2near=1698 f2far=1664
SIPM_ARRIVALS event=783 total=521
SIPM_ADC event=783 readout=1749 f1far=1506 f2near=2031 f2far=1853
SIPM_ARRIVALS event=598 total=574
SIPM_ADC event=598 readout=2111 f1far=2609 f2near=2191 f2far=2147
SIPM_ARRIVALS event=505 total=517
SIPM_ADC event=505 readout=2021 f1far=2057 f2near=2182 f2far=2376
SIPM_ARRIVALS event=629 total=531
SIPM_ADC event=629 readout=1935 f1far=2066 f2near=2039 f2far=2448
SIPM_ARRIVALS event=814 total=531
SIPM_ADC event=814 readout=1866 f1far=2081 f2near=1625 f2far=2232
SIPM_ARRIVALS event=907 total=525
SIPM_ADC event=907 readout=1868 f1far=1637 f2near=2164 f2far=1453
SIPM_ARRIVALS event=567 total=514
SIPM_ADC event=567 readout=2829 f1far=2444 f2near=2316 f2far=1722
SIPM_ARRIVALS event=691 total=506
SIPM_ADC event=691 readout=1679 f1far=2457 f2near=2155 f2far=1684
SIPM_ARRIVALS event=536 total=538
SIPM_ADC event=536 readout=2216 f1far=2019 f2near=2176 f2far=2192
SIPM_ARRIVALS event=722 total=497
SIPM_ADC event=722 readout=2417 f1far=2127 f2near=2067 f2far=2124
SIPM_ARRIVALS event=938 total=547
SIPM_ADC event=938 readout=2106 f1far=2027 f2near=1773 f2far=2343
SIPM_ARRIVALS event=660 total=547
SIPM_ADC event=660 readout=2099 f1far=1972 f2near=2625 f2far=2348
SIPM_ARRIVALS event=969 total=516
SIPM_ADC event=969 readout=1636 f1far=1811 f2near=2066 f2far=1439
SIPM_ARRIVALS event=784 total=554
SIPM_ADC event=784 readout=1631 f1far=1821 f2near=2221 f2far=2303
SIPM_ARRIVALS event=877 total=517
SIPM_ADC event=877 readout=1736 f1far=2216 f2near=1965 f2far=2557
SIPM_ARRIVALS event=846 total=485
SIPM_ADC event=846 readout=1874 f1far=2011 f2near=1814 f2far=2077
SIPM_ARRIVALS event=753 total=555
SIPM_ADC event=753 readout=2217 f1far=2160 f2near=2250 f2far=2150
SIPM_ARRIVALS event=630 total=528
SIPM_ADC event=630 readout=2362 f1far=2267 f2near=2033 f2far=2041
SIPM_ARRIVALS event=506 total=528
SIPM_ADC event=506 readout=1785 f1far=1469 f2near=1614 f2far=1970
SIPM_ARRIVALS event=908 total=505
SIPM_ADC event=908 readout=1429 f1far=2256 f2near=1763 f2far=1723
SIPM_ARRIVALS event=599 total=560
SIPM_ADC event=599 readout=2400 f1far=2578 f2near=2901 f2far=2154
SIPM_ARRIVALS event=815 total=533
SIPM_ADC event=815 readout=2370 f1far=2398 f2near=2243 f2far=1892
SIPM_ARRIVALS event=568 total=505
SIPM_ADC event=568 readout=1300 f1far=1893 f2near=1933 f2far=2189
SIPM_ARRIVALS event=537 total=530
SIPM_ADC event=537 readout=2080 f1far=2388 f2near=2178 f2far=2020
SIPM_ARRIVALS event=692 total=510
SIPM_ADC event=692 readout=2303 f1far=1829 f2near=2028 f2far=1814
SIPM_ARRIVALS event=661 total=517
SIPM_ADC event=661 readout=1982 f1far=2032 f2near=2053 f2far=1749
SIPM_ARRIVALS event=939 total=547
SIPM_ADC event=939 readout=1906 f1far=1598 f2near=2438 f2far=2461
SIPM_ARRIVALS event=723 total=545
SIPM_ADC event=723 readout=2245 f1far=2222 f2near=2300 f2far=2382
SIPM_ARRIVALS event=970 total=560
SIPM_ADC event=970 readout=1550 f1far=1997 f2near=1849 f2far=2332
SIPM_ARRIVALS event=785 total=521
SIPM_ADC event=785 readout=2201 f1far=2023 f2near=2072 f2far=1680
SIPM_ARRIVALS event=754 total=513
SIPM_ADC event=754 readout=2478 f1far=2208 f2near=2220 f2far=2423
SIPM_ARRIVALS event=878 total=530
SIPM_ADC event=878 readout=2031 f1far=1820 f2near=2054 f2far=2667
SIPM_ARRIVALS event=631 total=528
SIPM_ADC event=631 readout=2461 f1far=2112 f2near=2523 f2far=1997
SIPM_ARRIVALS event=847 total=516
SIPM_ADC event=847 readout=2599 f1far=1966 f2near=1942 f2far=1619
SIPM_ARRIVALS event=507 total=555
SIPM_ADC event=507 readout=2264 f1far=2480 f2near=2072 f2far=2153
SIPM_ARRIVALS event=909 total=506
SIPM_ADC event=909 readout=2131 f1far=2606 f2near=2098 f2far=1454
SIPM_ARRIVALS event=816 total=486
SIPM_ADC event=816 readout=1838 f1far=2313 f2near=2101 f2far=1376
SIPM_ARRIVALS event=600 total=546
SIPM_ADC event=600 readout=2334 f1far=1931 f2near=2392 f2far=1573
SIPM_ARRIVALS event=569 total=505
SIPM_ADC event=569 readout=1964 f1far=2529 f2near=2228 f2far=1666
SIPM_ARRIVALS event=538 total=547
SIPM_ADC event=538 readout=2125 f1far=1935 f2near=2033 f2far=2160
SIPM_ARRIVALS event=693 total=505
SIPM_ADC event=693 readout=2682 f1far=1624 f2near=2344 f2far=1815
SIPM_ARRIVALS event=662 total=523
SIPM_ADC event=662 readout=2294 f1far=1952 f2near=2133 f2far=1711
SIPM_ARRIVALS event=724 total=527
SIPM_ADC event=724 readout=1940 f1far=1785 f2near=2250 f2far=2397
SIPM_ARRIVALS event=940 total=554
SIPM_ADC event=940 readout=2325 f1far=1940 f2near=1901 f2far=1994
SIPM_ARRIVALS event=971 total=539
SIPM_ADC event=971 readout=1725 f1far=2276 f2near=2229 f2far=2618
SIPM_ARRIVALS event=755 total=545
SIPM_ADC event=755 readout=2074 f1far=2682 f2near=1998 f2far=1490
SIPM_ARRIVALS event=879 total=556
SIPM_ADC event=879 readout=3029 f1far=2482 f2near=1823 f2far=3002
SIPM_ARRIVALS event=848 total=501
SIPM_ADC event=848 readout=2182 f1far=2270 f2near=2272 f2far=2591
SIPM_ARRIVALS event=786 total=511
SIPM_ADC event=786 readout=2140 f1far=2102 f2near=2937 f2far=1964
SIPM_ARRIVALS event=632 total=524
SIPM_ADC event=632 readout=1724 f1far=1406 f2near=1728 f2far=2567
SIPM_ARRIVALS event=508 total=502
SIPM_ADC event=508 readout=1981 f1far=1460 f2near=2058 f2far=2969
SIPM_ARRIVALS event=910 total=543
SIPM_ADC event=910 readout=2241 f1far=2359 f2near=1910 f2far=1881
SIPM_ARRIVALS event=817 total=487
SIPM_ADC event=817 readout=1762 f1far=1383 f2near=1473 f2far=3244
SIPM_ARRIVALS event=601 total=530
SIPM_ADC event=601 readout=1927 f1far=1367 f2near=2025 f2far=2329
SIPM_ARRIVALS event=570 total=520
SIPM_ADC event=570 readout=1864 f1far=2029 f2near=2195 f2far=2110
SIPM_ARRIVALS event=539 total=525
SIPM_ADC event=539 readout=1900 f1far=1421 f2near=1670 f2far=1793
SIPM_ARRIVALS event=663 total=564
SIPM_ADC event=663 readout=1865 f1far=2402 f2near=2046 f2far=1965
SIPM_ARRIVALS event=694 total=537
SIPM_ADC event=694 readout=1856 f1far=1985 f2near=2079 f2far=1726
SIPM_ARRIVALS event=725 total=514
SIPM_ADC event=725 readout=2357 f1far=1608 f2near=2088 f2far=2385
SIPM_ARRIVALS event=941 total=538
SIPM_ADC event=941 readout=2286 f1far=1646 f2near=1793 f2far=1702
SIPM_ARRIVALS event=972 total=561
SIPM_ADC event=972 readout=2540 f1far=1635 f2near=2043 f2far=2141
SIPM_ARRIVALS event=849 total=505
SIPM_ADC event=849 readout=1839 f1far=2260 f2near=1885 f2far=2754
SIPM_ARRIVALS event=880 total=540
SIPM_ADC event=880 readout=2293 f1far=2074 f2near=1956 f2far=1923
SIPM_ARRIVALS event=756 total=533
SIPM_ADC event=756 readout=2075 f1far=1768 f2near=2219 f2far=1814
SIPM_ARRIVALS event=787 total=490
SIPM_ADC event=787 readout=1909 f1far=1946 f2near=1079 f2far=2133
SIPM_ARRIVALS event=633 total=514
SIPM_ADC event=633 readout=2035 f1far=2267 f2near=1249 f2far=1822
SIPM_ARRIVALS event=509 total=545
SIPM_ADC event=509 readout=2099 f1far=2218 f2near=1692 f2far=2655
SIPM_ARRIVALS event=911 total=513
SIPM_ADC event=911 readout=1536 f1far=2398 f2near=1528 f2far=1555
SIPM_ARRIVALS event=818 total=463
SIPM_ADC event=818 readout=2287 f1far=2002 f2near=1977 f2far=2572
SIPM_ARRIVALS event=571 total=525
SIPM_ADC event=571 readout=1538 f1far=2106 f2near=1928 f2far=1790
SIPM_ARRIVALS event=602 total=536
SIPM_ADC event=602 readout=1786 f1far=1635 f2near=1828 f2far=2072
SIPM_ARRIVALS event=664 total=529
SIPM_ADC event=664 readout=1444 f1far=2400 f2near=1389 f2far=2233
SIPM_ARRIVALS event=540 total=510
SIPM_ADC event=540 readout=2270 f1far=1725 f2near=2825 f2far=1637
SIPM_ARRIVALS event=695 total=524
SIPM_ADC event=695 readout=2047 f1far=2097 f2near=2007 f2far=1710
SIPM_ARRIVALS event=726 total=497
SIPM_ADC event=726 readout=2365 f1far=2194 f2near=1664 f2far=2690
SIPM_ARRIVALS event=942 total=515
SIPM_ADC event=942 readout=1774 f1far=2503 f2near=2445 f2far=1581
SIPM_ARRIVALS event=973 total=497
SIPM_ADC event=973 readout=2227 f1far=1404 f2near=2204 f2far=1464
SIPM_ARRIVALS event=757 total=482
SIPM_ADC event=757 readout=1937 f1far=1438 f2near=2166 f2far=1933
SIPM_ARRIVALS event=881 total=499
SIPM_ADC event=881 readout=2550 f1far=3078 f2near=1983 f2far=1651
SIPM_ARRIVALS event=634 total=535
SIPM_ADC event=634 readout=2994 f1far=1878 f2near=1638 f2far=2465
SIPM_ARRIVALS event=850 total=522
SIPM_ADC event=850 readout=2534 f1far=1722 f2near=1996 f2far=2113
SIPM_ARRIVALS event=788 total=529
SIPM_ADC event=788 readout=2221 f1far=1904 f2near=1991 f2far=1755
SIPM_ARRIVALS event=510 total=509
SIPM_ADC event=510 readout=2157 f1far=1643 f2near=1820 f2far=2748
SIPM_ARRIVALS event=912 total=522
SIPM_ADC event=912 readout=1737 f1far=1992 f2near=2382 f2far=1700
SIPM_ARRIVALS event=819 total=501
SIPM_ADC event=819 readout=2210 f1far=2507 f2near=1835 f2far=1790
SIPM_ARRIVALS event=603 total=527
SIPM_ADC event=603 readout=2297 f1far=2145 f2near=2600 f2far=2320
SIPM_ARRIVALS event=665 total=533
SIPM_ADC event=665 readout=2639 f1far=1887 f2near=2629 f2far=1346
SIPM_ARRIVALS event=572 total=529
SIPM_ADC event=572 readout=2330 f1far=1995 f2near=2808 f2far=1386
SIPM_ARRIVALS event=696 total=522
SIPM_ADC event=696 readout=1368 f1far=2959 f2near=2214 f2far=2152
SIPM_ARRIVALS event=541 total=492
SIPM_ADC event=541 readout=2345 f1far=2085 f2near=1589 f2far=2000
SIPM_ARRIVALS event=727 total=564
SIPM_ADC event=727 readout=1884 f1far=2074 f2near=2591 f2far=2047
SIPM_ARRIVALS event=974 total=533
SIPM_ADC event=974 readout=2208 f1far=2041 f2near=1831 f2far=2624
SIPM_ARRIVALS event=943 total=491
SIPM_ADC event=943 readout=1506 f1far=2108 f2near=1342 f2far=2055
SIPM_ARRIVALS event=758 total=514
SIPM_ADC event=758 readout=2070 f1far=2514 f2near=1678 f2far=1447
SIPM_ARRIVALS event=882 total=514
SIPM_ADC event=882 readout=1363 f1far=1279 f2near=2419 f2far=1958
SIPM_ARRIVALS event=635 total=542
SIPM_ADC event=635 readout=2426 f1far=1958 f2near=1914 f2far=1975
SIPM_ARRIVALS event=511 total=536
SIPM_ADC event=511 readout=2148 f1far=1671 f2near=1606 f2far=2977
SIPM_ARRIVALS event=820 total=602
SIPM_ADC event=820 readout=2210 f1far=2492 f2near=2328 f2far=2147
SIPM_ARRIVALS event=913 total=557
SIPM_ADC event=913 readout=2628 f1far=1794 f2near=2182 f2far=1511
SIPM_ARRIVALS event=851 total=551
SIPM_ADC event=851 readout=1495 f1far=2236 f2near=3107 f2far=1955
SIPM_ARRIVALS event=604 total=487
SIPM_ADC event=604 readout=1625 f1far=2137 f2near=1979 f2far=1817
SIPM_ARRIVALS event=789 total=538
SIPM_ADC event=789 readout=2225 f1far=1434 f2near=2170 f2far=2300
SIPM_ARRIVALS event=666 total=545
SIPM_ADC event=666 readout=1804 f1far=1414 f2near=2606 f2far=2122
SIPM_ARRIVALS event=697 total=490
SIPM_ADC event=697 readout=2720 f1far=1605 f2near=1980 f2far=1699
SIPM_ARRIVALS event=573 total=532
SIPM_ADC event=573 readout=2047 f1far=1822 f2near=1809 f2far=2029
SIPM_ARRIVALS event=542 total=532
SIPM_ADC event=542 readout=1700 f1far=2190 f2near=1379 f2far=2062
SIPM_ARRIVALS event=728 total=490
SIPM_ADC event=728 readout=1563 f1far=1646 f2near=2387 f2far=2149
SIPM_ARRIVALS event=975 total=522
SIPM_ADC event=975 readout=1898 f1far=2017 f2near=1551 f2far=2361
SIPM_ARRIVALS event=944 total=576
SIPM_ADC event=944 readout=2079 f1far=2573 f2near=2402 f2far=1919
SIPM_ARRIVALS event=883 total=517
SIPM_ADC event=883 readout=2155 f1far=1923 f2near=2921 f2far=1712
SIPM_ARRIVALS event=759 total=507
SIPM_ADC event=759 readout=1914 f1far=1866 f2near=1613 f2far=1990
SIPM_ARRIVALS event=636 total=536
SIPM_ADC event=636 readout=2208 f1far=1751 f2near=2154 f2far=2398
SIPM_ARRIVALS event=914 total=479
SIPM_ADC event=914 readout=1666 f1far=2202 f2near=1540 f2far=2223
SIPM_ARRIVALS event=605 total=536
SIPM_ADC event=605 readout=2687 f1far=1940 f2near=2051 f2far=2428
SIPM_ARRIVALS event=512 total=549
SIPM_ADC event=512 readout=2259 f1far=1708 f2near=2585 f2far=1607
SIPM_ARRIVALS event=821 total=540
SIPM_ADC event=821 readout=2566 f1far=3001 f2near=1773 f2far=1902
SIPM_ARRIVALS event=852 total=550
SIPM_ADC event=852 readout=2733 f1far=2036 f2near=1842 f2far=2137
SIPM_ARRIVALS event=790 total=514
SIPM_ADC event=790 readout=1906 f1far=2255 f2near=1462 f2far=1433
SIPM_ARRIVALS event=543 total=478
SIPM_ADC event=543 readout=1773 f1far=1937 f2near=2321 f2far=1811
SIPM_ARRIVALS event=667 total=524
SIPM_ADC event=667 readout=2035 f1far=2594 f2near=1960 f2far=1472
SIPM_ARRIVALS event=698 total=529
SIPM_ADC event=698 readout=2611 f1far=2783 f2near=1337 f2far=1960
SIPM_ARRIVALS event=574 total=529
SIPM_ADC event=574 readout=2038 f1far=1981 f2near=2460 f2far=2377
SIPM_ARRIVALS event=729 total=555
SIPM_ADC event=729 readout=2119 f1far=2659 f2near=2495 f2far=2375
SIPM_ARRIVALS event=976 total=579
SIPM_ADC event=976 readout=2435 f1far=1890 f2near=2306 f2far=2877
SIPM_ARRIVALS event=945 total=536
SIPM_ADC event=945 readout=1513 f1far=2662 f2near=1562 f2far=1745
SIPM_ARRIVALS event=637 total=535
SIPM_ADC event=637 readout=2511 f1far=2007 f2near=2539 f2far=1687
SIPM_ARRIVALS event=884 total=546
SIPM_ADC event=884 readout=1467 f1far=2093 f2near=1653 f2far=2408
SIPM_ARRIVALS event=760 total=533
SIPM_ADC event=760 readout=2147 f1far=1900 f2near=1961 f2far=2012
SIPM_ARRIVALS event=606 total=532
SIPM_ADC event=606 readout=2171 f1far=3457 f2near=1943 f2far=2328
SIPM_ARRIVALS event=513 total=486
SIPM_ADC event=513 readout=1459 f1far=1600 f2near=2101 f2far=1436
SIPM_ARRIVALS event=915 total=543
SIPM_ADC event=915 readout=1659 f1far=1725 f2near=1889 f2far=1679
SIPM_ARRIVALS event=853 total=532
SIPM_ADC event=853 readout=2237 f1far=1211 f2near=2374 f2far=1987
SIPM_ARRIVALS event=544 total=547
SIPM_ADC event=544 readout=2036 f1far=1998 f2near=2248 f2far=2417
SIPM_ARRIVALS event=791 total=490
SIPM_ADC event=791 readout=1123 f1far=2182 f2near=1664 f2far=2146
SIPM_ARRIVALS event=699 total=526
SIPM_ADC event=699 readout=1853 f1far=2251 f2near=2048 f2far=2267
SIPM_ARRIVALS event=822 total=509
SIPM_ADC event=822 readout=1792 f1far=2096 f2near=2464 f2far=1783
SIPM_ARRIVALS event=575 total=474
SIPM_ADC event=575 readout=1892 f1far=2390 f2near=1461 f2far=1674
SIPM_ARRIVALS event=668 total=562
SIPM_ADC event=668 readout=3172 f1far=1926 f2near=2214 f2far=2135
SIPM_ARRIVALS event=730 total=480
SIPM_ADC event=730 readout=1819 f1far=2750 f2near=2016 f2far=1475
SIPM_ARRIVALS event=977 total=499
SIPM_ADC event=977 readout=2391 f1far=1878 f2near=1539 f2far=2211
SIPM_ARRIVALS event=946 total=503
SIPM_ADC event=946 readout=2368 f1far=1534 f2near=2698 f2far=1367
SIPM_ARRIVALS event=638 total=537
SIPM_ADC event=638 readout=1903 f1far=2611 f2near=2028 f2far=1913
SIPM_ARRIVALS event=885 total=539
SIPM_ADC event=885 readout=2545 f1far=1929 f2near=2056 f2far=1438
SIPM_ARRIVALS event=761 total=551
SIPM_ADC event=761 readout=2326 f1far=1757 f2near=2212 f2far=1472
SIPM_ARRIVALS event=607 total=534
SIPM_ADC event=607 readout=1734 f1far=2807 f2near=1837 f2far=2489
SIPM_ARRIVALS event=514 total=518
SIPM_ADC event=514 readout=2560 f1far=2086 f2near=1952 f2far=2401
SIPM_ARRIVALS event=792 total=475
SIPM_ADC event=792 readout=2182 f1far=1710 f2near=1875 f2far=1803
SIPM_ARRIVALS event=700 total=530
SIPM_ADC event=700 readout=2344 f1far=2846 f2near=2107 f2far=1410
SIPM_ARRIVALS event=916 total=525
SIPM_ADC event=916 readout=1272 f1far=1914 f2near=1941 f2far=1713
SIPM_ARRIVALS event=545 total=525
SIPM_ADC event=545 readout=2473 f1far=1924 f2near=2284 f2far=2084
SIPM_ARRIVALS event=669 total=521
SIPM_ADC event=669 readout=1550 f1far=1438 f2near=2084 f2far=1889
SIPM_ARRIVALS event=823 total=464
SIPM_ADC event=823 readout=1979 f1far=794 f2near=1217 f2far=2695
SIPM_ARRIVALS event=854 total=505
SIPM_ADC event=854 readout=1872 f1far=1784 f2near=1643 f2far=1716
SIPM_ARRIVALS event=731 total=514
SIPM_ADC event=731 readout=2435 f1far=1818 f2near=2384 f2far=1644
SIPM_ARRIVALS event=576 total=544
SIPM_ADC event=576 readout=2598 f1far=1952 f2near=1778 f2far=1789
SIPM_ARRIVALS event=978 total=520
SIPM_ADC event=978 readout=2008 f1far=2966 f2near=1204 f2far=1581
SIPM_ARRIVALS event=947 total=484
SIPM_ADC event=947 readout=2398 f1far=1789 f2near=1670 f2far=2408
SIPM_ARRIVALS event=639 total=524
SIPM_ADC event=639 readout=2044 f1far=2435 f2near=1826 f2far=2367
SIPM_ARRIVALS event=762 total=507
SIPM_ADC event=762 readout=1677 f1far=2075 f2near=3183 f2far=2330
SIPM_ARRIVALS event=886 total=537
SIPM_ADC event=886 readout=1946 f1far=1333 f2near=2155 f2far=2201
SIPM_ARRIVALS event=515 total=539
SIPM_ADC event=515 readout=2418 f1far=2491 f2near=1994 f2far=1810
SIPM_ARRIVALS event=701 total=512
SIPM_ADC event=701 readout=1949 f1far=1909 f2near=2129 f2far=1815
SIPM_ARRIVALS event=608 total=554
SIPM_ADC event=608 readout=2266 f1far=2067 f2near=1827 f2far=1683
SIPM_ARRIVALS event=546 total=555
SIPM_ADC event=546 readout=2208 f1far=1857 f2near=1878 f2far=1896
SIPM_ARRIVALS event=793 total=502
SIPM_ADC event=793 readout=1780 f1far=2099 f2near=2161 f2far=1722
SIPM_ARRIVALS event=855 total=450
SIPM_ADC event=855 readout=1872 f1far=2169 f2near=1248 f2far=2141
SIPM_ARRIVALS event=917 total=531
SIPM_ADC event=917 readout=1759 f1far=1656 f2near=2608 f2far=2208
SIPM_ARRIVALS event=732 total=532
SIPM_ADC event=732 readout=1565 f1far=2450 f2near=3046 f2far=2082
SIPM_ARRIVALS event=670 total=498
SIPM_ADC event=670 readout=1961 f1far=2348 f2near=1696 f2far=1857
SIPM_ARRIVALS event=824 total=532
SIPM_ADC event=824 readout=2421 f1far=2199 f2near=2606 f2far=1875
SIPM_ARRIVALS event=577 total=541
SIPM_ADC event=577 readout=2577 f1far=2618 f2near=2314 f2far=2014
SIPM_ARRIVALS event=979 total=489
SIPM_ADC event=979 readout=1744 f1far=2024 f2near=2281 f2far=1413
SIPM_ARRIVALS event=948 total=526
SIPM_ADC event=948 readout=1824 f1far=1636 f2near=2795 f2far=2256
SIPM_ARRIVALS event=640 total=517
SIPM_ADC event=640 readout=1305 f1far=2045 f2near=1974 f2far=2191
SIPM_ARRIVALS event=763 total=537
SIPM_ADC event=763 readout=1640 f1far=1864 f2near=1703 f2far=2301
SIPM_ARRIVALS event=702 total=524
SIPM_ADC event=702 readout=2002 f1far=2275 f2near=2210 f2far=2668
SIPM_ARRIVALS event=516 total=541
SIPM_ADC event=516 readout=2044 f1far=1624 f2near=2411 f2far=2077
SIPM_ARRIVALS event=547 total=489
SIPM_ADC event=547 readout=1940 f1far=1597 f2near=2107 f2far=2340
SIPM_ARRIVALS event=609 total=512
SIPM_ADC event=609 readout=1883 f1far=1705 f2near=2003 f2far=2153
SIPM_ARRIVALS event=794 total=521
SIPM_ADC event=794 readout=1588 f1far=2194 f2near=2008 f2far=2322
SIPM_ARRIVALS event=887 total=572
SIPM_ADC event=887 readout=2055 f1far=2223 f2near=2809 f2far=1892
SIPM_ARRIVALS event=671 total=541
SIPM_ADC event=671 readout=2121 f1far=2557 f2near=2342 f2far=1680
SIPM_ARRIVALS event=856 total=473
SIPM_ADC event=856 readout=1550 f1far=1856 f2near=2261 f2far=1466
SIPM_ARRIVALS event=733 total=536
SIPM_ADC event=733 readout=1991 f1far=2192 f2near=1354 f2far=1907
SIPM_ARRIVALS event=825 total=531
SIPM_ADC event=825 readout=1884 f1far=1807 f2near=2082 f2far=2080
SIPM_ARRIVALS event=918 total=538
SIPM_ADC event=918 readout=1393 f1far=2633 f2near=1900 f2far=2698
SIPM_ARRIVALS event=578 total=491
SIPM_ADC event=578 readout=1431 f1far=1969 f2near=2358 f2far=1953
SIPM_ARRIVALS event=641 total=517
SIPM_ADC event=641 readout=1829 f1far=1866 f2near=1779 f2far=1434
SIPM_ARRIVALS event=949 total=518
SIPM_ADC event=949 readout=2242 f1far=2336 f2near=2070 f2far=2515
SIPM_ARRIVALS event=980 total=512
SIPM_ADC event=980 readout=2210 f1far=1939 f2near=2222 f2far=1854
SIPM_ARRIVALS event=703 total=544
SIPM_ADC event=703 readout=2322 f1far=1945 f2near=1477 f2far=2623
SIPM_ARRIVALS event=764 total=530
SIPM_ADC event=764 readout=2437 f1far=1845 f2near=1503 f2far=2421
SIPM_ARRIVALS event=517 total=513
SIPM_ADC event=517 readout=1323 f1far=1820 f2near=2116 f2far=2350
SIPM_ARRIVALS event=610 total=505
SIPM_ADC event=610 readout=2794 f1far=2306 f2near=2665 f2far=2033
SIPM_ARRIVALS event=548 total=534
SIPM_ADC event=548 readout=1986 f1far=2350 f2near=1523 f2far=2253
SIPM_ARRIVALS event=795 total=522
SIPM_ADC event=795 readout=2203 f1far=1787 f2near=2323 f2far=1375
SIPM_ARRIVALS event=672 total=538
SIPM_ADC event=672 readout=2121 f1far=1823 f2near=1966 f2far=2434
SIPM_ARRIVALS event=888 total=549
SIPM_ADC event=888 readout=1732 f1far=1700 f2near=1341 f2far=2214
SIPM_ARRIVALS event=734 total=508
SIPM_ADC event=734 readout=1965 f1far=2135 f2near=1340 f2far=2043
SIPM_ARRIVALS event=919 total=502
SIPM_ADC event=919 readout=1574 f1far=1638 f2near=2404 f2far=2360
SIPM_ARRIVALS event=857 total=517
SIPM_ADC event=857 readout=2271 f1far=2069 f2near=2200 f2far=1766
SIPM_ARRIVALS event=579 total=490
SIPM_ADC event=579 readout=1743 f1far=1799 f2near=2008 f2far=2411
SIPM_ARRIVALS event=826 total=548
SIPM_ADC event=826 readout=1777 f1far=1811 f2near=2221 f2far=1791
SIPM_ARRIVALS event=642 total=556
SIPM_ADC event=642 readout=2413 f1far=1862 f2near=2286 f2far=2423
SIPM_ARRIVALS event=981 total=515
SIPM_ADC event=981 readout=1715 f1far=2052 f2near=1889 f2far=2238
SIPM_ARRIVALS event=950 total=525
SIPM_ADC event=950 readout=1711 f1far=1919 f2near=1698 f2far=2091
SIPM_ARRIVALS event=518 total=517
SIPM_ADC event=518 readout=1910 f1far=2084 f2near=3045 f2far=2174
SIPM_ARRIVALS event=704 total=543
SIPM_ADC event=704 readout=2441 f1far=2259 f2near=2489 f2far=1998
SIPM_ARRIVALS event=611 total=535
SIPM_ADC event=611 readout=1703 f1far=2405 f2near=2181 f2far=3131
SIPM_ARRIVALS event=765 total=518
SIPM_ADC event=765 readout=2216 f1far=1836 f2near=1747 f2far=1930
SIPM_ARRIVALS event=549 total=523
SIPM_ADC event=549 readout=1536 f1far=2349 f2near=2244 f2far=1894
SIPM_ARRIVALS event=796 total=521
SIPM_ADC event=796 readout=2759 f1far=1852 f2near=2007 f2far=1587
SIPM_ARRIVALS event=673 total=549
SIPM_ADC event=673 readout=1983 f1far=1846 f2near=2460 f2far=1527
SIPM_ARRIVALS event=889 total=530
SIPM_ADC event=889 readout=2273 f1far=1992 f2near=2434 f2far=1755
SIPM_ARRIVALS event=735 total=507
SIPM_ADC event=735 readout=1735 f1far=1912 f2near=2415 f2far=2441
SIPM_ARRIVALS event=858 total=532
SIPM_ADC event=858 readout=1541 f1far=2102 f2near=1879 f2far=2242
SIPM_ARRIVALS event=920 total=544
SIPM_ADC event=920 readout=2386 f1far=2982 f2near=2039 f2far=2274
SIPM_ARRIVALS event=580 total=517
SIPM_ADC event=580 readout=2279 f1far=1244 f2near=1832 f2far=1653
SIPM_ARRIVALS event=827 total=545
SIPM_ADC event=827 readout=2490 f1far=2241 f2near=2095 f2far=2253
SIPM_ARRIVALS event=643 total=524
SIPM_ADC event=643 readout=2415 f1far=1758 f2near=2894 f2far=2159
SIPM_ARRIVALS event=951 total=488
SIPM_ADC event=951 readout=1261 f1far=1929 f2near=1414 f2far=2170
SIPM_ARRIVALS event=982 total=531
SIPM_ADC event=982 readout=1556 f1far=2368 f2near=1681 f2far=2641
SIPM_ARRIVALS event=519 total=513
SIPM_ADC event=519 readout=2192 f1far=2313 f2near=1967 f2far=1808
SIPM_ARRIVALS event=766 total=528
SIPM_ADC event=766 readout=1859 f1far=2686 f2near=2247 f2far=2478
SIPM_ARRIVALS event=705 total=556
SIPM_ADC event=705 readout=2885 f1far=2013 f2near=2416 f2far=1957
SIPM_ARRIVALS event=550 total=504
SIPM_ADC event=550 readout=1439 f1far=2044 f2near=2308 f2far=1250
SIPM_ARRIVALS event=612 total=510
SIPM_ADC event=612 readout=1369 f1far=1120 f2near=1803 f2far=2389
SIPM_ARRIVALS event=674 total=472
SIPM_ADC event=674 readout=1626 f1far=1972 f2near=1486 f2far=1988
SIPM_ARRIVALS event=736 total=514
SIPM_ADC event=736 readout=1624 f1far=2140 f2near=2322 f2far=2168
SIPM_ARRIVALS event=581 total=501
SIPM_ADC event=581 readout=1730 f1far=1871 f2near=1536 f2far=1719
SIPM_ARRIVALS event=797 total=546
SIPM_ADC event=797 readout=2354 f1far=1812 f2near=1692 f2far=2882
SIPM_ARRIVALS event=890 total=524
SIPM_ADC event=890 readout=1388 f1far=1849 f2near=1865 f2far=2177
SIPM_ARRIVALS event=859 total=557
SIPM_ADC event=859 readout=1991 f1far=1577 f2near=2493 f2far=1819
SIPM_ARRIVALS event=921 total=529
SIPM_ADC event=921 readout=1665 f1far=2070 f2near=1923 f2far=2668
SIPM_ARRIVALS event=828 total=488
SIPM_ADC event=828 readout=2007 f1far=2174 f2near=2263 f2far=1598
SIPM_ARRIVALS event=644 total=507
SIPM_ADC event=644 readout=2958 f1far=1950 f2near=1724 f2far=1484
SIPM_ARRIVALS event=983 total=521
SIPM_ADC event=983 readout=2046 f1far=2151 f2near=1658 f2far=2328
SIPM_ARRIVALS event=952 total=518
SIPM_ADC event=952 readout=2090 f1far=2177 f2near=2322 f2far=1850
SIPM_ARRIVALS event=520 total=540
SIPM_ADC event=520 readout=2121 f1far=1409 f2near=2260 f2far=2083
SIPM_ARRIVALS event=706 total=522
SIPM_ADC event=706 readout=1578 f1far=1460 f2near=2065 f2far=1310
SIPM_ARRIVALS event=551 total=561
SIPM_ADC event=551 readout=2580 f1far=2076 f2near=2335 f2far=2034
SIPM_ARRIVALS event=767 total=532
SIPM_ADC event=767 readout=1720 f1far=2555 f2near=2172 f2far=1778
SIPM_ARRIVALS event=737 total=538
SIPM_ADC event=737 readout=2118 f1far=1665 f2near=2011 f2far=1741
SIPM_ARRIVALS event=613 total=550
SIPM_ADC event=613 readout=2781 f1far=2219 f2near=2091 f2far=2131
SIPM_ARRIVALS event=675 total=508
SIPM_ADC event=675 readout=2061 f1far=2030 f2near=2261 f2far=1322
SIPM_ARRIVALS event=582 total=507
SIPM_ADC event=582 readout=2020 f1far=2152 f2near=2700 f2far=1614
SIPM_ARRIVALS event=798 total=530
SIPM_ADC event=798 readout=1804 f1far=2392 f2near=2278 f2far=1775
SIPM_ARRIVALS event=891 total=540
SIPM_ADC event=891 readout=2565 f1far=1983 f2near=2126 f2far=2023
SIPM_ARRIVALS event=922 total=544
SIPM_ADC event=922 readout=2590 f1far=2050 f2near=2056 f2far=1220
SIPM_ARRIVALS event=860 total=556
SIPM_ADC event=860 readout=2607 f1far=2209 f2near=2129 f2far=2280
SIPM_ARRIVALS event=829 total=509
SIPM_ADC event=829 readout=2562 f1far=2144 f2near=1700 f2far=2226
SIPM_ARRIVALS event=984 total=574
SIPM_ADC event=984 readout=2262 f1far=1732 f2near=2233 f2far=2297
SIPM_ARRIVALS event=645 total=511
SIPM_ADC event=645 readout=1893 f1far=1718 f2near=1645 f2far=2580
SIPM_ARRIVALS event=953 total=493
SIPM_ADC event=953 readout=1614 f1far=2317 f2near=1494 f2far=2107
SIPM_ARRIVALS event=521 total=533
SIPM_ADC event=521 readout=2241 f1far=2353 f2near=2135 f2far=1695
SIPM_ARRIVALS event=552 total=508
SIPM_ADC event=552 readout=1676 f1far=2115 f2near=2113 f2far=1697
SIPM_ARRIVALS event=707 total=501
SIPM_ADC event=707 readout=2329 f1far=1892 f2near=2077 f2far=1574
SIPM_ARRIVALS event=738 total=565
SIPM_ADC event=738 readout=2411 f1far=1694 f2near=2658 f2far=1870
SIPM_ARRIVALS event=614 total=525
SIPM_ADC event=614 readout=2396 f1far=2168 f2near=1939 f2far=2164
SIPM_ARRIVALS event=768 total=538
SIPM_ADC event=768 readout=2192 f1far=2098 f2near=2168 f2far=1814
SIPM_ARRIVALS event=676 total=501
SIPM_ADC event=676 readout=1600 f1far=1755 f2near=2143 f2far=1954
SIPM_ARRIVALS event=583 total=534
SIPM_ADC event=583 readout=2061 f1far=1944 f2near=2242 f2far=2089
SIPM_ARRIVALS event=799 total=503
SIPM_ADC event=799 readout=1851 f1far=1731 f2near=2850 f2far=1914
SIPM_ARRIVALS event=892 total=516
SIPM_ADC event=892 readout=1762 f1far=2433 f2near=1908 f2far=1953
SIPM_ARRIVALS event=923 total=477
SIPM_ADC event=923 readout=1495 f1far=1472 f2near=2650 f2far=2065
SIPM_ARRIVALS event=861 total=533
SIPM_ADC event=861 readout=2449 f1far=2118 f2near=1683 f2far=2048
SIPM_ARRIVALS event=830 total=592
SIPM_ADC event=830 readout=2152 f1far=2021 f2near=2287 f2far=2442
SIPM_ARRIVALS event=985 total=477
SIPM_ADC event=985 readout=1579 f1far=2236 f2near=1803 f2far=1763
SIPM_ARRIVALS event=646 total=528
SIPM_ADC event=646 readout=2252 f1far=2164 f2near=2203 f2far=2175
SIPM_ARRIVALS event=522 total=492
SIPM_ADC event=522 readout=2059 f1far=2103 f2near=2009 f2far=2303
SIPM_ARRIVALS event=954 total=522
SIPM_ADC event=954 readout=2055 f1far=1910 f2near=2469 f2far=1686
SIPM_ARRIVALS event=708 total=533
SIPM_ADC event=708 readout=2181 f1far=1865 f2near=1856 f2far=2818
SIPM_ARRIVALS event=553 total=513
SIPM_ADC event=553 readout=2001 f1far=2464 f2near=1958 f2far=2175
SIPM_ARRIVALS event=739 total=525
SIPM_ADC event=739 readout=1984 f1far=2269 f2near=2263 f2far=2169
SIPM_ARRIVALS event=615 total=521
SIPM_ADC event=615 readout=2428 f1far=2003 f2near=1821 f2far=2258
SIPM_ARRIVALS event=769 total=534
SIPM_ADC event=769 readout=2337 f1far=1611 f2near=2743 f2far=1779
SIPM_ARRIVALS event=584 total=504
SIPM_ADC event=584 readout=2325 f1far=1768 f2near=2378 f2far=2162
SIPM_ARRIVALS event=677 total=486
SIPM_ADC event=677 readout=1556 f1far=2454 f2near=2750 f2far=1866
SIPM_ARRIVALS event=893 total=494
SIPM_ADC event=893 readout=2588 f1far=1388 f2near=2279 f2far=1737
SIPM_ARRIVALS event=800 total=505
SIPM_ADC event=800 readout=2122 f1far=1823 f2near=1943 f2far=2102
SIPM_ARRIVALS event=924 total=528
SIPM_ADC event=924 readout=1494 f1far=2622 f2near=1938 f2far=2710
SIPM_ARRIVALS event=831 total=509
SIPM_ADC event=831 readout=1866 f1far=1654 f2near=1988 f2far=2471
SIPM_ARRIVALS event=862 total=537
SIPM_ADC event=862 readout=1855 f1far=2453 f2near=1848 f2far=1934
SIPM_ARRIVALS event=523 total=507
SIPM_ADC event=523 readout=2072 f1far=1510 f2near=2015 f2far=1537
SIPM_ARRIVALS event=647 total=511
SIPM_ADC event=647 readout=1721 f1far=1866 f2near=1365 f2far=1733
SIPM_ARRIVALS event=986 total=523
SIPM_ADC event=986 readout=1785 f1far=2567 f2near=2019 f2far=1783
SIPM_ARRIVALS event=709 total=470
SIPM_ADC event=709 readout=2035 f1far=1845 f2near=2344 f2far=1837
SIPM_ARRIVALS event=955 total=507
SIPM_ADC event=955 readout=2045 f1far=2195 f2near=1894 f2far=1832
SIPM_ARRIVALS event=740 total=513
SIPM_ADC event=740 readout=2603 f1far=1865 f2near=1777 f2far=2089
SIPM_ARRIVALS event=554 total=522
SIPM_ADC event=554 readout=2586 f1far=1904 f2near=1211 f2far=1756
SIPM_ARRIVALS event=616 total=530
SIPM_ADC event=616 readout=1650 f1far=2390 f2near=2399 f2far=2165
SIPM_ARRIVALS event=770 total=543
SIPM_ADC event=770 readout=1685 f1far=2227 f2near=2494 f2far=2450
SIPM_ARRIVALS event=585 total=527
SIPM_ADC event=585 readout=2264 f1far=2478 f2near=1737 f2far=2531
SIPM_ARRIVALS event=678 total=533
SIPM_ADC event=678 readout=1960 f1far=1892 f2near=2131 f2far=2381
SIPM_ARRIVALS event=894 total=535
SIPM_ADC event=894 readout=1780 f1far=2426 f2near=2031 f2far=1847
SIPM_ARRIVALS event=925 total=531
SIPM_ADC event=925 readout=1926 f1far=2009 f2near=1705 f2far=1761
SIPM_ARRIVALS event=801 total=494
SIPM_ADC event=801 readout=1332 f1far=1718 f2near=2445 f2far=1830
SIPM_ARRIVALS event=832 total=498
SIPM_ADC event=832 readout=2529 f1far=1799 f2near=2371 f2far=2146
SIPM_ARRIVALS event=863 total=524
SIPM_ADC event=863 readout=2316 f1far=1854 f2near=2001 f2far=1412
SIPM_ARRIVALS event=524 total=521
SIPM_ADC event=524 readout=1936 f1far=1836 f2near=2217 f2far=2301
SIPM_ARRIVALS event=648 total=553
SIPM_ADC event=648 readout=3024 f1far=2286 f2near=2245 f2far=1944
SIPM_ARRIVALS event=987 total=519
SIPM_ADC event=987 readout=1595 f1far=2680 f2near=2544 f2far=1833
SIPM_ARRIVALS event=710 total=546
SIPM_ADC event=710 readout=2434 f1far=2251 f2near=1496 f2far=1865
SIPM_ARRIVALS event=741 total=492
SIPM_ADC event=741 readout=1714 f1far=1584 f2near=1573 f2far=2446
SIPM_ARRIVALS event=956 total=520
SIPM_ADC event=956 readout=2121 f1far=2307 f2near=1807 f2far=1909
SIPM_ARRIVALS event=617 total=515
SIPM_ADC event=617 readout=2331 f1far=2132 f2near=1407 f2far=2302
SIPM_ARRIVALS event=771 total=535
SIPM_ADC event=771 readout=1282 f1far=2772 f2near=1616 f2far=2318
SIPM_ARRIVALS event=586 total=533
SIPM_ADC event=586 readout=2510 f1far=3527 f2near=2230 f2far=2159
SIPM_ARRIVALS event=679 total=552
SIPM_ADC event=679 readout=2223 f1far=1927 f2near=2821 f2far=2717
SIPM_ARRIVALS event=926 total=507
SIPM_ADC event=926 readout=1261 f1far=1720 f2near=2138 f2far=1543
SIPM_ARRIVALS event=895 total=491
SIPM_ADC event=895 readout=1803 f1far=1524 f2near=1958 f2far=1479
SIPM_ARRIVALS event=802 total=545
SIPM_ADC event=802 readout=2029 f1far=2028 f2near=2475 f2far=1914
SIPM_ARRIVALS event=833 total=522
SIPM_ADC event=833 readout=1658 f1far=2585 f2near=2845 f2far=1742
SIPM_ARRIVALS event=864 total=527
SIPM_ADC event=864 readout=2420 f1far=1882 f2near=1992 f2far=2092
SIPM_ARRIVALS event=649 total=536
SIPM_ADC event=649 readout=1772 f1far=2066 f2near=1940 f2far=2053
SIPM_ARRIVALS event=525 total=508
SIPM_ADC event=525 readout=2466 f1far=1725 f2near=1881 f2far=2924
SIPM_ARRIVALS event=555 total=939
SIPM_ADC event=555 readout=3445 f1far=2732 f2near=3092 f2far=3172
SIPM_ARRIVALS event=988 total=494
SIPM_ADC event=988 readout=1311 f1far=2336 f2near=1627 f2far=1893
SIPM_ARRIVALS event=711 total=513
SIPM_ADC event=711 readout=1545 f1far=2175 f2near=2271 f2far=2046
SIPM_ARRIVALS event=742 total=529
SIPM_ADC event=742 readout=2338 f1far=2655 f2near=2125 f2far=1911
SIPM_ARRIVALS event=957 total=539
SIPM_ADC event=957 readout=2129 f1far=1887 f2near=2007 f2far=2055
SIPM_ARRIVALS event=618 total=522
SIPM_ADC event=618 readout=1376 f1far=1714 f2near=1418 f2far=3114
SIPM_ARRIVALS event=587 total=514
SIPM_ADC event=587 readout=1934 f1far=1273 f2near=2144 f2far=1644
SIPM_ARRIVALS event=680 total=522
SIPM_ADC event=680 readout=1522 f1far=1634 f2near=2351 f2far=2281
SIPM_ARRIVALS event=772 total=508
SIPM_ADC event=772 readout=2092 f1far=1722 f2near=2012 f2far=2192
SIPM_ARRIVALS event=927 total=519
SIPM_ADC event=927 readout=2545 f1far=1956 f2near=2153 f2far=1925
SIPM_ARRIVALS event=896 total=503
SIPM_ADC event=896 readout=1636 f1far=2033 f2near=1476 f2far=2012
SIPM_ARRIVALS event=803 total=529
SIPM_ADC event=803 readout=2172 f1far=1862 f2near=2083 f2far=2040
SIPM_ARRIVALS event=834 total=529
SIPM_ADC event=834 readout=2287 f1far=2081 f2near=2042 f2far=2110
SIPM_ARRIVALS event=865 total=573
SIPM_ADC event=865 readout=2233 f1far=2090 f2near=3315 f2far=1851
SIPM_ARRIVALS event=650 total=545
SIPM_ADC event=650 readout=2212 f1far=2247 f2near=2598 f2far=2668
SIPM_ARRIVALS event=556 total=545
SIPM_ADC event=556 readout=2674 f1far=2331 f2near=2503 f2far=1707
SIPM_ARRIVALS event=526 total=515
SIPM_ADC event=526 readout=2016 f1far=1602 f2near=2028 f2far=1615
SIPM_ARRIVALS event=989 total=512
SIPM_ADC event=989 readout=1937 f1far=2099 f2near=1569 f2far=2049
SIPM_ARRIVALS event=712 total=493
SIPM_ADC event=712 readout=1984 f1far=1448 f2near=1920 f2far=1671
SIPM_ARRIVALS event=743 total=550
SIPM_ADC event=743 readout=3420 f1far=2470 f2near=2496 f2far=2569
SIPM_ARRIVALS event=958 total=493
SIPM_ADC event=958 readout=2161 f1far=2259 f2near=1449 f2far=2719
SIPM_ARRIVALS event=619 total=552
SIPM_ADC event=619 readout=2572 f1far=2247 f2near=1728 f2far=1625
SIPM_ARRIVALS event=773 total=501
SIPM_ADC event=773 readout=2571 f1far=1699 f2near=1995 f2far=2147
SIPM_ARRIVALS event=681 total=491
SIPM_ADC event=681 readout=1730 f1far=2397 f2near=1936 f2far=2161
SIPM_ARRIVALS event=588 total=496
SIPM_ADC event=588 readout=2104 f1far=1941 f2near=1780 f2far=2142
SIPM_ARRIVALS event=928 total=511
SIPM_ADC event=928 readout=2494 f1far=1746 f2near=2606 f2far=2143
SIPM_ARRIVALS event=897 total=494
SIPM_ADC event=897 readout=1860 f1far=1658 f2near=2264 f2far=1951
SIPM_ARRIVALS event=804 total=511
SIPM_ADC event=804 readout=2377 f1far=1983 f2near=1517 f2far=1705
SIPM_ARRIVALS event=835 total=520
SIPM_ADC event=835 readout=2310 f1far=1896 f2near=1519 f2far=1974
SIPM_ARRIVALS event=992 total=537
SIPM_ADC event=992 readout=2966 f1far=1574 f2near=2516 f2far=2116
SIPM_ARRIVALS event=557 total=515
SIPM_ADC event=557 readout=2611 f1far=1310 f2near=1798 f2far=2191
SIPM_ARRIVALS event=866 total=527
SIPM_ADC event=866 readout=2237 f1far=2054 f2near=1999 f2far=3546
SIPM_ARRIVALS event=990 total=545
SIPM_ADC event=990 readout=2406 f1far=2697 f2near=1971 f2far=1336
SIPM_ARRIVALS event=959 total=564
SIPM_ADC event=959 readout=2506 f1far=2246 f2near=2051 f2far=2404
SIPM_ARRIVALS event=774 total=509
SIPM_ADC event=774 readout=1929 f1far=1969 f2near=1666 f2far=1575
SIPM_ARRIVALS event=929 total=586
SIPM_ADC event=929 readout=3009 f1far=2371 f2near=2544 f2far=1579
SIPM_ARRIVALS event=805 total=512
SIPM_ADC event=805 readout=2322 f1far=2176 f2near=2462 f2far=2176
SIPM_ARRIVALS event=898 total=513
SIPM_ADC event=898 readout=1619 f1far=2274 f2near=1783 f2far=2250
SIPM_ARRIVALS event=993 total=530
SIPM_ADC event=993 readout=1681 f1far=2532 f2near=2243 f2far=2306
SIPM_ARRIVALS event=836 total=488
SIPM_ADC event=836 readout=2023 f1far=1507 f2near=2154 f2far=2958
SIPM_ARRIVALS event=867 total=514
SIPM_ADC event=867 readout=1373 f1far=2432 f2near=1970 f2far=2099
SIPM_ARRIVALS event=991 total=523
SIPM_ADC event=991 readout=2779 f1far=2253 f2near=1818 f2far=2066
SIPM_ARRIVALS event=960 total=492
SIPM_ADC event=960 readout=2247 f1far=1635 f2near=1774 f2far=1449
SIPM_ARRIVALS event=994 total=520
SIPM_ADC event=994 readout=2376 f1far=2050 f2near=1459 f2far=1954
SIPM_ARRIVALS event=995 total=573
SIPM_ADC event=995 readout=1786 f1far=2923 f2near=2354 f2far=2053
SIPM_ARRIVALS event=996 total=542
SIPM_ADC event=996 readout=2582 f1far=1477 f2near=2322 f2far=2284
SIPM_ARRIVALS event=997 total=496
SIPM_ADC event=997 readout=2122 f1far=1630 f2near=1494 f2far=2127
SIPM_ARRIVALS event=998 total=543
SIPM_ADC event=998 readout=1880 f1far=2327 f2near=2157 f2far=2339
SIPM_ARRIVALS event=999 total=553
SIPM_ADC event=999 readout=1884 f1far=1831 f2near=2090 f2far=1918
RUN_DONE events=1000 output=/projects/hep/fs10/shared/nnbar/billy/ccb1623_campaign/stave_deuteron_10MeV_B_s1625.root
     Cr_sctns:  Glauber-Gribov Nucl-nucl: 0 eV  ---> 25.6 PeV
     Cr_sctns:  Glauber-Gribov Nucl-nucl: 0 eV  ---> 25.6 PeV
     Cr_sctns:  Glauber-Gribov Nucl-nucl: 0 eV  ---> 25.6 PeV
     Cr_sctns:  Glauber-Gribov Nucl-nucl: 0 eV  ---> 25.6 PeV
     Cr_sctns:  Glauber-Gribov Nucl-nucl: 0 eV  ---> 25.6 PeV
     Cr_sctns:  Glauber-Gribov Nucl-nucl: 0 eV  ---> 25.6 PeV
     Cr_sctns:  Glauber-Gribov Nucl-nucl: 0 eV  ---> 25.6 PeV
     Cr_sctns:  Glauber-Gribov Nucl-nucl: 0 eV  ---> 25.6 PeV
     Cr_sctns:  Glauber-Gribov Nucl-nucl: 0 eV  ---> 25.6 PeV
     Cr_sctns:  Glauber-Gribov Nucl-nucl: 0 eV  ---> 25.6 PeV
     Cr_sctns:  Glauber-Gribov Nucl-nucl: 0 eV  ---> 25.6 PeV
     Cr_sctns:  Glauber-Gribov Nucl-nucl: 0 eV  ---> 25.6 PeV
     Cr_sctns:  Glauber-Gribov Nucl-nucl: 0 eV  ---> 25.6 PeV
     Cr_sctns:  Glauber-Gribov Nucl-nucl: 0 eV  ---> 25.6 PeV
     Cr_sctns:  Glauber-Gribov Nucl-nucl: 0 eV  ---> 25.6 PeV
     Cr_sctns:  Glauber-Gribov Nucl-nucl: 0 eV  ---> 25.6 PeV
CCB_STAVE_END
wrote /projects/hep/fs10/shared/nnbar/billy/ccb1623_campaign/stave_deuteron_10MeV_B_s1625.root (+ /projects/hep/fs10/shared/nnbar/billy/ccb1623_campaign/stave_deuteron_10MeV_B_s1625.root.meta.json)
