point idx=0 part=proton E=5 sample=A seed=1623 nev=2000 threads=16
CCB_BEAM_PREFLIGHT intersects=1 enters_neg_z=1 path_cm=2 reason=ok
CCB_BEAM_ENVELOPE_PREFLIGHT profile=AREA_UNIFORM_CONE_SPREAD corners_checked=16 corners_missing=0 min_path_cm=2.03085 reason=ok

**************************************************************
 Geant4 version Name: geant4-11-02-patch-02 [MT]   (21-June-2024)
  << in Multi-threaded mode >> 
                       Copyright : Geant4 Collaboration
                      References : NIM A 506 (2003), 250-303
                                 : IEEE-TNS 53 (2006), 270-278
                                 : NIM A 835 (2016), 186-225
                             WWW : http://geant4.org/
**************************************************************

CCB_STAVE_START particle=proton KE_MeV=5 nevents=2000 threads_requested=16 threads_effective=16 g4_force_threads=unset seed=1623 hit_x_cm=0 hit_y_cm=0 theta_deg=0 phi_deg=0 allow_miss=0 beam_profile_id=AREA_UNIFORM_CONE_SPREAD sample_position=1 hit_x_min_cm=-22 hit_x_max_cm=22 hit_y_min_cm=-2.2 hit_y_max_cm=2.2 sample_angle=1 theta_spread_deg=10 write_photon_ntuple=0 optical_max_time_ns=1000 optical_max_steps=200000 birks_kB=0.126 quenching_model_id=birks_geant4 quenching_model_status=HYPOTHESIS quenching_claims_authorized=false production_cut_mm=0.1 physics_list=QGSP_BIC neutron_timecut_policy_id=pin_qgsp_bic_default_10us neutron_time_cut_us=10 neutron_tracking_time_cut_configured=1 neutron_diagnostics=0 reflectivity_scale=1 attenuation_scale(deprecated)=1 scintillator_absorption_scale=1 y11_bulk_attenuation_scale=1 pde_scale=1 collection_efficiency=1 optical_interface_model=UNKNOWN_EXTERNAL far_end=instrumented wls_time_profile=exponential wls_fluorescence_model=geant4_default_one_secondary wls_fluorescence_yield=0.7 mode=optical optical_dir=/projects/hep/fs10/shared/nnbar/billy/ccb-wt-1623/geant4/single_stave/build/optical strict_optical=1 output=/projects/hep/fs10/shared/nnbar/billy/ccb1623_campaign/stave_proton_5MeV_A_s1623.root gpu_optical=0 optical_out= dump_gdml=
G4PhysListFactory::GetReferencePhysList <QGSP_BIC>  EMoption= 0
<<< Geant4 Physics List simulation engine: QGSP_BIC


Checking overlaps for volume Coating:0 (G4SubtractionSolid) ... OK! 
Checking overlaps for volume Scintillator:0 (G4SubtractionSolid) ... OK! 
Checking overlaps for volume OuterClad_F1:0 (G4Tubs) ... OK! 
Checking overlaps for volume InnerClad_F1:0 (G4Tubs) ... OK! 
Checking overlaps for volume Core_F1:0 (G4Tubs) ... OK! 
Checking overlaps for volume Sensor_F1_PlusX:0 (G4Tubs) ... OK! 
Checking overlaps for volume Sensor_F1_MinusX:1 (G4Tubs) ... OK! 
Checking overlaps for volume OuterClad_F2:1 (G4Tubs) ... OK! 
Checking overlaps for volume InnerClad_F2:1 (G4Tubs) ... OK! 
Checking overlaps for volume Core_F2:1 (G4Tubs) ... OK! 
Checking overlaps for volume Sensor_F2_PlusX:2 (G4Tubs) ... OK! 
Checking overlaps for volume Sensor_F2_MinusX:3 (G4Tubs) ... OK! 
GEOMETRY_REPORT_BEGIN
stave_length_cm 50
stave_width_cm 5.18
stave_thickness_cm 2
normal_path_cm 2
fibre_diameter_mm 1.8
hole_diameter_mm 2
fibre_separation_cm 2
fibre_within_hole 1
fibre_protrudes_for_readout 1
holes_contained_y 1
holes_contained_z 1
geometry_hash e323b92195f9a6288944f0738dbadccf9386422f076362ca172fd0b6d119d1e1
physics_hash 695755f15879c60b7dbc23f5ad7f972d0ec3d9710fa2ec357d17a3b37c48faee
optical_hash 02abddb7662749ea88712a86cced3d7438d45eb865b430c54073ae9dde8549eb
clad_inner_rindex 1.49
clad_outer_rindex 1.42
GEOMETRY_REPORT_END
GEOMETRY_SELFCHECK_PASS
### Adding tracking cuts for neutron  TimeCut(ns)= 10000  KinEnergyCut(MeV)= 0
### Birks coefficients used in run time
   G4_POLYSTYRENE     0.07943 mm/MeV     0.00841958 g/cm^2/MeV  massFactor=  504.5 effCharge= 18.5
   CCB_Scintillator     0.126 mm/MeV     0.013356 g/cm^2/MeV  massFactor=  504.5 effCharge= 18.5
=======================================================================
======                 Electromagnetic Physics Parameters      ========
=======================================================================
LPM effect enabled                                 1
Enable creation and use of sampling tables         0
Apply cuts on all EM processes                     0
Use combined TransportationWithMsc                 Disabled
Use general process                                1
Enable linear polarisation for gamma               0
Enable photoeffect sampling below K-shell          1
Enable sampling of quantum entanglement            0
X-section factor for integral approach             0.8
Min kinetic energy for tables                      100 eV 
Max kinetic energy for tables                      100 TeV
Number of bins per decade of a table               7
Verbose level                                      1
Verbose level for worker thread                    0
Bremsstrahlung energy threshold above which 
  primary e+- is added to the list of secondary    100 TeV
Bremsstrahlung energy threshold above which primary
  muon/hadron is added to the list of secondary    100 TeV
Lowest triplet kinetic energy                      1 MeV
Enable sampling of gamma linear polarisation       0
5D gamma conversion model type                     0
5D gamma conversion model on isolated ion          0
Livermore data directory                           epics_2017
=======================================================================
======                 Ionisation Parameters                   ========
=======================================================================
Step function for e+-                              (0.2, 1 mm)
Step function for muons/hadrons                    (0.2, 0.1 mm)
Step function for light ions                       (0.2, 0.1 mm)
Step function for general ions                     (0.2, 0.1 mm)
Lowest e+e- kinetic energy                         1 keV
Lowest muon/hadron kinetic energy                  1 keV
Use ICRU90 data                                    0
Fluctuations of dE/dx are enabled                  1
Type of fluctuation model for leptons and hadrons  Urban
Use built-in Birks satuaration                     1
Build CSDA range enabled                           0
Use cut as a final range enabled                   0
Enable angular generator interface                 0
Max kinetic energy for CSDA tables                 1 GeV
Max kinetic energy for NIEL computation            0 eV 
Linear loss limit                                  0.01
Read data from file for e+e- pair production by mu 0
=======================================================================
======                 Multiple Scattering Parameters          ========
=======================================================================
Type of msc step limit algorithm for e+-           1
Type of msc step limit algorithm for muons/hadrons 0
Msc lateral displacement for e+- enabled           1
Msc lateral displacement for muons and hadrons     0
Urban msc model lateral displacement alg96         1
Range factor for msc step limit for e+-            0.04
Range factor for msc step limit for muons/hadrons  0.2
Geometry factor for msc step limitation of e+-     2.5
Safety factor for msc step limit for e+-           0.6
Skin parameter for msc step limitation of e+-      1
Lambda limit for msc step limit for e+-            1 mm
Use Mott correction for e- scattering              0
Factor used for dynamic computation of angular 
  limit between single and multiple scattering     1
Fixed angular limit between single 
  and multiple scattering                          3.1416 rad
Upper energy limit for e+- multiple scattering     100 MeV
Type of electron single scattering model           0
Type of nuclear form-factor                        1
Screening factor                                   1
=======================================================================

phot:  for gamma SubType=12 BuildTable=0
      LambdaPrime table from 200 keV to 100 TeV in 61 bins 
      ===== EM models for the G4Region  DefaultRegionForTheWorld ======
 LivermorePhElectric : Emin=    0 eV  Emax=  100 TeV  SauterGavrila Fluo

compt:  for gamma SubType=13 BuildTable=1
      Lambda table from 100 eV  to 1 MeV, 7 bins/decade, spline: 1
      LambdaPrime table from 1 MeV to 100 TeV in 56 bins 
      ===== EM models for the G4Region  DefaultRegionForTheWorld ======
       Klein-Nishina : Emin=    0 eV  Emax=  100 TeV

conv:  for gamma SubType=14 BuildTable=1
      Lambda table from 1.022 MeV to 100 TeV, 18 bins/decade, spline: 1
      ===== EM models for the G4Region  DefaultRegionForTheWorld ======
     BetheHeitlerLPM : Emin=    0 eV  Emax=  100 TeV  ModifiedTsai

Rayl:  for gamma SubType=11 BuildTable=1
      Lambda table from 100 eV  to 150 keV, 7 bins/decade, spline: 0
      LambdaPrime table from 150 keV to 100 TeV in 62 bins 
      ===== EM models for the G4Region  DefaultRegionForTheWorld ======
   LivermoreRayleigh : Emin=    0 eV  Emax=  100 TeV  CullenGenerator

msc:  for e-  SubType= 10
      ===== EM models for the G4Region  DefaultRegionForTheWorld ======
            UrbanMsc : Emin=    0 eV  Emax=  100 MeV Nbins=42 100 eV  - 100 MeV
          StepLim=UseSafety Rfact=0.04 Gfact=2.5 Sfact=0.6 DispFlag:1 Skin=1 Llim=1 mm
        WentzelVIUni : Emin=  100 MeV Emax=  100 TeV Nbins=42 100 MeV - 100 TeV
          StepLim=UseSafety Rfact=0.04 Gfact=2.5 Sfact=0.6 DispFlag:1 Skin=1 Llim=1 mm

eIoni:  for e-  XStype:3  SubType=2
      dE/dx and range tables from 100 eV  to 100 TeV in 84 bins
      Lambda tables from threshold to 100 TeV, 7 bins/decade, spline: 1
      StepFunction=(0.2, 1 mm), integ: 3, fluct: 1, linLossLim= 0.01
      ===== EM models for the G4Region  DefaultRegionForTheWorld ======
        MollerBhabha : Emin=    0 eV  Emax=  100 TeV

eBrem:  for e-  XStype:4  SubType=3
      dE/dx and range tables from 100 eV  to 100 TeV in 84 bins
      Lambda tables from threshold to 100 TeV, 7 bins/decade, spline: 1
      LPM flag: 1 for E > 1 GeV,  VertexHighEnergyTh(GeV)= 100000
      ===== EM models for the G4Region  DefaultRegionForTheWorld ======
             eBremSB : Emin=    0 eV  Emax=    1 GeV  ModifiedTsai
            eBremLPM : Emin=    1 GeV Emax=  100 TeV  ModifiedTsai

CoulombScat:  for e- XStype:1 SubType=1 BuildTable=1
      Lambda table from 100 MeV to 100 TeV, 7 bins/decade, spline: 0
      ThetaMin(p) < Theta(degree) < 180, pLimit(GeV^1)= 0.139531
      ===== EM models for the G4Region  DefaultRegionForTheWorld ======
  eCoulombScattering : Emin=  100 MeV Emax=  100 TeV

msc:  for e+  SubType= 10
      ===== EM models for the G4Region  DefaultRegionForTheWorld ======
            UrbanMsc : Emin=    0 eV  Emax=  100 MeV Nbins=42 100 eV  - 100 MeV
          StepLim=UseSafety Rfact=0.04 Gfact=2.5 Sfact=0.6 DispFlag:1 Skin=1 Llim=1 mm
        WentzelVIUni : Emin=  100 MeV Emax=  100 TeV Nbins=42 100 MeV - 100 TeV
          StepLim=UseSafety Rfact=0.04 Gfact=2.5 Sfact=0.6 DispFlag:1 Skin=1 Llim=1 mm

eIoni:  for e+  XStype:3  SubType=2
      dE/dx and range tables from 100 eV  to 100 TeV in 84 bins
      Lambda tables from threshold to 100 TeV, 7 bins/decade, spline: 1
      StepFunction=(0.2, 1 mm), integ: 3, fluct: 1, linLossLim= 0.01
      ===== EM models for the G4Region  DefaultRegionForTheWorld ======
        MollerBhabha : Emin=    0 eV  Emax=  100 TeV

eBrem:  for e+  XStype:4  SubType=3
      dE/dx and range tables from 100 eV  to 100 TeV in 84 bins
      Lambda tables from threshold to 100 TeV, 7 bins/decade, spline: 1
      LPM flag: 1 for E > 1 GeV,  VertexHighEnergyTh(GeV)= 100000
      ===== EM models for the G4Region  DefaultRegionForTheWorld ======
             eBremSB : Emin=    0 eV  Emax=    1 GeV  ModifiedTsai
            eBremLPM : Emin=    1 GeV Emax=  100 TeV  ModifiedTsai

annihil:  for e+ XStype:2 SubType=5 BuildTable=0
      ===== EM models for the G4Region  DefaultRegionForTheWorld ======
            eplus2gg : Emin=    0 eV  Emax=  100 TeV

CoulombScat:  for e+ XStype:1 SubType=1 BuildTable=1
      Lambda table from 100 MeV to 100 TeV, 7 bins/decade, spline: 0
      ThetaMin(p) < Theta(degree) < 180, pLimit(GeV^1)= 0.139531
      ===== EM models for the G4Region  DefaultRegionForTheWorld ======
  eCoulombScattering : Emin=  100 MeV Emax=  100 TeV

msc:  for proton  SubType= 10
      ===== EM models for the G4Region  DefaultRegionForTheWorld ======
        WentzelVIUni : Emin=    0 eV  Emax=  100 TeV Nbins=84 100 eV  - 100 TeV
          StepLim=Minimal Rfact=0.2 Gfact=2.5 Sfact=0.6 DispFlag:0 Skin=1 Llim=1 mm

hIoni:  for proton  XStype:3  SubType=2
      dE/dx and range tables from 100 eV  to 100 TeV in 84 bins
      Lambda tables from threshold to 100 TeV, 7 bins/decade, spline: 1
      StepFunction=(0.2, 0.1 mm), integ: 3, fluct: 1, linLossLim= 0.01
      ===== EM models for the G4Region  DefaultRegionForTheWorld ======
               Bragg : Emin=    0 eV  Emax=    2 MeV
          BetheBloch : Emin=    2 MeV Emax=  100 TeV

hBrems:  for proton  XStype:1  SubType=3
      dE/dx and range tables from 100 eV  to 100 TeV in 84 bins
      Lambda tables from threshold to 100 TeV, 7 bins/decade, spline: 1
      ===== EM models for the G4Region  DefaultRegionForTheWorld ======
               hBrem : Emin=    0 eV  Emax=  100 TeV  ModifiedMephi

hPairProd:  for proton  XStype:1  SubType=4
      dE/dx and range tables from 100 eV  to 100 TeV in 84 bins
      Lambda tables from threshold to 100 TeV, 7 bins/decade, spline: 1
      Sampling table 17x1001; from 7.50618 GeV to 100 TeV 
      ===== EM models for the G4Region  DefaultRegionForTheWorld ======
           hPairProd : Emin=    0 eV  Emax=  100 TeV  ModifiedMephi

CoulombScat:  for proton XStype:1 SubType=1 BuildTable=1
      Lambda table from threshold  to 100 TeV, 7 bins/decade, spline: 0
      ThetaMin(p) < Theta(degree) < 180, pLimit(GeV^1)= 0.139531
      ===== EM models for the G4Region  DefaultRegionForTheWorld ======
  eCoulombScattering : Emin=    0 eV  Emax=  100 TeV

msc:  for GenericIon  SubType= 10
      ===== EM models for the G4Region  DefaultRegionForTheWorld ======
            UrbanMsc : Emin=    0 eV  Emax=  100 TeV
          StepLim=Minimal Rfact=0.2 Gfact=2.5 Sfact=0.6 DispFlag:0 Skin=1 Llim=1 mm

ionIoni:  for GenericIon  XStype:3  SubType=2
      dE/dx and range tables from 100 eV  to 100 TeV in 84 bins
      Lambda tables from threshold to 100 TeV, 7 bins/decade, spline: 1
      StepFunction=(0.2, 0.1 mm), integ: 3, fluct: 1, linLossLim= 0.02
      ===== EM models for the G4Region  DefaultRegionForTheWorld ======
            BraggIon : Emin=    0 eV  Emax=    2 MeV
          BetheBloch : Emin=    2 MeV Emax=  100 TeV

msc:  for alpha  SubType= 10
      ===== EM models for the G4Region  DefaultRegionForTheWorld ======
            UrbanMsc : Emin=    0 eV  Emax=  100 TeV
          StepLim=Minimal Rfact=0.2 Gfact=2.5 Sfact=0.6 DispFlag:0 Skin=1 Llim=1 mm

ionIoni:  for alpha  XStype:3  SubType=2
      dE/dx and range tables from 100 eV  to 100 TeV in 84 bins
      Lambda tables from threshold to 100 TeV, 7 bins/decade, spline: 1
      StepFunction=(0.2, 0.1 mm), integ: 3, fluct: 1, linLossLim= 0.02
      ===== EM models for the G4Region  DefaultRegionForTheWorld ======
            BraggIon : Emin=    0 eV  Emax=7.9452 MeV
          BetheBloch : Emin=7.9452 MeV Emax=  100 TeV

msc:  for anti_proton  SubType= 10
      ===== EM models for the G4Region  DefaultRegionForTheWorld ======
        WentzelVIUni : Emin=    0 eV  Emax=  100 TeV Nbins=84 100 eV  - 100 TeV
          StepLim=Minimal Rfact=0.2 Gfact=2.5 Sfact=0.6 DispFlag:0 Skin=1 Llim=1 mm

hIoni:  for anti_proton  XStype:3  SubType=2
      dE/dx and range tables from 100 eV  to 100 TeV in 84 bins
      Lambda tables from threshold to 100 TeV, 7 bins/decade, spline: 1
      StepFunction=(0.2, 0.1 mm), integ: 3, fluct: 1, linLossLim= 0.01
      ===== EM models for the G4Region  DefaultRegionForTheWorld ======
            ICRU73QO : Emin=    0 eV  Emax=    2 MeV
          BetheBloch : Emin=    2 MeV Emax=  100 TeV

hBrems:  for anti_proton  XStype:1  SubType=3
      dE/dx and range tables from 100 eV  to 100 TeV in 84 bins
      Lambda tables from threshold to 100 TeV, 7 bins/decade, spline: 1
      ===== EM models for the G4Region  DefaultRegionForTheWorld ======
               hBrem : Emin=    0 eV  Emax=  100 TeV  ModifiedMephi

hPairProd:  for anti_proton  XStype:1  SubType=4
      dE/dx and range tables from 100 eV  to 100 TeV in 84 bins
      Lambda tables from threshold to 100 TeV, 7 bins/decade, spline: 1
      Sampling table 17x1001; from 7.50618 GeV to 100 TeV 
      ===== EM models for the G4Region  DefaultRegionForTheWorld ======
           hPairProd : Emin=    0 eV  Emax=  100 TeV  ModifiedMephi

CoulombScat:  for anti_proton XStype:1 SubType=1 BuildTable=1
      Lambda table from threshold  to 100 TeV, 7 bins/decade, spline: 0
      ThetaMin(p) < Theta(degree) < 180, pLimit(GeV^1)= 0.139531
      ===== EM models for the G4Region  DefaultRegionForTheWorld ======
  eCoulombScattering : Emin=    0 eV  Emax=  100 TeV

msc:  for kaon+  SubType= 10
      ===== EM models for the G4Region  DefaultRegionForTheWorld ======
        WentzelVIUni : Emin=    0 eV  Emax=  100 TeV Nbins=84 100 eV  - 100 TeV
          StepLim=Minimal Rfact=0.2 Gfact=2.5 Sfact=0.6 DispFlag:0 Skin=1 Llim=1 mm

hIoni:  for kaon+  XStype:3  SubType=2
      dE/dx and range tables from 100 eV  to 100 TeV in 84 bins
      Lambda tables from threshold to 100 TeV, 7 bins/decade, spline: 1
      StepFunction=(0.2, 0.1 mm), integ: 3, fluct: 1, linLossLim= 0.01
      ===== EM models for the G4Region  DefaultRegionForTheWorld ======
               Bragg : Emin=    0 eV  Emax=1.05231 MeV
          BetheBloch : Emin=1.05231 MeV Emax=  100 TeV

hBrems:  for kaon+  XStype:1  SubType=3
      dE/dx and range tables from 100 eV  to 100 TeV in 84 bins
      Lambda tables from threshold to 100 TeV, 7 bins/decade, spline: 1
      ===== EM models for the G4Region  DefaultRegionForTheWorld ======
               hBrem : Emin=    0 eV  Emax=  100 TeV  ModifiedMephi

hPairProd:  for kaon+  XStype:1  SubType=4
      dE/dx and range tables from 100 eV  to 100 TeV in 84 bins
      Lambda tables from threshold to 100 TeV, 7 bins/decade, spline: 1
      Sampling table 18x1001; from 3.94942 GeV to 100 TeV 
      ===== EM models for the G4Region  DefaultRegionForTheWorld ======
           hPairProd : Emin=    0 eV  Emax=  100 TeV  ModifiedMephi

CoulombScat:  for kaon+ XStype:1 SubType=1 BuildTable=1
      Lambda table from threshold  to 100 TeV, 7 bins/decade, spline: 0
      ThetaMin(p) < Theta(degree) < 180, pLimit(GeV^1)= 0.139531
      ===== EM models for the G4Region  DefaultRegionForTheWorld ======
  eCoulombScattering : Emin=    0 eV  Emax=  100 TeV

msc:  for kaon-  SubType= 10
      ===== EM models for the G4Region  DefaultRegionForTheWorld ======
        WentzelVIUni : Emin=    0 eV  Emax=  100 TeV Nbins=84 100 eV  - 100 TeV
          StepLim=Minimal Rfact=0.2 Gfact=2.5 Sfact=0.6 DispFlag:0 Skin=1 Llim=1 mm

hIoni:  for kaon-  XStype:3  SubType=2
      dE/dx and range tables from 100 eV  to 100 TeV in 84 bins
      Lambda tables from threshold to 100 TeV, 7 bins/decade, spline: 1
      StepFunction=(0.2, 0.1 mm), integ: 3, fluct: 1, linLossLim= 0.01
      ===== EM models for the G4Region  DefaultRegionForTheWorld ======
            ICRU73QO : Emin=    0 eV  Emax=1.05231 MeV
          BetheBloch : Emin=1.05231 MeV Emax=  100 TeV

hBrems:  for kaon-  XStype:1  SubType=3
      dE/dx and range tables from 100 eV  to 100 TeV in 84 bins
      Lambda tables from threshold to 100 TeV, 7 bins/decade, spline: 1
      ===== EM models for the G4Region  DefaultRegionForTheWorld ======
               hBrem : Emin=    0 eV  Emax=  100 TeV  ModifiedMephi

hPairProd:  for kaon-  XStype:1  SubType=4
      dE/dx and range tables from 100 eV  to 100 TeV in 84 bins
      Lambda tables from threshold to 100 TeV, 7 bins/decade, spline: 1
      Sampling table 18x1001; from 3.94942 GeV to 100 TeV 
      ===== EM models for the G4Region  DefaultRegionForTheWorld ======
           hPairProd : Emin=    0 eV  Emax=  100 TeV  ModifiedMephi

CoulombScat:  for kaon- XStype:1 SubType=1 BuildTable=1
      Used Lambda table of kaon+
      ThetaMin(p) < Theta(degree) < 180, pLimit(GeV^1)= 0.139531
      ===== EM models for the G4Region  DefaultRegionForTheWorld ======
  eCoulombScattering : Emin=    0 eV  Emax=  100 TeV

msc:  for mu+  SubType= 10
      ===== EM models for the G4Region  DefaultRegionForTheWorld ======
        WentzelVIUni : Emin=    0 eV  Emax=  100 TeV Nbins=84 100 eV  - 100 TeV
          StepLim=Minimal Rfact=0.2 Gfact=2.5 Sfact=0.6 DispFlag:0 Skin=1 Llim=1 mm

muIoni:  for mu+  XStype:3  SubType=2
      dE/dx and range tables from 100 eV  to 100 TeV in 84 bins
      Lambda tables from threshold to 100 TeV, 7 bins/decade, spline: 1
      StepFunction=(0.2, 0.1 mm), integ: 3, fluct: 1, linLossLim= 0.01
      ===== EM models for the G4Region  DefaultRegionForTheWorld ======
               Bragg : Emin=    0 eV  Emax=  200 keV
        MuBetheBloch : Emin=  200 keV Emax=  100 TeV

muBrems:  for mu+  XStype:1  SubType=3
      dE/dx and range tables from 100 eV  to 100 TeV in 84 bins
      Lambda tables from threshold to 100 TeV, 7 bins/decade, spline: 1
      ===== EM models for the G4Region  DefaultRegionForTheWorld ======
              MuBrem : Emin=    0 eV  Emax=  100 TeV  ModifiedMephi

muPairProd:  for mu+  XStype:1  SubType=4
      dE/dx and range tables from 100 eV  to 100 TeV in 84 bins
      Lambda tables from threshold to 100 TeV, 7 bins/decade, spline: 1
      Sampling table 21x1001; from 0.85 GeV to 100 TeV 
      ===== EM models for the G4Region  DefaultRegionForTheWorld ======
          muPairProd : Emin=    0 eV  Emax=  100 TeV  ModifiedMephi

CoulombScat:  for mu+ XStype:1 SubType=1 BuildTable=1
      Lambda table from threshold  to 100 TeV, 7 bins/decade, spline: 0
      ThetaMin(p) < Theta(degree) < 180, pLimit(GeV^1)= 0.139531
      ===== EM models for the G4Region  DefaultRegionForTheWorld ======
  eCoulombScattering : Emin=    0 eV  Emax=  100 TeV

msc:  for mu-  SubType= 10
      ===== EM models for the G4Region  DefaultRegionForTheWorld ======
        WentzelVIUni : Emin=    0 eV  Emax=  100 TeV Nbins=84 100 eV  - 100 TeV
          StepLim=Minimal Rfact=0.2 Gfact=2.5 Sfact=0.6 DispFlag:0 Skin=1 Llim=1 mm

muIoni:  for mu-  XStype:3  SubType=2
      dE/dx and range tables from 100 eV  to 100 TeV in 84 bins
      Lambda tables from threshold to 100 TeV, 7 bins/decade, spline: 1
      StepFunction=(0.2, 0.1 mm), integ: 3, fluct: 1, linLossLim= 0.01
      ===== EM models for the G4Region  DefaultRegionForTheWorld ======
            ICRU73QO : Emin=    0 eV  Emax=  200 keV
        MuBetheBloch : Emin=  200 keV Emax=  100 TeV

muBrems:  for mu-  XStype:1  SubType=3
      dE/dx and range tables from 100 eV  to 100 TeV in 84 bins
      Lambda tables from threshold to 100 TeV, 7 bins/decade, spline: 1
      ===== EM models for the G4Region  DefaultRegionForTheWorld ======
              MuBrem : Emin=    0 eV  Emax=  100 TeV  ModifiedMephi

muPairProd:  for mu-  XStype:1  SubType=4
      dE/dx and range tables from 100 eV  to 100 TeV in 84 bins
      Lambda tables from threshold to 100 TeV, 7 bins/decade, spline: 1
      Sampling table 21x1001; from 0.85 GeV to 100 TeV 
      ===== EM models for the G4Region  DefaultRegionForTheWorld ======
          muPairProd : Emin=    0 eV  Emax=  100 TeV  ModifiedMephi

CoulombScat:  for mu- XStype:1 SubType=1 BuildTable=1
      Used Lambda table of mu+
      ThetaMin(p) < Theta(degree) < 180, pLimit(GeV^1)= 0.139531
      ===== EM models for the G4Region  DefaultRegionForTheWorld ======
  eCoulombScattering : Emin=    0 eV  Emax=  100 TeV

msc:  for pi+  SubType= 10
      ===== EM models for the G4Region  DefaultRegionForTheWorld ======
        WentzelVIUni : Emin=    0 eV  Emax=  100 TeV Nbins=84 100 eV  - 100 TeV
          StepLim=Minimal Rfact=0.2 Gfact=2.5 Sfact=0.6 DispFlag:0 Skin=1 Llim=1 mm

hIoni:  for pi+  XStype:3  SubType=2
      dE/dx and range tables from 100 eV  to 100 TeV in 84 bins
      Lambda tables from threshold to 100 TeV, 7 bins/decade, spline: 1
      StepFunction=(0.2, 0.1 mm), integ: 3, fluct: 1, linLossLim= 0.01
      ===== EM models for the G4Region  DefaultRegionForTheWorld ======
               Bragg : Emin=    0 eV  Emax=297.505 keV
          BetheBloch : Emin=297.505 keV Emax=  100 TeV

hBrems:  for pi+  XStype:1  SubType=3
      dE/dx and range tables from 100 eV  to 100 TeV in 84 bins
      Lambda tables from threshold to 100 TeV, 7 bins/decade, spline: 1
      ===== EM models for the G4Region  DefaultRegionForTheWorld ======
               hBrem : Emin=    0 eV  Emax=  100 TeV  ModifiedMephi

hPairProd:  for pi+  XStype:1  SubType=4
      dE/dx and range tables from 100 eV  to 100 TeV in 84 bins
      Lambda tables from threshold to 100 TeV, 7 bins/decade, spline: 1
      Sampling table 20x1001; from 1.11656 GeV to 100 TeV 
      ===== EM models for the G4Region  DefaultRegionForTheWorld ======
           hPairProd : Emin=    0 eV  Emax=  100 TeV  ModifiedMephi

CoulombScat:  for pi+ XStype:1 SubType=1 BuildTable=1
      Lambda table from threshold  to 100 TeV, 7 bins/decade, spline: 0
      ThetaMin(p) < Theta(degree) < 180, pLimit(GeV^1)= 0.139531
      ===== EM models for the G4Region  DefaultRegionForTheWorld ======
  eCoulombScattering : Emin=    0 eV  Emax=  100 TeV

msc:  for pi-  SubType= 10
      ===== EM models for the G4Region  DefaultRegionForTheWorld ======
        WentzelVIUni : Emin=    0 eV  Emax=  100 TeV Nbins=84 100 eV  - 100 TeV
          StepLim=Minimal Rfact=0.2 Gfact=2.5 Sfact=0.6 DispFlag:0 Skin=1 Llim=1 mm

hIoni:  for pi-  XStype:3  SubType=2
      dE/dx and range tables from 100 eV  to 100 TeV in 84 bins
      Lambda tables from threshold to 100 TeV, 7 bins/decade, spline: 1
      StepFunction=(0.2, 0.1 mm), integ: 3, fluct: 1, linLossLim= 0.01
      ===== EM models for the G4Region  DefaultRegionForTheWorld ======
            ICRU73QO : Emin=    0 eV  Emax=297.505 keV
          BetheBloch : Emin=297.505 keV Emax=  100 TeV

hBrems:  for pi-  XStype:1  SubType=3
      dE/dx and range tables from 100 eV  to 100 TeV in 84 bins
      Lambda tables from threshold to 100 TeV, 7 bins/decade, spline: 1
      ===== EM models for the G4Region  DefaultRegionForTheWorld ======
               hBrem : Emin=    0 eV  Emax=  100 TeV  ModifiedMephi

hPairProd:  for pi-  XStype:1  SubType=4
      dE/dx and range tables from 100 eV  to 100 TeV in 84 bins
      Lambda tables from threshold to 100 TeV, 7 bins/decade, spline: 1
      Sampling table 20x1001; from 1.11656 GeV to 100 TeV 
      ===== EM models for the G4Region  DefaultRegionForTheWorld ======
           hPairProd : Emin=    0 eV  Emax=  100 TeV  ModifiedMephi

CoulombScat:  for pi- XStype:1 SubType=1 BuildTable=1
      Used Lambda table of pi+
      ThetaMin(p) < Theta(degree) < 180, pLimit(GeV^1)= 0.139531
      ===== EM models for the G4Region  DefaultRegionForTheWorld ======
  eCoulombScattering : Emin=    0 eV  Emax=  100 TeV

====================================================================
                  HADRONIC PROCESSES SUMMARY (verbose level 1)
-----------------------------------------------------------------------
                           Hadronic Processes for neutron
  Process: hadElastic
        Model:             hElasticCHIPS: 0 eV  ---> 100 TeV
     Cr_sctns:        G4NeutronElasticXS: 0 eV  ---> 100 TeV
  Process: neutronInelastic
        Model:                      QGSP: 12 GeV ---> 100 TeV
        Model:                      FTFP: 3 GeV ---> 25 GeV
        Model:            Binary Cascade: 0 eV  ---> 6 GeV
     Cr_sctns:      G4NeutronInelasticXS: 0 eV  ---> 100 TeV
  Process: nCapture
        Model:               nRadCapture: 0 eV  ---> 100 TeV
     Cr_sctns:        G4NeutronCaptureXS: 0 eV  ---> 100 TeV
  Process: nKiller
-----------------------------------------------------------------------
                           Hadronic Processes for GenericIon
  Process: ionElastic
        Model:          NNDiffuseElastic: 0 eV /n ---> 100 TeV/n
     Cr_sctns:  Glauber-Gribov Nucl-nucl: 0 eV  ---> 25.6 PeV
  Process: ionInelastic
        Model:  Binary Light Ion Cascade: 0 eV /n ---> 6 GeV/n
        Model:                      FTFP: 3 GeV/n ---> 100 TeV/n
     Cr_sctns:  Glauber-Gribov Nucl-nucl: 0 eV  ---> 25.6 PeV
-----------------------------------------------------------------------
                           Hadronic Processes for He3
  Process: hadElastic
        Model:              hElasticLHEP: 0 eV /n ---> 100 TeV/n
     Cr_sctns:  Glauber-Gribov Nucl-nucl: 0 eV  ---> 25.6 PeV
  Process: He3Inelastic
        Model:  Binary Light Ion Cascade: 0 eV /n ---> 6 GeV/n
        Model:                      FTFP: 3 GeV/n ---> 100 TeV/n
     Cr_sctns:  Glauber-Gribov Nucl-nucl: 0 eV  ---> 25.6 PeV
-----------------------------------------------------------------------
                           Hadronic Processes for alpha
  Process: hadElastic
        Model:              hElasticLHEP: 0 eV /n ---> 100 TeV/n
     Cr_sctns:  Glauber-Gribov Nucl-nucl: 0 eV  ---> 25.6 PeV
  Process: alphaInelastic
        Model:  Binary Light Ion Cascade: 0 eV /n ---> 6 GeV/n
        Model:                      FTFP: 3 GeV/n ---> 100 TeV/n
     Cr_sctns:  Glauber-Gribov Nucl-nucl: 0 eV  ---> 25.6 PeV
-----------------------------------------------------------------------
                           Hadronic Processes for anti_He3
  Process: hadElastic
        Model:              hElasticLHEP: 0 eV /n ---> 100.1 MeV/n
        Model:              AntiAElastic: 100 MeV/n ---> 100 TeV/n
     Cr_sctns:              AntiAGlauber: 0 eV  ---> 25.6 PeV
  Process: anti_He3Inelastic
        Model:                      FTFP: 0 eV /n ---> 100 TeV/n
     Cr_sctns:              AntiAGlauber: 0 eV  ---> 25.6 PeV
  Process: hFritiofCaptureAtRest
-----------------------------------------------------------------------
                           Hadronic Processes for anti_alpha
  Process: hadElastic
        Model:              hElasticLHEP: 0 eV /n ---> 100.1 MeV/n
        Model:              AntiAElastic: 100 MeV/n ---> 100 TeV/n
     Cr_sctns:              AntiAGlauber: 0 eV  ---> 25.6 PeV
  Process: anti_alphaInelastic
        Model:                      FTFP: 0 eV /n ---> 100 TeV/n
     Cr_sctns:              AntiAGlauber: 0 eV  ---> 25.6 PeV
  Process: hFritiofCaptureAtRest
-----------------------------------------------------------------------
                           Hadronic Processes for anti_deuteron
  Process: hadElastic
        Model:              hElasticLHEP: 0 eV /n ---> 100.1 MeV/n
        Model:              AntiAElastic: 100 MeV/n ---> 100 TeV/n
     Cr_sctns:              AntiAGlauber: 0 eV  ---> 25.6 PeV
  Process: anti_deuteronInelastic
        Model:                      FTFP: 0 eV /n ---> 100 TeV/n
     Cr_sctns:              AntiAGlauber: 0 eV  ---> 25.6 PeV
  Process: hFritiofCaptureAtRest
-------------------------------------------------------------------------
                           Hadronic Processes for anti_hypertriton
  Process: hFritiofCaptureAtRest
-----------------------------------------------------------------------
                           Hadronic Processes for anti_lambda
  Process: hadElastic
        Model:              hElasticLHEP: 0 eV  ---> 100 TeV
     Cr_sctns:            Glauber-Gribov: 0 eV  ---> 100 TeV
  Process: anti_lambdaInelastic
        Model:                      QGSP: 12 GeV ---> 100 TeV
        Model:                      FTFP: 0 eV  ---> 25 GeV
     Cr_sctns:            Glauber-Gribov: 0 eV  ---> 100 TeV
  Process: hFritiofCaptureAtRest
-----------------------------------------------------------------------
                           Hadronic Processes for anti_neutron
  Process: hadElastic
        Model:              hElasticLHEP: 0 eV  ---> 100.1 MeV
        Model:              AntiAElastic: 100 MeV ---> 100 TeV
     Cr_sctns:              AntiAGlauber: 0 eV  ---> 25.6 PeV
  Process: anti_neutronInelastic
        Model:                      FTFP: 0 eV  ---> 100 TeV
     Cr_sctns:              AntiAGlauber: 0 eV  ---> 25.6 PeV
  Process: hFritiofCaptureAtRest
-----------------------------------------------------------------------
                           Hadronic Processes for anti_proton
  Process: hadElastic
        Model:              hElasticLHEP: 0 eV  ---> 100.1 MeV
        Model:              AntiAElastic: 100 MeV ---> 100 TeV
     Cr_sctns:              AntiAGlauber: 0 eV  ---> 25.6 PeV
  Process: anti_protonInelastic
        Model:                      FTFP: 0 eV  ---> 100 TeV
     Cr_sctns:              AntiAGlauber: 0 eV  ---> 25.6 PeV
  Process: hFritiofCaptureAtRest
-----------------------------------------------------------------------
                           Hadronic Processes for anti_triton
  Process: hadElastic
        Model:              hElasticLHEP: 0 eV /n ---> 100.1 MeV/n
        Model:              AntiAElastic: 100 MeV/n ---> 100 TeV/n
     Cr_sctns:              AntiAGlauber: 0 eV  ---> 25.6 PeV
  Process: anti_tritonInelastic
        Model:                      FTFP: 0 eV /n ---> 100 TeV/n
     Cr_sctns:              AntiAGlauber: 0 eV  ---> 25.6 PeV
  Process: hFritiofCaptureAtRest
-----------------------------------------------------------------------
                           Hadronic Processes for deuteron
  Process: hadElastic
        Model:              hElasticLHEP: 0 eV /n ---> 100 TeV/n
     Cr_sctns:  Glauber-Gribov Nucl-nucl: 0 eV  ---> 25.6 PeV
  Process: dInelastic
        Model:  Binary Light Ion Cascade: 0 eV /n ---> 6 GeV/n
        Model:                      FTFP: 3 GeV/n ---> 100 TeV/n
     Cr_sctns:  Glauber-Gribov Nucl-nucl: 0 eV  ---> 25.6 PeV
-----------------------------------------------------------------------
                           Hadronic Processes for e+
  Process: positronNuclear
        Model:   G4ElectroVDNuclearModel: 0 eV  ---> 1 PeV
     Cr_sctns:          ElectroNuclearXS: 0 eV  ---> 100 TeV
-----------------------------------------------------------------------
                           Hadronic Processes for e-
  Process: electronNuclear
        Model:   G4ElectroVDNuclearModel: 0 eV  ---> 1 PeV
     Cr_sctns:          ElectroNuclearXS: 0 eV  ---> 100 TeV
-----------------------------------------------------------------------
                           Hadronic Processes for gamma
  Process: photonNuclear
        Model:               GammaNPreco: 0 eV  ---> 200 MeV
        Model:            BertiniCascade: 199 MeV ---> 6 GeV
        Model:           TheoFSGenerator: 3 GeV ---> 100 TeV
     Cr_sctns:            GammaNuclearXS: 0 eV  ---> 100 TeV
-----------------------------------------------------------------------
                           Hadronic Processes for kaon+
  Process: hadElastic
        Model:              hElasticLHEP: 0 eV  ---> 100 TeV
     Cr_sctns:            Glauber-Gribov: 0 eV  ---> 100 TeV
  Process: kaon+Inelastic
        Model:                      QGSP: 12 GeV ---> 100 TeV
        Model:                      FTFP: 3 GeV ---> 25 GeV
        Model:            BertiniCascade: 0 eV  ---> 6 GeV
     Cr_sctns:            Glauber-Gribov: 0 eV  ---> 100 TeV
-----------------------------------------------------------------------
                           Hadronic Processes for kaon-
  Process: hadElastic
        Model:              hElasticLHEP: 0 eV  ---> 100 TeV
     Cr_sctns:            Glauber-Gribov: 0 eV  ---> 100 TeV
  Process: kaon-Inelastic
        Model:                      QGSP: 12 GeV ---> 100 TeV
        Model:                      FTFP: 3 GeV ---> 25 GeV
        Model:            BertiniCascade: 0 eV  ---> 6 GeV
     Cr_sctns:            Glauber-Gribov: 0 eV  ---> 100 TeV
  Process: hBertiniCaptureAtRest
-----------------------------------------------------------------------
                           Hadronic Processes for lambda
  Process: hadElastic
        Model:              hElasticLHEP: 0 eV  ---> 100 TeV
     Cr_sctns:            Glauber-Gribov: 0 eV  ---> 100 TeV
  Process: lambdaInelastic
        Model:                      QGSP: 12 GeV ---> 100 TeV
        Model:                      FTFP: 3 GeV ---> 25 GeV
        Model:            BertiniCascade: 0 eV  ---> 6 GeV
     Cr_sctns:            Glauber-Gribov: 0 eV  ---> 100 TeV
-----------------------------------------------------------------------
                           Hadronic Processes for mu+
  Process: muonNuclear
        Model:      G4MuonVDNuclearModel: 0 eV  ---> 1 PeV
     Cr_sctns:     KokoulinMuonNuclearXS: 0 eV  ---> 100 TeV
-----------------------------------------------------------------------
                           Hadronic Processes for mu-
  Process: muonNuclear
        Model:      G4MuonVDNuclearModel: 0 eV  ---> 1 PeV
     Cr_sctns:     KokoulinMuonNuclearXS: 0 eV  ---> 100 TeV
  Process: muMinusCaptureAtRest
-----------------------------------------------------------------------
                           Hadronic Processes for pi+
  Process: hadElastic
        Model:           hElasticGlauber: 0 eV  ---> 100 TeV
     Cr_sctns:  BarashenkovGlauberGribov: 0 eV  ---> 100 TeV
  Process: pi+Inelastic
        Model:                      QGSP: 12 GeV ---> 100 TeV
        Model:                      FTFP: 3 GeV ---> 25 GeV
        Model:            BertiniCascade: 0 eV  ---> 6 GeV
     Cr_sctns:  BarashenkovGlauberGribov: 0 eV  ---> 100 TeV
-----------------------------------------------------------------------
                           Hadronic Processes for pi-
  Process: hadElastic
        Model:           hElasticGlauber: 0 eV  ---> 100 TeV
     Cr_sctns:  BarashenkovGlauberGribov: 0 eV  ---> 100 TeV
  Process: pi-Inelastic
        Model:                      QGSP: 12 GeV ---> 100 TeV
        Model:                      FTFP: 3 GeV ---> 25 GeV
        Model:            BertiniCascade: 0 eV  ---> 6 GeV
     Cr_sctns:  BarashenkovGlauberGribov: 0 eV  ---> 100 TeV
  Process: hBertiniCaptureAtRest
-----------------------------------------------------------------------
                           Hadronic Processes for proton
  Process: hadElastic
        Model:             hElasticCHIPS: 0 eV  ---> 100 TeV
     Cr_sctns:  BarashenkovGlauberGribov: 0 eV  ---> 100 TeV
  Process: protonInelastic
        Model:                      QGSP: 12 GeV ---> 100 TeV
        Model:                      FTFP: 3 GeV ---> 25 GeV
        Model:            Binary Cascade: 0 eV  ---> 6 GeV
     Cr_sctns:  BarashenkovGlauberGribov: 0 eV  ---> 100 TeV
-----------------------------------------------------------------------
                           Hadronic Processes for sigma-
  Process: hadElastic
        Model:              hElasticLHEP: 0 eV  ---> 100 TeV
     Cr_sctns:            Glauber-Gribov: 0 eV  ---> 100 TeV
  Process: sigma-Inelastic
        Model:                      QGSP: 12 GeV ---> 100 TeV
        Model:                      FTFP: 3 GeV ---> 25 GeV
        Model:            BertiniCascade: 0 eV  ---> 6 GeV
     Cr_sctns:            Glauber-Gribov: 0 eV  ---> 100 TeV
  Process: hBertiniCaptureAtRest
-----------------------------------------------------------------------
                           Hadronic Processes for triton
  Process: hadElastic
        Model:              hElasticLHEP: 0 eV /n ---> 100 TeV/n
     Cr_sctns:  Glauber-Gribov Nucl-nucl: 0 eV  ---> 25.6 PeV
  Process: tInelastic
        Model:  Binary Light Ion Cascade: 0 eV /n ---> 6 GeV/n
        Model:                      FTFP: 3 GeV/n ---> 100 TeV/n
     Cr_sctns:  Glauber-Gribov Nucl-nucl: 0 eV  ---> 25.6 PeV
=======================================================================
======       Geant4 Native Pre-compound Model Parameters       ========
=======================================================================
Type of pre-compound inverse x-section              3
Pre-compound model active                           1
Pre-compound excitation low energy                  100 keV
Pre-compound excitation high energy                 30 MeV
Angular generator for pre-compound model            1
Use NeverGoBack option for pre-compound model       0
Use SoftCutOff option for pre-compound model        0
Use CEM transitions for pre-compound model          1
Use GNASH transitions for pre-compound model        0
Use HETC submodel for pre-compound model            0
=======================================================================
======       Nuclear De-excitation Module Parameters           ========
=======================================================================
Type of de-excitation inverse x-section             3
Type of de-excitation factory                       Evaporation+GEM
Number of de-excitation channels                    68
Min excitation energy                               10 eV 
Min energy per nucleon for multifragmentation       200 GeV
Limit excitation energy for Fermi BreakUp           20 MeV
Level density (1/MeV)                               0.075
Use simple level density model                      1
Use discrete excitation energy of the residual      1
Time limit for long lived isomeres                  1 ns 
Isomer production flag                              1
Internal e- conversion flag                         1
Store e- internal conversion data                   0
Correlated gamma emission flag                      0
Max 2J for sampling of angular correlations         10
=======================================================================

=========================================================================
--> G4TaskRunManager::CreateAndStartWorkers() --> Initializing workers...
=========================================================================

SIPM_CONFIG cells=3600 cells_x=60 cells_y=60 active_mm=SIPM_CONFIG cells=3600 cells_x=60 cells_y=360x active_mm=33 recovery_ns=x3 recovery_ns=30 dcr_hz=30 dcr_hz=500000 dark_enabled=1 crosstalk=500000 dark_enabled=1 crosstalk=0.03 afterpulse_fast=0.01 window_start_ns=0.03-20 window_end_ns= afterpulse_fast=250 sample_dt_ns=0.01 window_start_ns=0.5 adc_bits=12 adc_lsb_pe=-20 window_end_ns=0.01 baseline_adc=250 sample_dt_ns=200 overvoltage_V=30.5 temperature_C= adc_bits=12 adc_lsb_pe=0.01 baseline_adc=25200 trigger_recovery_model=EXPONENTIAL gain_recovery_model=EXPONENTIAL_H1_SHARED
 overvoltage_V=3 temperature_C=25 trigger_recovery_model=EXPONENTIAL gain_recovery_model=EXPONENTIAL_H1_SHARED
SIPM_CONFIG cells=3600 cells_x=60 cells_y=60 active_mm=3x3 recovery_ns=30 dcr_hz=500000 dark_enabled=1 crosstalk=0.03 afterpulse_fast=0.01 window_start_ns=-20 window_end_ns=250 sample_dt_ns=0.5 adc_bits=12 adc_lsb_pe=0.01 baseline_adc=200 overvoltage_V=3 temperature_C=25 trigger_recovery_model=EXPONENTIAL gain_recovery_model=EXPONENTIAL_H1_SHARED
SIPM_CONFIG cells=3600 cells_x=60 cells_y=60 active_mm=3x3 recovery_ns=30 dcr_hz=500000 dark_enabled=1 crosstalk=0.03 afterpulse_fast=0.01 window_start_ns=-20 window_end_ns=250 sample_dt_ns=0.5 adc_bits=12 adc_lsb_pe=0.01 baseline_adc=200 overvoltage_V=3 temperature_C=25 trigger_recovery_model=EXPONENTIAL gain_recovery_model=EXPONENTIAL_H1_SHARED
SIPM_CONFIG cells=3600 cells_x=60 cells_y=60 active_mm=3x3 recovery_ns=30 dcr_hz=500000 dark_enabled=1 crosstalk=0.03 afterpulse_fast=0.01 window_start_ns=-20 window_end_ns=250 sample_dt_ns=0.5 adc_bits=12 adc_lsb_pe=0.01 baseline_adc=200 overvoltage_V=3 temperature_C=25 trigger_recovery_model=EXPONENTIAL gain_recovery_model=EXPONENTIAL_H1_SHARED
SIPM_CONFIG cells=3600 cells_x=60 cells_y=60 active_mm=3x3 recovery_ns=30 dcr_hz=500000 dark_enabled=1 crosstalk=0.03 afterpulse_fast=0.01 window_start_ns=-20 window_end_ns=250 sample_dt_ns=0.5 adc_bits=12 adc_lsb_pe=0.01 baseline_adc=200 overvoltage_V=3 temperature_C=25 trigger_recovery_model=EXPONENTIAL gain_recovery_model=EXPONENTIAL_H1_SHARED
SIPM_CONFIG cells=3600 cells_x=60 cells_y=60 active_mm=3x3 recovery_ns=30 dcr_hz=500000 dark_enabled=1 crosstalk=0.03 afterpulse_fast=0.01 window_start_ns=-20 window_end_ns=250 sample_dt_ns=0.5 adc_bits=12 adc_lsb_pe=0.01 baseline_adc=200 overvoltage_V=3 temperature_C=25 trigger_recovery_model=EXPONENTIAL gain_recovery_model=EXPONENTIAL_H1_SHARED
SIPM_CONFIG cells=3600 cells_x=60 cells_y=60 active_mm=3x3 recovery_ns=30 dcr_hz=500000 dark_enabled=1 crosstalk=0.03 afterpulse_fast=0.01 window_start_ns=-20 window_end_ns=250 sample_dt_ns=0.5 adc_bits=12 adc_lsb_pe=0.01 baseline_adc=200 overvoltage_V=3 temperature_C=25 trigger_recovery_model=EXPONENTIAL gain_recovery_model=EXPONENTIAL_H1_SHARED
SIPM_CONFIG cells=3600 cells_x=60 cells_y=60 active_mm=3x3 recovery_ns=30 dcr_hz=500000 dark_enabled=1 crosstalk=0.03 afterpulse_fast=0.01 window_start_ns=-20 window_end_ns=250 sample_dt_ns=0.5 adc_bits=12 adc_lsb_pe=0.01 baseline_adc=200 overvoltage_V=3 temperature_C=25 trigger_recovery_model=EXPONENTIAL gain_recovery_model=EXPONENTIAL_H1_SHARED
SIPM_CONFIG cells=3600 cells_x=60 cells_y=60 active_mm=3x3 recovery_ns=30 dcr_hz=500000 dark_enabled=1 crosstalk=0.03 afterpulse_fast=0.01 window_start_ns=-20 window_end_ns=250 sample_dt_ns=0.5 adc_bits=12 adc_lsb_pe=0.01 baseline_adc=200 overvoltage_V=3 temperature_C=25 trigger_recovery_model=EXPONENTIAL gain_recovery_model=EXPONENTIAL_H1_SHARED
SIPM_CONFIG cells=3600 cells_x=60 cells_y=60 active_mm=3x3 recovery_ns=30 dcr_hz=500000 dark_enabled=1 crosstalk=0.03 afterpulse_fast=0.01 window_start_ns=-20 window_end_ns=250 sample_dt_ns=0.5 adc_bits=12 adc_lsb_pe=0.01 baseline_adc=200 overvoltage_V=3 temperature_C=25 trigger_recovery_model=EXPONENTIAL gain_recovery_model=EXPONENTIAL_H1_SHARED
SIPM_CONFIG cells=3600 cells_x=60 cells_y=60 active_mm=3x3 recovery_ns=30 dcr_hz=500000 dark_enabled=1 crosstalk=0.03 afterpulse_fast=0.01 window_start_ns=-20 window_end_ns=250 sample_dt_ns=0.5 adc_bits=12 adc_lsb_pe=0.01 baseline_adc=200 overvoltage_V=3 temperature_C=25 trigger_recovery_model=EXPONENTIAL gain_recovery_model=EXPONENTIAL_H1_SHARED
SIPM_CONFIG cells=3600 cells_x=60 cells_y=60 active_mm=3x3 recovery_ns=30 dcr_hz=500000 dark_enabled=1 crosstalk=0.03 afterpulse_fast=0.01 window_start_ns=-20 window_end_ns=250 sample_dt_ns=0.5 adc_bits=12 adc_lsb_pe=0.01 baseline_adc=200 overvoltage_V=3 temperature_C=25 trigger_recovery_model=EXPONENTIAL gain_recovery_model=EXPONENTIAL_H1_SHARED
SIPM_CONFIG cells=3600 cells_x=60 cells_y=60 active_mm=3x3 recovery_ns=30 dcr_hz=500000 dark_enabled=1 crosstalk=0.03 afterpulse_fast=0.01 window_start_ns=-20 window_end_ns=250 sample_dt_ns=0.5 adc_bits=12 adc_lsb_pe=0.01 baseline_adc=200 overvoltage_V=3 temperature_C=25 trigger_recovery_model=EXPONENTIAL gain_recovery_model=EXPONENTIAL_H1_SHARED
SIPM_CONFIG cells=3600 cells_x=60 cells_y=60 active_mm=3x3 recovery_ns=30 dcr_hz=500000 dark_enabled=1 crosstalk=0.03 afterpulse_fast=0.01 window_start_ns=-20 window_end_ns=250 sample_dt_ns=0.5 adc_bits=12 adc_lsb_pe=0.01 baseline_adc=200 overvoltage_V=3 temperature_C=25 trigger_recovery_model=EXPONENTIAL gain_recovery_model=EXPONENTIAL_H1_SHARED
SIPM_CONFIG cells=3600 cells_x=60 cells_y=60 active_mm=3x3 recovery_ns=30 dcr_hz=500000 dark_enabled=1 crosstalk=0.03 afterpulse_fast=0.01 window_start_ns=-20 window_end_ns=250 sample_dt_ns=0.5 adc_bits=12 adc_lsb_pe=0.01 baseline_adc=200 overvoltage_V=3 temperature_C=25 trigger_recovery_model=EXPONENTIAL gain_recovery_model=EXPONENTIAL_H1_SHARED
CCB_NEUTRON_TIMECUT policy_id=pin_qgsp_bic_default_10us time_cut_us=10 status=PINNED_REFERENCE_DEFAULT
RUN_CONFIG particle=proton KE_MeV=5 nevents=2000 threads_requested=16 threads_effective=16 g4_force_threads=unset seed=1623 hit_x_cm=0 hit_y_cm=0 theta_deg=0 phi_deg=0 allow_miss=0 beam_profile_id=AREA_UNIFORM_CONE_SPREAD sample_position=1 hit_x_min_cm=-22 hit_x_max_cm=22 hit_y_min_cm=-2.2 hit_y_max_cm=2.2 sample_angle=1 theta_spread_deg=10 write_photon_ntuple=0 optical_max_time_ns=1000 optical_max_steps=200000 birks_kB=0.126 quenching_model_id=birks_geant4 quenching_model_status=HYPOTHESIS quenching_claims_authorized=false production_cut_mm=0.1 physics_list=QGSP_BIC neutron_timecut_policy_id=pin_qgsp_bic_default_10us neutron_time_cut_us=10 neutron_tracking_time_cut_configured=1 neutron_diagnostics=0 reflectivity_scale=1 attenuation_scale(deprecated)=1 scintillator_absorption_scale=1 y11_bulk_attenuation_scale=1 pde_scale=1 collection_efficiency=1 optical_interface_model=UNKNOWN_EXTERNAL far_end=instrumented wls_time_profile=exponential wls_fluorescence_model=geant4_default_one_secondary wls_fluorescence_yield=0.7 mode=optical optical_dir=/projects/hep/fs10/shared/nnbar/billy/ccb-wt-1623/geant4/single_stave/build/optical strict_optical=1 output=/projects/hep/fs10/shared/nnbar/billy/ccb1623_campaign/stave_proton_5MeV_A_s1623.root gpu_optical=0 optical_out= dump_gdml= geometry_hash=e323b92195f9a6288944f0738dbadccf9386422f076362ca172fd0b6d119d1e1

==========================================================================================
--> G4TaskRunManager::CreateAndStartWorkers() --> Creating 45 tasks with 44 events/task...
==========================================================================================

SIPM_ARRIVALS event=352 total=271
SIPM_ADC event=352 readout=990 f1far=1013 f2near=996 f2far=1133
SIPM_ARRIVALS event=396 total=295
SIPM_ADC event=396 readout=1278 f1far=1977 f2near=740 f2far=2254
SIPM_ARRIVALS event=132 total=207
SIPM_ADC event=132 readout=870 f1far=1391 f2near=512 f2far=814
SIPM_ARRIVALS event=308 total=276
SIPM_ADC event=308 readout=1122 f1far=867 f2near=1051 f2far=930
SIPM_ARRIVALS event=572 total=267
SIPM_ADC event=572 readout=1049 f1far=1142 f2near=997 f2far=1134
SIPM_ARRIVALS event=616 total=275
SIPM_ADC event=616 readout=1447 f1far=1116 f2near=1360 f2far=1117
SIPM_ARRIVALS event=660 total=257
SIPM_ADC event=660 readout=1218 f1far=484 f2near=1368 f2far=1134
SIPM_ARRIVALS event=528 total=289
SIPM_ADC event=528 readout=539 f1far=1045 f2near=1181 f2far=1683
SIPM_ARRIVALS event=0 total=252
SIPM_ADC event=0 readout=1040 f1far=1285 f2near=764 f2far=1433
SIPM_ARRIVALS event=88 total=241
SIPM_ADC event=88 readout=1346 f1far=959 f2near=980 f2far=707
SIPM_ARRIVALS event=264 total=266
SIPM_ADC event=264 readout=1099 f1far=780 f2near=1540 f2far=838
SIPM_ARRIVALS event=44 total=273
SIPM_ADC event=44 readout=624 f1far=1145 f2near=1062 f2far=1490
SIPM_ARRIVALS event=440 total=253
SIPM_ADC event=440 readout=1277 f1far=1598 f2near=1022 f2far=805
SIPM_ARRIVALS event=220 total=284
SIPM_ADC event=220 readout=1688 f1far=817 f2near=1699 f2far=954
SIPM_ARRIVALS event=176 total=273
SIPM_ADC event=176 readout=1550 f1far=1396 f2near=852 f2far=698
SIPM_ARRIVALS event=484 total=228
SIPM_ADC event=484 readout=745 f1far=1065 f2near=1079 f2far=1015
SIPM_ARRIVALS event=265 total=228
SIPM_ADC event=265 readout=323 f1far=1704 f2near=724 f2far=1155
SIPM_ARRIVALS event=397 total=235
SIPM_ADC event=397 readout=1068 f1far=1920 f2near=823 f2far=431
SIPM_ARRIVALS event=309 total=253
SIPM_ADC event=309 readout=1208 f1far=896 f2near=1435 f2far=630
SIPM_ARRIVALS event=133 total=277
SIPM_ADC event=133 readout=466 f1far=1113 f2near=999 f2far=1567
SIPM_ARRIVALS event=353 total=309
SIPM_ADC event=353 readout=2051 f1far=1146 f2near=1690 f2far=1102
SIPM_ARRIVALS event=661 total=272
SIPM_ADC event=661 readout=1040 f1far=996 f2near=1513 f2far=1452
SIPM_ARRIVALS event=441 total=228
SIPM_ADC event=441 readout=900 f1far=873 f2near=779 f2far=998
SIPM_ARRIVALS event=221 total=236
SIPM_ADC event=221 readout=1349 f1far=1154 f2near=899 f2far=928
SIPM_ARRIVALS event=89 total=267
SIPM_ADC event=89 readout=705 f1far=900 f2near=702 f2far=1475
SIPM_ARRIVALS event=177 total=272
SIPM_ADC event=177 readout=1031 f1far=1233 f2near=896 f2far=1039
SIPM_ARRIVALS event=617 total=276
SIPM_ADC event=617 readout=1157 f1far=1480 f2near=1066 f2far=971
SIPM_ARRIVALS event=529 total=236
SIPM_ADC event=529 readout=1347 f1far=1002 f2near=595 f2far=863
SIPM_ARRIVALS event=1 total=285
SIPM_ADC event=1 readout=1667 f1far=797 f2near=1957 f2far=669
SIPM_ARRIVALS event=45 total=270
SIPM_ADC event=45 readout=1034 f1far=1542 f2near=1060 f2far=1635
SIPM_ARRIVALS event=485 total=259
SIPM_ADC event=485 readout=1362 f1far=1474 f2near=1124 f2far=785
SIPM_ARRIVALS event=573 total=295
SIPM_ADC event=573 readout=775 f1far=921 f2near=1528 f2far=1303
SIPM_ARRIVALS event=442 total=257
SIPM_ADC event=442 readout=630 f1far=1680 f2near=779 f2far=1443
SIPM_ARRIVALS event=398 total=268
SIPM_ADC event=398 readout=1161 f1far=934 f2near=1363 f2far=668
SIPM_ARRIVALS event=354 total=283
SIPM_ADC event=354 readout=838 f1far=1836 f2near=1206 f2far=703
SIPM_ARRIVALS event=2 total=272
SIPM_ADC event=2 readout=1610 f1far=968 f2near=1270 f2far=1170
SIPM_ARRIVALS event=266 total=272
SIPM_ADC event=266 readout=1024 f1far=871 f2near=952 f2far=1284
SIPM_ARRIVALS event=310 total=254
SIPM_ADC event=310 readout=1138 f1far=741 f2near=1308 f2far=1010
SIPM_ARRIVALS event=90 total=261
SIPM_ADC event=90 readout=1201 f1far=1098 f2near=1093 f2far=821
SIPM_ARRIVALS event=662 total=266
SIPM_ADC event=662 readout=1281 f1far=998 f2near=820 f2far=1064
SIPM_ARRIVALS event=178 total=278
SIPM_ADC event=178 readout=2531 f1far=1245 f2near=1223 f2far=847
SIPM_ARRIVALS event=134 total=272
SIPM_ADC event=134 readout=828 f1far=1047 f2near=1287 f2far=1009
SIPM_ARRIVALS event=46 total=298
SIPM_ADC event=46 readout=1631 f1far=710 f2near=1383 f2far=657
SIPM_ARRIVALS event=618 total=261
SIPM_ADC event=618 readout=930 f1far=955 f2near=801 f2far=969
SIPM_ARRIVALS event=222 total=278
SIPM_ADC event=222 readout=1338 f1far=1239 f2near=1709 f2far=1002
SIPM_ARRIVALS event=574 total=266
SIPM_ADC event=574 readout=827 f1far=1314 f2near=599 f2far=856
SIPM_ARRIVALS event=486 total=272
SIPM_ADC event=486 readout=1477 f1far=1045 f2near=903 f2far=847
SIPM_ARRIVALS event=530 total=279
SIPM_ADC event=530 readout=1062 f1far=1050 f2near=1604 f2far=865
SIPM_ARRIVALS event=443 total=223
SIPM_ADC event=443 readout=589 f1far=1032 f2near=576 f2far=927
SIPM_ARRIVALS event=91 total=234
SIPM_ADC event=91 readout=1060 f1far=1290 f2near=1132 f2far=479
SIPM_ARRIVALS event=3 total=268
SIPM_ADC event=3 readout=1093 f1far=1561 f2near=1002 f2far=1619
SIPM_ARRIVALS event=311 total=286
SIPM_ADC event=311 readout=1230 f1far=1475 f2near=945 f2far=1395
SIPM_ARRIVALS event=399 total=265
SIPM_ADC event=399 readout=1086 f1far=1000 f2near=1076 f2far=1099
SIPM_ARRIVALS event=355 total=254
SIPM_ADC event=355 readout=975 f1far=1460 f2near=902 f2far=1917
SIPM_ARRIVALS event=663 total=256
SIPM_ADC event=663 readout=1059 f1far=996 f2near=1199 f2far=1302
SIPM_ARRIVALS event=47 total=263
SIPM_ADC event=47 readout=1381 f1far=771 f2near=1279 f2far=937
SIPM_ARRIVALS event=135 total=260
SIPM_ADC event=135 readout=1057 f1far=1316 f2near=1268 f2far=1105
SIPM_ARRIVALS event=267 total=306
SIPM_ADC event=267 readout=1661 f1far=746 f2near=1404 f2far=1443
SIPM_ARRIVALS event=223 total=254
SIPM_ADC event=223 readout=1283 f1far=1308 f2near=1237 f2far=1196
SIPM_ARRIVALS event=179 total=259
SIPM_ADC event=179 readout=1125 f1far=857 f2near=1264 f2far=1223
SIPM_ARRIVALS event=619 total=248
SIPM_ADC event=619 readout=639 f1far=1538 f2near=841 f2far=1107
SIPM_ARRIVALS event=575 total=271
SIPM_ADC event=575 readout=970 f1far=982 f2near=1331 f2far=735
SIPM_ARRIVALS event=531 total=255
SIPM_ADC event=531 readout=988 f1far=1180 f2near=895 f2far=808
SIPM_ARRIVALS event=487 total=273
SIPM_ADC event=487 readout=1384 f1far=1187 f2near=1383 f2far=746
SIPM_ARRIVALS event=444 total=245
SIPM_ADC event=444 readout=1476 f1far=1465 f2near=257 f2far=1524
SIPM_ARRIVALS event=356 total=245
SIPM_ADC event=356 readout=987 f1far=2422 f2near=752 f2far=1058
SIPM_ARRIVALS event=92 total=263
SIPM_ADC event=92 readout=980 f1far=1594 f2near=1027 f2far=1038
SIPM_ARRIVALS event=224 total=244
SIPM_ADC event=224 readout=643 f1far=1781 f2near=1056 f2far=1357
SIPM_ARRIVALS event=4 total=265
SIPM_ADC event=4 readout=1136 f1far=1000 f2near=885 f2far=1166
SIPM_ARRIVALS event=664 total=300
SIPM_ADC event=664 readout=1734 f1far=938 f2near=1591 f2far=1061
SIPM_ARRIVALS event=136 total=307
SIPM_ADC event=136 readout=1102 f1far=1330 f2near=963 f2far=1580
SIPM_ARRIVALS event=400 total=261
SIPM_ADC event=400 readout=980 f1far=378 f2near=1780 f2far=832
SIPM_ARRIVALS event=312 total=261
SIPM_ADC event=312 readout=933 f1far=1388 f2near=572 f2far=1033
SIPM_ARRIVALS event=180 total=254
SIPM_ADC event=180 readout=801 f1far=1166 f2near=795 f2far=1641
SIPM_ARRIVALS event=268 total=308
SIPM_ADC event=268 readout=1072 f1far=1146 f2near=772 f2far=1123
SIPM_ARRIVALS event=532 total=263
SIPM_ADC event=532 readout=780 f1far=1235 f2near=831 f2far=1163
SIPM_ARRIVALS event=620 total=264
SIPM_ADC event=620 readout=1364 f1far=686 f2near=1272 f2far=717
SIPM_ARRIVALS event=48 total=311
SIPM_ADC event=48 readout=1655 f1far=1502 f2near=1050 f2far=1247
SIPM_ARRIVALS event=576 total=258
SIPM_ADC event=576 readout=1131 f1far=875 f2near=1899 f2far=1234
SIPM_ARRIVALS event=488 total=258
SIPM_ADC event=488 readout=977 f1far=1461 f2near=1329 f2far=841
SIPM_ARRIVALS event=445 total=307
SIPM_ADC event=445 readout=1542 f1far=1043 f2near=1365 f2far=1173
SIPM_ARRIVALS event=357 total=277
SIPM_ADC event=357 readout=1408 f1far=1037 f2near=1491 f2far=574
SIPM_ARRIVALS event=401 total=277
SIPM_ADC event=401 readout=445 f1far=1869 f2near=1301 f2far=2211
SIPM_ARRIVALS event=93 total=260
SIPM_ADC event=93 readout=794 f1far=787 f2near=980 f2far=1164
SIPM_ARRIVALS event=533 total=273
SIPM_ADC event=533 readout=571 f1far=962 f2near=889 f2far=1451
SIPM_ARRIVALS event=225 total=283
SIPM_ADC event=225 readout=1028 f1far=1138 f2near=1332 f2far=1736
SIPM_ARRIVALS event=313 total=252
SIPM_ADC event=313 readout=1543 f1far=1351 f2near=789 f2far=1137
SIPM_ARRIVALS event=137 total=285
SIPM_ADC event=137 readout=384 f1far=1328 f2near=1205 f2far=1537
SIPM_ARRIVALS event=5 total=287
SIPM_ADC event=5 readout=1144 f1far=1769 f2near=1018 f2far=1027
SIPM_ARRIVALS event=665 total=276
SIPM_ADC event=665 readout=1234 f1far=1082 f2near=1447 f2far=952
SIPM_ARRIVALS event=181 total=243
SIPM_ADC event=181 readout=1302 f1far=984 f2near=1096 f2far=1045
SIPM_ARRIVALS event=49 total=235
SIPM_ADC event=49 readout=1030 f1far=848 f2near=1179 f2far=638
SIPM_ARRIVALS event=269 total=264
SIPM_ADC event=269 readout=1325 f1far=993 f2near=906 f2far=853
SIPM_ARRIVALS event=621 total=249
SIPM_ADC event=621 readout=1325 f1far=908 f2near=1198 f2far=783
SIPM_ARRIVALS event=577 total=252
SIPM_ADC event=577 readout=929 f1far=559 f2near=1396 f2far=1051
SIPM_ARRIVALS event=489 total=257
SIPM_ADC event=489 readout=1081 f1far=1307 f2near=697 f2far=1136
SIPM_ARRIVALS event=446 total=247
SIPM_ADC event=446 readout=712 f1far=2067 f2near=362 f2far=1110
SIPM_ARRIVALS event=402 total=280
SIPM_ADC event=402 readout=1066 f1far=1691 f2near=1178 f2far=1555
SIPM_ARRIVALS event=358 total=286
SIPM_ADC event=358 readout=850 f1far=1752 f2near=1288 f2far=977
SIPM_ARRIVALS event=666 total=256
SIPM_ADC event=666 readout=1344 f1far=1215 f2near=1172 f2far=817
SIPM_ARRIVALS event=94 total=286
SIPM_ADC event=94 readout=753 f1far=873 f2near=1221 f2far=1267
SIPM_ARRIVALS event=6 total=287
SIPM_ADC event=6 readout=1545 f1far=1081 f2near=1398 f2far=1259
SIPM_ARRIVALS event=314 total=249
SIPM_ADC event=314 readout=842 f1far=1040 f2near=700 f2far=1162
SIPM_ARRIVALS event=226 total=277
SIPM_ADC event=226 readout=1864 f1far=915 f2near=1094 f2far=1543
SIPM_ARRIVALS event=182 total=271
SIPM_ADC event=182 readout=1299 f1far=746 f2near=1440 f2far=1066
SIPM_ARRIVALS event=50 total=243
SIPM_ADC event=50 readout=1474 f1far=959 f2near=945 f2far=353
SIPM_ARRIVALS event=138 total=259
SIPM_ADC event=138 readout=1071 f1far=1072 f2near=1417 f2far=1326
SIPM_ARRIVALS event=534 total=272
SIPM_ADC event=534 readout=1324 f1far=1056 f2near=999 f2far=1072
SIPM_ARRIVALS event=622 total=255
SIPM_ADC event=622 readout=1229 f1far=910 f2near=1393 f2far=902
SIPM_ARRIVALS event=490 total=260
SIPM_ADC event=490 readout=1081 f1far=1117 f2near=1294 f2far=759
SIPM_ARRIVALS event=270 total=284
SIPM_ADC event=270 readout=1272 f1far=1053 f2near=1240 f2far=883
SIPM_ARRIVALS event=578 total=266
SIPM_ADC event=578 readout=855 f1far=1337 f2near=994 f2far=1226
SIPM_ARRIVALS event=447 total=282
SIPM_ADC event=447 readout=944 f1far=1329 f2near=1703 f2far=673
SIPM_ARRIVALS event=667 total=264
SIPM_ADC event=667 readout=388 f1far=1414 f2near=984 f2far=1114
SIPM_ARRIVALS event=403 total=261
SIPM_ADC event=403 readout=1495 f1far=913 f2near=2384 f2far=835
SIPM_ARRIVALS event=359 total=272
SIPM_ADC event=359 readout=817 f1far=778 f2near=1787 f2far=1191
SIPM_ARRIVALS event=51 total=248
SIPM_ADC event=51 readout=691 f1far=1562 f2near=363 f2far=981
SIPM_ARRIVALS event=183 total=278
SIPM_ADC event=183 readout=998 f1far=1185 f2near=1626 f2far=1031
SIPM_ARRIVALS event=315 total=254
SIPM_ADC event=315 readout=814 f1far=263 f2near=1296 f2far=964
SIPM_ARRIVALS event=95 total=282
SIPM_ADC event=95 readout=957 f1far=1678 f2near=422 f2far=1503
SIPM_ARRIVALS event=7 total=244
SIPM_ADC event=7 readout=948 f1far=1109 f2near=1655 f2far=881
SIPM_ARRIVALS event=623 total=255
SIPM_ADC event=623 readout=912 f1far=931 f2near=1437 f2far=918
SIPM_ARRIVALS event=139 total=252
SIPM_ADC event=139 readout=1152 f1far=922 f2near=942 f2far=1052
SIPM_ARRIVALS event=227 total=278
SIPM_ADC event=227 readout=1025 f1far=1146 f2near=745 f2far=1809
SIPM_ARRIVALS event=491 total=280
SIPM_ADC event=491 readout=1007 f1far=1015 f2near=948 f2far=1047
SIPM_ARRIVALS event=535 total=246
SIPM_ADC event=535 readout=823 f1far=1536 f2near=920 f2far=1098
SIPM_ARRIVALS event=271 total=259
SIPM_ADC event=271 readout=1659 f1far=580 f2near=1263 f2far=724
SIPM_ARRIVALS event=579 total=293
SIPM_ADC event=579 readout=705 f1far=1909 f2near=1025 f2far=1838
SIPM_ARRIVALS event=52 total=245
SIPM_ADC event=52 readout=941 f1far=1583 f2near=792 f2far=1249
SIPM_ARRIVALS event=448 total=259
SIPM_ADC event=448 readout=1299 f1far=1255 f2near=895 f2far=1055
SIPM_ARRIVALS event=360 total=264
SIPM_ADC event=360 readout=1427 f1far=1707 f2near=606 f2far=1334
SIPM_ARRIVALS event=668 total=259
SIPM_ADC event=668 readout=1282 f1far=833 f2near=931 f2far=727
SIPM_ARRIVALS event=404 total=286
SIPM_ADC event=404 readout=1567 f1far=694 f2near=1997 f2far=1285
SIPM_ARRIVALS event=184 total=281
SIPM_ADC event=184 readout=461 f1far=1856 f2near=690 f2far=2065
SIPM_ARRIVALS event=228 total=237
SIPM_ADC event=228 readout=1248 f1far=598 f2near=1074 f2far=1048
SIPM_ARRIVALS event=316 total=262
SIPM_ADC event=316 readout=849 f1far=803 f2near=1135 f2far=1303
SIPM_ARRIVALS event=8 total=284
SIPM_ADC event=8 readout=1041 f1far=966 f2near=1378 f2far=965
SIPM_ARRIVALS event=96 total=265
SIPM_ADC event=96 readout=674 f1far=805 f2near=970 f2far=1578
SIPM_ARRIVALS event=624 total=240
SIPM_ADC event=624 readout=885 f1far=1255 f2near=442 f2far=1038
SIPM_ARRIVALS event=140 total=267
SIPM_ADC event=140 readout=908 f1far=1619 f2near=1219 f2far=1070
SIPM_ARRIVALS event=580 total=283
SIPM_ADC event=580 readout=2061 f1far=1115 f2near=1638 f2far=873
SIPM_ARRIVALS event=492 total=285
SIPM_ADC event=492 readout=878 f1far=2225 f2near=709 f2far=1040
SIPM_ARRIVALS event=272 total=256
SIPM_ADC event=272 readout=873 f1far=971 f2near=1453 f2far=891
SIPM_ARRIVALS event=536 total=250
SIPM_ADC event=536 readout=1636 f1far=1321 f2near=725 f2far=869
SIPM_ARRIVALS event=449 total=280
SIPM_ADC event=449 readout=1028 f1far=1316 f2near=1113 f2far=1029
SIPM_ARRIVALS event=361 total=294
SIPM_ADC event=361 readout=1339 f1far=829 f2near=1454 f2far=1122
SIPM_ARRIVALS event=669 total=239
SIPM_ADC event=669 readout=805 f1far=1100 f2near=1029 f2far=868
SIPM_ARRIVALS event=317 total=254
SIPM_ADC event=317 readout=1950 f1far=990 f2near=1260 f2far=820
SIPM_ARRIVALS event=53 total=281
SIPM_ADC event=53 readout=1267 f1far=692 f2near=1230 f2far=886
SIPM_ARRIVALS event=185 total=227
SIPM_ADC event=185 readout=697 f1far=866 f2near=704 f2far=1299
SIPM_ARRIVALS event=229 total=258
SIPM_ADC event=229 readout=1492 f1far=1017 f2near=1084 f2far=1174
SIPM_ARRIVALS event=97 total=260
SIPM_ADC event=97 readout=951 f1far=557 f2near=1456 f2far=1018
SIPM_ARRIVALS event=405 total=295
SIPM_ADC event=405 readout=1150 f1far=1876 f2near=1313 f2far=883
SIPM_ARRIVALS event=9 total=277
SIPM_ADC event=9 readout=1874 f1far=1059 f2near=1308 f2far=660
SIPM_ARRIVALS event=625 total=244
SIPM_ADC event=625 readout=1041 f1far=1186 f2near=811 f2far=926
SIPM_ARRIVALS event=581 total=269
SIPM_ADC event=581 readout=1141 f1far=667 f2near=1172 f2far=1368
SIPM_ARRIVALS event=141 total=278
SIPM_ADC event=141 readout=1557 f1far=1131 f2near=1149 f2far=1201
SIPM_ARRIVALS event=493 total=273
SIPM_ADC event=493 readout=1152 f1far=951 f2near=1794 f2far=1179
SIPM_ARRIVALS event=273 total=304
SIPM_ADC event=273 readout=1143 f1far=1119 f2near=965 f2far=1246
SIPM_ARRIVALS event=537 total=234
SIPM_ADC event=537 readout=889 f1far=1766 f2near=1090 f2far=861
SIPM_ARRIVALS event=450 total=273
SIPM_ADC event=450 readout=1002 f1far=1078 f2near=742 f2far=1915
SIPM_ARRIVALS event=670 total=283
SIPM_ADC event=670 readout=822 f1far=1417 f2near=1030 f2far=1628
SIPM_ARRIVALS event=54 total=268
SIPM_ADC event=54 readout=832 f1far=1150 f2near=1166 f2far=1307
SIPM_ARRIVALS event=318 total=259
SIPM_ADC event=318 readout=1293 f1far=1070 f2near=990 f2far=1330
SIPM_ARRIVALS event=362 total=272
SIPM_ADC event=362 readout=725 f1far=961 f2near=948 f2far=1508
SIPM_ARRIVALS event=186 total=242
SIPM_ADC event=186 readout=800 f1far=455 f2near=889 f2far=1368
SIPM_ARRIVALS event=10 total=299
SIPM_ADC event=10 readout=897 f1far=632 f2near=2149 f2far=1083
SIPM_ARRIVALS event=406 total=284
SIPM_ADC event=406 readout=1694 f1far=818 f2near=1971 f2far=771
SIPM_ARRIVALS event=98 total=255
SIPM_ADC event=98 readout=759 f1far=1179 f2near=1283 f2far=859
SIPM_ARRIVALS event=230 total=267
SIPM_ADC event=230 readout=905 f1far=478 f2near=1175 f2far=893
SIPM_ARRIVALS event=626 total=294
SIPM_ADC event=626 readout=1115 f1far=1085 f2near=639 f2far=1651
SIPM_ARRIVALS event=142 total=269
SIPM_ADC event=142 readout=1019 f1far=1178 f2near=702 f2far=1689
SIPM_ARRIVALS event=582 total=315
SIPM_ADC event=582 readout=1394 f1far=1482 f2near=1492 f2far=1128
SIPM_ARRIVALS event=274 total=254
SIPM_ADC event=274 readout=1146 f1far=950 f2near=954 f2far=1131
SIPM_ARRIVALS event=538 total=295
SIPM_ADC event=538 readout=1423 f1far=803 f2near=1548 f2far=466
SIPM_ARRIVALS event=494 total=280
SIPM_ADC event=494 readout=1464 f1far=1094 f2near=1261 f2far=575
SIPM_ARRIVALS event=451 total=269
SIPM_ADC event=451 readout=815 f1far=1104 f2near=1341 f2far=1386
SIPM_ARRIVALS event=671 total=258
SIPM_ADC event=671 readout=990 f1far=1079 f2near=817 f2far=1497
SIPM_ARRIVALS event=319 total=264
SIPM_ADC event=319 readout=940 f1far=1171 f2near=1212 f2far=1816
SIPM_ARRIVALS event=363 total=277
SIPM_ADC event=363 readout=922 f1far=1423 f2near=542 f2far=1020
SIPM_ARRIVALS event=55 total=273
SIPM_ADC event=55 readout=1066 f1far=1276 f2near=453 f2far=1528
SIPM_ARRIVALS event=187 total=288
SIPM_ADC event=187 readout=1075 f1far=1399 f2near=920 f2far=1195
SIPM_ARRIVALS event=11 total=258
SIPM_ADC event=11 readout=667 f1far=979 f2near=1230 f2far=1446
SIPM_ARRIVALS event=99 total=254
SIPM_ADC event=99 readout=494 f1far=568 f2near=1420 f2far=1125
SIPM_ARRIVALS event=231 total=266
SIPM_ADC event=231 readout=1251 f1far=1173 f2near=1020 f2far=1400
SIPM_ARRIVALS event=407 total=261
SIPM_ADC event=407 readout=1298 f1far=1399 f2near=1534 f2far=697
SIPM_ARRIVALS event=627 total=288
SIPM_ADC event=627 readout=1704 f1far=1303 f2near=1417 f2far=1255
SIPM_ARRIVALS event=583 total=254
SIPM_ADC event=583 readout=815 f1far=1422 f2near=1429 f2far=555
SIPM_ARRIVALS event=143 total=253
SIPM_ADC event=143 readout=1278 f1far=1097 f2near=1432 f2far=720
SIPM_ARRIVALS event=275 total=249
SIPM_ADC event=275 readout=924 f1far=676 f2near=1182 f2far=1029
SIPM_ARRIVALS event=539 total=262
SIPM_ADC event=539 readout=1257 f1far=967 f2near=1049 f2far=858
SIPM_ARRIVALS event=495 total=291
SIPM_ADC event=495 readout=1328 f1far=976 f2near=1378 f2far=1819
SIPM_ARRIVALS event=452 total=283
SIPM_ADC event=452 readout=665 f1far=1300 f2near=876 f2far=988
SIPM_ARRIVALS event=672 total=287
SIPM_ADC event=672 readout=1419 f1far=1281 f2near=888 f2far=1122
SIPM_ARRIVALS event=320 total=255
SIPM_ADC event=320 readout=1436 f1far=899 f2near=896 f2far=990
SIPM_ARRIVALS event=188 total=237
SIPM_ADC event=188 readout=1052 f1far=1028 f2near=886 f2far=1075
SIPM_ARRIVALS event=364 total=232
SIPM_ADC event=364 readout=1096 f1far=1664 f2near=910 f2far=1489
SIPM_ARRIVALS event=56 total=284
SIPM_ADC event=56 readout=1128 f1far=848 f2near=1083 f2far=1031
SIPM_ARRIVALS event=12 total=278
SIPM_ADC event=12 readout=1561 f1far=696 f2near=1945 f2far=1007
SIPM_ARRIVALS event=408 total=248
SIPM_ADC event=408 readout=1140 f1far=1179 f2near=878 f2far=1238
SIPM_ARRIVALS event=232 total=300
SIPM_ADC event=232 readout=1721 f1far=1712 f2near=722 f2far=1460
SIPM_ARRIVALS event=100 total=290
SIPM_ADC event=100 readout=885 f1far=717 f2near=2005 f2far=632
SIPM_ARRIVALS event=628 total=267
SIPM_ADC event=628 readout=637 f1far=1318 f2near=783 f2far=2026
SIPM_ARRIVALS event=584 total=282
SIPM_ADC event=584 readout=1916 f1far=1474 f2near=1357 f2far=1346
SIPM_ARRIVALS event=144 total=286
SIPM_ADC event=144 readout=993 f1far=1832 f2near=1048 f2far=1793
SIPM_ARRIVALS event=276 total=261
SIPM_ADC event=276 readout=1125 f1far=1198 f2near=1392 f2far=1290
SIPM_ARRIVALS event=496 total=253
SIPM_ADC event=496 readout=1075 f1far=646 f2near=1815 f2far=849
SIPM_ARRIVALS event=540 total=249
SIPM_ADC event=540 readout=1154 f1far=1096 f2near=1372 f2far=418
SIPM_ARRIVALS event=453 total=266
SIPM_ADC event=453 readout=1300 f1far=1142 f2near=1235 f2far=1274
SIPM_ARRIVALS event=365 total=274
SIPM_ADC event=365 readout=915 f1far=1505 f2near=818 f2far=1144
SIPM_ARRIVALS event=673 total=272
SIPM_ADC event=673 readout=1458 f1far=851 f2near=1311 f2far=972
SIPM_ARRIVALS event=321 total=255
SIPM_ADC event=321 readout=974 f1far=1088 f2near=1331 f2far=881
SIPM_ARRIVALS event=13 total=237
SIPM_ADC event=13 readout=740 f1far=720 f2near=1203 f2far=1062
SIPM_ARRIVALS event=57 total=292
SIPM_ADC event=57 readout=1663 f1far=1381 f2near=1588 f2far=1276
SIPM_ARRIVALS event=189 total=257
SIPM_ADC event=189 readout=733 f1far=889 f2near=1374 f2far=1119
SIPM_ARRIVALS event=409 total=269
SIPM_ARRIVALS event=233 total=290
SIPM_ADC event=409 readout=1216 f1far=1139 f2near=1597 f2far=850
SIPM_ADC event=233 readout=1215 f1far=1096 f2near=1705 f2far=1630
SIPM_ARRIVALS event=629 total=275
SIPM_ADC event=629 readout=1073 f1far=785 f2near=1361 f2far=1302
SIPM_ARRIVALS event=101 total=274
SIPM_ADC event=101 readout=1002 f1far=1128 f2near=1305 f2far=1346
SIPM_ARRIVALS event=585 total=247
SIPM_ADC event=585 readout=1029 f1far=1290 f2near=804 f2far=909
SIPM_ARRIVALS event=277 total=246
SIPM_ADC event=277 readout=909 f1far=604 f2near=1282 f2far=1226
SIPM_ARRIVALS event=145 total=276
SIPM_ADC event=145 readout=1519 f1far=625 f2near=1433 f2far=930
SIPM_ARRIVALS event=541 total=249
SIPM_ADC event=541 readout=618 f1far=891 f2near=665 f2far=1890
SIPM_ARRIVALS event=497 total=259
SIPM_ADC event=497 readout=1681 f1far=751 f2near=1224 f2far=1041
SIPM_ARRIVALS event=454 total=262
SIPM_ADC event=454 readout=1598 f1far=850 f2near=1205 f2far=746
SIPM_ARRIVALS event=674 total=241
SIPM_ADC event=674 readout=1409 f1far=1086 f2near=650 f2far=1280
SIPM_ARRIVALS event=366 total=245
SIPM_ADC event=366 readout=1452 f1far=1498 f2near=856 f2far=1026
SIPM_ARRIVALS event=410 total=237
SIPM_ADC event=410 readout=1252 f1far=1328 f2near=516 f2far=1009
SIPM_ARRIVALS event=58 total=239
SIPM_ADC event=58 readout=583 f1far=608 f2near=1547 f2far=1196
SIPM_ARRIVALS event=14 total=282
SIPM_ADC event=14 readout=1309 f1far=797 f2near=1521 f2far=864
SIPM_ARRIVALS event=322 total=265
SIPM_ADC event=322 readout=809 f1far=804 f2near=1047 f2far=1085
SIPM_ARRIVALS event=190 total=279
SIPM_ADC event=190 readout=1692 f1far=867 f2near=1190 f2far=515
SIPM_ARRIVALS event=234 total=252
SIPM_ADC event=234 readout=900 f1far=1189 f2near=1415 f2far=1378
SIPM_ARRIVALS event=586 total=274
SIPM_ADC event=586 readout=1376 f1far=719 f2near=1177 f2far=714
SIPM_ARRIVALS event=630 total=275
SIPM_ADC event=630 readout=1247 f1far=766 f2near=1224 f2far=1293
SIPM_ARRIVALS event=278 total=278
SIPM_ADC event=278 readout=740 f1far=1269 f2near=806 f2far=1726
SIPM_ARRIVALS event=102 total=258
SIPM_ADC event=102 readout=828 f1far=1292 f2near=1073 f2far=1132
SIPM_ARRIVALS event=146 total=271
SIPM_ADC event=146 readout=1981 f1far=1125 f2near=1156 f2far=540
SIPM_ARRIVALS event=542 total=289
SIPM_ADC event=542 readout=1086 f1far=1523 f2near=803 f2far=1622
SIPM_ARRIVALS event=455 total=279
SIPM_ADC event=455 readout=1310 f1far=1266 f2near=1302 f2far=624
SIPM_ARRIVALS event=498 total=272
SIPM_ADC event=498 readout=1637 f1far=922 f2near=851 f2far=867
SIPM_ARRIVALS event=411 total=270
SIPM_ADC event=411 readout=1617 f1far=800 f2near=1550 f2far=533
SIPM_ARRIVALS event=367 total=269
SIPM_ADC event=367 readout=910 f1far=1007 f2near=819 f2far=1629
SIPM_ARRIVALS event=675 total=270
SIPM_ADC event=675 readout=477 f1far=1481 f2near=417 f2far=1756
SIPM_ARRIVALS event=191 total=254
SIPM_ADC event=191 readout=352 f1far=1297 f2near=849 f2far=1158
SIPM_ARRIVALS event=59 total=259
SIPM_ADC event=59 readout=700 f1far=1678 f2near=847 f2far=1432
SIPM_ARRIVALS event=15 total=275
SIPM_ADC event=15 readout=716 f1far=961 f2near=1129 f2far=1571
SIPM_ARRIVALS event=323 total=318
SIPM_ADC event=323 readout=952 f1far=1371 f2near=1227 f2far=1717
SIPM_ARRIVALS event=587 total=244
SIPM_ADC event=587 readout=543 f1far=884 f2near=800 f2far=1732
SIPM_ARRIVALS event=279 total=286
SIPM_ADC event=279 readout=2015 f1far=814 f2near=1014 f2far=727
SIPM_ARRIVALS event=235 total=278
SIPM_ADC event=235 readout=1489 f1far=959 f2near=1109 f2far=1290
SIPM_ARRIVALS event=631 total=272
SIPM_ADC event=631 readout=796 f1far=862 f2near=1075 f2far=1072
SIPM_ARRIVALS event=103 total=286
SIPM_ADC event=103 readout=1115 f1far=1193 f2near=945 f2far=1190
SIPM_ARRIVALS event=147 total=249
SIPM_ADC event=147 readout=908 f1far=1128 f2near=1342 f2far=649
SIPM_ARRIVALS event=456 total=282
SIPM_ADC event=456 readout=742 f1far=1744 f2near=1026 f2far=1017
SIPM_ARRIVALS event=499 total=259
SIPM_ADC event=499 readout=1209 f1far=1330 f2near=1097 f2far=1555
SIPM_ARRIVALS event=543 total=272
SIPM_ADC event=543 readout=947 f1far=938 f2near=1249 f2far=1012
SIPM_ARRIVALS event=676 total=252
SIPM_ADC event=676 readout=1477 f1far=1062 f2near=815 f2far=1026
SIPM_ARRIVALS event=368 total=242
SIPM_ADC event=368 readout=722 f1far=1131 f2near=904 f2far=1394
SIPM_ARRIVALS event=192 total=273
SIPM_ADC event=192 readout=670 f1far=1671 f2near=788 f2far=1547
SIPM_ARRIVALS event=412 total=278
SIPM_ADC event=412 readout=872 f1far=1225 f2near=584 f2far=1388
SIPM_ARRIVALS event=236 total=265
SIPM_ADC event=236 readout=1504 f1far=950 f2near=2001 f2far=775
SIPM_ARRIVALS event=16 total=279
SIPM_ADC event=16 readout=1566 f1far=1740 f2near=1769 f2far=1314
SIPM_ARRIVALS event=60 total=266
SIPM_ADC event=60 readout=490 f1far=690 f2near=1166 f2far=1163
SIPM_ARRIVALS event=324 total=270
SIPM_ADC event=324 readout=1292 f1far=728 f2near=1147 f2far=646
SIPM_ARRIVALS event=588 total=254
SIPM_ADC event=588 readout=1101 f1far=1150 f2near=667 f2far=909
SIPM_ARRIVALS event=280 total=284
SIPM_ADC event=280 readout=1431 f1far=794 f2near=1507 f2far=930
SIPM_ARRIVALS event=104 total=228
SIPM_ADC event=104 readout=1140 f1far=1320 f2near=719 f2far=1107
SIPM_ARRIVALS event=632 total=236
SIPM_ADC event=632 readout=783 f1far=1249 f2near=1230 f2far=682
SIPM_ARRIVALS event=148 total=249
SIPM_ADC event=148 readout=1466 f1far=675 f2near=1120 f2far=1071
SIPM_ARRIVALS event=500 total=261
SIPM_ADC event=500 readout=690 f1far=1453 f2near=566 f2far=1156
SIPM_ARRIVALS event=457 total=274
SIPM_ADC event=457 readout=1263 f1far=1643 f2near=568 f2far=1039
SIPM_ARRIVALS event=544 total=254
SIPM_ADC event=544 readout=479 f1far=1598 f2near=641 f2far=2020
SIPM_ARRIVALS event=369 total=284
SIPM_ADC event=369 readout=1698 f1far=874 f2near=1139 f2far=1056
SIPM_ARRIVALS event=677 total=284
SIPM_ADC event=677 readout=1145 f1far=1059 f2near=1100 f2far=1054
SIPM_ARRIVALS event=193 total=264
SIPM_ADC event=193 readout=811 f1far=983 f2near=1381 f2far=1263
SIPM_ARRIVALS event=61 total=278
SIPM_ADC event=61 readout=1283 f1far=1899 f2near=564 f2far=1254
SIPM_ARRIVALS event=413 total=274
SIPM_ADC event=413 readout=1345 f1far=1213 f2near=891 f2far=1110
SIPM_ARRIVALS event=237 total=236
SIPM_ADC event=237 readout=1065 f1far=589 f2near=1027 f2far=590
SIPM_ARRIVALS event=325 total=293
SIPM_ADC event=325 readout=1063 f1far=1182 f2near=840 f2far=1642
SIPM_ARRIVALS event=17 total=267
SIPM_ADC event=17 readout=598 f1far=1379 f2near=1043 f2far=1903
SIPM_ARRIVALS event=105 total=233
SIPM_ADC event=105 readout=1155 f1far=1353 f2near=993 f2far=1127
SIPM_ARRIVALS event=281 total=283
SIPM_ADC event=281 readout=537 f1far=1606 f2near=1304 f2far=1353
SIPM_ARRIVALS event=589 total=254
SIPM_ADC event=589 readout=939 f1far=611 f2near=937 f2far=971
SIPM_ARRIVALS event=633 total=274
SIPM_ADC event=633 readout=1562 f1far=686 f2near=990 f2far=1048
SIPM_ARRIVALS event=149 total=273
SIPM_ADC event=149 readout=1110 f1far=1417 f2near=971 f2far=1587
SIPM_ARRIVALS event=545 total=281
SIPM_ADC event=545 readout=615 f1far=727 f2near=860 f2far=2082
SIPM_ARRIVALS event=501 total=249
SIPM_ADC event=501 readout=921 f1far=992 f2near=752 f2far=926
SIPM_ARRIVALS event=458 total=251
SIPM_ADC event=458 readout=866 f1far=1193 f2near=1139 f2far=765
SIPM_ARRIVALS event=678 total=271
SIPM_ADC event=678 readout=1124 f1far=1313 f2near=497 f2far=1074
SIPM_ARRIVALS event=370 total=274
SIPM_ADC event=370 readout=845 f1far=1409 f2near=555 f2far=1582
SIPM_ARRIVALS event=194 total=265
SIPM_ADC event=194 readout=974 f1far=1015 f2near=933 f2far=1355
SIPM_ARRIVALS event=62 total=258
SIPM_ADC event=62 readout=933 f1far=1606 f2near=883 f2far=1522
SIPM_ARRIVALS event=18 total=248
SIPM_ADC event=18 readout=908 f1far=1525 f2near=1028 f2far=727
SIPM_ARRIVALS event=238 total=281
SIPM_ADC event=238 readout=1667 f1far=1240 f2near=1398 f2far=1400
SIPM_ARRIVALS event=326 total=229
SIPM_ADC event=326 readout=1477 f1far=487 f2near=909 f2far=794
SIPM_ARRIVALS event=106 total=237
SIPM_ADC event=106 readout=652 f1far=804 f2near=581 f2far=1235
SIPM_ARRIVALS event=414 total=249
SIPM_ADC event=414 readout=885 f1far=1141 f2near=862 f2far=989
SIPM_ARRIVALS event=634 total=254
SIPM_ADC event=634 readout=916 f1far=982 f2near=1736 f2far=1045
SIPM_ARRIVALS event=150 total=262
SIPM_ADC event=150 readout=1582 f1far=1227 f2near=1027 f2far=1115
SIPM_ARRIVALS event=282 total=279
SIPM_ADC event=282 readout=1018 f1far=1236 f2near=1081 f2far=906
SIPM_ARRIVALS event=590 total=281
SIPM_ADC event=590 readout=909 f1far=1169 f2near=1025 f2far=1028
SIPM_ARRIVALS event=546 total=227
SIPM_ADC event=546 readout=1284 f1far=1068 f2near=1245 f2far=718
SIPM_ARRIVALS event=502 total=257
SIPM_ADC event=502 readout=1327 f1far=529 f2near=1476 f2far=493
SIPM_ARRIVALS event=679 total=254
SIPM_ADC event=679 readout=866 f1far=940 f2near=1529 f2far=775
SIPM_ARRIVALS event=459 total=285
SIPM_ADC event=459 readout=1180 f1far=696 f2near=1749 f2far=1029
SIPM_ARRIVALS event=371 total=277
SIPM_ADC event=371 readout=1208 f1far=1441 f2near=1001 f2far=1249
SIPM_ARRIVALS event=195 total=267
SIPM_ADC event=195 readout=920 f1far=816 f2near=1335 f2far=1180
SIPM_ARRIVALS event=63 total=273
SIPM_ADC event=63 readout=1018 f1far=496 f2near=1495 f2far=1092
SIPM_ARRIVALS event=19 total=304
SIPM_ADC event=19 readout=1709 f1far=1315 f2near=709 f2far=1501
SIPM_ARRIVALS event=239 total=299
SIPM_ADC event=239 readout=806 f1far=2182 f2near=1058 f2far=2131
SIPM_ARRIVALS event=107 total=300
SIPM_ADC event=107 readout=741 f1far=2000 f2near=898 f2far=1932
SIPM_ARRIVALS event=327 total=260
SIPM_ADC event=327 readout=1195 f1far=536 f2near=890 f2far=1347
SIPM_ARRIVALS event=415 total=289
SIPM_ADC event=415 readout=1045 f1far=1262 f2near=610 f2far=1429
SIPM_ARRIVALS event=283 total=238
SIPM_ADC event=283 readout=1018 f1far=809 f2near=967 f2far=1123
SIPM_ARRIVALS event=635 total=257
SIPM_ADC event=635 readout=710 f1far=1103 f2near=1016 f2far=1617
SIPM_ARRIVALS event=151 total=238
SIPM_ADC event=151 readout=1172 f1far=913 f2near=915 f2far=1185
SIPM_ARRIVALS event=591 total=288
SIPM_ADC event=591 readout=1232 f1far=1214 f2near=1447 f2far=1242
SIPM_ARRIVALS event=503 total=263
SIPM_ADC event=503 readout=1500 f1far=988 f2near=1038 f2far=651
SIPM_ARRIVALS event=547 total=258
SIPM_ADC event=547 readout=1067 f1far=1427 f2near=699 f2far=1024
SIPM_ARRIVALS event=680 total=257
SIPM_ADC event=680 readout=1481 f1far=867 f2near=1064 f2far=492
SIPM_ARRIVALS event=372 total=226
SIPM_ADC event=372 readout=948 f1far=680 f2near=1021 f2far=1115
SIPM_ARRIVALS event=460 total=259
SIPM_ADC event=460 readout=606 f1far=1302 f2near=381 f2far=1299
SIPM_ARRIVALS event=64 total=287
SIPM_ADC event=64 readout=905 f1far=1173 f2near=991 f2far=1641
SIPM_ARRIVALS event=196 total=315
SIPM_ADC event=196 readout=1307 f1far=920 f2near=1451 f2far=1379
SIPM_ARRIVALS event=20 total=243
SIPM_ADC event=20 readout=1133 f1far=764 f2near=933 f2far=1314
SIPM_ARRIVALS event=240 total=229
SIPM_ADC event=240 readout=1039 f1far=1259 f2near=986 f2far=790
SIPM_ARRIVALS event=328 total=251
SIPM_ADC event=328 readout=1365 f1far=799 f2near=1069 f2far=740
SIPM_ARRIVALS event=284 total=242
SIPM_ADC event=284 readout=708 f1far=1030 f2near=482 f2far=1477
SIPM_ARRIVALS event=108 total=281
SIPM_ADC event=108 readout=2258 f1far=796 f2near=1179 f2far=1062
SIPM_ARRIVALS event=152 total=271
SIPM_ADC event=152 readout=1369 f1far=1049 f2near=1426 f2far=1167
SIPM_ARRIVALS event=636 total=254
SIPM_ADC event=636 readout=1186 f1far=1146 f2near=941 f2far=1153
SIPM_ARRIVALS event=416 total=262
SIPM_ADC event=416 readout=908 f1far=1088 f2near=1807 f2far=932
SIPM_ARRIVALS event=504 total=231
SIPM_ADC event=504 readout=722 f1far=1131 f2near=589 f2far=1059
SIPM_ARRIVALS event=592 total=256
SIPM_ADC event=592 readout=1685 f1far=898 f2near=832 f2far=1171
SIPM_ARRIVALS event=548 total=263
SIPM_ADC event=548 readout=1472 f1far=1425 f2near=1298 f2far=970
SIPM_ARRIVALS event=681 total=253
SIPM_ADC event=681 readout=744 f1far=973 f2near=645 f2far=1560
SIPM_ARRIVALS event=461 total=231
SIPM_ADC event=461 readout=614 f1far=845 f2near=911 f2far=1843
SIPM_ARRIVALS event=21 total=255
SIPM_ADC event=21 readout=1275 f1far=1394 f2near=970 f2far=739
SIPM_ARRIVALS event=373 total=263
SIPM_ADC event=373 readout=1824 f1far=1143 f2near=1148 f2far=570
SIPM_ARRIVALS event=65 total=273
SIPM_ADC event=65 readout=1132 f1far=1440 f2near=649 f2far=975
SIPM_ARRIVALS event=197 total=289
SIPM_ADC event=197 readout=1072 f1far=1130 f2near=1581 f2far=1286
SIPM_ARRIVALS event=241 total=276
SIPM_ADC event=241 readout=742 f1far=743 f2near=888 f2far=1383
SIPM_ARRIVALS event=285 total=288
SIPM_ADC event=285 readout=962 f1far=1242 f2near=1812 f2far=812
SIPM_ARRIVALS event=329 total=248
SIPM_ADC event=329 readout=677 f1far=997 f2near=1118 f2far=1132
SIPM_ARRIVALS event=109 total=263
SIPM_ADC event=109 readout=1400 f1far=1195 f2near=1264 f2far=1119
SIPM_ARRIVALS event=153 total=278
SIPM_ADC event=153 readout=764 f1far=1010 f2near=920 f2far=684
SIPM_ARRIVALS event=637 total=246
SIPM_ADC event=637 readout=1354 f1far=928 f2near=1368 f2far=875
SIPM_ARRIVALS event=417 total=258
SIPM_ADC event=417 readout=1730 f1far=1538 f2near=1224 f2far=839
SIPM_ARRIVALS event=593 total=248
SIPM_ADC event=593 readout=980 f1far=1063 f2near=1202 f2far=814
SIPM_ARRIVALS event=505 total=259
SIPM_ADC event=505 readout=859 f1far=886 f2near=1034 f2far=1132
SIPM_ARRIVALS event=549 total=282
SIPM_ADC event=549 readout=1077 f1far=983 f2near=1522 f2far=1386
SIPM_ARRIVALS event=682 total=268
SIPM_ADC event=682 readout=888 f1far=1056 f2near=1055 f2far=1093
SIPM_ARRIVALS event=22 total=289
SIPM_ADC event=22 readout=1258 f1far=1454 f2near=881 f2far=1292
SIPM_ARRIVALS event=66 total=284
SIPM_ADC event=66 readout=1311 f1far=832 f2near=1298 f2far=1033
SIPM_ARRIVALS event=462 total=267
SIPM_ADC event=462 readout=1680 f1far=853 f2near=1323 f2far=931
SIPM_ARRIVALS event=374 total=248
SIPM_ADC event=374 readout=1188 f1far=814 f2near=630 f2far=912
SIPM_ARRIVALS event=198 total=281
SIPM_ADC event=198 readout=1594 f1far=823 f2near=1357 f2far=689
SIPM_ARRIVALS event=110 total=256
SIPM_ADC event=110 readout=984 f1far=1328 f2near=504 f2far=1286
SIPM_ARRIVALS event=242 total=277
SIPM_ADC event=242 readout=898 f1far=930 f2near=1326 f2far=1068
SIPM_ARRIVALS event=330 total=281
SIPM_ADC event=330 readout=1231 f1far=1182 f2near=1600 f2far=1293
SIPM_ARRIVALS event=286 total=270
SIPM_ADC event=286 readout=831 f1far=1159 f2near=1334 f2far=807
SIPM_ARRIVALS event=154 total=253
SIPM_ADC event=154 readout=620 f1far=1496 f2near=594 f2far=1703
SIPM_ARRIVALS event=638 total=286
SIPM_ADC event=638 readout=1157 f1far=582 f2near=1730 f2far=1341
SIPM_ARRIVALS event=506 total=302
SIPM_ADC event=506 readout=1197 f1far=772 f2near=1655 f2far=1031
SIPM_ARRIVALS event=418 total=275
SIPM_ADC event=418 readout=973 f1far=1206 f2near=1055 f2far=1645
SIPM_ARRIVALS event=594 total=263
SIPM_ADC event=594 readout=817 f1far=1521 f2near=1036 f2far=1826
SIPM_ARRIVALS event=550 total=256
SIPM_ADC event=550 readout=1058 f1far=1012 f2near=1165 f2far=878
SIPM_ARRIVALS event=683 total=248
SIPM_ADC event=683 readout=783 f1far=1369 f2near=1028 f2far=1258
SIPM_ARRIVALS event=23 total=294
SIPM_ADC event=23 readout=1235 f1far=1511 f2near=1427 f2far=559
SIPM_ARRIVALS event=463 total=302
SIPM_ADC event=463 readout=2061 f1far=1125 f2near=2077 f2far=505
SIPM_ARRIVALS event=375 total=293
SIPM_ADC event=375 readout=1771 f1far=786 f2near=1102 f2far=1283
SIPM_ARRIVALS event=67 total=280
SIPM_ADC event=67 readout=1262 f1far=822 f2near=952 f2far=1191
SIPM_ARRIVALS event=199 total=289
SIPM_ADC event=199 readout=1128 f1far=1190 f2near=1149 f2far=1775
SIPM_ARRIVALS event=111 total=263
SIPM_ADC event=111 readout=822 f1far=1392 f2near=1071 f2far=937
SIPM_ARRIVALS event=287 total=266
SIPM_ADC event=287 readout=737 f1far=1158 f2near=899 f2far=1225
SIPM_ARRIVALS event=331 total=286
SIPM_ADC event=331 readout=1088 f1far=1616 f2near=977 f2far=1421
SIPM_ARRIVALS event=243 total=275
SIPM_ADC event=243 readout=1237 f1far=876 f2near=777 f2far=1060
SIPM_ARRIVALS event=419 total=233
SIPM_ADC event=419 readout=1411 f1far=1206 f2near=1547 f2far=592
SIPM_ARRIVALS event=155 total=294
SIPM_ADC event=155 readout=1178 f1far=1737 f2near=1169 f2far=1726
SIPM_ARRIVALS event=639 total=287
SIPM_ADC event=639 readout=741 f1far=1252 f2near=617 f2far=1941
SIPM_ARRIVALS event=507 total=240
SIPM_ADC event=507 readout=946 f1far=1218 f2near=1188 f2far=887
SIPM_ARRIVALS event=595 total=251
SIPM_ADC event=595 readout=1307 f1far=753 f2near=1109 f2far=833
SIPM_ARRIVALS event=551 total=279
SIPM_ADC event=551 readout=1567 f1far=950 f2near=947 f2far=576
SIPM_ARRIVALS event=684 total=265
SIPM_ADC event=684 readout=1505 f1far=820 f2near=1237 f2far=676
SIPM_ARRIVALS event=24 total=268
SIPM_ADC event=24 readout=1161 f1far=967 f2near=920 f2far=988
SIPM_ARRIVALS event=376 total=282
SIPM_ADC event=376 readout=409 f1far=1770 f2near=775 f2far=1601
SIPM_ARRIVALS event=200 total=252
SIPM_ADC event=200 readout=1744 f1far=1236 f2near=1184 f2far=982
SIPM_ARRIVALS event=464 total=252
SIPM_ADC event=464 readout=1121 f1far=834 f2near=1033 f2far=725
SIPM_ARRIVALS event=68 total=258
SIPM_ADC event=68 readout=1052 f1far=1290 f2near=1500 f2far=1156
SIPM_ARRIVALS event=112 total=242
SIPM_ADC event=112 readout=519 f1far=827 f2near=1292 f2far=1237
SIPM_ARRIVALS event=332 total=275
SIPM_ADC event=332 readout=904 f1far=1224 f2near=1560 f2far=1742
SIPM_ARRIVALS event=156 total=242
SIPM_ADC event=156 readout=1047 f1far=993 f2near=584 f2far=935
SIPM_ARRIVALS event=288 total=240
SIPM_ADC event=288 readout=1530 f1far=731 f2near=783 f2far=1133
SIPM_ARRIVALS event=420 total=246
SIPM_ADC event=420 readout=727 f1far=1392 f2near=1206 f2far=1105
SIPM_ARRIVALS event=244 total=240
SIPM_ADC event=244 readout=1087 f1far=1223 f2near=1118 f2far=793
SIPM_ARRIVALS event=640 total=261
SIPM_ADC event=640 readout=893 f1far=1275 f2near=753 f2far=1843
SIPM_ARRIVALS event=508 total=276
SIPM_ADC event=508 readout=1507 f1far=995 f2near=1067 f2far=1187
SIPM_ARRIVALS event=552 total=231
SIPM_ADC event=552 readout=1078 f1far=1066 f2near=1000 f2far=1030
SIPM_ARRIVALS event=685 total=287
SIPM_ADC event=685 readout=690 f1far=1261 f2near=1380 f2far=2092
SIPM_ARRIVALS event=596 total=301
SIPM_ADC event=596 readout=837 f1far=876 f2near=893 f2far=2088
SIPM_ARRIVALS event=25 total=268
SIPM_ADC event=25 readout=1420 f1far=1035 f2near=710 f2far=1664
SIPM_ARRIVALS event=377 total=260
SIPM_ADC event=377 readout=664 f1far=1271 f2near=594 f2far=1451
SIPM_ARRIVALS event=465 total=261
SIPM_ADC event=465 readout=1623 f1far=1360 f2near=1058 f2far=870
SIPM_ARRIVALS event=69 total=259
SIPM_ADC event=69 readout=1158 f1far=850 f2near=924 f2far=1221
SIPM_ARRIVALS event=201 total=308
SIPM_ADC event=201 readout=1542 f1far=1987 f2near=1252 f2far=1122
SIPM_ARRIVALS event=113 total=225
SIPM_ADC event=113 readout=772 f1far=833 f2near=706 f2far=702
SIPM_ARRIVALS event=641 total=277
SIPM_ADC event=641 readout=1915 f1far=1137 f2near=1041 f2far=730
SIPM_ARRIVALS event=333 total=246
SIPM_ADC event=333 readout=845 f1far=1369 f2near=956 f2far=1000
SIPM_ARRIVALS event=157 total=243
SIPM_ADC event=157 readout=562 f1far=810 f2near=778 f2far=2473
SIPM_ARRIVALS event=245 total=266
SIPM_ADC event=245 readout=1407 f1far=1327 f2near=1012 f2far=766
SIPM_ARRIVALS event=289 total=275
SIPM_ADC event=289 readout=989 f1far=1496 f2near=1195 f2far=606
SIPM_ARRIVALS event=421 total=292
SIPM_ADC event=421 readout=1017 f1far=1489 f2near=1278 f2far=1716
SIPM_ARRIVALS event=509 total=250
SIPM_ADC event=509 readout=1009 f1far=961 f2near=1199 f2far=983
SIPM_ARRIVALS event=686 total=238
SIPM_ADC event=686 readout=775 f1far=777 f2near=1065 f2far=766
SIPM_ARRIVALS event=553 total=232
SIPM_ADC event=553 readout=1390 f1far=479 f2near=926 f2far=712
SIPM_ARRIVALS event=597 total=260
SIPM_ADC event=597 readout=713 f1far=1069 f2near=978 f2far=1443
SIPM_ARRIVALS event=26 total=257
SIPM_ADC event=26 readout=802 f1far=1145 f2near=941 f2far=1456
SIPM_ARRIVALS event=378 total=240
SIPM_ADC event=378 readout=723 f1far=1050 f2near=717 f2far=1517
SIPM_ARRIVALS event=70 total=281
SIPM_ADC event=70 readout=976 f1far=1769 f2near=810 f2far=1269
SIPM_ARRIVALS event=466 total=255
SIPM_ADC event=466 readout=589 f1far=843 f2near=1101 f2far=1047
SIPM_ARRIVALS event=114 total=244
SIPM_ADC event=114 readout=1488 f1far=981 f2near=1034 f2far=745
SIPM_ARRIVALS event=202 total=265
SIPM_ADC event=202 readout=558 f1far=1437 f2near=1134 f2far=1287
SIPM_ARRIVALS event=334 total=300
SIPM_ADC event=334 readout=1044 f1far=2071 f2near=728 f2far=1561
SIPM_ARRIVALS event=246 total=266
SIPM_ADC event=246 readout=806 f1far=1363 f2near=971 f2far=1343
SIPM_ARRIVALS event=642 total=279
SIPM_ADC event=642 readout=1232 f1far=722 f2near=1107 f2far=583
SIPM_ARRIVALS event=158 total=287
SIPM_ADC event=158 readout=765 f1far=1463 f2near=850 f2far=1547
SIPM_ARRIVALS event=290 total=286
SIPM_ADC event=290 readout=727 f1far=1444 f2near=868 f2far=1205
SIPM_ARRIVALS event=510 total=226
SIPM_ADC event=510 readout=1269 f1far=647 f2near=1016 f2far=492
SIPM_ARRIVALS event=422 total=263
SIPM_ADC event=422 readout=960 f1far=1267 f2near=863 f2far=963
SIPM_ARRIVALS event=554 total=268
SIPM_ADC event=554 readout=1097 f1far=748 f2near=1268 f2far=1154
SIPM_ARRIVALS event=687 total=269
SIPM_ADC event=687 readout=1736 f1far=889 f2near=936 f2far=800
SIPM_ARRIVALS event=598 total=227
SIPM_ADC event=598 readout=1399 f1far=629 f2near=1072 f2far=1037
SIPM_ARRIVALS event=379 total=264
SIPM_ADC event=379 readout=1361 f1far=1081 f2near=1002 f2far=1081
SIPM_ARRIVALS event=27 total=264
SIPM_ADC event=27 readout=1158 f1far=754 f2near=1099 f2far=914
SIPM_ARRIVALS event=71 total=265
SIPM_ADC event=71 readout=899 f1far=914 f2near=1194 f2far=1361
SIPM_ARRIVALS event=115 total=251
SIPM_ADC event=115 readout=1015 f1far=1360 f2near=761 f2far=1094
SIPM_ARRIVALS event=467 total=264
SIPM_ADC event=467 readout=967 f1far=1218 f2near=795 f2far=1405
SIPM_ARRIVALS event=335 total=251
SIPM_ADC event=335 readout=795 f1far=1477 f2near=1054 f2far=835
SIPM_ARRIVALS event=247 total=262
SIPM_ADC event=247 readout=1304 f1far=602 f2near=1772 f2far=1299
SIPM_ARRIVALS event=159 total=281
SIPM_ADC event=159 readout=1216 f1far=708 f2near=1121 f2far=691
SIPM_ARRIVALS event=291 total=291
SIPM_ADC event=291 readout=1068 f1far=1076 f2near=1511 f2far=971
SIPM_ARRIVALS event=203 total=270
SIPM_ADC event=203 readout=1300 f1far=1232 f2near=2079 f2far=693
SIPM_ARRIVALS event=643 total=260
SIPM_ADC event=643 readout=1026 f1far=821 f2near=1044 f2far=1064
SIPM_ARRIVALS event=423 total=255
SIPM_ADC event=423 readout=763 f1far=1456 f2near=758 f2far=1099
SIPM_ARRIVALS event=511 total=258
SIPM_ADC event=511 readout=1280 f1far=1676 f2near=636 f2far=827
SIPM_ARRIVALS event=555 total=286
SIPM_ADC event=555 readout=1768 f1far=1613 f2near=1094 f2far=520
SIPM_ARRIVALS event=688 total=253
SIPM_ADC event=688 readout=699 f1far=1567 f2near=1426 f2far=1057
SIPM_ARRIVALS event=599 total=276
SIPM_ADC event=599 readout=1063 f1far=1585 f2near=761 f2far=1452
SIPM_ARRIVALS event=28 total=262
SIPM_ADC event=28 readout=1137 f1far=1251 f2near=1213 f2far=791
SIPM_ARRIVALS event=380 total=270
SIPM_ADC event=380 readout=1488 f1far=698 f2near=1209 f2far=848
SIPM_ARRIVALS event=468 total=268
SIPM_ADC event=468 readout=1047 f1far=1373 f2near=940 f2far=1080
SIPM_ARRIVALS event=116 total=287
SIPM_ADC event=116 readout=939 f1far=1104 f2near=1460 f2far=977
SIPM_ARRIVALS event=72 total=283
SIPM_ADC event=72 readout=1339 f1far=1013 f2near=1106 f2far=1133
SIPM_ARRIVALS event=336 total=251
SIPM_ADC event=336 readout=1094 f1far=961 f2near=841 f2far=933
SIPM_ARRIVALS event=644 total=241
SIPM_ADC event=644 readout=1131 f1far=997 f2near=1315 f2far=906
SIPM_ARRIVALS event=248 total=289
SIPM_ADC event=248 readout=884 f1far=1435 f2near=920 f2far=951
SIPM_ARRIVALS event=160 total=276
SIPM_ADC event=160 readout=2007 f1far=1463 f2near=785 f2far=900
SIPM_ARRIVALS event=204 total=258
SIPM_ADC event=204 readout=1026 f1far=1500 f2near=680 f2far=1340
SIPM_ARRIVALS event=292 total=271
SIPM_ADC event=292 readout=1103 f1far=1021 f2near=2050 f2far=887
SIPM_ARRIVALS event=512 total=241
SIPM_ADC event=512 readout=821 f1far=877 f2near=1212 f2far=728
SIPM_ARRIVALS event=424 total=309
SIPM_ADC event=424 readout=1058 f1far=1573 f2near=843 f2far=1184
SIPM_ARRIVALS event=689 total=261
SIPM_ADC event=689 readout=800 f1far=891 f2near=1048 f2far=1400
SIPM_ARRIVALS event=600 total=265
SIPM_ADC event=600 readout=1293 f1far=642 f2near=2141 f2far=737
SIPM_ARRIVALS event=556 total=262
SIPM_ADC event=556 readout=1070 f1far=1293 f2near=1068 f2far=1347
SIPM_ARRIVALS event=29 total=267
SIPM_ADC event=29 readout=1094 f1far=952 f2near=1165 f2far=969
SIPM_ARRIVALS event=381 total=234
SIPM_ADC event=381 readout=1068 f1far=1202 f2near=1268 f2far=1836
SIPM_ARRIVALS event=337 total=243
SIPM_ADC event=337 readout=1029 f1far=1390 f2near=659 f2far=1157
SIPM_ARRIVALS event=73 total=276
SIPM_ADC event=73 readout=965 f1far=1133 f2near=1202 f2far=932
SIPM_ARRIVALS event=469 total=246
SIPM_ADC event=469 readout=1081 f1far=1072 f2near=1458 f2far=1384
SIPM_ARRIVALS event=249 total=271
SIPM_ADC event=249 readout=709 f1far=1502 f2near=1079 f2far=1889
SIPM_ARRIVALS event=117 total=271
SIPM_ADC event=117 readout=1586 f1far=610 f2near=1120 f2far=648
SIPM_ARRIVALS event=205 total=251
SIPM_ADC event=205 readout=841 f1far=972 f2near=864 f2far=1134
SIPM_ARRIVALS event=293 total=261
SIPM_ADC event=293 readout=1174 f1far=1578 f2near=683 f2far=855
SIPM_ARRIVALS event=161 total=283
SIPM_ADC event=161 readout=1712 f1far=1004 f2near=1115 f2far=814
SIPM_ARRIVALS event=645 total=279
SIPM_ADC event=645 readout=573 f1far=875 f2near=1288 f2far=1517
SIPM_ARRIVALS event=513 total=253
SIPM_ADC event=513 readout=1321 f1far=1025 f2near=1146 f2far=685
SIPM_ARRIVALS event=425 total=271
SIPM_ADC event=425 readout=1384 f1far=1061 f2near=914 f2far=966
SIPM_ARRIVALS event=601 total=264
SIPM_ADC event=601 readout=643 f1far=1417 f2near=590 f2far=1285
SIPM_ARRIVALS event=690 total=292
SIPM_ADC event=690 readout=1455 f1far=1165 f2near=1792 f2far=1349
SIPM_ARRIVALS event=557 total=276
SIPM_ADC event=557 readout=1358 f1far=627 f2near=2025 f2far=1038
SIPM_ARRIVALS event=30 total=272
SIPM_ADC event=30 readout=1997 f1far=569 f2near=917 f2far=751
SIPM_ARRIVALS event=382 total=242
SIPM_ADC event=382 readout=1140 f1far=1182 f2near=1118 f2far=478
SIPM_ARRIVALS event=338 total=252
SIPM_ADC event=338 readout=1409 f1far=912 f2near=1208 f2far=761
SIPM_ARRIVALS event=74 total=278
SIPM_ADC event=74 readout=713 f1far=1071 f2near=1474 f2far=1438
SIPM_ARRIVALS event=250 total=242
SIPM_ADC event=250 readout=1238 f1far=1237 f2near=1082 f2far=1548
SIPM_ARRIVALS event=470 total=245
SIPM_ADC event=470 readout=1593 f1far=1028 f2near=833 f2far=516
SIPM_ARRIVALS event=118 total=273
SIPM_ADC event=118 readout=580 f1far=1027 f2near=1030 f2far=1063
SIPM_ARRIVALS event=206 total=293
SIPM_ADC event=206 readout=790 f1far=1299 f2near=1041 f2far=2245
SIPM_ARRIVALS event=294 total=244
SIPM_ADC event=294 readout=814 f1far=1308 f2near=684 f2far=1428
SIPM_ARRIVALS event=162 total=287
SIPM_ADC event=162 readout=1368 f1far=1018 f2near=1382 f2far=763
SIPM_ARRIVALS event=646 total=262
SIPM_ADC event=646 readout=1792 f1far=970 f2near=1196 f2far=968
SIPM_ARRIVALS event=514 total=288
SIPM_ADC event=514 readout=1228 f1far=1214 f2near=1221 f2far=1081
SIPM_ARRIVALS event=426 total=255
SIPM_ADC event=426 readout=622 f1far=939 f2near=1091 f2far=1522
SIPM_ARRIVALS event=602 total=260
SIPM_ADC event=602 readout=1002 f1far=866 f2near=1200 f2far=1264
SIPM_ARRIVALS event=558 total=257
SIPM_ADC event=558 readout=887 f1far=1386 f2near=803 f2far=1349
SIPM_ARRIVALS event=31 total=248
SIPM_ADC event=31 readout=1753 f1far=1046 f2near=827 f2far=896
SIPM_ARRIVALS event=339 total=257
SIPM_ADC event=339 readout=1163 f1far=1566 f2near=786 f2far=2085
SIPM_ARRIVALS event=691 total=281
SIPM_ADC event=691 readout=858 f1far=1286 f2near=1178 f2far=1413
SIPM_ARRIVALS event=383 total=249
SIPM_ADC event=383 readout=881 f1far=1212 f2near=869 f2far=1232
SIPM_ARRIVALS event=251 total=276
SIPM_ADC event=251 readout=1568 f1far=624 f2near=1492 f2far=497
SIPM_ARRIVALS event=471 total=265
SIPM_ADC event=471 readout=972 f1far=1291 f2near=976 f2far=1139
SIPM_ARRIVALS event=75 total=259
SIPM_ADC event=75 readout=1024 f1far=1478 f2near=915 f2far=919
SIPM_ARRIVALS event=207 total=252
SIPM_ADC event=207 readout=1049 f1far=704 f2near=1769 f2far=713
SIPM_ARRIVALS event=119 total=271
SIPM_ADC event=119 readout=722 f1far=1324 f2near=763 f2far=1561
SIPM_ARRIVALS event=163 total=269
SIPM_ADC event=163 readout=990 f1far=989 f2near=1413 f2far=1141
SIPM_ARRIVALS event=647 total=250
SIPM_ADC event=647 readout=1613 f1far=529 f2near=1093 f2far=238
SIPM_ARRIVALS event=295 total=304
SIPM_ADC event=295 readout=1844 f1far=1068 f2near=934 f2far=1744
SIPM_ARRIVALS event=515 total=268
SIPM_ADC event=515 readout=1234 f1far=1064 f2near=709 f2far=995
SIPM_ARRIVALS event=603 total=251
SIPM_ADC event=603 readout=808 f1far=949 f2near=949 f2far=1649
SIPM_ARRIVALS event=427 total=264
SIPM_ADC event=427 readout=1476 f1far=823 f2near=1493 f2far=1240
SIPM_ARRIVALS event=32 total=290
SIPM_ADC event=32 readout=673 f1far=1007 f2near=1397 f2far=1161
SIPM_ARRIVALS event=692 total=258
SIPM_ADC event=692 readout=1174 f1far=806 f2near=1031 f2far=841
SIPM_ARRIVALS event=340 total=270
SIPM_ADC event=340 readout=1835 f1far=826 f2near=947 f2far=645
SIPM_ARRIVALS event=384 total=286
SIPM_ADC event=384 readout=1261 f1far=1669 f2near=1245 f2far=1470
SIPM_ARRIVALS event=559 total=272
SIPM_ADC event=559 readout=1418 f1far=1008 f2near=1639 f2far=813
SIPM_ARRIVALS event=76 total=256
SIPM_ADC event=76 readout=1169 f1far=1002 f2near=1544 f2far=679
SIPM_ARRIVALS event=472 total=254
SIPM_ADC event=472 readout=820 f1far=1059 f2near=1649 f2far=859
SIPM_ARRIVALS event=120 total=261
SIPM_ADC event=120 readout=1019 f1far=1145 f2near=879 f2far=1420
SIPM_ARRIVALS event=252 total=280
SIPM_ADC event=252 readout=1046 f1far=776 f2near=1344 f2far=826
SIPM_ARRIVALS event=648 total=245
SIPM_ADC event=648 readout=777 f1far=758 f2near=679 f2far=745
SIPM_ARRIVALS event=208 total=259
SIPM_ADC event=208 readout=902 f1far=872 f2near=706 f2far=1706
SIPM_ARRIVALS event=164 total=247
SIPM_ADC event=164 readout=891 f1far=711 f2near=1086 f2far=981
SIPM_ARRIVALS event=296 total=255
SIPM_ADC event=296 readout=1686 f1far=1054 f2near=770 f2far=1273
SIPM_ARRIVALS event=516 total=241
SIPM_ADC event=516 readout=867 f1far=888 f2near=1116 f2far=1110
SIPM_ARRIVALS event=604 total=247
SIPM_ADC event=604 readout=2491 f1far=856 f2near=1689 f2far=746
SIPM_ARRIVALS event=428 total=277
SIPM_ADC event=428 readout=993 f1far=1271 f2near=1657 f2far=1447
SIPM_ARRIVALS event=33 total=263
SIPM_ADC event=33 readout=1195 f1far=1231 f2near=777 f2far=1059
SIPM_ARRIVALS event=77 total=300
SIPM_ADC event=77 readout=1710 f1far=813 f2near=2095 f2far=1240
SIPM_ARRIVALS event=560 total=288
SIPM_ADC event=560 readout=1157 f1far=1697 f2near=1103 f2far=1034
SIPM_ARRIVALS event=341 total=263
SIPM_ADC event=341 readout=717 f1far=1095 f2near=1328 f2far=1438
SIPM_ARRIVALS event=385 total=252
SIPM_ADC event=385 readout=406 f1far=1320 f2near=1223 f2far=1092
SIPM_ARRIVALS event=693 total=257
SIPM_ADC event=693 readout=1089 f1far=640 f2near=1394 f2far=824
SIPM_ARRIVALS event=649 total=273
SIPM_ADC event=649 readout=586 f1far=1373 f2near=1098 f2far=1785
SIPM_ARRIVALS event=253 total=273
SIPM_ADC event=253 readout=1888 f1far=1171 f2near=811 f2far=820
SIPM_ARRIVALS event=121 total=271
SIPM_ADC event=121 readout=1370 f1far=1029 f2near=1366 f2far=939
SIPM_ARRIVALS event=473 total=264
SIPM_ADC event=473 readout=1100 f1far=1364 f2near=529 f2far=1393
SIPM_ARRIVALS event=209 total=239
SIPM_ADC event=209 readout=971 f1far=1029 f2near=635 f2far=1304
SIPM_ARRIVALS event=165 total=278
SIPM_ADC event=165 readout=966 f1far=1033 f2near=1009 f2far=1721
SIPM_ARRIVALS event=297 total=235
SIPM_ADC event=297 readout=1110 f1far=1137 f2near=1071 f2far=696
SIPM_ARRIVALS event=605 total=273
SIPM_ADC event=605 readout=1208 f1far=874 f2near=742 f2far=993
SIPM_ARRIVALS event=517 total=239
SIPM_ADC event=517 readout=856 f1far=1218 f2near=751 f2far=536
SIPM_ARRIVALS event=429 total=267
SIPM_ADC event=429 readout=1064 f1far=1333 f2near=716 f2far=795
SIPM_ARRIVALS event=34 total=272
SIPM_ADC event=34 readout=1578 f1far=1057 f2near=740 f2far=885
SIPM_ARRIVALS event=561 total=238
SIPM_ADC event=561 readout=1034 f1far=1085 f2near=852 f2far=832
SIPM_ARRIVALS event=78 total=272
SIPM_ADC event=78 readout=1344 f1far=966 f2near=1094 f2far=1140
SIPM_ARRIVALS event=342 total=289
SIPM_ADC event=342 readout=334 f1far=1270 f2near=1308 f2far=1321
SIPM_ARRIVALS event=386 total=257
SIPM_ADC event=386 readout=892 f1far=1139 f2near=1105 f2far=1056
SIPM_ARRIVALS event=650 total=273
SIPM_ADC event=650 readout=1060 f1far=1245 f2near=456 f2far=939
SIPM_ARRIVALS event=694 total=259
SIPM_ADC event=694 readout=1063 f1far=1093 f2near=1047 f2far=1194
SIPM_ARRIVALS event=166 total=256
SIPM_ADC event=166 readout=1732 f1far=757 f2near=892 f2far=1027
SIPM_ARRIVALS event=254 total=263
SIPM_ADC event=254 readout=1773 f1far=861 f2near=1961 f2far=1035
SIPM_ARRIVALS event=122 total=281
SIPM_ADC event=122 readout=1589 f1far=1357 f2near=1430 f2far=627
SIPM_ARRIVALS event=210 total=253
SIPM_ADC event=210 readout=554 f1far=1309 f2near=849 f2far=1699
SIPM_ARRIVALS event=298 total=251
SIPM_ADC event=298 readout=1374 f1far=811 f2near=1113 f2far=585
SIPM_ARRIVALS event=474 total=265
SIPM_ADC event=474 readout=990 f1far=1099 f2near=1036 f2far=1841
SIPM_ARRIVALS event=606 total=254
SIPM_ADC event=606 readout=1229 f1far=1677 f2near=997 f2far=762
SIPM_ARRIVALS event=518 total=268
SIPM_ADC event=518 readout=1083 f1far=917 f2near=1966 f2far=1033
SIPM_ARRIVALS event=430 total=306
SIPM_ARRIVALS event=35 total=246
SIPM_ADC event=35 readout=635 f1far=1214 f2near=439 f2far=1247
SIPM_ADC event=430 readout=925 f1far=1195 f2near=1745 f2far=1141
SIPM_ARRIVALS event=562 total=269
SIPM_ADC event=562 readout=1246 f1far=1241 f2near=741 f2far=1058
SIPM_ARRIVALS event=343 total=255
SIPM_ADC event=343 readout=675 f1far=1217 f2near=764 f2far=1140
SIPM_ARRIVALS event=79 total=280
SIPM_ADC event=79 readout=469 f1far=1892 f2near=758 f2far=1450
SIPM_ARRIVALS event=651 total=265
SIPM_ADC event=651 readout=763 f1far=1017 f2near=1114 f2far=1837
SIPM_ARRIVALS event=387 total=239
SIPM_ADC event=387 readout=836 f1far=1440 f2near=1115 f2far=1041
SIPM_ARRIVALS event=695 total=276
SIPM_ADC event=695 readout=753 f1far=1590 f2near=1171 f2far=654
SIPM_ARRIVALS event=475 total=280
SIPM_ADC event=475 readout=965 f1far=717 f2near=1826 f2far=1020
SIPM_ARRIVALS event=123 total=243
SIPM_ADC event=123 readout=1263 f1far=1180 f2near=1179 f2far=575
SIPM_ARRIVALS event=211 total=238
SIPM_ADC event=211 readout=725 f1far=757 f2near=1645 f2far=842
SIPM_ARRIVALS event=167 total=283
SIPM_ADC event=167 readout=1818 f1far=992 f2near=1294 f2far=792
SIPM_ARRIVALS event=255 total=259
SIPM_ADC event=255 readout=513 f1far=1703 f2near=632 f2far=718
SIPM_ARRIVALS event=299 total=274
SIPM_ADC event=299 readout=1446 f1far=1360 f2near=879 f2far=645
SIPM_ARRIVALS event=519 total=276
SIPM_ADC event=519 readout=2131 f1far=1018 f2near=1891 f2far=700
SIPM_ARRIVALS event=607 total=293
SIPM_ADC event=607 readout=1188 f1far=1916 f2near=916 f2far=1268
SIPM_ARRIVALS event=431 total=290
SIPM_ADC event=431 readout=734 f1far=1070 f2near=933 f2far=1752
SIPM_ARRIVALS event=344 total=264
SIPM_ADC event=344 readout=506 f1far=980 f2near=973 f2far=1885
SIPM_ARRIVALS event=36 total=254
SIPM_ADC event=36 readout=1652 f1far=1289 f2near=1186 f2far=1021
SIPM_ARRIVALS event=80 total=253
SIPM_ADC event=80 readout=714 f1far=1190 f2near=658 f2far=1372
SIPM_ARRIVALS event=563 total=290
SIPM_ADC event=563 readout=968 f1far=1196 f2near=1393 f2far=1190
SIPM_ARRIVALS event=388 total=263
SIPM_ADC event=388 readout=1733 f1far=875 f2near=1413 f2far=767
SIPM_ARRIVALS event=652 total=260
SIPM_ADC event=652 readout=639 f1far=1002 f2near=944 f2far=820
SIPM_ARRIVALS event=696 total=239
SIPM_ADC event=696 readout=957 f1far=1146 f2near=757 f2far=1243
SIPM_ARRIVALS event=256 total=230
SIPM_ADC event=256 readout=1688 f1far=1142 f2near=452 f2far=581
SIPM_ARRIVALS event=476 total=262
SIPM_ADC event=476 readout=637 f1far=1211 f2near=593 f2far=1273
SIPM_ARRIVALS event=212 total=251
SIPM_ADC event=212 readout=1189 f1far=828 f2near=1227 f2far=624
SIPM_ARRIVALS event=300 total=236
SIPM_ADC event=300 readout=607 f1far=946 f2near=1230 f2far=1314
SIPM_ARRIVALS event=168 total=281
SIPM_ADC event=168 readout=1381 f1far=1262 f2near=1914 f2far=1095
SIPM_ARRIVALS event=124 total=266
SIPM_ADC event=124 readout=1502 f1far=688 f2near=1672 f2far=770
SIPM_ARRIVALS event=608 total=289
SIPM_ADC event=608 readout=1247 f1far=1444 f2near=983 f2far=1299
SIPM_ARRIVALS event=520 total=297
SIPM_ADC event=520 readout=1206 f1far=1325 f2near=867 f2far=1718
SIPM_ARRIVALS event=37 total=262
SIPM_ADC event=37 readout=909 f1far=1437 f2near=1706 f2far=652
SIPM_ARRIVALS event=432 total=261
SIPM_ADC event=432 readout=612 f1far=790 f2near=845 f2far=2156
SIPM_ARRIVALS event=345 total=265
SIPM_ADC event=345 readout=783 f1far=1118 f2near=519 f2far=1801
SIPM_ARRIVALS event=389 total=268
SIPM_ADC event=389 readout=915 f1far=1145 f2near=797 f2far=1093
SIPM_ARRIVALS event=81 total=270
SIPM_ADC event=81 readout=1179 f1far=1096 f2near=1212 f2far=1021
SIPM_ARRIVALS event=564 total=286
SIPM_ADC event=564 readout=914 f1far=1542 f2near=1172 f2far=1227
SIPM_ARRIVALS event=477 total=237
SIPM_ADC event=477 readout=352 f1far=851 f2near=1244 f2far=1724
SIPM_ARRIVALS event=257 total=272
SIPM_ADC event=257 readout=1705 f1far=1100 f2near=924 f2far=961
SIPM_ARRIVALS event=653 total=301
SIPM_ADC event=653 readout=1776 f1far=1114 f2near=1008 f2far=1210
SIPM_ARRIVALS event=213 total=277
SIPM_ADC event=213 readout=1640 f1far=645 f2near=1192 f2far=883
SIPM_ARRIVALS event=697 total=275
SIPM_ADC event=697 readout=681 f1far=711 f2near=1083 f2far=1354
SIPM_ARRIVALS event=125 total=234
SIPM_ADC event=125 readout=950 f1far=799 f2near=1265 f2far=1154
SIPM_ARRIVALS event=169 total=234
SIPM_ADC event=169 readout=1351 f1far=576 f2near=1054 f2far=663
SIPM_ARRIVALS event=301 total=277
SIPM_ADC event=301 readout=722 f1far=1735 f2near=623 f2far=1626
SIPM_ARRIVALS event=609 total=273
SIPM_ADC event=609 readout=1769 f1far=1509 f2near=959 f2far=939
SIPM_ARRIVALS event=521 total=277
SIPM_ADC event=521 readout=1066 f1far=803 f2near=699 f2far=886
SIPM_ARRIVALS event=38 total=285
SIPM_ADC event=38 readout=945 f1far=1293 f2near=1390 f2far=1438
SIPM_ARRIVALS event=433 total=268
SIPM_ADC event=433 readout=2297 f1far=861 f2near=980 f2far=531
SIPM_ARRIVALS event=390 total=252
SIPM_ADC event=390 readout=885 f1far=1314 f2near=842 f2far=1573
SIPM_ARRIVALS event=82 total=240
SIPM_ADC event=82 readout=724 f1far=1367 f2near=969 f2far=1289
SIPM_ARRIVALS event=565 total=264
SIPM_ADC event=565 readout=852 f1far=1418 f2near=739 f2far=1423
SIPM_ARRIVALS event=346 total=267
SIPM_ADC event=346 readout=1666 f1far=857 f2near=1370 f2far=849
SIPM_ARRIVALS event=126 total=255
SIPM_ADC event=126 readout=1516 f1far=951 f2near=863 f2far=1013
SIPM_ARRIVALS event=214 total=260
SIPM_ADC event=214 readout=754 f1far=1440 f2near=1010 f2far=1377
SIPM_ARRIVALS event=478 total=250
SIPM_ADC event=478 readout=1547 f1far=1074 f2near=1013 f2far=1066
SIPM_ARRIVALS event=654 total=287
SIPM_ADC event=654 readout=1324 f1far=1138 f2near=2359 f2far=724
SIPM_ARRIVALS event=698 total=257
SIPM_ADC event=698 readout=1194 f1far=767 f2near=1136 f2far=558
SIPM_ARRIVALS event=258 total=254
SIPM_ADC event=258 readout=1205 f1far=1313 f2near=635 f2far=343
SIPM_ARRIVALS event=170 total=231
SIPM_ADC event=170 readout=609 f1far=596 f2near=783 f2far=1793
SIPM_ARRIVALS event=302 total=273
SIPM_ADC event=302 readout=1222 f1far=944 f2near=1260 f2far=525
SIPM_ARRIVALS event=610 total=292
SIPM_ADC event=610 readout=996 f1far=469 f2near=1652 f2far=947
SIPM_ARRIVALS event=522 total=267
SIPM_ADC event=522 readout=1064 f1far=888 f2near=835 f2far=1708
SIPM_ARRIVALS event=434 total=228
SIPM_ADC event=434 readout=876 f1far=515 f2near=1240 f2far=876
SIPM_ARRIVALS event=39 total=258
SIPM_ADC event=39 readout=1164 f1far=1202 f2near=1232 f2far=992
SIPM_ARRIVALS event=391 total=272
SIPM_ADC event=391 readout=1129 f1far=1145 f2near=964 f2far=1325
SIPM_ARRIVALS event=566 total=258
SIPM_ADC event=566 readout=482 f1far=1330 f2near=1350 f2far=1716
SIPM_ARRIVALS event=127 total=233
SIPM_ADC event=127 readout=981 f1far=854 f2near=1252 f2far=1091
SIPM_ARRIVALS event=479 total=243
SIPM_ADC event=479 readout=639 f1far=652 f2near=1406 f2far=1518
SIPM_ARRIVALS event=347 total=287
SIPM_ADC event=347 readout=847 f1far=722 f2near=2132 f2far=1080
SIPM_ARRIVALS event=215 total=246
SIPM_ADC event=215 readout=601 f1far=1233 f2near=1044 f2far=1465
SIPM_ARRIVALS event=699 total=304
SIPM_ADC event=699 readout=748 f1far=811 f2near=1691 f2far=960
SIPM_ARRIVALS event=83 total=268
SIPM_ADC event=83 readout=1144 f1far=905 f2near=1027 f2far=690
SIPM_ARRIVALS event=655 total=281
SIPM_ADC event=655 readout=986 f1far=1043 f2near=849 f2far=1078
SIPM_ARRIVALS event=259 total=262
SIPM_ADC event=259 readout=1472 f1far=1041 f2near=1026 f2far=957
SIPM_ARRIVALS event=303 total=300
SIPM_ADC event=303 readout=474 f1far=1245 f2near=811 f2far=2449
SIPM_ARRIVALS event=171 total=249
SIPM_ADC event=171 readout=348 f1far=872 f2near=932 f2far=1393
SIPM_ARRIVALS event=611 total=279
SIPM_ADC event=611 readout=640 f1far=914 f2near=1754 f2far=1227
SIPM_ARRIVALS event=523 total=274
SIPM_ADC event=523 readout=1002 f1far=1233 f2near=1464 f2far=1320
SIPM_ARRIVALS event=435 total=284
SIPM_ADC event=435 readout=875 f1far=1087 f2near=1426 f2far=1351
SIPM_ARRIVALS event=40 total=292
SIPM_ADC event=40 readout=892 f1far=1158 f2near=766 f2far=1090
SIPM_ARRIVALS event=567 total=274
SIPM_ADC event=567 readout=506 f1far=1683 f2near=664 f2far=2027
SIPM_ARRIVALS event=480 total=276
SIPM_ADC event=480 readout=1324 f1far=1260 f2near=2209 f2far=768
SIPM_ARRIVALS event=348 total=241
SIPM_ADC event=348 readout=686 f1far=1130 f2near=1105 f2far=884
SIPM_ARRIVALS event=392 total=222
SIPM_ADC event=392 readout=721 f1far=762 f2near=1092 f2far=1016
SIPM_ARRIVALS event=128 total=256
SIPM_ADC event=128 readout=1235 f1far=996 f2near=1262 f2far=672
SIPM_ARRIVALS event=216 total=291
SIPM_ADC event=216 readout=754 f1far=1494 f2near=983 f2far=1591
SIPM_ARRIVALS event=84 total=293
SIPM_ADC event=84 readout=1497 f1far=671 f2near=1214 f2far=1142
SIPM_ARRIVALS event=656 total=264
SIPM_ADC event=656 readout=1377 f1far=1488 f2near=837 f2far=961
SIPM_ARRIVALS event=700 total=263
SIPM_ADC event=700 readout=824 f1far=811 f2near=1106 f2far=968
SIPM_ARRIVALS event=260 total=312
SIPM_ADC event=260 readout=1385 f1far=1700 f2near=1220 f2far=691
SIPM_ARRIVALS event=304 total=268
SIPM_ADC event=304 readout=838 f1far=1469 f2near=782 f2far=1078
SIPM_ARRIVALS event=172 total=312
SIPM_ADC event=172 readout=1368 f1far=630 f2near=1807 f2far=1130
SIPM_ARRIVALS event=612 total=277
SIPM_ADC event=612 readout=1049 f1far=812 f2near=624 f2far=1430
SIPM_ARRIVALS event=524 total=257
SIPM_ADC event=524 readout=1391 f1far=715 f2near=1302 f2far=860
SIPM_ARRIVALS event=436 total=248
SIPM_ADC event=436 readout=1021 f1far=1515 f2near=727 f2far=1076
SIPM_ARRIVALS event=41 total=242
SIPM_ADC event=41 readout=1205 f1far=569 f2near=1283 f2far=1085
SIPM_ARRIVALS event=349 total=230
SIPM_ADC event=349 readout=646 f1far=888 f2near=717 f2far=1070
SIPM_ARRIVALS event=481 total=274
SIPM_ADC event=481 readout=915 f1far=922 f2near=1195 f2far=594
SIPM_ARRIVALS event=393 total=253
SIPM_ADC event=393 readout=1523 f1far=980 f2near=930 f2far=1003
SIPM_ARRIVALS event=85 total=259
SIPM_ADC event=85 readout=1168 f1far=698 f2near=1956 f2far=788
SIPM_ARRIVALS event=568 total=254
SIPM_ADC event=568 readout=907 f1far=885 f2near=950 f2far=1645
SIPM_ARRIVALS event=129 total=273
SIPM_ADC event=129 readout=859 f1far=992 f2near=1371 f2far=1454
SIPM_ARRIVALS event=217 total=268
SIPM_ADC event=217 readout=858 f1far=1511 f2near=914 f2far=1261
SIPM_ARRIVALS event=657 total=241
SIPM_ADC event=657 readout=1270 f1far=856 f2near=1096 f2far=1092
SIPM_ARRIVALS event=701 total=248
SIPM_ADC event=701 readout=1153 f1far=926 f2near=959 f2far=853
SIPM_ARRIVALS event=261 total=241
SIPM_ADC event=261 readout=1235 f1far=779 f2near=1861 f2far=907
SIPM_ARRIVALS event=613 total=271
SIPM_ADC event=613 readout=1204 f1far=1364 f2near=1179 f2far=1082
SIPM_ARRIVALS event=305 total=257
SIPM_ADC event=305 readout=822 f1far=1108 f2near=1166 f2far=1260
SIPM_ARRIVALS event=173 total=243
SIPM_ADC event=173 readout=987 f1far=1049 f2near=806 f2far=893
SIPM_ARRIVALS event=437 total=252
SIPM_ADC event=437 readout=1070 f1far=730 f2near=1848 f2far=1026
SIPM_ARRIVALS event=525 total=266
SIPM_ADC event=525 readout=1235 f1far=1020 f2near=1276 f2far=787
SIPM_ARRIVALS event=350 total=263
SIPM_ADC event=350 readout=850 f1far=1924 f2near=974 f2far=1449
SIPM_ARRIVALS event=482 total=260
SIPM_ADC event=482 readout=1199 f1far=1075 f2near=903 f2far=1266
SIPM_ARRIVALS event=42 total=242
SIPM_ADC event=42 readout=995 f1far=638 f2near=1308 f2far=799
SIPM_ARRIVALS event=86 total=295
SIPM_ADC event=86 readout=816 f1far=2184 f2near=531 f2far=1301
SIPM_ARRIVALS event=130 total=266
SIPM_ADC event=130 readout=1242 f1far=1566 f2near=1471 f2far=1079
SIPM_ARRIVALS event=569 total=286
SIPM_ADC event=569 readout=676 f1far=1493 f2near=1004 f2far=1328
SIPM_ARRIVALS event=394 total=270
SIPM_ADC event=394 readout=897 f1far=975 f2near=947 f2far=670
SIPM_ARRIVALS event=218 total=235
SIPM_ADC event=218 readout=511 f1far=515 f2near=1088 f2far=1028
SIPM_ARRIVALS event=658 total=262
SIPM_ADC event=658 readout=1033 f1far=1691 f2near=877 f2far=567
SIPM_ARRIVALS event=702 total=277
SIPM_ADC event=702 readout=1431 f1far=1695 f2near=1114 f2far=1391
SIPM_ARRIVALS event=262 total=236
SIPM_ADC event=262 readout=879 f1far=1232 f2near=597 f2far=855
SIPM_ARRIVALS event=306 total=252
SIPM_ADC event=306 readout=1227 f1far=1363 f2near=1019 f2far=887
SIPM_ARRIVALS event=614 total=281
SIPM_ADC event=614 readout=1694 f1far=775 f2near=639 f2far=1047
SIPM_ARRIVALS event=174 total=250
SIPM_ADC event=174 readout=590 f1far=1262 f2near=1219 f2far=1410
SIPM_ARRIVALS event=438 total=251
SIPM_ADC event=438 readout=986 f1far=560 f2near=1204 f2far=897
SIPM_ARRIVALS event=526 total=272
SIPM_ADC event=526 readout=1093 f1far=1704 f2near=1155 f2far=645
SIPM_ARRIVALS event=351 total=269
SIPM_ADC event=351 readout=945 f1far=667 f2near=1168 f2far=1048
SIPM_ARRIVALS event=483 total=255
SIPM_ADC event=483 readout=692 f1far=595 f2near=1826 f2far=1454
SIPM_ARRIVALS event=131 total=275
SIPM_ADC event=131 readout=1022 f1far=1415 f2near=1319 f2far=1103
SIPM_ARRIVALS event=43 total=281
SIPM_ADC event=43 readout=1052 f1far=680 f2near=1538 f2far=1405
SIPM_ARRIVALS event=87 total=234
SIPM_ADC event=87 readout=1124 f1far=573 f2near=646 f2far=1022
SIPM_ARRIVALS event=395 total=258
SIPM_ADC event=395 readout=1123 f1far=785 f2near=993 f2far=879
SIPM_ARRIVALS event=570 total=239
SIPM_ADC event=570 readout=664 f1far=483 f2near=1274 f2far=1005
SIPM_ARRIVALS event=659 total=263
SIPM_ADC event=659 readout=1404 f1far=828 f2near=1709 f2far=922
SIPM_ARRIVALS event=219 total=279
SIPM_ADC event=219 readout=1523 f1far=796 f2near=1710 f2far=913
SIPM_ARRIVALS event=703 total=265
SIPM_ADC event=703 readout=1197 f1far=1343 f2near=912 f2far=854
SIPM_ARRIVALS event=263 total=296
SIPM_ADC event=263 readout=725 f1far=1959 f2near=515 f2far=1069
SIPM_ARRIVALS event=307 total=293
SIPM_ADC event=307 readout=1733 f1far=1484 f2near=1208 f2far=785
SIPM_ARRIVALS event=175 total=251
SIPM_ADC event=175 readout=1319 f1far=1726 f2near=1032 f2far=1254
SIPM_ARRIVALS event=615 total=263
SIPM_ADC event=615 readout=773 f1far=849 f2near=1015 f2far=887
SIPM_ARRIVALS event=439 total=255
SIPM_ADC event=439 readout=917 f1far=896 f2near=1378 f2far=635
SIPM_ARRIVALS event=704 total=268
SIPM_ADC event=704 readout=1270 f1far=936 f2near=1810 f2far=529
SIPM_ARRIVALS event=836 total=259
SIPM_ADC event=836 readout=1024 f1far=682 f2near=1245 f2far=1195
SIPM_ARRIVALS event=527 total=264
SIPM_ADC event=527 readout=1011 f1far=1571 f2near=968 f2far=886
SIPM_ARRIVALS event=924 total=257
SIPM_ADC event=924 readout=1127 f1far=675 f2near=1399 f2far=715
SIPM_ARRIVALS event=748 total=254
SIPM_ADC event=748 readout=1110 f1far=791 f2near=1218 f2far=1054
SIPM_ARRIVALS event=792 total=257
SIPM_ADC event=792 readout=852 f1far=686 f2near=2197 f2far=1028
SIPM_ARRIVALS event=880 total=284
SIPM_ADC event=880 readout=974 f1far=569 f2near=1772 f2far=1112
SIPM_ARRIVALS event=968 total=267
SIPM_ADC event=968 readout=1009 f1far=1100 f2near=1156 f2far=1717
SIPM_ARRIVALS event=571 total=267
SIPM_ADC event=571 readout=779 f1far=1716 f2near=616 f2far=1204
SIPM_ARRIVALS event=1056 total=255
SIPM_ADC event=1056 readout=649 f1far=1250 f2near=473 f2far=1406
SIPM_ARRIVALS event=1012 total=265
SIPM_ADC event=1012 readout=1229 f1far=991 f2near=1337 f2far=1176
SIPM_ARRIVALS event=1100 total=274
SIPM_ADC event=1100 readout=1178 f1far=906 f2near=1066 f2far=1261
SIPM_ARRIVALS event=1144 total=290
SIPM_ADC event=1144 readout=1618 f1far=1052 f2near=1304 f2far=903
SIPM_ARRIVALS event=1276 total=259
SIPM_ADC event=1276 readout=874 f1far=439 f2near=2015 f2far=1183
SIPM_ARRIVALS event=1232 total=284
SIPM_ADC event=1232 readout=875 f1far=1719 f2near=1127 f2far=1012
SIPM_ARRIVALS event=1188 total=284
SIPM_ADC event=1188 readout=674 f1far=1232 f2near=1274 f2far=1489
SIPM_ARRIVALS event=837 total=267
SIPM_ADC event=837 readout=1529 f1far=1285 f2near=1102 f2far=914
SIPM_ARRIVALS event=705 total=268
SIPM_ADC event=705 readout=809 f1far=1387 f2near=1261 f2far=904
SIPM_ARRIVALS event=925 total=292
SIPM_ADC event=925 readout=762 f1far=1464 f2near=955 f2far=1671
SIPM_ARRIVALS event=881 total=277
SIPM_ADC event=881 readout=1201 f1far=1527 f2near=1348 f2far=1143
SIPM_ARRIVALS event=1320 total=249
SIPM_ADC event=1320 readout=1113 f1far=1072 f2near=541 f2far=612
SIPM_ARRIVALS event=793 total=263
SIPM_ADC event=793 readout=1397 f1far=1477 f2near=834 f2far=800
SIPM_ARRIVALS event=749 total=289
SIPM_ADC event=749 readout=1732 f1far=1162 f2near=754 f2far=1384
SIPM_ARRIVALS event=969 total=285
SIPM_ADC event=969 readout=1824 f1far=941 f2near=1475 f2far=711
SIPM_ARRIVALS event=1364 total=249
SIPM_ADC event=1364 readout=1230 f1far=521 f2near=1235 f2far=606
SIPM_ARRIVALS event=1057 total=237
SIPM_ADC event=1057 readout=976 f1far=540 f2near=869 f2far=1237
SIPM_ARRIVALS event=1013 total=277
SIPM_ADC event=1013 readout=1110 f1far=1039 f2near=1310 f2far=1145
SIPM_ARRIVALS event=1101 total=308
SIPM_ADC event=1101 readout=1370 f1far=681 f2near=1489 f2far=1251
SIPM_ARRIVALS event=1277 total=262
SIPM_ADC event=1277 readout=1506 f1far=699 f2near=939 f2far=683
SIPM_ARRIVALS event=1145 total=236
SIPM_ADC event=1145 readout=1189 f1far=796 f2near=1057 f2far=930
SIPM_ARRIVALS event=1233 total=263
SIPM_ADC event=1233 readout=1230 f1far=818 f2near=1692 f2far=559
SIPM_ARRIVALS event=838 total=254
SIPM_ADC event=838 readout=797 f1far=1026 f2near=606 f2far=1413
SIPM_ARRIVALS event=1189 total=269
SIPM_ADC event=1189 readout=903 f1far=1412 f2near=863 f2far=1088
SIPM_ARRIVALS event=706 total=268
SIPM_ADC event=706 readout=1596 f1far=873 f2near=1847 f2far=1024
SIPM_ARRIVALS event=926 total=300
SIPM_ADC event=926 readout=1307 f1far=1233 f2near=1541 f2far=1122
SIPM_ARRIVALS event=882 total=240
SIPM_ADC event=882 readout=1124 f1far=1250 f2near=613 f2far=924
SIPM_ARRIVALS event=794 total=245
SIPM_ADC event=794 readout=948 f1far=1475 f2near=903 f2far=944
SIPM_ARRIVALS event=750 total=274
SIPM_ADC event=750 readout=1036 f1far=1329 f2near=1000 f2far=690
SIPM_ARRIVALS event=1321 total=284
SIPM_ADC event=1321 readout=2111 f1far=1410 f2near=1597 f2far=1078
SIPM_ARRIVALS event=1365 total=236
SIPM_ADC event=1365 readout=1102 f1far=1363 f2near=707 f2far=811
SIPM_ARRIVALS event=1058 total=287
SIPM_ADC event=1058 readout=681 f1far=916 f2near=1858 f2far=1096
SIPM_ARRIVALS event=970 total=280
SIPM_ADC event=970 readout=1769 f1far=1650 f2near=792 f2far=717
SIPM_ARRIVALS event=1014 total=268
SIPM_ADC event=1014 readout=1767 f1far=510 f2near=1473 f2far=1387
SIPM_ARRIVALS event=1102 total=232
SIPM_ADC event=1102 readout=1376 f1far=1529 f2near=631 f2far=868
SIPM_ARRIVALS event=1146 total=261
SIPM_ADC event=1146 readout=709 f1far=1163 f2near=1290 f2far=1231
SIPM_ARRIVALS event=1278 total=252
SIPM_ADC event=1278 readout=936 f1far=960 f2near=1165 f2far=874
SIPM_ARRIVALS event=1234 total=239
SIPM_ADC event=1234 readout=1255 f1far=583 f2near=1417 f2far=1129
SIPM_ARRIVALS event=839 total=299
SIPM_ADC event=839 readout=1228 f1far=1028 f2near=1778 f2far=1119
SIPM_ARRIVALS event=1190 total=260
SIPM_ADC event=1190 readout=851 f1far=953 f2near=984 f2far=814
SIPM_ARRIVALS event=927 total=270
SIPM_ADC event=927 readout=1516 f1far=1042 f2near=1109 f2far=525
SIPM_ARRIVALS event=707 total=255
SIPM_ADC event=707 readout=899 f1far=545 f2near=1358 f2far=1103
SIPM_ARRIVALS event=795 total=326
SIPM_ADC event=795 readout=654 f1far=1807 f2near=1307 f2far=1525
SIPM_ARRIVALS event=751 total=260
SIPM_ADC event=751 readout=1179 f1far=1300 f2near=1176 f2far=1159
SIPM_ARRIVALS event=883 total=246
SIPM_ADC event=883 readout=975 f1far=1061 f2near=1135 f2far=946
SIPM_ARRIVALS event=971 total=293
SIPM_ADC event=971 readout=1042 f1far=2178 f2near=493 f2far=1685
SIPM_ARRIVALS event=1322 total=300
SIPM_ADC event=1322 readout=2165 f1far=1165 f2near=835 f2far=1257
SIPM_ARRIVALS event=1015 total=278
SIPM_ADC event=1015 readout=1108 f1far=1019 f2near=763 f2far=1631
SIPM_ARRIVALS event=1366 total=277
SIPM_ADC event=1366 readout=1570 f1far=1219 f2near=946 f2far=1682
SIPM_ARRIVALS event=1059 total=249
SIPM_ADC event=1059 readout=1098 f1far=1105 f2near=748 f2far=640
SIPM_ARRIVALS event=1103 total=267
SIPM_ADC event=1103 readout=1310 f1far=1430 f2near=648 f2far=1480
SIPM_ARRIVALS event=1279 total=259
SIPM_ADC event=1279 readout=973 f1far=640 f2near=1596 f2far=1237
SIPM_ARRIVALS event=1147 total=262
SIPM_ADC event=1147 readout=1188 f1far=805 f2near=1397 f2far=1602
SIPM_ARRIVALS event=840 total=252
SIPM_ADC event=840 readout=1330 f1far=461 f2near=1274 f2far=1032
SIPM_ARRIVALS event=1235 total=260
SIPM_ADC event=1235 readout=720 f1far=1904 f2near=1270 f2far=879
SIPM_ARRIVALS event=1191 total=274
SIPM_ADC event=1191 readout=1108 f1far=1540 f2near=855 f2far=1437
SIPM_ARRIVALS event=708 total=240
SIPM_ADC event=708 readout=1976 f1far=1179 f2near=736 f2far=741
SIPM_ARRIVALS event=928 total=266
SIPM_ADC event=928 readout=1161 f1far=721 f2near=1538 f2far=1039
SIPM_ARRIVALS event=752 total=274
SIPM_ADC event=752 readout=1101 f1far=624 f2near=2195 f2far=1282
SIPM_ARRIVALS event=884 total=263
SIPM_ADC event=884 readout=1122 f1far=1292 f2near=1018 f2far=560
SIPM_ARRIVALS event=972 total=255
SIPM_ADC event=972 readout=1438 f1far=1185 f2near=652 f2far=672
SIPM_ARRIVALS event=796 total=263
SIPM_ADC event=796 readout=906 f1far=1488 f2near=733 f2far=1108
SIPM_ARRIVALS event=1323 total=269
SIPM_ADC event=1323 readout=1038 f1far=950 f2near=824 f2far=1520
SIPM_ARRIVALS event=1060 total=268
SIPM_ADC event=1060 readout=1913 f1far=1022 f2near=1124 f2far=730
SIPM_ARRIVALS event=1367 total=268
SIPM_ADC event=1367 readout=1088 f1far=1243 f2near=955 f2far=1213
SIPM_ARRIVALS event=1016 total=270
SIPM_ADC event=1016 readout=1057 f1far=1502 f2near=841 f2far=1322
SIPM_ARRIVALS event=1104 total=249
SIPM_ADC event=1104 readout=676 f1far=993 f2near=1125 f2far=1279
SIPM_ARRIVALS event=1148 total=247
SIPM_ADC event=1148 readout=1214 f1far=1019 f2near=1068 f2far=934
SIPM_ARRIVALS event=1280 total=344
SIPM_ADC event=1280 readout=2196 f1far=1019 f2near=1411 f2far=1145
SIPM_ARRIVALS event=1236 total=264
SIPM_ADC event=1236 readout=1507 f1far=1253 f2near=1039 f2far=642
SIPM_ARRIVALS event=841 total=257
SIPM_ADC event=841 readout=1134 f1far=1501 f2near=587 f2far=837
SIPM_ARRIVALS event=1192 total=288
SIPM_ADC event=1192 readout=1279 f1far=1024 f2near=1228 f2far=963
SIPM_ARRIVALS event=709 total=299
SIPM_ADC event=709 readout=917 f1far=1240 f2near=662 f2far=1373
SIPM_ARRIVALS event=929 total=232
SIPM_ADC event=929 readout=908 f1far=968 f2near=1168 f2far=533
SIPM_ARRIVALS event=1324 total=250
SIPM_ADC event=1324 readout=993 f1far=1338 f2near=548 f2far=1141
SIPM_ARRIVALS event=973 total=283
SIPM_ADC event=973 readout=2077 f1far=689 f2near=965 f2far=662
SIPM_ARRIVALS event=885 total=279
SIPM_ADC event=885 readout=1002 f1far=1643 f2near=486 f2far=779
SIPM_ARRIVALS event=753 total=246
SIPM_ADC event=753 readout=1060 f1far=839 f2near=545 f2far=959
SIPM_ARRIVALS event=1061 total=249
SIPM_ADC event=1061 readout=571 f1far=1212 f2near=922 f2far=1141
SIPM_ARRIVALS event=797 total=277
SIPM_ADC event=797 readout=1107 f1far=651 f2near=1495 f2far=1421
SIPM_ARRIVALS event=1017 total=267
SIPM_ADC event=1017 readout=1139 f1far=1057 f2near=1340 f2far=1191
SIPM_ARRIVALS event=1368 total=260
SIPM_ADC event=1368 readout=860 f1far=653 f2near=1126 f2far=1049
SIPM_ARRIVALS event=1105 total=280
SIPM_ADC event=1105 readout=1115 f1far=1504 f2near=604 f2far=1409
SIPM_ARRIVALS event=1149 total=270
SIPM_ADC event=1149 readout=1321 f1far=1298 f2near=678 f2far=485
SIPM_ARRIVALS event=1281 total=281
SIPM_ADC event=1281 readout=1024 f1far=1184 f2near=1167 f2far=1546
SIPM_ARRIVALS event=842 total=286
SIPM_ADC event=842 readout=1050 f1far=1835 f2near=776 f2far=1238
SIPM_ARRIVALS event=1237 total=273
SIPM_ADC event=1237 readout=1071 f1far=1609 f2near=1256 f2far=1264
SIPM_ARRIVALS event=1193 total=262
SIPM_ADC event=1193 readout=1042 f1far=1297 f2near=1814 f2far=985
SIPM_ARRIVALS event=710 total=246
SIPM_ADC event=710 readout=977 f1far=889 f2near=1347 f2far=1053
SIPM_ARRIVALS event=930 total=252
SIPM_ADC event=930 readout=1345 f1far=431 f2near=1168 f2far=1212
SIPM_ARRIVALS event=1325 total=280
SIPM_ADC event=1325 readout=1761 f1far=753 f2near=1726 f2far=908
SIPM_ARRIVALS event=1062 total=267
SIPM_ADC event=1062 readout=864 f1far=1588 f2near=754 f2far=1312
SIPM_ARRIVALS event=754 total=272
SIPM_ADC event=754 readout=1110 f1far=1025 f2near=1461 f2far=1210
SIPM_ARRIVALS event=886 total=237
SIPM_ADC event=886 readout=1651 f1far=811 f2near=549 f2far=1446
SIPM_ARRIVALS event=974 total=290
SIPM_ADC event=974 readout=603 f1far=1618 f2near=1075 f2far=1675
SIPM_ARRIVALS event=798 total=235
SIPM_ADC event=798 readout=1305 f1far=946 f2near=780 f2far=1230
SIPM_ARRIVALS event=1018 total=238
SIPM_ADC event=1018 readout=969 f1far=1266 f2near=372 f2far=1112
SIPM_ARRIVALS event=1369 total=254
SIPM_ADC event=1369 readout=1161 f1far=1042 f2near=939 f2far=594
SIPM_ARRIVALS event=1106 total=260
SIPM_ADC event=1106 readout=1010 f1far=1006 f2near=1277 f2far=1127
SIPM_ARRIVALS event=711 total=217
SIPM_ADC event=711 readout=1151 f1far=397 f2near=1676 f2far=660
SIPM_ARRIVALS event=843 total=237
SIPM_ADC event=843 readout=557 f1far=1361 f2near=827 f2far=1328
SIPM_ARRIVALS event=1150 total=241
SIPM_ADC event=1150 readout=844 f1far=1676 f2near=833 f2far=1076
SIPM_ARRIVALS event=1282 total=238
SIPM_ADC event=1282 readout=1065 f1far=1048 f2near=648 f2far=1196
SIPM_ARRIVALS event=931 total=258
SIPM_ADC event=931 readout=887 f1far=930 f2near=1108 f2far=1286
SIPM_ARRIVALS event=1238 total=269
SIPM_ADC event=1238 readout=943 f1far=1011 f2near=768 f2far=1550
SIPM_ARRIVALS event=1194 total=270
SIPM_ADC event=1194 readout=1020 f1far=797 f2near=1616 f2far=1054
SIPM_ARRIVALS event=887 total=302
SIPM_ADC event=887 readout=1117 f1far=1780 f2near=969 f2far=2183
SIPM_ARRIVALS event=1063 total=277
SIPM_ADC event=1063 readout=1714 f1far=922 f2near=1453 f2far=882
SIPM_ARRIVALS event=755 total=290
SIPM_ADC event=755 readout=1600 f1far=1504 f2near=1188 f2far=1130
SIPM_ARRIVALS event=1326 total=264
SIPM_ADC event=1326 readout=1283 f1far=1088 f2near=1502 f2far=1182
SIPM_ARRIVALS event=1019 total=238
SIPM_ADC event=1019 readout=1133 f1far=983 f2near=520 f2far=964
SIPM_ARRIVALS event=799 total=252
SIPM_ADC event=799 readout=806 f1far=1769 f2near=466 f2far=1285
SIPM_ARRIVALS event=975 total=298
SIPM_ADC event=975 readout=645 f1far=1579 f2near=1062 f2far=1658
SIPM_ARRIVALS event=1370 total=252
SIPM_ADC event=1370 readout=617 f1far=859 f2near=787 f2far=1202
SIPM_ARRIVALS event=1107 total=290
SIPM_ADC event=1107 readout=1567 f1far=756 f2near=897 f2far=961
SIPM_ARRIVALS event=1151 total=251
SIPM_ADC event=1151 readout=1502 f1far=614 f2near=1218 f2far=908
SIPM_ARRIVALS event=844 total=287
SIPM_ADC event=844 readout=920 f1far=1158 f2near=1142 f2far=1301
SIPM_ARRIVALS event=712 total=270
SIPM_ADC event=712 readout=1232 f1far=734 f2near=1266 f2far=1297
SIPM_ARRIVALS event=1239 total=261
SIPM_ADC event=1239 readout=1647 f1far=546 f2near=762 f2far=1315
SIPM_ARRIVALS event=1283 total=304
SIPM_ADC event=1283 readout=1136 f1far=1358 f2near=1433 f2far=1111
SIPM_ARRIVALS event=932 total=254
SIPM_ADC event=932 readout=937 f1far=1701 f2near=681 f2far=1203
SIPM_ARRIVALS event=1195 total=269
SIPM_ADC event=1195 readout=601 f1far=1047 f2near=932 f2far=1430
SIPM_ARRIVALS event=1064 total=306
SIPM_ADC event=1064 readout=1463 f1far=1864 f2near=1259 f2far=1372
SIPM_ARRIVALS event=1327 total=276
SIPM_ADC event=1327 readout=593 f1far=1147 f2near=771 f2far=2040
SIPM_ARRIVALS event=888 total=271
SIPM_ADC event=888 readout=1010 f1far=849 f2near=1610 f2far=796
SIPM_ARRIVALS event=756 total=254
SIPM_ADC event=756 readout=797 f1far=868 f2near=1284 f2far=1093
SIPM_ARRIVALS event=800 total=271
SIPM_ADC event=800 readout=1192 f1far=500 f2near=1865 f2far=1008
SIPM_ARRIVALS event=1020 total=272
SIPM_ADC event=1020 readout=815 f1far=1169 f2near=1049 f2far=1382
SIPM_ARRIVALS event=976 total=266
SIPM_ADC event=976 readout=1846 f1far=1271 f2near=1151 f2far=867
SIPM_ARRIVALS event=1108 total=281
SIPM_ADC event=1108 readout=1821 f1far=518 f2near=2252 f2far=1134
SIPM_ARRIVALS event=1371 total=301
SIPM_ADC event=1371 readout=934 f1far=2270 f2near=943 f2far=1627
SIPM_ARRIVALS event=713 total=267
SIPM_ADC event=713 readout=353 f1far=1844 f2near=1275 f2far=1331
SIPM_ARRIVALS event=1152 total=299
SIPM_ADC event=1152 readout=1430 f1far=960 f2near=1481 f2far=1218
SIPM_ARRIVALS event=845 total=245
SIPM_ADC event=845 readout=616 f1far=1053 f2near=1112 f2far=1492
SIPM_ARRIVALS event=933 total=248
SIPM_ADC event=933 readout=949 f1far=573 f2near=1043 f2far=825
SIPM_ARRIVALS event=1240 total=245
SIPM_ADC event=1240 readout=663 f1far=669 f2near=1129 f2far=1155
SIPM_ARRIVALS event=1284 total=283
SIPM_ADC event=1284 readout=1510 f1far=1046 f2near=1123 f2far=1322
SIPM_ARRIVALS event=1196 total=303
SIPM_ADC event=1196 readout=1057 f1far=616 f2near=2067 f2far=884
SIPM_ARRIVALS event=889 total=256
SIPM_ADC event=889 readout=709 f1far=2109 f2near=818 f2far=740
SIPM_ARRIVALS event=1065 total=267
SIPM_ADC event=1065 readout=859 f1far=708 f2near=1284 f2far=1028
SIPM_ARRIVALS event=1328 total=278
SIPM_ADC event=1328 readout=739 f1far=1564 f2near=1160 f2far=1815
SIPM_ARRIVALS event=757 total=286
SIPM_ADC event=757 readout=996 f1far=1355 f2near=1604 f2far=837
SIPM_ARRIVALS event=977 total=251
SIPM_ADC event=977 readout=1836 f1far=1137 f2near=1379 f2far=439
SIPM_ARRIVALS event=1021 total=257
SIPM_ADC event=1021 readout=1362 f1far=1122 f2near=512 f2far=1103
SIPM_ARRIVALS event=801 total=253
SIPM_ADC event=801 readout=805 f1far=918 f2near=928 f2far=1336
SIPM_ARRIVALS event=1109 total=260
SIPM_ADC event=1109 readout=979 f1far=2201 f2near=776 f2far=1129
SIPM_ARRIVALS event=1372 total=269
SIPM_ADC event=1372 readout=766 f1far=1320 f2near=681 f2far=1238
SIPM_ARRIVALS event=1153 total=267
SIPM_ADC event=1153 readout=1473 f1far=1492 f2near=914 f2far=1088
SIPM_ARRIVALS event=934 total=281
SIPM_ADC event=934 readout=1310 f1far=1420 f2near=992 f2far=1406
SIPM_ARRIVALS event=714 total=256
SIPM_ADC event=714 readout=829 f1far=1148 f2near=796 f2far=777
SIPM_ARRIVALS event=846 total=261
SIPM_ADC event=846 readout=887 f1far=1464 f2near=1051 f2far=1192
SIPM_ARRIVALS event=1285 total=293
SIPM_ADC event=1285 readout=1341 f1far=694 f2near=1774 f2far=1164
SIPM_ARRIVALS event=1241 total=231
SIPM_ADC event=1241 readout=982 f1far=1424 f2near=608 f2far=799
SIPM_ARRIVALS event=1197 total=266
SIPM_ADC event=1197 readout=682 f1far=1109 f2near=855 f2far=1538
SIPM_ARRIVALS event=890 total=268
SIPM_ADC event=890 readout=601 f1far=1507 f2near=975 f2far=1355
SIPM_ARRIVALS event=1329 total=235
SIPM_ADC event=1329 readout=1002 f1far=1016 f2near=1265 f2far=925
SIPM_ARRIVALS event=1066 total=243
SIPM_ADC event=1066 readout=968 f1far=1363 f2near=878 f2far=878
SIPM_ARRIVALS event=758 total=278
SIPM_ADC event=758 readout=1393 f1far=1356 f2near=1011 f2far=683
SIPM_ARRIVALS event=978 total=265
SIPM_ADC event=978 readout=882 f1far=1395 f2near=756 f2far=852
SIPM_ARRIVALS event=1022 total=269
SIPM_ADC event=1022 readout=1237 f1far=618 f2near=1756 f2far=1402
SIPM_ARRIVALS event=802 total=258
SIPM_ADC event=802 readout=868 f1far=975 f2near=1383 f2far=986
SIPM_ARRIVALS event=1110 total=276
SIPM_ADC event=1110 readout=973 f1far=1029 f2near=1309 f2far=1112
SIPM_ARRIVALS event=1373 total=254
SIPM_ADC event=1373 readout=1178 f1far=845 f2near=720 f2far=1572
SIPM_ARRIVALS event=935 total=271
SIPM_ADC event=935 readout=955 f1far=1658 f2near=849 f2far=1423
SIPM_ARRIVALS event=715 total=213
SIPM_ADC event=715 readout=830 f1far=1112 f2near=938 f2far=850
SIPM_ARRIVALS event=1154 total=258
SIPM_ADC event=1154 readout=1084 f1far=1740 f2near=1153 f2far=402
SIPM_ARRIVALS event=1286 total=301
SIPM_ADC event=1286 readout=915 f1far=1936 f2near=1187 f2far=1926
SIPM_ARRIVALS event=847 total=257
SIPM_ADC event=847 readout=606 f1far=868 f2near=1826 f2far=1730
SIPM_ARRIVALS event=1198 total=262
SIPM_ADC event=1198 readout=1428 f1far=1229 f2near=1140 f2far=1034
SIPM_ARRIVALS event=1242 total=246
SIPM_ADC event=1242 readout=1205 f1far=805 f2near=756 f2far=903
SIPM_ARRIVALS event=1067 total=253
SIPM_ADC event=1067 readout=716 f1far=1325 f2near=1038 f2far=607
SIPM_ARRIVALS event=891 total=244
SIPM_ADC event=891 readout=819 f1far=886 f2near=1436 f2far=1203
SIPM_ARRIVALS event=759 total=272
SIPM_ADC event=759 readout=918 f1far=1353 f2near=741 f2far=1199
SIPM_ARRIVALS event=979 total=258
SIPM_ADC event=979 readout=940 f1far=958 f2near=861 f2far=1284
SIPM_ARRIVALS event=1023 total=232
SIPM_ADC event=1023 readout=923 f1far=1203 f2near=639 f2far=846
SIPM_ARRIVALS event=1330 total=309
SIPM_ADC event=1330 readout=1872 f1far=1025 f2near=2337 f2far=451
SIPM_ARRIVALS event=803 total=298
SIPM_ADC event=803 readout=1369 f1far=1105 f2near=834 f2far=1080
SIPM_ARRIVALS event=1111 total=283
SIPM_ADC event=1111 readout=789 f1far=1457 f2near=1039 f2far=1283
SIPM_ARRIVALS event=936 total=251
SIPM_ADC event=936 readout=929 f1far=1457 f2near=335 f2far=1345
SIPM_ARRIVALS event=1155 total=236
SIPM_ADC event=1155 readout=1179 f1far=1092 f2near=673 f2far=709
SIPM_ARRIVALS event=1287 total=255
SIPM_ADC event=1287 readout=946 f1far=771 f2near=1444 f2far=787
SIPM_ARRIVALS event=1374 total=261
SIPM_ADC event=1374 readout=1512 f1far=1154 f2near=615 f2far=938
SIPM_ARRIVALS event=716 total=247
SIPM_ADC event=716 readout=907 f1far=1203 f2near=618 f2far=807
SIPM_ARRIVALS event=848 total=289
SIPM_ADC event=848 readout=882 f1far=947 f2near=755 f2far=1614
SIPM_ARRIVALS event=1199 total=290
SIPM_ADC event=1199 readout=1054 f1far=1072 f2near=670 f2far=1399
SIPM_ARRIVALS event=1243 total=248
SIPM_ADC event=1243 readout=875 f1far=1609 f2near=1295 f2far=872
SIPM_ARRIVALS event=1068 total=256
SIPM_ADC event=1068 readout=1212 f1far=1100 f2near=1615 f2far=282
SIPM_ARRIVALS event=892 total=258
SIPM_ADC event=892 readout=734 f1far=1627 f2near=800 f2far=1897
SIPM_ARRIVALS event=1024 total=253
SIPM_ADC event=1024 readout=1065 f1far=943 f2near=1051 f2far=1327
SIPM_ARRIVALS event=760 total=272
SIPM_ADC event=760 readout=1818 f1far=998 f2near=1687 f2far=720
SIPM_ARRIVALS event=980 total=258
SIPM_ADC event=980 readout=1268 f1far=1107 f2near=753 f2far=1100
SIPM_ARRIVALS event=1331 total=276
SIPM_ADC event=1331 readout=1005 f1far=1934 f2near=608 f2far=1104
SIPM_ARRIVALS event=804 total=249
SIPM_ADC event=804 readout=1315 f1far=664 f2near=929 f2far=792
SIPM_ARRIVALS event=1112 total=246
SIPM_ADC event=1112 readout=1185 f1far=994 f2near=1035 f2far=1344
SIPM_ARRIVALS event=1288 total=251
SIPM_ADC event=1288 readout=781 f1far=876 f2near=1382 f2far=1389
SIPM_ARRIVALS event=1156 total=260
SIPM_ADC event=1156 readout=1287 f1far=1151 f2near=1346 f2far=1001
SIPM_ARRIVALS event=937 total=259
SIPM_ADC event=937 readout=682 f1far=1735 f2near=828 f2far=1300
SIPM_ARRIVALS event=849 total=284
SIPM_ADC event=849 readout=967 f1far=1161 f2near=831 f2far=1254
SIPM_ARRIVALS event=1375 total=256
SIPM_ADC event=1375 readout=774 f1far=1342 f2near=860 f2far=1510
SIPM_ARRIVALS event=717 total=269
SIPM_ADC event=717 readout=738 f1far=757 f2near=1685 f2far=1372
SIPM_ARRIVALS event=1069 total=288
SIPM_ADC event=1069 readout=1250 f1far=787 f2near=1807 f2far=1036
SIPM_ARRIVALS event=1025 total=279
SIPM_ADC event=1025 readout=1958 f1far=947 f2near=1678 f2far=524
SIPM_ARRIVALS event=1244 total=252
SIPM_ADC event=1244 readout=876 f1far=791 f2near=1332 f2far=734
SIPM_ARRIVALS event=1200 total=260
SIPM_ADC event=1200 readout=1204 f1far=1459 f2near=931 f2far=952
SIPM_ARRIVALS event=761 total=255
SIPM_ADC event=761 readout=822 f1far=1362 f2near=1103 f2far=1511
SIPM_ARRIVALS event=893 total=245
SIPM_ADC event=893 readout=864 f1far=1036 f2near=579 f2far=878
SIPM_ARRIVALS event=981 total=276
SIPM_ADC event=981 readout=1162 f1far=1144 f2near=1712 f2far=1372
SIPM_ARRIVALS event=1332 total=246
SIPM_ADC event=1332 readout=1681 f1far=953 f2near=1093 f2far=595
SIPM_ARRIVALS event=805 total=251
SIPM_ADC event=805 readout=1800 f1far=634 f2near=1363 f2far=699
SIPM_ARRIVALS event=1113 total=295
SIPM_ADC event=1113 readout=1368 f1far=1629 f2near=853 f2far=961
SIPM_ARRIVALS event=850 total=236
SIPM_ADC event=850 readout=1081 f1far=1112 f2near=836 f2far=797
SIPM_ARRIVALS event=1289 total=268
SIPM_ADC event=1289 readout=1000 f1far=2065 f2near=914 f2far=1590
SIPM_ARRIVALS event=938 total=232
SIPM_ADC event=938 readout=964 f1far=1418 f2near=865 f2far=751
SIPM_ARRIVALS event=1157 total=273
SIPM_ADC event=1157 readout=1277 f1far=932 f2near=693 f2far=979
SIPM_ARRIVALS event=1376 total=276
SIPM_ADC event=1376 readout=1930 f1far=1095 f2near=1313 f2far=905
SIPM_ARRIVALS event=718 total=281
SIPM_ADC event=718 readout=1171 f1far=929 f2near=1223 f2far=802
SIPM_ARRIVALS event=1201 total=283
SIPM_ADC event=1201 readout=1371 f1far=1280 f2near=729 f2far=1130
SIPM_ARRIVALS event=1026 total=273
SIPM_ADC event=1026 readout=1168 f1far=1014 f2near=1297 f2far=819
SIPM_ARRIVALS event=1245 total=270
SIPM_ADC event=1245 readout=1374 f1far=1018 f2near=1089 f2far=889
SIPM_ARRIVALS event=1070 total=282
SIPM_ADC event=1070 readout=852 f1far=796 f2near=1181 f2far=1057
SIPM_ARRIVALS event=762 total=252
SIPM_ADC event=762 readout=1200 f1far=902 f2near=1185 f2far=1050
SIPM_ARRIVALS event=894 total=305
SIPM_ADC event=894 readout=1266 f1far=1741 f2near=913 f2far=1887
SIPM_ARRIVALS event=982 total=294
SIPM_ADC event=982 readout=821 f1far=1294 f2near=863 f2far=1116
SIPM_ARRIVALS event=806 total=271
SIPM_ADC event=806 readout=1929 f1far=759 f2near=827 f2far=930
SIPM_ARRIVALS event=1333 total=260
SIPM_ADC event=1333 readout=1201 f1far=1019 f2near=819 f2far=843
SIPM_ARRIVALS event=1114 total=254
SIPM_ADC event=1114 readout=1765 f1far=1250 f2near=533 f2far=965
SIPM_ARRIVALS event=851 total=289
SIPM_ADC event=851 readout=1402 f1far=1052 f2near=1239 f2far=1119
SIPM_ARRIVALS event=1158 total=253
SIPM_ADC event=1158 readout=1262 f1far=919 f2near=1479 f2far=1029
SIPM_ARRIVALS event=1290 total=272
SIPM_ADC event=1290 readout=681 f1far=1220 f2near=921 f2far=1052
SIPM_ARRIVALS event=939 total=240
SIPM_ADC event=939 readout=1731 f1far=510 f2near=1170 f2far=679
SIPM_ARRIVALS event=1377 total=279
SIPM_ADC event=1377 readout=775 f1far=1756 f2near=805 f2far=1419
SIPM_ARRIVALS event=719 total=260
SIPM_ADC event=719 readout=960 f1far=2032 f2near=684 f2far=1461
SIPM_ARRIVALS event=763 total=236
SIPM_ADC event=763 readout=1351 f1far=596 f2near=1013 f2far=700
SIPM_ARRIVALS event=1027 total=246
SIPM_ADC event=1027 readout=1095 f1far=1330 f2near=998 f2far=888
SIPM_ARRIVALS event=1202 total=269
SIPM_ADC event=1202 readout=1146 f1far=665 f2near=1491 f2far=1020
SIPM_ARRIVALS event=1246 total=240
SIPM_ADC event=1246 readout=793 f1far=522 f2near=1106 f2far=1138
SIPM_ARRIVALS event=895 total=265
SIPM_ADC event=895 readout=1360 f1far=1111 f2near=1250 f2far=713
SIPM_ARRIVALS event=1071 total=280
SIPM_ADC event=1071 readout=753 f1far=1348 f2near=959 f2far=1388
SIPM_ARRIVALS event=983 total=263
SIPM_ADC event=983 readout=709 f1far=1673 f2near=728 f2far=1497
SIPM_ARRIVALS event=807 total=253
SIPM_ADC event=807 readout=1123 f1far=756 f2near=1157 f2far=1323
SIPM_ARRIVALS event=1334 total=281
SIPM_ADC event=1334 readout=1752 f1far=671 f2near=1206 f2far=901
SIPM_ARRIVALS event=1115 total=263
SIPM_ADC event=1115 readout=952 f1far=1021 f2near=1453 f2far=1292
SIPM_ARRIVALS event=852 total=294
SIPM_ADC event=852 readout=1432 f1far=1040 f2near=1879 f2far=1035
SIPM_ARRIVALS event=1291 total=264
SIPM_ADC event=1291 readout=1484 f1far=1081 f2near=1340 f2far=682
SIPM_ARRIVALS event=940 total=282
SIPM_ADC event=940 readout=680 f1far=1723 f2near=752 f2far=1500
SIPM_ARRIVALS event=1159 total=265
SIPM_ADC event=1159 readout=620 f1far=1174 f2near=1268 f2far=1399
SIPM_ARRIVALS event=720 total=244
SIPM_ADC event=720 readout=1120 f1far=1340 f2near=963 f2far=967
SIPM_ARRIVALS event=1378 total=262
SIPM_ADC event=1378 readout=1122 f1far=1450 f2near=1051 f2far=1539
SIPM_ARRIVALS event=1203 total=262
SIPM_ADC event=1203 readout=1050 f1far=637 f2near=982 f2far=1227
SIPM_ARRIVALS event=896 total=259
SIPM_ADC event=896 readout=893 f1far=831 f2near=1354 f2far=1129
SIPM_ARRIVALS event=764 total=306
SIPM_ADC event=764 readout=680 f1far=1050 f2near=1107 f2far=1553
SIPM_ARRIVALS event=1247 total=249
SIPM_ADC event=1247 readout=1420 f1far=522 f2near=853 f2far=727
SIPM_ARRIVALS event=1028 total=287
SIPM_ADC event=1028 readout=1269 f1far=1237 f2near=1210 f2far=1432
SIPM_ARRIVALS event=1072 total=258
SIPM_ADC event=1072 readout=842 f1far=1193 f2near=1391 f2far=1538
SIPM_ARRIVALS event=984 total=253
SIPM_ADC event=984 readout=1258 f1far=855 f2near=919 f2far=1574
SIPM_ARRIVALS event=808 total=283
SIPM_ADC event=808 readout=1025 f1far=1096 f2near=970 f2far=1199
SIPM_ARRIVALS event=1335 total=273
SIPM_ADC event=1335 readout=1593 f1far=801 f2near=1447 f2far=605
SIPM_ARRIVALS event=853 total=285
SIPM_ADC event=853 readout=845 f1far=1505 f2near=760 f2far=1939
SIPM_ARRIVALS event=1116 total=289
SIPM_ADC event=1116 readout=878 f1far=1273 f2near=1341 f2far=2000
SIPM_ARRIVALS event=1160 total=260
SIPM_ADC event=1160 readout=1072 f1far=883 f2near=1019 f2far=436
SIPM_ARRIVALS event=1292 total=269
SIPM_ADC event=1292 readout=778 f1far=1782 f2near=1080 f2far=1144
SIPM_ARRIVALS event=941 total=245
SIPM_ADC event=941 readout=711 f1far=1249 f2near=901 f2far=1129
SIPM_ARRIVALS event=721 total=280
SIPM_ADC event=721 readout=1647 f1far=527 f2near=1657 f2far=908
SIPM_ARRIVALS event=1379 total=267
SIPM_ADC event=1379 readout=1560 f1far=1025 f2near=927 f2far=1176
SIPM_ARRIVALS event=765 total=275
SIPM_ADC event=765 readout=1128 f1far=824 f2near=2010 f2far=1241
SIPM_ARRIVALS event=1204 total=252
SIPM_ADC event=1204 readout=827 f1far=915 f2near=1059 f2far=1405
SIPM_ARRIVALS event=1073 total=238
SIPM_ADC event=1073 readout=1053 f1far=991 f2near=866 f2far=571
SIPM_ARRIVALS event=897 total=308
SIPM_ADC event=897 readout=1738 f1far=932 f2near=1622 f2far=922
SIPM_ARRIVALS event=1248 total=311
SIPM_ADC event=1248 readout=1262 f1far=945 f2near=2313 f2far=697
SIPM_ARRIVALS event=1029 total=233
SIPM_ADC event=1029 readout=1174 f1far=1233 f2near=958 f2far=1121
SIPM_ARRIVALS event=985 total=241
SIPM_ADC event=985 readout=897 f1far=1367 f2near=683 f2far=842
SIPM_ARRIVALS event=1117 total=275
SIPM_ADC event=1117 readout=1072 f1far=687 f2near=837 f2far=1123
SIPM_ARRIVALS event=1161 total=254
SIPM_ADC event=1161 readout=1007 f1far=931 f2near=919 f2far=1646
SIPM_ARRIVALS event=809 total=282
SIPM_ADC event=809 readout=1452 f1far=2038 f2near=948 f2far=775
SIPM_ARRIVALS event=1293 total=283
SIPM_ADC event=1293 readout=765 f1far=1504 f2near=857 f2far=1472
SIPM_ARRIVALS event=1336 total=291
SIPM_ADC event=1336 readout=1413 f1far=1018 f2near=1205 f2far=532
SIPM_ARRIVALS event=766 total=240
SIPM_ADC event=766 readout=1603 f1far=699 f2near=1239 f2far=592
SIPM_ARRIVALS event=854 total=290
SIPM_ADC event=854 readout=667 f1far=1492 f2near=531 f2far=1432
SIPM_ARRIVALS event=942 total=252
SIPM_ADC event=942 readout=1283 f1far=1093 f2near=1252 f2far=1250
SIPM_ARRIVALS event=1380 total=291
SIPM_ADC event=1380 readout=920 f1far=1555 f2near=879 f2far=1454
SIPM_ARRIVALS event=722 total=274
SIPM_ADC event=722 readout=1002 f1far=1062 f2near=1068 f2far=1723
SIPM_ARRIVALS event=1205 total=290
SIPM_ADC event=1205 readout=1174 f1far=856 f2near=2138 f2far=717
SIPM_ARRIVALS event=1074 total=262
SIPM_ADC event=1074 readout=1922 f1far=934 f2near=747 f2far=855
SIPM_ARRIVALS event=898 total=239
SIPM_ADC event=898 readout=1195 f1far=497 f2near=1295 f2far=1066
SIPM_ARRIVALS event=1030 total=272
SIPM_ADC event=1030 readout=689 f1far=846 f2near=927 f2far=1658
SIPM_ARRIVALS event=1249 total=279
SIPM_ADC event=1249 readout=1434 f1far=1589 f2near=612 f2far=1306
SIPM_ARRIVALS event=986 total=295
SIPM_ADC event=986 readout=1573 f1far=1114 f2near=1387 f2far=651
SIPM_ARRIVALS event=1118 total=281
SIPM_ADC event=1118 readout=1600 f1far=1425 f2near=743 f2far=1582
SIPM_ARRIVALS event=1337 total=287
SIPM_ADC event=1337 readout=1571 f1far=1032 f2near=1727 f2far=943
SIPM_ARRIVALS event=1162 total=300
SIPM_ADC event=1162 readout=1467 f1far=1340 f2near=1394 f2far=1225
SIPM_ARRIVALS event=1294 total=271
SIPM_ADC event=1294 readout=1530 f1far=839 f2near=904 f2far=808
SIPM_ARRIVALS event=943 total=246
SIPM_ADC event=943 readout=871 f1far=872 f2near=1295 f2far=1328
SIPM_ARRIVALS event=810 total=279
SIPM_ADC event=810 readout=875 f1far=966 f2near=1639 f2far=1093
SIPM_ARRIVALS event=1381 total=253
SIPM_ADC event=1381 readout=762 f1far=942 f2near=1143 f2far=1447
SIPM_ARRIVALS event=855 total=270
SIPM_ADC event=855 readout=513 f1far=1457 f2near=1239 f2far=1266
SIPM_ARRIVALS event=767 total=272
SIPM_ADC event=767 readout=1182 f1far=1286 f2near=947 f2far=1727
SIPM_ARRIVALS event=723 total=265
SIPM_ADC event=723 readout=1539 f1far=1105 f2near=1409 f2far=805
SIPM_ARRIVALS event=1075 total=270
SIPM_ADC event=1075 readout=905 f1far=1113 f2near=1029 f2far=1333
SIPM_ARRIVALS event=1206 total=258
SIPM_ADC event=1206 readout=1415 f1far=1362 f2near=1102 f2far=987
SIPM_ARRIVALS event=1250 total=263
SIPM_ADC event=1250 readout=963 f1far=784 f2near=1390 f2far=578
SIPM_ARRIVALS event=987 total=239
SIPM_ADC event=987 readout=770 f1far=1326 f2near=452 f2far=1032
SIPM_ARRIVALS event=1031 total=251
SIPM_ADC event=1031 readout=692 f1far=1112 f2near=1266 f2far=881
SIPM_ARRIVALS event=899 total=282
SIPM_ADC event=899 readout=892 f1far=1584 f2near=902 f2far=1180
SIPM_ARRIVALS event=1119 total=305
SIPM_ADC event=1119 readout=929 f1far=1684 f2near=1448 f2far=1424
SIPM_ARRIVALS event=944 total=256
SIPM_ADC event=944 readout=945 f1far=1926 f2near=452 f2far=1250
SIPM_ARRIVALS event=1163 total=276
SIPM_ADC event=1163 readout=2144 f1far=793 f2near=1554 f2far=673
SIPM_ARRIVALS event=1382 total=270
SIPM_ADC event=1382 readout=1361 f1far=775 f2near=1057 f2far=596
SIPM_ARRIVALS event=1338 total=261
SIPM_ADC event=1338 readout=1398 f1far=2124 f2near=792 f2far=527
SIPM_ARRIVALS event=856 total=271
SIPM_ADC event=856 readout=814 f1far=956 f2near=1923 f2far=1435
SIPM_ARRIVALS event=1295 total=239
SIPM_ADC event=1295 readout=1634 f1far=1014 f2near=633 f2far=777
SIPM_ARRIVALS event=724 total=289
SIPM_ADC event=724 readout=1055 f1far=914 f2near=1388 f2far=1039
SIPM_ARRIVALS event=811 total=275
SIPM_ADC event=811 readout=1531 f1far=579 f2near=1569 f2far=1255
SIPM_ARRIVALS event=1207 total=235
SIPM_ADC event=1207 readout=626 f1far=1096 f2near=1267 f2far=1442
SIPM_ARRIVALS event=768 total=278
SIPM_ADC event=768 readout=1195 f1far=1005 f2near=1295 f2far=884
SIPM_ARRIVALS event=1076 total=241
SIPM_ADC event=1076 readout=798 f1far=1035 f2near=880 f2far=1025
SIPM_ARRIVALS event=988 total=257
SIPM_ADC event=988 readout=869 f1far=1560 f2near=807 f2far=882
SIPM_ARRIVALS event=1032 total=236
SIPM_ADC event=1032 readout=972 f1far=1187 f2near=1029 f2far=1123
SIPM_ARRIVALS event=1251 total=248
SIPM_ADC event=1251 readout=691 f1far=721 f2near=1516 f2far=1259
SIPM_ARRIVALS event=900 total=280
SIPM_ADC event=900 readout=1229 f1far=901 f2near=1434 f2far=1044
SIPM_ARRIVALS event=945 total=257
SIPM_ADC event=945 readout=669 f1far=1557 f2near=778 f2far=1076
SIPM_ARRIVALS event=1120 total=278
SIPM_ADC event=1120 readout=1591 f1far=1652 f2near=909 f2far=1343
SIPM_ARRIVALS event=1164 total=257
SIPM_ADC event=1164 readout=939 f1far=1315 f2near=1233 f2far=922
SIPM_ARRIVALS event=1383 total=253
SIPM_ADC event=1383 readout=787 f1far=1261 f2near=890 f2far=1563
SIPM_ARRIVALS event=1339 total=258
SIPM_ADC event=1339 readout=1716 f1far=1449 f2near=905 f2far=558
SIPM_ARRIVALS event=857 total=295
SIPM_ADC event=857 readout=1002 f1far=1662 f2near=1201 f2far=1268
SIPM_ARRIVALS event=1296 total=250
SIPM_ADC event=1296 readout=1440 f1far=948 f2near=1246 f2far=1103
SIPM_ARRIVALS event=725 total=261
SIPM_ADC event=725 readout=648 f1far=1572 f2near=1524 f2far=1672
SIPM_ARRIVALS event=812 total=275
SIPM_ADC event=812 readout=787 f1far=858 f2near=706 f2far=1076
SIPM_ARRIVALS event=1208 total=256
SIPM_ADC event=1208 readout=465 f1far=764 f2near=884 f2far=1344
SIPM_ARRIVALS event=769 total=256
SIPM_ADC event=769 readout=678 f1far=1042 f2near=1093 f2far=1347
SIPM_ARRIVALS event=989 total=284
SIPM_ADC event=989 readout=1348 f1far=689 f2near=1393 f2far=694
SIPM_ARRIVALS event=1077 total=256
SIPM_ADC event=1077 readout=832 f1far=1582 f2near=773 f2far=1213
SIPM_ARRIVALS event=1033 total=255
SIPM_ADC event=1033 readout=723 f1far=1344 f2near=1263 f2far=1396
SIPM_ARRIVALS event=901 total=280
SIPM_ADC event=901 readout=1598 f1far=907 f2near=1124 f2far=715
SIPM_ARRIVALS event=1252 total=278
SIPM_ADC event=1252 readout=1046 f1far=1451 f2near=745 f2far=1539
SIPM_ARRIVALS event=1121 total=261
SIPM_ADC event=1121 readout=909 f1far=1286 f2near=924 f2far=1298
SIPM_ARRIVALS event=946 total=268
SIPM_ADC event=946 readout=1055 f1far=417 f2near=1119 f2far=1124
SIPM_ARRIVALS event=1384 total=246
SIPM_ADC event=1384 readout=1028 f1far=764 f2near=1442 f2far=747
SIPM_ARRIVALS event=1165 total=278
SIPM_ADC event=1165 readout=1328 f1far=898 f2near=1761 f2far=1058
SIPM_ARRIVALS event=858 total=262
SIPM_ADC event=858 readout=1017 f1far=1680 f2near=758 f2far=1028
SIPM_ARRIVALS event=1340 total=273
SIPM_ADC event=1340 readout=696 f1far=901 f2near=1473 f2far=1587
SIPM_ARRIVALS event=1209 total=264
SIPM_ADC event=1209 readout=897 f1far=1026 f2near=1251 f2far=1327
SIPM_ARRIVALS event=726 total=287
SIPM_ADC event=726 readout=799 f1far=1870 f2near=829 f2far=1371
SIPM_ARRIVALS event=813 total=288
SIPM_ADC event=813 readout=1040 f1far=1047 f2near=973 f2far=1111
SIPM_ARRIVALS event=770 total=226
SIPM_ADC event=770 readout=824 f1far=596 f2near=687 f2far=1212
SIPM_ARRIVALS event=1297 total=258
SIPM_ADC event=1297 readout=1163 f1far=1526 f2near=966 f2far=1076
SIPM_ARRIVALS event=990 total=257
SIPM_ADC event=990 readout=1186 f1far=904 f2near=1334 f2far=589
SIPM_ARRIVALS event=1078 total=285
SIPM_ADC event=1078 readout=858 f1far=1125 f2near=745 f2far=1906
SIPM_ARRIVALS event=1034 total=269
SIPM_ADC event=1034 readout=1952 f1far=890 f2near=1237 f2far=964
SIPM_ARRIVALS event=1253 total=263
SIPM_ADC event=1253 readout=1385 f1far=1741 f2near=868 f2far=1507
SIPM_ARRIVALS event=902 total=283
SIPM_ADC event=902 readout=1393 f1far=948 f2near=1820 f2far=1431
SIPM_ARRIVALS event=1122 total=282
SIPM_ADC event=1122 readout=801 f1far=1149 f2near=1310 f2far=2104
SIPM_ARRIVALS event=1385 total=252
SIPM_ADC event=1385 readout=1198 f1far=1116 f2near=825 f2far=1069
SIPM_ARRIVALS event=947 total=253
SIPM_ADC event=947 readout=1309 f1far=995 f2near=1567 f2far=794
SIPM_ARRIVALS event=1166 total=276
SIPM_ADC event=1166 readout=792 f1far=980 f2near=976 f2far=1285
SIPM_ARRIVALS event=859 total=288
SIPM_ADC event=859 readout=1494 f1far=1874 f2near=873 f2far=859
SIPM_ARRIVALS event=1341 total=245
SIPM_ADC event=1341 readout=1002 f1far=1502 f2near=756 f2far=473
SIPM_ARRIVALS event=1298 total=250
SIPM_ADC event=1298 readout=1574 f1far=441 f2near=1170 f2far=873
SIPM_ARRIVALS event=771 total=299
SIPM_ADC event=771 readout=1600 f1far=1200 f2near=1233 f2far=1267
SIPM_ARRIVALS event=727 total=279
SIPM_ADC event=727 readout=1208 f1far=1440 f2near=1046 f2far=1399
SIPM_ARRIVALS event=814 total=257
SIPM_ADC event=814 readout=1116 f1far=953 f2near=901 f2far=1268
SIPM_ARRIVALS event=1210 total=272
SIPM_ADC event=1210 readout=981 f1far=908 f2near=966 f2far=1112
SIPM_ARRIVALS event=1035 total=266
SIPM_ADC event=1035 readout=1013 f1far=1281 f2near=818 f2far=1079
SIPM_ARRIVALS event=991 total=253
SIPM_ADC event=991 readout=897 f1far=1288 f2near=589 f2far=1006
SIPM_ARRIVALS event=1079 total=308
SIPM_ADC event=1079 readout=1162 f1far=1399 f2near=1075 f2far=921
SIPM_ARRIVALS event=1254 total=288
SIPM_ADC event=1254 readout=1307 f1far=1514 f2near=680 f2far=1298
SIPM_ARRIVALS event=903 total=261
SIPM_ADC event=903 readout=897 f1far=1309 f2near=924 f2far=1110
SIPM_ARRIVALS event=1123 total=245
SIPM_ADC event=1123 readout=1155 f1far=608 f2near=1422 f2far=775
SIPM_ARRIVALS event=1386 total=311
SIPM_ADC event=1386 readout=1633 f1far=1037 f2near=1303 f2far=913
SIPM_ARRIVALS event=948 total=283
SIPM_ADC event=948 readout=980 f1far=1194 f2near=688 f2far=1281
SIPM_ARRIVALS event=860 total=241
SIPM_ADC event=860 readout=1027 f1far=907 f2near=429 f2far=755
SIPM_ARRIVALS event=1167 total=229
SIPM_ADC event=1167 readout=964 f1far=1061 f2near=925 f2far=1366
SIPM_ARRIVALS event=772 total=258
SIPM_ADC event=772 readout=1767 f1far=789 f2near=916 f2far=794
SIPM_ARRIVALS event=1342 total=254
SIPM_ADC event=1342 readout=833 f1far=604 f2near=991 f2far=1248
SIPM_ARRIVALS event=728 total=247
SIPM_ADC event=728 readout=736 f1far=1196 f2near=1163 f2far=1278
SIPM_ARRIVALS event=992 total=256
SIPM_ADC event=992 readout=1104 f1far=1093 f2near=1384 f2far=1268
SIPM_ARRIVALS event=1299 total=260
SIPM_ADC event=1299 readout=1035 f1far=1064 f2near=1822 f2far=779
SIPM_ARRIVALS event=1211 total=229
SIPM_ADC event=1211 readout=1664 f1far=700 f2near=807 f2far=612
SIPM_ARRIVALS event=815 total=252
SIPM_ADC event=815 readout=980 f1far=1898 f2near=1177 f2far=675
SIPM_ARRIVALS event=1080 total=279
SIPM_ADC event=1080 readout=1235 f1far=1312 f2near=1403 f2far=1145
SIPM_ARRIVALS event=1036 total=279
SIPM_ADC event=1036 readout=646 f1far=1172 f2near=891 f2far=1532
SIPM_ARRIVALS event=904 total=295
SIPM_ADC event=904 readout=1086 f1far=1485 f2near=610 f2far=1790
SIPM_ARRIVALS event=1255 total=284
SIPM_ADC event=1255 readout=588 f1far=1150 f2near=979 f2far=2057
SIPM_ARRIVALS event=1124 total=256
SIPM_ADC event=1124 readout=1442 f1far=564 f2near=1030 f2far=600
SIPM_ARRIVALS event=1387 total=303
SIPM_ADC event=1387 readout=1750 f1far=1351 f2near=1869 f2far=987
SIPM_ARRIVALS event=949 total=268
SIPM_ADC event=949 readout=2030 f1far=1189 f2near=1509 f2far=834
SIPM_ARRIVALS event=861 total=291
SIPM_ADC event=861 readout=1139 f1far=596 f2near=1642 f2far=1242
SIPM_ARRIVALS event=1168 total=302
SIPM_ADC event=1168 readout=1138 f1far=1553 f2near=1739 f2far=1062
SIPM_ARRIVALS event=773 total=281
SIPM_ADC event=773 readout=667 f1far=1214 f2near=957 f2far=2247
SIPM_ARRIVALS event=1212 total=249
SIPM_ADC event=1212 readout=829 f1far=1015 f2near=1366 f2far=1098
SIPM_ARRIVALS event=1343 total=287
SIPM_ADC event=1343 readout=1452 f1far=1334 f2near=1533 f2far=887
SIPM_ARRIVALS event=1300 total=259
SIPM_ADC event=1300 readout=1070 f1far=856 f2near=1072 f2far=1207
SIPM_ARRIVALS event=816 total=285
SIPM_ADC event=816 readout=1609 f1far=1017 f2near=769 f2far=860
SIPM_ARRIVALS event=729 total=293
SIPM_ADC event=729 readout=688 f1far=1583 f2near=800 f2far=1603
SIPM_ARRIVALS event=1037 total=269
SIPM_ADC event=1037 readout=1069 f1far=1362 f2near=718 f2far=1875
SIPM_ARRIVALS event=993 total=261
SIPM_ADC event=993 readout=1514 f1far=1402 f2near=750 f2far=1123
SIPM_ARRIVALS event=1081 total=283
SIPM_ADC event=1081 readout=1106 f1far=957 f2near=1553 f2far=1463
SIPM_ARRIVALS event=905 total=239
SIPM_ADC event=905 readout=504 f1far=1102 f2near=1002 f2far=970
SIPM_ARRIVALS event=1256 total=274
SIPM_ADC event=1256 readout=1748 f1far=1033 f2near=1079 f2far=821
SIPM_ARRIVALS event=1125 total=302
SIPM_ADC event=1125 readout=1630 f1far=1152 f2near=1042 f2far=992
SIPM_ARRIVALS event=1388 total=265
SIPM_ADC event=1388 readout=1348 f1far=1702 f2near=547 f2far=804
SIPM_ARRIVALS event=950 total=244
SIPM_ADC event=950 readout=899 f1far=1452 f2near=843 f2far=1323
SIPM_ARRIVALS event=862 total=266
SIPM_ADC event=862 readout=1273 f1far=955 f2near=1272 f2far=1406
SIPM_ARRIVALS event=1169 total=264
SIPM_ADC event=1169 readout=931 f1far=1333 f2near=945 f2far=1533
SIPM_ARRIVALS event=1213 total=258
SIPM_ADC event=1213 readout=1222 f1far=1568 f2near=1255 f2far=1011
SIPM_ARRIVALS event=774 total=244
SIPM_ADC event=774 readout=1042 f1far=788 f2near=1006 f2far=877
SIPM_ARRIVALS event=1344 total=305
SIPM_ADC event=1344 readout=1829 f1far=1179 f2near=1795 f2far=789
SIPM_ARRIVALS event=1301 total=303
SIPM_ADC event=1301 readout=818 f1far=2171 f2near=1184 f2far=1904
SIPM_ARRIVALS event=817 total=274
SIPM_ADC event=817 readout=1276 f1far=1110 f2near=1449 f2far=633
SIPM_ARRIVALS event=730 total=264
SIPM_ADC event=730 readout=1459 f1far=739 f2near=1091 f2far=1012
SIPM_ARRIVALS event=1082 total=260
SIPM_ADC event=1082 readout=834 f1far=1428 f2near=741 f2far=958
SIPM_ARRIVALS event=994 total=284
SIPM_ADC event=994 readout=1109 f1far=1945 f2near=1188 f2far=1623
SIPM_ARRIVALS event=1038 total=236
SIPM_ADC event=1038 readout=825 f1far=1229 f2near=1041 f2far=809
SIPM_ARRIVALS event=906 total=272
SIPM_ADC event=906 readout=1250 f1far=1089 f2near=1405 f2far=1012
SIPM_ARRIVALS event=1126 total=268
SIPM_ADC event=1126 readout=1356 f1far=1153 f2near=806 f2far=1073
SIPM_ARRIVALS event=1257 total=264
SIPM_ADC event=1257 readout=924 f1far=1486 f2near=1086 f2far=1133
SIPM_ARRIVALS event=1389 total=272
SIPM_ADC event=1389 readout=1546 f1far=1425 f2near=911 f2far=677
SIPM_ARRIVALS event=951 total=261
SIPM_ADC event=951 readout=934 f1far=1707 f2near=1139 f2far=1048
SIPM_ARRIVALS event=1214 total=255
SIPM_ADC event=1214 readout=1057 f1far=865 f2near=1194 f2far=834
SIPM_ARRIVALS event=863 total=281
SIPM_ADC event=863 readout=1035 f1far=2160 f2near=709 f2far=1037
SIPM_ARRIVALS event=1170 total=243
SIPM_ADC event=1170 readout=823 f1far=1055 f2near=1300 f2far=1415
SIPM_ARRIVALS event=818 total=241
SIPM_ADC event=818 readout=431 f1far=979 f2near=761 f2far=1600
SIPM_ARRIVALS event=775 total=256
SIPM_ADC event=775 readout=1272 f1far=806 f2near=1000 f2far=904
SIPM_ARRIVALS event=1083 total=245
SIPM_ADC event=1083 readout=1231 f1far=770 f2near=1501 f2far=1064
SIPM_ARRIVALS event=1302 total=246
SIPM_ADC event=1302 readout=1167 f1far=1584 f2near=600 f2far=1014
SIPM_ARRIVALS event=1345 total=242
SIPM_ADC event=1345 readout=943 f1far=909 f2near=959 f2far=541
SIPM_ARRIVALS event=731 total=263
SIPM_ADC event=731 readout=737 f1far=1091 f2near=903 f2far=537
SIPM_ARRIVALS event=995 total=265
SIPM_ADC event=995 readout=730 f1far=1048 f2near=1096 f2far=1193
SIPM_ARRIVALS event=1039 total=273
SIPM_ADC event=1039 readout=738 f1far=661 f2near=1944 f2far=871
SIPM_ARRIVALS event=907 total=248
SIPM_ADC event=907 readout=706 f1far=1127 f2near=607 f2far=965
SIPM_ARRIVALS event=1127 total=283
SIPM_ADC event=1127 readout=1107 f1far=1389 f2near=1044 f2far=1503
SIPM_ARRIVALS event=1258 total=262
SIPM_ADC event=1258 readout=1613 f1far=875 f2near=1142 f2far=1026
SIPM_ARRIVALS event=1390 total=290
SIPM_ADC event=1390 readout=1579 f1far=1110 f2near=966 f2far=428
SIPM_ARRIVALS event=1215 total=295
SIPM_ADC event=1215 readout=1806 f1far=1100 f2near=1423 f2far=714
SIPM_ARRIVALS event=864 total=279
SIPM_ADC event=864 readout=990 f1far=989 f2near=1192 f2far=1095
SIPM_ARRIVALS event=952 total=265
SIPM_ADC event=952 readout=1045 f1far=804 f2near=796 f2far=1615
SIPM_ARRIVALS event=1171 total=257
SIPM_ADC event=1171 readout=1521 f1far=1475 f2near=555 f2far=823
SIPM_ARRIVALS event=1084 total=256
SIPM_ADC event=1084 readout=925 f1far=1847 f2near=1160 f2far=1105
SIPM_ARRIVALS event=732 total=301
SIPM_ADC event=732 readout=1010 f1far=1557 f2near=949 f2far=2136
SIPM_ARRIVALS event=1303 total=255
SIPM_ADC event=1303 readout=795 f1far=1546 f2near=785 f2far=1301
SIPM_ARRIVALS event=996 total=271
SIPM_ADC event=996 readout=1431 f1far=1559 f2near=1205 f2far=1166
SIPM_ARRIVALS event=819 total=266
SIPM_ADC event=819 readout=998 f1far=1388 f2near=729 f2far=1244
SIPM_ARRIVALS event=776 total=252
SIPM_ADC event=776 readout=536 f1far=1377 f2near=1121 f2far=1412
SIPM_ARRIVALS event=1346 total=304
SIPM_ADC event=1346 readout=1633 f1far=761 f2near=1670 f2far=1246
SIPM_ARRIVALS event=1040 total=277
SIPM_ADC event=1040 readout=1343 f1far=1566 f2near=1534 f2far=1033
SIPM_ARRIVALS event=908 total=299
SIPM_ADC event=908 readout=1934 f1far=1465 f2near=1425 f2far=800
SIPM_ARRIVALS event=1391 total=245
SIPM_ADC event=1391 readout=1315 f1far=1083 f2near=701 f2far=945
SIPM_ARRIVALS event=1128 total=244
SIPM_ADC event=1128 readout=1064 f1far=1085 f2near=727 f2far=966
SIPM_ARRIVALS event=1259 total=274
SIPM_ADC event=1259 readout=1093 f1far=860 f2near=1568 f2far=708
SIPM_ARRIVALS event=1216 total=244
SIPM_ADC event=1216 readout=593 f1far=843 f2near=743 f2far=1086
SIPM_ARRIVALS event=865 total=250
SIPM_ADC event=865 readout=832 f1far=1352 f2near=770 f2far=1691
SIPM_ARRIVALS event=953 total=287
SIPM_ADC event=953 readout=1505 f1far=1121 f2near=1190 f2far=701
SIPM_ARRIVALS event=1172 total=306
SIPM_ADC event=1172 readout=1505 f1far=1009 f2near=1577 f2far=600
SIPM_ARRIVALS event=1085 total=253
SIPM_ADC event=1085 readout=691 f1far=1196 f2near=594 f2far=1335
SIPM_ARRIVALS event=1347 total=266
SIPM_ADC event=1347 readout=1031 f1far=1060 f2near=942 f2far=945
SIPM_ARRIVALS event=733 total=286
SIPM_ADC event=733 readout=1810 f1far=769 f2near=2277 f2far=1282
SIPM_ARRIVALS event=997 total=254
SIPM_ADC event=997 readout=1155 f1far=926 f2near=1519 f2far=1317
SIPM_ARRIVALS event=820 total=273
SIPM_ADC event=820 readout=1157 f1far=1056 f2near=858 f2far=1317
SIPM_ARRIVALS event=1304 total=253
SIPM_ADC event=1304 readout=1826 f1far=977 f2near=1017 f2far=763
SIPM_ARRIVALS event=1041 total=239
SIPM_ADC event=1041 readout=974 f1far=1520 f2near=520 f2far=1543
SIPM_ARRIVALS event=777 total=284
SIPM_ADC event=777 readout=999 f1far=1507 f2near=1181 f2far=1377
SIPM_ARRIVALS event=909 total=298
SIPM_ADC event=909 readout=996 f1far=859 f2near=2010 f2far=826
SIPM_ARRIVALS event=1260 total=259
SIPM_ADC event=1260 readout=708 f1far=1150 f2near=1182 f2far=1293
SIPM_ARRIVALS event=1392 total=248
SIPM_ADC event=1392 readout=824 f1far=1238 f2near=525 f2far=1275
SIPM_ARRIVALS event=1129 total=290
SIPM_ADC event=1129 readout=1128 f1far=1121 f2near=1212 f2far=771
SIPM_ARRIVALS event=1217 total=266
SIPM_ADC event=1217 readout=484 f1far=1641 f2near=654 f2far=1614
SIPM_ARRIVALS event=866 total=245
SIPM_ADC event=866 readout=1406 f1far=913 f2near=932 f2far=625
SIPM_ARRIVALS event=954 total=233
SIPM_ADC event=954 readout=1820 f1far=1125 f2near=367 f2far=726
SIPM_ARRIVALS event=1173 total=278
SIPM_ADC event=1173 readout=1402 f1far=2109 f2near=554 f2far=1624
SIPM_ARRIVALS event=821 total=254
SIPM_ADC event=821 readout=1236 f1far=710 f2near=1253 f2far=512
SIPM_ARRIVALS event=778 total=269
SIPM_ADC event=778 readout=1361 f1far=1807 f2near=669 f2far=1377
SIPM_ARRIVALS event=1086 total=276
SIPM_ADC event=1086 readout=1127 f1far=1896 f2near=1190 f2far=1205
SIPM_ARRIVALS event=734 total=260
SIPM_ADC event=734 readout=1039 f1far=1571 f2near=387 f2far=1055
SIPM_ARRIVALS event=998 total=274
SIPM_ADC event=998 readout=1561 f1far=1729 f2near=791 f2far=785
SIPM_ARRIVALS event=1348 total=284
SIPM_ADC event=1348 readout=1089 f1far=973 f2near=1332 f2far=1255
SIPM_ARRIVALS event=1042 total=261
SIPM_ADC event=1042 readout=714 f1far=1385 f2near=1550 f2far=1094
SIPM_ARRIVALS event=1305 total=251
SIPM_ADC event=1305 readout=1081 f1far=1374 f2near=885 f2far=1250
SIPM_ARRIVALS event=910 total=265
SIPM_ADC event=910 readout=499 f1far=1486 f2near=737 f2far=1213
SIPM_ARRIVALS event=1261 total=226
SIPM_ADC event=1261 readout=1132 f1far=421 f2near=1473 f2far=1222
SIPM_ARRIVALS event=1130 total=261
SIPM_ADC event=1130 readout=1211 f1far=613 f2near=1753 f2far=926
SIPM_ARRIVALS event=1393 total=283
SIPM_ADC event=1393 readout=1273 f1far=689 f2near=2172 f2far=1121
SIPM_ARRIVALS event=1218 total=259
SIPM_ADC event=1218 readout=1161 f1far=1120 f2near=1743 f2far=732
SIPM_ARRIVALS event=955 total=247
SIPM_ADC event=955 readout=1589 f1far=812 f2near=1114 f2far=508
SIPM_ARRIVALS event=867 total=273
SIPM_ADC event=867 readout=1923 f1far=1190 f2near=657 f2far=1197
SIPM_ARRIVALS event=1174 total=257
SIPM_ADC event=1174 readout=1665 f1far=571 f2near=1275 f2far=607
SIPM_ARRIVALS event=779 total=255
SIPM_ADC event=779 readout=1252 f1far=1106 f2near=1145 f2far=927
SIPM_ARRIVALS event=735 total=212
SIPM_ADC event=735 readout=826 f1far=668 f2near=982 f2far=516
SIPM_ARRIVALS event=822 total=277
SIPM_ADC event=822 readout=1155 f1far=1114 f2near=826 f2far=1687
SIPM_ARRIVALS event=1087 total=254
SIPM_ADC event=1087 readout=1044 f1far=860 f2near=966 f2far=1433
SIPM_ARRIVALS event=1043 total=278
SIPM_ADC event=1043 readout=774 f1far=1005 f2near=1198 f2far=1424
SIPM_ARRIVALS event=999 total=267
SIPM_ADC event=999 readout=513 f1far=1393 f2near=1043 f2far=1176
SIPM_ARRIVALS event=1349 total=267
SIPM_ADC event=1349 readout=1352 f1far=616 f2near=1091 f2far=677
SIPM_ARRIVALS event=911 total=279
SIPM_ADC event=911 readout=1191 f1far=970 f2near=1948 f2far=1210
SIPM_ARRIVALS event=1306 total=250
SIPM_ADC event=1306 readout=535 f1far=1062 f2near=1239 f2far=1085
SIPM_ARRIVALS event=1262 total=252
SIPM_ADC event=1262 readout=1327 f1far=686 f2near=1136 f2far=831
SIPM_ARRIVALS event=1131 total=254
SIPM_ADC event=1131 readout=1188 f1far=694 f2near=1169 f2far=1245
SIPM_ARRIVALS event=1219 total=238
SIPM_ADC event=1219 readout=884 f1far=1377 f2near=752 f2far=600
SIPM_ARRIVALS event=1394 total=284
SIPM_ADC event=1394 readout=2184 f1far=1191 f2near=1491 f2far=622
SIPM_ARRIVALS event=1175 total=244
SIPM_ADC event=1175 readout=969 f1far=759 f2near=979 f2far=1626
SIPM_ARRIVALS event=956 total=247
SIPM_ADC event=956 readout=757 f1far=873 f2near=867 f2far=670
SIPM_ARRIVALS event=868 total=233
SIPM_ADC event=868 readout=1080 f1far=1037 f2near=715 f2far=897
SIPM_ARRIVALS event=1044 total=283
SIPM_ADC event=1044 readout=1433 f1far=1221 f2near=960 f2far=1099
SIPM_ARRIVALS event=780 total=294
SIPM_ADC event=780 readout=1772 f1far=1549 f2near=1695 f2far=1151
SIPM_ARRIVALS event=823 total=302
SIPM_ADC event=823 readout=793 f1far=1531 f2near=798 f2far=1378
SIPM_ARRIVALS event=1000 total=286
SIPM_ADC event=1000 readout=862 f1far=1556 f2near=1042 f2far=1631
SIPM_ARRIVALS event=736 total=269
SIPM_ADC event=736 readout=1248 f1far=983 f2near=1344 f2far=1422
SIPM_ARRIVALS event=1088 total=279
SIPM_ADC event=1088 readout=1440 f1far=1060 f2near=1076 f2far=1428
SIPM_ARRIVALS event=1307 total=273
SIPM_ADC event=1307 readout=2168 f1far=1127 f2near=1414 f2far=766
SIPM_ARRIVALS event=1350 total=260
SIPM_ADC event=1350 readout=736 f1far=1612 f2near=934 f2far=1389
SIPM_ARRIVALS event=912 total=269
SIPM_ADC event=912 readout=1571 f1far=1525 f2near=1071 f2far=994
SIPM_ARRIVALS event=1263 total=272
SIPM_ADC event=1263 readout=967 f1far=1068 f2near=960 f2far=1254
SIPM_ARRIVALS event=1220 total=235
SIPM_ADC event=1220 readout=1094 f1far=1048 f2near=1071 f2far=595
SIPM_ARRIVALS event=1395 total=270
SIPM_ADC event=1395 readout=704 f1far=1254 f2near=857 f2far=1518
SIPM_ARRIVALS event=1132 total=321
SIPM_ADC event=1132 readout=1222 f1far=1965 f2near=539 f2far=978
SIPM_ARRIVALS event=1176 total=216
SIPM_ADC event=1176 readout=983 f1far=725 f2near=1019 f2far=1044
SIPM_ARRIVALS event=781 total=265
SIPM_ADC event=781 readout=1031 f1far=709 f2near=1468 f2far=1204
SIPM_ARRIVALS event=869 total=294
SIPM_ADC event=869 readout=1679 f1far=450 f2near=1858 f2far=1500
SIPM_ARRIVALS event=957 total=276
SIPM_ADC event=957 readout=963 f1far=1191 f2near=787 f2far=753
SIPM_ARRIVALS event=737 total=278
SIPM_ADC event=737 readout=1826 f1far=1002 f2near=1381 f2far=1037
SIPM_ARRIVALS event=1089 total=246
SIPM_ADC event=1089 readout=1134 f1far=577 f2near=1429 f2far=926
SIPM_ARRIVALS event=1045 total=263
SIPM_ADC event=1045 readout=912 f1far=969 f2near=1454 f2far=1391
SIPM_ARRIVALS event=1001 total=282
SIPM_ADC event=1001 readout=1887 f1far=1179 f2near=1243 f2far=600
SIPM_ARRIVALS event=824 total=259
SIPM_ADC event=824 readout=1105 f1far=973 f2near=1293 f2far=723
SIPM_ARRIVALS event=1308 total=270
SIPM_ADC event=1308 readout=565 f1far=1912 f2near=451 f2far=1290
SIPM_ARRIVALS event=1264 total=241
SIPM_ADC event=1264 readout=967 f1far=809 f2near=1590 f2far=823
SIPM_ARRIVALS event=1351 total=257
SIPM_ADC event=1351 readout=1235 f1far=1054 f2near=1003 f2far=1037
SIPM_ARRIVALS event=913 total=266
SIPM_ADC event=913 readout=1288 f1far=1093 f2near=845 f2far=811
SIPM_ARRIVALS event=1133 total=243
SIPM_ADC event=1133 readout=545 f1far=1343 f2near=718 f2far=1360
SIPM_ARRIVALS event=1396 total=273
SIPM_ADC event=1396 readout=977 f1far=964 f2near=1053 f2far=1052
SIPM_ARRIVALS event=1221 total=262
SIPM_ADC event=1221 readout=1458 f1far=1010 f2near=901 f2far=755
SIPM_ARRIVALS event=1177 total=280
SIPM_ADC event=1177 readout=1172 f1far=1779 f2near=643 f2far=1207
SIPM_ARRIVALS event=782 total=221
SIPM_ADC event=782 readout=752 f1far=301 f2near=722 f2far=769
SIPM_ARRIVALS event=870 total=304
SIPM_ADC event=870 readout=1919 f1far=981 f2near=1664 f2far=974
SIPM_ARRIVALS event=1090 total=255
SIPM_ADC event=1090 readout=1267 f1far=638 f2near=1389 f2far=861
SIPM_ARRIVALS event=738 total=264
SIPM_ADC event=738 readout=1030 f1far=1410 f2near=861 f2far=1497
SIPM_ARRIVALS event=958 total=301
SIPM_ADC event=958 readout=793 f1far=2264 f2near=1091 f2far=1523
SIPM_ARRIVALS event=1002 total=255
SIPM_ADC event=1002 readout=1232 f1far=932 f2near=1075 f2far=589
SIPM_ARRIVALS event=1046 total=259
SIPM_ADC event=1046 readout=1751 f1far=611 f2near=1697 f2far=669
SIPM_ARRIVALS event=825 total=253
SIPM_ADC event=825 readout=961 f1far=1584 f2near=1074 f2far=1652
SIPM_ARRIVALS event=1309 total=247
SIPM_ADC event=1309 readout=1041 f1far=1193 f2near=1483 f2far=1147
SIPM_ARRIVALS event=914 total=281
SIPM_ADC event=914 readout=589 f1far=1368 f2near=1230 f2far=1854
SIPM_ARRIVALS event=1265 total=272
SIPM_ADC event=1265 readout=1410 f1far=401 f2near=1562 f2far=1528
SIPM_ARRIVALS event=1352 total=299
SIPM_ADC event=1352 readout=1145 f1far=1412 f2near=1127 f2far=2409
SIPM_ARRIVALS event=1134 total=272
SIPM_ADC event=1134 readout=1467 f1far=1043 f2near=1479 f2far=550
SIPM_ARRIVALS event=1397 total=295
SIPM_ADC event=1397 readout=1145 f1far=1257 f2near=1694 f2far=921
SIPM_ARRIVALS event=1222 total=276
SIPM_ADC event=1222 readout=1881 f1far=610 f2near=1517 f2far=859
SIPM_ARRIVALS event=1178 total=252
SIPM_ADC event=1178 readout=1568 f1far=1002 f2near=849 f2far=898
SIPM_ARRIVALS event=871 total=281
SIPM_ADC event=871 readout=1339 f1far=881 f2near=1513 f2far=671
SIPM_ARRIVALS event=783 total=283
SIPM_ADC event=783 readout=1127 f1far=2126 f2near=609 f2far=1031
SIPM_ARRIVALS event=1091 total=276
SIPM_ADC event=1091 readout=925 f1far=1285 f2near=1388 f2far=1111
SIPM_ARRIVALS event=1047 total=263
SIPM_ADC event=1047 readout=1344 f1far=960 f2near=1352 f2far=701
SIPM_ARRIVALS event=739 total=256
SIPM_ADC event=739 readout=1509 f1far=1356 f2near=1236 f2far=862
SIPM_ARRIVALS event=959 total=263
SIPM_ADC event=959 readout=667 f1far=779 f2near=1158 f2far=874
SIPM_ARRIVALS event=1003 total=295
SIPM_ADC event=1003 readout=1038 f1far=1579 f2near=863 f2far=1185
SIPM_ARRIVALS event=826 total=265
SIPM_ADC event=826 readout=1544 f1far=944 f2near=1251 f2far=629
SIPM_ARRIVALS event=1310 total=259
SIPM_ADC event=1310 readout=1285 f1far=1200 f2near=1253 f2far=1013
SIPM_ARRIVALS event=1353 total=266
SIPM_ADC event=1353 readout=1525 f1far=440 f2near=1796 f2far=1027
SIPM_ARRIVALS event=915 total=272
SIPM_ADC event=915 readout=1684 f1far=917 f2near=1586 f2far=1024
SIPM_ARRIVALS event=1266 total=272
SIPM_ADC event=1266 readout=1648 f1far=1195 f2near=840 f2far=815
SIPM_ARRIVALS event=1135 total=279
SIPM_ADC event=1135 readout=723 f1far=1050 f2near=701 f2far=1714
SIPM_ARRIVALS event=1398 total=260
SIPM_ADC event=1398 readout=961 f1far=1141 f2near=965 f2far=967
SIPM_ARRIVALS event=1223 total=278
SIPM_ADC event=1223 readout=1721 f1far=840 f2near=1310 f2far=1059
SIPM_ARRIVALS event=1179 total=267
SIPM_ADC event=1179 readout=1181 f1far=1044 f2near=742 f2far=873
SIPM_ARRIVALS event=784 total=275
SIPM_ADC event=784 readout=1456 f1far=756 f2near=1523 f2far=947
SIPM_ARRIVALS event=872 total=252
SIPM_ADC event=872 readout=1433 f1far=589 f2near=1485 f2far=893
SIPM_ARRIVALS event=960 total=300
SIPM_ADC event=960 readout=1695 f1far=1198 f2near=1293 f2far=1121
SIPM_ARRIVALS event=1004 total=254
SIPM_ADC event=1004 readout=1580 f1far=733 f2near=1041 f2far=1019
SIPM_ARRIVALS event=740 total=282
SIPM_ADC event=740 readout=844 f1far=1066 f2near=1471 f2far=1520
SIPM_ARRIVALS event=1092 total=272
SIPM_ADC event=1092 readout=901 f1far=1346 f2near=1093 f2far=976
SIPM_ARRIVALS event=1048 total=266
SIPM_ADC event=1048 readout=1043 f1far=571 f2near=1917 f2far=922
SIPM_ARRIVALS event=1311 total=303
SIPM_ADC event=1311 readout=1469 f1far=1122 f2near=1342 f2far=948
SIPM_ARRIVALS event=827 total=246
SIPM_ADC event=827 readout=1045 f1far=1213 f2near=730 f2far=1384
SIPM_ARRIVALS event=916 total=254
SIPM_ADC event=916 readout=1470 f1far=733 f2near=1052 f2far=1306
SIPM_ARRIVALS event=1267 total=285
SIPM_ADC event=1267 readout=1203 f1far=2113 f2near=631 f2far=1658
SIPM_ARRIVALS event=1354 total=226
SIPM_ADC event=1354 readout=830 f1far=881 f2near=780 f2far=709
SIPM_ARRIVALS event=1399 total=285
SIPM_ADC event=1399 readout=1470 f1far=844 f2near=1512 f2far=1183
SIPM_ARRIVALS event=1136 total=251
SIPM_ADC event=1136 readout=936 f1far=677 f2near=900 f2far=1090
SIPM_ARRIVALS event=1224 total=288
SIPM_ADC event=1224 readout=1082 f1far=1244 f2near=1395 f2far=1255
SIPM_ARRIVALS event=1180 total=239
SIPM_ADC event=1180 readout=1335 f1far=712 f2near=978 f2far=1036
SIPM_ARRIVALS event=785 total=232
SIPM_ADC event=785 readout=883 f1far=845 f2near=1108 f2far=740
SIPM_ARRIVALS event=1005 total=253
SIPM_ADC event=1005 readout=869 f1far=1123 f2near=870 f2far=1860
SIPM_ARRIVALS event=1093 total=263
SIPM_ADC event=1093 readout=912 f1far=786 f2near=1169 f2far=1225
SIPM_ARRIVALS event=873 total=260
SIPM_ADC event=873 readout=1436 f1far=1097 f2near=541 f2far=936
SIPM_ARRIVALS event=1049 total=277
SIPM_ADC event=1049 readout=1365 f1far=914 f2near=1075 f2far=1499
SIPM_ARRIVALS event=741 total=275
SIPM_ADC event=741 readout=880 f1far=1091 f2near=435 f2far=1918
SIPM_ARRIVALS event=961 total=289
SIPM_ADC event=961 readout=1467 f1far=1291 f2near=1386 f2far=1147
SIPM_ARRIVALS event=828 total=232
SIPM_ADC event=828 readout=1604 f1far=953 f2near=621 f2far=1046
SIPM_ARRIVALS event=1312 total=260
SIPM_ADC event=1312 readout=1351 f1far=978 f2near=1133 f2far=627
SIPM_ARRIVALS event=917 total=248
SIPM_ADC event=917 readout=1003 f1far=1317 f2near=747 f2far=544
SIPM_ARRIVALS event=1268 total=259
SIPM_ADC event=1268 readout=1358 f1far=992 f2near=810 f2far=1304
SIPM_ARRIVALS event=1355 total=264
SIPM_ADC event=1355 readout=1632 f1far=1350 f2near=1208 f2far=1037
SIPM_ARRIVALS event=1225 total=243
SIPM_ADC event=1225 readout=974 f1far=796 f2near=1026 f2far=1089
SIPM_ARRIVALS event=1137 total=280
SIPM_ADC event=1137 readout=2753 f1far=786 f2near=909 f2far=635
SIPM_ARRIVALS event=1400 total=269
SIPM_ADC event=1400 readout=1307 f1far=987 f2near=1234 f2far=791
SIPM_ARRIVALS event=1181 total=270
SIPM_ADC event=1181 readout=626 f1far=1389 f2near=764 f2far=2012
SIPM_ARRIVALS event=1006 total=290
SIPM_ADC event=1006 readout=683 f1far=1871 f2near=791 f2far=1840
SIPM_ARRIVALS event=1094 total=329
SIPM_ADC event=1094 readout=2132 f1far=1393 f2near=1508 f2far=735
SIPM_ARRIVALS event=786 total=294
SIPM_ADC event=786 readout=742 f1far=1652 f2near=904 f2far=1821
SIPM_ARRIVALS event=874 total=280
SIPM_ADC event=874 readout=781 f1far=1456 f2near=858 f2far=1706
SIPM_ARRIVALS event=829 total=240
SIPM_ADC event=829 readout=777 f1far=770 f2near=1102 f2far=1696
SIPM_ARRIVALS event=1050 total=266
SIPM_ADC event=1050 readout=1286 f1far=835 f2near=1294 f2far=1097
SIPM_ARRIVALS event=962 total=255
SIPM_ADC event=962 readout=1484 f1far=1078 f2near=1612 f2far=929
SIPM_ARRIVALS event=742 total=267
SIPM_ADC event=742 readout=1616 f1far=812 f2near=1368 f2far=808
SIPM_ARRIVALS event=918 total=266
SIPM_ADC event=918 readout=1681 f1far=893 f2near=1473 f2far=903
SIPM_ARRIVALS event=1313 total=238
SIPM_ADC event=1313 readout=909 f1far=1621 f2near=903 f2far=1252
SIPM_ARRIVALS event=1269 total=258
SIPM_ADC event=1269 readout=1474 f1far=1163 f2near=1571 f2far=929
SIPM_ARRIVALS event=1356 total=247
SIPM_ADC event=1356 readout=1297 f1far=629 f2near=1204 f2far=930
SIPM_ARRIVALS event=1138 total=248
SIPM_ADC event=1138 readout=965 f1far=1331 f2near=994 f2far=1174
SIPM_ARRIVALS event=1401 total=299
SIPM_ADC event=1401 readout=1114 f1far=2096 f2near=727 f2far=1409
SIPM_ARRIVALS event=1182 total=280
SIPM_ADC event=1182 readout=1065 f1far=1212 f2near=1241 f2far=995
SIPM_ARRIVALS event=1226 total=252
SIPM_ADC event=1226 readout=1198 f1far=1467 f2near=1038 f2far=1021
SIPM_ARRIVALS event=1095 total=237
SIPM_ADC event=1095 readout=1025 f1far=1254 f2near=1155 f2far=812
SIPM_ARRIVALS event=1007 total=269
SIPM_ADC event=1007 readout=886 f1far=957 f2near=756 f2far=1348
SIPM_ARRIVALS event=787 total=262
SIPM_ADC event=787 readout=1019 f1far=1473 f2near=1062 f2far=613
SIPM_ARRIVALS event=1051 total=236
SIPM_ADC event=1051 readout=1572 f1far=1208 f2near=884 f2far=633
SIPM_ARRIVALS event=963 total=272
SIPM_ADC event=963 readout=1037 f1far=707 f2near=1701 f2far=932
SIPM_ARRIVALS event=875 total=291
SIPM_ADC event=875 readout=1384 f1far=994 f2near=1957 f2far=535
SIPM_ARRIVALS event=830 total=279
SIPM_ADC event=830 readout=820 f1far=833 f2near=888 f2far=857
SIPM_ARRIVALS event=743 total=260
SIPM_ADC event=743 readout=1060 f1far=1765 f2near=1035 f2far=758
SIPM_ARRIVALS event=919 total=273
SIPM_ADC event=919 readout=765 f1far=1486 f2near=1330 f2far=1930
SIPM_ARRIVALS event=1270 total=258
SIPM_ADC event=1270 readout=952 f1far=1124 f2near=846 f2far=1180
SIPM_ARRIVALS event=1314 total=257
SIPM_ADC event=1314 readout=1082 f1far=1086 f2near=772 f2far=1477
SIPM_ARRIVALS event=1357 total=266
SIPM_ADC event=1357 readout=948 f1far=1371 f2near=1163 f2far=1161
SIPM_ARRIVALS event=1139 total=274
SIPM_ADC event=1139 readout=1025 f1far=976 f2near=919 f2far=1236
SIPM_ARRIVALS event=1402 total=268
SIPM_ADC event=1402 readout=1409 f1far=1368 f2near=987 f2far=1024
SIPM_ARRIVALS event=1183 total=263
SIPM_ADC event=1183 readout=1167 f1far=1086 f2near=1055 f2far=1355
SIPM_ARRIVALS event=1096 total=287
SIPM_ADC event=1096 readout=1387 f1far=738 f2near=1049 f2far=1402
SIPM_ARRIVALS event=1227 total=292
SIPM_ADC event=1227 readout=1781 f1far=704 f2near=1491 f2far=691
SIPM_ARRIVALS event=788 total=289
SIPM_ADC event=788 readout=1326 f1far=923 f2near=1391 f2far=1653
SIPM_ARRIVALS event=964 total=236
SIPM_ADC event=964 readout=506 f1far=588 f2near=853 f2far=1394
SIPM_ARRIVALS event=876 total=254
SIPM_ADC event=876 readout=945 f1far=1312 f2near=984 f2far=946
SIPM_ARRIVALS event=1052 total=254
SIPM_ADC event=1052 readout=788 f1far=612 f2near=1706 f2far=1361
SIPM_ARRIVALS event=1008 total=292
SIPM_ADC event=1008 readout=1517 f1far=970 f2near=1363 f2far=1087
SIPM_ARRIVALS event=831 total=289
SIPM_ADC event=831 readout=1716 f1far=806 f2near=1489 f2far=1416
SIPM_ARRIVALS event=920 total=240
SIPM_ADC event=920 readout=1154 f1far=1080 f2near=1127 f2far=429
SIPM_ARRIVALS event=744 total=251
SIPM_ADC event=744 readout=625 f1far=1589 f2near=1163 f2far=1795
SIPM_ARRIVALS event=1271 total=279
SIPM_ADC event=1271 readout=1309 f1far=1551 f2near=709 f2far=2044
SIPM_ARRIVALS event=1315 total=261
SIPM_ADC event=1315 readout=1110 f1far=795 f2near=1278 f2far=1226
SIPM_ARRIVALS event=1358 total=260
SIPM_ADC event=1358 readout=1208 f1far=855 f2near=1389 f2far=437
SIPM_ARRIVALS event=1140 total=288
SIPM_ADC event=1140 readout=1516 f1far=831 f2near=1277 f2far=1041
SIPM_ARRIVALS event=1403 total=277
SIPM_ADC event=1403 readout=1888 f1far=1206 f2near=1340 f2far=662
SIPM_ARRIVALS event=1228 total=266
SIPM_ADC event=1228 readout=616 f1far=1229 f2near=824 f2far=1894
SIPM_ARRIVALS event=1097 total=290
SIPM_ADC event=1097 readout=1393 f1far=760 f2near=2010 f2far=1208
SIPM_ARRIVALS event=1184 total=290
SIPM_ADC event=1184 readout=1439 f1far=832 f2near=1349 f2far=1342
SIPM_ARRIVALS event=789 total=277
SIPM_ADC event=789 readout=809 f1far=1150 f2near=1579 f2far=782
SIPM_ARRIVALS event=877 total=270
SIPM_ADC event=877 readout=1384 f1far=1066 f2near=910 f2far=1175
SIPM_ARRIVALS event=965 total=244
SIPM_ADC event=965 readout=933 f1far=745 f2near=1247 f2far=855
SIPM_ARRIVALS event=1009 total=292
SIPM_ADC event=1009 readout=1089 f1far=1690 f2near=576 f2far=1411
SIPM_ARRIVALS event=745 total=260
SIPM_ADC event=745 readout=1363 f1far=1858 f2near=801 f2far=1143
SIPM_ARRIVALS event=832 total=245
SIPM_ADC event=832 readout=1082 f1far=1567 f2near=1341 f2far=1058
SIPM_ARRIVALS event=921 total=224
SIPM_ADC event=921 readout=947 f1far=582 f2near=1188 f2far=1431
SIPM_ARRIVALS event=1053 total=295
SIPM_ADC event=1053 readout=962 f1far=1514 f2near=1093 f2far=782
SIPM_ARRIVALS event=1272 total=307
SIPM_ADC event=1272 readout=834 f1far=1851 f2near=952 f2far=1766
SIPM_ARRIVALS event=1316 total=272
SIPM_ADC event=1316 readout=648 f1far=1434 f2near=995 f2far=1156
SIPM_ARRIVALS event=1359 total=299
SIPM_ADC event=1359 readout=882 f1far=1387 f2near=858 f2far=1466
SIPM_ARRIVALS event=1404 total=268
SIPM_ADC event=1404 readout=1627 f1far=963 f2near=500 f2far=932
SIPM_ARRIVALS event=1098 total=262
SIPM_ADC event=1098 readout=1616 f1far=1029 f2near=1063 f2far=1034
SIPM_ARRIVALS event=1185 total=278
SIPM_ADC event=1185 readout=919 f1far=1240 f2near=1050 f2far=1893
SIPM_ARRIVALS event=1141 total=292
SIPM_ADC event=1141 readout=1100 f1far=1101 f2near=1122 f2far=1296
SIPM_ARRIVALS event=790 total=266
SIPM_ADC event=790 readout=1153 f1far=890 f2near=1219 f2far=1514
SIPM_ARRIVALS event=1229 total=270
SIPM_ADC event=1229 readout=587 f1far=1180 f2near=877 f2far=2123
SIPM_ARRIVALS event=1010 total=298
SIPM_ADC event=1010 readout=1326 f1far=729 f2near=1906 f2far=689
SIPM_ARRIVALS event=746 total=246
SIPM_ADC event=746 readout=857 f1far=1309 f2near=970 f2far=1128
SIPM_ARRIVALS event=878 total=249
SIPM_ADC event=878 readout=598 f1far=893 f2near=1327 f2far=1228
SIPM_ARRIVALS event=966 total=272
SIPM_ADC event=966 readout=813 f1far=1589 f2near=1787 f2far=1449
SIPM_ARRIVALS event=922 total=218
SIPM_ADC event=922 readout=833 f1far=570 f2near=844 f2far=1304
SIPM_ARRIVALS event=1054 total=248
SIPM_ADC event=1054 readout=669 f1far=1173 f2near=1119 f2far=1085
SIPM_ARRIVALS event=833 total=319
SIPM_ADC event=833 readout=1015 f1far=760 f2near=1756 f2far=1011
SIPM_ARRIVALS event=1317 total=248
SIPM_ADC event=1317 readout=1225 f1far=829 f2near=889 f2far=1089
SIPM_ARRIVALS event=1273 total=287
SIPM_ADC event=1273 readout=657 f1far=1491 f2near=1098 f2far=592
SIPM_ARRIVALS event=1360 total=256
SIPM_ADC event=1360 readout=826 f1far=1189 f2near=895 f2far=1012
SIPM_ARRIVALS event=1099 total=259
SIPM_ADC event=1099 readout=723 f1far=1031 f2near=1086 f2far=781
SIPM_ARRIVALS event=1405 total=277
SIPM_ADC event=1405 readout=1426 f1far=1581 f2near=1051 f2far=1412
SIPM_ARRIVALS event=1186 total=304
SIPM_ADC event=1186 readout=902 f1far=1789 f2near=1194 f2far=1471
SIPM_ARRIVALS event=1142 total=294
SIPM_ADC event=1142 readout=1297 f1far=1223 f2near=1961 f2far=787
SIPM_ARRIVALS event=791 total=272
SIPM_ADC event=791 readout=1475 f1far=1090 f2near=860 f2far=1217
SIPM_ARRIVALS event=1230 total=296
SIPM_ADC event=1230 readout=1758 f1far=758 f2near=1932 f2far=1348
SIPM_ARRIVALS event=967 total=268
SIPM_ADC event=967 readout=1662 f1far=590 f2near=1751 f2far=813
SIPM_ARRIVALS event=1011 total=254
SIPM_ADC event=1011 readout=996 f1far=1252 f2near=1193 f2far=1659
SIPM_ARRIVALS event=1055 total=292
SIPM_ADC event=1055 readout=1391 f1far=809 f2near=1151 f2far=1754
SIPM_ARRIVALS event=879 total=245
SIPM_ADC event=879 readout=953 f1far=936 f2near=852 f2far=778
SIPM_ARRIVALS event=834 total=266
SIPM_ADC event=834 readout=857 f1far=1276 f2near=785 f2far=1528
SIPM_ARRIVALS event=747 total=270
SIPM_ADC event=747 readout=963 f1far=1186 f2near=1098 f2far=1241
SIPM_ARRIVALS event=923 total=306
SIPM_ADC event=923 readout=547 f1far=1507 f2near=715 f2far=1970
SIPM_ARRIVALS event=1318 total=253
SIPM_ADC event=1318 readout=1012 f1far=1391 f2near=771 f2far=1352
SIPM_ARRIVALS event=1361 total=260
SIPM_ADC event=1361 readout=1100 f1far=1317 f2near=761 f2far=610
SIPM_ARRIVALS event=1274 total=282
SIPM_ADC event=1274 readout=782 f1far=924 f2near=1066 f2far=1272
SIPM_ARRIVALS event=1187 total=279
SIPM_ADC event=1187 readout=637 f1far=1612 f2near=797 f2far=1815
SIPM_ARRIVALS event=1143 total=254
SIPM_ADC event=1143 readout=337 f1far=1170 f2near=814 f2far=1940
SIPM_ARRIVALS event=1406 total=276
SIPM_ADC event=1406 readout=1601 f1far=1019 f2near=1313 f2far=851
SIPM_ARRIVALS event=1408 total=268
SIPM_ADC event=1408 readout=373 f1far=1234 f2near=1182 f2far=1386
SIPM_ARRIVALS event=1452 total=262
SIPM_ADC event=1452 readout=1488 f1far=1219 f2near=1489 f2far=1375
SIPM_ARRIVALS event=1231 total=281
SIPM_ADC event=1231 readout=696 f1far=1080 f2near=1212 f2far=1094
SIPM_ARRIVALS event=1584 total=247
SIPM_ADC event=1584 readout=516 f1far=1144 f2near=948 f2far=2042
SIPM_ARRIVALS event=1628 total=295
SIPM_ADC event=1628 readout=1802 f1far=1015 f2near=1766 f2far=1003
SIPM_ARRIVALS event=1496 total=308
SIPM_ADC event=1496 readout=1390 f1far=867 f2near=1499 f2far=1304
SIPM_ARRIVALS event=835 total=238
SIPM_ADC event=835 readout=1274 f1far=615 f2near=1682 f2far=1437
SIPM_ARRIVALS event=1716 total=298
SIPM_ADC event=1716 readout=1789 f1far=268 f2near=1391 f2far=1302
SIPM_ARRIVALS event=1540 total=291
SIPM_ADC event=1540 readout=1587 f1far=554 f2near=1696 f2far=902
SIPM_ARRIVALS event=1672 total=287
SIPM_ADC event=1672 readout=907 f1far=1759 f2near=1323 f2far=1417
SIPM_ARRIVALS event=1319 total=272
SIPM_ADC event=1319 readout=579 f1far=1591 f2near=749 f2far=1257
SIPM_ARRIVALS event=1362 total=235
SIPM_ADC event=1362 readout=1163 f1far=1256 f2near=1062 f2far=613
SIPM_ARRIVALS event=1275 total=259
SIPM_ADC event=1275 readout=1603 f1far=844 f2near=1650 f2far=754
SIPM_ARRIVALS event=1804 total=294
SIPM_ADC event=1804 readout=1255 f1far=1114 f2near=1003 f2far=1306
SIPM_ARRIVALS event=1760 total=220
SIPM_ADC event=1760 readout=1242 f1far=1265 f2near=941 f2far=896
SIPM_ARRIVALS event=1409 total=253
SIPM_ADC event=1409 readout=925 f1far=956 f2near=854 f2far=304
SIPM_ARRIVALS event=1407 total=268
SIPM_ADC event=1407 readout=1893 f1far=665 f2near=1317 f2far=707
SIPM_ARRIVALS event=1497 total=264
SIPM_ADC event=1497 readout=691 f1far=1649 f2near=1530 f2far=532
SIPM_ARRIVALS event=1848 total=280
SIPM_ADC event=1848 readout=1418 f1far=689 f2near=1719 f2far=680
SIPM_ARRIVALS event=1453 total=257
SIPM_ADC event=1453 readout=1194 f1far=967 f2near=1099 f2far=1227
SIPM_ARRIVALS event=1892 total=263
SIPM_ADC event=1892 readout=740 f1far=1648 f2near=822 f2far=1087
SIPM_ARRIVALS event=1585 total=251
SIPM_ADC event=1585 readout=1004 f1far=1389 f2near=945 f2far=1358
SIPM_ARRIVALS event=1717 total=283
SIPM_ADC event=1717 readout=1180 f1far=1226 f2near=1322 f2far=1805
SIPM_ARRIVALS event=1629 total=289
SIPM_ADC event=1629 readout=1515 f1far=646 f2near=1562 f2far=935
SIPM_ARRIVALS event=1541 total=294
SIPM_ADC event=1541 readout=494 f1far=2162 f2near=746 f2far=1105
SIPM_ARRIVALS event=1673 total=265
SIPM_ADC event=1673 readout=978 f1far=1266 f2near=729 f2far=1213
SIPM_ARRIVALS event=1936 total=266
SIPM_ADC event=1936 readout=1359 f1far=848 f2near=738 f2far=990
SIPM_ARRIVALS event=1805 total=238
SIPM_ADC event=1805 readout=1243 f1far=891 f2near=742 f2far=1036
SIPM_ARRIVALS event=1980 total=279
SIPM_ADC event=1980 readout=740 f1far=1547 f2near=734 f2far=1395
SIPM_ARRIVALS event=1761 total=262
SIPM_ADC event=1761 readout=1401 f1far=1189 f2near=1458 f2far=815
SIPM_ARRIVALS event=1363 total=284
SIPM_ADC event=1363 readout=934 f1far=1151 f2near=781 f2far=1031
SIPM_ARRIVALS event=1410 total=245
SIPM_ADC event=1410 readout=1483 f1far=1331 f2near=785 f2far=821
SIPM_ARRIVALS event=1893 total=282
SIPM_ADC event=1893 readout=675 f1far=1201 f2near=826 f2far=1857
SIPM_ARRIVALS event=1498 total=258
SIPM_ADC event=1498 readout=1032 f1far=1894 f2near=868 f2far=1266
SIPM_ARRIVALS event=1586 total=275
SIPM_ADC event=1586 readout=932 f1far=1544 f2near=854 f2far=1537
SIPM_ARRIVALS event=1454 total=289
SIPM_ADC event=1454 readout=946 f1far=1406 f2near=1307 f2far=1420
SIPM_ARRIVALS event=1718 total=269
SIPM_ADC event=1718 readout=1586 f1far=1155 f2near=1272 f2far=1110
SIPM_ARRIVALS event=1849 total=284
SIPM_ADC event=1849 readout=2327 f1far=1351 f2near=1297 f2far=869
SIPM_ARRIVALS event=1630 total=237
SIPM_ADC event=1630 readout=954 f1far=825 f2near=874 f2far=1471
SIPM_ARRIVALS event=1542 total=293
SIPM_ADC event=1542 readout=1354 f1far=869 f2near=1753 f2far=795
SIPM_ARRIVALS event=1674 total=298
SIPM_ADC event=1674 readout=1258 f1far=1341 f2near=893 f2far=1523
SIPM_ARRIVALS event=1806 total=247
SIPM_ADC event=1806 readout=1003 f1far=413 f2near=1173 f2far=990
SIPM_ARRIVALS event=1981 total=235
SIPM_ADC event=1981 readout=1285 f1far=767 f2near=1149 f2far=677
SIPM_ARRIVALS event=1937 total=268
SIPM_ADC event=1937 readout=765 f1far=1685 f2near=1317 f2far=1406
SIPM_ARRIVALS event=1762 total=240
SIPM_ADC event=1762 readout=1118 f1far=1174 f2near=1200 f2far=1182
SIPM_ARRIVALS event=1411 total=304
SIPM_ADC event=1411 readout=1753 f1far=659 f2near=2326 f2far=1069
SIPM_ARRIVALS event=1894 total=276
SIPM_ADC event=1894 readout=1176 f1far=1538 f2near=686 f2far=1222
SIPM_ARRIVALS event=1455 total=260
SIPM_ADC event=1455 readout=1099 f1far=475 f2near=1202 f2far=1253
SIPM_ARRIVALS event=1499 total=269
SIPM_ADC event=1499 readout=1396 f1far=954 f2near=805 f2far=1086
SIPM_ARRIVALS event=1675 total=244
SIPM_ADC event=1675 readout=948 f1far=782 f2near=1176 f2far=898
SIPM_ARRIVALS event=1587 total=295
SIPM_ADC event=1587 readout=1151 f1far=720 f2near=1929 f2far=981
SIPM_ARRIVALS event=1719 total=287
SIPM_ADC event=1719 readout=1147 f1far=1070 f2near=1018 f2far=1449
SIPM_ARRIVALS event=1543 total=277
SIPM_ADC event=1543 readout=792 f1far=1289 f2near=1213 f2far=1004
SIPM_ARRIVALS event=1631 total=285
SIPM_ADC event=1631 readout=701 f1far=1842 f2near=1051 f2far=1205
SIPM_ARRIVALS event=1850 total=291
SIPM_ADC event=1850 readout=925 f1far=1057 f2near=993 f2far=1503
SIPM_ARRIVALS event=1807 total=263
SIPM_ADC event=1807 readout=1072 f1far=1783 f2near=801 f2far=781
SIPM_ARRIVALS event=1982 total=282
SIPM_ADC event=1982 readout=938 f1far=1223 f2near=914 f2far=1546
SIPM_ARRIVALS event=1895 total=222
SIPM_ADC event=1895 readout=339 f1far=686 f2near=938 f2far=1418
SIPM_ARRIVALS event=1763 total=253
SIPM_ADC event=1763 readout=1324 f1far=1394 f2near=875 f2far=481
SIPM_ARRIVALS event=1938 total=270
SIPM_ADC event=1938 readout=813 f1far=650 f2near=1571 f2far=890
SIPM_ARRIVALS event=1676 total=293
SIPM_ADC event=1676 readout=1385 f1far=1031 f2near=1179 f2far=899
SIPM_ARRIVALS event=1412 total=253
SIPM_ADC event=1412 readout=1162 f1far=1174 f2near=865 f2far=1323
SIPM_ARRIVALS event=1456 total=276
SIPM_ADC event=1456 readout=840 f1far=885 f2near=1800 f2far=1120
SIPM_ARRIVALS event=1500 total=276
SIPM_ADC event=1500 readout=1116 f1far=1250 f2near=1010 f2far=812
SIPM_ARRIVALS event=1588 total=281
SIPM_ADC event=1588 readout=1235 f1far=1319 f2near=991 f2far=1333
SIPM_ARRIVALS event=1720 total=237
SIPM_ADC event=1720 readout=854 f1far=634 f2near=885 f2far=767
SIPM_ARRIVALS event=1851 total=245
SIPM_ADC event=1851 readout=706 f1far=1729 f2near=1176 f2far=667
SIPM_ARRIVALS event=1544 total=257
SIPM_ADC event=1544 readout=1091 f1far=826 f2near=1234 f2far=881
SIPM_ARRIVALS event=1632 total=272
SIPM_ADC event=1632 readout=1840 f1far=805 f2near=797 f2far=1086
SIPM_ARRIVALS event=1808 total=285
SIPM_ADC event=1808 readout=1041 f1far=1962 f2near=1038 f2far=1329
SIPM_ARRIVALS event=1983 total=276
SIPM_ADC event=1983 readout=1161 f1far=723 f2near=2172 f2far=586
SIPM_ARRIVALS event=1896 total=283
SIPM_ADC event=1896 readout=1005 f1far=825 f2near=1614 f2far=726
SIPM_ARRIVALS event=1939 total=287
SIPM_ADC event=1939 readout=1361 f1far=967 f2near=1276 f2far=977
SIPM_ARRIVALS event=1413 total=255
SIPM_ADC event=1413 readout=935 f1far=951 f2near=1294 f2far=1144
SIPM_ARRIVALS event=1457 total=248
SIPM_ADC event=1457 readout=758 f1far=1664 f2near=619 f2far=1028
SIPM_ARRIVALS event=1764 total=279
SIPM_ADC event=1764 readout=1204 f1far=1133 f2near=1140 f2far=1961
SIPM_ARRIVALS event=1589 total=285
SIPM_ADC event=1589 readout=959 f1far=1265 f2near=1032 f2far=1479
SIPM_ARRIVALS event=1721 total=232
SIPM_ADC event=1721 readout=922 f1far=956 f2near=888 f2far=979
SIPM_ARRIVALS event=1501 total=297
SIPM_ADC event=1501 readout=1071 f1far=1218 f2near=1017 f2far=1833
SIPM_ARRIVALS event=1677 total=264
SIPM_ADC event=1677 readout=1201 f1far=1052 f2near=847 f2far=1416
SIPM_ARRIVALS event=1852 total=256
SIPM_ADC event=1852 readout=768 f1far=759 f2near=1076 f2far=914
SIPM_ARRIVALS event=1545 total=289
SIPM_ADC event=1545 readout=1033 f1far=957 f2near=1340 f2far=1106
SIPM_ARRIVALS event=1633 total=264
SIPM_ADC event=1633 readout=579 f1far=996 f2near=721 f2far=1298
SIPM_ARRIVALS event=1809 total=267
SIPM_ADC event=1809 readout=921 f1far=1174 f2near=1007 f2far=1372
SIPM_ARRIVALS event=1984 total=273
SIPM_ADC event=1984 readout=983 f1far=1389 f2near=701 f2far=1395
SIPM_ARRIVALS event=1897 total=252
SIPM_ADC event=1897 readout=1451 f1far=1020 f2near=1397 f2far=1081
SIPM_ARRIVALS event=1765 total=309
SIPM_ADC event=1765 readout=531 f1far=1427 f2near=871 f2far=2408
SIPM_ARRIVALS event=1502 total=239
SIPM_ADC event=1502 readout=1333 f1far=971 f2near=934 f2far=536
SIPM_ARRIVALS event=1590 total=248
SIPM_ADC event=1590 readout=659 f1far=929 f2near=572 f2far=1326
SIPM_ARRIVALS event=1722 total=305
SIPM_ADC event=1722 readout=1023 f1far=901 f2near=1423 f2far=1114
SIPM_ARRIVALS event=1940 total=247
SIPM_ADC event=1940 readout=978 f1far=719 f2near=599 f2far=1206
SIPM_ARRIVALS event=1458 total=265
SIPM_ADC event=1458 readout=480 f1far=1481 f2near=962 f2far=1172
SIPM_ARRIVALS event=1414 total=275
SIPM_ADC event=1414 readout=888 f1far=966 f2near=1439 f2far=1790
SIPM_ARRIVALS event=1853 total=271
SIPM_ADC event=1853 readout=1375 f1far=934 f2near=871 f2far=1714
SIPM_ARRIVALS event=1678 total=249
SIPM_ADC event=1678 readout=996 f1far=1659 f2near=404 f2far=854
SIPM_ARRIVALS event=1546 total=255
SIPM_ADC event=1546 readout=763 f1far=1414 f2near=833 f2far=1249
SIPM_ARRIVALS event=1634 total=239
SIPM_ADC event=1634 readout=1376 f1far=825 f2near=1103 f2far=787
SIPM_ARRIVALS event=1810 total=264
SIPM_ADC event=1810 readout=577 f1far=1001 f2near=787 f2far=2157
SIPM_ARRIVALS event=1985 total=296
SIPM_ADC event=1985 readout=862 f1far=1147 f2near=1398 f2far=1700
SIPM_ARRIVALS event=1898 total=255
SIPM_ADC event=1898 readout=1231 f1far=1762 f2near=826 f2far=1853
SIPM_ARRIVALS event=1503 total=282
SIPM_ADC event=1503 readout=757 f1far=1646 f2near=779 f2far=1601
SIPM_ARRIVALS event=1591 total=265
SIPM_ADC event=1591 readout=1857 f1far=1349 f2near=1186 f2far=801
SIPM_ARRIVALS event=1723 total=246
SIPM_ADC event=1723 readout=557 f1far=1351 f2near=1190 f2far=950
SIPM_ARRIVALS event=1941 total=249
SIPM_ADC event=1941 readout=610 f1far=989 f2near=1527 f2far=1204
SIPM_ARRIVALS event=1766 total=286
SIPM_ADC event=1766 readout=863 f1far=1871 f2near=943 f2far=1038
SIPM_ARRIVALS event=1459 total=269
SIPM_ADC event=1459 readout=1482 f1far=663 f2near=1683 f2far=1041
SIPM_ARRIVALS event=1415 total=296
SIPM_ADC event=1415 readout=1444 f1far=1314 f2near=1298 f2far=1281
SIPM_ARRIVALS event=1635 total=273
SIPM_ADC event=1635 readout=1316 f1far=831 f2near=1457 f2far=536
SIPM_ARRIVALS event=1547 total=270
SIPM_ADC event=1547 readout=825 f1far=963 f2near=1393 f2far=1044
SIPM_ARRIVALS event=1679 total=267
SIPM_ADC event=1679 readout=1553 f1far=993 f2near=1283 f2far=815
SIPM_ARRIVALS event=1854 total=262
SIPM_ADC event=1854 readout=1033 f1far=1231 f2near=1037 f2far=1197
SIPM_ARRIVALS event=1811 total=259
SIPM_ADC event=1811 readout=463 f1far=1148 f2near=847 f2far=1427
SIPM_ARRIVALS event=1986 total=293
SIPM_ADC event=1986 readout=1481 f1far=780 f2near=1489 f2far=902
SIPM_ARRIVALS event=1899 total=245
SIPM_ADC event=1899 readout=1133 f1far=527 f2near=1773 f2far=1051
SIPM_ARRIVALS event=1504 total=283
SIPM_ADC event=1504 readout=1072 f1far=1113 f2near=1246 f2far=1328
SIPM_ARRIVALS event=1724 total=246
SIPM_ADC event=1724 readout=720 f1far=1346 f2near=708 f2far=1404
SIPM_ARRIVALS event=1767 total=259
SIPM_ADC event=1767 readout=1129 f1far=953 f2near=836 f2far=1580
SIPM_ARRIVALS event=1592 total=274
SIPM_ADC event=1592 readout=688 f1far=1970 f2near=647 f2far=1507
SIPM_ARRIVALS event=1942 total=293
SIPM_ADC event=1942 readout=1416 f1far=837 f2near=1715 f2far=1266
SIPM_ARRIVALS event=1416 total=304
SIPM_ADC event=1416 readout=1767 f1far=609 f2near=1282 f2far=674
SIPM_ARRIVALS event=1855 total=257
SIPM_ADC event=1855 readout=855 f1far=1178 f2near=976 f2far=1097
SIPM_ARRIVALS event=1636 total=303
SIPM_ADC event=1636 readout=1602 f1far=1111 f2near=1373 f2far=584
SIPM_ARRIVALS event=1680 total=264
SIPM_ADC event=1680 readout=1416 f1far=1475 f2near=1144 f2far=1228
SIPM_ARRIVALS event=1548 total=259
SIPM_ADC event=1548 readout=1452 f1far=1404 f2near=731 f2far=1296
SIPM_ARRIVALS event=1460 total=269
SIPM_ADC event=1460 readout=1276 f1far=893 f2near=1195 f2far=1140
SIPM_ARRIVALS event=1812 total=289
SIPM_ADC event=1812 readout=933 f1far=651 f2near=1182 f2far=1231
SIPM_ARRIVALS event=1987 total=286
SIPM_ADC event=1987 readout=1000 f1far=1018 f2near=1230 f2far=1257
SIPM_ARRIVALS event=1505 total=271
SIPM_ADC event=1505 readout=1159 f1far=1070 f2near=1989 f2far=604
SIPM_ARRIVALS event=1768 total=245
SIPM_ADC event=1768 readout=728 f1far=846 f2near=1446 f2far=1098
SIPM_ARRIVALS event=1900 total=277
SIPM_ADC event=1900 readout=864 f1far=716 f2near=1776 f2far=1128
SIPM_ARRIVALS event=1593 total=233
SIPM_ADC event=1593 readout=771 f1far=1414 f2near=465 f2far=848
SIPM_ARRIVALS event=1725 total=262
SIPM_ADC event=1725 readout=1928 f1far=1099 f2near=1340 f2far=782
SIPM_ARRIVALS event=1943 total=251
SIPM_ADC event=1943 readout=1112 f1far=1366 f2near=1102 f2far=1112
SIPM_ARRIVALS event=1637 total=259
SIPM_ADC event=1637 readout=588 f1far=1751 f2near=1027 f2far=866
SIPM_ARRIVALS event=1856 total=234
SIPM_ARRIVALS event=1549 total=268
SIPM_ADC event=1856 readout=889 f1far=1268 f2near=1252 f2far=615
SIPM_ADC event=1549 readout=928 f1far=931 f2near=1253 f2far=1830
SIPM_ARRIVALS event=1417 total=231
SIPM_ADC event=1417 readout=817 f1far=838 f2near=1019 f2far=1633
SIPM_ARRIVALS event=1681 total=272
SIPM_ADC event=1681 readout=1013 f1far=1428 f2near=897 f2far=1207
SIPM_ARRIVALS event=1461 total=264
SIPM_ADC event=1461 readout=1303 f1far=912 f2near=1242 f2far=813
SIPM_ARRIVALS event=1813 total=227
SIPM_ADC event=1813 readout=1030 f1far=679 f2near=1885 f2far=909
SIPM_ARRIVALS event=1988 total=269
SIPM_ADC event=1988 readout=755 f1far=928 f2near=1324 f2far=1408
SIPM_ARRIVALS event=1506 total=270
SIPM_ADC event=1506 readout=1698 f1far=770 f2near=1345 f2far=1278
SIPM_ARRIVALS event=1769 total=248
SIPM_ADC event=1769 readout=1363 f1far=1053 f2near=851 f2far=929
SIPM_ARRIVALS event=1726 total=269
SIPM_ADC event=1726 readout=1342 f1far=1138 f2near=928 f2far=1050
SIPM_ARRIVALS event=1594 total=239
SIPM_ADC event=1594 readout=1461 f1far=616 f2near=1484 f2far=1006
SIPM_ARRIVALS event=1901 total=280
SIPM_ADC event=1901 readout=1039 f1far=1388 f2near=1083 f2far=1106
SIPM_ARRIVALS event=1638 total=278
SIPM_ADC event=1638 readout=1659 f1far=1215 f2near=994 f2far=809
SIPM_ARRIVALS event=1944 total=279
SIPM_ADC event=1944 readout=1154 f1far=1532 f2near=1052 f2far=1012
SIPM_ARRIVALS event=1550 total=230
SIPM_ADC event=1550 readout=647 f1far=1155 f2near=1236 f2far=626
SIPM_ARRIVALS event=1857 total=286
SIPM_ADC event=1857 readout=1546 f1far=1178 f2near=1105 f2far=337
SIPM_ARRIVALS event=1814 total=263
SIPM_ADC event=1814 readout=625 f1far=1203 f2near=861 f2far=2002
SIPM_ARRIVALS event=1418 total=287
SIPM_ADC event=1418 readout=1412 f1far=840 f2near=1352 f2far=1796
SIPM_ARRIVALS event=1682 total=259
SIPM_ADC event=1682 readout=1485 f1far=1082 f2near=1256 f2far=975
SIPM_ARRIVALS event=1462 total=250
SIPM_ADC event=1462 readout=1525 f1far=1125 f2near=879 f2far=578
SIPM_ARRIVALS event=1989 total=276
SIPM_ADC event=1989 readout=897 f1far=973 f2near=1076 f2far=1356
SIPM_ARRIVALS event=1902 total=299
SIPM_ADC event=1902 readout=774 f1far=1701 f2near=1260 f2far=1106
SIPM_ARRIVALS event=1770 total=263
SIPM_ADC event=1770 readout=972 f1far=1579 f2near=975 f2far=938
SIPM_ARRIVALS event=1595 total=267
SIPM_ADC event=1595 readout=930 f1far=1691 f2near=1112 f2far=1245
SIPM_ARRIVALS event=1727 total=249
SIPM_ADC event=1727 readout=739 f1far=625 f2near=1489 f2far=1170
SIPM_ARRIVALS event=1507 total=281
SIPM_ADC event=1507 readout=917 f1far=1637 f2near=1227 f2far=1500
SIPM_ARRIVALS event=1945 total=275
SIPM_ADC event=1945 readout=2066 f1far=823 f2near=1655 f2far=1161
SIPM_ARRIVALS event=1639 total=277
SIPM_ADC event=1639 readout=1469 f1far=1495 f2near=1101 f2far=998
SIPM_ARRIVALS event=1858 total=252
SIPM_ADC event=1858 readout=1446 f1far=1575 f2near=1733 f2far=612
SIPM_ARRIVALS event=1551 total=295
SIPM_ADC event=1551 readout=758 f1far=1381 f2near=977 f2far=1826
SIPM_ARRIVALS event=1419 total=257
SIPM_ADC event=1419 readout=870 f1far=1216 f2near=1107 f2far=1719
SIPM_ARRIVALS event=1683 total=277
SIPM_ADC event=1683 readout=1694 f1far=594 f2near=1579 f2far=1703
SIPM_ARRIVALS event=1463 total=261
SIPM_ADC event=1463 readout=849 f1far=1012 f2near=1487 f2far=1313
SIPM_ARRIVALS event=1815 total=318
SIPM_ADC event=1815 readout=971 f1far=1960 f2near=830 f2far=1169
SIPM_ARRIVALS event=1990 total=267
SIPM_ADC event=1990 readout=822 f1far=758 f2near=1828 f2far=959
SIPM_ARRIVALS event=1728 total=270
SIPM_ADC event=1728 readout=1456 f1far=1235 f2near=1421 f2far=1530
SIPM_ARRIVALS event=1903 total=304
SIPM_ADC event=1903 readout=1963 f1far=945 f2near=1124 f2far=1396
SIPM_ARRIVALS event=1508 total=243
SIPM_ADC event=1508 readout=1217 f1far=1334 f2near=619 f2far=1227
SIPM_ARRIVALS event=1771 total=271
SIPM_ADC event=1771 readout=1984 f1far=461 f2near=1600 f2far=840
SIPM_ARRIVALS event=1596 total=253
SIPM_ADC event=1596 readout=1216 f1far=1499 f2near=882 f2far=920
SIPM_ARRIVALS event=1640 total=289
SIPM_ADC event=1640 readout=975 f1far=1596 f2near=1042 f2far=1433
SIPM_ARRIVALS event=1946 total=260
SIPM_ADC event=1946 readout=947 f1far=1834 f2near=841 f2far=1236
SIPM_ARRIVALS event=1552 total=257
SIPM_ADC event=1552 readout=930 f1far=1223 f2near=1274 f2far=1166
SIPM_ARRIVALS event=1859 total=279
SIPM_ADC event=1859 readout=1230 f1far=1532 f2near=684 f2far=1210
SIPM_ARRIVALS event=1420 total=246
SIPM_ADC event=1420 readout=876 f1far=1107 f2near=1251 f2far=1565
SIPM_ARRIVALS event=1684 total=271
SIPM_ADC event=1684 readout=1572 f1far=730 f2near=1885 f2far=747
SIPM_ARRIVALS event=1816 total=258
SIPM_ADC event=1816 readout=1334 f1far=667 f2near=1796 f2far=782
SIPM_ARRIVALS event=1464 total=286
SIPM_ADC event=1464 readout=1586 f1far=1408 f2near=747 f2far=1184
SIPM_ARRIVALS event=1991 total=252
SIPM_ADC event=1991 readout=1403 f1far=915 f2near=707 f2far=766
SIPM_ARRIVALS event=1509 total=259
SIPM_ADC event=1509 readout=515 f1far=1477 f2near=1018 f2far=1946
SIPM_ARRIVALS event=1904 total=271
SIPM_ADC event=1904 readout=578 f1far=1185 f2near=1275 f2far=1660
SIPM_ARRIVALS event=1729 total=247
SIPM_ADC event=1729 readout=1107 f1far=1404 f2near=1055 f2far=1013
SIPM_ARRIVALS event=1772 total=260
SIPM_ADC event=1772 readout=717 f1far=1522 f2near=915 f2far=1312
SIPM_ARRIVALS event=1597 total=296
SIPM_ADC event=1597 readout=877 f1far=1397 f2near=882 f2far=1345
SIPM_ARRIVALS event=1553 total=253
SIPM_ADC event=1553 readout=608 f1far=781 f2near=1352 f2far=959
SIPM_ARRIVALS event=1860 total=208
SIPM_ADC event=1860 readout=1578 f1far=785 f2near=1040 f2far=512
SIPM_ARRIVALS event=1947 total=254
SIPM_ADC event=1947 readout=1008 f1far=668 f2near=1349 f2far=947
SIPM_ARRIVALS event=1641 total=209
SIPM_ADC event=1641 readout=821 f1far=945 f2near=705 f2far=760
SIPM_ARRIVALS event=1421 total=237
SIPM_ADC event=1421 readout=777 f1far=921 f2near=1167 f2far=703
SIPM_ARRIVALS event=1817 total=289
SIPM_ADC event=1817 readout=1227 f1far=1357 f2near=1225 f2far=1429
SIPM_ARRIVALS event=1685 total=269
SIPM_ADC event=1685 readout=1175 f1far=945 f2near=1018 f2far=747
SIPM_ARRIVALS event=1465 total=290
SIPM_ADC event=1465 readout=1662 f1far=1225 f2near=1163 f2far=853
SIPM_ARRIVALS event=1510 total=247
SIPM_ADC event=1510 readout=1017 f1far=1274 f2near=675 f2far=871
SIPM_ARRIVALS event=1992 total=265
SIPM_ADC event=1992 readout=727 f1far=1489 f2near=750 f2far=820
SIPM_ARRIVALS event=1730 total=287
SIPM_ADC event=1730 readout=1298 f1far=872 f2near=2072 f2far=978
SIPM_ARRIVALS event=1554 total=278
SIPM_ADC event=1554 readout=2032 f1far=855 f2near=1734 f2far=556
SIPM_ARRIVALS event=1598 total=259
SIPM_ADC event=1598 readout=1293 f1far=1768 f2near=882 f2far=1769
SIPM_ARRIVALS event=1905 total=257
SIPM_ADC event=1905 readout=1048 f1far=1130 f2near=972 f2far=1347
SIPM_ARRIVALS event=1773 total=235
SIPM_ADC event=1773 readout=639 f1far=764 f2near=1178 f2far=1462
SIPM_ARRIVALS event=1861 total=313
SIPM_ADC event=1861 readout=1658 f1far=816 f2near=1384 f2far=1117
SIPM_ARRIVALS event=1948 total=278
SIPM_ADC event=1948 readout=1629 f1far=957 f2near=1013 f2far=1095
SIPM_ARRIVALS event=1642 total=274
SIPM_ADC event=1642 readout=1210 f1far=747 f2near=1206 f2far=941
SIPM_ARRIVALS event=1422 total=282
SIPM_ADC event=1422 readout=1498 f1far=998 f2near=1675 f2far=1028
SIPM_ARRIVALS event=1686 total=311
SIPM_ADC event=1686 readout=719 f1far=1887 f2near=650 f2far=2117
SIPM_ARRIVALS event=1818 total=253
SIPM_ADC event=1818 readout=588 f1far=1364 f2near=1144 f2far=1169
SIPM_ARRIVALS event=1466 total=257
SIPM_ADC event=1466 readout=997 f1far=1492 f2near=1336 f2far=1175
SIPM_ARRIVALS event=1511 total=242
SIPM_ADC event=1511 readout=835 f1far=920 f2near=762 f2far=1249
SIPM_ARRIVALS event=1993 total=258
SIPM_ADC event=1993 readout=1257 f1far=1396 f2near=864 f2far=1088
SIPM_ARRIVALS event=1555 total=281
SIPM_ADC event=1555 readout=477 f1far=2348 f2near=817 f2far=1546
SIPM_ARRIVALS event=1731 total=243
SIPM_ADC event=1731 readout=1338 f1far=1005 f2near=708 f2far=1226
SIPM_ARRIVALS event=1906 total=261
SIPM_ADC event=1906 readout=635 f1far=731 f2near=1003 f2far=972
SIPM_ARRIVALS event=1774 total=306
SIPM_ADC event=1774 readout=870 f1far=1430 f2near=866 f2far=1567
SIPM_ARRIVALS event=1599 total=253
SIPM_ADC event=1599 readout=905 f1far=1158 f2near=759 f2far=1143
SIPM_ARRIVALS event=1643 total=295
SIPM_ARRIVALS event=1862 total=260
SIPM_ADC event=1643 readout=1659 f1far=997 f2near=1647 f2far=679
SIPM_ADC event=1862 readout=824 f1far=1028 f2near=850 f2far=1339
SIPM_ARRIVALS event=1423 total=266
SIPM_ADC event=1423 readout=864 f1far=1072 f2near=915 f2far=825
SIPM_ARRIVALS event=1949 total=281
SIPM_ADC event=1949 readout=972 f1far=1677 f2near=727 f2far=1895
SIPM_ARRIVALS event=1687 total=297
SIPM_ADC event=1687 readout=1287 f1far=1620 f2near=679 f2far=1840
SIPM_ARRIVALS event=1819 total=293
SIPM_ADC event=1819 readout=1813 f1far=1156 f2near=1980 f2far=1160
SIPM_ARRIVALS event=1467 total=269
SIPM_ADC event=1467 readout=1027 f1far=1089 f2near=1157 f2far=1421
SIPM_ARRIVALS event=1512 total=271
SIPM_ADC event=1512 readout=602 f1far=1415 f2near=995 f2far=1099
SIPM_ARRIVALS event=1556 total=274
SIPM_ADC event=1556 readout=938 f1far=1685 f2near=554 f2far=1634
SIPM_ARRIVALS event=1994 total=239
SIPM_ADC event=1994 readout=411 f1far=794 f2near=630 f2far=1067
SIPM_ARRIVALS event=1732 total=269
SIPM_ADC event=1732 readout=1184 f1far=851 f2near=976 f2far=1455
SIPM_ARRIVALS event=1775 total=235
SIPM_ADC event=1775 readout=936 f1far=1001 f2near=1311 f2far=1852
SIPM_ARRIVALS event=1600 total=279
SIPM_ADC event=1600 readout=1211 f1far=1116 f2near=827 f2far=1363
SIPM_ARRIVALS event=1907 total=243
SIPM_ADC event=1907 readout=601 f1far=1096 f2near=1178 f2far=735
SIPM_ARRIVALS event=1863 total=279
SIPM_ADC event=1863 readout=1074 f1far=471 f2near=1612 f2far=1058
SIPM_ARRIVALS event=1424 total=289
SIPM_ADC event=1424 readout=883 f1far=1246 f2near=822 f2far=1399
SIPM_ARRIVALS event=1644 total=263
SIPM_ADC event=1644 readout=1134 f1far=961 f2near=874 f2far=820
SIPM_ARRIVALS event=1950 total=280
SIPM_ADC event=1950 readout=997 f1far=984 f2near=1047 f2far=1153
SIPM_ARRIVALS event=1688 total=229
SIPM_ADC event=1688 readout=931 f1far=1296 f2near=722 f2far=887
SIPM_ARRIVALS event=1820 total=292
SIPM_ADC event=1820 readout=1342 f1far=1348 f2near=1555 f2far=1619
SIPM_ARRIVALS event=1468 total=304
SIPM_ADC event=1468 readout=1081 f1far=1979 f2near=753 f2far=1336
SIPM_ARRIVALS event=1513 total=276
SIPM_ADC event=1513 readout=1995 f1far=1250 f2near=1561 f2far=856
SIPM_ARRIVALS event=1557 total=279
SIPM_ADC event=1557 readout=1309 f1far=1265 f2near=1216 f2far=696
SIPM_ARRIVALS event=1733 total=286
SIPM_ADC event=1733 readout=984 f1far=1789 f2near=818 f2far=1306
SIPM_ARRIVALS event=1995 total=262
SIPM_ADC event=1995 readout=1494 f1far=949 f2near=1389 f2far=694
SIPM_ARRIVALS event=1776 total=275
SIPM_ADC event=1776 readout=1075 f1far=1000 f2near=1268 f2far=1861
SIPM_ARRIVALS event=1645 total=255
SIPM_ADC event=1645 readout=1656 f1far=497 f2near=1881 f2far=1113
SIPM_ARRIVALS event=1908 total=274
SIPM_ADC event=1908 readout=678 f1far=2163 f2near=1246 f2far=1983
SIPM_ARRIVALS event=1425 total=257
SIPM_ADC event=1425 readout=1507 f1far=545 f2near=837 f2far=733
SIPM_ARRIVALS event=1864 total=273
SIPM_ADC event=1864 readout=1132 f1far=878 f2near=1234 f2far=1645
SIPM_ARRIVALS event=1601 total=262
SIPM_ADC event=1601 readout=801 f1far=938 f2near=1100 f2far=1345
SIPM_ARRIVALS event=1951 total=258
SIPM_ADC event=1951 readout=543 f1far=1228 f2near=701 f2far=2012
SIPM_ARRIVALS event=1689 total=268
SIPM_ADC event=1689 readout=1376 f1far=499 f2near=1892 f2far=859
SIPM_ARRIVALS event=1821 total=248
SIPM_ADC event=1821 readout=838 f1far=1329 f2near=744 f2far=1346
SIPM_ARRIVALS event=1469 total=290
SIPM_ADC event=1469 readout=1404 f1far=1117 f2near=1393 f2far=996
SIPM_ARRIVALS event=1514 total=236
SIPM_ADC event=1514 readout=1965 f1far=973 f2near=692 f2far=718
SIPM_ARRIVALS event=1734 total=237
SIPM_ADC event=1734 readout=1552 f1far=1360 f2near=915 f2far=848
SIPM_ARRIVALS event=1777 total=244
SIPM_ADC event=1777 readout=1071 f1far=862 f2near=1529 f2far=563
SIPM_ARRIVALS event=1996 total=276
SIPM_ADC event=1996 readout=2240 f1far=1661 f2near=1150 f2far=986
SIPM_ARRIVALS event=1558 total=289
SIPM_ADC event=1558 readout=910 f1far=582 f2near=1143 f2far=1408
SIPM_ARRIVALS event=1865 total=246
SIPM_ADC event=1865 readout=1050 f1far=1361 f2near=810 f2far=1006
SIPM_ARRIVALS event=1646 total=262
SIPM_ADC event=1646 readout=637 f1far=1791 f2near=1060 f2far=978
SIPM_ARRIVALS event=1426 total=259
SIPM_ADC event=1426 readout=2052 f1far=587 f2near=1768 f2far=653
SIPM_ARRIVALS event=1909 total=284
SIPM_ADC event=1909 readout=1339 f1far=1163 f2near=857 f2far=1126
SIPM_ARRIVALS event=1602 total=280
SIPM_ADC event=1602 readout=1420 f1far=1074 f2near=1638 f2far=930
SIPM_ARRIVALS event=1822 total=270
SIPM_ADC event=1822 readout=1276 f1far=859 f2near=1393 f2far=628
SIPM_ARRIVALS event=1690 total=232
SIPM_ADC event=1690 readout=848 f1far=374 f2near=1089 f2far=1315
SIPM_ARRIVALS event=1952 total=276
SIPM_ADC event=1952 readout=861 f1far=1265 f2near=686 f2far=1608
SIPM_ARRIVALS event=1470 total=247
SIPM_ADC event=1470 readout=1270 f1far=1135 f2near=1034 f2far=662
SIPM_ARRIVALS event=1515 total=276
SIPM_ADC event=1515 readout=749 f1far=1104 f2near=837 f2far=1721
SIPM_ARRIVALS event=1735 total=237
SIPM_ADC event=1735 readout=1223 f1far=897 f2near=1040 f2far=745
SIPM_ARRIVALS event=1778 total=287
SIPM_ADC event=1778 readout=1183 f1far=1817 f2near=830 f2far=1043
SIPM_ARRIVALS event=1559 total=292
SIPM_ADC event=1559 readout=650 f1far=972 f2near=1262 f2far=1156
SIPM_ARRIVALS event=1866 total=246
SIPM_ADC event=1866 readout=813 f1far=825 f2near=977 f2far=1099
SIPM_ARRIVALS event=1647 total=272
SIPM_ADC event=1647 readout=1093 f1far=921 f2near=1080 f2far=1108
SIPM_ARRIVALS event=1997 total=282
SIPM_ADC event=1997 readout=835 f1far=1460 f2near=1243 f2far=1409
SIPM_ARRIVALS event=1427 total=290
SIPM_ADC event=1427 readout=1344 f1far=1362 f2near=982 f2far=1899
SIPM_ARRIVALS event=1823 total=244
SIPM_ADC event=1823 readout=923 f1far=1291 f2near=746 f2far=821
SIPM_ARRIVALS event=1910 total=278
SIPM_ADC event=1910 readout=1631 f1far=1003 f2near=1216 f2far=586
SIPM_ARRIVALS event=1603 total=263
SIPM_ADC event=1603 readout=1479 f1far=932 f2near=1048 f2far=904
SIPM_ARRIVALS event=1953 total=303
SIPM_ADC event=1953 readout=723 f1far=1858 f2near=1245 f2far=1788
SIPM_ARRIVALS event=1691 total=252
SIPM_ADC event=1691 readout=1510 f1far=706 f2near=854 f2far=770
SIPM_ARRIVALS event=1471 total=240
SIPM_ADC event=1471 readout=765 f1far=1016 f2near=777 f2far=1082
SIPM_ARRIVALS event=1516 total=258
SIPM_ADC event=1516 readout=1120 f1far=1548 f2near=573 f2far=774
SIPM_ARRIVALS event=1736 total=251
SIPM_ADC event=1736 readout=710 f1far=1483 f2near=1183 f2far=1364
SIPM_ARRIVALS event=1779 total=268
SIPM_ADC event=1779 readout=1370 f1far=854 f2near=882 f2far=634
SIPM_ARRIVALS event=1867 total=265
SIPM_ADC event=1867 readout=1245 f1far=677 f2near=1590 f2far=1256
SIPM_ARRIVALS event=1560 total=274
SIPM_ADC event=1560 readout=1785 f1far=1104 f2near=1092 f2far=1365
SIPM_ARRIVALS event=1998 total=233
SIPM_ADC event=1998 readout=812 f1far=789 f2near=683 f2far=1118
SIPM_ARRIVALS event=1648 total=297
SIPM_ADC event=1648 readout=2036 f1far=1157 f2near=1302 f2far=1259
SIPM_ARRIVALS event=1604 total=234
SIPM_ADC event=1604 readout=1026 f1far=636 f2near=1122 f2far=1026
SIPM_ARRIVALS event=1428 total=265
SIPM_ADC event=1428 readout=784 f1far=826 f2near=1515 f2far=1368
SIPM_ARRIVALS event=1911 total=268
SIPM_ADC event=1911 readout=1252 f1far=1089 f2near=1176 f2far=1170
SIPM_ARRIVALS event=1824 total=284
SIPM_ADC event=1824 readout=1380 f1far=1989 f2near=557 f2far=1118
SIPM_ARRIVALS event=1692 total=297
SIPM_ADC event=1692 readout=1952 f1far=1396 f2near=1220 f2far=1388
SIPM_ARRIVALS event=1954 total=271
SIPM_ADC event=1954 readout=1145 f1far=1010 f2near=1444 f2far=1061
SIPM_ARRIVALS event=1517 total=260
SIPM_ADC event=1517 readout=989 f1far=1064 f2near=1660 f2far=449
SIPM_ARRIVALS event=1472 total=259
SIPM_ADC event=1472 readout=1258 f1far=1137 f2near=1437 f2far=805
SIPM_ARRIVALS event=1737 total=238
SIPM_ADC event=1737 readout=857 f1far=1115 f2near=1032 f2far=1475
SIPM_ARRIVALS event=1780 total=276
SIPM_ADC event=1780 readout=879 f1far=584 f2near=2266 f2far=801
SIPM_ARRIVALS event=1999 total=268
SIPM_ADC event=1999 readout=805 f1far=1195 f2near=1391 f2far=1417
SIPM_ARRIVALS event=1868 total=274
SIPM_ADC event=1868 readout=997 f1far=888 f2near=1448 f2far=953
SIPM_ARRIVALS event=1561 total=246
SIPM_ADC event=1561 readout=1041 f1far=1084 f2near=1003 f2far=1441
SIPM_ARRIVALS event=1605 total=243
SIPM_ADC event=1605 readout=1146 f1far=557 f2near=1466 f2far=841
SIPM_ARRIVALS event=1649 total=278
SIPM_ADC event=1649 readout=1317 f1far=1319 f2near=1087 f2far=1089
SIPM_ARRIVALS event=1429 total=288
SIPM_ADC event=1429 readout=1760 f1far=1009 f2near=1565 f2far=911
SIPM_ARRIVALS event=1912 total=227
SIPM_ADC event=1912 readout=1526 f1far=960 f2near=844 f2far=1048
SIPM_ARRIVALS event=1693 total=246
SIPM_ADC event=1693 readout=1086 f1far=994 f2near=509 f2far=1606
SIPM_ARRIVALS event=1955 total=247
SIPM_ADC event=1955 readout=1126 f1far=451 f2near=1593 f2far=900
SIPM_ARRIVALS event=1825 total=282
SIPM_ADC event=1825 readout=853 f1far=2476 f2near=830 f2far=1953
SIPM_ARRIVALS event=1518 total=246
SIPM_ADC event=1518 readout=1944 f1far=732 f2near=1140 f2far=781
SIPM_ARRIVALS event=1473 total=270
SIPM_ADC event=1473 readout=1202 f1far=1312 f2near=913 f2far=782
SIPM_ARRIVALS event=1738 total=252
SIPM_ADC event=1738 readout=630 f1far=964 f2near=777 f2far=1055
SIPM_ARRIVALS event=1781 total=274
SIPM_ADC event=1781 readout=914 f1far=869 f2near=1545 f2far=1016
SIPM_ARRIVALS event=1869 total=285
SIPM_ADC event=1869 readout=1748 f1far=1303 f2near=971 f2far=1898
SIPM_ARRIVALS event=1562 total=253
SIPM_ADC event=1562 readout=810 f1far=698 f2near=1648 f2far=685
SIPM_ARRIVALS event=1430 total=240
SIPM_ADC event=1430 readout=1204 f1far=1686 f2near=567 f2far=1214
SIPM_ARRIVALS event=1650 total=276
SIPM_ADC event=1650 readout=1359 f1far=507 f2near=1350 f2far=1248
SIPM_ARRIVALS event=1694 total=270
SIPM_ADC event=1694 readout=1253 f1far=1207 f2near=576 f2far=949
SIPM_ARRIVALS event=1606 total=264
SIPM_ADC event=1606 readout=1133 f1far=1507 f2near=1232 f2far=1579
SIPM_ARRIVALS event=1913 total=245
SIPM_ADC event=1913 readout=458 f1far=1022 f2near=1304 f2far=1105
SIPM_ARRIVALS event=1956 total=294
SIPM_ADC event=1956 readout=1176 f1far=947 f2near=1825 f2far=1009
SIPM_ARRIVALS event=1474 total=312
SIPM_ADC event=1474 readout=1215 f1far=1063 f2near=1846 f2far=967
SIPM_ARRIVALS event=1826 total=246
SIPM_ADC event=1826 readout=1012 f1far=840 f2near=1176 f2far=1055
SIPM_ARRIVALS event=1519 total=272
SIPM_ADC event=1519 readout=1403 f1far=981 f2near=1318 f2far=679
SIPM_ARRIVALS event=1739 total=265
SIPM_ADC event=1739 readout=1333 f1far=1032 f2near=604 f2far=1105
SIPM_ARRIVALS event=1870 total=262
SIPM_ADC event=1870 readout=1045 f1far=1059 f2near=2232 f2far=1283
SIPM_ARRIVALS event=1563 total=268
SIPM_ADC event=1563 readout=1034 f1far=1415 f2near=651 f2far=1045
SIPM_ARRIVALS event=1782 total=288
SIPM_ADC event=1782 readout=1171 f1far=1270 f2near=756 f2far=1285
SIPM_ARRIVALS event=1431 total=268
SIPM_ADC event=1431 readout=1542 f1far=751 f2near=1131 f2far=952
SIPM_ARRIVALS event=1914 total=265
SIPM_ADC event=1914 readout=882 f1far=855 f2near=1825 f2far=1364
SIPM_ARRIVALS event=1651 total=296
SIPM_ADC event=1651 readout=971 f1far=1602 f2near=1286 f2far=1836
SIPM_ARRIVALS event=1695 total=242
SIPM_ADC event=1695 readout=901 f1far=991 f2near=1112 f2far=867
SIPM_ARRIVALS event=1957 total=271
SIPM_ADC event=1957 readout=1774 f1far=768 f2near=1349 f2far=528
SIPM_ARRIVALS event=1607 total=275
SIPM_ADC event=1607 readout=954 f1far=1102 f2near=1036 f2far=942
SIPM_ARRIVALS event=1475 total=252
SIPM_ADC event=1475 readout=819 f1far=1137 f2near=1279 f2far=923
SIPM_ARRIVALS event=1520 total=252
SIPM_ADC event=1520 readout=951 f1far=1034 f2near=817 f2far=991
SIPM_ARRIVALS event=1827 total=272
SIPM_ADC event=1827 readout=991 f1far=783 f2near=1553 f2far=820
SIPM_ARRIVALS event=1740 total=253
SIPM_ADC event=1740 readout=991 f1far=1318 f2near=836 f2far=1124
SIPM_ARRIVALS event=1783 total=264
SIPM_ADC event=1783 readout=939 f1far=894 f2near=1204 f2far=1433
SIPM_ARRIVALS event=1564 total=280
SIPM_ADC event=1564 readout=872 f1far=854 f2near=1100 f2far=1098
SIPM_ARRIVALS event=1871 total=263
SIPM_ADC event=1871 readout=1092 f1far=574 f2near=852 f2far=1087
SIPM_ARRIVALS event=1915 total=261
SIPM_ADC event=1915 readout=971 f1far=963 f2near=921 f2far=1048
SIPM_ARRIVALS event=1432 total=230
SIPM_ADC event=1432 readout=791 f1far=847 f2near=1668 f2far=947
SIPM_ARRIVALS event=1652 total=253
SIPM_ADC event=1652 readout=1061 f1far=1036 f2near=822 f2far=800
SIPM_ARRIVALS event=1608 total=291
SIPM_ADC event=1608 readout=1932 f1far=1077 f2near=1721 f2far=992
SIPM_ARRIVALS event=1696 total=261
SIPM_ADC event=1696 readout=1409 f1far=874 f2near=1374 f2far=933
SIPM_ARRIVALS event=1958 total=308
SIPM_ADC event=1958 readout=976 f1far=1183 f2near=1187 f2far=2092
SIPM_ARRIVALS event=1476 total=242
SIPM_ADC event=1476 readout=1015 f1far=946 f2near=942 f2far=994
SIPM_ARRIVALS event=1828 total=232
SIPM_ADC event=1828 readout=387 f1far=692 f2near=949 f2far=1058
SIPM_ARRIVALS event=1521 total=279
SIPM_ADC event=1521 readout=871 f1far=416 f2near=1694 f2far=1105
SIPM_ARRIVALS event=1741 total=268
SIPM_ADC event=1741 readout=1252 f1far=1913 f2near=713 f2far=1114
SIPM_ARRIVALS event=1565 total=266
SIPM_ADC event=1565 readout=1870 f1far=1046 f2near=912 f2far=577
SIPM_ARRIVALS event=1784 total=233
SIPM_ADC event=1784 readout=638 f1far=768 f2near=1275 f2far=747
SIPM_ARRIVALS event=1872 total=257
SIPM_ADC event=1872 readout=862 f1far=1318 f2near=1754 f2far=1242
SIPM_ARRIVALS event=1433 total=270
SIPM_ADC event=1433 readout=1238 f1far=922 f2near=1225 f2far=1049
SIPM_ARRIVALS event=1916 total=261
SIPM_ADC event=1916 readout=1314 f1far=1129 f2near=798 f2far=946
SIPM_ARRIVALS event=1697 total=231
SIPM_ADC event=1697 readout=1074 f1far=815 f2near=861 f2far=814
SIPM_ARRIVALS event=1959 total=297
SIPM_ADC event=1959 readout=1472 f1far=962 f2near=1645 f2far=1147
SIPM_ARRIVALS event=1609 total=246
SIPM_ADC event=1609 readout=978 f1far=1040 f2near=1145 f2far=969
SIPM_ARRIVALS event=1653 total=279
SIPM_ADC event=1653 readout=944 f1far=939 f2near=1546 f2far=1260
SIPM_ARRIVALS event=1477 total=276
SIPM_ADC event=1477 readout=808 f1far=1185 f2near=676 f2far=1646
SIPM_ARRIVALS event=1829 total=239
SIPM_ADC event=1829 readout=1135 f1far=1237 f2near=772 f2far=1244
SIPM_ARRIVALS event=1522 total=258
SIPM_ADC event=1522 readout=1246 f1far=838 f2near=1013 f2far=890
SIPM_ARRIVALS event=1742 total=246
SIPM_ADC event=1742 readout=1317 f1far=746 f2near=1687 f2far=2266
SIPM_ARRIVALS event=1566 total=254
SIPM_ADC event=1566 readout=670 f1far=1434 f2near=541 f2far=1992
SIPM_ARRIVALS event=1873 total=248
SIPM_ADC event=1873 readout=1445 f1far=950 f2near=866 f2far=1737
SIPM_ARRIVALS event=1785 total=315
SIPM_ADC event=1785 readout=1147 f1far=1612 f2near=1350 f2far=1795
SIPM_ARRIVALS event=1434 total=260
SIPM_ADC event=1434 readout=1243 f1far=968 f2near=1338 f2far=595
SIPM_ARRIVALS event=1917 total=254
SIPM_ADC event=1917 readout=878 f1far=674 f2near=1267 f2far=1484
SIPM_ARRIVALS event=1698 total=268
SIPM_ADC event=1698 readout=1302 f1far=1359 f2near=606 f2far=1055
SIPM_ARRIVALS event=1610 total=227
SIPM_ADC event=1610 readout=522 f1far=1017 f2near=1284 f2far=1474
SIPM_ARRIVALS event=1960 total=245
SIPM_ADC event=1960 readout=1029 f1far=944 f2near=799 f2far=869
SIPM_ARRIVALS event=1523 total=306
SIPM_ADC event=1523 readout=903 f1far=1379 f2near=1489 f2far=1682
SIPM_ARRIVALS event=1830 total=265
SIPM_ADC event=1830 readout=1505 f1far=553 f2near=1845 f2far=1160
SIPM_ARRIVALS event=1654 total=282
SIPM_ADC event=1654 readout=1378 f1far=1175 f2near=783 f2far=1531
SIPM_ARRIVALS event=1478 total=259
SIPM_ADC event=1478 readout=1057 f1far=998 f2near=550 f2far=988
SIPM_ARRIVALS event=1743 total=244
SIPM_ADC event=1743 readout=1425 f1far=1534 f2near=802 f2far=910
SIPM_ARRIVALS event=1567 total=263
SIPM_ADC event=1567 readout=944 f1far=952 f2near=999 f2far=717
SIPM_ARRIVALS event=1786 total=267
SIPM_ADC event=1786 readout=842 f1far=790 f2near=1322 f2far=1392
SIPM_ARRIVALS event=1874 total=284
SIPM_ADC event=1874 readout=1102 f1far=1072 f2near=1131 f2far=1600
SIPM_ARRIVALS event=1918 total=268
SIPM_ADC event=1918 readout=1040 f1far=810 f2near=1263 f2far=1101
SIPM_ARRIVALS event=1435 total=306
SIPM_ADC event=1435 readout=1192 f1far=1365 f2near=755 f2far=1169
SIPM_ARRIVALS event=1611 total=251
SIPM_ADC event=1611 readout=1424 f1far=1329 f2near=1209 f2far=982
SIPM_ARRIVALS event=1699 total=273
SIPM_ADC event=1699 readout=749 f1far=1410 f2near=817 f2far=995
SIPM_ARRIVALS event=1961 total=263
SIPM_ADC event=1961 readout=1254 f1far=1168 f2near=1065 f2far=1175
SIPM_ARRIVALS event=1524 total=242
SIPM_ADC event=1524 readout=674 f1far=1546 f2near=1468 f2far=993
SIPM_ARRIVALS event=1831 total=285
SIPM_ADC event=1831 readout=527 f1far=1020 f2near=1829 f2far=1245
SIPM_ARRIVALS event=1655 total=255
SIPM_ADC event=1655 readout=600 f1far=1572 f2near=568 f2far=1072
SIPM_ARRIVALS event=1479 total=247
SIPM_ADC event=1479 readout=1082 f1far=1379 f2near=1206 f2far=1270
SIPM_ARRIVALS event=1744 total=231
SIPM_ADC event=1744 readout=863 f1far=945 f2near=721 f2far=1029
SIPM_ARRIVALS event=1787 total=265
SIPM_ADC event=1787 readout=1115 f1far=1326 f2near=704 f2far=1719
SIPM_ARRIVALS event=1568 total=307
SIPM_ADC event=1568 readout=526 f1far=2152 f2near=1317 f2far=1215
SIPM_ARRIVALS event=1875 total=249
SIPM_ADC event=1875 readout=838 f1far=1175 f2near=1036 f2far=1043
SIPM_ARRIVALS event=1919 total=237
SIPM_ADC event=1919 readout=1427 f1far=1043 f2near=1162 f2far=861
SIPM_ARRIVALS event=1436 total=254
SIPM_ADC event=1436 readout=1655 f1far=1324 f2near=810 f2far=887
SIPM_ARRIVALS event=1612 total=299
SIPM_ADC event=1612 readout=1301 f1far=1317 f2near=644 f2far=1267
SIPM_ARRIVALS event=1656 total=272
SIPM_ADC event=1656 readout=1339 f1far=1705 f2near=1011 f2far=1175
SIPM_ARRIVALS event=1525 total=260
SIPM_ADC event=1525 readout=905 f1far=1087 f2near=458 f2far=1120
SIPM_ARRIVALS event=1700 total=242
SIPM_ADC event=1700 readout=1022 f1far=1260 f2near=850 f2far=665
SIPM_ARRIVALS event=1832 total=280
SIPM_ADC event=1832 readout=1611 f1far=600 f2near=1166 f2far=1262
SIPM_ARRIVALS event=1962 total=301
SIPM_ADC event=1962 readout=1511 f1far=1219 f2near=956 f2far=917
SIPM_ARRIVALS event=1480 total=288
SIPM_ADC event=1480 readout=1764 f1far=836 f2near=1129 f2far=1015
SIPM_ARRIVALS event=1745 total=278
SIPM_ADC event=1745 readout=624 f1far=1600 f2near=848 f2far=1106
SIPM_ARRIVALS event=1788 total=254
SIPM_ADC event=1788 readout=706 f1far=1549 f2near=890 f2far=1835
SIPM_ARRIVALS event=1569 total=285
SIPM_ADC event=1569 readout=1597 f1far=824 f2near=1353 f2far=883
SIPM_ARRIVALS event=1920 total=278
SIPM_ADC event=1920 readout=1148 f1far=905 f2near=1441 f2far=931
SIPM_ARRIVALS event=1876 total=258
SIPM_ADC event=1876 readout=1115 f1far=914 f2near=1414 f2far=1021
SIPM_ARRIVALS event=1437 total=275
SIPM_ADC event=1437 readout=891 f1far=1107 f2near=1130 f2far=1712
SIPM_ARRIVALS event=1526 total=240
SIPM_ADC event=1526 readout=832 f1far=649 f2near=1361 f2far=989
SIPM_ARRIVALS event=1613 total=285
SIPM_ADC event=1613 readout=797 f1far=1691 f2near=832 f2far=2257
SIPM_ARRIVALS event=1701 total=248
SIPM_ADC event=1701 readout=1206 f1far=769 f2near=1600 f2far=724
SIPM_ARRIVALS event=1657 total=286
SIPM_ADC event=1657 readout=811 f1far=1247 f2near=954 f2far=1431
SIPM_ARRIVALS event=1746 total=266
SIPM_ADC event=1746 readout=682 f1far=1229 f2near=1380 f2far=1662
SIPM_ARRIVALS event=1963 total=292
SIPM_ADC event=1963 readout=2322 f1far=734 f2near=1469 f2far=820
SIPM_ARRIVALS event=1833 total=263
SIPM_ADC event=1833 readout=1173 f1far=1077 f2near=1253 f2far=880
SIPM_ARRIVALS event=1481 total=259
SIPM_ADC event=1481 readout=1017 f1far=1251 f2near=698 f2far=937
SIPM_ARRIVALS event=1789 total=277
SIPM_ADC event=1789 readout=1031 f1far=868 f2near=1419 f2far=544
SIPM_ARRIVALS event=1570 total=249
SIPM_ADC event=1570 readout=752 f1far=491 f2near=1087 f2far=992
SIPM_ARRIVALS event=1921 total=274
SIPM_ADC event=1921 readout=1746 f1far=1444 f2near=993 f2far=1170
SIPM_ARRIVALS event=1877 total=249
SIPM_ADC event=1877 readout=641 f1far=1724 f2near=1004 f2far=1171
SIPM_ARRIVALS event=1438 total=266
SIPM_ADC event=1438 readout=1320 f1far=1223 f2near=914 f2far=1024
SIPM_ARRIVALS event=1527 total=275
SIPM_ADC event=1527 readout=742 f1far=1320 f2near=991 f2far=2153
SIPM_ARRIVALS event=1702 total=263
SIPM_ADC event=1702 readout=1336 f1far=857 f2near=1491 f2far=1032
SIPM_ARRIVALS event=1614 total=276
SIPM_ADC event=1614 readout=1017 f1far=712 f2near=1398 f2far=635
SIPM_ARRIVALS event=1834 total=276
SIPM_ADC event=1834 readout=730 f1far=832 f2near=1114 f2far=1371
SIPM_ARRIVALS event=1658 total=301
SIPM_ADC event=1658 readout=765 f1far=1719 f2near=1782 f2far=1358
SIPM_ARRIVALS event=1747 total=274
SIPM_ADC event=1747 readout=1037 f1far=810 f2near=1477 f2far=877
SIPM_ARRIVALS event=1964 total=276
SIPM_ADC event=1964 readout=1209 f1far=768 f2near=1146 f2far=804
SIPM_ARRIVALS event=1482 total=259
SIPM_ADC event=1482 readout=940 f1far=1828 f2near=883 f2far=765
SIPM_ARRIVALS event=1790 total=310
SIPM_ADC event=1790 readout=1428 f1far=1160 f2near=1185 f2far=1335
SIPM_ARRIVALS event=1571 total=282
SIPM_ADC event=1571 readout=1224 f1far=1246 f2near=1215 f2far=865
SIPM_ARRIVALS event=1439 total=230
SIPM_ADC event=1439 readout=1160 f1far=1149 f2near=790 f2far=984
SIPM_ARRIVALS event=1922 total=254
SIPM_ADC event=1922 readout=2107 f1far=583 f2near=682 f2far=633
SIPM_ARRIVALS event=1528 total=247
SIPM_ADC event=1528 readout=1442 f1far=964 f2near=1481 f2far=620
SIPM_ARRIVALS event=1878 total=275
SIPM_ADC event=1878 readout=690 f1far=1137 f2near=1108 f2far=1139
SIPM_ARRIVALS event=1615 total=257
SIPM_ADC event=1615 readout=722 f1far=1191 f2near=847 f2far=1337
SIPM_ARRIVALS event=1703 total=275
SIPM_ADC event=1703 readout=1472 f1far=1159 f2near=680 f2far=1350
SIPM_ARRIVALS event=1835 total=237
SIPM_ADC event=1835 readout=1085 f1far=624 f2near=1235 f2far=1230
SIPM_ARRIVALS event=1659 total=252
SIPM_ADC event=1659 readout=1405 f1far=1182 f2near=1017 f2far=413
SIPM_ARRIVALS event=1965 total=236
SIPM_ADC event=1965 readout=940 f1far=870 f2near=931 f2far=1386
SIPM_ARRIVALS event=1748 total=279
SIPM_ADC event=1748 readout=787 f1far=766 f2near=1172 f2far=1437
SIPM_ARRIVALS event=1483 total=256
SIPM_ADC event=1483 readout=1258 f1far=987 f2near=1313 f2far=425
SIPM_ARRIVALS event=1791 total=249
SIPM_ADC event=1791 readout=1421 f1far=902 f2near=562 f2far=1066
SIPM_ARRIVALS event=1440 total=255
SIPM_ADC event=1440 readout=1000 f1far=1109 f2near=1589 f2far=1090
SIPM_ARRIVALS event=1572 total=281
SIPM_ADC event=1572 readout=1116 f1far=1435 f2near=799 f2far=1086
SIPM_ARRIVALS event=1529 total=246
SIPM_ADC event=1529 readout=846 f1far=1305 f2near=521 f2far=1084
SIPM_ARRIVALS event=1879 total=262
SIPM_ADC event=1879 readout=976 f1far=825 f2near=989 f2far=1010
SIPM_ARRIVALS event=1923 total=283
SIPM_ADC event=1923 readout=1118 f1far=840 f2near=1136 f2far=899
SIPM_ARRIVALS event=1616 total=269
SIPM_ADC event=1616 readout=1036 f1far=1096 f2near=1042 f2far=1326
SIPM_ARRIVALS event=1704 total=261
SIPM_ADC event=1704 readout=1079 f1far=1006 f2near=1084 f2far=996
SIPM_ARRIVALS event=1836 total=302
SIPM_ADC event=1836 readout=1066 f1far=745 f2near=1850 f2far=1069
SIPM_ARRIVALS event=1660 total=262
SIPM_ADC event=1660 readout=1051 f1far=1057 f2near=612 f2far=1127
SIPM_ARRIVALS event=1484 total=249
SIPM_ADC event=1484 readout=968 f1far=740 f2near=1264 f2far=1227
SIPM_ARRIVALS event=1966 total=246
SIPM_ADC event=1966 readout=1113 f1far=1180 f2near=823 f2far=1006
SIPM_ARRIVALS event=1792 total=273
SIPM_ADC event=1792 readout=519 f1far=852 f2near=798 f2far=1480
SIPM_ARRIVALS event=1749 total=262
SIPM_ADC event=1749 readout=1004 f1far=1396 f2near=1067 f2far=1404
SIPM_ARRIVALS event=1441 total=245
SIPM_ADC event=1441 readout=960 f1far=965 f2near=692 f2far=1052
SIPM_ARRIVALS event=1573 total=289
SIPM_ADC event=1573 readout=590 f1far=1154 f2near=665 f2far=1697
SIPM_ARRIVALS event=1530 total=250
SIPM_ADC event=1530 readout=841 f1far=533 f2near=1294 f2far=1017
SIPM_ARRIVALS event=1880 total=246
SIPM_ADC event=1880 readout=1022 f1far=887 f2near=913 f2far=1071
SIPM_ARRIVALS event=1705 total=278
SIPM_ADC event=1705 readout=449 f1far=1233 f2near=1236 f2far=1437
SIPM_ARRIVALS event=1924 total=257
SIPM_ADC event=1924 readout=687 f1far=1498 f2near=1136 f2far=1184
SIPM_ARRIVALS event=1617 total=274
SIPM_ADC event=1617 readout=1650 f1far=722 f2near=1285 f2far=1180
SIPM_ARRIVALS event=1837 total=270
SIPM_ADC event=1837 readout=2005 f1far=808 f2near=1263 f2far=471
SIPM_ARRIVALS event=1661 total=266
SIPM_ADC event=1661 readout=620 f1far=1494 f2near=791 f2far=1990
SIPM_ARRIVALS event=1485 total=244
SIPM_ADC event=1485 readout=713 f1far=1414 f2near=797 f2far=1625
SIPM_ARRIVALS event=1967 total=271
SIPM_ADC event=1967 readout=1490 f1far=1999 f2near=837 f2far=950
SIPM_ARRIVALS event=1793 total=273
SIPM_ADC event=1793 readout=997 f1far=1444 f2near=578 f2far=1359
SIPM_ARRIVALS event=1750 total=273
SIPM_ADC event=1750 readout=1254 f1far=937 f2near=1092 f2far=1347
SIPM_ARRIVALS event=1442 total=278
SIPM_ADC event=1442 readout=1338 f1far=1445 f2near=604 f2far=1368
SIPM_ARRIVALS event=1574 total=263
SIPM_ADC event=1574 readout=619 f1far=1594 f2near=946 f2far=1230
SIPM_ARRIVALS event=1531 total=247
SIPM_ADC event=1531 readout=883 f1far=463 f2near=1217 f2far=1246
SIPM_ARRIVALS event=1881 total=254
SIPM_ADC event=1881 readout=1395 f1far=1126 f2near=808 f2far=1168
SIPM_ARRIVALS event=1706 total=254
SIPM_ADC event=1706 readout=1516 f1far=912 f2near=1185 f2far=994
SIPM_ARRIVALS event=1925 total=265
SIPM_ADC event=1925 readout=1310 f1far=493 f2near=1726 f2far=1440
SIPM_ARRIVALS event=1618 total=273
SIPM_ADC event=1618 readout=845 f1far=1651 f2near=1234 f2far=1058
SIPM_ARRIVALS event=1662 total=281
SIPM_ADC event=1662 readout=1021 f1far=1067 f2near=1915 f2far=1191
SIPM_ARRIVALS event=1794 total=244
SIPM_ADC event=1794 readout=1336 f1far=958 f2near=1612 f2far=451
SIPM_ARRIVALS event=1838 total=286
SIPM_ADC event=1838 readout=1202 f1far=1206 f2near=1523 f2far=879
SIPM_ARRIVALS event=1443 total=277
SIPM_ADC event=1443 readout=970 f1far=1575 f2near=1216 f2far=1253
SIPM_ARRIVALS event=1968 total=245
SIPM_ADC event=1968 readout=834 f1far=1003 f2near=1015 f2far=1346
SIPM_ARRIVALS event=1486 total=261
SIPM_ADC event=1486 readout=1463 f1far=1541 f2near=1245 f2far=1223
SIPM_ARRIVALS event=1751 total=262
SIPM_ADC event=1751 readout=672 f1far=869 f2near=1560 f2far=1997
SIPM_ARRIVALS event=1575 total=270
SIPM_ADC event=1575 readout=983 f1far=1569 f2near=1280 f2far=1635
SIPM_ARRIVALS event=1532 total=270
SIPM_ADC event=1532 readout=1274 f1far=845 f2near=1138 f2far=895
SIPM_ARRIVALS event=1707 total=254
SIPM_ADC event=1707 readout=1242 f1far=660 f2near=983 f2far=839
SIPM_ARRIVALS event=1882 total=274
SIPM_ADC event=1882 readout=1339 f1far=2351 f2near=1047 f2far=1007
SIPM_ARRIVALS event=1926 total=289
SIPM_ADC event=1926 readout=785 f1far=870 f2near=1623 f2far=1290
SIPM_ARRIVALS event=1619 total=266
SIPM_ADC event=1619 readout=1567 f1far=665 f2near=1250 f2far=1443
SIPM_ARRIVALS event=1663 total=259
SIPM_ADC event=1663 readout=1623 f1far=1426 f2near=1247 f2far=749
SIPM_ARRIVALS event=1795 total=228
SIPM_ADC event=1795 readout=765 f1far=1004 f2near=876 f2far=1145
SIPM_ARRIVALS event=1839 total=266
SIPM_ADC event=1839 readout=722 f1far=1281 f2near=1017 f2far=1271
SIPM_ARRIVALS event=1444 total=270
SIPM_ADC event=1444 readout=1384 f1far=1133 f2near=1161 f2far=425
SIPM_ARRIVALS event=1752 total=305
SIPM_ADC event=1752 readout=1516 f1far=972 f2near=1820 f2far=489
SIPM_ARRIVALS event=1969 total=231
SIPM_ADC event=1969 readout=816 f1far=1063 f2near=519 f2far=778
SIPM_ARRIVALS event=1487 total=268
SIPM_ADC event=1487 readout=942 f1far=1256 f2near=1257 f2far=999
SIPM_ARRIVALS event=1576 total=240
SIPM_ADC event=1576 readout=1376 f1far=961 f2near=1085 f2far=808
SIPM_ARRIVALS event=1533 total=249
SIPM_ADC event=1533 readout=1109 f1far=1390 f2near=742 f2far=671
SIPM_ARRIVALS event=1708 total=246
SIPM_ADC event=1708 readout=1384 f1far=768 f2near=1245 f2far=939
SIPM_ARRIVALS event=1927 total=228
SIPM_ADC event=1927 readout=818 f1far=1104 f2near=1293 f2far=1136
SIPM_ARRIVALS event=1620 total=252
SIPM_ADC event=1620 readout=872 f1far=1029 f2near=1156 f2far=586
SIPM_ARRIVALS event=1883 total=252
SIPM_ADC event=1883 readout=851 f1far=1093 f2near=539 f2far=1476
SIPM_ARRIVALS event=1664 total=286
SIPM_ADC event=1664 readout=899 f1far=966 f2near=866 f2far=1678
SIPM_ARRIVALS event=1840 total=279
SIPM_ADC event=1840 readout=1686 f1far=968 f2near=2089 f2far=701
SIPM_ARRIVALS event=1796 total=253
SIPM_ADC event=1796 readout=871 f1far=1107 f2near=944 f2far=779
SIPM_ARRIVALS event=1445 total=273
SIPM_ADC event=1445 readout=935 f1far=1101 f2near=1131 f2far=1559
SIPM_ARRIVALS event=1753 total=277
SIPM_ADC event=1753 readout=651 f1far=1258 f2near=1519 f2far=2020
SIPM_ARRIVALS event=1970 total=302
SIPM_ADC event=1970 readout=581 f1far=1480 f2near=1166 f2far=1673
SIPM_ARRIVALS event=1488 total=279
SIPM_ADC event=1488 readout=1031 f1far=916 f2near=1742 f2far=608
SIPM_ARRIVALS event=1577 total=277
SIPM_ADC event=1577 readout=1123 f1far=1190 f2near=711 f2far=1497
SIPM_ARRIVALS event=1534 total=268
SIPM_ADC event=1534 readout=1419 f1far=789 f2near=1397 f2far=865
SIPM_ARRIVALS event=1709 total=242
SIPM_ADC event=1709 readout=1053 f1far=1021 f2near=1806 f2far=1126
SIPM_ARRIVALS event=1621 total=254
SIPM_ADC event=1621 readout=977 f1far=1138 f2near=467 f2far=1139
SIPM_ARRIVALS event=1928 total=275
SIPM_ADC event=1928 readout=927 f1far=1160 f2near=1008 f2far=1386
SIPM_ARRIVALS event=1884 total=258
SIPM_ADC event=1884 readout=951 f1far=820 f2near=1215 f2far=1263
SIPM_ARRIVALS event=1665 total=266
SIPM_ADC event=1665 readout=976 f1far=1313 f2near=749 f2far=1208
SIPM_ARRIVALS event=1841 total=269
SIPM_ADC event=1841 readout=1510 f1far=643 f2near=1431 f2far=1208
SIPM_ARRIVALS event=1797 total=274
SIPM_ADC event=1797 readout=1665 f1far=611 f2near=891 f2far=964
SIPM_ARRIVALS event=1446 total=272
SIPM_ADC event=1446 readout=1079 f1far=702 f2near=2231 f2far=659
SIPM_ARRIVALS event=1754 total=296
SIPM_ADC event=1754 readout=1448 f1far=2232 f2near=892 f2far=1574
SIPM_ARRIVALS event=1489 total=256
SIPM_ADC event=1489 readout=980 f1far=714 f2near=1440 f2far=891
SIPM_ARRIVALS event=1971 total=259
SIPM_ADC event=1971 readout=1309 f1far=1234 f2near=1106 f2far=790
SIPM_ARRIVALS event=1578 total=251
SIPM_ADC event=1578 readout=1089 f1far=1213 f2near=1527 f2far=867
SIPM_ARRIVALS event=1535 total=274
SIPM_ADC event=1535 readout=807 f1far=906 f2near=904 f2far=796
SIPM_ARRIVALS event=1710 total=286
SIPM_ADC event=1710 readout=1677 f1far=509 f2near=1092 f2far=1157
SIPM_ARRIVALS event=1622 total=252
SIPM_ADC event=1622 readout=917 f1far=926 f2near=976 f2far=1253
SIPM_ARRIVALS event=1666 total=243
SIPM_ADC event=1666 readout=1423 f1far=1061 f2near=1066 f2far=693
SIPM_ARRIVALS event=1929 total=242
SIPM_ADC event=1929 readout=1202 f1far=1372 f2near=1057 f2far=1105
SIPM_ARRIVALS event=1842 total=269
SIPM_ADC event=1842 readout=1145 f1far=1576 f2near=1084 f2far=1229
SIPM_ARRIVALS event=1885 total=270
SIPM_ADC event=1885 readout=1072 f1far=1008 f2near=1538 f2far=1308
SIPM_ARRIVALS event=1447 total=243
SIPM_ADC event=1447 readout=1311 f1far=553 f2near=1035 f2far=582
SIPM_ARRIVALS event=1755 total=269
SIPM_ADC event=1755 readout=799 f1far=1057 f2near=827 f2far=1573
SIPM_ARRIVALS event=1798 total=266
SIPM_ADC event=1798 readout=951 f1far=1301 f2near=891 f2far=900
SIPM_ARRIVALS event=1490 total=266
SIPM_ADC event=1490 readout=1355 f1far=601 f2near=2023 f2far=910
SIPM_ARRIVALS event=1579 total=273
SIPM_ADC event=1579 readout=1707 f1far=1273 f2near=1141 f2far=423
SIPM_ARRIVALS event=1972 total=258
SIPM_ADC event=1972 readout=550 f1far=1428 f2near=1005 f2far=651
SIPM_ARRIVALS event=1536 total=260
SIPM_ADC event=1536 readout=659 f1far=1153 f2near=1531 f2far=1893
SIPM_ARRIVALS event=1711 total=280
SIPM_ADC event=1711 readout=1262 f1far=880 f2near=2059 f2far=836
SIPM_ARRIVALS event=1623 total=297
SIPM_ADC event=1623 readout=954 f1far=1389 f2near=1094 f2far=1507
SIPM_ARRIVALS event=1930 total=266
SIPM_ADC event=1930 readout=1159 f1far=1353 f2near=1509 f2far=974
SIPM_ARRIVALS event=1667 total=272
SIPM_ADC event=1667 readout=1102 f1far=896 f2near=831 f2far=997
SIPM_ARRIVALS event=1843 total=256
SIPM_ADC event=1843 readout=1096 f1far=1130 f2near=824 f2far=1087
SIPM_ARRIVALS event=1448 total=271
SIPM_ADC event=1448 readout=948 f1far=1315 f2near=903 f2far=1263
SIPM_ARRIVALS event=1886 total=233
SIPM_ADC event=1886 readout=725 f1far=758 f2near=879 f2far=1786
SIPM_ARRIVALS event=1756 total=264
SIPM_ADC event=1756 readout=1098 f1far=750 f2near=1199 f2far=442
SIPM_ARRIVALS event=1799 total=264
SIPM_ADC event=1799 readout=1618 f1far=1185 f2near=1206 f2far=652
SIPM_ARRIVALS event=1973 total=258
SIPM_ADC event=1973 readout=1463 f1far=812 f2near=930 f2far=691
SIPM_ARRIVALS event=1491 total=237
SIPM_ADC event=1491 readout=879 f1far=923 f2near=1288 f2far=1039
SIPM_ARRIVALS event=1580 total=259
SIPM_ADC event=1580 readout=1143 f1far=945 f2near=1371 f2far=693
SIPM_ARRIVALS event=1537 total=240
SIPM_ADC event=1537 readout=883 f1far=1490 f2near=646 f2far=1063
SIPM_ARRIVALS event=1712 total=253
SIPM_ADC event=1712 readout=1127 f1far=568 f2near=1692 f2far=981
SIPM_ARRIVALS event=1624 total=260
SIPM_ADC event=1624 readout=1078 f1far=1083 f2near=828 f2far=641
SIPM_ARRIVALS event=1931 total=247
SIPM_ADC event=1931 readout=958 f1far=891 f2near=1164 f2far=1129
SIPM_ARRIVALS event=1668 total=272
SIPM_ADC event=1668 readout=1089 f1far=759 f2near=1233 f2far=1137
SIPM_ARRIVALS event=1844 total=278
SIPM_ADC event=1844 readout=1932 f1far=706 f2near=1823 f2far=682
SIPM_ARRIVALS event=1449 total=279
SIPM_ADC event=1449 readout=1072 f1far=826 f2near=1826 f2far=1024
SIPM_ARRIVALS event=1887 total=257
SIPM_ADC event=1887 readout=1705 f1far=708 f2near=1259 f2far=627
SIPM_ARRIVALS event=1757 total=280
SIPM_ADC event=1757 readout=1638 f1far=1357 f2near=1447 f2far=1000
SIPM_ARRIVALS event=1492 total=250
SIPM_ADC event=1492 readout=1478 f1far=1141 f2near=916 f2far=705
SIPM_ARRIVALS event=1800 total=308
SIPM_ADC event=1800 readout=1166 f1far=1477 f2near=738 f2far=1169
SIPM_ARRIVALS event=1974 total=251
SIPM_ADC event=1974 readout=1045 f1far=1955 f2near=997 f2far=839
SIPM_ARRIVALS event=1581 total=287
SIPM_ADC event=1581 readout=1022 f1far=1742 f2near=663 f2far=1860
SIPM_ARRIVALS event=1713 total=258
SIPM_ADC event=1713 readout=1131 f1far=671 f2near=1493 f2far=643
SIPM_ARRIVALS event=1538 total=260
SIPM_ADC event=1538 readout=989 f1far=1005 f2near=1069 f2far=971
SIPM_ARRIVALS event=1625 total=292
SIPM_ADC event=1625 readout=842 f1far=1110 f2near=872 f2far=1508
SIPM_ARRIVALS event=1845 total=253
SIPM_ADC event=1845 readout=801 f1far=1166 f2near=1089 f2far=1536
SIPM_ARRIVALS event=1932 total=276
SIPM_ADC event=1932 readout=1452 f1far=1033 f2near=535 f2far=1217
SIPM_ARRIVALS event=1669 total=257
SIPM_ADC event=1669 readout=894 f1far=505 f2near=1643 f2far=1242
SIPM_ARRIVALS event=1450 total=274
SIPM_ADC event=1450 readout=1399 f1far=1016 f2near=1552 f2far=1115
SIPM_ARRIVALS event=1888 total=255
SIPM_ADC event=1888 readout=780 f1far=1751 f2near=625 f2far=1382
SIPM_ARRIVALS event=1493 total=285
SIPM_ADC event=1493 readout=1237 f1far=981 f2near=1313 f2far=1754
SIPM_ARRIVALS event=1758 total=257
SIPM_ADC event=1758 readout=826 f1far=1486 f2near=1144 f2far=1208
SIPM_ARRIVALS event=1801 total=260
SIPM_ADC event=1801 readout=847 f1far=1084 f2near=581 f2far=1126
SIPM_ARRIVALS event=1975 total=270
SIPM_ADC event=1975 readout=1437 f1far=536 f2near=1300 f2far=922
SIPM_ARRIVALS event=1582 total=243
SIPM_ADC event=1582 readout=1153 f1far=602 f2near=1524 f2far=654
SIPM_ARRIVALS event=1714 total=258
SIPM_ADC event=1714 readout=733 f1far=1568 f2near=1161 f2far=1301
SIPM_ARRIVALS event=1539 total=288
SIPM_ADC event=1539 readout=979 f1far=811 f2near=1535 f2far=924
SIPM_ARRIVALS event=1626 total=264
SIPM_ADC event=1626 readout=777 f1far=1170 f2near=694 f2far=1133
SIPM_ARRIVALS event=1451 total=231
SIPM_ADC event=1451 readout=891 f1far=1424 f2near=1261 f2far=1020
SIPM_ARRIVALS event=1846 total=281
SIPM_ADC event=1846 readout=982 f1far=1102 f2near=1176 f2far=1533
SIPM_ARRIVALS event=1933 total=251
SIPM_ADC event=1933 readout=813 f1far=1814 f2near=639 f2far=1134
SIPM_ARRIVALS event=1670 total=256
SIPM_ADC event=1670 readout=667 f1far=1414 f2near=1003 f2far=1062
SIPM_ARRIVALS event=1759 total=256
SIPM_ADC event=1759 readout=900 f1far=1430 f2near=1536 f2far=721
SIPM_ARRIVALS event=1976 total=267
SIPM_ADC event=1976 readout=638 f1far=1146 f2near=1263 f2far=1598
SIPM_ARRIVALS event=1494 total=262
SIPM_ADC event=1494 readout=1079 f1far=1002 f2near=1218 f2far=947
SIPM_ARRIVALS event=1802 total=243
SIPM_ADC event=1802 readout=1000 f1far=1072 f2near=687 f2far=1049
SIPM_ARRIVALS event=1889 total=262
SIPM_ADC event=1889 readout=997 f1far=1420 f2near=1146 f2far=1008
SIPM_ARRIVALS event=1583 total=255
SIPM_ADC event=1583 readout=563 f1far=1387 f2near=417 f2far=1355
SIPM_ARRIVALS event=1715 total=284
SIPM_ADC event=1715 readout=1531 f1far=1050 f2near=1212 f2far=1089
SIPM_ARRIVALS event=1627 total=295
SIPM_ADC event=1627 readout=1036 f1far=1022 f2near=1183 f2far=1572
SIPM_ARRIVALS event=1847 total=266
SIPM_ADC event=1847 readout=1147 f1far=986 f2near=949 f2far=810
SIPM_ARRIVALS event=1934 total=286
SIPM_ADC event=1934 readout=1005 f1far=1323 f2near=1380 f2far=971
SIPM_ARRIVALS event=1671 total=299
SIPM_ADC event=1671 readout=1027 f1far=1203 f2near=1059 f2far=910
SIPM_ARRIVALS event=1977 total=300
SIPM_ADC event=1977 readout=2159 f1far=1026 f2near=1671 f2far=1268
SIPM_ARRIVALS event=1495 total=287
SIPM_ADC event=1495 readout=895 f1far=1238 f2near=1000 f2far=1480
SIPM_ARRIVALS event=1890 total=296
SIPM_ADC event=1890 readout=1923 f1far=590 f2near=1693 f2far=932
SIPM_ARRIVALS event=1803 total=259
SIPM_ADC event=1803 readout=1470 f1far=977 f2near=1008 f2far=667
SIPM_ARRIVALS event=1978 total=241
SIPM_ADC event=1978 readout=1067 f1far=1533 f2near=726 f2far=982
SIPM_ARRIVALS event=1935 total=270
SIPM_ADC event=1935 readout=787 f1far=693 f2near=1449 f2far=1282
SIPM_ARRIVALS event=1891 total=249
SIPM_ADC event=1891 readout=1380 f1far=1229 f2near=1247 f2far=695
SIPM_ARRIVALS event=1979 total=261
SIPM_ADC event=1979 readout=1441 f1far=1058 f2near=562 f2far=1110
RUN_DONE events=2000 output=/projects/hep/fs10/shared/nnbar/billy/ccb1623_campaign/stave_proton_5MeV_A_s1623.root
     Cr_sctns:  Glauber-Gribov Nucl-nucl: 0 eV  ---> 25.6 PeV
     Cr_sctns:  Glauber-Gribov Nucl-nucl: 0 eV  ---> 25.6 PeV
     Cr_sctns:  Glauber-Gribov Nucl-nucl: 0 eV  ---> 25.6 PeV
     Cr_sctns:  Glauber-Gribov Nucl-nucl: 0 eV  ---> 25.6 PeV
     Cr_sctns:  Glauber-Gribov Nucl-nucl: 0 eV  ---> 25.6 PeV
     Cr_sctns:  Glauber-Gribov Nucl-nucl: 0 eV  ---> 25.6 PeV
     Cr_sctns:  Glauber-Gribov Nucl-nucl: 0 eV  ---> 25.6 PeV
     Cr_sctns:  Glauber-Gribov Nucl-nucl: 0 eV  ---> 25.6 PeV
     Cr_sctns:  Glauber-Gribov Nucl-nucl: 0 eV  ---> 25.6 PeV
     Cr_sctns:  Glauber-Gribov Nucl-nucl: 0 eV  ---> 25.6 PeV
     Cr_sctns:  Glauber-Gribov Nucl-nucl: 0 eV  ---> 25.6 PeV
     Cr_sctns:  Glauber-Gribov Nucl-nucl: 0 eV  ---> 25.6 PeV
     Cr_sctns:  Glauber-Gribov Nucl-nucl: 0 eV  ---> 25.6 PeV
     Cr_sctns:  Glauber-Gribov Nucl-nucl: 0 eV  ---> 25.6 PeV
     Cr_sctns:  Glauber-Gribov Nucl-nucl: 0 eV  ---> 25.6 PeV
     Cr_sctns:  Glauber-Gribov Nucl-nucl: 0 eV  ---> 25.6 PeV
CCB_STAVE_END
wrote /projects/hep/fs10/shared/nnbar/billy/ccb1623_campaign/stave_proton_5MeV_A_s1623.root (+ /projects/hep/fs10/shared/nnbar/billy/ccb1623_campaign/stave_proton_5MeV_A_s1623.root.meta.json)
