point idx=107 part=pi+ E=60 sample=B seed=1625 nev=1000 threads=16
CCB_BEAM_PREFLIGHT intersects=1 enters_neg_z=1 path_cm=2 reason=ok

**************************************************************
 Geant4 version Name: geant4-11-02-patch-02 [MT]   (21-June-2024)
  << in Multi-threaded mode >> 
                       Copyright : Geant4 Collaboration
                      References : NIM A 506 (2003), 250-303
                                 : IEEE-TNS 53 (2006), 270-278
                                 : NIM A 835 (2016), 186-225
                             WWW : http://geant4.org/
**************************************************************

CCB_STAVE_START particle=pi+ KE_MeV=60 nevents=1000 threads_requested=16 threads_effective=16 g4_force_threads=unset seed=1625 hit_x_cm=0 hit_y_cm=0 theta_deg=0 phi_deg=0 allow_miss=0 beam_profile_id=FIXED_POINT_NORMAL sample_position=0 hit_x_min_cm=0 hit_x_max_cm=0 hit_y_min_cm=0 hit_y_max_cm=0 sample_angle=0 theta_spread_deg=0 write_photon_ntuple=0 optical_max_time_ns=1000 optical_max_steps=200000 birks_kB=0.126 quenching_model_id=birks_geant4 quenching_model_status=HYPOTHESIS quenching_claims_authorized=false production_cut_mm=0.1 physics_list=QGSP_BIC neutron_timecut_policy_id=pin_qgsp_bic_default_10us neutron_time_cut_us=10 neutron_tracking_time_cut_configured=1 neutron_diagnostics=0 reflectivity_scale=1 attenuation_scale(deprecated)=1 scintillator_absorption_scale=1 y11_bulk_attenuation_scale=1 pde_scale=1 collection_efficiency=1 optical_interface_model=UNKNOWN_EXTERNAL far_end=instrumented wls_time_profile=exponential wls_fluorescence_model=geant4_default_one_secondary wls_fluorescence_yield=0.7 mode=optical optical_dir=/projects/hep/fs10/shared/nnbar/billy/ccb-wt-1623/geant4/single_stave/build/optical strict_optical=1 output=/projects/hep/fs10/shared/nnbar/billy/ccb1623_campaign/stave_piplus_60MeV_B_s1625.root gpu_optical=0 optical_out= dump_gdml=
G4PhysListFactory::GetReferencePhysList <QGSP_BIC>  EMoption= 0
<<< Geant4 Physics List simulation engine: QGSP_BIC


Checking overlaps for volume Coating:0 (G4SubtractionSolid) ... OK! 
Checking overlaps for volume Scintillator:0 (G4SubtractionSolid) ... OK! 
Checking overlaps for volume OuterClad_F1:0 (G4Tubs) ... OK! 
Checking overlaps for volume InnerClad_F1:0 (G4Tubs) ... OK! 
Checking overlaps for volume Core_F1:0 (G4Tubs) ... OK! 
Checking overlaps for volume Sensor_F1_PlusX:0 (G4Tubs) ... OK! 
Checking overlaps for volume Sensor_F1_MinusX:1 (G4Tubs) ... OK! 
Checking overlaps for volume OuterClad_F2:1 (G4Tubs) ... OK! 
Checking overlaps for volume InnerClad_F2:1 (G4Tubs) ... OK! 
Checking overlaps for volume Core_F2:1 (G4Tubs) ... OK! 
Checking overlaps for volume Sensor_F2_PlusX:2 (G4Tubs) ... OK! 
Checking overlaps for volume Sensor_F2_MinusX:3 (G4Tubs) ... OK! 
GEOMETRY_REPORT_BEGIN
stave_length_cm 50
stave_width_cm 5.18
stave_thickness_cm 2
normal_path_cm 2
fibre_diameter_mm 1.8
hole_diameter_mm 2
fibre_separation_cm 2
fibre_within_hole 1
fibre_protrudes_for_readout 1
holes_contained_y 1
holes_contained_z 1
geometry_hash e323b92195f9a6288944f0738dbadccf9386422f076362ca172fd0b6d119d1e1
physics_hash 695755f15879c60b7dbc23f5ad7f972d0ec3d9710fa2ec357d17a3b37c48faee
optical_hash 02abddb7662749ea88712a86cced3d7438d45eb865b430c54073ae9dde8549eb
clad_inner_rindex 1.49
clad_outer_rindex 1.42
GEOMETRY_REPORT_END
GEOMETRY_SELFCHECK_PASS
### Adding tracking cuts for neutron  TimeCut(ns)= 10000  KinEnergyCut(MeV)= 0
### Birks coefficients used in run time
   G4_POLYSTYRENE     0.07943 mm/MeV     0.00841958 g/cm^2/MeV  massFactor=  504.5 effCharge= 18.5
   CCB_Scintillator     0.126 mm/MeV     0.013356 g/cm^2/MeV  massFactor=  504.5 effCharge= 18.5
=======================================================================
======                 Electromagnetic Physics Parameters      ========
=======================================================================
LPM effect enabled                                 1
Enable creation and use of sampling tables         0
Apply cuts on all EM processes                     0
Use combined TransportationWithMsc                 Disabled
Use general process                                1
Enable linear polarisation for gamma               0
Enable photoeffect sampling below K-shell          1
Enable sampling of quantum entanglement            0
X-section factor for integral approach             0.8
Min kinetic energy for tables                      100 eV 
Max kinetic energy for tables                      100 TeV
Number of bins per decade of a table               7
Verbose level                                      1
Verbose level for worker thread                    0
Bremsstrahlung energy threshold above which 
  primary e+- is added to the list of secondary    100 TeV
Bremsstrahlung energy threshold above which primary
  muon/hadron is added to the list of secondary    100 TeV
Lowest triplet kinetic energy                      1 MeV
Enable sampling of gamma linear polarisation       0
5D gamma conversion model type                     0
5D gamma conversion model on isolated ion          0
Livermore data directory                           epics_2017
=======================================================================
======                 Ionisation Parameters                   ========
=======================================================================
Step function for e+-                              (0.2, 1 mm)
Step function for muons/hadrons                    (0.2, 0.1 mm)
Step function for light ions                       (0.2, 0.1 mm)
Step function for general ions                     (0.2, 0.1 mm)
Lowest e+e- kinetic energy                         1 keV
Lowest muon/hadron kinetic energy                  1 keV
Use ICRU90 data                                    0
Fluctuations of dE/dx are enabled                  1
Type of fluctuation model for leptons and hadrons  Urban
Use built-in Birks satuaration                     1
Build CSDA range enabled                           0
Use cut as a final range enabled                   0
Enable angular generator interface                 0
Max kinetic energy for CSDA tables                 1 GeV
Max kinetic energy for NIEL computation            0 eV 
Linear loss limit                                  0.01
Read data from file for e+e- pair production by mu 0
=======================================================================
======                 Multiple Scattering Parameters          ========
=======================================================================
Type of msc step limit algorithm for e+-           1
Type of msc step limit algorithm for muons/hadrons 0
Msc lateral displacement for e+- enabled           1
Msc lateral displacement for muons and hadrons     0
Urban msc model lateral displacement alg96         1
Range factor for msc step limit for e+-            0.04
Range factor for msc step limit for muons/hadrons  0.2
Geometry factor for msc step limitation of e+-     2.5
Safety factor for msc step limit for e+-           0.6
Skin parameter for msc step limitation of e+-      1
Lambda limit for msc step limit for e+-            1 mm
Use Mott correction for e- scattering              0
Factor used for dynamic computation of angular 
  limit between single and multiple scattering     1
Fixed angular limit between single 
  and multiple scattering                          3.1416 rad
Upper energy limit for e+- multiple scattering     100 MeV
Type of electron single scattering model           0
Type of nuclear form-factor                        1
Screening factor                                   1
=======================================================================

phot:  for gamma SubType=12 BuildTable=0
      LambdaPrime table from 200 keV to 100 TeV in 61 bins 
      ===== EM models for the G4Region  DefaultRegionForTheWorld ======
 LivermorePhElectric : Emin=    0 eV  Emax=  100 TeV  SauterGavrila Fluo

compt:  for gamma SubType=13 BuildTable=1
      Lambda table from 100 eV  to 1 MeV, 7 bins/decade, spline: 1
      LambdaPrime table from 1 MeV to 100 TeV in 56 bins 
      ===== EM models for the G4Region  DefaultRegionForTheWorld ======
       Klein-Nishina : Emin=    0 eV  Emax=  100 TeV

conv:  for gamma SubType=14 BuildTable=1
      Lambda table from 1.022 MeV to 100 TeV, 18 bins/decade, spline: 1
      ===== EM models for the G4Region  DefaultRegionForTheWorld ======
     BetheHeitlerLPM : Emin=    0 eV  Emax=  100 TeV  ModifiedTsai

Rayl:  for gamma SubType=11 BuildTable=1
      Lambda table from 100 eV  to 150 keV, 7 bins/decade, spline: 0
      LambdaPrime table from 150 keV to 100 TeV in 62 bins 
      ===== EM models for the G4Region  DefaultRegionForTheWorld ======
   LivermoreRayleigh : Emin=    0 eV  Emax=  100 TeV  CullenGenerator

msc:  for e-  SubType= 10
      ===== EM models for the G4Region  DefaultRegionForTheWorld ======
            UrbanMsc : Emin=    0 eV  Emax=  100 MeV Nbins=42 100 eV  - 100 MeV
          StepLim=UseSafety Rfact=0.04 Gfact=2.5 Sfact=0.6 DispFlag:1 Skin=1 Llim=1 mm
        WentzelVIUni : Emin=  100 MeV Emax=  100 TeV Nbins=42 100 MeV - 100 TeV
          StepLim=UseSafety Rfact=0.04 Gfact=2.5 Sfact=0.6 DispFlag:1 Skin=1 Llim=1 mm

eIoni:  for e-  XStype:3  SubType=2
      dE/dx and range tables from 100 eV  to 100 TeV in 84 bins
      Lambda tables from threshold to 100 TeV, 7 bins/decade, spline: 1
      StepFunction=(0.2, 1 mm), integ: 3, fluct: 1, linLossLim= 0.01
      ===== EM models for the G4Region  DefaultRegionForTheWorld ======
        MollerBhabha : Emin=    0 eV  Emax=  100 TeV

eBrem:  for e-  XStype:4  SubType=3
      dE/dx and range tables from 100 eV  to 100 TeV in 84 bins
      Lambda tables from threshold to 100 TeV, 7 bins/decade, spline: 1
      LPM flag: 1 for E > 1 GeV,  VertexHighEnergyTh(GeV)= 100000
      ===== EM models for the G4Region  DefaultRegionForTheWorld ======
             eBremSB : Emin=    0 eV  Emax=    1 GeV  ModifiedTsai
            eBremLPM : Emin=    1 GeV Emax=  100 TeV  ModifiedTsai

CoulombScat:  for e- XStype:1 SubType=1 BuildTable=1
      Lambda table from 100 MeV to 100 TeV, 7 bins/decade, spline: 0
      ThetaMin(p) < Theta(degree) < 180, pLimit(GeV^1)= 0.139531
      ===== EM models for the G4Region  DefaultRegionForTheWorld ======
  eCoulombScattering : Emin=  100 MeV Emax=  100 TeV

msc:  for e+  SubType= 10
      ===== EM models for the G4Region  DefaultRegionForTheWorld ======
            UrbanMsc : Emin=    0 eV  Emax=  100 MeV Nbins=42 100 eV  - 100 MeV
          StepLim=UseSafety Rfact=0.04 Gfact=2.5 Sfact=0.6 DispFlag:1 Skin=1 Llim=1 mm
        WentzelVIUni : Emin=  100 MeV Emax=  100 TeV Nbins=42 100 MeV - 100 TeV
          StepLim=UseSafety Rfact=0.04 Gfact=2.5 Sfact=0.6 DispFlag:1 Skin=1 Llim=1 mm

eIoni:  for e+  XStype:3  SubType=2
      dE/dx and range tables from 100 eV  to 100 TeV in 84 bins
      Lambda tables from threshold to 100 TeV, 7 bins/decade, spline: 1
      StepFunction=(0.2, 1 mm), integ: 3, fluct: 1, linLossLim= 0.01
      ===== EM models for the G4Region  DefaultRegionForTheWorld ======
        MollerBhabha : Emin=    0 eV  Emax=  100 TeV

eBrem:  for e+  XStype:4  SubType=3
      dE/dx and range tables from 100 eV  to 100 TeV in 84 bins
      Lambda tables from threshold to 100 TeV, 7 bins/decade, spline: 1
      LPM flag: 1 for E > 1 GeV,  VertexHighEnergyTh(GeV)= 100000
      ===== EM models for the G4Region  DefaultRegionForTheWorld ======
             eBremSB : Emin=    0 eV  Emax=    1 GeV  ModifiedTsai
            eBremLPM : Emin=    1 GeV Emax=  100 TeV  ModifiedTsai

annihil:  for e+ XStype:2 SubType=5 BuildTable=0
      ===== EM models for the G4Region  DefaultRegionForTheWorld ======
            eplus2gg : Emin=    0 eV  Emax=  100 TeV

CoulombScat:  for e+ XStype:1 SubType=1 BuildTable=1
      Lambda table from 100 MeV to 100 TeV, 7 bins/decade, spline: 0
      ThetaMin(p) < Theta(degree) < 180, pLimit(GeV^1)= 0.139531
      ===== EM models for the G4Region  DefaultRegionForTheWorld ======
  eCoulombScattering : Emin=  100 MeV Emax=  100 TeV

msc:  for proton  SubType= 10
      ===== EM models for the G4Region  DefaultRegionForTheWorld ======
        WentzelVIUni : Emin=    0 eV  Emax=  100 TeV Nbins=84 100 eV  - 100 TeV
          StepLim=Minimal Rfact=0.2 Gfact=2.5 Sfact=0.6 DispFlag:0 Skin=1 Llim=1 mm

hIoni:  for proton  XStype:3  SubType=2
      dE/dx and range tables from 100 eV  to 100 TeV in 84 bins
      Lambda tables from threshold to 100 TeV, 7 bins/decade, spline: 1
      StepFunction=(0.2, 0.1 mm), integ: 3, fluct: 1, linLossLim= 0.01
      ===== EM models for the G4Region  DefaultRegionForTheWorld ======
               Bragg : Emin=    0 eV  Emax=    2 MeV
          BetheBloch : Emin=    2 MeV Emax=  100 TeV

hBrems:  for proton  XStype:1  SubType=3
      dE/dx and range tables from 100 eV  to 100 TeV in 84 bins
      Lambda tables from threshold to 100 TeV, 7 bins/decade, spline: 1
      ===== EM models for the G4Region  DefaultRegionForTheWorld ======
               hBrem : Emin=    0 eV  Emax=  100 TeV  ModifiedMephi

hPairProd:  for proton  XStype:1  SubType=4
      dE/dx and range tables from 100 eV  to 100 TeV in 84 bins
      Lambda tables from threshold to 100 TeV, 7 bins/decade, spline: 1
      Sampling table 17x1001; from 7.50618 GeV to 100 TeV 
      ===== EM models for the G4Region  DefaultRegionForTheWorld ======
           hPairProd : Emin=    0 eV  Emax=  100 TeV  ModifiedMephi

CoulombScat:  for proton XStype:1 SubType=1 BuildTable=1
      Lambda table from threshold  to 100 TeV, 7 bins/decade, spline: 0
      ThetaMin(p) < Theta(degree) < 180, pLimit(GeV^1)= 0.139531
      ===== EM models for the G4Region  DefaultRegionForTheWorld ======
  eCoulombScattering : Emin=    0 eV  Emax=  100 TeV

msc:  for GenericIon  SubType= 10
      ===== EM models for the G4Region  DefaultRegionForTheWorld ======
            UrbanMsc : Emin=    0 eV  Emax=  100 TeV
          StepLim=Minimal Rfact=0.2 Gfact=2.5 Sfact=0.6 DispFlag:0 Skin=1 Llim=1 mm

ionIoni:  for GenericIon  XStype:3  SubType=2
      dE/dx and range tables from 100 eV  to 100 TeV in 84 bins
      Lambda tables from threshold to 100 TeV, 7 bins/decade, spline: 1
      StepFunction=(0.2, 0.1 mm), integ: 3, fluct: 1, linLossLim= 0.02
      ===== EM models for the G4Region  DefaultRegionForTheWorld ======
            BraggIon : Emin=    0 eV  Emax=    2 MeV
          BetheBloch : Emin=    2 MeV Emax=  100 TeV

msc:  for alpha  SubType= 10
      ===== EM models for the G4Region  DefaultRegionForTheWorld ======
            UrbanMsc : Emin=    0 eV  Emax=  100 TeV
          StepLim=Minimal Rfact=0.2 Gfact=2.5 Sfact=0.6 DispFlag:0 Skin=1 Llim=1 mm

ionIoni:  for alpha  XStype:3  SubType=2
      dE/dx and range tables from 100 eV  to 100 TeV in 84 bins
      Lambda tables from threshold to 100 TeV, 7 bins/decade, spline: 1
      StepFunction=(0.2, 0.1 mm), integ: 3, fluct: 1, linLossLim= 0.02
      ===== EM models for the G4Region  DefaultRegionForTheWorld ======
            BraggIon : Emin=    0 eV  Emax=7.9452 MeV
          BetheBloch : Emin=7.9452 MeV Emax=  100 TeV

msc:  for anti_proton  SubType= 10
      ===== EM models for the G4Region  DefaultRegionForTheWorld ======
        WentzelVIUni : Emin=    0 eV  Emax=  100 TeV Nbins=84 100 eV  - 100 TeV
          StepLim=Minimal Rfact=0.2 Gfact=2.5 Sfact=0.6 DispFlag:0 Skin=1 Llim=1 mm

hIoni:  for anti_proton  XStype:3  SubType=2
      dE/dx and range tables from 100 eV  to 100 TeV in 84 bins
      Lambda tables from threshold to 100 TeV, 7 bins/decade, spline: 1
      StepFunction=(0.2, 0.1 mm), integ: 3, fluct: 1, linLossLim= 0.01
      ===== EM models for the G4Region  DefaultRegionForTheWorld ======
            ICRU73QO : Emin=    0 eV  Emax=    2 MeV
          BetheBloch : Emin=    2 MeV Emax=  100 TeV

hBrems:  for anti_proton  XStype:1  SubType=3
      dE/dx and range tables from 100 eV  to 100 TeV in 84 bins
      Lambda tables from threshold to 100 TeV, 7 bins/decade, spline: 1
      ===== EM models for the G4Region  DefaultRegionForTheWorld ======
               hBrem : Emin=    0 eV  Emax=  100 TeV  ModifiedMephi

hPairProd:  for anti_proton  XStype:1  SubType=4
      dE/dx and range tables from 100 eV  to 100 TeV in 84 bins
      Lambda tables from threshold to 100 TeV, 7 bins/decade, spline: 1
      Sampling table 17x1001; from 7.50618 GeV to 100 TeV 
      ===== EM models for the G4Region  DefaultRegionForTheWorld ======
           hPairProd : Emin=    0 eV  Emax=  100 TeV  ModifiedMephi

CoulombScat:  for anti_proton XStype:1 SubType=1 BuildTable=1
      Lambda table from threshold  to 100 TeV, 7 bins/decade, spline: 0
      ThetaMin(p) < Theta(degree) < 180, pLimit(GeV^1)= 0.139531
      ===== EM models for the G4Region  DefaultRegionForTheWorld ======
  eCoulombScattering : Emin=    0 eV  Emax=  100 TeV

msc:  for kaon+  SubType= 10
      ===== EM models for the G4Region  DefaultRegionForTheWorld ======
        WentzelVIUni : Emin=    0 eV  Emax=  100 TeV Nbins=84 100 eV  - 100 TeV
          StepLim=Minimal Rfact=0.2 Gfact=2.5 Sfact=0.6 DispFlag:0 Skin=1 Llim=1 mm

hIoni:  for kaon+  XStype:3  SubType=2
      dE/dx and range tables from 100 eV  to 100 TeV in 84 bins
      Lambda tables from threshold to 100 TeV, 7 bins/decade, spline: 1
      StepFunction=(0.2, 0.1 mm), integ: 3, fluct: 1, linLossLim= 0.01
      ===== EM models for the G4Region  DefaultRegionForTheWorld ======
               Bragg : Emin=    0 eV  Emax=1.05231 MeV
          BetheBloch : Emin=1.05231 MeV Emax=  100 TeV

hBrems:  for kaon+  XStype:1  SubType=3
      dE/dx and range tables from 100 eV  to 100 TeV in 84 bins
      Lambda tables from threshold to 100 TeV, 7 bins/decade, spline: 1
      ===== EM models for the G4Region  DefaultRegionForTheWorld ======
               hBrem : Emin=    0 eV  Emax=  100 TeV  ModifiedMephi

hPairProd:  for kaon+  XStype:1  SubType=4
      dE/dx and range tables from 100 eV  to 100 TeV in 84 bins
      Lambda tables from threshold to 100 TeV, 7 bins/decade, spline: 1
      Sampling table 18x1001; from 3.94942 GeV to 100 TeV 
      ===== EM models for the G4Region  DefaultRegionForTheWorld ======
           hPairProd : Emin=    0 eV  Emax=  100 TeV  ModifiedMephi

CoulombScat:  for kaon+ XStype:1 SubType=1 BuildTable=1
      Lambda table from threshold  to 100 TeV, 7 bins/decade, spline: 0
      ThetaMin(p) < Theta(degree) < 180, pLimit(GeV^1)= 0.139531
      ===== EM models for the G4Region  DefaultRegionForTheWorld ======
  eCoulombScattering : Emin=    0 eV  Emax=  100 TeV

msc:  for kaon-  SubType= 10
      ===== EM models for the G4Region  DefaultRegionForTheWorld ======
        WentzelVIUni : Emin=    0 eV  Emax=  100 TeV Nbins=84 100 eV  - 100 TeV
          StepLim=Minimal Rfact=0.2 Gfact=2.5 Sfact=0.6 DispFlag:0 Skin=1 Llim=1 mm

hIoni:  for kaon-  XStype:3  SubType=2
      dE/dx and range tables from 100 eV  to 100 TeV in 84 bins
      Lambda tables from threshold to 100 TeV, 7 bins/decade, spline: 1
      StepFunction=(0.2, 0.1 mm), integ: 3, fluct: 1, linLossLim= 0.01
      ===== EM models for the G4Region  DefaultRegionForTheWorld ======
            ICRU73QO : Emin=    0 eV  Emax=1.05231 MeV
          BetheBloch : Emin=1.05231 MeV Emax=  100 TeV

hBrems:  for kaon-  XStype:1  SubType=3
      dE/dx and range tables from 100 eV  to 100 TeV in 84 bins
      Lambda tables from threshold to 100 TeV, 7 bins/decade, spline: 1
      ===== EM models for the G4Region  DefaultRegionForTheWorld ======
               hBrem : Emin=    0 eV  Emax=  100 TeV  ModifiedMephi

hPairProd:  for kaon-  XStype:1  SubType=4
      dE/dx and range tables from 100 eV  to 100 TeV in 84 bins
      Lambda tables from threshold to 100 TeV, 7 bins/decade, spline: 1
      Sampling table 18x1001; from 3.94942 GeV to 100 TeV 
      ===== EM models for the G4Region  DefaultRegionForTheWorld ======
           hPairProd : Emin=    0 eV  Emax=  100 TeV  ModifiedMephi

CoulombScat:  for kaon- XStype:1 SubType=1 BuildTable=1
      Used Lambda table of kaon+
      ThetaMin(p) < Theta(degree) < 180, pLimit(GeV^1)= 0.139531
      ===== EM models for the G4Region  DefaultRegionForTheWorld ======
  eCoulombScattering : Emin=    0 eV  Emax=  100 TeV

msc:  for mu+  SubType= 10
      ===== EM models for the G4Region  DefaultRegionForTheWorld ======
        WentzelVIUni : Emin=    0 eV  Emax=  100 TeV Nbins=84 100 eV  - 100 TeV
          StepLim=Minimal Rfact=0.2 Gfact=2.5 Sfact=0.6 DispFlag:0 Skin=1 Llim=1 mm

muIoni:  for mu+  XStype:3  SubType=2
      dE/dx and range tables from 100 eV  to 100 TeV in 84 bins
      Lambda tables from threshold to 100 TeV, 7 bins/decade, spline: 1
      StepFunction=(0.2, 0.1 mm), integ: 3, fluct: 1, linLossLim= 0.01
      ===== EM models for the G4Region  DefaultRegionForTheWorld ======
               Bragg : Emin=    0 eV  Emax=  200 keV
        MuBetheBloch : Emin=  200 keV Emax=  100 TeV

muBrems:  for mu+  XStype:1  SubType=3
      dE/dx and range tables from 100 eV  to 100 TeV in 84 bins
      Lambda tables from threshold to 100 TeV, 7 bins/decade, spline: 1
      ===== EM models for the G4Region  DefaultRegionForTheWorld ======
              MuBrem : Emin=    0 eV  Emax=  100 TeV  ModifiedMephi

muPairProd:  for mu+  XStype:1  SubType=4
      dE/dx and range tables from 100 eV  to 100 TeV in 84 bins
      Lambda tables from threshold to 100 TeV, 7 bins/decade, spline: 1
      Sampling table 21x1001; from 0.85 GeV to 100 TeV 
      ===== EM models for the G4Region  DefaultRegionForTheWorld ======
          muPairProd : Emin=    0 eV  Emax=  100 TeV  ModifiedMephi

CoulombScat:  for mu+ XStype:1 SubType=1 BuildTable=1
      Lambda table from threshold  to 100 TeV, 7 bins/decade, spline: 0
      ThetaMin(p) < Theta(degree) < 180, pLimit(GeV^1)= 0.139531
      ===== EM models for the G4Region  DefaultRegionForTheWorld ======
  eCoulombScattering : Emin=    0 eV  Emax=  100 TeV

msc:  for mu-  SubType= 10
      ===== EM models for the G4Region  DefaultRegionForTheWorld ======
        WentzelVIUni : Emin=    0 eV  Emax=  100 TeV Nbins=84 100 eV  - 100 TeV
          StepLim=Minimal Rfact=0.2 Gfact=2.5 Sfact=0.6 DispFlag:0 Skin=1 Llim=1 mm

muIoni:  for mu-  XStype:3  SubType=2
      dE/dx and range tables from 100 eV  to 100 TeV in 84 bins
      Lambda tables from threshold to 100 TeV, 7 bins/decade, spline: 1
      StepFunction=(0.2, 0.1 mm), integ: 3, fluct: 1, linLossLim= 0.01
      ===== EM models for the G4Region  DefaultRegionForTheWorld ======
            ICRU73QO : Emin=    0 eV  Emax=  200 keV
        MuBetheBloch : Emin=  200 keV Emax=  100 TeV

muBrems:  for mu-  XStype:1  SubType=3
      dE/dx and range tables from 100 eV  to 100 TeV in 84 bins
      Lambda tables from threshold to 100 TeV, 7 bins/decade, spline: 1
      ===== EM models for the G4Region  DefaultRegionForTheWorld ======
              MuBrem : Emin=    0 eV  Emax=  100 TeV  ModifiedMephi

muPairProd:  for mu-  XStype:1  SubType=4
      dE/dx and range tables from 100 eV  to 100 TeV in 84 bins
      Lambda tables from threshold to 100 TeV, 7 bins/decade, spline: 1
      Sampling table 21x1001; from 0.85 GeV to 100 TeV 
      ===== EM models for the G4Region  DefaultRegionForTheWorld ======
          muPairProd : Emin=    0 eV  Emax=  100 TeV  ModifiedMephi

CoulombScat:  for mu- XStype:1 SubType=1 BuildTable=1
      Used Lambda table of mu+
      ThetaMin(p) < Theta(degree) < 180, pLimit(GeV^1)= 0.139531
      ===== EM models for the G4Region  DefaultRegionForTheWorld ======
  eCoulombScattering : Emin=    0 eV  Emax=  100 TeV

msc:  for pi+  SubType= 10
      ===== EM models for the G4Region  DefaultRegionForTheWorld ======
        WentzelVIUni : Emin=    0 eV  Emax=  100 TeV Nbins=84 100 eV  - 100 TeV
          StepLim=Minimal Rfact=0.2 Gfact=2.5 Sfact=0.6 DispFlag:0 Skin=1 Llim=1 mm

hIoni:  for pi+  XStype:3  SubType=2
      dE/dx and range tables from 100 eV  to 100 TeV in 84 bins
      Lambda tables from threshold to 100 TeV, 7 bins/decade, spline: 1
      StepFunction=(0.2, 0.1 mm), integ: 3, fluct: 1, linLossLim= 0.01
      ===== EM models for the G4Region  DefaultRegionForTheWorld ======
               Bragg : Emin=    0 eV  Emax=297.505 keV
          BetheBloch : Emin=297.505 keV Emax=  100 TeV

hBrems:  for pi+  XStype:1  SubType=3
      dE/dx and range tables from 100 eV  to 100 TeV in 84 bins
      Lambda tables from threshold to 100 TeV, 7 bins/decade, spline: 1
      ===== EM models for the G4Region  DefaultRegionForTheWorld ======
               hBrem : Emin=    0 eV  Emax=  100 TeV  ModifiedMephi

hPairProd:  for pi+  XStype:1  SubType=4
      dE/dx and range tables from 100 eV  to 100 TeV in 84 bins
      Lambda tables from threshold to 100 TeV, 7 bins/decade, spline: 1
      Sampling table 20x1001; from 1.11656 GeV to 100 TeV 
      ===== EM models for the G4Region  DefaultRegionForTheWorld ======
           hPairProd : Emin=    0 eV  Emax=  100 TeV  ModifiedMephi

CoulombScat:  for pi+ XStype:1 SubType=1 BuildTable=1
      Lambda table from threshold  to 100 TeV, 7 bins/decade, spline: 0
      ThetaMin(p) < Theta(degree) < 180, pLimit(GeV^1)= 0.139531
      ===== EM models for the G4Region  DefaultRegionForTheWorld ======
  eCoulombScattering : Emin=    0 eV  Emax=  100 TeV

msc:  for pi-  SubType= 10
      ===== EM models for the G4Region  DefaultRegionForTheWorld ======
        WentzelVIUni : Emin=    0 eV  Emax=  100 TeV Nbins=84 100 eV  - 100 TeV
          StepLim=Minimal Rfact=0.2 Gfact=2.5 Sfact=0.6 DispFlag:0 Skin=1 Llim=1 mm

hIoni:  for pi-  XStype:3  SubType=2
      dE/dx and range tables from 100 eV  to 100 TeV in 84 bins
      Lambda tables from threshold to 100 TeV, 7 bins/decade, spline: 1
      StepFunction=(0.2, 0.1 mm), integ: 3, fluct: 1, linLossLim= 0.01
      ===== EM models for the G4Region  DefaultRegionForTheWorld ======
            ICRU73QO : Emin=    0 eV  Emax=297.505 keV
          BetheBloch : Emin=297.505 keV Emax=  100 TeV

hBrems:  for pi-  XStype:1  SubType=3
      dE/dx and range tables from 100 eV  to 100 TeV in 84 bins
      Lambda tables from threshold to 100 TeV, 7 bins/decade, spline: 1
      ===== EM models for the G4Region  DefaultRegionForTheWorld ======
               hBrem : Emin=    0 eV  Emax=  100 TeV  ModifiedMephi

hPairProd:  for pi-  XStype:1  SubType=4
      dE/dx and range tables from 100 eV  to 100 TeV in 84 bins
      Lambda tables from threshold to 100 TeV, 7 bins/decade, spline: 1
      Sampling table 20x1001; from 1.11656 GeV to 100 TeV 
      ===== EM models for the G4Region  DefaultRegionForTheWorld ======
           hPairProd : Emin=    0 eV  Emax=  100 TeV  ModifiedMephi

CoulombScat:  for pi- XStype:1 SubType=1 BuildTable=1
      Used Lambda table of pi+
      ThetaMin(p) < Theta(degree) < 180, pLimit(GeV^1)= 0.139531
      ===== EM models for the G4Region  DefaultRegionForTheWorld ======
  eCoulombScattering : Emin=    0 eV  Emax=  100 TeV

====================================================================
                  HADRONIC PROCESSES SUMMARY (verbose level 1)
-----------------------------------------------------------------------
                           Hadronic Processes for neutron
  Process: hadElastic
        Model:             hElasticCHIPS: 0 eV  ---> 100 TeV
     Cr_sctns:        G4NeutronElasticXS: 0 eV  ---> 100 TeV
  Process: neutronInelastic
        Model:                      QGSP: 12 GeV ---> 100 TeV
        Model:                      FTFP: 3 GeV ---> 25 GeV
        Model:            Binary Cascade: 0 eV  ---> 6 GeV
     Cr_sctns:      G4NeutronInelasticXS: 0 eV  ---> 100 TeV
  Process: nCapture
        Model:               nRadCapture: 0 eV  ---> 100 TeV
     Cr_sctns:        G4NeutronCaptureXS: 0 eV  ---> 100 TeV
  Process: nKiller
-----------------------------------------------------------------------
                           Hadronic Processes for GenericIon
  Process: ionElastic
        Model:          NNDiffuseElastic: 0 eV /n ---> 100 TeV/n
     Cr_sctns:  Glauber-Gribov Nucl-nucl: 0 eV  ---> 25.6 PeV
  Process: ionInelastic
        Model:  Binary Light Ion Cascade: 0 eV /n ---> 6 GeV/n
        Model:                      FTFP: 3 GeV/n ---> 100 TeV/n
     Cr_sctns:  Glauber-Gribov Nucl-nucl: 0 eV  ---> 25.6 PeV
-----------------------------------------------------------------------
                           Hadronic Processes for He3
  Process: hadElastic
        Model:              hElasticLHEP: 0 eV /n ---> 100 TeV/n
     Cr_sctns:  Glauber-Gribov Nucl-nucl: 0 eV  ---> 25.6 PeV
  Process: He3Inelastic
        Model:  Binary Light Ion Cascade: 0 eV /n ---> 6 GeV/n
        Model:                      FTFP: 3 GeV/n ---> 100 TeV/n
     Cr_sctns:  Glauber-Gribov Nucl-nucl: 0 eV  ---> 25.6 PeV
-----------------------------------------------------------------------
                           Hadronic Processes for alpha
  Process: hadElastic
        Model:              hElasticLHEP: 0 eV /n ---> 100 TeV/n
     Cr_sctns:  Glauber-Gribov Nucl-nucl: 0 eV  ---> 25.6 PeV
  Process: alphaInelastic
        Model:  Binary Light Ion Cascade: 0 eV /n ---> 6 GeV/n
        Model:                      FTFP: 3 GeV/n ---> 100 TeV/n
     Cr_sctns:  Glauber-Gribov Nucl-nucl: 0 eV  ---> 25.6 PeV
-----------------------------------------------------------------------
                           Hadronic Processes for anti_He3
  Process: hadElastic
        Model:              hElasticLHEP: 0 eV /n ---> 100.1 MeV/n
        Model:              AntiAElastic: 100 MeV/n ---> 100 TeV/n
     Cr_sctns:              AntiAGlauber: 0 eV  ---> 25.6 PeV
  Process: anti_He3Inelastic
        Model:                      FTFP: 0 eV /n ---> 100 TeV/n
     Cr_sctns:              AntiAGlauber: 0 eV  ---> 25.6 PeV
  Process: hFritiofCaptureAtRest
-----------------------------------------------------------------------
                           Hadronic Processes for anti_alpha
  Process: hadElastic
        Model:              hElasticLHEP: 0 eV /n ---> 100.1 MeV/n
        Model:              AntiAElastic: 100 MeV/n ---> 100 TeV/n
     Cr_sctns:              AntiAGlauber: 0 eV  ---> 25.6 PeV
  Process: anti_alphaInelastic
        Model:                      FTFP: 0 eV /n ---> 100 TeV/n
     Cr_sctns:              AntiAGlauber: 0 eV  ---> 25.6 PeV
  Process: hFritiofCaptureAtRest
-----------------------------------------------------------------------
                           Hadronic Processes for anti_deuteron
  Process: hadElastic
        Model:              hElasticLHEP: 0 eV /n ---> 100.1 MeV/n
        Model:              AntiAElastic: 100 MeV/n ---> 100 TeV/n
     Cr_sctns:              AntiAGlauber: 0 eV  ---> 25.6 PeV
  Process: anti_deuteronInelastic
        Model:                      FTFP: 0 eV /n ---> 100 TeV/n
     Cr_sctns:              AntiAGlauber: 0 eV  ---> 25.6 PeV
  Process: hFritiofCaptureAtRest
-------------------------------------------------------------------------
                           Hadronic Processes for anti_hypertriton
  Process: hFritiofCaptureAtRest
-----------------------------------------------------------------------
                           Hadronic Processes for anti_lambda
  Process: hadElastic
        Model:              hElasticLHEP: 0 eV  ---> 100 TeV
     Cr_sctns:            Glauber-Gribov: 0 eV  ---> 100 TeV
  Process: anti_lambdaInelastic
        Model:                      QGSP: 12 GeV ---> 100 TeV
        Model:                      FTFP: 0 eV  ---> 25 GeV
     Cr_sctns:            Glauber-Gribov: 0 eV  ---> 100 TeV
  Process: hFritiofCaptureAtRest
-----------------------------------------------------------------------
                           Hadronic Processes for anti_neutron
  Process: hadElastic
        Model:              hElasticLHEP: 0 eV  ---> 100.1 MeV
        Model:              AntiAElastic: 100 MeV ---> 100 TeV
     Cr_sctns:              AntiAGlauber: 0 eV  ---> 25.6 PeV
  Process: anti_neutronInelastic
        Model:                      FTFP: 0 eV  ---> 100 TeV
     Cr_sctns:              AntiAGlauber: 0 eV  ---> 25.6 PeV
  Process: hFritiofCaptureAtRest
-----------------------------------------------------------------------
                           Hadronic Processes for anti_proton
  Process: hadElastic
        Model:              hElasticLHEP: 0 eV  ---> 100.1 MeV
        Model:              AntiAElastic: 100 MeV ---> 100 TeV
     Cr_sctns:              AntiAGlauber: 0 eV  ---> 25.6 PeV
  Process: anti_protonInelastic
        Model:                      FTFP: 0 eV  ---> 100 TeV
     Cr_sctns:              AntiAGlauber: 0 eV  ---> 25.6 PeV
  Process: hFritiofCaptureAtRest
-----------------------------------------------------------------------
                           Hadronic Processes for anti_triton
  Process: hadElastic
        Model:              hElasticLHEP: 0 eV /n ---> 100.1 MeV/n
        Model:              AntiAElastic: 100 MeV/n ---> 100 TeV/n
     Cr_sctns:              AntiAGlauber: 0 eV  ---> 25.6 PeV
  Process: anti_tritonInelastic
        Model:                      FTFP: 0 eV /n ---> 100 TeV/n
     Cr_sctns:              AntiAGlauber: 0 eV  ---> 25.6 PeV
  Process: hFritiofCaptureAtRest
-----------------------------------------------------------------------
                           Hadronic Processes for deuteron
  Process: hadElastic
        Model:              hElasticLHEP: 0 eV /n ---> 100 TeV/n
     Cr_sctns:  Glauber-Gribov Nucl-nucl: 0 eV  ---> 25.6 PeV
  Process: dInelastic
        Model:  Binary Light Ion Cascade: 0 eV /n ---> 6 GeV/n
        Model:                      FTFP: 3 GeV/n ---> 100 TeV/n
     Cr_sctns:  Glauber-Gribov Nucl-nucl: 0 eV  ---> 25.6 PeV
-----------------------------------------------------------------------
                           Hadronic Processes for e+
  Process: positronNuclear
        Model:   G4ElectroVDNuclearModel: 0 eV  ---> 1 PeV
     Cr_sctns:          ElectroNuclearXS: 0 eV  ---> 100 TeV
-----------------------------------------------------------------------
                           Hadronic Processes for e-
  Process: electronNuclear
        Model:   G4ElectroVDNuclearModel: 0 eV  ---> 1 PeV
     Cr_sctns:          ElectroNuclearXS: 0 eV  ---> 100 TeV
-----------------------------------------------------------------------
                           Hadronic Processes for gamma
  Process: photonNuclear
        Model:               GammaNPreco: 0 eV  ---> 200 MeV
        Model:            BertiniCascade: 199 MeV ---> 6 GeV
        Model:           TheoFSGenerator: 3 GeV ---> 100 TeV
     Cr_sctns:            GammaNuclearXS: 0 eV  ---> 100 TeV
-----------------------------------------------------------------------
                           Hadronic Processes for kaon+
  Process: hadElastic
        Model:              hElasticLHEP: 0 eV  ---> 100 TeV
     Cr_sctns:            Glauber-Gribov: 0 eV  ---> 100 TeV
  Process: kaon+Inelastic
        Model:                      QGSP: 12 GeV ---> 100 TeV
        Model:                      FTFP: 3 GeV ---> 25 GeV
        Model:            BertiniCascade: 0 eV  ---> 6 GeV
     Cr_sctns:            Glauber-Gribov: 0 eV  ---> 100 TeV
-----------------------------------------------------------------------
                           Hadronic Processes for kaon-
  Process: hadElastic
        Model:              hElasticLHEP: 0 eV  ---> 100 TeV
     Cr_sctns:            Glauber-Gribov: 0 eV  ---> 100 TeV
  Process: kaon-Inelastic
        Model:                      QGSP: 12 GeV ---> 100 TeV
        Model:                      FTFP: 3 GeV ---> 25 GeV
        Model:            BertiniCascade: 0 eV  ---> 6 GeV
     Cr_sctns:            Glauber-Gribov: 0 eV  ---> 100 TeV
  Process: hBertiniCaptureAtRest
-----------------------------------------------------------------------
                           Hadronic Processes for lambda
  Process: hadElastic
        Model:              hElasticLHEP: 0 eV  ---> 100 TeV
     Cr_sctns:            Glauber-Gribov: 0 eV  ---> 100 TeV
  Process: lambdaInelastic
        Model:                      QGSP: 12 GeV ---> 100 TeV
        Model:                      FTFP: 3 GeV ---> 25 GeV
        Model:            BertiniCascade: 0 eV  ---> 6 GeV
     Cr_sctns:            Glauber-Gribov: 0 eV  ---> 100 TeV
-----------------------------------------------------------------------
                           Hadronic Processes for mu+
  Process: muonNuclear
        Model:      G4MuonVDNuclearModel: 0 eV  ---> 1 PeV
     Cr_sctns:     KokoulinMuonNuclearXS: 0 eV  ---> 100 TeV
-----------------------------------------------------------------------
                           Hadronic Processes for mu-
  Process: muonNuclear
        Model:      G4MuonVDNuclearModel: 0 eV  ---> 1 PeV
     Cr_sctns:     KokoulinMuonNuclearXS: 0 eV  ---> 100 TeV
  Process: muMinusCaptureAtRest
-----------------------------------------------------------------------
                           Hadronic Processes for pi+
  Process: hadElastic
        Model:           hElasticGlauber: 0 eV  ---> 100 TeV
     Cr_sctns:  BarashenkovGlauberGribov: 0 eV  ---> 100 TeV
  Process: pi+Inelastic
        Model:                      QGSP: 12 GeV ---> 100 TeV
        Model:                      FTFP: 3 GeV ---> 25 GeV
        Model:            BertiniCascade: 0 eV  ---> 6 GeV
     Cr_sctns:  BarashenkovGlauberGribov: 0 eV  ---> 100 TeV
-----------------------------------------------------------------------
                           Hadronic Processes for pi-
  Process: hadElastic
        Model:           hElasticGlauber: 0 eV  ---> 100 TeV
     Cr_sctns:  BarashenkovGlauberGribov: 0 eV  ---> 100 TeV
  Process: pi-Inelastic
        Model:                      QGSP: 12 GeV ---> 100 TeV
        Model:                      FTFP: 3 GeV ---> 25 GeV
        Model:            BertiniCascade: 0 eV  ---> 6 GeV
     Cr_sctns:  BarashenkovGlauberGribov: 0 eV  ---> 100 TeV
  Process: hBertiniCaptureAtRest
-----------------------------------------------------------------------
                           Hadronic Processes for proton
  Process: hadElastic
        Model:             hElasticCHIPS: 0 eV  ---> 100 TeV
     Cr_sctns:  BarashenkovGlauberGribov: 0 eV  ---> 100 TeV
  Process: protonInelastic
        Model:                      QGSP: 12 GeV ---> 100 TeV
        Model:                      FTFP: 3 GeV ---> 25 GeV
        Model:            Binary Cascade: 0 eV  ---> 6 GeV
     Cr_sctns:  BarashenkovGlauberGribov: 0 eV  ---> 100 TeV
-----------------------------------------------------------------------
                           Hadronic Processes for sigma-
  Process: hadElastic
        Model:              hElasticLHEP: 0 eV  ---> 100 TeV
     Cr_sctns:            Glauber-Gribov: 0 eV  ---> 100 TeV
  Process: sigma-Inelastic
        Model:                      QGSP: 12 GeV ---> 100 TeV
        Model:                      FTFP: 3 GeV ---> 25 GeV
        Model:            BertiniCascade: 0 eV  ---> 6 GeV
     Cr_sctns:            Glauber-Gribov: 0 eV  ---> 100 TeV
  Process: hBertiniCaptureAtRest
-----------------------------------------------------------------------
                           Hadronic Processes for triton
  Process: hadElastic
        Model:              hElasticLHEP: 0 eV /n ---> 100 TeV/n
     Cr_sctns:  Glauber-Gribov Nucl-nucl: 0 eV  ---> 25.6 PeV
  Process: tInelastic
        Model:  Binary Light Ion Cascade: 0 eV /n ---> 6 GeV/n
        Model:                      FTFP: 3 GeV/n ---> 100 TeV/n
     Cr_sctns:  Glauber-Gribov Nucl-nucl: 0 eV  ---> 25.6 PeV
=======================================================================
======       Geant4 Native Pre-compound Model Parameters       ========
=======================================================================
Type of pre-compound inverse x-section              3
Pre-compound model active                           1
Pre-compound excitation low energy                  100 keV
Pre-compound excitation high energy                 30 MeV
Angular generator for pre-compound model            1
Use NeverGoBack option for pre-compound model       0
Use SoftCutOff option for pre-compound model        0
Use CEM transitions for pre-compound model          1
Use GNASH transitions for pre-compound model        0
Use HETC submodel for pre-compound model            0
=======================================================================
======       Nuclear De-excitation Module Parameters           ========
=======================================================================
Type of de-excitation inverse x-section             3
Type of de-excitation factory                       Evaporation+GEM
Number of de-excitation channels                    68
Min excitation energy                               10 eV 
Min energy per nucleon for multifragmentation       200 GeV
Limit excitation energy for Fermi BreakUp           20 MeV
Level density (1/MeV)                               0.075
Use simple level density model                      1
Use discrete excitation energy of the residual      1
Time limit for long lived isomeres                  1 ns 
Isomer production flag                              1
Internal e- conversion flag                         1
Store e- internal conversion data                   0
Correlated gamma emission flag                      0
Max 2J for sampling of angular correlations         10
=======================================================================

=========================================================================
--> G4TaskRunManager::CreateAndStartWorkers() --> Initializing workers...
=========================================================================

SIPM_CONFIGSIPM_CONFIG cells=3600 cells_x=60 cells_y=60 active_mm= cells=3600 cells_x=60 cells_y=60 active_mm=3x33x3 recovery_ns= recovery_ns=30 dcr_hz=30 dcr_hz=500000 dark_enabled=1 crosstalk=500000 dark_enabled=1 crosstalk=0.03 afterpulse_fast=0.03 afterpulse_fast=0.01 window_start_ns=0.01 window_start_ns=-20 window_end_ns=-20250 window_end_ns=250 sample_dt_ns= sample_dt_ns=0.5 adc_bits=12 adc_lsb_pe=0.5 adc_bits=12 adc_lsb_pe=0.01 baseline_adc=0.01 baseline_adc=200 overvoltage_V=200 overvoltage_V=3 temperature_C=3 temperature_C=2525 trigger_recovery_model=EXPONENTIAL gain_recovery_model=EXPONENTIAL_H1_SHARED
 trigger_recovery_model=EXPONENTIAL gain_recovery_model=EXPONENTIAL_H1_SHARED
SIPM_CONFIG cells=3600 cells_x=60 cells_y=60 active_mm=3x3 recovery_ns=30 dcr_hz=500000 dark_enabled=1 crosstalk=0.03 afterpulse_fast=0.01 window_start_ns=-20 window_end_ns=250 sample_dt_ns=0.5 adc_bits=12 adc_lsb_pe=0.01 baseline_adc=200 overvoltage_V=3 temperature_C=25 trigger_recovery_model=EXPONENTIAL gain_recovery_model=EXPONENTIAL_H1_SHARED
SIPM_CONFIG cells=3600 cells_x=60 cells_y=60 active_mm=3x3 recovery_ns=30 dcr_hz=500000 dark_enabled=1 crosstalk=0.03 afterpulse_fast=0.01 window_start_ns=-20 window_end_ns=250 sample_dt_ns=0.5 adc_bits=12 adc_lsb_pe=0.01 baseline_adc=200 overvoltage_V=3 temperature_C=25 trigger_recovery_model=EXPONENTIAL gain_recovery_model=EXPONENTIAL_H1_SHARED
SIPM_CONFIG cells=3600 cells_x=60 cells_y=60 active_mm=3x3 recovery_ns=30 dcr_hz=500000 dark_enabled=1 crosstalk=0.03 afterpulse_fast=0.01 window_start_ns=-20 window_end_ns=250 sample_dt_ns=0.5 adc_bits=12 adc_lsb_pe=0.01 baseline_adc=200 overvoltage_V=3 temperature_C=25 trigger_recovery_model=EXPONENTIAL gain_recovery_model=EXPONENTIAL_H1_SHARED
SIPM_CONFIG cells=3600 cells_x=60 cells_y=60 active_mm=3x3 recovery_ns=30 dcr_hz=500000 dark_enabled=1 crosstalk=0.03 afterpulse_fast=0.01 window_start_ns=-20 window_end_ns=250 sample_dt_ns=0.5 adc_bits=12 adc_lsb_pe=0.01 baseline_adc=200 overvoltage_V=3 temperature_C=25 trigger_recovery_model=EXPONENTIAL gain_recovery_model=EXPONENTIAL_H1_SHARED
SIPM_CONFIG cells=3600 cells_x=60 cells_y=60 active_mm=3x3 recovery_ns=30 dcr_hz=500000 dark_enabled=1 crosstalk=0.03 afterpulse_fast=0.01 window_start_ns=-20 window_end_ns=250 sample_dt_ns=0.5 adc_bits=12 adc_lsb_pe=0.01 baseline_adc=200 overvoltage_V=3 temperature_C=25 trigger_recovery_model=EXPONENTIAL gain_recovery_model=EXPONENTIAL_H1_SHARED
SIPM_CONFIG cells=3600 cells_x=60 cells_y=60 active_mm=3x3 recovery_ns=30 dcr_hz=500000 dark_enabled=1 crosstalk=0.03 afterpulse_fast=0.01 window_start_ns=-20 window_end_ns=250 sample_dt_ns=0.5 adc_bits=12 adc_lsb_pe=0.01 baseline_adc=200 overvoltage_V=3 temperature_C=25 trigger_recovery_model=EXPONENTIAL gain_recovery_model=EXPONENTIAL_H1_SHARED
SIPM_CONFIG cells=3600 cells_x=60 cells_y=60 active_mm=3x3 recovery_ns=30 dcr_hz=500000 dark_enabled=1 crosstalk=0.03 afterpulse_fast=0.01 window_start_ns=-20 window_end_ns=250 sample_dt_ns=0.5 adc_bits=12 adc_lsb_pe=0.01 baseline_adc=200 overvoltage_V=3 temperature_C=25 trigger_recovery_model=EXPONENTIAL gain_recovery_model=EXPONENTIAL_H1_SHARED
SIPM_CONFIG cells=3600 cells_x=60 cells_y=60 active_mm=3x3 recovery_ns=30 dcr_hz=500000 dark_enabled=1 crosstalk=0.03 afterpulse_fast=0.01 window_start_ns=-20 window_end_ns=250 sample_dt_ns=0.5 adc_bits=12 adc_lsb_pe=0.01 baseline_adc=200 overvoltage_V=3 temperature_C=25 trigger_recovery_model=EXPONENTIAL gain_recovery_model=EXPONENTIAL_H1_SHARED
SIPM_CONFIG cells=3600 cells_x=60 cells_y=60 active_mm=3x3 recovery_ns=30 dcr_hz=500000 dark_enabled=1 crosstalk=0.03 afterpulse_fast=0.01 window_start_ns=-20 window_end_ns=250 sample_dt_ns=0.5 adc_bits=12 adc_lsb_pe=0.01 baseline_adc=200 overvoltage_V=3 temperature_C=25 trigger_recovery_model=EXPONENTIAL gain_recovery_model=EXPONENTIAL_H1_SHARED
SIPM_CONFIG cells=3600 cells_x=60 cells_y=60 active_mm=3x3 recovery_ns=30 dcr_hz=500000 dark_enabled=1 crosstalk=0.03 afterpulse_fast=0.01 window_start_ns=-20 window_end_ns=250 sample_dt_ns=0.5 adc_bits=12 adc_lsb_pe=0.01 baseline_adc=200 overvoltage_V=3 temperature_C=25 trigger_recovery_model=EXPONENTIAL gain_recovery_model=EXPONENTIAL_H1_SHARED
SIPM_CONFIG cells=3600 cells_x=60 cells_y=60 active_mm=3x3 recovery_ns=30 dcr_hz=500000 dark_enabled=1 crosstalk=0.03 afterpulse_fast=0.01 window_start_ns=-20 window_end_ns=250 sample_dt_ns=0.5 adc_bits=12 adc_lsb_pe=0.01 baseline_adc=200 overvoltage_V=3 temperature_C=25 trigger_recovery_model=EXPONENTIAL gain_recovery_model=EXPONENTIAL_H1_SHARED
SIPM_CONFIG cells=3600 cells_x=60 cells_y=60 active_mm=3x3 recovery_ns=30 dcr_hz=500000 dark_enabled=1 crosstalk=0.03 afterpulse_fast=0.01 window_start_ns=-20 window_end_ns=250 sample_dt_ns=0.5 adc_bits=12 adc_lsb_pe=0.01 baseline_adc=200 overvoltage_V=3 temperature_C=25 trigger_recovery_model=EXPONENTIAL gain_recovery_model=EXPONENTIAL_H1_SHARED
SIPM_CONFIG cells=3600 cells_x=60 cells_y=60 active_mm=3x3 recovery_ns=30 dcr_hz=500000 dark_enabled=1 crosstalk=0.03 afterpulse_fast=0.01 window_start_ns=-20 window_end_ns=250 sample_dt_ns=0.5 adc_bits=12 adc_lsb_pe=0.01 baseline_adc=200 overvoltage_V=3 temperature_C=25 trigger_recovery_model=EXPONENTIAL gain_recovery_model=EXPONENTIAL_H1_SHARED
SIPM_CONFIG cells=3600 cells_x=60 cells_y=60 active_mm=3x3 recovery_ns=30 dcr_hz=500000 dark_enabled=1 crosstalk=0.03 afterpulse_fast=0.01 window_start_ns=-20 window_end_ns=250 sample_dt_ns=0.5 adc_bits=12 adc_lsb_pe=0.01 baseline_adc=200 overvoltage_V=3 temperature_C=25 trigger_recovery_model=EXPONENTIAL gain_recovery_model=EXPONENTIAL_H1_SHARED
CCB_NEUTRON_TIMECUT policy_id=pin_qgsp_bic_default_10us time_cut_us=10 status=PINNED_REFERENCE_DEFAULT
RUN_CONFIG particle=pi+ KE_MeV=60 nevents=1000 threads_requested=16 threads_effective=16 g4_force_threads=unset seed=1625 hit_x_cm=0 hit_y_cm=0 theta_deg=0 phi_deg=0 allow_miss=0 beam_profile_id=FIXED_POINT_NORMAL sample_position=0 hit_x_min_cm=0 hit_x_max_cm=0 hit_y_min_cm=0 hit_y_max_cm=0 sample_angle=0 theta_spread_deg=0 write_photon_ntuple=0 optical_max_time_ns=1000 optical_max_steps=200000 birks_kB=0.126 quenching_model_id=birks_geant4 quenching_model_status=HYPOTHESIS quenching_claims_authorized=false production_cut_mm=0.1 physics_list=QGSP_BIC neutron_timecut_policy_id=pin_qgsp_bic_default_10us neutron_time_cut_us=10 neutron_tracking_time_cut_configured=1 neutron_diagnostics=0 reflectivity_scale=1 attenuation_scale(deprecated)=1 scintillator_absorption_scale=1 y11_bulk_attenuation_scale=1 pde_scale=1 collection_efficiency=1 optical_interface_model=UNKNOWN_EXTERNAL far_end=instrumented wls_time_profile=exponential wls_fluorescence_model=geant4_default_one_secondary wls_fluorescence_yield=0.7 mode=optical optical_dir=/projects/hep/fs10/shared/nnbar/billy/ccb-wt-1623/geant4/single_stave/build/optical strict_optical=1 output=/projects/hep/fs10/shared/nnbar/billy/ccb1623_campaign/stave_piplus_60MeV_B_s1625.root gpu_optical=0 optical_out= dump_gdml= geometry_hash=e323b92195f9a6288944f0738dbadccf9386422f076362ca172fd0b6d119d1e1

==========================================================================================
--> G4TaskRunManager::CreateAndStartWorkers() --> Creating 32 tasks with 31 events/task...
==========================================================================================

SIPM_ARRIVALS event=310 total=822
SIPM_ADC event=310 readout=3069 f1far=2706 f2near=2679 f2far=3006
SIPM_ARRIVALS event=31 total=876
SIPM_ADC event=31 readout=3895 f1far=3775 f2near=3346 f2far=3795
SIPM_ARRIVALS event=186 total=958
SIPM_ADC event=186 readout=3600 f1far=3581 f2near=2914 f2far=3895
SIPM_ARRIVALS event=62 total=953
SIPM_ADC event=62 readout=3606 f1far=3895 f2near=2616 f2far=3895
SIPM_ARRIVALS event=434 total=914
SIPM_ADC event=434 readout=3895 f1far=2818 f2near=3035 f2far=3332
SIPM_ARRIVALS event=248 total=921
SIPM_ADC event=248 readout=3359 f1far=3895 f2near=3895 f2far=3674
SIPM_ARRIVALS event=403 total=946
SIPM_ADC event=403 readout=3359 f1far=3717 f2near=3115 f2far=3752
SIPM_ARRIVALS event=93 total=975
SIPM_ADC event=93 readout=3055 f1far=3508 f2near=3040 f2far=3895
SIPM_ARRIVALS event=0 total=1003
SIPM_ADC event=0 readout=3280 f1far=3347 f2near=3829 f2far=3865
SIPM_ARRIVALS event=341 total=986
SIPM_ADC event=341 readout=3534 f1far=3891 f2near=3289 f2far=3895
SIPM_ARRIVALS event=465 total=971
SIPM_ADC event=465 readout=3895 f1far=3895 f2near=2910 f2far=2861
SIPM_ARRIVALS event=372 total=1014
SIPM_ADC event=372 readout=3627 f1far=3324 f2near=3797 f2far=3895
SIPM_ARRIVALS event=124 total=1003
SIPM_ADC event=124 readout=3768 f1far=3895 f2near=3061 f2far=3237
SIPM_ARRIVALS event=155 total=1137
SIPM_ADC event=155 readout=3736 f1far=3895 f2near=3895 f2far=3895
SIPM_ARRIVALS event=279 total=1175
SIPM_ADC event=279 readout=3895 f1far=3895 f2near=3895 f2far=3895
SIPM_ARRIVALS event=217 total=1195
SIPM_ADC event=217 readout=3895 f1far=3895 f2near=3895 f2far=3895
SIPM_ARRIVALS event=435 total=912
SIPM_ADC event=435 readout=3359 f1far=2925 f2near=3499 f2far=3535
SIPM_ARRIVALS event=187 total=980
SIPM_ADC event=187 readout=2893 f1far=3643 f2near=3668 f2far=3775
SIPM_ARRIVALS event=249 total=911
SIPM_ADC event=249 readout=3895 f1far=3609 f2near=3895 f2far=3180
SIPM_ARRIVALS event=32 total=975
SIPM_ADC event=32 readout=3658 f1far=3209 f2near=3895 f2far=3895
SIPM_ARRIVALS event=311 total=1031
SIPM_ADC event=311 readout=3336 f1far=3895 f2near=3111 f2far=3532
SIPM_ARRIVALS event=125 total=891
SIPM_ADC event=125 readout=3121 f1far=3509 f2near=3687 f2far=3037
SIPM_ARRIVALS event=94 total=981
SIPM_ADC event=94 readout=3895 f1far=3208 f2near=3597 f2far=3151
SIPM_ARRIVALS event=404 total=981
SIPM_ADC event=404 readout=3469 f1far=3378 f2near=3410 f2far=2926
SIPM_ARRIVALS event=63 total=1003
SIPM_ADC event=63 readout=3895 f1far=3895 f2near=3712 f2far=3461
SIPM_ARRIVALS event=342 total=1013
SIPM_ADC event=342 readout=3895 f1far=3095 f2near=3895 f2far=3895
SIPM_ARRIVALS event=218 total=909
SIPM_ADC event=218 readout=3895 f1far=3676 f2near=3174 f2far=2990
SIPM_ARRIVALS event=1 total=1107
SIPM_ADC event=1 readout=3895 f1far=3895 f2near=3895 f2far=3895
SIPM_ARRIVALS event=156 total=969
SIPM_ADC event=156 readout=3580 f1far=3062 f2near=3420 f2far=3066
SIPM_ARRIVALS event=373 total=1008
SIPM_ADC event=373 readout=3895 f1far=3895 f2near=3151 f2far=3088
SIPM_ARRIVALS event=466 total=1128
SIPM_ADC event=466 readout=3895 f1far=3895 f2near=3895 f2far=3895
SIPM_ARRIVALS event=280 total=943
SIPM_ADC event=280 readout=3141 f1far=3895 f2near=3328 f2far=3659
SIPM_ARRIVALS event=188 total=958
SIPM_ADC event=188 readout=3895 f1far=3895 f2near=3849 f2far=3895
SIPM_ARRIVALS event=250 total=931
SIPM_ADC event=250 readout=3692 f1far=3591 f2near=3719 f2far=3597
SIPM_ARRIVALS event=405 total=960
SIPM_ADC event=405 readout=3895 f1far=3410 f2near=3076 f2far=3632
SIPM_ARRIVALS event=312 total=966
SIPM_ADC event=312 readout=3608 f1far=3672 f2near=3419 f2far=3654
SIPM_ARRIVALS event=64 total=921
SIPM_ADC event=64 readout=3327 f1far=3816 f2near=3273 f2far=3771
SIPM_ARRIVALS event=33 total=1058
SIPM_ADC event=33 readout=3895 f1far=3895 f2near=3533 f2far=3895
SIPM_ARRIVALS event=343 total=1003
SIPM_ADC event=343 readout=3266 f1far=3895 f2near=3534 f2far=3213
SIPM_ARRIVALS event=157 total=921
SIPM_ADC event=157 readout=3052 f1far=3895 f2near=3453 f2far=3716
SIPM_ARRIVALS event=126 total=1001
SIPM_ADC event=126 readout=3776 f1far=3722 f2near=3495 f2far=3476
SIPM_ARRIVALS event=2 total=984
SIPM_ADC event=2 readout=3436 f1far=3382 f2near=3213 f2far=3805
SIPM_ARRIVALS event=95 total=1065
SIPM_ADC event=95 readout=3895 f1far=3892 f2near=3895 f2far=3895
SIPM_ARRIVALS event=281 total=886
SIPM_ADC event=281 readout=3851 f1far=3260 f2near=3295 f2far=3519
SIPM_ARRIVALS event=467 total=1050
SIPM_ADC event=467 readout=3537 f1far=3652 f2near=3718 f2far=3895
SIPM_ARRIVALS event=219 total=1176
SIPM_ADC event=219 readout=3895 f1far=3895 f2near=3895 f2far=3895
SIPM_ARRIVALS event=374 total=1126
SIPM_ADC event=374 readout=3895 f1far=3895 f2near=3895 f2far=3895
SIPM_ARRIVALS event=189 total=833
SIPM_ADC event=189 readout=3389 f1far=3895 f2near=2954 f2far=3468
SIPM_ARRIVALS event=344 total=849
SIPM_ADC event=344 readout=3895 f1far=2911 f2near=3380 f2far=2976
SIPM_ARRIVALS event=251 total=958
SIPM_ADC event=251 readout=3575 f1far=3652 f2near=3895 f2far=3336
SIPM_ARRIVALS event=313 total=936
SIPM_ADC event=313 readout=3694 f1far=3895 f2near=3355 f2far=3769
SIPM_ARRIVALS event=65 total=899
SIPM_ADC event=65 readout=3104 f1far=3472 f2near=2525 f2far=3895
SIPM_ARRIVALS event=406 total=943
SIPM_ADC event=406 readout=2733 f1far=3066 f2near=3895 f2far=3330
SIPM_ARRIVALS event=3 total=883
SIPM_ADC event=3 readout=2270 f1far=2660 f2near=3825 f2far=3398
SIPM_ARRIVALS event=34 total=946
SIPM_ADC event=34 readout=3895 f1far=3873 f2near=3877 f2far=3895
SIPM_ARRIVALS event=282 total=944
SIPM_ADC event=282 readout=3200 f1far=3895 f2near=3395 f2far=3616
SIPM_ARRIVALS event=96 total=951
SIPM_ADC event=96 readout=2904 f1far=3895 f2near=3597 f2far=3877
SIPM_ARRIVALS event=127 total=1064
SIPM_ADC event=127 readout=3238 f1far=3895 f2near=3895 f2far=3895
SIPM_ARRIVALS event=436 total=2191
SIPM_ADC event=436 readout=3895 f1far=3895 f2near=3895 f2far=3895
SIPM_ARRIVALS event=468 total=882
SIPM_ADC event=468 readout=3715 f1far=3255 f2near=3895 f2far=3465
SIPM_ARRIVALS event=158 total=1072
SIPM_ADC event=158 readout=3895 f1far=3895 f2near=3701 f2far=2848
SIPM_ARRIVALS event=375 total=915
SIPM_ADC event=375 readout=3305 f1far=3309 f2near=3144 f2far=3148
SIPM_ARRIVALS event=220 total=1142
SIPM_ADC event=220 readout=3895 f1far=3895 f2near=3895 f2far=3650
SIPM_ARRIVALS event=190 total=920
SIPM_ADC event=190 readout=2792 f1far=3485 f2near=2620 f2far=3895
SIPM_ARRIVALS event=314 total=886
SIPM_ADC event=314 readout=3643 f1far=3584 f2near=3895 f2far=3352
SIPM_ARRIVALS event=345 total=954
SIPM_ADC event=345 readout=3242 f1far=3895 f2near=3564 f2far=3858
SIPM_ARRIVALS event=4 total=917
SIPM_ADC event=4 readout=3007 f1far=3895 f2near=2548 f2far=3242
SIPM_ARRIVALS event=407 total=934
SIPM_ADC event=407 readout=3575 f1far=3895 f2near=2685 f2far=3383
SIPM_ARRIVALS event=66 total=1070
SIPM_ADC event=66 readout=3154 f1far=3450 f2near=3895 f2far=3863
SIPM_ARRIVALS event=35 total=983
SIPM_ADC event=35 readout=3850 f1far=3895 f2near=3314 f2far=3607
SIPM_ARRIVALS event=252 total=1145
SIPM_ADC event=252 readout=3895 f1far=3895 f2near=3895 f2far=3436
SIPM_ARRIVALS event=97 total=957
SIPM_ADC event=97 readout=3612 f1far=3895 f2near=3296 f2far=3294
SIPM_ARRIVALS event=128 total=1002
SIPM_ADC event=128 readout=3352 f1far=3671 f2near=3790 f2far=3541
SIPM_ARRIVALS event=159 total=1039
SIPM_ADC event=159 readout=3771 f1far=3895 f2near=3645 f2far=3500
SIPM_ARRIVALS event=283 total=1013
SIPM_ADC event=283 readout=3838 f1far=3895 f2near=3521 f2far=3617
SIPM_ARRIVALS event=376 total=876
SIPM_ADC event=376 readout=2564 f1far=3494 f2near=3574 f2far=3405
SIPM_ARRIVALS event=469 total=1040
SIPM_ADC event=469 readout=3830 f1far=3810 f2near=3895 f2far=3895
SIPM_ARRIVALS event=221 total=1046
SIPM_ADC event=221 readout=3516 f1far=3236 f2near=3895 f2far=3895
SIPM_ARRIVALS event=315 total=871
SIPM_ADC event=315 readout=3547 f1far=3868 f2near=3757 f2far=3895
SIPM_ARRIVALS event=191 total=1083
SIPM_ADC event=191 readout=3778 f1far=3587 f2near=3732 f2far=3895
SIPM_ARRIVALS event=67 total=886
SIPM_ADC event=67 readout=3300 f1far=3436 f2near=2889 f2far=2350
SIPM_ARRIVALS event=36 total=867
SIPM_ADC event=36 readout=2790 f1far=2986 f2near=3717 f2far=3291
SIPM_ARRIVALS event=346 total=1051
SIPM_ADC event=346 readout=3895 f1far=3504 f2near=3895 f2far=3895
SIPM_ARRIVALS event=408 total=974
SIPM_ADC event=408 readout=3598 f1far=2843 f2near=3637 f2far=3895
SIPM_ARRIVALS event=5 total=1083
SIPM_ADC event=5 readout=3895 f1far=3657 f2near=3895 f2far=3895
SIPM_ARRIVALS event=129 total=903
SIPM_ADC event=129 readout=3678 f1far=3024 f2near=3096 f2far=3660
SIPM_ARRIVALS event=98 total=941
SIPM_ADC event=98 readout=3533 f1far=3895 f2near=3325 f2far=3675
SIPM_ARRIVALS event=377 total=945
SIPM_ADC event=377 readout=3799 f1far=3813 f2near=3794 f2far=3895
SIPM_ARRIVALS event=253 total=1072
SIPM_ADC event=253 readout=3630 f1far=3811 f2near=3895 f2far=3895
SIPM_ARRIVALS event=284 total=919
SIPM_ADC event=284 readout=3895 f1far=3736 f2near=3206 f2far=3810
SIPM_ARRIVALS event=160 total=947
SIPM_ADC event=160 readout=3504 f1far=3895 f2near=3895 f2far=3576
SIPM_ARRIVALS event=470 total=999
SIPM_ADC event=470 readout=3895 f1far=3895 f2near=3895 f2far=3895
SIPM_ARRIVALS event=222 total=1088
SIPM_ADC event=222 readout=3895 f1far=3505 f2near=3895 f2far=3758
SIPM_ARRIVALS event=316 total=1010
SIPM_ADC event=316 readout=3434 f1far=3249 f2near=3471 f2far=3895
SIPM_ARRIVALS event=68 total=883
SIPM_ADC event=68 readout=3514 f1far=3585 f2near=3057 f2far=3299
SIPM_ARRIVALS event=347 total=896
SIPM_ADC event=347 readout=3684 f1far=2525 f2near=2613 f2far=3895
SIPM_ARRIVALS event=409 total=974
SIPM_ADC event=409 readout=3662 f1far=3658 f2near=3505 f2far=3649
SIPM_ARRIVALS event=37 total=1108
SIPM_ADC event=37 readout=3296 f1far=3636 f2near=3895 f2far=3474
SIPM_ARRIVALS event=130 total=966
SIPM_ADC event=130 readout=3372 f1far=3726 f2near=3092 f2far=3409
SIPM_ARRIVALS event=192 total=1078
SIPM_ADC event=192 readout=3477 f1far=3895 f2near=3895 f2far=3895
SIPM_ARRIVALS event=6 total=944
SIPM_ADC event=6 readout=3895 f1far=3006 f2near=3045 f2far=2942
SIPM_ARRIVALS event=99 total=936
SIPM_ADC event=99 readout=3667 f1far=3895 f2near=3837 f2far=3469
SIPM_ARRIVALS event=378 total=908
SIPM_ADC event=378 readout=2805 f1far=3315 f2near=3618 f2far=2828
SIPM_ARRIVALS event=254 total=1107
SIPM_ADC event=254 readout=3632 f1far=3895 f2near=3895 f2far=3812
SIPM_ARRIVALS event=161 total=1006
SIPM_ADC event=161 readout=3620 f1far=3862 f2near=3895 f2far=3554
SIPM_ARRIVALS event=285 total=1041
SIPM_ADC event=285 readout=3895 f1far=3273 f2near=3895 f2far=3895
SIPM_ARRIVALS event=223 total=1074
SIPM_ADC event=223 readout=3895 f1far=3895 f2near=3895 f2far=3895
SIPM_ARRIVALS event=69 total=952
SIPM_ADC event=69 readout=2896 f1far=3716 f2near=3111 f2far=3493
SIPM_ARRIVALS event=317 total=989
SIPM_ADC event=317 readout=3895 f1far=3135 f2near=3757 f2far=3342
SIPM_ARRIVALS event=38 total=853
SIPM_ADC event=38 readout=3196 f1far=3184 f2near=3384 f2far=2862
SIPM_ARRIVALS event=7 total=858
SIPM_ADC event=7 readout=3128 f1far=3895 f2near=2972 f2far=3380
SIPM_ARRIVALS event=193 total=885
SIPM_ADC event=193 readout=2943 f1far=3373 f2near=3398 f2far=3197
SIPM_ARRIVALS event=348 total=950
SIPM_ADC event=348 readout=2664 f1far=3895 f2near=3895 f2far=3078
SIPM_ARRIVALS event=100 total=944
SIPM_ADC event=100 readout=3895 f1far=3070 f2near=3895 f2far=3895
SIPM_ARRIVALS event=131 total=1104
SIPM_ADC event=131 readout=3671 f1far=3686 f2near=3895 f2far=3895
SIPM_ARRIVALS event=162 total=931
SIPM_ADC event=162 readout=3408 f1far=3892 f2near=3730 f2far=3895
SIPM_ARRIVALS event=255 total=1006
SIPM_ADC event=255 readout=2981 f1far=3895 f2near=3411 f2far=2923
SIPM_ARRIVALS event=410 total=1229
SIPM_ADC event=410 readout=3895 f1far=3895 f2near=3895 f2far=3895
SIPM_ARRIVALS event=379 total=1126
SIPM_ADC event=379 readout=3895 f1far=3895 f2near=3880 f2far=3829
SIPM_ARRIVALS event=286 total=951
SIPM_ADC event=286 readout=2378 f1far=3291 f2near=3895 f2far=3508
SIPM_ARRIVALS event=224 total=843
SIPM_ADC event=224 readout=3606 f1far=2929 f2near=3329 f2far=2398
SIPM_ARRIVALS event=70 total=1014
SIPM_ADC event=70 readout=3832 f1far=3419 f2near=3691 f2far=3895
SIPM_ARRIVALS event=39 total=1065
SIPM_ADC event=39 readout=3895 f1far=3895 f2near=3467 f2far=3895
SIPM_ARRIVALS event=8 total=954
SIPM_ADC event=8 readout=3477 f1far=3737 f2near=3895 f2far=2862
SIPM_ARRIVALS event=132 total=882
SIPM_ADC event=132 readout=3895 f1far=3351 f2near=3895 f2far=2925
SIPM_ARRIVALS event=318 total=1162
SIPM_ADC event=318 readout=3770 f1far=3895 f2near=3895 f2far=3895
SIPM_ARRIVALS event=349 total=996
SIPM_ADC event=349 readout=3440 f1far=3453 f2near=3628 f2far=3895
SIPM_ARRIVALS event=101 total=1012
SIPM_ADC event=101 readout=3895 f1far=3895 f2near=3440 f2far=3530
SIPM_ARRIVALS event=194 total=1035
SIPM_ADC event=194 readout=3034 f1far=3895 f2near=3895 f2far=3205
SIPM_ARRIVALS event=411 total=962
SIPM_ADC event=411 readout=3276 f1far=3544 f2near=3756 f2far=3081
SIPM_ARRIVALS event=163 total=1024
SIPM_ADC event=163 readout=3149 f1far=3895 f2near=3168 f2far=3895
SIPM_ARRIVALS event=256 total=974
SIPM_ADC event=256 readout=3565 f1far=3895 f2near=3895 f2far=3790
SIPM_ARRIVALS event=287 total=1048
SIPM_ADC event=287 readout=3542 f1far=3895 f2near=3895 f2far=3017
SIPM_ARRIVALS event=380 total=997
SIPM_ADC event=380 readout=3395 f1far=3646 f2near=3788 f2far=2651
SIPM_ARRIVALS event=225 total=931
SIPM_ADC event=225 readout=2994 f1far=2735 f2near=2542 f2far=3719
SIPM_ARRIVALS event=437 total=5413
SIPM_ADC event=437 readout=3895 f1far=3895 f2near=3895 f2far=3895
SIPM_ARRIVALS event=133 total=845
SIPM_ADC event=133 readout=3048 f1far=3895 f2near=2914 f2far=3036
SIPM_ARRIVALS event=71 total=1062
SIPM_ADC event=71 readout=3634 f1far=3823 f2near=3895 f2far=3895
SIPM_ARRIVALS event=40 total=1069
SIPM_ADC event=40 readout=3895 f1far=3697 f2near=2816 f2far=3895
SIPM_ARRIVALS event=319 total=894
SIPM_ADC event=319 readout=3314 f1far=3877 f2near=2664 f2far=3697
SIPM_ARRIVALS event=9 total=940
SIPM_ADC event=9 readout=3813 f1far=3895 f2near=3895 f2far=3895
SIPM_ARRIVALS event=412 total=890
SIPM_ADC event=412 readout=3429 f1far=3417 f2near=2440 f2far=3895
SIPM_ARRIVALS event=102 total=942
SIPM_ADC event=102 readout=3075 f1far=3830 f2near=3387 f2far=3895
SIPM_ARRIVALS event=350 total=1081
SIPM_ADC event=350 readout=3829 f1far=3895 f2near=3433 f2far=3895
SIPM_ARRIVALS event=195 total=983
SIPM_ADC event=195 readout=3673 f1far=3895 f2near=3313 f2far=3895
SIPM_ARRIVALS event=164 total=967
SIPM_ADC event=164 readout=3037 f1far=3895 f2near=3526 f2far=2950
SIPM_ARRIVALS event=257 total=987
SIPM_ADC event=257 readout=3644 f1far=3394 f2near=3328 f2far=3572
SIPM_ARRIVALS event=381 total=979
SIPM_ADC event=381 readout=3895 f1far=3068 f2near=3070 f2far=3693
SIPM_ARRIVALS event=288 total=972
SIPM_ADC event=288 readout=3792 f1far=3868 f2near=3390 f2far=3503
SIPM_ARRIVALS event=226 total=880
SIPM_ADC event=226 readout=3895 f1far=3543 f2near=2728 f2far=3029
SIPM_ARRIVALS event=438 total=907
SIPM_ADC event=438 readout=2535 f1far=3043 f2near=3084 f2far=3895
SIPM_ARRIVALS event=320 total=845
SIPM_ADC event=320 readout=3020 f1far=3182 f2near=3147 f2far=3048
SIPM_ARRIVALS event=41 total=886
SIPM_ADC event=41 readout=3024 f1far=3895 f2near=3303 f2far=3543
SIPM_ARRIVALS event=10 total=824
SIPM_ADC event=10 readout=2382 f1far=2789 f2near=3895 f2far=2752
SIPM_ARRIVALS event=134 total=1063
SIPM_ADC event=134 readout=3452 f1far=3895 f2near=3833 f2far=3895
SIPM_ARRIVALS event=72 total=984
SIPM_ADC event=72 readout=3895 f1far=3046 f2near=3895 f2far=3383
SIPM_ARRIVALS event=165 total=850
SIPM_ADC event=165 readout=3153 f1far=3553 f2near=3060 f2far=3181
SIPM_ARRIVALS event=196 total=958
SIPM_ADC event=196 readout=3465 f1far=3729 f2near=3895 f2far=3029
SIPM_ARRIVALS event=351 total=995
SIPM_ADC event=351 readout=2833 f1far=3483 f2near=3895 f2far=3792
SIPM_ARRIVALS event=103 total=1079
SIPM_ADC event=103 readout=3895 f1far=3698 f2near=3895 f2far=3895
SIPM_ARRIVALS event=382 total=925
SIPM_ADC event=382 readout=3812 f1far=3804 f2near=3895 f2far=3114
SIPM_ARRIVALS event=289 total=913
SIPM_ADC event=289 readout=3535 f1far=3351 f2near=3795 f2far=3160
SIPM_ARRIVALS event=258 total=1080
SIPM_ADC event=258 readout=3825 f1far=3895 f2near=3895 f2far=3895
SIPM_ARRIVALS event=227 total=1094
SIPM_ADC event=227 readout=3895 f1far=3895 f2near=3857 f2far=3746
SIPM_ARRIVALS event=439 total=960
SIPM_ADC event=439 readout=2736 f1far=3620 f2near=2576 f2far=3038
SIPM_ARRIVALS event=11 total=897
SIPM_ADC event=11 readout=3895 f1far=3329 f2near=3731 f2far=2165
SIPM_ARRIVALS event=135 total=879
SIPM_ADC event=135 readout=3102 f1far=3400 f2near=2872 f2far=3121
SIPM_ARRIVALS event=42 total=1020
SIPM_ADC event=42 readout=3500 f1far=3892 f2near=3220 f2far=3481
SIPM_ARRIVALS event=73 total=978
SIPM_ADC event=73 readout=2921 f1far=2964 f2near=3895 f2far=3895
SIPM_ARRIVALS event=321 total=1126
SIPM_ADC event=321 readout=3626 f1far=3804 f2near=3577 f2far=3895
SIPM_ARRIVALS event=166 total=916
SIPM_ADC event=166 readout=3436 f1far=3778 f2near=3370 f2far=3773
SIPM_ARRIVALS event=197 total=874
SIPM_ADC event=197 readout=3385 f1far=3895 f2near=2915 f2far=3472
SIPM_ARRIVALS event=104 total=949
SIPM_ADC event=104 readout=3895 f1far=3822 f2near=3417 f2far=2873
SIPM_ARRIVALS event=352 total=1055
SIPM_ADC event=352 readout=3895 f1far=3895 f2near=3658 f2far=3737
SIPM_ARRIVALS event=290 total=948
SIPM_ADC event=290 readout=3560 f1far=3551 f2near=2937 f2far=3035
SIPM_ARRIVALS event=383 total=907
SIPM_ADC event=383 readout=2831 f1far=3772 f2near=3181 f2far=3330
SIPM_ARRIVALS event=259 total=1008
SIPM_ADC event=259 readout=3895 f1far=3895 f2near=3220 f2far=3895
SIPM_ARRIVALS event=440 total=850
SIPM_ADC event=440 readout=2250 f1far=3088 f2near=2853 f2far=3888
SIPM_ARRIVALS event=228 total=1006
SIPM_ADC event=228 readout=3775 f1far=3895 f2near=3839 f2far=3284
SIPM_ARRIVALS event=136 total=961
SIPM_ADC event=136 readout=3895 f1far=3210 f2near=3895 f2far=3240
SIPM_ARRIVALS event=12 total=1047
SIPM_ADC event=12 readout=3895 f1far=3895 f2near=3895 f2far=3726
SIPM_ARRIVALS event=322 total=938
SIPM_ADC event=322 readout=3441 f1far=3494 f2near=3895 f2far=3046
SIPM_ARRIVALS event=74 total=1037
SIPM_ADC event=74 readout=3391 f1far=3138 f2near=3389 f2far=3895
SIPM_ARRIVALS event=198 total=924
SIPM_ADC event=198 readout=3677 f1far=3895 f2near=2294 f2far=3875
SIPM_ARRIVALS event=167 total=1100
SIPM_ADC event=167 readout=3895 f1far=3104 f2near=3331 f2far=3895
SIPM_ARRIVALS event=105 total=947
SIPM_ADC event=105 readout=3734 f1far=3333 f2near=3766 f2far=3895
SIPM_ARRIVALS event=353 total=851
SIPM_ADC event=353 readout=3009 f1far=2938 f2near=3257 f2far=3179
SIPM_ARRIVALS event=384 total=835
SIPM_ADC event=384 readout=2890 f1far=2972 f2near=2768 f2far=3350
SIPM_ARRIVALS event=441 total=884
SIPM_ADC event=441 readout=2656 f1far=3053 f2near=3010 f2far=3883
SIPM_ARRIVALS event=291 total=1030
SIPM_ADC event=291 readout=3895 f1far=3841 f2near=3516 f2far=3895
SIPM_ARRIVALS event=260 total=1050
SIPM_ADC event=260 readout=3820 f1far=3895 f2near=3895 f2far=3547
SIPM_ARRIVALS event=229 total=876
SIPM_ADC event=229 readout=3413 f1far=3547 f2near=3895 f2far=3700
SIPM_ARRIVALS event=43 total=1714
SIPM_ADC event=43 readout=3895 f1far=3895 f2near=3895 f2far=3895
SIPM_ARRIVALS event=137 total=915
SIPM_ADC event=137 readout=3179 f1far=3039 f2near=3895 f2far=2904
SIPM_ARRIVALS event=13 total=1050
SIPM_ADC event=13 readout=3895 f1far=3821 f2near=3103 f2far=3895
SIPM_ARRIVALS event=323 total=1020
SIPM_ADC event=323 readout=3895 f1far=3420 f2near=3170 f2far=3195
SIPM_ARRIVALS event=75 total=936
SIPM_ADC event=75 readout=3284 f1far=3688 f2near=3702 f2far=3895
SIPM_ARRIVALS event=168 total=906
SIPM_ADC event=168 readout=3819 f1far=3383 f2near=2997 f2far=3566
SIPM_ARRIVALS event=199 total=970
SIPM_ADC event=199 readout=3203 f1far=3330 f2near=3859 f2far=3270
SIPM_ARRIVALS event=354 total=863
SIPM_ADC event=354 readout=3807 f1far=3687 f2near=3348 f2far=2594
SIPM_ARRIVALS event=106 total=936
SIPM_ADC event=106 readout=3266 f1far=3809 f2near=3766 f2far=3471
SIPM_ARRIVALS event=442 total=919
SIPM_ADC event=442 readout=3530 f1far=2947 f2near=3895 f2far=3618
SIPM_ARRIVALS event=292 total=952
SIPM_ADC event=292 readout=3895 f1far=3010 f2near=3710 f2far=3463
SIPM_ARRIVALS event=261 total=878
SIPM_ADC event=261 readout=3217 f1far=3895 f2near=3441 f2far=3279
SIPM_ARRIVALS event=385 total=1208
SIPM_ADC event=385 readout=3895 f1far=3617 f2near=3895 f2far=3895
SIPM_ARRIVALS event=230 total=891
SIPM_ADC event=230 readout=3552 f1far=3654 f2near=3110 f2far=3237
SIPM_ARRIVALS event=138 total=911
SIPM_ADC event=138 readout=3065 f1far=3895 f2near=2924 f2far=3208
SIPM_ARRIVALS event=44 total=1033
SIPM_ADC event=44 readout=3895 f1far=3895 f2near=3042 f2far=3895
SIPM_ARRIVALS event=14 total=928
SIPM_ADC event=14 readout=2964 f1far=3385 f2near=3302 f2far=3873
SIPM_ARRIVALS event=169 total=867
SIPM_ADC event=169 readout=2978 f1far=3593 f2near=3060 f2far=3480
SIPM_ARRIVALS event=76 total=882
SIPM_ADC event=76 readout=2834 f1far=3895 f2near=3542 f2far=3002
SIPM_ARRIVALS event=413 total=4549
SIPM_ADC event=413 readout=3895 f1far=3895 f2near=3895 f2far=3895
SIPM_ARRIVALS event=324 total=1013
SIPM_ADC event=324 readout=3895 f1far=3895 f2near=3566 f2far=3895
SIPM_ARRIVALS event=471 total=8501
SIPM_ADC event=471 readout=3895 f1far=3895 f2near=3895 f2far=3895
SIPM_ARRIVALS event=107 total=978
SIPM_ADC event=107 readout=2796 f1far=3714 f2near=3793 f2far=3824
SIPM_ARRIVALS event=200 total=1058
SIPM_ADC event=200 readout=3895 f1far=3826 f2near=3541 f2far=3895
SIPM_ARRIVALS event=355 total=1067
SIPM_ADC event=355 readout=3843 f1far=3895 f2near=3781 f2far=2987
SIPM_ARRIVALS event=293 total=889
SIPM_ADC event=293 readout=3578 f1far=3174 f2near=3895 f2far=3449
SIPM_ARRIVALS event=443 total=965
SIPM_ADC event=443 readout=3662 f1far=3155 f2near=3714 f2far=3737
SIPM_ARRIVALS event=262 total=947
SIPM_ADC event=262 readout=2957 f1far=3726 f2near=3222 f2far=3554
SIPM_ARRIVALS event=231 total=972
SIPM_ADC event=231 readout=3895 f1far=3706 f2near=3718 f2far=3895
SIPM_ARRIVALS event=386 total=993
SIPM_ADC event=386 readout=3895 f1far=3170 f2near=2994 f2far=3869
SIPM_ARRIVALS event=15 total=889
SIPM_ADC event=15 readout=3281 f1far=2651 f2near=3781 f2far=3895
SIPM_ARRIVALS event=139 total=935
SIPM_ADC event=139 readout=2999 f1far=2926 f2near=3676 f2far=3071
SIPM_ARRIVALS event=77 total=929
SIPM_ADC event=77 readout=3032 f1far=3715 f2near=3426 f2far=3699
SIPM_ARRIVALS event=325 total=947
SIPM_ADC event=325 readout=3895 f1far=3557 f2near=3721 f2far=3360
SIPM_ARRIVALS event=170 total=1044
SIPM_ADC event=170 readout=3895 f1far=3694 f2near=3439 f2far=3895
SIPM_ARRIVALS event=45 total=1069
SIPM_ADC event=45 readout=3803 f1far=3895 f2near=3895 f2far=3895
SIPM_ARRIVALS event=414 total=1131
SIPM_ADC event=414 readout=3805 f1far=3590 f2near=3756 f2far=3895
SIPM_ARRIVALS event=472 total=1095
SIPM_ADC event=472 readout=3895 f1far=3895 f2near=3895 f2far=3895
SIPM_ARRIVALS event=201 total=966
SIPM_ADC event=201 readout=3076 f1far=3875 f2near=3229 f2far=3484
SIPM_ARRIVALS event=108 total=1005
SIPM_ADC event=108 readout=3332 f1far=3895 f2near=2957 f2far=3681
SIPM_ARRIVALS event=356 total=887
SIPM_ADC event=356 readout=2831 f1far=2692 f2near=2979 f2far=3185
SIPM_ARRIVALS event=232 total=875
SIPM_ADC event=232 readout=3257 f1far=3493 f2near=3012 f2far=3541
SIPM_ARRIVALS event=294 total=964
SIPM_ADC event=294 readout=3777 f1far=3895 f2near=3844 f2far=3508
SIPM_ARRIVALS event=444 total=956
SIPM_ADC event=444 readout=3421 f1far=3895 f2near=3895 f2far=3895
SIPM_ARRIVALS event=387 total=887
SIPM_ADC event=387 readout=2872 f1far=3895 f2near=3619 f2far=3303
SIPM_ARRIVALS event=263 total=1050
SIPM_ADC event=263 readout=3895 f1far=3712 f2near=3212 f2far=3895
SIPM_ARRIVALS event=16 total=897
SIPM_ADC event=16 readout=3488 f1far=3895 f2near=2913 f2far=3026
SIPM_ARRIVALS event=326 total=952
SIPM_ADC event=326 readout=2285 f1far=2852 f2near=2868 f2far=3778
SIPM_ARRIVALS event=78 total=1039
SIPM_ADC event=78 readout=3510 f1far=3895 f2near=3664 f2far=3895
SIPM_ARRIVALS event=140 total=1019
SIPM_ADC event=140 readout=3895 f1far=3895 f2near=3861 f2far=3848
SIPM_ARRIVALS event=46 total=895
SIPM_ADC event=46 readout=3536 f1far=3161 f2near=3853 f2far=3519
SIPM_ARRIVALS event=171 total=976
SIPM_ADC event=171 readout=3822 f1far=3895 f2near=3848 f2far=3234
SIPM_ARRIVALS event=415 total=931
SIPM_ADC event=415 readout=3566 f1far=3802 f2near=3284 f2far=3665
SIPM_ARRIVALS event=473 total=938
SIPM_ADC event=473 readout=2951 f1far=3426 f2near=3602 f2far=3578
SIPM_ARRIVALS event=202 total=963
SIPM_ADC event=202 readout=3895 f1far=3104 f2near=3895 f2far=3524
SIPM_ARRIVALS event=109 total=1041
SIPM_ADC event=109 readout=3895 f1far=3801 f2near=3895 f2far=3359
SIPM_ARRIVALS event=357 total=1064
SIPM_ADC event=357 readout=3895 f1far=3895 f2near=3786 f2far=3895
SIPM_ARRIVALS event=445 total=871
SIPM_ADC event=445 readout=3567 f1far=3895 f2near=2908 f2far=2974
SIPM_ARRIVALS event=233 total=1027
SIPM_ADC event=233 readout=3422 f1far=3536 f2near=3034 f2far=3895
SIPM_ARRIVALS event=388 total=816
SIPM_ADC event=388 readout=3366 f1far=3726 f2near=3356 f2far=2521
SIPM_ARRIVALS event=295 total=978
SIPM_ADC event=295 readout=3895 f1far=3724 f2near=3688 f2far=3187
SIPM_ARRIVALS event=79 total=870
SIPM_ADC event=79 readout=2924 f1far=3449 f2near=3167 f2far=2957
SIPM_ARRIVALS event=17 total=1035
SIPM_ADC event=17 readout=3792 f1far=3488 f2near=3895 f2far=3895
SIPM_ARRIVALS event=264 total=1187
SIPM_ADC event=264 readout=3895 f1far=3895 f2near=3895 f2far=3895
SIPM_ARRIVALS event=141 total=911
SIPM_ADC event=141 readout=3054 f1far=3410 f2near=3895 f2far=3421
SIPM_ARRIVALS event=327 total=900
SIPM_ADC event=327 readout=3895 f1far=2923 f2near=3440 f2far=3895
SIPM_ARRIVALS event=47 total=922
SIPM_ADC event=47 readout=3355 f1far=3895 f2near=2916 f2far=3448
SIPM_ARRIVALS event=474 total=920
SIPM_ADC event=474 readout=3296 f1far=3578 f2near=3263 f2far=3895
SIPM_ARRIVALS event=203 total=959
SIPM_ADC event=203 readout=3304 f1far=3604 f2near=3131 f2far=3284
SIPM_ARRIVALS event=172 total=1155
SIPM_ADC event=172 readout=3895 f1far=3625 f2near=3895 f2far=3670
SIPM_ARRIVALS event=110 total=1060
SIPM_ADC event=110 readout=3895 f1far=3895 f2near=3895 f2far=3895
SIPM_ARRIVALS event=234 total=892
SIPM_ADC event=234 readout=3157 f1far=3704 f2near=3088 f2far=3382
SIPM_ARRIVALS event=358 total=979
SIPM_ADC event=358 readout=3895 f1far=3895 f2near=3586 f2far=3662
SIPM_ARRIVALS event=416 total=1463
SIPM_ADC event=416 readout=3895 f1far=3895 f2near=3895 f2far=3895
SIPM_ARRIVALS event=296 total=999
SIPM_ADC event=296 readout=2981 f1far=3895 f2near=3895 f2far=3657
SIPM_ARRIVALS event=389 total=996
SIPM_ADC event=389 readout=3874 f1far=3785 f2near=3875 f2far=3895
SIPM_ARRIVALS event=446 total=1129
SIPM_ADC event=446 readout=3895 f1far=3588 f2near=3627 f2far=3895
SIPM_ARRIVALS event=18 total=873
SIPM_ADC event=18 readout=3586 f1far=3286 f2near=3396 f2far=3753
SIPM_ARRIVALS event=142 total=868
SIPM_ADC event=142 readout=3387 f1far=3205 f2near=3895 f2far=2978
SIPM_ARRIVALS event=80 total=1019
SIPM_ADC event=80 readout=3325 f1far=3189 f2near=3895 f2far=3895
SIPM_ARRIVALS event=265 total=1073
SIPM_ADC event=265 readout=3895 f1far=3895 f2near=3895 f2far=3745
SIPM_ARRIVALS event=328 total=1116
SIPM_ADC event=328 readout=3895 f1far=3895 f2near=3895 f2far=3564
SIPM_ARRIVALS event=204 total=789
SIPM_ADC event=204 readout=3118 f1far=3336 f2near=3170 f2far=3895
SIPM_ARRIVALS event=475 total=1050
SIPM_ADC event=475 readout=3895 f1far=3895 f2near=3895 f2far=3720
SIPM_ARRIVALS event=173 total=969
SIPM_ADC event=173 readout=3203 f1far=3786 f2near=3590 f2far=3895
SIPM_ARRIVALS event=48 total=1220
SIPM_ADC event=48 readout=3895 f1far=3895 f2near=3895 f2far=3895
SIPM_ARRIVALS event=111 total=968
SIPM_ADC event=111 readout=3895 f1far=3895 f2near=3231 f2far=3632
SIPM_ARRIVALS event=359 total=981
SIPM_ADC event=359 readout=3895 f1far=2775 f2near=3147 f2far=3649
SIPM_ARRIVALS event=235 total=956
SIPM_ADC event=235 readout=3895 f1far=3895 f2near=3523 f2far=3545
SIPM_ARRIVALS event=390 total=961
SIPM_ADC event=390 readout=3694 f1far=3508 f2near=3797 f2far=2904
SIPM_ARRIVALS event=417 total=1014
SIPM_ADC event=417 readout=3747 f1far=3837 f2near=3030 f2far=3795
SIPM_ARRIVALS event=297 total=1010
SIPM_ADC event=297 readout=3780 f1far=3403 f2near=3398 f2far=3895
SIPM_ARRIVALS event=19 total=1043
SIPM_ADC event=19 readout=3699 f1far=3489 f2near=3895 f2far=3420
SIPM_ARRIVALS event=143 total=1019
SIPM_ADC event=143 readout=3575 f1far=3895 f2near=3857 f2far=3895
SIPM_ARRIVALS event=205 total=971
SIPM_ADC event=205 readout=3228 f1far=3895 f2near=3830 f2far=3894
SIPM_ARRIVALS event=266 total=1001
SIPM_ADC event=266 readout=3534 f1far=3334 f2near=2978 f2far=3895
SIPM_ARRIVALS event=81 total=1153
SIPM_ADC event=81 readout=3895 f1far=3135 f2near=3895 f2far=3895
SIPM_ARRIVALS event=174 total=917
SIPM_ADC event=174 readout=3315 f1far=3895 f2near=3013 f2far=3365
SIPM_ARRIVALS event=447 total=1307
SIPM_ADC event=447 readout=3895 f1far=3895 f2near=3895 f2far=3895
SIPM_ARRIVALS event=329 total=1068
SIPM_ADC event=329 readout=3622 f1far=3521 f2near=3895 f2far=3779
SIPM_ARRIVALS event=49 total=899
SIPM_ADC event=49 readout=2702 f1far=3158 f2near=2530 f2far=3895
SIPM_ARRIVALS event=476 total=1108
SIPM_ADC event=476 readout=3895 f1far=3895 f2near=3895 f2far=3849
SIPM_ARRIVALS event=112 total=1065
SIPM_ADC event=112 readout=3314 f1far=3347 f2near=3895 f2far=3886
SIPM_ARRIVALS event=236 total=955
SIPM_ADC event=236 readout=3895 f1far=3895 f2near=3279 f2far=3278
SIPM_ARRIVALS event=360 total=1103
SIPM_ADC event=360 readout=3314 f1far=3799 f2near=3895 f2far=3895
SIPM_ARRIVALS event=418 total=971
SIPM_ADC event=418 readout=3046 f1far=3495 f2near=3597 f2far=3895
SIPM_ARRIVALS event=391 total=969
SIPM_ADC event=391 readout=3273 f1far=3895 f2near=3449 f2far=3487
SIPM_ARRIVALS event=144 total=878
SIPM_ADC event=144 readout=3041 f1far=2691 f2near=3759 f2far=3162
SIPM_ARRIVALS event=20 total=887
SIPM_ADC event=20 readout=2994 f1far=2873 f2near=2905 f2far=3768
SIPM_ARRIVALS event=298 total=987
SIPM_ADC event=298 readout=3895 f1far=3067 f2near=3895 f2far=3137
SIPM_ARRIVALS event=267 total=1030
SIPM_ADC event=267 readout=3895 f1far=3895 f2near=2466 f2far=3771
SIPM_ARRIVALS event=82 total=1033
SIPM_ADC event=82 readout=3895 f1far=2840 f2near=3233 f2far=3895
SIPM_ARRIVALS event=448 total=981
SIPM_ADC event=448 readout=3895 f1far=3266 f2near=3448 f2far=3723
SIPM_ARRIVALS event=206 total=1185
SIPM_ADC event=206 readout=3895 f1far=3895 f2near=3895 f2far=3895
SIPM_ARRIVALS event=175 total=1025
SIPM_ADC event=175 readout=3656 f1far=3801 f2near=3876 f2far=3895
SIPM_ARRIVALS event=50 total=947
SIPM_ADC event=50 readout=3895 f1far=3592 f2near=3677 f2far=3895
SIPM_ARRIVALS event=330 total=1013
SIPM_ADC event=330 readout=3282 f1far=3531 f2near=3655 f2far=3895
SIPM_ARRIVALS event=477 total=1083
SIPM_ADC event=477 readout=3895 f1far=3895 f2near=3679 f2far=3787
SIPM_ARRIVALS event=113 total=898
SIPM_ADC event=113 readout=2604 f1far=3041 f2near=3539 f2far=3296
SIPM_ARRIVALS event=237 total=997
SIPM_ADC event=237 readout=3594 f1far=3895 f2near=3895 f2far=3773
SIPM_ARRIVALS event=419 total=963
SIPM_ADC event=419 readout=3895 f1far=3167 f2near=3895 f2far=3630
SIPM_ARRIVALS event=361 total=989
SIPM_ADC event=361 readout=3814 f1far=3250 f2near=3521 f2far=3762
SIPM_ARRIVALS event=392 total=906
SIPM_ADC event=392 readout=3533 f1far=2791 f2near=3310 f2far=3460
SIPM_ARRIVALS event=21 total=931
SIPM_ADC event=21 readout=3365 f1far=3534 f2near=3895 f2far=2771
SIPM_ARRIVALS event=145 total=1077
SIPM_ADC event=145 readout=3895 f1far=3667 f2near=3206 f2far=3526
SIPM_ARRIVALS event=299 total=921
SIPM_ADC event=299 readout=3768 f1far=3446 f2near=3547 f2far=2653
SIPM_ARRIVALS event=176 total=881
SIPM_ADC event=176 readout=3643 f1far=3895 f2near=2893 f2far=3676
SIPM_ARRIVALS event=83 total=923
SIPM_ADC event=83 readout=3476 f1far=3895 f2near=3583 f2far=3895
SIPM_ARRIVALS event=331 total=924
SIPM_ADC event=331 readout=2899 f1far=2850 f2near=3261 f2far=3895
SIPM_ARRIVALS event=449 total=970
SIPM_ADC event=449 readout=3895 f1far=3492 f2near=3134 f2far=3895
SIPM_ARRIVALS event=268 total=1051
SIPM_ADC event=268 readout=3316 f1far=3781 f2near=3531 f2far=3605
SIPM_ARRIVALS event=478 total=897
SIPM_ADC event=478 readout=3070 f1far=3385 f2near=3833 f2far=3353
SIPM_ARRIVALS event=51 total=1006
SIPM_ADC event=51 readout=3895 f1far=3651 f2near=3895 f2far=3895
SIPM_ARRIVALS event=207 total=1103
SIPM_ADC event=207 readout=3895 f1far=3823 f2near=3895 f2far=3098
SIPM_ARRIVALS event=238 total=817
SIPM_ADC event=238 readout=3895 f1far=3184 f2near=2636 f2far=3166
SIPM_ARRIVALS event=114 total=1017
SIPM_ADC event=114 readout=3618 f1far=3605 f2near=2542 f2far=3463
SIPM_ARRIVALS event=420 total=901
SIPM_ADC event=420 readout=3352 f1far=3554 f2near=3669 f2far=2992
SIPM_ARRIVALS event=362 total=913
SIPM_ADC event=362 readout=3127 f1far=3895 f2near=3095 f2far=3443
SIPM_ARRIVALS event=393 total=1083
SIPM_ADC event=393 readout=3895 f1far=3611 f2near=3558 f2far=3895
SIPM_ARRIVALS event=22 total=1096
SIPM_ADC event=22 readout=3788 f1far=3800 f2near=3895 f2far=3895
SIPM_ARRIVALS event=146 total=1107
SIPM_ADC event=146 readout=3895 f1far=3895 f2near=3895 f2far=3895
SIPM_ARRIVALS event=300 total=1055
SIPM_ADC event=300 readout=3403 f1far=3895 f2near=3895 f2far=3624
SIPM_ARRIVALS event=177 total=956
SIPM_ADC event=177 readout=2935 f1far=3298 f2near=3721 f2far=3895
SIPM_ARRIVALS event=269 total=875
SIPM_ADC event=269 readout=3668 f1far=2145 f2near=3034 f2far=3178
SIPM_ARRIVALS event=84 total=1078
SIPM_ADC event=84 readout=3895 f1far=3895 f2near=3895 f2far=3207
SIPM_ARRIVALS event=332 total=971
SIPM_ADC event=332 readout=3384 f1far=3895 f2near=3895 f2far=3895
SIPM_ARRIVALS event=52 total=880
SIPM_ADC event=52 readout=3314 f1far=3715 f2near=3240 f2far=2837
SIPM_ARRIVALS event=479 total=1047
SIPM_ADC event=479 readout=3895 f1far=3895 f2near=3895 f2far=3679
SIPM_ARRIVALS event=450 total=1052
SIPM_ADC event=450 readout=3895 f1far=3342 f2near=3895 f2far=3895
SIPM_ARRIVALS event=239 total=1031
SIPM_ADC event=239 readout=3895 f1far=3437 f2near=3895 f2far=3739
SIPM_ARRIVALS event=208 total=994
SIPM_ADC event=208 readout=3547 f1far=3854 f2near=3273 f2far=3184
SIPM_ARRIVALS event=115 total=958
SIPM_ADC event=115 readout=3168 f1far=3895 f2near=3022 f2far=3895
SIPM_ARRIVALS event=363 total=964
SIPM_ADC event=363 readout=3869 f1far=3895 f2near=2782 f2far=3895
SIPM_ARRIVALS event=421 total=1135
SIPM_ADC event=421 readout=3895 f1far=3776 f2near=3842 f2far=3895
SIPM_ARRIVALS event=394 total=923
SIPM_ADC event=394 readout=3320 f1far=3895 f2near=3333 f2far=3212
SIPM_ARRIVALS event=147 total=848
SIPM_ADC event=147 readout=3027 f1far=2929 f2near=2803 f2far=2601
SIPM_ARRIVALS event=23 total=1033
SIPM_ADC event=23 readout=3895 f1far=3895 f2near=3895 f2far=3573
SIPM_ARRIVALS event=270 total=1004
SIPM_ADC event=270 readout=3895 f1far=3700 f2near=3502 f2far=3895
SIPM_ARRIVALS event=301 total=1018
SIPM_ADC event=301 readout=3619 f1far=3669 f2near=3306 f2far=3895
SIPM_ARRIVALS event=85 total=873
SIPM_ADC event=85 readout=2988 f1far=2716 f2near=3315 f2far=2970
SIPM_ARRIVALS event=178 total=1042
SIPM_ADC event=178 readout=3542 f1far=3895 f2near=3719 f2far=3895
SIPM_ARRIVALS event=333 total=928
SIPM_ADC event=333 readout=3301 f1far=2917 f2near=3737 f2far=3155
SIPM_ARRIVALS event=53 total=1007
SIPM_ADC event=53 readout=2951 f1far=3883 f2near=3476 f2far=3895
SIPM_ARRIVALS event=116 total=945
SIPM_ADC event=116 readout=3895 f1far=2864 f2near=3276 f2far=3711
SIPM_ARRIVALS event=240 total=969
SIPM_ADC event=240 readout=3239 f1far=3895 f2near=3474 f2far=3863
SIPM_ARRIVALS event=209 total=903
SIPM_ADC event=209 readout=3146 f1far=3013 f2near=3130 f2far=3895
SIPM_ARRIVALS event=480 total=1054
SIPM_ADC event=480 readout=3867 f1far=3879 f2near=3895 f2far=3732
SIPM_ARRIVALS event=451 total=1008
SIPM_ADC event=451 readout=3895 f1far=3192 f2near=3895 f2far=3895
SIPM_ARRIVALS event=364 total=894
SIPM_ADC event=364 readout=3635 f1far=3293 f2near=3300 f2far=3471
SIPM_ARRIVALS event=422 total=984
SIPM_ADC event=422 readout=2553 f1far=3895 f2near=3895 f2far=3451
SIPM_ARRIVALS event=395 total=1006
SIPM_ADC event=395 readout=3185 f1far=3895 f2near=3895 f2far=3819
SIPM_ARRIVALS event=24 total=925
SIPM_ADC event=24 readout=3575 f1far=3895 f2near=3388 f2far=3443
SIPM_ARRIVALS event=148 total=1095
SIPM_ADC event=148 readout=3895 f1far=3895 f2near=3895 f2far=3895
SIPM_ARRIVALS event=86 total=930
SIPM_ADC event=86 readout=3895 f1far=3852 f2near=2668 f2far=3524
SIPM_ARRIVALS event=271 total=1018
SIPM_ADC event=271 readout=3814 f1far=3895 f2near=3262 f2far=3895
SIPM_ARRIVALS event=179 total=941
SIPM_ADC event=179 readout=3093 f1far=3746 f2near=3261 f2far=3118
SIPM_ARRIVALS event=302 total=1017
SIPM_ADC event=302 readout=3478 f1far=3640 f2near=3895 f2far=3437
SIPM_ARRIVALS event=334 total=958
SIPM_ADC event=334 readout=3895 f1far=3895 f2near=2825 f2far=2735
SIPM_ARRIVALS event=54 total=977
SIPM_ADC event=54 readout=3895 f1far=3525 f2near=3887 f2far=2840
SIPM_ARRIVALS event=117 total=914
SIPM_ADC event=117 readout=2973 f1far=3215 f2near=3806 f2far=3588
SIPM_ARRIVALS event=481 total=987
SIPM_ADC event=481 readout=3895 f1far=3829 f2near=3678 f2far=3895
SIPM_ARRIVALS event=241 total=1006
SIPM_ADC event=241 readout=3895 f1far=3895 f2near=3895 f2far=3752
SIPM_ARRIVALS event=452 total=1000
SIPM_ADC event=452 readout=2802 f1far=3552 f2near=3418 f2far=3895
SIPM_ARRIVALS event=365 total=848
SIPM_ADC event=365 readout=2793 f1far=3358 f2near=3309 f2far=3466
SIPM_ARRIVALS event=210 total=1011
SIPM_ADC event=210 readout=3017 f1far=3753 f2near=3895 f2far=3749
SIPM_ARRIVALS event=396 total=980
SIPM_ADC event=396 readout=3009 f1far=3895 f2near=3842 f2far=3540
SIPM_ARRIVALS event=149 total=905
SIPM_ADC event=149 readout=3709 f1far=3111 f2near=2895 f2far=3143
SIPM_ARRIVALS event=423 total=1056
SIPM_ADC event=423 readout=3797 f1far=3863 f2near=3895 f2far=3486
SIPM_ARRIVALS event=87 total=880
SIPM_ADC event=87 readout=3154 f1far=3098 f2near=3670 f2far=3486
SIPM_ARRIVALS event=25 total=1014
SIPM_ADC event=25 readout=3591 f1far=3895 f2near=3375 f2far=3895
SIPM_ARRIVALS event=180 total=860
SIPM_ADC event=180 readout=2603 f1far=3721 f2near=3545 f2far=3112
SIPM_ARRIVALS event=303 total=922
SIPM_ADC event=303 readout=3895 f1far=3731 f2near=2880 f2far=2898
SIPM_ARRIVALS event=335 total=944
SIPM_ADC event=335 readout=3025 f1far=3326 f2near=3787 f2far=3114
SIPM_ARRIVALS event=272 total=1133
SIPM_ADC event=272 readout=3895 f1far=3895 f2near=3895 f2far=3895
SIPM_ARRIVALS event=55 total=976
SIPM_ADC event=55 readout=3895 f1far=3390 f2near=3746 f2far=3895
SIPM_ARRIVALS event=453 total=918
SIPM_ADC event=453 readout=2945 f1far=3437 f2near=3049 f2far=3571
SIPM_ARRIVALS event=118 total=895
SIPM_ADC event=118 readout=3510 f1far=3406 f2near=3895 f2far=3598
SIPM_ARRIVALS event=211 total=1017
SIPM_ADC event=211 readout=3895 f1far=3895 f2near=2962 f2far=3895
SIPM_ARRIVALS event=242 total=1039
SIPM_ADC event=242 readout=3895 f1far=3703 f2near=3443 f2far=3895
SIPM_ARRIVALS event=366 total=922
SIPM_ADC event=366 readout=3895 f1far=2350 f2near=2732 f2far=3144
SIPM_ARRIVALS event=482 total=1125
SIPM_ADC event=482 readout=3647 f1far=3895 f2near=3895 f2far=3895
SIPM_ARRIVALS event=88 total=907
SIPM_ADC event=88 readout=2500 f1far=3697 f2near=3762 f2far=3656
SIPM_ARRIVALS event=150 total=950
SIPM_ADC event=150 readout=3622 f1far=3482 f2near=2875 f2far=3895
SIPM_ARRIVALS event=397 total=1109
SIPM_ADC event=397 readout=3511 f1far=3895 f2near=3895 f2far=3895
SIPM_ARRIVALS event=26 total=892
SIPM_ADC event=26 readout=3458 f1far=2789 f2near=2732 f2far=3329
SIPM_ARRIVALS event=181 total=881
SIPM_ADC event=181 readout=3315 f1far=3341 f2near=3895 f2far=2666
SIPM_ARRIVALS event=424 total=953
SIPM_ADC event=424 readout=3895 f1far=3334 f2near=3895 f2far=3327
SIPM_ARRIVALS event=336 total=993
SIPM_ADC event=336 readout=2895 f1far=3354 f2near=3134 f2far=3478
SIPM_ARRIVALS event=454 total=914
SIPM_ADC event=454 readout=3643 f1far=3557 f2near=3290 f2far=3794
SIPM_ARRIVALS event=212 total=845
SIPM_ADC event=212 readout=3259 f1far=3616 f2near=2718 f2far=3239
SIPM_ARRIVALS event=56 total=1023
SIPM_ADC event=56 readout=3419 f1far=3593 f2near=3362 f2far=3512
SIPM_ARRIVALS event=119 total=903
SIPM_ADC event=119 readout=3181 f1far=3895 f2near=3755 f2far=3895
SIPM_ARRIVALS event=304 total=1162
SIPM_ADC event=304 readout=3895 f1far=3845 f2near=3895 f2far=3895
SIPM_ARRIVALS event=483 total=927
SIPM_ADC event=483 readout=3721 f1far=2998 f2near=3711 f2far=3673
SIPM_ARRIVALS event=273 total=1151
SIPM_ADC event=273 readout=3895 f1far=3895 f2near=3895 f2far=3211
SIPM_ARRIVALS event=367 total=977
SIPM_ADC event=367 readout=2836 f1far=3225 f2near=3500 f2far=3058
SIPM_ARRIVALS event=243 total=1205
SIPM_ADC event=243 readout=3895 f1far=3895 f2near=3895 f2far=3895
SIPM_ARRIVALS event=89 total=854
SIPM_ADC event=89 readout=2882 f1far=3083 f2near=3183 f2far=3108
SIPM_ARRIVALS event=398 total=936
SIPM_ADC event=398 readout=3579 f1far=2793 f2near=3520 f2far=3895
SIPM_ARRIVALS event=151 total=1062
SIPM_ADC event=151 readout=3754 f1far=3895 f2near=3789 f2far=3895
SIPM_ARRIVALS event=182 total=959
SIPM_ADC event=182 readout=3485 f1far=3866 f2near=3349 f2far=3429
SIPM_ARRIVALS event=27 total=935
SIPM_ADC event=27 readout=3895 f1far=3895 f2near=3543 f2far=3858
SIPM_ARRIVALS event=425 total=922
SIPM_ADC event=425 readout=3437 f1far=3095 f2near=2848 f2far=3001
SIPM_ARRIVALS event=57 total=855
SIPM_ADC event=57 readout=3895 f1far=2977 f2near=3306 f2far=3396
SIPM_ARRIVALS event=337 total=1052
SIPM_ADC event=337 readout=3787 f1far=3895 f2near=3152 f2far=3502
SIPM_ARRIVALS event=213 total=889
SIPM_ADC event=213 readout=2870 f1far=2879 f2near=3386 f2far=3337
SIPM_ARRIVALS event=455 total=990
SIPM_ADC event=455 readout=3474 f1far=3610 f2near=3895 f2far=3808
SIPM_ARRIVALS event=368 total=883
SIPM_ADC event=368 readout=3029 f1far=3612 f2near=3037 f2far=3182
SIPM_ARRIVALS event=484 total=970
SIPM_ADC event=484 readout=3592 f1far=3895 f2near=3725 f2far=3493
SIPM_ARRIVALS event=120 total=1091
SIPM_ADC event=120 readout=3477 f1far=3895 f2near=3895 f2far=3568
SIPM_ARRIVALS event=305 total=977
SIPM_ADC event=305 readout=2753 f1far=3716 f2near=3625 f2far=3895
SIPM_ARRIVALS event=274 total=1171
SIPM_ADC event=274 readout=3895 f1far=3895 f2near=3895 f2far=3895
SIPM_ARRIVALS event=244 total=1066
SIPM_ADC event=244 readout=3895 f1far=3292 f2near=3895 f2far=3834
SIPM_ARRIVALS event=183 total=862
SIPM_ADC event=183 readout=2928 f1far=2978 f2near=3275 f2far=3895
SIPM_ARRIVALS event=90 total=1001
SIPM_ADC event=90 readout=3712 f1far=3895 f2near=3226 f2far=3838
SIPM_ARRIVALS event=399 total=903
SIPM_ADC event=399 readout=2927 f1far=3895 f2near=3465 f2far=3219
SIPM_ARRIVALS event=152 total=962
SIPM_ADC event=152 readout=3605 f1far=3478 f2near=3895 f2far=3580
SIPM_ARRIVALS event=426 total=998
SIPM_ADC event=426 readout=3664 f1far=3152 f2near=3895 f2far=3231
SIPM_ARRIVALS event=28 total=1010
SIPM_ADC event=28 readout=3592 f1far=3143 f2near=3203 f2far=3284
SIPM_ARRIVALS event=338 total=984
SIPM_ADC event=338 readout=3383 f1far=3895 f2near=3895 f2far=3709
SIPM_ARRIVALS event=456 total=1017
SIPM_ADC event=456 readout=3895 f1far=3111 f2near=3109 f2far=3895
SIPM_ARRIVALS event=58 total=1121
SIPM_ADC event=58 readout=3895 f1far=3770 f2near=3506 f2far=3895
SIPM_ARRIVALS event=369 total=963
SIPM_ADC event=369 readout=2898 f1far=3895 f2near=3895 f2far=3895
SIPM_ARRIVALS event=214 total=1090
SIPM_ADC event=214 readout=3400 f1far=3895 f2near=3895 f2far=3895
SIPM_ARRIVALS event=485 total=1010
SIPM_ADC event=485 readout=3608 f1far=3895 f2near=3550 f2far=3698
SIPM_ARRIVALS event=121 total=1010
SIPM_ADC event=121 readout=3618 f1far=2869 f2near=3321 f2far=3239
SIPM_ARRIVALS event=306 total=967
SIPM_ADC event=306 readout=2803 f1far=3895 f2near=3201 f2far=3682
SIPM_ARRIVALS event=245 total=1010
SIPM_ADC event=245 readout=3403 f1far=3895 f2near=3895 f2far=3793
SIPM_ARRIVALS event=184 total=1005
SIPM_ADC event=184 readout=3890 f1far=3822 f2near=3300 f2far=3432
SIPM_ARRIVALS event=91 total=1076
SIPM_ADC event=91 readout=3311 f1far=2959 f2near=3895 f2far=3895
SIPM_ARRIVALS event=275 total=1194
SIPM_ADC event=275 readout=3895 f1far=3895 f2near=3895 f2far=3895
SIPM_ARRIVALS event=400 total=1084
SIPM_ADC event=400 readout=3849 f1far=3895 f2near=3895 f2far=3895
SIPM_ARRIVALS event=427 total=991
SIPM_ADC event=427 readout=3895 f1far=3465 f2near=3597 f2far=3725
SIPM_ARRIVALS event=153 total=1031
SIPM_ADC event=153 readout=3895 f1far=3895 f2near=3831 f2far=3687
SIPM_ARRIVALS event=29 total=1103
SIPM_ADC event=29 readout=3895 f1far=3342 f2near=3718 f2far=3895
SIPM_ARRIVALS event=59 total=880
SIPM_ADC event=59 readout=3297 f1far=2747 f2near=3539 f2far=3312
SIPM_ARRIVALS event=122 total=913
SIPM_ADC event=122 readout=3814 f1far=3333 f2near=2666 f2far=2954
SIPM_ARRIVALS event=339 total=1027
SIPM_ADC event=339 readout=3895 f1far=3895 f2near=3585 f2far=3895
SIPM_ARRIVALS event=486 total=964
SIPM_ADC event=486 readout=3895 f1far=3397 f2near=3814 f2far=3143
SIPM_ARRIVALS event=370 total=901
SIPM_ADC event=370 readout=3003 f1far=3214 f2near=3621 f2far=3895
SIPM_ARRIVALS event=215 total=982
SIPM_ADC event=215 readout=3415 f1far=3895 f2near=3104 f2far=2942
SIPM_ARRIVALS event=307 total=912
SIPM_ADC event=307 readout=3458 f1far=2922 f2near=2724 f2far=3102
SIPM_ARRIVALS event=246 total=903
SIPM_ADC event=246 readout=3569 f1far=3895 f2near=3895 f2far=3705
SIPM_ARRIVALS event=185 total=996
SIPM_ADC event=185 readout=3748 f1far=3895 f2near=3575 f2far=3467
SIPM_ARRIVALS event=92 total=907
SIPM_ADC event=92 readout=3534 f1far=3145 f2near=2727 f2far=3674
SIPM_ARRIVALS event=428 total=882
SIPM_ADC event=428 readout=3661 f1far=3895 f2near=2588 f2far=3813
SIPM_ARRIVALS event=401 total=926
SIPM_ADC event=401 readout=2635 f1far=3449 f2near=3895 f2far=2987
SIPM_ARRIVALS event=276 total=1026
SIPM_ADC event=276 readout=3376 f1far=3895 f2near=3895 f2far=3261
SIPM_ARRIVALS event=154 total=920
SIPM_ADC event=154 readout=3661 f1far=3059 f2near=3511 f2far=3222
SIPM_ARRIVALS event=60 total=929
SIPM_ADC event=60 readout=3474 f1far=3895 f2near=3252 f2far=3626
SIPM_ARRIVALS event=30 total=991
SIPM_ADC event=30 readout=3895 f1far=3693 f2near=3580 f2far=3057
SIPM_ARRIVALS event=487 total=843
SIPM_ADC event=487 readout=3251 f1far=3011 f2near=3300 f2far=2727
SIPM_ARRIVALS event=340 total=889
SIPM_ADC event=340 readout=2760 f1far=3754 f2near=3694 f2far=3307
SIPM_ARRIVALS event=216 total=922
SIPM_ADC event=216 readout=3211 f1far=3895 f2near=3314 f2far=2914
SIPM_ARRIVALS event=123 total=1097
SIPM_ADC event=123 readout=3825 f1far=3895 f2near=3895 f2far=3895
SIPM_ARRIVALS event=371 total=1098
SIPM_ADC event=371 readout=3836 f1far=3895 f2near=3895 f2far=3791
SIPM_ARRIVALS event=308 total=973
SIPM_ADC event=308 readout=3767 f1far=3404 f2near=3895 f2far=3887
SIPM_ARRIVALS event=247 total=1002
SIPM_ADC event=247 readout=3895 f1far=3895 f2near=2730 f2far=3382
SIPM_ARRIVALS event=527 total=951
SIPM_ADC event=527 readout=3143 f1far=3173 f2near=3147 f2far=3627
SIPM_ARRIVALS event=496 total=1013
SIPM_ADC event=496 readout=3895 f1far=3526 f2near=3895 f2far=3895
SIPM_ARRIVALS event=402 total=994
SIPM_ADC event=402 readout=2984 f1far=3895 f2near=2731 f2far=3780
SIPM_ARRIVALS event=429 total=1056
SIPM_ADC event=429 readout=3895 f1far=3551 f2near=3865 f2far=3895
SIPM_ARRIVALS event=558 total=1038
SIPM_ADC event=558 readout=3895 f1far=3895 f2near=3895 f2far=3890
SIPM_ARRIVALS event=589 total=968
SIPM_ADC event=589 readout=3378 f1far=3895 f2near=3794 f2far=3821
SIPM_ARRIVALS event=61 total=981
SIPM_ADC event=61 readout=3731 f1far=3895 f2near=3895 f2far=3004
SIPM_ARRIVALS event=277 total=1210
SIPM_ADC event=277 readout=3895 f1far=3895 f2near=3895 f2far=3895
SIPM_ARRIVALS event=488 total=966
SIPM_ADC event=488 readout=3657 f1far=3800 f2near=3155 f2far=3465
SIPM_ARRIVALS event=620 total=1055
SIPM_ADC event=620 readout=3396 f1far=3895 f2near=3895 f2far=2960
SIPM_ARRIVALS event=651 total=925
SIPM_ADC event=651 readout=3895 f1far=3895 f2near=2597 f2far=3483
SIPM_ARRIVALS event=682 total=900
SIPM_ADC event=682 readout=3895 f1far=3191 f2near=3641 f2far=3108
SIPM_ARRIVALS event=713 total=954
SIPM_ADC event=713 readout=3709 f1far=2991 f2near=3895 f2far=3767
SIPM_ARRIVALS event=309 total=1016
SIPM_ADC event=309 readout=3767 f1far=3409 f2near=3450 f2far=3642
SIPM_ARRIVALS event=744 total=967
SIPM_ADC event=744 readout=3568 f1far=3895 f2near=3863 f2far=3741
SIPM_ARRIVALS event=528 total=990
SIPM_ADC event=528 readout=3763 f1far=3895 f2near=3447 f2far=3271
SIPM_ARRIVALS event=430 total=861
SIPM_ADC event=430 readout=3895 f1far=3217 f2near=3262 f2far=3790
SIPM_ARRIVALS event=590 total=940
SIPM_ADC event=590 readout=2878 f1far=3486 f2near=2933 f2far=3193
SIPM_ARRIVALS event=775 total=1048
SIPM_ADC event=775 readout=3895 f1far=3659 f2near=3450 f2far=3743
SIPM_ARRIVALS event=559 total=916
SIPM_ADC event=559 readout=3739 f1far=3895 f2near=3635 f2far=3895
SIPM_ARRIVALS event=497 total=1090
SIPM_ADC event=497 readout=3895 f1far=3588 f2near=3895 f2far=3895
SIPM_ARRIVALS event=489 total=855
SIPM_ADC event=489 readout=3149 f1far=3895 f2near=3341 f2far=3069
SIPM_ARRIVALS event=806 total=1027
SIPM_ADC event=806 readout=3895 f1far=3895 f2near=3895 f2far=3591
SIPM_ARRIVALS event=278 total=924
SIPM_ADC event=278 readout=3579 f1far=3575 f2near=2949 f2far=3773
SIPM_ARRIVALS event=652 total=922
SIPM_ADC event=652 readout=3179 f1far=3403 f2near=3229 f2far=3787
SIPM_ARRIVALS event=621 total=974
SIPM_ADC event=621 readout=3293 f1far=3843 f2near=3493 f2far=3331
SIPM_ARRIVALS event=745 total=814
SIPM_ADC event=745 readout=3120 f1far=3225 f2near=2841 f2far=3102
SIPM_ARRIVALS event=683 total=1041
SIPM_ADC event=683 readout=3839 f1far=3271 f2near=3895 f2far=3665
SIPM_ARRIVALS event=714 total=996
SIPM_ADC event=714 readout=3407 f1far=3431 f2near=3014 f2far=3895
SIPM_ARRIVALS event=837 total=822
SIPM_ADC event=837 readout=3207 f1far=3217 f2near=2724 f2far=3589
SIPM_ARRIVALS event=529 total=996
SIPM_ADC event=529 readout=3895 f1far=3895 f2near=3895 f2far=3088
SIPM_ARRIVALS event=591 total=912
SIPM_ADC event=591 readout=3183 f1far=3114 f2near=3895 f2far=3542
SIPM_ARRIVALS event=431 total=974
SIPM_ADC event=431 readout=3895 f1far=3794 f2near=3768 f2far=3895
SIPM_ARRIVALS event=776 total=970
SIPM_ADC event=776 readout=3143 f1far=3425 f2near=3498 f2far=3802
SIPM_ARRIVALS event=498 total=978
SIPM_ADC event=498 readout=3895 f1far=3382 f2near=3113 f2far=3895
SIPM_ARRIVALS event=560 total=973
SIPM_ADC event=560 readout=3020 f1far=3895 f2near=3895 f2far=3731
SIPM_ARRIVALS event=490 total=920
SIPM_ADC event=490 readout=3556 f1far=3895 f2near=3287 f2far=3262
SIPM_ARRIVALS event=807 total=934
SIPM_ADC event=807 readout=3577 f1far=3895 f2near=2478 f2far=3545
SIPM_ARRIVALS event=653 total=945
SIPM_ADC event=653 readout=3496 f1far=3673 f2near=3895 f2far=3460
SIPM_ARRIVALS event=868 total=1076
SIPM_ADC event=868 readout=3895 f1far=3895 f2near=3895 f2far=3508
SIPM_ARRIVALS event=746 total=951
SIPM_ADC event=746 readout=3064 f1far=3117 f2near=3895 f2far=3788
SIPM_ARRIVALS event=622 total=1057
SIPM_ADC event=622 readout=3335 f1far=3737 f2near=3803 f2far=3276
SIPM_ARRIVALS event=838 total=989
SIPM_ADC event=838 readout=3895 f1far=3895 f2near=3159 f2far=3237
SIPM_ARRIVALS event=715 total=1004
SIPM_ADC event=715 readout=3788 f1far=3489 f2near=3895 f2far=3877
SIPM_ARRIVALS event=684 total=995
SIPM_ADC event=684 readout=3295 f1far=3895 f2near=3895 f2far=3895
SIPM_ARRIVALS event=592 total=926
SIPM_ADC event=592 readout=2798 f1far=3566 f2near=3769 f2far=3259
SIPM_ARRIVALS event=530 total=1107
SIPM_ADC event=530 readout=3895 f1far=3895 f2near=3895 f2far=3895
SIPM_ARRIVALS event=808 total=882
SIPM_ADC event=808 readout=2756 f1far=3220 f2near=3473 f2far=3487
SIPM_ARRIVALS event=561 total=887
SIPM_ADC event=561 readout=2736 f1far=2753 f2near=3452 f2far=3895
SIPM_ARRIVALS event=457 total=5587
SIPM_ADC event=457 readout=3895 f1far=3895 f2near=3895 f2far=3895
SIPM_ARRIVALS event=777 total=1059
SIPM_ADC event=777 readout=3799 f1far=3895 f2near=2971 f2far=3895
SIPM_ARRIVALS event=499 total=943
SIPM_ADC event=499 readout=2762 f1far=3154 f2near=2889 f2far=3895
SIPM_ARRIVALS event=432 total=1071
SIPM_ADC event=432 readout=3659 f1far=3895 f2near=3895 f2far=3895
SIPM_ARRIVALS event=491 total=943
SIPM_ADC event=491 readout=2732 f1far=3674 f2near=3633 f2far=3895
SIPM_ARRIVALS event=869 total=942
SIPM_ADC event=869 readout=3588 f1far=3065 f2near=3367 f2far=3868
SIPM_ARRIVALS event=654 total=893
SIPM_ADC event=654 readout=3309 f1far=3532 f2near=3895 f2far=3891
SIPM_ARRIVALS event=685 total=935
SIPM_ADC event=685 readout=3772 f1far=3451 f2near=3065 f2far=3568
SIPM_ARRIVALS event=747 total=928
SIPM_ADC event=747 readout=3718 f1far=3325 f2near=3895 f2far=3234
SIPM_ARRIVALS event=623 total=1043
SIPM_ADC event=623 readout=3739 f1far=3895 f2near=3063 f2far=3895
SIPM_ARRIVALS event=839 total=923
SIPM_ADC event=839 readout=3723 f1far=3895 f2near=3307 f2far=3780
SIPM_ARRIVALS event=716 total=1045
SIPM_ADC event=716 readout=3895 f1far=3895 f2near=3895 f2far=3866
SIPM_ARRIVALS event=531 total=844
SIPM_ADC event=531 readout=3162 f1far=3886 f2near=3365 f2far=3087
SIPM_ARRIVALS event=778 total=899
SIPM_ADC event=778 readout=3311 f1far=3427 f2near=3337 f2far=2826
SIPM_ARRIVALS event=809 total=922
SIPM_ADC event=809 readout=3895 f1far=3478 f2near=2840 f2far=2996
SIPM_ARRIVALS event=562 total=1009
SIPM_ADC event=562 readout=3290 f1far=3895 f2near=3692 f2far=3831
SIPM_ARRIVALS event=593 total=1051
SIPM_ADC event=593 readout=3895 f1far=3895 f2near=3895 f2far=3895
SIPM_ARRIVALS event=492 total=975
SIPM_ADC event=492 readout=3696 f1far=3585 f2near=3733 f2far=3017
SIPM_ARRIVALS event=458 total=1130
SIPM_ADC event=458 readout=3895 f1far=3733 f2near=3892 f2far=3895
SIPM_ARRIVALS event=500 total=1062
SIPM_ADC event=500 readout=3895 f1far=3400 f2near=3895 f2far=3441
SIPM_ARRIVALS event=433 total=1133
SIPM_ADC event=433 readout=3830 f1far=3371 f2near=3577 f2far=3760
SIPM_ARRIVALS event=655 total=941
SIPM_ADC event=655 readout=3303 f1far=3895 f2near=3107 f2far=2595
SIPM_ARRIVALS event=624 total=915
SIPM_ADC event=624 readout=3887 f1far=3175 f2near=2536 f2far=3895
SIPM_ARRIVALS event=840 total=838
SIPM_ADC event=840 readout=2752 f1far=2626 f2near=3273 f2far=3144
SIPM_ARRIVALS event=870 total=1079
SIPM_ADC event=870 readout=3453 f1far=3667 f2near=3895 f2far=3895
SIPM_ARRIVALS event=748 total=1001
SIPM_ADC event=748 readout=3711 f1far=3211 f2near=3895 f2far=3778
SIPM_ARRIVALS event=686 total=999
SIPM_ADC event=686 readout=3618 f1far=3367 f2near=3367 f2far=3895
SIPM_ARRIVALS event=717 total=1065
SIPM_ADC event=717 readout=3895 f1far=3895 f2near=3895 f2far=3666
SIPM_ARRIVALS event=532 total=1068
SIPM_ADC event=532 readout=3895 f1far=3783 f2near=3895 f2far=3895
SIPM_ARRIVALS event=810 total=849
SIPM_ADC event=810 readout=2879 f1far=3362 f2near=3895 f2far=3338
SIPM_ARRIVALS event=779 total=909
SIPM_ADC event=779 readout=3147 f1far=3895 f2near=3282 f2far=3420
SIPM_ARRIVALS event=493 total=937
SIPM_ADC event=493 readout=3895 f1far=3549 f2near=3875 f2far=3266
SIPM_ARRIVALS event=594 total=985
SIPM_ADC event=594 readout=3895 f1far=3644 f2near=3460 f2far=3579
SIPM_ARRIVALS event=563 total=1025
SIPM_ADC event=563 readout=3689 f1far=3895 f2near=3895 f2far=3895
SIPM_ARRIVALS event=501 total=969
SIPM_ADC event=501 readout=3619 f1far=3895 f2near=3579 f2far=3404
SIPM_ARRIVALS event=459 total=1076
SIPM_ADC event=459 readout=3895 f1far=3706 f2near=3895 f2far=3895
SIPM_ARRIVALS event=899 total=953
SIPM_ADC event=899 readout=3895 f1far=3895 f2near=3214 f2far=3306
SIPM_ARRIVALS event=656 total=914
SIPM_ADC event=656 readout=3895 f1far=3511 f2near=2890 f2far=3094
SIPM_ARRIVALS event=625 total=859
SIPM_ADC event=625 readout=3895 f1far=3150 f2near=2944 f2far=2571
SIPM_ARRIVALS event=749 total=853
SIPM_ADC event=749 readout=3767 f1far=3286 f2near=3549 f2far=3712
SIPM_ARRIVALS event=841 total=961
SIPM_ADC event=841 readout=3895 f1far=3399 f2near=3361 f2far=3144
SIPM_ARRIVALS event=871 total=926
SIPM_ADC event=871 readout=2821 f1far=3221 f2near=3206 f2far=3741
SIPM_ARRIVALS event=687 total=1111
SIPM_ADC event=687 readout=3824 f1far=3895 f2near=3895 f2far=3483
SIPM_ARRIVALS event=718 total=936
SIPM_ADC event=718 readout=3895 f1far=3162 f2near=3681 f2far=3114
SIPM_ARRIVALS event=811 total=893
SIPM_ADC event=811 readout=3895 f1far=2678 f2near=3161 f2far=2941
SIPM_ARRIVALS event=533 total=848
SIPM_ADC event=533 readout=3301 f1far=3604 f2near=2035 f2far=3202
SIPM_ARRIVALS event=780 total=952
SIPM_ADC event=780 readout=3129 f1far=3124 f2near=2816 f2far=3895
SIPM_ARRIVALS event=494 total=873
SIPM_ADC event=494 readout=3372 f1far=3895 f2near=3356 f2far=2412
SIPM_ARRIVALS event=564 total=954
SIPM_ADC event=564 readout=3608 f1far=3505 f2near=3845 f2far=3895
SIPM_ARRIVALS event=460 total=835
SIPM_ADC event=460 readout=3332 f1far=2742 f2near=3396 f2far=2595
SIPM_ARRIVALS event=595 total=1069
SIPM_ADC event=595 readout=3543 f1far=3579 f2near=3895 f2far=3895
SIPM_ARRIVALS event=502 total=1075
SIPM_ADC event=502 readout=3895 f1far=3895 f2near=3565 f2far=3895
SIPM_ARRIVALS event=900 total=931
SIPM_ADC event=900 readout=2758 f1far=3437 f2near=3503 f2far=3713
SIPM_ARRIVALS event=657 total=926
SIPM_ADC event=657 readout=3446 f1far=3023 f2near=3174 f2far=2908
SIPM_ARRIVALS event=750 total=945
SIPM_ADC event=750 readout=3552 f1far=3010 f2near=3708 f2far=3488
SIPM_ARRIVALS event=626 total=1008
SIPM_ADC event=626 readout=3895 f1far=3895 f2near=3895 f2far=3644
SIPM_ARRIVALS event=872 total=938
SIPM_ADC event=872 readout=3138 f1far=2241 f2near=3895 f2far=3818
SIPM_ARRIVALS event=842 total=995
SIPM_ADC event=842 readout=3247 f1far=3895 f2near=3872 f2far=3307
SIPM_ARRIVALS event=688 total=843
SIPM_ADC event=688 readout=3284 f1far=2633 f2near=3134 f2far=3037
SIPM_ARRIVALS event=719 total=869
SIPM_ADC event=719 readout=3444 f1far=3856 f2near=3445 f2far=3752
SIPM_ARRIVALS event=812 total=933
SIPM_ADC event=812 readout=3303 f1far=3508 f2near=3313 f2far=3438
SIPM_ARRIVALS event=534 total=949
SIPM_ADC event=534 readout=2169 f1far=3895 f2near=3353 f2far=3727
SIPM_ARRIVALS event=781 total=1013
SIPM_ADC event=781 readout=3495 f1far=3895 f2near=3855 f2far=3669
SIPM_ARRIVALS event=565 total=911
SIPM_ADC event=565 readout=3702 f1far=3833 f2near=3236 f2far=3269
SIPM_ARRIVALS event=596 total=914
SIPM_ADC event=596 readout=3895 f1far=3325 f2near=3895 f2far=3063
SIPM_ARRIVALS event=495 total=1113
SIPM_ADC event=495 readout=3538 f1far=3472 f2near=3895 f2far=3895
SIPM_ARRIVALS event=461 total=1014
SIPM_ADC event=461 readout=3754 f1far=3895 f2near=3895 f2far=3895
SIPM_ARRIVALS event=901 total=986
SIPM_ADC event=901 readout=3895 f1far=3699 f2near=3895 f2far=3279
SIPM_ARRIVALS event=658 total=962
SIPM_ADC event=658 readout=3895 f1far=3654 f2near=3714 f2far=3878
SIPM_ARRIVALS event=503 total=1044
SIPM_ADC event=503 readout=3895 f1far=3895 f2near=3895 f2far=3326
SIPM_ARRIVALS event=873 total=845
SIPM_ADC event=873 readout=3352 f1far=3777 f2near=2343 f2far=3187
SIPM_ARRIVALS event=627 total=1045
SIPM_ADC event=627 readout=3895 f1far=3895 f2near=3895 f2far=3806
SIPM_ARRIVALS event=751 total=1055
SIPM_ADC event=751 readout=3619 f1far=3895 f2near=3428 f2far=3895
SIPM_ARRIVALS event=843 total=1049
SIPM_ADC event=843 readout=3784 f1far=3883 f2near=3895 f2far=3895
SIPM_ARRIVALS event=689 total=1095
SIPM_ADC event=689 readout=3895 f1far=3895 f2near=3895 f2far=3895
SIPM_ARRIVALS event=813 total=1039
SIPM_ADC event=813 readout=3895 f1far=3281 f2near=3619 f2far=3895
SIPM_ARRIVALS event=535 total=960
SIPM_ADC event=535 readout=3895 f1far=3487 f2near=3111 f2far=3895
SIPM_ARRIVALS event=720 total=1084
SIPM_ADC event=720 readout=3895 f1far=3895 f2near=3895 f2far=3895
SIPM_ARRIVALS event=782 total=873
SIPM_ADC event=782 readout=3328 f1far=2997 f2near=3278 f2far=3895
SIPM_ARRIVALS event=566 total=901
SIPM_ADC event=566 readout=3863 f1far=2991 f2near=3193 f2far=3611
SIPM_ARRIVALS event=930 total=1073
SIPM_ADC event=930 readout=3895 f1far=3895 f2near=3884 f2far=3665
SIPM_ARRIVALS event=902 total=916
SIPM_ADC event=902 readout=3461 f1far=2708 f2near=3415 f2far=3895
SIPM_ARRIVALS event=462 total=999
SIPM_ADC event=462 readout=3895 f1far=3148 f2near=3323 f2far=3895
SIPM_ARRIVALS event=874 total=941
SIPM_ADC event=874 readout=3143 f1far=3494 f2near=3141 f2far=3380
SIPM_ARRIVALS event=659 total=1040
SIPM_ADC event=659 readout=3895 f1far=3895 f2near=3843 f2far=3895
SIPM_ARRIVALS event=504 total=1023
SIPM_ADC event=504 readout=3895 f1far=3177 f2near=3839 f2far=3687
SIPM_ARRIVALS event=597 total=1208
SIPM_ADC event=597 readout=3895 f1far=3895 f2near=3895 f2far=3895
SIPM_ARRIVALS event=628 total=901
SIPM_ADC event=628 readout=3621 f1far=2881 f2near=2672 f2far=3869
SIPM_ARRIVALS event=844 total=1053
SIPM_ADC event=844 readout=3895 f1far=3895 f2near=3895 f2far=3895
SIPM_ARRIVALS event=752 total=1038
SIPM_ADC event=752 readout=3895 f1far=3895 f2near=3673 f2far=3890
SIPM_ARRIVALS event=690 total=1015
SIPM_ADC event=690 readout=3895 f1far=3763 f2near=3626 f2far=3895
SIPM_ARRIVALS event=783 total=918
SIPM_ADC event=783 readout=3882 f1far=3310 f2near=3367 f2far=3099
SIPM_ARRIVALS event=567 total=885
SIPM_ADC event=567 readout=3895 f1far=3748 f2near=3895 f2far=3334
SIPM_ARRIVALS event=721 total=1163
SIPM_ADC event=721 readout=3694 f1far=3603 f2near=3895 f2far=3655
SIPM_ARRIVALS event=536 total=1178
SIPM_ADC event=536 readout=3895 f1far=3895 f2near=3841 f2far=3895
SIPM_ARRIVALS event=814 total=1161
SIPM_ADC event=814 readout=3895 f1far=3895 f2near=3895 f2far=3509
SIPM_ARRIVALS event=463 total=924
SIPM_ADC event=463 readout=3773 f1far=3446 f2near=3678 f2far=3280
SIPM_ARRIVALS event=505 total=908
SIPM_ADC event=505 readout=3716 f1far=3593 f2near=3138 f2far=3895
SIPM_ARRIVALS event=875 total=985
SIPM_ADC event=875 readout=3895 f1far=3684 f2near=3507 f2far=3895
SIPM_ARRIVALS event=598 total=925
SIPM_ARRIVALS event=903 total=1025
SIPM_ADC event=598 readout=2891 f1far=3696 f2near=3202 f2far=3895
SIPM_ADC event=903 readout=2814 f1far=3583 f2near=3177 f2far=3568
SIPM_ARRIVALS event=629 total=953
SIPM_ADC event=629 readout=3895 f1far=3895 f2near=3726 f2far=3605
SIPM_ARRIVALS event=660 total=1005
SIPM_ADC event=660 readout=3895 f1far=3836 f2near=3895 f2far=3895
SIPM_ARRIVALS event=753 total=906
SIPM_ADC event=753 readout=3683 f1far=3895 f2near=3615 f2far=3820
SIPM_ARRIVALS event=845 total=995
SIPM_ADC event=845 readout=3895 f1far=3555 f2near=3256 f2far=3895
SIPM_ARRIVALS event=691 total=928
SIPM_ADC event=691 readout=3026 f1far=3824 f2near=3890 f2far=2909
SIPM_ARRIVALS event=784 total=996
SIPM_ADC event=784 readout=3530 f1far=3485 f2near=3895 f2far=3239
SIPM_ARRIVALS event=537 total=866
SIPM_ADC event=537 readout=2760 f1far=3481 f2near=3708 f2far=3174
SIPM_ARRIVALS event=722 total=1062
SIPM_ADC event=722 readout=3529 f1far=3895 f2near=3895 f2far=2946
SIPM_ARRIVALS event=815 total=1101
SIPM_ADC event=815 readout=3895 f1far=3459 f2near=3895 f2far=3423
SIPM_ARRIVALS event=464 total=944
SIPM_ADC event=464 readout=3025 f1far=3851 f2near=3573 f2far=3667
SIPM_ARRIVALS event=876 total=974
SIPM_ADC event=876 readout=3010 f1far=3573 f2near=3429 f2far=3895
SIPM_ARRIVALS event=506 total=1028
SIPM_ADC event=506 readout=3895 f1far=3511 f2near=3877 f2far=3895
SIPM_ARRIVALS event=599 total=1052
SIPM_ADC event=599 readout=3895 f1far=3518 f2near=3762 f2far=3895
SIPM_ARRIVALS event=630 total=1060
SIPM_ADC event=630 readout=3895 f1far=3895 f2near=3895 f2far=3792
SIPM_ARRIVALS event=661 total=971
SIPM_ADC event=661 readout=3360 f1far=3796 f2near=3895 f2far=3220
SIPM_ARRIVALS event=754 total=959
SIPM_ADC event=754 readout=3584 f1far=3697 f2near=3895 f2far=3895
SIPM_ARRIVALS event=904 total=1230
SIPM_ADC event=904 readout=3895 f1far=3895 f2near=3876 f2far=3895
SIPM_ARRIVALS event=846 total=1030
SIPM_ADC event=846 readout=3579 f1far=3869 f2near=3370 f2far=3579
SIPM_ARRIVALS event=785 total=905
SIPM_ADC event=785 readout=3047 f1far=3517 f2near=3895 f2far=3470
SIPM_ARRIVALS event=931 total=2622
SIPM_ADC event=931 readout=3895 f1far=3895 f2near=3895 f2far=3895
SIPM_ARRIVALS event=692 total=1046
SIPM_ADC event=692 readout=3895 f1far=3877 f2near=3381 f2far=3691
SIPM_ARRIVALS event=538 total=998
SIPM_ADC event=538 readout=3895 f1far=3895 f2near=3660 f2far=3284
SIPM_ARRIVALS event=723 total=1083
SIPM_ADC event=723 readout=3895 f1far=3895 f2near=3895 f2far=3895
SIPM_ARRIVALS event=816 total=936
SIPM_ADC event=816 readout=3390 f1far=3895 f2near=3884 f2far=3172
SIPM_ARRIVALS event=507 total=929
SIPM_ADC event=507 readout=2977 f1far=3297 f2near=3872 f2far=3147
SIPM_ARRIVALS event=961 total=1043
SIPM_ADC event=961 readout=3895 f1far=3895 f2near=3895 f2far=3895
SIPM_ARRIVALS event=600 total=1048
SIPM_ADC event=600 readout=3462 f1far=3794 f2near=3895 f2far=3530
SIPM_ARRIVALS event=755 total=917
SIPM_ADC event=755 readout=3618 f1far=3580 f2near=3161 f2far=2943
SIPM_ARRIVALS event=877 total=1109
SIPM_ADC event=877 readout=3895 f1far=3895 f2near=3895 f2far=3895
SIPM_ARRIVALS event=631 total=1054
SIPM_ADC event=631 readout=3895 f1far=3895 f2near=3895 f2far=3895
SIPM_ARRIVALS event=662 total=1060
SIPM_ADC event=662 readout=3523 f1far=3895 f2near=3895 f2far=3320
SIPM_ARRIVALS event=905 total=1027
SIPM_ADC event=905 readout=3895 f1far=3895 f2near=3895 f2far=3511
SIPM_ARRIVALS event=786 total=968
SIPM_ADC event=786 readout=3685 f1far=3516 f2near=3895 f2far=3230
SIPM_ARRIVALS event=847 total=1059
SIPM_ADC event=847 readout=3895 f1far=3832 f2near=3895 f2far=3102
SIPM_ARRIVALS event=693 total=904
SIPM_ADC event=693 readout=3895 f1far=3091 f2near=3067 f2far=3570
SIPM_ARRIVALS event=932 total=937
SIPM_ADC event=932 readout=2841 f1far=2691 f2near=3410 f2far=3895
SIPM_ARRIVALS event=539 total=1034
SIPM_ADC event=539 readout=3388 f1far=3373 f2near=3895 f2far=3895
SIPM_ARRIVALS event=724 total=919
SIPM_ADC event=724 readout=3159 f1far=3855 f2near=3521 f2far=3895
SIPM_ARRIVALS event=962 total=882
SIPM_ADC event=962 readout=3454 f1far=3183 f2near=3095 f2far=3103
SIPM_ARRIVALS event=601 total=908
SIPM_ADC event=601 readout=3267 f1far=3773 f2near=3663 f2far=3579
SIPM_ARRIVALS event=817 total=1085
SIPM_ADC event=817 readout=3895 f1far=3895 f2near=3895 f2far=3895
SIPM_ARRIVALS event=508 total=1018
SIPM_ADC event=508 readout=3703 f1far=3701 f2near=3276 f2far=3883
SIPM_ARRIVALS event=756 total=975
SIPM_ADC event=756 readout=3238 f1far=2577 f2near=3895 f2far=3895
SIPM_ARRIVALS event=663 total=881
SIPM_ADC event=663 readout=3640 f1far=3314 f2near=3764 f2far=3043
SIPM_ARRIVALS event=632 total=909
SIPM_ADC event=632 readout=3049 f1far=3054 f2near=3598 f2far=3463
SIPM_ARRIVALS event=878 total=1012
SIPM_ADC event=878 readout=3895 f1far=3736 f2near=3895 f2far=3384
SIPM_ARRIVALS event=906 total=965
SIPM_ADC event=906 readout=2937 f1far=3895 f2near=3371 f2far=3895
SIPM_ARRIVALS event=848 total=905
SIPM_ADC event=848 readout=3292 f1far=3369 f2near=3369 f2far=3647
SIPM_ARRIVALS event=787 total=892
SIPM_ADC event=787 readout=3146 f1far=3317 f2near=2824 f2far=3520
SIPM_ARRIVALS event=933 total=1016
SIPM_ADC event=933 readout=2973 f1far=3585 f2near=3106 f2far=2973
SIPM_ARRIVALS event=694 total=946
SIPM_ADC event=694 readout=3163 f1far=2592 f2near=3895 f2far=3410
SIPM_ARRIVALS event=540 total=959
SIPM_ADC event=540 readout=3222 f1far=2807 f2near=3895 f2far=3687
SIPM_ARRIVALS event=568 total=3929
SIPM_ADC event=568 readout=3895 f1far=3895 f2near=3895 f2far=3895
SIPM_ARRIVALS event=725 total=849
SIPM_ADC event=725 readout=3105 f1far=3011 f2near=2861 f2far=3752
SIPM_ARRIVALS event=963 total=923
SIPM_ADC event=963 readout=2688 f1far=3496 f2near=3175 f2far=3895
SIPM_ARRIVALS event=509 total=965
SIPM_ADC event=509 readout=3895 f1far=3895 f2near=2934 f2far=3880
SIPM_ARRIVALS event=818 total=945
SIPM_ADC event=818 readout=3131 f1far=3326 f2near=3886 f2far=3783
SIPM_ARRIVALS event=602 total=989
SIPM_ADC event=602 readout=2831 f1far=3571 f2near=3667 f2far=3676
SIPM_ARRIVALS event=633 total=806
SIPM_ADC event=633 readout=3450 f1far=3863 f2near=2405 f2far=2874
SIPM_ARRIVALS event=757 total=874
SIPM_ADC event=757 readout=3895 f1far=3014 f2near=3478 f2far=3462
SIPM_ARRIVALS event=664 total=946
SIPM_ADC event=664 readout=2997 f1far=3776 f2near=3462 f2far=3895
SIPM_ARRIVALS event=879 total=950
SIPM_ADC event=879 readout=3239 f1far=3895 f2near=3275 f2far=3895
SIPM_ARRIVALS event=907 total=953
SIPM_ADC event=907 readout=3797 f1far=3740 f2near=3544 f2far=3073
SIPM_ARRIVALS event=849 total=884
SIPM_ADC event=849 readout=2752 f1far=3234 f2near=3381 f2far=3895
SIPM_ARRIVALS event=934 total=936
SIPM_ADC event=934 readout=3155 f1far=2950 f2near=3495 f2far=3063
SIPM_ARRIVALS event=695 total=970
SIPM_ADC event=695 readout=3854 f1far=3712 f2near=3122 f2far=3038
SIPM_ARRIVALS event=788 total=1197
SIPM_ADC event=788 readout=3895 f1far=3895 f2near=3895 f2far=3895
SIPM_ARRIVALS event=541 total=1039
SIPM_ADC event=541 readout=3788 f1far=3499 f2near=3783 f2far=3895
SIPM_ARRIVALS event=726 total=1021
SIPM_ADC event=726 readout=3702 f1far=3895 f2near=3895 f2far=3895
SIPM_ARRIVALS event=964 total=934
SIPM_ADC event=964 readout=3193 f1far=3395 f2near=3268 f2far=3558
SIPM_ARRIVALS event=819 total=913
SIPM_ADC event=819 readout=2983 f1far=3699 f2near=3844 f2far=3489
SIPM_ARRIVALS event=569 total=1136
SIPM_ADC event=569 readout=3855 f1far=3895 f2near=3895 f2far=3732
SIPM_ARRIVALS event=510 total=1017
SIPM_ADC event=510 readout=3887 f1far=3895 f2near=3701 f2far=3895
SIPM_ARRIVALS event=603 total=927
SIPM_ADC event=603 readout=2906 f1far=3317 f2near=3895 f2far=3506
SIPM_ARRIVALS event=634 total=896
SIPM_ADC event=634 readout=3223 f1far=3895 f2near=3574 f2far=3286
SIPM_ARRIVALS event=758 total=888
SIPM_ADC event=758 readout=3584 f1far=3470 f2near=3578 f2far=3180
SIPM_ARRIVALS event=880 total=849
SIPM_ADC event=880 readout=3304 f1far=3874 f2near=2180 f2far=2467
SIPM_ARRIVALS event=665 total=1019
SIPM_ADC event=665 readout=3445 f1far=3468 f2near=3633 f2far=3145
SIPM_ARRIVALS event=908 total=932
SIPM_ADC event=908 readout=3205 f1far=3641 f2near=3062 f2far=2658
SIPM_ARRIVALS event=935 total=931
SIPM_ADC event=935 readout=3555 f1far=3705 f2near=3245 f2far=3895
SIPM_ARRIVALS event=850 total=1130
SIPM_ADC event=850 readout=3895 f1far=3416 f2near=3392 f2far=3895
SIPM_ARRIVALS event=542 total=996
SIPM_ADC event=542 readout=3585 f1far=3537 f2near=3312 f2far=3895
SIPM_ARRIVALS event=696 total=1178
SIPM_ADC event=696 readout=3895 f1far=3895 f2near=3895 f2far=3895
SIPM_ARRIVALS event=965 total=966
SIPM_ADC event=965 readout=3426 f1far=3895 f2near=2928 f2far=3284
SIPM_ARRIVALS event=511 total=920
SIPM_ADC event=511 readout=3828 f1far=3586 f2near=3327 f2far=3895
SIPM_ARRIVALS event=820 total=890
SIPM_ADC event=820 readout=3287 f1far=3895 f2near=3221 f2far=3675
SIPM_ARRIVALS event=727 total=977
SIPM_ADC event=727 readout=3120 f1far=3022 f2near=3895 f2far=3554
SIPM_ARRIVALS event=789 total=1069
SIPM_ADC event=789 readout=3895 f1far=3895 f2near=3847 f2far=3803
SIPM_ARRIVALS event=604 total=990
SIPM_ADC event=604 readout=3539 f1far=3683 f2near=3035 f2far=3594
SIPM_ARRIVALS event=570 total=1068
SIPM_ADC event=570 readout=3706 f1far=3356 f2near=3895 f2far=3895
SIPM_ARRIVALS event=635 total=934
SIPM_ADC event=635 readout=3501 f1far=2725 f2near=3707 f2far=3895
SIPM_ARRIVALS event=759 total=1145
SIPM_ADC event=759 readout=3895 f1far=3895 f2near=3895 f2far=3895
SIPM_ARRIVALS event=881 total=1010
SIPM_ADC event=881 readout=3895 f1far=3895 f2near=3895 f2far=3047
SIPM_ARRIVALS event=909 total=903
SIPM_ADC event=909 readout=3895 f1far=3895 f2near=3602 f2far=2960
SIPM_ARRIVALS event=936 total=904
SIPM_ADC event=936 readout=3602 f1far=3895 f2near=3433 f2far=3895
SIPM_ARRIVALS event=666 total=1204
SIPM_ADC event=666 readout=3895 f1far=3895 f2near=3895 f2far=3895
SIPM_ARRIVALS event=851 total=959
SIPM_ADC event=851 readout=3352 f1far=3895 f2near=3895 f2far=3895
SIPM_ARRIVALS event=512 total=922
SIPM_ADC event=512 readout=3895 f1far=3590 f2near=3895 f2far=3025
SIPM_ARRIVALS event=821 total=963
SIPM_ADC event=821 readout=3374 f1far=3895 f2near=3134 f2far=3423
SIPM_ARRIVALS event=697 total=900
SIPM_ADC event=697 readout=3014 f1far=3279 f2near=3895 f2far=3895
SIPM_ARRIVALS event=728 total=876
SIPM_ADC event=728 readout=2767 f1far=2908 f2near=3433 f2far=2816
SIPM_ARRIVALS event=966 total=927
SIPM_ADC event=966 readout=2905 f1far=3097 f2near=3895 f2far=3556
SIPM_ARRIVALS event=790 total=909
SIPM_ADC event=790 readout=3688 f1far=3895 f2near=2968 f2far=3313
SIPM_ARRIVALS event=543 total=1157
SIPM_ADC event=543 readout=3895 f1far=3895 f2near=3680 f2far=3895
SIPM_ARRIVALS event=571 total=966
SIPM_ADC event=571 readout=3208 f1far=3308 f2near=3634 f2far=3877
SIPM_ARRIVALS event=605 total=1069
SIPM_ADC event=605 readout=3676 f1far=3890 f2near=3895 f2far=3895
SIPM_ARRIVALS event=636 total=921
SIPM_ADC event=636 readout=3723 f1far=3430 f2near=3713 f2far=3895
SIPM_ARRIVALS event=882 total=983
SIPM_ADC event=882 readout=2613 f1far=3007 f2near=3895 f2far=3895
SIPM_ARRIVALS event=910 total=896
SIPM_ADC event=910 readout=2636 f1far=3664 f2near=3449 f2far=3895
SIPM_ARRIVALS event=667 total=907
SIPM_ADC event=667 readout=3895 f1far=3678 f2near=3032 f2far=2811
SIPM_ARRIVALS event=937 total=1138
SIPM_ADC event=937 readout=3895 f1far=3895 f2near=3895 f2far=3895
SIPM_ARRIVALS event=698 total=966
SIPM_ADC event=698 readout=3895 f1far=3895 f2near=3397 f2far=3584
SIPM_ARRIVALS event=822 total=1015
SIPM_ADC event=822 readout=3895 f1far=3895 f2near=3895 f2far=3664
SIPM_ARRIVALS event=967 total=937
SIPM_ADC event=967 readout=3130 f1far=3593 f2near=3567 f2far=3895
SIPM_ARRIVALS event=791 total=980
SIPM_ADC event=791 readout=3290 f1far=3142 f2near=3386 f2far=3632
SIPM_ARRIVALS event=729 total=984
SIPM_ADC event=729 readout=3429 f1far=3895 f2near=3895 f2far=3014
SIPM_ARRIVALS event=513 total=1094
SIPM_ADC event=513 readout=3487 f1far=3895 f2near=3895 f2far=3895
SIPM_ARRIVALS event=544 total=881
SIPM_ADC event=544 readout=3662 f1far=3430 f2near=2791 f2far=3467
SIPM_ARRIVALS event=572 total=946
SIPM_ADC event=572 readout=3210 f1far=3895 f2near=2923 f2far=3444
SIPM_ARRIVALS event=637 total=915
SIPM_ADC event=637 readout=3189 f1far=3309 f2near=3895 f2far=3323
SIPM_ARRIVALS event=606 total=891
SIPM_ADC event=606 readout=3895 f1far=3895 f2near=3107 f2far=2429
SIPM_ARRIVALS event=883 total=960
SIPM_ADC event=883 readout=3561 f1far=2937 f2near=3379 f2far=3895
SIPM_ARRIVALS event=911 total=1089
SIPM_ADC event=911 readout=3895 f1far=3895 f2near=3869 f2far=3895
SIPM_ARRIVALS event=668 total=980
SIPM_ADC event=668 readout=3804 f1far=3895 f2near=3309 f2far=3487
SIPM_ARRIVALS event=938 total=913
SIPM_ADC event=938 readout=2881 f1far=3529 f2near=3277 f2far=3788
SIPM_ARRIVALS event=699 total=870
SIPM_ADC event=699 readout=3321 f1far=3021 f2near=3043 f2far=2691
SIPM_ARRIVALS event=730 total=836
SIPM_ADC event=730 readout=2412 f1far=3770 f2near=3154 f2far=2315
SIPM_ARRIVALS event=792 total=980
SIPM_ADC event=792 readout=3895 f1far=3456 f2near=3617 f2far=3855
SIPM_ARRIVALS event=514 total=991
SIPM_ADC event=514 readout=3895 f1far=3466 f2near=3895 f2far=3571
SIPM_ARRIVALS event=545 total=960
SIPM_ADC event=545 readout=3895 f1far=3116 f2near=3895 f2far=3418
SIPM_ARRIVALS event=823 total=970
SIPM_ADC event=823 readout=3895 f1far=2599 f2near=3895 f2far=3895
SIPM_ARRIVALS event=968 total=1033
SIPM_ADC event=968 readout=3895 f1far=3676 f2near=3693 f2far=3895
SIPM_ARRIVALS event=573 total=1038
SIPM_ADC event=573 readout=3895 f1far=3895 f2near=3895 f2far=3895
SIPM_ARRIVALS event=760 total=2663
SIPM_ADC event=760 readout=3895 f1far=3895 f2near=3895 f2far=3895
SIPM_ARRIVALS event=638 total=1120
SIPM_ADC event=638 readout=3895 f1far=3895 f2near=3895 f2far=3895
SIPM_ARRIVALS event=607 total=930
SIPM_ADC event=607 readout=3895 f1far=3778 f2near=2832 f2far=2765
SIPM_ARRIVALS event=884 total=1144
SIPM_ADC event=884 readout=3895 f1far=3895 f2near=3895 f2far=3895
SIPM_ARRIVALS event=912 total=961
SIPM_ADC event=912 readout=3895 f1far=3496 f2near=3250 f2far=3636
SIPM_ARRIVALS event=669 total=949
SIPM_ADC event=669 readout=3895 f1far=3640 f2near=2312 f2far=3115
SIPM_ARRIVALS event=939 total=994
SIPM_ADC event=939 readout=3723 f1far=3340 f2near=3784 f2far=3895
SIPM_ARRIVALS event=731 total=916
SIPM_ADC event=731 readout=3825 f1far=2830 f2near=3513 f2far=2838
SIPM_ARRIVALS event=700 total=1016
SIPM_ADC event=700 readout=3895 f1far=3895 f2near=3886 f2far=3391
SIPM_ARRIVALS event=574 total=888
SIPM_ADC event=574 readout=2960 f1far=3895 f2near=3895 f2far=3373
SIPM_ARRIVALS event=515 total=954
SIPM_ADC event=515 readout=3031 f1far=3895 f2near=2943 f2far=3782
SIPM_ARRIVALS event=639 total=912
SIPM_ADC event=639 readout=3561 f1far=3809 f2near=3217 f2far=3643
SIPM_ARRIVALS event=546 total=1015
SIPM_ADC event=546 readout=3895 f1far=3895 f2near=3895 f2far=3133
SIPM_ARRIVALS event=761 total=972
SIPM_ADC event=761 readout=3737 f1far=3642 f2near=2967 f2far=3468
SIPM_ARRIVALS event=793 total=1034
SIPM_ADC event=793 readout=3591 f1far=3557 f2near=3895 f2far=3895
SIPM_ARRIVALS event=969 total=947
SIPM_ADC event=969 readout=3586 f1far=2916 f2near=3570 f2far=2185
SIPM_ARRIVALS event=852 total=3503
SIPM_ADC event=852 readout=3895 f1far=3895 f2near=3895 f2far=3895
SIPM_ARRIVALS event=608 total=1114
SIPM_ADC event=608 readout=3895 f1far=3775 f2near=3895 f2far=3895
SIPM_ARRIVALS event=885 total=907
SIPM_ADC event=885 readout=3756 f1far=3084 f2near=3167 f2far=3657
SIPM_ARRIVALS event=670 total=975
SIPM_ADC event=670 readout=3895 f1far=3873 f2near=3218 f2far=3895
SIPM_ARRIVALS event=913 total=1048
SIPM_ADC event=913 readout=3717 f1far=3874 f2near=3742 f2far=3895
SIPM_ARRIVALS event=940 total=1104
SIPM_ADC event=940 readout=3895 f1far=3895 f2near=3308 f2far=3895
SIPM_ARRIVALS event=732 total=970
SIPM_ADC event=732 readout=3129 f1far=3849 f2near=3786 f2far=3343
SIPM_ARRIVALS event=640 total=917
SIPM_ADC event=640 readout=3099 f1far=3393 f2near=3699 f2far=3641
SIPM_ARRIVALS event=547 total=941
SIPM_ADC event=547 readout=3448 f1far=3895 f2near=2533 f2far=3895
SIPM_ARRIVALS event=794 total=882
SIPM_ADC event=794 readout=2510 f1far=3664 f2near=3895 f2far=3524
SIPM_ARRIVALS event=516 total=1060
SIPM_ADC event=516 readout=3703 f1far=3528 f2near=3895 f2far=3895
SIPM_ARRIVALS event=701 total=1148
SIPM_ADC event=701 readout=3895 f1far=3895 f2near=3448 f2far=3895
SIPM_ARRIVALS event=970 total=937
SIPM_ADC event=970 readout=3290 f1far=2928 f2near=3485 f2far=3573
SIPM_ARRIVALS event=762 total=1086
SIPM_ADC event=762 readout=3895 f1far=3895 f2near=3895 f2far=3895
SIPM_ARRIVALS event=575 total=1202
SIPM_ADC event=575 readout=3895 f1far=3895 f2near=3895 f2far=3895
SIPM_ARRIVALS event=609 total=941
SIPM_ADC event=609 readout=3529 f1far=3881 f2near=2948 f2far=3848
SIPM_ARRIVALS event=853 total=1051
SIPM_ADC event=853 readout=3895 f1far=3895 f2near=3895 f2far=3376
SIPM_ARRIVALS event=886 total=1104
SIPM_ADC event=886 readout=3895 f1far=2613 f2near=3895 f2far=3895
SIPM_ARRIVALS event=671 total=1108
SIPM_ADC event=671 readout=3697 f1far=3895 f2near=3830 f2far=3895
SIPM_ARRIVALS event=914 total=967
SIPM_ADC event=914 readout=3895 f1far=3862 f2near=3648 f2far=3864
SIPM_ARRIVALS event=733 total=834
SIPM_ADC event=733 readout=2315 f1far=3168 f2near=3086 f2far=3071
SIPM_ARRIVALS event=941 total=1113
SIPM_ADC event=941 readout=3402 f1far=3895 f2near=3713 f2far=3895
SIPM_ARRIVALS event=641 total=986
SIPM_ADC event=641 readout=3498 f1far=3895 f2near=3205 f2far=3895
SIPM_ARRIVALS event=517 total=882
SIPM_ADC event=517 readout=2673 f1far=3895 f2near=2440 f2far=3895
SIPM_ARRIVALS event=795 total=971
SIPM_ADC event=795 readout=3895 f1far=3344 f2near=3895 f2far=2665
SIPM_ARRIVALS event=702 total=890
SIPM_ADC event=702 readout=3220 f1far=3895 f2near=3232 f2far=3048
SIPM_ARRIVALS event=548 total=1082
SIPM_ADC event=548 readout=3545 f1far=3895 f2near=3872 f2far=3895
SIPM_ARRIVALS event=576 total=931
SIPM_ADC event=576 readout=3895 f1far=3770 f2near=3036 f2far=3189
SIPM_ARRIVALS event=971 total=964
SIPM_ADC event=971 readout=3222 f1far=3577 f2near=3895 f2far=3582
SIPM_ARRIVALS event=610 total=908
SIPM_ADC event=610 readout=3895 f1far=2754 f2near=3691 f2far=3761
SIPM_ARRIVALS event=763 total=951
SIPM_ADC event=763 readout=3895 f1far=3228 f2near=3314 f2far=2949
SIPM_ARRIVALS event=854 total=1004
SIPM_ADC event=854 readout=3864 f1far=3895 f2near=2736 f2far=3674
SIPM_ARRIVALS event=887 total=860
SIPM_ADC event=887 readout=3311 f1far=3459 f2near=2739 f2far=2897
SIPM_ARRIVALS event=672 total=955
SIPM_ADC event=672 readout=3895 f1far=3895 f2near=3895 f2far=3685
SIPM_ARRIVALS event=915 total=1051
SIPM_ADC event=915 readout=3895 f1far=3750 f2near=3895 f2far=3583
SIPM_ARRIVALS event=734 total=914
SIPM_ADC event=734 readout=2965 f1far=3895 f2near=2847 f2far=3368
SIPM_ARRIVALS event=942 total=1035
SIPM_ADC event=942 readout=3591 f1far=3895 f2near=3895 f2far=3895
SIPM_ARRIVALS event=642 total=940
SIPM_ADC event=642 readout=3468 f1far=3743 f2near=3895 f2far=3895
SIPM_ARRIVALS event=611 total=893
SIPM_ADC event=611 readout=3895 f1far=3675 f2near=3613 f2far=3665
SIPM_ARRIVALS event=577 total=912
SIPM_ADC event=577 readout=3679 f1far=3039 f2near=3617 f2far=3189
SIPM_ARRIVALS event=518 total=1022
SIPM_ADC event=518 readout=3895 f1far=3405 f2near=3895 f2far=3863
SIPM_ARRIVALS event=549 total=926
SIPM_ADC event=549 readout=2978 f1far=3566 f2near=3185 f2far=3191
SIPM_ARRIVALS event=972 total=978
SIPM_ADC event=972 readout=3531 f1far=3895 f2near=3895 f2far=3560
SIPM_ARRIVALS event=703 total=1096
SIPM_ADC event=703 readout=3895 f1far=3895 f2near=3895 f2far=3304
SIPM_ARRIVALS event=764 total=1095
SIPM_ADC event=764 readout=3895 f1far=3895 f2near=3640 f2far=3895
SIPM_ARRIVALS event=855 total=970
SIPM_ADC event=855 readout=3530 f1far=3895 f2near=3895 f2far=3509
SIPM_ARRIVALS event=888 total=994
SIPM_ADC event=888 readout=3895 f1far=3895 f2near=2944 f2far=3807
SIPM_ARRIVALS event=916 total=859
SIPM_ADC event=916 readout=2967 f1far=3228 f2near=3552 f2far=2973
SIPM_ARRIVALS event=673 total=936
SIPM_ADC event=673 readout=3895 f1far=2991 f2near=3649 f2far=3739
SIPM_ARRIVALS event=735 total=965
SIPM_ADC event=735 readout=3424 f1far=3895 f2near=3895 f2far=3570
SIPM_ARRIVALS event=824 total=4489
SIPM_ADC event=824 readout=3895 f1far=3895 f2near=3895 f2far=3895
SIPM_ARRIVALS event=943 total=1060
SIPM_ADC event=943 readout=3683 f1far=2788 f2near=3164 f2far=3868
SIPM_ARRIVALS event=643 total=983
SIPM_ADC event=643 readout=3895 f1far=3260 f2near=3667 f2far=3443
SIPM_ARRIVALS event=578 total=872
SIPM_ADC event=578 readout=3697 f1far=3390 f2near=3793 f2far=3144
SIPM_ARRIVALS event=612 total=858
SIPM_ADC event=612 readout=2669 f1far=2516 f2near=3516 f2far=3730
SIPM_ARRIVALS event=519 total=910
SIPM_ADC event=519 readout=3354 f1far=2955 f2near=3640 f2far=2426
SIPM_ARRIVALS event=973 total=982
SIPM_ADC event=973 readout=3895 f1far=2893 f2near=2994 f2far=3364
SIPM_ARRIVALS event=856 total=871
SIPM_ADC event=856 readout=3645 f1far=3514 f2near=3507 f2far=2373
SIPM_ARRIVALS event=704 total=1098
SIPM_ADC event=704 readout=3895 f1far=3605 f2near=3895 f2far=3895
SIPM_ARRIVALS event=765 total=1001
SIPM_ADC event=765 readout=3895 f1far=3418 f2near=3850 f2far=3895
SIPM_ARRIVALS event=917 total=995
SIPM_ADC event=917 readout=2975 f1far=3082 f2near=3895 f2far=3895
SIPM_ARRIVALS event=889 total=1138
SIPM_ADC event=889 readout=3895 f1far=3789 f2near=3854 f2far=3895
SIPM_ARRIVALS event=736 total=965
SIPM_ADC event=736 readout=3742 f1far=3895 f2near=3895 f2far=3895
SIPM_ARRIVALS event=644 total=899
SIPM_ADC event=644 readout=3895 f1far=3604 f2near=2457 f2far=3269
SIPM_ARRIVALS event=944 total=914
SIPM_ADC event=944 readout=3613 f1far=3895 f2near=3895 f2far=3895
SIPM_ARRIVALS event=825 total=1045
SIPM_ADC event=825 readout=3256 f1far=3824 f2near=3895 f2far=3895
SIPM_ARRIVALS event=674 total=1138
SIPM_ADC event=674 readout=3895 f1far=3895 f2near=3774 f2far=3895
SIPM_ARRIVALS event=579 total=869
SIPM_ADC event=579 readout=2863 f1far=3448 f2near=3060 f2far=2924
SIPM_ARRIVALS event=613 total=941
SIPM_ADC event=613 readout=3833 f1far=3008 f2near=3838 f2far=3162
SIPM_ARRIVALS event=520 total=975
SIPM_ADC event=520 readout=3895 f1far=3104 f2near=3895 f2far=3255
SIPM_ARRIVALS event=974 total=977
SIPM_ADC event=974 readout=3453 f1far=3392 f2near=3895 f2far=3823
SIPM_ARRIVALS event=857 total=980
SIPM_ADC event=857 readout=3895 f1far=3895 f2near=3895 f2far=3454
SIPM_ARRIVALS event=766 total=889
SIPM_ADC event=766 readout=2916 f1far=3074 f2near=3175 f2far=3246
SIPM_ARRIVALS event=705 total=982
SIPM_ADC event=705 readout=3681 f1far=3544 f2near=3895 f2far=3895
SIPM_ARRIVALS event=918 total=941
SIPM_ADC event=918 readout=3435 f1far=3895 f2near=3783 f2far=3585
SIPM_ARRIVALS event=737 total=942
SIPM_ADC event=737 readout=3319 f1far=3290 f2near=3541 f2far=3895
SIPM_ARRIVALS event=890 total=930
SIPM_ADC event=890 readout=3437 f1far=3171 f2near=3895 f2far=3895
SIPM_ARRIVALS event=945 total=947
SIPM_ADC event=945 readout=2726 f1far=3525 f2near=3737 f2far=2729
SIPM_ARRIVALS event=580 total=996
SIPM_ADC event=580 readout=3895 f1far=3163 f2near=3230 f2far=3198
SIPM_ARRIVALS event=645 total=950
SIPM_ADC event=645 readout=3409 f1far=3358 f2near=3595 f2far=3895
SIPM_ARRIVALS event=675 total=1007
SIPM_ADC event=675 readout=3895 f1far=3394 f2near=3647 f2far=3152
SIPM_ARRIVALS event=614 total=1201
SIPM_ADC event=614 readout=3895 f1far=3895 f2near=3895 f2far=3895
SIPM_ARRIVALS event=975 total=992
SIPM_ADC event=975 readout=3839 f1far=3700 f2near=3895 f2far=3019
SIPM_ARRIVALS event=521 total=1071
SIPM_ADC event=521 readout=3895 f1far=3607 f2near=3895 f2far=3895
SIPM_ARRIVALS event=858 total=958
SIPM_ADC event=858 readout=2991 f1far=3603 f2near=3164 f2far=3895
SIPM_ARRIVALS event=706 total=984
SIPM_ADC event=706 readout=3859 f1far=3698 f2near=2993 f2far=3493
SIPM_ARRIVALS event=767 total=1049
SIPM_ADC event=767 readout=3257 f1far=3895 f2near=3522 f2far=3895
SIPM_ARRIVALS event=646 total=803
SIPM_ADC event=646 readout=3461 f1far=3187 f2near=3412 f2far=3093
SIPM_ARRIVALS event=919 total=974
SIPM_ADC event=919 readout=3124 f1far=3176 f2near=3895 f2far=3895
SIPM_ARRIVALS event=738 total=1006
SIPM_ADC event=738 readout=3270 f1far=3484 f2near=3895 f2far=3297
SIPM_ARRIVALS event=891 total=1074
SIPM_ADC event=891 readout=3895 f1far=3895 f2near=3895 f2far=3895
SIPM_ARRIVALS event=946 total=987
SIPM_ADC event=946 readout=3895 f1far=2884 f2near=3882 f2far=3342
SIPM_ARRIVALS event=676 total=976
SIPM_ADC event=676 readout=3282 f1far=3312 f2near=3626 f2far=3895
SIPM_ARRIVALS event=581 total=1015
SIPM_ADC event=581 readout=3476 f1far=3749 f2near=3538 f2far=3793
SIPM_ARRIVALS event=976 total=905
SIPM_ADC event=976 readout=3029 f1far=2967 f2near=3021 f2far=3895
SIPM_ARRIVALS event=615 total=1065
SIPM_ADC event=615 readout=3895 f1far=3895 f2near=3676 f2far=3895
SIPM_ARRIVALS event=859 total=921
SIPM_ADC event=859 readout=3287 f1far=2392 f2near=3538 f2far=3525
SIPM_ARRIVALS event=522 total=1042
SIPM_ADC event=522 readout=3801 f1far=3895 f2near=3895 f2far=3895
SIPM_ARRIVALS event=707 total=949
SIPM_ADC event=707 readout=3502 f1far=3715 f2near=3813 f2far=3282
SIPM_ARRIVALS event=768 total=914
SIPM_ADC event=768 readout=3357 f1far=3308 f2near=2920 f2far=3271
SIPM_ARRIVALS event=647 total=939
SIPM_ADC event=647 readout=3714 f1far=2650 f2near=3626 f2far=3895
SIPM_ARRIVALS event=920 total=936
SIPM_ADC event=920 readout=3895 f1far=3895 f2near=3185 f2far=2687
SIPM_ARRIVALS event=739 total=933
SIPM_ADC event=739 readout=3033 f1far=3058 f2near=2831 f2far=3598
SIPM_ARRIVALS event=892 total=883
SIPM_ADC event=892 readout=3700 f1far=3312 f2near=3302 f2far=2613
SIPM_ARRIVALS event=582 total=899
SIPM_ADC event=582 readout=2969 f1far=2578 f2near=3006 f2far=3144
SIPM_ARRIVALS event=947 total=944
SIPM_ADC event=947 readout=3302 f1far=3236 f2near=3110 f2far=3699
SIPM_ARRIVALS event=677 total=984
SIPM_ADC event=677 readout=2745 f1far=3363 f2near=3895 f2far=3114
SIPM_ARRIVALS event=977 total=1025
SIPM_ADC event=977 readout=3773 f1far=3885 f2near=3895 f2far=3895
SIPM_ARRIVALS event=616 total=968
SIPM_ADC event=616 readout=3895 f1far=3895 f2near=3801 f2far=3895
SIPM_ARRIVALS event=860 total=976
SIPM_ADC event=860 readout=3895 f1far=3328 f2near=3678 f2far=3895
SIPM_ARRIVALS event=523 total=983
SIPM_ADC event=523 readout=3136 f1far=3062 f2near=3607 f2far=3843
SIPM_ARRIVALS event=769 total=1041
SIPM_ADC event=769 readout=3895 f1far=3895 f2near=3895 f2far=3436
SIPM_ARRIVALS event=708 total=1088
SIPM_ADC event=708 readout=3799 f1far=3895 f2near=3895 f2far=2916
SIPM_ARRIVALS event=648 total=833
SIPM_ADC event=648 readout=3415 f1far=3042 f2near=3057 f2far=3895
SIPM_ARRIVALS event=893 total=926
SIPM_ADC event=893 readout=3895 f1far=3188 f2near=3895 f2far=3254
SIPM_ARRIVALS event=740 total=922
SIPM_ADC event=740 readout=3895 f1far=3031 f2near=3095 f2far=2533
SIPM_ARRIVALS event=921 total=987
SIPM_ADC event=921 readout=3143 f1far=3895 f2near=3763 f2far=3895
SIPM_ARRIVALS event=678 total=925
SIPM_ADC event=678 readout=2920 f1far=3758 f2near=3495 f2far=3374
SIPM_ARRIVALS event=583 total=1079
SIPM_ADC event=583 readout=3895 f1far=3895 f2near=3255 f2far=3895
SIPM_ARRIVALS event=948 total=1074
SIPM_ADC event=948 readout=3895 f1far=3845 f2near=3895 f2far=3851
SIPM_ARRIVALS event=617 total=949
SIPM_ADC event=617 readout=3895 f1far=3895 f2near=2778 f2far=3526
SIPM_ARRIVALS event=861 total=920
SIPM_ADC event=861 readout=3885 f1far=3404 f2near=3033 f2far=3577
SIPM_ARRIVALS event=524 total=965
SIPM_ADC event=524 readout=3895 f1far=3895 f2near=3895 f2far=3767
SIPM_ARRIVALS event=978 total=1159
SIPM_ADC event=978 readout=3764 f1far=3895 f2near=3895 f2far=3895
SIPM_ARRIVALS event=770 total=1027
SIPM_ADC event=770 readout=3585 f1far=3144 f2near=3844 f2far=3895
SIPM_ARRIVALS event=709 total=1031
SIPM_ADC event=709 readout=3874 f1far=3782 f2near=3892 f2far=3639
SIPM_ARRIVALS event=649 total=1086
SIPM_ADC event=649 readout=3895 f1far=3871 f2near=2721 f2far=3104
SIPM_ARRIVALS event=894 total=1137
SIPM_ADC event=894 readout=3895 f1far=3895 f2near=3703 f2far=3895
SIPM_ARRIVALS event=584 total=917
SIPM_ADC event=584 readout=3895 f1far=3895 f2near=3349 f2far=2984
SIPM_ARRIVALS event=949 total=932
SIPM_ADC event=949 readout=3432 f1far=3209 f2near=2821 f2far=3279
SIPM_ARRIVALS event=679 total=979
SIPM_ADC event=679 readout=3566 f1far=3895 f2near=3895 f2far=3609
SIPM_ARRIVALS event=618 total=993
SIPM_ADC event=618 readout=3481 f1far=3895 f2near=3412 f2far=3895
SIPM_ARRIVALS event=525 total=950
SIPM_ADC event=525 readout=3121 f1far=3895 f2near=3852 f2far=3409
SIPM_ARRIVALS event=862 total=1054
SIPM_ADC event=862 readout=3528 f1far=3895 f2near=3895 f2far=3895
SIPM_ARRIVALS event=710 total=923
SIPM_ADC event=710 readout=3895 f1far=3895 f2near=2917 f2far=3691
SIPM_ARRIVALS event=771 total=901
SIPM_ADC event=771 readout=2817 f1far=3455 f2near=3100 f2far=3120
SIPM_ARRIVALS event=650 total=1013
SIPM_ADC event=650 readout=3799 f1far=3605 f2near=3531 f2far=3895
SIPM_ARRIVALS event=585 total=836
SIPM_ADC event=585 readout=3004 f1far=2924 f2near=3217 f2far=3895
SIPM_ARRIVALS event=895 total=888
SIPM_ADC event=895 readout=3090 f1far=3196 f2near=3014 f2far=2774
SIPM_ARRIVALS event=950 total=936
SIPM_ADC event=950 readout=3425 f1far=3398 f2near=3185 f2far=3467
SIPM_ARRIVALS event=979 total=1427
SIPM_ADC event=979 readout=3895 f1far=3895 f2near=3895 f2far=3895
SIPM_ARRIVALS event=680 total=1196
SIPM_ADC event=680 readout=3485 f1far=3895 f2near=3895 f2far=3895
SIPM_ARRIVALS event=922 total=2475
SIPM_ADC event=922 readout=3895 f1far=3895 f2near=3895 f2far=3895
SIPM_ARRIVALS event=619 total=981
SIPM_ADC event=619 readout=3895 f1far=3417 f2near=2335 f2far=3687
SIPM_ARRIVALS event=826 total=6391
SIPM_ADC event=826 readout=3895 f1far=3895 f2near=3895 f2far=3895
SIPM_ARRIVALS event=772 total=984
SIPM_ADC event=772 readout=3895 f1far=2981 f2near=3592 f2far=3895
SIPM_ARRIVALS event=526 total=1034
SIPM_ADC event=526 readout=3392 f1far=3871 f2near=3895 f2far=3613
SIPM_ARRIVALS event=863 total=1100
SIPM_ADC event=863 readout=3895 f1far=3895 f2near=3895 f2far=3895
SIPM_ARRIVALS event=992 total=933
SIPM_ADC event=992 readout=3895 f1far=3378 f2near=3121 f2far=2927
SIPM_ARRIVALS event=711 total=1080
SIPM_ADC event=711 readout=3895 f1far=3895 f2near=3895 f2far=3895
SIPM_ARRIVALS event=951 total=890
SIPM_ADC event=951 readout=3507 f1far=3260 f2near=3895 f2far=3248
SIPM_ARRIVALS event=586 total=1010
SIPM_ADC event=586 readout=3895 f1far=3895 f2near=3895 f2far=3895
SIPM_ARRIVALS event=980 total=974
SIPM_ADC event=980 readout=3895 f1far=3781 f2near=3051 f2far=3425
SIPM_ARRIVALS event=896 total=1155
SIPM_ADC event=896 readout=3895 f1far=3895 f2near=3542 f2far=3895
SIPM_ARRIVALS event=923 total=1047
SIPM_ADC event=923 readout=3212 f1far=3197 f2near=3895 f2far=3851
SIPM_ARRIVALS event=550 total=8999
SIPM_ADC event=550 readout=3895 f1far=3895 f2near=3895 f2far=3895
SIPM_ARRIVALS event=864 total=909
SIPM_ADC event=864 readout=3623 f1far=3132 f2near=3740 f2far=3405
SIPM_ARRIVALS event=773 total=1037
SIPM_ADC event=773 readout=3895 f1far=3895 f2near=3895 f2far=3895
SIPM_ARRIVALS event=712 total=840
SIPM_ADC event=712 readout=2744 f1far=2874 f2near=3048 f2far=3505
SIPM_ARRIVALS event=796 total=9882
SIPM_ADC event=796 readout=3895 f1far=3895 f2near=3895 f2far=3895
SIPM_ARRIVALS event=993 total=976
SIPM_ADC event=993 readout=3895 f1far=3659 f2near=2629 f2far=3781
SIPM_ARRIVALS event=952 total=849
SIPM_ADC event=952 readout=3201 f1far=3217 f2near=3511 f2far=3146
SIPM_ARRIVALS event=827 total=1155
SIPM_ADC event=827 readout=3895 f1far=3895 f2near=3895 f2far=3325
SIPM_ARRIVALS event=981 total=994
SIPM_ADC event=981 readout=3895 f1far=3524 f2near=3795 f2far=3895
SIPM_ARRIVALS event=587 total=1191
SIPM_ADC event=587 readout=3895 f1far=3073 f2near=3880 f2far=3895
SIPM_ARRIVALS event=897 total=941
SIPM_ADC event=897 readout=3560 f1far=3680 f2near=3895 f2far=3895
SIPM_ARRIVALS event=924 total=949
SIPM_ADC event=924 readout=3602 f1far=3581 f2near=3534 f2far=3895
SIPM_ARRIVALS event=797 total=976
SIPM_ADC event=797 readout=3895 f1far=3697 f2near=3895 f2far=3895
SIPM_ARRIVALS event=551 total=1092
SIPM_ADC event=551 readout=3895 f1far=3895 f2near=3345 f2far=3895
SIPM_ARRIVALS event=774 total=991
SIPM_ADC event=774 readout=3895 f1far=2879 f2near=3865 f2far=3878
SIPM_ARRIVALS event=994 total=882
SIPM_ADC event=994 readout=3518 f1far=3615 f2near=2746 f2far=3895
SIPM_ARRIVALS event=953 total=920
SIPM_ADC event=953 readout=3286 f1far=3423 f2near=3895 f2far=3361
SIPM_ARRIVALS event=865 total=1098
SIPM_ADC event=865 readout=3895 f1far=3895 f2near=3895 f2far=3528
SIPM_ARRIVALS event=828 total=1016
SIPM_ADC event=828 readout=3497 f1far=3895 f2near=3387 f2far=3895
SIPM_ARRIVALS event=982 total=881
SIPM_ADC event=982 readout=3284 f1far=3895 f2near=3064 f2far=3609
SIPM_ARRIVALS event=588 total=945
SIPM_ADC event=588 readout=3895 f1far=2971 f2near=3895 f2far=3895
SIPM_ARRIVALS event=898 total=966
SIPM_ADC event=898 readout=3023 f1far=3895 f2near=3895 f2far=3153
SIPM_ARRIVALS event=925 total=1006
SIPM_ADC event=925 readout=3039 f1far=3895 f2near=3152 f2far=3895
SIPM_ARRIVALS event=798 total=879
SIPM_ADC event=798 readout=3499 f1far=3152 f2near=2932 f2far=2768
SIPM_ARRIVALS event=829 total=846
SIPM_ADC event=829 readout=3420 f1far=2890 f2near=3086 f2far=3280
SIPM_ARRIVALS event=552 total=1041
SIPM_ADC event=552 readout=3895 f1far=3771 f2near=3895 f2far=3895
SIPM_ARRIVALS event=995 total=1090
SIPM_ADC event=995 readout=3895 f1far=3892 f2near=3895 f2far=3895
SIPM_ARRIVALS event=866 total=988
SIPM_ADC event=866 readout=3849 f1far=3278 f2near=3895 f2far=3895
SIPM_ARRIVALS event=983 total=968
SIPM_ADC event=983 readout=3061 f1far=3605 f2near=3895 f2far=3388
SIPM_ARRIVALS event=954 total=1262
SIPM_ADC event=954 readout=3895 f1far=3895 f2near=3895 f2far=3895
SIPM_ARRIVALS event=926 total=837
SIPM_ADC event=926 readout=3895 f1far=2658 f2near=2714 f2far=2563
SIPM_ARRIVALS event=799 total=982
SIPM_ADC event=799 readout=3239 f1far=2810 f2near=3826 f2far=3895
SIPM_ARRIVALS event=996 total=900
SIPM_ADC event=996 readout=3866 f1far=3679 f2near=3895 f2far=2464
SIPM_ARRIVALS event=830 total=1077
SIPM_ADC event=830 readout=3338 f1far=3895 f2near=3895 f2far=3455
SIPM_ARRIVALS event=553 total=932
SIPM_ADC event=553 readout=3074 f1far=3519 f2near=3222 f2far=3113
SIPM_ARRIVALS event=741 total=6652
SIPM_ADC event=741 readout=3895 f1far=3895 f2near=3895 f2far=3895
SIPM_ARRIVALS event=867 total=975
SIPM_ADC event=867 readout=2575 f1far=3895 f2near=3647 f2far=3895
SIPM_ARRIVALS event=984 total=901
SIPM_ADC event=984 readout=3120 f1far=3578 f2near=2603 f2far=3367
SIPM_ARRIVALS event=955 total=979
SIPM_ADC event=955 readout=3580 f1far=3607 f2near=3391 f2far=3895
SIPM_ARRIVALS event=927 total=1006
SIPM_ADC event=927 readout=3827 f1far=3895 f2near=3895 f2far=3453
SIPM_ARRIVALS event=800 total=1005
SIPM_ADC event=800 readout=3544 f1far=3820 f2near=3895 f2far=3213
SIPM_ARRIVALS event=742 total=877
SIPM_ADC event=742 readout=2802 f1far=3895 f2near=3321 f2far=2455
SIPM_ARRIVALS event=997 total=890
SIPM_ADC event=997 readout=3323 f1far=2863 f2near=2649 f2far=3342
SIPM_ARRIVALS event=831 total=980
SIPM_ADC event=831 readout=3550 f1far=3740 f2near=3895 f2far=3895
SIPM_ARRIVALS event=554 total=1076
SIPM_ADC event=554 readout=3765 f1far=3895 f2near=3895 f2far=3578
SIPM_ARRIVALS event=985 total=987
SIPM_ADC event=985 readout=3769 f1far=3836 f2near=3768 f2far=3895
SIPM_ARRIVALS event=956 total=990
SIPM_ADC event=956 readout=2823 f1far=3726 f2near=3895 f2far=3895
SIPM_ARRIVALS event=928 total=1058
SIPM_ADC event=928 readout=3631 f1far=3895 f2near=3895 f2far=3342
SIPM_ARRIVALS event=801 total=972
SIPM_ADC event=801 readout=3410 f1far=3690 f2near=3895 f2far=3120
SIPM_ARRIVALS event=743 total=1008
SIPM_ADC event=743 readout=3895 f1far=3895 f2near=3895 f2far=3895
SIPM_ARRIVALS event=555 total=849
SIPM_ADC event=555 readout=3002 f1far=2272 f2near=3478 f2far=3132
SIPM_ARRIVALS event=998 total=980
SIPM_ADC event=998 readout=3762 f1far=3696 f2near=3895 f2far=3477
SIPM_ARRIVALS event=832 total=999
SIPM_ADC event=832 readout=3529 f1far=3411 f2near=3762 f2far=3895
SIPM_ARRIVALS event=986 total=920
SIPM_ADC event=986 readout=2924 f1far=3567 f2near=3168 f2far=2943
SIPM_ARRIVALS event=957 total=983
SIPM_ADC event=957 readout=3414 f1far=3895 f2near=3895 f2far=3269
SIPM_ARRIVALS event=681 total=6879
SIPM_ADC event=681 readout=3895 f1far=3895 f2near=3895 f2far=3895
SIPM_ARRIVALS event=929 total=871
SIPM_ADC event=929 readout=3403 f1far=3279 f2near=3531 f2far=3180
SIPM_ARRIVALS event=802 total=972
SIPM_ADC event=802 readout=3712 f1far=3895 f2near=3895 f2far=3126
SIPM_ARRIVALS event=999 total=973
SIPM_ADC event=999 readout=3406 f1far=3487 f2near=3687 f2far=2857
SIPM_ARRIVALS event=833 total=995
SIPM_ADC event=833 readout=3391 f1far=3895 f2near=3738 f2far=3895
SIPM_ARRIVALS event=556 total=1152
SIPM_ADC event=556 readout=3895 f1far=3895 f2near=3895 f2far=3895
SIPM_ARRIVALS event=987 total=1106
SIPM_ADC event=987 readout=3895 f1far=3895 f2near=3895 f2far=3895
SIPM_ARRIVALS event=958 total=1137
SIPM_ADC event=958 readout=3895 f1far=3895 f2near=3895 f2far=3895
SIPM_ARRIVALS event=803 total=994
SIPM_ADC event=803 readout=3895 f1far=3895 f2near=3439 f2far=3273
SIPM_ARRIVALS event=557 total=897
SIPM_ADC event=557 readout=3852 f1far=2527 f2near=2383 f2far=3895
SIPM_ARRIVALS event=834 total=981
SIPM_ADC event=834 readout=3455 f1far=3895 f2near=3104 f2far=3839
SIPM_ARRIVALS event=988 total=1095
SIPM_ADC event=988 readout=3858 f1far=3895 f2near=3895 f2far=3895
SIPM_ARRIVALS event=959 total=1098
SIPM_ADC event=959 readout=3750 f1far=3895 f2near=3579 f2far=3895
SIPM_ARRIVALS event=804 total=1030
SIPM_ADC event=804 readout=3895 f1far=3688 f2near=3382 f2far=3895
SIPM_ARRIVALS event=835 total=970
SIPM_ADC event=835 readout=3203 f1far=3124 f2near=3151 f2far=3223
SIPM_ARRIVALS event=960 total=960
SIPM_ADC event=960 readout=3895 f1far=3597 f2near=3578 f2far=3111
SIPM_ARRIVALS event=989 total=1081
SIPM_ADC event=989 readout=3895 f1far=3895 f2near=3895 f2far=3789
SIPM_ARRIVALS event=805 total=976
SIPM_ADC event=805 readout=3847 f1far=3552 f2near=3655 f2far=3822
SIPM_ARRIVALS event=836 total=1003
SIPM_ADC event=836 readout=3629 f1far=3087 f2near=3404 f2far=3895
SIPM_ARRIVALS event=990 total=1104
SIPM_ADC event=990 readout=3863 f1far=3895 f2near=3817 f2far=3895
SIPM_ARRIVALS event=991 total=1050
SIPM_ADC event=991 readout=3619 f1far=3895 f2near=2935 f2far=3312
RUN_DONE events=1000 output=/projects/hep/fs10/shared/nnbar/billy/ccb1623_campaign/stave_piplus_60MeV_B_s1625.root
     Cr_sctns:  Glauber-Gribov Nucl-nucl: 0 eV  ---> 25.6 PeV
     Cr_sctns:  Glauber-Gribov Nucl-nucl: 0 eV  ---> 25.6 PeV
     Cr_sctns:  Glauber-Gribov Nucl-nucl: 0 eV  ---> 25.6 PeV
     Cr_sctns:  Glauber-Gribov Nucl-nucl: 0 eV  ---> 25.6 PeV
     Cr_sctns:  Glauber-Gribov Nucl-nucl: 0 eV  ---> 25.6 PeV
     Cr_sctns:  Glauber-Gribov Nucl-nucl: 0 eV  ---> 25.6 PeV
     Cr_sctns:  Glauber-Gribov Nucl-nucl: 0 eV  ---> 25.6 PeV
     Cr_sctns:  Glauber-Gribov Nucl-nucl: 0 eV  ---> 25.6 PeV
     Cr_sctns:  Glauber-Gribov Nucl-nucl: 0 eV  ---> 25.6 PeV
     Cr_sctns:  Glauber-Gribov Nucl-nucl: 0 eV  ---> 25.6 PeV
     Cr_sctns:  Glauber-Gribov Nucl-nucl: 0 eV  ---> 25.6 PeV
     Cr_sctns:  Glauber-Gribov Nucl-nucl: 0 eV  ---> 25.6 PeV
     Cr_sctns:  Glauber-Gribov Nucl-nucl: 0 eV  ---> 25.6 PeV
     Cr_sctns:  Glauber-Gribov Nucl-nucl: 0 eV  ---> 25.6 PeV
     Cr_sctns:  Glauber-Gribov Nucl-nucl: 0 eV  ---> 25.6 PeV
     Cr_sctns:  Glauber-Gribov Nucl-nucl: 0 eV  ---> 25.6 PeV
CCB_STAVE_END
wrote /projects/hep/fs10/shared/nnbar/billy/ccb1623_campaign/stave_piplus_60MeV_B_s1625.root (+ /projects/hep/fs10/shared/nnbar/billy/ccb1623_campaign/stave_piplus_60MeV_B_s1625.root.meta.json)
