mode,run,n_events,base_sigma68_ns,base_n_pairs,traditional_sigma68_ns,traditional_n_pairs,ml_sigma68_ns,ml_n_pairs,ml_shuffled_sigma68_ns,ml_shuffled_n_pairs
b2_heldout,58,72,3.6456856104104385,432,3.9789442394192287,432,4.041265742244755,432,3.5074524708527384,432
b2_heldout,59,749,3.233943961531061,4494,3.498418802112404,4494,3.4115493166278856,4494,3.3421239215590672,4494
b2_heldout,60,802,3.014569480503283,4812,3.2461683986350884,4812,3.3495486454602057,4812,3.1331285770814947,4812
b2_heldout,61,925,2.8186463915967837,5550,3.889831009743151,5550,3.761463694907384,5550,2.9324772738375704,5550
b2_heldout,62,798,3.0945267194630546,4788,3.250570459900864,4788,3.2118167547504246,4788,3.190441809913371,4788
b2_heldout,63,365,3.7565673884240343,2190,3.7613030949300317,2190,3.662604824729245,2190,3.746433784053126,2190
b2_heldout,65,63,3.342522605512409,378,3.933608427437584,378,4.014890718961129,378,3.3398211696844227,378
