mode,run,n_events,base_sigma68_ns,base_n_pairs,traditional_sigma68_ns,traditional_n_pairs,ml_sigma68_ns,ml_n_pairs,ml_shuffled_sigma68_ns,ml_shuffled_n_pairs
b2_included,58,72,3.6456856104104385,432,2.6380874730068475,432,3.0758651725481974,432,4.072068229970332,432
b2_included,59,749,3.233943961531061,4494,2.4638441242745692,4494,2.5584577087764275,4494,3.6394924354926466,4494
b2_included,60,802,3.014569480503283,4812,2.048069976675759,4812,2.4406387736383186,4812,3.283433124871487,4812
b2_included,61,925,2.8186463915967837,5550,2.182377813173951,5550,2.3923462377915987,5550,3.2140181950901043,5550
b2_included,62,798,3.0945267194630546,4788,2.0852590225198924,4788,2.2539877540028193,4788,3.381765249802229,4788
b2_included,63,365,3.7565673884240343,2190,2.7294739474645064,2190,2.9159705676363443,2190,4.085922687243978,2190
b2_included,65,63,3.342522605512409,378,2.3195841521627605,378,2.604585384081411,378,3.6583757551482976,378
