{
  "study": "S18b",
  "ticket": "1781001480.695946.490c69d3",
  "worker": "testbeam-laptop-3",
  "raw_root_dir": "data/root/root",
  "output_dir": "reports/1781001480.695946.490c69d3",
  "samples_per_channel": 18,
  "baseline_samples": [0, 1, 2, 3],
  "amplitude_cut_adc": 1000.0,
  "cfd_fraction": 0.20,
  "random_seed": 18182,
  "bootstrap_resamples": 1000,
  "gaussian_core_bins": 40,
  "sample_iii_runs": [44, 45, 46, 47, 48, 49, 50, 51, 52, 53, 54, 55, 56, 57],
  "sample_iv_calib_runs": [64],
  "sample_iv_analysis_runs": [58, 59, 60, 61, 62, 63, 65],
  "training_pool_runs": [31, 32, 33, 34, 35, 36, 37, 39, 40, 41, 42, 44, 45, 46, 47, 48, 49, 50, 51, 52, 53, 54, 55, 56, 57, 64, 58, 59, 60, 61, 62, 63, 65],
  "astack": {
    "file_prefix": "hrda",
    "staves": {
      "A1": 0,
      "A3": 4
    }
  },
  "expected_reproduction": {
    "sample_iv_n_pairs": 127,
    "sample_iv_robust_width_ns": 1.7936257228944265,
    "sample_iv_core_sigma_ns": 1.9921758801207758,
    "robust_width_tolerance_ns": 0.001,
    "core_sigma_tolerance_ns": 0.001
  },
  "fit_windows_ns": [1.5, 2.0, 2.5, 3.0],
  "ml": {
    "alphas": [0.01, 0.1, 1.0, 10.0, 100.0, 1000.0]
  }
}
