event_id,method,source_run,stave,pid_proxy_class,pid_true,pid_score,pid_pred,true_energy_adc,pred_energy_adc
heldout:58:0,analytic_clipped_template_sideband_traditional,58,B8,other,0,8.80731868659425,True,5401.25,6681.9760687757425
heldout:58:1,analytic_clipped_template_sideband_traditional,58,B2,other,0,0.0,False,6983.0,0.0
heldout:58:2,analytic_clipped_template_sideband_traditional,58,B4,other,0,0.0,False,5722.0,0.0
heldout:58:3,analytic_clipped_template_sideband_traditional,58,B6,other,0,8.785106939502414,True,6211.0,6535.171918424367
heldout:58:4,analytic_clipped_template_sideband_traditional,58,B4,other,0,8.586203006598085,True,5109.75,5356.233627705938
heldout:58:5,analytic_clipped_template_sideband_traditional,58,B4,other,0,8.815298120607796,True,5756.875,6735.5157594666525
heldout:58:6,analytic_clipped_template_sideband_traditional,58,B2,inner_high_charge,1,9.405969692873617,True,11264.375,12159.760477996948
heldout:58:7,analytic_clipped_template_sideband_traditional,58,B6,other,0,8.904188437544997,True,7078.75,7361.7474547291
heldout:58:8,analytic_clipped_template_sideband_traditional,58,B8,other,0,9.027821265236755,True,6816.75,8330.687246385274
heldout:58:9,analytic_clipped_template_sideband_traditional,58,B4,other,0,0.0,False,5900.25,0.0
heldout:58:10,analytic_clipped_template_sideband_traditional,58,B2,other,0,9.119762650563835,True,8914.0,9133.033401444825
heldout:58:11,analytic_clipped_template_sideband_traditional,58,B4,other,0,0.0,False,5631.5,0.0
heldout:58:12,analytic_clipped_template_sideband_traditional,58,B2,other,0,0.075,False,6012.125,0.0
heldout:58:13,analytic_clipped_template_sideband_traditional,58,B8,other,0,8.660462099751909,True,5864.0,5769.200454723036
heldout:58:14,analytic_clipped_template_sideband_traditional,58,B6,other,0,8.356431982896677,True,4451.25,4256.476883369746
heldout:58:15,analytic_clipped_template_sideband_traditional,58,B4,other,0,8.604428342981008,True,5958.75,5454.766179715663
heldout:58:16,analytic_clipped_template_sideband_traditional,58,B4,other,0,0.0,False,6908.25,0.0
heldout:58:17,analytic_clipped_template_sideband_traditional,58,B4,other,0,8.123132326209923,False,2807.25,3126.947526816023
heldout:58:18,analytic_clipped_template_sideband_traditional,58,B4,other,0,0.075,False,5976.0,0.0
heldout:58:19,analytic_clipped_template_sideband_traditional,58,B4,other,0,0.0,False,7741.0,0.0
heldout:58:20,analytic_clipped_template_sideband_traditional,58,B4,inner_high_charge,1,8.96589000245086,True,9197.25,7830.348547554566
heldout:58:21,analytic_clipped_template_sideband_traditional,58,B4,other,0,0.075,False,4621.75,0.0
heldout:58:22,analytic_clipped_template_sideband_traditional,58,B4,other,0,9.059669047053076,True,8593.375,8600.30355616282
heldout:58:23,analytic_clipped_template_sideband_traditional,58,B6,other,0,0.075,False,5716.375,0.0
heldout:58:24,analytic_clipped_template_sideband_traditional,58,B4,other,0,0.075,False,4581.25,0.0
heldout:58:25,analytic_clipped_template_sideband_traditional,58,B2,inner_high_charge,1,9.848215676108218,True,15232.0,17928.733015484828
heldout:58:26,analytic_clipped_template_sideband_traditional,58,B4,other,0,0.0,False,4801.125,0.0
heldout:58:27,analytic_clipped_template_sideband_traditional,58,B8,other,0,9.037589805993713,True,5633.0,7804.546158717811
heldout:58:28,analytic_clipped_template_sideband_traditional,58,B4,other,0,0.075,False,4706.625,0.0
heldout:58:29,analytic_clipped_template_sideband_traditional,58,B4,other,0,0.0,False,6252.0,0.0
heldout:58:30,analytic_clipped_template_sideband_traditional,58,B8,other,0,8.369077250285113,True,3820.5,3999.110442257002
heldout:58:31,analytic_clipped_template_sideband_traditional,58,B2,other,0,0.075,False,8341.25,0.0
heldout:58:32,analytic_clipped_template_sideband_traditional,58,B2,other,0,8.40214889367988,True,4466.25,4455.633296394686
heldout:58:33,analytic_clipped_template_sideband_traditional,58,B8,other,0,0.075,False,3161.25,0.0
heldout:58:34,analytic_clipped_template_sideband_traditional,58,B8,other,0,8.992411120555769,True,6304.5,7459.749225711154
heldout:58:35,analytic_clipped_template_sideband_traditional,58,B8,other,0,8.578680404015383,True,5159.0,5316.084490518521
heldout:58:36,analytic_clipped_template_sideband_traditional,58,B2,other,0,0.075,False,4481.25,0.0
heldout:58:37,analytic_clipped_template_sideband_traditional,58,B6,other,0,0.075,False,3855.625,0.0
heldout:58:38,analytic_clipped_template_sideband_traditional,58,B6,other,0,0.075,False,6072.5,0.0
heldout:58:39,analytic_clipped_template_sideband_traditional,58,B2,inner_high_charge,1,9.258657961192117,True,9106.25,10494.039135270817
heldout:58:40,analytic_clipped_template_sideband_traditional,58,B4,other,0,8.72391376376669,True,6154.0,6147.19464327834
heldout:58:41,analytic_clipped_template_sideband_traditional,58,B2,inner_high_charge,1,9.176533994756932,True,10381.25,9666.586730194738
heldout:58:42,analytic_clipped_template_sideband_traditional,58,B8,other,0,8.69683694178341,True,5433.75,5550.5749529123605
heldout:58:43,analytic_clipped_template_sideband_traditional,58,B6,other,0,8.834423179894918,True,5883.5,6369.4359224790815
heldout:58:44,analytic_clipped_template_sideband_traditional,58,B2,other,0,8.456052972743748,True,5434.625,4702.456640193712
heldout:58:45,analytic_clipped_template_sideband_traditional,58,B6,other,0,0.0,False,3878.25,0.0
heldout:58:46,analytic_clipped_template_sideband_traditional,58,B6,other,0,0.0,False,3654.0,0.0
heldout:58:47,analytic_clipped_template_sideband_traditional,58,B6,other,0,0.0,False,2624.375,0.0
heldout:58:48,analytic_clipped_template_sideband_traditional,58,B4,other,0,0.075,False,3878.0,0.0
heldout:58:49,analytic_clipped_template_sideband_traditional,58,B8,other,0,8.553724971767279,True,4453.125,4810.311426435533
heldout:58:50,analytic_clipped_template_sideband_traditional,58,B4,inner_high_charge,1,0.11099999999999999,False,11485.0,0.0
heldout:58:51,analytic_clipped_template_sideband_traditional,58,B4,other,0,8.88340230798339,True,6908.25,7210.28405457604
heldout:58:52,analytic_clipped_template_sideband_traditional,58,B2,inner_high_charge,1,9.201763299995266,True,9168.75,9913.596061623648
heldout:58:53,analytic_clipped_template_sideband_traditional,58,B8,other,0,8.775154704753865,True,5625.75,6002.840968157307
heldout:58:54,analytic_clipped_template_sideband_traditional,58,B2,other,0,8.3656483776241,True,3896.0,4295.896846807764
heldout:58:55,analytic_clipped_template_sideband_traditional,58,B2,other,0,8.834829262207132,True,5434.625,6868.380882825129
heldout:58:56,analytic_clipped_template_sideband_traditional,58,B4,other,0,0.075,False,5189.25,0.0
heldout:58:57,analytic_clipped_template_sideband_traditional,58,B4,other,0,0.075,False,3775.625,0.0
heldout:58:58,analytic_clipped_template_sideband_traditional,58,B4,other,0,0.0,False,4275.625,0.0
heldout:58:59,analytic_clipped_template_sideband_traditional,58,B2,other,0,0.0,False,8139.75,0.0
heldout:58:60,analytic_clipped_template_sideband_traditional,58,B8,other,0,8.87794853071276,True,5110.625,6652.834145356933
heldout:58:61,analytic_clipped_template_sideband_traditional,58,B6,other,0,8.463997465657362,True,4693.0,4739.9720412450515
heldout:58:62,analytic_clipped_template_sideband_traditional,58,B8,other,0,8.254719910681128,False,3532.0,3566.8552027272003
heldout:58:63,analytic_clipped_template_sideband_traditional,58,B8,other,0,8.350616432816938,True,3810.0,4231.78916923957
heldout:58:64,analytic_clipped_template_sideband_traditional,58,B8,other,0,9.082634709277263,True,7307.125,8800.123909301528
heldout:58:65,analytic_clipped_template_sideband_traditional,58,B4,other,0,0.0,False,6074.0,0.0
heldout:58:66,analytic_clipped_template_sideband_traditional,58,B4,other,0,0.0,False,6465.0,0.0
heldout:58:67,analytic_clipped_template_sideband_traditional,58,B8,other,0,8.327415468912664,True,3828.125,4134.714843898593
heldout:58:68,analytic_clipped_template_sideband_traditional,58,B4,other,0,0.075,False,4422.0,0.0
heldout:58:69,analytic_clipped_template_sideband_traditional,58,B2,inner_high_charge,1,9.51041107663431,True,12156.0,13257.724620319008
heldout:58:70,analytic_clipped_template_sideband_traditional,58,B8,other,0,9.215313524256137,True,9089.0,9322.687875937318
heldout:58:71,analytic_clipped_template_sideband_traditional,58,B6,other,0,8.51042316909834,True,5275.0,4965.264213276523
heldout:58:72,analytic_clipped_template_sideband_traditional,58,B6,other,0,8.534857461124966,True,4943.75,4720.384968767028
heldout:58:73,analytic_clipped_template_sideband_traditional,58,B4,other,0,0.075,False,4706.625,0.0
heldout:58:74,analytic_clipped_template_sideband_traditional,58,B4,other,0,0.075,False,5497.5,0.0
heldout:58:75,analytic_clipped_template_sideband_traditional,58,B4,other,0,0.0,False,7144.5,0.0
heldout:58:76,analytic_clipped_template_sideband_traditional,58,B6,other,0,0.075,False,5065.0,0.0
heldout:58:77,analytic_clipped_template_sideband_traditional,58,B6,other,0,9.019325026561537,True,7613.0,8260.199109013449
heldout:58:78,analytic_clipped_template_sideband_traditional,58,B2,other,0,0.075,False,3183.0,0.0
heldout:58:79,analytic_clipped_template_sideband_traditional,58,B6,other,0,0.075,False,2532.5,0.0
heldout:58:80,analytic_clipped_template_sideband_traditional,58,B4,other,0,8.329212291831018,True,4939.5,4142.1526713421645
heldout:58:81,analytic_clipped_template_sideband_traditional,58,B4,other,0,8.278123992791501,False,2943.5,3651.3423949815956
heldout:58:82,analytic_clipped_template_sideband_traditional,58,B6,other,0,0.075,False,2420.5,0.0
heldout:58:83,analytic_clipped_template_sideband_traditional,58,B6,other,0,0.075,False,1682.5,0.0
heldout:58:84,analytic_clipped_template_sideband_traditional,58,B2,other,0,0.075,False,1632.0,0.0
heldout:58:85,analytic_clipped_template_sideband_traditional,58,B8,other,0,0.0,False,3112.5,0.0
heldout:58:86,analytic_clipped_template_sideband_traditional,58,B6,other,0,8.342350536566233,True,4045.0,4196.945578260138
heldout:58:87,analytic_clipped_template_sideband_traditional,58,B6,other,0,0.075,False,2949.5,0.0
heldout:58:88,analytic_clipped_template_sideband_traditional,58,B2,other,0,0.075,False,4707.0,0.0
heldout:58:89,analytic_clipped_template_sideband_traditional,58,B4,other,0,0.075,False,2218.5,0.0
heldout:58:90,analytic_clipped_template_sideband_traditional,58,B6,other,0,7.674912267829128,False,2099.5,2152.634734356514
heldout:58:91,analytic_clipped_template_sideband_traditional,58,B2,other,0,0.075,False,4900.5,0.0
heldout:58:92,analytic_clipped_template_sideband_traditional,58,B2,other,0,8.265485880242153,False,3253.0,3886.3613110702154
heldout:58:93,analytic_clipped_template_sideband_traditional,58,B6,other,0,0.075,False,3356.5,0.0
heldout:58:94,analytic_clipped_template_sideband_traditional,58,B8,other,0,8.046566924752078,False,2362.5,2896.3938072328683
heldout:58:95,analytic_clipped_template_sideband_traditional,58,B2,other,0,0.0,False,3183.0,0.0
heldout:58:96,analytic_clipped_template_sideband_traditional,58,B2,inner_high_charge,1,9.172069031047627,True,9432.5,9623.517529049828
heldout:58:97,analytic_clipped_template_sideband_traditional,58,B6,other,0,0.075,False,2532.5,0.0
heldout:58:98,analytic_clipped_template_sideband_traditional,58,B8,other,0,8.165575239106962,False,3688.0,3516.744299274743
heldout:58:99,analytic_clipped_template_sideband_traditional,58,B6,other,0,0.075,False,2646.5,0.0
heldout:58:100,analytic_clipped_template_sideband_traditional,58,B8,other,0,8.059341862901563,False,2547.0,2933.6452698649746
heldout:58:101,analytic_clipped_template_sideband_traditional,58,B4,other,0,0.075,False,4763.0,0.0
heldout:58:102,analytic_clipped_template_sideband_traditional,58,B2,other,0,0.0,False,8305.0,0.0
heldout:58:103,analytic_clipped_template_sideband_traditional,58,B4,other,0,0.075,False,4129.0,0.0
heldout:58:104,analytic_clipped_template_sideband_traditional,58,B6,other,0,0.075,False,5436.5,0.0
heldout:58:105,analytic_clipped_template_sideband_traditional,58,B2,other,0,0.0,False,2977.5,0.0
heldout:58:106,analytic_clipped_template_sideband_traditional,58,B8,other,0,8.212037515040707,False,3265.0,3684.0431531403137
heldout:58:107,analytic_clipped_template_sideband_traditional,58,B4,other,0,0.075,False,3459.5,0.0
heldout:58:108,analytic_clipped_template_sideband_traditional,58,B4,other,0,0.075,False,6074.5,0.0
heldout:58:109,analytic_clipped_template_sideband_traditional,58,B4,other,0,0.0,False,3843.0,0.0
heldout:58:110,analytic_clipped_template_sideband_traditional,58,B2,inner_high_charge,1,0.075,False,9201.0,0.0
heldout:58:111,analytic_clipped_template_sideband_traditional,58,B8,other,0,8.22958238253852,False,3048.0,3478.2860112538647
heldout:58:112,analytic_clipped_template_sideband_traditional,58,B8,other,0,7.7944570372778275,False,2094.0,2250.736639537654
heldout:58:113,analytic_clipped_template_sideband_traditional,58,B2,other,0,0.075,False,7505.0,0.0
heldout:58:114,analytic_clipped_template_sideband_traditional,58,B8,other,0,8.582559746351764,True,3562.5,4951.064039615351
heldout:58:115,analytic_clipped_template_sideband_traditional,58,B2,other,0,8.760027001447346,True,5365.0,6373.283690553172
heldout:58:116,analytic_clipped_template_sideband_traditional,58,B2,other,0,0.075,False,3105.5,0.0
heldout:58:117,analytic_clipped_template_sideband_traditional,58,B2,other,0,0.075,False,1632.0,0.0
heldout:58:118,analytic_clipped_template_sideband_traditional,58,B8,other,0,8.360691381433561,True,3699.0,4274.649849655388
heldout:58:119,analytic_clipped_template_sideband_traditional,58,B6,other,0,0.075,False,1682.5,0.0
heldout:58:120,analytic_clipped_template_sideband_traditional,58,B6,other,0,8.560439907197845,True,4045.0,4842.727787079344
heldout:58:121,analytic_clipped_template_sideband_traditional,58,B6,other,0,8.097172650090355,False,3266.5,3284.1666167041494
heldout:58:122,analytic_clipped_template_sideband_traditional,58,B2,other,0,0.075,False,6600.5,0.0
heldout:58:123,analytic_clipped_template_sideband_traditional,58,B6,other,0,0.075,False,3297.5,0.0
heldout:58:124,analytic_clipped_template_sideband_traditional,58,B6,other,0,7.797371672586171,False,2346.5,2257.309204314142
heldout:58:125,analytic_clipped_template_sideband_traditional,58,B4,other,0,0.0,False,3178.5,0.0
heldout:58:126,analytic_clipped_template_sideband_traditional,58,B2,other,0,0.075,False,1632.0,0.0
heldout:58:127,analytic_clipped_template_sideband_traditional,58,B2,other,0,8.981803004700716,True,7616.0,7955.965636362748
heldout:58:128,analytic_clipped_template_sideband_traditional,58,B6,other,0,7.416698929270395,False,1682.5,1542.3318993585267
heldout:58:129,analytic_clipped_template_sideband_traditional,58,B8,other,0,8.24794495532019,False,3381.5,3542.764840703705
heldout:58:130,analytic_clipped_template_sideband_traditional,58,B2,other,0,0.075,False,8253.5,0.0
heldout:58:131,analytic_clipped_template_sideband_traditional,58,B6,other,0,0.0,False,3561.0,0.0
heldout:58:132,analytic_clipped_template_sideband_traditional,58,B4,other,0,0.075,False,3519.5,0.0
heldout:58:133,analytic_clipped_template_sideband_traditional,58,B2,other,0,0.075,False,2832.5,0.0
heldout:58:134,analytic_clipped_template_sideband_traditional,58,B6,other,0,7.520586595400743,False,1878.0,1844.6496261588204
heldout:58:135,analytic_clipped_template_sideband_traditional,58,B2,other,0,0.075,False,5365.0,0.0
heldout:58:136,analytic_clipped_template_sideband_traditional,58,B8,other,0,8.372282095538676,True,3185.5,4011.9507418178887
heldout:58:137,analytic_clipped_template_sideband_traditional,58,B6,other,0,0.075,False,3356.5,0.0
heldout:58:138,analytic_clipped_template_sideband_traditional,58,B2,other,0,0.075,False,3105.5,0.0
heldout:58:139,analytic_clipped_template_sideband_traditional,58,B8,other,0,8.74445599786148,True,5431.0,6274.7984432743215
heldout:58:140,analytic_clipped_template_sideband_traditional,58,B8,other,0,8.461643169893575,True,4086.0,4728.823519460338
heldout:58:141,analytic_clipped_template_sideband_traditional,58,B8,other,0,0.0,False,2753.0,0.0
heldout:58:142,analytic_clipped_template_sideband_traditional,58,B2,other,0,0.075,False,3491.5,0.0
heldout:58:143,analytic_clipped_template_sideband_traditional,58,B6,other,0,0.075,False,3470.0,0.0
heldout:58:144,analytic_clipped_template_sideband_traditional,58,B8,other,0,8.801689844249795,True,4856.5,6164.286239280376
heldout:58:145,analytic_clipped_template_sideband_traditional,58,B4,other,0,0.075,False,3176.5,0.0
heldout:58:146,analytic_clipped_template_sideband_traditional,58,B6,other,0,0.0,False,2115.5,0.0
heldout:58:147,analytic_clipped_template_sideband_traditional,58,B6,other,0,0.0,False,3223.0,0.0
heldout:58:148,analytic_clipped_template_sideband_traditional,58,B4,other,0,0.075,False,3933.5,0.0
heldout:58:149,analytic_clipped_template_sideband_traditional,58,B6,other,0,0.075,False,3042.5,0.0
heldout:58:150,analytic_clipped_template_sideband_traditional,58,B6,other,0,0.0,False,1918.0,0.0
heldout:58:151,analytic_clipped_template_sideband_traditional,58,B4,other,0,8.633999507840404,True,5098.0,5618.508636515493
heldout:58:152,analytic_clipped_template_sideband_traditional,58,B8,other,0,8.151372872359577,False,3185.5,3216.541611840392
heldout:58:153,analytic_clipped_template_sideband_traditional,58,B4,other,0,0.075,False,2453.5,0.0
heldout:58:154,analytic_clipped_template_sideband_traditional,58,B6,other,0,0.075,False,1682.5,0.0
heldout:58:155,analytic_clipped_template_sideband_traditional,58,B6,other,0,8.252278269166121,False,3328.0,3558.1544057807723
heldout:60:156,analytic_clipped_template_sideband_traditional,60,B4,other,0,0.075,False,6466.25,0.0
heldout:60:157,analytic_clipped_template_sideband_traditional,60,B4,other,0,0.0,False,3440.0,0.0
heldout:60:158,analytic_clipped_template_sideband_traditional,60,B4,other,0,0.0,False,4471.0,0.0
heldout:60:159,analytic_clipped_template_sideband_traditional,60,B2,other,0,8.694509175001587,True,4783.75,5969.04160277614
heldout:60:160,analytic_clipped_template_sideband_traditional,60,B4,other,0,0.0,False,5644.0,0.0
heldout:60:161,analytic_clipped_template_sideband_traditional,60,B2,other,0,8.011013125541593,False,2818.75,3012.969095672871
heldout:60:162,analytic_clipped_template_sideband_traditional,60,B2,inner_high_charge,1,9.325903482507803,True,10494.0,11224.053542225423
heldout:60:163,analytic_clipped_template_sideband_traditional,60,B4,other,0,0.0,False,4883.75,0.0
heldout:60:164,analytic_clipped_template_sideband_traditional,60,B2,other,0,0.075,False,7372.0,0.0
heldout:60:165,analytic_clipped_template_sideband_traditional,60,B8,other,0,9.364614261218554,True,9265.5,10824.007667868342
heldout:60:166,analytic_clipped_template_sideband_traditional,60,B2,other,0,0.075,False,3692.0,0.0
heldout:60:167,analytic_clipped_template_sideband_traditional,60,B6,other,0,8.132310615239387,False,2975.0,3401.6527100554276
heldout:60:168,analytic_clipped_template_sideband_traditional,60,B6,other,0,0.075,False,6540.625,0.0
heldout:60:169,analytic_clipped_template_sideband_traditional,60,B8,other,0,8.810629767809848,True,5614.0,6704.140619365276
heldout:60:170,analytic_clipped_template_sideband_traditional,60,B6,other,0,0.075,False,3371.25,0.0
heldout:60:171,analytic_clipped_template_sideband_traditional,60,B8,other,0,9.115741549648535,True,6702.0,8439.033439840267
heldout:60:172,analytic_clipped_template_sideband_traditional,60,B4,other,0,0.0,False,6137.0,0.0
heldout:60:173,analytic_clipped_template_sideband_traditional,60,B6,other,0,8.839391236514443,True,7209.0,6899.7904121791225
heldout:60:174,analytic_clipped_template_sideband_traditional,60,B6,other,0,0.0,False,6992.25,0.0
heldout:60:175,analytic_clipped_template_sideband_traditional,60,B2,other,0,8.688396777131976,True,5011.5,5932.661630900313
heldout:60:176,analytic_clipped_template_sideband_traditional,60,B2,other,0,0.0,False,6697.25,0.0
heldout:60:177,analytic_clipped_template_sideband_traditional,60,B8,other,0,8.922489697135914,True,7123.0,7497.735588680727
heldout:60:178,analytic_clipped_template_sideband_traditional,60,B4,other,0,0.075,False,7308.0,0.0
heldout:60:179,analytic_clipped_template_sideband_traditional,60,B4,other,0,8.08167907501952,False,3328.125,3233.659916130566
heldout:60:180,analytic_clipped_template_sideband_traditional,60,B4,other,0,0.075,False,3002.0,0.0
heldout:60:181,analytic_clipped_template_sideband_traditional,60,B6,other,0,0.0,False,8843.0,0.0
heldout:60:182,analytic_clipped_template_sideband_traditional,60,B2,other,0,8.608132190205696,True,4997.25,5475.01097280532
heldout:60:183,analytic_clipped_template_sideband_traditional,60,B6,other,0,0.075,False,5151.75,0.0
heldout:60:184,analytic_clipped_template_sideband_traditional,60,B6,other,0,0.075,False,4624.5,0.0
heldout:60:185,analytic_clipped_template_sideband_traditional,60,B8,other,0,9.211571677091538,True,7720.0,9287.865251993968
heldout:60:186,analytic_clipped_template_sideband_traditional,60,B4,other,0,0.075,False,7390.0,0.0
heldout:60:187,analytic_clipped_template_sideband_traditional,60,B6,other,0,0.075,False,3705.625,0.0
heldout:60:188,analytic_clipped_template_sideband_traditional,60,B4,other,0,0.075,False,5331.0,0.0
heldout:60:189,analytic_clipped_template_sideband_traditional,60,B8,other,0,9.109628469098952,True,7527.0,9040.934909086176
heldout:60:190,analytic_clipped_template_sideband_traditional,60,B6,other,0,0.0,False,2954.25,0.0
heldout:60:191,analytic_clipped_template_sideband_traditional,60,B6,other,0,8.763992263346164,True,5379.5,5936.196096859614
heldout:60:192,analytic_clipped_template_sideband_traditional,60,B8,other,0,0.075,False,5568.75,0.0
heldout:60:193,analytic_clipped_template_sideband_traditional,60,B4,other,0,0.0,False,8648.5,0.0
heldout:60:194,analytic_clipped_template_sideband_traditional,60,B6,other,0,0.075,False,3495.625,0.0
heldout:60:195,analytic_clipped_template_sideband_traditional,60,B4,other,0,0.0,False,2440.5,0.0
heldout:60:196,analytic_clipped_template_sideband_traditional,60,B2,other,0,0.0,False,6074.0,0.0
heldout:60:197,analytic_clipped_template_sideband_traditional,60,B4,other,0,8.493062164553272,True,4928.125,4879.788992420459
heldout:60:198,analytic_clipped_template_sideband_traditional,60,B8,other,0,0.075,False,4720.0,0.0
heldout:60:199,analytic_clipped_template_sideband_traditional,60,B2,inner_high_charge,1,0.075,False,10559.375,0.0
heldout:60:200,analytic_clipped_template_sideband_traditional,60,B8,other,0,9.030863241251865,True,7167.0,7752.217839356432
heldout:60:201,analytic_clipped_template_sideband_traditional,60,B6,other,0,0.075,False,8347.0,0.0
heldout:60:202,analytic_clipped_template_sideband_traditional,60,B2,other,0,8.468173683610646,True,3679.375,4759.812774576577
heldout:60:203,analytic_clipped_template_sideband_traditional,60,B8,other,0,9.10382150802395,True,6755.0,8339.025125715307
heldout:60:204,analytic_clipped_template_sideband_traditional,60,B6,other,0,0.075,False,5466.75,0.0
heldout:60:205,analytic_clipped_template_sideband_traditional,60,B6,other,0,0.075,False,3801.25,0.0
heldout:60:206,analytic_clipped_template_sideband_traditional,60,B4,other,0,0.0,False,3136.0,0.0
heldout:60:207,analytic_clipped_template_sideband_traditional,60,B2,other,0,0.0,False,5676.75,0.0
heldout:60:208,analytic_clipped_template_sideband_traditional,60,B6,other,0,8.610215790304574,True,5424.0,5486.4326848176715
heldout:60:209,analytic_clipped_template_sideband_traditional,60,B8,other,0,8.357891618352376,True,3705.625,4262.695785141163
heldout:60:210,analytic_clipped_template_sideband_traditional,60,B2,other,0,8.55487881632997,True,4905.75,5191.023664909791
heldout:60:211,analytic_clipped_template_sideband_traditional,60,B6,other,0,8.35795286445451,True,4348.0,4262.956927885595
heldout:60:212,analytic_clipped_template_sideband_traditional,60,B2,other,0,0.075,False,3977.75,0.0
heldout:60:213,analytic_clipped_template_sideband_traditional,60,B4,other,0,0.075,False,2744.0,0.0
heldout:60:214,analytic_clipped_template_sideband_traditional,60,B8,other,0,8.98907985661463,True,6564.25,7434.936852070368
heldout:60:215,analytic_clipped_template_sideband_traditional,60,B8,other,0,8.807179121325534,True,4743.75,6198.222260597187
heldout:60:216,analytic_clipped_template_sideband_traditional,60,B8,other,0,9.122161652536807,True,9359.0,9154.972270769575
heldout:60:217,analytic_clipped_template_sideband_traditional,60,B8,other,0,8.854517882238717,True,5385.625,6498.742776397101
heldout:60:218,analytic_clipped_template_sideband_traditional,60,B4,inner_high_charge,1,0.0,False,9153.0,0.0
heldout:60:219,analytic_clipped_template_sideband_traditional,60,B4,other,0,8.297686867333358,False,3609.0,4013.5753998773152
heldout:60:220,analytic_clipped_template_sideband_traditional,60,B4,other,0,0.075,False,7308.0,0.0
heldout:60:221,analytic_clipped_template_sideband_traditional,60,B4,inner_high_charge,1,0.075,False,9573.375,0.0
heldout:60:222,analytic_clipped_template_sideband_traditional,60,B8,other,0,8.669745291231473,True,5075.625,5402.19266029903
heldout:60:223,analytic_clipped_template_sideband_traditional,60,B8,other,0,8.593804186796337,True,5385.625,5397.1100837153335
heldout:60:224,analytic_clipped_template_sideband_traditional,60,B2,other,0,0.0,False,5707.625,0.0
heldout:60:225,analytic_clipped_template_sideband_traditional,60,B6,other,0,0.0,False,4673.375,0.0
heldout:60:226,analytic_clipped_template_sideband_traditional,60,B4,other,0,0.075,False,6864.75,0.0
heldout:60:227,analytic_clipped_template_sideband_traditional,60,B6,other,0,8.68622678242423,True,5889.625,5919.799576905412
heldout:60:228,analytic_clipped_template_sideband_traditional,60,B6,other,0,9.333566230241308,True,8843.0,10493.07645950641
heldout:60:229,analytic_clipped_template_sideband_traditional,60,B8,other,0,8.957349869805295,True,6159.0,7202.698616226538
heldout:60:230,analytic_clipped_template_sideband_traditional,60,B2,other,0,9.135477404570716,True,8937.25,9277.706261364954
heldout:60:231,analytic_clipped_template_sideband_traditional,60,B6,other,0,0.075,False,4698.0,0.0
heldout:60:232,analytic_clipped_template_sideband_traditional,60,B6,other,0,0.0,False,4525.0,0.0
heldout:60:233,analytic_clipped_template_sideband_traditional,60,B4,inner_high_charge,1,9.269078179769362,True,10657.0,10603.971501970296
heldout:60:234,analytic_clipped_template_sideband_traditional,60,B6,other,0,0.075,False,3176.0,0.0
heldout:60:235,analytic_clipped_template_sideband_traditional,60,B8,other,0,8.44426269614086,True,3293.5,4311.455300312038
heldout:60:236,analytic_clipped_template_sideband_traditional,60,B6,other,0,0.075,False,3193.5,0.0
heldout:60:237,analytic_clipped_template_sideband_traditional,60,B4,other,0,0.075,False,2433.5,0.0
heldout:60:238,analytic_clipped_template_sideband_traditional,60,B2,other,0,0.0,False,2246.5,0.0
heldout:60:239,analytic_clipped_template_sideband_traditional,60,B8,other,0,8.429156846824993,True,3077.5,4246.801554656203
heldout:60:240,analytic_clipped_template_sideband_traditional,60,B4,other,0,0.075,False,4637.5,0.0
heldout:60:241,analytic_clipped_template_sideband_traditional,60,B2,other,0,8.152331980220042,False,2932.0,3470.4650214349576
heldout:60:242,analytic_clipped_template_sideband_traditional,60,B8,other,0,0.075,False,3903.0,0.0
heldout:60:243,analytic_clipped_template_sideband_traditional,60,B4,other,0,7.686226139282028,False,2743.0,2177.139038786487
heldout:60:244,analytic_clipped_template_sideband_traditional,60,B4,other,0,0.075,False,2338.5,0.0
heldout:60:245,analytic_clipped_template_sideband_traditional,60,B4,other,0,0.0,False,2546.0,0.0
heldout:60:246,analytic_clipped_template_sideband_traditional,60,B2,other,0,0.075,False,2899.0,0.0
heldout:60:247,analytic_clipped_template_sideband_traditional,60,B6,other,0,0.0,False,3836.0,0.0
heldout:60:248,analytic_clipped_template_sideband_traditional,60,B8,other,0,0.075,False,3763.5,0.0
heldout:60:249,analytic_clipped_template_sideband_traditional,60,B6,other,0,8.237598793641167,False,3616.0,3779.4517559970936
heldout:60:250,analytic_clipped_template_sideband_traditional,60,B2,other,0,8.367190510389358,True,3553.5,4302.528344234656
heldout:60:251,analytic_clipped_template_sideband_traditional,60,B4,other,0,0.075,False,4412.5,0.0
heldout:60:252,analytic_clipped_template_sideband_traditional,60,B8,other,0,8.242380829323437,False,2964.5,3523.1016416159855
heldout:60:253,analytic_clipped_template_sideband_traditional,60,B4,other,0,0.075,False,1525.0,0.0
heldout:60:254,analytic_clipped_template_sideband_traditional,60,B8,other,0,0.075,False,3195.0,0.0
heldout:60:255,analytic_clipped_template_sideband_traditional,60,B8,other,0,0.0,False,3763.5,0.0
heldout:60:256,analytic_clipped_template_sideband_traditional,60,B4,other,0,0.0,False,1568.0,0.0
heldout:60:257,analytic_clipped_template_sideband_traditional,60,B4,other,0,8.492005886712823,True,4576.5,4522.339768014875
heldout:60:258,analytic_clipped_template_sideband_traditional,60,B6,other,0,0.075,False,3039.5,0.0
heldout:60:259,analytic_clipped_template_sideband_traditional,60,B8,other,0,0.075,False,3763.5,0.0
heldout:60:260,analytic_clipped_template_sideband_traditional,60,B6,other,0,0.075,False,3037.0,0.0
heldout:60:261,analytic_clipped_template_sideband_traditional,60,B8,other,0,7.9333731731285875,False,2284.0,2586.3078478835887
heldout:60:262,analytic_clipped_template_sideband_traditional,60,B8,other,0,8.44671395781046,True,4564.0,4658.735462527855
heldout:60:263,analytic_clipped_template_sideband_traditional,60,B6,other,0,0.075,False,1629.0,0.0
heldout:60:264,analytic_clipped_template_sideband_traditional,60,B8,other,0,8.76293913713997,True,5649.0,6391.873524525214
heldout:60:265,analytic_clipped_template_sideband_traditional,60,B6,other,0,0.075,False,3039.5,0.0
heldout:60:266,analytic_clipped_template_sideband_traditional,60,B6,other,0,0.075,False,1969.5,0.0
heldout:60:267,analytic_clipped_template_sideband_traditional,60,B2,other,0,8.314583364053453,False,4053.0,4081.9839650039103
heldout:60:268,analytic_clipped_template_sideband_traditional,60,B6,other,0,0.0,False,1688.5,0.0
heldout:60:269,analytic_clipped_template_sideband_traditional,60,B2,other,0,0.075,False,4463.5,0.0
heldout:60:270,analytic_clipped_template_sideband_traditional,60,B8,other,0,0.075,False,3344.0,0.0
heldout:60:271,analytic_clipped_template_sideband_traditional,60,B8,other,0,0.075,False,1716.5,0.0
heldout:60:272,analytic_clipped_template_sideband_traditional,60,B2,other,0,0.075,False,1718.5,0.0
heldout:60:273,analytic_clipped_template_sideband_traditional,60,B4,other,0,0.075,False,3426.5,0.0
heldout:60:274,analytic_clipped_template_sideband_traditional,60,B6,other,0,7.85477652036608,False,2371.0,2577.018914512377
heldout:60:275,analytic_clipped_template_sideband_traditional,60,B4,other,0,0.0,False,4088.5,0.0
heldout:60:276,analytic_clipped_template_sideband_traditional,60,B2,other,0,8.58459845858579,True,4680.0,5347.644581748269
heldout:60:277,analytic_clipped_template_sideband_traditional,60,B6,other,0,0.075,False,3017.5,0.0
heldout:60:278,analytic_clipped_template_sideband_traditional,60,B6,other,0,0.0,False,3107.5,0.0
heldout:60:279,analytic_clipped_template_sideband_traditional,60,B6,other,0,0.075,False,3616.0,0.0
heldout:60:280,analytic_clipped_template_sideband_traditional,60,B2,other,0,0.0,False,4163.5,0.0
heldout:60:281,analytic_clipped_template_sideband_traditional,60,B2,other,0,0.075,False,1718.5,0.0
heldout:60:282,analytic_clipped_template_sideband_traditional,60,B2,other,0,8.129134801566286,False,1976.5,3145.779417198438
heldout:60:283,analytic_clipped_template_sideband_traditional,60,B8,other,0,0.075,False,7091.5,0.0
heldout:60:284,analytic_clipped_template_sideband_traditional,60,B2,other,0,8.489111877332984,True,4463.5,4860.54650573627
heldout:60:285,analytic_clipped_template_sideband_traditional,60,B6,other,0,0.075,False,3604.5,0.0
heldout:60:286,analytic_clipped_template_sideband_traditional,60,B4,other,0,0.0,False,3942.5,0.0
heldout:60:287,analytic_clipped_template_sideband_traditional,60,B6,other,0,0.075,False,3585.0,0.0
heldout:60:288,analytic_clipped_template_sideband_traditional,60,B6,other,0,7.978005317273238,False,2772.0,2915.1085476261997
heldout:60:289,analytic_clipped_template_sideband_traditional,60,B2,other,0,0.0,False,3521.0,0.0
heldout:60:290,analytic_clipped_template_sideband_traditional,60,B8,other,0,0.075,False,3583.5,0.0
heldout:60:291,analytic_clipped_template_sideband_traditional,60,B6,other,0,0.075,False,3027.0,0.0
heldout:60:292,analytic_clipped_template_sideband_traditional,60,B4,other,0,0.0,False,2697.0,0.0
heldout:60:293,analytic_clipped_template_sideband_traditional,60,B8,other,0,0.075,False,2076.0,0.0
heldout:60:294,analytic_clipped_template_sideband_traditional,60,B8,other,0,7.633687886255645,False,2781.5,2065.6575813938184
heldout:60:295,analytic_clipped_template_sideband_traditional,60,B6,other,0,0.0,False,2631.0,0.0
heldout:60:296,analytic_clipped_template_sideband_traditional,60,B6,other,0,0.075,False,3833.5,0.0
heldout:60:297,analytic_clipped_template_sideband_traditional,60,B4,other,0,0.075,False,3187.0,0.0
heldout:60:298,analytic_clipped_template_sideband_traditional,60,B8,other,0,8.557117415762033,True,2969.0,4826.6612482380315
heldout:60:299,analytic_clipped_template_sideband_traditional,60,B6,other,0,0.0,False,3178.5,0.0
heldout:60:300,analytic_clipped_template_sideband_traditional,60,B6,other,0,8.021055740644938,False,3039.5,3043.3897228892256
heldout:60:301,analytic_clipped_template_sideband_traditional,60,B4,other,0,0.075,False,2235.5,0.0
heldout:60:302,analytic_clipped_template_sideband_traditional,60,B8,other,0,8.861289932106232,True,7091.5,7052.575512295072
heldout:60:303,analytic_clipped_template_sideband_traditional,60,B8,other,0,8.38230722335649,True,3979.0,4368.077744447388
heldout:60:304,analytic_clipped_template_sideband_traditional,60,B2,other,0,0.075,False,3240.5,0.0
heldout:60:305,analytic_clipped_template_sideband_traditional,60,B8,other,0,8.41325061626229,True,3142.0,4179.769570140979
heldout:60:306,analytic_clipped_template_sideband_traditional,60,B4,other,0,0.075,False,2338.5,0.0
heldout:60:307,analytic_clipped_template_sideband_traditional,60,B4,other,0,0.075,False,3130.0,0.0
heldout:60:308,analytic_clipped_template_sideband_traditional,60,B2,other,0,8.337864557068174,True,3859.5,4178.155857124361
heldout:60:309,analytic_clipped_template_sideband_traditional,60,B2,other,0,8.714616670496074,True,5791.0,6090.299195194682
heldout:60:310,analytic_clipped_template_sideband_traditional,60,B6,other,0,0.075,False,3310.5,0.0
heldout:60:311,analytic_clipped_template_sideband_traditional,60,B2,other,0,0.0,False,3173.5,0.0
heldout:62:312,analytic_clipped_template_sideband_traditional,62,B6,other,0,0.075,False,5520.0,0.0
heldout:62:313,analytic_clipped_template_sideband_traditional,62,B4,other,0,0.075,False,5262.75,0.0
heldout:62:314,analytic_clipped_template_sideband_traditional,62,B6,other,0,0.0,False,4421.875,0.0
heldout:62:315,analytic_clipped_template_sideband_traditional,62,B8,other,0,8.721430275378733,True,5300.0,5688.79942112545
heldout:62:316,analytic_clipped_template_sideband_traditional,62,B8,other,0,0.0,False,4293.75,0.0
heldout:62:317,analytic_clipped_template_sideband_traditional,62,B8,other,0,8.902246344291356,True,5445.0,6816.487930115155
heldout:62:318,analytic_clipped_template_sideband_traditional,62,B6,other,0,0.075,False,4380.625,0.0
heldout:62:319,analytic_clipped_template_sideband_traditional,62,B8,other,0,8.465248871883961,True,4465.0,4745.908636949282
heldout:62:320,analytic_clipped_template_sideband_traditional,62,B8,other,0,8.937405534383355,True,6042.0,7060.448888159908
heldout:62:321,analytic_clipped_template_sideband_traditional,62,B4,other,0,8.130203462209298,False,3410.25,3394.490348832805
heldout:62:322,analytic_clipped_template_sideband_traditional,62,B8,other,0,8.99416418605458,True,6688.0,7472.839878807612
heldout:62:323,analytic_clipped_template_sideband_traditional,62,B8,other,0,8.547622372428702,True,4197.5,5153.4844019512675
heldout:62:324,analytic_clipped_template_sideband_traditional,62,B2,other,0,0.075,False,2794.75,0.0
heldout:62:325,analytic_clipped_template_sideband_traditional,62,B8,other,0,8.342621102142857,True,3300.0,3894.670557963598
heldout:62:326,analytic_clipped_template_sideband_traditional,62,B8,other,0,0.075,False,6351.0,0.0
heldout:62:327,analytic_clipped_template_sideband_traditional,62,B2,other,0,0.0,False,8538.0,0.0
heldout:62:328,analytic_clipped_template_sideband_traditional,62,B4,other,0,8.359714890996997,True,4443.75,4270.476756291585
heldout:62:329,analytic_clipped_template_sideband_traditional,62,B2,other,0,0.075,False,5743.5,0.0
heldout:62:330,analytic_clipped_template_sideband_traditional,62,B8,other,0,0.0,False,2659.5,0.0
heldout:62:331,analytic_clipped_template_sideband_traditional,62,B4,other,0,0.0,False,2898.75,0.0
heldout:62:332,analytic_clipped_template_sideband_traditional,62,B4,other,0,0.0,False,5579.0,0.0
heldout:62:333,analytic_clipped_template_sideband_traditional,62,B6,other,0,8.529806216263761,True,5530.875,5062.464522668099
heldout:62:334,analytic_clipped_template_sideband_traditional,62,B4,other,0,0.0,False,3370.0,0.0
heldout:62:335,analytic_clipped_template_sideband_traditional,62,B4,other,0,0.075,False,6820.5,0.0
heldout:62:336,analytic_clipped_template_sideband_traditional,62,B6,other,0,0.075,False,3883.25,0.0
heldout:62:337,analytic_clipped_template_sideband_traditional,62,B4,other,0,9.164551637811073,True,8773.0,9551.437512430279
heldout:62:338,analytic_clipped_template_sideband_traditional,62,B2,other,0,0.075,False,6495.0,0.0
heldout:62:339,analytic_clipped_template_sideband_traditional,62,B6,other,0,0.075,False,2545.0,0.0
heldout:62:340,analytic_clipped_template_sideband_traditional,62,B8,other,0,9.267353665942972,True,9399.0,10585.69884224232
heldout:62:341,analytic_clipped_template_sideband_traditional,62,B2,other,0,0.075,False,5822.5,0.0
heldout:62:342,analytic_clipped_template_sideband_traditional,62,B4,other,0,0.075,False,4295.0,0.0
heldout:62:343,analytic_clipped_template_sideband_traditional,62,B4,other,0,0.075,False,5245.5,0.0
heldout:62:344,analytic_clipped_template_sideband_traditional,62,B2,inner_high_charge,1,0.129,False,14244.125,0.0
heldout:62:345,analytic_clipped_template_sideband_traditional,62,B2,other,0,8.73164736483929,True,5580.75,6194.926660256537
heldout:62:346,analytic_clipped_template_sideband_traditional,62,B4,other,0,8.004746967436303,False,3038.125,2994.14213674848
heldout:62:347,analytic_clipped_template_sideband_traditional,62,B6,other,0,0.075,False,4301.0,0.0
heldout:62:348,analytic_clipped_template_sideband_traditional,62,B2,other,0,8.334153002766438,True,3939.375,4162.673442909099
heldout:62:349,analytic_clipped_template_sideband_traditional,62,B8,other,0,8.717877904010233,True,6011.25,6110.1967719616305
heldout:62:350,analytic_clipped_template_sideband_traditional,62,B4,other,0,8.376506307463735,True,4151.25,4342.806461083755
heldout:62:351,analytic_clipped_template_sideband_traditional,62,B2,other,0,8.827083901422984,True,6206.0,6815.380567764683
heldout:62:352,analytic_clipped_template_sideband_traditional,62,B4,other,0,8.106454894744434,False,4485.75,3314.8023009639664
heldout:62:353,analytic_clipped_template_sideband_traditional,62,B8,other,0,8.854072865617528,True,5384.25,6495.850926336552
heldout:62:354,analytic_clipped_template_sideband_traditional,62,B4,other,0,0.075,False,4185.0,0.0
heldout:62:355,analytic_clipped_template_sideband_traditional,62,B6,other,0,9.107987619848164,True,7455.0,8373.84308039236
heldout:62:356,analytic_clipped_template_sideband_traditional,62,B2,other,0,0.0,False,5399.0,0.0
heldout:62:357,analytic_clipped_template_sideband_traditional,62,B8,other,0,0.075,False,5819.0,0.0
heldout:62:358,analytic_clipped_template_sideband_traditional,62,B4,other,0,0.0,False,6010.0,0.0
heldout:62:359,analytic_clipped_template_sideband_traditional,62,B8,other,0,9.070956787889923,True,6206.0,8069.3875841783465
heldout:62:360,analytic_clipped_template_sideband_traditional,62,B4,other,0,8.250381691089515,False,3265.5,3828.0870709651726
heldout:62:361,analytic_clipped_template_sideband_traditional,62,B4,other,0,0.0,False,4633.75,0.0
heldout:62:362,analytic_clipped_template_sideband_traditional,62,B6,other,0,8.877593555834974,True,6676.25,7168.516917744864
heldout:62:363,analytic_clipped_template_sideband_traditional,62,B4,other,0,0.075,False,3506.875,0.0
heldout:62:364,analytic_clipped_template_sideband_traditional,62,B6,other,0,0.075,False,4666.375,0.0
heldout:62:365,analytic_clipped_template_sideband_traditional,62,B6,other,0,0.0,False,3604.375,0.0
heldout:62:366,analytic_clipped_template_sideband_traditional,62,B2,other,0,8.88008346743604,True,6606.25,7186.390623832214
heldout:62:367,analytic_clipped_template_sideband_traditional,62,B4,other,0,0.0,False,2550.0,0.0
heldout:62:368,analytic_clipped_template_sideband_traditional,62,B6,other,0,0.0,False,4109.0,0.0
heldout:62:369,analytic_clipped_template_sideband_traditional,62,B8,other,0,8.582780974289676,True,4293.75,5337.932332818901
heldout:62:370,analytic_clipped_template_sideband_traditional,62,B8,other,0,8.838595937898852,True,5358.125,6396.073747911526
heldout:62:371,analytic_clipped_template_sideband_traditional,62,B8,other,0,8.428102131143138,True,3367.875,4242.323693593353
heldout:62:372,analytic_clipped_template_sideband_traditional,62,B2,inner_high_charge,1,9.99520826422725,True,15392.0,20033.44385929953
heldout:62:373,analytic_clipped_template_sideband_traditional,62,B8,other,0,8.644952800217697,True,4997.0,5269.880999887006
heldout:62:374,analytic_clipped_template_sideband_traditional,62,B4,other,0,0.075,False,4881.625,0.0
heldout:62:375,analytic_clipped_template_sideband_traditional,62,B2,other,0,0.0,False,5731.5,0.0
heldout:62:376,analytic_clipped_template_sideband_traditional,62,B4,other,0,8.51299641981687,True,4443.75,4978.060112699648
heldout:62:377,analytic_clipped_template_sideband_traditional,62,B2,other,0,0.0,False,7574.0,0.0
heldout:62:378,analytic_clipped_template_sideband_traditional,62,B2,inner_high_charge,1,0.075,False,9741.375,0.0
heldout:62:379,analytic_clipped_template_sideband_traditional,62,B2,other,0,8.336299612394782,True,3656.875,4171.620824242647
heldout:62:380,analytic_clipped_template_sideband_traditional,62,B8,other,0,0.0,False,5593.75,0.0
heldout:62:381,analytic_clipped_template_sideband_traditional,62,B8,other,0,8.453075120987439,True,4180.0,4349.626431636516
heldout:62:382,analytic_clipped_template_sideband_traditional,62,B8,other,0,9.277381583873343,True,9399.0,9919.727991967695
heldout:62:383,analytic_clipped_template_sideband_traditional,62,B2,other,0,8.587373707445328,True,4718.75,4974.960555535271
heldout:62:384,analytic_clipped_template_sideband_traditional,62,B2,other,0,8.832123990620417,True,6300.0,6849.822456015188
heldout:62:385,analytic_clipped_template_sideband_traditional,62,B6,other,0,8.614815168121302,True,5020.75,5113.398970311739
heldout:62:386,analytic_clipped_template_sideband_traditional,62,B4,other,0,0.075,False,3723.75,0.0
heldout:62:387,analytic_clipped_template_sideband_traditional,62,B2,other,0,0.075,False,5937.0,0.0
heldout:62:388,analytic_clipped_template_sideband_traditional,62,B8,other,0,0.075,False,6775.0,0.0
heldout:62:389,analytic_clipped_template_sideband_traditional,62,B8,other,0,8.866442796013306,True,5152.5,6576.715634367305
heldout:62:390,analytic_clipped_template_sideband_traditional,62,B6,other,0,0.075,False,2150.5,0.0
heldout:62:391,analytic_clipped_template_sideband_traditional,62,B4,other,0,0.0,False,2627.0,0.0
heldout:62:392,analytic_clipped_template_sideband_traditional,62,B6,other,0,0.0,False,3680.0,0.0
heldout:62:393,analytic_clipped_template_sideband_traditional,62,B2,other,0,0.0,False,5091.5,0.0
heldout:62:394,analytic_clipped_template_sideband_traditional,62,B4,other,0,0.0,False,2805.0,0.0
heldout:62:395,analytic_clipped_template_sideband_traditional,62,B8,other,0,8.443880977515137,True,3937.0,4645.5532051353075
heldout:62:396,analytic_clipped_template_sideband_traditional,62,B2,other,0,7.655406986390756,False,1597.0,1958.4262629551386
heldout:62:397,analytic_clipped_template_sideband_traditional,62,B6,other,0,0.075,False,1866.5,0.0
heldout:62:398,analytic_clipped_template_sideband_traditional,62,B4,other,0,7.9283225633114585,False,2672.0,2773.7684002034403
heldout:62:399,analytic_clipped_template_sideband_traditional,62,B4,other,0,0.075,False,3110.0,0.0
heldout:62:400,analytic_clipped_template_sideband_traditional,62,B4,other,0,0.075,False,2594.5,0.0
heldout:62:401,analytic_clipped_template_sideband_traditional,62,B8,other,0,7.984230302026235,False,2811.5,2933.3178965312595
heldout:62:402,analytic_clipped_template_sideband_traditional,62,B4,other,0,8.199009909351727,False,2990.5,3636.3472204678765
heldout:62:403,analytic_clipped_template_sideband_traditional,62,B2,other,0,0.0,False,3350.5,0.0
heldout:62:404,analytic_clipped_template_sideband_traditional,62,B4,other,0,0.0,False,2948.0,0.0
heldout:62:405,analytic_clipped_template_sideband_traditional,62,B6,other,0,0.075,False,3680.0,0.0
heldout:62:406,analytic_clipped_template_sideband_traditional,62,B2,other,0,0.0,False,3151.5,0.0
heldout:62:407,analytic_clipped_template_sideband_traditional,62,B2,other,0,0.075,False,5566.5,0.0
heldout:62:408,analytic_clipped_template_sideband_traditional,62,B6,other,0,0.075,False,3839.0,0.0
heldout:62:409,analytic_clipped_template_sideband_traditional,62,B2,other,0,0.075,False,3804.5,0.0
heldout:62:410,analytic_clipped_template_sideband_traditional,62,B8,other,0,8.18217929916775,False,3325.5,3575.640743835698
heldout:62:411,analytic_clipped_template_sideband_traditional,62,B6,other,0,0.075,False,3160.5,0.0
heldout:62:412,analytic_clipped_template_sideband_traditional,62,B8,other,0,8.874770231770997,True,5476.0,6631.71984289066
heldout:62:413,analytic_clipped_template_sideband_traditional,62,B4,other,0,0.075,False,2482.5,0.0
heldout:62:414,analytic_clipped_template_sideband_traditional,62,B2,other,0,8.002389711583117,False,2646.5,2987.0901353667387
heldout:62:415,analytic_clipped_template_sideband_traditional,62,B6,other,0,7.861742110244403,False,2559.5,2595.039024456734
heldout:62:416,analytic_clipped_template_sideband_traditional,62,B4,other,0,0.0,False,2497.5,0.0
heldout:62:417,analytic_clipped_template_sideband_traditional,62,B2,other,0,8.594966181528056,True,5427.5,5403.38630495566
heldout:62:418,analytic_clipped_template_sideband_traditional,62,B6,other,0,8.032014899491344,False,2750.5,3076.937163556178
heldout:62:419,analytic_clipped_template_sideband_traditional,62,B6,other,0,0.0,False,2940.0,0.0
heldout:62:420,analytic_clipped_template_sideband_traditional,62,B8,other,0,0.075,False,3426.5,0.0
heldout:62:421,analytic_clipped_template_sideband_traditional,62,B2,other,0,0.075,False,6853.5,0.0
heldout:62:422,analytic_clipped_template_sideband_traditional,62,B8,other,0,0.075,False,2724.5,0.0
heldout:62:423,analytic_clipped_template_sideband_traditional,62,B8,other,0,8.697946920841401,True,2696.0,5556.740506033361
heldout:62:424,analytic_clipped_template_sideband_traditional,62,B8,other,0,8.177753238422618,False,2960.0,3559.845296231343
heldout:62:425,analytic_clipped_template_sideband_traditional,62,B4,other,0,0.075,False,2204.5,0.0
heldout:62:426,analytic_clipped_template_sideband_traditional,62,B6,other,0,7.867382965567946,False,2599.0,2609.724284782932
heldout:62:427,analytic_clipped_template_sideband_traditional,62,B6,other,0,0.075,False,2635.0,0.0
heldout:62:428,analytic_clipped_template_sideband_traditional,62,B4,other,0,8.305972265635079,False,4386.5,4046.9759333667043
heldout:62:429,analytic_clipped_template_sideband_traditional,62,B8,other,0,8.721883166773681,True,3888.0,5691.376865929486
heldout:62:430,analytic_clipped_template_sideband_traditional,62,B6,other,0,0.075,False,2180.0,0.0
heldout:62:431,analytic_clipped_template_sideband_traditional,62,B4,other,0,8.087580705374053,False,2627.0,3017.6974379016165
heldout:62:432,analytic_clipped_template_sideband_traditional,62,B2,other,0,0.075,False,4163.5,0.0
heldout:62:433,analytic_clipped_template_sideband_traditional,62,B4,other,0,0.075,False,2122.5,0.0
heldout:62:434,analytic_clipped_template_sideband_traditional,62,B4,other,0,0.0,False,2952.5,0.0
heldout:62:435,analytic_clipped_template_sideband_traditional,62,B8,other,0,0.075,False,3980.0,0.0
heldout:62:436,analytic_clipped_template_sideband_traditional,62,B2,other,0,9.026062800322505,True,7696.0,8316.049140755564
heldout:62:437,analytic_clipped_template_sideband_traditional,62,B4,other,0,0.0,False,4996.0,0.0
heldout:62:438,analytic_clipped_template_sideband_traditional,62,B8,other,0,0.075,False,2596.0,0.0
heldout:62:439,analytic_clipped_template_sideband_traditional,62,B4,other,0,0.0,False,6526.0,0.0
heldout:62:440,analytic_clipped_template_sideband_traditional,62,B2,other,0,8.223383266901461,False,2855.0,3726.0908184890477
heldout:62:441,analytic_clipped_template_sideband_traditional,62,B8,other,0,0.075,False,3426.5,0.0
heldout:62:442,analytic_clipped_template_sideband_traditional,62,B6,other,0,0.075,False,2054.5,0.0
heldout:62:443,analytic_clipped_template_sideband_traditional,62,B8,other,0,0.075,False,4100.5,0.0
heldout:62:444,analytic_clipped_template_sideband_traditional,62,B8,other,0,8.66823843307891,True,4555.0,5394.056946611662
heldout:62:445,analytic_clipped_template_sideband_traditional,62,B4,other,0,7.977490660695084,False,2911.5,2913.608139310172
heldout:62:446,analytic_clipped_template_sideband_traditional,62,B4,other,0,0.0,False,2608.0,0.0
heldout:62:447,analytic_clipped_template_sideband_traditional,62,B4,other,0,0.075,False,4198.5,0.0
heldout:62:448,analytic_clipped_template_sideband_traditional,62,B8,other,0,8.138353270243742,False,2558.0,3174.922023413699
heldout:62:449,analytic_clipped_template_sideband_traditional,62,B2,other,0,8.31962785542747,False,3282.0,4102.63257948754
heldout:62:450,analytic_clipped_template_sideband_traditional,62,B2,other,0,0.0,False,3247.5,0.0
heldout:62:451,analytic_clipped_template_sideband_traditional,62,B2,other,0,0.0,False,6035.5,0.0
heldout:62:452,analytic_clipped_template_sideband_traditional,62,B2,other,0,0.0,False,3720.0,0.0
heldout:62:453,analytic_clipped_template_sideband_traditional,62,B8,other,0,8.17155740806276,False,2813.0,3537.8511093236234
heldout:62:454,analytic_clipped_template_sideband_traditional,62,B4,other,0,0.075,False,4996.0,0.0
heldout:62:455,analytic_clipped_template_sideband_traditional,62,B4,other,0,0.075,False,1611.0,0.0
heldout:62:456,analytic_clipped_template_sideband_traditional,62,B8,other,0,0.075,False,3980.0,0.0
heldout:62:457,analytic_clipped_template_sideband_traditional,62,B8,other,0,0.075,False,3290.0,0.0
heldout:62:458,analytic_clipped_template_sideband_traditional,62,B2,other,0,0.075,False,1576.0,0.0
heldout:62:459,analytic_clipped_template_sideband_traditional,62,B4,other,0,0.075,False,2319.5,0.0
heldout:62:460,analytic_clipped_template_sideband_traditional,62,B6,other,0,0.0,False,2384.0,0.0
heldout:62:461,analytic_clipped_template_sideband_traditional,62,B8,other,0,8.351251681591254,True,2994.0,3928.4379587342814
heldout:62:462,analytic_clipped_template_sideband_traditional,62,B8,other,0,8.257528453860223,False,2865.5,3576.889762772423
heldout:62:463,analytic_clipped_template_sideband_traditional,62,B6,other,0,8.279155328378645,False,3537.5,3939.8642395531388
heldout:62:464,analytic_clipped_template_sideband_traditional,62,B8,other,0,8.515145469191532,True,3572.0,4628.228345685747
heldout:62:465,analytic_clipped_template_sideband_traditional,62,B4,other,0,8.19605421185644,False,3365.5,3625.6121949580865
heldout:62:466,analytic_clipped_template_sideband_traditional,62,B6,other,0,0.0,False,3160.5,0.0
heldout:62:467,analytic_clipped_template_sideband_traditional,62,B6,other,0,0.075,False,3121.5,0.0
heldout:64:468,analytic_clipped_template_sideband_traditional,64,B8,other,0,8.96501119426499,True,7245.75,7823.469317549135
heldout:64:469,analytic_clipped_template_sideband_traditional,64,B2,other,0,0.0,False,7392.0,0.0
heldout:64:470,analytic_clipped_template_sideband_traditional,64,B8,other,0,8.628397794407245,True,4891.25,5183.3398553884235
heldout:64:471,analytic_clipped_template_sideband_traditional,64,B8,other,0,9.093854917790292,True,9017.0,8899.430432831774
heldout:64:472,analytic_clipped_template_sideband_traditional,64,B6,other,0,8.492739826268453,True,4446.75,4525.6608445798265
heldout:64:473,analytic_clipped_template_sideband_traditional,64,B2,other,0,0.075,False,7881.125,0.0
heldout:64:474,analytic_clipped_template_sideband_traditional,64,B4,other,0,0.075,False,5504.25,0.0
heldout:64:475,analytic_clipped_template_sideband_traditional,64,B8,other,0,8.565160082798029,True,3336.375,4865.645077060483
heldout:64:476,analytic_clipped_template_sideband_traditional,64,B4,other,0,0.075,False,4533.375,0.0
heldout:64:477,analytic_clipped_template_sideband_traditional,64,B4,other,0,0.0,False,6872.5,0.0
heldout:64:478,analytic_clipped_template_sideband_traditional,64,B2,other,0,9.159522969785355,True,8735.125,9503.522051788104
heldout:64:479,analytic_clipped_template_sideband_traditional,64,B8,other,0,8.773353041382315,True,5393.0,6458.796155368827
heldout:64:480,analytic_clipped_template_sideband_traditional,64,B8,other,0,8.730075410447068,True,5123.125,5738.201742817676
heldout:64:481,analytic_clipped_template_sideband_traditional,64,B2,inner_high_charge,1,9.17498357163976,True,9009.0,9651.60949376798
heldout:64:482,analytic_clipped_template_sideband_traditional,64,B2,inner_high_charge,1,0.075,False,11826.5,0.0
heldout:64:483,analytic_clipped_template_sideband_traditional,64,B4,other,0,0.075,False,6352.0,0.0
heldout:64:484,analytic_clipped_template_sideband_traditional,64,B2,inner_high_charge,1,9.709440736711297,True,14830.375,15888.928132561225
heldout:64:485,analytic_clipped_template_sideband_traditional,64,B6,other,0,0.075,False,4928.875,0.0
heldout:64:486,analytic_clipped_template_sideband_traditional,64,B4,other,0,8.555951449553683,True,4402.0,5196.5957898800225
heldout:64:487,analytic_clipped_template_sideband_traditional,64,B6,other,0,7.932246811567293,False,2825.375,2784.6786735676274
heldout:64:488,analytic_clipped_template_sideband_traditional,64,B6,other,0,0.0,False,7062.0,0.0
heldout:64:489,analytic_clipped_template_sideband_traditional,64,B4,other,0,0.0,False,4634.0,0.0
heldout:64:490,analytic_clipped_template_sideband_traditional,64,B8,other,0,8.69755964337698,True,4728.0,5554.588535114091
heldout:64:491,analytic_clipped_template_sideband_traditional,64,B4,other,0,0.0,False,4744.375,0.0
heldout:64:492,analytic_clipped_template_sideband_traditional,64,B6,other,0,7.870779522982339,False,3441.0,2618.6068362177784
heldout:64:493,analytic_clipped_template_sideband_traditional,64,B6,other,0,0.0,False,4283.0,0.0
heldout:64:494,analytic_clipped_template_sideband_traditional,64,B2,other,0,0.075,False,2249.375,0.0
heldout:64:495,analytic_clipped_template_sideband_traditional,64,B8,other,0,0.075,False,3901.875,0.0
heldout:64:496,analytic_clipped_template_sideband_traditional,64,B8,other,0,8.28719548376218,False,3393.125,3684.6253206767074
heldout:64:497,analytic_clipped_template_sideband_traditional,64,B4,other,0,0.075,False,7125.0,0.0
heldout:64:498,analytic_clipped_template_sideband_traditional,64,B8,other,0,8.23949558232423,False,3560.0,3786.6292790750626
heldout:64:499,analytic_clipped_template_sideband_traditional,64,B2,other,0,8.439175315342604,True,3558.0,4623.739459795646
heldout:64:500,analytic_clipped_template_sideband_traditional,64,B4,other,0,0.075,False,5188.0,0.0
heldout:64:501,analytic_clipped_template_sideband_traditional,64,B6,other,0,0.075,False,5634.0,0.0
heldout:64:502,analytic_clipped_template_sideband_traditional,64,B8,other,0,8.41301109801335,True,4682.25,4504.306025902695
heldout:64:503,analytic_clipped_template_sideband_traditional,64,B8,other,0,8.90112669989634,True,6440.0,6808.859039585341
heldout:64:504,analytic_clipped_template_sideband_traditional,64,B4,other,0,0.0,False,3471.0,0.0
heldout:64:505,analytic_clipped_template_sideband_traditional,64,B2,other,0,0.075,False,3470.25,0.0
heldout:64:506,analytic_clipped_template_sideband_traditional,64,B2,other,0,7.819096119057525,False,2397.75,2486.655846818485
heldout:64:507,analytic_clipped_template_sideband_traditional,64,B8,other,0,8.584056591115335,True,5020.5,5344.7471103320495
heldout:64:508,analytic_clipped_template_sideband_traditional,64,B4,other,0,0.0,False,4986.0,0.0
heldout:64:509,analytic_clipped_template_sideband_traditional,64,B4,other,0,0.075,False,2617.5,0.0
heldout:64:510,analytic_clipped_template_sideband_traditional,64,B8,other,0,8.899351982780647,True,6930.875,7326.223833162633
heldout:64:511,analytic_clipped_template_sideband_traditional,64,B4,other,0,8.148432641515104,False,3750.0,3456.9549607834315
heldout:64:512,analytic_clipped_template_sideband_traditional,64,B2,other,0,0.0,False,8730.0,0.0
heldout:64:513,analytic_clipped_template_sideband_traditional,64,B4,other,0,0.075,False,8321.0,0.0
heldout:64:514,analytic_clipped_template_sideband_traditional,64,B8,other,0,9.10724340469973,True,8202.0,8367.61271396027
heldout:64:515,analytic_clipped_template_sideband_traditional,64,B8,other,0,9.001599448780006,True,7385.875,8115.054765607957
heldout:64:516,analytic_clipped_template_sideband_traditional,64,B4,other,0,0.0,False,5389.375,0.0
heldout:64:517,analytic_clipped_template_sideband_traditional,64,B6,other,0,0.075,False,2293.5,0.0
heldout:64:518,analytic_clipped_template_sideband_traditional,64,B8,other,0,8.509491057930225,True,5043.75,4960.637259692078
heldout:64:519,analytic_clipped_template_sideband_traditional,64,B2,other,0,9.021064347732807,True,7487.25,8274.580490819164
heldout:64:520,analytic_clipped_template_sideband_traditional,64,B4,other,0,0.0,False,4701.375,0.0
heldout:64:521,analytic_clipped_template_sideband_traditional,64,B2,other,0,8.863772966328206,True,6662.0,7070.111543952946
heldout:64:522,analytic_clipped_template_sideband_traditional,64,B8,other,0,8.817072607756538,True,5642.0,6259.85857819952
heldout:64:523,analytic_clipped_template_sideband_traditional,64,B8,other,0,8.802551583444748,True,5627.0,6650.193448214551
heldout:64:524,analytic_clipped_template_sideband_traditional,64,B2,other,0,8.783536994865807,True,5484.5,6524.9185411004455
heldout:64:525,analytic_clipped_template_sideband_traditional,64,B6,other,0,0.075,False,6143.375,0.0
heldout:64:526,analytic_clipped_template_sideband_traditional,64,B8,other,0,0.075,False,5275.625,0.0
heldout:64:527,analytic_clipped_template_sideband_traditional,64,B8,other,0,8.646455035665644,True,4860.625,5277.805054574673
heldout:64:528,analytic_clipped_template_sideband_traditional,64,B8,other,0,8.792956734207786,True,6440.0,6586.681431195356
heldout:64:529,analytic_clipped_template_sideband_traditional,64,B2,inner_high_charge,1,9.133256230233718,True,9703.0,9257.119508983636
heldout:64:530,analytic_clipped_template_sideband_traditional,64,B8,other,0,8.353853272666417,True,4227.75,4245.512227586542
heldout:64:531,analytic_clipped_template_sideband_traditional,64,B4,other,0,0.075,False,8247.0,0.0
heldout:64:532,analytic_clipped_template_sideband_traditional,64,B2,inner_high_charge,1,0.0,False,11709.0,0.0
heldout:64:533,analytic_clipped_template_sideband_traditional,64,B2,other,0,0.0,False,4200.0,0.0
heldout:64:534,analytic_clipped_template_sideband_traditional,64,B2,other,0,8.92240752094024,True,6671.25,7497.119396436194
heldout:64:535,analytic_clipped_template_sideband_traditional,64,B6,other,0,0.075,False,3029.25,0.0
heldout:64:536,analytic_clipped_template_sideband_traditional,64,B6,other,0,8.559215713420846,True,4788.875,5213.589835447602
heldout:64:537,analytic_clipped_template_sideband_traditional,64,B8,other,0,8.62343102929928,True,4780.625,5157.6542969570855
heldout:64:538,analytic_clipped_template_sideband_traditional,64,B2,inner_high_charge,1,9.171814896487211,True,9007.0,9621.071917288773
heldout:64:539,analytic_clipped_template_sideband_traditional,64,B8,other,0,8.784671850978357,True,5884.375,6532.328723596973
heldout:64:540,analytic_clipped_template_sideband_traditional,64,B6,other,0,8.0931052984367,False,3006.0,3270.831825858465
heldout:64:541,analytic_clipped_template_sideband_traditional,64,B6,other,0,0.075,False,2280.0,0.0
heldout:64:542,analytic_clipped_template_sideband_traditional,64,B8,other,0,8.88873843798129,True,7061.0,7248.8672546764155
heldout:64:543,analytic_clipped_template_sideband_traditional,64,B8,other,0,8.317121342427475,False,3252.0,3796.587753482685
heldout:64:544,analytic_clipped_template_sideband_traditional,64,B6,other,0,8.477539858750815,True,5106.5,4804.61285602974
heldout:64:545,analytic_clipped_template_sideband_traditional,64,B2,other,0,0.0,False,2119.375,0.0
heldout:64:546,analytic_clipped_template_sideband_traditional,64,B4,other,0,0.075,False,1890.0,0.0
heldout:64:547,analytic_clipped_template_sideband_traditional,64,B8,other,0,7.786741273759329,False,1689.5,2233.429626392821
heldout:64:548,analytic_clipped_template_sideband_traditional,64,B8,other,0,8.30923196305433,False,3152.0,3766.7450181129834
heldout:64:549,analytic_clipped_template_sideband_traditional,64,B8,other,0,7.775978034178326,False,2622.0,2381.6724960277147
heldout:64:550,analytic_clipped_template_sideband_traditional,64,B4,other,0,0.075,False,1875.0,0.0
heldout:64:551,analytic_clipped_template_sideband_traditional,64,B6,other,0,8.159487377283893,False,3301.5,3495.393813396855
heldout:64:552,analytic_clipped_template_sideband_traditional,64,B6,other,0,0.075,False,1555.0,0.0
heldout:64:553,analytic_clipped_template_sideband_traditional,64,B2,other,0,0.075,False,1695.5,0.0
heldout:64:554,analytic_clipped_template_sideband_traditional,64,B4,other,0,0.0,False,3562.5,0.0
heldout:64:555,analytic_clipped_template_sideband_traditional,64,B6,other,0,7.801808313856506,False,2198.5,2444.019344788249
heldout:64:556,analytic_clipped_template_sideband_traditional,64,B4,other,0,0.075,False,4924.0,0.0
heldout:64:557,analytic_clipped_template_sideband_traditional,64,B2,other,0,0.0,False,2862.5,0.0
heldout:64:558,analytic_clipped_template_sideband_traditional,64,B2,other,0,0.0,False,3331.0,0.0
heldout:64:559,analytic_clipped_template_sideband_traditional,64,B2,other,0,0.075,False,6983.5,0.0
heldout:64:560,analytic_clipped_template_sideband_traditional,64,B8,other,0,7.8850035671623555,False,1906.5,2464.1392288217503
heldout:64:561,analytic_clipped_template_sideband_traditional,64,B6,other,0,0.075,False,2918.0,0.0
heldout:64:562,analytic_clipped_template_sideband_traditional,64,B6,other,0,0.075,False,3920.5,0.0
heldout:64:563,analytic_clipped_template_sideband_traditional,64,B6,other,0,8.160229183689339,False,3593.5,3497.9884229536065
heldout:64:564,analytic_clipped_template_sideband_traditional,64,B8,other,0,8.420773008317495,True,2927.5,4211.337542412319
heldout:64:565,analytic_clipped_template_sideband_traditional,64,B8,other,0,8.7663144111655,True,4944.5,5949.999164007432
heldout:64:566,analytic_clipped_template_sideband_traditional,64,B4,other,0,0.0,False,1888.0,0.0
heldout:64:567,analytic_clipped_template_sideband_traditional,64,B4,other,0,0.0,False,2485.5,0.0
heldout:64:568,analytic_clipped_template_sideband_traditional,64,B2,other,0,8.3496379232934,True,3833.5,4227.649370472914
heldout:64:569,analytic_clipped_template_sideband_traditional,64,B2,other,0,0.075,False,2313.5,0.0
heldout:64:570,analytic_clipped_template_sideband_traditional,64,B8,other,0,0.0,False,6705.5,0.0
heldout:64:571,analytic_clipped_template_sideband_traditional,64,B8,other,0,0.075,False,2418.5,0.0
heldout:64:572,analytic_clipped_template_sideband_traditional,64,B4,other,0,0.075,False,2344.5,0.0
heldout:64:573,analytic_clipped_template_sideband_traditional,64,B2,other,0,0.075,False,1636.5,0.0
heldout:64:574,analytic_clipped_template_sideband_traditional,64,B6,other,0,0.075,False,1723.5,0.0
heldout:64:575,analytic_clipped_template_sideband_traditional,64,B8,other,0,0.075,False,2777.5,0.0
heldout:64:576,analytic_clipped_template_sideband_traditional,64,B6,other,0,0.0,False,3057.0,0.0
heldout:64:577,analytic_clipped_template_sideband_traditional,64,B8,other,0,8.528133068472124,True,3732.0,4688.743028019335
heldout:64:578,analytic_clipped_template_sideband_traditional,64,B4,other,0,0.0,False,2442.0,0.0
heldout:64:579,analytic_clipped_template_sideband_traditional,64,B2,other,0,0.075,False,5876.0,0.0
heldout:64:580,analytic_clipped_template_sideband_traditional,64,B2,other,0,0.0,False,2509.5,0.0
heldout:64:581,analytic_clipped_template_sideband_traditional,64,B4,other,0,0.075,False,2591.5,0.0
heldout:64:582,analytic_clipped_template_sideband_traditional,64,B2,other,0,7.5747104338083435,False,1695.5,1947.2960203217372
heldout:64:583,analytic_clipped_template_sideband_traditional,64,B6,other,0,0.0,False,2959.0,0.0
heldout:64:584,analytic_clipped_template_sideband_traditional,64,B8,other,0,7.892005131538349,False,2336.5,2481.459624002566
heldout:64:585,analytic_clipped_template_sideband_traditional,64,B8,other,0,8.279270168397769,False,3550.5,3655.5310207322377
heldout:64:586,analytic_clipped_template_sideband_traditional,64,B2,other,0,8.806180313764239,True,6097.0,6674.372678962717
heldout:64:587,analytic_clipped_template_sideband_traditional,64,B8,other,0,0.075,False,1689.5,0.0
heldout:64:588,analytic_clipped_template_sideband_traditional,64,B6,other,0,0.0,False,4872.0,0.0
heldout:64:589,analytic_clipped_template_sideband_traditional,64,B8,other,0,7.630762940317303,False,2189.0,1910.7282222192985
heldout:64:590,analytic_clipped_template_sideband_traditional,64,B6,other,0,0.075,False,2912.0,0.0
heldout:64:591,analytic_clipped_template_sideband_traditional,64,B6,other,0,0.075,False,2036.0,0.0
heldout:64:592,analytic_clipped_template_sideband_traditional,64,B2,other,0,0.075,False,3035.0,0.0
heldout:64:593,analytic_clipped_template_sideband_traditional,64,B4,other,0,0.075,False,3457.5,0.0
heldout:64:594,analytic_clipped_template_sideband_traditional,64,B4,other,0,0.0,False,2310.5,0.0
heldout:64:595,analytic_clipped_template_sideband_traditional,64,B4,other,0,0.075,False,1622.5,0.0
heldout:64:596,analytic_clipped_template_sideband_traditional,64,B2,other,0,8.8767278648438,True,6575.5,7162.313017255936
heldout:64:597,analytic_clipped_template_sideband_traditional,64,B8,other,0,0.075,False,1940.5,0.0
heldout:64:598,analytic_clipped_template_sideband_traditional,64,B4,other,0,0.075,False,1622.5,0.0
heldout:64:599,analytic_clipped_template_sideband_traditional,64,B4,other,0,0.0,False,2616.0,0.0
heldout:64:600,analytic_clipped_template_sideband_traditional,64,B6,other,0,0.075,False,3966.5,0.0
heldout:64:601,analytic_clipped_template_sideband_traditional,64,B4,other,0,0.075,False,2564.5,0.0
heldout:64:602,analytic_clipped_template_sideband_traditional,64,B6,other,0,0.075,False,2596.5,0.0
heldout:64:603,analytic_clipped_template_sideband_traditional,64,B8,other,0,0.0,False,3615.5,0.0
heldout:64:604,analytic_clipped_template_sideband_traditional,64,B4,other,0,0.075,False,3070.0,0.0
heldout:64:605,analytic_clipped_template_sideband_traditional,64,B6,other,0,0.075,False,2816.5,0.0
heldout:64:606,analytic_clipped_template_sideband_traditional,64,B2,other,0,0.075,False,1869.0,0.0
heldout:64:607,analytic_clipped_template_sideband_traditional,64,B2,other,0,0.075,False,4040.0,0.0
heldout:64:608,analytic_clipped_template_sideband_traditional,64,B8,other,0,8.909661987834928,True,3843.5,6867.231907550279
heldout:64:609,analytic_clipped_template_sideband_traditional,64,B4,other,0,7.741774774051049,False,1889.0,2301.555274297908
heldout:64:610,analytic_clipped_template_sideband_traditional,64,B4,other,0,0.075,False,2118.5,0.0
heldout:64:611,analytic_clipped_template_sideband_traditional,64,B4,other,0,0.0,False,2314.0,0.0
heldout:64:612,analytic_clipped_template_sideband_traditional,64,B4,other,0,0.0,False,1890.0,0.0
heldout:64:613,analytic_clipped_template_sideband_traditional,64,B2,other,0,0.075,False,2509.5,0.0
heldout:64:614,analytic_clipped_template_sideband_traditional,64,B6,other,0,0.075,False,3966.5,0.0
heldout:64:615,analytic_clipped_template_sideband_traditional,64,B8,other,0,8.347223629807248,True,3615.5,4217.452483933916
heldout:64:616,analytic_clipped_template_sideband_traditional,64,B8,other,0,0.0,False,3218.5,0.0
heldout:64:617,analytic_clipped_template_sideband_traditional,64,B6,other,0,8.124395507314135,False,2961.0,3130.901187595944
heldout:64:618,analytic_clipped_template_sideband_traditional,64,B8,other,0,8.246471651238249,False,2664.5,3537.547641702463
heldout:64:619,analytic_clipped_template_sideband_traditional,64,B2,other,0,0.075,False,1850.0,0.0
heldout:64:620,analytic_clipped_template_sideband_traditional,64,B2,other,0,0.0,False,4991.5,0.0
heldout:64:621,analytic_clipped_template_sideband_traditional,64,B8,other,0,8.682346368615914,True,3218.5,5470.7094954752365
heldout:64:622,analytic_clipped_template_sideband_traditional,64,B4,other,0,7.453863599062056,False,2029.0,1725.520860099582
heldout:64:623,analytic_clipped_template_sideband_traditional,64,B4,other,0,7.841354528343323,False,2929.5,2542.6479446412504
heldout:65:624,analytic_clipped_template_sideband_traditional,65,B6,other,0,8.23124019300405,False,3958.75,3755.489636562692
heldout:65:625,analytic_clipped_template_sideband_traditional,65,B8,other,0,8.388679578597902,True,3668.25,4078.2954905269557
heldout:65:626,analytic_clipped_template_sideband_traditional,65,B4,other,0,0.075,False,5883.0,0.0
heldout:65:627,analytic_clipped_template_sideband_traditional,65,B2,other,0,0.075,False,7246.5,0.0
heldout:65:628,analytic_clipped_template_sideband_traditional,65,B8,other,0,0.075,False,5266.0,0.0
heldout:65:629,analytic_clipped_template_sideband_traditional,65,B8,other,0,7.799554389505816,False,2797.5,2262.243837518729
heldout:65:630,analytic_clipped_template_sideband_traditional,65,B2,other,0,8.309751541623337,False,3877.5,4062.3032965372204
heldout:65:631,analytic_clipped_template_sideband_traditional,65,B2,other,0,9.035961746119415,True,7756.5,8398.78799749464
heldout:65:632,analytic_clipped_template_sideband_traditional,65,B2,other,0,8.548000007018064,True,5211.0,5155.431281133095
heldout:65:633,analytic_clipped_template_sideband_traditional,65,B8,other,0,8.493822281468931,True,4822.0,4883.500373058263
heldout:65:634,analytic_clipped_template_sideband_traditional,65,B8,other,0,9.367941777035343,True,9867.375,10860.088047826288
heldout:65:635,analytic_clipped_template_sideband_traditional,65,B6,other,0,8.415815936875687,True,3812.375,4516.96042180544
heldout:65:636,analytic_clipped_template_sideband_traditional,65,B8,other,0,8.09116117077005,False,2785.125,3028.525152179789
heldout:65:637,analytic_clipped_template_sideband_traditional,65,B6,other,0,0.075,False,4584.0,0.0
heldout:65:638,analytic_clipped_template_sideband_traditional,65,B2,other,0,0.0,False,6504.0,0.0
heldout:65:639,analytic_clipped_template_sideband_traditional,65,B8,other,0,8.555136731023186,True,3555.0,4817.108636758207
heldout:65:640,analytic_clipped_template_sideband_traditional,65,B6,other,0,0.075,False,5650.75,0.0
heldout:65:641,analytic_clipped_template_sideband_traditional,65,B8,other,0,0.075,False,2627.25,0.0
heldout:65:642,analytic_clipped_template_sideband_traditional,65,B6,other,0,8.883293207820676,True,6941.875,7209.49734522815
heldout:65:643,analytic_clipped_template_sideband_traditional,65,B2,other,0,0.0,False,5473.0,0.0
heldout:65:644,analytic_clipped_template_sideband_traditional,65,B4,other,0,0.075,False,3003.75,0.0
heldout:65:645,analytic_clipped_template_sideband_traditional,65,B2,other,0,0.0,False,8190.0,0.0
heldout:65:646,analytic_clipped_template_sideband_traditional,65,B6,other,0,8.019184133878284,False,2537.25,2818.1314890186827
heldout:65:647,analytic_clipped_template_sideband_traditional,65,B4,other,0,0.0,False,6814.5,0.0
heldout:65:648,analytic_clipped_template_sideband_traditional,65,B4,other,0,0.075,False,3405.625,0.0
heldout:65:649,analytic_clipped_template_sideband_traditional,65,B6,other,0,0.0,False,3991.5,0.0
heldout:65:650,analytic_clipped_template_sideband_traditional,65,B6,other,0,0.075,False,4733.25,0.0
heldout:65:651,analytic_clipped_template_sideband_traditional,65,B8,other,0,8.456525877655611,True,3616.5,4364.66531765107
heldout:65:652,analytic_clipped_template_sideband_traditional,65,B2,other,0,8.745140082355967,True,5710.0,6279.093088462498
heldout:65:653,analytic_clipped_template_sideband_traditional,65,B6,other,0,8.541330241550716,True,4557.0,5121.153533181813
heldout:65:654,analytic_clipped_template_sideband_traditional,65,B2,inner_high_charge,1,0.036,False,13929.125,0.0
heldout:65:655,analytic_clipped_template_sideband_traditional,65,B4,other,0,0.0,False,2466.0,0.0
heldout:65:656,analytic_clipped_template_sideband_traditional,65,B6,other,0,0.0,False,5055.0,0.0
heldout:65:657,analytic_clipped_template_sideband_traditional,65,B4,other,0,8.35943252026705,True,4227.75,4269.270786555249
heldout:65:658,analytic_clipped_template_sideband_traditional,65,B8,other,0,0.0,False,4804.625,0.0
heldout:65:659,analytic_clipped_template_sideband_traditional,65,B2,other,0,0.0,False,4065.0,0.0
heldout:65:660,analytic_clipped_template_sideband_traditional,65,B2,inner_high_charge,1,0.0,False,12127.0,0.0
heldout:65:661,analytic_clipped_template_sideband_traditional,65,B8,other,0,8.94691502391275,True,6697.5,7127.919961705734
heldout:65:662,analytic_clipped_template_sideband_traditional,65,B8,other,0,9.237163437584575,True,9431.0,10270.860421466761
heldout:65:663,analytic_clipped_template_sideband_traditional,65,B8,other,0,8.507272234180546,True,3813.125,4949.640465588536
heldout:65:664,analytic_clipped_template_sideband_traditional,65,B2,other,0,9.180229734981374,True,8644.125,9702.381723102226
heldout:65:665,analytic_clipped_template_sideband_traditional,65,B2,other,0,8.659717637893726,True,5572.875,5764.90635916393
heldout:65:666,analytic_clipped_template_sideband_traditional,65,B2,other,0,0.0,False,3771.25,0.0
heldout:65:667,analytic_clipped_template_sideband_traditional,65,B8,other,0,9.01620538282497,True,6256.25,7639.401115605375
heldout:65:668,analytic_clipped_template_sideband_traditional,65,B6,other,0,7.8221773999150095,False,2374.5,2494.3328345630252
heldout:65:669,analytic_clipped_template_sideband_traditional,65,B4,other,0,0.075,False,5330.0,0.0
heldout:65:670,analytic_clipped_template_sideband_traditional,65,B8,other,0,8.719151932406161,True,4602.5,5675.850862828554
heldout:65:671,analytic_clipped_template_sideband_traditional,65,B4,other,0,0.0,False,4328.25,0.0
heldout:65:672,analytic_clipped_template_sideband_traditional,65,B2,other,0,0.075,False,5473.0,0.0
heldout:65:673,analytic_clipped_template_sideband_traditional,65,B6,other,0,0.0,False,2737.875,0.0
heldout:65:674,analytic_clipped_template_sideband_traditional,65,B4,other,0,0.0,False,5147.625,0.0
heldout:65:675,analytic_clipped_template_sideband_traditional,65,B4,other,0,0.0,False,6075.0,0.0
heldout:65:676,analytic_clipped_template_sideband_traditional,65,B2,other,0,8.780280307459059,True,6012.75,6503.700233820695
heldout:65:677,analytic_clipped_template_sideband_traditional,65,B6,other,0,7.572967101734492,False,2378.25,1943.9024522976242
heldout:65:678,analytic_clipped_template_sideband_traditional,65,B6,other,0,7.956940646934886,False,3428.25,2854.324131829992
heldout:65:679,analytic_clipped_template_sideband_traditional,65,B2,other,0,0.075,False,8406.0,0.0
heldout:65:680,analytic_clipped_template_sideband_traditional,65,B8,other,0,9.704419292423504,True,12657.0,14405.276986453071
heldout:65:681,analytic_clipped_template_sideband_traditional,65,B2,other,0,8.093667141940209,False,2436.0,3272.6705998176267
heldout:65:682,analytic_clipped_template_sideband_traditional,65,B6,other,0,0.075,False,2209.375,0.0
heldout:65:683,analytic_clipped_template_sideband_traditional,65,B4,other,0,0.075,False,4384.625,0.0
heldout:65:684,analytic_clipped_template_sideband_traditional,65,B4,other,0,0.075,False,5549.25,0.0
heldout:65:685,analytic_clipped_template_sideband_traditional,65,B6,other,0,8.225295505337739,False,4058.125,3733.2247234974907
heldout:65:686,analytic_clipped_template_sideband_traditional,65,B6,other,0,0.075,False,2908.125,0.0
heldout:65:687,analytic_clipped_template_sideband_traditional,65,B8,other,0,8.554135056669697,True,5068.0,5187.163482854447
heldout:65:688,analytic_clipped_template_sideband_traditional,65,B4,other,0,8.262661736073257,False,3576.125,3875.398330097095
heldout:65:689,analytic_clipped_template_sideband_traditional,65,B6,other,0,8.2628960060114,False,4554.375,3876.3065600754467
heldout:65:690,analytic_clipped_template_sideband_traditional,65,B2,other,0,8.620419400691205,True,4821.0,5542.7109423860265
heldout:65:691,analytic_clipped_template_sideband_traditional,65,B6,other,0,0.075,False,3667.5,0.0
heldout:65:692,analytic_clipped_template_sideband_traditional,65,B4,other,0,0.075,False,2495.625,0.0
heldout:65:693,analytic_clipped_template_sideband_traditional,65,B2,other,0,8.580327489441961,True,4681.875,5324.849399189887
heldout:65:694,analytic_clipped_template_sideband_traditional,65,B4,other,0,0.075,False,7203.875,0.0
heldout:65:695,analytic_clipped_template_sideband_traditional,65,B8,other,0,8.62268847359977,True,4266.0,5153.8251306676475
heldout:65:696,analytic_clipped_template_sideband_traditional,65,B6,other,0,8.589394473285257,True,5050.5,5373.358372354916
heldout:65:697,analytic_clipped_template_sideband_traditional,65,B4,other,0,0.0,False,2095.0,0.0
heldout:65:698,analytic_clipped_template_sideband_traditional,65,B8,other,0,8.32591979487508,True,3969.0,4128.533786155798
heldout:65:699,analytic_clipped_template_sideband_traditional,65,B6,other,0,9.792927953056413,True,14409.0,16364.454398880735
heldout:65:700,analytic_clipped_template_sideband_traditional,65,B8,other,0,9.183932054669421,True,8457.75,9034.640167273532
heldout:65:701,analytic_clipped_template_sideband_traditional,65,B8,other,0,8.847821022981218,True,6075.0,6455.360338986652
heldout:65:702,analytic_clipped_template_sideband_traditional,65,B8,other,0,8.167218918255523,False,3139.0,3522.5310967457604
heldout:65:703,analytic_clipped_template_sideband_traditional,65,B6,other,0,0.0,False,2425.0,0.0
heldout:65:704,analytic_clipped_template_sideband_traditional,65,B4,other,0,0.075,False,2243.5,0.0
heldout:65:705,analytic_clipped_template_sideband_traditional,65,B4,other,0,0.075,False,2815.5,0.0
heldout:65:706,analytic_clipped_template_sideband_traditional,65,B4,other,0,8.292534584551005,False,3472.0,3992.9443662649965
heldout:65:707,analytic_clipped_template_sideband_traditional,65,B2,other,0,0.075,False,8211.0,0.0
heldout:65:708,analytic_clipped_template_sideband_traditional,65,B6,other,0,7.7055637750086134,False,2049.0,2219.668987093772
heldout:65:709,analytic_clipped_template_sideband_traditional,65,B2,other,0,0.075,False,2802.5,0.0
heldout:65:710,analytic_clipped_template_sideband_traditional,65,B6,other,0,7.563255704309761,False,2107.0,1925.1061485439545
heldout:65:711,analytic_clipped_template_sideband_traditional,65,B2,other,0,0.075,False,1624.0,0.0
heldout:65:712,analytic_clipped_template_sideband_traditional,65,B8,other,0,8.017633780090112,False,3070.0,2813.764224112933
heldout:65:713,analytic_clipped_template_sideband_traditional,65,B2,other,0,0.075,False,2796.5,0.0
heldout:65:714,analytic_clipped_template_sideband_traditional,65,B8,other,0,8.342722698185456,True,3712.0,3895.0663627813187
heldout:65:715,analytic_clipped_template_sideband_traditional,65,B4,other,0,0.075,False,3171.0,0.0
heldout:65:716,analytic_clipped_template_sideband_traditional,65,B2,other,0,0.075,False,2796.5,0.0
heldout:65:717,analytic_clipped_template_sideband_traditional,65,B2,other,0,8.723283809244055,True,5637.0,6143.322779933724
heldout:65:718,analytic_clipped_template_sideband_traditional,65,B6,other,0,0.075,False,2851.0,0.0
heldout:65:719,analytic_clipped_template_sideband_traditional,65,B2,other,0,0.075,False,3296.5,0.0
heldout:65:720,analytic_clipped_template_sideband_traditional,65,B8,other,0,8.128413645750799,False,2438.0,3143.510916991042
heldout:65:721,analytic_clipped_template_sideband_traditional,65,B8,other,0,8.52709322484499,True,4201.0,5048.746004394412
heldout:65:722,analytic_clipped_template_sideband_traditional,65,B8,other,0,8.440478314299398,True,3037.5,4295.1661643769985
heldout:65:723,analytic_clipped_template_sideband_traditional,65,B8,other,0,8.490939198122181,True,3575.0,4517.5173455614995
heldout:65:724,analytic_clipped_template_sideband_traditional,65,B8,other,0,0.075,False,3419.0,0.0
heldout:65:725,analytic_clipped_template_sideband_traditional,65,B2,other,0,8.006771764220932,False,2802.5,3000.2128348073807
heldout:65:726,analytic_clipped_template_sideband_traditional,65,B6,other,0,0.0,False,4175.5,0.0
heldout:65:727,analytic_clipped_template_sideband_traditional,65,B4,other,0,0.075,False,3795.5,0.0
heldout:65:728,analytic_clipped_template_sideband_traditional,65,B6,other,0,8.077037820642476,False,2957.0,3218.6818220960436
heldout:65:729,analytic_clipped_template_sideband_traditional,65,B8,other,0,8.3938282375385,True,3477.0,4099.352553025909
heldout:65:730,analytic_clipped_template_sideband_traditional,65,B4,other,0,0.0,False,3401.5,0.0
heldout:65:731,analytic_clipped_template_sideband_traditional,65,B4,other,0,0.075,False,2998.0,0.0
heldout:65:732,analytic_clipped_template_sideband_traditional,65,B8,other,0,7.726916200749286,False,2340.5,2267.5955095928293
heldout:65:733,analytic_clipped_template_sideband_traditional,65,B4,other,0,0.075,False,1676.0,0.0
heldout:65:734,analytic_clipped_template_sideband_traditional,65,B4,other,0,0.075,False,3171.5,0.0
heldout:65:735,analytic_clipped_template_sideband_traditional,65,B4,other,0,0.075,False,2922.0,0.0
heldout:65:736,analytic_clipped_template_sideband_traditional,65,B8,other,0,8.327046883109672,True,3575.0,3834.4685479178997
heldout:65:737,analytic_clipped_template_sideband_traditional,65,B8,other,0,0.075,False,3306.0,0.0
heldout:65:738,analytic_clipped_template_sideband_traditional,65,B6,other,0,8.291299934951251,False,3367.0,3699.783877403983
heldout:65:739,analytic_clipped_template_sideband_traditional,65,B8,other,0,0.075,False,2238.0,0.0
heldout:65:740,analytic_clipped_template_sideband_traditional,65,B2,other,0,0.075,False,4008.5,0.0
heldout:65:741,analytic_clipped_template_sideband_traditional,65,B4,other,0,7.785429489760786,False,2505.5,2404.2989774484668
heldout:65:742,analytic_clipped_template_sideband_traditional,65,B6,other,0,8.078971765952197,False,3139.5,3224.9145355755795
heldout:65:743,analytic_clipped_template_sideband_traditional,65,B8,other,0,8.625015061695471,True,4349.5,5165.832247843805
heldout:65:744,analytic_clipped_template_sideband_traditional,65,B4,other,0,0.0,False,3464.5,0.0
heldout:65:745,analytic_clipped_template_sideband_traditional,65,B8,other,0,0.075,False,3477.0,0.0
heldout:65:746,analytic_clipped_template_sideband_traditional,65,B6,other,0,8.070151282064943,False,3006.5,3196.5855298305933
heldout:65:747,analytic_clipped_template_sideband_traditional,65,B8,other,0,8.482108417026692,True,4349.5,4477.790973617648
heldout:65:748,analytic_clipped_template_sideband_traditional,65,B6,other,0,0.075,False,1885.0,0.0
heldout:65:749,analytic_clipped_template_sideband_traditional,65,B6,other,0,0.075,False,3056.0,0.0
heldout:65:750,analytic_clipped_template_sideband_traditional,65,B2,other,0,8.402332127902222,True,4095.0,4456.449978950819
heldout:65:751,analytic_clipped_template_sideband_traditional,65,B8,other,0,8.077512264245852,False,2745.5,2987.4563562095327
heldout:65:752,analytic_clipped_template_sideband_traditional,65,B4,other,0,0.0,False,3442.5,0.0
heldout:65:753,analytic_clipped_template_sideband_traditional,65,B4,other,0,0.0,False,3464.5,0.0
heldout:65:754,analytic_clipped_template_sideband_traditional,65,B4,other,0,0.075,False,1734.0,0.0
heldout:65:755,analytic_clipped_template_sideband_traditional,65,B4,other,0,0.075,False,3125.0,0.0
heldout:65:756,analytic_clipped_template_sideband_traditional,65,B2,other,0,8.681999711416017,True,4823.5,5894.824759020505
heldout:65:757,analytic_clipped_template_sideband_traditional,65,B4,other,0,0.0,False,2821.0,0.0
heldout:65:758,analytic_clipped_template_sideband_traditional,65,B2,other,0,0.0,False,4768.5,0.0
heldout:65:759,analytic_clipped_template_sideband_traditional,65,B4,other,0,8.218429566310544,False,3334.5,3439.6977576000545
heldout:65:760,analytic_clipped_template_sideband_traditional,65,B2,other,0,8.868371523532156,True,6768.5,7102.703335057084
heldout:65:761,analytic_clipped_template_sideband_traditional,65,B2,other,0,0.075,False,5720.5,0.0
heldout:65:762,analytic_clipped_template_sideband_traditional,65,B6,other,0,0.075,False,2075.5,0.0
heldout:65:763,analytic_clipped_template_sideband_traditional,65,B6,other,0,0.075,False,1944.0,0.0
heldout:65:764,analytic_clipped_template_sideband_traditional,65,B4,other,0,0.075,False,2941.5,0.0
heldout:65:765,analytic_clipped_template_sideband_traditional,65,B2,other,0,0.075,False,2119.0,0.0
heldout:65:766,analytic_clipped_template_sideband_traditional,65,B8,other,0,8.41175614586499,True,2411.0,4173.526200208259
heldout:65:767,analytic_clipped_template_sideband_traditional,65,B8,other,0,0.075,False,1591.5,0.0
heldout:65:768,analytic_clipped_template_sideband_traditional,65,B4,other,0,7.940497901100895,False,2724.5,2807.75864422611
heldout:65:769,analytic_clipped_template_sideband_traditional,65,B8,other,0,8.57559489344009,True,3823.5,4916.693473878205
heldout:65:770,analytic_clipped_template_sideband_traditional,65,B6,other,0,0.0,False,1767.5,0.0
heldout:65:771,analytic_clipped_template_sideband_traditional,65,B6,other,0,0.075,False,2731.5,0.0
heldout:65:772,analytic_clipped_template_sideband_traditional,65,B6,other,0,0.075,False,3286.5,0.0
heldout:65:773,analytic_clipped_template_sideband_traditional,65,B6,other,0,0.075,False,2445.0,0.0
heldout:65:774,analytic_clipped_template_sideband_traditional,65,B4,other,0,0.075,False,2093.0,0.0
heldout:65:775,analytic_clipped_template_sideband_traditional,65,B4,other,0,0.075,False,4817.0,0.0
heldout:65:776,analytic_clipped_template_sideband_traditional,65,B6,other,0,7.922574564384462,False,2527.5,2558.518834116321
heldout:65:777,analytic_clipped_template_sideband_traditional,65,B2,other,0,0.075,False,2638.5,0.0
heldout:65:778,analytic_clipped_template_sideband_traditional,65,B2,other,0,8.41222747327461,True,4298.0,4500.776939565479
heldout:65:779,analytic_clipped_template_sideband_traditional,65,B2,other,0,8.258485030555187,False,3407.0,3859.241520407417
heldout:58:0,ridge,58,B8,other,0,8.594748306962725,True,5401.25,5402.208954900556
heldout:58:1,ridge,58,B2,other,0,8.824538189151733,True,6983.0,6798.0500926687655
heldout:58:2,ridge,58,B4,other,0,8.821709580396579,True,5722.0,6778.845414115616
heldout:58:3,ridge,58,B6,other,0,8.722976093158593,True,6211.0,6141.432363850694
heldout:58:4,ridge,58,B4,other,0,8.50082854217077,True,5109.75,4917.842620959404
heldout:58:5,ridge,58,B4,other,0,8.78195612729505,True,5756.875,6514.61007841346
heldout:58:6,ridge,58,B2,inner_high_charge,1,9.329167265847627,True,11264.375,11260.749536277508
heldout:58:7,ridge,58,B6,other,0,8.854605825377089,True,7078.75,7005.585877562991
heldout:58:8,ridge,58,B8,other,0,8.797853558712939,True,6816.75,6619.0192627841025
heldout:58:9,ridge,58,B4,other,0,8.718172711474605,True,5900.25,6111.998663978809
heldout:58:10,ridge,58,B2,other,0,9.148041994864816,True,8914.0,9395.024890845143
heldout:58:11,ridge,58,B4,other,0,8.764074805555119,True,5631.5,6399.137833211265
heldout:58:12,ridge,58,B2,other,0,8.760028831671965,True,6012.125,5912.710997330591
heldout:58:13,ridge,58,B8,other,0,8.609988501181604,True,5864.0,5485.185592785983
heldout:58:14,ridge,58,B6,other,0,8.309929421660417,False,4451.25,4063.0261413662083
heldout:58:15,ridge,58,B4,other,0,8.672780048830704,True,5958.75,5840.717054740744
heldout:58:16,ridge,58,B4,other,0,8.860647867236855,True,6908.25,7048.048112852737
heldout:58:17,ridge,58,B4,other,0,7.983240226933252,False,2807.25,2718.600373349289
heldout:58:18,ridge,58,B4,other,0,8.702795797811744,True,5976.0,5583.754747417674
heldout:58:19,ridge,58,B4,other,0,8.952843961153798,True,7741.0,7728.8440068681175
heldout:58:20,ridge,58,B4,inner_high_charge,1,9.073919128220494,True,9197.25,8723.7503041056
heldout:58:21,ridge,58,B4,other,0,8.519016210949982,True,4621.75,4646.181616975618
heldout:58:22,ridge,58,B4,other,0,9.014314377497437,True,8593.375,8218.908671763422
heldout:58:23,ridge,58,B6,other,0,8.702260072637529,True,5716.375,5580.763654980957
heldout:58:24,ridge,58,B4,other,0,8.482992992184506,True,4581.25,4481.754553633711
heldout:58:25,ridge,58,B2,inner_high_charge,1,9.661149597676639,True,15232.0,14869.722078298937
heldout:58:26,ridge,58,B4,other,0,8.481814348150445,True,4801.125,4825.198362161858
heldout:58:27,ridge,58,B8,other,0,8.67967930932032,True,5633.0,5456.13556520958
heldout:58:28,ridge,58,B4,other,0,8.653098036317079,True,4706.625,5312.988893737366
heldout:58:29,ridge,58,B4,other,0,8.815470428972255,True,6252.0,6736.676617489215
heldout:58:30,ridge,58,B8,other,0,8.25130978508224,False,3820.5,3554.709090022733
heldout:58:31,ridge,58,B2,other,0,9.082881940188608,True,8341.25,8166.204315008985
heldout:58:32,ridge,58,B2,other,0,8.1883743025501,False,4466.25,3597.866819565602
heldout:58:33,ridge,58,B8,other,0,8.112985712789772,False,3161.25,3095.369926234761
heldout:58:34,ridge,58,B8,other,0,8.858910411542876,True,6304.5,6527.355882960617
heldout:58:35,ridge,58,B8,other,0,8.658620996763359,True,5159.0,5758.586694931834
heldout:58:36,ridge,58,B2,other,0,8.43747366682083,True,4481.25,4282.277072828701
heldout:58:37,ridge,58,B6,other,0,8.339325340290642,True,3855.625,3881.852489802439
heldout:58:38,ridge,58,B6,other,0,8.88901396317783,True,6072.5,6726.870564785584
heldout:58:39,ridge,58,B2,inner_high_charge,1,9.263002202937077,True,9106.25,10539.731299440558
heldout:58:40,ridge,58,B4,other,0,8.797043702440659,True,6154.0,6613.660169002289
heldout:58:41,ridge,58,B2,inner_high_charge,1,9.264652287277857,True,10381.25,10557.13875303171
heldout:58:42,ridge,58,B8,other,0,8.655268287056229,True,5433.75,5324.534105532572
heldout:58:43,ridge,58,B6,other,0,8.700993701000371,True,5883.5,5573.699541643418
heldout:58:44,ridge,58,B2,other,0,8.622109556759835,True,5434.625,5552.088601699563
heldout:58:45,ridge,58,B6,other,0,8.424133333148424,True,3878.25,4554.6947973197275
heldout:58:46,ridge,58,B6,other,0,8.307693443999872,False,3654.0,4053.949221379147
heldout:58:47,ridge,58,B6,other,0,8.064536502133778,False,2624.375,3178.6820997144755
heldout:58:48,ridge,58,B4,other,0,8.361666203445536,True,3878.0,3969.575015802966
heldout:58:49,ridge,58,B8,other,0,8.395745415446196,True,4453.125,4107.221198741056
heldout:58:50,ridge,58,B4,inner_high_charge,1,9.608526408374535,True,11485.0,13325.721159361547
heldout:58:51,ridge,58,B4,other,0,8.901244230046197,True,6908.25,7340.101878630822
heldout:58:52,ridge,58,B2,inner_high_charge,1,9.05591325959101,True,9168.75,8568.059476966106
heldout:58:53,ridge,58,B8,other,0,8.686156096795868,True,5625.75,5491.594980081258
heldout:58:54,ridge,58,B2,other,0,8.25836312932608,False,3896.0,3858.7709809016806
heldout:58:55,ridge,58,B2,other,0,8.759592312424537,True,5434.625,6370.513461542312
heldout:58:56,ridge,58,B4,other,0,8.558952390235321,True,5189.25,4835.528016052564
heldout:58:57,ridge,58,B4,other,0,8.31493332196214,False,3775.625,3788.28763748235
heldout:58:58,ridge,58,B4,other,0,8.224496507941021,False,4275.625,3730.2422793058963
heldout:58:59,ridge,58,B2,other,0,9.045755349589623,True,8139.75,8481.45634010159
heldout:58:60,ridge,58,B8,other,0,8.659850174095029,True,5110.625,5348.991088004048
heldout:58:61,ridge,58,B6,other,0,8.405632744742855,True,4693.0,4471.1866200420045
heldout:58:62,ridge,58,B8,other,0,8.157856561001836,False,3532.0,3237.470926104462
heldout:58:63,ridge,58,B8,other,0,8.317253850887939,False,3810.0,4092.9020917962466
heldout:58:64,ridge,58,B8,other,0,8.843033548553608,True,7307.125,6924.971074253339
heldout:58:65,ridge,58,B4,other,0,8.677309494237555,True,6074.0,5867.236807769591
heldout:58:66,ridge,58,B4,other,0,9.029435106280133,True,6465.0,8344.144120931622
heldout:58:67,ridge,58,B8,other,0,8.247332592646584,False,3828.125,3816.4295889759696
heldout:58:68,ridge,58,B4,other,0,8.179642354672595,False,4422.0,3308.797719839028
heldout:58:69,ridge,58,B2,inner_high_charge,1,9.41651192790299,True,12156.0,12069.4057255227
heldout:58:70,ridge,58,B8,other,0,9.171742050805952,True,9089.0,8925.16429004692
heldout:58:71,ridge,58,B6,other,0,8.537824807783196,True,5275.0,5103.2295971636595
heldout:58:72,ridge,58,B6,other,0,8.49076114947468,True,4943.75,4516.712901276646
heldout:58:73,ridge,58,B4,other,0,8.538223786866713,True,4706.625,4736.30547028667
heldout:58:74,ridge,58,B4,other,0,8.765874230629368,True,5497.5,5947.380226449858
heldout:58:75,ridge,58,B4,other,0,8.86953244662188,True,7144.5,7110.954977115438
heldout:58:76,ridge,58,B6,other,0,8.603478236127492,True,5065.0,5055.744805174504
heldout:58:77,ridge,58,B6,other,0,8.959412862215762,True,7613.0,7779.787726313094
heldout:58:78,ridge,58,B2,other,0,8.185670414003189,False,3183.0,3328.809632767175
heldout:58:79,ridge,58,B6,other,0,7.906984232672321,False,2532.5,2518.9245325905144
heldout:58:80,ridge,58,B4,other,0,8.436034729037239,True,4939.5,4609.237850080225
heldout:58:81,ridge,58,B4,other,0,8.100107559957989,False,2943.5,3055.7500639890586
heldout:58:82,ridge,58,B6,other,0,7.816993834818877,False,2420.5,2302.05972907537
heldout:58:83,ridge,58,B6,other,0,7.553685453602908,False,1682.5,1768.91261377924
heldout:58:84,ridge,58,B2,other,0,7.94581327803859,False,1632.0,2618.6952626863012
heldout:58:85,ridge,58,B8,other,0,8.173592294689142,False,3112.5,3545.059601863886
heldout:58:86,ridge,58,B6,other,0,8.2959978958017,False,4045.0,4006.8006191316294
heldout:58:87,ridge,58,B6,other,0,8.12117355861921,False,2949.5,3120.826601267388
heldout:58:88,ridge,58,B2,other,0,8.624385675739598,True,4707.0,5162.581339336057
heldout:58:89,ridge,58,B4,other,0,7.922296363490741,False,2218.5,2557.8068727279133
heldout:58:90,ridge,58,B6,other,0,7.656087534916223,False,2099.5,2112.4723448419063
heldout:58:91,ridge,58,B2,other,0,8.766612139974294,True,4900.5,5951.771211681402
heldout:58:92,ridge,58,B2,other,0,8.216145203178186,False,3253.0,3699.2112928525535
heldout:58:93,ridge,58,B6,other,0,8.115815940704719,False,3356.5,3104.1457717985195
heldout:58:94,ridge,58,B8,other,0,7.920995332886312,False,2362.5,2554.4799513582147
heldout:58:95,ridge,58,B2,other,0,8.45203908051008,True,3183.0,4683.615310943382
heldout:58:96,ridge,58,B2,inner_high_charge,1,9.137488328206185,True,9432.5,9296.383804354798
heldout:58:97,ridge,58,B6,other,0,8.003614417759993,False,2532.5,2774.578346892216
heldout:58:98,ridge,58,B8,other,0,8.146413465298961,False,3688.0,3449.9797847947157
heldout:58:99,ridge,58,B6,other,0,7.970109166238313,False,2646.5,2683.1225761047403
heldout:58:100,ridge,58,B8,other,0,7.814905803171253,False,2547.0,2297.255884509778
heldout:58:101,ridge,58,B4,other,0,8.589235490588363,True,4763.0,4984.233344300409
heldout:58:102,ridge,58,B2,other,0,9.052292993610013,True,8305.0,8537.093289191651
heldout:58:103,ridge,58,B4,other,0,8.42262049557613,True,4129.0,4219.126975574674
heldout:58:104,ridge,58,B6,other,0,8.63559863598048,True,5436.5,5220.806198055521
heldout:58:105,ridge,58,B2,other,0,8.071767949633259,False,2977.5,3201.759143533506
heldout:58:106,ridge,58,B8,other,0,8.218114762718498,False,3265.0,3706.506260884302
heldout:58:107,ridge,58,B4,other,0,8.362059345328067,True,3459.5,3971.13632202674
heldout:58:108,ridge,58,B4,other,0,8.789913910534048,True,6074.5,6092.1100423135795
heldout:58:109,ridge,58,B4,other,0,8.282574934059399,False,3843.0,3953.3635092287273
heldout:58:110,ridge,58,B2,inner_high_charge,1,9.274833944761642,True,9201.0,9894.485725064882
heldout:58:111,ridge,58,B8,other,0,8.132020384237736,False,3048.0,3154.8728229328344
heldout:58:112,ridge,58,B8,other,0,7.638493853398531,False,2094.0,1925.5649035919841
heldout:58:113,ridge,58,B2,other,0,9.027213444443873,True,7505.0,7723.9717472386565
heldout:58:114,ridge,58,B8,other,0,8.367277679738445,True,3562.5,3991.918434525258
heldout:58:115,ridge,58,B2,other,0,8.489201817729997,True,5365.0,4860.9837748228765
heldout:58:116,ridge,58,B2,other,0,8.212598063669768,False,3105.5,3419.691708897902
heldout:58:117,ridge,58,B2,other,0,8.039846006740849,False,1632.0,2876.9859533610743
heldout:58:118,ridge,58,B8,other,0,8.355901097417558,True,3699.0,4254.217250570871
heldout:58:119,ridge,58,B6,other,0,7.276619561089168,False,1682.5,1340.601811939578
heldout:58:120,ridge,58,B6,other,0,8.474319340564978,True,4045.0,4443.040839683114
heldout:58:121,ridge,58,B6,other,0,8.085740803693739,False,3266.5,3246.824945352284
heldout:58:122,ridge,58,B2,other,0,9.032004211882176,True,6600.5,7761.069081745126
heldout:58:123,ridge,58,B6,other,0,8.331323107448975,True,3297.5,3850.9049897849986
heldout:58:124,ridge,58,B6,other,0,7.813945830495483,False,2346.5,2295.050680295969
heldout:58:125,ridge,58,B4,other,0,8.025383846517409,False,3178.5,3056.5947196253683
heldout:58:126,ridge,58,B2,other,0,7.451587840648886,False,1632.0,1597.1273885648982
heldout:58:127,ridge,58,B2,other,0,8.787444548831399,True,7616.0,6550.468806985713
heldout:58:128,ridge,58,B6,other,0,7.4613304885953164,False,1682.5,1612.7734744793506
heldout:58:129,ridge,58,B8,other,0,8.093096127367945,False,3381.5,3034.39282687868
heldout:58:130,ridge,58,B2,other,0,9.128138468972553,True,8253.5,8544.315089207541
heldout:58:131,ridge,58,B6,other,0,8.233782979368241,False,3561.0,3765.053741772655
heldout:58:132,ridge,58,B4,other,0,8.341102843019385,True,3519.5,3888.760408301552
heldout:58:133,ridge,58,B2,other,0,8.145184746116271,False,2832.5,3196.692535787309
heldout:58:134,ridge,58,B6,other,0,7.361785070456194,False,1878.0,1573.6449077691702
heldout:58:135,ridge,58,B2,other,0,8.82579169823401,True,5365.0,6314.686246967386
heldout:58:136,ridge,58,B8,other,0,8.230245082924073,False,3185.5,3480.592499605922
heldout:58:137,ridge,58,B6,other,0,8.206736913712579,False,3356.5,3399.701162856806
heldout:58:138,ridge,58,B2,other,0,8.10901584799837,False,3105.5,3083.102123154732
heldout:58:139,ridge,58,B8,other,0,8.62512947777531,True,5431.0,5568.883838047965
heldout:58:140,ridge,58,B8,other,0,8.444878999169633,True,4086.0,4650.19288071604
heldout:58:141,ridge,58,B8,other,0,8.04518784490895,False,2753.0,3117.7508901198266
heldout:58:142,ridge,58,B2,other,0,8.378613531371437,True,3491.5,4037.439085700581
heldout:58:143,ridge,58,B6,other,0,8.18481786288814,False,3470.0,3325.9720096331157
heldout:58:144,ridge,58,B8,other,0,8.45584070266126,True,4856.5,4361.6750974707375
heldout:58:145,ridge,58,B4,other,0,8.393149076791282,True,3176.5,4096.568699971004
heldout:58:146,ridge,58,B6,other,0,7.590758590398602,False,2115.5,1978.8148127465633
heldout:58:147,ridge,58,B6,other,0,8.022475241168795,False,3223.0,3047.71430434235
heldout:58:148,ridge,58,B4,other,0,8.072998642005379,False,3933.5,2973.9979889769866
heldout:58:149,ridge,58,B6,other,0,8.213636520285421,False,3042.5,3423.2457938952657
heldout:58:150,ridge,58,B6,other,0,7.572079388503703,False,1918.0,1942.1767027568053
heldout:58:151,ridge,58,B4,other,0,8.557655741675354,True,5098.0,5205.461564225059
heldout:58:152,ridge,58,B8,other,0,8.074212341221523,False,3185.5,2977.6109337748626
heldout:58:153,ridge,58,B4,other,0,7.795768675734872,False,2453.5,2253.692041695067
heldout:58:154,ridge,58,B6,other,0,7.716978899903051,False,1682.5,2082.863496280837
heldout:58:155,ridge,58,B6,other,0,8.14680035717364,False,3328.0,3201.8629387616543
heldout:60:156,ridge,60,B4,other,0,8.795885239247186,True,6466.25,6128.602852108464
heldout:60:157,ridge,60,B4,other,0,8.200891875323029,False,3440.0,3643.1990295760907
heldout:60:158,ridge,60,B4,other,0,8.50547802389397,True,4471.0,4940.765939303945
heldout:60:159,ridge,60,B2,other,0,8.544460006463636,True,4783.75,5137.209782625139
heldout:60:160,ridge,60,B4,other,0,8.575037327885362,True,5644.0,5296.749188303638
heldout:60:161,ridge,60,B2,other,0,7.741131768324318,False,2818.75,2300.075193971478
heldout:60:162,ridge,60,B2,inner_high_charge,1,9.172188114146758,True,10494.0,9624.66371466915
heldout:60:163,ridge,60,B4,other,0,8.553505971170688,True,4883.75,5183.900710829783
heldout:60:164,ridge,60,B2,other,0,8.78652831857774,True,7372.0,6071.516138913286
heldout:60:165,ridge,60,B8,other,0,9.23336650039768,True,9265.5,9492.536716317165
heldout:60:166,ridge,60,B2,other,0,8.409572627964122,True,3692.0,4164.420991832816
heldout:60:167,ridge,60,B6,other,0,7.955889046348701,False,2975.0,2851.3230495457237
heldout:60:168,ridge,60,B6,other,0,8.857374730778307,True,6540.625,6517.338106429015
heldout:60:169,ridge,60,B8,other,0,8.586431919517382,True,5614.0,5357.460108068259
heldout:60:170,ridge,60,B6,other,0,8.243448165377124,False,3371.25,3526.86505040861
heldout:60:171,ridge,60,B8,other,0,8.947168541356644,True,6702.0,7129.7274963832515
heldout:60:172,ridge,60,B4,other,0,8.660209855301414,True,6137.0,5767.745137235683
heldout:60:173,ridge,60,B6,other,0,8.833705529506753,True,7209.0,6860.66587051342
heldout:60:174,ridge,60,B6,other,0,8.9275119352891,True,6992.25,7535.490753010456
heldout:60:175,ridge,60,B2,other,0,8.44975177184462,True,5011.5,4672.912394850947
heldout:60:176,ridge,60,B2,other,0,8.683538665045013,True,6697.25,5903.9051452838685
heldout:60:177,ridge,60,B8,other,0,8.769795423989496,True,7123.0,6435.855503439535
heldout:60:178,ridge,60,B4,other,0,8.99660658817292,True,7308.0,7491.116311273035
heldout:60:179,ridge,60,B4,other,0,8.044386940276882,False,3328.125,3115.2540680772936
heldout:60:180,ridge,60,B4,other,0,8.164992422221976,False,3002.0,3260.6628539759677
heldout:60:181,ridge,60,B6,other,0,9.126189162966703,True,8843.0,9191.922403160901
heldout:60:182,ridge,60,B2,other,0,8.516282913002387,True,4997.25,4994.450678819312
heldout:60:183,ridge,60,B6,other,0,8.65821692986667,True,5151.75,5340.260377569767
heldout:60:184,ridge,60,B6,other,0,8.58294596773941,True,4624.5,4952.97700205017
heldout:60:185,ridge,60,B8,other,0,8.998294597350547,True,7720.0,7503.773752299142
heldout:60:186,ridge,60,B4,other,0,9.011951929413787,True,7390.0,7606.972042085938
heldout:60:187,ridge,60,B6,other,0,8.257950274169792,False,3705.625,3578.399307695732
heldout:60:188,ridge,60,B4,other,0,8.819670163555221,True,5331.0,6276.142647937828
heldout:60:189,ridge,60,B8,other,0,8.905820056061295,True,7527.0,7373.770455615212
heldout:60:190,ridge,60,B6,other,0,8.106382833522991,False,2954.25,3314.5633688090693
heldout:60:191,ridge,60,B6,other,0,8.65144676426785,True,5379.5,5304.221293246264
heldout:60:192,ridge,60,B8,other,0,8.740694283286864,True,5568.75,5799.470322231842
heldout:60:193,ridge,60,B4,other,0,9.120480503308254,True,8648.5,9139.59264639399
heldout:60:194,ridge,60,B6,other,0,8.236682814091159,False,3495.625,3503.078357446321
heldout:60:195,ridge,60,B4,other,0,8.019277833683823,False,2440.5,3037.981889944963
heldout:60:196,ridge,60,B2,other,0,8.959430657442535,True,6074.0,7779.926188427131
heldout:60:197,ridge,60,B4,other,0,8.572453674893714,True,4928.125,5283.079309480097
heldout:60:198,ridge,60,B8,other,0,8.67852134055102,True,4720.0,5449.820029957227
heldout:60:199,ridge,60,B2,inner_high_charge,1,9.261639602576595,True,10559.375,9764.778880291753
heldout:60:200,ridge,60,B8,other,0,8.940387080768453,True,7167.0,7081.534343577496
heldout:60:201,ridge,60,B6,other,0,9.115267957855712,True,8347.0,8435.037255626725
heldout:60:202,ridge,60,B2,other,0,8.334058171595187,True,3679.375,4162.278615601066
heldout:60:203,ridge,60,B8,other,0,8.970506807204076,True,6755.0,7298.103469550466
heldout:60:204,ridge,60,B6,other,0,8.814833754496917,True,5466.75,6245.8571140240365
heldout:60:205,ridge,60,B6,other,0,8.509159017714593,True,3801.25,4600.5984797600895
heldout:60:206,ridge,60,B4,other,0,8.06052803137152,False,3136.0,3165.961948194331
heldout:60:207,ridge,60,B2,other,0,8.526482907379878,True,5676.75,5045.664996505655
heldout:60:208,ridge,60,B6,other,0,8.581397695044329,True,5424.0,5330.552204096843
heldout:60:209,ridge,60,B8,other,0,8.288787737669287,False,3705.625,3978.0076685047325
heldout:60:210,ridge,60,B2,other,0,8.425722277930278,True,4905.75,4561.939298827874
heldout:60:211,ridge,60,B6,other,0,8.345320339553574,True,4348.0,4209.431180291618
heldout:60:212,ridge,60,B2,other,0,8.334077877722672,True,3977.75,3861.5307321679056
heldout:60:213,ridge,60,B4,other,0,7.926638780675858,False,2744.0,2568.9424398061374
heldout:60:214,ridge,60,B8,other,0,8.907529129958748,True,6564.25,6852.598556007733
heldout:60:215,ridge,60,B8,other,0,8.509535407324154,True,4743.75,4602.330799608388
heldout:60:216,ridge,60,B8,other,0,9.157131476399522,True,9359.0,9480.819207836574
heldout:60:217,ridge,60,B8,other,0,8.762784951945841,True,5385.625,5929.032377616033
heldout:60:218,ridge,60,B4,inner_high_charge,1,9.22109167448745,True,9153.0,10107.093054467758
heldout:60:219,ridge,60,B4,other,0,8.215745750675367,False,3609.0,3697.733529358477
heldout:60:220,ridge,60,B4,other,0,9.042949696420745,True,7308.0,7846.49535196352
heldout:60:221,ridge,60,B4,inner_high_charge,1,9.03411260528404,True,9573.375,7777.451841564356
heldout:60:222,ridge,60,B8,other,0,8.590458976139644,True,5075.625,4990.336438029104
heldout:60:223,ridge,60,B8,other,0,8.433672440817373,True,5385.625,4598.359992891719
heldout:60:224,ridge,60,B2,other,0,8.639258590544488,True,5707.625,5648.139945648856
heldout:60:225,ridge,60,B6,other,0,8.48244944206245,True,4673.375,4828.2644248756205
heldout:60:226,ridge,60,B4,other,0,8.905586460215797,True,6864.75,6839.2972017151415
heldout:60:227,ridge,60,B6,other,0,8.619556149839589,True,5889.625,5537.927394191986
heldout:60:228,ridge,60,B6,other,0,9.129009189240623,True,8843.0,8551.75890852463
heldout:60:229,ridge,60,B8,other,0,8.86513159221691,True,6159.0,6568.09656057192
heldout:60:230,ridge,60,B2,other,0,9.07661694723111,True,8937.25,8747.319880268822
heldout:60:231,ridge,60,B6,other,0,8.656141689022117,True,4698.0,5329.187469322474
heldout:60:232,ridge,60,B6,other,0,8.430770892625759,True,4525.0,4585.034070474032
heldout:60:233,ridge,60,B4,inner_high_charge,1,9.247187581250392,True,10657.0,10374.34483080214
heldout:60:234,ridge,60,B6,other,0,8.208061552036604,False,3176.0,3404.2088468120173
heldout:60:235,ridge,60,B8,other,0,8.29538012886184,False,3293.5,3714.914640477266
heldout:60:236,ridge,60,B6,other,0,8.133067708400525,False,3193.5,3158.1797762187425
heldout:60:237,ridge,60,B4,other,0,7.141352764018771,False,2433.5,1170.8661580724145
heldout:60:238,ridge,60,B2,other,0,7.584843775289367,False,2246.5,1967.1391379469749
heldout:60:239,ridge,60,B8,other,0,8.20682418096967,False,3077.5,3399.997945668998
heldout:60:240,ridge,60,B4,other,0,8.554620577320115,True,4637.5,4814.622393840486
heldout:60:241,ridge,60,B2,other,0,8.016766539307138,False,2932.0,3030.3596866179214
heldout:60:242,ridge,60,B8,other,0,8.584609001355432,True,3903.0,4961.222486696279
heldout:60:243,ridge,60,B4,other,0,7.942955425224121,False,2743.0,2814.669724946164
heldout:60:244,ridge,60,B4,other,0,7.798954002940934,False,2338.5,2260.885424153004
heldout:60:245,ridge,60,B4,other,0,7.811748595104031,False,2546.0,2468.4447211658235
heldout:60:246,ridge,60,B2,other,0,8.243131987803316,False,2899.0,3525.749794914929
heldout:60:247,ridge,60,B6,other,0,8.193150150885943,False,3836.0,3615.095569878853
heldout:60:248,ridge,60,B8,other,0,8.521503960420278,True,3763.5,4657.757032979207
heldout:60:249,ridge,60,B6,other,0,8.302252688378053,False,3616.0,4031.9471418507874
heldout:60:250,ridge,60,B2,other,0,8.26962249145953,False,3553.5,3902.47511877677
heldout:60:251,ridge,60,B4,other,0,8.497516207248884,True,4412.5,4547.333618852949
heldout:60:252,ridge,60,B8,other,0,8.132170498592039,False,2964.5,3155.3466003034146
heldout:60:253,ridge,60,B4,other,0,7.460663000954112,False,1525.0,1611.6966600495741
heldout:60:254,ridge,60,B8,other,0,8.405233194734967,True,3195.0,4146.384587756169
heldout:60:255,ridge,60,B8,other,0,8.216875283774593,False,3763.5,3701.9137316991173
heldout:60:256,ridge,60,B4,other,0,7.394706936812986,False,1568.0,1626.3479379477428
heldout:60:257,ridge,60,B4,other,0,8.48278816229586,True,4576.5,4480.836445548858
heldout:60:258,ridge,60,B6,other,0,8.059879977279639,False,3039.5,2935.2248696438
heldout:60:259,ridge,60,B8,other,0,8.364313671019191,True,3763.5,3980.10091174209
heldout:60:260,ridge,60,B6,other,0,8.412926442811605,True,3037.0,4178.414495294417
heldout:60:261,ridge,60,B8,other,0,7.658124876302447,False,2284.0,1963.759011456887
heldout:60:262,ridge,60,B8,other,0,8.540519069459931,True,4564.0,5117.000269924339
heldout:60:263,ridge,60,B6,other,0,7.354917338033549,False,1629.0,1449.8680885481692
heldout:60:264,ridge,60,B8,other,0,8.759539849794557,True,5649.0,6370.179203957259
heldout:60:265,ridge,60,B6,other,0,8.003977059172097,False,3039.5,2775.5850690718844
heldout:60:266,ridge,60,B6,other,0,7.69827603064613,False,1969.5,2044.2514730965927
heldout:60:267,ridge,60,B2,other,0,8.333386651124286,True,4053.0,4159.483827268439
heldout:60:268,ridge,60,B6,other,0,7.5571856022524395,False,1688.5,1913.4499007465483
heldout:60:269,ridge,60,B2,other,0,8.637073353022336,True,4463.5,5228.512565604195
heldout:60:270,ridge,60,B8,other,0,8.340221755888503,True,3344.0,3885.3346998590096
heldout:60:271,ridge,60,B8,other,0,7.813792797302961,False,1716.5,2294.6993352145846
heldout:60:272,ridge,60,B2,other,0,7.830224796360094,False,1718.5,2332.7339006908664
heldout:60:273,ridge,60,B4,other,0,8.370090194633082,True,3426.5,4003.1643843829906
heldout:60:274,ridge,60,B6,other,0,7.967100473661351,False,2371.0,2883.4815968460384
heldout:60:275,ridge,60,B4,other,0,8.489522745541892,True,4088.5,4862.5443710431655
heldout:60:276,ridge,60,B2,other,0,8.528808243402823,True,4680.0,5057.413843131891
heldout:60:277,ridge,60,B6,other,0,7.996523714218179,False,3017.5,2754.967154420963
heldout:60:278,ridge,60,B6,other,0,8.120112718958241,False,3107.5,3360.3996171895865
heldout:60:279,ridge,60,B6,other,0,8.221007525261872,False,3616.0,3448.5791782332535
heldout:60:280,ridge,60,B2,other,0,8.49737900454901,True,4163.5,4900.904120077279
heldout:60:281,ridge,60,B2,other,0,7.92966947809365,False,1718.5,2576.7429722784045
heldout:60:282,ridge,60,B2,other,0,7.791131526113415,False,1976.5,2243.2609014183745
heldout:60:283,ridge,60,B8,other,0,9.06089184429167,True,7091.5,7988.566997928747
heldout:60:284,ridge,60,B2,other,0,8.163068524450326,False,4463.5,3507.9373609337817
heldout:60:285,ridge,60,B6,other,0,8.5245223692875,True,3604.5,4671.840310369985
heldout:60:286,ridge,60,B4,other,0,8.328767050423119,True,3942.5,4140.308378821801
heldout:60:287,ridge,60,B6,other,0,8.266551614628602,False,3585.0,3609.3197276769088
heldout:60:288,ridge,60,B6,other,0,7.995479273290994,False,2772.0,2966.5123056757943
heldout:60:289,ridge,60,B2,other,0,8.681156635927644,True,3521.0,5889.856228399913
heldout:60:290,ridge,60,B8,other,0,8.306385792519746,False,3583.5,3756.0366194537537
heldout:60:291,ridge,60,B6,other,0,8.31286885815962,False,3027.0,3780.472859755858
heldout:60:292,ridge,60,B4,other,0,8.078726567514673,False,2697.0,3224.1236433386025
heldout:60:293,ridge,60,B8,other,0,8.05662053552274,False,2076.0,2925.6699959324305
heldout:60:294,ridge,60,B8,other,0,7.81524190423885,False,2781.5,2477.086340103436
heldout:60:295,ridge,60,B6,other,0,7.942855938200973,False,2631.0,2814.38961628088
heldout:60:296,ridge,60,B6,other,0,8.464744209919042,True,3833.5,4400.691641159992
heldout:60:297,ridge,60,B4,other,0,8.210006821040372,False,3187.0,3410.839340989626
heldout:60:298,ridge,60,B8,other,0,8.28283937815302,False,2969.0,3668.6052654029436
heldout:60:299,ridge,60,B6,other,0,7.969287297577731,False,3178.5,2889.796352300971
heldout:60:300,ridge,60,B6,other,0,7.942631426599958,False,3039.5,2813.757599600841
heldout:60:301,ridge,60,B4,other,0,7.739639728500478,False,2235.5,2130.6246799736195
heldout:60:302,ridge,60,B8,other,0,8.94779833930376,True,7091.5,7689.940366114621
heldout:60:303,ridge,60,B8,other,0,8.326924183301356,True,3979.0,4132.683525722872
heldout:60:304,ridge,60,B2,other,0,8.175381722556619,False,3240.5,3294.7258881127336
heldout:60:305,ridge,60,B8,other,0,8.218069379829213,False,3142.0,3438.4586879428916
heldout:60:306,ridge,60,B4,other,0,7.993856496649574,False,2338.5,2747.6261847418464
heldout:60:307,ridge,60,B4,other,0,8.192650742070246,False,3130.0,3352.1341079421195
heldout:60:308,ridge,60,B2,other,0,8.070567981820895,False,3859.5,3197.918240591348
heldout:60:309,ridge,60,B2,other,0,8.651098649586437,True,5791.0,5715.42363152524
heldout:60:310,ridge,60,B6,other,0,8.195937978660577,False,3310.5,3363.174789798662
heldout:60:311,ridge,60,B2,other,0,8.18506838786208,False,3173.5,3585.9889173701004
heldout:62:312,ridge,62,B6,other,0,8.877554466515635,True,5520.0,6650.212624104401
heldout:62:313,ridge,62,B4,other,0,8.628194308594297,True,5262.75,5182.285023103697
heldout:62:314,ridge,62,B6,other,0,8.445267758566235,True,4421.875,4652.001427175763
heldout:62:315,ridge,62,B8,other,0,8.588261274354489,True,5300.0,4979.379014014356
heldout:62:316,ridge,62,B8,other,0,8.452794167539631,True,4293.75,4687.153939021061
heldout:62:317,ridge,62,B8,other,0,8.620812095050356,True,5445.0,5144.16179623843
heldout:62:318,ridge,62,B6,other,0,8.505624536485463,True,4380.625,4584.362925342521
heldout:62:319,ridge,62,B8,other,0,8.435235800956285,True,4465.0,4605.556072535486
heldout:62:320,ridge,62,B8,other,0,8.772394234805404,True,6042.0,5986.290399772577
heldout:62:321,ridge,62,B4,other,0,8.178876912727425,False,3410.25,3563.8487754762427
heldout:62:322,ridge,62,B8,other,0,8.861307095712135,True,6688.0,6543.021054892865
heldout:62:323,ridge,62,B8,other,0,8.359587215444451,True,4197.5,4269.931427949823
heldout:62:324,ridge,62,B2,other,0,8.020552088173472,False,2794.75,2821.990570969861
heldout:62:325,ridge,62,B8,other,0,8.256491707821809,False,3300.0,3573.182321904377
heldout:62:326,ridge,62,B8,other,0,8.91817938841576,True,6351.0,6925.981230578822
heldout:62:327,ridge,62,B2,other,0,9.074896359228829,True,8538.0,8732.280567983078
heldout:62:328,ridge,62,B4,other,0,8.333253790022251,True,4443.75,4158.931097521103
heldout:62:329,ridge,62,B2,other,0,8.746211378653156,True,5743.5,5831.560511087433
heldout:62:330,ridge,62,B8,other,0,8.047406071260514,False,2659.5,3124.6766641556137
heldout:62:331,ridge,62,B4,other,0,7.968264330753467,False,2898.75,2886.8406755742308
heldout:62:332,ridge,62,B4,other,0,8.610443799766658,True,5579.0,5487.684014044401
heldout:62:333,ridge,62,B6,other,0,8.537078893990895,True,5530.875,5099.423701519554
heldout:62:334,ridge,62,B4,other,0,8.27141600264064,False,3370.0,3909.482326922225
heldout:62:335,ridge,62,B4,other,0,8.927360059849008,True,6820.5,6989.868384038082
heldout:62:336,ridge,62,B6,other,0,8.312840037542315,False,3883.25,3780.3638769442
heldout:62:337,ridge,62,B4,other,0,9.147046478235385,True,8773.0,9385.67564625213
heldout:62:338,ridge,62,B2,other,0,8.831755476756086,True,6495.0,6352.4641384788665
heldout:62:339,ridge,62,B6,other,0,7.8389210423620455,False,2545.0,2353.1171251051815
heldout:62:340,ridge,62,B8,other,0,9.118361529938568,True,9399.0,9120.24448035693
heldout:62:341,ridge,62,B2,other,0,8.694492635809258,True,5822.5,5537.575605761343
heldout:62:342,ridge,62,B4,other,0,8.380216217486316,True,4295.0,4043.916625293882
heldout:62:343,ridge,62,B4,other,0,8.58049492850509,True,5245.5,4940.849478641497
heldout:62:344,ridge,62,B2,inner_high_charge,1,9.615195829092722,True,14244.125,13175.57392263075
heldout:62:345,ridge,62,B2,other,0,8.612756062794094,True,5580.75,5500.389979265055
heldout:62:346,ridge,62,B4,other,0,7.961088779317021,False,3038.125,2866.192994109752
heldout:62:347,ridge,62,B6,other,0,8.398996224701847,True,4301.0,4120.597973128964
heldout:62:348,ridge,62,B2,other,0,8.27398436733354,False,3939.375,3919.538780454879
heldout:62:349,ridge,62,B8,other,0,8.677357842610188,True,6011.25,5867.5205343282805
heldout:62:350,ridge,62,B4,other,0,8.274492483229134,False,4151.25,3921.531374720058
heldout:62:351,ridge,62,B2,other,0,8.641175983998473,True,6206.0,5658.98196048379
heldout:62:352,ridge,62,B4,other,0,8.402395626607282,True,4485.75,4456.733030238954
heldout:62:353,ridge,62,B8,other,0,8.778944511427076,True,5384.25,6025.637534728501
heldout:62:354,ridge,62,B4,other,0,8.558150220027596,True,4185.0,4831.649853050627
heldout:62:355,ridge,62,B6,other,0,9.00638220595446,True,7455.0,7564.715529509373
heldout:62:356,ridge,62,B2,other,0,8.655710738373559,True,5399.0,5741.849176496203
heldout:62:357,ridge,62,B8,other,0,8.783035411533882,True,5819.0,6050.3424049872465
heldout:62:358,ridge,62,B4,other,0,8.699353549402472,True,6010.0,5998.032885104659
heldout:62:359,ridge,62,B8,other,0,8.832852538190247,True,6206.0,6359.438103693192
heldout:62:360,ridge,62,B4,other,0,8.114342476808448,False,3265.5,3341.059380024208
heldout:62:361,ridge,62,B4,other,0,8.428836274140908,True,4633.75,4576.170420843878
heldout:62:362,ridge,62,B6,other,0,8.81954198299028,True,6676.25,6764.165354757999
heldout:62:363,ridge,62,B4,other,0,8.176140272651805,False,3506.875,3297.2268097161104
heldout:62:364,ridge,62,B6,other,0,8.417330153826224,True,4666.375,4196.860013498872
heldout:62:365,ridge,62,B6,other,0,8.13777872981251,False,3604.375,3420.309767903941
heldout:62:366,ridge,62,B2,other,0,8.764325162938299,True,6606.25,6400.740355564462
heldout:62:367,ridge,62,B4,other,0,7.8137520083363174,False,2550.0,2473.396998469148
heldout:62:368,ridge,62,B6,other,0,8.329814404212225,True,4109.0,4144.648066041446
heldout:62:369,ridge,62,B8,other,0,8.384685003154958,True,4293.75,4378.478810067435
heldout:62:370,ridge,62,B8,other,0,8.602271312115786,True,5358.125,5049.645379959851
heldout:62:371,ridge,62,B8,other,0,8.262406832846208,False,3367.875,3594.38670867171
heldout:62:372,ridge,62,B2,inner_high_charge,1,9.680600842527681,True,15392.0,14625.65521116272
heldout:62:373,ridge,62,B8,other,0,8.482296177871017,True,4997.0,4478.631994145298
heldout:62:374,ridge,62,B4,other,0,8.660354075502406,True,4881.625,5351.687635382704
heldout:62:375,ridge,62,B2,other,0,8.489844228508504,True,5731.5,4864.108169069564
heldout:62:376,ridge,62,B4,other,0,8.436979943098121,True,4443.75,4613.597571830692
heldout:62:377,ridge,62,B2,other,0,9.245574443596677,True,7574.0,10357.621463558473
heldout:62:378,ridge,62,B2,inner_high_charge,1,9.252007597796737,True,9741.375,9671.166413048013
heldout:62:379,ridge,62,B2,other,0,8.104437528403531,False,3656.875,3308.119855745277
heldout:62:380,ridge,62,B8,other,0,8.696337867299937,True,5593.75,5979.968960217969
heldout:62:381,ridge,62,B8,other,0,8.364416880656439,True,4180.0,3980.5118209275674
heldout:62:382,ridge,62,B8,other,0,9.207703231542952,True,9399.0,9252.001196356741
heldout:62:383,ridge,62,B2,other,0,8.501868440791451,True,4718.75,4567.172168677658
heldout:62:384,ridge,62,B2,other,0,8.504720204174603,True,6300.0,4937.022390273445
heldout:62:385,ridge,62,B6,other,0,8.59826337185193,True,5020.75,5029.443206578376
heldout:62:386,ridge,62,B4,other,0,8.27773500346169,False,3723.75,3649.9219490481983
heldout:62:387,ridge,62,B2,other,0,9.029398214634,True,5937.0,7740.867485163283
heldout:62:388,ridge,62,B8,other,0,8.963249181403246,True,6775.0,7245.321076998226
heldout:62:389,ridge,62,B8,other,0,8.647771588776784,True,5152.5,5284.759458709067
heldout:62:390,ridge,62,B6,other,0,7.551279519403209,False,2150.5,1764.6594389722668
heldout:62:391,ridge,62,B4,other,0,8.187842270658825,False,2627.0,3595.9526168987213
heldout:62:392,ridge,62,B6,other,0,8.195235160730332,False,3680.0,3622.643030270682
heldout:62:393,ridge,62,B2,other,0,8.432300380329856,True,5091.5,4592.0537200608105
heldout:62:394,ridge,62,B4,other,0,7.71667538096936,False,2805.0,2244.4817855694128
heldout:62:395,ridge,62,B8,other,0,8.326044063459907,True,3937.0,4129.046989362254
heldout:62:396,ridge,62,B2,other,0,7.4685018808181365,False,1597.0,1624.3880736696813
heldout:62:397,ridge,62,B6,other,0,7.766020435954372,False,1866.5,2187.606756153035
heldout:62:398,ridge,62,B4,other,0,7.809713645959155,False,2672.0,2463.4246362832437
heldout:62:399,ridge,62,B4,other,0,8.104799461853228,False,3110.0,3070.12573365134
heldout:62:400,ridge,62,B4,other,0,7.8544648560373185,False,2594.5,2389.9949515977023
heldout:62:401,ridge,62,B8,other,0,8.013256690495224,False,2811.5,3019.7387223161695
heldout:62:402,ridge,62,B4,other,0,8.134610773942052,False,2990.5,3409.4883594625067
heldout:62:403,ridge,62,B2,other,0,7.9075946157036885,False,3350.5,2716.845135469941
heldout:62:404,ridge,62,B4,other,0,7.953123317015843,False,2948.0,2843.4451950490825
heldout:62:405,ridge,62,B6,other,0,8.23032654593963,False,3680.0,3480.8761321825023
heldout:62:406,ridge,62,B2,other,0,8.215852838680524,False,3151.5,3698.1296405627413
heldout:62:407,ridge,62,B2,other,0,8.787916824638172,True,5566.5,6079.953720835444
heldout:62:408,ridge,62,B6,other,0,8.39920182632567,True,3839.0,4121.445467485115
heldout:62:409,ridge,62,B2,other,0,8.246011098970326,False,3804.5,3535.918330781145
heldout:62:410,ridge,62,B8,other,0,8.112897318907994,False,3325.5,3336.2330647411854
heldout:62:411,ridge,62,B6,other,0,8.028080934289866,False,3160.5,2843.3246422625207
heldout:62:412,ridge,62,B8,other,0,8.72441394180722,True,5476.0,5705.801235902194
heldout:62:413,ridge,62,B4,other,0,7.943968453222027,False,2482.5,2613.8668390211787
heldout:62:414,ridge,62,B2,other,0,8.041879828897715,False,2646.5,3107.4510576381954
heldout:62:415,ridge,62,B6,other,0,7.770301279050826,False,2559.5,2368.1849666397757
heldout:62:416,ridge,62,B4,other,0,7.805361520798013,False,2497.5,2452.722457319597
heldout:62:417,ridge,62,B2,other,0,8.613806300029987,True,5427.5,5506.170778944628
heldout:62:418,ridge,62,B6,other,0,7.997531629019653,False,2750.5,2972.608950658335
heldout:62:419,ridge,62,B6,other,0,7.824896465243905,False,2940.0,2501.1270403162125
heldout:62:420,ridge,62,B8,other,0,8.24805351041321,False,3426.5,3543.149555306619
heldout:62:421,ridge,62,B2,other,0,8.984186410653363,True,6853.5,7398.638381648111
heldout:62:422,ridge,62,B8,other,0,7.967043481060295,False,2724.5,2674.906501690817
heldout:62:423,ridge,62,B8,other,0,8.022548474130057,False,2696.0,2827.631979041559
heldout:62:424,ridge,62,B8,other,0,8.148103713889535,False,2960.0,3455.8177309122702
heldout:62:425,ridge,62,B4,other,0,7.808214454851209,False,2204.5,2281.9287905083634
heldout:62:426,ridge,62,B6,other,0,7.788727069809146,False,2599.0,2412.243735405207
heldout:62:427,ridge,62,B6,other,0,7.676630903214792,False,2635.0,2000.4574181044718
heldout:62:428,ridge,62,B4,other,0,8.361119534387248,True,4386.5,4276.4808737186595
heldout:62:429,ridge,62,B8,other,0,8.43430534971718,True,3888.0,4268.727768399919
heldout:62:430,ridge,62,B6,other,0,7.653935238611868,False,2180.0,1955.5446027633816
heldout:62:431,ridge,62,B4,other,0,8.076462161598315,False,2627.0,2984.319817409899
heldout:62:432,ridge,62,B2,other,0,8.452832853977196,True,4163.5,4348.572546044245
heldout:62:433,ridge,62,B4,other,0,7.635421747103467,False,2122.5,1919.6553734239899
heldout:62:434,ridge,62,B4,other,0,7.880519025589832,False,2952.5,2644.2451533920994
heldout:62:435,ridge,62,B8,other,0,8.374570316498293,True,3980.0,4021.1437736480893
heldout:62:436,ridge,62,B2,other,0,8.870829457861806,True,7696.0,7120.185247246697
heldout:62:437,ridge,62,B4,other,0,8.541197188162446,True,4996.0,5120.472058636237
heldout:62:438,ridge,62,B8,other,0,8.298189622912979,False,2596.0,3725.3691596322296
heldout:62:439,ridge,62,B4,other,0,8.77276571129043,True,6526.0,6455.00323665602
heldout:62:440,ridge,62,B2,other,0,8.115437747794427,False,2855.0,3344.721846026816
heldout:62:441,ridge,62,B8,other,0,8.40271855016764,True,3426.5,4135.968491512656
heldout:62:442,ridge,62,B6,other,0,7.592524516513657,False,2054.5,1839.0067452879146
heldout:62:443,ridge,62,B8,other,0,8.380413860652611,True,4100.5,4044.7161544312353
heldout:62:444,ridge,62,B8,other,0,8.461161631121927,True,4555.0,4384.95044788391
heldout:62:445,ridge,62,B4,other,0,7.912142341723195,False,2911.5,2729.2332981435725
heldout:62:446,ridge,62,B4,other,0,8.27118722147008,False,2608.0,3908.587784529147
heldout:62:447,ridge,62,B4,other,0,8.41027210406669,True,4198.5,4167.335623512504
heldout:62:448,ridge,62,B8,other,0,7.995768621606576,False,2558.0,2752.8869294649267
heldout:62:449,ridge,62,B2,other,0,8.053009374479926,False,3282.0,3142.239938493707
heldout:62:450,ridge,62,B2,other,0,8.80660889678734,True,3247.5,6677.234243530989
heldout:62:451,ridge,62,B2,other,0,9.209897464689059,True,6035.5,9994.571907818292
heldout:62:452,ridge,62,B2,other,0,8.339120045978365,True,3720.0,4183.4060360380045
heldout:62:453,ridge,62,B8,other,0,7.985341043630997,False,2813.0,2936.578976273727
heldout:62:454,ridge,62,B4,other,0,8.523055958162459,True,4996.0,4664.99302704655
heldout:62:455,ridge,62,B4,other,0,7.543508168632954,False,1611.0,1750.9910598061633
heldout:62:456,ridge,62,B8,other,0,8.348111959801518,True,3980.0,3916.119964410499
heldout:62:457,ridge,62,B8,other,0,8.248952258293155,False,3290.0,3546.336284023986
heldout:62:458,ridge,62,B2,other,0,7.399739174543633,False,1576.0,1516.3780762163992
heldout:62:459,ridge,62,B4,other,0,8.014586448491292,False,2319.5,2805.199760158016
heldout:62:460,ridge,62,B6,other,0,7.978050208487224,False,2384.0,2915.239458217359
heldout:62:461,ridge,62,B8,other,0,8.179682770214958,False,2994.0,3308.9314898121643
heldout:62:462,ridge,62,B8,other,0,8.12041067563329,False,2865.5,3118.445921073955
heldout:62:463,ridge,62,B6,other,0,8.233248558529397,False,3537.5,3763.041621880132
heldout:62:464,ridge,62,B8,other,0,8.371354706530141,True,3572.0,4008.230900544695
heldout:62:465,ridge,62,B4,other,0,8.065258952997931,False,3365.5,3180.980093789099
heldout:62:466,ridge,62,B6,other,0,8.02017553899141,False,3160.5,3040.711225003219
heldout:62:467,ridge,62,B6,other,0,8.169223363325862,False,3121.5,3274.491991916495
heldout:64:468,ridge,64,B8,other,0,8.88285961967042,True,7245.75,7206.371636705862
heldout:64:469,ridge,64,B2,other,0,9.013865386961811,True,7392.0,8215.218838978082
heldout:64:470,ridge,64,B8,other,0,8.519667859997346,True,4891.25,4649.21093536827
heldout:64:471,ridge,64,B8,other,0,9.022546815536458,True,9017.0,8286.85787061495
heldout:64:472,ridge,64,B6,other,0,8.404961599137375,True,4446.75,4145.2583293109465
heldout:64:473,ridge,64,B2,other,0,9.015735087557086,True,7881.125,7635.808715926467
heldout:64:474,ridge,64,B4,other,0,8.703872892891512,True,5504.25,5589.773299972639
heldout:64:475,ridge,64,B8,other,0,8.381338300825993,True,3336.375,4048.4579062208586
heldout:64:476,ridge,64,B4,other,0,8.543598334467555,True,4533.375,4761.834887116418
heldout:64:477,ridge,64,B4,other,0,8.814826357827698,True,6872.5,6732.33847158581
heldout:64:478,ridge,64,B2,other,0,8.93807373041716,True,8735.125,7615.511461625563
heldout:64:479,ridge,64,B8,other,0,8.582681465957885,True,5393.0,5337.401091000851
heldout:64:480,ridge,64,B8,other,0,8.583034740663068,True,5123.125,4953.416800593184
heldout:64:481,ridge,64,B2,inner_high_charge,1,9.131517684107502,True,9009.0,9241.037824600917
heldout:64:482,ridge,64,B2,inner_high_charge,1,9.395734773568273,True,11826.5,11166.184191384798
heldout:64:483,ridge,64,B4,other,0,8.803661252839326,True,6352.0,6176.452525950127
heldout:64:484,ridge,64,B2,inner_high_charge,1,9.495453453443124,True,14830.375,12827.870956224073
heldout:64:485,ridge,64,B6,other,0,8.559629512960061,True,4928.875,4838.804048093779
heldout:64:486,ridge,64,B4,other,0,8.358949835020681,True,4402.0,4267.21008722317
heldout:64:487,ridge,64,B6,other,0,7.958251917269784,False,2825.375,2858.0706894987184
heldout:64:488,ridge,64,B6,other,0,8.793761140604484,True,7062.0,6591.982736193981
heldout:64:489,ridge,64,B4,other,0,8.465807785857278,True,4634.0,4748.562492085801
heldout:64:490,ridge,64,B8,other,0,8.482477586132285,True,4728.0,4479.444710110943
heldout:64:491,ridge,64,B4,other,0,8.517728779597153,True,4744.375,5001.678658169373
heldout:64:492,ridge,64,B6,other,0,7.939349589980739,False,3441.0,2804.5351665729404
heldout:64:493,ridge,64,B6,other,0,8.351890941742422,True,4283.0,4237.187336090652
heldout:64:494,ridge,64,B2,other,0,8.56709478372817,True,2249.375,4875.069693785364
heldout:64:495,ridge,64,B8,other,0,8.40231395819208,True,3901.875,4134.29504581203
heldout:64:496,ridge,64,B8,other,0,8.183648164339845,False,3393.125,3322.0827303888145
heldout:64:497,ridge,64,B4,other,0,8.928774826775927,True,7125.0,6999.7658330591585
heldout:64:498,ridge,64,B8,other,0,8.093874950411639,False,3560.0,3273.3509669915215
heldout:64:499,ridge,64,B2,other,0,8.362861951513992,True,3558.0,4283.94052667858
heldout:64:500,ridge,64,B4,other,0,8.719307704115177,True,5188.0,5676.735224466757
heldout:64:501,ridge,64,B6,other,0,8.680545658981126,True,5634.0,5460.865401305582
heldout:64:502,ridge,64,B8,other,0,8.387349384143244,True,4682.25,4390.162968760637
heldout:64:503,ridge,64,B8,other,0,8.840067809936919,True,6440.0,6405.496354621098
heldout:64:504,ridge,64,B4,other,0,8.194182834005678,False,3471.0,3618.8317795615176
heldout:64:505,ridge,64,B2,other,0,8.401642758627744,True,3470.25,4131.520368864025
heldout:64:506,ridge,64,B2,other,0,7.755723160697028,False,2397.75,2333.8972402982745
heldout:64:507,ridge,64,B8,other,0,8.561630463662386,True,5020.5,5226.1969829424725
heldout:64:508,ridge,64,B4,other,0,8.539320927381777,True,4986.0,5110.871850536641
heldout:64:509,ridge,64,B4,other,0,7.903464767605627,False,2617.5,2510.0713346262814
heldout:64:510,ridge,64,B8,other,0,8.815783561246603,True,6930.875,6738.786731847483
heldout:64:511,ridge,64,B4,other,0,8.156777145143032,False,3750.0,3485.930604046299
heldout:64:512,ridge,64,B2,other,0,8.859134896176565,True,8730.0,7037.391170910654
heldout:64:513,ridge,64,B4,other,0,9.091203698300768,True,8321.0,8234.453396080058
heldout:64:514,ridge,64,B8,other,0,8.991463984194256,True,8202.0,7452.686224176139
heldout:64:515,ridge,64,B8,other,0,8.889181918368601,True,7385.875,7252.08314165316
heldout:64:516,ridge,64,B4,other,0,8.586863971621309,True,5389.375,5359.7757422330415
heldout:64:517,ridge,64,B6,other,0,7.7365939949938,False,2293.5,2124.142196232357
heldout:64:518,ridge,64,B8,other,0,8.42557717971839,True,5043.75,4561.277272525237
heldout:64:519,ridge,64,B2,other,0,8.768655203907269,True,7487.25,6428.520254222073
heldout:64:520,ridge,64,B4,other,0,8.366361200379671,True,4701.375,4298.960864579566
heldout:64:521,ridge,64,B2,other,0,8.72651448288072,True,6662.0,6163.205181035413
heldout:64:522,ridge,64,B8,other,0,8.711235304017041,True,5642.0,5631.086768269433
heldout:64:523,ridge,64,B8,other,0,8.572568166298144,True,5627.0,5283.684325775283
heldout:64:524,ridge,64,B2,other,0,8.571954418848959,True,5484.5,5280.441859380115
heldout:64:525,ridge,64,B6,other,0,8.79016661097438,True,6143.375,6093.64996846607
heldout:64:526,ridge,64,B8,other,0,8.613468917655561,True,5275.625,5106.518340880461
heldout:64:527,ridge,64,B8,other,0,8.517205693019237,True,4860.625,4637.775423409017
heldout:64:528,ridge,64,B8,other,0,8.755524562504275,True,6440.0,6344.64838017341
heldout:64:529,ridge,64,B2,inner_high_charge,1,9.150480250278926,True,9703.0,9417.962752224741
heldout:64:530,ridge,64,B8,other,0,8.276226963847085,False,4227.75,3928.3408330924594
heldout:64:531,ridge,64,B4,other,0,9.110422776789182,True,8247.0,8394.261989182922
heldout:64:532,ridge,64,B2,inner_high_charge,1,9.195881580617973,True,11709.0,9855.452349969273
heldout:64:533,ridge,64,B2,other,0,8.365970899645053,True,4200.0,4297.282914169233
heldout:64:534,ridge,64,B2,other,0,8.735533340314495,True,6671.25,6219.050721702308
heldout:64:535,ridge,64,B6,other,0,7.991680602581193,False,3029.25,2741.65196731948
heldout:64:536,ridge,64,B6,other,0,8.526056996418058,True,4788.875,5043.516024230917
heldout:64:537,ridge,64,B8,other,0,8.514187401943602,True,4780.625,4623.795357514026
heldout:64:538,ridge,64,B2,inner_high_charge,1,8.969750618570012,True,9007.0,7860.640813773684
heldout:64:539,ridge,64,B8,other,0,8.712263806055294,True,5884.375,6075.984041332423
heldout:64:540,ridge,64,B6,other,0,8.07900309680006,False,3006.0,3225.0156077964393
heldout:64:541,ridge,64,B6,other,0,7.639598410453252,False,2280.0,1927.6940801296344
heldout:64:542,ridge,64,B8,other,0,8.806547976118823,True,7061.0,6676.827413428673
heldout:64:543,ridge,64,B8,other,0,8.107635525214878,False,3252.0,3078.848003432159
heldout:64:544,ridge,64,B6,other,0,8.470459889701612,True,5106.5,4770.709424987879
heldout:64:545,ridge,64,B2,other,0,7.756525758012854,False,2119.375,2335.771974783864
heldout:64:546,ridge,64,B4,other,0,7.756603605102635,False,1890.0,2167.093751860455
heldout:64:547,ridge,64,B8,other,0,7.528148639763454,False,1689.5,1724.2869091213486
heldout:64:548,ridge,64,B8,other,0,8.112105288111753,False,3152.0,3092.6450054591933
heldout:64:549,ridge,64,B8,other,0,7.665660915185029,False,2622.0,2132.802578544516
heldout:64:550,ridge,64,B4,other,0,7.661758610930258,False,1875.0,1970.9114114037611
heldout:64:551,ridge,64,B6,other,0,8.09626399916685,False,3301.5,3281.1829028064944
heldout:64:552,ridge,64,B6,other,0,7.248142046593074,False,1555.0,1302.9351981650498
heldout:64:553,ridge,64,B2,other,0,8.041020779897279,False,1695.5,2880.3689207242223
heldout:64:554,ridge,64,B4,other,0,7.94368838084267,False,3562.5,2816.734242398449
heldout:64:555,ridge,64,B6,other,0,7.733349145379004,False,2198.5,2282.236300100927
heldout:64:556,ridge,64,B4,other,0,8.684794203757827,True,4924.0,5484.119744608073
heldout:64:557,ridge,64,B2,other,0,8.30239213575586,False,2862.5,4032.5095649678524
heldout:64:558,ridge,64,B2,other,0,8.158004424818106,False,3331.0,3490.212670213954
heldout:64:559,ridge,64,B2,other,0,8.94325322667749,True,6983.5,7101.863038999232
heldout:64:560,ridge,64,B8,other,0,7.788391113061583,False,1906.5,2237.119118906551
heldout:64:561,ridge,64,B6,other,0,7.945309363649827,False,2918.0,2617.3754931026288
heldout:64:562,ridge,64,B6,other,0,8.615221064488479,True,3920.5,5115.475307634468
heldout:64:563,ridge,64,B6,other,0,8.141437321508937,False,3593.5,3432.8498689787875
heldout:64:564,ridge,64,B8,other,0,8.270082589116553,False,2927.5,3622.090207379407
heldout:64:565,ridge,64,B8,other,0,8.734485408463064,True,4944.5,5763.5675014799945
heldout:64:566,ridge,64,B4,other,0,7.566647851129682,False,1888.0,1931.6508774555875
heldout:64:567,ridge,64,B4,other,0,7.624458948388259,False,2485.5,2046.6722688700856
heldout:64:568,ridge,64,B2,other,0,8.283036346320735,False,3833.5,3955.188522046927
heldout:64:569,ridge,64,B2,other,0,7.88878312655163,False,2313.5,2473.4739984857606
heldout:64:570,ridge,64,B8,other,0,8.818160961977199,True,6705.5,6754.828967603407
heldout:64:571,ridge,64,B8,other,0,7.9697478185563355,False,2418.5,2682.152849848442
heldout:64:572,ridge,64,B4,other,0,7.935342870021878,False,2344.5,2591.409082407174
heldout:64:573,ridge,64,B2,other,0,7.966220451594351,False,1636.5,2672.705057842658
heldout:64:574,ridge,64,B6,other,0,7.309472012577552,False,1723.5,1385.4086985451095
heldout:64:575,ridge,64,B8,other,0,8.07327920655303,False,2777.5,2974.8327850436426
heldout:64:576,ridge,64,B6,other,0,8.075130557606125,False,3057.0,3212.546894288197
heldout:64:577,ridge,64,B8,other,0,8.383410706304307,True,3732.0,4056.8587269166283
heldout:64:578,ridge,64,B4,other,0,7.721513513322896,False,2442.0,2255.372046664895
heldout:64:579,ridge,64,B2,other,0,8.810905971088594,True,5876.0,6221.368935909824
heldout:64:580,ridge,64,B2,other,0,8.17461958380672,False,2509.5,3548.70430206306
heldout:64:581,ridge,64,B4,other,0,8.063180777882414,False,2591.5,2944.9327755800905
heldout:64:582,ridge,64,B2,other,0,7.262633335486748,False,1695.5,1425.0067514308168
heldout:64:583,ridge,64,B6,other,0,8.0563535738834,False,2959.0,3152.769155709021
heldout:64:584,ridge,64,B8,other,0,7.779717575787541,False,2336.5,2217.790653560901
heldout:64:585,ridge,64,B8,other,0,8.14854918978355,False,3550.5,3207.4691106132714
heldout:64:586,ridge,64,B2,other,0,8.73540234496253,True,6097.0,6218.23597733381
heldout:64:587,ridge,64,B8,other,0,7.496645407156728,False,1689.5,1670.7820080041126
heldout:64:588,ridge,64,B6,other,0,8.471942673192993,True,4872.0,4777.790085194622
heldout:64:589,ridge,64,B8,other,0,7.698687631751976,False,2189.0,2045.0934741370447
heldout:64:590,ridge,64,B6,other,0,7.99217098453992,False,2912.0,2742.9972441861146
heldout:64:591,ridge,64,B6,other,0,7.651481621243591,False,2036.0,1950.7498755626516
heldout:64:592,ridge,64,B2,other,0,8.285210429967789,False,3035.0,3677.3164128368403
heldout:64:593,ridge,64,B4,other,0,8.362784433355376,True,3457.5,3974.017514949694
heldout:64:594,ridge,64,B4,other,0,8.017475443180922,False,2310.5,3032.5093911194967
heldout:64:595,ridge,64,B4,other,0,7.390996434203498,False,1622.5,1503.169855850048
heldout:64:596,ridge,64,B2,other,0,8.845278777455263,True,6575.5,6940.538934846685
heldout:64:597,ridge,64,B8,other,0,7.808299603901381,False,1940.5,2282.12318800275
heldout:64:598,ridge,64,B4,other,0,7.514492950686149,False,1622.5,1700.8870616701638
heldout:64:599,ridge,64,B4,other,0,8.014692281634717,False,2616.0,3024.078382304054
heldout:64:600,ridge,64,B6,other,0,8.390220028225334,True,3966.5,4084.5842822853833
heldout:64:601,ridge,64,B4,other,0,7.859592252820794,False,2564.5,2402.2860150736346
heldout:64:602,ridge,64,B6,other,0,7.89920699087948,False,2596.5,2499.402482452917
heldout:64:603,ridge,64,B8,other,0,8.157292133030515,False,3615.5,3487.726793540095
heldout:64:604,ridge,64,B4,other,0,8.30855732603082,False,3070.0,3764.2040150523612
heldout:64:605,ridge,64,B6,other,0,7.995491095303209,False,2816.5,2752.1227594490488
heldout:64:606,ridge,64,B2,other,0,8.08195055694536,False,1869.0,3000.749477799205
heldout:64:607,ridge,64,B2,other,0,8.517039818367177,True,4040.0,4637.00603196271
heldout:64:608,ridge,64,B8,other,0,8.678961997605802,True,3843.5,5452.222501551928
heldout:64:609,ridge,64,B4,other,0,7.565093426148796,False,1889.0,1928.6490503143157
heldout:64:610,ridge,64,B4,other,0,7.787576311787814,False,2118.5,2235.296239340767
heldout:64:611,ridge,64,B4,other,0,7.632674096971373,False,2314.0,2063.563487747745
heldout:64:612,ridge,64,B4,other,0,7.326189513224395,False,1890.0,1518.5803849944366
heldout:64:613,ridge,64,B2,other,0,8.298205563762638,False,2509.5,3725.4285615962367
heldout:64:614,ridge,64,B6,other,0,8.349063924629261,True,3966.5,3919.8507003256104
heldout:64:615,ridge,64,B8,other,0,8.205254781683584,False,3615.5,3659.1330627734587
heldout:64:616,ridge,64,B8,other,0,8.419322005470857,True,3218.5,4532.828501988464
heldout:64:617,ridge,64,B6,other,0,8.051857731392479,False,2961.0,2911.763982085332
heldout:64:618,ridge,64,B8,other,0,7.871225027542541,False,2664.5,2430.406140316
heldout:64:619,ridge,64,B2,other,0,8.291922042376063,False,1850.0,3702.0868788146017
heldout:64:620,ridge,64,B2,other,0,8.420283258907592,True,4991.5,4537.188755536175
heldout:64:621,ridge,64,B8,other,0,8.558117803550376,True,3218.5,4831.493198105865
heldout:64:622,ridge,64,B4,other,0,7.379822065491534,False,2029.0,1602.3044592592685
heldout:64:623,ridge,64,B4,other,0,7.892500362303884,False,2929.5,2676.1293525085666
heldout:65:624,ridge,65,B6,other,0,8.201074234118279,False,3958.75,3643.8636419178865
heldout:65:625,ridge,65,B8,other,0,8.267803467469937,False,3668.25,3613.8421467971384
heldout:65:626,ridge,65,B4,other,0,8.789127258095359,True,5883.0,6087.318767220791
heldout:65:627,ridge,65,B2,other,0,8.936319914126262,True,7246.5,7052.786995907716
heldout:65:628,ridge,65,B8,other,0,8.624786545628831,True,5266.0,5164.6516785562035
heldout:65:629,ridge,65,B8,other,0,7.779673245906822,False,2797.5,2217.6922970159712
heldout:65:630,ridge,65,B2,other,0,8.122134762971681,False,3877.5,3367.2033916097807
heldout:65:631,ridge,65,B2,other,0,8.987988046661867,True,7756.5,8005.33231281406
heldout:65:632,ridge,65,B2,other,0,8.5470477476531,True,5211.0,5150.523358334435
heldout:65:633,ridge,65,B8,other,0,8.501818492966722,True,4822.0,4922.714444161942
heldout:65:634,ridge,65,B8,other,0,9.265476212054814,True,9867.375,9802.318326155932
heldout:65:635,ridge,65,B6,other,0,8.227858752946194,False,3812.375,3742.8087439507426
heldout:65:636,ridge,65,B8,other,0,7.9916883461094725,False,2785.125,2741.6732052047773
heldout:65:637,ridge,65,B6,other,0,8.483354762508736,True,4584.0,4483.376574583845
heldout:65:638,ridge,65,B2,other,0,8.828970434159082,True,6504.0,6828.252030247677
heldout:65:639,ridge,65,B8,other,0,8.409437948369973,True,3555.0,4163.860032399918
heldout:65:640,ridge,65,B6,other,0,8.729674854000029,True,5650.75,5735.903328911718
heldout:65:641,ridge,65,B8,other,0,7.874511723019176,False,2627.25,2438.410578749464
heldout:65:642,ridge,65,B6,other,0,8.764316980809886,True,6941.875,6400.687975917096
heldout:65:643,ridge,65,B2,other,0,8.258447584098077,False,5473.0,3859.0969707453396
heldout:65:644,ridge,65,B4,other,0,8.212278021328643,False,3003.75,3418.5971178822
heldout:65:645,ridge,65,B2,other,0,8.935981373959796,True,8190.0,7599.591665438439
heldout:65:646,ridge,65,B6,other,0,7.90146988555411,False,2537.25,2505.067036642443
heldout:65:647,ridge,65,B4,other,0,8.772678400415904,True,6814.5,6454.439581974427
heldout:65:648,ridge,65,B4,other,0,8.402171473337962,True,3405.625,4133.705870875939
heldout:65:649,ridge,65,B6,other,0,8.260616495353597,False,3991.5,3867.4782643680383
heldout:65:650,ridge,65,B6,other,0,8.669941534258776,True,4733.25,5403.2531032326415
heldout:65:651,ridge,65,B8,other,0,8.343406335534066,True,3616.5,3897.7307698999202
heldout:65:652,ridge,65,B2,other,0,8.651905574142505,True,5710.0,5720.038215686656
heldout:65:653,ridge,65,B6,other,0,8.388978961093535,True,4557.0,4397.324540300651
heldout:65:654,ridge,65,B2,inner_high_charge,1,9.579780292472721,True,13929.125,13956.611873833477
heldout:65:655,ridge,65,B4,other,0,7.915178313760902,False,2466.0,2737.534805288599
heldout:65:656,ridge,65,B6,other,0,8.48787716383973,True,5055.0,4854.547592898987
heldout:65:657,ridge,65,B4,other,0,8.331473461618042,True,4227.75,4151.531642712849
heldout:65:658,ridge,65,B8,other,0,8.641492926580188,True,4804.625,5660.776134088792
heldout:65:659,ridge,65,B2,other,0,7.143420835384765,False,4065.0,1264.7509170801875
heldout:65:660,ridge,65,B2,inner_high_charge,1,9.338459994653826,True,12127.0,11365.889683426523
heldout:65:661,ridge,65,B8,other,0,8.842113559178017,True,6697.5,6418.615854704815
heldout:65:662,ridge,65,B8,other,0,9.174617727373274,True,9431.0,9648.078787811697
heldout:65:663,ridge,65,B8,other,0,8.296144147410482,False,3813.125,4007.3868092844355
heldout:65:664,ridge,65,B2,other,0,9.057709171166774,True,8644.125,8583.46257723727
heldout:65:665,ridge,65,B2,other,0,8.542192034869847,True,5572.875,5125.569673503065
heldout:65:666,ridge,65,B2,other,0,8.348131029822127,True,3771.25,4221.282044989717
heldout:65:667,ridge,65,B8,other,0,8.90625965084699,True,6256.25,6843.903576015957
heldout:65:668,ridge,65,B6,other,0,7.810015783129508,False,2374.5,2464.1693430655323
heldout:65:669,ridge,65,B4,other,0,8.7226001571339,True,5330.0,5695.459708773672
heldout:65:670,ridge,65,B8,other,0,8.552082946333476,True,4602.5,4802.4176133979045
heldout:65:671,ridge,65,B4,other,0,8.379574737475087,True,4328.25,4356.155597163538
heldout:65:672,ridge,65,B2,other,0,8.65870169858768,True,5473.0,5342.850281233012
heldout:65:673,ridge,65,B6,other,0,7.955187782142517,False,2737.875,2849.323518668265
heldout:65:674,ridge,65,B4,other,0,8.93909332371565,True,5147.625,7623.281165965854
heldout:65:675,ridge,65,B4,other,0,8.722359148427511,True,6075.0,6137.643991296198
heldout:65:676,ridge,65,B2,other,0,8.74312283348842,True,6012.75,6266.437346973451
heldout:65:677,ridge,65,B6,other,0,7.555342122156562,False,2378.25,1909.923901513238
heldout:65:678,ridge,65,B6,other,0,8.001215697661241,False,3428.25,2983.5841343976654
heldout:65:679,ridge,65,B2,other,0,9.140713464303596,True,8406.0,8652.450865034678
heldout:65:680,ridge,65,B8,other,0,9.536156889363413,True,12657.0,12174.206263445878
heldout:65:681,ridge,65,B2,other,0,8.024057795520294,False,2436.0,3052.5428801652497
heldout:65:682,ridge,65,B6,other,0,7.5313537966664015,False,2209.375,1729.8255958060229
heldout:65:683,ridge,65,B4,other,0,8.450859587390863,True,4384.625,4339.998142448598
heldout:65:684,ridge,65,B4,other,0,8.677342335998087,True,5549.25,5443.397275297179
heldout:65:685,ridge,65,B6,other,0,8.31218981135952,False,4058.125,4072.2228143096736
heldout:65:686,ridge,65,B6,other,0,8.21632016771269,False,2908.125,3432.447603994795
heldout:65:687,ridge,65,B8,other,0,8.404918647779038,True,5068.0,4467.994185144709
heldout:65:688,ridge,65,B4,other,0,8.058429757744697,False,3576.125,3159.323762262042
heldout:65:689,ridge,65,B6,other,0,8.452472478239029,True,4554.375,4685.64605260777
heldout:65:690,ridge,65,B2,other,0,8.723431895505351,True,4821.0,6144.232737096805
heldout:65:691,ridge,65,B6,other,0,8.283178086443517,False,3667.5,3669.848401647578
heldout:65:692,ridge,65,B4,other,0,7.993910155120773,False,2495.625,2747.773675777851
heldout:65:693,ridge,65,B2,other,0,8.41295858115484,True,4681.875,4504.069427596343
heldout:65:694,ridge,65,B4,other,0,9.007451350153891,True,7203.875,7572.8086959923785
heldout:65:695,ridge,65,B8,other,0,8.482435171638654,True,4266.0,4479.254678347401
heldout:65:696,ridge,65,B6,other,0,8.502518932158896,True,5050.5,4926.164414835992
heldout:65:697,ridge,65,B4,other,0,8.089731424373957,False,2095.0,3259.8116780724877
heldout:65:698,ridge,65,B8,other,0,8.228216495566986,False,3969.0,3744.1483034970333
heldout:65:699,ridge,65,B6,other,0,9.611281633787993,True,14409.0,13646.090582943816
heldout:65:700,ridge,65,B8,other,0,9.092243571477656,True,8457.75,8243.021677356983
heldout:65:701,ridge,65,B8,other,0,8.7667424086507,True,6075.0,5952.54672181934
heldout:65:702,ridge,65,B8,other,0,7.971155249584176,False,3139.0,2895.201267637111
heldout:65:703,ridge,65,B6,other,0,7.755828852300015,False,2425.0,2334.1440323721054
heldout:65:704,ridge,65,B4,other,0,7.740422076132609,False,2243.5,2132.2930040141773
heldout:65:705,ridge,65,B4,other,0,8.030163007301484,False,2815.5,2849.2529032309444
heldout:65:706,ridge,65,B4,other,0,8.207623343471514,False,3472.0,3667.812589024056
heldout:65:707,ridge,65,B2,other,0,9.132016230283613,True,8211.0,8577.516112669677
heldout:65:708,ridge,65,B6,other,0,7.497983849632474,False,2049.0,1803.4008013310308
heldout:65:709,ridge,65,B2,other,0,8.314015958972764,False,2802.5,3784.813079206875
heldout:65:710,ridge,65,B6,other,0,7.466653309680265,False,2107.0,1747.7443755054246
heldout:65:711,ridge,65,B2,other,0,7.457244345305059,False,1624.0,1606.1928187319706
heldout:65:712,ridge,65,B8,other,0,7.929311486918292,False,3070.0,2575.820328201059
heldout:65:713,ridge,65,B2,other,0,8.053240492563047,False,2796.5,2915.7944249465386
heldout:65:714,ridge,65,B8,other,0,8.246691651197075,False,3712.0,3538.326207677047
heldout:65:715,ridge,65,B4,other,0,7.96070505355422,False,3171.0,2657.9991020856305
heldout:65:716,ridge,65,B2,other,0,8.237306889648297,False,2796.5,3505.265849608701
heldout:65:717,ridge,65,B2,other,0,8.687831515751327,True,5637.0,5929.308508918989
heldout:65:718,ridge,65,B6,other,0,7.962845477777254,False,2851.0,2663.6965835111773
heldout:65:719,ridge,65,B2,other,0,8.233731852257934,False,3296.5,3492.753198021338
heldout:65:720,ridge,65,B8,other,0,8.03940896142853,False,2438.0,2875.728417911241
heldout:65:721,ridge,65,B8,other,0,8.453580265646847,True,4201.0,4690.840736861416
heldout:65:722,ridge,65,B8,other,0,8.204640588622793,False,3037.5,3392.5796547922655
heldout:65:723,ridge,65,B8,other,0,8.397893722257635,True,3575.0,4116.056405294378
heldout:65:724,ridge,65,B8,other,0,8.152357525144188,False,3419.0,3219.7113334295873
heldout:65:725,ridge,65,B2,other,0,7.993340983468434,False,2802.5,2960.1736836349082
heldout:65:726,ridge,65,B6,other,0,8.331814908310813,True,4175.5,4152.949752999633
heldout:65:727,ridge,65,B4,other,0,8.282280154124418,False,3795.5,3666.553707656707
heldout:65:728,ridge,65,B6,other,0,7.912863063955203,False,2957.0,2731.2017472474213
heldout:65:729,ridge,65,B8,other,0,8.11571905518399,False,3477.0,3103.8449427067035
heldout:65:730,ridge,65,B4,other,0,8.22600448799823,False,3401.5,3735.8731628146684
heldout:65:731,ridge,65,B4,other,0,8.133008470905812,False,2998.0,3157.99263986625
heldout:65:732,ridge,65,B8,other,0,7.697964236459582,False,2340.5,2202.85689052203
heldout:65:733,ridge,65,B4,other,0,7.60186399315726,False,1676.0,1856.27194377118
heldout:65:734,ridge,65,B4,other,0,8.164378839856214,False,3171.5,3258.6621690209804
heldout:65:735,ridge,65,B4,other,0,8.188625642537925,False,2922.0,3338.66453578225
heldout:65:736,ridge,65,B8,other,0,8.2289661960366,False,3575.0,3476.142782559522
heldout:65:737,ridge,65,B8,other,0,8.175668144947583,False,3306.0,3295.669993001502
heldout:65:738,ridge,65,B6,other,0,8.233054805815287,False,3367.0,3490.388565420506
heldout:65:739,ridge,65,B8,other,0,7.750920161774851,False,2238.0,2154.8064640193143
heldout:65:740,ridge,65,B2,other,0,8.325771663149375,True,4008.5,3829.580599135822
heldout:65:741,ridge,65,B4,other,0,7.782843280670322,False,2505.5,2398.0864083317865
heldout:65:742,ridge,65,B6,other,0,8.000224005243517,False,3139.5,2980.625812056891
heldout:65:743,ridge,65,B8,other,0,8.526834997816048,True,4349.5,4682.659359580103
heldout:65:744,ridge,65,B4,other,0,8.346949734165907,True,3464.5,4216.297226402587
heldout:65:745,ridge,65,B8,other,0,8.142495671188446,False,3477.0,3188.105252061752
heldout:65:746,ridge,65,B6,other,0,7.964856251699264,False,3006.5,2877.0154383585223
heldout:65:747,ridge,65,B8,other,0,8.39174377436939,True,4349.5,4090.8144209511865
heldout:65:748,ridge,65,B6,other,0,7.5697288680693,False,1885.0,1797.5370583549088
heldout:65:749,ridge,65,B6,other,0,8.272104609706613,False,3056.0,3629.4235819970263
heldout:65:750,ridge,65,B2,other,0,8.270484737286303,False,4095.0,3905.8423253791434
heldout:65:751,ridge,65,B8,other,0,7.983527061166605,False,2745.5,2719.3805597241367
heldout:65:752,ridge,65,B4,other,0,8.129032851114818,False,3442.5,3390.5178757234416
heldout:65:753,ridge,65,B4,other,0,8.186848014774082,False,3464.5,3592.378102877497
heldout:65:754,ridge,65,B4,other,0,7.410657836752165,False,1734.0,1533.0365937379604
heldout:65:755,ridge,65,B4,other,0,8.120070946550815,False,3125.0,3117.3863345697255
heldout:65:756,ridge,65,B2,other,0,8.434999188784442,True,4823.5,4604.466234238034
heldout:65:757,ridge,65,B4,other,0,7.939748391088109,False,2821.0,2805.654240233211
heldout:65:758,ridge,65,B2,other,0,8.512595585129223,True,4768.5,4976.0647326300805
heldout:65:759,ridge,65,B4,other,0,8.18212264567942,False,3334.5,3317.0171704589566
heldout:65:760,ridge,65,B2,other,0,8.630023752173578,True,6768.5,5596.211197165133
heldout:65:761,ridge,65,B2,other,0,8.670640917090969,True,5720.5,5407.034067090361
heldout:65:762,ridge,65,B6,other,0,7.676415591167545,False,2075.5,2000.0265266000324
heldout:65:763,ridge,65,B6,other,0,7.577584801999676,False,1944.0,1811.7218912595715
heldout:65:764,ridge,65,B4,other,0,8.030376086291628,False,2941.5,2849.8602969503395
heldout:65:765,ridge,65,B2,other,0,8.143680692361707,False,2119.0,3191.886649384642
heldout:65:766,ridge,65,B8,other,0,8.116570747083506,False,2411.0,3106.49044040823
heldout:65:767,ridge,65,B8,other,0,7.667376804212247,False,1591.5,1982.0211700111313
heldout:65:768,ridge,65,B4,other,0,7.881530731062489,False,2724.5,2646.9227166146047
heldout:65:769,ridge,65,B8,other,0,8.34359324702971,True,3823.5,3898.459555606327
heldout:65:770,ridge,65,B6,other,0,7.297093994828264,False,1767.5,1475.0044127563372
heldout:65:771,ridge,65,B6,other,0,7.9589021431319535,False,2731.5,2653.2094838154153
heldout:65:772,ridge,65,B6,other,0,8.099603982521709,False,3286.5,3054.2111411444184
heldout:65:773,ridge,65,B6,other,0,8.030362704414236,False,2445.0,2849.8221473426406
heldout:65:774,ridge,65,B4,other,0,7.5968676120659335,False,2093.0,1847.0154490938103
heldout:65:775,ridge,65,B4,other,0,8.635651328565055,True,4817.0,5221.08135576957
heldout:65:776,ridge,65,B6,other,0,7.936666114972028,False,2527.5,2594.841745260209
heldout:65:777,ridge,65,B2,other,0,7.947221841982664,False,2638.5,2622.3878710047234
heldout:65:778,ridge,65,B2,other,0,8.43056123741028,True,4298.0,4584.072685296028
heldout:65:779,ridge,65,B2,other,0,8.125608066448168,False,3407.0,3378.922524430282
heldout:58:0,gradient_boosted_trees,58,B8,other,0,8.644093050036522,True,5401.25,5675.51660623866
heldout:58:1,gradient_boosted_trees,58,B2,other,0,8.793935586795264,True,6983.0,6593.132957241112
heldout:58:2,gradient_boosted_trees,58,B4,other,0,8.721383049912735,True,5722.0,6131.654993415028
heldout:58:3,gradient_boosted_trees,58,B6,other,0,8.745143312108535,True,6211.0,6279.113371642029
heldout:58:4,gradient_boosted_trees,58,B4,other,0,8.477509933503464,True,5109.75,4804.4690490280955
heldout:58:5,gradient_boosted_trees,58,B4,other,0,8.721594505742459,True,5756.875,6132.951916181186
heldout:58:6,gradient_boosted_trees,58,B2,inner_high_charge,1,9.271822754872087,True,11264.375,10633.117621280662
heldout:58:7,gradient_boosted_trees,58,B6,other,0,8.878833178127932,True,7078.75,7177.409921589949
heldout:58:8,gradient_boosted_trees,58,B8,other,0,8.84207699589108,True,6816.75,6918.349185779112
heldout:58:9,gradient_boosted_trees,58,B4,other,0,8.768612913053468,True,5900.25,6428.248350070561
heldout:58:10,gradient_boosted_trees,58,B2,other,0,9.0340062207827,True,8914.0,8382.378049506435
heldout:58:11,gradient_boosted_trees,58,B4,other,0,8.765781267496774,True,5631.5,6410.068748788122
heldout:58:12,gradient_boosted_trees,58,B2,other,0,8.772409958702806,True,6012.125,5986.384544052696
heldout:58:13,gradient_boosted_trees,58,B8,other,0,8.549235483165743,True,5864.0,5161.805866001008
heldout:58:14,gradient_boosted_trees,58,B6,other,0,8.351625676497825,True,4451.25,4236.06324138852
heldout:58:15,gradient_boosted_trees,58,B4,other,0,8.578075097917644,True,5958.75,5312.86700073555
heldout:58:16,gradient_boosted_trees,58,B4,other,0,8.811292902191687,True,6908.25,6708.588503254401
heldout:58:17,gradient_boosted_trees,58,B4,other,0,8.141001911914573,False,2807.25,3183.345052697227
heldout:58:18,gradient_boosted_trees,58,B4,other,0,8.723623311574107,True,5976.0,5701.291049490528
heldout:58:19,gradient_boosted_trees,58,B4,other,0,9.003644556662387,True,7741.0,8131.669957321668
heldout:58:20,gradient_boosted_trees,58,B4,inner_high_charge,1,8.858053900225308,True,9197.25,7029.78680943403
heldout:58:21,gradient_boosted_trees,58,B4,other,0,8.481702864472378,True,4621.75,4475.974956768081
heldout:58:22,gradient_boosted_trees,58,B4,other,0,9.001203885689966,True,8593.375,8111.844988782412
heldout:58:23,gradient_boosted_trees,58,B6,other,0,8.721864451264155,True,5716.375,5691.270331192956
heldout:58:24,gradient_boosted_trees,58,B4,other,0,8.466187057942452,True,4581.25,4407.047197192242
heldout:58:25,gradient_boosted_trees,58,B2,inner_high_charge,1,9.567567698480628,True,15232.0,13541.222800708081
heldout:58:26,gradient_boosted_trees,58,B4,other,0,8.450071412859078,True,4801.125,4674.406607743468
heldout:58:27,gradient_boosted_trees,58,B8,other,0,8.62475064222927,True,5633.0,5164.46621742935
heldout:58:28,gradient_boosted_trees,58,B4,other,0,8.551936931456424,True,4706.625,4801.71629416842
heldout:58:29,gradient_boosted_trees,58,B4,other,0,8.87414957758756,True,6252.0,7143.867727436935
heldout:58:30,gradient_boosted_trees,58,B8,other,0,8.18902433560854,False,3820.5,3339.9963023562577
heldout:58:31,gradient_boosted_trees,58,B2,other,0,9.06566226454184,True,8341.25,8026.771643782276
heldout:58:32,gradient_boosted_trees,58,B2,other,0,8.166329962567962,False,4466.25,3519.400225546072
heldout:58:33,gradient_boosted_trees,58,B8,other,0,8.12278527786418,False,3161.25,3125.862166148476
heldout:58:34,gradient_boosted_trees,58,B8,other,0,8.863237504705626,True,6304.5,6555.66589291862
heldout:58:35,gradient_boosted_trees,58,B8,other,0,8.553877496368395,True,5159.0,5185.827389974227
heldout:58:36,gradient_boosted_trees,58,B2,other,0,8.436057616856395,True,4481.25,4276.216030863986
heldout:58:37,gradient_boosted_trees,58,B6,other,0,8.312349913226038,False,3855.625,3778.510992668329
heldout:58:38,gradient_boosted_trees,58,B6,other,0,8.863762284304176,True,6072.5,6559.107600403682
heldout:58:39,gradient_boosted_trees,58,B2,inner_high_charge,1,9.1720319485802,True,9106.25,9623.160634809354
heldout:58:40,gradient_boosted_trees,58,B4,other,0,8.732053553133763,True,6154.0,6197.44388433821
heldout:58:41,gradient_boosted_trees,58,B2,inner_high_charge,1,9.245978353830715,True,10381.25,10361.80626186267
heldout:58:42,gradient_boosted_trees,58,B8,other,0,8.654923036982717,True,5433.75,5322.695781850101
heldout:58:43,gradient_boosted_trees,58,B6,other,0,8.809598356685333,True,5883.5,6213.237794024539
heldout:58:44,gradient_boosted_trees,58,B2,other,0,8.602341617180372,True,5434.625,5443.393361769374
heldout:58:45,gradient_boosted_trees,58,B6,other,0,8.345665363138954,True,3878.25,4210.884128989807
heldout:58:46,gradient_boosted_trees,58,B6,other,0,8.21354479285215,False,3654.0,3689.6017250229106
heldout:58:47,gradient_boosted_trees,58,B6,other,0,7.944558306320956,False,2624.375,2819.1865277050324
heldout:58:48,gradient_boosted_trees,58,B4,other,0,8.365592997622239,True,3878.0,3985.1972993249087
heldout:58:49,gradient_boosted_trees,58,B8,other,0,8.388028238528577,True,4453.125,4075.6393470396033
heldout:58:50,gradient_boosted_trees,58,B4,inner_high_charge,1,9.581959166894878,True,11485.0,12976.32868766431
heldout:58:51,gradient_boosted_trees,58,B4,other,0,8.889831741396609,True,6908.25,7256.797893814022
heldout:58:52,gradient_boosted_trees,58,B2,inner_high_charge,1,9.07445826107601,True,9168.75,8728.455371865068
heldout:58:53,gradient_boosted_trees,58,B8,other,0,8.729847385606899,True,5625.75,5736.893211452076
heldout:58:54,gradient_boosted_trees,58,B2,other,0,8.352801086761234,True,3896.0,4241.046457096877
heldout:58:55,gradient_boosted_trees,58,B2,other,0,8.770793926804291,True,5434.625,6442.285931644223
heldout:58:56,gradient_boosted_trees,58,B4,other,0,8.726624185843662,True,5189.25,5718.428608948399
heldout:58:57,gradient_boosted_trees,58,B4,other,0,8.253528727564985,False,3775.625,3562.6077640896956
heldout:58:58,gradient_boosted_trees,58,B4,other,0,8.608097834397357,True,4275.625,5474.822843253565
heldout:58:59,gradient_boosted_trees,58,B2,other,0,9.03354427052275,True,8139.75,8378.506240197716
heldout:58:60,gradient_boosted_trees,58,B8,other,0,8.657129608648779,True,5110.625,5334.45586808599
heldout:58:61,gradient_boosted_trees,58,B6,other,0,8.43570813640835,True,4693.0,4607.732426224506
heldout:58:62,gradient_boosted_trees,58,B8,other,0,8.196957181812191,False,3532.0,3366.6053152512213
heldout:58:63,gradient_boosted_trees,58,B8,other,0,8.217377742214216,False,3810.0,3703.774759460205
heldout:58:64,gradient_boosted_trees,58,B8,other,0,8.84836009876658,True,7307.125,6961.9610339357805
heldout:58:65,gradient_boosted_trees,58,B4,other,0,8.707689744300284,True,6074.0,6048.251015681756
heldout:58:66,gradient_boosted_trees,58,B4,other,0,9.023440378118813,True,6465.0,8294.266900018752
heldout:58:67,gradient_boosted_trees,58,B8,other,0,8.304917141277828,False,3828.125,4042.707067849875
heldout:58:68,gradient_boosted_trees,58,B4,other,0,8.125882339667854,False,4422.0,3135.5612631273552
heldout:58:69,gradient_boosted_trees,58,B2,inner_high_charge,1,9.477355092881584,True,12156.0,12826.60916332923
heldout:58:70,gradient_boosted_trees,58,B8,other,0,9.20858485740173,True,9089.0,9260.162478552844
heldout:58:71,gradient_boosted_trees,58,B6,other,0,8.38824002045423,True,5275.0,4394.075640073011
heldout:58:72,gradient_boosted_trees,58,B6,other,0,8.512107649328279,True,4943.75,4614.186922321347
heldout:58:73,gradient_boosted_trees,58,B4,other,0,8.519403602311517,True,4706.625,4647.9822437406265
heldout:58:74,gradient_boosted_trees,58,B4,other,0,8.770507056201085,True,5497.5,5975.0019684256
heldout:58:75,gradient_boosted_trees,58,B4,other,0,8.915420863571093,True,7144.5,7444.915184127822
heldout:58:76,gradient_boosted_trees,58,B6,other,0,8.625199088141732,True,5065.0,5166.783169115453
heldout:58:77,gradient_boosted_trees,58,B6,other,0,9.017417382487322,True,7613.0,8244.454703622685
heldout:58:78,gradient_boosted_trees,58,B2,other,0,8.312600694390712,False,3183.0,3779.4589416958825
heldout:58:79,gradient_boosted_trees,58,B6,other,0,8.03754970866462,False,2532.5,2870.384821736526
heldout:58:80,gradient_boosted_trees,58,B4,other,0,8.527991287075263,True,4939.5,5053.283027513052
heldout:58:81,gradient_boosted_trees,58,B4,other,0,8.150579627098852,False,2943.5,3213.990324237793
heldout:58:82,gradient_boosted_trees,58,B6,other,0,7.865746001395724,False,2420.5,2417.1208310132947
heldout:58:83,gradient_boosted_trees,58,B6,other,0,7.770121480570174,False,1682.5,2196.6007599062796
heldout:58:84,gradient_boosted_trees,58,B2,other,0,8.104215929807136,False,1632.0,3068.3341561404573
heldout:58:85,gradient_boosted_trees,58,B8,other,0,8.244201871642419,False,3112.5,3804.496970575745
heldout:58:86,gradient_boosted_trees,58,B6,other,0,8.340440543834992,True,4045.0,4188.935185051121
heldout:58:87,gradient_boosted_trees,58,B6,other,0,8.158281196010034,False,2949.5,3238.846386246315
heldout:58:88,gradient_boosted_trees,58,B2,other,0,8.530101989537185,True,4707.0,4697.985858072381
heldout:58:89,gradient_boosted_trees,58,B4,other,0,7.9511959803718035,False,2218.5,2632.8343215234345
heldout:58:90,gradient_boosted_trees,58,B6,other,0,7.715413681993706,False,2099.5,2241.650450022886
heldout:58:91,gradient_boosted_trees,58,B2,other,0,8.724530630664386,True,4900.5,5706.467194870715
heldout:58:92,gradient_boosted_trees,58,B2,other,0,8.263283130227348,False,3253.0,3877.80784991158
heldout:58:93,gradient_boosted_trees,58,B6,other,0,8.193032475623113,False,3356.5,3353.414356079671
heldout:58:94,gradient_boosted_trees,58,B8,other,0,7.890318801752939,False,2362.5,2477.2769061096205
heldout:58:95,gradient_boosted_trees,58,B2,other,0,8.33136957160989,True,3183.0,4151.100258575273
heldout:58:96,gradient_boosted_trees,58,B2,inner_high_charge,1,9.186063454590219,True,9432.5,9759.153967001293
heldout:58:97,gradient_boosted_trees,58,B6,other,0,8.087767399109598,False,2532.5,3018.261062413726
heldout:58:98,gradient_boosted_trees,58,B8,other,0,8.196951950102392,False,3688.0,3628.869405271115
heldout:58:99,gradient_boosted_trees,58,B6,other,0,7.9395704807201435,False,2646.5,2602.3919781241343
heldout:58:100,gradient_boosted_trees,58,B8,other,0,7.821269737549501,False,2547.0,2311.9284723166675
heldout:58:101,gradient_boosted_trees,58,B4,other,0,8.592348692543373,True,4763.0,4999.777566090318
heldout:58:102,gradient_boosted_trees,58,B2,other,0,9.015264846637363,True,8305.0,8226.725155363725
heldout:58:103,gradient_boosted_trees,58,B4,other,0,8.433338703113629,True,4129.0,4264.6024447407835
heldout:58:104,gradient_boosted_trees,58,B6,other,0,8.671550739755137,True,5436.5,5411.956658056044
heldout:58:105,gradient_boosted_trees,58,B2,other,0,8.088782353060495,False,2977.5,3256.7184033515587
heldout:58:106,gradient_boosted_trees,58,B8,other,0,8.225496364890851,False,3265.0,3733.9748535395456
heldout:58:107,gradient_boosted_trees,58,B4,other,0,8.37152418967094,True,3459.5,4008.9104551748014
heldout:58:108,gradient_boosted_trees,58,B4,other,0,8.815330417235717,True,6074.5,6248.9604657829805
heldout:58:109,gradient_boosted_trees,58,B4,other,0,8.540969471094904,True,3843.0,5119.305944814592
heldout:58:110,gradient_boosted_trees,58,B2,inner_high_charge,1,9.30108023242437,True,9201.0,10157.643845243365
heldout:58:111,gradient_boosted_trees,58,B8,other,0,8.042979507469537,False,3048.0,2886.018268435461
heldout:58:112,gradient_boosted_trees,58,B8,other,0,7.777370934401564,False,2094.0,2212.5900519464494
heldout:58:113,gradient_boosted_trees,58,B2,other,0,9.049271366971269,True,7505.0,7896.261769938204
heldout:58:114,gradient_boosted_trees,58,B8,other,0,8.29872669405294,False,3562.5,3727.3710224879715
heldout:58:115,gradient_boosted_trees,58,B2,other,0,8.427999593938509,True,5365.0,4572.342394609945
heldout:58:116,gradient_boosted_trees,58,B2,other,0,8.369625379691767,True,3105.5,4001.3036214383555
heldout:58:117,gradient_boosted_trees,58,B2,other,0,7.996609758020105,False,1632.0,2755.2042985151566
heldout:58:118,gradient_boosted_trees,58,B8,other,0,8.314089208803157,False,3699.0,4079.9668354693486
heldout:58:119,gradient_boosted_trees,58,B6,other,0,7.348194304110856,False,1682.5,1440.1465688419255
heldout:58:120,gradient_boosted_trees,58,B6,other,0,8.40060860656347,True,4045.0,4127.248923436648
heldout:58:121,gradient_boosted_trees,58,B6,other,0,8.175345747603945,False,3266.5,3551.2829049487914
heldout:58:122,gradient_boosted_trees,58,B2,other,0,8.93707721560542,True,6600.5,7058.130862436998
heldout:58:123,gradient_boosted_trees,58,B6,other,0,8.315049332458559,False,3297.5,3788.727260122175
heldout:58:124,gradient_boosted_trees,58,B6,other,0,7.927664963744293,False,2346.5,2571.5810248288103
heldout:58:125,gradient_boosted_trees,58,B4,other,0,8.155294826325669,False,3178.5,3480.7656901673267
heldout:58:126,gradient_boosted_trees,58,B2,other,0,7.948805072628264,False,1632.0,2626.544588730563
heldout:58:127,gradient_boosted_trees,58,B2,other,0,8.710382205328399,True,7616.0,6064.560334540815
heldout:58:128,gradient_boosted_trees,58,B6,other,0,7.6058917419798036,False,1682.5,1863.7676539413292
heldout:58:129,gradient_boosted_trees,58,B8,other,0,7.967707487513791,False,3381.5,2676.683910917184
heldout:58:130,gradient_boosted_trees,58,B2,other,0,9.143533028957714,True,8253.5,8676.8842588096
heldout:58:131,gradient_boosted_trees,58,B6,other,0,8.141523236050082,False,3561.0,3433.1448992881574
heldout:58:132,gradient_boosted_trees,58,B4,other,0,8.296179098480918,False,3519.5,3717.8847297296356
heldout:58:133,gradient_boosted_trees,58,B2,other,0,8.288715003910719,False,2832.5,3690.2299597140113
heldout:58:134,gradient_boosted_trees,58,B6,other,0,7.6532530463783095,False,1878.0,2106.4902138513153
heldout:58:135,gradient_boosted_trees,58,B2,other,0,8.711274899116713,True,5365.0,5631.309775721353
heldout:58:136,gradient_boosted_trees,58,B8,other,0,8.181244691999595,False,3185.5,3314.1053834685117
heldout:58:137,gradient_boosted_trees,58,B6,other,0,8.254730335484313,False,3356.5,3566.8923971093514
heldout:58:138,gradient_boosted_trees,58,B2,other,0,8.0399020291608,False,3105.5,2877.1471896151484
heldout:58:139,gradient_boosted_trees,58,B8,other,0,8.556861962114564,True,5431.0,5201.3304212766625
heldout:58:140,gradient_boosted_trees,58,B8,other,0,8.348917723893745,True,4086.0,4224.604996144819
heldout:58:141,gradient_boosted_trees,58,B8,other,0,8.084793783262736,False,2753.0,3243.7506447152327
heldout:58:142,gradient_boosted_trees,58,B2,other,0,8.273430276719191,False,3491.5,3634.239506232023
heldout:58:143,gradient_boosted_trees,58,B6,other,0,8.234303755088849,False,3470.0,3494.7518568306436
heldout:58:144,gradient_boosted_trees,58,B8,other,0,8.436320745996039,True,4856.5,4277.341639121925
heldout:58:145,gradient_boosted_trees,58,B4,other,0,8.449421613021018,True,3176.5,4333.760384323227
heldout:58:146,gradient_boosted_trees,58,B6,other,0,7.755203835476189,False,2115.5,2332.6849840781815
heldout:58:147,gradient_boosted_trees,58,B6,other,0,8.16670121470891,False,3223.0,3520.7074243019506
heldout:58:148,gradient_boosted_trees,58,B4,other,0,8.17083173513996,False,3933.5,3279.76443980529
heldout:58:149,gradient_boosted_trees,58,B6,other,0,8.262779775282029,False,3042.5,3595.7278310137276
heldout:58:150,gradient_boosted_trees,58,B6,other,0,7.68792090561239,False,1918.0,2180.8336053214475
heldout:58:151,gradient_boosted_trees,58,B4,other,0,8.437849032734622,True,5098.0,4617.609814003493
heldout:58:152,gradient_boosted_trees,58,B8,other,0,8.056191388045262,False,3185.5,2924.4142923465497
heldout:58:153,gradient_boosted_trees,58,B4,other,0,8.06221299243692,False,2453.5,2942.0831238646283
heldout:58:154,gradient_boosted_trees,58,B6,other,0,7.812896201623756,False,1682.5,2292.641943571933
heldout:58:155,gradient_boosted_trees,58,B6,other,0,8.189513403123602,False,3328.0,3341.6306747423255
heldout:60:156,gradient_boosted_trees,60,B4,other,0,8.834747049522596,True,6466.25,6371.4994473279185
heldout:60:157,gradient_boosted_trees,60,B4,other,0,8.20994961835584,False,3440.0,3676.357190297572
heldout:60:158,gradient_boosted_trees,60,B4,other,0,8.504543378745367,True,4471.0,4936.149299539309
heldout:60:159,gradient_boosted_trees,60,B2,other,0,8.443170344390971,True,4783.75,4642.252383490048
heldout:60:160,gradient_boosted_trees,60,B4,other,0,8.721406188003474,True,5644.0,6131.796892984381
heldout:60:161,gradient_boosted_trees,60,B2,other,0,8.072330658011415,False,2818.75,3203.5618700938953
heldout:60:162,gradient_boosted_trees,60,B2,inner_high_charge,1,9.145723991811465,True,10494.0,9373.270100035528
heldout:60:163,gradient_boosted_trees,60,B4,other,0,8.407998927421499,True,4883.75,4481.7811599233155
heldout:60:164,gradient_boosted_trees,60,B2,other,0,8.846641929996073,True,7372.0,6447.752176048597
heldout:60:165,gradient_boosted_trees,60,B8,other,0,9.269865185565704,True,9265.5,9845.439389991338
heldout:60:166,gradient_boosted_trees,60,B2,other,0,8.274154555786833,False,3692.0,3636.8733878297617
heldout:60:167,gradient_boosted_trees,60,B6,other,0,8.058885829837385,False,2975.0,3160.7654264602843
heldout:60:168,gradient_boosted_trees,60,B6,other,0,8.86833043468637,True,6540.625,6589.1437109478675
heldout:60:169,gradient_boosted_trees,60,B8,other,0,8.578259067223433,True,5614.0,5313.844679087374
heldout:60:170,gradient_boosted_trees,60,B6,other,0,8.306099692743112,False,3371.25,3754.9618858639687
heldout:60:171,gradient_boosted_trees,60,B8,other,0,8.944332802868324,True,6702.0,7109.535261452089
heldout:60:172,gradient_boosted_trees,60,B4,other,0,8.663071048566508,True,6137.0,5784.274267211866
heldout:60:173,gradient_boosted_trees,60,B6,other,0,8.871113234105774,True,7209.0,7122.206357206701
heldout:60:174,gradient_boosted_trees,60,B6,other,0,8.982140286350901,True,6992.25,7958.649827501818
heldout:60:175,gradient_boosted_trees,60,B2,other,0,8.443165550705434,True,5011.5,4642.2301252515945
heldout:60:176,gradient_boosted_trees,60,B2,other,0,8.744516747800976,True,6697.25,6275.1797092308525
heldout:60:177,gradient_boosted_trees,60,B8,other,0,8.768046851439644,True,7123.0,6424.610029227873
heldout:60:178,gradient_boosted_trees,60,B4,other,0,8.988793589859284,True,7308.0,7432.808495208201
heldout:60:179,gradient_boosted_trees,60,B4,other,0,8.021925672429019,False,3328.125,3046.0392865750355
heldout:60:180,gradient_boosted_trees,60,B4,other,0,8.255070268050769,False,3002.0,3568.1054460944843
heldout:60:181,gradient_boosted_trees,60,B6,other,0,9.116377738774457,True,8843.0,9102.167772286271
heldout:60:182,gradient_boosted_trees,60,B2,other,0,8.46474606416382,True,4997.25,4743.522454585549
heldout:60:183,gradient_boosted_trees,60,B6,other,0,8.797616907325354,True,5151.75,6139.226485347848
heldout:60:184,gradient_boosted_trees,60,B6,other,0,8.48827214379608,True,4624.5,4505.482270560844
heldout:60:185,gradient_boosted_trees,60,B8,other,0,8.974566725689114,True,7720.0,7327.79747147733
heldout:60:186,gradient_boosted_trees,60,B4,other,0,9.072804457899897,True,7390.0,8084.312781460136
heldout:60:187,gradient_boosted_trees,60,B6,other,0,8.30541829897888,False,3705.625,3752.403468600024
heldout:60:188,gradient_boosted_trees,60,B4,other,0,8.747522082488835,True,5331.0,5839.210282718497
heldout:60:189,gradient_boosted_trees,60,B8,other,0,8.890379377910609,True,7527.0,7260.773617478266
heldout:60:190,gradient_boosted_trees,60,B6,other,0,8.19684562848268,False,2954.25,3628.483492192425
heldout:60:191,gradient_boosted_trees,60,B6,other,0,8.673812560439346,True,5379.5,5424.213651723466
heldout:60:192,gradient_boosted_trees,60,B8,other,0,8.768803191180876,True,5568.75,5964.828337419202
heldout:60:193,gradient_boosted_trees,60,B4,other,0,9.172906578951293,True,8648.5,9631.58190020724
heldout:60:194,gradient_boosted_trees,60,B6,other,0,8.209442646935168,False,3495.625,3408.9150124615253
heldout:60:195,gradient_boosted_trees,60,B4,other,0,8.622219247641713,True,2440.5,5552.697758294278
heldout:60:196,gradient_boosted_trees,60,B2,other,0,8.92703242236867,True,6074.0,7531.877774623821
heldout:60:197,gradient_boosted_trees,60,B4,other,0,8.589932898602052,True,4928.125,5376.252842122093
heldout:60:198,gradient_boosted_trees,60,B8,other,0,8.512692153928072,True,4720.0,4616.885308839192
heldout:60:199,gradient_boosted_trees,60,B2,inner_high_charge,1,9.314992214012527,True,10559.375,10299.958354468305
heldout:60:200,gradient_boosted_trees,60,B8,other,0,8.95734293630386,True,7167.0,7202.648669544997
heldout:60:201,gradient_boosted_trees,60,B6,other,0,9.188775295765073,True,8347.0,9078.508096785941
heldout:60:202,gradient_boosted_trees,60,B2,other,0,8.350083022636545,True,3679.375,4229.531958468358
heldout:60:203,gradient_boosted_trees,60,B8,other,0,8.93224046118874,True,6755.0,7024.0700184311745
heldout:60:204,gradient_boosted_trees,60,B6,other,0,8.759387643311234,True,5466.75,5908.920410040473
heldout:60:205,gradient_boosted_trees,60,B6,other,0,8.419993310039303,True,3801.25,4208.054470152549
heldout:60:206,gradient_boosted_trees,60,B4,other,0,7.9935231169022005,False,3136.0,2960.7130614837683
heldout:60:207,gradient_boosted_trees,60,B2,other,0,8.490074222674687,True,5676.75,4865.2272442517515
heldout:60:208,gradient_boosted_trees,60,B6,other,0,8.628217659281004,True,5424.0,5586.111237282061
heldout:60:209,gradient_boosted_trees,60,B8,other,0,8.206409386503452,False,3705.625,3663.36151067251
heldout:60:210,gradient_boosted_trees,60,B2,other,0,8.457491586355298,True,4905.75,4709.22796643084
heldout:60:211,gradient_boosted_trees,60,B6,other,0,8.271038038269248,False,4348.0,3908.0045832125143
heldout:60:212,gradient_boosted_trees,60,B2,other,0,8.467031503959893,True,3977.75,4410.771127200239
heldout:60:213,gradient_boosted_trees,60,B4,other,0,7.994422615632789,False,2744.0,2749.1826747404875
heldout:60:214,gradient_boosted_trees,60,B8,other,0,8.897424860323447,True,6564.25,6783.696636231683
heldout:60:215,gradient_boosted_trees,60,B8,other,0,8.489572934791454,True,4743.75,4511.348076385795
heldout:60:216,gradient_boosted_trees,60,B8,other,0,9.212796354586931,True,9359.0,10023.590010065773
heldout:60:217,gradient_boosted_trees,60,B8,other,0,8.7508618909236,True,5385.625,5858.748074361288
heldout:60:218,gradient_boosted_trees,60,B4,inner_high_charge,1,9.247626450191762,True,9153.0,10378.899246727111
heldout:60:219,gradient_boosted_trees,60,B4,other,0,8.288352888961743,False,3609.0,3976.27777831029
heldout:60:220,gradient_boosted_trees,60,B4,other,0,8.907536345752781,True,7308.0,6852.648010341723
heldout:60:221,gradient_boosted_trees,60,B4,inner_high_charge,1,9.068574257084094,True,9573.375,8050.1825245518785
heldout:60:222,gradient_boosted_trees,60,B8,other,0,8.624627457400393,True,5075.625,5163.829949547375
heldout:60:223,gradient_boosted_trees,60,B8,other,0,8.465528443565725,True,5385.625,4747.235923707344
heldout:60:224,gradient_boosted_trees,60,B2,other,0,8.631479741783567,True,5707.625,5604.366614173604
heldout:60:225,gradient_boosted_trees,60,B6,other,0,8.406517541771114,True,4673.375,4475.14534855059
heldout:60:226,gradient_boosted_trees,60,B4,other,0,8.911181081859834,True,6864.75,6877.673326343216
heldout:60:227,gradient_boosted_trees,60,B6,other,0,8.692265148972425,True,5889.625,5955.659694315341
heldout:60:228,gradient_boosted_trees,60,B6,other,0,9.037700152317084,True,8843.0,7805.407519561457
heldout:60:229,gradient_boosted_trees,60,B8,other,0,8.781677637066757,True,6159.0,6042.131622234923
heldout:60:230,gradient_boosted_trees,60,B2,other,0,9.095568307632037,True,8937.25,8914.693411905226
heldout:60:231,gradient_boosted_trees,60,B6,other,0,8.540344295533423,True,4698.0,4746.361625907669
heldout:60:232,gradient_boosted_trees,60,B6,other,0,8.44597026688274,True,4525.0,4655.271347813805
heldout:60:233,gradient_boosted_trees,60,B4,inner_high_charge,1,9.266336267932871,True,10657.0,10574.93343318817
heldout:60:234,gradient_boosted_trees,60,B6,other,0,8.182907038811846,False,3176.0,3319.620821350173
heldout:60:235,gradient_boosted_trees,60,B8,other,0,8.24432242342969,False,3293.5,3529.9506634517834
heldout:60:236,gradient_boosted_trees,60,B6,other,0,8.062769130490338,False,3193.5,2943.7203396009636
heldout:60:237,gradient_boosted_trees,60,B4,other,0,7.572101326056324,False,2433.5,1801.809077553221
heldout:60:238,gradient_boosted_trees,60,B2,other,0,8.177524314653253,False,2246.5,3559.030227401874
heldout:60:239,gradient_boosted_trees,60,B8,other,0,8.201547974879887,False,3077.5,3382.1008355362733
heldout:60:240,gradient_boosted_trees,60,B4,other,0,8.486102929294981,True,4637.5,4495.717338815437
heldout:60:241,gradient_boosted_trees,60,B2,other,0,8.020766883433671,False,2932.0,3042.5104559612723
heldout:60:242,gradient_boosted_trees,60,B8,other,0,8.511949670497467,True,3903.0,4613.457878075677
heldout:60:243,gradient_boosted_trees,60,B4,other,0,7.895388991693871,False,2743.0,2683.8737670236414
heldout:60:244,gradient_boosted_trees,60,B4,other,0,8.038014190965601,False,2338.5,2871.7188389552366
heldout:60:245,gradient_boosted_trees,60,B4,other,0,8.041136638159387,False,2546.0,3105.1417438382186
heldout:60:246,gradient_boosted_trees,60,B2,other,0,8.203565586516651,False,2899.0,3388.933509673977
heldout:60:247,gradient_boosted_trees,60,B6,other,0,8.221722772087976,False,3836.0,3719.9071389203114
heldout:60:248,gradient_boosted_trees,60,B8,other,0,8.653883403516213,True,3763.5,5317.163965578717
heldout:60:249,gradient_boosted_trees,60,B6,other,0,8.243693810475982,False,3616.0,3802.564036411969
heldout:60:250,gradient_boosted_trees,60,B2,other,0,8.288529583144827,False,3553.5,3976.9806022488538
heldout:60:251,gradient_boosted_trees,60,B4,other,0,8.502110453717155,True,4412.5,4568.277859179616
heldout:60:252,gradient_boosted_trees,60,B8,other,0,8.133218668002186,False,2964.5,3158.6567207381086
heldout:60:253,gradient_boosted_trees,60,B4,other,0,7.756798720206989,False,1525.0,2167.5168209713447
heldout:60:254,gradient_boosted_trees,60,B8,other,0,8.229224646323983,False,3195.0,3477.04156725152
heldout:60:255,gradient_boosted_trees,60,B8,other,0,8.253379606845511,False,3763.5,3839.5835755920752
heldout:60:256,gradient_boosted_trees,60,B4,other,0,8.101411433461367,False,1568.0,3298.121280835222
heldout:60:257,gradient_boosted_trees,60,B4,other,0,8.420958417357625,True,4576.5,4212.118620279967
heldout:60:258,gradient_boosted_trees,60,B6,other,0,8.137528284387326,False,3039.5,3172.3030131350647
heldout:60:259,gradient_boosted_trees,60,B8,other,0,8.352939442909234,True,3763.5,3935.075511849525
heldout:60:260,gradient_boosted_trees,60,B6,other,0,8.260902119647836,False,3037.0,3588.9807510657974
heldout:60:261,gradient_boosted_trees,60,B8,other,0,7.767697167354423,False,2284.0,2191.2795400990417
heldout:60:262,gradient_boosted_trees,60,B8,other,0,8.493815148640055,True,4564.0,4883.46553287721
heldout:60:263,gradient_boosted_trees,60,B6,other,0,7.526941205982877,False,1629.0,1722.204996564797
heldout:60:264,gradient_boosted_trees,60,B8,other,0,8.660047489201505,True,5649.0,5766.808564622261
heldout:60:265,gradient_boosted_trees,60,B6,other,0,8.024760273637911,False,3039.5,2833.895269879136
heldout:60:266,gradient_boosted_trees,60,B6,other,0,7.8150559585112545,False,1969.5,2297.601005813783
heldout:60:267,gradient_boosted_trees,60,B2,other,0,8.330033128502324,True,4053.0,4145.554919143469
heldout:60:268,gradient_boosted_trees,60,B6,other,0,7.734814716450658,False,1688.5,2285.58499845043
heldout:60:269,gradient_boosted_trees,60,B2,other,0,8.59962942314163,True,4463.5,5036.319745791761
heldout:60:270,gradient_boosted_trees,60,B8,other,0,8.421575215509716,True,3344.0,4214.718065643634
heldout:60:271,gradient_boosted_trees,60,B8,other,0,7.932659571578201,False,1716.5,2584.462199599072
heldout:60:272,gradient_boosted_trees,60,B2,other,0,7.954150303632218,False,1718.5,2640.62702493816
heldout:60:273,gradient_boosted_trees,60,B4,other,0,8.310716223217979,False,3426.5,3772.341484228577
heldout:60:274,gradient_boosted_trees,60,B6,other,0,7.9443111579018,False,2371.0,2818.489609187688
heldout:60:275,gradient_boosted_trees,60,B4,other,0,8.803995281332348,True,4088.5,6659.802696902757
heldout:60:276,gradient_boosted_trees,60,B2,other,0,8.455082906095603,True,4680.0,4697.8961861058915
heldout:60:277,gradient_boosted_trees,60,B6,other,0,7.959110898604899,False,3017.5,2653.7636224092253
heldout:60:278,gradient_boosted_trees,60,B6,other,0,8.085370975973564,False,3107.5,3245.624031736475
heldout:60:279,gradient_boosted_trees,60,B6,other,0,8.290643049527354,False,3616.0,3697.3536846843967
heldout:60:280,gradient_boosted_trees,60,B2,other,0,8.58031159768113,True,4163.5,5324.764762737525
heldout:60:281,gradient_boosted_trees,60,B2,other,0,8.03925366425863,False,1718.5,2875.281704816911
heldout:60:282,gradient_boosted_trees,60,B2,other,0,8.000197536369166,False,1976.5,2765.110708999086
heldout:60:283,gradient_boosted_trees,60,B8,other,0,8.785514536064781,True,7091.5,6065.363047717101
heldout:60:284,gradient_boosted_trees,60,B2,other,0,8.072322075196812,False,4463.5,3203.5343660515073
heldout:60:285,gradient_boosted_trees,60,B6,other,0,8.36375543345537,True,3604.5,3977.8791318659896
heldout:60:286,gradient_boosted_trees,60,B4,other,0,8.329534751406149,True,3942.5,4143.488886018299
heldout:60:287,gradient_boosted_trees,60,B6,other,0,8.354503356727463,True,3585.0,3941.23601072113
heldout:60:288,gradient_boosted_trees,60,B6,other,0,8.07092450833145,False,2772.0,3199.058943082474
heldout:60:289,gradient_boosted_trees,60,B2,other,0,8.757826312200033,True,3521.0,6359.27129709306
heldout:60:290,gradient_boosted_trees,60,B8,other,0,8.279082362802706,False,3583.5,3654.8443682286293
heldout:60:291,gradient_boosted_trees,60,B6,other,0,8.19911149740717,False,3027.0,3373.868020169935
heldout:60:292,gradient_boosted_trees,60,B4,other,0,8.002068536760833,False,2697.0,2986.1305901476735
heldout:60:293,gradient_boosted_trees,60,B8,other,0,8.007189888649563,False,2076.0,2784.5201091226927
heldout:60:294,gradient_boosted_trees,60,B8,other,0,8.081961362321264,False,2781.5,3234.573148441231
heldout:60:295,gradient_boosted_trees,60,B6,other,0,7.961880382137709,False,2631.0,2868.463570750215
heldout:60:296,gradient_boosted_trees,60,B6,other,0,8.453848210101075,True,3833.5,4352.991154015845
heldout:60:297,gradient_boosted_trees,60,B4,other,0,8.136311869650774,False,3187.0,3168.445307347105
heldout:60:298,gradient_boosted_trees,60,B8,other,0,8.21541220898296,False,2969.0,3429.331590089757
heldout:60:299,gradient_boosted_trees,60,B6,other,0,8.142970348477077,False,3178.5,3438.11809056359
heldout:60:300,gradient_boosted_trees,60,B6,other,0,8.069350584260153,False,3039.5,3194.0262548558876
heldout:60:301,gradient_boosted_trees,60,B4,other,0,7.912116463843164,False,2235.5,2531.8906118225354
heldout:60:302,gradient_boosted_trees,60,B8,other,0,8.957415497607029,True,7091.5,7764.262166543838
heldout:60:303,gradient_boosted_trees,60,B8,other,0,8.316850104919821,False,3979.0,4091.249528963053
heldout:60:304,gradient_boosted_trees,60,B2,other,0,8.311806894294126,False,3240.5,3776.459203776468
heldout:60:305,gradient_boosted_trees,60,B8,other,0,8.194174366077476,False,3142.0,3357.24691757911
heldout:60:306,gradient_boosted_trees,60,B4,other,0,8.104451416556417,False,2338.5,3069.0570287734654
heldout:60:307,gradient_boosted_trees,60,B4,other,0,8.209940090025267,False,3130.0,3410.611673083369
heldout:60:308,gradient_boosted_trees,60,B2,other,0,8.127240393327744,False,3859.5,3384.444168155497
heldout:60:309,gradient_boosted_trees,60,B2,other,0,8.730710727953195,True,5791.0,6189.126043762747
heldout:60:310,gradient_boosted_trees,60,B6,other,0,8.177690639050446,False,3310.5,3302.3442356545634
heldout:60:311,gradient_boosted_trees,60,B2,other,0,8.144583097804523,False,3173.5,3443.669000861435
heldout:62:312,gradient_boosted_trees,62,B6,other,0,8.795441492568791,True,5520.0,6125.883464607164
heldout:62:313,gradient_boosted_trees,62,B4,other,0,8.58691826784859,True,5262.75,4972.69482205801
heldout:62:314,gradient_boosted_trees,62,B6,other,0,8.393045112729366,True,4421.875,4415.2452042024615
heldout:62:315,gradient_boosted_trees,62,B8,other,0,8.609238131159286,True,5300.0,5084.9551680089435
heldout:62:316,gradient_boosted_trees,62,B8,other,0,8.412206550096972,True,4293.75,4500.682749072272
heldout:62:317,gradient_boosted_trees,62,B8,other,0,8.601435078080948,True,5445.0,5045.423623829333
heldout:62:318,gradient_boosted_trees,62,B6,other,0,8.49539835597336,True,4380.625,4537.711117806457
heldout:62:319,gradient_boosted_trees,62,B8,other,0,8.428757321539944,True,4465.0,4575.809055599651
heldout:62:320,gradient_boosted_trees,62,B8,other,0,8.788542811856027,True,6042.0,6083.761511826955
heldout:62:321,gradient_boosted_trees,62,B4,other,0,8.217865050408527,False,3410.25,3705.5805665151174
heldout:62:322,gradient_boosted_trees,62,B8,other,0,8.919077248277372,True,6688.0,6932.203481924755
heldout:62:323,gradient_boosted_trees,62,B8,other,0,8.330782772347382,True,4197.5,4148.6645239192185
heldout:62:324,gradient_boosted_trees,62,B2,other,0,8.16003141636169,False,2794.75,3244.5217964882413
heldout:62:325,gradient_boosted_trees,62,B8,other,0,8.294285310116981,False,3300.0,3710.8486136619003
heldout:62:326,gradient_boosted_trees,62,B8,other,0,8.76950530868764,True,6351.0,5969.018520765653
heldout:62:327,gradient_boosted_trees,62,B2,other,0,9.090704464591072,True,8538.0,8871.43416691905
heldout:62:328,gradient_boosted_trees,62,B4,other,0,8.331333176796683,True,4443.75,4150.949146411811
heldout:62:329,gradient_boosted_trees,62,B2,other,0,8.76086094353034,True,5743.5,5917.633914303213
heldout:62:330,gradient_boosted_trees,62,B8,other,0,7.994084200509277,False,2659.5,2962.375296414207
heldout:62:331,gradient_boosted_trees,62,B4,other,0,7.915607332558357,False,2898.75,2738.7099402570243
heldout:62:332,gradient_boosted_trees,62,B4,other,0,8.637840745129925,True,5579.0,5640.136013990441
heldout:62:333,gradient_boosted_trees,62,B6,other,0,8.5095967733671,True,5530.875,4961.161809068601
heldout:62:334,gradient_boosted_trees,62,B4,other,0,8.370467191332043,True,3370.0,4316.652761513583
heldout:62:335,gradient_boosted_trees,62,B4,other,0,8.911228261663902,True,6820.5,6877.997868458866
heldout:62:336,gradient_boosted_trees,62,B6,other,0,8.33816545144233,True,3883.25,3877.3514233728783
heldout:62:337,gradient_boosted_trees,62,B4,other,0,9.15065847261117,True,8773.0,9419.641571330849
heldout:62:338,gradient_boosted_trees,62,B2,other,0,8.839979920814123,True,6495.0,6404.933318019055
heldout:62:339,gradient_boosted_trees,62,B6,other,0,7.878621059470855,False,2545.0,2448.45556253484
heldout:62:340,gradient_boosted_trees,62,B8,other,0,9.132747587690883,True,9399.0,9252.411632949224
heldout:62:341,gradient_boosted_trees,62,B2,other,0,8.748872216262562,True,5822.5,5847.100673209617
heldout:62:342,gradient_boosted_trees,62,B4,other,0,8.356595110187202,True,4295.0,3949.4908270460987
heldout:62:343,gradient_boosted_trees,62,B4,other,0,8.620232868687763,True,5245.5,5141.182445828692
heldout:62:344,gradient_boosted_trees,62,B2,inner_high_charge,1,9.64947456095209,True,14244.125,13635.08083027899
heldout:62:345,gradient_boosted_trees,62,B2,other,0,8.498477280349423,True,5580.75,4906.290720193129
heldout:62:346,gradient_boosted_trees,62,B4,other,0,8.151667210621987,False,3038.125,3468.1580639105714
heldout:62:347,gradient_boosted_trees,62,B6,other,0,8.330449358837173,True,4301.0,3847.5408630619304
heldout:62:348,gradient_boosted_trees,62,B2,other,0,8.338307444258687,True,3939.375,4180.007161649907
heldout:62:349,gradient_boosted_trees,62,B8,other,0,8.65039082088561,True,6011.25,5711.378814500433
heldout:62:350,gradient_boosted_trees,62,B4,other,0,8.31629816477299,False,4151.25,4088.991475369705
heldout:62:351,gradient_boosted_trees,62,B2,other,0,8.543857524328041,True,6206.0,5134.115035380744
heldout:62:352,gradient_boosted_trees,62,B4,other,0,8.398647024890101,True,4485.75,4440.054045513571
heldout:62:353,gradient_boosted_trees,62,B8,other,0,8.73227854696695,True,5384.25,5750.859926505602
heldout:62:354,gradient_boosted_trees,62,B4,other,0,8.470393145768085,True,4185.0,4425.626877335037
heldout:62:355,gradient_boosted_trees,62,B6,other,0,8.987353847621705,True,7455.0,7422.113428048983
heldout:62:356,gradient_boosted_trees,62,B2,other,0,8.603688467827814,True,5399.0,5450.731086794225
heldout:62:357,gradient_boosted_trees,62,B8,other,0,8.834594495048275,True,5819.0,6370.527368174025
heldout:62:358,gradient_boosted_trees,62,B4,other,0,8.800798679659069,True,6010.0,6638.544758538728
heldout:62:359,gradient_boosted_trees,62,B8,other,0,8.609033783652105,True,6206.0,5083.9159719309055
heldout:62:360,gradient_boosted_trees,62,B4,other,0,8.109011561273938,False,3265.5,3323.2905479100737
heldout:62:361,gradient_boosted_trees,62,B4,other,0,8.383545735036261,True,4633.75,4373.492250536117
heldout:62:362,gradient_boosted_trees,62,B6,other,0,8.857792950212135,True,6676.25,7027.952364883068
heldout:62:363,gradient_boosted_trees,62,B4,other,0,8.288449835953703,False,3506.875,3689.2512935679033
heldout:62:364,gradient_boosted_trees,62,B6,other,0,8.38825054045991,True,4666.375,4076.5456925772532
heldout:62:365,gradient_boosted_trees,62,B6,other,0,8.248269128750152,False,3604.375,3820.006424265126
heldout:62:366,gradient_boosted_trees,62,B2,other,0,8.732267723093585,True,6606.25,6198.771546983529
heldout:62:367,gradient_boosted_trees,62,B4,other,0,8.122073938690978,False,2550.0,3366.9985292915876
heldout:62:368,gradient_boosted_trees,62,B6,other,0,8.401614603103793,True,4109.0,4453.252795219643
heldout:62:369,gradient_boosted_trees,62,B8,other,0,8.335604613876086,True,4293.75,4168.72186645309
heldout:62:370,gradient_boosted_trees,62,B8,other,0,8.593218027242703,True,5358.125,5004.126805750713
heldout:62:371,gradient_boosted_trees,62,B8,other,0,8.230358563797436,False,3367.875,3480.9876161821358
heldout:62:372,gradient_boosted_trees,62,B2,inner_high_charge,1,9.675113107641291,True,15392.0,14545.607845337212
heldout:62:373,gradient_boosted_trees,62,B8,other,0,8.351906658559324,True,4997.0,3931.012493133046
heldout:62:374,gradient_boosted_trees,62,B4,other,0,8.58978397297147,True,4881.625,4986.96840696371
heldout:62:375,gradient_boosted_trees,62,B2,other,0,8.921864157176335,True,5731.5,7493.046296746339
heldout:62:376,gradient_boosted_trees,62,B4,other,0,8.319831780305108,False,4443.75,4103.469497590495
heldout:62:377,gradient_boosted_trees,62,B2,other,0,9.21113865510628,True,7574.0,10006.986018428779
heldout:62:378,gradient_boosted_trees,62,B2,inner_high_charge,1,9.339774911291673,True,9741.375,10558.433513766791
heldout:62:379,gradient_boosted_trees,62,B2,other,0,8.245364805918026,False,3656.875,3808.925087744106
heldout:62:380,gradient_boosted_trees,62,B8,other,0,8.65388361754878,True,5593.75,5731.365877215909
heldout:62:381,gradient_boosted_trees,62,B8,other,0,8.247727666637433,False,4180.0,3541.9949043617225
heldout:62:382,gradient_boosted_trees,62,B8,other,0,9.184844297876277,True,9399.0,9042.88662945338
heldout:62:383,gradient_boosted_trees,62,B2,other,0,8.473376519698425,True,4718.75,4438.852879805847
heldout:62:384,gradient_boosted_trees,62,B2,other,0,8.496102134308755,True,6300.0,4894.649018911888
heldout:62:385,gradient_boosted_trees,62,B6,other,0,8.559559863583727,True,5020.75,4838.466970499009
heldout:62:386,gradient_boosted_trees,62,B4,other,0,8.292266541726162,False,3723.75,3703.362809603763
heldout:62:387,gradient_boosted_trees,62,B2,other,0,8.80528009493923,True,5937.0,6186.460945008638
heldout:62:388,gradient_boosted_trees,62,B8,other,0,8.970999373580124,True,6775.0,7301.699648100481
heldout:62:389,gradient_boosted_trees,62,B8,other,0,8.631060922380023,True,5152.5,5197.164816527224
heldout:62:390,gradient_boosted_trees,62,B6,other,0,7.665199775824128,False,2150.5,1977.7087724389448
heldout:62:391,gradient_boosted_trees,62,B4,other,0,8.286798135335237,False,2627.0,3970.098895825483
heldout:62:392,gradient_boosted_trees,62,B6,other,0,8.18042066971725,False,3680.0,3569.3562857259903
heldout:62:393,gradient_boosted_trees,62,B2,other,0,8.352560134012291,True,5091.5,4240.024447474854
heldout:62:394,gradient_boosted_trees,62,B4,other,0,8.033410183894816,False,2805.0,3081.234758761914
heldout:62:395,gradient_boosted_trees,62,B8,other,0,8.315983523370365,False,3937.0,4087.7047971469074
heldout:62:396,gradient_boosted_trees,62,B2,other,0,7.888033937477471,False,1597.0,2471.6208438700787
heldout:62:397,gradient_boosted_trees,62,B6,other,0,7.760681074865776,False,1866.5,2175.952136201361
heldout:62:398,gradient_boosted_trees,62,B4,other,0,7.995827095461768,False,2672.0,2967.5446517737732
heldout:62:399,gradient_boosted_trees,62,B4,other,0,8.162588123566987,False,3110.0,3252.8302620813315
heldout:62:400,gradient_boosted_trees,62,B4,other,0,8.14815206042414,False,2594.5,3206.1951863038003
heldout:62:401,gradient_boosted_trees,62,B8,other,0,8.07795002487163,False,2811.5,3221.62016945338
heldout:62:402,gradient_boosted_trees,62,B4,other,0,8.091014479518053,False,2990.5,3263.998164442076
heldout:62:403,gradient_boosted_trees,62,B2,other,0,8.60941172134049,True,3350.5,5482.022183914386
heldout:62:404,gradient_boosted_trees,62,B4,other,0,8.133014306523004,False,2948.0,3404.047969771523
heldout:62:405,gradient_boosted_trees,62,B6,other,0,8.188029021040157,False,3680.0,3336.6726143955157
heldout:62:406,gradient_boosted_trees,62,B2,other,0,8.191420096207565,False,3151.5,3608.84493534954
heldout:62:407,gradient_boosted_trees,62,B2,other,0,8.850826962886824,True,5566.5,6474.796968209035
heldout:62:408,gradient_boosted_trees,62,B6,other,0,8.329530461393105,True,3839.0,3844.0060730029727
heldout:62:409,gradient_boosted_trees,62,B2,other,0,8.155859334473487,False,3804.5,3231.0094207523725
heldout:62:410,gradient_boosted_trees,62,B8,other,0,8.079855599803889,False,3325.5,3227.7669683974455
heldout:62:411,gradient_boosted_trees,62,B6,other,0,8.166259152975176,False,3160.5,3264.7971205681615
heldout:62:412,gradient_boosted_trees,62,B8,other,0,8.789275500200265,True,5476.0,6088.221379311087
heldout:62:413,gradient_boosted_trees,62,B4,other,0,7.946060674386615,False,2482.5,2619.3434459030036
heldout:62:414,gradient_boosted_trees,62,B2,other,0,8.036099108909982,False,2646.5,3089.5338096697606
heldout:62:415,gradient_boosted_trees,62,B6,other,0,7.91498014188265,False,2559.5,2736.9921584730228
heldout:62:416,gradient_boosted_trees,62,B4,other,0,7.955492401697979,False,2497.5,2850.1919152100127
heldout:62:417,gradient_boosted_trees,62,B2,other,0,8.593395680068907,True,5427.5,5394.905369781624
heldout:62:418,gradient_boosted_trees,62,B6,other,0,8.04274488081978,False,2750.5,3110.141192585702
heldout:62:419,gradient_boosted_trees,62,B6,other,0,7.9630732990502695,False,2940.0,2871.8886448819967
heldout:62:420,gradient_boosted_trees,62,B8,other,0,8.171765807500293,False,3426.5,3282.830342854012
heldout:62:421,gradient_boosted_trees,62,B2,other,0,8.948310637798901,True,6853.5,7137.876127262998
heldout:62:422,gradient_boosted_trees,62,B8,other,0,8.093607915453841,False,2724.5,3035.946702357054
heldout:62:423,gradient_boosted_trees,62,B8,other,0,8.01670387984796,False,2696.0,2811.1479907858547
heldout:62:424,gradient_boosted_trees,62,B8,other,0,8.131744487681782,False,2960.0,3399.7269197602213
heldout:62:425,gradient_boosted_trees,62,B4,other,0,7.9575866009951435,False,2204.5,2649.7200551480064
heldout:62:426,gradient_boosted_trees,62,B6,other,0,7.924281191818429,False,2599.0,2762.57715950358
heldout:62:427,gradient_boosted_trees,62,B6,other,0,7.886516132748681,False,2635.0,2467.8707349472134
heldout:62:428,gradient_boosted_trees,62,B4,other,0,8.390230268575097,True,4386.5,4402.831641524182
heldout:62:429,gradient_boosted_trees,62,B8,other,0,8.281313631119737,False,3888.0,3663.0106451288884
heldout:62:430,gradient_boosted_trees,62,B6,other,0,7.687257099657035,False,2180.0,2021.8386974468508
heldout:62:431,gradient_boosted_trees,62,B4,other,0,8.140191429666249,False,2627.0,3180.765243145617
heldout:62:432,gradient_boosted_trees,62,B2,other,0,8.575889204448117,True,4163.5,4918.141018205335
heldout:62:433,gradient_boosted_trees,62,B4,other,0,7.77136172951622,False,2122.5,2199.328022825469
heldout:62:434,gradient_boosted_trees,62,B4,other,0,8.144481062443282,False,2952.5,3443.3175407465624
heldout:62:435,gradient_boosted_trees,62,B8,other,0,8.378304518844903,True,3980.0,4036.191350228327
heldout:62:436,gradient_boosted_trees,62,B2,other,0,8.953453329365182,True,7696.0,7733.55576353643
heldout:62:437,gradient_boosted_trees,62,B4,other,0,8.611088900184809,True,4996.0,5491.225908712988
heldout:62:438,gradient_boosted_trees,62,B8,other,0,8.28917672840277,False,2596.0,3691.9346845185214
heldout:62:439,gradient_boosted_trees,62,B4,other,0,8.898873116332428,True,6526.0,7322.715911490362
heldout:62:440,gradient_boosted_trees,62,B2,other,0,8.206001175093874,False,2855.0,3661.8659817617854
heldout:62:441,gradient_boosted_trees,62,B8,other,0,8.252598766464414,False,3426.5,3559.2952879670984
heldout:62:442,gradient_boosted_trees,62,B6,other,0,7.814272227642261,False,2054.5,2295.8002270051734
heldout:62:443,gradient_boosted_trees,62,B8,other,0,8.400679294159842,True,4100.5,4127.540749744396
heldout:62:444,gradient_boosted_trees,62,B8,other,0,8.411698588231,True,4555.0,4173.285931271867
heldout:62:445,gradient_boosted_trees,62,B4,other,0,8.059422633043344,False,2911.5,3162.463127902719
heldout:62:446,gradient_boosted_trees,62,B4,other,0,8.292703589708251,False,2608.0,3993.619420502874
heldout:62:447,gradient_boosted_trees,62,B4,other,0,8.388304629129786,True,4198.5,4076.766247564829
heldout:62:448,gradient_boosted_trees,62,B8,other,0,8.09359553291078,False,2558.0,3035.909097466562
heldout:62:449,gradient_boosted_trees,62,B2,other,0,8.174060043319363,False,3282.0,3546.7186543648595
heldout:62:450,gradient_boosted_trees,62,B2,other,0,8.870128472960737,True,3247.5,7115.195153105324
heldout:62:451,gradient_boosted_trees,62,B2,other,0,9.167561083902722,True,6035.5,9580.228358688337
heldout:62:452,gradient_boosted_trees,62,B2,other,0,8.748572448097297,True,3720.0,6300.685700503839
heldout:62:453,gradient_boosted_trees,62,B8,other,0,8.008844620571047,False,2813.0,3006.4403700532075
heldout:62:454,gradient_boosted_trees,62,B4,other,0,8.70194041727335,True,4996.0,5578.979699427735
heldout:62:455,gradient_boosted_trees,62,B4,other,0,7.770932884370588,False,1611.0,2198.3846251343007
heldout:62:456,gradient_boosted_trees,62,B8,other,0,8.469700859885942,True,3980.0,4422.563446549634
heldout:62:457,gradient_boosted_trees,62,B8,other,0,8.287005126969406,False,3290.0,3683.923803632686
heldout:62:458,gradient_boosted_trees,62,B2,other,0,7.622488627006218,False,1576.0,1894.9752463482012
heldout:62:459,gradient_boosted_trees,62,B4,other,0,8.057903594168865,False,2319.5,2929.427495205554
heldout:62:460,gradient_boosted_trees,62,B6,other,0,8.005255642213633,False,2384.0,2995.666077570234
heldout:62:461,gradient_boosted_trees,62,B8,other,0,8.182854619668367,False,2994.0,3319.446761812969
heldout:62:462,gradient_boosted_trees,62,B8,other,0,8.19435242657365,False,2865.5,3357.844941932205
heldout:62:463,gradient_boosted_trees,62,B6,other,0,8.265407865959025,False,3537.5,3886.058053193652
heldout:62:464,gradient_boosted_trees,62,B8,other,0,8.402478385938345,True,3572.0,4134.975058961536
heldout:62:465,gradient_boosted_trees,62,B4,other,0,8.17754629010352,False,3365.5,3559.108461528699
heldout:62:466,gradient_boosted_trees,62,B6,other,0,8.07515060281659,False,3160.5,3212.6113111576533
heldout:62:467,gradient_boosted_trees,62,B6,other,0,8.011421036948668,False,3121.5,2796.33102704665
heldout:64:468,gradient_boosted_trees,64,B8,other,0,8.823483798156566,True,7245.75,6790.885013536632
heldout:64:469,gradient_boosted_trees,64,B2,other,0,8.842054695703292,True,7392.0,6918.19488471337
heldout:64:470,gradient_boosted_trees,64,B8,other,0,8.533425379432094,True,4891.25,4713.628398922972
heldout:64:471,gradient_boosted_trees,64,B8,other,0,9.013353446364771,True,9017.0,8211.013699482903
heldout:64:472,gradient_boosted_trees,64,B6,other,0,8.348759021908158,True,4446.75,3918.655404511782
heldout:64:473,gradient_boosted_trees,64,B2,other,0,8.956743140952646,True,7881.125,7198.329250074575
heldout:64:474,gradient_boosted_trees,64,B4,other,0,8.691570416738921,True,5504.25,5521.414299443053
heldout:64:475,gradient_boosted_trees,64,B8,other,0,8.323414828505902,True,3336.375,3820.5631845267935
heldout:64:476,gradient_boosted_trees,64,B4,other,0,8.44373026046378,True,4533.375,4309.159806409988
heldout:64:477,gradient_boosted_trees,64,B4,other,0,8.906923267733228,True,6872.5,7381.910877938512
heldout:64:478,gradient_boosted_trees,64,B2,other,0,9.015191919440634,True,8735.125,8226.12515231123
heldout:64:479,gradient_boosted_trees,64,B8,other,0,8.657754686472495,True,5393.0,5753.599266349174
heldout:64:480,gradient_boosted_trees,64,B8,other,0,8.596372389164966,True,5123.125,5019.939713868966
heldout:64:481,gradient_boosted_trees,64,B2,inner_high_charge,1,9.171347099117,True,9009.0,9616.571790005793
heldout:64:482,gradient_boosted_trees,64,B2,inner_high_charge,1,9.398039146676453,True,11826.5,11191.9472227474
heldout:64:483,gradient_boosted_trees,64,B4,other,0,8.839135250378908,True,6352.0,6399.524700106762
heldout:64:484,gradient_boosted_trees,64,B2,inner_high_charge,1,9.531180509871799,True,14830.375,13294.49466556052
heldout:64:485,gradient_boosted_trees,64,B6,other,0,8.623686690449537,True,4928.875,5158.97333305438
heldout:64:486,gradient_boosted_trees,64,B4,other,0,8.39549624080152,True,4402.0,4426.083264106158
heldout:64:487,gradient_boosted_trees,64,B6,other,0,8.029236370531812,False,2825.375,3068.396896196103
heldout:64:488,gradient_boosted_trees,64,B6,other,0,8.767341587042432,True,7062.0,6420.079872910657
heldout:64:489,gradient_boosted_trees,64,B4,other,0,8.42941955780314,True,4634.0,4578.840988343084
heldout:64:490,gradient_boosted_trees,64,B8,other,0,8.371545251141196,True,4728.0,4008.994910673966
heldout:64:491,gradient_boosted_trees,64,B4,other,0,8.517532690769723,True,4744.375,5000.69778494957
heldout:64:492,gradient_boosted_trees,64,B6,other,0,7.954304268412586,False,3441.0,2846.8063308535134
heldout:64:493,gradient_boosted_trees,64,B6,other,0,8.344536630781374,True,4283.0,4206.132721125397
heldout:64:494,gradient_boosted_trees,64,B2,other,0,8.042865465614188,False,2249.375,2885.6890462886086
heldout:64:495,gradient_boosted_trees,64,B8,other,0,8.406783407639614,True,3901.875,4152.818902855233
heldout:64:496,gradient_boosted_trees,64,B8,other,0,8.235773257676271,False,3393.125,3499.8926495082105
heldout:64:497,gradient_boosted_trees,64,B4,other,0,8.937963099791235,True,7125.0,7064.387205622218
heldout:64:498,gradient_boosted_trees,64,B8,other,0,8.13382596859427,False,3560.0,3406.8128399777756
heldout:64:499,gradient_boosted_trees,64,B2,other,0,8.25353218476722,False,3558.0,3840.1696085588974
heldout:64:500,gradient_boosted_trees,64,B4,other,0,8.637620245805515,True,5188.0,5231.373330480393
heldout:64:501,gradient_boosted_trees,64,B6,other,0,8.72224434740653,True,5634.0,5693.433213542457
heldout:64:502,gradient_boosted_trees,64,B8,other,0,8.4344392916045,True,4682.25,4601.888368418409
heldout:64:503,gradient_boosted_trees,64,B8,other,0,8.831947634256101,True,6440.0,6353.685121570924
heldout:64:504,gradient_boosted_trees,64,B4,other,0,8.185387724375474,False,3471.0,3587.1345568170773
heldout:64:505,gradient_boosted_trees,64,B2,other,0,8.373568976328265,True,3470.25,4017.118255310877
heldout:64:506,gradient_boosted_trees,64,B2,other,0,7.880269103304694,False,2397.75,2643.5841302842578
heldout:64:507,gradient_boosted_trees,64,B8,other,0,8.489646996577951,True,5020.5,4863.148709014217
heldout:64:508,gradient_boosted_trees,64,B4,other,0,8.5110066469314,True,4986.0,4968.162763895869
heldout:64:509,gradient_boosted_trees,64,B4,other,0,8.001827285743948,False,2617.5,2769.6224517039523
heldout:64:510,gradient_boosted_trees,64,B8,other,0,8.853581866988394,True,6930.875,6998.415097094501
heldout:64:511,gradient_boosted_trees,64,B4,other,0,8.194418056812104,False,3750.0,3619.683346701574
heldout:64:512,gradient_boosted_trees,64,B2,other,0,8.905218186998365,True,8730.0,7369.333144905743
heldout:64:513,gradient_boosted_trees,64,B4,other,0,9.114184955412881,True,8321.0,8425.90595217554
heldout:64:514,gradient_boosted_trees,64,B8,other,0,8.980908353824761,True,8202.0,7374.421660102062
heldout:64:515,gradient_boosted_trees,64,B8,other,0,8.938289410774575,True,7385.875,7617.154370705099
heldout:64:516,gradient_boosted_trees,64,B4,other,0,8.592264295071931,True,5389.375,5388.803975564917
heldout:64:517,gradient_boosted_trees,64,B6,other,0,7.91469033384461,False,2293.5,2538.418340143557
heldout:64:518,gradient_boosted_trees,64,B8,other,0,8.451215910467845,True,5043.75,4679.760662693164
heldout:64:519,gradient_boosted_trees,64,B2,other,0,8.792018702845654,True,7487.25,6580.504876762941
heldout:64:520,gradient_boosted_trees,64,B4,other,0,8.430219776202883,True,4701.375,4582.5073281104815
heldout:64:521,gradient_boosted_trees,64,B2,other,0,8.664346022887585,True,6662.0,5791.655047495793
heldout:64:522,gradient_boosted_trees,64,B8,other,0,8.7038080013137,True,5642.0,5589.410517642895
heldout:64:523,gradient_boosted_trees,64,B8,other,0,8.517802299316832,True,5627.0,5002.046467222413
heldout:64:524,gradient_boosted_trees,64,B2,other,0,8.54123729781811,True,5484.5,5120.677483236731
heldout:64:525,gradient_boosted_trees,64,B6,other,0,8.817696641053777,True,6143.375,6263.766781719364
heldout:64:526,gradient_boosted_trees,64,B8,other,0,8.612049879077626,True,5275.625,5099.275715315138
heldout:64:527,gradient_boosted_trees,64,B8,other,0,8.569859682713863,True,4860.625,4888.570189088199
heldout:64:528,gradient_boosted_trees,64,B8,other,0,8.771149370537039,True,6440.0,6444.576564318319
heldout:64:529,gradient_boosted_trees,64,B2,inner_high_charge,1,9.181698212836315,True,9703.0,9716.641391721938
heldout:64:530,gradient_boosted_trees,64,B8,other,0,8.298236507716274,False,4227.75,4015.7825791592195
heldout:64:531,gradient_boosted_trees,64,B4,other,0,9.171831911270232,True,8247.0,8925.966435354305
heldout:64:532,gradient_boosted_trees,64,B2,inner_high_charge,1,9.210360308057519,True,11709.0,9999.199362800613
heldout:64:533,gradient_boosted_trees,64,B2,other,0,8.323186085062945,True,4200.0,4117.260255426574
heldout:64:534,gradient_boosted_trees,64,B2,other,0,8.750282981643885,True,6671.25,6311.474169683297
heldout:64:535,gradient_boosted_trees,64,B6,other,0,8.051665952156496,False,3029.25,2911.205427995499
heldout:64:536,gradient_boosted_trees,64,B6,other,0,8.4759873466319,True,4788.875,4797.157872305621
heldout:64:537,gradient_boosted_trees,64,B8,other,0,8.482793731973588,True,4780.625,4480.861408003002
heldout:64:538,gradient_boosted_trees,64,B2,inner_high_charge,1,9.000847625115949,True,9007.0,8108.955216756287
heldout:64:539,gradient_boosted_trees,64,B8,other,0,8.620833764385832,True,5884.375,5545.00853091982
heldout:64:540,gradient_boosted_trees,64,B6,other,0,8.026581832083016,False,3006.0,3060.2598689245933
heldout:64:541,gradient_boosted_trees,64,B6,other,0,7.76372328014917,False,2280.0,2182.5849555753125
heldout:64:542,gradient_boosted_trees,64,B8,other,0,8.732677637010694,True,7061.0,6201.313440566721
heldout:64:543,gradient_boosted_trees,64,B8,other,0,8.148974489771037,False,3252.0,3208.833962701081
heldout:64:544,gradient_boosted_trees,64,B6,other,0,8.488011286903886,True,5106.5,4855.198877495468
heldout:64:545,gradient_boosted_trees,64,B2,other,0,7.890998257789062,False,2119.375,2672.1110431372745
heldout:64:546,gradient_boosted_trees,64,B4,other,0,7.9419483750976205,False,1890.0,2608.589935394689
heldout:64:547,gradient_boosted_trees,64,B8,other,0,7.681120433440675,False,1689.5,2009.4632224676623
heldout:64:548,gradient_boosted_trees,64,B8,other,0,8.149791188229138,False,3152.0,3211.4564999144577
heldout:64:549,gradient_boosted_trees,64,B8,other,0,7.944691335262562,False,2622.0,2819.561719089048
heldout:64:550,gradient_boosted_trees,64,B4,other,0,7.746217802583808,False,1875.0,2144.692885155485
heldout:64:551,gradient_boosted_trees,64,B6,other,0,8.119918643676588,False,3301.5,3359.7473159119577
heldout:64:552,gradient_boosted_trees,64,B6,other,0,7.321211387884433,False,1555.0,1401.7801780407513
heldout:64:553,gradient_boosted_trees,64,B2,other,0,8.031673721706559,False,1695.5,2853.5620754947113
heldout:64:554,gradient_boosted_trees,64,B4,other,0,8.14214966263649,False,3562.5,3435.296812892225
heldout:64:555,gradient_boosted_trees,64,B6,other,0,7.843541743847641,False,2198.5,2548.2175395951435
heldout:64:556,gradient_boosted_trees,64,B4,other,0,8.617827554653829,True,4924.0,5128.828745447201
heldout:64:557,gradient_boosted_trees,64,B2,other,0,8.197419323127896,False,2862.5,3630.5663048288925
heldout:64:558,gradient_boosted_trees,64,B2,other,0,8.146073127151402,False,3331.0,3448.8054845684082
heldout:64:559,gradient_boosted_trees,64,B2,other,0,8.950682294901096,True,6983.5,7154.827186636619
heldout:64:560,gradient_boosted_trees,64,B8,other,0,7.896266106754967,False,1906.5,2492.0598906352834
heldout:64:561,gradient_boosted_trees,64,B6,other,0,7.991779541951168,False,2918.0,2741.923337001537
heldout:64:562,gradient_boosted_trees,64,B6,other,0,8.571526077770176,True,3920.5,4896.724937307792
heldout:64:563,gradient_boosted_trees,64,B6,other,0,8.230738817885193,False,3593.5,3753.6066981933436
heldout:64:564,gradient_boosted_trees,64,B8,other,0,8.141199623704646,False,2927.5,3183.9746974998516
heldout:64:565,gradient_boosted_trees,64,B8,other,0,8.65863302594398,True,4944.5,5342.483317506978
heldout:64:566,gradient_boosted_trees,64,B4,other,0,7.822789128754318,False,1888.0,2495.859768608778
heldout:64:567,gradient_boosted_trees,64,B4,other,0,7.866415956668237,False,2485.5,2607.2009114237444
heldout:64:568,gradient_boosted_trees,64,B2,other,0,8.35280646160897,True,3833.5,4241.069257511948
heldout:64:569,gradient_boosted_trees,64,B2,other,0,7.9755845554205695,False,2313.5,2697.859500201595
heldout:64:570,gradient_boosted_trees,64,B8,other,0,8.838343382218776,True,6705.5,6892.563176508487
heldout:64:571,gradient_boosted_trees,64,B8,other,0,8.034394813063786,False,2418.5,2861.3401773505684
heldout:64:572,gradient_boosted_trees,64,B4,other,0,7.9917239417254535,False,2344.5,2741.7708340845224
heldout:64:573,gradient_boosted_trees,64,B2,other,0,8.159348221770278,False,1636.5,3242.305230809625
heldout:64:574,gradient_boosted_trees,64,B6,other,0,7.374358921637586,False,1723.5,1478.3512434540125
heldout:64:575,gradient_boosted_trees,64,B8,other,0,8.17186067795032,False,2777.5,3283.1418960948185
heldout:64:576,gradient_boosted_trees,64,B6,other,0,8.123223800889312,False,3057.0,3370.873490893442
heldout:64:577,gradient_boosted_trees,64,B8,other,0,8.38099782640857,True,3732.0,4047.0794040850324
heldout:64:578,gradient_boosted_trees,64,B4,other,0,8.155583184330352,False,2442.0,3481.76982994343
heldout:64:579,gradient_boosted_trees,64,B2,other,0,8.747469000027637,True,5876.0,5838.900278210754
heldout:64:580,gradient_boosted_trees,64,B2,other,0,8.074447405513762,False,2509.5,3210.352302708726
heldout:64:581,gradient_boosted_trees,64,B4,other,0,8.114696887417043,False,2591.5,3100.672891745216
heldout:64:582,gradient_boosted_trees,64,B2,other,0,7.504933583650011,False,1695.5,1815.9845832816309
heldout:64:583,gradient_boosted_trees,64,B6,other,0,8.20014412157887,False,2959.0,3640.475084654192
heldout:64:584,gradient_boosted_trees,64,B8,other,0,7.834552523808732,False,2336.5,2342.8555510251426
heldout:64:585,gradient_boosted_trees,64,B8,other,0,8.086124802616512,False,3550.5,3013.305705720837
heldout:64:586,gradient_boosted_trees,64,B2,other,0,8.799438230188382,True,6097.0,6629.51813491127
heldout:64:587,gradient_boosted_trees,64,B8,other,0,7.1278741354881285,False,1689.5,1155.1769812580644
heldout:64:588,gradient_boosted_trees,64,B6,other,0,8.489725024716071,True,4872.0,4863.5282642893235
heldout:64:589,gradient_boosted_trees,64,B8,other,0,7.906182927833425,False,2189.0,2516.906113661323
heldout:64:590,gradient_boosted_trees,64,B6,other,0,8.06043727554817,False,2912.0,2936.8616787327396
heldout:64:591,gradient_boosted_trees,64,B6,other,0,7.711483989404119,False,2036.0,2071.444255462651
heldout:64:592,gradient_boosted_trees,64,B2,other,0,8.311692876344305,False,3035.0,3776.0285301752465
heldout:64:593,gradient_boosted_trees,64,B4,other,0,8.331162814607309,True,3457.5,3850.2876064707416
heldout:64:594,gradient_boosted_trees,64,B4,other,0,8.077317653810345,False,2310.5,3219.5829219327825
heldout:64:595,gradient_boosted_trees,64,B4,other,0,7.601360878905544,False,1622.5,1855.3377588075446
heldout:64:596,gradient_boosted_trees,64,B2,other,0,8.830260771546781,True,6575.5,6837.069757170248
heldout:64:597,gradient_boosted_trees,64,B8,other,0,7.925025595082093,False,1940.5,2564.7999878556902
heldout:64:598,gradient_boosted_trees,64,B4,other,0,7.562096762427292,False,1622.5,1783.8626820433171
heldout:64:599,gradient_boosted_trees,64,B4,other,0,8.104578839602574,False,2616.0,3308.587504481089
heldout:64:600,gradient_boosted_trees,64,B6,other,0,8.463484032562766,True,3966.5,4395.148222603367
heldout:64:601,gradient_boosted_trees,64,B4,other,0,7.956532363597091,False,2564.5,2646.9270394435907
heldout:64:602,gradient_boosted_trees,64,B6,other,0,7.84285777981722,False,2596.5,2362.4029320649406
heldout:64:603,gradient_boosted_trees,64,B8,other,0,8.141159497924201,False,3615.5,3431.895997008949
heldout:64:604,gradient_boosted_trees,64,B4,other,0,8.20340449268318,False,3070.0,3388.387456273793
heldout:64:605,gradient_boosted_trees,64,B6,other,0,8.126696040854059,False,2816.5,3138.1145254031617
heldout:64:606,gradient_boosted_trees,64,B2,other,0,8.063622779056722,False,1869.0,2946.235169134867
heldout:64:607,gradient_boosted_trees,64,B2,other,0,8.507501392533669,True,4040.0,4592.977072710786
heldout:64:608,gradient_boosted_trees,64,B8,other,0,8.618482940140536,True,3843.5,5132.191862704996
heldout:64:609,gradient_boosted_trees,64,B4,other,0,7.774741848300702,False,1889.0,2378.728889734246
heldout:64:610,gradient_boosted_trees,64,B4,other,0,7.971798045021257,False,2118.5,2687.659563907155
heldout:64:611,gradient_boosted_trees,64,B4,other,0,7.978297671873411,False,2314.0,2915.961210008512
heldout:64:612,gradient_boosted_trees,64,B4,other,0,7.89612698190165,False,1890.0,2685.855908883511
heldout:64:613,gradient_boosted_trees,64,B2,other,0,8.162741035738696,False,2509.5,3253.3278503757583
heldout:64:614,gradient_boosted_trees,64,B6,other,0,8.432567464664869,True,3966.5,4261.31391641103
heldout:64:615,gradient_boosted_trees,64,B8,other,0,8.24772387054062,False,3615.5,3817.9235570454503
heldout:64:616,gradient_boosted_trees,64,B8,other,0,8.397898038047158,True,3218.5,4436.728999827853
heldout:64:617,gradient_boosted_trees,64,B6,other,0,8.086393362535517,False,2961.0,3014.115336129294
heldout:64:618,gradient_boosted_trees,64,B8,other,0,7.890373669709269,False,2664.5,2477.4128878291626
heldout:64:619,gradient_boosted_trees,64,B2,other,0,8.163864806833068,False,1850.0,3256.98702559821
heldout:64:620,gradient_boosted_trees,64,B2,other,0,8.736067581696597,True,4991.5,6222.374617999034
heldout:64:621,gradient_boosted_trees,64,B8,other,0,8.562856642189205,True,3218.5,4854.447950070604
heldout:64:622,gradient_boosted_trees,64,B4,other,0,7.645065970867194,False,2029.0,2089.306470616142
heldout:64:623,gradient_boosted_trees,64,B4,other,0,8.088403376934805,False,2929.5,3255.4840397644057
heldout:65:624,gradient_boosted_trees,65,B6,other,0,8.253869260990266,False,3958.75,3841.4645937447253
heldout:65:625,gradient_boosted_trees,65,B8,other,0,8.289395435325275,False,3668.25,3692.7424432263733
heldout:65:626,gradient_boosted_trees,65,B4,other,0,8.785259613794858,True,5883.0,6063.816793774462
heldout:65:627,gradient_boosted_trees,65,B2,other,0,8.897202364970989,True,7246.5,6782.187240685248
heldout:65:628,gradient_boosted_trees,65,B8,other,0,8.64041881457862,True,5266.0,5246.036996160273
heldout:65:629,gradient_boosted_trees,65,B8,other,0,8.084819644383144,False,2797.5,3009.374126036025
heldout:65:630,gradient_boosted_trees,65,B2,other,0,8.180728000425232,False,3877.5,3570.4537344822434
heldout:65:631,gradient_boosted_trees,65,B2,other,0,8.987768872060563,True,7756.5,8003.577720409574
heldout:65:632,gradient_boosted_trees,65,B2,other,0,8.5969859629664,True,5211.0,5414.313015168643
heldout:65:633,gradient_boosted_trees,65,B8,other,0,8.510949212155728,True,4822.0,4967.877369343111
heldout:65:634,gradient_boosted_trees,65,B8,other,0,9.241405652772293,True,9867.375,9569.164302283461
heldout:65:635,gradient_boosted_trees,65,B6,other,0,8.32498305179171,True,3812.375,4124.667285185824
heldout:65:636,gradient_boosted_trees,65,B8,other,0,8.114470275910191,False,2785.125,3099.970096611193
heldout:65:637,gradient_boosted_trees,65,B6,other,0,8.45653001610874,True,4584.0,4364.6833847897515
heldout:65:638,gradient_boosted_trees,65,B2,other,0,8.969117591166537,True,6504.0,7855.665754542841
heldout:65:639,gradient_boosted_trees,65,B8,other,0,8.317352595316873,False,3555.0,3797.4660581747535
heldout:65:640,gradient_boosted_trees,65,B6,other,0,8.790559919598898,True,5650.75,6096.047518319709
heldout:65:641,gradient_boosted_trees,65,B8,other,0,7.963856670075143,False,2627.25,2666.392466971217
heldout:65:642,gradient_boosted_trees,65,B6,other,0,8.806922122116953,True,6941.875,6679.326363288497
heldout:65:643,gradient_boosted_trees,65,B2,other,0,8.863631419649204,True,5473.0,7069.110722430196
heldout:65:644,gradient_boosted_trees,65,B4,other,0,8.138987654067535,False,3003.75,3176.937416169671
heldout:65:645,gradient_boosted_trees,65,B2,other,0,8.883149459848472,True,8190.0,7208.460925349596
heldout:65:646,gradient_boosted_trees,65,B6,other,0,8.018565147100315,False,2537.25,2816.3870238577556
heldout:65:647,gradient_boosted_trees,65,B4,other,0,8.847928415572802,True,6814.5,6958.955889360368
heldout:65:648,gradient_boosted_trees,65,B4,other,0,8.342335581109149,True,3405.625,3893.55842085573
heldout:65:649,gradient_boosted_trees,65,B6,other,0,8.30091214437428,False,3991.5,4026.5444208439567
heldout:65:650,gradient_boosted_trees,65,B6,other,0,8.577058725358494,True,4733.25,4923.89742194837
heldout:65:651,gradient_boosted_trees,65,B8,other,0,8.381777758992383,True,3616.5,4050.2378646471852
heldout:65:652,gradient_boosted_trees,65,B2,other,0,8.493912856246835,True,5710.0,4883.942805631035
heldout:65:653,gradient_boosted_trees,65,B6,other,0,8.449284763022554,True,4557.0,4670.730146133355
heldout:65:654,gradient_boosted_trees,65,B2,inner_high_charge,1,9.585335354659401,True,13929.125,14034.363032088138
heldout:65:655,gradient_boosted_trees,65,B4,other,0,7.950124339113739,False,2466.0,2834.927545270999
heldout:65:656,gradient_boosted_trees,65,B6,other,0,8.536099850020987,True,5055.0,5094.432606100222
heldout:65:657,gradient_boosted_trees,65,B4,other,0,8.304893855155683,False,4227.75,4042.6129066895014
heldout:65:658,gradient_boosted_trees,65,B8,other,0,8.577202868787507,True,4804.625,5308.234111907853
heldout:65:659,gradient_boosted_trees,65,B2,other,0,8.085474269926353,False,4065.0,3245.9594056866868
heldout:65:660,gradient_boosted_trees,65,B2,inner_high_charge,1,9.358282865243659,True,12127.0,11593.462184822161
heldout:65:661,gradient_boosted_trees,65,B8,other,0,8.735280519645965,True,6697.5,5768.152796233006
heldout:65:662,gradient_boosted_trees,65,B8,other,0,9.247732740266741,True,9431.0,10380.002585632279
heldout:65:663,gradient_boosted_trees,65,B8,other,0,8.305819627502027,False,3813.125,4046.358105030881
heldout:65:664,gradient_boosted_trees,65,B2,other,0,9.067477638596586,True,8644.125,8667.730534633643
heldout:65:665,gradient_boosted_trees,65,B2,other,0,8.538251108442726,True,5572.875,5105.405997474807
heldout:65:666,gradient_boosted_trees,65,B2,other,0,8.213751963413348,False,3771.25,3690.366388258563
heldout:65:667,gradient_boosted_trees,65,B8,other,0,8.87351108926114,True,6256.25,6623.373559063594
heldout:65:668,gradient_boosted_trees,65,B6,other,0,7.851676936503084,False,2374.5,2569.0404999566244
heldout:65:669,gradient_boosted_trees,65,B4,other,0,8.658858642291,True,5330.0,5343.689030702626
heldout:65:670,gradient_boosted_trees,65,B8,other,0,8.559755372806515,True,4602.5,4839.413223422689
heldout:65:671,gradient_boosted_trees,65,B4,other,0,8.344591839939513,True,4328.25,4206.364999793009
heldout:65:672,gradient_boosted_trees,65,B2,other,0,8.581842007787976,True,5473.0,4947.511027503208
heldout:65:673,gradient_boosted_trees,65,B6,other,0,8.058444192745853,False,2737.875,3159.3693818684615
heldout:65:674,gradient_boosted_trees,65,B4,other,0,8.695189045645735,True,5147.625,5973.1018388674875
heldout:65:675,gradient_boosted_trees,65,B4,other,0,8.776387987066613,True,6075.0,6478.431066204703
heldout:65:676,gradient_boosted_trees,65,B2,other,0,8.662214530421556,True,6012.75,5779.321196328829
heldout:65:677,gradient_boosted_trees,65,B6,other,0,7.49023053627605,False,2378.25,1789.4648113584412
heldout:65:678,gradient_boosted_trees,65,B6,other,0,8.052393915686421,False,3428.25,3140.3059990245406
heldout:65:679,gradient_boosted_trees,65,B2,other,0,9.08479935124687,True,8406.0,8181.879225698847
heldout:65:680,gradient_boosted_trees,65,B8,other,0,9.558943520344798,True,12657.0,12454.823211141083
heldout:65:681,gradient_boosted_trees,65,B2,other,0,8.023826131132969,False,2436.0,3051.8355649577798
heldout:65:682,gradient_boosted_trees,65,B6,other,0,7.66201325533548,False,2209.375,1971.4136115507836
heldout:65:683,gradient_boosted_trees,65,B4,other,0,8.612883415234107,True,4384.625,5103.528751815476
heldout:65:684,gradient_boosted_trees,65,B4,other,0,8.654146372099207,True,5549.25,5318.562659519095
heldout:65:685,gradient_boosted_trees,65,B6,other,0,8.270311655533403,False,4058.125,3905.1661807769974
heldout:65:686,gradient_boosted_trees,65,B6,other,0,8.079169727032856,False,2908.125,2992.413718597476
heldout:65:687,gradient_boosted_trees,65,B8,other,0,8.450069184367209,True,5068.0,4674.39618864947
heldout:65:688,gradient_boosted_trees,65,B4,other,0,8.13761652513318,False,3576.125,3419.754860455653
heldout:65:689,gradient_boosted_trees,65,B6,other,0,8.437760516117475,True,4554.375,4617.201008380143
heldout:65:690,gradient_boosted_trees,65,B2,other,0,8.569905344995933,True,4821.0,5269.6308749951695
heldout:65:691,gradient_boosted_trees,65,B6,other,0,8.308117034399721,False,3667.5,3762.5465921366476
heldout:65:692,gradient_boosted_trees,65,B4,other,0,8.108122682857926,False,2495.625,3080.348740444535
heldout:65:693,gradient_boosted_trees,65,B2,other,0,8.39552335808396,True,4681.875,4426.203316201147
heldout:65:694,gradient_boosted_trees,65,B4,other,0,9.042442804718632,True,7203.875,7842.518529681503
heldout:65:695,gradient_boosted_trees,65,B8,other,0,8.508557606381368,True,4266.0,4597.831858305552
heldout:65:696,gradient_boosted_trees,65,B6,other,0,8.516625371559835,True,5050.5,4996.161706613918
heldout:65:697,gradient_boosted_trees,65,B4,other,0,8.037687125742144,False,2095.0,3094.445528293612
heldout:65:698,gradient_boosted_trees,65,B8,other,0,8.310372650890507,False,3969.0,4064.8278357962354
heldout:65:699,gradient_boosted_trees,65,B6,other,0,9.6963152170978,True,14409.0,14857.319411595143
heldout:65:700,gradient_boosted_trees,65,B8,other,0,9.114398152164402,True,8457.75,8427.702732676986
heldout:65:701,gradient_boosted_trees,65,B8,other,0,8.784729991945758,True,6075.0,6060.605584727989
heldout:65:702,gradient_boosted_trees,65,B8,other,0,8.048867821545965,False,3139.0,3129.248963877745
heldout:65:703,gradient_boosted_trees,65,B6,other,0,7.942832682903126,False,2425.0,2814.324144318086
heldout:65:704,gradient_boosted_trees,65,B4,other,0,7.877525730381265,False,2243.5,2445.7740714292368
heldout:65:705,gradient_boosted_trees,65,B4,other,0,8.081956626031849,False,2815.5,3000.767695731685
heldout:65:706,gradient_boosted_trees,65,B4,other,0,8.331056070049108,True,3472.0,4149.798772683276
heldout:65:707,gradient_boosted_trees,65,B2,other,0,9.137290074033562,True,8211.0,8622.877375222188
heldout:65:708,gradient_boosted_trees,65,B6,other,0,7.726759430030719,False,2049.0,2267.239888120899
heldout:65:709,gradient_boosted_trees,65,B2,other,0,8.278416090263086,False,2802.5,3652.409390786336
heldout:65:710,gradient_boosted_trees,65,B6,other,0,7.74983863249053,False,2107.0,2320.1978184770924
heldout:65:711,gradient_boosted_trees,65,B2,other,0,7.901135303796237,False,1624.0,2504.228692583112
heldout:65:712,gradient_boosted_trees,65,B8,other,0,7.97820273711963,False,3070.0,2704.934863004332
heldout:65:713,gradient_boosted_trees,65,B2,other,0,8.018802808835225,False,2796.5,2817.0566885194394
heldout:65:714,gradient_boosted_trees,65,B8,other,0,8.308900073431559,False,3712.0,3765.494750127185
heldout:65:715,gradient_boosted_trees,65,B4,other,0,8.306470546879575,False,3171.0,3756.3550581816326
heldout:65:716,gradient_boosted_trees,65,B2,other,0,8.159951118716906,False,2796.5,3244.2611991946987
heldout:65:717,gradient_boosted_trees,65,B2,other,0,8.6341723589281,True,5637.0,5619.480058648895
heldout:65:718,gradient_boosted_trees,65,B6,other,0,7.986270062698889,False,2851.0,2726.852811281454
heldout:65:719,gradient_boosted_trees,65,B2,other,0,8.407537962302769,True,3296.5,4155.954369069846
heldout:65:720,gradient_boosted_trees,65,B8,other,0,8.03907261135377,False,2438.0,2874.7609927986905
heldout:65:721,gradient_boosted_trees,65,B8,other,0,8.385316906584388,True,4201.0,4381.247092298031
heldout:65:722,gradient_boosted_trees,65,B8,other,0,8.12801895739827,False,3037.5,3142.2700600497055
heldout:65:723,gradient_boosted_trees,65,B8,other,0,8.295628617185214,False,3575.0,3715.8381166078457
heldout:65:724,gradient_boosted_trees,65,B8,other,0,8.216032628527772,False,3419.0,3431.4604951923184
heldout:65:725,gradient_boosted_trees,65,B2,other,0,8.158066613875723,False,2802.5,3490.4297921910925
heldout:65:726,gradient_boosted_trees,65,B6,other,0,8.241549537471156,False,4175.5,3794.4168946962427
heldout:65:727,gradient_boosted_trees,65,B4,other,0,8.401957350597915,True,3795.5,4132.820631103946
heldout:65:728,gradient_boosted_trees,65,B6,other,0,8.107670233214762,False,2957.0,3318.8345728515787
heldout:65:729,gradient_boosted_trees,65,B8,other,0,8.08733678715821,False,3477.0,3016.9612124014498
heldout:65:730,gradient_boosted_trees,65,B4,other,0,8.262670208299891,False,3401.5,3875.4311719613984
heldout:65:731,gradient_boosted_trees,65,B4,other,0,8.169165380931597,False,2998.0,3274.3020765543297
heldout:65:732,gradient_boosted_trees,65,B8,other,0,7.892263531385871,False,2340.5,2675.4954005790446
heldout:65:733,gradient_boosted_trees,65,B4,other,0,7.804031541563309,False,1676.0,2272.3994414500116
heldout:65:734,gradient_boosted_trees,65,B4,other,0,8.116643934972316,False,3171.5,3106.7178793958483
heldout:65:735,gradient_boosted_trees,65,B4,other,0,8.14067759538045,False,2922.0,3182.312484394827
heldout:65:736,gradient_boosted_trees,65,B8,other,0,8.18409957581005,False,3575.0,3323.583146676836
heldout:65:737,gradient_boosted_trees,65,B8,other,0,8.171554485154703,False,3306.0,3282.1364694414997
heldout:65:738,gradient_boosted_trees,65,B6,other,0,8.197526942935347,False,3367.0,3368.524592550859
heldout:65:739,gradient_boosted_trees,65,B8,other,0,7.9243737767941305,False,2238.0,2563.12809744392
heldout:65:740,gradient_boosted_trees,65,B2,other,0,8.338837841780263,True,4008.5,3879.960066311929
heldout:65:741,gradient_boosted_trees,65,B4,other,0,7.92616138639115,False,2505.5,2767.7781101475894
heldout:65:742,gradient_boosted_trees,65,B6,other,0,8.108712333755403,False,3139.5,3322.295977507367
heldout:65:743,gradient_boosted_trees,65,B8,other,0,8.544230980652044,True,4349.5,4764.849029777497
heldout:65:744,gradient_boosted_trees,65,B4,other,0,8.313514205765628,False,3464.5,4077.6209416555685
heldout:65:745,gradient_boosted_trees,65,B8,other,0,8.243132811003985,False,3477.0,3525.752698138912
heldout:65:746,gradient_boosted_trees,65,B6,other,0,8.126049602514476,False,3006.5,3380.4152116395126
heldout:65:747,gradient_boosted_trees,65,B8,other,0,8.411308580841567,True,4349.5,4171.658246338273
heldout:65:748,gradient_boosted_trees,65,B6,other,0,7.587734303510031,False,1885.0,1830.2137979089907
heldout:65:749,gradient_boosted_trees,65,B6,other,0,8.132986081063454,False,3056.0,3157.921911310833
heldout:65:750,gradient_boosted_trees,65,B2,other,0,8.246639712160734,False,4095.0,3813.7854826382854
heldout:65:751,gradient_boosted_trees,65,B8,other,0,8.082709922513155,False,2745.5,3003.029768673407
heldout:65:752,gradient_boosted_trees,65,B4,other,0,8.282997831770594,False,3442.5,3955.0361541599414
heldout:65:753,gradient_boosted_trees,65,B4,other,0,8.307168550586548,False,3464.5,4051.821363739562
heldout:65:754,gradient_boosted_trees,65,B4,other,0,7.714564346879333,False,1734.0,2077.8379670199106
heldout:65:755,gradient_boosted_trees,65,B4,other,0,8.12853786385238,False,3125.0,3143.9015464286695
heldout:65:756,gradient_boosted_trees,65,B2,other,0,8.445170289594468,True,4823.5,4651.547926012534
heldout:65:757,gradient_boosted_trees,65,B4,other,0,8.211843900111862,False,2821.0,3683.329742838096
heldout:65:758,gradient_boosted_trees,65,B2,other,0,8.631221543946287,True,4768.5,5602.919507464619
heldout:65:759,gradient_boosted_trees,65,B4,other,0,8.190102057356581,False,3334.5,3343.598907685789
heldout:65:760,gradient_boosted_trees,65,B2,other,0,8.493925461484375,True,6768.5,4884.004381883564
heldout:65:761,gradient_boosted_trees,65,B2,other,0,8.738544702904218,True,5720.5,5787.015136524451
heldout:65:762,gradient_boosted_trees,65,B6,other,0,7.79422672134613,False,2075.5,2250.2180884331647
heldout:65:763,gradient_boosted_trees,65,B6,other,0,7.7510745637998895,False,1944.0,2155.1393506014683
heldout:65:764,gradient_boosted_trees,65,B4,other,0,8.085530039926464,False,2941.5,3011.51344218925
heldout:65:765,gradient_boosted_trees,65,B2,other,0,8.057660385481217,False,2119.0,2928.7148764412505
heldout:65:766,gradient_boosted_trees,65,B8,other,0,8.07167123205358,False,2411.0,2970.0515668792914
heldout:65:767,gradient_boosted_trees,65,B8,other,0,7.789817158134183,False,1591.5,2240.3130544547203
heldout:65:768,gradient_boosted_trees,65,B4,other,0,8.05002470004703,False,2724.5,3132.872377127359
heldout:65:769,gradient_boosted_trees,65,B8,other,0,8.29906667592851,False,3823.5,3728.6388165623075
heldout:65:770,gradient_boosted_trees,65,B6,other,0,7.629811213433612,False,1767.5,2057.6613355444197
heldout:65:771,gradient_boosted_trees,65,B6,other,0,8.102353038285752,False,2731.5,3062.621642113706
heldout:65:772,gradient_boosted_trees,65,B6,other,0,8.156878776819088,False,3286.5,3234.3059480415336
heldout:65:773,gradient_boosted_trees,65,B6,other,0,7.983652570691597,False,2445.0,2719.7220148234715
heldout:65:774,gradient_boosted_trees,65,B4,other,0,7.858863116450145,False,2093.0,2400.5343305170377
heldout:65:775,gradient_boosted_trees,65,B4,other,0,8.578262903777858,True,4817.0,4929.831449238212
heldout:65:776,gradient_boosted_trees,65,B6,other,0,8.024929019029537,False,2527.5,2834.373685755775
heldout:65:777,gradient_boosted_trees,65,B2,other,0,7.965438755290493,False,2638.5,2670.6158491510773
heldout:65:778,gradient_boosted_trees,65,B2,other,0,8.404284329516827,True,4298.0,4465.160319400771
heldout:65:779,gradient_boosted_trees,65,B2,other,0,8.148962410695155,False,3407.0,3458.7873640802018
heldout:58:0,mlp,58,B8,other,0,8.654260325866783,True,5401.25,5733.525713912372
heldout:58:1,mlp,58,B2,other,0,8.695967943703243,True,6983.0,5977.756867846304
heldout:58:2,mlp,58,B4,other,0,8.986793610047222,True,5722.0,7995.774965309798
heldout:58:3,mlp,58,B6,other,0,8.57377507859498,True,6211.0,5290.066326756005
heldout:58:4,mlp,58,B4,other,0,8.59465147826334,True,5109.75,5401.685794533829
heldout:58:5,mlp,58,B4,other,0,8.6347993775487,True,5756.875,5623.005309385828
heldout:58:6,mlp,58,B2,inner_high_charge,1,9.265743111505236,True,11264.375,10568.662110415618
heldout:58:7,mlp,58,B6,other,0,8.858381571086008,True,7078.75,7032.090970881947
heldout:58:8,mlp,58,B8,other,0,8.774448498285516,True,6816.75,6465.876461037311
heldout:58:9,mlp,58,B4,other,0,8.721475551953944,True,5900.25,6132.22230275818
heldout:58:10,mlp,58,B2,other,0,9.096258060881498,True,8914.0,8920.845161758112
heldout:58:11,mlp,58,B4,other,0,8.44710290563813,True,5631.5,4660.548209022577
heldout:58:12,mlp,58,B2,other,0,8.637635835124978,True,6012.125,5231.454900255601
heldout:58:13,mlp,58,B8,other,0,8.603991789041128,True,5864.0,5452.384963297365
heldout:58:14,mlp,58,B6,other,0,8.24884037177355,False,4451.25,3822.189771078792
heldout:58:15,mlp,58,B4,other,0,8.573436156610759,True,5958.75,5288.273371910966
heldout:58:16,mlp,58,B4,other,0,8.563964590277076,True,6908.25,5238.4121728947275
heldout:58:17,mlp,58,B4,other,0,7.88820290346458,False,2807.25,2472.038667989749
heldout:58:18,mlp,58,B4,other,0,8.67938206770981,True,5976.0,5454.513718497512
heldout:58:19,mlp,58,B4,other,0,8.75793477885476,True,7741.0,6359.961211859522
heldout:58:20,mlp,58,B4,inner_high_charge,1,9.047654883775037,True,9197.25,8497.584368917462
heldout:58:21,mlp,58,B4,other,0,8.39427359471076,True,4621.75,4101.179081142701
heldout:58:22,mlp,58,B4,other,0,9.184206047596506,True,8593.375,9741.042214418292
heldout:58:23,mlp,58,B6,other,0,8.744726260323068,True,5716.375,5822.9048974571815
heldout:58:24,mlp,58,B4,other,0,8.343641663580916,True,4581.25,3898.6483585601363
heldout:58:25,mlp,58,B2,inner_high_charge,1,9.563290530246645,True,15232.0,13483.42413095932
heldout:58:26,mlp,58,B4,other,0,8.840716249368027,True,4801.125,6908.940108569159
heldout:58:27,mlp,58,B8,other,0,8.662162731728916,True,5633.0,5361.377567439474
heldout:58:28,mlp,58,B4,other,0,8.77314479848116,True,4706.625,5990.785929342408
heldout:58:29,mlp,58,B4,other,0,8.956026688402694,True,6252.0,7753.485184291165
heldout:58:30,mlp,58,B8,other,0,8.220926646113517,False,3820.5,3448.3001904894363
heldout:58:31,mlp,58,B2,other,0,8.721675306072479,True,8341.25,5690.193767446734
heldout:58:32,mlp,58,B2,other,0,8.355400034240482,True,4466.25,4252.085651973539
heldout:58:33,mlp,58,B8,other,0,8.028530833795049,False,3161.25,2844.604590414086
heldout:58:34,mlp,58,B8,other,0,8.7703673544061,True,6304.5,5974.167168536649
heldout:58:35,mlp,58,B8,other,0,8.812096037139073,True,5159.0,6713.979372772035
heldout:58:36,mlp,58,B2,other,0,8.213223309409976,False,4481.25,3421.8311505861543
heldout:58:37,mlp,58,B6,other,0,8.357597469339195,True,3855.625,3953.452622920924
heldout:58:38,mlp,58,B6,other,0,8.84254125962003,True,6072.5,6421.362114489815
heldout:58:39,mlp,58,B2,inner_high_charge,1,9.109771101754465,True,9106.25,9042.224676252492
heldout:58:40,mlp,58,B4,other,0,8.831143934472232,True,6154.0,6843.111554414391
heldout:58:41,mlp,58,B2,inner_high_charge,1,8.91525424893022,True,10381.25,7443.674688988641
heldout:58:42,mlp,58,B8,other,0,8.558006536942562,True,5433.75,4830.9555328930755
heldout:58:43,mlp,58,B6,other,0,8.461634307544553,True,5883.5,4387.024073289748
heldout:58:44,mlp,58,B2,other,0,8.444564601974287,True,5434.625,4648.730788570201
heldout:58:45,mlp,58,B6,other,0,8.204794458555789,False,3878.25,3657.4486066006702
heldout:58:46,mlp,58,B6,other,0,8.282915710343882,False,3654.0,3954.711292166087
heldout:58:47,mlp,58,B6,other,0,8.21536132606004,False,2624.375,3696.3119184128873
heldout:58:48,mlp,58,B4,other,0,8.46079282038356,True,3878.0,4383.333160515591
heldout:58:49,mlp,58,B8,other,0,8.283881669013214,False,4453.125,3672.4320553992666
heldout:58:50,mlp,58,B4,inner_high_charge,1,9.613580656099659,True,11485.0,13393.248214947622
heldout:58:51,mlp,58,B4,other,0,8.93085632689478,True,6908.25,7560.737924102274
heldout:58:52,mlp,58,B2,inner_high_charge,1,9.072864636484432,True,9168.75,8714.554976061509
heldout:58:53,mlp,58,B8,other,0,8.75339314474343,True,5625.75,5873.599372330456
heldout:58:54,mlp,58,B2,other,0,8.120573555194497,False,3896.0,3361.949028922843
heldout:58:55,mlp,58,B2,other,0,8.453727258138723,True,5434.625,4691.530452913112
heldout:58:56,mlp,58,B4,other,0,8.523379159274855,True,5189.25,4666.501324911971
heldout:58:57,mlp,58,B4,other,0,8.571884062129516,True,3775.625,4898.478560097736
heldout:58:58,mlp,58,B4,other,0,8.038104878941223,False,4275.625,3095.7389307083195
heldout:58:59,mlp,58,B2,other,0,9.200025760391265,True,8139.75,9896.384015944745
heldout:58:60,mlp,58,B8,other,0,8.533994775682434,True,5110.625,4716.313655069907
heldout:58:61,mlp,58,B6,other,0,8.432112944100734,True,4693.0,4591.192896068691
heldout:58:62,mlp,58,B8,other,0,8.171102382452702,False,3532.0,3280.6524900534478
heldout:58:63,mlp,58,B8,other,0,8.424897791836115,True,3810.0,4558.178769292664
heldout:58:64,mlp,58,B8,other,0,8.688179894789853,True,7307.125,5931.37486401199
heldout:58:65,mlp,58,B4,other,0,8.663639670056552,True,6074.0,5787.564833940824
heldout:58:66,mlp,58,B4,other,0,9.033702736775922,True,6465.0,8379.834214371804
heldout:58:67,mlp,58,B8,other,0,8.539998382328776,True,3828.125,5114.336086709685
heldout:58:68,mlp,58,B4,other,0,8.292220803948808,False,4422.0,3703.193384156938
heldout:58:69,mlp,58,B2,inner_high_charge,1,9.382480527532264,True,12156.0,11665.543884149036
heldout:58:70,mlp,58,B8,other,0,9.020875305642411,True,9089.0,7675.164640565406
heldout:58:71,mlp,58,B6,other,0,8.687931482002769,True,5275.0,5929.901369263045
heldout:58:72,mlp,58,B6,other,0,8.41275302415379,True,4943.75,4177.689769684482
heldout:58:73,mlp,58,B4,other,0,8.606790778359493,True,4706.625,5072.52326022616
heldout:58:74,mlp,58,B4,other,0,8.563709482831845,True,5497.5,4858.5906396965875
heldout:58:75,mlp,58,B4,other,0,8.736668248036075,True,7144.5,6226.113912571784
heldout:58:76,mlp,58,B6,other,0,8.57920262101449,True,5065.0,4934.467214355034
heldout:58:77,mlp,58,B6,other,0,8.841304527023524,True,7613.0,6913.006267833909
heldout:58:78,mlp,58,B2,other,0,8.047494703581053,False,3183.0,2899.083195252148
heldout:58:79,mlp,58,B6,other,0,8.179623442508824,False,2532.5,3308.7351249944063
heldout:58:80,mlp,58,B4,other,0,8.72391533939004,True,4939.5,6147.204330525008
heldout:58:81,mlp,58,B4,other,0,8.412873836092066,True,2943.5,4178.194635791321
heldout:58:82,mlp,58,B6,other,0,8.110850029289484,False,2420.5,3088.764116542729
heldout:58:83,mlp,58,B6,other,0,7.455821459591178,False,1682.5,1603.907593223664
heldout:58:84,mlp,58,B2,other,0,8.313487831717458,False,1632.0,3782.814216009783
heldout:58:85,mlp,58,B8,other,0,8.04384066157324,False,3112.5,3113.5521897370363
heldout:58:86,mlp,58,B6,other,0,8.353454239739868,True,4045.0,4243.818067420066
heldout:58:87,mlp,58,B6,other,0,8.26753569973954,False,2949.5,3612.8743382994735
heldout:58:88,mlp,58,B2,other,0,8.513867543649779,True,4707.0,4622.316314916323
heldout:58:89,mlp,58,B4,other,0,8.438338551792166,True,2218.5,4285.98321726034
heldout:58:90,mlp,58,B6,other,0,7.929487206093615,False,2099.5,2777.001896761615
heldout:58:91,mlp,58,B2,other,0,8.886119886236786,True,4900.5,6707.42773781089
heldout:58:92,mlp,58,B2,other,0,8.163230381108754,False,3253.0,3508.505351774964
heldout:58:93,mlp,58,B6,other,0,8.040470068823188,False,3356.5,2878.7825558054983
heldout:58:94,mlp,58,B8,other,0,8.098648178547519,False,2362.5,3051.2923533104376
heldout:58:95,mlp,58,B2,other,0,8.33493759976629,True,3183.0,4165.941530498983
heldout:58:96,mlp,58,B2,inner_high_charge,1,9.059455372144841,True,9432.5,8598.465869755493
heldout:58:97,mlp,58,B6,other,0,8.464443930196332,True,2532.5,4399.3701008403405
heldout:58:98,mlp,58,B8,other,0,8.327156660158943,True,3688.0,4133.644623191315
heldout:58:99,mlp,58,B6,other,0,8.11763088445208,False,2646.5,3109.7865540044804
heldout:58:100,mlp,58,B8,other,0,7.564450280204697,False,2547.0,1788.0683351941848
heldout:58:101,mlp,58,B4,other,0,8.752065075609178,True,4763.0,5865.8026766493695
heldout:58:102,mlp,58,B2,other,0,8.964001178027031,True,8305.0,7815.570466140573
heldout:58:103,mlp,58,B4,other,0,8.571515939670808,True,4129.0,4896.675283937402
heldout:58:104,mlp,58,B6,other,0,8.73902745152026,True,5436.5,5789.809967367326
heldout:58:105,mlp,58,B2,other,0,8.236696114860951,False,2977.5,3776.0407621648174
heldout:58:106,mlp,58,B8,other,0,7.9112248993822885,False,3265.0,2726.729615183292
heldout:58:107,mlp,58,B4,other,0,8.613464073983794,True,3459.5,5106.493601797989
heldout:58:108,mlp,58,B4,other,0,8.848313040651771,True,6074.5,6458.53776397141
heldout:58:109,mlp,58,B4,other,0,7.883381857519111,False,3843.0,2651.828895988652
heldout:58:110,mlp,58,B2,inner_high_charge,1,9.346366222166008,True,9201.0,10628.263906810267
heldout:58:111,mlp,58,B8,other,0,8.272184693722721,False,3048.0,3629.7143325397233
heldout:58:112,mlp,58,B8,other,0,7.785338488718579,False,2094.0,2230.2973993725464
heldout:58:113,mlp,58,B2,other,0,8.871068906869235,True,7505.0,6607.215369254529
heldout:58:114,mlp,58,B8,other,0,8.482269514645076,True,3562.5,4478.512554297633
heldout:58:115,mlp,58,B2,other,0,8.359773379290536,True,5365.0,4270.726594984195
heldout:58:116,mlp,58,B2,other,0,8.167114598829153,False,3105.5,3267.592028450623
heldout:58:117,mlp,58,B2,other,0,6.334995815068841,False,1632.0,522.2167504773367
heldout:58:118,mlp,58,B8,other,0,8.429085322303784,True,3699.0,4577.310498689616
heldout:58:119,mlp,58,B6,other,0,7.6410814799585784,False,1682.5,1930.5565896305784
heldout:58:120,mlp,58,B6,other,0,8.69597617320306,True,4045.0,5545.798387675
heldout:58:121,mlp,58,B6,other,0,8.247902886013849,False,3266.5,3818.6072646485327
heldout:58:122,mlp,58,B2,other,0,9.043962612462273,True,6600.5,7854.448233011761
heldout:58:123,mlp,58,B6,other,0,8.239057799253423,False,3297.5,3511.410381853401
heldout:58:124,mlp,58,B6,other,0,7.769777966197462,False,2346.5,2195.845982105702
heldout:58:125,mlp,58,B4,other,0,8.027331496445537,False,3178.5,3062.555646776642
heldout:58:126,mlp,58,B2,other,0,7.744362901715489,False,1632.0,2140.716526575263
heldout:58:127,mlp,58,B2,other,0,8.953442595030321,True,7616.0,7733.472738670471
heldout:58:128,mlp,58,B6,other,0,7.868215895824485,False,1682.5,2423.1007159842093
heldout:58:129,mlp,58,B8,other,0,8.281276033478807,False,3381.5,3662.87288956195
heldout:58:130,mlp,58,B2,other,0,9.058659547223716,True,8253.5,7970.751802747024
heldout:58:131,mlp,58,B6,other,0,7.958906782854025,False,3561.0,2859.943609684735
heldout:58:132,mlp,58,B4,other,0,8.51566974128498,True,3519.5,4630.655957230481
heldout:58:133,mlp,58,B2,other,0,7.734073811754429,False,2832.5,2118.793191555204
heldout:58:134,mlp,58,B6,other,0,7.697231076259788,False,1878.0,2201.2417025319805
heldout:58:135,mlp,58,B2,other,0,9.080468140604765,True,5365.0,8146.514094315811
heldout:58:136,mlp,58,B8,other,0,8.403018439248978,True,3185.5,4137.209309237649
heldout:58:137,mlp,58,B6,other,0,8.250115363578084,False,3356.5,3550.464609976819
heldout:58:138,mlp,58,B2,other,0,8.480226896623313,True,3105.5,4469.371959775162
heldout:58:139,mlp,58,B8,other,0,8.418615622051059,True,5431.0,4529.627011579441
heldout:58:140,mlp,58,B8,other,0,8.626727442432877,True,4086.0,5577.79143068157
heldout:58:141,mlp,58,B8,other,0,7.98653731942474,False,2753.0,2940.0952336827268
heldout:58:142,mlp,58,B2,other,0,8.32756387352723,True,3491.5,3836.4519610626394
heldout:58:143,mlp,58,B6,other,0,8.2288837733966,False,3470.0,3475.856199082369
heldout:58:144,mlp,58,B8,other,0,8.665961424970664,True,4856.5,5381.786333644079
heldout:58:145,mlp,58,B4,other,0,8.314350140793639,False,3176.5,3786.078440533782
heldout:58:146,mlp,58,B6,other,0,7.903878465191013,False,2115.5,2706.7639570661013
heldout:58:147,mlp,58,B6,other,0,7.989577188647015,False,3223.0,2949.0493813870944
heldout:58:148,mlp,58,B4,other,0,8.640490606922288,True,3933.5,5246.413706765846
heldout:58:149,mlp,58,B6,other,0,8.192719546984584,False,3042.5,3352.3648279844274
heldout:58:150,mlp,58,B6,other,0,7.685849197566144,False,1918.0,2176.318162040836
heldout:58:151,mlp,58,B4,other,0,8.398934742783148,True,5098.0,4441.3320000628255
heldout:58:152,mlp,58,B8,other,0,8.14737490539539,False,3185.5,3203.7036667104753
heldout:58:153,mlp,58,B4,other,0,7.521093091492793,False,2453.5,1712.1569062835997
heldout:58:154,mlp,58,B6,other,0,8.0818227001682,False,1682.5,3000.3657083194166
heldout:58:155,mlp,58,B6,other,0,8.170337898634475,False,3328.0,3278.1446785405583
heldout:60:156,mlp,60,B4,other,0,8.686974200408393,True,6466.25,5496.090330457074
heldout:60:157,mlp,60,B4,other,0,7.772354261715819,False,3440.0,2373.0538584716214
heldout:60:158,mlp,60,B4,other,0,8.333791378337853,True,4471.0,4161.168029093109
heldout:60:159,mlp,60,B2,other,0,8.628533223412033,True,4783.75,5587.87460739816
heldout:60:160,mlp,60,B4,other,0,8.788703769903838,True,5644.0,6558.723750871759
heldout:60:161,mlp,60,B2,other,0,7.242565097706788,False,2818.75,1396.6745484165367
heldout:60:162,mlp,60,B2,inner_high_charge,1,9.121531409039784,True,10494.0,9149.203596812578
heldout:60:163,mlp,60,B4,other,0,8.781231332470634,True,4883.75,6509.88930895201
heldout:60:164,mlp,60,B2,other,0,8.494964666815271,True,7372.0,4535.743154775919
heldout:60:165,mlp,60,B8,other,0,9.227717652899466,True,9265.5,9439.060357286613
heldout:60:166,mlp,60,B2,other,0,8.16898940470214,False,3692.0,3273.7257519557675
heldout:60:167,mlp,60,B6,other,0,8.080353163887807,False,2975.0,3229.373886615505
heldout:60:168,mlp,60,B6,other,0,8.960260821643661,True,6540.625,7223.698786369423
heldout:60:169,mlp,60,B8,other,0,8.479211900183017,True,5614.0,4812.654761157856
heldout:60:170,mlp,60,B6,other,0,8.366880963149827,True,3371.25,3990.334691714571
heldout:60:171,mlp,60,B8,other,0,8.893548120956117,True,6702.0,6757.445053836218
heldout:60:172,mlp,60,B4,other,0,8.925570798704843,True,6137.0,7520.875584700986
heldout:60:173,mlp,60,B6,other,0,9.017229522665238,True,7209.0,8242.905859456405
heldout:60:174,mlp,60,B6,other,0,8.853710916878057,True,6992.25,6999.318429126679
heldout:60:175,mlp,60,B2,other,0,8.5517910202662,True,5011.5,5175.016480852599
heldout:60:176,mlp,60,B2,other,0,8.806323099303063,True,6697.25,6675.325893698553
heldout:60:177,mlp,60,B8,other,0,8.599839610942697,True,7123.0,5429.788482461562
heldout:60:178,mlp,60,B4,other,0,9.136308203743651,True,7308.0,8614.414001890975
heldout:60:179,mlp,60,B4,other,0,8.249068736826205,False,3328.125,3823.062953710581
heldout:60:180,mlp,60,B4,other,0,8.328247582028757,True,3002.0,3839.0765567195517
heldout:60:181,mlp,60,B6,other,0,9.221111795610073,True,8843.0,10107.296442693774
heldout:60:182,mlp,60,B2,other,0,8.401092633491963,True,4997.25,4450.928417297232
heldout:60:183,mlp,60,B6,other,0,8.818303463763167,True,5151.75,6267.569538154324
heldout:60:184,mlp,60,B6,other,0,8.522115389407512,True,4624.5,4660.606403078623
heldout:60:185,mlp,60,B8,other,0,9.097707537473811,True,7720.0,8288.190018238227
heldout:60:186,mlp,60,B4,other,0,9.013521918251806,True,7390.0,7618.925854492629
heldout:60:187,mlp,60,B6,other,0,8.429259842715279,True,3705.625,4247.239083290527
heldout:60:188,mlp,60,B4,other,0,8.877680039038458,True,5331.0,6651.047886095317
heldout:60:189,mlp,60,B8,other,0,8.743903558498248,True,7527.0,6271.3324026553255
heldout:60:190,mlp,60,B6,other,0,8.253240821318883,False,2954.25,3839.0505951638147
heldout:60:191,mlp,60,B6,other,0,8.396797833604138,True,5379.5,4111.547041225768
heldout:60:192,mlp,60,B8,other,0,8.7650176043498,True,5568.75,5942.286869490204
heldout:60:193,mlp,60,B4,other,0,9.28801291814874,True,8648.5,10806.686988734746
heldout:60:194,mlp,60,B6,other,0,8.480100884974096,True,3495.625,4468.808676322782
heldout:60:195,mlp,60,B4,other,0,8.778665792421481,True,2440.5,6493.206770684678
heldout:60:196,mlp,60,B2,other,0,8.682645098334682,True,6074.0,5898.631075335979
heldout:60:197,mlp,60,B4,other,0,8.559408244145597,True,4928.125,5214.593900861523
heldout:60:198,mlp,60,B8,other,0,8.987027785329017,True,4720.0,7419.693425223029
heldout:60:199,mlp,60,B2,inner_high_charge,1,9.156769534099375,True,10559.375,8792.51268835218
heldout:60:200,mlp,60,B8,other,0,8.88734918023354,True,7167.0,6715.679438600633
heldout:60:201,mlp,60,B6,other,0,9.048535963320273,True,8347.0,7890.456229769079
heldout:60:202,mlp,60,B2,other,0,8.343979880700346,True,3679.375,4203.79105156486
heldout:60:203,mlp,60,B8,other,0,8.812847028475762,True,6755.0,6233.458640708097
heldout:60:204,mlp,60,B6,other,0,8.771565912299609,True,5466.75,5981.333045813086
heldout:60:205,mlp,60,B6,other,0,8.460006832494688,True,3801.25,4379.888481665916
heldout:60:206,mlp,60,B4,other,0,7.689978369906144,False,3136.0,2185.3272712527096
heldout:60:207,mlp,60,B2,other,0,8.559974920468706,True,5676.75,5217.550292015412
heldout:60:208,mlp,60,B6,other,0,8.418455621236467,True,5424.0,4528.902165556502
heldout:60:209,mlp,60,B8,other,0,8.149744891198472,False,3705.625,3461.4956396864563
heldout:60:210,mlp,60,B2,other,0,8.30441791040182,False,4905.75,4040.6888282537548
heldout:60:211,mlp,60,B6,other,0,8.636830746326375,True,4348.0,5634.441349651822
heldout:60:212,mlp,60,B2,other,0,7.746278816593882,False,3977.75,2144.823806476772
heldout:60:213,mlp,60,B4,other,0,8.027471066380738,False,2744.0,2841.5905087899896
heldout:60:214,mlp,60,B8,other,0,8.76861424453863,True,6564.25,5963.701220672443
heldout:60:215,mlp,60,B8,other,0,8.572718341419954,True,4743.75,4902.567799140912
heldout:60:216,mlp,60,B8,other,0,9.111395278757348,True,9359.0,9056.924408055304
heldout:60:217,mlp,60,B8,other,0,8.776097961814617,True,5385.625,6008.506805292508
heldout:60:218,mlp,60,B4,inner_high_charge,1,9.146150396007341,True,9153.0,9377.268180478004
heldout:60:219,mlp,60,B4,other,0,8.279863170947122,False,3609.0,3942.654738518949
heldout:60:220,mlp,60,B4,other,0,8.976518040575927,True,7308.0,7342.112224839433
heldout:60:221,mlp,60,B4,inner_high_charge,1,9.144921855748661,True,9573.375,8688.944709957259
heldout:60:222,mlp,60,B8,other,0,8.52054544378502,True,5075.625,4653.293676306011
heldout:60:223,mlp,60,B8,other,0,8.42274029924398,True,5385.625,4548.352978218825
heldout:60:224,mlp,60,B2,other,0,8.546856121892521,True,5707.625,5149.536288329801
heldout:60:225,mlp,60,B6,other,0,8.652119537182477,True,4673.375,5721.262437379504
heldout:60:226,mlp,60,B4,other,0,8.87615920822567,True,6864.75,6640.938935652108
heldout:60:227,mlp,60,B6,other,0,8.701700545930045,True,5889.625,6012.129129902951
heldout:60:228,mlp,60,B6,other,0,9.281450538536738,True,8843.0,9960.177221627962
heldout:60:229,mlp,60,B8,other,0,8.79715428351652,True,6159.0,6136.386527350838
heldout:60:230,mlp,60,B2,other,0,9.077035356430205,True,8937.25,8750.981023657987
heldout:60:231,mlp,60,B6,other,0,8.697102125319613,True,4698.0,5552.0473344069105
heldout:60:232,mlp,60,B6,other,0,8.41771079449251,True,4525.0,4525.529429484033
heldout:60:233,mlp,60,B4,inner_high_charge,1,9.389311684979015,True,10657.0,11958.864344163063
heldout:60:234,mlp,60,B6,other,0,8.319420190356194,False,3176.0,3805.327872477054
heldout:60:235,mlp,60,B8,other,0,8.253576587432656,False,3293.5,3562.778321967122
heldout:60:236,mlp,60,B6,other,0,8.271720232354152,False,3193.5,3628.028397548096
heldout:60:237,mlp,60,B4,other,0,7.843938996586181,False,2433.5,2364.9596648890265
heldout:60:238,mlp,60,B2,other,0,7.688160008154872,False,2246.5,2181.3553496564664
heldout:60:239,mlp,60,B8,other,0,8.205275431386745,False,3077.5,3394.7347282740275
heldout:60:240,mlp,60,B4,other,0,8.708710376286845,True,4637.5,5616.884094117742
heldout:60:241,mlp,60,B2,other,0,7.940562513438262,False,2932.0,2807.940130550277
heldout:60:242,mlp,60,B8,other,0,9.208136430779449,True,3903.0,9256.010457752102
heldout:60:243,mlp,60,B4,other,0,8.29111944893435,False,2743.0,3987.296390609671
heldout:60:244,mlp,60,B4,other,0,7.725674516149147,False,2338.5,2101.062986768836
heldout:60:245,mlp,60,B4,other,0,8.12416975141759,False,2546.0,3374.0646254932135
heldout:60:246,mlp,60,B2,other,0,8.525578121388808,True,2899.0,4676.776276466552
heldout:60:247,mlp,60,B6,other,0,8.374025755815705,True,3836.0,4332.044777781791
heldout:60:248,mlp,60,B8,other,0,8.76492107385115,True,3763.5,5941.7131887343585
heldout:60:249,mlp,60,B6,other,0,8.003624697986009,False,3616.0,2990.782665697586
heldout:60:250,mlp,60,B2,other,0,8.246738704470518,False,3553.5,3814.1631357566093
heldout:60:251,mlp,60,B4,other,0,8.760045174623503,True,4412.5,5912.807645612593
heldout:60:252,mlp,60,B8,other,0,8.369869093752312,True,2964.5,4002.27915797663
heldout:60:253,mlp,60,B4,other,0,8.285391309427583,False,1525.0,3677.981804898611
heldout:60:254,mlp,60,B8,other,0,8.548422286260458,True,3195.0,4784.866079026895
heldout:60:255,mlp,60,B8,other,0,8.3373807230425,True,3763.5,4176.134328403712
heldout:60:256,mlp,60,B4,other,0,7.344442446432117,False,1568.0,1546.5718704679202
heldout:60:257,mlp,60,B4,other,0,8.173925093091489,False,4576.5,3289.928731363254
heldout:60:258,mlp,60,B6,other,0,8.228833407421341,False,3039.5,3475.68108823892
heldout:60:259,mlp,60,B8,other,0,8.253753414725056,False,3763.5,3563.4085509577076
heldout:60:260,mlp,60,B6,other,0,8.32947632471046,True,3037.0,3843.7979227637616
heldout:60:261,mlp,60,B8,other,0,8.06318811862007,False,2284.0,2944.9544009791234
heldout:60:262,mlp,60,B8,other,0,8.351287508363853,True,4564.0,4234.630643861723
heldout:60:263,mlp,60,B6,other,0,7.767363642523431,False,1629.0,2190.548482355677
heldout:60:264,mlp,60,B8,other,0,8.810897513869925,True,5649.0,6705.936134708723
heldout:60:265,mlp,60,B6,other,0,7.875328616707573,False,3039.5,2440.4041320043284
heldout:60:266,mlp,60,B6,other,0,8.106101496246856,False,1969.5,3074.127049343749
heldout:60:267,mlp,60,B2,other,0,8.095667436109775,False,4053.0,3279.225457667898
heldout:60:268,mlp,60,B6,other,0,7.703452558101375,False,1688.5,2214.9856187256546
heldout:60:269,mlp,60,B2,other,0,8.472868326762763,True,4463.5,4436.597151158183
heldout:60:270,mlp,60,B8,other,0,8.437078750384384,True,3344.0,4280.585870274606
heldout:60:271,mlp,60,B8,other,0,7.525937396149527,False,1716.5,1720.4760943340725
heldout:60:272,mlp,60,B2,other,0,8.027298581939112,False,1718.5,2841.10024843567
heldout:60:273,mlp,60,B4,other,0,8.265950582700281,False,3426.5,3607.150462213333
heldout:60:274,mlp,60,B6,other,0,7.818988529119823,False,2371.0,2486.3882144784325
heldout:60:275,mlp,60,B4,other,0,9.142179962590372,True,4088.5,9340.106214476258
heldout:60:276,mlp,60,B2,other,0,8.533900517762246,True,4680.0,5083.238371230582
heldout:60:277,mlp,60,B6,other,0,7.812842956417734,False,3017.5,2292.5198213853455
heldout:60:278,mlp,60,B6,other,0,8.323407542141643,True,3107.5,4118.172374305918
heldout:60:279,mlp,60,B6,other,0,8.240779157341379,False,3616.0,3517.4617046249114
heldout:60:280,mlp,60,B2,other,0,8.028615814734618,False,4163.5,3066.4927550323027
heldout:60:281,mlp,60,B2,other,0,8.066912781778143,False,1718.5,2955.947548979384
heldout:60:282,mlp,60,B2,other,0,7.74172433103016,False,1976.5,2135.0729049535107
heldout:60:283,mlp,60,B8,other,0,9.061492750159836,True,7091.5,7993.369418378721
heldout:60:284,mlp,60,B2,other,0,8.33490619954718,True,4463.5,4165.810689676129
heldout:60:285,mlp,60,B6,other,0,8.437105419130534,True,3604.5,4280.700056323896
heldout:60:286,mlp,60,B4,other,0,8.146205024604804,False,3942.5,3449.260535135902
heldout:60:287,mlp,60,B6,other,0,8.256985313403609,False,3585.0,3574.946993738949
heldout:60:288,mlp,60,B6,other,0,7.727997131005367,False,2772.0,2270.0490289207028
heldout:60:289,mlp,60,B2,other,0,8.422586347811952,True,3521.0,4547.652652722466
heldout:60:290,mlp,60,B8,other,0,8.318612916487535,False,3583.5,3802.25636339137
heldout:60:291,mlp,60,B6,other,0,8.410753018852372,True,3027.0,4169.340719847129
heldout:60:292,mlp,60,B4,other,0,8.407836163830712,True,2697.0,4481.051585740681
heldout:60:293,mlp,60,B8,other,0,8.283207227347162,False,2076.0,3669.955375045789
heldout:60:294,mlp,60,B8,other,0,7.981705381836164,False,2781.5,2925.9183236268927
heldout:60:295,mlp,60,B6,other,0,8.173921224921372,False,2631.0,3546.226199926396
heldout:60:296,mlp,60,B6,other,0,8.513690725866176,True,3833.5,4621.498902641271
heldout:60:297,mlp,60,B4,other,0,8.076916192076837,False,3187.0,2985.675551344116
heldout:60:298,mlp,60,B8,other,0,8.385898691375964,True,2969.0,4066.9671884884892
heldout:60:299,mlp,60,B6,other,0,8.047417114217243,False,3178.5,3124.711181058348
heldout:60:300,mlp,60,B6,other,0,8.052433671684078,False,3039.5,3140.430887260987
heldout:60:301,mlp,60,B4,other,0,8.104379544568092,False,2235.5,3068.836385599666
heldout:60:302,mlp,60,B8,other,0,8.933052362474232,True,7091.5,7577.36201649437
heldout:60:303,mlp,60,B8,other,0,8.384379197885986,True,3979.0,4377.139747128654
heldout:60:304,mlp,60,B2,other,0,5.073971605792288,False,3240.5,147.26061032299245
heldout:60:305,mlp,60,B8,other,0,8.08396220099321,False,3142.0,3006.7940069515307
heldout:60:306,mlp,60,B4,other,0,8.03549790497466,False,2338.5,2864.4993437514836
heldout:60:307,mlp,60,B4,other,0,7.921908781647312,False,3130.0,2556.8153178099565
heldout:60:308,mlp,60,B2,other,0,8.256454575134745,False,3859.5,3851.411424108953
heldout:60:309,mlp,60,B2,other,0,8.225771655607732,False,5791.0,3735.003198984989
heldout:60:310,mlp,60,B6,other,0,8.31964731691252,False,3310.5,3806.1924888039193
heldout:60:311,mlp,60,B2,other,0,8.667946782428062,True,3173.5,5812.550602781061
heldout:62:312,mlp,62,B6,other,0,8.929057041508262,True,5520.0,7001.74183112965
heldout:62:313,mlp,62,B4,other,0,8.791559615598533,True,5262.75,6102.145760019396
heldout:62:314,mlp,62,B6,other,0,8.463025681289333,True,4421.875,4735.3670766048235
heldout:62:315,mlp,62,B8,other,0,8.960051987505796,True,5300.0,7222.190180156757
heldout:62:316,mlp,62,B8,other,0,8.320718516394654,False,4293.75,4107.110692973536
heldout:62:317,mlp,62,B8,other,0,8.890857661890335,True,5445.0,6739.286172887159
heldout:62:318,mlp,62,B6,other,0,8.400479290359488,True,4380.625,4126.715108472978
heldout:62:319,mlp,62,B8,other,0,8.574896584459395,True,4465.0,5296.003617401299
heldout:62:320,mlp,62,B8,other,0,8.854849385679096,True,6042.0,6500.8978206716165
heldout:62:321,mlp,62,B4,other,0,8.493409438945319,True,3410.25,4881.484259794947
heldout:62:322,mlp,62,B8,other,0,8.682652414725514,True,6688.0,5472.384347157031
heldout:62:323,mlp,62,B8,other,0,8.36844855998703,True,4197.5,4307.945803338297
heldout:62:324,mlp,62,B2,other,0,8.172082301029942,False,2794.75,3283.8698183949555
heldout:62:325,mlp,62,B8,other,0,8.250469253852284,False,3300.0,3551.7216611774347
heldout:62:326,mlp,62,B8,other,0,9.164355398939303,True,6351.0,8859.472740925492
heldout:62:327,mlp,62,B2,other,0,9.054644685889125,True,8538.0,8557.195885553798
heldout:62:328,mlp,62,B4,other,0,8.44039031445283,True,4443.75,4629.361929080245
heldout:62:329,mlp,62,B2,other,0,8.796825835928464,True,5743.5,6134.371048556657
heldout:62:330,mlp,62,B8,other,0,8.123314726627811,False,2659.5,3371.1800949196195
heldout:62:331,mlp,62,B4,other,0,7.974989620934685,False,2898.75,2906.3276966011726
heldout:62:332,mlp,62,B4,other,0,8.74055361225657,True,5579.0,6250.355581525117
heldout:62:333,mlp,62,B6,other,0,8.551417280519914,True,5530.875,5173.08235921785
heldout:62:334,mlp,62,B4,other,0,8.284838324845346,False,3370.0,3962.323915785321
heldout:62:335,mlp,62,B4,other,0,8.975060156386201,True,6820.5,7331.414617454537
heldout:62:336,mlp,62,B6,other,0,8.31570722090706,False,3883.25,3791.2212982190485
heldout:62:337,mlp,62,B4,other,0,9.137848633777164,True,8773.0,9299.734307101191
heldout:62:338,mlp,62,B2,other,0,8.778335644152286,True,6495.0,6021.969229225491
heldout:62:339,mlp,62,B6,other,0,7.980181319827405,False,2545.0,2710.2940790103485
heldout:62:340,mlp,62,B8,other,0,9.119703626700677,True,9399.0,9132.494291417586
heldout:62:341,mlp,62,B2,other,0,8.331283819719818,True,5822.5,3850.7536601577376
heldout:62:342,mlp,62,B4,other,0,8.568421099923599,True,4295.0,4881.5411946698105
heldout:62:343,mlp,62,B4,other,0,8.590774675479672,True,5245.5,4991.9124484080785
heldout:62:344,mlp,62,B2,inner_high_charge,1,9.581278674908392,True,14244.125,12736.156058738465
heldout:62:345,mlp,62,B2,other,0,8.47003379292561,True,5580.75,4768.676648096465
heldout:62:346,mlp,62,B4,other,0,8.07457085866003,False,3038.125,3210.74877872687
heldout:62:347,mlp,62,B6,other,0,8.48394226782413,True,4301.0,4486.011943728534
heldout:62:348,mlp,62,B2,other,0,8.26863704766663,False,3939.375,3898.630358159104
heldout:62:349,mlp,62,B8,other,0,8.554823436261948,True,6011.25,5190.736138247759
heldout:62:350,mlp,62,B4,other,0,8.076699579230008,False,4151.25,3217.5929765255555
heldout:62:351,mlp,62,B2,other,0,8.398453585672712,True,6206.0,4439.195054578565
heldout:62:352,mlp,62,B4,other,0,8.637412223318972,True,4485.75,5637.719182039471
heldout:62:353,mlp,62,B8,other,0,8.893120321115417,True,5384.25,6754.55441047127
heldout:62:354,mlp,62,B4,other,0,8.920543497219517,True,4185.0,6942.376740638109
heldout:62:355,mlp,62,B6,other,0,8.85863033585076,True,7455.0,6525.5277051943485
heldout:62:356,mlp,62,B2,other,0,8.634446421746802,True,5399.0,5621.02063435385
heldout:62:357,mlp,62,B8,other,0,8.658927336027913,True,5819.0,5344.056189975416
heldout:62:358,mlp,62,B4,other,0,8.539813560018455,True,6010.0,5113.39074583881
heldout:62:359,mlp,62,B8,other,0,8.965809875272551,True,6206.0,7263.900464865094
heldout:62:360,mlp,62,B4,other,0,8.110286077070013,False,3265.5,3327.530109844562
heldout:62:361,mlp,62,B4,other,0,8.398573937758101,True,4633.75,4439.72947347149
heldout:62:362,mlp,62,B6,other,0,8.591665995442408,True,6676.25,5385.580222324489
heldout:62:363,mlp,62,B4,other,0,8.174531586701843,False,3506.875,3291.925263991896
heldout:62:364,mlp,62,B6,other,0,8.346945972364763,True,4666.375,3911.555313423736
heldout:62:365,mlp,62,B6,other,0,8.21610074235352,False,3604.375,3699.046782064207
heldout:62:366,mlp,62,B2,other,0,8.712566062979256,True,6606.25,6077.821129458036
heldout:62:367,mlp,62,B4,other,0,8.23375984109082,False,2550.0,3764.9666027845196
heldout:62:368,mlp,62,B6,other,0,8.343059485316745,True,4109.0,4199.922761743119
heldout:62:369,mlp,62,B8,other,0,8.161513845326207,False,4293.75,3502.4863276726455
heldout:62:370,mlp,62,B8,other,0,8.633606447900576,True,5358.125,5210.413733301535
heldout:62:371,mlp,62,B8,other,0,8.23778704665971,False,3367.875,3506.9498119910845
heldout:62:372,mlp,62,B2,inner_high_charge,1,9.633677424117572,True,15392.0,13955.176151104683
heldout:62:373,mlp,62,B8,other,0,8.526906634047023,True,4997.0,4682.994891301771
heldout:62:374,mlp,62,B4,other,0,8.763146160126496,True,4881.625,5931.174740718623
heldout:62:375,mlp,62,B2,other,0,8.757518728785614,True,5731.5,6357.315283964897
heldout:62:376,mlp,62,B4,other,0,8.375640579769696,True,4443.75,4339.047534870885
heldout:62:377,mlp,62,B2,other,0,9.514904064868484,True,7574.0,13559.332269823612
heldout:62:378,mlp,62,B2,inner_high_charge,1,9.209950129705565,True,9741.375,9272.815122372875
heldout:62:379,mlp,62,B2,other,0,8.220996481046633,False,3656.875,3717.205658548896
heldout:62:380,mlp,62,B8,other,0,8.825808128571683,True,5593.75,6806.689959292104
heldout:62:381,mlp,62,B8,other,0,8.297126728411625,False,4180.0,3721.410526519813
heldout:62:382,mlp,62,B8,other,0,9.121642433991491,True,9399.0,8488.984333299442
heldout:62:383,mlp,62,B2,other,0,8.402123161385727,True,4718.75,4133.506119988618
heldout:62:384,mlp,62,B2,other,0,8.642412328149444,True,6300.0,5665.983973632327
heldout:62:385,mlp,62,B6,other,0,8.463534286845402,True,5020.75,4395.369153429966
heldout:62:386,mlp,62,B4,other,0,8.575971525272767,True,3723.75,4918.545982618796
heldout:62:387,mlp,62,B2,other,0,8.342923250456288,True,5937.0,3895.847806095182
heldout:62:388,mlp,62,B8,other,0,8.903809517618123,True,6775.0,6827.153179047675
heldout:62:389,mlp,62,B8,other,0,8.713131082996057,True,5152.5,5641.774087169135
heldout:62:390,mlp,62,B6,other,0,7.9920369797832365,False,2150.5,2742.629560139322
heldout:62:391,mlp,62,B4,other,0,7.986284245876898,False,2627.0,2939.3510144524694
heldout:62:392,mlp,62,B6,other,0,7.782161140903386,False,3680.0,2396.450454126494
heldout:62:393,mlp,62,B2,other,0,8.637282346184262,True,5091.5,5636.986888903779
heldout:62:394,mlp,62,B4,other,0,7.916643317505377,False,2805.0,2741.5497092393052
heldout:62:395,mlp,62,B8,other,0,8.331118941598708,True,3937.0,4150.059748038067
heldout:62:396,mlp,62,B2,other,0,7.622237062923672,False,1597.0,1894.4983470627044
heldout:62:397,mlp,62,B6,other,0,8.079389492252064,False,1866.5,2993.071639110901
heldout:62:398,mlp,62,B4,other,0,7.915098770688994,False,2672.0,2737.31698248092
heldout:62:399,mlp,62,B4,other,0,8.289448852798243,False,3110.0,3692.9397588834854
heldout:62:400,mlp,62,B4,other,0,7.892574697343825,False,2594.5,2482.8739508557446
heldout:62:401,mlp,62,B8,other,0,7.92858473685705,False,2811.5,2774.4959664432577
heldout:62:402,mlp,62,B4,other,0,7.934552814276945,False,2990.5,2791.109868463621
heldout:62:403,mlp,62,B2,other,0,8.43334200915423,True,3350.5,4596.840469782977
heldout:62:404,mlp,62,B4,other,0,8.213688954838846,False,2948.0,3690.1338078518256
heldout:62:405,mlp,62,B6,other,0,8.135081394493994,False,3680.0,3164.54778203144
heldout:62:406,mlp,62,B2,other,0,8.079332288079591,False,3151.5,3226.077758817995
heldout:62:407,mlp,62,B2,other,0,8.216215074231831,False,5566.5,3432.086789994676
heldout:62:408,mlp,62,B6,other,0,8.421779559799244,True,3839.0,4215.579611579614
heldout:62:409,mlp,62,B2,other,0,8.208173203668094,False,3804.5,3404.589065160939
heldout:62:410,mlp,62,B8,other,0,8.109864483360475,False,3325.5,3326.1271182552396
heldout:62:411,mlp,62,B6,other,0,7.224817297946702,False,3160.5,1272.8731946628825
heldout:62:412,mlp,62,B8,other,0,8.706822501423696,True,5476.0,5606.288236925623
heldout:62:413,mlp,62,B4,other,0,7.778977539769663,False,2482.5,2216.149275975311
heldout:62:414,mlp,62,B2,other,0,8.08070495131584,False,2646.5,3230.5104914465833
heldout:62:415,mlp,62,B6,other,0,7.8809741011443295,False,2559.5,2645.449213745498
heldout:62:416,mlp,62,B4,other,0,8.245742592559008,False,2497.5,3810.3646984611237
heldout:62:417,mlp,62,B2,other,0,8.465547811468007,True,5427.5,4747.327887967297
heldout:62:418,mlp,62,B6,other,0,8.005626969824272,False,2750.5,2996.779029046721
heldout:62:419,mlp,62,B6,other,0,7.62361315501649,False,2940.0,2044.9410934490716
heldout:62:420,mlp,62,B8,other,0,8.657124586751973,True,3426.5,5334.429074044486
heldout:62:421,mlp,62,B2,other,0,9.043506305010446,True,6853.5,7850.864551138151
heldout:62:422,mlp,62,B8,other,0,8.113282632208508,False,2724.5,3096.2894350967117
heldout:62:423,mlp,62,B8,other,0,8.40612781034963,True,2696.0,4150.096562916291
heldout:62:424,mlp,62,B8,other,0,8.161315610424596,False,2960.0,3501.7918832390233
heldout:62:425,mlp,62,B4,other,0,7.59111214009704,False,2204.5,1836.4097975200448
heldout:62:426,mlp,62,B6,other,0,7.944202208355559,False,2599.0,2818.1824438072053
heldout:62:427,mlp,62,B6,other,0,7.787796913567523,False,2635.0,2235.7896246899636
heldout:62:428,mlp,62,B4,other,0,8.700235553616618,True,4386.5,6003.3263914944255
heldout:62:429,mlp,62,B8,other,0,8.467846054531016,True,3888.0,4414.366201877857
heldout:62:430,mlp,62,B6,other,0,7.814689006749511,False,2180.0,2296.757684863671
heldout:62:431,mlp,62,B4,other,0,7.738992631348004,False,2627.0,2129.2457579094516
heldout:62:432,mlp,62,B2,other,0,5.166476288205081,False,4163.5,161.62977333699007
heldout:62:433,mlp,62,B4,other,0,8.29644063971948,False,2122.5,3718.857498651967
heldout:62:434,mlp,62,B4,other,0,7.731042487498146,False,2952.5,2276.975724601886
heldout:62:435,mlp,62,B8,other,0,8.35624884239398,True,3980.0,3948.1231361125974
heldout:62:436,mlp,62,B2,other,0,8.586714267606766,True,7696.0,5358.973272651318
heldout:62:437,mlp,62,B4,other,0,8.110867844875813,False,4996.0,3329.4671048891505
heldout:62:438,mlp,62,B8,other,0,8.755191531119817,True,2596.0,5884.173677301434
heldout:62:439,mlp,62,B4,other,0,8.837311761596101,True,6526.0,6885.455301517479
heldout:62:440,mlp,62,B2,other,0,8.195576308308752,False,2855.0,3623.879438202305
heldout:62:441,mlp,62,B8,other,0,8.436122757544902,True,3426.5,4276.4946607361
heldout:62:442,mlp,62,B6,other,0,7.6810939210316995,False,2054.5,2009.4099209510575
heldout:62:443,mlp,62,B8,other,0,8.426456521892034,True,4100.5,4235.346583240932
heldout:62:444,mlp,62,B8,other,0,8.283605438825832,False,4555.0,3671.417482708526
heldout:62:445,mlp,62,B4,other,0,7.420056551669462,False,2911.5,1668.127897044914
heldout:62:446,mlp,62,B4,other,0,7.624514265340253,False,2608.0,2046.785542991643
heldout:62:447,mlp,62,B4,other,0,8.419538913403894,True,4198.5,4206.142324432253
heldout:62:448,mlp,62,B8,other,0,8.043257768352087,False,2558.0,2886.821724466781
heldout:62:449,mlp,62,B2,other,0,8.145208962445938,False,3282.0,3445.8255721809296
heldout:62:450,mlp,62,B2,other,0,8.98747293208632,True,3247.5,8001.209196372914
heldout:62:451,mlp,62,B2,other,0,9.14379347505284,True,6035.5,9355.190371731878
heldout:62:452,mlp,62,B2,other,0,8.987874831897589,True,3720.0,8004.4259290975115
heldout:62:453,mlp,62,B8,other,0,7.92594285679517,False,2813.0,2767.17311629276
heldout:62:454,mlp,62,B4,other,0,8.62717033694118,True,4996.0,5176.980202626419
heldout:62:455,mlp,62,B4,other,0,7.095199670274243,False,1611.0,1118.0100284807709
heldout:62:456,mlp,62,B8,other,0,8.91784350807619,True,3980.0,6923.654984462941
heldout:62:457,mlp,62,B8,other,0,8.449405215962935,True,3290.0,4333.689307588154
heldout:62:458,mlp,62,B2,other,0,7.8928921919954345,False,1576.0,2483.6626927544544
heldout:62:459,mlp,62,B4,other,0,8.603724922993012,True,2319.5,5056.992391575494
heldout:62:460,mlp,62,B6,other,0,8.110955030272883,False,2384.0,3329.7574856444207
heldout:62:461,mlp,62,B8,other,0,7.934602090678833,False,2994.0,2589.489390432073
heldout:62:462,mlp,62,B8,other,0,8.131783833169514,False,2865.5,3154.1263861340863
heldout:62:463,mlp,62,B6,other,0,8.487833424000316,True,3537.5,4854.3352166716895
heldout:62:464,mlp,62,B8,other,0,8.42127903518326,True,3572.0,4213.469637779721
heldout:62:465,mlp,62,B4,other,0,7.692203177257058,False,3365.5,2190.196843158378
heldout:62:466,mlp,62,B6,other,0,8.172417488315507,False,3160.5,3540.896114566893
heldout:62:467,mlp,62,B6,other,0,8.23337663821584,False,3121.5,3491.512388215372
heldout:64:468,mlp,64,B8,other,0,9.019634760245484,True,7245.75,8262.758276957113
heldout:64:469,mlp,64,B2,other,0,8.980193125319728,True,7392.0,7943.166186998726
heldout:64:470,mlp,64,B8,other,0,8.498057405984202,True,4891.25,4549.795837469977
heldout:64:471,mlp,64,B8,other,0,9.014766917662593,True,9017.0,8222.629352406535
heldout:64:472,mlp,64,B6,other,0,8.33868549741948,True,4446.75,3879.368868965333
heldout:64:473,mlp,64,B2,other,0,8.843537892647534,True,7881.125,6427.766043341135
heldout:64:474,mlp,64,B4,other,0,8.675395652212675,True,5504.25,5432.8090646927
heldout:64:475,mlp,64,B8,other,0,8.254591346818652,False,3336.375,3566.396534966263
heldout:64:476,mlp,64,B4,other,0,8.310191710462705,False,4533.375,3770.362837448196
heldout:64:477,mlp,64,B4,other,0,9.081622390438051,True,6872.5,8791.218873889939
heldout:64:478,mlp,64,B2,other,0,8.845929992833277,True,8735.125,6945.0608439567
heldout:64:479,mlp,64,B8,other,0,8.469087173129143,True,5393.0,4764.163714111958
heldout:64:480,mlp,64,B8,other,0,8.606032138997763,True,5123.125,5068.675745400938
heldout:64:481,mlp,64,B2,inner_high_charge,1,9.1457063930927,True,9009.0,9373.10512634408
heldout:64:482,mlp,64,B2,inner_high_charge,1,9.113768624707044,True,11826.5,8422.398302694199
heldout:64:483,mlp,64,B4,other,0,8.40351533168557,True,6352.0,4139.26606509534
heldout:64:484,mlp,64,B2,inner_high_charge,1,9.577118150129458,True,14830.375,13919.504139204346
heldout:64:485,mlp,64,B6,other,0,8.409385589470993,True,4928.875,4163.641970623001
heldout:64:486,mlp,64,B4,other,0,8.400735207234428,True,4402.0,4449.337465525122
heldout:64:487,mlp,64,B6,other,0,8.108687793703053,False,2825.375,3322.2144246507646
heldout:64:488,mlp,64,B6,other,0,8.937459315182446,True,7062.0,7610.833198293465
heldout:64:489,mlp,64,B4,other,0,8.519963280106976,True,4634.0,5012.869644657665
heldout:64:490,mlp,64,B8,other,0,8.669483964530567,True,4728.0,5400.780846267141
heldout:64:491,mlp,64,B4,other,0,8.35394393305547,True,4744.375,4245.897235489437
heldout:64:492,mlp,64,B6,other,0,7.910394343146504,False,3441.0,2724.4650229076688
heldout:64:493,mlp,64,B6,other,0,8.050480838288287,False,4283.0,3134.302182231383
heldout:64:494,mlp,64,B2,other,0,9.222042871571352,True,2249.375,9385.641791727747
heldout:64:495,mlp,64,B8,other,0,8.582849547552538,True,3901.875,4952.499361689326
heldout:64:496,mlp,64,B8,other,0,8.38604161381608,True,3393.125,4067.5486338351834
heldout:64:497,mlp,64,B4,other,0,8.838356943877006,True,7125.0,6394.545068208401
heldout:64:498,mlp,64,B8,other,0,8.495514783793228,True,3560.0,4891.774401223514
heldout:64:499,mlp,64,B2,other,0,7.927025389308715,False,3558.0,2770.1713762584145
heldout:64:500,mlp,64,B4,other,0,8.518693339065313,True,5188.0,4644.681414888114
heldout:64:501,mlp,64,B6,other,0,8.780540904790092,True,5634.0,6035.266102336103
heldout:64:502,mlp,64,B8,other,0,8.297748746616277,False,4682.25,4013.8238266104436
heldout:64:503,mlp,64,B8,other,0,8.800556348122909,True,6440.0,6157.301870332386
heldout:64:504,mlp,64,B4,other,0,8.263325856260169,False,3471.0,3877.9735795235365
heldout:64:505,mlp,64,B2,other,0,8.500234075785338,True,3470.25,4559.712205755004
heldout:64:506,mlp,64,B2,other,0,7.793960722961242,False,2397.75,2424.9069245527826
heldout:64:507,mlp,64,B8,other,0,8.723471732914014,True,5020.5,6144.477552121049
heldout:64:508,mlp,64,B4,other,0,8.423881868463717,True,4986.0,4553.549344990341
heldout:64:509,mlp,64,B4,other,0,7.814980560403887,False,2617.5,2297.4277021818166
heldout:64:510,mlp,64,B8,other,0,8.783854370908076,True,6930.875,6526.990040003855
heldout:64:511,mlp,64,B4,other,0,8.363947681988936,True,3750.0,4288.595343672789
heldout:64:512,mlp,64,B2,other,0,8.94346805072539,True,8730.0,7656.708378866542
heldout:64:513,mlp,64,B4,other,0,9.057186884872179,True,8321.0,7959.020744055681
heldout:64:514,mlp,64,B8,other,0,8.948099260097743,True,8202.0,7136.367287511519
heldout:64:515,mlp,64,B8,other,0,8.960017923837189,True,7385.875,7784.497006909545
heldout:64:516,mlp,64,B4,other,0,8.506509912128353,True,5389.375,4945.8679213186815
heldout:64:517,mlp,64,B6,other,0,7.900812207350602,False,2293.5,2503.4193928450095
heldout:64:518,mlp,64,B8,other,0,8.342805273139575,True,5043.75,4198.854971750092
heldout:64:519,mlp,64,B2,other,0,8.638589561256067,True,7487.25,5644.361769566976
heldout:64:520,mlp,64,B4,other,0,8.6392335975904,True,4701.375,5647.998758717895
heldout:64:521,mlp,64,B2,other,0,8.782440320850865,True,6662.0,6517.7656587198035
heldout:64:522,mlp,64,B8,other,0,8.452323109590509,True,5642.0,4346.355940853437
heldout:64:523,mlp,64,B8,other,0,8.273099568623255,False,5627.0,3916.071426979459
heldout:64:524,mlp,64,B2,other,0,8.531935089249231,True,5484.5,5073.2554777141595
heldout:64:525,mlp,64,B6,other,0,8.76471372324899,True,6143.375,5940.481091318694
heldout:64:526,mlp,64,B8,other,0,8.457448562842925,True,5275.625,4368.695311294252
heldout:64:527,mlp,64,B8,other,0,8.652713221542754,True,4860.625,5310.944385704139
heldout:64:528,mlp,64,B8,other,0,8.95953357437533,True,6440.0,7780.7270186935275
heldout:64:529,mlp,64,B2,inner_high_charge,1,8.709982202340164,True,9703.0,6062.134577469065
heldout:64:530,mlp,64,B8,other,0,8.598615549073546,True,4227.75,5423.144928250977
heldout:64:531,mlp,64,B4,other,0,9.15586531956339,True,8247.0,8784.565060079007
heldout:64:532,mlp,64,B2,inner_high_charge,1,9.164966516633028,True,11709.0,9555.401438669905
heldout:64:533,mlp,64,B2,other,0,8.319524122360749,False,4200.0,4102.206919173275
heldout:64:534,mlp,64,B2,other,0,8.643585178267681,True,6671.25,5672.6343956676355
heldout:64:535,mlp,64,B6,other,0,8.078695401688377,False,3029.25,2990.99420328689
heldout:64:536,mlp,64,B6,other,0,8.739657126950016,True,4788.875,6244.7538444129095
heldout:64:537,mlp,64,B8,other,0,8.475327889342795,True,4780.625,4447.525132574492
heldout:64:538,mlp,64,B2,inner_high_charge,1,9.044741338856282,True,9007.0,8472.859397760161
heldout:64:539,mlp,64,B8,other,0,8.762787119646442,True,5884.375,6390.901769779308
heldout:64:540,mlp,64,B6,other,0,8.171794452635595,False,3006.0,3538.6900742052667
heldout:64:541,mlp,64,B6,other,0,7.7697876871143725,False,2280.0,2195.8673375667568
heldout:64:542,mlp,64,B8,other,0,8.72062195516932,True,7061.0,6126.989237702656
heldout:64:543,mlp,64,B8,other,0,8.117225499477403,False,3252.0,3108.5257434501586
heldout:64:544,mlp,64,B6,other,0,8.529513465508183,True,5106.5,5060.982406559131
heldout:64:545,mlp,64,B2,other,0,7.910407607565385,False,2119.375,2724.5011748571424
heldout:64:546,mlp,64,B4,other,0,8.539891942454187,True,1890.0,4744.214627895127
heldout:64:547,mlp,64,B8,other,0,7.602637052764149,False,1689.5,1857.7082808054572
heldout:64:548,mlp,64,B8,other,0,8.102896209396356,False,3152.0,3064.2861649029433
heldout:64:549,mlp,64,B8,other,0,8.508972524166825,True,2622.0,4958.065150171637
heldout:64:550,mlp,64,B4,other,0,8.26433237290291,False,1875.0,3601.3164393945135
heldout:64:551,mlp,64,B6,other,0,8.301451973080358,False,3301.5,4028.719191886432
heldout:64:552,mlp,64,B6,other,0,7.745894645159563,False,1555.0,2143.999600595558
heldout:64:553,mlp,64,B2,other,0,7.852001837812484,False,1695.5,2384.1131339419544
heldout:64:554,mlp,64,B4,other,0,7.625389809813081,False,3562.5,2048.5792554282652
heldout:64:555,mlp,64,B6,other,0,7.482464530331283,False,2198.5,1775.613903718334
heldout:64:556,mlp,64,B4,other,0,8.63202559210816,True,4924.0,5202.181748219605
heldout:64:557,mlp,64,B2,other,0,8.491594262346817,True,2862.5,4872.629727325283
heldout:64:558,mlp,64,B2,other,0,8.203835457672103,False,3331.0,3653.9418329223126
heldout:64:559,mlp,64,B2,other,0,8.690594807726121,True,6983.5,5516.029209578337
heldout:64:560,mlp,64,B8,other,0,8.00948463106287,False,1906.5,2790.919499928782
heldout:64:561,mlp,64,B6,other,0,8.10236058088176,False,2918.0,3062.644749861216
heldout:64:562,mlp,64,B6,other,0,8.721825300426964,True,3920.5,5691.047478406439
heldout:64:563,mlp,64,B6,other,0,8.096536801273697,False,3593.5,3282.0784113601917
heldout:64:564,mlp,64,B8,other,0,8.614918693129692,True,2927.5,5113.928465915597
heldout:64:565,mlp,64,B8,other,0,8.781647862479584,True,4944.5,6041.951693164315
heldout:64:566,mlp,64,B4,other,0,6.711391308648933,False,1888.0,820.7131010524179
heldout:64:567,mlp,64,B4,other,0,7.830258143461748,False,2485.5,2514.5786697957924
heldout:64:568,mlp,64,B2,other,0,8.28320515050118,False,3833.5,3955.8563995767518
heldout:64:569,mlp,64,B2,other,0,8.140956515360612,False,2313.5,3183.2004976863846
heldout:64:570,mlp,64,B8,other,0,8.858791252985888,True,6705.5,7034.972891247922
heldout:64:571,mlp,64,B8,other,0,8.27583811108789,False,2418.5,3643.003107269427
heldout:64:572,mlp,64,B4,other,0,7.389140221480987,False,2344.5,1500.3803863521184
heldout:64:573,mlp,64,B2,other,0,7.587714813581673,False,1636.5,1830.17810803106
heldout:64:574,mlp,64,B6,other,0,7.842255726728203,False,1723.5,2360.980466272026
heldout:64:575,mlp,64,B8,other,0,8.275737835707597,False,2777.5,3642.6377217919453
heldout:64:576,mlp,64,B6,other,0,7.991423806476896,False,3057.0,2954.502028101657
heldout:64:577,mlp,64,B8,other,0,8.20193520619968,False,3732.0,3383.4111318153145
heldout:64:578,mlp,64,B4,other,0,8.241808981580775,False,2442.0,3795.401721001287
heldout:64:579,mlp,64,B2,other,0,8.526869489796148,True,5876.0,4682.820911051631
heldout:64:580,mlp,64,B2,other,0,8.027665797833869,False,2509.5,3063.579968889204
heldout:64:581,mlp,64,B4,other,0,8.426635330682915,True,2591.5,4236.104146978749
heldout:64:582,mlp,64,B2,other,0,7.567822897967806,False,1695.5,1933.9231675205158
heldout:64:583,mlp,64,B6,other,0,8.148593825456052,False,2959.0,3457.512372513337
heldout:64:584,mlp,64,B8,other,0,7.900849449335609,False,2336.5,2503.5126641312827
heldout:64:585,mlp,64,B8,other,0,8.233133067020399,False,3550.5,3490.6618163894827
heldout:64:586,mlp,64,B2,other,0,8.745500945963107,True,6097.0,6281.359754461606
heldout:64:587,mlp,64,B8,other,0,7.759430777938991,False,1689.5,2173.2320004787293
heldout:64:588,mlp,64,B6,other,0,8.560343006596,True,4872.0,5219.471521549766
heldout:64:589,mlp,64,B8,other,0,7.930708219833498,False,2189.0,2579.4219726521815
heldout:64:590,mlp,64,B6,other,0,7.99643365196175,False,2912.0,2754.7189569771726
heldout:64:591,mlp,64,B6,other,0,8.021649734100842,False,2036.0,2825.090916302521
heldout:64:592,mlp,64,B2,other,0,7.288048956707425,False,3035.0,1356.0234720590538
heldout:64:593,mlp,64,B4,other,0,8.492830037965119,True,3457.5,4526.069220754721
heldout:64:594,mlp,64,B4,other,0,7.806444106837982,False,2310.5,2455.380261389064
heldout:64:595,mlp,64,B4,other,0,7.448321636915885,False,1622.5,1591.9160941301031
heldout:64:596,mlp,64,B2,other,0,8.803579422480173,True,6575.5,6657.033319013723
heldout:64:597,mlp,64,B8,other,0,8.248089472962505,False,1940.5,3543.27701425157
heldout:64:598,mlp,64,B4,other,0,7.534978930665492,False,1622.5,1736.111457180914
heldout:64:599,mlp,64,B4,other,0,7.128823037998387,False,2616.0,1246.4079508361383
heldout:64:600,mlp,64,B6,other,0,8.359852343094868,True,3966.5,3962.379475038334
heldout:64:601,mlp,64,B4,other,0,8.198961069892324,False,2564.5,3373.3603853428076
heldout:64:602,mlp,64,B6,other,0,8.259361829476845,False,2596.5,3583.4553954187845
heldout:64:603,mlp,64,B8,other,0,7.915823984309299,False,3615.5,2739.3035675155224
heldout:64:604,mlp,64,B4,other,0,8.539915953948455,True,3070.0,4744.328568956912
heldout:64:605,mlp,64,B6,other,0,8.14982351311782,False,2816.5,3211.5603438915773
heldout:64:606,mlp,64,B2,other,0,7.743834333678875,False,1869.0,2139.5847828039696
heldout:64:607,mlp,64,B2,other,0,8.37648878960967,True,4040.0,4028.8675548922743
heldout:64:608,mlp,64,B8,other,0,8.812367200947456,True,3843.5,6230.467893407019
heldout:64:609,mlp,64,B4,other,0,7.71239483985032,False,1889.0,2234.890451150101
heldout:64:610,mlp,64,B4,other,0,7.389933125387902,False,2118.5,1501.5713088073635
heldout:64:611,mlp,64,B4,other,0,7.983582364218246,False,2314.0,2931.417256840088
heldout:64:612,mlp,64,B4,other,0,7.796791945476388,False,1890.0,2431.784938857294
heldout:64:613,mlp,64,B2,other,0,8.28152519862144,False,2509.5,3663.7859127151123
heldout:64:614,mlp,64,B6,other,0,8.414738858815879,True,3966.5,4185.9962015416595
heldout:64:615,mlp,64,B8,other,0,8.183484332259376,False,3615.5,3580.3114253973667
heldout:64:616,mlp,64,B8,other,0,8.417851692902147,True,3218.5,4526.167255215074
heldout:64:617,mlp,64,B6,other,0,8.146678648744448,False,2961.0,3201.4731470654046
heldout:64:618,mlp,64,B8,other,0,8.182997707802192,False,2664.5,3319.9219123369694
heldout:64:619,mlp,64,B2,other,0,5.838556232611444,False,1850.0,317.4789024941361
heldout:64:620,mlp,64,B2,other,0,8.836542928857085,True,4991.5,6880.162804009278
heldout:64:621,mlp,64,B8,other,0,8.693916451281112,True,3218.5,5534.385283384798
heldout:64:622,mlp,64,B4,other,0,7.938565961167425,False,2029.0,2802.3375295579517
heldout:64:623,mlp,64,B4,other,0,8.334833962693322,True,2929.5,4165.509703252573
heldout:65:624,mlp,65,B6,other,0,8.550862152773666,True,3958.75,5170.210879631615
heldout:65:625,mlp,65,B8,other,0,8.34193359483338,True,3668.25,3891.9931764448265
heldout:65:626,mlp,65,B4,other,0,8.773529032116011,True,5883.0,5993.088617386053
heldout:65:627,mlp,65,B2,other,0,8.865002370307122,True,7246.5,6567.247744212802
heldout:65:628,mlp,65,B8,other,0,8.41707797549122,True,5266.0,4195.801537618038
heldout:65:629,mlp,65,B8,other,0,8.817563146832805,True,2797.5,6262.93052737707
heldout:65:630,mlp,65,B2,other,0,8.12115053443007,False,3877.5,3363.88994056183
heldout:65:631,mlp,65,B2,other,0,8.817566258891272,True,7756.5,6750.81244970455
heldout:65:632,mlp,65,B2,other,0,8.425054475593306,True,5211.0,4558.893174518326
heldout:65:633,mlp,65,B8,other,0,8.520106628638795,True,4822.0,5013.588427026921
heldout:65:634,mlp,65,B8,other,0,9.1202650765593,True,9867.375,8477.298639814588
heldout:65:635,mlp,65,B6,other,0,8.43580962376784,True,3812.375,4608.200178044089
heldout:65:636,mlp,65,B8,other,0,8.1588315046213,False,2785.125,3240.6297922786866
heldout:65:637,mlp,65,B6,other,0,8.444285647485689,True,4584.0,4311.554278096523
heldout:65:638,mlp,65,B2,other,0,8.480823689603511,True,6504.0,4820.4196149493955
heldout:65:639,mlp,65,B8,other,0,8.479598587019298,True,3555.0,4466.564064345524
heldout:65:640,mlp,65,B6,other,0,8.759883500953103,True,5650.75,5911.851615908983
heldout:65:641,mlp,65,B8,other,0,7.748991302788205,False,2627.25,2150.6522251062374
heldout:65:642,mlp,65,B6,other,0,9.06584367957005,True,6941.875,8653.577749812015
heldout:65:643,mlp,65,B2,other,0,8.797833187509609,True,5473.0,6618.884406399252
heldout:65:644,mlp,65,B4,other,0,8.384564109063701,True,3003.75,4061.5417725692064
heldout:65:645,mlp,65,B2,other,0,8.935219950903235,True,8190.0,7593.80660242054
heldout:65:646,mlp,65,B6,other,0,7.443948729861397,False,2537.25,1584.9656280516947
heldout:65:647,mlp,65,B4,other,0,8.719050096628976,True,6814.5,6117.364471851141
heldout:65:648,mlp,65,B4,other,0,8.595459421198782,True,3405.625,5015.357848616417
heldout:65:649,mlp,65,B6,other,0,8.112851845865455,False,3991.5,3336.081314050378
heldout:65:650,mlp,65,B6,other,0,8.490225438359463,True,4733.25,4514.293360405403
heldout:65:651,mlp,65,B8,other,0,8.456124288594633,True,3616.5,4362.912466202155
heldout:65:652,mlp,65,B2,other,0,8.565843632716264,True,5710.0,5248.266506179743
heldout:65:653,mlp,65,B6,other,0,8.49266569153384,True,4557.0,4877.854274828431
heldout:65:654,mlp,65,B2,inner_high_charge,1,9.399482962178054,True,13929.125,11653.91154713968
heldout:65:655,mlp,65,B4,other,0,8.112657147232015,False,2466.0,3335.4316521250553
heldout:65:656,mlp,65,B6,other,0,8.289081846992975,False,5055.0,3979.178103868605
heldout:65:657,mlp,65,B4,other,0,8.366228335383077,True,4227.75,4298.389588246096
heldout:65:658,mlp,65,B8,other,0,8.884220855368213,True,4804.625,7216.189248791057
heldout:65:659,mlp,65,B2,other,0,7.869727617011464,False,4065.0,2615.852704942939
heldout:65:660,mlp,65,B2,inner_high_charge,1,9.293056676613476,True,12127.0,10861.336053957368
heldout:65:661,mlp,65,B8,other,0,8.801258430372414,True,6697.5,6161.6270228914
heldout:65:662,mlp,65,B8,other,0,9.32736359011488,True,9431.0,11240.455299543653
heldout:65:663,mlp,65,B8,other,0,8.103962132902485,False,3813.125,3306.547088926184
heldout:65:664,mlp,65,B2,other,0,9.042616256455485,True,8644.125,8454.870868610153
heldout:65:665,mlp,65,B2,other,0,8.5816174190565,True,5572.875,5331.723802847703
heldout:65:666,mlp,65,B2,other,0,8.440563286987905,True,3771.25,4630.162923794479
heldout:65:667,mlp,65,B8,other,0,8.793810672081538,True,6256.25,6115.899760557319
heldout:65:668,mlp,65,B6,other,0,7.968289120632508,False,2374.5,2886.91226568262
heldout:65:669,mlp,65,B4,other,0,8.816818683266627,True,5330.0,6258.268994704278
heldout:65:670,mlp,65,B8,other,0,8.615577932086994,True,4602.5,5117.301537732157
heldout:65:671,mlp,65,B4,other,0,8.18512436709505,False,4328.25,3586.1897198787024
heldout:65:672,mlp,65,B2,other,0,8.492139799952355,True,5473.0,4522.945543656493
heldout:65:673,mlp,65,B6,other,0,8.147249922218348,False,2737.875,3452.867588307613
heldout:65:674,mlp,65,B4,other,0,8.829053676864813,True,5147.625,6828.82053932658
heldout:65:675,mlp,65,B4,other,0,8.806337229400503,True,6075.0,6675.420231500479
heldout:65:676,mlp,65,B2,other,0,8.697612682968826,True,6012.75,5987.598455230225
heldout:65:677,mlp,65,B6,other,0,7.408838855042944,False,2378.25,1649.5087538620885
heldout:65:678,mlp,65,B6,other,0,7.937044911319918,False,3428.25,2798.076754683068
heldout:65:679,mlp,65,B2,other,0,8.99238846453782,True,8406.0,7459.580196757548
heldout:65:680,mlp,65,B8,other,0,9.427050525804969,True,12657.0,10915.716593169858
heldout:65:681,mlp,65,B2,other,0,8.159992223490503,False,2436.0,3497.1594001877615
heldout:65:682,mlp,65,B6,other,0,8.051655517669973,False,2209.375,2911.1750407857453
heldout:65:683,mlp,65,B4,other,0,8.360529316871288,True,4384.625,3965.063487409424
heldout:65:684,mlp,65,B4,other,0,8.70525318347534,True,5549.25,5597.495519942629
heldout:65:685,mlp,65,B6,other,0,8.371152676693796,True,4058.125,4319.61346392188
heldout:65:686,mlp,65,B6,other,0,8.113121861416472,False,2908.125,3095.791521447126
heldout:65:687,mlp,65,B8,other,0,8.447463641397432,True,5068.0,4662.230099496064
heldout:65:688,mlp,65,B4,other,0,8.017282606512948,False,3576.125,3031.924475674634
heldout:65:689,mlp,65,B6,other,0,8.536250529881471,True,4554.375,5095.200443021737
heldout:65:690,mlp,65,B2,other,0,8.72002654107464,True,4821.0,6123.341632564011
heldout:65:691,mlp,65,B6,other,0,8.276776886741526,False,3667.5,3646.4256149003722
heldout:65:692,mlp,65,B4,other,0,8.28242412335151,False,2495.625,3667.0817605400807
heldout:65:693,mlp,65,B2,other,0,8.404821776948191,True,4681.875,4467.561290932691
heldout:65:694,mlp,65,B4,other,0,9.082971834014993,True,7203.875,8166.93852925589
heldout:65:695,mlp,65,B8,other,0,8.522324449541586,True,4266.0,4661.581061015763
heldout:65:696,mlp,65,B6,other,0,8.381985565280353,True,5050.5,4366.672621302336
heldout:65:697,mlp,65,B4,other,0,8.29785610085747,False,2095.0,4014.2548581119845
heldout:65:698,mlp,65,B8,other,0,8.097447832017044,False,3969.0,3285.070759579409
heldout:65:699,mlp,65,B6,other,0,9.746138153226221,True,14409.0,15616.356223746894
heldout:65:700,mlp,65,B8,other,0,8.884401605422493,True,8457.75,6695.910672744578
heldout:65:701,mlp,65,B8,other,0,8.629711027820038,True,6075.0,5190.152576076921
heldout:65:702,mlp,65,B8,other,0,7.9575470979480185,False,3139.0,2856.056271218318
heldout:65:703,mlp,65,B6,other,0,7.191612173249617,False,2425.0,1327.2428379871433
heldout:65:704,mlp,65,B4,other,0,7.919246451848476,False,2243.5,2550.014626727634
heldout:65:705,mlp,65,B4,other,0,8.184585347799219,False,2815.5,3325.1985283669783
heldout:65:706,mlp,65,B4,other,0,7.84947051144717,False,3472.0,2563.3761494831974
heldout:65:707,mlp,65,B2,other,0,9.097783746957623,True,8211.0,8288.82175720269
heldout:65:708,mlp,65,B6,other,0,7.319108877628655,False,2049.0,1507.8587926682305
heldout:65:709,mlp,65,B2,other,0,8.621395645226139,True,2802.5,5147.1651325225375
heldout:65:710,mlp,65,B6,other,0,7.334832617835434,False,2107.0,1531.771199907124
heldout:65:711,mlp,65,B2,other,0,7.763983946101165,False,1624.0,2183.1542160167037
heldout:65:712,mlp,65,B8,other,0,7.885533545140483,False,3070.0,2465.4460445872446
heldout:65:713,mlp,65,B2,other,0,8.335980824681185,True,2796.5,3868.8879212269608
heldout:65:714,mlp,65,B8,other,0,8.328736023586346,True,3712.0,3840.9526678422017
heldout:65:715,mlp,65,B4,other,0,8.441082800731332,True,3171.0,4297.763923608698
heldout:65:716,mlp,65,B2,other,0,8.181692695370636,False,2796.5,3315.590894587808
heldout:65:717,mlp,65,B2,other,0,8.625303387614977,True,5637.0,5569.852579887631
heldout:65:718,mlp,65,B6,other,0,7.999831923131766,False,2851.0,2764.099567162445
heldout:65:719,mlp,65,B2,other,0,8.27574913545562,False,3296.5,3642.678894212707
heldout:65:720,mlp,65,B8,other,0,8.153049300416338,False,2438.0,3221.940112707102
heldout:65:721,mlp,65,B8,other,0,8.337536762736077,True,4201.0,4176.786178020228
heldout:65:722,mlp,65,B8,other,0,8.335511477026081,True,3037.5,3867.0720245823686
heldout:65:723,mlp,65,B8,other,0,8.392401260991736,True,3575.0,4093.5056188104354
heldout:65:724,mlp,65,B8,other,0,8.375610594738392,True,3419.0,4025.3300993886296
heldout:65:725,mlp,65,B2,other,0,8.004272005480509,False,2802.5,2992.7198959631987
heldout:65:726,mlp,65,B6,other,0,8.506064588773262,True,4175.5,4943.665455939807
heldout:65:727,mlp,65,B4,other,0,8.162092787971549,False,3795.5,3251.218923240691
heldout:65:728,mlp,65,B6,other,0,7.870606695319083,False,2957.0,2618.1541348104156
heldout:65:729,mlp,65,B8,other,0,8.232511559046987,False,3477.0,3488.4923949563267
heldout:65:730,mlp,65,B4,other,0,8.370974417728862,True,3401.5,4318.843344480309
heldout:65:731,mlp,65,B4,other,0,8.265150157668002,False,2998.0,3604.2635637901612
heldout:65:732,mlp,65,B8,other,0,7.92548986748903,False,2340.5,2765.919447444261
heldout:65:733,mlp,65,B4,other,0,8.057985628953922,False,1676.0,2929.667902055977
heldout:65:734,mlp,65,B4,other,0,7.896943322947501,False,3171.5,2493.7488029770225
heldout:65:735,mlp,65,B4,other,0,8.388022733278945,True,2922.0,4075.616904184113
heldout:65:736,mlp,65,B8,other,0,8.2732422184317,False,3575.0,3633.555933593624
heldout:65:737,mlp,65,B8,other,0,8.404768664705378,True,3306.0,4144.458450479836
heldout:65:738,mlp,65,B6,other,0,8.361366587086446,True,3367.0,3968.3855447746273
heldout:65:739,mlp,65,B8,other,0,7.912899060887732,False,2238.0,2533.8736203766684
heldout:65:740,mlp,65,B2,other,0,8.146429982588643,False,4008.5,3200.6768993828855
heldout:65:741,mlp,65,B4,other,0,6.626701280274483,False,2505.5,753.9875660266086
heldout:65:742,mlp,65,B6,other,0,8.10450667296205,False,3139.5,3308.3486712873646
heldout:65:743,mlp,65,B8,other,0,8.580215066868494,True,4349.5,4939.466638069634
heldout:65:744,mlp,65,B4,other,0,7.927701682699206,False,3464.5,2772.0461350161227
heldout:65:745,mlp,65,B8,other,0,8.249481456933603,False,3477.0,3548.2140263682318
heldout:65:746,mlp,65,B6,other,0,8.40163507592656,True,3006.5,4453.343987281157
heldout:65:747,mlp,65,B8,other,0,8.436103550970062,True,4349.5,4276.4125055037275
heldout:65:748,mlp,65,B6,other,0,7.743569133083344,False,1885.0,2139.017173713246
heldout:65:749,mlp,65,B6,other,0,8.280532120066422,False,3056.0,3660.1482989335327
heldout:65:750,mlp,65,B2,other,0,8.301733131749296,False,4095.0,4029.8523416605994
heldout:65:751,mlp,65,B8,other,0,8.133548269513458,False,2745.5,3159.698320015281
heldout:65:752,mlp,65,B4,other,0,7.899258577352322,False,3442.5,2694.283243238184
heldout:65:753,mlp,65,B4,other,0,8.417667156286317,True,3464.5,4525.331904169298
heldout:65:754,mlp,65,B4,other,0,7.741799278511056,False,1734.0,2135.2330042361914
heldout:65:755,mlp,65,B4,other,0,8.05427755722901,False,3125.0,2918.820898435639
heldout:65:756,mlp,65,B2,other,0,8.512505581816342,True,4823.5,4975.616800473716
heldout:65:757,mlp,65,B4,other,0,7.596782054151479,False,2821.0,1990.7761436649848
heldout:65:758,mlp,65,B2,other,0,8.5763463609267,True,4768.5,5303.688658042494
heldout:65:759,mlp,65,B4,other,0,8.27680600333471,False,3334.5,3646.531817054291
heldout:65:760,mlp,65,B2,other,0,8.619374165065436,True,6768.5,5536.919485455908
heldout:65:761,mlp,65,B2,other,0,8.275977472062678,False,5720.5,3643.510974482203
heldout:65:762,mlp,65,B6,other,0,7.966745009776827,False,2075.5,2674.107939622667
heldout:65:763,mlp,65,B6,other,0,7.950152440818325,False,1944.0,2630.087244822505
heldout:65:764,mlp,65,B4,other,0,8.096879812555397,False,2941.5,3045.899552942541
heldout:65:765,mlp,65,B2,other,0,8.520983246124022,True,2119.0,4655.331783075303
heldout:65:766,mlp,65,B8,other,0,8.31047264343133,False,2411.0,3771.4224864440857
heldout:65:767,mlp,65,B8,other,0,7.810354346684076,False,1591.5,2286.819241834445
heldout:65:768,mlp,65,B4,other,0,7.335830063715429,False,2724.5,1533.3008189547363
heldout:65:769,mlp,65,B8,other,0,8.369845864668704,True,3823.5,4002.186166550423
heldout:65:770,mlp,65,B6,other,0,7.512241997910755,False,1767.5,1829.3125029772846
heldout:65:771,mlp,65,B6,other,0,8.22939211548933,False,2731.5,3477.624080744995
heldout:65:772,mlp,65,B6,other,0,8.016045871053985,False,3286.5,2809.2981813401425
heldout:65:773,mlp,65,B6,other,0,7.67766569875555,False,2445.0,2002.529589267575
heldout:65:774,mlp,65,B4,other,0,7.8929109260619645,False,2093.0,2483.709241026664
heldout:65:775,mlp,65,B4,other,0,8.644791750010532,True,4817.0,5269.03219176223
heldout:65:776,mlp,65,B6,other,0,8.03590207490736,False,2527.5,2865.6577265043707
heldout:65:777,mlp,65,B2,other,0,8.27885388620902,False,2638.5,3654.009188773445
heldout:65:778,mlp,65,B2,other,0,8.479530407196664,True,4298.0,4814.188188151225
heldout:65:779,mlp,65,B2,other,0,8.265906674461915,False,3407.0,3887.9974344515304
heldout:58:0,1d_cnn,58,B8,other,0,8.725055974838194,True,5401.25,6154.22119140625
heldout:58:1,1d_cnn,58,B2,other,0,8.914928927923201,True,6983.0,7441.253173828125
heldout:58:2,1d_cnn,58,B4,other,0,8.722542882447687,True,5722.0,6138.77197265625
heldout:58:3,1d_cnn,58,B6,other,0,8.763421432207469,True,6211.0,6394.95751953125
heldout:58:4,1d_cnn,58,B4,other,0,8.67588771758799,True,5109.75,5858.8994140625
heldout:58:5,1d_cnn,58,B4,other,0,8.790310432447612,True,5756.875,6569.271484375
heldout:58:6,1d_cnn,58,B2,inner_high_charge,1,9.305581346615998,True,11264.375,10998.23876953125
heldout:58:7,1d_cnn,58,B6,other,0,8.918164199239495,True,7078.75,7465.369873046875
heldout:58:8,1d_cnn,58,B8,other,0,8.88877075637129,True,6816.75,7249.1015625
heldout:58:9,1d_cnn,58,B4,other,0,8.8853181581329,True,5900.25,7224.113037109375
heldout:58:10,1d_cnn,58,B2,other,0,8.997007546512462,True,8914.0,8077.8720703125
heldout:58:11,1d_cnn,58,B4,other,0,8.896821359752554,True,5631.5,7307.704833984375
heldout:58:12,1d_cnn,58,B2,other,0,8.587842750746358,True,6012.125,4977.2950439453125
heldout:58:13,1d_cnn,58,B8,other,0,8.687745155267155,True,5864.0,5928.79638671875
heldout:58:14,1d_cnn,58,B6,other,0,8.322675739943245,True,4451.25,4115.1590576171875
heldout:58:15,1d_cnn,58,B4,other,0,8.365260578017434,True,5958.75,4294.2308349609375
heldout:58:16,1d_cnn,58,B4,other,0,8.920996144169646,True,6908.25,7486.544189453125
heldout:58:17,1d_cnn,58,B4,other,0,8.049354469465746,False,2807.25,2904.481689453125
heldout:58:18,1d_cnn,58,B4,other,0,8.569150137964948,True,5976.0,4885.10205078125
heldout:58:19,1d_cnn,58,B4,other,0,9.02927491072943,True,7741.0,8342.807373046875
heldout:58:20,1d_cnn,58,B4,inner_high_charge,1,9.0051409068263,True,9197.25,8143.848388671875
heldout:58:21,1d_cnn,58,B4,other,0,8.574501230603401,True,4621.75,4911.318115234375
heldout:58:22,1d_cnn,58,B4,other,0,9.02795590304705,True,8593.375,8331.80908203125
heldout:58:23,1d_cnn,58,B6,other,0,8.737119087385295,True,5716.375,5778.76953125
heldout:58:24,1d_cnn,58,B4,other,0,8.42362212086286,True,4581.25,4223.3560791015625
heldout:58:25,1d_cnn,58,B2,inner_high_charge,1,9.632319690767487,True,15232.0,14447.12158203125
heldout:58:26,1d_cnn,58,B4,other,0,8.67947416535874,True,4801.125,5879.953369140625
heldout:58:27,1d_cnn,58,B8,other,0,8.832711563154739,True,5633.0,6358.54150390625
heldout:58:28,1d_cnn,58,B4,other,0,8.703726879402248,True,4706.625,5588.95703125
heldout:58:29,1d_cnn,58,B4,other,0,8.875520148935044,True,6252.0,7153.6669921875
heldout:58:30,1d_cnn,58,B8,other,0,8.291542196052902,False,3820.5,3700.6805419921875
heldout:58:31,1d_cnn,58,B2,other,0,9.040296955415691,True,8341.25,7825.70556640625
heldout:58:32,1d_cnn,58,B2,other,0,8.15328252046422,False,4466.25,3473.766357421875
heldout:58:33,1d_cnn,58,B8,other,0,8.162407186595937,False,3161.25,3252.2415771484375
heldout:58:34,1d_cnn,58,B8,other,0,8.999511951543223,True,6304.5,7512.915283203125
heldout:58:35,1d_cnn,58,B8,other,0,8.665279404807196,True,5159.0,5797.0643310546875
heldout:58:36,1d_cnn,58,B2,other,0,8.681682530063851,True,4481.25,5467.078369140625
heldout:58:37,1d_cnn,58,B6,other,0,8.208141387147679,False,3855.625,3404.480712890625
heldout:58:38,1d_cnn,58,B6,other,0,8.952215388375972,True,6072.5,7165.80615234375
heldout:58:39,1d_cnn,58,B2,inner_high_charge,1,9.060058306173456,True,9106.25,8603.65234375
heldout:58:40,1d_cnn,58,B4,other,0,8.674382636791988,True,6154.0,5850.08642578125
heldout:58:41,1d_cnn,58,B2,inner_high_charge,1,9.146147520254722,True,10381.25,9377.2412109375
heldout:58:42,1d_cnn,58,B8,other,0,8.753120107262193,True,5433.75,5871.99560546875
heldout:58:43,1d_cnn,58,B6,other,0,8.861779436484035,True,5883.5,6546.11279296875
heldout:58:44,1d_cnn,58,B2,other,0,8.655815536837325,True,5434.625,5742.4510498046875
heldout:58:45,1d_cnn,58,B6,other,0,8.35023121454937,True,3878.25,4230.158935546875
heldout:58:46,1d_cnn,58,B6,other,0,8.218809891350013,False,3654.0,3709.0843505859375
heldout:58:47,1d_cnn,58,B6,other,0,7.894139038668035,False,2624.375,2680.5198974609375
heldout:58:48,1d_cnn,58,B4,other,0,8.495646583487092,True,3878.0,4538.837890625
heldout:58:49,1d_cnn,58,B8,other,0,8.39777016134931,True,4453.125,4115.5477294921875
heldout:58:50,1d_cnn,58,B4,inner_high_charge,1,9.678539636442691,True,11485.0,14292.20654296875
heldout:58:51,1d_cnn,58,B4,other,0,8.80307453464117,True,6908.25,6653.672607421875
heldout:58:52,1d_cnn,58,B2,inner_high_charge,1,9.081092342861401,True,9168.75,8786.559814453125
heldout:58:53,1d_cnn,58,B8,other,0,8.7617783850227,True,5625.75,5923.06640625
heldout:58:54,1d_cnn,58,B2,other,0,8.183594244815861,False,3896.0,3580.705078125
heldout:58:55,1d_cnn,58,B2,other,0,8.649114459750722,True,5434.625,5704.0924072265625
heldout:58:56,1d_cnn,58,B4,other,0,8.629467501903292,True,5189.25,5188.8885498046875
heldout:58:57,1d_cnn,58,B4,other,0,8.257565712144315,False,3775.625,3577.0230712890625
heldout:58:58,1d_cnn,58,B4,other,0,8.606776086284887,True,4275.625,5467.5899658203125
heldout:58:59,1d_cnn,58,B2,other,0,9.027877555205507,True,8139.75,8331.15625
heldout:58:60,1d_cnn,58,B8,other,0,8.680092365928767,True,5110.625,5458.39013671875
heldout:58:61,1d_cnn,58,B6,other,0,8.426992572264135,True,4693.0,4567.7392578125
heldout:58:62,1d_cnn,58,B8,other,0,8.220309781590016,False,3532.0,3446.173095703125
heldout:58:63,1d_cnn,58,B8,other,0,8.248249748532587,False,3810.0,3819.932373046875
heldout:58:64,1d_cnn,58,B8,other,0,8.925909389208899,True,7307.125,7523.4228515625
heldout:58:65,1d_cnn,58,B4,other,0,8.910163901942713,True,6074.0,7405.875
heldout:58:66,1d_cnn,58,B4,other,0,9.082217901729935,True,6465.0,8796.456298828125
heldout:58:67,1d_cnn,58,B8,other,0,8.305988403545205,False,3828.125,4047.041259765625
heldout:58:68,1d_cnn,58,B4,other,0,8.106890171862064,False,4422.0,3076.5532836914062
heldout:58:69,1d_cnn,58,B2,inner_high_charge,1,9.35623704421691,True,12156.0,11363.355712890625
heldout:58:70,1d_cnn,58,B8,other,0,9.244102336332976,True,9089.0,9595.0068359375
heldout:58:71,1d_cnn,58,B6,other,0,8.612832551764814,True,5275.0,5500.810791015625
heldout:58:72,1d_cnn,58,B6,other,0,8.514350097323248,True,4943.75,4624.5478515625
heldout:58:73,1d_cnn,58,B4,other,0,8.662003346023836,True,4706.625,5360.52294921875
heldout:58:74,1d_cnn,58,B4,other,0,8.521543430467608,True,5497.5,4657.94091796875
heldout:58:75,1d_cnn,58,B4,other,0,9.19832385749789,True,7144.5,9879.553955078125
heldout:58:76,1d_cnn,58,B6,other,0,8.66106013049487,True,5065.0,5355.46826171875
heldout:58:77,1d_cnn,58,B6,other,0,9.01056343660518,True,7613.0,8188.134033203125
heldout:58:78,1d_cnn,58,B2,other,0,8.477320647003076,True,3183.0,4456.3988037109375
heldout:58:79,1d_cnn,58,B6,other,0,7.969051744875806,False,2532.5,2680.2858276367188
heldout:58:80,1d_cnn,58,B4,other,0,8.527192760111967,True,4939.5,5049.2486572265625
heldout:58:81,1d_cnn,58,B4,other,0,8.065135545454513,False,2943.5,2950.697021484375
heldout:58:82,1d_cnn,58,B6,other,0,7.650001611530836,False,2420.5,1947.8634033203125
heldout:58:83,1d_cnn,58,B6,other,0,7.7053425028358244,False,1682.5,2058.75537109375
heldout:58:84,1d_cnn,58,B2,other,0,7.93009265538521,False,1632.0,2577.8340454101562
heldout:58:85,1d_cnn,58,B8,other,0,8.090330952311959,False,3112.5,3261.7672119140625
heldout:58:86,1d_cnn,58,B6,other,0,8.193713104190614,False,4045.0,3617.1318359375
heldout:58:87,1d_cnn,58,B6,other,0,7.994773051560333,False,2949.5,2750.1466064453125
heldout:58:88,1d_cnn,58,B2,other,0,8.598158226495507,True,4707.0,5028.914306640625
heldout:58:89,1d_cnn,58,B4,other,0,7.975381019667373,False,2218.5,2697.3102416992188
heldout:58:90,1d_cnn,58,B6,other,0,7.4742158218609305,False,2099.5,1761.0194091796875
heldout:58:91,1d_cnn,58,B2,other,0,8.687091754202559,True,4900.5,5496.736572265625
heldout:58:92,1d_cnn,58,B2,other,0,8.06879439035386,False,3253.0,3192.2496948242188
heldout:58:93,1d_cnn,58,B6,other,0,8.128597697083636,False,3356.5,3144.0897216796875
heldout:58:94,1d_cnn,58,B8,other,0,7.775786044319363,False,2362.5,2209.0845336914062
heldout:58:95,1d_cnn,58,B2,other,0,8.240281361638473,False,3183.0,3789.606689453125
heldout:58:96,1d_cnn,58,B2,inner_high_charge,1,9.03293997739133,True,9432.5,8373.444091796875
heldout:58:97,1d_cnn,58,B6,other,0,8.072753382737512,False,2532.5,2973.2684326171875
heldout:58:98,1d_cnn,58,B8,other,0,8.114392207157819,False,3688.0,3341.2255859375
heldout:58:99,1d_cnn,58,B6,other,0,8.237357340743559,False,2646.5,3505.4427490234375
heldout:58:100,1d_cnn,58,B8,other,0,7.805595275529478,False,2547.0,2275.9572143554688
heldout:58:101,1d_cnn,58,B4,other,0,8.683290764189115,True,4763.0,5475.87939453125
heldout:58:102,1d_cnn,58,B2,other,0,9.155028477224098,True,8305.0,9460.89990234375
heldout:58:103,1d_cnn,58,B4,other,0,8.33218366214808,True,4129.0,3854.22119140625
heldout:58:104,1d_cnn,58,B6,other,0,8.619851105893988,True,5436.5,5139.2197265625
heldout:58:105,1d_cnn,58,B2,other,0,8.457310404052746,True,2977.5,4708.3746337890625
heldout:58:106,1d_cnn,58,B8,other,0,8.267192624808365,False,3265.0,3893.001708984375
heldout:58:107,1d_cnn,58,B4,other,0,8.36321720426217,True,3459.5,3975.7381591796875
heldout:58:108,1d_cnn,58,B4,other,0,8.890935781820613,True,6074.5,6739.812744140625
heldout:58:109,1d_cnn,58,B4,other,0,8.739314501670044,True,3843.0,6242.6142578125
heldout:58:110,1d_cnn,58,B2,inner_high_charge,1,9.143521017949551,True,9201.0,8676.780029296875
heldout:58:111,1d_cnn,58,B8,other,0,8.060715756657443,False,3048.0,2937.679931640625
heldout:58:112,1d_cnn,58,B8,other,0,7.584626887927861,False,2094.0,1824.5322875976562
heldout:58:113,1d_cnn,58,B2,other,0,8.986280503387167,True,7505.0,7414.150146484375
heldout:58:114,1d_cnn,58,B8,other,0,8.391895052956697,True,3562.5,4091.4334716796875
heldout:58:115,1d_cnn,58,B2,other,0,8.4954838241063,True,5365.0,4891.6229248046875
heldout:58:116,1d_cnn,58,B2,other,0,8.904751953455728,True,3105.5,6833.59130859375
heldout:58:117,1d_cnn,58,B2,other,0,8.250555944729756,False,1632.0,3552.0296630859375
heldout:58:118,1d_cnn,58,B8,other,0,8.34261205907796,True,3699.0,4198.0435791015625
heldout:58:119,1d_cnn,58,B6,other,0,7.243113678441969,False,1682.5,1296.3949890136719
heldout:58:120,1d_cnn,58,B6,other,0,8.39095561710116,True,4045.0,4087.5906982421875
heldout:58:121,1d_cnn,58,B6,other,0,8.042356142180568,False,3266.5,3108.9320068359375
heldout:58:122,1d_cnn,58,B2,other,0,8.870443522157066,True,6600.5,6603.083984375
heldout:58:123,1d_cnn,58,B6,other,0,8.335268699249282,True,3297.5,3866.133056640625
heldout:58:124,1d_cnn,58,B6,other,0,7.850084929981823,False,2346.5,2379.5454711914062
heldout:58:125,1d_cnn,58,B4,other,0,8.07630632953242,False,3178.5,3216.3275146484375
heldout:58:126,1d_cnn,58,B2,other,0,8.14612861346584,False,1632.0,3199.712158203125
heldout:58:127,1d_cnn,58,B2,other,0,8.805527321739882,True,7616.0,6670.01513671875
heldout:58:128,1d_cnn,58,B6,other,0,7.5345746051819855,False,1682.5,1735.4092407226562
heldout:58:129,1d_cnn,58,B8,other,0,8.008069373082007,False,3381.5,2786.9710083007812
heldout:58:130,1d_cnn,58,B2,other,0,9.114985183705814,True,8253.5,8432.652099609375
heldout:58:131,1d_cnn,58,B6,other,0,8.211963989089252,False,3561.0,3683.772216796875
heldout:58:132,1d_cnn,58,B4,other,0,8.452155185548433,True,3519.5,4345.6259765625
heldout:58:133,1d_cnn,58,B2,other,0,8.871312191518063,True,2832.5,6608.8232421875
heldout:58:134,1d_cnn,58,B6,other,0,7.538362655783329,False,1878.0,1877.7513427734375
heldout:58:135,1d_cnn,58,B2,other,0,8.65033329554958,True,5365.0,5298.3173828125
heldout:58:136,1d_cnn,58,B8,other,0,8.099168033985814,False,3185.5,3052.8795166015625
heldout:58:137,1d_cnn,58,B6,other,0,8.36509747411736,True,3356.5,3983.2225341796875
heldout:58:138,1d_cnn,58,B2,other,0,8.197903080682101,False,3105.5,3369.792236328125
heldout:58:139,1d_cnn,58,B8,other,0,8.586909424261142,True,5431.0,5360.0194091796875
heldout:58:140,1d_cnn,58,B8,other,0,8.354928336945655,True,4086.0,4250.0799560546875
heldout:58:141,1d_cnn,58,B8,other,0,7.930464518888851,False,2753.0,2779.7182006835938
heldout:58:142,1d_cnn,58,B2,other,0,8.39323624745439,True,3491.5,4096.9259033203125
heldout:58:143,1d_cnn,58,B6,other,0,8.22659606430836,False,3470.0,3467.9112548828125
heldout:58:144,1d_cnn,58,B8,other,0,8.454887301518367,True,4856.5,4357.5177001953125
heldout:58:145,1d_cnn,58,B4,other,0,8.646706553385323,True,3176.5,5279.1329345703125
heldout:58:146,1d_cnn,58,B6,other,0,7.723073936740106,False,2115.5,2258.8956909179688
heldout:58:147,1d_cnn,58,B6,other,0,8.020716098692796,False,3223.0,3042.3558959960938
heldout:58:148,1d_cnn,58,B4,other,0,8.60923470527416,True,3933.5,5084.937744140625
heldout:58:149,1d_cnn,58,B6,other,0,8.288174857732985,False,3042.5,3688.2366943359375
heldout:58:150,1d_cnn,58,B6,other,0,7.627918108977365,False,1918.0,2053.7677612304688
heldout:58:151,1d_cnn,58,B4,other,0,8.563082575005899,True,5098.0,5233.79296875
heldout:58:152,1d_cnn,58,B8,other,0,8.024508769996253,False,3185.5,2833.182373046875
heldout:58:153,1d_cnn,58,B4,other,0,8.21478359208854,False,2453.5,3427.1759033203125
heldout:58:154,1d_cnn,58,B6,other,0,7.774908885962048,False,1682.5,2207.1467895507812
heldout:58:155,1d_cnn,58,B6,other,0,8.07261419918815,False,3328.0,2972.8544921875
heldout:60:156,1d_cnn,60,B4,other,0,8.91115851040138,True,6466.25,6877.51806640625
heldout:60:157,1d_cnn,60,B4,other,0,8.30541091165284,False,3440.0,4044.7042236328125
heldout:60:158,1d_cnn,60,B4,other,0,8.449099896006892,True,4471.0,4669.8665771484375
heldout:60:159,1d_cnn,60,B2,other,0,8.586823304483097,True,4783.75,5359.5577392578125
heldout:60:160,1d_cnn,60,B4,other,0,8.776865547184395,True,5644.0,6481.526123046875
heldout:60:161,1d_cnn,60,B2,other,0,7.878388279104423,False,2818.75,2638.6148071289062
heldout:60:162,1d_cnn,60,B2,inner_high_charge,1,9.182676891373784,True,10494.0,9726.156494140625
heldout:60:163,1d_cnn,60,B4,other,0,8.65829272387314,True,4883.75,5756.6962890625
heldout:60:164,1d_cnn,60,B2,other,0,8.840651303639152,True,7372.0,6409.235595703125
heldout:60:165,1d_cnn,60,B8,other,0,9.327033752354481,True,9265.5,10424.74755859375
heldout:60:166,1d_cnn,60,B2,other,0,8.373333146865416,True,3692.0,4016.1707763671875
heldout:60:167,1d_cnn,60,B6,other,0,8.033757805524862,False,2975.0,3082.306396484375
heldout:60:168,1d_cnn,60,B6,other,0,8.859710248163184,True,6540.625,6532.57958984375
heldout:60:169,1d_cnn,60,B8,other,0,8.664735715418619,True,5614.0,5793.912841796875
heldout:60:170,1d_cnn,60,B6,other,0,8.33003357641677,True,3371.25,3845.9410400390625
heldout:60:171,1d_cnn,60,B8,other,0,9.064758752175553,True,6702.0,8019.521728515625
heldout:60:172,1d_cnn,60,B4,other,0,8.71817161207585,True,6137.0,6111.991943359375
heldout:60:173,1d_cnn,60,B6,other,0,8.885457162840499,True,7209.0,7225.117431640625
heldout:60:174,1d_cnn,60,B6,other,0,9.052547104058783,True,6992.25,8539.26318359375
heldout:60:175,1d_cnn,60,B2,other,0,8.527703535219388,True,5011.5,5051.828857421875
heldout:60:176,1d_cnn,60,B2,other,0,8.706993023045325,True,6697.25,6044.037841796875
heldout:60:177,1d_cnn,60,B8,other,0,8.84540135914566,True,7123.0,6941.389892578125
heldout:60:178,1d_cnn,60,B4,other,0,9.098712338812804,True,7308.0,8296.523193359375
heldout:60:179,1d_cnn,60,B4,other,0,8.114980485044036,False,3328.125,3343.1923217773438
heldout:60:180,1d_cnn,60,B4,other,0,8.204957711106436,False,3002.0,3393.656005859375
heldout:60:181,1d_cnn,60,B6,other,0,9.227746354720013,True,8843.0,10174.58349609375
heldout:60:182,1d_cnn,60,B2,other,0,8.435062286094613,True,4997.25,4604.7568359375
heldout:60:183,1d_cnn,60,B6,other,0,8.799703617218146,True,5151.75,6152.052734375
heldout:60:184,1d_cnn,60,B6,other,0,8.584328433997955,True,4624.5,4959.8304443359375
heldout:60:185,1d_cnn,60,B8,other,0,9.085065141384748,True,7720.0,8184.054443359375
heldout:60:186,1d_cnn,60,B4,other,0,9.08584551489297,True,7390.0,8190.4443359375
heldout:60:187,1d_cnn,60,B6,other,0,8.391058974373546,True,3705.625,4088.0133056640625
heldout:60:188,1d_cnn,60,B4,other,0,8.812537516048517,True,5331.0,6231.529296875
heldout:60:189,1d_cnn,60,B8,other,0,9.006992805874972,True,7527.0,8158.94580078125
heldout:60:190,1d_cnn,60,B6,other,0,8.22285470421351,False,2954.25,3724.121337890625
heldout:60:191,1d_cnn,60,B6,other,0,8.785479923039238,True,5379.5,6065.153076171875
heldout:60:192,1d_cnn,60,B8,other,0,8.733666050452548,True,5568.75,5758.84619140625
heldout:60:193,1d_cnn,60,B4,other,0,9.344783891211332,True,8648.5,11438.00048828125
heldout:60:194,1d_cnn,60,B6,other,0,8.133502477587996,False,3495.625,3159.5535888671875
heldout:60:195,1d_cnn,60,B4,other,0,8.542991613867358,True,2440.5,5129.67041015625
heldout:60:196,1d_cnn,60,B2,other,0,8.947344020576798,True,6074.0,7686.447021484375
heldout:60:197,1d_cnn,60,B4,other,0,8.584219315670028,True,4928.125,5345.6170654296875
heldout:60:198,1d_cnn,60,B8,other,0,8.627740219607272,True,4720.0,5179.931884765625
heldout:60:199,1d_cnn,60,B2,inner_high_charge,1,9.281781997683826,True,10559.375,9963.4794921875
heldout:60:200,1d_cnn,60,B8,other,0,9.053437715747354,True,7167.0,7929.233154296875
heldout:60:201,1d_cnn,60,B6,other,0,9.193518410340806,True,8347.0,9121.675537109375
heldout:60:202,1d_cnn,60,B2,other,0,8.367575317772657,True,3679.375,4304.1846923828125
heldout:60:203,1d_cnn,60,B8,other,0,9.022548078905798,True,6755.0,7688.015869140625
heldout:60:204,1d_cnn,60,B6,other,0,8.789469464904993,True,5466.75,6089.402587890625
heldout:60:205,1d_cnn,60,B6,other,0,8.414437532916626,True,3801.25,4184.7347412109375
heldout:60:206,1d_cnn,60,B4,other,0,8.097315589629503,False,3136.0,3284.63623046875
heldout:60:207,1d_cnn,60,B2,other,0,8.386536596749227,True,5676.75,4386.5953369140625
heldout:60:208,1d_cnn,60,B6,other,0,8.670341904598777,True,5424.0,5826.491455078125
heldout:60:209,1d_cnn,60,B8,other,0,8.161245208344823,False,3705.625,3501.5452880859375
heldout:60:210,1d_cnn,60,B2,other,0,8.451223125273556,True,4905.75,4679.79443359375
heldout:60:211,1d_cnn,60,B6,other,0,8.313536570071816,False,4348.0,4077.712158203125
heldout:60:212,1d_cnn,60,B2,other,0,8.494853186797412,True,3977.75,4535.2374267578125
heldout:60:213,1d_cnn,60,B4,other,0,8.03077819982462,False,2744.0,2851.0068969726562
heldout:60:214,1d_cnn,60,B8,other,0,8.995579512739404,True,6564.25,7483.42529296875
heldout:60:215,1d_cnn,60,B8,other,0,8.533575104660716,True,4743.75,4714.3343505859375
heldout:60:216,1d_cnn,60,B8,other,0,9.122785985367603,True,9359.0,9160.6904296875
heldout:60:217,1d_cnn,60,B8,other,0,8.798296798053636,True,5385.625,6143.402587890625
heldout:60:218,1d_cnn,60,B4,inner_high_charge,1,9.252671219792068,True,9153.0,10431.395751953125
heldout:60:219,1d_cnn,60,B4,other,0,8.29810296821246,False,3609.0,4015.2462158203125
heldout:60:220,1d_cnn,60,B4,other,0,9.086948650487155,True,7308.0,8199.485595703125
heldout:60:221,1d_cnn,60,B4,inner_high_charge,1,9.054228573864355,True,9573.375,7935.50732421875
heldout:60:222,1d_cnn,60,B8,other,0,8.624865103117118,True,5075.625,5165.0574951171875
heldout:60:223,1d_cnn,60,B8,other,0,8.54635574366537,True,5385.625,5146.959716796875
heldout:60:224,1d_cnn,60,B2,other,0,8.527872608409433,True,5707.625,5052.6832275390625
heldout:60:225,1d_cnn,60,B6,other,0,8.598728107008455,True,4673.375,5423.7554931640625
heldout:60:226,1d_cnn,60,B4,other,0,8.955723523820621,True,6864.75,7190.992431640625
heldout:60:227,1d_cnn,60,B6,other,0,8.66559433859808,True,5889.625,5798.890625
heldout:60:228,1d_cnn,60,B6,other,0,9.12401147973729,True,8843.0,8509.121337890625
heldout:60:229,1d_cnn,60,B8,other,0,8.834528429764154,True,6159.0,6370.1064453125
heldout:60:230,1d_cnn,60,B2,other,0,8.99883042518897,True,8937.25,8092.6123046875
heldout:60:231,1d_cnn,60,B6,other,0,8.684269721760439,True,4698.0,5481.24365234375
heldout:60:232,1d_cnn,60,B6,other,0,8.533173466527126,True,4525.0,5079.543212890625
heldout:60:233,1d_cnn,60,B4,inner_high_charge,1,9.363950029361117,True,10657.0,11659.3564453125
heldout:60:234,1d_cnn,60,B6,other,0,8.32198531887739,True,3176.0,3815.1041259765625
heldout:60:235,1d_cnn,60,B8,other,0,8.297140795569588,False,3293.5,3721.462890625
heldout:60:236,1d_cnn,60,B6,other,0,8.144810059900738,False,3193.5,3195.49462890625
heldout:60:237,1d_cnn,60,B4,other,0,8.19112083801048,False,2433.5,3347.008056640625
heldout:60:238,1d_cnn,60,B2,other,0,8.200264496179939,False,2246.5,3640.9134521484375
heldout:60:239,1d_cnn,60,B8,other,0,8.25106556495145,False,3077.5,3553.8408203125
heldout:60:240,1d_cnn,60,B4,other,0,8.656916662490529,True,4637.5,5333.31982421875
heldout:60:241,1d_cnn,60,B2,other,0,7.8732011335318735,False,2932.0,2624.9581909179688
heldout:60:242,1d_cnn,60,B8,other,0,8.758190890852037,True,3903.0,5901.8519287109375
heldout:60:243,1d_cnn,60,B4,other,0,8.182091889634274,False,2743.0,3575.328125
heldout:60:244,1d_cnn,60,B4,other,0,8.041379478433523,False,2338.5,2881.4026489257812
heldout:60:245,1d_cnn,60,B4,other,0,7.919196398952841,False,2546.0,2748.5606079101562
heldout:60:246,1d_cnn,60,B2,other,0,8.344314688816313,True,2899.0,3901.2738037109375
heldout:60:247,1d_cnn,60,B6,other,0,8.248045006190587,False,3836.0,3819.150146484375
heldout:60:248,1d_cnn,60,B8,other,0,8.85489311168444,True,3763.5,6501.18212890625
heldout:60:249,1d_cnn,60,B6,other,0,8.151366072483054,False,3616.0,3467.113525390625
heldout:60:250,1d_cnn,60,B2,other,0,8.167825503585156,False,3553.5,3524.6690673828125
heldout:60:251,1d_cnn,60,B4,other,0,8.545159239330145,True,4412.5,4769.2750244140625
heldout:60:252,1d_cnn,60,B8,other,0,8.049415051523216,False,2964.5,2904.65771484375
heldout:60:253,1d_cnn,60,B4,other,0,8.051090945581825,False,1525.0,2909.5313720703125
heldout:60:254,1d_cnn,60,B8,other,0,8.315777299363702,False,3195.0,3791.487060546875
heldout:60:255,1d_cnn,60,B8,other,0,8.249145961301132,False,3763.5,3823.3582763671875
heldout:60:256,1d_cnn,60,B4,other,0,8.073638482159472,False,1568.0,3207.755615234375
heldout:60:257,1d_cnn,60,B4,other,0,8.380711598956527,True,4576.5,4045.9208984375
heldout:60:258,1d_cnn,60,B6,other,0,8.04975916947298,False,3039.5,2905.6577758789062
heldout:60:259,1d_cnn,60,B8,other,0,8.365697715196626,True,3763.5,3985.61474609375
heldout:60:260,1d_cnn,60,B6,other,0,8.360825361487874,True,3037.0,3966.23779296875
heldout:60:261,1d_cnn,60,B8,other,0,7.791288038090008,False,2284.0,2243.6121826171875
heldout:60:262,1d_cnn,60,B8,other,0,8.555953123847058,True,4564.0,5196.6044921875
heldout:60:263,1d_cnn,60,B6,other,0,7.585578439606246,False,1629.0,1826.2702026367188
heldout:60:264,1d_cnn,60,B8,other,0,8.695956177909084,True,5649.0,5977.6865234375
heldout:60:265,1d_cnn,60,B6,other,0,7.871532660417177,False,3039.5,2431.1542358398438
heldout:60:266,1d_cnn,60,B6,other,0,7.770014606428616,False,1969.5,2196.3659057617188
heldout:60:267,1d_cnn,60,B2,other,0,8.444022625313028,True,4053.0,4646.21142578125
heldout:60:268,1d_cnn,60,B6,other,0,7.533338500493774,False,1688.5,1868.3358764648438
heldout:60:269,1d_cnn,60,B2,other,0,8.636652912939773,True,4463.5,5226.3143310546875
heldout:60:270,1d_cnn,60,B8,other,0,8.549621340169853,True,3344.0,4790.6080322265625
heldout:60:271,1d_cnn,60,B8,other,0,8.001499891790452,False,1716.5,2768.7155151367188
heldout:60:272,1d_cnn,60,B2,other,0,8.147834046282522,False,1718.5,3205.1754150390625
heldout:60:273,1d_cnn,60,B4,other,0,8.380410730615893,True,3426.5,4044.7034912109375
heldout:60:274,1d_cnn,60,B6,other,0,7.7863375774594585,False,2371.0,2406.4841918945312
heldout:60:275,1d_cnn,60,B4,other,0,8.826135855276451,True,4088.5,6808.92138671875
heldout:60:276,1d_cnn,60,B2,other,0,8.366913537323743,True,4680.0,4301.3365478515625
heldout:60:277,1d_cnn,60,B6,other,0,7.982858392233947,False,3017.5,2717.5621337890625
heldout:60:278,1d_cnn,60,B6,other,0,8.109537037257866,False,3107.5,3325.037841796875
heldout:60:279,1d_cnn,60,B6,other,0,8.239887490038653,False,3616.0,3514.3258056640625
heldout:60:280,1d_cnn,60,B2,other,0,8.435087649962423,True,4163.5,4604.8736572265625
heldout:60:281,1d_cnn,60,B2,other,0,8.17551773985612,False,1718.5,3295.1741943359375
heldout:60:282,1d_cnn,60,B2,other,0,8.01783097497024,False,1976.5,2814.3193359375
heldout:60:283,1d_cnn,60,B8,other,0,9.051754056571738,True,7091.5,7915.892578125
heldout:60:284,1d_cnn,60,B2,other,0,8.08329490701646,False,4463.5,3238.8908081054688
heldout:60:285,1d_cnn,60,B6,other,0,8.41365623157025,True,3604.5,4181.4656982421875
heldout:60:286,1d_cnn,60,B4,other,0,8.382367714057281,True,3942.5,4368.342041015625
heldout:60:287,1d_cnn,60,B6,other,0,8.377809832860448,True,3585.0,4034.1947021484375
heldout:60:288,1d_cnn,60,B6,other,0,7.940806453530146,False,2772.0,2808.6254272460938
heldout:60:289,1d_cnn,60,B2,other,0,8.796793056857453,True,3521.0,6612.00244140625
heldout:60:290,1d_cnn,60,B8,other,0,8.362502528143013,True,3583.5,3972.8970947265625
heldout:60:291,1d_cnn,60,B6,other,0,8.240803606610086,False,3027.0,3517.5477294921875
heldout:60:292,1d_cnn,60,B4,other,0,7.962081599810086,False,2697.0,2869.041015625
heldout:60:293,1d_cnn,60,B8,other,0,7.964512430830328,False,2076.0,2668.1422119140625
heldout:60:294,1d_cnn,60,B8,other,0,8.02753919750053,False,2781.5,3063.1920166015625
heldout:60:295,1d_cnn,60,B6,other,0,7.930934543072292,False,2631.0,2781.0255126953125
heldout:60:296,1d_cnn,60,B6,other,0,8.435435494852767,True,3833.5,4273.555908203125
heldout:60:297,1d_cnn,60,B4,other,0,8.134642714415936,False,3187.0,3163.159423828125
heldout:60:298,1d_cnn,60,B8,other,0,8.25774262566095,False,2969.0,3577.6561279296875
heldout:60:299,1d_cnn,60,B6,other,0,8.040696811055906,False,3178.5,3103.77587890625
heldout:60:300,1d_cnn,60,B6,other,0,7.943453377614002,False,3039.5,2816.0721435546875
heldout:60:301,1d_cnn,60,B4,other,0,7.9656681218360905,False,2235.5,2671.2286987304688
heldout:60:302,1d_cnn,60,B8,other,0,8.907222129270654,True,7091.5,7384.11767578125
heldout:60:303,1d_cnn,60,B8,other,0,8.281551668267184,False,3979.0,3949.3192138671875
heldout:60:304,1d_cnn,60,B2,other,0,8.987188973339368,True,3240.5,7420.8896484375
heldout:60:305,1d_cnn,60,B8,other,0,8.333937839516365,True,3142.0,3860.9898681640625
heldout:60:306,1d_cnn,60,B4,other,0,7.992035072991188,False,2338.5,2742.6243286132812
heldout:60:307,1d_cnn,60,B4,other,0,8.234303154081688,False,3130.0,3494.749755859375
heldout:60:308,1d_cnn,60,B2,other,0,8.079095539375874,False,3859.5,3225.3138427734375
heldout:60:309,1d_cnn,60,B2,other,0,8.774891086499332,True,5791.0,6468.7392578125
heldout:60:310,1d_cnn,60,B6,other,0,8.05278143287998,False,3310.5,2914.4557495117188
heldout:60:311,1d_cnn,60,B2,other,0,7.9937631142937375,False,3173.5,2961.4239501953125
heldout:62:312,1d_cnn,62,B6,other,0,8.843675178358058,True,5520.0,6428.648681640625
heldout:62:313,1d_cnn,62,B4,other,0,8.686993608856415,True,5262.75,5496.197021484375
heldout:62:314,1d_cnn,62,B6,other,0,8.526543312205677,True,4421.875,5045.9698486328125
heldout:62:315,1d_cnn,62,B8,other,0,8.607756150263537,True,5300.0,5077.4234619140625
heldout:62:316,1d_cnn,62,B8,other,0,8.396710170082619,True,4293.75,4431.460693359375
heldout:62:317,1d_cnn,62,B8,other,0,8.61623546396093,True,5445.0,5120.6680908203125
heldout:62:318,1d_cnn,62,B6,other,0,8.634221473703764,True,4380.625,5213.619873046875
heldout:62:319,1d_cnn,62,B8,other,0,8.384909652710565,True,4465.0,4379.4627685546875
heldout:62:320,1d_cnn,62,B8,other,0,8.806645371008681,True,6042.0,6194.914306640625
heldout:62:321,1d_cnn,62,B4,other,0,8.281122015905767,False,3410.25,3947.622314453125
heldout:62:322,1d_cnn,62,B8,other,0,8.918564747922018,True,6688.0,6928.651123046875
heldout:62:323,1d_cnn,62,B8,other,0,8.419841238670045,True,4197.5,4535.1832275390625
heldout:62:324,1d_cnn,62,B2,other,0,8.397460530207981,True,2794.75,4114.2733154296875
heldout:62:325,1d_cnn,62,B8,other,0,8.358216391515512,True,3300.0,3955.90087890625
heldout:62:326,1d_cnn,62,B8,other,0,8.906105125592417,True,6351.0,6842.845947265625
heldout:62:327,1d_cnn,62,B2,other,0,8.966760969240067,True,8538.0,7837.17236328125
heldout:62:328,1d_cnn,62,B4,other,0,8.350289086627686,True,4443.75,4230.40380859375
heldout:62:329,1d_cnn,62,B2,other,0,8.776294697990014,True,5743.5,6009.689208984375
heldout:62:330,1d_cnn,62,B8,other,0,7.876133861326711,False,2659.5,2632.6707153320312
heldout:62:331,1d_cnn,62,B4,other,0,8.016040845121482,False,2898.75,3028.16064453125
heldout:62:332,1d_cnn,62,B4,other,0,8.828808179615768,True,5579.0,6827.14404296875
heldout:62:333,1d_cnn,62,B6,other,0,8.585631052142373,True,5530.875,5353.17041015625
heldout:62:334,1d_cnn,62,B4,other,0,8.241932738756848,False,3370.0,3795.87158203125
heldout:62:335,1d_cnn,62,B4,other,0,8.985299396886983,True,6820.5,7406.878662109375
heldout:62:336,1d_cnn,62,B6,other,0,8.323729936170801,True,3883.25,3821.767578125
heldout:62:337,1d_cnn,62,B4,other,0,9.14302093036951,True,8773.0,9347.965087890625
heldout:62:338,1d_cnn,62,B2,other,0,8.838459946088491,True,6495.0,6395.203857421875
heldout:62:339,1d_cnn,62,B6,other,0,7.71072355494193,False,2545.0,2069.868896484375
heldout:62:340,1d_cnn,62,B8,other,0,9.238313231291803,True,9399.0,10282.677734375
heldout:62:341,1d_cnn,62,B2,other,0,8.70361779547466,True,5822.5,5588.3472900390625
heldout:62:342,1d_cnn,62,B4,other,0,8.457517533879182,True,4295.0,4368.9967041015625
heldout:62:343,1d_cnn,62,B4,other,0,8.694284394080164,True,5245.5,5536.42236328125
heldout:62:344,1d_cnn,62,B2,inner_high_charge,1,9.682898320265851,True,14244.125,14098.55224609375
heldout:62:345,1d_cnn,62,B2,other,0,8.555672757090932,True,5580.75,5195.1474609375
heldout:62:346,1d_cnn,62,B4,other,0,7.867204157260028,False,3038.125,2609.2575073242188
heldout:62:347,1d_cnn,62,B6,other,0,8.195045255013977,False,4301.0,3360.1728515625
heldout:62:348,1d_cnn,62,B2,other,0,8.190068313442158,False,3939.375,3603.968505859375
heldout:62:349,1d_cnn,62,B8,other,0,8.706968467479856,True,6011.25,6043.889404296875
heldout:62:350,1d_cnn,62,B4,other,0,8.348228324629616,True,4151.25,4221.69287109375
heldout:62:351,1d_cnn,62,B2,other,0,8.57745412118562,True,6206.0,5309.5682373046875
heldout:62:352,1d_cnn,62,B4,other,0,8.389024736250787,True,4485.75,4397.52587890625
heldout:62:353,1d_cnn,62,B8,other,0,8.76864088202262,True,5384.25,5963.860107421875
heldout:62:354,1d_cnn,62,B4,other,0,8.575496766125699,True,4185.0,4916.2109375
heldout:62:355,1d_cnn,62,B6,other,0,9.045288565080966,True,7455.0,7864.87109375
heldout:62:356,1d_cnn,62,B2,other,0,8.687652555512933,True,5399.0,5928.247314453125
heldout:62:357,1d_cnn,62,B8,other,0,8.87921455981131,True,5819.0,6661.263427734375
heldout:62:358,1d_cnn,62,B4,other,0,8.798749803199824,True,6010.0,6624.955078125
heldout:62:359,1d_cnn,62,B8,other,0,8.755378881001967,True,6206.0,5885.2763671875
heldout:62:360,1d_cnn,62,B4,other,0,8.212093081818807,False,3265.5,3684.2479248046875
heldout:62:361,1d_cnn,62,B4,other,0,8.366201858853152,True,4633.75,4298.2757568359375
heldout:62:362,1d_cnn,62,B6,other,0,8.916397825619988,True,6676.25,7452.193115234375
heldout:62:363,1d_cnn,62,B4,other,0,8.14711132152304,False,3506.875,3202.8590698242188
heldout:62:364,1d_cnn,62,B6,other,0,8.524108258981089,True,4666.375,4669.9056396484375
heldout:62:365,1d_cnn,62,B6,other,0,8.326436470948368,True,3604.375,4130.66796875
heldout:62:366,1d_cnn,62,B2,other,0,8.714494919268898,True,6606.25,6089.5576171875
heldout:62:367,1d_cnn,62,B4,other,0,8.04897846893473,False,2550.0,3129.5953369140625
heldout:62:368,1d_cnn,62,B6,other,0,8.395217541130625,True,4109.0,4424.849609375
heldout:62:369,1d_cnn,62,B8,other,0,8.486664514701587,True,4293.75,4848.6630859375
heldout:62:370,1d_cnn,62,B8,other,0,8.650721545907626,True,5358.125,5300.375244140625
heldout:62:371,1d_cnn,62,B8,other,0,8.341829859249104,True,3367.875,3891.58935546875
heldout:62:372,1d_cnn,62,B2,inner_high_charge,1,9.714506707080858,True,15392.0,15130.087890625
heldout:62:373,1d_cnn,62,B8,other,0,8.445811421161853,True,4997.0,4318.1392822265625
heldout:62:374,1d_cnn,62,B4,other,0,8.729582416230777,True,4881.625,5735.373046875
heldout:62:375,1d_cnn,62,B2,other,0,9.050773881209249,True,5731.5,8524.1328125
heldout:62:376,1d_cnn,62,B4,other,0,8.47353560692167,True,4443.75,4785.408447265625
heldout:62:377,1d_cnn,62,B2,other,0,9.236256440298119,True,7574.0,10261.548095703125
heldout:62:378,1d_cnn,62,B2,inner_high_charge,1,9.232666422002785,True,9741.375,9485.892822265625
heldout:62:379,1d_cnn,62,B2,other,0,8.18154783451543,False,3656.875,3573.3829345703125
heldout:62:380,1d_cnn,62,B8,other,0,8.653191649414824,True,5593.75,5727.400634765625
heldout:62:381,1d_cnn,62,B8,other,0,8.359527088221784,True,4180.0,3961.090576171875
heldout:62:382,1d_cnn,62,B8,other,0,9.295404983118416,True,9399.0,10100.154296875
heldout:62:383,1d_cnn,62,B2,other,0,8.42194875354157,True,4718.75,4216.2930908203125
heldout:62:384,1d_cnn,62,B2,other,0,8.393182239253127,True,6300.0,4415.850830078125
heldout:62:385,1d_cnn,62,B6,other,0,8.561217354649473,True,5020.75,4846.4949951171875
heldout:62:386,1d_cnn,62,B4,other,0,8.328700873943943,True,3723.75,3840.817626953125
heldout:62:387,1d_cnn,62,B2,other,0,9.159240116892647,True,5937.0,8814.2646484375
heldout:62:388,1d_cnn,62,B8,other,0,9.07895058672507,True,6775.0,8134.1591796875
heldout:62:389,1d_cnn,62,B8,other,0,8.669254686852728,True,5152.5,5399.54248046875
heldout:62:390,1d_cnn,62,B6,other,0,7.524204681162955,False,2150.5,1717.495849609375
heldout:62:391,1d_cnn,62,B4,other,0,8.205838958029636,False,2627.0,3661.2718505859375
heldout:62:392,1d_cnn,62,B6,other,0,8.206746905419736,False,3680.0,3664.5985107421875
heldout:62:393,1d_cnn,62,B2,other,0,8.376623078320797,True,5091.5,4343.313720703125
heldout:62:394,1d_cnn,62,B4,other,0,7.9110420719734265,False,2805.0,2726.23095703125
heldout:62:395,1d_cnn,62,B8,other,0,8.328349483827479,True,3937.0,4138.5794677734375
heldout:62:396,1d_cnn,62,B2,other,0,7.974386408947473,False,1597.0,2694.6278076171875
heldout:62:397,1d_cnn,62,B6,other,0,7.705527924174049,False,1866.5,2059.1373291015625
heldout:62:398,1d_cnn,62,B4,other,0,7.819200795642167,False,2672.0,2486.916259765625
heldout:62:399,1d_cnn,62,B4,other,0,8.141619283702095,False,3110.0,3185.3115844726562
heldout:62:400,1d_cnn,62,B4,other,0,8.718118681577401,True,2594.5,5669.98828125
heldout:62:401,1d_cnn,62,B8,other,0,8.06815121422909,False,2811.5,3190.196533203125
heldout:62:402,1d_cnn,62,B4,other,0,7.974070773089809,False,2990.5,2903.6575317382812
heldout:62:403,1d_cnn,62,B2,other,0,8.736998834357417,True,3350.5,6228.1728515625
heldout:62:404,1d_cnn,62,B4,other,0,8.05629872870057,False,2948.0,3152.59619140625
heldout:62:405,1d_cnn,62,B6,other,0,8.209638310947062,False,3680.0,3409.582275390625
heldout:62:406,1d_cnn,62,B2,other,0,8.245292158198817,False,3151.5,3808.6483154296875
heldout:62:407,1d_cnn,62,B2,other,0,8.926270053045572,True,5566.5,6982.25244140625
heldout:62:408,1d_cnn,62,B6,other,0,8.347718204392715,True,3839.0,3914.577880859375
heldout:62:409,1d_cnn,62,B2,other,0,8.30040360613019,False,3804.5,3733.62841796875
heldout:62:410,1d_cnn,62,B8,other,0,8.003772773417515,False,3325.5,2991.2257080078125
heldout:62:411,1d_cnn,62,B6,other,0,8.183055772449151,False,3160.5,3320.11474609375
heldout:62:412,1d_cnn,62,B8,other,0,8.797003460418019,True,5476.0,6135.4609375
heldout:62:413,1d_cnn,62,B4,other,0,8.063056157039146,False,2482.5,2944.565673828125
heldout:62:414,1d_cnn,62,B2,other,0,8.006841047663288,False,2646.5,3000.4207763671875
heldout:62:415,1d_cnn,62,B6,other,0,7.645982222590778,False,2559.5,2091.2225952148438
heldout:62:416,1d_cnn,62,B4,other,0,7.998786330945362,False,2497.5,2976.34228515625
heldout:62:417,1d_cnn,62,B2,other,0,8.577537328128344,True,5427.5,5310.0101318359375
heldout:62:418,1d_cnn,62,B6,other,0,8.126538501598262,False,2750.5,3382.0687866210938
heldout:62:419,1d_cnn,62,B6,other,0,7.92397101424459,False,2940.0,2761.7200927734375
heldout:62:420,1d_cnn,62,B8,other,0,8.132605711184334,False,3426.5,3156.7205810546875
heldout:62:421,1d_cnn,62,B2,other,0,8.863689571699446,True,6853.5,6558.630615234375
heldout:62:422,1d_cnn,62,B8,other,0,7.909567395172872,False,2724.5,2525.4423217773438
heldout:62:423,1d_cnn,62,B8,other,0,8.116507708782308,False,2696.0,3106.2945556640625
heldout:62:424,1d_cnn,62,B8,other,0,8.19747108117164,False,2960.0,3630.7542724609375
heldout:62:425,1d_cnn,62,B4,other,0,7.995976525823339,False,2204.5,2753.4595336914062
heldout:62:426,1d_cnn,62,B6,other,0,7.664567004589731,False,2599.0,2130.4696655273438
heldout:62:427,1d_cnn,62,B6,other,0,7.895062256154149,False,2635.0,2489.0604248046875
heldout:62:428,1d_cnn,62,B4,other,0,8.402242429535306,True,4386.5,4456.0501708984375
heldout:62:429,1d_cnn,62,B8,other,0,8.287928286934703,False,3888.0,3687.3271484375
heldout:62:430,1d_cnn,62,B6,other,0,7.5669667331167085,False,2180.0,1792.5761108398438
heldout:62:431,1d_cnn,62,B4,other,0,8.006885524013066,False,2627.0,2783.6724243164062
heldout:62:432,1d_cnn,62,B2,other,0,8.954582043517146,True,4163.5,7182.78759765625
heldout:62:433,1d_cnn,62,B4,other,0,7.829199992339762,False,2122.5,2330.343505859375
heldout:62:434,1d_cnn,62,B4,other,0,8.134304176018524,False,2952.5,3408.44287109375
heldout:62:435,1d_cnn,62,B8,other,0,8.323820300904963,True,3980.0,3822.113037109375
heldout:62:436,1d_cnn,62,B2,other,0,8.766774934569035,True,7696.0,6416.4423828125
heldout:62:437,1d_cnn,62,B4,other,0,8.681985002269718,True,4996.0,5894.738037109375
heldout:62:438,1d_cnn,62,B8,other,0,8.443092932516878,True,2596.0,4306.4136962890625
heldout:62:439,1d_cnn,62,B4,other,0,8.964109502301618,True,6526.0,7816.417236328125
heldout:62:440,1d_cnn,62,B2,other,0,8.001250923262333,False,2855.0,2983.6892700195312
heldout:62:441,1d_cnn,62,B8,other,0,8.307462261358959,False,3426.5,3760.0831298828125
heldout:62:442,1d_cnn,62,B6,other,0,7.693328895929127,False,2054.5,2034.1583251953125
heldout:62:443,1d_cnn,62,B8,other,0,8.414504052450042,True,4100.5,4185.01318359375
heldout:62:444,1d_cnn,62,B8,other,0,8.576698423323467,True,4555.0,4922.123291015625
heldout:62:445,1d_cnn,62,B4,other,0,7.912144859891741,False,2911.5,2729.2401733398438
heldout:62:446,1d_cnn,62,B4,other,0,8.238709278342142,False,2608.0,3783.6522216796875
heldout:62:447,1d_cnn,62,B4,other,0,8.415046600266082,True,4198.5,4187.284912109375
heldout:62:448,1d_cnn,62,B8,other,0,8.038953174513775,False,2558.0,2874.4175415039062
heldout:62:449,1d_cnn,62,B2,other,0,8.170608215637154,False,3282.0,3534.49365234375
heldout:62:450,1d_cnn,62,B2,other,0,8.939901997873072,True,3247.5,7629.44921875
heldout:62:451,1d_cnn,62,B2,other,0,9.192893549622458,True,6035.5,9826.044921875
heldout:62:452,1d_cnn,62,B2,other,0,8.882761508923926,True,3720.0,7205.66455078125
heldout:62:453,1d_cnn,62,B8,other,0,7.835023114637466,False,2813.0,2526.5939331054688
heldout:62:454,1d_cnn,62,B4,other,0,8.758047465548852,True,4996.0,5901.00537109375
heldout:62:455,1d_cnn,62,B4,other,0,8.049255564101,False,1611.0,2904.1943359375
heldout:62:456,1d_cnn,62,B8,other,0,8.445474530183516,True,3980.0,4316.6844482421875
heldout:62:457,1d_cnn,62,B8,other,0,8.305273946427175,False,3290.0,3751.8616943359375
heldout:62:458,1d_cnn,62,B2,other,0,7.663391200025846,False,1576.0,1974.1333618164062
heldout:62:459,1d_cnn,62,B4,other,0,8.200577680612067,False,2319.5,3378.81982421875
heldout:62:460,1d_cnn,62,B6,other,0,7.959335522001324,False,2384.0,2861.1704711914062
heldout:62:461,1d_cnn,62,B8,other,0,8.108401821619811,False,2994.0,3081.208984375
heldout:62:462,1d_cnn,62,B8,other,0,8.15002464057567,False,2865.5,3212.20654296875
heldout:62:463,1d_cnn,62,B6,other,0,8.371944873831438,True,3537.5,4323.03759765625
heldout:62:464,1d_cnn,62,B8,other,0,8.466105620659441,True,3572.0,4406.688232421875
heldout:62:465,1d_cnn,62,B4,other,0,7.907040360249732,False,3365.5,2715.3391723632812
heldout:62:466,1d_cnn,62,B6,other,0,8.0346158036852,False,3160.5,3084.9530029296875
heldout:62:467,1d_cnn,62,B6,other,0,8.013968666119611,False,3121.5,2803.4666748046875
heldout:64:468,1d_cnn,64,B8,other,0,8.933870693325392,True,7245.75,7583.566162109375
heldout:64:469,1d_cnn,64,B2,other,0,9.222186143897414,True,7392.0,10118.162109375
heldout:64:470,1d_cnn,64,B8,other,0,8.56484465201855,True,4891.25,4864.1102294921875
heldout:64:471,1d_cnn,64,B8,other,0,9.125491410252085,True,9017.0,9185.51025390625
heldout:64:472,1d_cnn,64,B6,other,0,8.478944604463775,True,4446.75,4463.643310546875
heldout:64:473,1d_cnn,64,B2,other,0,9.038781936046133,True,7881.125,7813.85693359375
heldout:64:474,1d_cnn,64,B4,other,0,8.720008332291195,True,5504.25,5680.714599609375
heldout:64:475,1d_cnn,64,B8,other,0,8.28051021858342,False,3336.375,3660.068115234375
heldout:64:476,1d_cnn,64,B4,other,0,8.565378294804109,True,4533.375,4866.7071533203125
heldout:64:477,1d_cnn,64,B4,other,0,8.978662182494327,True,6872.5,7931.013427734375
heldout:64:478,1d_cnn,64,B2,other,0,8.990200940247382,True,8735.125,8023.069091796875
heldout:64:479,1d_cnn,64,B8,other,0,8.659046610210533,True,5393.0,5761.03857421875
heldout:64:480,1d_cnn,64,B8,other,0,8.702705457933165,True,5123.125,5583.250244140625
heldout:64:481,1d_cnn,64,B2,inner_high_charge,1,9.036918935103433,True,9009.0,8406.83203125
heldout:64:482,1d_cnn,64,B2,inner_high_charge,1,9.461594568624902,True,11826.5,11926.412109375
heldout:64:483,1d_cnn,64,B4,other,0,8.850200283369253,True,6352.0,6470.739990234375
heldout:64:484,1d_cnn,64,B2,inner_high_charge,1,9.584331822311198,True,14830.375,14020.28515625
heldout:64:485,1d_cnn,64,B6,other,0,8.507350475030808,True,4928.875,4592.2838134765625
heldout:64:486,1d_cnn,64,B4,other,0,8.291451877968715,False,4402.0,3988.6224365234375
heldout:64:487,1d_cnn,64,B6,other,0,7.957410708679805,False,2825.375,2855.6666259765625
heldout:64:488,1d_cnn,64,B6,other,0,8.914115073937248,True,7062.0,7435.19873046875
heldout:64:489,1d_cnn,64,B4,other,0,8.580712012538564,True,4634.0,5326.897705078125
heldout:64:490,1d_cnn,64,B8,other,0,8.366719963178832,True,4728.0,3989.692138671875
heldout:64:491,1d_cnn,64,B4,other,0,8.51970631505366,True,4744.375,5011.5814208984375
heldout:64:492,1d_cnn,64,B6,other,0,8.033203064914039,False,3441.0,3080.596435546875
heldout:64:493,1d_cnn,64,B6,other,0,8.452722818998156,True,4283.0,4686.8194580078125
heldout:64:494,1d_cnn,64,B2,other,0,9.320341379250346,True,2249.375,10355.20751953125
heldout:64:495,1d_cnn,64,B8,other,0,8.479693264156893,True,3901.875,4466.987060546875
heldout:64:496,1d_cnn,64,B8,other,0,8.23608254135876,False,3393.125,3500.9755859375
heldout:64:497,1d_cnn,64,B4,other,0,8.929739139906964,True,7125.0,7006.52001953125
heldout:64:498,1d_cnn,64,B8,other,0,8.187159974662082,False,3560.0,3593.499267578125
heldout:64:499,1d_cnn,64,B2,other,0,8.323699427993011,True,3558.0,4119.3748779296875
heldout:64:500,1d_cnn,64,B4,other,0,8.80014263689867,True,5188.0,6154.754638671875
heldout:64:501,1d_cnn,64,B6,other,0,8.67811336453546,True,5634.0,5447.5966796875
heldout:64:502,1d_cnn,64,B8,other,0,8.366268665884643,True,4682.25,4298.56298828125
heldout:64:503,1d_cnn,64,B8,other,0,8.86039760305162,True,6440.0,6537.072021484375
heldout:64:504,1d_cnn,64,B4,other,0,8.307040846024337,False,3471.0,4051.3038330078125
heldout:64:505,1d_cnn,64,B2,other,0,8.31588595813542,False,3470.25,3791.899169921875
heldout:64:506,1d_cnn,64,B2,other,0,7.7091431770711765,False,2397.75,2227.6318969726562
heldout:64:507,1d_cnn,64,B8,other,0,8.639628409703757,True,5020.5,5650.2294921875
heldout:64:508,1d_cnn,64,B4,other,0,8.586606150435314,True,4986.0,5358.393798828125
heldout:64:509,1d_cnn,64,B4,other,0,8.002298818576229,False,2617.5,2770.92919921875
heldout:64:510,1d_cnn,64,B8,other,0,8.902772659017096,True,6930.875,7351.330810546875
heldout:64:511,1d_cnn,64,B4,other,0,8.16003016102778,False,3750.0,3497.2921142578125
heldout:64:512,1d_cnn,64,B2,other,0,8.781865412496922,True,8730.0,6514.01904296875
heldout:64:513,1d_cnn,64,B4,other,0,9.18891077679769,True,8321.0,9079.73828125
heldout:64:514,1d_cnn,64,B8,other,0,9.065254366941542,True,8202.0,8023.497802734375
heldout:64:515,1d_cnn,64,B8,other,0,8.955119975014961,True,7385.875,7746.457275390625
heldout:64:516,1d_cnn,64,B4,other,0,8.633765077260033,True,5389.375,5617.19140625
heldout:64:517,1d_cnn,64,B6,other,0,7.766291827287265,False,2293.5,2188.2008056640625
heldout:64:518,1d_cnn,64,B8,other,0,8.51764653102512,True,5043.75,5001.2672119140625
heldout:64:519,1d_cnn,64,B2,other,0,8.78927470103731,True,7487.25,6562.469970703125
heldout:64:520,1d_cnn,64,B4,other,0,8.608329767947545,True,4701.375,5476.093017578125
heldout:64:521,1d_cnn,64,B2,other,0,8.727635247298425,True,6662.0,6170.11767578125
heldout:64:522,1d_cnn,64,B8,other,0,8.784634432244989,True,5642.0,6060.0263671875
heldout:64:523,1d_cnn,64,B8,other,0,8.672512872405129,True,5627.0,5839.156494140625
heldout:64:524,1d_cnn,64,B2,other,0,8.51030511872103,True,5484.5,4964.677978515625
heldout:64:525,1d_cnn,64,B6,other,0,8.811016447116032,True,6143.375,6222.056396484375
heldout:64:526,1d_cnn,64,B8,other,0,8.628043174070493,True,5275.625,5181.501708984375
heldout:64:527,1d_cnn,64,B8,other,0,8.587977334745862,True,4860.625,4977.965087890625
heldout:64:528,1d_cnn,64,B8,other,0,8.875628245607968,True,6440.0,7154.4404296875
heldout:64:529,1d_cnn,64,B2,inner_high_charge,1,8.957627292349722,True,9703.0,7765.906982421875
heldout:64:530,1d_cnn,64,B8,other,0,8.369289139108918,True,4227.75,4311.5693359375
heldout:64:531,1d_cnn,64,B4,other,0,9.18603473070109,True,8247.0,9053.6591796875
heldout:64:532,1d_cnn,64,B2,inner_high_charge,1,9.052967787821139,True,11709.0,8542.856689453125
heldout:64:533,1d_cnn,64,B2,other,0,8.41532502418043,True,4200.0,4514.7430419921875
heldout:64:534,1d_cnn,64,B2,other,0,8.739102348366607,True,6671.25,6241.289794921875
heldout:64:535,1d_cnn,64,B6,other,0,7.943830418077775,False,3029.25,2613.5059204101562
heldout:64:536,1d_cnn,64,B6,other,0,8.455030855330213,True,4788.875,4697.651611328125
heldout:64:537,1d_cnn,64,B8,other,0,8.520395469251833,True,4780.625,4652.595703125
heldout:64:538,1d_cnn,64,B2,inner_high_charge,1,8.947831646391093,True,9007.0,7690.196533203125
heldout:64:539,1d_cnn,64,B8,other,0,8.75825086918091,True,5884.375,6361.97216796875
heldout:64:540,1d_cnn,64,B6,other,0,7.989329813298212,False,3006.0,2948.3197021484375
heldout:64:541,1d_cnn,64,B6,other,0,7.699432763910834,False,2280.0,2046.61865234375
heldout:64:542,1d_cnn,64,B8,other,0,8.890648512021478,True,7061.0,7262.728271484375
heldout:64:543,1d_cnn,64,B8,other,0,8.123369919961576,False,3252.0,3127.6907958984375
heldout:64:544,1d_cnn,64,B6,other,0,8.601714152999616,True,5106.5,5439.978271484375
heldout:64:545,1d_cnn,64,B2,other,0,7.786531908972596,False,2119.375,2406.9520874023438
heldout:64:546,1d_cnn,64,B4,other,0,8.133636857563694,False,1890.0,3159.9783325195312
heldout:64:547,1d_cnn,64,B8,other,0,7.577392711618386,False,1689.5,1811.3737182617188
heldout:64:548,1d_cnn,64,B8,other,0,8.17190113950603,False,3152.0,3283.2747802734375
heldout:64:549,1d_cnn,64,B8,other,0,7.788026157761589,False,2622.0,2410.5528564453125
heldout:64:550,1d_cnn,64,B4,other,0,7.824694157553721,False,1875.0,2319.8624877929688
heldout:64:551,1d_cnn,64,B6,other,0,8.078382760764693,False,3301.5,3223.0150146484375
heldout:64:552,1d_cnn,64,B6,other,0,7.356064915026271,False,1555.0,1451.5340270996094
heldout:64:553,1d_cnn,64,B2,other,0,8.440135607620292,True,1695.5,4293.694091796875
heldout:64:554,1d_cnn,64,B4,other,0,8.058860082667309,False,3562.5,3160.6840209960938
heldout:64:555,1d_cnn,64,B6,other,0,7.52892435402952,False,2198.5,1860.1025390625
heldout:64:556,1d_cnn,64,B4,other,0,8.744799515276974,True,4924.0,5823.33154296875
heldout:64:557,1d_cnn,64,B2,other,0,8.451203618011352,True,2862.5,4679.703125
heldout:64:558,1d_cnn,64,B2,other,0,8.373353746876942,True,3331.0,4329.1339111328125
heldout:64:559,1d_cnn,64,B2,other,0,8.909349739226633,True,6983.5,6865.087646484375
heldout:64:560,1d_cnn,64,B8,other,0,7.785792939877954,False,1906.5,2231.3116455078125
heldout:64:561,1d_cnn,64,B6,other,0,7.941913232784893,False,2918.0,2608.4982299804688
heldout:64:562,1d_cnn,64,B6,other,0,8.480046955178205,True,3920.5,4468.567626953125
heldout:64:563,1d_cnn,64,B6,other,0,8.095203644015939,False,3593.5,3277.7044677734375
heldout:64:564,1d_cnn,64,B8,other,0,8.218546530548172,False,2927.5,3440.1002197265625
heldout:64:565,1d_cnn,64,B8,other,0,8.665487397842604,True,4944.5,5379.2353515625
heldout:64:566,1d_cnn,64,B4,other,0,7.666552890126454,False,1888.0,2134.7067260742188
heldout:64:567,1d_cnn,64,B4,other,0,7.786074589278846,False,2485.5,2405.8511352539062
heldout:64:568,1d_cnn,64,B2,other,0,8.209389556048093,False,3833.5,3674.2982177734375
heldout:64:569,1d_cnn,64,B2,other,0,7.883461107790741,False,2313.5,2460.3397827148438
heldout:64:570,1d_cnn,64,B8,other,0,8.901501361031427,True,6705.5,7341.98974609375
heldout:64:571,1d_cnn,64,B8,other,0,7.902124592352884,False,2418.5,2506.7083129882812
heldout:64:572,1d_cnn,64,B4,other,0,7.7798504576808405,False,2344.5,2218.0855102539062
heldout:64:573,1d_cnn,64,B2,other,0,8.853939702012129,True,1636.5,6494.98583984375
heldout:64:574,1d_cnn,64,B6,other,0,7.463050388557175,False,1723.5,1615.5513916015625
heldout:64:575,1d_cnn,64,B8,other,0,8.156663185858864,False,2777.5,3233.6085205078125
heldout:64:576,1d_cnn,64,B6,other,0,8.083792443737854,False,3057.0,3240.503173828125
heldout:64:577,1d_cnn,64,B8,other,0,8.495634483501524,True,3732.0,4538.782958984375
heldout:64:578,1d_cnn,64,B4,other,0,7.9065541114448585,False,2442.0,2714.0186767578125
heldout:64:579,1d_cnn,64,B2,other,0,8.718693782590725,True,5876.0,5673.2506103515625
heldout:64:580,1d_cnn,64,B2,other,0,8.272543886673803,False,2509.5,3913.8953857421875
heldout:64:581,1d_cnn,64,B4,other,0,8.267730730482848,False,2591.5,3613.5792236328125
heldout:64:582,1d_cnn,64,B2,other,0,7.352359658031272,False,1695.5,1558.8729553222656
heldout:64:583,1d_cnn,64,B6,other,0,7.966185622805001,False,2959.0,2880.8439331054688
heldout:64:584,1d_cnn,64,B8,other,0,7.785881030898837,False,2336.5,2231.50830078125
heldout:64:585,1d_cnn,64,B8,other,0,8.067171824198153,False,3550.5,2956.713623046875
heldout:64:586,1d_cnn,64,B2,other,0,8.716135418617814,True,6097.0,6099.557373046875
heldout:64:587,1d_cnn,64,B8,other,0,7.797514823873598,False,1689.5,2257.6325073242188
heldout:64:588,1d_cnn,64,B6,other,0,8.519906280121315,True,4872.0,5012.5838623046875
heldout:64:589,1d_cnn,64,B8,other,0,7.868358291842777,False,2189.0,2423.4459228515625
heldout:64:590,1d_cnn,64,B6,other,0,7.978086548857245,False,2912.0,2704.6204833984375
heldout:64:591,1d_cnn,64,B6,other,0,7.550974713684694,False,2036.0,1764.121337890625
heldout:64:592,1d_cnn,64,B2,other,0,8.407064387441604,True,3035.0,4153.9862060546875
heldout:64:593,1d_cnn,64,B4,other,0,8.438575446539595,True,3457.5,4286.9989013671875
heldout:64:594,1d_cnn,64,B4,other,0,8.023139980096374,False,2310.5,3049.7415771484375
heldout:64:595,1d_cnn,64,B4,other,0,7.7683339103795,False,1622.5,2192.6759033203125
heldout:64:596,1d_cnn,64,B2,other,0,8.696804801135189,True,6575.5,5982.7623291015625
heldout:64:597,1d_cnn,64,B8,other,0,8.029267491453018,False,1940.5,2846.7015991210938
heldout:64:598,1d_cnn,64,B4,other,0,7.555583756351946,False,1622.5,1772.275634765625
heldout:64:599,1d_cnn,64,B4,other,0,8.022417298458846,False,2616.0,3047.5376586914062
heldout:64:600,1d_cnn,64,B6,other,0,8.29089626488289,False,3966.5,3698.290283203125
heldout:64:601,1d_cnn,64,B4,other,0,7.801079290433774,False,2564.5,2265.6976928710938
heldout:64:602,1d_cnn,64,B6,other,0,7.843517945240284,False,2596.5,2363.9636840820312
heldout:64:603,1d_cnn,64,B8,other,0,8.166885870519504,False,3615.5,3521.3577880859375
heldout:64:604,1d_cnn,64,B4,other,0,8.346022126061019,True,3070.0,3907.9423828125
heldout:64:605,1d_cnn,64,B6,other,0,8.005318456770704,False,2816.5,2779.3120727539062
heldout:64:606,1d_cnn,64,B2,other,0,8.242793234145022,False,1869.0,3524.5552978515625
heldout:64:607,1d_cnn,64,B2,other,0,8.640588606923739,True,4040.0,5246.927978515625
heldout:64:608,1d_cnn,64,B8,other,0,8.620510942090819,True,3843.5,5142.612548828125
heldout:64:609,1d_cnn,64,B4,other,0,7.646720128702616,False,1889.0,2092.7670288085938
heldout:64:610,1d_cnn,64,B4,other,0,8.088675637405215,False,2118.5,3021.0045166015625
heldout:64:611,1d_cnn,64,B4,other,0,7.817632740708467,False,2314.0,2483.0181274414062
heldout:64:612,1d_cnn,64,B4,other,0,7.739392788732612,False,1890.0,2296.0771484375
heldout:64:613,1d_cnn,64,B2,other,0,8.213499813997894,False,2509.5,3422.7777099609375
heldout:64:614,1d_cnn,64,B6,other,0,8.401632040015684,True,3966.5,4131.47607421875
heldout:64:615,1d_cnn,64,B8,other,0,8.302833247174437,False,3615.5,4034.2891845703125
heldout:64:616,1d_cnn,64,B8,other,0,8.45505457466137,True,3218.5,4697.7630615234375
heldout:64:617,1d_cnn,64,B6,other,0,7.992608570712076,False,2961.0,2744.1982421875
heldout:64:618,1d_cnn,64,B8,other,0,7.812481746254974,False,2664.5,2291.6915283203125
heldout:64:619,1d_cnn,64,B2,other,0,8.796166147691045,True,1850.0,6130.324951171875
heldout:64:620,1d_cnn,64,B2,other,0,8.85325459449396,True,4991.5,6996.124755859375
heldout:64:621,1d_cnn,64,B8,other,0,8.54975202276779,True,3218.5,4791.2342529296875
heldout:64:622,1d_cnn,64,B4,other,0,7.925096916556913,False,2029.0,2764.8323974609375
heldout:64:623,1d_cnn,64,B4,other,0,7.957153216846697,False,2929.5,2854.93115234375
heldout:65:624,1d_cnn,65,B6,other,0,8.241579666857259,False,3958.75,3794.53125
heldout:65:625,1d_cnn,65,B8,other,0,8.360621553672184,True,3668.25,3965.4293212890625
heldout:65:626,1d_cnn,65,B4,other,0,8.875499198941279,True,5883.0,6636.556640625
heldout:65:627,1d_cnn,65,B2,other,0,8.87344765635744,True,7246.5,6622.953369140625
heldout:65:628,1d_cnn,65,B8,other,0,8.675957930076722,True,5266.0,5435.865234375
heldout:65:629,1d_cnn,65,B8,other,0,8.123873183147476,False,2797.5,3129.2657470703125
heldout:65:630,1d_cnn,65,B2,other,0,8.090827151680424,False,3877.5,3263.3865966796875
heldout:65:631,1d_cnn,65,B2,other,0,8.922619724561647,True,7756.5,7498.710693359375
heldout:65:632,1d_cnn,65,B2,other,0,8.60772196113965,True,5211.0,5472.7650146484375
heldout:65:633,1d_cnn,65,B8,other,0,8.51192577846945,True,4822.0,4972.732177734375
heldout:65:634,1d_cnn,65,B8,other,0,9.339888897014701,True,9867.375,10559.63720703125
heldout:65:635,1d_cnn,65,B6,other,0,8.334542303054844,True,3812.375,4164.294677734375
heldout:65:636,1d_cnn,65,B8,other,0,7.99493876241001,False,2785.125,2750.6025390625
heldout:65:637,1d_cnn,65,B6,other,0,8.483278678984844,True,4584.0,4483.035400390625
heldout:65:638,1d_cnn,65,B2,other,0,8.862781015975546,True,6504.0,7063.100830078125
heldout:65:639,1d_cnn,65,B8,other,0,8.446749611720797,True,3555.0,4322.193359375
heldout:65:640,1d_cnn,65,B6,other,0,8.822848885486096,True,5650.75,6296.127685546875
heldout:65:641,1d_cnn,65,B8,other,0,7.907521079772602,False,2627.25,2520.2777099609375
heldout:65:642,1d_cnn,65,B6,other,0,8.883763395268804,True,6941.875,7212.888427734375
heldout:65:643,1d_cnn,65,B2,other,0,9.126114449716141,True,5473.0,9191.235595703125
heldout:65:644,1d_cnn,65,B4,other,0,8.206519113857322,False,3003.75,3398.9605712890625
heldout:65:645,1d_cnn,65,B2,other,0,9.002539125105354,True,8190.0,8122.684814453125
heldout:65:646,1d_cnn,65,B6,other,0,8.038121703889594,False,2537.25,2872.0277099609375
heldout:65:647,1d_cnn,65,B4,other,0,8.982989250772876,True,6814.5,7965.41015625
heldout:65:648,1d_cnn,65,B4,other,0,8.409882523234876,True,3405.625,4165.7120361328125
heldout:65:649,1d_cnn,65,B6,other,0,8.200205938204098,False,3991.5,3640.7001953125
heldout:65:650,1d_cnn,65,B6,other,0,8.619488977214735,True,4733.25,5137.358642578125
heldout:65:651,1d_cnn,65,B8,other,0,8.42078082840717,True,3616.5,4211.3704833984375
heldout:65:652,1d_cnn,65,B2,other,0,8.639869789596187,True,5710.0,5651.59375
heldout:65:653,1d_cnn,65,B6,other,0,8.450809792454287,True,4557.0,4677.860107421875
heldout:65:654,1d_cnn,65,B2,inner_high_charge,1,9.598784954760308,True,13929.125,14224.408203125
heldout:65:655,1d_cnn,65,B4,other,0,8.147795990353837,False,2466.0,3454.754150390625
heldout:65:656,1d_cnn,65,B6,other,0,8.533180530446005,True,5055.0,5079.5791015625
heldout:65:657,1d_cnn,65,B4,other,0,8.362192602178432,True,4227.75,4281.0733642578125
heldout:65:658,1d_cnn,65,B8,other,0,8.530752169953558,True,4804.625,5067.256591796875
heldout:65:659,1d_cnn,65,B2,other,0,8.838415210865968,True,4065.0,6893.058349609375
heldout:65:660,1d_cnn,65,B2,inner_high_charge,1,9.429737029630877,True,12127.0,12452.25146484375
heldout:65:661,1d_cnn,65,B8,other,0,8.891127937536721,True,6697.5,6741.108154296875
heldout:65:662,1d_cnn,65,B8,other,0,9.263999360773848,True,9431.0,10550.247314453125
heldout:65:663,1d_cnn,65,B8,other,0,8.37175836488729,True,3813.125,4322.231201171875
heldout:65:664,1d_cnn,65,B2,other,0,9.011615005356552,True,8644.125,8196.75
heldout:65:665,1d_cnn,65,B2,other,0,8.613061587193009,True,5572.875,5502.071044921875
heldout:65:666,1d_cnn,65,B2,other,0,8.229462419862008,False,3771.25,3748.8173828125
heldout:65:667,1d_cnn,65,B8,other,0,8.995821718207601,True,6256.25,7485.23828125
heldout:65:668,1d_cnn,65,B6,other,0,7.691626416249884,False,2374.5,2188.9334106445312
heldout:65:669,1d_cnn,65,B4,other,0,8.836609528091433,True,5330.0,6383.379150390625
heldout:65:670,1d_cnn,65,B8,other,0,8.65735410793694,True,4602.5,5335.65380859375
heldout:65:671,1d_cnn,65,B4,other,0,8.403697707042793,True,4328.25,4462.5411376953125
heldout:65:672,1d_cnn,65,B2,other,0,8.517012908515145,True,5473.0,4636.8812255859375
heldout:65:673,1d_cnn,65,B6,other,0,7.920622567089556,False,2737.875,2752.4847412109375
heldout:65:674,1d_cnn,65,B4,other,0,8.769075692905014,True,5147.625,6431.224365234375
heldout:65:675,1d_cnn,65,B4,other,0,8.665835045240538,True,6075.0,5800.286865234375
heldout:65:676,1d_cnn,65,B2,other,0,8.623460412591571,True,6012.75,5559.5950927734375
heldout:65:677,1d_cnn,65,B6,other,0,7.479938665677399,False,2378.25,1771.132080078125
heldout:65:678,1d_cnn,65,B6,other,0,8.040167504191498,False,3428.25,3102.1329345703125
heldout:65:679,1d_cnn,65,B2,other,0,9.142441637567513,True,8406.0,8667.41845703125
heldout:65:680,1d_cnn,65,B8,other,0,9.609974284748828,True,12657.0,13106.951171875
heldout:65:681,1d_cnn,65,B2,other,0,8.03541751538282,False,2436.0,3087.4280395507812
heldout:65:682,1d_cnn,65,B6,other,0,7.633894153722595,False,2209.375,1916.7236328125
heldout:65:683,1d_cnn,65,B4,other,0,8.63173884050409,True,4384.625,5200.68994140625
heldout:65:684,1d_cnn,65,B4,other,0,8.730132992362599,True,5549.25,5738.5322265625
heldout:65:685,1d_cnn,65,B6,other,0,8.321021534348152,True,4058.125,4108.355712890625
heldout:65:686,1d_cnn,65,B6,other,0,8.076108851068907,False,2908.125,2983.2652587890625
heldout:65:687,1d_cnn,65,B8,other,0,8.579745824746949,True,5068.0,5321.75244140625
heldout:65:688,1d_cnn,65,B4,other,0,8.134728251278531,False,3576.125,3409.8890380859375
heldout:65:689,1d_cnn,65,B6,other,0,8.30940165159842,False,4554.375,4060.8818359375
heldout:65:690,1d_cnn,65,B2,other,0,8.478900801144153,True,4821.0,4811.157470703125
heldout:65:691,1d_cnn,65,B6,other,0,8.14785365394164,False,3667.5,3205.23828125
heldout:65:692,1d_cnn,65,B4,other,0,7.934595018207897,False,2495.625,2589.4710693359375
heldout:65:693,1d_cnn,65,B2,other,0,8.363626146579481,True,4681.875,4287.21630859375
heldout:65:694,1d_cnn,65,B4,other,0,9.066674148177931,True,7203.875,8034.89892578125
heldout:65:695,1d_cnn,65,B8,other,0,8.58211883578247,True,4266.0,4948.881103515625
heldout:65:696,1d_cnn,65,B6,other,0,8.576606602071315,True,5050.5,5305.0693359375
heldout:65:697,1d_cnn,65,B4,other,0,7.822018908844456,False,2095.0,2493.9373779296875
heldout:65:698,1d_cnn,65,B8,other,0,8.235748171023145,False,3969.0,3772.4620361328125
heldout:65:699,1d_cnn,65,B6,other,0,9.641611274663315,True,14409.0,14066.3427734375
heldout:65:700,1d_cnn,65,B8,other,0,9.190705120606411,True,8457.75,9096.046875
heldout:65:701,1d_cnn,65,B8,other,0,8.789715122574272,True,6075.0,6090.89892578125
heldout:65:702,1d_cnn,65,B8,other,0,8.012816475578928,False,3139.0,3018.4092407226562
heldout:65:703,1d_cnn,65,B6,other,0,7.691780613396606,False,2425.0,2189.2711181640625
heldout:65:704,1d_cnn,65,B4,other,0,7.727017625272697,False,2243.5,2103.88818359375
heldout:65:705,1d_cnn,65,B4,other,0,7.9585209370995065,False,2815.5,2652.1978759765625
heldout:65:706,1d_cnn,65,B4,other,0,8.180319404457915,False,3472.0,3568.9947509765625
heldout:65:707,1d_cnn,65,B2,other,0,9.123905987418931,True,8211.0,8508.2236328125
heldout:65:708,1d_cnn,65,B6,other,0,7.635415571409776,False,2049.0,2069.231201171875
heldout:65:709,1d_cnn,65,B2,other,0,8.178392991077601,False,2802.5,3304.6651611328125
heldout:65:710,1d_cnn,65,B6,other,0,7.6939210864110175,False,2107.0,2193.96435546875
heldout:65:711,1d_cnn,65,B2,other,0,8.032189312436156,False,1624.0,2855.0342407226562
heldout:65:712,1d_cnn,65,B8,other,0,7.897599579536503,False,3070.0,2495.3865356445312
heldout:65:713,1d_cnn,65,B2,other,0,8.05958221677877,False,2796.5,2934.3507080078125
heldout:65:714,1d_cnn,65,B8,other,0,8.286419973512954,False,3712.0,3681.7681884765625
heldout:65:715,1d_cnn,65,B4,other,0,8.188409822688213,False,3171.0,3337.94384765625
heldout:65:716,1d_cnn,65,B2,other,0,8.175675806729512,False,2796.5,3295.6952514648438
heldout:65:717,1d_cnn,65,B2,other,0,8.589732828837217,True,5637.0,5375.1771240234375
heldout:65:718,1d_cnn,65,B6,other,0,7.841445553097707,False,2851.0,2359.067626953125
heldout:65:719,1d_cnn,65,B2,other,0,8.468910468491384,True,3296.5,4419.0684814453125
heldout:65:720,1d_cnn,65,B8,other,0,8.053306408436658,False,2438.0,2915.9866943359375
heldout:65:721,1d_cnn,65,B8,other,0,8.461202822168586,True,4201.0,4726.7412109375
heldout:65:722,1d_cnn,65,B8,other,0,8.135528059138977,False,3037.5,3165.9620361328125
heldout:65:723,1d_cnn,65,B8,other,0,8.290286930548904,False,3575.0,3696.036865234375
heldout:65:724,1d_cnn,65,B8,other,0,8.20974120660085,False,3419.0,3409.9332275390625
heldout:65:725,1d_cnn,65,B2,other,0,8.090852953596498,False,2802.5,3263.4708251953125
heldout:65:726,1d_cnn,65,B6,other,0,8.348686067405074,True,4175.5,4223.626220703125
heldout:65:727,1d_cnn,65,B4,other,0,8.448850065197341,True,3795.5,4331.2835693359375
heldout:65:728,1d_cnn,65,B6,other,0,7.959927429312429,False,2957.0,2862.8651123046875
heldout:65:729,1d_cnn,65,B8,other,0,8.178679988199317,False,3477.0,3305.614013671875
heldout:65:730,1d_cnn,65,B4,other,0,8.209510911603747,False,3401.5,3674.7442626953125
heldout:65:731,1d_cnn,65,B4,other,0,8.12845293358747,False,2998.0,3143.6344604492188
heldout:65:732,1d_cnn,65,B8,other,0,7.714972801124392,False,2340.5,2240.6619262695312
heldout:65:733,1d_cnn,65,B4,other,0,7.905985984760133,False,1676.0,2516.4102783203125
heldout:65:734,1d_cnn,65,B4,other,0,8.198713839825919,False,3171.5,3372.5262451171875
heldout:65:735,1d_cnn,65,B4,other,0,8.15725543445971,False,2922.0,3235.5247802734375
heldout:65:736,1d_cnn,65,B8,other,0,8.236155739548748,False,3575.0,3501.23193359375
heldout:65:737,1d_cnn,65,B8,other,0,8.178182222999649,False,3306.0,3303.968505859375
heldout:65:738,1d_cnn,65,B6,other,0,8.16210069197942,False,3367.0,3251.24462890625
heldout:65:739,1d_cnn,65,B8,other,0,7.77904196199108,False,2238.0,2216.2921142578125
heldout:65:740,1d_cnn,65,B2,other,0,8.45346130185058,True,4008.5,4351.306884765625
heldout:65:741,1d_cnn,65,B4,other,0,7.860346533285156,False,2505.5,2591.4185791015625
heldout:65:742,1d_cnn,65,B6,other,0,7.887974635351352,False,3139.5,2664.040771484375
heldout:65:743,1d_cnn,65,B8,other,0,8.599677104253326,True,4349.5,5036.5599365234375
heldout:65:744,1d_cnn,65,B4,other,0,8.454893880125992,True,3464.5,4697.008056640625
heldout:65:745,1d_cnn,65,B8,other,0,8.272148119102084,False,3477.0,3629.58154296875
heldout:65:746,1d_cnn,65,B6,other,0,7.995913085075751,False,3006.5,2967.7999267578125
heldout:65:747,1d_cnn,65,B8,other,0,8.470962976552057,True,4349.5,4428.1500244140625
heldout:65:748,1d_cnn,65,B6,other,0,7.637411863089505,False,1885.0,1923.4815063476562
heldout:65:749,1d_cnn,65,B6,other,0,8.11876526846317,False,3056.0,3113.3173828125
heldout:65:750,1d_cnn,65,B2,other,0,8.230328460630984,False,4095.0,3752.0662841796875
heldout:65:751,1d_cnn,65,B8,other,0,7.910219994234132,False,2745.5,2527.0916137695312
heldout:65:752,1d_cnn,65,B4,other,0,8.324356465371688,True,3442.5,4122.0830078125
heldout:65:753,1d_cnn,65,B4,other,0,8.031141795304327,False,3464.5,3074.2509765625
heldout:65:754,1d_cnn,65,B4,other,0,7.773684667923426,False,1734.0,2204.4451904296875
heldout:65:755,1d_cnn,65,B4,other,0,8.06487116310713,False,3125.0,2949.916748046875
heldout:65:756,1d_cnn,65,B2,other,0,8.483916865178504,True,4823.5,4835.356201171875
heldout:65:757,1d_cnn,65,B4,other,0,8.421191603210609,True,2821.0,4541.3128662109375
heldout:65:758,1d_cnn,65,B2,other,0,9.01726001346392,True,4768.5,8243.1572265625
heldout:65:759,1d_cnn,65,B4,other,0,8.256171551503265,False,3334.5,3572.0382080078125
heldout:65:760,1d_cnn,65,B2,other,0,8.544976582838334,True,6768.5,5139.86474609375
heldout:65:761,1d_cnn,65,B2,other,0,8.705739966430464,True,5720.5,5600.221435546875
heldout:65:762,1d_cnn,65,B6,other,0,7.657807694917262,False,2075.5,1963.1359252929688
heldout:65:763,1d_cnn,65,B6,other,0,7.703751409017515,False,1944.0,2055.480712890625
heldout:65:764,1d_cnn,65,B4,other,0,7.994813339348254,False,2941.5,2750.2574462890625
heldout:65:765,1d_cnn,65,B2,other,0,8.10923325617886,False,2119.0,3083.772705078125
heldout:65:766,1d_cnn,65,B8,other,0,7.972315214070472,False,2411.0,2689.0504150390625
heldout:65:767,1d_cnn,65,B8,other,0,7.754683883474741,False,1591.5,2162.9356079101562
heldout:65:768,1d_cnn,65,B4,other,0,7.79385839181027,False,2724.5,2424.65869140625
heldout:65:769,1d_cnn,65,B8,other,0,8.326320131836328,True,3823.5,3831.68212890625
heldout:65:770,1d_cnn,65,B6,other,0,7.572607875844783,False,1767.5,1943.2039184570312
heldout:65:771,1d_cnn,65,B6,other,0,8.084211116146294,False,2731.5,3007.5427856445312
heldout:65:772,1d_cnn,65,B6,other,0,8.106130998363037,False,3286.5,3074.2177734375
heldout:65:773,1d_cnn,65,B6,other,0,7.919253829488874,False,2445.0,2550.033447265625
heldout:65:774,1d_cnn,65,B4,other,0,7.996445049733169,False,2093.0,2754.7503662109375
heldout:65:775,1d_cnn,65,B4,other,0,8.64157999675635,True,4817.0,5252.13330078125
heldout:65:776,1d_cnn,65,B6,other,0,7.7935972209030995,False,2527.5,2248.8013916015625
heldout:65:777,1d_cnn,65,B2,other,0,8.067579506960595,False,2638.5,2957.919677734375
heldout:65:778,1d_cnn,65,B2,other,0,8.477945579463686,True,4298.0,4806.56298828125
heldout:65:779,1d_cnn,65,B2,other,0,8.06247887946988,False,3407.0,3172.146240234375
heldout:58:0,tiny_sequence_transformer,58,B8,other,0,8.649776658963956,True,5401.25,5707.871566069966
heldout:58:1,tiny_sequence_transformer,58,B2,other,0,8.871053063764084,True,6983.0,7121.777764340668
heldout:58:2,tiny_sequence_transformer,58,B4,other,0,8.699108001258324,True,5722.0,5996.560014550757
heldout:58:3,tiny_sequence_transformer,58,B6,other,0,8.704633387752759,True,6211.0,6029.7905729502645
heldout:58:4,tiny_sequence_transformer,58,B4,other,0,8.429048835092377,True,5109.75,4577.143451954116
heldout:58:5,tiny_sequence_transformer,58,B4,other,0,8.746519106333784,True,5756.875,6287.759461609184
heldout:58:6,tiny_sequence_transformer,58,B2,inner_high_charge,1,9.315631633104656,True,11264.375,11109.341642985404
heldout:58:7,tiny_sequence_transformer,58,B6,other,0,8.8442164430813,True,7078.75,6933.168614993207
heldout:58:8,tiny_sequence_transformer,58,B8,other,0,8.696543424154244,True,6816.75,5981.198515750595
heldout:58:9,tiny_sequence_transformer,58,B4,other,0,8.796562967630999,True,5900.25,6610.481035826194
heldout:58:10,tiny_sequence_transformer,58,B2,other,0,9.137877684515637,True,8914.0,9300.00450422584
heldout:58:11,tiny_sequence_transformer,58,B4,other,0,8.701433638028146,True,5631.5,6010.524392391134
heldout:58:12,tiny_sequence_transformer,58,B2,other,0,8.41337760299618,True,6012.125,4180.3005061240365
heldout:58:13,tiny_sequence_transformer,58,B8,other,0,8.537939707465434,True,5864.0,5103.816105216588
heldout:58:14,tiny_sequence_transformer,58,B6,other,0,8.284871284171967,False,4451.25,3962.4545464255007
heldout:58:15,tiny_sequence_transformer,58,B4,other,0,8.578409001404598,True,5958.75,5314.64161571488
heldout:58:16,tiny_sequence_transformer,58,B4,other,0,8.90362472087381,True,6908.25,7357.598120877338
heldout:58:17,tiny_sequence_transformer,58,B4,other,0,8.044413092140092,False,2807.25,2890.160021636317
heldout:58:18,tiny_sequence_transformer,58,B4,other,0,8.724713081236352,True,5976.0,5707.508620526365
heldout:58:19,tiny_sequence_transformer,58,B4,other,0,9.01437699427712,True,7741.0,8219.423392088642
heldout:58:20,tiny_sequence_transformer,58,B4,inner_high_charge,1,8.90138231472291,True,9197.25,7341.115642301457
heldout:58:21,tiny_sequence_transformer,58,B4,other,0,8.45045995633602,True,4621.75,4338.263691375205
heldout:58:22,tiny_sequence_transformer,58,B4,other,0,8.926418035240152,True,8593.375,7527.2510929107775
heldout:58:23,tiny_sequence_transformer,58,B6,other,0,8.659044203014485,True,5716.375,5344.680887087924
heldout:58:24,tiny_sequence_transformer,58,B4,other,0,8.318786938819692,False,4581.25,3802.918272525332
heldout:58:25,tiny_sequence_transformer,58,B2,inner_high_charge,1,9.519134800874259,True,15232.0,12900.963665207455
heldout:58:26,tiny_sequence_transformer,58,B4,other,0,8.669364117451991,True,4801.125,5820.796193665802
heldout:58:27,tiny_sequence_transformer,58,B8,other,0,8.868443011265592,True,5633.0,6589.885648545037
heldout:58:28,tiny_sequence_transformer,58,B4,other,0,8.550074865222177,True,4706.625,4792.781639365477
heldout:58:29,tiny_sequence_transformer,58,B4,other,0,8.835036829241135,True,6252.0,6869.806887831116
heldout:58:30,tiny_sequence_transformer,58,B8,other,0,8.127030316374551,False,3820.5,3139.1640299470905
heldout:58:31,tiny_sequence_transformer,58,B2,other,0,9.081082772864775,True,8341.25,8151.523358587076
heldout:58:32,tiny_sequence_transformer,58,B2,other,0,8.12329822531461,False,4466.25,3371.124449978808
heldout:58:33,tiny_sequence_transformer,58,B8,other,0,8.193612946068217,False,3161.25,3355.3620597115187
heldout:58:34,tiny_sequence_transformer,58,B8,other,0,8.916369789497422,True,6304.5,6913.45750771186
heldout:58:35,tiny_sequence_transformer,58,B8,other,0,8.63779025510479,True,5159.0,5639.851200081495
heldout:58:36,tiny_sequence_transformer,58,B2,other,0,8.530739192124427,True,4481.25,4700.981018179108
heldout:58:37,tiny_sequence_transformer,58,B6,other,0,8.158280234147348,False,3855.625,3238.843269960464
heldout:58:38,tiny_sequence_transformer,58,B6,other,0,8.977521388910827,True,6072.5,7349.483621684173
heldout:58:39,tiny_sequence_transformer,58,B2,inner_high_charge,1,9.244342669166537,True,9106.25,10344.869833686269
heldout:58:40,tiny_sequence_transformer,58,B4,other,0,8.754655926644425,True,6154.0,6339.138715728881
heldout:58:41,tiny_sequence_transformer,58,B2,inner_high_charge,1,9.122179177470441,True,10381.25,9155.13272998199
heldout:58:42,tiny_sequence_transformer,58,B8,other,0,8.655434817558108,True,5433.75,5325.42104324898
heldout:58:43,tiny_sequence_transformer,58,B6,other,0,8.783090269456904,True,5883.5,6050.674378168673
heldout:58:44,tiny_sequence_transformer,58,B2,other,0,8.504151722695248,True,5434.625,4934.216013762046
heldout:58:45,tiny_sequence_transformer,58,B6,other,0,8.053966622014759,False,3878.25,3145.2502377471255
heldout:58:46,tiny_sequence_transformer,58,B6,other,0,8.07047265471464,False,3654.0,3197.613311506564
heldout:58:47,tiny_sequence_transformer,58,B6,other,0,7.915904537481341,False,2624.375,2739.5243165511415
heldout:58:48,tiny_sequence_transformer,58,B4,other,0,8.393083000549193,True,3878.0,4096.297956974548
heldout:58:49,tiny_sequence_transformer,58,B8,other,0,8.402661352033855,True,4453.125,4135.731871402591
heldout:58:50,tiny_sequence_transformer,58,B4,inner_high_charge,1,9.629487652609507,True,11485.0,13608.014085991723
heldout:58:51,tiny_sequence_transformer,58,B4,other,0,8.841640594432183,True,6908.25,6915.330230485983
heldout:58:52,tiny_sequence_transformer,58,B2,inner_high_charge,1,9.061164624461957,True,9168.75,8613.177095736259
heldout:58:53,tiny_sequence_transformer,58,B8,other,0,8.737956607549206,True,5625.75,5783.612232422046
heldout:58:54,tiny_sequence_transformer,58,B2,other,0,8.206792084776353,False,3896.0,3664.764123865637
heldout:58:55,tiny_sequence_transformer,58,B2,other,0,8.57415314989867,True,5434.625,5292.067105294719
heldout:58:56,tiny_sequence_transformer,58,B4,other,0,8.951672454661775,True,5189.25,7161.916107774265
heldout:58:57,tiny_sequence_transformer,58,B4,other,0,8.199776625724457,False,3775.625,3376.1134871363074
heldout:58:58,tiny_sequence_transformer,58,B4,other,0,8.475575773254944,True,4275.625,4795.183484597529
heldout:58:59,tiny_sequence_transformer,58,B2,other,0,8.965910153397967,True,8139.75,7830.50635823493
heldout:58:60,tiny_sequence_transformer,58,B8,other,0,8.672308167323044,True,5110.625,5416.058133742026
heldout:58:61,tiny_sequence_transformer,58,B6,other,0,8.373069489001209,True,4693.0,4327.903211391922
heldout:58:62,tiny_sequence_transformer,58,B8,other,0,8.156989502969093,False,3532.0,3234.6642008468575
heldout:58:63,tiny_sequence_transformer,58,B8,other,0,8.295955065695143,False,3810.0,4006.6289682799893
heldout:58:64,tiny_sequence_transformer,58,B8,other,0,8.650708135224063,True,7307.125,5713.191721820478
heldout:58:65,tiny_sequence_transformer,58,B4,other,0,8.759686084841668,True,6074.0,6371.110961774466
heldout:58:66,tiny_sequence_transformer,58,B4,other,0,9.011838877681411,True,6465.0,8198.585454797221
heldout:58:67,tiny_sequence_transformer,58,B8,other,0,8.147450171156272,False,3828.125,3453.5592908779417
heldout:58:68,tiny_sequence_transformer,58,B4,other,0,7.858830419374566,False,4422.0,2400.4558086512534
heldout:58:69,tiny_sequence_transformer,58,B2,inner_high_charge,1,9.418346963516624,True,12156.0,12091.575685011485
heldout:58:70,tiny_sequence_transformer,58,B8,other,0,9.179703129983253,True,9089.0,8996.509807550885
heldout:58:71,tiny_sequence_transformer,58,B6,other,0,8.524403387865107,True,5275.0,5035.181262503619
heldout:58:72,tiny_sequence_transformer,58,B6,other,0,8.49346061472434,True,4943.75,4528.924785624511
heldout:58:73,tiny_sequence_transformer,58,B4,other,0,8.615979215744215,True,4706.625,5119.3558406435
heldout:58:74,tiny_sequence_transformer,58,B4,other,0,8.647424009464405,True,5497.5,5282.922557323964
heldout:58:75,tiny_sequence_transformer,58,B4,other,0,9.055272313898302,True,7144.5,8562.568934961368
heldout:58:76,tiny_sequence_transformer,58,B6,other,0,8.585779039433254,True,5065.0,4967.031873895711
heldout:58:77,tiny_sequence_transformer,58,B6,other,0,8.964126944380903,True,7613.0,7816.5535895284975
heldout:58:78,tiny_sequence_transformer,58,B2,other,0,8.243482753416645,False,3183.0,3526.9870744546706
heldout:58:79,tiny_sequence_transformer,58,B6,other,0,7.807190956745569,False,2532.5,2279.5934125472972
heldout:58:80,tiny_sequence_transformer,58,B4,other,0,8.215196842738965,False,4939.5,3695.7038222816986
heldout:58:81,tiny_sequence_transformer,58,B4,other,0,7.933175737633677,False,2943.5,2585.797071902471
heldout:58:82,tiny_sequence_transformer,58,B6,other,0,7.669344410570953,False,2420.5,1985.9268162017827
heldout:58:83,tiny_sequence_transformer,58,B6,other,0,7.6294393504668685,False,1682.5,1908.1995519778775
heldout:58:84,tiny_sequence_transformer,58,B2,other,0,7.769648687944008,False,1632.0,2195.561996051034
heldout:58:85,tiny_sequence_transformer,58,B8,other,0,8.240465124423341,False,3112.5,3790.3033259006897
heldout:58:86,tiny_sequence_transformer,58,B6,other,0,8.079512432210212,False,4045.0,3226.659150300864
heldout:58:87,tiny_sequence_transformer,58,B6,other,0,7.9901167311970305,False,2949.5,2737.3661644867566
heldout:58:88,tiny_sequence_transformer,58,B2,other,0,8.461405635645663,True,4707.0,4386.020770210512
heldout:58:89,tiny_sequence_transformer,58,B4,other,0,7.712178498095996,False,2218.5,2072.8840859410175
heldout:58:90,tiny_sequence_transformer,58,B6,other,0,7.185349093418638,False,2099.5,1318.9499436955796
heldout:58:91,tiny_sequence_transformer,58,B2,other,0,8.665228795691391,True,4900.5,5377.844191012862
heldout:58:92,tiny_sequence_transformer,58,B2,other,0,7.999412928985068,False,3253.0,2978.2084666074234
heldout:58:93,tiny_sequence_transformer,58,B6,other,0,8.192166519579494,False,3356.5,3350.5108380361653
heldout:58:94,tiny_sequence_transformer,58,B8,other,0,7.567111791361504,False,2362.5,1792.8363027134214
heldout:58:95,tiny_sequence_transformer,58,B2,other,0,8.15870372065382,False,3183.0,3492.6549145219415
heldout:58:96,tiny_sequence_transformer,58,B2,inner_high_charge,1,9.185099717674738,True,9432.5,9749.752277427864
heldout:58:97,tiny_sequence_transformer,58,B6,other,0,7.9498901206445165,False,2532.5,2629.397148076243
heldout:58:98,tiny_sequence_transformer,58,B8,other,0,8.18670413791773,False,3688.0,3591.861136123036
heldout:58:99,tiny_sequence_transformer,58,B6,other,0,7.843233191478364,False,2646.5,2363.290347648276
heldout:58:100,tiny_sequence_transformer,58,B8,other,0,7.671931440220771,False,2547.0,1991.073709499538
heldout:58:101,tiny_sequence_transformer,58,B4,other,0,8.652593752466588,True,4763.0,5310.309810522543
heldout:58:102,tiny_sequence_transformer,58,B2,other,0,9.055374666962747,True,8305.0,8563.445487342591
heldout:58:103,tiny_sequence_transformer,58,B4,other,0,8.304601496120915,False,4129.0,3749.3389296522423
heldout:58:104,tiny_sequence_transformer,58,B6,other,0,8.669593346492498,True,5436.5,5401.371735969774
heldout:58:105,tiny_sequence_transformer,58,B2,other,0,8.16214517141978,False,2977.5,3504.6988683536297
heldout:58:106,tiny_sequence_transformer,58,B8,other,0,7.86773331015942,False,3265.0,2610.6390981565382
heldout:58:107,tiny_sequence_transformer,58,B4,other,0,8.141610646642388,False,3459.5,3185.2840642281008
heldout:58:108,tiny_sequence_transformer,58,B4,other,0,8.858879608870792,True,6074.5,6527.154795252143
heldout:58:109,tiny_sequence_transformer,58,B4,other,0,8.687244550767844,True,3843.0,5925.828646861496
heldout:58:110,tiny_sequence_transformer,58,B2,inner_high_charge,1,9.243962930684154,True,9201.0,9593.66919161819
heldout:58:111,tiny_sequence_transformer,58,B8,other,0,7.989449190283143,False,3048.0,2735.5388030218855
heldout:58:112,tiny_sequence_transformer,58,B8,other,0,7.579136933343832,False,2094.0,1814.5376583801426
heldout:58:113,tiny_sequence_transformer,58,B2,other,0,8.911985835793276,True,7505.0,6883.211193770884
heldout:58:114,tiny_sequence_transformer,58,B8,other,0,8.231926693540306,False,3562.5,3486.4521079236088
heldout:58:115,tiny_sequence_transformer,58,B2,other,0,8.371341346329865,True,5365.0,4320.428709395325
heldout:58:116,tiny_sequence_transformer,58,B2,other,0,8.54990318830617,True,3105.5,4791.958728357051
heldout:58:117,tiny_sequence_transformer,58,B2,other,0,7.710353964042805,False,1632.0,2069.1036636072176
heldout:58:118,tiny_sequence_transformer,58,B8,other,0,8.315434448686611,False,3699.0,4085.4604090781727
heldout:58:119,tiny_sequence_transformer,58,B6,other,0,7.092555256418415,False,1682.5,1115.0548119865016
heldout:58:120,tiny_sequence_transformer,58,B6,other,0,8.124717497850172,False,4045.0,3131.909792510057
heldout:58:121,tiny_sequence_transformer,58,B6,other,0,8.001244994361034,False,3266.5,2983.6715741439034
heldout:58:122,tiny_sequence_transformer,58,B2,other,0,8.788363381067567,True,6600.5,6082.669816216127
heldout:58:123,tiny_sequence_transformer,58,B6,other,0,8.149979608353844,False,3297.5,3212.061848396914
heldout:58:124,tiny_sequence_transformer,58,B6,other,0,7.802854865407831,False,2346.5,2269.725959754928
heldout:58:125,tiny_sequence_transformer,58,B4,other,0,7.858012828446991,False,3178.5,2585.375693219525
heldout:58:126,tiny_sequence_transformer,58,B2,other,0,7.695044870155308,False,1632.0,2037.6536024727345
heldout:58:127,tiny_sequence_transformer,58,B2,other,0,8.406768794052322,True,7616.0,4476.270131576667
heldout:58:128,tiny_sequence_transformer,58,B6,other,0,7.50061496143335,False,1682.5,1677.4314263055558
heldout:58:129,tiny_sequence_transformer,58,B8,other,0,8.006602766987454,False,3381.5,2782.885149933328
heldout:58:130,tiny_sequence_transformer,58,B2,other,0,9.123996641560966,True,8253.5,8508.995064146515
heldout:58:131,tiny_sequence_transformer,58,B6,other,0,8.185613972462704,False,3561.0,3587.9464572392744
heldout:58:132,tiny_sequence_transformer,58,B4,other,0,8.357812588621503,True,3519.5,3954.303393436378
heldout:58:133,tiny_sequence_transformer,58,B2,other,0,8.417531986095932,True,2832.5,4197.7073626216325
heldout:58:134,tiny_sequence_transformer,58,B6,other,0,7.312904034646023,False,1878.0,1498.5255463848189
heldout:58:135,tiny_sequence_transformer,58,B2,other,0,8.57321267455545,True,5365.0,4904.992394415691
heldout:58:136,tiny_sequence_transformer,58,B8,other,0,8.127768129572868,False,3185.5,3141.481739326412
heldout:58:137,tiny_sequence_transformer,58,B6,other,0,8.168453201507115,False,3356.5,3271.9703042251413
heldout:58:138,tiny_sequence_transformer,58,B2,other,0,8.068084937123796,False,3105.5,2959.4155829959664
heldout:58:139,tiny_sequence_transformer,58,B8,other,0,8.636541206086106,True,5431.0,5632.809898806149
heldout:58:140,tiny_sequence_transformer,58,B8,other,0,8.450320687602307,True,4086.0,4675.572213797144
heldout:58:141,tiny_sequence_transformer,58,B8,other,0,8.09303819484692,False,2753.0,3270.6122815639856
heldout:58:142,tiny_sequence_transformer,58,B2,other,0,8.380426457472787,True,3491.5,4044.7671179111
heldout:58:143,tiny_sequence_transformer,58,B6,other,0,8.250071616032805,False,3470.0,3550.309245516422
heldout:58:144,tiny_sequence_transformer,58,B8,other,0,8.429942665029422,True,4856.5,4250.1408663207685
heldout:58:145,tiny_sequence_transformer,58,B4,other,0,8.507361210612125,True,3176.5,4592.333125313147
heldout:58:146,tiny_sequence_transformer,58,B6,other,0,7.555967638410579,False,2115.5,1911.119589395941
heldout:58:147,tiny_sequence_transformer,58,B6,other,0,8.055171772297282,False,3223.0,3149.044227814938
heldout:58:148,tiny_sequence_transformer,58,B4,other,0,8.108819669350865,False,3933.5,3082.4971475150364
heldout:58:149,tiny_sequence_transformer,58,B6,other,0,8.13458003424618,False,3042.5,3162.961099993858
heldout:58:150,tiny_sequence_transformer,58,B6,other,0,7.60016639448851,False,1918.0,1997.5284115517118
heldout:58:151,tiny_sequence_transformer,58,B4,other,0,8.480210976016636,True,5098.0,4817.4663704821805
heldout:58:152,tiny_sequence_transformer,58,B8,other,0,7.891292248110002,False,3185.5,2479.690550321651
heldout:58:153,tiny_sequence_transformer,58,B4,other,0,7.7635412344173655,False,2453.5,2182.1874794346327
heldout:58:154,tiny_sequence_transformer,58,B6,other,0,7.54992818027607,False,1682.5,1762.2750457119823
heldout:58:155,tiny_sequence_transformer,58,B6,other,0,8.131964824956693,False,3328.0,3154.6974897784644
heldout:60:156,tiny_sequence_transformer,60,B4,other,0,8.811661481769374,True,6466.25,6226.071778400823
heldout:60:157,tiny_sequence_transformer,60,B4,other,0,8.260260290885464,False,3440.0,3866.1005405156557
heldout:60:158,tiny_sequence_transformer,60,B4,other,0,8.496916822959152,True,4471.0,4898.639073709414
heldout:60:159,tiny_sequence_transformer,60,B2,other,0,8.526768479389201,True,4783.75,5047.106388569908
heldout:60:160,tiny_sequence_transformer,60,B4,other,0,8.62101193980532,True,5644.0,5545.996781354658
heldout:60:161,tiny_sequence_transformer,60,B2,other,0,8.072863157861914,False,2818.75,3205.2687532278064
heldout:60:162,tiny_sequence_transformer,60,B2,inner_high_charge,1,9.160585762809063,True,10494.0,9513.628761237258
heldout:60:163,tiny_sequence_transformer,60,B4,other,0,8.656834979225625,True,4883.75,5748.309152751876
heldout:60:164,tiny_sequence_transformer,60,B2,other,0,8.796925532775116,True,7372.0,6134.982756195391
heldout:60:165,tiny_sequence_transformer,60,B8,other,0,9.26113406394059,True,9265.5,9759.843149463504
heldout:60:166,tiny_sequence_transformer,60,B2,other,0,8.312108590906156,False,3692.0,3777.599022351381
heldout:60:167,tiny_sequence_transformer,60,B6,other,0,7.958470175026389,False,2975.0,2858.694771956324
heldout:60:168,tiny_sequence_transformer,60,B6,other,0,8.784809034243859,True,6540.625,6061.08472689958
heldout:60:169,tiny_sequence_transformer,60,B8,other,0,8.552689823604188,True,5614.0,5179.670793085429
heldout:60:170,tiny_sequence_transformer,60,B6,other,0,8.220766085386119,False,3371.25,3447.7464128005013
heldout:60:171,tiny_sequence_transformer,60,B8,other,0,8.978695977636722,True,6702.0,7358.122489441203
heldout:60:172,tiny_sequence_transformer,60,B4,other,0,8.669174422048686,True,6137.0,5819.691930429024
heldout:60:173,tiny_sequence_transformer,60,B6,other,0,8.827796564209121,True,7209.0,6820.240079922551
heldout:60:174,tiny_sequence_transformer,60,B6,other,0,8.943936381079926,True,6992.25,7660.295556072973
heldout:60:175,tiny_sequence_transformer,60,B2,other,0,8.501709188725641,True,5011.5,4922.17629070309
heldout:60:176,tiny_sequence_transformer,60,B2,other,0,8.646598320452558,True,6697.25,5689.755644231255
heldout:60:177,tiny_sequence_transformer,60,B8,other,0,8.668898079955639,True,7123.0,5818.083650465949
heldout:60:178,tiny_sequence_transformer,60,B4,other,0,9.028757376361108,True,7308.0,7735.907789526268
heldout:60:179,tiny_sequence_transformer,60,B4,other,0,7.796397029412696,False,3328.125,2430.8243826874477
heldout:60:180,tiny_sequence_transformer,60,B4,other,0,8.162486043859246,False,3002.0,3252.4981289914513
heldout:60:181,tiny_sequence_transformer,60,B6,other,0,9.185088988470218,True,8843.0,9749.647660173685
heldout:60:182,tiny_sequence_transformer,60,B2,other,0,8.450964992061277,True,4997.25,4678.586321024285
heldout:60:183,tiny_sequence_transformer,60,B6,other,0,8.608065562011546,True,5151.75,5078.995028912649
heldout:60:184,tiny_sequence_transformer,60,B6,other,0,8.501155356539616,True,4624.5,4563.915838201479
heldout:60:185,tiny_sequence_transformer,60,B8,other,0,9.036291821817573,True,7720.0,7794.421255721101
heldout:60:186,tiny_sequence_transformer,60,B4,other,0,9.052957938554506,True,7390.0,7925.429321864469
heldout:60:187,tiny_sequence_transformer,60,B6,other,0,8.365279574094075,True,3705.625,3983.9481270736133
heldout:60:188,tiny_sequence_transformer,60,B4,other,0,8.73749811059077,True,5331.0,5780.960613233878
heldout:60:189,tiny_sequence_transformer,60,B8,other,0,8.83840685455978,True,7527.0,6893.0007409876325
heldout:60:190,tiny_sequence_transformer,60,B6,other,0,8.075046381647947,False,2954.25,3212.276402283844
heldout:60:191,tiny_sequence_transformer,60,B6,other,0,8.699461797706235,True,5379.5,5565.16617886382
heldout:60:192,tiny_sequence_transformer,60,B8,other,0,8.803815126354408,True,5568.75,6177.403145420249
heldout:60:193,tiny_sequence_transformer,60,B4,other,0,9.206226483242192,True,8648.5,9957.945617142268
heldout:60:194,tiny_sequence_transformer,60,B6,other,0,8.137307781980573,False,3495.625,3171.6033693227164
heldout:60:195,tiny_sequence_transformer,60,B4,other,0,8.07261430863279,False,2440.5,3204.4709749875665
heldout:60:196,tiny_sequence_transformer,60,B2,other,0,8.906163584864654,True,6074.0,7376.30433689056
heldout:60:197,tiny_sequence_transformer,60,B4,other,0,8.476818903413255,True,4928.125,4801.149472413412
heldout:60:198,tiny_sequence_transformer,60,B8,other,0,8.649470664389307,True,4720.0,5293.747997640276
heldout:60:199,tiny_sequence_transformer,60,B2,inner_high_charge,1,9.372870942753789,True,10559.375,10913.756311917097
heldout:60:200,tiny_sequence_transformer,60,B8,other,0,9.002257754823761,True,7167.0,7533.575367720905
heldout:60:201,tiny_sequence_transformer,60,B6,other,0,9.21417232939264,True,8347.0,9312.053800154867
heldout:60:202,tiny_sequence_transformer,60,B2,other,0,8.305546740204457,False,3679.375,4045.2537830998695
heldout:60:203,tiny_sequence_transformer,60,B8,other,0,9.01121918469724,True,6755.0,7601.399382686162
heldout:60:204,tiny_sequence_transformer,60,B6,other,0,8.820474458132507,True,5466.75,6281.193350584517
heldout:60:205,tiny_sequence_transformer,60,B6,other,0,8.454876253544171,True,3801.25,4357.469547670225
heldout:60:206,tiny_sequence_transformer,60,B4,other,0,7.938488497383207,False,3136.0,2802.1203808351606
heldout:60:207,tiny_sequence_transformer,60,B2,other,0,8.311843407938667,False,5676.75,4070.81208034854
heldout:60:208,tiny_sequence_transformer,60,B6,other,0,8.625066454618596,True,5424.0,5568.53281744728
heldout:60:209,tiny_sequence_transformer,60,B8,other,0,8.040723043296092,False,3705.625,3103.857325201088
heldout:60:210,tiny_sequence_transformer,60,B2,other,0,8.458164687018561,True,4905.75,4712.399491257154
heldout:60:211,tiny_sequence_transformer,60,B6,other,0,8.308640222149597,False,4348.0,4057.7901766795476
heldout:60:212,tiny_sequence_transformer,60,B2,other,0,8.299154001175836,False,3977.75,3728.9645224153696
heldout:60:213,tiny_sequence_transformer,60,B4,other,0,7.8902165722311475,False,2744.0,2477.02356599628
heldout:60:214,tiny_sequence_transformer,60,B8,other,0,9.004942403721667,True,6564.25,7553.830233614448
heldout:60:215,tiny_sequence_transformer,60,B8,other,0,8.523688471542687,True,4743.75,4667.945263634356
heldout:60:216,tiny_sequence_transformer,60,B8,other,0,9.184585337540621,True,9359.0,9744.73797390327
heldout:60:217,tiny_sequence_transformer,60,B8,other,0,8.758155999770958,True,5385.625,5901.6459754186835
heldout:60:218,tiny_sequence_transformer,60,B4,inner_high_charge,1,9.163422012415591,True,9153.0,9540.652928844047
heldout:60:219,tiny_sequence_transformer,60,B4,other,0,8.219374621482205,False,3609.0,3711.1801387333426
heldout:60:220,tiny_sequence_transformer,60,B4,other,0,8.985109666624977,True,7308.0,7405.4732966742995
heldout:60:221,tiny_sequence_transformer,60,B4,inner_high_charge,1,9.052285495684512,True,9573.375,7920.101042664927
heldout:60:222,tiny_sequence_transformer,60,B8,other,0,8.642094089629992,True,5075.625,5254.834593473643
heldout:60:223,tiny_sequence_transformer,60,B8,other,0,8.37101855200984,True,5385.625,4319.034001867487
heldout:60:224,tiny_sequence_transformer,60,B2,other,0,8.482666241435936,True,5707.625,4829.311519878002
heldout:60:225,tiny_sequence_transformer,60,B6,other,0,8.588146916359355,True,4673.375,5366.657734927585
heldout:60:226,tiny_sequence_transformer,60,B4,other,0,8.951250062814525,True,6864.75,7158.89118930322
heldout:60:227,tiny_sequence_transformer,60,B6,other,0,8.520038578243348,True,5889.625,5013.247193912122
heldout:60:228,tiny_sequence_transformer,60,B6,other,0,9.049414401892555,True,8843.0,7897.391434942696
heldout:60:229,tiny_sequence_transformer,60,B8,other,0,8.831670328403531,True,6159.0,6351.923174505867
heldout:60:230,tiny_sequence_transformer,60,B2,other,0,9.115377725322077,True,8937.25,9093.069032244182
heldout:60:231,tiny_sequence_transformer,60,B6,other,0,8.493823913783455,True,4698.0,4530.570802016993
heldout:60:232,tiny_sequence_transformer,60,B6,other,0,8.430935039105705,True,4525.0,4585.786913610193
heldout:60:233,tiny_sequence_transformer,60,B4,inner_high_charge,1,9.160871833588512,True,10657.0,9516.351007862191
heldout:60:234,tiny_sequence_transformer,60,B6,other,0,8.14319518865483,False,3176.0,3190.3368673236387
heldout:60:235,tiny_sequence_transformer,60,B8,other,0,8.237664836078814,False,3293.5,3506.5211296021075
heldout:60:236,tiny_sequence_transformer,60,B6,other,0,8.010406898960483,False,3193.5,2793.4955853941524
heldout:60:237,tiny_sequence_transformer,60,B4,other,0,7.4762825310480565,False,2433.5,1637.083976900786
heldout:60:238,tiny_sequence_transformer,60,B2,other,0,8.274420810590545,False,2246.5,3921.250246621205
heldout:60:239,tiny_sequence_transformer,60,B8,other,0,8.186717980953619,False,3077.5,3332.299658988583
heldout:60:240,tiny_sequence_transformer,60,B4,other,0,8.516325589329373,True,4637.5,4633.694616072637
heldout:60:241,tiny_sequence_transformer,60,B2,other,0,7.789284420810964,False,2932.0,2413.5891341136
heldout:60:242,tiny_sequence_transformer,60,B8,other,0,8.559143221840163,True,3903.0,4836.4510665265325
heldout:60:243,tiny_sequence_transformer,60,B4,other,0,7.464408557175026,False,2743.0,1743.8232797787186
heldout:60:244,tiny_sequence_transformer,60,B4,other,0,7.881060944970907,False,2338.5,2454.439250433132
heldout:60:245,tiny_sequence_transformer,60,B4,other,0,7.870335117912011,False,2546.0,2617.442928299943
heldout:60:246,tiny_sequence_transformer,60,B2,other,0,8.220529462768665,False,2899.0,3446.930457937865
heldout:60:247,tiny_sequence_transformer,60,B6,other,0,8.20337818512426,False,3836.0,3652.2709104207624
heldout:60:248,tiny_sequence_transformer,60,B8,other,0,8.352931580885299,True,3763.5,3935.0445664512895
heldout:60:249,tiny_sequence_transformer,60,B6,other,0,8.18332875819624,False,3616.0,3579.754309565077
heldout:60:250,tiny_sequence_transformer,60,B2,other,0,8.102913830234385,False,3553.5,3303.081595248495
heldout:60:251,tiny_sequence_transformer,60,B4,other,0,8.451869476019317,True,4412.5,4344.384281491993
heldout:60:252,tiny_sequence_transformer,60,B8,other,0,8.055612172902235,False,2964.5,2922.7203387179534
heldout:60:253,tiny_sequence_transformer,60,B4,other,0,7.461069812736288,False,1525.0,1612.3528575173405
heldout:60:254,tiny_sequence_transformer,60,B8,other,0,8.396314704552152,True,3195.0,4109.56063015758
heldout:60:255,tiny_sequence_transformer,60,B8,other,0,8.24962414084719,False,3763.5,3825.187443572065
heldout:60:256,tiny_sequence_transformer,60,B4,other,0,7.781303448701935,False,1568.0,2394.395061141892
heldout:60:257,tiny_sequence_transformer,60,B4,other,0,8.511298014795903,True,4576.5,4610.451819853669
heldout:60:258,tiny_sequence_transformer,60,B6,other,0,7.997411114763111,False,3039.5,2757.4138866307962
heldout:60:259,tiny_sequence_transformer,60,B8,other,0,8.313249591742427,False,3763.5,3781.9128675783113
heldout:60:260,tiny_sequence_transformer,60,B6,other,0,8.184576280466358,False,3037.0,3325.1683687544883
heldout:60:261,tiny_sequence_transformer,60,B8,other,0,7.565430564172255,False,2284.0,1789.8229900895603
heldout:60:262,tiny_sequence_transformer,60,B8,other,0,8.345355140164767,True,4564.0,4209.577708419699
heldout:60:263,tiny_sequence_transformer,60,B6,other,0,7.207843218989808,False,1629.0,1251.4328503036593
heldout:60:264,tiny_sequence_transformer,60,B8,other,0,8.758031605990801,True,5649.0,6360.5771553356735
heldout:60:265,tiny_sequence_transformer,60,B6,other,0,7.790522989992031,False,3039.5,2241.8956030528693
heldout:60:266,tiny_sequence_transformer,60,B6,other,0,7.563830892151847,False,1969.5,1786.9605507512733
heldout:60:267,tiny_sequence_transformer,60,B2,other,0,8.202442943270311,False,4053.0,3648.8558157801726
heldout:60:268,tiny_sequence_transformer,60,B6,other,0,7.589428797857169,False,1688.5,1976.1838195004605
heldout:60:269,tiny_sequence_transformer,60,B2,other,0,8.48140828712481,True,4463.5,4474.656335587688
heldout:60:270,tiny_sequence_transformer,60,B8,other,0,8.425773763445518,True,3344.0,4232.455169009922
heldout:60:271,tiny_sequence_transformer,60,B8,other,0,7.713024415311832,False,1716.5,2074.6391624130065
heldout:60:272,tiny_sequence_transformer,60,B2,other,0,7.76864190242545,False,1718.5,2193.3516421056693
heldout:60:273,tiny_sequence_transformer,60,B4,other,0,8.303411425598956,False,3426.5,3744.8784165337306
heldout:60:274,tiny_sequence_transformer,60,B6,other,0,7.6751353013092745,False,2371.0,2153.115120575395
heldout:60:275,tiny_sequence_transformer,60,B4,other,0,8.686495391423364,True,4088.5,5921.3901705681565
heldout:60:276,tiny_sequence_transformer,60,B2,other,0,8.303557206154903,False,4680.0,4037.2116261505234
heldout:60:277,tiny_sequence_transformer,60,B6,other,0,7.922212118463368,False,3017.5,2557.5913150528368
heldout:60:278,tiny_sequence_transformer,60,B6,other,0,8.10404255531557,False,3107.5,3306.8131005409737
heldout:60:279,tiny_sequence_transformer,60,B6,other,0,8.256281251696388,False,3616.0,3572.430192489259
heldout:60:280,tiny_sequence_transformer,60,B2,other,0,8.375274000916887,True,4163.5,4337.456856796697
heldout:60:281,tiny_sequence_transformer,60,B2,other,0,7.871607741276818,False,1718.5,2431.3368509260126
heldout:60:282,tiny_sequence_transformer,60,B2,other,0,7.8472078275582735,False,1976.5,2372.7062413470194
heldout:60:283,tiny_sequence_transformer,60,B8,other,0,9.124061986528496,True,7091.5,8509.551167666748
heldout:60:284,tiny_sequence_transformer,60,B2,other,0,7.579212152477881,False,4463.5,1956.0864721154662
heldout:60:285,tiny_sequence_transformer,60,B6,other,0,8.282783261931383,False,3604.5,3668.399346798296
heldout:60:286,tiny_sequence_transformer,60,B4,other,0,8.21045363172282,False,3942.5,3678.2110946336743
heldout:60:287,tiny_sequence_transformer,60,B6,other,0,8.324586772096621,True,3585.0,3825.0444663993117
heldout:60:288,tiny_sequence_transformer,60,B6,other,0,7.946700001689585,False,2772.0,2825.2329806490384
heldout:60:289,tiny_sequence_transformer,60,B2,other,0,8.85408262827535,True,3521.0,7001.921010946165
heldout:60:290,tiny_sequence_transformer,60,B8,other,0,8.222912901484142,False,3583.5,3455.1581901323134
heldout:60:291,tiny_sequence_transformer,60,B6,other,0,8.071102639661374,False,3027.0,2968.3627297369867
heldout:60:292,tiny_sequence_transformer,60,B4,other,0,7.686470118531357,False,2697.0,2177.6705243471915
heldout:60:293,tiny_sequence_transformer,60,B8,other,0,8.035358376490432,False,2076.0,2864.099552863251
heldout:60:294,tiny_sequence_transformer,60,B8,other,0,7.812845764004565,False,2781.5,2471.155605992794
heldout:60:295,tiny_sequence_transformer,60,B6,other,0,7.815134421463009,False,2631.0,2476.8200028184183
heldout:60:296,tiny_sequence_transformer,60,B6,other,0,8.270820544950455,False,3833.5,3624.7648747064904
heldout:60:297,tiny_sequence_transformer,60,B4,other,0,8.04221257783051,False,3187.0,2883.8049773847224
heldout:60:298,tiny_sequence_transformer,60,B8,other,0,8.349712350989568,True,2969.0,3922.3939077267837
heldout:60:299,tiny_sequence_transformer,60,B6,other,0,7.998085745490148,False,3178.5,2974.2571329550155
heldout:60:300,tiny_sequence_transformer,60,B6,other,0,7.924167823147685,False,3039.5,2762.26387419321
heldout:60:301,tiny_sequence_transformer,60,B4,other,0,7.699487803550478,False,2235.5,2046.7313556380502
heldout:60:302,tiny_sequence_transformer,60,B8,other,0,8.924859436003585,True,7091.5,7515.5267056886005
heldout:60:303,tiny_sequence_transformer,60,B8,other,0,8.286198594618547,False,3979.0,3967.7187739087244
heldout:60:304,tiny_sequence_transformer,60,B2,other,0,8.556937344229643,True,3240.5,4825.792002144791
heldout:60:305,tiny_sequence_transformer,60,B8,other,0,8.253891104969913,False,3142.0,3563.899369033518
heldout:60:306,tiny_sequence_transformer,60,B4,other,0,7.925470318612569,False,2338.5,2565.941313253106
heldout:60:307,tiny_sequence_transformer,60,B4,other,0,8.036357479421781,False,3130.0,2866.9635126822154
heldout:60:308,tiny_sequence_transformer,60,B2,other,0,7.545871813207997,False,3859.5,1891.9122841957937
heldout:60:309,tiny_sequence_transformer,60,B2,other,0,8.578490665474593,True,5791.0,5315.075730369396
heldout:60:310,tiny_sequence_transformer,60,B6,other,0,7.88959620689608,False,3310.5,2475.486762815453
heldout:60:311,tiny_sequence_transformer,60,B2,other,0,7.6517294432562455,False,3173.5,2103.281680068499
heldout:62:312,tiny_sequence_transformer,62,B6,other,0,8.856661028550413,True,5520.0,6512.687613731185
heldout:62:313,tiny_sequence_transformer,62,B4,other,0,8.57243233224175,True,5262.75,4901.165534284282
heldout:62:314,tiny_sequence_transformer,62,B6,other,0,8.4606201966073,True,4421.875,4723.9875103269405
heldout:62:315,tiny_sequence_transformer,62,B8,other,0,8.660017336921896,True,5300.0,5349.8854823906995
heldout:62:316,tiny_sequence_transformer,62,B8,other,0,8.378153744238993,True,4293.75,4349.96850548017
heldout:62:317,tiny_sequence_transformer,62,B8,other,0,8.643283091353194,True,5445.0,5261.087506487662
heldout:62:318,tiny_sequence_transformer,62,B6,other,0,8.558297636778041,True,4380.625,4832.362319101428
heldout:62:319,tiny_sequence_transformer,62,B8,other,0,8.52650987718059,True,4465.0,5045.801105890282
heldout:62:320,tiny_sequence_transformer,62,B8,other,0,8.804393502568796,True,6042.0,6180.977620438491
heldout:62:321,tiny_sequence_transformer,62,B4,other,0,7.920162777171168,False,3410.25,2751.2190076945467
heldout:62:322,tiny_sequence_transformer,62,B8,other,0,8.930186995907127,True,6688.0,7009.659082289845
heldout:62:323,tiny_sequence_transformer,62,B8,other,0,8.431473114852125,True,4197.5,4588.255616517426
heldout:62:324,tiny_sequence_transformer,62,B2,other,0,8.073469630560892,False,2794.75,2975.3995090065064
heldout:62:325,tiny_sequence_transformer,62,B8,other,0,8.280272125876852,False,3300.0,3659.1965453792172
heldout:62:326,tiny_sequence_transformer,62,B8,other,0,8.860340101738418,True,6351.0,6536.696084565855
heldout:62:327,tiny_sequence_transformer,62,B2,other,0,9.001992764648229,True,8538.0,8118.247566583119
heldout:62:328,tiny_sequence_transformer,62,B4,other,0,7.940234617845545,False,4443.75,2807.01924244709
heldout:62:329,tiny_sequence_transformer,62,B2,other,0,8.66659945252351,True,5743.5,5385.221795479134
heldout:62:330,tiny_sequence_transformer,62,B8,other,0,7.921888483896638,False,2659.5,2755.972631046272
heldout:62:331,tiny_sequence_transformer,62,B4,other,0,8.08069157280803,False,2898.75,3230.4672589474308
heldout:62:332,tiny_sequence_transformer,62,B4,other,0,8.697909149789657,True,5579.0,5989.37413917817
heldout:62:333,tiny_sequence_transformer,62,B6,other,0,8.46953559192216,True,5530.875,4766.30098223295
heldout:62:334,tiny_sequence_transformer,62,B4,other,0,8.091674725409671,False,3370.0,3266.1545778695067
heldout:62:335,tiny_sequence_transformer,62,B4,other,0,8.982057105308069,True,6820.5,7382.899054951821
heldout:62:336,tiny_sequence_transformer,62,B6,other,0,8.286157263642401,False,3883.25,3680.800815997208
heldout:62:337,tiny_sequence_transformer,62,B4,other,0,9.092431597279724,True,8773.0,8886.771278797742
heldout:62:338,tiny_sequence_transformer,62,B2,other,0,8.781966332855834,True,6495.0,6043.87650074452
heldout:62:339,tiny_sequence_transformer,62,B6,other,0,7.600147541038832,False,2545.0,1853.0867597987028
heldout:62:340,tiny_sequence_transformer,62,B8,other,0,9.099219721347941,True,9399.0,8947.307805200946
heldout:62:341,tiny_sequence_transformer,62,B2,other,0,8.652551039383447,True,5822.5,5310.082952949949
heldout:62:342,tiny_sequence_transformer,62,B4,other,0,8.363831462134197,True,4295.0,3978.1816522895638
heldout:62:343,tiny_sequence_transformer,62,B4,other,0,8.610272740829581,True,5245.5,5090.219869394311
heldout:62:344,tiny_sequence_transformer,62,B2,inner_high_charge,1,9.627554667486026,True,14244.125,13339.431529518446
heldout:62:345,tiny_sequence_transformer,62,B2,other,0,8.515113970400696,True,5580.75,4988.614695335595
heldout:62:346,tiny_sequence_transformer,62,B4,other,0,7.885243924665647,False,3038.125,2656.77324344611
heldout:62:347,tiny_sequence_transformer,62,B6,other,0,8.397787918383916,True,4301.0,4115.6208278216745
heldout:62:348,tiny_sequence_transformer,62,B2,other,0,8.235008419015035,False,3939.375,3769.6716422410504
heldout:62:349,tiny_sequence_transformer,62,B8,other,0,8.698208363889544,True,6011.25,5991.16681176729
heldout:62:350,tiny_sequence_transformer,62,B4,other,0,8.317144462921716,False,4151.25,4092.454292664873
heldout:62:351,tiny_sequence_transformer,62,B2,other,0,8.509232527745267,True,6206.0,4959.354692491943
heldout:62:352,tiny_sequence_transformer,62,B4,other,0,8.267936155740232,False,4485.75,3895.8980963471085
heldout:62:353,tiny_sequence_transformer,62,B8,other,0,8.80169872198316,True,5384.25,6164.340973290679
heldout:62:354,tiny_sequence_transformer,62,B4,other,0,8.414620572728277,True,4185.0,4185.500967432402
heldout:62:355,tiny_sequence_transformer,62,B6,other,0,8.992132882362714,True,7455.0,7457.673649093494
heldout:62:356,tiny_sequence_transformer,62,B2,other,0,8.696651733161325,True,5399.0,5981.846476821374
heldout:62:357,tiny_sequence_transformer,62,B8,other,0,8.850719319459115,True,5819.0,6474.099928742762
heldout:62:358,tiny_sequence_transformer,62,B4,other,0,8.732830859345901,True,6010.0,6202.2638463256035
heldout:62:359,tiny_sequence_transformer,62,B8,other,0,8.838028433898527,True,6206.0,6392.444412897691
heldout:62:360,tiny_sequence_transformer,62,B4,other,0,8.201803929849548,False,3265.5,3646.5242539590263
heldout:62:361,tiny_sequence_transformer,62,B4,other,0,8.242917717138889,False,4633.75,3799.613260892828
heldout:62:362,tiny_sequence_transformer,62,B6,other,0,8.790107239444543,True,6676.25,6567.9365868066225
heldout:62:363,tiny_sequence_transformer,62,B4,other,0,8.048345825279116,False,3506.875,2901.5525697058292
heldout:62:364,tiny_sequence_transformer,62,B6,other,0,8.301821758254063,False,4666.375,3738.928446426603
heldout:62:365,tiny_sequence_transformer,62,B6,other,0,8.203351317066886,False,3604.375,3652.172755446963
heldout:62:366,tiny_sequence_transformer,62,B2,other,0,8.704975301453265,True,6606.25,6031.852935426932
heldout:62:367,tiny_sequence_transformer,62,B4,other,0,8.117986100982632,False,2550.0,3353.2587999268426
heldout:62:368,tiny_sequence_transformer,62,B6,other,0,8.273397136943787,False,4109.0,3917.237196784872
heldout:62:369,tiny_sequence_transformer,62,B8,other,0,8.212602501632109,False,4293.75,3686.125741372386
heldout:62:370,tiny_sequence_transformer,62,B8,other,0,8.646218907804977,True,5358.125,5276.558728782175
heldout:62:371,tiny_sequence_transformer,62,B8,other,0,8.206910255614233,False,3367.875,3400.2906979574213
heldout:62:372,tiny_sequence_transformer,62,B2,inner_high_charge,1,9.56636793020647,True,15392.0,13046.710153715889
heldout:62:373,tiny_sequence_transformer,62,B8,other,0,8.408168491534347,True,4997.0,4158.576276821757
heldout:62:374,tiny_sequence_transformer,62,B4,other,0,8.590652540666968,True,4881.625,4991.302677219239
heldout:62:375,tiny_sequence_transformer,62,B2,other,0,8.649276083582919,True,5731.5,5705.01456064343
heldout:62:376,tiny_sequence_transformer,62,B4,other,0,8.492352576826086,True,4443.75,4876.3268729364645
heldout:62:377,tiny_sequence_transformer,62,B2,other,0,9.055411475937897,True,7574.0,8563.760741605764
heldout:62:378,tiny_sequence_transformer,62,B2,inner_high_charge,1,9.274715309157301,True,9741.375,9893.311837769426
heldout:62:379,tiny_sequence_transformer,62,B2,other,0,7.9454754715958975,False,3656.875,2821.774291379193
heldout:62:380,tiny_sequence_transformer,62,B8,other,0,8.689538399945372,True,5593.75,5939.439502535433
heldout:62:381,tiny_sequence_transformer,62,B8,other,0,8.388567983280103,True,4180.0,4077.840285650135
heldout:62:382,tiny_sequence_transformer,62,B8,other,0,9.248582554514655,True,9399.0,9638.0954914501
heldout:62:383,tiny_sequence_transformer,62,B2,other,0,8.400097404794419,True,4718.75,4125.139094603967
heldout:62:384,tiny_sequence_transformer,62,B2,other,0,8.054997255696833,False,6300.0,3148.4945407711893
heldout:62:385,tiny_sequence_transformer,62,B6,other,0,8.610742433763932,True,5020.75,5092.611741072837
heldout:62:386,tiny_sequence_transformer,62,B4,other,0,8.221618860519781,False,3723.75,3450.6886723482266
heldout:62:387,tiny_sequence_transformer,62,B2,other,0,8.942310769112064,True,5937.0,7095.17204547594
heldout:62:388,tiny_sequence_transformer,62,B8,other,0,8.987835573995698,True,6775.0,7425.690199007701
heldout:62:389,tiny_sequence_transformer,62,B8,other,0,8.66798635315509,True,5152.5,5392.6971324656815
heldout:62:390,tiny_sequence_transformer,62,B6,other,0,7.399270153117239,False,2150.5,1515.6665602578717
heldout:62:391,tiny_sequence_transformer,62,B4,other,0,7.967615558367385,False,2627.0,2884.9677319112743
heldout:62:392,tiny_sequence_transformer,62,B6,other,0,8.168856911039493,False,3680.0,3528.307344691069
heldout:62:393,tiny_sequence_transformer,62,B2,other,0,8.137206159703117,False,5091.5,3418.351388904005
heldout:62:394,tiny_sequence_transformer,62,B4,other,0,7.653051000901354,False,2805.0,2106.064447999361
heldout:62:395,tiny_sequence_transformer,62,B8,other,0,8.295416747696999,False,3937.0,4004.4721700502173
heldout:62:396,tiny_sequence_transformer,62,B2,other,0,7.5856273406550585,False,1597.0,1826.3595602509156
heldout:62:397,tiny_sequence_transformer,62,B6,other,0,7.500277808781116,False,1866.5,1676.8656340831178
heldout:62:398,tiny_sequence_transformer,62,B4,other,0,7.799179673620468,False,2672.0,2437.600708399513
heldout:62:399,tiny_sequence_transformer,62,B4,other,0,8.053732502956455,False,3110.0,2917.229871217334
heldout:62:400,tiny_sequence_transformer,62,B4,other,0,8.348767464729567,True,2594.5,3918.6884976020415
heldout:62:401,tiny_sequence_transformer,62,B8,other,0,8.013395187869298,False,2811.5,3020.157115669493
heldout:62:402,tiny_sequence_transformer,62,B4,other,0,8.127411305055777,False,2990.5,3385.022829717054
heldout:62:403,tiny_sequence_transformer,62,B2,other,0,8.251133713762382,False,3350.5,3830.9677142777
heldout:62:404,tiny_sequence_transformer,62,B4,other,0,8.000698093707433,False,2948.0,2982.0397015859758
heldout:62:405,tiny_sequence_transformer,62,B6,other,0,8.10212906726234,False,3680.0,3061.9355564736898
heldout:62:406,tiny_sequence_transformer,62,B2,other,0,8.401177041253069,True,3151.5,4451.304210467247
heldout:62:407,tiny_sequence_transformer,62,B2,other,0,8.64867921277087,True,5566.5,5289.559118634523
heldout:62:408,tiny_sequence_transformer,62,B6,other,0,8.389406882476342,True,3839.0,4081.2634571345016
heldout:62:409,tiny_sequence_transformer,62,B2,other,0,8.159672898736662,False,3804.5,3243.358428278249
heldout:62:410,tiny_sequence_transformer,62,B8,other,0,8.110161317898818,False,3325.5,3327.11487108972
heldout:62:411,tiny_sequence_transformer,62,B6,other,0,7.922774150671146,False,3160.5,2559.0297299583267
heldout:62:412,tiny_sequence_transformer,62,B8,other,0,8.757721454869653,True,5476.0,5899.081567921313
heldout:62:413,tiny_sequence_transformer,62,B4,other,0,7.968917430555943,False,2482.5,2679.9257167389896
heldout:62:414,tiny_sequence_transformer,62,B2,other,0,7.888809985376601,False,2646.5,2666.267943464698
heldout:62:415,tiny_sequence_transformer,62,B6,other,0,7.364057969806133,False,2559.5,1577.2279876038
heldout:62:416,tiny_sequence_transformer,62,B4,other,0,7.653135138514352,False,2497.5,2106.241738830756
heldout:62:417,tiny_sequence_transformer,62,B2,other,0,8.511269789906825,True,5427.5,4969.470536228939
heldout:62:418,tiny_sequence_transformer,62,B6,other,0,7.613523880584649,False,2750.5,2024.4028146729195
heldout:62:419,tiny_sequence_transformer,62,B6,other,0,7.79093516979469,False,2940.0,2417.578306327976
heldout:62:420,tiny_sequence_transformer,62,B8,other,0,8.15503653021324,False,3426.5,3228.3512033780794
heldout:62:421,tiny_sequence_transformer,62,B2,other,0,8.817773219049366,True,6853.5,6264.246543371702
heldout:62:422,tiny_sequence_transformer,62,B8,other,0,7.9085558374667,False,2724.5,2522.8879717315976
heldout:62:423,tiny_sequence_transformer,62,B8,other,0,8.15235967199502,False,2696.0,3219.7182478238146
heldout:62:424,tiny_sequence_transformer,62,B8,other,0,7.8646387957046375,False,2960.0,2602.569834881824
heldout:62:425,tiny_sequence_transformer,62,B4,other,0,7.881380618158817,False,2204.5,2455.2243140012397
heldout:62:426,tiny_sequence_transformer,62,B6,other,0,7.395865524746758,False,2599.0,1628.2344562703536
heldout:62:427,tiny_sequence_transformer,62,B6,other,0,7.63364430382115,False,2635.0,1916.2445496037797
heldout:62:428,tiny_sequence_transformer,62,B4,other,0,7.922714716179133,False,4386.5,2758.2514721323932
heldout:62:429,tiny_sequence_transformer,62,B8,other,0,8.240163014155451,False,3888.0,3515.294496144592
heldout:62:430,tiny_sequence_transformer,62,B6,other,0,7.447050745226211,False,2180.0,1589.8929561706448
heldout:62:431,tiny_sequence_transformer,62,B4,other,0,8.033472891852089,False,2627.0,2858.702541259128
heldout:62:432,tiny_sequence_transformer,62,B2,other,0,8.489383583430993,True,4163.5,4510.493738026277
heldout:62:433,tiny_sequence_transformer,62,B4,other,0,7.600907173940065,False,2122.5,1854.4957201817656
heldout:62:434,tiny_sequence_transformer,62,B4,other,0,7.914521664736385,False,2952.5,2735.7371393624826
heldout:62:435,tiny_sequence_transformer,62,B8,other,0,8.39182223817361,True,3980.0,4091.1354928729106
heldout:62:436,tiny_sequence_transformer,62,B2,other,0,8.832842990892063,True,7696.0,6854.749970451892
heldout:62:437,tiny_sequence_transformer,62,B4,other,0,8.627941060662174,True,4996.0,5584.5660637368655
heldout:62:438,tiny_sequence_transformer,62,B8,other,0,8.248819780720206,False,2596.0,3545.8663726496925
heldout:62:439,tiny_sequence_transformer,62,B4,other,0,8.851314303203415,True,6526.0,6982.561458266005
heldout:62:440,tiny_sequence_transformer,62,B2,other,0,8.055816689906,False,2855.0,3151.07640202773
heldout:62:441,tiny_sequence_transformer,62,B8,other,0,8.353476181247027,True,3426.5,3937.1887215467755
heldout:62:442,tiny_sequence_transformer,62,B6,other,0,7.4826554065296,False,2054.5,1647.5566170855889
heldout:62:443,tiny_sequence_transformer,62,B8,other,0,8.357376968572789,True,4100.5,3952.580759213693
heldout:62:444,tiny_sequence_transformer,62,B8,other,0,8.460140644264154,True,4555.0,4380.4747353284265
heldout:62:445,tiny_sequence_transformer,62,B4,other,0,7.950570728861616,False,2911.5,2836.1937568438398
heldout:62:446,tiny_sequence_transformer,62,B4,other,0,8.109916568087002,False,2608.0,3326.3004152743356
heldout:62:447,tiny_sequence_transformer,62,B4,other,0,8.36487614573574,True,4198.5,3982.340810233055
heldout:62:448,tiny_sequence_transformer,62,B8,other,0,8.0270964205522,False,2558.0,2840.5257435810054
heldout:62:449,tiny_sequence_transformer,62,B2,other,0,8.088297654980588,False,3282.0,3255.139776106282
heldout:62:450,tiny_sequence_transformer,62,B2,other,0,8.632997249320827,True,3247.5,5612.87925762642
heldout:62:451,tiny_sequence_transformer,62,B2,other,0,8.94907583703581,True,6035.5,7699.771803472038
heldout:62:452,tiny_sequence_transformer,62,B2,other,0,8.817710046306946,True,3720.0,6751.783345167409
heldout:62:453,tiny_sequence_transformer,62,B8,other,0,8.051091143158374,False,2813.0,3136.2162564473892
heldout:62:454,tiny_sequence_transformer,62,B4,other,0,8.507219457536557,True,4996.0,4591.682052362416
heldout:62:455,tiny_sequence_transformer,62,B4,other,0,7.642747396548919,False,1611.0,1933.7770835907713
heldout:62:456,tiny_sequence_transformer,62,B8,other,0,8.167287496630783,False,3980.0,3268.157209684654
heldout:62:457,tiny_sequence_transformer,62,B8,other,0,8.236079927334535,False,3290.0,3500.966431700447
heldout:62:458,tiny_sequence_transformer,62,B2,other,0,7.525776243718004,False,1576.0,1720.1986966279194
heldout:62:459,tiny_sequence_transformer,62,B4,other,0,7.983747456882704,False,2319.5,2719.980186020766
heldout:62:460,tiny_sequence_transformer,62,B6,other,0,8.110220851316257,False,2384.0,3327.31301103954
heldout:62:461,tiny_sequence_transformer,62,B8,other,0,8.097390803859252,False,2994.0,3047.456889976767
heldout:62:462,tiny_sequence_transformer,62,B8,other,0,8.024020073356615,False,2865.5,2831.7976560258835
heldout:62:463,tiny_sequence_transformer,62,B6,other,0,7.845922676925451,False,3537.5,2554.2942872517724
heldout:62:464,tiny_sequence_transformer,62,B8,other,0,8.348390466650544,True,3572.0,3917.211061080943
heldout:62:465,tiny_sequence_transformer,62,B4,other,0,8.117351649852424,False,3365.5,3351.1313615894087
heldout:62:466,tiny_sequence_transformer,62,B6,other,0,8.063476401940907,False,3160.5,3175.3131041592287
heldout:62:467,tiny_sequence_transformer,62,B6,other,0,8.02241488230198,False,3121.5,2827.254122164383
heldout:64:468,tiny_sequence_transformer,64,B8,other,0,8.92107949391734,True,7245.75,7487.16830038155
heldout:64:469,tiny_sequence_transformer,64,B2,other,0,8.9811613987513,True,7392.0,7950.862037296015
heldout:64:470,tiny_sequence_transformer,64,B8,other,0,8.567712894439271,True,4891.25,4878.084576360785
heldout:64:471,tiny_sequence_transformer,64,B8,other,0,8.975075369372451,True,9017.0,7902.613740521629
heldout:64:472,tiny_sequence_transformer,64,B6,other,0,8.449892796662338,True,4446.75,4335.803333769739
heldout:64:473,tiny_sequence_transformer,64,B2,other,0,8.893393051439293,True,7881.125,6756.397106281704
heldout:64:474,tiny_sequence_transformer,64,B4,other,0,8.738026515404872,True,5504.25,5784.0166363944245
heldout:64:475,tiny_sequence_transformer,64,B8,other,0,8.308852850334574,False,3336.375,3765.3168887799175
heldout:64:476,tiny_sequence_transformer,64,B4,other,0,8.476941354053304,True,4533.375,4454.708464357536
heldout:64:477,tiny_sequence_transformer,64,B4,other,0,8.837170499921436,True,6872.5,6884.482578014966
heldout:64:478,tiny_sequence_transformer,64,B2,other,0,8.98730067726917,True,8735.125,7999.8308960038485
heldout:64:479,tiny_sequence_transformer,64,B8,other,0,8.648038477883151,True,5393.0,5697.957132557641
heldout:64:480,tiny_sequence_transformer,64,B8,other,0,8.642608394946878,True,5123.125,5257.53839237922
heldout:64:481,tiny_sequence_transformer,64,B2,inner_high_charge,1,9.072473003104122,True,9009.0,8711.142342099258
heldout:64:482,tiny_sequence_transformer,64,B2,inner_high_charge,1,9.419486403033112,True,11826.5,11434.598026986456
heldout:64:483,tiny_sequence_transformer,64,B4,other,0,8.770526076053315,True,6352.0,5975.115632180894
heldout:64:484,tiny_sequence_transformer,64,B2,inner_high_charge,1,9.514704385891529,True,14830.375,13077.231191923556
heldout:64:485,tiny_sequence_transformer,64,B6,other,0,8.477744773324098,True,4928.875,4458.289704829009
heldout:64:486,tiny_sequence_transformer,64,B4,other,0,8.461986956056961,True,4402.0,4730.4498468799975
heldout:64:487,tiny_sequence_transformer,64,B6,other,0,7.9260620922266405,False,2825.375,2767.503200287128
heldout:64:488,tiny_sequence_transformer,64,B6,other,0,8.788854341629335,True,7062.0,6559.711534159967
heldout:64:489,tiny_sequence_transformer,64,B4,other,0,8.388900143900576,True,4634.0,4396.977890367828
heldout:64:490,tiny_sequence_transformer,64,B8,other,0,8.31914040363227,False,4728.0,3804.2630614383743
heldout:64:491,tiny_sequence_transformer,64,B4,other,0,8.530665472849153,True,4744.375,5066.817207672916
heldout:64:492,tiny_sequence_transformer,64,B6,other,0,7.930630826810272,False,3441.0,2780.180694604743
heldout:64:493,tiny_sequence_transformer,64,B6,other,0,8.407423653494924,True,4283.0,4479.203074427256
heldout:64:494,tiny_sequence_transformer,64,B2,other,0,8.305622974481778,False,2249.375,3753.171776966806
heldout:64:495,tiny_sequence_transformer,64,B8,other,0,8.459845392252262,True,3901.875,4379.181287053767
heldout:64:496,tiny_sequence_transformer,64,B8,other,0,8.220082532866796,False,3393.125,3445.3898190210875
heldout:64:497,tiny_sequence_transformer,64,B4,other,0,8.971681570683533,True,7125.0,7306.683228346193
heldout:64:498,tiny_sequence_transformer,64,B8,other,0,7.845637581715906,False,3560.0,2553.5658889278698
heldout:64:499,tiny_sequence_transformer,64,B2,other,0,8.248437917992055,False,3558.0,3820.65142347572
heldout:64:500,tiny_sequence_transformer,64,B4,other,0,8.625451314509617,True,5188.0,5168.086784690407
heldout:64:501,tiny_sequence_transformer,64,B6,other,0,8.604683007353204,True,5634.0,5061.8406971518425
heldout:64:502,tiny_sequence_transformer,64,B8,other,0,8.462831993542043,True,4682.25,4734.449789171957
heldout:64:503,tiny_sequence_transformer,64,B8,other,0,8.87231390653686,True,6440.0,6615.447718765695
heldout:64:504,tiny_sequence_transformer,64,B4,other,0,8.249422449934102,False,3471.0,3824.415814150855
heldout:64:505,tiny_sequence_transformer,64,B2,other,0,8.160579619040945,False,3470.25,3246.3014880039113
heldout:64:506,tiny_sequence_transformer,64,B2,other,0,7.685743268300714,False,2397.75,2176.0875325427455
heldout:64:507,tiny_sequence_transformer,64,B8,other,0,8.577095789056482,True,5020.5,5307.665630984136
heldout:64:508,tiny_sequence_transformer,64,B4,other,0,8.49695577226328,True,4986.0,4898.829914958355
heldout:64:509,tiny_sequence_transformer,64,B4,other,0,7.8320969804011105,False,2617.5,2337.107172563237
heldout:64:510,tiny_sequence_transformer,64,B8,other,0,8.869621646290062,True,6930.875,7111.589389433781
heldout:64:511,tiny_sequence_transformer,64,B4,other,0,7.894617224669082,False,3750.0,2681.8024693669577
heldout:64:512,tiny_sequence_transformer,64,B2,other,0,8.729819931664776,True,8730.0,6183.6143577173225
heldout:64:513,tiny_sequence_transformer,64,B4,other,0,9.1471345073506,True,8321.0,8708.193817971975
heldout:64:514,tiny_sequence_transformer,64,B8,other,0,9.061073234410069,True,8202.0,7990.01635787827
heldout:64:515,tiny_sequence_transformer,64,B8,other,0,8.904177509753923,True,7385.875,7361.666996602804
heldout:64:516,tiny_sequence_transformer,64,B4,other,0,8.621332117228352,True,5389.375,5547.7730888412825
heldout:64:517,tiny_sequence_transformer,64,B6,other,0,7.78589983275671,False,2293.5,2231.5502764796315
heldout:64:518,tiny_sequence_transformer,64,B8,other,0,8.344296252408833,True,5043.75,4205.121538946865
heldout:64:519,tiny_sequence_transformer,64,B2,other,0,8.745220653469325,True,7487.25,6279.599102939422
heldout:64:520,tiny_sequence_transformer,64,B4,other,0,8.462594460928987,True,4701.375,4733.325098990126
heldout:64:521,tiny_sequence_transformer,64,B2,other,0,8.76835195025997,True,6662.0,6426.570774362974
heldout:64:522,tiny_sequence_transformer,64,B8,other,0,8.798559748084545,True,5642.0,6145.018471179992
heldout:64:523,tiny_sequence_transformer,64,B8,other,0,8.516202603190525,True,5627.0,4994.049511224197
heldout:64:524,tiny_sequence_transformer,64,B2,other,0,8.443151231719652,True,5484.5,4642.163639381462
heldout:64:525,tiny_sequence_transformer,64,B6,other,0,8.853243373174948,True,6143.375,6490.464072078906
heldout:64:526,tiny_sequence_transformer,64,B8,other,0,8.646662356007534,True,5275.625,5278.899571697275
heldout:64:527,tiny_sequence_transformer,64,B8,other,0,8.534069025068035,True,4860.625,4716.663925714016
heldout:64:528,tiny_sequence_transformer,64,B8,other,0,8.79120127019101,True,6440.0,6575.127138029043
heldout:64:529,tiny_sequence_transformer,64,B2,inner_high_charge,1,9.071864900802568,True,9703.0,8705.846078787721
heldout:64:530,tiny_sequence_transformer,64,B8,other,0,8.286520431859408,False,4227.75,3968.9962609691056
heldout:64:531,tiny_sequence_transformer,64,B4,other,0,9.143842682926419,True,8247.0,8679.57181619523
heldout:64:532,tiny_sequence_transformer,64,B2,inner_high_charge,1,9.11984402681404,True,11709.0,9133.77672507631
heldout:64:533,tiny_sequence_transformer,64,B2,other,0,8.206316555553212,False,4200.0,3663.021360299939
heldout:64:534,tiny_sequence_transformer,64,B2,other,0,8.645500111787666,True,6671.25,5683.509437519917
heldout:64:535,tiny_sequence_transformer,64,B6,other,0,7.880330803422467,False,3029.25,2452.6470865629917
heldout:64:536,tiny_sequence_transformer,64,B6,other,0,8.491704358071631,True,4788.875,4873.166322660474
heldout:64:537,tiny_sequence_transformer,64,B8,other,0,8.52277956975069,True,4780.625,4663.703578846955
heldout:64:538,tiny_sequence_transformer,64,B2,inner_high_charge,1,9.011882996551854,True,9007.0,8198.947219225854
heldout:64:539,tiny_sequence_transformer,64,B8,other,0,8.723924677925242,True,5884.375,6147.261746015657
heldout:64:540,tiny_sequence_transformer,64,B6,other,0,8.053695834296398,False,3006.0,3144.3983871643977
heldout:64:541,tiny_sequence_transformer,64,B6,other,0,7.655819316637965,False,2280.0,1959.2343602605624
heldout:64:542,tiny_sequence_transformer,64,B8,other,0,8.750264260964292,True,7061.0,6311.355996983072
heldout:64:543,tiny_sequence_transformer,64,B8,other,0,8.17324648370239,False,3252.0,3287.696233809871
heldout:64:544,tiny_sequence_transformer,64,B6,other,0,8.506289308661604,True,5106.5,4944.776745468707
heldout:64:545,tiny_sequence_transformer,64,B2,other,0,7.723549016650771,False,2119.375,2259.9695770315825
heldout:64:546,tiny_sequence_transformer,64,B4,other,0,7.702291982472797,False,1890.0,2052.481619360206
heldout:64:547,tiny_sequence_transformer,64,B8,other,0,7.530013511062631,False,1689.5,1727.5073490807179
heldout:64:548,tiny_sequence_transformer,64,B8,other,0,8.242355751794882,False,3152.0,3523.013266964549
heldout:64:549,tiny_sequence_transformer,64,B8,other,0,7.683881531978069,False,2622.0,2172.0381402258345
heldout:64:550,tiny_sequence_transformer,64,B4,other,0,7.480440962475157,False,1875.0,1643.910019769515
heldout:64:551,tiny_sequence_transformer,64,B6,other,0,7.857788476899522,False,3301.5,2584.7955009163716
heldout:64:552,tiny_sequence_transformer,64,B6,other,0,7.052374158056463,False,1555.0,1071.099503826091
heldout:64:553,tiny_sequence_transformer,64,B2,other,0,8.289572891936995,False,1695.5,3693.3979804078954
heldout:64:554,tiny_sequence_transformer,64,B4,other,0,8.028929262730617,False,3562.5,3067.454405194897
heldout:64:555,tiny_sequence_transformer,64,B6,other,0,7.612504556448289,False,2198.5,2022.3393245593788
heldout:64:556,tiny_sequence_transformer,64,B4,other,0,8.622397791745831,True,4924.0,5152.3269343017355
heldout:64:557,tiny_sequence_transformer,64,B2,other,0,8.277850735680655,False,2862.5,3934.726368985367
heldout:64:558,tiny_sequence_transformer,64,B2,other,0,8.060439510049235,False,3331.0,3165.681616942883
heldout:64:559,tiny_sequence_transformer,64,B2,other,0,8.810920773347101,True,6983.5,6221.4610417050335
heldout:64:560,tiny_sequence_transformer,64,B8,other,0,7.559514821130662,False,1906.5,1779.260215581678
heldout:64:561,tiny_sequence_transformer,64,B6,other,0,7.8335530467830425,False,2918.0,2340.5140915627453
heldout:64:562,tiny_sequence_transformer,64,B6,other,0,8.403715426555445,True,3920.5,4140.0945939843095
heldout:64:563,tiny_sequence_transformer,64,B6,other,0,7.675604546601835,False,3593.5,2154.126166150995
heldout:64:564,tiny_sequence_transformer,64,B8,other,0,8.278064281309009,False,2927.5,3651.1243147136356
heldout:64:565,tiny_sequence_transformer,64,B8,other,0,8.708834151732978,True,4944.5,5617.579493263593
heldout:64:566,tiny_sequence_transformer,64,B4,other,0,7.580034447728705,False,1888.0,1957.6964368694073
heldout:64:567,tiny_sequence_transformer,64,B4,other,0,7.663382000152616,False,2485.5,2127.945360467859
heldout:64:568,tiny_sequence_transformer,64,B2,other,0,8.089635408703865,False,3833.5,3259.4986040844174
heldout:64:569,tiny_sequence_transformer,64,B2,other,0,7.715307270116693,False,2313.5,2079.3829578860623
heldout:64:570,tiny_sequence_transformer,64,B8,other,0,8.820627400440786,True,6705.5,6771.512369857504
heldout:64:571,tiny_sequence_transformer,64,B8,other,0,7.716321032596869,False,2418.5,2081.4930414542264
heldout:64:572,tiny_sequence_transformer,64,B4,other,0,7.695202960153349,False,2344.5,2037.9759186935692
heldout:64:573,tiny_sequence_transformer,64,B2,other,0,8.39981693219041,True,1636.5,4123.981987903543
heldout:64:574,tiny_sequence_transformer,64,B6,other,0,7.188253460616153,False,1723.5,1227.1367477577523
heldout:64:575,tiny_sequence_transformer,64,B8,other,0,8.054757894863936,False,2777.5,2920.2237351910753
heldout:64:576,tiny_sequence_transformer,64,B6,other,0,8.03346693059233,False,3057.0,3081.4096703682158
heldout:64:577,tiny_sequence_transformer,64,B8,other,0,8.42811534551553,True,3732.0,4242.379766823307
heldout:64:578,tiny_sequence_transformer,64,B4,other,0,8.070724243091854,False,2442.0,3198.418146678284
heldout:64:579,tiny_sequence_transformer,64,B2,other,0,8.653384705248694,True,5876.0,5314.5124676263695
heldout:64:580,tiny_sequence_transformer,64,B2,other,0,8.304057752069609,False,2509.5,4039.233442446443
heldout:64:581,tiny_sequence_transformer,64,B4,other,0,7.988835221491951,False,2591.5,2733.8591692750574
heldout:64:582,tiny_sequence_transformer,64,B2,other,0,7.126016619421091,False,1695.5,1242.912109680659
heldout:64:583,tiny_sequence_transformer,64,B6,other,0,8.122613342631393,False,2959.0,3368.8157310284278
heldout:64:584,tiny_sequence_transformer,64,B8,other,0,7.610278088791659,False,2336.5,1871.9651369534636
heldout:64:585,tiny_sequence_transformer,64,B8,other,0,8.008738128764302,False,3550.5,2788.836103331593
heldout:64:586,tiny_sequence_transformer,64,B2,other,0,8.607592988162473,True,6097.0,5472.059092401562
heldout:64:587,tiny_sequence_transformer,64,B8,other,0,7.04022847520526,False,1689.5,1058.156880869544
heldout:64:588,tiny_sequence_transformer,64,B6,other,0,8.048125801579035,False,4872.0,3126.9271181795475
heldout:64:589,tiny_sequence_transformer,64,B8,other,0,7.8155209138577115,False,2189.0,2298.6700011390963
heldout:64:590,tiny_sequence_transformer,64,B6,other,0,7.999605299108636,False,2912.0,2763.4730001744283
heldout:64:591,tiny_sequence_transformer,64,B6,other,0,7.404865729425178,False,2036.0,1524.1769718528328
heldout:64:592,tiny_sequence_transformer,64,B2,other,0,8.291822767323445,False,3035.0,3701.7192729172134
heldout:64:593,tiny_sequence_transformer,64,B4,other,0,8.334811173228143,True,3457.5,3864.3641473318867
heldout:64:594,tiny_sequence_transformer,64,B4,other,0,8.06597309206863,False,2310.5,3183.2532816857934
heldout:64:595,tiny_sequence_transformer,64,B4,other,0,7.412648845703845,False,1622.5,1536.0939168972202
heldout:64:596,tiny_sequence_transformer,64,B2,other,0,8.759105592324111,True,6575.5,6367.4130724424995
heldout:64:597,tiny_sequence_transformer,64,B8,other,0,7.719090618178816,False,1940.5,2087.2686785250376
heldout:64:598,tiny_sequence_transformer,64,B4,other,0,7.160007727756204,False,1622.5,1192.932461871771
heldout:64:599,tiny_sequence_transformer,64,B4,other,0,8.253181701790654,False,2616.0,3838.823579894841
heldout:64:600,tiny_sequence_transformer,64,B6,other,0,8.33324144707229,True,3966.5,3858.301343843445
heldout:64:601,tiny_sequence_transformer,64,B4,other,0,7.750977436955112,False,2564.5,2154.929941759219
heldout:64:602,tiny_sequence_transformer,64,B6,other,0,7.786383321115889,False,2596.5,2232.6299495332355
heldout:64:603,tiny_sequence_transformer,64,B8,other,0,8.155848184705778,False,3615.5,3482.692887555795
heldout:64:604,tiny_sequence_transformer,64,B4,other,0,8.244808450455748,False,3070.0,3531.667218014063
heldout:64:605,tiny_sequence_transformer,64,B6,other,0,7.907332827309832,False,2816.5,2519.8031178956726
heldout:64:606,tiny_sequence_transformer,64,B2,other,0,8.149503985761882,False,1869.0,3210.534006959201
heldout:64:607,tiny_sequence_transformer,64,B2,other,0,8.597962539773281,True,4040.0,5027.930115496595
heldout:64:608,tiny_sequence_transformer,64,B8,other,0,8.662436121867948,True,3843.5,5362.843789004306
heldout:64:609,tiny_sequence_transformer,64,B4,other,0,7.4590742263068845,False,1889.0,1734.5405955640372
heldout:64:610,tiny_sequence_transformer,64,B4,other,0,7.869330599883968,False,2118.5,2425.804377504193
heldout:64:611,tiny_sequence_transformer,64,B4,other,0,7.802222113289339,False,2314.0,2445.0313017655576
heldout:64:612,tiny_sequence_transformer,64,B4,other,0,7.681940540610394,False,1890.0,2167.8243827104343
heldout:64:613,tiny_sequence_transformer,64,B2,other,0,8.220946076792078,False,2509.5,3448.367213383845
heldout:64:614,tiny_sequence_transformer,64,B6,other,0,8.340657491461162,True,3966.5,3887.028483129011
heldout:64:615,tiny_sequence_transformer,64,B8,other,0,8.24289402562751,False,3615.5,3799.5232196871216
heldout:64:616,tiny_sequence_transformer,64,B8,other,0,8.218778312402828,False,3218.5,3708.967191878062
heldout:64:617,tiny_sequence_transformer,64,B6,other,0,7.859120855760607,False,2961.0,2401.1533800927155
heldout:64:618,tiny_sequence_transformer,64,B8,other,0,7.8869967819986035,False,2664.5,2469.0576810436455
heldout:64:619,tiny_sequence_transformer,64,B2,other,0,8.406873812676942,True,1850.0,4153.19444598344
heldout:64:620,tiny_sequence_transformer,64,B2,other,0,8.70764493053289,True,4991.5,6047.979932028015
heldout:64:621,tiny_sequence_transformer,64,B8,other,0,8.613312880286141,True,3218.5,5105.721439329117
heldout:64:622,tiny_sequence_transformer,64,B4,other,0,7.2220992940291575,False,2029.0,1368.3607362253028
heldout:64:623,tiny_sequence_transformer,64,B4,other,0,8.06278680998324,False,2929.5,3173.12349924131
heldout:65:624,tiny_sequence_transformer,65,B6,other,0,7.911015979453404,False,3958.75,2726.159797631265
heldout:65:625,tiny_sequence_transformer,65,B8,other,0,8.361464858720943,True,3668.25,3968.775641947494
heldout:65:626,tiny_sequence_transformer,65,B4,other,0,8.726764390876703,True,5883.0,5719.23055784282
heldout:65:627,tiny_sequence_transformer,65,B2,other,0,9.018658483851114,True,7246.5,7658.166799070374
heldout:65:628,tiny_sequence_transformer,65,B8,other,0,8.694509225519003,True,5266.0,5537.667489885211
heldout:65:629,tiny_sequence_transformer,65,B8,other,0,7.820750951774314,False,2797.5,2310.7288691216463
heldout:65:630,tiny_sequence_transformer,65,B2,other,0,8.058351488250603,False,3877.5,3159.076414999997
heldout:65:631,tiny_sequence_transformer,65,B2,other,0,8.996729795219991,True,7756.5,8075.628464749868
heldout:65:632,tiny_sequence_transformer,65,B2,other,0,8.362363735072954,True,5211.0,4281.8062305741705
heldout:65:633,tiny_sequence_transformer,65,B8,other,0,8.493996865410693,True,4822.0,4884.3532028299605
heldout:65:634,tiny_sequence_transformer,65,B8,other,0,9.23443691073686,True,9867.375,9502.704136858933
heldout:65:635,tiny_sequence_transformer,65,B6,other,0,8.26656955400143,False,3812.375,3890.576225899669
heldout:65:636,tiny_sequence_transformer,65,B8,other,0,7.9525535446067,False,2785.125,2636.4123489504905
heldout:65:637,tiny_sequence_transformer,65,B6,other,0,8.524490647788383,True,4584.0,4671.6920832212145
heldout:65:638,tiny_sequence_transformer,65,B2,other,0,8.689056507195964,True,6504.0,5936.5775374463665
heldout:65:639,tiny_sequence_transformer,65,B8,other,0,8.451798745400284,True,3555.0,4344.076940641164
heldout:65:640,tiny_sequence_transformer,65,B6,other,0,8.808292466455256,True,5650.75,6205.127978019201
heldout:65:641,tiny_sequence_transformer,65,B8,other,0,7.960001917757445,False,2627.25,2656.1301217838436
heldout:65:642,tiny_sequence_transformer,65,B6,other,0,8.752638184579421,True,6941.875,6326.3588487176985
heldout:65:643,tiny_sequence_transformer,65,B2,other,0,8.738885543966965,True,5473.0,6239.936585726643
heldout:65:644,tiny_sequence_transformer,65,B4,other,0,8.092937305842296,False,3003.75,3033.910779439744
heldout:65:645,tiny_sequence_transformer,65,B2,other,0,8.953316902223516,True,8190.0,7732.500632177471
heldout:65:646,tiny_sequence_transformer,65,B6,other,0,8.008175626421595,False,2537.25,2787.267255269423
heldout:65:647,tiny_sequence_transformer,65,B4,other,0,8.848978185560796,True,6814.5,6966.266078508039
heldout:65:648,tiny_sequence_transformer,65,B4,other,0,8.291277302629814,False,3405.625,3699.7001210215053
heldout:65:649,tiny_sequence_transformer,65,B6,other,0,8.287012122312476,False,3991.5,3970.9487502001593
heldout:65:650,tiny_sequence_transformer,65,B6,other,0,8.56603300789727,True,4733.25,4869.895148424452
heldout:65:651,tiny_sequence_transformer,65,B8,other,0,8.357795931467177,True,3616.5,3954.23750988606
heldout:65:652,tiny_sequence_transformer,65,B2,other,0,8.615955680861862,True,5710.0,5518.020516492147
heldout:65:653,tiny_sequence_transformer,65,B6,other,0,8.197185718311404,False,4557.0,3629.7180525304466
heldout:65:654,tiny_sequence_transformer,65,B2,inner_high_charge,1,9.504421530003944,True,13929.125,12943.438688727892
heldout:65:655,tiny_sequence_transformer,65,B4,other,0,8.085001672687813,False,2466.0,3244.4252641819785
heldout:65:656,tiny_sequence_transformer,65,B6,other,0,8.564992519131845,True,5055.0,5243.800684878273
heldout:65:657,tiny_sequence_transformer,65,B4,other,0,8.352077817055738,True,4227.75,4237.979422685388
heldout:65:658,tiny_sequence_transformer,65,B8,other,0,8.42850726460123,True,4804.625,4574.664735816641
heldout:65:659,tiny_sequence_transformer,65,B2,other,0,8.37055744975205,True,4065.0,4317.042483617562
heldout:65:660,tiny_sequence_transformer,65,B2,inner_high_charge,1,9.380039923356675,True,12127.0,11848.487816070965
heldout:65:661,tiny_sequence_transformer,65,B8,other,0,8.83735709562182,True,6697.5,6388.153689367939
heldout:65:662,tiny_sequence_transformer,65,B8,other,0,9.137845567074745,True,9431.0,9299.705784560525
heldout:65:663,tiny_sequence_transformer,65,B8,other,0,8.286341013677713,False,3813.125,3968.284035353652
heldout:65:664,tiny_sequence_transformer,65,B2,other,0,8.919951336916228,True,8644.125,7478.7252343354885
heldout:65:665,tiny_sequence_transformer,65,B2,other,0,8.54988583022364,True,5572.875,5165.164573650904
heldout:65:666,tiny_sequence_transformer,65,B2,other,0,8.153538200099867,False,3771.25,3474.654898004123
heldout:65:667,tiny_sequence_transformer,65,B8,other,0,8.992657830054787,True,6256.25,7461.590090485004
heldout:65:668,tiny_sequence_transformer,65,B6,other,0,7.868030506117161,False,2374.5,2611.4153820880965
heldout:65:669,tiny_sequence_transformer,65,B4,other,0,8.611398526564725,True,5330.0,5095.954719598348
heldout:65:670,tiny_sequence_transformer,65,B8,other,0,8.598139728473031,True,4602.5,5028.821264033286
heldout:65:671,tiny_sequence_transformer,65,B4,other,0,8.358621780681068,True,4328.25,4265.810112028196
heldout:65:672,tiny_sequence_transformer,65,B2,other,0,8.288418694168419,False,5473.0,3689.1363743438806
heldout:65:673,tiny_sequence_transformer,65,B6,other,0,7.855978888694213,False,2737.875,2580.120507059175
heldout:65:674,tiny_sequence_transformer,65,B4,other,0,8.723445080269288,True,5147.625,6144.31376107392
heldout:65:675,tiny_sequence_transformer,65,B4,other,0,8.610757786955324,True,6075.0,5489.40766109482
heldout:65:676,tiny_sequence_transformer,65,B2,other,0,8.672669871650314,True,6012.75,5840.0734662820505
heldout:65:677,tiny_sequence_transformer,65,B6,other,0,7.4434318708388,False,2378.25,1707.6038787336236
heldout:65:678,tiny_sequence_transformer,65,B6,other,0,7.965880233312971,False,3428.25,2879.963982621284
heldout:65:679,tiny_sequence_transformer,65,B2,other,0,8.930602205098785,True,8406.0,7012.570576778196
heldout:65:680,tiny_sequence_transformer,65,B8,other,0,9.568677286789834,True,12657.0,12576.657275380712
heldout:65:681,tiny_sequence_transformer,65,B2,other,0,7.963789300311041,False,2436.0,2873.94637335397
heldout:65:682,tiny_sequence_transformer,65,B6,other,0,7.497345949650215,False,2209.375,1671.953572658065
heldout:65:683,tiny_sequence_transformer,65,B4,other,0,8.487398821599392,True,4384.625,4501.548377593041
heldout:65:684,tiny_sequence_transformer,65,B4,other,0,8.7191647225449,True,5549.25,5675.923471003012
heldout:65:685,tiny_sequence_transformer,65,B6,other,0,8.284346933197513,False,4058.125,3960.3768499405733
heldout:65:686,tiny_sequence_transformer,65,B6,other,0,8.041777652854272,False,2908.125,2882.550576453402
heldout:65:687,tiny_sequence_transformer,65,B8,other,0,8.500134509825505,True,5068.0,4914.429969461431
heldout:65:688,tiny_sequence_transformer,65,B4,other,0,8.134903224515117,False,3576.125,3410.4859045968765
heldout:65:689,tiny_sequence_transformer,65,B6,other,0,8.425790236925819,True,4554.375,4562.249402136375
heldout:65:690,tiny_sequence_transformer,65,B2,other,0,8.462811575081004,True,4821.0,4734.353099562066
heldout:65:691,tiny_sequence_transformer,65,B6,other,0,8.072374896899538,False,3667.5,2972.1429271444854
heldout:65:692,tiny_sequence_transformer,65,B4,other,0,7.833090538840827,False,2495.625,2339.4313731008324
heldout:65:693,tiny_sequence_transformer,65,B2,other,0,8.335847130018347,True,4681.875,4169.7332139435375
heldout:65:694,tiny_sequence_transformer,65,B4,other,0,9.042707130660538,True,7203.875,7844.592049135134
heldout:65:695,tiny_sequence_transformer,65,B8,other,0,8.522775169868215,True,4266.0,4663.683054744585
heldout:65:696,tiny_sequence_transformer,65,B6,other,0,8.469084126978423,True,5050.5,4764.149198727184
heldout:65:697,tiny_sequence_transformer,65,B4,other,0,7.393352511968527,False,2095.0,1624.1453094541057
heldout:65:698,tiny_sequence_transformer,65,B8,other,0,8.238941834585672,False,3969.0,3784.5324685329083
heldout:65:699,tiny_sequence_transformer,65,B6,other,0,9.529671724972166,True,14409.0,12576.587320938792
heldout:65:700,tiny_sequence_transformer,65,B8,other,0,9.160543671446323,True,8457.75,8825.76331975624
heldout:65:701,tiny_sequence_transformer,65,B8,other,0,8.784257868352777,True,6075.0,6057.744433181805
heldout:65:702,tiny_sequence_transformer,65,B8,other,0,8.009374970863819,False,3139.0,3008.035789962274
heldout:65:703,tiny_sequence_transformer,65,B6,other,0,7.645302146979134,False,2425.0,2089.8002093734895
heldout:65:704,tiny_sequence_transformer,65,B4,other,0,7.61972166053137,False,2243.5,1889.736397606263
heldout:65:705,tiny_sequence_transformer,65,B4,other,0,7.836628861789283,False,2815.5,2347.7272432161944
heldout:65:706,tiny_sequence_transformer,65,B4,other,0,8.44297219950231,True,3472.0,4641.332437907762
heldout:65:707,tiny_sequence_transformer,65,B2,other,0,9.133459090932668,True,8211.0,8589.90264987059
heldout:65:708,tiny_sequence_transformer,65,B6,other,0,7.177318937360492,False,2049.0,1308.3929834070739
heldout:65:709,tiny_sequence_transformer,65,B2,other,0,8.126375575347875,False,2802.5,3137.1087086512043
heldout:65:710,tiny_sequence_transformer,65,B6,other,0,7.335668026087007,False,2107.0,1533.0522246301084
heldout:65:711,tiny_sequence_transformer,65,B2,other,0,7.597212474569911,False,1624.0,1847.6528702339815
heldout:65:712,tiny_sequence_transformer,65,B8,other,0,7.818462992513082,False,3070.0,2305.445773704269
heldout:65:713,tiny_sequence_transformer,65,B2,other,0,7.9029240027186844,False,2796.5,2508.7138025058416
heldout:65:714,tiny_sequence_transformer,65,B8,other,0,8.296488532680087,False,3712.0,3719.03565790687
heldout:65:715,tiny_sequence_transformer,65,B4,other,0,7.930389574279478,False,3171.0,2578.5998636507456
heldout:65:716,tiny_sequence_transformer,65,B2,other,0,7.979461294644277,False,2796.5,2708.3425816425274
heldout:65:717,tiny_sequence_transformer,65,B2,other,0,8.582560166254545,True,5637.0,5336.753583804215
heldout:65:718,tiny_sequence_transformer,65,B6,other,0,7.624033113738778,False,2851.0,1897.9058174930165
heldout:65:719,tiny_sequence_transformer,65,B2,other,0,8.257055552385,False,3296.5,3575.1981734344945
heldout:65:720,tiny_sequence_transformer,65,B8,other,0,7.8062227503227755,False,2438.0,2277.386395953716
heldout:65:721,tiny_sequence_transformer,65,B8,other,0,8.436941975336614,True,4201.0,4613.422369216678
heldout:65:722,tiny_sequence_transformer,65,B8,other,0,7.962864191510031,False,3037.5,2663.746450397569
heldout:65:723,tiny_sequence_transformer,65,B8,other,0,8.281038247547004,False,3575.0,3662.001775706312
heldout:65:724,tiny_sequence_transformer,65,B8,other,0,8.172020597429361,False,3419.0,3283.6671363528876
heldout:65:725,tiny_sequence_transformer,65,B2,other,0,7.850561476933901,False,2802.5,2566.1753219799384
heldout:65:726,tiny_sequence_transformer,65,B6,other,0,8.243073733815507,False,4175.5,3800.206266201055
heldout:65:727,tiny_sequence_transformer,65,B4,other,0,8.276659187641718,False,3795.5,3645.9963414519275
heldout:65:728,tiny_sequence_transformer,65,B6,other,0,7.9056929336193305,False,2957.0,2711.6815693544695
heldout:65:729,tiny_sequence_transformer,65,B8,other,0,8.241100473718499,False,3477.0,3518.5924256427393
heldout:65:730,tiny_sequence_transformer,65,B4,other,0,8.103709688995185,False,3401.5,3305.7122241981697
heldout:65:731,tiny_sequence_transformer,65,B4,other,0,7.880440185141989,False,2998.0,2452.915485379113
heldout:65:732,tiny_sequence_transformer,65,B8,other,0,7.414137456256048,False,2340.5,1658.2773516840864
heldout:65:733,tiny_sequence_transformer,65,B4,other,0,7.627247135620422,False,1676.0,1904.0187606459544
heldout:65:734,tiny_sequence_transformer,65,B4,other,0,8.116728182918067,False,3171.5,3106.979709272318
heldout:65:735,tiny_sequence_transformer,65,B4,other,0,8.027904629130733,False,2922.0,2842.8232173570373
heldout:65:736,tiny_sequence_transformer,65,B8,other,0,8.192424272299165,False,3575.0,3351.3748104105066
heldout:65:737,tiny_sequence_transformer,65,B8,other,0,8.237127090732779,False,3306.0,3504.6354834826934
heldout:65:738,tiny_sequence_transformer,65,B6,other,0,8.192189688014167,False,3367.0,3350.5884881955853
heldout:65:739,tiny_sequence_transformer,65,B8,other,0,7.763156579070718,False,2238.0,2181.3478661891495
heldout:65:740,tiny_sequence_transformer,65,B2,other,0,8.25652116141707,False,4008.5,3573.2875959742187
heldout:65:741,tiny_sequence_transformer,65,B4,other,0,7.6822647473901995,False,2505.5,2168.5276442744403
heldout:65:742,tiny_sequence_transformer,65,B6,other,0,7.694594880888183,False,3139.5,2195.4438086967757
heldout:65:743,tiny_sequence_transformer,65,B8,other,0,8.51919367397113,True,4349.5,4647.006393046644
heldout:65:744,tiny_sequence_transformer,65,B4,other,0,8.303576000128906,False,3464.5,4037.2875209080285
heldout:65:745,tiny_sequence_transformer,65,B8,other,0,8.32181279137661,True,3477.0,3814.4457998603016
heldout:65:746,tiny_sequence_transformer,65,B6,other,0,7.579008768794148,False,3006.5,1955.6884731340053
heldout:65:747,tiny_sequence_transformer,65,B8,other,0,8.442357799840831,True,4349.5,4303.248339352881
heldout:65:748,tiny_sequence_transformer,65,B6,other,0,7.459594303851508,False,1885.0,1609.974096414929
heldout:65:749,tiny_sequence_transformer,65,B6,other,0,8.095450473119895,False,3056.0,3041.5476101981226
heldout:65:750,tiny_sequence_transformer,65,B2,other,0,8.150745641560166,False,4095.0,3464.962467875686
heldout:65:751,tiny_sequence_transformer,65,B8,other,0,7.935603439032544,False,2745.5,2592.0846718920384
heldout:65:752,tiny_sequence_transformer,65,B4,other,0,8.110263789974283,False,3442.5,3327.4559274020235
heldout:65:753,tiny_sequence_transformer,65,B4,other,0,8.203965344555883,False,3464.5,3654.416592759254
heldout:65:754,tiny_sequence_transformer,65,B4,other,0,7.489668594233003,False,1734.0,1659.158890988644
heldout:65:755,tiny_sequence_transformer,65,B4,other,0,8.005327704579667,False,3125.0,2779.337784667702
heldout:65:756,tiny_sequence_transformer,65,B2,other,0,8.399501860114388,True,4823.5,4443.852038042253
heldout:65:757,tiny_sequence_transformer,65,B4,other,0,8.32629923707811,True,2821.0,4130.101002868379
heldout:65:758,tiny_sequence_transformer,65,B2,other,0,8.62238589475208,True,4768.5,5553.623343098424
heldout:65:759,tiny_sequence_transformer,65,B4,other,0,8.233509174849042,False,3334.5,3491.975304724739
heldout:65:760,tiny_sequence_transformer,65,B2,other,0,8.351623912331416,True,6768.5,4236.055766510468
heldout:65:761,tiny_sequence_transformer,65,B2,other,0,8.631019910700665,True,5720.5,5196.951635430006
heldout:65:762,tiny_sequence_transformer,65,B6,other,0,7.559349520258993,False,2075.5,1778.965961337157
heldout:65:763,tiny_sequence_transformer,65,B6,other,0,7.483941506216784,False,1944.0,1649.6781892193244
heldout:65:764,tiny_sequence_transformer,65,B4,other,0,7.955792419002277,False,2941.5,2644.9684448583957
heldout:65:765,tiny_sequence_transformer,65,B2,other,0,8.120877130277632,False,2119.0,3119.901340528811
heldout:65:766,tiny_sequence_transformer,65,B8,other,0,8.059870274358536,False,2411.0,2935.1963798237684
heldout:65:767,tiny_sequence_transformer,65,B8,other,0,7.5176996967146295,False,1591.5,1706.3533410466916
heldout:65:768,tiny_sequence_transformer,65,B4,other,0,7.862623209597737,False,2724.5,2597.3274007578043
heldout:65:769,tiny_sequence_transformer,65,B8,other,0,8.39622719942894,True,3823.5,4109.200950780295
heldout:65:770,tiny_sequence_transformer,65,B6,other,0,7.203696283370684,False,1767.5,1343.390841332727
heldout:65:771,tiny_sequence_transformer,65,B6,other,0,8.015316514976872,False,2731.5,2807.2492205849057
heldout:65:772,tiny_sequence_transformer,65,B6,other,0,8.15082754463628,False,3286.5,3214.7874755316448
heldout:65:773,tiny_sequence_transformer,65,B6,other,0,7.798552728856754,False,2445.0,2259.9779702319543
heldout:65:774,tiny_sequence_transformer,65,B4,other,0,7.597111266751012,False,2093.0,1847.465781576661
heldout:65:775,tiny_sequence_transformer,65,B4,other,0,8.584880200702456,True,4817.0,4962.56842069442
heldout:65:776,tiny_sequence_transformer,65,B6,other,0,7.979842612687475,False,2527.5,2709.375899853033
heldout:65:777,tiny_sequence_transformer,65,B2,other,0,7.8739762741699595,False,2638.5,2437.104748796078
heldout:65:778,tiny_sequence_transformer,65,B2,other,0,8.30406032457611,False,4298.0,4039.2438359866105
heldout:65:779,tiny_sequence_transformer,65,B2,other,0,8.027398635643223,False,3407.0,3062.7613383497396
heldout:58:0,saturation_residual_fusion_new,58,B8,other,0,8.66519168416862,True,5401.25,5796.555743456209
heldout:58:1,saturation_residual_fusion_new,58,B2,other,0,8.781470553403404,True,6983.0,6511.447036278716
heldout:58:2,saturation_residual_fusion_new,58,B4,other,0,8.656230122365724,True,5722.0,5744.832695156742
heldout:58:3,saturation_residual_fusion_new,58,B6,other,0,8.797945750876105,True,6211.0,6619.629604814087
heldout:58:4,saturation_residual_fusion_new,58,B4,other,0,8.511225600143678,True,5109.75,4969.250897166156
heldout:58:5,saturation_residual_fusion_new,58,B4,other,0,8.725696969033,True,5756.875,6158.1679172367385
heldout:58:6,saturation_residual_fusion_new,58,B2,inner_high_charge,1,9.30755371485907,True,11264.375,11019.954727671311
heldout:58:7,saturation_residual_fusion_new,58,B6,other,0,8.888008177952392,True,7078.75,7243.574899038579
heldout:58:8,saturation_residual_fusion_new,58,B8,other,0,8.873496120928994,True,6816.75,7139.200391162931
heldout:58:9,saturation_residual_fusion_new,58,B4,other,0,8.697332473204495,True,5900.25,5985.920626551391
heldout:58:10,saturation_residual_fusion_new,58,B2,other,0,9.019838475860947,True,8914.0,8264.441905045382
heldout:58:11,saturation_residual_fusion_new,58,B4,other,0,8.707951799195905,True,5631.5,6049.8364592528105
heldout:58:12,saturation_residual_fusion_new,58,B2,other,0,8.818565035109655,True,6012.125,6269.209430794097
heldout:58:13,saturation_residual_fusion_new,58,B8,other,0,8.621668252045058,True,5864.0,5549.63853817011
heldout:58:14,saturation_residual_fusion_new,58,B6,other,0,8.365256465634447,True,4451.25,4294.213171363042
heldout:58:15,saturation_residual_fusion_new,58,B4,other,0,8.629131534572313,True,5958.75,5591.219493990872
heldout:58:16,saturation_residual_fusion_new,58,B4,other,0,8.85246043024351,True,6908.25,6990.57009547063
heldout:58:17,saturation_residual_fusion_new,58,B4,other,0,8.142536481951437,False,2807.25,3188.235404536138
heldout:58:18,saturation_residual_fusion_new,58,B4,other,0,8.73063454615068,True,5976.0,5741.4116327207175
heldout:58:19,saturation_residual_fusion_new,58,B4,other,0,8.97024375002118,True,7741.0,7864.518592165405
heldout:58:20,saturation_residual_fusion_new,58,B4,inner_high_charge,1,8.917103978186185,True,9197.25,7457.458065389314
heldout:58:21,saturation_residual_fusion_new,58,B4,other,0,8.453115284361436,True,4621.75,4349.801170982044
heldout:58:22,saturation_residual_fusion_new,58,B4,other,0,9.027876781625787,True,8593.375,8331.14980441539
heldout:58:23,saturation_residual_fusion_new,58,B6,other,0,8.710885543086114,True,5716.375,5629.117228812354
heldout:58:24,saturation_residual_fusion_new,58,B4,other,0,8.400429315415264,True,4581.25,4126.508831295048
heldout:58:25,saturation_residual_fusion_new,58,B2,inner_high_charge,1,9.690990661921443,True,15232.0,15320.167713863713
heldout:58:26,saturation_residual_fusion_new,58,B4,other,0,8.456183582983556,True,4801.125,4703.070999913368
heldout:58:27,saturation_residual_fusion_new,58,B8,other,0,8.643721078794373,True,5633.0,5263.392739524595
heldout:58:28,saturation_residual_fusion_new,58,B4,other,0,8.585505952215396,True,4706.625,4965.675353125711
heldout:58:29,saturation_residual_fusion_new,58,B4,other,0,8.84568169892844,True,6252.0,6943.336393480655
heldout:58:30,saturation_residual_fusion_new,58,B8,other,0,8.227667674553619,False,3820.5,3471.6305681946405
heldout:58:31,saturation_residual_fusion_new,58,B2,other,0,9.126170793301993,True,8341.25,8527.517212415736
heldout:58:32,saturation_residual_fusion_new,58,B2,other,0,8.190861094969764,False,4466.25,3606.8275914638016
heldout:58:33,saturation_residual_fusion_new,58,B8,other,0,8.10102012048394,False,3161.25,3058.5408066022574
heldout:58:34,saturation_residual_fusion_new,58,B8,other,0,8.84278866765559,True,6304.5,6422.95125505919
heldout:58:35,saturation_residual_fusion_new,58,B8,other,0,8.6053004582436,True,5159.0,5459.52631206045
heldout:58:36,saturation_residual_fusion_new,58,B2,other,0,8.431655815607547,True,4481.25,4257.429952622083
heldout:58:37,saturation_residual_fusion_new,58,B6,other,0,8.320122209924047,False,3855.625,3808.000927283808
heldout:58:38,saturation_residual_fusion_new,58,B6,other,0,8.837445457269602,True,6072.5,6388.718270459157
heldout:58:39,saturation_residual_fusion_new,58,B2,inner_high_charge,1,9.18313302525358,True,9106.25,9730.594391832488
heldout:58:40,saturation_residual_fusion_new,58,B4,other,0,8.681838835600805,True,6154.0,5893.87633969696
heldout:58:41,saturation_residual_fusion_new,58,B2,inner_high_charge,1,9.275715931755197,True,10381.25,10674.598816597863
heldout:58:42,saturation_residual_fusion_new,58,B8,other,0,8.700281383340888,True,5433.75,5569.72999866922
heldout:58:43,saturation_residual_fusion_new,58,B6,other,0,8.738310010934981,True,5883.5,5785.6568952444895
heldout:58:44,saturation_residual_fusion_new,58,B2,other,0,8.691745374538385,True,5434.625,5952.564379396423
heldout:58:45,saturation_residual_fusion_new,58,B6,other,0,8.222991280312403,False,3878.25,3724.6301351748407
heldout:58:46,saturation_residual_fusion_new,58,B6,other,0,8.161531488028437,False,3654.0,3502.5481391839558
heldout:58:47,saturation_residual_fusion_new,58,B6,other,0,7.951515834617155,False,2624.375,2838.876472518333
heldout:58:48,saturation_residual_fusion_new,58,B4,other,0,8.393283444449258,True,3878.0,4097.119317672396
heldout:58:49,saturation_residual_fusion_new,58,B8,other,0,8.404209259303459,True,4453.125,4142.14010713656
heldout:58:50,saturation_residual_fusion_new,58,B4,inner_high_charge,1,9.585492438622728,True,11485.0,13022.262216252202
heldout:58:51,saturation_residual_fusion_new,58,B4,other,0,8.92563013650345,True,6908.25,7521.321929482009
heldout:58:52,saturation_residual_fusion_new,58,B2,inner_high_charge,1,9.098129636123678,True,9168.75,8937.558701722553
heldout:58:53,saturation_residual_fusion_new,58,B8,other,0,8.725186152646902,True,5625.75,5710.209791624648
heldout:58:54,saturation_residual_fusion_new,58,B2,other,0,8.286159465162829,False,3896.0,3967.5634831414427
heldout:58:55,saturation_residual_fusion_new,58,B2,other,0,8.759577721381245,True,5434.625,6370.420495191801
heldout:58:56,saturation_residual_fusion_new,58,B4,other,0,8.722059263343143,True,5189.25,5692.379362233147
heldout:58:57,saturation_residual_fusion_new,58,B4,other,0,8.212332167231198,False,3775.625,3418.782280067358
heldout:58:58,saturation_residual_fusion_new,58,B4,other,0,8.556143068921545,True,4275.625,5197.591845328379
heldout:58:59,saturation_residual_fusion_new,58,B2,other,0,8.997524948473462,True,8139.75,8082.053176127243
heldout:58:60,saturation_residual_fusion_new,58,B8,other,0,8.671371953767093,True,5110.625,5410.988983757568
heldout:58:61,saturation_residual_fusion_new,58,B6,other,0,8.453638128354072,True,4693.0,4691.112227322827
heldout:58:62,saturation_residual_fusion_new,58,B8,other,0,8.258054471545535,False,3532.0,3578.7722911419364
heldout:58:63,saturation_residual_fusion_new,58,B8,other,0,8.247548653047591,False,3810.0,3817.2544734530065
heldout:58:64,saturation_residual_fusion_new,58,B8,other,0,8.867993334450928,True,7307.125,7100.017299966059
heldout:58:65,saturation_residual_fusion_new,58,B4,other,0,8.700709152706589,True,6074.0,6006.170708489126
heldout:58:66,saturation_residual_fusion_new,58,B4,other,0,8.989972340321815,True,6465.0,8021.234999844386
heldout:58:67,saturation_residual_fusion_new,58,B8,other,0,8.36260918760256,True,3828.125,4282.857585220831
heldout:58:68,saturation_residual_fusion_new,58,B4,other,0,8.092859965375084,False,4422.0,3033.6760670986127
heldout:58:69,saturation_residual_fusion_new,58,B2,inner_high_charge,1,9.471887316992863,True,12156.0,12756.66207300777
heldout:58:70,saturation_residual_fusion_new,58,B8,other,0,9.19416359236213,True,9089.0,9127.563222462428
heldout:58:71,saturation_residual_fusion_new,58,B6,other,0,8.430728070593917,True,5275.0,4584.8376913817365
heldout:58:72,saturation_residual_fusion_new,58,B6,other,0,8.422235929914208,True,4943.75,4217.504371669793
heldout:58:73,saturation_residual_fusion_new,58,B4,other,0,8.52433164360549,True,4706.625,4670.949164699752
heldout:58:74,saturation_residual_fusion_new,58,B4,other,0,8.751913936145709,True,5497.5,5864.916038245251
heldout:58:75,saturation_residual_fusion_new,58,B4,other,0,8.941377745240402,True,7144.5,7640.718147096633
heldout:58:76,saturation_residual_fusion_new,58,B6,other,0,8.54565603294587,True,5065.0,4771.645455350164
heldout:58:77,saturation_residual_fusion_new,58,B6,other,0,8.980912947953096,True,7613.0,7948.886636230773
heldout:58:78,saturation_residual_fusion_new,58,B2,other,0,8.272807047515236,False,3183.0,3631.9746246518507
heldout:58:79,saturation_residual_fusion_new,58,B6,other,0,8.066748007906657,False,2532.5,2955.4603614229545
heldout:58:80,saturation_residual_fusion_new,58,B4,other,0,8.54629739287541,True,4939.5,5146.65933804447
heldout:58:81,saturation_residual_fusion_new,58,B4,other,0,8.123923768384646,False,2943.5,3129.4240963105685
heldout:58:82,saturation_residual_fusion_new,58,B6,other,0,7.842127640592008,False,2420.5,2360.6779486949017
heldout:58:83,saturation_residual_fusion_new,58,B6,other,0,7.802376605507066,False,1682.5,2268.6402222358056
heldout:58:84,saturation_residual_fusion_new,58,B2,other,0,8.088493648452298,False,1632.0,3020.454595205202
heldout:58:85,saturation_residual_fusion_new,58,B8,other,0,8.26417325225714,False,3112.5,3881.261999307283
heldout:58:86,saturation_residual_fusion_new,58,B6,other,0,8.352642366041088,True,4045.0,4240.373209858868
heldout:58:87,saturation_residual_fusion_new,58,B6,other,0,8.055059110723281,False,2949.5,2921.1037866448814
heldout:58:88,saturation_residual_fusion_new,58,B2,other,0,8.56207027139616,True,4707.0,4850.631268475654
heldout:58:89,saturation_residual_fusion_new,58,B4,other,0,7.917287880902805,False,2218.5,2545.0231732512216
heldout:58:90,saturation_residual_fusion_new,58,B6,other,0,7.714769640909957,False,2099.5,2240.2065560100245
heldout:58:91,saturation_residual_fusion_new,58,B2,other,0,8.692230584654412,True,4900.5,5525.061223838382
heldout:58:92,saturation_residual_fusion_new,58,B2,other,0,8.18604180042693,False,3253.0,3589.482237397214
heldout:58:93,saturation_residual_fusion_new,58,B6,other,0,8.188333913848876,False,3356.5,3337.6904019236695
heldout:58:94,saturation_residual_fusion_new,58,B8,other,0,7.891233676069562,False,2362.5,2479.545255469567
heldout:58:95,saturation_residual_fusion_new,58,B2,other,0,8.214575751230445,False,3183.0,3693.408543790941
heldout:58:96,saturation_residual_fusion_new,58,B2,inner_high_charge,1,9.16341930284564,True,9432.5,9540.62707510301
heldout:58:97,saturation_residual_fusion_new,58,B6,other,0,8.057330344711623,False,2532.5,2927.7481106335763
heldout:58:98,saturation_residual_fusion_new,58,B8,other,0,8.207797076223422,False,3688.0,3668.4500373026003
heldout:58:99,saturation_residual_fusion_new,58,B6,other,0,7.943514265916637,False,2646.5,2612.6794693621355
heldout:58:100,saturation_residual_fusion_new,58,B8,other,0,7.9196726660550425,False,2547.0,2551.102137142436
heldout:58:101,saturation_residual_fusion_new,58,B4,other,0,8.639404032773477,True,4763.0,5240.715099224452
heldout:58:102,saturation_residual_fusion_new,58,B2,other,0,9.022567618327617,True,8305.0,8287.030282984717
heldout:58:103,saturation_residual_fusion_new,58,B4,other,0,8.426070845830834,True,4129.0,4233.71304080619
heldout:58:104,saturation_residual_fusion_new,58,B6,other,0,8.701903090776042,True,5436.5,5578.771422217659
heldout:58:105,saturation_residual_fusion_new,58,B2,other,0,8.051676988474204,False,2977.5,3138.054718370551
heldout:58:106,saturation_residual_fusion_new,58,B8,other,0,8.20561788992672,False,3265.0,3660.4623285786092
heldout:58:107,saturation_residual_fusion_new,58,B4,other,0,8.339083039081313,True,3459.5,3880.9117839201963
heldout:58:108,saturation_residual_fusion_new,58,B4,other,0,8.812536690548495,True,6074.5,6231.524151924045
heldout:58:109,saturation_residual_fusion_new,58,B4,other,0,8.496879960075,True,3843.0,4898.458462210805
heldout:58:110,saturation_residual_fusion_new,58,B2,inner_high_charge,1,9.256531051933369,True,9201.0,9715.017117773736
heldout:58:111,saturation_residual_fusion_new,58,B8,other,0,8.070274499951354,False,3048.0,2965.904700483338
heldout:58:112,saturation_residual_fusion_new,58,B8,other,0,7.776452288095404,False,2094.0,2210.5574793724645
heldout:58:113,saturation_residual_fusion_new,58,B2,other,0,9.041089206192936,True,7505.0,7831.908736883353
heldout:58:114,saturation_residual_fusion_new,58,B8,other,0,8.32904351361562,True,3562.5,3842.134211627661
heldout:58:115,saturation_residual_fusion_new,58,B2,other,0,8.461170137876497,True,5365.0,4726.586690588045
heldout:58:116,saturation_residual_fusion_new,58,B2,other,0,8.426281782612115,True,3105.5,4234.606391761641
heldout:58:117,saturation_residual_fusion_new,58,B2,other,0,7.912635736633686,False,1632.0,2533.2062145474106
heldout:58:118,saturation_residual_fusion_new,58,B8,other,0,8.30247711548294,False,3699.0,4032.852346074379
heldout:58:119,saturation_residual_fusion_new,58,B6,other,0,7.325064900901553,False,1682.5,1407.1962384444473
heldout:58:120,saturation_residual_fusion_new,58,B6,other,0,8.375409214113814,True,4045.0,4024.5193561551832
heldout:58:121,saturation_residual_fusion_new,58,B6,other,0,8.131362083822808,False,3266.5,3398.426717279857
heldout:58:122,saturation_residual_fusion_new,58,B2,other,0,8.988311322491956,True,6600.5,7429.224276301383
heldout:58:123,saturation_residual_fusion_new,58,B6,other,0,8.24158209209293,False,3297.5,3520.2879342867277
heldout:58:124,saturation_residual_fusion_new,58,B6,other,0,7.93916160373925,False,2346.5,2601.327728660417
heldout:58:125,saturation_residual_fusion_new,58,B4,other,0,8.069426948770891,False,3178.5,3194.2702507888334
heldout:58:126,saturation_residual_fusion_new,58,B2,other,0,7.9286253885989755,False,1632.0,2574.052982460502
heldout:58:127,saturation_residual_fusion_new,58,B2,other,0,8.728939183053093,True,7616.0,6178.169665262594
heldout:58:128,saturation_residual_fusion_new,58,B6,other,0,7.577497756257686,False,1682.5,1811.564108404787
heldout:58:129,saturation_residual_fusion_new,58,B8,other,0,8.064972946143373,False,3381.5,2950.2171165991476
heldout:58:130,saturation_residual_fusion_new,58,B2,other,0,9.166715159756988,True,8253.5,8880.406026385226
heldout:58:131,saturation_residual_fusion_new,58,B6,other,0,8.117339253721648,False,3561.0,3351.0898083882203
heldout:58:132,saturation_residual_fusion_new,58,B4,other,0,8.327253759046336,True,3519.5,3835.2620961464772
heldout:58:133,saturation_residual_fusion_new,58,B2,other,0,8.348064432633782,True,2832.5,3915.9337992169003
heldout:58:134,saturation_residual_fusion_new,58,B6,other,0,7.615738036314353,False,1878.0,2028.8923403403235
heldout:58:135,saturation_residual_fusion_new,58,B2,other,0,8.682093398960914,True,5365.0,5469.325494074463
heldout:58:136,saturation_residual_fusion_new,58,B8,other,0,8.191057260636567,False,3185.5,3346.795205846865
heldout:58:137,saturation_residual_fusion_new,58,B6,other,0,8.251920036380126,False,3356.5,3556.879628329372
heldout:58:138,saturation_residual_fusion_new,58,B2,other,0,8.094902953938982,False,3105.5,3039.882212982763
heldout:58:139,saturation_residual_fusion_new,58,B8,other,0,8.615153300625337,True,5431.0,5513.593939641116
heldout:58:140,saturation_residual_fusion_new,58,B8,other,0,8.413719363656622,True,4086.0,4507.498109661456
heldout:58:141,saturation_residual_fusion_new,58,B8,other,0,8.057032766214451,False,2753.0,3154.9118991185605
heldout:58:142,saturation_residual_fusion_new,58,B2,other,0,8.278674237823282,False,3491.5,3653.352631249334
heldout:58:143,saturation_residual_fusion_new,58,B6,other,0,8.264801806405426,False,3470.0,3603.007884397246
heldout:58:144,saturation_residual_fusion_new,58,B8,other,0,8.425818874091169,True,4856.5,4232.646147213478
heldout:58:145,saturation_residual_fusion_new,58,B4,other,0,8.463701504135168,True,3176.5,4396.104363832843
heldout:58:146,saturation_residual_fusion_new,58,B6,other,0,7.75576180904889,False,2115.5,2333.987481972214
heldout:58:147,saturation_residual_fusion_new,58,B6,other,0,8.079784439885987,False,3223.0,3227.537217779663
heldout:58:148,saturation_residual_fusion_new,58,B4,other,0,8.19261688134884,False,3933.5,3352.0205703245006
heldout:58:149,saturation_residual_fusion_new,58,B6,other,0,8.187968444516287,False,3042.5,3336.470435914417
heldout:58:150,saturation_residual_fusion_new,58,B6,other,0,7.593279732872745,False,1918.0,1983.8125052621754
heldout:58:151,saturation_residual_fusion_new,58,B4,other,0,8.447896582760219,True,5098.0,4664.249441787187
heldout:58:152,saturation_residual_fusion_new,58,B8,other,0,8.082259154200765,False,3185.5,3001.675952395872
heldout:58:153,saturation_residual_fusion_new,58,B4,other,0,8.025494868396226,False,2453.5,2835.978534168594
heldout:58:154,saturation_residual_fusion_new,58,B6,other,0,7.784726315392985,False,1682.5,2228.9318766341257
heldout:58:155,saturation_residual_fusion_new,58,B6,other,0,8.198094308724125,False,3328.0,3370.4368879633175
heldout:60:156,saturation_residual_fusion_new,60,B4,other,0,8.767953273141451,True,6466.25,5959.760026424685
heldout:60:157,saturation_residual_fusion_new,60,B4,other,0,8.203388755206658,False,3440.0,3652.3095259993925
heldout:60:158,saturation_residual_fusion_new,60,B4,other,0,8.480459071625559,True,4471.0,4818.661959134454
heldout:60:159,saturation_residual_fusion_new,60,B2,other,0,8.471940876133374,True,4783.75,4777.781497431652
heldout:60:160,saturation_residual_fusion_new,60,B4,other,0,8.674771732606613,True,5644.0,5852.363501992211
heldout:60:161,saturation_residual_fusion_new,60,B2,other,0,8.100230288994943,False,2818.75,3294.226842390277
heldout:60:162,saturation_residual_fusion_new,60,B2,inner_high_charge,1,9.114195305274956,True,10494.0,9082.322377492654
heldout:60:163,saturation_residual_fusion_new,60,B4,other,0,8.358886128329146,True,4883.75,4266.938182340906
heldout:60:164,saturation_residual_fusion_new,60,B2,other,0,8.831190231173633,True,7372.0,6348.873885724148
heldout:60:165,saturation_residual_fusion_new,60,B8,other,0,9.257395749499757,True,9265.5,9723.42216751978
heldout:60:166,saturation_residual_fusion_new,60,B2,other,0,8.311022169052956,False,3692.0,3773.496098955401
heldout:60:167,saturation_residual_fusion_new,60,B6,other,0,8.099879523306472,False,2975.0,3293.0711925712317
heldout:60:168,saturation_residual_fusion_new,60,B6,other,0,8.888432164546073,True,6540.625,6722.9574373328305
heldout:60:169,saturation_residual_fusion_new,60,B8,other,0,8.596789599975162,True,5614.0,5413.249752502632
heldout:60:170,saturation_residual_fusion_new,60,B6,other,0,8.292078336560072,False,3371.25,3702.665694988267
heldout:60:171,saturation_residual_fusion_new,60,B8,other,0,8.874093233909734,True,6702.0,6627.231025374044
heldout:60:172,saturation_residual_fusion_new,60,B4,other,0,8.661810231966696,True,6137.0,5776.98469375457
heldout:60:173,saturation_residual_fusion_new,60,B6,other,0,8.883215041411088,True,7209.0,7208.933748566782
heldout:60:174,saturation_residual_fusion_new,60,B6,other,0,8.911898573191307,True,6992.25,7418.734643506706
heldout:60:175,saturation_residual_fusion_new,60,B2,other,0,8.458381591750838,True,5011.5,4713.421960797152
heldout:60:176,saturation_residual_fusion_new,60,B2,other,0,8.688896570259407,True,6697.25,5935.627975421499
heldout:60:177,saturation_residual_fusion_new,60,B8,other,0,8.77723147158331,True,7123.0,6483.898671582124
heldout:60:178,saturation_residual_fusion_new,60,B4,other,0,9.060535542269482,True,7308.0,7985.7208061330475
heldout:60:179,saturation_residual_fusion_new,60,B4,other,0,8.074560043283775,False,3328.125,3210.7140426432334
heldout:60:180,saturation_residual_fusion_new,60,B4,other,0,8.179038574596225,False,3002.0,3306.7999330915836
heldout:60:181,saturation_residual_fusion_new,60,B6,other,0,9.126579462509087,True,8843.0,9195.51109685521
heldout:60:182,saturation_residual_fusion_new,60,B2,other,0,8.449660915858065,True,4997.25,4672.487761219791
heldout:60:183,saturation_residual_fusion_new,60,B6,other,0,8.69865968625622,True,5151.75,5560.7032833481435
heldout:60:184,saturation_residual_fusion_new,60,B6,other,0,8.534913592422834,True,4624.5,4720.649993671081
heldout:60:185,saturation_residual_fusion_new,60,B8,other,0,9.00119961326954,True,7720.0,7525.60693703822
heldout:60:186,saturation_residual_fusion_new,60,B4,other,0,9.043689867889322,True,7390.0,7852.305994293381
heldout:60:187,saturation_residual_fusion_new,60,B6,other,0,8.346966173977329,True,3705.625,3911.634354148688
heldout:60:188,saturation_residual_fusion_new,60,B4,other,0,8.786561713450343,True,5331.0,6071.718933202247
heldout:60:189,saturation_residual_fusion_new,60,B8,other,0,8.899687076191935,True,7527.0,7328.679549016264
heldout:60:190,saturation_residual_fusion_new,60,B6,other,0,8.117494529854506,False,2954.25,3351.6103483433317
heldout:60:191,saturation_residual_fusion_new,60,B6,other,0,8.699201911107146,True,5379.5,5563.719794821679
heldout:60:192,saturation_residual_fusion_new,60,B8,other,0,8.716731792475565,True,5568.75,5662.128700849096
heldout:60:193,saturation_residual_fusion_new,60,B4,other,0,9.220462625516555,True,8648.5,10100.736568414242
heldout:60:194,saturation_residual_fusion_new,60,B6,other,0,8.214946225337014,False,3495.625,3427.7334840431663
heldout:60:195,saturation_residual_fusion_new,60,B4,other,0,8.558825349817475,True,2440.5,5211.5546466270025
heldout:60:196,saturation_residual_fusion_new,60,B2,other,0,8.811951821002326,True,6074.0,6713.011034215253
heldout:60:197,saturation_residual_fusion_new,60,B4,other,0,8.59719545526276,True,4928.125,5415.447600366982
heldout:60:198,saturation_residual_fusion_new,60,B8,other,0,8.510915740978746,True,4720.0,4608.689319464196
heldout:60:199,saturation_residual_fusion_new,60,B2,inner_high_charge,1,9.297849873717677,True,10559.375,10124.880728450333
heldout:60:200,saturation_residual_fusion_new,60,B8,other,0,8.946132031799062,True,7167.0,7122.340258313547
heldout:60:201,saturation_residual_fusion_new,60,B6,other,0,9.18226760101381,True,8347.0,9019.613272220744
heldout:60:202,saturation_residual_fusion_new,60,B2,other,0,8.372874978201779,True,3679.375,4327.061274853151
heldout:60:203,saturation_residual_fusion_new,60,B8,other,0,8.942061424027937,True,6755.0,7093.402870437005
heldout:60:204,saturation_residual_fusion_new,60,B6,other,0,8.75495200664957,True,5466.75,5882.764203002598
heldout:60:205,saturation_residual_fusion_new,60,B6,other,0,8.343308914675266,True,3801.25,3897.350970700564
heldout:60:206,saturation_residual_fusion_new,60,B4,other,0,7.974638478175296,False,3136.0,2905.306988748915
heldout:60:207,saturation_residual_fusion_new,60,B2,other,0,8.450582925672501,True,5676.75,4676.798749884819
heldout:60:208,saturation_residual_fusion_new,60,B6,other,0,8.71443787577217,True,5424.0,6089.210200393017
heldout:60:209,saturation_residual_fusion_new,60,B8,other,0,8.22294876388519,False,3705.625,3724.4717380596417
heldout:60:210,saturation_residual_fusion_new,60,B2,other,0,8.429426787019716,True,4905.75,4578.874097125155
heldout:60:211,saturation_residual_fusion_new,60,B6,other,0,8.35192951215532,True,4348.0,4237.350807878709
heldout:60:212,saturation_residual_fusion_new,60,B2,other,0,8.398286034486693,True,3977.75,4117.671893737116
heldout:60:213,saturation_residual_fusion_new,60,B4,other,0,8.011755381022494,False,2744.0,2797.2664544666627
heldout:60:214,saturation_residual_fusion_new,60,B8,other,0,8.934127302684223,True,6564.25,7037.337725144128
heldout:60:215,saturation_residual_fusion_new,60,B8,other,0,8.584889962278986,True,4743.75,4962.616873183908
heldout:60:216,saturation_residual_fusion_new,60,B8,other,0,9.123222232379199,True,9359.0,9164.688061672725
heldout:60:217,saturation_residual_fusion_new,60,B8,other,0,8.78783439242636,True,5385.625,6079.45247502999
heldout:60:218,saturation_residual_fusion_new,60,B4,inner_high_charge,1,9.166673145298722,True,9153.0,9571.724592124943
heldout:60:219,saturation_residual_fusion_new,60,B4,other,0,8.27234829900302,False,3609.0,3913.129755348702
heldout:60:220,saturation_residual_fusion_new,60,B4,other,0,9.023315909412887,True,7308.0,7693.921997256935
heldout:60:221,saturation_residual_fusion_new,60,B4,inner_high_charge,1,9.065813499186216,True,9573.375,8027.985812781842
heldout:60:222,saturation_residual_fusion_new,60,B8,other,0,8.670803957771716,True,5075.625,5407.9158685289585
heldout:60:223,saturation_residual_fusion_new,60,B8,other,0,8.513809113242504,True,5385.625,4982.108206826009
heldout:60:224,saturation_residual_fusion_new,60,B2,other,0,8.57431584606415,True,5707.625,5292.92833707403
heldout:60:225,saturation_residual_fusion_new,60,B6,other,0,8.385696872190026,True,4673.375,4382.912511849551
heldout:60:226,saturation_residual_fusion_new,60,B4,other,0,8.928608357993912,True,6864.75,6998.600521094488
heldout:60:227,saturation_residual_fusion_new,60,B6,other,0,8.683586275595305,True,5889.625,5904.186287759876
heldout:60:228,saturation_residual_fusion_new,60,B6,other,0,9.089447580138398,True,8843.0,8220.003658232903
heldout:60:229,saturation_residual_fusion_new,60,B8,other,0,8.842668147051233,True,6159.0,6422.177083224332
heldout:60:230,saturation_residual_fusion_new,60,B2,other,0,9.086860713740752,True,8937.25,8837.396199186831
heldout:60:231,saturation_residual_fusion_new,60,B6,other,0,8.512698432953089,True,4698.0,4616.914304747602
heldout:60:232,saturation_residual_fusion_new,60,B6,other,0,8.38810771315571,True,4525.0,4393.49417795497
heldout:60:233,saturation_residual_fusion_new,60,B4,inner_high_charge,1,9.268374528349032,True,10657.0,10596.511923489634
heldout:60:234,saturation_residual_fusion_new,60,B6,other,0,8.175307338812077,False,3176.0,3294.4807487974917
heldout:60:235,saturation_residual_fusion_new,60,B8,other,0,8.224600418562154,False,3293.5,3460.995439946618
heldout:60:236,saturation_residual_fusion_new,60,B6,other,0,8.012234394880103,False,3193.5,2798.607183964005
heldout:60:237,saturation_residual_fusion_new,60,B4,other,0,7.606865067384079,False,2433.5,1865.5835632639587
heldout:60:238,saturation_residual_fusion_new,60,B2,other,0,8.184279130965926,False,2246.5,3583.158978551912
heldout:60:239,saturation_residual_fusion_new,60,B8,other,0,8.149229104981831,False,3077.5,3209.6513393059513
heldout:60:240,saturation_residual_fusion_new,60,B4,other,0,8.5515297300735,True,4637.5,4799.761019573926
heldout:60:241,saturation_residual_fusion_new,60,B2,other,0,8.024803859790051,False,2932.0,3054.821869434836
heldout:60:242,saturation_residual_fusion_new,60,B8,other,0,8.535801089753468,True,3903.0,4724.842305494256
heldout:60:243,saturation_residual_fusion_new,60,B4,other,0,7.90474555776299,False,2743.0,2709.1128572897396
heldout:60:244,saturation_residual_fusion_new,60,B4,other,0,8.03358688209587,False,2338.5,2859.028538028821
heldout:60:245,saturation_residual_fusion_new,60,B4,other,0,8.043754774858908,False,2546.0,3113.284702569806
heldout:60:246,saturation_residual_fusion_new,60,B2,other,0,8.24319964240076,False,2899.0,3525.9884038239966
heldout:60:247,saturation_residual_fusion_new,60,B6,other,0,8.157232237306289,False,3836.0,3487.5178399799493
heldout:60:248,saturation_residual_fusion_new,60,B8,other,0,8.63793497493992,True,3763.5,5233.020369981648
heldout:60:249,saturation_residual_fusion_new,60,B6,other,0,8.207330060280952,False,3616.0,3666.7367457334603
heldout:60:250,saturation_residual_fusion_new,60,B2,other,0,8.287267326084965,False,3553.5,3971.9625358608037
heldout:60:251,saturation_residual_fusion_new,60,B4,other,0,8.564011675109205,True,4412.5,4860.059392370717
heldout:60:252,saturation_residual_fusion_new,60,B8,other,0,8.163216768248255,False,2964.5,3254.876408251402
heldout:60:253,saturation_residual_fusion_new,60,B4,other,0,7.779184659042231,False,1525.0,2216.60853787988
heldout:60:254,saturation_residual_fusion_new,60,B8,other,0,8.130546553657851,False,3195.0,3150.2250269334227
heldout:60:255,saturation_residual_fusion_new,60,B8,other,0,8.228650716207078,False,3763.5,3745.7748773110147
heldout:60:256,saturation_residual_fusion_new,60,B4,other,0,8.012687777579272,False,1568.0,3018.020673797659
heldout:60:257,saturation_residual_fusion_new,60,B4,other,0,8.432089313510323,True,4576.5,4259.27637325648
heldout:60:258,saturation_residual_fusion_new,60,B6,other,0,8.193074965738239,False,3039.5,3353.5568885599305
heldout:60:259,saturation_residual_fusion_new,60,B8,other,0,8.306884670022466,False,3763.5,3757.911388101158
heldout:60:260,saturation_residual_fusion_new,60,B6,other,0,8.162570885646407,False,3037.0,3252.7741732971167
heldout:60:261,saturation_residual_fusion_new,60,B8,other,0,7.784600471052998,False,2284.0,2228.6512699856444
heldout:60:262,saturation_residual_fusion_new,60,B8,other,0,8.417688434060192,True,4564.0,4525.428215460682
heldout:60:263,saturation_residual_fusion_new,60,B6,other,0,7.500109626605224,False,1629.0,1676.5834707180118
heldout:60:264,saturation_residual_fusion_new,60,B8,other,0,8.670586224110673,True,5649.0,5827.915398887559
heldout:60:265,saturation_residual_fusion_new,60,B6,other,0,7.9714115205238185,False,3039.5,2686.6205319390256
heldout:60:266,saturation_residual_fusion_new,60,B6,other,0,7.797459946093792,False,1969.5,2257.508561987771
heldout:60:267,saturation_residual_fusion_new,60,B2,other,0,8.389742393996277,True,4053.0,4400.68364803519
heldout:60:268,saturation_residual_fusion_new,60,B6,other,0,7.697591182967939,False,1688.5,2202.0348873490466
heldout:60:269,saturation_residual_fusion_new,60,B2,other,0,8.660161707756133,True,4463.5,5350.658049958469
heldout:60:270,saturation_residual_fusion_new,60,B8,other,0,8.291732093963835,False,3344.0,3701.3835501418325
heldout:60:271,saturation_residual_fusion_new,60,B8,other,0,7.893595386441243,False,1716.5,2485.410508214747
heldout:60:272,saturation_residual_fusion_new,60,B2,other,0,7.962752506705897,False,1718.5,2663.448855330924
heldout:60:273,saturation_residual_fusion_new,60,B4,other,0,8.32370459500561,True,3426.5,3821.6707059677447
heldout:60:274,saturation_residual_fusion_new,60,B6,other,0,7.900136662318816,False,2371.0,2696.6509703151546
heldout:60:275,saturation_residual_fusion_new,60,B4,other,0,8.734414789792474,True,4088.5,6212.097170394765
heldout:60:276,saturation_residual_fusion_new,60,B2,other,0,8.439069428890427,True,4680.0,4623.249788467239
heldout:60:277,saturation_residual_fusion_new,60,B6,other,0,7.944102596026826,False,3017.5,2614.217628120534
heldout:60:278,saturation_residual_fusion_new,60,B6,other,0,8.091483249021653,False,3107.5,3265.529054800197
heldout:60:279,saturation_residual_fusion_new,60,B6,other,0,8.276082426384379,False,3616.0,3643.8935017330523
heldout:60:280,saturation_residual_fusion_new,60,B2,other,0,8.523303239703168,True,4163.5,5029.6437635376515
heldout:60:281,saturation_residual_fusion_new,60,B2,other,0,8.047003833563288,False,1718.5,2897.659980697825
heldout:60:282,saturation_residual_fusion_new,60,B2,other,0,8.035382823192139,False,1976.5,2864.1695959535355
heldout:60:283,saturation_residual_fusion_new,60,B8,other,0,8.860192008558089,True,7091.5,6535.727968048175
heldout:60:284,saturation_residual_fusion_new,60,B2,other,0,8.08302186561821,False,4463.5,3238.006304547584
heldout:60:285,saturation_residual_fusion_new,60,B6,other,0,8.292098356876808,False,3604.5,3702.739844290809
heldout:60:286,saturation_residual_fusion_new,60,B4,other,0,8.311909000526654,False,3942.5,4071.079169800132
heldout:60:287,saturation_residual_fusion_new,60,B6,other,0,8.35450354076693,True,3585.0,3941.2367362482037
heldout:60:288,saturation_residual_fusion_new,60,B6,other,0,8.085036009216537,False,2772.0,3244.5367027329826
heldout:60:289,saturation_residual_fusion_new,60,B2,other,0,8.702344886867621,True,3521.0,6016.004883683607
heldout:60:290,saturation_residual_fusion_new,60,B8,other,0,8.253178366983267,False,3583.5,3561.359435095859
heldout:60:291,saturation_residual_fusion_new,60,B6,other,0,8.156828737018706,False,3027.0,3234.1440580282224
heldout:60:292,saturation_residual_fusion_new,60,B4,other,0,8.037456363300912,False,2697.0,3093.731298138719
heldout:60:293,saturation_residual_fusion_new,60,B8,other,0,7.943794790502482,False,2076.0,2613.41277356293
heldout:60:294,saturation_residual_fusion_new,60,B8,other,0,8.133229523094178,False,2781.5,3404.780871383717
heldout:60:295,saturation_residual_fusion_new,60,B6,other,0,8.008299886010734,False,2631.0,3004.8025594720734
heldout:60:296,saturation_residual_fusion_new,60,B6,other,0,8.38675414155713,True,3833.5,4070.448620640441
heldout:60:297,saturation_residual_fusion_new,60,B4,other,0,8.117549244858672,False,3187.0,3109.532601021485
heldout:60:298,saturation_residual_fusion_new,60,B8,other,0,8.247756466268203,False,2969.0,3542.0969427761174
heldout:60:299,saturation_residual_fusion_new,60,B6,other,0,8.080982345177304,False,3178.5,3231.4070169597553
heldout:60:300,saturation_residual_fusion_new,60,B6,other,0,8.07115773866874,False,3039.5,3199.8053809517087
heldout:60:301,saturation_residual_fusion_new,60,B4,other,0,7.954765960453814,False,2235.5,2642.2538613712654
heldout:60:302,saturation_residual_fusion_new,60,B8,other,0,8.864243386739778,True,7091.5,7073.438721680527
heldout:60:303,saturation_residual_fusion_new,60,B8,other,0,8.289666456606128,False,3979.0,3981.505634532299
heldout:60:304,saturation_residual_fusion_new,60,B2,other,0,8.374914355718884,True,3240.5,4022.5277869208544
heldout:60:305,saturation_residual_fusion_new,60,B8,other,0,8.223617792008213,False,3142.0,3457.5952621237993
heldout:60:306,saturation_residual_fusion_new,60,B4,other,0,8.002661007685898,False,2338.5,2771.9333436215893
heldout:60:307,saturation_residual_fusion_new,60,B4,other,0,8.18804131633521,False,3130.0,3336.7136523173904
heldout:60:308,saturation_residual_fusion_new,60,B2,other,0,8.128109237608722,False,3859.5,3387.3868701493557
heldout:60:309,saturation_residual_fusion_new,60,B2,other,0,8.790786120986132,True,5791.0,6572.397630692115
heldout:60:310,saturation_residual_fusion_new,60,B6,other,0,8.052376793136741,False,3310.5,2913.2762788922496
heldout:60:311,saturation_residual_fusion_new,60,B2,other,0,8.045706163280203,False,3173.5,3119.3678150062688
heldout:62:312,saturation_residual_fusion_new,62,B6,other,0,8.828045578332134,True,5520.0,6328.937100329977
heldout:62:313,saturation_residual_fusion_new,62,B4,other,0,8.634557492219656,True,5262.75,5215.372376297836
heldout:62:314,saturation_residual_fusion_new,62,B6,other,0,8.368826177874075,True,4421.875,4309.573245604261
heldout:62:315,saturation_residual_fusion_new,62,B8,other,0,8.720994366159049,True,5300.0,5686.319725599961
heldout:62:316,saturation_residual_fusion_new,62,B8,other,0,8.42638723326538,True,4293.75,4564.974458669409
heldout:62:317,saturation_residual_fusion_new,62,B8,other,0,8.722649421482465,True,5445.0,5695.740348063049
heldout:62:318,saturation_residual_fusion_new,62,B6,other,0,8.500087924495395,True,4380.625,4559.045700489557
heldout:62:319,saturation_residual_fusion_new,62,B8,other,0,8.433832544525272,True,4465.0,4599.09642643184
heldout:62:320,saturation_residual_fusion_new,62,B8,other,0,8.833198710528603,True,6042.0,6361.6402925709635
heldout:62:321,saturation_residual_fusion_new,62,B4,other,0,8.218661007362801,False,3410.25,3708.53201955257
heldout:62:322,saturation_residual_fusion_new,62,B8,other,0,8.91151523727064,True,6688.0,6879.972256332949
heldout:62:323,saturation_residual_fusion_new,62,B8,other,0,8.273669750669912,False,4197.5,3918.3055076384107
heldout:62:324,saturation_residual_fusion_new,62,B2,other,0,8.249796964528684,False,2794.75,3549.334007022033
heldout:62:325,saturation_residual_fusion_new,62,B8,other,0,8.288108593459109,False,3300.0,3687.9922378446827
heldout:62:326,saturation_residual_fusion_new,62,B8,other,0,8.774836735043172,True,6351.0,6000.932232057831
heldout:62:327,saturation_residual_fusion_new,62,B2,other,0,9.029475976259066,True,8538.0,8344.485193765806
heldout:62:328,saturation_residual_fusion_new,62,B4,other,0,8.33583022455334,True,4443.75,4169.662706355119
heldout:62:329,saturation_residual_fusion_new,62,B2,other,0,8.816528681249268,True,5743.5,6256.454057249101
heldout:62:330,saturation_residual_fusion_new,62,B8,other,0,8.016812597079733,False,2659.5,3030.4993075083116
heldout:62:331,saturation_residual_fusion_new,62,B4,other,0,7.79245414945294,False,2898.75,2421.2548691823577
heldout:62:332,saturation_residual_fusion_new,62,B4,other,0,8.652421342137481,True,5579.0,5722.98970517282
heldout:62:333,saturation_residual_fusion_new,62,B6,other,0,8.544399688297108,True,5530.875,5136.899864578754
heldout:62:334,saturation_residual_fusion_new,62,B4,other,0,8.354585365137984,True,3370.0,4248.622205475574
heldout:62:335,saturation_residual_fusion_new,62,B4,other,0,8.952190226284937,True,6820.5,7165.625822783664
heldout:62:336,saturation_residual_fusion_new,62,B6,other,0,8.355621242946183,True,3883.25,3945.6454461928347
heldout:62:337,saturation_residual_fusion_new,62,B4,other,0,9.185612154673377,True,8773.0,9754.750204111278
heldout:62:338,saturation_residual_fusion_new,62,B2,other,0,8.884681966664571,True,6495.0,6697.788490160192
heldout:62:339,saturation_residual_fusion_new,62,B6,other,0,7.7578012548011905,False,2545.0,2169.6919242284275
heldout:62:340,saturation_residual_fusion_new,62,B8,other,0,9.150045804881119,True,9399.0,9413.87161595693
heldout:62:341,saturation_residual_fusion_new,62,B2,other,0,8.815130425307597,True,5822.5,6247.710649119541
heldout:62:342,saturation_residual_fusion_new,62,B4,other,0,8.391329462803462,True,4295.0,4089.119486050765
heldout:62:343,saturation_residual_fusion_new,62,B4,other,0,8.553088768572408,True,5245.5,4807.25142822804
heldout:62:344,saturation_residual_fusion_new,62,B2,inner_high_charge,1,9.655427610600361,True,14244.125,13716.499199820253
heldout:62:345,saturation_residual_fusion_new,62,B2,other,0,8.502262508741204,True,5580.75,4924.901136471203
heldout:62:346,saturation_residual_fusion_new,62,B4,other,0,8.157473988285371,False,3038.125,3488.3612945321843
heldout:62:347,saturation_residual_fusion_new,62,B6,other,0,8.255206845940657,False,4301.0,3568.592940274807
heldout:62:348,saturation_residual_fusion_new,62,B2,other,0,8.320949193100834,True,3939.375,4108.058447725078
heldout:62:349,saturation_residual_fusion_new,62,B8,other,0,8.68621211486264,True,6011.25,5919.712733849838
heldout:62:350,saturation_residual_fusion_new,62,B4,other,0,8.347463966032524,True,4151.25,4218.466452722248
heldout:62:351,saturation_residual_fusion_new,62,B2,other,0,8.62343133076683,True,6206.0,5559.433382872927
heldout:62:352,saturation_residual_fusion_new,62,B4,other,0,8.386704404464066,True,4485.75,4387.331671040733
heldout:62:353,saturation_residual_fusion_new,62,B8,other,0,8.826930010580515,True,5384.25,6321.879563942994
heldout:62:354,saturation_residual_fusion_new,62,B4,other,0,8.482174380409711,True,4185.0,4478.0864195663025
heldout:62:355,saturation_residual_fusion_new,62,B6,other,0,8.999461563217707,True,7455.0,7512.536679132632
heldout:62:356,saturation_residual_fusion_new,62,B2,other,0,8.636028790202912,True,5399.0,5629.92378463963
heldout:62:357,saturation_residual_fusion_new,62,B8,other,0,8.86680396848168,True,5819.0,6579.091753227756
heldout:62:358,saturation_residual_fusion_new,62,B4,other,0,8.77395591057649,True,6010.0,6462.6917416180295
heldout:62:359,saturation_residual_fusion_new,62,B8,other,0,8.838470065322753,True,6206.0,6395.268582434568
heldout:62:360,saturation_residual_fusion_new,62,B4,other,0,8.158572891669134,False,3265.5,3492.1978730944147
heldout:62:361,saturation_residual_fusion_new,62,B4,other,0,8.296808393949577,False,4633.75,4010.050250842849
heldout:62:362,saturation_residual_fusion_new,62,B6,other,0,8.836700802582426,True,6676.25,6881.24924457377
heldout:62:363,saturation_residual_fusion_new,62,B4,other,0,8.175293752299313,False,3506.875,3294.4359750103963
heldout:62:364,saturation_residual_fusion_new,62,B6,other,0,8.393412708417305,True,4666.375,4097.6490910764915
heldout:62:365,saturation_residual_fusion_new,62,B6,other,0,8.230410748108277,False,3604.375,3752.3751272431055
heldout:62:366,saturation_residual_fusion_new,62,B2,other,0,8.721651945474388,True,6606.25,6133.304258854051
heldout:62:367,saturation_residual_fusion_new,62,B4,other,0,8.159113956061093,False,2550.0,3494.0884294878624
heldout:62:368,saturation_residual_fusion_new,62,B6,other,0,8.332780654238702,True,4109.0,4156.963350804172
heldout:62:369,saturation_residual_fusion_new,62,B8,other,0,8.35195701109639,True,4293.75,4237.467359640334
heldout:62:370,saturation_residual_fusion_new,62,B8,other,0,8.64086869264843,True,5358.125,5248.3980540905995
heldout:62:371,saturation_residual_fusion_new,62,B8,other,0,8.21679265985289,False,3367.875,3434.070264318407
heldout:62:372,saturation_residual_fusion_new,62,B2,inner_high_charge,1,9.732115552070383,True,15392.0,15398.888560900596
heldout:62:373,saturation_residual_fusion_new,62,B8,other,0,8.40007078494099,True,4997.0,4125.029258847946
heldout:62:374,saturation_residual_fusion_new,62,B4,other,0,8.619461508539077,True,4881.625,5137.217500609667
heldout:62:375,saturation_residual_fusion_new,62,B2,other,0,8.917484499028564,True,5731.5,7460.296704181559
heldout:62:376,saturation_residual_fusion_new,62,B4,other,0,8.389733799447878,True,4443.75,4400.645817714606
heldout:62:377,saturation_residual_fusion_new,62,B2,other,0,9.172514216057218,True,7574.0,9627.803173859942
heldout:62:378,saturation_residual_fusion_new,62,B2,inner_high_charge,1,9.301783844072647,True,9741.375,10164.794100590072
heldout:62:379,saturation_residual_fusion_new,62,B2,other,0,8.262066107311323,False,3656.875,3873.0901232444144
heldout:62:380,saturation_residual_fusion_new,62,B8,other,0,8.603024460645097,True,5593.75,5447.112299777598
heldout:62:381,saturation_residual_fusion_new,62,B8,other,0,8.292684400296942,False,4180.0,3704.9110327996696
heldout:62:382,saturation_residual_fusion_new,62,B8,other,0,9.234266142894153,True,9399.0,9501.081348369738
heldout:62:383,saturation_residual_fusion_new,62,B2,other,0,8.516752582511264,True,4718.75,4635.674021640115
heldout:62:384,saturation_residual_fusion_new,62,B2,other,0,8.504161363063023,True,6300.0,4934.263591288804
heldout:62:385,saturation_residual_fusion_new,62,B6,other,0,8.606633435276628,True,5020.75,5071.7250392343385
heldout:62:386,saturation_residual_fusion_new,62,B4,other,0,8.313727792288411,False,3723.75,3783.722291176192
heldout:62:387,saturation_residual_fusion_new,62,B2,other,0,8.823659676590902,True,5937.0,6301.235411029527
heldout:62:388,saturation_residual_fusion_new,62,B8,other,0,8.94168378060383,True,6775.0,7090.724221663899
heldout:62:389,saturation_residual_fusion_new,62,B8,other,0,8.655483705404025,True,5152.5,5325.681446865469
heldout:62:390,saturation_residual_fusion_new,62,B6,other,0,7.606158277104918,False,2150.5,1864.2647462646223
heldout:62:391,saturation_residual_fusion_new,62,B4,other,0,8.284290892528372,False,2627.0,3960.1548579515293
heldout:62:392,saturation_residual_fusion_new,62,B6,other,0,8.131191285758073,False,3680.0,3397.846151356516
heldout:62:393,saturation_residual_fusion_new,62,B2,other,0,8.339115976996004,True,5091.5,4183.389009798294
heldout:62:394,saturation_residual_fusion_new,62,B4,other,0,7.956711755919372,False,2805.0,2853.670648580912
heldout:62:395,saturation_residual_fusion_new,62,B8,other,0,8.284945466554612,False,3937.0,3962.748575833025
heldout:62:396,saturation_residual_fusion_new,62,B2,other,0,7.85071640616245,False,1597.0,2381.049203689021
heldout:62:397,saturation_residual_fusion_new,62,B6,other,0,7.671388154285722,False,1866.5,1989.9917378082018
heldout:62:398,saturation_residual_fusion_new,62,B4,other,0,8.018662319357624,False,2672.0,3036.111928607676
heldout:62:399,saturation_residual_fusion_new,62,B4,other,0,8.181588611222926,False,3110.0,3315.245708015784
heldout:62:400,saturation_residual_fusion_new,62,B4,other,0,8.198224228699644,False,2594.5,3370.874933416073
heldout:62:401,saturation_residual_fusion_new,62,B8,other,0,8.098644742461303,False,2811.5,3289.006246735133
heldout:62:402,saturation_residual_fusion_new,62,B4,other,0,8.094090435184143,False,2990.5,3274.0566157902986
heldout:62:403,saturation_residual_fusion_new,62,B2,other,0,8.59462153316162,True,3350.5,5401.524012980442
heldout:62:404,saturation_residual_fusion_new,62,B4,other,0,8.097108078299454,False,2948.0,3283.954494460928
heldout:62:405,saturation_residual_fusion_new,62,B6,other,0,8.178299331316326,False,3680.0,3304.3555678214148
heldout:62:406,saturation_residual_fusion_new,62,B2,other,0,8.202485441913254,False,3151.5,3649.010932995387
heldout:62:407,saturation_residual_fusion_new,62,B2,other,0,8.840427733538094,True,5566.5,6407.802618874548
heldout:62:408,saturation_residual_fusion_new,62,B6,other,0,8.283748522874976,False,3839.0,3671.942984666675
heldout:62:409,saturation_residual_fusion_new,62,B2,other,0,8.179952109181759,False,3804.5,3309.8231034075634
heldout:62:410,saturation_residual_fusion_new,62,B8,other,0,8.063211139416428,False,3325.5,3174.470659066181
heldout:62:411,saturation_residual_fusion_new,62,B6,other,0,8.13389318725453,False,3160.5,3160.7886889730235
heldout:62:412,saturation_residual_fusion_new,62,B8,other,0,8.784043251228033,True,5476.0,6056.44426239645
heldout:62:413,saturation_residual_fusion_new,62,B4,other,0,7.9927267699646825,False,2482.5,2744.522741745407
heldout:62:414,saturation_residual_fusion_new,62,B2,other,0,8.060393866323247,False,2646.5,3165.537081093467
heldout:62:415,saturation_residual_fusion_new,62,B6,other,0,7.909544168401005,False,2559.5,2722.148886075479
heldout:62:416,saturation_residual_fusion_new,62,B4,other,0,7.8977413461952315,False,2497.5,2690.1969762140598
heldout:62:417,saturation_residual_fusion_new,62,B2,other,0,8.6203056471651,True,5427.5,5542.0803615847035
heldout:62:418,saturation_residual_fusion_new,62,B6,other,0,8.059552558284876,False,2750.5,3162.8741683153744
heldout:62:419,saturation_residual_fusion_new,62,B6,other,0,7.913137913182667,False,2940.0,2731.9527939945083
heldout:62:420,saturation_residual_fusion_new,62,B8,other,0,8.133948388206178,False,3426.5,3160.963227534864
heldout:62:421,saturation_residual_fusion_new,62,B2,other,0,8.952476214522475,True,6853.5,7167.6756865763
heldout:62:422,saturation_residual_fusion_new,62,B8,other,0,8.090328243546518,False,2724.5,3026.00282880789
heldout:62:423,saturation_residual_fusion_new,62,B8,other,0,8.089398156383423,False,2696.0,3023.188761201104
heldout:62:424,saturation_residual_fusion_new,62,B8,other,0,8.117214360208566,False,2960.0,3350.671180258398
heldout:62:425,saturation_residual_fusion_new,62,B4,other,0,7.9101235110151205,False,2204.5,2526.8477071193165
heldout:62:426,saturation_residual_fusion_new,62,B6,other,0,7.888789875576284,False,2599.0,2666.2143057782882
heldout:62:427,saturation_residual_fusion_new,62,B6,other,0,7.8683304963348295,False,2635.0,2423.3785350821895
heldout:62:428,saturation_residual_fusion_new,62,B4,other,0,8.428673706903009,True,4386.5,4575.426383370862
heldout:62:429,saturation_residual_fusion_new,62,B8,other,0,8.3364571354009,True,3888.0,3870.731629382062
heldout:62:430,saturation_residual_fusion_new,62,B6,other,0,7.585119975292377,False,2180.0,1825.4326564642006
heldout:62:431,saturation_residual_fusion_new,62,B4,other,0,8.079647726011691,False,2627.0,2993.844909324798
heldout:62:432,saturation_residual_fusion_new,62,B2,other,0,8.576892297780226,True,4163.5,4923.077851398683
heldout:62:433,saturation_residual_fusion_new,62,B4,other,0,7.736563464561018,False,2122.5,2124.077315711802
heldout:62:434,saturation_residual_fusion_new,62,B4,other,0,8.084872025392032,False,2952.5,3244.0045308468807
heldout:62:435,saturation_residual_fusion_new,62,B8,other,0,8.33419539102442,True,3980.0,3861.98465757796
heldout:62:436,saturation_residual_fusion_new,62,B2,other,0,9.001525192555178,True,7696.0,8114.45212039593
heldout:62:437,saturation_residual_fusion_new,62,B4,other,0,8.533713552590099,True,4996.0,5082.287884584984
heldout:62:438,saturation_residual_fusion_new,62,B8,other,0,8.377345731287965,True,2596.0,4032.32239644551
heldout:62:439,saturation_residual_fusion_new,62,B4,other,0,8.818978859676912,True,6526.0,6760.356804870207
heldout:62:440,saturation_residual_fusion_new,62,B2,other,0,8.126998806890116,False,2855.0,3383.626389545211
heldout:62:441,saturation_residual_fusion_new,62,B8,other,0,8.25581289348158,False,3426.5,3570.756938975169
heldout:62:442,saturation_residual_fusion_new,62,B6,other,0,7.73595677457541,False,2054.5,2122.7884435981523
heldout:62:443,saturation_residual_fusion_new,62,B8,other,0,8.38599628952763,True,4100.5,4067.364233942264
heldout:62:444,saturation_residual_fusion_new,62,B8,other,0,8.37992574539554,True,4555.0,4042.7418605311577
heldout:62:445,saturation_residual_fusion_new,62,B4,other,0,7.995451111819968,False,2911.5,2966.428737340688
heldout:62:446,saturation_residual_fusion_new,62,B4,other,0,8.271860668128983,False,2608.0,3911.221570117837
heldout:62:447,saturation_residual_fusion_new,62,B4,other,0,8.40030531434271,True,4198.5,4125.997047504515
heldout:62:448,saturation_residual_fusion_new,62,B8,other,0,8.112688680408889,False,2558.0,3094.4503406835784
heldout:62:449,saturation_residual_fusion_new,62,B2,other,0,8.169581170663633,False,3282.0,3530.8644053781413
heldout:62:450,saturation_residual_fusion_new,62,B2,other,0,8.778422342977416,True,3247.5,6491.625952089228
heldout:62:451,saturation_residual_fusion_new,62,B2,other,0,9.081320584713628,True,6035.5,8788.565732290226
heldout:62:452,saturation_residual_fusion_new,62,B2,other,0,8.767189774202654,True,3720.0,6419.105144530711
heldout:62:453,saturation_residual_fusion_new,62,B8,other,0,8.00702518766303,False,2813.0,3000.973508876697
heldout:62:454,saturation_residual_fusion_new,62,B4,other,0,8.745842616937887,True,4996.0,5829.4100825911755
heldout:62:455,saturation_residual_fusion_new,62,B4,other,0,7.743974848676706,False,1611.0,2139.885588203423
heldout:62:456,saturation_residual_fusion_new,62,B8,other,0,8.332482918724518,True,3980.0,3855.375064344822
heldout:62:457,saturation_residual_fusion_new,62,B8,other,0,8.275585116695307,False,3290.0,3642.081311526231
heldout:62:458,saturation_residual_fusion_new,62,B2,other,0,7.6775191621286405,False,1576.0,2002.2360203094781
heldout:62:459,saturation_residual_fusion_new,62,B4,other,0,8.04225190109446,False,2319.5,2883.9184195627367
heldout:62:460,saturation_residual_fusion_new,62,B6,other,0,7.961044472377426,False,2384.0,2866.0659603772156
heldout:62:461,saturation_residual_fusion_new,62,B8,other,0,8.183285919161337,False,2994.0,3320.879177695689
heldout:62:462,saturation_residual_fusion_new,62,B8,other,0,8.254562612320804,False,2865.5,3566.294029090937
heldout:62:463,saturation_residual_fusion_new,62,B6,other,0,8.237576046227641,False,3537.5,3779.365761475765
heldout:62:464,saturation_residual_fusion_new,62,B8,other,0,8.344599674662858,True,3572.0,3902.3860549947417
heldout:62:465,saturation_residual_fusion_new,62,B4,other,0,8.208912652202732,False,3365.5,3672.5458718040118
heldout:62:466,saturation_residual_fusion_new,62,B6,other,0,8.150982672551303,False,3160.5,3465.784105767665
heldout:62:467,saturation_residual_fusion_new,62,B6,other,0,7.951978150816994,False,3121.5,2634.895234774906
heldout:64:468,saturation_residual_fusion_new,64,B8,other,0,8.814904471899625,True,7245.75,6732.864460614792
heldout:64:469,saturation_residual_fusion_new,64,B2,other,0,8.861291593043687,True,7392.0,7052.587227852563
heldout:64:470,saturation_residual_fusion_new,64,B8,other,0,8.521387213053357,True,4891.25,4657.213167110558
heldout:64:471,saturation_residual_fusion_new,64,B8,other,0,9.010554406778633,True,9017.0,8188.060087077097
heldout:64:472,saturation_residual_fusion_new,64,B6,other,0,8.410398694363472,True,4446.75,4167.863327756587
heldout:64:473,saturation_residual_fusion_new,64,B2,other,0,9.068641672674271,True,7881.125,8050.72531806957
heldout:64:474,saturation_residual_fusion_new,64,B4,other,0,8.69395020832762,True,5504.25,5534.572144797168
heldout:64:475,saturation_residual_fusion_new,64,B8,other,0,8.420056388824294,True,3336.375,4208.319980568442
heldout:64:476,saturation_residual_fusion_new,64,B4,other,0,8.459047247281207,True,4533.375,4375.686662181344
heldout:64:477,saturation_residual_fusion_new,64,B4,other,0,8.908849475529422,True,6872.5,7396.1456035486935
heldout:64:478,saturation_residual_fusion_new,64,B2,other,0,8.995159307714529,True,8735.125,8062.954175671044
heldout:64:479,saturation_residual_fusion_new,64,B8,other,0,8.62873162160522,True,5393.0,5588.983540023697
heldout:64:480,saturation_residual_fusion_new,64,B8,other,0,8.6555013857705,True,5123.125,5325.775625378086
heldout:64:481,saturation_residual_fusion_new,64,B2,inner_high_charge,1,9.135658596649991,True,9009.0,9279.387641767247
heldout:64:482,saturation_residual_fusion_new,64,B2,inner_high_charge,1,9.387589147615747,True,11826.5,11075.589960298035
heldout:64:483,saturation_residual_fusion_new,64,B4,other,0,8.79127767074139,True,6352.0,6100.425252015547
heldout:64:484,saturation_residual_fusion_new,64,B2,inner_high_charge,1,9.565528507817382,True,14830.375,13759.101773877837
heldout:64:485,saturation_residual_fusion_new,64,B6,other,0,8.588811084180286,True,4928.875,4982.118028231923
heldout:64:486,saturation_residual_fusion_new,64,B4,other,0,8.45781831850778,True,4402.0,4710.767200797975
heldout:64:487,saturation_residual_fusion_new,64,B6,other,0,8.03528341713039,False,2825.375,3087.0139145152616
heldout:64:488,saturation_residual_fusion_new,64,B6,other,0,8.81291880827602,True,7062.0,6719.506537469136
heldout:64:489,saturation_residual_fusion_new,64,B4,other,0,8.474720931874542,True,4634.0,4791.085260402271
heldout:64:490,saturation_residual_fusion_new,64,B8,other,0,8.47532689093482,True,4728.0,4447.520691133739
heldout:64:491,saturation_residual_fusion_new,64,B4,other,0,8.529233636922223,True,4744.375,5059.566117348501
heldout:64:492,saturation_residual_fusion_new,64,B6,other,0,7.946956064579002,False,3441.0,2825.956766695646
heldout:64:493,saturation_residual_fusion_new,64,B6,other,0,8.308009869463698,False,4283.0,4055.232513589769
heldout:64:494,saturation_residual_fusion_new,64,B2,other,0,8.105961177218282,False,2249.375,3073.6955807757768
heldout:64:495,saturation_residual_fusion_new,64,B8,other,0,8.407281327347125,True,3901.875,4154.887686149639
heldout:64:496,saturation_residual_fusion_new,64,B8,other,0,8.244522089825958,False,3393.125,3530.6557460344643
heldout:64:497,saturation_residual_fusion_new,64,B4,other,0,8.942762796502063,True,7125.0,7098.380434689909
heldout:64:498,saturation_residual_fusion_new,64,B8,other,0,8.140137236107096,False,3560.0,3428.3884716192015
heldout:64:499,saturation_residual_fusion_new,64,B2,other,0,8.200896107866617,False,3558.0,3643.2144538399734
heldout:64:500,saturation_residual_fusion_new,64,B4,other,0,8.690308862469715,True,5188.0,5514.451866774003
heldout:64:501,saturation_residual_fusion_new,64,B6,other,0,8.706757316978225,True,5634.0,5605.922740863761
heldout:64:502,saturation_residual_fusion_new,64,B8,other,0,8.42593790994368,True,4682.25,4562.923320705413
heldout:64:503,saturation_residual_fusion_new,64,B8,other,0,8.773977720916706,True,6440.0,5995.7787012791705
heldout:64:504,saturation_residual_fusion_new,64,B4,other,0,8.22654544472237,False,3471.0,3737.895196346358
heldout:64:505,saturation_residual_fusion_new,64,B2,other,0,8.354151361310644,True,3470.25,3939.848605907725
heldout:64:506,saturation_residual_fusion_new,64,B2,other,0,7.796167496523664,False,2397.75,2430.266263067123
heldout:64:507,saturation_residual_fusion_new,64,B8,other,0,8.574725930967636,True,5020.5,5295.099742365033
heldout:64:508,saturation_residual_fusion_new,64,B4,other,0,8.472543382720412,True,4986.0,4780.661612318832
heldout:64:509,saturation_residual_fusion_new,64,B4,other,0,7.973709109015983,False,2617.5,2692.8026772378767
heldout:64:510,saturation_residual_fusion_new,64,B8,other,0,8.85521532778597,True,6930.875,7009.857710247306
heldout:64:511,saturation_residual_fusion_new,64,B4,other,0,8.175157578203242,False,3750.0,3550.614536888621
heldout:64:512,saturation_residual_fusion_new,64,B2,other,0,8.816833843070638,True,8730.0,6745.86912595368
heldout:64:513,saturation_residual_fusion_new,64,B4,other,0,9.065909952546226,True,8321.0,8028.760272789997
heldout:64:514,saturation_residual_fusion_new,64,B8,other,0,9.035365815708442,True,8202.0,7787.205989221061
heldout:64:515,saturation_residual_fusion_new,64,B8,other,0,8.915248303506509,True,7385.875,7443.630427374801
heldout:64:516,saturation_residual_fusion_new,64,B4,other,0,8.612165615305127,True,5389.375,5497.142656147201
heldout:64:517,saturation_residual_fusion_new,64,B6,other,0,7.896591282470231,False,2293.5,2492.8707049898403
heldout:64:518,saturation_residual_fusion_new,64,B8,other,0,8.4842161218556,True,5043.75,4836.803729638364
heldout:64:519,saturation_residual_fusion_new,64,B2,other,0,8.87229006139268,True,7487.25,7130.594075297853
heldout:64:520,saturation_residual_fusion_new,64,B4,other,0,8.4813599517993,True,4701.375,4823.0058534079
heldout:64:521,saturation_residual_fusion_new,64,B2,other,0,8.705583830481052,True,6662.0,6035.525218790703
heldout:64:522,saturation_residual_fusion_new,64,B8,other,0,8.698613476325535,True,5642.0,5560.4462833629495
heldout:64:523,saturation_residual_fusion_new,64,B8,other,0,8.550771760305087,True,5627.0,5169.743462240486
heldout:64:524,saturation_residual_fusion_new,64,B2,other,0,8.558519463154061,True,5484.5,5209.960439514064
heldout:64:525,saturation_residual_fusion_new,64,B6,other,0,8.811261396521234,True,6143.375,6223.580917154823
heldout:64:526,saturation_residual_fusion_new,64,B8,other,0,8.642472896190457,True,5275.625,5256.825915237428
heldout:64:527,saturation_residual_fusion_new,64,B8,other,0,8.506101353231278,True,4860.625,4586.5498245046
heldout:64:528,saturation_residual_fusion_new,64,B8,other,0,8.799824600893722,True,6440.0,6632.080467853135
heldout:64:529,saturation_residual_fusion_new,64,B2,inner_high_charge,1,9.215007795429768,True,9703.0,10045.7833284074
heldout:64:530,saturation_residual_fusion_new,64,B8,other,0,8.331650190644371,True,4227.75,4152.265580439005
heldout:64:531,saturation_residual_fusion_new,64,B4,other,0,9.187177007512535,True,8247.0,9064.008016396838
heldout:64:532,saturation_residual_fusion_new,64,B2,inner_high_charge,1,9.193669996675554,True,11709.0,9833.67806492747
heldout:64:533,saturation_residual_fusion_new,64,B2,other,0,8.340588483015189,True,4200.0,4189.555086480199
heldout:64:534,saturation_residual_fusion_new,64,B2,other,0,8.77023522990289,True,6671.25,6438.687093182918
heldout:64:535,saturation_residual_fusion_new,64,B6,other,0,8.022716021157127,False,3029.25,2828.105947625229
heldout:64:536,saturation_residual_fusion_new,64,B6,other,0,8.558226578563714,True,4788.875,5208.434452980293
heldout:64:537,saturation_residual_fusion_new,64,B8,other,0,8.51117236268756,True,4780.625,4609.872417612303
heldout:64:538,saturation_residual_fusion_new,64,B2,inner_high_charge,1,9.01819944389324,True,9007.0,8250.905677720772
heldout:64:539,saturation_residual_fusion_new,64,B8,other,0,8.634884238059206,True,5884.375,5623.482585598128
heldout:64:540,saturation_residual_fusion_new,64,B6,other,0,7.929382177326126,False,3006.0,2776.7101419679066
heldout:64:541,saturation_residual_fusion_new,64,B6,other,0,7.7872433946629736,False,2280.0,2234.551861941341
heldout:64:542,saturation_residual_fusion_new,64,B8,other,0,8.8353190176528,True,7061.0,6871.74602350159
heldout:64:543,saturation_residual_fusion_new,64,B8,other,0,8.1161290507002,False,3252.0,3105.118176203923
heldout:64:544,saturation_residual_fusion_new,64,B6,other,0,8.440693141570668,True,5106.5,4630.764340571173
heldout:64:545,saturation_residual_fusion_new,64,B2,other,0,7.889818163216699,False,2119.375,2668.958379890209
heldout:64:546,saturation_residual_fusion_new,64,B4,other,0,7.9152732323806285,False,1890.0,2539.8989948701765
heldout:64:547,saturation_residual_fusion_new,64,B8,other,0,7.735123361923766,False,1689.5,2121.019188801916
heldout:64:548,saturation_residual_fusion_new,64,B8,other,0,8.1471512673111,False,3152.0,3202.987053055774
heldout:64:549,saturation_residual_fusion_new,64,B8,other,0,7.962814514562176,False,2622.0,2871.1452820542154
heldout:64:550,saturation_residual_fusion_new,64,B4,other,0,7.693130366150115,False,1875.0,2033.7543257670432
heldout:64:551,saturation_residual_fusion_new,64,B6,other,0,8.165274155190005,False,3301.5,3515.6853224707056
heldout:64:552,saturation_residual_fusion_new,64,B6,other,0,7.252546081118251,False,1555.0,1308.6904376308648
heldout:64:553,saturation_residual_fusion_new,64,B2,other,0,8.066323026528977,False,1695.5,2954.20418776961
heldout:64:554,saturation_residual_fusion_new,64,B4,other,0,8.124619300253663,False,3562.5,3375.5822229588057
heldout:64:555,saturation_residual_fusion_new,64,B6,other,0,7.772544051291361,False,2198.5,2373.5044719052485
heldout:64:556,saturation_residual_fusion_new,64,B4,other,0,8.65241744548459,True,4924.0,5309.373472063318
heldout:64:557,saturation_residual_fusion_new,64,B2,other,0,8.163473231412501,False,2862.5,3509.3577397127965
heldout:64:558,saturation_residual_fusion_new,64,B2,other,0,8.144134788185477,False,3331.0,3442.125068719596
heldout:64:559,saturation_residual_fusion_new,64,B2,other,0,8.925546588586368,True,6983.5,6977.2021335346435
heldout:64:560,saturation_residual_fusion_new,64,B8,other,0,7.862698477663039,False,1906.5,2409.7627680228497
heldout:64:561,saturation_residual_fusion_new,64,B6,other,0,7.96269760838415,False,2918.0,2663.302585575402
heldout:64:562,saturation_residual_fusion_new,64,B6,other,0,8.467192447889207,True,3920.5,4411.481232122696
heldout:64:563,saturation_residual_fusion_new,64,B6,other,0,8.190411189970959,False,3593.5,3605.20477687915
heldout:64:564,saturation_residual_fusion_new,64,B8,other,0,8.163279579258113,False,2927.5,3255.0809195592888
heldout:64:565,saturation_residual_fusion_new,64,B8,other,0,8.629485411632588,True,4944.5,5188.981500136051
heldout:64:566,saturation_residual_fusion_new,64,B4,other,0,7.780102264229427,False,1888.0,2391.519477188075
heldout:64:567,saturation_residual_fusion_new,64,B4,other,0,7.888189347439379,False,2485.5,2664.613049388391
heldout:64:568,saturation_residual_fusion_new,64,B2,other,0,8.292808385528923,False,3833.5,3994.038061858866
heldout:64:569,saturation_residual_fusion_new,64,B2,other,0,8.008237634884804,False,2313.5,2787.4401567975588
heldout:64:570,saturation_residual_fusion_new,64,B8,other,0,8.809210654401745,True,6705.5,6694.632012900345
heldout:64:571,saturation_residual_fusion_new,64,B8,other,0,7.967706707573726,False,2418.5,2676.681822485032
heldout:64:572,saturation_residual_fusion_new,64,B4,other,0,7.935026841917345,False,2344.5,2590.589937721877
heldout:64:573,saturation_residual_fusion_new,64,B2,other,0,8.253836740744683,False,1636.5,3563.705571309174
heldout:64:574,saturation_residual_fusion_new,64,B6,other,0,7.395202502566101,False,1723.5,1509.5098209092507
heldout:64:575,saturation_residual_fusion_new,64,B8,other,0,8.12828677529229,False,2777.5,3143.1119967553514
heldout:64:576,saturation_residual_fusion_new,64,B6,other,0,8.135579885056705,False,3057.0,3412.7951036805425
heldout:64:577,saturation_residual_fusion_new,64,B8,other,0,8.376474290451725,True,3732.0,4028.809125629688
heldout:64:578,saturation_residual_fusion_new,64,B4,other,0,8.122166239283393,False,2442.0,3367.309411898195
heldout:64:579,saturation_residual_fusion_new,64,B2,other,0,8.759909165487382,True,5876.0,5912.003368439291
heldout:64:580,saturation_residual_fusion_new,64,B2,other,0,8.120077967208465,False,2509.5,3360.2828047009234
heldout:64:581,saturation_residual_fusion_new,64,B4,other,0,8.074922023946536,False,2591.5,2979.725552764628
heldout:64:582,saturation_residual_fusion_new,64,B2,other,0,7.553382849738564,False,1695.5,1906.183546403933
heldout:64:583,saturation_residual_fusion_new,64,B6,other,0,8.111728403539242,False,2959.0,3332.3344007707356
heldout:64:584,saturation_residual_fusion_new,64,B8,other,0,7.837041172249597,False,2336.5,2348.6958476961554
heldout:64:585,saturation_residual_fusion_new,64,B8,other,0,8.172281377288785,False,3550.5,3284.523823085431
heldout:64:586,saturation_residual_fusion_new,64,B2,other,0,8.786118527522012,True,6097.0,6541.787177025122
heldout:64:587,saturation_residual_fusion_new,64,B8,other,0,7.107655115501761,False,1689.5,1132.0349586580767
heldout:64:588,saturation_residual_fusion_new,64,B6,other,0,8.40074597343074,True,4872.0,4449.385378989855
heldout:64:589,saturation_residual_fusion_new,64,B8,other,0,7.948588617623946,False,2189.0,2625.9759051046913
heldout:64:590,saturation_residual_fusion_new,64,B6,other,0,8.033040696924857,False,2912.0,2857.4668593743577
heldout:64:591,saturation_residual_fusion_new,64,B6,other,0,7.653338671499257,False,2036.0,1954.3777406893919
heldout:64:592,saturation_residual_fusion_new,64,B2,other,0,8.277016124825424,False,3035.0,3647.298322403918
heldout:64:593,saturation_residual_fusion_new,64,B4,other,0,8.291916999024854,False,3457.5,3702.0682028940128
heldout:64:594,saturation_residual_fusion_new,64,B4,other,0,8.065514759315349,False,2310.5,3181.794168517279
heldout:64:595,saturation_residual_fusion_new,64,B4,other,0,7.562136354508667,False,1622.5,1783.9333498708
heldout:64:596,saturation_residual_fusion_new,64,B2,other,0,8.848424956598418,True,6575.5,6962.4126511368995
heldout:64:597,saturation_residual_fusion_new,64,B8,other,0,7.858390303728622,False,1940.5,2399.3991229258395
heldout:64:598,saturation_residual_fusion_new,64,B4,other,0,7.523803038911427,False,1622.5,1716.8057676594078
heldout:64:599,saturation_residual_fusion_new,64,B4,other,0,8.087622102010615,False,2616.0,3252.9408240478133
heldout:64:600,saturation_residual_fusion_new,64,B6,other,0,8.456493694499843,True,3966.5,4364.524819024975
heldout:64:601,saturation_residual_fusion_new,64,B4,other,0,7.924817184007045,False,2564.5,2564.265302440982
heldout:64:602,saturation_residual_fusion_new,64,B6,other,0,7.818434026726279,False,2596.5,2305.3789666552802
heldout:64:603,saturation_residual_fusion_new,64,B8,other,0,8.120469010860722,False,3615.5,3361.597470034156
heldout:64:604,saturation_residual_fusion_new,64,B4,other,0,8.177864058229504,False,3070.0,3302.917148575667
heldout:64:605,saturation_residual_fusion_new,64,B6,other,0,8.168118588097034,False,2816.5,3270.8753076810335
heldout:64:606,saturation_residual_fusion_new,64,B2,other,0,8.070975161764428,False,1869.0,2967.984225746888
heldout:64:607,saturation_residual_fusion_new,64,B2,other,0,8.589977176205684,True,4040.0,4987.932191692259
heldout:64:608,saturation_residual_fusion_new,64,B8,other,0,8.64142152654426,True,3843.5,5251.300901589922
heldout:64:609,saturation_residual_fusion_new,64,B4,other,0,7.819362823426719,False,1889.0,2487.319403984748
heldout:64:610,saturation_residual_fusion_new,64,B4,other,0,7.971530437418223,False,2118.5,2686.940154429902
heldout:64:611,saturation_residual_fusion_new,64,B4,other,0,7.915314775393695,False,2314.0,2737.9085357189415
heldout:64:612,saturation_residual_fusion_new,64,B4,other,0,7.900937427509931,False,1890.0,2698.8120204413453
heldout:64:613,saturation_residual_fusion_new,64,B2,other,0,8.23830105398342,False,2509.5,3508.7533873714297
heldout:64:614,saturation_residual_fusion_new,64,B6,other,0,8.37073380305338,True,3966.5,4005.7423278010897
heldout:64:615,saturation_residual_fusion_new,64,B8,other,0,8.239336324439558,False,3615.5,3786.0261172785645
heldout:64:616,saturation_residual_fusion_new,64,B8,other,0,8.441212095445227,True,3218.5,4633.168636427125
heldout:64:617,saturation_residual_fusion_new,64,B6,other,0,8.09353098284887,False,2961.0,3035.713071123131
heldout:64:618,saturation_residual_fusion_new,64,B8,other,0,7.912619425424684,False,2664.5,2533.164878917308
heldout:64:619,saturation_residual_fusion_new,64,B2,other,0,8.2076686818819,False,1850.0,3402.8713046429802
heldout:64:620,saturation_residual_fusion_new,64,B2,other,0,8.745107540481316,True,4991.5,6278.8887257855995
heldout:64:621,saturation_residual_fusion_new,64,B8,other,0,8.543138293014826,True,3218.5,4759.644289557312
heldout:64:622,saturation_residual_fusion_new,64,B4,other,0,7.669871628442446,False,2029.0,2141.806352202106
heldout:64:623,saturation_residual_fusion_new,64,B4,other,0,8.09215257576313,False,2929.5,3267.7161619113745
heldout:65:624,saturation_residual_fusion_new,65,B6,other,0,8.221980463975468,False,3958.75,3720.8661100583604
heldout:65:625,saturation_residual_fusion_new,65,B8,other,0,8.333257742147357,True,3668.25,3858.3642319609253
heldout:65:626,saturation_residual_fusion_new,65,B4,other,0,8.799644632252239,True,5883.0,6151.689807472953
heldout:65:627,saturation_residual_fusion_new,65,B2,other,0,8.944741601396048,True,7246.5,7112.442632022213
heldout:65:628,saturation_residual_fusion_new,65,B8,other,0,8.604131755528927,True,5266.0,5059.050566084585
heldout:65:629,saturation_residual_fusion_new,65,B8,other,0,8.11562674083599,False,2797.5,3103.5583341994266
heldout:65:630,saturation_residual_fusion_new,65,B2,other,0,8.14869783407893,False,3877.5,3457.872106329797
heldout:65:631,saturation_residual_fusion_new,65,B2,other,0,8.982333927947858,True,7756.5,7960.191296047022
heldout:65:632,saturation_residual_fusion_new,65,B2,other,0,8.612660206383145,True,5211.0,5499.862661040228
heldout:65:633,saturation_residual_fusion_new,65,B8,other,0,8.608294537065975,True,4822.0,5475.900058161764
heldout:65:634,saturation_residual_fusion_new,65,B8,other,0,9.27957998662645,True,9867.375,9941.56173858891
heldout:65:635,saturation_residual_fusion_new,65,B6,other,0,8.339667908312608,True,3812.375,4185.699142592326
heldout:65:636,saturation_residual_fusion_new,65,B8,other,0,8.016211093264808,False,2785.125,2809.7625433791436
heldout:65:637,saturation_residual_fusion_new,65,B6,other,0,8.48506256571137,True,4584.0,4491.041550532009
heldout:65:638,saturation_residual_fusion_new,65,B2,other,0,8.887172258199474,True,6504.0,7237.521546190074
heldout:65:639,saturation_residual_fusion_new,65,B8,other,0,8.336370726771715,True,3555.0,3870.397092813021
heldout:65:640,saturation_residual_fusion_new,65,B6,other,0,8.810173418634369,True,5650.75,6216.812393431688
heldout:65:641,saturation_residual_fusion_new,65,B8,other,0,7.987086603701496,False,2627.25,2729.081124581721
heldout:65:642,saturation_residual_fusion_new,65,B6,other,0,8.777960118270002,True,6941.875,6488.625593431547
heldout:65:643,saturation_residual_fusion_new,65,B2,other,0,8.826418637121575,True,5473.0,6810.847381158935
heldout:65:644,saturation_residual_fusion_new,65,B4,other,0,8.052422710140613,False,3003.75,2913.410096799667
heldout:65:645,saturation_residual_fusion_new,65,B2,other,0,8.861864032214527,True,8190.0,7056.626133380306
heldout:65:646,saturation_residual_fusion_new,65,B6,other,0,7.989897363031969,False,2537.25,2736.765520009534
heldout:65:647,saturation_residual_fusion_new,65,B4,other,0,8.776734903054821,True,6814.5,6480.679274383192
heldout:65:648,saturation_residual_fusion_new,65,B4,other,0,8.380439487650278,True,3405.625,4044.8198353181942
heldout:65:649,saturation_residual_fusion_new,65,B6,other,0,8.283939683328931,False,3991.5,3958.7639081964808
heldout:65:650,saturation_residual_fusion_new,65,B6,other,0,8.558508312068973,True,4733.25,4833.380696383882
heldout:65:651,saturation_residual_fusion_new,65,B8,other,0,8.317537058583056,False,3616.5,3798.166800258935
heldout:65:652,saturation_residual_fusion_new,65,B2,other,0,8.594447133707911,True,5710.0,5400.5818978985
heldout:65:653,saturation_residual_fusion_new,65,B6,other,0,8.439463321124233,True,4557.0,4625.071603321909
heldout:65:654,saturation_residual_fusion_new,65,B2,inner_high_charge,1,9.522264280196737,True,13929.125,13176.475904533356
heldout:65:655,saturation_residual_fusion_new,65,B4,other,0,8.077734343648864,False,2466.0,3220.9251857448844
heldout:65:656,saturation_residual_fusion_new,65,B6,other,0,8.489992709314896,True,5055.0,4864.830597885771
heldout:65:657,saturation_residual_fusion_new,65,B4,other,0,8.279971779967754,False,4227.75,3943.08307825817
heldout:65:658,saturation_residual_fusion_new,65,B8,other,0,8.577453515265164,True,4804.625,5309.565019523743
heldout:65:659,saturation_residual_fusion_new,65,B2,other,0,8.168268705818098,False,4065.0,3526.231998107698
heldout:65:660,saturation_residual_fusion_new,65,B2,inner_high_charge,1,9.302102749371864,True,12127.0,10960.043319669054
heldout:65:661,saturation_residual_fusion_new,65,B8,other,0,8.836892725131085,True,6697.5,6385.187443705599
heldout:65:662,saturation_residual_fusion_new,65,B8,other,0,9.250906704989537,True,9431.0,10413.003866372059
heldout:65:663,saturation_residual_fusion_new,65,B8,other,0,8.263227679422378,False,3813.125,3877.59277285713
heldout:65:664,saturation_residual_fusion_new,65,B2,other,0,9.094575833170833,True,8644.125,8905.849203441461
heldout:65:665,saturation_residual_fusion_new,65,B2,other,0,8.534406583901236,True,5572.875,5085.811983266839
heldout:65:666,saturation_residual_fusion_new,65,B2,other,0,8.227215138476224,False,3771.25,3740.399949720898
heldout:65:667,saturation_residual_fusion_new,65,B8,other,0,8.847891939486606,True,6256.25,6455.818217734811
heldout:65:668,saturation_residual_fusion_new,65,B6,other,0,7.827382173484506,False,2374.5,2507.354334531228
heldout:65:669,saturation_residual_fusion_new,65,B4,other,0,8.700206358689627,True,5330.0,5569.3120722713875
heldout:65:670,saturation_residual_fusion_new,65,B8,other,0,8.565534094783377,True,4602.5,4867.465601075422
heldout:65:671,saturation_residual_fusion_new,65,B4,other,0,8.333983980354258,True,4328.25,4161.969748252013
heldout:65:672,saturation_residual_fusion_new,65,B2,other,0,8.579463085465235,True,5473.0,4935.752895542051
heldout:65:673,saturation_residual_fusion_new,65,B6,other,0,8.110864710400937,False,2737.875,3329.4566656400466
heldout:65:674,saturation_residual_fusion_new,65,B4,other,0,8.680987482558672,True,5147.625,5888.859854495129
heldout:65:675,saturation_residual_fusion_new,65,B4,other,0,8.704473645278407,True,6075.0,6028.827276483562
heldout:65:676,saturation_residual_fusion_new,65,B2,other,0,8.662105713580386,True,6012.75,5778.692234256752
heldout:65:677,saturation_residual_fusion_new,65,B6,other,0,7.517159682762075,False,2378.25,1838.3355711650265
heldout:65:678,saturation_residual_fusion_new,65,B6,other,0,8.10323961528228,False,3428.25,3304.158190989129
heldout:65:679,saturation_residual_fusion_new,65,B2,other,0,9.102223957361053,True,8406.0,8325.712149955183
heldout:65:680,saturation_residual_fusion_new,65,B8,other,0,9.564177650589377,True,12657.0,12520.189530815154
heldout:65:681,saturation_residual_fusion_new,65,B2,other,0,7.983105510080659,False,2436.0,2930.0192548860305
heldout:65:682,saturation_residual_fusion_new,65,B6,other,0,7.684443766644788,False,2209.375,2016.155776284012
heldout:65:683,saturation_residual_fusion_new,65,B4,other,0,8.531416547843849,True,4384.625,4704.167010817731
heldout:65:684,saturation_residual_fusion_new,65,B4,other,0,8.694338104858701,True,5549.25,5536.719790534931
heldout:65:685,saturation_residual_fusion_new,65,B6,other,0,8.345625399528835,True,4058.125,4210.715810257951
heldout:65:686,saturation_residual_fusion_new,65,B6,other,0,8.109063365906975,False,2908.125,3083.2486767194814
heldout:65:687,saturation_residual_fusion_new,65,B8,other,0,8.475676642408427,True,5068.0,4795.667295965985
heldout:65:688,saturation_residual_fusion_new,65,B4,other,0,8.148916681951993,False,3576.125,3458.629155969789
heldout:65:689,saturation_residual_fusion_new,65,B6,other,0,8.44130509340347,True,4554.375,4633.599624688664
heldout:65:690,saturation_residual_fusion_new,65,B2,other,0,8.584240298144858,True,4821.0,5345.729251864652
heldout:65:691,saturation_residual_fusion_new,65,B6,other,0,8.269895077368453,False,3667.5,3621.4108990922305
heldout:65:692,saturation_residual_fusion_new,65,B4,other,0,8.086917517731026,False,2495.625,3015.696138754548
heldout:65:693,saturation_residual_fusion_new,65,B2,other,0,8.374185733808288,True,4681.875,4332.738025037783
heldout:65:694,saturation_residual_fusion_new,65,B4,other,0,9.041063911858693,True,7203.875,7831.710611177414
heldout:65:695,saturation_residual_fusion_new,65,B8,other,0,8.436337518579109,True,4266.0,4277.413398564262
heldout:65:696,saturation_residual_fusion_new,65,B6,other,0,8.49439907384403,True,5050.5,4886.318528296702
heldout:65:697,saturation_residual_fusion_new,65,B4,other,0,8.036456830662372,False,2095.0,3090.6395586034096
heldout:65:698,saturation_residual_fusion_new,65,B8,other,0,8.28239941894957,False,3969.0,3952.6695195877173
heldout:65:699,saturation_residual_fusion_new,65,B6,other,0,9.652043118033975,True,14409.0,14213.859186180707
heldout:65:700,saturation_residual_fusion_new,65,B8,other,0,9.11504618975379,True,8457.75,8433.166619088222
heldout:65:701,saturation_residual_fusion_new,65,B8,other,0,8.765046673998466,True,6075.0,5942.459641262609
heldout:65:702,saturation_residual_fusion_new,65,B8,other,0,8.070974867915972,False,3139.0,3199.220100779173
heldout:65:703,saturation_residual_fusion_new,65,B6,other,0,7.885215263004107,False,2425.0,2656.697068340615
heldout:65:704,saturation_residual_fusion_new,65,B4,other,0,7.812105142862909,False,2243.5,2290.82825547973
heldout:65:705,saturation_residual_fusion_new,65,B4,other,0,8.039553295840307,False,2815.5,2876.143658781336
heldout:65:706,saturation_residual_fusion_new,65,B4,other,0,8.306462655339606,False,3472.0,4048.9615059009748
heldout:65:707,saturation_residual_fusion_new,65,B2,other,0,9.15781057486995,True,8211.0,8801.67186028583
heldout:65:708,saturation_residual_fusion_new,65,B6,other,0,7.72192361111954,False,2049.0,2256.2975696341355
heldout:65:709,saturation_residual_fusion_new,65,B2,other,0,8.248935129179815,False,2802.5,3546.2755218191287
heldout:65:710,saturation_residual_fusion_new,65,B6,other,0,7.790681968304971,False,2107.0,2416.9659962199994
heldout:65:711,saturation_residual_fusion_new,65,B2,other,0,7.86945421136183,False,1624.0,2426.104376921082
heldout:65:712,saturation_residual_fusion_new,65,B8,other,0,7.99906040206083,False,3070.0,2761.9670573270596
heldout:65:713,saturation_residual_fusion_new,65,B2,other,0,8.01112065269322,False,2796.5,2795.4908790387826
heldout:65:714,saturation_residual_fusion_new,65,B8,other,0,8.335206020662838,True,3712.0,3865.890677803105
heldout:65:715,saturation_residual_fusion_new,65,B4,other,0,8.177415693495403,False,3171.0,3301.4361206870017
heldout:65:716,saturation_residual_fusion_new,65,B2,other,0,8.190556638542974,False,2796.5,3345.119645048364
heldout:65:717,saturation_residual_fusion_new,65,B2,other,0,8.699868266523028,True,5637.0,6001.121484846792
heldout:65:718,saturation_residual_fusion_new,65,B6,other,0,7.933826586380595,False,2851.0,2587.4812335430433
heldout:65:719,saturation_residual_fusion_new,65,B2,other,0,8.36219379074164,True,3296.5,3971.670393438242
heldout:65:720,saturation_residual_fusion_new,65,B8,other,0,8.0021298510325,False,2438.0,2770.460872717672
heldout:65:721,saturation_residual_fusion_new,65,B8,other,0,8.431527607574601,True,4201.0,4588.505704364033
heldout:65:722,saturation_residual_fusion_new,65,B8,other,0,8.208013799311189,False,3037.5,3404.0462426914028
heldout:65:723,saturation_residual_fusion_new,65,B8,other,0,8.2954790823231,False,3575.0,3715.282361286013
heldout:65:724,saturation_residual_fusion_new,65,B8,other,0,8.232348500468886,False,3419.0,3487.923449675079
heldout:65:725,saturation_residual_fusion_new,65,B2,other,0,8.056818878856426,False,2802.5,3154.2369616431674
heldout:65:726,saturation_residual_fusion_new,65,B6,other,0,8.210257880494767,False,4175.5,3677.4909550300463
heldout:65:727,saturation_residual_fusion_new,65,B4,other,0,8.335201523348752,True,3795.5,3865.8732872203036
heldout:65:728,saturation_residual_fusion_new,65,B6,other,0,8.084947877179683,False,2957.0,3244.2506795767745
heldout:65:729,saturation_residual_fusion_new,65,B8,other,0,8.141983653513853,False,3477.0,3186.472791766487
heldout:65:730,saturation_residual_fusion_new,65,B4,other,0,8.253677198793044,False,3401.5,3840.7266724177653
heldout:65:731,saturation_residual_fusion_new,65,B4,other,0,8.061399873708414,False,2998.0,2939.6910205208715
heldout:65:732,saturation_residual_fusion_new,65,B8,other,0,7.855639657758411,False,2340.5,2579.245059631969
heldout:65:733,saturation_residual_fusion_new,65,B4,other,0,7.812505045599347,False,1676.0,2291.7449471520804
heldout:65:734,saturation_residual_fusion_new,65,B4,other,0,8.139510592803296,False,3171.5,3178.599717347371
heldout:65:735,saturation_residual_fusion_new,65,B4,other,0,8.03857897161963,False,2922.0,2873.341753232098
heldout:65:736,saturation_residual_fusion_new,65,B8,other,0,8.232381643674481,False,3575.0,3488.0390856985414
heldout:65:737,saturation_residual_fusion_new,65,B8,other,0,8.227627283111001,False,3306.0,3471.4903064690197
heldout:65:738,saturation_residual_fusion_new,65,B6,other,0,8.243809387651456,False,3367.0,3528.1396240339855
heldout:65:739,saturation_residual_fusion_new,65,B8,other,0,7.918734465839817,False,2238.0,2548.7088772221277
heldout:65:740,saturation_residual_fusion_new,65,B2,other,0,8.39671657325679,True,4008.5,4111.212867802421
heldout:65:741,saturation_residual_fusion_new,65,B4,other,0,7.873069444462411,False,2505.5,2624.612403696058
heldout:65:742,saturation_residual_fusion_new,65,B6,other,0,8.052760278374848,False,3139.5,3141.457067176853
heldout:65:743,saturation_residual_fusion_new,65,B8,other,0,8.511178274353643,True,4349.5,4609.899675630954
heldout:65:744,saturation_residual_fusion_new,65,B4,other,0,8.321449080019072,True,3464.5,4110.113025774934
heldout:65:745,saturation_residual_fusion_new,65,B8,other,0,8.250028947040342,False,3477.0,3550.1577179617752
heldout:65:746,saturation_residual_fusion_new,65,B6,other,0,8.155313012001205,False,3006.5,3480.82900900421
heldout:65:747,saturation_residual_fusion_new,65,B8,other,0,8.39353613655858,True,4349.5,4098.1550109372765
heldout:65:748,saturation_residual_fusion_new,65,B6,other,0,7.562217310581339,False,1885.0,1784.0778569140705
heldout:65:749,saturation_residual_fusion_new,65,B6,other,0,8.120464741331032,False,3056.0,3118.614580653556
heldout:65:750,saturation_residual_fusion_new,65,B2,other,0,8.193636925053948,False,4095.0,3616.8562202761086
heldout:65:751,saturation_residual_fusion_new,65,B8,other,0,8.115433760551984,False,2745.5,3102.959273455688
heldout:65:752,saturation_residual_fusion_new,65,B4,other,0,8.208970468134712,False,3442.5,3672.758267422128
heldout:65:753,saturation_residual_fusion_new,65,B4,other,0,8.222362453138983,False,3464.5,3722.288094154422
heldout:65:754,saturation_residual_fusion_new,65,B4,other,0,7.663408552194291,False,1734.0,1974.1676349605555
heldout:65:755,saturation_residual_fusion_new,65,B4,other,0,8.086051323151537,False,3125.0,3013.084224287575
heldout:65:756,saturation_residual_fusion_new,65,B2,other,0,8.53260303024691,True,4823.5,5076.645913159793
heldout:65:757,saturation_residual_fusion_new,65,B4,other,0,8.268084182326195,False,2821.0,3896.474983564427
heldout:65:758,saturation_residual_fusion_new,65,B2,other,0,8.694895010618513,True,4768.5,5971.345501895607
heldout:65:759,saturation_residual_fusion_new,65,B4,other,0,8.262214181172842,False,3334.5,3593.694118122392
heldout:65:760,saturation_residual_fusion_new,65,B2,other,0,8.447628255895415,True,6768.5,4662.997797963286
heldout:65:761,saturation_residual_fusion_new,65,B2,other,0,8.759510107771039,True,5720.5,5909.6442095699285
heldout:65:762,saturation_residual_fusion_new,65,B6,other,0,7.7922424954122675,False,2075.5,2245.755591884134
heldout:65:763,saturation_residual_fusion_new,65,B6,other,0,7.796842307359282,False,1944.0,2256.1140503142083
heldout:65:764,saturation_residual_fusion_new,65,B4,other,0,8.00579714904464,False,2941.5,2780.6433052622037
heldout:65:765,saturation_residual_fusion_new,65,B2,other,0,8.157494427297754,False,2119.0,3236.2983789546633
heldout:65:766,saturation_residual_fusion_new,65,B8,other,0,8.138475815473539,False,2411.0,3175.31124135579
heldout:65:767,saturation_residual_fusion_new,65,B8,other,0,7.739527707727237,False,1591.5,2130.3859071027186
heldout:65:768,saturation_residual_fusion_new,65,B4,other,0,7.969526561971806,False,2724.5,2890.4880996905586
heldout:65:769,saturation_residual_fusion_new,65,B8,other,0,8.293747329138865,False,3823.5,3708.8522467659595
heldout:65:770,saturation_residual_fusion_new,65,B6,other,0,7.584421777048982,False,1767.5,1966.3087619148628
heldout:65:771,saturation_residual_fusion_new,65,B6,other,0,8.14110074862014,False,2731.5,3183.6597984255845
heldout:65:772,saturation_residual_fusion_new,65,B6,other,0,8.18068285565719,False,3286.5,3312.2433599104133
heldout:65:773,saturation_residual_fusion_new,65,B6,other,0,7.944676041026788,False,2445.0,2615.7177416683894
heldout:65:774,saturation_residual_fusion_new,65,B4,other,0,7.875252329516309,False,2093.0,2440.2178912443396
heldout:65:775,saturation_residual_fusion_new,65,B4,other,0,8.559875471394792,True,4817.0,4839.994585127158
heldout:65:776,saturation_residual_fusion_new,65,B6,other,0,8.026822494717349,False,2527.5,2839.747482867172
heldout:65:777,saturation_residual_fusion_new,65,B2,other,0,7.974384996592848,False,2638.5,2694.624000437475
heldout:65:778,saturation_residual_fusion_new,65,B2,other,0,8.457197920031476,True,4298.0,4707.844934184509
heldout:65:779,saturation_residual_fusion_new,65,B2,other,0,8.102045063755892,False,3407.0,3300.2123664417027
