run,n_events,timing_tail_envelope,q_template_median_envelope,q_template_p95_envelope,amp_ratio_envelope
58,16,0.0,0.0016665961796028528,0.009985996818829668,0.05368462482178327
59,90,0.0,0.0010463738228124186,0.01621807826673749,0.055959195805049156
60,10,0.0,0.0013563782001087266,0.013045381485855656,0.05133989943120021
61,10,0.0,0.0017839523498278664,0.012348548557971184,0.05272360859586023
62,36,0.0,0.0008521282547079845,0.014118506996372737,0.058668881982619325
63,74,0.0,0.0039516459158658035,0.013026614124733493,0.053227883840918144
65,13,0.07692307692307698,0.002995256304818117,0.010577104344469512,0.05564749221211973
