method,n_events,n_pair_residuals,sigma68_ns,ci_low,ci_high,full_rms_ns,delta_vs_analytic_ns,delta_ci_low,delta_ci_high
p03e_waveform_amp_shape_stave,66,198,1.1302417481886804,0.9215822267232872,1.3101088974913762,1.2213349538874296,-0.3643983280809957,-0.6039381700843398,-0.12418560977323907
p03e_waveform_stave_onehot,66,198,1.3480758429061046,1.1993085453744214,1.5669195280670247,1.333658079453849,-0.1465642333635715,-0.3528589940828986,0.18148315553859337
p03e_stave_offset_only,66,198,1.354302617747248,1.0175171353029375,1.5898726469805098,1.3952389252473727,-0.14033745852242818,-0.5039939516164634,0.1591633554883407
p03e_waveform_amp_shape,66,198,1.3968349000183973,1.2552045291040437,1.5742412874355753,1.406343531821954,-0.09780517625127882,-0.28068285113527486,0.10835828351989034
p03e_waveform_only,66,198,1.4483561109028598,1.3214490309755422,1.6688176819016887,1.7171801616425526,-0.04628396536681634,-0.10622978030875653,0.0538173882392917
analytic_timewalk,66,198,1.494640076269676,1.3066124782178583,1.6656734816885292,1.6991283591200679,0.0,0.0,0.0
