variant,scope,n,pred_sigma_median_ns,abs_error_median_ns,pull_width_sigma68,pull_rms
waveform_only,heldout_pulse_target,198,2.146899461746216,1.1381270158695855,0.6941483881389576,0.7715160443381446
waveform_only,heldout_sigma_bin,50,1.9730497002601624,1.334440674761911,0.7597176153417307,0.8078511742073629
waveform_only,heldout_sigma_bin,49,2.0836946964263916,1.2344144240265749,0.7857961347433935,0.8384438462214642
waveform_only,heldout_sigma_bin,49,2.297743082046509,1.1332725920713074,0.715098929636699,0.8013808411359776
waveform_only,heldout_sigma_bin,50,3.984757423400879,0.8639332168994187,0.3755704827667717,0.3467442634549686
waveform_stave_onehot,heldout_pulse_target,198,1.436268925666809,0.6455032568171113,0.6937324527882145,0.8073916898547487
waveform_amp_shape,heldout_pulse_target,198,1.924694836139679,1.1996453447422937,0.6846577208014315,0.7535743796422071
waveform_amp_shape_stave,heldout_pulse_target,198,1.4866008758544922,0.6264011296534342,0.5586941852892033,0.7422750828788466
