stave,train_mean_target_residual_ns
B4,2.0412934651568397
B6,-1.2455690498682055
B8,-0.7957244152886344
ALL,-5.047364487729357e-18
