{
  "study": "S14h",
  "ticket_id": "1781056885.578.73172123",
  "worker": "testbeam-laptop-3",
  "title": "sparse A-stack energy-proxy support calibration",
  "raw_reproduction_first": {
    "b_s00_expected_selected_pulses": 640737,
    "b_s00_reproduced_selected_pulses": 640737,
    "b_s00_delta": 0,
    "astack_analysis_counts": [
      {
        "sample": "sample_iii_analysis",
        "events_total": 388848,
        "events_with_selected": 7168,
        "selected_pulses": 9682,
        "A1": 2799,
        "A3": 6883
      },
      {
        "sample": "sample_iv_analysis",
        "events_total": 262189,
        "events_with_selected": 767,
        "selected_pulses": 894,
        "A1": 167,
        "A3": 727
      }
    ]
  },
  "row_definition": {
    "denominator": "matched (run, EVT) events with B2 amplitude > 1000 ADC",
    "support_label": "matched A1 or A3 amplitude > 1000 ADC",
    "proxy_target": "log selected A1/A3 positive-lobe charge for supported rows",
    "split": "leave-one-run-out"
  },
  "n_support_rows": 249630,
  "n_supported_rows": 4055,
  "runs": [
    31,
    32,
    33,
    34,
    35,
    36,
    37,
    39,
    40,
    41,
    42,
    44,
    45,
    47,
    48,
    49,
    50,
    51,
    52,
    53,
    54,
    55,
    56,
    57,
    58,
    59,
    60,
    61,
    62,
    63,
    64,
    65
  ],
  "methods": [
    "traditional_exact_binomial",
    "ridge",
    "gradient_boosted_trees",
    "mlp",
    "cnn_1d",
    "support_gated_hybrid_cnn"
  ],
  "winner": "gradient_boosted_trees",
  "winner_metrics": {
    "method": "gradient_boosted_trees",
    "n": 249630,
    "threshold": 0.05,
    "support_coverage": 0.0784217016029593,
    "abstention_rate": 0.965685214116893,
    "false_support_rate": 0.03358648070854118,
    "accepted_fraction": 0.034314785883107,
    "proxy_rmse_log": 0.5622964507767131,
    "proxy_spearman": -0.012728940787410216,
    "a_depth_high_minus_low_contrast": 0.006610332536313379,
    "downstream_multiplicity_contrast": -0.0066276006384757835,
    "pid_score_stability_run_sd": 0.02519078600746191,
    "support_coverage_ci95": [
      0.0428457535553609,
      0.12095026402026832
    ],
    "abstention_rate_ci95": [
      0.942677723647873,
      0.9834587796296744
    ],
    "false_support_rate_ci95": [
      0.016175976914294562,
      0.05635084321615734
    ],
    "proxy_rmse_log_ci95": [
      0.5127076592333885,
      0.5894150165756348
    ],
    "proxy_spearman_ci95": [
      -0.10826357224732638,
      0.10954929338498794
    ]
  },
  "traditional_metrics": {
    "method": "traditional_exact_binomial",
    "n": 249630,
    "threshold": 0.05,
    "support_coverage": 0.1030826140567201,
    "abstention_rate": 0.9552297400152225,
    "false_support_rate": 0.043807390817469205,
    "accepted_fraction": 0.04477025998477747,
    "proxy_rmse_log": 0.5968342965349178,
    "proxy_spearman": 0.02416069653181838,
    "a_depth_high_minus_low_contrast": 0.14109886960408247,
    "downstream_multiplicity_contrast": 0.09367343598003508,
    "pid_score_stability_run_sd": 0.017064249117968097,
    "support_coverage_ci95": [
      0.06661007814605227,
      0.13714968313744444
    ],
    "abstention_rate_ci95": [
      0.9300066044201504,
      0.9767105901702872
    ],
    "false_support_rate_ci95": [
      0.02276303769663386,
      0.06892898304467328
    ],
    "proxy_rmse_log_ci95": [
      0.5592823529366446,
      0.6534723138814211
    ],
    "proxy_spearman_ci95": [
      -0.09902714047087778,
      0.14264064948669494
    ]
  },
  "metrics": [
    {
      "method": "traditional_exact_binomial",
      "n": 249630,
      "threshold": 0.05,
      "support_coverage": 0.1030826141,
      "abstention_rate": 0.95522974,
      "false_support_rate": 0.0438073908,
      "accepted_fraction": 0.04477026,
      "proxy_rmse_log": 0.5968342965,
      "proxy_spearman": 0.0241606965,
      "a_depth_high_minus_low_contrast": 0.1410988696,
      "downstream_multiplicity_contrast": 0.093673436,
      "pid_score_stability_run_sd": 0.0170642491,
      "support_coverage_ci95": [
        0.0666100781,
        0.1371496831
      ],
      "abstention_rate_ci95": [
        0.9300066044,
        0.9767105902
      ],
      "false_support_rate_ci95": [
        0.0227630377,
        0.068928983
      ],
      "proxy_rmse_log_ci95": [
        0.5592823529,
        0.6534723139
      ],
      "proxy_spearman_ci95": [
        -0.0990271405,
        0.1426406495
      ]
    },
    {
      "method": "ridge",
      "n": 249630,
      "threshold": 0.05,
      "support_coverage": 0.9856966708,
      "abstention_rate": 0.0750751112,
      "false_support_rate": 0.9239214089,
      "accepted_fraction": 0.9249248888,
      "proxy_rmse_log": 0.5540915461,
      "proxy_spearman": 0.0185073674,
      "a_depth_high_minus_low_contrast": 0.0247287748,
      "downstream_multiplicity_contrast": 0.1269779409,
      "pid_score_stability_run_sd": 0.2910969358,
      "support_coverage_ci95": [
        0.9620630805,
        0.9974803106
      ],
      "abstention_rate_ci95": [
        0.0080484585,
        0.1582030631
      ],
      "false_support_rate_ci95": [
        0.8399019366,
        0.9918651922
      ],
      "proxy_rmse_log_ci95": [
        0.5389050134,
        0.5734198554
      ],
      "proxy_spearman_ci95": [
        -0.0134892609,
        0.0525019589
      ]
    },
    {
      "method": "gradient_boosted_trees",
      "n": 249630,
      "threshold": 0.05,
      "support_coverage": 0.0784217016,
      "abstention_rate": 0.9656852141,
      "false_support_rate": 0.0335864807,
      "accepted_fraction": 0.0343147859,
      "proxy_rmse_log": 0.5622964508,
      "proxy_spearman": -0.0127289408,
      "a_depth_high_minus_low_contrast": 0.0066103325,
      "downstream_multiplicity_contrast": -0.0066276006,
      "pid_score_stability_run_sd": 0.025190786,
      "support_coverage_ci95": [
        0.0428457536,
        0.120950264
      ],
      "abstention_rate_ci95": [
        0.9426777236,
        0.9834587796
      ],
      "false_support_rate_ci95": [
        0.0161759769,
        0.0563508432
      ],
      "proxy_rmse_log_ci95": [
        0.5127076592,
        0.5894150166
      ],
      "proxy_spearman_ci95": [
        -0.1082635722,
        0.1095492934
      ]
    },
    {
      "method": "mlp",
      "n": 249630,
      "threshold": 0.05,
      "support_coverage": 0.2091245376,
      "abstention_rate": 0.9170211914,
      "false_support_rate": 0.0808958567,
      "accepted_fraction": 0.0829788086,
      "proxy_rmse_log": 3.7683607881,
      "proxy_spearman": -0.0585010686,
      "a_depth_high_minus_low_contrast": 0.7517265433,
      "downstream_multiplicity_contrast": 1.2147863277,
      "pid_score_stability_run_sd": 0.0204931221,
      "support_coverage_ci95": [
        0.1284993019,
        0.2811652307
      ],
      "abstention_rate_ci95": [
        0.8638374171,
        0.9581395263
      ],
      "false_support_rate_ci95": [
        0.0406846795,
        0.1334987766
      ],
      "proxy_rmse_log_ci95": [
        3.1329390503,
        4.4573525117
      ],
      "proxy_spearman_ci95": [
        -0.131732023,
        0.0178067913
      ]
    },
    {
      "method": "cnn_1d",
      "n": 249630,
      "threshold": 0.05,
      "support_coverage": 1.0,
      "abstention_rate": 0.0,
      "false_support_rate": 1.0,
      "accepted_fraction": 1.0,
      "proxy_rmse_log": 0.7749339709,
      "proxy_spearman": -0.0011064336,
      "a_depth_high_minus_low_contrast": -0.0921131006,
      "downstream_multiplicity_contrast": 1.0833393473,
      "pid_score_stability_run_sd": 0.0361445372,
      "support_coverage_ci95": [
        1.0,
        1.0
      ],
      "abstention_rate_ci95": [
        0.0,
        0.0
      ],
      "false_support_rate_ci95": [
        1.0,
        1.0
      ],
      "proxy_rmse_log_ci95": [
        0.7376163525,
        0.8144235941
      ],