{
  "ticket_id": "1781010798.1019.19c63d1a",
  "study_id": "P01e",
  "title": "stricter leakage audit for latent timing probe",
  "raw_root_dir": "data/root/root",
  "heldout_candidate_runs": [
    42,
    57,
    64,
    65
  ],
  "reproduction": {
    "expected_selected_pulses": 640737,
    "selected_pulses": 640737,
    "passed": true,
    "prior_p01c": [
      {
        "method": "prior P01c reproduced CFD20",
        "sigma68_ns": 3.1884502039551736,
        "published_sigma68_ns": 3.1884502039551736,
        "delta_ns": 0.0,
        "n_events": 408,
        "n_pair_residuals": 1224,
        "uses_amplitude_bin_feature": true,
        "timing_train_rows": 14646,
        "timing_eval_rows": 1224
      },
      {
        "method": "prior P01c reproduced ML latent",
        "sigma68_ns": 1.9892219585180269,
        "published_sigma68_ns": 1.9892228263616547,
        "delta_ns": -8.678436278497514e-07,
        "n_events": 408,
        "n_pair_residuals": 1224,
        "uses_amplitude_bin_feature": true,
        "timing_train_rows": 14646,
        "timing_eval_rows": 1224
      }
    ]
  },
  "strict_audit": {
    "split": "leave-one-run-out over heldout_candidate_runs",
    "ci": "event-block bootstrap",
    "amplitude_bin_feature_used": false,
    "pooled": [
      {
        "method": "strict CFD20",
        "sigma68_ns": 3.1884502039551736,
        "ci_low": 3.051360529024289,
        "ci_high": 3.319056715710136,
        "delta_vs_cfd20_ns": 0.0,
        "delta_ci_low": 0.0,
        "delta_ci_high": 0.0,
        "n_events": 408,
        "n_pair_residuals": 1224,
        "full_rms_ns": 5.677758856597346,
        "heldout_run": "pooled"
      },
      {
        "method": "strict traditional hand-shape ridge",
        "sigma68_ns": 1.96163950630188,
        "ci_low": 1.882108769463375,
        "ci_high": 2.0635730567255037,
        "delta_vs_cfd20_ns": -1.2268106976532935,
        "delta_ci_low": -1.3970896248996725,
        "delta_ci_high": -1.0589345535858903,
        "n_events": 408,
        "n_pair_residuals": 1224,
        "full_rms_ns": 4.4592300527119315,
        "heldout_run": "pooled"
      },
      {
        "method": "strict ML AE latent ridge",
        "sigma68_ns": 1.9650565696573254,
        "ci_low": 1.8853798197803033,
        "ci_high": 2.0577403336733595,
        "delta_vs_cfd20_ns": -1.2233936342978482,
        "delta_ci_low": -1.3942272352668017,
        "delta_ci_high": -1.0523845115249055,
        "n_events": 408,
        "n_pair_residuals": 1224,
        "full_rms_ns": 4.199419205517002,
        "heldout_run": "pooled"
      },
      {
        "method": "strict ML event-shuffled target",
        "sigma68_ns": 2.055532479166984,
        "ci_low": 1.9479353685975083,
        "ci_high": 2.1646611440181736,
        "delta_vs_cfd20_ns": -1.1329177247881899,
        "delta_ci_low": -1.3394384854825718,
        "delta_ci_high": -0.9543806631772218,
        "n_events": 408,
        "n_pair_residuals": 1224,
        "full_rms_ns": 4.535989578040153,
        "heldout_run": "pooled"
      }
    ],
    "by_fold": [
      {
        "method": "strict CFD20",
        "sigma68_ns": 3.304723900556563,
        "ci_low": 3.052504254973972,
        "ci_high": 3.570972008593382,
        "delta_vs_cfd20_ns": 0.0,
        "delta_ci_low": 0.0,
        "delta_ci_high": 0.0,
        "n_events": 68,
        "n_pair_residuals": 204,
        "full_rms_ns": 3.9307744540837968,
        "heldout_run": 42,
        "train_runs": "31,32,33,34,35,36,37,39,40,41,44,45,46,47,48,49,50,51,52,53,54,55,56,57,58,59,60,61,62,63,64,65",
        "timing_train_rows": 15666,
        "timing_eval_rows": 204,
        "unsup_train_rows": 164586,
        "uses_amplitude_bin_feature": false
      },
      {
        "method": "strict traditional hand-shape ridge",
        "sigma68_ns": 1.7037579941749572,
        "ci_low": 1.5463901954200243,
        "ci_high": 1.9877027428444634,
        "delta_vs_cfd20_ns": -1.600965906381606,
        "delta_ci_low": -1.908009187189367,
        "delta_ci_high": -1.224955106468259,
        "n_events": 68,
        "n_pair_residuals": 204,
        "full_rms_ns": 2.6578544662144528,
        "heldout_run": 42,
        "train_runs": "31,32,33,34,35,36,37,39,40,41,44,45,46,47,48,49,50,51,52,53,54,55,56,57,58,59,60,61,62,63,64,65",
        "timing_train_rows": 15666,
        "timing_eval_rows": 204,
        "unsup_train_rows": 164586,
        "uses_amplitude_bin_feature": false
      },
      {
        "method": "strict ML AE latent ridge",
        "sigma68_ns": 1.7574221671199797,
        "ci_low": 1.4716179277412584,
        "ci_high": 2.047081481670202,
        "delta_vs_cfd20_ns": -1.5473017334365835,
        "delta_ci_low": -1.968155377504924,
        "delta_ci_high": -1.1508870597360048,
        "n_events": 68,
        "n_pair_residuals": 204,
        "full_rms_ns": 2.5380001155652763,
        "heldout_run": 42,
        "train_runs": "31,32,33,34,35,36,37,39,40,41,44,45,46,47,48,49,50,51,52,53,54,55,56,57,58,59,60,61,62,63,64,65",
        "timing_train_rows": 15666,
        "timing_eval_rows": 204,
        "unsup_train_rows": 164586,
        "uses_amplitude_bin_feature": false
      },
      {
        "method": "strict ML event-shuffled target",
        "sigma68_ns": 1.8015663706684086,
        "ci_low": 1.6101025042962438,
        "ci_high": 2.220339002398251,
        "delta_vs_cfd20_ns": -1.5031575298881545,
        "delta_ci_low": -1.8745417038587318,
        "delta_ci_high": -0.9869483374152903,
        "n_events": 68,
        "n_pair_residuals": 204,
        "full_rms_ns": 2.5381662180145566,
        "heldout_run": 42,
        "train_runs": "31,32,33,34,35,36,37,39,40,41,44,45,46,47,48,49,50,51,52,53,54,55,56,57,58,59,60,61,62,63,64,65",
        "timing_train_rows": 15666,
        "timing_eval_rows": 204,
        "unsup_train_rows": 164586,
        "uses_amplitude_bin_feature": false
      },
      {
        "method": "strict CFD20",
        "sigma68_ns": 3.2647569361400595,
        "ci_low": 2.8074177966710887,
        "ci_high": 3.631068121927978,
        "delta_vs_cfd20_ns": 0.0,
        "delta_ci_low": 0.0,
        "delta_ci_high": 0.0,
        "n_events": 64,
        "n_pair_residuals": 192,
        "full_rms_ns": 4.01342665699288,
        "heldout_run": 57,
        "train_runs": "31,32,33,34,35,36,37,39,40,41,42,44,45,46,47,48,49,50,51,52,53,54,55,56,58,59,60,61,62,63,64,65",
        "timing_train_rows": 15678,
        "timing_eval_rows": 192,
        "unsup_train_rows": 164662,
        "uses_amplitude_bin_feature": false
      },
      {
        "method": "strict traditional hand-shape ridge",
        "sigma68_ns": 2.015414061248308,
        "ci_low": 1.787278245106935,
        "ci_high": 2.239282997556031,
        "delta_vs_cfd20_ns": -1.2493428748917514,
        "delta_ci_low": -1.7666620209999346,
        "delta_ci_high": -0.5860380549348843,
        "n_events": 64,
        "n_pair_residuals": 192,
        "full_rms_ns": 2.679485423580029,
        "heldout_run": 57,
        "train_runs": "31,32,33,34,35,36,37,39,40,41,42,44,45,46,47,48,49,50,51,52,53,54,55,56,58,59,60,61,62,63,64,65",
        "timing_train_rows": 15678,
        "timing_eval_rows": 192,
        "unsup_train_rows": 164662,
        "uses_amplitude_bin_feature": false
      },
      {
        "method": "strict ML AE latent ridge",
        "sigma68_ns": 2.026705978803634,
        "ci_low": 1.7733108739964503,
        "ci_high": 2.2470200591543676,
        "delta_vs_cfd20_ns": -1.2380509573364256,
        "delta_ci_low": -1.7074130427089,
        "delta_ci_high": -0.6774377921335657,
        "n_events": 64,
        "n_pair_residuals": 192,
        "full_rms_ns": 2.698727725479365,
        "heldout_run": 57,
        "train_runs": "31,32,33,34,35,36,37,39,40,41,42,44,45,46,47,48,49,50,51,52,53,54,55,56,58,59,60,61,62,63,64,65",
        "timing_train_rows": 15678,
        "timing_eval_rows": 192,
        "unsup_train_rows": 164662,