{
  "atom_cell_count": 1003,
  "best_ml": {
    "average_precision": 0.9123132784744065,
    "average_precision_ci_high": 1.0,
    "average_precision_ci_low": 0.7519124602458693,
    "brier": 0.003668612778815153,
    "brier_ci_high": 0.007717031849965241,
    "brier_ci_low": 0.0006365219068890342,
    "defer_rate": 0.9930209371884346,
    "defer_rate_ci_high": 0.9970560093517289,
    "defer_rate_ci_low": 0.988082823222517,
    "ece": 0.003282658759429773,
    "ece_ci_high": 0.008434735877323412,
    "ece_ci_low": 0.0017547185837076815,
    "f1": 0.5833333333333334,
    "f1_ci_high": 0.8,
    "f1_ci_low": 0.2853896103896104,
    "false_promotion_control_rate": 0.0,
    "false_promotion_control_rate_ci_high": 0.0,
    "false_promotion_control_rate_ci_low": 0.0,
    "method": "gradient_boosted_trees",
    "method_variant": "gradient_boosted_trees_learning_rate0.03",
    "n_cells": 1003,
    "n_positive": 17,
    "precision": 1.0,
    "precision_ci_high": 1.0,
    "precision_ci_low": 1.0,
    "promotion_rate": 0.006979062811565304,
    "promotion_rate_ci_high": 0.011917176777482993,
    "promotion_rate_ci_low": 0.002943990648271085,
    "promotion_utility": 1.0144337902551372,
    "promotion_utility_ci_high": 1.1409669757538425,
    "promotion_utility_ci_low": 0.8287652809084164,
    "recall": 0.4117647058823529,
    "recall_ci_high": 0.6666666666666666,
    "recall_ci_low": 0.16644736842105262,
    "roc_auc": 0.9830569144493496,
    "roc_auc_ci_high": 1.0,
    "roc_auc_ci_low": 0.9441873836521482
  },
  "best_traditional": {
    "average_precision": 0.981888544891641,
    "average_precision_ci_high": 1.0,
    "average_precision_ci_low": 0.9249550653594771,
    "brier": 0.015637920570367902,
    "brier_ci_high": 0.02104533799917223,
    "brier_ci_low": 0.010783184665187002,
    "defer_rate": 1.0,
    "defer_rate_ci_high": 1.0,
    "defer_rate_ci_low": 1.0,
    "ece": 0.01624162420126129,
    "ece_ci_high": 0.021948608708265,
    "ece_ci_low": 0.011285495062430715,
    "f1": 0.0,
    "f1_ci_high": 0.0,
    "f1_ci_low": 0.0,
    "false_promotion_control_rate": 0.0,
    "false_promotion_control_rate_ci_high": 0.0,
    "false_promotion_control_rate_ci_low": 0.0,
    "method": "traditional_support_scorecard",
    "method_variant": "traditional_support_scorecard",
    "n_cells": 1003,
    "n_positive": 17,
    "precision": 0.0,
    "precision_ci_high": 0.0,
    "precision_ci_low": 0.0,
    "promotion_rate": 0.0,
    "promotion_rate_ci_high": 0.0,
    "promotion_rate_ci_low": 0.0,
    "promotion_utility": 0.9778281388413257,
    "promotion_utility_ci_high": 0.9968948462463777,
    "promotion_utility_ci_low": 0.9213919577582708,
    "recall": 0.0,
    "recall_ci_high": 0.0,
    "recall_ci_low": 0.0,
    "roc_auc": 0.9996420474883666,
    "roc_auc_ci_high": 1.0,
    "roc_auc_ci_low": 0.9982919523934652
  },
  "endpoint_systematics_preview": [
    {
      "atom": "saturation_boundary",
      "charge_bias_abs_mean": 1.1610132082216347,
      "charge_bias_abs_mean_ci_high": 1.191987218998312,
      "charge_bias_abs_mean_ci_low": 1.1225060805352005,
      "charge_res68_proxy": 0.23805178833857324,
      "charge_res68_proxy_ci_high": 0.2554380393320229,
      "charge_res68_proxy_ci_low": 0.22550937538600566,
      "n_total": 436614,
      "pileup_excess_proxy": 0.9858907628384932,
      "pileup_excess_proxy_ci_high": 1.001915554491984,
      "pileup_excess_proxy_ci_low": 0.9749594600311973,
      "qshape_abs_mean": 0.08825331814063338,
      "qshape_abs_mean_ci_high": 0.10071853536681977,
      "qshape_abs_mean_ci_low": 0.07867621797801004,
      "runs_present": 33,
      "stave": "B2",
      "timing_tail_rate": 0.00960573870741662,
      "timing_tail_rate_ci_high": 0.011410775487385482,
      "timing_tail_rate_ci_low": 0.008370163596234029
    },
    {
      "atom": "secondary_delayed_peak",
      "charge_bias_abs_mean": 0.49751931974220226,
      "charge_bias_abs_mean_ci_high": 0.5254248434762853,
      "charge_bias_abs_mean_ci_low": 0.47488903286671874,
      "charge_res68_proxy": 0.3901469301491835,
      "charge_res68_proxy_ci_high": 0.4052492995072164,
      "charge_res68_proxy_ci_low": 0.37620856840189143,
      "n_total": 137341,
      "pileup_excess_proxy": 1.111646515874448,
      "pileup_excess_proxy_ci_high": 1.1147651700171763,
      "pileup_excess_proxy_ci_low": 1.1085626118241658,
      "qshape_abs_mean": 0.17126568369548364,
      "qshape_abs_mean_ci_high": 0.17826332337825782,
      "qshape_abs_mean_ci_low": 0.16510860276290687,
      "runs_present": 33,
      "stave": "B2",
      "timing_tail_rate": 0.014198236506214459,
      "timing_tail_rate_ci_high": 0.016559526208533376,
      "timing_tail_rate_ci_low": 0.012319170422284115
    },
    {
      "atom": "baseline_excursion",
      "charge_bias_abs_mean": 0.4351236146432309,
      "charge_bias_abs_mean_ci_high": 0.4556358542666925,
      "charge_bias_abs_mean_ci_low": 0.412143603829238,
      "charge_res68_proxy": 0.5908791970864494,
      "charge_res68_proxy_ci_high": 0.6009969697075151,
      "charge_res68_proxy_ci_low": 0.5813674587138064,
      "n_total": 23032,
      "pileup_excess_proxy": 0.6341109104883597,
      "pileup_excess_proxy_ci_high": 0.6632384908680644,
      "pileup_excess_proxy_ci_low": 0.6084355825783151,
      "qshape_abs_mean": 0.7869232096208574,
      "qshape_abs_mean_ci_high": 0.8271595664876837,
      "qshape_abs_mean_ci_low": 0.7419358625065693,
      "runs_present": 33,
      "stave": "B2",
      "timing_tail_rate": 0.03278047933310177,
      "timing_tail_rate_ci_high": 0.05041749847840924,
      "timing_tail_rate_ci_low": 0.017565053184766918
    },
    {
      "atom": "secondary_delayed_peak",
      "charge_bias_abs_mean": 0.42788002503938005,
      "charge_bias_abs_mean_ci_high": 0.4467853239633734,
      "charge_bias_abs_mean_ci_low": 0.41718060266025714,
      "charge_res68_proxy": 0.28456633421498856,
      "charge_res68_proxy_ci_high": 0.2980749118909398,
      "charge_res68_proxy_ci_low": 0.2763767745461292,
      "n_total": 21144,
      "pileup_excess_proxy": 1.1932756968525757,
      "pileup_excess_proxy_ci_high": 1.22692393554512,
      "pileup_excess_proxy_ci_low": 1.1761084423790906,
      "qshape_abs_mean": 0.21773363236576465,
      "qshape_abs_mean_ci_high": 0.23684342041010423,
      "qshape_abs_mean_ci_low": 0.20903568077040333,
      "runs_present": 33,
      "stave": "B4",
      "timing_tail_rate": 0.11341278849791903,
      "timing_tail_rate_ci_high": 0.16829215641734063,
      "timing_tail_rate_ci_low": 0.07954410900318984
    },
    {
      "atom": "rare_s03f_topology",
      "charge_bias_abs_mean": 0.5023251874444583,
      "charge_bias_abs_mean_ci_high": 0.5638915941797896,
      "charge_bias_abs_mean_ci_low": 0.44996429631204804,
      "charge_res68_proxy": 0.3399512798080299,
      "charge_res68_proxy_ci_high": 0.3507805560499178,
      "charge_res68_proxy_ci_low": 0.33503744900110555,
      "n_total": 14820,
      "pileup_excess_proxy": 1.1442246078100233,
      "pileup_excess_proxy_ci_high": 1.185629808156783,
      "pileup_excess_proxy_ci_low": 1.1246697402297416,
      "qshape_abs_mean": 0.21438450212251658,
      "qshape_abs_mean_ci_high": 0.24150151843490691,
      "qshape_abs_mean_ci_low": 0.20276079723415288,
      "runs_present": 33,
      "stave": "B6",
      "timing_tail_rate": 0.1427800269905533,
      "timing_tail_rate_ci_high": 0.2239433452535117,
      "timing_tail_rate_ci_low": 0.10064394233348221
    },
    {
      "atom": "rare_s03f_topology",
      "charge_bias_abs_mean": 0.3215990505411954,
      "charge_bias_abs_mean_ci_high": 0.35331336901610516,
      "charge_bias_abs_mean_ci_low": 0.30115876610511066,
      "charge_res68_proxy": 0.2809147722040435,
      "charge_res68_proxy_ci_high": 0.2882362854424712,
      "charge_res68_proxy_ci_low": 0.27601821173899127,
      "n_total": 14681,
      "pileup_excess_proxy": 1.1500213816653548,
      "pileup_excess_proxy_ci_high": 1.1975665967502498,