charge_bin,n_cal,scale,fallback,heldout_run,method,alpha,abstention_budget,global_scale,abstention_cutoff,policy
"charge[1000,4000)",53,10.66142377269606,False,58,traditional,0.317310507863,0.0,2.2977077315558723,inf,charge_bin_conformal68_budget0.00
"charge[14000,24000)",5888,1.958351847519124,False,58,traditional,0.317310507863,0.0,2.2977077315558723,inf,charge_bin_conformal68_budget0.00
"charge[24000,40000)",3571,2.0436698891234735,False,58,traditional,0.317310507863,0.0,2.2977077315558723,inf,charge_bin_conformal68_budget0.00
"charge[4000,8000)",267,11.68109099794659,False,58,traditional,0.317310507863,0.0,2.2977077315558723,inf,charge_bin_conformal68_budget0.00
"charge[40000,80000)",29,2.2977077315558723,True,58,traditional,0.317310507863,0.0,2.2977077315558723,inf,charge_bin_conformal68_budget0.00
"charge[8000,14000)",1433,6.5733713103996925,False,58,traditional,0.317310507863,0.0,2.2977077315558723,inf,charge_bin_conformal68_budget0.00
"charge[1000,4000)",52,11.771288988049909,False,59,traditional,0.317310507863,0.0,2.428144663799447,inf,charge_bin_conformal68_budget0.00
"charge[14000,24000)",4649,2.0931956243083882,False,59,traditional,0.317310507863,0.0,2.428144663799447,inf,charge_bin_conformal68_budget0.00
"charge[24000,40000)",3105,2.0644585266535285,False,59,traditional,0.317310507863,0.0,2.428144663799447,inf,charge_bin_conformal68_budget0.00
"charge[4000,8000)",251,11.666626154356075,False,59,traditional,0.317310507863,0.0,2.428144663799447,inf,charge_bin_conformal68_budget0.00
"charge[40000,80000)",27,2.428144663799447,True,59,traditional,0.317310507863,0.0,2.428144663799447,inf,charge_bin_conformal68_budget0.00
"charge[8000,14000)",1087,7.370782513552411,False,59,traditional,0.317310507863,0.0,2.428144663799447,inf,charge_bin_conformal68_budget0.00
"charge[1000,4000)",42,12.105405890024224,False,60,traditional,0.317310507863,0.0,2.3706652599792855,inf,charge_bin_conformal68_budget0.00
"charge[14000,24000)",4871,2.042873364833431,False,60,traditional,0.317310507863,0.0,2.3706652599792855,inf,charge_bin_conformal68_budget0.00
"charge[24000,40000)",2602,2.057658084287547,False,60,traditional,0.317310507863,0.0,2.3706652599792855,inf,charge_bin_conformal68_budget0.00
"charge[4000,8000)",233,11.618062569468494,False,60,traditional,0.317310507863,0.0,2.3706652599792855,inf,charge_bin_conformal68_budget0.00
"charge[40000,80000)",23,2.3706652599792855,True,60,traditional,0.317310507863,0.0,2.3706652599792855,inf,charge_bin_conformal68_budget0.00
"charge[8000,14000)",1265,6.27979639739469,False,60,traditional,0.317310507863,0.0,2.3706652599792855,inf,charge_bin_conformal68_budget0.00
"charge[1000,4000)",57,9.905411111493613,False,61,traditional,0.317310507863,0.0,1.9575156975947543,inf,charge_bin_conformal68_budget0.00
"charge[14000,24000)",4575,1.6514305216094796,False,61,traditional,0.317310507863,0.0,1.9575156975947543,inf,charge_bin_conformal68_budget0.00
"charge[24000,40000)",2611,1.8571060131532227,False,61,traditional,0.317310507863,0.0,1.9575156975947543,inf,charge_bin_conformal68_budget0.00
"charge[4000,8000)",210,11.141616943959546,False,61,traditional,0.317310507863,0.0,1.9575156975947543,inf,charge_bin_conformal68_budget0.00
"charge[40000,80000)",23,1.9575156975947543,True,61,traditional,0.317310507863,0.0,1.9575156975947543,inf,charge_bin_conformal68_budget0.00
"charge[8000,14000)",1185,6.0906835091480325,False,61,traditional,0.317310507863,0.0,1.9575156975947543,inf,charge_bin_conformal68_budget0.00
"charge[1000,4000)",52,11.32789029880974,False,62,traditional,0.317310507863,0.0,2.424187907741835,inf,charge_bin_conformal68_budget0.00
"charge[14000,24000)",4678,2.0520588684352896,False,62,traditional,0.317310507863,0.0,2.424187907741835,inf,charge_bin_conformal68_budget0.00
"charge[24000,40000)",2904,2.142215878597171,False,62,traditional,0.317310507863,0.0,2.424187907741835,inf,charge_bin_conformal68_budget0.00
"charge[4000,8000)",231,11.780233981095348,False,62,traditional,0.317310507863,0.0,2.424187907741835,inf,charge_bin_conformal68_budget0.00
"charge[40000,80000)",20,2.424187907741835,True,62,traditional,0.317310507863,0.0,2.424187907741835,inf,charge_bin_conformal68_budget0.00
"charge[8000,14000)",1154,6.633606328775871,False,62,traditional,0.317310507863,0.0,2.424187907741835,inf,charge_bin_conformal68_budget0.00
"charge[1000,4000)",50,10.02640170406896,False,63,traditional,0.317310507863,0.0,2.3496391050371233,inf,charge_bin_conformal68_budget0.00
"charge[14000,24000)",5395,1.9921302478613043,False,63,traditional,0.317310507863,0.0,2.3496391050371233,inf,charge_bin_conformal68_budget0.00
"charge[24000,40000)",3362,2.064960843380642,False,63,traditional,0.317310507863,0.0,2.3496391050371233,inf,charge_bin_conformal68_budget0.00
"charge[4000,8000)",251,11.651854043841144,False,63,traditional,0.317310507863,0.0,2.3496391050371233,inf,charge_bin_conformal68_budget0.00
"charge[40000,80000)",28,2.3496391050371233,True,63,traditional,0.317310507863,0.0,2.3496391050371233,inf,charge_bin_conformal68_budget0.00
"charge[8000,14000)",1264,7.036087739768318,False,63,traditional,0.317310507863,0.0,2.3496391050371233,inf,charge_bin_conformal68_budget0.00
"charge[1000,4000)",54,11.975206282266543,False,65,traditional,0.317310507863,0.0,2.311348118316044,inf,charge_bin_conformal68_budget0.00
"charge[14000,24000)",5884,1.9626796518695655,False,65,traditional,0.317310507863,0.0,2.311348118316044,inf,charge_bin_conformal68_budget0.00
"charge[24000,40000)",3589,2.0440924318191622,False,65,traditional,0.317310507863,0.0,2.311348118316044,inf,charge_bin_conformal68_budget0.00
"charge[4000,8000)",267,11.68109099794659,False,65,traditional,0.317310507863,0.0,2.311348118316044,inf,charge_bin_conformal68_budget0.00
"charge[40000,80000)",30,9.179885766284345,False,65,traditional,0.317310507863,0.0,2.311348118316044,inf,charge_bin_conformal68_budget0.00
"charge[8000,14000)",1438,6.768774561732431,False,65,traditional,0.317310507863,0.0,2.311348118316044,inf,charge_bin_conformal68_budget0.00
"charge[1000,4000)",53,10.66142377269606,False,58,traditional,0.317310507863,0.05,2.2977077315558723,23.287111654103008,charge_bin_conformal68_budget0.05
"charge[14000,24000)",5888,1.958351847519124,False,58,traditional,0.317310507863,0.05,2.2977077315558723,23.287111654103008,charge_bin_conformal68_budget0.05
"charge[24000,40000)",3571,2.0436698891234735,False,58,traditional,0.317310507863,0.05,2.2977077315558723,23.287111654103008,charge_bin_conformal68_budget0.05
"charge[4000,8000)",267,11.68109099794659,False,58,traditional,0.317310507863,0.05,2.2977077315558723,23.287111654103008,charge_bin_conformal68_budget0.05
"charge[40000,80000)",29,2.2977077315558723,True,58,traditional,0.317310507863,0.05,2.2977077315558723,23.287111654103008,charge_bin_conformal68_budget0.05
"charge[8000,14000)",1433,6.5733713103996925,False,58,traditional,0.317310507863,0.05,2.2977077315558723,23.287111654103008,charge_bin_conformal68_budget0.05
"charge[1000,4000)",52,11.771288988049909,False,59,traditional,0.317310507863,0.05,2.428144663799447,19.499563489640853,charge_bin_conformal68_budget0.05
"charge[14000,24000)",4649,2.0931956243083882,False,59,traditional,0.317310507863,0.05,2.428144663799447,19.499563489640853,charge_bin_conformal68_budget0.05
"charge[24000,40000)",3105,2.0644585266535285,False,59,traditional,0.317310507863,0.05,2.428144663799447,19.499563489640853,charge_bin_conformal68_budget0.05
"charge[4000,8000)",251,11.666626154356075,False,59,traditional,0.317310507863,0.05,2.428144663799447,19.499563489640853,charge_bin_conformal68_budget0.05
"charge[40000,80000)",27,2.428144663799447,True,59,traditional,0.317310507863,0.05,2.428144663799447,19.499563489640853,charge_bin_conformal68_budget0.05
"charge[8000,14000)",1087,7.370782513552411,False,59,traditional,0.317310507863,0.05,2.428144663799447,19.499563489640853,charge_bin_conformal68_budget0.05
"charge[1000,4000)",42,12.105405890024224,False,60,traditional,0.317310507863,0.05,2.3706652599792855,13.22935596751087,charge_bin_conformal68_budget0.05
"charge[14000,24000)",4871,2.042873364833431,False,60,traditional,0.317310507863,0.05,2.3706652599792855,13.22935596751087,charge_bin_conformal68_budget0.05
"charge[24000,40000)",2602,2.057658084287547,False,60,traditional,0.317310507863,0.05,2.3706652599792855,13.22935596751087,charge_bin_conformal68_budget0.05
"charge[4000,8000)",233,11.618062569468494,False,60,traditional,0.317310507863,0.05,2.3706652599792855,13.22935596751087,charge_bin_conformal68_budget0.05
"charge[40000,80000)",23,2.3706652599792855,True,60,traditional,0.317310507863,0.05,2.3706652599792855,13.22935596751087,charge_bin_conformal68_budget0.05
"charge[8000,14000)",1265,6.27979639739469,False,60,traditional,0.317310507863,0.05,2.3706652599792855,13.22935596751087,charge_bin_conformal68_budget0.05
"charge[1000,4000)",57,9.905411111493613,False,61,traditional,0.317310507863,0.05,1.9575156975947543,17.40862173682588,charge_bin_conformal68_budget0.05
"charge[14000,24000)",4575,1.6514305216094796,False,61,traditional,0.317310507863,0.05,1.9575156975947543,17.40862173682588,charge_bin_conformal68_budget0.05
"charge[24000,40000)",2611,1.8571060131532227,False,61,traditional,0.317310507863,0.05,1.9575156975947543,17.40862173682588,charge_bin_conformal68_budget0.05
"charge[4000,8000)",210,11.141616943959546,False,61,traditional,0.317310507863,0.05,1.9575156975947543,17.40862173682588,charge_bin_conformal68_budget0.05
"charge[40000,80000)",23,1.9575156975947543,True,61,traditional,0.317310507863,0.05,1.9575156975947543,17.40862173682588,charge_bin_conformal68_budget0.05
"charge[8000,14000)",1185,6.0906835091480325,False,61,traditional,0.317310507863,0.05,1.9575156975947543,17.40862173682588,charge_bin_conformal68_budget0.05
"charge[1000,4000)",52,11.32789029880974,False,62,traditional,0.317310507863,0.05,2.424187907741835,16.53668973704468,charge_bin_conformal68_budget0.05
"charge[14000,24000)",4678,2.0520588684352896,False,62,traditional,0.317310507863,0.05,2.424187907741835,16.53668973704468,charge_bin_conformal68_budget0.05
"charge[24000,40000)",2904,2.142215878597171,False,62,traditional,0.317310507863,0.05,2.424187907741835,16.53668973704468,charge_bin_conformal68_budget0.05
"charge[4000,8000)",231,11.780233981095348,False,62,traditional,0.317310507863,0.05,2.424187907741835,16.53668973704468,charge_bin_conformal68_budget0.05
"charge[40000,80000)",20,2.424187907741835,True,62,traditional,0.317310507863,0.05,2.424187907741835,16.53668973704468,charge_bin_conformal68_budget0.05
"charge[8000,14000)",1154,6.633606328775871,False,62,traditional,0.317310507863,0.05,2.424187907741835,16.53668973704468,charge_bin_conformal68_budget0.05
"charge[1000,4000)",50,10.02640170406896,False,63,traditional,0.317310507863,0.05,2.3496391050371233,19.861143764705606,charge_bin_conformal68_budget0.05
"charge[14000,24000)",5395,1.9921302478613043,False,63,traditional,0.317310507863,0.05,2.3496391050371233,19.861143764705606,charge_bin_conformal68_budget0.05
"charge[24000,40000)",3362,2.064960843380642,False,63,traditional,0.317310507863,0.05,2.3496391050371233,19.861143764705606,charge_bin_conformal68_budget0.05
"charge[4000,8000)",251,11.651854043841144,False,63,traditional,0.317310507863,0.05,2.3496391050371233,19.861143764705606,charge_bin_conformal68_budget0.05
"charge[40000,80000)",28,2.3496391050371233,True,63,traditional,0.317310507863,0.05,2.3496391050371233,19.861143764705606,charge_bin_conformal68_budget0.05
"charge[8000,14000)",1264,7.036087739768318,False,63,traditional,0.317310507863,0.05,2.3496391050371233,19.861143764705606,charge_bin_conformal68_budget0.05
"charge[1000,4000)",54,11.975206282266543,False,65,traditional,0.317310507863,0.05,2.311348118316044,24.979760751933878,charge_bin_conformal68_budget0.05
"charge[14000,24000)",5884,1.9626796518695655,False,65,traditional,0.317310507863,0.05,2.311348118316044,24.979760751933878,charge_bin_conformal68_budget0.05
"charge[24000,40000)",3589,2.0440924318191622,False,65,traditional,0.317310507863,0.05,2.311348118316044,24.979760751933878,charge_bin_conformal68_budget0.05
"charge[4000,8000)",267,11.68109099794659,False,65,traditional,0.317310507863,0.05,2.311348118316044,24.979760751933878,charge_bin_conformal68_budget0.05
"charge[40000,80000)",30,9.179885766284345,False,65,traditional,0.317310507863,0.05,2.311348118316044,24.979760751933878,charge_bin_conformal68_budget0.05
"charge[8000,14000)",1438,6.768774561732431,False,65,traditional,0.317310507863,0.05,2.311348118316044,24.979760751933878,charge_bin_conformal68_budget0.05
"charge[1000,4000)",53,10.66142377269606,False,58,traditional,0.317310507863,0.1,2.2977077315558723,16.452992225990275,charge_bin_conformal68_budget0.10
"charge[14000,24000)",5888,1.958351847519124,False,58,traditional,0.317310507863,0.1,2.2977077315558723,16.452992225990275,charge_bin_conformal68_budget0.10
"charge[24000,40000)",3571,2.0436698891234735,False,58,traditional,0.317310507863,0.1,2.2977077315558723,16.452992225990275,charge_bin_conformal68_budget0.10
"charge[4000,8000)",267,11.68109099794659,False,58,traditional,0.317310507863,0.1,2.2977077315558723,16.452992225990275,charge_bin_conformal68_budget0.10
"charge[40000,80000)",29,2.2977077315558723,True,58,traditional,0.317310507863,0.1,2.2977077315558723,16.452992225990275,charge_bin_conformal68_budget0.10
"charge[8000,14000)",1433,6.5733713103996925,False,58,traditional,0.317310507863,0.1,2.2977077315558723,16.452992225990275,charge_bin_conformal68_budget0.10
"charge[1000,4000)",52,11.771288988049909,False,59,traditional,0.317310507863,0.1,2.428144663799447,15.307573943377454,charge_bin_conformal68_budget0.10
"charge[14000,24000)",4649,2.0931956243083882,False,59,traditional,0.317310507863,0.1,2.428144663799447,15.307573943377454,charge_bin_conformal68_budget0.10
"charge[24000,40000)",3105,2.0644585266535285,False,59,traditional,0.317310507863,0.1,2.428144663799447,15.307573943377454,charge_bin_conformal68_budget0.10
"charge[4000,8000)",251,11.666626154356075,False,59,traditional,0.317310507863,0.1,2.428144663799447,15.307573943377454,charge_bin_conformal68_budget0.10
"charge[40000,80000)",27,2.428144663799447,True,59,traditional,0.317310507863,0.1,2.428144663799447,15.307573943377454,charge_bin_conformal68_budget0.10
"charge[8000,14000)",1087,7.370782513552411,False,59,traditional,0.317310507863,0.1,2.428144663799447,15.307573943377454,charge_bin_conformal68_budget0.10
"charge[1000,4000)",42,12.105405890024224,False,60,traditional,0.317310507863,0.1,2.3706652599792855,9.948423974900287,charge_bin_conformal68_budget0.10
"charge[14000,24000)",4871,2.042873364833431,False,60,traditional,0.317310507863,0.1,2.3706652599792855,9.948423974900287,charge_bin_conformal68_budget0.10
"charge[24000,40000)",2602,2.057658084287547,False,60,traditional,0.317310507863,0.1,2.3706652599792855,9.948423974900287,charge_bin_conformal68_budget0.10
"charge[4000,8000)",233,11.618062569468494,False,60,traditional,0.317310507863,0.1,2.3706652599792855,9.948423974900287,charge_bin_conformal68_budget0.10
"charge[40000,80000)",23,2.3706652599792855,True,60,traditional,0.317310507863,0.1,2.3706652599792855,9.948423974900287,charge_bin_conformal68_budget0.10
"charge[8000,14000)",1265,6.27979639739469,False,60,traditional,0.317310507863,0.1,2.3706652599792855,9.948423974900287,charge_bin_conformal68_budget0.10
"charge[1000,4000)",57,9.905411111493613,False,61,traditional,0.317310507863,0.1,1.9575156975947543,13.296363749897521,charge_bin_conformal68_budget0.10
"charge[14000,24000)",4575,1.6514305216094796,False,61,traditional,0.317310507863,0.1,1.9575156975947543,13.296363749897521,charge_bin_conformal68_budget0.10
"charge[24000,40000)",2611,1.8571060131532227,False,61,traditional,0.317310507863,0.1,1.9575156975947543,13.296363749897521,charge_bin_conformal68_budget0.10
"charge[4000,8000)",210,11.141616943959546,False,61,traditional,0.317310507863,0.1,1.9575156975947543,13.296363749897521,charge_bin_conformal68_budget0.10
"charge[40000,80000)",23,1.9575156975947543,True,61,traditional,0.317310507863,0.1,1.9575156975947543,13.296363749897521,charge_bin_conformal68_budget0.10
"charge[8000,14000)",1185,6.0906835091480325,False,61,traditional,0.317310507863,0.1,1.9575156975947543,13.296363749897521,charge_bin_conformal68_budget0.10
"charge[1000,4000)",52,11.32789029880974,False,62,traditional,0.317310507863,0.1,2.424187907741835,13.318735941784738,charge_bin_conformal68_budget0.10
"charge[14000,24000)",4678,2.0520588684352896,False,62,traditional,0.317310507863,0.1,2.424187907741835,13.318735941784738,charge_bin_conformal68_budget0.10
"charge[24000,40000)",2904,2.142215878597171,False,62,traditional,0.317310507863,0.1,2.424187907741835,13.318735941784738,charge_bin_conformal68_budget0.10
"charge[4000,8000)",231,11.780233981095348,False,62,traditional,0.317310507863,0.1,2.424187907741835,13.318735941784738,charge_bin_conformal68_budget0.10
"charge[40000,80000)",20,2.424187907741835,True,62,traditional,0.317310507863,0.1,2.424187907741835,13.318735941784738,charge_bin_conformal68_budget0.10
"charge[8000,14000)",1154,6.633606328775871,False,62,traditional,0.317310507863,0.1,2.424187907741835,13.318735941784738,charge_bin_conformal68_budget0.10
"charge[1000,4000)",50,10.02640170406896,False,63,traditional,0.317310507863,0.1,2.3496391050371233,14.72974516541965,charge_bin_conformal68_budget0.10
"charge[14000,24000)",5395,1.9921302478613043,False,63,traditional,0.317310507863,0.1,2.3496391050371233,14.72974516541965,charge_bin_conformal68_budget0.10
"charge[24000,40000)",3362,2.064960843380642,False,63,traditional,0.317310507863,0.1,2.3496391050371233,14.72974516541965,charge_bin_conformal68_budget0.10
"charge[4000,8000)",251,11.651854043841144,False,63,traditional,0.317310507863,0.1,2.3496391050371233,14.72974516541965,charge_bin_conformal68_budget0.10
"charge[40000,80000)",28,2.3496391050371233,True,63,traditional,0.317310507863,0.1,2.3496391050371233,14.72974516541965,charge_bin_conformal68_budget0.10
"charge[8000,14000)",1264,7.036087739768318,False,63,traditional,0.317310507863,0.1,2.3496391050371233,14.72974516541965,charge_bin_conformal68_budget0.10
"charge[1000,4000)",54,11.975206282266543,False,65,traditional,0.317310507863,0.1,2.311348118316044,18.79084870188679,charge_bin_conformal68_budget0.10
"charge[14000,24000)",5884,1.9626796518695655,False,65,traditional,0.317310507863,0.1,2.311348118316044,18.79084870188679,charge_bin_conformal68_budget0.10
"charge[24000,40000)",3589,2.0440924318191622,False,65,traditional,0.317310507863,0.1,2.311348118316044,18.79084870188679,charge_bin_conformal68_budget0.10
"charge[4000,8000)",267,11.68109099794659,False,65,traditional,0.317310507863,0.1,2.311348118316044,18.79084870188679,charge_bin_conformal68_budget0.10
"charge[40000,80000)",30,9.179885766284345,False,65,traditional,0.317310507863,0.1,2.311348118316044,18.79084870188679,charge_bin_conformal68_budget0.10
"charge[8000,14000)",1438,6.768774561732431,False,65,traditional,0.317310507863,0.1,2.311348118316044,18.79084870188679,charge_bin_conformal68_budget0.10
"charge[1000,4000)",53,10.66142377269606,False,58,traditional,0.317310507863,0.2,2.2977077315558723,11.891347402670126,charge_bin_conformal68_budget0.20
"charge[14000,24000)",5888,1.958351847519124,False,58,traditional,0.317310507863,0.2,2.2977077315558723,11.891347402670126,charge_bin_conformal68_budget0.20
"charge[24000,40000)",3571,2.0436698891234735,False,58,traditional,0.317310507863,0.2,2.2977077315558723,11.891347402670126,charge_bin_conformal68_budget0.20
"charge[4000,8000)",267,11.68109099794659,False,58,traditional,0.317310507863,0.2,2.2977077315558723,11.891347402670126,charge_bin_conformal68_budget0.20
"charge[40000,80000)",29,2.2977077315558723,True,58,traditional,0.317310507863,0.2,2.2977077315558723,11.891347402670126,charge_bin_conformal68_budget0.20
"charge[8000,14000)",1433,6.5733713103996925,False,58,traditional,0.317310507863,0.2,2.2977077315558723,11.891347402670126,charge_bin_conformal68_budget0.20
"charge[1000,4000)",52,11.771288988049909,False,59,traditional,0.317310507863,0.2,2.428144663799447,6.890138024746849,charge_bin_conformal68_budget0.20
"charge[14000,24000)",4649,2.0931956243083882,False,59,traditional,0.317310507863,0.2,2.428144663799447,6.890138024746849,charge_bin_conformal68_budget0.20
"charge[24000,40000)",3105,2.0644585266535285,False,59,traditional,0.317310507863,0.2,2.428144663799447,6.890138024746849,charge_bin_conformal68_budget0.20
"charge[4000,8000)",251,11.666626154356075,False,59,traditional,0.317310507863,0.2,2.428144663799447,6.890138024746849,charge_bin_conformal68_budget0.20
"charge[40000,80000)",27,2.428144663799447,True,59,traditional,0.317310507863,0.2,2.428144663799447,6.890138024746849,charge_bin_conformal68_budget0.20
"charge[8000,14000)",1087,7.370782513552411,False,59,traditional,0.317310507863,0.2,2.428144663799447,6.890138024746849,charge_bin_conformal68_budget0.20
"charge[1000,4000)",42,12.105405890024224,False,60,traditional,0.317310507863,0.2,2.3706652599792855,5.7841123201714835,charge_bin_conformal68_budget0.20
"charge[14000,24000)",4871,2.042873364833431,False,60,traditional,0.317310507863,0.2,2.3706652599792855,5.7841123201714835,charge_bin_conformal68_budget0.20
"charge[24000,40000)",2602,2.057658084287547,False,60,traditional,0.317310507863,0.2,2.3706652599792855,5.7841123201714835,charge_bin_conformal68_budget0.20
"charge[4000,8000)",233,11.618062569468494,False,60,traditional,0.317310507863,0.2,2.3706652599792855,5.7841123201714835,charge_bin_conformal68_budget0.20
"charge[40000,80000)",23,2.3706652599792855,True,60,traditional,0.317310507863,0.2,2.3706652599792855,5.7841123201714835,charge_bin_conformal68_budget0.20
"charge[8000,14000)",1265,6.27979639739469,False,60,traditional,0.317310507863,0.2,2.3706652599792855,5.7841123201714835,charge_bin_conformal68_budget0.20
"charge[1000,4000)",57,9.905411111493613,False,61,traditional,0.317310507863,0.2,1.9575156975947543,7.817673060315283,charge_bin_conformal68_budget0.20
"charge[14000,24000)",4575,1.6514305216094796,False,61,traditional,0.317310507863,0.2,1.9575156975947543,7.817673060315283,charge_bin_conformal68_budget0.20
"charge[24000,40000)",2611,1.8571060131532227,False,61,traditional,0.317310507863,0.2,1.9575156975947543,7.817673060315283,charge_bin_conformal68_budget0.20
"charge[4000,8000)",210,11.141616943959546,False,61,traditional,0.317310507863,0.2,1.9575156975947543,7.817673060315283,charge_bin_conformal68_budget0.20
"charge[40000,80000)",23,1.9575156975947543,True,61,traditional,0.317310507863,0.2,1.9575156975947543,7.817673060315283,charge_bin_conformal68_budget0.20
"charge[8000,14000)",1185,6.0906835091480325,False,61,traditional,0.317310507863,0.2,1.9575156975947543,7.817673060315283,charge_bin_conformal68_budget0.20
"charge[1000,4000)",52,11.32789029880974,False,62,traditional,0.317310507863,0.2,2.424187907741835,6.283368668688354,charge_bin_conformal68_budget0.20
"charge[14000,24000)",4678,2.0520588684352896,False,62,traditional,0.317310507863,0.2,2.424187907741835,6.283368668688354,charge_bin_conformal68_budget0.20
"charge[24000,40000)",2904,2.142215878597171,False,62,traditional,0.317310507863,0.2,2.424187907741835,6.283368668688354,charge_bin_conformal68_budget0.20
"charge[4000,8000)",231,11.780233981095348,False,62,traditional,0.317310507863,0.2,2.424187907741835,6.283368668688354,charge_bin_conformal68_budget0.20
"charge[40000,80000)",20,2.424187907741835,True,62,traditional,0.317310507863,0.2,2.424187907741835,6.283368668688354,charge_bin_conformal68_budget0.20
"charge[8000,14000)",1154,6.633606328775871,False,62,traditional,0.317310507863,0.2,2.424187907741835,6.283368668688354,charge_bin_conformal68_budget0.20
"charge[1000,4000)",50,10.02640170406896,False,63,traditional,0.317310507863,0.2,2.3496391050371233,7.21622264388027,charge_bin_conformal68_budget0.20
"charge[14000,24000)",5395,1.9921302478613043,False,63,traditional,0.317310507863,0.2,2.3496391050371233,7.21622264388027,charge_bin_conformal68_budget0.20
"charge[24000,40000)",3362,2.064960843380642,False,63,traditional,0.317310507863,0.2,2.3496391050371233,7.21622264388027,charge_bin_conformal68_budget0.20
"charge[4000,8000)",251,11.651854043841144,False,63,traditional,0.317310507863,0.2,2.3496391050371233,7.21622264388027,charge_bin_conformal68_budget0.20
"charge[40000,80000)",28,2.3496391050371233,True,63,traditional,0.317310507863,0.2,2.3496391050371233,7.21622264388027,charge_bin_conformal68_budget0.20
"charge[8000,14000)",1264,7.036087739768318,False,63,traditional,0.317310507863,0.2,2.3496391050371233,7.21622264388027,charge_bin_conformal68_budget0.20
"charge[1000,4000)",54,11.975206282266543,False,65,traditional,0.317310507863,0.2,2.311348118316044,10.860851014353031,charge_bin_conformal68_budget0.20
"charge[14000,24000)",5884,1.9626796518695655,False,65,traditional,0.317310507863,0.2,2.311348118316044,10.860851014353031,charge_bin_conformal68_budget0.20
"charge[24000,40000)",3589,2.0440924318191622,False,65,traditional,0.317310507863,0.2,2.311348118316044,10.860851014353031,charge_bin_conformal68_budget0.20
"charge[4000,8000)",267,11.68109099794659,False,65,traditional,0.317310507863,0.2,2.311348118316044,10.860851014353031,charge_bin_conformal68_budget0.20
"charge[40000,80000)",30,9.179885766284345,False,65,traditional,0.317310507863,0.2,2.311348118316044,10.860851014353031,charge_bin_conformal68_budget0.20
"charge[8000,14000)",1438,6.768774561732431,False,65,traditional,0.317310507863,0.2,2.311348118316044,10.860851014353031,charge_bin_conformal68_budget0.20
"charge[1000,4000)",53,17.038910166352135,False,58,traditional,0.05,0.0,15.653494397308004,inf,charge_bin_conformal95_budget0.00
"charge[14000,24000)",5888,15.099890021097785,False,58,traditional,0.05,0.0,15.653494397308004,inf,charge_bin_conformal95_budget0.00
"charge[24000,40000)",3571,6.357749007284312,False,58,traditional,0.05,0.0,15.653494397308004,inf,charge_bin_conformal95_budget0.00
"charge[4000,8000)",267,18.25763187776521,False,58,traditional,0.05,0.0,15.653494397308004,inf,charge_bin_conformal95_budget0.00
"charge[40000,80000)",29,15.653494397308004,True,58,traditional,0.05,0.0,15.653494397308004,inf,charge_bin_conformal95_budget0.00
"charge[8000,14000)",1433,18.05743290870794,False,58,traditional,0.05,0.0,15.653494397308004,inf,charge_bin_conformal95_budget0.00
"charge[1000,4000)",52,17.25470295334041,False,59,traditional,0.05,0.0,15.843481683965239,inf,charge_bin_conformal95_budget0.00
"charge[14000,24000)",4649,15.284435208747446,False,59,traditional,0.05,0.0,15.843481683965239,inf,charge_bin_conformal95_budget0.00
"charge[24000,40000)",3105,6.397112145339043,False,59,traditional,0.05,0.0,15.843481683965239,inf,charge_bin_conformal95_budget0.00
"charge[4000,8000)",251,18.268193416544765,False,59,traditional,0.05,0.0,15.843481683965239,inf,charge_bin_conformal95_budget0.00
"charge[40000,80000)",27,15.843481683965239,True,59,traditional,0.05,0.0,15.843481683965239,inf,charge_bin_conformal95_budget0.00
"charge[8000,14000)",1087,18.169595445549387,False,59,traditional,0.05,0.0,15.843481683965239,inf,charge_bin_conformal95_budget0.00
"charge[1000,4000)",42,17.726942509355673,False,60,traditional,0.05,0.0,15.576096292649947,inf,charge_bin_conformal95_budget0.00
"charge[14000,24000)",4871,14.838056963009025,False,60,traditional,0.05,0.0,15.576096292649947,inf,charge_bin_conformal95_budget0.00
"charge[24000,40000)",2602,5.917531445201265,False,60,traditional,0.05,0.0,15.576096292649947,inf,charge_bin_conformal95_budget0.00
"charge[4000,8000)",233,18.51296423294171,False,60,traditional,0.05,0.0,15.576096292649947,inf,charge_bin_conformal95_budget0.00
"charge[40000,80000)",23,15.576096292649947,True,60,traditional,0.05,0.0,15.576096292649947,inf,charge_bin_conformal95_budget0.00
"charge[8000,14000)",1265,18.1181789327395,False,60,traditional,0.05,0.0,15.576096292649947,inf,charge_bin_conformal95_budget0.00
"charge[1000,4000)",57,17.01961207720015,False,61,traditional,0.05,0.0,15.16142730949124,inf,charge_bin_conformal95_budget0.00
"charge[14000,24000)",4575,14.629501999639697,False,61,traditional,0.05,0.0,15.16142730949124,inf,charge_bin_conformal95_budget0.00
"charge[24000,40000)",2611,6.3801776418219145,False,61,traditional,0.05,0.0,15.16142730949124,inf,charge_bin_conformal95_budget0.00
"charge[4000,8000)",210,17.047027398220468,False,61,traditional,0.05,0.0,15.16142730949124,inf,charge_bin_conformal95_budget0.00
"charge[40000,80000)",23,15.16142730949124,True,61,traditional,0.05,0.0,15.16142730949124,inf,charge_bin_conformal95_budget0.00
"charge[8000,14000)",1185,16.684125556875404,False,61,traditional,0.05,0.0,15.16142730949124,inf,charge_bin_conformal95_budget0.00
"charge[1000,4000)",52,17.213412816254717,False,62,traditional,0.05,0.0,15.982562828574144,inf,charge_bin_conformal95_budget0.00
"charge[14000,24000)",4678,15.494728112456949,False,62,traditional,0.05,0.0,15.982562828574144,inf,charge_bin_conformal95_budget0.00
"charge[24000,40000)",2904,6.578794964743854,False,62,traditional,0.05,0.0,15.982562828574144,inf,charge_bin_conformal95_budget0.00
"charge[4000,8000)",231,18.268193416544765,False,62,traditional,0.05,0.0,15.982562828574144,inf,charge_bin_conformal95_budget0.00
"charge[40000,80000)",20,15.982562828574144,True,62,traditional,0.05,0.0,15.982562828574144,inf,charge_bin_conformal95_budget0.00
"charge[8000,14000)",1154,18.177730806311928,False,62,traditional,0.05,0.0,15.982562828574144,inf,charge_bin_conformal95_budget0.00
"charge[1000,4000)",50,17.6902401652795,False,63,traditional,0.05,0.0,15.729909888336683,inf,charge_bin_conformal95_budget0.00
"charge[14000,24000)",5395,15.140326066365164,False,63,traditional,0.05,0.0,15.729909888336683,inf,charge_bin_conformal95_budget0.00
"charge[24000,40000)",3362,6.3550627225524865,False,63,traditional,0.05,0.0,15.729909888336683,inf,charge_bin_conformal95_budget0.00
"charge[4000,8000)",251,18.268193416544765,False,63,traditional,0.05,0.0,15.729909888336683,inf,charge_bin_conformal95_budget0.00
"charge[40000,80000)",28,15.729909888336683,True,63,traditional,0.05,0.0,15.729909888336683,inf,charge_bin_conformal95_budget0.00
"charge[8000,14000)",1264,18.112997394208936,False,63,traditional,0.05,0.0,15.729909888336683,inf,charge_bin_conformal95_budget0.00
"charge[1000,4000)",54,17.671888993241414,False,65,traditional,0.05,0.0,15.675900785836303,inf,charge_bin_conformal95_budget0.00
"charge[14000,24000)",5884,15.104845107096834,False,65,traditional,0.05,0.0,15.675900785836303,inf,charge_bin_conformal95_budget0.00
"charge[24000,40000)",3589,6.347032620754982,False,65,traditional,0.05,0.0,15.675900785836303,inf,charge_bin_conformal95_budget0.00
"charge[4000,8000)",267,18.271302109274185,False,65,traditional,0.05,0.0,15.675900785836303,inf,charge_bin_conformal95_budget0.00
"charge[40000,80000)",30,26.62395388672698,False,65,traditional,0.05,0.0,15.675900785836303,inf,charge_bin_conformal95_budget0.00
"charge[8000,14000)",1438,18.019362312773882,False,65,traditional,0.05,0.0,15.675900785836303,inf,charge_bin_conformal95_budget0.00
"charge[1000,4000)",53,17.038910166352135,False,58,traditional,0.05,0.05,15.653494397308004,46.62354886742704,charge_bin_conformal95_budget0.05
"charge[14000,24000)",5888,15.099890021097785,False,58,traditional,0.05,0.05,15.653494397308004,46.62354886742704,charge_bin_conformal95_budget0.05
"charge[24000,40000)",3571,6.357749007284312,False,58,traditional,0.05,0.05,15.653494397308004,46.62354886742704,charge_bin_conformal95_budget0.05
"charge[4000,8000)",267,18.25763187776521,False,58,traditional,0.05,0.05,15.653494397308004,46.62354886742704,charge_bin_conformal95_budget0.05
"charge[40000,80000)",29,15.653494397308004,True,58,traditional,0.05,0.05,15.653494397308004,46.62354886742704,charge_bin_conformal95_budget0.05
"charge[8000,14000)",1433,18.05743290870794,False,58,traditional,0.05,0.05,15.653494397308004,46.62354886742704,charge_bin_conformal95_budget0.05
"charge[1000,4000)",52,17.25470295334041,False,59,traditional,0.05,0.05,15.843481683965239,54.50933059008562,charge_bin_conformal95_budget0.05
"charge[14000,24000)",4649,15.284435208747446,False,59,traditional,0.05,0.05,15.843481683965239,54.50933059008562,charge_bin_conformal95_budget0.05
"charge[24000,40000)",3105,6.397112145339043,False,59,traditional,0.05,0.05,15.843481683965239,54.50933059008562,charge_bin_conformal95_budget0.05
"charge[4000,8000)",251,18.268193416544765,False,59,traditional,0.05,0.05,15.843481683965239,54.50933059008562,charge_bin_conformal95_budget0.05
"charge[40000,80000)",27,15.843481683965239,True,59,traditional,0.05,0.05,15.843481683965239,54.50933059008562,charge_bin_conformal95_budget0.05
"charge[8000,14000)",1087,18.169595445549387,False,59,traditional,0.05,0.05,15.843481683965239,54.50933059008562,charge_bin_conformal95_budget0.05
"charge[1000,4000)",42,17.726942509355673,False,60,traditional,0.05,0.05,15.576096292649947,44.81619426866096,charge_bin_conformal95_budget0.05
"charge[14000,24000)",4871,14.838056963009025,False,60,traditional,0.05,0.05,15.576096292649947,44.81619426866096,charge_bin_conformal95_budget0.05
"charge[24000,40000)",2602,5.917531445201265,False,60,traditional,0.05,0.05,15.576096292649947,44.81619426866096,charge_bin_conformal95_budget0.05
"charge[4000,8000)",233,18.51296423294171,False,60,traditional,0.05,0.05,15.576096292649947,44.81619426866096,charge_bin_conformal95_budget0.05
"charge[40000,80000)",23,15.576096292649947,True,60,traditional,0.05,0.05,15.576096292649947,44.81619426866096,charge_bin_conformal95_budget0.05
"charge[8000,14000)",1265,18.1181789327395,False,60,traditional,0.05,0.05,15.576096292649947,44.81619426866096,charge_bin_conformal95_budget0.05
"charge[1000,4000)",57,17.01961207720015,False,61,traditional,0.05,0.05,15.16142730949124,75.26882818048136,charge_bin_conformal95_budget0.05
"charge[14000,24000)",4575,14.629501999639697,False,61,traditional,0.05,0.05,15.16142730949124,75.26882818048136,charge_bin_conformal95_budget0.05
"charge[24000,40000)",2611,6.3801776418219145,False,61,traditional,0.05,0.05,15.16142730949124,75.26882818048136,charge_bin_conformal95_budget0.05
"charge[4000,8000)",210,17.047027398220468,False,61,traditional,0.05,0.05,15.16142730949124,75.26882818048136,charge_bin_conformal95_budget0.05
"charge[40000,80000)",23,15.16142730949124,True,61,traditional,0.05,0.05,15.16142730949124,75.26882818048136,charge_bin_conformal95_budget0.05
"charge[8000,14000)",1185,16.684125556875404,False,61,traditional,0.05,0.05,15.16142730949124,75.26882818048136,charge_bin_conformal95_budget0.05
"charge[1000,4000)",52,17.213412816254717,False,62,traditional,0.05,0.05,15.982562828574144,53.393483190718186,charge_bin_conformal95_budget0.05
"charge[14000,24000)",4678,15.494728112456949,False,62,traditional,0.05,0.05,15.982562828574144,53.393483190718186,charge_bin_conformal95_budget0.05
"charge[24000,40000)",2904,6.578794964743854,False,62,traditional,0.05,0.05,15.982562828574144,53.393483190718186,charge_bin_conformal95_budget0.05
"charge[4000,8000)",231,18.268193416544765,False,62,traditional,0.05,0.05,15.982562828574144,53.393483190718186,charge_bin_conformal95_budget0.05
"charge[40000,80000)",20,15.982562828574144,True,62,traditional,0.05,0.05,15.982562828574144,53.393483190718186,charge_bin_conformal95_budget0.05
"charge[8000,14000)",1154,18.177730806311928,False,62,traditional,0.05,0.05,15.982562828574144,53.393483190718186,charge_bin_conformal95_budget0.05
"charge[1000,4000)",50,17.6902401652795,False,63,traditional,0.05,0.05,15.729909888336683,53.00703906861637,charge_bin_conformal95_budget0.05
"charge[14000,24000)",5395,15.140326066365164,False,63,traditional,0.05,0.05,15.729909888336683,53.00703906861637,charge_bin_conformal95_budget0.05
"charge[24000,40000)",3362,6.3550627225524865,False,63,traditional,0.05,0.05,15.729909888336683,53.00703906861637,charge_bin_conformal95_budget0.05
"charge[4000,8000)",251,18.268193416544765,False,63,traditional,0.05,0.05,15.729909888336683,53.00703906861637,charge_bin_conformal95_budget0.05
"charge[40000,80000)",28,15.729909888336683,True,63,traditional,0.05,0.05,15.729909888336683,53.00703906861637,charge_bin_conformal95_budget0.05
"charge[8000,14000)",1264,18.112997394208936,False,63,traditional,0.05,0.05,15.729909888336683,53.00703906861637,charge_bin_conformal95_budget0.05
"charge[1000,4000)",54,17.671888993241414,False,65,traditional,0.05,0.05,15.675900785836303,57.240753989772855,charge_bin_conformal95_budget0.05
"charge[14000,24000)",5884,15.104845107096834,False,65,traditional,0.05,0.05,15.675900785836303,57.240753989772855,charge_bin_conformal95_budget0.05
"charge[24000,40000)",3589,6.347032620754982,False,65,traditional,0.05,0.05,15.675900785836303,57.240753989772855,charge_bin_conformal95_budget0.05
"charge[4000,8000)",267,18.271302109274185,False,65,traditional,0.05,0.05,15.675900785836303,57.240753989772855,charge_bin_conformal95_budget0.05
"charge[40000,80000)",30,26.62395388672698,False,65,traditional,0.05,0.05,15.675900785836303,57.240753989772855,charge_bin_conformal95_budget0.05
"charge[8000,14000)",1438,18.019362312773882,False,65,traditional,0.05,0.05,15.675900785836303,57.240753989772855,charge_bin_conformal95_budget0.05
"charge[1000,4000)",53,17.038910166352135,False,58,traditional,0.05,0.1,15.653494397308004,39.878933592974526,charge_bin_conformal95_budget0.10
"charge[14000,24000)",5888,15.099890021097785,False,58,traditional,0.05,0.1,15.653494397308004,39.878933592974526,charge_bin_conformal95_budget0.10
"charge[24000,40000)",3571,6.357749007284312,False,58,traditional,0.05,0.1,15.653494397308004,39.878933592974526,charge_bin_conformal95_budget0.10
"charge[4000,8000)",267,18.25763187776521,False,58,traditional,0.05,0.1,15.653494397308004,39.878933592974526,charge_bin_conformal95_budget0.10
"charge[40000,80000)",29,15.653494397308004,True,58,traditional,0.05,0.1,15.653494397308004,39.878933592974526,charge_bin_conformal95_budget0.10
"charge[8000,14000)",1433,18.05743290870794,False,58,traditional,0.05,0.1,15.653494397308004,39.878933592974526,charge_bin_conformal95_budget0.10
"charge[1000,4000)",52,17.25470295334041,False,59,traditional,0.05,0.1,15.843481683965239,44.32117344745859,charge_bin_conformal95_budget0.10
"charge[14000,24000)",4649,15.284435208747446,False,59,traditional,0.05,0.1,15.843481683965239,44.32117344745859,charge_bin_conformal95_budget0.10
"charge[24000,40000)",3105,6.397112145339043,False,59,traditional,0.05,0.1,15.843481683965239,44.32117344745859,charge_bin_conformal95_budget0.10
"charge[4000,8000)",251,18.268193416544765,False,59,traditional,0.05,0.1,15.843481683965239,44.32117344745859,charge_bin_conformal95_budget0.10
"charge[40000,80000)",27,15.843481683965239,True,59,traditional,0.05,0.1,15.843481683965239,44.32117344745859,charge_bin_conformal95_budget0.10
"charge[8000,14000)",1087,18.169595445549387,False,59,traditional,0.05,0.1,15.843481683965239,44.32117344745859,charge_bin_conformal95_budget0.10
"charge[1000,4000)",42,17.726942509355673,False,60,traditional,0.05,0.1,15.576096292649947,37.33775818778948,charge_bin_conformal95_budget0.10
"charge[14000,24000)",4871,14.838056963009025,False,60,traditional,0.05,0.1,15.576096292649947,37.33775818778948,charge_bin_conformal95_budget0.10
"charge[24000,40000)",2602,5.917531445201265,False,60,traditional,0.05,0.1,15.576096292649947,37.33775818778948,charge_bin_conformal95_budget0.10
"charge[4000,8000)",233,18.51296423294171,False,60,traditional,0.05,0.1,15.576096292649947,37.33775818778948,charge_bin_conformal95_budget0.10
"charge[40000,80000)",23,15.576096292649947,True,60,traditional,0.05,0.1,15.576096292649947,37.33775818778948,charge_bin_conformal95_budget0.10
"charge[8000,14000)",1265,18.1181789327395,False,60,traditional,0.05,0.1,15.576096292649947,37.33775818778948,charge_bin_conformal95_budget0.10
"charge[1000,4000)",57,17.01961207720015,False,61,traditional,0.05,0.1,15.16142730949124,60.98875852687144,charge_bin_conformal95_budget0.10
"charge[14000,24000)",4575,14.629501999639697,False,61,traditional,0.05,0.1,15.16142730949124,60.98875852687144,charge_bin_conformal95_budget0.10
"charge[24000,40000)",2611,6.3801776418219145,False,61,traditional,0.05,0.1,15.16142730949124,60.98875852687144,charge_bin_conformal95_budget0.10
"charge[4000,8000)",210,17.047027398220468,False,61,traditional,0.05,0.1,15.16142730949124,60.98875852687144,charge_bin_conformal95_budget0.10
"charge[40000,80000)",23,15.16142730949124,True,61,traditional,0.05,0.1,15.16142730949124,60.98875852687144,charge_bin_conformal95_budget0.10
"charge[8000,14000)",1185,16.684125556875404,False,61,traditional,0.05,0.1,15.16142730949124,60.98875852687144,charge_bin_conformal95_budget0.10
"charge[1000,4000)",52,17.213412816254717,False,62,traditional,0.05,0.1,15.982562828574144,44.3460541651684,charge_bin_conformal95_budget0.10
"charge[14000,24000)",4678,15.494728112456949,False,62,traditional,0.05,0.1,15.982562828574144,44.3460541651684,charge_bin_conformal95_budget0.10
"charge[24000,40000)",2904,6.578794964743854,False,62,traditional,0.05,0.1,15.982562828574144,44.3460541651684,charge_bin_conformal95_budget0.10
"charge[4000,8000)",231,18.268193416544765,False,62,traditional,0.05,0.1,15.982562828574144,44.3460541651684,charge_bin_conformal95_budget0.10
"charge[40000,80000)",20,15.982562828574144,True,62,traditional,0.05,0.1,15.982562828574144,44.3460541651684,charge_bin_conformal95_budget0.10
"charge[8000,14000)",1154,18.177730806311928,False,62,traditional,0.05,0.1,15.982562828574144,44.3460541651684,charge_bin_conformal95_budget0.10
"charge[1000,4000)",50,17.6902401652795,False,63,traditional,0.05,0.1,15.729909888336683,44.68121558499218,charge_bin_conformal95_budget0.10
"charge[14000,24000)",5395,15.140326066365164,False,63,traditional,0.05,0.1,15.729909888336683,44.68121558499218,charge_bin_conformal95_budget0.10
"charge[24000,40000)",3362,6.3550627225524865,False,63,traditional,0.05,0.1,15.729909888336683,44.68121558499218,charge_bin_conformal95_budget0.10
"charge[4000,8000)",251,18.268193416544765,False,63,traditional,0.05,0.1,15.729909888336683,44.68121558499218,charge_bin_conformal95_budget0.10
"charge[40000,80000)",28,15.729909888336683,True,63,traditional,0.05,0.1,15.729909888336683,44.68121558499218,charge_bin_conformal95_budget0.10
"charge[8000,14000)",1264,18.112997394208936,False,63,traditional,0.05,0.1,15.729909888336683,44.68121558499218,charge_bin_conformal95_budget0.10
"charge[1000,4000)",54,17.671888993241414,False,65,traditional,0.05,0.1,15.675900785836303,45.29284607356319,charge_bin_conformal95_budget0.10
"charge[14000,24000)",5884,15.104845107096834,False,65,traditional,0.05,0.1,15.675900785836303,45.29284607356319,charge_bin_conformal95_budget0.10
"charge[24000,40000)",3589,6.347032620754982,False,65,traditional,0.05,0.1,15.675900785836303,45.29284607356319,charge_bin_conformal95_budget0.10
"charge[4000,8000)",267,18.271302109274185,False,65,traditional,0.05,0.1,15.675900785836303,45.29284607356319,charge_bin_conformal95_budget0.10
"charge[40000,80000)",30,26.62395388672698,False,65,traditional,0.05,0.1,15.675900785836303,45.29284607356319,charge_bin_conformal95_budget0.10
"charge[8000,14000)",1438,18.019362312773882,False,65,traditional,0.05,0.1,15.675900785836303,45.29284607356319,charge_bin_conformal95_budget0.10
"charge[1000,4000)",53,17.038910166352135,False,58,traditional,0.05,0.2,15.653494397308004,35.331715523829125,charge_bin_conformal95_budget0.20
"charge[14000,24000)",5888,15.099890021097785,False,58,traditional,0.05,0.2,15.653494397308004,35.331715523829125,charge_bin_conformal95_budget0.20
"charge[24000,40000)",3571,6.357749007284312,False,58,traditional,0.05,0.2,15.653494397308004,35.331715523829125,charge_bin_conformal95_budget0.20
"charge[4000,8000)",267,18.25763187776521,False,58,traditional,0.05,0.2,15.653494397308004,35.331715523829125,charge_bin_conformal95_budget0.20
"charge[40000,80000)",29,15.653494397308004,True,58,traditional,0.05,0.2,15.653494397308004,35.331715523829125,charge_bin_conformal95_budget0.20
"charge[8000,14000)",1433,18.05743290870794,False,58,traditional,0.05,0.2,15.653494397308004,35.331715523829125,charge_bin_conformal95_budget0.20
"charge[1000,4000)",52,17.25470295334041,False,59,traditional,0.05,0.2,15.843481683965239,36.53420969295758,charge_bin_conformal95_budget0.20
"charge[14000,24000)",4649,15.284435208747446,False,59,traditional,0.05,0.2,15.843481683965239,36.53420969295758,charge_bin_conformal95_budget0.20
"charge[24000,40000)",3105,6.397112145339043,False,59,traditional,0.05,0.2,15.843481683965239,36.53420969295758,charge_bin_conformal95_budget0.20
"charge[4000,8000)",251,18.268193416544765,False,59,traditional,0.05,0.2,15.843481683965239,36.53420969295758,charge_bin_conformal95_budget0.20
"charge[40000,80000)",27,15.843481683965239,True,59,traditional,0.05,0.2,15.843481683965239,36.53420969295758,charge_bin_conformal95_budget0.20
"charge[8000,14000)",1087,18.169595445549387,False,59,traditional,0.05,0.2,15.843481683965239,36.53420969295758,charge_bin_conformal95_budget0.20
"charge[1000,4000)",42,17.726942509355673,False,60,traditional,0.05,0.2,15.576096292649947,29.66302015748791,charge_bin_conformal95_budget0.20
"charge[14000,24000)",4871,14.838056963009025,False,60,traditional,0.05,0.2,15.576096292649947,29.66302015748791,charge_bin_conformal95_budget0.20
"charge[24000,40000)",2602,5.917531445201265,False,60,traditional,0.05,0.2,15.576096292649947,29.66302015748791,charge_bin_conformal95_budget0.20
"charge[4000,8000)",233,18.51296423294171,False,60,traditional,0.05,0.2,15.576096292649947,29.66302015748791,charge_bin_conformal95_budget0.20
"charge[40000,80000)",23,15.576096292649947,True,60,traditional,0.05,0.2,15.576096292649947,29.66302015748791,charge_bin_conformal95_budget0.20
"charge[8000,14000)",1265,18.1181789327395,False,60,traditional,0.05,0.2,15.576096292649947,29.66302015748791,charge_bin_conformal95_budget0.20
"charge[1000,4000)",57,17.01961207720015,False,61,traditional,0.05,0.2,15.16142730949124,44.892539097568594,charge_bin_conformal95_budget0.20
"charge[14000,24000)",4575,14.629501999639697,False,61,traditional,0.05,0.2,15.16142730949124,44.892539097568594,charge_bin_conformal95_budget0.20
"charge[24000,40000)",2611,6.3801776418219145,False,61,traditional,0.05,0.2,15.16142730949124,44.892539097568594,charge_bin_conformal95_budget0.20
"charge[4000,8000)",210,17.047027398220468,False,61,traditional,0.05,0.2,15.16142730949124,44.892539097568594,charge_bin_conformal95_budget0.20
"charge[40000,80000)",23,15.16142730949124,True,61,traditional,0.05,0.2,15.16142730949124,44.892539097568594,charge_bin_conformal95_budget0.20
"charge[8000,14000)",1185,16.684125556875404,False,61,traditional,0.05,0.2,15.16142730949124,44.892539097568594,charge_bin_conformal95_budget0.20
"charge[1000,4000)",52,17.213412816254717,False,62,traditional,0.05,0.2,15.982562828574144,36.49187365733401,charge_bin_conformal95_budget0.20
"charge[14000,24000)",4678,15.494728112456949,False,62,traditional,0.05,0.2,15.982562828574144,36.49187365733401,charge_bin_conformal95_budget0.20
"charge[24000,40000)",2904,6.578794964743854,False,62,traditional,0.05,0.2,15.982562828574144,36.49187365733401,charge_bin_conformal95_budget0.20
"charge[4000,8000)",231,18.268193416544765,False,62,traditional,0.05,0.2,15.982562828574144,36.49187365733401,charge_bin_conformal95_budget0.20
"charge[40000,80000)",20,15.982562828574144,True,62,traditional,0.05,0.2,15.982562828574144,36.49187365733401,charge_bin_conformal95_budget0.20
"charge[8000,14000)",1154,18.177730806311928,False,62,traditional,0.05,0.2,15.982562828574144,36.49187365733401,charge_bin_conformal95_budget0.20
"charge[1000,4000)",50,17.6902401652795,False,63,traditional,0.05,0.2,15.729909888336683,35.85176739834677,charge_bin_conformal95_budget0.20
"charge[14000,24000)",5395,15.140326066365164,False,63,traditional,0.05,0.2,15.729909888336683,35.85176739834677,charge_bin_conformal95_budget0.20
"charge[24000,40000)",3362,6.3550627225524865,False,63,traditional,0.05,0.2,15.729909888336683,35.85176739834677,charge_bin_conformal95_budget0.20
"charge[4000,8000)",251,18.268193416544765,False,63,traditional,0.05,0.2,15.729909888336683,35.85176739834677,charge_bin_conformal95_budget0.20
"charge[40000,80000)",28,15.729909888336683,True,63,traditional,0.05,0.2,15.729909888336683,35.85176739834677,charge_bin_conformal95_budget0.20
"charge[8000,14000)",1264,18.112997394208936,False,63,traditional,0.05,0.2,15.729909888336683,35.85176739834677,charge_bin_conformal95_budget0.20
"charge[1000,4000)",54,17.671888993241414,False,65,traditional,0.05,0.2,15.675900785836303,38.10068244833282,charge_bin_conformal95_budget0.20
"charge[14000,24000)",5884,15.104845107096834,False,65,traditional,0.05,0.2,15.675900785836303,38.10068244833282,charge_bin_conformal95_budget0.20
"charge[24000,40000)",3589,6.347032620754982,False,65,traditional,0.05,0.2,15.675900785836303,38.10068244833282,charge_bin_conformal95_budget0.20
"charge[4000,8000)",267,18.271302109274185,False,65,traditional,0.05,0.2,15.675900785836303,38.10068244833282,charge_bin_conformal95_budget0.20
"charge[40000,80000)",30,26.62395388672698,False,65,traditional,0.05,0.2,15.675900785836303,38.10068244833282,charge_bin_conformal95_budget0.20
"charge[8000,14000)",1438,18.019362312773882,False,65,traditional,0.05,0.2,15.675900785836303,38.10068244833282,charge_bin_conformal95_budget0.20
"charge[1000,4000)",53,1.0910696638470574,False,58,ridge,0.317310507863,0.0,1.34927753774462,inf,charge_bin_conformal68_budget0.00
"charge[14000,24000)",5888,1.3533912416689697,False,58,ridge,0.317310507863,0.0,1.34927753774462,inf,charge_bin_conformal68_budget0.00
"charge[24000,40000)",3571,1.4005697224426148,False,58,ridge,0.317310507863,0.0,1.34927753774462,inf,charge_bin_conformal68_budget0.00
"charge[4000,8000)",267,1.212598623071571,False,58,ridge,0.317310507863,0.0,1.34927753774462,inf,charge_bin_conformal68_budget0.00
"charge[40000,80000)",29,1.34927753774462,True,58,ridge,0.317310507863,0.0,1.34927753774462,inf,charge_bin_conformal68_budget0.00
"charge[8000,14000)",1433,1.3112830367510437,False,58,ridge,0.317310507863,0.0,1.34927753774462,inf,charge_bin_conformal68_budget0.00
"charge[1000,4000)",52,1.1774628424974076,False,59,ridge,0.317310507863,0.0,1.3308451081911838,inf,charge_bin_conformal68_budget0.00
"charge[14000,24000)",4649,1.3492958552131091,False,59,ridge,0.317310507863,0.0,1.3308451081911838,inf,charge_bin_conformal68_budget0.00
"charge[24000,40000)",3105,1.3643390172402656,False,59,ridge,0.317310507863,0.0,1.3308451081911838,inf,charge_bin_conformal68_budget0.00
"charge[4000,8000)",251,1.2181947067428498,False,59,ridge,0.317310507863,0.0,1.3308451081911838,inf,charge_bin_conformal68_budget0.00
"charge[40000,80000)",27,1.3308451081911838,True,59,ridge,0.317310507863,0.0,1.3308451081911838,inf,charge_bin_conformal68_budget0.00
"charge[8000,14000)",1087,1.2579784601000734,False,59,ridge,0.317310507863,0.0,1.3308451081911838,inf,charge_bin_conformal68_budget0.00
"charge[1000,4000)",42,1.1908739634533985,False,60,ridge,0.317310507863,0.0,1.3739401893536936,inf,charge_bin_conformal68_budget0.00
"charge[14000,24000)",4871,1.3788855491583314,False,60,ridge,0.317310507863,0.0,1.3739401893536936,inf,charge_bin_conformal68_budget0.00
"charge[24000,40000)",2602,1.4571659219578477,False,60,ridge,0.317310507863,0.0,1.3739401893536936,inf,charge_bin_conformal68_budget0.00
"charge[4000,8000)",233,1.2453945318707824,False,60,ridge,0.317310507863,0.0,1.3739401893536936,inf,charge_bin_conformal68_budget0.00
"charge[40000,80000)",23,1.3739401893536936,True,60,ridge,0.317310507863,0.0,1.3739401893536936,inf,charge_bin_conformal68_budget0.00
"charge[8000,14000)",1265,1.312400685343628,False,60,ridge,0.317310507863,0.0,1.3739401893536936,inf,charge_bin_conformal68_budget0.00
"charge[1000,4000)",57,1.1675031195014172,False,61,ridge,0.317310507863,0.0,1.2500963829721528,inf,charge_bin_conformal68_budget0.00
"charge[14000,24000)",4575,1.2431970953900529,False,61,ridge,0.317310507863,0.0,1.2500963829721528,inf,charge_bin_conformal68_budget0.00
"charge[24000,40000)",2611,1.2525712012154124,False,61,ridge,0.317310507863,0.0,1.2500963829721528,inf,charge_bin_conformal68_budget0.00
"charge[4000,8000)",210,1.1468267457883883,False,61,ridge,0.317310507863,0.0,1.2500963829721528,inf,charge_bin_conformal68_budget0.00
"charge[40000,80000)",23,1.2500963829721528,True,61,ridge,0.317310507863,0.0,1.2500963829721528,inf,charge_bin_conformal68_budget0.00
"charge[8000,14000)",1185,1.2875402822935107,False,61,ridge,0.317310507863,0.0,1.2500963829721528,inf,charge_bin_conformal68_budget0.00
"charge[1000,4000)",52,1.1824331432828283,False,62,ridge,0.317310507863,0.0,1.4138629638654696,inf,charge_bin_conformal68_budget0.00
"charge[14000,24000)",4678,1.4258812862642727,False,62,ridge,0.317310507863,0.0,1.4138629638654696,inf,charge_bin_conformal68_budget0.00
"charge[24000,40000)",2904,1.469060956135248,False,62,ridge,0.317310507863,0.0,1.4138629638654696,inf,charge_bin_conformal68_budget0.00
"charge[4000,8000)",231,1.281784153652832,False,62,ridge,0.317310507863,0.0,1.4138629638654696,inf,charge_bin_conformal68_budget0.00
"charge[40000,80000)",20,1.4138629638654696,True,62,ridge,0.317310507863,0.0,1.4138629638654696,inf,charge_bin_conformal68_budget0.00
"charge[8000,14000)",1154,1.3585645171573915,False,62,ridge,0.317310507863,0.0,1.4138629638654696,inf,charge_bin_conformal68_budget0.00
"charge[1000,4000)",50,1.18068148331932,False,63,ridge,0.317310507863,0.0,1.3738830323283546,inf,charge_bin_conformal68_budget0.00
"charge[14000,24000)",5395,1.374790779299297,False,63,ridge,0.317310507863,0.0,1.3738830323283546,inf,charge_bin_conformal68_budget0.00
"charge[24000,40000)",3362,1.4269752945583591,False,63,ridge,0.317310507863,0.0,1.3738830323283546,inf,charge_bin_conformal68_budget0.00
"charge[4000,8000)",251,1.2768132631234408,False,63,ridge,0.317310507863,0.0,1.3738830323283546,inf,charge_bin_conformal68_budget0.00
"charge[40000,80000)",28,1.3738830323283546,True,63,ridge,0.317310507863,0.0,1.3738830323283546,inf,charge_bin_conformal68_budget0.00
"charge[8000,14000)",1264,1.349473475178933,False,63,ridge,0.317310507863,0.0,1.3738830323283546,inf,charge_bin_conformal68_budget0.00
"charge[1000,4000)",54,1.1666869117829202,False,65,ridge,0.317310507863,0.0,1.3520021139589515,inf,charge_bin_conformal68_budget0.00
"charge[14000,24000)",5884,1.3555276506133778,False,65,ridge,0.317310507863,0.0,1.3520021139589515,inf,charge_bin_conformal68_budget0.00
"charge[24000,40000)",3589,1.402730597808649,False,65,ridge,0.317310507863,0.0,1.3520021139589515,inf,charge_bin_conformal68_budget0.00
"charge[4000,8000)",267,1.212598623071571,False,65,ridge,0.317310507863,0.0,1.3520021139589515,inf,charge_bin_conformal68_budget0.00
"charge[40000,80000)",30,1.8856566753968351,False,65,ridge,0.317310507863,0.0,1.3520021139589515,inf,charge_bin_conformal68_budget0.00
"charge[8000,14000)",1438,1.3146114527372534,False,65,ridge,0.317310507863,0.0,1.3520021139589515,inf,charge_bin_conformal68_budget0.00
"charge[1000,4000)",53,1.0910696638470574,False,58,ridge,0.317310507863,0.05,1.34927753774462,4.235588188852082,charge_bin_conformal68_budget0.05
"charge[14000,24000)",5888,1.3533912416689697,False,58,ridge,0.317310507863,0.05,1.34927753774462,4.235588188852082,charge_bin_conformal68_budget0.05
"charge[24000,40000)",3571,1.4005697224426148,False,58,ridge,0.317310507863,0.05,1.34927753774462,4.235588188852082,charge_bin_conformal68_budget0.05
"charge[4000,8000)",267,1.212598623071571,False,58,ridge,0.317310507863,0.05,1.34927753774462,4.235588188852082,charge_bin_conformal68_budget0.05
"charge[40000,80000)",29,1.34927753774462,True,58,ridge,0.317310507863,0.05,1.34927753774462,4.235588188852082,charge_bin_conformal68_budget0.05
"charge[8000,14000)",1433,1.3112830367510437,False,58,ridge,0.317310507863,0.05,1.34927753774462,4.235588188852082,charge_bin_conformal68_budget0.05
"charge[1000,4000)",52,1.1774628424974076,False,59,ridge,0.317310507863,0.05,1.3308451081911838,4.806867066674356,charge_bin_conformal68_budget0.05
"charge[14000,24000)",4649,1.3492958552131091,False,59,ridge,0.317310507863,0.05,1.3308451081911838,4.806867066674356,charge_bin_conformal68_budget0.05
"charge[24000,40000)",3105,1.3643390172402656,False,59,ridge,0.317310507863,0.05,1.3308451081911838,4.806867066674356,charge_bin_conformal68_budget0.05
"charge[4000,8000)",251,1.2181947067428498,False,59,ridge,0.317310507863,0.05,1.3308451081911838,4.806867066674356,charge_bin_conformal68_budget0.05
"charge[40000,80000)",27,1.3308451081911838,True,59,ridge,0.317310507863,0.05,1.3308451081911838,4.806867066674356,charge_bin_conformal68_budget0.05
"charge[8000,14000)",1087,1.2579784601000734,False,59,ridge,0.317310507863,0.05,1.3308451081911838,4.806867066674356,charge_bin_conformal68_budget0.05
"charge[1000,4000)",42,1.1908739634533985,False,60,ridge,0.317310507863,0.05,1.3739401893536936,5.188203886335799,charge_bin_conformal68_budget0.05
"charge[14000,24000)",4871,1.3788855491583314,False,60,ridge,0.317310507863,0.05,1.3739401893536936,5.188203886335799,charge_bin_conformal68_budget0.05
"charge[24000,40000)",2602,1.4571659219578477,False,60,ridge,0.317310507863,0.05,1.3739401893536936,5.188203886335799,charge_bin_conformal68_budget0.05
"charge[4000,8000)",233,1.2453945318707824,False,60,ridge,0.317310507863,0.05,1.3739401893536936,5.188203886335799,charge_bin_conformal68_budget0.05
"charge[40000,80000)",23,1.3739401893536936,True,60,ridge,0.317310507863,0.05,1.3739401893536936,5.188203886335799,charge_bin_conformal68_budget0.05
"charge[8000,14000)",1265,1.312400685343628,False,60,ridge,0.317310507863,0.05,1.3739401893536936,5.188203886335799,charge_bin_conformal68_budget0.05
"charge[1000,4000)",57,1.1675031195014172,False,61,ridge,0.317310507863,0.05,1.2500963829721528,6.500683551491368,charge_bin_conformal68_budget0.05
"charge[14000,24000)",4575,1.2431970953900529,False,61,ridge,0.317310507863,0.05,1.2500963829721528,6.500683551491368,charge_bin_conformal68_budget0.05
"charge[24000,40000)",2611,1.2525712012154124,False,61,ridge,0.317310507863,0.05,1.2500963829721528,6.500683551491368,charge_bin_conformal68_budget0.05
"charge[4000,8000)",210,1.1468267457883883,False,61,ridge,0.317310507863,0.05,1.2500963829721528,6.500683551491368,charge_bin_conformal68_budget0.05
"charge[40000,80000)",23,1.2500963829721528,True,61,ridge,0.317310507863,0.05,1.2500963829721528,6.500683551491368,charge_bin_conformal68_budget0.05
"charge[8000,14000)",1185,1.2875402822935107,False,61,ridge,0.317310507863,0.05,1.2500963829721528,6.500683551491368,charge_bin_conformal68_budget0.05
"charge[1000,4000)",52,1.1824331432828283,False,62,ridge,0.317310507863,0.05,1.4138629638654696,5.129116684889508,charge_bin_conformal68_budget0.05
"charge[14000,24000)",4678,1.4258812862642727,False,62,ridge,0.317310507863,0.05,1.4138629638654696,5.129116684889508,charge_bin_conformal68_budget0.05
"charge[24000,40000)",2904,1.469060956135248,False,62,ridge,0.317310507863,0.05,1.4138629638654696,5.129116684889508,charge_bin_conformal68_budget0.05
"charge[4000,8000)",231,1.281784153652832,False,62,ridge,0.317310507863,0.05,1.4138629638654696,5.129116684889508,charge_bin_conformal68_budget0.05
"charge[40000,80000)",20,1.4138629638654696,True,62,ridge,0.317310507863,0.05,1.4138629638654696,5.129116684889508,charge_bin_conformal68_budget0.05
"charge[8000,14000)",1154,1.3585645171573915,False,62,ridge,0.317310507863,0.05,1.4138629638654696,5.129116684889508,charge_bin_conformal68_budget0.05
"charge[1000,4000)",50,1.18068148331932,False,63,ridge,0.317310507863,0.05,1.3738830323283546,4.685931419262209,charge_bin_conformal68_budget0.05
"charge[14000,24000)",5395,1.374790779299297,False,63,ridge,0.317310507863,0.05,1.3738830323283546,4.685931419262209,charge_bin_conformal68_budget0.05
"charge[24000,40000)",3362,1.4269752945583591,False,63,ridge,0.317310507863,0.05,1.3738830323283546,4.685931419262209,charge_bin_conformal68_budget0.05
"charge[4000,8000)",251,1.2768132631234408,False,63,ridge,0.317310507863,0.05,1.3738830323283546,4.685931419262209,charge_bin_conformal68_budget0.05
"charge[40000,80000)",28,1.3738830323283546,True,63,ridge,0.317310507863,0.05,1.3738830323283546,4.685931419262209,charge_bin_conformal68_budget0.05
"charge[8000,14000)",1264,1.349473475178933,False,63,ridge,0.317310507863,0.05,1.3738830323283546,4.685931419262209,charge_bin_conformal68_budget0.05
"charge[1000,4000)",54,1.1666869117829202,False,65,ridge,0.317310507863,0.05,1.3520021139589515,4.992343649103993,charge_bin_conformal68_budget0.05
"charge[14000,24000)",5884,1.3555276506133778,False,65,ridge,0.317310507863,0.05,1.3520021139589515,4.992343649103993,charge_bin_conformal68_budget0.05
"charge[24000,40000)",3589,1.402730597808649,False,65,ridge,0.317310507863,0.05,1.3520021139589515,4.992343649103993,charge_bin_conformal68_budget0.05
"charge[4000,8000)",267,1.212598623071571,False,65,ridge,0.317310507863,0.05,1.3520021139589515,4.992343649103993,charge_bin_conformal68_budget0.05
"charge[40000,80000)",30,1.8856566753968351,False,65,ridge,0.317310507863,0.05,1.3520021139589515,4.992343649103993,charge_bin_conformal68_budget0.05
"charge[8000,14000)",1438,1.3146114527372534,False,65,ridge,0.317310507863,0.05,1.3520021139589515,4.992343649103993,charge_bin_conformal68_budget0.05
"charge[1000,4000)",53,1.0910696638470574,False,58,ridge,0.317310507863,0.1,1.34927753774462,3.4926762613263174,charge_bin_conformal68_budget0.10
"charge[14000,24000)",5888,1.3533912416689697,False,58,ridge,0.317310507863,0.1,1.34927753774462,3.4926762613263174,charge_bin_conformal68_budget0.10
"charge[24000,40000)",3571,1.4005697224426148,False,58,ridge,0.317310507863,0.1,1.34927753774462,3.4926762613263174,charge_bin_conformal68_budget0.10
"charge[4000,8000)",267,1.212598623071571,False,58,ridge,0.317310507863,0.1,1.34927753774462,3.4926762613263174,charge_bin_conformal68_budget0.10
"charge[40000,80000)",29,1.34927753774462,True,58,ridge,0.317310507863,0.1,1.34927753774462,3.4926762613263174,charge_bin_conformal68_budget0.10
"charge[8000,14000)",1433,1.3112830367510437,False,58,ridge,0.317310507863,0.1,1.34927753774462,3.4926762613263174,charge_bin_conformal68_budget0.10
"charge[1000,4000)",52,1.1774628424974076,False,59,ridge,0.317310507863,0.1,1.3308451081911838,3.960286237692119,charge_bin_conformal68_budget0.10
"charge[14000,24000)",4649,1.3492958552131091,False,59,ridge,0.317310507863,0.1,1.3308451081911838,3.960286237692119,charge_bin_conformal68_budget0.10
"charge[24000,40000)",3105,1.3643390172402656,False,59,ridge,0.317310507863,0.1,1.3308451081911838,3.960286237692119,charge_bin_conformal68_budget0.10
"charge[4000,8000)",251,1.2181947067428498,False,59,ridge,0.317310507863,0.1,1.3308451081911838,3.960286237692119,charge_bin_conformal68_budget0.10
"charge[40000,80000)",27,1.3308451081911838,True,59,ridge,0.317310507863,0.1,1.3308451081911838,3.960286237692119,charge_bin_conformal68_budget0.10
"charge[8000,14000)",1087,1.2579784601000734,False,59,ridge,0.317310507863,0.1,1.3308451081911838,3.960286237692119,charge_bin_conformal68_budget0.10
"charge[1000,4000)",42,1.1908739634533985,False,60,ridge,0.317310507863,0.1,1.3739401893536936,4.148496853304403,charge_bin_conformal68_budget0.10
"charge[14000,24000)",4871,1.3788855491583314,False,60,ridge,0.317310507863,0.1,1.3739401893536936,4.148496853304403,charge_bin_conformal68_budget0.10
"charge[24000,40000)",2602,1.4571659219578477,False,60,ridge,0.317310507863,0.1,1.3739401893536936,4.148496853304403,charge_bin_conformal68_budget0.10
"charge[4000,8000)",233,1.2453945318707824,False,60,ridge,0.317310507863,0.1,1.3739401893536936,4.148496853304403,charge_bin_conformal68_budget0.10
"charge[40000,80000)",23,1.3739401893536936,True,60,ridge,0.317310507863,0.1,1.3739401893536936,4.148496853304403,charge_bin_conformal68_budget0.10
"charge[8000,14000)",1265,1.312400685343628,False,60,ridge,0.317310507863,0.1,1.3739401893536936,4.148496853304403,charge_bin_conformal68_budget0.10
"charge[1000,4000)",57,1.1675031195014172,False,61,ridge,0.317310507863,0.1,1.2500963829721528,5.5628794804356225,charge_bin_conformal68_budget0.10
"charge[14000,24000)",4575,1.2431970953900529,False,61,ridge,0.317310507863,0.1,1.2500963829721528,5.5628794804356225,charge_bin_conformal68_budget0.10
"charge[24000,40000)",2611,1.2525712012154124,False,61,ridge,0.317310507863,0.1,1.2500963829721528,5.5628794804356225,charge_bin_conformal68_budget0.10
"charge[4000,8000)",210,1.1468267457883883,False,61,ridge,0.317310507863,0.1,1.2500963829721528,5.5628794804356225,charge_bin_conformal68_budget0.10
"charge[40000,80000)",23,1.2500963829721528,True,61,ridge,0.317310507863,0.1,1.2500963829721528,5.5628794804356225,charge_bin_conformal68_budget0.10
"charge[8000,14000)",1185,1.2875402822935107,False,61,ridge,0.317310507863,0.1,1.2500963829721528,5.5628794804356225,charge_bin_conformal68_budget0.10
"charge[1000,4000)",52,1.1824331432828283,False,62,ridge,0.317310507863,0.1,1.4138629638654696,4.340974800894868,charge_bin_conformal68_budget0.10
"charge[14000,24000)",4678,1.4258812862642727,False,62,ridge,0.317310507863,0.1,1.4138629638654696,4.340974800894868,charge_bin_conformal68_budget0.10
"charge[24000,40000)",2904,1.469060956135248,False,62,ridge,0.317310507863,0.1,1.4138629638654696,4.340974800894868,charge_bin_conformal68_budget0.10
"charge[4000,8000)",231,1.281784153652832,False,62,ridge,0.317310507863,0.1,1.4138629638654696,4.340974800894868,charge_bin_conformal68_budget0.10
"charge[40000,80000)",20,1.4138629638654696,True,62,ridge,0.317310507863,0.1,1.4138629638654696,4.340974800894868,charge_bin_conformal68_budget0.10
"charge[8000,14000)",1154,1.3585645171573915,False,62,ridge,0.317310507863,0.1,1.4138629638654696,4.340974800894868,charge_bin_conformal68_budget0.10
"charge[1000,4000)",50,1.18068148331932,False,63,ridge,0.317310507863,0.1,1.3738830323283546,3.909382237912639,charge_bin_conformal68_budget0.10
"charge[14000,24000)",5395,1.374790779299297,False,63,ridge,0.317310507863,0.1,1.3738830323283546,3.909382237912639,charge_bin_conformal68_budget0.10
"charge[24000,40000)",3362,1.4269752945583591,False,63,ridge,0.317310507863,0.1,1.3738830323283546,3.909382237912639,charge_bin_conformal68_budget0.10
"charge[4000,8000)",251,1.2768132631234408,False,63,ridge,0.317310507863,0.1,1.3738830323283546,3.909382237912639,charge_bin_conformal68_budget0.10
"charge[40000,80000)",28,1.3738830323283546,True,63,ridge,0.317310507863,0.1,1.3738830323283546,3.909382237912639,charge_bin_conformal68_budget0.10
"charge[8000,14000)",1264,1.349473475178933,False,63,ridge,0.317310507863,0.1,1.3738830323283546,3.909382237912639,charge_bin_conformal68_budget0.10
"charge[1000,4000)",54,1.1666869117829202,False,65,ridge,0.317310507863,0.1,1.3520021139589515,3.9740595741485394,charge_bin_conformal68_budget0.10
"charge[14000,24000)",5884,1.3555276506133778,False,65,ridge,0.317310507863,0.1,1.3520021139589515,3.9740595741485394,charge_bin_conformal68_budget0.10
"charge[24000,40000)",3589,1.402730597808649,False,65,ridge,0.317310507863,0.1,1.3520021139589515,3.9740595741485394,charge_bin_conformal68_budget0.10
"charge[4000,8000)",267,1.212598623071571,False,65,ridge,0.317310507863,0.1,1.3520021139589515,3.9740595741485394,charge_bin_conformal68_budget0.10
"charge[40000,80000)",30,1.8856566753968351,False,65,ridge,0.317310507863,0.1,1.3520021139589515,3.9740595741485394,charge_bin_conformal68_budget0.10
"charge[8000,14000)",1438,1.3146114527372534,False,65,ridge,0.317310507863,0.1,1.3520021139589515,3.9740595741485394,charge_bin_conformal68_budget0.10
"charge[1000,4000)",53,1.0910696638470574,False,58,ridge,0.317310507863,0.2,1.34927753774462,3.1849978335161517,charge_bin_conformal68_budget0.20
"charge[14000,24000)",5888,1.3533912416689697,False,58,ridge,0.317310507863,0.2,1.34927753774462,3.1849978335161517,charge_bin_conformal68_budget0.20
"charge[24000,40000)",3571,1.4005697224426148,False,58,ridge,0.317310507863,0.2,1.34927753774462,3.1849978335161517,charge_bin_conformal68_budget0.20
"charge[4000,8000)",267,1.212598623071571,False,58,ridge,0.317310507863,0.2,1.34927753774462,3.1849978335161517,charge_bin_conformal68_budget0.20
"charge[40000,80000)",29,1.34927753774462,True,58,ridge,0.317310507863,0.2,1.34927753774462,3.1849978335161517,charge_bin_conformal68_budget0.20
"charge[8000,14000)",1433,1.3112830367510437,False,58,ridge,0.317310507863,0.2,1.34927753774462,3.1849978335161517,charge_bin_conformal68_budget0.20
"charge[1000,4000)",52,1.1774628424974076,False,59,ridge,0.317310507863,0.2,1.3308451081911838,3.204730407782416,charge_bin_conformal68_budget0.20
"charge[14000,24000)",4649,1.3492958552131091,False,59,ridge,0.317310507863,0.2,1.3308451081911838,3.204730407782416,charge_bin_conformal68_budget0.20
"charge[24000,40000)",3105,1.3643390172402656,False,59,ridge,0.317310507863,0.2,1.3308451081911838,3.204730407782416,charge_bin_conformal68_budget0.20
"charge[4000,8000)",251,1.2181947067428498,False,59,ridge,0.317310507863,0.2,1.3308451081911838,3.204730407782416,charge_bin_conformal68_budget0.20
"charge[40000,80000)",27,1.3308451081911838,True,59,ridge,0.317310507863,0.2,1.3308451081911838,3.204730407782416,charge_bin_conformal68_budget0.20
"charge[8000,14000)",1087,1.2579784601000734,False,59,ridge,0.317310507863,0.2,1.3308451081911838,3.204730407782416,charge_bin_conformal68_budget0.20
"charge[1000,4000)",42,1.1908739634533985,False,60,ridge,0.317310507863,0.2,1.3739401893536936,3.2324181874800826,charge_bin_conformal68_budget0.20
"charge[14000,24000)",4871,1.3788855491583314,False,60,ridge,0.317310507863,0.2,1.3739401893536936,3.2324181874800826,charge_bin_conformal68_budget0.20
"charge[24000,40000)",2602,1.4571659219578477,False,60,ridge,0.317310507863,0.2,1.3739401893536936,3.2324181874800826,charge_bin_conformal68_budget0.20
"charge[4000,8000)",233,1.2453945318707824,False,60,ridge,0.317310507863,0.2,1.3739401893536936,3.2324181874800826,charge_bin_conformal68_budget0.20
"charge[40000,80000)",23,1.3739401893536936,True,60,ridge,0.317310507863,0.2,1.3739401893536936,3.2324181874800826,charge_bin_conformal68_budget0.20
"charge[8000,14000)",1265,1.312400685343628,False,60,ridge,0.317310507863,0.2,1.3739401893536936,3.2324181874800826,charge_bin_conformal68_budget0.20
"charge[1000,4000)",57,1.1675031195014172,False,61,ridge,0.317310507863,0.2,1.2500963829721528,4.368676397063001,charge_bin_conformal68_budget0.20
"charge[14000,24000)",4575,1.2431970953900529,False,61,ridge,0.317310507863,0.2,1.2500963829721528,4.368676397063001,charge_bin_conformal68_budget0.20
"charge[24000,40000)",2611,1.2525712012154124,False,61,ridge,0.317310507863,0.2,1.2500963829721528,4.368676397063001,charge_bin_conformal68_budget0.20
"charge[4000,8000)",210,1.1468267457883883,False,61,ridge,0.317310507863,0.2,1.2500963829721528,4.368676397063001,charge_bin_conformal68_budget0.20
"charge[40000,80000)",23,1.2500963829721528,True,61,ridge,0.317310507863,0.2,1.2500963829721528,4.368676397063001,charge_bin_conformal68_budget0.20
"charge[8000,14000)",1185,1.2875402822935107,False,61,ridge,0.317310507863,0.2,1.2500963829721528,4.368676397063001,charge_bin_conformal68_budget0.20
"charge[1000,4000)",52,1.1824331432828283,False,62,ridge,0.317310507863,0.2,1.4138629638654696,3.452420334430172,charge_bin_conformal68_budget0.20
"charge[14000,24000)",4678,1.4258812862642727,False,62,ridge,0.317310507863,0.2,1.4138629638654696,3.452420334430172,charge_bin_conformal68_budget0.20
"charge[24000,40000)",2904,1.469060956135248,False,62,ridge,0.317310507863,0.2,1.4138629638654696,3.452420334430172,charge_bin_conformal68_budget0.20
"charge[4000,8000)",231,1.281784153652832,False,62,ridge,0.317310507863,0.2,1.4138629638654696,3.452420334430172,charge_bin_conformal68_budget0.20
"charge[40000,80000)",20,1.4138629638654696,True,62,ridge,0.317310507863,0.2,1.4138629638654696,3.452420334430172,charge_bin_conformal68_budget0.20
"charge[8000,14000)",1154,1.3585645171573915,False,62,ridge,0.317310507863,0.2,1.4138629638654696,3.452420334430172,charge_bin_conformal68_budget0.20
"charge[1000,4000)",50,1.18068148331932,False,63,ridge,0.317310507863,0.2,1.3738830323283546,3.1686781714070067,charge_bin_conformal68_budget0.20
"charge[14000,24000)",5395,1.374790779299297,False,63,ridge,0.317310507863,0.2,1.3738830323283546,3.1686781714070067,charge_bin_conformal68_budget0.20
"charge[24000,40000)",3362,1.4269752945583591,False,63,ridge,0.317310507863,0.2,1.3738830323283546,3.1686781714070067,charge_bin_conformal68_budget0.20
"charge[4000,8000)",251,1.2768132631234408,False,63,ridge,0.317310507863,0.2,1.3738830323283546,3.1686781714070067,charge_bin_conformal68_budget0.20
"charge[40000,80000)",28,1.3738830323283546,True,63,ridge,0.317310507863,0.2,1.3738830323283546,3.1686781714070067,charge_bin_conformal68_budget0.20
"charge[8000,14000)",1264,1.349473475178933,False,63,ridge,0.317310507863,0.2,1.3738830323283546,3.1686781714070067,charge_bin_conformal68_budget0.20
"charge[1000,4000)",54,1.1666869117829202,False,65,ridge,0.317310507863,0.2,1.3520021139589515,3.2543690990227554,charge_bin_conformal68_budget0.20
"charge[14000,24000)",5884,1.3555276506133778,False,65,ridge,0.317310507863,0.2,1.3520021139589515,3.2543690990227554,charge_bin_conformal68_budget0.20
"charge[24000,40000)",3589,1.402730597808649,False,65,ridge,0.317310507863,0.2,1.3520021139589515,3.2543690990227554,charge_bin_conformal68_budget0.20
"charge[4000,8000)",267,1.212598623071571,False,65,ridge,0.317310507863,0.2,1.3520021139589515,3.2543690990227554,charge_bin_conformal68_budget0.20
"charge[40000,80000)",30,1.8856566753968351,False,65,ridge,0.317310507863,0.2,1.3520021139589515,3.2543690990227554,charge_bin_conformal68_budget0.20
"charge[8000,14000)",1438,1.3146114527372534,False,65,ridge,0.317310507863,0.2,1.3520021139589515,3.2543690990227554,charge_bin_conformal68_budget0.20
"charge[1000,4000)",53,1.6890573054656268,False,58,ridge,0.05,0.0,2.665714907238748,inf,charge_bin_conformal95_budget0.00
"charge[14000,24000)",5888,2.6008133165247678,False,58,ridge,0.05,0.0,2.665714907238748,inf,charge_bin_conformal95_budget0.00
"charge[24000,40000)",3571,2.946563689611417,False,58,ridge,0.05,0.0,2.665714907238748,inf,charge_bin_conformal95_budget0.00
"charge[4000,8000)",267,1.8160732680706326,False,58,ridge,0.05,0.0,2.665714907238748,inf,charge_bin_conformal95_budget0.00
"charge[40000,80000)",29,2.665714907238748,True,58,ridge,0.05,0.0,2.665714907238748,inf,charge_bin_conformal95_budget0.00
"charge[8000,14000)",1433,2.2308564422449466,False,58,ridge,0.05,0.0,2.665714907238748,inf,charge_bin_conformal95_budget0.00
"charge[1000,4000)",52,1.7941725014424685,False,59,ridge,0.05,0.0,2.6583171700050627,inf,charge_bin_conformal95_budget0.00
"charge[14000,24000)",4649,2.602366851856906,False,59,ridge,0.05,0.0,2.6583171700050627,inf,charge_bin_conformal95_budget0.00
"charge[24000,40000)",3105,2.9010533741548286,False,59,ridge,0.05,0.0,2.6583171700050627,inf,charge_bin_conformal95_budget0.00
"charge[4000,8000)",251,1.7489144968232107,False,59,ridge,0.05,0.0,2.6583171700050627,inf,charge_bin_conformal95_budget0.00
"charge[40000,80000)",27,2.6583171700050627,True,59,ridge,0.05,0.0,2.6583171700050627,inf,charge_bin_conformal95_budget0.00
"charge[8000,14000)",1087,2.2375355457724173,False,59,ridge,0.05,0.0,2.6583171700050627,inf,charge_bin_conformal95_budget0.00
"charge[1000,4000)",42,1.7151967244809512,False,60,ridge,0.05,0.0,2.730266639186776,inf,charge_bin_conformal95_budget0.00
"charge[14000,24000)",4871,2.6654659447956615,False,60,ridge,0.05,0.0,2.730266639186776,inf,charge_bin_conformal95_budget0.00
"charge[24000,40000)",2602,3.0531200235862257,False,60,ridge,0.05,0.0,2.730266639186776,inf,charge_bin_conformal95_budget0.00
"charge[4000,8000)",233,1.7471918164102205,False,60,ridge,0.05,0.0,2.730266639186776,inf,charge_bin_conformal95_budget0.00
"charge[40000,80000)",23,2.730266639186776,True,60,ridge,0.05,0.0,2.730266639186776,inf,charge_bin_conformal95_budget0.00
"charge[8000,14000)",1265,2.2464673301630813,False,60,ridge,0.05,0.0,2.730266639186776,inf,charge_bin_conformal95_budget0.00
"charge[1000,4000)",57,1.5941591572842788,False,61,ridge,0.05,0.0,2.3985176634093475,inf,charge_bin_conformal95_budget0.00
"charge[14000,24000)",4575,2.283098032740811,False,61,ridge,0.05,0.0,2.3985176634093475,inf,charge_bin_conformal95_budget0.00
"charge[24000,40000)",2611,2.7882757440764534,False,61,ridge,0.05,0.0,2.3985176634093475,inf,charge_bin_conformal95_budget0.00
"charge[4000,8000)",210,1.8115403906315806,False,61,ridge,0.05,0.0,2.3985176634093475,inf,charge_bin_conformal95_budget0.00
"charge[40000,80000)",23,2.3985176634093475,True,61,ridge,0.05,0.0,2.3985176634093475,inf,charge_bin_conformal95_budget0.00
"charge[8000,14000)",1185,2.092541967969632,False,61,ridge,0.05,0.0,2.3985176634093475,inf,charge_bin_conformal95_budget0.00
"charge[1000,4000)",52,1.7941725014424685,False,62,ridge,0.05,0.0,2.745974614878125,inf,charge_bin_conformal95_budget0.00
"charge[14000,24000)",4678,2.6854625674074253,False,62,ridge,0.05,0.0,2.745974614878125,inf,charge_bin_conformal95_budget0.00
"charge[24000,40000)",2904,2.9798147628719156,False,62,ridge,0.05,0.0,2.745974614878125,inf,charge_bin_conformal95_budget0.00
"charge[4000,8000)",231,1.8350128579661924,False,62,ridge,0.05,0.0,2.745974614878125,inf,charge_bin_conformal95_budget0.00
"charge[40000,80000)",20,2.745974614878125,True,62,ridge,0.05,0.0,2.745974614878125,inf,charge_bin_conformal95_budget0.00
"charge[8000,14000)",1154,2.317707075395667,False,62,ridge,0.05,0.0,2.745974614878125,inf,charge_bin_conformal95_budget0.00
"charge[1000,4000)",50,1.811194605029567,False,63,ridge,0.05,0.0,2.685120763067888,inf,charge_bin_conformal95_budget0.00
"charge[14000,24000)",5395,2.618714487513017,False,63,ridge,0.05,0.0,2.685120763067888,inf,charge_bin_conformal95_budget0.00
"charge[24000,40000)",3362,2.9522703356153963,False,63,ridge,0.05,0.0,2.685120763067888,inf,charge_bin_conformal95_budget0.00
"charge[4000,8000)",251,1.7547747243027865,False,63,ridge,0.05,0.0,2.685120763067888,inf,charge_bin_conformal95_budget0.00
"charge[40000,80000)",28,2.685120763067888,True,63,ridge,0.05,0.0,2.685120763067888,inf,charge_bin_conformal95_budget0.00
"charge[8000,14000)",1264,2.2467570604566025,False,63,ridge,0.05,0.0,2.685120763067888,inf,charge_bin_conformal95_budget0.00
"charge[1000,4000)",54,1.7771503978553698,False,65,ridge,0.05,0.0,2.6657127861721825,inf,charge_bin_conformal95_budget0.00
"charge[14000,24000)",5884,2.5826438544792096,False,65,ridge,0.05,0.0,2.6657127861721825,inf,charge_bin_conformal95_budget0.00
"charge[24000,40000)",3589,2.947117971632235,False,65,ridge,0.05,0.0,2.6657127861721825,inf,charge_bin_conformal95_budget0.00
"charge[4000,8000)",267,1.8160732680706326,False,65,ridge,0.05,0.0,2.6657127861721825,inf,charge_bin_conformal95_budget0.00
"charge[40000,80000)",30,7.864079879707662,False,65,ridge,0.05,0.0,2.6657127861721825,inf,charge_bin_conformal95_budget0.00
"charge[8000,14000)",1438,2.2413625354739057,False,65,ridge,0.05,0.0,2.6657127861721825,inf,charge_bin_conformal95_budget0.00
"charge[1000,4000)",53,1.6890573054656268,False,58,ridge,0.05,0.05,2.665714907238748,8.600810718636545,charge_bin_conformal95_budget0.05
"charge[14000,24000)",5888,2.6008133165247678,False,58,ridge,0.05,0.05,2.665714907238748,8.600810718636545,charge_bin_conformal95_budget0.05
"charge[24000,40000)",3571,2.946563689611417,False,58,ridge,0.05,0.05,2.665714907238748,8.600810718636545,charge_bin_conformal95_budget0.05
"charge[4000,8000)",267,1.8160732680706326,False,58,ridge,0.05,0.05,2.665714907238748,8.600810718636545,charge_bin_conformal95_budget0.05
"charge[40000,80000)",29,2.665714907238748,True,58,ridge,0.05,0.05,2.665714907238748,8.600810718636545,charge_bin_conformal95_budget0.05
"charge[8000,14000)",1433,2.2308564422449466,False,58,ridge,0.05,0.05,2.665714907238748,8.600810718636545,charge_bin_conformal95_budget0.05
"charge[1000,4000)",52,1.7941725014424685,False,59,ridge,0.05,0.05,2.6583171700050627,9.457144156169246,charge_bin_conformal95_budget0.05
"charge[14000,24000)",4649,2.602366851856906,False,59,ridge,0.05,0.05,2.6583171700050627,9.457144156169246,charge_bin_conformal95_budget0.05
"charge[24000,40000)",3105,2.9010533741548286,False,59,ridge,0.05,0.05,2.6583171700050627,9.457144156169246,charge_bin_conformal95_budget0.05
"charge[4000,8000)",251,1.7489144968232107,False,59,ridge,0.05,0.05,2.6583171700050627,9.457144156169246,charge_bin_conformal95_budget0.05
"charge[40000,80000)",27,2.6583171700050627,True,59,ridge,0.05,0.05,2.6583171700050627,9.457144156169246,charge_bin_conformal95_budget0.05
"charge[8000,14000)",1087,2.2375355457724173,False,59,ridge,0.05,0.05,2.6583171700050627,9.457144156169246,charge_bin_conformal95_budget0.05
"charge[1000,4000)",42,1.7151967244809512,False,60,ridge,0.05,0.05,2.730266639186776,10.364360763901727,charge_bin_conformal95_budget0.05
"charge[14000,24000)",4871,2.6654659447956615,False,60,ridge,0.05,0.05,2.730266639186776,10.364360763901727,charge_bin_conformal95_budget0.05
"charge[24000,40000)",2602,3.0531200235862257,False,60,ridge,0.05,0.05,2.730266639186776,10.364360763901727,charge_bin_conformal95_budget0.05
"charge[4000,8000)",233,1.7471918164102205,False,60,ridge,0.05,0.05,2.730266639186776,10.364360763901727,charge_bin_conformal95_budget0.05
"charge[40000,80000)",23,2.730266639186776,True,60,ridge,0.05,0.05,2.730266639186776,10.364360763901727,charge_bin_conformal95_budget0.05
"charge[8000,14000)",1265,2.2464673301630813,False,60,ridge,0.05,0.05,2.730266639186776,10.364360763901727,charge_bin_conformal95_budget0.05
"charge[1000,4000)",57,1.5941591572842788,False,61,ridge,0.05,0.05,2.3985176634093475,12.712424807866627,charge_bin_conformal95_budget0.05
"charge[14000,24000)",4575,2.283098032740811,False,61,ridge,0.05,0.05,2.3985176634093475,12.712424807866627,charge_bin_conformal95_budget0.05
"charge[24000,40000)",2611,2.7882757440764534,False,61,ridge,0.05,0.05,2.3985176634093475,12.712424807866627,charge_bin_conformal95_budget0.05
"charge[4000,8000)",210,1.8115403906315806,False,61,ridge,0.05,0.05,2.3985176634093475,12.712424807866627,charge_bin_conformal95_budget0.05
"charge[40000,80000)",23,2.3985176634093475,True,61,ridge,0.05,0.05,2.3985176634093475,12.712424807866627,charge_bin_conformal95_budget0.05
"charge[8000,14000)",1185,2.092541967969632,False,61,ridge,0.05,0.05,2.3985176634093475,12.712424807866627,charge_bin_conformal95_budget0.05
"charge[1000,4000)",52,1.7941725014424685,False,62,ridge,0.05,0.05,2.745974614878125,9.658211128185366,charge_bin_conformal95_budget0.05
"charge[14000,24000)",4678,2.6854625674074253,False,62,ridge,0.05,0.05,2.745974614878125,9.658211128185366,charge_bin_conformal95_budget0.05
"charge[24000,40000)",2904,2.9798147628719156,False,62,ridge,0.05,0.05,2.745974614878125,9.658211128185366,charge_bin_conformal95_budget0.05
"charge[4000,8000)",231,1.8350128579661924,False,62,ridge,0.05,0.05,2.745974614878125,9.658211128185366,charge_bin_conformal95_budget0.05
"charge[40000,80000)",20,2.745974614878125,True,62,ridge,0.05,0.05,2.745974614878125,9.658211128185366,charge_bin_conformal95_budget0.05
"charge[8000,14000)",1154,2.317707075395667,False,62,ridge,0.05,0.05,2.745974614878125,9.658211128185366,charge_bin_conformal95_budget0.05
"charge[1000,4000)",50,1.811194605029567,False,63,ridge,0.05,0.05,2.685120763067888,8.899517282976943,charge_bin_conformal95_budget0.05
"charge[14000,24000)",5395,2.618714487513017,False,63,ridge,0.05,0.05,2.685120763067888,8.899517282976943,charge_bin_conformal95_budget0.05
"charge[24000,40000)",3362,2.9522703356153963,False,63,ridge,0.05,0.05,2.685120763067888,8.899517282976943,charge_bin_conformal95_budget0.05
"charge[4000,8000)",251,1.7547747243027865,False,63,ridge,0.05,0.05,2.685120763067888,8.899517282976943,charge_bin_conformal95_budget0.05
"charge[40000,80000)",28,2.685120763067888,True,63,ridge,0.05,0.05,2.685120763067888,8.899517282976943,charge_bin_conformal95_budget0.05
"charge[8000,14000)",1264,2.2467570604566025,False,63,ridge,0.05,0.05,2.685120763067888,8.899517282976943,charge_bin_conformal95_budget0.05
"charge[1000,4000)",54,1.7771503978553698,False,65,ridge,0.05,0.05,2.6657127861721825,9.253183719623223,charge_bin_conformal95_budget0.05
"charge[14000,24000)",5884,2.5826438544792096,False,65,ridge,0.05,0.05,2.6657127861721825,9.253183719623223,charge_bin_conformal95_budget0.05
"charge[24000,40000)",3589,2.947117971632235,False,65,ridge,0.05,0.05,2.6657127861721825,9.253183719623223,charge_bin_conformal95_budget0.05
"charge[4000,8000)",267,1.8160732680706326,False,65,ridge,0.05,0.05,2.6657127861721825,9.253183719623223,charge_bin_conformal95_budget0.05
"charge[40000,80000)",30,7.864079879707662,False,65,ridge,0.05,0.05,2.6657127861721825,9.253183719623223,charge_bin_conformal95_budget0.05
"charge[8000,14000)",1438,2.2413625354739057,False,65,ridge,0.05,0.05,2.6657127861721825,9.253183719623223,charge_bin_conformal95_budget0.05
"charge[1000,4000)",53,1.6890573054656268,False,58,ridge,0.05,0.1,2.665714907238748,6.996607136972539,charge_bin_conformal95_budget0.10
"charge[14000,24000)",5888,2.6008133165247678,False,58,ridge,0.05,0.1,2.665714907238748,6.996607136972539,charge_bin_conformal95_budget0.10
"charge[24000,40000)",3571,2.946563689611417,False,58,ridge,0.05,0.1,2.665714907238748,6.996607136972539,charge_bin_conformal95_budget0.10
"charge[4000,8000)",267,1.8160732680706326,False,58,ridge,0.05,0.1,2.665714907238748,6.996607136972539,charge_bin_conformal95_budget0.10
"charge[40000,80000)",29,2.665714907238748,True,58,ridge,0.05,0.1,2.665714907238748,6.996607136972539,charge_bin_conformal95_budget0.10
"charge[8000,14000)",1433,2.2308564422449466,False,58,ridge,0.05,0.1,2.665714907238748,6.996607136972539,charge_bin_conformal95_budget0.10
"charge[1000,4000)",52,1.7941725014424685,False,59,ridge,0.05,0.1,2.6583171700050627,7.668404232980666,charge_bin_conformal95_budget0.10
"charge[14000,24000)",4649,2.602366851856906,False,59,ridge,0.05,0.1,2.6583171700050627,7.668404232980666,charge_bin_conformal95_budget0.10
"charge[24000,40000)",3105,2.9010533741548286,False,59,ridge,0.05,0.1,2.6583171700050627,7.668404232980666,charge_bin_conformal95_budget0.10
"charge[4000,8000)",251,1.7489144968232107,False,59,ridge,0.05,0.1,2.6583171700050627,7.668404232980666,charge_bin_conformal95_budget0.10
"charge[40000,80000)",27,2.6583171700050627,True,59,ridge,0.05,0.1,2.6583171700050627,7.668404232980666,charge_bin_conformal95_budget0.10
"charge[8000,14000)",1087,2.2375355457724173,False,59,ridge,0.05,0.1,2.6583171700050627,7.668404232980666,charge_bin_conformal95_budget0.10
"charge[1000,4000)",42,1.7151967244809512,False,60,ridge,0.05,0.1,2.730266639186776,8.262154944435885,charge_bin_conformal95_budget0.10
"charge[14000,24000)",4871,2.6654659447956615,False,60,ridge,0.05,0.1,2.730266639186776,8.262154944435885,charge_bin_conformal95_budget0.10
"charge[24000,40000)",2602,3.0531200235862257,False,60,ridge,0.05,0.1,2.730266639186776,8.262154944435885,charge_bin_conformal95_budget0.10
"charge[4000,8000)",233,1.7471918164102205,False,60,ridge,0.05,0.1,2.730266639186776,8.262154944435885,charge_bin_conformal95_budget0.10
"charge[40000,80000)",23,2.730266639186776,True,60,ridge,0.05,0.1,2.730266639186776,8.262154944435885,charge_bin_conformal95_budget0.10
"charge[8000,14000)",1265,2.2464673301630813,False,60,ridge,0.05,0.1,2.730266639186776,8.262154944435885,charge_bin_conformal95_budget0.10
"charge[1000,4000)",57,1.5941591572842788,False,61,ridge,0.05,0.1,2.3985176634093475,10.800649007615073,charge_bin_conformal95_budget0.10
"charge[14000,24000)",4575,2.283098032740811,False,61,ridge,0.05,0.1,2.3985176634093475,10.800649007615073,charge_bin_conformal95_budget0.10
"charge[24000,40000)",2611,2.7882757440764534,False,61,ridge,0.05,0.1,2.3985176634093475,10.800649007615073,charge_bin_conformal95_budget0.10
"charge[4000,8000)",210,1.8115403906315806,False,61,ridge,0.05,0.1,2.3985176634093475,10.800649007615073,charge_bin_conformal95_budget0.10
"charge[40000,80000)",23,2.3985176634093475,True,61,ridge,0.05,0.1,2.3985176634093475,10.800649007615073,charge_bin_conformal95_budget0.10
"charge[8000,14000)",1185,2.092541967969632,False,61,ridge,0.05,0.1,2.3985176634093475,10.800649007615073,charge_bin_conformal95_budget0.10
"charge[1000,4000)",52,1.7941725014424685,False,62,ridge,0.05,0.1,2.745974614878125,8.238859956749263,charge_bin_conformal95_budget0.10
"charge[14000,24000)",4678,2.6854625674074253,False,62,ridge,0.05,0.1,2.745974614878125,8.238859956749263,charge_bin_conformal95_budget0.10
"charge[24000,40000)",2904,2.9798147628719156,False,62,ridge,0.05,0.1,2.745974614878125,8.238859956749263,charge_bin_conformal95_budget0.10
"charge[4000,8000)",231,1.8350128579661924,False,62,ridge,0.05,0.1,2.745974614878125,8.238859956749263,charge_bin_conformal95_budget0.10
"charge[40000,80000)",20,2.745974614878125,True,62,ridge,0.05,0.1,2.745974614878125,8.238859956749263,charge_bin_conformal95_budget0.10
"charge[8000,14000)",1154,2.317707075395667,False,62,ridge,0.05,0.1,2.745974614878125,8.238859956749263,charge_bin_conformal95_budget0.10
"charge[1000,4000)",50,1.811194605029567,False,63,ridge,0.05,0.1,2.685120763067888,7.5882044544044165,charge_bin_conformal95_budget0.10
"charge[14000,24000)",5395,2.618714487513017,False,63,ridge,0.05,0.1,2.685120763067888,7.5882044544044165,charge_bin_conformal95_budget0.10
"charge[24000,40000)",3362,2.9522703356153963,False,63,ridge,0.05,0.1,2.685120763067888,7.5882044544044165,charge_bin_conformal95_budget0.10
"charge[4000,8000)",251,1.7547747243027865,False,63,ridge,0.05,0.1,2.685120763067888,7.5882044544044165,charge_bin_conformal95_budget0.10
"charge[40000,80000)",28,2.685120763067888,True,63,ridge,0.05,0.1,2.685120763067888,7.5882044544044165,charge_bin_conformal95_budget0.10
"charge[8000,14000)",1264,2.2467570604566025,False,63,ridge,0.05,0.1,2.685120763067888,7.5882044544044165,charge_bin_conformal95_budget0.10
"charge[1000,4000)",54,1.7771503978553698,False,65,ridge,0.05,0.1,2.6657127861721825,7.826616489097516,charge_bin_conformal95_budget0.10
"charge[14000,24000)",5884,2.5826438544792096,False,65,ridge,0.05,0.1,2.6657127861721825,7.826616489097516,charge_bin_conformal95_budget0.10
"charge[24000,40000)",3589,2.947117971632235,False,65,ridge,0.05,0.1,2.6657127861721825,7.826616489097516,charge_bin_conformal95_budget0.10
"charge[4000,8000)",267,1.8160732680706326,False,65,ridge,0.05,0.1,2.6657127861721825,7.826616489097516,charge_bin_conformal95_budget0.10
"charge[40000,80000)",30,7.864079879707662,False,65,ridge,0.05,0.1,2.6657127861721825,7.826616489097516,charge_bin_conformal95_budget0.10
"charge[8000,14000)",1438,2.2413625354739057,False,65,ridge,0.05,0.1,2.6657127861721825,7.826616489097516,charge_bin_conformal95_budget0.10
"charge[1000,4000)",53,1.6890573054656268,False,58,ridge,0.05,0.2,2.665714907238748,6.132820389584566,charge_bin_conformal95_budget0.20
"charge[14000,24000)",5888,2.6008133165247678,False,58,ridge,0.05,0.2,2.665714907238748,6.132820389584566,charge_bin_conformal95_budget0.20
"charge[24000,40000)",3571,2.946563689611417,False,58,ridge,0.05,0.2,2.665714907238748,6.132820389584566,charge_bin_conformal95_budget0.20
"charge[4000,8000)",267,1.8160732680706326,False,58,ridge,0.05,0.2,2.665714907238748,6.132820389584566,charge_bin_conformal95_budget0.20
"charge[40000,80000)",29,2.665714907238748,True,58,ridge,0.05,0.2,2.665714907238748,6.132820389584566,charge_bin_conformal95_budget0.20
"charge[8000,14000)",1433,2.2308564422449466,False,58,ridge,0.05,0.2,2.665714907238748,6.132820389584566,charge_bin_conformal95_budget0.20
"charge[1000,4000)",52,1.7941725014424685,False,59,ridge,0.05,0.2,2.6583171700050627,6.184517033366342,charge_bin_conformal95_budget0.20
"charge[14000,24000)",4649,2.602366851856906,False,59,ridge,0.05,0.2,2.6583171700050627,6.184517033366342,charge_bin_conformal95_budget0.20
"charge[24000,40000)",3105,2.9010533741548286,False,59,ridge,0.05,0.2,2.6583171700050627,6.184517033366342,charge_bin_conformal95_budget0.20
"charge[4000,8000)",251,1.7489144968232107,False,59,ridge,0.05,0.2,2.6583171700050627,6.184517033366342,charge_bin_conformal95_budget0.20
"charge[40000,80000)",27,2.6583171700050627,True,59,ridge,0.05,0.2,2.6583171700050627,6.184517033366342,charge_bin_conformal95_budget0.20
"charge[8000,14000)",1087,2.2375355457724173,False,59,ridge,0.05,0.2,2.6583171700050627,6.184517033366342,charge_bin_conformal95_budget0.20
"charge[1000,4000)",42,1.7151967244809512,False,60,ridge,0.05,0.2,2.730266639186776,6.368520711469418,charge_bin_conformal95_budget0.20
"charge[14000,24000)",4871,2.6654659447956615,False,60,ridge,0.05,0.2,2.730266639186776,6.368520711469418,charge_bin_conformal95_budget0.20
"charge[24000,40000)",2602,3.0531200235862257,False,60,ridge,0.05,0.2,2.730266639186776,6.368520711469418,charge_bin_conformal95_budget0.20
"charge[4000,8000)",233,1.7471918164102205,False,60,ridge,0.05,0.2,2.730266639186776,6.368520711469418,charge_bin_conformal95_budget0.20
"charge[40000,80000)",23,2.730266639186776,True,60,ridge,0.05,0.2,2.730266639186776,6.368520711469418,charge_bin_conformal95_budget0.20
"charge[8000,14000)",1265,2.2464673301630813,False,60,ridge,0.05,0.2,2.730266639186776,6.368520711469418,charge_bin_conformal95_budget0.20
"charge[1000,4000)",57,1.5941591572842788,False,61,ridge,0.05,0.2,2.3985176634093475,8.461865081503378,charge_bin_conformal95_budget0.20
"charge[14000,24000)",4575,2.283098032740811,False,61,ridge,0.05,0.2,2.3985176634093475,8.461865081503378,charge_bin_conformal95_budget0.20
"charge[24000,40000)",2611,2.7882757440764534,False,61,ridge,0.05,0.2,2.3985176634093475,8.461865081503378,charge_bin_conformal95_budget0.20
"charge[4000,8000)",210,1.8115403906315806,False,61,ridge,0.05,0.2,2.3985176634093475,8.461865081503378,charge_bin_conformal95_budget0.20
"charge[40000,80000)",23,2.3985176634093475,True,61,ridge,0.05,0.2,2.3985176634093475,8.461865081503378,charge_bin_conformal95_budget0.20
"charge[8000,14000)",1185,2.092541967969632,False,61,ridge,0.05,0.2,2.3985176634093475,8.461865081503378,charge_bin_conformal95_budget0.20
"charge[1000,4000)",52,1.7941725014424685,False,62,ridge,0.05,0.2,2.745974614878125,6.540980663112052,charge_bin_conformal95_budget0.20
"charge[14000,24000)",4678,2.6854625674074253,False,62,ridge,0.05,0.2,2.745974614878125,6.540980663112052,charge_bin_conformal95_budget0.20
"charge[24000,40000)",2904,2.9798147628719156,False,62,ridge,0.05,0.2,2.745974614878125,6.540980663112052,charge_bin_conformal95_budget0.20
"charge[4000,8000)",231,1.8350128579661924,False,62,ridge,0.05,0.2,2.745974614878125,6.540980663112052,charge_bin_conformal95_budget0.20
"charge[40000,80000)",20,2.745974614878125,True,62,ridge,0.05,0.2,2.745974614878125,6.540980663112052,charge_bin_conformal95_budget0.20
"charge[8000,14000)",1154,2.317707075395667,False,62,ridge,0.05,0.2,2.745974614878125,6.540980663112052,charge_bin_conformal95_budget0.20
"charge[1000,4000)",50,1.811194605029567,False,63,ridge,0.05,0.2,2.685120763067888,5.898541705283456,charge_bin_conformal95_budget0.20
"charge[14000,24000)",5395,2.618714487513017,False,63,ridge,0.05,0.2,2.685120763067888,5.898541705283456,charge_bin_conformal95_budget0.20
"charge[24000,40000)",3362,2.9522703356153963,False,63,ridge,0.05,0.2,2.685120763067888,5.898541705283456,charge_bin_conformal95_budget0.20
"charge[4000,8000)",251,1.7547747243027865,False,63,ridge,0.05,0.2,2.685120763067888,5.898541705283456,charge_bin_conformal95_budget0.20
"charge[40000,80000)",28,2.685120763067888,True,63,ridge,0.05,0.2,2.685120763067888,5.898541705283456,charge_bin_conformal95_budget0.20
"charge[8000,14000)",1264,2.2467570604566025,False,63,ridge,0.05,0.2,2.685120763067888,5.898541705283456,charge_bin_conformal95_budget0.20
"charge[1000,4000)",54,1.7771503978553698,False,65,ridge,0.05,0.2,2.6657127861721825,6.158712498026102,charge_bin_conformal95_budget0.20
"charge[14000,24000)",5884,2.5826438544792096,False,65,ridge,0.05,0.2,2.6657127861721825,6.158712498026102,charge_bin_conformal95_budget0.20
"charge[24000,40000)",3589,2.947117971632235,False,65,ridge,0.05,0.2,2.6657127861721825,6.158712498026102,charge_bin_conformal95_budget0.20
"charge[4000,8000)",267,1.8160732680706326,False,65,ridge,0.05,0.2,2.6657127861721825,6.158712498026102,charge_bin_conformal95_budget0.20
"charge[40000,80000)",30,7.864079879707662,False,65,ridge,0.05,0.2,2.6657127861721825,6.158712498026102,charge_bin_conformal95_budget0.20
"charge[8000,14000)",1438,2.2413625354739057,False,65,ridge,0.05,0.2,2.6657127861721825,6.158712498026102,charge_bin_conformal95_budget0.20
"charge[1000,4000)",53,1.32357887761502,False,58,gradient_boosted_trees,0.317310507863,0.0,1.2866249773540759,inf,charge_bin_conformal68_budget0.00
"charge[14000,24000)",5888,1.2869298217245895,False,58,gradient_boosted_trees,0.317310507863,0.0,1.2866249773540759,inf,charge_bin_conformal68_budget0.00
"charge[24000,40000)",3571,1.3925004458596864,False,58,gradient_boosted_trees,0.317310507863,0.0,1.2866249773540759,inf,charge_bin_conformal68_budget0.00
"charge[4000,8000)",267,1.130791927317048,False,58,gradient_boosted_trees,0.317310507863,0.0,1.2866249773540759,inf,charge_bin_conformal68_budget0.00
"charge[40000,80000)",29,1.2866249773540759,True,58,gradient_boosted_trees,0.317310507863,0.0,1.2866249773540759,inf,charge_bin_conformal68_budget0.00
"charge[8000,14000)",1433,1.122134849681594,False,58,gradient_boosted_trees,0.317310507863,0.0,1.2866249773540759,inf,charge_bin_conformal68_budget0.00
"charge[1000,4000)",52,1.2330742796705156,False,59,gradient_boosted_trees,0.317310507863,0.0,1.2849200642741183,inf,charge_bin_conformal68_budget0.00
"charge[14000,24000)",4649,1.2963449406048293,False,59,gradient_boosted_trees,0.317310507863,0.0,1.2849200642741183,inf,charge_bin_conformal68_budget0.00
"charge[24000,40000)",3105,1.4056241095646418,False,59,gradient_boosted_trees,0.317310507863,0.0,1.2849200642741183,inf,charge_bin_conformal68_budget0.00
"charge[4000,8000)",251,1.1268810516155479,False,59,gradient_boosted_trees,0.317310507863,0.0,1.2849200642741183,inf,charge_bin_conformal68_budget0.00
"charge[40000,80000)",27,1.2849200642741183,True,59,gradient_boosted_trees,0.317310507863,0.0,1.2849200642741183,inf,charge_bin_conformal68_budget0.00
"charge[8000,14000)",1087,1.0852625431798506,False,59,gradient_boosted_trees,0.317310507863,0.0,1.2849200642741183,inf,charge_bin_conformal68_budget0.00
"charge[1000,4000)",42,1.401929188910858,False,60,gradient_boosted_trees,0.317310507863,0.0,1.3161031088611173,inf,charge_bin_conformal68_budget0.00
"charge[14000,24000)",4871,1.2976685626614546,False,60,gradient_boosted_trees,0.317310507863,0.0,1.3161031088611173,inf,charge_bin_conformal68_budget0.00
"charge[24000,40000)",2602,1.4640598164877112,False,60,gradient_boosted_trees,0.317310507863,0.0,1.3161031088611173,inf,charge_bin_conformal68_budget0.00
"charge[4000,8000)",233,1.180058052608727,False,60,gradient_boosted_trees,0.317310507863,0.0,1.3161031088611173,inf,charge_bin_conformal68_budget0.00
"charge[40000,80000)",23,1.3161031088611173,True,60,gradient_boosted_trees,0.317310507863,0.0,1.3161031088611173,inf,charge_bin_conformal68_budget0.00
"charge[8000,14000)",1265,1.164365760395271,False,60,gradient_boosted_trees,0.317310507863,0.0,1.3161031088611173,inf,charge_bin_conformal68_budget0.00
"charge[1000,4000)",57,1.3377880629833883,False,61,gradient_boosted_trees,0.317310507863,0.0,1.1856313616473002,inf,charge_bin_conformal68_budget0.00
"charge[14000,24000)",4575,1.1830869520960767,False,61,gradient_boosted_trees,0.317310507863,0.0,1.1856313616473002,inf,charge_bin_conformal68_budget0.00
"charge[24000,40000)",2611,1.2445953487418204,False,61,gradient_boosted_trees,0.317310507863,0.0,1.1856313616473002,inf,charge_bin_conformal68_budget0.00
"charge[4000,8000)",210,1.1080314994720117,False,61,gradient_boosted_trees,0.317310507863,0.0,1.1856313616473002,inf,charge_bin_conformal68_budget0.00
"charge[40000,80000)",23,1.1856313616473002,True,61,gradient_boosted_trees,0.317310507863,0.0,1.1856313616473002,inf,charge_bin_conformal68_budget0.00
"charge[8000,14000)",1185,1.105573642592059,False,61,gradient_boosted_trees,0.317310507863,0.0,1.1856313616473002,inf,charge_bin_conformal68_budget0.00
"charge[1000,4000)",52,1.2324420257441988,False,62,gradient_boosted_trees,0.317310507863,0.0,1.349296625542655,inf,charge_bin_conformal68_budget0.00
"charge[14000,24000)",4678,1.3570516799438086,False,62,gradient_boosted_trees,0.317310507863,0.0,1.349296625542655,inf,charge_bin_conformal68_budget0.00
"charge[24000,40000)",2904,1.4530665912651184,False,62,gradient_boosted_trees,0.317310507863,0.0,1.349296625542655,inf,charge_bin_conformal68_budget0.00
"charge[4000,8000)",231,1.1678028085068912,False,62,gradient_boosted_trees,0.317310507863,0.0,1.349296625542655,inf,charge_bin_conformal68_budget0.00
"charge[40000,80000)",20,1.349296625542655,True,62,gradient_boosted_trees,0.317310507863,0.0,1.349296625542655,inf,charge_bin_conformal68_budget0.00
"charge[8000,14000)",1154,1.1459092406876488,False,62,gradient_boosted_trees,0.317310507863,0.0,1.349296625542655,inf,charge_bin_conformal68_budget0.00
"charge[1000,4000)",50,1.2945610722518124,False,63,gradient_boosted_trees,0.317310507863,0.0,1.312146375138962,inf,charge_bin_conformal68_budget0.00
"charge[14000,24000)",5395,1.306357808363618,False,63,gradient_boosted_trees,0.317310507863,0.0,1.312146375138962,inf,charge_bin_conformal68_budget0.00
"charge[24000,40000)",3362,1.4094916768298842,False,63,gradient_boosted_trees,0.317310507863,0.0,1.312146375138962,inf,charge_bin_conformal68_budget0.00
"charge[4000,8000)",251,1.1344024841796712,False,63,gradient_boosted_trees,0.317310507863,0.0,1.312146375138962,inf,charge_bin_conformal68_budget0.00
"charge[40000,80000)",28,1.312146375138962,True,63,gradient_boosted_trees,0.317310507863,0.0,1.312146375138962,inf,charge_bin_conformal68_budget0.00
"charge[8000,14000)",1264,1.163668274446452,False,63,gradient_boosted_trees,0.317310507863,0.0,1.312146375138962,inf,charge_bin_conformal68_budget0.00
"charge[1000,4000)",54,1.3365767656012613,False,65,gradient_boosted_trees,0.317310507863,0.0,1.2911249342173396,inf,charge_bin_conformal68_budget0.00
"charge[14000,24000)",5884,1.2887556038460426,False,65,gradient_boosted_trees,0.317310507863,0.0,1.2911249342173396,inf,charge_bin_conformal68_budget0.00
"charge[24000,40000)",3589,1.4046345150482507,False,65,gradient_boosted_trees,0.317310507863,0.0,1.2911249342173396,inf,charge_bin_conformal68_budget0.00
"charge[4000,8000)",267,1.1347385612235126,False,65,gradient_boosted_trees,0.317310507863,0.0,1.2911249342173396,inf,charge_bin_conformal68_budget0.00
"charge[40000,80000)",30,1.7610876983195531,False,65,gradient_boosted_trees,0.317310507863,0.0,1.2911249342173396,inf,charge_bin_conformal68_budget0.00
"charge[8000,14000)",1438,1.1229642173986436,False,65,gradient_boosted_trees,0.317310507863,0.0,1.2911249342173396,inf,charge_bin_conformal68_budget0.00
"charge[1000,4000)",53,1.32357887761502,False,58,gradient_boosted_trees,0.317310507863,0.05,1.2866249773540759,4.691208888835867,charge_bin_conformal68_budget0.05
"charge[14000,24000)",5888,1.2869298217245895,False,58,gradient_boosted_trees,0.317310507863,0.05,1.2866249773540759,4.691208888835867,charge_bin_conformal68_budget0.05
"charge[24000,40000)",3571,1.3925004458596864,False,58,gradient_boosted_trees,0.317310507863,0.05,1.2866249773540759,4.691208888835867,charge_bin_conformal68_budget0.05
"charge[4000,8000)",267,1.130791927317048,False,58,gradient_boosted_trees,0.317310507863,0.05,1.2866249773540759,4.691208888835867,charge_bin_conformal68_budget0.05
"charge[40000,80000)",29,1.2866249773540759,True,58,gradient_boosted_trees,0.317310507863,0.05,1.2866249773540759,4.691208888835867,charge_bin_conformal68_budget0.05
"charge[8000,14000)",1433,1.122134849681594,False,58,gradient_boosted_trees,0.317310507863,0.05,1.2866249773540759,4.691208888835867,charge_bin_conformal68_budget0.05
"charge[1000,4000)",52,1.2330742796705156,False,59,gradient_boosted_trees,0.317310507863,0.05,1.2849200642741183,4.67806970541174,charge_bin_conformal68_budget0.05
"charge[14000,24000)",4649,1.2963449406048293,False,59,gradient_boosted_trees,0.317310507863,0.05,1.2849200642741183,4.67806970541174,charge_bin_conformal68_budget0.05
"charge[24000,40000)",3105,1.4056241095646418,False,59,gradient_boosted_trees,0.317310507863,0.05,1.2849200642741183,4.67806970541174,charge_bin_conformal68_budget0.05
"charge[4000,8000)",251,1.1268810516155479,False,59,gradient_boosted_trees,0.317310507863,0.05,1.2849200642741183,4.67806970541174,charge_bin_conformal68_budget0.05
"charge[40000,80000)",27,1.2849200642741183,True,59,gradient_boosted_trees,0.317310507863,0.05,1.2849200642741183,4.67806970541174,charge_bin_conformal68_budget0.05
"charge[8000,14000)",1087,1.0852625431798506,False,59,gradient_boosted_trees,0.317310507863,0.05,1.2849200642741183,4.67806970541174,charge_bin_conformal68_budget0.05
"charge[1000,4000)",42,1.401929188910858,False,60,gradient_boosted_trees,0.317310507863,0.05,1.3161031088611173,4.904081314866001,charge_bin_conformal68_budget0.05
"charge[14000,24000)",4871,1.2976685626614546,False,60,gradient_boosted_trees,0.317310507863,0.05,1.3161031088611173,4.904081314866001,charge_bin_conformal68_budget0.05
"charge[24000,40000)",2602,1.4640598164877112,False,60,gradient_boosted_trees,0.317310507863,0.05,1.3161031088611173,4.904081314866001,charge_bin_conformal68_budget0.05
"charge[4000,8000)",233,1.180058052608727,False,60,gradient_boosted_trees,0.317310507863,0.05,1.3161031088611173,4.904081314866001,charge_bin_conformal68_budget0.05
"charge[40000,80000)",23,1.3161031088611173,True,60,gradient_boosted_trees,0.317310507863,0.05,1.3161031088611173,4.904081314866001,charge_bin_conformal68_budget0.05
"charge[8000,14000)",1265,1.164365760395271,False,60,gradient_boosted_trees,0.317310507863,0.05,1.3161031088611173,4.904081314866001,charge_bin_conformal68_budget0.05
"charge[1000,4000)",57,1.3377880629833883,False,61,gradient_boosted_trees,0.317310507863,0.05,1.1856313616473002,5.676477588827694,charge_bin_conformal68_budget0.05
"charge[14000,24000)",4575,1.1830869520960767,False,61,gradient_boosted_trees,0.317310507863,0.05,1.1856313616473002,5.676477588827694,charge_bin_conformal68_budget0.05
"charge[24000,40000)",2611,1.2445953487418204,False,61,gradient_boosted_trees,0.317310507863,0.05,1.1856313616473002,5.676477588827694,charge_bin_conformal68_budget0.05
"charge[4000,8000)",210,1.1080314994720117,False,61,gradient_boosted_trees,0.317310507863,0.05,1.1856313616473002,5.676477588827694,charge_bin_conformal68_budget0.05
"charge[40000,80000)",23,1.1856313616473002,True,61,gradient_boosted_trees,0.317310507863,0.05,1.1856313616473002,5.676477588827694,charge_bin_conformal68_budget0.05
"charge[8000,14000)",1185,1.105573642592059,False,61,gradient_boosted_trees,0.317310507863,0.05,1.1856313616473002,5.676477588827694,charge_bin_conformal68_budget0.05
"charge[1000,4000)",52,1.2324420257441988,False,62,gradient_boosted_trees,0.317310507863,0.05,1.349296625542655,4.790945736544949,charge_bin_conformal68_budget0.05
"charge[14000,24000)",4678,1.3570516799438086,False,62,gradient_boosted_trees,0.317310507863,0.05,1.349296625542655,4.790945736544949,charge_bin_conformal68_budget0.05
"charge[24000,40000)",2904,1.4530665912651184,False,62,gradient_boosted_trees,0.317310507863,0.05,1.349296625542655,4.790945736544949,charge_bin_conformal68_budget0.05
"charge[4000,8000)",231,1.1678028085068912,False,62,gradient_boosted_trees,0.317310507863,0.05,1.349296625542655,4.790945736544949,charge_bin_conformal68_budget0.05
"charge[40000,80000)",20,1.349296625542655,True,62,gradient_boosted_trees,0.317310507863,0.05,1.349296625542655,4.790945736544949,charge_bin_conformal68_budget0.05
"charge[8000,14000)",1154,1.1459092406876488,False,62,gradient_boosted_trees,0.317310507863,0.05,1.349296625542655,4.790945736544949,charge_bin_conformal68_budget0.05
"charge[1000,4000)",50,1.2945610722518124,False,63,gradient_boosted_trees,0.317310507863,0.05,1.312146375138962,4.573666650160321,charge_bin_conformal68_budget0.05
"charge[14000,24000)",5395,1.306357808363618,False,63,gradient_boosted_trees,0.317310507863,0.05,1.312146375138962,4.573666650160321,charge_bin_conformal68_budget0.05
"charge[24000,40000)",3362,1.4094916768298842,False,63,gradient_boosted_trees,0.317310507863,0.05,1.312146375138962,4.573666650160321,charge_bin_conformal68_budget0.05
"charge[4000,8000)",251,1.1344024841796712,False,63,gradient_boosted_trees,0.317310507863,0.05,1.312146375138962,4.573666650160321,charge_bin_conformal68_budget0.05
"charge[40000,80000)",28,1.312146375138962,True,63,gradient_boosted_trees,0.317310507863,0.05,1.312146375138962,4.573666650160321,charge_bin_conformal68_budget0.05
"charge[8000,14000)",1264,1.163668274446452,False,63,gradient_boosted_trees,0.317310507863,0.05,1.312146375138962,4.573666650160321,charge_bin_conformal68_budget0.05
"charge[1000,4000)",54,1.3365767656012613,False,65,gradient_boosted_trees,0.317310507863,0.05,1.2911249342173396,4.397586729757384,charge_bin_conformal68_budget0.05
"charge[14000,24000)",5884,1.2887556038460426,False,65,gradient_boosted_trees,0.317310507863,0.05,1.2911249342173396,4.397586729757384,charge_bin_conformal68_budget0.05
"charge[24000,40000)",3589,1.4046345150482507,False,65,gradient_boosted_trees,0.317310507863,0.05,1.2911249342173396,4.397586729757384,charge_bin_conformal68_budget0.05
"charge[4000,8000)",267,1.1347385612235126,False,65,gradient_boosted_trees,0.317310507863,0.05,1.2911249342173396,4.397586729757384,charge_bin_conformal68_budget0.05
"charge[40000,80000)",30,1.7610876983195531,False,65,gradient_boosted_trees,0.317310507863,0.05,1.2911249342173396,4.397586729757384,charge_bin_conformal68_budget0.05
"charge[8000,14000)",1438,1.1229642173986436,False,65,gradient_boosted_trees,0.317310507863,0.05,1.2911249342173396,4.397586729757384,charge_bin_conformal68_budget0.05
"charge[1000,4000)",53,1.32357887761502,False,58,gradient_boosted_trees,0.317310507863,0.1,1.2866249773540759,4.046539940098634,charge_bin_conformal68_budget0.10
"charge[14000,24000)",5888,1.2869298217245895,False,58,gradient_boosted_trees,0.317310507863,0.1,1.2866249773540759,4.046539940098634,charge_bin_conformal68_budget0.10
"charge[24000,40000)",3571,1.3925004458596864,False,58,gradient_boosted_trees,0.317310507863,0.1,1.2866249773540759,4.046539940098634,charge_bin_conformal68_budget0.10
"charge[4000,8000)",267,1.130791927317048,False,58,gradient_boosted_trees,0.317310507863,0.1,1.2866249773540759,4.046539940098634,charge_bin_conformal68_budget0.10
"charge[40000,80000)",29,1.2866249773540759,True,58,gradient_boosted_trees,0.317310507863,0.1,1.2866249773540759,4.046539940098634,charge_bin_conformal68_budget0.10
"charge[8000,14000)",1433,1.122134849681594,False,58,gradient_boosted_trees,0.317310507863,0.1,1.2866249773540759,4.046539940098634,charge_bin_conformal68_budget0.10
"charge[1000,4000)",52,1.2330742796705156,False,59,gradient_boosted_trees,0.317310507863,0.1,1.2849200642741183,3.848020506179145,charge_bin_conformal68_budget0.10
"charge[14000,24000)",4649,1.2963449406048293,False,59,gradient_boosted_trees,0.317310507863,0.1,1.2849200642741183,3.848020506179145,charge_bin_conformal68_budget0.10
"charge[24000,40000)",3105,1.4056241095646418,False,59,gradient_boosted_trees,0.317310507863,0.1,1.2849200642741183,3.848020506179145,charge_bin_conformal68_budget0.10
"charge[4000,8000)",251,1.1268810516155479,False,59,gradient_boosted_trees,0.317310507863,0.1,1.2849200642741183,3.848020506179145,charge_bin_conformal68_budget0.10
"charge[40000,80000)",27,1.2849200642741183,True,59,gradient_boosted_trees,0.317310507863,0.1,1.2849200642741183,3.848020506179145,charge_bin_conformal68_budget0.10
"charge[8000,14000)",1087,1.0852625431798506,False,59,gradient_boosted_trees,0.317310507863,0.1,1.2849200642741183,3.848020506179145,charge_bin_conformal68_budget0.10
"charge[1000,4000)",42,1.401929188910858,False,60,gradient_boosted_trees,0.317310507863,0.1,1.3161031088611173,3.89616940816308,charge_bin_conformal68_budget0.10
"charge[14000,24000)",4871,1.2976685626614546,False,60,gradient_boosted_trees,0.317310507863,0.1,1.3161031088611173,3.89616940816308,charge_bin_conformal68_budget0.10
"charge[24000,40000)",2602,1.4640598164877112,False,60,gradient_boosted_trees,0.317310507863,0.1,1.3161031088611173,3.89616940816308,charge_bin_conformal68_budget0.10
"charge[4000,8000)",233,1.180058052608727,False,60,gradient_boosted_trees,0.317310507863,0.1,1.3161031088611173,3.89616940816308,charge_bin_conformal68_budget0.10
"charge[40000,80000)",23,1.3161031088611173,True,60,gradient_boosted_trees,0.317310507863,0.1,1.3161031088611173,3.89616940816308,charge_bin_conformal68_budget0.10
"charge[8000,14000)",1265,1.164365760395271,False,60,gradient_boosted_trees,0.317310507863,0.1,1.3161031088611173,3.89616940816308,charge_bin_conformal68_budget0.10
"charge[1000,4000)",57,1.3377880629833883,False,61,gradient_boosted_trees,0.317310507863,0.1,1.1856313616473002,4.868116563933554,charge_bin_conformal68_budget0.10
"charge[14000,24000)",4575,1.1830869520960767,False,61,gradient_boosted_trees,0.317310507863,0.1,1.1856313616473002,4.868116563933554,charge_bin_conformal68_budget0.10
"charge[24000,40000)",2611,1.2445953487418204,False,61,gradient_boosted_trees,0.317310507863,0.1,1.1856313616473002,4.868116563933554,charge_bin_conformal68_budget0.10
"charge[4000,8000)",210,1.1080314994720117,False,61,gradient_boosted_trees,0.317310507863,0.1,1.1856313616473002,4.868116563933554,charge_bin_conformal68_budget0.10
"charge[40000,80000)",23,1.1856313616473002,True,61,gradient_boosted_trees,0.317310507863,0.1,1.1856313616473002,4.868116563933554,charge_bin_conformal68_budget0.10
"charge[8000,14000)",1185,1.105573642592059,False,61,gradient_boosted_trees,0.317310507863,0.1,1.1856313616473002,4.868116563933554,charge_bin_conformal68_budget0.10
"charge[1000,4000)",52,1.2324420257441988,False,62,gradient_boosted_trees,0.317310507863,0.1,1.349296625542655,4.04047994765271,charge_bin_conformal68_budget0.10
"charge[14000,24000)",4678,1.3570516799438086,False,62,gradient_boosted_trees,0.317310507863,0.1,1.349296625542655,4.04047994765271,charge_bin_conformal68_budget0.10
"charge[24000,40000)",2904,1.4530665912651184,False,62,gradient_boosted_trees,0.317310507863,0.1,1.349296625542655,4.04047994765271,charge_bin_conformal68_budget0.10
"charge[4000,8000)",231,1.1678028085068912,False,62,gradient_boosted_trees,0.317310507863,0.1,1.349296625542655,4.04047994765271,charge_bin_conformal68_budget0.10
"charge[40000,80000)",20,1.349296625542655,True,62,gradient_boosted_trees,0.317310507863,0.1,1.349296625542655,4.04047994765271,charge_bin_conformal68_budget0.10
"charge[8000,14000)",1154,1.1459092406876488,False,62,gradient_boosted_trees,0.317310507863,0.1,1.349296625542655,4.04047994765271,charge_bin_conformal68_budget0.10
"charge[1000,4000)",50,1.2945610722518124,False,63,gradient_boosted_trees,0.317310507863,0.1,1.312146375138962,3.8634581354447577,charge_bin_conformal68_budget0.10
"charge[14000,24000)",5395,1.306357808363618,False,63,gradient_boosted_trees,0.317310507863,0.1,1.312146375138962,3.8634581354447577,charge_bin_conformal68_budget0.10
"charge[24000,40000)",3362,1.4094916768298842,False,63,gradient_boosted_trees,0.317310507863,0.1,1.312146375138962,3.8634581354447577,charge_bin_conformal68_budget0.10
"charge[4000,8000)",251,1.1344024841796712,False,63,gradient_boosted_trees,0.317310507863,0.1,1.312146375138962,3.8634581354447577,charge_bin_conformal68_budget0.10
"charge[40000,80000)",28,1.312146375138962,True,63,gradient_boosted_trees,0.317310507863,0.1,1.312146375138962,3.8634581354447577,charge_bin_conformal68_budget0.10
"charge[8000,14000)",1264,1.163668274446452,False,63,gradient_boosted_trees,0.317310507863,0.1,1.312146375138962,3.8634581354447577,charge_bin_conformal68_budget0.10
"charge[1000,4000)",54,1.3365767656012613,False,65,gradient_boosted_trees,0.317310507863,0.1,1.2911249342173396,4.005403244366055,charge_bin_conformal68_budget0.10
"charge[14000,24000)",5884,1.2887556038460426,False,65,gradient_boosted_trees,0.317310507863,0.1,1.2911249342173396,4.005403244366055,charge_bin_conformal68_budget0.10
"charge[24000,40000)",3589,1.4046345150482507,False,65,gradient_boosted_trees,0.317310507863,0.1,1.2911249342173396,4.005403244366055,charge_bin_conformal68_budget0.10
"charge[4000,8000)",267,1.1347385612235126,False,65,gradient_boosted_trees,0.317310507863,0.1,1.2911249342173396,4.005403244366055,charge_bin_conformal68_budget0.10
"charge[40000,80000)",30,1.7610876983195531,False,65,gradient_boosted_trees,0.317310507863,0.1,1.2911249342173396,4.005403244366055,charge_bin_conformal68_budget0.10
"charge[8000,14000)",1438,1.1229642173986436,False,65,gradient_boosted_trees,0.317310507863,0.1,1.2911249342173396,4.005403244366055,charge_bin_conformal68_budget0.10
"charge[1000,4000)",53,1.32357887761502,False,58,gradient_boosted_trees,0.317310507863,0.2,1.2866249773540759,3.36075971099667,charge_bin_conformal68_budget0.20
"charge[14000,24000)",5888,1.2869298217245895,False,58,gradient_boosted_trees,0.317310507863,0.2,1.2866249773540759,3.36075971099667,charge_bin_conformal68_budget0.20
"charge[24000,40000)",3571,1.3925004458596864,False,58,gradient_boosted_trees,0.317310507863,0.2,1.2866249773540759,3.36075971099667,charge_bin_conformal68_budget0.20
"charge[4000,8000)",267,1.130791927317048,False,58,gradient_boosted_trees,0.317310507863,0.2,1.2866249773540759,3.36075971099667,charge_bin_conformal68_budget0.20
"charge[40000,80000)",29,1.2866249773540759,True,58,gradient_boosted_trees,0.317310507863,0.2,1.2866249773540759,3.36075971099667,charge_bin_conformal68_budget0.20
"charge[8000,14000)",1433,1.122134849681594,False,58,gradient_boosted_trees,0.317310507863,0.2,1.2866249773540759,3.36075971099667,charge_bin_conformal68_budget0.20
"charge[1000,4000)",52,1.2330742796705156,False,59,gradient_boosted_trees,0.317310507863,0.2,1.2849200642741183,3.0725876655313127,charge_bin_conformal68_budget0.20
"charge[14000,24000)",4649,1.2963449406048293,False,59,gradient_boosted_trees,0.317310507863,0.2,1.2849200642741183,3.0725876655313127,charge_bin_conformal68_budget0.20
"charge[24000,40000)",3105,1.4056241095646418,False,59,gradient_boosted_trees,0.317310507863,0.2,1.2849200642741183,3.0725876655313127,charge_bin_conformal68_budget0.20
"charge[4000,8000)",251,1.1268810516155479,False,59,gradient_boosted_trees,0.317310507863,0.2,1.2849200642741183,3.0725876655313127,charge_bin_conformal68_budget0.20
"charge[40000,80000)",27,1.2849200642741183,True,59,gradient_boosted_trees,0.317310507863,0.2,1.2849200642741183,3.0725876655313127,charge_bin_conformal68_budget0.20
"charge[8000,14000)",1087,1.0852625431798506,False,59,gradient_boosted_trees,0.317310507863,0.2,1.2849200642741183,3.0725876655313127,charge_bin_conformal68_budget0.20
"charge[1000,4000)",42,1.401929188910858,False,60,gradient_boosted_trees,0.317310507863,0.2,1.3161031088611173,3.167589528878116,charge_bin_conformal68_budget0.20
"charge[14000,24000)",4871,1.2976685626614546,False,60,gradient_boosted_trees,0.317310507863,0.2,1.3161031088611173,3.167589528878116,charge_bin_conformal68_budget0.20
"charge[24000,40000)",2602,1.4640598164877112,False,60,gradient_boosted_trees,0.317310507863,0.2,1.3161031088611173,3.167589528878116,charge_bin_conformal68_budget0.20
"charge[4000,8000)",233,1.180058052608727,False,60,gradient_boosted_trees,0.317310507863,0.2,1.3161031088611173,3.167589528878116,charge_bin_conformal68_budget0.20
"charge[40000,80000)",23,1.3161031088611173,True,60,gradient_boosted_trees,0.317310507863,0.2,1.3161031088611173,3.167589528878116,charge_bin_conformal68_budget0.20
"charge[8000,14000)",1265,1.164365760395271,False,60,gradient_boosted_trees,0.317310507863,0.2,1.3161031088611173,3.167589528878116,charge_bin_conformal68_budget0.20
"charge[1000,4000)",57,1.3377880629833883,False,61,gradient_boosted_trees,0.317310507863,0.2,1.1856313616473002,3.874675947137212,charge_bin_conformal68_budget0.20
"charge[14000,24000)",4575,1.1830869520960767,False,61,gradient_boosted_trees,0.317310507863,0.2,1.1856313616473002,3.874675947137212,charge_bin_conformal68_budget0.20
"charge[24000,40000)",2611,1.2445953487418204,False,61,gradient_boosted_trees,0.317310507863,0.2,1.1856313616473002,3.874675947137212,charge_bin_conformal68_budget0.20
"charge[4000,8000)",210,1.1080314994720117,False,61,gradient_boosted_trees,0.317310507863,0.2,1.1856313616473002,3.874675947137212,charge_bin_conformal68_budget0.20
"charge[40000,80000)",23,1.1856313616473002,True,61,gradient_boosted_trees,0.317310507863,0.2,1.1856313616473002,3.874675947137212,charge_bin_conformal68_budget0.20
"charge[8000,14000)",1185,1.105573642592059,False,61,gradient_boosted_trees,0.317310507863,0.2,1.1856313616473002,3.874675947137212,charge_bin_conformal68_budget0.20
"charge[1000,4000)",52,1.2324420257441988,False,62,gradient_boosted_trees,0.317310507863,0.2,1.349296625542655,3.276066568468678,charge_bin_conformal68_budget0.20
"charge[14000,24000)",4678,1.3570516799438086,False,62,gradient_boosted_trees,0.317310507863,0.2,1.349296625542655,3.276066568468678,charge_bin_conformal68_budget0.20
"charge[24000,40000)",2904,1.4530665912651184,False,62,gradient_boosted_trees,0.317310507863,0.2,1.349296625542655,3.276066568468678,charge_bin_conformal68_budget0.20
"charge[4000,8000)",231,1.1678028085068912,False,62,gradient_boosted_trees,0.317310507863,0.2,1.349296625542655,3.276066568468678,charge_bin_conformal68_budget0.20
"charge[40000,80000)",20,1.349296625542655,True,62,gradient_boosted_trees,0.317310507863,0.2,1.349296625542655,3.276066568468678,charge_bin_conformal68_budget0.20
"charge[8000,14000)",1154,1.1459092406876488,False,62,gradient_boosted_trees,0.317310507863,0.2,1.349296625542655,3.276066568468678,charge_bin_conformal68_budget0.20
"charge[1000,4000)",50,1.2945610722518124,False,63,gradient_boosted_trees,0.317310507863,0.2,1.312146375138962,3.0782416830920667,charge_bin_conformal68_budget0.20
"charge[14000,24000)",5395,1.306357808363618,False,63,gradient_boosted_trees,0.317310507863,0.2,1.312146375138962,3.0782416830920667,charge_bin_conformal68_budget0.20
"charge[24000,40000)",3362,1.4094916768298842,False,63,gradient_boosted_trees,0.317310507863,0.2,1.312146375138962,3.0782416830920667,charge_bin_conformal68_budget0.20
"charge[4000,8000)",251,1.1344024841796712,False,63,gradient_boosted_trees,0.317310507863,0.2,1.312146375138962,3.0782416830920667,charge_bin_conformal68_budget0.20
"charge[40000,80000)",28,1.312146375138962,True,63,gradient_boosted_trees,0.317310507863,0.2,1.312146375138962,3.0782416830920667,charge_bin_conformal68_budget0.20
"charge[8000,14000)",1264,1.163668274446452,False,63,gradient_boosted_trees,0.317310507863,0.2,1.312146375138962,3.0782416830920667,charge_bin_conformal68_budget0.20
"charge[1000,4000)",54,1.3365767656012613,False,65,gradient_boosted_trees,0.317310507863,0.2,1.2911249342173396,3.1498926260235547,charge_bin_conformal68_budget0.20
"charge[14000,24000)",5884,1.2887556038460426,False,65,gradient_boosted_trees,0.317310507863,0.2,1.2911249342173396,3.1498926260235547,charge_bin_conformal68_budget0.20
"charge[24000,40000)",3589,1.4046345150482507,False,65,gradient_boosted_trees,0.317310507863,0.2,1.2911249342173396,3.1498926260235547,charge_bin_conformal68_budget0.20
"charge[4000,8000)",267,1.1347385612235126,False,65,gradient_boosted_trees,0.317310507863,0.2,1.2911249342173396,3.1498926260235547,charge_bin_conformal68_budget0.20
"charge[40000,80000)",30,1.7610876983195531,False,65,gradient_boosted_trees,0.317310507863,0.2,1.2911249342173396,3.1498926260235547,charge_bin_conformal68_budget0.20
"charge[8000,14000)",1438,1.1229642173986436,False,65,gradient_boosted_trees,0.317310507863,0.2,1.2911249342173396,3.1498926260235547,charge_bin_conformal68_budget0.20
"charge[1000,4000)",53,2.1449256039330957,False,58,gradient_boosted_trees,0.05,0.0,2.633611076553381,inf,charge_bin_conformal95_budget0.00
"charge[14000,24000)",5888,2.559420957284639,False,58,gradient_boosted_trees,0.05,0.0,2.633611076553381,inf,charge_bin_conformal95_budget0.00
"charge[24000,40000)",3571,2.8740359735300083,False,58,gradient_boosted_trees,0.05,0.0,2.633611076553381,inf,charge_bin_conformal95_budget0.00
"charge[4000,8000)",267,2.172437642225521,False,58,gradient_boosted_trees,0.05,0.0,2.633611076553381,inf,charge_bin_conformal95_budget0.00
"charge[40000,80000)",29,2.633611076553381,True,58,gradient_boosted_trees,0.05,0.0,2.633611076553381,inf,charge_bin_conformal95_budget0.00
"charge[8000,14000)",1433,2.2403984091207736,False,58,gradient_boosted_trees,0.05,0.0,2.633611076553381,inf,charge_bin_conformal95_budget0.00
"charge[1000,4000)",52,2.0664310807634667,False,59,gradient_boosted_trees,0.05,0.0,2.661237978023232,inf,charge_bin_conformal95_budget0.00
"charge[14000,24000)",4649,2.612619234711177,False,59,gradient_boosted_trees,0.05,0.0,2.661237978023232,inf,charge_bin_conformal95_budget0.00
"charge[24000,40000)",3105,2.877290219706274,False,59,gradient_boosted_trees,0.05,0.0,2.661237978023232,inf,charge_bin_conformal95_budget0.00
"charge[4000,8000)",251,2.1165301398138623,False,59,gradient_boosted_trees,0.05,0.0,2.661237978023232,inf,charge_bin_conformal95_budget0.00
"charge[40000,80000)",27,2.661237978023232,True,59,gradient_boosted_trees,0.05,0.0,2.661237978023232,inf,charge_bin_conformal95_budget0.00
"charge[8000,14000)",1087,2.170790872673232,False,59,gradient_boosted_trees,0.05,0.0,2.661237978023232,inf,charge_bin_conformal95_budget0.00
"charge[1000,4000)",42,2.160276126113916,False,60,gradient_boosted_trees,0.05,0.0,2.6690737767145913,inf,charge_bin_conformal95_budget0.00
"charge[14000,24000)",4871,2.5939442777562087,False,60,gradient_boosted_trees,0.05,0.0,2.6690737767145913,inf,charge_bin_conformal95_budget0.00
"charge[24000,40000)",2602,2.954249746413379,False,60,gradient_boosted_trees,0.05,0.0,2.6690737767145913,inf,charge_bin_conformal95_budget0.00
"charge[4000,8000)",233,2.1832835920556812,False,60,gradient_boosted_trees,0.05,0.0,2.6690737767145913,inf,charge_bin_conformal95_budget0.00
"charge[40000,80000)",23,2.6690737767145913,True,60,gradient_boosted_trees,0.05,0.0,2.6690737767145913,inf,charge_bin_conformal95_budget0.00
"charge[8000,14000)",1265,2.271910942347293,False,60,gradient_boosted_trees,0.05,0.0,2.6690737767145913,inf,charge_bin_conformal95_budget0.00
"charge[1000,4000)",57,2.139343595867343,False,61,gradient_boosted_trees,0.05,0.0,2.3722309459417628,inf,charge_bin_conformal95_budget0.00
"charge[14000,24000)",4575,2.2715761487825064,False,61,gradient_boosted_trees,0.05,0.0,2.3722309459417628,inf,charge_bin_conformal95_budget0.00
"charge[24000,40000)",2611,2.5360112287179364,False,61,gradient_boosted_trees,0.05,0.0,2.3722309459417628,inf,charge_bin_conformal95_budget0.00
"charge[4000,8000)",210,2.1492041456486466,False,61,gradient_boosted_trees,0.05,0.0,2.3722309459417628,inf,charge_bin_conformal95_budget0.00
"charge[40000,80000)",23,2.3722309459417628,True,61,gradient_boosted_trees,0.05,0.0,2.3722309459417628,inf,charge_bin_conformal95_budget0.00
"charge[8000,14000)",1185,2.174551365524659,False,61,gradient_boosted_trees,0.05,0.0,2.3722309459417628,inf,charge_bin_conformal95_budget0.00
"charge[1000,4000)",52,1.9949164585292554,False,62,gradient_boosted_trees,0.05,0.0,2.6696439725034464,inf,charge_bin_conformal95_budget0.00
"charge[14000,24000)",4678,2.6133420377192773,False,62,gradient_boosted_trees,0.05,0.0,2.6696439725034464,inf,charge_bin_conformal95_budget0.00
"charge[24000,40000)",2904,2.9562595835259273,False,62,gradient_boosted_trees,0.05,0.0,2.6696439725034464,inf,charge_bin_conformal95_budget0.00
"charge[4000,8000)",231,2.1165301398138623,False,62,gradient_boosted_trees,0.05,0.0,2.6696439725034464,inf,charge_bin_conformal95_budget0.00
"charge[40000,80000)",20,2.6696439725034464,True,62,gradient_boosted_trees,0.05,0.0,2.6696439725034464,inf,charge_bin_conformal95_budget0.00
"charge[8000,14000)",1154,2.2745743825834825,False,62,gradient_boosted_trees,0.05,0.0,2.6696439725034464,inf,charge_bin_conformal95_budget0.00
"charge[1000,4000)",50,2.1491121099824104,False,63,gradient_boosted_trees,0.05,0.0,2.6565990613292643,inf,charge_bin_conformal95_budget0.00
"charge[14000,24000)",5395,2.591719101246049,False,63,gradient_boosted_trees,0.05,0.0,2.6565990613292643,inf,charge_bin_conformal95_budget0.00
"charge[24000,40000)",3362,2.8775216913597563,False,63,gradient_boosted_trees,0.05,0.0,2.6565990613292643,inf,charge_bin_conformal95_budget0.00
"charge[4000,8000)",251,2.165279103463038,False,63,gradient_boosted_trees,0.05,0.0,2.6565990613292643,inf,charge_bin_conformal95_budget0.00
"charge[40000,80000)",28,2.6565990613292643,True,63,gradient_boosted_trees,0.05,0.0,2.6565990613292643,inf,charge_bin_conformal95_budget0.00
"charge[8000,14000)",1264,2.274927839789078,False,63,gradient_boosted_trees,0.05,0.0,2.6565990613292643,inf,charge_bin_conformal95_budget0.00
"charge[1000,4000)",54,2.1435301019166575,False,65,gradient_boosted_trees,0.05,0.0,2.634580270534906,inf,charge_bin_conformal95_budget0.00
"charge[14000,24000)",5884,2.557226958489341,False,65,gradient_boosted_trees,0.05,0.0,2.634580270534906,inf,charge_bin_conformal95_budget0.00
"charge[24000,40000)",3589,2.8703491076155645,False,65,gradient_boosted_trees,0.05,0.0,2.634580270534906,inf,charge_bin_conformal95_budget0.00
"charge[4000,8000)",267,2.1407809148477237,False,65,gradient_boosted_trees,0.05,0.0,2.634580270534906,inf,charge_bin_conformal95_budget0.00
"charge[40000,80000)",30,3.3645216181448525,False,65,gradient_boosted_trees,0.05,0.0,2.634580270534906,inf,charge_bin_conformal95_budget0.00
"charge[8000,14000)",1438,2.2504198303194323,False,65,gradient_boosted_trees,0.05,0.0,2.634580270534906,inf,charge_bin_conformal95_budget0.00
"charge[1000,4000)",53,2.1449256039330957,False,58,gradient_boosted_trees,0.05,0.05,2.633611076553381,9.042138455128589,charge_bin_conformal95_budget0.05
"charge[14000,24000)",5888,2.559420957284639,False,58,gradient_boosted_trees,0.05,0.05,2.633611076553381,9.042138455128589,charge_bin_conformal95_budget0.05
"charge[24000,40000)",3571,2.8740359735300083,False,58,gradient_boosted_trees,0.05,0.05,2.633611076553381,9.042138455128589,charge_bin_conformal95_budget0.05
"charge[4000,8000)",267,2.172437642225521,False,58,gradient_boosted_trees,0.05,0.05,2.633611076553381,9.042138455128589,charge_bin_conformal95_budget0.05
"charge[40000,80000)",29,2.633611076553381,True,58,gradient_boosted_trees,0.05,0.05,2.633611076553381,9.042138455128589,charge_bin_conformal95_budget0.05
"charge[8000,14000)",1433,2.2403984091207736,False,58,gradient_boosted_trees,0.05,0.05,2.633611076553381,9.042138455128589,charge_bin_conformal95_budget0.05
"charge[1000,4000)",52,2.0664310807634667,False,59,gradient_boosted_trees,0.05,0.05,2.661237978023232,9.436124498314689,charge_bin_conformal95_budget0.05
"charge[14000,24000)",4649,2.612619234711177,False,59,gradient_boosted_trees,0.05,0.05,2.661237978023232,9.436124498314689,charge_bin_conformal95_budget0.05
"charge[24000,40000)",3105,2.877290219706274,False,59,gradient_boosted_trees,0.05,0.05,2.661237978023232,9.436124498314689,charge_bin_conformal95_budget0.05
"charge[4000,8000)",251,2.1165301398138623,False,59,gradient_boosted_trees,0.05,0.05,2.661237978023232,9.436124498314689,charge_bin_conformal95_budget0.05
"charge[40000,80000)",27,2.661237978023232,True,59,gradient_boosted_trees,0.05,0.05,2.661237978023232,9.436124498314689,charge_bin_conformal95_budget0.05
"charge[8000,14000)",1087,2.170790872673232,False,59,gradient_boosted_trees,0.05,0.05,2.661237978023232,9.436124498314689,charge_bin_conformal95_budget0.05
"charge[1000,4000)",42,2.160276126113916,False,60,gradient_boosted_trees,0.05,0.05,2.6690737767145913,9.85412928418099,charge_bin_conformal95_budget0.05
"charge[14000,24000)",4871,2.5939442777562087,False,60,gradient_boosted_trees,0.05,0.05,2.6690737767145913,9.85412928418099,charge_bin_conformal95_budget0.05
"charge[24000,40000)",2602,2.954249746413379,False,60,gradient_boosted_trees,0.05,0.05,2.6690737767145913,9.85412928418099,charge_bin_conformal95_budget0.05
"charge[4000,8000)",233,2.1832835920556812,False,60,gradient_boosted_trees,0.05,0.05,2.6690737767145913,9.85412928418099,charge_bin_conformal95_budget0.05
"charge[40000,80000)",23,2.6690737767145913,True,60,gradient_boosted_trees,0.05,0.05,2.6690737767145913,9.85412928418099,charge_bin_conformal95_budget0.05
"charge[8000,14000)",1265,2.271910942347293,False,60,gradient_boosted_trees,0.05,0.05,2.6690737767145913,9.85412928418099,charge_bin_conformal95_budget0.05
"charge[1000,4000)",57,2.139343595867343,False,61,gradient_boosted_trees,0.05,0.05,2.3722309459417628,11.1051658765119,charge_bin_conformal95_budget0.05
"charge[14000,24000)",4575,2.2715761487825064,False,61,gradient_boosted_trees,0.05,0.05,2.3722309459417628,11.1051658765119,charge_bin_conformal95_budget0.05
"charge[24000,40000)",2611,2.5360112287179364,False,61,gradient_boosted_trees,0.05,0.05,2.3722309459417628,11.1051658765119,charge_bin_conformal95_budget0.05
"charge[4000,8000)",210,2.1492041456486466,False,61,gradient_boosted_trees,0.05,0.05,2.3722309459417628,11.1051658765119,charge_bin_conformal95_budget0.05
"charge[40000,80000)",23,2.3722309459417628,True,61,gradient_boosted_trees,0.05,0.05,2.3722309459417628,11.1051658765119,charge_bin_conformal95_budget0.05
"charge[8000,14000)",1185,2.174551365524659,False,61,gradient_boosted_trees,0.05,0.05,2.3722309459417628,11.1051658765119,charge_bin_conformal95_budget0.05
"charge[1000,4000)",52,1.9949164585292554,False,62,gradient_boosted_trees,0.05,0.05,2.6696439725034464,9.303597827910492,charge_bin_conformal95_budget0.05
"charge[14000,24000)",4678,2.6133420377192773,False,62,gradient_boosted_trees,0.05,0.05,2.6696439725034464,9.303597827910492,charge_bin_conformal95_budget0.05
"charge[24000,40000)",2904,2.9562595835259273,False,62,gradient_boosted_trees,0.05,0.05,2.6696439725034464,9.303597827910492,charge_bin_conformal95_budget0.05
"charge[4000,8000)",231,2.1165301398138623,False,62,gradient_boosted_trees,0.05,0.05,2.6696439725034464,9.303597827910492,charge_bin_conformal95_budget0.05
"charge[40000,80000)",20,2.6696439725034464,True,62,gradient_boosted_trees,0.05,0.05,2.6696439725034464,9.303597827910492,charge_bin_conformal95_budget0.05
"charge[8000,14000)",1154,2.2745743825834825,False,62,gradient_boosted_trees,0.05,0.05,2.6696439725034464,9.303597827910492,charge_bin_conformal95_budget0.05
"charge[1000,4000)",50,2.1491121099824104,False,63,gradient_boosted_trees,0.05,0.05,2.6565990613292643,9.132999442599395,charge_bin_conformal95_budget0.05
"charge[14000,24000)",5395,2.591719101246049,False,63,gradient_boosted_trees,0.05,0.05,2.6565990613292643,9.132999442599395,charge_bin_conformal95_budget0.05
"charge[24000,40000)",3362,2.8775216913597563,False,63,gradient_boosted_trees,0.05,0.05,2.6565990613292643,9.132999442599395,charge_bin_conformal95_budget0.05
"charge[4000,8000)",251,2.165279103463038,False,63,gradient_boosted_trees,0.05,0.05,2.6565990613292643,9.132999442599395,charge_bin_conformal95_budget0.05
"charge[40000,80000)",28,2.6565990613292643,True,63,gradient_boosted_trees,0.05,0.05,2.6565990613292643,9.132999442599395,charge_bin_conformal95_budget0.05
"charge[8000,14000)",1264,2.274927839789078,False,63,gradient_boosted_trees,0.05,0.05,2.6565990613292643,9.132999442599395,charge_bin_conformal95_budget0.05
"charge[1000,4000)",54,2.1435301019166575,False,65,gradient_boosted_trees,0.05,0.05,2.634580270534906,8.645282817231532,charge_bin_conformal95_budget0.05
"charge[14000,24000)",5884,2.557226958489341,False,65,gradient_boosted_trees,0.05,0.05,2.634580270534906,8.645282817231532,charge_bin_conformal95_budget0.05
"charge[24000,40000)",3589,2.8703491076155645,False,65,gradient_boosted_trees,0.05,0.05,2.634580270534906,8.645282817231532,charge_bin_conformal95_budget0.05
"charge[4000,8000)",267,2.1407809148477237,False,65,gradient_boosted_trees,0.05,0.05,2.634580270534906,8.645282817231532,charge_bin_conformal95_budget0.05
"charge[40000,80000)",30,3.3645216181448525,False,65,gradient_boosted_trees,0.05,0.05,2.634580270534906,8.645282817231532,charge_bin_conformal95_budget0.05
"charge[8000,14000)",1438,2.2504198303194323,False,65,gradient_boosted_trees,0.05,0.05,2.634580270534906,8.645282817231532,charge_bin_conformal95_budget0.05
"charge[1000,4000)",53,2.1449256039330957,False,58,gradient_boosted_trees,0.05,0.1,2.633611076553381,7.849913590452479,charge_bin_conformal95_budget0.10
"charge[14000,24000)",5888,2.559420957284639,False,58,gradient_boosted_trees,0.05,0.1,2.633611076553381,7.849913590452479,charge_bin_conformal95_budget0.10
"charge[24000,40000)",3571,2.8740359735300083,False,58,gradient_boosted_trees,0.05,0.1,2.633611076553381,7.849913590452479,charge_bin_conformal95_budget0.10
"charge[4000,8000)",267,2.172437642225521,False,58,gradient_boosted_trees,0.05,0.1,2.633611076553381,7.849913590452479,charge_bin_conformal95_budget0.10
"charge[40000,80000)",29,2.633611076553381,True,58,gradient_boosted_trees,0.05,0.1,2.633611076553381,7.849913590452479,charge_bin_conformal95_budget0.10
"charge[8000,14000)",1433,2.2403984091207736,False,58,gradient_boosted_trees,0.05,0.1,2.633611076553381,7.849913590452479,charge_bin_conformal95_budget0.10
"charge[1000,4000)",52,2.0664310807634667,False,59,gradient_boosted_trees,0.05,0.1,2.661237978023232,7.745125533081086,charge_bin_conformal95_budget0.10
"charge[14000,24000)",4649,2.612619234711177,False,59,gradient_boosted_trees,0.05,0.1,2.661237978023232,7.745125533081086,charge_bin_conformal95_budget0.10
"charge[24000,40000)",3105,2.877290219706274,False,59,gradient_boosted_trees,0.05,0.1,2.661237978023232,7.745125533081086,charge_bin_conformal95_budget0.10
"charge[4000,8000)",251,2.1165301398138623,False,59,gradient_boosted_trees,0.05,0.1,2.661237978023232,7.745125533081086,charge_bin_conformal95_budget0.10
"charge[40000,80000)",27,2.661237978023232,True,59,gradient_boosted_trees,0.05,0.1,2.661237978023232,7.745125533081086,charge_bin_conformal95_budget0.10
"charge[8000,14000)",1087,2.170790872673232,False,59,gradient_boosted_trees,0.05,0.1,2.661237978023232,7.745125533081086,charge_bin_conformal95_budget0.10
"charge[1000,4000)",42,2.160276126113916,False,60,gradient_boosted_trees,0.05,0.1,2.6690737767145913,7.817000266905457,charge_bin_conformal95_budget0.10
"charge[14000,24000)",4871,2.5939442777562087,False,60,gradient_boosted_trees,0.05,0.1,2.6690737767145913,7.817000266905457,charge_bin_conformal95_budget0.10
"charge[24000,40000)",2602,2.954249746413379,False,60,gradient_boosted_trees,0.05,0.1,2.6690737767145913,7.817000266905457,charge_bin_conformal95_budget0.10
"charge[4000,8000)",233,2.1832835920556812,False,60,gradient_boosted_trees,0.05,0.1,2.6690737767145913,7.817000266905457,charge_bin_conformal95_budget0.10
"charge[40000,80000)",23,2.6690737767145913,True,60,gradient_boosted_trees,0.05,0.1,2.6690737767145913,7.817000266905457,charge_bin_conformal95_budget0.10
"charge[8000,14000)",1265,2.271910942347293,False,60,gradient_boosted_trees,0.05,0.1,2.6690737767145913,7.817000266905457,charge_bin_conformal95_budget0.10
"charge[1000,4000)",57,2.139343595867343,False,61,gradient_boosted_trees,0.05,0.1,2.3722309459417628,9.575035985001788,charge_bin_conformal95_budget0.10
"charge[14000,24000)",4575,2.2715761487825064,False,61,gradient_boosted_trees,0.05,0.1,2.3722309459417628,9.575035985001788,charge_bin_conformal95_budget0.10
"charge[24000,40000)",2611,2.5360112287179364,False,61,gradient_boosted_trees,0.05,0.1,2.3722309459417628,9.575035985001788,charge_bin_conformal95_budget0.10
"charge[4000,8000)",210,2.1492041456486466,False,61,gradient_boosted_trees,0.05,0.1,2.3722309459417628,9.575035985001788,charge_bin_conformal95_budget0.10
"charge[40000,80000)",23,2.3722309459417628,True,61,gradient_boosted_trees,0.05,0.1,2.3722309459417628,9.575035985001788,charge_bin_conformal95_budget0.10
"charge[8000,14000)",1185,2.174551365524659,False,61,gradient_boosted_trees,0.05,0.1,2.3722309459417628,9.575035985001788,charge_bin_conformal95_budget0.10
"charge[1000,4000)",52,1.9949164585292554,False,62,gradient_boosted_trees,0.05,0.1,2.6696439725034464,7.869685705017357,charge_bin_conformal95_budget0.10
"charge[14000,24000)",4678,2.6133420377192773,False,62,gradient_boosted_trees,0.05,0.1,2.6696439725034464,7.869685705017357,charge_bin_conformal95_budget0.10
"charge[24000,40000)",2904,2.9562595835259273,False,62,gradient_boosted_trees,0.05,0.1,2.6696439725034464,7.869685705017357,charge_bin_conformal95_budget0.10
"charge[4000,8000)",231,2.1165301398138623,False,62,gradient_boosted_trees,0.05,0.1,2.6696439725034464,7.869685705017357,charge_bin_conformal95_budget0.10
"charge[40000,80000)",20,2.6696439725034464,True,62,gradient_boosted_trees,0.05,0.1,2.6696439725034464,7.869685705017357,charge_bin_conformal95_budget0.10
"charge[8000,14000)",1154,2.2745743825834825,False,62,gradient_boosted_trees,0.05,0.1,2.6696439725034464,7.869685705017357,charge_bin_conformal95_budget0.10
"charge[1000,4000)",50,2.1491121099824104,False,63,gradient_boosted_trees,0.05,0.1,2.6565990613292643,7.6676338842101925,charge_bin_conformal95_budget0.10
"charge[14000,24000)",5395,2.591719101246049,False,63,gradient_boosted_trees,0.05,0.1,2.6565990613292643,7.6676338842101925,charge_bin_conformal95_budget0.10
"charge[24000,40000)",3362,2.8775216913597563,False,63,gradient_boosted_trees,0.05,0.1,2.6565990613292643,7.6676338842101925,charge_bin_conformal95_budget0.10
"charge[4000,8000)",251,2.165279103463038,False,63,gradient_boosted_trees,0.05,0.1,2.6565990613292643,7.6676338842101925,charge_bin_conformal95_budget0.10
"charge[40000,80000)",28,2.6565990613292643,True,63,gradient_boosted_trees,0.05,0.1,2.6565990613292643,7.6676338842101925,charge_bin_conformal95_budget0.10
"charge[8000,14000)",1264,2.274927839789078,False,63,gradient_boosted_trees,0.05,0.1,2.6565990613292643,7.6676338842101925,charge_bin_conformal95_budget0.10
"charge[1000,4000)",54,2.1435301019166575,False,65,gradient_boosted_trees,0.05,0.1,2.634580270534906,7.781491423515765,charge_bin_conformal95_budget0.10
"charge[14000,24000)",5884,2.557226958489341,False,65,gradient_boosted_trees,0.05,0.1,2.634580270534906,7.781491423515765,charge_bin_conformal95_budget0.10
"charge[24000,40000)",3589,2.8703491076155645,False,65,gradient_boosted_trees,0.05,0.1,2.634580270534906,7.781491423515765,charge_bin_conformal95_budget0.10
"charge[4000,8000)",267,2.1407809148477237,False,65,gradient_boosted_trees,0.05,0.1,2.634580270534906,7.781491423515765,charge_bin_conformal95_budget0.10
"charge[40000,80000)",30,3.3645216181448525,False,65,gradient_boosted_trees,0.05,0.1,2.634580270534906,7.781491423515765,charge_bin_conformal95_budget0.10
"charge[8000,14000)",1438,2.2504198303194323,False,65,gradient_boosted_trees,0.05,0.1,2.634580270534906,7.781491423515765,charge_bin_conformal95_budget0.10
"charge[1000,4000)",53,2.1449256039330957,False,58,gradient_boosted_trees,0.05,0.2,2.633611076553381,6.655009138920258,charge_bin_conformal95_budget0.20
"charge[14000,24000)",5888,2.559420957284639,False,58,gradient_boosted_trees,0.05,0.2,2.633611076553381,6.655009138920258,charge_bin_conformal95_budget0.20
"charge[24000,40000)",3571,2.8740359735300083,False,58,gradient_boosted_trees,0.05,0.2,2.633611076553381,6.655009138920258,charge_bin_conformal95_budget0.20
"charge[4000,8000)",267,2.172437642225521,False,58,gradient_boosted_trees,0.05,0.2,2.633611076553381,6.655009138920258,charge_bin_conformal95_budget0.20
"charge[40000,80000)",29,2.633611076553381,True,58,gradient_boosted_trees,0.05,0.2,2.633611076553381,6.655009138920258,charge_bin_conformal95_budget0.20
"charge[8000,14000)",1433,2.2403984091207736,False,58,gradient_boosted_trees,0.05,0.2,2.633611076553381,6.655009138920258,charge_bin_conformal95_budget0.20
"charge[1000,4000)",52,2.0664310807634667,False,59,gradient_boosted_trees,0.05,0.2,2.661237978023232,6.190351932960832,charge_bin_conformal95_budget0.20
"charge[14000,24000)",4649,2.612619234711177,False,59,gradient_boosted_trees,0.05,0.2,2.661237978023232,6.190351932960832,charge_bin_conformal95_budget0.20
"charge[24000,40000)",3105,2.877290219706274,False,59,gradient_boosted_trees,0.05,0.2,2.661237978023232,6.190351932960832,charge_bin_conformal95_budget0.20
"charge[4000,8000)",251,2.1165301398138623,False,59,gradient_boosted_trees,0.05,0.2,2.661237978023232,6.190351932960832,charge_bin_conformal95_budget0.20
"charge[40000,80000)",27,2.661237978023232,True,59,gradient_boosted_trees,0.05,0.2,2.661237978023232,6.190351932960832,charge_bin_conformal95_budget0.20
"charge[8000,14000)",1087,2.170790872673232,False,59,gradient_boosted_trees,0.05,0.2,2.661237978023232,6.190351932960832,charge_bin_conformal95_budget0.20
"charge[1000,4000)",42,2.160276126113916,False,60,gradient_boosted_trees,0.05,0.2,2.6690737767145913,6.31034971878784,charge_bin_conformal95_budget0.20
"charge[14000,24000)",4871,2.5939442777562087,False,60,gradient_boosted_trees,0.05,0.2,2.6690737767145913,6.31034971878784,charge_bin_conformal95_budget0.20
"charge[24000,40000)",2602,2.954249746413379,False,60,gradient_boosted_trees,0.05,0.2,2.6690737767145913,6.31034971878784,charge_bin_conformal95_budget0.20
"charge[4000,8000)",233,2.1832835920556812,False,60,gradient_boosted_trees,0.05,0.2,2.6690737767145913,6.31034971878784,charge_bin_conformal95_budget0.20
"charge[40000,80000)",23,2.6690737767145913,True,60,gradient_boosted_trees,0.05,0.2,2.6690737767145913,6.31034971878784,charge_bin_conformal95_budget0.20
"charge[8000,14000)",1265,2.271910942347293,False,60,gradient_boosted_trees,0.05,0.2,2.6690737767145913,6.31034971878784,charge_bin_conformal95_budget0.20
"charge[1000,4000)",57,2.139343595867343,False,61,gradient_boosted_trees,0.05,0.2,2.3722309459417628,7.554585579458559,charge_bin_conformal95_budget0.20
"charge[14000,24000)",4575,2.2715761487825064,False,61,gradient_boosted_trees,0.05,0.2,2.3722309459417628,7.554585579458559,charge_bin_conformal95_budget0.20
"charge[24000,40000)",2611,2.5360112287179364,False,61,gradient_boosted_trees,0.05,0.2,2.3722309459417628,7.554585579458559,charge_bin_conformal95_budget0.20
"charge[4000,8000)",210,2.1492041456486466,False,61,gradient_boosted_trees,0.05,0.2,2.3722309459417628,7.554585579458559,charge_bin_conformal95_budget0.20
"charge[40000,80000)",23,2.3722309459417628,True,61,gradient_boosted_trees,0.05,0.2,2.3722309459417628,7.554585579458559,charge_bin_conformal95_budget0.20
"charge[8000,14000)",1185,2.174551365524659,False,61,gradient_boosted_trees,0.05,0.2,2.3722309459417628,7.554585579458559,charge_bin_conformal95_budget0.20
"charge[1000,4000)",52,1.9949164585292554,False,62,gradient_boosted_trees,0.05,0.2,2.6696439725034464,6.436849266800455,charge_bin_conformal95_budget0.20
"charge[14000,24000)",4678,2.6133420377192773,False,62,gradient_boosted_trees,0.05,0.2,2.6696439725034464,6.436849266800455,charge_bin_conformal95_budget0.20
"charge[24000,40000)",2904,2.9562595835259273,False,62,gradient_boosted_trees,0.05,0.2,2.6696439725034464,6.436849266800455,charge_bin_conformal95_budget0.20
"charge[4000,8000)",231,2.1165301398138623,False,62,gradient_boosted_trees,0.05,0.2,2.6696439725034464,6.436849266800455,charge_bin_conformal95_budget0.20
"charge[40000,80000)",20,2.6696439725034464,True,62,gradient_boosted_trees,0.05,0.2,2.6696439725034464,6.436849266800455,charge_bin_conformal95_budget0.20
"charge[8000,14000)",1154,2.2745743825834825,False,62,gradient_boosted_trees,0.05,0.2,2.6696439725034464,6.436849266800455,charge_bin_conformal95_budget0.20
"charge[1000,4000)",50,2.1491121099824104,False,63,gradient_boosted_trees,0.05,0.2,2.6565990613292643,6.134821651535768,charge_bin_conformal95_budget0.20
"charge[14000,24000)",5395,2.591719101246049,False,63,gradient_boosted_trees,0.05,0.2,2.6565990613292643,6.134821651535768,charge_bin_conformal95_budget0.20
"charge[24000,40000)",3362,2.8775216913597563,False,63,gradient_boosted_trees,0.05,0.2,2.6565990613292643,6.134821651535768,charge_bin_conformal95_budget0.20
"charge[4000,8000)",251,2.165279103463038,False,63,gradient_boosted_trees,0.05,0.2,2.6565990613292643,6.134821651535768,charge_bin_conformal95_budget0.20
"charge[40000,80000)",28,2.6565990613292643,True,63,gradient_boosted_trees,0.05,0.2,2.6565990613292643,6.134821651535768,charge_bin_conformal95_budget0.20
"charge[8000,14000)",1264,2.274927839789078,False,63,gradient_boosted_trees,0.05,0.2,2.6565990613292643,6.134821651535768,charge_bin_conformal95_budget0.20
"charge[1000,4000)",54,2.1435301019166575,False,65,gradient_boosted_trees,0.05,0.2,2.634580270534906,6.224197272169639,charge_bin_conformal95_budget0.20
"charge[14000,24000)",5884,2.557226958489341,False,65,gradient_boosted_trees,0.05,0.2,2.634580270534906,6.224197272169639,charge_bin_conformal95_budget0.20
"charge[24000,40000)",3589,2.8703491076155645,False,65,gradient_boosted_trees,0.05,0.2,2.634580270534906,6.224197272169639,charge_bin_conformal95_budget0.20
"charge[4000,8000)",267,2.1407809148477237,False,65,gradient_boosted_trees,0.05,0.2,2.634580270534906,6.224197272169639,charge_bin_conformal95_budget0.20
"charge[40000,80000)",30,3.3645216181448525,False,65,gradient_boosted_trees,0.05,0.2,2.634580270534906,6.224197272169639,charge_bin_conformal95_budget0.20
"charge[8000,14000)",1438,2.2504198303194323,False,65,gradient_boosted_trees,0.05,0.2,2.634580270534906,6.224197272169639,charge_bin_conformal95_budget0.20
"charge[1000,4000)",53,1.2340485614388805,False,58,mlp,0.317310507863,0.0,1.3019883460154018,inf,charge_bin_conformal68_budget0.00
"charge[14000,24000)",5888,1.287585402425039,False,58,mlp,0.317310507863,0.0,1.3019883460154018,inf,charge_bin_conformal68_budget0.00
"charge[24000,40000)",3571,1.4087335077315453,False,58,mlp,0.317310507863,0.0,1.3019883460154018,inf,charge_bin_conformal68_budget0.00
"charge[4000,8000)",267,1.1252143274619126,False,58,mlp,0.317310507863,0.0,1.3019883460154018,inf,charge_bin_conformal68_budget0.00
"charge[40000,80000)",29,1.3019883460154018,True,58,mlp,0.317310507863,0.0,1.3019883460154018,inf,charge_bin_conformal68_budget0.00
"charge[8000,14000)",1433,1.18781065697909,False,58,mlp,0.317310507863,0.0,1.3019883460154018,inf,charge_bin_conformal68_budget0.00
"charge[1000,4000)",52,1.3940155656455675,False,59,mlp,0.317310507863,0.0,1.3094318095160702,inf,charge_bin_conformal68_budget0.00
"charge[14000,24000)",4649,1.3011368824223621,False,59,mlp,0.317310507863,0.0,1.3094318095160702,inf,charge_bin_conformal68_budget0.00
"charge[24000,40000)",3105,1.4163951502822494,False,59,mlp,0.317310507863,0.0,1.3094318095160702,inf,charge_bin_conformal68_budget0.00
"charge[4000,8000)",251,1.1807210774547272,False,59,mlp,0.317310507863,0.0,1.3094318095160702,inf,charge_bin_conformal68_budget0.00
"charge[40000,80000)",27,1.3094318095160702,True,59,mlp,0.317310507863,0.0,1.3094318095160702,inf,charge_bin_conformal68_budget0.00
"charge[8000,14000)",1087,1.1677275193971763,False,59,mlp,0.317310507863,0.0,1.3094318095160702,inf,charge_bin_conformal68_budget0.00
"charge[1000,4000)",42,1.2176448480580082,False,60,mlp,0.317310507863,0.0,1.305232018387473,inf,charge_bin_conformal68_budget0.00
"charge[14000,24000)",4871,1.2822819842582482,False,60,mlp,0.317310507863,0.0,1.305232018387473,inf,charge_bin_conformal68_budget0.00
"charge[24000,40000)",2602,1.441153906691324,False,60,mlp,0.317310507863,0.0,1.305232018387473,inf,charge_bin_conformal68_budget0.00
"charge[4000,8000)",233,1.125531826929223,False,60,mlp,0.317310507863,0.0,1.305232018387473,inf,charge_bin_conformal68_budget0.00
"charge[40000,80000)",23,1.305232018387473,True,60,mlp,0.317310507863,0.0,1.305232018387473,inf,charge_bin_conformal68_budget0.00
"charge[8000,14000)",1265,1.215490344936926,False,60,mlp,0.317310507863,0.0,1.305232018387473,inf,charge_bin_conformal68_budget0.00
"charge[1000,4000)",57,1.37897451511533,False,61,mlp,0.317310507863,0.0,1.2248550870764459,inf,charge_bin_conformal68_budget0.00
"charge[14000,24000)",4575,1.2002734269787423,False,61,mlp,0.317310507863,0.0,1.2248550870764459,inf,charge_bin_conformal68_budget0.00
"charge[24000,40000)",2611,1.3010626202546758,False,61,mlp,0.317310507863,0.0,1.2248550870764459,inf,charge_bin_conformal68_budget0.00
"charge[4000,8000)",210,1.1212240845307826,False,61,mlp,0.317310507863,0.0,1.2248550870764459,inf,charge_bin_conformal68_budget0.00
"charge[40000,80000)",23,1.2248550870764459,True,61,mlp,0.317310507863,0.0,1.2248550870764459,inf,charge_bin_conformal68_budget0.00
"charge[8000,14000)",1185,1.178292141259482,False,61,mlp,0.317310507863,0.0,1.2248550870764459,inf,charge_bin_conformal68_budget0.00
"charge[1000,4000)",52,1.3872312280456656,False,62,mlp,0.317310507863,0.0,1.3557729404914642,inf,charge_bin_conformal68_budget0.00
"charge[14000,24000)",4678,1.342993816185874,False,62,mlp,0.317310507863,0.0,1.3557729404914642,inf,charge_bin_conformal68_budget0.00
"charge[24000,40000)",2904,1.4555352590654327,False,62,mlp,0.317310507863,0.0,1.3557729404914642,inf,charge_bin_conformal68_budget0.00
"charge[4000,8000)",231,1.1213032992128265,False,62,mlp,0.317310507863,0.0,1.3557729404914642,inf,charge_bin_conformal68_budget0.00
"charge[40000,80000)",20,1.3557729404914642,True,62,mlp,0.317310507863,0.0,1.3557729404914642,inf,charge_bin_conformal68_budget0.00
"charge[8000,14000)",1154,1.2023763837559935,False,62,mlp,0.317310507863,0.0,1.3557729404914642,inf,charge_bin_conformal68_budget0.00
"charge[1000,4000)",50,1.3983714628191535,False,63,mlp,0.317310507863,0.0,1.329522321151176,inf,charge_bin_conformal68_budget0.00
"charge[14000,24000)",5395,1.3079302959684076,False,63,mlp,0.317310507863,0.0,1.329522321151176,inf,charge_bin_conformal68_budget0.00
"charge[24000,40000)",3362,1.4219901148586056,False,63,mlp,0.317310507863,0.0,1.329522321151176,inf,charge_bin_conformal68_budget0.00
"charge[4000,8000)",251,1.1690203966711528,False,63,mlp,0.317310507863,0.0,1.329522321151176,inf,charge_bin_conformal68_budget0.00
"charge[40000,80000)",28,1.329522321151176,True,63,mlp,0.317310507863,0.0,1.329522321151176,inf,charge_bin_conformal68_budget0.00
"charge[8000,14000)",1264,1.2285525506218877,False,63,mlp,0.317310507863,0.0,1.329522321151176,inf,charge_bin_conformal68_budget0.00
"charge[1000,4000)",54,1.22376590201746,False,65,mlp,0.317310507863,0.0,1.3058260833233752,inf,charge_bin_conformal68_budget0.00
"charge[14000,24000)",5884,1.2928273826259586,False,65,mlp,0.317310507863,0.0,1.3058260833233752,inf,charge_bin_conformal68_budget0.00
"charge[24000,40000)",3589,1.41413498717796,False,65,mlp,0.317310507863,0.0,1.3058260833233752,inf,charge_bin_conformal68_budget0.00
"charge[4000,8000)",267,1.1285279186110797,False,65,mlp,0.317310507863,0.0,1.3058260833233752,inf,charge_bin_conformal68_budget0.00
"charge[40000,80000)",30,2.0921514072088256,False,65,mlp,0.317310507863,0.0,1.3058260833233752,inf,charge_bin_conformal68_budget0.00
"charge[8000,14000)",1438,1.1953353490533305,False,65,mlp,0.317310507863,0.0,1.3058260833233752,inf,charge_bin_conformal68_budget0.00
"charge[1000,4000)",53,1.2340485614388805,False,58,mlp,0.317310507863,0.05,1.3019883460154018,4.942623423334665,charge_bin_conformal68_budget0.05
"charge[14000,24000)",5888,1.287585402425039,False,58,mlp,0.317310507863,0.05,1.3019883460154018,4.942623423334665,charge_bin_conformal68_budget0.05
"charge[24000,40000)",3571,1.4087335077315453,False,58,mlp,0.317310507863,0.05,1.3019883460154018,4.942623423334665,charge_bin_conformal68_budget0.05
"charge[4000,8000)",267,1.1252143274619126,False,58,mlp,0.317310507863,0.05,1.3019883460154018,4.942623423334665,charge_bin_conformal68_budget0.05
"charge[40000,80000)",29,1.3019883460154018,True,58,mlp,0.317310507863,0.05,1.3019883460154018,4.942623423334665,charge_bin_conformal68_budget0.05
"charge[8000,14000)",1433,1.18781065697909,False,58,mlp,0.317310507863,0.05,1.3019883460154018,4.942623423334665,charge_bin_conformal68_budget0.05
"charge[1000,4000)",52,1.3940155656455675,False,59,mlp,0.317310507863,0.05,1.3094318095160702,4.854371364580295,charge_bin_conformal68_budget0.05
"charge[14000,24000)",4649,1.3011368824223621,False,59,mlp,0.317310507863,0.05,1.3094318095160702,4.854371364580295,charge_bin_conformal68_budget0.05
"charge[24000,40000)",3105,1.4163951502822494,False,59,mlp,0.317310507863,0.05,1.3094318095160702,4.854371364580295,charge_bin_conformal68_budget0.05
"charge[4000,8000)",251,1.1807210774547272,False,59,mlp,0.317310507863,0.05,1.3094318095160702,4.854371364580295,charge_bin_conformal68_budget0.05
"charge[40000,80000)",27,1.3094318095160702,True,59,mlp,0.317310507863,0.05,1.3094318095160702,4.854371364580295,charge_bin_conformal68_budget0.05
"charge[8000,14000)",1087,1.1677275193971763,False,59,mlp,0.317310507863,0.05,1.3094318095160702,4.854371364580295,charge_bin_conformal68_budget0.05
"charge[1000,4000)",42,1.2176448480580082,False,60,mlp,0.317310507863,0.05,1.305232018387473,4.8485771946944,charge_bin_conformal68_budget0.05
"charge[14000,24000)",4871,1.2822819842582482,False,60,mlp,0.317310507863,0.05,1.305232018387473,4.8485771946944,charge_bin_conformal68_budget0.05
"charge[24000,40000)",2602,1.441153906691324,False,60,mlp,0.317310507863,0.05,1.305232018387473,4.8485771946944,charge_bin_conformal68_budget0.05
"charge[4000,8000)",233,1.125531826929223,False,60,mlp,0.317310507863,0.05,1.305232018387473,4.8485771946944,charge_bin_conformal68_budget0.05
"charge[40000,80000)",23,1.305232018387473,True,60,mlp,0.317310507863,0.05,1.305232018387473,4.8485771946944,charge_bin_conformal68_budget0.05
"charge[8000,14000)",1265,1.215490344936926,False,60,mlp,0.317310507863,0.05,1.305232018387473,4.8485771946944,charge_bin_conformal68_budget0.05
"charge[1000,4000)",57,1.37897451511533,False,61,mlp,0.317310507863,0.05,1.2248550870764459,5.655857349492196,charge_bin_conformal68_budget0.05
"charge[14000,24000)",4575,1.2002734269787423,False,61,mlp,0.317310507863,0.05,1.2248550870764459,5.655857349492196,charge_bin_conformal68_budget0.05
"charge[24000,40000)",2611,1.3010626202546758,False,61,mlp,0.317310507863,0.05,1.2248550870764459,5.655857349492196,charge_bin_conformal68_budget0.05
"charge[4000,8000)",210,1.1212240845307826,False,61,mlp,0.317310507863,0.05,1.2248550870764459,5.655857349492196,charge_bin_conformal68_budget0.05
"charge[40000,80000)",23,1.2248550870764459,True,61,mlp,0.317310507863,0.05,1.2248550870764459,5.655857349492196,charge_bin_conformal68_budget0.05
"charge[8000,14000)",1185,1.178292141259482,False,61,mlp,0.317310507863,0.05,1.2248550870764459,5.655857349492196,charge_bin_conformal68_budget0.05
"charge[1000,4000)",52,1.3872312280456656,False,62,mlp,0.317310507863,0.05,1.3557729404914642,5.036814616562043,charge_bin_conformal68_budget0.05
"charge[14000,24000)",4678,1.342993816185874,False,62,mlp,0.317310507863,0.05,1.3557729404914642,5.036814616562043,charge_bin_conformal68_budget0.05
"charge[24000,40000)",2904,1.4555352590654327,False,62,mlp,0.317310507863,0.05,1.3557729404914642,5.036814616562043,charge_bin_conformal68_budget0.05
"charge[4000,8000)",231,1.1213032992128265,False,62,mlp,0.317310507863,0.05,1.3557729404914642,5.036814616562043,charge_bin_conformal68_budget0.05
"charge[40000,80000)",20,1.3557729404914642,True,62,mlp,0.317310507863,0.05,1.3557729404914642,5.036814616562043,charge_bin_conformal68_budget0.05
"charge[8000,14000)",1154,1.2023763837559935,False,62,mlp,0.317310507863,0.05,1.3557729404914642,5.036814616562043,charge_bin_conformal68_budget0.05
"charge[1000,4000)",50,1.3983714628191535,False,63,mlp,0.317310507863,0.05,1.329522321151176,4.693363271784747,charge_bin_conformal68_budget0.05
"charge[14000,24000)",5395,1.3079302959684076,False,63,mlp,0.317310507863,0.05,1.329522321151176,4.693363271784747,charge_bin_conformal68_budget0.05
"charge[24000,40000)",3362,1.4219901148586056,False,63,mlp,0.317310507863,0.05,1.329522321151176,4.693363271784747,charge_bin_conformal68_budget0.05
"charge[4000,8000)",251,1.1690203966711528,False,63,mlp,0.317310507863,0.05,1.329522321151176,4.693363271784747,charge_bin_conformal68_budget0.05
"charge[40000,80000)",28,1.329522321151176,True,63,mlp,0.317310507863,0.05,1.329522321151176,4.693363271784747,charge_bin_conformal68_budget0.05
"charge[8000,14000)",1264,1.2285525506218877,False,63,mlp,0.317310507863,0.05,1.329522321151176,4.693363271784747,charge_bin_conformal68_budget0.05
"charge[1000,4000)",54,1.22376590201746,False,65,mlp,0.317310507863,0.05,1.3058260833233752,4.52860872106258,charge_bin_conformal68_budget0.05
"charge[14000,24000)",5884,1.2928273826259586,False,65,mlp,0.317310507863,0.05,1.3058260833233752,4.52860872106258,charge_bin_conformal68_budget0.05
"charge[24000,40000)",3589,1.41413498717796,False,65,mlp,0.317310507863,0.05,1.3058260833233752,4.52860872106258,charge_bin_conformal68_budget0.05
"charge[4000,8000)",267,1.1285279186110797,False,65,mlp,0.317310507863,0.05,1.3058260833233752,4.52860872106258,charge_bin_conformal68_budget0.05
"charge[40000,80000)",30,2.0921514072088256,False,65,mlp,0.317310507863,0.05,1.3058260833233752,4.52860872106258,charge_bin_conformal68_budget0.05
"charge[8000,14000)",1438,1.1953353490533305,False,65,mlp,0.317310507863,0.05,1.3058260833233752,4.52860872106258,charge_bin_conformal68_budget0.05
"charge[1000,4000)",53,1.2340485614388805,False,58,mlp,0.317310507863,0.1,1.3019883460154018,4.414524480208861,charge_bin_conformal68_budget0.10
"charge[14000,24000)",5888,1.287585402425039,False,58,mlp,0.317310507863,0.1,1.3019883460154018,4.414524480208861,charge_bin_conformal68_budget0.10
"charge[24000,40000)",3571,1.4087335077315453,False,58,mlp,0.317310507863,0.1,1.3019883460154018,4.414524480208861,charge_bin_conformal68_budget0.10
"charge[4000,8000)",267,1.1252143274619126,False,58,mlp,0.317310507863,0.1,1.3019883460154018,4.414524480208861,charge_bin_conformal68_budget0.10
"charge[40000,80000)",29,1.3019883460154018,True,58,mlp,0.317310507863,0.1,1.3019883460154018,4.414524480208861,charge_bin_conformal68_budget0.10
"charge[8000,14000)",1433,1.18781065697909,False,58,mlp,0.317310507863,0.1,1.3019883460154018,4.414524480208861,charge_bin_conformal68_budget0.10
"charge[1000,4000)",52,1.3940155656455675,False,59,mlp,0.317310507863,0.1,1.3094318095160702,4.002599761500824,charge_bin_conformal68_budget0.10
"charge[14000,24000)",4649,1.3011368824223621,False,59,mlp,0.317310507863,0.1,1.3094318095160702,4.002599761500824,charge_bin_conformal68_budget0.10
"charge[24000,40000)",3105,1.4163951502822494,False,59,mlp,0.317310507863,0.1,1.3094318095160702,4.002599761500824,charge_bin_conformal68_budget0.10
"charge[4000,8000)",251,1.1807210774547272,False,59,mlp,0.317310507863,0.1,1.3094318095160702,4.002599761500824,charge_bin_conformal68_budget0.10
"charge[40000,80000)",27,1.3094318095160702,True,59,mlp,0.317310507863,0.1,1.3094318095160702,4.002599761500824,charge_bin_conformal68_budget0.10
"charge[8000,14000)",1087,1.1677275193971763,False,59,mlp,0.317310507863,0.1,1.3094318095160702,4.002599761500824,charge_bin_conformal68_budget0.10
"charge[1000,4000)",42,1.2176448480580082,False,60,mlp,0.317310507863,0.1,1.305232018387473,4.08791236321739,charge_bin_conformal68_budget0.10
"charge[14000,24000)",4871,1.2822819842582482,False,60,mlp,0.317310507863,0.1,1.305232018387473,4.08791236321739,charge_bin_conformal68_budget0.10
"charge[24000,40000)",2602,1.441153906691324,False,60,mlp,0.317310507863,0.1,1.305232018387473,4.08791236321739,charge_bin_conformal68_budget0.10
"charge[4000,8000)",233,1.125531826929223,False,60,mlp,0.317310507863,0.1,1.305232018387473,4.08791236321739,charge_bin_conformal68_budget0.10
"charge[40000,80000)",23,1.305232018387473,True,60,mlp,0.317310507863,0.1,1.305232018387473,4.08791236321739,charge_bin_conformal68_budget0.10
"charge[8000,14000)",1265,1.215490344936926,False,60,mlp,0.317310507863,0.1,1.305232018387473,4.08791236321739,charge_bin_conformal68_budget0.10
"charge[1000,4000)",57,1.37897451511533,False,61,mlp,0.317310507863,0.1,1.2248550870764459,4.741646785213399,charge_bin_conformal68_budget0.10
"charge[14000,24000)",4575,1.2002734269787423,False,61,mlp,0.317310507863,0.1,1.2248550870764459,4.741646785213399,charge_bin_conformal68_budget0.10
"charge[24000,40000)",2611,1.3010626202546758,False,61,mlp,0.317310507863,0.1,1.2248550870764459,4.741646785213399,charge_bin_conformal68_budget0.10
"charge[4000,8000)",210,1.1212240845307826,False,61,mlp,0.317310507863,0.1,1.2248550870764459,4.741646785213399,charge_bin_conformal68_budget0.10
"charge[40000,80000)",23,1.2248550870764459,True,61,mlp,0.317310507863,0.1,1.2248550870764459,4.741646785213399,charge_bin_conformal68_budget0.10
"charge[8000,14000)",1185,1.178292141259482,False,61,mlp,0.317310507863,0.1,1.2248550870764459,4.741646785213399,charge_bin_conformal68_budget0.10
"charge[1000,4000)",52,1.3872312280456656,False,62,mlp,0.317310507863,0.1,1.3557729404914642,4.2667771253804565,charge_bin_conformal68_budget0.10
"charge[14000,24000)",4678,1.342993816185874,False,62,mlp,0.317310507863,0.1,1.3557729404914642,4.2667771253804565,charge_bin_conformal68_budget0.10
"charge[24000,40000)",2904,1.4555352590654327,False,62,mlp,0.317310507863,0.1,1.3557729404914642,4.2667771253804565,charge_bin_conformal68_budget0.10
"charge[4000,8000)",231,1.1213032992128265,False,62,mlp,0.317310507863,0.1,1.3557729404914642,4.2667771253804565,charge_bin_conformal68_budget0.10
"charge[40000,80000)",20,1.3557729404914642,True,62,mlp,0.317310507863,0.1,1.3557729404914642,4.2667771253804565,charge_bin_conformal68_budget0.10
"charge[8000,14000)",1154,1.2023763837559935,False,62,mlp,0.317310507863,0.1,1.3557729404914642,4.2667771253804565,charge_bin_conformal68_budget0.10
"charge[1000,4000)",50,1.3983714628191535,False,63,mlp,0.317310507863,0.1,1.329522321151176,4.038210931644681,charge_bin_conformal68_budget0.10
"charge[14000,24000)",5395,1.3079302959684076,False,63,mlp,0.317310507863,0.1,1.329522321151176,4.038210931644681,charge_bin_conformal68_budget0.10
"charge[24000,40000)",3362,1.4219901148586056,False,63,mlp,0.317310507863,0.1,1.329522321151176,4.038210931644681,charge_bin_conformal68_budget0.10
"charge[4000,8000)",251,1.1690203966711528,False,63,mlp,0.317310507863,0.1,1.329522321151176,4.038210931644681,charge_bin_conformal68_budget0.10
"charge[40000,80000)",28,1.329522321151176,True,63,mlp,0.317310507863,0.1,1.329522321151176,4.038210931644681,charge_bin_conformal68_budget0.10
"charge[8000,14000)",1264,1.2285525506218877,False,63,mlp,0.317310507863,0.1,1.329522321151176,4.038210931644681,charge_bin_conformal68_budget0.10
"charge[1000,4000)",54,1.22376590201746,False,65,mlp,0.317310507863,0.1,1.3058260833233752,3.9051464976874093,charge_bin_conformal68_budget0.10
"charge[14000,24000)",5884,1.2928273826259586,False,65,mlp,0.317310507863,0.1,1.3058260833233752,3.9051464976874093,charge_bin_conformal68_budget0.10
"charge[24000,40000)",3589,1.41413498717796,False,65,mlp,0.317310507863,0.1,1.3058260833233752,3.9051464976874093,charge_bin_conformal68_budget0.10
"charge[4000,8000)",267,1.1285279186110797,False,65,mlp,0.317310507863,0.1,1.3058260833233752,3.9051464976874093,charge_bin_conformal68_budget0.10
"charge[40000,80000)",30,2.0921514072088256,False,65,mlp,0.317310507863,0.1,1.3058260833233752,3.9051464976874093,charge_bin_conformal68_budget0.10
"charge[8000,14000)",1438,1.1953353490533305,False,65,mlp,0.317310507863,0.1,1.3058260833233752,3.9051464976874093,charge_bin_conformal68_budget0.10
"charge[1000,4000)",53,1.2340485614388805,False,58,mlp,0.317310507863,0.2,1.3019883460154018,3.685368651479471,charge_bin_conformal68_budget0.20
"charge[14000,24000)",5888,1.287585402425039,False,58,mlp,0.317310507863,0.2,1.3019883460154018,3.685368651479471,charge_bin_conformal68_budget0.20
"charge[24000,40000)",3571,1.4087335077315453,False,58,mlp,0.317310507863,0.2,1.3019883460154018,3.685368651479471,charge_bin_conformal68_budget0.20
"charge[4000,8000)",267,1.1252143274619126,False,58,mlp,0.317310507863,0.2,1.3019883460154018,3.685368651479471,charge_bin_conformal68_budget0.20
"charge[40000,80000)",29,1.3019883460154018,True,58,mlp,0.317310507863,0.2,1.3019883460154018,3.685368651479471,charge_bin_conformal68_budget0.20
"charge[8000,14000)",1433,1.18781065697909,False,58,mlp,0.317310507863,0.2,1.3019883460154018,3.685368651479471,charge_bin_conformal68_budget0.20
"charge[1000,4000)",52,1.3940155656455675,False,59,mlp,0.317310507863,0.2,1.3094318095160702,3.280055415652429,charge_bin_conformal68_budget0.20
"charge[14000,24000)",4649,1.3011368824223621,False,59,mlp,0.317310507863,0.2,1.3094318095160702,3.280055415652429,charge_bin_conformal68_budget0.20
"charge[24000,40000)",3105,1.4163951502822494,False,59,mlp,0.317310507863,0.2,1.3094318095160702,3.280055415652429,charge_bin_conformal68_budget0.20
"charge[4000,8000)",251,1.1807210774547272,False,59,mlp,0.317310507863,0.2,1.3094318095160702,3.280055415652429,charge_bin_conformal68_budget0.20
"charge[40000,80000)",27,1.3094318095160702,True,59,mlp,0.317310507863,0.2,1.3094318095160702,3.280055415652429,charge_bin_conformal68_budget0.20
"charge[8000,14000)",1087,1.1677275193971763,False,59,mlp,0.317310507863,0.2,1.3094318095160702,3.280055415652429,charge_bin_conformal68_budget0.20
"charge[1000,4000)",42,1.2176448480580082,False,60,mlp,0.317310507863,0.2,1.305232018387473,3.2602047517075885,charge_bin_conformal68_budget0.20
"charge[14000,24000)",4871,1.2822819842582482,False,60,mlp,0.317310507863,0.2,1.305232018387473,3.2602047517075885,charge_bin_conformal68_budget0.20
"charge[24000,40000)",2602,1.441153906691324,False,60,mlp,0.317310507863,0.2,1.305232018387473,3.2602047517075885,charge_bin_conformal68_budget0.20
"charge[4000,8000)",233,1.125531826929223,False,60,mlp,0.317310507863,0.2,1.305232018387473,3.2602047517075885,charge_bin_conformal68_budget0.20
"charge[40000,80000)",23,1.305232018387473,True,60,mlp,0.317310507863,0.2,1.305232018387473,3.2602047517075885,charge_bin_conformal68_budget0.20
"charge[8000,14000)",1265,1.215490344936926,False,60,mlp,0.317310507863,0.2,1.305232018387473,3.2602047517075885,charge_bin_conformal68_budget0.20
"charge[1000,4000)",57,1.37897451511533,False,61,mlp,0.317310507863,0.2,1.2248550870764459,3.8476333059165824,charge_bin_conformal68_budget0.20
"charge[14000,24000)",4575,1.2002734269787423,False,61,mlp,0.317310507863,0.2,1.2248550870764459,3.8476333059165824,charge_bin_conformal68_budget0.20
"charge[24000,40000)",2611,1.3010626202546758,False,61,mlp,0.317310507863,0.2,1.2248550870764459,3.8476333059165824,charge_bin_conformal68_budget0.20
"charge[4000,8000)",210,1.1212240845307826,False,61,mlp,0.317310507863,0.2,1.2248550870764459,3.8476333059165824,charge_bin_conformal68_budget0.20
"charge[40000,80000)",23,1.2248550870764459,True,61,mlp,0.317310507863,0.2,1.2248550870764459,3.8476333059165824,charge_bin_conformal68_budget0.20
"charge[8000,14000)",1185,1.178292141259482,False,61,mlp,0.317310507863,0.2,1.2248550870764459,3.8476333059165824,charge_bin_conformal68_budget0.20
"charge[1000,4000)",52,1.3872312280456656,False,62,mlp,0.317310507863,0.2,1.3557729404914642,3.3933815783234396,charge_bin_conformal68_budget0.20
"charge[14000,24000)",4678,1.342993816185874,False,62,mlp,0.317310507863,0.2,1.3557729404914642,3.3933815783234396,charge_bin_conformal68_budget0.20
"charge[24000,40000)",2904,1.4555352590654327,False,62,mlp,0.317310507863,0.2,1.3557729404914642,3.3933815783234396,charge_bin_conformal68_budget0.20
"charge[4000,8000)",231,1.1213032992128265,False,62,mlp,0.317310507863,0.2,1.3557729404914642,3.3933815783234396,charge_bin_conformal68_budget0.20
"charge[40000,80000)",20,1.3557729404914642,True,62,mlp,0.317310507863,0.2,1.3557729404914642,3.3933815783234396,charge_bin_conformal68_budget0.20
"charge[8000,14000)",1154,1.2023763837559935,False,62,mlp,0.317310507863,0.2,1.3557729404914642,3.3933815783234396,charge_bin_conformal68_budget0.20
"charge[1000,4000)",50,1.3983714628191535,False,63,mlp,0.317310507863,0.2,1.329522321151176,3.2789546976526567,charge_bin_conformal68_budget0.20
"charge[14000,24000)",5395,1.3079302959684076,False,63,mlp,0.317310507863,0.2,1.329522321151176,3.2789546976526567,charge_bin_conformal68_budget0.20
"charge[24000,40000)",3362,1.4219901148586056,False,63,mlp,0.317310507863,0.2,1.329522321151176,3.2789546976526567,charge_bin_conformal68_budget0.20
"charge[4000,8000)",251,1.1690203966711528,False,63,mlp,0.317310507863,0.2,1.329522321151176,3.2789546976526567,charge_bin_conformal68_budget0.20
"charge[40000,80000)",28,1.329522321151176,True,63,mlp,0.317310507863,0.2,1.329522321151176,3.2789546976526567,charge_bin_conformal68_budget0.20
"charge[8000,14000)",1264,1.2285525506218877,False,63,mlp,0.317310507863,0.2,1.329522321151176,3.2789546976526567,charge_bin_conformal68_budget0.20
"charge[1000,4000)",54,1.22376590201746,False,65,mlp,0.317310507863,0.2,1.3058260833233752,3.418145371850244,charge_bin_conformal68_budget0.20
"charge[14000,24000)",5884,1.2928273826259586,False,65,mlp,0.317310507863,0.2,1.3058260833233752,3.418145371850244,charge_bin_conformal68_budget0.20
"charge[24000,40000)",3589,1.41413498717796,False,65,mlp,0.317310507863,0.2,1.3058260833233752,3.418145371850244,charge_bin_conformal68_budget0.20
"charge[4000,8000)",267,1.1285279186110797,False,65,mlp,0.317310507863,0.2,1.3058260833233752,3.418145371850244,charge_bin_conformal68_budget0.20
"charge[40000,80000)",30,2.0921514072088256,False,65,mlp,0.317310507863,0.2,1.3058260833233752,3.418145371850244,charge_bin_conformal68_budget0.20
"charge[8000,14000)",1438,1.1953353490533305,False,65,mlp,0.317310507863,0.2,1.3058260833233752,3.418145371850244,charge_bin_conformal68_budget0.20
"charge[1000,4000)",53,2.575857865133501,False,58,mlp,0.05,0.0,2.5894441624377404,inf,charge_bin_conformal95_budget0.00
"charge[14000,24000)",5888,2.4598154578858265,False,58,mlp,0.05,0.0,2.5894441624377404,inf,charge_bin_conformal95_budget0.00
"charge[24000,40000)",3571,2.8669328867815556,False,58,mlp,0.05,0.0,2.5894441624377404,inf,charge_bin_conformal95_budget0.00
"charge[4000,8000)",267,2.0040369690254014,False,58,mlp,0.05,0.0,2.5894441624377404,inf,charge_bin_conformal95_budget0.00
"charge[40000,80000)",29,2.5894441624377404,True,58,mlp,0.05,0.0,2.5894441624377404,inf,charge_bin_conformal95_budget0.00
"charge[8000,14000)",1433,2.425720533226827,False,58,mlp,0.05,0.0,2.5894441624377404,inf,charge_bin_conformal95_budget0.00
"charge[1000,4000)",52,2.6105603698965396,False,59,mlp,0.05,0.0,2.597660009992209,inf,charge_bin_conformal95_budget0.00
"charge[14000,24000)",4649,2.479021996873186,False,59,mlp,0.05,0.0,2.597660009992209,inf,charge_bin_conformal95_budget0.00
"charge[24000,40000)",3105,2.7643044758276103,False,59,mlp,0.05,0.0,2.597660009992209,inf,charge_bin_conformal95_budget0.00
"charge[4000,8000)",251,2.151324829212305,False,59,mlp,0.05,0.0,2.597660009992209,inf,charge_bin_conformal95_budget0.00
"charge[40000,80000)",27,2.597660009992209,True,59,mlp,0.05,0.0,2.597660009992209,inf,charge_bin_conformal95_budget0.00
"charge[8000,14000)",1087,2.3658302387342998,False,59,mlp,0.05,0.0,2.597660009992209,inf,charge_bin_conformal95_budget0.00
"charge[1000,4000)",42,2.0939705676605938,False,60,mlp,0.05,0.0,2.5898495730436184,inf,charge_bin_conformal95_budget0.00
"charge[14000,24000)",4871,2.418278645496274,False,60,mlp,0.05,0.0,2.5898495730436184,inf,charge_bin_conformal95_budget0.00
"charge[24000,40000)",2602,2.9379034979985805,False,60,mlp,0.05,0.0,2.5898495730436184,inf,charge_bin_conformal95_budget0.00
"charge[4000,8000)",233,2.147328263537491,False,60,mlp,0.05,0.0,2.5898495730436184,inf,charge_bin_conformal95_budget0.00
"charge[40000,80000)",23,2.5898495730436184,True,60,mlp,0.05,0.0,2.5898495730436184,inf,charge_bin_conformal95_budget0.00
"charge[8000,14000)",1265,2.452518025968286,False,60,mlp,0.05,0.0,2.5898495730436184,inf,charge_bin_conformal95_budget0.00
"charge[1000,4000)",57,2.4370478460813345,False,61,mlp,0.05,0.0,2.46473095571696,inf,charge_bin_conformal95_budget0.00
"charge[14000,24000)",4575,2.3647361928472317,False,61,mlp,0.05,0.0,2.46473095571696,inf,charge_bin_conformal95_budget0.00
"charge[24000,40000)",2611,2.7291180333320666,False,61,mlp,0.05,0.0,2.46473095571696,inf,charge_bin_conformal95_budget0.00
"charge[4000,8000)",210,1.9070110654512111,False,61,mlp,0.05,0.0,2.46473095571696,inf,charge_bin_conformal95_budget0.00
"charge[40000,80000)",23,2.46473095571696,True,61,mlp,0.05,0.0,2.46473095571696,inf,charge_bin_conformal95_budget0.00
"charge[8000,14000)",1185,2.4390827275495006,False,61,mlp,0.05,0.0,2.46473095571696,inf,charge_bin_conformal95_budget0.00
"charge[1000,4000)",52,2.6105603698965396,False,62,mlp,0.05,0.0,2.6517485776421736,inf,charge_bin_conformal95_budget0.00
"charge[14000,24000)",4678,2.501726521927663,False,62,mlp,0.05,0.0,2.6517485776421736,inf,charge_bin_conformal95_budget0.00
"charge[24000,40000)",2904,2.9332060105401605,False,62,mlp,0.05,0.0,2.6517485776421736,inf,charge_bin_conformal95_budget0.00
"charge[4000,8000)",231,2.1004722893346157,False,62,mlp,0.05,0.0,2.6517485776421736,inf,charge_bin_conformal95_budget0.00
"charge[40000,80000)",20,2.6517485776421736,True,62,mlp,0.05,0.0,2.6517485776421736,inf,charge_bin_conformal95_budget0.00
"charge[8000,14000)",1154,2.386450942241206,False,62,mlp,0.05,0.0,2.6517485776421736,inf,charge_bin_conformal95_budget0.00
"charge[1000,4000)",50,2.679965379422623,False,63,mlp,0.05,0.0,2.62520350686647,inf,charge_bin_conformal95_budget0.00
"charge[14000,24000)",5395,2.471543192771746,False,63,mlp,0.05,0.0,2.62520350686647,inf,charge_bin_conformal95_budget0.00
"charge[24000,40000)",3362,2.8822825737703424,False,63,mlp,0.05,0.0,2.62520350686647,inf,charge_bin_conformal95_budget0.00
"charge[4000,8000)",251,2.151324829212305,False,63,mlp,0.05,0.0,2.62520350686647,inf,charge_bin_conformal95_budget0.00
"charge[40000,80000)",28,2.62520350686647,True,63,mlp,0.05,0.0,2.62520350686647,inf,charge_bin_conformal95_budget0.00
"charge[8000,14000)",1264,2.4819277563380036,False,63,mlp,0.05,0.0,2.62520350686647,inf,charge_bin_conformal95_budget0.00
"charge[1000,4000)",54,1.9112520283078278,False,65,mlp,0.05,0.0,2.592522063668096,inf,charge_bin_conformal95_budget0.00
"charge[14000,24000)",5884,2.458091774097647,False,65,mlp,0.05,0.0,2.592522063668096,inf,charge_bin_conformal95_budget0.00
"charge[24000,40000)",3589,2.8642159663440507,False,65,mlp,0.05,0.0,2.592522063668096,inf,charge_bin_conformal95_budget0.00
"charge[4000,8000)",267,2.1017458839271526,False,65,mlp,0.05,0.0,2.592522063668096,inf,charge_bin_conformal95_budget0.00
"charge[40000,80000)",30,5.655135241854482,False,65,mlp,0.05,0.0,2.592522063668096,inf,charge_bin_conformal95_budget0.00
"charge[8000,14000)",1438,2.4567682922957452,False,65,mlp,0.05,0.0,2.592522063668096,inf,charge_bin_conformal95_budget0.00
"charge[1000,4000)",53,2.575857865133501,False,58,mlp,0.05,0.05,2.5894441624377404,10.05880073240603,charge_bin_conformal95_budget0.05
"charge[14000,24000)",5888,2.4598154578858265,False,58,mlp,0.05,0.05,2.5894441624377404,10.05880073240603,charge_bin_conformal95_budget0.05
"charge[24000,40000)",3571,2.8669328867815556,False,58,mlp,0.05,0.05,2.5894441624377404,10.05880073240603,charge_bin_conformal95_budget0.05
"charge[4000,8000)",267,2.0040369690254014,False,58,mlp,0.05,0.05,2.5894441624377404,10.05880073240603,charge_bin_conformal95_budget0.05
"charge[40000,80000)",29,2.5894441624377404,True,58,mlp,0.05,0.05,2.5894441624377404,10.05880073240603,charge_bin_conformal95_budget0.05
"charge[8000,14000)",1433,2.425720533226827,False,58,mlp,0.05,0.05,2.5894441624377404,10.05880073240603,charge_bin_conformal95_budget0.05
"charge[1000,4000)",52,2.6105603698965396,False,59,mlp,0.05,0.05,2.597660009992209,9.367406065782335,charge_bin_conformal95_budget0.05
"charge[14000,24000)",4649,2.479021996873186,False,59,mlp,0.05,0.05,2.597660009992209,9.367406065782335,charge_bin_conformal95_budget0.05
"charge[24000,40000)",3105,2.7643044758276103,False,59,mlp,0.05,0.05,2.597660009992209,9.367406065782335,charge_bin_conformal95_budget0.05
"charge[4000,8000)",251,2.151324829212305,False,59,mlp,0.05,0.05,2.597660009992209,9.367406065782335,charge_bin_conformal95_budget0.05
"charge[40000,80000)",27,2.597660009992209,True,59,mlp,0.05,0.05,2.597660009992209,9.367406065782335,charge_bin_conformal95_budget0.05
"charge[8000,14000)",1087,2.3658302387342998,False,59,mlp,0.05,0.05,2.597660009992209,9.367406065782335,charge_bin_conformal95_budget0.05
"charge[1000,4000)",42,2.0939705676605938,False,60,mlp,0.05,0.05,2.5898495730436184,9.544258429591187,charge_bin_conformal95_budget0.05
"charge[14000,24000)",4871,2.418278645496274,False,60,mlp,0.05,0.05,2.5898495730436184,9.544258429591187,charge_bin_conformal95_budget0.05
"charge[24000,40000)",2602,2.9379034979985805,False,60,mlp,0.05,0.05,2.5898495730436184,9.544258429591187,charge_bin_conformal95_budget0.05
"charge[4000,8000)",233,2.147328263537491,False,60,mlp,0.05,0.05,2.5898495730436184,9.544258429591187,charge_bin_conformal95_budget0.05
"charge[40000,80000)",23,2.5898495730436184,True,60,mlp,0.05,0.05,2.5898495730436184,9.544258429591187,charge_bin_conformal95_budget0.05
"charge[8000,14000)",1265,2.452518025968286,False,60,mlp,0.05,0.05,2.5898495730436184,9.544258429591187,charge_bin_conformal95_budget0.05
"charge[1000,4000)",57,2.4370478460813345,False,61,mlp,0.05,0.05,2.46473095571696,11.445611004909978,charge_bin_conformal95_budget0.05
"charge[14000,24000)",4575,2.3647361928472317,False,61,mlp,0.05,0.05,2.46473095571696,11.445611004909978,charge_bin_conformal95_budget0.05
"charge[24000,40000)",2611,2.7291180333320666,False,61,mlp,0.05,0.05,2.46473095571696,11.445611004909978,charge_bin_conformal95_budget0.05
"charge[4000,8000)",210,1.9070110654512111,False,61,mlp,0.05,0.05,2.46473095571696,11.445611004909978,charge_bin_conformal95_budget0.05
"charge[40000,80000)",23,2.46473095571696,True,61,mlp,0.05,0.05,2.46473095571696,11.445611004909978,charge_bin_conformal95_budget0.05
"charge[8000,14000)",1185,2.4390827275495006,False,61,mlp,0.05,0.05,2.46473095571696,11.445611004909978,charge_bin_conformal95_budget0.05
"charge[1000,4000)",52,2.6105603698965396,False,62,mlp,0.05,0.05,2.6517485776421736,9.797387430824749,charge_bin_conformal95_budget0.05
"charge[14000,24000)",4678,2.501726521927663,False,62,mlp,0.05,0.05,2.6517485776421736,9.797387430824749,charge_bin_conformal95_budget0.05
"charge[24000,40000)",2904,2.9332060105401605,False,62,mlp,0.05,0.05,2.6517485776421736,9.797387430824749,charge_bin_conformal95_budget0.05
"charge[4000,8000)",231,2.1004722893346157,False,62,mlp,0.05,0.05,2.6517485776421736,9.797387430824749,charge_bin_conformal95_budget0.05
"charge[40000,80000)",20,2.6517485776421736,True,62,mlp,0.05,0.05,2.6517485776421736,9.797387430824749,charge_bin_conformal95_budget0.05
"charge[8000,14000)",1154,2.386450942241206,False,62,mlp,0.05,0.05,2.6517485776421736,9.797387430824749,charge_bin_conformal95_budget0.05
"charge[1000,4000)",50,2.679965379422623,False,63,mlp,0.05,0.05,2.62520350686647,9.062928176238291,charge_bin_conformal95_budget0.05
"charge[14000,24000)",5395,2.471543192771746,False,63,mlp,0.05,0.05,2.62520350686647,9.062928176238291,charge_bin_conformal95_budget0.05
"charge[24000,40000)",3362,2.8822825737703424,False,63,mlp,0.05,0.05,2.62520350686647,9.062928176238291,charge_bin_conformal95_budget0.05
"charge[4000,8000)",251,2.151324829212305,False,63,mlp,0.05,0.05,2.62520350686647,9.062928176238291,charge_bin_conformal95_budget0.05
"charge[40000,80000)",28,2.62520350686647,True,63,mlp,0.05,0.05,2.62520350686647,9.062928176238291,charge_bin_conformal95_budget0.05
"charge[8000,14000)",1264,2.4819277563380036,False,63,mlp,0.05,0.05,2.62520350686647,9.062928176238291,charge_bin_conformal95_budget0.05
"charge[1000,4000)",54,1.9112520283078278,False,65,mlp,0.05,0.05,2.592522063668096,8.61864137515467,charge_bin_conformal95_budget0.05
"charge[14000,24000)",5884,2.458091774097647,False,65,mlp,0.05,0.05,2.592522063668096,8.61864137515467,charge_bin_conformal95_budget0.05
"charge[24000,40000)",3589,2.8642159663440507,False,65,mlp,0.05,0.05,2.592522063668096,8.61864137515467,charge_bin_conformal95_budget0.05
"charge[4000,8000)",267,2.1017458839271526,False,65,mlp,0.05,0.05,2.592522063668096,8.61864137515467,charge_bin_conformal95_budget0.05
"charge[40000,80000)",30,5.655135241854482,False,65,mlp,0.05,0.05,2.592522063668096,8.61864137515467,charge_bin_conformal95_budget0.05
"charge[8000,14000)",1438,2.4567682922957452,False,65,mlp,0.05,0.05,2.592522063668096,8.61864137515467,charge_bin_conformal95_budget0.05
"charge[1000,4000)",53,2.575857865133501,False,58,mlp,0.05,0.1,2.5894441624377404,8.79816301015601,charge_bin_conformal95_budget0.10
"charge[14000,24000)",5888,2.4598154578858265,False,58,mlp,0.05,0.1,2.5894441624377404,8.79816301015601,charge_bin_conformal95_budget0.10
"charge[24000,40000)",3571,2.8669328867815556,False,58,mlp,0.05,0.1,2.5894441624377404,8.79816301015601,charge_bin_conformal95_budget0.10
"charge[4000,8000)",267,2.0040369690254014,False,58,mlp,0.05,0.1,2.5894441624377404,8.79816301015601,charge_bin_conformal95_budget0.10
"charge[40000,80000)",29,2.5894441624377404,True,58,mlp,0.05,0.1,2.5894441624377404,8.79816301015601,charge_bin_conformal95_budget0.10
"charge[8000,14000)",1433,2.425720533226827,False,58,mlp,0.05,0.1,2.5894441624377404,8.79816301015601,charge_bin_conformal95_budget0.10
"charge[1000,4000)",52,2.6105603698965396,False,59,mlp,0.05,0.1,2.597660009992209,7.705674645707699,charge_bin_conformal95_budget0.10
"charge[14000,24000)",4649,2.479021996873186,False,59,mlp,0.05,0.1,2.597660009992209,7.705674645707699,charge_bin_conformal95_budget0.10
"charge[24000,40000)",3105,2.7643044758276103,False,59,mlp,0.05,0.1,2.597660009992209,7.705674645707699,charge_bin_conformal95_budget0.10
"charge[4000,8000)",251,2.151324829212305,False,59,mlp,0.05,0.1,2.597660009992209,7.705674645707699,charge_bin_conformal95_budget0.10
"charge[40000,80000)",27,2.597660009992209,True,59,mlp,0.05,0.1,2.597660009992209,7.705674645707699,charge_bin_conformal95_budget0.10
"charge[8000,14000)",1087,2.3658302387342998,False,59,mlp,0.05,0.1,2.597660009992209,7.705674645707699,charge_bin_conformal95_budget0.10
"charge[1000,4000)",42,2.0939705676605938,False,60,mlp,0.05,0.1,2.5898495730436184,8.016562799759898,charge_bin_conformal95_budget0.10
"charge[14000,24000)",4871,2.418278645496274,False,60,mlp,0.05,0.1,2.5898495730436184,8.016562799759898,charge_bin_conformal95_budget0.10
"charge[24000,40000)",2602,2.9379034979985805,False,60,mlp,0.05,0.1,2.5898495730436184,8.016562799759898,charge_bin_conformal95_budget0.10
"charge[4000,8000)",233,2.147328263537491,False,60,mlp,0.05,0.1,2.5898495730436184,8.016562799759898,charge_bin_conformal95_budget0.10
"charge[40000,80000)",23,2.5898495730436184,True,60,mlp,0.05,0.1,2.5898495730436184,8.016562799759898,charge_bin_conformal95_budget0.10
"charge[8000,14000)",1265,2.452518025968286,False,60,mlp,0.05,0.1,2.5898495730436184,8.016562799759898,charge_bin_conformal95_budget0.10
"charge[1000,4000)",57,2.4370478460813345,False,61,mlp,0.05,0.1,2.46473095571696,9.496203975403537,charge_bin_conformal95_budget0.10
"charge[14000,24000)",4575,2.3647361928472317,False,61,mlp,0.05,0.1,2.46473095571696,9.496203975403537,charge_bin_conformal95_budget0.10
"charge[24000,40000)",2611,2.7291180333320666,False,61,mlp,0.05,0.1,2.46473095571696,9.496203975403537,charge_bin_conformal95_budget0.10
"charge[4000,8000)",210,1.9070110654512111,False,61,mlp,0.05,0.1,2.46473095571696,9.496203975403537,charge_bin_conformal95_budget0.10
"charge[40000,80000)",23,2.46473095571696,True,61,mlp,0.05,0.1,2.46473095571696,9.496203975403537,charge_bin_conformal95_budget0.10
"charge[8000,14000)",1185,2.4390827275495006,False,61,mlp,0.05,0.1,2.46473095571696,9.496203975403537,charge_bin_conformal95_budget0.10
"charge[1000,4000)",52,2.6105603698965396,False,62,mlp,0.05,0.1,2.6517485776421736,8.101213614725795,charge_bin_conformal95_budget0.10
"charge[14000,24000)",4678,2.501726521927663,False,62,mlp,0.05,0.1,2.6517485776421736,8.101213614725795,charge_bin_conformal95_budget0.10
"charge[24000,40000)",2904,2.9332060105401605,False,62,mlp,0.05,0.1,2.6517485776421736,8.101213614725795,charge_bin_conformal95_budget0.10
"charge[4000,8000)",231,2.1004722893346157,False,62,mlp,0.05,0.1,2.6517485776421736,8.101213614725795,charge_bin_conformal95_budget0.10
"charge[40000,80000)",20,2.6517485776421736,True,62,mlp,0.05,0.1,2.6517485776421736,8.101213614725795,charge_bin_conformal95_budget0.10
"charge[8000,14000)",1154,2.386450942241206,False,62,mlp,0.05,0.1,2.6517485776421736,8.101213614725795,charge_bin_conformal95_budget0.10
"charge[1000,4000)",50,2.679965379422623,False,63,mlp,0.05,0.1,2.62520350686647,7.768912619482996,charge_bin_conformal95_budget0.10
"charge[14000,24000)",5395,2.471543192771746,False,63,mlp,0.05,0.1,2.62520350686647,7.768912619482996,charge_bin_conformal95_budget0.10
"charge[24000,40000)",3362,2.8822825737703424,False,63,mlp,0.05,0.1,2.62520350686647,7.768912619482996,charge_bin_conformal95_budget0.10
"charge[4000,8000)",251,2.151324829212305,False,63,mlp,0.05,0.1,2.62520350686647,7.768912619482996,charge_bin_conformal95_budget0.10
"charge[40000,80000)",28,2.62520350686647,True,63,mlp,0.05,0.1,2.62520350686647,7.768912619482996,charge_bin_conformal95_budget0.10
"charge[8000,14000)",1264,2.4819277563380036,False,63,mlp,0.05,0.1,2.62520350686647,7.768912619482996,charge_bin_conformal95_budget0.10
"charge[1000,4000)",54,1.9112520283078278,False,65,mlp,0.05,0.1,2.592522063668096,7.624815741372186,charge_bin_conformal95_budget0.10
"charge[14000,24000)",5884,2.458091774097647,False,65,mlp,0.05,0.1,2.592522063668096,7.624815741372186,charge_bin_conformal95_budget0.10
"charge[24000,40000)",3589,2.8642159663440507,False,65,mlp,0.05,0.1,2.592522063668096,7.624815741372186,charge_bin_conformal95_budget0.10
"charge[4000,8000)",267,2.1017458839271526,False,65,mlp,0.05,0.1,2.592522063668096,7.624815741372186,charge_bin_conformal95_budget0.10
"charge[40000,80000)",30,5.655135241854482,False,65,mlp,0.05,0.1,2.592522063668096,7.624815741372186,charge_bin_conformal95_budget0.10
"charge[8000,14000)",1438,2.4567682922957452,False,65,mlp,0.05,0.1,2.592522063668096,7.624815741372186,charge_bin_conformal95_budget0.10
"charge[1000,4000)",53,2.575857865133501,False,58,mlp,0.05,0.2,2.5894441624377404,7.124706689181727,charge_bin_conformal95_budget0.20
"charge[14000,24000)",5888,2.4598154578858265,False,58,mlp,0.05,0.2,2.5894441624377404,7.124706689181727,charge_bin_conformal95_budget0.20
"charge[24000,40000)",3571,2.8669328867815556,False,58,mlp,0.05,0.2,2.5894441624377404,7.124706689181727,charge_bin_conformal95_budget0.20
"charge[4000,8000)",267,2.0040369690254014,False,58,mlp,0.05,0.2,2.5894441624377404,7.124706689181727,charge_bin_conformal95_budget0.20
"charge[40000,80000)",29,2.5894441624377404,True,58,mlp,0.05,0.2,2.5894441624377404,7.124706689181727,charge_bin_conformal95_budget0.20
"charge[8000,14000)",1433,2.425720533226827,False,58,mlp,0.05,0.2,2.5894441624377404,7.124706689181727,charge_bin_conformal95_budget0.20
"charge[1000,4000)",52,2.6105603698965396,False,59,mlp,0.05,0.2,2.597660009992209,6.328003230074388,charge_bin_conformal95_budget0.20
"charge[14000,24000)",4649,2.479021996873186,False,59,mlp,0.05,0.2,2.597660009992209,6.328003230074388,charge_bin_conformal95_budget0.20
"charge[24000,40000)",3105,2.7643044758276103,False,59,mlp,0.05,0.2,2.597660009992209,6.328003230074388,charge_bin_conformal95_budget0.20
"charge[4000,8000)",251,2.151324829212305,False,59,mlp,0.05,0.2,2.597660009992209,6.328003230074388,charge_bin_conformal95_budget0.20
"charge[40000,80000)",27,2.597660009992209,True,59,mlp,0.05,0.2,2.597660009992209,6.328003230074388,charge_bin_conformal95_budget0.20
"charge[8000,14000)",1087,2.3658302387342998,False,59,mlp,0.05,0.2,2.597660009992209,6.328003230074388,charge_bin_conformal95_budget0.20
"charge[1000,4000)",42,2.0939705676605938,False,60,mlp,0.05,0.2,2.5898495730436184,6.352876560269852,charge_bin_conformal95_budget0.20
"charge[14000,24000)",4871,2.418278645496274,False,60,mlp,0.05,0.2,2.5898495730436184,6.352876560269852,charge_bin_conformal95_budget0.20
"charge[24000,40000)",2602,2.9379034979985805,False,60,mlp,0.05,0.2,2.5898495730436184,6.352876560269852,charge_bin_conformal95_budget0.20
"charge[4000,8000)",233,2.147328263537491,False,60,mlp,0.05,0.2,2.5898495730436184,6.352876560269852,charge_bin_conformal95_budget0.20
"charge[40000,80000)",23,2.5898495730436184,True,60,mlp,0.05,0.2,2.5898495730436184,6.352876560269852,charge_bin_conformal95_budget0.20
"charge[8000,14000)",1265,2.452518025968286,False,60,mlp,0.05,0.2,2.5898495730436184,6.352876560269852,charge_bin_conformal95_budget0.20
"charge[1000,4000)",57,2.4370478460813345,False,61,mlp,0.05,0.2,2.46473095571696,7.713767814472994,charge_bin_conformal95_budget0.20
"charge[14000,24000)",4575,2.3647361928472317,False,61,mlp,0.05,0.2,2.46473095571696,7.713767814472994,charge_bin_conformal95_budget0.20
"charge[24000,40000)",2611,2.7291180333320666,False,61,mlp,0.05,0.2,2.46473095571696,7.713767814472994,charge_bin_conformal95_budget0.20
"charge[4000,8000)",210,1.9070110654512111,False,61,mlp,0.05,0.2,2.46473095571696,7.713767814472994,charge_bin_conformal95_budget0.20
"charge[40000,80000)",23,2.46473095571696,True,61,mlp,0.05,0.2,2.46473095571696,7.713767814472994,charge_bin_conformal95_budget0.20
"charge[8000,14000)",1185,2.4390827275495006,False,61,mlp,0.05,0.2,2.46473095571696,7.713767814472994,charge_bin_conformal95_budget0.20
"charge[1000,4000)",52,2.6105603698965396,False,62,mlp,0.05,0.2,2.6517485776421736,6.5258182505356075,charge_bin_conformal95_budget0.20
"charge[14000,24000)",4678,2.501726521927663,False,62,mlp,0.05,0.2,2.6517485776421736,6.5258182505356075,charge_bin_conformal95_budget0.20
"charge[24000,40000)",2904,2.9332060105401605,False,62,mlp,0.05,0.2,2.6517485776421736,6.5258182505356075,charge_bin_conformal95_budget0.20
"charge[4000,8000)",231,2.1004722893346157,False,62,mlp,0.05,0.2,2.6517485776421736,6.5258182505356075,charge_bin_conformal95_budget0.20
"charge[40000,80000)",20,2.6517485776421736,True,62,mlp,0.05,0.2,2.6517485776421736,6.5258182505356075,charge_bin_conformal95_budget0.20
"charge[8000,14000)",1154,2.386450942241206,False,62,mlp,0.05,0.2,2.6517485776421736,6.5258182505356075,charge_bin_conformal95_budget0.20
"charge[1000,4000)",50,2.679965379422623,False,63,mlp,0.05,0.2,2.62520350686647,6.34412085919947,charge_bin_conformal95_budget0.20
"charge[14000,24000)",5395,2.471543192771746,False,63,mlp,0.05,0.2,2.62520350686647,6.34412085919947,charge_bin_conformal95_budget0.20
"charge[24000,40000)",3362,2.8822825737703424,False,63,mlp,0.05,0.2,2.62520350686647,6.34412085919947,charge_bin_conformal95_budget0.20
"charge[4000,8000)",251,2.151324829212305,False,63,mlp,0.05,0.2,2.62520350686647,6.34412085919947,charge_bin_conformal95_budget0.20
"charge[40000,80000)",28,2.62520350686647,True,63,mlp,0.05,0.2,2.62520350686647,6.34412085919947,charge_bin_conformal95_budget0.20
"charge[8000,14000)",1264,2.4819277563380036,False,63,mlp,0.05,0.2,2.62520350686647,6.34412085919947,charge_bin_conformal95_budget0.20
"charge[1000,4000)",54,1.9112520283078278,False,65,mlp,0.05,0.2,2.592522063668096,6.6538483263374815,charge_bin_conformal95_budget0.20
"charge[14000,24000)",5884,2.458091774097647,False,65,mlp,0.05,0.2,2.592522063668096,6.6538483263374815,charge_bin_conformal95_budget0.20
"charge[24000,40000)",3589,2.8642159663440507,False,65,mlp,0.05,0.2,2.592522063668096,6.6538483263374815,charge_bin_conformal95_budget0.20
"charge[4000,8000)",267,2.1017458839271526,False,65,mlp,0.05,0.2,2.592522063668096,6.6538483263374815,charge_bin_conformal95_budget0.20
"charge[40000,80000)",30,5.655135241854482,False,65,mlp,0.05,0.2,2.592522063668096,6.6538483263374815,charge_bin_conformal95_budget0.20
"charge[8000,14000)",1438,2.4567682922957452,False,65,mlp,0.05,0.2,2.592522063668096,6.6538483263374815,charge_bin_conformal95_budget0.20
"charge[1000,4000)",53,1.2957042683972297,False,58,cnn1d,0.317310507863,0.0,1.1970538768892964,inf,charge_bin_conformal68_budget0.00
"charge[14000,24000)",5888,1.1889144607100168,False,58,cnn1d,0.317310507863,0.0,1.1970538768892964,inf,charge_bin_conformal68_budget0.00
"charge[24000,40000)",3571,1.2413632816671463,False,58,cnn1d,0.317310507863,0.0,1.1970538768892964,inf,charge_bin_conformal68_budget0.00
"charge[4000,8000)",267,1.1517890733003957,False,58,cnn1d,0.317310507863,0.0,1.1970538768892964,inf,charge_bin_conformal68_budget0.00
"charge[40000,80000)",29,1.1970538768892964,True,58,cnn1d,0.317310507863,0.0,1.1970538768892964,inf,charge_bin_conformal68_budget0.00
"charge[8000,14000)",1433,1.1721692954448029,False,58,cnn1d,0.317310507863,0.0,1.1970538768892964,inf,charge_bin_conformal68_budget0.00
"charge[1000,4000)",52,1.2961353052895728,False,59,cnn1d,0.317310507863,0.0,1.1889290750508412,inf,charge_bin_conformal68_budget0.00
"charge[14000,24000)",4649,1.1813348331212994,False,59,cnn1d,0.317310507863,0.0,1.1889290750508412,inf,charge_bin_conformal68_budget0.00
"charge[24000,40000)",3105,1.220513238653894,False,59,cnn1d,0.317310507863,0.0,1.1889290750508412,inf,charge_bin_conformal68_budget0.00
"charge[4000,8000)",251,1.148351520894262,False,59,cnn1d,0.317310507863,0.0,1.1889290750508412,inf,charge_bin_conformal68_budget0.00
"charge[40000,80000)",27,1.1889290750508412,True,59,cnn1d,0.317310507863,0.0,1.1889290750508412,inf,charge_bin_conformal68_budget0.00
"charge[8000,14000)",1087,1.1689705399407062,False,59,cnn1d,0.317310507863,0.0,1.1889290750508412,inf,charge_bin_conformal68_budget0.00
"charge[1000,4000)",42,1.2724154732075148,False,60,cnn1d,0.317310507863,0.0,1.2271757291753127,inf,charge_bin_conformal68_budget0.00
"charge[14000,24000)",4871,1.2152362412430644,False,60,cnn1d,0.317310507863,0.0,1.2271757291753127,inf,charge_bin_conformal68_budget0.00
"charge[24000,40000)",2602,1.278329900746854,False,60,cnn1d,0.317310507863,0.0,1.2271757291753127,inf,charge_bin_conformal68_budget0.00
"charge[4000,8000)",233,1.1739369108056539,False,60,cnn1d,0.317310507863,0.0,1.2271757291753127,inf,charge_bin_conformal68_budget0.00
"charge[40000,80000)",23,1.2271757291753127,True,60,cnn1d,0.317310507863,0.0,1.2271757291753127,inf,charge_bin_conformal68_budget0.00
"charge[8000,14000)",1265,1.1825068584784875,False,60,cnn1d,0.317310507863,0.0,1.2271757291753127,inf,charge_bin_conformal68_budget0.00
"charge[1000,4000)",57,1.2776465649811872,False,61,cnn1d,0.317310507863,0.0,1.154112701080436,inf,charge_bin_conformal68_budget0.00
"charge[14000,24000)",4575,1.1471385315937872,False,61,cnn1d,0.317310507863,0.0,1.154112701080436,inf,charge_bin_conformal68_budget0.00
"charge[24000,40000)",2611,1.1818069320215883,False,61,cnn1d,0.317310507863,0.0,1.154112701080436,inf,charge_bin_conformal68_budget0.00
"charge[4000,8000)",210,1.109087808718386,False,61,cnn1d,0.317310507863,0.0,1.154112701080436,inf,charge_bin_conformal68_budget0.00
"charge[40000,80000)",23,1.154112701080436,True,61,cnn1d,0.317310507863,0.0,1.154112701080436,inf,charge_bin_conformal68_budget0.00
"charge[8000,14000)",1185,1.1465028675639766,False,61,cnn1d,0.317310507863,0.0,1.154112701080436,inf,charge_bin_conformal68_budget0.00
"charge[1000,4000)",52,1.258739958044915,False,62,cnn1d,0.317310507863,0.0,1.2301884333331559,inf,charge_bin_conformal68_budget0.00
"charge[14000,24000)",4678,1.2224649992311536,False,62,cnn1d,0.317310507863,0.0,1.2301884333331559,inf,charge_bin_conformal68_budget0.00
"charge[24000,40000)",2904,1.2705954910860722,False,62,cnn1d,0.317310507863,0.0,1.2301884333331559,inf,charge_bin_conformal68_budget0.00
"charge[4000,8000)",231,1.1673294749693444,False,62,cnn1d,0.317310507863,0.0,1.2301884333331559,inf,charge_bin_conformal68_budget0.00
"charge[40000,80000)",20,1.2301884333331559,True,62,cnn1d,0.317310507863,0.0,1.2301884333331559,inf,charge_bin_conformal68_budget0.00
"charge[8000,14000)",1154,1.1962416633506734,False,62,cnn1d,0.317310507863,0.0,1.2301884333331559,inf,charge_bin_conformal68_budget0.00
"charge[1000,4000)",50,1.2329364458522787,False,63,cnn1d,0.317310507863,0.0,1.2054244008973631,inf,charge_bin_conformal68_budget0.00
"charge[14000,24000)",5395,1.198349351238305,False,63,cnn1d,0.317310507863,0.0,1.2054244008973631,inf,charge_bin_conformal68_budget0.00
"charge[24000,40000)",3362,1.2476402649158045,False,63,cnn1d,0.317310507863,0.0,1.2054244008973631,inf,charge_bin_conformal68_budget0.00
"charge[4000,8000)",251,1.1452574376772728,False,63,cnn1d,0.317310507863,0.0,1.2054244008973631,inf,charge_bin_conformal68_budget0.00
"charge[40000,80000)",28,1.2054244008973631,True,63,cnn1d,0.317310507863,0.0,1.2054244008973631,inf,charge_bin_conformal68_budget0.00
"charge[8000,14000)",1264,1.1766087970304375,False,63,cnn1d,0.317310507863,0.0,1.2054244008973631,inf,charge_bin_conformal68_budget0.00
"charge[1000,4000)",54,1.3012370570038507,False,65,cnn1d,0.317310507863,0.0,1.1977973596013698,inf,charge_bin_conformal68_budget0.00
"charge[14000,24000)",5884,1.19054925466921,False,65,cnn1d,0.317310507863,0.0,1.1977973596013698,inf,charge_bin_conformal68_budget0.00
"charge[24000,40000)",3589,1.2399119857727694,False,65,cnn1d,0.317310507863,0.0,1.1977973596013698,inf,charge_bin_conformal68_budget0.00
"charge[4000,8000)",267,1.1622286933495367,False,65,cnn1d,0.317310507863,0.0,1.1977973596013698,inf,charge_bin_conformal68_budget0.00
"charge[40000,80000)",30,2.3089868592303957,False,65,cnn1d,0.317310507863,0.0,1.1977973596013698,inf,charge_bin_conformal68_budget0.00
"charge[8000,14000)",1438,1.1719088833723783,False,65,cnn1d,0.317310507863,0.0,1.1977973596013698,inf,charge_bin_conformal68_budget0.00
"charge[1000,4000)",53,1.2957042683972297,False,58,cnn1d,0.317310507863,0.05,1.1970538768892964,3.9848344869952106,charge_bin_conformal68_budget0.05
"charge[14000,24000)",5888,1.1889144607100168,False,58,cnn1d,0.317310507863,0.05,1.1970538768892964,3.9848344869952106,charge_bin_conformal68_budget0.05
"charge[24000,40000)",3571,1.2413632816671463,False,58,cnn1d,0.317310507863,0.05,1.1970538768892964,3.9848344869952106,charge_bin_conformal68_budget0.05
"charge[4000,8000)",267,1.1517890733003957,False,58,cnn1d,0.317310507863,0.05,1.1970538768892964,3.9848344869952106,charge_bin_conformal68_budget0.05
"charge[40000,80000)",29,1.1970538768892964,True,58,cnn1d,0.317310507863,0.05,1.1970538768892964,3.9848344869952106,charge_bin_conformal68_budget0.05
"charge[8000,14000)",1433,1.1721692954448029,False,58,cnn1d,0.317310507863,0.05,1.1970538768892964,3.9848344869952106,charge_bin_conformal68_budget0.05
"charge[1000,4000)",52,1.2961353052895728,False,59,cnn1d,0.317310507863,0.05,1.1889290750508412,4.224878751796888,charge_bin_conformal68_budget0.05
"charge[14000,24000)",4649,1.1813348331212994,False,59,cnn1d,0.317310507863,0.05,1.1889290750508412,4.224878751796888,charge_bin_conformal68_budget0.05
"charge[24000,40000)",3105,1.220513238653894,False,59,cnn1d,0.317310507863,0.05,1.1889290750508412,4.224878751796888,charge_bin_conformal68_budget0.05
"charge[4000,8000)",251,1.148351520894262,False,59,cnn1d,0.317310507863,0.05,1.1889290750508412,4.224878751796888,charge_bin_conformal68_budget0.05
"charge[40000,80000)",27,1.1889290750508412,True,59,cnn1d,0.317310507863,0.05,1.1889290750508412,4.224878751796888,charge_bin_conformal68_budget0.05
"charge[8000,14000)",1087,1.1689705399407062,False,59,cnn1d,0.317310507863,0.05,1.1889290750508412,4.224878751796888,charge_bin_conformal68_budget0.05
"charge[1000,4000)",42,1.2724154732075148,False,60,cnn1d,0.317310507863,0.05,1.2271757291753127,4.267411833181913,charge_bin_conformal68_budget0.05
"charge[14000,24000)",4871,1.2152362412430644,False,60,cnn1d,0.317310507863,0.05,1.2271757291753127,4.267411833181913,charge_bin_conformal68_budget0.05
"charge[24000,40000)",2602,1.278329900746854,False,60,cnn1d,0.317310507863,0.05,1.2271757291753127,4.267411833181913,charge_bin_conformal68_budget0.05
"charge[4000,8000)",233,1.1739369108056539,False,60,cnn1d,0.317310507863,0.05,1.2271757291753127,4.267411833181913,charge_bin_conformal68_budget0.05
"charge[40000,80000)",23,1.2271757291753127,True,60,cnn1d,0.317310507863,0.05,1.2271757291753127,4.267411833181913,charge_bin_conformal68_budget0.05
"charge[8000,14000)",1265,1.1825068584784875,False,60,cnn1d,0.317310507863,0.05,1.2271757291753127,4.267411833181913,charge_bin_conformal68_budget0.05
"charge[1000,4000)",57,1.2776465649811872,False,61,cnn1d,0.317310507863,0.05,1.154112701080436,5.199581475373965,charge_bin_conformal68_budget0.05
"charge[14000,24000)",4575,1.1471385315937872,False,61,cnn1d,0.317310507863,0.05,1.154112701080436,5.199581475373965,charge_bin_conformal68_budget0.05
"charge[24000,40000)",2611,1.1818069320215883,False,61,cnn1d,0.317310507863,0.05,1.154112701080436,5.199581475373965,charge_bin_conformal68_budget0.05
"charge[4000,8000)",210,1.109087808718386,False,61,cnn1d,0.317310507863,0.05,1.154112701080436,5.199581475373965,charge_bin_conformal68_budget0.05
"charge[40000,80000)",23,1.154112701080436,True,61,cnn1d,0.317310507863,0.05,1.154112701080436,5.199581475373965,charge_bin_conformal68_budget0.05
"charge[8000,14000)",1185,1.1465028675639766,False,61,cnn1d,0.317310507863,0.05,1.154112701080436,5.199581475373965,charge_bin_conformal68_budget0.05
"charge[1000,4000)",52,1.258739958044915,False,62,cnn1d,0.317310507863,0.05,1.2301884333331559,4.369538115726573,charge_bin_conformal68_budget0.05
"charge[14000,24000)",4678,1.2224649992311536,False,62,cnn1d,0.317310507863,0.05,1.2301884333331559,4.369538115726573,charge_bin_conformal68_budget0.05
"charge[24000,40000)",2904,1.2705954910860722,False,62,cnn1d,0.317310507863,0.05,1.2301884333331559,4.369538115726573,charge_bin_conformal68_budget0.05
"charge[4000,8000)",231,1.1673294749693444,False,62,cnn1d,0.317310507863,0.05,1.2301884333331559,4.369538115726573,charge_bin_conformal68_budget0.05
"charge[40000,80000)",20,1.2301884333331559,True,62,cnn1d,0.317310507863,0.05,1.2301884333331559,4.369538115726573,charge_bin_conformal68_budget0.05
"charge[8000,14000)",1154,1.1962416633506734,False,62,cnn1d,0.317310507863,0.05,1.2301884333331559,4.369538115726573,charge_bin_conformal68_budget0.05
"charge[1000,4000)",50,1.2329364458522787,False,63,cnn1d,0.317310507863,0.05,1.2054244008973631,4.303195749239685,charge_bin_conformal68_budget0.05
"charge[14000,24000)",5395,1.198349351238305,False,63,cnn1d,0.317310507863,0.05,1.2054244008973631,4.303195749239685,charge_bin_conformal68_budget0.05
"charge[24000,40000)",3362,1.2476402649158045,False,63,cnn1d,0.317310507863,0.05,1.2054244008973631,4.303195749239685,charge_bin_conformal68_budget0.05
"charge[4000,8000)",251,1.1452574376772728,False,63,cnn1d,0.317310507863,0.05,1.2054244008973631,4.303195749239685,charge_bin_conformal68_budget0.05
"charge[40000,80000)",28,1.2054244008973631,True,63,cnn1d,0.317310507863,0.05,1.2054244008973631,4.303195749239685,charge_bin_conformal68_budget0.05
"charge[8000,14000)",1264,1.1766087970304375,False,63,cnn1d,0.317310507863,0.05,1.2054244008973631,4.303195749239685,charge_bin_conformal68_budget0.05
"charge[1000,4000)",54,1.3012370570038507,False,65,cnn1d,0.317310507863,0.05,1.1977973596013698,4.0182080707116885,charge_bin_conformal68_budget0.05
"charge[14000,24000)",5884,1.19054925466921,False,65,cnn1d,0.317310507863,0.05,1.1977973596013698,4.0182080707116885,charge_bin_conformal68_budget0.05
"charge[24000,40000)",3589,1.2399119857727694,False,65,cnn1d,0.317310507863,0.05,1.1977973596013698,4.0182080707116885,charge_bin_conformal68_budget0.05
"charge[4000,8000)",267,1.1622286933495367,False,65,cnn1d,0.317310507863,0.05,1.1977973596013698,4.0182080707116885,charge_bin_conformal68_budget0.05
"charge[40000,80000)",30,2.3089868592303957,False,65,cnn1d,0.317310507863,0.05,1.1977973596013698,4.0182080707116885,charge_bin_conformal68_budget0.05
"charge[8000,14000)",1438,1.1719088833723783,False,65,cnn1d,0.317310507863,0.05,1.1977973596013698,4.0182080707116885,charge_bin_conformal68_budget0.05
"charge[1000,4000)",53,1.2957042683972297,False,58,cnn1d,0.317310507863,0.1,1.1970538768892964,3.3975181492068547,charge_bin_conformal68_budget0.10
"charge[14000,24000)",5888,1.1889144607100168,False,58,cnn1d,0.317310507863,0.1,1.1970538768892964,3.3975181492068547,charge_bin_conformal68_budget0.10
"charge[24000,40000)",3571,1.2413632816671463,False,58,cnn1d,0.317310507863,0.1,1.1970538768892964,3.3975181492068547,charge_bin_conformal68_budget0.10
"charge[4000,8000)",267,1.1517890733003957,False,58,cnn1d,0.317310507863,0.1,1.1970538768892964,3.3975181492068547,charge_bin_conformal68_budget0.10
"charge[40000,80000)",29,1.1970538768892964,True,58,cnn1d,0.317310507863,0.1,1.1970538768892964,3.3975181492068547,charge_bin_conformal68_budget0.10
"charge[8000,14000)",1433,1.1721692954448029,False,58,cnn1d,0.317310507863,0.1,1.1970538768892964,3.3975181492068547,charge_bin_conformal68_budget0.10
"charge[1000,4000)",52,1.2961353052895728,False,59,cnn1d,0.317310507863,0.1,1.1889290750508412,3.488943708335204,charge_bin_conformal68_budget0.10
"charge[14000,24000)",4649,1.1813348331212994,False,59,cnn1d,0.317310507863,0.1,1.1889290750508412,3.488943708335204,charge_bin_conformal68_budget0.10
"charge[24000,40000)",3105,1.220513238653894,False,59,cnn1d,0.317310507863,0.1,1.1889290750508412,3.488943708335204,charge_bin_conformal68_budget0.10
"charge[4000,8000)",251,1.148351520894262,False,59,cnn1d,0.317310507863,0.1,1.1889290750508412,3.488943708335204,charge_bin_conformal68_budget0.10
"charge[40000,80000)",27,1.1889290750508412,True,59,cnn1d,0.317310507863,0.1,1.1889290750508412,3.488943708335204,charge_bin_conformal68_budget0.10
"charge[8000,14000)",1087,1.1689705399407062,False,59,cnn1d,0.317310507863,0.1,1.1889290750508412,3.488943708335204,charge_bin_conformal68_budget0.10
"charge[1000,4000)",42,1.2724154732075148,False,60,cnn1d,0.317310507863,0.1,1.2271757291753127,3.528079709863408,charge_bin_conformal68_budget0.10
"charge[14000,24000)",4871,1.2152362412430644,False,60,cnn1d,0.317310507863,0.1,1.2271757291753127,3.528079709863408,charge_bin_conformal68_budget0.10
"charge[24000,40000)",2602,1.278329900746854,False,60,cnn1d,0.317310507863,0.1,1.2271757291753127,3.528079709863408,charge_bin_conformal68_budget0.10
"charge[4000,8000)",233,1.1739369108056539,False,60,cnn1d,0.317310507863,0.1,1.2271757291753127,3.528079709863408,charge_bin_conformal68_budget0.10
"charge[40000,80000)",23,1.2271757291753127,True,60,cnn1d,0.317310507863,0.1,1.2271757291753127,3.528079709863408,charge_bin_conformal68_budget0.10
"charge[8000,14000)",1265,1.1825068584784875,False,60,cnn1d,0.317310507863,0.1,1.2271757291753127,3.528079709863408,charge_bin_conformal68_budget0.10
"charge[1000,4000)",57,1.2776465649811872,False,61,cnn1d,0.317310507863,0.1,1.154112701080436,4.372125882838562,charge_bin_conformal68_budget0.10
"charge[14000,24000)",4575,1.1471385315937872,False,61,cnn1d,0.317310507863,0.1,1.154112701080436,4.372125882838562,charge_bin_conformal68_budget0.10
"charge[24000,40000)",2611,1.1818069320215883,False,61,cnn1d,0.317310507863,0.1,1.154112701080436,4.372125882838562,charge_bin_conformal68_budget0.10
"charge[4000,8000)",210,1.109087808718386,False,61,cnn1d,0.317310507863,0.1,1.154112701080436,4.372125882838562,charge_bin_conformal68_budget0.10
"charge[40000,80000)",23,1.154112701080436,True,61,cnn1d,0.317310507863,0.1,1.154112701080436,4.372125882838562,charge_bin_conformal68_budget0.10
"charge[8000,14000)",1185,1.1465028675639766,False,61,cnn1d,0.317310507863,0.1,1.154112701080436,4.372125882838562,charge_bin_conformal68_budget0.10
"charge[1000,4000)",52,1.258739958044915,False,62,cnn1d,0.317310507863,0.1,1.2301884333331559,3.5640720152878065,charge_bin_conformal68_budget0.10
"charge[14000,24000)",4678,1.2224649992311536,False,62,cnn1d,0.317310507863,0.1,1.2301884333331559,3.5640720152878065,charge_bin_conformal68_budget0.10
"charge[24000,40000)",2904,1.2705954910860722,False,62,cnn1d,0.317310507863,0.1,1.2301884333331559,3.5640720152878065,charge_bin_conformal68_budget0.10
"charge[4000,8000)",231,1.1673294749693444,False,62,cnn1d,0.317310507863,0.1,1.2301884333331559,3.5640720152878065,charge_bin_conformal68_budget0.10
"charge[40000,80000)",20,1.2301884333331559,True,62,cnn1d,0.317310507863,0.1,1.2301884333331559,3.5640720152878065,charge_bin_conformal68_budget0.10
"charge[8000,14000)",1154,1.1962416633506734,False,62,cnn1d,0.317310507863,0.1,1.2301884333331559,3.5640720152878065,charge_bin_conformal68_budget0.10
"charge[1000,4000)",50,1.2329364458522787,False,63,cnn1d,0.317310507863,0.1,1.2054244008973631,3.428022698450811,charge_bin_conformal68_budget0.10
"charge[14000,24000)",5395,1.198349351238305,False,63,cnn1d,0.317310507863,0.1,1.2054244008973631,3.428022698450811,charge_bin_conformal68_budget0.10
"charge[24000,40000)",3362,1.2476402649158045,False,63,cnn1d,0.317310507863,0.1,1.2054244008973631,3.428022698450811,charge_bin_conformal68_budget0.10
"charge[4000,8000)",251,1.1452574376772728,False,63,cnn1d,0.317310507863,0.1,1.2054244008973631,3.428022698450811,charge_bin_conformal68_budget0.10
"charge[40000,80000)",28,1.2054244008973631,True,63,cnn1d,0.317310507863,0.1,1.2054244008973631,3.428022698450811,charge_bin_conformal68_budget0.10
"charge[8000,14000)",1264,1.1766087970304375,False,63,cnn1d,0.317310507863,0.1,1.2054244008973631,3.428022698450811,charge_bin_conformal68_budget0.10
"charge[1000,4000)",54,1.3012370570038507,False,65,cnn1d,0.317310507863,0.1,1.1977973596013698,3.365941766377701,charge_bin_conformal68_budget0.10
"charge[14000,24000)",5884,1.19054925466921,False,65,cnn1d,0.317310507863,0.1,1.1977973596013698,3.365941766377701,charge_bin_conformal68_budget0.10
"charge[24000,40000)",3589,1.2399119857727694,False,65,cnn1d,0.317310507863,0.1,1.1977973596013698,3.365941766377701,charge_bin_conformal68_budget0.10
"charge[4000,8000)",267,1.1622286933495367,False,65,cnn1d,0.317310507863,0.1,1.1977973596013698,3.365941766377701,charge_bin_conformal68_budget0.10
"charge[40000,80000)",30,2.3089868592303957,False,65,cnn1d,0.317310507863,0.1,1.1977973596013698,3.365941766377701,charge_bin_conformal68_budget0.10
"charge[8000,14000)",1438,1.1719088833723783,False,65,cnn1d,0.317310507863,0.1,1.1977973596013698,3.365941766377701,charge_bin_conformal68_budget0.10
"charge[1000,4000)",53,1.2957042683972297,False,58,cnn1d,0.317310507863,0.2,1.1970538768892964,2.8489255227706822,charge_bin_conformal68_budget0.20
"charge[14000,24000)",5888,1.1889144607100168,False,58,cnn1d,0.317310507863,0.2,1.1970538768892964,2.8489255227706822,charge_bin_conformal68_budget0.20
"charge[24000,40000)",3571,1.2413632816671463,False,58,cnn1d,0.317310507863,0.2,1.1970538768892964,2.8489255227706822,charge_bin_conformal68_budget0.20
"charge[4000,8000)",267,1.1517890733003957,False,58,cnn1d,0.317310507863,0.2,1.1970538768892964,2.8489255227706822,charge_bin_conformal68_budget0.20
"charge[40000,80000)",29,1.1970538768892964,True,58,cnn1d,0.317310507863,0.2,1.1970538768892964,2.8489255227706822,charge_bin_conformal68_budget0.20
"charge[8000,14000)",1433,1.1721692954448029,False,58,cnn1d,0.317310507863,0.2,1.1970538768892964,2.8489255227706822,charge_bin_conformal68_budget0.20
"charge[1000,4000)",52,1.2961353052895728,False,59,cnn1d,0.317310507863,0.2,1.1889290750508412,2.841005183528233,charge_bin_conformal68_budget0.20
"charge[14000,24000)",4649,1.1813348331212994,False,59,cnn1d,0.317310507863,0.2,1.1889290750508412,2.841005183528233,charge_bin_conformal68_budget0.20
"charge[24000,40000)",3105,1.220513238653894,False,59,cnn1d,0.317310507863,0.2,1.1889290750508412,2.841005183528233,charge_bin_conformal68_budget0.20
"charge[4000,8000)",251,1.148351520894262,False,59,cnn1d,0.317310507863,0.2,1.1889290750508412,2.841005183528233,charge_bin_conformal68_budget0.20
"charge[40000,80000)",27,1.1889290750508412,True,59,cnn1d,0.317310507863,0.2,1.1889290750508412,2.841005183528233,charge_bin_conformal68_budget0.20
"charge[8000,14000)",1087,1.1689705399407062,False,59,cnn1d,0.317310507863,0.2,1.1889290750508412,2.841005183528233,charge_bin_conformal68_budget0.20
"charge[1000,4000)",42,1.2724154732075148,False,60,cnn1d,0.317310507863,0.2,1.2271757291753127,2.802014544104511,charge_bin_conformal68_budget0.20
"charge[14000,24000)",4871,1.2152362412430644,False,60,cnn1d,0.317310507863,0.2,1.2271757291753127,2.802014544104511,charge_bin_conformal68_budget0.20
"charge[24000,40000)",2602,1.278329900746854,False,60,cnn1d,0.317310507863,0.2,1.2271757291753127,2.802014544104511,charge_bin_conformal68_budget0.20
"charge[4000,8000)",233,1.1739369108056539,False,60,cnn1d,0.317310507863,0.2,1.2271757291753127,2.802014544104511,charge_bin_conformal68_budget0.20
"charge[40000,80000)",23,1.2271757291753127,True,60,cnn1d,0.317310507863,0.2,1.2271757291753127,2.802014544104511,charge_bin_conformal68_budget0.20
"charge[8000,14000)",1265,1.1825068584784875,False,60,cnn1d,0.317310507863,0.2,1.2271757291753127,2.802014544104511,charge_bin_conformal68_budget0.20
"charge[1000,4000)",57,1.2776465649811872,False,61,cnn1d,0.317310507863,0.2,1.154112701080436,3.485168651563288,charge_bin_conformal68_budget0.20
"charge[14000,24000)",4575,1.1471385315937872,False,61,cnn1d,0.317310507863,0.2,1.154112701080436,3.485168651563288,charge_bin_conformal68_budget0.20
"charge[24000,40000)",2611,1.1818069320215883,False,61,cnn1d,0.317310507863,0.2,1.154112701080436,3.485168651563288,charge_bin_conformal68_budget0.20
"charge[4000,8000)",210,1.109087808718386,False,61,cnn1d,0.317310507863,0.2,1.154112701080436,3.485168651563288,charge_bin_conformal68_budget0.20
"charge[40000,80000)",23,1.154112701080436,True,61,cnn1d,0.317310507863,0.2,1.154112701080436,3.485168651563288,charge_bin_conformal68_budget0.20
"charge[8000,14000)",1185,1.1465028675639766,False,61,cnn1d,0.317310507863,0.2,1.154112701080436,3.485168651563288,charge_bin_conformal68_budget0.20
"charge[1000,4000)",52,1.258739958044915,False,62,cnn1d,0.317310507863,0.2,1.2301884333331559,2.946928349843046,charge_bin_conformal68_budget0.20
"charge[14000,24000)",4678,1.2224649992311536,False,62,cnn1d,0.317310507863,0.2,1.2301884333331559,2.946928349843046,charge_bin_conformal68_budget0.20
"charge[24000,40000)",2904,1.2705954910860722,False,62,cnn1d,0.317310507863,0.2,1.2301884333331559,2.946928349843046,charge_bin_conformal68_budget0.20
"charge[4000,8000)",231,1.1673294749693444,False,62,cnn1d,0.317310507863,0.2,1.2301884333331559,2.946928349843046,charge_bin_conformal68_budget0.20
"charge[40000,80000)",20,1.2301884333331559,True,62,cnn1d,0.317310507863,0.2,1.2301884333331559,2.946928349843046,charge_bin_conformal68_budget0.20
"charge[8000,14000)",1154,1.1962416633506734,False,62,cnn1d,0.317310507863,0.2,1.2301884333331559,2.946928349843046,charge_bin_conformal68_budget0.20
"charge[1000,4000)",50,1.2329364458522787,False,63,cnn1d,0.317310507863,0.2,1.2054244008973631,2.7580587401385506,charge_bin_conformal68_budget0.20
"charge[14000,24000)",5395,1.198349351238305,False,63,cnn1d,0.317310507863,0.2,1.2054244008973631,2.7580587401385506,charge_bin_conformal68_budget0.20
"charge[24000,40000)",3362,1.2476402649158045,False,63,cnn1d,0.317310507863,0.2,1.2054244008973631,2.7580587401385506,charge_bin_conformal68_budget0.20
"charge[4000,8000)",251,1.1452574376772728,False,63,cnn1d,0.317310507863,0.2,1.2054244008973631,2.7580587401385506,charge_bin_conformal68_budget0.20
"charge[40000,80000)",28,1.2054244008973631,True,63,cnn1d,0.317310507863,0.2,1.2054244008973631,2.7580587401385506,charge_bin_conformal68_budget0.20
"charge[8000,14000)",1264,1.1766087970304375,False,63,cnn1d,0.317310507863,0.2,1.2054244008973631,2.7580587401385506,charge_bin_conformal68_budget0.20
"charge[1000,4000)",54,1.3012370570038507,False,65,cnn1d,0.317310507863,0.2,1.1977973596013698,2.9445042670160433,charge_bin_conformal68_budget0.20
"charge[14000,24000)",5884,1.19054925466921,False,65,cnn1d,0.317310507863,0.2,1.1977973596013698,2.9445042670160433,charge_bin_conformal68_budget0.20
"charge[24000,40000)",3589,1.2399119857727694,False,65,cnn1d,0.317310507863,0.2,1.1977973596013698,2.9445042670160433,charge_bin_conformal68_budget0.20
"charge[4000,8000)",267,1.1622286933495367,False,65,cnn1d,0.317310507863,0.2,1.1977973596013698,2.9445042670160433,charge_bin_conformal68_budget0.20
"charge[40000,80000)",30,2.3089868592303957,False,65,cnn1d,0.317310507863,0.2,1.1977973596013698,2.9445042670160433,charge_bin_conformal68_budget0.20
"charge[8000,14000)",1438,1.1719088833723783,False,65,cnn1d,0.317310507863,0.2,1.1977973596013698,2.9445042670160433,charge_bin_conformal68_budget0.20
"charge[1000,4000)",53,1.8880458713511283,False,58,cnn1d,0.05,0.0,2.1215339386499803,inf,charge_bin_conformal95_budget0.00
"charge[14000,24000)",5888,2.0174750326658173,False,58,cnn1d,0.05,0.0,2.1215339386499803,inf,charge_bin_conformal95_budget0.00
"charge[24000,40000)",3571,2.3472980138763635,False,58,cnn1d,0.05,0.0,2.1215339386499803,inf,charge_bin_conformal95_budget0.00
"charge[4000,8000)",267,1.9306238062717977,False,58,cnn1d,0.05,0.0,2.1215339386499803,inf,charge_bin_conformal95_budget0.00
"charge[40000,80000)",29,2.1215339386499803,True,58,cnn1d,0.05,0.0,2.1215339386499803,inf,charge_bin_conformal95_budget0.00
"charge[8000,14000)",1433,1.7445964448534015,False,58,cnn1d,0.05,0.0,2.1215339386499803,inf,charge_bin_conformal95_budget0.00
"charge[1000,4000)",52,2.1524654368747966,False,59,cnn1d,0.05,0.0,2.1385700512327874,inf,charge_bin_conformal95_budget0.00
"charge[14000,24000)",4649,2.0311465615679154,False,59,cnn1d,0.05,0.0,2.1385700512327874,inf,charge_bin_conformal95_budget0.00
"charge[24000,40000)",3105,2.2931654028645885,False,59,cnn1d,0.05,0.0,2.1385700512327874,inf,charge_bin_conformal95_budget0.00
"charge[4000,8000)",251,1.8866733160275686,False,59,cnn1d,0.05,0.0,2.1385700512327874,inf,charge_bin_conformal95_budget0.00
"charge[40000,80000)",27,2.1385700512327874,True,59,cnn1d,0.05,0.0,2.1385700512327874,inf,charge_bin_conformal95_budget0.00
"charge[8000,14000)",1087,1.7356799382395653,False,59,cnn1d,0.05,0.0,2.1385700512327874,inf,charge_bin_conformal95_budget0.00
"charge[1000,4000)",42,1.7339575088682375,False,60,cnn1d,0.05,0.0,2.131109564632984,inf,charge_bin_conformal95_budget0.00
"charge[14000,24000)",4871,2.028028512890131,False,60,cnn1d,0.05,0.0,2.131109564632984,inf,charge_bin_conformal95_budget0.00
"charge[24000,40000)",2602,2.3927396144416853,False,60,cnn1d,0.05,0.0,2.131109564632984,inf,charge_bin_conformal95_budget0.00
"charge[4000,8000)",233,1.9834614900749892,False,60,cnn1d,0.05,0.0,2.131109564632984,inf,charge_bin_conformal95_budget0.00
"charge[40000,80000)",23,2.131109564632984,True,60,cnn1d,0.05,0.0,2.131109564632984,inf,charge_bin_conformal95_budget0.00
"charge[8000,14000)",1265,1.7943018819254524,False,60,cnn1d,0.05,0.0,2.131109564632984,inf,charge_bin_conformal95_budget0.00
"charge[1000,4000)",57,2.1186053416418504,False,61,cnn1d,0.05,0.0,2.026562996859921,inf,charge_bin_conformal95_budget0.00
"charge[14000,24000)",4575,1.9483488645265103,False,61,cnn1d,0.05,0.0,2.026562996859921,inf,charge_bin_conformal95_budget0.00
"charge[24000,40000)",2611,2.243865184719146,False,61,cnn1d,0.05,0.0,2.026562996859921,inf,charge_bin_conformal95_budget0.00
"charge[4000,8000)",210,1.8307710248716826,False,61,cnn1d,0.05,0.0,2.026562996859921,inf,charge_bin_conformal95_budget0.00
"charge[40000,80000)",23,2.026562996859921,True,61,cnn1d,0.05,0.0,2.026562996859921,inf,charge_bin_conformal95_budget0.00
"charge[8000,14000)",1185,1.7028923947442574,False,61,cnn1d,0.05,0.0,2.026562996859921,inf,charge_bin_conformal95_budget0.00
"charge[1000,4000)",52,1.9050018208598245,False,62,cnn1d,0.05,0.0,2.1475109781429027,inf,charge_bin_conformal95_budget0.00
"charge[14000,24000)",4678,2.065720728208179,False,62,cnn1d,0.05,0.0,2.1475109781429027,inf,charge_bin_conformal95_budget0.00
"charge[24000,40000)",2904,2.3907924278844677,False,62,cnn1d,0.05,0.0,2.1475109781429027,inf,charge_bin_conformal95_budget0.00
"charge[4000,8000)",231,1.7415427322785897,False,62,cnn1d,0.05,0.0,2.1475109781429027,inf,charge_bin_conformal95_budget0.00
"charge[40000,80000)",20,2.1475109781429027,True,62,cnn1d,0.05,0.0,2.1475109781429027,inf,charge_bin_conformal95_budget0.00
"charge[8000,14000)",1154,1.8524387398633246,False,62,cnn1d,0.05,0.0,2.1475109781429027,inf,charge_bin_conformal95_budget0.00
"charge[1000,4000)",50,2.166009474967975,False,63,cnn1d,0.05,0.0,2.1395233991549185,inf,charge_bin_conformal95_budget0.00
"charge[14000,24000)",5395,2.0250195390681225,False,63,cnn1d,0.05,0.0,2.1395233991549185,inf,charge_bin_conformal95_budget0.00
"charge[24000,40000)",3362,2.3523453270750525,False,63,cnn1d,0.05,0.0,2.1395233991549185,inf,charge_bin_conformal95_budget0.00
"charge[4000,8000)",251,1.93382703861641,False,63,cnn1d,0.05,0.0,2.1395233991549185,inf,charge_bin_conformal95_budget0.00
"charge[40000,80000)",28,2.1395233991549185,True,63,cnn1d,0.05,0.0,2.1395233991549185,inf,charge_bin_conformal95_budget0.00
"charge[8000,14000)",1264,1.7750742652555502,False,63,cnn1d,0.05,0.0,2.1395233991549185,inf,charge_bin_conformal95_budget0.00
"charge[1000,4000)",54,2.138921398781618,False,65,cnn1d,0.05,0.0,2.1213646873698755,inf,charge_bin_conformal95_budget0.00
"charge[14000,24000)",5884,2.017478218408063,False,65,cnn1d,0.05,0.0,2.1213646873698755,inf,charge_bin_conformal95_budget0.00
"charge[24000,40000)",3589,2.3382327734674306,False,65,cnn1d,0.05,0.0,2.1213646873698755,inf,charge_bin_conformal95_budget0.00
"charge[4000,8000)",267,1.9438626390998868,False,65,cnn1d,0.05,0.0,2.1213646873698755,inf,charge_bin_conformal95_budget0.00
"charge[40000,80000)",30,10.208066534072753,False,65,cnn1d,0.05,0.0,2.1213646873698755,inf,charge_bin_conformal95_budget0.00
"charge[8000,14000)",1438,1.7464618254694513,False,65,cnn1d,0.05,0.0,2.1213646873698755,inf,charge_bin_conformal95_budget0.00
"charge[1000,4000)",53,1.8880458713511283,False,58,cnn1d,0.05,0.05,2.1215339386499803,7.1530173286399386,charge_bin_conformal95_budget0.05
"charge[14000,24000)",5888,2.0174750326658173,False,58,cnn1d,0.05,0.05,2.1215339386499803,7.1530173286399386,charge_bin_conformal95_budget0.05
"charge[24000,40000)",3571,2.3472980138763635,False,58,cnn1d,0.05,0.05,2.1215339386499803,7.1530173286399386,charge_bin_conformal95_budget0.05
"charge[4000,8000)",267,1.9306238062717977,False,58,cnn1d,0.05,0.05,2.1215339386499803,7.1530173286399386,charge_bin_conformal95_budget0.05
"charge[40000,80000)",29,2.1215339386499803,True,58,cnn1d,0.05,0.05,2.1215339386499803,7.1530173286399386,charge_bin_conformal95_budget0.05
"charge[8000,14000)",1433,1.7445964448534015,False,58,cnn1d,0.05,0.05,2.1215339386499803,7.1530173286399386,charge_bin_conformal95_budget0.05
"charge[1000,4000)",52,2.1524654368747966,False,59,cnn1d,0.05,0.05,2.1385700512327874,7.167853325086898,charge_bin_conformal95_budget0.05
"charge[14000,24000)",4649,2.0311465615679154,False,59,cnn1d,0.05,0.05,2.1385700512327874,7.167853325086898,charge_bin_conformal95_budget0.05
"charge[24000,40000)",3105,2.2931654028645885,False,59,cnn1d,0.05,0.05,2.1385700512327874,7.167853325086898,charge_bin_conformal95_budget0.05
"charge[4000,8000)",251,1.8866733160275686,False,59,cnn1d,0.05,0.05,2.1385700512327874,7.167853325086898,charge_bin_conformal95_budget0.05
"charge[40000,80000)",27,2.1385700512327874,True,59,cnn1d,0.05,0.05,2.1385700512327874,7.167853325086898,charge_bin_conformal95_budget0.05
"charge[8000,14000)",1087,1.7356799382395653,False,59,cnn1d,0.05,0.05,2.1385700512327874,7.167853325086898,charge_bin_conformal95_budget0.05
"charge[1000,4000)",42,1.7339575088682375,False,60,cnn1d,0.05,0.05,2.131109564632984,7.503563810100128,charge_bin_conformal95_budget0.05
"charge[14000,24000)",4871,2.028028512890131,False,60,cnn1d,0.05,0.05,2.131109564632984,7.503563810100128,charge_bin_conformal95_budget0.05
"charge[24000,40000)",2602,2.3927396144416853,False,60,cnn1d,0.05,0.05,2.131109564632984,7.503563810100128,charge_bin_conformal95_budget0.05
"charge[4000,8000)",233,1.9834614900749892,False,60,cnn1d,0.05,0.05,2.131109564632984,7.503563810100128,charge_bin_conformal95_budget0.05
"charge[40000,80000)",23,2.131109564632984,True,60,cnn1d,0.05,0.05,2.131109564632984,7.503563810100128,charge_bin_conformal95_budget0.05
"charge[8000,14000)",1265,1.7943018819254524,False,60,cnn1d,0.05,0.05,2.131109564632984,7.503563810100128,charge_bin_conformal95_budget0.05
"charge[1000,4000)",57,2.1186053416418504,False,61,cnn1d,0.05,0.05,2.026562996859921,9.206547189757094,charge_bin_conformal95_budget0.05
"charge[14000,24000)",4575,1.9483488645265103,False,61,cnn1d,0.05,0.05,2.026562996859921,9.206547189757094,charge_bin_conformal95_budget0.05
"charge[24000,40000)",2611,2.243865184719146,False,61,cnn1d,0.05,0.05,2.026562996859921,9.206547189757094,charge_bin_conformal95_budget0.05
"charge[4000,8000)",210,1.8307710248716826,False,61,cnn1d,0.05,0.05,2.026562996859921,9.206547189757094,charge_bin_conformal95_budget0.05
"charge[40000,80000)",23,2.026562996859921,True,61,cnn1d,0.05,0.05,2.026562996859921,9.206547189757094,charge_bin_conformal95_budget0.05
"charge[8000,14000)",1185,1.7028923947442574,False,61,cnn1d,0.05,0.05,2.026562996859921,9.206547189757094,charge_bin_conformal95_budget0.05
"charge[1000,4000)",52,1.9050018208598245,False,62,cnn1d,0.05,0.05,2.1475109781429027,7.560745624110703,charge_bin_conformal95_budget0.05
"charge[14000,24000)",4678,2.065720728208179,False,62,cnn1d,0.05,0.05,2.1475109781429027,7.560745624110703,charge_bin_conformal95_budget0.05
"charge[24000,40000)",2904,2.3907924278844677,False,62,cnn1d,0.05,0.05,2.1475109781429027,7.560745624110703,charge_bin_conformal95_budget0.05
"charge[4000,8000)",231,1.7415427322785897,False,62,cnn1d,0.05,0.05,2.1475109781429027,7.560745624110703,charge_bin_conformal95_budget0.05
"charge[40000,80000)",20,2.1475109781429027,True,62,cnn1d,0.05,0.05,2.1475109781429027,7.560745624110703,charge_bin_conformal95_budget0.05
"charge[8000,14000)",1154,1.8524387398633246,False,62,cnn1d,0.05,0.05,2.1475109781429027,7.560745624110703,charge_bin_conformal95_budget0.05
"charge[1000,4000)",50,2.166009474967975,False,63,cnn1d,0.05,0.05,2.1395233991549185,7.2319354444919615,charge_bin_conformal95_budget0.05
"charge[14000,24000)",5395,2.0250195390681225,False,63,cnn1d,0.05,0.05,2.1395233991549185,7.2319354444919615,charge_bin_conformal95_budget0.05
"charge[24000,40000)",3362,2.3523453270750525,False,63,cnn1d,0.05,0.05,2.1395233991549185,7.2319354444919615,charge_bin_conformal95_budget0.05
"charge[4000,8000)",251,1.93382703861641,False,63,cnn1d,0.05,0.05,2.1395233991549185,7.2319354444919615,charge_bin_conformal95_budget0.05
"charge[40000,80000)",28,2.1395233991549185,True,63,cnn1d,0.05,0.05,2.1395233991549185,7.2319354444919615,charge_bin_conformal95_budget0.05
"charge[8000,14000)",1264,1.7750742652555502,False,63,cnn1d,0.05,0.05,2.1395233991549185,7.2319354444919615,charge_bin_conformal95_budget0.05
"charge[1000,4000)",54,2.138921398781618,False,65,cnn1d,0.05,0.05,2.1213646873698755,6.4977007888955445,charge_bin_conformal95_budget0.05
"charge[14000,24000)",5884,2.017478218408063,False,65,cnn1d,0.05,0.05,2.1213646873698755,6.4977007888955445,charge_bin_conformal95_budget0.05
"charge[24000,40000)",3589,2.3382327734674306,False,65,cnn1d,0.05,0.05,2.1213646873698755,6.4977007888955445,charge_bin_conformal95_budget0.05
"charge[4000,8000)",267,1.9438626390998868,False,65,cnn1d,0.05,0.05,2.1213646873698755,6.4977007888955445,charge_bin_conformal95_budget0.05
"charge[40000,80000)",30,10.208066534072753,False,65,cnn1d,0.05,0.05,2.1213646873698755,6.4977007888955445,charge_bin_conformal95_budget0.05
"charge[8000,14000)",1438,1.7464618254694513,False,65,cnn1d,0.05,0.05,2.1213646873698755,6.4977007888955445,charge_bin_conformal95_budget0.05
"charge[1000,4000)",53,1.8880458713511283,False,58,cnn1d,0.05,0.1,2.1215339386499803,5.879438104409826,charge_bin_conformal95_budget0.10
"charge[14000,24000)",5888,2.0174750326658173,False,58,cnn1d,0.05,0.1,2.1215339386499803,5.879438104409826,charge_bin_conformal95_budget0.10
"charge[24000,40000)",3571,2.3472980138763635,False,58,cnn1d,0.05,0.1,2.1215339386499803,5.879438104409826,charge_bin_conformal95_budget0.10
"charge[4000,8000)",267,1.9306238062717977,False,58,cnn1d,0.05,0.1,2.1215339386499803,5.879438104409826,charge_bin_conformal95_budget0.10
"charge[40000,80000)",29,2.1215339386499803,True,58,cnn1d,0.05,0.1,2.1215339386499803,5.879438104409826,charge_bin_conformal95_budget0.10
"charge[8000,14000)",1433,1.7445964448534015,False,58,cnn1d,0.05,0.1,2.1215339386499803,5.879438104409826,charge_bin_conformal95_budget0.10
"charge[1000,4000)",52,2.1524654368747966,False,59,cnn1d,0.05,0.1,2.1385700512327874,6.009772895149247,charge_bin_conformal95_budget0.10
"charge[14000,24000)",4649,2.0311465615679154,False,59,cnn1d,0.05,0.1,2.1385700512327874,6.009772895149247,charge_bin_conformal95_budget0.10
"charge[24000,40000)",3105,2.2931654028645885,False,59,cnn1d,0.05,0.1,2.1385700512327874,6.009772895149247,charge_bin_conformal95_budget0.10
"charge[4000,8000)",251,1.8866733160275686,False,59,cnn1d,0.05,0.1,2.1385700512327874,6.009772895149247,charge_bin_conformal95_budget0.10
"charge[40000,80000)",27,2.1385700512327874,True,59,cnn1d,0.05,0.1,2.1385700512327874,6.009772895149247,charge_bin_conformal95_budget0.10
"charge[8000,14000)",1087,1.7356799382395653,False,59,cnn1d,0.05,0.1,2.1385700512327874,6.009772895149247,charge_bin_conformal95_budget0.10
"charge[1000,4000)",42,1.7339575088682375,False,60,cnn1d,0.05,0.1,2.131109564632984,6.162298872033444,charge_bin_conformal95_budget0.10
"charge[14000,24000)",4871,2.028028512890131,False,60,cnn1d,0.05,0.1,2.131109564632984,6.162298872033444,charge_bin_conformal95_budget0.10
"charge[24000,40000)",2602,2.3927396144416853,False,60,cnn1d,0.05,0.1,2.131109564632984,6.162298872033444,charge_bin_conformal95_budget0.10
"charge[4000,8000)",233,1.9834614900749892,False,60,cnn1d,0.05,0.1,2.131109564632984,6.162298872033444,charge_bin_conformal95_budget0.10
"charge[40000,80000)",23,2.131109564632984,True,60,cnn1d,0.05,0.1,2.131109564632984,6.162298872033444,charge_bin_conformal95_budget0.10
"charge[8000,14000)",1265,1.7943018819254524,False,60,cnn1d,0.05,0.1,2.131109564632984,6.162298872033444,charge_bin_conformal95_budget0.10
"charge[1000,4000)",57,2.1186053416418504,False,61,cnn1d,0.05,0.1,2.026562996859921,7.761448517413096,charge_bin_conformal95_budget0.10
"charge[14000,24000)",4575,1.9483488645265103,False,61,cnn1d,0.05,0.1,2.026562996859921,7.761448517413096,charge_bin_conformal95_budget0.10
"charge[24000,40000)",2611,2.243865184719146,False,61,cnn1d,0.05,0.1,2.026562996859921,7.761448517413096,charge_bin_conformal95_budget0.10
"charge[4000,8000)",210,1.8307710248716826,False,61,cnn1d,0.05,0.1,2.026562996859921,7.761448517413096,charge_bin_conformal95_budget0.10
"charge[40000,80000)",23,2.026562996859921,True,61,cnn1d,0.05,0.1,2.026562996859921,7.761448517413096,charge_bin_conformal95_budget0.10
"charge[8000,14000)",1185,1.7028923947442574,False,61,cnn1d,0.05,0.1,2.026562996859921,7.761448517413096,charge_bin_conformal95_budget0.10
"charge[1000,4000)",52,1.9050018208598245,False,62,cnn1d,0.05,0.1,2.1475109781429027,6.1641943721825445,charge_bin_conformal95_budget0.10
"charge[14000,24000)",4678,2.065720728208179,False,62,cnn1d,0.05,0.1,2.1475109781429027,6.1641943721825445,charge_bin_conformal95_budget0.10
"charge[24000,40000)",2904,2.3907924278844677,False,62,cnn1d,0.05,0.1,2.1475109781429027,6.1641943721825445,charge_bin_conformal95_budget0.10
"charge[4000,8000)",231,1.7415427322785897,False,62,cnn1d,0.05,0.1,2.1475109781429027,6.1641943721825445,charge_bin_conformal95_budget0.10
"charge[40000,80000)",20,2.1475109781429027,True,62,cnn1d,0.05,0.1,2.1475109781429027,6.1641943721825445,charge_bin_conformal95_budget0.10
"charge[8000,14000)",1154,1.8524387398633246,False,62,cnn1d,0.05,0.1,2.1475109781429027,6.1641943721825445,charge_bin_conformal95_budget0.10
"charge[1000,4000)",50,2.166009474967975,False,63,cnn1d,0.05,0.1,2.1395233991549185,5.834865528630187,charge_bin_conformal95_budget0.10
"charge[14000,24000)",5395,2.0250195390681225,False,63,cnn1d,0.05,0.1,2.1395233991549185,5.834865528630187,charge_bin_conformal95_budget0.10
"charge[24000,40000)",3362,2.3523453270750525,False,63,cnn1d,0.05,0.1,2.1395233991549185,5.834865528630187,charge_bin_conformal95_budget0.10
"charge[4000,8000)",251,1.93382703861641,False,63,cnn1d,0.05,0.1,2.1395233991549185,5.834865528630187,charge_bin_conformal95_budget0.10
"charge[40000,80000)",28,2.1395233991549185,True,63,cnn1d,0.05,0.1,2.1395233991549185,5.834865528630187,charge_bin_conformal95_budget0.10
"charge[8000,14000)",1264,1.7750742652555502,False,63,cnn1d,0.05,0.1,2.1395233991549185,5.834865528630187,charge_bin_conformal95_budget0.10
"charge[1000,4000)",54,2.138921398781618,False,65,cnn1d,0.05,0.1,2.1213646873698755,5.66001391579979,charge_bin_conformal95_budget0.10
"charge[14000,24000)",5884,2.017478218408063,False,65,cnn1d,0.05,0.1,2.1213646873698755,5.66001391579979,charge_bin_conformal95_budget0.10
"charge[24000,40000)",3589,2.3382327734674306,False,65,cnn1d,0.05,0.1,2.1213646873698755,5.66001391579979,charge_bin_conformal95_budget0.10
"charge[4000,8000)",267,1.9438626390998868,False,65,cnn1d,0.05,0.1,2.1213646873698755,5.66001391579979,charge_bin_conformal95_budget0.10
"charge[40000,80000)",30,10.208066534072753,False,65,cnn1d,0.05,0.1,2.1213646873698755,5.66001391579979,charge_bin_conformal95_budget0.10
"charge[8000,14000)",1438,1.7464618254694513,False,65,cnn1d,0.05,0.1,2.1213646873698755,5.66001391579979,charge_bin_conformal95_budget0.10
"charge[1000,4000)",53,1.8880458713511283,False,58,cnn1d,0.05,0.2,2.1215339386499803,4.836542968778902,charge_bin_conformal95_budget0.20
"charge[14000,24000)",5888,2.0174750326658173,False,58,cnn1d,0.05,0.2,2.1215339386499803,4.836542968778902,charge_bin_conformal95_budget0.20
"charge[24000,40000)",3571,2.3472980138763635,False,58,cnn1d,0.05,0.2,2.1215339386499803,4.836542968778902,charge_bin_conformal95_budget0.20
"charge[4000,8000)",267,1.9306238062717977,False,58,cnn1d,0.05,0.2,2.1215339386499803,4.836542968778902,charge_bin_conformal95_budget0.20
"charge[40000,80000)",29,2.1215339386499803,True,58,cnn1d,0.05,0.2,2.1215339386499803,4.836542968778902,charge_bin_conformal95_budget0.20
"charge[8000,14000)",1433,1.7445964448534015,False,58,cnn1d,0.05,0.2,2.1215339386499803,4.836542968778902,charge_bin_conformal95_budget0.20
"charge[1000,4000)",52,2.1524654368747966,False,59,cnn1d,0.05,0.2,2.1385700512327874,4.857538636939539,charge_bin_conformal95_budget0.20
"charge[14000,24000)",4649,2.0311465615679154,False,59,cnn1d,0.05,0.2,2.1385700512327874,4.857538636939539,charge_bin_conformal95_budget0.20
"charge[24000,40000)",3105,2.2931654028645885,False,59,cnn1d,0.05,0.2,2.1385700512327874,4.857538636939539,charge_bin_conformal95_budget0.20
"charge[4000,8000)",251,1.8866733160275686,False,59,cnn1d,0.05,0.2,2.1385700512327874,4.857538636939539,charge_bin_conformal95_budget0.20
"charge[40000,80000)",27,2.1385700512327874,True,59,cnn1d,0.05,0.2,2.1385700512327874,4.857538636939539,charge_bin_conformal95_budget0.20
"charge[8000,14000)",1087,1.7356799382395653,False,59,cnn1d,0.05,0.2,2.1385700512327874,4.857538636939539,charge_bin_conformal95_budget0.20
"charge[1000,4000)",42,1.7339575088682375,False,60,cnn1d,0.05,0.2,2.131109564632984,4.856020201077983,charge_bin_conformal95_budget0.20
"charge[14000,24000)",4871,2.028028512890131,False,60,cnn1d,0.05,0.2,2.131109564632984,4.856020201077983,charge_bin_conformal95_budget0.20
"charge[24000,40000)",2602,2.3927396144416853,False,60,cnn1d,0.05,0.2,2.131109564632984,4.856020201077983,charge_bin_conformal95_budget0.20
"charge[4000,8000)",233,1.9834614900749892,False,60,cnn1d,0.05,0.2,2.131109564632984,4.856020201077983,charge_bin_conformal95_budget0.20
"charge[40000,80000)",23,2.131109564632984,True,60,cnn1d,0.05,0.2,2.131109564632984,4.856020201077983,charge_bin_conformal95_budget0.20
"charge[8000,14000)",1265,1.7943018819254524,False,60,cnn1d,0.05,0.2,2.131109564632984,4.856020201077983,charge_bin_conformal95_budget0.20
"charge[1000,4000)",57,2.1186053416418504,False,61,cnn1d,0.05,0.2,2.026562996859921,6.0938811258842245,charge_bin_conformal95_budget0.20
"charge[14000,24000)",4575,1.9483488645265103,False,61,cnn1d,0.05,0.2,2.026562996859921,6.0938811258842245,charge_bin_conformal95_budget0.20
"charge[24000,40000)",2611,2.243865184719146,False,61,cnn1d,0.05,0.2,2.026562996859921,6.0938811258842245,charge_bin_conformal95_budget0.20
"charge[4000,8000)",210,1.8307710248716826,False,61,cnn1d,0.05,0.2,2.026562996859921,6.0938811258842245,charge_bin_conformal95_budget0.20
"charge[40000,80000)",23,2.026562996859921,True,61,cnn1d,0.05,0.2,2.026562996859921,6.0938811258842245,charge_bin_conformal95_budget0.20
"charge[8000,14000)",1185,1.7028923947442574,False,61,cnn1d,0.05,0.2,2.026562996859921,6.0938811258842245,charge_bin_conformal95_budget0.20
"charge[1000,4000)",52,1.9050018208598245,False,62,cnn1d,0.05,0.2,2.1475109781429027,5.0254399569077375,charge_bin_conformal95_budget0.20
"charge[14000,24000)",4678,2.065720728208179,False,62,cnn1d,0.05,0.2,2.1475109781429027,5.0254399569077375,charge_bin_conformal95_budget0.20
"charge[24000,40000)",2904,2.3907924278844677,False,62,cnn1d,0.05,0.2,2.1475109781429027,5.0254399569077375,charge_bin_conformal95_budget0.20
"charge[4000,8000)",231,1.7415427322785897,False,62,cnn1d,0.05,0.2,2.1475109781429027,5.0254399569077375,charge_bin_conformal95_budget0.20
"charge[40000,80000)",20,2.1475109781429027,True,62,cnn1d,0.05,0.2,2.1475109781429027,5.0254399569077375,charge_bin_conformal95_budget0.20
"charge[8000,14000)",1154,1.8524387398633246,False,62,cnn1d,0.05,0.2,2.1475109781429027,5.0254399569077375,charge_bin_conformal95_budget0.20
"charge[1000,4000)",50,2.166009474967975,False,63,cnn1d,0.05,0.2,2.1395233991549185,4.709651508742694,charge_bin_conformal95_budget0.20
"charge[14000,24000)",5395,2.0250195390681225,False,63,cnn1d,0.05,0.2,2.1395233991549185,4.709651508742694,charge_bin_conformal95_budget0.20
"charge[24000,40000)",3362,2.3523453270750525,False,63,cnn1d,0.05,0.2,2.1395233991549185,4.709651508742694,charge_bin_conformal95_budget0.20
"charge[4000,8000)",251,1.93382703861641,False,63,cnn1d,0.05,0.2,2.1395233991549185,4.709651508742694,charge_bin_conformal95_budget0.20
"charge[40000,80000)",28,2.1395233991549185,True,63,cnn1d,0.05,0.2,2.1395233991549185,4.709651508742694,charge_bin_conformal95_budget0.20
"charge[8000,14000)",1264,1.7750742652555502,False,63,cnn1d,0.05,0.2,2.1395233991549185,4.709651508742694,charge_bin_conformal95_budget0.20
"charge[1000,4000)",54,2.138921398781618,False,65,cnn1d,0.05,0.2,2.1213646873698755,5.06969393285065,charge_bin_conformal95_budget0.20
"charge[14000,24000)",5884,2.017478218408063,False,65,cnn1d,0.05,0.2,2.1213646873698755,5.06969393285065,charge_bin_conformal95_budget0.20
"charge[24000,40000)",3589,2.3382327734674306,False,65,cnn1d,0.05,0.2,2.1213646873698755,5.06969393285065,charge_bin_conformal95_budget0.20
"charge[4000,8000)",267,1.9438626390998868,False,65,cnn1d,0.05,0.2,2.1213646873698755,5.06969393285065,charge_bin_conformal95_budget0.20
"charge[40000,80000)",30,10.208066534072753,False,65,cnn1d,0.05,0.2,2.1213646873698755,5.06969393285065,charge_bin_conformal95_budget0.20
"charge[8000,14000)",1438,1.7464618254694513,False,65,cnn1d,0.05,0.2,2.1213646873698755,5.06969393285065,charge_bin_conformal95_budget0.20
"charge[1000,4000)",53,1.0465238247551234,False,58,phase_conformal_gated_cnn,0.317310507863,0.0,1.048683758112479,inf,charge_bin_conformal68_budget0.00
"charge[14000,24000)",5888,1.0330362303917278,False,58,phase_conformal_gated_cnn,0.317310507863,0.0,1.048683758112479,inf,charge_bin_conformal68_budget0.00
"charge[24000,40000)",3571,1.103632105684359,False,58,phase_conformal_gated_cnn,0.317310507863,0.0,1.048683758112479,inf,charge_bin_conformal68_budget0.00
"charge[4000,8000)",267,1.0046168265345286,False,58,phase_conformal_gated_cnn,0.317310507863,0.0,1.048683758112479,inf,charge_bin_conformal68_budget0.00
"charge[40000,80000)",29,1.048683758112479,True,58,phase_conformal_gated_cnn,0.317310507863,0.0,1.048683758112479,inf,charge_bin_conformal68_budget0.00
"charge[8000,14000)",1433,1.0202187098741389,False,58,phase_conformal_gated_cnn,0.317310507863,0.0,1.048683758112479,inf,charge_bin_conformal68_budget0.00
"charge[1000,4000)",52,1.0723331944134795,False,59,phase_conformal_gated_cnn,0.317310507863,0.0,1.0504571007903154,inf,charge_bin_conformal68_budget0.00
"charge[14000,24000)",4649,1.0303668510292567,False,59,phase_conformal_gated_cnn,0.317310507863,0.0,1.0504571007903154,inf,charge_bin_conformal68_budget0.00
"charge[24000,40000)",3105,1.1059856020713685,False,59,phase_conformal_gated_cnn,0.317310507863,0.0,1.0504571007903154,inf,charge_bin_conformal68_budget0.00
"charge[4000,8000)",251,1.0258776879446627,False,59,phase_conformal_gated_cnn,0.317310507863,0.0,1.0504571007903154,inf,charge_bin_conformal68_budget0.00
"charge[40000,80000)",27,1.0504571007903154,True,59,phase_conformal_gated_cnn,0.317310507863,0.0,1.0504571007903154,inf,charge_bin_conformal68_budget0.00
"charge[8000,14000)",1087,1.0280345013978531,False,59,phase_conformal_gated_cnn,0.317310507863,0.0,1.0504571007903154,inf,charge_bin_conformal68_budget0.00
"charge[1000,4000)",42,1.0,False,60,phase_conformal_gated_cnn,0.317310507863,0.0,1.0568591817561084,inf,charge_bin_conformal68_budget0.00
"charge[14000,24000)",4871,1.0451989452453605,False,60,phase_conformal_gated_cnn,0.317310507863,0.0,1.0568591817561084,inf,charge_bin_conformal68_budget0.00
"charge[24000,40000)",2602,1.1336907481824732,False,60,phase_conformal_gated_cnn,0.317310507863,0.0,1.0568591817561084,inf,charge_bin_conformal68_budget0.00
"charge[4000,8000)",233,1.0,False,60,phase_conformal_gated_cnn,0.317310507863,0.0,1.0568591817561084,inf,charge_bin_conformal68_budget0.00
"charge[40000,80000)",23,1.0568591817561084,True,60,phase_conformal_gated_cnn,0.317310507863,0.0,1.0568591817561084,inf,charge_bin_conformal68_budget0.00
"charge[8000,14000)",1265,1.0162792672078225,False,60,phase_conformal_gated_cnn,0.317310507863,0.0,1.0568591817561084,inf,charge_bin_conformal68_budget0.00
"charge[1000,4000)",57,1.0719551819839488,False,61,phase_conformal_gated_cnn,0.317310507863,0.0,1.0201456652063652,inf,charge_bin_conformal68_budget0.00
"charge[14000,24000)",4575,1.0,False,61,phase_conformal_gated_cnn,0.317310507863,0.0,1.0201456652063652,inf,charge_bin_conformal68_budget0.00
"charge[24000,40000)",2611,1.0691842024710354,False,61,phase_conformal_gated_cnn,0.317310507863,0.0,1.0201456652063652,inf,charge_bin_conformal68_budget0.00
"charge[4000,8000)",210,1.0,False,61,phase_conformal_gated_cnn,0.317310507863,0.0,1.0201456652063652,inf,charge_bin_conformal68_budget0.00
"charge[40000,80000)",23,1.0201456652063652,True,61,phase_conformal_gated_cnn,0.317310507863,0.0,1.0201456652063652,inf,charge_bin_conformal68_budget0.00
"charge[8000,14000)",1185,1.0151203886393887,False,61,phase_conformal_gated_cnn,0.317310507863,0.0,1.0201456652063652,inf,charge_bin_conformal68_budget0.00
"charge[1000,4000)",52,1.0599896409213523,False,62,phase_conformal_gated_cnn,0.317310507863,0.0,1.0698959968293218,inf,charge_bin_conformal68_budget0.00
"charge[14000,24000)",4678,1.0594358430310953,False,62,phase_conformal_gated_cnn,0.317310507863,0.0,1.0698959968293218,inf,charge_bin_conformal68_budget0.00
"charge[24000,40000)",2904,1.1227145350199856,False,62,phase_conformal_gated_cnn,0.317310507863,0.0,1.0698959968293218,inf,charge_bin_conformal68_budget0.00
"charge[4000,8000)",231,1.0478647304844497,False,62,phase_conformal_gated_cnn,0.317310507863,0.0,1.0698959968293218,inf,charge_bin_conformal68_budget0.00
"charge[40000,80000)",20,1.0698959968293218,True,62,phase_conformal_gated_cnn,0.317310507863,0.0,1.0698959968293218,inf,charge_bin_conformal68_budget0.00
"charge[8000,14000)",1154,1.038612363792237,False,62,phase_conformal_gated_cnn,0.317310507863,0.0,1.0698959968293218,inf,charge_bin_conformal68_budget0.00
"charge[1000,4000)",50,1.108272653264095,False,63,phase_conformal_gated_cnn,0.317310507863,0.0,1.0482227573252167,inf,charge_bin_conformal68_budget0.00
"charge[14000,24000)",5395,1.0297811088882804,False,63,phase_conformal_gated_cnn,0.317310507863,0.0,1.0482227573252167,inf,charge_bin_conformal68_budget0.00
"charge[24000,40000)",3362,1.0975525229650758,False,63,phase_conformal_gated_cnn,0.317310507863,0.0,1.0482227573252167,inf,charge_bin_conformal68_budget0.00
"charge[4000,8000)",251,1.0397770680104994,False,63,phase_conformal_gated_cnn,0.317310507863,0.0,1.0482227573252167,inf,charge_bin_conformal68_budget0.00
"charge[40000,80000)",28,1.0482227573252167,True,63,phase_conformal_gated_cnn,0.317310507863,0.0,1.0482227573252167,inf,charge_bin_conformal68_budget0.00
"charge[8000,14000)",1264,1.024718442736689,False,63,phase_conformal_gated_cnn,0.317310507863,0.0,1.0482227573252167,inf,charge_bin_conformal68_budget0.00
"charge[1000,4000)",54,1.0850628012721801,False,65,phase_conformal_gated_cnn,0.317310507863,0.0,1.053258615439293,inf,charge_bin_conformal68_budget0.00
"charge[14000,24000)",5884,1.0359212595529976,False,65,phase_conformal_gated_cnn,0.317310507863,0.0,1.053258615439293,inf,charge_bin_conformal68_budget0.00
"charge[24000,40000)",3589,1.10736781648579,False,65,phase_conformal_gated_cnn,0.317310507863,0.0,1.053258615439293,inf,charge_bin_conformal68_budget0.00
"charge[4000,8000)",267,1.0180141487752925,False,65,phase_conformal_gated_cnn,0.317310507863,0.0,1.053258615439293,inf,charge_bin_conformal68_budget0.00
"charge[40000,80000)",30,1.4671161760386087,False,65,phase_conformal_gated_cnn,0.317310507863,0.0,1.053258615439293,inf,charge_bin_conformal68_budget0.00
"charge[8000,14000)",1438,1.02873137900932,False,65,phase_conformal_gated_cnn,0.317310507863,0.0,1.053258615439293,inf,charge_bin_conformal68_budget0.00
"charge[1000,4000)",53,1.0465238247551234,False,58,phase_conformal_gated_cnn,0.317310507863,0.05,1.048683758112479,3.572121106318592,charge_bin_conformal68_budget0.05
"charge[14000,24000)",5888,1.0330362303917278,False,58,phase_conformal_gated_cnn,0.317310507863,0.05,1.048683758112479,3.572121106318592,charge_bin_conformal68_budget0.05
"charge[24000,40000)",3571,1.103632105684359,False,58,phase_conformal_gated_cnn,0.317310507863,0.05,1.048683758112479,3.572121106318592,charge_bin_conformal68_budget0.05
"charge[4000,8000)",267,1.0046168265345286,False,58,phase_conformal_gated_cnn,0.317310507863,0.05,1.048683758112479,3.572121106318592,charge_bin_conformal68_budget0.05
"charge[40000,80000)",29,1.048683758112479,True,58,phase_conformal_gated_cnn,0.317310507863,0.05,1.048683758112479,3.572121106318592,charge_bin_conformal68_budget0.05
"charge[8000,14000)",1433,1.0202187098741389,False,58,phase_conformal_gated_cnn,0.317310507863,0.05,1.048683758112479,3.572121106318592,charge_bin_conformal68_budget0.05
"charge[1000,4000)",52,1.0723331944134795,False,59,phase_conformal_gated_cnn,0.317310507863,0.05,1.0504571007903154,3.43749768826674,charge_bin_conformal68_budget0.05
"charge[14000,24000)",4649,1.0303668510292567,False,59,phase_conformal_gated_cnn,0.317310507863,0.05,1.0504571007903154,3.43749768826674,charge_bin_conformal68_budget0.05
"charge[24000,40000)",3105,1.1059856020713685,False,59,phase_conformal_gated_cnn,0.317310507863,0.05,1.0504571007903154,3.43749768826674,charge_bin_conformal68_budget0.05
"charge[4000,8000)",251,1.0258776879446627,False,59,phase_conformal_gated_cnn,0.317310507863,0.05,1.0504571007903154,3.43749768826674,charge_bin_conformal68_budget0.05
"charge[40000,80000)",27,1.0504571007903154,True,59,phase_conformal_gated_cnn,0.317310507863,0.05,1.0504571007903154,3.43749768826674,charge_bin_conformal68_budget0.05
"charge[8000,14000)",1087,1.0280345013978531,False,59,phase_conformal_gated_cnn,0.317310507863,0.05,1.0504571007903154,3.43749768826674,charge_bin_conformal68_budget0.05
"charge[1000,4000)",42,1.0,False,60,phase_conformal_gated_cnn,0.317310507863,0.05,1.0568591817561084,3.4281015082728477,charge_bin_conformal68_budget0.05
"charge[14000,24000)",4871,1.0451989452453605,False,60,phase_conformal_gated_cnn,0.317310507863,0.05,1.0568591817561084,3.4281015082728477,charge_bin_conformal68_budget0.05
"charge[24000,40000)",2602,1.1336907481824732,False,60,phase_conformal_gated_cnn,0.317310507863,0.05,1.0568591817561084,3.4281015082728477,charge_bin_conformal68_budget0.05
"charge[4000,8000)",233,1.0,False,60,phase_conformal_gated_cnn,0.317310507863,0.05,1.0568591817561084,3.4281015082728477,charge_bin_conformal68_budget0.05
"charge[40000,80000)",23,1.0568591817561084,True,60,phase_conformal_gated_cnn,0.317310507863,0.05,1.0568591817561084,3.4281015082728477,charge_bin_conformal68_budget0.05
"charge[8000,14000)",1265,1.0162792672078225,False,60,phase_conformal_gated_cnn,0.317310507863,0.05,1.0568591817561084,3.4281015082728477,charge_bin_conformal68_budget0.05
"charge[1000,4000)",57,1.0719551819839488,False,61,phase_conformal_gated_cnn,0.317310507863,0.05,1.0201456652063652,4.363942499618891,charge_bin_conformal68_budget0.05
"charge[14000,24000)",4575,1.0,False,61,phase_conformal_gated_cnn,0.317310507863,0.05,1.0201456652063652,4.363942499618891,charge_bin_conformal68_budget0.05
"charge[24000,40000)",2611,1.0691842024710354,False,61,phase_conformal_gated_cnn,0.317310507863,0.05,1.0201456652063652,4.363942499618891,charge_bin_conformal68_budget0.05
"charge[4000,8000)",210,1.0,False,61,phase_conformal_gated_cnn,0.317310507863,0.05,1.0201456652063652,4.363942499618891,charge_bin_conformal68_budget0.05
"charge[40000,80000)",23,1.0201456652063652,True,61,phase_conformal_gated_cnn,0.317310507863,0.05,1.0201456652063652,4.363942499618891,charge_bin_conformal68_budget0.05
"charge[8000,14000)",1185,1.0151203886393887,False,61,phase_conformal_gated_cnn,0.317310507863,0.05,1.0201456652063652,4.363942499618891,charge_bin_conformal68_budget0.05
"charge[1000,4000)",52,1.0599896409213523,False,62,phase_conformal_gated_cnn,0.317310507863,0.05,1.0698959968293218,3.605638374874807,charge_bin_conformal68_budget0.05
"charge[14000,24000)",4678,1.0594358430310953,False,62,phase_conformal_gated_cnn,0.317310507863,0.05,1.0698959968293218,3.605638374874807,charge_bin_conformal68_budget0.05
"charge[24000,40000)",2904,1.1227145350199856,False,62,phase_conformal_gated_cnn,0.317310507863,0.05,1.0698959968293218,3.605638374874807,charge_bin_conformal68_budget0.05
"charge[4000,8000)",231,1.0478647304844497,False,62,phase_conformal_gated_cnn,0.317310507863,0.05,1.0698959968293218,3.605638374874807,charge_bin_conformal68_budget0.05
"charge[40000,80000)",20,1.0698959968293218,True,62,phase_conformal_gated_cnn,0.317310507863,0.05,1.0698959968293218,3.605638374874807,charge_bin_conformal68_budget0.05
"charge[8000,14000)",1154,1.038612363792237,False,62,phase_conformal_gated_cnn,0.317310507863,0.05,1.0698959968293218,3.605638374874807,charge_bin_conformal68_budget0.05
"charge[1000,4000)",50,1.108272653264095,False,63,phase_conformal_gated_cnn,0.317310507863,0.05,1.0482227573252167,3.784118397925015,charge_bin_conformal68_budget0.05
"charge[14000,24000)",5395,1.0297811088882804,False,63,phase_conformal_gated_cnn,0.317310507863,0.05,1.0482227573252167,3.784118397925015,charge_bin_conformal68_budget0.05
"charge[24000,40000)",3362,1.0975525229650758,False,63,phase_conformal_gated_cnn,0.317310507863,0.05,1.0482227573252167,3.784118397925015,charge_bin_conformal68_budget0.05
"charge[4000,8000)",251,1.0397770680104994,False,63,phase_conformal_gated_cnn,0.317310507863,0.05,1.0482227573252167,3.784118397925015,charge_bin_conformal68_budget0.05
"charge[40000,80000)",28,1.0482227573252167,True,63,phase_conformal_gated_cnn,0.317310507863,0.05,1.0482227573252167,3.784118397925015,charge_bin_conformal68_budget0.05
"charge[8000,14000)",1264,1.024718442736689,False,63,phase_conformal_gated_cnn,0.317310507863,0.05,1.0482227573252167,3.784118397925015,charge_bin_conformal68_budget0.05
"charge[1000,4000)",54,1.0850628012721801,False,65,phase_conformal_gated_cnn,0.317310507863,0.05,1.053258615439293,3.57325601461197,charge_bin_conformal68_budget0.05
"charge[14000,24000)",5884,1.0359212595529976,False,65,phase_conformal_gated_cnn,0.317310507863,0.05,1.053258615439293,3.57325601461197,charge_bin_conformal68_budget0.05
"charge[24000,40000)",3589,1.10736781648579,False,65,phase_conformal_gated_cnn,0.317310507863,0.05,1.053258615439293,3.57325601461197,charge_bin_conformal68_budget0.05
"charge[4000,8000)",267,1.0180141487752925,False,65,phase_conformal_gated_cnn,0.317310507863,0.05,1.053258615439293,3.57325601461197,charge_bin_conformal68_budget0.05
"charge[40000,80000)",30,1.4671161760386087,False,65,phase_conformal_gated_cnn,0.317310507863,0.05,1.053258615439293,3.57325601461197,charge_bin_conformal68_budget0.05
"charge[8000,14000)",1438,1.02873137900932,False,65,phase_conformal_gated_cnn,0.317310507863,0.05,1.053258615439293,3.57325601461197,charge_bin_conformal68_budget0.05
"charge[1000,4000)",53,1.0465238247551234,False,58,phase_conformal_gated_cnn,0.317310507863,0.1,1.048683758112479,2.9485014075946547,charge_bin_conformal68_budget0.10
"charge[14000,24000)",5888,1.0330362303917278,False,58,phase_conformal_gated_cnn,0.317310507863,0.1,1.048683758112479,2.9485014075946547,charge_bin_conformal68_budget0.10
"charge[24000,40000)",3571,1.103632105684359,False,58,phase_conformal_gated_cnn,0.317310507863,0.1,1.048683758112479,2.9485014075946547,charge_bin_conformal68_budget0.10
"charge[4000,8000)",267,1.0046168265345286,False,58,phase_conformal_gated_cnn,0.317310507863,0.1,1.048683758112479,2.9485014075946547,charge_bin_conformal68_budget0.10
"charge[40000,80000)",29,1.048683758112479,True,58,phase_conformal_gated_cnn,0.317310507863,0.1,1.048683758112479,2.9485014075946547,charge_bin_conformal68_budget0.10
"charge[8000,14000)",1433,1.0202187098741389,False,58,phase_conformal_gated_cnn,0.317310507863,0.1,1.048683758112479,2.9485014075946547,charge_bin_conformal68_budget0.10
"charge[1000,4000)",52,1.0723331944134795,False,59,phase_conformal_gated_cnn,0.317310507863,0.1,1.0504571007903154,2.9758110879832893,charge_bin_conformal68_budget0.10
"charge[14000,24000)",4649,1.0303668510292567,False,59,phase_conformal_gated_cnn,0.317310507863,0.1,1.0504571007903154,2.9758110879832893,charge_bin_conformal68_budget0.10
"charge[24000,40000)",3105,1.1059856020713685,False,59,phase_conformal_gated_cnn,0.317310507863,0.1,1.0504571007903154,2.9758110879832893,charge_bin_conformal68_budget0.10
"charge[4000,8000)",251,1.0258776879446627,False,59,phase_conformal_gated_cnn,0.317310507863,0.1,1.0504571007903154,2.9758110879832893,charge_bin_conformal68_budget0.10
"charge[40000,80000)",27,1.0504571007903154,True,59,phase_conformal_gated_cnn,0.317310507863,0.1,1.0504571007903154,2.9758110879832893,charge_bin_conformal68_budget0.10
"charge[8000,14000)",1087,1.0280345013978531,False,59,phase_conformal_gated_cnn,0.317310507863,0.1,1.0504571007903154,2.9758110879832893,charge_bin_conformal68_budget0.10
"charge[1000,4000)",42,1.0,False,60,phase_conformal_gated_cnn,0.317310507863,0.1,1.0568591817561084,2.875912197985179,charge_bin_conformal68_budget0.10
"charge[14000,24000)",4871,1.0451989452453605,False,60,phase_conformal_gated_cnn,0.317310507863,0.1,1.0568591817561084,2.875912197985179,charge_bin_conformal68_budget0.10
"charge[24000,40000)",2602,1.1336907481824732,False,60,phase_conformal_gated_cnn,0.317310507863,0.1,1.0568591817561084,2.875912197985179,charge_bin_conformal68_budget0.10
"charge[4000,8000)",233,1.0,False,60,phase_conformal_gated_cnn,0.317310507863,0.1,1.0568591817561084,2.875912197985179,charge_bin_conformal68_budget0.10
"charge[40000,80000)",23,1.0568591817561084,True,60,phase_conformal_gated_cnn,0.317310507863,0.1,1.0568591817561084,2.875912197985179,charge_bin_conformal68_budget0.10
"charge[8000,14000)",1265,1.0162792672078225,False,60,phase_conformal_gated_cnn,0.317310507863,0.1,1.0568591817561084,2.875912197985179,charge_bin_conformal68_budget0.10
"charge[1000,4000)",57,1.0719551819839488,False,61,phase_conformal_gated_cnn,0.317310507863,0.1,1.0201456652063652,3.7839285142959826,charge_bin_conformal68_budget0.10
"charge[14000,24000)",4575,1.0,False,61,phase_conformal_gated_cnn,0.317310507863,0.1,1.0201456652063652,3.7839285142959826,charge_bin_conformal68_budget0.10
"charge[24000,40000)",2611,1.0691842024710354,False,61,phase_conformal_gated_cnn,0.317310507863,0.1,1.0201456652063652,3.7839285142959826,charge_bin_conformal68_budget0.10
"charge[4000,8000)",210,1.0,False,61,phase_conformal_gated_cnn,0.317310507863,0.1,1.0201456652063652,3.7839285142959826,charge_bin_conformal68_budget0.10
"charge[40000,80000)",23,1.0201456652063652,True,61,phase_conformal_gated_cnn,0.317310507863,0.1,1.0201456652063652,3.7839285142959826,charge_bin_conformal68_budget0.10
"charge[8000,14000)",1185,1.0151203886393887,False,61,phase_conformal_gated_cnn,0.317310507863,0.1,1.0201456652063652,3.7839285142959826,charge_bin_conformal68_budget0.10
"charge[1000,4000)",52,1.0599896409213523,False,62,phase_conformal_gated_cnn,0.317310507863,0.1,1.0698959968293218,3.0961690746510517,charge_bin_conformal68_budget0.10
"charge[14000,24000)",4678,1.0594358430310953,False,62,phase_conformal_gated_cnn,0.317310507863,0.1,1.0698959968293218,3.0961690746510517,charge_bin_conformal68_budget0.10
"charge[24000,40000)",2904,1.1227145350199856,False,62,phase_conformal_gated_cnn,0.317310507863,0.1,1.0698959968293218,3.0961690746510517,charge_bin_conformal68_budget0.10
"charge[4000,8000)",231,1.0478647304844497,False,62,phase_conformal_gated_cnn,0.317310507863,0.1,1.0698959968293218,3.0961690746510517,charge_bin_conformal68_budget0.10
"charge[40000,80000)",20,1.0698959968293218,True,62,phase_conformal_gated_cnn,0.317310507863,0.1,1.0698959968293218,3.0961690746510517,charge_bin_conformal68_budget0.10
"charge[8000,14000)",1154,1.038612363792237,False,62,phase_conformal_gated_cnn,0.317310507863,0.1,1.0698959968293218,3.0961690746510517,charge_bin_conformal68_budget0.10
"charge[1000,4000)",50,1.108272653264095,False,63,phase_conformal_gated_cnn,0.317310507863,0.1,1.0482227573252167,3.136218988190493,charge_bin_conformal68_budget0.10
"charge[14000,24000)",5395,1.0297811088882804,False,63,phase_conformal_gated_cnn,0.317310507863,0.1,1.0482227573252167,3.136218988190493,charge_bin_conformal68_budget0.10
"charge[24000,40000)",3362,1.0975525229650758,False,63,phase_conformal_gated_cnn,0.317310507863,0.1,1.0482227573252167,3.136218988190493,charge_bin_conformal68_budget0.10
"charge[4000,8000)",251,1.0397770680104994,False,63,phase_conformal_gated_cnn,0.317310507863,0.1,1.0482227573252167,3.136218988190493,charge_bin_conformal68_budget0.10
"charge[40000,80000)",28,1.0482227573252167,True,63,phase_conformal_gated_cnn,0.317310507863,0.1,1.0482227573252167,3.136218988190493,charge_bin_conformal68_budget0.10
"charge[8000,14000)",1264,1.024718442736689,False,63,phase_conformal_gated_cnn,0.317310507863,0.1,1.0482227573252167,3.136218988190493,charge_bin_conformal68_budget0.10
"charge[1000,4000)",54,1.0850628012721801,False,65,phase_conformal_gated_cnn,0.317310507863,0.1,1.053258615439293,2.991005901433831,charge_bin_conformal68_budget0.10
"charge[14000,24000)",5884,1.0359212595529976,False,65,phase_conformal_gated_cnn,0.317310507863,0.1,1.053258615439293,2.991005901433831,charge_bin_conformal68_budget0.10
"charge[24000,40000)",3589,1.10736781648579,False,65,phase_conformal_gated_cnn,0.317310507863,0.1,1.053258615439293,2.991005901433831,charge_bin_conformal68_budget0.10
"charge[4000,8000)",267,1.0180141487752925,False,65,phase_conformal_gated_cnn,0.317310507863,0.1,1.053258615439293,2.991005901433831,charge_bin_conformal68_budget0.10
"charge[40000,80000)",30,1.4671161760386087,False,65,phase_conformal_gated_cnn,0.317310507863,0.1,1.053258615439293,2.991005901433831,charge_bin_conformal68_budget0.10
"charge[8000,14000)",1438,1.02873137900932,False,65,phase_conformal_gated_cnn,0.317310507863,0.1,1.053258615439293,2.991005901433831,charge_bin_conformal68_budget0.10
"charge[1000,4000)",53,1.0465238247551234,False,58,phase_conformal_gated_cnn,0.317310507863,0.2,1.048683758112479,2.4969730968752666,charge_bin_conformal68_budget0.20
"charge[14000,24000)",5888,1.0330362303917278,False,58,phase_conformal_gated_cnn,0.317310507863,0.2,1.048683758112479,2.4969730968752666,charge_bin_conformal68_budget0.20
"charge[24000,40000)",3571,1.103632105684359,False,58,phase_conformal_gated_cnn,0.317310507863,0.2,1.048683758112479,2.4969730968752666,charge_bin_conformal68_budget0.20
"charge[4000,8000)",267,1.0046168265345286,False,58,phase_conformal_gated_cnn,0.317310507863,0.2,1.048683758112479,2.4969730968752666,charge_bin_conformal68_budget0.20
"charge[40000,80000)",29,1.048683758112479,True,58,phase_conformal_gated_cnn,0.317310507863,0.2,1.048683758112479,2.4969730968752666,charge_bin_conformal68_budget0.20
"charge[8000,14000)",1433,1.0202187098741389,False,58,phase_conformal_gated_cnn,0.317310507863,0.2,1.048683758112479,2.4969730968752666,charge_bin_conformal68_budget0.20
"charge[1000,4000)",52,1.0723331944134795,False,59,phase_conformal_gated_cnn,0.317310507863,0.2,1.0504571007903154,2.3939305442965666,charge_bin_conformal68_budget0.20
"charge[14000,24000)",4649,1.0303668510292567,False,59,phase_conformal_gated_cnn,0.317310507863,0.2,1.0504571007903154,2.3939305442965666,charge_bin_conformal68_budget0.20
"charge[24000,40000)",3105,1.1059856020713685,False,59,phase_conformal_gated_cnn,0.317310507863,0.2,1.0504571007903154,2.3939305442965666,charge_bin_conformal68_budget0.20
"charge[4000,8000)",251,1.0258776879446627,False,59,phase_conformal_gated_cnn,0.317310507863,0.2,1.0504571007903154,2.3939305442965666,charge_bin_conformal68_budget0.20
"charge[40000,80000)",27,1.0504571007903154,True,59,phase_conformal_gated_cnn,0.317310507863,0.2,1.0504571007903154,2.3939305442965666,charge_bin_conformal68_budget0.20
"charge[8000,14000)",1087,1.0280345013978531,False,59,phase_conformal_gated_cnn,0.317310507863,0.2,1.0504571007903154,2.3939305442965666,charge_bin_conformal68_budget0.20
"charge[1000,4000)",42,1.0,False,60,phase_conformal_gated_cnn,0.317310507863,0.2,1.0568591817561084,2.370742518641664,charge_bin_conformal68_budget0.20
"charge[14000,24000)",4871,1.0451989452453605,False,60,phase_conformal_gated_cnn,0.317310507863,0.2,1.0568591817561084,2.370742518641664,charge_bin_conformal68_budget0.20
"charge[24000,40000)",2602,1.1336907481824732,False,60,phase_conformal_gated_cnn,0.317310507863,0.2,1.0568591817561084,2.370742518641664,charge_bin_conformal68_budget0.20
"charge[4000,8000)",233,1.0,False,60,phase_conformal_gated_cnn,0.317310507863,0.2,1.0568591817561084,2.370742518641664,charge_bin_conformal68_budget0.20
"charge[40000,80000)",23,1.0568591817561084,True,60,phase_conformal_gated_cnn,0.317310507863,0.2,1.0568591817561084,2.370742518641664,charge_bin_conformal68_budget0.20
"charge[8000,14000)",1265,1.0162792672078225,False,60,phase_conformal_gated_cnn,0.317310507863,0.2,1.0568591817561084,2.370742518641664,charge_bin_conformal68_budget0.20
"charge[1000,4000)",57,1.0719551819839488,False,61,phase_conformal_gated_cnn,0.317310507863,0.2,1.0201456652063652,3.0395523198282834,charge_bin_conformal68_budget0.20
"charge[14000,24000)",4575,1.0,False,61,phase_conformal_gated_cnn,0.317310507863,0.2,1.0201456652063652,3.0395523198282834,charge_bin_conformal68_budget0.20
"charge[24000,40000)",2611,1.0691842024710354,False,61,phase_conformal_gated_cnn,0.317310507863,0.2,1.0201456652063652,3.0395523198282834,charge_bin_conformal68_budget0.20
"charge[4000,8000)",210,1.0,False,61,phase_conformal_gated_cnn,0.317310507863,0.2,1.0201456652063652,3.0395523198282834,charge_bin_conformal68_budget0.20
"charge[40000,80000)",23,1.0201456652063652,True,61,phase_conformal_gated_cnn,0.317310507863,0.2,1.0201456652063652,3.0395523198282834,charge_bin_conformal68_budget0.20
"charge[8000,14000)",1185,1.0151203886393887,False,61,phase_conformal_gated_cnn,0.317310507863,0.2,1.0201456652063652,3.0395523198282834,charge_bin_conformal68_budget0.20
"charge[1000,4000)",52,1.0599896409213523,False,62,phase_conformal_gated_cnn,0.317310507863,0.2,1.0698959968293218,2.4954141591880794,charge_bin_conformal68_budget0.20
"charge[14000,24000)",4678,1.0594358430310953,False,62,phase_conformal_gated_cnn,0.317310507863,0.2,1.0698959968293218,2.4954141591880794,charge_bin_conformal68_budget0.20
"charge[24000,40000)",2904,1.1227145350199856,False,62,phase_conformal_gated_cnn,0.317310507863,0.2,1.0698959968293218,2.4954141591880794,charge_bin_conformal68_budget0.20
"charge[4000,8000)",231,1.0478647304844497,False,62,phase_conformal_gated_cnn,0.317310507863,0.2,1.0698959968293218,2.4954141591880794,charge_bin_conformal68_budget0.20
"charge[40000,80000)",20,1.0698959968293218,True,62,phase_conformal_gated_cnn,0.317310507863,0.2,1.0698959968293218,2.4954141591880794,charge_bin_conformal68_budget0.20
"charge[8000,14000)",1154,1.038612363792237,False,62,phase_conformal_gated_cnn,0.317310507863,0.2,1.0698959968293218,2.4954141591880794,charge_bin_conformal68_budget0.20
"charge[1000,4000)",50,1.108272653264095,False,63,phase_conformal_gated_cnn,0.317310507863,0.2,1.0482227573252167,2.548727786658577,charge_bin_conformal68_budget0.20
"charge[14000,24000)",5395,1.0297811088882804,False,63,phase_conformal_gated_cnn,0.317310507863,0.2,1.0482227573252167,2.548727786658577,charge_bin_conformal68_budget0.20
"charge[24000,40000)",3362,1.0975525229650758,False,63,phase_conformal_gated_cnn,0.317310507863,0.2,1.0482227573252167,2.548727786658577,charge_bin_conformal68_budget0.20
"charge[4000,8000)",251,1.0397770680104994,False,63,phase_conformal_gated_cnn,0.317310507863,0.2,1.0482227573252167,2.548727786658577,charge_bin_conformal68_budget0.20
"charge[40000,80000)",28,1.0482227573252167,True,63,phase_conformal_gated_cnn,0.317310507863,0.2,1.0482227573252167,2.548727786658577,charge_bin_conformal68_budget0.20
"charge[8000,14000)",1264,1.024718442736689,False,63,phase_conformal_gated_cnn,0.317310507863,0.2,1.0482227573252167,2.548727786658577,charge_bin_conformal68_budget0.20
"charge[1000,4000)",54,1.0850628012721801,False,65,phase_conformal_gated_cnn,0.317310507863,0.2,1.053258615439293,2.631326214863726,charge_bin_conformal68_budget0.20
"charge[14000,24000)",5884,1.0359212595529976,False,65,phase_conformal_gated_cnn,0.317310507863,0.2,1.053258615439293,2.631326214863726,charge_bin_conformal68_budget0.20
"charge[24000,40000)",3589,1.10736781648579,False,65,phase_conformal_gated_cnn,0.317310507863,0.2,1.053258615439293,2.631326214863726,charge_bin_conformal68_budget0.20
"charge[4000,8000)",267,1.0180141487752925,False,65,phase_conformal_gated_cnn,0.317310507863,0.2,1.053258615439293,2.631326214863726,charge_bin_conformal68_budget0.20
"charge[40000,80000)",30,1.4671161760386087,False,65,phase_conformal_gated_cnn,0.317310507863,0.2,1.053258615439293,2.631326214863726,charge_bin_conformal68_budget0.20
"charge[8000,14000)",1438,1.02873137900932,False,65,phase_conformal_gated_cnn,0.317310507863,0.2,1.053258615439293,2.631326214863726,charge_bin_conformal68_budget0.20
"charge[1000,4000)",53,1.6208173911119534,False,58,phase_conformal_gated_cnn,0.05,0.0,1.8090363062217245,inf,charge_bin_conformal95_budget0.00
"charge[14000,24000)",5888,1.735244513346966,False,58,phase_conformal_gated_cnn,0.05,0.0,1.8090363062217245,inf,charge_bin_conformal95_budget0.00
"charge[24000,40000)",3571,2.072743900967435,False,58,phase_conformal_gated_cnn,0.05,0.0,1.8090363062217245,inf,charge_bin_conformal95_budget0.00
"charge[4000,8000)",267,1.7091720043139882,False,58,phase_conformal_gated_cnn,0.05,0.0,1.8090363062217245,inf,charge_bin_conformal95_budget0.00
"charge[40000,80000)",29,1.8090363062217245,True,58,phase_conformal_gated_cnn,0.05,0.0,1.8090363062217245,inf,charge_bin_conformal95_budget0.00
"charge[8000,14000)",1433,1.5867480225512012,False,58,phase_conformal_gated_cnn,0.05,0.0,1.8090363062217245,inf,charge_bin_conformal95_budget0.00
"charge[1000,4000)",52,1.4631661034694974,False,59,phase_conformal_gated_cnn,0.05,0.0,1.783597948454833,inf,charge_bin_conformal95_budget0.00
"charge[14000,24000)",4649,1.7032995689791586,False,59,phase_conformal_gated_cnn,0.05,0.0,1.783597948454833,inf,charge_bin_conformal95_budget0.00
"charge[24000,40000)",3105,2.011264631057427,False,59,phase_conformal_gated_cnn,0.05,0.0,1.783597948454833,inf,charge_bin_conformal95_budget0.00
"charge[4000,8000)",251,1.688485047559354,False,59,phase_conformal_gated_cnn,0.05,0.0,1.783597948454833,inf,charge_bin_conformal95_budget0.00
"charge[40000,80000)",27,1.783597948454833,True,59,phase_conformal_gated_cnn,0.05,0.0,1.783597948454833,inf,charge_bin_conformal95_budget0.00
"charge[8000,14000)",1087,1.545845048867424,False,59,phase_conformal_gated_cnn,0.05,0.0,1.783597948454833,inf,charge_bin_conformal95_budget0.00
"charge[1000,4000)",42,1.3884491714282194,False,60,phase_conformal_gated_cnn,0.05,0.0,1.8213652547977737,inf,charge_bin_conformal95_budget0.00
"charge[14000,24000)",4871,1.7395170968868983,False,60,phase_conformal_gated_cnn,0.05,0.0,1.8213652547977737,inf,charge_bin_conformal95_budget0.00
"charge[24000,40000)",2602,2.0911009468987003,False,60,phase_conformal_gated_cnn,0.05,0.0,1.8213652547977737,inf,charge_bin_conformal95_budget0.00
"charge[4000,8000)",233,1.628032395516291,False,60,phase_conformal_gated_cnn,0.05,0.0,1.8213652547977737,inf,charge_bin_conformal95_budget0.00
"charge[40000,80000)",23,1.8213652547977737,True,60,phase_conformal_gated_cnn,0.05,0.0,1.8213652547977737,inf,charge_bin_conformal95_budget0.00
"charge[8000,14000)",1265,1.5798975411066984,False,60,phase_conformal_gated_cnn,0.05,0.0,1.8213652547977737,inf,charge_bin_conformal95_budget0.00
"charge[1000,4000)",57,1.5450831858507856,False,61,phase_conformal_gated_cnn,0.05,0.0,1.8367337953560272,inf,charge_bin_conformal95_budget0.00
"charge[14000,24000)",4575,1.7532444540889256,False,61,phase_conformal_gated_cnn,0.05,0.0,1.8367337953560272,inf,charge_bin_conformal95_budget0.00
"charge[24000,40000)",2611,2.116734149046197,False,61,phase_conformal_gated_cnn,0.05,0.0,1.8367337953560272,inf,charge_bin_conformal95_budget0.00
"charge[4000,8000)",210,1.7006952197058576,False,61,phase_conformal_gated_cnn,0.05,0.0,1.8367337953560272,inf,charge_bin_conformal95_budget0.00
"charge[40000,80000)",23,1.8367337953560272,True,61,phase_conformal_gated_cnn,0.05,0.0,1.8367337953560272,inf,charge_bin_conformal95_budget0.00
"charge[8000,14000)",1185,1.6456024270408525,False,61,phase_conformal_gated_cnn,0.05,0.0,1.8367337953560272,inf,charge_bin_conformal95_budget0.00
"charge[1000,4000)",52,1.4631661034694974,False,62,phase_conformal_gated_cnn,0.05,0.0,1.7751133086254043,inf,charge_bin_conformal95_budget0.00
"charge[14000,24000)",4678,1.722326863000101,False,62,phase_conformal_gated_cnn,0.05,0.0,1.7751133086254043,inf,charge_bin_conformal95_budget0.00
"charge[24000,40000)",2904,1.9690163228105888,False,62,phase_conformal_gated_cnn,0.05,0.0,1.7751133086254043,inf,charge_bin_conformal95_budget0.00
"charge[4000,8000)",231,1.7309266831339354,False,62,phase_conformal_gated_cnn,0.05,0.0,1.7751133086254043,inf,charge_bin_conformal95_budget0.00
"charge[40000,80000)",20,1.7751133086254043,True,62,phase_conformal_gated_cnn,0.05,0.0,1.7751133086254043,inf,charge_bin_conformal95_budget0.00
"charge[8000,14000)",1154,1.6569399369897015,False,62,phase_conformal_gated_cnn,0.05,0.0,1.7751133086254043,inf,charge_bin_conformal95_budget0.00
"charge[1000,4000)",50,1.677618045057828,False,63,phase_conformal_gated_cnn,0.05,0.0,1.8121510559201865,inf,charge_bin_conformal95_budget0.00
"charge[14000,24000)",5395,1.7326109072631874,False,63,phase_conformal_gated_cnn,0.05,0.0,1.8121510559201865,inf,charge_bin_conformal95_budget0.00
"charge[24000,40000)",3362,2.0803277723239106,False,63,phase_conformal_gated_cnn,0.05,0.0,1.8121510559201865,inf,charge_bin_conformal95_budget0.00
"charge[4000,8000)",251,1.7309266831339354,False,63,phase_conformal_gated_cnn,0.05,0.0,1.8121510559201865,inf,charge_bin_conformal95_budget0.00
"charge[40000,80000)",28,1.8121510559201865,True,63,phase_conformal_gated_cnn,0.05,0.0,1.8121510559201865,inf,charge_bin_conformal95_budget0.00
"charge[8000,14000)",1264,1.5873552027342162,False,63,phase_conformal_gated_cnn,0.05,0.0,1.8121510559201865,inf,charge_bin_conformal95_budget0.00
"charge[1000,4000)",54,1.6018838397966602,False,65,phase_conformal_gated_cnn,0.05,0.0,1.8163449323929701,inf,charge_bin_conformal95_budget0.00
"charge[14000,24000)",5884,1.7371161502681856,False,65,phase_conformal_gated_cnn,0.05,0.0,1.8163449323929701,inf,charge_bin_conformal95_budget0.00
"charge[24000,40000)",3589,2.062518175671055,False,65,phase_conformal_gated_cnn,0.05,0.0,1.8163449323929701,inf,charge_bin_conformal95_budget0.00
"charge[4000,8000)",267,1.7370931855441538,False,65,phase_conformal_gated_cnn,0.05,0.0,1.8163449323929701,inf,charge_bin_conformal95_budget0.00
"charge[40000,80000)",30,4.958252887576313,False,65,phase_conformal_gated_cnn,0.05,0.0,1.8163449323929701,inf,charge_bin_conformal95_budget0.00
"charge[8000,14000)",1438,1.610104862567296,False,65,phase_conformal_gated_cnn,0.05,0.0,1.8163449323929701,inf,charge_bin_conformal95_budget0.00
"charge[1000,4000)",53,1.6208173911119534,False,58,phase_conformal_gated_cnn,0.05,0.05,1.8090363062217245,6.466758938874768,charge_bin_conformal95_budget0.05
"charge[14000,24000)",5888,1.735244513346966,False,58,phase_conformal_gated_cnn,0.05,0.05,1.8090363062217245,6.466758938874768,charge_bin_conformal95_budget0.05
"charge[24000,40000)",3571,2.072743900967435,False,58,phase_conformal_gated_cnn,0.05,0.05,1.8090363062217245,6.466758938874768,charge_bin_conformal95_budget0.05
"charge[4000,8000)",267,1.7091720043139882,False,58,phase_conformal_gated_cnn,0.05,0.05,1.8090363062217245,6.466758938874768,charge_bin_conformal95_budget0.05
"charge[40000,80000)",29,1.8090363062217245,True,58,phase_conformal_gated_cnn,0.05,0.05,1.8090363062217245,6.466758938874768,charge_bin_conformal95_budget0.05
"charge[8000,14000)",1433,1.5867480225512012,False,58,phase_conformal_gated_cnn,0.05,0.05,1.8090363062217245,6.466758938874768,charge_bin_conformal95_budget0.05
"charge[1000,4000)",52,1.4631661034694974,False,59,phase_conformal_gated_cnn,0.05,0.05,1.783597948454833,5.723477225131532,charge_bin_conformal95_budget0.05
"charge[14000,24000)",4649,1.7032995689791586,False,59,phase_conformal_gated_cnn,0.05,0.05,1.783597948454833,5.723477225131532,charge_bin_conformal95_budget0.05
"charge[24000,40000)",3105,2.011264631057427,False,59,phase_conformal_gated_cnn,0.05,0.05,1.783597948454833,5.723477225131532,charge_bin_conformal95_budget0.05
"charge[4000,8000)",251,1.688485047559354,False,59,phase_conformal_gated_cnn,0.05,0.05,1.783597948454833,5.723477225131532,charge_bin_conformal95_budget0.05
"charge[40000,80000)",27,1.783597948454833,True,59,phase_conformal_gated_cnn,0.05,0.05,1.783597948454833,5.723477225131532,charge_bin_conformal95_budget0.05
"charge[8000,14000)",1087,1.545845048867424,False,59,phase_conformal_gated_cnn,0.05,0.05,1.783597948454833,5.723477225131532,charge_bin_conformal95_budget0.05
"charge[1000,4000)",42,1.3884491714282194,False,60,phase_conformal_gated_cnn,0.05,0.05,1.8213652547977737,6.006776848322989,charge_bin_conformal95_budget0.05
"charge[14000,24000)",4871,1.7395170968868983,False,60,phase_conformal_gated_cnn,0.05,0.05,1.8213652547977737,6.006776848322989,charge_bin_conformal95_budget0.05
"charge[24000,40000)",2602,2.0911009468987003,False,60,phase_conformal_gated_cnn,0.05,0.05,1.8213652547977737,6.006776848322989,charge_bin_conformal95_budget0.05
"charge[4000,8000)",233,1.628032395516291,False,60,phase_conformal_gated_cnn,0.05,0.05,1.8213652547977737,6.006776848322989,charge_bin_conformal95_budget0.05
"charge[40000,80000)",23,1.8213652547977737,True,60,phase_conformal_gated_cnn,0.05,0.05,1.8213652547977737,6.006776848322989,charge_bin_conformal95_budget0.05
"charge[8000,14000)",1265,1.5798975411066984,False,60,phase_conformal_gated_cnn,0.05,0.05,1.8213652547977737,6.006776848322989,charge_bin_conformal95_budget0.05
"charge[1000,4000)",57,1.5450831858507856,False,61,phase_conformal_gated_cnn,0.05,0.05,1.8367337953560272,8.055646051274097,charge_bin_conformal95_budget0.05
"charge[14000,24000)",4575,1.7532444540889256,False,61,phase_conformal_gated_cnn,0.05,0.05,1.8367337953560272,8.055646051274097,charge_bin_conformal95_budget0.05
"charge[24000,40000)",2611,2.116734149046197,False,61,phase_conformal_gated_cnn,0.05,0.05,1.8367337953560272,8.055646051274097,charge_bin_conformal95_budget0.05
"charge[4000,8000)",210,1.7006952197058576,False,61,phase_conformal_gated_cnn,0.05,0.05,1.8367337953560272,8.055646051274097,charge_bin_conformal95_budget0.05
"charge[40000,80000)",23,1.8367337953560272,True,61,phase_conformal_gated_cnn,0.05,0.05,1.8367337953560272,8.055646051274097,charge_bin_conformal95_budget0.05
"charge[8000,14000)",1185,1.6456024270408525,False,61,phase_conformal_gated_cnn,0.05,0.05,1.8367337953560272,8.055646051274097,charge_bin_conformal95_budget0.05
"charge[1000,4000)",52,1.4631661034694974,False,62,phase_conformal_gated_cnn,0.05,0.05,1.7751133086254043,5.862774640271656,charge_bin_conformal95_budget0.05
"charge[14000,24000)",4678,1.722326863000101,False,62,phase_conformal_gated_cnn,0.05,0.05,1.7751133086254043,5.862774640271656,charge_bin_conformal95_budget0.05
"charge[24000,40000)",2904,1.9690163228105888,False,62,phase_conformal_gated_cnn,0.05,0.05,1.7751133086254043,5.862774640271656,charge_bin_conformal95_budget0.05
"charge[4000,8000)",231,1.7309266831339354,False,62,phase_conformal_gated_cnn,0.05,0.05,1.7751133086254043,5.862774640271656,charge_bin_conformal95_budget0.05
"charge[40000,80000)",20,1.7751133086254043,True,62,phase_conformal_gated_cnn,0.05,0.05,1.7751133086254043,5.862774640271656,charge_bin_conformal95_budget0.05
"charge[8000,14000)",1154,1.6569399369897015,False,62,phase_conformal_gated_cnn,0.05,0.05,1.7751133086254043,5.862774640271656,charge_bin_conformal95_budget0.05
"charge[1000,4000)",50,1.677618045057828,False,63,phase_conformal_gated_cnn,0.05,0.05,1.8121510559201865,6.422699059586012,charge_bin_conformal95_budget0.05
"charge[14000,24000)",5395,1.7326109072631874,False,63,phase_conformal_gated_cnn,0.05,0.05,1.8121510559201865,6.422699059586012,charge_bin_conformal95_budget0.05
"charge[24000,40000)",3362,2.0803277723239106,False,63,phase_conformal_gated_cnn,0.05,0.05,1.8121510559201865,6.422699059586012,charge_bin_conformal95_budget0.05
"charge[4000,8000)",251,1.7309266831339354,False,63,phase_conformal_gated_cnn,0.05,0.05,1.8121510559201865,6.422699059586012,charge_bin_conformal95_budget0.05
"charge[40000,80000)",28,1.8121510559201865,True,63,phase_conformal_gated_cnn,0.05,0.05,1.8121510559201865,6.422699059586012,charge_bin_conformal95_budget0.05
"charge[8000,14000)",1264,1.5873552027342162,False,63,phase_conformal_gated_cnn,0.05,0.05,1.8121510559201865,6.422699059586012,charge_bin_conformal95_budget0.05
"charge[1000,4000)",54,1.6018838397966602,False,65,phase_conformal_gated_cnn,0.05,0.05,1.8163449323929701,6.062565437733005,charge_bin_conformal95_budget0.05
"charge[14000,24000)",5884,1.7371161502681856,False,65,phase_conformal_gated_cnn,0.05,0.05,1.8163449323929701,6.062565437733005,charge_bin_conformal95_budget0.05
"charge[24000,40000)",3589,2.062518175671055,False,65,phase_conformal_gated_cnn,0.05,0.05,1.8163449323929701,6.062565437733005,charge_bin_conformal95_budget0.05
"charge[4000,8000)",267,1.7370931855441538,False,65,phase_conformal_gated_cnn,0.05,0.05,1.8163449323929701,6.062565437733005,charge_bin_conformal95_budget0.05
"charge[40000,80000)",30,4.958252887576313,False,65,phase_conformal_gated_cnn,0.05,0.05,1.8163449323929701,6.062565437733005,charge_bin_conformal95_budget0.05
"charge[8000,14000)",1438,1.610104862567296,False,65,phase_conformal_gated_cnn,0.05,0.05,1.8163449323929701,6.062565437733005,charge_bin_conformal95_budget0.05
"charge[1000,4000)",53,1.6208173911119534,False,58,phase_conformal_gated_cnn,0.05,0.1,1.8090363062217245,5.102402274203243,charge_bin_conformal95_budget0.10
"charge[14000,24000)",5888,1.735244513346966,False,58,phase_conformal_gated_cnn,0.05,0.1,1.8090363062217245,5.102402274203243,charge_bin_conformal95_budget0.10
"charge[24000,40000)",3571,2.072743900967435,False,58,phase_conformal_gated_cnn,0.05,0.1,1.8090363062217245,5.102402274203243,charge_bin_conformal95_budget0.10
"charge[4000,8000)",267,1.7091720043139882,False,58,phase_conformal_gated_cnn,0.05,0.1,1.8090363062217245,5.102402274203243,charge_bin_conformal95_budget0.10
"charge[40000,80000)",29,1.8090363062217245,True,58,phase_conformal_gated_cnn,0.05,0.1,1.8090363062217245,5.102402274203243,charge_bin_conformal95_budget0.10
"charge[8000,14000)",1433,1.5867480225512012,False,58,phase_conformal_gated_cnn,0.05,0.1,1.8090363062217245,5.102402274203243,charge_bin_conformal95_budget0.10
"charge[1000,4000)",52,1.4631661034694974,False,59,phase_conformal_gated_cnn,0.05,0.1,1.783597948454833,4.909461546762169,charge_bin_conformal95_budget0.10
"charge[14000,24000)",4649,1.7032995689791586,False,59,phase_conformal_gated_cnn,0.05,0.1,1.783597948454833,4.909461546762169,charge_bin_conformal95_budget0.10
"charge[24000,40000)",3105,2.011264631057427,False,59,phase_conformal_gated_cnn,0.05,0.1,1.783597948454833,4.909461546762169,charge_bin_conformal95_budget0.10
"charge[4000,8000)",251,1.688485047559354,False,59,phase_conformal_gated_cnn,0.05,0.1,1.783597948454833,4.909461546762169,charge_bin_conformal95_budget0.10
"charge[40000,80000)",27,1.783597948454833,True,59,phase_conformal_gated_cnn,0.05,0.1,1.783597948454833,4.909461546762169,charge_bin_conformal95_budget0.10
"charge[8000,14000)",1087,1.545845048867424,False,59,phase_conformal_gated_cnn,0.05,0.1,1.783597948454833,4.909461546762169,charge_bin_conformal95_budget0.10
"charge[1000,4000)",42,1.3884491714282194,False,60,phase_conformal_gated_cnn,0.05,0.1,1.8213652547977737,4.969692535011435,charge_bin_conformal95_budget0.10
"charge[14000,24000)",4871,1.7395170968868983,False,60,phase_conformal_gated_cnn,0.05,0.1,1.8213652547977737,4.969692535011435,charge_bin_conformal95_budget0.10
"charge[24000,40000)",2602,2.0911009468987003,False,60,phase_conformal_gated_cnn,0.05,0.1,1.8213652547977737,4.969692535011435,charge_bin_conformal95_budget0.10
"charge[4000,8000)",233,1.628032395516291,False,60,phase_conformal_gated_cnn,0.05,0.1,1.8213652547977737,4.969692535011435,charge_bin_conformal95_budget0.10
"charge[40000,80000)",23,1.8213652547977737,True,60,phase_conformal_gated_cnn,0.05,0.1,1.8213652547977737,4.969692535011435,charge_bin_conformal95_budget0.10
"charge[8000,14000)",1265,1.5798975411066984,False,60,phase_conformal_gated_cnn,0.05,0.1,1.8213652547977737,4.969692535011435,charge_bin_conformal95_budget0.10
"charge[1000,4000)",57,1.5450831858507856,False,61,phase_conformal_gated_cnn,0.05,0.1,1.8367337953560272,6.972753331448466,charge_bin_conformal95_budget0.10
"charge[14000,24000)",4575,1.7532444540889256,False,61,phase_conformal_gated_cnn,0.05,0.1,1.8367337953560272,6.972753331448466,charge_bin_conformal95_budget0.10
"charge[24000,40000)",2611,2.116734149046197,False,61,phase_conformal_gated_cnn,0.05,0.1,1.8367337953560272,6.972753331448466,charge_bin_conformal95_budget0.10
"charge[4000,8000)",210,1.7006952197058576,False,61,phase_conformal_gated_cnn,0.05,0.1,1.8367337953560272,6.972753331448466,charge_bin_conformal95_budget0.10
"charge[40000,80000)",23,1.8367337953560272,True,61,phase_conformal_gated_cnn,0.05,0.1,1.8367337953560272,6.972753331448466,charge_bin_conformal95_budget0.10
"charge[8000,14000)",1185,1.6456024270408525,False,61,phase_conformal_gated_cnn,0.05,0.1,1.8367337953560272,6.972753331448466,charge_bin_conformal95_budget0.10
"charge[1000,4000)",52,1.4631661034694974,False,62,phase_conformal_gated_cnn,0.05,0.1,1.7751133086254043,5.133694311954466,charge_bin_conformal95_budget0.10
"charge[14000,24000)",4678,1.722326863000101,False,62,phase_conformal_gated_cnn,0.05,0.1,1.7751133086254043,5.133694311954466,charge_bin_conformal95_budget0.10
"charge[24000,40000)",2904,1.9690163228105888,False,62,phase_conformal_gated_cnn,0.05,0.1,1.7751133086254043,5.133694311954466,charge_bin_conformal95_budget0.10
"charge[4000,8000)",231,1.7309266831339354,False,62,phase_conformal_gated_cnn,0.05,0.1,1.7751133086254043,5.133694311954466,charge_bin_conformal95_budget0.10
"charge[40000,80000)",20,1.7751133086254043,True,62,phase_conformal_gated_cnn,0.05,0.1,1.7751133086254043,5.133694311954466,charge_bin_conformal95_budget0.10
"charge[8000,14000)",1154,1.6569399369897015,False,62,phase_conformal_gated_cnn,0.05,0.1,1.7751133086254043,5.133694311954466,charge_bin_conformal95_budget0.10
"charge[1000,4000)",50,1.677618045057828,False,63,phase_conformal_gated_cnn,0.05,0.1,1.8121510559201865,5.416583814023255,charge_bin_conformal95_budget0.10
"charge[14000,24000)",5395,1.7326109072631874,False,63,phase_conformal_gated_cnn,0.05,0.1,1.8121510559201865,5.416583814023255,charge_bin_conformal95_budget0.10
"charge[24000,40000)",3362,2.0803277723239106,False,63,phase_conformal_gated_cnn,0.05,0.1,1.8121510559201865,5.416583814023255,charge_bin_conformal95_budget0.10
"charge[4000,8000)",251,1.7309266831339354,False,63,phase_conformal_gated_cnn,0.05,0.1,1.8121510559201865,5.416583814023255,charge_bin_conformal95_budget0.10
"charge[40000,80000)",28,1.8121510559201865,True,63,phase_conformal_gated_cnn,0.05,0.1,1.8121510559201865,5.416583814023255,charge_bin_conformal95_budget0.10
"charge[8000,14000)",1264,1.5873552027342162,False,63,phase_conformal_gated_cnn,0.05,0.1,1.8121510559201865,5.416583814023255,charge_bin_conformal95_budget0.10
"charge[1000,4000)",54,1.6018838397966602,False,65,phase_conformal_gated_cnn,0.05,0.1,1.8163449323929701,5.021577600562225,charge_bin_conformal95_budget0.10
"charge[14000,24000)",5884,1.7371161502681856,False,65,phase_conformal_gated_cnn,0.05,0.1,1.8163449323929701,5.021577600562225,charge_bin_conformal95_budget0.10
"charge[24000,40000)",3589,2.062518175671055,False,65,phase_conformal_gated_cnn,0.05,0.1,1.8163449323929701,5.021577600562225,charge_bin_conformal95_budget0.10
"charge[4000,8000)",267,1.7370931855441538,False,65,phase_conformal_gated_cnn,0.05,0.1,1.8163449323929701,5.021577600562225,charge_bin_conformal95_budget0.10
"charge[40000,80000)",30,4.958252887576313,False,65,phase_conformal_gated_cnn,0.05,0.1,1.8163449323929701,5.021577600562225,charge_bin_conformal95_budget0.10
"charge[8000,14000)",1438,1.610104862567296,False,65,phase_conformal_gated_cnn,0.05,0.1,1.8163449323929701,5.021577600562225,charge_bin_conformal95_budget0.10
"charge[1000,4000)",53,1.6208173911119534,False,58,phase_conformal_gated_cnn,0.05,0.2,1.8090363062217245,4.23688569847675,charge_bin_conformal95_budget0.20
"charge[14000,24000)",5888,1.735244513346966,False,58,phase_conformal_gated_cnn,0.05,0.2,1.8090363062217245,4.23688569847675,charge_bin_conformal95_budget0.20
"charge[24000,40000)",3571,2.072743900967435,False,58,phase_conformal_gated_cnn,0.05,0.2,1.8090363062217245,4.23688569847675,charge_bin_conformal95_budget0.20
"charge[4000,8000)",267,1.7091720043139882,False,58,phase_conformal_gated_cnn,0.05,0.2,1.8090363062217245,4.23688569847675,charge_bin_conformal95_budget0.20
"charge[40000,80000)",29,1.8090363062217245,True,58,phase_conformal_gated_cnn,0.05,0.2,1.8090363062217245,4.23688569847675,charge_bin_conformal95_budget0.20
"charge[8000,14000)",1433,1.5867480225512012,False,58,phase_conformal_gated_cnn,0.05,0.2,1.8090363062217245,4.23688569847675,charge_bin_conformal95_budget0.20
"charge[1000,4000)",52,1.4631661034694974,False,59,phase_conformal_gated_cnn,0.05,0.2,1.783597948454833,3.9658879640422673,charge_bin_conformal95_budget0.20
"charge[14000,24000)",4649,1.7032995689791586,False,59,phase_conformal_gated_cnn,0.05,0.2,1.783597948454833,3.9658879640422673,charge_bin_conformal95_budget0.20
"charge[24000,40000)",3105,2.011264631057427,False,59,phase_conformal_gated_cnn,0.05,0.2,1.783597948454833,3.9658879640422673,charge_bin_conformal95_budget0.20
"charge[4000,8000)",251,1.688485047559354,False,59,phase_conformal_gated_cnn,0.05,0.2,1.783597948454833,3.9658879640422673,charge_bin_conformal95_budget0.20
"charge[40000,80000)",27,1.783597948454833,True,59,phase_conformal_gated_cnn,0.05,0.2,1.783597948454833,3.9658879640422673,charge_bin_conformal95_budget0.20
"charge[8000,14000)",1087,1.545845048867424,False,59,phase_conformal_gated_cnn,0.05,0.2,1.783597948454833,3.9658879640422673,charge_bin_conformal95_budget0.20
"charge[1000,4000)",42,1.3884491714282194,False,60,phase_conformal_gated_cnn,0.05,0.2,1.8213652547977737,4.067765076455747,charge_bin_conformal95_budget0.20
"charge[14000,24000)",4871,1.7395170968868983,False,60,phase_conformal_gated_cnn,0.05,0.2,1.8213652547977737,4.067765076455747,charge_bin_conformal95_budget0.20
"charge[24000,40000)",2602,2.0911009468987003,False,60,phase_conformal_gated_cnn,0.05,0.2,1.8213652547977737,4.067765076455747,charge_bin_conformal95_budget0.20
"charge[4000,8000)",233,1.628032395516291,False,60,phase_conformal_gated_cnn,0.05,0.2,1.8213652547977737,4.067765076455747,charge_bin_conformal95_budget0.20
"charge[40000,80000)",23,1.8213652547977737,True,60,phase_conformal_gated_cnn,0.05,0.2,1.8213652547977737,4.067765076455747,charge_bin_conformal95_budget0.20
"charge[8000,14000)",1265,1.5798975411066984,False,60,phase_conformal_gated_cnn,0.05,0.2,1.8213652547977737,4.067765076455747,charge_bin_conformal95_budget0.20
"charge[1000,4000)",57,1.5450831858507856,False,61,phase_conformal_gated_cnn,0.05,0.2,1.8367337953560272,5.473910763560029,charge_bin_conformal95_budget0.20
"charge[14000,24000)",4575,1.7532444540889256,False,61,phase_conformal_gated_cnn,0.05,0.2,1.8367337953560272,5.473910763560029,charge_bin_conformal95_budget0.20
"charge[24000,40000)",2611,2.116734149046197,False,61,phase_conformal_gated_cnn,0.05,0.2,1.8367337953560272,5.473910763560029,charge_bin_conformal95_budget0.20
"charge[4000,8000)",210,1.7006952197058576,False,61,phase_conformal_gated_cnn,0.05,0.2,1.8367337953560272,5.473910763560029,charge_bin_conformal95_budget0.20
"charge[40000,80000)",23,1.8367337953560272,True,61,phase_conformal_gated_cnn,0.05,0.2,1.8367337953560272,5.473910763560029,charge_bin_conformal95_budget0.20
"charge[8000,14000)",1185,1.6456024270408525,False,61,phase_conformal_gated_cnn,0.05,0.2,1.8367337953560272,5.473910763560029,charge_bin_conformal95_budget0.20
"charge[1000,4000)",52,1.4631661034694974,False,62,phase_conformal_gated_cnn,0.05,0.2,1.7751133086254043,4.125440781073831,charge_bin_conformal95_budget0.20
"charge[14000,24000)",4678,1.722326863000101,False,62,phase_conformal_gated_cnn,0.05,0.2,1.7751133086254043,4.125440781073831,charge_bin_conformal95_budget0.20
"charge[24000,40000)",2904,1.9690163228105888,False,62,phase_conformal_gated_cnn,0.05,0.2,1.7751133086254043,4.125440781073831,charge_bin_conformal95_budget0.20
"charge[4000,8000)",231,1.7309266831339354,False,62,phase_conformal_gated_cnn,0.05,0.2,1.7751133086254043,4.125440781073831,charge_bin_conformal95_budget0.20
"charge[40000,80000)",20,1.7751133086254043,True,62,phase_conformal_gated_cnn,0.05,0.2,1.7751133086254043,4.125440781073831,charge_bin_conformal95_budget0.20
"charge[8000,14000)",1154,1.6569399369897015,False,62,phase_conformal_gated_cnn,0.05,0.2,1.7751133086254043,4.125440781073831,charge_bin_conformal95_budget0.20
"charge[1000,4000)",50,1.677618045057828,False,63,phase_conformal_gated_cnn,0.05,0.2,1.8121510559201865,4.289156944252439,charge_bin_conformal95_budget0.20
"charge[14000,24000)",5395,1.7326109072631874,False,63,phase_conformal_gated_cnn,0.05,0.2,1.8121510559201865,4.289156944252439,charge_bin_conformal95_budget0.20
"charge[24000,40000)",3362,2.0803277723239106,False,63,phase_conformal_gated_cnn,0.05,0.2,1.8121510559201865,4.289156944252439,charge_bin_conformal95_budget0.20
"charge[4000,8000)",251,1.7309266831339354,False,63,phase_conformal_gated_cnn,0.05,0.2,1.8121510559201865,4.289156944252439,charge_bin_conformal95_budget0.20
"charge[40000,80000)",28,1.8121510559201865,True,63,phase_conformal_gated_cnn,0.05,0.2,1.8121510559201865,4.289156944252439,charge_bin_conformal95_budget0.20
"charge[8000,14000)",1264,1.5873552027342162,False,63,phase_conformal_gated_cnn,0.05,0.2,1.8121510559201865,4.289156944252439,charge_bin_conformal95_budget0.20
"charge[1000,4000)",54,1.6018838397966602,False,65,phase_conformal_gated_cnn,0.05,0.2,1.8163449323929701,4.394630675323963,charge_bin_conformal95_budget0.20
"charge[14000,24000)",5884,1.7371161502681856,False,65,phase_conformal_gated_cnn,0.05,0.2,1.8163449323929701,4.394630675323963,charge_bin_conformal95_budget0.20
"charge[24000,40000)",3589,2.062518175671055,False,65,phase_conformal_gated_cnn,0.05,0.2,1.8163449323929701,4.394630675323963,charge_bin_conformal95_budget0.20
"charge[4000,8000)",267,1.7370931855441538,False,65,phase_conformal_gated_cnn,0.05,0.2,1.8163449323929701,4.394630675323963,charge_bin_conformal95_budget0.20
"charge[40000,80000)",30,4.958252887576313,False,65,phase_conformal_gated_cnn,0.05,0.2,1.8163449323929701,4.394630675323963,charge_bin_conformal95_budget0.20
"charge[8000,14000)",1438,1.610104862567296,False,65,phase_conformal_gated_cnn,0.05,0.2,1.8163449323929701,4.394630675323963,charge_bin_conformal95_budget0.20
