fold,heldout_runs,ap,auc
0,59 62,0.8445368837726832,0.8428032544378699
1,58 61,0.8339499623536109,0.8173927514792899
2,60,0.8539579158289656,0.8534023668639052
