{
  "study": "S10e",
  "ticket": "1781013102.1102.52b37a0b",
  "worker": "testbeam-laptop-1",
  "title": "translate threshold-scan tau_eff into pile-up separability limits",
  "reproduced": true,
  "reproduction": {
    "topology_checks_passed": 6,
    "topology_checks_total": 6,
    "s10b_live10_ns": 124.79018394263471,
    "combined_10pct_Rmax_MHz": 3.045111305987686
  },
  "traditional_method": "run-held-out median waveform template exponential tail crossing plus bounded two-pulse template fit",
  "ml_method": "run-held-out Ridge live-time regressor plus compact MLP two-pulse classifier/regressor",
  "thresholds": {
    "5pct": {
      "label": "5%",
      "traditional_tau_eff_ns": 141.0557117938371,
      "traditional_tau_eff_ci95_ns": [
        139.2598563585671,
        142.98075985134827
      ],
      "ml_tau_eff_ns": 124.75498010671699,
      "ml_tau_eff_ci95_ns": [
        122.58264663452314,
        126.79522914272805
      ],
      "combined_Rmax_MHz": 2.6939710215733546,
      "combined_Rmax_ci95_MHz": [
        2.6577002415924476,
        2.7287117044094438
      ],
      "combined_Rmax_vs_90ns_ratio": 0.6380457682673735
    },
    "10pct": {
      "label": "10%",
      "traditional_tau_eff_ns": 124.79018394263471,
      "traditional_tau_eff_ci95_ns": [
        123.33381704737772,
        126.29185469184856
      ],
      "ml_tau_eff_ns": 123.21520754849443,
      "ml_tau_eff_ci95_ns": [
        120.70371653447759,
        125.69832998487682
      ],
      "combined_Rmax_MHz": 3.045111305987686,
      "combined_Rmax_ci95_MHz": [
        3.0089034714645524,
        3.081068997110711
      ],
      "combined_Rmax_vs_90ns_ratio": 0.7212105724707678
    },
    "20pct": {
      "label": "20%",
      "traditional_tau_eff_ns": 101.86521002119034,
      "traditional_tau_eff_ci95_ns": [
        100.94179200771904,
        102.86034408128886
      ],
      "ml_tau_eff_ns": 119.1803543650311,
      "ml_tau_eff_ci95_ns": [
        115.67543280633839,
        122.46134962688893
      ],
      "combined_Rmax_MHz": 3.73041983539769,
      "combined_Rmax_ci95_MHz": [
        3.694329465782189,
        3.7645458084491037
      ],
      "combined_Rmax_vs_90ns_ratio": 0.8835204873310318
    },
    "noise_floor": {
      "label": "noise floor",
      "traditional_tau_eff_ns": 161.18335762759685,
      "traditional_tau_eff_ci95_ns": [
        158.89151702827075,
        163.58475111203617
      ],
      "ml_tau_eff_ns": 120.29899988935708,
      "ml_tau_eff_ci95_ns": [
        116.96681194888943,
        123.29863601946481
      ],
      "combined_Rmax_MHz": 2.3575634953452456,
      "combined_Rmax_ci95_MHz": [
        2.322954905128932,
        2.3915688332964216
      ],
      "combined_Rmax_vs_90ns_ratio": 0.5583703015291371
    }
  },
  "rmax_requirements": [
    {
      "threshold": "5pct",
      "label": "5%",
      "requirement": "timing_lt_1ns",
      "constraint_family": "timing",
      "mu_max": 0.425,
      "tau_eff_ns": 141.0557117938371,
      "tau_eff_ci95_low_ns": 139.2598563585671,
      "tau_eff_ci95_high_ns": 142.98075985134827,
      "Rmax_MHz": 3.0129939057070407,
      "Rmax_ci95_low_MHz": 2.972427901781027,
      "Rmax_ci95_high_MHz": 3.0518486167737198,
      "original_90ns_Rmax_MHz": 4.722222222222222,
      "original_report_Rmax_MHz": 4.72,
      "Rmax_vs_90ns_ratio": 0.6380457682673734
    },
    {
      "threshold": "5pct",
      "label": "5%",
      "requirement": "peak_amp_lt_10pct",
      "constraint_family": "amplitude",
      "mu_max": 0.385,
      "tau_eff_ns": 141.0557117938371,
      "tau_eff_ci95_low_ns": 139.2598563585671,
      "tau_eff_ci95_high_ns": 142.98075985134827,
      "Rmax_MHz": 2.72941800869932,
      "Rmax_ci95_low_MHz": 2.6926699816134008,
      "Rmax_ci95_high_MHz": 2.764615805783252,
      "original_90ns_Rmax_MHz": 4.277777777777778,
      "original_report_Rmax_MHz": 4.28,
      "Rmax_vs_90ns_ratio": 0.6380457682673735
    },
    {
      "threshold": "5pct",
      "label": "5%",
      "requirement": "charge_area_lt_20pct",
      "constraint_family": "charge",
      "mu_max": 0.445,
      "tau_eff_ns": 141.0557117938371,
      "tau_eff_ci95_low_ns": 139.2598563585671,
      "tau_eff_ci95_high_ns": 142.98075985134827,
      "Rmax_MHz": 3.154781854210902,
      "Rmax_ci95_low_MHz": 3.1123068618648397,
      "Rmax_ci95_high_MHz": 3.195465022268954,
      "original_90ns_Rmax_MHz": 4.944444444444445,
      "original_report_Rmax_MHz": 4.94,
      "Rmax_vs_90ns_ratio": 0.6380457682673734
    },
    {
      "threshold": "5pct",
      "label": "5%",
      "requirement": "combined_dt1ns_area20pct",
      "constraint_family": "combined",
      "mu_max": 0.38,
      "tau_eff_ns": 141.0557117938371,
      "tau_eff_ci95_low_ns": 139.2598563585671,
      "tau_eff_ci95_high_ns": 142.98075985134827,
      "Rmax_MHz": 2.6939710215733546,
      "Rmax_ci95_low_MHz": 2.6577002415924476,
      "Rmax_ci95_high_MHz": 2.7287117044094438,
      "original_90ns_Rmax_MHz": 4.222222222222222,
      "original_report_Rmax_MHz": 4.22,
      "Rmax_vs_90ns_ratio": 0.6380457682673735
    },
    {
      "threshold": "10pct",
      "label": "10%",
      "requirement": "timing_lt_1ns",
      "constraint_family": "timing",
      "mu_max": 0.425,
      "tau_eff_ns": 124.79018394263471,
      "tau_eff_ci95_low_ns": 123.33381704737772,
      "tau_eff_ci95_high_ns": 126.29185469184856,
      "Rmax_MHz": 3.40571659222307,
      "Rmax_ci95_low_MHz": 3.365220987822197,
      "Rmax_ci95_high_MHz": 3.4459324309790844,
      "original_90ns_Rmax_MHz": 4.722222222222222,
      "original_report_Rmax_MHz": 4.72,
      "Rmax_vs_90ns_ratio": 0.7212105724707678
    },
    {
      "threshold": "10pct",
      "label": "10%",
      "requirement": "peak_amp_lt_10pct",
      "constraint_family": "amplitude",
      "mu_max": 0.385,
      "tau_eff_ns": 124.79018394263471,
      "tau_eff_ci95_low_ns": 123.33381704737772,
      "tau_eff_ci95_high_ns": 126.29185469184856,
      "Rmax_MHz": 3.08517856001384,
      "Rmax_ci95_low_MHz": 3.0484943066154018,
      "Rmax_ci95_high_MHz": 3.1216093786516415,
      "original_90ns_Rmax_MHz": 4.277777777777778,
      "original_report_Rmax_MHz": 4.28,
      "Rmax_vs_90ns_ratio": 0.7212105724707678
    },
    {
      "threshold": "10pct",
      "label": "10%",
      "requirement": "charge_area_lt_20pct",
      "constraint_family": "charge",
      "mu_max": 0.445,
      "tau_eff_ns": 124.79018394263471,
      "tau_eff_ci95_low_ns": 123.33381704737772,
      "tau_eff_ci95_high_ns": 126.29185469184856,
      "Rmax_MHz": 3.5659856083276855,
      "Rmax_ci95_low_MHz": 3.5235843284255948,
      "Rmax_ci95_high_MHz": 3.608093957142806,
      "original_90ns_Rmax_MHz": 4.944444444444445,
      "original_report_Rmax_MHz": 4.94,
      "Rmax_vs_90ns_ratio": 0.7212105724707678
    },
    {
      "threshold": "10pct",
      "label": "10%",
      "requirement": "combined_dt1ns_area20pct",
      "constraint_family": "combined",
      "mu_max": 0.38,
      "tau_eff_ns": 124.79018394263471,
      "tau_eff_ci95_low_ns": 123.33381704737772,
      "tau_eff_ci95_high_ns": 126.29185469184856,
      "Rmax_MHz": 3.045111305987686,
      "Rmax_ci95_low_MHz": 3.0089034714645524,
      "Rmax_ci95_high_MHz": 3.081068997110711,
      "original_90ns_Rmax_MHz": 4.222222222222222,
      "original_report_Rmax_MHz": 4.22,
      "Rmax_vs_90ns_ratio": 0.7212105724707678
    },
    {
      "threshold": "20pct",
      "label": "20%",
      "requirement": "timing_lt_1ns",
      "constraint_family": "timing",
      "mu_max": 0.425,
      "tau_eff_ns": 101.86521002119034,
      "tau_eff_ci95_low_ns": 100.94179200771904,
      "tau_eff_ci95_high_ns": 102.86034408128886,
      "Rmax_MHz": 4.172180079063206,
      "Rmax_ci95_low_MHz": 4.131815849887974,
      "Rmax_ci95_high_MHz": 4.210347285765445,
      "original_90ns_Rmax_MHz": 4.722222222222222,
      "original_report_Rmax_MHz": 4.72,
      "Rmax_vs_90ns_ratio": 0.8835204873310318
    },
    {
      "threshold": "20pct",