fold,heldout_runs,ap,auc
0,59 62,0.8634363808010628,0.8455325443786982
1,58 61,0.835017341919623,0.8290199704142014
2,60,0.8857593861161495,0.8776331360946745
