method,task,family,metric,value,ci_low,ci_high,roc_auc,average_precision,brier,train_rows,heldout_rows,n_classes,note
residual_fusion_mlp_new_arch,physics_q_template_top_quartile,physics_proxy,balanced_accuracy,0.8913606958650232,0.8857805839198969,0.9006204073929915,0.9610282478940094,0.9166198567377843,0.0742007493026687,71018,10498,2,
latent_resid_gbt,physics_q_template_top_quartile,physics_proxy,balanced_accuracy,0.8025511361839768,0.7876951547910485,0.8212812415224751,0.8865950611290602,0.8036046754229951,0.1307857942008358,71018,10498,2,
latent_resid_mlp,physics_q_template_top_quartile,physics_proxy,balanced_accuracy,0.7786708591176509,0.7766416567359253,0.7821687696345203,0.8779422487086916,0.7895181768472482,0.12697403590155878,71018,10498,2,
waveform_1d_cnn,physics_q_template_top_quartile,physics_proxy,balanced_accuracy,0.7453432917994245,0.7392661552586475,0.7521628972737777,0.7885366504660243,0.6156887665409039,0.20053809526788008,71018,10498,2,
traditional_hand_pca_residualized,physics_q_template_top_quartile,physics_proxy,balanced_accuracy,0.7247578273655078,0.7050867986426577,0.737282208630631,0.8182678518617719,0.7120072564632569,0.16210614383153812,71018,10498,2,
latent_resid_ridge,physics_q_template_top_quartile,physics_proxy,balanced_accuracy,0.6983367371422513,0.6685897973445143,0.723794449079966,0.7798115536062704,0.6699615724228849,0.1786526115359928,71018,10498,2,
