split,rows,positives,positive_fraction
train,25493,6205,0.24340014906052643
heldout,9745,2077,0.21313494099538224
all,35238,8282,0.2350303649469323
