method,amp_bin,n,mean_bias_adc,std_adc,mae_adc,rmse_adc,median_bias_adc,q05_adc,q95_adc
adaptive_pc,1000-3000,42884,-439.6530441423375,1321.8188204994087,469.8063393106987,1393.0036076283363,-2.0,-3703.0,27.24274999999982
adaptive_pc,3000-7000,55404,-153.53925167857918,839.6824316466333,179.59383979496067,853.5971894911424,0.0,-666.6974999999999,35.0
adaptive_pc,7000-20000,9196,-380.62933177468466,1514.9971375617158,405.7439424749892,1562.0004566180992,-1.0,-2899.5,32.0
mean3,1000-3000,42884,-2.714656324665022e-15,844.6617645639946,299.8105120790971,844.6519162908772,0.6666666666669698,-1365.75,1004.666666666667
mean3,3000-7000,55404,8.404831552013199e-15,746.0633728387802,210.17576348278104,746.0566398705889,1.6666666666669698,-258.0,484.23333333333215
mean3,7000-20000,9196,1.2659343391358723e-14,800.0363846175879,225.87958532695376,799.9928842839985,4.66666666666697,-429.4166666666665,483.5
median3,1000-3000,42884,1.0559882473649846,969.8078614461996,344.2773761775954,969.7971289611518,0.0,-1525.6999999999998,1224.8499999999985
median3,3000-7000,55404,-55.1280593458956,845.7960712710556,208.8238574832142,847.5831435341518,0.0,-425.0,89.0
median3,7000-20000,9196,-85.660178338408,842.5527797291974,176.8641800782949,846.850433487853,0.0,-509.5,41.0
