method,n,mean_bias_adc,std_adc,mae_adc,rmse_adc,median_bias_adc,q05_adc,q95_adc
adaptive_pc,2562948,-209.34391880365905,957.0912816281565,231.4310980246186,979.7184495039962,-1.0,-1139.0,27.0
mean3,2562948,-3.4157666099294636e-14,634.3523637741299,184.6929751728608,634.3522400196828,3.0,-345.0,354.33333333333303
median3,2562948,-32.932192927831544,712.9857837821193,184.81564510867955,713.7457942861198,0.0,-427.0,85.0
