{
  "conclusion": "Tagged random-trigger ROOT is not visible; fallback pre-trigger benchmark cannot confirm adaptive zero-bias on true no-pulse samples.",
  "fallback_scope": "beam-trigger pre-trigger pedestal closure; no quiet-event amplitude selection; not tagged-random truth",
  "git_commit": "d5ff1b2c9bec9f85739cb5ad3371f137e3502b12",
  "leakage_checks_pass_except_expected_missing_tag_gate": true,
  "next_tickets": [
    "S16h: add or mirror actual forced/random HRD pedestal ROOT files and rerun S16g without fallback.",
    "S16i: compare adaptive-pedestal bias before and after future tagged-random ingest using identical input hashes."
  ],
  "primary_results": {
    "adaptive_pc_excluding_target": {
      "mae_adc": 265.90586140542223,
      "mae_ci_high_adc": 311.4067601223964,
      "mae_ci_low_adc": 226.90502859429031,
      "mean_bias_adc": -242.32131734185103,
      "mean_bias_ci_high_adc": -210.23248673275555,
      "mean_bias_ci_low_adc": -285.9689618297869,
      "method": "traditional_adaptive_pc_excluding_target",
      "n_records": 320900,
      "n_runs": 33,
      "rmse_adc": 1055.5392457291373,
      "rmse_ci_high_adc": 1163.7443600144532,
      "rmse_ci_low_adc": 962.6941086697042,
      "timing_shift_tail_ci_high": 0.09244830144419391,
      "timing_shift_tail_ci_low": 0.06486206285516433,
      "timing_shift_tail_fraction_abs_gt0p5ns": 0.07816142100342786
    },
    "best_method": {
      "mae_adc": 207.79350784252628,
      "mae_ci_high_adc": 235.78806142787784,
      "mae_ci_low_adc": 172.48546116183968,
      "mean_bias_adc": 2.7208317659769744e-15,
      "mean_bias_ci_high_adc": 2.343551092308887,
      "mean_bias_ci_low_adc": -2.512728261234974,
      "method": "traditional_mean3",
      "n_records": 320900,
      "n_runs": 33,
      "rmse_adc": 683.2580105086264,
      "rmse_ci_high_adc": 738.0572423513358,
      "rmse_ci_low_adc": 617.3470281167105,
      "timing_shift_tail_ci_high": 0.12362090909090902,
      "timing_shift_tail_ci_low": 0.08077959306491404,
      "timing_shift_tail_fraction_abs_gt0p5ns": 0.1030258647553755
    },
    "ml": {
      "mae_adc": 279.6925755244257,
      "mae_ci_high_adc": 304.246461573692,
      "mae_ci_low_adc": 251.59911326416508,
      "mean_bias_adc": 0.09476647108731415,
      "mean_bias_ci_high_adc": 4.433892266631313,
      "mean_bias_ci_low_adc": -3.128290765245716,
      "method": "ml_ridge_waveform_no_target",
      "n_records": 320900,
      "n_runs": 33,
      "rmse_adc": 627.150286632776,
      "rmse_ci_high_adc": 683.0529150336118,
      "rmse_ci_low_adc": 566.6363796147232,
      "timing_shift_tail_ci_high": 0.6014124545175701,
      "timing_shift_tail_ci_low": 0.515056420538716,
      "timing_shift_tail_fraction_abs_gt0p5ns": 0.5556559675911499
    },
    "ml_shuffled_target_control": {
      "mae_adc": 461.02672704033074,
      "mae_ci_high_adc": 494.41898598945346,
      "mae_ci_low_adc": 429.6342330737916,
      "mean_bias_adc": -0.10630571879561398,
      "mean_bias_ci_high_adc": 44.70542220609743,
      "mean_bias_ci_low_adc": -40.80384270914109,
      "method": "ml_shuffled_target_control",
      "n_records": 320900,
      "n_runs": 33,
      "rmse_adc": 1019.4786621731699,
      "rmse_ci_high_adc": 1109.4664087739832,
      "rmse_ci_low_adc": 913.6550580302976,
      "timing_shift_tail_ci_high": 0.825048120093248,
      "timing_shift_tail_ci_low": 0.789838677099169,
      "timing_shift_tail_fraction_abs_gt0p5ns": 0.8074727329386101
    },
    "traditional": {
      "mae_adc": 238.04614393684608,
      "mae_ci_high_adc": 261.56311375756553,
      "mae_ci_low_adc": 209.68076758439793,
      "mean_bias_adc": -0.16210023390703807,
      "mean_bias_ci_high_adc": 6.928110734023717,
      "mean_bias_ci_low_adc": -6.616615286578189,
      "method": "traditional_run_train_stratified_offset",
      "n_records": 320900,
      "n_runs": 33,
      "rmse_adc": 678.3530678080868,
      "rmse_ci_high_adc": 736.715794119157,
      "rmse_ci_low_adc": 613.8194190523898,
      "timing_shift_tail_ci_high": 0.3055664161548797,
      "timing_shift_tail_ci_low": 0.2707922917750796,
      "timing_shift_tail_fraction_abs_gt0p5ns": 0.2889619754696631
    }
  },
  "raw_reproduction": {
    "expected_selected_pulses": 640737,
    "selected_b_stave_pulses": 640737,
    "selected_pass": true
  },
  "runtime_sec": 72.63,
  "sampled_records": {
    "beam_base_records": 80225,
    "max_beam_pulses_per_run": 2500,
    "runs": 33,
    "target_records": 320900
  },
  "split_by_run": {
    "heldout_scheme": "leave_one_run_out",
    "runs": [
      31,
      32,
      33,
      34,
      35,
      36,
      37,
      39,
      40,
      41,
      42,
      44,
      45,
      46,
      47,
      48,
      49,
      50,
      51,
      52,
      53,
      54,
      55,
      56,
      57,
      58,
      59,
      60,
      61,
      62,
      63,
      64,
      65
    ]
  },
  "study": "S16g",
  "tagged_random_audit": {
    "candidate_score": 0,
    "filename_tag_matches": 0,
    "gate_pass": false,
    "non_beam_trigger_entries": 0,
    "tag_like_branch_files": 0
  },
  "ticket": "1781014767.1817.342d2609",
  "worker": "testbeam-laptop-1"
}
