method,mean_sigma68_ns,median_sigma68_ns,min_sigma68_ns,max_sigma68_ns,n_heldout_runs
analytic_timewalk,1.496403819440369,1.4587081303487366,1.1874833645739167,2.1299643935400336,7
mlp_waveform,1.8054683124483721,1.7433121670592193,1.6069555789252101,2.1136738442212386,7
s02_ridge_cfd20,1.9054928392097812,1.860012408395748,1.7698393506968229,2.2424329131323475,7
template_phase,2.8102293063017076,2.878716689818031,2.6428031039120548,2.9923192689628024,7
cfd20_reference,3.141014822346903,3.138618995026782,2.9140833320178547,3.4035141628299086,7
