{
  "study": "P04q",
  "ticket_id": "1781049810.1208.59835a9a",
  "worker": "testbeam-laptop-3",
  "title": "pathology-tail charge uncertainty propagation",
  "winner": "strong_traditional_huber",
  "winner_selection": "real methods only; coverage90>=0.84 and abstention_coverage>=0.50, then min retained_charge_res68_abs_frac, charge_res68_abs_frac, proxy_abs68, abs bias",
  "raw_reproduction": [
    {
      "quantity": "median_first_four_selected",
      "report_value": 640737,
      "reproduced": 640737,
      "delta": 0,
      "tolerance": 0,
      "pass": true
    },
    {
      "quantity": "dynamic_range_selected",
      "report_value": 706373,
      "reproduced": 706373,
      "delta": 0,
      "tolerance": 0,
      "pass": true
    },
    {
      "quantity": "dynamic_only",
      "report_value": 65636,
      "reproduced": 65636,
      "delta": 0,
      "tolerance": 0,
      "pass": true
    },
    {
      "quantity": "median_only",
      "report_value": 0,
      "reproduced": 0,
      "delta": 0,
      "tolerance": 0,
      "pass": true
    }
  ],
  "methods": [
    "strong_traditional_huber",
    "ridge",
    "gradient_boosted_trees",
    "mlp",
    "cnn_1d",
    "wavegate_interval_net",
    "shuffled_target_gbt"
  ],
  "method_summary": [
    {
      "method": "strong_traditional_huber",
      "n": 153148,
      "bias_median_frac": 0.0009310888607346484,
      "charge_res68_abs_frac": 0.032160722917524975,
      "charge_full_rms_frac": 11.378610301065194,
      "within_25pct": 0.8499882466633584,
      "coverage68": 0.6651604983414736,
      "coverage90": 0.8835440227753546,
      "mean_width90_frac": 1.118213565688257,
      "abstention_coverage": 0.5047731606028156,
      "retained_coverage90": 0.8902399586055236,
      "retained_charge_res68_abs_frac": 0.016410763821699075,
      "bias_median_frac_ci95": [
        -0.00019976540035949165,
        0.0023742362994949567
      ],
      "charge_res68_abs_frac_ci95": [
        0.020560976303247054,
        0.04636503067254747
      ],
      "charge_full_rms_frac_ci95": [
        0.6885580458375634,
        23.11328275719122
      ],
      "coverage90_ci95": [
        0.8625382735576984,
        0.9103582131650874
      ],
      "mean_width90_frac_ci95": [
        0.8625683570835135,
        1.3127105408848505
      ],
      "abstention_coverage_ci95": [
        0.29145655971371376,
        0.6796995655450049
      ],
      "retained_coverage90_ci95": [
        0.8617812281335477,
        0.9318410940180184
      ],
      "retained_charge_res68_abs_frac_ci95": [
        0.010949872069220603,
        0.02120942350618847
      ],
      "method_family": "traditional",
      "proxy_abs68": 0.0656083598557149,
      "primary_rank": 1
    },
    {
      "method": "gradient_boosted_trees",
      "n": 153148,
      "bias_median_frac": 0.00291963945605752,
      "charge_res68_abs_frac": 0.02800190287443938,
      "charge_full_rms_frac": 0.11691378726868709,
      "within_25pct": 0.9755008227335649,
      "coverage68": 0.667896413926398,
      "coverage90": 0.8908767989134693,
      "mean_width90_frac": 0.17230227972014822,
      "abstention_coverage": 0.571786768354794,
      "retained_coverage90": 0.886008587611913,
      "retained_charge_res68_abs_frac": 0.018486004480165116,
      "bias_median_frac_ci95": [
        0.0016620845164558506,
        0.004373670151593267
      ],
      "charge_res68_abs_frac_ci95": [
        0.022350100551509742,
        0.03243074054586971
      ],
      "charge_full_rms_frac_ci95": [
        0.08845769468608845,
        0.14155776022479855
      ],
      "coverage90_ci95": [
        0.8710051171498053,
        0.9116169808511267
      ],
      "mean_width90_frac_ci95": [
        0.14317289980638012,
        0.19259724502538128
      ],
      "abstention_coverage_ci95": [
        0.3751872011091911,
        0.7420229418701239
      ],
      "retained_coverage90_ci95": [
        0.8556174994616318,
        0.9204305803530154
      ],
      "retained_charge_res68_abs_frac_ci95": [
        0.016532826464575354,
        0.021000734258357672
      ],
      "method_family": "ml_nn",
      "proxy_abs68": 0.042444943722789785,
      "primary_rank": 2
    },
    {
      "method": "mlp",
      "n": 153148,
      "bias_median_frac": -0.014244742813508736,
      "charge_res68_abs_frac": 0.09476400129679498,
      "charge_full_rms_frac": 66740.5341387103,
      "within_25pct": 0.8381043173923264,
      "coverage68": 0.6150521064591115,
      "coverage90": 0.8221067202967065,
      "mean_width90_frac": 0.37269319435772574,
      "abstention_coverage": 0.5245057068979027,
      "retained_coverage90": 0.8802893174150659,
      "retained_charge_res68_abs_frac": 0.06981708921604088,
      "bias_median_frac_ci95": [
        -0.059074330567746774,
        -0.0005490043658393595
      ],
      "charge_res68_abs_frac_ci95": [
        0.054795657281406146,
        0.2916364562313793
      ],
      "charge_full_rms_frac_ci95": [
        0.20015254110999467,
        145016.7739109035
      ],
      "coverage90_ci95": [
        0.666085149980014,
        0.8969531511783759
      ],
      "mean_width90_frac_ci95": [
        0.24338230907930955,
        0.5370000052915822
      ],
      "abstention_coverage_ci95": [
        0.3279060828150422,
        0.6597741139478164
      ],
      "retained_coverage90_ci95": [
        0.8646936292090918,
        0.8881417167366794
      ],
      "retained_charge_res68_abs_frac_ci95": [
        0.038515268822763814,
        0.3484909363554216
      ],
      "method_family": "ml_nn",
      "proxy_abs68": 0.19085903959761952,
      "primary_rank": 3
    },
    {
      "method": "ridge",
      "n": 153148,
      "bias_median_frac": 0.013822248174155467,
      "charge_res68_abs_frac": 0.10754822941637383,
      "charge_full_rms_frac": 34.08390317271104,
      "within_25pct": 0.879456473476637,
      "coverage68": 0.663586857157782,
      "coverage90": 0.8801029069919294,
      "mean_width90_frac": 0.660274648032411,
      "abstention_coverage": 0.4758468932013477,
      "retained_coverage90": 0.881180102915952,
      "retained_charge_res68_abs_frac": 0.07863846884246938,
      "bias_median_frac_ci95": [
        -1.8691245158673067e-05,
        0.02847574075960246
      ],
      "charge_res68_abs_frac_ci95": [
        0.09823424783841264,
        0.11707229628905017
      ],
      "charge_full_rms_frac_ci95": [
        0.3535732163312526,
        60.717353020393745
      ],
      "coverage90_ci95": [
        0.8593271736246865,
        0.9042446610030056
      ],
      "mean_width90_frac_ci95": [
        0.5853675742861344,
        0.7327950194611366
      ],
      "abstention_coverage_ci95": [
        0.31032501160634773,
        0.6184369657329273
      ],
      "retained_coverage90_ci95": [
        0.8431532606012387,
        0.9146618785117117
      ],
      "retained_charge_res68_abs_frac_ci95": [
        0.0752346052436417,
        0.0822866390662495
      ],
      "method_family": "ml_nn",
      "proxy_abs68": 0.1684456627472659,
      "primary_rank": 4
    },
    {
      "method": "wavegate_interval_net",
      "n": 153148,
      "bias_median_frac": -0.008354496029129,
      "charge_res68_abs_frac": 0.43834721164220003,
      "charge_full_rms_frac": 97.6729382014844,
      "within_25pct": 0.5410322041423982,
      "coverage68": 0.6182646851411706,
      "coverage90": 0.8058609972053178,
      "mean_width90_frac": 22.07764492854378,
      "abstention_coverage": 0.543271867735785,
      "retained_coverage90": 0.8981983389622721,
      "retained_charge_res68_abs_frac": 0.2823664213255618,
      "bias_median_frac_ci95": [
        -0.10537672900543311,
        4.232769051406765
      ],
      "charge_res68_abs_frac_ci95": [
        0.23070276848742235,
        8.107202840033851
      ],
      "charge_full_rms_frac_ci95": [
        0.507210356222623,
        161.68444457511055
      ],