flag,n_flagged,gross_rate_flagged,gross_rate_unflagged,enrichment,auc_as_score
any_early_peak,141,0.028368794326241134,0.0391304347826087,0.7249802994483845,0.4726016643115089
b2_early_peak,60,0.03333333333333333,0.036968576709796676,0.9016666666666666,0.49536818966870777
early_low_area_count>0,83,0.012048192771084338,0.04054054054054054,0.2971887550200803,0.4519155283403988
