method,target,value
traditional,manual_flag,0.23351738179334633
traditional,peak_group,0.16831603092836583
ml,manual_flag,0.19954566136552496
ml,peak_group,0.20677296961518257
