target,method,subset,n,bias_median_frac,res68_abs_frac,full_rms_frac,within_10pct
duplicate_odd_charge,integral_calibrated,p04_heldout_runs_57_65,26857,-0.09118454757895778,0.19541229087486034,1.6637384425713841,0.40332129426220353
duplicate_odd_charge,ml_hgb,p04_heldout_runs_57_65,26857,0.0005985509781717457,0.015071920234387479,0.04677350198446196,0.9692445172580705
