{
  "study": "S10g_censored_livetime",
  "ticket": "1781028280.978.1e517fd7",
  "worker": "testbeam-laptop-2",
  "title": "censored live-time estimator for low-threshold pile-up windows",
  "reproduced_first": true,
  "traditional_method": "Kaplan-Meier restricted mean plus censored exponential MLE on run-held-out pulse live-times",
  "ml_method": "run-held-out IPCW Ridge AFT regressor trained on uncensored pulses only",
  "thresholds": {
    "5pct": {
      "target": "5pct",
      "label": "5%",
      "template_exponential_cross_ns": 141.0557117938371,
      "template_ci95_low_ns": 139.2608060119394,
      "template_ci95_high_ns": 142.95621711047474,
      "naive_last_above_mean_ns": 124.87810615613061,
      "naive_ci95_low_ns": 122.46040878395439,
      "naive_ci95_high_ns": 126.95466241796757,
      "km_restricted_mean_ns": 156.9025875835712,
      "km_ci95_low_ns": 154.37211045107603,
      "km_ci95_high_ns": 159.1934931419227,
      "censored_weibull_mean_ns": 2832.9805505812233,
      "weibull_ci95_low_ns": 2030.4246954846883,
      "weibull_ci95_high_ns": 3646.838929815533,
      "ml_ipcw_mean_ns": 192.59764957922658,
      "ml_ipcw_ci95_low_ns": 187.739433492172,
      "ml_ipcw_ci95_high_ns": 197.669336498805,
      "censored_fraction": 0.9352692958384735,
      "uncensored_tail_excess_over_km_ns": 2275.7755976138524,
      "weibull_minus_template_ns": 2691.9248387873863,
      "ml_minus_weibull_ns": -2640.3829010019967
    },
    "10pct": {
      "target": "10pct",
      "label": "10%",
      "template_exponential_cross_ns": 124.79018394263471,
      "template_ci95_low_ns": 123.34907890309188,
      "template_ci95_high_ns": 126.3128510727213,
      "naive_last_above_mean_ns": 123.25552601769239,
      "naive_ci95_low_ns": 120.51288847149306,
      "naive_ci95_high_ns": 125.75195299157802,
      "km_restricted_mean_ns": 151.6379100027044,
      "km_ci95_low_ns": 148.07736550617358,
      "km_ci95_high_ns": 154.93822192563576,
      "censored_weibull_mean_ns": 1357.2395240902038,
      "weibull_ci95_low_ns": 934.5821436453239,
      "weibull_ci95_high_ns": 1801.0678371308938,
      "ml_ipcw_mean_ns": 179.0489111795885,
      "ml_ipcw_ci95_low_ns": 172.84015384640838,
      "ml_ipcw_ci95_high_ns": 185.25607562492496,
      "censored_fraction": 0.8630373869324725,
      "uncensored_tail_excess_over_km_ns": 1205.6016140874992,
      "weibull_minus_template_ns": 1232.449340147569,
      "ml_minus_weibull_ns": -1178.1906129106153
    },
    "20pct": {
      "target": "20pct",
      "label": "20%",
      "template_exponential_cross_ns": 101.86521002119034,
      "template_ci95_low_ns": 100.90676316079998,
      "template_ci95_high_ns": 102.84904960671787,
      "naive_last_above_mean_ns": 119.03002446807481,
      "naive_ci95_low_ns": 115.34995250388468,
      "naive_ci95_high_ns": 122.6241306189329,
      "km_restricted_mean_ns": 141.66904250389638,
      "km_ci95_low_ns": 136.08042503059986,
      "km_ci95_high_ns": 147.27502278107352,
      "censored_weibull_mean_ns": 690.8921557678568,
      "weibull_ci95_low_ns": 468.44338711366385,
      "weibull_ci95_high_ns": 920.7977049285298,
      "ml_ipcw_mean_ns": 127.37723943156972,
      "ml_ipcw_ci95_low_ns": 119.62269018032673,
      "ml_ipcw_ci95_high_ns": 135.5748945830021,
      "censored_fraction": 0.7388853651837736,
      "uncensored_tail_excess_over_km_ns": 549.2231132639605,
      "weibull_minus_template_ns": 589.0269457466665,
      "ml_minus_weibull_ns": -563.5149163362871
    },
    "noise_floor": {
      "target": "noise_floor",
      "label": "noise floor",
      "template_exponential_cross_ns": 161.18335762759685,
      "template_ci95_low_ns": 158.95884149353788,
      "template_ci95_high_ns": 163.5877869164058,
      "naive_last_above_mean_ns": 120.37181019387366,
      "naive_ci95_low_ns": 116.58257853660167,
      "naive_ci95_high_ns": 123.94068719888229,
      "km_restricted_mean_ns": 148.33041209066135,
      "km_ci95_low_ns": 143.15866129971513,
      "km_ci95_high_ns": 153.52698207625104,
      "censored_weibull_mean_ns": 2250.2852529798265,
      "weibull_ci95_low_ns": 1614.6659463471394,
      "weibull_ci95_high_ns": 2865.2378603374104,
      "ml_ipcw_mean_ns": 405.676978937126,
      "ml_ipcw_ci95_low_ns": 393.6345305626292,
      "ml_ipcw_ci95_high_ns": 418.1219131816349,
      "censored_fraction": 0.9235921476515753,
      "uncensored_tail_excess_over_km_ns": 2101.9548408891646,
      "weibull_minus_template_ns": 2089.10189535223,
      "ml_minus_weibull_ns": -1844.6082740427005
    }
  },
  "leakage_flags": 0,
  "next_tickets": [],
  "follow_up_ticket_status": "skipped: censored low-threshold live-time follow-ups overlap existing S10/S10d/S10g queue lines; no non-duplicative ticket appended",
  "input_sha256": {
    "hrdb_run_0044.root": "0ac6d667ebf7c1b47d037dde649e5977cdc6012d80abb6a311516bc67d03ad50",
    "hrdb_run_0045.root": "b7bf2921edc3f776390cf50efe6901cb99f9807d7ae04ab5d8925348b74eb96b",
    "hrdb_run_0046.root": "7a1f8b5c0e478739401425f3e80bb5469433064137ccbd30266f8e42da135bf3",
    "hrdb_run_0047.root": "f73d9328de01147826d0c142caa38baa7d6577ce88b6c6566b57039919015bc3",
    "hrdb_run_0048.root": "73de7b2c54394585869fce573aeeae1075af130741524484dd79a6823183eaf8",
    "hrdb_run_0049.root": "78de20d813d501dfc9881ec9ee7e8297a9c26929d6ed71400238ca4f29664744",
    "hrdb_run_0050.root": "5fa46e1f0ab4eb605501ccf952bfca46eb46be2dffd66672beadd01305dfe799",
    "hrdb_run_0051.root": "6ffc099d12f495df759033caef8c53c05aa24acada928392afe796f3a72c011e",
    "hrdb_run_0052.root": "3305bb0a1604afe6c83783d0e5d576d729c217c203eedf3bc44f304dab5fe0af",
    "hrdb_run_0053.root": "62307716ee4b31dc7ab0b114401e684508d6f18beb59721a50a9aeddf4feb43c",
    "hrdb_run_0054.root": "445650d124d7758e8d3a69d2c3e215e9b95f3acccc213fd9c14bbabacc763e5c",
    "hrdb_run_0055.root": "134da5c9a3acb056d5bbed66f057110c506c43d3e0524936906002e56d74007c",
    "hrdb_run_0056.root": "4f99f5168a4c02c6d6c2984a53ce979dbfce7ce2790fed220d6957194135d3cb",
    "hrdb_run_0057.root": "ed7c738068ecb1f6b71ce76da170fc280262a84571fe2ba6129e5015b0b4de16"
  },
  "git_commit": "62351f24e29045f2efe6039bed952689a08957c6",
  "runtime_sec": 82.78
}