{
  "study": "S13d",
  "ticket": "1781036493.3324.58306cd1",
  "worker": "testbeam-laptop-4",
  "title": "CWoLa topology calibration bridge",
  "reproduced": true,
  "reproduction": {
    "metric": "S13b downstream-topology high/low ratio from raw ROOT",
    "value": 1.4449743989548876,
    "expected": 1.4449743989548876,
    "pass": true
  },
  "split": "by S13b-compatible run blocks, A_to_B and B_to_A, with pooled run-block bootstrap CIs",
  "traditional": {
    "method": "smoothed matched-stratum downstream probability",
    "metric": "Brier score to B2 downstream-event topology label",
    "value": 0.02741143349786155,
    "ci": [
      0.021966149537758863,
      0.03339694096972437
    ],
    "ece": 0.0012854868692998226,
    "abs_delta_error": 0.014988056218356534
  },
  "ml_methods": [
    {
      "method": "gradient_boosted_trees",
      "n_eval": 32559,
      "brier": 0.024045406377713848,
      "log_loss": 0.11566623799213437,
      "ece_10bin": 0.017451478970206574,
      "auc": 0.7941737364923476,
      "calibration_slope": 0.539997250123578,
      "calibration_intercept": -0.8977509958079227,
      "true_high_minus_low_downstream": 0.013817214789343817,
      "pred_high_minus_low_downstream": 0.005706904898853071,
      "abs_delta_error": 0.008110309890490747,
      "pred_high_over_low": 1.2826644687953646,
      "true_high_over_low": 1.8601893520816983,
      "brier_ci_low": 0.018840587196808135,
      "brier_ci_high": 0.029273508760040895,
      "log_loss_ci_low": 0.08949866710648477,
      "log_loss_ci_high": 0.14180397321292318,
      "ece_10bin_ci_low": 0.01241182061881424,
      "ece_10bin_ci_high": 0.022905347740787663,
      "auc_ci_low": 0.7708511104513741,
      "auc_ci_high": 0.8286507819024449,
      "abs_delta_error_ci_low": 0.004732528419559826,
      "abs_delta_error_ci_high": 0.009937813116034257,
      "pred_high_minus_low_downstream_ci_low": -0.001177004055300714,
      "pred_high_minus_low_downstream_ci_high": 0.016472975612325032,
      "pred_high_over_low_ci_low": 0.9458582887632903,
      "pred_high_over_low_ci_high": 2.208983468599289
    },
    {
      "method": "hybrid_cnn_score_gate",
      "n_eval": 32559,
      "brier": 0.025493299817437896,
      "log_loss": 0.1192032607805467,
      "ece_10bin": 0.0018534066458418563,
      "auc": 0.6943172656662902,
      "calibration_slope": 0.7804025498605944,
      "calibration_intercept": -0.6580172295809114,
      "true_high_minus_low_downstream": 0.013817214789343817,
      "pred_high_minus_low_downstream": 0.0031757387686214555,
      "abs_delta_error": 0.010641476020722362,
      "pred_high_over_low": 1.1295095798271402,
      "true_high_over_low": 1.8601893520816983,
      "brier_ci_low": 0.020622461467900834,
      "brier_ci_high": 0.030388696187957726,
      "log_loss_ci_low": 0.0997760979001373,
      "log_loss_ci_high": 0.1398217210111615,
      "ece_10bin_ci_low": 0.0008003115708483278,
      "ece_10bin_ci_high": 0.005858964219549928,
      "auc_ci_low": 0.669231490148871,
      "auc_ci_high": 0.7136076555141606,
      "abs_delta_error_ci_low": 0.006311317080677616,
      "abs_delta_error_ci_high": 0.01416232524081618,
      "pred_high_minus_low_downstream_ci_low": -0.0010633911646380648,
      "pred_high_minus_low_downstream_ci_high": 0.012133551304795301,
      "pred_high_over_low_ci_low": 0.9586864546065238,
      "pred_high_over_low_ci_high": 1.6681733869516775
    },
    {
      "method": "cnn1d",
      "n_eval": 32559,
      "brier": 0.025747070419015725,
      "log_loss": 0.11726940083964632,
      "ece_10bin": 0.001420912160151115,
      "auc": 0.6693268371138706,
      "calibration_slope": 0.8952611932819512,
      "calibration_intercept": -0.3523969530530103,
      "true_high_minus_low_downstream": 0.013817214789343817,
      "pred_high_minus_low_downstream": 0.003504422276457888,
      "abs_delta_error": 0.01031279251288593,
      "pred_high_over_low": 1.135194524289128,
      "true_high_over_low": 1.8601893520816983,
      "brier_ci_low": 0.020475110664714535,
      "brier_ci_high": 0.030999094853360876,
      "log_loss_ci_low": 0.09752607670523013,
      "log_loss_ci_high": 0.13675258887954037,
      "ece_10bin_ci_low": 0.0007693653760985786,
      "ece_10bin_ci_high": 0.0057751817384543245,
      "auc_ci_low": 0.6449721387692224,
      "auc_ci_high": 0.686912423112192,
      "abs_delta_error_ci_low": 0.005713682609774297,
      "abs_delta_error_ci_high": 0.014161859925689071,
      "pred_high_minus_low_downstream_ci_low": -0.0005889789660445619,
      "pred_high_minus_low_downstream_ci_high": 0.012142878545847892,
      "pred_high_over_low_ci_low": 0.9787224751067801,
      "pred_high_over_low_ci_high": 1.625767431647441
    },
    {
      "method": "ridge",
      "n_eval": 32559,
      "brier": 0.02587869705992581,
      "log_loss": 0.11507766771101195,
      "ece_10bin": 0.00560486987065117,
      "auc": 0.7346843906620787,
      "calibration_slope": 0.8391870172238176,
      "calibration_intercept": -0.45009247702004845,
      "true_high_minus_low_downstream": 0.013817214789343817,
      "pred_high_minus_low_downstream": 0.005655822608940694,
      "abs_delta_error": 0.008161392180403123,
      "pred_high_over_low": 1.2515323572083483,
      "true_high_over_low": 1.8601893520816983,
      "brier_ci_low": 0.020703952940318605,
      "brier_ci_high": 0.031511844111731774,
      "log_loss_ci_low": 0.09552078637965364,
      "log_loss_ci_high": 0.1358418906884743,
      "ece_10bin_ci_low": 0.0017731394608464022,
      "ece_10bin_ci_high": 0.01022139284922148,
      "auc_ci_low": 0.7218893531902404,
      "auc_ci_high": 0.7494328068870506,
      "abs_delta_error_ci_low": 0.00506796787540921,
      "abs_delta_error_ci_high": 0.013343559417929755,
      "pred_high_minus_low_downstream_ci_low": 0.001435149360955624,
      "pred_high_minus_low_downstream_ci_high": 0.010609777538665119,
      "pred_high_over_low_ci_low": 1.0630600311388343,
      "pred_high_over_low_ci_high": 1.482908524290899
    },
    {
      "method": "amplitude_only_ridge_control",
      "n_eval": 32559,
      "brier": 0.026124212106564584,
      "log_loss": 0.12044718825694051,
      "ece_10bin": 0.0015314198700885195,
      "auc": 0.6246429297035455,
      "calibration_slope": 0.8999955114349435,
      "calibration_intercept": -0.37570364326556094,
      "true_high_minus_low_downstream": 0.013817214789343817,
      "pred_high_minus_low_downstream": 0.0026274130624561673,
      "abs_delta_error": 0.01118980172688765,
      "pred_high_over_low": 1.0955336956830912,
      "true_high_over_low": 1.8601893520816983,
      "brier_ci_low": 0.020966342300949303,
      "brier_ci_high": 0.03194418715813867,
      "log_loss_ci_low": 0.10116331711803214,
      "log_loss_ci_high": 0.14246866238559075,
      "ece_10bin_ci_low": 0.0008388478407519236,
      "ece_10bin_ci_high": 0.005825586102423746,
      "auc_ci_low": 0.5975853254650922,
      "auc_ci_high": 0.6539494832250696,
      "abs_delta_error_ci_low": 0.006972646280353623,
      "abs_delta_error_ci_high": 0.017985275949762243,
      "pred_high_minus_low_downstream_ci_low": -0.00023599914893252492,
      "pred_high_minus_low_downstream_ci_high": 0.005824161872828425,
      "pred_high_over_low_ci_low": 0.9914295883436797,
      "pred_high_over_low_ci_high": 1.212309176623581
    },
    {
      "method": "mlp",
      "n_eval": 32559,
      "brier": 0.026498334542438648,
      "log_loss": 0.12356958394313204,
      "ece_10bin": 0.007325469210683749,
      "auc": 0.6987975369134575,
      "calibration_slope": 0.6227866770241639,
      "calibration_intercept": -1.2621208752526833,
      "true_high_minus_low_downstream": 0.013817214789343817,
      "pred_high_minus_low_downstream": -0.0007551211155284593,
      "abs_delta_error": 0.014572335904872277,
      "pred_high_over_low": 0.9779560160008279,
      "true_high_over_low": 1.8601893520816983,
      "brier_ci_low": 0.0210890054781755,
      "brier_ci_high": 0.03205340508400487,