group,runs,n_train,n_test,best_C,ml_auc,ml_auc_ci95,ml_ap,ml_ap_ci95,ml_brier,traditional_auc,traditional_auc_ci95,traditional_ap,traditional_ap_ci95
low_2nA,46 47,3000,3000,10.0,0.9862461931427449,"[0.9811750278640357, 0.9902810696884536]",0.981988761253344,"[0.9705913703700246, 0.9919487442088007]",0.034556860298813316,0.9132189909222207,"[0.9031713594402295, 0.923724491399325]",0.9275939578992292,"[0.9184852792701184, 0.9366123914279211]"
high_20nA,44 45 48 49 50 51 52 53 54 55 56 57,3000,3000,0.1,0.9664927548599085,"[0.9603528626855902, 0.9723836703609037]",0.9678275694838565,"[0.9611134843600949, 0.9739118559658708]",0.06612487920540752,0.9109345326270194,"[0.8996197497789105, 0.9203749181984636]",0.9306096953942318,"[0.9206235430034918, 0.9383664868808124]"
